timestamp, index, power.draw [W], temperature.gpu, clocks.current.sm [MHz], clocks.current.memory [MHz], utilization.gpu [%], utilization.memory [%]
2026/03/23 23:11:49.223, 0, 244.62 W, 33, 2032 MHz, 3996 MHz, 0 %, 0 %
2026/03/23 23:11:49.226, 1, 186.53 W, 35, 240 MHz, 3996 MHz, 0 %, 0 %
2026/03/23 23:11:49.232, 2, 214.61 W, 32, 352 MHz, 3996 MHz, 0 %, 0 %
2026/03/23 23:11:49.236, 3, 201.73 W, 36, 727 MHz, 3996 MHz, 0 %, 0 %
2026/03/23 23:11:49.241, 4, 178.99 W, 26, 120 MHz, 3996 MHz, 0 %, 0 %
2026/03/23 23:11:49.249, 5, 180.58 W, 28, 120 MHz, 3996 MHz, 0 %, 0 %
2026/03/23 23:11:49.256, 6, 178.37 W, 27, 120 MHz, 3996 MHz, 0 %, 0 %
2026/03/23 23:11:49.263, 7, 176.58 W, 27, 120 MHz, 3996 MHz, 0 %, 0 %
2026/03/23 23:11:50.271, 0, 218.82 W, 32, 900 MHz, 3996 MHz, 0 %, 0 %
2026/03/23 23:11:50.271, 1, 184.95 W, 35, 150 MHz, 3996 MHz, 0 %, 0 %
2026/03/23 23:11:50.271, 2, 185.46 W, 32, 225 MHz, 3996 MHz, 0 %, 0 %
2026/03/23 23:11:50.271, 3, 189.93 W, 35, 457 MHz, 3996 MHz, 0 %, 0 %
2026/03/23 23:11:50.271, 4, 178.87 W, 26, 120 MHz, 3996 MHz, 0 %, 0 %
2026/03/23 23:11:50.271, 5, 180.58 W, 28, 120 MHz, 3996 MHz, 0 %, 0 %
2026/03/23 23:11:50.271, 6, 178.18 W, 27, 120 MHz, 3996 MHz, 0 %, 0 %
2026/03/23 23:11:50.271, 7, 176.58 W, 27, 120 MHz, 3996 MHz, 0 %, 0 %
2026/03/23 23:11:51.272, 0, 187.01 W, 31, 570 MHz, 3996 MHz, 0 %, 0 %
2026/03/23 23:11:51.272, 1, 184.96 W, 34, 120 MHz, 3996 MHz, 0 %, 0 %
2026/03/23 23:11:51.272, 2, 184.05 W, 31, 142 MHz, 3996 MHz, 0 %, 0 %
2026/03/23 23:11:51.272, 3, 187.79 W, 35, 285 MHz, 3996 MHz, 0 %, 0 %
2026/03/23 23:11:51.272, 4, 178.82 W, 26, 120 MHz, 3996 MHz, 0 %, 0 %
2026/03/23 23:11:51.272, 5, 180.58 W, 28, 120 MHz, 3996 MHz, 0 %, 0 %
2026/03/23 23:11:51.272, 6, 178.02 W, 27, 120 MHz, 3996 MHz, 0 %, 0 %
2026/03/23 23:11:51.272, 7, 176.59 W, 27, 120 MHz, 3996 MHz, 0 %, 0 %
2026/03/23 23:11:52.272, 0, 183.90 W, 31, 390 MHz, 3996 MHz, 0 %, 0 %
2026/03/23 23:11:52.272, 1, 184.96 W, 34, 120 MHz, 3996 MHz, 0 %, 0 %
2026/03/23 23:11:52.272, 2, 184.07 W, 31, 120 MHz, 3996 MHz, 0 %, 0 %
2026/03/23 23:11:52.272, 3, 186.85 W, 35, 180 MHz, 3996 MHz, 0 %, 0 %
2026/03/23 23:11:52.272, 4, 178.94 W, 26, 120 MHz, 3996 MHz, 0 %, 0 %
2026/03/23 23:11:52.272, 5, 180.58 W, 28, 120 MHz, 3996 MHz, 0 %, 0 %
2026/03/23 23:11:52.272, 6, 178.03 W, 27, 120 MHz, 3996 MHz, 0 %, 0 %
2026/03/23 23:11:52.272, 7, 176.59 W, 27, 120 MHz, 3996 MHz, 0 %, 0 %
2026/03/23 23:11:53.272, 0, 182.16 W, 31, 225 MHz, 3996 MHz, 0 %, 0 %
2026/03/23 23:11:53.272, 1, 184.93 W, 34, 120 MHz, 3996 MHz, 0 %, 0 %
2026/03/23 23:11:53.272, 2, 184.09 W, 31, 120 MHz, 3996 MHz, 0 %, 0 %
2026/03/23 23:11:53.272, 3, 186.01 W, 35, 120 MHz, 3996 MHz, 0 %, 0 %
2026/03/23 23:11:53.272, 4, 178.86 W, 26, 120 MHz, 3996 MHz, 0 %, 0 %
2026/03/23 23:11:53.272, 5, 180.58 W, 28, 120 MHz, 3996 MHz, 0 %, 0 %
2026/03/23 23:11:53.272, 6, 177.90 W, 27, 120 MHz, 3996 MHz, 0 %, 0 %
2026/03/23 23:11:53.272, 7, 176.59 W, 27, 120 MHz, 3996 MHz, 0 %, 0 %
2026/03/23 23:11:54.272, 0, 181.32 W, 31, 142 MHz, 3996 MHz, 0 %, 0 %
2026/03/23 23:11:54.272, 1, 184.88 W, 34, 120 MHz, 3996 MHz, 0 %, 0 %
2026/03/23 23:11:54.272, 2, 184.10 W, 31, 120 MHz, 3996 MHz, 0 %, 0 %
2026/03/23 23:11:54.272, 3, 185.22 W, 34, 120 MHz, 3996 MHz, 0 %, 0 %
2026/03/23 23:11:54.272, 4, 178.79 W, 26, 120 MHz, 3996 MHz, 0 %, 0 %
2026/03/23 23:11:54.272, 5, 180.58 W, 28, 120 MHz, 3996 MHz, 0 %, 0 %
2026/03/23 23:11:54.272, 6, 177.73 W, 27, 120 MHz, 3996 MHz, 0 %, 0 %
2026/03/23 23:11:54.272, 7, 176.59 W, 27, 120 MHz, 3996 MHz, 0 %, 0 %
2026/03/23 23:11:55.272, 0, 180.30 W, 30, 120 MHz, 3996 MHz, 0 %, 0 %
2026/03/23 23:11:55.272, 1, 184.72 W, 34, 120 MHz, 3996 MHz, 0 %, 0 %
2026/03/23 23:11:55.272, 2, 184.10 W, 30, 120 MHz, 3996 MHz, 0 %, 0 %
2026/03/23 23:11:55.272, 3, 185.37 W, 34, 120 MHz, 3996 MHz, 0 %, 0 %
2026/03/23 23:11:55.272, 4, 179.03 W, 26, 120 MHz, 3996 MHz, 0 %, 0 %
2026/03/23 23:11:55.272, 5, 180.58 W, 28, 120 MHz, 3996 MHz, 0 %, 0 %
2026/03/23 23:11:55.272, 6, 178.10 W, 27, 120 MHz, 3996 MHz, 0 %, 0 %
2026/03/23 23:11:55.272, 7, 176.58 W, 27, 120 MHz, 3996 MHz, 0 %, 0 %
2026/03/23 23:11:56.272, 0, 180.15 W, 30, 120 MHz, 3996 MHz, 0 %, 0 %
2026/03/23 23:11:56.272, 1, 184.32 W, 34, 120 MHz, 3996 MHz, 0 %, 0 %
2026/03/23 23:11:56.272, 2, 184.10 W, 30, 120 MHz, 3996 MHz, 0 %, 0 %
2026/03/23 23:11:56.272, 3, 185.22 W, 34, 120 MHz, 3996 MHz, 0 %, 0 %
2026/03/23 23:11:56.272, 4, 179.14 W, 26, 120 MHz, 3996 MHz, 0 %, 0 %
2026/03/23 23:11:56.272, 5, 180.59 W, 28, 120 MHz, 3996 MHz, 0 %, 0 %
2026/03/23 23:11:56.272, 6, 177.88 W, 27, 120 MHz, 3996 MHz, 0 %, 0 %
2026/03/23 23:11:56.272, 7, 176.61 W, 27, 120 MHz, 3996 MHz, 0 %, 0 %
2026/03/23 23:11:57.273, 0, 180.11 W, 30, 120 MHz, 3996 MHz, 0 %, 0 %
2026/03/23 23:11:57.273, 1, 183.79 W, 33, 120 MHz, 3996 MHz, 0 %, 0 %
2026/03/23 23:11:57.273, 2, 184.09 W, 30, 120 MHz, 3996 MHz, 0 %, 0 %
2026/03/23 23:11:57.273, 3, 185.07 W, 34, 120 MHz, 3996 MHz, 0 %, 0 %
2026/03/23 23:11:57.273, 4, 178.96 W, 26, 120 MHz, 3996 MHz, 0 %, 0 %
2026/03/23 23:11:57.273, 5, 180.58 W, 28, 120 MHz, 3996 MHz, 0 %, 0 %
2026/03/23 23:11:57.273, 6, 177.94 W, 27, 120 MHz, 3996 MHz, 0 %, 0 %
2026/03/23 23:11:57.273, 7, 176.59 W, 27, 120 MHz, 3996 MHz, 0 %, 0 %
2026/03/23 23:11:58.273, 0, 180.11 W, 30, 120 MHz, 3996 MHz, 0 %, 0 %
2026/03/23 23:11:58.273, 1, 183.59 W, 33, 120 MHz, 3996 MHz, 0 %, 0 %
2026/03/23 23:11:58.273, 2, 184.09 W, 30, 120 MHz, 3996 MHz, 0 %, 0 %
2026/03/23 23:11:58.273, 3, 185.02 W, 34, 120 MHz, 3996 MHz, 0 %, 0 %
2026/03/23 23:11:58.273, 4, 178.93 W, 26, 120 MHz, 3996 MHz, 0 %, 0 %
2026/03/23 23:11:58.273, 5, 180.58 W, 28, 120 MHz, 3996 MHz, 0 %, 0 %
2026/03/23 23:11:58.273, 6, 178.15 W, 27, 120 MHz, 3996 MHz, 0 %, 0 %
2026/03/23 23:11:58.273, 7, 176.59 W, 27, 120 MHz, 3996 MHz, 0 %, 0 %
2026/03/23 23:11:59.273, 0, 180.11 W, 30, 120 MHz, 3996 MHz, 0 %, 0 %
2026/03/23 23:11:59.273, 1, 183.39 W, 33, 120 MHz, 3996 MHz, 0 %, 0 %
2026/03/23 23:11:59.273, 2, 184.09 W, 30, 120 MHz, 3996 MHz, 0 %, 0 %
2026/03/23 23:11:59.273, 3, 184.94 W, 34, 120 MHz, 3996 MHz, 0 %, 0 %
2026/03/23 23:11:59.273, 4, 178.90 W, 26, 120 MHz, 3996 MHz, 0 %, 0 %
2026/03/23 23:11:59.273, 5, 180.58 W, 28, 120 MHz, 3996 MHz, 0 %, 0 %
2026/03/23 23:11:59.273, 6, 177.83 W, 27, 120 MHz, 3996 MHz, 0 %, 0 %
2026/03/23 23:11:59.273, 7, 176.58 W, 27, 120 MHz, 3996 MHz, 0 %, 0 %
2026/03/23 23:12:00.273, 0, 180.11 W, 30, 120 MHz, 3996 MHz, 0 %, 0 %
2026/03/23 23:12:00.273, 1, 183.01 W, 33, 120 MHz, 3996 MHz, 0 %, 0 %
2026/03/23 23:12:00.273, 2, 184.09 W, 30, 120 MHz, 3996 MHz, 0 %, 0 %
2026/03/23 23:12:00.273, 3, 184.99 W, 33, 120 MHz, 3996 MHz, 0 %, 0 %
2026/03/23 23:12:00.273, 4, 178.90 W, 26, 120 MHz, 3996 MHz, 0 %, 0 %
2026/03/23 23:12:00.273, 5, 180.58 W, 28, 120 MHz, 3996 MHz, 0 %, 0 %
2026/03/23 23:12:00.273, 6, 178.11 W, 27, 120 MHz, 3996 MHz, 0 %, 0 %
2026/03/23 23:12:00.273, 7, 176.59 W, 27, 120 MHz, 3996 MHz, 0 %, 0 %
2026/03/23 23:12:01.273, 0, 180.11 W, 30, 120 MHz, 3996 MHz, 0 %, 0 %
2026/03/23 23:12:01.273, 1, 183.01 W, 33, 120 MHz, 3996 MHz, 0 %, 0 %
2026/03/23 23:12:01.273, 2, 184.09 W, 30, 120 MHz, 3996 MHz, 0 %, 0 %
2026/03/23 23:12:01.273, 3, 184.97 W, 33, 120 MHz, 3996 MHz, 0 %, 0 %
2026/03/23 23:12:01.273, 4, 178.74 W, 26, 120 MHz, 3996 MHz, 0 %, 0 %
2026/03/23 23:12:01.273, 5, 180.58 W, 28, 120 MHz, 3996 MHz, 0 %, 0 %
2026/03/23 23:12:01.273, 6, 178.21 W, 27, 120 MHz, 3996 MHz, 0 %, 0 %
2026/03/23 23:12:01.273, 7, 176.58 W, 27, 120 MHz, 3996 MHz, 0 %, 0 %
2026/03/23 23:12:02.273, 0, 180.11 W, 30, 120 MHz, 3996 MHz, 0 %, 0 %
2026/03/23 23:12:02.273, 1, 183.01 W, 33, 120 MHz, 3996 MHz, 0 %, 0 %
2026/03/23 23:12:02.273, 2, 184.09 W, 30, 120 MHz, 3996 MHz, 0 %, 0 %
2026/03/23 23:12:02.273, 3, 184.94 W, 33, 120 MHz, 3996 MHz, 0 %, 0 %
2026/03/23 23:12:02.273, 4, 178.81 W, 26, 120 MHz, 3996 MHz, 0 %, 0 %
2026/03/23 23:12:02.273, 5, 180.58 W, 28, 120 MHz, 3996 MHz, 0 %, 0 %
2026/03/23 23:12:02.273, 6, 177.92 W, 27, 120 MHz, 3996 MHz, 0 %, 0 %
2026/03/23 23:12:02.273, 7, 176.58 W, 27, 120 MHz, 3996 MHz, 0 %, 0 %
2026/03/23 23:12:03.273, 0, 180.11 W, 29, 120 MHz, 3996 MHz, 0 %, 0 %
2026/03/23 23:12:03.273, 1, 183.01 W, 33, 120 MHz, 3996 MHz, 0 %, 0 %
2026/03/23 23:12:03.273, 2, 184.09 W, 29, 120 MHz, 3996 MHz, 0 %, 0 %
2026/03/23 23:12:03.273, 3, 184.93 W, 33, 120 MHz, 3996 MHz, 0 %, 0 %
2026/03/23 23:12:03.273, 4, 178.85 W, 26, 120 MHz, 3996 MHz, 0 %, 0 %
2026/03/23 23:12:03.274, 5, 180.58 W, 28, 120 MHz, 3996 MHz, 0 %, 0 %
2026/03/23 23:12:03.274, 6, 178.22 W, 27, 120 MHz, 3996 MHz, 0 %, 0 %
2026/03/23 23:12:03.274, 7, 176.58 W, 27, 120 MHz, 3996 MHz, 0 %, 0 %
2026/03/23 23:12:04.274, 0, 180.11 W, 29, 120 MHz, 3996 MHz, 0 %, 0 %
2026/03/23 23:12:04.274, 1, 183.01 W, 32, 120 MHz, 3996 MHz, 0 %, 0 %
2026/03/23 23:12:04.274, 2, 184.09 W, 29, 120 MHz, 3996 MHz, 0 %, 0 %
2026/03/23 23:12:04.274, 3, 184.94 W, 33, 120 MHz, 3996 MHz, 0 %, 0 %
2026/03/23 23:12:04.274, 4, 178.83 W, 26, 120 MHz, 3996 MHz, 0 %, 0 %
2026/03/23 23:12:04.274, 5, 180.58 W, 28, 120 MHz, 3996 MHz, 0 %, 0 %
2026/03/23 23:12:04.274, 6, 177.86 W, 27, 120 MHz, 3996 MHz, 0 %, 0 %
2026/03/23 23:12:04.274, 7, 176.58 W, 27, 120 MHz, 3996 MHz, 0 %, 0 %
2026/03/23 23:12:05.274, 0, 180.11 W, 29, 120 MHz, 3996 MHz, 0 %, 0 %
2026/03/23 23:12:05.274, 1, 183.01 W, 32, 120 MHz, 3996 MHz, 0 %, 0 %
2026/03/23 23:12:05.274, 2, 184.07 W, 29, 120 MHz, 3996 MHz, 0 %, 0 %
2026/03/23 23:12:05.274, 3, 184.93 W, 33, 120 MHz, 3996 MHz, 0 %, 0 %
2026/03/23 23:12:05.274, 4, 179.01 W, 26, 120 MHz, 3996 MHz, 0 %, 0 %
2026/03/23 23:12:05.274, 5, 180.58 W, 28, 120 MHz, 3996 MHz, 0 %, 0 %
2026/03/23 23:12:05.274, 6, 177.98 W, 27, 120 MHz, 3996 MHz, 0 %, 0 %
2026/03/23 23:12:05.274, 7, 176.58 W, 28, 120 MHz, 3996 MHz, 0 %, 0 %
2026/03/23 23:12:06.274, 0, 180.11 W, 29, 120 MHz, 3996 MHz, 0 %, 0 %
2026/03/23 23:12:06.274, 1, 183.01 W, 32, 120 MHz, 3996 MHz, 0 %, 0 %
2026/03/23 23:12:06.274, 2, 184.08 W, 29, 120 MHz, 3996 MHz, 0 %, 0 %
2026/03/23 23:12:06.274, 3, 184.93 W, 33, 120 MHz, 3996 MHz, 0 %, 0 %
2026/03/23 23:12:06.274, 4, 179.01 W, 26, 120 MHz, 3996 MHz, 0 %, 0 %
2026/03/23 23:12:06.274, 5, 180.58 W, 28, 120 MHz, 3996 MHz, 0 %, 0 %
2026/03/23 23:12:06.274, 6, 178.03 W, 27, 120 MHz, 3996 MHz, 0 %, 0 %
2026/03/23 23:12:06.274, 7, 176.58 W, 28, 120 MHz, 3996 MHz, 0 %, 0 %
2026/03/23 23:12:07.274, 0, 180.11 W, 29, 120 MHz, 3996 MHz, 0 %, 0 %
2026/03/23 23:12:07.274, 1, 183.01 W, 32, 120 MHz, 3996 MHz, 0 %, 0 %
2026/03/23 23:12:07.274, 2, 184.07 W, 29, 120 MHz, 3996 MHz, 0 %, 0 %
2026/03/23 23:12:07.274, 3, 184.94 W, 33, 120 MHz, 3996 MHz, 0 %, 0 %
2026/03/23 23:12:07.274, 4, 178.74 W, 26, 120 MHz, 3996 MHz, 0 %, 0 %
2026/03/23 23:12:07.274, 5, 180.58 W, 28, 120 MHz, 3996 MHz, 0 %, 0 %
2026/03/23 23:12:07.274, 6, 178.29 W, 27, 120 MHz, 3996 MHz, 0 %, 0 %
2026/03/23 23:12:07.274, 7, 176.59 W, 28, 120 MHz, 3996 MHz, 0 %, 0 %
2026/03/23 23:12:08.274, 0, 180.11 W, 29, 120 MHz, 3996 MHz, 0 %, 0 %
2026/03/23 23:12:08.274, 1, 183.01 W, 32, 120 MHz, 3996 MHz, 0 %, 0 %
2026/03/23 23:12:08.274, 2, 184.08 W, 29, 120 MHz, 3996 MHz, 0 %, 0 %
2026/03/23 23:12:08.274, 3, 184.93 W, 33, 120 MHz, 3996 MHz, 0 %, 0 %
2026/03/23 23:12:08.274, 4, 178.96 W, 26, 120 MHz, 3996 MHz, 0 %, 0 %
2026/03/23 23:12:08.274, 5, 180.58 W, 28, 120 MHz, 3996 MHz, 0 %, 0 %
2026/03/23 23:12:08.274, 6, 178.37 W, 27, 120 MHz, 3996 MHz, 0 %, 0 %
2026/03/23 23:12:08.274, 7, 176.58 W, 28, 120 MHz, 3996 MHz, 0 %, 0 %
2026/03/23 23:12:09.274, 0, 180.11 W, 29, 120 MHz, 3996 MHz, 0 %, 0 %
2026/03/23 23:12:09.274, 1, 183.01 W, 32, 120 MHz, 3996 MHz, 0 %, 0 %
2026/03/23 23:12:09.274, 2, 184.09 W, 29, 120 MHz, 3996 MHz, 0 %, 0 %
2026/03/23 23:12:09.274, 3, 184.92 W, 32, 120 MHz, 3996 MHz, 0 %, 0 %
2026/03/23 23:12:09.274, 4, 179.14 W, 26, 120 MHz, 3996 MHz, 0 %, 0 %
2026/03/23 23:12:09.274, 5, 180.58 W, 28, 120 MHz, 3996 MHz, 0 %, 0 %
2026/03/23 23:12:09.274, 6, 178.22 W, 27, 120 MHz, 3996 MHz, 0 %, 0 %
2026/03/23 23:12:09.274, 7, 176.58 W, 28, 120 MHz, 3996 MHz, 0 %, 0 %
2026/03/23 23:12:10.275, 0, 180.07 W, 29, 120 MHz, 3996 MHz, 0 %, 0 %
2026/03/23 23:12:10.275, 1, 183.01 W, 32, 120 MHz, 3996 MHz, 0 %, 0 %
2026/03/23 23:12:10.275, 2, 184.08 W, 29, 120 MHz, 3996 MHz, 0 %, 0 %
2026/03/23 23:12:10.275, 3, 184.92 W, 32, 120 MHz, 3996 MHz, 0 %, 0 %
2026/03/23 23:12:10.275, 4, 179.37 W, 26, 120 MHz, 3996 MHz, 0 %, 0 %
2026/03/23 23:12:10.275, 5, 180.58 W, 28, 120 MHz, 3996 MHz, 0 %, 0 %
2026/03/23 23:12:10.275, 6, 178.29 W, 27, 120 MHz, 3996 MHz, 0 %, 0 %
2026/03/23 23:12:10.275, 7, 176.59 W, 28, 120 MHz, 3996 MHz, 0 %, 0 %
2026/03/23 23:12:11.275, 0, 180.07 W, 29, 120 MHz, 3996 MHz, 0 %, 0 %
2026/03/23 23:12:11.275, 1, 183.01 W, 32, 120 MHz, 3996 MHz, 0 %, 0 %
2026/03/23 23:12:11.275, 2, 184.08 W, 29, 120 MHz, 3996 MHz, 0 %, 0 %
2026/03/23 23:12:11.275, 3, 184.94 W, 32, 120 MHz, 3996 MHz, 0 %, 0 %
2026/03/23 23:12:11.275, 4, 179.13 W, 26, 120 MHz, 3996 MHz, 0 %, 0 %
2026/03/23 23:12:11.275, 5, 181.71 W, 28, 120 MHz, 3996 MHz, 0 %, 0 %
2026/03/23 23:12:11.275, 6, 178.14 W, 27, 120 MHz, 3996 MHz, 0 %, 0 %
2026/03/23 23:12:11.275, 7, 176.58 W, 28, 120 MHz, 3996 MHz, 0 %, 0 %
2026/03/23 23:12:12.275, 0, 180.03 W, 29, 120 MHz, 3996 MHz, 0 %, 0 %
2026/03/23 23:12:12.275, 1, 183.01 W, 32, 120 MHz, 3996 MHz, 0 %, 0 %
2026/03/23 23:12:12.275, 2, 184.07 W, 28, 120 MHz, 3996 MHz, 0 %, 0 %
2026/03/23 23:12:12.275, 3, 184.94 W, 32, 120 MHz, 3996 MHz, 0 %, 0 %
2026/03/23 23:12:12.275, 4, 178.90 W, 26, 120 MHz, 3996 MHz, 0 %, 0 %
2026/03/23 23:12:12.275, 5, 181.24 W, 28, 120 MHz, 3996 MHz, 0 %, 0 %
2026/03/23 23:12:12.275, 6, 178.64 W, 27, 120 MHz, 3996 MHz, 0 %, 0 %
2026/03/23 23:12:12.275, 7, 176.58 W, 28, 120 MHz, 3996 MHz, 0 %, 0 %
2026/03/23 23:12:13.275, 0, 180.07 W, 28, 120 MHz, 3996 MHz, 0 %, 0 %
2026/03/23 23:12:13.275, 1, 183.01 W, 31, 120 MHz, 3996 MHz, 0 %, 0 %
2026/03/23 23:12:13.275, 2, 184.09 W, 28, 120 MHz, 3996 MHz, 0 %, 0 %
2026/03/23 23:12:13.275, 3, 184.92 W, 32, 120 MHz, 3996 MHz, 0 %, 0 %
2026/03/23 23:12:13.275, 4, 179.06 W, 26, 120 MHz, 3996 MHz, 0 %, 0 %
2026/03/23 23:12:13.275, 5, 180.58 W, 28, 120 MHz, 3996 MHz, 0 %, 0 %
2026/03/23 23:12:13.275, 6, 178.45 W, 27, 120 MHz, 3996 MHz, 0 %, 0 %
2026/03/23 23:12:13.275, 7, 176.58 W, 28, 120 MHz, 3996 MHz, 0 %, 0 %
2026/03/23 23:12:14.275, 0, 180.03 W, 28, 120 MHz, 3996 MHz, 0 %, 0 %
2026/03/23 23:12:14.275, 1, 183.01 W, 31, 120 MHz, 3996 MHz, 0 %, 0 %
2026/03/23 23:12:14.275, 2, 184.08 W, 28, 120 MHz, 3996 MHz, 0 %, 0 %
2026/03/23 23:12:14.275, 3, 184.93 W, 32, 120 MHz, 3996 MHz, 0 %, 0 %
2026/03/23 23:12:14.275, 4, 179.09 W, 26, 120 MHz, 3996 MHz, 0 %, 0 %
2026/03/23 23:12:14.275, 5, 180.58 W, 28, 120 MHz, 3996 MHz, 0 %, 0 %
2026/03/23 23:12:14.275, 6, 178.25 W, 27, 120 MHz, 3996 MHz, 0 %, 0 %
2026/03/23 23:12:14.275, 7, 176.58 W, 28, 120 MHz, 3996 MHz, 0 %, 0 %
2026/03/23 23:12:15.275, 0, 180.03 W, 28, 120 MHz, 3996 MHz, 0 %, 0 %
2026/03/23 23:12:15.275, 1, 183.01 W, 31, 120 MHz, 3996 MHz, 0 %, 0 %
2026/03/23 23:12:15.275, 2, 184.09 W, 28, 120 MHz, 3996 MHz, 0 %, 0 %
2026/03/23 23:12:15.275, 3, 184.93 W, 32, 120 MHz, 3996 MHz, 0 %, 0 %
2026/03/23 23:12:15.275, 4, 178.82 W, 26, 120 MHz, 3996 MHz, 0 %, 0 %
2026/03/23 23:12:15.275, 5, 180.58 W, 28, 120 MHz, 3996 MHz, 0 %, 0 %
2026/03/23 23:12:15.275, 6, 178.22 W, 27, 120 MHz, 3996 MHz, 0 %, 0 %
2026/03/23 23:12:15.275, 7, 176.59 W, 28, 120 MHz, 3996 MHz, 0 %, 0 %
2026/03/23 23:12:16.276, 0, 180.11 W, 28, 120 MHz, 3996 MHz, 0 %, 0 %
2026/03/23 23:12:16.276, 1, 183.01 W, 31, 120 MHz, 3996 MHz, 0 %, 0 %
2026/03/23 23:12:16.276, 2, 184.03 W, 28, 120 MHz, 3996 MHz, 0 %, 0 %
2026/03/23 23:12:16.276, 3, 184.94 W, 32, 120 MHz, 3996 MHz, 0 %, 0 %
2026/03/23 23:12:16.276, 4, 178.94 W, 26, 120 MHz, 3996 MHz, 0 %, 0 %
2026/03/23 23:12:16.276, 5, 180.58 W, 28, 120 MHz, 3996 MHz, 0 %, 0 %
2026/03/23 23:12:16.276, 6, 177.96 W, 27, 120 MHz, 3996 MHz, 0 %, 0 %
2026/03/23 23:12:16.276, 7, 176.58 W, 28, 120 MHz, 3996 MHz, 0 %, 0 %
2026/03/23 23:12:17.276, 0, 179.99 W, 28, 120 MHz, 3996 MHz, 0 %, 0 %
2026/03/23 23:12:17.276, 1, 183.01 W, 31, 120 MHz, 3996 MHz, 0 %, 0 %
2026/03/23 23:12:17.276, 2, 184.08 W, 28, 120 MHz, 3996 MHz, 0 %, 0 %
2026/03/23 23:12:17.276, 3, 184.94 W, 32, 120 MHz, 3996 MHz, 0 %, 0 %
2026/03/23 23:12:17.276, 4, 179.20 W, 26, 120 MHz, 3996 MHz, 0 %, 0 %
2026/03/23 23:12:17.276, 5, 180.58 W, 28, 120 MHz, 3996 MHz, 0 %, 0 %
2026/03/23 23:12:17.276, 6, 178.29 W, 27, 120 MHz, 3996 MHz, 0 %, 0 %
2026/03/23 23:12:17.276, 7, 176.59 W, 28, 120 MHz, 3996 MHz, 0 %, 0 %
2026/03/23 23:12:18.276, 0, 179.91 W, 28, 120 MHz, 3996 MHz, 0 %, 0 %
2026/03/23 23:12:18.276, 1, 183.01 W, 31, 120 MHz, 3996 MHz, 0 %, 0 %
2026/03/23 23:12:18.276, 2, 183.94 W, 28, 120 MHz, 3996 MHz, 0 %, 0 %
2026/03/23 23:12:18.276, 3, 184.94 W, 32, 120 MHz, 3996 MHz, 0 %, 0 %
2026/03/23 23:12:18.276, 4, 178.82 W, 26, 120 MHz, 3996 MHz, 0 %, 0 %
2026/03/23 23:12:18.276, 5, 180.58 W, 28, 120 MHz, 3996 MHz, 0 %, 0 %
2026/03/23 23:12:18.276, 6, 178.26 W, 27, 120 MHz, 3996 MHz, 0 %, 0 %
2026/03/23 23:12:18.276, 7, 176.58 W, 28, 120 MHz, 3996 MHz, 0 %, 0 %
2026/03/23 23:12:19.276, 0, 179.92 W, 28, 120 MHz, 3996 MHz, 0 %, 0 %
2026/03/23 23:12:19.276, 1, 183.01 W, 31, 120 MHz, 3996 MHz, 0 %, 0 %
2026/03/23 23:12:19.276, 2, 183.95 W, 28, 120 MHz, 3996 MHz, 0 %, 0 %
2026/03/23 23:12:19.276, 3, 184.88 W, 32, 120 MHz, 3996 MHz, 0 %, 0 %
2026/03/23 23:12:19.276, 4, 179.09 W, 26, 120 MHz, 3996 MHz, 0 %, 0 %
2026/03/23 23:12:19.276, 5, 180.58 W, 28, 120 MHz, 3996 MHz, 0 %, 0 %
2026/03/23 23:12:19.276, 6, 178.33 W, 27, 120 MHz, 3996 MHz, 0 %, 0 %
2026/03/23 23:12:19.276, 7, 176.58 W, 28, 120 MHz, 3996 MHz, 0 %, 0 %
2026/03/23 23:12:20.276, 0, 179.76 W, 28, 120 MHz, 3996 MHz, 0 %, 0 %
2026/03/23 23:12:20.276, 1, 183.01 W, 31, 120 MHz, 3996 MHz, 0 %, 0 %
2026/03/23 23:12:20.276, 2, 183.93 W, 28, 120 MHz, 3996 MHz, 0 %, 0 %
2026/03/23 23:12:20.276, 3, 184.79 W, 31, 120 MHz, 3996 MHz, 0 %, 0 %
2026/03/23 23:12:20.276, 4, 178.74 W, 26, 120 MHz, 3996 MHz, 0 %, 0 %
2026/03/23 23:12:20.276, 5, 180.58 W, 28, 120 MHz, 3996 MHz, 0 %, 0 %
2026/03/23 23:12:20.276, 6, 177.96 W, 27, 120 MHz, 3996 MHz, 0 %, 0 %
2026/03/23 23:12:20.276, 7, 176.58 W, 28, 120 MHz, 3996 MHz, 0 %, 0 %
2026/03/23 23:12:21.276, 0, 179.80 W, 28, 120 MHz, 3996 MHz, 0 %, 0 %
2026/03/23 23:12:21.276, 1, 183.01 W, 31, 120 MHz, 3996 MHz, 0 %, 0 %
2026/03/23 23:12:21.276, 2, 183.71 W, 28, 120 MHz, 3996 MHz, 0 %, 0 %
2026/03/23 23:12:21.276, 3, 184.90 W, 31, 120 MHz, 3996 MHz, 0 %, 0 %
2026/03/23 23:12:21.276, 4, 179.01 W, 26, 120 MHz, 3996 MHz, 0 %, 0 %
2026/03/23 23:12:21.276, 5, 180.58 W, 28, 120 MHz, 3996 MHz, 0 %, 0 %
2026/03/23 23:12:21.276, 6, 178.10 W, 27, 120 MHz, 3996 MHz, 0 %, 0 %
2026/03/23 23:12:21.276, 7, 176.58 W, 28, 120 MHz, 3996 MHz, 0 %, 0 %
2026/03/23 23:12:22.277, 0, 179.83 W, 28, 120 MHz, 3996 MHz, 0 %, 0 %
2026/03/23 23:12:22.277, 1, 183.01 W, 31, 120 MHz, 3996 MHz, 0 %, 0 %
2026/03/23 23:12:22.277, 2, 183.68 W, 28, 120 MHz, 3996 MHz, 0 %, 0 %
2026/03/23 23:12:22.277, 3, 184.88 W, 31, 120 MHz, 3996 MHz, 0 %, 0 %
2026/03/23 23:12:22.277, 4, 179.15 W, 26, 120 MHz, 3996 MHz, 0 %, 0 %
2026/03/23 23:12:22.277, 5, 180.58 W, 28, 120 MHz, 3996 MHz, 0 %, 0 %
2026/03/23 23:12:22.277, 6, 178.22 W, 27, 120 MHz, 3996 MHz, 0 %, 0 %
2026/03/23 23:12:22.277, 7, 176.59 W, 28, 120 MHz, 3996 MHz, 0 %, 0 %
2026/03/23 23:12:23.277, 0, 179.73 W, 28, 120 MHz, 3996 MHz, 0 %, 0 %
2026/03/23 23:12:23.277, 1, 183.01 W, 31, 120 MHz, 3996 MHz, 0 %, 0 %
2026/03/23 23:12:23.277, 2, 183.71 W, 28, 120 MHz, 3996 MHz, 0 %, 0 %
2026/03/23 23:12:23.277, 3, 184.88 W, 31, 120 MHz, 3996 MHz, 0 %, 0 %
2026/03/23 23:12:23.277, 4, 179.17 W, 26, 120 MHz, 3996 MHz, 0 %, 0 %
2026/03/23 23:12:23.277, 5, 180.58 W, 28, 120 MHz, 3996 MHz, 0 %, 0 %
2026/03/23 23:12:23.277, 6, 178.29 W, 27, 120 MHz, 3996 MHz, 0 %, 0 %
2026/03/23 23:12:23.277, 7, 176.58 W, 28, 120 MHz, 3996 MHz, 0 %, 0 %
2026/03/23 23:12:24.277, 0, 179.65 W, 28, 120 MHz, 3996 MHz, 0 %, 0 %
2026/03/23 23:12:24.277, 1, 183.01 W, 31, 120 MHz, 3996 MHz, 0 %, 0 %
2026/03/23 23:12:24.277, 2, 183.56 W, 28, 120 MHz, 3996 MHz, 0 %, 0 %
2026/03/23 23:12:24.277, 3, 184.69 W, 31, 120 MHz, 3996 MHz, 0 %, 0 %
2026/03/23 23:12:24.277, 4, 178.94 W, 26, 120 MHz, 3996 MHz, 0 %, 0 %
2026/03/23 23:12:24.277, 5, 180.58 W, 28, 120 MHz, 3996 MHz, 0 %, 0 %
2026/03/23 23:12:24.277, 6, 178.33 W, 27, 120 MHz, 3996 MHz, 0 %, 0 %
2026/03/23 23:12:24.277, 7, 176.58 W, 28, 120 MHz, 3996 MHz, 0 %, 0 %
2026/03/23 23:12:25.277, 0, 179.46 W, 28, 120 MHz, 3996 MHz, 0 %, 0 %
2026/03/23 23:12:25.277, 1, 183.01 W, 31, 120 MHz, 3996 MHz, 0 %, 0 %
2026/03/23 23:12:25.277, 2, 183.44 W, 28, 120 MHz, 3996 MHz, 0 %, 0 %
2026/03/23 23:12:25.277, 3, 184.65 W, 31, 120 MHz, 3996 MHz, 0 %, 0 %
2026/03/23 23:12:25.277, 4, 178.78 W, 26, 120 MHz, 3996 MHz, 0 %, 0 %
2026/03/23 23:12:25.277, 5, 180.58 W, 28, 120 MHz, 3996 MHz, 0 %, 0 %
2026/03/23 23:12:25.277, 6, 178.38 W, 27, 120 MHz, 3996 MHz, 0 %, 0 %
2026/03/23 23:12:25.277, 7, 176.58 W, 28, 120 MHz, 3996 MHz, 0 %, 0 %
2026/03/23 23:12:26.277, 0, 179.64 W, 28, 120 MHz, 3996 MHz, 0 %, 0 %
2026/03/23 23:12:26.277, 1, 183.01 W, 30, 120 MHz, 3996 MHz, 0 %, 0 %
2026/03/23 23:12:26.277, 2, 183.28 W, 28, 120 MHz, 3996 MHz, 0 %, 0 %
2026/03/23 23:12:26.277, 3, 184.45 W, 31, 120 MHz, 3996 MHz, 0 %, 0 %
2026/03/23 23:12:26.277, 4, 178.98 W, 26, 120 MHz, 3996 MHz, 0 %, 0 %
2026/03/23 23:12:26.277, 5, 180.58 W, 28, 120 MHz, 3996 MHz, 0 %, 0 %
2026/03/23 23:12:26.277, 6, 178.15 W, 27, 120 MHz, 3996 MHz, 0 %, 0 %
2026/03/23 23:12:26.277, 7, 176.58 W, 28, 120 MHz, 3996 MHz, 0 %, 0 %
2026/03/23 23:12:27.277, 0, 179.69 W, 28, 120 MHz, 3996 MHz, 0 %, 0 %
2026/03/23 23:12:27.277, 1, 183.01 W, 30, 120 MHz, 3996 MHz, 0 %, 0 %
2026/03/23 23:12:27.277, 2, 183.60 W, 28, 120 MHz, 3996 MHz, 0 %, 0 %
2026/03/23 23:12:27.277, 3, 184.49 W, 31, 120 MHz, 3996 MHz, 0 %, 0 %
2026/03/23 23:12:27.277, 4, 178.85 W, 26, 120 MHz, 3996 MHz, 0 %, 0 %
2026/03/23 23:12:27.277, 5, 180.58 W, 28, 120 MHz, 3996 MHz, 0 %, 0 %
2026/03/23 23:12:27.278, 6, 178.10 W, 27, 120 MHz, 3996 MHz, 0 %, 0 %
2026/03/23 23:12:27.278, 7, 176.58 W, 28, 120 MHz, 3996 MHz, 0 %, 0 %
2026/03/23 23:12:28.278, 0, 179.35 W, 28, 120 MHz, 3996 MHz, 0 %, 0 %
2026/03/23 23:12:28.278, 1, 183.01 W, 30, 120 MHz, 3996 MHz, 0 %, 0 %
2026/03/23 23:12:28.278, 2, 183.13 W, 27, 120 MHz, 3996 MHz, 0 %, 0 %
2026/03/23 23:12:28.278, 3, 184.46 W, 31, 120 MHz, 3996 MHz, 0 %, 0 %
2026/03/23 23:12:28.278, 4, 179.02 W, 26, 120 MHz, 3996 MHz, 0 %, 0 %
2026/03/23 23:12:28.278, 5, 180.58 W, 28, 120 MHz, 3996 MHz, 0 %, 0 %
2026/03/23 23:12:28.278, 6, 178.53 W, 27, 120 MHz, 3996 MHz, 0 %, 0 %
2026/03/23 23:12:28.278, 7, 176.58 W, 28, 120 MHz, 3996 MHz, 0 %, 0 %
2026/03/23 23:12:29.278, 0, 179.04 W, 27, 120 MHz, 3996 MHz, 0 %, 0 %
2026/03/23 23:12:29.278, 1, 193.09 W, 31, 2032 MHz, 3996 MHz, 0 %, 0 %
2026/03/23 23:12:29.278, 2, 195.72 W, 28, 2032 MHz, 3996 MHz, 0 %, 0 %
2026/03/23 23:12:29.278, 3, 199.24 W, 32, 2032 MHz, 3996 MHz, 0 %, 0 %
2026/03/23 23:12:29.278, 4, 179.21 W, 26, 120 MHz, 3996 MHz, 0 %, 0 %
2026/03/23 23:12:29.278, 5, 180.58 W, 28, 120 MHz, 3996 MHz, 0 %, 0 %
2026/03/23 23:12:29.278, 6, 178.30 W, 27, 120 MHz, 3996 MHz, 0 %, 0 %
2026/03/23 23:12:29.278, 7, 176.58 W, 28, 120 MHz, 3996 MHz, 0 %, 0 %
2026/03/23 23:12:30.278, 0, 185.31 W, 28, 2032 MHz, 3996 MHz, 0 %, 0 %
2026/03/23 23:12:30.278, 1, 234.99 W, 31, 2032 MHz, 3996 MHz, 0 %, 0 %
2026/03/23 23:12:30.278, 2, 234.35 W, 28, 2032 MHz, 3996 MHz, 0 %, 0 %
2026/03/23 23:12:30.278, 3, 236.09 W, 32, 2032 MHz, 3996 MHz, 0 %, 0 %
2026/03/23 23:12:30.278, 4, 179.18 W, 26, 120 MHz, 3996 MHz, 0 %, 0 %
2026/03/23 23:12:30.278, 5, 180.58 W, 28, 120 MHz, 3996 MHz, 0 %, 0 %
2026/03/23 23:12:30.278, 6, 178.26 W, 27, 120 MHz, 3996 MHz, 0 %, 0 %
2026/03/23 23:12:30.278, 7, 176.58 W, 28, 120 MHz, 3996 MHz, 0 %, 0 %
2026/03/23 23:12:31.278, 0, 229.35 W, 28, 2032 MHz, 3996 MHz, 0 %, 0 %
2026/03/23 23:12:31.278, 1, 234.25 W, 31, 2032 MHz, 3996 MHz, 0 %, 0 %
2026/03/23 23:12:31.278, 2, 234.02 W, 28, 2032 MHz, 3996 MHz, 0 %, 0 %
2026/03/23 23:12:31.278, 3, 235.24 W, 32, 2032 MHz, 3996 MHz, 0 %, 0 %
2026/03/23 23:12:31.278, 4, 179.35 W, 26, 120 MHz, 3996 MHz, 0 %, 0 %
2026/03/23 23:12:31.278, 5, 180.58 W, 28, 120 MHz, 3996 MHz, 0 %, 0 %
2026/03/23 23:12:31.278, 6, 178.22 W, 27, 120 MHz, 3996 MHz, 0 %, 0 %
2026/03/23 23:12:31.278, 7, 176.58 W, 28, 120 MHz, 3996 MHz, 0 %, 0 %
2026/03/23 23:12:32.278, 0, 228.56 W, 28, 2032 MHz, 3996 MHz, 0 %, 0 %
2026/03/23 23:12:32.278, 1, 234.13 W, 31, 2032 MHz, 3996 MHz, 0 %, 0 %
2026/03/23 23:12:32.278, 2, 234.02 W, 28, 2032 MHz, 3996 MHz, 0 %, 0 %
2026/03/23 23:12:32.278, 3, 235.23 W, 32, 2032 MHz, 3996 MHz, 0 %, 0 %
2026/03/23 23:12:32.278, 4, 179.01 W, 26, 120 MHz, 3996 MHz, 0 %, 0 %
2026/03/23 23:12:32.278, 5, 180.58 W, 28, 120 MHz, 3996 MHz, 0 %, 0 %
2026/03/23 23:12:32.278, 6, 178.41 W, 27, 120 MHz, 3996 MHz, 0 %, 0 %
2026/03/23 23:12:32.278, 7, 176.58 W, 28, 120 MHz, 3996 MHz, 0 %, 0 %
2026/03/23 23:12:33.278, 0, 228.18 W, 28, 2032 MHz, 3996 MHz, 0 %, 0 %
2026/03/23 23:12:33.278, 1, 234.17 W, 31, 2032 MHz, 3996 MHz, 0 %, 0 %
2026/03/23 23:12:33.278, 2, 234.02 W, 28, 2032 MHz, 3996 MHz, 0 %, 0 %
2026/03/23 23:12:33.278, 3, 235.21 W, 32, 2032 MHz, 3996 MHz, 0 %, 0 %
2026/03/23 23:12:33.278, 4, 178.90 W, 26, 120 MHz, 3996 MHz, 0 %, 0 %
2026/03/23 23:12:33.278, 5, 180.58 W, 28, 120 MHz, 3996 MHz, 0 %, 0 %
2026/03/23 23:12:33.278, 6, 178.25 W, 27, 120 MHz, 3996 MHz, 0 %, 0 %
2026/03/23 23:12:33.278, 7, 176.58 W, 28, 120 MHz, 3996 MHz, 0 %, 0 %
2026/03/23 23:12:34.279, 0, 228.87 W, 28, 2032 MHz, 3996 MHz, 0 %, 0 %
2026/03/23 23:12:34.279, 1, 234.31 W, 31, 2032 MHz, 3996 MHz, 0 %, 0 %
2026/03/23 23:12:34.279, 2, 234.02 W, 28, 2032 MHz, 3996 MHz, 0 %, 0 %
2026/03/23 23:12:34.279, 3, 235.24 W, 32, 2032 MHz, 3996 MHz, 0 %, 0 %
2026/03/23 23:12:34.279, 4, 179.04 W, 26, 120 MHz, 3996 MHz, 0 %, 0 %
2026/03/23 23:12:34.279, 5, 180.58 W, 28, 120 MHz, 3996 MHz, 0 %, 0 %
2026/03/23 23:12:34.279, 6, 178.15 W, 27, 120 MHz, 3996 MHz, 0 %, 0 %
2026/03/23 23:12:34.279, 7, 176.59 W, 28, 120 MHz, 3996 MHz, 0 %, 0 %
2026/03/23 23:12:35.279, 0, 229.64 W, 28, 2032 MHz, 3996 MHz, 0 %, 0 %
2026/03/23 23:12:35.279, 1, 234.88 W, 31, 2032 MHz, 3996 MHz, 0 %, 0 %
2026/03/23 23:12:35.279, 2, 234.02 W, 28, 2032 MHz, 3996 MHz, 0 %, 0 %
2026/03/23 23:12:35.279, 3, 235.22 W, 32, 2032 MHz, 3996 MHz, 0 %, 0 %
2026/03/23 23:12:35.279, 4, 179.09 W, 26, 120 MHz, 3996 MHz, 0 %, 0 %
2026/03/23 23:12:35.279, 5, 180.58 W, 28, 120 MHz, 3996 MHz, 0 %, 0 %
2026/03/23 23:12:35.279, 6, 178.22 W, 27, 120 MHz, 3996 MHz, 0 %, 0 %
2026/03/23 23:12:35.279, 7, 176.59 W, 28, 120 MHz, 3996 MHz, 0 %, 0 %
2026/03/23 23:12:36.279, 0, 229.49 W, 28, 2032 MHz, 3996 MHz, 0 %, 0 %
2026/03/23 23:12:36.279, 1, 234.95 W, 31, 2032 MHz, 3996 MHz, 0 %, 0 %
2026/03/23 23:12:36.279, 2, 234.02 W, 28, 2032 MHz, 3996 MHz, 0 %, 0 %
2026/03/23 23:12:36.279, 3, 235.21 W, 32, 2032 MHz, 3996 MHz, 0 %, 0 %
2026/03/23 23:12:36.279, 4, 179.29 W, 26, 120 MHz, 3996 MHz, 0 %, 0 %
2026/03/23 23:12:36.279, 5, 180.58 W, 28, 120 MHz, 3996 MHz, 0 %, 0 %
2026/03/23 23:12:36.279, 6, 178.25 W, 27, 120 MHz, 3996 MHz, 0 %, 0 %
2026/03/23 23:12:36.279, 7, 176.58 W, 28, 120 MHz, 3996 MHz, 0 %, 0 %
2026/03/23 23:12:37.279, 0, 229.35 W, 28, 2032 MHz, 3996 MHz, 0 %, 0 %
2026/03/23 23:12:37.279, 1, 234.80 W, 31, 2032 MHz, 3996 MHz, 0 %, 0 %
2026/03/23 23:12:37.279, 2, 234.02 W, 28, 2032 MHz, 3996 MHz, 0 %, 0 %
2026/03/23 23:12:37.279, 3, 235.23 W, 32, 2032 MHz, 3996 MHz, 0 %, 0 %
2026/03/23 23:12:37.279, 4, 178.98 W, 26, 120 MHz, 3996 MHz, 0 %, 0 %
2026/03/23 23:12:37.279, 5, 180.58 W, 28, 120 MHz, 3996 MHz, 0 %, 0 %
2026/03/23 23:12:37.279, 6, 178.30 W, 27, 120 MHz, 3996 MHz, 0 %, 0 %
2026/03/23 23:12:37.279, 7, 176.59 W, 28, 120 MHz, 3996 MHz, 0 %, 0 %
2026/03/23 23:12:38.279, 0, 229.27 W, 28, 2032 MHz, 3996 MHz, 0 %, 0 %
2026/03/23 23:12:38.279, 1, 235.03 W, 31, 2032 MHz, 3996 MHz, 0 %, 0 %
2026/03/23 23:12:38.279, 2, 234.06 W, 28, 2032 MHz, 3996 MHz, 0 %, 0 %
2026/03/23 23:12:38.279, 3, 235.25 W, 32, 2032 MHz, 3996 MHz, 0 %, 0 %
2026/03/23 23:12:38.279, 4, 178.98 W, 26, 120 MHz, 3996 MHz, 0 %, 0 %
2026/03/23 23:12:38.279, 5, 180.58 W, 28, 120 MHz, 3996 MHz, 0 %, 0 %
2026/03/23 23:12:38.279, 6, 178.03 W, 27, 120 MHz, 3996 MHz, 0 %, 0 %
2026/03/23 23:12:38.279, 7, 176.59 W, 28, 120 MHz, 3996 MHz, 0 %, 0 %
2026/03/23 23:12:39.279, 0, 229.47 W, 28, 2032 MHz, 3996 MHz, 0 %, 0 %
2026/03/23 23:12:39.279, 1, 235.26 W, 31, 2032 MHz, 3996 MHz, 0 %, 0 %
2026/03/23 23:12:39.279, 2, 234.14 W, 28, 2032 MHz, 3996 MHz, 0 %, 0 %
2026/03/23 23:12:39.279, 3, 235.26 W, 31, 2032 MHz, 3996 MHz, 0 %, 0 %
2026/03/23 23:12:39.279, 4, 178.89 W, 26, 120 MHz, 3996 MHz, 0 %, 0 %
2026/03/23 23:12:39.279, 5, 180.58 W, 28, 120 MHz, 3996 MHz, 0 %, 0 %
2026/03/23 23:12:39.279, 6, 178.33 W, 27, 120 MHz, 3996 MHz, 0 %, 0 %
2026/03/23 23:12:39.279, 7, 176.59 W, 28, 120 MHz, 3996 MHz, 0 %, 0 %
2026/03/23 23:12:40.279, 0, 229.41 W, 28, 2032 MHz, 3996 MHz, 0 %, 0 %
2026/03/23 23:12:40.279, 1, 235.26 W, 31, 2032 MHz, 3996 MHz, 0 %, 0 %
2026/03/23 23:12:40.279, 2, 234.18 W, 28, 2032 MHz, 3996 MHz, 0 %, 0 %
2026/03/23 23:12:40.280, 3, 235.31 W, 31, 2032 MHz, 3996 MHz, 0 %, 0 %
2026/03/23 23:12:40.280, 4, 179.13 W, 26, 120 MHz, 3996 MHz, 0 %, 0 %
2026/03/23 23:12:40.280, 5, 180.58 W, 28, 120 MHz, 3996 MHz, 0 %, 0 %
2026/03/23 23:12:40.280, 6, 178.15 W, 27, 120 MHz, 3996 MHz, 0 %, 0 %
2026/03/23 23:12:40.280, 7, 176.59 W, 28, 120 MHz, 3996 MHz, 0 %, 0 %
2026/03/23 23:12:41.280, 0, 229.27 W, 28, 2032 MHz, 3996 MHz, 0 %, 0 %
2026/03/23 23:12:41.280, 1, 235.26 W, 31, 2032 MHz, 3996 MHz, 0 %, 0 %
2026/03/23 23:12:41.280, 2, 234.10 W, 28, 2032 MHz, 3996 MHz, 0 %, 0 %
2026/03/23 23:12:41.280, 3, 235.32 W, 31, 2032 MHz, 3996 MHz, 0 %, 0 %
2026/03/23 23:12:41.280, 4, 179.04 W, 26, 120 MHz, 3996 MHz, 0 %, 0 %
2026/03/23 23:12:41.280, 5, 180.58 W, 28, 120 MHz, 3996 MHz, 0 %, 0 %
2026/03/23 23:12:41.280, 6, 178.25 W, 27, 120 MHz, 3996 MHz, 0 %, 0 %
2026/03/23 23:12:41.280, 7, 176.59 W, 28, 120 MHz, 3996 MHz, 0 %, 0 %
2026/03/23 23:12:42.280, 0, 229.48 W, 28, 2032 MHz, 3996 MHz, 0 %, 0 %
2026/03/23 23:12:42.280, 1, 235.26 W, 31, 2032 MHz, 3996 MHz, 0 %, 0 %
2026/03/23 23:12:42.280, 2, 234.44 W, 28, 2032 MHz, 3996 MHz, 0 %, 0 %
2026/03/23 23:12:42.280, 3, 235.31 W, 31, 2032 MHz, 3996 MHz, 0 %, 0 %
2026/03/23 23:12:42.280, 4, 178.94 W, 26, 120 MHz, 3996 MHz, 0 %, 0 %
2026/03/23 23:12:42.280, 5, 180.58 W, 28, 120 MHz, 3996 MHz, 0 %, 0 %
2026/03/23 23:12:42.280, 6, 178.37 W, 27, 120 MHz, 3996 MHz, 0 %, 0 %
2026/03/23 23:12:42.280, 7, 176.60 W, 28, 120 MHz, 3996 MHz, 0 %, 0 %
2026/03/23 23:12:43.280, 0, 229.51 W, 28, 2032 MHz, 3996 MHz, 0 %, 0 %
2026/03/23 23:12:43.280, 1, 235.26 W, 31, 2032 MHz, 3996 MHz, 0 %, 0 %
2026/03/23 23:12:43.280, 2, 234.48 W, 28, 2032 MHz, 3996 MHz, 0 %, 0 %
2026/03/23 23:12:43.280, 3, 235.34 W, 31, 2032 MHz, 3996 MHz, 0 %, 0 %
2026/03/23 23:12:43.280, 4, 179.00 W, 26, 120 MHz, 3996 MHz, 0 %, 0 %
2026/03/23 23:12:43.280, 5, 180.58 W, 28, 120 MHz, 3996 MHz, 0 %, 0 %
2026/03/23 23:12:43.280, 6, 178.22 W, 27, 120 MHz, 3996 MHz, 0 %, 0 %
2026/03/23 23:12:43.280, 7, 176.59 W, 28, 120 MHz, 3996 MHz, 0 %, 0 %
2026/03/23 23:12:44.280, 0, 229.68 W, 28, 2032 MHz, 3996 MHz, 0 %, 0 %
2026/03/23 23:12:44.280, 1, 235.26 W, 31, 2032 MHz, 3996 MHz, 0 %, 0 %
2026/03/23 23:12:44.280, 2, 234.52 W, 28, 2032 MHz, 3996 MHz, 0 %, 0 %
2026/03/23 23:12:44.280, 3, 235.33 W, 31, 2032 MHz, 3996 MHz, 0 %, 0 %
2026/03/23 23:12:44.280, 4, 178.86 W, 26, 120 MHz, 3996 MHz, 0 %, 0 %
2026/03/23 23:12:44.280, 5, 180.58 W, 28, 120 MHz, 3996 MHz, 0 %, 0 %
2026/03/23 23:12:44.280, 6, 178.45 W, 27, 120 MHz, 3996 MHz, 0 %, 0 %
2026/03/23 23:12:44.280, 7, 176.59 W, 28, 120 MHz, 3996 MHz, 0 %, 0 %
2026/03/23 23:12:45.280, 0, 229.21 W, 28, 2032 MHz, 3996 MHz, 0 %, 0 %
2026/03/23 23:12:45.280, 1, 235.26 W, 31, 2032 MHz, 3996 MHz, 0 %, 0 %
2026/03/23 23:12:45.280, 2, 234.57 W, 28, 2032 MHz, 3996 MHz, 0 %, 0 %
2026/03/23 23:12:45.280, 3, 235.23 W, 31, 2032 MHz, 3996 MHz, 0 %, 0 %
2026/03/23 23:12:45.280, 4, 179.02 W, 26, 120 MHz, 3996 MHz, 0 %, 0 %
2026/03/23 23:12:45.280, 5, 180.58 W, 28, 120 MHz, 3996 MHz, 0 %, 0 %
2026/03/23 23:12:45.280, 6, 178.56 W, 27, 120 MHz, 3996 MHz, 0 %, 0 %
2026/03/23 23:12:45.280, 7, 176.59 W, 28, 120 MHz, 3996 MHz, 0 %, 0 %
2026/03/23 23:12:46.280, 0, 229.80 W, 28, 2032 MHz, 3996 MHz, 0 %, 0 %
2026/03/23 23:12:46.280, 1, 235.26 W, 31, 2032 MHz, 3996 MHz, 0 %, 0 %
2026/03/23 23:12:46.280, 2, 234.45 W, 28, 2032 MHz, 3996 MHz, 0 %, 0 %
2026/03/23 23:12:46.280, 3, 235.32 W, 31, 2032 MHz, 3996 MHz, 0 %, 0 %
2026/03/23 23:12:46.280, 4, 178.93 W, 26, 120 MHz, 3996 MHz, 0 %, 0 %
2026/03/23 23:12:46.280, 5, 180.58 W, 28, 120 MHz, 3996 MHz, 0 %, 0 %
2026/03/23 23:12:46.280, 6, 178.41 W, 27, 120 MHz, 3996 MHz, 0 %, 0 %
2026/03/23 23:12:46.280, 7, 176.59 W, 28, 120 MHz, 3996 MHz, 0 %, 0 %
2026/03/23 23:12:47.281, 0, 229.67 W, 28, 2032 MHz, 3996 MHz, 0 %, 0 %
2026/03/23 23:12:47.281, 1, 235.26 W, 31, 2032 MHz, 3996 MHz, 0 %, 0 %
2026/03/23 23:12:47.281, 2, 234.26 W, 28, 2032 MHz, 3996 MHz, 0 %, 0 %
2026/03/23 23:12:47.281, 3, 235.28 W, 31, 2032 MHz, 3996 MHz, 0 %, 0 %
2026/03/23 23:12:47.281, 4, 178.86 W, 26, 120 MHz, 3996 MHz, 0 %, 0 %
2026/03/23 23:12:47.281, 5, 180.58 W, 28, 120 MHz, 3996 MHz, 0 %, 0 %
2026/03/23 23:12:47.281, 6, 178.41 W, 27, 120 MHz, 3996 MHz, 0 %, 0 %
2026/03/23 23:12:47.281, 7, 176.60 W, 28, 120 MHz, 3996 MHz, 0 %, 0 %
2026/03/23 23:12:48.281, 0, 229.66 W, 28, 2032 MHz, 3996 MHz, 0 %, 0 %
2026/03/23 23:12:48.281, 1, 235.26 W, 31, 2032 MHz, 3996 MHz, 0 %, 0 %
2026/03/23 23:12:48.281, 2, 234.25 W, 28, 2032 MHz, 3996 MHz, 0 %, 0 %
2026/03/23 23:12:48.281, 3, 235.35 W, 31, 2032 MHz, 3996 MHz, 0 %, 0 %
2026/03/23 23:12:48.281, 4, 178.96 W, 26, 120 MHz, 3996 MHz, 0 %, 0 %
2026/03/23 23:12:48.281, 5, 180.58 W, 28, 120 MHz, 3996 MHz, 0 %, 0 %
2026/03/23 23:12:48.281, 6, 178.37 W, 27, 120 MHz, 3996 MHz, 0 %, 0 %
2026/03/23 23:12:48.281, 7, 176.60 W, 28, 120 MHz, 3996 MHz, 0 %, 0 %
2026/03/23 23:12:49.281, 0, 229.74 W, 28, 2032 MHz, 3996 MHz, 0 %, 0 %
2026/03/23 23:12:49.281, 1, 235.26 W, 31, 2032 MHz, 3996 MHz, 0 %, 0 %
2026/03/23 23:12:49.281, 2, 234.14 W, 28, 2032 MHz, 3996 MHz, 0 %, 0 %
2026/03/23 23:12:49.281, 3, 235.22 W, 31, 2032 MHz, 3996 MHz, 0 %, 0 %
2026/03/23 23:12:49.281, 4, 179.28 W, 26, 120 MHz, 3996 MHz, 0 %, 0 %
2026/03/23 23:12:49.281, 5, 180.58 W, 28, 120 MHz, 3996 MHz, 0 %, 0 %
2026/03/23 23:12:49.281, 6, 178.33 W, 27, 120 MHz, 3996 MHz, 0 %, 0 %
2026/03/23 23:12:49.281, 7, 176.58 W, 28, 120 MHz, 3996 MHz, 0 %, 0 %
2026/03/23 23:12:50.281, 0, 229.63 W, 28, 2032 MHz, 3996 MHz, 0 %, 0 %
2026/03/23 23:12:50.281, 1, 235.26 W, 31, 2032 MHz, 3996 MHz, 0 %, 0 %
2026/03/23 23:12:50.281, 2, 234.29 W, 28, 2032 MHz, 3996 MHz, 0 %, 0 %
2026/03/23 23:12:50.281, 3, 235.37 W, 31, 2032 MHz, 3996 MHz, 0 %, 0 %
2026/03/23 23:12:50.281, 4, 179.06 W, 26, 120 MHz, 3996 MHz, 0 %, 0 %
2026/03/23 23:12:50.281, 5, 180.58 W, 28, 120 MHz, 3996 MHz, 0 %, 0 %
2026/03/23 23:12:50.281, 6, 178.06 W, 27, 120 MHz, 3996 MHz, 0 %, 0 %
2026/03/23 23:12:50.281, 7, 176.59 W, 28, 120 MHz, 3996 MHz, 0 %, 0 %
2026/03/23 23:12:51.281, 0, 229.63 W, 28, 2032 MHz, 3996 MHz, 0 %, 0 %
2026/03/23 23:12:51.281, 1, 235.26 W, 31, 2032 MHz, 3996 MHz, 0 %, 0 %
2026/03/23 23:12:51.281, 2, 234.45 W, 28, 2032 MHz, 3996 MHz, 0 %, 0 %
2026/03/23 23:12:51.281, 3, 235.24 W, 31, 2032 MHz, 3996 MHz, 0 %, 0 %
2026/03/23 23:12:51.281, 4, 178.98 W, 26, 120 MHz, 3996 MHz, 0 %, 0 %
2026/03/23 23:12:51.281, 5, 180.58 W, 28, 120 MHz, 3996 MHz, 0 %, 0 %
2026/03/23 23:12:51.281, 6, 178.11 W, 27, 120 MHz, 3996 MHz, 0 %, 0 %
2026/03/23 23:12:51.281, 7, 176.58 W, 28, 120 MHz, 3996 MHz, 0 %, 0 %
2026/03/23 23:12:52.281, 0, 229.55 W, 28, 2032 MHz, 3996 MHz, 0 %, 0 %
2026/03/23 23:12:52.281, 1, 235.26 W, 31, 2032 MHz, 3996 MHz, 0 %, 0 %
2026/03/23 23:12:52.281, 2, 234.33 W, 28, 2032 MHz, 3996 MHz, 0 %, 0 %
2026/03/23 23:12:52.281, 3, 235.24 W, 31, 2032 MHz, 3996 MHz, 0 %, 0 %
2026/03/23 23:12:52.281, 4, 178.93 W, 26, 120 MHz, 3996 MHz, 0 %, 0 %
2026/03/23 23:12:52.281, 5, 180.62 W, 28, 120 MHz, 3996 MHz, 0 %, 0 %
2026/03/23 23:12:52.281, 6, 178.33 W, 27, 120 MHz, 3996 MHz, 0 %, 0 %
2026/03/23 23:12:52.281, 7, 176.58 W, 28, 120 MHz, 3996 MHz, 0 %, 0 %
2026/03/23 23:12:53.282, 0, 229.78 W, 28, 2032 MHz, 3996 MHz, 0 %, 0 %
2026/03/23 23:12:53.282, 1, 235.22 W, 31, 2032 MHz, 3996 MHz, 0 %, 0 %
2026/03/23 23:12:53.282, 2, 234.33 W, 28, 2032 MHz, 3996 MHz, 0 %, 0 %
2026/03/23 23:12:53.282, 3, 235.25 W, 31, 2032 MHz, 3996 MHz, 0 %, 0 %
2026/03/23 23:12:53.282, 4, 179.13 W, 26, 120 MHz, 3996 MHz, 0 %, 0 %
2026/03/23 23:12:53.282, 5, 180.58 W, 28, 120 MHz, 3996 MHz, 0 %, 0 %
2026/03/23 23:12:53.282, 6, 178.38 W, 27, 120 MHz, 3996 MHz, 0 %, 0 %
2026/03/23 23:12:53.282, 7, 176.58 W, 28, 120 MHz, 3996 MHz, 0 %, 0 %
2026/03/23 23:12:54.282, 0, 229.43 W, 28, 2032 MHz, 3996 MHz, 0 %, 0 %
2026/03/23 23:12:54.282, 1, 234.31 W, 31, 2032 MHz, 3996 MHz, 0 %, 0 %
2026/03/23 23:12:54.282, 2, 234.33 W, 28, 2032 MHz, 3996 MHz, 0 %, 0 %
2026/03/23 23:12:54.282, 3, 235.21 W, 31, 2032 MHz, 3996 MHz, 0 %, 0 %
2026/03/23 23:12:54.282, 4, 179.27 W, 26, 120 MHz, 3996 MHz, 0 %, 0 %
2026/03/23 23:12:54.282, 5, 180.58 W, 28, 120 MHz, 3996 MHz, 0 %, 0 %
2026/03/23 23:12:54.282, 6, 178.45 W, 27, 120 MHz, 3996 MHz, 0 %, 0 %
2026/03/23 23:12:54.282, 7, 176.58 W, 28, 120 MHz, 3996 MHz, 0 %, 0 %
2026/03/23 23:12:55.282, 0, 228.73 W, 28, 2032 MHz, 3996 MHz, 1 %, 0 %
2026/03/23 23:12:55.282, 1, 234.33 W, 31, 2032 MHz, 3996 MHz, 1 %, 0 %
2026/03/23 23:12:55.282, 2, 234.10 W, 28, 2032 MHz, 3996 MHz, 1 %, 0 %
2026/03/23 23:12:55.282, 3, 235.21 W, 31, 2032 MHz, 3996 MHz, 1 %, 0 %
2026/03/23 23:12:55.282, 4, 179.09 W, 26, 120 MHz, 3996 MHz, 0 %, 0 %
2026/03/23 23:12:55.282, 5, 180.58 W, 28, 120 MHz, 3996 MHz, 0 %, 0 %
2026/03/23 23:12:55.282, 6, 178.29 W, 27, 120 MHz, 3996 MHz, 0 %, 0 %
2026/03/23 23:12:55.282, 7, 176.59 W, 28, 120 MHz, 3996 MHz, 0 %, 0 %
2026/03/23 23:12:56.282, 0, 228.39 W, 28, 2032 MHz, 3996 MHz, 0 %, 0 %
2026/03/23 23:12:56.282, 1, 233.82 W, 31, 2032 MHz, 3996 MHz, 0 %, 0 %
2026/03/23 23:12:56.282, 2, 234.02 W, 28, 2032 MHz, 3996 MHz, 0 %, 0 %
2026/03/23 23:12:56.282, 3, 235.24 W, 31, 2032 MHz, 3996 MHz, 0 %, 0 %
2026/03/23 23:12:56.282, 4, 179.13 W, 26, 120 MHz, 3996 MHz, 0 %, 0 %
2026/03/23 23:12:56.282, 5, 180.58 W, 28, 120 MHz, 3996 MHz, 0 %, 0 %
2026/03/23 23:12:56.282, 6, 178.06 W, 27, 120 MHz, 3996 MHz, 0 %, 0 %
2026/03/23 23:12:56.282, 7, 176.59 W, 28, 120 MHz, 3996 MHz, 0 %, 0 %
2026/03/23 23:12:57.282, 0, 228.47 W, 28, 2032 MHz, 3996 MHz, 0 %, 0 %
2026/03/23 23:12:57.282, 1, 233.93 W, 31, 2032 MHz, 3996 MHz, 0 %, 0 %
2026/03/23 23:12:57.282, 2, 234.02 W, 28, 2032 MHz, 3996 MHz, 0 %, 0 %
2026/03/23 23:12:57.282, 3, 235.17 W, 31, 2032 MHz, 3996 MHz, 0 %, 0 %
2026/03/23 23:12:57.282, 4, 179.13 W, 26, 120 MHz, 3996 MHz, 0 %, 0 %
2026/03/23 23:12:57.282, 5, 180.58 W, 28, 120 MHz, 3996 MHz, 0 %, 0 %
2026/03/23 23:12:57.282, 6, 178.34 W, 27, 120 MHz, 3996 MHz, 0 %, 0 %
2026/03/23 23:12:57.282, 7, 176.59 W, 28, 120 MHz, 3996 MHz, 0 %, 0 %
2026/03/23 23:12:58.282, 0, 228.15 W, 28, 2032 MHz, 3996 MHz, 0 %, 0 %
2026/03/23 23:12:58.282, 1, 233.43 W, 31, 2032 MHz, 3996 MHz, 0 %, 0 %
2026/03/23 23:12:58.282, 2, 234.02 W, 28, 2032 MHz, 3996 MHz, 0 %, 0 %
2026/03/23 23:12:58.283, 3, 235.18 W, 31, 2032 MHz, 3996 MHz, 0 %, 0 %
2026/03/23 23:12:58.283, 4, 179.06 W, 26, 120 MHz, 3996 MHz, 0 %, 0 %
2026/03/23 23:12:58.283, 5, 180.58 W, 28, 120 MHz, 3996 MHz, 0 %, 0 %
2026/03/23 23:12:58.283, 6, 178.37 W, 27, 120 MHz, 3996 MHz, 0 %, 0 %
2026/03/23 23:12:58.283, 7, 176.58 W, 28, 120 MHz, 3996 MHz, 0 %, 0 %
2026/03/23 23:12:59.283, 0, 228.08 W, 28, 2032 MHz, 3996 MHz, 0 %, 0 %
2026/03/23 23:12:59.283, 1, 233.62 W, 31, 2032 MHz, 3996 MHz, 0 %, 0 %
2026/03/23 23:12:59.283, 2, 234.02 W, 28, 2032 MHz, 3996 MHz, 0 %, 0 %
2026/03/23 23:12:59.283, 3, 235.20 W, 31, 2032 MHz, 3996 MHz, 0 %, 0 %
2026/03/23 23:12:59.283, 4, 179.28 W, 26, 120 MHz, 3996 MHz, 0 %, 0 %
2026/03/23 23:12:59.283, 5, 180.58 W, 28, 120 MHz, 3996 MHz, 0 %, 0 %
2026/03/23 23:12:59.283, 6, 178.34 W, 27, 120 MHz, 3996 MHz, 0 %, 0 %
2026/03/23 23:12:59.283, 7, 176.61 W, 28, 120 MHz, 3996 MHz, 0 %, 0 %
2026/03/23 23:13:00.283, 0, 228.12 W, 28, 2032 MHz, 3996 MHz, 0 %, 0 %
2026/03/23 23:13:00.283, 1, 233.32 W, 31, 2032 MHz, 3996 MHz, 0 %, 0 %
2026/03/23 23:13:00.283, 2, 234.02 W, 28, 2032 MHz, 3996 MHz, 0 %, 0 %
2026/03/23 23:13:00.283, 3, 235.13 W, 31, 2032 MHz, 3996 MHz, 0 %, 0 %
2026/03/23 23:13:00.283, 4, 179.18 W, 26, 120 MHz, 3996 MHz, 0 %, 0 %
2026/03/23 23:13:00.283, 5, 180.58 W, 28, 120 MHz, 3996 MHz, 0 %, 0 %
2026/03/23 23:13:00.283, 6, 178.41 W, 27, 120 MHz, 3996 MHz, 0 %, 0 %
2026/03/23 23:13:00.283, 7, 176.59 W, 28, 120 MHz, 3996 MHz, 0 %, 0 %
2026/03/23 23:13:01.283, 0, 228.07 W, 28, 2032 MHz, 3996 MHz, 0 %, 0 %
2026/03/23 23:13:01.283, 1, 233.32 W, 31, 2032 MHz, 3996 MHz, 0 %, 0 %
2026/03/23 23:13:01.283, 2, 234.02 W, 28, 2032 MHz, 3996 MHz, 0 %, 0 %
2026/03/23 23:13:01.283, 3, 235.18 W, 31, 2032 MHz, 3996 MHz, 0 %, 0 %
2026/03/23 23:13:01.283, 4, 178.99 W, 26, 120 MHz, 3996 MHz, 0 %, 0 %
2026/03/23 23:13:01.283, 5, 180.58 W, 28, 120 MHz, 3996 MHz, 0 %, 0 %
2026/03/23 23:13:01.283, 6, 178.37 W, 27, 120 MHz, 3996 MHz, 0 %, 0 %
2026/03/23 23:13:01.283, 7, 176.58 W, 28, 120 MHz, 3996 MHz, 0 %, 0 %
2026/03/23 23:13:02.283, 0, 228.07 W, 28, 2032 MHz, 3996 MHz, 0 %, 0 %
2026/03/23 23:13:02.283, 1, 233.40 W, 31, 2032 MHz, 3996 MHz, 0 %, 0 %
2026/03/23 23:13:02.283, 2, 234.02 W, 28, 2032 MHz, 3996 MHz, 0 %, 0 %
2026/03/23 23:13:02.283, 3, 235.19 W, 31, 2032 MHz, 3996 MHz, 0 %, 0 %
2026/03/23 23:13:02.283, 4, 179.06 W, 26, 120 MHz, 3996 MHz, 0 %, 0 %
2026/03/23 23:13:02.283, 5, 180.58 W, 28, 120 MHz, 3996 MHz, 0 %, 0 %
2026/03/23 23:13:02.283, 6, 178.25 W, 27, 120 MHz, 3996 MHz, 0 %, 0 %
2026/03/23 23:13:02.283, 7, 176.58 W, 28, 120 MHz, 3996 MHz, 0 %, 0 %
2026/03/23 23:13:03.283, 0, 228.18 W, 28, 2032 MHz, 3996 MHz, 0 %, 0 %
2026/03/23 23:13:03.283, 1, 233.43 W, 31, 2032 MHz, 3996 MHz, 0 %, 0 %
2026/03/23 23:13:03.283, 2, 234.02 W, 28, 2032 MHz, 3996 MHz, 0 %, 0 %
2026/03/23 23:13:03.283, 3, 235.15 W, 31, 2032 MHz, 3996 MHz, 0 %, 0 %
2026/03/23 23:13:03.283, 4, 179.23 W, 26, 120 MHz, 3996 MHz, 0 %, 0 %
2026/03/23 23:13:03.283, 5, 180.58 W, 28, 120 MHz, 3996 MHz, 0 %, 0 %
2026/03/23 23:13:03.283, 6, 178.49 W, 27, 120 MHz, 3996 MHz, 0 %, 0 %
2026/03/23 23:13:03.283, 7, 176.58 W, 28, 120 MHz, 3996 MHz, 0 %, 0 %
2026/03/23 23:13:04.283, 0, 228.12 W, 28, 2032 MHz, 3996 MHz, 0 %, 0 %
2026/03/23 23:13:04.283, 1, 233.35 W, 31, 2032 MHz, 3996 MHz, 0 %, 0 %
2026/03/23 23:13:04.283, 2, 234.02 W, 28, 2032 MHz, 3996 MHz, 0 %, 0 %
2026/03/23 23:13:04.283, 3, 235.17 W, 31, 2032 MHz, 3996 MHz, 0 %, 0 %
2026/03/23 23:13:04.283, 4, 179.25 W, 26, 120 MHz, 3996 MHz, 0 %, 0 %
2026/03/23 23:13:04.284, 5, 180.58 W, 28, 120 MHz, 3996 MHz, 0 %, 0 %
2026/03/23 23:13:04.284, 6, 178.34 W, 27, 120 MHz, 3996 MHz, 0 %, 0 %
2026/03/23 23:13:04.284, 7, 176.58 W, 28, 120 MHz, 3996 MHz, 0 %, 0 %
2026/03/23 23:13:05.284, 0, 228.11 W, 28, 2032 MHz, 3996 MHz, 0 %, 0 %
2026/03/23 23:13:05.284, 1, 233.32 W, 30, 2032 MHz, 3996 MHz, 0 %, 0 %
2026/03/23 23:13:05.284, 2, 234.02 W, 28, 2032 MHz, 3996 MHz, 0 %, 0 %
2026/03/23 23:13:05.284, 3, 235.16 W, 31, 2032 MHz, 3996 MHz, 0 %, 0 %
2026/03/23 23:13:05.284, 4, 179.18 W, 26, 120 MHz, 3996 MHz, 0 %, 0 %
2026/03/23 23:13:05.284, 5, 180.58 W, 28, 120 MHz, 3996 MHz, 0 %, 0 %
2026/03/23 23:13:05.284, 6, 178.49 W, 27, 120 MHz, 3996 MHz, 0 %, 0 %
2026/03/23 23:13:05.284, 7, 176.59 W, 28, 120 MHz, 3996 MHz, 0 %, 0 %
2026/03/23 23:13:06.284, 0, 228.07 W, 28, 2032 MHz, 3996 MHz, 0 %, 0 %
2026/03/23 23:13:06.284, 1, 233.32 W, 30, 2032 MHz, 3996 MHz, 0 %, 0 %
2026/03/23 23:13:06.284, 2, 234.02 W, 28, 2032 MHz, 3996 MHz, 0 %, 0 %
2026/03/23 23:13:06.284, 3, 235.13 W, 31, 2032 MHz, 3996 MHz, 0 %, 0 %
2026/03/23 23:13:06.284, 4, 179.03 W, 26, 120 MHz, 3996 MHz, 0 %, 0 %
2026/03/23 23:13:06.284, 5, 180.58 W, 28, 120 MHz, 3996 MHz, 0 %, 0 %
2026/03/23 23:13:06.284, 6, 178.52 W, 27, 120 MHz, 3996 MHz, 0 %, 0 %
2026/03/23 23:13:06.284, 7, 176.58 W, 28, 120 MHz, 3996 MHz, 0 %, 0 %
2026/03/23 23:13:07.284, 0, 228.07 W, 28, 2032 MHz, 3996 MHz, 0 %, 0 %
2026/03/23 23:13:07.284, 1, 233.32 W, 30, 2032 MHz, 3996 MHz, 0 %, 0 %
2026/03/23 23:13:07.284, 2, 234.02 W, 28, 2032 MHz, 3996 MHz, 0 %, 0 %
2026/03/23 23:13:07.284, 3, 235.10 W, 31, 2032 MHz, 3996 MHz, 0 %, 0 %
2026/03/23 23:13:07.284, 4, 179.24 W, 26, 120 MHz, 3996 MHz, 0 %, 0 %
2026/03/23 23:13:07.284, 5, 180.58 W, 28, 120 MHz, 3996 MHz, 0 %, 0 %
2026/03/23 23:13:07.284, 6, 178.30 W, 27, 120 MHz, 3996 MHz, 0 %, 0 %
2026/03/23 23:13:07.284, 7, 176.58 W, 28, 120 MHz, 3996 MHz, 0 %, 0 %
2026/03/23 23:13:08.284, 0, 228.30 W, 28, 2032 MHz, 3996 MHz, 0 %, 0 %
2026/03/23 23:13:08.284, 1, 233.51 W, 30, 2032 MHz, 3996 MHz, 0 %, 0 %
2026/03/23 23:13:08.284, 2, 234.06 W, 28, 2032 MHz, 3996 MHz, 0 %, 0 %
2026/03/23 23:13:08.284, 3, 235.18 W, 31, 2032 MHz, 3996 MHz, 0 %, 0 %
2026/03/23 23:13:08.284, 4, 179.17 W, 26, 120 MHz, 3996 MHz, 0 %, 0 %
2026/03/23 23:13:08.284, 5, 180.58 W, 28, 120 MHz, 3996 MHz, 0 %, 0 %
2026/03/23 23:13:08.284, 6, 178.14 W, 27, 120 MHz, 3996 MHz, 0 %, 0 %
2026/03/23 23:13:08.284, 7, 176.58 W, 28, 120 MHz, 3996 MHz, 0 %, 0 %
2026/03/23 23:13:09.284, 0, 228.71 W, 28, 2032 MHz, 3996 MHz, 0 %, 0 %
2026/03/23 23:13:09.284, 1, 234.00 W, 30, 2032 MHz, 3996 MHz, 0 %, 0 %
2026/03/23 23:13:09.284, 2, 234.02 W, 28, 2032 MHz, 3996 MHz, 0 %, 0 %
2026/03/23 23:13:09.284, 3, 235.21 W, 31, 2032 MHz, 3996 MHz, 0 %, 0 %
2026/03/23 23:13:09.284, 4, 179.09 W, 26, 120 MHz, 3996 MHz, 0 %, 0 %
2026/03/23 23:13:09.284, 5, 180.58 W, 28, 120 MHz, 3996 MHz, 0 %, 0 %
2026/03/23 23:13:09.284, 6, 178.38 W, 27, 120 MHz, 3996 MHz, 0 %, 0 %
2026/03/23 23:13:09.284, 7, 176.58 W, 28, 120 MHz, 3996 MHz, 0 %, 0 %
2026/03/23 23:13:10.284, 0, 228.34 W, 28, 2032 MHz, 3996 MHz, 0 %, 0 %
2026/03/23 23:13:10.284, 1, 233.32 W, 30, 2032 MHz, 3996 MHz, 0 %, 0 %
2026/03/23 23:13:10.284, 2, 234.02 W, 28, 2032 MHz, 3996 MHz, 0 %, 0 %
2026/03/23 23:13:10.284, 3, 235.16 W, 31, 2032 MHz, 3996 MHz, 0 %, 0 %
2026/03/23 23:13:10.284, 4, 179.06 W, 26, 120 MHz, 3996 MHz, 0 %, 0 %
2026/03/23 23:13:10.285, 5, 180.58 W, 28, 120 MHz, 3996 MHz, 0 %, 0 %
2026/03/23 23:13:10.285, 6, 178.41 W, 27, 120 MHz, 3996 MHz, 0 %, 0 %
2026/03/23 23:13:10.285, 7, 176.58 W, 28, 120 MHz, 3996 MHz, 0 %, 0 %
2026/03/23 23:13:11.285, 0, 228.19 W, 28, 2032 MHz, 3996 MHz, 0 %, 0 %
2026/03/23 23:13:11.285, 1, 233.32 W, 30, 2032 MHz, 3996 MHz, 0 %, 0 %
2026/03/23 23:13:11.285, 2, 234.02 W, 28, 2032 MHz, 3996 MHz, 0 %, 0 %
2026/03/23 23:13:11.285, 3, 235.11 W, 31, 2032 MHz, 3996 MHz, 0 %, 0 %
2026/03/23 23:13:11.285, 4, 179.18 W, 26, 120 MHz, 3996 MHz, 0 %, 0 %
2026/03/23 23:13:11.285, 5, 180.58 W, 28, 120 MHz, 3996 MHz, 0 %, 0 %
2026/03/23 23:13:11.285, 6, 178.22 W, 27, 120 MHz, 3996 MHz, 0 %, 0 %
2026/03/23 23:13:11.285, 7, 176.58 W, 28, 120 MHz, 3996 MHz, 0 %, 0 %
2026/03/23 23:13:12.285, 0, 228.11 W, 28, 2032 MHz, 3996 MHz, 0 %, 0 %
2026/03/23 23:13:12.285, 1, 233.32 W, 30, 2032 MHz, 3996 MHz, 0 %, 0 %
2026/03/23 23:13:12.285, 2, 234.02 W, 28, 2032 MHz, 3996 MHz, 0 %, 0 %
2026/03/23 23:13:12.285, 3, 235.05 W, 31, 2032 MHz, 3996 MHz, 0 %, 0 %
2026/03/23 23:13:12.285, 4, 178.98 W, 26, 120 MHz, 3996 MHz, 0 %, 0 %
2026/03/23 23:13:12.285, 5, 180.58 W, 28, 120 MHz, 3996 MHz, 0 %, 0 %
2026/03/23 23:13:12.285, 6, 178.21 W, 27, 120 MHz, 3996 MHz, 0 %, 0 %
2026/03/23 23:13:12.285, 7, 176.58 W, 28, 120 MHz, 3996 MHz, 0 %, 0 %
2026/03/23 23:13:13.285, 0, 228.11 W, 28, 2032 MHz, 3996 MHz, 0 %, 0 %
2026/03/23 23:13:13.285, 1, 233.36 W, 30, 2032 MHz, 3996 MHz, 0 %, 0 %
2026/03/23 23:13:13.285, 2, 234.02 W, 28, 2032 MHz, 3996 MHz, 0 %, 0 %
2026/03/23 23:13:13.285, 3, 235.06 W, 31, 2032 MHz, 3996 MHz, 0 %, 0 %
2026/03/23 23:13:13.285, 4, 178.90 W, 26, 120 MHz, 3996 MHz, 0 %, 0 %
2026/03/23 23:13:13.285, 5, 180.58 W, 28, 120 MHz, 3996 MHz, 0 %, 0 %
2026/03/23 23:13:13.285, 6, 178.45 W, 27, 120 MHz, 3996 MHz, 0 %, 0 %
2026/03/23 23:13:13.285, 7, 176.59 W, 28, 120 MHz, 3996 MHz, 0 %, 0 %
2026/03/23 23:13:14.285, 0, 228.07 W, 28, 2032 MHz, 3996 MHz, 0 %, 0 %
2026/03/23 23:13:14.285, 1, 233.32 W, 30, 2032 MHz, 3996 MHz, 3 %, 0 %
2026/03/23 23:13:14.285, 2, 234.02 W, 28, 2032 MHz, 3996 MHz, 0 %, 0 %
2026/03/23 23:13:14.285, 3, 235.00 W, 31, 2032 MHz, 3996 MHz, 8 %, 0 %
2026/03/23 23:13:14.285, 4, 179.10 W, 26, 120 MHz, 3996 MHz, 0 %, 0 %
2026/03/23 23:13:14.285, 5, 180.58 W, 28, 120 MHz, 3996 MHz, 0 %, 0 %
2026/03/23 23:13:14.285, 6, 178.25 W, 27, 120 MHz, 3996 MHz, 0 %, 0 %
2026/03/23 23:13:14.285, 7, 176.58 W, 28, 120 MHz, 3996 MHz, 0 %, 0 %
2026/03/23 23:13:15.285, 0, 228.31 W, 28, 2032 MHz, 3996 MHz, 0 %, 0 %
2026/03/23 23:13:15.285, 1, 233.55 W, 30, 2032 MHz, 3996 MHz, 0 %, 0 %
2026/03/23 23:13:15.285, 2, 234.02 W, 28, 2032 MHz, 3996 MHz, 4 %, 0 %
2026/03/23 23:13:15.285, 3, 235.23 W, 31, 2032 MHz, 3996 MHz, 0 %, 0 %
2026/03/23 23:13:15.285, 4, 178.94 W, 26, 120 MHz, 3996 MHz, 0 %, 0 %
2026/03/23 23:13:15.285, 5, 180.58 W, 28, 120 MHz, 3996 MHz, 0 %, 0 %
2026/03/23 23:13:15.285, 6, 178.29 W, 27, 120 MHz, 3996 MHz, 0 %, 0 %
2026/03/23 23:13:15.285, 7, 176.59 W, 28, 120 MHz, 3996 MHz, 0 %, 0 %
2026/03/23 23:13:16.285, 0, 229.66 W, 28, 2032 MHz, 3996 MHz, 11 %, 0 %
2026/03/23 23:13:16.285, 1, 235.23 W, 30, 2032 MHz, 3996 MHz, 8 %, 0 %
2026/03/23 23:13:16.285, 2, 235.22 W, 28, 2032 MHz, 3996 MHz, 10 %, 0 %
2026/03/23 23:13:16.285, 3, 235.51 W, 31, 2032 MHz, 3996 MHz, 12 %, 0 %
2026/03/23 23:13:16.285, 4, 178.99 W, 26, 120 MHz, 3996 MHz, 0 %, 0 %
2026/03/23 23:13:16.285, 5, 180.58 W, 28, 120 MHz, 3996 MHz, 0 %, 0 %
2026/03/23 23:13:16.286, 6, 178.18 W, 27, 120 MHz, 3996 MHz, 0 %, 0 %
2026/03/23 23:13:16.286, 7, 176.59 W, 28, 120 MHz, 3996 MHz, 0 %, 0 %
2026/03/23 23:13:17.286, 0, 229.46 W, 28, 2032 MHz, 3996 MHz, 11 %, 0 %
2026/03/23 23:13:17.286, 1, 234.75 W, 30, 2032 MHz, 3996 MHz, 9 %, 0 %
2026/03/23 23:13:17.286, 2, 235.31 W, 28, 2032 MHz, 3996 MHz, 10 %, 0 %
2026/03/23 23:13:17.286, 3, 235.62 W, 31, 2032 MHz, 3996 MHz, 8 %, 0 %
2026/03/23 23:13:17.286, 4, 179.04 W, 26, 120 MHz, 3996 MHz, 0 %, 0 %
2026/03/23 23:13:17.286, 5, 180.58 W, 28, 120 MHz, 3996 MHz, 0 %, 0 %
2026/03/23 23:13:17.286, 6, 178.15 W, 27, 120 MHz, 3996 MHz, 0 %, 0 %
2026/03/23 23:13:17.286, 7, 176.59 W, 28, 120 MHz, 3996 MHz, 0 %, 0 %
2026/03/23 23:13:18.286, 0, 229.40 W, 28, 2032 MHz, 3996 MHz, 11 %, 0 %
2026/03/23 23:13:18.286, 1, 234.83 W, 30, 2032 MHz, 3996 MHz, 9 %, 0 %
2026/03/23 23:13:18.286, 2, 235.30 W, 28, 2032 MHz, 3996 MHz, 10 %, 0 %
2026/03/23 23:13:18.286, 3, 235.59 W, 31, 2032 MHz, 3996 MHz, 5 %, 0 %
2026/03/23 23:13:18.286, 4, 178.98 W, 26, 120 MHz, 3996 MHz, 0 %, 0 %
2026/03/23 23:13:18.286, 5, 180.58 W, 28, 120 MHz, 3996 MHz, 0 %, 0 %
2026/03/23 23:13:18.286, 6, 178.45 W, 27, 120 MHz, 3996 MHz, 0 %, 0 %
2026/03/23 23:13:18.286, 7, 176.59 W, 28, 120 MHz, 3996 MHz, 0 %, 0 %
2026/03/23 23:13:19.286, 0, 229.58 W, 28, 2032 MHz, 3996 MHz, 5 %, 0 %
2026/03/23 23:13:19.286, 1, 234.84 W, 30, 2032 MHz, 3996 MHz, 10 %, 0 %
2026/03/23 23:13:19.286, 2, 235.20 W, 28, 2032 MHz, 3996 MHz, 9 %, 0 %
2026/03/23 23:13:19.286, 3, 235.76 W, 31, 2032 MHz, 3996 MHz, 5 %, 0 %
2026/03/23 23:13:19.286, 4, 178.97 W, 26, 120 MHz, 3996 MHz, 0 %, 0 %
2026/03/23 23:13:19.286, 5, 180.58 W, 28, 120 MHz, 3996 MHz, 0 %, 0 %
2026/03/23 23:13:19.286, 6, 178.25 W, 27, 120 MHz, 3996 MHz, 0 %, 0 %
2026/03/23 23:13:19.286, 7, 176.58 W, 28, 120 MHz, 3996 MHz, 0 %, 0 %
2026/03/23 23:13:20.286, 0, 229.58 W, 28, 2032 MHz, 3996 MHz, 6 %, 0 %
2026/03/23 23:13:20.286, 1, 235.03 W, 30, 2032 MHz, 3996 MHz, 8 %, 0 %
2026/03/23 23:13:20.286, 2, 235.12 W, 28, 2032 MHz, 3996 MHz, 9 %, 0 %
2026/03/23 23:13:20.286, 3, 235.52 W, 31, 2032 MHz, 3996 MHz, 10 %, 0 %
2026/03/23 23:13:20.286, 4, 179.01 W, 26, 120 MHz, 3996 MHz, 0 %, 0 %
2026/03/23 23:13:20.286, 5, 180.58 W, 28, 120 MHz, 3996 MHz, 0 %, 0 %
2026/03/23 23:13:20.286, 6, 178.30 W, 27, 120 MHz, 3996 MHz, 0 %, 0 %
2026/03/23 23:13:20.286, 7, 176.59 W, 28, 120 MHz, 3996 MHz, 0 %, 0 %
2026/03/23 23:13:21.286, 0, 229.51 W, 28, 2032 MHz, 3996 MHz, 11 %, 0 %
2026/03/23 23:13:21.286, 1, 234.76 W, 30, 2032 MHz, 3996 MHz, 8 %, 0 %
2026/03/23 23:13:21.286, 2, 235.09 W, 28, 2032 MHz, 3996 MHz, 6 %, 0 %
2026/03/23 23:13:21.286, 3, 235.74 W, 31, 2032 MHz, 3996 MHz, 12 %, 0 %
2026/03/23 23:13:21.286, 4, 179.19 W, 26, 120 MHz, 3996 MHz, 0 %, 0 %
2026/03/23 23:13:21.286, 5, 180.58 W, 28, 120 MHz, 3996 MHz, 0 %, 0 %
2026/03/23 23:13:21.286, 6, 178.33 W, 27, 120 MHz, 3996 MHz, 0 %, 0 %
2026/03/23 23:13:21.286, 7, 176.58 W, 28, 120 MHz, 3996 MHz, 0 %, 0 %
2026/03/23 23:13:22.286, 0, 229.58 W, 28, 2032 MHz, 3996 MHz, 11 %, 0 %
2026/03/23 23:13:22.286, 1, 235.03 W, 30, 2032 MHz, 3996 MHz, 8 %, 0 %
2026/03/23 23:13:22.286, 2, 235.15 W, 28, 2032 MHz, 3996 MHz, 5 %, 0 %
2026/03/23 23:13:22.286, 3, 235.55 W, 31, 2032 MHz, 3996 MHz, 12 %, 0 %
2026/03/23 23:13:22.286, 4, 179.20 W, 26, 120 MHz, 3996 MHz, 0 %, 0 %
2026/03/23 23:13:22.286, 5, 180.58 W, 28, 120 MHz, 3996 MHz, 0 %, 0 %
2026/03/23 23:13:22.286, 6, 178.41 W, 27, 120 MHz, 3996 MHz, 0 %, 0 %
2026/03/23 23:13:22.287, 7, 176.58 W, 28, 120 MHz, 3996 MHz, 0 %, 0 %
2026/03/23 23:13:23.287, 0, 229.51 W, 28, 2032 MHz, 3996 MHz, 11 %, 0 %
2026/03/23 23:13:23.287, 1, 234.84 W, 30, 2032 MHz, 3996 MHz, 7 %, 0 %
2026/03/23 23:13:23.287, 2, 235.20 W, 28, 2032 MHz, 3996 MHz, 5 %, 0 %
2026/03/23 23:13:23.287, 3, 235.38 W, 31, 2032 MHz, 3996 MHz, 11 %, 0 %
2026/03/23 23:13:23.287, 4, 179.15 W, 26, 120 MHz, 3996 MHz, 0 %, 0 %
2026/03/23 23:13:23.287, 5, 180.58 W, 28, 120 MHz, 3996 MHz, 0 %, 0 %
2026/03/23 23:13:23.287, 6, 178.49 W, 27, 120 MHz, 3996 MHz, 0 %, 0 %
2026/03/23 23:13:23.287, 7, 176.58 W, 28, 120 MHz, 3996 MHz, 0 %, 0 %
2026/03/23 23:13:24.287, 0, 229.58 W, 28, 2032 MHz, 3996 MHz, 11 %, 0 %
2026/03/23 23:13:24.287, 1, 234.87 W, 30, 2032 MHz, 3996 MHz, 8 %, 0 %
2026/03/23 23:13:24.287, 2, 235.26 W, 28, 2032 MHz, 3996 MHz, 5 %, 0 %
2026/03/23 23:13:24.287, 3, 235.30 W, 31, 2032 MHz, 3996 MHz, 5 %, 0 %
2026/03/23 23:13:24.287, 4, 179.00 W, 26, 120 MHz, 3996 MHz, 0 %, 0 %
2026/03/23 23:13:24.287, 5, 180.58 W, 28, 120 MHz, 3996 MHz, 0 %, 0 %
2026/03/23 23:13:24.287, 6, 178.45 W, 27, 120 MHz, 3996 MHz, 0 %, 0 %
2026/03/23 23:13:24.287, 7, 176.58 W, 28, 120 MHz, 3996 MHz, 0 %, 0 %
2026/03/23 23:13:25.287, 0, 229.42 W, 28, 2032 MHz, 3996 MHz, 11 %, 0 %
2026/03/23 23:13:25.287, 1, 234.95 W, 30, 2032 MHz, 3996 MHz, 7 %, 0 %
2026/03/23 23:13:25.287, 2, 235.20 W, 28, 2032 MHz, 3996 MHz, 5 %, 0 %
2026/03/23 23:13:25.287, 3, 235.47 W, 31, 2032 MHz, 3996 MHz, 6 %, 0 %
2026/03/23 23:13:25.287, 4, 179.07 W, 26, 120 MHz, 3996 MHz, 0 %, 0 %
2026/03/23 23:13:25.287, 5, 180.58 W, 28, 120 MHz, 3996 MHz, 0 %, 0 %
2026/03/23 23:13:25.287, 6, 178.38 W, 27, 120 MHz, 3996 MHz, 0 %, 0 %
2026/03/23 23:13:25.287, 7, 176.58 W, 28, 120 MHz, 3996 MHz, 0 %, 0 %
2026/03/23 23:13:26.287, 0, 229.35 W, 28, 2032 MHz, 3996 MHz, 9 %, 0 %
2026/03/23 23:13:26.287, 1, 234.76 W, 30, 2032 MHz, 3996 MHz, 8 %, 0 %
2026/03/23 23:13:26.287, 2, 235.24 W, 28, 2032 MHz, 3996 MHz, 5 %, 0 %
2026/03/23 23:13:26.287, 3, 235.60 W, 31, 2032 MHz, 3996 MHz, 6 %, 0 %
2026/03/23 23:13:26.287, 4, 179.18 W, 26, 120 MHz, 3996 MHz, 0 %, 0 %
2026/03/23 23:13:26.287, 5, 180.58 W, 28, 120 MHz, 3996 MHz, 0 %, 0 %
2026/03/23 23:13:26.287, 6, 178.37 W, 27, 120 MHz, 3996 MHz, 0 %, 0 %
2026/03/23 23:13:26.287, 7, 176.58 W, 28, 120 MHz, 3996 MHz, 0 %, 0 %
2026/03/23 23:13:27.287, 0, 229.47 W, 28, 2032 MHz, 3996 MHz, 5 %, 0 %
2026/03/23 23:13:27.287, 1, 234.84 W, 30, 2032 MHz, 3996 MHz, 11 %, 0 %
2026/03/23 23:13:27.287, 2, 235.26 W, 28, 2032 MHz, 3996 MHz, 7 %, 0 %
2026/03/23 23:13:27.287, 3, 235.49 W, 31, 2032 MHz, 3996 MHz, 11 %, 0 %
2026/03/23 23:13:27.287, 4, 179.21 W, 26, 120 MHz, 3996 MHz, 0 %, 0 %
2026/03/23 23:13:27.287, 5, 180.58 W, 28, 120 MHz, 3996 MHz, 0 %, 0 %
2026/03/23 23:13:27.287, 6, 178.37 W, 27, 120 MHz, 3996 MHz, 0 %, 0 %
2026/03/23 23:13:27.287, 7, 176.59 W, 28, 120 MHz, 3996 MHz, 0 %, 0 %
2026/03/23 23:13:28.287, 0, 229.54 W, 28, 2032 MHz, 3996 MHz, 5 %, 0 %
2026/03/23 23:13:28.287, 1, 234.87 W, 30, 2032 MHz, 3996 MHz, 9 %, 0 %
2026/03/23 23:13:28.287, 2, 235.24 W, 28, 2032 MHz, 3996 MHz, 10 %, 0 %
2026/03/23 23:13:28.287, 3, 235.62 W, 31, 2032 MHz, 3996 MHz, 11 %, 0 %
2026/03/23 23:13:28.287, 4, 179.13 W, 26, 120 MHz, 3996 MHz, 0 %, 0 %
2026/03/23 23:13:28.287, 5, 180.58 W, 28, 120 MHz, 3996 MHz, 0 %, 0 %
2026/03/23 23:13:28.287, 6, 178.33 W, 27, 120 MHz, 3996 MHz, 0 %, 0 %
2026/03/23 23:13:28.287, 7, 176.58 W, 28, 120 MHz, 3996 MHz, 0 %, 0 %
2026/03/23 23:13:29.288, 0, 229.65 W, 28, 2032 MHz, 3996 MHz, 6 %, 0 %
2026/03/23 23:13:29.288, 1, 234.95 W, 30, 2032 MHz, 3996 MHz, 9 %, 0 %
2026/03/23 23:13:29.288, 2, 235.22 W, 28, 2032 MHz, 3996 MHz, 10 %, 0 %
2026/03/23 23:13:29.288, 3, 235.74 W, 31, 2032 MHz, 3996 MHz, 12 %, 0 %
2026/03/23 23:13:29.288, 4, 179.12 W, 26, 120 MHz, 3996 MHz, 0 %, 0 %
2026/03/23 23:13:29.288, 5, 180.58 W, 28, 120 MHz, 3996 MHz, 0 %, 0 %
2026/03/23 23:13:29.288, 6, 178.41 W, 27, 120 MHz, 3996 MHz, 0 %, 0 %
2026/03/23 23:13:29.288, 7, 176.58 W, 28, 120 MHz, 3996 MHz, 0 %, 0 %
2026/03/23 23:13:30.288, 0, 229.74 W, 28, 2032 MHz, 3996 MHz, 8 %, 0 %
2026/03/23 23:13:30.288, 1, 234.79 W, 30, 2032 MHz, 3996 MHz, 10 %, 0 %
2026/03/23 23:13:30.288, 2, 235.24 W, 28, 2032 MHz, 3996 MHz, 10 %, 0 %
2026/03/23 23:13:30.288, 3, 235.60 W, 31, 2032 MHz, 3996 MHz, 9 %, 0 %
2026/03/23 23:13:30.288, 4, 179.09 W, 26, 120 MHz, 3996 MHz, 0 %, 0 %
2026/03/23 23:13:30.288, 5, 180.58 W, 28, 120 MHz, 3996 MHz, 0 %, 0 %
2026/03/23 23:13:30.288, 6, 178.29 W, 27, 120 MHz, 3996 MHz, 0 %, 0 %
2026/03/23 23:13:30.288, 7, 176.58 W, 28, 120 MHz, 3996 MHz, 0 %, 0 %
2026/03/23 23:13:31.288, 0, 229.69 W, 28, 2032 MHz, 3996 MHz, 7 %, 0 %
2026/03/23 23:13:31.288, 1, 234.95 W, 30, 2032 MHz, 3996 MHz, 11 %, 0 %
2026/03/23 23:13:31.288, 2, 235.31 W, 28, 2032 MHz, 3996 MHz, 11 %, 0 %
2026/03/23 23:13:31.288, 3, 235.67 W, 31, 2032 MHz, 3996 MHz, 5 %, 0 %
2026/03/23 23:13:31.288, 4, 179.06 W, 26, 120 MHz, 3996 MHz, 0 %, 0 %
2026/03/23 23:13:31.288, 5, 180.58 W, 28, 120 MHz, 3996 MHz, 0 %, 0 %
2026/03/23 23:13:31.288, 6, 178.29 W, 27, 120 MHz, 3996 MHz, 0 %, 0 %
2026/03/23 23:13:31.288, 7, 176.58 W, 28, 120 MHz, 3996 MHz, 0 %, 0 %
2026/03/23 23:13:32.288, 0, 229.51 W, 28, 2032 MHz, 3996 MHz, 5 %, 0 %
2026/03/23 23:13:32.288, 1, 234.72 W, 30, 2032 MHz, 3996 MHz, 11 %, 0 %
2026/03/23 23:13:32.288, 2, 235.20 W, 28, 2032 MHz, 3996 MHz, 11 %, 0 %
2026/03/23 23:13:32.288, 3, 235.66 W, 31, 2032 MHz, 3996 MHz, 7 %, 0 %
2026/03/23 23:13:32.288, 4, 178.94 W, 26, 120 MHz, 3996 MHz, 0 %, 0 %
2026/03/23 23:13:32.288, 5, 180.58 W, 28, 120 MHz, 3996 MHz, 0 %, 0 %
2026/03/23 23:13:32.288, 6, 178.26 W, 27, 120 MHz, 3996 MHz, 0 %, 0 %
2026/03/23 23:13:32.288, 7, 176.58 W, 28, 120 MHz, 3996 MHz, 0 %, 0 %
2026/03/23 23:13:33.288, 0, 229.51 W, 28, 2032 MHz, 3996 MHz, 8 %, 0 %
2026/03/23 23:13:33.288, 1, 234.87 W, 30, 2032 MHz, 3996 MHz, 8 %, 0 %
2026/03/23 23:13:33.288, 2, 235.11 W, 28, 2032 MHz, 3996 MHz, 10 %, 0 %
2026/03/23 23:13:33.288, 3, 235.46 W, 31, 2032 MHz, 3996 MHz, 12 %, 0 %
2026/03/23 23:13:33.288, 4, 179.05 W, 26, 120 MHz, 3996 MHz, 0 %, 0 %
2026/03/23 23:13:33.288, 5, 180.58 W, 28, 120 MHz, 3996 MHz, 0 %, 0 %
2026/03/23 23:13:33.288, 6, 178.18 W, 27, 120 MHz, 3996 MHz, 0 %, 0 %
2026/03/23 23:13:33.288, 7, 176.58 W, 28, 120 MHz, 3996 MHz, 0 %, 0 %
2026/03/23 23:13:34.288, 0, 229.58 W, 28, 2032 MHz, 3996 MHz, 11 %, 0 %
2026/03/23 23:13:34.288, 1, 234.84 W, 30, 2032 MHz, 3996 MHz, 9 %, 0 %
2026/03/23 23:13:34.288, 2, 235.09 W, 28, 2032 MHz, 3996 MHz, 9 %, 0 %
2026/03/23 23:13:34.288, 3, 235.35 W, 31, 2032 MHz, 3996 MHz, 11 %, 0 %
2026/03/23 23:13:34.288, 4, 178.78 W, 26, 120 MHz, 3996 MHz, 0 %, 0 %
2026/03/23 23:13:34.288, 5, 180.58 W, 28, 120 MHz, 3996 MHz, 0 %, 0 %
2026/03/23 23:13:34.288, 6, 178.21 W, 27, 120 MHz, 3996 MHz, 0 %, 0 %
2026/03/23 23:13:34.288, 7, 176.58 W, 28, 120 MHz, 3996 MHz, 0 %, 0 %
2026/03/23 23:13:35.289, 0, 229.58 W, 28, 2032 MHz, 3996 MHz, 11 %, 0 %
2026/03/23 23:13:35.289, 1, 234.82 W, 30, 2032 MHz, 3996 MHz, 8 %, 0 %
2026/03/23 23:13:35.289, 2, 235.05 W, 28, 2032 MHz, 3996 MHz, 5 %, 0 %
2026/03/23 23:13:35.289, 3, 235.32 W, 31, 2032 MHz, 3996 MHz, 12 %, 0 %
2026/03/23 23:13:35.289, 4, 179.04 W, 26, 120 MHz, 3996 MHz, 0 %, 0 %
2026/03/23 23:13:35.289, 5, 180.58 W, 28, 120 MHz, 3996 MHz, 0 %, 0 %
2026/03/23 23:13:35.289, 6, 178.41 W, 27, 120 MHz, 3996 MHz, 0 %, 0 %
2026/03/23 23:13:35.289, 7, 176.58 W, 28, 120 MHz, 3996 MHz, 0 %, 0 %
2026/03/23 23:13:36.289, 0, 229.38 W, 28, 2032 MHz, 3996 MHz, 11 %, 0 %
2026/03/23 23:13:36.289, 1, 234.80 W, 30, 2032 MHz, 3996 MHz, 11 %, 0 %
2026/03/23 23:13:36.289, 2, 235.07 W, 28, 2032 MHz, 3996 MHz, 6 %, 0 %
2026/03/23 23:13:36.289, 3, 235.48 W, 31, 2032 MHz, 3996 MHz, 6 %, 0 %
2026/03/23 23:13:36.289, 4, 179.11 W, 26, 120 MHz, 3996 MHz, 0 %, 0 %
2026/03/23 23:13:36.289, 5, 180.58 W, 28, 120 MHz, 3996 MHz, 0 %, 0 %
2026/03/23 23:13:36.289, 6, 178.30 W, 27, 120 MHz, 3996 MHz, 0 %, 0 %
2026/03/23 23:13:36.289, 7, 176.58 W, 28, 120 MHz, 3996 MHz, 0 %, 0 %
2026/03/23 23:13:37.289, 0, 229.59 W, 28, 2032 MHz, 3996 MHz, 6 %, 0 %
2026/03/23 23:13:37.289, 1, 234.80 W, 30, 2032 MHz, 3996 MHz, 9 %, 0 %
2026/03/23 23:13:37.289, 2, 235.24 W, 28, 2032 MHz, 3996 MHz, 6 %, 0 %
2026/03/23 23:13:37.289, 3, 235.29 W, 31, 2032 MHz, 3996 MHz, 5 %, 0 %
2026/03/23 23:13:37.289, 4, 179.00 W, 26, 120 MHz, 3996 MHz, 0 %, 0 %
2026/03/23 23:13:37.289, 5, 180.58 W, 28, 120 MHz, 3996 MHz, 0 %, 0 %
2026/03/23 23:13:37.289, 6, 178.21 W, 27, 120 MHz, 3996 MHz, 0 %, 0 %
2026/03/23 23:13:37.289, 7, 176.58 W, 28, 120 MHz, 3996 MHz, 0 %, 0 %
2026/03/23 23:13:38.289, 0, 229.69 W, 28, 2032 MHz, 3996 MHz, 5 %, 0 %
2026/03/23 23:13:38.289, 1, 234.83 W, 30, 2032 MHz, 3996 MHz, 9 %, 0 %
2026/03/23 23:13:38.289, 2, 235.15 W, 28, 2032 MHz, 3996 MHz, 8 %, 0 %
2026/03/23 23:13:38.289, 3, 235.73 W, 31, 2032 MHz, 3996 MHz, 6 %, 0 %
2026/03/23 23:13:38.289, 4, 179.01 W, 26, 120 MHz, 3996 MHz, 0 %, 0 %
2026/03/23 23:13:38.289, 5, 180.58 W, 28, 120 MHz, 3996 MHz, 0 %, 0 %
2026/03/23 23:13:38.289, 6, 178.07 W, 27, 120 MHz, 3996 MHz, 0 %, 0 %
2026/03/23 23:13:38.289, 7, 176.58 W, 28, 120 MHz, 3996 MHz, 0 %, 0 %
2026/03/23 23:13:39.289, 0, 229.55 W, 28, 2032 MHz, 3996 MHz, 9 %, 0 %
2026/03/23 23:13:39.289, 1, 234.74 W, 30, 2032 MHz, 3996 MHz, 8 %, 0 %
2026/03/23 23:13:39.289, 2, 235.15 W, 28, 2032 MHz, 3996 MHz, 10 %, 0 %
2026/03/23 23:13:39.289, 3, 235.58 W, 31, 2032 MHz, 3996 MHz, 12 %, 0 %
2026/03/23 23:13:39.289, 4, 179.06 W, 26, 120 MHz, 3996 MHz, 0 %, 0 %
2026/03/23 23:13:39.289, 5, 180.58 W, 28, 120 MHz, 3996 MHz, 0 %, 0 %
2026/03/23 23:13:39.289, 6, 178.49 W, 27, 120 MHz, 3996 MHz, 0 %, 0 %
2026/03/23 23:13:39.289, 7, 176.59 W, 28, 120 MHz, 3996 MHz, 0 %, 0 %
2026/03/23 23:13:40.289, 0, 229.50 W, 28, 2032 MHz, 3996 MHz, 10 %, 0 %
2026/03/23 23:13:40.289, 1, 234.83 W, 30, 2032 MHz, 3996 MHz, 11 %, 0 %
2026/03/23 23:13:40.289, 2, 235.31 W, 28, 2032 MHz, 3996 MHz, 11 %, 0 %
2026/03/23 23:13:40.289, 3, 235.29 W, 31, 2032 MHz, 3996 MHz, 10 %, 0 %
2026/03/23 23:13:40.289, 4, 179.27 W, 26, 120 MHz, 3996 MHz, 0 %, 0 %
2026/03/23 23:13:40.289, 5, 180.58 W, 28, 120 MHz, 3996 MHz, 0 %, 0 %
2026/03/23 23:13:40.290, 6, 178.29 W, 27, 120 MHz, 3996 MHz, 0 %, 0 %
2026/03/23 23:13:40.290, 7, 176.58 W, 28, 120 MHz, 3996 MHz, 0 %, 0 %
2026/03/23 23:13:41.290, 0, 229.59 W, 28, 2032 MHz, 3996 MHz, 11 %, 0 %
2026/03/23 23:13:41.290, 1, 235.03 W, 30, 2032 MHz, 3996 MHz, 11 %, 0 %
2026/03/23 23:13:41.290, 2, 235.31 W, 28, 2032 MHz, 3996 MHz, 11 %, 0 %
2026/03/23 23:13:41.290, 3, 235.43 W, 31, 2032 MHz, 3996 MHz, 12 %, 0 %
2026/03/23 23:13:41.290, 4, 179.29 W, 26, 120 MHz, 3996 MHz, 0 %, 0 %
2026/03/23 23:13:41.290, 5, 180.58 W, 28, 120 MHz, 3996 MHz, 0 %, 0 %
2026/03/23 23:13:41.290, 6, 178.15 W, 27, 120 MHz, 3996 MHz, 0 %, 0 %
2026/03/23 23:13:41.290, 7, 176.59 W, 28, 120 MHz, 3996 MHz, 0 %, 0 %
2026/03/23 23:13:42.290, 0, 229.42 W, 28, 2032 MHz, 3996 MHz, 10 %, 0 %
2026/03/23 23:13:42.290, 1, 234.88 W, 30, 2032 MHz, 3996 MHz, 9 %, 0 %
2026/03/23 23:13:42.290, 2, 235.31 W, 28, 2032 MHz, 3996 MHz, 10 %, 0 %
2026/03/23 23:13:42.290, 3, 235.31 W, 31, 2032 MHz, 3996 MHz, 6 %, 0 %
2026/03/23 23:13:42.290, 4, 179.16 W, 26, 120 MHz, 3996 MHz, 0 %, 0 %
2026/03/23 23:13:42.290, 5, 180.58 W, 28, 120 MHz, 3996 MHz, 0 %, 0 %
2026/03/23 23:13:42.290, 6, 178.26 W, 27, 120 MHz, 3996 MHz, 0 %, 0 %
2026/03/23 23:13:42.290, 7, 176.58 W, 28, 120 MHz, 3996 MHz, 0 %, 0 %
2026/03/23 23:13:43.290, 0, 229.46 W, 28, 2032 MHz, 3996 MHz, 11 %, 0 %
2026/03/23 23:13:43.290, 1, 234.63 W, 30, 2032 MHz, 3996 MHz, 9 %, 0 %
2026/03/23 23:13:43.290, 2, 235.26 W, 28, 2032 MHz, 3996 MHz, 10 %, 0 %
2026/03/23 23:13:43.290, 3, 235.26 W, 31, 2032 MHz, 3996 MHz, 6 %, 0 %
2026/03/23 23:13:43.290, 4, 179.18 W, 26, 120 MHz, 3996 MHz, 0 %, 0 %
2026/03/23 23:13:43.290, 5, 180.58 W, 28, 120 MHz, 3996 MHz, 0 %, 0 %
2026/03/23 23:13:43.290, 6, 178.30 W, 27, 120 MHz, 3996 MHz, 0 %, 0 %
2026/03/23 23:13:43.290, 7, 176.58 W, 28, 120 MHz, 3996 MHz, 0 %, 0 %
2026/03/23 23:13:44.290, 0, 229.54 W, 28, 2032 MHz, 3996 MHz, 10 %, 0 %
2026/03/23 23:13:44.290, 1, 234.85 W, 30, 2032 MHz, 3996 MHz, 10 %, 0 %
2026/03/23 23:13:44.290, 2, 235.24 W, 28, 2032 MHz, 3996 MHz, 11 %, 0 %
2026/03/23 23:13:44.290, 3, 235.30 W, 31, 2032 MHz, 3996 MHz, 7 %, 0 %
2026/03/23 23:13:44.290, 4, 179.07 W, 26, 120 MHz, 3996 MHz, 0 %, 0 %
2026/03/23 23:13:44.290, 5, 180.58 W, 28, 120 MHz, 3996 MHz, 0 %, 0 %
2026/03/23 23:13:44.290, 6, 178.18 W, 27, 120 MHz, 3996 MHz, 0 %, 0 %
2026/03/23 23:13:44.290, 7, 176.59 W, 28, 120 MHz, 3996 MHz, 0 %, 0 %
2026/03/23 23:13:45.290, 0, 229.70 W, 28, 2032 MHz, 3996 MHz, 11 %, 0 %
2026/03/23 23:13:45.290, 1, 234.67 W, 30, 2032 MHz, 3996 MHz, 11 %, 0 %
2026/03/23 23:13:45.290, 2, 235.03 W, 28, 2032 MHz, 3996 MHz, 10 %, 0 %
2026/03/23 23:13:45.290, 3, 235.46 W, 31, 2032 MHz, 3996 MHz, 12 %, 0 %
2026/03/23 23:13:45.290, 4, 179.01 W, 26, 120 MHz, 3996 MHz, 0 %, 0 %
2026/03/23 23:13:45.290, 5, 180.58 W, 28, 120 MHz, 3996 MHz, 0 %, 0 %
2026/03/23 23:13:45.290, 6, 178.21 W, 27, 120 MHz, 3996 MHz, 0 %, 0 %
2026/03/23 23:13:45.290, 7, 176.58 W, 28, 120 MHz, 3996 MHz, 0 %, 0 %
2026/03/23 23:13:46.290, 0, 229.50 W, 28, 2032 MHz, 3996 MHz, 7 %, 0 %
2026/03/23 23:13:46.290, 1, 234.78 W, 30, 2032 MHz, 3996 MHz, 8 %, 0 %
2026/03/23 23:13:46.290, 2, 235.07 W, 28, 2032 MHz, 3996 MHz, 6 %, 0 %
2026/03/23 23:13:46.290, 3, 235.53 W, 31, 2032 MHz, 3996 MHz, 12 %, 0 %
2026/03/23 23:13:46.290, 4, 178.88 W, 26, 120 MHz, 3996 MHz, 0 %, 0 %
2026/03/23 23:13:46.290, 5, 180.58 W, 28, 120 MHz, 3996 MHz, 0 %, 0 %
2026/03/23 23:13:46.290, 6, 178.41 W, 27, 120 MHz, 3996 MHz, 0 %, 0 %
2026/03/23 23:13:46.290, 7, 176.58 W, 28, 120 MHz, 3996 MHz, 0 %, 0 %
2026/03/23 23:13:47.291, 0, 229.51 W, 28, 2032 MHz, 3996 MHz, 5 %, 0 %
2026/03/23 23:13:47.291, 1, 234.79 W, 30, 2032 MHz, 3996 MHz, 7 %, 0 %
2026/03/23 23:13:47.291, 2, 235.05 W, 28, 2032 MHz, 3996 MHz, 5 %, 0 %
2026/03/23 23:13:47.291, 3, 235.62 W, 31, 2032 MHz, 3996 MHz, 12 %, 0 %
2026/03/23 23:13:47.291, 4, 179.43 W, 26, 120 MHz, 3996 MHz, 0 %, 0 %
2026/03/23 23:13:47.291, 5, 180.58 W, 28, 120 MHz, 3996 MHz, 0 %, 0 %
2026/03/23 23:13:47.291, 6, 178.56 W, 27, 120 MHz, 3996 MHz, 0 %, 0 %
2026/03/23 23:13:47.291, 7, 176.58 W, 28, 120 MHz, 3996 MHz, 0 %, 0 %
2026/03/23 23:13:48.291, 0, 229.69 W, 28, 2032 MHz, 3996 MHz, 4 %, 0 %
2026/03/23 23:13:48.291, 1, 234.64 W, 30, 2032 MHz, 3996 MHz, 8 %, 0 %
2026/03/23 23:13:48.291, 2, 235.03 W, 28, 2032 MHz, 3996 MHz, 5 %, 0 %
2026/03/23 23:13:48.291, 3, 235.32 W, 30, 2032 MHz, 3996 MHz, 7 %, 0 %
2026/03/23 23:13:48.291, 4, 178.95 W, 26, 120 MHz, 3996 MHz, 0 %, 0 %
2026/03/23 23:13:48.291, 5, 180.58 W, 28, 120 MHz, 3996 MHz, 0 %, 0 %
2026/03/23 23:13:48.291, 6, 178.30 W, 27, 120 MHz, 3996 MHz, 0 %, 0 %
2026/03/23 23:13:48.291, 7, 176.58 W, 28, 120 MHz, 3996 MHz, 0 %, 0 %
2026/03/23 23:13:49.291, 0, 229.70 W, 28, 2032 MHz, 3996 MHz, 5 %, 0 %
2026/03/23 23:13:49.291, 1, 234.71 W, 30, 2032 MHz, 3996 MHz, 9 %, 0 %
2026/03/23 23:13:49.291, 2, 235.27 W, 28, 2032 MHz, 3996 MHz, 5 %, 0 %
2026/03/23 23:13:49.291, 3, 235.34 W, 30, 2032 MHz, 3996 MHz, 5 %, 0 %
2026/03/23 23:13:49.291, 4, 179.05 W, 26, 120 MHz, 3996 MHz, 0 %, 0 %
2026/03/23 23:13:49.291, 5, 180.58 W, 28, 120 MHz, 3996 MHz, 0 %, 0 %
2026/03/23 23:13:49.291, 6, 178.14 W, 27, 120 MHz, 3996 MHz, 0 %, 0 %
2026/03/23 23:13:49.291, 7, 176.58 W, 28, 120 MHz, 3996 MHz, 0 %, 0 %
2026/03/23 23:13:50.291, 0, 229.66 W, 28, 2032 MHz, 3996 MHz, 10 %, 0 %
2026/03/23 23:13:50.291, 1, 234.75 W, 30, 2032 MHz, 3996 MHz, 11 %, 0 %
2026/03/23 23:13:50.291, 2, 235.12 W, 28, 2032 MHz, 3996 MHz, 10 %, 0 %
2026/03/23 23:13:50.291, 3, 235.37 W, 30, 2032 MHz, 3996 MHz, 5 %, 0 %
2026/03/23 23:13:50.291, 4, 178.85 W, 26, 120 MHz, 3996 MHz, 0 %, 0 %
2026/03/23 23:13:50.291, 5, 180.58 W, 28, 120 MHz, 3996 MHz, 0 %, 0 %
2026/03/23 23:13:50.291, 6, 178.30 W, 27, 120 MHz, 3996 MHz, 0 %, 0 %
2026/03/23 23:13:50.291, 7, 176.58 W, 28, 120 MHz, 3996 MHz, 0 %, 0 %
2026/03/23 23:13:51.291, 0, 229.42 W, 28, 2032 MHz, 3996 MHz, 10 %, 0 %
2026/03/23 23:13:51.291, 1, 234.82 W, 30, 2032 MHz, 3996 MHz, 9 %, 0 %
2026/03/23 23:13:51.291, 2, 235.07 W, 28, 2032 MHz, 3996 MHz, 10 %, 0 %
2026/03/23 23:13:51.291, 3, 235.31 W, 30, 2032 MHz, 3996 MHz, 10 %, 0 %
2026/03/23 23:13:51.291, 4, 179.18 W, 26, 120 MHz, 3996 MHz, 0 %, 0 %
2026/03/23 23:13:51.291, 5, 180.58 W, 28, 120 MHz, 3996 MHz, 0 %, 0 %
2026/03/23 23:13:51.291, 6, 178.18 W, 27, 120 MHz, 3996 MHz, 0 %, 0 %
2026/03/23 23:13:51.291, 7, 176.59 W, 28, 120 MHz, 3996 MHz, 0 %, 0 %
2026/03/23 23:13:52.291, 0, 229.62 W, 28, 2032 MHz, 3996 MHz, 10 %, 0 %
2026/03/23 23:13:52.291, 1, 234.67 W, 30, 2032 MHz, 3996 MHz, 11 %, 0 %
2026/03/23 23:13:52.291, 2, 235.18 W, 28, 2032 MHz, 3996 MHz, 11 %, 0 %
2026/03/23 23:13:52.291, 3, 235.49 W, 30, 2032 MHz, 3996 MHz, 11 %, 0 %
2026/03/23 23:13:52.291, 4, 179.04 W, 26, 120 MHz, 3996 MHz, 0 %, 0 %
2026/03/23 23:13:52.291, 5, 180.58 W, 28, 120 MHz, 3996 MHz, 0 %, 0 %
2026/03/23 23:13:52.291, 6, 177.98 W, 27, 120 MHz, 3996 MHz, 0 %, 0 %
2026/03/23 23:13:52.291, 7, 176.60 W, 28, 120 MHz, 3996 MHz, 0 %, 0 %
2026/03/23 23:13:53.292, 0, 229.59 W, 28, 2032 MHz, 3996 MHz, 7 %, 0 %
2026/03/23 23:13:53.292, 1, 234.67 W, 30, 2032 MHz, 3996 MHz, 9 %, 0 %
2026/03/23 23:13:53.292, 2, 235.22 W, 28, 2032 MHz, 3996 MHz, 11 %, 0 %
2026/03/23 23:13:53.292, 3, 235.21 W, 30, 2032 MHz, 3996 MHz, 11 %, 0 %
2026/03/23 23:13:53.292, 4, 179.18 W, 26, 120 MHz, 3996 MHz, 0 %, 0 %
2026/03/23 23:13:53.292, 5, 180.58 W, 28, 120 MHz, 3996 MHz, 0 %, 0 %
2026/03/23 23:13:53.292, 6, 178.37 W, 27, 120 MHz, 3996 MHz, 0 %, 0 %
2026/03/23 23:13:53.292, 7, 176.61 W, 28, 120 MHz, 3996 MHz, 0 %, 0 %
2026/03/23 23:13:54.292, 0, 229.43 W, 28, 2032 MHz, 3996 MHz, 6 %, 0 %
2026/03/23 23:13:54.292, 1, 234.56 W, 30, 2032 MHz, 3996 MHz, 7 %, 0 %
2026/03/23 23:13:54.292, 2, 235.15 W, 28, 2032 MHz, 3996 MHz, 11 %, 0 %
2026/03/23 23:13:54.292, 3, 235.34 W, 30, 2032 MHz, 3996 MHz, 11 %, 0 %
2026/03/23 23:13:54.292, 4, 179.13 W, 26, 120 MHz, 3996 MHz, 0 %, 0 %
2026/03/23 23:13:54.292, 5, 180.58 W, 28, 120 MHz, 3996 MHz, 0 %, 0 %
2026/03/23 23:13:54.292, 6, 178.18 W, 27, 120 MHz, 3996 MHz, 0 %, 0 %
2026/03/23 23:13:54.292, 7, 176.59 W, 28, 120 MHz, 3996 MHz, 0 %, 0 %
2026/03/23 23:13:55.292, 0, 229.81 W, 28, 2032 MHz, 3996 MHz, 6 %, 0 %
2026/03/23 23:13:55.292, 1, 234.74 W, 30, 2032 MHz, 3996 MHz, 7 %, 0 %
2026/03/23 23:13:55.292, 2, 235.07 W, 28, 2032 MHz, 3996 MHz, 10 %, 0 %
2026/03/23 23:13:55.292, 3, 235.42 W, 30, 2032 MHz, 3996 MHz, 12 %, 0 %
2026/03/23 23:13:55.292, 4, 179.21 W, 26, 120 MHz, 3996 MHz, 0 %, 0 %
2026/03/23 23:13:55.292, 5, 180.59 W, 28, 120 MHz, 3996 MHz, 0 %, 0 %
2026/03/23 23:13:55.292, 6, 178.18 W, 27, 120 MHz, 3996 MHz, 0 %, 0 %
2026/03/23 23:13:55.292, 7, 176.60 W, 28, 120 MHz, 3996 MHz, 0 %, 0 %
2026/03/23 23:13:56.292, 0, 229.46 W, 28, 2032 MHz, 3996 MHz, 6 %, 0 %
2026/03/23 23:13:56.292, 1, 234.72 W, 30, 2032 MHz, 3996 MHz, 9 %, 0 %
2026/03/23 23:13:56.292, 2, 235.27 W, 28, 2032 MHz, 3996 MHz, 10 %, 0 %
2026/03/23 23:13:56.292, 3, 235.36 W, 30, 2032 MHz, 3996 MHz, 6 %, 0 %
2026/03/23 23:13:56.292, 4, 179.19 W, 26, 120 MHz, 3996 MHz, 0 %, 0 %
2026/03/23 23:13:56.292, 5, 180.58 W, 28, 120 MHz, 3996 MHz, 0 %, 0 %
2026/03/23 23:13:56.292, 6, 178.10 W, 27, 120 MHz, 3996 MHz, 0 %, 0 %
2026/03/23 23:13:56.292, 7, 176.60 W, 28, 120 MHz, 3996 MHz, 0 %, 0 %
2026/03/23 23:13:57.292, 0, 229.55 W, 28, 2032 MHz, 3996 MHz, 5 %, 0 %
2026/03/23 23:13:57.292, 1, 234.81 W, 30, 2032 MHz, 3996 MHz, 9 %, 0 %
2026/03/23 23:13:57.292, 2, 235.16 W, 28, 2032 MHz, 3996 MHz, 11 %, 0 %
2026/03/23 23:13:57.292, 3, 235.27 W, 30, 2032 MHz, 3996 MHz, 6 %, 0 %
2026/03/23 23:13:57.292, 4, 179.01 W, 26, 120 MHz, 3996 MHz, 0 %, 0 %
2026/03/23 23:13:57.292, 5, 180.58 W, 28, 120 MHz, 3996 MHz, 0 %, 0 %
2026/03/23 23:13:57.292, 6, 178.21 W, 27, 120 MHz, 3996 MHz, 0 %, 0 %
2026/03/23 23:13:57.292, 7, 176.59 W, 28, 120 MHz, 3996 MHz, 0 %, 0 %
2026/03/23 23:13:58.293, 0, 229.32 W, 28, 2032 MHz, 3996 MHz, 5 %, 0 %
2026/03/23 23:13:58.293, 1, 234.67 W, 30, 2032 MHz, 3996 MHz, 11 %, 0 %
2026/03/23 23:13:58.293, 2, 235.15 W, 28, 2032 MHz, 3996 MHz, 10 %, 0 %
2026/03/23 23:13:58.293, 3, 235.19 W, 30, 2032 MHz, 3996 MHz, 11 %, 0 %
2026/03/23 23:13:58.293, 4, 179.11 W, 26, 120 MHz, 3996 MHz, 0 %, 0 %
2026/03/23 23:13:58.293, 5, 180.58 W, 28, 120 MHz, 3996 MHz, 0 %, 0 %
2026/03/23 23:13:58.293, 6, 178.25 W, 27, 120 MHz, 3996 MHz, 0 %, 0 %
2026/03/23 23:13:58.293, 7, 176.59 W, 28, 120 MHz, 3996 MHz, 0 %, 0 %
2026/03/23 23:13:59.293, 0, 229.50 W, 28, 2032 MHz, 3996 MHz, 4 %, 0 %
2026/03/23 23:13:59.293, 1, 234.66 W, 30, 2032 MHz, 3996 MHz, 5 %, 0 %
2026/03/23 23:13:59.293, 2, 235.03 W, 28, 2032 MHz, 3996 MHz, 7 %, 0 %
2026/03/23 23:13:59.293, 3, 235.15 W, 30, 2032 MHz, 3996 MHz, 11 %, 0 %
2026/03/23 23:13:59.293, 4, 179.01 W, 26, 120 MHz, 3996 MHz, 0 %, 0 %
2026/03/23 23:13:59.293, 5, 180.59 W, 28, 120 MHz, 3996 MHz, 0 %, 0 %
2026/03/23 23:13:59.293, 6, 178.18 W, 27, 120 MHz, 3996 MHz, 0 %, 0 %
2026/03/23 23:13:59.293, 7, 176.59 W, 28, 120 MHz, 3996 MHz, 0 %, 0 %
2026/03/23 23:14:00.293, 0, 229.55 W, 28, 2032 MHz, 3996 MHz, 4 %, 0 %
2026/03/23 23:14:00.293, 1, 234.72 W, 30, 2032 MHz, 3996 MHz, 6 %, 0 %
2026/03/23 23:14:00.293, 2, 235.09 W, 28, 2032 MHz, 3996 MHz, 4 %, 0 %
2026/03/23 23:14:00.293, 3, 235.21 W, 30, 2032 MHz, 3996 MHz, 11 %, 0 %
2026/03/23 23:14:00.293, 4, 179.13 W, 26, 120 MHz, 3996 MHz, 0 %, 0 %
2026/03/23 23:14:00.293, 5, 180.58 W, 28, 120 MHz, 3996 MHz, 0 %, 0 %
2026/03/23 23:14:00.293, 6, 178.18 W, 27, 120 MHz, 3996 MHz, 0 %, 0 %
2026/03/23 23:14:00.293, 7, 176.59 W, 28, 120 MHz, 3996 MHz, 0 %, 0 %
2026/03/23 23:14:01.293, 0, 229.42 W, 28, 2032 MHz, 3996 MHz, 6 %, 0 %
2026/03/23 23:14:01.293, 1, 234.56 W, 30, 2032 MHz, 3996 MHz, 6 %, 0 %
2026/03/23 23:14:01.293, 2, 235.11 W, 28, 2032 MHz, 3996 MHz, 5 %, 0 %
2026/03/23 23:14:01.293, 3, 235.46 W, 30, 2032 MHz, 3996 MHz, 11 %, 0 %
2026/03/23 23:14:01.293, 4, 178.90 W, 26, 120 MHz, 3996 MHz, 0 %, 0 %
2026/03/23 23:14:01.293, 5, 180.58 W, 28, 120 MHz, 3996 MHz, 0 %, 0 %
2026/03/23 23:14:01.293, 6, 178.07 W, 27, 120 MHz, 3996 MHz, 0 %, 0 %
2026/03/23 23:14:01.293, 7, 176.58 W, 28, 120 MHz, 3996 MHz, 0 %, 0 %
2026/03/23 23:14:02.293, 0, 229.58 W, 28, 2032 MHz, 3996 MHz, 7 %, 0 %
2026/03/23 23:14:02.293, 1, 234.74 W, 30, 2032 MHz, 3996 MHz, 5 %, 0 %
2026/03/23 23:14:02.293, 2, 235.22 W, 28, 2032 MHz, 3996 MHz, 5 %, 0 %
2026/03/23 23:14:02.293, 3, 235.28 W, 30, 2032 MHz, 3996 MHz, 5 %, 0 %
2026/03/23 23:14:02.293, 4, 178.94 W, 26, 120 MHz, 3996 MHz, 0 %, 0 %
2026/03/23 23:14:02.293, 5, 180.58 W, 28, 120 MHz, 3996 MHz, 0 %, 0 %
2026/03/23 23:14:02.293, 6, 178.22 W, 27, 120 MHz, 3996 MHz, 0 %, 0 %
2026/03/23 23:14:02.293, 7, 176.59 W, 28, 120 MHz, 3996 MHz, 0 %, 0 %
2026/03/23 23:14:03.293, 0, 229.51 W, 28, 2032 MHz, 3996 MHz, 8 %, 0 %
2026/03/23 23:14:03.293, 1, 234.56 W, 30, 2032 MHz, 3996 MHz, 5 %, 0 %
2026/03/23 23:14:03.293, 2, 235.24 W, 28, 2032 MHz, 3996 MHz, 5 %, 0 %
2026/03/23 23:14:03.293, 3, 235.07 W, 30, 2032 MHz, 3996 MHz, 5 %, 0 %
2026/03/23 23:14:03.293, 4, 179.16 W, 26, 120 MHz, 3996 MHz, 0 %, 0 %
2026/03/23 23:14:03.293, 5, 180.58 W, 28, 120 MHz, 3996 MHz, 0 %, 0 %
2026/03/23 23:14:03.293, 6, 178.33 W, 27, 120 MHz, 3996 MHz, 0 %, 0 %
2026/03/23 23:14:03.293, 7, 176.59 W, 28, 120 MHz, 3996 MHz, 0 %, 0 %
2026/03/23 23:14:04.294, 0, 229.58 W, 28, 2032 MHz, 3996 MHz, 10 %, 0 %
2026/03/23 23:14:04.294, 1, 234.66 W, 30, 2032 MHz, 3996 MHz, 5 %, 0 %
2026/03/23 23:14:04.294, 2, 235.12 W, 28, 2032 MHz, 3996 MHz, 5 %, 0 %
2026/03/23 23:14:04.294, 3, 235.36 W, 30, 2032 MHz, 3996 MHz, 6 %, 0 %
2026/03/23 23:14:04.294, 4, 179.21 W, 26, 120 MHz, 3996 MHz, 0 %, 0 %
2026/03/23 23:14:04.294, 5, 180.58 W, 28, 120 MHz, 3996 MHz, 0 %, 0 %
2026/03/23 23:14:04.294, 6, 178.22 W, 27, 120 MHz, 3996 MHz, 0 %, 0 %
2026/03/23 23:14:04.294, 7, 176.58 W, 28, 120 MHz, 3996 MHz, 0 %, 0 %
2026/03/23 23:14:05.294, 0, 229.55 W, 28, 2032 MHz, 3996 MHz, 11 %, 0 %
2026/03/23 23:14:05.294, 1, 234.68 W, 30, 2032 MHz, 3996 MHz, 5 %, 0 %
2026/03/23 23:14:05.294, 2, 235.30 W, 28, 2032 MHz, 3996 MHz, 8 %, 0 %
2026/03/23 23:14:05.294, 3, 235.27 W, 30, 2032 MHz, 3996 MHz, 11 %, 0 %
2026/03/23 23:14:05.294, 4, 178.93 W, 26, 120 MHz, 3996 MHz, 0 %, 0 %
2026/03/23 23:14:05.294, 5, 180.58 W, 28, 120 MHz, 3996 MHz, 0 %, 0 %
2026/03/23 23:14:05.294, 6, 178.33 W, 27, 120 MHz, 3996 MHz, 0 %, 0 %
2026/03/23 23:14:05.294, 7, 176.58 W, 28, 120 MHz, 3996 MHz, 0 %, 0 %
2026/03/23 23:14:06.294, 0, 229.65 W, 28, 2032 MHz, 3996 MHz, 10 %, 0 %
2026/03/23 23:14:06.294, 1, 234.75 W, 30, 2032 MHz, 3996 MHz, 11 %, 0 %
2026/03/23 23:14:06.294, 2, 235.26 W, 28, 2032 MHz, 3996 MHz, 9 %, 0 %
2026/03/23 23:14:06.294, 3, 235.33 W, 30, 2032 MHz, 3996 MHz, 11 %, 0 %
2026/03/23 23:14:06.294, 4, 179.09 W, 26, 120 MHz, 3996 MHz, 0 %, 0 %
2026/03/23 23:14:06.294, 5, 180.58 W, 28, 120 MHz, 3996 MHz, 0 %, 0 %
2026/03/23 23:14:06.294, 6, 178.38 W, 27, 120 MHz, 3996 MHz, 0 %, 0 %
2026/03/23 23:14:06.294, 7, 176.58 W, 28, 120 MHz, 3996 MHz, 0 %, 0 %
2026/03/23 23:14:07.294, 0, 229.66 W, 28, 2032 MHz, 3996 MHz, 10 %, 0 %
2026/03/23 23:14:07.294, 1, 234.67 W, 30, 2032 MHz, 3996 MHz, 11 %, 0 %
2026/03/23 23:14:07.294, 2, 235.11 W, 28, 2032 MHz, 3996 MHz, 11 %, 0 %
2026/03/23 23:14:07.294, 3, 235.11 W, 30, 2032 MHz, 3996 MHz, 11 %, 0 %
2026/03/23 23:14:07.294, 4, 179.31 W, 26, 120 MHz, 3996 MHz, 0 %, 0 %
2026/03/23 23:14:07.294, 5, 180.58 W, 28, 120 MHz, 3996 MHz, 0 %, 0 %
2026/03/23 23:14:07.294, 6, 178.15 W, 27, 120 MHz, 3996 MHz, 0 %, 0 %
2026/03/23 23:14:07.294, 7, 176.58 W, 28, 120 MHz, 3996 MHz, 0 %, 0 %
2026/03/23 23:14:08.294, 0, 229.81 W, 28, 2032 MHz, 3996 MHz, 10 %, 0 %
2026/03/23 23:14:08.294, 1, 234.64 W, 30, 2032 MHz, 3996 MHz, 11 %, 0 %
2026/03/23 23:14:08.294, 2, 235.22 W, 28, 2032 MHz, 3996 MHz, 9 %, 0 %
2026/03/23 23:14:08.294, 3, 234.82 W, 30, 2032 MHz, 3996 MHz, 0 %, 0 %
2026/03/23 23:14:08.294, 4, 179.12 W, 26, 120 MHz, 3996 MHz, 0 %, 0 %
2026/03/23 23:14:08.294, 5, 180.58 W, 28, 120 MHz, 3996 MHz, 0 %, 0 %
2026/03/23 23:14:08.294, 6, 178.29 W, 27, 120 MHz, 3996 MHz, 0 %, 0 %
2026/03/23 23:14:08.294, 7, 176.58 W, 28, 120 MHz, 3996 MHz, 0 %, 0 %
2026/03/23 23:14:09.294, 0, 229.59 W, 28, 2032 MHz, 3996 MHz, 10 %, 0 %
2026/03/23 23:14:09.294, 1, 234.69 W, 30, 2032 MHz, 3996 MHz, 9 %, 0 %
2026/03/23 23:14:09.294, 2, 235.12 W, 28, 2032 MHz, 3996 MHz, 10 %, 0 %
2026/03/23 23:14:09.294, 3, 234.41 W, 30, 2032 MHz, 3996 MHz, 0 %, 0 %
2026/03/23 23:14:09.294, 4, 178.90 W, 26, 120 MHz, 3996 MHz, 0 %, 0 %
2026/03/23 23:14:09.294, 5, 180.58 W, 28, 120 MHz, 3996 MHz, 0 %, 0 %
2026/03/23 23:14:09.294, 6, 178.22 W, 27, 120 MHz, 3996 MHz, 0 %, 0 %
2026/03/23 23:14:09.294, 7, 176.58 W, 28, 120 MHz, 3996 MHz, 0 %, 0 %
2026/03/23 23:14:10.295, 0, 229.62 W, 28, 2032 MHz, 3996 MHz, 11 %, 0 %
2026/03/23 23:14:10.295, 1, 234.72 W, 30, 2032 MHz, 3996 MHz, 11 %, 0 %
2026/03/23 23:14:10.295, 2, 235.31 W, 28, 2032 MHz, 3996 MHz, 10 %, 0 %
2026/03/23 23:14:10.295, 3, 234.70 W, 30, 2032 MHz, 3996 MHz, 0 %, 0 %
2026/03/23 23:14:10.295, 4, 179.25 W, 26, 120 MHz, 3996 MHz, 0 %, 0 %
2026/03/23 23:14:10.295, 5, 180.58 W, 28, 120 MHz, 3996 MHz, 0 %, 0 %
2026/03/23 23:14:10.295, 6, 178.30 W, 27, 120 MHz, 3996 MHz, 0 %, 0 %
2026/03/23 23:14:10.295, 7, 176.58 W, 28, 120 MHz, 3996 MHz, 0 %, 0 %
2026/03/23 23:14:11.295, 0, 228.46 W, 28, 2032 MHz, 3996 MHz, 0 %, 0 %
2026/03/23 23:14:11.295, 1, 234.56 W, 30, 2032 MHz, 3996 MHz, 11 %, 0 %
2026/03/23 23:14:11.295, 2, 235.05 W, 28, 2032 MHz, 3996 MHz, 10 %, 0 %
2026/03/23 23:14:11.295, 3, 234.90 W, 30, 2032 MHz, 3996 MHz, 0 %, 0 %
2026/03/23 23:14:11.295, 4, 178.94 W, 26, 120 MHz, 3996 MHz, 0 %, 0 %
2026/03/23 23:14:11.295, 5, 180.58 W, 28, 120 MHz, 3996 MHz, 0 %, 0 %
2026/03/23 23:14:11.295, 6, 178.41 W, 27, 120 MHz, 3996 MHz, 0 %, 0 %
2026/03/23 23:14:11.295, 7, 176.58 W, 28, 120 MHz, 3996 MHz, 0 %, 0 %
2026/03/23 23:14:12.295, 0, 228.11 W, 28, 2032 MHz, 3996 MHz, 0 %, 0 %
2026/03/23 23:14:12.295, 1, 234.60 W, 30, 2032 MHz, 3996 MHz, 7 %, 0 %
2026/03/23 23:14:12.295, 2, 234.33 W, 28, 2032 MHz, 3996 MHz, 0 %, 0 %
2026/03/23 23:14:12.295, 3, 248.75 W, 31, 2032 MHz, 3996 MHz, 15 %, 2 %
2026/03/23 23:14:12.295, 4, 179.12 W, 26, 120 MHz, 3996 MHz, 0 %, 0 %
2026/03/23 23:14:12.295, 5, 180.58 W, 28, 120 MHz, 3996 MHz, 0 %, 0 %
2026/03/23 23:14:12.295, 6, 178.29 W, 27, 120 MHz, 3996 MHz, 0 %, 0 %
2026/03/23 23:14:12.295, 7, 176.58 W, 28, 120 MHz, 3996 MHz, 0 %, 0 %
2026/03/23 23:14:13.295, 0, 254.77 W, 28, 2032 MHz, 3996 MHz, 14 %, 3 %
2026/03/23 23:14:13.295, 1, 234.43 W, 30, 2032 MHz, 3996 MHz, 6 %, 0 %
2026/03/23 23:14:13.295, 2, 255.26 W, 29, 2032 MHz, 3996 MHz, 11 %, 2 %
2026/03/23 23:14:13.295, 3, 284.39 W, 31, 2032 MHz, 3996 MHz, 12 %, 2 %
2026/03/23 23:14:13.295, 4, 178.89 W, 26, 120 MHz, 3996 MHz, 0 %, 0 %
2026/03/23 23:14:13.295, 5, 180.58 W, 28, 120 MHz, 3996 MHz, 0 %, 0 %
2026/03/23 23:14:13.295, 6, 178.11 W, 27, 120 MHz, 3996 MHz, 0 %, 0 %
2026/03/23 23:14:13.295, 7, 176.59 W, 28, 120 MHz, 3996 MHz, 0 %, 0 %
2026/03/23 23:14:14.295, 0, 280.07 W, 29, 2032 MHz, 3996 MHz, 13 %, 2 %
2026/03/23 23:14:14.295, 1, 234.36 W, 30, 2032 MHz, 3996 MHz, 4 %, 0 %
2026/03/23 23:14:14.295, 2, 289.92 W, 29, 2032 MHz, 3996 MHz, 13 %, 3 %
2026/03/23 23:14:14.295, 3, 289.65 W, 31, 2032 MHz, 3996 MHz, 15 %, 3 %
2026/03/23 23:14:14.295, 4, 179.06 W, 26, 120 MHz, 3996 MHz, 0 %, 0 %
2026/03/23 23:14:14.295, 5, 180.58 W, 28, 120 MHz, 3996 MHz, 0 %, 0 %
2026/03/23 23:14:14.295, 6, 178.34 W, 27, 120 MHz, 3996 MHz, 0 %, 0 %
2026/03/23 23:14:14.295, 7, 176.58 W, 28, 120 MHz, 3996 MHz, 0 %, 0 %
2026/03/23 23:14:15.295, 0, 277.05 W, 29, 2032 MHz, 3996 MHz, 10 %, 2 %
2026/03/23 23:14:15.295, 1, 263.77 W, 31, 2032 MHz, 3996 MHz, 21 %, 4 %
2026/03/23 23:14:15.295, 2, 287.70 W, 29, 2032 MHz, 3996 MHz, 15 %, 3 %
2026/03/23 23:14:15.295, 3, 287.02 W, 31, 2032 MHz, 3996 MHz, 18 %, 4 %
2026/03/23 23:14:15.295, 4, 179.26 W, 26, 120 MHz, 3996 MHz, 0 %, 0 %
2026/03/23 23:14:15.295, 5, 180.58 W, 28, 120 MHz, 3996 MHz, 0 %, 0 %
2026/03/23 23:14:15.295, 6, 178.21 W, 27, 120 MHz, 3996 MHz, 0 %, 0 %
2026/03/23 23:14:15.295, 7, 176.58 W, 28, 120 MHz, 3996 MHz, 0 %, 0 %
2026/03/23 23:14:16.296, 0, 285.76 W, 29, 2032 MHz, 3996 MHz, 16 %, 2 %
2026/03/23 23:14:16.296, 1, 279.65 W, 31, 2032 MHz, 3996 MHz, 21 %, 4 %
2026/03/23 23:14:16.296, 2, 287.13 W, 29, 2032 MHz, 3996 MHz, 18 %, 4 %
2026/03/23 23:14:16.296, 3, 247.05 W, 31, 2032 MHz, 3996 MHz, 0 %, 0 %
2026/03/23 23:14:16.296, 4, 179.01 W, 26, 120 MHz, 3996 MHz, 0 %, 0 %
2026/03/23 23:14:16.296, 5, 180.58 W, 28, 120 MHz, 3996 MHz, 0 %, 0 %
2026/03/23 23:14:16.296, 6, 178.15 W, 27, 120 MHz, 3996 MHz, 0 %, 0 %
2026/03/23 23:14:16.296, 7, 176.58 W, 28, 120 MHz, 3996 MHz, 0 %, 0 %
2026/03/23 23:14:17.296, 0, 234.53 W, 28, 2032 MHz, 3996 MHz, 0 %, 0 %
2026/03/23 23:14:17.296, 1, 278.46 W, 31, 2032 MHz, 3996 MHz, 13 %, 2 %
2026/03/23 23:14:17.296, 2, 241.20 W, 28, 2032 MHz, 3996 MHz, 0 %, 0 %
2026/03/23 23:14:17.296, 3, 235.02 W, 30, 2032 MHz, 3996 MHz, 0 %, 0 %
2026/03/23 23:14:17.296, 4, 178.86 W, 26, 120 MHz, 3996 MHz, 0 %, 0 %
2026/03/23 23:14:17.296, 5, 180.58 W, 28, 120 MHz, 3996 MHz, 0 %, 0 %
2026/03/23 23:14:17.296, 6, 178.14 W, 27, 120 MHz, 3996 MHz, 0 %, 0 %
2026/03/23 23:14:17.296, 7, 176.59 W, 28, 120 MHz, 3996 MHz, 0 %, 0 %
2026/03/23 23:14:18.296, 0, 229.07 W, 28, 2032 MHz, 3996 MHz, 0 %, 0 %
2026/03/23 23:14:18.296, 1, 277.05 W, 31, 2032 MHz, 3996 MHz, 21 %, 4 %
2026/03/23 23:14:18.296, 2, 234.02 W, 28, 2032 MHz, 3996 MHz, 0 %, 0 %
2026/03/23 23:14:18.296, 3, 234.96 W, 30, 2032 MHz, 3996 MHz, 0 %, 0 %
2026/03/23 23:14:18.296, 4, 178.90 W, 26, 120 MHz, 3996 MHz, 0 %, 0 %
2026/03/23 23:14:18.296, 5, 180.58 W, 28, 120 MHz, 3996 MHz, 0 %, 0 %
2026/03/23 23:14:18.296, 6, 178.22 W, 27, 120 MHz, 3996 MHz, 0 %, 0 %
2026/03/23 23:14:18.296, 7, 176.59 W, 28, 120 MHz, 3996 MHz, 0 %, 0 %
2026/03/23 23:14:19.296, 0, 229.61 W, 28, 2032 MHz, 3996 MHz, 0 %, 0 %
2026/03/23 23:14:19.296, 1, 234.96 W, 30, 2032 MHz, 3996 MHz, 0 %, 0 %
2026/03/23 23:14:19.296, 2, 234.36 W, 28, 2032 MHz, 3996 MHz, 0 %, 0 %
2026/03/23 23:14:19.296, 3, 234.95 W, 30, 2032 MHz, 3996 MHz, 0 %, 0 %
2026/03/23 23:14:19.296, 4, 178.90 W, 26, 120 MHz, 3996 MHz, 0 %, 0 %
2026/03/23 23:14:19.296, 5, 180.58 W, 28, 120 MHz, 3996 MHz, 0 %, 0 %
2026/03/23 23:14:19.296, 6, 178.26 W, 27, 120 MHz, 3996 MHz, 0 %, 0 %
2026/03/23 23:14:19.296, 7, 176.59 W, 28, 120 MHz, 3996 MHz, 0 %, 0 %
2026/03/23 23:14:20.296, 0, 228.94 W, 28, 2032 MHz, 3996 MHz, 0 %, 0 %
2026/03/23 23:14:20.296, 1, 233.52 W, 30, 2032 MHz, 3996 MHz, 0 %, 0 %
2026/03/23 23:14:20.296, 2, 234.02 W, 28, 2032 MHz, 3996 MHz, 0 %, 0 %
2026/03/23 23:14:20.296, 3, 235.03 W, 30, 2032 MHz, 3996 MHz, 0 %, 0 %
2026/03/23 23:14:20.296, 4, 179.05 W, 26, 120 MHz, 3996 MHz, 0 %, 0 %
2026/03/23 23:14:20.296, 5, 180.58 W, 28, 120 MHz, 3996 MHz, 0 %, 0 %
2026/03/23 23:14:20.296, 6, 177.99 W, 27, 120 MHz, 3996 MHz, 0 %, 0 %
2026/03/23 23:14:20.296, 7, 176.59 W, 28, 120 MHz, 3996 MHz, 0 %, 0 %
2026/03/23 23:14:21.296, 0, 228.34 W, 28, 2032 MHz, 3996 MHz, 0 %, 0 %
2026/03/23 23:14:21.296, 1, 233.29 W, 30, 2032 MHz, 3996 MHz, 0 %, 0 %
2026/03/23 23:14:21.296, 2, 234.02 W, 28, 2032 MHz, 3996 MHz, 0 %, 0 %
2026/03/23 23:14:21.296, 3, 235.00 W, 30, 2032 MHz, 3996 MHz, 0 %, 0 %
2026/03/23 23:14:21.296, 4, 178.82 W, 26, 120 MHz, 3996 MHz, 0 %, 0 %
2026/03/23 23:14:21.296, 5, 180.58 W, 28, 120 MHz, 3996 MHz, 0 %, 0 %
2026/03/23 23:14:21.296, 6, 178.06 W, 27, 120 MHz, 3996 MHz, 0 %, 0 %
2026/03/23 23:14:21.296, 7, 176.58 W, 28, 120 MHz, 3996 MHz, 0 %, 0 %
2026/03/23 23:14:22.297, 0, 228.26 W, 28, 2032 MHz, 3996 MHz, 0 %, 0 %
2026/03/23 23:14:22.297, 1, 233.30 W, 30, 2032 MHz, 3996 MHz, 0 %, 0 %
2026/03/23 23:14:22.297, 2, 234.02 W, 28, 2032 MHz, 3996 MHz, 0 %, 0 %
2026/03/23 23:14:22.297, 3, 235.00 W, 30, 2032 MHz, 3996 MHz, 0 %, 0 %
2026/03/23 23:14:22.297, 4, 179.05 W, 26, 120 MHz, 3996 MHz, 0 %, 0 %
2026/03/23 23:14:22.297, 5, 180.58 W, 28, 120 MHz, 3996 MHz, 0 %, 0 %
2026/03/23 23:14:22.297, 6, 178.22 W, 27, 120 MHz, 3996 MHz, 0 %, 0 %
2026/03/23 23:14:22.297, 7, 176.58 W, 28, 120 MHz, 3996 MHz, 0 %, 0 %
2026/03/23 23:14:23.297, 0, 228.30 W, 28, 2032 MHz, 3996 MHz, 0 %, 0 %
2026/03/23 23:14:23.297, 1, 233.29 W, 30, 2032 MHz, 3996 MHz, 0 %, 0 %
2026/03/23 23:14:23.297, 2, 234.02 W, 28, 2032 MHz, 3996 MHz, 0 %, 0 %
2026/03/23 23:14:23.297, 3, 234.99 W, 30, 2032 MHz, 3996 MHz, 0 %, 0 %
2026/03/23 23:14:23.297, 4, 178.84 W, 26, 120 MHz, 3996 MHz, 0 %, 0 %
2026/03/23 23:14:23.297, 5, 180.58 W, 28, 120 MHz, 3996 MHz, 0 %, 0 %
2026/03/23 23:14:23.297, 6, 178.30 W, 27, 120 MHz, 3996 MHz, 0 %, 0 %
2026/03/23 23:14:23.297, 7, 176.59 W, 28, 120 MHz, 3996 MHz, 0 %, 0 %
2026/03/23 23:14:24.297, 0, 242.58 W, 28, 2032 MHz, 3996 MHz, 0 %, 0 %
2026/03/23 23:14:24.297, 1, 247.86 W, 30, 2032 MHz, 3996 MHz, 0 %, 0 %
2026/03/23 23:14:24.297, 2, 248.00 W, 28, 2032 MHz, 3996 MHz, 0 %, 0 %
2026/03/23 23:14:24.297, 3, 247.59 W, 30, 2032 MHz, 3996 MHz, 0 %, 0 %
2026/03/23 23:14:24.297, 4, 179.02 W, 26, 120 MHz, 3996 MHz, 0 %, 0 %
2026/03/23 23:14:24.297, 5, 180.58 W, 28, 120 MHz, 3996 MHz, 0 %, 0 %
2026/03/23 23:14:24.297, 6, 178.41 W, 27, 120 MHz, 3996 MHz, 0 %, 0 %
2026/03/23 23:14:24.297, 7, 176.58 W, 28, 120 MHz, 3996 MHz, 0 %, 0 %
2026/03/23 23:14:25.297, 0, 229.47 W, 28, 2032 MHz, 3996 MHz, 0 %, 0 %
2026/03/23 23:14:25.297, 1, 233.71 W, 30, 2032 MHz, 3996 MHz, 0 %, 0 %
2026/03/23 23:14:25.297, 2, 234.02 W, 28, 2032 MHz, 3996 MHz, 0 %, 0 %
2026/03/23 23:14:25.297, 3, 235.14 W, 30, 2032 MHz, 3996 MHz, 0 %, 0 %
2026/03/23 23:14:25.297, 4, 179.12 W, 26, 120 MHz, 3996 MHz, 0 %, 0 %
2026/03/23 23:14:25.297, 5, 180.58 W, 28, 120 MHz, 3996 MHz, 0 %, 0 %
2026/03/23 23:14:25.297, 6, 178.45 W, 27, 120 MHz, 3996 MHz, 0 %, 0 %
2026/03/23 23:14:25.297, 7, 176.59 W, 28, 120 MHz, 3996 MHz, 0 %, 0 %
2026/03/23 23:14:26.297, 0, 229.04 W, 28, 2032 MHz, 3996 MHz, 0 %, 0 %
2026/03/23 23:14:26.297, 1, 233.66 W, 30, 2032 MHz, 3996 MHz, 0 %, 0 %
2026/03/23 23:14:26.297, 2, 234.02 W, 28, 2032 MHz, 3996 MHz, 0 %, 0 %
2026/03/23 23:14:26.297, 3, 235.15 W, 30, 2032 MHz, 3996 MHz, 0 %, 0 %
2026/03/23 23:14:26.297, 4, 178.96 W, 26, 120 MHz, 3996 MHz, 0 %, 0 %
2026/03/23 23:14:26.297, 5, 180.58 W, 28, 120 MHz, 3996 MHz, 0 %, 0 %
2026/03/23 23:14:26.297, 6, 178.30 W, 27, 120 MHz, 3996 MHz, 0 %, 0 %
2026/03/23 23:14:26.297, 7, 176.58 W, 28, 120 MHz, 3996 MHz, 0 %, 0 %
2026/03/23 23:14:27.297, 0, 229.23 W, 28, 2032 MHz, 3996 MHz, 0 %, 0 %
2026/03/23 23:14:27.297, 1, 233.67 W, 30, 2032 MHz, 3996 MHz, 0 %, 0 %
2026/03/23 23:14:27.297, 2, 234.02 W, 28, 2032 MHz, 3996 MHz, 0 %, 0 %
2026/03/23 23:14:27.298, 3, 234.98 W, 30, 2032 MHz, 3996 MHz, 0 %, 0 %
2026/03/23 23:14:27.298, 4, 178.85 W, 26, 120 MHz, 3996 MHz, 0 %, 0 %
2026/03/23 23:14:27.298, 5, 180.58 W, 28, 120 MHz, 3996 MHz, 0 %, 0 %
2026/03/23 23:14:27.298, 6, 178.02 W, 27, 120 MHz, 3996 MHz, 0 %, 0 %
2026/03/23 23:14:27.298, 7, 176.58 W, 28, 120 MHz, 3996 MHz, 0 %, 0 %
2026/03/23 23:14:28.298, 0, 229.13 W, 28, 2032 MHz, 3996 MHz, 0 %, 0 %
2026/03/23 23:14:28.298, 1, 233.51 W, 30, 2032 MHz, 3996 MHz, 0 %, 0 %
2026/03/23 23:14:28.298, 2, 234.10 W, 28, 2032 MHz, 3996 MHz, 0 %, 0 %
2026/03/23 23:14:28.298, 3, 235.05 W, 30, 2032 MHz, 3996 MHz, 0 %, 0 %
2026/03/23 23:14:28.298, 4, 179.17 W, 26, 120 MHz, 3996 MHz, 0 %, 0 %
2026/03/23 23:14:28.298, 5, 180.58 W, 28, 120 MHz, 3996 MHz, 0 %, 0 %
2026/03/23 23:14:28.298, 6, 178.10 W, 27, 120 MHz, 3996 MHz, 0 %, 0 %
2026/03/23 23:14:28.298, 7, 176.58 W, 28, 120 MHz, 3996 MHz, 0 %, 0 %
2026/03/23 23:14:29.298, 0, 229.15 W, 28, 2032 MHz, 3996 MHz, 0 %, 0 %
2026/03/23 23:14:29.298, 1, 233.61 W, 30, 2032 MHz, 3996 MHz, 0 %, 0 %
2026/03/23 23:14:29.298, 2, 234.06 W, 28, 2032 MHz, 3996 MHz, 0 %, 0 %
2026/03/23 23:14:29.298, 3, 235.13 W, 30, 2032 MHz, 3996 MHz, 0 %, 0 %
2026/03/23 23:14:29.298, 4, 178.97 W, 26, 120 MHz, 3996 MHz, 0 %, 0 %
2026/03/23 23:14:29.298, 5, 180.58 W, 28, 120 MHz, 3996 MHz, 0 %, 0 %
2026/03/23 23:14:29.298, 6, 178.33 W, 27, 120 MHz, 3996 MHz, 0 %, 0 %
2026/03/23 23:14:29.298, 7, 176.59 W, 28, 120 MHz, 3996 MHz, 0 %, 0 %
2026/03/23 23:14:30.298, 0, 228.60 W, 28, 2032 MHz, 3996 MHz, 0 %, 0 %
2026/03/23 23:14:30.298, 1, 233.43 W, 30, 2032 MHz, 3996 MHz, 0 %, 0 %
2026/03/23 23:14:30.298, 2, 234.02 W, 28, 2032 MHz, 3996 MHz, 0 %, 0 %
2026/03/23 23:14:30.298, 3, 235.16 W, 30, 2032 MHz, 3996 MHz, 0 %, 0 %
2026/03/23 23:14:30.298, 4, 179.05 W, 26, 120 MHz, 3996 MHz, 0 %, 0 %
2026/03/23 23:14:30.298, 5, 180.58 W, 28, 120 MHz, 3996 MHz, 0 %, 0 %
2026/03/23 23:14:30.298, 6, 178.38 W, 27, 120 MHz, 3996 MHz, 0 %, 0 %
2026/03/23 23:14:30.298, 7, 176.58 W, 28, 120 MHz, 3996 MHz, 0 %, 0 %
2026/03/23 23:14:31.298, 0, 228.68 W, 28, 2032 MHz, 3996 MHz, 0 %, 0 %
2026/03/23 23:14:31.298, 1, 233.41 W, 30, 2032 MHz, 3996 MHz, 0 %, 0 %
2026/03/23 23:14:31.298, 2, 234.02 W, 28, 2032 MHz, 3996 MHz, 0 %, 0 %
2026/03/23 23:14:31.298, 3, 235.14 W, 30, 2032 MHz, 3996 MHz, 0 %, 0 %
2026/03/23 23:14:31.298, 4, 179.09 W, 26, 120 MHz, 3996 MHz, 0 %, 0 %
2026/03/23 23:14:31.298, 5, 180.58 W, 28, 120 MHz, 3996 MHz, 0 %, 0 %
2026/03/23 23:14:31.298, 6, 178.26 W, 27, 120 MHz, 3996 MHz, 0 %, 0 %
2026/03/23 23:14:31.298, 7, 176.58 W, 28, 120 MHz, 3996 MHz, 0 %, 0 %
2026/03/23 23:14:32.298, 0, 228.60 W, 28, 2032 MHz, 3996 MHz, 0 %, 0 %
2026/03/23 23:14:32.298, 1, 233.35 W, 30, 2032 MHz, 3996 MHz, 0 %, 0 %
2026/03/23 23:14:32.298, 2, 234.02 W, 28, 2032 MHz, 3996 MHz, 0 %, 0 %
2026/03/23 23:14:32.298, 3, 235.14 W, 30, 2032 MHz, 3996 MHz, 0 %, 0 %
2026/03/23 23:14:32.298, 4, 179.04 W, 26, 120 MHz, 3996 MHz, 0 %, 0 %
2026/03/23 23:14:32.298, 5, 180.58 W, 28, 120 MHz, 3996 MHz, 0 %, 0 %
2026/03/23 23:14:32.298, 6, 178.29 W, 27, 120 MHz, 3996 MHz, 0 %, 0 %
2026/03/23 23:14:32.298, 7, 176.58 W, 28, 120 MHz, 3996 MHz, 0 %, 0 %
2026/03/23 23:14:33.298, 0, 228.87 W, 28, 2032 MHz, 3996 MHz, 0 %, 0 %
2026/03/23 23:14:33.298, 1, 233.42 W, 30, 2032 MHz, 3996 MHz, 0 %, 0 %
2026/03/23 23:14:33.298, 2, 234.02 W, 28, 2032 MHz, 3996 MHz, 0 %, 0 %
2026/03/23 23:14:33.298, 3, 235.04 W, 30, 2032 MHz, 3996 MHz, 0 %, 0 %
2026/03/23 23:14:33.298, 4, 179.09 W, 26, 120 MHz, 3996 MHz, 0 %, 0 %
2026/03/23 23:14:33.298, 5, 180.58 W, 28, 120 MHz, 3996 MHz, 0 %, 0 %
2026/03/23 23:14:33.299, 6, 178.38 W, 27, 120 MHz, 3996 MHz, 0 %, 0 %
2026/03/23 23:14:33.299, 7, 176.58 W, 28, 120 MHz, 3996 MHz, 0 %, 0 %
2026/03/23 23:14:34.299, 0, 228.73 W, 28, 2032 MHz, 3996 MHz, 0 %, 0 %
2026/03/23 23:14:34.299, 1, 233.35 W, 30, 2032 MHz, 3996 MHz, 0 %, 0 %
2026/03/23 23:14:34.299, 2, 234.02 W, 28, 2032 MHz, 3996 MHz, 0 %, 0 %
2026/03/23 23:14:34.299, 3, 235.15 W, 30, 2032 MHz, 3996 MHz, 0 %, 0 %
2026/03/23 23:14:34.299, 4, 179.07 W, 26, 120 MHz, 3996 MHz, 0 %, 0 %
2026/03/23 23:14:34.299, 5, 180.58 W, 28, 120 MHz, 3996 MHz, 0 %, 0 %
2026/03/23 23:14:34.299, 6, 178.21 W, 27, 120 MHz, 3996 MHz, 0 %, 0 %
2026/03/23 23:14:34.299, 7, 176.59 W, 28, 120 MHz, 3996 MHz, 0 %, 0 %
2026/03/23 23:14:35.299, 0, 228.45 W, 28, 2032 MHz, 3996 MHz, 0 %, 0 %
2026/03/23 23:14:35.299, 1, 233.30 W, 30, 2032 MHz, 3996 MHz, 0 %, 0 %
2026/03/23 23:14:35.299, 2, 234.02 W, 28, 2032 MHz, 3996 MHz, 0 %, 0 %
2026/03/23 23:14:35.299, 3, 235.07 W, 30, 2032 MHz, 3996 MHz, 0 %, 0 %
2026/03/23 23:14:35.299, 4, 179.21 W, 26, 120 MHz, 3996 MHz, 0 %, 0 %
2026/03/23 23:14:35.299, 5, 180.58 W, 28, 120 MHz, 3996 MHz, 0 %, 0 %
2026/03/23 23:14:35.299, 6, 178.21 W, 27, 120 MHz, 3996 MHz, 0 %, 0 %
2026/03/23 23:14:35.299, 7, 176.58 W, 28, 120 MHz, 3996 MHz, 0 %, 0 %
2026/03/23 23:14:36.299, 0, 228.73 W, 28, 2032 MHz, 3996 MHz, 0 %, 0 %
2026/03/23 23:14:36.299, 1, 233.26 W, 30, 2032 MHz, 3996 MHz, 0 %, 0 %
2026/03/23 23:14:36.299, 2, 234.02 W, 28, 2032 MHz, 3996 MHz, 0 %, 0 %
2026/03/23 23:14:36.299, 3, 235.07 W, 30, 2032 MHz, 3996 MHz, 0 %, 0 %
2026/03/23 23:14:36.299, 4, 179.05 W, 26, 120 MHz, 3996 MHz, 0 %, 0 %
2026/03/23 23:14:36.299, 5, 180.58 W, 28, 120 MHz, 3996 MHz, 0 %, 0 %
2026/03/23 23:14:36.299, 6, 178.15 W, 27, 120 MHz, 3996 MHz, 0 %, 0 %
2026/03/23 23:14:36.299, 7, 176.59 W, 28, 120 MHz, 3996 MHz, 0 %, 0 %
2026/03/23 23:14:37.299, 0, 228.49 W, 28, 2032 MHz, 3996 MHz, 0 %, 0 %
2026/03/23 23:14:37.299, 1, 233.33 W, 30, 2032 MHz, 3996 MHz, 0 %, 0 %
2026/03/23 23:14:37.299, 2, 234.02 W, 28, 2032 MHz, 3996 MHz, 0 %, 0 %
2026/03/23 23:14:37.299, 3, 235.15 W, 30, 2032 MHz, 3996 MHz, 0 %, 0 %
2026/03/23 23:14:37.299, 4, 179.23 W, 26, 120 MHz, 3996 MHz, 0 %, 0 %
2026/03/23 23:14:37.299, 5, 180.58 W, 28, 120 MHz, 3996 MHz, 0 %, 0 %
2026/03/23 23:14:37.299, 6, 178.38 W, 27, 120 MHz, 3996 MHz, 0 %, 0 %
2026/03/23 23:14:37.299, 7, 176.58 W, 28, 120 MHz, 3996 MHz, 0 %, 0 %
2026/03/23 23:14:38.299, 0, 228.60 W, 28, 2032 MHz, 3996 MHz, 0 %, 0 %
2026/03/23 23:14:38.299, 1, 233.43 W, 30, 2032 MHz, 3996 MHz, 0 %, 0 %
2026/03/23 23:14:38.299, 2, 234.10 W, 28, 2032 MHz, 3996 MHz, 0 %, 0 %
2026/03/23 23:14:38.299, 3, 234.98 W, 30, 2032 MHz, 3996 MHz, 0 %, 0 %
2026/03/23 23:14:38.299, 4, 179.13 W, 26, 120 MHz, 3996 MHz, 0 %, 0 %
2026/03/23 23:14:38.299, 5, 180.58 W, 28, 120 MHz, 3996 MHz, 0 %, 0 %
2026/03/23 23:14:38.299, 6, 178.06 W, 27, 120 MHz, 3996 MHz, 0 %, 0 %
2026/03/23 23:14:38.299, 7, 176.58 W, 28, 120 MHz, 3996 MHz, 0 %, 0 %
2026/03/23 23:14:39.299, 0, 228.37 W, 28, 2032 MHz, 3996 MHz, 0 %, 0 %
2026/03/23 23:14:39.299, 1, 233.27 W, 30, 2032 MHz, 3996 MHz, 0 %, 0 %
2026/03/23 23:14:39.299, 2, 234.02 W, 28, 2032 MHz, 3996 MHz, 0 %, 0 %
2026/03/23 23:14:39.299, 3, 235.00 W, 30, 2032 MHz, 3996 MHz, 0 %, 0 %
2026/03/23 23:14:39.299, 4, 179.00 W, 26, 120 MHz, 3996 MHz, 0 %, 0 %
2026/03/23 23:14:39.299, 5, 180.58 W, 28, 120 MHz, 3996 MHz, 0 %, 0 %
2026/03/23 23:14:39.299, 6, 178.22 W, 27, 120 MHz, 3996 MHz, 0 %, 0 %
2026/03/23 23:14:39.299, 7, 176.58 W, 28, 120 MHz, 3996 MHz, 0 %, 0 %
2026/03/23 23:14:40.300, 0, 228.30 W, 28, 2032 MHz, 3996 MHz, 0 %, 0 %
2026/03/23 23:14:40.300, 1, 233.29 W, 30, 2032 MHz, 3996 MHz, 0 %, 0 %
2026/03/23 23:14:40.300, 2, 234.02 W, 28, 2032 MHz, 3996 MHz, 0 %, 0 %
2026/03/23 23:14:40.300, 3, 234.89 W, 30, 2032 MHz, 3996 MHz, 0 %, 0 %
2026/03/23 23:14:40.300, 4, 179.01 W, 26, 120 MHz, 3996 MHz, 0 %, 0 %
2026/03/23 23:14:40.300, 5, 180.58 W, 28, 120 MHz, 3996 MHz, 0 %, 0 %
2026/03/23 23:14:40.300, 6, 178.02 W, 27, 120 MHz, 3996 MHz, 0 %, 0 %
2026/03/23 23:14:40.300, 7, 176.58 W, 28, 120 MHz, 3996 MHz, 0 %, 0 %
2026/03/23 23:14:41.300, 0, 228.19 W, 28, 2032 MHz, 3996 MHz, 0 %, 0 %
2026/03/23 23:14:41.300, 1, 233.27 W, 30, 2032 MHz, 3996 MHz, 0 %, 0 %
2026/03/23 23:14:41.300, 2, 234.02 W, 28, 2032 MHz, 3996 MHz, 0 %, 0 %
2026/03/23 23:14:41.300, 3, 234.55 W, 30, 2032 MHz, 3996 MHz, 0 %, 0 %
2026/03/23 23:14:41.300, 4, 179.12 W, 26, 120 MHz, 3996 MHz, 0 %, 0 %
2026/03/23 23:14:41.300, 5, 180.58 W, 28, 120 MHz, 3996 MHz, 0 %, 0 %
2026/03/23 23:14:41.300, 6, 178.30 W, 27, 120 MHz, 3996 MHz, 0 %, 0 %
2026/03/23 23:14:41.300, 7, 176.59 W, 28, 120 MHz, 3996 MHz, 0 %, 0 %
2026/03/23 23:14:42.300, 0, 228.11 W, 28, 2032 MHz, 3996 MHz, 0 %, 0 %
2026/03/23 23:14:42.300, 1, 233.28 W, 30, 2032 MHz, 3996 MHz, 0 %, 0 %
2026/03/23 23:14:42.300, 2, 234.02 W, 28, 2032 MHz, 3996 MHz, 0 %, 0 %
2026/03/23 23:14:42.300, 3, 234.89 W, 30, 2032 MHz, 3996 MHz, 0 %, 0 %
2026/03/23 23:14:42.300, 4, 179.05 W, 26, 120 MHz, 3996 MHz, 0 %, 0 %
2026/03/23 23:14:42.300, 5, 180.58 W, 28, 120 MHz, 3996 MHz, 0 %, 0 %
2026/03/23 23:14:42.300, 6, 178.37 W, 27, 120 MHz, 3996 MHz, 0 %, 0 %
2026/03/23 23:14:42.300, 7, 176.58 W, 28, 120 MHz, 3996 MHz, 0 %, 0 %
2026/03/23 23:14:43.300, 0, 249.25 W, 29, 2032 MHz, 3996 MHz, 0 %, 0 %
2026/03/23 23:14:43.300, 1, 252.71 W, 31, 2032 MHz, 3996 MHz, 56 %, 0 %
2026/03/23 23:14:43.300, 2, 253.62 W, 29, 2032 MHz, 3996 MHz, 0 %, 0 %
2026/03/23 23:14:43.300, 3, 255.58 W, 31, 2032 MHz, 3996 MHz, 0 %, 0 %
2026/03/23 23:14:43.300, 4, 179.17 W, 26, 120 MHz, 3996 MHz, 0 %, 0 %
2026/03/23 23:14:43.300, 5, 180.58 W, 28, 120 MHz, 3996 MHz, 0 %, 0 %
2026/03/23 23:14:43.300, 6, 178.37 W, 27, 120 MHz, 3996 MHz, 0 %, 0 %
2026/03/23 23:14:43.300, 7, 176.58 W, 28, 120 MHz, 3996 MHz, 0 %, 0 %
2026/03/23 23:14:44.300, 0, 229.58 W, 28, 2032 MHz, 3996 MHz, 0 %, 0 %
2026/03/23 23:14:44.300, 1, 234.06 W, 30, 2032 MHz, 3996 MHz, 0 %, 0 %
2026/03/23 23:14:44.300, 2, 234.71 W, 28, 2032 MHz, 3996 MHz, 0 %, 0 %
2026/03/23 23:14:44.300, 3, 235.92 W, 30, 2032 MHz, 3996 MHz, 0 %, 0 %
2026/03/23 23:14:44.300, 4, 179.03 W, 26, 120 MHz, 3996 MHz, 0 %, 0 %
2026/03/23 23:14:44.300, 5, 180.58 W, 28, 120 MHz, 3996 MHz, 0 %, 0 %
2026/03/23 23:14:44.300, 6, 178.30 W, 27, 120 MHz, 3996 MHz, 0 %, 0 %
2026/03/23 23:14:44.300, 7, 176.58 W, 28, 120 MHz, 3996 MHz, 0 %, 0 %
2026/03/23 23:14:45.300, 0, 229.47 W, 28, 2032 MHz, 3996 MHz, 0 %, 0 %
2026/03/23 23:14:45.300, 1, 234.52 W, 30, 2032 MHz, 3996 MHz, 0 %, 0 %
2026/03/23 23:14:45.300, 2, 234.10 W, 28, 2032 MHz, 3996 MHz, 0 %, 0 %
2026/03/23 23:14:45.300, 3, 235.24 W, 30, 2032 MHz, 3996 MHz, 0 %, 0 %
2026/03/23 23:14:45.300, 4, 179.21 W, 26, 120 MHz, 3996 MHz, 0 %, 0 %
2026/03/23 23:14:45.300, 5, 180.58 W, 28, 120 MHz, 3996 MHz, 0 %, 0 %
2026/03/23 23:14:45.300, 6, 178.22 W, 27, 120 MHz, 3996 MHz, 0 %, 0 %
2026/03/23 23:14:45.300, 7, 176.59 W, 28, 120 MHz, 3996 MHz, 0 %, 0 %
2026/03/23 23:14:46.300, 0, 229.58 W, 28, 2032 MHz, 3996 MHz, 0 %, 0 %
2026/03/23 23:14:46.301, 1, 234.24 W, 30, 2032 MHz, 3996 MHz, 0 %, 0 %
2026/03/23 23:14:46.301, 2, 234.06 W, 28, 2032 MHz, 3996 MHz, 0 %, 0 %
2026/03/23 23:14:46.301, 3, 235.21 W, 30, 2032 MHz, 3996 MHz, 0 %, 0 %
2026/03/23 23:14:46.301, 4, 179.33 W, 26, 120 MHz, 3996 MHz, 0 %, 0 %
2026/03/23 23:14:46.301, 5, 180.58 W, 28, 120 MHz, 3996 MHz, 0 %, 0 %
2026/03/23 23:14:46.301, 6, 178.33 W, 27, 120 MHz, 3996 MHz, 0 %, 0 %
2026/03/23 23:14:46.301, 7, 176.58 W, 28, 120 MHz, 3996 MHz, 0 %, 0 %
2026/03/23 23:14:47.301, 0, 229.40 W, 28, 2032 MHz, 3996 MHz, 0 %, 0 %
2026/03/23 23:14:47.301, 1, 234.13 W, 30, 2032 MHz, 3996 MHz, 0 %, 0 %
2026/03/23 23:14:47.301, 2, 234.02 W, 28, 2032 MHz, 3996 MHz, 0 %, 0 %
2026/03/23 23:14:47.301, 3, 235.15 W, 30, 2032 MHz, 3996 MHz, 0 %, 0 %
2026/03/23 23:14:47.301, 4, 179.29 W, 26, 120 MHz, 3996 MHz, 0 %, 0 %
2026/03/23 23:14:47.301, 5, 180.58 W, 28, 120 MHz, 3996 MHz, 0 %, 0 %
2026/03/23 23:14:47.301, 6, 178.21 W, 27, 120 MHz, 3996 MHz, 0 %, 0 %
2026/03/23 23:14:47.301, 7, 176.59 W, 28, 120 MHz, 3996 MHz, 0 %, 0 %
2026/03/23 23:14:48.301, 0, 228.96 W, 28, 2032 MHz, 3996 MHz, 0 %, 0 %
2026/03/23 23:14:48.301, 1, 234.01 W, 30, 2032 MHz, 3996 MHz, 0 %, 0 %
2026/03/23 23:14:48.301, 2, 234.02 W, 28, 2032 MHz, 3996 MHz, 0 %, 0 %
2026/03/23 23:14:48.301, 3, 235.19 W, 30, 2032 MHz, 3996 MHz, 0 %, 0 %
2026/03/23 23:14:48.301, 4, 179.15 W, 26, 120 MHz, 3996 MHz, 0 %, 0 %
2026/03/23 23:14:48.301, 5, 180.58 W, 28, 120 MHz, 3996 MHz, 0 %, 0 %
2026/03/23 23:14:48.301, 6, 178.41 W, 27, 120 MHz, 3996 MHz, 0 %, 0 %
2026/03/23 23:14:48.301, 7, 176.58 W, 28, 120 MHz, 3996 MHz, 0 %, 0 %
2026/03/23 23:14:49.301, 0, 229.55 W, 28, 2032 MHz, 3996 MHz, 0 %, 0 %
2026/03/23 23:14:49.301, 1, 234.32 W, 30, 2032 MHz, 3996 MHz, 0 %, 0 %
2026/03/23 23:14:49.301, 2, 234.14 W, 28, 2032 MHz, 3996 MHz, 0 %, 0 %
2026/03/23 23:14:49.301, 3, 235.23 W, 30, 2032 MHz, 3996 MHz, 0 %, 0 %
2026/03/23 23:14:49.301, 4, 179.05 W, 26, 120 MHz, 3996 MHz, 0 %, 0 %
2026/03/23 23:14:49.301, 5, 180.58 W, 28, 120 MHz, 3996 MHz, 0 %, 0 %
2026/03/23 23:14:49.301, 6, 178.33 W, 27, 120 MHz, 3996 MHz, 0 %, 0 %
2026/03/23 23:14:49.301, 7, 176.59 W, 28, 120 MHz, 3996 MHz, 0 %, 0 %
2026/03/23 23:14:50.301, 0, 229.54 W, 28, 2032 MHz, 3996 MHz, 0 %, 0 %
2026/03/23 23:14:50.301, 1, 234.47 W, 30, 2032 MHz, 3996 MHz, 0 %, 0 %
2026/03/23 23:14:50.301, 2, 234.06 W, 28, 2032 MHz, 3996 MHz, 0 %, 0 %
2026/03/23 23:14:50.301, 3, 235.24 W, 30, 2032 MHz, 3996 MHz, 0 %, 0 %
2026/03/23 23:14:50.301, 4, 179.24 W, 26, 120 MHz, 3996 MHz, 0 %, 0 %
2026/03/23 23:14:50.301, 5, 180.58 W, 28, 120 MHz, 3996 MHz, 0 %, 0 %
2026/03/23 23:14:50.301, 6, 178.41 W, 27, 120 MHz, 3996 MHz, 0 %, 0 %
2026/03/23 23:14:50.301, 7, 176.59 W, 28, 120 MHz, 3996 MHz, 0 %, 0 %
2026/03/23 23:14:51.301, 0, 229.43 W, 28, 2032 MHz, 3996 MHz, 0 %, 0 %
2026/03/23 23:14:51.301, 1, 234.47 W, 30, 2032 MHz, 3996 MHz, 0 %, 0 %
2026/03/23 23:14:51.301, 2, 234.06 W, 28, 2032 MHz, 3996 MHz, 0 %, 0 %
2026/03/23 23:14:51.301, 3, 235.16 W, 30, 2032 MHz, 3996 MHz, 0 %, 0 %
2026/03/23 23:14:51.301, 4, 179.01 W, 26, 120 MHz, 3996 MHz, 0 %, 0 %
2026/03/23 23:14:51.301, 5, 180.58 W, 28, 120 MHz, 3996 MHz, 0 %, 0 %
2026/03/23 23:14:51.301, 6, 178.34 W, 27, 120 MHz, 3996 MHz, 0 %, 0 %
2026/03/23 23:14:51.301, 7, 176.58 W, 28, 120 MHz, 3996 MHz, 0 %, 0 %
2026/03/23 23:14:52.301, 0, 229.59 W, 28, 2032 MHz, 3996 MHz, 0 %, 0 %
2026/03/23 23:14:52.302, 1, 234.79 W, 30, 2032 MHz, 3996 MHz, 0 %, 0 %
2026/03/23 23:14:52.302, 2, 234.06 W, 28, 2032 MHz, 3996 MHz, 0 %, 0 %
2026/03/23 23:14:52.302, 3, 235.15 W, 30, 2032 MHz, 3996 MHz, 0 %, 0 %
2026/03/23 23:14:52.302, 4, 178.95 W, 26, 120 MHz, 3996 MHz, 0 %, 0 %
2026/03/23 23:14:52.302, 5, 180.58 W, 28, 120 MHz, 3996 MHz, 0 %, 0 %
2026/03/23 23:14:52.302, 6, 178.45 W, 27, 120 MHz, 3996 MHz, 0 %, 0 %
2026/03/23 23:14:52.302, 7, 176.58 W, 28, 120 MHz, 3996 MHz, 0 %, 0 %
2026/03/23 23:14:53.302, 0, 229.54 W, 28, 2032 MHz, 3996 MHz, 0 %, 0 %
2026/03/23 23:14:53.302, 1, 234.67 W, 30, 2032 MHz, 3996 MHz, 0 %, 0 %
2026/03/23 23:14:53.302, 2, 234.02 W, 28, 2032 MHz, 3996 MHz, 0 %, 0 %
2026/03/23 23:14:53.302, 3, 235.19 W, 30, 2032 MHz, 3996 MHz, 0 %, 0 %
2026/03/23 23:14:53.302, 4, 179.15 W, 26, 120 MHz, 3996 MHz, 0 %, 0 %
2026/03/23 23:14:53.302, 5, 180.58 W, 28, 120 MHz, 3996 MHz, 0 %, 0 %
2026/03/23 23:14:53.302, 6, 178.18 W, 27, 120 MHz, 3996 MHz, 0 %, 0 %
2026/03/23 23:14:53.302, 7, 176.58 W, 28, 120 MHz, 3996 MHz, 0 %, 0 %
2026/03/23 23:14:54.302, 0, 229.96 W, 28, 2032 MHz, 3996 MHz, 0 %, 0 %
2026/03/23 23:14:54.302, 1, 234.98 W, 30, 2032 MHz, 3996 MHz, 0 %, 0 %
2026/03/23 23:14:54.302, 2, 234.84 W, 28, 2032 MHz, 3996 MHz, 0 %, 0 %
2026/03/23 23:14:54.302, 3, 235.17 W, 30, 2032 MHz, 3996 MHz, 0 %, 0 %
2026/03/23 23:14:54.302, 4, 179.01 W, 26, 120 MHz, 3996 MHz, 0 %, 0 %
2026/03/23 23:14:54.302, 5, 180.58 W, 28, 120 MHz, 3996 MHz, 0 %, 0 %
2026/03/23 23:14:54.302, 6, 178.30 W, 27, 120 MHz, 3996 MHz, 0 %, 0 %
2026/03/23 23:14:54.302, 7, 176.59 W, 28, 120 MHz, 3996 MHz, 0 %, 0 %
2026/03/23 23:14:55.302, 0, 229.96 W, 28, 2032 MHz, 3996 MHz, 100 %, 0 %
2026/03/23 23:14:55.302, 1, 234.18 W, 30, 2032 MHz, 3996 MHz, 0 %, 0 %
2026/03/23 23:14:55.302, 2, 234.18 W, 28, 2032 MHz, 3996 MHz, 0 %, 0 %
2026/03/23 23:14:55.302, 3, 235.26 W, 30, 2032 MHz, 3996 MHz, 0 %, 0 %
2026/03/23 23:14:55.302, 4, 179.02 W, 26, 120 MHz, 3996 MHz, 0 %, 0 %
2026/03/23 23:14:55.302, 5, 180.58 W, 28, 120 MHz, 3996 MHz, 0 %, 0 %
2026/03/23 23:14:55.302, 6, 178.07 W, 27, 120 MHz, 3996 MHz, 0 %, 0 %
2026/03/23 23:14:55.302, 7, 176.59 W, 28, 120 MHz, 3996 MHz, 0 %, 0 %
2026/03/23 23:14:56.302, 0, 229.59 W, 28, 2032 MHz, 3996 MHz, 0 %, 0 %
2026/03/23 23:14:56.302, 1, 233.74 W, 30, 2032 MHz, 3996 MHz, 1 %, 0 %
2026/03/23 23:14:56.302, 2, 234.21 W, 28, 2032 MHz, 3996 MHz, 0 %, 0 %
2026/03/23 23:14:56.302, 3, 235.13 W, 30, 2032 MHz, 3996 MHz, 0 %, 0 %
2026/03/23 23:14:56.302, 4, 178.93 W, 26, 120 MHz, 3996 MHz, 0 %, 0 %
2026/03/23 23:14:56.302, 5, 180.58 W, 28, 120 MHz, 3996 MHz, 0 %, 0 %
2026/03/23 23:14:56.302, 6, 178.11 W, 27, 120 MHz, 3996 MHz, 0 %, 0 %
2026/03/23 23:14:56.302, 7, 176.59 W, 28, 120 MHz, 3996 MHz, 0 %, 0 %
2026/03/23 23:14:57.302, 0, 228.15 W, 28, 2032 MHz, 3996 MHz, 0 %, 0 %
2026/03/23 23:14:57.302, 1, 233.28 W, 30, 2032 MHz, 3996 MHz, 0 %, 0 %
2026/03/23 23:14:57.302, 2, 234.02 W, 28, 2032 MHz, 3996 MHz, 0 %, 0 %
2026/03/23 23:14:57.302, 3, 234.95 W, 30, 2032 MHz, 3996 MHz, 0 %, 0 %
2026/03/23 23:14:57.302, 4, 178.84 W, 26, 120 MHz, 3996 MHz, 0 %, 0 %
2026/03/23 23:14:57.302, 5, 180.58 W, 28, 120 MHz, 3996 MHz, 0 %, 0 %
2026/03/23 23:14:57.302, 6, 178.25 W, 27, 120 MHz, 3996 MHz, 0 %, 0 %
2026/03/23 23:14:57.302, 7, 176.59 W, 28, 120 MHz, 3996 MHz, 0 %, 0 %
2026/03/23 23:14:58.303, 0, 229.76 W, 28, 2032 MHz, 3996 MHz, 0 %, 0 %
2026/03/23 23:14:58.303, 1, 235.49 W, 30, 2032 MHz, 3996 MHz, 0 %, 0 %
2026/03/23 23:14:58.303, 2, 235.26 W, 28, 2032 MHz, 3996 MHz, 5 %, 5 %
2026/03/23 23:14:58.303, 3, 234.64 W, 30, 2032 MHz, 3996 MHz, 0 %, 0 %
2026/03/23 23:14:58.303, 4, 179.23 W, 26, 120 MHz, 3996 MHz, 0 %, 0 %
2026/03/23 23:14:58.303, 5, 180.58 W, 28, 120 MHz, 3996 MHz, 0 %, 0 %
2026/03/23 23:14:58.303, 6, 178.34 W, 27, 120 MHz, 3996 MHz, 0 %, 0 %
2026/03/23 23:14:58.303, 7, 176.59 W, 28, 120 MHz, 3996 MHz, 0 %, 0 %
2026/03/23 23:14:59.303, 0, 248.11 W, 28, 2032 MHz, 3996 MHz, 0 %, 0 %
2026/03/23 23:14:59.303, 1, 252.78 W, 30, 2032 MHz, 3996 MHz, 12 %, 10 %
2026/03/23 23:14:59.303, 2, 257.53 W, 28, 2032 MHz, 3996 MHz, 0 %, 0 %
2026/03/23 23:14:59.303, 3, 255.46 W, 31, 2032 MHz, 3996 MHz, 12 %, 10 %
2026/03/23 23:14:59.303, 4, 179.39 W, 26, 120 MHz, 3996 MHz, 0 %, 0 %
2026/03/23 23:14:59.303, 5, 180.58 W, 28, 120 MHz, 3996 MHz, 0 %, 0 %
2026/03/23 23:14:59.303, 6, 178.45 W, 27, 120 MHz, 3996 MHz, 0 %, 0 %
2026/03/23 23:14:59.303, 7, 176.58 W, 28, 120 MHz, 3996 MHz, 0 %, 0 %
2026/03/23 23:15:00.303, 0, 261.74 W, 30, 2032 MHz, 3996 MHz, 13 %, 12 %
2026/03/23 23:15:00.303, 1, 264.71 W, 32, 2032 MHz, 3996 MHz, 0 %, 0 %
2026/03/23 23:15:00.303, 2, 268.08 W, 29, 2032 MHz, 3996 MHz, 9 %, 8 %
2026/03/23 23:15:00.303, 3, 234.97 W, 30, 2032 MHz, 3996 MHz, 0 %, 0 %
2026/03/23 23:15:00.303, 4, 179.12 W, 26, 120 MHz, 3996 MHz, 0 %, 0 %
2026/03/23 23:15:00.303, 5, 180.58 W, 28, 120 MHz, 3996 MHz, 0 %, 0 %
2026/03/23 23:15:00.303, 6, 178.34 W, 27, 120 MHz, 3996 MHz, 0 %, 0 %
2026/03/23 23:15:00.303, 7, 176.58 W, 28, 120 MHz, 3996 MHz, 0 %, 0 %
2026/03/23 23:15:01.303, 0, 262.67 W, 30, 2032 MHz, 3996 MHz, 66 %, 53 %
2026/03/23 23:15:01.303, 1, 267.34 W, 32, 2032 MHz, 3996 MHz, 0 %, 0 %
2026/03/23 23:15:01.303, 2, 267.51 W, 28, 2032 MHz, 3996 MHz, 2 %, 1 %
2026/03/23 23:15:01.303, 3, 272.39 W, 32, 2032 MHz, 3996 MHz, 0 %, 0 %
2026/03/23 23:15:01.303, 4, 178.97 W, 26, 120 MHz, 3996 MHz, 0 %, 0 %
2026/03/23 23:15:01.303, 5, 180.58 W, 28, 120 MHz, 3996 MHz, 0 %, 0 %
2026/03/23 23:15:01.303, 6, 177.99 W, 27, 120 MHz, 3996 MHz, 0 %, 0 %
2026/03/23 23:15:01.303, 7, 176.59 W, 28, 120 MHz, 3996 MHz, 0 %, 0 %
2026/03/23 23:15:02.303, 0, 229.78 W, 28, 2032 MHz, 3996 MHz, 0 %, 0 %
2026/03/23 23:15:02.303, 1, 234.59 W, 30, 2032 MHz, 3996 MHz, 0 %, 0 %
2026/03/23 23:15:02.303, 2, 234.21 W, 28, 2032 MHz, 3996 MHz, 0 %, 0 %
2026/03/23 23:15:02.303, 3, 266.88 W, 30, 2032 MHz, 3996 MHz, 0 %, 0 %
2026/03/23 23:15:02.303, 4, 179.12 W, 26, 120 MHz, 3996 MHz, 0 %, 0 %
2026/03/23 23:15:02.303, 5, 180.58 W, 28, 120 MHz, 3996 MHz, 0 %, 0 %
2026/03/23 23:15:02.303, 6, 178.14 W, 27, 120 MHz, 3996 MHz, 0 %, 0 %
2026/03/23 23:15:02.303, 7, 176.58 W, 28, 120 MHz, 3996 MHz, 0 %, 0 %
2026/03/23 23:15:03.303, 0, 242.51 W, 28, 2032 MHz, 3996 MHz, 0 %, 0 %
2026/03/23 23:15:03.303, 1, 247.65 W, 30, 2032 MHz, 3996 MHz, 34 %, 21 %
2026/03/23 23:15:03.303, 2, 247.78 W, 28, 2032 MHz, 3996 MHz, 0 %, 0 %
2026/03/23 23:15:03.303, 3, 247.93 W, 31, 2032 MHz, 3996 MHz, 28 %, 16 %
2026/03/23 23:15:03.303, 4, 179.40 W, 26, 120 MHz, 3996 MHz, 0 %, 0 %
2026/03/23 23:15:03.303, 5, 180.58 W, 28, 120 MHz, 3996 MHz, 0 %, 0 %
2026/03/23 23:15:03.303, 6, 178.34 W, 27, 120 MHz, 3996 MHz, 0 %, 0 %
2026/03/23 23:15:03.303, 7, 176.58 W, 28, 120 MHz, 3996 MHz, 0 %, 0 %
2026/03/23 23:15:04.303, 0, 229.77 W, 28, 2032 MHz, 3996 MHz, 0 %, 0 %
2026/03/23 23:15:04.303, 1, 234.28 W, 30, 2032 MHz, 3996 MHz, 0 %, 0 %
2026/03/23 23:15:04.303, 2, 234.06 W, 28, 2032 MHz, 3996 MHz, 0 %, 0 %
2026/03/23 23:15:04.303, 3, 235.22 W, 30, 2032 MHz, 3996 MHz, 0 %, 0 %
2026/03/23 23:15:04.304, 4, 179.35 W, 26, 120 MHz, 3996 MHz, 0 %, 0 %
2026/03/23 23:15:04.304, 5, 180.58 W, 28, 120 MHz, 3996 MHz, 0 %, 0 %
2026/03/23 23:15:04.304, 6, 178.37 W, 27, 120 MHz, 3996 MHz, 0 %, 0 %
2026/03/23 23:15:04.304, 7, 176.58 W, 28, 120 MHz, 3996 MHz, 0 %, 0 %
2026/03/23 23:15:05.304, 0, 229.40 W, 28, 2032 MHz, 3996 MHz, 0 %, 0 %
2026/03/23 23:15:05.304, 1, 233.57 W, 30, 2032 MHz, 3996 MHz, 0 %, 0 %
2026/03/23 23:15:05.304, 2, 234.02 W, 28, 2032 MHz, 3996 MHz, 0 %, 0 %
2026/03/23 23:15:05.304, 3, 235.13 W, 30, 2032 MHz, 3996 MHz, 0 %, 0 %
2026/03/23 23:15:05.304, 4, 179.13 W, 26, 120 MHz, 3996 MHz, 0 %, 0 %
2026/03/23 23:15:05.304, 5, 180.58 W, 28, 120 MHz, 3996 MHz, 0 %, 0 %
2026/03/23 23:15:05.304, 6, 178.30 W, 27, 120 MHz, 3996 MHz, 0 %, 0 %
2026/03/23 23:15:05.304, 7, 176.58 W, 28, 120 MHz, 3996 MHz, 0 %, 0 %
2026/03/23 23:15:06.304, 0, 295.42 W, 28, 2032 MHz, 3996 MHz, 0 %, 0 %
2026/03/23 23:15:06.304, 1, 303.62 W, 30, 2032 MHz, 3996 MHz, 0 %, 0 %
2026/03/23 23:15:06.304, 2, 303.38 W, 28, 2032 MHz, 3996 MHz, 0 %, 0 %
2026/03/23 23:15:06.304, 3, 302.24 W, 31, 2032 MHz, 3996 MHz, 0 %, 0 %
2026/03/23 23:15:06.304, 4, 178.97 W, 26, 120 MHz, 3996 MHz, 0 %, 0 %
2026/03/23 23:15:06.304, 5, 180.58 W, 28, 120 MHz, 3996 MHz, 0 %, 0 %
2026/03/23 23:15:06.304, 6, 178.15 W, 27, 120 MHz, 3996 MHz, 0 %, 0 %
2026/03/23 23:15:06.304, 7, 176.58 W, 28, 120 MHz, 3996 MHz, 0 %, 0 %
2026/03/23 23:15:07.304, 0, 259.01 W, 28, 2032 MHz, 3996 MHz, 0 %, 0 %
2026/03/23 23:15:07.304, 1, 265.43 W, 31, 2032 MHz, 3996 MHz, 0 %, 0 %
2026/03/23 23:15:07.304, 2, 264.99 W, 28, 2032 MHz, 3996 MHz, 0 %, 0 %
2026/03/23 23:15:07.304, 3, 266.52 W, 31, 2032 MHz, 3996 MHz, 0 %, 0 %
2026/03/23 23:15:07.304, 4, 179.05 W, 26, 120 MHz, 3996 MHz, 0 %, 0 %
2026/03/23 23:15:07.304, 5, 180.58 W, 28, 120 MHz, 3996 MHz, 0 %, 0 %
2026/03/23 23:15:07.304, 6, 178.33 W, 27, 120 MHz, 3996 MHz, 0 %, 0 %
2026/03/23 23:15:07.304, 7, 176.58 W, 28, 120 MHz, 3996 MHz, 0 %, 0 %
2026/03/23 23:15:08.304, 0, 229.81 W, 28, 2032 MHz, 3996 MHz, 0 %, 0 %
2026/03/23 23:15:08.304, 1, 234.66 W, 30, 2032 MHz, 3996 MHz, 0 %, 0 %
2026/03/23 23:15:08.304, 2, 234.10 W, 28, 2032 MHz, 3996 MHz, 0 %, 0 %
2026/03/23 23:15:08.304, 3, 235.20 W, 30, 2032 MHz, 3996 MHz, 0 %, 0 %
2026/03/23 23:15:08.304, 4, 179.22 W, 26, 120 MHz, 3996 MHz, 0 %, 0 %
2026/03/23 23:15:08.304, 5, 180.58 W, 28, 120 MHz, 3996 MHz, 0 %, 0 %
2026/03/23 23:15:08.304, 6, 178.37 W, 27, 120 MHz, 3996 MHz, 0 %, 0 %
2026/03/23 23:15:08.304, 7, 176.58 W, 28, 120 MHz, 3996 MHz, 0 %, 0 %
2026/03/23 23:15:09.304, 0, 229.73 W, 28, 2032 MHz, 3996 MHz, 0 %, 0 %
2026/03/23 23:15:09.304, 1, 233.79 W, 30, 2032 MHz, 3996 MHz, 0 %, 0 %
2026/03/23 23:15:09.304, 2, 234.10 W, 28, 2032 MHz, 3996 MHz, 0 %, 0 %
2026/03/23 23:15:09.304, 3, 235.18 W, 30, 2032 MHz, 3996 MHz, 0 %, 0 %
2026/03/23 23:15:09.304, 4, 178.94 W, 26, 120 MHz, 3996 MHz, 0 %, 0 %
2026/03/23 23:15:09.304, 5, 180.58 W, 28, 120 MHz, 3996 MHz, 0 %, 0 %
2026/03/23 23:15:09.304, 6, 178.41 W, 27, 120 MHz, 3996 MHz, 0 %, 0 %
2026/03/23 23:15:09.304, 7, 176.58 W, 28, 120 MHz, 3996 MHz, 0 %, 0 %
2026/03/23 23:15:10.304, 0, 290.29 W, 32, 2032 MHz, 3996 MHz, 29 %, 27 %
2026/03/23 23:15:10.304, 1, 337.06 W, 31, 2032 MHz, 3996 MHz, 0 %, 0 %
2026/03/23 23:15:10.304, 2, 338.60 W, 28, 2032 MHz, 3996 MHz, 0 %, 0 %
2026/03/23 23:15:10.304, 3, 275.94 W, 34, 2032 MHz, 3996 MHz, 58 %, 57 %
2026/03/23 23:15:10.304, 4, 179.17 W, 26, 120 MHz, 3996 MHz, 0 %, 0 %
2026/03/23 23:15:10.304, 5, 180.58 W, 28, 120 MHz, 3996 MHz, 0 %, 0 %
2026/03/23 23:15:10.305, 6, 178.11 W, 27, 120 MHz, 3996 MHz, 0 %, 0 %
2026/03/23 23:15:10.305, 7, 176.59 W, 28, 120 MHz, 3996 MHz, 0 %, 0 %
2026/03/23 23:15:11.305, 0, 271.76 W, 28, 2032 MHz, 3996 MHz, 0 %, 0 %
2026/03/23 23:15:11.305, 1, 234.64 W, 30, 2032 MHz, 3996 MHz, 0 %, 0 %
2026/03/23 23:15:11.305, 2, 234.14 W, 28, 2032 MHz, 3996 MHz, 0 %, 0 %
2026/03/23 23:15:11.305, 3, 306.94 W, 31, 2032 MHz, 3996 MHz, 0 %, 0 %
2026/03/23 23:15:11.305, 4, 178.97 W, 26, 120 MHz, 3996 MHz, 0 %, 0 %
2026/03/23 23:15:11.305, 5, 180.58 W, 28, 120 MHz, 3996 MHz, 0 %, 0 %
2026/03/23 23:15:11.305, 6, 177.86 W, 27, 120 MHz, 3996 MHz, 0 %, 0 %
2026/03/23 23:15:11.305, 7, 176.60 W, 28, 120 MHz, 3996 MHz, 0 %, 0 %
2026/03/23 23:15:12.305, 0, 229.89 W, 28, 2032 MHz, 3996 MHz, 0 %, 0 %
2026/03/23 23:15:12.305, 1, 233.88 W, 30, 2032 MHz, 3996 MHz, 0 %, 0 %
2026/03/23 23:15:12.305, 2, 234.10 W, 28, 2032 MHz, 3996 MHz, 0 %, 0 %
2026/03/23 23:15:12.305, 3, 235.15 W, 30, 2032 MHz, 3996 MHz, 0 %, 0 %
2026/03/23 23:15:12.305, 4, 179.08 W, 26, 120 MHz, 3996 MHz, 0 %, 0 %
2026/03/23 23:15:12.305, 5, 180.58 W, 28, 120 MHz, 3996 MHz, 0 %, 0 %
2026/03/23 23:15:12.305, 6, 178.14 W, 27, 120 MHz, 3996 MHz, 0 %, 0 %
2026/03/23 23:15:12.305, 7, 176.60 W, 28, 120 MHz, 3996 MHz, 0 %, 0 %
2026/03/23 23:15:13.305, 0, 229.43 W, 28, 2032 MHz, 3996 MHz, 0 %, 0 %
2026/03/23 23:15:13.305, 1, 233.65 W, 30, 2032 MHz, 3996 MHz, 0 %, 0 %
2026/03/23 23:15:13.305, 2, 234.02 W, 28, 2032 MHz, 3996 MHz, 0 %, 0 %
2026/03/23 23:15:13.305, 3, 235.15 W, 30, 2032 MHz, 3996 MHz, 0 %, 0 %
2026/03/23 23:15:13.305, 4, 178.97 W, 26, 120 MHz, 3996 MHz, 0 %, 0 %
2026/03/23 23:15:13.305, 5, 180.58 W, 28, 120 MHz, 3996 MHz, 0 %, 0 %
2026/03/23 23:15:13.305, 6, 178.11 W, 27, 120 MHz, 3996 MHz, 0 %, 0 %
2026/03/23 23:15:13.305, 7, 176.59 W, 28, 120 MHz, 3996 MHz, 0 %, 0 %
2026/03/23 23:15:14.305, 0, 229.42 W, 28, 2032 MHz, 3996 MHz, 0 %, 0 %
2026/03/23 23:15:14.305, 1, 233.62 W, 30, 2032 MHz, 3996 MHz, 0 %, 0 %
2026/03/23 23:15:14.305, 2, 234.14 W, 28, 2032 MHz, 3996 MHz, 0 %, 0 %
2026/03/23 23:15:14.305, 3, 235.15 W, 30, 2032 MHz, 3996 MHz, 0 %, 0 %
2026/03/23 23:15:14.305, 4, 179.26 W, 26, 120 MHz, 3996 MHz, 0 %, 0 %
2026/03/23 23:15:14.305, 5, 180.58 W, 28, 120 MHz, 3996 MHz, 0 %, 0 %
2026/03/23 23:15:14.305, 6, 178.21 W, 27, 120 MHz, 3996 MHz, 0 %, 0 %
2026/03/23 23:15:14.305, 7, 176.59 W, 28, 120 MHz, 3996 MHz, 0 %, 0 %
2026/03/23 23:15:15.305, 0, 229.46 W, 28, 2032 MHz, 3996 MHz, 0 %, 0 %
2026/03/23 23:15:15.305, 1, 233.49 W, 30, 2032 MHz, 3996 MHz, 0 %, 0 %
2026/03/23 23:15:15.305, 2, 234.02 W, 28, 2032 MHz, 3996 MHz, 0 %, 0 %
2026/03/23 23:15:15.305, 3, 235.13 W, 30, 2032 MHz, 3996 MHz, 0 %, 0 %
2026/03/23 23:15:15.305, 4, 179.16 W, 26, 120 MHz, 3996 MHz, 0 %, 0 %
2026/03/23 23:15:15.305, 5, 180.58 W, 28, 120 MHz, 3996 MHz, 0 %, 0 %
2026/03/23 23:15:15.305, 6, 178.41 W, 27, 120 MHz, 3996 MHz, 0 %, 0 %
2026/03/23 23:15:15.305, 7, 176.59 W, 28, 120 MHz, 3996 MHz, 0 %, 0 %
2026/03/23 23:15:16.305, 0, 229.26 W, 28, 2032 MHz, 3996 MHz, 0 %, 0 %
2026/03/23 23:15:16.305, 1, 233.42 W, 30, 2032 MHz, 3996 MHz, 0 %, 0 %
2026/03/23 23:15:16.305, 2, 252.99 W, 29, 2032 MHz, 3996 MHz, 33 %, 29 %
2026/03/23 23:15:16.305, 3, 235.19 W, 30, 2032 MHz, 3996 MHz, 0 %, 0 %
2026/03/23 23:15:16.305, 4, 179.04 W, 26, 120 MHz, 3996 MHz, 0 %, 0 %
2026/03/23 23:15:16.305, 5, 180.58 W, 28, 120 MHz, 3996 MHz, 0 %, 0 %
2026/03/23 23:15:16.306, 6, 177.98 W, 27, 120 MHz, 3996 MHz, 0 %, 0 %
2026/03/23 23:15:16.306, 7, 176.59 W, 28, 120 MHz, 3996 MHz, 0 %, 0 %
2026/03/23 23:15:17.306, 0, 247.56 W, 28, 2032 MHz, 3996 MHz, 0 %, 0 %
2026/03/23 23:15:17.306, 1, 254.06 W, 30, 2032 MHz, 3996 MHz, 0 %, 0 %
2026/03/23 23:15:17.306, 2, 327.98 W, 32, 2032 MHz, 3996 MHz, 25 %, 22 %
2026/03/23 23:15:17.306, 3, 254.67 W, 30, 2032 MHz, 3996 MHz, 0 %, 0 %
2026/03/23 23:15:17.306, 4, 178.75 W, 26, 120 MHz, 3996 MHz, 0 %, 0 %
2026/03/23 23:15:17.306, 5, 180.58 W, 28, 120 MHz, 3996 MHz, 0 %, 0 %
2026/03/23 23:15:17.306, 6, 178.18 W, 27, 120 MHz, 3996 MHz, 0 %, 0 %
2026/03/23 23:15:17.306, 7, 176.59 W, 28, 120 MHz, 3996 MHz, 0 %, 0 %
2026/03/23 23:15:18.306, 0, 322.94 W, 28, 2032 MHz, 3996 MHz, 0 %, 0 %
2026/03/23 23:15:18.306, 1, 327.34 W, 31, 2032 MHz, 3996 MHz, 0 %, 0 %
2026/03/23 23:15:18.306, 2, 234.79 W, 28, 2032 MHz, 3996 MHz, 0 %, 0 %
2026/03/23 23:15:18.306, 3, 324.05 W, 31, 2032 MHz, 3996 MHz, 0 %, 0 %
2026/03/23 23:15:18.306, 4, 179.04 W, 26, 120 MHz, 3996 MHz, 0 %, 0 %
2026/03/23 23:15:18.306, 5, 180.58 W, 28, 120 MHz, 3996 MHz, 0 %, 0 %
2026/03/23 23:15:18.306, 6, 178.37 W, 27, 120 MHz, 3996 MHz, 0 %, 0 %
2026/03/23 23:15:18.306, 7, 176.58 W, 28, 120 MHz, 3996 MHz, 0 %, 0 %
2026/03/23 23:15:19.306, 0, 229.96 W, 28, 2032 MHz, 3996 MHz, 0 %, 0 %
2026/03/23 23:15:19.306, 1, 234.98 W, 30, 2032 MHz, 3996 MHz, 0 %, 0 %
2026/03/23 23:15:19.306, 2, 234.06 W, 28, 2032 MHz, 3996 MHz, 0 %, 0 %
2026/03/23 23:15:19.306, 3, 235.14 W, 31, 2032 MHz, 3996 MHz, 0 %, 0 %
2026/03/23 23:15:19.306, 4, 178.89 W, 26, 120 MHz, 3996 MHz, 0 %, 0 %
2026/03/23 23:15:19.306, 5, 180.58 W, 28, 120 MHz, 3996 MHz, 0 %, 0 %
2026/03/23 23:15:19.306, 6, 178.41 W, 27, 120 MHz, 3996 MHz, 0 %, 0 %
2026/03/23 23:15:19.306, 7, 176.58 W, 28, 120 MHz, 3996 MHz, 0 %, 0 %
2026/03/23 23:15:20.306, 0, 229.79 W, 28, 2032 MHz, 3996 MHz, 0 %, 0 %
2026/03/23 23:15:20.306, 1, 260.25 W, 31, 2032 MHz, 3996 MHz, 0 %, 0 %
2026/03/23 23:15:20.306, 2, 263.22 W, 28, 2032 MHz, 3996 MHz, 100 %, 0 %
2026/03/23 23:15:20.306, 3, 235.10 W, 30, 2032 MHz, 3996 MHz, 0 %, 0 %
2026/03/23 23:15:20.306, 4, 178.97 W, 26, 120 MHz, 3996 MHz, 0 %, 0 %
2026/03/23 23:15:20.306, 5, 180.58 W, 28, 120 MHz, 3996 MHz, 0 %, 0 %
2026/03/23 23:15:20.306, 6, 178.21 W, 27, 120 MHz, 3996 MHz, 0 %, 0 %
2026/03/23 23:15:20.306, 7, 176.59 W, 28, 120 MHz, 3996 MHz, 0 %, 0 %
2026/03/23 23:15:21.306, 0, 272.57 W, 29, 2032 MHz, 3996 MHz, 0 %, 0 %
2026/03/23 23:15:21.306, 1, 258.09 W, 30, 2032 MHz, 3996 MHz, 28 %, 24 %
2026/03/23 23:15:21.306, 2, 253.13 W, 28, 2032 MHz, 3996 MHz, 0 %, 0 %
2026/03/23 23:15:21.306, 3, 277.69 W, 31, 2032 MHz, 3996 MHz, 0 %, 0 %
2026/03/23 23:15:21.306, 4, 179.37 W, 26, 120 MHz, 3996 MHz, 0 %, 0 %
2026/03/23 23:15:21.306, 5, 180.58 W, 28, 120 MHz, 3996 MHz, 0 %, 0 %
2026/03/23 23:15:21.306, 6, 178.18 W, 27, 120 MHz, 3996 MHz, 0 %, 0 %
2026/03/23 23:15:21.306, 7, 176.59 W, 28, 120 MHz, 3996 MHz, 0 %, 0 %
2026/03/23 23:15:22.307, 0, 229.50 W, 28, 2032 MHz, 3996 MHz, 0 %, 0 %
2026/03/23 23:15:22.307, 1, 234.03 W, 30, 2032 MHz, 3996 MHz, 0 %, 0 %
2026/03/23 23:15:22.307, 2, 234.06 W, 28, 2032 MHz, 3996 MHz, 0 %, 0 %
2026/03/23 23:15:22.307, 3, 235.13 W, 31, 2032 MHz, 3996 MHz, 0 %, 0 %
2026/03/23 23:15:22.307, 4, 179.09 W, 26, 120 MHz, 3996 MHz, 0 %, 0 %
2026/03/23 23:15:22.307, 5, 180.58 W, 28, 120 MHz, 3996 MHz, 0 %, 0 %
2026/03/23 23:15:22.307, 6, 178.38 W, 27, 120 MHz, 3996 MHz, 0 %, 0 %
2026/03/23 23:15:22.307, 7, 176.59 W, 28, 120 MHz, 3996 MHz, 0 %, 0 %
2026/03/23 23:15:23.307, 0, 229.27 W, 28, 2032 MHz, 3996 MHz, 0 %, 0 %
2026/03/23 23:15:23.307, 1, 233.53 W, 30, 2032 MHz, 3996 MHz, 0 %, 0 %
2026/03/23 23:15:23.307, 2, 234.02 W, 28, 2032 MHz, 3996 MHz, 0 %, 0 %
2026/03/23 23:15:23.307, 3, 234.97 W, 30, 2032 MHz, 3996 MHz, 0 %, 0 %
2026/03/23 23:15:23.307, 4, 179.01 W, 26, 120 MHz, 3996 MHz, 0 %, 0 %
2026/03/23 23:15:23.307, 5, 180.58 W, 28, 120 MHz, 3996 MHz, 0 %, 0 %
2026/03/23 23:15:23.307, 6, 178.29 W, 27, 120 MHz, 3996 MHz, 0 %, 0 %
2026/03/23 23:15:23.307, 7, 176.60 W, 28, 120 MHz, 3996 MHz, 0 %, 0 %
2026/03/23 23:15:24.307, 0, 228.79 W, 28, 2032 MHz, 3996 MHz, 0 %, 0 %
2026/03/23 23:15:24.307, 1, 233.32 W, 30, 2032 MHz, 3996 MHz, 0 %, 0 %
2026/03/23 23:15:24.307, 2, 234.02 W, 28, 2032 MHz, 3996 MHz, 0 %, 0 %
2026/03/23 23:15:24.307, 3, 234.97 W, 30, 2032 MHz, 3996 MHz, 0 %, 0 %
2026/03/23 23:15:24.307, 4, 179.00 W, 26, 120 MHz, 3996 MHz, 0 %, 0 %
2026/03/23 23:15:24.307, 5, 180.59 W, 28, 120 MHz, 3996 MHz, 0 %, 0 %
2026/03/23 23:15:24.307, 6, 178.26 W, 27, 120 MHz, 3996 MHz, 0 %, 0 %
2026/03/23 23:15:24.307, 7, 176.60 W, 28, 120 MHz, 3996 MHz, 0 %, 0 %
2026/03/23 23:15:25.307, 0, 228.69 W, 28, 2032 MHz, 3996 MHz, 0 %, 0 %
2026/03/23 23:15:25.307, 1, 233.27 W, 30, 2032 MHz, 3996 MHz, 0 %, 0 %
2026/03/23 23:15:25.307, 2, 234.02 W, 28, 2032 MHz, 3996 MHz, 0 %, 0 %
2026/03/23 23:15:25.307, 3, 234.73 W, 30, 2032 MHz, 3996 MHz, 0 %, 0 %
2026/03/23 23:15:25.307, 4, 178.86 W, 26, 120 MHz, 3996 MHz, 0 %, 0 %
2026/03/23 23:15:25.307, 5, 180.58 W, 28, 120 MHz, 3996 MHz, 0 %, 0 %
2026/03/23 23:15:25.307, 6, 178.38 W, 27, 120 MHz, 3996 MHz, 0 %, 0 %
2026/03/23 23:15:25.307, 7, 176.59 W, 28, 120 MHz, 3996 MHz, 0 %, 0 %
2026/03/23 23:15:26.307, 0, 229.13 W, 28, 2032 MHz, 3996 MHz, 0 %, 0 %
2026/03/23 23:15:26.307, 1, 233.38 W, 30, 2032 MHz, 3996 MHz, 0 %, 0 %
2026/03/23 23:15:26.307, 2, 234.02 W, 28, 2032 MHz, 3996 MHz, 0 %, 0 %
2026/03/23 23:15:26.307, 3, 235.09 W, 30, 2032 MHz, 3996 MHz, 0 %, 0 %
2026/03/23 23:15:26.307, 4, 178.79 W, 26, 120 MHz, 3996 MHz, 0 %, 0 %
2026/03/23 23:15:26.307, 5, 180.58 W, 28, 120 MHz, 3996 MHz, 0 %, 0 %
2026/03/23 23:15:26.307, 6, 178.21 W, 27, 120 MHz, 3996 MHz, 0 %, 0 %
2026/03/23 23:15:26.307, 7, 176.59 W, 28, 120 MHz, 3996 MHz, 0 %, 0 %
2026/03/23 23:15:27.308, 0, 229.21 W, 28, 2032 MHz, 3996 MHz, 0 %, 0 %
2026/03/23 23:15:27.308, 1, 233.41 W, 30, 2032 MHz, 3996 MHz, 0 %, 0 %
2026/03/23 23:15:27.308, 2, 234.02 W, 28, 2032 MHz, 3996 MHz, 0 %, 0 %
2026/03/23 23:15:27.308, 3, 235.18 W, 30, 2032 MHz, 3996 MHz, 0 %, 0 %
2026/03/23 23:15:27.308, 4, 178.89 W, 26, 120 MHz, 3996 MHz, 0 %, 0 %
2026/03/23 23:15:27.308, 5, 180.58 W, 28, 120 MHz, 3996 MHz, 0 %, 0 %
2026/03/23 23:15:27.308, 6, 178.34 W, 27, 120 MHz, 3996 MHz, 0 %, 0 %
2026/03/23 23:15:27.308, 7, 176.59 W, 28, 120 MHz, 3996 MHz, 0 %, 0 %
2026/03/23 23:15:28.308, 0, 229.65 W, 28, 2032 MHz, 3996 MHz, 0 %, 0 %
2026/03/23 23:15:28.308, 1, 233.57 W, 30, 2032 MHz, 3996 MHz, 0 %, 0 %
2026/03/23 23:15:28.308, 2, 234.02 W, 28, 2032 MHz, 3996 MHz, 0 %, 0 %
2026/03/23 23:15:28.308, 3, 235.19 W, 30, 2032 MHz, 3996 MHz, 0 %, 0 %
2026/03/23 23:15:28.308, 4, 179.12 W, 26, 120 MHz, 3996 MHz, 0 %, 0 %
2026/03/23 23:15:28.308, 5, 180.58 W, 28, 120 MHz, 3996 MHz, 0 %, 0 %
2026/03/23 23:15:28.308, 6, 178.26 W, 27, 120 MHz, 3996 MHz, 0 %, 0 %
2026/03/23 23:15:28.308, 7, 176.58 W, 28, 120 MHz, 3996 MHz, 0 %, 0 %
2026/03/23 23:15:29.308, 0, 229.69 W, 28, 2032 MHz, 3996 MHz, 0 %, 0 %
2026/03/23 23:15:29.308, 1, 233.65 W, 30, 2032 MHz, 3996 MHz, 0 %, 0 %
2026/03/23 23:15:29.308, 2, 234.02 W, 28, 2032 MHz, 3996 MHz, 0 %, 0 %
2026/03/23 23:15:29.308, 3, 235.08 W, 30, 2032 MHz, 3996 MHz, 0 %, 0 %
2026/03/23 23:15:29.308, 4, 178.99 W, 26, 120 MHz, 3996 MHz, 0 %, 0 %
2026/03/23 23:15:29.308, 5, 180.58 W, 28, 120 MHz, 3996 MHz, 0 %, 0 %
2026/03/23 23:15:29.308, 6, 178.25 W, 27, 120 MHz, 3996 MHz, 0 %, 0 %
2026/03/23 23:15:29.308, 7, 176.60 W, 28, 120 MHz, 3996 MHz, 0 %, 0 %
2026/03/23 23:15:30.308, 0, 229.81 W, 28, 2032 MHz, 3996 MHz, 0 %, 0 %
2026/03/23 23:15:30.308, 1, 233.43 W, 30, 2032 MHz, 3996 MHz, 0 %, 0 %
2026/03/23 23:15:30.308, 2, 234.02 W, 28, 2032 MHz, 3996 MHz, 0 %, 0 %
2026/03/23 23:15:30.308, 3, 235.12 W, 30, 2032 MHz, 3996 MHz, 0 %, 0 %
2026/03/23 23:15:30.308, 4, 179.11 W, 26, 120 MHz, 3996 MHz, 0 %, 0 %
2026/03/23 23:15:30.308, 5, 180.58 W, 28, 120 MHz, 3996 MHz, 0 %, 0 %
2026/03/23 23:15:30.308, 6, 178.17 W, 27, 120 MHz, 3996 MHz, 0 %, 0 %
2026/03/23 23:15:30.308, 7, 176.60 W, 28, 120 MHz, 3996 MHz, 0 %, 0 %
2026/03/23 23:15:31.308, 0, 229.73 W, 28, 2032 MHz, 3996 MHz, 0 %, 0 %
2026/03/23 23:15:31.308, 1, 233.69 W, 30, 2032 MHz, 3996 MHz, 0 %, 0 %
2026/03/23 23:15:31.308, 2, 234.02 W, 28, 2032 MHz, 3996 MHz, 0 %, 0 %
2026/03/23 23:15:31.308, 3, 235.18 W, 30, 2032 MHz, 3996 MHz, 0 %, 0 %
2026/03/23 23:15:31.308, 4, 178.79 W, 26, 120 MHz, 3996 MHz, 0 %, 0 %
2026/03/23 23:15:31.308, 5, 180.58 W, 28, 120 MHz, 3996 MHz, 0 %, 0 %
2026/03/23 23:15:31.308, 6, 178.25 W, 27, 120 MHz, 3996 MHz, 0 %, 0 %
2026/03/23 23:15:31.308, 7, 176.60 W, 28, 120 MHz, 3996 MHz, 0 %, 0 %
2026/03/23 23:15:32.308, 0, 229.89 W, 28, 2032 MHz, 3996 MHz, 0 %, 0 %
2026/03/23 23:15:32.309, 1, 233.45 W, 30, 2032 MHz, 3996 MHz, 0 %, 0 %
2026/03/23 23:15:32.309, 2, 234.02 W, 28, 2032 MHz, 3996 MHz, 0 %, 0 %
2026/03/23 23:15:32.309, 3, 235.19 W, 30, 2032 MHz, 3996 MHz, 0 %, 0 %
2026/03/23 23:15:32.309, 4, 179.01 W, 26, 120 MHz, 3996 MHz, 0 %, 0 %
2026/03/23 23:15:32.309, 5, 180.58 W, 28, 120 MHz, 3996 MHz, 0 %, 0 %
2026/03/23 23:15:32.309, 6, 178.41 W, 27, 120 MHz, 3996 MHz, 0 %, 0 %
2026/03/23 23:15:32.309, 7, 176.59 W, 28, 120 MHz, 3996 MHz, 0 %, 0 %
2026/03/23 23:15:33.309, 0, 229.70 W, 28, 2032 MHz, 3996 MHz, 0 %, 0 %
2026/03/23 23:15:33.309, 1, 233.80 W, 30, 2032 MHz, 3996 MHz, 0 %, 0 %
2026/03/23 23:15:33.309, 2, 234.02 W, 28, 2032 MHz, 3996 MHz, 0 %, 0 %
2026/03/23 23:15:33.309, 3, 235.10 W, 30, 2032 MHz, 3996 MHz, 0 %, 0 %
2026/03/23 23:15:33.309, 4, 178.97 W, 26, 120 MHz, 3996 MHz, 0 %, 0 %
2026/03/23 23:15:33.309, 5, 180.58 W, 28, 120 MHz, 3996 MHz, 0 %, 0 %
2026/03/23 23:15:33.309, 6, 178.25 W, 27, 120 MHz, 3996 MHz, 0 %, 0 %
2026/03/23 23:15:33.309, 7, 176.59 W, 28, 120 MHz, 3996 MHz, 0 %, 0 %
2026/03/23 23:15:34.309, 0, 229.69 W, 28, 2032 MHz, 3996 MHz, 0 %, 0 %
2026/03/23 23:15:34.309, 1, 233.64 W, 30, 2032 MHz, 3996 MHz, 0 %, 0 %
2026/03/23 23:15:34.309, 2, 234.02 W, 28, 2032 MHz, 3996 MHz, 0 %, 0 %
2026/03/23 23:15:34.309, 3, 235.17 W, 30, 2032 MHz, 3996 MHz, 0 %, 0 %
2026/03/23 23:15:34.309, 4, 179.21 W, 26, 120 MHz, 3996 MHz, 0 %, 0 %
2026/03/23 23:15:34.309, 5, 180.58 W, 28, 120 MHz, 3996 MHz, 0 %, 0 %
2026/03/23 23:15:34.309, 6, 178.34 W, 27, 120 MHz, 3996 MHz, 0 %, 0 %
2026/03/23 23:15:34.309, 7, 176.59 W, 28, 120 MHz, 3996 MHz, 0 %, 0 %
2026/03/23 23:15:35.309, 0, 229.74 W, 28, 2032 MHz, 3996 MHz, 0 %, 0 %
2026/03/23 23:15:35.309, 1, 233.59 W, 30, 2032 MHz, 3996 MHz, 0 %, 0 %
2026/03/23 23:15:35.309, 2, 234.02 W, 28, 2032 MHz, 3996 MHz, 0 %, 0 %
2026/03/23 23:15:35.309, 3, 235.21 W, 30, 2032 MHz, 3996 MHz, 0 %, 0 %
2026/03/23 23:15:35.309, 4, 178.98 W, 26, 120 MHz, 3996 MHz, 0 %, 0 %
2026/03/23 23:15:35.309, 5, 180.58 W, 28, 120 MHz, 3996 MHz, 0 %, 0 %
2026/03/23 23:15:35.309, 6, 178.25 W, 27, 120 MHz, 3996 MHz, 0 %, 0 %
2026/03/23 23:15:35.309, 7, 176.59 W, 28, 120 MHz, 3996 MHz, 0 %, 0 %
2026/03/23 23:15:36.309, 0, 229.77 W, 28, 2032 MHz, 3996 MHz, 0 %, 0 %
2026/03/23 23:15:36.309, 1, 233.75 W, 30, 2032 MHz, 3996 MHz, 0 %, 0 %
2026/03/23 23:15:36.309, 2, 234.02 W, 28, 2032 MHz, 3996 MHz, 0 %, 0 %
2026/03/23 23:15:36.309, 3, 235.19 W, 30, 2032 MHz, 3996 MHz, 0 %, 0 %
2026/03/23 23:15:36.309, 4, 178.91 W, 26, 120 MHz, 3996 MHz, 0 %, 0 %
2026/03/23 23:15:36.309, 5, 180.58 W, 28, 120 MHz, 3996 MHz, 0 %, 0 %
2026/03/23 23:15:36.309, 6, 178.15 W, 27, 120 MHz, 3996 MHz, 0 %, 0 %
2026/03/23 23:15:36.309, 7, 176.58 W, 28, 120 MHz, 3996 MHz, 0 %, 0 %
2026/03/23 23:15:37.309, 0, 229.85 W, 28, 2032 MHz, 3996 MHz, 0 %, 0 %
2026/03/23 23:15:37.309, 1, 233.71 W, 30, 2032 MHz, 3996 MHz, 0 %, 0 %
2026/03/23 23:15:37.309, 2, 234.02 W, 28, 2032 MHz, 3996 MHz, 0 %, 0 %
2026/03/23 23:15:37.309, 3, 235.25 W, 30, 2032 MHz, 3996 MHz, 0 %, 0 %
2026/03/23 23:15:37.309, 4, 179.05 W, 26, 120 MHz, 3996 MHz, 0 %, 0 %
2026/03/23 23:15:37.309, 5, 180.58 W, 28, 120 MHz, 3996 MHz, 0 %, 0 %
2026/03/23 23:15:37.309, 6, 178.21 W, 27, 120 MHz, 3996 MHz, 0 %, 0 %
2026/03/23 23:15:37.309, 7, 176.59 W, 28, 120 MHz, 3996 MHz, 0 %, 0 %
2026/03/23 23:15:38.309, 0, 229.70 W, 28, 2032 MHz, 3996 MHz, 0 %, 0 %
2026/03/23 23:15:38.309, 1, 234.07 W, 30, 2032 MHz, 3996 MHz, 0 %, 0 %
2026/03/23 23:15:38.309, 2, 234.02 W, 28, 2032 MHz, 3996 MHz, 0 %, 0 %
2026/03/23 23:15:38.310, 3, 235.18 W, 30, 2032 MHz, 3996 MHz, 0 %, 0 %
2026/03/23 23:15:38.310, 4, 179.06 W, 26, 120 MHz, 3996 MHz, 0 %, 0 %
2026/03/23 23:15:38.310, 5, 180.58 W, 28, 120 MHz, 3996 MHz, 0 %, 0 %
2026/03/23 23:15:38.310, 6, 178.30 W, 27, 120 MHz, 3996 MHz, 0 %, 0 %
2026/03/23 23:15:38.310, 7, 176.59 W, 28, 120 MHz, 3996 MHz, 0 %, 0 %
2026/03/23 23:15:39.310, 0, 229.59 W, 28, 2032 MHz, 3996 MHz, 0 %, 0 %
2026/03/23 23:15:39.310, 1, 233.77 W, 30, 2032 MHz, 3996 MHz, 0 %, 0 %
2026/03/23 23:15:39.310, 2, 234.02 W, 28, 2032 MHz, 3996 MHz, 0 %, 0 %
2026/03/23 23:15:39.310, 3, 235.13 W, 30, 2032 MHz, 3996 MHz, 0 %, 0 %
2026/03/23 23:15:39.310, 4, 179.17 W, 26, 120 MHz, 3996 MHz, 0 %, 0 %
2026/03/23 23:15:39.310, 5, 180.58 W, 28, 120 MHz, 3996 MHz, 0 %, 0 %
2026/03/23 23:15:39.310, 6, 178.21 W, 27, 120 MHz, 3996 MHz, 0 %, 0 %
2026/03/23 23:15:39.310, 7, 176.59 W, 28, 120 MHz, 3996 MHz, 0 %, 0 %
2026/03/23 23:15:40.310, 0, 229.93 W, 28, 2032 MHz, 3996 MHz, 0 %, 0 %
2026/03/23 23:15:40.310, 1, 233.89 W, 30, 2032 MHz, 3996 MHz, 0 %, 0 %
2026/03/23 23:15:40.310, 2, 234.02 W, 28, 2032 MHz, 3996 MHz, 0 %, 0 %
2026/03/23 23:15:40.310, 3, 235.17 W, 30, 2032 MHz, 3996 MHz, 0 %, 0 %
2026/03/23 23:15:40.310, 4, 179.01 W, 26, 120 MHz, 3996 MHz, 0 %, 0 %
2026/03/23 23:15:40.310, 5, 180.58 W, 28, 120 MHz, 3996 MHz, 0 %, 0 %
2026/03/23 23:15:40.310, 6, 178.37 W, 27, 120 MHz, 3996 MHz, 0 %, 0 %
2026/03/23 23:15:40.310, 7, 176.58 W, 28, 120 MHz, 3996 MHz, 0 %, 0 %
2026/03/23 23:15:41.310, 0, 229.77 W, 28, 2032 MHz, 3996 MHz, 0 %, 0 %
2026/03/23 23:15:41.310, 1, 233.87 W, 30, 2032 MHz, 3996 MHz, 0 %, 0 %
2026/03/23 23:15:41.310, 2, 234.02 W, 28, 2032 MHz, 3996 MHz, 0 %, 0 %
2026/03/23 23:15:41.310, 3, 235.16 W, 30, 2032 MHz, 3996 MHz, 0 %, 0 %
2026/03/23 23:15:41.310, 4, 179.20 W, 26, 120 MHz, 3996 MHz, 0 %, 0 %
2026/03/23 23:15:41.310, 5, 180.58 W, 28, 120 MHz, 3996 MHz, 0 %, 0 %
2026/03/23 23:15:41.310, 6, 178.41 W, 27, 120 MHz, 3996 MHz, 0 %, 0 %
2026/03/23 23:15:41.310, 7, 176.58 W, 28, 120 MHz, 3996 MHz, 0 %, 0 %
2026/03/23 23:15:42.310, 0, 229.77 W, 28, 2032 MHz, 3996 MHz, 0 %, 0 %
2026/03/23 23:15:42.310, 1, 234.35 W, 30, 2032 MHz, 3996 MHz, 0 %, 0 %
2026/03/23 23:15:42.310, 2, 234.06 W, 28, 2032 MHz, 3996 MHz, 0 %, 0 %
2026/03/23 23:15:42.310, 3, 235.17 W, 30, 2032 MHz, 3996 MHz, 0 %, 0 %
2026/03/23 23:15:42.310, 4, 179.17 W, 26, 120 MHz, 3996 MHz, 0 %, 0 %
2026/03/23 23:15:42.310, 5, 180.62 W, 28, 120 MHz, 3996 MHz, 0 %, 0 %
2026/03/23 23:15:42.310, 6, 178.41 W, 27, 120 MHz, 3996 MHz, 0 %, 0 %
2026/03/23 23:15:42.310, 7, 176.58 W, 28, 120 MHz, 3996 MHz, 0 %, 0 %
2026/03/23 23:15:43.310, 0, 229.77 W, 28, 2032 MHz, 3996 MHz, 0 %, 0 %
2026/03/23 23:15:43.310, 1, 234.23 W, 30, 2032 MHz, 3996 MHz, 0 %, 0 %
2026/03/23 23:15:43.310, 2, 234.06 W, 28, 2032 MHz, 3996 MHz, 0 %, 0 %
2026/03/23 23:15:43.310, 3, 235.18 W, 30, 2032 MHz, 3996 MHz, 0 %, 0 %
2026/03/23 23:15:43.310, 4, 179.01 W, 26, 120 MHz, 3996 MHz, 0 %, 0 %
2026/03/23 23:15:43.310, 5, 180.58 W, 28, 120 MHz, 3996 MHz, 0 %, 0 %
2026/03/23 23:15:43.310, 6, 178.14 W, 27, 120 MHz, 3996 MHz, 0 %, 0 %
2026/03/23 23:15:43.310, 7, 176.58 W, 28, 120 MHz, 3996 MHz, 0 %, 0 %
2026/03/23 23:15:44.310, 0, 229.81 W, 28, 2032 MHz, 3996 MHz, 0 %, 0 %
2026/03/23 23:15:44.310, 1, 233.58 W, 30, 2032 MHz, 3996 MHz, 0 %, 0 %
2026/03/23 23:15:44.310, 2, 234.10 W, 28, 2032 MHz, 3996 MHz, 0 %, 0 %
2026/03/23 23:15:44.310, 3, 235.17 W, 30, 2032 MHz, 3996 MHz, 0 %, 0 %
2026/03/23 23:15:44.310, 4, 178.90 W, 26, 120 MHz, 3996 MHz, 0 %, 0 %
2026/03/23 23:15:44.310, 5, 180.58 W, 28, 120 MHz, 3996 MHz, 0 %, 0 %
2026/03/23 23:15:44.310, 6, 178.18 W, 27, 120 MHz, 3996 MHz, 0 %, 0 %
2026/03/23 23:15:44.311, 7, 176.58 W, 28, 120 MHz, 3996 MHz, 0 %, 0 %
2026/03/23 23:15:45.311, 0, 229.77 W, 28, 2032 MHz, 3996 MHz, 0 %, 0 %
2026/03/23 23:15:45.311, 1, 233.64 W, 30, 2032 MHz, 3996 MHz, 0 %, 0 %
2026/03/23 23:15:45.311, 2, 234.06 W, 28, 2032 MHz, 3996 MHz, 0 %, 0 %
2026/03/23 23:15:45.311, 3, 235.21 W, 30, 2032 MHz, 3996 MHz, 0 %, 0 %
2026/03/23 23:15:45.311, 4, 179.13 W, 26, 120 MHz, 3996 MHz, 0 %, 0 %
2026/03/23 23:15:45.311, 5, 180.58 W, 28, 120 MHz, 3996 MHz, 0 %, 0 %
2026/03/23 23:15:45.311, 6, 178.30 W, 27, 120 MHz, 3996 MHz, 0 %, 0 %
2026/03/23 23:15:45.311, 7, 176.59 W, 28, 120 MHz, 3996 MHz, 0 %, 0 %
2026/03/23 23:15:46.311, 0, 229.77 W, 28, 2032 MHz, 3996 MHz, 0 %, 0 %
2026/03/23 23:15:46.311, 1, 233.54 W, 30, 2032 MHz, 3996 MHz, 0 %, 0 %
2026/03/23 23:15:46.311, 2, 234.02 W, 28, 2032 MHz, 3996 MHz, 0 %, 0 %
2026/03/23 23:15:46.311, 3, 235.17 W, 30, 2032 MHz, 3996 MHz, 0 %, 0 %
2026/03/23 23:15:46.311, 4, 179.08 W, 26, 120 MHz, 3996 MHz, 0 %, 0 %
2026/03/23 23:15:46.311, 5, 180.58 W, 28, 120 MHz, 3996 MHz, 0 %, 0 %
2026/03/23 23:15:46.311, 6, 178.38 W, 27, 120 MHz, 3996 MHz, 0 %, 0 %
2026/03/23 23:15:46.311, 7, 176.58 W, 28, 120 MHz, 3996 MHz, 0 %, 0 %
2026/03/23 23:15:47.311, 0, 229.66 W, 28, 2032 MHz, 3996 MHz, 0 %, 0 %
2026/03/23 23:15:47.311, 1, 233.67 W, 30, 2032 MHz, 3996 MHz, 0 %, 0 %
2026/03/23 23:15:47.311, 2, 234.02 W, 28, 2032 MHz, 3996 MHz, 0 %, 0 %
2026/03/23 23:15:47.311, 3, 235.15 W, 30, 2032 MHz, 3996 MHz, 0 %, 0 %
2026/03/23 23:15:47.311, 4, 178.82 W, 26, 120 MHz, 3996 MHz, 0 %, 0 %
2026/03/23 23:15:47.311, 5, 180.58 W, 28, 120 MHz, 3996 MHz, 0 %, 0 %
2026/03/23 23:15:47.311, 6, 178.22 W, 27, 120 MHz, 3996 MHz, 0 %, 0 %
2026/03/23 23:15:47.311, 7, 176.58 W, 28, 120 MHz, 3996 MHz, 0 %, 0 %
2026/03/23 23:15:48.311, 0, 229.89 W, 28, 2032 MHz, 3996 MHz, 0 %, 0 %
2026/03/23 23:15:48.311, 1, 233.35 W, 30, 2032 MHz, 3996 MHz, 0 %, 0 %
2026/03/23 23:15:48.311, 2, 234.02 W, 28, 2032 MHz, 3996 MHz, 0 %, 0 %
2026/03/23 23:15:48.311, 3, 235.15 W, 30, 2032 MHz, 3996 MHz, 0 %, 0 %
2026/03/23 23:15:48.311, 4, 179.06 W, 26, 120 MHz, 3996 MHz, 0 %, 0 %
2026/03/23 23:15:48.311, 5, 180.58 W, 28, 120 MHz, 3996 MHz, 0 %, 0 %
2026/03/23 23:15:48.311, 6, 178.45 W, 27, 120 MHz, 3996 MHz, 0 %, 0 %
2026/03/23 23:15:48.311, 7, 176.58 W, 28, 120 MHz, 3996 MHz, 0 %, 0 %
2026/03/23 23:15:49.311, 0, 229.62 W, 28, 2032 MHz, 3996 MHz, 0 %, 0 %
2026/03/23 23:15:49.311, 1, 233.58 W, 30, 2032 MHz, 3996 MHz, 0 %, 0 %
2026/03/23 23:15:49.311, 2, 234.02 W, 28, 2032 MHz, 3996 MHz, 0 %, 0 %
2026/03/23 23:15:49.311, 3, 235.13 W, 30, 2032 MHz, 3996 MHz, 0 %, 0 %
2026/03/23 23:15:49.311, 4, 179.16 W, 26, 120 MHz, 3996 MHz, 0 %, 0 %
2026/03/23 23:15:49.311, 5, 180.62 W, 28, 120 MHz, 3996 MHz, 0 %, 0 %
2026/03/23 23:15:49.311, 6, 178.18 W, 27, 120 MHz, 3996 MHz, 0 %, 0 %
2026/03/23 23:15:49.311, 7, 176.58 W, 28, 120 MHz, 3996 MHz, 0 %, 0 %
2026/03/23 23:15:50.311, 0, 229.89 W, 28, 2032 MHz, 3996 MHz, 0 %, 0 %
2026/03/23 23:15:50.311, 1, 233.64 W, 30, 2032 MHz, 3996 MHz, 0 %, 0 %
2026/03/23 23:15:50.311, 2, 234.02 W, 28, 2032 MHz, 3996 MHz, 0 %, 0 %
2026/03/23 23:15:50.311, 3, 235.15 W, 30, 2032 MHz, 3996 MHz, 0 %, 0 %
2026/03/23 23:15:50.311, 4, 178.87 W, 26, 120 MHz, 3996 MHz, 0 %, 0 %
2026/03/23 23:15:50.311, 5, 180.58 W, 28, 120 MHz, 3996 MHz, 0 %, 0 %
2026/03/23 23:15:50.311, 6, 178.34 W, 27, 120 MHz, 3996 MHz, 0 %, 0 %
2026/03/23 23:15:50.311, 7, 176.59 W, 28, 120 MHz, 3996 MHz, 0 %, 0 %
2026/03/23 23:15:51.312, 0, 229.85 W, 28, 2032 MHz, 3996 MHz, 0 %, 0 %
2026/03/23 23:15:51.312, 1, 233.53 W, 30, 2032 MHz, 3996 MHz, 0 %, 0 %
2026/03/23 23:15:51.312, 2, 234.02 W, 28, 2032 MHz, 3996 MHz, 0 %, 0 %
2026/03/23 23:15:51.312, 3, 235.15 W, 30, 2032 MHz, 3996 MHz, 0 %, 0 %
2026/03/23 23:15:51.312, 4, 178.84 W, 26, 120 MHz, 3996 MHz, 0 %, 0 %
2026/03/23 23:15:51.312, 5, 180.58 W, 28, 120 MHz, 3996 MHz, 0 %, 0 %
2026/03/23 23:15:51.312, 6, 178.45 W, 27, 120 MHz, 3996 MHz, 0 %, 0 %
2026/03/23 23:15:51.312, 7, 176.58 W, 28, 120 MHz, 3996 MHz, 0 %, 0 %
2026/03/23 23:15:52.312, 0, 229.74 W, 28, 2032 MHz, 3996 MHz, 0 %, 0 %
2026/03/23 23:15:52.312, 1, 233.57 W, 30, 2032 MHz, 3996 MHz, 0 %, 0 %
2026/03/23 23:15:52.312, 2, 234.06 W, 28, 2032 MHz, 3996 MHz, 0 %, 0 %
2026/03/23 23:15:52.312, 3, 235.14 W, 30, 2032 MHz, 3996 MHz, 0 %, 0 %
2026/03/23 23:15:52.312, 4, 179.03 W, 26, 120 MHz, 3996 MHz, 0 %, 0 %
2026/03/23 23:15:52.312, 5, 180.58 W, 28, 120 MHz, 3996 MHz, 0 %, 0 %
2026/03/23 23:15:52.312, 6, 178.41 W, 27, 120 MHz, 3996 MHz, 0 %, 0 %
2026/03/23 23:15:52.312, 7, 176.58 W, 28, 120 MHz, 3996 MHz, 0 %, 0 %
2026/03/23 23:15:53.312, 0, 229.81 W, 28, 2032 MHz, 3996 MHz, 0 %, 0 %
2026/03/23 23:15:53.312, 1, 233.46 W, 30, 2032 MHz, 3996 MHz, 0 %, 0 %
2026/03/23 23:15:53.312, 2, 234.02 W, 28, 2032 MHz, 3996 MHz, 0 %, 0 %
2026/03/23 23:15:53.312, 3, 235.16 W, 30, 2032 MHz, 3996 MHz, 0 %, 0 %
2026/03/23 23:15:53.312, 4, 179.13 W, 26, 120 MHz, 3996 MHz, 0 %, 0 %
2026/03/23 23:15:53.312, 5, 180.58 W, 28, 120 MHz, 3996 MHz, 0 %, 0 %
2026/03/23 23:15:53.312, 6, 178.29 W, 27, 120 MHz, 3996 MHz, 0 %, 0 %
2026/03/23 23:15:53.312, 7, 176.58 W, 28, 120 MHz, 3996 MHz, 0 %, 0 %
2026/03/23 23:15:54.312, 0, 229.81 W, 28, 2032 MHz, 3996 MHz, 0 %, 0 %
2026/03/23 23:15:54.312, 1, 233.58 W, 30, 2032 MHz, 3996 MHz, 0 %, 0 %
2026/03/23 23:15:54.312, 2, 234.02 W, 28, 2032 MHz, 3996 MHz, 0 %, 0 %
2026/03/23 23:15:54.312, 3, 235.16 W, 30, 2032 MHz, 3996 MHz, 0 %, 0 %
2026/03/23 23:15:54.312, 4, 178.90 W, 26, 120 MHz, 3996 MHz, 0 %, 0 %
2026/03/23 23:15:54.312, 5, 180.58 W, 28, 120 MHz, 3996 MHz, 0 %, 0 %
2026/03/23 23:15:54.312, 6, 178.25 W, 27, 120 MHz, 3996 MHz, 0 %, 0 %
2026/03/23 23:15:54.312, 7, 176.58 W, 28, 120 MHz, 3996 MHz, 0 %, 0 %
2026/03/23 23:15:55.312, 0, 229.78 W, 28, 2032 MHz, 3996 MHz, 0 %, 0 %
2026/03/23 23:15:55.312, 1, 233.50 W, 30, 2032 MHz, 3996 MHz, 0 %, 0 %
2026/03/23 23:15:55.312, 2, 234.02 W, 28, 2032 MHz, 3996 MHz, 0 %, 0 %
2026/03/23 23:15:55.312, 3, 235.12 W, 30, 2032 MHz, 3996 MHz, 0 %, 0 %
2026/03/23 23:15:55.312, 4, 179.07 W, 26, 120 MHz, 3996 MHz, 0 %, 0 %
2026/03/23 23:15:55.312, 5, 180.58 W, 28, 120 MHz, 3996 MHz, 0 %, 0 %
2026/03/23 23:15:55.312, 6, 178.15 W, 27, 120 MHz, 3996 MHz, 0 %, 0 %
2026/03/23 23:15:55.312, 7, 176.59 W, 28, 120 MHz, 3996 MHz, 0 %, 0 %
2026/03/23 23:15:56.312, 0, 229.69 W, 28, 2032 MHz, 3996 MHz, 0 %, 0 %
2026/03/23 23:15:56.312, 1, 233.42 W, 30, 2032 MHz, 3996 MHz, 0 %, 0 %
2026/03/23 23:15:56.312, 2, 234.02 W, 28, 2032 MHz, 3996 MHz, 0 %, 0 %
2026/03/23 23:15:56.312, 3, 235.18 W, 30, 2032 MHz, 3996 MHz, 0 %, 0 %
2026/03/23 23:15:56.312, 4, 179.12 W, 26, 120 MHz, 3996 MHz, 0 %, 0 %
2026/03/23 23:15:56.312, 5, 180.58 W, 28, 120 MHz, 3996 MHz, 0 %, 0 %
2026/03/23 23:15:56.312, 6, 178.14 W, 27, 120 MHz, 3996 MHz, 0 %, 0 %
2026/03/23 23:15:56.312, 7, 176.58 W, 28, 120 MHz, 3996 MHz, 0 %, 0 %
2026/03/23 23:15:57.313, 0, 229.73 W, 28, 2032 MHz, 3996 MHz, 0 %, 0 %
2026/03/23 23:15:57.313, 1, 233.53 W, 30, 2032 MHz, 3996 MHz, 0 %, 0 %
2026/03/23 23:15:57.313, 2, 234.02 W, 28, 2032 MHz, 3996 MHz, 0 %, 0 %
2026/03/23 23:15:57.313, 3, 235.12 W, 30, 2032 MHz, 3996 MHz, 0 %, 0 %
2026/03/23 23:15:57.313, 4, 179.08 W, 26, 120 MHz, 3996 MHz, 0 %, 0 %
2026/03/23 23:15:57.313, 5, 180.58 W, 28, 120 MHz, 3996 MHz, 0 %, 0 %
2026/03/23 23:15:57.313, 6, 178.18 W, 27, 120 MHz, 3996 MHz, 0 %, 0 %
2026/03/23 23:15:57.313, 7, 176.58 W, 28, 120 MHz, 3996 MHz, 0 %, 0 %
2026/03/23 23:15:58.313, 0, 229.93 W, 28, 2032 MHz, 3996 MHz, 0 %, 0 %
2026/03/23 23:15:58.313, 1, 233.40 W, 30, 2032 MHz, 3996 MHz, 0 %, 0 %
2026/03/23 23:15:58.313, 2, 234.02 W, 28, 2032 MHz, 3996 MHz, 0 %, 0 %
2026/03/23 23:15:58.313, 3, 235.19 W, 30, 2032 MHz, 3996 MHz, 0 %, 0 %
2026/03/23 23:15:58.313, 4, 178.98 W, 26, 120 MHz, 3996 MHz, 0 %, 0 %
2026/03/23 23:15:58.313, 5, 180.58 W, 28, 120 MHz, 3996 MHz, 0 %, 0 %
2026/03/23 23:15:58.313, 6, 178.21 W, 27, 120 MHz, 3996 MHz, 0 %, 0 %
2026/03/23 23:15:58.313, 7, 176.59 W, 28, 120 MHz, 3996 MHz, 0 %, 0 %
2026/03/23 23:15:59.313, 0, 229.66 W, 28, 2032 MHz, 3996 MHz, 0 %, 0 %
2026/03/23 23:15:59.313, 1, 233.35 W, 30, 2032 MHz, 3996 MHz, 0 %, 0 %
2026/03/23 23:15:59.313, 2, 234.02 W, 28, 2032 MHz, 3996 MHz, 0 %, 0 %
2026/03/23 23:15:59.313, 3, 235.15 W, 30, 2032 MHz, 3996 MHz, 0 %, 0 %
2026/03/23 23:15:59.313, 4, 179.12 W, 26, 120 MHz, 3996 MHz, 0 %, 0 %
2026/03/23 23:15:59.313, 5, 180.58 W, 28, 120 MHz, 3996 MHz, 0 %, 0 %
2026/03/23 23:15:59.313, 6, 178.30 W, 27, 120 MHz, 3996 MHz, 0 %, 0 %
2026/03/23 23:15:59.313, 7, 176.59 W, 28, 120 MHz, 3996 MHz, 0 %, 0 %
2026/03/23 23:16:00.313, 0, 229.81 W, 28, 2032 MHz, 3996 MHz, 0 %, 0 %
2026/03/23 23:16:00.313, 1, 233.44 W, 30, 2032 MHz, 3996 MHz, 0 %, 0 %
2026/03/23 23:16:00.313, 2, 234.02 W, 28, 2032 MHz, 3996 MHz, 0 %, 0 %
2026/03/23 23:16:00.313, 3, 235.15 W, 30, 2032 MHz, 3996 MHz, 0 %, 0 %
2026/03/23 23:16:00.313, 4, 179.17 W, 26, 120 MHz, 3996 MHz, 0 %, 0 %
2026/03/23 23:16:00.313, 5, 180.58 W, 28, 120 MHz, 3996 MHz, 0 %, 0 %
2026/03/23 23:16:00.313, 6, 178.45 W, 27, 120 MHz, 3996 MHz, 0 %, 0 %
2026/03/23 23:16:00.313, 7, 176.58 W, 28, 120 MHz, 3996 MHz, 0 %, 0 %
2026/03/23 23:16:01.313, 0, 229.89 W, 28, 2032 MHz, 3996 MHz, 0 %, 0 %
2026/03/23 23:16:01.313, 1, 233.34 W, 30, 2032 MHz, 3996 MHz, 0 %, 0 %
2026/03/23 23:16:01.313, 2, 234.02 W, 28, 2032 MHz, 3996 MHz, 0 %, 0 %
2026/03/23 23:16:01.313, 3, 235.13 W, 30, 2032 MHz, 3996 MHz, 0 %, 0 %
2026/03/23 23:16:01.313, 4, 178.89 W, 26, 120 MHz, 3996 MHz, 0 %, 0 %
2026/03/23 23:16:01.313, 5, 180.58 W, 28, 120 MHz, 3996 MHz, 0 %, 0 %
2026/03/23 23:16:01.313, 6, 178.33 W, 27, 120 MHz, 3996 MHz, 0 %, 0 %
2026/03/23 23:16:01.313, 7, 176.58 W, 28, 120 MHz, 3996 MHz, 0 %, 0 %
2026/03/23 23:16:02.313, 0, 229.74 W, 28, 2032 MHz, 3996 MHz, 0 %, 0 %
2026/03/23 23:16:02.313, 1, 233.41 W, 30, 2032 MHz, 3996 MHz, 0 %, 0 %
2026/03/23 23:16:02.313, 2, 234.10 W, 28, 2032 MHz, 3996 MHz, 0 %, 0 %
2026/03/23 23:16:02.313, 3, 235.12 W, 30, 2032 MHz, 3996 MHz, 0 %, 0 %
2026/03/23 23:16:02.313, 4, 178.97 W, 26, 120 MHz, 3996 MHz, 0 %, 0 %
2026/03/23 23:16:02.313, 5, 180.58 W, 28, 120 MHz, 3996 MHz, 0 %, 0 %
2026/03/23 23:16:02.314, 6, 178.17 W, 27, 120 MHz, 3996 MHz, 0 %, 0 %
2026/03/23 23:16:02.314, 7, 176.58 W, 28, 120 MHz, 3996 MHz, 0 %, 0 %
2026/03/23 23:16:03.314, 0, 229.77 W, 28, 2032 MHz, 3996 MHz, 0 %, 0 %
2026/03/23 23:16:03.314, 1, 233.61 W, 30, 2032 MHz, 3996 MHz, 0 %, 0 %
2026/03/23 23:16:03.314, 2, 234.02 W, 28, 2032 MHz, 3996 MHz, 0 %, 0 %
2026/03/23 23:16:03.314, 3, 235.13 W, 30, 2032 MHz, 3996 MHz, 0 %, 0 %
2026/03/23 23:16:03.314, 4, 178.92 W, 26, 120 MHz, 3996 MHz, 0 %, 0 %
2026/03/23 23:16:03.314, 5, 180.58 W, 28, 120 MHz, 3996 MHz, 0 %, 0 %
2026/03/23 23:16:03.314, 6, 178.26 W, 27, 120 MHz, 3996 MHz, 0 %, 0 %
2026/03/23 23:16:03.314, 7, 176.59 W, 28, 120 MHz, 3996 MHz, 0 %, 0 %
2026/03/23 23:16:04.314, 0, 229.89 W, 28, 2032 MHz, 3996 MHz, 0 %, 0 %
2026/03/23 23:16:04.314, 1, 233.44 W, 30, 2032 MHz, 3996 MHz, 0 %, 0 %
2026/03/23 23:16:04.314, 2, 234.02 W, 28, 2032 MHz, 3996 MHz, 0 %, 0 %
2026/03/23 23:16:04.314, 3, 235.13 W, 30, 2032 MHz, 3996 MHz, 0 %, 0 %
2026/03/23 23:16:04.314, 4, 178.98 W, 26, 120 MHz, 3996 MHz, 0 %, 0 %
2026/03/23 23:16:04.314, 5, 180.58 W, 28, 120 MHz, 3996 MHz, 0 %, 0 %
2026/03/23 23:16:04.314, 6, 178.25 W, 27, 120 MHz, 3996 MHz, 0 %, 0 %
2026/03/23 23:16:04.314, 7, 176.59 W, 28, 120 MHz, 3996 MHz, 0 %, 0 %
2026/03/23 23:16:05.314, 0, 229.89 W, 28, 2032 MHz, 3996 MHz, 0 %, 0 %
2026/03/23 23:16:05.314, 1, 233.34 W, 30, 2032 MHz, 3996 MHz, 0 %, 0 %
2026/03/23 23:16:05.314, 2, 234.02 W, 28, 2032 MHz, 3996 MHz, 0 %, 0 %
2026/03/23 23:16:05.314, 3, 235.15 W, 30, 2032 MHz, 3996 MHz, 0 %, 0 %
2026/03/23 23:16:05.314, 4, 178.91 W, 26, 120 MHz, 3996 MHz, 0 %, 0 %
2026/03/23 23:16:05.314, 5, 180.58 W, 28, 120 MHz, 3996 MHz, 0 %, 0 %
2026/03/23 23:16:05.314, 6, 178.34 W, 27, 120 MHz, 3996 MHz, 0 %, 0 %
2026/03/23 23:16:05.314, 7, 176.59 W, 28, 120 MHz, 3996 MHz, 0 %, 0 %
2026/03/23 23:16:06.314, 0, 229.81 W, 28, 2032 MHz, 3996 MHz, 0 %, 0 %
2026/03/23 23:16:06.314, 1, 233.45 W, 30, 2032 MHz, 3996 MHz, 0 %, 0 %
2026/03/23 23:16:06.314, 2, 234.02 W, 28, 2032 MHz, 3996 MHz, 0 %, 0 %
2026/03/23 23:16:06.314, 3, 235.14 W, 30, 2032 MHz, 3996 MHz, 0 %, 0 %
2026/03/23 23:16:06.314, 4, 179.04 W, 26, 120 MHz, 3996 MHz, 0 %, 0 %
2026/03/23 23:16:06.314, 5, 180.58 W, 28, 120 MHz, 3996 MHz, 0 %, 0 %
2026/03/23 23:16:06.314, 6, 178.26 W, 27, 120 MHz, 3996 MHz, 0 %, 0 %
2026/03/23 23:16:06.314, 7, 176.58 W, 28, 120 MHz, 3996 MHz, 0 %, 0 %
2026/03/23 23:16:07.314, 0, 229.85 W, 28, 2032 MHz, 3996 MHz, 0 %, 0 %
2026/03/23 23:16:07.314, 1, 233.26 W, 30, 2032 MHz, 3996 MHz, 0 %, 0 %
2026/03/23 23:16:07.314, 2, 234.02 W, 28, 2032 MHz, 3996 MHz, 0 %, 0 %
2026/03/23 23:16:07.314, 3, 235.13 W, 30, 2032 MHz, 3996 MHz, 0 %, 0 %
2026/03/23 23:16:07.314, 4, 179.01 W, 26, 120 MHz, 3996 MHz, 0 %, 0 %
2026/03/23 23:16:07.314, 5, 180.58 W, 28, 120 MHz, 3996 MHz, 0 %, 0 %
2026/03/23 23:16:07.314, 6, 178.26 W, 27, 120 MHz, 3996 MHz, 0 %, 0 %
2026/03/23 23:16:07.314, 7, 176.59 W, 28, 120 MHz, 3996 MHz, 0 %, 0 %
2026/03/23 23:16:08.314, 0, 229.93 W, 28, 2032 MHz, 3996 MHz, 0 %, 0 %
2026/03/23 23:16:08.314, 1, 233.68 W, 30, 2032 MHz, 3996 MHz, 0 %, 0 %
2026/03/23 23:16:08.314, 2, 234.02 W, 28, 2032 MHz, 3996 MHz, 0 %, 0 %
2026/03/23 23:16:08.315, 3, 235.13 W, 30, 2032 MHz, 3996 MHz, 0 %, 0 %
2026/03/23 23:16:08.315, 4, 179.26 W, 26, 120 MHz, 3996 MHz, 0 %, 0 %
2026/03/23 23:16:08.315, 5, 180.58 W, 28, 120 MHz, 3996 MHz, 0 %, 0 %
2026/03/23 23:16:08.315, 6, 178.29 W, 27, 120 MHz, 3996 MHz, 0 %, 0 %
2026/03/23 23:16:08.315, 7, 176.58 W, 28, 120 MHz, 3996 MHz, 0 %, 0 %
2026/03/23 23:16:09.315, 0, 229.65 W, 28, 2032 MHz, 3996 MHz, 0 %, 0 %
2026/03/23 23:16:09.315, 1, 233.76 W, 30, 2032 MHz, 3996 MHz, 0 %, 0 %
2026/03/23 23:16:09.315, 2, 234.06 W, 28, 2032 MHz, 3996 MHz, 0 %, 0 %
2026/03/23 23:16:09.315, 3, 235.12 W, 30, 2032 MHz, 3996 MHz, 0 %, 0 %
2026/03/23 23:16:09.315, 4, 178.93 W, 26, 120 MHz, 3996 MHz, 0 %, 0 %
2026/03/23 23:16:09.315, 5, 180.58 W, 28, 120 MHz, 3996 MHz, 0 %, 0 %
2026/03/23 23:16:09.315, 6, 178.22 W, 27, 120 MHz, 3996 MHz, 0 %, 0 %
2026/03/23 23:16:09.315, 7, 176.59 W, 28, 120 MHz, 3996 MHz, 0 %, 0 %
2026/03/23 23:16:10.315, 0, 229.62 W, 28, 2032 MHz, 3996 MHz, 0 %, 0 %
2026/03/23 23:16:10.315, 1, 233.55 W, 30, 2032 MHz, 3996 MHz, 0 %, 0 %
2026/03/23 23:16:10.315, 2, 234.06 W, 28, 2032 MHz, 3996 MHz, 0 %, 0 %
2026/03/23 23:16:10.315, 3, 235.18 W, 30, 2032 MHz, 3996 MHz, 0 %, 0 %
2026/03/23 23:16:10.315, 4, 179.17 W, 26, 120 MHz, 3996 MHz, 0 %, 0 %
2026/03/23 23:16:10.315, 5, 180.58 W, 28, 120 MHz, 3996 MHz, 0 %, 0 %
2026/03/23 23:16:10.315, 6, 178.45 W, 27, 120 MHz, 3996 MHz, 0 %, 0 %
2026/03/23 23:16:10.315, 7, 176.58 W, 28, 120 MHz, 3996 MHz, 0 %, 0 %
2026/03/23 23:16:11.315, 0, 229.62 W, 28, 2032 MHz, 3996 MHz, 0 %, 0 %
2026/03/23 23:16:11.315, 1, 233.62 W, 30, 2032 MHz, 3996 MHz, 0 %, 0 %
2026/03/23 23:16:11.315, 2, 234.02 W, 28, 2032 MHz, 3996 MHz, 0 %, 0 %
2026/03/23 23:16:11.315, 3, 235.16 W, 30, 2032 MHz, 3996 MHz, 0 %, 0 %
2026/03/23 23:16:11.315, 4, 179.02 W, 26, 120 MHz, 3996 MHz, 0 %, 0 %
2026/03/23 23:16:11.315, 5, 180.58 W, 28, 120 MHz, 3996 MHz, 0 %, 0 %
2026/03/23 23:16:11.315, 6, 178.41 W, 27, 120 MHz, 3996 MHz, 0 %, 0 %
2026/03/23 23:16:11.315, 7, 176.58 W, 28, 120 MHz, 3996 MHz, 0 %, 0 %
2026/03/23 23:16:12.315, 0, 229.62 W, 28, 2032 MHz, 3996 MHz, 0 %, 0 %
2026/03/23 23:16:12.315, 1, 233.45 W, 30, 2032 MHz, 3996 MHz, 0 %, 0 %
2026/03/23 23:16:12.315, 2, 234.06 W, 28, 2032 MHz, 3996 MHz, 0 %, 0 %
2026/03/23 23:16:12.315, 3, 235.14 W, 30, 2032 MHz, 3996 MHz, 0 %, 0 %
2026/03/23 23:16:12.315, 4, 178.89 W, 26, 120 MHz, 3996 MHz, 0 %, 0 %
2026/03/23 23:16:12.315, 5, 180.58 W, 28, 120 MHz, 3996 MHz, 0 %, 0 %
2026/03/23 23:16:12.315, 6, 178.34 W, 27, 120 MHz, 3996 MHz, 0 %, 0 %
2026/03/23 23:16:12.315, 7, 176.58 W, 28, 120 MHz, 3996 MHz, 0 %, 0 %
2026/03/23 23:16:13.315, 0, 229.77 W, 28, 2032 MHz, 3996 MHz, 0 %, 0 %
2026/03/23 23:16:13.315, 1, 233.47 W, 30, 2032 MHz, 3996 MHz, 0 %, 0 %
2026/03/23 23:16:13.315, 2, 234.02 W, 28, 2032 MHz, 3996 MHz, 0 %, 0 %
2026/03/23 23:16:13.315, 3, 235.08 W, 30, 2032 MHz, 3996 MHz, 0 %, 0 %
2026/03/23 23:16:13.315, 4, 179.13 W, 26, 120 MHz, 3996 MHz, 0 %, 0 %
2026/03/23 23:16:13.315, 5, 180.58 W, 28, 120 MHz, 3996 MHz, 0 %, 0 %
2026/03/23 23:16:13.315, 6, 178.11 W, 27, 120 MHz, 3996 MHz, 0 %, 0 %
2026/03/23 23:16:13.315, 7, 176.59 W, 28, 120 MHz, 3996 MHz, 0 %, 0 %
2026/03/23 23:16:14.315, 0, 229.77 W, 28, 2032 MHz, 3996 MHz, 0 %, 0 %
2026/03/23 23:16:14.316, 1, 233.63 W, 30, 2032 MHz, 3996 MHz, 0 %, 0 %
2026/03/23 23:16:14.316, 2, 234.06 W, 28, 2032 MHz, 3996 MHz, 0 %, 0 %
2026/03/23 23:16:14.316, 3, 235.11 W, 30, 2032 MHz, 3996 MHz, 0 %, 0 %
2026/03/23 23:16:14.316, 4, 179.19 W, 26, 120 MHz, 3996 MHz, 0 %, 0 %
2026/03/23 23:16:14.316, 5, 180.58 W, 28, 120 MHz, 3996 MHz, 0 %, 0 %
2026/03/23 23:16:14.316, 6, 178.21 W, 27, 120 MHz, 3996 MHz, 0 %, 0 %
2026/03/23 23:16:14.316, 7, 176.58 W, 28, 120 MHz, 3996 MHz, 0 %, 0 %
2026/03/23 23:16:15.316, 0, 229.89 W, 28, 2032 MHz, 3996 MHz, 0 %, 0 %
2026/03/23 23:16:15.316, 1, 233.63 W, 30, 2032 MHz, 3996 MHz, 0 %, 0 %
2026/03/23 23:16:15.316, 2, 234.02 W, 28, 2032 MHz, 3996 MHz, 0 %, 0 %
2026/03/23 23:16:15.316, 3, 235.16 W, 30, 2032 MHz, 3996 MHz, 0 %, 0 %
2026/03/23 23:16:15.316, 4, 179.17 W, 26, 120 MHz, 3996 MHz, 0 %, 0 %
2026/03/23 23:16:15.316, 5, 180.58 W, 28, 120 MHz, 3996 MHz, 0 %, 0 %
2026/03/23 23:16:15.316, 6, 178.19 W, 27, 120 MHz, 3996 MHz, 0 %, 0 %
2026/03/23 23:16:15.316, 7, 176.58 W, 28, 120 MHz, 3996 MHz, 0 %, 0 %
2026/03/23 23:16:16.316, 0, 229.54 W, 28, 2032 MHz, 3996 MHz, 0 %, 0 %
2026/03/23 23:16:16.316, 1, 233.79 W, 30, 2032 MHz, 3996 MHz, 0 %, 0 %
2026/03/23 23:16:16.316, 2, 234.02 W, 28, 2032 MHz, 3996 MHz, 0 %, 0 %
2026/03/23 23:16:16.316, 3, 235.16 W, 30, 2032 MHz, 3996 MHz, 0 %, 0 %
2026/03/23 23:16:16.316, 4, 179.13 W, 26, 120 MHz, 3996 MHz, 0 %, 0 %
2026/03/23 23:16:16.316, 5, 180.58 W, 28, 120 MHz, 3996 MHz, 0 %, 0 %
2026/03/23 23:16:16.316, 6, 178.10 W, 27, 120 MHz, 3996 MHz, 0 %, 0 %
2026/03/23 23:16:16.316, 7, 176.58 W, 28, 120 MHz, 3996 MHz, 0 %, 0 %
2026/03/23 23:16:17.316, 0, 229.77 W, 28, 2032 MHz, 3996 MHz, 0 %, 0 %
2026/03/23 23:16:17.316, 1, 233.56 W, 30, 2032 MHz, 3996 MHz, 0 %, 0 %
2026/03/23 23:16:17.316, 2, 234.06 W, 28, 2032 MHz, 3996 MHz, 0 %, 0 %
2026/03/23 23:16:17.316, 3, 235.16 W, 30, 2032 MHz, 3996 MHz, 0 %, 0 %
2026/03/23 23:16:17.316, 4, 179.34 W, 26, 120 MHz, 3996 MHz, 0 %, 0 %
2026/03/23 23:16:17.316, 5, 180.58 W, 28, 120 MHz, 3996 MHz, 0 %, 0 %
2026/03/23 23:16:17.316, 6, 178.22 W, 27, 120 MHz, 3996 MHz, 0 %, 0 %
2026/03/23 23:16:17.316, 7, 176.58 W, 28, 120 MHz, 3996 MHz, 0 %, 0 %
2026/03/23 23:16:18.316, 0, 229.85 W, 28, 2032 MHz, 3996 MHz, 0 %, 0 %
2026/03/23 23:16:18.316, 1, 233.37 W, 30, 2032 MHz, 3996 MHz, 0 %, 0 %
2026/03/23 23:16:18.316, 2, 234.06 W, 28, 2032 MHz, 3996 MHz, 0 %, 0 %
2026/03/23 23:16:18.316, 3, 235.17 W, 30, 2032 MHz, 3996 MHz, 0 %, 0 %
2026/03/23 23:16:18.316, 4, 179.13 W, 26, 120 MHz, 3996 MHz, 0 %, 0 %
2026/03/23 23:16:18.316, 5, 180.58 W, 28, 120 MHz, 3996 MHz, 0 %, 0 %
2026/03/23 23:16:18.316, 6, 178.34 W, 27, 120 MHz, 3996 MHz, 0 %, 0 %
2026/03/23 23:16:18.316, 7, 176.58 W, 28, 120 MHz, 3996 MHz, 0 %, 0 %
2026/03/23 23:16:19.316, 0, 229.69 W, 28, 2032 MHz, 3996 MHz, 0 %, 0 %
2026/03/23 23:16:19.316, 1, 233.42 W, 30, 2032 MHz, 3996 MHz, 0 %, 0 %
2026/03/23 23:16:19.316, 2, 234.02 W, 28, 2032 MHz, 3996 MHz, 0 %, 0 %
2026/03/23 23:16:19.316, 3, 235.11 W, 30, 2032 MHz, 3996 MHz, 0 %, 0 %
2026/03/23 23:16:19.316, 4, 179.02 W, 26, 120 MHz, 3996 MHz, 0 %, 0 %
2026/03/23 23:16:19.316, 5, 180.58 W, 28, 120 MHz, 3996 MHz, 0 %, 0 %
2026/03/23 23:16:19.316, 6, 178.25 W, 27, 120 MHz, 3996 MHz, 0 %, 0 %
2026/03/23 23:16:19.316, 7, 176.58 W, 28, 120 MHz, 3996 MHz, 0 %, 0 %
2026/03/23 23:16:20.317, 0, 229.59 W, 28, 2032 MHz, 3996 MHz, 0 %, 0 %
2026/03/23 23:16:20.317, 1, 233.53 W, 30, 2032 MHz, 3996 MHz, 0 %, 0 %
2026/03/23 23:16:20.317, 2, 234.02 W, 28, 2032 MHz, 3996 MHz, 0 %, 0 %
2026/03/23 23:16:20.317, 3, 235.14 W, 30, 2032 MHz, 3996 MHz, 0 %, 0 %
2026/03/23 23:16:20.317, 4, 178.76 W, 26, 120 MHz, 3996 MHz, 0 %, 0 %
2026/03/23 23:16:20.317, 5, 180.58 W, 28, 120 MHz, 3996 MHz, 0 %, 0 %
2026/03/23 23:16:20.317, 6, 178.37 W, 27, 120 MHz, 3996 MHz, 0 %, 0 %
2026/03/23 23:16:20.317, 7, 176.58 W, 28, 120 MHz, 3996 MHz, 0 %, 0 %
2026/03/23 23:16:21.317, 0, 229.54 W, 28, 2032 MHz, 3996 MHz, 0 %, 0 %
2026/03/23 23:16:21.317, 1, 233.57 W, 30, 2032 MHz, 3996 MHz, 0 %, 0 %
2026/03/23 23:16:21.317, 2, 234.02 W, 28, 2032 MHz, 3996 MHz, 0 %, 0 %
2026/03/23 23:16:21.317, 3, 235.15 W, 30, 2032 MHz, 3996 MHz, 0 %, 0 %
2026/03/23 23:16:21.317, 4, 178.94 W, 26, 120 MHz, 3996 MHz, 0 %, 0 %
2026/03/23 23:16:21.317, 5, 180.58 W, 28, 120 MHz, 3996 MHz, 0 %, 0 %
2026/03/23 23:16:21.317, 6, 178.41 W, 27, 120 MHz, 3996 MHz, 0 %, 0 %
2026/03/23 23:16:21.317, 7, 176.58 W, 28, 120 MHz, 3996 MHz, 0 %, 0 %
2026/03/23 23:16:22.317, 0, 229.38 W, 28, 2032 MHz, 3996 MHz, 0 %, 0 %
2026/03/23 23:16:22.317, 1, 233.40 W, 30, 2032 MHz, 3996 MHz, 0 %, 0 %
2026/03/23 23:16:22.317, 2, 234.02 W, 28, 2032 MHz, 3996 MHz, 0 %, 0 %
2026/03/23 23:16:22.317, 3, 235.14 W, 30, 2032 MHz, 3996 MHz, 0 %, 0 %
2026/03/23 23:16:22.317, 4, 178.91 W, 26, 120 MHz, 3996 MHz, 0 %, 0 %
2026/03/23 23:16:22.317, 5, 180.58 W, 28, 120 MHz, 3996 MHz, 0 %, 0 %
2026/03/23 23:16:22.317, 6, 178.37 W, 27, 120 MHz, 3996 MHz, 0 %, 0 %
2026/03/23 23:16:22.317, 7, 176.58 W, 28, 120 MHz, 3996 MHz, 0 %, 0 %
2026/03/23 23:16:23.317, 0, 229.54 W, 28, 2032 MHz, 3996 MHz, 0 %, 0 %
2026/03/23 23:16:23.317, 1, 233.42 W, 30, 2032 MHz, 3996 MHz, 0 %, 0 %
2026/03/23 23:16:23.317, 2, 234.05 W, 28, 2032 MHz, 3996 MHz, 0 %, 0 %
2026/03/23 23:16:23.317, 3, 235.14 W, 30, 2032 MHz, 3996 MHz, 0 %, 0 %
2026/03/23 23:16:23.317, 4, 179.43 W, 26, 120 MHz, 3996 MHz, 0 %, 0 %
2026/03/23 23:16:23.317, 5, 180.58 W, 28, 120 MHz, 3996 MHz, 0 %, 0 %
2026/03/23 23:16:23.317, 6, 178.25 W, 27, 120 MHz, 3996 MHz, 0 %, 0 %
2026/03/23 23:16:23.317, 7, 176.58 W, 28, 120 MHz, 3996 MHz, 0 %, 0 %
2026/03/23 23:16:24.317, 0, 229.73 W, 28, 2032 MHz, 3996 MHz, 0 %, 0 %
2026/03/23 23:16:24.317, 1, 233.28 W, 30, 2032 MHz, 3996 MHz, 0 %, 0 %
2026/03/23 23:16:24.317, 2, 234.02 W, 28, 2032 MHz, 3996 MHz, 0 %, 0 %
2026/03/23 23:16:24.317, 3, 235.16 W, 30, 2032 MHz, 3996 MHz, 0 %, 0 %
2026/03/23 23:16:24.317, 4, 178.99 W, 26, 120 MHz, 3996 MHz, 0 %, 0 %
2026/03/23 23:16:24.317, 5, 180.58 W, 28, 120 MHz, 3996 MHz, 0 %, 0 %
2026/03/23 23:16:24.317, 6, 178.22 W, 27, 120 MHz, 3996 MHz, 0 %, 0 %
2026/03/23 23:16:24.317, 7, 176.58 W, 28, 120 MHz, 3996 MHz, 0 %, 0 %
2026/03/23 23:16:25.317, 0, 229.74 W, 28, 2032 MHz, 3996 MHz, 0 %, 0 %
2026/03/23 23:16:25.317, 1, 233.31 W, 30, 2032 MHz, 3996 MHz, 0 %, 0 %
2026/03/23 23:16:25.317, 2, 234.02 W, 28, 2032 MHz, 3996 MHz, 0 %, 0 %
2026/03/23 23:16:25.317, 3, 235.13 W, 30, 2032 MHz, 3996 MHz, 0 %, 0 %
2026/03/23 23:16:25.317, 4, 178.78 W, 26, 120 MHz, 3996 MHz, 0 %, 0 %
2026/03/23 23:16:25.317, 5, 180.58 W, 28, 120 MHz, 3996 MHz, 0 %, 0 %
2026/03/23 23:16:25.317, 6, 178.06 W, 27, 120 MHz, 3996 MHz, 0 %, 0 %
2026/03/23 23:16:25.317, 7, 176.58 W, 28, 120 MHz, 3996 MHz, 0 %, 0 %
2026/03/23 23:16:26.318, 0, 229.81 W, 28, 2032 MHz, 3996 MHz, 0 %, 0 %
2026/03/23 23:16:26.318, 1, 233.52 W, 30, 2032 MHz, 3996 MHz, 0 %, 0 %
2026/03/23 23:16:26.318, 2, 234.02 W, 28, 2032 MHz, 3996 MHz, 0 %, 0 %
2026/03/23 23:16:26.318, 3, 235.11 W, 30, 2032 MHz, 3996 MHz, 0 %, 0 %
2026/03/23 23:16:26.318, 4, 178.90 W, 26, 120 MHz, 3996 MHz, 0 %, 0 %
2026/03/23 23:16:26.318, 5, 180.58 W, 28, 120 MHz, 3996 MHz, 0 %, 0 %
2026/03/23 23:16:26.318, 6, 178.22 W, 27, 120 MHz, 3996 MHz, 0 %, 0 %
2026/03/23 23:16:26.318, 7, 176.58 W, 28, 120 MHz, 3996 MHz, 0 %, 0 %
2026/03/23 23:16:27.318, 0, 229.66 W, 28, 2032 MHz, 3996 MHz, 0 %, 0 %
2026/03/23 23:16:27.318, 1, 233.42 W, 30, 2032 MHz, 3996 MHz, 0 %, 0 %
2026/03/23 23:16:27.318, 2, 234.01 W, 28, 2032 MHz, 3996 MHz, 0 %, 0 %
2026/03/23 23:16:27.318, 3, 235.14 W, 30, 2032 MHz, 3996 MHz, 0 %, 0 %
2026/03/23 23:16:27.318, 4, 179.04 W, 26, 120 MHz, 3996 MHz, 0 %, 0 %
2026/03/23 23:16:27.318, 5, 180.58 W, 28, 120 MHz, 3996 MHz, 0 %, 0 %
2026/03/23 23:16:27.318, 6, 178.18 W, 27, 120 MHz, 3996 MHz, 0 %, 0 %
2026/03/23 23:16:27.318, 7, 176.58 W, 28, 120 MHz, 3996 MHz, 0 %, 0 %
2026/03/23 23:16:28.318, 0, 229.85 W, 28, 2032 MHz, 3996 MHz, 0 %, 0 %
2026/03/23 23:16:28.318, 1, 233.53 W, 30, 2032 MHz, 3996 MHz, 0 %, 0 %
2026/03/23 23:16:28.318, 2, 234.02 W, 28, 2032 MHz, 3996 MHz, 0 %, 0 %
2026/03/23 23:16:28.318, 3, 235.11 W, 30, 2032 MHz, 3996 MHz, 0 %, 0 %
2026/03/23 23:16:28.318, 4, 179.09 W, 26, 120 MHz, 3996 MHz, 0 %, 0 %
2026/03/23 23:16:28.318, 5, 180.58 W, 28, 120 MHz, 3996 MHz, 0 %, 0 %
2026/03/23 23:16:28.318, 6, 178.34 W, 27, 120 MHz, 3996 MHz, 0 %, 0 %
2026/03/23 23:16:28.318, 7, 176.58 W, 28, 120 MHz, 3996 MHz, 0 %, 0 %
2026/03/23 23:16:29.318, 0, 294.58 W, 28, 2032 MHz, 3996 MHz, 0 %, 0 %
2026/03/23 23:16:29.318, 1, 297.98 W, 31, 2032 MHz, 3996 MHz, 0 %, 0 %
2026/03/23 23:16:29.318, 2, 298.57 W, 28, 2032 MHz, 3996 MHz, 0 %, 0 %
2026/03/23 23:16:29.318, 3, 300.20 W, 31, 2032 MHz, 3996 MHz, 0 %, 0 %
2026/03/23 23:16:29.318, 4, 179.12 W, 26, 120 MHz, 3996 MHz, 0 %, 0 %
2026/03/23 23:16:29.318, 5, 180.58 W, 28, 120 MHz, 3996 MHz, 0 %, 0 %
2026/03/23 23:16:29.318, 6, 178.37 W, 27, 120 MHz, 3996 MHz, 0 %, 0 %
2026/03/23 23:16:29.318, 7, 176.58 W, 28, 120 MHz, 3996 MHz, 0 %, 0 %
2026/03/23 23:16:30.318, 0, 228.26 W, 28, 2032 MHz, 3996 MHz, 0 %, 0 %
2026/03/23 23:16:30.318, 1, 233.19 W, 30, 2032 MHz, 3996 MHz, 0 %, 0 %
2026/03/23 23:16:30.318, 2, 234.02 W, 28, 2032 MHz, 3996 MHz, 0 %, 0 %
2026/03/23 23:16:30.318, 3, 234.71 W, 30, 2032 MHz, 3996 MHz, 0 %, 0 %
2026/03/23 23:16:30.318, 4, 179.13 W, 26, 120 MHz, 3996 MHz, 0 %, 0 %
2026/03/23 23:16:30.318, 5, 180.58 W, 28, 120 MHz, 3996 MHz, 0 %, 0 %
2026/03/23 23:16:30.318, 6, 178.29 W, 27, 120 MHz, 3996 MHz, 0 %, 0 %
2026/03/23 23:16:30.318, 7, 176.58 W, 28, 120 MHz, 3996 MHz, 0 %, 0 %
2026/03/23 23:16:31.318, 0, 228.25 W, 28, 2032 MHz, 3996 MHz, 0 %, 0 %
2026/03/23 23:16:31.318, 1, 233.18 W, 30, 2032 MHz, 3996 MHz, 0 %, 0 %
2026/03/23 23:16:31.318, 2, 234.02 W, 28, 2032 MHz, 3996 MHz, 0 %, 0 %
2026/03/23 23:16:31.318, 3, 234.39 W, 30, 2032 MHz, 3996 MHz, 0 %, 0 %
2026/03/23 23:16:31.318, 4, 178.78 W, 26, 120 MHz, 3996 MHz, 0 %, 0 %
2026/03/23 23:16:31.318, 5, 180.58 W, 28, 120 MHz, 3996 MHz, 0 %, 0 %
2026/03/23 23:16:31.319, 6, 178.17 W, 27, 120 MHz, 3996 MHz, 0 %, 0 %
2026/03/23 23:16:31.319, 7, 176.58 W, 28, 120 MHz, 3996 MHz, 0 %, 0 %
2026/03/23 23:16:32.319, 0, 228.19 W, 28, 2032 MHz, 3996 MHz, 0 %, 0 %
2026/03/23 23:16:32.319, 1, 233.19 W, 30, 2032 MHz, 3996 MHz, 0 %, 0 %
2026/03/23 23:16:32.319, 2, 234.02 W, 28, 2032 MHz, 3996 MHz, 0 %, 0 %
2026/03/23 23:16:32.319, 3, 234.35 W, 30, 2032 MHz, 3996 MHz, 0 %, 0 %
2026/03/23 23:16:32.319, 4, 179.29 W, 26, 120 MHz, 3996 MHz, 0 %, 0 %
2026/03/23 23:16:32.319, 5, 180.58 W, 28, 120 MHz, 3996 MHz, 0 %, 0 %
2026/03/23 23:16:32.319, 6, 177.92 W, 27, 120 MHz, 3996 MHz, 0 %, 0 %
2026/03/23 23:16:32.319, 7, 176.58 W, 28, 120 MHz, 3996 MHz, 0 %, 0 %
2026/03/23 23:16:33.319, 0, 228.69 W, 28, 2032 MHz, 3996 MHz, 0 %, 0 %
2026/03/23 23:16:33.319, 1, 233.25 W, 30, 2032 MHz, 3996 MHz, 0 %, 0 %
2026/03/23 23:16:33.319, 2, 234.14 W, 28, 2032 MHz, 3996 MHz, 0 %, 0 %
2026/03/23 23:16:33.319, 3, 234.76 W, 30, 2032 MHz, 3996 MHz, 0 %, 0 %
2026/03/23 23:16:33.319, 4, 178.86 W, 26, 120 MHz, 3996 MHz, 0 %, 0 %
2026/03/23 23:16:33.319, 5, 180.58 W, 28, 120 MHz, 3996 MHz, 0 %, 0 %
2026/03/23 23:16:33.319, 6, 178.21 W, 27, 120 MHz, 3996 MHz, 0 %, 0 %
2026/03/23 23:16:33.319, 7, 176.58 W, 28, 120 MHz, 3996 MHz, 0 %, 0 %
2026/03/23 23:16:34.319, 0, 233.64 W, 28, 2032 MHz, 3996 MHz, 0 %, 0 %
2026/03/23 23:16:34.319, 1, 238.77 W, 30, 2032 MHz, 3996 MHz, 0 %, 0 %
2026/03/23 23:16:34.319, 2, 237.74 W, 28, 2032 MHz, 3996 MHz, 0 %, 0 %
2026/03/23 23:16:34.319, 3, 239.73 W, 30, 2032 MHz, 3996 MHz, 0 %, 0 %
2026/03/23 23:16:34.319, 4, 178.94 W, 26, 120 MHz, 3996 MHz, 0 %, 0 %
2026/03/23 23:16:34.319, 5, 180.58 W, 28, 120 MHz, 3996 MHz, 0 %, 0 %
2026/03/23 23:16:34.319, 6, 178.15 W, 27, 120 MHz, 3996 MHz, 0 %, 0 %
2026/03/23 23:16:34.319, 7, 176.58 W, 28, 120 MHz, 3996 MHz, 0 %, 0 %
2026/03/23 23:16:35.319, 0, 228.18 W, 28, 2032 MHz, 3996 MHz, 0 %, 0 %
2026/03/23 23:16:35.319, 1, 233.18 W, 30, 2032 MHz, 3996 MHz, 0 %, 0 %
2026/03/23 23:16:35.319, 2, 234.02 W, 28, 2032 MHz, 3996 MHz, 0 %, 0 %
2026/03/23 23:16:35.319, 3, 234.42 W, 30, 2032 MHz, 3996 MHz, 0 %, 0 %
2026/03/23 23:16:35.319, 4, 178.90 W, 26, 120 MHz, 3996 MHz, 0 %, 0 %
2026/03/23 23:16:35.319, 5, 180.58 W, 28, 120 MHz, 3996 MHz, 0 %, 0 %
2026/03/23 23:16:35.319, 6, 178.25 W, 27, 120 MHz, 3996 MHz, 0 %, 0 %
2026/03/23 23:16:35.319, 7, 176.58 W, 28, 120 MHz, 3996 MHz, 0 %, 0 %
2026/03/23 23:16:36.319, 0, 228.34 W, 28, 2032 MHz, 3996 MHz, 0 %, 0 %
2026/03/23 23:16:36.319, 1, 233.19 W, 30, 2032 MHz, 3996 MHz, 0 %, 0 %
2026/03/23 23:16:36.319, 2, 234.02 W, 28, 2032 MHz, 3996 MHz, 0 %, 0 %
2026/03/23 23:16:36.319, 3, 234.28 W, 30, 2032 MHz, 3996 MHz, 0 %, 0 %
2026/03/23 23:16:36.319, 4, 179.25 W, 26, 120 MHz, 3996 MHz, 0 %, 0 %
2026/03/23 23:16:36.319, 5, 180.58 W, 28, 120 MHz, 3996 MHz, 0 %, 0 %
2026/03/23 23:16:36.319, 6, 178.22 W, 27, 120 MHz, 3996 MHz, 0 %, 0 %
2026/03/23 23:16:36.319, 7, 176.58 W, 28, 120 MHz, 3996 MHz, 0 %, 0 %
2026/03/23 23:16:37.319, 0, 355.63 W, 28, 2032 MHz, 3996 MHz, 0 %, 0 %
2026/03/23 23:16:37.319, 1, 359.37 W, 31, 2032 MHz, 3996 MHz, 0 %, 0 %
2026/03/23 23:16:37.319, 2, 363.53 W, 28, 2032 MHz, 3996 MHz, 0 %, 0 %
2026/03/23 23:16:37.319, 3, 355.08 W, 31, 2032 MHz, 3996 MHz, 0 %, 0 %
2026/03/23 23:16:37.319, 4, 179.09 W, 26, 120 MHz, 3996 MHz, 0 %, 0 %
2026/03/23 23:16:37.320, 5, 180.58 W, 28, 120 MHz, 3996 MHz, 0 %, 0 %
2026/03/23 23:16:37.320, 6, 178.06 W, 27, 120 MHz, 3996 MHz, 0 %, 0 %
2026/03/23 23:16:37.320, 7, 176.58 W, 28, 120 MHz, 3996 MHz, 0 %, 0 %
2026/03/23 23:16:38.320, 0, 229.43 W, 28, 2032 MHz, 3996 MHz, 0 %, 0 %
2026/03/23 23:16:38.320, 1, 233.60 W, 30, 2032 MHz, 3996 MHz, 0 %, 0 %
2026/03/23 23:16:38.320, 2, 234.17 W, 28, 2032 MHz, 3996 MHz, 0 %, 0 %
2026/03/23 23:16:38.320, 3, 235.01 W, 30, 2032 MHz, 3996 MHz, 0 %, 0 %
2026/03/23 23:16:38.320, 4, 179.32 W, 26, 120 MHz, 3996 MHz, 0 %, 0 %
2026/03/23 23:16:38.320, 5, 180.58 W, 28, 120 MHz, 3996 MHz, 0 %, 0 %
2026/03/23 23:16:38.320, 6, 178.22 W, 27, 120 MHz, 3996 MHz, 0 %, 0 %
2026/03/23 23:16:38.320, 7, 176.58 W, 28, 120 MHz, 3996 MHz, 0 %, 0 %
2026/03/23 23:16:39.320, 0, 228.87 W, 28, 2032 MHz, 3996 MHz, 0 %, 0 %
2026/03/23 23:16:39.320, 1, 233.22 W, 30, 2032 MHz, 3996 MHz, 0 %, 0 %
2026/03/23 23:16:39.320, 2, 234.02 W, 28, 2032 MHz, 3996 MHz, 0 %, 0 %
2026/03/23 23:16:39.320, 3, 235.05 W, 30, 2032 MHz, 3996 MHz, 0 %, 0 %
2026/03/23 23:16:39.320, 4, 179.07 W, 26, 120 MHz, 3996 MHz, 0 %, 0 %
2026/03/23 23:16:39.320, 5, 180.58 W, 28, 120 MHz, 3996 MHz, 0 %, 0 %
2026/03/23 23:16:39.320, 6, 177.98 W, 27, 120 MHz, 3996 MHz, 0 %, 0 %
2026/03/23 23:16:39.320, 7, 176.58 W, 28, 120 MHz, 3996 MHz, 0 %, 0 %
2026/03/23 23:16:40.320, 0, 228.65 W, 28, 2032 MHz, 3996 MHz, 0 %, 0 %
2026/03/23 23:16:40.320, 1, 233.18 W, 30, 2032 MHz, 3996 MHz, 0 %, 0 %
2026/03/23 23:16:40.320, 2, 234.01 W, 28, 2032 MHz, 3996 MHz, 0 %, 0 %
2026/03/23 23:16:40.320, 3, 234.78 W, 30, 2032 MHz, 3996 MHz, 0 %, 0 %
2026/03/23 23:16:40.320, 4, 179.13 W, 26, 120 MHz, 3996 MHz, 0 %, 0 %
2026/03/23 23:16:40.320, 5, 180.58 W, 28, 120 MHz, 3996 MHz, 0 %, 0 %
2026/03/23 23:16:40.320, 6, 178.07 W, 27, 120 MHz, 3996 MHz, 0 %, 0 %
2026/03/23 23:16:40.320, 7, 176.58 W, 28, 120 MHz, 3996 MHz, 0 %, 0 %
2026/03/23 23:16:41.320, 0, 228.34 W, 28, 2032 MHz, 3996 MHz, 0 %, 0 %
2026/03/23 23:16:41.320, 1, 233.18 W, 30, 2032 MHz, 3996 MHz, 0 %, 0 %
2026/03/23 23:16:41.320, 2, 234.02 W, 28, 2032 MHz, 3996 MHz, 0 %, 0 %
2026/03/23 23:16:41.320, 3, 234.62 W, 30, 2032 MHz, 3996 MHz, 0 %, 0 %
2026/03/23 23:16:41.320, 4, 178.98 W, 26, 120 MHz, 3996 MHz, 0 %, 0 %
2026/03/23 23:16:41.320, 5, 180.58 W, 28, 120 MHz, 3996 MHz, 0 %, 0 %
2026/03/23 23:16:41.320, 6, 178.02 W, 27, 120 MHz, 3996 MHz, 0 %, 0 %
2026/03/23 23:16:41.320, 7, 176.58 W, 28, 120 MHz, 3996 MHz, 0 %, 0 %
2026/03/23 23:16:42.320, 0, 228.22 W, 28, 2032 MHz, 3996 MHz, 0 %, 0 %
2026/03/23 23:16:42.320, 1, 233.18 W, 30, 2032 MHz, 3996 MHz, 0 %, 0 %
2026/03/23 23:16:42.320, 2, 234.02 W, 28, 2032 MHz, 3996 MHz, 0 %, 0 %
2026/03/23 23:16:42.320, 3, 234.48 W, 30, 2032 MHz, 3996 MHz, 0 %, 0 %
2026/03/23 23:16:42.320, 4, 178.96 W, 26, 120 MHz, 3996 MHz, 0 %, 0 %
2026/03/23 23:16:42.320, 5, 180.58 W, 28, 120 MHz, 3996 MHz, 0 %, 0 %
2026/03/23 23:16:42.320, 6, 178.18 W, 27, 120 MHz, 3996 MHz, 0 %, 0 %
2026/03/23 23:16:42.320, 7, 176.58 W, 28, 120 MHz, 3996 MHz, 0 %, 0 %
2026/03/23 23:16:43.320, 0, 228.45 W, 28, 2032 MHz, 3996 MHz, 2 %, 0 %
2026/03/23 23:16:43.320, 1, 233.30 W, 30, 2032 MHz, 3996 MHz, 2 %, 0 %
2026/03/23 23:16:43.320, 2, 234.06 W, 28, 2032 MHz, 3996 MHz, 0 %, 0 %
2026/03/23 23:16:43.321, 3, 234.57 W, 30, 2032 MHz, 3996 MHz, 2 %, 0 %
2026/03/23 23:16:43.321, 4, 179.12 W, 26, 120 MHz, 3996 MHz, 0 %, 0 %
2026/03/23 23:16:43.321, 5, 180.58 W, 28, 120 MHz, 3996 MHz, 0 %, 0 %
2026/03/23 23:16:43.321, 6, 177.92 W, 27, 120 MHz, 3996 MHz, 0 %, 0 %
2026/03/23 23:16:43.321, 7, 176.58 W, 28, 120 MHz, 3996 MHz, 0 %, 0 %
2026/03/23 23:16:44.321, 0, 228.46 W, 28, 2032 MHz, 3996 MHz, 0 %, 0 %
2026/03/23 23:16:44.321, 1, 233.23 W, 30, 2032 MHz, 3996 MHz, 0 %, 0 %
2026/03/23 23:16:44.321, 2, 234.02 W, 28, 2032 MHz, 3996 MHz, 0 %, 0 %
2026/03/23 23:16:44.321, 3, 234.75 W, 30, 2032 MHz, 3996 MHz, 0 %, 0 %
2026/03/23 23:16:44.321, 4, 178.82 W, 26, 120 MHz, 3996 MHz, 0 %, 0 %
2026/03/23 23:16:44.321, 5, 180.58 W, 28, 120 MHz, 3996 MHz, 0 %, 0 %
2026/03/23 23:16:44.321, 6, 178.18 W, 27, 120 MHz, 3996 MHz, 0 %, 0 %
2026/03/23 23:16:44.321, 7, 176.58 W, 28, 120 MHz, 3996 MHz, 0 %, 0 %
2026/03/23 23:16:45.321, 0, 228.71 W, 28, 2032 MHz, 3996 MHz, 1 %, 0 %
2026/03/23 23:16:45.321, 1, 233.29 W, 30, 2032 MHz, 3996 MHz, 0 %, 0 %
2026/03/23 23:16:45.321, 2, 234.26 W, 28, 2032 MHz, 3996 MHz, 0 %, 0 %
2026/03/23 23:16:45.321, 3, 235.09 W, 30, 2032 MHz, 3996 MHz, 0 %, 0 %
2026/03/23 23:16:45.321, 4, 179.09 W, 26, 120 MHz, 3996 MHz, 0 %, 0 %
2026/03/23 23:16:45.321, 5, 180.58 W, 28, 120 MHz, 3996 MHz, 0 %, 0 %
2026/03/23 23:16:45.321, 6, 178.34 W, 27, 120 MHz, 3996 MHz, 0 %, 0 %
2026/03/23 23:16:45.321, 7, 176.58 W, 28, 120 MHz, 3996 MHz, 0 %, 0 %
2026/03/23 23:16:46.321, 0, 228.46 W, 28, 2032 MHz, 3996 MHz, 0 %, 0 %
2026/03/23 23:16:46.321, 1, 233.26 W, 30, 2032 MHz, 3996 MHz, 0 %, 0 %
2026/03/23 23:16:46.321, 2, 275.12 W, 30, 2032 MHz, 3996 MHz, 100 %, 0 %
2026/03/23 23:16:46.321, 3, 242.07 W, 31, 2032 MHz, 3996 MHz, 0 %, 0 %
2026/03/23 23:16:46.321, 4, 179.17 W, 26, 120 MHz, 3996 MHz, 0 %, 0 %
2026/03/23 23:16:46.321, 5, 180.58 W, 28, 120 MHz, 3996 MHz, 0 %, 0 %
2026/03/23 23:16:46.321, 6, 178.18 W, 27, 120 MHz, 3996 MHz, 0 %, 0 %
2026/03/23 23:16:46.321, 7, 176.58 W, 28, 120 MHz, 3996 MHz, 0 %, 0 %
2026/03/23 23:16:47.321, 0, 258.98 W, 28, 2032 MHz, 3996 MHz, 4 %, 1 %
2026/03/23 23:16:47.321, 1, 357.65 W, 31, 2032 MHz, 3996 MHz, 79 %, 1 %
2026/03/23 23:16:47.321, 2, 357.28 W, 29, 2032 MHz, 3996 MHz, 4 %, 2 %
2026/03/23 23:16:47.321, 3, 375.33 W, 31, 2032 MHz, 3996 MHz, 93 %, 1 %
2026/03/23 23:16:47.321, 4, 179.18 W, 26, 120 MHz, 3996 MHz, 0 %, 0 %
2026/03/23 23:16:47.321, 5, 180.58 W, 28, 120 MHz, 3996 MHz, 0 %, 0 %
2026/03/23 23:16:47.321, 6, 177.92 W, 27, 120 MHz, 3996 MHz, 0 %, 0 %
2026/03/23 23:16:47.321, 7, 176.58 W, 28, 120 MHz, 3996 MHz, 0 %, 0 %
2026/03/23 23:16:48.321, 0, 242.77 W, 28, 2032 MHz, 3996 MHz, 1 %, 0 %
2026/03/23 23:16:48.321, 1, 259.04 W, 30, 2032 MHz, 3996 MHz, 40 %, 0 %
2026/03/23 23:16:48.321, 2, 248.56 W, 28, 2032 MHz, 3996 MHz, 0 %, 0 %
2026/03/23 23:16:48.321, 3, 257.89 W, 31, 2032 MHz, 3996 MHz, 71 %, 1 %
2026/03/23 23:16:48.321, 4, 179.05 W, 26, 120 MHz, 3996 MHz, 0 %, 0 %
2026/03/23 23:16:48.321, 5, 180.58 W, 28, 120 MHz, 3996 MHz, 0 %, 0 %
2026/03/23 23:16:48.321, 6, 178.18 W, 27, 120 MHz, 3996 MHz, 0 %, 0 %
2026/03/23 23:16:48.321, 7, 176.58 W, 28, 120 MHz, 3996 MHz, 0 %, 0 %
2026/03/23 23:16:49.322, 0, 233.45 W, 28, 2032 MHz, 3996 MHz, 0 %, 0 %
2026/03/23 23:16:49.322, 1, 249.30 W, 30, 2032 MHz, 3996 MHz, 0 %, 0 %
2026/03/23 23:16:49.322, 2, 242.44 W, 28, 2032 MHz, 3996 MHz, 0 %, 0 %
2026/03/23 23:16:49.322, 3, 247.26 W, 30, 2032 MHz, 3996 MHz, 0 %, 0 %
2026/03/23 23:16:49.322, 4, 178.83 W, 26, 120 MHz, 3996 MHz, 0 %, 0 %
2026/03/23 23:16:49.322, 5, 180.58 W, 28, 120 MHz, 3996 MHz, 0 %, 0 %
2026/03/23 23:16:49.322, 6, 178.14 W, 27, 120 MHz, 3996 MHz, 0 %, 0 %
2026/03/23 23:16:49.322, 7, 176.58 W, 28, 120 MHz, 3996 MHz, 0 %, 0 %
2026/03/23 23:16:50.322, 0, 541.18 W, 39, 1965 MHz, 3996 MHz, 100 %, 15 %
2026/03/23 23:16:50.322, 1, 527.84 W, 42, 1920 MHz, 3996 MHz, 100 %, 4 %
2026/03/23 23:16:50.322, 2, 539.35 W, 40, 1665 MHz, 3996 MHz, 100 %, 14 %
2026/03/23 23:16:50.322, 3, 502.57 W, 43, 1912 MHz, 3996 MHz, 100 %, 2 %
2026/03/23 23:16:50.322, 4, 178.86 W, 26, 120 MHz, 3996 MHz, 0 %, 0 %
2026/03/23 23:16:50.322, 5, 180.58 W, 28, 120 MHz, 3996 MHz, 0 %, 0 %
2026/03/23 23:16:50.322, 6, 178.26 W, 27, 120 MHz, 3996 MHz, 0 %, 0 %
2026/03/23 23:16:50.322, 7, 176.58 W, 28, 120 MHz, 3996 MHz, 0 %, 0 %
2026/03/23 23:16:51.322, 0, 577.71 W, 31, 2032 MHz, 3996 MHz, 100 %, 0 %
2026/03/23 23:16:51.322, 1, 592.20 W, 33, 2032 MHz, 3996 MHz, 100 %, 0 %
2026/03/23 23:16:51.322, 2, 582.53 W, 31, 2032 MHz, 3996 MHz, 100 %, 0 %
2026/03/23 23:16:51.322, 3, 624.13 W, 33, 2032 MHz, 3996 MHz, 100 %, 0 %
2026/03/23 23:16:51.322, 4, 179.00 W, 26, 120 MHz, 3996 MHz, 0 %, 0 %
2026/03/23 23:16:51.322, 5, 180.58 W, 28, 120 MHz, 3996 MHz, 0 %, 0 %
2026/03/23 23:16:51.322, 6, 178.02 W, 27, 120 MHz, 3996 MHz, 0 %, 0 %
2026/03/23 23:16:51.322, 7, 176.58 W, 28, 120 MHz, 3996 MHz, 0 %, 0 %
2026/03/23 23:16:52.322, 0, 285.16 W, 30, 2032 MHz, 3996 MHz, 100 %, 2 %
2026/03/23 23:16:52.322, 1, 285.35 W, 31, 2032 MHz, 3996 MHz, 100 %, 0 %
2026/03/23 23:16:52.322, 2, 286.54 W, 29, 2032 MHz, 3996 MHz, 100 %, 2 %
2026/03/23 23:16:52.322, 3, 283.92 W, 32, 2032 MHz, 3996 MHz, 100 %, 0 %
2026/03/23 23:16:52.322, 4, 179.04 W, 26, 120 MHz, 3996 MHz, 0 %, 0 %
2026/03/23 23:16:52.322, 5, 180.58 W, 28, 120 MHz, 3996 MHz, 0 %, 0 %
2026/03/23 23:16:52.322, 6, 178.02 W, 27, 120 MHz, 3996 MHz, 0 %, 0 %
2026/03/23 23:16:52.322, 7, 176.58 W, 28, 120 MHz, 3996 MHz, 0 %, 0 %
2026/03/23 23:16:53.322, 0, 253.04 W, 28, 2032 MHz, 3996 MHz, 100 %, 0 %
2026/03/23 23:16:53.322, 1, 260.41 W, 31, 2032 MHz, 3996 MHz, 100 %, 0 %
2026/03/23 23:16:53.322, 2, 261.23 W, 28, 2032 MHz, 3996 MHz, 100 %, 0 %
2026/03/23 23:16:53.322, 3, 266.37 W, 31, 2032 MHz, 3996 MHz, 100 %, 0 %
2026/03/23 23:16:53.322, 4, 178.97 W, 26, 120 MHz, 3996 MHz, 0 %, 0 %
2026/03/23 23:16:53.322, 5, 180.58 W, 28, 120 MHz, 3996 MHz, 0 %, 0 %
2026/03/23 23:16:53.322, 6, 178.18 W, 27, 120 MHz, 3996 MHz, 0 %, 0 %
2026/03/23 23:16:53.322, 7, 176.58 W, 28, 120 MHz, 3996 MHz, 0 %, 0 %
2026/03/23 23:16:54.322, 0, 232.71 W, 28, 2032 MHz, 3996 MHz, 6 %, 0 %
2026/03/23 23:16:54.322, 1, 235.72 W, 30, 2032 MHz, 3996 MHz, 9 %, 0 %
2026/03/23 23:16:54.322, 2, 237.89 W, 28, 2032 MHz, 3996 MHz, 4 %, 0 %
2026/03/23 23:16:54.322, 3, 240.99 W, 31, 2032 MHz, 3996 MHz, 12 %, 0 %
2026/03/23 23:16:54.322, 4, 179.14 W, 26, 120 MHz, 3996 MHz, 0 %, 0 %
2026/03/23 23:16:54.322, 5, 180.58 W, 28, 120 MHz, 3996 MHz, 0 %, 0 %
2026/03/23 23:16:54.322, 6, 178.29 W, 27, 120 MHz, 3996 MHz, 0 %, 0 %
2026/03/23 23:16:54.323, 7, 176.58 W, 28, 120 MHz, 3996 MHz, 0 %, 0 %
2026/03/23 23:16:55.323, 0, 233.55 W, 28, 2032 MHz, 3996 MHz, 12 %, 0 %
2026/03/23 23:16:55.323, 1, 236.51 W, 30, 2032 MHz, 3996 MHz, 12 %, 0 %
2026/03/23 23:16:55.323, 2, 238.52 W, 28, 2032 MHz, 3996 MHz, 13 %, 0 %
2026/03/23 23:16:55.323, 3, 242.39 W, 31, 2032 MHz, 3996 MHz, 12 %, 0 %
2026/03/23 23:16:55.323, 4, 178.91 W, 26, 120 MHz, 3996 MHz, 0 %, 0 %
2026/03/23 23:16:55.323, 5, 180.58 W, 28, 120 MHz, 3996 MHz, 0 %, 0 %
2026/03/23 23:16:55.323, 6, 178.18 W, 27, 120 MHz, 3996 MHz, 0 %, 0 %
2026/03/23 23:16:55.323, 7, 176.58 W, 28, 120 MHz, 3996 MHz, 0 %, 0 %
2026/03/23 23:16:56.323, 0, 232.80 W, 28, 2032 MHz, 3996 MHz, 12 %, 0 %
2026/03/23 23:16:56.323, 1, 236.40 W, 30, 2032 MHz, 3996 MHz, 11 %, 0 %
2026/03/23 23:16:56.323, 2, 238.54 W, 28, 2032 MHz, 3996 MHz, 10 %, 0 %
2026/03/23 23:16:56.323, 3, 241.68 W, 31, 2032 MHz, 3996 MHz, 11 %, 0 %
2026/03/23 23:16:56.323, 4, 179.25 W, 26, 120 MHz, 3996 MHz, 0 %, 0 %
2026/03/23 23:16:56.323, 5, 180.58 W, 28, 120 MHz, 3996 MHz, 0 %, 0 %
2026/03/23 23:16:56.323, 6, 177.87 W, 27, 120 MHz, 3996 MHz, 0 %, 0 %
2026/03/23 23:16:56.323, 7, 176.58 W, 28, 120 MHz, 3996 MHz, 0 %, 0 %
2026/03/23 23:16:57.323, 0, 234.77 W, 28, 2032 MHz, 3996 MHz, 13 %, 1 %
2026/03/23 23:16:57.323, 1, 239.54 W, 30, 2032 MHz, 3996 MHz, 11 %, 0 %
2026/03/23 23:16:57.323, 2, 242.19 W, 28, 2032 MHz, 3996 MHz, 15 %, 2 %
2026/03/23 23:16:57.323, 3, 243.56 W, 31, 2032 MHz, 3996 MHz, 11 %, 0 %
2026/03/23 23:16:57.323, 4, 178.82 W, 26, 120 MHz, 3996 MHz, 0 %, 0 %
2026/03/23 23:16:57.323, 5, 180.58 W, 28, 120 MHz, 3996 MHz, 0 %, 0 %
2026/03/23 23:16:57.323, 6, 178.22 W, 27, 120 MHz, 3996 MHz, 0 %, 0 %
2026/03/23 23:16:57.323, 7, 176.58 W, 28, 120 MHz, 3996 MHz, 0 %, 0 %
2026/03/23 23:16:58.323, 0, 238.64 W, 28, 2032 MHz, 3996 MHz, 13 %, 1 %
2026/03/23 23:16:58.323, 1, 253.34 W, 30, 2032 MHz, 3996 MHz, 15 %, 3 %
2026/03/23 23:16:58.323, 2, 252.43 W, 28, 2032 MHz, 3996 MHz, 15 %, 2 %
2026/03/23 23:16:58.323, 3, 242.07 W, 31, 2032 MHz, 3996 MHz, 11 %, 0 %
2026/03/23 23:16:58.323, 4, 179.05 W, 26, 120 MHz, 3996 MHz, 0 %, 0 %
2026/03/23 23:16:58.323, 5, 180.58 W, 28, 120 MHz, 3996 MHz, 0 %, 0 %
2026/03/23 23:16:58.323, 6, 178.10 W, 27, 120 MHz, 3996 MHz, 0 %, 0 %
2026/03/23 23:16:58.323, 7, 176.58 W, 28, 120 MHz, 3996 MHz, 0 %, 0 %
2026/03/23 23:16:59.323, 0, 239.20 W, 28, 2032 MHz, 3996 MHz, 5 %, 0 %
2026/03/23 23:16:59.323, 1, 255.02 W, 30, 2032 MHz, 3996 MHz, 8 %, 1 %
2026/03/23 23:16:59.323, 2, 253.26 W, 28, 2032 MHz, 3996 MHz, 6 %, 1 %
2026/03/23 23:16:59.323, 3, 242.11 W, 31, 2032 MHz, 3996 MHz, 9 %, 0 %
2026/03/23 23:16:59.323, 4, 178.75 W, 26, 120 MHz, 3996 MHz, 0 %, 0 %
2026/03/23 23:16:59.323, 5, 180.58 W, 28, 120 MHz, 3996 MHz, 0 %, 0 %
2026/03/23 23:16:59.323, 6, 177.79 W, 27, 120 MHz, 3996 MHz, 0 %, 0 %
2026/03/23 23:16:59.323, 7, 176.58 W, 28, 120 MHz, 3996 MHz, 0 %, 0 %
2026/03/23 23:17:00.323, 0, 241.54 W, 28, 2032 MHz, 3996 MHz, 13 %, 1 %
2026/03/23 23:17:00.323, 1, 259.23 W, 31, 2032 MHz, 3996 MHz, 15 %, 2 %
2026/03/23 23:17:00.323, 2, 261.61 W, 28, 2032 MHz, 3996 MHz, 16 %, 6 %
2026/03/23 23:17:00.323, 3, 251.81 W, 31, 2032 MHz, 3996 MHz, 14 %, 0 %
2026/03/23 23:17:00.323, 4, 178.97 W, 26, 120 MHz, 3996 MHz, 0 %, 0 %
2026/03/23 23:17:00.323, 5, 180.58 W, 28, 120 MHz, 3996 MHz, 0 %, 0 %
2026/03/23 23:17:00.323, 6, 178.11 W, 27, 120 MHz, 3996 MHz, 0 %, 0 %
2026/03/23 23:17:00.323, 7, 176.58 W, 28, 120 MHz, 3996 MHz, 0 %, 0 %
2026/03/23 23:17:01.324, 0, 277.85 W, 29, 2032 MHz, 3996 MHz, 20 %, 8 %
2026/03/23 23:17:01.324, 1, 266.49 W, 31, 2032 MHz, 3996 MHz, 16 %, 4 %
2026/03/23 23:17:01.324, 2, 281.10 W, 28, 2032 MHz, 3996 MHz, 19 %, 7 %
2026/03/23 23:17:01.324, 3, 295.12 W, 32, 2032 MHz, 3996 MHz, 20 %, 9 %
2026/03/23 23:17:01.324, 4, 178.98 W, 26, 120 MHz, 3996 MHz, 0 %, 0 %
2026/03/23 23:17:01.324, 5, 180.58 W, 28, 120 MHz, 3996 MHz, 0 %, 0 %
2026/03/23 23:17:01.324, 6, 178.33 W, 27, 120 MHz, 3996 MHz, 0 %, 0 %
2026/03/23 23:17:01.324, 7, 176.58 W, 28, 120 MHz, 3996 MHz, 0 %, 0 %
2026/03/23 23:17:02.324, 0, 280.34 W, 29, 2032 MHz, 3996 MHz, 20 %, 8 %
2026/03/23 23:17:02.324, 1, 265.35 W, 31, 2032 MHz, 3996 MHz, 17 %, 5 %
2026/03/23 23:17:02.324, 2, 281.08 W, 29, 2032 MHz, 3996 MHz, 20 %, 7 %
2026/03/23 23:17:02.324, 3, 298.02 W, 32, 2032 MHz, 3996 MHz, 23 %, 10 %
2026/03/23 23:17:02.324, 4, 179.05 W, 26, 120 MHz, 3996 MHz, 0 %, 0 %
2026/03/23 23:17:02.324, 5, 180.58 W, 28, 120 MHz, 3996 MHz, 0 %, 0 %
2026/03/23 23:17:02.324, 6, 178.15 W, 27, 120 MHz, 3996 MHz, 0 %, 0 %
2026/03/23 23:17:02.324, 7, 176.58 W, 28, 120 MHz, 3996 MHz, 0 %, 0 %
2026/03/23 23:17:03.324, 0, 280.45 W, 29, 2032 MHz, 3996 MHz, 19 %, 7 %
2026/03/23 23:17:03.324, 1, 266.48 W, 31, 2032 MHz, 3996 MHz, 18 %, 5 %
2026/03/23 23:17:03.324, 2, 281.86 W, 29, 2032 MHz, 3996 MHz, 20 %, 7 %
2026/03/23 23:17:03.324, 3, 299.40 W, 32, 2032 MHz, 3996 MHz, 23 %, 10 %
2026/03/23 23:17:03.324, 4, 178.91 W, 26, 120 MHz, 3996 MHz, 0 %, 0 %
2026/03/23 23:17:03.324, 5, 180.58 W, 28, 120 MHz, 3996 MHz, 0 %, 0 %
2026/03/23 23:17:03.324, 6, 178.14 W, 27, 120 MHz, 3996 MHz, 0 %, 0 %
2026/03/23 23:17:03.324, 7, 176.58 W, 28, 120 MHz, 3996 MHz, 0 %, 0 %
2026/03/23 23:17:04.324, 0, 275.30 W, 29, 2032 MHz, 3996 MHz, 13 %, 4 %
2026/03/23 23:17:04.324, 1, 295.35 W, 31, 2032 MHz, 3996 MHz, 16 %, 8 %
2026/03/23 23:17:04.324, 2, 296.51 W, 29, 2032 MHz, 3996 MHz, 17 %, 7 %
2026/03/23 23:17:04.324, 3, 315.53 W, 31, 2032 MHz, 3996 MHz, 17 %, 9 %
2026/03/23 23:17:04.324, 4, 178.90 W, 26, 120 MHz, 3996 MHz, 0 %, 0 %
2026/03/23 23:17:04.324, 5, 180.58 W, 28, 120 MHz, 3996 MHz, 0 %, 0 %
2026/03/23 23:17:04.324, 6, 178.26 W, 27, 120 MHz, 3996 MHz, 0 %, 0 %
2026/03/23 23:17:04.324, 7, 176.58 W, 28, 120 MHz, 3996 MHz, 0 %, 0 %
2026/03/23 23:17:05.324, 0, 271.00 W, 29, 2032 MHz, 3996 MHz, 13 %, 4 %
2026/03/23 23:17:05.324, 1, 319.59 W, 31, 2032 MHz, 3996 MHz, 24 %, 11 %
2026/03/23 23:17:05.324, 2, 302.36 W, 29, 2032 MHz, 3996 MHz, 15 %, 6 %
2026/03/23 23:17:05.324, 3, 323.81 W, 32, 2032 MHz, 3996 MHz, 26 %, 12 %
2026/03/23 23:17:05.324, 4, 179.01 W, 26, 120 MHz, 3996 MHz, 0 %, 0 %
2026/03/23 23:17:05.324, 5, 180.58 W, 28, 120 MHz, 3996 MHz, 0 %, 0 %
2026/03/23 23:17:05.324, 6, 178.03 W, 27, 120 MHz, 3996 MHz, 0 %, 0 %
2026/03/23 23:17:05.324, 7, 176.58 W, 28, 120 MHz, 3996 MHz, 0 %, 0 %
2026/03/23 23:17:06.324, 0, 267.19 W, 29, 2032 MHz, 3996 MHz, 18 %, 6 %
2026/03/23 23:17:06.324, 1, 311.54 W, 31, 2032 MHz, 3996 MHz, 24 %, 12 %
2026/03/23 23:17:06.324, 2, 297.54 W, 29, 2032 MHz, 3996 MHz, 22 %, 9 %
2026/03/23 23:17:06.324, 3, 315.38 W, 32, 2032 MHz, 3996 MHz, 27 %, 13 %
2026/03/23 23:17:06.324, 4, 178.90 W, 26, 120 MHz, 3996 MHz, 0 %, 0 %
2026/03/23 23:17:06.325, 5, 180.58 W, 28, 120 MHz, 3996 MHz, 0 %, 0 %
2026/03/23 23:17:06.325, 6, 178.25 W, 27, 120 MHz, 3996 MHz, 0 %, 0 %
2026/03/23 23:17:06.325, 7, 176.58 W, 28, 120 MHz, 3996 MHz, 0 %, 0 %
2026/03/23 23:17:07.325, 0, 270.51 W, 29, 2032 MHz, 3996 MHz, 24 %, 10 %
2026/03/23 23:17:07.325, 1, 311.94 W, 32, 2032 MHz, 3996 MHz, 23 %, 10 %
2026/03/23 23:17:07.325, 2, 304.73 W, 29, 2032 MHz, 3996 MHz, 26 %, 13 %
2026/03/23 23:17:07.325, 3, 316.85 W, 32, 2032 MHz, 3996 MHz, 24 %, 12 %
2026/03/23 23:17:07.325, 4, 178.97 W, 26, 120 MHz, 3996 MHz, 0 %, 0 %
2026/03/23 23:17:07.325, 5, 180.58 W, 28, 120 MHz, 3996 MHz, 0 %, 0 %
2026/03/23 23:17:07.325, 6, 178.22 W, 27, 120 MHz, 3996 MHz, 0 %, 0 %
2026/03/23 23:17:07.325, 7, 176.59 W, 28, 120 MHz, 3996 MHz, 0 %, 0 %
2026/03/23 23:17:08.325, 0, 307.17 W, 29, 2032 MHz, 3996 MHz, 24 %, 12 %
2026/03/23 23:17:08.325, 1, 331.36 W, 32, 2032 MHz, 3996 MHz, 29 %, 16 %
2026/03/23 23:17:08.325, 2, 321.27 W, 29, 2032 MHz, 3996 MHz, 26 %, 14 %
2026/03/23 23:17:08.325, 3, 330.50 W, 32, 2032 MHz, 3996 MHz, 29 %, 15 %
2026/03/23 23:17:08.325, 4, 178.94 W, 26, 120 MHz, 3996 MHz, 0 %, 0 %
2026/03/23 23:17:08.325, 5, 180.58 W, 28, 120 MHz, 3996 MHz, 0 %, 0 %
2026/03/23 23:17:08.325, 6, 178.02 W, 27, 120 MHz, 3996 MHz, 0 %, 0 %
2026/03/23 23:17:08.325, 7, 176.58 W, 28, 120 MHz, 3996 MHz, 0 %, 0 %
2026/03/23 23:17:09.325, 0, 305.18 W, 29, 2032 MHz, 3996 MHz, 24 %, 12 %
2026/03/23 23:17:09.325, 1, 332.66 W, 32, 2032 MHz, 3996 MHz, 11 %, 6 %
2026/03/23 23:17:09.325, 2, 318.07 W, 29, 2032 MHz, 3996 MHz, 28 %, 14 %
2026/03/23 23:17:09.325, 3, 327.53 W, 32, 2032 MHz, 3996 MHz, 15 %, 8 %
2026/03/23 23:17:09.325, 4, 178.87 W, 26, 120 MHz, 3996 MHz, 0 %, 0 %
2026/03/23 23:17:09.325, 5, 180.58 W, 28, 120 MHz, 3996 MHz, 0 %, 0 %
2026/03/23 23:17:09.325, 6, 178.06 W, 27, 120 MHz, 3996 MHz, 0 %, 0 %
2026/03/23 23:17:09.325, 7, 176.58 W, 28, 120 MHz, 3996 MHz, 0 %, 0 %
2026/03/23 23:17:10.325, 0, 319.51 W, 29, 2032 MHz, 3996 MHz, 16 %, 7 %
2026/03/23 23:17:10.325, 1, 345.69 W, 32, 2032 MHz, 3996 MHz, 28 %, 15 %
2026/03/23 23:17:10.325, 2, 334.08 W, 29, 2032 MHz, 3996 MHz, 16 %, 7 %
2026/03/23 23:17:10.325, 3, 345.06 W, 32, 2032 MHz, 3996 MHz, 30 %, 15 %
2026/03/23 23:17:10.325, 4, 178.82 W, 26, 120 MHz, 3996 MHz, 0 %, 0 %
2026/03/23 23:17:10.325, 5, 180.58 W, 28, 120 MHz, 3996 MHz, 0 %, 0 %
2026/03/23 23:17:10.325, 6, 178.11 W, 27, 120 MHz, 3996 MHz, 0 %, 0 %
2026/03/23 23:17:10.325, 7, 176.58 W, 28, 120 MHz, 3996 MHz, 0 %, 0 %
2026/03/23 23:17:11.325, 0, 319.90 W, 30, 2032 MHz, 3996 MHz, 29 %, 14 %
2026/03/23 23:17:11.325, 1, 340.83 W, 32, 2032 MHz, 3996 MHz, 28 %, 16 %
2026/03/23 23:17:11.325, 2, 346.38 W, 30, 2032 MHz, 3996 MHz, 31 %, 18 %
2026/03/23 23:17:11.325, 3, 342.90 W, 33, 2032 MHz, 3996 MHz, 31 %, 18 %
2026/03/23 23:17:11.325, 4, 178.93 W, 26, 120 MHz, 3996 MHz, 0 %, 0 %
2026/03/23 23:17:11.325, 5, 180.58 W, 28, 120 MHz, 3996 MHz, 0 %, 0 %
2026/03/23 23:17:11.325, 6, 178.14 W, 27, 120 MHz, 3996 MHz, 0 %, 0 %
2026/03/23 23:17:11.325, 7, 176.58 W, 28, 120 MHz, 3996 MHz, 0 %, 0 %
2026/03/23 23:17:12.326, 0, 321.92 W, 30, 2032 MHz, 3996 MHz, 29 %, 14 %
2026/03/23 23:17:12.326, 1, 339.11 W, 32, 2032 MHz, 3996 MHz, 30 %, 15 %
2026/03/23 23:17:12.326, 2, 351.01 W, 30, 2032 MHz, 3996 MHz, 29 %, 18 %
2026/03/23 23:17:12.326, 3, 348.19 W, 33, 2032 MHz, 3996 MHz, 30 %, 18 %
2026/03/23 23:17:12.326, 4, 178.94 W, 26, 120 MHz, 3996 MHz, 0 %, 0 %
2026/03/23 23:17:12.326, 5, 180.58 W, 28, 120 MHz, 3996 MHz, 0 %, 0 %
2026/03/23 23:17:12.326, 6, 178.03 W, 27, 120 MHz, 3996 MHz, 0 %, 0 %
2026/03/23 23:17:12.326, 7, 176.58 W, 28, 120 MHz, 3996 MHz, 0 %, 0 %
2026/03/23 23:17:13.326, 0, 317.84 W, 30, 2032 MHz, 3996 MHz, 27 %, 14 %
2026/03/23 23:17:13.326, 1, 338.52 W, 32, 2032 MHz, 3996 MHz, 30 %, 17 %
2026/03/23 23:17:13.326, 2, 348.08 W, 30, 2032 MHz, 3996 MHz, 30 %, 18 %
2026/03/23 23:17:13.326, 3, 342.59 W, 33, 2032 MHz, 3996 MHz, 28 %, 16 %
2026/03/23 23:17:13.326, 4, 178.97 W, 26, 120 MHz, 3996 MHz, 0 %, 0 %
2026/03/23 23:17:13.326, 5, 180.58 W, 28, 120 MHz, 3996 MHz, 0 %, 0 %
2026/03/23 23:17:13.326, 6, 177.95 W, 27, 120 MHz, 3996 MHz, 0 %, 0 %
2026/03/23 23:17:13.326, 7, 176.58 W, 28, 120 MHz, 3996 MHz, 0 %, 0 %
2026/03/23 23:17:14.326, 0, 322.18 W, 30, 2032 MHz, 3996 MHz, 27 %, 13 %
2026/03/23 23:17:14.326, 1, 342.44 W, 32, 2032 MHz, 3996 MHz, 9 %, 5 %
2026/03/23 23:17:14.326, 2, 357.75 W, 30, 2032 MHz, 3996 MHz, 32 %, 17 %
2026/03/23 23:17:14.326, 3, 347.23 W, 33, 2032 MHz, 3996 MHz, 10 %, 5 %
2026/03/23 23:17:14.326, 4, 178.82 W, 26, 120 MHz, 3996 MHz, 0 %, 0 %
2026/03/23 23:17:14.326, 5, 180.58 W, 28, 120 MHz, 3996 MHz, 0 %, 0 %
2026/03/23 23:17:14.326, 6, 178.22 W, 27, 120 MHz, 3996 MHz, 0 %, 0 %
2026/03/23 23:17:14.326, 7, 176.58 W, 28, 120 MHz, 3996 MHz, 0 %, 0 %
2026/03/23 23:17:15.326, 0, 328.35 W, 30, 2032 MHz, 3996 MHz, 18 %, 9 %
2026/03/23 23:17:15.326, 1, 352.99 W, 32, 2032 MHz, 3996 MHz, 32 %, 18 %
2026/03/23 23:17:15.326, 2, 362.37 W, 30, 2032 MHz, 3996 MHz, 20 %, 10 %
2026/03/23 23:17:15.326, 3, 372.86 W, 33, 2032 MHz, 3996 MHz, 36 %, 19 %
2026/03/23 23:17:15.326, 4, 179.03 W, 26, 120 MHz, 3996 MHz, 0 %, 0 %
2026/03/23 23:17:15.326, 5, 180.58 W, 28, 120 MHz, 3996 MHz, 0 %, 0 %
2026/03/23 23:17:15.326, 6, 178.21 W, 27, 120 MHz, 3996 MHz, 0 %, 0 %
2026/03/23 23:17:15.326, 7, 176.58 W, 28, 120 MHz, 3996 MHz, 0 %, 0 %
2026/03/23 23:17:16.326, 0, 339.44 W, 30, 2032 MHz, 3996 MHz, 29 %, 15 %
2026/03/23 23:17:16.326, 1, 376.15 W, 33, 2032 MHz, 3996 MHz, 34 %, 20 %
2026/03/23 23:17:16.326, 2, 360.49 W, 30, 2032 MHz, 3996 MHz, 31 %, 18 %
2026/03/23 23:17:16.326, 3, 391.36 W, 33, 2032 MHz, 3996 MHz, 35 %, 20 %
2026/03/23 23:17:16.326, 4, 179.09 W, 26, 120 MHz, 3996 MHz, 0 %, 0 %
2026/03/23 23:17:16.326, 5, 180.58 W, 28, 120 MHz, 3996 MHz, 0 %, 0 %
2026/03/23 23:17:16.326, 6, 178.15 W, 27, 120 MHz, 3996 MHz, 0 %, 0 %
2026/03/23 23:17:16.326, 7, 176.58 W, 28, 120 MHz, 3996 MHz, 0 %, 0 %
2026/03/23 23:17:17.326, 0, 324.53 W, 30, 2032 MHz, 3996 MHz, 28 %, 14 %
2026/03/23 23:17:17.326, 1, 356.79 W, 33, 2032 MHz, 3996 MHz, 32 %, 20 %
2026/03/23 23:17:17.326, 2, 346.46 W, 30, 2032 MHz, 3996 MHz, 30 %, 17 %
2026/03/23 23:17:17.326, 3, 371.27 W, 33, 2032 MHz, 3996 MHz, 33 %, 20 %
2026/03/23 23:17:17.326, 4, 178.71 W, 26, 120 MHz, 3996 MHz, 0 %, 0 %
2026/03/23 23:17:17.326, 5, 180.58 W, 28, 120 MHz, 3996 MHz, 0 %, 0 %
2026/03/23 23:17:17.326, 6, 178.29 W, 26, 120 MHz, 3996 MHz, 0 %, 0 %
2026/03/23 23:17:17.326, 7, 176.58 W, 28, 120 MHz, 3996 MHz, 0 %, 0 %
2026/03/23 23:17:18.327, 0, 315.49 W, 30, 2032 MHz, 3996 MHz, 27 %, 13 %
2026/03/23 23:17:18.327, 1, 353.75 W, 33, 2032 MHz, 3996 MHz, 32 %, 18 %
2026/03/23 23:17:18.327, 2, 341.51 W, 30, 2032 MHz, 3996 MHz, 27 %, 16 %
2026/03/23 23:17:18.327, 3, 358.43 W, 33, 2032 MHz, 3996 MHz, 30 %, 19 %
2026/03/23 23:17:18.327, 4, 178.78 W, 26, 120 MHz, 3996 MHz, 0 %, 0 %
2026/03/23 23:17:18.327, 5, 180.58 W, 28, 120 MHz, 3996 MHz, 0 %, 0 %
2026/03/23 23:17:18.327, 6, 177.84 W, 26, 120 MHz, 3996 MHz, 0 %, 0 %
2026/03/23 23:17:18.327, 7, 176.58 W, 28, 120 MHz, 3996 MHz, 0 %, 0 %
2026/03/23 23:17:19.327, 0, 322.74 W, 30, 2032 MHz, 3996 MHz, 35 %, 14 %
2026/03/23 23:17:19.327, 1, 352.43 W, 32, 2032 MHz, 3996 MHz, 17 %, 9 %
2026/03/23 23:17:19.327, 2, 353.13 W, 30, 2032 MHz, 3996 MHz, 36 %, 18 %
2026/03/23 23:17:19.327, 3, 355.45 W, 33, 2032 MHz, 3996 MHz, 9 %, 5 %
2026/03/23 23:17:19.327, 4, 179.05 W, 26, 120 MHz, 3996 MHz, 0 %, 0 %
2026/03/23 23:17:19.327, 5, 180.58 W, 28, 120 MHz, 3996 MHz, 0 %, 0 %
2026/03/23 23:17:19.327, 6, 177.88 W, 27, 120 MHz, 3996 MHz, 0 %, 0 %
2026/03/23 23:17:19.327, 7, 176.58 W, 28, 120 MHz, 3996 MHz, 0 %, 0 %
2026/03/23 23:17:20.327, 0, 357.24 W, 30, 2032 MHz, 3996 MHz, 14 %, 6 %
2026/03/23 23:17:20.327, 1, 385.92 W, 33, 2032 MHz, 3996 MHz, 30 %, 13 %
2026/03/23 23:17:20.327, 2, 391.70 W, 30, 2032 MHz, 3996 MHz, 11 %, 6 %
2026/03/23 23:17:20.327, 3, 414.58 W, 33, 2032 MHz, 3996 MHz, 43 %, 19 %
2026/03/23 23:17:20.327, 4, 179.09 W, 26, 120 MHz, 3996 MHz, 0 %, 0 %
2026/03/23 23:17:20.327, 5, 180.58 W, 28, 120 MHz, 3996 MHz, 0 %, 0 %
2026/03/23 23:17:20.327, 6, 177.96 W, 26, 120 MHz, 3996 MHz, 0 %, 0 %
2026/03/23 23:17:20.327, 7, 176.58 W, 28, 120 MHz, 3996 MHz, 0 %, 0 %
2026/03/23 23:17:21.327, 0, 352.69 W, 30, 2032 MHz, 3996 MHz, 28 %, 15 %
2026/03/23 23:17:21.327, 1, 381.14 W, 33, 2032 MHz, 3996 MHz, 32 %, 18 %
2026/03/23 23:17:21.327, 2, 377.64 W, 31, 2032 MHz, 3996 MHz, 34 %, 19 %
2026/03/23 23:17:21.327, 3, 393.47 W, 34, 2032 MHz, 3996 MHz, 34 %, 19 %
2026/03/23 23:17:21.327, 4, 178.94 W, 26, 120 MHz, 3996 MHz, 0 %, 0 %
2026/03/23 23:17:21.327, 5, 180.58 W, 28, 120 MHz, 3996 MHz, 0 %, 0 %
2026/03/23 23:17:21.327, 6, 178.11 W, 26, 120 MHz, 3996 MHz, 0 %, 0 %
2026/03/23 23:17:21.327, 7, 176.58 W, 28, 120 MHz, 3996 MHz, 0 %, 0 %
2026/03/23 23:17:22.327, 0, 332.40 W, 30, 2032 MHz, 3996 MHz, 29 %, 14 %
2026/03/23 23:17:22.327, 1, 355.53 W, 33, 2032 MHz, 3996 MHz, 33 %, 16 %
2026/03/23 23:17:22.327, 2, 354.96 W, 30, 2032 MHz, 3996 MHz, 29 %, 17 %
2026/03/23 23:17:22.327, 3, 367.72 W, 33, 2032 MHz, 3996 MHz, 30 %, 18 %
2026/03/23 23:17:22.327, 4, 178.97 W, 26, 120 MHz, 3996 MHz, 0 %, 0 %
2026/03/23 23:17:22.327, 5, 180.58 W, 28, 120 MHz, 3996 MHz, 0 %, 0 %
2026/03/23 23:17:22.327, 6, 177.98 W, 26, 120 MHz, 3996 MHz, 0 %, 0 %
2026/03/23 23:17:22.327, 7, 176.58 W, 28, 120 MHz, 3996 MHz, 0 %, 0 %
2026/03/23 23:17:23.327, 0, 321.32 W, 30, 2032 MHz, 3996 MHz, 28 %, 13 %
2026/03/23 23:17:23.327, 1, 339.08 W, 32, 2032 MHz, 3996 MHz, 26 %, 15 %
2026/03/23 23:17:23.327, 2, 346.41 W, 30, 2032 MHz, 3996 MHz, 32 %, 18 %
2026/03/23 23:17:23.327, 3, 346.38 W, 33, 2032 MHz, 3996 MHz, 27 %, 15 %
2026/03/23 23:17:23.327, 4, 178.81 W, 26, 120 MHz, 3996 MHz, 0 %, 0 %
2026/03/23 23:17:23.327, 5, 180.58 W, 28, 120 MHz, 3996 MHz, 0 %, 0 %
2026/03/23 23:17:23.327, 6, 178.15 W, 26, 120 MHz, 3996 MHz, 0 %, 0 %
2026/03/23 23:17:23.327, 7, 176.58 W, 28, 120 MHz, 3996 MHz, 0 %, 0 %
2026/03/23 23:17:24.328, 0, 327.40 W, 30, 2032 MHz, 3996 MHz, 30 %, 15 %
2026/03/23 23:17:24.328, 1, 344.29 W, 32, 2032 MHz, 3996 MHz, 19 %, 9 %
2026/03/23 23:17:24.328, 2, 356.20 W, 31, 2032 MHz, 3996 MHz, 35 %, 21 %
2026/03/23 23:17:24.328, 3, 356.40 W, 34, 2032 MHz, 3996 MHz, 19 %, 7 %
2026/03/23 23:17:24.328, 4, 178.70 W, 26, 120 MHz, 3996 MHz, 0 %, 0 %
2026/03/23 23:17:24.328, 5, 180.58 W, 28, 120 MHz, 3996 MHz, 0 %, 0 %
2026/03/23 23:17:24.328, 6, 178.21 W, 26, 120 MHz, 3996 MHz, 0 %, 0 %
2026/03/23 23:17:24.328, 7, 176.58 W, 28, 120 MHz, 3996 MHz, 0 %, 0 %
2026/03/23 23:17:25.328, 0, 354.92 W, 30, 2032 MHz, 3996 MHz, 7 %, 4 %
2026/03/23 23:17:25.328, 1, 395.41 W, 33, 2032 MHz, 3996 MHz, 25 %, 13 %
2026/03/23 23:17:25.328, 2, 405.25 W, 30, 2032 MHz, 3996 MHz, 12 %, 6 %
2026/03/23 23:17:25.328, 3, 418.96 W, 34, 2032 MHz, 3996 MHz, 35 %, 18 %
2026/03/23 23:17:25.328, 4, 178.73 W, 26, 120 MHz, 3996 MHz, 0 %, 0 %
2026/03/23 23:17:25.328, 5, 180.58 W, 28, 120 MHz, 3996 MHz, 0 %, 0 %
2026/03/23 23:17:25.328, 6, 177.99 W, 26, 120 MHz, 3996 MHz, 0 %, 0 %
2026/03/23 23:17:25.328, 7, 176.58 W, 28, 120 MHz, 3996 MHz, 0 %, 0 %
2026/03/23 23:17:26.328, 0, 360.42 W, 30, 2032 MHz, 3996 MHz, 32 %, 15 %
2026/03/23 23:17:26.328, 1, 401.38 W, 33, 2032 MHz, 3996 MHz, 30 %, 17 %
2026/03/23 23:17:26.328, 2, 406.78 W, 31, 2032 MHz, 3996 MHz, 37 %, 19 %
2026/03/23 23:17:26.328, 3, 410.93 W, 34, 2032 MHz, 3996 MHz, 33 %, 19 %
2026/03/23 23:17:26.328, 4, 179.13 W, 26, 120 MHz, 3996 MHz, 0 %, 0 %
2026/03/23 23:17:26.328, 5, 180.58 W, 28, 120 MHz, 3996 MHz, 0 %, 0 %
2026/03/23 23:17:26.328, 6, 178.10 W, 26, 120 MHz, 3996 MHz, 0 %, 0 %
2026/03/23 23:17:26.328, 7, 176.58 W, 28, 120 MHz, 3996 MHz, 0 %, 0 %
2026/03/23 23:17:27.328, 0, 339.14 W, 31, 2032 MHz, 3996 MHz, 30 %, 15 %
2026/03/23 23:17:27.328, 1, 362.76 W, 33, 2032 MHz, 3996 MHz, 32 %, 18 %
2026/03/23 23:17:27.328, 2, 378.17 W, 31, 2032 MHz, 3996 MHz, 33 %, 20 %
2026/03/23 23:17:27.328, 3, 370.86 W, 34, 2032 MHz, 3996 MHz, 34 %, 18 %
2026/03/23 23:17:27.328, 4, 178.85 W, 26, 120 MHz, 3996 MHz, 0 %, 0 %
2026/03/23 23:17:27.328, 5, 180.58 W, 28, 120 MHz, 3996 MHz, 0 %, 0 %
2026/03/23 23:17:27.328, 6, 177.90 W, 26, 120 MHz, 3996 MHz, 0 %, 0 %
2026/03/23 23:17:27.328, 7, 176.58 W, 28, 120 MHz, 3996 MHz, 0 %, 0 %
2026/03/23 23:17:28.328, 0, 347.42 W, 31, 2032 MHz, 3996 MHz, 34 %, 15 %
2026/03/23 23:17:28.328, 1, 369.33 W, 34, 2032 MHz, 3996 MHz, 43 %, 16 %
2026/03/23 23:17:28.328, 2, 399.51 W, 31, 2032 MHz, 3996 MHz, 35 %, 20 %
2026/03/23 23:17:28.328, 3, 386.56 W, 34, 2032 MHz, 3996 MHz, 42 %, 18 %
2026/03/23 23:17:28.328, 4, 178.71 W, 26, 120 MHz, 3996 MHz, 0 %, 0 %
2026/03/23 23:17:28.328, 5, 180.58 W, 28, 120 MHz, 3996 MHz, 0 %, 0 %
2026/03/23 23:17:28.328, 6, 178.03 W, 26, 120 MHz, 3996 MHz, 0 %, 0 %
2026/03/23 23:17:28.328, 7, 176.58 W, 28, 120 MHz, 3996 MHz, 0 %, 0 %
2026/03/23 23:17:29.328, 0, 354.99 W, 31, 2032 MHz, 3996 MHz, 32 %, 15 %
2026/03/23 23:17:29.328, 1, 394.24 W, 34, 2032 MHz, 3996 MHz, 25 %, 11 %
2026/03/23 23:17:29.328, 2, 411.04 W, 31, 2032 MHz, 3996 MHz, 40 %, 20 %
2026/03/23 23:17:29.328, 3, 405.74 W, 34, 2032 MHz, 3996 MHz, 18 %, 8 %
2026/03/23 23:17:29.328, 4, 178.79 W, 26, 120 MHz, 3996 MHz, 0 %, 0 %
2026/03/23 23:17:29.328, 5, 180.58 W, 28, 120 MHz, 3996 MHz, 0 %, 0 %
2026/03/23 23:17:29.328, 6, 177.96 W, 26, 120 MHz, 3996 MHz, 0 %, 0 %
2026/03/23 23:17:29.328, 7, 176.58 W, 28, 120 MHz, 3996 MHz, 0 %, 0 %
2026/03/23 23:17:30.329, 0, 393.69 W, 32, 2032 MHz, 3996 MHz, 23 %, 7 %
2026/03/23 23:17:30.329, 1, 395.58 W, 33, 2032 MHz, 3996 MHz, 29 %, 12 %
2026/03/23 23:17:30.329, 2, 421.35 W, 31, 2032 MHz, 3996 MHz, 22 %, 7 %
2026/03/23 23:17:30.329, 3, 418.71 W, 34, 2032 MHz, 3996 MHz, 39 %, 15 %
2026/03/23 23:17:30.329, 4, 179.08 W, 26, 120 MHz, 3996 MHz, 0 %, 0 %
2026/03/23 23:17:30.329, 5, 180.58 W, 28, 120 MHz, 3996 MHz, 0 %, 0 %
2026/03/23 23:17:30.329, 6, 178.10 W, 26, 120 MHz, 3996 MHz, 0 %, 0 %
2026/03/23 23:17:30.329, 7, 176.58 W, 28, 120 MHz, 3996 MHz, 0 %, 0 %
2026/03/23 23:17:31.329, 0, 332.38 W, 31, 2032 MHz, 3996 MHz, 96 %, 15 %
2026/03/23 23:17:31.329, 1, 425.83 W, 34, 2032 MHz, 3996 MHz, 43 %, 14 %
2026/03/23 23:17:31.329, 2, 401.30 W, 32, 2032 MHz, 3996 MHz, 96 %, 14 %
2026/03/23 23:17:31.329, 3, 429.82 W, 35, 2032 MHz, 3996 MHz, 96 %, 14 %
2026/03/23 23:17:31.329, 4, 178.90 W, 26, 120 MHz, 3996 MHz, 0 %, 0 %
2026/03/23 23:17:31.329, 5, 180.58 W, 28, 120 MHz, 3996 MHz, 0 %, 0 %
2026/03/23 23:17:31.329, 6, 177.99 W, 26, 120 MHz, 3996 MHz, 0 %, 0 %
2026/03/23 23:17:31.329, 7, 176.58 W, 28, 120 MHz, 3996 MHz, 0 %, 0 %
2026/03/23 23:17:32.329, 0, 244.94 W, 29, 2032 MHz, 3996 MHz, 8 %, 1 %
2026/03/23 23:17:32.329, 1, 296.79 W, 33, 2032 MHz, 3996 MHz, 4 %, 2 %
2026/03/23 23:17:32.329, 2, 313.07 W, 30, 2032 MHz, 3996 MHz, 56 %, 1 %
2026/03/23 23:17:32.329, 3, 337.24 W, 34, 2032 MHz, 3996 MHz, 4 %, 2 %
2026/03/23 23:17:32.329, 4, 178.75 W, 26, 120 MHz, 3996 MHz, 0 %, 0 %
2026/03/23 23:17:32.329, 5, 180.58 W, 28, 120 MHz, 3996 MHz, 0 %, 0 %
2026/03/23 23:17:32.329, 6, 177.73 W, 27, 120 MHz, 3996 MHz, 0 %, 0 %
2026/03/23 23:17:32.329, 7, 176.58 W, 28, 120 MHz, 3996 MHz, 0 %, 0 %
2026/03/23 23:17:33.329, 0, 236.68 W, 29, 2032 MHz, 3996 MHz, 8 %, 1 %
2026/03/23 23:17:33.329, 1, 288.48 W, 32, 2032 MHz, 3996 MHz, 4 %, 2 %
2026/03/23 23:17:33.329, 2, 290.33 W, 30, 2032 MHz, 3996 MHz, 81 %, 1 %
2026/03/23 23:17:33.329, 3, 289.54 W, 34, 2032 MHz, 3996 MHz, 4 %, 1 %
2026/03/23 23:17:33.329, 4, 178.79 W, 26, 120 MHz, 3996 MHz, 0 %, 0 %
2026/03/23 23:17:33.329, 5, 180.58 W, 28, 120 MHz, 3996 MHz, 0 %, 0 %
2026/03/23 23:17:33.329, 6, 178.14 W, 26, 120 MHz, 3996 MHz, 0 %, 0 %
2026/03/23 23:17:33.329, 7, 176.58 W, 28, 120 MHz, 3996 MHz, 0 %, 0 %
2026/03/23 23:17:34.329, 0, 245.38 W, 29, 2032 MHz, 3996 MHz, 82 %, 1 %
2026/03/23 23:17:34.329, 1, 250.51 W, 32, 2032 MHz, 3996 MHz, 3 %, 1 %
2026/03/23 23:17:34.329, 2, 263.77 W, 29, 2032 MHz, 3996 MHz, 75 %, 1 %
2026/03/23 23:17:34.329, 3, 262.00 W, 32, 2032 MHz, 3996 MHz, 2 %, 1 %
2026/03/23 23:17:34.329, 4, 178.74 W, 26, 120 MHz, 3996 MHz, 0 %, 0 %
2026/03/23 23:17:34.329, 5, 180.58 W, 28, 120 MHz, 3996 MHz, 0 %, 0 %
2026/03/23 23:17:34.329, 6, 178.10 W, 26, 120 MHz, 3996 MHz, 0 %, 0 %
2026/03/23 23:17:34.329, 7, 176.58 W, 28, 120 MHz, 3996 MHz, 0 %, 0 %
2026/03/23 23:17:35.329, 0, 237.40 W, 29, 2032 MHz, 3996 MHz, 0 %, 0 %
2026/03/23 23:17:35.329, 1, 239.15 W, 31, 2032 MHz, 3996 MHz, 0 %, 0 %
2026/03/23 23:17:35.329, 2, 243.01 W, 29, 2032 MHz, 3996 MHz, 0 %, 0 %
2026/03/23 23:17:35.329, 3, 243.64 W, 32, 2032 MHz, 3996 MHz, 8 %, 0 %
2026/03/23 23:17:35.329, 4, 178.82 W, 26, 120 MHz, 3996 MHz, 0 %, 0 %
2026/03/23 23:17:35.329, 5, 180.58 W, 28, 120 MHz, 3996 MHz, 0 %, 0 %
2026/03/23 23:17:35.329, 6, 178.02 W, 26, 120 MHz, 3996 MHz, 0 %, 0 %
2026/03/23 23:17:35.329, 7, 176.58 W, 28, 120 MHz, 3996 MHz, 0 %, 0 %
2026/03/23 23:17:36.330, 0, 255.15 W, 29, 2032 MHz, 3996 MHz, 9 %, 1 %
2026/03/23 23:17:36.330, 1, 257.27 W, 32, 2032 MHz, 3996 MHz, 0 %, 0 %
2026/03/23 23:17:36.330, 2, 283.09 W, 30, 2032 MHz, 3996 MHz, 100 %, 1 %
2026/03/23 23:17:36.330, 3, 279.60 W, 33, 2032 MHz, 3996 MHz, 31 %, 0 %
2026/03/23 23:17:36.330, 4, 178.85 W, 26, 120 MHz, 3996 MHz, 0 %, 0 %
2026/03/23 23:17:36.330, 5, 180.58 W, 28, 120 MHz, 3996 MHz, 0 %, 0 %
2026/03/23 23:17:36.330, 6, 177.98 W, 26, 120 MHz, 3996 MHz, 0 %, 0 %
2026/03/23 23:17:36.330, 7, 176.58 W, 28, 120 MHz, 3996 MHz, 0 %, 0 %
2026/03/23 23:17:37.330, 0, 242.36 W, 29, 2032 MHz, 3996 MHz, 0 %, 0 %
2026/03/23 23:17:37.330, 1, 239.70 W, 31, 2032 MHz, 3996 MHz, 89 %, 1 %
2026/03/23 23:17:37.330, 2, 245.88 W, 29, 2032 MHz, 3996 MHz, 0 %, 0 %
2026/03/23 23:17:37.330, 3, 250.84 W, 32, 2032 MHz, 3996 MHz, 52 %, 0 %
2026/03/23 23:17:37.330, 4, 179.01 W, 26, 120 MHz, 3996 MHz, 0 %, 0 %
2026/03/23 23:17:37.330, 5, 180.58 W, 28, 120 MHz, 3996 MHz, 0 %, 0 %
2026/03/23 23:17:37.330, 6, 178.34 W, 26, 120 MHz, 3996 MHz, 0 %, 0 %
2026/03/23 23:17:37.330, 7, 176.58 W, 28, 120 MHz, 3996 MHz, 0 %, 0 %
2026/03/23 23:17:38.330, 0, 243.84 W, 30, 2032 MHz, 3996 MHz, 55 %, 0 %
2026/03/23 23:17:38.330, 1, 246.77 W, 32, 2032 MHz, 3996 MHz, 0 %, 0 %
2026/03/23 23:17:38.330, 2, 248.04 W, 30, 2032 MHz, 3996 MHz, 64 %, 0 %
2026/03/23 23:17:38.330, 3, 238.04 W, 32, 2032 MHz, 3996 MHz, 0 %, 0 %
2026/03/23 23:17:38.330, 4, 178.86 W, 26, 120 MHz, 3996 MHz, 0 %, 0 %
2026/03/23 23:17:38.330, 5, 180.58 W, 28, 120 MHz, 3996 MHz, 0 %, 0 %
2026/03/23 23:17:38.330, 6, 178.03 W, 27, 120 MHz, 3996 MHz, 0 %, 0 %
2026/03/23 23:17:38.330, 7, 176.58 W, 28, 120 MHz, 3996 MHz, 0 %, 0 %
2026/03/23 23:17:39.330, 0, 239.38 W, 29, 2032 MHz, 3996 MHz, 0 %, 0 %
2026/03/23 23:17:39.330, 1, 246.92 W, 31, 2032 MHz, 3996 MHz, 0 %, 0 %
2026/03/23 23:17:39.330, 2, 243.90 W, 29, 2032 MHz, 3996 MHz, 0 %, 0 %
2026/03/23 23:17:39.330, 3, 236.87 W, 32, 2032 MHz, 3996 MHz, 0 %, 0 %
2026/03/23 23:17:39.330, 4, 178.97 W, 26, 120 MHz, 3996 MHz, 0 %, 0 %
2026/03/23 23:17:39.330, 5, 180.58 W, 28, 120 MHz, 3996 MHz, 0 %, 0 %
2026/03/23 23:17:39.330, 6, 177.90 W, 26, 120 MHz, 3996 MHz, 0 %, 0 %
2026/03/23 23:17:39.330, 7, 176.58 W, 28, 120 MHz, 3996 MHz, 0 %, 0 %
2026/03/23 23:17:40.330, 0, 229.27 W, 29, 2032 MHz, 3996 MHz, 0 %, 0 %
2026/03/23 23:17:40.330, 1, 234.73 W, 31, 2032 MHz, 3996 MHz, 0 %, 0 %
2026/03/23 23:17:40.330, 2, 234.05 W, 29, 2032 MHz, 3996 MHz, 0 %, 0 %
2026/03/23 23:17:40.330, 3, 235.20 W, 31, 2032 MHz, 3996 MHz, 0 %, 0 %
2026/03/23 23:17:40.330, 4, 178.90 W, 26, 120 MHz, 3996 MHz, 0 %, 0 %
2026/03/23 23:17:40.330, 5, 180.58 W, 28, 120 MHz, 3996 MHz, 0 %, 0 %
2026/03/23 23:17:40.330, 6, 177.92 W, 26, 120 MHz, 3996 MHz, 0 %, 0 %
2026/03/23 23:17:40.330, 7, 176.58 W, 28, 120 MHz, 3996 MHz, 0 %, 0 %
2026/03/23 23:17:41.330, 0, 228.80 W, 28, 2032 MHz, 3996 MHz, 0 %, 0 %
2026/03/23 23:17:41.330, 1, 233.98 W, 31, 2032 MHz, 3996 MHz, 0 %, 0 %
2026/03/23 23:17:41.331, 2, 234.00 W, 28, 2032 MHz, 3996 MHz, 0 %, 0 %
2026/03/23 23:17:41.331, 3, 235.13 W, 31, 2032 MHz, 3996 MHz, 0 %, 0 %
2026/03/23 23:17:41.331, 4, 178.90 W, 26, 120 MHz, 3996 MHz, 0 %, 0 %
2026/03/23 23:17:41.331, 5, 180.58 W, 28, 120 MHz, 3996 MHz, 0 %, 0 %
2026/03/23 23:17:41.331, 6, 177.94 W, 26, 120 MHz, 3996 MHz, 0 %, 0 %
2026/03/23 23:17:41.331, 7, 176.58 W, 28, 120 MHz, 3996 MHz, 0 %, 0 %
2026/03/23 23:17:42.331, 0, 228.46 W, 28, 2032 MHz, 3996 MHz, 0 %, 0 %
2026/03/23 23:17:42.331, 1, 233.38 W, 31, 2032 MHz, 3996 MHz, 0 %, 0 %
2026/03/23 23:17:42.331, 2, 234.02 W, 28, 2032 MHz, 3996 MHz, 0 %, 0 %
2026/03/23 23:17:42.331, 3, 235.19 W, 31, 2032 MHz, 3996 MHz, 0 %, 0 %
2026/03/23 23:17:42.331, 4, 178.98 W, 26, 120 MHz, 3996 MHz, 0 %, 0 %
2026/03/23 23:17:42.331, 5, 180.58 W, 28, 120 MHz, 3996 MHz, 0 %, 0 %
2026/03/23 23:17:42.331, 6, 178.07 W, 26, 120 MHz, 3996 MHz, 0 %, 0 %
2026/03/23 23:17:42.331, 7, 176.58 W, 28, 120 MHz, 3996 MHz, 0 %, 0 %
2026/03/23 23:17:43.331, 0, 228.30 W, 28, 2032 MHz, 3996 MHz, 0 %, 0 %
2026/03/23 23:17:43.331, 1, 233.63 W, 31, 2032 MHz, 3996 MHz, 0 %, 0 %
2026/03/23 23:17:43.331, 2, 234.02 W, 28, 2032 MHz, 3996 MHz, 0 %, 0 %
2026/03/23 23:17:43.331, 3, 235.18 W, 31, 2032 MHz, 3996 MHz, 0 %, 0 %
2026/03/23 23:17:43.331, 4, 178.94 W, 26, 120 MHz, 3996 MHz, 0 %, 0 %
2026/03/23 23:17:43.331, 5, 180.58 W, 28, 120 MHz, 3996 MHz, 0 %, 0 %
2026/03/23 23:17:43.331, 6, 178.02 W, 26, 120 MHz, 3996 MHz, 0 %, 0 %
2026/03/23 23:17:43.331, 7, 176.58 W, 28, 120 MHz, 3996 MHz, 0 %, 0 %
2026/03/23 23:17:44.331, 0, 228.34 W, 28, 2032 MHz, 3996 MHz, 0 %, 0 %
2026/03/23 23:17:44.331, 1, 233.63 W, 31, 2032 MHz, 3996 MHz, 0 %, 0 %
2026/03/23 23:17:44.331, 2, 234.02 W, 28, 2032 MHz, 3996 MHz, 0 %, 0 %
2026/03/23 23:17:44.331, 3, 235.16 W, 31, 2032 MHz, 3996 MHz, 0 %, 0 %
2026/03/23 23:17:44.331, 4, 178.82 W, 26, 120 MHz, 3996 MHz, 0 %, 0 %
2026/03/23 23:17:44.331, 5, 180.58 W, 28, 120 MHz, 3996 MHz, 0 %, 0 %
2026/03/23 23:17:44.331, 6, 177.83 W, 26, 120 MHz, 3996 MHz, 0 %, 0 %
2026/03/23 23:17:44.331, 7, 176.58 W, 28, 120 MHz, 3996 MHz, 0 %, 0 %
2026/03/23 23:17:45.331, 0, 228.18 W, 28, 2032 MHz, 3996 MHz, 0 %, 0 %
2026/03/23 23:17:45.331, 1, 233.38 W, 31, 2032 MHz, 3996 MHz, 0 %, 0 %
2026/03/23 23:17:45.331, 2, 234.02 W, 28, 2032 MHz, 3996 MHz, 0 %, 0 %
2026/03/23 23:17:45.331, 3, 235.20 W, 31, 2032 MHz, 3996 MHz, 0 %, 0 %
2026/03/23 23:17:45.331, 4, 178.79 W, 26, 120 MHz, 3996 MHz, 0 %, 0 %
2026/03/23 23:17:45.331, 5, 180.58 W, 28, 120 MHz, 3996 MHz, 0 %, 0 %
2026/03/23 23:17:45.331, 6, 178.18 W, 26, 120 MHz, 3996 MHz, 0 %, 0 %
2026/03/23 23:17:45.331, 7, 176.58 W, 28, 120 MHz, 3996 MHz, 0 %, 0 %
2026/03/23 23:17:46.331, 0, 228.30 W, 28, 2032 MHz, 3996 MHz, 0 %, 0 %
2026/03/23 23:17:46.331, 1, 233.41 W, 31, 2032 MHz, 3996 MHz, 0 %, 0 %
2026/03/23 23:17:46.331, 2, 234.02 W, 28, 2032 MHz, 3996 MHz, 0 %, 0 %
2026/03/23 23:17:46.331, 3, 235.16 W, 31, 2032 MHz, 3996 MHz, 0 %, 0 %
2026/03/23 23:17:46.331, 4, 178.94 W, 26, 120 MHz, 3996 MHz, 0 %, 0 %
2026/03/23 23:17:46.331, 5, 180.58 W, 28, 120 MHz, 3996 MHz, 0 %, 0 %
2026/03/23 23:17:46.331, 6, 178.11 W, 27, 120 MHz, 3996 MHz, 0 %, 0 %
2026/03/23 23:17:46.331, 7, 176.59 W, 28, 120 MHz, 3996 MHz, 0 %, 0 %
2026/03/23 23:17:47.332, 0, 228.11 W, 28, 2032 MHz, 3996 MHz, 0 %, 0 %
2026/03/23 23:17:47.332, 1, 233.48 W, 31, 2032 MHz, 3996 MHz, 0 %, 0 %
2026/03/23 23:17:47.332, 2, 234.02 W, 28, 2032 MHz, 3996 MHz, 0 %, 0 %
2026/03/23 23:17:47.332, 3, 235.13 W, 31, 2032 MHz, 3996 MHz, 0 %, 0 %
2026/03/23 23:17:47.332, 4, 179.11 W, 26, 120 MHz, 3996 MHz, 0 %, 0 %
2026/03/23 23:17:47.332, 5, 180.58 W, 28, 120 MHz, 3996 MHz, 0 %, 0 %
2026/03/23 23:17:47.332, 6, 177.83 W, 27, 120 MHz, 3996 MHz, 0 %, 0 %
2026/03/23 23:17:47.332, 7, 176.58 W, 28, 120 MHz, 3996 MHz, 0 %, 0 %
2026/03/23 23:17:48.332, 0, 228.15 W, 28, 2032 MHz, 3996 MHz, 0 %, 0 %
2026/03/23 23:17:48.332, 1, 233.21 W, 31, 2032 MHz, 3996 MHz, 0 %, 0 %
2026/03/23 23:17:48.332, 2, 234.02 W, 28, 2032 MHz, 3996 MHz, 0 %, 0 %
2026/03/23 23:17:48.332, 3, 235.11 W, 31, 2032 MHz, 3996 MHz, 0 %, 0 %
2026/03/23 23:17:48.332, 4, 178.98 W, 26, 120 MHz, 3996 MHz, 0 %, 0 %
2026/03/23 23:17:48.332, 5, 180.58 W, 28, 120 MHz, 3996 MHz, 0 %, 0 %
2026/03/23 23:17:48.332, 6, 178.15 W, 27, 120 MHz, 3996 MHz, 0 %, 0 %
2026/03/23 23:17:48.332, 7, 176.58 W, 28, 120 MHz, 3996 MHz, 0 %, 0 %
2026/03/23 23:17:49.332, 0, 228.15 W, 28, 2032 MHz, 3996 MHz, 0 %, 0 %
2026/03/23 23:17:49.332, 1, 233.25 W, 31, 2032 MHz, 3996 MHz, 0 %, 0 %
2026/03/23 23:17:49.332, 2, 234.02 W, 28, 2032 MHz, 3996 MHz, 0 %, 0 %
2026/03/23 23:17:49.332, 3, 235.08 W, 31, 2032 MHz, 3996 MHz, 0 %, 0 %
2026/03/23 23:17:49.332, 4, 178.91 W, 26, 120 MHz, 3996 MHz, 0 %, 0 %
2026/03/23 23:17:49.332, 5, 180.58 W, 28, 120 MHz, 3996 MHz, 0 %, 0 %
2026/03/23 23:17:49.332, 6, 177.98 W, 27, 120 MHz, 3996 MHz, 0 %, 0 %
2026/03/23 23:17:49.332, 7, 176.58 W, 28, 120 MHz, 3996 MHz, 0 %, 0 %
2026/03/23 23:17:50.332, 0, 228.15 W, 28, 2032 MHz, 3996 MHz, 0 %, 0 %
2026/03/23 23:17:50.332, 1, 233.26 W, 31, 2032 MHz, 3996 MHz, 0 %, 0 %
2026/03/23 23:17:50.332, 2, 234.02 W, 28, 2032 MHz, 3996 MHz, 0 %, 0 %
2026/03/23 23:17:50.332, 3, 235.09 W, 31, 2032 MHz, 3996 MHz, 0 %, 0 %
2026/03/23 23:17:50.332, 4, 178.72 W, 26, 120 MHz, 3996 MHz, 0 %, 0 %
2026/03/23 23:17:50.332, 5, 180.58 W, 28, 120 MHz, 3996 MHz, 0 %, 0 %
2026/03/23 23:17:50.332, 6, 177.84 W, 27, 120 MHz, 3996 MHz, 0 %, 0 %
2026/03/23 23:17:50.332, 7, 176.58 W, 28, 120 MHz, 3996 MHz, 0 %, 0 %
2026/03/23 23:17:51.332, 0, 228.26 W, 28, 2032 MHz, 3996 MHz, 0 %, 0 %
2026/03/23 23:17:51.332, 1, 233.18 W, 31, 2032 MHz, 3996 MHz, 0 %, 0 %
2026/03/23 23:17:51.332, 2, 234.02 W, 28, 2032 MHz, 3996 MHz, 0 %, 0 %
2026/03/23 23:17:51.332, 3, 235.16 W, 31, 2032 MHz, 3996 MHz, 0 %, 0 %
2026/03/23 23:17:51.332, 4, 178.94 W, 26, 120 MHz, 3996 MHz, 0 %, 0 %
2026/03/23 23:17:51.332, 5, 180.58 W, 28, 120 MHz, 3996 MHz, 0 %, 0 %
2026/03/23 23:17:51.332, 6, 178.10 W, 27, 120 MHz, 3996 MHz, 0 %, 0 %
2026/03/23 23:17:51.332, 7, 176.58 W, 28, 120 MHz, 3996 MHz, 0 %, 0 %
2026/03/23 23:17:52.332, 0, 228.22 W, 28, 2032 MHz, 3996 MHz, 0 %, 0 %
2026/03/23 23:17:52.332, 1, 233.30 W, 31, 2032 MHz, 3996 MHz, 0 %, 0 %
2026/03/23 23:17:52.332, 2, 234.02 W, 28, 2032 MHz, 3996 MHz, 0 %, 0 %
2026/03/23 23:17:52.332, 3, 235.13 W, 31, 2032 MHz, 3996 MHz, 0 %, 0 %
2026/03/23 23:17:52.332, 4, 178.98 W, 26, 120 MHz, 3996 MHz, 0 %, 0 %
2026/03/23 23:17:52.332, 5, 180.58 W, 28, 120 MHz, 3996 MHz, 0 %, 0 %
2026/03/23 23:17:52.332, 6, 178.22 W, 27, 120 MHz, 3996 MHz, 0 %, 0 %
2026/03/23 23:17:52.332, 7, 176.58 W, 28, 120 MHz, 3996 MHz, 0 %, 0 %
2026/03/23 23:17:53.332, 0, 228.15 W, 28, 2032 MHz, 3996 MHz, 0 %, 0 %
2026/03/23 23:17:53.332, 1, 233.28 W, 31, 2032 MHz, 3996 MHz, 0 %, 0 %
2026/03/23 23:17:53.332, 2, 234.02 W, 28, 2032 MHz, 3996 MHz, 0 %, 0 %
2026/03/23 23:17:53.332, 3, 235.18 W, 31, 2032 MHz, 3996 MHz, 0 %, 0 %
2026/03/23 23:17:53.332, 4, 178.82 W, 26, 120 MHz, 3996 MHz, 0 %, 0 %
2026/03/23 23:17:53.333, 5, 180.58 W, 28, 120 MHz, 3996 MHz, 0 %, 0 %
2026/03/23 23:17:53.333, 6, 178.03 W, 27, 120 MHz, 3996 MHz, 0 %, 0 %
2026/03/23 23:17:53.333, 7, 176.58 W, 28, 120 MHz, 3996 MHz, 0 %, 0 %
2026/03/23 23:17:54.333, 0, 228.11 W, 28, 2032 MHz, 3996 MHz, 0 %, 0 %
2026/03/23 23:17:54.333, 1, 233.17 W, 31, 2032 MHz, 3996 MHz, 0 %, 0 %
2026/03/23 23:17:54.333, 2, 234.02 W, 28, 2032 MHz, 3996 MHz, 0 %, 0 %
2026/03/23 23:17:54.333, 3, 234.99 W, 31, 2032 MHz, 3996 MHz, 0 %, 0 %
2026/03/23 23:17:54.333, 4, 179.08 W, 26, 120 MHz, 3996 MHz, 0 %, 0 %
2026/03/23 23:17:54.333, 5, 180.58 W, 28, 120 MHz, 3996 MHz, 0 %, 0 %
2026/03/23 23:17:54.333, 6, 177.91 W, 27, 120 MHz, 3996 MHz, 0 %, 0 %
2026/03/23 23:17:54.333, 7, 176.58 W, 28, 120 MHz, 3996 MHz, 0 %, 0 %
2026/03/23 23:17:55.333, 0, 228.30 W, 28, 2032 MHz, 3996 MHz, 0 %, 0 %
2026/03/23 23:17:55.333, 1, 233.19 W, 31, 2032 MHz, 3996 MHz, 0 %, 0 %
2026/03/23 23:17:55.333, 2, 234.02 W, 28, 2032 MHz, 3996 MHz, 0 %, 0 %
2026/03/23 23:17:55.333, 3, 235.05 W, 31, 2032 MHz, 3996 MHz, 0 %, 0 %
2026/03/23 23:17:55.333, 4, 179.09 W, 26, 120 MHz, 3996 MHz, 0 %, 0 %
2026/03/23 23:17:55.333, 5, 180.58 W, 28, 120 MHz, 3996 MHz, 0 %, 0 %
2026/03/23 23:17:55.333, 6, 177.98 W, 27, 120 MHz, 3996 MHz, 0 %, 0 %
2026/03/23 23:17:55.333, 7, 176.58 W, 28, 120 MHz, 3996 MHz, 0 %, 0 %
2026/03/23 23:17:56.333, 0, 228.19 W, 28, 2032 MHz, 3996 MHz, 0 %, 0 %
2026/03/23 23:17:56.333, 1, 233.19 W, 31, 2032 MHz, 3996 MHz, 0 %, 0 %
2026/03/23 23:17:56.333, 2, 234.02 W, 28, 2032 MHz, 3996 MHz, 0 %, 0 %
2026/03/23 23:17:56.333, 3, 235.07 W, 31, 2032 MHz, 3996 MHz, 0 %, 0 %
2026/03/23 23:17:56.333, 4, 178.96 W, 26, 120 MHz, 3996 MHz, 0 %, 0 %
2026/03/23 23:17:56.333, 5, 180.58 W, 28, 120 MHz, 3996 MHz, 0 %, 0 %
2026/03/23 23:17:56.333, 6, 178.03 W, 27, 120 MHz, 3996 MHz, 0 %, 0 %
2026/03/23 23:17:56.333, 7, 176.58 W, 28, 120 MHz, 3996 MHz, 0 %, 0 %
2026/03/23 23:17:57.333, 0, 228.11 W, 28, 2032 MHz, 3996 MHz, 0 %, 0 %
2026/03/23 23:17:57.333, 1, 233.20 W, 31, 2032 MHz, 3996 MHz, 0 %, 0 %
2026/03/23 23:17:57.333, 2, 234.02 W, 28, 2032 MHz, 3996 MHz, 0 %, 0 %
2026/03/23 23:17:57.333, 3, 235.00 W, 31, 2032 MHz, 3996 MHz, 0 %, 0 %
2026/03/23 23:17:57.333, 4, 178.85 W, 26, 120 MHz, 3996 MHz, 0 %, 0 %
2026/03/23 23:17:57.333, 5, 180.58 W, 28, 120 MHz, 3996 MHz, 0 %, 0 %
2026/03/23 23:17:57.333, 6, 178.11 W, 27, 120 MHz, 3996 MHz, 0 %, 0 %
2026/03/23 23:17:57.333, 7, 176.58 W, 28, 120 MHz, 3996 MHz, 0 %, 0 %
2026/03/23 23:17:58.333, 0, 228.07 W, 28, 2032 MHz, 3996 MHz, 0 %, 0 %
2026/03/23 23:17:58.333, 1, 233.18 W, 31, 2032 MHz, 3996 MHz, 0 %, 0 %
2026/03/23 23:17:58.333, 2, 234.02 W, 28, 2032 MHz, 3996 MHz, 0 %, 0 %
2026/03/23 23:17:58.333, 3, 235.08 W, 31, 2032 MHz, 3996 MHz, 0 %, 0 %
2026/03/23 23:17:58.333, 4, 178.95 W, 26, 120 MHz, 3996 MHz, 0 %, 0 %
2026/03/23 23:17:58.333, 5, 180.58 W, 28, 120 MHz, 3996 MHz, 0 %, 0 %
2026/03/23 23:17:58.333, 6, 177.87 W, 27, 120 MHz, 3996 MHz, 0 %, 0 %
2026/03/23 23:17:58.333, 7, 176.58 W, 28, 120 MHz, 3996 MHz, 0 %, 0 %
2026/03/23 23:17:59.333, 0, 232.25 W, 28, 2032 MHz, 3996 MHz, 0 %, 0 %
2026/03/23 23:17:59.333, 1, 237.26 W, 31, 2032 MHz, 3996 MHz, 10 %, 9 %
2026/03/23 23:17:59.333, 2, 237.62 W, 28, 2032 MHz, 3996 MHz, 0 %, 0 %
2026/03/23 23:17:59.333, 3, 239.09 W, 31, 2032 MHz, 3996 MHz, 10 %, 9 %
2026/03/23 23:17:59.333, 4, 178.85 W, 26, 120 MHz, 3996 MHz, 0 %, 0 %
2026/03/23 23:17:59.333, 5, 180.58 W, 28, 120 MHz, 3996 MHz, 0 %, 0 %
2026/03/23 23:17:59.334, 6, 178.22 W, 27, 120 MHz, 3996 MHz, 0 %, 0 %
2026/03/23 23:17:59.334, 7, 176.58 W, 28, 120 MHz, 3996 MHz, 0 %, 0 %
2026/03/23 23:18:00.334, 0, 228.57 W, 28, 2032 MHz, 3996 MHz, 0 %, 0 %
2026/03/23 23:18:00.334, 1, 233.18 W, 30, 2032 MHz, 3996 MHz, 0 %, 0 %
2026/03/23 23:18:00.334, 2, 234.02 W, 28, 2032 MHz, 3996 MHz, 0 %, 0 %
2026/03/23 23:18:00.334, 3, 235.00 W, 31, 2032 MHz, 3996 MHz, 0 %, 0 %
2026/03/23 23:18:00.334, 4, 178.85 W, 26, 120 MHz, 3996 MHz, 0 %, 0 %
2026/03/23 23:18:00.334, 5, 180.58 W, 28, 120 MHz, 3996 MHz, 0 %, 0 %
2026/03/23 23:18:00.334, 6, 177.94 W, 27, 120 MHz, 3996 MHz, 0 %, 0 %
2026/03/23 23:18:00.334, 7, 176.58 W, 28, 120 MHz, 3996 MHz, 0 %, 0 %
2026/03/23 23:18:01.334, 0, 228.57 W, 28, 2032 MHz, 3996 MHz, 0 %, 0 %
2026/03/23 23:18:01.334, 1, 233.18 W, 30, 2032 MHz, 3996 MHz, 0 %, 0 %
2026/03/23 23:18:01.334, 2, 234.02 W, 28, 2032 MHz, 3996 MHz, 0 %, 0 %
2026/03/23 23:18:01.334, 3, 235.18 W, 31, 2032 MHz, 3996 MHz, 0 %, 0 %
2026/03/23 23:18:01.334, 4, 179.01 W, 26, 120 MHz, 3996 MHz, 0 %, 0 %
2026/03/23 23:18:01.334, 5, 180.58 W, 28, 120 MHz, 3996 MHz, 0 %, 0 %
2026/03/23 23:18:01.334, 6, 178.03 W, 27, 120 MHz, 3996 MHz, 0 %, 0 %
2026/03/23 23:18:01.334, 7, 176.58 W, 28, 120 MHz, 3996 MHz, 0 %, 0 %
2026/03/23 23:18:02.334, 0, 228.38 W, 28, 2032 MHz, 3996 MHz, 0 %, 0 %
2026/03/23 23:18:02.334, 1, 233.25 W, 30, 2032 MHz, 3996 MHz, 0 %, 0 %
2026/03/23 23:18:02.334, 2, 234.02 W, 28, 2032 MHz, 3996 MHz, 0 %, 0 %
2026/03/23 23:18:02.334, 3, 234.93 W, 31, 2032 MHz, 3996 MHz, 0 %, 0 %
2026/03/23 23:18:02.334, 4, 178.87 W, 26, 120 MHz, 3996 MHz, 0 %, 0 %
2026/03/23 23:18:02.334, 5, 180.58 W, 28, 120 MHz, 3996 MHz, 0 %, 0 %
2026/03/23 23:18:02.334, 6, 178.14 W, 27, 120 MHz, 3996 MHz, 0 %, 0 %
2026/03/23 23:18:02.334, 7, 176.58 W, 28, 120 MHz, 3996 MHz, 0 %, 0 %
2026/03/23 23:18:03.334, 0, 228.60 W, 28, 2032 MHz, 3996 MHz, 0 %, 0 %
2026/03/23 23:18:03.334, 1, 233.22 W, 30, 2032 MHz, 3996 MHz, 0 %, 0 %
2026/03/23 23:18:03.334, 2, 234.01 W, 28, 2032 MHz, 3996 MHz, 0 %, 0 %
2026/03/23 23:18:03.334, 3, 235.14 W, 31, 2032 MHz, 3996 MHz, 0 %, 0 %
2026/03/23 23:18:03.334, 4, 179.05 W, 26, 120 MHz, 3996 MHz, 0 %, 0 %
2026/03/23 23:18:03.334, 5, 180.58 W, 28, 120 MHz, 3996 MHz, 0 %, 0 %
2026/03/23 23:18:03.334, 6, 178.26 W, 27, 120 MHz, 3996 MHz, 0 %, 0 %
2026/03/23 23:18:03.334, 7, 176.58 W, 28, 120 MHz, 3996 MHz, 0 %, 0 %
2026/03/23 23:18:04.334, 0, 228.38 W, 28, 2032 MHz, 3996 MHz, 0 %, 0 %
2026/03/23 23:18:04.334, 1, 233.19 W, 30, 2032 MHz, 3996 MHz, 0 %, 0 %
2026/03/23 23:18:04.334, 2, 234.01 W, 28, 2032 MHz, 3996 MHz, 0 %, 0 %
2026/03/23 23:18:04.334, 3, 235.14 W, 31, 2032 MHz, 3996 MHz, 0 %, 0 %
2026/03/23 23:18:04.334, 4, 178.99 W, 26, 120 MHz, 3996 MHz, 0 %, 0 %
2026/03/23 23:18:04.334, 5, 180.58 W, 28, 120 MHz, 3996 MHz, 0 %, 0 %
2026/03/23 23:18:04.334, 6, 178.11 W, 27, 120 MHz, 3996 MHz, 0 %, 0 %
2026/03/23 23:18:04.334, 7, 176.58 W, 28, 120 MHz, 3996 MHz, 0 %, 0 %
2026/03/23 23:18:05.334, 0, 229.24 W, 28, 2032 MHz, 3996 MHz, 0 %, 0 %
2026/03/23 23:18:05.334, 1, 234.60 W, 30, 2032 MHz, 3996 MHz, 0 %, 0 %
2026/03/23 23:18:05.334, 2, 234.57 W, 28, 2032 MHz, 3996 MHz, 0 %, 0 %
2026/03/23 23:18:05.334, 3, 235.61 W, 31, 2032 MHz, 3996 MHz, 0 %, 0 %
2026/03/23 23:18:05.334, 4, 178.94 W, 26, 120 MHz, 3996 MHz, 0 %, 0 %
2026/03/23 23:18:05.334, 5, 180.58 W, 28, 120 MHz, 3996 MHz, 0 %, 0 %
2026/03/23 23:18:05.335, 6, 178.21 W, 27, 120 MHz, 3996 MHz, 0 %, 0 %
2026/03/23 23:18:05.335, 7, 176.58 W, 28, 120 MHz, 3996 MHz, 0 %, 0 %
2026/03/23 23:18:06.335, 0, 229.55 W, 28, 2032 MHz, 3996 MHz, 0 %, 0 %
2026/03/23 23:18:06.335, 1, 234.96 W, 30, 2032 MHz, 3996 MHz, 0 %, 0 %
2026/03/23 23:18:06.335, 2, 234.18 W, 28, 2032 MHz, 3996 MHz, 0 %, 0 %
2026/03/23 23:18:06.335, 3, 235.13 W, 31, 2032 MHz, 3996 MHz, 0 %, 0 %
2026/03/23 23:18:06.335, 4, 178.82 W, 26, 120 MHz, 3996 MHz, 0 %, 0 %
2026/03/23 23:18:06.335, 5, 180.58 W, 28, 120 MHz, 3996 MHz, 0 %, 0 %
2026/03/23 23:18:06.335, 6, 178.22 W, 27, 120 MHz, 3996 MHz, 0 %, 0 %
2026/03/23 23:18:06.335, 7, 176.58 W, 28, 120 MHz, 3996 MHz, 0 %, 0 %
2026/03/23 23:18:07.335, 0, 229.47 W, 28, 2032 MHz, 3996 MHz, 0 %, 0 %
2026/03/23 23:18:07.335, 1, 234.43 W, 30, 2032 MHz, 3996 MHz, 0 %, 0 %
2026/03/23 23:18:07.335, 2, 234.13 W, 28, 2032 MHz, 3996 MHz, 0 %, 0 %
2026/03/23 23:18:07.335, 3, 235.15 W, 31, 2032 MHz, 3996 MHz, 0 %, 0 %
2026/03/23 23:18:07.335, 4, 178.98 W, 26, 120 MHz, 3996 MHz, 0 %, 0 %
2026/03/23 23:18:07.335, 5, 180.58 W, 28, 120 MHz, 3996 MHz, 0 %, 0 %
2026/03/23 23:18:07.335, 6, 178.14 W, 27, 120 MHz, 3996 MHz, 0 %, 0 %
2026/03/23 23:18:07.335, 7, 176.58 W, 28, 120 MHz, 3996 MHz, 0 %, 0 %
2026/03/23 23:18:08.335, 0, 229.19 W, 28, 2032 MHz, 3996 MHz, 0 %, 0 %
2026/03/23 23:18:08.335, 1, 234.47 W, 30, 2032 MHz, 3996 MHz, 0 %, 0 %
2026/03/23 23:18:08.335, 2, 234.05 W, 28, 2032 MHz, 3996 MHz, 0 %, 0 %
2026/03/23 23:18:08.335, 3, 235.21 W, 31, 2032 MHz, 3996 MHz, 0 %, 0 %
2026/03/23 23:18:08.335, 4, 178.89 W, 26, 120 MHz, 3996 MHz, 0 %, 0 %
2026/03/23 23:18:08.335, 5, 180.58 W, 28, 120 MHz, 3996 MHz, 0 %, 0 %
2026/03/23 23:18:08.335, 6, 178.03 W, 27, 120 MHz, 3996 MHz, 0 %, 0 %
2026/03/23 23:18:08.335, 7, 176.58 W, 28, 120 MHz, 3996 MHz, 0 %, 0 %
2026/03/23 23:18:09.335, 0, 229.11 W, 28, 2032 MHz, 3996 MHz, 0 %, 0 %
2026/03/23 23:18:09.335, 1, 233.86 W, 30, 2032 MHz, 3996 MHz, 0 %, 0 %
2026/03/23 23:18:09.335, 2, 234.02 W, 28, 2032 MHz, 3996 MHz, 0 %, 0 %
2026/03/23 23:18:09.335, 3, 235.18 W, 31, 2032 MHz, 3996 MHz, 0 %, 0 %
2026/03/23 23:18:09.335, 4, 178.98 W, 26, 120 MHz, 3996 MHz, 0 %, 0 %
2026/03/23 23:18:09.335, 5, 180.58 W, 28, 120 MHz, 3996 MHz, 0 %, 0 %
2026/03/23 23:18:09.335, 6, 178.26 W, 27, 120 MHz, 3996 MHz, 0 %, 0 %
2026/03/23 23:18:09.335, 7, 176.58 W, 28, 120 MHz, 3996 MHz, 0 %, 0 %
2026/03/23 23:18:10.335, 0, 229.54 W, 28, 2032 MHz, 3996 MHz, 0 %, 0 %
2026/03/23 23:18:10.335, 1, 234.86 W, 30, 2032 MHz, 3996 MHz, 0 %, 0 %
2026/03/23 23:18:10.335, 2, 234.02 W, 28, 2032 MHz, 3996 MHz, 0 %, 0 %
2026/03/23 23:18:10.335, 3, 235.18 W, 31, 2032 MHz, 3996 MHz, 0 %, 0 %
2026/03/23 23:18:10.335, 4, 178.94 W, 26, 120 MHz, 3996 MHz, 0 %, 0 %
2026/03/23 23:18:10.335, 5, 180.58 W, 28, 120 MHz, 3996 MHz, 0 %, 0 %
2026/03/23 23:18:10.335, 6, 178.10 W, 27, 120 MHz, 3996 MHz, 0 %, 0 %
2026/03/23 23:18:10.335, 7, 176.58 W, 28, 120 MHz, 3996 MHz, 0 %, 0 %
2026/03/23 23:18:11.335, 0, 229.65 W, 28, 2032 MHz, 3996 MHz, 0 %, 0 %
2026/03/23 23:18:11.335, 1, 234.33 W, 30, 2032 MHz, 3996 MHz, 0 %, 0 %
2026/03/23 23:18:11.335, 2, 234.02 W, 28, 2032 MHz, 3996 MHz, 0 %, 0 %
2026/03/23 23:18:11.335, 3, 235.13 W, 31, 2032 MHz, 3996 MHz, 0 %, 0 %
2026/03/23 23:18:11.335, 4, 178.85 W, 26, 120 MHz, 3996 MHz, 0 %, 0 %
2026/03/23 23:18:11.336, 5, 180.58 W, 28, 120 MHz, 3996 MHz, 0 %, 0 %
2026/03/23 23:18:11.336, 6, 178.07 W, 27, 120 MHz, 3996 MHz, 0 %, 0 %
2026/03/23 23:18:11.336, 7, 176.58 W, 28, 120 MHz, 3996 MHz, 0 %, 0 %
2026/03/23 23:18:12.336, 0, 228.60 W, 28, 2032 MHz, 3996 MHz, 0 %, 0 %
2026/03/23 23:18:12.336, 1, 233.41 W, 30, 2032 MHz, 3996 MHz, 0 %, 0 %
2026/03/23 23:18:12.336, 2, 234.02 W, 28, 2032 MHz, 3996 MHz, 0 %, 0 %
2026/03/23 23:18:12.336, 3, 235.09 W, 31, 2032 MHz, 3996 MHz, 0 %, 0 %
2026/03/23 23:18:12.336, 4, 178.77 W, 26, 120 MHz, 3996 MHz, 0 %, 0 %
2026/03/23 23:18:12.336, 5, 180.58 W, 28, 120 MHz, 3996 MHz, 0 %, 0 %
2026/03/23 23:18:12.336, 6, 178.26 W, 27, 120 MHz, 3996 MHz, 0 %, 0 %
2026/03/23 23:18:12.336, 7, 176.58 W, 28, 120 MHz, 3996 MHz, 0 %, 0 %
2026/03/23 23:18:13.336, 0, 228.45 W, 28, 2032 MHz, 3996 MHz, 0 %, 0 %
2026/03/23 23:18:13.336, 1, 233.22 W, 30, 2032 MHz, 3996 MHz, 0 %, 0 %
2026/03/23 23:18:13.336, 2, 234.01 W, 28, 2032 MHz, 3996 MHz, 0 %, 0 %
2026/03/23 23:18:13.336, 3, 235.13 W, 31, 2032 MHz, 3996 MHz, 0 %, 0 %
2026/03/23 23:18:13.336, 4, 179.05 W, 26, 120 MHz, 3996 MHz, 0 %, 0 %
2026/03/23 23:18:13.336, 5, 180.58 W, 28, 120 MHz, 3996 MHz, 0 %, 0 %
2026/03/23 23:18:13.336, 6, 178.18 W, 27, 120 MHz, 3996 MHz, 0 %, 0 %
2026/03/23 23:18:13.336, 7, 176.58 W, 28, 120 MHz, 3996 MHz, 0 %, 0 %
2026/03/23 23:18:14.336, 0, 228.50 W, 28, 2032 MHz, 3996 MHz, 0 %, 0 %
2026/03/23 23:18:14.336, 1, 233.29 W, 30, 2032 MHz, 3996 MHz, 0 %, 0 %
2026/03/23 23:18:14.336, 2, 234.02 W, 28, 2032 MHz, 3996 MHz, 0 %, 0 %
2026/03/23 23:18:14.336, 3, 235.04 W, 31, 2032 MHz, 3996 MHz, 0 %, 0 %
2026/03/23 23:18:14.336, 4, 179.05 W, 26, 120 MHz, 3996 MHz, 0 %, 0 %
2026/03/23 23:18:14.336, 5, 180.58 W, 28, 120 MHz, 3996 MHz, 0 %, 0 %
2026/03/23 23:18:14.336, 6, 178.18 W, 27, 120 MHz, 3996 MHz, 0 %, 0 %
2026/03/23 23:18:14.336, 7, 176.58 W, 28, 120 MHz, 3996 MHz, 0 %, 0 %
2026/03/23 23:18:15.336, 0, 228.18 W, 28, 2032 MHz, 3996 MHz, 0 %, 0 %
2026/03/23 23:18:15.336, 1, 233.20 W, 30, 2032 MHz, 3996 MHz, 0 %, 0 %
2026/03/23 23:18:15.336, 2, 234.02 W, 28, 2032 MHz, 3996 MHz, 0 %, 0 %
2026/03/23 23:18:15.336, 3, 235.24 W, 31, 2032 MHz, 3996 MHz, 0 %, 0 %
2026/03/23 23:18:15.336, 4, 178.92 W, 26, 120 MHz, 3996 MHz, 0 %, 0 %
2026/03/23 23:18:15.336, 5, 180.58 W, 28, 120 MHz, 3996 MHz, 0 %, 0 %
2026/03/23 23:18:15.336, 6, 178.29 W, 27, 120 MHz, 3996 MHz, 0 %, 0 %
2026/03/23 23:18:15.336, 7, 176.58 W, 28, 120 MHz, 3996 MHz, 0 %, 0 %
2026/03/23 23:18:16.336, 0, 259.87 W, 28, 2032 MHz, 3996 MHz, 0 %, 0 %
2026/03/23 23:18:16.336, 1, 265.81 W, 30, 2032 MHz, 3996 MHz, 0 %, 0 %
2026/03/23 23:18:16.336, 2, 264.74 W, 28, 2032 MHz, 3996 MHz, 0 %, 0 %
2026/03/23 23:18:16.336, 3, 268.54 W, 31, 2032 MHz, 3996 MHz, 0 %, 0 %
2026/03/23 23:18:16.336, 4, 178.90 W, 26, 120 MHz, 3996 MHz, 0 %, 0 %
2026/03/23 23:18:16.336, 5, 180.58 W, 28, 120 MHz, 3996 MHz, 0 %, 0 %
2026/03/23 23:18:16.336, 6, 177.98 W, 27, 120 MHz, 3996 MHz, 0 %, 0 %
2026/03/23 23:18:16.336, 7, 176.58 W, 28, 120 MHz, 3996 MHz, 0 %, 0 %
2026/03/23 23:18:17.336, 0, 229.74 W, 28, 2032 MHz, 3996 MHz, 0 %, 0 %
2026/03/23 23:18:17.336, 1, 234.66 W, 30, 2032 MHz, 3996 MHz, 0 %, 0 %
2026/03/23 23:18:17.336, 2, 234.14 W, 28, 2032 MHz, 3996 MHz, 0 %, 0 %
2026/03/23 23:18:17.336, 3, 235.14 W, 31, 2032 MHz, 3996 MHz, 0 %, 0 %
2026/03/23 23:18:17.336, 4, 179.08 W, 26, 120 MHz, 3996 MHz, 0 %, 0 %
2026/03/23 23:18:17.336, 5, 180.58 W, 28, 120 MHz, 3996 MHz, 0 %, 0 %
2026/03/23 23:18:17.336, 6, 178.22 W, 27, 120 MHz, 3996 MHz, 0 %, 0 %
2026/03/23 23:18:17.336, 7, 176.58 W, 28, 120 MHz, 3996 MHz, 0 %, 0 %
2026/03/23 23:18:18.337, 0, 229.23 W, 28, 2032 MHz, 3996 MHz, 0 %, 0 %
2026/03/23 23:18:18.337, 1, 233.99 W, 30, 2032 MHz, 3996 MHz, 0 %, 0 %
2026/03/23 23:18:18.337, 2, 234.02 W, 28, 2032 MHz, 3996 MHz, 0 %, 0 %
2026/03/23 23:18:18.337, 3, 235.16 W, 31, 2032 MHz, 3996 MHz, 0 %, 0 %
2026/03/23 23:18:18.337, 4, 178.98 W, 26, 120 MHz, 3996 MHz, 0 %, 0 %
2026/03/23 23:18:18.337, 5, 180.58 W, 28, 120 MHz, 3996 MHz, 0 %, 0 %
2026/03/23 23:18:18.337, 6, 178.10 W, 27, 120 MHz, 3996 MHz, 0 %, 0 %
2026/03/23 23:18:18.337, 7, 176.58 W, 28, 120 MHz, 3996 MHz, 0 %, 0 %
2026/03/23 23:18:19.337, 0, 229.15 W, 28, 2032 MHz, 3996 MHz, 0 %, 0 %
2026/03/23 23:18:19.337, 1, 233.72 W, 30, 2032 MHz, 3996 MHz, 0 %, 0 %
2026/03/23 23:18:19.337, 2, 234.02 W, 28, 2032 MHz, 3996 MHz, 0 %, 0 %
2026/03/23 23:18:19.337, 3, 235.15 W, 31, 2032 MHz, 3996 MHz, 0 %, 0 %
2026/03/23 23:18:19.337, 4, 178.98 W, 26, 120 MHz, 3996 MHz, 0 %, 0 %
2026/03/23 23:18:19.337, 5, 180.58 W, 28, 120 MHz, 3996 MHz, 0 %, 0 %
2026/03/23 23:18:19.337, 6, 178.15 W, 27, 120 MHz, 3996 MHz, 0 %, 0 %
2026/03/23 23:18:19.337, 7, 176.58 W, 28, 120 MHz, 3996 MHz, 0 %, 0 %
2026/03/23 23:18:20.337, 0, 228.71 W, 28, 2032 MHz, 3996 MHz, 0 %, 0 %
2026/03/23 23:18:20.337, 1, 233.61 W, 30, 2032 MHz, 3996 MHz, 0 %, 0 %
2026/03/23 23:18:20.337, 2, 234.02 W, 28, 2032 MHz, 3996 MHz, 0 %, 0 %
2026/03/23 23:18:20.337, 3, 235.16 W, 31, 2032 MHz, 3996 MHz, 0 %, 0 %
2026/03/23 23:18:20.337, 4, 179.18 W, 26, 120 MHz, 3996 MHz, 0 %, 0 %
2026/03/23 23:18:20.337, 5, 180.58 W, 28, 120 MHz, 3996 MHz, 0 %, 0 %
2026/03/23 23:18:20.337, 6, 178.21 W, 27, 120 MHz, 3996 MHz, 0 %, 0 %
2026/03/23 23:18:20.337, 7, 176.58 W, 28, 120 MHz, 3996 MHz, 0 %, 0 %
2026/03/23 23:18:21.337, 0, 228.92 W, 28, 2032 MHz, 3996 MHz, 0 %, 0 %
2026/03/23 23:18:21.337, 1, 233.54 W, 30, 2032 MHz, 3996 MHz, 0 %, 0 %
2026/03/23 23:18:21.337, 2, 234.25 W, 28, 2032 MHz, 3996 MHz, 0 %, 0 %
2026/03/23 23:18:21.337, 3, 235.20 W, 31, 2032 MHz, 3996 MHz, 0 %, 0 %
2026/03/23 23:18:21.337, 4, 179.13 W, 26, 120 MHz, 3996 MHz, 0 %, 0 %
2026/03/23 23:18:21.337, 5, 180.58 W, 28, 120 MHz, 3996 MHz, 0 %, 0 %
2026/03/23 23:18:21.337, 6, 178.11 W, 27, 120 MHz, 3996 MHz, 0 %, 0 %
2026/03/23 23:18:21.337, 7, 176.58 W, 28, 120 MHz, 3996 MHz, 0 %, 0 %
2026/03/23 23:18:22.337, 0, 228.34 W, 28, 2032 MHz, 3996 MHz, 0 %, 0 %
2026/03/23 23:18:22.337, 1, 233.17 W, 30, 2032 MHz, 3996 MHz, 0 %, 0 %
2026/03/23 23:18:22.337, 2, 234.02 W, 28, 2032 MHz, 3996 MHz, 0 %, 0 %
2026/03/23 23:18:22.337, 3, 235.04 W, 31, 2032 MHz, 3996 MHz, 0 %, 0 %
2026/03/23 23:18:22.337, 4, 179.05 W, 26, 120 MHz, 3996 MHz, 0 %, 0 %
2026/03/23 23:18:22.337, 5, 180.58 W, 28, 120 MHz, 3996 MHz, 0 %, 0 %
2026/03/23 23:18:22.337, 6, 177.90 W, 27, 120 MHz, 3996 MHz, 0 %, 0 %
2026/03/23 23:18:22.337, 7, 176.58 W, 28, 120 MHz, 3996 MHz, 0 %, 0 %
2026/03/23 23:18:23.337, 0, 228.18 W, 28, 2032 MHz, 3996 MHz, 0 %, 0 %
2026/03/23 23:18:23.337, 1, 233.17 W, 30, 2032 MHz, 3996 MHz, 0 %, 0 %
2026/03/23 23:18:23.337, 2, 234.02 W, 28, 2032 MHz, 3996 MHz, 0 %, 0 %
2026/03/23 23:18:23.337, 3, 234.90 W, 31, 2032 MHz, 3996 MHz, 0 %, 0 %
2026/03/23 23:18:23.337, 4, 178.99 W, 26, 120 MHz, 3996 MHz, 0 %, 0 %
2026/03/23 23:18:23.337, 5, 180.58 W, 28, 120 MHz, 3996 MHz, 0 %, 0 %
2026/03/23 23:18:23.337, 6, 178.15 W, 27, 120 MHz, 3996 MHz, 0 %, 0 %
2026/03/23 23:18:23.337, 7, 176.58 W, 28, 120 MHz, 3996 MHz, 0 %, 0 %
2026/03/23 23:18:24.337, 0, 228.15 W, 28, 2032 MHz, 3996 MHz, 0 %, 0 %
2026/03/23 23:18:24.337, 1, 233.19 W, 30, 2032 MHz, 3996 MHz, 0 %, 0 %
2026/03/23 23:18:24.337, 2, 234.01 W, 28, 2032 MHz, 3996 MHz, 0 %, 0 %
2026/03/23 23:18:24.337, 3, 234.96 W, 31, 2032 MHz, 3996 MHz, 0 %, 0 %
2026/03/23 23:18:24.337, 4, 178.90 W, 26, 120 MHz, 3996 MHz, 0 %, 0 %
2026/03/23 23:18:24.337, 5, 180.58 W, 28, 120 MHz, 3996 MHz, 0 %, 0 %
2026/03/23 23:18:24.337, 6, 178.30 W, 27, 120 MHz, 3996 MHz, 0 %, 0 %
2026/03/23 23:18:24.338, 7, 176.58 W, 28, 120 MHz, 3996 MHz, 0 %, 0 %
2026/03/23 23:18:25.338, 0, 387.84 W, 31, 2032 MHz, 3996 MHz, 100 %, 27 %
2026/03/23 23:18:25.338, 1, 387.43 W, 34, 2032 MHz, 3996 MHz, 100 %, 27 %
2026/03/23 23:18:25.338, 2, 385.58 W, 31, 2032 MHz, 3996 MHz, 100 %, 27 %
2026/03/23 23:18:25.338, 3, 389.34 W, 34, 2032 MHz, 3996 MHz, 100 %, 27 %
2026/03/23 23:18:25.338, 4, 178.79 W, 26, 120 MHz, 3996 MHz, 0 %, 0 %
2026/03/23 23:18:25.338, 5, 180.58 W, 28, 120 MHz, 3996 MHz, 0 %, 0 %
2026/03/23 23:18:25.338, 6, 178.10 W, 27, 120 MHz, 3996 MHz, 0 %, 0 %
2026/03/23 23:18:25.338, 7, 176.58 W, 28, 120 MHz, 3996 MHz, 0 %, 0 %
2026/03/23 23:18:26.338, 0, 509.33 W, 32, 2032 MHz, 3996 MHz, 100 %, 27 %
2026/03/23 23:18:26.338, 1, 534.22 W, 35, 2032 MHz, 3996 MHz, 100 %, 27 %
2026/03/23 23:18:26.338, 2, 509.43 W, 32, 2032 MHz, 3996 MHz, 100 %, 27 %
2026/03/23 23:18:26.338, 3, 529.78 W, 35, 2032 MHz, 3996 MHz, 100 %, 28 %
2026/03/23 23:18:26.338, 4, 178.90 W, 26, 120 MHz, 3996 MHz, 0 %, 0 %
2026/03/23 23:18:26.338, 5, 180.58 W, 28, 120 MHz, 3996 MHz, 0 %, 0 %
2026/03/23 23:18:26.338, 6, 177.96 W, 27, 120 MHz, 3996 MHz, 0 %, 0 %
2026/03/23 23:18:26.338, 7, 176.58 W, 28, 120 MHz, 3996 MHz, 0 %, 0 %
2026/03/23 23:18:27.338, 0, 509.94 W, 33, 2032 MHz, 3996 MHz, 100 %, 27 %
2026/03/23 23:18:27.338, 1, 537.08 W, 35, 2032 MHz, 3996 MHz, 100 %, 28 %
2026/03/23 23:18:27.338, 2, 511.77 W, 32, 2032 MHz, 3996 MHz, 100 %, 27 %
2026/03/23 23:18:27.338, 3, 534.02 W, 35, 2032 MHz, 3996 MHz, 100 %, 28 %
2026/03/23 23:18:27.338, 4, 178.83 W, 26, 120 MHz, 3996 MHz, 0 %, 0 %
2026/03/23 23:18:27.338, 5, 180.58 W, 28, 120 MHz, 3996 MHz, 0 %, 0 %
2026/03/23 23:18:27.338, 6, 177.79 W, 27, 120 MHz, 3996 MHz, 0 %, 0 %
2026/03/23 23:18:27.338, 7, 176.58 W, 28, 120 MHz, 3996 MHz, 0 %, 0 %
2026/03/23 23:18:28.338, 0, 511.47 W, 33, 2032 MHz, 3996 MHz, 100 %, 27 %
2026/03/23 23:18:28.338, 1, 541.91 W, 35, 2032 MHz, 3996 MHz, 100 %, 28 %
2026/03/23 23:18:28.338, 2, 514.00 W, 33, 2032 MHz, 3996 MHz, 100 %, 28 %
2026/03/23 23:18:28.338, 3, 535.03 W, 36, 2032 MHz, 3996 MHz, 100 %, 28 %
2026/03/23 23:18:28.338, 4, 179.14 W, 26, 120 MHz, 3996 MHz, 0 %, 0 %
2026/03/23 23:18:28.338, 5, 180.58 W, 28, 120 MHz, 3996 MHz, 0 %, 0 %
2026/03/23 23:18:28.338, 6, 178.21 W, 27, 120 MHz, 3996 MHz, 0 %, 0 %
2026/03/23 23:18:28.338, 7, 176.58 W, 28, 120 MHz, 3996 MHz, 0 %, 0 %
2026/03/23 23:18:29.338, 0, 514.61 W, 33, 2032 MHz, 3996 MHz, 100 %, 27 %
2026/03/23 23:18:29.338, 1, 544.98 W, 36, 2032 MHz, 3996 MHz, 100 %, 29 %
2026/03/23 23:18:29.338, 2, 514.96 W, 33, 2032 MHz, 3996 MHz, 100 %, 27 %
2026/03/23 23:18:29.338, 3, 537.79 W, 36, 2032 MHz, 3996 MHz, 100 %, 28 %
2026/03/23 23:18:29.338, 4, 179.00 W, 26, 120 MHz, 3996 MHz, 0 %, 0 %
2026/03/23 23:18:29.338, 5, 180.58 W, 28, 120 MHz, 3996 MHz, 0 %, 0 %
2026/03/23 23:18:29.338, 6, 177.99 W, 27, 120 MHz, 3996 MHz, 0 %, 0 %
2026/03/23 23:18:29.338, 7, 176.58 W, 28, 120 MHz, 3996 MHz, 0 %, 0 %
2026/03/23 23:18:30.338, 0, 517.86 W, 33, 2032 MHz, 3996 MHz, 100 %, 28 %
2026/03/23 23:18:30.338, 1, 543.95 W, 36, 2032 MHz, 3996 MHz, 100 %, 28 %
2026/03/23 23:18:30.338, 2, 517.78 W, 33, 2032 MHz, 3996 MHz, 100 %, 28 %
2026/03/23 23:18:30.338, 3, 540.47 W, 36, 2032 MHz, 3996 MHz, 100 %, 28 %
2026/03/23 23:18:30.338, 4, 178.94 W, 26, 120 MHz, 3996 MHz, 0 %, 0 %
2026/03/23 23:18:30.338, 5, 180.58 W, 28, 120 MHz, 3996 MHz, 0 %, 0 %
2026/03/23 23:18:30.338, 6, 177.84 W, 27, 120 MHz, 3996 MHz, 0 %, 0 %
2026/03/23 23:18:30.338, 7, 176.58 W, 28, 120 MHz, 3996 MHz, 0 %, 0 %
2026/03/23 23:18:31.338, 0, 519.10 W, 33, 2032 MHz, 3996 MHz, 100 %, 28 %
2026/03/23 23:18:31.338, 1, 545.93 W, 36, 2032 MHz, 3996 MHz, 100 %, 29 %
2026/03/23 23:18:31.338, 2, 518.55 W, 33, 2032 MHz, 3996 MHz, 100 %, 28 %
2026/03/23 23:18:31.338, 3, 540.83 W, 36, 2032 MHz, 3996 MHz, 100 %, 28 %
2026/03/23 23:18:31.338, 4, 179.04 W, 26, 120 MHz, 3996 MHz, 0 %, 0 %
2026/03/23 23:18:31.338, 5, 180.58 W, 28, 120 MHz, 3996 MHz, 0 %, 0 %
2026/03/23 23:18:31.338, 6, 178.15 W, 27, 120 MHz, 3996 MHz, 0 %, 0 %
2026/03/23 23:18:31.338, 7, 176.58 W, 28, 120 MHz, 3996 MHz, 0 %, 0 %
2026/03/23 23:18:32.339, 0, 519.94 W, 33, 2032 MHz, 3996 MHz, 100 %, 28 %
2026/03/23 23:18:32.339, 1, 548.05 W, 36, 2032 MHz, 3996 MHz, 100 %, 29 %
2026/03/23 23:18:32.339, 2, 521.41 W, 33, 2032 MHz, 3996 MHz, 100 %, 28 %
2026/03/23 23:18:32.339, 3, 541.56 W, 36, 2032 MHz, 3996 MHz, 100 %, 29 %
2026/03/23 23:18:32.339, 4, 179.05 W, 26, 120 MHz, 3996 MHz, 0 %, 0 %
2026/03/23 23:18:32.339, 5, 180.58 W, 28, 120 MHz, 3996 MHz, 0 %, 0 %
2026/03/23 23:18:32.339, 6, 177.90 W, 27, 120 MHz, 3996 MHz, 0 %, 0 %
2026/03/23 23:18:32.339, 7, 176.58 W, 28, 120 MHz, 3996 MHz, 0 %, 0 %
2026/03/23 23:18:33.339, 0, 343.93 W, 30, 2032 MHz, 3996 MHz, 0 %, 0 %
2026/03/23 23:18:33.339, 1, 368.07 W, 32, 2032 MHz, 3996 MHz, 0 %, 0 %
2026/03/23 23:18:33.339, 2, 347.87 W, 30, 2032 MHz, 3996 MHz, 0 %, 0 %
2026/03/23 23:18:33.339, 3, 366.47 W, 33, 2032 MHz, 3996 MHz, 0 %, 0 %
2026/03/23 23:18:33.339, 4, 179.04 W, 26, 120 MHz, 3996 MHz, 0 %, 0 %
2026/03/23 23:18:33.339, 5, 180.58 W, 28, 120 MHz, 3996 MHz, 0 %, 0 %
2026/03/23 23:18:33.339, 6, 178.07 W, 27, 120 MHz, 3996 MHz, 0 %, 0 %
2026/03/23 23:18:33.339, 7, 176.58 W, 28, 120 MHz, 3996 MHz, 0 %, 0 %
2026/03/23 23:18:34.339, 0, 229.97 W, 29, 2032 MHz, 3996 MHz, 0 %, 0 %
2026/03/23 23:18:34.339, 1, 235.11 W, 32, 2032 MHz, 3996 MHz, 0 %, 0 %
2026/03/23 23:18:34.339, 2, 235.68 W, 29, 2032 MHz, 3996 MHz, 0 %, 0 %
2026/03/23 23:18:34.339, 3, 236.09 W, 32, 2032 MHz, 3996 MHz, 0 %, 0 %
2026/03/23 23:18:34.339, 4, 179.19 W, 26, 120 MHz, 3996 MHz, 0 %, 0 %
2026/03/23 23:18:34.339, 5, 180.58 W, 28, 120 MHz, 3996 MHz, 0 %, 0 %
2026/03/23 23:18:34.339, 6, 178.33 W, 27, 120 MHz, 3996 MHz, 0 %, 0 %
2026/03/23 23:18:34.339, 7, 176.58 W, 28, 120 MHz, 3996 MHz, 0 %, 0 %
2026/03/23 23:18:35.339, 0, 489.92 W, 33, 2032 MHz, 3996 MHz, 100 %, 28 %
2026/03/23 23:18:35.339, 1, 407.69 W, 35, 2032 MHz, 3996 MHz, 100 %, 28 %
2026/03/23 23:18:35.339, 2, 495.64 W, 33, 2032 MHz, 3996 MHz, 100 %, 27 %
2026/03/23 23:18:35.339, 3, 495.25 W, 36, 2032 MHz, 3996 MHz, 100 %, 27 %
2026/03/23 23:18:35.339, 4, 179.03 W, 26, 120 MHz, 3996 MHz, 0 %, 0 %
2026/03/23 23:18:35.339, 5, 180.58 W, 28, 120 MHz, 3996 MHz, 0 %, 0 %
2026/03/23 23:18:35.339, 6, 178.14 W, 27, 120 MHz, 3996 MHz, 0 %, 0 %
2026/03/23 23:18:35.339, 7, 176.58 W, 28, 120 MHz, 3996 MHz, 0 %, 0 %
2026/03/23 23:18:36.339, 0, 514.92 W, 33, 2032 MHz, 3996 MHz, 100 %, 27 %
2026/03/23 23:18:36.339, 1, 531.09 W, 36, 2032 MHz, 3996 MHz, 100 %, 28 %
2026/03/23 23:18:36.339, 2, 512.97 W, 33, 2032 MHz, 3996 MHz, 100 %, 28 %
2026/03/23 23:18:36.339, 3, 523.96 W, 36, 2032 MHz, 3996 MHz, 100 %, 28 %
2026/03/23 23:18:36.339, 4, 178.96 W, 26, 120 MHz, 3996 MHz, 0 %, 0 %
2026/03/23 23:18:36.339, 5, 180.58 W, 28, 120 MHz, 3996 MHz, 0 %, 0 %
2026/03/23 23:18:36.339, 6, 177.77 W, 27, 120 MHz, 3996 MHz, 0 %, 0 %
2026/03/23 23:18:36.339, 7, 176.58 W, 28, 120 MHz, 3996 MHz, 0 %, 0 %
2026/03/23 23:18:37.339, 0, 515.72 W, 34, 2032 MHz, 3996 MHz, 100 %, 28 %
2026/03/23 23:18:37.339, 1, 534.22 W, 36, 2032 MHz, 3996 MHz, 100 %, 29 %
2026/03/23 23:18:37.339, 2, 515.28 W, 33, 2032 MHz, 3996 MHz, 100 %, 28 %
2026/03/23 23:18:37.339, 3, 530.43 W, 36, 2032 MHz, 3996 MHz, 100 %, 28 %
2026/03/23 23:18:37.339, 4, 178.97 W, 26, 120 MHz, 3996 MHz, 0 %, 0 %
2026/03/23 23:18:37.339, 5, 180.58 W, 28, 120 MHz, 3996 MHz, 0 %, 0 %
2026/03/23 23:18:37.339, 6, 178.18 W, 27, 120 MHz, 3996 MHz, 0 %, 0 %
2026/03/23 23:18:37.339, 7, 176.59 W, 28, 120 MHz, 3996 MHz, 0 %, 0 %
2026/03/23 23:18:38.339, 0, 517.72 W, 34, 2032 MHz, 3996 MHz, 100 %, 28 %
2026/03/23 23:18:38.339, 1, 537.09 W, 36, 2032 MHz, 3996 MHz, 100 %, 29 %
2026/03/23 23:18:38.339, 2, 517.63 W, 33, 2032 MHz, 3996 MHz, 100 %, 28 %
2026/03/23 23:18:38.339, 3, 531.54 W, 37, 2032 MHz, 3996 MHz, 100 %, 28 %
2026/03/23 23:18:38.339, 4, 178.94 W, 26, 120 MHz, 3996 MHz, 0 %, 0 %
2026/03/23 23:18:38.339, 5, 180.58 W, 28, 120 MHz, 3996 MHz, 0 %, 0 %
2026/03/23 23:18:38.340, 6, 178.11 W, 27, 120 MHz, 3996 MHz, 0 %, 0 %
2026/03/23 23:18:38.340, 7, 176.58 W, 28, 120 MHz, 3996 MHz, 0 %, 0 %
2026/03/23 23:18:39.340, 0, 518.33 W, 34, 2032 MHz, 3996 MHz, 100 %, 28 %
2026/03/23 23:18:39.340, 1, 539.48 W, 36, 2032 MHz, 3996 MHz, 100 %, 29 %
2026/03/23 23:18:39.340, 2, 519.43 W, 34, 2032 MHz, 3996 MHz, 100 %, 28 %
2026/03/23 23:18:39.340, 3, 533.19 W, 37, 2032 MHz, 3996 MHz, 100 %, 28 %
2026/03/23 23:18:39.340, 4, 179.01 W, 26, 120 MHz, 3996 MHz, 0 %, 0 %
2026/03/23 23:18:39.340, 5, 180.58 W, 28, 120 MHz, 3996 MHz, 0 %, 0 %
2026/03/23 23:18:39.340, 6, 177.98 W, 27, 120 MHz, 3996 MHz, 0 %, 0 %
2026/03/23 23:18:39.340, 7, 176.59 W, 28, 120 MHz, 3996 MHz, 0 %, 0 %
2026/03/23 23:18:40.340, 0, 521.85 W, 34, 2032 MHz, 3996 MHz, 100 %, 28 %
2026/03/23 23:18:40.340, 1, 539.11 W, 36, 2032 MHz, 3996 MHz, 100 %, 29 %
2026/03/23 23:18:40.340, 2, 522.04 W, 34, 2032 MHz, 3996 MHz, 100 %, 28 %
2026/03/23 23:18:40.340, 3, 534.74 W, 37, 2032 MHz, 3996 MHz, 100 %, 29 %
2026/03/23 23:18:40.340, 4, 178.90 W, 26, 120 MHz, 3996 MHz, 0 %, 0 %
2026/03/23 23:18:40.340, 5, 180.58 W, 28, 120 MHz, 3996 MHz, 0 %, 0 %
2026/03/23 23:18:40.340, 6, 178.18 W, 27, 120 MHz, 3996 MHz, 0 %, 0 %
2026/03/23 23:18:40.340, 7, 176.58 W, 28, 120 MHz, 3996 MHz, 0 %, 0 %
2026/03/23 23:18:41.340, 0, 523.85 W, 34, 2032 MHz, 3996 MHz, 100 %, 29 %
2026/03/23 23:18:41.340, 1, 541.44 W, 37, 2032 MHz, 3996 MHz, 100 %, 29 %
2026/03/23 23:18:41.340, 2, 523.40 W, 34, 2032 MHz, 3996 MHz, 100 %, 29 %
2026/03/23 23:18:41.340, 3, 534.33 W, 37, 2032 MHz, 3996 MHz, 100 %, 28 %
2026/03/23 23:18:41.340, 4, 179.10 W, 26, 120 MHz, 3996 MHz, 0 %, 0 %
2026/03/23 23:18:41.340, 5, 180.58 W, 28, 120 MHz, 3996 MHz, 0 %, 0 %
2026/03/23 23:18:41.340, 6, 177.88 W, 27, 120 MHz, 3996 MHz, 0 %, 0 %
2026/03/23 23:18:41.340, 7, 176.58 W, 28, 120 MHz, 3996 MHz, 0 %, 0 %
2026/03/23 23:18:42.340, 0, 524.34 W, 34, 2032 MHz, 3996 MHz, 100 %, 29 %
2026/03/23 23:18:42.340, 1, 542.01 W, 37, 2032 MHz, 3996 MHz, 100 %, 30 %
2026/03/23 23:18:42.340, 2, 526.40 W, 34, 2032 MHz, 3996 MHz, 100 %, 29 %
2026/03/23 23:18:42.340, 3, 537.60 W, 37, 2032 MHz, 3996 MHz, 100 %, 29 %
2026/03/23 23:18:42.340, 4, 178.85 W, 26, 120 MHz, 3996 MHz, 0 %, 0 %
2026/03/23 23:18:42.340, 5, 180.58 W, 28, 120 MHz, 3996 MHz, 0 %, 0 %
2026/03/23 23:18:42.340, 6, 178.14 W, 27, 120 MHz, 3996 MHz, 0 %, 0 %
2026/03/23 23:18:42.340, 7, 176.58 W, 28, 120 MHz, 3996 MHz, 0 %, 0 %
2026/03/23 23:18:43.340, 0, 348.97 W, 31, 2032 MHz, 3996 MHz, 0 %, 0 %
2026/03/23 23:18:43.340, 1, 372.08 W, 33, 2032 MHz, 3996 MHz, 0 %, 0 %
2026/03/23 23:18:43.340, 2, 356.34 W, 30, 2032 MHz, 3996 MHz, 0 %, 0 %
2026/03/23 23:18:43.340, 3, 370.16 W, 34, 2032 MHz, 3996 MHz, 0 %, 0 %
2026/03/23 23:18:43.340, 4, 178.94 W, 26, 120 MHz, 3996 MHz, 0 %, 0 %
2026/03/23 23:18:43.340, 5, 180.58 W, 28, 120 MHz, 3996 MHz, 0 %, 0 %
2026/03/23 23:18:43.340, 6, 178.30 W, 27, 120 MHz, 3996 MHz, 0 %, 0 %
2026/03/23 23:18:43.340, 7, 176.58 W, 28, 120 MHz, 3996 MHz, 0 %, 0 %
2026/03/23 23:18:44.340, 0, 230.23 W, 30, 2032 MHz, 3996 MHz, 0 %, 0 %
2026/03/23 23:18:44.340, 1, 236.03 W, 32, 2032 MHz, 3996 MHz, 0 %, 0 %
2026/03/23 23:18:44.340, 2, 235.95 W, 30, 2032 MHz, 3996 MHz, 0 %, 0 %
2026/03/23 23:18:44.340, 3, 237.06 W, 33, 2032 MHz, 3996 MHz, 0 %, 0 %
2026/03/23 23:18:44.340, 4, 179.04 W, 26, 120 MHz, 3996 MHz, 0 %, 0 %
2026/03/23 23:18:44.340, 5, 180.58 W, 28, 120 MHz, 3996 MHz, 0 %, 0 %
2026/03/23 23:18:44.340, 6, 177.94 W, 27, 120 MHz, 3996 MHz, 0 %, 0 %
2026/03/23 23:18:44.340, 7, 176.58 W, 28, 120 MHz, 3996 MHz, 0 %, 0 %
2026/03/23 23:18:45.341, 0, 230.00 W, 30, 2032 MHz, 3996 MHz, 0 %, 0 %
2026/03/23 23:18:45.341, 1, 235.13 W, 32, 2032 MHz, 3996 MHz, 0 %, 0 %
2026/03/23 23:18:45.341, 2, 235.95 W, 30, 2032 MHz, 3996 MHz, 0 %, 0 %
2026/03/23 23:18:45.341, 3, 237.03 W, 33, 2032 MHz, 3996 MHz, 0 %, 0 %
2026/03/23 23:18:45.341, 4, 179.02 W, 26, 120 MHz, 3996 MHz, 0 %, 0 %
2026/03/23 23:18:45.341, 5, 180.58 W, 28, 120 MHz, 3996 MHz, 0 %, 0 %
2026/03/23 23:18:45.341, 6, 178.07 W, 27, 120 MHz, 3996 MHz, 0 %, 0 %
2026/03/23 23:18:45.341, 7, 176.58 W, 28, 120 MHz, 3996 MHz, 0 %, 0 %
2026/03/23 23:18:46.341, 0, 230.00 W, 30, 2032 MHz, 3996 MHz, 0 %, 0 %
2026/03/23 23:18:46.341, 1, 235.13 W, 32, 2032 MHz, 3996 MHz, 0 %, 0 %
2026/03/23 23:18:46.341, 2, 235.76 W, 29, 2032 MHz, 3996 MHz, 0 %, 0 %
2026/03/23 23:18:46.341, 3, 236.03 W, 32, 2032 MHz, 3996 MHz, 0 %, 0 %
2026/03/23 23:18:46.341, 4, 179.06 W, 26, 120 MHz, 3996 MHz, 0 %, 0 %
2026/03/23 23:18:46.341, 5, 180.58 W, 28, 120 MHz, 3996 MHz, 0 %, 0 %
2026/03/23 23:18:46.341, 6, 178.37 W, 27, 120 MHz, 3996 MHz, 0 %, 0 %
2026/03/23 23:18:46.341, 7, 176.58 W, 28, 120 MHz, 3996 MHz, 0 %, 0 %
2026/03/23 23:18:47.341, 0, 230.00 W, 30, 2032 MHz, 3996 MHz, 0 %, 0 %
2026/03/23 23:18:47.341, 1, 235.14 W, 32, 2032 MHz, 3996 MHz, 0 %, 0 %
2026/03/23 23:18:47.341, 2, 235.49 W, 29, 2032 MHz, 3996 MHz, 0 %, 0 %
2026/03/23 23:18:47.341, 3, 236.00 W, 32, 2032 MHz, 3996 MHz, 0 %, 0 %
2026/03/23 23:18:47.341, 4, 178.90 W, 26, 120 MHz, 3996 MHz, 0 %, 0 %
2026/03/23 23:18:47.341, 5, 180.58 W, 28, 120 MHz, 3996 MHz, 0 %, 0 %
2026/03/23 23:18:47.341, 6, 178.15 W, 27, 120 MHz, 3996 MHz, 0 %, 0 %
2026/03/23 23:18:47.341, 7, 176.58 W, 28, 120 MHz, 3996 MHz, 0 %, 0 %
2026/03/23 23:18:48.341, 0, 230.00 W, 29, 2032 MHz, 3996 MHz, 0 %, 0 %
2026/03/23 23:18:48.341, 1, 235.15 W, 32, 2032 MHz, 3996 MHz, 0 %, 0 %
2026/03/23 23:18:48.341, 2, 235.27 W, 29, 2032 MHz, 3996 MHz, 0 %, 0 %
2026/03/23 23:18:48.341, 3, 236.11 W, 32, 2032 MHz, 3996 MHz, 0 %, 0 %
2026/03/23 23:18:48.341, 4, 179.02 W, 26, 120 MHz, 3996 MHz, 0 %, 0 %
2026/03/23 23:18:48.341, 5, 180.58 W, 28, 120 MHz, 3996 MHz, 0 %, 0 %
2026/03/23 23:18:48.341, 6, 178.15 W, 27, 120 MHz, 3996 MHz, 0 %, 0 %
2026/03/23 23:18:48.341, 7, 176.58 W, 28, 120 MHz, 3996 MHz, 0 %, 0 %
2026/03/23 23:18:49.341, 0, 449.35 W, 38, 2032 MHz, 3996 MHz, 95 %, 40 %
2026/03/23 23:18:49.341, 1, 431.64 W, 40, 2032 MHz, 3996 MHz, 95 %, 29 %
2026/03/23 23:18:49.341, 2, 445.57 W, 38, 2032 MHz, 3996 MHz, 99 %, 31 %
2026/03/23 23:18:49.341, 3, 426.33 W, 40, 2032 MHz, 3996 MHz, 99 %, 32 %
2026/03/23 23:18:49.341, 4, 179.09 W, 26, 120 MHz, 3996 MHz, 0 %, 0 %
2026/03/23 23:18:49.341, 5, 180.58 W, 28, 120 MHz, 3996 MHz, 0 %, 0 %
2026/03/23 23:18:49.341, 6, 178.13 W, 27, 120 MHz, 3996 MHz, 0 %, 0 %
2026/03/23 23:18:49.341, 7, 176.58 W, 28, 120 MHz, 3996 MHz, 0 %, 0 %
2026/03/23 23:18:50.341, 0, 754.91 W, 36, 2032 MHz, 3996 MHz, 100 %, 57 %
2026/03/23 23:18:50.341, 1, 764.46 W, 38, 2032 MHz, 3996 MHz, 100 %, 57 %
2026/03/23 23:18:50.341, 2, 762.00 W, 36, 2032 MHz, 3996 MHz, 100 %, 57 %
2026/03/23 23:18:50.341, 3, 772.36 W, 39, 2032 MHz, 3996 MHz, 100 %, 57 %
2026/03/23 23:18:50.341, 4, 178.83 W, 26, 120 MHz, 3996 MHz, 0 %, 0 %
2026/03/23 23:18:50.341, 5, 180.58 W, 28, 120 MHz, 3996 MHz, 0 %, 0 %
2026/03/23 23:18:50.341, 6, 178.07 W, 27, 120 MHz, 3996 MHz, 0 %, 0 %
2026/03/23 23:18:50.341, 7, 176.58 W, 28, 120 MHz, 3996 MHz, 0 %, 0 %
2026/03/23 23:18:51.342, 0, 715.39 W, 36, 2032 MHz, 3996 MHz, 100 %, 59 %
2026/03/23 23:18:51.342, 1, 716.67 W, 39, 2032 MHz, 3996 MHz, 100 %, 59 %
2026/03/23 23:18:51.342, 2, 724.55 W, 36, 2032 MHz, 3996 MHz, 100 %, 60 %
2026/03/23 23:18:51.342, 3, 715.07 W, 39, 2032 MHz, 3996 MHz, 100 %, 58 %
2026/03/23 23:18:51.342, 4, 178.99 W, 26, 120 MHz, 3996 MHz, 0 %, 0 %
2026/03/23 23:18:51.342, 5, 180.58 W, 28, 120 MHz, 3996 MHz, 0 %, 0 %
2026/03/23 23:18:51.342, 6, 178.21 W, 27, 120 MHz, 3996 MHz, 0 %, 0 %
2026/03/23 23:18:51.342, 7, 176.58 W, 28, 120 MHz, 3996 MHz, 0 %, 0 %
2026/03/23 23:18:52.342, 0, 721.51 W, 37, 2032 MHz, 3996 MHz, 100 %, 59 %
2026/03/23 23:18:52.342, 1, 721.31 W, 39, 2032 MHz, 3996 MHz, 100 %, 60 %
2026/03/23 23:18:52.342, 2, 731.25 W, 37, 2032 MHz, 3996 MHz, 100 %, 61 %
2026/03/23 23:18:52.342, 3, 721.67 W, 40, 2032 MHz, 3996 MHz, 100 %, 60 %
2026/03/23 23:18:52.342, 4, 179.04 W, 26, 120 MHz, 3996 MHz, 0 %, 0 %
2026/03/23 23:18:52.342, 5, 180.58 W, 28, 120 MHz, 3996 MHz, 0 %, 0 %
2026/03/23 23:18:52.342, 6, 178.30 W, 27, 120 MHz, 3996 MHz, 0 %, 0 %
2026/03/23 23:18:52.342, 7, 176.58 W, 28, 120 MHz, 3996 MHz, 0 %, 0 %
2026/03/23 23:18:53.342, 0, 726.66 W, 37, 2032 MHz, 3996 MHz, 100 %, 60 %
2026/03/23 23:18:53.342, 1, 725.64 W, 39, 2032 MHz, 3996 MHz, 100 %, 60 %
2026/03/23 23:18:53.342, 2, 733.84 W, 37, 2032 MHz, 3996 MHz, 100 %, 61 %
2026/03/23 23:18:53.342, 3, 724.70 W, 40, 2032 MHz, 3996 MHz, 100 %, 60 %
2026/03/23 23:18:53.342, 4, 178.86 W, 26, 120 MHz, 3996 MHz, 0 %, 0 %
2026/03/23 23:18:53.342, 5, 180.58 W, 28, 120 MHz, 3996 MHz, 0 %, 0 %
2026/03/23 23:18:53.342, 6, 178.06 W, 27, 120 MHz, 3996 MHz, 0 %, 0 %
2026/03/23 23:18:53.342, 7, 176.58 W, 28, 120 MHz, 3996 MHz, 0 %, 0 %
2026/03/23 23:18:54.342, 0, 728.11 W, 37, 2032 MHz, 3996 MHz, 100 %, 59 %
2026/03/23 23:18:54.342, 1, 727.37 W, 40, 2032 MHz, 3996 MHz, 100 %, 60 %
2026/03/23 23:18:54.342, 2, 736.00 W, 37, 2032 MHz, 3996 MHz, 100 %, 61 %
2026/03/23 23:18:54.342, 3, 729.54 W, 40, 2032 MHz, 3996 MHz, 100 %, 60 %
2026/03/23 23:18:54.342, 4, 178.79 W, 26, 120 MHz, 3996 MHz, 0 %, 0 %
2026/03/23 23:18:54.342, 5, 180.58 W, 28, 120 MHz, 3996 MHz, 0 %, 0 %
2026/03/23 23:18:54.342, 6, 178.14 W, 27, 120 MHz, 3996 MHz, 0 %, 0 %
2026/03/23 23:18:54.342, 7, 176.59 W, 28, 120 MHz, 3996 MHz, 0 %, 0 %
2026/03/23 23:18:55.342, 0, 727.07 W, 38, 2032 MHz, 3996 MHz, 100 %, 59 %
2026/03/23 23:18:55.342, 1, 727.73 W, 40, 2032 MHz, 3996 MHz, 100 %, 60 %
2026/03/23 23:18:55.342, 2, 735.10 W, 37, 2032 MHz, 3996 MHz, 100 %, 61 %
2026/03/23 23:18:55.342, 3, 729.07 W, 40, 2032 MHz, 3996 MHz, 100 %, 60 %
2026/03/23 23:18:55.342, 4, 178.71 W, 26, 120 MHz, 3996 MHz, 0 %, 0 %
2026/03/23 23:18:55.342, 5, 180.58 W, 28, 120 MHz, 3996 MHz, 0 %, 0 %
2026/03/23 23:18:55.342, 6, 178.22 W, 27, 120 MHz, 3996 MHz, 0 %, 0 %
2026/03/23 23:18:55.342, 7, 176.58 W, 28, 120 MHz, 3996 MHz, 0 %, 0 %
2026/03/23 23:18:56.342, 0, 727.40 W, 38, 2032 MHz, 3996 MHz, 100 %, 60 %
2026/03/23 23:18:56.342, 1, 727.89 W, 40, 2032 MHz, 3996 MHz, 100 %, 61 %
2026/03/23 23:18:56.342, 2, 735.73 W, 38, 2032 MHz, 3996 MHz, 100 %, 60 %
2026/03/23 23:18:56.342, 3, 729.73 W, 41, 2032 MHz, 3996 MHz, 100 %, 60 %
2026/03/23 23:18:56.342, 4, 178.83 W, 26, 120 MHz, 3996 MHz, 0 %, 0 %
2026/03/23 23:18:56.342, 5, 180.58 W, 28, 120 MHz, 3996 MHz, 0 %, 0 %
2026/03/23 23:18:56.342, 6, 178.06 W, 27, 120 MHz, 3996 MHz, 0 %, 0 %
2026/03/23 23:18:56.342, 7, 176.58 W, 28, 120 MHz, 3996 MHz, 0 %, 0 %
2026/03/23 23:18:57.342, 0, 730.48 W, 38, 2032 MHz, 3996 MHz, 100 %, 60 %
2026/03/23 23:18:57.342, 1, 728.63 W, 40, 2032 MHz, 3996 MHz, 100 %, 60 %
2026/03/23 23:18:57.342, 2, 735.84 W, 38, 2032 MHz, 3996 MHz, 100 %, 61 %
2026/03/23 23:18:57.342, 3, 730.89 W, 41, 2032 MHz, 3996 MHz, 100 %, 61 %
2026/03/23 23:18:57.342, 4, 178.93 W, 26, 120 MHz, 3996 MHz, 0 %, 0 %
2026/03/23 23:18:57.342, 5, 180.58 W, 28, 120 MHz, 3996 MHz, 0 %, 0 %
2026/03/23 23:18:57.342, 6, 177.96 W, 27, 120 MHz, 3996 MHz, 0 %, 0 %
2026/03/23 23:18:57.342, 7, 176.58 W, 28, 120 MHz, 3996 MHz, 0 %, 0 %
2026/03/23 23:18:58.343, 0, 729.97 W, 38, 2032 MHz, 3996 MHz, 100 %, 60 %
2026/03/23 23:18:58.343, 1, 728.74 W, 40, 2032 MHz, 3996 MHz, 100 %, 60 %
2026/03/23 23:18:58.343, 2, 736.38 W, 38, 2032 MHz, 3996 MHz, 100 %, 61 %
2026/03/23 23:18:58.343, 3, 728.11 W, 41, 2032 MHz, 3996 MHz, 100 %, 61 %
2026/03/23 23:18:58.343, 4, 178.79 W, 26, 120 MHz, 3996 MHz, 0 %, 0 %
2026/03/23 23:18:58.343, 5, 180.58 W, 28, 120 MHz, 3996 MHz, 0 %, 0 %
2026/03/23 23:18:58.343, 6, 177.90 W, 27, 120 MHz, 3996 MHz, 0 %, 0 %
2026/03/23 23:18:58.343, 7, 176.58 W, 28, 120 MHz, 3996 MHz, 0 %, 0 %
2026/03/23 23:18:59.343, 0, 731.02 W, 38, 2032 MHz, 3996 MHz, 100 %, 60 %
2026/03/23 23:18:59.343, 1, 730.11 W, 41, 2032 MHz, 3996 MHz, 100 %, 60 %
2026/03/23 23:18:59.343, 2, 736.71 W, 38, 2032 MHz, 3996 MHz, 100 %, 61 %
2026/03/23 23:18:59.343, 3, 731.14 W, 41, 2032 MHz, 3996 MHz, 100 %, 61 %
2026/03/23 23:18:59.343, 4, 179.30 W, 26, 120 MHz, 3996 MHz, 0 %, 0 %
2026/03/23 23:18:59.343, 5, 180.58 W, 28, 120 MHz, 3996 MHz, 0 %, 0 %
2026/03/23 23:18:59.343, 6, 178.03 W, 27, 120 MHz, 3996 MHz, 0 %, 0 %
2026/03/23 23:18:59.343, 7, 176.58 W, 28, 120 MHz, 3996 MHz, 0 %, 0 %
2026/03/23 23:19:00.343, 0, 730.72 W, 39, 2032 MHz, 3996 MHz, 100 %, 60 %
2026/03/23 23:19:00.343, 1, 730.06 W, 41, 2032 MHz, 3996 MHz, 100 %, 60 %
2026/03/23 23:19:00.343, 2, 737.10 W, 38, 2032 MHz, 3996 MHz, 100 %, 61 %
2026/03/23 23:19:00.343, 3, 730.72 W, 41, 2032 MHz, 3996 MHz, 100 %, 61 %
2026/03/23 23:19:00.343, 4, 178.83 W, 26, 120 MHz, 3996 MHz, 0 %, 0 %
2026/03/23 23:19:00.343, 5, 180.58 W, 28, 120 MHz, 3996 MHz, 0 %, 0 %
2026/03/23 23:19:00.343, 6, 178.06 W, 27, 120 MHz, 3996 MHz, 0 %, 0 %
2026/03/23 23:19:00.343, 7, 176.58 W, 28, 120 MHz, 3996 MHz, 0 %, 0 %
2026/03/23 23:19:01.343, 0, 732.00 W, 39, 2032 MHz, 3996 MHz, 100 %, 60 %
2026/03/23 23:19:01.343, 1, 729.65 W, 41, 2032 MHz, 3996 MHz, 100 %, 60 %
2026/03/23 23:19:01.343, 2, 739.48 W, 39, 2032 MHz, 3996 MHz, 100 %, 61 %
2026/03/23 23:19:01.343, 3, 729.50 W, 42, 2032 MHz, 3996 MHz, 100 %, 61 %
2026/03/23 23:19:01.343, 4, 178.98 W, 26, 120 MHz, 3996 MHz, 0 %, 0 %
2026/03/23 23:19:01.343, 5, 180.58 W, 28, 120 MHz, 3996 MHz, 0 %, 0 %
2026/03/23 23:19:01.343, 6, 178.15 W, 27, 120 MHz, 3996 MHz, 0 %, 0 %
2026/03/23 23:19:01.343, 7, 176.58 W, 28, 120 MHz, 3996 MHz, 0 %, 0 %
2026/03/23 23:19:02.343, 0, 651.75 W, 37, 2032 MHz, 3996 MHz, 37 %, 18 %
2026/03/23 23:19:02.343, 1, 651.89 W, 39, 2032 MHz, 3996 MHz, 100 %, 61 %
2026/03/23 23:19:02.343, 2, 652.83 W, 37, 2032 MHz, 3996 MHz, 89 %, 53 %
2026/03/23 23:19:02.343, 3, 658.00 W, 40, 2032 MHz, 3996 MHz, 81 %, 49 %
2026/03/23 23:19:02.343, 4, 179.01 W, 26, 120 MHz, 3996 MHz, 0 %, 0 %
2026/03/23 23:19:02.343, 5, 180.58 W, 28, 120 MHz, 3996 MHz, 0 %, 0 %
2026/03/23 23:19:02.343, 6, 178.34 W, 27, 120 MHz, 3996 MHz, 0 %, 0 %
2026/03/23 23:19:02.343, 7, 176.58 W, 28, 120 MHz, 3996 MHz, 0 %, 0 %
2026/03/23 23:19:03.343, 0, 541.95 W, 36, 2032 MHz, 3996 MHz, 33 %, 17 %
2026/03/23 23:19:03.343, 1, 554.34 W, 39, 2032 MHz, 3996 MHz, 95 %, 38 %
2026/03/23 23:19:03.343, 2, 553.92 W, 37, 2032 MHz, 3996 MHz, 86 %, 34 %
2026/03/23 23:19:03.343, 3, 551.79 W, 39, 2032 MHz, 3996 MHz, 56 %, 29 %
2026/03/23 23:19:03.343, 4, 178.74 W, 26, 120 MHz, 3996 MHz, 0 %, 0 %
2026/03/23 23:19:03.343, 5, 180.58 W, 28, 120 MHz, 3996 MHz, 0 %, 0 %
2026/03/23 23:19:03.343, 6, 178.06 W, 27, 120 MHz, 3996 MHz, 0 %, 0 %
2026/03/23 23:19:03.343, 7, 176.58 W, 28, 120 MHz, 3996 MHz, 0 %, 0 %
2026/03/23 23:19:04.343, 0, 614.35 W, 37, 2032 MHz, 3996 MHz, 84 %, 51 %
2026/03/23 23:19:04.343, 1, 623.91 W, 39, 2032 MHz, 3996 MHz, 100 %, 59 %
2026/03/23 23:19:04.343, 2, 630.61 W, 37, 2032 MHz, 3996 MHz, 100 %, 64 %
2026/03/23 23:19:04.343, 3, 620.72 W, 41, 2032 MHz, 3996 MHz, 100 %, 63 %
2026/03/23 23:19:04.343, 4, 178.75 W, 26, 120 MHz, 3996 MHz, 0 %, 0 %
2026/03/23 23:19:04.343, 5, 180.58 W, 28, 120 MHz, 3996 MHz, 0 %, 0 %
2026/03/23 23:19:04.343, 6, 178.00 W, 27, 120 MHz, 3996 MHz, 0 %, 0 %
2026/03/23 23:19:04.343, 7, 176.58 W, 28, 120 MHz, 3996 MHz, 0 %, 0 %
2026/03/23 23:19:05.344, 0, 493.40 W, 37, 2032 MHz, 3996 MHz, 74 %, 43 %
2026/03/23 23:19:05.344, 1, 498.56 W, 39, 2032 MHz, 3996 MHz, 88 %, 24 %
2026/03/23 23:19:05.344, 2, 503.13 W, 36, 2032 MHz, 3996 MHz, 89 %, 18 %
2026/03/23 23:19:05.344, 3, 499.05 W, 39, 2032 MHz, 3996 MHz, 50 %, 19 %
2026/03/23 23:19:05.344, 4, 178.99 W, 26, 120 MHz, 3996 MHz, 0 %, 0 %
2026/03/23 23:19:05.344, 5, 180.58 W, 28, 120 MHz, 3996 MHz, 0 %, 0 %
2026/03/23 23:19:05.344, 6, 178.03 W, 27, 120 MHz, 3996 MHz, 0 %, 0 %
2026/03/23 23:19:05.344, 7, 176.59 W, 28, 120 MHz, 3996 MHz, 0 %, 0 %
2026/03/23 23:19:06.344, 0, 619.99 W, 38, 2032 MHz, 3996 MHz, 99 %, 63 %
2026/03/23 23:19:06.344, 1, 626.93 W, 40, 2032 MHz, 3996 MHz, 100 %, 64 %
2026/03/23 23:19:06.344, 2, 628.48 W, 37, 2032 MHz, 3996 MHz, 100 %, 64 %
2026/03/23 23:19:06.344, 3, 620.43 W, 41, 2032 MHz, 3996 MHz, 100 %, 64 %
2026/03/23 23:19:06.344, 4, 178.89 W, 26, 120 MHz, 3996 MHz, 0 %, 0 %
2026/03/23 23:19:06.344, 5, 180.58 W, 28, 120 MHz, 3996 MHz, 0 %, 0 %
2026/03/23 23:19:06.344, 6, 177.90 W, 27, 120 MHz, 3996 MHz, 0 %, 0 %
2026/03/23 23:19:06.344, 7, 176.58 W, 28, 120 MHz, 3996 MHz, 0 %, 0 %
2026/03/23 23:19:07.344, 0, 563.23 W, 38, 2032 MHz, 3996 MHz, 65 %, 38 %
2026/03/23 23:19:07.344, 1, 554.02 W, 40, 2032 MHz, 3996 MHz, 87 %, 47 %
2026/03/23 23:19:07.344, 2, 569.27 W, 38, 2032 MHz, 3996 MHz, 79 %, 22 %
2026/03/23 23:19:07.344, 3, 556.08 W, 40, 2032 MHz, 3996 MHz, 35 %, 18 %
2026/03/23 23:19:07.344, 4, 179.03 W, 26, 120 MHz, 3996 MHz, 0 %, 0 %
2026/03/23 23:19:07.344, 5, 180.58 W, 28, 120 MHz, 3996 MHz, 0 %, 0 %
2026/03/23 23:19:07.344, 6, 177.80 W, 27, 120 MHz, 3996 MHz, 0 %, 0 %
2026/03/23 23:19:07.344, 7, 176.58 W, 28, 120 MHz, 3996 MHz, 0 %, 0 %
2026/03/23 23:19:08.344, 0, 584.59 W, 37, 2032 MHz, 3996 MHz, 68 %, 39 %
2026/03/23 23:19:08.344, 1, 601.10 W, 40, 2032 MHz, 3996 MHz, 100 %, 64 %
2026/03/23 23:19:08.344, 2, 601.04 W, 37, 2032 MHz, 3996 MHz, 100 %, 63 %
2026/03/23 23:19:08.344, 3, 596.91 W, 41, 2032 MHz, 3996 MHz, 100 %, 63 %
2026/03/23 23:19:08.344, 4, 178.83 W, 26, 120 MHz, 3996 MHz, 0 %, 0 %
2026/03/23 23:19:08.344, 5, 180.58 W, 28, 120 MHz, 3996 MHz, 0 %, 0 %
2026/03/23 23:19:08.344, 6, 178.02 W, 27, 120 MHz, 3996 MHz, 0 %, 0 %
2026/03/23 23:19:08.344, 7, 176.58 W, 28, 120 MHz, 3996 MHz, 0 %, 0 %
2026/03/23 23:19:09.344, 0, 658.21 W, 39, 2032 MHz, 3996 MHz, 100 %, 63 %
2026/03/23 23:19:09.344, 1, 645.22 W, 41, 2032 MHz, 3996 MHz, 100 %, 63 %
2026/03/23 23:19:09.344, 2, 648.97 W, 39, 2032 MHz, 3996 MHz, 100 %, 63 %
2026/03/23 23:19:09.344, 3, 649.66 W, 42, 2032 MHz, 3996 MHz, 100 %, 63 %
2026/03/23 23:19:09.344, 4, 178.78 W, 26, 120 MHz, 3996 MHz, 0 %, 0 %
2026/03/23 23:19:09.344, 5, 180.58 W, 28, 120 MHz, 3996 MHz, 0 %, 0 %
2026/03/23 23:19:09.344, 6, 177.80 W, 27, 120 MHz, 3996 MHz, 0 %, 0 %
2026/03/23 23:19:09.344, 7, 176.58 W, 28, 120 MHz, 3996 MHz, 0 %, 0 %
2026/03/23 23:19:10.344, 0, 746.38 W, 39, 2032 MHz, 3996 MHz, 100 %, 62 %
2026/03/23 23:19:10.344, 1, 746.51 W, 42, 2032 MHz, 3996 MHz, 100 %, 63 %
2026/03/23 23:19:10.344, 2, 754.84 W, 39, 2032 MHz, 3996 MHz, 100 %, 63 %
2026/03/23 23:19:10.344, 3, 749.14 W, 42, 2032 MHz, 3996 MHz, 100 %, 63 %
2026/03/23 23:19:10.344, 4, 179.09 W, 26, 120 MHz, 3996 MHz, 0 %, 0 %
2026/03/23 23:19:10.344, 5, 180.58 W, 28, 120 MHz, 3996 MHz, 0 %, 0 %
2026/03/23 23:19:10.344, 6, 178.06 W, 27, 120 MHz, 3996 MHz, 0 %, 0 %
2026/03/23 23:19:10.344, 7, 176.58 W, 28, 120 MHz, 3996 MHz, 0 %, 0 %
2026/03/23 23:19:11.345, 0, 749.99 W, 40, 2032 MHz, 3996 MHz, 100 %, 62 %
2026/03/23 23:19:11.345, 1, 750.25 W, 42, 2032 MHz, 3996 MHz, 100 %, 64 %
2026/03/23 23:19:11.345, 2, 756.96 W, 39, 2032 MHz, 3996 MHz, 100 %, 64 %
2026/03/23 23:19:11.345, 3, 751.44 W, 43, 2032 MHz, 3996 MHz, 100 %, 63 %
2026/03/23 23:19:11.345, 4, 178.94 W, 26, 120 MHz, 3996 MHz, 0 %, 0 %
2026/03/23 23:19:11.345, 5, 180.58 W, 28, 120 MHz, 3996 MHz, 0 %, 0 %
2026/03/23 23:19:11.345, 6, 178.21 W, 27, 120 MHz, 3996 MHz, 0 %, 0 %
2026/03/23 23:19:11.345, 7, 176.58 W, 28, 120 MHz, 3996 MHz, 0 %, 0 %
2026/03/23 23:19:12.345, 0, 752.87 W, 40, 2032 MHz, 3996 MHz, 100 %, 63 %
2026/03/23 23:19:12.345, 1, 750.86 W, 42, 2032 MHz, 3996 MHz, 100 %, 63 %
2026/03/23 23:19:12.345, 2, 758.31 W, 40, 2032 MHz, 3996 MHz, 100 %, 64 %
2026/03/23 23:19:12.345, 3, 752.30 W, 43, 2032 MHz, 3996 MHz, 100 %, 63 %
2026/03/23 23:19:12.345, 4, 178.75 W, 26, 120 MHz, 3996 MHz, 0 %, 0 %
2026/03/23 23:19:12.345, 5, 180.58 W, 28, 120 MHz, 3996 MHz, 0 %, 0 %
2026/03/23 23:19:12.345, 6, 178.07 W, 27, 120 MHz, 3996 MHz, 0 %, 0 %
2026/03/23 23:19:12.345, 7, 176.58 W, 28, 120 MHz, 3996 MHz, 0 %, 0 %
2026/03/23 23:19:13.345, 0, 754.61 W, 40, 2032 MHz, 3996 MHz, 100 %, 63 %
2026/03/23 23:19:13.345, 1, 751.60 W, 42, 2032 MHz, 3996 MHz, 100 %, 63 %
2026/03/23 23:19:13.345, 2, 759.82 W, 40, 2032 MHz, 3996 MHz, 100 %, 64 %
2026/03/23 23:19:13.345, 3, 755.09 W, 43, 2032 MHz, 3996 MHz, 100 %, 64 %
2026/03/23 23:19:13.345, 4, 179.00 W, 26, 120 MHz, 3996 MHz, 0 %, 0 %
2026/03/23 23:19:13.345, 5, 180.58 W, 28, 120 MHz, 3996 MHz, 0 %, 0 %
2026/03/23 23:19:13.345, 6, 177.88 W, 27, 120 MHz, 3996 MHz, 0 %, 0 %
2026/03/23 23:19:13.345, 7, 176.58 W, 28, 120 MHz, 3996 MHz, 0 %, 0 %
2026/03/23 23:19:14.345, 0, 754.43 W, 40, 2032 MHz, 3996 MHz, 100 %, 63 %
2026/03/23 23:19:14.345, 1, 751.95 W, 42, 2032 MHz, 3996 MHz, 100 %, 64 %
2026/03/23 23:19:14.345, 2, 760.61 W, 40, 2032 MHz, 3996 MHz, 100 %, 64 %
2026/03/23 23:19:14.345, 3, 752.89 W, 43, 2032 MHz, 3996 MHz, 100 %, 64 %
2026/03/23 23:19:14.345, 4, 178.75 W, 26, 120 MHz, 3996 MHz, 0 %, 0 %
2026/03/23 23:19:14.345, 5, 180.58 W, 28, 120 MHz, 3996 MHz, 0 %, 0 %
2026/03/23 23:19:14.345, 6, 178.21 W, 27, 120 MHz, 3996 MHz, 0 %, 0 %
2026/03/23 23:19:14.345, 7, 176.58 W, 28, 120 MHz, 3996 MHz, 0 %, 0 %
2026/03/23 23:19:15.345, 0, 757.47 W, 40, 2032 MHz, 3996 MHz, 100 %, 63 %
2026/03/23 23:19:15.345, 1, 753.22 W, 43, 2032 MHz, 3996 MHz, 100 %, 64 %
2026/03/23 23:19:15.345, 2, 761.66 W, 40, 2032 MHz, 3996 MHz, 100 %, 64 %
2026/03/23 23:19:15.345, 3, 754.01 W, 43, 2032 MHz, 3996 MHz, 100 %, 64 %
2026/03/23 23:19:15.345, 4, 178.74 W, 26, 120 MHz, 3996 MHz, 0 %, 0 %
2026/03/23 23:19:15.345, 5, 180.58 W, 28, 120 MHz, 3996 MHz, 0 %, 0 %
2026/03/23 23:19:15.345, 6, 177.92 W, 27, 120 MHz, 3996 MHz, 0 %, 0 %
2026/03/23 23:19:15.345, 7, 176.58 W, 28, 120 MHz, 3996 MHz, 0 %, 0 %
2026/03/23 23:19:16.345, 0, 758.75 W, 40, 2032 MHz, 3996 MHz, 100 %, 64 %
2026/03/23 23:19:16.345, 1, 753.91 W, 43, 2032 MHz, 3996 MHz, 100 %, 64 %
2026/03/23 23:19:16.345, 2, 764.11 W, 40, 2032 MHz, 3996 MHz, 100 %, 65 %
2026/03/23 23:19:16.345, 3, 756.03 W, 43, 2032 MHz, 3996 MHz, 100 %, 64 %
2026/03/23 23:19:16.345, 4, 178.94 W, 26, 120 MHz, 3996 MHz, 0 %, 0 %
2026/03/23 23:19:16.345, 5, 180.58 W, 28, 120 MHz, 3996 MHz, 0 %, 0 %
2026/03/23 23:19:16.345, 6, 177.87 W, 27, 120 MHz, 3996 MHz, 0 %, 0 %
2026/03/23 23:19:16.345, 7, 176.58 W, 28, 120 MHz, 3996 MHz, 0 %, 0 %
2026/03/23 23:19:17.345, 0, 757.56 W, 40, 2032 MHz, 3996 MHz, 100 %, 64 %
2026/03/23 23:19:17.345, 1, 754.01 W, 43, 2032 MHz, 3996 MHz, 100 %, 63 %
2026/03/23 23:19:17.345, 2, 763.16 W, 40, 2032 MHz, 3996 MHz, 100 %, 64 %
2026/03/23 23:19:17.345, 3, 757.88 W, 44, 2032 MHz, 3996 MHz, 100 %, 64 %
2026/03/23 23:19:17.346, 4, 178.83 W, 26, 120 MHz, 3996 MHz, 0 %, 0 %
2026/03/23 23:19:17.346, 5, 180.58 W, 28, 120 MHz, 3996 MHz, 0 %, 0 %
2026/03/23 23:19:17.346, 6, 178.07 W, 27, 120 MHz, 3996 MHz, 0 %, 0 %
2026/03/23 23:19:17.346, 7, 176.58 W, 28, 120 MHz, 3996 MHz, 0 %, 0 %
2026/03/23 23:19:18.346, 0, 755.24 W, 40, 2032 MHz, 3996 MHz, 100 %, 63 %
2026/03/23 23:19:18.346, 1, 754.97 W, 43, 2032 MHz, 3996 MHz, 100 %, 63 %
2026/03/23 23:19:18.346, 2, 762.44 W, 40, 2032 MHz, 3996 MHz, 100 %, 64 %
2026/03/23 23:19:18.346, 3, 758.31 W, 44, 2032 MHz, 3996 MHz, 100 %, 65 %
2026/03/23 23:19:18.346, 4, 178.87 W, 26, 120 MHz, 3996 MHz, 0 %, 0 %
2026/03/23 23:19:18.346, 5, 180.58 W, 28, 120 MHz, 3996 MHz, 0 %, 0 %
2026/03/23 23:19:18.346, 6, 178.22 W, 27, 120 MHz, 3996 MHz, 0 %, 0 %
2026/03/23 23:19:18.346, 7, 176.58 W, 28, 120 MHz, 3996 MHz, 0 %, 0 %
2026/03/23 23:19:19.346, 0, 722.86 W, 39, 2032 MHz, 3996 MHz, 73 %, 45 %
2026/03/23 23:19:19.346, 1, 731.71 W, 42, 2032 MHz, 3996 MHz, 100 %, 64 %
2026/03/23 23:19:19.346, 2, 733.42 W, 39, 2032 MHz, 3996 MHz, 100 %, 65 %
2026/03/23 23:19:19.346, 3, 737.96 W, 44, 2032 MHz, 3996 MHz, 100 %, 64 %
2026/03/23 23:19:19.346, 4, 178.90 W, 26, 120 MHz, 3996 MHz, 0 %, 0 %
2026/03/23 23:19:19.346, 5, 180.58 W, 28, 120 MHz, 3996 MHz, 0 %, 0 %
2026/03/23 23:19:19.346, 6, 177.98 W, 27, 120 MHz, 3996 MHz, 0 %, 0 %
2026/03/23 23:19:19.346, 7, 176.58 W, 28, 120 MHz, 3996 MHz, 0 %, 0 %
2026/03/23 23:19:20.346, 0, 640.99 W, 39, 2032 MHz, 3996 MHz, 41 %, 18 %
2026/03/23 23:19:20.346, 1, 642.77 W, 42, 2032 MHz, 3996 MHz, 100 %, 64 %
2026/03/23 23:19:20.346, 2, 644.12 W, 39, 2032 MHz, 3996 MHz, 96 %, 44 %
2026/03/23 23:19:20.346, 3, 647.52 W, 42, 2032 MHz, 3996 MHz, 95 %, 40 %
2026/03/23 23:19:20.346, 4, 178.91 W, 26, 120 MHz, 3996 MHz, 0 %, 0 %
2026/03/23 23:19:20.346, 5, 180.58 W, 28, 120 MHz, 3996 MHz, 0 %, 0 %
2026/03/23 23:19:20.346, 6, 178.18 W, 27, 120 MHz, 3996 MHz, 0 %, 0 %
2026/03/23 23:19:20.346, 7, 176.58 W, 28, 120 MHz, 3996 MHz, 0 %, 0 %
2026/03/23 23:19:21.346, 0, 625.74 W, 40, 2032 MHz, 3996 MHz, 100 %, 63 %
2026/03/23 23:19:21.346, 1, 620.65 W, 42, 2032 MHz, 3996 MHz, 100 %, 63 %
2026/03/23 23:19:21.346, 2, 634.62 W, 40, 2032 MHz, 3996 MHz, 100 %, 64 %
2026/03/23 23:19:21.346, 3, 618.78 W, 43, 2032 MHz, 3996 MHz, 100 %, 63 %
2026/03/23 23:19:21.346, 4, 178.78 W, 26, 120 MHz, 3996 MHz, 0 %, 0 %
2026/03/23 23:19:21.346, 5, 180.58 W, 28, 120 MHz, 3996 MHz, 0 %, 0 %
2026/03/23 23:19:21.346, 6, 178.30 W, 27, 120 MHz, 3996 MHz, 0 %, 0 %
2026/03/23 23:19:21.346, 7, 176.58 W, 28, 120 MHz, 3996 MHz, 0 %, 0 %
2026/03/23 23:19:22.346, 0, 619.36 W, 39, 2032 MHz, 3996 MHz, 68 %, 30 %
2026/03/23 23:19:22.346, 1, 627.22 W, 41, 2032 MHz, 3996 MHz, 100 %, 62 %
2026/03/23 23:19:22.346, 2, 633.07 W, 39, 2032 MHz, 3996 MHz, 100 %, 63 %
2026/03/23 23:19:22.346, 3, 633.61 W, 43, 2032 MHz, 3996 MHz, 100 %, 63 %
2026/03/23 23:19:22.346, 4, 178.87 W, 26, 120 MHz, 3996 MHz, 0 %, 0 %
2026/03/23 23:19:22.346, 5, 180.58 W, 28, 120 MHz, 3996 MHz, 0 %, 0 %
2026/03/23 23:19:22.346, 6, 177.98 W, 27, 120 MHz, 3996 MHz, 0 %, 0 %
2026/03/23 23:19:22.346, 7, 176.58 W, 28, 120 MHz, 3996 MHz, 0 %, 0 %
2026/03/23 23:19:23.346, 0, 572.09 W, 38, 2032 MHz, 3996 MHz, 33 %, 17 %
2026/03/23 23:19:23.346, 1, 566.07 W, 41, 2032 MHz, 3996 MHz, 100 %, 51 %
2026/03/23 23:19:23.346, 2, 575.84 W, 38, 2032 MHz, 3996 MHz, 96 %, 59 %
2026/03/23 23:19:23.346, 3, 565.83 W, 42, 2032 MHz, 3996 MHz, 91 %, 51 %
2026/03/23 23:19:23.346, 4, 179.22 W, 26, 120 MHz, 3996 MHz, 0 %, 0 %
2026/03/23 23:19:23.346, 5, 180.58 W, 28, 120 MHz, 3996 MHz, 0 %, 0 %
2026/03/23 23:19:23.346, 6, 178.34 W, 27, 120 MHz, 3996 MHz, 0 %, 0 %
2026/03/23 23:19:23.346, 7, 176.58 W, 28, 120 MHz, 3996 MHz, 0 %, 0 %
2026/03/23 23:19:24.347, 0, 571.57 W, 39, 2032 MHz, 3996 MHz, 46 %, 22 %
2026/03/23 23:19:24.347, 1, 577.88 W, 41, 2032 MHz, 3996 MHz, 35 %, 18 %
2026/03/23 23:19:24.347, 2, 584.79 W, 38, 2032 MHz, 3996 MHz, 96 %, 18 %
2026/03/23 23:19:24.347, 3, 581.55 W, 42, 2032 MHz, 3996 MHz, 94 %, 19 %
2026/03/23 23:19:24.347, 4, 178.83 W, 26, 120 MHz, 3996 MHz, 0 %, 0 %
2026/03/23 23:19:24.347, 5, 180.58 W, 28, 120 MHz, 3996 MHz, 0 %, 0 %
2026/03/23 23:19:24.347, 6, 178.07 W, 27, 120 MHz, 3996 MHz, 0 %, 0 %
2026/03/23 23:19:24.347, 7, 176.58 W, 28, 120 MHz, 3996 MHz, 0 %, 0 %
2026/03/23 23:19:25.347, 0, 574.73 W, 39, 2032 MHz, 3996 MHz, 57 %, 24 %
2026/03/23 23:19:25.347, 1, 577.19 W, 41, 2032 MHz, 3996 MHz, 97 %, 50 %
2026/03/23 23:19:25.347, 2, 583.44 W, 38, 2032 MHz, 3996 MHz, 88 %, 35 %
2026/03/23 23:19:25.347, 3, 581.39 W, 42, 2032 MHz, 3996 MHz, 51 %, 29 %
2026/03/23 23:19:25.347, 4, 178.90 W, 26, 120 MHz, 3996 MHz, 0 %, 0 %
2026/03/23 23:19:25.347, 5, 180.58 W, 28, 120 MHz, 3996 MHz, 0 %, 0 %
2026/03/23 23:19:25.347, 6, 177.98 W, 27, 120 MHz, 3996 MHz, 0 %, 0 %
2026/03/23 23:19:25.347, 7, 176.58 W, 28, 120 MHz, 3996 MHz, 0 %, 0 %
2026/03/23 23:19:26.347, 0, 550.35 W, 38, 2032 MHz, 3996 MHz, 70 %, 42 %
2026/03/23 23:19:26.347, 1, 559.47 W, 41, 2032 MHz, 3996 MHz, 98 %, 18 %
2026/03/23 23:19:26.347, 2, 560.88 W, 38, 2032 MHz, 3996 MHz, 100 %, 38 %
2026/03/23 23:19:26.347, 3, 563.40 W, 41, 2032 MHz, 3996 MHz, 93 %, 41 %
2026/03/23 23:19:26.347, 4, 178.74 W, 26, 120 MHz, 3996 MHz, 0 %, 0 %
2026/03/23 23:19:26.347, 5, 180.58 W, 28, 120 MHz, 3996 MHz, 0 %, 0 %
2026/03/23 23:19:26.347, 6, 177.99 W, 27, 120 MHz, 3996 MHz, 0 %, 0 %
2026/03/23 23:19:26.347, 7, 176.58 W, 28, 120 MHz, 3996 MHz, 0 %, 0 %
2026/03/23 23:19:27.347, 0, 565.36 W, 38, 2032 MHz, 3996 MHz, 94 %, 18 %
2026/03/23 23:19:27.347, 1, 560.27 W, 40, 2032 MHz, 3996 MHz, 100 %, 23 %
2026/03/23 23:19:27.347, 2, 568.26 W, 38, 2032 MHz, 3996 MHz, 92 %, 38 %
2026/03/23 23:19:27.347, 3, 557.80 W, 42, 2032 MHz, 3996 MHz, 84 %, 37 %
2026/03/23 23:19:27.347, 4, 179.02 W, 26, 120 MHz, 3996 MHz, 0 %, 0 %
2026/03/23 23:19:27.347, 5, 180.58 W, 28, 120 MHz, 3996 MHz, 0 %, 0 %
2026/03/23 23:19:27.347, 6, 178.34 W, 27, 120 MHz, 3996 MHz, 0 %, 0 %
2026/03/23 23:19:27.347, 7, 176.58 W, 28, 120 MHz, 3996 MHz, 0 %, 0 %
2026/03/23 23:19:28.347, 0, 704.44 W, 40, 2032 MHz, 3996 MHz, 100 %, 62 %
2026/03/23 23:19:28.347, 1, 702.15 W, 42, 2032 MHz, 3996 MHz, 100 %, 33 %
2026/03/23 23:19:28.347, 2, 711.51 W, 40, 2032 MHz, 3996 MHz, 100 %, 58 %
2026/03/23 23:19:28.347, 3, 703.66 W, 43, 2032 MHz, 3996 MHz, 100 %, 63 %
2026/03/23 23:19:28.347, 4, 178.82 W, 26, 120 MHz, 3996 MHz, 0 %, 0 %
2026/03/23 23:19:28.347, 5, 180.58 W, 28, 120 MHz, 3996 MHz, 0 %, 0 %
2026/03/23 23:19:28.347, 6, 178.18 W, 27, 120 MHz, 3996 MHz, 0 %, 0 %
2026/03/23 23:19:28.347, 7, 176.58 W, 28, 120 MHz, 3996 MHz, 0 %, 0 %
2026/03/23 23:19:29.347, 0, 747.76 W, 41, 2032 MHz, 3996 MHz, 100 %, 62 %
2026/03/23 23:19:29.347, 1, 748.20 W, 43, 2032 MHz, 3996 MHz, 100 %, 63 %
2026/03/23 23:19:29.347, 2, 754.55 W, 41, 2032 MHz, 3996 MHz, 100 %, 63 %
2026/03/23 23:19:29.347, 3, 749.00 W, 44, 2032 MHz, 3996 MHz, 100 %, 63 %
2026/03/23 23:19:29.347, 4, 178.93 W, 26, 120 MHz, 3996 MHz, 0 %, 0 %
2026/03/23 23:19:29.347, 5, 180.58 W, 28, 120 MHz, 3996 MHz, 0 %, 0 %
2026/03/23 23:19:29.347, 6, 178.11 W, 27, 120 MHz, 3996 MHz, 0 %, 0 %
2026/03/23 23:19:29.347, 7, 176.58 W, 28, 120 MHz, 3996 MHz, 0 %, 0 %
2026/03/23 23:19:30.347, 0, 750.47 W, 41, 2032 MHz, 3996 MHz, 100 %, 63 %
2026/03/23 23:19:30.347, 1, 746.96 W, 43, 2032 MHz, 3996 MHz, 100 %, 62 %
2026/03/23 23:19:30.347, 2, 756.54 W, 41, 2032 MHz, 3996 MHz, 100 %, 64 %
2026/03/23 23:19:30.347, 3, 750.83 W, 44, 2032 MHz, 3996 MHz, 100 %, 63 %
2026/03/23 23:19:30.347, 4, 178.86 W, 26, 120 MHz, 3996 MHz, 0 %, 0 %
2026/03/23 23:19:30.347, 5, 180.58 W, 28, 120 MHz, 3996 MHz, 0 %, 0 %
2026/03/23 23:19:30.347, 6, 178.06 W, 27, 120 MHz, 3996 MHz, 0 %, 0 %
2026/03/23 23:19:30.347, 7, 176.58 W, 28, 120 MHz, 3996 MHz, 0 %, 0 %
2026/03/23 23:19:31.348, 0, 752.67 W, 41, 2032 MHz, 3996 MHz, 100 %, 63 %
2026/03/23 23:19:31.348, 1, 750.55 W, 43, 2032 MHz, 3996 MHz, 100 %, 64 %
2026/03/23 23:19:31.348, 2, 758.56 W, 41, 2032 MHz, 3996 MHz, 100 %, 63 %
2026/03/23 23:19:31.348, 3, 752.22 W, 44, 2032 MHz, 3996 MHz, 100 %, 63 %
2026/03/23 23:19:31.348, 4, 179.01 W, 26, 120 MHz, 3996 MHz, 0 %, 0 %
2026/03/23 23:19:31.348, 5, 180.58 W, 28, 120 MHz, 3996 MHz, 0 %, 0 %
2026/03/23 23:19:31.348, 6, 178.14 W, 27, 120 MHz, 3996 MHz, 0 %, 0 %
2026/03/23 23:19:31.348, 7, 176.58 W, 28, 120 MHz, 3996 MHz, 0 %, 0 %
2026/03/23 23:19:32.348, 0, 754.83 W, 41, 2032 MHz, 3996 MHz, 100 %, 63 %
2026/03/23 23:19:32.348, 1, 750.86 W, 44, 2032 MHz, 3996 MHz, 100 %, 63 %
2026/03/23 23:19:32.348, 2, 755.98 W, 41, 2032 MHz, 3996 MHz, 100 %, 63 %
2026/03/23 23:19:32.348, 3, 752.86 W, 44, 2032 MHz, 3996 MHz, 100 %, 64 %
2026/03/23 23:19:32.348, 4, 178.96 W, 26, 120 MHz, 3996 MHz, 0 %, 0 %
2026/03/23 23:19:32.348, 5, 180.58 W, 28, 120 MHz, 3996 MHz, 0 %, 0 %
2026/03/23 23:19:32.348, 6, 178.07 W, 27, 120 MHz, 3996 MHz, 0 %, 0 %
2026/03/23 23:19:32.348, 7, 176.58 W, 28, 120 MHz, 3996 MHz, 0 %, 0 %
2026/03/23 23:19:33.348, 0, 755.05 W, 41, 2032 MHz, 3996 MHz, 100 %, 64 %
2026/03/23 23:19:33.348, 1, 752.33 W, 44, 2032 MHz, 3996 MHz, 100 %, 64 %
2026/03/23 23:19:33.348, 2, 759.45 W, 41, 2032 MHz, 3996 MHz, 100 %, 63 %
2026/03/23 23:19:33.348, 3, 750.99 W, 45, 2032 MHz, 3996 MHz, 100 %, 63 %
2026/03/23 23:19:33.348, 4, 178.91 W, 26, 120 MHz, 3996 MHz, 0 %, 0 %
2026/03/23 23:19:33.348, 5, 180.58 W, 28, 120 MHz, 3996 MHz, 0 %, 0 %
2026/03/23 23:19:33.348, 6, 177.83 W, 27, 120 MHz, 3996 MHz, 0 %, 0 %
2026/03/23 23:19:33.348, 7, 176.58 W, 28, 120 MHz, 3996 MHz, 0 %, 0 %
2026/03/23 23:19:34.348, 0, 753.17 W, 41, 2032 MHz, 3996 MHz, 100 %, 63 %
2026/03/23 23:19:34.348, 1, 752.92 W, 44, 2032 MHz, 3996 MHz, 100 %, 63 %
2026/03/23 23:19:34.348, 2, 758.41 W, 41, 2032 MHz, 3996 MHz, 100 %, 64 %
2026/03/23 23:19:34.348, 3, 752.28 W, 45, 2032 MHz, 3996 MHz, 100 %, 64 %
2026/03/23 23:19:34.348, 4, 178.82 W, 26, 120 MHz, 3996 MHz, 0 %, 0 %
2026/03/23 23:19:34.348, 5, 180.58 W, 28, 120 MHz, 3996 MHz, 0 %, 0 %
2026/03/23 23:19:34.348, 6, 177.94 W, 27, 120 MHz, 3996 MHz, 0 %, 0 %
2026/03/23 23:19:34.348, 7, 176.58 W, 28, 120 MHz, 3996 MHz, 0 %, 0 %
2026/03/23 23:19:35.348, 0, 754.81 W, 41, 2032 MHz, 3996 MHz, 100 %, 63 %
2026/03/23 23:19:35.348, 1, 750.90 W, 44, 2032 MHz, 3996 MHz, 100 %, 62 %
2026/03/23 23:19:35.348, 2, 761.75 W, 41, 2032 MHz, 3996 MHz, 100 %, 64 %
2026/03/23 23:19:35.348, 3, 756.31 W, 45, 2032 MHz, 3996 MHz, 100 %, 63 %
2026/03/23 23:19:35.348, 4, 178.75 W, 26, 120 MHz, 3996 MHz, 0 %, 0 %
2026/03/23 23:19:35.348, 5, 180.58 W, 28, 120 MHz, 3996 MHz, 0 %, 0 %
2026/03/23 23:19:35.348, 6, 178.11 W, 27, 120 MHz, 3996 MHz, 0 %, 0 %
2026/03/23 23:19:35.348, 7, 176.58 W, 28, 120 MHz, 3996 MHz, 0 %, 0 %
2026/03/23 23:19:36.348, 0, 754.79 W, 41, 2032 MHz, 3996 MHz, 100 %, 63 %
2026/03/23 23:19:36.348, 1, 753.15 W, 44, 2032 MHz, 3996 MHz, 100 %, 64 %
2026/03/23 23:19:36.348, 2, 758.77 W, 41, 2032 MHz, 3996 MHz, 100 %, 64 %
2026/03/23 23:19:36.348, 3, 754.82 W, 45, 2032 MHz, 3996 MHz, 100 %, 64 %
2026/03/23 23:19:36.348, 4, 178.85 W, 26, 120 MHz, 3996 MHz, 0 %, 0 %
2026/03/23 23:19:36.348, 5, 180.58 W, 28, 120 MHz, 3996 MHz, 0 %, 0 %
2026/03/23 23:19:36.348, 6, 178.15 W, 27, 120 MHz, 3996 MHz, 0 %, 0 %
2026/03/23 23:19:36.348, 7, 176.58 W, 28, 120 MHz, 3996 MHz, 0 %, 0 %
2026/03/23 23:19:37.348, 0, 709.70 W, 40, 2032 MHz, 3996 MHz, 43 %, 18 %
2026/03/23 23:19:37.348, 1, 710.26 W, 42, 2032 MHz, 3996 MHz, 80 %, 41 %
2026/03/23 23:19:37.348, 2, 716.85 W, 39, 2032 MHz, 3996 MHz, 97 %, 61 %
2026/03/23 23:19:37.348, 3, 716.20 W, 43, 2032 MHz, 3996 MHz, 89 %, 56 %
2026/03/23 23:19:37.348, 4, 179.08 W, 26, 120 MHz, 3996 MHz, 0 %, 0 %
2026/03/23 23:19:37.348, 5, 180.58 W, 28, 120 MHz, 3996 MHz, 0 %, 0 %
2026/03/23 23:19:37.348, 6, 178.02 W, 26, 120 MHz, 3996 MHz, 0 %, 0 %
2026/03/23 23:19:37.348, 7, 176.58 W, 28, 120 MHz, 3996 MHz, 0 %, 0 %
2026/03/23 23:19:38.349, 0, 628.96 W, 40, 2032 MHz, 3996 MHz, 47 %, 21 %
2026/03/23 23:19:38.349, 1, 620.34 W, 43, 2032 MHz, 3996 MHz, 82 %, 18 %
2026/03/23 23:19:38.349, 2, 631.35 W, 40, 2032 MHz, 3996 MHz, 74 %, 39 %
2026/03/23 23:19:38.349, 3, 621.00 W, 44, 2032 MHz, 3996 MHz, 57 %, 34 %
2026/03/23 23:19:38.349, 4, 179.10 W, 25, 120 MHz, 3996 MHz, 0 %, 0 %
2026/03/23 23:19:38.349, 5, 180.58 W, 28, 120 MHz, 3996 MHz, 0 %, 0 %
2026/03/23 23:19:38.349, 6, 177.99 W, 26, 120 MHz, 3996 MHz, 0 %, 0 %
2026/03/23 23:19:38.349, 7, 176.58 W, 28, 120 MHz, 3996 MHz, 0 %, 0 %
2026/03/23 23:19:39.349, 0, 674.06 W, 40, 2032 MHz, 3996 MHz, 100 %, 64 %
2026/03/23 23:19:39.349, 1, 672.61 W, 43, 2032 MHz, 3996 MHz, 100 %, 55 %
2026/03/23 23:19:39.349, 2, 681.67 W, 40, 2032 MHz, 3996 MHz, 100 %, 36 %
2026/03/23 23:19:39.349, 3, 676.68 W, 44, 2032 MHz, 3996 MHz, 73 %, 41 %
2026/03/23 23:19:39.349, 4, 178.90 W, 25, 120 MHz, 3996 MHz, 0 %, 0 %
2026/03/23 23:19:39.349, 5, 180.58 W, 28, 120 MHz, 3996 MHz, 0 %, 0 %
2026/03/23 23:19:39.349, 6, 178.10 W, 26, 120 MHz, 3996 MHz, 0 %, 0 %
2026/03/23 23:19:39.349, 7, 176.58 W, 28, 120 MHz, 3996 MHz, 0 %, 0 %
2026/03/23 23:19:40.349, 0, 581.57 W, 38, 2032 MHz, 3996 MHz, 40 %, 18 %
2026/03/23 23:19:40.349, 1, 585.52 W, 42, 2032 MHz, 3996 MHz, 77 %, 23 %
2026/03/23 23:19:40.349, 2, 595.68 W, 39, 2032 MHz, 3996 MHz, 84 %, 25 %
2026/03/23 23:19:40.349, 3, 584.42 W, 43, 2032 MHz, 3996 MHz, 62 %, 25 %
2026/03/23 23:19:40.349, 4, 179.13 W, 25, 120 MHz, 3996 MHz, 0 %, 0 %
2026/03/23 23:19:40.349, 5, 180.58 W, 28, 120 MHz, 3996 MHz, 0 %, 0 %
2026/03/23 23:19:40.349, 6, 177.99 W, 26, 120 MHz, 3996 MHz, 0 %, 0 %
2026/03/23 23:19:40.349, 7, 176.58 W, 28, 120 MHz, 3996 MHz, 0 %, 0 %
2026/03/23 23:19:41.349, 0, 637.75 W, 40, 2032 MHz, 3996 MHz, 92 %, 58 %
2026/03/23 23:19:41.349, 1, 652.89 W, 43, 2032 MHz, 3996 MHz, 100 %, 64 %
2026/03/23 23:19:41.349, 2, 657.65 W, 39, 2032 MHz, 3996 MHz, 100 %, 65 %
2026/03/23 23:19:41.349, 3, 654.00 W, 43, 2032 MHz, 3996 MHz, 100 %, 65 %
2026/03/23 23:19:41.349, 4, 178.75 W, 25, 120 MHz, 3996 MHz, 0 %, 0 %
2026/03/23 23:19:41.349, 5, 180.58 W, 28, 120 MHz, 3996 MHz, 0 %, 0 %
2026/03/23 23:19:41.349, 6, 177.98 W, 26, 120 MHz, 3996 MHz, 0 %, 0 %
2026/03/23 23:19:41.349, 7, 176.58 W, 28, 120 MHz, 3996 MHz, 0 %, 0 %
2026/03/23 23:19:42.349, 0, 625.50 W, 40, 2032 MHz, 3996 MHz, 99 %, 63 %
2026/03/23 23:19:42.349, 1, 609.88 W, 43, 2032 MHz, 3996 MHz, 100 %, 38 %
2026/03/23 23:19:42.349, 2, 625.06 W, 40, 2032 MHz, 3996 MHz, 99 %, 20 %
2026/03/23 23:19:42.349, 3, 617.11 W, 44, 2032 MHz, 3996 MHz, 41 %, 23 %
2026/03/23 23:19:42.349, 4, 178.79 W, 25, 120 MHz, 3996 MHz, 0 %, 0 %
2026/03/23 23:19:42.349, 5, 180.58 W, 28, 120 MHz, 3996 MHz, 0 %, 0 %
2026/03/23 23:19:42.349, 6, 177.75 W, 26, 120 MHz, 3996 MHz, 0 %, 0 %
2026/03/23 23:19:42.349, 7, 176.58 W, 28, 120 MHz, 3996 MHz, 0 %, 0 %
2026/03/23 23:19:43.349, 0, 632.37 W, 39, 2032 MHz, 3996 MHz, 65 %, 39 %
2026/03/23 23:19:43.349, 1, 645.33 W, 42, 2032 MHz, 3996 MHz, 97 %, 63 %
2026/03/23 23:19:43.349, 2, 650.45 W, 39, 2032 MHz, 3996 MHz, 100 %, 65 %
2026/03/23 23:19:43.349, 3, 642.22 W, 43, 2032 MHz, 3996 MHz, 100 %, 64 %
2026/03/23 23:19:43.349, 4, 178.90 W, 25, 120 MHz, 3996 MHz, 0 %, 0 %
2026/03/23 23:19:43.349, 5, 180.58 W, 28, 120 MHz, 3996 MHz, 0 %, 0 %
2026/03/23 23:19:43.349, 6, 178.06 W, 26, 120 MHz, 3996 MHz, 0 %, 0 %
2026/03/23 23:19:43.349, 7, 176.58 W, 28, 120 MHz, 3996 MHz, 0 %, 0 %
2026/03/23 23:19:44.349, 0, 580.57 W, 39, 2032 MHz, 3996 MHz, 48 %, 19 %
2026/03/23 23:19:44.349, 1, 562.34 W, 42, 2032 MHz, 3996 MHz, 86 %, 21 %
2026/03/23 23:19:44.349, 2, 575.18 W, 39, 2032 MHz, 3996 MHz, 83 %, 41 %
2026/03/23 23:19:44.349, 3, 567.89 W, 43, 2032 MHz, 3996 MHz, 60 %, 33 %
2026/03/23 23:19:44.349, 4, 178.86 W, 25, 120 MHz, 3996 MHz, 0 %, 0 %
2026/03/23 23:19:44.349, 5, 180.58 W, 28, 120 MHz, 3996 MHz, 0 %, 0 %
2026/03/23 23:19:44.349, 6, 177.96 W, 26, 120 MHz, 3996 MHz, 0 %, 0 %
2026/03/23 23:19:44.349, 7, 176.58 W, 27, 120 MHz, 3996 MHz, 0 %, 0 %
2026/03/23 23:19:45.350, 0, 629.85 W, 40, 2032 MHz, 3996 MHz, 100 %, 64 %
2026/03/23 23:19:45.350, 1, 624.94 W, 43, 2032 MHz, 3996 MHz, 100 %, 47 %
2026/03/23 23:19:45.350, 2, 634.23 W, 40, 2032 MHz, 3996 MHz, 100 %, 28 %
2026/03/23 23:19:45.350, 3, 628.30 W, 44, 2032 MHz, 3996 MHz, 56 %, 34 %
2026/03/23 23:19:45.350, 4, 178.98 W, 25, 120 MHz, 3996 MHz, 0 %, 0 %
2026/03/23 23:19:45.350, 5, 180.58 W, 28, 120 MHz, 3996 MHz, 0 %, 0 %
2026/03/23 23:19:45.350, 6, 177.99 W, 26, 120 MHz, 3996 MHz, 0 %, 0 %
2026/03/23 23:19:45.350, 7, 176.58 W, 27, 120 MHz, 3996 MHz, 0 %, 0 %
2026/03/23 23:19:46.350, 0, 620.75 W, 40, 2032 MHz, 3996 MHz, 100 %, 65 %
2026/03/23 23:19:46.350, 1, 630.49 W, 43, 2032 MHz, 3996 MHz, 100 %, 64 %
2026/03/23 23:19:46.350, 2, 636.92 W, 40, 2032 MHz, 3996 MHz, 100 %, 65 %
2026/03/23 23:19:46.350, 3, 628.84 W, 44, 2032 MHz, 3996 MHz, 100 %, 64 %
2026/03/23 23:19:46.350, 4, 178.77 W, 25, 120 MHz, 3996 MHz, 0 %, 0 %
2026/03/23 23:19:46.350, 5, 180.58 W, 28, 120 MHz, 3996 MHz, 0 %, 0 %
2026/03/23 23:19:46.350, 6, 177.86 W, 26, 120 MHz, 3996 MHz, 0 %, 0 %
2026/03/23 23:19:46.350, 7, 176.58 W, 27, 120 MHz, 3996 MHz, 0 %, 0 %
2026/03/23 23:19:47.350, 0, 670.05 W, 40, 2032 MHz, 3996 MHz, 100 %, 64 %
2026/03/23 23:19:47.350, 1, 672.23 W, 43, 2032 MHz, 3996 MHz, 100 %, 62 %
2026/03/23 23:19:47.350, 2, 674.62 W, 40, 2032 MHz, 3996 MHz, 100 %, 42 %
2026/03/23 23:19:47.350, 3, 670.54 W, 44, 2032 MHz, 3996 MHz, 100 %, 49 %
2026/03/23 23:19:47.350, 4, 178.84 W, 25, 120 MHz, 3996 MHz, 0 %, 0 %
2026/03/23 23:19:47.350, 5, 180.58 W, 28, 120 MHz, 3996 MHz, 0 %, 0 %
2026/03/23 23:19:47.350, 6, 178.37 W, 26, 120 MHz, 3996 MHz, 0 %, 0 %
2026/03/23 23:19:47.350, 7, 176.58 W, 27, 120 MHz, 3996 MHz, 0 %, 0 %
2026/03/23 23:19:48.350, 0, 762.47 W, 41, 2032 MHz, 3996 MHz, 100 %, 65 %
2026/03/23 23:19:48.350, 1, 763.53 W, 44, 2032 MHz, 3996 MHz, 100 %, 66 %
2026/03/23 23:19:48.350, 2, 768.33 W, 41, 2032 MHz, 3996 MHz, 100 %, 66 %
2026/03/23 23:19:48.350, 3, 760.39 W, 45, 2032 MHz, 3996 MHz, 100 %, 65 %
2026/03/23 23:19:48.350, 4, 179.02 W, 25, 120 MHz, 3996 MHz, 0 %, 0 %
2026/03/23 23:19:48.350, 5, 180.58 W, 28, 120 MHz, 3996 MHz, 0 %, 0 %
2026/03/23 23:19:48.350, 6, 177.90 W, 26, 120 MHz, 3996 MHz, 0 %, 0 %
2026/03/23 23:19:48.350, 7, 176.58 W, 27, 120 MHz, 3996 MHz, 0 %, 0 %
2026/03/23 23:19:49.350, 0, 764.67 W, 41, 2032 MHz, 3996 MHz, 100 %, 64 %
2026/03/23 23:19:49.350, 1, 765.63 W, 44, 2032 MHz, 3996 MHz, 100 %, 66 %
2026/03/23 23:19:49.350, 2, 774.45 W, 41, 2032 MHz, 3996 MHz, 100 %, 66 %
2026/03/23 23:19:49.350, 3, 763.77 W, 45, 2032 MHz, 3996 MHz, 100 %, 65 %
2026/03/23 23:19:49.350, 4, 178.89 W, 25, 120 MHz, 3996 MHz, 0 %, 0 %
2026/03/23 23:19:49.350, 5, 180.58 W, 28, 120 MHz, 3996 MHz, 0 %, 0 %
2026/03/23 23:19:49.350, 6, 177.57 W, 26, 120 MHz, 3996 MHz, 0 %, 0 %
2026/03/23 23:19:49.350, 7, 176.58 W, 27, 120 MHz, 3996 MHz, 0 %, 0 %
2026/03/23 23:19:50.350, 0, 764.64 W, 41, 2032 MHz, 3996 MHz, 100 %, 65 %
2026/03/23 23:19:50.350, 1, 766.48 W, 44, 2032 MHz, 3996 MHz, 100 %, 66 %
2026/03/23 23:19:50.350, 2, 772.19 W, 41, 2032 MHz, 3996 MHz, 100 %, 66 %
2026/03/23 23:19:50.350, 3, 763.39 W, 45, 2032 MHz, 3996 MHz, 100 %, 65 %
2026/03/23 23:19:50.350, 4, 178.82 W, 25, 120 MHz, 3996 MHz, 0 %, 0 %
2026/03/23 23:19:50.350, 5, 180.58 W, 28, 120 MHz, 3996 MHz, 0 %, 0 %
2026/03/23 23:19:50.350, 6, 177.94 W, 26, 120 MHz, 3996 MHz, 0 %, 0 %
2026/03/23 23:19:50.350, 7, 176.58 W, 27, 120 MHz, 3996 MHz, 0 %, 0 %
2026/03/23 23:19:51.350, 0, 766.97 W, 41, 2032 MHz, 3996 MHz, 100 %, 65 %
2026/03/23 23:19:51.350, 1, 766.24 W, 44, 2032 MHz, 3996 MHz, 100 %, 65 %
2026/03/23 23:19:51.350, 2, 774.68 W, 41, 2032 MHz, 3996 MHz, 100 %, 66 %
2026/03/23 23:19:51.350, 3, 767.92 W, 45, 2032 MHz, 3996 MHz, 100 %, 65 %
2026/03/23 23:19:51.350, 4, 178.97 W, 25, 120 MHz, 3996 MHz, 0 %, 0 %
2026/03/23 23:19:51.350, 5, 180.58 W, 28, 120 MHz, 3996 MHz, 0 %, 0 %
2026/03/23 23:19:51.350, 6, 177.88 W, 26, 120 MHz, 3996 MHz, 0 %, 0 %
2026/03/23 23:19:51.350, 7, 176.58 W, 27, 120 MHz, 3996 MHz, 0 %, 0 %
2026/03/23 23:19:52.351, 0, 769.03 W, 41, 2032 MHz, 3996 MHz, 100 %, 64 %
2026/03/23 23:19:52.351, 1, 766.24 W, 44, 2032 MHz, 3996 MHz, 100 %, 66 %
2026/03/23 23:19:52.351, 2, 775.53 W, 41, 2032 MHz, 3996 MHz, 100 %, 66 %
2026/03/23 23:19:52.351, 3, 765.42 W, 45, 2032 MHz, 3996 MHz, 100 %, 65 %
2026/03/23 23:19:52.351, 4, 178.87 W, 25, 120 MHz, 3996 MHz, 0 %, 0 %
2026/03/23 23:19:52.351, 5, 180.58 W, 28, 120 MHz, 3996 MHz, 0 %, 0 %
2026/03/23 23:19:52.351, 6, 178.02 W, 26, 120 MHz, 3996 MHz, 0 %, 0 %
2026/03/23 23:19:52.351, 7, 176.58 W, 27, 120 MHz, 3996 MHz, 0 %, 0 %
2026/03/23 23:19:53.351, 0, 765.80 W, 41, 2032 MHz, 3996 MHz, 100 %, 65 %
2026/03/23 23:19:53.351, 1, 769.02 W, 44, 2032 MHz, 3996 MHz, 100 %, 65 %
2026/03/23 23:19:53.351, 2, 774.86 W, 41, 2032 MHz, 3996 MHz, 100 %, 65 %
2026/03/23 23:19:53.351, 3, 764.91 W, 45, 2032 MHz, 3996 MHz, 100 %, 65 %
2026/03/23 23:19:53.351, 4, 178.93 W, 25, 120 MHz, 3996 MHz, 0 %, 0 %
2026/03/23 23:19:53.351, 5, 180.58 W, 28, 120 MHz, 3996 MHz, 0 %, 0 %
2026/03/23 23:19:53.351, 6, 177.58 W, 26, 120 MHz, 3996 MHz, 0 %, 0 %
2026/03/23 23:19:53.351, 7, 176.58 W, 27, 120 MHz, 3996 MHz, 0 %, 0 %
2026/03/23 23:19:54.351, 0, 768.42 W, 41, 2032 MHz, 3996 MHz, 100 %, 65 %
2026/03/23 23:19:54.351, 1, 767.55 W, 44, 2032 MHz, 3996 MHz, 100 %, 66 %
2026/03/23 23:19:54.351, 2, 777.33 W, 42, 2032 MHz, 3996 MHz, 100 %, 67 %
2026/03/23 23:19:54.351, 3, 763.69 W, 45, 2032 MHz, 3996 MHz, 100 %, 65 %
2026/03/23 23:19:54.351, 4, 178.87 W, 25, 120 MHz, 3996 MHz, 0 %, 0 %
2026/03/23 23:19:54.351, 5, 180.58 W, 28, 120 MHz, 3996 MHz, 0 %, 0 %
2026/03/23 23:19:54.351, 6, 177.67 W, 26, 120 MHz, 3996 MHz, 0 %, 0 %
2026/03/23 23:19:54.351, 7, 176.58 W, 27, 120 MHz, 3996 MHz, 0 %, 0 %
2026/03/23 23:19:55.351, 0, 725.00 W, 41, 2032 MHz, 3996 MHz, 100 %, 66 %
2026/03/23 23:19:55.351, 1, 721.47 W, 44, 2032 MHz, 3996 MHz, 100 %, 66 %
2026/03/23 23:19:55.351, 2, 727.16 W, 41, 2032 MHz, 3996 MHz, 100 %, 66 %
2026/03/23 23:19:55.351, 3, 727.09 W, 45, 2032 MHz, 3996 MHz, 100 %, 66 %
2026/03/23 23:19:55.351, 4, 178.99 W, 25, 120 MHz, 3996 MHz, 0 %, 0 %
2026/03/23 23:19:55.351, 5, 180.58 W, 28, 120 MHz, 3996 MHz, 0 %, 0 %
2026/03/23 23:19:55.351, 6, 177.88 W, 26, 120 MHz, 3996 MHz, 0 %, 0 %
2026/03/23 23:19:55.351, 7, 176.58 W, 27, 120 MHz, 3996 MHz, 0 %, 0 %
2026/03/23 23:19:56.351, 0, 728.44 W, 41, 2032 MHz, 3996 MHz, 100 %, 65 %
2026/03/23 23:19:56.351, 1, 723.31 W, 44, 2032 MHz, 3996 MHz, 100 %, 66 %
2026/03/23 23:19:56.351, 2, 731.32 W, 41, 2032 MHz, 3996 MHz, 100 %, 66 %
2026/03/23 23:19:56.351, 3, 721.52 W, 45, 2032 MHz, 3996 MHz, 100 %, 66 %
2026/03/23 23:19:56.351, 4, 178.71 W, 25, 120 MHz, 3996 MHz, 0 %, 0 %
2026/03/23 23:19:56.351, 5, 180.58 W, 28, 120 MHz, 3996 MHz, 0 %, 0 %
2026/03/23 23:19:56.351, 6, 177.75 W, 26, 120 MHz, 3996 MHz, 0 %, 0 %
2026/03/23 23:19:56.351, 7, 176.58 W, 27, 120 MHz, 3996 MHz, 0 %, 0 %
2026/03/23 23:19:57.351, 0, 620.28 W, 40, 2032 MHz, 3996 MHz, 55 %, 33 %
2026/03/23 23:19:57.351, 1, 633.56 W, 43, 2032 MHz, 3996 MHz, 91 %, 18 %
2026/03/23 23:19:57.351, 2, 641.32 W, 40, 2032 MHz, 3996 MHz, 73 %, 30 %
2026/03/23 23:19:57.351, 3, 633.01 W, 44, 2032 MHz, 3996 MHz, 48 %, 24 %
2026/03/23 23:19:57.351, 4, 178.79 W, 25, 120 MHz, 3996 MHz, 0 %, 0 %
2026/03/23 23:19:57.351, 5, 180.58 W, 28, 120 MHz, 3996 MHz, 0 %, 0 %
2026/03/23 23:19:57.351, 6, 177.77 W, 26, 120 MHz, 3996 MHz, 0 %, 0 %
2026/03/23 23:19:57.351, 7, 176.58 W, 27, 120 MHz, 3996 MHz, 0 %, 0 %
2026/03/23 23:19:58.351, 0, 642.48 W, 40, 2032 MHz, 3996 MHz, 86 %, 54 %
2026/03/23 23:19:58.351, 1, 636.54 W, 43, 2032 MHz, 3996 MHz, 100 %, 29 %
2026/03/23 23:19:58.351, 2, 638.25 W, 40, 2032 MHz, 3996 MHz, 85 %, 18 %
2026/03/23 23:19:58.351, 3, 634.40 W, 44, 2032 MHz, 3996 MHz, 37 %, 19 %
2026/03/23 23:19:58.351, 4, 179.04 W, 25, 120 MHz, 3996 MHz, 0 %, 0 %
2026/03/23 23:19:58.351, 5, 180.58 W, 28, 120 MHz, 3996 MHz, 0 %, 0 %
2026/03/23 23:19:58.351, 6, 177.61 W, 26, 120 MHz, 3996 MHz, 0 %, 0 %
2026/03/23 23:19:58.352, 7, 176.58 W, 27, 120 MHz, 3996 MHz, 0 %, 0 %
2026/03/23 23:19:59.352, 0, 712.21 W, 40, 2032 MHz, 3996 MHz, 96 %, 61 %
2026/03/23 23:19:59.352, 1, 713.96 W, 44, 2032 MHz, 3996 MHz, 100 %, 39 %
2026/03/23 23:19:59.352, 2, 720.28 W, 41, 2032 MHz, 3996 MHz, 100 %, 20 %
2026/03/23 23:19:59.352, 3, 718.58 W, 44, 2032 MHz, 3996 MHz, 90 %, 24 %
2026/03/23 23:19:59.352, 4, 178.71 W, 25, 120 MHz, 3996 MHz, 0 %, 0 %
2026/03/23 23:19:59.352, 5, 180.58 W, 28, 120 MHz, 3996 MHz, 0 %, 0 %
2026/03/23 23:19:59.352, 6, 177.63 W, 26, 120 MHz, 3996 MHz, 0 %, 0 %
2026/03/23 23:19:59.352, 7, 176.58 W, 27, 120 MHz, 3996 MHz, 0 %, 0 %
2026/03/23 23:20:00.352, 0, 554.23 W, 39, 2032 MHz, 3996 MHz, 43 %, 18 %
2026/03/23 23:20:00.352, 1, 562.00 W, 42, 2032 MHz, 3996 MHz, 100 %, 64 %
2026/03/23 23:20:00.352, 2, 570.25 W, 39, 2032 MHz, 3996 MHz, 100 %, 59 %
2026/03/23 23:20:00.352, 3, 569.62 W, 43, 2032 MHz, 3996 MHz, 100 %, 65 %
2026/03/23 23:20:00.352, 4, 178.71 W, 25, 120 MHz, 3996 MHz, 0 %, 0 %
2026/03/23 23:20:00.352, 5, 180.58 W, 28, 120 MHz, 3996 MHz, 0 %, 0 %
2026/03/23 23:20:00.352, 6, 177.71 W, 26, 120 MHz, 3996 MHz, 0 %, 0 %
2026/03/23 23:20:00.352, 7, 176.58 W, 27, 120 MHz, 3996 MHz, 0 %, 0 %
2026/03/23 23:20:01.352, 0, 613.48 W, 39, 2032 MHz, 3996 MHz, 50 %, 18 %
2026/03/23 23:20:01.352, 1, 608.72 W, 42, 2032 MHz, 3996 MHz, 84 %, 32 %
2026/03/23 23:20:01.352, 2, 609.59 W, 39, 2032 MHz, 3996 MHz, 86 %, 49 %
2026/03/23 23:20:01.352, 3, 602.96 W, 43, 2032 MHz, 3996 MHz, 77 %, 46 %
2026/03/23 23:20:01.352, 4, 178.71 W, 25, 120 MHz, 3996 MHz, 0 %, 0 %
2026/03/23 23:20:01.352, 5, 180.58 W, 28, 120 MHz, 3996 MHz, 0 %, 0 %
2026/03/23 23:20:01.352, 6, 177.61 W, 26, 120 MHz, 3996 MHz, 0 %, 0 %
2026/03/23 23:20:01.352, 7, 176.58 W, 27, 120 MHz, 3996 MHz, 0 %, 0 %
2026/03/23 23:20:02.352, 0, 597.77 W, 39, 2032 MHz, 3996 MHz, 34 %, 17 %
2026/03/23 23:20:02.352, 1, 607.66 W, 42, 2032 MHz, 3996 MHz, 100 %, 62 %
2026/03/23 23:20:02.352, 2, 612.73 W, 39, 2032 MHz, 3996 MHz, 100 %, 62 %
2026/03/23 23:20:02.352, 3, 609.86 W, 43, 2032 MHz, 3996 MHz, 100 %, 62 %
2026/03/23 23:20:02.352, 4, 178.82 W, 25, 120 MHz, 3996 MHz, 0 %, 0 %
2026/03/23 23:20:02.352, 5, 180.58 W, 28, 120 MHz, 3996 MHz, 0 %, 0 %
2026/03/23 23:20:02.352, 6, 177.69 W, 26, 120 MHz, 3996 MHz, 0 %, 0 %
2026/03/23 23:20:02.352, 7, 176.58 W, 27, 120 MHz, 3996 MHz, 0 %, 0 %
2026/03/23 23:20:03.352, 0, 613.72 W, 39, 2032 MHz, 3996 MHz, 99 %, 61 %
2026/03/23 23:20:03.352, 1, 608.99 W, 42, 2032 MHz, 3996 MHz, 100 %, 62 %
2026/03/23 23:20:03.352, 2, 611.99 W, 39, 2032 MHz, 3996 MHz, 100 %, 62 %
2026/03/23 23:20:03.352, 3, 615.29 W, 43, 2032 MHz, 3996 MHz, 100 %, 62 %
2026/03/23 23:20:03.352, 4, 178.88 W, 25, 120 MHz, 3996 MHz, 0 %, 0 %
2026/03/23 23:20:03.352, 5, 180.58 W, 28, 120 MHz, 3996 MHz, 0 %, 0 %
2026/03/23 23:20:03.352, 6, 177.87 W, 26, 120 MHz, 3996 MHz, 0 %, 0 %
2026/03/23 23:20:03.352, 7, 176.58 W, 27, 120 MHz, 3996 MHz, 0 %, 0 %
2026/03/23 23:20:04.352, 0, 613.22 W, 40, 2032 MHz, 3996 MHz, 99 %, 60 %
2026/03/23 23:20:04.352, 1, 623.43 W, 43, 2032 MHz, 3996 MHz, 100 %, 62 %
2026/03/23 23:20:04.352, 2, 629.07 W, 40, 2032 MHz, 3996 MHz, 100 %, 62 %
2026/03/23 23:20:04.352, 3, 621.93 W, 44, 2032 MHz, 3996 MHz, 100 %, 62 %
2026/03/23 23:20:04.352, 4, 178.68 W, 25, 120 MHz, 3996 MHz, 0 %, 0 %
2026/03/23 23:20:04.352, 5, 180.58 W, 28, 120 MHz, 3996 MHz, 0 %, 0 %
2026/03/23 23:20:04.352, 6, 177.87 W, 26, 120 MHz, 3996 MHz, 0 %, 0 %
2026/03/23 23:20:04.352, 7, 176.58 W, 27, 120 MHz, 3996 MHz, 0 %, 0 %
2026/03/23 23:20:05.352, 0, 641.95 W, 40, 2032 MHz, 3996 MHz, 85 %, 35 %
2026/03/23 23:20:05.352, 1, 654.59 W, 43, 2032 MHz, 3996 MHz, 100 %, 55 %
2026/03/23 23:20:05.352, 2, 655.09 W, 40, 2032 MHz, 3996 MHz, 78 %, 40 %
2026/03/23 23:20:05.352, 3, 654.14 W, 44, 2032 MHz, 3996 MHz, 100 %, 43 %
2026/03/23 23:20:05.352, 4, 178.71 W, 25, 120 MHz, 3996 MHz, 0 %, 0 %
2026/03/23 23:20:05.353, 5, 180.58 W, 28, 120 MHz, 3996 MHz, 0 %, 0 %
2026/03/23 23:20:05.353, 6, 177.90 W, 26, 120 MHz, 3996 MHz, 0 %, 0 %
2026/03/23 23:20:05.353, 7, 176.58 W, 27, 120 MHz, 3996 MHz, 0 %, 0 %
2026/03/23 23:20:06.353, 0, 692.80 W, 40, 2032 MHz, 3996 MHz, 100 %, 60 %
2026/03/23 23:20:06.353, 1, 696.91 W, 43, 2032 MHz, 3996 MHz, 100 %, 61 %
2026/03/23 23:20:06.353, 2, 700.22 W, 40, 2032 MHz, 3996 MHz, 100 %, 61 %
2026/03/23 23:20:06.353, 3, 698.45 W, 44, 2032 MHz, 3996 MHz, 100 %, 61 %
2026/03/23 23:20:06.353, 4, 178.79 W, 25, 120 MHz, 3996 MHz, 0 %, 0 %
2026/03/23 23:20:06.353, 5, 180.58 W, 28, 120 MHz, 3996 MHz, 0 %, 0 %
2026/03/23 23:20:06.353, 6, 177.79 W, 26, 120 MHz, 3996 MHz, 0 %, 0 %
2026/03/23 23:20:06.353, 7, 176.58 W, 27, 120 MHz, 3996 MHz, 0 %, 0 %
2026/03/23 23:20:07.353, 0, 735.60 W, 41, 2032 MHz, 3996 MHz, 100 %, 60 %
2026/03/23 23:20:07.353, 1, 737.72 W, 44, 2032 MHz, 3996 MHz, 100 %, 61 %
2026/03/23 23:20:07.353, 2, 741.93 W, 41, 2032 MHz, 3996 MHz, 100 %, 62 %
2026/03/23 23:20:07.353, 3, 739.94 W, 45, 2032 MHz, 3996 MHz, 100 %, 61 %
2026/03/23 23:20:07.353, 4, 178.87 W, 25, 120 MHz, 3996 MHz, 0 %, 0 %
2026/03/23 23:20:07.353, 5, 180.58 W, 28, 120 MHz, 3996 MHz, 0 %, 0 %
2026/03/23 23:20:07.353, 6, 177.84 W, 26, 120 MHz, 3996 MHz, 0 %, 0 %
2026/03/23 23:20:07.353, 7, 176.58 W, 27, 120 MHz, 3996 MHz, 0 %, 0 %
2026/03/23 23:20:08.353, 0, 736.53 W, 41, 2032 MHz, 3996 MHz, 100 %, 60 %
2026/03/23 23:20:08.353, 1, 738.34 W, 44, 2032 MHz, 3996 MHz, 100 %, 61 %
2026/03/23 23:20:08.353, 2, 743.36 W, 41, 2032 MHz, 3996 MHz, 100 %, 62 %
2026/03/23 23:20:08.353, 3, 740.61 W, 45, 2032 MHz, 3996 MHz, 100 %, 62 %
2026/03/23 23:20:08.353, 4, 178.67 W, 25, 120 MHz, 3996 MHz, 0 %, 0 %
2026/03/23 23:20:08.353, 5, 180.58 W, 28, 120 MHz, 3996 MHz, 0 %, 0 %
2026/03/23 23:20:08.353, 6, 177.65 W, 26, 120 MHz, 3996 MHz, 0 %, 0 %
2026/03/23 23:20:08.353, 7, 176.58 W, 27, 120 MHz, 3996 MHz, 0 %, 0 %
2026/03/23 23:20:09.353, 0, 737.79 W, 41, 2032 MHz, 3996 MHz, 100 %, 60 %
2026/03/23 23:20:09.353, 1, 739.53 W, 44, 2032 MHz, 3996 MHz, 100 %, 62 %
2026/03/23 23:20:09.353, 2, 743.12 W, 41, 2032 MHz, 3996 MHz, 100 %, 61 %
2026/03/23 23:20:09.353, 3, 743.30 W, 45, 2032 MHz, 3996 MHz, 100 %, 62 %
2026/03/23 23:20:09.353, 4, 178.74 W, 25, 120 MHz, 3996 MHz, 0 %, 0 %
2026/03/23 23:20:09.353, 5, 180.58 W, 28, 120 MHz, 3996 MHz, 0 %, 0 %
2026/03/23 23:20:09.353, 6, 177.55 W, 26, 120 MHz, 3996 MHz, 0 %, 0 %
2026/03/23 23:20:09.353, 7, 176.58 W, 27, 120 MHz, 3996 MHz, 0 %, 0 %
2026/03/23 23:20:10.353, 0, 738.91 W, 41, 2032 MHz, 3996 MHz, 100 %, 60 %
2026/03/23 23:20:10.353, 1, 739.54 W, 44, 2032 MHz, 3996 MHz, 100 %, 61 %
2026/03/23 23:20:10.353, 2, 744.59 W, 41, 2032 MHz, 3996 MHz, 100 %, 62 %
2026/03/23 23:20:10.353, 3, 743.29 W, 45, 2032 MHz, 3996 MHz, 100 %, 61 %
2026/03/23 23:20:10.353, 4, 178.85 W, 25, 120 MHz, 3996 MHz, 0 %, 0 %
2026/03/23 23:20:10.353, 5, 180.58 W, 28, 120 MHz, 3996 MHz, 0 %, 0 %
2026/03/23 23:20:10.353, 6, 177.84 W, 26, 120 MHz, 3996 MHz, 0 %, 0 %
2026/03/23 23:20:10.353, 7, 176.58 W, 27, 120 MHz, 3996 MHz, 0 %, 0 %
2026/03/23 23:20:11.353, 0, 739.61 W, 41, 2032 MHz, 3996 MHz, 100 %, 61 %
2026/03/23 23:20:11.353, 1, 739.29 W, 44, 2032 MHz, 3996 MHz, 100 %, 61 %
2026/03/23 23:20:11.353, 2, 745.24 W, 41, 2032 MHz, 3996 MHz, 100 %, 61 %
2026/03/23 23:20:11.353, 3, 743.92 W, 45, 2032 MHz, 3996 MHz, 100 %, 62 %
2026/03/23 23:20:11.353, 4, 178.91 W, 25, 120 MHz, 3996 MHz, 0 %, 0 %
2026/03/23 23:20:11.353, 5, 180.58 W, 28, 120 MHz, 3996 MHz, 0 %, 0 %
2026/03/23 23:20:11.353, 6, 177.98 W, 26, 120 MHz, 3996 MHz, 0 %, 0 %
2026/03/23 23:20:11.353, 7, 176.58 W, 27, 120 MHz, 3996 MHz, 0 %, 0 %
2026/03/23 23:20:12.353, 0, 741.66 W, 41, 2032 MHz, 3996 MHz, 100 %, 61 %
2026/03/23 23:20:12.353, 1, 741.96 W, 44, 2032 MHz, 3996 MHz, 100 %, 61 %
2026/03/23 23:20:12.353, 2, 744.13 W, 41, 2032 MHz, 3996 MHz, 100 %, 61 %
2026/03/23 23:20:12.353, 3, 743.05 W, 45, 2032 MHz, 3996 MHz, 100 %, 62 %
2026/03/23 23:20:12.353, 4, 178.85 W, 25, 120 MHz, 3996 MHz, 0 %, 0 %
2026/03/23 23:20:12.353, 5, 180.58 W, 28, 120 MHz, 3996 MHz, 0 %, 0 %
2026/03/23 23:20:12.353, 6, 177.67 W, 26, 120 MHz, 3996 MHz, 0 %, 0 %
2026/03/23 23:20:12.353, 7, 176.58 W, 27, 120 MHz, 3996 MHz, 0 %, 0 %
2026/03/23 23:20:13.354, 0, 695.21 W, 41, 2032 MHz, 3996 MHz, 100 %, 60 %
2026/03/23 23:20:13.354, 1, 696.52 W, 44, 2032 MHz, 3996 MHz, 100 %, 61 %
2026/03/23 23:20:13.354, 2, 698.56 W, 41, 2032 MHz, 3996 MHz, 100 %, 61 %
2026/03/23 23:20:13.354, 3, 698.85 W, 45, 2032 MHz, 3996 MHz, 100 %, 61 %
2026/03/23 23:20:13.354, 4, 178.78 W, 25, 120 MHz, 3996 MHz, 0 %, 0 %
2026/03/23 23:20:13.354, 5, 180.58 W, 28, 120 MHz, 3996 MHz, 0 %, 0 %
2026/03/23 23:20:13.354, 6, 177.84 W, 26, 120 MHz, 3996 MHz, 0 %, 0 %
2026/03/23 23:20:13.354, 7, 176.58 W, 27, 120 MHz, 3996 MHz, 0 %, 0 %
2026/03/23 23:20:14.354, 0, 613.51 W, 40, 2032 MHz, 3996 MHz, 88 %, 53 %
2026/03/23 23:20:14.354, 1, 615.03 W, 43, 2032 MHz, 3996 MHz, 100 %, 62 %
2026/03/23 23:20:14.354, 2, 620.36 W, 40, 2032 MHz, 3996 MHz, 100 %, 57 %
2026/03/23 23:20:14.354, 3, 618.65 W, 44, 2032 MHz, 3996 MHz, 100 %, 61 %
2026/03/23 23:20:14.354, 4, 178.71 W, 25, 120 MHz, 3996 MHz, 0 %, 0 %
2026/03/23 23:20:14.354, 5, 180.58 W, 28, 120 MHz, 3996 MHz, 0 %, 0 %
2026/03/23 23:20:14.354, 6, 177.59 W, 26, 120 MHz, 3996 MHz, 0 %, 0 %
2026/03/23 23:20:14.354, 7, 176.58 W, 27, 120 MHz, 3996 MHz, 0 %, 0 %
2026/03/23 23:20:15.354, 0, 622.31 W, 40, 2032 MHz, 3996 MHz, 70 %, 42 %
2026/03/23 23:20:15.354, 1, 621.33 W, 43, 2032 MHz, 3996 MHz, 100 %, 61 %
2026/03/23 23:20:15.354, 2, 628.31 W, 40, 2032 MHz, 3996 MHz, 100 %, 45 %
2026/03/23 23:20:15.354, 3, 624.87 W, 44, 2032 MHz, 3996 MHz, 90 %, 49 %
2026/03/23 23:20:15.354, 4, 178.74 W, 25, 120 MHz, 3996 MHz, 0 %, 0 %
2026/03/23 23:20:15.354, 5, 180.58 W, 28, 120 MHz, 3996 MHz, 0 %, 0 %
2026/03/23 23:20:15.354, 6, 177.65 W, 26, 120 MHz, 3996 MHz, 0 %, 0 %
2026/03/23 23:20:15.354, 7, 176.58 W, 27, 120 MHz, 3996 MHz, 0 %, 0 %
2026/03/23 23:20:16.354, 0, 703.47 W, 41, 2032 MHz, 3996 MHz, 100 %, 62 %
2026/03/23 23:20:16.354, 1, 699.53 W, 44, 2032 MHz, 3996 MHz, 100 %, 61 %
2026/03/23 23:20:16.354, 2, 710.44 W, 41, 2032 MHz, 3996 MHz, 100 %, 63 %
2026/03/23 23:20:16.354, 3, 706.95 W, 45, 2032 MHz, 3996 MHz, 100 %, 63 %
2026/03/23 23:20:16.354, 4, 178.78 W, 25, 120 MHz, 3996 MHz, 0 %, 0 %
2026/03/23 23:20:16.354, 5, 180.58 W, 28, 120 MHz, 3996 MHz, 0 %, 0 %
2026/03/23 23:20:16.354, 6, 177.75 W, 26, 120 MHz, 3996 MHz, 0 %, 0 %
2026/03/23 23:20:16.354, 7, 176.58 W, 27, 120 MHz, 3996 MHz, 0 %, 0 %
2026/03/23 23:20:17.354, 0, 580.60 W, 40, 2032 MHz, 3996 MHz, 70 %, 40 %
2026/03/23 23:20:17.354, 1, 583.50 W, 43, 2032 MHz, 3996 MHz, 100 %, 61 %
2026/03/23 23:20:17.354, 2, 591.79 W, 40, 2032 MHz, 3996 MHz, 100 %, 42 %
2026/03/23 23:20:17.354, 3, 589.28 W, 44, 2032 MHz, 3996 MHz, 100 %, 47 %
2026/03/23 23:20:17.354, 4, 178.78 W, 25, 120 MHz, 3996 MHz, 0 %, 0 %
2026/03/23 23:20:17.354, 5, 180.58 W, 28, 120 MHz, 3996 MHz, 0 %, 0 %
2026/03/23 23:20:17.354, 6, 177.28 W, 26, 120 MHz, 3996 MHz, 0 %, 0 %
2026/03/23 23:20:17.354, 7, 176.58 W, 27, 120 MHz, 3996 MHz, 0 %, 0 %
2026/03/23 23:20:18.354, 0, 670.00 W, 39, 2032 MHz, 3996 MHz, 50 %, 25 %
2026/03/23 23:20:18.354, 1, 668.50 W, 42, 2032 MHz, 3996 MHz, 81 %, 24 %
2026/03/23 23:20:18.354, 2, 675.62 W, 39, 2032 MHz, 3996 MHz, 85 %, 24 %
2026/03/23 23:20:18.354, 3, 670.72 W, 43, 2032 MHz, 3996 MHz, 48 %, 25 %
2026/03/23 23:20:18.354, 4, 178.83 W, 25, 120 MHz, 3996 MHz, 0 %, 0 %
2026/03/23 23:20:18.354, 5, 180.58 W, 28, 120 MHz, 3996 MHz, 0 %, 0 %
2026/03/23 23:20:18.354, 6, 177.82 W, 26, 120 MHz, 3996 MHz, 0 %, 0 %
2026/03/23 23:20:18.354, 7, 176.58 W, 27, 120 MHz, 3996 MHz, 0 %, 0 %
2026/03/23 23:20:19.355, 0, 603.74 W, 39, 2032 MHz, 3996 MHz, 82 %, 51 %
2026/03/23 23:20:19.355, 1, 597.74 W, 42, 2032 MHz, 3996 MHz, 100 %, 63 %
2026/03/23 23:20:19.355, 2, 597.34 W, 39, 2032 MHz, 3996 MHz, 100 %, 53 %
2026/03/23 23:20:19.355, 3, 596.69 W, 43, 2032 MHz, 3996 MHz, 94 %, 59 %
2026/03/23 23:20:19.355, 4, 178.79 W, 25, 120 MHz, 3996 MHz, 0 %, 0 %
2026/03/23 23:20:19.355, 5, 180.58 W, 28, 120 MHz, 3996 MHz, 0 %, 0 %
2026/03/23 23:20:19.355, 6, 177.65 W, 26, 120 MHz, 3996 MHz, 0 %, 0 %
2026/03/23 23:20:19.355, 7, 176.58 W, 27, 120 MHz, 3996 MHz, 0 %, 0 %
2026/03/23 23:20:20.355, 0, 528.21 W, 38, 2032 MHz, 3996 MHz, 33 %, 18 %
2026/03/23 23:20:20.355, 1, 540.24 W, 42, 2032 MHz, 3996 MHz, 100 %, 38 %
2026/03/23 23:20:20.355, 2, 540.28 W, 38, 2032 MHz, 3996 MHz, 100 %, 18 %
2026/03/23 23:20:20.355, 3, 536.37 W, 42, 2032 MHz, 3996 MHz, 100 %, 24 %
2026/03/23 23:20:20.355, 4, 178.78 W, 25, 120 MHz, 3996 MHz, 0 %, 0 %
2026/03/23 23:20:20.355, 5, 180.58 W, 28, 120 MHz, 3996 MHz, 0 %, 0 %
2026/03/23 23:20:20.355, 6, 177.58 W, 26, 120 MHz, 3996 MHz, 0 %, 0 %
2026/03/23 23:20:20.355, 7, 176.58 W, 27, 120 MHz, 3996 MHz, 0 %, 0 %
2026/03/23 23:20:21.355, 0, 679.27 W, 39, 2032 MHz, 3996 MHz, 71 %, 43 %
2026/03/23 23:20:21.355, 1, 695.05 W, 43, 2032 MHz, 3996 MHz, 89 %, 21 %
2026/03/23 23:20:21.355, 2, 708.26 W, 40, 2032 MHz, 3996 MHz, 88 %, 42 %
2026/03/23 23:20:21.355, 3, 692.29 W, 44, 2032 MHz, 3996 MHz, 73 %, 36 %
2026/03/23 23:20:21.355, 4, 178.73 W, 25, 120 MHz, 3996 MHz, 0 %, 0 %
2026/03/23 23:20:21.355, 5, 180.58 W, 28, 120 MHz, 3996 MHz, 0 %, 0 %
2026/03/23 23:20:21.355, 6, 177.44 W, 26, 120 MHz, 3996 MHz, 0 %, 0 %
2026/03/23 23:20:21.355, 7, 176.58 W, 27, 120 MHz, 3996 MHz, 0 %, 0 %
2026/03/23 23:20:22.355, 0, 621.08 W, 39, 2032 MHz, 3996 MHz, 68 %, 38 %
2026/03/23 23:20:22.355, 1, 628.11 W, 43, 2032 MHz, 3996 MHz, 85 %, 18 %
2026/03/23 23:20:22.355, 2, 636.39 W, 40, 2032 MHz, 3996 MHz, 60 %, 36 %
2026/03/23 23:20:22.355, 3, 628.89 W, 43, 2032 MHz, 3996 MHz, 61 %, 27 %
2026/03/23 23:20:22.355, 4, 178.74 W, 25, 120 MHz, 3996 MHz, 0 %, 0 %
2026/03/23 23:20:22.355, 5, 180.58 W, 28, 120 MHz, 3996 MHz, 0 %, 0 %
2026/03/23 23:20:22.355, 6, 177.61 W, 26, 120 MHz, 3996 MHz, 0 %, 0 %
2026/03/23 23:20:22.355, 7, 176.58 W, 27, 120 MHz, 3996 MHz, 0 %, 0 %
2026/03/23 23:20:23.355, 0, 719.94 W, 40, 2032 MHz, 3996 MHz, 39 %, 20 %
2026/03/23 23:20:23.355, 1, 714.58 W, 43, 2032 MHz, 3996 MHz, 99 %, 20 %
2026/03/23 23:20:23.355, 2, 720.80 W, 40, 2032 MHz, 3996 MHz, 76 %, 17 %
2026/03/23 23:20:23.355, 3, 716.29 W, 44, 2032 MHz, 3996 MHz, 38 %, 18 %
2026/03/23 23:20:23.355, 4, 178.70 W, 25, 120 MHz, 3996 MHz, 0 %, 0 %
2026/03/23 23:20:23.355, 5, 180.58 W, 28, 120 MHz, 3996 MHz, 0 %, 0 %
2026/03/23 23:20:23.355, 6, 177.80 W, 26, 120 MHz, 3996 MHz, 0 %, 0 %
2026/03/23 23:20:23.355, 7, 176.58 W, 27, 120 MHz, 3996 MHz, 0 %, 0 %
2026/03/23 23:20:24.355, 0, 634.54 W, 39, 2032 MHz, 3996 MHz, 71 %, 41 %
2026/03/23 23:20:24.355, 1, 623.77 W, 42, 2032 MHz, 3996 MHz, 87 %, 19 %
2026/03/23 23:20:24.355, 2, 618.24 W, 39, 2032 MHz, 3996 MHz, 84 %, 39 %
2026/03/23 23:20:24.355, 3, 618.47 W, 43, 2032 MHz, 3996 MHz, 78 %, 34 %
2026/03/23 23:20:24.355, 4, 178.78 W, 25, 120 MHz, 3996 MHz, 0 %, 0 %
2026/03/23 23:20:24.355, 5, 180.58 W, 28, 120 MHz, 3996 MHz, 0 %, 0 %
2026/03/23 23:20:24.355, 6, 177.54 W, 26, 120 MHz, 3996 MHz, 0 %, 0 %
2026/03/23 23:20:24.355, 7, 176.58 W, 27, 120 MHz, 3996 MHz, 0 %, 0 %
2026/03/23 23:20:25.355, 0, 713.16 W, 41, 2032 MHz, 3996 MHz, 100 %, 63 %
2026/03/23 23:20:25.355, 1, 727.95 W, 44, 2032 MHz, 3996 MHz, 100 %, 64 %
2026/03/23 23:20:25.355, 2, 735.65 W, 41, 2032 MHz, 3996 MHz, 100 %, 65 %
2026/03/23 23:20:25.355, 3, 734.67 W, 45, 2032 MHz, 3996 MHz, 100 %, 65 %
2026/03/23 23:20:25.355, 4, 178.75 W, 25, 120 MHz, 3996 MHz, 0 %, 0 %
2026/03/23 23:20:25.355, 5, 180.58 W, 28, 120 MHz, 3996 MHz, 0 %, 0 %
2026/03/23 23:20:25.356, 6, 177.65 W, 26, 120 MHz, 3996 MHz, 0 %, 0 %
2026/03/23 23:20:25.356, 7, 176.58 W, 27, 120 MHz, 3996 MHz, 0 %, 0 %
2026/03/23 23:20:26.356, 0, 758.71 W, 41, 2032 MHz, 3996 MHz, 100 %, 64 %
2026/03/23 23:20:26.356, 1, 754.92 W, 44, 2032 MHz, 3996 MHz, 100 %, 64 %
2026/03/23 23:20:26.356, 2, 768.03 W, 41, 2032 MHz, 3996 MHz, 100 %, 65 %
2026/03/23 23:20:26.356, 3, 761.90 W, 45, 2032 MHz, 3996 MHz, 100 %, 64 %
2026/03/23 23:20:26.356, 4, 178.78 W, 25, 120 MHz, 3996 MHz, 0 %, 0 %
2026/03/23 23:20:26.356, 5, 180.58 W, 28, 120 MHz, 3996 MHz, 0 %, 0 %
2026/03/23 23:20:26.356, 6, 177.52 W, 26, 120 MHz, 3996 MHz, 0 %, 0 %
2026/03/23 23:20:26.356, 7, 176.58 W, 27, 120 MHz, 3996 MHz, 0 %, 0 %
2026/03/23 23:20:27.356, 0, 759.24 W, 41, 2032 MHz, 3996 MHz, 100 %, 64 %
2026/03/23 23:20:27.356, 1, 758.23 W, 44, 2032 MHz, 3996 MHz, 100 %, 64 %
2026/03/23 23:20:27.356, 2, 765.49 W, 41, 2032 MHz, 3996 MHz, 100 %, 65 %
2026/03/23 23:20:27.356, 3, 760.71 W, 45, 2032 MHz, 3996 MHz, 100 %, 65 %
2026/03/23 23:20:27.356, 4, 178.74 W, 25, 120 MHz, 3996 MHz, 0 %, 0 %
2026/03/23 23:20:27.356, 5, 180.58 W, 28, 120 MHz, 3996 MHz, 0 %, 0 %
2026/03/23 23:20:27.356, 6, 177.67 W, 26, 120 MHz, 3996 MHz, 0 %, 0 %
2026/03/23 23:20:27.356, 7, 176.58 W, 27, 120 MHz, 3996 MHz, 0 %, 0 %
2026/03/23 23:20:28.356, 0, 762.21 W, 41, 2032 MHz, 3996 MHz, 100 %, 64 %
2026/03/23 23:20:28.356, 1, 758.92 W, 44, 2032 MHz, 3996 MHz, 100 %, 64 %
2026/03/23 23:20:28.356, 2, 768.64 W, 41, 2032 MHz, 3996 MHz, 100 %, 65 %
2026/03/23 23:20:28.356, 3, 762.13 W, 45, 2032 MHz, 3996 MHz, 100 %, 65 %
2026/03/23 23:20:28.356, 4, 178.67 W, 25, 120 MHz, 3996 MHz, 0 %, 0 %
2026/03/23 23:20:28.356, 5, 180.58 W, 28, 120 MHz, 3996 MHz, 0 %, 0 %
2026/03/23 23:20:28.356, 6, 177.61 W, 26, 120 MHz, 3996 MHz, 0 %, 0 %
2026/03/23 23:20:28.356, 7, 176.58 W, 27, 120 MHz, 3996 MHz, 0 %, 0 %
2026/03/23 23:20:29.356, 0, 761.71 W, 41, 2032 MHz, 3996 MHz, 100 %, 64 %
2026/03/23 23:20:29.356, 1, 759.97 W, 44, 2032 MHz, 3996 MHz, 100 %, 64 %
2026/03/23 23:20:29.356, 2, 769.34 W, 41, 2032 MHz, 3996 MHz, 100 %, 65 %
2026/03/23 23:20:29.356, 3, 761.74 W, 45, 2032 MHz, 3996 MHz, 100 %, 64 %
2026/03/23 23:20:29.356, 4, 178.82 W, 25, 120 MHz, 3996 MHz, 0 %, 0 %
2026/03/23 23:20:29.356, 5, 180.58 W, 28, 120 MHz, 3996 MHz, 0 %, 0 %
2026/03/23 23:20:29.356, 6, 177.90 W, 26, 120 MHz, 3996 MHz, 0 %, 0 %
2026/03/23 23:20:29.356, 7, 176.58 W, 27, 120 MHz, 3996 MHz, 0 %, 0 %
2026/03/23 23:20:30.356, 0, 762.39 W, 41, 2032 MHz, 3996 MHz, 100 %, 64 %
2026/03/23 23:20:30.356, 1, 761.37 W, 45, 2032 MHz, 3996 MHz, 100 %, 65 %
2026/03/23 23:20:30.356, 2, 768.81 W, 41, 2032 MHz, 3996 MHz, 100 %, 65 %
2026/03/23 23:20:30.356, 3, 762.66 W, 45, 2032 MHz, 3996 MHz, 100 %, 64 %
2026/03/23 23:20:30.356, 4, 178.83 W, 25, 120 MHz, 3996 MHz, 0 %, 0 %
2026/03/23 23:20:30.356, 5, 180.58 W, 28, 120 MHz, 3996 MHz, 0 %, 0 %
2026/03/23 23:20:30.356, 6, 177.44 W, 26, 120 MHz, 3996 MHz, 0 %, 0 %
2026/03/23 23:20:30.356, 7, 176.58 W, 27, 120 MHz, 3996 MHz, 0 %, 0 %
2026/03/23 23:20:31.356, 0, 686.91 W, 39, 2032 MHz, 3996 MHz, 100 %, 64 %
2026/03/23 23:20:31.356, 1, 676.43 W, 43, 2032 MHz, 3996 MHz, 85 %, 43 %
2026/03/23 23:20:31.356, 2, 680.50 W, 39, 2032 MHz, 3996 MHz, 95 %, 61 %
2026/03/23 23:20:31.356, 3, 674.36 W, 43, 2032 MHz, 3996 MHz, 91 %, 58 %
2026/03/23 23:20:31.356, 4, 178.79 W, 25, 120 MHz, 3996 MHz, 0 %, 0 %
2026/03/23 23:20:31.356, 5, 180.58 W, 28, 120 MHz, 3996 MHz, 0 %, 0 %
2026/03/23 23:20:31.356, 6, 177.57 W, 26, 120 MHz, 3996 MHz, 0 %, 0 %
2026/03/23 23:20:31.356, 7, 176.58 W, 27, 120 MHz, 3996 MHz, 0 %, 0 %
2026/03/23 23:20:32.356, 0, 741.71 W, 41, 2032 MHz, 3996 MHz, 100 %, 64 %
2026/03/23 23:20:32.356, 1, 746.11 W, 44, 2032 MHz, 3996 MHz, 100 %, 65 %
2026/03/23 23:20:32.356, 2, 750.43 W, 41, 2032 MHz, 3996 MHz, 100 %, 65 %
2026/03/23 23:20:32.356, 3, 745.67 W, 44, 2032 MHz, 3996 MHz, 100 %, 64 %
2026/03/23 23:20:32.356, 4, 178.71 W, 25, 120 MHz, 3996 MHz, 0 %, 0 %
2026/03/23 23:20:32.356, 5, 180.58 W, 28, 120 MHz, 3996 MHz, 0 %, 0 %
2026/03/23 23:20:32.356, 6, 177.67 W, 26, 120 MHz, 3996 MHz, 0 %, 0 %
2026/03/23 23:20:32.356, 7, 176.58 W, 27, 120 MHz, 3996 MHz, 0 %, 0 %
2026/03/23 23:20:33.357, 0, 667.62 W, 41, 2032 MHz, 3996 MHz, 100 %, 64 %
2026/03/23 23:20:33.357, 1, 681.85 W, 44, 2032 MHz, 3996 MHz, 100 %, 65 %
2026/03/23 23:20:33.357, 2, 687.79 W, 41, 2032 MHz, 3996 MHz, 100 %, 64 %
2026/03/23 23:20:33.357, 3, 679.36 W, 45, 2032 MHz, 3996 MHz, 100 %, 64 %
2026/03/23 23:20:33.357, 4, 178.74 W, 25, 120 MHz, 3996 MHz, 0 %, 0 %
2026/03/23 23:20:33.357, 5, 180.58 W, 28, 120 MHz, 3996 MHz, 0 %, 0 %
2026/03/23 23:20:33.357, 6, 177.55 W, 26, 120 MHz, 3996 MHz, 0 %, 0 %
2026/03/23 23:20:33.357, 7, 176.59 W, 27, 120 MHz, 3996 MHz, 0 %, 0 %
2026/03/23 23:20:34.357, 0, 678.09 W, 40, 2032 MHz, 3996 MHz, 66 %, 39 %
2026/03/23 23:20:34.357, 1, 664.38 W, 43, 2032 MHz, 3996 MHz, 90 %, 18 %
2026/03/23 23:20:34.357, 2, 673.39 W, 40, 2032 MHz, 3996 MHz, 74 %, 38 %
2026/03/23 23:20:34.357, 3, 669.95 W, 44, 2032 MHz, 3996 MHz, 54 %, 31 %
2026/03/23 23:20:34.357, 4, 178.75 W, 25, 120 MHz, 3996 MHz, 0 %, 0 %
2026/03/23 23:20:34.357, 5, 180.58 W, 28, 120 MHz, 3996 MHz, 0 %, 0 %
2026/03/23 23:20:34.357, 6, 177.73 W, 26, 120 MHz, 3996 MHz, 0 %, 0 %
2026/03/23 23:20:34.357, 7, 176.59 W, 27, 120 MHz, 3996 MHz, 0 %, 0 %
2026/03/23 23:20:35.357, 0, 633.78 W, 40, 2032 MHz, 3996 MHz, 85 %, 54 %
2026/03/23 23:20:35.357, 1, 641.93 W, 44, 2032 MHz, 3996 MHz, 100 %, 64 %
2026/03/23 23:20:35.357, 2, 647.74 W, 41, 2032 MHz, 3996 MHz, 100 %, 57 %
2026/03/23 23:20:35.357, 3, 646.45 W, 44, 2032 MHz, 3996 MHz, 100 %, 64 %
2026/03/23 23:20:35.357, 4, 178.82 W, 25, 120 MHz, 3996 MHz, 0 %, 0 %
2026/03/23 23:20:35.357, 5, 180.58 W, 28, 120 MHz, 3996 MHz, 0 %, 0 %
2026/03/23 23:20:35.357, 6, 177.73 W, 26, 120 MHz, 3996 MHz, 0 %, 0 %
2026/03/23 23:20:35.357, 7, 176.58 W, 27, 120 MHz, 3996 MHz, 0 %, 0 %
2026/03/23 23:20:36.357, 0, 627.24 W, 40, 2032 MHz, 3996 MHz, 89 %, 56 %
2026/03/23 23:20:36.357, 1, 629.50 W, 43, 2032 MHz, 3996 MHz, 100 %, 32 %
2026/03/23 23:20:36.357, 2, 635.54 W, 40, 2032 MHz, 3996 MHz, 99 %, 18 %
2026/03/23 23:20:36.357, 3, 637.21 W, 44, 2032 MHz, 3996 MHz, 72 %, 18 %
2026/03/23 23:20:36.357, 4, 178.78 W, 25, 120 MHz, 3996 MHz, 0 %, 0 %
2026/03/23 23:20:36.357, 5, 180.58 W, 28, 120 MHz, 3996 MHz, 0 %, 0 %
2026/03/23 23:20:36.357, 6, 177.55 W, 26, 120 MHz, 3996 MHz, 0 %, 0 %
2026/03/23 23:20:36.357, 7, 176.58 W, 27, 120 MHz, 3996 MHz, 0 %, 0 %
2026/03/23 23:20:37.357, 0, 612.88 W, 40, 2032 MHz, 3996 MHz, 78 %, 48 %
2026/03/23 23:20:37.357, 1, 596.59 W, 43, 2032 MHz, 3996 MHz, 100 %, 63 %
2026/03/23 23:20:37.357, 2, 602.76 W, 39, 2032 MHz, 3996 MHz, 100 %, 65 %
2026/03/23 23:20:37.357, 3, 606.31 W, 43, 2032 MHz, 3996 MHz, 100 %, 64 %
2026/03/23 23:20:37.357, 4, 178.91 W, 25, 120 MHz, 3996 MHz, 0 %, 0 %
2026/03/23 23:20:37.357, 5, 180.58 W, 28, 120 MHz, 3996 MHz, 0 %, 0 %
2026/03/23 23:20:37.357, 6, 177.61 W, 26, 120 MHz, 3996 MHz, 0 %, 0 %
2026/03/23 23:20:37.357, 7, 176.58 W, 27, 120 MHz, 3996 MHz, 0 %, 0 %
2026/03/23 23:20:38.357, 0, 592.27 W, 40, 2032 MHz, 3996 MHz, 100 %, 62 %
2026/03/23 23:20:38.357, 1, 615.32 W, 43, 2032 MHz, 3996 MHz, 100 %, 63 %
2026/03/23 23:20:38.357, 2, 620.15 W, 40, 2032 MHz, 3996 MHz, 100 %, 59 %
2026/03/23 23:20:38.357, 3, 612.83 W, 44, 2032 MHz, 3996 MHz, 100 %, 64 %
2026/03/23 23:20:38.357, 4, 178.79 W, 25, 120 MHz, 3996 MHz, 0 %, 0 %
2026/03/23 23:20:38.357, 5, 180.58 W, 28, 120 MHz, 3996 MHz, 0 %, 0 %
2026/03/23 23:20:38.357, 6, 177.71 W, 26, 120 MHz, 3996 MHz, 0 %, 0 %
2026/03/23 23:20:38.357, 7, 176.58 W, 27, 120 MHz, 3996 MHz, 0 %, 0 %
2026/03/23 23:20:39.357, 0, 621.51 W, 40, 2032 MHz, 3996 MHz, 100 %, 63 %
2026/03/23 23:20:39.357, 1, 622.31 W, 43, 2032 MHz, 3996 MHz, 100 %, 44 %
2026/03/23 23:20:39.357, 2, 628.92 W, 40, 2032 MHz, 3996 MHz, 89 %, 25 %
2026/03/23 23:20:39.357, 3, 626.22 W, 44, 2032 MHz, 3996 MHz, 66 %, 30 %
2026/03/23 23:20:39.357, 4, 178.67 W, 25, 120 MHz, 3996 MHz, 0 %, 0 %
2026/03/23 23:20:39.357, 5, 180.58 W, 28, 120 MHz, 3996 MHz, 0 %, 0 %
2026/03/23 23:20:39.357, 6, 177.67 W, 26, 120 MHz, 3996 MHz, 0 %, 0 %
2026/03/23 23:20:39.357, 7, 176.58 W, 27, 120 MHz, 3996 MHz, 0 %, 0 %
2026/03/23 23:20:40.358, 0, 667.33 W, 39, 2032 MHz, 3996 MHz, 34 %, 18 %
2026/03/23 23:20:40.358, 1, 662.56 W, 43, 2032 MHz, 3996 MHz, 86 %, 24 %
2026/03/23 23:20:40.358, 2, 668.35 W, 40, 2032 MHz, 3996 MHz, 83 %, 43 %
2026/03/23 23:20:40.358, 3, 668.17 W, 44, 2032 MHz, 3996 MHz, 67 %, 36 %
2026/03/23 23:20:40.358, 4, 178.71 W, 25, 120 MHz, 3996 MHz, 0 %, 0 %
2026/03/23 23:20:40.358, 5, 180.58 W, 28, 120 MHz, 3996 MHz, 0 %, 0 %
2026/03/23 23:20:40.358, 6, 177.73 W, 26, 120 MHz, 3996 MHz, 0 %, 0 %
2026/03/23 23:20:40.358, 7, 176.58 W, 27, 120 MHz, 3996 MHz, 0 %, 0 %
2026/03/23 23:20:41.358, 0, 574.70 W, 39, 2032 MHz, 3996 MHz, 100 %, 36 %
2026/03/23 23:20:41.358, 1, 584.73 W, 43, 2032 MHz, 3996 MHz, 33 %, 18 %
2026/03/23 23:20:41.358, 2, 592.24 W, 40, 2032 MHz, 3996 MHz, 99 %, 20 %
2026/03/23 23:20:41.358, 3, 586.36 W, 44, 2032 MHz, 3996 MHz, 100 %, 18 %
2026/03/23 23:20:41.358, 4, 178.66 W, 25, 120 MHz, 3996 MHz, 0 %, 0 %
2026/03/23 23:20:41.358, 5, 180.58 W, 28, 120 MHz, 3996 MHz, 0 %, 0 %
2026/03/23 23:20:41.358, 6, 177.90 W, 26, 120 MHz, 3996 MHz, 0 %, 0 %
2026/03/23 23:20:41.358, 7, 176.58 W, 27, 120 MHz, 3996 MHz, 0 %, 0 %
2026/03/23 23:20:42.358, 0, 704.68 W, 41, 2032 MHz, 3996 MHz, 100 %, 62 %
2026/03/23 23:20:42.358, 1, 707.95 W, 44, 2032 MHz, 3996 MHz, 100 %, 64 %
2026/03/23 23:20:42.358, 2, 717.37 W, 41, 2032 MHz, 3996 MHz, 100 %, 64 %
2026/03/23 23:20:42.358, 3, 709.47 W, 45, 2032 MHz, 3996 MHz, 100 %, 63 %
2026/03/23 23:20:42.358, 4, 178.71 W, 25, 120 MHz, 3996 MHz, 0 %, 0 %
2026/03/23 23:20:42.358, 5, 180.58 W, 28, 120 MHz, 3996 MHz, 0 %, 0 %
2026/03/23 23:20:42.358, 6, 177.79 W, 26, 120 MHz, 3996 MHz, 0 %, 0 %
2026/03/23 23:20:42.358, 7, 176.59 W, 27, 120 MHz, 3996 MHz, 0 %, 0 %
2026/03/23 23:20:43.358, 0, 710.56 W, 39, 2032 MHz, 3996 MHz, 33 %, 17 %
2026/03/23 23:20:43.358, 1, 708.21 W, 43, 2032 MHz, 3996 MHz, 84 %, 29 %
2026/03/23 23:20:43.358, 2, 718.18 W, 40, 2032 MHz, 3996 MHz, 82 %, 48 %
2026/03/23 23:20:43.358, 3, 711.43 W, 44, 2032 MHz, 3996 MHz, 76 %, 44 %
2026/03/23 23:20:43.358, 4, 178.75 W, 25, 120 MHz, 3996 MHz, 0 %, 0 %
2026/03/23 23:20:43.358, 5, 180.58 W, 28, 120 MHz, 3996 MHz, 0 %, 0 %
2026/03/23 23:20:43.358, 6, 177.46 W, 26, 120 MHz, 3996 MHz, 0 %, 0 %
2026/03/23 23:20:43.358, 7, 176.58 W, 27, 120 MHz, 3996 MHz, 0 %, 0 %
2026/03/23 23:20:44.358, 0, 700.60 W, 41, 2032 MHz, 3996 MHz, 100 %, 63 %
2026/03/23 23:20:44.358, 1, 708.49 W, 44, 2032 MHz, 3996 MHz, 100 %, 63 %
2026/03/23 23:20:44.358, 2, 714.45 W, 41, 2032 MHz, 3996 MHz, 100 %, 63 %
2026/03/23 23:20:44.358, 3, 709.68 W, 45, 2032 MHz, 3996 MHz, 100 %, 64 %
2026/03/23 23:20:44.358, 4, 178.90 W, 25, 120 MHz, 3996 MHz, 0 %, 0 %
2026/03/23 23:20:44.358, 5, 180.58 W, 28, 120 MHz, 3996 MHz, 0 %, 0 %
2026/03/23 23:20:44.358, 6, 177.61 W, 26, 120 MHz, 3996 MHz, 0 %, 0 %
2026/03/23 23:20:44.358, 7, 176.58 W, 27, 120 MHz, 3996 MHz, 0 %, 0 %
2026/03/23 23:20:45.358, 0, 711.95 W, 41, 2032 MHz, 3996 MHz, 100 %, 63 %
2026/03/23 23:20:45.358, 1, 712.45 W, 44, 2032 MHz, 3996 MHz, 100 %, 63 %
2026/03/23 23:20:45.358, 2, 716.82 W, 41, 2032 MHz, 3996 MHz, 100 %, 64 %
2026/03/23 23:20:45.358, 3, 710.39 W, 45, 2032 MHz, 3996 MHz, 100 %, 64 %
2026/03/23 23:20:45.358, 4, 178.86 W, 25, 120 MHz, 3996 MHz, 0 %, 0 %
2026/03/23 23:20:45.358, 5, 180.58 W, 28, 120 MHz, 3996 MHz, 0 %, 0 %
2026/03/23 23:20:45.358, 6, 177.48 W, 26, 120 MHz, 3996 MHz, 0 %, 0 %
2026/03/23 23:20:45.358, 7, 176.59 W, 27, 120 MHz, 3996 MHz, 0 %, 0 %
2026/03/23 23:20:46.358, 0, 756.95 W, 41, 2032 MHz, 3996 MHz, 100 %, 63 %
2026/03/23 23:20:46.358, 1, 753.36 W, 44, 2032 MHz, 3996 MHz, 100 %, 63 %
2026/03/23 23:20:46.358, 2, 761.99 W, 41, 2032 MHz, 3996 MHz, 100 %, 64 %
2026/03/23 23:20:46.358, 3, 755.70 W, 45, 2032 MHz, 3996 MHz, 100 %, 64 %
2026/03/23 23:20:46.358, 4, 178.80 W, 25, 120 MHz, 3996 MHz, 0 %, 0 %
2026/03/23 23:20:46.358, 5, 180.58 W, 28, 120 MHz, 3996 MHz, 0 %, 0 %
2026/03/23 23:20:46.359, 6, 177.32 W, 26, 120 MHz, 3996 MHz, 0 %, 0 %
2026/03/23 23:20:46.359, 7, 176.58 W, 27, 120 MHz, 3996 MHz, 0 %, 0 %
2026/03/23 23:20:47.359, 0, 758.13 W, 41, 2032 MHz, 3996 MHz, 100 %, 63 %
2026/03/23 23:20:47.359, 1, 756.74 W, 44, 2032 MHz, 3996 MHz, 100 %, 64 %
2026/03/23 23:20:47.359, 2, 764.29 W, 41, 2032 MHz, 3996 MHz, 100 %, 63 %
2026/03/23 23:20:47.359, 3, 757.47 W, 45, 2032 MHz, 3996 MHz, 100 %, 64 %
2026/03/23 23:20:47.359, 4, 178.69 W, 25, 120 MHz, 3996 MHz, 0 %, 0 %
2026/03/23 23:20:47.359, 5, 180.58 W, 28, 120 MHz, 3996 MHz, 0 %, 0 %
2026/03/23 23:20:47.359, 6, 177.69 W, 26, 120 MHz, 3996 MHz, 0 %, 0 %
2026/03/23 23:20:47.359, 7, 176.58 W, 27, 120 MHz, 3996 MHz, 0 %, 0 %
2026/03/23 23:20:48.359, 0, 761.11 W, 41, 2032 MHz, 3996 MHz, 100 %, 63 %
2026/03/23 23:20:48.359, 1, 757.58 W, 45, 2032 MHz, 3996 MHz, 100 %, 64 %
2026/03/23 23:20:48.359, 2, 764.78 W, 41, 2032 MHz, 3996 MHz, 100 %, 64 %
2026/03/23 23:20:48.359, 3, 759.45 W, 45, 2032 MHz, 3996 MHz, 100 %, 64 %
2026/03/23 23:20:48.359, 4, 178.77 W, 25, 120 MHz, 3996 MHz, 0 %, 0 %
2026/03/23 23:20:48.359, 5, 180.58 W, 28, 120 MHz, 3996 MHz, 0 %, 0 %
2026/03/23 23:20:48.359, 6, 177.99 W, 26, 120 MHz, 3996 MHz, 0 %, 0 %
2026/03/23 23:20:48.359, 7, 176.59 W, 27, 120 MHz, 3996 MHz, 0 %, 0 %
2026/03/23 23:20:49.359, 0, 759.28 W, 41, 2032 MHz, 3996 MHz, 100 %, 64 %
2026/03/23 23:20:49.359, 1, 756.96 W, 45, 2032 MHz, 3996 MHz, 100 %, 63 %
2026/03/23 23:20:49.359, 2, 763.73 W, 41, 2032 MHz, 3996 MHz, 100 %, 64 %
2026/03/23 23:20:49.359, 3, 760.83 W, 45, 2032 MHz, 3996 MHz, 100 %, 64 %
2026/03/23 23:20:49.359, 4, 178.77 W, 25, 120 MHz, 3996 MHz, 0 %, 0 %
2026/03/23 23:20:49.359, 5, 180.58 W, 28, 120 MHz, 3996 MHz, 0 %, 0 %
2026/03/23 23:20:49.359, 6, 177.73 W, 26, 120 MHz, 3996 MHz, 0 %, 0 %
2026/03/23 23:20:49.359, 7, 176.58 W, 27, 120 MHz, 3996 MHz, 0 %, 0 %
2026/03/23 23:20:50.359, 0, 717.20 W, 41, 2032 MHz, 3996 MHz, 100 %, 64 %
2026/03/23 23:20:50.359, 1, 712.29 W, 44, 2032 MHz, 3996 MHz, 100 %, 64 %
2026/03/23 23:20:50.359, 2, 721.88 W, 41, 2032 MHz, 3996 MHz, 100 %, 64 %
2026/03/23 23:20:50.359, 3, 719.30 W, 45, 2032 MHz, 3996 MHz, 100 %, 65 %
2026/03/23 23:20:50.359, 4, 178.85 W, 25, 120 MHz, 3996 MHz, 0 %, 0 %
2026/03/23 23:20:50.359, 5, 180.58 W, 28, 120 MHz, 3996 MHz, 0 %, 0 %
2026/03/23 23:20:50.359, 6, 177.28 W, 26, 120 MHz, 3996 MHz, 0 %, 0 %
2026/03/23 23:20:50.359, 7, 176.58 W, 27, 120 MHz, 3996 MHz, 0 %, 0 %
2026/03/23 23:20:51.359, 0, 649.25 W, 39, 2032 MHz, 3996 MHz, 33 %, 18 %
2026/03/23 23:20:51.359, 1, 638.00 W, 42, 2032 MHz, 3996 MHz, 99 %, 18 %
2026/03/23 23:20:51.359, 2, 635.80 W, 39, 2032 MHz, 3996 MHz, 75 %, 20 %
2026/03/23 23:20:51.359, 3, 639.68 W, 43, 2032 MHz, 3996 MHz, 46 %, 18 %
2026/03/23 23:20:51.359, 4, 178.85 W, 25, 120 MHz, 3996 MHz, 0 %, 0 %
2026/03/23 23:20:51.359, 5, 180.58 W, 28, 120 MHz, 3996 MHz, 0 %, 0 %
2026/03/23 23:20:51.359, 6, 177.80 W, 26, 120 MHz, 3996 MHz, 0 %, 0 %
2026/03/23 23:20:51.359, 7, 176.59 W, 27, 120 MHz, 3996 MHz, 0 %, 0 %
2026/03/23 23:20:52.359, 0, 691.96 W, 41, 2032 MHz, 3996 MHz, 100 %, 63 %
2026/03/23 23:20:52.359, 1, 700.72 W, 44, 2032 MHz, 3996 MHz, 100 %, 63 %
2026/03/23 23:20:52.359, 2, 700.81 W, 41, 2032 MHz, 3996 MHz, 100 %, 64 %
2026/03/23 23:20:52.359, 3, 697.23 W, 45, 2032 MHz, 3996 MHz, 100 %, 64 %
2026/03/23 23:20:52.359, 4, 178.81 W, 25, 120 MHz, 3996 MHz, 0 %, 0 %
2026/03/23 23:20:52.359, 5, 180.58 W, 28, 120 MHz, 3996 MHz, 0 %, 0 %
2026/03/23 23:20:52.359, 6, 177.77 W, 26, 120 MHz, 3996 MHz, 0 %, 0 %
2026/03/23 23:20:52.359, 7, 176.59 W, 27, 120 MHz, 3996 MHz, 0 %, 0 %
2026/03/23 23:20:53.360, 0, 628.38 W, 40, 2032 MHz, 3996 MHz, 100 %, 64 %
2026/03/23 23:20:53.360, 1, 632.16 W, 44, 2032 MHz, 3996 MHz, 100 %, 53 %
2026/03/23 23:20:53.360, 2, 641.55 W, 41, 2032 MHz, 3996 MHz, 100 %, 35 %
2026/03/23 23:20:53.360, 3, 632.09 W, 44, 2032 MHz, 3996 MHz, 68 %, 40 %
2026/03/23 23:20:53.360, 4, 178.75 W, 25, 120 MHz, 3996 MHz, 0 %, 0 %
2026/03/23 23:20:53.360, 5, 180.58 W, 28, 120 MHz, 3996 MHz, 0 %, 0 %
2026/03/23 23:20:53.360, 6, 177.67 W, 26, 120 MHz, 3996 MHz, 0 %, 0 %
2026/03/23 23:20:53.360, 7, 176.58 W, 27, 120 MHz, 3996 MHz, 0 %, 0 %
2026/03/23 23:20:54.360, 0, 642.22 W, 39, 2032 MHz, 3996 MHz, 60 %, 33 %
2026/03/23 23:20:54.360, 1, 630.86 W, 42, 2032 MHz, 3996 MHz, 92 %, 56 %
2026/03/23 23:20:54.360, 2, 634.44 W, 39, 2032 MHz, 3996 MHz, 100 %, 64 %
2026/03/23 23:20:54.360, 3, 632.09 W, 43, 2032 MHz, 3996 MHz, 100 %, 63 %
2026/03/23 23:20:54.360, 4, 178.70 W, 25, 120 MHz, 3996 MHz, 0 %, 0 %
2026/03/23 23:20:54.360, 5, 180.58 W, 28, 120 MHz, 3996 MHz, 0 %, 0 %
2026/03/23 23:20:54.360, 6, 177.38 W, 26, 120 MHz, 3996 MHz, 0 %, 0 %
2026/03/23 23:20:54.360, 7, 176.58 W, 27, 120 MHz, 3996 MHz, 0 %, 0 %
2026/03/23 23:20:55.360, 0, 652.46 W, 40, 2032 MHz, 3996 MHz, 94 %, 57 %
2026/03/23 23:20:55.360, 1, 672.12 W, 44, 2032 MHz, 3996 MHz, 100 %, 35 %
2026/03/23 23:20:55.360, 2, 678.79 W, 40, 2032 MHz, 3996 MHz, 90 %, 18 %
2026/03/23 23:20:55.360, 3, 670.31 W, 44, 2032 MHz, 3996 MHz, 38 %, 20 %
2026/03/23 23:20:55.360, 4, 178.73 W, 25, 120 MHz, 3996 MHz, 0 %, 0 %
2026/03/23 23:20:55.360, 5, 180.58 W, 28, 120 MHz, 3996 MHz, 0 %, 0 %
2026/03/23 23:20:55.360, 6, 177.52 W, 26, 120 MHz, 3996 MHz, 0 %, 0 %
2026/03/23 23:20:55.360, 7, 176.59 W, 27, 120 MHz, 3996 MHz, 0 %, 0 %
2026/03/23 23:20:56.360, 0, 666.35 W, 39, 2032 MHz, 3996 MHz, 93 %, 32 %
2026/03/23 23:20:56.360, 1, 652.59 W, 43, 2032 MHz, 3996 MHz, 94 %, 55 %
2026/03/23 23:20:56.360, 2, 649.68 W, 39, 2032 MHz, 3996 MHz, 100 %, 64 %
2026/03/23 23:20:56.360, 3, 646.11 W, 43, 2032 MHz, 3996 MHz, 100 %, 63 %
2026/03/23 23:20:56.360, 4, 178.66 W, 25, 120 MHz, 3996 MHz, 0 %, 0 %
2026/03/23 23:20:56.360, 5, 180.58 W, 28, 120 MHz, 3996 MHz, 0 %, 0 %
2026/03/23 23:20:56.360, 6, 177.61 W, 26, 120 MHz, 3996 MHz, 0 %, 0 %
2026/03/23 23:20:56.360, 7, 176.59 W, 27, 120 MHz, 3996 MHz, 0 %, 0 %
2026/03/23 23:20:57.360, 0, 574.54 W, 40, 2032 MHz, 3996 MHz, 100 %, 63 %
2026/03/23 23:20:57.360, 1, 591.89 W, 43, 2032 MHz, 3996 MHz, 100 %, 62 %
2026/03/23 23:20:57.360, 2, 601.95 W, 40, 2032 MHz, 3996 MHz, 100 %, 44 %
2026/03/23 23:20:57.360, 3, 595.16 W, 44, 2032 MHz, 3996 MHz, 80 %, 47 %
2026/03/23 23:20:57.360, 4, 178.89 W, 25, 120 MHz, 3996 MHz, 0 %, 0 %
2026/03/23 23:20:57.360, 5, 180.58 W, 28, 120 MHz, 3996 MHz, 0 %, 0 %
2026/03/23 23:20:57.360, 6, 177.52 W, 26, 120 MHz, 3996 MHz, 0 %, 0 %
2026/03/23 23:20:57.360, 7, 176.58 W, 27, 120 MHz, 3996 MHz, 0 %, 0 %
2026/03/23 23:20:58.360, 0, 699.06 W, 40, 2032 MHz, 3996 MHz, 91 %, 57 %
2026/03/23 23:20:58.360, 1, 680.92 W, 43, 2032 MHz, 3996 MHz, 100 %, 64 %
2026/03/23 23:20:58.360, 2, 681.71 W, 40, 2032 MHz, 3996 MHz, 100 %, 64 %
2026/03/23 23:20:58.360, 3, 680.15 W, 43, 2032 MHz, 3996 MHz, 100 %, 63 %
2026/03/23 23:20:58.360, 4, 178.70 W, 25, 120 MHz, 3996 MHz, 0 %, 0 %
2026/03/23 23:20:58.360, 5, 180.58 W, 28, 120 MHz, 3996 MHz, 0 %, 0 %
2026/03/23 23:20:58.360, 6, 177.55 W, 26, 120 MHz, 3996 MHz, 0 %, 0 %
2026/03/23 23:20:58.360, 7, 176.59 W, 27, 120 MHz, 3996 MHz, 0 %, 0 %
2026/03/23 23:20:59.360, 0, 630.25 W, 40, 2032 MHz, 3996 MHz, 52 %, 25 %
2026/03/23 23:20:59.360, 1, 645.27 W, 43, 2032 MHz, 3996 MHz, 93 %, 18 %
2026/03/23 23:20:59.360, 2, 661.00 W, 40, 2032 MHz, 3996 MHz, 84 %, 35 %
2026/03/23 23:20:59.360, 3, 649.10 W, 44, 2032 MHz, 3996 MHz, 57 %, 26 %
2026/03/23 23:20:59.360, 4, 178.69 W, 25, 120 MHz, 3996 MHz, 0 %, 0 %
2026/03/23 23:20:59.360, 5, 180.58 W, 28, 120 MHz, 3996 MHz, 0 %, 0 %
2026/03/23 23:20:59.360, 6, 177.59 W, 26, 120 MHz, 3996 MHz, 0 %, 0 %
2026/03/23 23:20:59.360, 7, 176.59 W, 27, 120 MHz, 3996 MHz, 0 %, 0 %
2026/03/23 23:21:00.361, 0, 708.54 W, 40, 2032 MHz, 3996 MHz, 60 %, 22 %
2026/03/23 23:21:00.361, 1, 695.04 W, 43, 2032 MHz, 3996 MHz, 88 %, 18 %
2026/03/23 23:21:00.361, 2, 698.57 W, 40, 2032 MHz, 3996 MHz, 79 %, 38 %
2026/03/23 23:21:00.361, 3, 692.34 W, 43, 2032 MHz, 3996 MHz, 55 %, 32 %
2026/03/23 23:21:00.361, 4, 178.83 W, 25, 120 MHz, 3996 MHz, 0 %, 0 %
2026/03/23 23:21:00.361, 5, 180.58 W, 28, 120 MHz, 3996 MHz, 0 %, 0 %
2026/03/23 23:21:00.361, 6, 177.73 W, 26, 120 MHz, 3996 MHz, 0 %, 0 %
2026/03/23 23:21:00.361, 7, 176.59 W, 27, 120 MHz, 3996 MHz, 0 %, 0 %
2026/03/23 23:21:01.361, 0, 639.33 W, 40, 2032 MHz, 3996 MHz, 100 %, 63 %
2026/03/23 23:21:01.361, 1, 655.55 W, 44, 2032 MHz, 3996 MHz, 100 %, 62 %
2026/03/23 23:21:01.361, 2, 664.29 W, 41, 2032 MHz, 3996 MHz, 100 %, 46 %
2026/03/23 23:21:01.361, 3, 653.30 W, 44, 2032 MHz, 3996 MHz, 81 %, 49 %
2026/03/23 23:21:01.361, 4, 178.70 W, 25, 120 MHz, 3996 MHz, 0 %, 0 %
2026/03/23 23:21:01.361, 5, 180.58 W, 28, 120 MHz, 3996 MHz, 0 %, 0 %
2026/03/23 23:21:01.361, 6, 177.50 W, 26, 120 MHz, 3996 MHz, 0 %, 0 %
2026/03/23 23:21:01.361, 7, 176.58 W, 27, 120 MHz, 3996 MHz, 0 %, 0 %
2026/03/23 23:21:02.361, 0, 751.12 W, 41, 2032 MHz, 3996 MHz, 100 %, 63 %
2026/03/23 23:21:02.361, 1, 751.37 W, 44, 2032 MHz, 3996 MHz, 100 %, 63 %
2026/03/23 23:21:02.361, 2, 758.51 W, 41, 2032 MHz, 3996 MHz, 100 %, 64 %
2026/03/23 23:21:02.361, 3, 749.41 W, 45, 2032 MHz, 3996 MHz, 100 %, 63 %
2026/03/23 23:21:02.361, 4, 178.67 W, 25, 120 MHz, 3996 MHz, 0 %, 0 %
2026/03/23 23:21:02.361, 5, 180.58 W, 28, 120 MHz, 3996 MHz, 0 %, 0 %
2026/03/23 23:21:02.361, 6, 177.90 W, 26, 120 MHz, 3996 MHz, 0 %, 0 %
2026/03/23 23:21:02.361, 7, 176.58 W, 27, 120 MHz, 3996 MHz, 0 %, 0 %
2026/03/23 23:21:03.361, 0, 707.79 W, 41, 2032 MHz, 3996 MHz, 100 %, 62 %
2026/03/23 23:21:03.361, 1, 712.15 W, 44, 2032 MHz, 3996 MHz, 100 %, 63 %
2026/03/23 23:21:03.361, 2, 714.46 W, 41, 2032 MHz, 3996 MHz, 100 %, 63 %
2026/03/23 23:21:03.361, 3, 710.35 W, 45, 2032 MHz, 3996 MHz, 100 %, 63 %
2026/03/23 23:21:03.361, 4, 178.81 W, 25, 120 MHz, 3996 MHz, 0 %, 0 %
2026/03/23 23:21:03.361, 5, 180.58 W, 28, 120 MHz, 3996 MHz, 0 %, 0 %
2026/03/23 23:21:03.361, 6, 177.71 W, 26, 120 MHz, 3996 MHz, 0 %, 0 %
2026/03/23 23:21:03.361, 7, 176.58 W, 27, 120 MHz, 3996 MHz, 0 %, 0 %
2026/03/23 23:21:04.361, 0, 749.22 W, 41, 2032 MHz, 3996 MHz, 100 %, 62 %
2026/03/23 23:21:04.361, 1, 749.64 W, 44, 2032 MHz, 3996 MHz, 100 %, 63 %
2026/03/23 23:21:04.361, 2, 755.86 W, 41, 2032 MHz, 3996 MHz, 100 %, 63 %
2026/03/23 23:21:04.361, 3, 748.53 W, 45, 2032 MHz, 3996 MHz, 100 %, 62 %
2026/03/23 23:21:04.361, 4, 178.78 W, 25, 120 MHz, 3996 MHz, 0 %, 0 %
2026/03/23 23:21:04.361, 5, 180.58 W, 28, 120 MHz, 3996 MHz, 0 %, 0 %
2026/03/23 23:21:04.361, 6, 177.59 W, 26, 120 MHz, 3996 MHz, 0 %, 0 %
2026/03/23 23:21:04.361, 7, 176.58 W, 27, 120 MHz, 3996 MHz, 0 %, 0 %
2026/03/23 23:21:05.361, 0, 746.28 W, 41, 2032 MHz, 3996 MHz, 100 %, 62 %
2026/03/23 23:21:05.361, 1, 749.04 W, 44, 2032 MHz, 3996 MHz, 100 %, 63 %
2026/03/23 23:21:05.361, 2, 756.36 W, 41, 2032 MHz, 3996 MHz, 100 %, 62 %
2026/03/23 23:21:05.361, 3, 748.87 W, 45, 2032 MHz, 3996 MHz, 100 %, 63 %
2026/03/23 23:21:05.361, 4, 178.67 W, 25, 120 MHz, 3996 MHz, 0 %, 0 %
2026/03/23 23:21:05.361, 5, 180.58 W, 27, 120 MHz, 3996 MHz, 0 %, 0 %
2026/03/23 23:21:05.361, 6, 177.79 W, 26, 120 MHz, 3996 MHz, 0 %, 0 %
2026/03/23 23:21:05.361, 7, 176.58 W, 27, 120 MHz, 3996 MHz, 0 %, 0 %
2026/03/23 23:21:06.361, 0, 750.30 W, 41, 2032 MHz, 3996 MHz, 100 %, 62 %
2026/03/23 23:21:06.361, 1, 748.91 W, 44, 2032 MHz, 3996 MHz, 100 %, 62 %
2026/03/23 23:21:06.361, 2, 756.25 W, 41, 2032 MHz, 3996 MHz, 100 %, 63 %
2026/03/23 23:21:06.361, 3, 749.95 W, 45, 2032 MHz, 3996 MHz, 100 %, 63 %
2026/03/23 23:21:06.361, 4, 178.73 W, 25, 120 MHz, 3996 MHz, 0 %, 0 %
2026/03/23 23:21:06.361, 5, 180.58 W, 28, 120 MHz, 3996 MHz, 0 %, 0 %
2026/03/23 23:21:06.362, 6, 177.75 W, 26, 120 MHz, 3996 MHz, 0 %, 0 %
2026/03/23 23:21:06.362, 7, 176.58 W, 27, 120 MHz, 3996 MHz, 0 %, 0 %
2026/03/23 23:21:07.362, 0, 750.31 W, 41, 2032 MHz, 3996 MHz, 100 %, 62 %
2026/03/23 23:21:07.362, 1, 749.78 W, 45, 2032 MHz, 3996 MHz, 100 %, 63 %
2026/03/23 23:21:07.362, 2, 757.60 W, 41, 2032 MHz, 3996 MHz, 100 %, 63 %
2026/03/23 23:21:07.362, 3, 750.08 W, 45, 2032 MHz, 3996 MHz, 100 %, 63 %
2026/03/23 23:21:07.362, 4, 178.82 W, 25, 120 MHz, 3996 MHz, 0 %, 0 %
2026/03/23 23:21:07.362, 5, 180.58 W, 27, 120 MHz, 3996 MHz, 0 %, 0 %
2026/03/23 23:21:07.362, 6, 177.77 W, 26, 120 MHz, 3996 MHz, 0 %, 0 %
2026/03/23 23:21:07.362, 7, 176.58 W, 27, 120 MHz, 3996 MHz, 0 %, 0 %
2026/03/23 23:21:08.362, 0, 749.14 W, 41, 2032 MHz, 3996 MHz, 100 %, 62 %
2026/03/23 23:21:08.362, 1, 750.08 W, 45, 2032 MHz, 3996 MHz, 100 %, 62 %
2026/03/23 23:21:08.362, 2, 757.42 W, 41, 2032 MHz, 3996 MHz, 100 %, 63 %
2026/03/23 23:21:08.362, 3, 749.09 W, 45, 2032 MHz, 3996 MHz, 100 %, 63 %
2026/03/23 23:21:08.362, 4, 178.93 W, 25, 120 MHz, 3996 MHz, 0 %, 0 %
2026/03/23 23:21:08.362, 5, 180.58 W, 27, 120 MHz, 3996 MHz, 0 %, 0 %
2026/03/23 23:21:08.362, 6, 177.76 W, 26, 120 MHz, 3996 MHz, 0 %, 0 %
2026/03/23 23:21:08.362, 7, 176.58 W, 27, 120 MHz, 3996 MHz, 0 %, 0 %
2026/03/23 23:21:09.362, 0, 706.23 W, 41, 2032 MHz, 3996 MHz, 100 %, 62 %
2026/03/23 23:21:09.362, 1, 706.42 W, 44, 2032 MHz, 3996 MHz, 100 %, 62 %
2026/03/23 23:21:09.362, 2, 712.10 W, 41, 2032 MHz, 3996 MHz, 100 %, 63 %
2026/03/23 23:21:09.362, 3, 705.73 W, 45, 2032 MHz, 3996 MHz, 100 %, 62 %
2026/03/23 23:21:09.362, 4, 178.87 W, 25, 120 MHz, 3996 MHz, 0 %, 0 %
2026/03/23 23:21:09.362, 5, 180.58 W, 28, 120 MHz, 3996 MHz, 0 %, 0 %
2026/03/23 23:21:09.362, 6, 177.46 W, 26, 120 MHz, 3996 MHz, 0 %, 0 %
2026/03/23 23:21:09.362, 7, 176.59 W, 27, 120 MHz, 3996 MHz, 0 %, 0 %
2026/03/23 23:21:10.362, 0, 720.56 W, 40, 2032 MHz, 3996 MHz, 57 %, 32 %
2026/03/23 23:21:10.362, 1, 708.86 W, 43, 2032 MHz, 3996 MHz, 89 %, 54 %
2026/03/23 23:21:10.362, 2, 711.69 W, 40, 2032 MHz, 3996 MHz, 100 %, 63 %
2026/03/23 23:21:10.362, 3, 706.84 W, 44, 2032 MHz, 3996 MHz, 100 %, 62 %
2026/03/23 23:21:10.362, 4, 178.82 W, 25, 120 MHz, 3996 MHz, 0 %, 0 %
2026/03/23 23:21:10.362, 5, 180.58 W, 27, 120 MHz, 3996 MHz, 0 %, 0 %
2026/03/23 23:21:10.362, 6, 177.27 W, 26, 120 MHz, 3996 MHz, 0 %, 0 %
2026/03/23 23:21:10.362, 7, 176.58 W, 27, 120 MHz, 3996 MHz, 0 %, 0 %
2026/03/23 23:21:11.362, 0, 532.57 W, 40, 2032 MHz, 3996 MHz, 95 %, 58 %
2026/03/23 23:21:11.362, 1, 537.67 W, 43, 2032 MHz, 3996 MHz, 100 %, 39 %
2026/03/23 23:21:11.362, 2, 534.47 W, 39, 2032 MHz, 3996 MHz, 100 %, 62 %
2026/03/23 23:21:11.362, 3, 541.60 W, 43, 2032 MHz, 3996 MHz, 91 %, 26 %
2026/03/23 23:21:11.362, 4, 178.82 W, 25, 120 MHz, 3996 MHz, 0 %, 0 %
2026/03/23 23:21:11.362, 5, 180.58 W, 27, 120 MHz, 3996 MHz, 0 %, 0 %
2026/03/23 23:21:11.362, 6, 177.40 W, 26, 120 MHz, 3996 MHz, 0 %, 0 %
2026/03/23 23:21:11.362, 7, 176.59 W, 27, 120 MHz, 3996 MHz, 0 %, 0 %
2026/03/23 23:21:12.362, 0, 624.02 W, 40, 2032 MHz, 3996 MHz, 100 %, 63 %
2026/03/23 23:21:12.362, 1, 644.53 W, 44, 2032 MHz, 3996 MHz, 100 %, 64 %
2026/03/23 23:21:12.362, 2, 648.00 W, 41, 2032 MHz, 3996 MHz, 100 %, 63 %
2026/03/23 23:21:12.362, 3, 642.36 W, 45, 2032 MHz, 3996 MHz, 100 %, 63 %
2026/03/23 23:21:12.362, 4, 178.73 W, 25, 120 MHz, 3996 MHz, 0 %, 0 %
2026/03/23 23:21:12.362, 5, 180.58 W, 27, 120 MHz, 3996 MHz, 0 %, 0 %
2026/03/23 23:21:12.362, 6, 177.63 W, 26, 120 MHz, 3996 MHz, 0 %, 0 %
2026/03/23 23:21:12.362, 7, 176.59 W, 27, 120 MHz, 3996 MHz, 0 %, 0 %
2026/03/23 23:21:13.362, 0, 614.83 W, 40, 2032 MHz, 3996 MHz, 100 %, 63 %
2026/03/23 23:21:13.362, 1, 596.17 W, 42, 2032 MHz, 3996 MHz, 99 %, 42 %
2026/03/23 23:21:13.362, 2, 599.31 W, 39, 2032 MHz, 3996 MHz, 100 %, 64 %
2026/03/23 23:21:13.362, 3, 597.75 W, 43, 2032 MHz, 3996 MHz, 49 %, 28 %
2026/03/23 23:21:13.363, 4, 178.76 W, 25, 120 MHz, 3996 MHz, 0 %, 0 %
2026/03/23 23:21:13.363, 5, 180.58 W, 27, 120 MHz, 3996 MHz, 0 %, 0 %
2026/03/23 23:21:13.363, 6, 177.44 W, 26, 120 MHz, 3996 MHz, 0 %, 0 %
2026/03/23 23:21:13.363, 7, 176.58 W, 27, 120 MHz, 3996 MHz, 0 %, 0 %
2026/03/23 23:21:14.363, 0, 581.29 W, 40, 2032 MHz, 3996 MHz, 87 %, 53 %
2026/03/23 23:21:14.363, 1, 602.77 W, 43, 2032 MHz, 3996 MHz, 100 %, 30 %
2026/03/23 23:21:14.363, 2, 612.13 W, 40, 2032 MHz, 3996 MHz, 100 %, 57 %
2026/03/23 23:21:14.363, 3, 598.27 W, 44, 2032 MHz, 3996 MHz, 36 %, 18 %
2026/03/23 23:21:14.363, 4, 179.00 W, 25, 120 MHz, 3996 MHz, 0 %, 0 %
2026/03/23 23:21:14.363, 5, 180.58 W, 27, 120 MHz, 3996 MHz, 0 %, 0 %
2026/03/23 23:21:14.363, 6, 177.31 W, 26, 120 MHz, 3996 MHz, 0 %, 0 %
2026/03/23 23:21:14.363, 7, 176.59 W, 27, 120 MHz, 3996 MHz, 0 %, 0 %
2026/03/23 23:21:15.363, 0, 594.70 W, 39, 2032 MHz, 3996 MHz, 59 %, 33 %
2026/03/23 23:21:15.363, 1, 584.05 W, 42, 2032 MHz, 3996 MHz, 93 %, 57 %
2026/03/23 23:21:15.363, 2, 588.99 W, 39, 2032 MHz, 3996 MHz, 82 %, 30 %
2026/03/23 23:21:15.363, 3, 583.80 W, 43, 2032 MHz, 3996 MHz, 100 %, 63 %
2026/03/23 23:21:15.363, 4, 178.78 W, 25, 120 MHz, 3996 MHz, 0 %, 0 %
2026/03/23 23:21:15.363, 5, 180.58 W, 27, 120 MHz, 3996 MHz, 0 %, 0 %
2026/03/23 23:21:15.363, 6, 177.36 W, 26, 120 MHz, 3996 MHz, 0 %, 0 %
2026/03/23 23:21:15.363, 7, 176.59 W, 27, 120 MHz, 3996 MHz, 0 %, 0 %
2026/03/23 23:21:16.363, 0, 686.25 W, 41, 2032 MHz, 3996 MHz, 100 %, 63 %
2026/03/23 23:21:16.363, 1, 704.00 W, 44, 2032 MHz, 3996 MHz, 100 %, 63 %
2026/03/23 23:21:16.363, 2, 711.33 W, 41, 2032 MHz, 3996 MHz, 100 %, 64 %
2026/03/23 23:21:16.363, 3, 704.06 W, 45, 2032 MHz, 3996 MHz, 100 %, 63 %
2026/03/23 23:21:16.363, 4, 178.77 W, 25, 120 MHz, 3996 MHz, 0 %, 0 %
2026/03/23 23:21:16.363, 5, 180.58 W, 27, 120 MHz, 3996 MHz, 0 %, 0 %
2026/03/23 23:21:16.363, 6, 177.80 W, 26, 120 MHz, 3996 MHz, 0 %, 0 %
2026/03/23 23:21:16.363, 7, 176.58 W, 27, 120 MHz, 3996 MHz, 0 %, 0 %
2026/03/23 23:21:17.363, 0, 666.95 W, 40, 2032 MHz, 3996 MHz, 51 %, 27 %
2026/03/23 23:21:17.363, 1, 665.48 W, 43, 2032 MHz, 3996 MHz, 95 %, 18 %
2026/03/23 23:21:17.363, 2, 671.69 W, 40, 2032 MHz, 3996 MHz, 96 %, 31 %
2026/03/23 23:21:17.363, 3, 668.36 W, 44, 2032 MHz, 3996 MHz, 55 %, 27 %
2026/03/23 23:21:17.363, 4, 178.82 W, 25, 120 MHz, 3996 MHz, 0 %, 0 %
2026/03/23 23:21:17.363, 5, 180.58 W, 27, 120 MHz, 3996 MHz, 0 %, 0 %
2026/03/23 23:21:17.363, 6, 177.71 W, 26, 120 MHz, 3996 MHz, 0 %, 0 %
2026/03/23 23:21:17.363, 7, 176.58 W, 27, 120 MHz, 3996 MHz, 0 %, 0 %
2026/03/23 23:21:18.363, 0, 667.44 W, 40, 2032 MHz, 3996 MHz, 43 %, 20 %
2026/03/23 23:21:18.363, 1, 668.96 W, 43, 2032 MHz, 3996 MHz, 94 %, 21 %
2026/03/23 23:21:18.363, 2, 678.78 W, 40, 2032 MHz, 3996 MHz, 93 %, 23 %
2026/03/23 23:21:18.363, 3, 670.51 W, 44, 2032 MHz, 3996 MHz, 79 %, 34 %
2026/03/23 23:21:18.363, 4, 178.91 W, 25, 120 MHz, 3996 MHz, 0 %, 0 %
2026/03/23 23:21:18.363, 5, 180.58 W, 27, 120 MHz, 3996 MHz, 0 %, 0 %
2026/03/23 23:21:18.363, 6, 177.79 W, 26, 120 MHz, 3996 MHz, 0 %, 0 %
2026/03/23 23:21:18.363, 7, 176.58 W, 27, 120 MHz, 3996 MHz, 0 %, 0 %
2026/03/23 23:21:19.363, 0, 624.48 W, 39, 2032 MHz, 3996 MHz, 89 %, 17 %
2026/03/23 23:21:19.363, 1, 625.11 W, 42, 2032 MHz, 3996 MHz, 99 %, 17 %
2026/03/23 23:21:19.363, 2, 627.17 W, 39, 2032 MHz, 3996 MHz, 100 %, 18 %
2026/03/23 23:21:19.363, 3, 621.75 W, 42, 2032 MHz, 3996 MHz, 33 %, 17 %
2026/03/23 23:21:19.363, 4, 178.86 W, 25, 120 MHz, 3996 MHz, 0 %, 0 %
2026/03/23 23:21:19.363, 5, 180.58 W, 27, 120 MHz, 3996 MHz, 0 %, 0 %
2026/03/23 23:21:19.363, 6, 177.28 W, 26, 120 MHz, 3996 MHz, 0 %, 0 %
2026/03/23 23:21:19.363, 7, 176.58 W, 27, 120 MHz, 3996 MHz, 0 %, 0 %
2026/03/23 23:21:20.364, 0, 696.55 W, 40, 2032 MHz, 3996 MHz, 100 %, 62 %
2026/03/23 23:21:20.364, 1, 704.13 W, 44, 2032 MHz, 3996 MHz, 100 %, 62 %
2026/03/23 23:21:20.364, 2, 711.25 W, 41, 2032 MHz, 3996 MHz, 100 %, 63 %
2026/03/23 23:21:20.364, 3, 704.64 W, 44, 2032 MHz, 3996 MHz, 100 %, 62 %
2026/03/23 23:21:20.364, 4, 178.81 W, 25, 120 MHz, 3996 MHz, 0 %, 0 %
2026/03/23 23:21:20.364, 5, 180.58 W, 27, 120 MHz, 3996 MHz, 0 %, 0 %
2026/03/23 23:21:20.364, 6, 177.73 W, 26, 120 MHz, 3996 MHz, 0 %, 0 %
2026/03/23 23:21:20.364, 7, 176.58 W, 27, 120 MHz, 3996 MHz, 0 %, 0 %
2026/03/23 23:21:21.364, 0, 746.91 W, 41, 2032 MHz, 3996 MHz, 100 %, 62 %
2026/03/23 23:21:21.364, 1, 746.68 W, 44, 2032 MHz, 3996 MHz, 100 %, 62 %
2026/03/23 23:21:21.364, 2, 753.29 W, 41, 2032 MHz, 3996 MHz, 100 %, 62 %
2026/03/23 23:21:21.364, 3, 747.35 W, 45, 2032 MHz, 3996 MHz, 100 %, 62 %
2026/03/23 23:21:21.364, 4, 178.84 W, 25, 120 MHz, 3996 MHz, 0 %, 0 %
2026/03/23 23:21:21.364, 5, 180.58 W, 27, 120 MHz, 3996 MHz, 0 %, 0 %
2026/03/23 23:21:21.364, 6, 177.59 W, 26, 120 MHz, 3996 MHz, 0 %, 0 %
2026/03/23 23:21:21.364, 7, 176.58 W, 27, 120 MHz, 3996 MHz, 0 %, 0 %
2026/03/23 23:21:22.364, 0, 748.83 W, 41, 2032 MHz, 3996 MHz, 100 %, 62 %
2026/03/23 23:21:22.364, 1, 737.31 W, 44, 2032 MHz, 3996 MHz, 100 %, 62 %
2026/03/23 23:21:22.364, 2, 742.05 W, 41, 2032 MHz, 3996 MHz, 100 %, 62 %
2026/03/23 23:21:22.364, 3, 737.57 W, 45, 2032 MHz, 3996 MHz, 100 %, 63 %
2026/03/23 23:21:22.364, 4, 178.82 W, 25, 120 MHz, 3996 MHz, 0 %, 0 %
2026/03/23 23:21:22.364, 5, 180.58 W, 27, 120 MHz, 3996 MHz, 0 %, 0 %
2026/03/23 23:21:22.364, 6, 177.63 W, 26, 120 MHz, 3996 MHz, 0 %, 0 %
2026/03/23 23:21:22.364, 7, 176.59 W, 27, 120 MHz, 3996 MHz, 0 %, 0 %
2026/03/23 23:21:23.364, 0, 704.79 W, 41, 2032 MHz, 3996 MHz, 100 %, 62 %
2026/03/23 23:21:23.364, 1, 710.88 W, 44, 2032 MHz, 3996 MHz, 100 %, 62 %
2026/03/23 23:21:23.364, 2, 720.02 W, 41, 2032 MHz, 3996 MHz, 100 %, 63 %
2026/03/23 23:21:23.364, 3, 709.60 W, 45, 2032 MHz, 3996 MHz, 100 %, 62 %
2026/03/23 23:21:23.364, 4, 178.74 W, 25, 120 MHz, 3996 MHz, 0 %, 0 %
2026/03/23 23:21:23.364, 5, 180.58 W, 27, 120 MHz, 3996 MHz, 0 %, 0 %
2026/03/23 23:21:23.364, 6, 177.46 W, 26, 120 MHz, 3996 MHz, 0 %, 0 %
2026/03/23 23:21:23.364, 7, 176.58 W, 27, 120 MHz, 3996 MHz, 0 %, 0 %
2026/03/23 23:21:24.364, 0, 750.26 W, 41, 2032 MHz, 3996 MHz, 100 %, 63 %
2026/03/23 23:21:24.364, 1, 747.31 W, 44, 2032 MHz, 3996 MHz, 100 %, 62 %
2026/03/23 23:21:24.364, 2, 753.90 W, 41, 2032 MHz, 3996 MHz, 100 %, 63 %
2026/03/23 23:21:24.364, 3, 750.04 W, 45, 2032 MHz, 3996 MHz, 100 %, 62 %
2026/03/23 23:21:24.364, 4, 178.93 W, 25, 120 MHz, 3996 MHz, 0 %, 0 %
2026/03/23 23:21:24.364, 5, 180.58 W, 27, 120 MHz, 3996 MHz, 0 %, 0 %
2026/03/23 23:21:24.364, 6, 177.32 W, 26, 120 MHz, 3996 MHz, 0 %, 0 %
2026/03/23 23:21:24.364, 7, 176.59 W, 27, 120 MHz, 3996 MHz, 0 %, 0 %
2026/03/23 23:21:25.364, 0, 748.94 W, 41, 2032 MHz, 3996 MHz, 100 %, 62 %
2026/03/23 23:21:25.364, 1, 746.86 W, 44, 2032 MHz, 3996 MHz, 100 %, 63 %
2026/03/23 23:21:25.364, 2, 753.20 W, 41, 2032 MHz, 3996 MHz, 100 %, 62 %
2026/03/23 23:21:25.364, 3, 749.52 W, 45, 2032 MHz, 3996 MHz, 100 %, 62 %
2026/03/23 23:21:25.364, 4, 178.86 W, 25, 120 MHz, 3996 MHz, 0 %, 0 %
2026/03/23 23:21:25.364, 5, 180.58 W, 27, 120 MHz, 3996 MHz, 0 %, 0 %
2026/03/23 23:21:25.364, 6, 177.51 W, 26, 120 MHz, 3996 MHz, 0 %, 0 %
2026/03/23 23:21:25.364, 7, 176.59 W, 27, 120 MHz, 3996 MHz, 0 %, 0 %
2026/03/23 23:21:26.365, 0, 704.23 W, 40, 2032 MHz, 3996 MHz, 100 %, 19 %
2026/03/23 23:21:26.365, 1, 700.66 W, 43, 2032 MHz, 3996 MHz, 32 %, 17 %
2026/03/23 23:21:26.365, 2, 707.82 W, 40, 2032 MHz, 3996 MHz, 100 %, 22 %
2026/03/23 23:21:26.365, 3, 706.07 W, 44, 2032 MHz, 3996 MHz, 97 %, 31 %
2026/03/23 23:21:26.365, 4, 178.70 W, 25, 120 MHz, 3996 MHz, 0 %, 0 %
2026/03/23 23:21:26.365, 5, 180.58 W, 27, 120 MHz, 3996 MHz, 0 %, 0 %
2026/03/23 23:21:26.365, 6, 177.40 W, 26, 120 MHz, 3996 MHz, 0 %, 0 %
2026/03/23 23:21:26.365, 7, 176.59 W, 27, 120 MHz, 3996 MHz, 0 %, 0 %
2026/03/23 23:21:27.365, 0, 747.61 W, 41, 2032 MHz, 3996 MHz, 100 %, 62 %
2026/03/23 23:21:27.365, 1, 744.29 W, 44, 2032 MHz, 3996 MHz, 100 %, 61 %
2026/03/23 23:21:27.365, 2, 752.29 W, 41, 2032 MHz, 3996 MHz, 100 %, 63 %
2026/03/23 23:21:27.365, 3, 747.37 W, 45, 2032 MHz, 3996 MHz, 100 %, 62 %
2026/03/23 23:21:27.365, 4, 178.78 W, 25, 120 MHz, 3996 MHz, 0 %, 0 %
2026/03/23 23:21:27.365, 5, 180.58 W, 27, 120 MHz, 3996 MHz, 0 %, 0 %
2026/03/23 23:21:27.365, 6, 177.42 W, 26, 120 MHz, 3996 MHz, 0 %, 0 %
2026/03/23 23:21:27.365, 7, 176.59 W, 27, 120 MHz, 3996 MHz, 0 %, 0 %
2026/03/23 23:21:28.365, 0, 662.82 W, 41, 2032 MHz, 3996 MHz, 100 %, 62 %
2026/03/23 23:21:28.365, 1, 657.66 W, 44, 2032 MHz, 3996 MHz, 100 %, 62 %
2026/03/23 23:21:28.365, 2, 664.78 W, 41, 2032 MHz, 3996 MHz, 100 %, 63 %
2026/03/23 23:21:28.365, 3, 663.18 W, 45, 2032 MHz, 3996 MHz, 100 %, 63 %
2026/03/23 23:21:28.365, 4, 178.73 W, 25, 120 MHz, 3996 MHz, 0 %, 0 %
2026/03/23 23:21:28.365, 5, 180.58 W, 27, 120 MHz, 3996 MHz, 0 %, 0 %
2026/03/23 23:21:28.365, 6, 177.48 W, 26, 120 MHz, 3996 MHz, 0 %, 0 %
2026/03/23 23:21:28.365, 7, 176.59 W, 27, 120 MHz, 3996 MHz, 0 %, 0 %
2026/03/23 23:21:29.365, 0, 574.93 W, 40, 2032 MHz, 3996 MHz, 100 %, 62 %
2026/03/23 23:21:29.365, 1, 568.34 W, 43, 2032 MHz, 3996 MHz, 100 %, 40 %
2026/03/23 23:21:29.365, 2, 571.48 W, 40, 2032 MHz, 3996 MHz, 100 %, 63 %
2026/03/23 23:21:29.365, 3, 571.07 W, 44, 2032 MHz, 3996 MHz, 48 %, 26 %
2026/03/23 23:21:29.365, 4, 178.74 W, 25, 120 MHz, 3996 MHz, 0 %, 0 %
2026/03/23 23:21:29.365, 5, 180.58 W, 27, 120 MHz, 3996 MHz, 0 %, 0 %
2026/03/23 23:21:29.365, 6, 177.50 W, 26, 120 MHz, 3996 MHz, 0 %, 0 %
2026/03/23 23:21:29.365, 7, 176.58 W, 27, 120 MHz, 3996 MHz, 0 %, 0 %
2026/03/23 23:21:30.365, 0, 628.58 W, 40, 2032 MHz, 3996 MHz, 61 %, 33 %
2026/03/23 23:21:30.365, 1, 634.50 W, 43, 2032 MHz, 3996 MHz, 99 %, 18 %
2026/03/23 23:21:30.365, 2, 641.50 W, 40, 2032 MHz, 3996 MHz, 100 %, 36 %
2026/03/23 23:21:30.365, 3, 634.90 W, 44, 2032 MHz, 3996 MHz, 77 %, 22 %
2026/03/23 23:21:30.365, 4, 178.76 W, 25, 120 MHz, 3996 MHz, 0 %, 0 %
2026/03/23 23:21:30.365, 5, 180.58 W, 27, 120 MHz, 3996 MHz, 0 %, 0 %
2026/03/23 23:21:30.365, 6, 177.54 W, 26, 120 MHz, 3996 MHz, 0 %, 0 %
2026/03/23 23:21:30.365, 7, 176.59 W, 27, 120 MHz, 3996 MHz, 0 %, 0 %
2026/03/23 23:21:31.365, 0, 622.67 W, 40, 2032 MHz, 3996 MHz, 100 %, 62 %
2026/03/23 23:21:31.365, 1, 626.90 W, 44, 2032 MHz, 3996 MHz, 100 %, 62 %
2026/03/23 23:21:31.365, 2, 639.79 W, 41, 2032 MHz, 3996 MHz, 100 %, 63 %
2026/03/23 23:21:31.365, 3, 632.17 W, 44, 2032 MHz, 3996 MHz, 100 %, 63 %
2026/03/23 23:21:31.365, 4, 179.00 W, 25, 120 MHz, 3996 MHz, 0 %, 0 %
2026/03/23 23:21:31.365, 5, 180.58 W, 27, 120 MHz, 3996 MHz, 0 %, 0 %
2026/03/23 23:21:31.365, 6, 177.48 W, 26, 120 MHz, 3996 MHz, 0 %, 0 %
2026/03/23 23:21:31.365, 7, 176.58 W, 27, 120 MHz, 3996 MHz, 0 %, 0 %
2026/03/23 23:21:32.365, 0, 695.81 W, 39, 2032 MHz, 3996 MHz, 46 %, 18 %
2026/03/23 23:21:32.365, 1, 678.92 W, 42, 2032 MHz, 3996 MHz, 87 %, 18 %
2026/03/23 23:21:32.365, 2, 682.82 W, 39, 2032 MHz, 3996 MHz, 98 %, 18 %
2026/03/23 23:21:32.365, 3, 676.78 W, 43, 2032 MHz, 3996 MHz, 59 %, 31 %
2026/03/23 23:21:32.365, 4, 178.71 W, 25, 120 MHz, 3996 MHz, 0 %, 0 %
2026/03/23 23:21:32.366, 5, 180.58 W, 27, 120 MHz, 3996 MHz, 0 %, 0 %
2026/03/23 23:21:32.366, 6, 177.35 W, 26, 120 MHz, 3996 MHz, 0 %, 0 %
2026/03/23 23:21:32.366, 7, 176.59 W, 27, 120 MHz, 3996 MHz, 0 %, 0 %
2026/03/23 23:21:33.366, 0, 597.51 W, 40, 2032 MHz, 3996 MHz, 100 %, 63 %
2026/03/23 23:21:33.366, 1, 611.23 W, 43, 2032 MHz, 3996 MHz, 100 %, 63 %
2026/03/23 23:21:33.366, 2, 611.43 W, 40, 2032 MHz, 3996 MHz, 100 %, 63 %
2026/03/23 23:21:33.366, 3, 610.15 W, 44, 2032 MHz, 3996 MHz, 100 %, 63 %
2026/03/23 23:21:33.366, 4, 178.75 W, 25, 120 MHz, 3996 MHz, 0 %, 0 %
2026/03/23 23:21:33.366, 5, 180.58 W, 27, 120 MHz, 3996 MHz, 0 %, 0 %
2026/03/23 23:21:33.366, 6, 177.44 W, 26, 120 MHz, 3996 MHz, 0 %, 0 %
2026/03/23 23:21:33.366, 7, 176.58 W, 27, 120 MHz, 3996 MHz, 0 %, 0 %
2026/03/23 23:21:34.366, 0, 621.54 W, 40, 2032 MHz, 3996 MHz, 47 %, 27 %
2026/03/23 23:21:34.366, 1, 627.46 W, 43, 2032 MHz, 3996 MHz, 92 %, 18 %
2026/03/23 23:21:34.366, 2, 639.12 W, 40, 2032 MHz, 3996 MHz, 100 %, 31 %
2026/03/23 23:21:34.366, 3, 626.25 W, 44, 2032 MHz, 3996 MHz, 54 %, 26 %
2026/03/23 23:21:34.366, 4, 178.82 W, 25, 120 MHz, 3996 MHz, 0 %, 0 %
2026/03/23 23:21:34.366, 5, 180.58 W, 27, 120 MHz, 3996 MHz, 0 %, 0 %
2026/03/23 23:21:34.366, 6, 177.31 W, 26, 120 MHz, 3996 MHz, 0 %, 0 %
2026/03/23 23:21:34.366, 7, 176.59 W, 27, 120 MHz, 3996 MHz, 0 %, 0 %
2026/03/23 23:21:35.366, 0, 663.39 W, 40, 2032 MHz, 3996 MHz, 100 %, 62 %
2026/03/23 23:21:35.366, 1, 665.64 W, 44, 2032 MHz, 3996 MHz, 100 %, 62 %
2026/03/23 23:21:35.366, 2, 674.81 W, 41, 2032 MHz, 3996 MHz, 100 %, 64 %
2026/03/23 23:21:35.366, 3, 668.03 W, 45, 2032 MHz, 3996 MHz, 100 %, 62 %
2026/03/23 23:21:35.366, 4, 178.96 W, 25, 120 MHz, 3996 MHz, 0 %, 0 %
2026/03/23 23:21:35.366, 5, 180.58 W, 27, 120 MHz, 3996 MHz, 0 %, 0 %
2026/03/23 23:21:35.366, 6, 177.32 W, 26, 120 MHz, 3996 MHz, 0 %, 0 %
2026/03/23 23:21:35.366, 7, 176.58 W, 27, 120 MHz, 3996 MHz, 0 %, 0 %
2026/03/23 23:21:36.366, 0, 706.81 W, 40, 2032 MHz, 3996 MHz, 95 %, 57 %
2026/03/23 23:21:36.366, 1, 703.61 W, 44, 2032 MHz, 3996 MHz, 100 %, 34 %
2026/03/23 23:21:36.366, 2, 711.49 W, 40, 2032 MHz, 3996 MHz, 100 %, 62 %
2026/03/23 23:21:36.366, 3, 707.46 W, 44, 2032 MHz, 3996 MHz, 38 %, 20 %
2026/03/23 23:21:36.366, 4, 178.70 W, 25, 120 MHz, 3996 MHz, 0 %, 0 %
2026/03/23 23:21:36.366, 5, 180.58 W, 27, 120 MHz, 3996 MHz, 0 %, 0 %
2026/03/23 23:21:36.366, 6, 177.60 W, 26, 120 MHz, 3996 MHz, 0 %, 0 %
2026/03/23 23:21:36.366, 7, 176.58 W, 27, 120 MHz, 3996 MHz, 0 %, 0 %
2026/03/23 23:21:37.366, 0, 633.53 W, 39, 2032 MHz, 3996 MHz, 38 %, 20 %
2026/03/23 23:21:37.366, 1, 634.11 W, 42, 2032 MHz, 3996 MHz, 87 %, 42 %
2026/03/23 23:21:37.366, 2, 640.72 W, 39, 2032 MHz, 3996 MHz, 87 %, 18 %
2026/03/23 23:21:37.366, 3, 635.26 W, 43, 2032 MHz, 3996 MHz, 91 %, 56 %
2026/03/23 23:21:37.366, 4, 178.70 W, 25, 120 MHz, 3996 MHz, 0 %, 0 %
2026/03/23 23:21:37.366, 5, 180.58 W, 27, 120 MHz, 3996 MHz, 0 %, 0 %
2026/03/23 23:21:37.366, 6, 177.24 W, 26, 120 MHz, 3996 MHz, 0 %, 0 %
2026/03/23 23:21:37.366, 7, 176.58 W, 27, 120 MHz, 3996 MHz, 0 %, 0 %
2026/03/23 23:21:38.366, 0, 700.92 W, 40, 2032 MHz, 3996 MHz, 100 %, 62 %
2026/03/23 23:21:38.366, 1, 694.20 W, 44, 2032 MHz, 3996 MHz, 100 %, 62 %
2026/03/23 23:21:38.366, 2, 695.70 W, 41, 2032 MHz, 3996 MHz, 100 %, 63 %
2026/03/23 23:21:38.366, 3, 692.71 W, 45, 2032 MHz, 3996 MHz, 100 %, 63 %
2026/03/23 23:21:38.366, 4, 178.73 W, 25, 120 MHz, 3996 MHz, 0 %, 0 %
2026/03/23 23:21:38.366, 5, 180.58 W, 27, 120 MHz, 3996 MHz, 0 %, 0 %
2026/03/23 23:21:38.366, 6, 177.65 W, 26, 120 MHz, 3996 MHz, 0 %, 0 %
2026/03/23 23:21:38.366, 7, 176.58 W, 27, 120 MHz, 3996 MHz, 0 %, 0 %
2026/03/23 23:21:39.366, 0, 663.34 W, 40, 2032 MHz, 3996 MHz, 100 %, 63 %
2026/03/23 23:21:39.366, 1, 669.65 W, 44, 2032 MHz, 3996 MHz, 100 %, 63 %
2026/03/23 23:21:39.366, 2, 684.47 W, 41, 2032 MHz, 3996 MHz, 100 %, 63 %
2026/03/23 23:21:39.366, 3, 672.67 W, 45, 2032 MHz, 3996 MHz, 100 %, 62 %
2026/03/23 23:21:39.366, 4, 178.70 W, 25, 120 MHz, 3996 MHz, 0 %, 0 %
2026/03/23 23:21:39.366, 5, 180.58 W, 27, 120 MHz, 3996 MHz, 0 %, 0 %
2026/03/23 23:21:39.366, 6, 177.55 W, 26, 120 MHz, 3996 MHz, 0 %, 0 %
2026/03/23 23:21:39.366, 7, 176.58 W, 27, 120 MHz, 3996 MHz, 0 %, 0 %
2026/03/23 23:21:40.367, 0, 708.46 W, 41, 2032 MHz, 3996 MHz, 100 %, 63 %
2026/03/23 23:21:40.367, 1, 708.50 W, 44, 2032 MHz, 3996 MHz, 100 %, 63 %
2026/03/23 23:21:40.367, 2, 713.96 W, 41, 2032 MHz, 3996 MHz, 100 %, 64 %
2026/03/23 23:21:40.367, 3, 708.37 W, 45, 2032 MHz, 3996 MHz, 100 %, 63 %
2026/03/23 23:21:40.367, 4, 178.73 W, 25, 120 MHz, 3996 MHz, 0 %, 0 %
2026/03/23 23:21:40.367, 5, 180.58 W, 27, 120 MHz, 3996 MHz, 0 %, 0 %
2026/03/23 23:21:40.367, 6, 177.46 W, 26, 120 MHz, 3996 MHz, 0 %, 0 %
2026/03/23 23:21:40.367, 7, 176.58 W, 27, 120 MHz, 3996 MHz, 0 %, 0 %
2026/03/23 23:21:41.367, 0, 752.64 W, 41, 2032 MHz, 3996 MHz, 100 %, 63 %
2026/03/23 23:21:41.367, 1, 750.01 W, 44, 2032 MHz, 3996 MHz, 100 %, 63 %
2026/03/23 23:21:41.367, 2, 758.64 W, 41, 2032 MHz, 3996 MHz, 100 %, 64 %
2026/03/23 23:21:41.367, 3, 752.52 W, 45, 2032 MHz, 3996 MHz, 100 %, 63 %
2026/03/23 23:21:41.367, 4, 178.89 W, 25, 120 MHz, 3996 MHz, 0 %, 0 %
2026/03/23 23:21:41.367, 5, 180.58 W, 27, 120 MHz, 3996 MHz, 0 %, 0 %
2026/03/23 23:21:41.367, 6, 177.57 W, 26, 120 MHz, 3996 MHz, 0 %, 0 %
2026/03/23 23:21:41.367, 7, 176.58 W, 27, 120 MHz, 3996 MHz, 0 %, 0 %
2026/03/23 23:21:42.367, 0, 754.34 W, 41, 2032 MHz, 3996 MHz, 100 %, 63 %
2026/03/23 23:21:42.367, 1, 751.95 W, 44, 2032 MHz, 3996 MHz, 100 %, 63 %
2026/03/23 23:21:42.367, 2, 759.88 W, 41, 2032 MHz, 3996 MHz, 100 %, 64 %
2026/03/23 23:21:42.367, 3, 753.14 W, 45, 2032 MHz, 3996 MHz, 100 %, 63 %
2026/03/23 23:21:42.367, 4, 178.90 W, 25, 120 MHz, 3996 MHz, 0 %, 0 %
2026/03/23 23:21:42.367, 5, 180.58 W, 27, 120 MHz, 3996 MHz, 0 %, 0 %
2026/03/23 23:21:42.367, 6, 177.67 W, 26, 120 MHz, 3996 MHz, 0 %, 0 %
2026/03/23 23:21:42.367, 7, 176.58 W, 27, 120 MHz, 3996 MHz, 0 %, 0 %
2026/03/23 23:21:43.367, 0, 755.99 W, 41, 2032 MHz, 3996 MHz, 100 %, 62 %
2026/03/23 23:21:43.367, 1, 752.72 W, 44, 2032 MHz, 3996 MHz, 100 %, 63 %
2026/03/23 23:21:43.367, 2, 759.71 W, 41, 2032 MHz, 3996 MHz, 100 %, 63 %
2026/03/23 23:21:43.367, 3, 754.01 W, 45, 2032 MHz, 3996 MHz, 100 %, 63 %
2026/03/23 23:21:43.367, 4, 178.91 W, 25, 120 MHz, 3996 MHz, 0 %, 0 %
2026/03/23 23:21:43.367, 5, 180.58 W, 27, 120 MHz, 3996 MHz, 0 %, 0 %
2026/03/23 23:21:43.367, 6, 177.36 W, 26, 120 MHz, 3996 MHz, 0 %, 0 %
2026/03/23 23:21:43.367, 7, 176.58 W, 27, 120 MHz, 3996 MHz, 0 %, 0 %
2026/03/23 23:21:44.367, 0, 754.03 W, 41, 2032 MHz, 3996 MHz, 100 %, 63 %
2026/03/23 23:21:44.367, 1, 754.93 W, 45, 2032 MHz, 3996 MHz, 100 %, 64 %
2026/03/23 23:21:44.367, 2, 757.92 W, 41, 2032 MHz, 3996 MHz, 100 %, 64 %
2026/03/23 23:21:44.367, 3, 751.43 W, 45, 2032 MHz, 3996 MHz, 100 %, 63 %
2026/03/23 23:21:44.367, 4, 178.82 W, 25, 120 MHz, 3996 MHz, 0 %, 0 %
2026/03/23 23:21:44.367, 5, 180.58 W, 27, 120 MHz, 3996 MHz, 0 %, 0 %
2026/03/23 23:21:44.367, 6, 177.38 W, 26, 120 MHz, 3996 MHz, 0 %, 0 %
2026/03/23 23:21:44.367, 7, 176.58 W, 27, 120 MHz, 3996 MHz, 0 %, 0 %
2026/03/23 23:21:45.367, 0, 754.98 W, 41, 2032 MHz, 3996 MHz, 100 %, 63 %
2026/03/23 23:21:45.367, 1, 752.79 W, 45, 2032 MHz, 3996 MHz, 100 %, 63 %
2026/03/23 23:21:45.367, 2, 759.72 W, 41, 2032 MHz, 3996 MHz, 100 %, 64 %
2026/03/23 23:21:45.367, 3, 753.08 W, 45, 2032 MHz, 3996 MHz, 100 %, 63 %
2026/03/23 23:21:45.367, 4, 178.96 W, 25, 120 MHz, 3996 MHz, 0 %, 0 %
2026/03/23 23:21:45.367, 5, 180.58 W, 27, 120 MHz, 3996 MHz, 0 %, 0 %
2026/03/23 23:21:45.367, 6, 177.38 W, 26, 120 MHz, 3996 MHz, 0 %, 0 %
2026/03/23 23:21:45.367, 7, 176.59 W, 27, 120 MHz, 3996 MHz, 0 %, 0 %
2026/03/23 23:21:46.367, 0, 755.34 W, 41, 2032 MHz, 3996 MHz, 100 %, 63 %
2026/03/23 23:21:46.367, 1, 754.27 W, 45, 2032 MHz, 3996 MHz, 100 %, 63 %
2026/03/23 23:21:46.367, 2, 759.15 W, 41, 2032 MHz, 3996 MHz, 100 %, 63 %
2026/03/23 23:21:46.367, 3, 751.47 W, 45, 2032 MHz, 3996 MHz, 100 %, 62 %
2026/03/23 23:21:46.367, 4, 178.89 W, 25, 120 MHz, 3996 MHz, 0 %, 0 %
2026/03/23 23:21:46.367, 5, 180.58 W, 27, 120 MHz, 3996 MHz, 0 %, 0 %
2026/03/23 23:21:46.367, 6, 177.56 W, 26, 120 MHz, 3996 MHz, 0 %, 0 %
2026/03/23 23:21:46.368, 7, 176.58 W, 27, 120 MHz, 3996 MHz, 0 %, 0 %
2026/03/23 23:21:47.368, 0, 755.43 W, 41, 2032 MHz, 3996 MHz, 100 %, 64 %
2026/03/23 23:21:47.368, 1, 751.66 W, 45, 2032 MHz, 3996 MHz, 100 %, 64 %
2026/03/23 23:21:47.368, 2, 756.45 W, 41, 2032 MHz, 3996 MHz, 100 %, 63 %
2026/03/23 23:21:47.368, 3, 746.72 W, 45, 2032 MHz, 3996 MHz, 100 %, 63 %
2026/03/23 23:21:47.368, 4, 178.75 W, 25, 120 MHz, 3996 MHz, 0 %, 0 %
2026/03/23 23:21:47.368, 5, 180.58 W, 27, 120 MHz, 3996 MHz, 0 %, 0 %
2026/03/23 23:21:47.368, 6, 177.73 W, 26, 120 MHz, 3996 MHz, 0 %, 0 %
2026/03/23 23:21:47.368, 7, 176.58 W, 27, 120 MHz, 3996 MHz, 0 %, 0 %
2026/03/23 23:21:48.368, 0, 694.27 W, 40, 2032 MHz, 3996 MHz, 98 %, 51 %
2026/03/23 23:21:48.368, 1, 706.28 W, 44, 2032 MHz, 3996 MHz, 99 %, 55 %
2026/03/23 23:21:48.368, 2, 716.24 W, 41, 2032 MHz, 3996 MHz, 100 %, 59 %
2026/03/23 23:21:48.368, 3, 706.13 W, 45, 2032 MHz, 3996 MHz, 99 %, 57 %
2026/03/23 23:21:48.368, 4, 178.89 W, 25, 120 MHz, 3996 MHz, 0 %, 0 %
2026/03/23 23:21:48.368, 5, 180.58 W, 27, 120 MHz, 3996 MHz, 0 %, 0 %
2026/03/23 23:21:48.368, 6, 177.32 W, 26, 120 MHz, 3996 MHz, 0 %, 0 %
2026/03/23 23:21:48.368, 7, 176.59 W, 27, 120 MHz, 3996 MHz, 0 %, 0 %
2026/03/23 23:21:49.368, 0, 651.80 W, 40, 2032 MHz, 3996 MHz, 100 %, 51 %
2026/03/23 23:21:49.368, 1, 666.64 W, 44, 2032 MHz, 3996 MHz, 100 %, 52 %
2026/03/23 23:21:49.368, 2, 674.91 W, 40, 2032 MHz, 3996 MHz, 100 %, 53 %
2026/03/23 23:21:49.368, 3, 667.21 W, 44, 2032 MHz, 3996 MHz, 100 %, 52 %
2026/03/23 23:21:49.368, 4, 178.74 W, 25, 120 MHz, 3996 MHz, 0 %, 0 %
2026/03/23 23:21:49.368, 5, 180.58 W, 27, 120 MHz, 3996 MHz, 0 %, 0 %
2026/03/23 23:21:49.368, 6, 177.40 W, 26, 120 MHz, 3996 MHz, 0 %, 0 %
2026/03/23 23:21:49.368, 7, 176.58 W, 27, 120 MHz, 3996 MHz, 0 %, 0 %
2026/03/23 23:21:50.368, 0, 643.07 W, 40, 2032 MHz, 3996 MHz, 100 %, 48 %
2026/03/23 23:21:50.368, 1, 662.11 W, 43, 2032 MHz, 3996 MHz, 100 %, 50 %
2026/03/23 23:21:50.368, 2, 671.09 W, 40, 2032 MHz, 3996 MHz, 100 %, 50 %
2026/03/23 23:21:50.368, 3, 659.19 W, 44, 2032 MHz, 3996 MHz, 100 %, 50 %
2026/03/23 23:21:50.368, 4, 178.82 W, 25, 120 MHz, 3996 MHz, 0 %, 0 %
2026/03/23 23:21:50.368, 5, 180.58 W, 27, 120 MHz, 3996 MHz, 0 %, 0 %
2026/03/23 23:21:50.368, 6, 177.16 W, 26, 120 MHz, 3996 MHz, 0 %, 0 %
2026/03/23 23:21:50.368, 7, 176.59 W, 27, 120 MHz, 3996 MHz, 0 %, 0 %
2026/03/23 23:21:51.368, 0, 583.27 W, 39, 2032 MHz, 3996 MHz, 100 %, 42 %
2026/03/23 23:21:51.368, 1, 594.26 W, 43, 2032 MHz, 3996 MHz, 100 %, 44 %
2026/03/23 23:21:51.368, 2, 599.67 W, 39, 2032 MHz, 3996 MHz, 100 %, 44 %
2026/03/23 23:21:51.368, 3, 597.18 W, 43, 2032 MHz, 3996 MHz, 100 %, 44 %
2026/03/23 23:21:51.368, 4, 178.92 W, 25, 120 MHz, 3996 MHz, 0 %, 0 %
2026/03/23 23:21:51.368, 5, 180.58 W, 27, 120 MHz, 3996 MHz, 0 %, 0 %
2026/03/23 23:21:51.368, 6, 177.55 W, 26, 120 MHz, 3996 MHz, 0 %, 0 %
2026/03/23 23:21:51.368, 7, 176.59 W, 27, 120 MHz, 3996 MHz, 0 %, 0 %
2026/03/23 23:21:52.368, 0, 475.66 W, 36, 2032 MHz, 3996 MHz, 9 %, 2 %
2026/03/23 23:21:52.368, 1, 461.80 W, 39, 2032 MHz, 3996 MHz, 59 %, 16 %
2026/03/23 23:21:52.368, 2, 499.11 W, 37, 2032 MHz, 3996 MHz, 97 %, 26 %
2026/03/23 23:21:52.368, 3, 467.06 W, 40, 2032 MHz, 3996 MHz, 90 %, 25 %
2026/03/23 23:21:52.368, 4, 178.73 W, 25, 120 MHz, 3996 MHz, 0 %, 0 %
2026/03/23 23:21:52.368, 5, 180.58 W, 27, 120 MHz, 3996 MHz, 0 %, 0 %
2026/03/23 23:21:52.368, 6, 177.46 W, 26, 120 MHz, 3996 MHz, 0 %, 0 %
2026/03/23 23:21:52.368, 7, 176.58 W, 27, 120 MHz, 3996 MHz, 0 %, 0 %
