timestamp, index, power.draw [W], temperature.gpu, clocks.current.sm [MHz], clocks.current.memory [MHz], utilization.gpu [%], utilization.memory [%]
2026/03/23 23:02:34.106, 0, 189.43 W, 32, 705 MHz, 3996 MHz, 0 %, 0 %
2026/03/23 23:02:34.111, 1, 191.65 W, 35, 615 MHz, 3996 MHz, 0 %, 0 %
2026/03/23 23:02:34.117, 2, 249.14 W, 33, 2032 MHz, 3996 MHz, 0 %, 0 %
2026/03/23 23:02:34.121, 3, 190.24 W, 36, 495 MHz, 3996 MHz, 0 %, 0 %
2026/03/23 23:02:34.126, 4, 178.93 W, 26, 120 MHz, 3996 MHz, 0 %, 0 %
2026/03/23 23:02:34.133, 5, 180.58 W, 28, 120 MHz, 3996 MHz, 0 %, 0 %
2026/03/23 23:02:34.141, 6, 178.64 W, 27, 120 MHz, 3996 MHz, 0 %, 0 %
2026/03/23 23:02:34.148, 7, 176.58 W, 28, 120 MHz, 3996 MHz, 0 %, 0 %
2026/03/23 23:02:35.156, 0, 184.40 W, 31, 442 MHz, 3996 MHz, 0 %, 0 %
2026/03/23 23:02:35.156, 1, 187.79 W, 35, 420 MHz, 3996 MHz, 0 %, 0 %
2026/03/23 23:02:35.156, 2, 220.47 W, 32, 1012 MHz, 3996 MHz, 0 %, 0 %
2026/03/23 23:02:35.156, 3, 187.75 W, 35, 315 MHz, 3996 MHz, 0 %, 0 %
2026/03/23 23:02:35.156, 4, 178.94 W, 26, 120 MHz, 3996 MHz, 0 %, 0 %
2026/03/23 23:02:35.156, 5, 180.58 W, 28, 120 MHz, 3996 MHz, 0 %, 0 %
2026/03/23 23:02:35.156, 6, 178.49 W, 27, 120 MHz, 3996 MHz, 0 %, 0 %
2026/03/23 23:02:35.156, 7, 176.58 W, 28, 120 MHz, 3996 MHz, 0 %, 0 %
2026/03/23 23:02:36.156, 0, 182.04 W, 31, 277 MHz, 3996 MHz, 0 %, 0 %
2026/03/23 23:02:36.156, 1, 185.30 W, 34, 240 MHz, 3996 MHz, 0 %, 0 %
2026/03/23 23:02:36.156, 2, 191.22 W, 31, 637 MHz, 3996 MHz, 0 %, 0 %
2026/03/23 23:02:36.156, 3, 186.53 W, 35, 195 MHz, 3996 MHz, 0 %, 0 %
2026/03/23 23:02:36.156, 4, 178.85 W, 26, 120 MHz, 3996 MHz, 0 %, 0 %
2026/03/23 23:02:36.156, 5, 180.58 W, 28, 120 MHz, 3996 MHz, 0 %, 0 %
2026/03/23 23:02:36.156, 6, 178.41 W, 27, 120 MHz, 3996 MHz, 0 %, 0 %
2026/03/23 23:02:36.156, 7, 176.58 W, 28, 120 MHz, 3996 MHz, 0 %, 0 %
2026/03/23 23:02:37.157, 0, 180.78 W, 31, 180 MHz, 3996 MHz, 0 %, 0 %
2026/03/23 23:02:37.157, 1, 184.88 W, 34, 157 MHz, 3996 MHz, 0 %, 0 %
2026/03/23 23:02:37.157, 2, 187.81 W, 31, 405 MHz, 3996 MHz, 0 %, 0 %
2026/03/23 23:02:37.157, 3, 185.04 W, 35, 127 MHz, 3996 MHz, 0 %, 0 %
2026/03/23 23:02:37.157, 4, 179.25 W, 26, 120 MHz, 3996 MHz, 0 %, 0 %
2026/03/23 23:02:37.157, 5, 180.58 W, 28, 120 MHz, 3996 MHz, 0 %, 0 %
2026/03/23 23:02:37.157, 6, 178.52 W, 27, 120 MHz, 3996 MHz, 0 %, 0 %
2026/03/23 23:02:37.157, 7, 176.58 W, 28, 120 MHz, 3996 MHz, 0 %, 0 %
2026/03/23 23:02:38.157, 0, 180.09 W, 31, 120 MHz, 3996 MHz, 0 %, 0 %
2026/03/23 23:02:38.157, 1, 183.77 W, 34, 120 MHz, 3996 MHz, 0 %, 0 %
2026/03/23 23:02:38.157, 2, 185.88 W, 31, 255 MHz, 3996 MHz, 0 %, 0 %
2026/03/23 23:02:38.157, 3, 184.98 W, 35, 120 MHz, 3996 MHz, 0 %, 0 %
2026/03/23 23:02:38.157, 4, 179.25 W, 26, 120 MHz, 3996 MHz, 0 %, 0 %
2026/03/23 23:02:38.157, 5, 180.58 W, 28, 120 MHz, 3996 MHz, 0 %, 0 %
2026/03/23 23:02:38.157, 6, 178.34 W, 27, 120 MHz, 3996 MHz, 0 %, 0 %
2026/03/23 23:02:38.157, 7, 176.58 W, 28, 120 MHz, 3996 MHz, 0 %, 0 %
2026/03/23 23:02:39.157, 0, 180.10 W, 31, 120 MHz, 3996 MHz, 0 %, 0 %
2026/03/23 23:02:39.157, 1, 184.27 W, 34, 120 MHz, 3996 MHz, 0 %, 0 %
2026/03/23 23:02:39.157, 2, 184.11 W, 31, 165 MHz, 3996 MHz, 0 %, 0 %
2026/03/23 23:02:39.157, 3, 184.98 W, 34, 120 MHz, 3996 MHz, 0 %, 0 %
2026/03/23 23:02:39.157, 4, 179.32 W, 26, 120 MHz, 3996 MHz, 0 %, 0 %
2026/03/23 23:02:39.157, 5, 180.58 W, 28, 120 MHz, 3996 MHz, 0 %, 0 %
2026/03/23 23:02:39.157, 6, 178.49 W, 27, 120 MHz, 3996 MHz, 0 %, 0 %
2026/03/23 23:02:39.157, 7, 176.58 W, 28, 120 MHz, 3996 MHz, 0 %, 0 %
2026/03/23 23:02:40.157, 0, 180.10 W, 30, 120 MHz, 3996 MHz, 0 %, 0 %
2026/03/23 23:02:40.157, 1, 183.63 W, 34, 120 MHz, 3996 MHz, 0 %, 0 %
2026/03/23 23:02:40.157, 2, 183.99 W, 31, 120 MHz, 3996 MHz, 0 %, 0 %
2026/03/23 23:02:40.157, 3, 184.99 W, 34, 120 MHz, 3996 MHz, 0 %, 0 %
2026/03/23 23:02:40.157, 4, 179.20 W, 26, 120 MHz, 3996 MHz, 0 %, 0 %
2026/03/23 23:02:40.157, 5, 180.58 W, 28, 120 MHz, 3996 MHz, 0 %, 0 %
2026/03/23 23:02:40.157, 6, 178.53 W, 27, 120 MHz, 3996 MHz, 0 %, 0 %
2026/03/23 23:02:40.157, 7, 176.58 W, 28, 120 MHz, 3996 MHz, 0 %, 0 %
2026/03/23 23:02:41.157, 0, 180.10 W, 30, 120 MHz, 3996 MHz, 0 %, 0 %
2026/03/23 23:02:41.157, 1, 183.78 W, 33, 120 MHz, 3996 MHz, 0 %, 0 %
2026/03/23 23:02:41.157, 2, 183.99 W, 30, 120 MHz, 3996 MHz, 0 %, 0 %
2026/03/23 23:02:41.157, 3, 184.97 W, 34, 120 MHz, 3996 MHz, 0 %, 0 %
2026/03/23 23:02:41.157, 4, 179.10 W, 26, 120 MHz, 3996 MHz, 0 %, 0 %
2026/03/23 23:02:41.157, 5, 180.58 W, 28, 120 MHz, 3996 MHz, 0 %, 0 %
2026/03/23 23:02:41.157, 6, 178.25 W, 27, 120 MHz, 3996 MHz, 0 %, 0 %
2026/03/23 23:02:41.157, 7, 176.58 W, 28, 120 MHz, 3996 MHz, 0 %, 0 %
2026/03/23 23:02:42.157, 0, 180.09 W, 30, 120 MHz, 3996 MHz, 0 %, 0 %
2026/03/23 23:02:42.157, 1, 183.32 W, 33, 120 MHz, 3996 MHz, 0 %, 0 %
2026/03/23 23:02:42.157, 2, 184.00 W, 30, 120 MHz, 3996 MHz, 0 %, 0 %
2026/03/23 23:02:42.157, 3, 184.98 W, 34, 120 MHz, 3996 MHz, 0 %, 0 %
2026/03/23 23:02:42.157, 4, 179.21 W, 26, 120 MHz, 3996 MHz, 0 %, 0 %
2026/03/23 23:02:42.157, 5, 180.58 W, 28, 120 MHz, 3996 MHz, 0 %, 0 %
2026/03/23 23:02:42.157, 6, 178.52 W, 27, 120 MHz, 3996 MHz, 0 %, 0 %
2026/03/23 23:02:42.157, 7, 176.58 W, 28, 120 MHz, 3996 MHz, 0 %, 0 %
2026/03/23 23:02:43.158, 0, 180.10 W, 30, 120 MHz, 3996 MHz, 0 %, 0 %
2026/03/23 23:02:43.158, 1, 183.05 W, 33, 120 MHz, 3996 MHz, 0 %, 0 %
2026/03/23 23:02:43.158, 2, 183.99 W, 30, 120 MHz, 3996 MHz, 0 %, 0 %
2026/03/23 23:02:43.158, 3, 184.98 W, 34, 120 MHz, 3996 MHz, 0 %, 0 %
2026/03/23 23:02:43.158, 4, 179.21 W, 26, 120 MHz, 3996 MHz, 0 %, 0 %
2026/03/23 23:02:43.158, 5, 180.58 W, 28, 120 MHz, 3996 MHz, 0 %, 0 %
2026/03/23 23:02:43.158, 6, 178.45 W, 27, 120 MHz, 3996 MHz, 0 %, 0 %
2026/03/23 23:02:43.158, 7, 176.58 W, 28, 120 MHz, 3996 MHz, 0 %, 0 %
2026/03/23 23:02:44.158, 0, 180.10 W, 30, 120 MHz, 3996 MHz, 0 %, 0 %
2026/03/23 23:02:44.158, 1, 183.04 W, 33, 120 MHz, 3996 MHz, 0 %, 0 %
2026/03/23 23:02:44.158, 2, 183.99 W, 30, 120 MHz, 3996 MHz, 0 %, 0 %
2026/03/23 23:02:44.158, 3, 184.96 W, 34, 120 MHz, 3996 MHz, 0 %, 0 %
2026/03/23 23:02:44.158, 4, 179.40 W, 26, 120 MHz, 3996 MHz, 0 %, 0 %
2026/03/23 23:02:44.158, 5, 180.58 W, 28, 120 MHz, 3996 MHz, 0 %, 0 %
2026/03/23 23:02:44.158, 6, 178.33 W, 27, 120 MHz, 3996 MHz, 0 %, 0 %
2026/03/23 23:02:44.158, 7, 176.58 W, 28, 120 MHz, 3996 MHz, 0 %, 0 %
2026/03/23 23:02:45.158, 0, 180.09 W, 30, 120 MHz, 3996 MHz, 0 %, 0 %
2026/03/23 23:02:45.158, 1, 183.01 W, 33, 120 MHz, 3996 MHz, 0 %, 0 %
2026/03/23 23:02:45.158, 2, 183.99 W, 30, 120 MHz, 3996 MHz, 0 %, 0 %
2026/03/23 23:02:45.158, 3, 184.96 W, 34, 120 MHz, 3996 MHz, 0 %, 0 %
2026/03/23 23:02:45.158, 4, 179.02 W, 26, 120 MHz, 3996 MHz, 0 %, 0 %
2026/03/23 23:02:45.158, 5, 180.62 W, 28, 120 MHz, 3996 MHz, 0 %, 0 %
2026/03/23 23:02:45.158, 6, 178.56 W, 27, 120 MHz, 3996 MHz, 0 %, 0 %
2026/03/23 23:02:45.158, 7, 176.58 W, 28, 120 MHz, 3996 MHz, 0 %, 0 %
2026/03/23 23:02:46.158, 0, 180.09 W, 30, 120 MHz, 3996 MHz, 0 %, 0 %
2026/03/23 23:02:46.158, 1, 183.01 W, 33, 120 MHz, 3996 MHz, 0 %, 0 %
2026/03/23 23:02:46.158, 2, 183.99 W, 30, 120 MHz, 3996 MHz, 0 %, 0 %
2026/03/23 23:02:46.158, 3, 184.98 W, 33, 120 MHz, 3996 MHz, 0 %, 0 %
2026/03/23 23:02:46.158, 4, 179.47 W, 26, 120 MHz, 3996 MHz, 0 %, 0 %
2026/03/23 23:02:46.158, 5, 180.58 W, 28, 120 MHz, 3996 MHz, 0 %, 0 %
2026/03/23 23:02:46.158, 6, 178.22 W, 27, 120 MHz, 3996 MHz, 0 %, 0 %
2026/03/23 23:02:46.158, 7, 176.59 W, 28, 120 MHz, 3996 MHz, 0 %, 0 %
2026/03/23 23:02:47.158, 0, 180.08 W, 29, 120 MHz, 3996 MHz, 0 %, 0 %
2026/03/23 23:02:47.158, 1, 183.01 W, 33, 120 MHz, 3996 MHz, 0 %, 0 %
2026/03/23 23:02:47.158, 2, 183.98 W, 30, 120 MHz, 3996 MHz, 0 %, 0 %
2026/03/23 23:02:47.158, 3, 184.96 W, 33, 120 MHz, 3996 MHz, 0 %, 0 %
2026/03/23 23:02:47.158, 4, 179.05 W, 26, 120 MHz, 3996 MHz, 0 %, 0 %
2026/03/23 23:02:47.158, 5, 180.58 W, 28, 120 MHz, 3996 MHz, 0 %, 0 %
2026/03/23 23:02:47.158, 6, 178.33 W, 27, 120 MHz, 3996 MHz, 0 %, 0 %
2026/03/23 23:02:47.158, 7, 176.58 W, 28, 120 MHz, 3996 MHz, 0 %, 0 %
2026/03/23 23:02:48.158, 0, 180.09 W, 29, 120 MHz, 3996 MHz, 0 %, 0 %
2026/03/23 23:02:48.158, 1, 183.01 W, 33, 120 MHz, 3996 MHz, 0 %, 0 %
2026/03/23 23:02:48.158, 2, 183.99 W, 29, 120 MHz, 3996 MHz, 0 %, 0 %
2026/03/23 23:02:48.158, 3, 184.97 W, 33, 120 MHz, 3996 MHz, 0 %, 0 %
2026/03/23 23:02:48.158, 4, 179.06 W, 26, 120 MHz, 3996 MHz, 0 %, 0 %
2026/03/23 23:02:48.158, 5, 180.58 W, 28, 120 MHz, 3996 MHz, 0 %, 0 %
2026/03/23 23:02:48.158, 6, 178.45 W, 27, 120 MHz, 3996 MHz, 0 %, 0 %
2026/03/23 23:02:48.158, 7, 176.58 W, 28, 120 MHz, 3996 MHz, 0 %, 0 %
2026/03/23 23:02:49.158, 0, 180.10 W, 29, 120 MHz, 3996 MHz, 0 %, 0 %
2026/03/23 23:02:49.158, 1, 183.01 W, 32, 120 MHz, 3996 MHz, 0 %, 0 %
2026/03/23 23:02:49.158, 2, 184.00 W, 29, 120 MHz, 3996 MHz, 0 %, 0 %
2026/03/23 23:02:49.158, 3, 184.88 W, 33, 120 MHz, 3996 MHz, 0 %, 0 %
2026/03/23 23:02:49.159, 4, 179.28 W, 26, 120 MHz, 3996 MHz, 0 %, 0 %
2026/03/23 23:02:49.159, 5, 180.58 W, 28, 120 MHz, 3996 MHz, 0 %, 0 %
2026/03/23 23:02:49.159, 6, 178.38 W, 27, 120 MHz, 3996 MHz, 0 %, 0 %
2026/03/23 23:02:49.159, 7, 176.58 W, 28, 120 MHz, 3996 MHz, 0 %, 0 %
2026/03/23 23:02:50.159, 0, 180.06 W, 29, 120 MHz, 3996 MHz, 0 %, 0 %
2026/03/23 23:02:50.159, 1, 183.01 W, 32, 120 MHz, 3996 MHz, 0 %, 0 %
2026/03/23 23:02:50.159, 2, 183.99 W, 29, 120 MHz, 3996 MHz, 0 %, 0 %
2026/03/23 23:02:50.159, 3, 184.84 W, 33, 120 MHz, 3996 MHz, 0 %, 0 %
2026/03/23 23:02:50.159, 4, 179.21 W, 26, 120 MHz, 3996 MHz, 0 %, 0 %
2026/03/23 23:02:50.159, 5, 180.58 W, 28, 120 MHz, 3996 MHz, 0 %, 0 %
2026/03/23 23:02:50.159, 6, 178.45 W, 27, 120 MHz, 3996 MHz, 0 %, 0 %
2026/03/23 23:02:50.159, 7, 176.58 W, 28, 120 MHz, 3996 MHz, 0 %, 0 %
2026/03/23 23:02:51.159, 0, 180.10 W, 29, 120 MHz, 3996 MHz, 0 %, 0 %
2026/03/23 23:02:51.159, 1, 183.01 W, 32, 120 MHz, 3996 MHz, 0 %, 0 %
2026/03/23 23:02:51.159, 2, 184.01 W, 29, 120 MHz, 3996 MHz, 0 %, 0 %
2026/03/23 23:02:51.159, 3, 184.89 W, 33, 120 MHz, 3996 MHz, 0 %, 0 %
2026/03/23 23:02:51.159, 4, 178.99 W, 26, 120 MHz, 3996 MHz, 0 %, 0 %
2026/03/23 23:02:51.159, 5, 180.58 W, 28, 120 MHz, 3996 MHz, 0 %, 0 %
2026/03/23 23:02:51.159, 6, 178.52 W, 27, 120 MHz, 3996 MHz, 0 %, 0 %
2026/03/23 23:02:51.159, 7, 176.58 W, 28, 120 MHz, 3996 MHz, 0 %, 0 %
2026/03/23 23:02:52.159, 0, 180.11 W, 29, 120 MHz, 3996 MHz, 0 %, 0 %
2026/03/23 23:02:52.159, 1, 183.01 W, 32, 120 MHz, 3996 MHz, 0 %, 0 %
2026/03/23 23:02:52.159, 2, 184.00 W, 29, 120 MHz, 3996 MHz, 0 %, 0 %
2026/03/23 23:02:52.159, 3, 184.57 W, 33, 120 MHz, 3996 MHz, 0 %, 0 %
2026/03/23 23:02:52.159, 4, 179.02 W, 26, 120 MHz, 3996 MHz, 0 %, 0 %
2026/03/23 23:02:52.159, 5, 180.58 W, 28, 120 MHz, 3996 MHz, 0 %, 0 %
2026/03/23 23:02:52.159, 6, 178.26 W, 27, 120 MHz, 3996 MHz, 0 %, 0 %
2026/03/23 23:02:52.159, 7, 176.58 W, 28, 120 MHz, 3996 MHz, 0 %, 0 %
2026/03/23 23:02:53.159, 0, 180.10 W, 29, 120 MHz, 3996 MHz, 0 %, 0 %
2026/03/23 23:02:53.159, 1, 183.01 W, 32, 120 MHz, 3996 MHz, 0 %, 0 %
2026/03/23 23:02:53.159, 2, 183.99 W, 29, 120 MHz, 3996 MHz, 0 %, 0 %
2026/03/23 23:02:53.159, 3, 184.67 W, 33, 120 MHz, 3996 MHz, 0 %, 0 %
2026/03/23 23:02:53.159, 4, 179.14 W, 26, 120 MHz, 3996 MHz, 0 %, 0 %
2026/03/23 23:02:53.159, 5, 180.58 W, 28, 120 MHz, 3996 MHz, 0 %, 0 %
2026/03/23 23:02:53.159, 6, 178.60 W, 27, 120 MHz, 3996 MHz, 0 %, 0 %
2026/03/23 23:02:53.159, 7, 176.58 W, 28, 120 MHz, 3996 MHz, 0 %, 0 %
2026/03/23 23:02:54.159, 0, 180.10 W, 29, 120 MHz, 3996 MHz, 0 %, 0 %
2026/03/23 23:02:54.159, 1, 183.01 W, 32, 120 MHz, 3996 MHz, 0 %, 0 %
2026/03/23 23:02:54.159, 2, 183.98 W, 29, 120 MHz, 3996 MHz, 0 %, 0 %
2026/03/23 23:02:54.159, 3, 184.77 W, 32, 120 MHz, 3996 MHz, 0 %, 0 %
2026/03/23 23:02:54.159, 4, 179.05 W, 26, 120 MHz, 3996 MHz, 0 %, 0 %
2026/03/23 23:02:54.159, 5, 180.58 W, 28, 120 MHz, 3996 MHz, 0 %, 0 %
2026/03/23 23:02:54.159, 6, 178.49 W, 27, 120 MHz, 3996 MHz, 0 %, 0 %
2026/03/23 23:02:54.159, 7, 176.58 W, 28, 120 MHz, 3996 MHz, 0 %, 0 %
2026/03/23 23:02:55.159, 0, 180.10 W, 29, 120 MHz, 3996 MHz, 0 %, 0 %
2026/03/23 23:02:55.159, 1, 183.01 W, 32, 120 MHz, 3996 MHz, 0 %, 0 %
2026/03/23 23:02:55.159, 2, 183.99 W, 29, 120 MHz, 3996 MHz, 0 %, 0 %
2026/03/23 23:02:55.159, 3, 184.85 W, 32, 120 MHz, 3996 MHz, 0 %, 0 %
2026/03/23 23:02:55.159, 4, 179.94 W, 26, 120 MHz, 3996 MHz, 0 %, 0 %
2026/03/23 23:02:55.159, 5, 180.70 W, 28, 120 MHz, 3996 MHz, 0 %, 0 %
2026/03/23 23:02:55.159, 6, 178.45 W, 27, 120 MHz, 3996 MHz, 0 %, 0 %
2026/03/23 23:02:55.159, 7, 176.58 W, 28, 120 MHz, 3996 MHz, 0 %, 0 %
2026/03/23 23:02:56.160, 0, 180.09 W, 29, 120 MHz, 3996 MHz, 0 %, 0 %
2026/03/23 23:02:56.160, 1, 183.01 W, 32, 120 MHz, 3996 MHz, 0 %, 0 %
2026/03/23 23:02:56.160, 2, 183.99 W, 29, 120 MHz, 3996 MHz, 0 %, 0 %
2026/03/23 23:02:56.160, 3, 184.73 W, 32, 120 MHz, 3996 MHz, 0 %, 0 %
2026/03/23 23:02:56.160, 4, 180.19 W, 26, 120 MHz, 3996 MHz, 0 %, 0 %
2026/03/23 23:02:56.160, 5, 181.99 W, 28, 120 MHz, 3996 MHz, 0 %, 0 %
2026/03/23 23:02:56.160, 6, 178.60 W, 27, 120 MHz, 3996 MHz, 0 %, 0 %
2026/03/23 23:02:56.160, 7, 176.58 W, 28, 120 MHz, 3996 MHz, 0 %, 0 %
2026/03/23 23:02:57.160, 0, 180.09 W, 29, 120 MHz, 3996 MHz, 0 %, 0 %
2026/03/23 23:02:57.160, 1, 183.01 W, 32, 120 MHz, 3996 MHz, 0 %, 0 %
2026/03/23 23:02:57.160, 2, 183.98 W, 29, 120 MHz, 3996 MHz, 0 %, 0 %
2026/03/23 23:02:57.160, 3, 184.38 W, 32, 120 MHz, 3996 MHz, 0 %, 0 %
2026/03/23 23:02:57.160, 4, 179.48 W, 26, 120 MHz, 3996 MHz, 0 %, 0 %
2026/03/23 23:02:57.160, 5, 181.48 W, 28, 120 MHz, 3996 MHz, 0 %, 0 %
2026/03/23 23:02:57.160, 6, 178.56 W, 27, 120 MHz, 3996 MHz, 0 %, 0 %
2026/03/23 23:02:57.160, 7, 176.74 W, 28, 120 MHz, 3996 MHz, 0 %, 0 %
2026/03/23 23:02:58.160, 0, 180.00 W, 28, 120 MHz, 3996 MHz, 0 %, 0 %
2026/03/23 23:02:58.160, 1, 183.01 W, 31, 120 MHz, 3996 MHz, 0 %, 0 %
2026/03/23 23:02:58.160, 2, 183.99 W, 28, 120 MHz, 3996 MHz, 0 %, 0 %
2026/03/23 23:02:58.160, 3, 184.37 W, 32, 120 MHz, 3996 MHz, 0 %, 0 %
2026/03/23 23:02:58.160, 4, 179.43 W, 26, 120 MHz, 3996 MHz, 0 %, 0 %
2026/03/23 23:02:58.160, 5, 180.62 W, 28, 120 MHz, 3996 MHz, 0 %, 0 %
2026/03/23 23:02:58.160, 6, 178.53 W, 27, 120 MHz, 3996 MHz, 0 %, 0 %
2026/03/23 23:02:58.160, 7, 176.78 W, 28, 120 MHz, 3996 MHz, 0 %, 0 %
2026/03/23 23:02:59.160, 0, 179.80 W, 28, 120 MHz, 3996 MHz, 0 %, 0 %
2026/03/23 23:02:59.160, 1, 183.01 W, 31, 120 MHz, 3996 MHz, 0 %, 0 %
2026/03/23 23:02:59.160, 2, 183.98 W, 28, 120 MHz, 3996 MHz, 0 %, 0 %
2026/03/23 23:02:59.160, 3, 184.19 W, 32, 120 MHz, 3996 MHz, 0 %, 0 %
2026/03/23 23:02:59.160, 4, 179.02 W, 26, 120 MHz, 3996 MHz, 0 %, 0 %
2026/03/23 23:02:59.160, 5, 180.58 W, 28, 120 MHz, 3996 MHz, 0 %, 0 %
2026/03/23 23:02:59.160, 6, 178.52 W, 27, 120 MHz, 3996 MHz, 0 %, 0 %
2026/03/23 23:02:59.160, 7, 176.66 W, 28, 120 MHz, 3996 MHz, 0 %, 0 %
2026/03/23 23:03:00.160, 0, 179.96 W, 28, 120 MHz, 3996 MHz, 0 %, 0 %
2026/03/23 23:03:00.160, 1, 183.01 W, 31, 120 MHz, 3996 MHz, 0 %, 0 %
2026/03/23 23:03:00.160, 2, 183.98 W, 28, 120 MHz, 3996 MHz, 0 %, 0 %
2026/03/23 23:03:00.160, 3, 183.71 W, 32, 120 MHz, 3996 MHz, 0 %, 0 %
2026/03/23 23:03:00.160, 4, 179.05 W, 26, 120 MHz, 3996 MHz, 0 %, 0 %
2026/03/23 23:03:00.160, 5, 180.58 W, 28, 120 MHz, 3996 MHz, 0 %, 0 %
2026/03/23 23:03:00.160, 6, 178.57 W, 27, 120 MHz, 3996 MHz, 0 %, 0 %
2026/03/23 23:03:00.160, 7, 176.58 W, 28, 120 MHz, 3996 MHz, 0 %, 0 %
2026/03/23 23:03:01.160, 0, 179.74 W, 28, 120 MHz, 3996 MHz, 0 %, 0 %
2026/03/23 23:03:01.160, 1, 183.01 W, 31, 120 MHz, 3996 MHz, 0 %, 0 %
2026/03/23 23:03:01.160, 2, 183.90 W, 28, 120 MHz, 3996 MHz, 0 %, 0 %
2026/03/23 23:03:01.160, 3, 183.50 W, 32, 120 MHz, 3996 MHz, 0 %, 0 %
2026/03/23 23:03:01.160, 4, 178.96 W, 26, 120 MHz, 3996 MHz, 0 %, 0 %
2026/03/23 23:03:01.160, 5, 180.62 W, 28, 120 MHz, 3996 MHz, 0 %, 0 %
2026/03/23 23:03:01.160, 6, 178.41 W, 27, 120 MHz, 3996 MHz, 0 %, 0 %
2026/03/23 23:03:01.160, 7, 176.58 W, 28, 120 MHz, 3996 MHz, 0 %, 0 %
2026/03/23 23:03:02.160, 0, 179.89 W, 28, 120 MHz, 3996 MHz, 0 %, 0 %
2026/03/23 23:03:02.160, 1, 183.01 W, 31, 120 MHz, 3996 MHz, 0 %, 0 %
2026/03/23 23:03:02.160, 2, 183.87 W, 28, 120 MHz, 3996 MHz, 0 %, 0 %
2026/03/23 23:03:02.160, 3, 183.60 W, 32, 120 MHz, 3996 MHz, 0 %, 0 %
2026/03/23 23:03:02.161, 4, 179.21 W, 26, 120 MHz, 3996 MHz, 0 %, 0 %
2026/03/23 23:03:02.161, 5, 180.58 W, 28, 120 MHz, 3996 MHz, 0 %, 0 %
2026/03/23 23:03:02.161, 6, 178.41 W, 27, 120 MHz, 3996 MHz, 0 %, 0 %
2026/03/23 23:03:02.161, 7, 176.58 W, 28, 120 MHz, 3996 MHz, 0 %, 0 %
2026/03/23 23:03:03.161, 0, 179.88 W, 28, 120 MHz, 3996 MHz, 0 %, 0 %
2026/03/23 23:03:03.161, 1, 183.01 W, 31, 120 MHz, 3996 MHz, 0 %, 0 %
2026/03/23 23:03:03.161, 2, 183.75 W, 28, 120 MHz, 3996 MHz, 0 %, 0 %
2026/03/23 23:03:03.161, 3, 183.26 W, 32, 120 MHz, 3996 MHz, 0 %, 0 %
2026/03/23 23:03:03.161, 4, 178.93 W, 26, 120 MHz, 3996 MHz, 0 %, 0 %
2026/03/23 23:03:03.161, 5, 180.58 W, 28, 120 MHz, 3996 MHz, 0 %, 0 %
2026/03/23 23:03:03.161, 6, 178.41 W, 27, 120 MHz, 3996 MHz, 0 %, 0 %
2026/03/23 23:03:03.161, 7, 176.58 W, 28, 120 MHz, 3996 MHz, 0 %, 0 %
2026/03/23 23:03:04.161, 0, 179.82 W, 28, 120 MHz, 3996 MHz, 0 %, 0 %
2026/03/23 23:03:04.161, 1, 183.01 W, 31, 120 MHz, 3996 MHz, 0 %, 0 %
2026/03/23 23:03:04.161, 2, 183.76 W, 28, 120 MHz, 3996 MHz, 0 %, 0 %
2026/03/23 23:03:04.161, 3, 183.21 W, 32, 120 MHz, 3996 MHz, 0 %, 0 %
2026/03/23 23:03:04.161, 4, 178.94 W, 26, 120 MHz, 3996 MHz, 0 %, 0 %
2026/03/23 23:03:04.161, 5, 180.66 W, 28, 120 MHz, 3996 MHz, 0 %, 0 %
2026/03/23 23:03:04.161, 6, 178.45 W, 27, 120 MHz, 3996 MHz, 0 %, 0 %
2026/03/23 23:03:04.161, 7, 176.59 W, 28, 120 MHz, 3996 MHz, 0 %, 0 %
2026/03/23 23:03:05.161, 0, 179.66 W, 28, 120 MHz, 3996 MHz, 0 %, 0 %
2026/03/23 23:03:05.161, 1, 183.01 W, 31, 120 MHz, 3996 MHz, 0 %, 0 %
2026/03/23 23:03:05.161, 2, 183.76 W, 28, 120 MHz, 3996 MHz, 0 %, 0 %
2026/03/23 23:03:05.161, 3, 183.22 W, 31, 120 MHz, 3996 MHz, 0 %, 0 %
2026/03/23 23:03:05.161, 4, 179.06 W, 26, 120 MHz, 3996 MHz, 0 %, 0 %
2026/03/23 23:03:05.161, 5, 180.58 W, 28, 120 MHz, 3996 MHz, 0 %, 0 %
2026/03/23 23:03:05.161, 6, 178.57 W, 27, 120 MHz, 3996 MHz, 0 %, 0 %
2026/03/23 23:03:05.161, 7, 176.58 W, 28, 120 MHz, 3996 MHz, 0 %, 0 %
2026/03/23 23:03:06.161, 0, 179.78 W, 28, 120 MHz, 3996 MHz, 0 %, 0 %
2026/03/23 23:03:06.161, 1, 183.01 W, 31, 120 MHz, 3996 MHz, 0 %, 0 %
2026/03/23 23:03:06.161, 2, 183.63 W, 28, 120 MHz, 3996 MHz, 0 %, 0 %
2026/03/23 23:03:06.161, 3, 183.14 W, 31, 120 MHz, 3996 MHz, 0 %, 0 %
2026/03/23 23:03:06.161, 4, 179.10 W, 26, 120 MHz, 3996 MHz, 0 %, 0 %
2026/03/23 23:03:06.161, 5, 180.58 W, 28, 120 MHz, 3996 MHz, 0 %, 0 %
2026/03/23 23:03:06.161, 6, 178.22 W, 27, 120 MHz, 3996 MHz, 0 %, 0 %
2026/03/23 23:03:06.161, 7, 176.59 W, 28, 120 MHz, 3996 MHz, 0 %, 0 %
2026/03/23 23:03:07.161, 0, 179.59 W, 28, 120 MHz, 3996 MHz, 0 %, 0 %
2026/03/23 23:03:07.161, 1, 183.01 W, 31, 120 MHz, 3996 MHz, 0 %, 0 %
2026/03/23 23:03:07.161, 2, 183.48 W, 28, 120 MHz, 3996 MHz, 0 %, 0 %
2026/03/23 23:03:07.161, 3, 183.14 W, 31, 120 MHz, 3996 MHz, 0 %, 0 %
2026/03/23 23:03:07.161, 4, 179.01 W, 26, 120 MHz, 3996 MHz, 0 %, 0 %
2026/03/23 23:03:07.161, 5, 180.58 W, 28, 120 MHz, 3996 MHz, 0 %, 0 %
2026/03/23 23:03:07.161, 6, 178.45 W, 27, 120 MHz, 3996 MHz, 0 %, 0 %
2026/03/23 23:03:07.161, 7, 176.58 W, 28, 120 MHz, 3996 MHz, 0 %, 0 %
2026/03/23 23:03:08.161, 0, 179.34 W, 28, 120 MHz, 3996 MHz, 0 %, 0 %
2026/03/23 23:03:08.161, 1, 183.01 W, 31, 120 MHz, 3996 MHz, 0 %, 0 %
2026/03/23 23:03:08.161, 2, 183.44 W, 28, 120 MHz, 3996 MHz, 0 %, 0 %
2026/03/23 23:03:08.161, 3, 183.11 W, 31, 120 MHz, 3996 MHz, 0 %, 0 %
2026/03/23 23:03:08.161, 4, 179.10 W, 26, 120 MHz, 3996 MHz, 0 %, 0 %
2026/03/23 23:03:08.161, 5, 180.58 W, 28, 120 MHz, 3996 MHz, 0 %, 0 %
2026/03/23 23:03:08.162, 6, 178.18 W, 27, 120 MHz, 3996 MHz, 0 %, 0 %
2026/03/23 23:03:08.162, 7, 176.58 W, 28, 120 MHz, 3996 MHz, 0 %, 0 %
2026/03/23 23:03:09.162, 0, 179.47 W, 28, 120 MHz, 3996 MHz, 0 %, 0 %
2026/03/23 23:03:09.162, 1, 183.01 W, 31, 120 MHz, 3996 MHz, 0 %, 0 %
2026/03/23 23:03:09.162, 2, 183.17 W, 28, 120 MHz, 3996 MHz, 0 %, 0 %
2026/03/23 23:03:09.162, 3, 183.06 W, 31, 120 MHz, 3996 MHz, 0 %, 0 %
2026/03/23 23:03:09.162, 4, 179.04 W, 26, 120 MHz, 3996 MHz, 0 %, 0 %
2026/03/23 23:03:09.162, 5, 180.58 W, 28, 120 MHz, 3996 MHz, 0 %, 0 %
2026/03/23 23:03:09.162, 6, 178.45 W, 27, 120 MHz, 3996 MHz, 0 %, 0 %
2026/03/23 23:03:09.162, 7, 176.59 W, 28, 120 MHz, 3996 MHz, 0 %, 0 %
2026/03/23 23:03:10.162, 0, 179.46 W, 28, 120 MHz, 3996 MHz, 0 %, 0 %
2026/03/23 23:03:10.162, 1, 183.01 W, 31, 120 MHz, 3996 MHz, 0 %, 0 %
2026/03/23 23:03:10.162, 2, 183.03 W, 28, 120 MHz, 3996 MHz, 0 %, 0 %
2026/03/23 23:03:10.162, 3, 183.02 W, 31, 120 MHz, 3996 MHz, 0 %, 0 %
2026/03/23 23:03:10.162, 4, 179.24 W, 26, 120 MHz, 3996 MHz, 0 %, 0 %
2026/03/23 23:03:10.162, 5, 180.59 W, 28, 120 MHz, 3996 MHz, 0 %, 0 %
2026/03/23 23:03:10.162, 6, 178.41 W, 27, 120 MHz, 3996 MHz, 0 %, 0 %
2026/03/23 23:03:10.162, 7, 176.59 W, 28, 120 MHz, 3996 MHz, 0 %, 0 %
2026/03/23 23:03:11.162, 0, 179.16 W, 28, 120 MHz, 3996 MHz, 0 %, 0 %
2026/03/23 23:03:11.162, 1, 183.01 W, 31, 120 MHz, 3996 MHz, 0 %, 0 %
2026/03/23 23:03:11.162, 2, 182.88 W, 28, 120 MHz, 3996 MHz, 0 %, 0 %
2026/03/23 23:03:11.162, 3, 183.03 W, 31, 120 MHz, 3996 MHz, 0 %, 0 %
2026/03/23 23:03:11.162, 4, 179.06 W, 26, 120 MHz, 3996 MHz, 0 %, 0 %
2026/03/23 23:03:11.162, 5, 180.58 W, 28, 120 MHz, 3996 MHz, 0 %, 0 %
2026/03/23 23:03:11.162, 6, 178.41 W, 27, 120 MHz, 3996 MHz, 0 %, 0 %
2026/03/23 23:03:11.162, 7, 176.59 W, 28, 120 MHz, 3996 MHz, 0 %, 0 %
2026/03/23 23:03:12.162, 0, 179.01 W, 28, 120 MHz, 3996 MHz, 0 %, 0 %
2026/03/23 23:03:12.162, 1, 182.97 W, 30, 120 MHz, 3996 MHz, 0 %, 0 %
2026/03/23 23:03:12.162, 2, 182.65 W, 27, 120 MHz, 3996 MHz, 0 %, 0 %
2026/03/23 23:03:12.162, 3, 183.02 W, 31, 120 MHz, 3996 MHz, 0 %, 0 %
2026/03/23 23:03:12.162, 4, 179.18 W, 26, 120 MHz, 3996 MHz, 0 %, 0 %
2026/03/23 23:03:12.162, 5, 180.58 W, 28, 120 MHz, 3996 MHz, 0 %, 0 %
2026/03/23 23:03:12.162, 6, 178.49 W, 27, 120 MHz, 3996 MHz, 0 %, 0 %
2026/03/23 23:03:12.162, 7, 176.59 W, 28, 120 MHz, 3996 MHz, 0 %, 0 %
2026/03/23 23:03:13.162, 0, 179.54 W, 28, 120 MHz, 3996 MHz, 0 %, 0 %
2026/03/23 23:03:13.162, 1, 182.97 W, 30, 120 MHz, 3996 MHz, 0 %, 0 %
2026/03/23 23:03:13.162, 2, 182.88 W, 27, 120 MHz, 3996 MHz, 0 %, 0 %
2026/03/23 23:03:13.162, 3, 183.02 W, 31, 120 MHz, 3996 MHz, 0 %, 0 %
2026/03/23 23:03:13.162, 4, 179.02 W, 26, 120 MHz, 3996 MHz, 0 %, 0 %
2026/03/23 23:03:13.162, 5, 180.58 W, 28, 120 MHz, 3996 MHz, 0 %, 0 %
2026/03/23 23:03:13.162, 6, 178.49 W, 27, 120 MHz, 3996 MHz, 0 %, 0 %
2026/03/23 23:03:13.162, 7, 176.59 W, 28, 120 MHz, 3996 MHz, 0 %, 0 %
2026/03/23 23:03:14.162, 0, 178.97 W, 27, 120 MHz, 3996 MHz, 0 %, 0 %
2026/03/23 23:03:14.162, 1, 182.93 W, 30, 120 MHz, 3996 MHz, 0 %, 0 %
2026/03/23 23:03:14.162, 2, 200.65 W, 28, 2032 MHz, 3996 MHz, 0 %, 0 %
2026/03/23 23:03:14.162, 3, 186.02 W, 31, 2032 MHz, 3996 MHz, 0 %, 0 %
2026/03/23 23:03:14.162, 4, 179.21 W, 26, 120 MHz, 3996 MHz, 0 %, 0 %
2026/03/23 23:03:14.162, 5, 180.62 W, 28, 120 MHz, 3996 MHz, 0 %, 0 %
2026/03/23 23:03:14.163, 6, 178.56 W, 27, 120 MHz, 3996 MHz, 0 %, 0 %
2026/03/23 23:03:14.163, 7, 176.58 W, 28, 120 MHz, 3996 MHz, 0 %, 0 %
2026/03/23 23:03:15.163, 0, 179.26 W, 27, 120 MHz, 3996 MHz, 0 %, 0 %
2026/03/23 23:03:15.163, 1, 232.83 W, 31, 2032 MHz, 3996 MHz, 0 %, 0 %
2026/03/23 23:03:15.163, 2, 234.29 W, 28, 2032 MHz, 3996 MHz, 0 %, 0 %
2026/03/23 23:03:15.163, 3, 235.62 W, 32, 2032 MHz, 3996 MHz, 0 %, 0 %
2026/03/23 23:03:15.163, 4, 179.13 W, 26, 120 MHz, 3996 MHz, 0 %, 0 %
2026/03/23 23:03:15.163, 5, 180.58 W, 28, 120 MHz, 3996 MHz, 0 %, 0 %
2026/03/23 23:03:15.163, 6, 178.45 W, 27, 120 MHz, 3996 MHz, 0 %, 0 %
2026/03/23 23:03:15.163, 7, 176.59 W, 28, 120 MHz, 3996 MHz, 0 %, 0 %
2026/03/23 23:03:16.163, 0, 224.30 W, 28, 2032 MHz, 3996 MHz, 0 %, 0 %
2026/03/23 23:03:16.163, 1, 234.83 W, 31, 2032 MHz, 3996 MHz, 0 %, 0 %
2026/03/23 23:03:16.163, 2, 234.04 W, 28, 2032 MHz, 3996 MHz, 0 %, 0 %
2026/03/23 23:03:16.163, 3, 235.25 W, 32, 2032 MHz, 3996 MHz, 0 %, 0 %
2026/03/23 23:03:16.163, 4, 179.02 W, 26, 120 MHz, 3996 MHz, 0 %, 0 %
2026/03/23 23:03:16.163, 5, 180.58 W, 28, 120 MHz, 3996 MHz, 0 %, 0 %
2026/03/23 23:03:16.163, 6, 178.60 W, 27, 120 MHz, 3996 MHz, 0 %, 0 %
2026/03/23 23:03:16.163, 7, 176.58 W, 28, 120 MHz, 3996 MHz, 0 %, 0 %
2026/03/23 23:03:17.163, 0, 228.47 W, 28, 2032 MHz, 3996 MHz, 0 %, 0 %
2026/03/23 23:03:17.163, 1, 234.34 W, 31, 2032 MHz, 3996 MHz, 0 %, 0 %
2026/03/23 23:03:17.163, 2, 234.02 W, 28, 2032 MHz, 3996 MHz, 0 %, 0 %
2026/03/23 23:03:17.163, 3, 235.23 W, 32, 2032 MHz, 3996 MHz, 0 %, 0 %
2026/03/23 23:03:17.163, 4, 179.38 W, 26, 120 MHz, 3996 MHz, 0 %, 0 %
2026/03/23 23:03:17.163, 5, 180.58 W, 28, 120 MHz, 3996 MHz, 0 %, 0 %
2026/03/23 23:03:17.163, 6, 178.45 W, 27, 120 MHz, 3996 MHz, 0 %, 0 %
2026/03/23 23:03:17.163, 7, 176.58 W, 28, 120 MHz, 3996 MHz, 0 %, 0 %
2026/03/23 23:03:18.163, 0, 229.13 W, 28, 2032 MHz, 3996 MHz, 0 %, 0 %
2026/03/23 23:03:18.163, 1, 234.08 W, 31, 2032 MHz, 3996 MHz, 0 %, 0 %
2026/03/23 23:03:18.163, 2, 234.02 W, 28, 2032 MHz, 3996 MHz, 0 %, 0 %
2026/03/23 23:03:18.163, 3, 235.20 W, 32, 2032 MHz, 3996 MHz, 0 %, 0 %
2026/03/23 23:03:18.163, 4, 179.05 W, 26, 120 MHz, 3996 MHz, 0 %, 0 %
2026/03/23 23:03:18.163, 5, 180.58 W, 28, 120 MHz, 3996 MHz, 0 %, 0 %
2026/03/23 23:03:18.163, 6, 178.64 W, 27, 120 MHz, 3996 MHz, 0 %, 0 %
2026/03/23 23:03:18.163, 7, 176.58 W, 28, 120 MHz, 3996 MHz, 0 %, 0 %
2026/03/23 23:03:19.163, 0, 229.77 W, 28, 2032 MHz, 3996 MHz, 0 %, 0 %
2026/03/23 23:03:19.163, 1, 234.10 W, 31, 2032 MHz, 3996 MHz, 0 %, 0 %
2026/03/23 23:03:19.163, 2, 234.02 W, 28, 2032 MHz, 3996 MHz, 0 %, 0 %
2026/03/23 23:03:19.163, 3, 235.22 W, 32, 2032 MHz, 3996 MHz, 0 %, 0 %
2026/03/23 23:03:19.163, 4, 179.20 W, 26, 120 MHz, 3996 MHz, 0 %, 0 %
2026/03/23 23:03:19.163, 5, 180.58 W, 28, 120 MHz, 3996 MHz, 0 %, 0 %
2026/03/23 23:03:19.163, 6, 178.64 W, 27, 120 MHz, 3996 MHz, 0 %, 0 %
2026/03/23 23:03:19.163, 7, 176.58 W, 28, 120 MHz, 3996 MHz, 0 %, 0 %
2026/03/23 23:03:20.163, 0, 229.69 W, 28, 2032 MHz, 3996 MHz, 0 %, 0 %
2026/03/23 23:03:20.163, 1, 234.13 W, 31, 2032 MHz, 3996 MHz, 0 %, 0 %
2026/03/23 23:03:20.163, 2, 234.02 W, 28, 2032 MHz, 3996 MHz, 0 %, 0 %
2026/03/23 23:03:20.163, 3, 235.18 W, 32, 2032 MHz, 3996 MHz, 0 %, 0 %
2026/03/23 23:03:20.163, 4, 179.14 W, 26, 120 MHz, 3996 MHz, 0 %, 0 %
2026/03/23 23:03:20.163, 5, 180.58 W, 28, 120 MHz, 3996 MHz, 0 %, 0 %
2026/03/23 23:03:20.163, 6, 178.64 W, 27, 120 MHz, 3996 MHz, 0 %, 0 %
2026/03/23 23:03:20.163, 7, 176.58 W, 28, 120 MHz, 3996 MHz, 0 %, 0 %
2026/03/23 23:03:21.163, 0, 229.59 W, 28, 2032 MHz, 3996 MHz, 0 %, 0 %
2026/03/23 23:03:21.164, 1, 234.42 W, 31, 2032 MHz, 3996 MHz, 0 %, 0 %
2026/03/23 23:03:21.164, 2, 234.02 W, 28, 2032 MHz, 3996 MHz, 0 %, 0 %
2026/03/23 23:03:21.164, 3, 235.18 W, 32, 2032 MHz, 3996 MHz, 0 %, 0 %
2026/03/23 23:03:21.164, 4, 179.26 W, 26, 120 MHz, 3996 MHz, 0 %, 0 %
2026/03/23 23:03:21.164, 5, 180.58 W, 28, 120 MHz, 3996 MHz, 0 %, 0 %
2026/03/23 23:03:21.164, 6, 178.64 W, 27, 120 MHz, 3996 MHz, 0 %, 0 %
2026/03/23 23:03:21.164, 7, 176.58 W, 28, 120 MHz, 3996 MHz, 0 %, 0 %
2026/03/23 23:03:22.164, 0, 229.51 W, 28, 2032 MHz, 3996 MHz, 0 %, 0 %
2026/03/23 23:03:22.164, 1, 234.69 W, 31, 2032 MHz, 3996 MHz, 0 %, 0 %
2026/03/23 23:03:22.164, 2, 234.02 W, 28, 2032 MHz, 3996 MHz, 0 %, 0 %
2026/03/23 23:03:22.164, 3, 235.21 W, 32, 2032 MHz, 3996 MHz, 0 %, 0 %
2026/03/23 23:03:22.164, 4, 179.09 W, 26, 120 MHz, 3996 MHz, 0 %, 0 %
2026/03/23 23:03:22.164, 5, 180.62 W, 28, 120 MHz, 3996 MHz, 0 %, 0 %
2026/03/23 23:03:22.164, 6, 178.64 W, 27, 120 MHz, 3996 MHz, 0 %, 0 %
2026/03/23 23:03:22.164, 7, 176.58 W, 28, 120 MHz, 3996 MHz, 0 %, 0 %
2026/03/23 23:03:23.164, 0, 229.63 W, 28, 2032 MHz, 3996 MHz, 0 %, 0 %
2026/03/23 23:03:23.164, 1, 234.56 W, 31, 2032 MHz, 3996 MHz, 0 %, 0 %
2026/03/23 23:03:23.164, 2, 234.06 W, 28, 2032 MHz, 3996 MHz, 0 %, 0 %
2026/03/23 23:03:23.164, 3, 235.19 W, 31, 2032 MHz, 3996 MHz, 0 %, 0 %
2026/03/23 23:03:23.164, 4, 179.21 W, 26, 120 MHz, 3996 MHz, 0 %, 0 %
2026/03/23 23:03:23.164, 5, 180.58 W, 28, 120 MHz, 3996 MHz, 0 %, 0 %
2026/03/23 23:03:23.164, 6, 178.64 W, 27, 120 MHz, 3996 MHz, 0 %, 0 %
2026/03/23 23:03:23.164, 7, 176.58 W, 28, 120 MHz, 3996 MHz, 0 %, 0 %
2026/03/23 23:03:24.164, 0, 229.82 W, 28, 2032 MHz, 3996 MHz, 0 %, 0 %
2026/03/23 23:03:24.164, 1, 234.56 W, 31, 2032 MHz, 3996 MHz, 0 %, 0 %
2026/03/23 23:03:24.164, 2, 234.02 W, 28, 2032 MHz, 3996 MHz, 0 %, 0 %
2026/03/23 23:03:24.164, 3, 235.24 W, 31, 2032 MHz, 3996 MHz, 0 %, 0 %
2026/03/23 23:03:24.164, 4, 179.17 W, 26, 120 MHz, 3996 MHz, 0 %, 0 %
2026/03/23 23:03:24.164, 5, 180.62 W, 28, 120 MHz, 3996 MHz, 0 %, 0 %
2026/03/23 23:03:24.164, 6, 178.60 W, 27, 120 MHz, 3996 MHz, 0 %, 0 %
2026/03/23 23:03:24.164, 7, 176.58 W, 28, 120 MHz, 3996 MHz, 0 %, 0 %
2026/03/23 23:03:25.164, 0, 229.78 W, 28, 2032 MHz, 3996 MHz, 0 %, 0 %
2026/03/23 23:03:25.164, 1, 234.84 W, 31, 2032 MHz, 3996 MHz, 0 %, 0 %
2026/03/23 23:03:25.164, 2, 234.02 W, 28, 2032 MHz, 3996 MHz, 0 %, 0 %
2026/03/23 23:03:25.164, 3, 235.17 W, 31, 2032 MHz, 3996 MHz, 0 %, 0 %
2026/03/23 23:03:25.164, 4, 179.21 W, 26, 120 MHz, 3996 MHz, 0 %, 0 %
2026/03/23 23:03:25.164, 5, 180.58 W, 28, 120 MHz, 3996 MHz, 0 %, 0 %
2026/03/23 23:03:25.164, 6, 178.60 W, 27, 120 MHz, 3996 MHz, 0 %, 0 %
2026/03/23 23:03:25.164, 7, 176.58 W, 28, 120 MHz, 3996 MHz, 0 %, 0 %
2026/03/23 23:03:26.164, 0, 229.85 W, 28, 2032 MHz, 3996 MHz, 0 %, 0 %
2026/03/23 23:03:26.164, 1, 235.26 W, 31, 2032 MHz, 3996 MHz, 0 %, 0 %
2026/03/23 23:03:26.164, 2, 234.02 W, 28, 2032 MHz, 3996 MHz, 0 %, 0 %
2026/03/23 23:03:26.164, 3, 235.21 W, 31, 2032 MHz, 3996 MHz, 0 %, 0 %
2026/03/23 23:03:26.164, 4, 179.20 W, 26, 120 MHz, 3996 MHz, 0 %, 0 %
2026/03/23 23:03:26.164, 5, 180.58 W, 28, 120 MHz, 3996 MHz, 0 %, 0 %
2026/03/23 23:03:26.164, 6, 178.64 W, 27, 120 MHz, 3996 MHz, 0 %, 0 %
2026/03/23 23:03:26.164, 7, 176.58 W, 28, 120 MHz, 3996 MHz, 0 %, 0 %
2026/03/23 23:03:27.164, 0, 229.82 W, 28, 2032 MHz, 3996 MHz, 0 %, 0 %
2026/03/23 23:03:27.164, 1, 235.26 W, 31, 2032 MHz, 3996 MHz, 0 %, 0 %
2026/03/23 23:03:27.164, 2, 234.02 W, 28, 2032 MHz, 3996 MHz, 0 %, 0 %
2026/03/23 23:03:27.164, 3, 235.21 W, 31, 2032 MHz, 3996 MHz, 0 %, 0 %
2026/03/23 23:03:27.164, 4, 179.29 W, 26, 120 MHz, 3996 MHz, 0 %, 0 %
2026/03/23 23:03:27.164, 5, 180.58 W, 28, 120 MHz, 3996 MHz, 0 %, 0 %
2026/03/23 23:03:27.164, 6, 178.64 W, 27, 120 MHz, 3996 MHz, 0 %, 0 %
2026/03/23 23:03:27.164, 7, 176.58 W, 28, 120 MHz, 3996 MHz, 0 %, 0 %
2026/03/23 23:03:28.165, 0, 229.86 W, 28, 2032 MHz, 3996 MHz, 0 %, 0 %
2026/03/23 23:03:28.165, 1, 235.26 W, 31, 2032 MHz, 3996 MHz, 0 %, 0 %
2026/03/23 23:03:28.165, 2, 234.02 W, 28, 2032 MHz, 3996 MHz, 0 %, 0 %
2026/03/23 23:03:28.165, 3, 235.18 W, 31, 2032 MHz, 3996 MHz, 0 %, 0 %
2026/03/23 23:03:28.165, 4, 179.29 W, 26, 120 MHz, 3996 MHz, 0 %, 0 %
2026/03/23 23:03:28.165, 5, 180.58 W, 28, 120 MHz, 3996 MHz, 0 %, 0 %
2026/03/23 23:03:28.165, 6, 178.64 W, 27, 120 MHz, 3996 MHz, 0 %, 0 %
2026/03/23 23:03:28.165, 7, 176.58 W, 28, 120 MHz, 3996 MHz, 0 %, 0 %
2026/03/23 23:03:29.165, 0, 229.74 W, 28, 2032 MHz, 3996 MHz, 0 %, 0 %
2026/03/23 23:03:29.165, 1, 235.26 W, 31, 2032 MHz, 3996 MHz, 0 %, 0 %
2026/03/23 23:03:29.165, 2, 234.02 W, 28, 2032 MHz, 3996 MHz, 0 %, 0 %
2026/03/23 23:03:29.165, 3, 235.19 W, 31, 2032 MHz, 3996 MHz, 0 %, 0 %
2026/03/23 23:03:29.165, 4, 179.08 W, 26, 120 MHz, 3996 MHz, 0 %, 0 %
2026/03/23 23:03:29.165, 5, 180.58 W, 28, 120 MHz, 3996 MHz, 0 %, 0 %
2026/03/23 23:03:29.165, 6, 178.64 W, 27, 120 MHz, 3996 MHz, 0 %, 0 %
2026/03/23 23:03:29.165, 7, 176.58 W, 28, 120 MHz, 3996 MHz, 0 %, 0 %
2026/03/23 23:03:30.165, 0, 229.62 W, 28, 2032 MHz, 3996 MHz, 0 %, 0 %
2026/03/23 23:03:30.165, 1, 235.26 W, 31, 2032 MHz, 3996 MHz, 0 %, 0 %
2026/03/23 23:03:30.165, 2, 234.02 W, 28, 2032 MHz, 3996 MHz, 0 %, 0 %
2026/03/23 23:03:30.165, 3, 235.20 W, 31, 2032 MHz, 3996 MHz, 0 %, 0 %
2026/03/23 23:03:30.165, 4, 179.27 W, 26, 120 MHz, 3996 MHz, 0 %, 0 %
2026/03/23 23:03:30.165, 5, 180.58 W, 28, 120 MHz, 3996 MHz, 0 %, 0 %
2026/03/23 23:03:30.165, 6, 178.64 W, 27, 120 MHz, 3996 MHz, 0 %, 0 %
2026/03/23 23:03:30.165, 7, 176.58 W, 28, 120 MHz, 3996 MHz, 0 %, 0 %
2026/03/23 23:03:31.165, 0, 229.77 W, 28, 2032 MHz, 3996 MHz, 0 %, 0 %
2026/03/23 23:03:31.165, 1, 235.26 W, 31, 2032 MHz, 3996 MHz, 0 %, 0 %
2026/03/23 23:03:31.165, 2, 234.10 W, 28, 2032 MHz, 3996 MHz, 0 %, 0 %
2026/03/23 23:03:31.165, 3, 235.21 W, 31, 2032 MHz, 3996 MHz, 0 %, 0 %
2026/03/23 23:03:31.165, 4, 179.20 W, 26, 120 MHz, 3996 MHz, 0 %, 0 %
2026/03/23 23:03:31.165, 5, 180.62 W, 28, 120 MHz, 3996 MHz, 0 %, 0 %
2026/03/23 23:03:31.165, 6, 178.60 W, 27, 120 MHz, 3996 MHz, 0 %, 0 %
2026/03/23 23:03:31.165, 7, 176.58 W, 28, 120 MHz, 3996 MHz, 0 %, 0 %
2026/03/23 23:03:32.165, 0, 229.74 W, 28, 2032 MHz, 3996 MHz, 0 %, 0 %
2026/03/23 23:03:32.165, 1, 235.26 W, 31, 2032 MHz, 3996 MHz, 0 %, 0 %
2026/03/23 23:03:32.165, 2, 234.18 W, 28, 2032 MHz, 3996 MHz, 0 %, 0 %
2026/03/23 23:03:32.165, 3, 235.19 W, 31, 2032 MHz, 3996 MHz, 0 %, 0 %
2026/03/23 23:03:32.165, 4, 179.09 W, 26, 120 MHz, 3996 MHz, 0 %, 0 %
2026/03/23 23:03:32.165, 5, 180.58 W, 28, 120 MHz, 3996 MHz, 0 %, 0 %
2026/03/23 23:03:32.165, 6, 178.60 W, 27, 120 MHz, 3996 MHz, 0 %, 0 %
2026/03/23 23:03:32.165, 7, 176.58 W, 28, 120 MHz, 3996 MHz, 0 %, 0 %
2026/03/23 23:03:33.165, 0, 229.85 W, 28, 2032 MHz, 3996 MHz, 0 %, 0 %
2026/03/23 23:03:33.165, 1, 235.25 W, 31, 2032 MHz, 3996 MHz, 0 %, 0 %
2026/03/23 23:03:33.165, 2, 234.29 W, 28, 2032 MHz, 3996 MHz, 0 %, 0 %
2026/03/23 23:03:33.165, 3, 235.18 W, 31, 2032 MHz, 3996 MHz, 0 %, 0 %
2026/03/23 23:03:33.165, 4, 179.32 W, 26, 120 MHz, 3996 MHz, 0 %, 0 %
2026/03/23 23:03:33.165, 5, 180.58 W, 28, 120 MHz, 3996 MHz, 0 %, 0 %
2026/03/23 23:03:33.165, 6, 178.60 W, 27, 120 MHz, 3996 MHz, 0 %, 0 %
2026/03/23 23:03:33.165, 7, 176.58 W, 28, 120 MHz, 3996 MHz, 0 %, 0 %
2026/03/23 23:03:34.165, 0, 229.85 W, 28, 2032 MHz, 3996 MHz, 0 %, 0 %
2026/03/23 23:03:34.165, 1, 235.25 W, 31, 2032 MHz, 3996 MHz, 0 %, 0 %
2026/03/23 23:03:34.165, 2, 234.21 W, 28, 2032 MHz, 3996 MHz, 0 %, 0 %
2026/03/23 23:03:34.165, 3, 235.20 W, 31, 2032 MHz, 3996 MHz, 0 %, 0 %
2026/03/23 23:03:34.165, 4, 179.10 W, 26, 120 MHz, 3996 MHz, 0 %, 0 %
2026/03/23 23:03:34.165, 5, 180.58 W, 28, 120 MHz, 3996 MHz, 0 %, 0 %
2026/03/23 23:03:34.165, 6, 178.64 W, 27, 120 MHz, 3996 MHz, 0 %, 0 %
2026/03/23 23:03:34.165, 7, 176.58 W, 28, 120 MHz, 3996 MHz, 0 %, 0 %
2026/03/23 23:03:35.166, 0, 229.69 W, 28, 2032 MHz, 3996 MHz, 0 %, 0 %
2026/03/23 23:03:35.166, 1, 235.26 W, 31, 2032 MHz, 3996 MHz, 0 %, 0 %
2026/03/23 23:03:35.166, 2, 234.22 W, 28, 2032 MHz, 3996 MHz, 0 %, 0 %
2026/03/23 23:03:35.166, 3, 235.20 W, 31, 2032 MHz, 3996 MHz, 0 %, 0 %
2026/03/23 23:03:35.166, 4, 179.07 W, 26, 120 MHz, 3996 MHz, 0 %, 0 %
2026/03/23 23:03:35.166, 5, 180.58 W, 28, 120 MHz, 3996 MHz, 0 %, 0 %
2026/03/23 23:03:35.166, 6, 178.64 W, 27, 120 MHz, 3996 MHz, 0 %, 0 %
2026/03/23 23:03:35.166, 7, 176.58 W, 28, 120 MHz, 3996 MHz, 0 %, 0 %
2026/03/23 23:03:36.166, 0, 229.82 W, 28, 2032 MHz, 3996 MHz, 0 %, 0 %
2026/03/23 23:03:36.166, 1, 235.26 W, 31, 2032 MHz, 3996 MHz, 0 %, 0 %
2026/03/23 23:03:36.166, 2, 234.21 W, 28, 2032 MHz, 3996 MHz, 0 %, 0 %
2026/03/23 23:03:36.166, 3, 235.25 W, 31, 2032 MHz, 3996 MHz, 0 %, 0 %
2026/03/23 23:03:36.166, 4, 178.93 W, 26, 120 MHz, 3996 MHz, 0 %, 0 %
2026/03/23 23:03:36.166, 5, 180.58 W, 28, 120 MHz, 3996 MHz, 0 %, 0 %
2026/03/23 23:03:36.166, 6, 178.64 W, 27, 120 MHz, 3996 MHz, 0 %, 0 %
2026/03/23 23:03:36.166, 7, 176.58 W, 28, 120 MHz, 3996 MHz, 0 %, 0 %
2026/03/23 23:03:37.166, 0, 229.77 W, 28, 2032 MHz, 3996 MHz, 0 %, 0 %
2026/03/23 23:03:37.166, 1, 235.26 W, 31, 2032 MHz, 3996 MHz, 0 %, 0 %
2026/03/23 23:03:37.166, 2, 234.06 W, 28, 2032 MHz, 3996 MHz, 0 %, 0 %
2026/03/23 23:03:37.166, 3, 235.20 W, 31, 2032 MHz, 3996 MHz, 0 %, 0 %
2026/03/23 23:03:37.166, 4, 179.14 W, 26, 120 MHz, 3996 MHz, 0 %, 0 %
2026/03/23 23:03:37.166, 5, 180.58 W, 28, 120 MHz, 3996 MHz, 0 %, 0 %
2026/03/23 23:03:37.166, 6, 178.64 W, 27, 120 MHz, 3996 MHz, 0 %, 0 %
2026/03/23 23:03:37.166, 7, 176.58 W, 28, 120 MHz, 3996 MHz, 0 %, 0 %
2026/03/23 23:03:38.166, 0, 229.78 W, 28, 2032 MHz, 3996 MHz, 0 %, 0 %
2026/03/23 23:03:38.166, 1, 235.22 W, 31, 2032 MHz, 3996 MHz, 0 %, 0 %
2026/03/23 23:03:38.166, 2, 234.14 W, 28, 2032 MHz, 3996 MHz, 0 %, 0 %
2026/03/23 23:03:38.166, 3, 235.17 W, 31, 2032 MHz, 3996 MHz, 0 %, 0 %
2026/03/23 23:03:38.166, 4, 179.05 W, 26, 120 MHz, 3996 MHz, 0 %, 0 %
2026/03/23 23:03:38.166, 5, 180.58 W, 28, 120 MHz, 3996 MHz, 0 %, 0 %
2026/03/23 23:03:38.166, 6, 178.64 W, 27, 120 MHz, 3996 MHz, 0 %, 0 %
2026/03/23 23:03:38.166, 7, 176.59 W, 28, 120 MHz, 3996 MHz, 0 %, 0 %
2026/03/23 23:03:39.166, 0, 229.77 W, 28, 2032 MHz, 3996 MHz, 0 %, 0 %
2026/03/23 23:03:39.166, 1, 235.22 W, 31, 2032 MHz, 3996 MHz, 0 %, 0 %
2026/03/23 23:03:39.166, 2, 234.37 W, 28, 2032 MHz, 3996 MHz, 0 %, 0 %
2026/03/23 23:03:39.166, 3, 235.28 W, 31, 2032 MHz, 3996 MHz, 0 %, 0 %
2026/03/23 23:03:39.166, 4, 179.21 W, 26, 120 MHz, 3996 MHz, 0 %, 0 %
2026/03/23 23:03:39.166, 5, 180.62 W, 28, 120 MHz, 3996 MHz, 0 %, 0 %
2026/03/23 23:03:39.166, 6, 178.64 W, 27, 120 MHz, 3996 MHz, 0 %, 0 %
2026/03/23 23:03:39.166, 7, 176.58 W, 28, 120 MHz, 3996 MHz, 0 %, 0 %
2026/03/23 23:03:40.166, 0, 229.23 W, 28, 2032 MHz, 3996 MHz, 0 %, 0 %
2026/03/23 23:03:40.166, 1, 234.58 W, 31, 2032 MHz, 3996 MHz, 0 %, 0 %
2026/03/23 23:03:40.166, 2, 234.06 W, 28, 2032 MHz, 3996 MHz, 0 %, 0 %
2026/03/23 23:03:40.166, 3, 235.20 W, 31, 2032 MHz, 3996 MHz, 0 %, 0 %
2026/03/23 23:03:40.166, 4, 179.40 W, 26, 120 MHz, 3996 MHz, 0 %, 0 %
2026/03/23 23:03:40.166, 5, 180.58 W, 28, 120 MHz, 3996 MHz, 0 %, 0 %
2026/03/23 23:03:40.166, 6, 178.60 W, 27, 120 MHz, 3996 MHz, 0 %, 0 %
2026/03/23 23:03:40.166, 7, 176.58 W, 28, 120 MHz, 3996 MHz, 0 %, 0 %
2026/03/23 23:03:41.167, 0, 228.45 W, 28, 2032 MHz, 3996 MHz, 0 %, 0 %
2026/03/23 23:03:41.167, 1, 233.47 W, 31, 2032 MHz, 3996 MHz, 0 %, 0 %
2026/03/23 23:03:41.167, 2, 234.06 W, 28, 2032 MHz, 3996 MHz, 0 %, 0 %
2026/03/23 23:03:41.167, 3, 235.15 W, 31, 2032 MHz, 3996 MHz, 0 %, 0 %
2026/03/23 23:03:41.167, 4, 179.29 W, 26, 120 MHz, 3996 MHz, 0 %, 0 %
2026/03/23 23:03:41.167, 5, 180.58 W, 28, 120 MHz, 3996 MHz, 0 %, 0 %
2026/03/23 23:03:41.167, 6, 178.64 W, 27, 120 MHz, 3996 MHz, 0 %, 0 %
2026/03/23 23:03:41.167, 7, 176.59 W, 28, 120 MHz, 3996 MHz, 0 %, 0 %
2026/03/23 23:03:42.167, 0, 228.61 W, 28, 2032 MHz, 3996 MHz, 0 %, 0 %
2026/03/23 23:03:42.167, 1, 233.73 W, 31, 2032 MHz, 3996 MHz, 1 %, 0 %
2026/03/23 23:03:42.167, 2, 234.06 W, 28, 2032 MHz, 3996 MHz, 1 %, 0 %
2026/03/23 23:03:42.167, 3, 235.13 W, 31, 2032 MHz, 3996 MHz, 1 %, 0 %
2026/03/23 23:03:42.167, 4, 179.16 W, 26, 120 MHz, 3996 MHz, 0 %, 0 %
2026/03/23 23:03:42.167, 5, 180.58 W, 28, 120 MHz, 3996 MHz, 0 %, 0 %
2026/03/23 23:03:42.167, 6, 178.64 W, 27, 120 MHz, 3996 MHz, 0 %, 0 %
2026/03/23 23:03:42.167, 7, 176.58 W, 28, 120 MHz, 3996 MHz, 0 %, 0 %
2026/03/23 23:03:43.167, 0, 228.34 W, 28, 2032 MHz, 3996 MHz, 1 %, 0 %
2026/03/23 23:03:43.167, 1, 233.59 W, 31, 2032 MHz, 3996 MHz, 0 %, 0 %
2026/03/23 23:03:43.167, 2, 234.02 W, 28, 2032 MHz, 3996 MHz, 0 %, 0 %
2026/03/23 23:03:43.167, 3, 235.10 W, 31, 2032 MHz, 3996 MHz, 0 %, 0 %
2026/03/23 23:03:43.167, 4, 179.32 W, 26, 120 MHz, 3996 MHz, 0 %, 0 %
2026/03/23 23:03:43.167, 5, 180.62 W, 28, 120 MHz, 3996 MHz, 0 %, 0 %
2026/03/23 23:03:43.167, 6, 178.64 W, 27, 120 MHz, 3996 MHz, 0 %, 0 %
2026/03/23 23:03:43.167, 7, 176.58 W, 28, 120 MHz, 3996 MHz, 0 %, 0 %
2026/03/23 23:03:44.167, 0, 228.34 W, 28, 2032 MHz, 3996 MHz, 0 %, 0 %
2026/03/23 23:03:44.167, 1, 233.36 W, 31, 2032 MHz, 3996 MHz, 0 %, 0 %
2026/03/23 23:03:44.167, 2, 234.02 W, 28, 2032 MHz, 3996 MHz, 0 %, 0 %
2026/03/23 23:03:44.167, 3, 235.13 W, 31, 2032 MHz, 3996 MHz, 0 %, 0 %
2026/03/23 23:03:44.167, 4, 179.21 W, 26, 120 MHz, 3996 MHz, 0 %, 0 %
2026/03/23 23:03:44.167, 5, 180.58 W, 28, 120 MHz, 3996 MHz, 0 %, 0 %
2026/03/23 23:03:44.167, 6, 178.64 W, 27, 120 MHz, 3996 MHz, 0 %, 0 %
2026/03/23 23:03:44.167, 7, 176.58 W, 28, 120 MHz, 3996 MHz, 0 %, 0 %
2026/03/23 23:03:45.167, 0, 228.22 W, 28, 2032 MHz, 3996 MHz, 0 %, 0 %
2026/03/23 23:03:45.167, 1, 233.40 W, 31, 2032 MHz, 3996 MHz, 0 %, 0 %
2026/03/23 23:03:45.167, 2, 234.02 W, 28, 2032 MHz, 3996 MHz, 0 %, 0 %
2026/03/23 23:03:45.167, 3, 234.97 W, 31, 2032 MHz, 3996 MHz, 0 %, 0 %
2026/03/23 23:03:45.167, 4, 179.38 W, 26, 120 MHz, 3996 MHz, 0 %, 0 %
2026/03/23 23:03:45.167, 5, 180.58 W, 28, 120 MHz, 3996 MHz, 0 %, 0 %
2026/03/23 23:03:45.167, 6, 178.64 W, 27, 120 MHz, 3996 MHz, 0 %, 0 %
2026/03/23 23:03:45.167, 7, 176.58 W, 28, 120 MHz, 3996 MHz, 0 %, 0 %
2026/03/23 23:03:46.167, 0, 228.11 W, 28, 2032 MHz, 3996 MHz, 0 %, 0 %
2026/03/23 23:03:46.167, 1, 233.35 W, 31, 2032 MHz, 3996 MHz, 0 %, 0 %
2026/03/23 23:03:46.167, 2, 234.02 W, 28, 2032 MHz, 3996 MHz, 0 %, 0 %
2026/03/23 23:03:46.167, 3, 235.00 W, 31, 2032 MHz, 3996 MHz, 0 %, 0 %
2026/03/23 23:03:46.168, 4, 179.04 W, 26, 120 MHz, 3996 MHz, 0 %, 0 %
2026/03/23 23:03:46.168, 5, 180.58 W, 28, 120 MHz, 3996 MHz, 0 %, 0 %
2026/03/23 23:03:46.168, 6, 178.60 W, 27, 120 MHz, 3996 MHz, 0 %, 0 %
2026/03/23 23:03:46.168, 7, 176.58 W, 28, 120 MHz, 3996 MHz, 0 %, 0 %
2026/03/23 23:03:47.168, 0, 228.26 W, 28, 2032 MHz, 3996 MHz, 0 %, 0 %
2026/03/23 23:03:47.168, 1, 233.39 W, 31, 2032 MHz, 3996 MHz, 0 %, 0 %
2026/03/23 23:03:47.168, 2, 234.02 W, 28, 2032 MHz, 3996 MHz, 0 %, 0 %
2026/03/23 23:03:47.168, 3, 234.99 W, 31, 2032 MHz, 3996 MHz, 0 %, 0 %
2026/03/23 23:03:47.168, 4, 179.13 W, 26, 120 MHz, 3996 MHz, 0 %, 0 %
2026/03/23 23:03:47.168, 5, 180.58 W, 28, 120 MHz, 3996 MHz, 0 %, 0 %
2026/03/23 23:03:47.168, 6, 178.64 W, 27, 120 MHz, 3996 MHz, 0 %, 0 %
2026/03/23 23:03:47.168, 7, 176.58 W, 28, 120 MHz, 3996 MHz, 0 %, 0 %
2026/03/23 23:03:48.168, 0, 228.11 W, 28, 2032 MHz, 3996 MHz, 0 %, 0 %
2026/03/23 23:03:48.168, 1, 233.32 W, 31, 2032 MHz, 3996 MHz, 0 %, 0 %
2026/03/23 23:03:48.168, 2, 234.02 W, 28, 2032 MHz, 3996 MHz, 0 %, 0 %
2026/03/23 23:03:48.168, 3, 235.18 W, 31, 2032 MHz, 3996 MHz, 0 %, 0 %
2026/03/23 23:03:48.168, 4, 178.93 W, 26, 120 MHz, 3996 MHz, 0 %, 0 %
2026/03/23 23:03:48.168, 5, 180.58 W, 28, 120 MHz, 3996 MHz, 0 %, 0 %
2026/03/23 23:03:48.168, 6, 178.64 W, 27, 120 MHz, 3996 MHz, 0 %, 0 %
2026/03/23 23:03:48.168, 7, 176.58 W, 28, 120 MHz, 3996 MHz, 0 %, 0 %
2026/03/23 23:03:49.168, 0, 228.22 W, 28, 2032 MHz, 3996 MHz, 0 %, 0 %
2026/03/23 23:03:49.168, 1, 233.32 W, 31, 2032 MHz, 3996 MHz, 0 %, 0 %
2026/03/23 23:03:49.168, 2, 234.02 W, 28, 2032 MHz, 3996 MHz, 0 %, 0 %
2026/03/23 23:03:49.168, 3, 235.09 W, 31, 2032 MHz, 3996 MHz, 0 %, 0 %
2026/03/23 23:03:49.168, 4, 178.87 W, 26, 120 MHz, 3996 MHz, 0 %, 0 %
2026/03/23 23:03:49.168, 5, 180.58 W, 28, 120 MHz, 3996 MHz, 0 %, 0 %
2026/03/23 23:03:49.168, 6, 178.64 W, 27, 120 MHz, 3996 MHz, 0 %, 0 %
2026/03/23 23:03:49.168, 7, 176.58 W, 28, 120 MHz, 3996 MHz, 0 %, 0 %
2026/03/23 23:03:50.168, 0, 228.19 W, 28, 2032 MHz, 3996 MHz, 0 %, 0 %
2026/03/23 23:03:50.168, 1, 233.32 W, 30, 2032 MHz, 3996 MHz, 0 %, 0 %
2026/03/23 23:03:50.168, 2, 234.02 W, 28, 2032 MHz, 3996 MHz, 0 %, 0 %
2026/03/23 23:03:50.168, 3, 235.08 W, 31, 2032 MHz, 3996 MHz, 0 %, 0 %
2026/03/23 23:03:50.168, 4, 178.94 W, 26, 120 MHz, 3996 MHz, 0 %, 0 %
2026/03/23 23:03:50.168, 5, 180.58 W, 28, 120 MHz, 3996 MHz, 0 %, 0 %
2026/03/23 23:03:50.168, 6, 178.60 W, 27, 120 MHz, 3996 MHz, 0 %, 0 %
2026/03/23 23:03:50.168, 7, 176.58 W, 28, 120 MHz, 3996 MHz, 0 %, 0 %
2026/03/23 23:03:51.168, 0, 228.18 W, 28, 2032 MHz, 3996 MHz, 0 %, 0 %
2026/03/23 23:03:51.168, 1, 233.32 W, 30, 2032 MHz, 3996 MHz, 0 %, 0 %
2026/03/23 23:03:51.168, 2, 234.02 W, 28, 2032 MHz, 3996 MHz, 0 %, 0 %
2026/03/23 23:03:51.168, 3, 235.08 W, 31, 2032 MHz, 3996 MHz, 0 %, 0 %
2026/03/23 23:03:51.168, 4, 179.16 W, 26, 120 MHz, 3996 MHz, 0 %, 0 %
2026/03/23 23:03:51.168, 5, 180.58 W, 28, 120 MHz, 3996 MHz, 0 %, 0 %
2026/03/23 23:03:51.168, 6, 178.64 W, 27, 120 MHz, 3996 MHz, 0 %, 0 %
2026/03/23 23:03:51.168, 7, 176.58 W, 28, 120 MHz, 3996 MHz, 0 %, 0 %
2026/03/23 23:03:52.168, 0, 228.11 W, 28, 2032 MHz, 3996 MHz, 0 %, 0 %
2026/03/23 23:03:52.168, 1, 233.32 W, 30, 2032 MHz, 3996 MHz, 0 %, 0 %
2026/03/23 23:03:52.168, 2, 234.02 W, 28, 2032 MHz, 3996 MHz, 0 %, 0 %
2026/03/23 23:03:52.168, 3, 235.01 W, 31, 2032 MHz, 3996 MHz, 0 %, 0 %
2026/03/23 23:03:52.168, 4, 179.09 W, 26, 120 MHz, 3996 MHz, 0 %, 0 %
2026/03/23 23:03:52.168, 5, 180.58 W, 28, 120 MHz, 3996 MHz, 0 %, 0 %
2026/03/23 23:03:52.168, 6, 178.60 W, 27, 120 MHz, 3996 MHz, 0 %, 0 %
2026/03/23 23:03:52.168, 7, 176.58 W, 28, 120 MHz, 3996 MHz, 0 %, 0 %
2026/03/23 23:03:53.169, 0, 228.11 W, 28, 2032 MHz, 3996 MHz, 0 %, 0 %
2026/03/23 23:03:53.169, 1, 233.31 W, 30, 2032 MHz, 3996 MHz, 0 %, 0 %
2026/03/23 23:03:53.169, 2, 234.02 W, 28, 2032 MHz, 3996 MHz, 0 %, 0 %
2026/03/23 23:03:53.169, 3, 234.83 W, 31, 2032 MHz, 3996 MHz, 0 %, 0 %
2026/03/23 23:03:53.169, 4, 179.09 W, 26, 120 MHz, 3996 MHz, 0 %, 0 %
2026/03/23 23:03:53.169, 5, 180.58 W, 28, 120 MHz, 3996 MHz, 0 %, 0 %
2026/03/23 23:03:53.169, 6, 178.60 W, 27, 120 MHz, 3996 MHz, 0 %, 0 %
2026/03/23 23:03:53.169, 7, 176.58 W, 28, 120 MHz, 3996 MHz, 0 %, 0 %
2026/03/23 23:03:54.169, 0, 228.65 W, 28, 2032 MHz, 3996 MHz, 0 %, 0 %
2026/03/23 23:03:54.169, 1, 233.93 W, 30, 2032 MHz, 3996 MHz, 0 %, 0 %
2026/03/23 23:03:54.169, 2, 234.06 W, 28, 2032 MHz, 3996 MHz, 0 %, 0 %
2026/03/23 23:03:54.169, 3, 235.22 W, 31, 2032 MHz, 3996 MHz, 0 %, 0 %
2026/03/23 23:03:54.169, 4, 179.13 W, 26, 120 MHz, 3996 MHz, 0 %, 0 %
2026/03/23 23:03:54.169, 5, 180.58 W, 28, 120 MHz, 3996 MHz, 0 %, 0 %
2026/03/23 23:03:54.169, 6, 178.64 W, 27, 120 MHz, 3996 MHz, 0 %, 0 %
2026/03/23 23:03:54.169, 7, 176.58 W, 28, 120 MHz, 3996 MHz, 0 %, 0 %
2026/03/23 23:03:55.169, 0, 228.41 W, 28, 2032 MHz, 3996 MHz, 0 %, 0 %
2026/03/23 23:03:55.169, 1, 233.62 W, 30, 2032 MHz, 3996 MHz, 0 %, 0 %
2026/03/23 23:03:55.169, 2, 234.06 W, 28, 2032 MHz, 3996 MHz, 0 %, 0 %
2026/03/23 23:03:55.169, 3, 235.13 W, 31, 2032 MHz, 3996 MHz, 0 %, 0 %
2026/03/23 23:03:55.169, 4, 179.13 W, 26, 120 MHz, 3996 MHz, 0 %, 0 %
2026/03/23 23:03:55.169, 5, 180.58 W, 28, 120 MHz, 3996 MHz, 0 %, 0 %
2026/03/23 23:03:55.169, 6, 178.64 W, 27, 120 MHz, 3996 MHz, 0 %, 0 %
2026/03/23 23:03:55.169, 7, 176.58 W, 28, 120 MHz, 3996 MHz, 0 %, 0 %
2026/03/23 23:03:56.169, 0, 228.15 W, 28, 2032 MHz, 3996 MHz, 0 %, 0 %
2026/03/23 23:03:56.169, 1, 233.32 W, 30, 2032 MHz, 3996 MHz, 0 %, 0 %
2026/03/23 23:03:56.169, 2, 234.02 W, 28, 2032 MHz, 3996 MHz, 0 %, 0 %
2026/03/23 23:03:56.169, 3, 234.83 W, 31, 2032 MHz, 3996 MHz, 0 %, 0 %
2026/03/23 23:03:56.169, 4, 179.41 W, 26, 120 MHz, 3996 MHz, 0 %, 0 %
2026/03/23 23:03:56.169, 5, 180.62 W, 28, 120 MHz, 3996 MHz, 0 %, 0 %
2026/03/23 23:03:56.169, 6, 178.64 W, 27, 120 MHz, 3996 MHz, 0 %, 0 %
2026/03/23 23:03:56.169, 7, 176.58 W, 28, 120 MHz, 3996 MHz, 0 %, 0 %
2026/03/23 23:03:57.169, 0, 228.07 W, 28, 2032 MHz, 3996 MHz, 0 %, 0 %
2026/03/23 23:03:57.169, 1, 233.36 W, 30, 2032 MHz, 3996 MHz, 0 %, 0 %
2026/03/23 23:03:57.169, 2, 234.02 W, 28, 2032 MHz, 3996 MHz, 0 %, 0 %
2026/03/23 23:03:57.169, 3, 234.88 W, 31, 2032 MHz, 3996 MHz, 0 %, 0 %
2026/03/23 23:03:57.169, 4, 179.17 W, 26, 120 MHz, 3996 MHz, 0 %, 0 %
2026/03/23 23:03:57.169, 5, 180.58 W, 28, 120 MHz, 3996 MHz, 0 %, 0 %
2026/03/23 23:03:57.169, 6, 178.64 W, 27, 120 MHz, 3996 MHz, 0 %, 0 %
2026/03/23 23:03:57.169, 7, 176.59 W, 28, 120 MHz, 3996 MHz, 0 %, 0 %
2026/03/23 23:03:58.169, 0, 228.07 W, 28, 2032 MHz, 3996 MHz, 0 %, 0 %
2026/03/23 23:03:58.169, 1, 233.32 W, 30, 2032 MHz, 3996 MHz, 0 %, 0 %
2026/03/23 23:03:58.169, 2, 234.02 W, 28, 2032 MHz, 3996 MHz, 0 %, 0 %
2026/03/23 23:03:58.169, 3, 235.09 W, 31, 2032 MHz, 3996 MHz, 0 %, 0 %
2026/03/23 23:03:58.169, 4, 179.02 W, 26, 120 MHz, 3996 MHz, 0 %, 0 %
2026/03/23 23:03:58.169, 5, 180.59 W, 28, 120 MHz, 3996 MHz, 0 %, 0 %
2026/03/23 23:03:58.169, 6, 178.64 W, 27, 120 MHz, 3996 MHz, 0 %, 0 %
2026/03/23 23:03:58.169, 7, 176.58 W, 28, 120 MHz, 3996 MHz, 0 %, 0 %
2026/03/23 23:03:59.169, 0, 228.11 W, 28, 2032 MHz, 3996 MHz, 0 %, 0 %
2026/03/23 23:03:59.169, 1, 233.32 W, 30, 2032 MHz, 3996 MHz, 0 %, 0 %
2026/03/23 23:03:59.169, 2, 234.02 W, 28, 2032 MHz, 3996 MHz, 0 %, 0 %
2026/03/23 23:03:59.169, 3, 235.18 W, 31, 2032 MHz, 3996 MHz, 0 %, 0 %
2026/03/23 23:03:59.169, 4, 179.22 W, 26, 120 MHz, 3996 MHz, 0 %, 0 %
2026/03/23 23:03:59.169, 5, 180.58 W, 28, 120 MHz, 3996 MHz, 0 %, 0 %
2026/03/23 23:03:59.169, 6, 178.64 W, 27, 120 MHz, 3996 MHz, 0 %, 0 %
2026/03/23 23:03:59.169, 7, 176.59 W, 28, 120 MHz, 3996 MHz, 0 %, 0 %
2026/03/23 23:04:00.170, 0, 228.15 W, 28, 2032 MHz, 3996 MHz, 7 %, 0 %
2026/03/23 23:04:00.170, 1, 233.32 W, 30, 2032 MHz, 3996 MHz, 7 %, 0 %
2026/03/23 23:04:00.170, 2, 234.02 W, 28, 2032 MHz, 3996 MHz, 7 %, 0 %
2026/03/23 23:04:00.170, 3, 235.16 W, 31, 2032 MHz, 3996 MHz, 7 %, 0 %
2026/03/23 23:04:00.170, 4, 179.09 W, 26, 120 MHz, 3996 MHz, 0 %, 0 %
2026/03/23 23:04:00.170, 5, 180.58 W, 28, 120 MHz, 3996 MHz, 0 %, 0 %
2026/03/23 23:04:00.170, 6, 178.60 W, 27, 120 MHz, 3996 MHz, 0 %, 0 %
2026/03/23 23:04:00.170, 7, 176.59 W, 28, 120 MHz, 3996 MHz, 0 %, 0 %
2026/03/23 23:04:01.170, 0, 228.96 W, 28, 2032 MHz, 3996 MHz, 12 %, 0 %
2026/03/23 23:04:01.170, 1, 233.98 W, 30, 2032 MHz, 3996 MHz, 8 %, 0 %
2026/03/23 23:04:01.170, 2, 234.60 W, 28, 2032 MHz, 3996 MHz, 7 %, 0 %
2026/03/23 23:04:01.170, 3, 235.26 W, 31, 2032 MHz, 3996 MHz, 5 %, 0 %
2026/03/23 23:04:01.170, 4, 178.82 W, 26, 120 MHz, 3996 MHz, 0 %, 0 %
2026/03/23 23:04:01.170, 5, 180.58 W, 28, 120 MHz, 3996 MHz, 0 %, 0 %
2026/03/23 23:04:01.170, 6, 178.64 W, 27, 120 MHz, 3996 MHz, 0 %, 0 %
2026/03/23 23:04:01.170, 7, 176.58 W, 28, 120 MHz, 3996 MHz, 0 %, 0 %
2026/03/23 23:04:02.170, 0, 229.47 W, 28, 2032 MHz, 3996 MHz, 8 %, 0 %
2026/03/23 23:04:02.170, 1, 234.87 W, 30, 2032 MHz, 3996 MHz, 7 %, 0 %
2026/03/23 23:04:02.170, 2, 235.26 W, 28, 2032 MHz, 3996 MHz, 11 %, 0 %
2026/03/23 23:04:02.170, 3, 235.63 W, 31, 2032 MHz, 3996 MHz, 5 %, 0 %
2026/03/23 23:04:02.170, 4, 179.17 W, 26, 120 MHz, 3996 MHz, 0 %, 0 %
2026/03/23 23:04:02.170, 5, 180.58 W, 28, 120 MHz, 3996 MHz, 0 %, 0 %
2026/03/23 23:04:02.170, 6, 178.64 W, 27, 120 MHz, 3996 MHz, 0 %, 0 %
2026/03/23 23:04:02.170, 7, 176.58 W, 28, 120 MHz, 3996 MHz, 0 %, 0 %
2026/03/23 23:04:03.170, 0, 229.73 W, 28, 2032 MHz, 3996 MHz, 5 %, 0 %
2026/03/23 23:04:03.170, 1, 234.94 W, 30, 2032 MHz, 3996 MHz, 11 %, 0 %
2026/03/23 23:04:03.170, 2, 235.22 W, 28, 2032 MHz, 3996 MHz, 12 %, 0 %
2026/03/23 23:04:03.170, 3, 235.52 W, 31, 2032 MHz, 3996 MHz, 11 %, 0 %
2026/03/23 23:04:03.170, 4, 179.10 W, 26, 120 MHz, 3996 MHz, 0 %, 0 %
2026/03/23 23:04:03.170, 5, 180.58 W, 28, 120 MHz, 3996 MHz, 0 %, 0 %
2026/03/23 23:04:03.170, 6, 178.64 W, 27, 120 MHz, 3996 MHz, 0 %, 0 %
2026/03/23 23:04:03.170, 7, 176.58 W, 28, 120 MHz, 3996 MHz, 0 %, 0 %
2026/03/23 23:04:04.170, 0, 229.51 W, 28, 2032 MHz, 3996 MHz, 11 %, 0 %
2026/03/23 23:04:04.170, 1, 234.91 W, 30, 2032 MHz, 3996 MHz, 11 %, 0 %
2026/03/23 23:04:04.170, 2, 235.26 W, 28, 2032 MHz, 3996 MHz, 12 %, 0 %
2026/03/23 23:04:04.170, 3, 235.39 W, 31, 2032 MHz, 3996 MHz, 11 %, 0 %
2026/03/23 23:04:04.170, 4, 179.28 W, 26, 120 MHz, 3996 MHz, 0 %, 0 %
2026/03/23 23:04:04.170, 5, 180.58 W, 28, 120 MHz, 3996 MHz, 0 %, 0 %
2026/03/23 23:04:04.170, 6, 178.64 W, 27, 120 MHz, 3996 MHz, 0 %, 0 %
2026/03/23 23:04:04.170, 7, 176.59 W, 28, 120 MHz, 3996 MHz, 0 %, 0 %
2026/03/23 23:04:05.170, 0, 229.36 W, 28, 2032 MHz, 3996 MHz, 6 %, 0 %
2026/03/23 23:04:05.170, 1, 234.83 W, 30, 2032 MHz, 3996 MHz, 9 %, 0 %
2026/03/23 23:04:05.170, 2, 234.95 W, 28, 2032 MHz, 3996 MHz, 9 %, 0 %
2026/03/23 23:04:05.170, 3, 235.65 W, 31, 2032 MHz, 3996 MHz, 12 %, 0 %
2026/03/23 23:04:05.170, 4, 179.21 W, 26, 120 MHz, 3996 MHz, 0 %, 0 %
2026/03/23 23:04:05.170, 5, 180.58 W, 28, 120 MHz, 3996 MHz, 0 %, 0 %
2026/03/23 23:04:05.170, 6, 178.64 W, 27, 120 MHz, 3996 MHz, 0 %, 0 %
2026/03/23 23:04:05.170, 7, 176.59 W, 28, 120 MHz, 3996 MHz, 0 %, 0 %
2026/03/23 23:04:06.170, 0, 229.69 W, 28, 2032 MHz, 3996 MHz, 13 %, 0 %
2026/03/23 23:04:06.171, 1, 235.02 W, 30, 2032 MHz, 3996 MHz, 13 %, 0 %
2026/03/23 23:04:06.171, 2, 235.12 W, 28, 2032 MHz, 3996 MHz, 5 %, 0 %
2026/03/23 23:04:06.171, 3, 235.47 W, 31, 2032 MHz, 3996 MHz, 12 %, 0 %
2026/03/23 23:04:06.171, 4, 179.25 W, 26, 120 MHz, 3996 MHz, 0 %, 0 %
2026/03/23 23:04:06.171, 5, 180.58 W, 28, 120 MHz, 3996 MHz, 0 %, 0 %
2026/03/23 23:04:06.171, 6, 178.64 W, 27, 120 MHz, 3996 MHz, 0 %, 0 %
2026/03/23 23:04:06.171, 7, 176.59 W, 28, 120 MHz, 3996 MHz, 0 %, 0 %
2026/03/23 23:04:07.171, 0, 229.47 W, 28, 2032 MHz, 3996 MHz, 13 %, 0 %
2026/03/23 23:04:07.171, 1, 234.99 W, 30, 2032 MHz, 3996 MHz, 11 %, 0 %
2026/03/23 23:04:07.171, 2, 235.11 W, 28, 2032 MHz, 3996 MHz, 6 %, 0 %
2026/03/23 23:04:07.171, 3, 235.33 W, 31, 2032 MHz, 3996 MHz, 5 %, 0 %
2026/03/23 23:04:07.171, 4, 179.10 W, 26, 120 MHz, 3996 MHz, 0 %, 0 %
2026/03/23 23:04:07.171, 5, 180.58 W, 28, 120 MHz, 3996 MHz, 0 %, 0 %
2026/03/23 23:04:07.171, 6, 178.60 W, 27, 120 MHz, 3996 MHz, 0 %, 0 %
2026/03/23 23:04:07.171, 7, 176.59 W, 28, 120 MHz, 3996 MHz, 0 %, 0 %
2026/03/23 23:04:08.171, 0, 229.36 W, 28, 2032 MHz, 3996 MHz, 13 %, 0 %
2026/03/23 23:04:08.171, 1, 234.59 W, 30, 2032 MHz, 3996 MHz, 12 %, 0 %
2026/03/23 23:04:08.171, 2, 235.35 W, 28, 2032 MHz, 3996 MHz, 8 %, 0 %
2026/03/23 23:04:08.171, 3, 235.43 W, 31, 2032 MHz, 3996 MHz, 5 %, 0 %
2026/03/23 23:04:08.171, 4, 179.06 W, 26, 120 MHz, 3996 MHz, 0 %, 0 %
2026/03/23 23:04:08.171, 5, 180.58 W, 28, 120 MHz, 3996 MHz, 0 %, 0 %
2026/03/23 23:04:08.171, 6, 178.64 W, 27, 120 MHz, 3996 MHz, 0 %, 0 %
2026/03/23 23:04:08.171, 7, 176.59 W, 28, 120 MHz, 3996 MHz, 0 %, 0 %
2026/03/23 23:04:09.171, 0, 229.24 W, 28, 2032 MHz, 3996 MHz, 5 %, 0 %
2026/03/23 23:04:09.171, 1, 234.67 W, 30, 2032 MHz, 3996 MHz, 5 %, 0 %
2026/03/23 23:04:09.171, 2, 235.24 W, 28, 2032 MHz, 3996 MHz, 11 %, 0 %
2026/03/23 23:04:09.171, 3, 235.36 W, 31, 2032 MHz, 3996 MHz, 6 %, 0 %
2026/03/23 23:04:09.171, 4, 178.97 W, 26, 120 MHz, 3996 MHz, 0 %, 0 %
2026/03/23 23:04:09.171, 5, 180.58 W, 28, 120 MHz, 3996 MHz, 0 %, 0 %
2026/03/23 23:04:09.171, 6, 178.64 W, 27, 120 MHz, 3996 MHz, 0 %, 0 %
2026/03/23 23:04:09.171, 7, 176.58 W, 28, 120 MHz, 3996 MHz, 0 %, 0 %
2026/03/23 23:04:10.171, 0, 229.32 W, 28, 2032 MHz, 3996 MHz, 4 %, 0 %
2026/03/23 23:04:10.171, 1, 234.64 W, 30, 2032 MHz, 3996 MHz, 7 %, 0 %
2026/03/23 23:04:10.171, 2, 235.30 W, 28, 2032 MHz, 3996 MHz, 12 %, 0 %
2026/03/23 23:04:10.171, 3, 235.41 W, 31, 2032 MHz, 3996 MHz, 12 %, 0 %
2026/03/23 23:04:10.171, 4, 179.10 W, 26, 120 MHz, 3996 MHz, 0 %, 0 %
2026/03/23 23:04:10.171, 5, 180.58 W, 28, 120 MHz, 3996 MHz, 0 %, 0 %
2026/03/23 23:04:10.171, 6, 178.64 W, 27, 120 MHz, 3996 MHz, 0 %, 0 %
2026/03/23 23:04:10.171, 7, 176.59 W, 28, 120 MHz, 3996 MHz, 0 %, 0 %
2026/03/23 23:04:11.171, 0, 229.54 W, 28, 2032 MHz, 3996 MHz, 7 %, 0 %
2026/03/23 23:04:11.171, 1, 234.80 W, 30, 2032 MHz, 3996 MHz, 13 %, 0 %
2026/03/23 23:04:11.171, 2, 235.24 W, 28, 2032 MHz, 3996 MHz, 11 %, 0 %
2026/03/23 23:04:11.171, 3, 235.30 W, 31, 2032 MHz, 3996 MHz, 11 %, 0 %
2026/03/23 23:04:11.171, 4, 178.97 W, 26, 120 MHz, 3996 MHz, 0 %, 0 %
2026/03/23 23:04:11.171, 5, 180.58 W, 28, 120 MHz, 3996 MHz, 0 %, 0 %
2026/03/23 23:04:11.171, 6, 178.64 W, 27, 120 MHz, 3996 MHz, 0 %, 0 %
2026/03/23 23:04:11.171, 7, 176.58 W, 28, 120 MHz, 3996 MHz, 0 %, 0 %
2026/03/23 23:04:12.171, 0, 229.65 W, 28, 2032 MHz, 3996 MHz, 13 %, 0 %
2026/03/23 23:04:12.171, 1, 234.72 W, 30, 2032 MHz, 3996 MHz, 11 %, 0 %
2026/03/23 23:04:12.171, 2, 235.03 W, 28, 2032 MHz, 3996 MHz, 5 %, 0 %
2026/03/23 23:04:12.171, 3, 235.38 W, 31, 2032 MHz, 3996 MHz, 12 %, 0 %
2026/03/23 23:04:12.171, 4, 179.43 W, 26, 120 MHz, 3996 MHz, 0 %, 0 %
2026/03/23 23:04:12.171, 5, 180.58 W, 28, 120 MHz, 3996 MHz, 0 %, 0 %
2026/03/23 23:04:12.171, 6, 178.60 W, 27, 120 MHz, 3996 MHz, 0 %, 0 %
2026/03/23 23:04:12.172, 7, 176.59 W, 28, 120 MHz, 3996 MHz, 0 %, 0 %
2026/03/23 23:04:13.172, 0, 229.66 W, 28, 2032 MHz, 3996 MHz, 11 %, 0 %
2026/03/23 23:04:13.172, 1, 234.87 W, 30, 2032 MHz, 3996 MHz, 11 %, 0 %
2026/03/23 23:04:13.172, 2, 235.05 W, 28, 2032 MHz, 3996 MHz, 5 %, 0 %
2026/03/23 23:04:13.172, 3, 235.26 W, 31, 2032 MHz, 3996 MHz, 10 %, 0 %
2026/03/23 23:04:13.172, 4, 179.09 W, 26, 120 MHz, 3996 MHz, 0 %, 0 %
2026/03/23 23:04:13.172, 5, 180.58 W, 28, 120 MHz, 3996 MHz, 0 %, 0 %
2026/03/23 23:04:13.172, 6, 178.64 W, 27, 120 MHz, 3996 MHz, 0 %, 0 %
2026/03/23 23:04:13.172, 7, 176.58 W, 28, 120 MHz, 3996 MHz, 0 %, 0 %
2026/03/23 23:04:14.172, 0, 229.65 W, 28, 2032 MHz, 3996 MHz, 11 %, 0 %
2026/03/23 23:04:14.172, 1, 234.78 W, 30, 2032 MHz, 3996 MHz, 9 %, 0 %
2026/03/23 23:04:14.172, 2, 235.24 W, 28, 2032 MHz, 3996 MHz, 6 %, 0 %
2026/03/23 23:04:14.172, 3, 235.42 W, 31, 2032 MHz, 3996 MHz, 5 %, 0 %
2026/03/23 23:04:14.172, 4, 179.28 W, 26, 120 MHz, 3996 MHz, 0 %, 0 %
2026/03/23 23:04:14.172, 5, 180.62 W, 28, 120 MHz, 3996 MHz, 0 %, 0 %
2026/03/23 23:04:14.172, 6, 178.57 W, 27, 120 MHz, 3996 MHz, 0 %, 0 %
2026/03/23 23:04:14.172, 7, 176.58 W, 28, 120 MHz, 3996 MHz, 0 %, 0 %
2026/03/23 23:04:15.172, 0, 229.46 W, 28, 2032 MHz, 3996 MHz, 8 %, 0 %
2026/03/23 23:04:15.172, 1, 234.54 W, 30, 2032 MHz, 3996 MHz, 7 %, 0 %
2026/03/23 23:04:15.172, 2, 235.30 W, 28, 2032 MHz, 3996 MHz, 8 %, 0 %
2026/03/23 23:04:15.172, 3, 235.46 W, 31, 2032 MHz, 3996 MHz, 5 %, 0 %
2026/03/23 23:04:15.172, 4, 179.32 W, 26, 120 MHz, 3996 MHz, 0 %, 0 %
2026/03/23 23:04:15.172, 5, 180.58 W, 28, 120 MHz, 3996 MHz, 0 %, 0 %
2026/03/23 23:04:15.172, 6, 178.64 W, 27, 120 MHz, 3996 MHz, 0 %, 0 %
2026/03/23 23:04:15.172, 7, 176.58 W, 28, 120 MHz, 3996 MHz, 0 %, 0 %
2026/03/23 23:04:16.172, 0, 229.59 W, 28, 2032 MHz, 3996 MHz, 4 %, 0 %
2026/03/23 23:04:16.172, 1, 234.61 W, 30, 2032 MHz, 3996 MHz, 5 %, 0 %
2026/03/23 23:04:16.172, 2, 235.31 W, 28, 2032 MHz, 3996 MHz, 13 %, 0 %
2026/03/23 23:04:16.172, 3, 235.55 W, 31, 2032 MHz, 3996 MHz, 9 %, 0 %
2026/03/23 23:04:16.172, 4, 179.29 W, 26, 120 MHz, 3996 MHz, 0 %, 0 %
2026/03/23 23:04:16.172, 5, 180.58 W, 28, 120 MHz, 3996 MHz, 0 %, 0 %
2026/03/23 23:04:16.172, 6, 178.64 W, 27, 120 MHz, 3996 MHz, 0 %, 0 %
2026/03/23 23:04:16.172, 7, 176.58 W, 28, 120 MHz, 3996 MHz, 0 %, 0 %
2026/03/23 23:04:17.172, 0, 229.31 W, 28, 2032 MHz, 3996 MHz, 12 %, 0 %
2026/03/23 23:04:17.172, 1, 234.86 W, 30, 2032 MHz, 3996 MHz, 5 %, 0 %
2026/03/23 23:04:17.172, 2, 235.11 W, 28, 2032 MHz, 3996 MHz, 12 %, 0 %
2026/03/23 23:04:17.172, 3, 235.57 W, 31, 2032 MHz, 3996 MHz, 12 %, 0 %
2026/03/23 23:04:17.172, 4, 179.27 W, 26, 120 MHz, 3996 MHz, 0 %, 0 %
2026/03/23 23:04:17.172, 5, 180.58 W, 28, 120 MHz, 3996 MHz, 0 %, 0 %
2026/03/23 23:04:17.172, 6, 178.64 W, 27, 120 MHz, 3996 MHz, 0 %, 0 %
2026/03/23 23:04:17.172, 7, 176.58 W, 28, 120 MHz, 3996 MHz, 0 %, 0 %
2026/03/23 23:04:18.172, 0, 229.47 W, 28, 2032 MHz, 3996 MHz, 5 %, 0 %
2026/03/23 23:04:18.172, 1, 234.72 W, 30, 2032 MHz, 3996 MHz, 10 %, 0 %
2026/03/23 23:04:18.172, 2, 235.05 W, 28, 2032 MHz, 3996 MHz, 5 %, 0 %
2026/03/23 23:04:18.172, 3, 235.39 W, 31, 2032 MHz, 3996 MHz, 12 %, 0 %
2026/03/23 23:04:18.172, 4, 179.32 W, 26, 120 MHz, 3996 MHz, 0 %, 0 %
2026/03/23 23:04:18.172, 5, 180.58 W, 28, 120 MHz, 3996 MHz, 0 %, 0 %
2026/03/23 23:04:18.172, 6, 178.64 W, 27, 120 MHz, 3996 MHz, 0 %, 0 %
2026/03/23 23:04:18.172, 7, 176.58 W, 28, 120 MHz, 3996 MHz, 0 %, 0 %
2026/03/23 23:04:19.172, 0, 229.73 W, 28, 2032 MHz, 3996 MHz, 7 %, 0 %
2026/03/23 23:04:19.172, 1, 234.83 W, 30, 2032 MHz, 3996 MHz, 13 %, 0 %
2026/03/23 23:04:19.172, 2, 235.20 W, 28, 2032 MHz, 3996 MHz, 5 %, 0 %
2026/03/23 23:04:19.173, 3, 235.43 W, 31, 2032 MHz, 3996 MHz, 8 %, 0 %
2026/03/23 23:04:19.173, 4, 179.06 W, 26, 120 MHz, 3996 MHz, 0 %, 0 %
2026/03/23 23:04:19.173, 5, 180.62 W, 28, 120 MHz, 3996 MHz, 0 %, 0 %
2026/03/23 23:04:19.173, 6, 178.64 W, 27, 120 MHz, 3996 MHz, 0 %, 0 %
2026/03/23 23:04:19.173, 7, 176.58 W, 28, 120 MHz, 3996 MHz, 0 %, 0 %
2026/03/23 23:04:20.173, 0, 229.34 W, 28, 2032 MHz, 3996 MHz, 13 %, 0 %
2026/03/23 23:04:20.173, 1, 234.87 W, 30, 2032 MHz, 3996 MHz, 11 %, 0 %
2026/03/23 23:04:20.173, 2, 235.26 W, 28, 2032 MHz, 3996 MHz, 13 %, 0 %
2026/03/23 23:04:20.173, 3, 235.35 W, 31, 2032 MHz, 3996 MHz, 5 %, 0 %
2026/03/23 23:04:20.173, 4, 178.98 W, 26, 120 MHz, 3996 MHz, 0 %, 0 %
2026/03/23 23:04:20.173, 5, 180.58 W, 28, 120 MHz, 3996 MHz, 0 %, 0 %
2026/03/23 23:04:20.173, 6, 178.64 W, 27, 120 MHz, 3996 MHz, 0 %, 0 %
2026/03/23 23:04:20.173, 7, 176.58 W, 28, 120 MHz, 3996 MHz, 0 %, 0 %
2026/03/23 23:04:21.173, 0, 229.47 W, 28, 2032 MHz, 3996 MHz, 5 %, 0 %
2026/03/23 23:04:21.173, 1, 234.64 W, 30, 2032 MHz, 3996 MHz, 11 %, 0 %
2026/03/23 23:04:21.173, 2, 235.24 W, 28, 2032 MHz, 3996 MHz, 12 %, 0 %
2026/03/23 23:04:21.173, 3, 235.47 W, 31, 2032 MHz, 3996 MHz, 5 %, 0 %
2026/03/23 23:04:21.173, 4, 179.16 W, 26, 120 MHz, 3996 MHz, 0 %, 0 %
2026/03/23 23:04:21.173, 5, 180.58 W, 28, 120 MHz, 3996 MHz, 0 %, 0 %
2026/03/23 23:04:21.173, 6, 178.64 W, 27, 120 MHz, 3996 MHz, 0 %, 0 %
2026/03/23 23:04:21.173, 7, 176.58 W, 28, 120 MHz, 3996 MHz, 0 %, 0 %
2026/03/23 23:04:22.173, 0, 229.62 W, 28, 2032 MHz, 3996 MHz, 12 %, 0 %
2026/03/23 23:04:22.173, 1, 234.60 W, 30, 2032 MHz, 3996 MHz, 11 %, 0 %
2026/03/23 23:04:22.173, 2, 235.30 W, 28, 2032 MHz, 3996 MHz, 11 %, 0 %
2026/03/23 23:04:22.173, 3, 235.71 W, 31, 2032 MHz, 3996 MHz, 11 %, 0 %
2026/03/23 23:04:22.173, 4, 179.03 W, 26, 120 MHz, 3996 MHz, 0 %, 0 %
2026/03/23 23:04:22.173, 5, 180.62 W, 28, 120 MHz, 3996 MHz, 0 %, 0 %
2026/03/23 23:04:22.173, 6, 178.64 W, 27, 120 MHz, 3996 MHz, 0 %, 0 %
2026/03/23 23:04:22.173, 7, 176.58 W, 28, 120 MHz, 3996 MHz, 0 %, 0 %
2026/03/23 23:04:23.173, 0, 229.54 W, 28, 2032 MHz, 3996 MHz, 13 %, 0 %
2026/03/23 23:04:23.173, 1, 234.45 W, 30, 2032 MHz, 3996 MHz, 5 %, 0 %
2026/03/23 23:04:23.173, 2, 235.09 W, 28, 2032 MHz, 3996 MHz, 10 %, 0 %
2026/03/23 23:04:23.173, 3, 235.36 W, 31, 2032 MHz, 3996 MHz, 12 %, 0 %
2026/03/23 23:04:23.173, 4, 178.98 W, 26, 120 MHz, 3996 MHz, 0 %, 0 %
2026/03/23 23:04:23.173, 5, 180.58 W, 28, 120 MHz, 3996 MHz, 0 %, 0 %
2026/03/23 23:04:23.173, 6, 178.60 W, 27, 120 MHz, 3996 MHz, 0 %, 0 %
2026/03/23 23:04:23.173, 7, 176.58 W, 28, 120 MHz, 3996 MHz, 0 %, 0 %
2026/03/23 23:04:24.173, 0, 229.47 W, 28, 2032 MHz, 3996 MHz, 11 %, 0 %
2026/03/23 23:04:24.173, 1, 234.43 W, 30, 2032 MHz, 3996 MHz, 5 %, 0 %
2026/03/23 23:04:24.173, 2, 234.99 W, 28, 2032 MHz, 3996 MHz, 5 %, 0 %
2026/03/23 23:04:24.173, 3, 235.69 W, 31, 2032 MHz, 3996 MHz, 11 %, 0 %
2026/03/23 23:04:24.173, 4, 179.13 W, 26, 120 MHz, 3996 MHz, 0 %, 0 %
2026/03/23 23:04:24.173, 5, 180.62 W, 28, 120 MHz, 3996 MHz, 0 %, 0 %
2026/03/23 23:04:24.173, 6, 178.60 W, 27, 120 MHz, 3996 MHz, 0 %, 0 %
2026/03/23 23:04:24.173, 7, 176.58 W, 28, 120 MHz, 3996 MHz, 0 %, 0 %
2026/03/23 23:04:25.173, 0, 229.17 W, 28, 2032 MHz, 3996 MHz, 5 %, 0 %
2026/03/23 23:04:25.173, 1, 234.79 W, 30, 2032 MHz, 3996 MHz, 9 %, 0 %
2026/03/23 23:04:25.173, 2, 235.07 W, 28, 2032 MHz, 3996 MHz, 6 %, 0 %
2026/03/23 23:04:25.173, 3, 235.38 W, 31, 2032 MHz, 3996 MHz, 12 %, 0 %
2026/03/23 23:04:25.173, 4, 179.24 W, 26, 120 MHz, 3996 MHz, 0 %, 0 %
2026/03/23 23:04:25.173, 5, 180.58 W, 28, 120 MHz, 3996 MHz, 0 %, 0 %
2026/03/23 23:04:25.173, 6, 178.64 W, 27, 120 MHz, 3996 MHz, 0 %, 0 %
2026/03/23 23:04:25.173, 7, 176.59 W, 28, 120 MHz, 3996 MHz, 0 %, 0 %
2026/03/23 23:04:26.174, 0, 229.42 W, 28, 2032 MHz, 3996 MHz, 5 %, 0 %
2026/03/23 23:04:26.174, 1, 234.68 W, 30, 2032 MHz, 3996 MHz, 6 %, 0 %
2026/03/23 23:04:26.174, 2, 235.26 W, 28, 2032 MHz, 3996 MHz, 12 %, 0 %
2026/03/23 23:04:26.174, 3, 235.19 W, 31, 2032 MHz, 3996 MHz, 5 %, 0 %
2026/03/23 23:04:26.174, 4, 179.10 W, 26, 120 MHz, 3996 MHz, 0 %, 0 %
2026/03/23 23:04:26.174, 5, 180.58 W, 28, 120 MHz, 3996 MHz, 0 %, 0 %
2026/03/23 23:04:26.174, 6, 178.64 W, 27, 120 MHz, 3996 MHz, 0 %, 0 %
2026/03/23 23:04:26.174, 7, 176.59 W, 28, 120 MHz, 3996 MHz, 0 %, 0 %
2026/03/23 23:04:27.174, 0, 229.47 W, 28, 2032 MHz, 3996 MHz, 7 %, 0 %
2026/03/23 23:04:27.174, 1, 234.68 W, 30, 2032 MHz, 3996 MHz, 10 %, 0 %
2026/03/23 23:04:27.174, 2, 235.31 W, 28, 2032 MHz, 3996 MHz, 13 %, 0 %
2026/03/23 23:04:27.174, 3, 235.27 W, 31, 2032 MHz, 3996 MHz, 6 %, 0 %
2026/03/23 23:04:27.174, 4, 179.20 W, 26, 120 MHz, 3996 MHz, 0 %, 0 %
2026/03/23 23:04:27.174, 5, 180.58 W, 28, 120 MHz, 3996 MHz, 0 %, 0 %
2026/03/23 23:04:27.174, 6, 178.64 W, 27, 120 MHz, 3996 MHz, 0 %, 0 %
2026/03/23 23:04:27.174, 7, 176.59 W, 28, 120 MHz, 3996 MHz, 0 %, 0 %
2026/03/23 23:04:28.174, 0, 229.62 W, 28, 2032 MHz, 3996 MHz, 11 %, 0 %
2026/03/23 23:04:28.174, 1, 234.71 W, 30, 2032 MHz, 3996 MHz, 11 %, 0 %
2026/03/23 23:04:28.174, 2, 235.16 W, 28, 2032 MHz, 3996 MHz, 12 %, 0 %
2026/03/23 23:04:28.174, 3, 235.35 W, 31, 2032 MHz, 3996 MHz, 5 %, 0 %
2026/03/23 23:04:28.174, 4, 179.18 W, 26, 120 MHz, 3996 MHz, 0 %, 0 %
2026/03/23 23:04:28.174, 5, 180.58 W, 28, 120 MHz, 3996 MHz, 0 %, 0 %
2026/03/23 23:04:28.174, 6, 178.64 W, 27, 120 MHz, 3996 MHz, 0 %, 0 %
2026/03/23 23:04:28.174, 7, 176.59 W, 28, 120 MHz, 3996 MHz, 0 %, 0 %
2026/03/23 23:04:29.174, 0, 229.62 W, 28, 2032 MHz, 3996 MHz, 13 %, 0 %
2026/03/23 23:04:29.174, 1, 234.73 W, 30, 2032 MHz, 3996 MHz, 10 %, 0 %
2026/03/23 23:04:29.174, 2, 234.95 W, 28, 2032 MHz, 3996 MHz, 4 %, 0 %
2026/03/23 23:04:29.174, 3, 235.28 W, 31, 2032 MHz, 3996 MHz, 12 %, 0 %
2026/03/23 23:04:29.174, 4, 179.22 W, 26, 120 MHz, 3996 MHz, 0 %, 0 %
2026/03/23 23:04:29.174, 5, 180.62 W, 28, 120 MHz, 3996 MHz, 0 %, 0 %
2026/03/23 23:04:29.174, 6, 178.64 W, 27, 120 MHz, 3996 MHz, 0 %, 0 %
2026/03/23 23:04:29.174, 7, 176.59 W, 28, 120 MHz, 3996 MHz, 0 %, 0 %
2026/03/23 23:04:30.174, 0, 229.42 W, 28, 2032 MHz, 3996 MHz, 11 %, 0 %
2026/03/23 23:04:30.174, 1, 234.49 W, 30, 2032 MHz, 3996 MHz, 7 %, 0 %
2026/03/23 23:04:30.174, 2, 235.11 W, 28, 2032 MHz, 3996 MHz, 5 %, 0 %
2026/03/23 23:04:30.174, 3, 235.23 W, 31, 2032 MHz, 3996 MHz, 11 %, 0 %
2026/03/23 23:04:30.174, 4, 178.95 W, 26, 120 MHz, 3996 MHz, 0 %, 0 %
2026/03/23 23:04:30.174, 5, 180.59 W, 28, 120 MHz, 3996 MHz, 0 %, 0 %
2026/03/23 23:04:30.174, 6, 178.64 W, 27, 120 MHz, 3996 MHz, 0 %, 0 %
2026/03/23 23:04:30.174, 7, 176.58 W, 28, 120 MHz, 3996 MHz, 0 %, 0 %
2026/03/23 23:04:31.174, 0, 229.32 W, 28, 2032 MHz, 3996 MHz, 5 %, 0 %
2026/03/23 23:04:31.174, 1, 234.55 W, 30, 2032 MHz, 3996 MHz, 5 %, 0 %
2026/03/23 23:04:31.174, 2, 235.27 W, 28, 2032 MHz, 3996 MHz, 7 %, 0 %
2026/03/23 23:04:31.174, 3, 235.24 W, 31, 2032 MHz, 3996 MHz, 12 %, 0 %
2026/03/23 23:04:31.174, 4, 179.35 W, 26, 120 MHz, 3996 MHz, 0 %, 0 %
2026/03/23 23:04:31.174, 5, 180.58 W, 28, 120 MHz, 3996 MHz, 0 %, 0 %
2026/03/23 23:04:31.174, 6, 178.64 W, 27, 120 MHz, 3996 MHz, 0 %, 0 %
2026/03/23 23:04:31.174, 7, 176.59 W, 28, 120 MHz, 3996 MHz, 0 %, 0 %
2026/03/23 23:04:32.174, 0, 229.65 W, 28, 2032 MHz, 3996 MHz, 4 %, 0 %
2026/03/23 23:04:32.174, 1, 234.76 W, 30, 2032 MHz, 3996 MHz, 11 %, 0 %
2026/03/23 23:04:32.174, 2, 235.26 W, 28, 2032 MHz, 3996 MHz, 12 %, 0 %
2026/03/23 23:04:32.174, 3, 235.29 W, 31, 2032 MHz, 3996 MHz, 7 %, 0 %
2026/03/23 23:04:32.174, 4, 179.37 W, 26, 120 MHz, 3996 MHz, 0 %, 0 %
2026/03/23 23:04:32.174, 5, 180.62 W, 28, 120 MHz, 3996 MHz, 0 %, 0 %
2026/03/23 23:04:32.174, 6, 178.64 W, 27, 120 MHz, 3996 MHz, 0 %, 0 %
2026/03/23 23:04:32.174, 7, 176.59 W, 28, 120 MHz, 3996 MHz, 0 %, 0 %
2026/03/23 23:04:33.175, 0, 229.59 W, 28, 2032 MHz, 3996 MHz, 8 %, 0 %
2026/03/23 23:04:33.175, 1, 234.69 W, 30, 2032 MHz, 3996 MHz, 13 %, 0 %
2026/03/23 23:04:33.175, 2, 235.31 W, 28, 2032 MHz, 3996 MHz, 11 %, 0 %
2026/03/23 23:04:33.175, 3, 235.10 W, 31, 2032 MHz, 3996 MHz, 5 %, 0 %
2026/03/23 23:04:33.175, 4, 179.12 W, 26, 120 MHz, 3996 MHz, 0 %, 0 %
2026/03/23 23:04:33.175, 5, 180.58 W, 28, 120 MHz, 3996 MHz, 0 %, 0 %
2026/03/23 23:04:33.175, 6, 178.64 W, 27, 120 MHz, 3996 MHz, 0 %, 0 %
2026/03/23 23:04:33.175, 7, 176.59 W, 28, 120 MHz, 3996 MHz, 0 %, 0 %
2026/03/23 23:04:34.175, 0, 229.62 W, 28, 2032 MHz, 3996 MHz, 5 %, 0 %
2026/03/23 23:04:34.175, 1, 234.61 W, 30, 2032 MHz, 3996 MHz, 11 %, 0 %
2026/03/23 23:04:34.175, 2, 235.15 W, 28, 2032 MHz, 3996 MHz, 11 %, 0 %
2026/03/23 23:04:34.175, 3, 235.11 W, 31, 2032 MHz, 3996 MHz, 5 %, 0 %
2026/03/23 23:04:34.175, 4, 179.05 W, 26, 120 MHz, 3996 MHz, 0 %, 0 %
2026/03/23 23:04:34.175, 5, 180.58 W, 28, 120 MHz, 3996 MHz, 0 %, 0 %
2026/03/23 23:04:34.175, 6, 178.64 W, 27, 120 MHz, 3996 MHz, 0 %, 0 %
2026/03/23 23:04:34.175, 7, 176.59 W, 28, 120 MHz, 3996 MHz, 0 %, 0 %
2026/03/23 23:04:35.175, 0, 229.42 W, 28, 2032 MHz, 3996 MHz, 10 %, 0 %
2026/03/23 23:04:35.175, 1, 234.71 W, 30, 2032 MHz, 3996 MHz, 13 %, 0 %
2026/03/23 23:04:35.175, 2, 234.93 W, 28, 2032 MHz, 3996 MHz, 4 %, 0 %
2026/03/23 23:04:35.175, 3, 235.10 W, 31, 2032 MHz, 3996 MHz, 9 %, 0 %
2026/03/23 23:04:35.175, 4, 179.18 W, 26, 120 MHz, 3996 MHz, 0 %, 0 %
2026/03/23 23:04:35.175, 5, 180.58 W, 28, 120 MHz, 3996 MHz, 0 %, 0 %
2026/03/23 23:04:35.175, 6, 178.64 W, 27, 120 MHz, 3996 MHz, 0 %, 0 %
2026/03/23 23:04:35.175, 7, 176.58 W, 28, 120 MHz, 3996 MHz, 0 %, 0 %
2026/03/23 23:04:36.175, 0, 229.40 W, 28, 2032 MHz, 3996 MHz, 13 %, 0 %
2026/03/23 23:04:36.175, 1, 234.40 W, 30, 2032 MHz, 3996 MHz, 7 %, 0 %
2026/03/23 23:04:36.175, 2, 235.20 W, 28, 2032 MHz, 3996 MHz, 6 %, 0 %
2026/03/23 23:04:36.175, 3, 235.20 W, 31, 2032 MHz, 3996 MHz, 11 %, 0 %
2026/03/23 23:04:36.175, 4, 179.16 W, 26, 120 MHz, 3996 MHz, 0 %, 0 %
2026/03/23 23:04:36.175, 5, 180.62 W, 28, 120 MHz, 3996 MHz, 0 %, 0 %
2026/03/23 23:04:36.175, 6, 178.64 W, 27, 120 MHz, 3996 MHz, 0 %, 0 %
2026/03/23 23:04:36.175, 7, 176.58 W, 28, 120 MHz, 3996 MHz, 0 %, 0 %
2026/03/23 23:04:37.175, 0, 229.35 W, 28, 2032 MHz, 3996 MHz, 7 %, 0 %
2026/03/23 23:04:37.175, 1, 234.45 W, 30, 2032 MHz, 3996 MHz, 6 %, 0 %
2026/03/23 23:04:37.175, 2, 235.26 W, 28, 2032 MHz, 3996 MHz, 10 %, 0 %
2026/03/23 23:04:37.175, 3, 235.22 W, 31, 2032 MHz, 3996 MHz, 11 %, 0 %
2026/03/23 23:04:37.175, 4, 179.05 W, 26, 120 MHz, 3996 MHz, 0 %, 0 %
2026/03/23 23:04:37.175, 5, 180.58 W, 28, 120 MHz, 3996 MHz, 0 %, 0 %
2026/03/23 23:04:37.175, 6, 178.64 W, 27, 120 MHz, 3996 MHz, 0 %, 0 %
2026/03/23 23:04:37.175, 7, 176.58 W, 28, 120 MHz, 3996 MHz, 0 %, 0 %
2026/03/23 23:04:38.175, 0, 229.55 W, 28, 2032 MHz, 3996 MHz, 6 %, 0 %
2026/03/23 23:04:38.175, 1, 234.45 W, 30, 2032 MHz, 3996 MHz, 5 %, 0 %
2026/03/23 23:04:38.175, 2, 235.24 W, 28, 2032 MHz, 3996 MHz, 11 %, 0 %
2026/03/23 23:04:38.175, 3, 235.16 W, 31, 2032 MHz, 3996 MHz, 11 %, 0 %
2026/03/23 23:04:38.175, 4, 179.35 W, 26, 120 MHz, 3996 MHz, 0 %, 0 %
2026/03/23 23:04:38.175, 5, 180.58 W, 28, 120 MHz, 3996 MHz, 0 %, 0 %
2026/03/23 23:04:38.175, 6, 178.64 W, 27, 120 MHz, 3996 MHz, 0 %, 0 %
2026/03/23 23:04:38.175, 7, 176.58 W, 28, 120 MHz, 3996 MHz, 0 %, 0 %
2026/03/23 23:04:39.175, 0, 229.55 W, 28, 2032 MHz, 3996 MHz, 12 %, 0 %
2026/03/23 23:04:39.175, 1, 234.61 W, 30, 2032 MHz, 3996 MHz, 5 %, 0 %
2026/03/23 23:04:39.175, 2, 235.27 W, 28, 2032 MHz, 3996 MHz, 12 %, 0 %
2026/03/23 23:04:39.175, 3, 235.18 W, 31, 2032 MHz, 3996 MHz, 9 %, 0 %
2026/03/23 23:04:39.176, 4, 178.98 W, 26, 120 MHz, 3996 MHz, 0 %, 0 %
2026/03/23 23:04:39.176, 5, 180.58 W, 28, 120 MHz, 3996 MHz, 0 %, 0 %
2026/03/23 23:04:39.176, 6, 178.60 W, 27, 120 MHz, 3996 MHz, 0 %, 0 %
2026/03/23 23:04:39.176, 7, 176.58 W, 28, 120 MHz, 3996 MHz, 0 %, 0 %
2026/03/23 23:04:40.176, 0, 229.50 W, 28, 2032 MHz, 3996 MHz, 13 %, 0 %
2026/03/23 23:04:40.176, 1, 234.60 W, 30, 2032 MHz, 3996 MHz, 11 %, 0 %
2026/03/23 23:04:40.176, 2, 235.18 W, 28, 2032 MHz, 3996 MHz, 11 %, 0 %
2026/03/23 23:04:40.176, 3, 235.04 W, 30, 2032 MHz, 3996 MHz, 6 %, 0 %
2026/03/23 23:04:40.176, 4, 179.14 W, 26, 120 MHz, 3996 MHz, 0 %, 0 %
2026/03/23 23:04:40.176, 5, 180.58 W, 28, 120 MHz, 3996 MHz, 0 %, 0 %
2026/03/23 23:04:40.176, 6, 178.64 W, 27, 120 MHz, 3996 MHz, 0 %, 0 %
2026/03/23 23:04:40.176, 7, 176.58 W, 28, 120 MHz, 3996 MHz, 0 %, 0 %
2026/03/23 23:04:41.176, 0, 229.47 W, 28, 2032 MHz, 3996 MHz, 13 %, 0 %
2026/03/23 23:04:41.176, 1, 234.65 W, 30, 2032 MHz, 3996 MHz, 13 %, 0 %
2026/03/23 23:04:41.176, 2, 234.93 W, 28, 2032 MHz, 3996 MHz, 7 %, 0 %
2026/03/23 23:04:41.176, 3, 235.25 W, 30, 2032 MHz, 3996 MHz, 5 %, 0 %
2026/03/23 23:04:41.176, 4, 179.08 W, 26, 120 MHz, 3996 MHz, 0 %, 0 %
2026/03/23 23:04:41.176, 5, 180.58 W, 28, 120 MHz, 3996 MHz, 0 %, 0 %
2026/03/23 23:04:41.176, 6, 178.64 W, 27, 120 MHz, 3996 MHz, 0 %, 0 %
2026/03/23 23:04:41.176, 7, 176.58 W, 28, 120 MHz, 3996 MHz, 0 %, 0 %
2026/03/23 23:04:42.176, 0, 229.31 W, 28, 2032 MHz, 3996 MHz, 6 %, 0 %
2026/03/23 23:04:42.176, 1, 234.70 W, 30, 2032 MHz, 3996 MHz, 11 %, 0 %
2026/03/23 23:04:42.176, 2, 235.07 W, 28, 2032 MHz, 3996 MHz, 5 %, 0 %
2026/03/23 23:04:42.176, 3, 235.45 W, 30, 2032 MHz, 3996 MHz, 11 %, 0 %
2026/03/23 23:04:42.176, 4, 179.21 W, 26, 120 MHz, 3996 MHz, 0 %, 0 %
2026/03/23 23:04:42.176, 5, 180.58 W, 28, 120 MHz, 3996 MHz, 0 %, 0 %
2026/03/23 23:04:42.176, 6, 178.64 W, 27, 120 MHz, 3996 MHz, 0 %, 0 %
2026/03/23 23:04:42.176, 7, 176.58 W, 28, 120 MHz, 3996 MHz, 0 %, 0 %
2026/03/23 23:04:43.176, 0, 229.32 W, 28, 2032 MHz, 3996 MHz, 5 %, 0 %
2026/03/23 23:04:43.176, 1, 234.46 W, 30, 2032 MHz, 3996 MHz, 12 %, 0 %
2026/03/23 23:04:43.176, 2, 235.30 W, 28, 2032 MHz, 3996 MHz, 5 %, 0 %
2026/03/23 23:04:43.176, 3, 235.28 W, 30, 2032 MHz, 3996 MHz, 11 %, 0 %
2026/03/23 23:04:43.176, 4, 179.20 W, 26, 120 MHz, 3996 MHz, 0 %, 0 %
2026/03/23 23:04:43.176, 5, 180.58 W, 28, 120 MHz, 3996 MHz, 0 %, 0 %
2026/03/23 23:04:43.176, 6, 178.64 W, 27, 120 MHz, 3996 MHz, 0 %, 0 %
2026/03/23 23:04:43.176, 7, 176.58 W, 28, 120 MHz, 3996 MHz, 0 %, 0 %
2026/03/23 23:04:44.176, 0, 229.62 W, 28, 2032 MHz, 3996 MHz, 4 %, 0 %
2026/03/23 23:04:44.176, 1, 234.47 W, 30, 2032 MHz, 3996 MHz, 5 %, 0 %
2026/03/23 23:04:44.176, 2, 235.31 W, 28, 2032 MHz, 3996 MHz, 11 %, 0 %
2026/03/23 23:04:44.176, 3, 235.16 W, 30, 2032 MHz, 3996 MHz, 10 %, 0 %
2026/03/23 23:04:44.176, 4, 179.21 W, 26, 120 MHz, 3996 MHz, 0 %, 0 %
2026/03/23 23:04:44.176, 5, 180.58 W, 28, 120 MHz, 3996 MHz, 0 %, 0 %
2026/03/23 23:04:44.176, 6, 178.64 W, 27, 120 MHz, 3996 MHz, 0 %, 0 %
2026/03/23 23:04:44.176, 7, 176.58 W, 28, 120 MHz, 3996 MHz, 0 %, 0 %
2026/03/23 23:04:45.177, 0, 229.51 W, 28, 2032 MHz, 3996 MHz, 7 %, 0 %
2026/03/23 23:04:45.177, 1, 234.61 W, 30, 2032 MHz, 3996 MHz, 8 %, 0 %
2026/03/23 23:04:45.177, 2, 235.31 W, 28, 2032 MHz, 3996 MHz, 11 %, 0 %
2026/03/23 23:04:45.177, 3, 235.18 W, 30, 2032 MHz, 3996 MHz, 11 %, 0 %
2026/03/23 23:04:45.177, 4, 179.06 W, 26, 120 MHz, 3996 MHz, 0 %, 0 %
2026/03/23 23:04:45.177, 5, 180.58 W, 28, 120 MHz, 3996 MHz, 0 %, 0 %
2026/03/23 23:04:45.177, 6, 178.64 W, 27, 120 MHz, 3996 MHz, 0 %, 0 %
2026/03/23 23:04:45.177, 7, 176.58 W, 28, 120 MHz, 3996 MHz, 0 %, 0 %
2026/03/23 23:04:46.177, 0, 229.46 W, 28, 2032 MHz, 3996 MHz, 10 %, 0 %
2026/03/23 23:04:46.177, 1, 234.56 W, 30, 2032 MHz, 3996 MHz, 13 %, 0 %
2026/03/23 23:04:46.177, 2, 235.26 W, 28, 2032 MHz, 3996 MHz, 12 %, 0 %
2026/03/23 23:04:46.177, 3, 235.14 W, 30, 2032 MHz, 3996 MHz, 11 %, 0 %
2026/03/23 23:04:46.177, 4, 179.32 W, 26, 120 MHz, 3996 MHz, 0 %, 0 %
2026/03/23 23:04:46.177, 5, 180.58 W, 28, 120 MHz, 3996 MHz, 0 %, 0 %
2026/03/23 23:04:46.177, 6, 178.64 W, 27, 120 MHz, 3996 MHz, 0 %, 0 %
2026/03/23 23:04:46.177, 7, 176.58 W, 28, 120 MHz, 3996 MHz, 0 %, 0 %
2026/03/23 23:04:47.177, 0, 229.47 W, 28, 2032 MHz, 3996 MHz, 13 %, 0 %
2026/03/23 23:04:47.177, 1, 234.58 W, 30, 2032 MHz, 3996 MHz, 7 %, 0 %
2026/03/23 23:04:47.177, 2, 234.97 W, 28, 2032 MHz, 3996 MHz, 11 %, 0 %
2026/03/23 23:04:47.177, 3, 235.19 W, 30, 2032 MHz, 3996 MHz, 6 %, 0 %
2026/03/23 23:04:47.177, 4, 178.85 W, 26, 120 MHz, 3996 MHz, 0 %, 0 %
2026/03/23 23:04:47.177, 5, 180.58 W, 28, 120 MHz, 3996 MHz, 0 %, 0 %
2026/03/23 23:04:47.177, 6, 178.64 W, 27, 120 MHz, 3996 MHz, 0 %, 0 %
2026/03/23 23:04:47.177, 7, 176.58 W, 28, 120 MHz, 3996 MHz, 0 %, 0 %
2026/03/23 23:04:48.177, 0, 229.59 W, 28, 2032 MHz, 3996 MHz, 11 %, 0 %
2026/03/23 23:04:48.177, 1, 234.58 W, 30, 2032 MHz, 3996 MHz, 9 %, 0 %
2026/03/23 23:04:48.177, 2, 235.07 W, 28, 2032 MHz, 3996 MHz, 4 %, 0 %
2026/03/23 23:04:48.177, 3, 235.24 W, 30, 2032 MHz, 3996 MHz, 6 %, 0 %
2026/03/23 23:04:48.177, 4, 179.21 W, 26, 120 MHz, 3996 MHz, 0 %, 0 %
2026/03/23 23:04:48.177, 5, 180.58 W, 28, 120 MHz, 3996 MHz, 0 %, 0 %
2026/03/23 23:04:48.177, 6, 178.60 W, 27, 120 MHz, 3996 MHz, 0 %, 0 %
2026/03/23 23:04:48.177, 7, 176.58 W, 28, 120 MHz, 3996 MHz, 0 %, 0 %
2026/03/23 23:04:49.177, 0, 229.50 W, 28, 2032 MHz, 3996 MHz, 11 %, 0 %
2026/03/23 23:04:49.177, 1, 234.42 W, 30, 2032 MHz, 3996 MHz, 9 %, 0 %
2026/03/23 23:04:49.177, 2, 235.07 W, 28, 2032 MHz, 3996 MHz, 7 %, 0 %
2026/03/23 23:04:49.177, 3, 235.12 W, 30, 2032 MHz, 3996 MHz, 7 %, 0 %
2026/03/23 23:04:49.177, 4, 179.09 W, 26, 120 MHz, 3996 MHz, 0 %, 0 %
2026/03/23 23:04:49.177, 5, 180.58 W, 28, 120 MHz, 3996 MHz, 0 %, 0 %
2026/03/23 23:04:49.177, 6, 178.60 W, 27, 120 MHz, 3996 MHz, 0 %, 0 %
2026/03/23 23:04:49.177, 7, 176.58 W, 28, 120 MHz, 3996 MHz, 0 %, 0 %
2026/03/23 23:04:50.177, 0, 229.55 W, 28, 2032 MHz, 3996 MHz, 5 %, 0 %
2026/03/23 23:04:50.177, 1, 234.46 W, 30, 2032 MHz, 3996 MHz, 5 %, 0 %
2026/03/23 23:04:50.177, 2, 235.16 W, 28, 2032 MHz, 3996 MHz, 8 %, 0 %
2026/03/23 23:04:50.177, 3, 235.26 W, 30, 2032 MHz, 3996 MHz, 10 %, 0 %
2026/03/23 23:04:50.177, 4, 179.03 W, 26, 120 MHz, 3996 MHz, 0 %, 0 %
2026/03/23 23:04:50.177, 5, 180.58 W, 28, 120 MHz, 3996 MHz, 0 %, 0 %
2026/03/23 23:04:50.177, 6, 178.64 W, 27, 120 MHz, 3996 MHz, 0 %, 0 %
2026/03/23 23:04:50.177, 7, 176.58 W, 28, 120 MHz, 3996 MHz, 0 %, 0 %
2026/03/23 23:04:51.177, 0, 229.65 W, 28, 2032 MHz, 3996 MHz, 4 %, 0 %
2026/03/23 23:04:51.177, 1, 234.55 W, 30, 2032 MHz, 3996 MHz, 12 %, 0 %
2026/03/23 23:04:51.177, 2, 235.26 W, 28, 2032 MHz, 3996 MHz, 5 %, 0 %
2026/03/23 23:04:51.177, 3, 235.26 W, 30, 2032 MHz, 3996 MHz, 11 %, 0 %
2026/03/23 23:04:51.177, 4, 179.08 W, 26, 120 MHz, 3996 MHz, 0 %, 0 %
2026/03/23 23:04:51.177, 5, 180.58 W, 28, 120 MHz, 3996 MHz, 0 %, 0 %
2026/03/23 23:04:51.177, 6, 178.64 W, 27, 120 MHz, 3996 MHz, 0 %, 0 %
2026/03/23 23:04:51.177, 7, 176.58 W, 28, 120 MHz, 3996 MHz, 0 %, 0 %
2026/03/23 23:04:52.178, 0, 229.31 W, 28, 2032 MHz, 3996 MHz, 3 %, 0 %
2026/03/23 23:04:52.178, 1, 234.60 W, 30, 2032 MHz, 3996 MHz, 13 %, 0 %
2026/03/23 23:04:52.178, 2, 235.31 W, 28, 2032 MHz, 3996 MHz, 9 %, 0 %
2026/03/23 23:04:52.178, 3, 235.15 W, 30, 2032 MHz, 3996 MHz, 11 %, 0 %
2026/03/23 23:04:52.178, 4, 178.94 W, 26, 120 MHz, 3996 MHz, 0 %, 0 %
2026/03/23 23:04:52.178, 5, 180.58 W, 28, 120 MHz, 3996 MHz, 0 %, 0 %
2026/03/23 23:04:52.178, 6, 178.64 W, 27, 120 MHz, 3996 MHz, 0 %, 0 %
2026/03/23 23:04:52.178, 7, 176.58 W, 28, 120 MHz, 3996 MHz, 0 %, 0 %
2026/03/23 23:04:53.178, 0, 228.15 W, 28, 2032 MHz, 3996 MHz, 0 %, 0 %
2026/03/23 23:04:53.178, 1, 234.38 W, 30, 2032 MHz, 3996 MHz, 13 %, 0 %
2026/03/23 23:04:53.178, 2, 234.41 W, 28, 2032 MHz, 3996 MHz, 0 %, 0 %
2026/03/23 23:04:53.178, 3, 235.14 W, 30, 2032 MHz, 3996 MHz, 11 %, 0 %
2026/03/23 23:04:53.178, 4, 179.14 W, 26, 120 MHz, 3996 MHz, 0 %, 0 %
2026/03/23 23:04:53.178, 5, 180.58 W, 28, 120 MHz, 3996 MHz, 0 %, 0 %
2026/03/23 23:04:53.178, 6, 178.64 W, 27, 120 MHz, 3996 MHz, 0 %, 0 %
2026/03/23 23:04:53.178, 7, 176.58 W, 28, 120 MHz, 3996 MHz, 0 %, 0 %
2026/03/23 23:04:54.178, 0, 228.15 W, 28, 2032 MHz, 3996 MHz, 0 %, 0 %
2026/03/23 23:04:54.178, 1, 233.55 W, 30, 2032 MHz, 3996 MHz, 0 %, 0 %
2026/03/23 23:04:54.178, 2, 234.02 W, 28, 2032 MHz, 3996 MHz, 0 %, 0 %
2026/03/23 23:04:54.178, 3, 234.67 W, 30, 2032 MHz, 3996 MHz, 0 %, 0 %
2026/03/23 23:04:54.178, 4, 179.08 W, 26, 120 MHz, 3996 MHz, 0 %, 0 %
2026/03/23 23:04:54.178, 5, 180.58 W, 28, 120 MHz, 3996 MHz, 0 %, 0 %
2026/03/23 23:04:54.178, 6, 178.64 W, 27, 120 MHz, 3996 MHz, 0 %, 0 %
2026/03/23 23:04:54.178, 7, 176.58 W, 28, 120 MHz, 3996 MHz, 0 %, 0 %
2026/03/23 23:04:55.178, 0, 228.18 W, 28, 2032 MHz, 3996 MHz, 0 %, 0 %
2026/03/23 23:04:55.178, 1, 233.30 W, 30, 2032 MHz, 3996 MHz, 0 %, 0 %
2026/03/23 23:04:55.178, 2, 234.02 W, 28, 2032 MHz, 3996 MHz, 0 %, 0 %
2026/03/23 23:04:55.178, 3, 234.12 W, 30, 2032 MHz, 3996 MHz, 0 %, 0 %
2026/03/23 23:04:55.178, 4, 179.02 W, 26, 120 MHz, 3996 MHz, 0 %, 0 %
2026/03/23 23:04:55.178, 5, 180.58 W, 28, 120 MHz, 3996 MHz, 0 %, 0 %
2026/03/23 23:04:55.178, 6, 178.60 W, 27, 120 MHz, 3996 MHz, 0 %, 0 %
2026/03/23 23:04:55.178, 7, 176.58 W, 28, 120 MHz, 3996 MHz, 0 %, 0 %
2026/03/23 23:04:56.178, 0, 228.26 W, 28, 2032 MHz, 3996 MHz, 0 %, 0 %
2026/03/23 23:04:56.178, 1, 233.30 W, 30, 2032 MHz, 3996 MHz, 0 %, 0 %
2026/03/23 23:04:56.178, 2, 234.02 W, 28, 2032 MHz, 3996 MHz, 0 %, 0 %
2026/03/23 23:04:56.178, 3, 234.29 W, 30, 2032 MHz, 3996 MHz, 0 %, 0 %
2026/03/23 23:04:56.178, 4, 179.18 W, 26, 120 MHz, 3996 MHz, 0 %, 0 %
2026/03/23 23:04:56.178, 5, 180.58 W, 28, 120 MHz, 3996 MHz, 0 %, 0 %
2026/03/23 23:04:56.178, 6, 178.64 W, 27, 120 MHz, 3996 MHz, 0 %, 0 %
2026/03/23 23:04:56.178, 7, 176.58 W, 28, 120 MHz, 3996 MHz, 0 %, 0 %
2026/03/23 23:04:57.178, 0, 274.89 W, 29, 2032 MHz, 3996 MHz, 13 %, 2 %
2026/03/23 23:04:57.178, 1, 252.79 W, 31, 2032 MHz, 3996 MHz, 15 %, 3 %
2026/03/23 23:04:57.178, 2, 268.48 W, 28, 2032 MHz, 3996 MHz, 20 %, 4 %
2026/03/23 23:04:57.178, 3, 261.37 W, 31, 2032 MHz, 3996 MHz, 18 %, 3 %
2026/03/23 23:04:57.178, 4, 179.10 W, 26, 120 MHz, 3996 MHz, 0 %, 0 %
2026/03/23 23:04:57.178, 5, 180.58 W, 28, 120 MHz, 3996 MHz, 0 %, 0 %
2026/03/23 23:04:57.178, 6, 178.64 W, 27, 120 MHz, 3996 MHz, 0 %, 0 %
2026/03/23 23:04:57.178, 7, 176.58 W, 28, 120 MHz, 3996 MHz, 0 %, 0 %
2026/03/23 23:04:58.178, 0, 283.27 W, 29, 2032 MHz, 3996 MHz, 18 %, 3 %
2026/03/23 23:04:58.178, 1, 283.53 W, 31, 2032 MHz, 3996 MHz, 12 %, 2 %
2026/03/23 23:04:58.178, 2, 287.93 W, 28, 2032 MHz, 3996 MHz, 20 %, 4 %
2026/03/23 23:04:58.178, 3, 284.93 W, 32, 2032 MHz, 3996 MHz, 20 %, 4 %
2026/03/23 23:04:58.178, 4, 178.89 W, 26, 120 MHz, 3996 MHz, 0 %, 0 %
2026/03/23 23:04:58.178, 5, 180.58 W, 28, 120 MHz, 3996 MHz, 0 %, 0 %
2026/03/23 23:04:58.179, 6, 178.64 W, 27, 120 MHz, 3996 MHz, 0 %, 0 %
2026/03/23 23:04:58.179, 7, 176.58 W, 28, 120 MHz, 3996 MHz, 0 %, 0 %
2026/03/23 23:04:59.179, 0, 283.89 W, 29, 2032 MHz, 3996 MHz, 18 %, 3 %
2026/03/23 23:04:59.179, 1, 279.33 W, 31, 2032 MHz, 3996 MHz, 21 %, 4 %
2026/03/23 23:04:59.179, 2, 287.88 W, 28, 2032 MHz, 3996 MHz, 20 %, 4 %
2026/03/23 23:04:59.179, 3, 286.52 W, 32, 2032 MHz, 3996 MHz, 21 %, 4 %
2026/03/23 23:04:59.179, 4, 179.34 W, 26, 120 MHz, 3996 MHz, 0 %, 0 %
2026/03/23 23:04:59.179, 5, 180.62 W, 28, 120 MHz, 3996 MHz, 0 %, 0 %
2026/03/23 23:04:59.179, 6, 178.64 W, 27, 120 MHz, 3996 MHz, 0 %, 0 %
2026/03/23 23:04:59.179, 7, 176.58 W, 28, 120 MHz, 3996 MHz, 0 %, 0 %
2026/03/23 23:05:00.179, 0, 263.77 W, 28, 2032 MHz, 3996 MHz, 0 %, 0 %
2026/03/23 23:05:00.179, 1, 278.18 W, 31, 2032 MHz, 3996 MHz, 21 %, 4 %
2026/03/23 23:05:00.179, 2, 284.40 W, 28, 2032 MHz, 3996 MHz, 21 %, 4 %
2026/03/23 23:05:00.179, 3, 288.62 W, 32, 2032 MHz, 3996 MHz, 21 %, 4 %
2026/03/23 23:05:00.179, 4, 179.02 W, 26, 120 MHz, 3996 MHz, 0 %, 0 %
2026/03/23 23:05:00.179, 5, 180.58 W, 28, 120 MHz, 3996 MHz, 0 %, 0 %
2026/03/23 23:05:00.179, 6, 178.60 W, 27, 120 MHz, 3996 MHz, 0 %, 0 %
2026/03/23 23:05:00.179, 7, 176.58 W, 28, 120 MHz, 3996 MHz, 0 %, 0 %
2026/03/23 23:05:01.179, 0, 229.85 W, 28, 2032 MHz, 3996 MHz, 0 %, 0 %
2026/03/23 23:05:01.179, 1, 248.60 W, 30, 2032 MHz, 3996 MHz, 0 %, 0 %
2026/03/23 23:05:01.179, 2, 234.65 W, 28, 2032 MHz, 3996 MHz, 0 %, 0 %
2026/03/23 23:05:01.179, 3, 237.16 W, 31, 2032 MHz, 3996 MHz, 0 %, 0 %
2026/03/23 23:05:01.179, 4, 179.08 W, 26, 120 MHz, 3996 MHz, 0 %, 0 %
2026/03/23 23:05:01.179, 5, 180.58 W, 28, 120 MHz, 3996 MHz, 0 %, 0 %
2026/03/23 23:05:01.179, 6, 178.64 W, 27, 120 MHz, 3996 MHz, 0 %, 0 %
2026/03/23 23:05:01.179, 7, 176.58 W, 28, 120 MHz, 3996 MHz, 0 %, 0 %
2026/03/23 23:05:02.179, 0, 229.62 W, 28, 2032 MHz, 3996 MHz, 0 %, 0 %
2026/03/23 23:05:02.179, 1, 234.52 W, 30, 2032 MHz, 3996 MHz, 0 %, 0 %
2026/03/23 23:05:02.179, 2, 234.29 W, 28, 2032 MHz, 3996 MHz, 0 %, 0 %
2026/03/23 23:05:02.179, 3, 235.22 W, 31, 2032 MHz, 3996 MHz, 0 %, 0 %
2026/03/23 23:05:02.179, 4, 179.24 W, 26, 120 MHz, 3996 MHz, 0 %, 0 %
2026/03/23 23:05:02.179, 5, 180.58 W, 28, 120 MHz, 3996 MHz, 0 %, 0 %
2026/03/23 23:05:02.179, 6, 178.60 W, 27, 120 MHz, 3996 MHz, 0 %, 0 %
2026/03/23 23:05:02.179, 7, 176.59 W, 28, 120 MHz, 3996 MHz, 0 %, 0 %
2026/03/23 23:05:03.179, 0, 228.60 W, 28, 2032 MHz, 3996 MHz, 0 %, 0 %
2026/03/23 23:05:03.179, 1, 233.39 W, 30, 2032 MHz, 3996 MHz, 0 %, 0 %
2026/03/23 23:05:03.179, 2, 234.02 W, 28, 2032 MHz, 3996 MHz, 0 %, 0 %
2026/03/23 23:05:03.179, 3, 234.99 W, 31, 2032 MHz, 3996 MHz, 0 %, 0 %
2026/03/23 23:05:03.179, 4, 179.25 W, 26, 120 MHz, 3996 MHz, 0 %, 0 %
2026/03/23 23:05:03.179, 5, 180.58 W, 28, 120 MHz, 3996 MHz, 0 %, 0 %
2026/03/23 23:05:03.179, 6, 178.60 W, 27, 120 MHz, 3996 MHz, 0 %, 0 %
2026/03/23 23:05:03.179, 7, 176.58 W, 28, 120 MHz, 3996 MHz, 0 %, 0 %
2026/03/23 23:05:04.179, 0, 228.42 W, 28, 2032 MHz, 3996 MHz, 0 %, 0 %
2026/03/23 23:05:04.179, 1, 233.34 W, 30, 2032 MHz, 3996 MHz, 0 %, 0 %
2026/03/23 23:05:04.179, 2, 234.06 W, 28, 2032 MHz, 3996 MHz, 0 %, 0 %
2026/03/23 23:05:04.179, 3, 234.66 W, 30, 2032 MHz, 3996 MHz, 0 %, 0 %
2026/03/23 23:05:04.179, 4, 179.06 W, 26, 120 MHz, 3996 MHz, 0 %, 0 %
2026/03/23 23:05:04.179, 5, 180.58 W, 28, 120 MHz, 3996 MHz, 0 %, 0 %
2026/03/23 23:05:04.179, 6, 178.64 W, 27, 120 MHz, 3996 MHz, 0 %, 0 %
2026/03/23 23:05:04.179, 7, 176.58 W, 28, 120 MHz, 3996 MHz, 0 %, 0 %
2026/03/23 23:05:05.180, 0, 228.18 W, 28, 2032 MHz, 3996 MHz, 0 %, 0 %
2026/03/23 23:05:05.180, 1, 233.26 W, 30, 2032 MHz, 3996 MHz, 0 %, 0 %
2026/03/23 23:05:05.180, 2, 234.02 W, 28, 2032 MHz, 3996 MHz, 0 %, 0 %
2026/03/23 23:05:05.180, 3, 234.72 W, 30, 2032 MHz, 3996 MHz, 0 %, 0 %
2026/03/23 23:05:05.180, 4, 179.10 W, 26, 120 MHz, 3996 MHz, 0 %, 0 %
2026/03/23 23:05:05.180, 5, 180.58 W, 28, 120 MHz, 3996 MHz, 0 %, 0 %
2026/03/23 23:05:05.180, 6, 178.64 W, 27, 120 MHz, 3996 MHz, 0 %, 0 %
2026/03/23 23:05:05.180, 7, 176.58 W, 28, 120 MHz, 3996 MHz, 0 %, 0 %
2026/03/23 23:05:06.180, 0, 241.82 W, 28, 2032 MHz, 3996 MHz, 50 %, 7 %
2026/03/23 23:05:06.180, 1, 246.83 W, 30, 2032 MHz, 3996 MHz, 63 %, 8 %
2026/03/23 23:05:06.180, 2, 247.17 W, 28, 2032 MHz, 3996 MHz, 49 %, 7 %
2026/03/23 23:05:06.180, 3, 248.48 W, 31, 2032 MHz, 3996 MHz, 0 %, 0 %
2026/03/23 23:05:06.180, 4, 179.02 W, 26, 120 MHz, 3996 MHz, 0 %, 0 %
2026/03/23 23:05:06.180, 5, 180.58 W, 28, 120 MHz, 3996 MHz, 0 %, 0 %
2026/03/23 23:05:06.180, 6, 178.60 W, 27, 120 MHz, 3996 MHz, 0 %, 0 %
2026/03/23 23:05:06.180, 7, 176.58 W, 28, 120 MHz, 3996 MHz, 0 %, 0 %
2026/03/23 23:05:07.180, 0, 229.65 W, 28, 2032 MHz, 3996 MHz, 0 %, 0 %
2026/03/23 23:05:07.180, 1, 234.02 W, 30, 2032 MHz, 3996 MHz, 0 %, 0 %
2026/03/23 23:05:07.180, 2, 234.02 W, 28, 2032 MHz, 3996 MHz, 0 %, 0 %
2026/03/23 23:05:07.180, 3, 235.20 W, 30, 2032 MHz, 3996 MHz, 0 %, 0 %
2026/03/23 23:05:07.180, 4, 179.21 W, 26, 120 MHz, 3996 MHz, 0 %, 0 %
2026/03/23 23:05:07.180, 5, 180.58 W, 28, 120 MHz, 3996 MHz, 0 %, 0 %
2026/03/23 23:05:07.180, 6, 178.60 W, 27, 120 MHz, 3996 MHz, 0 %, 0 %
2026/03/23 23:05:07.180, 7, 176.58 W, 28, 120 MHz, 3996 MHz, 0 %, 0 %
2026/03/23 23:05:08.180, 0, 229.43 W, 28, 2032 MHz, 3996 MHz, 0 %, 0 %
2026/03/23 23:05:08.180, 1, 233.44 W, 30, 2032 MHz, 3996 MHz, 0 %, 0 %
2026/03/23 23:05:08.180, 2, 234.02 W, 28, 2032 MHz, 3996 MHz, 0 %, 0 %
2026/03/23 23:05:08.180, 3, 235.18 W, 30, 2032 MHz, 3996 MHz, 0 %, 0 %
2026/03/23 23:05:08.180, 4, 179.17 W, 26, 120 MHz, 3996 MHz, 0 %, 0 %
2026/03/23 23:05:08.180, 5, 180.58 W, 28, 120 MHz, 3996 MHz, 0 %, 0 %
2026/03/23 23:05:08.180, 6, 178.64 W, 27, 120 MHz, 3996 MHz, 0 %, 0 %
2026/03/23 23:05:08.180, 7, 176.58 W, 28, 120 MHz, 3996 MHz, 0 %, 0 %
2026/03/23 23:05:09.180, 0, 229.19 W, 28, 2032 MHz, 3996 MHz, 0 %, 0 %
2026/03/23 23:05:09.180, 1, 233.27 W, 30, 2032 MHz, 3996 MHz, 0 %, 0 %
2026/03/23 23:05:09.180, 2, 234.02 W, 28, 2032 MHz, 3996 MHz, 0 %, 0 %
2026/03/23 23:05:09.180, 3, 235.14 W, 30, 2032 MHz, 3996 MHz, 0 %, 0 %
2026/03/23 23:05:09.180, 4, 179.13 W, 26, 120 MHz, 3996 MHz, 0 %, 0 %
2026/03/23 23:05:09.180, 5, 180.58 W, 28, 120 MHz, 3996 MHz, 0 %, 0 %
2026/03/23 23:05:09.180, 6, 178.57 W, 27, 120 MHz, 3996 MHz, 0 %, 0 %
2026/03/23 23:05:09.180, 7, 176.58 W, 28, 120 MHz, 3996 MHz, 0 %, 0 %
2026/03/23 23:05:10.180, 0, 229.05 W, 28, 2032 MHz, 3996 MHz, 0 %, 0 %
2026/03/23 23:05:10.180, 1, 233.53 W, 30, 2032 MHz, 3996 MHz, 0 %, 0 %
2026/03/23 23:05:10.180, 2, 234.14 W, 28, 2032 MHz, 3996 MHz, 0 %, 0 %
2026/03/23 23:05:10.180, 3, 235.14 W, 30, 2032 MHz, 3996 MHz, 0 %, 0 %
2026/03/23 23:05:10.180, 4, 179.32 W, 26, 120 MHz, 3996 MHz, 0 %, 0 %
2026/03/23 23:05:10.180, 5, 180.58 W, 28, 120 MHz, 3996 MHz, 0 %, 0 %
2026/03/23 23:05:10.180, 6, 178.64 W, 27, 120 MHz, 3996 MHz, 0 %, 0 %
2026/03/23 23:05:10.180, 7, 176.58 W, 28, 120 MHz, 3996 MHz, 0 %, 0 %
2026/03/23 23:05:11.180, 0, 229.38 W, 28, 2032 MHz, 3996 MHz, 0 %, 0 %
2026/03/23 23:05:11.180, 1, 233.48 W, 30, 2032 MHz, 3996 MHz, 0 %, 0 %
2026/03/23 23:05:11.180, 2, 234.10 W, 28, 2032 MHz, 3996 MHz, 0 %, 0 %
2026/03/23 23:05:11.180, 3, 235.18 W, 30, 2032 MHz, 3996 MHz, 0 %, 0 %
2026/03/23 23:05:11.180, 4, 179.02 W, 26, 120 MHz, 3996 MHz, 0 %, 0 %
2026/03/23 23:05:11.180, 5, 180.58 W, 28, 120 MHz, 3996 MHz, 0 %, 0 %
2026/03/23 23:05:11.180, 6, 178.60 W, 27, 120 MHz, 3996 MHz, 0 %, 0 %
2026/03/23 23:05:11.181, 7, 176.58 W, 28, 120 MHz, 3996 MHz, 0 %, 0 %
2026/03/23 23:05:12.181, 0, 229.06 W, 28, 2032 MHz, 3996 MHz, 0 %, 0 %
2026/03/23 23:05:12.181, 1, 233.54 W, 30, 2032 MHz, 3996 MHz, 0 %, 0 %
2026/03/23 23:05:12.181, 2, 234.02 W, 28, 2032 MHz, 3996 MHz, 0 %, 0 %
2026/03/23 23:05:12.181, 3, 235.19 W, 30, 2032 MHz, 3996 MHz, 0 %, 0 %
2026/03/23 23:05:12.181, 4, 179.09 W, 26, 120 MHz, 3996 MHz, 0 %, 0 %
2026/03/23 23:05:12.181, 5, 180.58 W, 28, 120 MHz, 3996 MHz, 0 %, 0 %
2026/03/23 23:05:12.181, 6, 178.64 W, 27, 120 MHz, 3996 MHz, 0 %, 0 %
2026/03/23 23:05:12.181, 7, 176.58 W, 28, 120 MHz, 3996 MHz, 0 %, 0 %
2026/03/23 23:05:13.181, 0, 229.17 W, 28, 2032 MHz, 3996 MHz, 0 %, 0 %
2026/03/23 23:05:13.181, 1, 233.32 W, 30, 2032 MHz, 3996 MHz, 0 %, 0 %
2026/03/23 23:05:13.181, 2, 234.02 W, 28, 2032 MHz, 3996 MHz, 0 %, 0 %
2026/03/23 23:05:13.181, 3, 235.16 W, 30, 2032 MHz, 3996 MHz, 0 %, 0 %
2026/03/23 23:05:13.181, 4, 178.94 W, 26, 120 MHz, 3996 MHz, 0 %, 0 %
2026/03/23 23:05:13.181, 5, 180.58 W, 28, 120 MHz, 3996 MHz, 0 %, 0 %
2026/03/23 23:05:13.181, 6, 178.64 W, 27, 120 MHz, 3996 MHz, 0 %, 0 %
2026/03/23 23:05:13.181, 7, 176.58 W, 28, 120 MHz, 3996 MHz, 0 %, 0 %
2026/03/23 23:05:14.181, 0, 229.11 W, 28, 2032 MHz, 3996 MHz, 0 %, 0 %
2026/03/23 23:05:14.181, 1, 233.28 W, 30, 2032 MHz, 3996 MHz, 0 %, 0 %
2026/03/23 23:05:14.181, 2, 234.02 W, 28, 2032 MHz, 3996 MHz, 0 %, 0 %
2026/03/23 23:05:14.181, 3, 235.17 W, 30, 2032 MHz, 3996 MHz, 0 %, 0 %
2026/03/23 23:05:14.181, 4, 179.10 W, 26, 120 MHz, 3996 MHz, 0 %, 0 %
2026/03/23 23:05:14.181, 5, 180.58 W, 28, 120 MHz, 3996 MHz, 0 %, 0 %
2026/03/23 23:05:14.181, 6, 178.60 W, 27, 120 MHz, 3996 MHz, 0 %, 0 %
2026/03/23 23:05:14.181, 7, 176.58 W, 28, 120 MHz, 3996 MHz, 0 %, 0 %
2026/03/23 23:05:15.181, 0, 228.83 W, 28, 2032 MHz, 3996 MHz, 0 %, 0 %
2026/03/23 23:05:15.181, 1, 233.30 W, 30, 2032 MHz, 3996 MHz, 0 %, 0 %
2026/03/23 23:05:15.181, 2, 234.02 W, 28, 2032 MHz, 3996 MHz, 0 %, 0 %
2026/03/23 23:05:15.181, 3, 235.12 W, 30, 2032 MHz, 3996 MHz, 0 %, 0 %
2026/03/23 23:05:15.181, 4, 179.27 W, 26, 120 MHz, 3996 MHz, 0 %, 0 %
2026/03/23 23:05:15.181, 5, 180.58 W, 28, 120 MHz, 3996 MHz, 0 %, 0 %
2026/03/23 23:05:15.181, 6, 178.64 W, 27, 120 MHz, 3996 MHz, 0 %, 0 %
2026/03/23 23:05:15.181, 7, 176.58 W, 28, 120 MHz, 3996 MHz, 0 %, 0 %
2026/03/23 23:05:16.181, 0, 228.92 W, 28, 2032 MHz, 3996 MHz, 0 %, 0 %
2026/03/23 23:05:16.181, 1, 233.32 W, 30, 2032 MHz, 3996 MHz, 0 %, 0 %
2026/03/23 23:05:16.181, 2, 234.02 W, 28, 2032 MHz, 3996 MHz, 0 %, 0 %
2026/03/23 23:05:16.181, 3, 235.11 W, 30, 2032 MHz, 3996 MHz, 0 %, 0 %
2026/03/23 23:05:16.181, 4, 179.01 W, 26, 120 MHz, 3996 MHz, 0 %, 0 %
2026/03/23 23:05:16.181, 5, 180.58 W, 28, 120 MHz, 3996 MHz, 0 %, 0 %
2026/03/23 23:05:16.181, 6, 178.64 W, 27, 120 MHz, 3996 MHz, 0 %, 0 %
2026/03/23 23:05:16.181, 7, 176.58 W, 28, 120 MHz, 3996 MHz, 0 %, 0 %
2026/03/23 23:05:17.181, 0, 229.35 W, 28, 2032 MHz, 3996 MHz, 0 %, 0 %
2026/03/23 23:05:17.181, 1, 233.31 W, 30, 2032 MHz, 3996 MHz, 0 %, 0 %
2026/03/23 23:05:17.181, 2, 234.02 W, 28, 2032 MHz, 3996 MHz, 0 %, 0 %
2026/03/23 23:05:17.181, 3, 235.17 W, 30, 2032 MHz, 3996 MHz, 0 %, 0 %
2026/03/23 23:05:17.181, 4, 179.05 W, 26, 120 MHz, 3996 MHz, 0 %, 0 %
2026/03/23 23:05:17.181, 5, 180.62 W, 28, 120 MHz, 3996 MHz, 0 %, 0 %
2026/03/23 23:05:17.181, 6, 178.64 W, 27, 120 MHz, 3996 MHz, 0 %, 0 %
2026/03/23 23:05:17.181, 7, 176.58 W, 28, 120 MHz, 3996 MHz, 0 %, 0 %
2026/03/23 23:05:18.182, 0, 228.79 W, 28, 2032 MHz, 3996 MHz, 0 %, 0 %
2026/03/23 23:05:18.182, 1, 233.28 W, 30, 2032 MHz, 3996 MHz, 0 %, 0 %
2026/03/23 23:05:18.182, 2, 234.02 W, 28, 2032 MHz, 3996 MHz, 0 %, 0 %
2026/03/23 23:05:18.182, 3, 235.08 W, 30, 2032 MHz, 3996 MHz, 0 %, 0 %
2026/03/23 23:05:18.182, 4, 179.05 W, 26, 120 MHz, 3996 MHz, 0 %, 0 %
2026/03/23 23:05:18.182, 5, 180.58 W, 28, 120 MHz, 3996 MHz, 0 %, 0 %
2026/03/23 23:05:18.182, 6, 178.64 W, 27, 120 MHz, 3996 MHz, 0 %, 0 %
2026/03/23 23:05:18.182, 7, 176.58 W, 28, 120 MHz, 3996 MHz, 0 %, 0 %
2026/03/23 23:05:19.182, 0, 228.80 W, 28, 2032 MHz, 3996 MHz, 0 %, 0 %
2026/03/23 23:05:19.182, 1, 233.28 W, 30, 2032 MHz, 3996 MHz, 0 %, 0 %
2026/03/23 23:05:19.182, 2, 234.02 W, 28, 2032 MHz, 3996 MHz, 0 %, 0 %
2026/03/23 23:05:19.182, 3, 235.14 W, 30, 2032 MHz, 3996 MHz, 0 %, 0 %
2026/03/23 23:05:19.182, 4, 179.21 W, 26, 120 MHz, 3996 MHz, 0 %, 0 %
2026/03/23 23:05:19.182, 5, 180.58 W, 28, 120 MHz, 3996 MHz, 0 %, 0 %
2026/03/23 23:05:19.182, 6, 178.64 W, 27, 120 MHz, 3996 MHz, 0 %, 0 %
2026/03/23 23:05:19.182, 7, 176.58 W, 28, 120 MHz, 3996 MHz, 0 %, 0 %
2026/03/23 23:05:20.182, 0, 228.98 W, 28, 2032 MHz, 3996 MHz, 0 %, 0 %
2026/03/23 23:05:20.182, 1, 233.35 W, 30, 2032 MHz, 3996 MHz, 0 %, 0 %
2026/03/23 23:05:20.182, 2, 234.06 W, 28, 2032 MHz, 3996 MHz, 0 %, 0 %
2026/03/23 23:05:20.182, 3, 235.16 W, 30, 2032 MHz, 3996 MHz, 0 %, 0 %
2026/03/23 23:05:20.182, 4, 179.18 W, 26, 120 MHz, 3996 MHz, 0 %, 0 %
2026/03/23 23:05:20.182, 5, 180.58 W, 28, 120 MHz, 3996 MHz, 0 %, 0 %
2026/03/23 23:05:20.182, 6, 178.64 W, 27, 120 MHz, 3996 MHz, 0 %, 0 %
2026/03/23 23:05:20.182, 7, 176.58 W, 28, 120 MHz, 3996 MHz, 0 %, 0 %
2026/03/23 23:05:21.182, 0, 228.76 W, 28, 2032 MHz, 3996 MHz, 0 %, 0 %
2026/03/23 23:05:21.182, 1, 233.27 W, 30, 2032 MHz, 3996 MHz, 0 %, 0 %
2026/03/23 23:05:21.182, 2, 234.02 W, 28, 2032 MHz, 3996 MHz, 0 %, 0 %
2026/03/23 23:05:21.182, 3, 235.10 W, 30, 2032 MHz, 3996 MHz, 0 %, 0 %
2026/03/23 23:05:21.182, 4, 179.05 W, 26, 120 MHz, 3996 MHz, 0 %, 0 %
2026/03/23 23:05:21.182, 5, 180.58 W, 28, 120 MHz, 3996 MHz, 0 %, 0 %
2026/03/23 23:05:21.182, 6, 178.64 W, 27, 120 MHz, 3996 MHz, 0 %, 0 %
2026/03/23 23:05:21.182, 7, 176.58 W, 28, 120 MHz, 3996 MHz, 0 %, 0 %
2026/03/23 23:05:22.182, 0, 228.41 W, 28, 2032 MHz, 3996 MHz, 0 %, 0 %
2026/03/23 23:05:22.182, 1, 233.24 W, 30, 2032 MHz, 3996 MHz, 0 %, 0 %
2026/03/23 23:05:22.182, 2, 234.02 W, 28, 2032 MHz, 3996 MHz, 0 %, 0 %
2026/03/23 23:05:22.182, 3, 235.11 W, 30, 2032 MHz, 3996 MHz, 0 %, 0 %
2026/03/23 23:05:22.182, 4, 179.05 W, 26, 120 MHz, 3996 MHz, 0 %, 0 %
2026/03/23 23:05:22.182, 5, 180.58 W, 28, 120 MHz, 3996 MHz, 0 %, 0 %
2026/03/23 23:05:22.182, 6, 178.64 W, 27, 120 MHz, 3996 MHz, 0 %, 0 %
2026/03/23 23:05:22.182, 7, 176.58 W, 28, 120 MHz, 3996 MHz, 0 %, 0 %
2026/03/23 23:05:23.182, 0, 228.18 W, 28, 2032 MHz, 3996 MHz, 0 %, 0 %
2026/03/23 23:05:23.182, 1, 233.28 W, 30, 2032 MHz, 3996 MHz, 0 %, 0 %
2026/03/23 23:05:23.182, 2, 234.02 W, 28, 2032 MHz, 3996 MHz, 0 %, 0 %
2026/03/23 23:05:23.182, 3, 234.85 W, 30, 2032 MHz, 3996 MHz, 0 %, 0 %
2026/03/23 23:05:23.182, 4, 179.32 W, 26, 120 MHz, 3996 MHz, 0 %, 0 %
2026/03/23 23:05:23.182, 5, 180.58 W, 28, 120 MHz, 3996 MHz, 0 %, 0 %
2026/03/23 23:05:23.182, 6, 178.64 W, 27, 120 MHz, 3996 MHz, 0 %, 0 %
2026/03/23 23:05:23.182, 7, 176.58 W, 28, 120 MHz, 3996 MHz, 0 %, 0 %
2026/03/23 23:05:24.183, 0, 228.30 W, 28, 2032 MHz, 3996 MHz, 0 %, 0 %
2026/03/23 23:05:24.183, 1, 233.23 W, 30, 2032 MHz, 3996 MHz, 0 %, 0 %
2026/03/23 23:05:24.183, 2, 234.02 W, 28, 2032 MHz, 3996 MHz, 0 %, 0 %
2026/03/23 23:05:24.183, 3, 235.00 W, 30, 2032 MHz, 3996 MHz, 0 %, 0 %
2026/03/23 23:05:24.183, 4, 179.16 W, 26, 120 MHz, 3996 MHz, 0 %, 0 %
2026/03/23 23:05:24.183, 5, 180.58 W, 28, 120 MHz, 3996 MHz, 0 %, 0 %
2026/03/23 23:05:24.183, 6, 178.60 W, 27, 120 MHz, 3996 MHz, 0 %, 0 %
2026/03/23 23:05:24.183, 7, 176.58 W, 28, 120 MHz, 3996 MHz, 0 %, 0 %
2026/03/23 23:05:25.183, 0, 228.98 W, 28, 2032 MHz, 3996 MHz, 0 %, 0 %
2026/03/23 23:05:25.183, 1, 233.89 W, 30, 2032 MHz, 3996 MHz, 0 %, 0 %
2026/03/23 23:05:25.183, 2, 234.73 W, 28, 2032 MHz, 3996 MHz, 0 %, 0 %
2026/03/23 23:05:25.183, 3, 235.25 W, 30, 2032 MHz, 3996 MHz, 0 %, 0 %
2026/03/23 23:05:25.183, 4, 179.26 W, 26, 120 MHz, 3996 MHz, 0 %, 0 %
2026/03/23 23:05:25.183, 5, 180.58 W, 28, 120 MHz, 3996 MHz, 0 %, 0 %
2026/03/23 23:05:25.183, 6, 178.57 W, 27, 120 MHz, 3996 MHz, 0 %, 0 %
2026/03/23 23:05:25.183, 7, 176.58 W, 28, 120 MHz, 3996 MHz, 0 %, 0 %
2026/03/23 23:05:26.183, 0, 249.07 W, 28, 2032 MHz, 3996 MHz, 0 %, 0 %
2026/03/23 23:05:26.183, 1, 253.87 W, 30, 2032 MHz, 3996 MHz, 0 %, 0 %
2026/03/23 23:05:26.183, 2, 252.77 W, 28, 2032 MHz, 3996 MHz, 0 %, 0 %
2026/03/23 23:05:26.183, 3, 254.22 W, 30, 2032 MHz, 3996 MHz, 0 %, 0 %
2026/03/23 23:05:26.183, 4, 178.86 W, 26, 120 MHz, 3996 MHz, 0 %, 0 %
2026/03/23 23:05:26.183, 5, 180.58 W, 28, 120 MHz, 3996 MHz, 0 %, 0 %
2026/03/23 23:05:26.183, 6, 178.64 W, 27, 120 MHz, 3996 MHz, 0 %, 0 %
2026/03/23 23:05:26.183, 7, 176.58 W, 28, 120 MHz, 3996 MHz, 0 %, 0 %
2026/03/23 23:05:27.183, 0, 229.66 W, 28, 2032 MHz, 3996 MHz, 0 %, 0 %
2026/03/23 23:05:27.183, 1, 234.99 W, 30, 2032 MHz, 3996 MHz, 0 %, 0 %
2026/03/23 23:05:27.183, 2, 234.44 W, 28, 2032 MHz, 3996 MHz, 0 %, 0 %
2026/03/23 23:05:27.183, 3, 235.74 W, 30, 2032 MHz, 3996 MHz, 0 %, 0 %
2026/03/23 23:05:27.183, 4, 179.16 W, 26, 120 MHz, 3996 MHz, 0 %, 0 %
2026/03/23 23:05:27.183, 5, 180.58 W, 28, 120 MHz, 3996 MHz, 0 %, 0 %
2026/03/23 23:05:27.183, 6, 178.64 W, 27, 120 MHz, 3996 MHz, 0 %, 0 %
2026/03/23 23:05:27.183, 7, 176.59 W, 28, 120 MHz, 3996 MHz, 0 %, 0 %
2026/03/23 23:05:28.183, 0, 229.46 W, 28, 2032 MHz, 3996 MHz, 0 %, 0 %
2026/03/23 23:05:28.183, 1, 234.29 W, 30, 2032 MHz, 3996 MHz, 0 %, 0 %
2026/03/23 23:05:28.183, 2, 234.02 W, 28, 2032 MHz, 3996 MHz, 0 %, 0 %
2026/03/23 23:05:28.183, 3, 235.13 W, 30, 2032 MHz, 3996 MHz, 0 %, 0 %
2026/03/23 23:05:28.183, 4, 179.15 W, 26, 120 MHz, 3996 MHz, 0 %, 0 %
2026/03/23 23:05:28.183, 5, 180.58 W, 28, 120 MHz, 3996 MHz, 0 %, 0 %
2026/03/23 23:05:28.183, 6, 178.64 W, 27, 120 MHz, 3996 MHz, 0 %, 0 %
2026/03/23 23:05:28.183, 7, 176.59 W, 28, 120 MHz, 3996 MHz, 0 %, 0 %
2026/03/23 23:05:29.183, 0, 229.00 W, 28, 2032 MHz, 3996 MHz, 0 %, 0 %
2026/03/23 23:05:29.183, 1, 233.84 W, 30, 2032 MHz, 3996 MHz, 0 %, 0 %
2026/03/23 23:05:29.183, 2, 234.02 W, 28, 2032 MHz, 3996 MHz, 0 %, 0 %
2026/03/23 23:05:29.183, 3, 235.12 W, 30, 2032 MHz, 3996 MHz, 0 %, 0 %
2026/03/23 23:05:29.183, 4, 178.85 W, 26, 120 MHz, 3996 MHz, 0 %, 0 %
2026/03/23 23:05:29.183, 5, 180.58 W, 28, 120 MHz, 3996 MHz, 0 %, 0 %
2026/03/23 23:05:29.183, 6, 178.60 W, 27, 120 MHz, 3996 MHz, 0 %, 0 %
2026/03/23 23:05:29.183, 7, 176.59 W, 28, 120 MHz, 3996 MHz, 0 %, 0 %
2026/03/23 23:05:30.183, 0, 228.98 W, 28, 2032 MHz, 3996 MHz, 0 %, 0 %
2026/03/23 23:05:30.184, 1, 233.80 W, 30, 2032 MHz, 3996 MHz, 0 %, 0 %
2026/03/23 23:05:30.184, 2, 234.02 W, 28, 2032 MHz, 3996 MHz, 0 %, 0 %
2026/03/23 23:05:30.184, 3, 235.15 W, 30, 2032 MHz, 3996 MHz, 0 %, 0 %
2026/03/23 23:05:30.184, 4, 179.09 W, 26, 120 MHz, 3996 MHz, 0 %, 0 %
2026/03/23 23:05:30.184, 5, 180.62 W, 28, 120 MHz, 3996 MHz, 0 %, 0 %
2026/03/23 23:05:30.184, 6, 178.64 W, 27, 120 MHz, 3996 MHz, 0 %, 0 %
2026/03/23 23:05:30.184, 7, 176.58 W, 28, 120 MHz, 3996 MHz, 0 %, 0 %
2026/03/23 23:05:31.184, 0, 229.17 W, 28, 2032 MHz, 3996 MHz, 0 %, 0 %
2026/03/23 23:05:31.184, 1, 234.19 W, 30, 2032 MHz, 3996 MHz, 0 %, 0 %
2026/03/23 23:05:31.184, 2, 234.02 W, 28, 2032 MHz, 3996 MHz, 0 %, 0 %
2026/03/23 23:05:31.184, 3, 235.13 W, 30, 2032 MHz, 3996 MHz, 0 %, 0 %
2026/03/23 23:05:31.184, 4, 179.05 W, 26, 120 MHz, 3996 MHz, 0 %, 0 %
2026/03/23 23:05:31.184, 5, 180.62 W, 28, 120 MHz, 3996 MHz, 0 %, 0 %
2026/03/23 23:05:31.184, 6, 178.64 W, 27, 120 MHz, 3996 MHz, 0 %, 0 %
2026/03/23 23:05:31.184, 7, 176.58 W, 28, 120 MHz, 3996 MHz, 0 %, 0 %
2026/03/23 23:05:32.184, 0, 229.21 W, 28, 2032 MHz, 3996 MHz, 0 %, 0 %
2026/03/23 23:05:32.184, 1, 234.25 W, 30, 2032 MHz, 3996 MHz, 0 %, 0 %
2026/03/23 23:05:32.184, 2, 234.10 W, 28, 2032 MHz, 3996 MHz, 0 %, 0 %
2026/03/23 23:05:32.184, 3, 235.16 W, 30, 2032 MHz, 3996 MHz, 0 %, 0 %
2026/03/23 23:05:32.184, 4, 179.17 W, 26, 120 MHz, 3996 MHz, 0 %, 0 %
2026/03/23 23:05:32.184, 5, 180.58 W, 28, 120 MHz, 3996 MHz, 0 %, 0 %
2026/03/23 23:05:32.184, 6, 178.60 W, 27, 120 MHz, 3996 MHz, 0 %, 0 %
2026/03/23 23:05:32.184, 7, 176.58 W, 28, 120 MHz, 3996 MHz, 0 %, 0 %
2026/03/23 23:05:33.184, 0, 229.13 W, 28, 2032 MHz, 3996 MHz, 0 %, 0 %
2026/03/23 23:05:33.184, 1, 234.39 W, 30, 2032 MHz, 3996 MHz, 0 %, 0 %
2026/03/23 23:05:33.184, 2, 234.06 W, 28, 2032 MHz, 3996 MHz, 0 %, 0 %
2026/03/23 23:05:33.184, 3, 235.13 W, 30, 2032 MHz, 3996 MHz, 0 %, 0 %
2026/03/23 23:05:33.184, 4, 179.01 W, 26, 120 MHz, 3996 MHz, 0 %, 0 %
2026/03/23 23:05:33.184, 5, 180.58 W, 28, 120 MHz, 3996 MHz, 0 %, 0 %
2026/03/23 23:05:33.184, 6, 178.64 W, 27, 120 MHz, 3996 MHz, 0 %, 0 %
2026/03/23 23:05:33.184, 7, 176.59 W, 28, 120 MHz, 3996 MHz, 0 %, 0 %
2026/03/23 23:05:34.184, 0, 229.50 W, 28, 2032 MHz, 3996 MHz, 0 %, 0 %
2026/03/23 23:05:34.184, 1, 234.34 W, 30, 2032 MHz, 3996 MHz, 0 %, 0 %
2026/03/23 23:05:34.184, 2, 234.13 W, 28, 2032 MHz, 3996 MHz, 0 %, 0 %
2026/03/23 23:05:34.184, 3, 235.13 W, 30, 2032 MHz, 3996 MHz, 0 %, 0 %
2026/03/23 23:05:34.184, 4, 179.17 W, 26, 120 MHz, 3996 MHz, 0 %, 0 %
2026/03/23 23:05:34.184, 5, 180.58 W, 28, 120 MHz, 3996 MHz, 0 %, 0 %
2026/03/23 23:05:34.184, 6, 178.53 W, 27, 120 MHz, 3996 MHz, 0 %, 0 %
2026/03/23 23:05:34.184, 7, 176.59 W, 28, 120 MHz, 3996 MHz, 0 %, 0 %
2026/03/23 23:05:35.184, 0, 229.62 W, 28, 2032 MHz, 3996 MHz, 0 %, 0 %
2026/03/23 23:05:35.184, 1, 234.35 W, 30, 2032 MHz, 3996 MHz, 0 %, 0 %
2026/03/23 23:05:35.184, 2, 234.05 W, 28, 2032 MHz, 3996 MHz, 0 %, 0 %
2026/03/23 23:05:35.184, 3, 235.13 W, 30, 2032 MHz, 3996 MHz, 0 %, 0 %
2026/03/23 23:05:35.184, 4, 178.87 W, 26, 120 MHz, 3996 MHz, 0 %, 0 %
2026/03/23 23:05:35.184, 5, 180.58 W, 28, 120 MHz, 3996 MHz, 0 %, 0 %
2026/03/23 23:05:35.184, 6, 178.64 W, 27, 120 MHz, 3996 MHz, 0 %, 0 %
2026/03/23 23:05:35.184, 7, 176.58 W, 28, 120 MHz, 3996 MHz, 0 %, 0 %
2026/03/23 23:05:36.184, 0, 229.69 W, 28, 2032 MHz, 3996 MHz, 1 %, 0 %
2026/03/23 23:05:36.184, 1, 234.86 W, 30, 2032 MHz, 3996 MHz, 0 %, 0 %
2026/03/23 23:05:36.184, 2, 234.37 W, 28, 2032 MHz, 3996 MHz, 0 %, 0 %
2026/03/23 23:05:36.184, 3, 235.15 W, 30, 2032 MHz, 3996 MHz, 1 %, 0 %
2026/03/23 23:05:36.184, 4, 179.09 W, 26, 120 MHz, 3996 MHz, 0 %, 0 %
2026/03/23 23:05:36.184, 5, 180.58 W, 28, 120 MHz, 3996 MHz, 0 %, 0 %
2026/03/23 23:05:36.184, 6, 178.64 W, 27, 120 MHz, 3996 MHz, 0 %, 0 %
2026/03/23 23:05:36.185, 7, 176.58 W, 28, 120 MHz, 3996 MHz, 0 %, 0 %
2026/03/23 23:05:37.185, 0, 229.85 W, 28, 2032 MHz, 3996 MHz, 100 %, 0 %
2026/03/23 23:05:37.185, 1, 234.25 W, 30, 2032 MHz, 3996 MHz, 0 %, 0 %
2026/03/23 23:05:37.185, 2, 234.41 W, 28, 2032 MHz, 3996 MHz, 0 %, 0 %
2026/03/23 23:05:37.185, 3, 235.22 W, 30, 2032 MHz, 3996 MHz, 0 %, 0 %
2026/03/23 23:05:37.185, 4, 179.13 W, 26, 120 MHz, 3996 MHz, 0 %, 0 %
2026/03/23 23:05:37.185, 5, 180.58 W, 28, 120 MHz, 3996 MHz, 0 %, 0 %
2026/03/23 23:05:37.185, 6, 178.64 W, 27, 120 MHz, 3996 MHz, 0 %, 0 %
2026/03/23 23:05:37.185, 7, 176.58 W, 28, 120 MHz, 3996 MHz, 0 %, 0 %
2026/03/23 23:05:38.185, 0, 229.51 W, 28, 2032 MHz, 3996 MHz, 100 %, 0 %
2026/03/23 23:05:38.185, 1, 233.55 W, 30, 2032 MHz, 3996 MHz, 0 %, 0 %
2026/03/23 23:05:38.185, 2, 234.02 W, 28, 2032 MHz, 3996 MHz, 0 %, 0 %
2026/03/23 23:05:38.185, 3, 235.15 W, 30, 2032 MHz, 3996 MHz, 20 %, 0 %
2026/03/23 23:05:38.185, 4, 179.14 W, 26, 120 MHz, 3996 MHz, 0 %, 0 %
2026/03/23 23:05:38.185, 5, 180.58 W, 28, 120 MHz, 3996 MHz, 0 %, 0 %
2026/03/23 23:05:38.185, 6, 178.60 W, 27, 120 MHz, 3996 MHz, 0 %, 0 %
2026/03/23 23:05:38.185, 7, 176.59 W, 28, 120 MHz, 3996 MHz, 0 %, 0 %
2026/03/23 23:05:39.185, 0, 228.22 W, 28, 2032 MHz, 3996 MHz, 0 %, 0 %
2026/03/23 23:05:39.185, 1, 233.22 W, 30, 2032 MHz, 3996 MHz, 0 %, 0 %
2026/03/23 23:05:39.185, 2, 234.06 W, 28, 2032 MHz, 3996 MHz, 0 %, 0 %
2026/03/23 23:05:39.185, 3, 234.66 W, 30, 2032 MHz, 3996 MHz, 0 %, 0 %
2026/03/23 23:05:39.185, 4, 179.09 W, 26, 120 MHz, 3996 MHz, 0 %, 0 %
2026/03/23 23:05:39.185, 5, 180.58 W, 28, 120 MHz, 3996 MHz, 0 %, 0 %
2026/03/23 23:05:39.185, 6, 178.60 W, 27, 120 MHz, 3996 MHz, 0 %, 0 %
2026/03/23 23:05:39.185, 7, 176.58 W, 28, 120 MHz, 3996 MHz, 0 %, 0 %
2026/03/23 23:05:40.185, 0, 228.07 W, 28, 2032 MHz, 3996 MHz, 0 %, 0 %
2026/03/23 23:05:40.185, 1, 233.22 W, 30, 2032 MHz, 3996 MHz, 0 %, 0 %
2026/03/23 23:05:40.185, 2, 234.02 W, 28, 2032 MHz, 3996 MHz, 0 %, 0 %
2026/03/23 23:05:40.185, 3, 234.50 W, 30, 2032 MHz, 3996 MHz, 0 %, 0 %
2026/03/23 23:05:40.185, 4, 179.14 W, 26, 120 MHz, 3996 MHz, 0 %, 0 %
2026/03/23 23:05:40.185, 5, 180.58 W, 28, 120 MHz, 3996 MHz, 0 %, 0 %
2026/03/23 23:05:40.185, 6, 178.56 W, 27, 120 MHz, 3996 MHz, 0 %, 0 %
2026/03/23 23:05:40.185, 7, 176.58 W, 28, 120 MHz, 3996 MHz, 0 %, 0 %
2026/03/23 23:05:41.185, 0, 243.78 W, 28, 2032 MHz, 3996 MHz, 21 %, 18 %
2026/03/23 23:05:41.185, 1, 254.00 W, 30, 2032 MHz, 3996 MHz, 21 %, 18 %
2026/03/23 23:05:41.185, 2, 250.12 W, 28, 2032 MHz, 3996 MHz, 4 %, 3 %
2026/03/23 23:05:41.185, 3, 244.19 W, 31, 2032 MHz, 3996 MHz, 7 %, 5 %
2026/03/23 23:05:41.185, 4, 178.67 W, 26, 120 MHz, 3996 MHz, 0 %, 0 %
2026/03/23 23:05:41.185, 5, 180.58 W, 28, 120 MHz, 3996 MHz, 0 %, 0 %
2026/03/23 23:05:41.185, 6, 178.64 W, 27, 120 MHz, 3996 MHz, 0 %, 0 %
2026/03/23 23:05:41.185, 7, 176.58 W, 28, 120 MHz, 3996 MHz, 0 %, 0 %
2026/03/23 23:05:42.186, 0, 232.31 W, 28, 2032 MHz, 3996 MHz, 0 %, 0 %
2026/03/23 23:05:42.186, 1, 233.28 W, 30, 2032 MHz, 3996 MHz, 0 %, 0 %
2026/03/23 23:05:42.186, 2, 238.56 W, 28, 2032 MHz, 3996 MHz, 0 %, 0 %
2026/03/23 23:05:42.186, 3, 248.13 W, 30, 2032 MHz, 3996 MHz, 0 %, 0 %
2026/03/23 23:05:42.186, 4, 179.24 W, 26, 120 MHz, 3996 MHz, 0 %, 0 %
2026/03/23 23:05:42.186, 5, 180.58 W, 28, 120 MHz, 3996 MHz, 0 %, 0 %
2026/03/23 23:05:42.186, 6, 178.64 W, 27, 120 MHz, 3996 MHz, 0 %, 0 %
2026/03/23 23:05:42.186, 7, 176.58 W, 28, 120 MHz, 3996 MHz, 0 %, 0 %
2026/03/23 23:05:43.186, 0, 263.21 W, 28, 2032 MHz, 3996 MHz, 0 %, 0 %
2026/03/23 23:05:43.186, 1, 267.45 W, 30, 2032 MHz, 3996 MHz, 0 %, 0 %
2026/03/23 23:05:43.186, 2, 266.86 W, 28, 2032 MHz, 3996 MHz, 0 %, 0 %
2026/03/23 23:05:43.186, 3, 267.54 W, 31, 2032 MHz, 3996 MHz, 0 %, 0 %
2026/03/23 23:05:43.186, 4, 179.20 W, 26, 120 MHz, 3996 MHz, 0 %, 0 %
2026/03/23 23:05:43.186, 5, 180.58 W, 28, 120 MHz, 3996 MHz, 0 %, 0 %
2026/03/23 23:05:43.186, 6, 178.64 W, 27, 120 MHz, 3996 MHz, 0 %, 0 %
2026/03/23 23:05:43.186, 7, 176.59 W, 28, 120 MHz, 3996 MHz, 0 %, 0 %
2026/03/23 23:05:44.186, 0, 262.84 W, 28, 2032 MHz, 3996 MHz, 0 %, 0 %
2026/03/23 23:05:44.186, 1, 267.11 W, 30, 2032 MHz, 3996 MHz, 0 %, 0 %
2026/03/23 23:05:44.186, 2, 268.47 W, 28, 2032 MHz, 3996 MHz, 0 %, 0 %
2026/03/23 23:05:44.186, 3, 267.87 W, 31, 2032 MHz, 3996 MHz, 0 %, 0 %
2026/03/23 23:05:44.186, 4, 179.06 W, 26, 120 MHz, 3996 MHz, 0 %, 0 %
2026/03/23 23:05:44.186, 5, 180.58 W, 28, 120 MHz, 3996 MHz, 0 %, 0 %
2026/03/23 23:05:44.186, 6, 178.60 W, 27, 120 MHz, 3996 MHz, 0 %, 0 %
2026/03/23 23:05:44.186, 7, 176.59 W, 28, 120 MHz, 3996 MHz, 0 %, 0 %
2026/03/23 23:05:45.186, 0, 229.76 W, 28, 2032 MHz, 3996 MHz, 0 %, 0 %
2026/03/23 23:05:45.186, 1, 246.29 W, 30, 2032 MHz, 3996 MHz, 0 %, 0 %
2026/03/23 23:05:45.186, 2, 242.97 W, 28, 2032 MHz, 3996 MHz, 0 %, 0 %
2026/03/23 23:05:45.186, 3, 235.10 W, 30, 2032 MHz, 3996 MHz, 0 %, 0 %
2026/03/23 23:05:45.186, 4, 179.16 W, 26, 120 MHz, 3996 MHz, 0 %, 0 %
2026/03/23 23:05:45.186, 5, 180.58 W, 28, 120 MHz, 3996 MHz, 0 %, 0 %
2026/03/23 23:05:45.186, 6, 178.60 W, 27, 120 MHz, 3996 MHz, 0 %, 0 %
2026/03/23 23:05:45.186, 7, 176.59 W, 28, 120 MHz, 3996 MHz, 0 %, 0 %
2026/03/23 23:05:46.186, 0, 242.30 W, 28, 2032 MHz, 3996 MHz, 0 %, 0 %
2026/03/23 23:05:46.186, 1, 239.44 W, 30, 2032 MHz, 3996 MHz, 0 %, 0 %
2026/03/23 23:05:46.186, 2, 244.38 W, 28, 2032 MHz, 3996 MHz, 0 %, 0 %
2026/03/23 23:05:46.186, 3, 248.97 W, 30, 2032 MHz, 3996 MHz, 0 %, 0 %
2026/03/23 23:05:46.186, 4, 179.28 W, 26, 120 MHz, 3996 MHz, 0 %, 0 %
2026/03/23 23:05:46.186, 5, 180.58 W, 28, 120 MHz, 3996 MHz, 0 %, 0 %
2026/03/23 23:05:46.186, 6, 178.64 W, 27, 120 MHz, 3996 MHz, 0 %, 0 %
2026/03/23 23:05:46.186, 7, 176.59 W, 28, 120 MHz, 3996 MHz, 0 %, 0 %
2026/03/23 23:05:47.186, 0, 229.55 W, 28, 2032 MHz, 3996 MHz, 0 %, 0 %
2026/03/23 23:05:47.186, 1, 233.84 W, 30, 2032 MHz, 3996 MHz, 0 %, 0 %
2026/03/23 23:05:47.186, 2, 234.02 W, 28, 2032 MHz, 3996 MHz, 0 %, 0 %
2026/03/23 23:05:47.186, 3, 235.13 W, 30, 2032 MHz, 3996 MHz, 0 %, 0 %
2026/03/23 23:05:47.186, 4, 179.20 W, 26, 120 MHz, 3996 MHz, 0 %, 0 %
2026/03/23 23:05:47.186, 5, 180.58 W, 28, 120 MHz, 3996 MHz, 0 %, 0 %
2026/03/23 23:05:47.186, 6, 178.64 W, 27, 120 MHz, 3996 MHz, 0 %, 0 %
2026/03/23 23:05:47.186, 7, 176.58 W, 28, 120 MHz, 3996 MHz, 0 %, 0 %
2026/03/23 23:05:48.187, 0, 296.47 W, 29, 2032 MHz, 3996 MHz, 0 %, 0 %
2026/03/23 23:05:48.187, 1, 298.10 W, 31, 2032 MHz, 3996 MHz, 0 %, 0 %
2026/03/23 23:05:48.187, 2, 299.81 W, 28, 2032 MHz, 3996 MHz, 0 %, 0 %
2026/03/23 23:05:48.187, 3, 234.95 W, 30, 2032 MHz, 3996 MHz, 0 %, 0 %
2026/03/23 23:05:48.187, 4, 178.99 W, 26, 120 MHz, 3996 MHz, 0 %, 0 %
2026/03/23 23:05:48.187, 5, 180.58 W, 28, 120 MHz, 3996 MHz, 0 %, 0 %
2026/03/23 23:05:48.187, 6, 178.64 W, 27, 120 MHz, 3996 MHz, 0 %, 0 %
2026/03/23 23:05:48.187, 7, 176.58 W, 28, 120 MHz, 3996 MHz, 0 %, 0 %
2026/03/23 23:05:49.187, 0, 261.72 W, 29, 2032 MHz, 3996 MHz, 67 %, 50 %
2026/03/23 23:05:49.187, 1, 267.29 W, 31, 2032 MHz, 3996 MHz, 54 %, 44 %
2026/03/23 23:05:49.187, 2, 267.92 W, 29, 2032 MHz, 3996 MHz, 27 %, 24 %
2026/03/23 23:05:49.187, 3, 301.77 W, 31, 2032 MHz, 3996 MHz, 0 %, 0 %
2026/03/23 23:05:49.187, 4, 179.24 W, 26, 120 MHz, 3996 MHz, 0 %, 0 %
2026/03/23 23:05:49.187, 5, 180.58 W, 28, 120 MHz, 3996 MHz, 0 %, 0 %
2026/03/23 23:05:49.187, 6, 178.60 W, 27, 120 MHz, 3996 MHz, 0 %, 0 %
2026/03/23 23:05:49.187, 7, 176.59 W, 28, 120 MHz, 3996 MHz, 0 %, 0 %
2026/03/23 23:05:50.187, 0, 229.89 W, 28, 2032 MHz, 3996 MHz, 0 %, 0 %
2026/03/23 23:05:50.187, 1, 234.66 W, 30, 2032 MHz, 3996 MHz, 0 %, 0 %
2026/03/23 23:05:50.187, 2, 234.29 W, 28, 2032 MHz, 3996 MHz, 0 %, 0 %
2026/03/23 23:05:50.187, 3, 268.27 W, 31, 2032 MHz, 3996 MHz, 0 %, 0 %
2026/03/23 23:05:50.187, 4, 178.98 W, 26, 120 MHz, 3996 MHz, 0 %, 0 %
2026/03/23 23:05:50.187, 5, 180.58 W, 28, 120 MHz, 3996 MHz, 0 %, 0 %
2026/03/23 23:05:50.187, 6, 178.60 W, 27, 120 MHz, 3996 MHz, 0 %, 0 %
2026/03/23 23:05:50.187, 7, 176.58 W, 28, 120 MHz, 3996 MHz, 0 %, 0 %
2026/03/23 23:05:51.187, 0, 229.65 W, 28, 2032 MHz, 3996 MHz, 0 %, 0 %
2026/03/23 23:05:51.187, 1, 234.02 W, 30, 2032 MHz, 3996 MHz, 0 %, 0 %
2026/03/23 23:05:51.187, 2, 234.02 W, 28, 2032 MHz, 3996 MHz, 0 %, 0 %
2026/03/23 23:05:51.187, 3, 235.14 W, 30, 2032 MHz, 3996 MHz, 0 %, 0 %
2026/03/23 23:05:51.187, 4, 179.16 W, 26, 120 MHz, 3996 MHz, 0 %, 0 %
2026/03/23 23:05:51.187, 5, 180.58 W, 28, 120 MHz, 3996 MHz, 0 %, 0 %
2026/03/23 23:05:51.187, 6, 178.64 W, 27, 120 MHz, 3996 MHz, 0 %, 0 %
2026/03/23 23:05:51.187, 7, 176.58 W, 28, 120 MHz, 3996 MHz, 0 %, 0 %
2026/03/23 23:05:52.187, 0, 331.00 W, 29, 2032 MHz, 3996 MHz, 0 %, 0 %
2026/03/23 23:05:52.187, 1, 336.24 W, 31, 2032 MHz, 3996 MHz, 0 %, 0 %
2026/03/23 23:05:52.187, 2, 338.83 W, 29, 2032 MHz, 3996 MHz, 0 %, 0 %
2026/03/23 23:05:52.187, 3, 234.96 W, 30, 2032 MHz, 3996 MHz, 0 %, 0 %
2026/03/23 23:05:52.187, 4, 179.02 W, 26, 120 MHz, 3996 MHz, 0 %, 0 %
2026/03/23 23:05:52.187, 5, 180.58 W, 28, 120 MHz, 3996 MHz, 0 %, 0 %
2026/03/23 23:05:52.187, 6, 178.64 W, 27, 120 MHz, 3996 MHz, 0 %, 0 %
2026/03/23 23:05:52.187, 7, 176.58 W, 28, 120 MHz, 3996 MHz, 0 %, 0 %
2026/03/23 23:05:53.187, 0, 229.96 W, 28, 2032 MHz, 3996 MHz, 0 %, 0 %
2026/03/23 23:05:53.187, 1, 234.37 W, 30, 2032 MHz, 3996 MHz, 0 %, 0 %
2026/03/23 23:05:53.187, 2, 234.51 W, 28, 2032 MHz, 3996 MHz, 0 %, 0 %
2026/03/23 23:05:53.187, 3, 338.36 W, 31, 2032 MHz, 3996 MHz, 0 %, 0 %
2026/03/23 23:05:53.187, 4, 179.05 W, 26, 120 MHz, 3996 MHz, 0 %, 0 %
2026/03/23 23:05:53.187, 5, 180.58 W, 28, 120 MHz, 3996 MHz, 0 %, 0 %
2026/03/23 23:05:53.187, 6, 178.64 W, 27, 120 MHz, 3996 MHz, 0 %, 0 %
2026/03/23 23:05:53.187, 7, 176.58 W, 28, 120 MHz, 3996 MHz, 0 %, 0 %
2026/03/23 23:05:54.187, 0, 229.69 W, 28, 2032 MHz, 3996 MHz, 0 %, 0 %
2026/03/23 23:05:54.188, 1, 233.76 W, 30, 2032 MHz, 3996 MHz, 0 %, 0 %
2026/03/23 23:05:54.188, 2, 234.06 W, 28, 2032 MHz, 3996 MHz, 0 %, 0 %
2026/03/23 23:05:54.188, 3, 235.16 W, 31, 2032 MHz, 3996 MHz, 0 %, 0 %
2026/03/23 23:05:54.188, 4, 179.02 W, 26, 120 MHz, 3996 MHz, 0 %, 0 %
2026/03/23 23:05:54.188, 5, 180.58 W, 28, 120 MHz, 3996 MHz, 0 %, 0 %
2026/03/23 23:05:54.188, 6, 178.64 W, 27, 120 MHz, 3996 MHz, 0 %, 0 %
2026/03/23 23:05:54.188, 7, 176.58 W, 28, 120 MHz, 3996 MHz, 0 %, 0 %
2026/03/23 23:05:55.188, 0, 229.51 W, 28, 2032 MHz, 3996 MHz, 0 %, 0 %
2026/03/23 23:05:55.188, 1, 234.00 W, 30, 2032 MHz, 3996 MHz, 0 %, 0 %
2026/03/23 23:05:55.188, 2, 234.02 W, 28, 2032 MHz, 3996 MHz, 0 %, 0 %
2026/03/23 23:05:55.188, 3, 235.13 W, 30, 2032 MHz, 3996 MHz, 0 %, 0 %
2026/03/23 23:05:55.188, 4, 179.22 W, 26, 120 MHz, 3996 MHz, 0 %, 0 %
2026/03/23 23:05:55.188, 5, 180.58 W, 28, 120 MHz, 3996 MHz, 0 %, 0 %
2026/03/23 23:05:55.188, 6, 178.64 W, 27, 120 MHz, 3996 MHz, 0 %, 0 %
2026/03/23 23:05:55.188, 7, 176.58 W, 28, 120 MHz, 3996 MHz, 0 %, 0 %
2026/03/23 23:05:56.188, 0, 229.31 W, 28, 2032 MHz, 3996 MHz, 0 %, 0 %
2026/03/23 23:05:56.188, 1, 233.38 W, 30, 2032 MHz, 3996 MHz, 0 %, 0 %
2026/03/23 23:05:56.188, 2, 234.02 W, 28, 2032 MHz, 3996 MHz, 0 %, 0 %
2026/03/23 23:05:56.188, 3, 235.10 W, 30, 2032 MHz, 3996 MHz, 0 %, 0 %
2026/03/23 23:05:56.188, 4, 179.13 W, 26, 120 MHz, 3996 MHz, 0 %, 0 %
2026/03/23 23:05:56.188, 5, 180.58 W, 28, 120 MHz, 3996 MHz, 0 %, 0 %
2026/03/23 23:05:56.188, 6, 178.60 W, 27, 120 MHz, 3996 MHz, 0 %, 0 %
2026/03/23 23:05:56.188, 7, 176.58 W, 28, 120 MHz, 3996 MHz, 0 %, 0 %
2026/03/23 23:05:57.188, 0, 229.19 W, 28, 2032 MHz, 3996 MHz, 0 %, 0 %
2026/03/23 23:05:57.188, 1, 233.75 W, 30, 2032 MHz, 3996 MHz, 0 %, 0 %
2026/03/23 23:05:57.188, 2, 234.06 W, 28, 2032 MHz, 3996 MHz, 0 %, 0 %
2026/03/23 23:05:57.188, 3, 235.10 W, 30, 2032 MHz, 3996 MHz, 0 %, 0 %
2026/03/23 23:05:57.188, 4, 179.14 W, 26, 120 MHz, 3996 MHz, 0 %, 0 %
2026/03/23 23:05:57.188, 5, 180.58 W, 28, 120 MHz, 3996 MHz, 0 %, 0 %
2026/03/23 23:05:57.188, 6, 178.60 W, 27, 120 MHz, 3996 MHz, 0 %, 0 %
2026/03/23 23:05:57.188, 7, 176.58 W, 28, 120 MHz, 3996 MHz, 0 %, 0 %
2026/03/23 23:05:58.188, 0, 228.79 W, 28, 2032 MHz, 3996 MHz, 0 %, 0 %
2026/03/23 23:05:58.188, 1, 233.46 W, 30, 2032 MHz, 3996 MHz, 0 %, 0 %
2026/03/23 23:05:58.188, 2, 234.02 W, 28, 2032 MHz, 3996 MHz, 0 %, 0 %
2026/03/23 23:05:58.188, 3, 235.15 W, 30, 2032 MHz, 3996 MHz, 0 %, 0 %
2026/03/23 23:05:58.188, 4, 179.13 W, 26, 120 MHz, 3996 MHz, 0 %, 0 %
2026/03/23 23:05:58.188, 5, 180.58 W, 28, 120 MHz, 3996 MHz, 0 %, 0 %
2026/03/23 23:05:58.188, 6, 178.57 W, 27, 120 MHz, 3996 MHz, 0 %, 0 %
2026/03/23 23:05:58.188, 7, 176.59 W, 28, 120 MHz, 3996 MHz, 0 %, 0 %
2026/03/23 23:05:59.188, 0, 246.19 W, 28, 2032 MHz, 3996 MHz, 0 %, 0 %
2026/03/23 23:05:59.188, 1, 250.76 W, 30, 2032 MHz, 3996 MHz, 0 %, 0 %
2026/03/23 23:05:59.188, 2, 251.49 W, 28, 2032 MHz, 3996 MHz, 24 %, 20 %
2026/03/23 23:05:59.188, 3, 235.03 W, 30, 2032 MHz, 3996 MHz, 0 %, 0 %
2026/03/23 23:05:59.188, 4, 179.17 W, 26, 120 MHz, 3996 MHz, 0 %, 0 %
2026/03/23 23:05:59.188, 5, 180.58 W, 28, 120 MHz, 3996 MHz, 0 %, 0 %
2026/03/23 23:05:59.188, 6, 178.64 W, 27, 120 MHz, 3996 MHz, 0 %, 0 %
2026/03/23 23:05:59.188, 7, 176.58 W, 28, 120 MHz, 3996 MHz, 0 %, 0 %
2026/03/23 23:06:00.188, 0, 320.84 W, 29, 2032 MHz, 3996 MHz, 0 %, 0 %
2026/03/23 23:06:00.188, 1, 325.20 W, 31, 2032 MHz, 3996 MHz, 0 %, 0 %
2026/03/23 23:06:00.188, 2, 328.76 W, 29, 2032 MHz, 3996 MHz, 0 %, 0 %
2026/03/23 23:06:00.188, 3, 254.76 W, 31, 2032 MHz, 3996 MHz, 0 %, 0 %
2026/03/23 23:06:00.188, 4, 179.25 W, 26, 120 MHz, 3996 MHz, 0 %, 0 %
2026/03/23 23:06:00.188, 5, 180.58 W, 28, 120 MHz, 3996 MHz, 0 %, 0 %
2026/03/23 23:06:00.189, 6, 178.60 W, 27, 120 MHz, 3996 MHz, 0 %, 0 %
2026/03/23 23:06:00.189, 7, 176.58 W, 28, 120 MHz, 3996 MHz, 0 %, 0 %
2026/03/23 23:06:01.189, 0, 229.96 W, 28, 2032 MHz, 3996 MHz, 0 %, 0 %
2026/03/23 23:06:01.189, 1, 234.91 W, 30, 2032 MHz, 3996 MHz, 0 %, 0 %
2026/03/23 23:06:01.189, 2, 234.85 W, 28, 2032 MHz, 3996 MHz, 0 %, 0 %
2026/03/23 23:06:01.189, 3, 328.23 W, 31, 2032 MHz, 3996 MHz, 0 %, 0 %
2026/03/23 23:06:01.189, 4, 179.17 W, 26, 120 MHz, 3996 MHz, 0 %, 0 %
2026/03/23 23:06:01.189, 5, 180.58 W, 28, 120 MHz, 3996 MHz, 0 %, 0 %
2026/03/23 23:06:01.189, 6, 178.64 W, 27, 120 MHz, 3996 MHz, 0 %, 0 %
2026/03/23 23:06:01.189, 7, 176.58 W, 28, 120 MHz, 3996 MHz, 0 %, 0 %
2026/03/23 23:06:02.189, 0, 229.93 W, 28, 2032 MHz, 3996 MHz, 0 %, 0 %
2026/03/23 23:06:02.189, 1, 234.60 W, 30, 2032 MHz, 3996 MHz, 0 %, 0 %
2026/03/23 23:06:02.189, 2, 234.09 W, 28, 2032 MHz, 3996 MHz, 0 %, 0 %
2026/03/23 23:06:02.189, 3, 235.13 W, 31, 2032 MHz, 3996 MHz, 0 %, 0 %
2026/03/23 23:06:02.189, 4, 178.99 W, 26, 120 MHz, 3996 MHz, 0 %, 0 %
2026/03/23 23:06:02.189, 5, 180.58 W, 28, 120 MHz, 3996 MHz, 0 %, 0 %
2026/03/23 23:06:02.189, 6, 178.64 W, 27, 120 MHz, 3996 MHz, 0 %, 0 %
2026/03/23 23:06:02.189, 7, 176.58 W, 28, 120 MHz, 3996 MHz, 0 %, 0 %
2026/03/23 23:06:03.189, 0, 259.07 W, 28, 2032 MHz, 3996 MHz, 100 %, 0 %
2026/03/23 23:06:03.189, 1, 263.46 W, 30, 2032 MHz, 3996 MHz, 100 %, 0 %
2026/03/23 23:06:03.189, 2, 263.53 W, 28, 2032 MHz, 3996 MHz, 100 %, 0 %
2026/03/23 23:06:03.189, 3, 234.94 W, 31, 2032 MHz, 3996 MHz, 0 %, 0 %
2026/03/23 23:06:03.189, 4, 179.02 W, 26, 120 MHz, 3996 MHz, 0 %, 0 %
2026/03/23 23:06:03.189, 5, 180.58 W, 28, 120 MHz, 3996 MHz, 0 %, 0 %
2026/03/23 23:06:03.189, 6, 178.64 W, 27, 120 MHz, 3996 MHz, 0 %, 0 %
2026/03/23 23:06:03.189, 7, 176.58 W, 28, 120 MHz, 3996 MHz, 0 %, 0 %
2026/03/23 23:06:04.189, 0, 246.72 W, 28, 2032 MHz, 3996 MHz, 0 %, 0 %
2026/03/23 23:06:04.189, 1, 252.00 W, 30, 2032 MHz, 3996 MHz, 0 %, 0 %
2026/03/23 23:06:04.189, 2, 252.72 W, 28, 2032 MHz, 3996 MHz, 0 %, 0 %
2026/03/23 23:06:04.189, 3, 278.17 W, 31, 2032 MHz, 3996 MHz, 0 %, 0 %
2026/03/23 23:06:04.189, 4, 179.05 W, 26, 120 MHz, 3996 MHz, 0 %, 0 %
2026/03/23 23:06:04.189, 5, 180.58 W, 28, 120 MHz, 3996 MHz, 0 %, 0 %
2026/03/23 23:06:04.189, 6, 178.64 W, 27, 120 MHz, 3996 MHz, 0 %, 0 %
2026/03/23 23:06:04.189, 7, 176.58 W, 28, 120 MHz, 3996 MHz, 0 %, 0 %
2026/03/23 23:06:05.189, 0, 229.31 W, 28, 2032 MHz, 3996 MHz, 0 %, 0 %
2026/03/23 23:06:05.189, 1, 233.51 W, 30, 2032 MHz, 3996 MHz, 0 %, 0 %
2026/03/23 23:06:05.190, 2, 234.06 W, 28, 2032 MHz, 3996 MHz, 0 %, 0 %
2026/03/23 23:06:05.190, 3, 235.01 W, 31, 2032 MHz, 3996 MHz, 0 %, 0 %
2026/03/23 23:06:05.190, 4, 179.01 W, 26, 120 MHz, 3996 MHz, 0 %, 0 %
2026/03/23 23:06:05.190, 5, 180.62 W, 28, 120 MHz, 3996 MHz, 0 %, 0 %
2026/03/23 23:06:05.190, 6, 178.60 W, 27, 120 MHz, 3996 MHz, 0 %, 0 %
2026/03/23 23:06:05.190, 7, 176.58 W, 28, 120 MHz, 3996 MHz, 0 %, 0 %
2026/03/23 23:06:06.190, 0, 229.15 W, 28, 2032 MHz, 3996 MHz, 0 %, 0 %
2026/03/23 23:06:06.190, 1, 233.52 W, 30, 2032 MHz, 3996 MHz, 0 %, 0 %
2026/03/23 23:06:06.190, 2, 234.01 W, 28, 2032 MHz, 3996 MHz, 0 %, 0 %
2026/03/23 23:06:06.190, 3, 235.15 W, 30, 2032 MHz, 3996 MHz, 0 %, 0 %
2026/03/23 23:06:06.190, 4, 179.01 W, 26, 120 MHz, 3996 MHz, 0 %, 0 %
2026/03/23 23:06:06.190, 5, 180.58 W, 28, 120 MHz, 3996 MHz, 0 %, 0 %
2026/03/23 23:06:06.190, 6, 178.56 W, 27, 120 MHz, 3996 MHz, 0 %, 0 %
2026/03/23 23:06:06.190, 7, 176.58 W, 28, 120 MHz, 3996 MHz, 0 %, 0 %
2026/03/23 23:06:07.190, 0, 229.28 W, 28, 2032 MHz, 3996 MHz, 0 %, 0 %
2026/03/23 23:06:07.190, 1, 233.72 W, 30, 2032 MHz, 3996 MHz, 0 %, 0 %
2026/03/23 23:06:07.190, 2, 234.02 W, 28, 2032 MHz, 3996 MHz, 0 %, 0 %
2026/03/23 23:06:07.190, 3, 235.06 W, 30, 2032 MHz, 3996 MHz, 0 %, 0 %
2026/03/23 23:06:07.190, 4, 179.06 W, 26, 120 MHz, 3996 MHz, 0 %, 0 %
2026/03/23 23:06:07.190, 5, 180.58 W, 28, 120 MHz, 3996 MHz, 0 %, 0 %
2026/03/23 23:06:07.190, 6, 178.64 W, 27, 120 MHz, 3996 MHz, 0 %, 0 %
2026/03/23 23:06:07.190, 7, 176.58 W, 28, 120 MHz, 3996 MHz, 0 %, 0 %
2026/03/23 23:06:08.190, 0, 228.84 W, 28, 2032 MHz, 3996 MHz, 0 %, 0 %
2026/03/23 23:06:08.190, 1, 233.18 W, 30, 2032 MHz, 3996 MHz, 0 %, 0 %
2026/03/23 23:06:08.190, 2, 234.02 W, 28, 2032 MHz, 3996 MHz, 0 %, 0 %
2026/03/23 23:06:08.190, 3, 235.10 W, 30, 2032 MHz, 3996 MHz, 0 %, 0 %
2026/03/23 23:06:08.190, 4, 179.25 W, 26, 120 MHz, 3996 MHz, 0 %, 0 %
2026/03/23 23:06:08.190, 5, 180.58 W, 28, 120 MHz, 3996 MHz, 0 %, 0 %
2026/03/23 23:06:08.190, 6, 178.64 W, 27, 120 MHz, 3996 MHz, 0 %, 0 %
2026/03/23 23:06:08.190, 7, 176.58 W, 28, 120 MHz, 3996 MHz, 0 %, 0 %
2026/03/23 23:06:09.190, 0, 229.13 W, 28, 2032 MHz, 3996 MHz, 0 %, 0 %
2026/03/23 23:06:09.190, 1, 233.37 W, 30, 2032 MHz, 3996 MHz, 0 %, 0 %
2026/03/23 23:06:09.190, 2, 234.02 W, 28, 2032 MHz, 3996 MHz, 0 %, 0 %
2026/03/23 23:06:09.190, 3, 235.14 W, 30, 2032 MHz, 3996 MHz, 0 %, 0 %
2026/03/23 23:06:09.190, 4, 179.25 W, 26, 120 MHz, 3996 MHz, 0 %, 0 %
2026/03/23 23:06:09.190, 5, 180.62 W, 28, 120 MHz, 3996 MHz, 0 %, 0 %
2026/03/23 23:06:09.190, 6, 178.64 W, 27, 120 MHz, 3996 MHz, 0 %, 0 %
2026/03/23 23:06:09.190, 7, 176.58 W, 28, 120 MHz, 3996 MHz, 0 %, 0 %
2026/03/23 23:06:10.190, 0, 229.61 W, 28, 2032 MHz, 3996 MHz, 0 %, 0 %
2026/03/23 23:06:10.190, 1, 233.31 W, 30, 2032 MHz, 3996 MHz, 0 %, 0 %
2026/03/23 23:06:10.190, 2, 234.02 W, 28, 2032 MHz, 3996 MHz, 0 %, 0 %
2026/03/23 23:06:10.190, 3, 235.12 W, 30, 2032 MHz, 3996 MHz, 0 %, 0 %
2026/03/23 23:06:10.190, 4, 179.17 W, 26, 120 MHz, 3996 MHz, 0 %, 0 %
2026/03/23 23:06:10.190, 5, 180.58 W, 28, 120 MHz, 3996 MHz, 0 %, 0 %
2026/03/23 23:06:10.190, 6, 178.64 W, 27, 120 MHz, 3996 MHz, 0 %, 0 %
2026/03/23 23:06:10.190, 7, 176.58 W, 28, 120 MHz, 3996 MHz, 0 %, 0 %
2026/03/23 23:06:11.191, 0, 229.42 W, 28, 2032 MHz, 3996 MHz, 0 %, 0 %
2026/03/23 23:06:11.191, 1, 233.45 W, 30, 2032 MHz, 3996 MHz, 0 %, 0 %
2026/03/23 23:06:11.191, 2, 234.06 W, 28, 2032 MHz, 3996 MHz, 0 %, 0 %
2026/03/23 23:06:11.191, 3, 235.11 W, 30, 2032 MHz, 3996 MHz, 0 %, 0 %
2026/03/23 23:06:11.191, 4, 179.27 W, 26, 120 MHz, 3996 MHz, 0 %, 0 %
2026/03/23 23:06:11.191, 5, 180.58 W, 28, 120 MHz, 3996 MHz, 0 %, 0 %
2026/03/23 23:06:11.191, 6, 178.60 W, 27, 120 MHz, 3996 MHz, 0 %, 0 %
2026/03/23 23:06:11.191, 7, 176.58 W, 28, 120 MHz, 3996 MHz, 0 %, 0 %
2026/03/23 23:06:12.191, 0, 229.27 W, 28, 2032 MHz, 3996 MHz, 0 %, 0 %
2026/03/23 23:06:12.191, 1, 233.51 W, 30, 2032 MHz, 3996 MHz, 0 %, 0 %
2026/03/23 23:06:12.191, 2, 234.05 W, 28, 2032 MHz, 3996 MHz, 0 %, 0 %
2026/03/23 23:06:12.191, 3, 235.13 W, 30, 2032 MHz, 3996 MHz, 0 %, 0 %
2026/03/23 23:06:12.191, 4, 178.98 W, 26, 120 MHz, 3996 MHz, 0 %, 0 %
2026/03/23 23:06:12.191, 5, 180.58 W, 28, 120 MHz, 3996 MHz, 0 %, 0 %
2026/03/23 23:06:12.191, 6, 178.60 W, 27, 120 MHz, 3996 MHz, 0 %, 0 %
2026/03/23 23:06:12.191, 7, 176.58 W, 28, 120 MHz, 3996 MHz, 0 %, 0 %
2026/03/23 23:06:13.191, 0, 229.70 W, 28, 2032 MHz, 3996 MHz, 0 %, 0 %
2026/03/23 23:06:13.191, 1, 233.58 W, 30, 2032 MHz, 3996 MHz, 0 %, 0 %
2026/03/23 23:06:13.191, 2, 234.06 W, 28, 2032 MHz, 3996 MHz, 0 %, 0 %
2026/03/23 23:06:13.191, 3, 235.13 W, 30, 2032 MHz, 3996 MHz, 0 %, 0 %
2026/03/23 23:06:13.191, 4, 178.83 W, 26, 120 MHz, 3996 MHz, 0 %, 0 %
2026/03/23 23:06:13.191, 5, 180.58 W, 28, 120 MHz, 3996 MHz, 0 %, 0 %
2026/03/23 23:06:13.191, 6, 178.64 W, 27, 120 MHz, 3996 MHz, 0 %, 0 %
2026/03/23 23:06:13.191, 7, 176.58 W, 28, 120 MHz, 3996 MHz, 0 %, 0 %
2026/03/23 23:06:14.191, 0, 229.50 W, 28, 2032 MHz, 3996 MHz, 0 %, 0 %
2026/03/23 23:06:14.191, 1, 233.79 W, 30, 2032 MHz, 3996 MHz, 0 %, 0 %
2026/03/23 23:06:14.191, 2, 234.06 W, 28, 2032 MHz, 3996 MHz, 0 %, 0 %
2026/03/23 23:06:14.191, 3, 235.12 W, 30, 2032 MHz, 3996 MHz, 0 %, 0 %
2026/03/23 23:06:14.191, 4, 178.98 W, 26, 120 MHz, 3996 MHz, 0 %, 0 %
2026/03/23 23:06:14.191, 5, 180.58 W, 28, 120 MHz, 3996 MHz, 0 %, 0 %
2026/03/23 23:06:14.191, 6, 178.60 W, 27, 120 MHz, 3996 MHz, 0 %, 0 %
2026/03/23 23:06:14.191, 7, 176.58 W, 28, 120 MHz, 3996 MHz, 0 %, 0 %
2026/03/23 23:06:15.191, 0, 229.59 W, 28, 2032 MHz, 3996 MHz, 0 %, 0 %
2026/03/23 23:06:15.191, 1, 233.92 W, 30, 2032 MHz, 3996 MHz, 0 %, 0 %
2026/03/23 23:06:15.191, 2, 234.01 W, 28, 2032 MHz, 3996 MHz, 0 %, 0 %
2026/03/23 23:06:15.191, 3, 235.14 W, 30, 2032 MHz, 3996 MHz, 0 %, 0 %
2026/03/23 23:06:15.191, 4, 179.13 W, 26, 120 MHz, 3996 MHz, 0 %, 0 %
2026/03/23 23:06:15.191, 5, 180.58 W, 28, 120 MHz, 3996 MHz, 0 %, 0 %
2026/03/23 23:06:15.191, 6, 178.64 W, 27, 120 MHz, 3996 MHz, 0 %, 0 %
2026/03/23 23:06:15.191, 7, 176.58 W, 28, 120 MHz, 3996 MHz, 0 %, 0 %
2026/03/23 23:06:16.191, 0, 229.66 W, 28, 2032 MHz, 3996 MHz, 0 %, 0 %
2026/03/23 23:06:16.191, 1, 233.60 W, 30, 2032 MHz, 3996 MHz, 0 %, 0 %
2026/03/23 23:06:16.191, 2, 234.01 W, 28, 2032 MHz, 3996 MHz, 0 %, 0 %
2026/03/23 23:06:16.191, 3, 235.12 W, 30, 2032 MHz, 3996 MHz, 0 %, 0 %
2026/03/23 23:06:16.191, 4, 178.98 W, 26, 120 MHz, 3996 MHz, 0 %, 0 %
2026/03/23 23:06:16.191, 5, 180.58 W, 28, 120 MHz, 3996 MHz, 0 %, 0 %
2026/03/23 23:06:16.191, 6, 178.64 W, 27, 120 MHz, 3996 MHz, 0 %, 0 %
2026/03/23 23:06:16.191, 7, 176.58 W, 28, 120 MHz, 3996 MHz, 0 %, 0 %
2026/03/23 23:06:17.191, 0, 229.58 W, 28, 2032 MHz, 3996 MHz, 0 %, 0 %
2026/03/23 23:06:17.191, 1, 233.71 W, 30, 2032 MHz, 3996 MHz, 0 %, 0 %
2026/03/23 23:06:17.192, 2, 234.05 W, 28, 2032 MHz, 3996 MHz, 0 %, 0 %
2026/03/23 23:06:17.192, 3, 235.12 W, 30, 2032 MHz, 3996 MHz, 0 %, 0 %
2026/03/23 23:06:17.192, 4, 179.14 W, 26, 120 MHz, 3996 MHz, 0 %, 0 %
2026/03/23 23:06:17.192, 5, 180.62 W, 28, 120 MHz, 3996 MHz, 0 %, 0 %
2026/03/23 23:06:17.192, 6, 178.64 W, 27, 120 MHz, 3996 MHz, 0 %, 0 %
2026/03/23 23:06:17.192, 7, 176.58 W, 28, 120 MHz, 3996 MHz, 0 %, 0 %
2026/03/23 23:06:18.192, 0, 229.55 W, 28, 2032 MHz, 3996 MHz, 0 %, 0 %
2026/03/23 23:06:18.192, 1, 233.79 W, 30, 2032 MHz, 3996 MHz, 0 %, 0 %
2026/03/23 23:06:18.192, 2, 234.02 W, 28, 2032 MHz, 3996 MHz, 0 %, 0 %
2026/03/23 23:06:18.192, 3, 235.13 W, 30, 2032 MHz, 3996 MHz, 0 %, 0 %
2026/03/23 23:06:18.192, 4, 179.05 W, 26, 120 MHz, 3996 MHz, 0 %, 0 %
2026/03/23 23:06:18.192, 5, 180.58 W, 28, 120 MHz, 3996 MHz, 0 %, 0 %
2026/03/23 23:06:18.192, 6, 178.60 W, 27, 120 MHz, 3996 MHz, 0 %, 0 %
2026/03/23 23:06:18.192, 7, 176.58 W, 28, 120 MHz, 3996 MHz, 0 %, 0 %
2026/03/23 23:06:19.192, 0, 229.65 W, 28, 2032 MHz, 3996 MHz, 0 %, 0 %
2026/03/23 23:06:19.192, 1, 233.74 W, 30, 2032 MHz, 3996 MHz, 0 %, 0 %
2026/03/23 23:06:19.192, 2, 234.02 W, 28, 2032 MHz, 3996 MHz, 0 %, 0 %
2026/03/23 23:06:19.192, 3, 235.13 W, 30, 2032 MHz, 3996 MHz, 0 %, 0 %
2026/03/23 23:06:19.192, 4, 179.05 W, 26, 120 MHz, 3996 MHz, 0 %, 0 %
2026/03/23 23:06:19.192, 5, 180.58 W, 28, 120 MHz, 3996 MHz, 0 %, 0 %
2026/03/23 23:06:19.192, 6, 178.64 W, 27, 120 MHz, 3996 MHz, 0 %, 0 %
2026/03/23 23:06:19.192, 7, 176.58 W, 28, 120 MHz, 3996 MHz, 0 %, 0 %
2026/03/23 23:06:20.192, 0, 229.62 W, 28, 2032 MHz, 3996 MHz, 0 %, 0 %
2026/03/23 23:06:20.192, 1, 233.82 W, 30, 2032 MHz, 3996 MHz, 0 %, 0 %
2026/03/23 23:06:20.192, 2, 234.00 W, 28, 2032 MHz, 3996 MHz, 0 %, 0 %
2026/03/23 23:06:20.192, 3, 235.13 W, 30, 2032 MHz, 3996 MHz, 0 %, 0 %
2026/03/23 23:06:20.192, 4, 178.98 W, 26, 120 MHz, 3996 MHz, 0 %, 0 %
2026/03/23 23:06:20.192, 5, 180.58 W, 28, 120 MHz, 3996 MHz, 0 %, 0 %
2026/03/23 23:06:20.192, 6, 178.60 W, 27, 120 MHz, 3996 MHz, 0 %, 0 %
2026/03/23 23:06:20.192, 7, 176.58 W, 28, 120 MHz, 3996 MHz, 0 %, 0 %
2026/03/23 23:06:21.192, 0, 229.77 W, 28, 2032 MHz, 3996 MHz, 0 %, 0 %
2026/03/23 23:06:21.192, 1, 234.00 W, 30, 2032 MHz, 3996 MHz, 0 %, 0 %
2026/03/23 23:06:21.192, 2, 234.00 W, 28, 2032 MHz, 3996 MHz, 0 %, 0 %
2026/03/23 23:06:21.192, 3, 235.15 W, 30, 2032 MHz, 3996 MHz, 0 %, 0 %
2026/03/23 23:06:21.192, 4, 179.14 W, 26, 120 MHz, 3996 MHz, 0 %, 0 %
2026/03/23 23:06:21.192, 5, 180.58 W, 28, 120 MHz, 3996 MHz, 0 %, 0 %
2026/03/23 23:06:21.192, 6, 178.60 W, 27, 120 MHz, 3996 MHz, 0 %, 0 %
2026/03/23 23:06:21.192, 7, 176.58 W, 28, 120 MHz, 3996 MHz, 0 %, 0 %
2026/03/23 23:06:22.192, 0, 229.74 W, 28, 2032 MHz, 3996 MHz, 0 %, 0 %
2026/03/23 23:06:22.192, 1, 234.12 W, 30, 2032 MHz, 3996 MHz, 0 %, 0 %
2026/03/23 23:06:22.192, 2, 233.99 W, 28, 2032 MHz, 3996 MHz, 0 %, 0 %
2026/03/23 23:06:22.192, 3, 235.11 W, 30, 2032 MHz, 3996 MHz, 0 %, 0 %
2026/03/23 23:06:22.192, 4, 178.97 W, 26, 120 MHz, 3996 MHz, 0 %, 0 %
2026/03/23 23:06:22.192, 5, 180.58 W, 28, 120 MHz, 3996 MHz, 0 %, 0 %
2026/03/23 23:06:22.192, 6, 178.64 W, 27, 120 MHz, 3996 MHz, 0 %, 0 %
2026/03/23 23:06:22.192, 7, 176.58 W, 28, 120 MHz, 3996 MHz, 0 %, 0 %
2026/03/23 23:06:23.192, 0, 229.74 W, 28, 2032 MHz, 3996 MHz, 0 %, 0 %
2026/03/23 23:06:23.192, 1, 233.96 W, 30, 2032 MHz, 3996 MHz, 0 %, 0 %
2026/03/23 23:06:23.192, 2, 233.99 W, 28, 2032 MHz, 3996 MHz, 0 %, 0 %
2026/03/23 23:06:23.192, 3, 235.12 W, 30, 2032 MHz, 3996 MHz, 0 %, 0 %
2026/03/23 23:06:23.193, 4, 178.98 W, 26, 120 MHz, 3996 MHz, 0 %, 0 %
2026/03/23 23:06:23.193, 5, 180.58 W, 28, 120 MHz, 3996 MHz, 0 %, 0 %
2026/03/23 23:06:23.193, 6, 178.64 W, 27, 120 MHz, 3996 MHz, 0 %, 0 %
2026/03/23 23:06:23.193, 7, 176.58 W, 28, 120 MHz, 3996 MHz, 0 %, 0 %
2026/03/23 23:06:24.193, 0, 229.66 W, 28, 2032 MHz, 3996 MHz, 0 %, 0 %
2026/03/23 23:06:24.193, 1, 233.88 W, 30, 2032 MHz, 3996 MHz, 0 %, 0 %
2026/03/23 23:06:24.193, 2, 234.01 W, 28, 2032 MHz, 3996 MHz, 0 %, 0 %
2026/03/23 23:06:24.193, 3, 235.11 W, 30, 2032 MHz, 3996 MHz, 0 %, 0 %
2026/03/23 23:06:24.193, 4, 179.09 W, 26, 120 MHz, 3996 MHz, 0 %, 0 %
2026/03/23 23:06:24.193, 5, 180.58 W, 28, 120 MHz, 3996 MHz, 0 %, 0 %
2026/03/23 23:06:24.193, 6, 178.64 W, 27, 120 MHz, 3996 MHz, 0 %, 0 %
2026/03/23 23:06:24.193, 7, 176.58 W, 28, 120 MHz, 3996 MHz, 0 %, 0 %
2026/03/23 23:06:25.193, 0, 229.85 W, 28, 2032 MHz, 3996 MHz, 0 %, 0 %
2026/03/23 23:06:25.193, 1, 233.70 W, 30, 2032 MHz, 3996 MHz, 0 %, 0 %
2026/03/23 23:06:25.193, 2, 234.00 W, 28, 2032 MHz, 3996 MHz, 0 %, 0 %
2026/03/23 23:06:25.193, 3, 235.16 W, 30, 2032 MHz, 3996 MHz, 0 %, 0 %
2026/03/23 23:06:25.193, 4, 179.21 W, 26, 120 MHz, 3996 MHz, 0 %, 0 %
2026/03/23 23:06:25.193, 5, 180.58 W, 28, 120 MHz, 3996 MHz, 0 %, 0 %
2026/03/23 23:06:25.193, 6, 178.64 W, 27, 120 MHz, 3996 MHz, 0 %, 0 %
2026/03/23 23:06:25.193, 7, 176.59 W, 28, 120 MHz, 3996 MHz, 0 %, 0 %
2026/03/23 23:06:26.193, 0, 229.85 W, 28, 2032 MHz, 3996 MHz, 0 %, 0 %
2026/03/23 23:06:26.193, 1, 233.80 W, 30, 2032 MHz, 3996 MHz, 0 %, 0 %
2026/03/23 23:06:26.193, 2, 234.00 W, 28, 2032 MHz, 3996 MHz, 0 %, 0 %
2026/03/23 23:06:26.193, 3, 235.13 W, 30, 2032 MHz, 3996 MHz, 0 %, 0 %
2026/03/23 23:06:26.193, 4, 178.90 W, 26, 120 MHz, 3996 MHz, 0 %, 0 %
2026/03/23 23:06:26.193, 5, 180.58 W, 28, 120 MHz, 3996 MHz, 0 %, 0 %
2026/03/23 23:06:26.193, 6, 178.64 W, 27, 120 MHz, 3996 MHz, 0 %, 0 %
2026/03/23 23:06:26.193, 7, 176.58 W, 28, 120 MHz, 3996 MHz, 0 %, 0 %
2026/03/23 23:06:27.193, 0, 229.85 W, 28, 2032 MHz, 3996 MHz, 0 %, 0 %
2026/03/23 23:06:27.193, 1, 233.87 W, 30, 2032 MHz, 3996 MHz, 0 %, 0 %
2026/03/23 23:06:27.193, 2, 234.01 W, 28, 2032 MHz, 3996 MHz, 0 %, 0 %
2026/03/23 23:06:27.193, 3, 235.16 W, 30, 2032 MHz, 3996 MHz, 0 %, 0 %
2026/03/23 23:06:27.193, 4, 178.98 W, 26, 120 MHz, 3996 MHz, 0 %, 0 %
2026/03/23 23:06:27.193, 5, 180.58 W, 28, 120 MHz, 3996 MHz, 0 %, 0 %
2026/03/23 23:06:27.193, 6, 178.64 W, 27, 120 MHz, 3996 MHz, 0 %, 0 %
2026/03/23 23:06:27.193, 7, 176.59 W, 28, 120 MHz, 3996 MHz, 0 %, 0 %
2026/03/23 23:06:28.193, 0, 229.73 W, 28, 2032 MHz, 3996 MHz, 0 %, 0 %
2026/03/23 23:06:28.193, 1, 233.93 W, 30, 2032 MHz, 3996 MHz, 0 %, 0 %
2026/03/23 23:06:28.193, 2, 234.01 W, 28, 2032 MHz, 3996 MHz, 0 %, 0 %
2026/03/23 23:06:28.193, 3, 235.14 W, 30, 2032 MHz, 3996 MHz, 0 %, 0 %
2026/03/23 23:06:28.193, 4, 178.98 W, 26, 120 MHz, 3996 MHz, 0 %, 0 %
2026/03/23 23:06:28.193, 5, 180.58 W, 28, 120 MHz, 3996 MHz, 0 %, 0 %
2026/03/23 23:06:28.193, 6, 178.64 W, 27, 120 MHz, 3996 MHz, 0 %, 0 %
2026/03/23 23:06:28.193, 7, 176.58 W, 28, 120 MHz, 3996 MHz, 0 %, 0 %
2026/03/23 23:06:29.193, 0, 229.74 W, 28, 2032 MHz, 3996 MHz, 0 %, 0 %
2026/03/23 23:06:29.193, 1, 233.46 W, 30, 2032 MHz, 3996 MHz, 0 %, 0 %
2026/03/23 23:06:29.193, 2, 234.01 W, 28, 2032 MHz, 3996 MHz, 0 %, 0 %
2026/03/23 23:06:29.193, 3, 235.14 W, 30, 2032 MHz, 3996 MHz, 0 %, 0 %
2026/03/23 23:06:29.193, 4, 179.25 W, 26, 120 MHz, 3996 MHz, 0 %, 0 %
2026/03/23 23:06:29.193, 5, 180.58 W, 28, 120 MHz, 3996 MHz, 0 %, 0 %
2026/03/23 23:06:29.193, 6, 178.64 W, 27, 120 MHz, 3996 MHz, 0 %, 0 %
2026/03/23 23:06:29.194, 7, 176.58 W, 28, 120 MHz, 3996 MHz, 0 %, 0 %
2026/03/23 23:06:30.194, 0, 229.65 W, 28, 2032 MHz, 3996 MHz, 0 %, 0 %
2026/03/23 23:06:30.194, 1, 233.70 W, 30, 2032 MHz, 3996 MHz, 0 %, 0 %
2026/03/23 23:06:30.194, 2, 234.01 W, 28, 2032 MHz, 3996 MHz, 0 %, 0 %
2026/03/23 23:06:30.194, 3, 235.13 W, 30, 2032 MHz, 3996 MHz, 0 %, 0 %
2026/03/23 23:06:30.194, 4, 179.16 W, 26, 120 MHz, 3996 MHz, 0 %, 0 %
2026/03/23 23:06:30.194, 5, 180.58 W, 28, 120 MHz, 3996 MHz, 0 %, 0 %
2026/03/23 23:06:30.194, 6, 178.64 W, 27, 120 MHz, 3996 MHz, 0 %, 0 %
2026/03/23 23:06:30.194, 7, 176.58 W, 28, 120 MHz, 3996 MHz, 0 %, 0 %
2026/03/23 23:06:31.194, 0, 229.70 W, 28, 2032 MHz, 3996 MHz, 0 %, 0 %
2026/03/23 23:06:31.194, 1, 233.69 W, 30, 2032 MHz, 3996 MHz, 0 %, 0 %
2026/03/23 23:06:31.194, 2, 234.01 W, 28, 2032 MHz, 3996 MHz, 0 %, 0 %
2026/03/23 23:06:31.194, 3, 235.14 W, 30, 2032 MHz, 3996 MHz, 0 %, 0 %
2026/03/23 23:06:31.194, 4, 179.18 W, 26, 120 MHz, 3996 MHz, 0 %, 0 %
2026/03/23 23:06:31.194, 5, 180.58 W, 28, 120 MHz, 3996 MHz, 0 %, 0 %
2026/03/23 23:06:31.194, 6, 178.64 W, 27, 120 MHz, 3996 MHz, 0 %, 0 %
2026/03/23 23:06:31.194, 7, 176.58 W, 28, 120 MHz, 3996 MHz, 0 %, 0 %
2026/03/23 23:06:32.194, 0, 229.65 W, 28, 2032 MHz, 3996 MHz, 0 %, 0 %
2026/03/23 23:06:32.194, 1, 233.60 W, 30, 2032 MHz, 3996 MHz, 0 %, 0 %
2026/03/23 23:06:32.194, 2, 234.02 W, 28, 2032 MHz, 3996 MHz, 0 %, 0 %
2026/03/23 23:06:32.194, 3, 235.14 W, 30, 2032 MHz, 3996 MHz, 0 %, 0 %
2026/03/23 23:06:32.194, 4, 178.90 W, 26, 120 MHz, 3996 MHz, 0 %, 0 %
2026/03/23 23:06:32.194, 5, 180.62 W, 28, 120 MHz, 3996 MHz, 0 %, 0 %
2026/03/23 23:06:32.194, 6, 178.60 W, 27, 120 MHz, 3996 MHz, 0 %, 0 %
2026/03/23 23:06:32.194, 7, 176.58 W, 28, 120 MHz, 3996 MHz, 0 %, 0 %
2026/03/23 23:06:33.194, 0, 229.81 W, 28, 2032 MHz, 3996 MHz, 0 %, 0 %
2026/03/23 23:06:33.194, 1, 233.45 W, 30, 2032 MHz, 3996 MHz, 0 %, 0 %
2026/03/23 23:06:33.194, 2, 234.02 W, 28, 2032 MHz, 3996 MHz, 0 %, 0 %
2026/03/23 23:06:33.194, 3, 235.17 W, 30, 2032 MHz, 3996 MHz, 0 %, 0 %
2026/03/23 23:06:33.194, 4, 178.97 W, 26, 120 MHz, 3996 MHz, 0 %, 0 %
2026/03/23 23:06:33.194, 5, 180.58 W, 28, 120 MHz, 3996 MHz, 0 %, 0 %
2026/03/23 23:06:33.194, 6, 178.64 W, 27, 120 MHz, 3996 MHz, 0 %, 0 %
2026/03/23 23:06:33.194, 7, 176.58 W, 28, 120 MHz, 3996 MHz, 0 %, 0 %
2026/03/23 23:06:34.194, 0, 229.81 W, 28, 2032 MHz, 3996 MHz, 0 %, 0 %
2026/03/23 23:06:34.194, 1, 233.55 W, 30, 2032 MHz, 3996 MHz, 0 %, 0 %
2026/03/23 23:06:34.194, 2, 234.01 W, 28, 2032 MHz, 3996 MHz, 0 %, 0 %
2026/03/23 23:06:34.194, 3, 235.14 W, 30, 2032 MHz, 3996 MHz, 0 %, 0 %
2026/03/23 23:06:34.194, 4, 179.00 W, 26, 120 MHz, 3996 MHz, 0 %, 0 %
2026/03/23 23:06:34.194, 5, 180.58 W, 28, 120 MHz, 3996 MHz, 0 %, 0 %
2026/03/23 23:06:34.194, 6, 178.64 W, 27, 120 MHz, 3996 MHz, 0 %, 0 %
2026/03/23 23:06:34.194, 7, 176.58 W, 28, 120 MHz, 3996 MHz, 0 %, 0 %
2026/03/23 23:06:35.194, 0, 229.81 W, 28, 2032 MHz, 3996 MHz, 0 %, 0 %
2026/03/23 23:06:35.194, 1, 233.88 W, 30, 2032 MHz, 3996 MHz, 0 %, 0 %
2026/03/23 23:06:35.194, 2, 234.06 W, 28, 2032 MHz, 3996 MHz, 0 %, 0 %
2026/03/23 23:06:35.194, 3, 235.15 W, 30, 2032 MHz, 3996 MHz, 0 %, 0 %
2026/03/23 23:06:35.194, 4, 178.99 W, 26, 120 MHz, 3996 MHz, 0 %, 0 %
2026/03/23 23:06:35.194, 5, 180.58 W, 28, 120 MHz, 3996 MHz, 0 %, 0 %
2026/03/23 23:06:35.194, 6, 178.64 W, 27, 120 MHz, 3996 MHz, 0 %, 0 %
2026/03/23 23:06:35.194, 7, 176.58 W, 28, 120 MHz, 3996 MHz, 0 %, 0 %
2026/03/23 23:06:36.195, 0, 229.66 W, 28, 2032 MHz, 3996 MHz, 0 %, 0 %
2026/03/23 23:06:36.195, 1, 233.56 W, 30, 2032 MHz, 3996 MHz, 0 %, 0 %
2026/03/23 23:06:36.195, 2, 234.08 W, 28, 2032 MHz, 3996 MHz, 0 %, 0 %
2026/03/23 23:06:36.195, 3, 235.15 W, 30, 2032 MHz, 3996 MHz, 0 %, 0 %
2026/03/23 23:06:36.195, 4, 179.09 W, 26, 120 MHz, 3996 MHz, 0 %, 0 %
2026/03/23 23:06:36.195, 5, 180.58 W, 28, 120 MHz, 3996 MHz, 0 %, 0 %
2026/03/23 23:06:36.195, 6, 178.64 W, 27, 120 MHz, 3996 MHz, 0 %, 0 %
2026/03/23 23:06:36.195, 7, 176.58 W, 28, 120 MHz, 3996 MHz, 0 %, 0 %
2026/03/23 23:06:37.195, 0, 229.77 W, 28, 2032 MHz, 3996 MHz, 0 %, 0 %
2026/03/23 23:06:37.195, 1, 233.88 W, 30, 2032 MHz, 3996 MHz, 0 %, 0 %
2026/03/23 23:06:37.195, 2, 234.01 W, 28, 2032 MHz, 3996 MHz, 0 %, 0 %
2026/03/23 23:06:37.195, 3, 235.14 W, 30, 2032 MHz, 3996 MHz, 0 %, 0 %
2026/03/23 23:06:37.195, 4, 178.98 W, 26, 120 MHz, 3996 MHz, 0 %, 0 %
2026/03/23 23:06:37.195, 5, 180.58 W, 28, 120 MHz, 3996 MHz, 0 %, 0 %
2026/03/23 23:06:37.195, 6, 178.64 W, 27, 120 MHz, 3996 MHz, 0 %, 0 %
2026/03/23 23:06:37.195, 7, 176.58 W, 28, 120 MHz, 3996 MHz, 0 %, 0 %
2026/03/23 23:06:38.195, 0, 229.77 W, 28, 2032 MHz, 3996 MHz, 0 %, 0 %
2026/03/23 23:06:38.195, 1, 233.82 W, 30, 2032 MHz, 3996 MHz, 0 %, 0 %
2026/03/23 23:06:38.195, 2, 234.02 W, 28, 2032 MHz, 3996 MHz, 0 %, 0 %
2026/03/23 23:06:38.195, 3, 235.17 W, 30, 2032 MHz, 3996 MHz, 0 %, 0 %
2026/03/23 23:06:38.195, 4, 178.86 W, 26, 120 MHz, 3996 MHz, 0 %, 0 %
2026/03/23 23:06:38.195, 5, 180.58 W, 28, 120 MHz, 3996 MHz, 0 %, 0 %
2026/03/23 23:06:38.195, 6, 178.64 W, 27, 120 MHz, 3996 MHz, 0 %, 0 %
2026/03/23 23:06:38.195, 7, 176.58 W, 28, 120 MHz, 3996 MHz, 0 %, 0 %
2026/03/23 23:06:39.195, 0, 229.46 W, 28, 2032 MHz, 3996 MHz, 0 %, 0 %
2026/03/23 23:06:39.195, 1, 233.60 W, 30, 2032 MHz, 3996 MHz, 0 %, 0 %
2026/03/23 23:06:39.195, 2, 234.02 W, 28, 2032 MHz, 3996 MHz, 0 %, 0 %
2026/03/23 23:06:39.195, 3, 235.17 W, 30, 2032 MHz, 3996 MHz, 0 %, 0 %
2026/03/23 23:06:39.195, 4, 179.13 W, 26, 120 MHz, 3996 MHz, 0 %, 0 %
2026/03/23 23:06:39.195, 5, 180.58 W, 28, 120 MHz, 3996 MHz, 0 %, 0 %
2026/03/23 23:06:39.195, 6, 178.64 W, 27, 120 MHz, 3996 MHz, 0 %, 0 %
2026/03/23 23:06:39.195, 7, 176.58 W, 28, 120 MHz, 3996 MHz, 0 %, 0 %
2026/03/23 23:06:40.195, 0, 229.66 W, 28, 2032 MHz, 3996 MHz, 0 %, 0 %
2026/03/23 23:06:40.195, 1, 233.42 W, 30, 2032 MHz, 3996 MHz, 0 %, 0 %
2026/03/23 23:06:40.195, 2, 234.01 W, 28, 2032 MHz, 3996 MHz, 0 %, 0 %
2026/03/23 23:06:40.195, 3, 235.16 W, 30, 2032 MHz, 3996 MHz, 0 %, 0 %
2026/03/23 23:06:40.195, 4, 179.01 W, 26, 120 MHz, 3996 MHz, 0 %, 0 %
2026/03/23 23:06:40.195, 5, 180.58 W, 28, 120 MHz, 3996 MHz, 0 %, 0 %
2026/03/23 23:06:40.195, 6, 178.64 W, 27, 120 MHz, 3996 MHz, 0 %, 0 %
2026/03/23 23:06:40.195, 7, 176.58 W, 28, 120 MHz, 3996 MHz, 0 %, 0 %
2026/03/23 23:06:41.195, 0, 229.74 W, 28, 2032 MHz, 3996 MHz, 0 %, 0 %
2026/03/23 23:06:41.195, 1, 233.44 W, 30, 2032 MHz, 3996 MHz, 0 %, 0 %
2026/03/23 23:06:41.195, 2, 234.02 W, 28, 2032 MHz, 3996 MHz, 0 %, 0 %
2026/03/23 23:06:41.195, 3, 235.24 W, 30, 2032 MHz, 3996 MHz, 0 %, 0 %
2026/03/23 23:06:41.195, 4, 178.89 W, 26, 120 MHz, 3996 MHz, 0 %, 0 %
2026/03/23 23:06:41.195, 5, 180.58 W, 28, 120 MHz, 3996 MHz, 0 %, 0 %
2026/03/23 23:06:41.195, 6, 178.60 W, 27, 120 MHz, 3996 MHz, 0 %, 0 %
2026/03/23 23:06:41.195, 7, 176.58 W, 28, 120 MHz, 3996 MHz, 0 %, 0 %
2026/03/23 23:06:42.196, 0, 229.81 W, 28, 2032 MHz, 3996 MHz, 0 %, 0 %
2026/03/23 23:06:42.196, 1, 233.34 W, 30, 2032 MHz, 3996 MHz, 0 %, 0 %
2026/03/23 23:06:42.196, 2, 234.02 W, 28, 2032 MHz, 3996 MHz, 0 %, 0 %
2026/03/23 23:06:42.196, 3, 235.21 W, 30, 2032 MHz, 3996 MHz, 0 %, 0 %
2026/03/23 23:06:42.196, 4, 178.96 W, 26, 120 MHz, 3996 MHz, 0 %, 0 %
2026/03/23 23:06:42.196, 5, 180.58 W, 28, 120 MHz, 3996 MHz, 0 %, 0 %
2026/03/23 23:06:42.196, 6, 178.64 W, 27, 120 MHz, 3996 MHz, 0 %, 0 %
2026/03/23 23:06:42.196, 7, 176.58 W, 28, 120 MHz, 3996 MHz, 0 %, 0 %
2026/03/23 23:06:43.196, 0, 229.77 W, 28, 2032 MHz, 3996 MHz, 0 %, 0 %
2026/03/23 23:06:43.196, 1, 233.56 W, 30, 2032 MHz, 3996 MHz, 0 %, 0 %
2026/03/23 23:06:43.196, 2, 234.02 W, 28, 2032 MHz, 3996 MHz, 0 %, 0 %
2026/03/23 23:06:43.196, 3, 235.19 W, 30, 2032 MHz, 3996 MHz, 0 %, 0 %
2026/03/23 23:06:43.196, 4, 178.94 W, 26, 120 MHz, 3996 MHz, 0 %, 0 %
2026/03/23 23:06:43.196, 5, 180.58 W, 28, 120 MHz, 3996 MHz, 0 %, 0 %
2026/03/23 23:06:43.196, 6, 178.64 W, 27, 120 MHz, 3996 MHz, 0 %, 0 %
2026/03/23 23:06:43.196, 7, 176.58 W, 28, 120 MHz, 3996 MHz, 0 %, 0 %
2026/03/23 23:06:44.196, 0, 229.69 W, 28, 2032 MHz, 3996 MHz, 0 %, 0 %
2026/03/23 23:06:44.196, 1, 233.46 W, 30, 2032 MHz, 3996 MHz, 0 %, 0 %
2026/03/23 23:06:44.196, 2, 234.02 W, 28, 2032 MHz, 3996 MHz, 0 %, 0 %
2026/03/23 23:06:44.196, 3, 235.18 W, 30, 2032 MHz, 3996 MHz, 0 %, 0 %
2026/03/23 23:06:44.196, 4, 179.05 W, 26, 120 MHz, 3996 MHz, 0 %, 0 %
2026/03/23 23:06:44.196, 5, 180.58 W, 28, 120 MHz, 3996 MHz, 0 %, 0 %
2026/03/23 23:06:44.196, 6, 178.64 W, 27, 120 MHz, 3996 MHz, 0 %, 0 %
2026/03/23 23:06:44.196, 7, 176.58 W, 28, 120 MHz, 3996 MHz, 0 %, 0 %
2026/03/23 23:06:45.196, 0, 229.54 W, 28, 2032 MHz, 3996 MHz, 0 %, 0 %
2026/03/23 23:06:45.196, 1, 233.35 W, 30, 2032 MHz, 3996 MHz, 0 %, 0 %
2026/03/23 23:06:45.196, 2, 234.01 W, 28, 2032 MHz, 3996 MHz, 0 %, 0 %
2026/03/23 23:06:45.196, 3, 235.17 W, 30, 2032 MHz, 3996 MHz, 0 %, 0 %
2026/03/23 23:06:45.196, 4, 178.86 W, 26, 120 MHz, 3996 MHz, 0 %, 0 %
2026/03/23 23:06:45.196, 5, 180.58 W, 28, 120 MHz, 3996 MHz, 0 %, 0 %
2026/03/23 23:06:45.196, 6, 178.64 W, 27, 120 MHz, 3996 MHz, 0 %, 0 %
2026/03/23 23:06:45.196, 7, 176.58 W, 28, 120 MHz, 3996 MHz, 0 %, 0 %
2026/03/23 23:06:46.196, 0, 229.81 W, 28, 2032 MHz, 3996 MHz, 0 %, 0 %
2026/03/23 23:06:46.196, 1, 233.36 W, 30, 2032 MHz, 3996 MHz, 0 %, 0 %
2026/03/23 23:06:46.196, 2, 234.01 W, 28, 2032 MHz, 3996 MHz, 0 %, 0 %
2026/03/23 23:06:46.196, 3, 235.17 W, 30, 2032 MHz, 3996 MHz, 0 %, 0 %
2026/03/23 23:06:46.196, 4, 178.97 W, 26, 120 MHz, 3996 MHz, 0 %, 0 %
2026/03/23 23:06:46.196, 5, 180.58 W, 28, 120 MHz, 3996 MHz, 0 %, 0 %
2026/03/23 23:06:46.196, 6, 178.60 W, 27, 120 MHz, 3996 MHz, 0 %, 0 %
2026/03/23 23:06:46.196, 7, 176.59 W, 28, 120 MHz, 3996 MHz, 0 %, 0 %
2026/03/23 23:06:47.196, 0, 229.62 W, 28, 2032 MHz, 3996 MHz, 0 %, 0 %
2026/03/23 23:06:47.196, 1, 233.50 W, 30, 2032 MHz, 3996 MHz, 0 %, 0 %
2026/03/23 23:06:47.196, 2, 234.01 W, 28, 2032 MHz, 3996 MHz, 0 %, 0 %
2026/03/23 23:06:47.196, 3, 235.14 W, 30, 2032 MHz, 3996 MHz, 0 %, 0 %
2026/03/23 23:06:47.196, 4, 179.13 W, 26, 120 MHz, 3996 MHz, 0 %, 0 %
2026/03/23 23:06:47.196, 5, 180.58 W, 28, 120 MHz, 3996 MHz, 0 %, 0 %
2026/03/23 23:06:47.196, 6, 178.64 W, 27, 120 MHz, 3996 MHz, 0 %, 0 %
2026/03/23 23:06:47.196, 7, 176.58 W, 28, 120 MHz, 3996 MHz, 0 %, 0 %
2026/03/23 23:06:48.197, 0, 229.77 W, 28, 2032 MHz, 3996 MHz, 0 %, 0 %
2026/03/23 23:06:48.197, 1, 233.67 W, 30, 2032 MHz, 3996 MHz, 0 %, 0 %
2026/03/23 23:06:48.197, 2, 234.02 W, 28, 2032 MHz, 3996 MHz, 0 %, 0 %
2026/03/23 23:06:48.197, 3, 235.14 W, 30, 2032 MHz, 3996 MHz, 0 %, 0 %
2026/03/23 23:06:48.197, 4, 179.05 W, 26, 120 MHz, 3996 MHz, 0 %, 0 %
2026/03/23 23:06:48.197, 5, 180.58 W, 28, 120 MHz, 3996 MHz, 0 %, 0 %
2026/03/23 23:06:48.197, 6, 178.64 W, 27, 120 MHz, 3996 MHz, 0 %, 0 %
2026/03/23 23:06:48.197, 7, 176.58 W, 28, 120 MHz, 3996 MHz, 0 %, 0 %
2026/03/23 23:06:49.197, 0, 229.55 W, 28, 2032 MHz, 3996 MHz, 0 %, 0 %
2026/03/23 23:06:49.197, 1, 233.57 W, 30, 2032 MHz, 3996 MHz, 0 %, 0 %
2026/03/23 23:06:49.197, 2, 234.02 W, 28, 2032 MHz, 3996 MHz, 0 %, 0 %
2026/03/23 23:06:49.197, 3, 235.14 W, 30, 2032 MHz, 3996 MHz, 0 %, 0 %
2026/03/23 23:06:49.197, 4, 179.04 W, 26, 120 MHz, 3996 MHz, 0 %, 0 %
2026/03/23 23:06:49.197, 5, 180.58 W, 28, 120 MHz, 3996 MHz, 0 %, 0 %
2026/03/23 23:06:49.197, 6, 178.64 W, 27, 120 MHz, 3996 MHz, 0 %, 0 %
2026/03/23 23:06:49.197, 7, 176.58 W, 28, 120 MHz, 3996 MHz, 0 %, 0 %
2026/03/23 23:06:50.197, 0, 229.77 W, 28, 2032 MHz, 3996 MHz, 0 %, 0 %
2026/03/23 23:06:50.197, 1, 233.45 W, 30, 2032 MHz, 3996 MHz, 0 %, 0 %
2026/03/23 23:06:50.197, 2, 234.02 W, 28, 2032 MHz, 3996 MHz, 0 %, 0 %
2026/03/23 23:06:50.197, 3, 235.16 W, 30, 2032 MHz, 3996 MHz, 0 %, 0 %
2026/03/23 23:06:50.197, 4, 179.09 W, 26, 120 MHz, 3996 MHz, 0 %, 0 %
2026/03/23 23:06:50.197, 5, 180.58 W, 28, 120 MHz, 3996 MHz, 0 %, 0 %
2026/03/23 23:06:50.197, 6, 178.56 W, 27, 120 MHz, 3996 MHz, 0 %, 0 %
2026/03/23 23:06:50.197, 7, 176.59 W, 28, 120 MHz, 3996 MHz, 0 %, 0 %
2026/03/23 23:06:51.197, 0, 229.77 W, 28, 2032 MHz, 3996 MHz, 0 %, 0 %
2026/03/23 23:06:51.197, 1, 233.46 W, 30, 2032 MHz, 3996 MHz, 0 %, 0 %
2026/03/23 23:06:51.197, 2, 234.02 W, 28, 2032 MHz, 3996 MHz, 0 %, 0 %
2026/03/23 23:06:51.197, 3, 235.16 W, 30, 2032 MHz, 3996 MHz, 0 %, 0 %
2026/03/23 23:06:51.197, 4, 178.94 W, 26, 120 MHz, 3996 MHz, 0 %, 0 %
2026/03/23 23:06:51.197, 5, 180.58 W, 28, 120 MHz, 3996 MHz, 0 %, 0 %
2026/03/23 23:06:51.197, 6, 178.64 W, 27, 120 MHz, 3996 MHz, 0 %, 0 %
2026/03/23 23:06:51.197, 7, 176.58 W, 28, 120 MHz, 3996 MHz, 0 %, 0 %
2026/03/23 23:06:52.197, 0, 229.40 W, 28, 2032 MHz, 3996 MHz, 0 %, 0 %
2026/03/23 23:06:52.197, 1, 233.49 W, 30, 2032 MHz, 3996 MHz, 0 %, 0 %
2026/03/23 23:06:52.197, 2, 234.02 W, 28, 2032 MHz, 3996 MHz, 0 %, 0 %
2026/03/23 23:06:52.197, 3, 235.15 W, 30, 2032 MHz, 3996 MHz, 0 %, 0 %
2026/03/23 23:06:52.197, 4, 179.27 W, 26, 120 MHz, 3996 MHz, 0 %, 0 %
2026/03/23 23:06:52.197, 5, 180.58 W, 28, 120 MHz, 3996 MHz, 0 %, 0 %
2026/03/23 23:06:52.197, 6, 178.60 W, 27, 120 MHz, 3996 MHz, 0 %, 0 %
2026/03/23 23:06:52.197, 7, 176.59 W, 28, 120 MHz, 3996 MHz, 0 %, 0 %
2026/03/23 23:06:53.197, 0, 229.73 W, 28, 2032 MHz, 3996 MHz, 0 %, 0 %
2026/03/23 23:06:53.197, 1, 233.64 W, 30, 2032 MHz, 3996 MHz, 0 %, 0 %
2026/03/23 23:06:53.197, 2, 234.02 W, 28, 2032 MHz, 3996 MHz, 0 %, 0 %
2026/03/23 23:06:53.197, 3, 235.15 W, 30, 2032 MHz, 3996 MHz, 0 %, 0 %
2026/03/23 23:06:53.197, 4, 178.87 W, 26, 120 MHz, 3996 MHz, 0 %, 0 %
2026/03/23 23:06:53.197, 5, 180.58 W, 28, 120 MHz, 3996 MHz, 0 %, 0 %
2026/03/23 23:06:53.197, 6, 178.64 W, 27, 120 MHz, 3996 MHz, 0 %, 0 %
2026/03/23 23:06:53.197, 7, 176.58 W, 28, 120 MHz, 3996 MHz, 0 %, 0 %
2026/03/23 23:06:54.198, 0, 229.42 W, 28, 2032 MHz, 3996 MHz, 0 %, 0 %
2026/03/23 23:06:54.198, 1, 233.78 W, 30, 2032 MHz, 3996 MHz, 0 %, 0 %
2026/03/23 23:06:54.198, 2, 234.02 W, 28, 2032 MHz, 3996 MHz, 0 %, 0 %
2026/03/23 23:06:54.198, 3, 235.14 W, 30, 2032 MHz, 3996 MHz, 0 %, 0 %
2026/03/23 23:06:54.198, 4, 179.17 W, 26, 120 MHz, 3996 MHz, 0 %, 0 %
2026/03/23 23:06:54.198, 5, 180.58 W, 28, 120 MHz, 3996 MHz, 0 %, 0 %
2026/03/23 23:06:54.198, 6, 178.64 W, 27, 120 MHz, 3996 MHz, 0 %, 0 %
2026/03/23 23:06:54.198, 7, 176.58 W, 28, 120 MHz, 3996 MHz, 0 %, 0 %
2026/03/23 23:06:55.198, 0, 229.55 W, 28, 2032 MHz, 3996 MHz, 0 %, 0 %
2026/03/23 23:06:55.198, 1, 233.57 W, 30, 2032 MHz, 3996 MHz, 0 %, 0 %
2026/03/23 23:06:55.198, 2, 234.04 W, 28, 2032 MHz, 3996 MHz, 0 %, 0 %
2026/03/23 23:06:55.198, 3, 235.13 W, 30, 2032 MHz, 3996 MHz, 0 %, 0 %
2026/03/23 23:06:55.198, 4, 179.09 W, 26, 120 MHz, 3996 MHz, 0 %, 0 %
2026/03/23 23:06:55.198, 5, 180.62 W, 28, 120 MHz, 3996 MHz, 0 %, 0 %
2026/03/23 23:06:55.198, 6, 178.64 W, 27, 120 MHz, 3996 MHz, 0 %, 0 %
2026/03/23 23:06:55.198, 7, 176.58 W, 28, 120 MHz, 3996 MHz, 0 %, 0 %
2026/03/23 23:06:56.198, 0, 229.81 W, 28, 2032 MHz, 3996 MHz, 0 %, 0 %
2026/03/23 23:06:56.198, 1, 233.59 W, 30, 2032 MHz, 3996 MHz, 0 %, 0 %
2026/03/23 23:06:56.198, 2, 234.02 W, 28, 2032 MHz, 3996 MHz, 0 %, 0 %
2026/03/23 23:06:56.198, 3, 235.15 W, 30, 2032 MHz, 3996 MHz, 0 %, 0 %
2026/03/23 23:06:56.198, 4, 178.95 W, 26, 120 MHz, 3996 MHz, 0 %, 0 %
2026/03/23 23:06:56.198, 5, 180.58 W, 28, 120 MHz, 3996 MHz, 0 %, 0 %
2026/03/23 23:06:56.198, 6, 178.64 W, 27, 120 MHz, 3996 MHz, 0 %, 0 %
2026/03/23 23:06:56.198, 7, 176.58 W, 28, 120 MHz, 3996 MHz, 0 %, 0 %
2026/03/23 23:06:57.198, 0, 229.54 W, 28, 2032 MHz, 3996 MHz, 0 %, 0 %
2026/03/23 23:06:57.198, 1, 233.35 W, 30, 2032 MHz, 3996 MHz, 0 %, 0 %
2026/03/23 23:06:57.198, 2, 234.02 W, 28, 2032 MHz, 3996 MHz, 0 %, 0 %
2026/03/23 23:06:57.198, 3, 235.15 W, 30, 2032 MHz, 3996 MHz, 0 %, 0 %
2026/03/23 23:06:57.198, 4, 178.86 W, 26, 120 MHz, 3996 MHz, 0 %, 0 %
2026/03/23 23:06:57.198, 5, 180.58 W, 28, 120 MHz, 3996 MHz, 0 %, 0 %
2026/03/23 23:06:57.198, 6, 178.64 W, 27, 120 MHz, 3996 MHz, 0 %, 0 %
2026/03/23 23:06:57.198, 7, 176.58 W, 28, 120 MHz, 3996 MHz, 0 %, 0 %
2026/03/23 23:06:58.198, 0, 229.70 W, 28, 2032 MHz, 3996 MHz, 0 %, 0 %
2026/03/23 23:06:58.198, 1, 233.51 W, 30, 2032 MHz, 3996 MHz, 0 %, 0 %
2026/03/23 23:06:58.198, 2, 234.02 W, 28, 2032 MHz, 3996 MHz, 0 %, 0 %
2026/03/23 23:06:58.198, 3, 235.12 W, 30, 2032 MHz, 3996 MHz, 0 %, 0 %
2026/03/23 23:06:58.198, 4, 179.06 W, 26, 120 MHz, 3996 MHz, 0 %, 0 %
2026/03/23 23:06:58.198, 5, 180.58 W, 28, 120 MHz, 3996 MHz, 0 %, 0 %
2026/03/23 23:06:58.198, 6, 178.60 W, 27, 120 MHz, 3996 MHz, 0 %, 0 %
2026/03/23 23:06:58.198, 7, 176.58 W, 28, 120 MHz, 3996 MHz, 0 %, 0 %
2026/03/23 23:06:59.198, 0, 229.74 W, 28, 2032 MHz, 3996 MHz, 0 %, 0 %
2026/03/23 23:06:59.198, 1, 233.50 W, 30, 2032 MHz, 3996 MHz, 0 %, 0 %
2026/03/23 23:06:59.198, 2, 234.02 W, 28, 2032 MHz, 3996 MHz, 0 %, 0 %
2026/03/23 23:06:59.198, 3, 235.15 W, 30, 2032 MHz, 3996 MHz, 0 %, 0 %
2026/03/23 23:06:59.198, 4, 179.16 W, 26, 120 MHz, 3996 MHz, 0 %, 0 %
2026/03/23 23:06:59.198, 5, 180.58 W, 28, 120 MHz, 3996 MHz, 0 %, 0 %
2026/03/23 23:06:59.198, 6, 178.60 W, 27, 120 MHz, 3996 MHz, 0 %, 0 %
2026/03/23 23:06:59.198, 7, 176.58 W, 28, 120 MHz, 3996 MHz, 0 %, 0 %
2026/03/23 23:07:00.199, 0, 229.77 W, 28, 2032 MHz, 3996 MHz, 0 %, 0 %
2026/03/23 23:07:00.199, 1, 233.78 W, 30, 2032 MHz, 3996 MHz, 0 %, 0 %
2026/03/23 23:07:00.199, 2, 234.05 W, 28, 2032 MHz, 3996 MHz, 0 %, 0 %
2026/03/23 23:07:00.199, 3, 235.13 W, 30, 2032 MHz, 3996 MHz, 0 %, 0 %
2026/03/23 23:07:00.199, 4, 179.14 W, 26, 120 MHz, 3996 MHz, 0 %, 0 %
2026/03/23 23:07:00.199, 5, 180.58 W, 28, 120 MHz, 3996 MHz, 0 %, 0 %
2026/03/23 23:07:00.199, 6, 178.64 W, 27, 120 MHz, 3996 MHz, 0 %, 0 %
2026/03/23 23:07:00.199, 7, 176.58 W, 28, 120 MHz, 3996 MHz, 0 %, 0 %
2026/03/23 23:07:01.199, 0, 229.58 W, 28, 2032 MHz, 3996 MHz, 0 %, 0 %
2026/03/23 23:07:01.199, 1, 233.40 W, 30, 2032 MHz, 3996 MHz, 0 %, 0 %
2026/03/23 23:07:01.199, 2, 234.02 W, 28, 2032 MHz, 3996 MHz, 0 %, 0 %
2026/03/23 23:07:01.199, 3, 235.12 W, 30, 2032 MHz, 3996 MHz, 0 %, 0 %
2026/03/23 23:07:01.199, 4, 179.05 W, 26, 120 MHz, 3996 MHz, 0 %, 0 %
2026/03/23 23:07:01.199, 5, 180.58 W, 28, 120 MHz, 3996 MHz, 0 %, 0 %
2026/03/23 23:07:01.199, 6, 178.64 W, 27, 120 MHz, 3996 MHz, 0 %, 0 %
2026/03/23 23:07:01.199, 7, 176.58 W, 28, 120 MHz, 3996 MHz, 0 %, 0 %
2026/03/23 23:07:02.199, 0, 229.74 W, 28, 2032 MHz, 3996 MHz, 0 %, 0 %
2026/03/23 23:07:02.199, 1, 233.60 W, 30, 2032 MHz, 3996 MHz, 0 %, 0 %
2026/03/23 23:07:02.199, 2, 234.02 W, 28, 2032 MHz, 3996 MHz, 0 %, 0 %
2026/03/23 23:07:02.199, 3, 235.09 W, 30, 2032 MHz, 3996 MHz, 0 %, 0 %
2026/03/23 23:07:02.199, 4, 178.91 W, 26, 120 MHz, 3996 MHz, 0 %, 0 %
2026/03/23 23:07:02.199, 5, 180.58 W, 28, 120 MHz, 3996 MHz, 0 %, 0 %
2026/03/23 23:07:02.199, 6, 178.64 W, 27, 120 MHz, 3996 MHz, 0 %, 0 %
2026/03/23 23:07:02.199, 7, 176.59 W, 28, 120 MHz, 3996 MHz, 0 %, 0 %
2026/03/23 23:07:03.199, 0, 229.81 W, 28, 2032 MHz, 3996 MHz, 0 %, 0 %
2026/03/23 23:07:03.199, 1, 233.68 W, 30, 2032 MHz, 3996 MHz, 0 %, 0 %
2026/03/23 23:07:03.199, 2, 234.02 W, 28, 2032 MHz, 3996 MHz, 0 %, 0 %
2026/03/23 23:07:03.199, 3, 235.14 W, 30, 2032 MHz, 3996 MHz, 0 %, 0 %
2026/03/23 23:07:03.199, 4, 179.10 W, 26, 120 MHz, 3996 MHz, 0 %, 0 %
2026/03/23 23:07:03.199, 5, 180.59 W, 28, 120 MHz, 3996 MHz, 0 %, 0 %
2026/03/23 23:07:03.199, 6, 178.64 W, 27, 120 MHz, 3996 MHz, 0 %, 0 %
2026/03/23 23:07:03.199, 7, 176.59 W, 28, 120 MHz, 3996 MHz, 0 %, 0 %
2026/03/23 23:07:04.199, 0, 229.74 W, 28, 2032 MHz, 3996 MHz, 0 %, 0 %
2026/03/23 23:07:04.199, 1, 233.48 W, 30, 2032 MHz, 3996 MHz, 0 %, 0 %
2026/03/23 23:07:04.199, 2, 234.02 W, 28, 2032 MHz, 3996 MHz, 0 %, 0 %
2026/03/23 23:07:04.199, 3, 235.11 W, 30, 2032 MHz, 3996 MHz, 0 %, 0 %
2026/03/23 23:07:04.199, 4, 178.94 W, 26, 120 MHz, 3996 MHz, 0 %, 0 %
2026/03/23 23:07:04.199, 5, 180.58 W, 28, 120 MHz, 3996 MHz, 0 %, 0 %
2026/03/23 23:07:04.199, 6, 178.64 W, 27, 120 MHz, 3996 MHz, 0 %, 0 %
2026/03/23 23:07:04.199, 7, 176.58 W, 28, 120 MHz, 3996 MHz, 0 %, 0 %
2026/03/23 23:07:05.199, 0, 229.65 W, 28, 2032 MHz, 3996 MHz, 0 %, 0 %
2026/03/23 23:07:05.199, 1, 233.49 W, 30, 2032 MHz, 3996 MHz, 0 %, 0 %
2026/03/23 23:07:05.199, 2, 234.06 W, 28, 2032 MHz, 3996 MHz, 0 %, 0 %
2026/03/23 23:07:05.199, 3, 235.15 W, 30, 2032 MHz, 3996 MHz, 0 %, 0 %
2026/03/23 23:07:05.199, 4, 179.13 W, 26, 120 MHz, 3996 MHz, 0 %, 0 %
2026/03/23 23:07:05.199, 5, 180.58 W, 28, 120 MHz, 3996 MHz, 0 %, 0 %
2026/03/23 23:07:05.199, 6, 178.60 W, 27, 120 MHz, 3996 MHz, 0 %, 0 %
2026/03/23 23:07:05.199, 7, 176.59 W, 28, 120 MHz, 3996 MHz, 0 %, 0 %
2026/03/23 23:07:06.200, 0, 229.69 W, 28, 2032 MHz, 3996 MHz, 0 %, 0 %
2026/03/23 23:07:06.200, 1, 233.80 W, 30, 2032 MHz, 3996 MHz, 0 %, 0 %
2026/03/23 23:07:06.200, 2, 234.08 W, 28, 2032 MHz, 3996 MHz, 0 %, 0 %
2026/03/23 23:07:06.200, 3, 235.13 W, 30, 2032 MHz, 3996 MHz, 0 %, 0 %
2026/03/23 23:07:06.200, 4, 179.06 W, 26, 120 MHz, 3996 MHz, 0 %, 0 %
2026/03/23 23:07:06.200, 5, 180.58 W, 28, 120 MHz, 3996 MHz, 0 %, 0 %
2026/03/23 23:07:06.200, 6, 178.56 W, 27, 120 MHz, 3996 MHz, 0 %, 0 %
2026/03/23 23:07:06.200, 7, 176.58 W, 28, 120 MHz, 3996 MHz, 0 %, 0 %
2026/03/23 23:07:07.200, 0, 229.74 W, 28, 2032 MHz, 3996 MHz, 0 %, 0 %
2026/03/23 23:07:07.200, 1, 233.63 W, 30, 2032 MHz, 3996 MHz, 0 %, 0 %
2026/03/23 23:07:07.200, 2, 234.02 W, 28, 2032 MHz, 3996 MHz, 0 %, 0 %
2026/03/23 23:07:07.200, 3, 235.09 W, 30, 2032 MHz, 3996 MHz, 0 %, 0 %
2026/03/23 23:07:07.200, 4, 179.02 W, 26, 120 MHz, 3996 MHz, 0 %, 0 %
2026/03/23 23:07:07.200, 5, 180.58 W, 28, 120 MHz, 3996 MHz, 0 %, 0 %
2026/03/23 23:07:07.200, 6, 178.64 W, 27, 120 MHz, 3996 MHz, 0 %, 0 %
2026/03/23 23:07:07.200, 7, 176.59 W, 28, 120 MHz, 3996 MHz, 0 %, 0 %
2026/03/23 23:07:08.200, 0, 229.66 W, 28, 2032 MHz, 3996 MHz, 0 %, 0 %
2026/03/23 23:07:08.200, 1, 233.59 W, 30, 2032 MHz, 3996 MHz, 0 %, 0 %
2026/03/23 23:07:08.200, 2, 234.10 W, 28, 2032 MHz, 3996 MHz, 0 %, 0 %
2026/03/23 23:07:08.200, 3, 235.13 W, 30, 2032 MHz, 3996 MHz, 0 %, 0 %
2026/03/23 23:07:08.200, 4, 179.09 W, 26, 120 MHz, 3996 MHz, 0 %, 0 %
2026/03/23 23:07:08.200, 5, 180.58 W, 28, 120 MHz, 3996 MHz, 0 %, 0 %
2026/03/23 23:07:08.200, 6, 178.64 W, 27, 120 MHz, 3996 MHz, 0 %, 0 %
2026/03/23 23:07:08.200, 7, 176.59 W, 28, 120 MHz, 3996 MHz, 0 %, 0 %
2026/03/23 23:07:09.200, 0, 229.66 W, 28, 2032 MHz, 3996 MHz, 0 %, 0 %
2026/03/23 23:07:09.200, 1, 233.52 W, 30, 2032 MHz, 3996 MHz, 0 %, 0 %
2026/03/23 23:07:09.200, 2, 234.02 W, 28, 2032 MHz, 3996 MHz, 0 %, 0 %
2026/03/23 23:07:09.200, 3, 235.13 W, 30, 2032 MHz, 3996 MHz, 0 %, 0 %
2026/03/23 23:07:09.200, 4, 179.10 W, 26, 120 MHz, 3996 MHz, 0 %, 0 %
2026/03/23 23:07:09.200, 5, 180.58 W, 28, 120 MHz, 3996 MHz, 0 %, 0 %
2026/03/23 23:07:09.200, 6, 178.60 W, 27, 120 MHz, 3996 MHz, 0 %, 0 %
2026/03/23 23:07:09.200, 7, 176.58 W, 28, 120 MHz, 3996 MHz, 0 %, 0 %
2026/03/23 23:07:10.200, 0, 229.58 W, 28, 2032 MHz, 3996 MHz, 0 %, 0 %
2026/03/23 23:07:10.200, 1, 233.59 W, 30, 2032 MHz, 3996 MHz, 0 %, 0 %
2026/03/23 23:07:10.200, 2, 234.02 W, 28, 2032 MHz, 3996 MHz, 0 %, 0 %
2026/03/23 23:07:10.200, 3, 235.15 W, 30, 2032 MHz, 3996 MHz, 0 %, 0 %
2026/03/23 23:07:10.200, 4, 179.14 W, 26, 120 MHz, 3996 MHz, 0 %, 0 %
2026/03/23 23:07:10.200, 5, 180.58 W, 28, 120 MHz, 3996 MHz, 0 %, 0 %
2026/03/23 23:07:10.200, 6, 178.64 W, 27, 120 MHz, 3996 MHz, 0 %, 0 %
2026/03/23 23:07:10.200, 7, 176.58 W, 28, 120 MHz, 3996 MHz, 0 %, 0 %
2026/03/23 23:07:11.200, 0, 229.81 W, 28, 2032 MHz, 3996 MHz, 0 %, 0 %
2026/03/23 23:07:11.200, 1, 233.60 W, 30, 2032 MHz, 3996 MHz, 0 %, 0 %
2026/03/23 23:07:11.200, 2, 234.02 W, 28, 2032 MHz, 3996 MHz, 0 %, 0 %
2026/03/23 23:07:11.200, 3, 235.15 W, 30, 2032 MHz, 3996 MHz, 0 %, 0 %
2026/03/23 23:07:11.200, 4, 179.22 W, 26, 120 MHz, 3996 MHz, 0 %, 0 %
2026/03/23 23:07:11.200, 5, 180.58 W, 28, 120 MHz, 3996 MHz, 0 %, 0 %
2026/03/23 23:07:11.200, 6, 178.64 W, 27, 120 MHz, 3996 MHz, 0 %, 0 %
2026/03/23 23:07:11.200, 7, 176.58 W, 28, 120 MHz, 3996 MHz, 0 %, 0 %
2026/03/23 23:07:12.201, 0, 276.39 W, 30, 2032 MHz, 3996 MHz, 0 %, 0 %
2026/03/23 23:07:12.201, 1, 297.73 W, 33, 2032 MHz, 3996 MHz, 42 %, 0 %
2026/03/23 23:07:12.201, 2, 287.90 W, 30, 2032 MHz, 3996 MHz, 80 %, 48 %
2026/03/23 23:07:12.201, 3, 267.76 W, 32, 2032 MHz, 3996 MHz, 0 %, 0 %
2026/03/23 23:07:12.201, 4, 178.93 W, 26, 120 MHz, 3996 MHz, 0 %, 0 %
2026/03/23 23:07:12.201, 5, 180.58 W, 28, 120 MHz, 3996 MHz, 0 %, 0 %
2026/03/23 23:07:12.201, 6, 178.64 W, 27, 120 MHz, 3996 MHz, 0 %, 0 %
2026/03/23 23:07:12.201, 7, 176.58 W, 28, 120 MHz, 3996 MHz, 0 %, 0 %
2026/03/23 23:07:13.201, 0, 247.50 W, 28, 2032 MHz, 3996 MHz, 0 %, 0 %
2026/03/23 23:07:13.201, 1, 244.46 W, 30, 2032 MHz, 3996 MHz, 0 %, 0 %
2026/03/23 23:07:13.201, 2, 246.64 W, 28, 2032 MHz, 3996 MHz, 0 %, 0 %
2026/03/23 23:07:13.201, 3, 267.08 W, 31, 2032 MHz, 3996 MHz, 0 %, 0 %
2026/03/23 23:07:13.201, 4, 179.14 W, 26, 120 MHz, 3996 MHz, 0 %, 0 %
2026/03/23 23:07:13.201, 5, 180.58 W, 28, 120 MHz, 3996 MHz, 0 %, 0 %
2026/03/23 23:07:13.201, 6, 178.60 W, 27, 120 MHz, 3996 MHz, 0 %, 0 %
2026/03/23 23:07:13.201, 7, 176.59 W, 28, 120 MHz, 3996 MHz, 0 %, 0 %
2026/03/23 23:07:14.201, 0, 228.42 W, 28, 2032 MHz, 3996 MHz, 0 %, 0 %
2026/03/23 23:07:14.201, 1, 233.17 W, 30, 2032 MHz, 3996 MHz, 0 %, 0 %
2026/03/23 23:07:14.201, 2, 234.02 W, 28, 2032 MHz, 3996 MHz, 0 %, 0 %
2026/03/23 23:07:14.201, 3, 234.80 W, 30, 2032 MHz, 3996 MHz, 0 %, 0 %
2026/03/23 23:07:14.201, 4, 178.98 W, 26, 120 MHz, 3996 MHz, 0 %, 0 %
2026/03/23 23:07:14.201, 5, 180.58 W, 28, 120 MHz, 3996 MHz, 0 %, 0 %
2026/03/23 23:07:14.201, 6, 178.60 W, 27, 120 MHz, 3996 MHz, 0 %, 0 %
2026/03/23 23:07:14.201, 7, 176.58 W, 28, 120 MHz, 3996 MHz, 0 %, 0 %
2026/03/23 23:07:15.201, 0, 228.22 W, 28, 2032 MHz, 3996 MHz, 0 %, 0 %
2026/03/23 23:07:15.201, 1, 233.19 W, 30, 2032 MHz, 3996 MHz, 0 %, 0 %
2026/03/23 23:07:15.201, 2, 234.01 W, 28, 2032 MHz, 3996 MHz, 0 %, 0 %
2026/03/23 23:07:15.201, 3, 234.79 W, 30, 2032 MHz, 3996 MHz, 0 %, 0 %
2026/03/23 23:07:15.201, 4, 179.06 W, 26, 120 MHz, 3996 MHz, 0 %, 0 %
2026/03/23 23:07:15.201, 5, 180.58 W, 28, 120 MHz, 3996 MHz, 0 %, 0 %
2026/03/23 23:07:15.201, 6, 178.64 W, 27, 120 MHz, 3996 MHz, 0 %, 0 %
2026/03/23 23:07:15.201, 7, 176.59 W, 28, 120 MHz, 3996 MHz, 0 %, 0 %
2026/03/23 23:07:16.201, 0, 228.30 W, 28, 2032 MHz, 3996 MHz, 0 %, 0 %
2026/03/23 23:07:16.201, 1, 233.34 W, 30, 2032 MHz, 3996 MHz, 0 %, 0 %
2026/03/23 23:07:16.201, 2, 234.14 W, 28, 2032 MHz, 3996 MHz, 0 %, 0 %
2026/03/23 23:07:16.201, 3, 234.82 W, 30, 2032 MHz, 3996 MHz, 0 %, 0 %
2026/03/23 23:07:16.201, 4, 179.13 W, 26, 120 MHz, 3996 MHz, 0 %, 0 %
2026/03/23 23:07:16.201, 5, 180.58 W, 28, 120 MHz, 3996 MHz, 0 %, 0 %
2026/03/23 23:07:16.201, 6, 178.64 W, 27, 120 MHz, 3996 MHz, 0 %, 0 %
2026/03/23 23:07:16.201, 7, 176.58 W, 28, 120 MHz, 3996 MHz, 0 %, 0 %
2026/03/23 23:07:17.201, 0, 229.65 W, 28, 2032 MHz, 3996 MHz, 0 %, 0 %
2026/03/23 23:07:17.201, 1, 237.45 W, 31, 2032 MHz, 3996 MHz, 0 %, 0 %
2026/03/23 23:07:17.201, 2, 238.64 W, 28, 2032 MHz, 3996 MHz, 13 %, 9 %
2026/03/23 23:07:17.201, 3, 235.11 W, 30, 2032 MHz, 3996 MHz, 0 %, 0 %
2026/03/23 23:07:17.201, 4, 179.16 W, 26, 120 MHz, 3996 MHz, 0 %, 0 %
2026/03/23 23:07:17.201, 5, 180.58 W, 28, 120 MHz, 3996 MHz, 0 %, 0 %
2026/03/23 23:07:17.201, 6, 178.64 W, 27, 120 MHz, 3996 MHz, 0 %, 0 %
2026/03/23 23:07:17.201, 7, 176.58 W, 28, 120 MHz, 3996 MHz, 0 %, 0 %
2026/03/23 23:07:18.202, 0, 232.95 W, 28, 2032 MHz, 3996 MHz, 0 %, 0 %
2026/03/23 23:07:18.202, 1, 237.88 W, 30, 2032 MHz, 3996 MHz, 0 %, 0 %
2026/03/23 23:07:18.202, 2, 233.99 W, 28, 2032 MHz, 3996 MHz, 0 %, 0 %
2026/03/23 23:07:18.202, 3, 239.25 W, 30, 2032 MHz, 3996 MHz, 0 %, 0 %
2026/03/23 23:07:18.202, 4, 179.18 W, 26, 120 MHz, 3996 MHz, 0 %, 0 %
2026/03/23 23:07:18.202, 5, 180.58 W, 28, 120 MHz, 3996 MHz, 0 %, 0 %
2026/03/23 23:07:18.202, 6, 178.64 W, 27, 120 MHz, 3996 MHz, 0 %, 0 %
2026/03/23 23:07:18.202, 7, 176.59 W, 28, 120 MHz, 3996 MHz, 0 %, 0 %
2026/03/23 23:07:19.202, 0, 228.26 W, 28, 2032 MHz, 3996 MHz, 0 %, 0 %
2026/03/23 23:07:19.202, 1, 233.19 W, 30, 2032 MHz, 3996 MHz, 0 %, 0 %
2026/03/23 23:07:19.202, 2, 234.01 W, 28, 2032 MHz, 3996 MHz, 0 %, 0 %
2026/03/23 23:07:19.202, 3, 234.52 W, 30, 2032 MHz, 3996 MHz, 0 %, 0 %
2026/03/23 23:07:19.202, 4, 179.20 W, 26, 120 MHz, 3996 MHz, 0 %, 0 %
2026/03/23 23:07:19.202, 5, 180.62 W, 28, 120 MHz, 3996 MHz, 0 %, 0 %
2026/03/23 23:07:19.202, 6, 178.64 W, 27, 120 MHz, 3996 MHz, 0 %, 0 %
2026/03/23 23:07:19.202, 7, 176.58 W, 28, 120 MHz, 3996 MHz, 0 %, 0 %
2026/03/23 23:07:20.202, 0, 263.84 W, 28, 2032 MHz, 3996 MHz, 0 %, 0 %
2026/03/23 23:07:20.202, 1, 276.51 W, 32, 2032 MHz, 3996 MHz, 100 %, 0 %
2026/03/23 23:07:20.202, 2, 271.49 W, 28, 2032 MHz, 3996 MHz, 100 %, 0 %
2026/03/23 23:07:20.202, 3, 251.98 W, 31, 2032 MHz, 3996 MHz, 46 %, 29 %
2026/03/23 23:07:20.202, 4, 178.98 W, 26, 120 MHz, 3996 MHz, 0 %, 0 %
2026/03/23 23:07:20.202, 5, 180.58 W, 28, 120 MHz, 3996 MHz, 0 %, 0 %
2026/03/23 23:07:20.202, 6, 178.60 W, 27, 120 MHz, 3996 MHz, 0 %, 0 %
2026/03/23 23:07:20.202, 7, 176.58 W, 28, 120 MHz, 3996 MHz, 0 %, 0 %
2026/03/23 23:07:21.202, 0, 323.58 W, 28, 2032 MHz, 3996 MHz, 0 %, 0 %
2026/03/23 23:07:21.202, 1, 313.87 W, 30, 2032 MHz, 3996 MHz, 0 %, 0 %
2026/03/23 23:07:21.202, 2, 328.31 W, 28, 2032 MHz, 3996 MHz, 0 %, 0 %
2026/03/23 23:07:21.202, 3, 338.34 W, 31, 2032 MHz, 3996 MHz, 0 %, 0 %
2026/03/23 23:07:21.202, 4, 179.07 W, 26, 120 MHz, 3996 MHz, 0 %, 0 %
2026/03/23 23:07:21.202, 5, 180.58 W, 28, 120 MHz, 3996 MHz, 0 %, 0 %
2026/03/23 23:07:21.202, 6, 178.60 W, 27, 120 MHz, 3996 MHz, 0 %, 0 %
2026/03/23 23:07:21.202, 7, 176.58 W, 28, 120 MHz, 3996 MHz, 0 %, 0 %
2026/03/23 23:07:22.202, 0, 232.06 W, 28, 2032 MHz, 3996 MHz, 0 %, 0 %
2026/03/23 23:07:22.202, 1, 236.34 W, 30, 2032 MHz, 3996 MHz, 0 %, 0 %
2026/03/23 23:07:22.202, 2, 238.01 W, 28, 2032 MHz, 3996 MHz, 0 %, 0 %
2026/03/23 23:07:22.202, 3, 235.13 W, 30, 2032 MHz, 3996 MHz, 0 %, 0 %
2026/03/23 23:07:22.202, 4, 179.09 W, 26, 120 MHz, 3996 MHz, 0 %, 0 %
2026/03/23 23:07:22.202, 5, 180.58 W, 28, 120 MHz, 3996 MHz, 0 %, 0 %
2026/03/23 23:07:22.202, 6, 178.64 W, 27, 120 MHz, 3996 MHz, 0 %, 0 %
2026/03/23 23:07:22.202, 7, 176.58 W, 28, 120 MHz, 3996 MHz, 0 %, 0 %
2026/03/23 23:07:23.202, 0, 229.55 W, 28, 2032 MHz, 3996 MHz, 0 %, 0 %
2026/03/23 23:07:23.202, 1, 233.97 W, 30, 2032 MHz, 3996 MHz, 0 %, 0 %
2026/03/23 23:07:23.202, 2, 234.04 W, 28, 2032 MHz, 3996 MHz, 0 %, 0 %
2026/03/23 23:07:23.202, 3, 235.21 W, 30, 2032 MHz, 3996 MHz, 0 %, 0 %
2026/03/23 23:07:23.202, 4, 179.05 W, 26, 120 MHz, 3996 MHz, 0 %, 0 %
2026/03/23 23:07:23.202, 5, 180.58 W, 28, 120 MHz, 3996 MHz, 0 %, 0 %
2026/03/23 23:07:23.202, 6, 178.64 W, 27, 120 MHz, 3996 MHz, 0 %, 0 %
2026/03/23 23:07:23.202, 7, 176.58 W, 28, 120 MHz, 3996 MHz, 0 %, 0 %
2026/03/23 23:07:24.203, 0, 229.28 W, 28, 2032 MHz, 3996 MHz, 0 %, 0 %
2026/03/23 23:07:24.203, 1, 233.33 W, 30, 2032 MHz, 3996 MHz, 0 %, 0 %
2026/03/23 23:07:24.203, 2, 234.02 W, 28, 2032 MHz, 3996 MHz, 0 %, 0 %
2026/03/23 23:07:24.203, 3, 235.16 W, 30, 2032 MHz, 3996 MHz, 0 %, 0 %
2026/03/23 23:07:24.203, 4, 179.07 W, 26, 120 MHz, 3996 MHz, 0 %, 0 %
2026/03/23 23:07:24.203, 5, 180.58 W, 28, 120 MHz, 3996 MHz, 0 %, 0 %
2026/03/23 23:07:24.203, 6, 178.64 W, 27, 120 MHz, 3996 MHz, 0 %, 0 %
2026/03/23 23:07:24.203, 7, 176.58 W, 28, 120 MHz, 3996 MHz, 0 %, 0 %
2026/03/23 23:07:25.203, 0, 228.84 W, 28, 2032 MHz, 3996 MHz, 0 %, 0 %
2026/03/23 23:07:25.203, 1, 233.21 W, 30, 2032 MHz, 3996 MHz, 0 %, 0 %
2026/03/23 23:07:25.203, 2, 234.02 W, 28, 2032 MHz, 3996 MHz, 0 %, 0 %
2026/03/23 23:07:25.203, 3, 234.93 W, 30, 2032 MHz, 3996 MHz, 0 %, 0 %
2026/03/23 23:07:25.203, 4, 179.25 W, 26, 120 MHz, 3996 MHz, 0 %, 0 %
2026/03/23 23:07:25.203, 5, 180.58 W, 28, 120 MHz, 3996 MHz, 0 %, 0 %
2026/03/23 23:07:25.203, 6, 178.64 W, 27, 120 MHz, 3996 MHz, 0 %, 0 %
2026/03/23 23:07:25.203, 7, 176.58 W, 28, 120 MHz, 3996 MHz, 0 %, 0 %
2026/03/23 23:07:26.203, 0, 228.30 W, 28, 2032 MHz, 3996 MHz, 0 %, 0 %
2026/03/23 23:07:26.203, 1, 233.27 W, 30, 2032 MHz, 3996 MHz, 0 %, 0 %
2026/03/23 23:07:26.203, 2, 234.02 W, 28, 2032 MHz, 3996 MHz, 0 %, 0 %
2026/03/23 23:07:26.203, 3, 234.99 W, 30, 2032 MHz, 3996 MHz, 0 %, 0 %
2026/03/23 23:07:26.203, 4, 179.16 W, 26, 120 MHz, 3996 MHz, 0 %, 0 %
2026/03/23 23:07:26.203, 5, 180.58 W, 28, 120 MHz, 3996 MHz, 0 %, 0 %
2026/03/23 23:07:26.203, 6, 178.64 W, 27, 120 MHz, 3996 MHz, 0 %, 0 %
2026/03/23 23:07:26.203, 7, 176.58 W, 28, 120 MHz, 3996 MHz, 0 %, 0 %
2026/03/23 23:07:27.203, 0, 228.18 W, 28, 2032 MHz, 3996 MHz, 0 %, 0 %
2026/03/23 23:07:27.203, 1, 233.32 W, 30, 2032 MHz, 3996 MHz, 0 %, 0 %
2026/03/23 23:07:27.203, 2, 234.02 W, 28, 2032 MHz, 3996 MHz, 0 %, 0 %
2026/03/23 23:07:27.203, 3, 234.78 W, 30, 2032 MHz, 3996 MHz, 0 %, 0 %
2026/03/23 23:07:27.203, 4, 179.28 W, 26, 120 MHz, 3996 MHz, 0 %, 0 %
2026/03/23 23:07:27.203, 5, 180.58 W, 28, 120 MHz, 3996 MHz, 0 %, 0 %
2026/03/23 23:07:27.203, 6, 178.64 W, 27, 120 MHz, 3996 MHz, 0 %, 0 %
2026/03/23 23:07:27.203, 7, 176.58 W, 28, 120 MHz, 3996 MHz, 0 %, 0 %
2026/03/23 23:07:28.203, 0, 228.56 W, 28, 2032 MHz, 3996 MHz, 0 %, 0 %
2026/03/23 23:07:28.203, 1, 233.34 W, 30, 2032 MHz, 3996 MHz, 0 %, 0 %
2026/03/23 23:07:28.203, 2, 234.06 W, 28, 2032 MHz, 3996 MHz, 2 %, 0 %
2026/03/23 23:07:28.203, 3, 234.98 W, 30, 2032 MHz, 3996 MHz, 0 %, 0 %
2026/03/23 23:07:28.203, 4, 179.17 W, 26, 120 MHz, 3996 MHz, 0 %, 0 %
2026/03/23 23:07:28.203, 5, 180.58 W, 28, 120 MHz, 3996 MHz, 0 %, 0 %
2026/03/23 23:07:28.203, 6, 178.64 W, 27, 120 MHz, 3996 MHz, 0 %, 0 %
2026/03/23 23:07:28.203, 7, 176.58 W, 28, 120 MHz, 3996 MHz, 0 %, 0 %
2026/03/23 23:07:29.203, 0, 228.92 W, 28, 2032 MHz, 3996 MHz, 0 %, 0 %
2026/03/23 23:07:29.203, 1, 233.66 W, 30, 2032 MHz, 3996 MHz, 0 %, 0 %
2026/03/23 23:07:29.203, 2, 234.06 W, 28, 2032 MHz, 3996 MHz, 0 %, 0 %
2026/03/23 23:07:29.203, 3, 235.13 W, 30, 2032 MHz, 3996 MHz, 0 %, 0 %
2026/03/23 23:07:29.203, 4, 178.87 W, 26, 120 MHz, 3996 MHz, 0 %, 0 %
2026/03/23 23:07:29.203, 5, 180.58 W, 28, 120 MHz, 3996 MHz, 0 %, 0 %
2026/03/23 23:07:29.204, 6, 178.64 W, 27, 120 MHz, 3996 MHz, 0 %, 0 %
2026/03/23 23:07:29.204, 7, 176.58 W, 28, 120 MHz, 3996 MHz, 0 %, 0 %
2026/03/23 23:07:30.204, 0, 231.02 W, 28, 2032 MHz, 3996 MHz, 0 %, 0 %
2026/03/23 23:07:30.204, 1, 268.50 W, 32, 2032 MHz, 3996 MHz, 44 %, 0 %
2026/03/23 23:07:30.204, 2, 244.00 W, 28, 2032 MHz, 3996 MHz, 0 %, 0 %
2026/03/23 23:07:30.204, 3, 234.91 W, 30, 2032 MHz, 3996 MHz, 0 %, 0 %
2026/03/23 23:07:30.204, 4, 179.21 W, 26, 120 MHz, 3996 MHz, 0 %, 0 %
2026/03/23 23:07:30.204, 5, 180.58 W, 28, 120 MHz, 3996 MHz, 0 %, 0 %
2026/03/23 23:07:30.204, 6, 178.64 W, 27, 120 MHz, 3996 MHz, 0 %, 0 %
2026/03/23 23:07:30.204, 7, 176.58 W, 28, 120 MHz, 3996 MHz, 0 %, 0 %
2026/03/23 23:07:31.204, 0, 276.38 W, 28, 2032 MHz, 3996 MHz, 2 %, 1 %
2026/03/23 23:07:31.204, 1, 258.04 W, 30, 2032 MHz, 3996 MHz, 3 %, 1 %
2026/03/23 23:07:31.204, 2, 278.09 W, 28, 2032 MHz, 3996 MHz, 1 %, 0 %
2026/03/23 23:07:31.204, 3, 267.02 W, 31, 2032 MHz, 3996 MHz, 2 %, 1 %
2026/03/23 23:07:31.204, 4, 178.98 W, 26, 120 MHz, 3996 MHz, 0 %, 0 %
2026/03/23 23:07:31.204, 5, 180.58 W, 28, 120 MHz, 3996 MHz, 0 %, 0 %
2026/03/23 23:07:31.204, 6, 178.64 W, 27, 120 MHz, 3996 MHz, 0 %, 0 %
2026/03/23 23:07:31.204, 7, 176.58 W, 28, 120 MHz, 3996 MHz, 0 %, 0 %
2026/03/23 23:07:32.204, 0, 245.79 W, 28, 2032 MHz, 3996 MHz, 0 %, 0 %
2026/03/23 23:07:32.204, 1, 249.88 W, 30, 2032 MHz, 3996 MHz, 25 %, 0 %
2026/03/23 23:07:32.204, 2, 253.57 W, 28, 2032 MHz, 3996 MHz, 91 %, 1 %
2026/03/23 23:07:32.204, 3, 245.47 W, 31, 2032 MHz, 3996 MHz, 0 %, 0 %
2026/03/23 23:07:32.204, 4, 178.94 W, 26, 120 MHz, 3996 MHz, 0 %, 0 %
2026/03/23 23:07:32.204, 5, 180.58 W, 28, 120 MHz, 3996 MHz, 0 %, 0 %
2026/03/23 23:07:32.204, 6, 178.64 W, 27, 120 MHz, 3996 MHz, 0 %, 0 %
2026/03/23 23:07:32.204, 7, 176.58 W, 28, 120 MHz, 3996 MHz, 0 %, 0 %
2026/03/23 23:07:33.204, 0, 229.89 W, 28, 2032 MHz, 3996 MHz, 0 %, 0 %
2026/03/23 23:07:33.204, 1, 234.49 W, 30, 2032 MHz, 3996 MHz, 0 %, 0 %
2026/03/23 23:07:33.204, 2, 234.13 W, 28, 2032 MHz, 3996 MHz, 0 %, 0 %
2026/03/23 23:07:33.204, 3, 235.44 W, 30, 2032 MHz, 3996 MHz, 0 %, 0 %
2026/03/23 23:07:33.204, 4, 178.87 W, 26, 120 MHz, 3996 MHz, 0 %, 0 %
2026/03/23 23:07:33.204, 5, 180.58 W, 28, 120 MHz, 3996 MHz, 0 %, 0 %
2026/03/23 23:07:33.204, 6, 178.60 W, 27, 120 MHz, 3996 MHz, 0 %, 0 %
2026/03/23 23:07:33.204, 7, 176.58 W, 28, 120 MHz, 3996 MHz, 0 %, 0 %
2026/03/23 23:07:34.204, 0, 469.51 W, 38, 1957 MHz, 3996 MHz, 100 %, 0 %
2026/03/23 23:07:34.204, 1, 498.04 W, 42, 1860 MHz, 3996 MHz, 100 %, 0 %
2026/03/23 23:07:34.204, 2, 498.88 W, 38, 1987 MHz, 3996 MHz, 100 %, 4 %
2026/03/23 23:07:34.204, 3, 440.67 W, 41, 2017 MHz, 3996 MHz, 100 %, 0 %
2026/03/23 23:07:34.204, 4, 178.99 W, 26, 120 MHz, 3996 MHz, 0 %, 0 %
2026/03/23 23:07:34.204, 5, 180.58 W, 28, 120 MHz, 3996 MHz, 0 %, 0 %
2026/03/23 23:07:34.204, 6, 178.60 W, 27, 120 MHz, 3996 MHz, 0 %, 0 %
2026/03/23 23:07:34.204, 7, 176.58 W, 28, 120 MHz, 3996 MHz, 0 %, 0 %
2026/03/23 23:07:35.205, 0, 649.09 W, 32, 2032 MHz, 3996 MHz, 100 %, 0 %
2026/03/23 23:07:35.205, 1, 611.25 W, 33, 2032 MHz, 3996 MHz, 100 %, 0 %
2026/03/23 23:07:35.205, 2, 629.92 W, 31, 2032 MHz, 3996 MHz, 100 %, 0 %
2026/03/23 23:07:35.205, 3, 663.06 W, 34, 2032 MHz, 3996 MHz, 100 %, 0 %
2026/03/23 23:07:35.205, 4, 179.02 W, 26, 120 MHz, 3996 MHz, 0 %, 0 %
2026/03/23 23:07:35.205, 5, 180.58 W, 28, 120 MHz, 3996 MHz, 0 %, 0 %
2026/03/23 23:07:35.205, 6, 178.64 W, 27, 120 MHz, 3996 MHz, 0 %, 0 %
2026/03/23 23:07:35.205, 7, 176.58 W, 28, 120 MHz, 3996 MHz, 0 %, 0 %
2026/03/23 23:07:36.205, 0, 273.48 W, 29, 2032 MHz, 3996 MHz, 100 %, 0 %
2026/03/23 23:07:36.205, 1, 282.40 W, 32, 2032 MHz, 3996 MHz, 100 %, 0 %
2026/03/23 23:07:36.205, 2, 283.11 W, 29, 2032 MHz, 3996 MHz, 100 %, 0 %
2026/03/23 23:07:36.205, 3, 280.91 W, 32, 2032 MHz, 3996 MHz, 100 %, 0 %
2026/03/23 23:07:36.205, 4, 179.21 W, 26, 120 MHz, 3996 MHz, 0 %, 0 %
2026/03/23 23:07:36.205, 5, 180.58 W, 28, 120 MHz, 3996 MHz, 0 %, 0 %
2026/03/23 23:07:36.205, 6, 178.64 W, 27, 120 MHz, 3996 MHz, 0 %, 0 %
2026/03/23 23:07:36.205, 7, 176.58 W, 28, 120 MHz, 3996 MHz, 0 %, 0 %
2026/03/23 23:07:37.205, 0, 263.49 W, 29, 2032 MHz, 3996 MHz, 100 %, 0 %
2026/03/23 23:07:37.205, 1, 266.91 W, 31, 2032 MHz, 3996 MHz, 100 %, 0 %
2026/03/23 23:07:37.205, 2, 265.99 W, 28, 2032 MHz, 3996 MHz, 100 %, 0 %
2026/03/23 23:07:37.205, 3, 271.64 W, 31, 2032 MHz, 3996 MHz, 100 %, 0 %
2026/03/23 23:07:37.205, 4, 179.09 W, 26, 120 MHz, 3996 MHz, 0 %, 0 %
2026/03/23 23:07:37.205, 5, 180.58 W, 28, 120 MHz, 3996 MHz, 0 %, 0 %
2026/03/23 23:07:37.205, 6, 178.64 W, 27, 120 MHz, 3996 MHz, 0 %, 0 %
2026/03/23 23:07:37.205, 7, 176.58 W, 28, 120 MHz, 3996 MHz, 0 %, 0 %
2026/03/23 23:07:38.205, 0, 242.72 W, 29, 2032 MHz, 3996 MHz, 14 %, 2 %
2026/03/23 23:07:38.205, 1, 235.77 W, 30, 2032 MHz, 3996 MHz, 8 %, 0 %
2026/03/23 23:07:38.205, 2, 236.04 W, 28, 2032 MHz, 3996 MHz, 8 %, 0 %
2026/03/23 23:07:38.205, 3, 237.65 W, 31, 2032 MHz, 3996 MHz, 11 %, 0 %
2026/03/23 23:07:38.205, 4, 179.18 W, 26, 120 MHz, 3996 MHz, 0 %, 0 %
2026/03/23 23:07:38.205, 5, 180.62 W, 28, 120 MHz, 3996 MHz, 0 %, 0 %
2026/03/23 23:07:38.205, 6, 178.64 W, 27, 120 MHz, 3996 MHz, 0 %, 0 %
2026/03/23 23:07:38.205, 7, 176.58 W, 28, 120 MHz, 3996 MHz, 0 %, 0 %
2026/03/23 23:07:39.205, 0, 245.59 W, 29, 2032 MHz, 3996 MHz, 12 %, 2 %
2026/03/23 23:07:39.205, 1, 236.51 W, 30, 2032 MHz, 3996 MHz, 11 %, 0 %
2026/03/23 23:07:39.205, 2, 236.95 W, 28, 2032 MHz, 3996 MHz, 11 %, 0 %
2026/03/23 23:07:39.205, 3, 238.79 W, 31, 2032 MHz, 3996 MHz, 11 %, 0 %
2026/03/23 23:07:39.205, 4, 178.99 W, 26, 120 MHz, 3996 MHz, 0 %, 0 %
2026/03/23 23:07:39.205, 5, 180.58 W, 28, 120 MHz, 3996 MHz, 0 %, 0 %
2026/03/23 23:07:39.205, 6, 178.64 W, 27, 120 MHz, 3996 MHz, 0 %, 0 %
2026/03/23 23:07:39.205, 7, 176.58 W, 28, 120 MHz, 3996 MHz, 0 %, 0 %
2026/03/23 23:07:40.205, 0, 245.55 W, 29, 2032 MHz, 3996 MHz, 6 %, 1 %
2026/03/23 23:07:40.205, 1, 236.51 W, 30, 2032 MHz, 3996 MHz, 5 %, 0 %
2026/03/23 23:07:40.205, 2, 236.65 W, 28, 2032 MHz, 3996 MHz, 10 %, 0 %
2026/03/23 23:07:40.205, 3, 238.71 W, 31, 2032 MHz, 3996 MHz, 5 %, 0 %
2026/03/23 23:07:40.205, 4, 179.05 W, 26, 120 MHz, 3996 MHz, 0 %, 0 %
2026/03/23 23:07:40.205, 5, 180.58 W, 28, 120 MHz, 3996 MHz, 0 %, 0 %
2026/03/23 23:07:40.205, 6, 178.64 W, 27, 120 MHz, 3996 MHz, 0 %, 0 %
2026/03/23 23:07:40.205, 7, 176.58 W, 28, 120 MHz, 3996 MHz, 0 %, 0 %
2026/03/23 23:07:41.206, 0, 248.43 W, 29, 2032 MHz, 3996 MHz, 15 %, 2 %
2026/03/23 23:07:41.206, 1, 237.47 W, 30, 2032 MHz, 3996 MHz, 11 %, 0 %
2026/03/23 23:07:41.206, 2, 238.76 W, 28, 2032 MHz, 3996 MHz, 11 %, 0 %
2026/03/23 23:07:41.206, 3, 240.42 W, 31, 2032 MHz, 3996 MHz, 12 %, 0 %
2026/03/23 23:07:41.206, 4, 178.94 W, 26, 120 MHz, 3996 MHz, 0 %, 0 %
2026/03/23 23:07:41.206, 5, 180.58 W, 28, 120 MHz, 3996 MHz, 0 %, 0 %
2026/03/23 23:07:41.206, 6, 178.64 W, 27, 120 MHz, 3996 MHz, 0 %, 0 %
2026/03/23 23:07:41.206, 7, 176.58 W, 28, 120 MHz, 3996 MHz, 0 %, 0 %
2026/03/23 23:07:42.206, 0, 234.12 W, 28, 2032 MHz, 3996 MHz, 8 %, 0 %
2026/03/23 23:07:42.206, 1, 243.65 W, 30, 2032 MHz, 3996 MHz, 13 %, 1 %
2026/03/23 23:07:42.206, 2, 253.47 W, 28, 2032 MHz, 3996 MHz, 14 %, 2 %
2026/03/23 23:07:42.206, 3, 253.71 W, 31, 2032 MHz, 3996 MHz, 12 %, 2 %
2026/03/23 23:07:42.206, 4, 179.10 W, 26, 120 MHz, 3996 MHz, 0 %, 0 %
2026/03/23 23:07:42.206, 5, 180.58 W, 28, 120 MHz, 3996 MHz, 0 %, 0 %
2026/03/23 23:07:42.206, 6, 178.64 W, 27, 120 MHz, 3996 MHz, 0 %, 0 %
2026/03/23 23:07:42.206, 7, 176.58 W, 28, 120 MHz, 3996 MHz, 0 %, 0 %
2026/03/23 23:07:43.206, 0, 234.07 W, 28, 2032 MHz, 3996 MHz, 8 %, 0 %
2026/03/23 23:07:43.206, 1, 243.80 W, 30, 2032 MHz, 3996 MHz, 8 %, 0 %
2026/03/23 23:07:43.206, 2, 253.35 W, 28, 2032 MHz, 3996 MHz, 7 %, 1 %
2026/03/23 23:07:43.206, 3, 255.10 W, 31, 2032 MHz, 3996 MHz, 10 %, 2 %
2026/03/23 23:07:43.206, 4, 179.50 W, 26, 120 MHz, 3996 MHz, 0 %, 0 %
2026/03/23 23:07:43.206, 5, 180.58 W, 28, 120 MHz, 3996 MHz, 0 %, 0 %
2026/03/23 23:07:43.206, 6, 178.64 W, 27, 120 MHz, 3996 MHz, 0 %, 0 %
2026/03/23 23:07:43.206, 7, 176.58 W, 28, 120 MHz, 3996 MHz, 0 %, 0 %
2026/03/23 23:07:44.206, 0, 235.27 W, 28, 2032 MHz, 3996 MHz, 13 %, 0 %
2026/03/23 23:07:44.206, 1, 249.06 W, 31, 2032 MHz, 3996 MHz, 15 %, 1 %
2026/03/23 23:07:44.206, 2, 258.11 W, 28, 2032 MHz, 3996 MHz, 15 %, 2 %
2026/03/23 23:07:44.206, 3, 258.49 W, 31, 2032 MHz, 3996 MHz, 16 %, 2 %
2026/03/23 23:07:44.206, 4, 179.41 W, 26, 120 MHz, 3996 MHz, 0 %, 0 %
2026/03/23 23:07:44.206, 5, 180.58 W, 28, 120 MHz, 3996 MHz, 0 %, 0 %
2026/03/23 23:07:44.206, 6, 178.64 W, 27, 120 MHz, 3996 MHz, 0 %, 0 %
2026/03/23 23:07:44.206, 7, 176.58 W, 28, 120 MHz, 3996 MHz, 0 %, 0 %
2026/03/23 23:07:45.206, 0, 265.41 W, 29, 2032 MHz, 3996 MHz, 19 %, 6 %
2026/03/23 23:07:45.206, 1, 287.75 W, 31, 2032 MHz, 3996 MHz, 21 %, 8 %
2026/03/23 23:07:45.206, 2, 274.45 W, 28, 2032 MHz, 3996 MHz, 19 %, 6 %
2026/03/23 23:07:45.206, 3, 277.40 W, 31, 2032 MHz, 3996 MHz, 21 %, 7 %
2026/03/23 23:07:45.206, 4, 179.03 W, 26, 120 MHz, 3996 MHz, 0 %, 0 %
2026/03/23 23:07:45.206, 5, 180.58 W, 28, 120 MHz, 3996 MHz, 0 %, 0 %
2026/03/23 23:07:45.206, 6, 178.64 W, 27, 120 MHz, 3996 MHz, 0 %, 0 %
2026/03/23 23:07:45.206, 7, 176.58 W, 28, 120 MHz, 3996 MHz, 0 %, 0 %
2026/03/23 23:07:46.206, 0, 268.85 W, 29, 2032 MHz, 3996 MHz, 19 %, 6 %
2026/03/23 23:07:46.206, 1, 285.28 W, 31, 2032 MHz, 3996 MHz, 21 %, 8 %
2026/03/23 23:07:46.206, 2, 273.58 W, 29, 2032 MHz, 3996 MHz, 19 %, 6 %
2026/03/23 23:07:46.206, 3, 279.33 W, 31, 2032 MHz, 3996 MHz, 20 %, 7 %
2026/03/23 23:07:46.206, 4, 179.25 W, 26, 120 MHz, 3996 MHz, 0 %, 0 %
2026/03/23 23:07:46.206, 5, 180.58 W, 28, 120 MHz, 3996 MHz, 0 %, 0 %
2026/03/23 23:07:46.206, 6, 178.64 W, 27, 120 MHz, 3996 MHz, 0 %, 0 %
2026/03/23 23:07:46.206, 7, 176.58 W, 28, 120 MHz, 3996 MHz, 0 %, 0 %
2026/03/23 23:07:47.207, 0, 267.23 W, 29, 2032 MHz, 3996 MHz, 16 %, 5 %
2026/03/23 23:07:47.207, 1, 285.33 W, 31, 2032 MHz, 3996 MHz, 20 %, 8 %
2026/03/23 23:07:47.207, 2, 274.06 W, 29, 2032 MHz, 3996 MHz, 17 %, 5 %
2026/03/23 23:07:47.207, 3, 279.67 W, 31, 2032 MHz, 3996 MHz, 19 %, 7 %
2026/03/23 23:07:47.207, 4, 179.36 W, 26, 120 MHz, 3996 MHz, 0 %, 0 %
2026/03/23 23:07:47.207, 5, 180.58 W, 28, 120 MHz, 3996 MHz, 0 %, 0 %
2026/03/23 23:07:47.207, 6, 178.64 W, 27, 120 MHz, 3996 MHz, 0 %, 0 %
2026/03/23 23:07:47.207, 7, 176.58 W, 28, 120 MHz, 3996 MHz, 0 %, 0 %
2026/03/23 23:07:48.207, 0, 282.46 W, 29, 2032 MHz, 3996 MHz, 15 %, 6 %
2026/03/23 23:07:48.207, 1, 294.35 W, 31, 2032 MHz, 3996 MHz, 16 %, 6 %
2026/03/23 23:07:48.207, 2, 302.61 W, 29, 2032 MHz, 3996 MHz, 10 %, 5 %
2026/03/23 23:07:48.207, 3, 303.84 W, 32, 2032 MHz, 3996 MHz, 16 %, 8 %
2026/03/23 23:07:48.207, 4, 179.17 W, 26, 120 MHz, 3996 MHz, 0 %, 0 %
2026/03/23 23:07:48.207, 5, 180.62 W, 28, 120 MHz, 3996 MHz, 0 %, 0 %
2026/03/23 23:07:48.207, 6, 178.64 W, 27, 120 MHz, 3996 MHz, 0 %, 0 %
2026/03/23 23:07:48.207, 7, 176.58 W, 28, 120 MHz, 3996 MHz, 0 %, 0 %
2026/03/23 23:07:49.207, 0, 294.09 W, 29, 2032 MHz, 3996 MHz, 21 %, 9 %
2026/03/23 23:07:49.207, 1, 300.00 W, 31, 2032 MHz, 3996 MHz, 23 %, 9 %
2026/03/23 23:07:49.207, 2, 318.90 W, 29, 2032 MHz, 3996 MHz, 25 %, 12 %
2026/03/23 23:07:49.207, 3, 324.73 W, 32, 2032 MHz, 3996 MHz, 23 %, 12 %
2026/03/23 23:07:49.207, 4, 179.15 W, 26, 120 MHz, 3996 MHz, 0 %, 0 %
2026/03/23 23:07:49.207, 5, 180.58 W, 28, 120 MHz, 3996 MHz, 0 %, 0 %
2026/03/23 23:07:49.207, 6, 178.64 W, 27, 120 MHz, 3996 MHz, 0 %, 0 %
2026/03/23 23:07:49.207, 7, 176.58 W, 28, 120 MHz, 3996 MHz, 0 %, 0 %
2026/03/23 23:07:50.207, 0, 288.83 W, 29, 2032 MHz, 3996 MHz, 23 %, 10 %
2026/03/23 23:07:50.207, 1, 294.89 W, 31, 2032 MHz, 3996 MHz, 23 %, 10 %
2026/03/23 23:07:50.207, 2, 312.44 W, 29, 2032 MHz, 3996 MHz, 23 %, 11 %
2026/03/23 23:07:50.207, 3, 313.33 W, 32, 2032 MHz, 3996 MHz, 25 %, 12 %
2026/03/23 23:07:50.207, 4, 179.06 W, 26, 120 MHz, 3996 MHz, 0 %, 0 %
2026/03/23 23:07:50.207, 5, 180.58 W, 28, 120 MHz, 3996 MHz, 0 %, 0 %
2026/03/23 23:07:50.207, 6, 178.64 W, 27, 120 MHz, 3996 MHz, 0 %, 0 %
2026/03/23 23:07:50.207, 7, 176.59 W, 28, 120 MHz, 3996 MHz, 0 %, 0 %
2026/03/23 23:07:51.207, 0, 291.36 W, 29, 2032 MHz, 3996 MHz, 23 %, 9 %
2026/03/23 23:07:51.207, 1, 299.66 W, 32, 2032 MHz, 3996 MHz, 22 %, 9 %
2026/03/23 23:07:51.207, 2, 313.39 W, 29, 2032 MHz, 3996 MHz, 25 %, 12 %
2026/03/23 23:07:51.207, 3, 318.49 W, 32, 2032 MHz, 3996 MHz, 27 %, 13 %
2026/03/23 23:07:51.207, 4, 178.93 W, 26, 120 MHz, 3996 MHz, 0 %, 0 %
2026/03/23 23:07:51.207, 5, 180.58 W, 28, 120 MHz, 3996 MHz, 0 %, 0 %
2026/03/23 23:07:51.207, 6, 178.64 W, 27, 120 MHz, 3996 MHz, 0 %, 0 %
2026/03/23 23:07:51.207, 7, 176.58 W, 28, 120 MHz, 3996 MHz, 0 %, 0 %
2026/03/23 23:07:52.207, 0, 292.27 W, 29, 2032 MHz, 3996 MHz, 24 %, 10 %
2026/03/23 23:07:52.207, 1, 322.42 W, 32, 2032 MHz, 3996 MHz, 30 %, 14 %
2026/03/23 23:07:52.207, 2, 323.50 W, 29, 2032 MHz, 3996 MHz, 26 %, 13 %
2026/03/23 23:07:52.207, 3, 327.98 W, 32, 2032 MHz, 3996 MHz, 27 %, 15 %
2026/03/23 23:07:52.207, 4, 178.94 W, 26, 120 MHz, 3996 MHz, 0 %, 0 %
2026/03/23 23:07:52.207, 5, 180.58 W, 28, 120 MHz, 3996 MHz, 0 %, 0 %
2026/03/23 23:07:52.207, 6, 178.64 W, 27, 120 MHz, 3996 MHz, 0 %, 0 %
2026/03/23 23:07:52.207, 7, 176.58 W, 28, 120 MHz, 3996 MHz, 0 %, 0 %
2026/03/23 23:07:53.208, 0, 294.47 W, 29, 2032 MHz, 3996 MHz, 7 %, 3 %
2026/03/23 23:07:53.208, 1, 324.45 W, 32, 2032 MHz, 3996 MHz, 13 %, 7 %
2026/03/23 23:07:53.208, 2, 322.50 W, 29, 2032 MHz, 3996 MHz, 8 %, 4 %
2026/03/23 23:07:53.208, 3, 332.10 W, 32, 2032 MHz, 3996 MHz, 18 %, 9 %
2026/03/23 23:07:53.208, 4, 179.15 W, 26, 120 MHz, 3996 MHz, 0 %, 0 %
2026/03/23 23:07:53.208, 5, 180.58 W, 28, 120 MHz, 3996 MHz, 0 %, 0 %
2026/03/23 23:07:53.208, 6, 178.64 W, 27, 120 MHz, 3996 MHz, 0 %, 0 %
2026/03/23 23:07:53.208, 7, 176.58 W, 28, 120 MHz, 3996 MHz, 0 %, 0 %
2026/03/23 23:07:54.208, 0, 302.87 W, 29, 2032 MHz, 3996 MHz, 25 %, 10 %
2026/03/23 23:07:54.208, 1, 337.90 W, 32, 2032 MHz, 3996 MHz, 24 %, 12 %
2026/03/23 23:07:54.208, 2, 338.33 W, 30, 2032 MHz, 3996 MHz, 28 %, 14 %
2026/03/23 23:07:54.208, 3, 343.77 W, 33, 2032 MHz, 3996 MHz, 28 %, 15 %
2026/03/23 23:07:54.208, 4, 179.18 W, 26, 120 MHz, 3996 MHz, 0 %, 0 %
2026/03/23 23:07:54.208, 5, 180.58 W, 28, 120 MHz, 3996 MHz, 0 %, 0 %
2026/03/23 23:07:54.208, 6, 178.64 W, 27, 120 MHz, 3996 MHz, 0 %, 0 %
2026/03/23 23:07:54.208, 7, 176.58 W, 28, 120 MHz, 3996 MHz, 0 %, 0 %
2026/03/23 23:07:55.208, 0, 315.64 W, 30, 2032 MHz, 3996 MHz, 32 %, 17 %
2026/03/23 23:07:55.208, 1, 346.18 W, 32, 2032 MHz, 3996 MHz, 35 %, 21 %
2026/03/23 23:07:55.208, 2, 335.98 W, 30, 2032 MHz, 3996 MHz, 33 %, 19 %
2026/03/23 23:07:55.208, 3, 337.53 W, 33, 2032 MHz, 3996 MHz, 28 %, 15 %
2026/03/23 23:07:55.208, 4, 179.39 W, 26, 120 MHz, 3996 MHz, 0 %, 0 %
2026/03/23 23:07:55.208, 5, 180.58 W, 28, 120 MHz, 3996 MHz, 0 %, 0 %
2026/03/23 23:07:55.208, 6, 178.64 W, 27, 120 MHz, 3996 MHz, 0 %, 0 %
2026/03/23 23:07:55.208, 7, 176.58 W, 28, 120 MHz, 3996 MHz, 0 %, 0 %
2026/03/23 23:07:56.208, 0, 336.74 W, 30, 2032 MHz, 3996 MHz, 30 %, 16 %
2026/03/23 23:07:56.208, 1, 358.32 W, 32, 2032 MHz, 3996 MHz, 34 %, 20 %
2026/03/23 23:07:56.208, 2, 356.03 W, 30, 2032 MHz, 3996 MHz, 31 %, 19 %
2026/03/23 23:07:56.208, 3, 350.96 W, 33, 2032 MHz, 3996 MHz, 32 %, 17 %
2026/03/23 23:07:56.208, 4, 178.79 W, 26, 120 MHz, 3996 MHz, 0 %, 0 %
2026/03/23 23:07:56.208, 5, 180.58 W, 28, 120 MHz, 3996 MHz, 0 %, 0 %
2026/03/23 23:07:56.208, 6, 178.64 W, 27, 120 MHz, 3996 MHz, 0 %, 0 %
2026/03/23 23:07:56.208, 7, 176.58 W, 28, 120 MHz, 3996 MHz, 0 %, 0 %
2026/03/23 23:07:57.208, 0, 334.20 W, 30, 2032 MHz, 3996 MHz, 30 %, 17 %
2026/03/23 23:07:57.208, 1, 358.88 W, 32, 2032 MHz, 3996 MHz, 33 %, 20 %
2026/03/23 23:07:57.208, 2, 358.58 W, 30, 2032 MHz, 3996 MHz, 30 %, 19 %
2026/03/23 23:07:57.208, 3, 347.72 W, 33, 2032 MHz, 3996 MHz, 30 %, 18 %
2026/03/23 23:07:57.208, 4, 179.20 W, 26, 120 MHz, 3996 MHz, 0 %, 0 %
2026/03/23 23:07:57.208, 5, 180.58 W, 28, 120 MHz, 3996 MHz, 0 %, 0 %
2026/03/23 23:07:57.208, 6, 178.64 W, 27, 120 MHz, 3996 MHz, 0 %, 0 %
2026/03/23 23:07:57.208, 7, 176.58 W, 28, 120 MHz, 3996 MHz, 0 %, 0 %
2026/03/23 23:07:58.208, 0, 336.90 W, 30, 2032 MHz, 3996 MHz, 11 %, 6 %
2026/03/23 23:07:58.208, 1, 363.49 W, 32, 2032 MHz, 3996 MHz, 21 %, 12 %
2026/03/23 23:07:58.208, 2, 353.87 W, 30, 2032 MHz, 3996 MHz, 12 %, 7 %
2026/03/23 23:07:58.208, 3, 348.70 W, 32, 2032 MHz, 3996 MHz, 19 %, 10 %
2026/03/23 23:07:58.208, 4, 179.03 W, 26, 120 MHz, 3996 MHz, 0 %, 0 %
2026/03/23 23:07:58.208, 5, 180.58 W, 28, 120 MHz, 3996 MHz, 0 %, 0 %
2026/03/23 23:07:58.209, 6, 178.60 W, 27, 120 MHz, 3996 MHz, 0 %, 0 %
2026/03/23 23:07:58.209, 7, 176.58 W, 28, 120 MHz, 3996 MHz, 0 %, 0 %
2026/03/23 23:07:59.209, 0, 350.60 W, 30, 2032 MHz, 3996 MHz, 32 %, 15 %
2026/03/23 23:07:59.209, 1, 376.86 W, 32, 2032 MHz, 3996 MHz, 21 %, 13 %
2026/03/23 23:07:59.209, 2, 373.32 W, 30, 2032 MHz, 3996 MHz, 32 %, 19 %
2026/03/23 23:07:59.209, 3, 373.74 W, 33, 2032 MHz, 3996 MHz, 36 %, 21 %
2026/03/23 23:07:59.209, 4, 179.14 W, 26, 120 MHz, 3996 MHz, 0 %, 0 %
2026/03/23 23:07:59.209, 5, 180.58 W, 28, 120 MHz, 3996 MHz, 0 %, 0 %
2026/03/23 23:07:59.209, 6, 178.64 W, 27, 120 MHz, 3996 MHz, 0 %, 0 %
2026/03/23 23:07:59.209, 7, 176.59 W, 28, 120 MHz, 3996 MHz, 0 %, 0 %
2026/03/23 23:08:00.209, 0, 336.40 W, 30, 2032 MHz, 3996 MHz, 28 %, 15 %
2026/03/23 23:08:00.209, 1, 374.45 W, 33, 2032 MHz, 3996 MHz, 32 %, 19 %
2026/03/23 23:08:00.209, 2, 374.46 W, 30, 2032 MHz, 3996 MHz, 31 %, 19 %
2026/03/23 23:08:00.209, 3, 380.28 W, 33, 2032 MHz, 3996 MHz, 35 %, 21 %
2026/03/23 23:08:00.209, 4, 179.48 W, 26, 120 MHz, 3996 MHz, 0 %, 0 %
2026/03/23 23:08:00.209, 5, 180.58 W, 28, 120 MHz, 3996 MHz, 0 %, 0 %
2026/03/23 23:08:00.209, 6, 178.64 W, 27, 120 MHz, 3996 MHz, 0 %, 0 %
2026/03/23 23:08:00.209, 7, 176.59 W, 28, 120 MHz, 3996 MHz, 0 %, 0 %
2026/03/23 23:08:01.209, 0, 327.10 W, 30, 2032 MHz, 3996 MHz, 30 %, 14 %
2026/03/23 23:08:01.209, 1, 358.95 W, 33, 2032 MHz, 3996 MHz, 32 %, 20 %
2026/03/23 23:08:01.209, 2, 353.53 W, 30, 2032 MHz, 3996 MHz, 31 %, 19 %
2026/03/23 23:08:01.209, 3, 362.42 W, 33, 2032 MHz, 3996 MHz, 31 %, 19 %
2026/03/23 23:08:01.209, 4, 179.06 W, 26, 120 MHz, 3996 MHz, 0 %, 0 %
2026/03/23 23:08:01.209, 5, 180.58 W, 28, 120 MHz, 3996 MHz, 0 %, 0 %
2026/03/23 23:08:01.209, 6, 178.60 W, 27, 120 MHz, 3996 MHz, 0 %, 0 %
2026/03/23 23:08:01.209, 7, 176.59 W, 28, 120 MHz, 3996 MHz, 0 %, 0 %
2026/03/23 23:08:02.209, 0, 316.33 W, 30, 2032 MHz, 3996 MHz, 27 %, 13 %
2026/03/23 23:08:02.209, 1, 337.76 W, 32, 2032 MHz, 3996 MHz, 33 %, 17 %
2026/03/23 23:08:02.209, 2, 343.95 W, 30, 2032 MHz, 3996 MHz, 29 %, 16 %
2026/03/23 23:08:02.209, 3, 356.33 W, 33, 2032 MHz, 3996 MHz, 29 %, 16 %
2026/03/23 23:08:02.209, 4, 179.25 W, 26, 120 MHz, 3996 MHz, 0 %, 0 %
2026/03/23 23:08:02.209, 5, 180.58 W, 28, 120 MHz, 3996 MHz, 0 %, 0 %
2026/03/23 23:08:02.209, 6, 178.64 W, 27, 120 MHz, 3996 MHz, 0 %, 0 %
2026/03/23 23:08:02.209, 7, 176.58 W, 28, 120 MHz, 3996 MHz, 0 %, 0 %
2026/03/23 23:08:03.209, 0, 330.89 W, 30, 2032 MHz, 3996 MHz, 15 %, 8 %
2026/03/23 23:08:03.209, 1, 345.24 W, 33, 2032 MHz, 3996 MHz, 22 %, 13 %
2026/03/23 23:08:03.209, 2, 349.12 W, 30, 2032 MHz, 3996 MHz, 16 %, 9 %
2026/03/23 23:08:03.209, 3, 351.55 W, 33, 2032 MHz, 3996 MHz, 14 %, 8 %
2026/03/23 23:08:03.209, 4, 179.10 W, 26, 120 MHz, 3996 MHz, 0 %, 0 %
2026/03/23 23:08:03.209, 5, 180.58 W, 28, 120 MHz, 3996 MHz, 0 %, 0 %
2026/03/23 23:08:03.209, 6, 178.60 W, 27, 120 MHz, 3996 MHz, 0 %, 0 %
2026/03/23 23:08:03.209, 7, 176.58 W, 28, 120 MHz, 3996 MHz, 0 %, 0 %
2026/03/23 23:08:04.209, 0, 377.01 W, 30, 2032 MHz, 3996 MHz, 32 %, 15 %
2026/03/23 23:08:04.209, 1, 409.90 W, 33, 2032 MHz, 3996 MHz, 28 %, 13 %
2026/03/23 23:08:04.209, 2, 412.05 W, 31, 2032 MHz, 3996 MHz, 32 %, 17 %
2026/03/23 23:08:04.209, 3, 432.18 W, 34, 2032 MHz, 3996 MHz, 42 %, 19 %
2026/03/23 23:08:04.209, 4, 179.13 W, 26, 120 MHz, 3996 MHz, 0 %, 0 %
2026/03/23 23:08:04.209, 5, 180.58 W, 28, 120 MHz, 3996 MHz, 0 %, 0 %
2026/03/23 23:08:04.209, 6, 178.64 W, 27, 120 MHz, 3996 MHz, 0 %, 0 %
2026/03/23 23:08:04.209, 7, 176.58 W, 28, 120 MHz, 3996 MHz, 0 %, 0 %
2026/03/23 23:08:05.210, 0, 345.97 W, 31, 2032 MHz, 3996 MHz, 29 %, 16 %
2026/03/23 23:08:05.210, 1, 380.79 W, 33, 2032 MHz, 3996 MHz, 38 %, 20 %
2026/03/23 23:08:05.210, 2, 391.27 W, 31, 2032 MHz, 3996 MHz, 29 %, 18 %
2026/03/23 23:08:05.210, 3, 406.25 W, 34, 2032 MHz, 3996 MHz, 36 %, 21 %
2026/03/23 23:08:05.210, 4, 179.08 W, 26, 120 MHz, 3996 MHz, 0 %, 0 %
2026/03/23 23:08:05.210, 5, 180.58 W, 28, 120 MHz, 3996 MHz, 0 %, 0 %
2026/03/23 23:08:05.210, 6, 178.64 W, 27, 120 MHz, 3996 MHz, 0 %, 0 %
2026/03/23 23:08:05.210, 7, 176.58 W, 28, 120 MHz, 3996 MHz, 0 %, 0 %
2026/03/23 23:08:06.210, 0, 334.40 W, 30, 2032 MHz, 3996 MHz, 29 %, 15 %
2026/03/23 23:08:06.210, 1, 363.76 W, 33, 2032 MHz, 3996 MHz, 32 %, 17 %
2026/03/23 23:08:06.210, 2, 370.87 W, 31, 2032 MHz, 3996 MHz, 33 %, 18 %
2026/03/23 23:08:06.210, 3, 386.58 W, 34, 2032 MHz, 3996 MHz, 36 %, 20 %
2026/03/23 23:08:06.210, 4, 179.33 W, 26, 120 MHz, 3996 MHz, 0 %, 0 %
2026/03/23 23:08:06.210, 5, 180.58 W, 28, 120 MHz, 3996 MHz, 0 %, 0 %
2026/03/23 23:08:06.210, 6, 178.64 W, 27, 120 MHz, 3996 MHz, 0 %, 0 %
2026/03/23 23:08:06.210, 7, 176.58 W, 28, 120 MHz, 3996 MHz, 0 %, 0 %
2026/03/23 23:08:07.210, 0, 327.41 W, 30, 2032 MHz, 3996 MHz, 30 %, 15 %
2026/03/23 23:08:07.210, 1, 354.30 W, 33, 2032 MHz, 3996 MHz, 33 %, 19 %
2026/03/23 23:08:07.210, 2, 357.39 W, 31, 2032 MHz, 3996 MHz, 31 %, 19 %
2026/03/23 23:08:07.210, 3, 365.37 W, 34, 2032 MHz, 3996 MHz, 35 %, 20 %
2026/03/23 23:08:07.210, 4, 179.05 W, 26, 120 MHz, 3996 MHz, 0 %, 0 %
2026/03/23 23:08:07.210, 5, 180.58 W, 28, 120 MHz, 3996 MHz, 0 %, 0 %
2026/03/23 23:08:07.210, 6, 178.64 W, 27, 120 MHz, 3996 MHz, 0 %, 0 %
2026/03/23 23:08:07.210, 7, 176.58 W, 28, 120 MHz, 3996 MHz, 0 %, 0 %
2026/03/23 23:08:08.210, 0, 329.21 W, 30, 2032 MHz, 3996 MHz, 15 %, 6 %
2026/03/23 23:08:08.210, 1, 361.18 W, 33, 2032 MHz, 3996 MHz, 31 %, 14 %
2026/03/23 23:08:08.210, 2, 359.61 W, 30, 2032 MHz, 3996 MHz, 23 %, 8 %
2026/03/23 23:08:08.210, 3, 368.77 W, 33, 2032 MHz, 3996 MHz, 13 %, 6 %
2026/03/23 23:08:08.210, 4, 179.37 W, 26, 120 MHz, 3996 MHz, 0 %, 0 %
2026/03/23 23:08:08.210, 5, 180.58 W, 28, 120 MHz, 3996 MHz, 0 %, 0 %
2026/03/23 23:08:08.210, 6, 178.64 W, 27, 120 MHz, 3996 MHz, 0 %, 0 %
2026/03/23 23:08:08.210, 7, 176.58 W, 28, 120 MHz, 3996 MHz, 0 %, 0 %
2026/03/23 23:08:09.210, 0, 374.03 W, 31, 2032 MHz, 3996 MHz, 34 %, 12 %
2026/03/23 23:08:09.210, 1, 400.26 W, 33, 2032 MHz, 3996 MHz, 26 %, 12 %
2026/03/23 23:08:09.210, 2, 414.85 W, 31, 2032 MHz, 3996 MHz, 31 %, 17 %
2026/03/23 23:08:09.210, 3, 421.16 W, 34, 2032 MHz, 3996 MHz, 41 %, 17 %
2026/03/23 23:08:09.210, 4, 179.21 W, 26, 120 MHz, 3996 MHz, 0 %, 0 %
2026/03/23 23:08:09.210, 5, 180.58 W, 28, 120 MHz, 3996 MHz, 0 %, 0 %
2026/03/23 23:08:09.210, 6, 178.64 W, 27, 120 MHz, 3996 MHz, 0 %, 0 %
2026/03/23 23:08:09.210, 7, 176.58 W, 28, 120 MHz, 3996 MHz, 0 %, 0 %
2026/03/23 23:08:10.210, 0, 354.22 W, 31, 2032 MHz, 3996 MHz, 31 %, 16 %
2026/03/23 23:08:10.210, 1, 379.54 W, 33, 2032 MHz, 3996 MHz, 34 %, 18 %
2026/03/23 23:08:10.210, 2, 395.45 W, 31, 2032 MHz, 3996 MHz, 35 %, 20 %
2026/03/23 23:08:10.210, 3, 401.20 W, 34, 2032 MHz, 3996 MHz, 35 %, 18 %
2026/03/23 23:08:10.210, 4, 179.07 W, 26, 120 MHz, 3996 MHz, 0 %, 0 %
2026/03/23 23:08:10.210, 5, 180.58 W, 28, 120 MHz, 3996 MHz, 0 %, 0 %
2026/03/23 23:08:10.210, 6, 178.64 W, 27, 120 MHz, 3996 MHz, 0 %, 0 %
2026/03/23 23:08:10.210, 7, 176.58 W, 28, 120 MHz, 3996 MHz, 0 %, 0 %
2026/03/23 23:08:11.211, 0, 338.63 W, 31, 2032 MHz, 3996 MHz, 33 %, 15 %
2026/03/23 23:08:11.211, 1, 354.37 W, 33, 2032 MHz, 3996 MHz, 33 %, 16 %
2026/03/23 23:08:11.211, 2, 366.14 W, 31, 2032 MHz, 3996 MHz, 34 %, 19 %
2026/03/23 23:08:11.211, 3, 366.94 W, 34, 2032 MHz, 3996 MHz, 33 %, 19 %
2026/03/23 23:08:11.211, 4, 179.01 W, 26, 120 MHz, 3996 MHz, 0 %, 0 %
2026/03/23 23:08:11.211, 5, 180.58 W, 28, 120 MHz, 3996 MHz, 0 %, 0 %
2026/03/23 23:08:11.211, 6, 178.64 W, 27, 120 MHz, 3996 MHz, 0 %, 0 %
2026/03/23 23:08:11.211, 7, 176.58 W, 28, 120 MHz, 3996 MHz, 0 %, 0 %
2026/03/23 23:08:12.211, 0, 356.14 W, 31, 2032 MHz, 3996 MHz, 38 %, 16 %
2026/03/23 23:08:12.211, 1, 378.97 W, 34, 2032 MHz, 3996 MHz, 39 %, 19 %
2026/03/23 23:08:12.211, 2, 377.14 W, 32, 2032 MHz, 3996 MHz, 42 %, 20 %
2026/03/23 23:08:12.211, 3, 374.14 W, 34, 2032 MHz, 3996 MHz, 45 %, 15 %
2026/03/23 23:08:12.211, 4, 179.01 W, 26, 120 MHz, 3996 MHz, 0 %, 0 %
2026/03/23 23:08:12.211, 5, 180.58 W, 28, 120 MHz, 3996 MHz, 0 %, 0 %
2026/03/23 23:08:12.211, 6, 178.64 W, 27, 120 MHz, 3996 MHz, 0 %, 0 %
2026/03/23 23:08:12.211, 7, 176.58 W, 28, 120 MHz, 3996 MHz, 0 %, 0 %
2026/03/23 23:08:13.211, 0, 369.36 W, 30, 2032 MHz, 3996 MHz, 9 %, 5 %
2026/03/23 23:08:13.211, 1, 387.68 W, 34, 2032 MHz, 3996 MHz, 37 %, 16 %
2026/03/23 23:08:13.211, 2, 406.98 W, 31, 2032 MHz, 3996 MHz, 14 %, 7 %
2026/03/23 23:08:13.211, 3, 419.09 W, 34, 2032 MHz, 3996 MHz, 23 %, 11 %
2026/03/23 23:08:13.211, 4, 179.12 W, 26, 120 MHz, 3996 MHz, 0 %, 0 %
2026/03/23 23:08:13.211, 5, 180.58 W, 28, 120 MHz, 3996 MHz, 0 %, 0 %
2026/03/23 23:08:13.211, 6, 178.64 W, 27, 120 MHz, 3996 MHz, 0 %, 0 %
2026/03/23 23:08:13.211, 7, 176.58 W, 28, 120 MHz, 3996 MHz, 0 %, 0 %
2026/03/23 23:08:14.211, 0, 383.03 W, 31, 2032 MHz, 3996 MHz, 98 %, 2 %
2026/03/23 23:08:14.211, 1, 407.34 W, 34, 2032 MHz, 3996 MHz, 27 %, 14 %
2026/03/23 23:08:14.211, 2, 414.45 W, 31, 2032 MHz, 3996 MHz, 45 %, 18 %
2026/03/23 23:08:14.211, 3, 425.57 W, 34, 2032 MHz, 3996 MHz, 43 %, 20 %
2026/03/23 23:08:14.211, 4, 178.90 W, 26, 120 MHz, 3996 MHz, 0 %, 0 %
2026/03/23 23:08:14.211, 5, 180.58 W, 28, 120 MHz, 3996 MHz, 0 %, 0 %
2026/03/23 23:08:14.211, 6, 178.64 W, 27, 120 MHz, 3996 MHz, 0 %, 0 %
2026/03/23 23:08:14.211, 7, 176.58 W, 28, 120 MHz, 3996 MHz, 0 %, 0 %
2026/03/23 23:08:15.211, 0, 286.16 W, 31, 2032 MHz, 3996 MHz, 96 %, 14 %
2026/03/23 23:08:15.211, 1, 378.60 W, 34, 2032 MHz, 3996 MHz, 96 %, 14 %
2026/03/23 23:08:15.211, 2, 424.48 W, 32, 2032 MHz, 3996 MHz, 96 %, 14 %
2026/03/23 23:08:15.211, 3, 440.39 W, 35, 2032 MHz, 3996 MHz, 43 %, 14 %
2026/03/23 23:08:15.211, 4, 178.85 W, 26, 120 MHz, 3996 MHz, 0 %, 0 %
2026/03/23 23:08:15.211, 5, 180.62 W, 28, 120 MHz, 3996 MHz, 0 %, 0 %
2026/03/23 23:08:15.211, 6, 178.64 W, 27, 120 MHz, 3996 MHz, 0 %, 0 %
2026/03/23 23:08:15.211, 7, 176.58 W, 28, 120 MHz, 3996 MHz, 0 %, 0 %
2026/03/23 23:08:16.211, 0, 286.14 W, 30, 2032 MHz, 3996 MHz, 35 %, 1 %
2026/03/23 23:08:16.211, 1, 305.30 W, 32, 2032 MHz, 3996 MHz, 35 %, 1 %
2026/03/23 23:08:16.211, 2, 296.03 W, 30, 2032 MHz, 3996 MHz, 29 %, 1 %
2026/03/23 23:08:16.211, 3, 278.49 W, 32, 2032 MHz, 3996 MHz, 10 %, 2 %
2026/03/23 23:08:16.211, 4, 179.09 W, 26, 120 MHz, 3996 MHz, 0 %, 0 %
2026/03/23 23:08:16.211, 5, 180.58 W, 28, 120 MHz, 3996 MHz, 0 %, 0 %
2026/03/23 23:08:16.211, 6, 178.64 W, 27, 120 MHz, 3996 MHz, 0 %, 0 %
2026/03/23 23:08:16.211, 7, 176.58 W, 28, 120 MHz, 3996 MHz, 0 %, 0 %
2026/03/23 23:08:17.212, 0, 240.67 W, 29, 2032 MHz, 3996 MHz, 9 %, 1 %
2026/03/23 23:08:17.212, 1, 263.08 W, 32, 2032 MHz, 3996 MHz, 65 %, 1 %
2026/03/23 23:08:17.212, 2, 264.69 W, 29, 2032 MHz, 3996 MHz, 3 %, 1 %
2026/03/23 23:08:17.212, 3, 260.79 W, 32, 2032 MHz, 3996 MHz, 8 %, 1 %
2026/03/23 23:08:17.212, 4, 178.81 W, 26, 120 MHz, 3996 MHz, 0 %, 0 %
2026/03/23 23:08:17.212, 5, 180.58 W, 28, 120 MHz, 3996 MHz, 0 %, 0 %
2026/03/23 23:08:17.212, 6, 178.64 W, 27, 120 MHz, 3996 MHz, 0 %, 0 %
2026/03/23 23:08:17.212, 7, 176.58 W, 28, 120 MHz, 3996 MHz, 0 %, 0 %
2026/03/23 23:08:18.212, 0, 243.17 W, 29, 2032 MHz, 3996 MHz, 20 %, 9 %
2026/03/23 23:08:18.212, 1, 243.87 W, 32, 2032 MHz, 3996 MHz, 30 %, 1 %
2026/03/23 23:08:18.212, 2, 246.87 W, 29, 2032 MHz, 3996 MHz, 33 %, 9 %
2026/03/23 23:08:18.212, 3, 245.13 W, 32, 2032 MHz, 3996 MHz, 0 %, 0 %
2026/03/23 23:08:18.212, 4, 179.01 W, 26, 120 MHz, 3996 MHz, 0 %, 0 %
2026/03/23 23:08:18.212, 5, 180.58 W, 28, 120 MHz, 3996 MHz, 0 %, 0 %
2026/03/23 23:08:18.212, 6, 178.64 W, 27, 120 MHz, 3996 MHz, 0 %, 0 %
2026/03/23 23:08:18.212, 7, 176.58 W, 28, 120 MHz, 3996 MHz, 0 %, 0 %
2026/03/23 23:08:19.212, 0, 242.38 W, 29, 2032 MHz, 3996 MHz, 28 %, 0 %
2026/03/23 23:08:19.212, 1, 255.59 W, 32, 2032 MHz, 3996 MHz, 44 %, 0 %
2026/03/23 23:08:19.212, 2, 256.47 W, 29, 2032 MHz, 3996 MHz, 19 %, 0 %
2026/03/23 23:08:19.212, 3, 249.04 W, 32, 2032 MHz, 3996 MHz, 8 %, 1 %
2026/03/23 23:08:19.212, 4, 178.89 W, 26, 120 MHz, 3996 MHz, 0 %, 0 %
2026/03/23 23:08:19.212, 5, 180.58 W, 28, 120 MHz, 3996 MHz, 0 %, 0 %
2026/03/23 23:08:19.212, 6, 178.64 W, 27, 120 MHz, 3996 MHz, 0 %, 0 %
2026/03/23 23:08:19.212, 7, 176.58 W, 28, 120 MHz, 3996 MHz, 0 %, 0 %
2026/03/23 23:08:20.212, 0, 233.37 W, 29, 2032 MHz, 3996 MHz, 0 %, 0 %
2026/03/23 23:08:20.212, 1, 239.06 W, 31, 2032 MHz, 3996 MHz, 0 %, 0 %
2026/03/23 23:08:20.212, 2, 238.52 W, 29, 2032 MHz, 3996 MHz, 0 %, 0 %
2026/03/23 23:08:20.212, 3, 239.92 W, 32, 2032 MHz, 3996 MHz, 0 %, 0 %
2026/03/23 23:08:20.212, 4, 179.10 W, 26, 120 MHz, 3996 MHz, 0 %, 0 %
2026/03/23 23:08:20.212, 5, 180.58 W, 28, 120 MHz, 3996 MHz, 0 %, 0 %
2026/03/23 23:08:20.212, 6, 178.64 W, 27, 120 MHz, 3996 MHz, 0 %, 0 %
2026/03/23 23:08:20.212, 7, 176.58 W, 28, 120 MHz, 3996 MHz, 0 %, 0 %
2026/03/23 23:08:21.212, 0, 231.11 W, 29, 2032 MHz, 3996 MHz, 0 %, 0 %
2026/03/23 23:08:21.212, 1, 258.65 W, 31, 2032 MHz, 3996 MHz, 0 %, 0 %
2026/03/23 23:08:21.212, 2, 247.93 W, 29, 2032 MHz, 3996 MHz, 0 %, 0 %
2026/03/23 23:08:21.212, 3, 247.13 W, 32, 2032 MHz, 3996 MHz, 0 %, 0 %
2026/03/23 23:08:21.212, 4, 179.05 W, 26, 120 MHz, 3996 MHz, 0 %, 0 %
2026/03/23 23:08:21.212, 5, 180.58 W, 28, 120 MHz, 3996 MHz, 0 %, 0 %
2026/03/23 23:08:21.212, 6, 178.64 W, 27, 120 MHz, 3996 MHz, 0 %, 0 %
2026/03/23 23:08:21.212, 7, 176.58 W, 28, 120 MHz, 3996 MHz, 0 %, 0 %
2026/03/23 23:08:22.212, 0, 229.77 W, 29, 2032 MHz, 3996 MHz, 0 %, 0 %
2026/03/23 23:08:22.212, 1, 235.08 W, 31, 2032 MHz, 3996 MHz, 0 %, 0 %
2026/03/23 23:08:22.212, 2, 234.60 W, 29, 2032 MHz, 3996 MHz, 0 %, 0 %
2026/03/23 23:08:22.212, 3, 235.26 W, 32, 2032 MHz, 3996 MHz, 0 %, 0 %
2026/03/23 23:08:22.212, 4, 178.98 W, 26, 120 MHz, 3996 MHz, 0 %, 0 %
2026/03/23 23:08:22.212, 5, 180.58 W, 28, 120 MHz, 3996 MHz, 0 %, 0 %
2026/03/23 23:08:22.212, 6, 178.60 W, 27, 120 MHz, 3996 MHz, 0 %, 0 %
2026/03/23 23:08:22.212, 7, 176.58 W, 28, 120 MHz, 3996 MHz, 0 %, 0 %
2026/03/23 23:08:23.213, 0, 229.30 W, 29, 2032 MHz, 3996 MHz, 0 %, 0 %
2026/03/23 23:08:23.213, 1, 234.81 W, 31, 2032 MHz, 3996 MHz, 0 %, 0 %
2026/03/23 23:08:23.213, 2, 234.02 W, 29, 2032 MHz, 3996 MHz, 0 %, 0 %
2026/03/23 23:08:23.213, 3, 235.17 W, 32, 2032 MHz, 3996 MHz, 0 %, 0 %
2026/03/23 23:08:23.213, 4, 179.16 W, 26, 120 MHz, 3996 MHz, 0 %, 0 %
2026/03/23 23:08:23.213, 5, 180.58 W, 28, 120 MHz, 3996 MHz, 0 %, 0 %
2026/03/23 23:08:23.213, 6, 178.64 W, 27, 120 MHz, 3996 MHz, 0 %, 0 %
2026/03/23 23:08:23.213, 7, 176.58 W, 28, 120 MHz, 3996 MHz, 0 %, 0 %
2026/03/23 23:08:24.213, 0, 229.02 W, 29, 2032 MHz, 3996 MHz, 0 %, 0 %
2026/03/23 23:08:24.213, 1, 234.69 W, 31, 2032 MHz, 3996 MHz, 0 %, 0 %
2026/03/23 23:08:24.213, 2, 234.02 W, 29, 2032 MHz, 3996 MHz, 0 %, 0 %
2026/03/23 23:08:24.213, 3, 235.15 W, 32, 2032 MHz, 3996 MHz, 0 %, 0 %
2026/03/23 23:08:24.213, 4, 178.90 W, 26, 120 MHz, 3996 MHz, 0 %, 0 %
2026/03/23 23:08:24.213, 5, 180.58 W, 28, 120 MHz, 3996 MHz, 0 %, 0 %
2026/03/23 23:08:24.213, 6, 178.64 W, 27, 120 MHz, 3996 MHz, 0 %, 0 %
2026/03/23 23:08:24.213, 7, 176.58 W, 28, 120 MHz, 3996 MHz, 0 %, 0 %
2026/03/23 23:08:25.213, 0, 228.71 W, 29, 2032 MHz, 3996 MHz, 0 %, 0 %
2026/03/23 23:08:25.213, 1, 234.39 W, 31, 2032 MHz, 3996 MHz, 0 %, 0 %
2026/03/23 23:08:25.213, 2, 234.10 W, 29, 2032 MHz, 3996 MHz, 0 %, 0 %
2026/03/23 23:08:25.213, 3, 235.12 W, 32, 2032 MHz, 3996 MHz, 0 %, 0 %
2026/03/23 23:08:25.213, 4, 178.98 W, 26, 120 MHz, 3996 MHz, 0 %, 0 %
2026/03/23 23:08:25.213, 5, 180.58 W, 28, 120 MHz, 3996 MHz, 0 %, 0 %
2026/03/23 23:08:25.213, 6, 178.64 W, 27, 120 MHz, 3996 MHz, 0 %, 0 %
2026/03/23 23:08:25.213, 7, 176.58 W, 28, 120 MHz, 3996 MHz, 0 %, 0 %
2026/03/23 23:08:26.213, 0, 228.53 W, 29, 2032 MHz, 3996 MHz, 0 %, 0 %
2026/03/23 23:08:26.213, 1, 233.90 W, 31, 2032 MHz, 3996 MHz, 0 %, 0 %
2026/03/23 23:08:26.213, 2, 234.02 W, 29, 2032 MHz, 3996 MHz, 0 %, 0 %
2026/03/23 23:08:26.213, 3, 235.13 W, 31, 2032 MHz, 3996 MHz, 0 %, 0 %
2026/03/23 23:08:26.213, 4, 178.96 W, 26, 120 MHz, 3996 MHz, 0 %, 0 %
2026/03/23 23:08:26.213, 5, 180.58 W, 28, 120 MHz, 3996 MHz, 0 %, 0 %
2026/03/23 23:08:26.213, 6, 178.64 W, 27, 120 MHz, 3996 MHz, 0 %, 0 %
2026/03/23 23:08:26.213, 7, 176.58 W, 28, 120 MHz, 3996 MHz, 0 %, 0 %
2026/03/23 23:08:27.213, 0, 228.61 W, 29, 2032 MHz, 3996 MHz, 0 %, 0 %
2026/03/23 23:08:27.213, 1, 233.80 W, 31, 2032 MHz, 3996 MHz, 0 %, 0 %
2026/03/23 23:08:27.213, 2, 234.06 W, 28, 2032 MHz, 3996 MHz, 0 %, 0 %
2026/03/23 23:08:27.213, 3, 235.16 W, 31, 2032 MHz, 3996 MHz, 0 %, 0 %
2026/03/23 23:08:27.213, 4, 179.05 W, 26, 120 MHz, 3996 MHz, 0 %, 0 %
2026/03/23 23:08:27.213, 5, 180.58 W, 28, 120 MHz, 3996 MHz, 0 %, 0 %
2026/03/23 23:08:27.213, 6, 178.64 W, 27, 120 MHz, 3996 MHz, 0 %, 0 %
2026/03/23 23:08:27.213, 7, 176.58 W, 28, 120 MHz, 3996 MHz, 0 %, 0 %
2026/03/23 23:08:28.213, 0, 228.49 W, 29, 2032 MHz, 3996 MHz, 0 %, 0 %
2026/03/23 23:08:28.213, 1, 234.22 W, 31, 2032 MHz, 3996 MHz, 0 %, 0 %
2026/03/23 23:08:28.213, 2, 234.02 W, 28, 2032 MHz, 3996 MHz, 0 %, 0 %
2026/03/23 23:08:28.213, 3, 235.15 W, 31, 2032 MHz, 3996 MHz, 0 %, 0 %
2026/03/23 23:08:28.213, 4, 179.20 W, 26, 120 MHz, 3996 MHz, 0 %, 0 %
2026/03/23 23:08:28.213, 5, 180.58 W, 28, 120 MHz, 3996 MHz, 0 %, 0 %
2026/03/23 23:08:28.213, 6, 178.64 W, 27, 120 MHz, 3996 MHz, 0 %, 0 %
2026/03/23 23:08:28.213, 7, 176.58 W, 28, 120 MHz, 3996 MHz, 0 %, 0 %
2026/03/23 23:08:29.214, 0, 228.60 W, 29, 2032 MHz, 3996 MHz, 0 %, 0 %
2026/03/23 23:08:29.214, 1, 233.94 W, 31, 2032 MHz, 3996 MHz, 0 %, 0 %
2026/03/23 23:08:29.214, 2, 234.02 W, 28, 2032 MHz, 3996 MHz, 0 %, 0 %
2026/03/23 23:08:29.214, 3, 235.15 W, 31, 2032 MHz, 3996 MHz, 0 %, 0 %
2026/03/23 23:08:29.214, 4, 179.05 W, 26, 120 MHz, 3996 MHz, 0 %, 0 %
2026/03/23 23:08:29.214, 5, 180.58 W, 28, 120 MHz, 3996 MHz, 0 %, 0 %
2026/03/23 23:08:29.214, 6, 178.60 W, 27, 120 MHz, 3996 MHz, 0 %, 0 %
2026/03/23 23:08:29.214, 7, 176.58 W, 28, 120 MHz, 3996 MHz, 0 %, 0 %
2026/03/23 23:08:30.214, 0, 228.53 W, 28, 2032 MHz, 3996 MHz, 0 %, 0 %
2026/03/23 23:08:30.214, 1, 233.91 W, 31, 2032 MHz, 3996 MHz, 0 %, 0 %
2026/03/23 23:08:30.214, 2, 234.06 W, 28, 2032 MHz, 3996 MHz, 0 %, 0 %
2026/03/23 23:08:30.214, 3, 235.14 W, 31, 2032 MHz, 3996 MHz, 0 %, 0 %
2026/03/23 23:08:30.214, 4, 179.21 W, 26, 120 MHz, 3996 MHz, 0 %, 0 %
2026/03/23 23:08:30.214, 5, 180.58 W, 28, 120 MHz, 3996 MHz, 0 %, 0 %
2026/03/23 23:08:30.214, 6, 178.64 W, 27, 120 MHz, 3996 MHz, 0 %, 0 %
2026/03/23 23:08:30.214, 7, 176.58 W, 28, 120 MHz, 3996 MHz, 0 %, 0 %
2026/03/23 23:08:31.214, 0, 228.83 W, 28, 2032 MHz, 3996 MHz, 0 %, 0 %
2026/03/23 23:08:31.214, 1, 233.42 W, 31, 2032 MHz, 3996 MHz, 0 %, 0 %
2026/03/23 23:08:31.214, 2, 234.02 W, 28, 2032 MHz, 3996 MHz, 0 %, 0 %
2026/03/23 23:08:31.214, 3, 235.14 W, 31, 2032 MHz, 3996 MHz, 0 %, 0 %
2026/03/23 23:08:31.214, 4, 179.31 W, 26, 120 MHz, 3996 MHz, 0 %, 0 %
2026/03/23 23:08:31.214, 5, 180.58 W, 28, 120 MHz, 3996 MHz, 0 %, 0 %
2026/03/23 23:08:31.214, 6, 178.60 W, 27, 120 MHz, 3996 MHz, 0 %, 0 %
2026/03/23 23:08:31.214, 7, 176.58 W, 28, 120 MHz, 3996 MHz, 0 %, 0 %
2026/03/23 23:08:32.214, 0, 228.37 W, 28, 2032 MHz, 3996 MHz, 0 %, 0 %
2026/03/23 23:08:32.214, 1, 233.37 W, 31, 2032 MHz, 3996 MHz, 0 %, 0 %
2026/03/23 23:08:32.214, 2, 234.02 W, 28, 2032 MHz, 3996 MHz, 0 %, 0 %
2026/03/23 23:08:32.214, 3, 235.13 W, 31, 2032 MHz, 3996 MHz, 0 %, 0 %
2026/03/23 23:08:32.214, 4, 179.10 W, 26, 120 MHz, 3996 MHz, 0 %, 0 %
2026/03/23 23:08:32.214, 5, 180.58 W, 28, 120 MHz, 3996 MHz, 0 %, 0 %
2026/03/23 23:08:32.214, 6, 178.64 W, 27, 120 MHz, 3996 MHz, 0 %, 0 %
2026/03/23 23:08:32.214, 7, 176.58 W, 28, 120 MHz, 3996 MHz, 0 %, 0 %
2026/03/23 23:08:33.214, 0, 228.50 W, 28, 2032 MHz, 3996 MHz, 0 %, 0 %
2026/03/23 23:08:33.214, 1, 233.86 W, 31, 2032 MHz, 3996 MHz, 0 %, 0 %
2026/03/23 23:08:33.214, 2, 234.02 W, 28, 2032 MHz, 3996 MHz, 0 %, 0 %
2026/03/23 23:08:33.214, 3, 235.13 W, 31, 2032 MHz, 3996 MHz, 0 %, 0 %
2026/03/23 23:08:33.214, 4, 179.24 W, 26, 120 MHz, 3996 MHz, 0 %, 0 %
2026/03/23 23:08:33.214, 5, 180.58 W, 28, 120 MHz, 3996 MHz, 0 %, 0 %
2026/03/23 23:08:33.214, 6, 178.64 W, 27, 120 MHz, 3996 MHz, 0 %, 0 %
2026/03/23 23:08:33.214, 7, 176.58 W, 28, 120 MHz, 3996 MHz, 0 %, 0 %
2026/03/23 23:08:34.214, 0, 228.30 W, 28, 2032 MHz, 3996 MHz, 0 %, 0 %
2026/03/23 23:08:34.214, 1, 233.83 W, 31, 2032 MHz, 3996 MHz, 0 %, 0 %
2026/03/23 23:08:34.214, 2, 234.02 W, 28, 2032 MHz, 3996 MHz, 0 %, 0 %
2026/03/23 23:08:34.214, 3, 235.12 W, 31, 2032 MHz, 3996 MHz, 0 %, 0 %
2026/03/23 23:08:34.214, 4, 178.87 W, 26, 120 MHz, 3996 MHz, 0 %, 0 %
2026/03/23 23:08:34.214, 5, 180.58 W, 28, 120 MHz, 3996 MHz, 0 %, 0 %
2026/03/23 23:08:34.214, 6, 178.64 W, 27, 120 MHz, 3996 MHz, 0 %, 0 %
2026/03/23 23:08:34.215, 7, 176.58 W, 28, 120 MHz, 3996 MHz, 0 %, 0 %
2026/03/23 23:08:35.215, 0, 228.49 W, 28, 2032 MHz, 3996 MHz, 0 %, 0 %
2026/03/23 23:08:35.215, 1, 233.67 W, 31, 2032 MHz, 3996 MHz, 0 %, 0 %
2026/03/23 23:08:35.215, 2, 234.02 W, 28, 2032 MHz, 3996 MHz, 0 %, 0 %
2026/03/23 23:08:35.215, 3, 235.02 W, 31, 2032 MHz, 3996 MHz, 0 %, 0 %
2026/03/23 23:08:35.215, 4, 179.01 W, 26, 120 MHz, 3996 MHz, 0 %, 0 %
2026/03/23 23:08:35.215, 5, 180.58 W, 28, 120 MHz, 3996 MHz, 0 %, 0 %
2026/03/23 23:08:35.215, 6, 178.60 W, 27, 120 MHz, 3996 MHz, 0 %, 0 %
2026/03/23 23:08:35.215, 7, 176.58 W, 28, 120 MHz, 3996 MHz, 0 %, 0 %
2026/03/23 23:08:36.215, 0, 228.42 W, 28, 2032 MHz, 3996 MHz, 0 %, 0 %
2026/03/23 23:08:36.215, 1, 233.49 W, 31, 2032 MHz, 3996 MHz, 0 %, 0 %
2026/03/23 23:08:36.215, 2, 234.02 W, 28, 2032 MHz, 3996 MHz, 0 %, 0 %
2026/03/23 23:08:36.215, 3, 235.14 W, 31, 2032 MHz, 3996 MHz, 0 %, 0 %
2026/03/23 23:08:36.215, 4, 179.12 W, 26, 120 MHz, 3996 MHz, 0 %, 0 %
2026/03/23 23:08:36.215, 5, 180.58 W, 28, 120 MHz, 3996 MHz, 0 %, 0 %
2026/03/23 23:08:36.215, 6, 178.64 W, 27, 120 MHz, 3996 MHz, 0 %, 0 %
2026/03/23 23:08:36.215, 7, 176.58 W, 28, 120 MHz, 3996 MHz, 0 %, 0 %
2026/03/23 23:08:37.215, 0, 228.38 W, 28, 2032 MHz, 3996 MHz, 0 %, 0 %
2026/03/23 23:08:37.215, 1, 233.46 W, 31, 2032 MHz, 3996 MHz, 0 %, 0 %
2026/03/23 23:08:37.215, 2, 234.02 W, 28, 2032 MHz, 3996 MHz, 0 %, 0 %
2026/03/23 23:08:37.215, 3, 235.10 W, 31, 2032 MHz, 3996 MHz, 0 %, 0 %
2026/03/23 23:08:37.215, 4, 179.01 W, 26, 120 MHz, 3996 MHz, 0 %, 0 %
2026/03/23 23:08:37.215, 5, 180.62 W, 28, 120 MHz, 3996 MHz, 0 %, 0 %
2026/03/23 23:08:37.215, 6, 178.64 W, 27, 120 MHz, 3996 MHz, 0 %, 0 %
2026/03/23 23:08:37.215, 7, 176.58 W, 28, 120 MHz, 3996 MHz, 0 %, 0 %
2026/03/23 23:08:38.215, 0, 233.54 W, 28, 2032 MHz, 3996 MHz, 0 %, 0 %
2026/03/23 23:08:38.215, 1, 237.27 W, 31, 2032 MHz, 3996 MHz, 0 %, 0 %
2026/03/23 23:08:38.215, 2, 238.52 W, 28, 2032 MHz, 3996 MHz, 0 %, 0 %
2026/03/23 23:08:38.215, 3, 238.85 W, 31, 2032 MHz, 3996 MHz, 0 %, 0 %
2026/03/23 23:08:38.215, 4, 179.16 W, 26, 120 MHz, 3996 MHz, 0 %, 0 %
2026/03/23 23:08:38.215, 5, 180.58 W, 28, 120 MHz, 3996 MHz, 0 %, 0 %
2026/03/23 23:08:38.215, 6, 178.64 W, 27, 120 MHz, 3996 MHz, 0 %, 0 %
2026/03/23 23:08:38.215, 7, 176.58 W, 28, 120 MHz, 3996 MHz, 0 %, 0 %
2026/03/23 23:08:39.215, 0, 228.65 W, 28, 2032 MHz, 3996 MHz, 0 %, 0 %
2026/03/23 23:08:39.215, 1, 233.30 W, 31, 2032 MHz, 3996 MHz, 0 %, 0 %
2026/03/23 23:08:39.215, 2, 234.02 W, 28, 2032 MHz, 3996 MHz, 0 %, 0 %
2026/03/23 23:08:39.215, 3, 235.14 W, 31, 2032 MHz, 3996 MHz, 0 %, 0 %
2026/03/23 23:08:39.215, 4, 179.28 W, 26, 120 MHz, 3996 MHz, 0 %, 0 %
2026/03/23 23:08:39.215, 5, 180.58 W, 28, 120 MHz, 3996 MHz, 0 %, 0 %
2026/03/23 23:08:39.215, 6, 178.60 W, 27, 120 MHz, 3996 MHz, 0 %, 0 %
2026/03/23 23:08:39.215, 7, 176.58 W, 28, 120 MHz, 3996 MHz, 0 %, 0 %
2026/03/23 23:08:40.215, 0, 228.75 W, 28, 2032 MHz, 3996 MHz, 0 %, 0 %
2026/03/23 23:08:40.215, 1, 233.44 W, 31, 2032 MHz, 3996 MHz, 0 %, 0 %
2026/03/23 23:08:40.215, 2, 234.02 W, 28, 2032 MHz, 3996 MHz, 0 %, 0 %
2026/03/23 23:08:40.215, 3, 235.13 W, 31, 2032 MHz, 3996 MHz, 0 %, 0 %
2026/03/23 23:08:40.215, 4, 179.01 W, 26, 120 MHz, 3996 MHz, 0 %, 0 %
2026/03/23 23:08:40.215, 5, 180.58 W, 28, 120 MHz, 3996 MHz, 0 %, 0 %
2026/03/23 23:08:40.215, 6, 178.64 W, 27, 120 MHz, 3996 MHz, 0 %, 0 %
2026/03/23 23:08:40.216, 7, 176.58 W, 28, 120 MHz, 3996 MHz, 0 %, 0 %
2026/03/23 23:08:41.216, 0, 228.64 W, 28, 2032 MHz, 3996 MHz, 0 %, 0 %
2026/03/23 23:08:41.216, 1, 233.25 W, 31, 2032 MHz, 3996 MHz, 0 %, 0 %
2026/03/23 23:08:41.216, 2, 234.02 W, 28, 2032 MHz, 3996 MHz, 0 %, 0 %
2026/03/23 23:08:41.216, 3, 235.11 W, 31, 2032 MHz, 3996 MHz, 0 %, 0 %
2026/03/23 23:08:41.216, 4, 178.82 W, 26, 120 MHz, 3996 MHz, 0 %, 0 %
2026/03/23 23:08:41.216, 5, 180.58 W, 28, 120 MHz, 3996 MHz, 0 %, 0 %
2026/03/23 23:08:41.216, 6, 178.64 W, 27, 120 MHz, 3996 MHz, 0 %, 0 %
2026/03/23 23:08:41.216, 7, 176.58 W, 28, 120 MHz, 3996 MHz, 0 %, 0 %
2026/03/23 23:08:42.216, 0, 228.49 W, 28, 2032 MHz, 3996 MHz, 0 %, 0 %
2026/03/23 23:08:42.216, 1, 233.25 W, 31, 2032 MHz, 3996 MHz, 0 %, 0 %
2026/03/23 23:08:42.216, 2, 234.02 W, 28, 2032 MHz, 3996 MHz, 0 %, 0 %
2026/03/23 23:08:42.216, 3, 235.14 W, 31, 2032 MHz, 3996 MHz, 0 %, 0 %
2026/03/23 23:08:42.216, 4, 179.05 W, 26, 120 MHz, 3996 MHz, 0 %, 0 %
2026/03/23 23:08:42.216, 5, 180.58 W, 28, 120 MHz, 3996 MHz, 0 %, 0 %
2026/03/23 23:08:42.216, 6, 178.64 W, 27, 120 MHz, 3996 MHz, 0 %, 0 %
2026/03/23 23:08:42.216, 7, 176.58 W, 28, 120 MHz, 3996 MHz, 0 %, 0 %
2026/03/23 23:08:43.216, 0, 228.96 W, 28, 2032 MHz, 3996 MHz, 10 %, 0 %
2026/03/23 23:08:43.216, 1, 234.20 W, 31, 2032 MHz, 3996 MHz, 0 %, 0 %
2026/03/23 23:08:43.216, 2, 234.32 W, 28, 2032 MHz, 3996 MHz, 0 %, 0 %
2026/03/23 23:08:43.216, 3, 235.20 W, 31, 2032 MHz, 3996 MHz, 2 %, 0 %
2026/03/23 23:08:43.216, 4, 178.98 W, 26, 120 MHz, 3996 MHz, 0 %, 0 %
2026/03/23 23:08:43.216, 5, 180.58 W, 28, 120 MHz, 3996 MHz, 0 %, 0 %
2026/03/23 23:08:43.216, 6, 178.60 W, 27, 120 MHz, 3996 MHz, 0 %, 0 %
2026/03/23 23:08:43.216, 7, 176.58 W, 28, 120 MHz, 3996 MHz, 0 %, 0 %
2026/03/23 23:08:44.216, 0, 230.00 W, 28, 2032 MHz, 3996 MHz, 0 %, 0 %
2026/03/23 23:08:44.216, 1, 235.07 W, 31, 2032 MHz, 3996 MHz, 0 %, 0 %
2026/03/23 23:08:44.216, 2, 234.45 W, 28, 2032 MHz, 3996 MHz, 0 %, 0 %
2026/03/23 23:08:44.216, 3, 235.17 W, 31, 2032 MHz, 3996 MHz, 0 %, 0 %
2026/03/23 23:08:44.216, 4, 178.71 W, 26, 120 MHz, 3996 MHz, 0 %, 0 %
2026/03/23 23:08:44.216, 5, 180.58 W, 28, 120 MHz, 3996 MHz, 0 %, 0 %
2026/03/23 23:08:44.216, 6, 178.64 W, 27, 120 MHz, 3996 MHz, 0 %, 0 %
2026/03/23 23:08:44.216, 7, 176.58 W, 28, 120 MHz, 3996 MHz, 0 %, 0 %
2026/03/23 23:08:45.216, 0, 229.77 W, 28, 2032 MHz, 3996 MHz, 0 %, 0 %
2026/03/23 23:08:45.216, 1, 235.09 W, 31, 2032 MHz, 3996 MHz, 0 %, 0 %
2026/03/23 23:08:45.216, 2, 234.21 W, 28, 2032 MHz, 3996 MHz, 0 %, 0 %
2026/03/23 23:08:45.216, 3, 235.13 W, 31, 2032 MHz, 3996 MHz, 0 %, 0 %
2026/03/23 23:08:45.216, 4, 179.18 W, 26, 120 MHz, 3996 MHz, 0 %, 0 %
2026/03/23 23:08:45.216, 5, 180.58 W, 28, 120 MHz, 3996 MHz, 0 %, 0 %
2026/03/23 23:08:45.216, 6, 178.52 W, 27, 120 MHz, 3996 MHz, 0 %, 0 %
2026/03/23 23:08:45.216, 7, 176.58 W, 28, 120 MHz, 3996 MHz, 0 %, 0 %
2026/03/23 23:08:46.216, 0, 229.54 W, 28, 2032 MHz, 3996 MHz, 0 %, 0 %
2026/03/23 23:08:46.216, 1, 235.05 W, 30, 2032 MHz, 3996 MHz, 0 %, 0 %
2026/03/23 23:08:46.216, 2, 234.14 W, 28, 2032 MHz, 3996 MHz, 0 %, 0 %
2026/03/23 23:08:46.216, 3, 235.12 W, 31, 2032 MHz, 3996 MHz, 0 %, 0 %
2026/03/23 23:08:46.216, 4, 179.29 W, 26, 120 MHz, 3996 MHz, 0 %, 0 %
2026/03/23 23:08:46.216, 5, 180.58 W, 28, 120 MHz, 3996 MHz, 0 %, 0 %
2026/03/23 23:08:46.216, 6, 178.60 W, 27, 120 MHz, 3996 MHz, 0 %, 0 %
2026/03/23 23:08:46.216, 7, 176.58 W, 28, 120 MHz, 3996 MHz, 0 %, 0 %
2026/03/23 23:08:47.217, 0, 229.43 W, 28, 2032 MHz, 3996 MHz, 0 %, 0 %
2026/03/23 23:08:47.217, 1, 234.77 W, 30, 2032 MHz, 3996 MHz, 0 %, 0 %
2026/03/23 23:08:47.217, 2, 234.02 W, 28, 2032 MHz, 3996 MHz, 0 %, 0 %
2026/03/23 23:08:47.217, 3, 235.13 W, 31, 2032 MHz, 3996 MHz, 0 %, 0 %
2026/03/23 23:08:47.217, 4, 179.02 W, 26, 120 MHz, 3996 MHz, 0 %, 0 %
2026/03/23 23:08:47.217, 5, 180.58 W, 28, 120 MHz, 3996 MHz, 0 %, 0 %
2026/03/23 23:08:47.217, 6, 178.64 W, 27, 120 MHz, 3996 MHz, 0 %, 0 %
2026/03/23 23:08:47.217, 7, 176.58 W, 28, 120 MHz, 3996 MHz, 0 %, 0 %
2026/03/23 23:08:48.217, 0, 229.27 W, 28, 2032 MHz, 3996 MHz, 0 %, 0 %
2026/03/23 23:08:48.217, 1, 234.63 W, 30, 2032 MHz, 3996 MHz, 0 %, 0 %
2026/03/23 23:08:48.217, 2, 234.02 W, 28, 2032 MHz, 3996 MHz, 0 %, 0 %
2026/03/23 23:08:48.217, 3, 235.08 W, 31, 2032 MHz, 3996 MHz, 0 %, 0 %
2026/03/23 23:08:48.217, 4, 179.13 W, 26, 120 MHz, 3996 MHz, 0 %, 0 %
2026/03/23 23:08:48.217, 5, 180.58 W, 28, 120 MHz, 3996 MHz, 0 %, 0 %
2026/03/23 23:08:48.217, 6, 178.64 W, 27, 120 MHz, 3996 MHz, 0 %, 0 %
2026/03/23 23:08:48.217, 7, 176.58 W, 28, 120 MHz, 3996 MHz, 0 %, 0 %
2026/03/23 23:08:49.217, 0, 250.51 W, 30, 2032 MHz, 3996 MHz, 0 %, 0 %
2026/03/23 23:08:49.217, 1, 261.66 W, 32, 2032 MHz, 3996 MHz, 75 %, 16 %
2026/03/23 23:08:49.217, 2, 261.88 W, 29, 2032 MHz, 3996 MHz, 0 %, 0 %
2026/03/23 23:08:49.217, 3, 251.78 W, 32, 2032 MHz, 3996 MHz, 0 %, 0 %
2026/03/23 23:08:49.217, 4, 179.08 W, 26, 120 MHz, 3996 MHz, 0 %, 0 %
2026/03/23 23:08:49.217, 5, 180.58 W, 28, 120 MHz, 3996 MHz, 0 %, 0 %
2026/03/23 23:08:49.217, 6, 178.64 W, 27, 120 MHz, 3996 MHz, 0 %, 0 %
2026/03/23 23:08:49.217, 7, 176.58 W, 28, 120 MHz, 3996 MHz, 0 %, 0 %
2026/03/23 23:08:50.217, 0, 236.48 W, 28, 2032 MHz, 3996 MHz, 0 %, 0 %
2026/03/23 23:08:50.217, 1, 235.90 W, 31, 2032 MHz, 3996 MHz, 0 %, 0 %
2026/03/23 23:08:50.217, 2, 238.55 W, 28, 2032 MHz, 3996 MHz, 0 %, 0 %
2026/03/23 23:08:50.217, 3, 250.83 W, 31, 2032 MHz, 3996 MHz, 0 %, 0 %
2026/03/23 23:08:50.217, 4, 178.82 W, 26, 120 MHz, 3996 MHz, 0 %, 0 %
2026/03/23 23:08:50.217, 5, 180.58 W, 28, 120 MHz, 3996 MHz, 0 %, 0 %
2026/03/23 23:08:50.217, 6, 178.64 W, 27, 120 MHz, 3996 MHz, 0 %, 0 %
2026/03/23 23:08:50.217, 7, 176.58 W, 28, 120 MHz, 3996 MHz, 0 %, 0 %
2026/03/23 23:08:51.217, 0, 229.85 W, 28, 2032 MHz, 3996 MHz, 0 %, 0 %
2026/03/23 23:08:51.217, 1, 235.08 W, 30, 2032 MHz, 3996 MHz, 0 %, 0 %
2026/03/23 23:08:51.217, 2, 234.58 W, 28, 2032 MHz, 3996 MHz, 0 %, 0 %
2026/03/23 23:08:51.217, 3, 235.12 W, 31, 2032 MHz, 3996 MHz, 0 %, 0 %
2026/03/23 23:08:51.217, 4, 178.83 W, 26, 120 MHz, 3996 MHz, 0 %, 0 %
2026/03/23 23:08:51.217, 5, 180.58 W, 28, 120 MHz, 3996 MHz, 0 %, 0 %
2026/03/23 23:08:51.217, 6, 178.64 W, 27, 120 MHz, 3996 MHz, 0 %, 0 %
2026/03/23 23:08:51.217, 7, 176.58 W, 28, 120 MHz, 3996 MHz, 0 %, 0 %
2026/03/23 23:08:52.217, 0, 229.70 W, 28, 2032 MHz, 3996 MHz, 0 %, 0 %
2026/03/23 23:08:52.217, 1, 234.88 W, 30, 2032 MHz, 3996 MHz, 0 %, 0 %
2026/03/23 23:08:52.217, 2, 234.06 W, 28, 2032 MHz, 3996 MHz, 0 %, 0 %
2026/03/23 23:08:52.217, 3, 235.13 W, 31, 2032 MHz, 3996 MHz, 0 %, 0 %
2026/03/23 23:08:52.217, 4, 178.94 W, 26, 120 MHz, 3996 MHz, 0 %, 0 %
2026/03/23 23:08:52.217, 5, 180.58 W, 28, 120 MHz, 3996 MHz, 0 %, 0 %
2026/03/23 23:08:52.217, 6, 178.60 W, 27, 120 MHz, 3996 MHz, 0 %, 0 %
2026/03/23 23:08:52.217, 7, 176.58 W, 28, 120 MHz, 3996 MHz, 0 %, 0 %
2026/03/23 23:08:53.218, 0, 229.27 W, 28, 2032 MHz, 3996 MHz, 0 %, 0 %
2026/03/23 23:08:53.218, 1, 234.84 W, 30, 2032 MHz, 3996 MHz, 0 %, 0 %
2026/03/23 23:08:53.218, 2, 234.10 W, 28, 2032 MHz, 3996 MHz, 0 %, 0 %
2026/03/23 23:08:53.218, 3, 235.12 W, 31, 2032 MHz, 3996 MHz, 0 %, 0 %
2026/03/23 23:08:53.218, 4, 178.94 W, 26, 120 MHz, 3996 MHz, 0 %, 0 %
2026/03/23 23:08:53.218, 5, 180.58 W, 28, 120 MHz, 3996 MHz, 0 %, 0 %
2026/03/23 23:08:53.218, 6, 178.64 W, 27, 120 MHz, 3996 MHz, 0 %, 0 %
2026/03/23 23:08:53.218, 7, 176.58 W, 28, 120 MHz, 3996 MHz, 0 %, 0 %
2026/03/23 23:08:54.218, 0, 229.62 W, 28, 2032 MHz, 3996 MHz, 0 %, 0 %
2026/03/23 23:08:54.218, 1, 234.92 W, 30, 2032 MHz, 3996 MHz, 0 %, 0 %
2026/03/23 23:08:54.218, 2, 234.02 W, 28, 2032 MHz, 3996 MHz, 0 %, 0 %
2026/03/23 23:08:54.218, 3, 235.13 W, 31, 2032 MHz, 3996 MHz, 0 %, 0 %
2026/03/23 23:08:54.218, 4, 178.99 W, 26, 120 MHz, 3996 MHz, 0 %, 0 %
2026/03/23 23:08:54.218, 5, 180.58 W, 28, 120 MHz, 3996 MHz, 0 %, 0 %
2026/03/23 23:08:54.218, 6, 178.64 W, 27, 120 MHz, 3996 MHz, 0 %, 0 %
2026/03/23 23:08:54.218, 7, 176.58 W, 28, 120 MHz, 3996 MHz, 0 %, 0 %
2026/03/23 23:08:55.218, 0, 229.51 W, 28, 2032 MHz, 3996 MHz, 0 %, 0 %
2026/03/23 23:08:55.218, 1, 234.07 W, 30, 2032 MHz, 3996 MHz, 0 %, 0 %
2026/03/23 23:08:55.218, 2, 234.09 W, 28, 2032 MHz, 3996 MHz, 0 %, 0 %
2026/03/23 23:08:55.218, 3, 235.16 W, 31, 2032 MHz, 3996 MHz, 0 %, 0 %
2026/03/23 23:08:55.218, 4, 178.84 W, 26, 120 MHz, 3996 MHz, 0 %, 0 %
2026/03/23 23:08:55.218, 5, 180.58 W, 28, 120 MHz, 3996 MHz, 0 %, 0 %
2026/03/23 23:08:55.218, 6, 178.64 W, 27, 120 MHz, 3996 MHz, 0 %, 0 %
2026/03/23 23:08:55.218, 7, 176.58 W, 28, 120 MHz, 3996 MHz, 0 %, 0 %
2026/03/23 23:08:56.218, 0, 228.61 W, 28, 2032 MHz, 3996 MHz, 0 %, 0 %
2026/03/23 23:08:56.218, 1, 233.20 W, 30, 2032 MHz, 3996 MHz, 0 %, 0 %
2026/03/23 23:08:56.218, 2, 234.02 W, 28, 2032 MHz, 3996 MHz, 0 %, 0 %
2026/03/23 23:08:56.218, 3, 235.15 W, 31, 2032 MHz, 3996 MHz, 0 %, 0 %
2026/03/23 23:08:56.218, 4, 179.17 W, 26, 120 MHz, 3996 MHz, 0 %, 0 %
2026/03/23 23:08:56.218, 5, 180.58 W, 28, 120 MHz, 3996 MHz, 0 %, 0 %
2026/03/23 23:08:56.218, 6, 178.64 W, 27, 120 MHz, 3996 MHz, 0 %, 0 %
2026/03/23 23:08:56.218, 7, 176.58 W, 28, 120 MHz, 3996 MHz, 0 %, 0 %
2026/03/23 23:08:57.218, 0, 228.71 W, 28, 2032 MHz, 3996 MHz, 0 %, 0 %
2026/03/23 23:08:57.218, 1, 233.18 W, 30, 2032 MHz, 3996 MHz, 0 %, 0 %
2026/03/23 23:08:57.218, 2, 234.02 W, 28, 2032 MHz, 3996 MHz, 0 %, 0 %
2026/03/23 23:08:57.218, 3, 235.04 W, 31, 2032 MHz, 3996 MHz, 0 %, 0 %
2026/03/23 23:08:57.218, 4, 179.02 W, 26, 120 MHz, 3996 MHz, 0 %, 0 %
2026/03/23 23:08:57.218, 5, 180.58 W, 28, 120 MHz, 3996 MHz, 0 %, 0 %
2026/03/23 23:08:57.218, 6, 178.60 W, 27, 120 MHz, 3996 MHz, 0 %, 0 %
2026/03/23 23:08:57.218, 7, 176.58 W, 28, 120 MHz, 3996 MHz, 0 %, 0 %
2026/03/23 23:08:58.218, 0, 228.26 W, 28, 2032 MHz, 3996 MHz, 0 %, 0 %
2026/03/23 23:08:58.218, 1, 233.18 W, 30, 2032 MHz, 3996 MHz, 0 %, 0 %
2026/03/23 23:08:58.218, 2, 234.02 W, 28, 2032 MHz, 3996 MHz, 0 %, 0 %
2026/03/23 23:08:58.218, 3, 235.08 W, 31, 2032 MHz, 3996 MHz, 0 %, 0 %
2026/03/23 23:08:58.218, 4, 179.03 W, 26, 120 MHz, 3996 MHz, 0 %, 0 %
2026/03/23 23:08:58.218, 5, 180.58 W, 28, 120 MHz, 3996 MHz, 0 %, 0 %
2026/03/23 23:08:58.218, 6, 178.60 W, 27, 120 MHz, 3996 MHz, 0 %, 0 %
2026/03/23 23:08:58.218, 7, 176.58 W, 28, 120 MHz, 3996 MHz, 0 %, 0 %
2026/03/23 23:08:59.218, 0, 387.03 W, 31, 2032 MHz, 3996 MHz, 100 %, 28 %
2026/03/23 23:08:59.218, 1, 446.23 W, 34, 2032 MHz, 3996 MHz, 100 %, 27 %
2026/03/23 23:08:59.218, 2, 458.84 W, 32, 2032 MHz, 3996 MHz, 100 %, 28 %
2026/03/23 23:08:59.218, 3, 362.31 W, 34, 2032 MHz, 3996 MHz, 100 %, 28 %
2026/03/23 23:08:59.218, 4, 179.00 W, 26, 120 MHz, 3996 MHz, 0 %, 0 %
2026/03/23 23:08:59.219, 5, 180.58 W, 28, 120 MHz, 3996 MHz, 0 %, 0 %
2026/03/23 23:08:59.219, 6, 178.60 W, 27, 120 MHz, 3996 MHz, 0 %, 0 %
2026/03/23 23:08:59.219, 7, 176.58 W, 28, 120 MHz, 3996 MHz, 0 %, 0 %
2026/03/23 23:09:00.219, 0, 498.32 W, 32, 2032 MHz, 3996 MHz, 100 %, 27 %
2026/03/23 23:09:00.219, 1, 497.81 W, 34, 2032 MHz, 3996 MHz, 100 %, 28 %
2026/03/23 23:09:00.219, 2, 501.83 W, 32, 2032 MHz, 3996 MHz, 100 %, 28 %
2026/03/23 23:09:00.219, 3, 511.41 W, 35, 2032 MHz, 3996 MHz, 100 %, 28 %
2026/03/23 23:09:00.219, 4, 179.11 W, 26, 120 MHz, 3996 MHz, 0 %, 0 %
2026/03/23 23:09:00.219, 5, 180.58 W, 28, 120 MHz, 3996 MHz, 0 %, 0 %
2026/03/23 23:09:00.219, 6, 178.64 W, 27, 120 MHz, 3996 MHz, 0 %, 0 %
2026/03/23 23:09:00.219, 7, 176.58 W, 28, 120 MHz, 3996 MHz, 0 %, 0 %
2026/03/23 23:09:01.219, 0, 500.23 W, 32, 2032 MHz, 3996 MHz, 100 %, 28 %
2026/03/23 23:09:01.219, 1, 498.77 W, 35, 2032 MHz, 3996 MHz, 100 %, 28 %
2026/03/23 23:09:01.219, 2, 504.04 W, 32, 2032 MHz, 3996 MHz, 100 %, 28 %
2026/03/23 23:09:01.219, 3, 513.53 W, 35, 2032 MHz, 3996 MHz, 100 %, 28 %
2026/03/23 23:09:01.219, 4, 178.94 W, 26, 120 MHz, 3996 MHz, 0 %, 0 %
2026/03/23 23:09:01.219, 5, 180.58 W, 28, 120 MHz, 3996 MHz, 0 %, 0 %
2026/03/23 23:09:01.219, 6, 178.60 W, 27, 120 MHz, 3996 MHz, 0 %, 0 %
2026/03/23 23:09:01.219, 7, 176.58 W, 28, 120 MHz, 3996 MHz, 0 %, 0 %
2026/03/23 23:09:02.219, 0, 501.26 W, 33, 2032 MHz, 3996 MHz, 100 %, 27 %
2026/03/23 23:09:02.219, 1, 500.72 W, 35, 2032 MHz, 3996 MHz, 100 %, 28 %
2026/03/23 23:09:02.219, 2, 506.64 W, 33, 2032 MHz, 3996 MHz, 100 %, 29 %
2026/03/23 23:09:02.219, 3, 514.77 W, 35, 2032 MHz, 3996 MHz, 100 %, 28 %
2026/03/23 23:09:02.219, 4, 178.93 W, 26, 120 MHz, 3996 MHz, 0 %, 0 %
2026/03/23 23:09:02.219, 5, 180.58 W, 28, 120 MHz, 3996 MHz, 0 %, 0 %
2026/03/23 23:09:02.219, 6, 178.64 W, 27, 120 MHz, 3996 MHz, 0 %, 0 %
2026/03/23 23:09:02.219, 7, 176.59 W, 28, 120 MHz, 3996 MHz, 0 %, 0 %
2026/03/23 23:09:03.219, 0, 502.43 W, 33, 2032 MHz, 3996 MHz, 100 %, 28 %
2026/03/23 23:09:03.219, 1, 501.71 W, 35, 2032 MHz, 3996 MHz, 100 %, 28 %
2026/03/23 23:09:03.219, 2, 506.84 W, 33, 2032 MHz, 3996 MHz, 100 %, 28 %
2026/03/23 23:09:03.219, 3, 516.80 W, 36, 2032 MHz, 3996 MHz, 100 %, 29 %
2026/03/23 23:09:03.219, 4, 178.90 W, 26, 120 MHz, 3996 MHz, 0 %, 0 %
2026/03/23 23:09:03.219, 5, 180.58 W, 28, 120 MHz, 3996 MHz, 0 %, 0 %
2026/03/23 23:09:03.219, 6, 178.64 W, 27, 120 MHz, 3996 MHz, 0 %, 0 %
2026/03/23 23:09:03.219, 7, 176.58 W, 28, 120 MHz, 3996 MHz, 0 %, 0 %
2026/03/23 23:09:04.219, 0, 504.66 W, 33, 2032 MHz, 3996 MHz, 100 %, 28 %
2026/03/23 23:09:04.219, 1, 504.14 W, 35, 2032 MHz, 3996 MHz, 100 %, 28 %
2026/03/23 23:09:04.219, 2, 508.70 W, 33, 2032 MHz, 3996 MHz, 100 %, 28 %
2026/03/23 23:09:04.219, 3, 516.15 W, 36, 2032 MHz, 3996 MHz, 100 %, 28 %
2026/03/23 23:09:04.219, 4, 178.79 W, 26, 120 MHz, 3996 MHz, 0 %, 0 %
2026/03/23 23:09:04.219, 5, 180.58 W, 28, 120 MHz, 3996 MHz, 0 %, 0 %
2026/03/23 23:09:04.219, 6, 178.60 W, 27, 120 MHz, 3996 MHz, 0 %, 0 %
2026/03/23 23:09:04.219, 7, 176.58 W, 28, 120 MHz, 3996 MHz, 0 %, 0 %
2026/03/23 23:09:05.219, 0, 503.74 W, 33, 2032 MHz, 3996 MHz, 100 %, 28 %
2026/03/23 23:09:05.219, 1, 504.40 W, 35, 2032 MHz, 3996 MHz, 100 %, 28 %
2026/03/23 23:09:05.219, 2, 510.04 W, 33, 2032 MHz, 3996 MHz, 100 %, 29 %
2026/03/23 23:09:05.219, 3, 518.80 W, 36, 2032 MHz, 3996 MHz, 100 %, 29 %
2026/03/23 23:09:05.219, 4, 179.02 W, 26, 120 MHz, 3996 MHz, 0 %, 0 %
2026/03/23 23:09:05.219, 5, 180.58 W, 28, 120 MHz, 3996 MHz, 0 %, 0 %
2026/03/23 23:09:05.220, 6, 178.60 W, 27, 120 MHz, 3996 MHz, 0 %, 0 %
2026/03/23 23:09:05.220, 7, 176.58 W, 28, 120 MHz, 3996 MHz, 0 %, 0 %
2026/03/23 23:09:06.220, 0, 459.39 W, 31, 2032 MHz, 3996 MHz, 35 %, 10 %
2026/03/23 23:09:06.220, 1, 447.48 W, 33, 2032 MHz, 3996 MHz, 0 %, 0 %
2026/03/23 23:09:06.220, 2, 455.63 W, 31, 2032 MHz, 3996 MHz, 26 %, 8 %
2026/03/23 23:09:06.220, 3, 480.00 W, 34, 2032 MHz, 3996 MHz, 100 %, 29 %
2026/03/23 23:09:06.220, 4, 178.93 W, 26, 120 MHz, 3996 MHz, 0 %, 0 %
2026/03/23 23:09:06.220, 5, 180.58 W, 28, 120 MHz, 3996 MHz, 0 %, 0 %
2026/03/23 23:09:06.220, 6, 178.60 W, 27, 120 MHz, 3996 MHz, 0 %, 0 %
2026/03/23 23:09:06.220, 7, 176.58 W, 28, 120 MHz, 3996 MHz, 0 %, 0 %
2026/03/23 23:09:07.220, 0, 230.35 W, 29, 2032 MHz, 3996 MHz, 0 %, 0 %
2026/03/23 23:09:07.220, 1, 235.23 W, 32, 2032 MHz, 3996 MHz, 0 %, 0 %
2026/03/23 23:09:07.220, 2, 235.96 W, 29, 2032 MHz, 3996 MHz, 0 %, 0 %
2026/03/23 23:09:07.220, 3, 236.76 W, 32, 2032 MHz, 3996 MHz, 0 %, 0 %
2026/03/23 23:09:07.220, 4, 178.99 W, 26, 120 MHz, 3996 MHz, 0 %, 0 %
2026/03/23 23:09:07.220, 5, 180.58 W, 28, 120 MHz, 3996 MHz, 0 %, 0 %
2026/03/23 23:09:07.220, 6, 178.60 W, 27, 120 MHz, 3996 MHz, 0 %, 0 %
2026/03/23 23:09:07.220, 7, 176.58 W, 28, 120 MHz, 3996 MHz, 0 %, 0 %
2026/03/23 23:09:08.220, 0, 254.54 W, 30, 2032 MHz, 3996 MHz, 26 %, 0 %
2026/03/23 23:09:08.220, 1, 265.86 W, 32, 2032 MHz, 3996 MHz, 100 %, 7 %
2026/03/23 23:09:08.220, 2, 258.23 W, 30, 2032 MHz, 3996 MHz, 0 %, 0 %
2026/03/23 23:09:08.220, 3, 258.51 W, 32, 2032 MHz, 3996 MHz, 0 %, 0 %
2026/03/23 23:09:08.220, 4, 179.12 W, 26, 120 MHz, 3996 MHz, 0 %, 0 %
2026/03/23 23:09:08.220, 5, 180.58 W, 28, 120 MHz, 3996 MHz, 0 %, 0 %
2026/03/23 23:09:08.220, 6, 178.64 W, 27, 120 MHz, 3996 MHz, 0 %, 0 %
2026/03/23 23:09:08.220, 7, 176.58 W, 28, 120 MHz, 3996 MHz, 0 %, 0 %
2026/03/23 23:09:09.220, 0, 459.04 W, 33, 2032 MHz, 3996 MHz, 100 %, 24 %
2026/03/23 23:09:09.220, 1, 463.54 W, 35, 2032 MHz, 3996 MHz, 100 %, 24 %
2026/03/23 23:09:09.220, 2, 464.64 W, 32, 2032 MHz, 3996 MHz, 100 %, 24 %
2026/03/23 23:09:09.220, 3, 466.73 W, 35, 2032 MHz, 3996 MHz, 100 %, 24 %
2026/03/23 23:09:09.220, 4, 179.21 W, 26, 120 MHz, 3996 MHz, 0 %, 0 %
2026/03/23 23:09:09.220, 5, 180.58 W, 28, 120 MHz, 3996 MHz, 0 %, 0 %
2026/03/23 23:09:09.220, 6, 178.64 W, 27, 120 MHz, 3996 MHz, 0 %, 0 %
2026/03/23 23:09:09.220, 7, 176.58 W, 28, 120 MHz, 3996 MHz, 0 %, 0 %
2026/03/23 23:09:10.220, 0, 477.67 W, 33, 2032 MHz, 3996 MHz, 100 %, 24 %
2026/03/23 23:09:10.220, 1, 474.73 W, 35, 2032 MHz, 3996 MHz, 100 %, 24 %
2026/03/23 23:09:10.220, 2, 477.89 W, 33, 2032 MHz, 3996 MHz, 100 %, 24 %
2026/03/23 23:09:10.220, 3, 486.23 W, 36, 2032 MHz, 3996 MHz, 100 %, 24 %
2026/03/23 23:09:10.220, 4, 179.08 W, 26, 120 MHz, 3996 MHz, 0 %, 0 %
2026/03/23 23:09:10.220, 5, 180.58 W, 28, 120 MHz, 3996 MHz, 0 %, 0 %
2026/03/23 23:09:10.220, 6, 178.60 W, 27, 120 MHz, 3996 MHz, 0 %, 0 %
2026/03/23 23:09:10.220, 7, 176.58 W, 28, 120 MHz, 3996 MHz, 0 %, 0 %
2026/03/23 23:09:11.220, 0, 479.03 W, 33, 2032 MHz, 3996 MHz, 100 %, 24 %
2026/03/23 23:09:11.220, 1, 477.19 W, 35, 2032 MHz, 3996 MHz, 100 %, 25 %
2026/03/23 23:09:11.220, 2, 478.85 W, 33, 2032 MHz, 3996 MHz, 100 %, 24 %
2026/03/23 23:09:11.220, 3, 487.73 W, 36, 2032 MHz, 3996 MHz, 100 %, 24 %
2026/03/23 23:09:11.220, 4, 179.14 W, 26, 120 MHz, 3996 MHz, 0 %, 0 %
2026/03/23 23:09:11.221, 5, 180.58 W, 28, 120 MHz, 3996 MHz, 0 %, 0 %
2026/03/23 23:09:11.221, 6, 178.60 W, 27, 120 MHz, 3996 MHz, 0 %, 0 %
2026/03/23 23:09:11.221, 7, 176.58 W, 28, 120 MHz, 3996 MHz, 0 %, 0 %
2026/03/23 23:09:12.221, 0, 480.41 W, 33, 2032 MHz, 3996 MHz, 100 %, 24 %
2026/03/23 23:09:12.221, 1, 478.95 W, 35, 2032 MHz, 3996 MHz, 100 %, 25 %
2026/03/23 23:09:12.221, 2, 478.93 W, 33, 2032 MHz, 3996 MHz, 100 %, 24 %
2026/03/23 23:09:12.221, 3, 488.85 W, 36, 2032 MHz, 3996 MHz, 100 %, 24 %
2026/03/23 23:09:12.221, 4, 179.33 W, 26, 120 MHz, 3996 MHz, 0 %, 0 %
2026/03/23 23:09:12.221, 5, 180.58 W, 28, 120 MHz, 3996 MHz, 0 %, 0 %
2026/03/23 23:09:12.221, 6, 178.64 W, 27, 120 MHz, 3996 MHz, 0 %, 0 %
2026/03/23 23:09:12.221, 7, 176.58 W, 28, 120 MHz, 3996 MHz, 0 %, 0 %
2026/03/23 23:09:13.221, 0, 484.29 W, 33, 2032 MHz, 3996 MHz, 100 %, 25 %
2026/03/23 23:09:13.221, 1, 481.66 W, 35, 2032 MHz, 3996 MHz, 100 %, 25 %
2026/03/23 23:09:13.221, 2, 478.66 W, 33, 2032 MHz, 3996 MHz, 100 %, 24 %
2026/03/23 23:09:13.221, 3, 489.12 W, 36, 2032 MHz, 3996 MHz, 100 %, 24 %
2026/03/23 23:09:13.221, 4, 178.94 W, 26, 120 MHz, 3996 MHz, 0 %, 0 %
2026/03/23 23:09:13.221, 5, 180.58 W, 28, 120 MHz, 3996 MHz, 0 %, 0 %
2026/03/23 23:09:13.221, 6, 178.64 W, 27, 120 MHz, 3996 MHz, 0 %, 0 %
2026/03/23 23:09:13.221, 7, 176.58 W, 28, 120 MHz, 3996 MHz, 0 %, 0 %
2026/03/23 23:09:14.221, 0, 484.61 W, 33, 2032 MHz, 3996 MHz, 100 %, 25 %
2026/03/23 23:09:14.221, 1, 482.70 W, 35, 2032 MHz, 3996 MHz, 100 %, 25 %
2026/03/23 23:09:14.221, 2, 481.43 W, 33, 2032 MHz, 3996 MHz, 100 %, 25 %
2026/03/23 23:09:14.221, 3, 489.95 W, 36, 2032 MHz, 3996 MHz, 100 %, 24 %
2026/03/23 23:09:14.221, 4, 179.02 W, 26, 120 MHz, 3996 MHz, 0 %, 0 %
2026/03/23 23:09:14.221, 5, 180.58 W, 28, 120 MHz, 3996 MHz, 0 %, 0 %
2026/03/23 23:09:14.221, 6, 178.64 W, 27, 120 MHz, 3996 MHz, 0 %, 0 %
2026/03/23 23:09:14.221, 7, 176.58 W, 28, 120 MHz, 3996 MHz, 0 %, 0 %
2026/03/23 23:09:15.221, 0, 477.33 W, 32, 2032 MHz, 3996 MHz, 100 %, 25 %
2026/03/23 23:09:15.221, 1, 463.50 W, 34, 2032 MHz, 3996 MHz, 33 %, 5 %
2026/03/23 23:09:15.221, 2, 465.51 W, 32, 2032 MHz, 3996 MHz, 100 %, 25 %
2026/03/23 23:09:15.221, 3, 489.41 W, 36, 2032 MHz, 3996 MHz, 100 %, 24 %
2026/03/23 23:09:15.221, 4, 179.19 W, 26, 120 MHz, 3996 MHz, 0 %, 0 %
2026/03/23 23:09:15.221, 5, 180.58 W, 28, 120 MHz, 3996 MHz, 0 %, 0 %
2026/03/23 23:09:15.221, 6, 178.64 W, 27, 120 MHz, 3996 MHz, 0 %, 0 %
2026/03/23 23:09:15.221, 7, 176.58 W, 28, 120 MHz, 3996 MHz, 0 %, 0 %
2026/03/23 23:09:16.221, 0, 258.77 W, 30, 2032 MHz, 3996 MHz, 0 %, 0 %
2026/03/23 23:09:16.221, 1, 262.27 W, 32, 2032 MHz, 3996 MHz, 0 %, 0 %
2026/03/23 23:09:16.221, 2, 262.20 W, 30, 2032 MHz, 3996 MHz, 0 %, 0 %
2026/03/23 23:09:16.221, 3, 265.51 W, 33, 2032 MHz, 3996 MHz, 0 %, 0 %
2026/03/23 23:09:16.221, 4, 178.97 W, 26, 120 MHz, 3996 MHz, 0 %, 0 %
2026/03/23 23:09:16.221, 5, 180.58 W, 28, 120 MHz, 3996 MHz, 0 %, 0 %
2026/03/23 23:09:16.221, 6, 178.60 W, 27, 120 MHz, 3996 MHz, 0 %, 0 %
2026/03/23 23:09:16.221, 7, 176.58 W, 28, 120 MHz, 3996 MHz, 0 %, 0 %
2026/03/23 23:09:17.221, 0, 230.00 W, 30, 2032 MHz, 3996 MHz, 0 %, 0 %
2026/03/23 23:09:17.221, 1, 235.11 W, 32, 2032 MHz, 3996 MHz, 0 %, 0 %
2026/03/23 23:09:17.221, 2, 235.95 W, 29, 2032 MHz, 3996 MHz, 0 %, 0 %
2026/03/23 23:09:17.221, 3, 236.82 W, 32, 2032 MHz, 3996 MHz, 0 %, 0 %
2026/03/23 23:09:17.221, 4, 179.25 W, 26, 120 MHz, 3996 MHz, 0 %, 0 %
2026/03/23 23:09:17.221, 5, 180.58 W, 28, 120 MHz, 3996 MHz, 0 %, 0 %
2026/03/23 23:09:17.221, 6, 178.64 W, 27, 120 MHz, 3996 MHz, 0 %, 0 %
2026/03/23 23:09:17.222, 7, 176.58 W, 28, 120 MHz, 3996 MHz, 0 %, 0 %
2026/03/23 23:09:18.222, 0, 230.00 W, 30, 2032 MHz, 3996 MHz, 0 %, 0 %
2026/03/23 23:09:18.222, 1, 235.16 W, 32, 2032 MHz, 3996 MHz, 0 %, 0 %
2026/03/23 23:09:18.222, 2, 235.77 W, 29, 2032 MHz, 3996 MHz, 0 %, 0 %
2026/03/23 23:09:18.222, 3, 236.17 W, 32, 2032 MHz, 3996 MHz, 0 %, 0 %
2026/03/23 23:09:18.222, 4, 179.05 W, 26, 120 MHz, 3996 MHz, 0 %, 0 %
2026/03/23 23:09:18.222, 5, 180.58 W, 28, 120 MHz, 3996 MHz, 0 %, 0 %
2026/03/23 23:09:18.222, 6, 178.60 W, 27, 120 MHz, 3996 MHz, 0 %, 0 %
2026/03/23 23:09:18.222, 7, 176.58 W, 28, 120 MHz, 3996 MHz, 0 %, 0 %
2026/03/23 23:09:19.222, 0, 230.00 W, 29, 2032 MHz, 3996 MHz, 0 %, 0 %
2026/03/23 23:09:19.222, 1, 235.14 W, 32, 2032 MHz, 3996 MHz, 0 %, 0 %
2026/03/23 23:09:19.222, 2, 235.03 W, 29, 2032 MHz, 3996 MHz, 0 %, 0 %
2026/03/23 23:09:19.222, 3, 235.81 W, 32, 2032 MHz, 3996 MHz, 0 %, 0 %
2026/03/23 23:09:19.222, 4, 178.90 W, 26, 120 MHz, 3996 MHz, 0 %, 0 %
2026/03/23 23:09:19.222, 5, 180.58 W, 28, 120 MHz, 3996 MHz, 0 %, 0 %
2026/03/23 23:09:19.222, 6, 178.64 W, 27, 120 MHz, 3996 MHz, 0 %, 0 %
2026/03/23 23:09:19.222, 7, 176.58 W, 28, 120 MHz, 3996 MHz, 0 %, 0 %
2026/03/23 23:09:20.222, 0, 229.96 W, 29, 2032 MHz, 3996 MHz, 0 %, 0 %
2026/03/23 23:09:20.222, 1, 235.12 W, 32, 2032 MHz, 3996 MHz, 0 %, 0 %
2026/03/23 23:09:20.222, 2, 234.53 W, 29, 2032 MHz, 3996 MHz, 0 %, 0 %
2026/03/23 23:09:20.222, 3, 235.47 W, 32, 2032 MHz, 3996 MHz, 0 %, 0 %
2026/03/23 23:09:20.222, 4, 178.98 W, 26, 120 MHz, 3996 MHz, 0 %, 0 %
2026/03/23 23:09:20.222, 5, 180.58 W, 28, 120 MHz, 3996 MHz, 0 %, 0 %
2026/03/23 23:09:20.222, 6, 178.60 W, 27, 120 MHz, 3996 MHz, 0 %, 0 %
2026/03/23 23:09:20.222, 7, 176.58 W, 28, 120 MHz, 3996 MHz, 0 %, 0 %
2026/03/23 23:09:21.222, 0, 229.96 W, 29, 2032 MHz, 3996 MHz, 0 %, 0 %
2026/03/23 23:09:21.222, 1, 235.14 W, 32, 2032 MHz, 3996 MHz, 0 %, 0 %
2026/03/23 23:09:21.222, 2, 234.48 W, 29, 2032 MHz, 3996 MHz, 0 %, 0 %
2026/03/23 23:09:21.222, 3, 235.41 W, 32, 2032 MHz, 3996 MHz, 0 %, 0 %
2026/03/23 23:09:21.222, 4, 179.24 W, 26, 120 MHz, 3996 MHz, 0 %, 0 %
2026/03/23 23:09:21.222, 5, 180.58 W, 28, 120 MHz, 3996 MHz, 0 %, 0 %
2026/03/23 23:09:21.222, 6, 178.64 W, 27, 120 MHz, 3996 MHz, 0 %, 0 %
2026/03/23 23:09:21.222, 7, 176.58 W, 28, 120 MHz, 3996 MHz, 0 %, 0 %
2026/03/23 23:09:22.222, 0, 229.96 W, 29, 2032 MHz, 3996 MHz, 0 %, 0 %
2026/03/23 23:09:22.222, 1, 235.13 W, 31, 2032 MHz, 3996 MHz, 0 %, 0 %
2026/03/23 23:09:22.222, 2, 235.01 W, 29, 2032 MHz, 3996 MHz, 0 %, 0 %
2026/03/23 23:09:22.222, 3, 235.66 W, 32, 2032 MHz, 3996 MHz, 0 %, 0 %
2026/03/23 23:09:22.222, 4, 179.15 W, 26, 120 MHz, 3996 MHz, 0 %, 0 %
2026/03/23 23:09:22.222, 5, 180.58 W, 28, 120 MHz, 3996 MHz, 0 %, 0 %
2026/03/23 23:09:22.222, 6, 178.64 W, 27, 120 MHz, 3996 MHz, 0 %, 0 %
2026/03/23 23:09:22.222, 7, 176.58 W, 28, 120 MHz, 3996 MHz, 0 %, 0 %
2026/03/23 23:09:23.222, 0, 229.96 W, 29, 2032 MHz, 3996 MHz, 0 %, 0 %
2026/03/23 23:09:23.222, 1, 235.13 W, 31, 2032 MHz, 3996 MHz, 0 %, 0 %
2026/03/23 23:09:23.222, 2, 234.84 W, 29, 2032 MHz, 3996 MHz, 0 %, 0 %
2026/03/23 23:09:23.222, 3, 235.50 W, 32, 2032 MHz, 3996 MHz, 0 %, 0 %
2026/03/23 23:09:23.222, 4, 179.12 W, 26, 120 MHz, 3996 MHz, 0 %, 0 %
2026/03/23 23:09:23.222, 5, 180.58 W, 28, 120 MHz, 3996 MHz, 0 %, 0 %
2026/03/23 23:09:23.222, 6, 178.60 W, 27, 120 MHz, 3996 MHz, 0 %, 0 %
2026/03/23 23:09:23.222, 7, 176.58 W, 28, 120 MHz, 3996 MHz, 0 %, 0 %
2026/03/23 23:09:24.223, 0, 229.81 W, 29, 2032 MHz, 3996 MHz, 0 %, 0 %
2026/03/23 23:09:24.223, 1, 235.13 W, 31, 2032 MHz, 3996 MHz, 0 %, 0 %
2026/03/23 23:09:24.223, 2, 234.52 W, 29, 2032 MHz, 3996 MHz, 0 %, 0 %
2026/03/23 23:09:24.223, 3, 235.27 W, 32, 2032 MHz, 3996 MHz, 0 %, 0 %
2026/03/23 23:09:24.223, 4, 178.97 W, 26, 120 MHz, 3996 MHz, 0 %, 0 %
2026/03/23 23:09:24.223, 5, 180.58 W, 28, 120 MHz, 3996 MHz, 0 %, 0 %
2026/03/23 23:09:24.223, 6, 178.60 W, 27, 120 MHz, 3996 MHz, 0 %, 0 %
2026/03/23 23:09:24.223, 7, 176.58 W, 28, 120 MHz, 3996 MHz, 0 %, 0 %
2026/03/23 23:09:25.223, 0, 229.55 W, 29, 2032 MHz, 3996 MHz, 0 %, 0 %
2026/03/23 23:09:25.223, 1, 235.14 W, 31, 2032 MHz, 3996 MHz, 0 %, 0 %
2026/03/23 23:09:25.223, 2, 234.17 W, 29, 2032 MHz, 3996 MHz, 0 %, 0 %
2026/03/23 23:09:25.223, 3, 235.16 W, 32, 2032 MHz, 3996 MHz, 0 %, 0 %
2026/03/23 23:09:25.223, 4, 179.28 W, 26, 120 MHz, 3996 MHz, 0 %, 0 %
2026/03/23 23:09:25.223, 5, 180.58 W, 28, 120 MHz, 3996 MHz, 0 %, 0 %
2026/03/23 23:09:25.223, 6, 178.64 W, 27, 120 MHz, 3996 MHz, 0 %, 0 %
2026/03/23 23:09:25.223, 7, 176.58 W, 28, 120 MHz, 3996 MHz, 0 %, 0 %
2026/03/23 23:09:26.223, 0, 230.91 W, 29, 2032 MHz, 3996 MHz, 6 %, 0 %
2026/03/23 23:09:26.223, 1, 235.66 W, 31, 2032 MHz, 3996 MHz, 58 %, 0 %
2026/03/23 23:09:26.223, 2, 234.29 W, 29, 2032 MHz, 3996 MHz, 0 %, 0 %
2026/03/23 23:09:26.223, 3, 236.43 W, 32, 2032 MHz, 3996 MHz, 0 %, 0 %
2026/03/23 23:09:26.223, 4, 179.30 W, 26, 120 MHz, 3996 MHz, 0 %, 0 %
2026/03/23 23:09:26.223, 5, 180.58 W, 28, 120 MHz, 3996 MHz, 0 %, 0 %
2026/03/23 23:09:26.223, 6, 178.64 W, 27, 120 MHz, 3996 MHz, 0 %, 0 %
2026/03/23 23:09:26.223, 7, 176.58 W, 28, 120 MHz, 3996 MHz, 0 %, 0 %
2026/03/23 23:09:27.223, 0, 589.94 W, 34, 2032 MHz, 3996 MHz, 100 %, 50 %
2026/03/23 23:09:27.223, 1, 625.81 W, 37, 2032 MHz, 3996 MHz, 100 %, 52 %
2026/03/23 23:09:27.223, 2, 619.06 W, 34, 2032 MHz, 3996 MHz, 100 %, 52 %
2026/03/23 23:09:27.223, 3, 599.66 W, 37, 2032 MHz, 3996 MHz, 100 %, 50 %
2026/03/23 23:09:27.223, 4, 179.28 W, 26, 120 MHz, 3996 MHz, 0 %, 0 %
2026/03/23 23:09:27.223, 5, 180.58 W, 28, 120 MHz, 3996 MHz, 0 %, 0 %
2026/03/23 23:09:27.223, 6, 178.64 W, 27, 120 MHz, 3996 MHz, 0 %, 0 %
2026/03/23 23:09:27.223, 7, 176.58 W, 28, 120 MHz, 3996 MHz, 0 %, 0 %
2026/03/23 23:09:28.223, 0, 648.72 W, 35, 2032 MHz, 3996 MHz, 100 %, 52 %
2026/03/23 23:09:28.223, 1, 674.69 W, 38, 2032 MHz, 3996 MHz, 100 %, 54 %
2026/03/23 23:09:28.223, 2, 682.39 W, 35, 2032 MHz, 3996 MHz, 100 %, 54 %
2026/03/23 23:09:28.223, 3, 663.67 W, 38, 2032 MHz, 3996 MHz, 100 %, 53 %
2026/03/23 23:09:28.223, 4, 179.10 W, 26, 120 MHz, 3996 MHz, 0 %, 0 %
2026/03/23 23:09:28.223, 5, 180.58 W, 28, 120 MHz, 3996 MHz, 0 %, 0 %
2026/03/23 23:09:28.223, 6, 178.57 W, 27, 120 MHz, 3996 MHz, 0 %, 0 %
2026/03/23 23:09:28.223, 7, 176.58 W, 28, 120 MHz, 3996 MHz, 0 %, 0 %
2026/03/23 23:09:29.223, 0, 656.07 W, 35, 2032 MHz, 3996 MHz, 100 %, 53 %
2026/03/23 23:09:29.223, 1, 680.12 W, 38, 2032 MHz, 3996 MHz, 100 %, 54 %
2026/03/23 23:09:29.223, 2, 684.97 W, 36, 2032 MHz, 3996 MHz, 100 %, 54 %
2026/03/23 23:09:29.223, 3, 671.18 W, 38, 2032 MHz, 3996 MHz, 100 %, 54 %
2026/03/23 23:09:29.223, 4, 178.96 W, 26, 120 MHz, 3996 MHz, 0 %, 0 %
2026/03/23 23:09:29.223, 5, 180.58 W, 28, 120 MHz, 3996 MHz, 0 %, 0 %
2026/03/23 23:09:29.223, 6, 178.64 W, 27, 120 MHz, 3996 MHz, 0 %, 0 %
2026/03/23 23:09:29.224, 7, 176.58 W, 28, 120 MHz, 3996 MHz, 0 %, 0 %
2026/03/23 23:09:30.224, 0, 659.70 W, 36, 2032 MHz, 3996 MHz, 100 %, 53 %
2026/03/23 23:09:30.224, 1, 683.89 W, 38, 2032 MHz, 3996 MHz, 100 %, 54 %
2026/03/23 23:09:30.224, 2, 691.78 W, 36, 2032 MHz, 3996 MHz, 100 %, 55 %
2026/03/23 23:09:30.224, 3, 674.89 W, 39, 2032 MHz, 3996 MHz, 100 %, 55 %
2026/03/23 23:09:30.224, 4, 178.76 W, 26, 120 MHz, 3996 MHz, 0 %, 0 %
2026/03/23 23:09:30.224, 5, 180.58 W, 28, 120 MHz, 3996 MHz, 0 %, 0 %
2026/03/23 23:09:30.224, 6, 178.64 W, 27, 120 MHz, 3996 MHz, 0 %, 0 %
2026/03/23 23:09:30.224, 7, 176.59 W, 28, 120 MHz, 3996 MHz, 0 %, 0 %
2026/03/23 23:09:31.224, 0, 659.39 W, 36, 2032 MHz, 3996 MHz, 100 %, 53 %
2026/03/23 23:09:31.224, 1, 684.21 W, 38, 2032 MHz, 3996 MHz, 100 %, 55 %
2026/03/23 23:09:31.224, 2, 693.87 W, 36, 2032 MHz, 3996 MHz, 100 %, 56 %
2026/03/23 23:09:31.224, 3, 676.51 W, 39, 2032 MHz, 3996 MHz, 100 %, 55 %
2026/03/23 23:09:31.224, 4, 178.87 W, 26, 120 MHz, 3996 MHz, 0 %, 0 %
2026/03/23 23:09:31.224, 5, 180.58 W, 28, 120 MHz, 3996 MHz, 0 %, 0 %
2026/03/23 23:09:31.224, 6, 178.64 W, 27, 120 MHz, 3996 MHz, 0 %, 0 %
2026/03/23 23:09:31.224, 7, 176.58 W, 28, 120 MHz, 3996 MHz, 0 %, 0 %
2026/03/23 23:09:32.224, 0, 659.72 W, 36, 2032 MHz, 3996 MHz, 100 %, 54 %
2026/03/23 23:09:32.224, 1, 686.99 W, 39, 2032 MHz, 3996 MHz, 100 %, 55 %
2026/03/23 23:09:32.224, 2, 694.53 W, 36, 2032 MHz, 3996 MHz, 100 %, 56 %
2026/03/23 23:09:32.224, 3, 676.90 W, 39, 2032 MHz, 3996 MHz, 100 %, 55 %
2026/03/23 23:09:32.224, 4, 179.01 W, 26, 120 MHz, 3996 MHz, 0 %, 0 %
2026/03/23 23:09:32.224, 5, 180.58 W, 28, 120 MHz, 3996 MHz, 0 %, 0 %
2026/03/23 23:09:32.224, 6, 178.64 W, 27, 120 MHz, 3996 MHz, 0 %, 0 %
2026/03/23 23:09:32.224, 7, 176.59 W, 28, 120 MHz, 3996 MHz, 0 %, 0 %
2026/03/23 23:09:33.224, 0, 663.43 W, 36, 2032 MHz, 3996 MHz, 100 %, 53 %
2026/03/23 23:09:33.224, 1, 690.18 W, 39, 2032 MHz, 3996 MHz, 100 %, 55 %
2026/03/23 23:09:33.224, 2, 694.45 W, 37, 2032 MHz, 3996 MHz, 100 %, 55 %
2026/03/23 23:09:33.224, 3, 680.73 W, 39, 2032 MHz, 3996 MHz, 100 %, 55 %
2026/03/23 23:09:33.224, 4, 178.98 W, 26, 120 MHz, 3996 MHz, 0 %, 0 %
2026/03/23 23:09:33.224, 5, 180.58 W, 28, 120 MHz, 3996 MHz, 0 %, 0 %
2026/03/23 23:09:33.224, 6, 178.64 W, 27, 120 MHz, 3996 MHz, 0 %, 0 %
2026/03/23 23:09:33.224, 7, 176.58 W, 28, 120 MHz, 3996 MHz, 0 %, 0 %
2026/03/23 23:09:34.224, 0, 664.92 W, 36, 2032 MHz, 3996 MHz, 100 %, 54 %
2026/03/23 23:09:34.224, 1, 689.11 W, 39, 2032 MHz, 3996 MHz, 100 %, 55 %
2026/03/23 23:09:34.224, 2, 693.71 W, 37, 2032 MHz, 3996 MHz, 100 %, 55 %
2026/03/23 23:09:34.224, 3, 681.80 W, 39, 2032 MHz, 3996 MHz, 100 %, 55 %
2026/03/23 23:09:34.224, 4, 179.13 W, 26, 120 MHz, 3996 MHz, 0 %, 0 %
2026/03/23 23:09:34.224, 5, 180.58 W, 28, 120 MHz, 3996 MHz, 0 %, 0 %
2026/03/23 23:09:34.224, 6, 178.64 W, 27, 120 MHz, 3996 MHz, 0 %, 0 %
2026/03/23 23:09:34.224, 7, 176.58 W, 28, 120 MHz, 3996 MHz, 0 %, 0 %
2026/03/23 23:09:35.224, 0, 662.67 W, 36, 2032 MHz, 3996 MHz, 100 %, 54 %
2026/03/23 23:09:35.224, 1, 689.96 W, 39, 2032 MHz, 3996 MHz, 100 %, 55 %
2026/03/23 23:09:35.224, 2, 695.97 W, 37, 2032 MHz, 3996 MHz, 100 %, 55 %
2026/03/23 23:09:35.224, 3, 680.76 W, 40, 2032 MHz, 3996 MHz, 100 %, 55 %
2026/03/23 23:09:35.224, 4, 178.90 W, 26, 120 MHz, 3996 MHz, 0 %, 0 %
2026/03/23 23:09:35.224, 5, 180.58 W, 28, 120 MHz, 3996 MHz, 0 %, 0 %
2026/03/23 23:09:35.224, 6, 178.64 W, 27, 120 MHz, 3996 MHz, 0 %, 0 %
2026/03/23 23:09:35.224, 7, 176.58 W, 28, 120 MHz, 3996 MHz, 0 %, 0 %
2026/03/23 23:09:36.225, 0, 663.34 W, 37, 2032 MHz, 3996 MHz, 100 %, 53 %
2026/03/23 23:09:36.225, 1, 688.92 W, 39, 2032 MHz, 3996 MHz, 100 %, 54 %
2026/03/23 23:09:36.225, 2, 695.77 W, 37, 2032 MHz, 3996 MHz, 100 %, 55 %
2026/03/23 23:09:36.225, 3, 679.39 W, 40, 2032 MHz, 3996 MHz, 100 %, 54 %
2026/03/23 23:09:36.225, 4, 179.17 W, 26, 120 MHz, 3996 MHz, 0 %, 0 %
2026/03/23 23:09:36.225, 5, 180.58 W, 28, 120 MHz, 3996 MHz, 0 %, 0 %
2026/03/23 23:09:36.225, 6, 178.64 W, 27, 120 MHz, 3996 MHz, 0 %, 0 %
2026/03/23 23:09:36.225, 7, 176.58 W, 28, 120 MHz, 3996 MHz, 0 %, 0 %
2026/03/23 23:09:37.225, 0, 663.93 W, 37, 2032 MHz, 3996 MHz, 100 %, 54 %
2026/03/23 23:09:37.225, 1, 689.22 W, 40, 2032 MHz, 3996 MHz, 100 %, 55 %
2026/03/23 23:09:37.225, 2, 692.43 W, 37, 2032 MHz, 3996 MHz, 100 %, 54 %
2026/03/23 23:09:37.225, 3, 678.77 W, 40, 2032 MHz, 3996 MHz, 100 %, 55 %
2026/03/23 23:09:37.225, 4, 179.31 W, 26, 120 MHz, 3996 MHz, 0 %, 0 %
2026/03/23 23:09:37.225, 5, 180.58 W, 28, 120 MHz, 3996 MHz, 0 %, 0 %
2026/03/23 23:09:37.225, 6, 178.64 W, 27, 120 MHz, 3996 MHz, 0 %, 0 %
2026/03/23 23:09:37.225, 7, 176.58 W, 28, 120 MHz, 3996 MHz, 0 %, 0 %
2026/03/23 23:09:38.225, 0, 578.48 W, 35, 2032 MHz, 3996 MHz, 100 %, 16 %
2026/03/23 23:09:38.225, 1, 588.85 W, 38, 2032 MHz, 3996 MHz, 95 %, 35 %
2026/03/23 23:09:38.225, 2, 588.97 W, 36, 2032 MHz, 3996 MHz, 31 %, 17 %
2026/03/23 23:09:38.225, 3, 590.67 W, 39, 2032 MHz, 3996 MHz, 93 %, 37 %
2026/03/23 23:09:38.225, 4, 178.98 W, 26, 120 MHz, 3996 MHz, 0 %, 0 %
2026/03/23 23:09:38.225, 5, 180.58 W, 28, 120 MHz, 3996 MHz, 0 %, 0 %
2026/03/23 23:09:38.225, 6, 178.60 W, 27, 120 MHz, 3996 MHz, 0 %, 0 %
2026/03/23 23:09:38.225, 7, 176.58 W, 28, 120 MHz, 3996 MHz, 0 %, 0 %
2026/03/23 23:09:39.225, 0, 501.18 W, 35, 2032 MHz, 3996 MHz, 91 %, 35 %
2026/03/23 23:09:39.225, 1, 520.19 W, 38, 2032 MHz, 3996 MHz, 100 %, 34 %
2026/03/23 23:09:39.225, 2, 519.68 W, 36, 2032 MHz, 3996 MHz, 63 %, 33 %
2026/03/23 23:09:39.225, 3, 512.33 W, 38, 2032 MHz, 3996 MHz, 100 %, 32 %
2026/03/23 23:09:39.225, 4, 178.90 W, 26, 120 MHz, 3996 MHz, 0 %, 0 %
2026/03/23 23:09:39.225, 5, 180.58 W, 28, 120 MHz, 3996 MHz, 0 %, 0 %
2026/03/23 23:09:39.225, 6, 178.64 W, 27, 120 MHz, 3996 MHz, 0 %, 0 %
2026/03/23 23:09:39.225, 7, 176.58 W, 28, 120 MHz, 3996 MHz, 0 %, 0 %
2026/03/23 23:09:40.225, 0, 584.18 W, 36, 2032 MHz, 3996 MHz, 100 %, 52 %
2026/03/23 23:09:40.225, 1, 599.93 W, 39, 2032 MHz, 3996 MHz, 100 %, 53 %
2026/03/23 23:09:40.225, 2, 602.77 W, 37, 2032 MHz, 3996 MHz, 100 %, 53 %
2026/03/23 23:09:40.225, 3, 594.54 W, 39, 2032 MHz, 3996 MHz, 100 %, 52 %
2026/03/23 23:09:40.225, 4, 179.16 W, 26, 120 MHz, 3996 MHz, 0 %, 0 %
2026/03/23 23:09:40.225, 5, 180.58 W, 28, 120 MHz, 3996 MHz, 0 %, 0 %
2026/03/23 23:09:40.225, 6, 178.64 W, 27, 120 MHz, 3996 MHz, 0 %, 0 %
2026/03/23 23:09:40.225, 7, 176.58 W, 28, 120 MHz, 3996 MHz, 0 %, 0 %
2026/03/23 23:09:41.225, 0, 586.70 W, 37, 2032 MHz, 3996 MHz, 100 %, 52 %
2026/03/23 23:09:41.225, 1, 608.85 W, 39, 2032 MHz, 3996 MHz, 100 %, 53 %
2026/03/23 23:09:41.225, 2, 615.29 W, 37, 2032 MHz, 3996 MHz, 100 %, 55 %
2026/03/23 23:09:41.225, 3, 601.03 W, 40, 2032 MHz, 3996 MHz, 100 %, 53 %
2026/03/23 23:09:41.225, 4, 178.97 W, 26, 120 MHz, 3996 MHz, 0 %, 0 %
2026/03/23 23:09:41.225, 5, 180.58 W, 28, 120 MHz, 3996 MHz, 0 %, 0 %
2026/03/23 23:09:41.225, 6, 178.64 W, 27, 120 MHz, 3996 MHz, 0 %, 0 %
2026/03/23 23:09:41.226, 7, 176.58 W, 28, 120 MHz, 3996 MHz, 0 %, 0 %
2026/03/23 23:09:42.226, 0, 527.73 W, 36, 2032 MHz, 3996 MHz, 100 %, 36 %
2026/03/23 23:09:42.226, 1, 536.08 W, 39, 2032 MHz, 3996 MHz, 100 %, 51 %
2026/03/23 23:09:42.226, 2, 541.25 W, 36, 2032 MHz, 3996 MHz, 75 %, 39 %
2026/03/23 23:09:42.226, 3, 540.02 W, 39, 2032 MHz, 3996 MHz, 99 %, 17 %
2026/03/23 23:09:42.226, 4, 179.17 W, 26, 120 MHz, 3996 MHz, 0 %, 0 %
2026/03/23 23:09:42.226, 5, 180.62 W, 28, 120 MHz, 3996 MHz, 0 %, 0 %
2026/03/23 23:09:42.226, 6, 178.57 W, 27, 120 MHz, 3996 MHz, 0 %, 0 %
2026/03/23 23:09:42.226, 7, 176.58 W, 28, 120 MHz, 3996 MHz, 0 %, 0 %
2026/03/23 23:09:43.226, 0, 639.15 W, 37, 2032 MHz, 3996 MHz, 100 %, 50 %
2026/03/23 23:09:43.226, 1, 660.99 W, 40, 2032 MHz, 3996 MHz, 100 %, 50 %
2026/03/23 23:09:43.226, 2, 671.66 W, 37, 2032 MHz, 3996 MHz, 100 %, 52 %
2026/03/23 23:09:43.226, 3, 652.60 W, 40, 2032 MHz, 3996 MHz, 100 %, 51 %
2026/03/23 23:09:43.226, 4, 179.19 W, 26, 120 MHz, 3996 MHz, 0 %, 0 %
2026/03/23 23:09:43.226, 5, 180.58 W, 28, 120 MHz, 3996 MHz, 0 %, 0 %
2026/03/23 23:09:43.226, 6, 178.64 W, 27, 120 MHz, 3996 MHz, 0 %, 0 %
2026/03/23 23:09:43.226, 7, 176.58 W, 28, 120 MHz, 3996 MHz, 0 %, 0 %
2026/03/23 23:09:44.226, 0, 642.41 W, 37, 2032 MHz, 3996 MHz, 100 %, 50 %
2026/03/23 23:09:44.226, 1, 665.55 W, 40, 2032 MHz, 3996 MHz, 100 %, 52 %
2026/03/23 23:09:44.226, 2, 672.55 W, 38, 2032 MHz, 3996 MHz, 100 %, 52 %
2026/03/23 23:09:44.226, 3, 656.18 W, 40, 2032 MHz, 3996 MHz, 100 %, 51 %
2026/03/23 23:09:44.226, 4, 179.01 W, 26, 120 MHz, 3996 MHz, 0 %, 0 %
2026/03/23 23:09:44.226, 5, 180.58 W, 28, 120 MHz, 3996 MHz, 0 %, 0 %
2026/03/23 23:09:44.226, 6, 178.64 W, 27, 120 MHz, 3996 MHz, 0 %, 0 %
2026/03/23 23:09:44.226, 7, 176.58 W, 28, 120 MHz, 3996 MHz, 0 %, 0 %
2026/03/23 23:09:45.226, 0, 644.90 W, 37, 2032 MHz, 3996 MHz, 100 %, 51 %
2026/03/23 23:09:45.226, 1, 665.82 W, 40, 2032 MHz, 3996 MHz, 100 %, 51 %
2026/03/23 23:09:45.226, 2, 673.72 W, 38, 2032 MHz, 3996 MHz, 100 %, 52 %
2026/03/23 23:09:45.226, 3, 657.67 W, 41, 2032 MHz, 3996 MHz, 100 %, 51 %
2026/03/23 23:09:45.226, 4, 179.41 W, 26, 120 MHz, 3996 MHz, 0 %, 0 %
2026/03/23 23:09:45.226, 5, 180.58 W, 28, 120 MHz, 3996 MHz, 0 %, 0 %
2026/03/23 23:09:45.226, 6, 178.60 W, 27, 120 MHz, 3996 MHz, 0 %, 0 %
2026/03/23 23:09:45.226, 7, 176.58 W, 28, 120 MHz, 3996 MHz, 0 %, 0 %
2026/03/23 23:09:46.226, 0, 645.54 W, 37, 2032 MHz, 3996 MHz, 100 %, 51 %
2026/03/23 23:09:46.226, 1, 667.57 W, 40, 2032 MHz, 3996 MHz, 100 %, 52 %
2026/03/23 23:09:46.226, 2, 676.12 W, 38, 2032 MHz, 3996 MHz, 100 %, 53 %
2026/03/23 23:09:46.226, 3, 661.34 W, 41, 2032 MHz, 3996 MHz, 100 %, 51 %
2026/03/23 23:09:46.226, 4, 178.86 W, 26, 120 MHz, 3996 MHz, 0 %, 0 %
2026/03/23 23:09:46.226, 5, 180.58 W, 28, 120 MHz, 3996 MHz, 0 %, 0 %
2026/03/23 23:09:46.226, 6, 178.64 W, 27, 120 MHz, 3996 MHz, 0 %, 0 %
2026/03/23 23:09:46.226, 7, 176.58 W, 28, 120 MHz, 3996 MHz, 0 %, 0 %
2026/03/23 23:09:47.226, 0, 646.06 W, 38, 2032 MHz, 3996 MHz, 100 %, 51 %
2026/03/23 23:09:47.226, 1, 666.22 W, 40, 2032 MHz, 3996 MHz, 100 %, 52 %
2026/03/23 23:09:47.226, 2, 675.15 W, 38, 2032 MHz, 3996 MHz, 100 %, 52 %
2026/03/23 23:09:47.226, 3, 658.79 W, 41, 2032 MHz, 3996 MHz, 100 %, 51 %
2026/03/23 23:09:47.226, 4, 178.99 W, 26, 120 MHz, 3996 MHz, 0 %, 0 %
2026/03/23 23:09:47.226, 5, 180.58 W, 28, 120 MHz, 3996 MHz, 0 %, 0 %
2026/03/23 23:09:47.226, 6, 178.64 W, 27, 120 MHz, 3996 MHz, 0 %, 0 %
2026/03/23 23:09:47.226, 7, 176.58 W, 28, 120 MHz, 3996 MHz, 0 %, 0 %
2026/03/23 23:09:48.227, 0, 646.22 W, 38, 2032 MHz, 3996 MHz, 100 %, 51 %
2026/03/23 23:09:48.227, 1, 667.87 W, 41, 2032 MHz, 3996 MHz, 100 %, 51 %
2026/03/23 23:09:48.227, 2, 676.13 W, 38, 2032 MHz, 3996 MHz, 100 %, 52 %
2026/03/23 23:09:48.227, 3, 659.22 W, 41, 2032 MHz, 3996 MHz, 100 %, 52 %
2026/03/23 23:09:48.227, 4, 178.89 W, 26, 120 MHz, 3996 MHz, 0 %, 0 %
2026/03/23 23:09:48.227, 5, 180.58 W, 28, 120 MHz, 3996 MHz, 0 %, 0 %
2026/03/23 23:09:48.227, 6, 178.64 W, 27, 120 MHz, 3996 MHz, 0 %, 0 %
2026/03/23 23:09:48.227, 7, 176.58 W, 28, 120 MHz, 3996 MHz, 0 %, 0 %
2026/03/23 23:09:49.227, 0, 646.56 W, 38, 2032 MHz, 3996 MHz, 100 %, 50 %
2026/03/23 23:09:49.227, 1, 667.59 W, 41, 2032 MHz, 3996 MHz, 100 %, 51 %
2026/03/23 23:09:49.227, 2, 677.25 W, 38, 2032 MHz, 3996 MHz, 100 %, 53 %
2026/03/23 23:09:49.227, 3, 659.66 W, 41, 2032 MHz, 3996 MHz, 100 %, 51 %
2026/03/23 23:09:49.227, 4, 178.94 W, 26, 120 MHz, 3996 MHz, 0 %, 0 %
2026/03/23 23:09:49.227, 5, 180.58 W, 28, 120 MHz, 3996 MHz, 0 %, 0 %
2026/03/23 23:09:49.227, 6, 178.64 W, 27, 120 MHz, 3996 MHz, 0 %, 0 %
2026/03/23 23:09:49.227, 7, 176.58 W, 28, 120 MHz, 3996 MHz, 0 %, 0 %
2026/03/23 23:09:50.227, 0, 646.92 W, 38, 2032 MHz, 3996 MHz, 100 %, 51 %
2026/03/23 23:09:50.227, 1, 656.60 W, 40, 2032 MHz, 3996 MHz, 97 %, 39 %
2026/03/23 23:09:50.227, 2, 666.78 W, 38, 2032 MHz, 3996 MHz, 100 %, 52 %
2026/03/23 23:09:50.227, 3, 659.65 W, 41, 2032 MHz, 3996 MHz, 100 %, 51 %
2026/03/23 23:09:50.227, 4, 179.40 W, 26, 120 MHz, 3996 MHz, 0 %, 0 %
2026/03/23 23:09:50.227, 5, 180.58 W, 28, 120 MHz, 3996 MHz, 0 %, 0 %
2026/03/23 23:09:50.227, 6, 178.64 W, 27, 120 MHz, 3996 MHz, 0 %, 0 %
2026/03/23 23:09:50.227, 7, 176.58 W, 28, 120 MHz, 3996 MHz, 0 %, 0 %
2026/03/23 23:09:51.227, 0, 553.57 W, 37, 2032 MHz, 3996 MHz, 100 %, 46 %
2026/03/23 23:09:51.227, 1, 578.15 W, 40, 2032 MHz, 3996 MHz, 100 %, 52 %
2026/03/23 23:09:51.227, 2, 579.04 W, 38, 2032 MHz, 3996 MHz, 96 %, 50 %
2026/03/23 23:09:51.227, 3, 567.82 W, 41, 2032 MHz, 3996 MHz, 100 %, 19 %
2026/03/23 23:09:51.227, 4, 179.04 W, 26, 120 MHz, 3996 MHz, 0 %, 0 %
2026/03/23 23:09:51.227, 5, 180.58 W, 28, 120 MHz, 3996 MHz, 0 %, 0 %
2026/03/23 23:09:51.227, 6, 178.64 W, 27, 120 MHz, 3996 MHz, 0 %, 0 %
2026/03/23 23:09:51.227, 7, 176.58 W, 28, 120 MHz, 3996 MHz, 0 %, 0 %
2026/03/23 23:09:52.227, 0, 578.36 W, 37, 2032 MHz, 3996 MHz, 100 %, 51 %
2026/03/23 23:09:52.227, 1, 591.20 W, 40, 2032 MHz, 3996 MHz, 95 %, 34 %
2026/03/23 23:09:52.227, 2, 596.94 W, 37, 2032 MHz, 3996 MHz, 100 %, 52 %
2026/03/23 23:09:52.227, 3, 595.78 W, 41, 2032 MHz, 3996 MHz, 100 %, 52 %
2026/03/23 23:09:52.227, 4, 178.86 W, 26, 120 MHz, 3996 MHz, 0 %, 0 %
2026/03/23 23:09:52.227, 5, 180.58 W, 28, 120 MHz, 3996 MHz, 0 %, 0 %
2026/03/23 23:09:52.227, 6, 178.64 W, 27, 120 MHz, 3996 MHz, 0 %, 0 %
2026/03/23 23:09:52.227, 7, 176.58 W, 28, 120 MHz, 3996 MHz, 0 %, 0 %
2026/03/23 23:09:53.227, 0, 506.07 W, 36, 2032 MHz, 3996 MHz, 95 %, 33 %
2026/03/23 23:09:53.227, 1, 526.89 W, 39, 2032 MHz, 3996 MHz, 100 %, 24 %
2026/03/23 23:09:53.227, 2, 520.96 W, 37, 2032 MHz, 3996 MHz, 66 %, 34 %
2026/03/23 23:09:53.227, 3, 517.24 W, 40, 2032 MHz, 3996 MHz, 100 %, 17 %
2026/03/23 23:09:53.227, 4, 178.95 W, 26, 120 MHz, 3996 MHz, 0 %, 0 %
2026/03/23 23:09:53.227, 5, 180.58 W, 28, 120 MHz, 3996 MHz, 0 %, 0 %
2026/03/23 23:09:53.227, 6, 178.64 W, 27, 120 MHz, 3996 MHz, 0 %, 0 %
2026/03/23 23:09:53.227, 7, 176.59 W, 28, 120 MHz, 3996 MHz, 0 %, 0 %
2026/03/23 23:09:54.228, 0, 576.53 W, 37, 2032 MHz, 3996 MHz, 88 %, 33 %
2026/03/23 23:09:54.228, 1, 598.58 W, 40, 2032 MHz, 3996 MHz, 100 %, 35 %
2026/03/23 23:09:54.228, 2, 601.38 W, 37, 2032 MHz, 3996 MHz, 59 %, 30 %
2026/03/23 23:09:54.228, 3, 587.76 W, 40, 2032 MHz, 3996 MHz, 100 %, 45 %
2026/03/23 23:09:54.228, 4, 179.20 W, 26, 120 MHz, 3996 MHz, 0 %, 0 %
2026/03/23 23:09:54.228, 5, 180.58 W, 28, 120 MHz, 3996 MHz, 0 %, 0 %
2026/03/23 23:09:54.228, 6, 178.64 W, 27, 120 MHz, 3996 MHz, 0 %, 0 %
2026/03/23 23:09:54.228, 7, 176.58 W, 28, 120 MHz, 3996 MHz, 0 %, 0 %
2026/03/23 23:09:55.228, 0, 609.05 W, 38, 2032 MHz, 3996 MHz, 100 %, 51 %
2026/03/23 23:09:55.228, 1, 634.90 W, 41, 2032 MHz, 3996 MHz, 100 %, 52 %
2026/03/23 23:09:55.228, 2, 637.15 W, 38, 2032 MHz, 3996 MHz, 100 %, 52 %
2026/03/23 23:09:55.228, 3, 627.80 W, 41, 2032 MHz, 3996 MHz, 100 %, 52 %
2026/03/23 23:09:55.228, 4, 179.17 W, 26, 120 MHz, 3996 MHz, 0 %, 0 %
2026/03/23 23:09:55.228, 5, 180.58 W, 28, 120 MHz, 3996 MHz, 0 %, 0 %
2026/03/23 23:09:55.228, 6, 178.60 W, 27, 120 MHz, 3996 MHz, 0 %, 0 %
2026/03/23 23:09:55.228, 7, 176.58 W, 28, 120 MHz, 3996 MHz, 0 %, 0 %
2026/03/23 23:09:56.228, 0, 612.59 W, 38, 2032 MHz, 3996 MHz, 100 %, 51 %
2026/03/23 23:09:56.228, 1, 636.77 W, 41, 2032 MHz, 3996 MHz, 100 %, 53 %
2026/03/23 23:09:56.228, 2, 641.48 W, 38, 2032 MHz, 3996 MHz, 100 %, 53 %
2026/03/23 23:09:56.228, 3, 628.00 W, 41, 2032 MHz, 3996 MHz, 100 %, 44 %
2026/03/23 23:09:56.228, 4, 179.05 W, 26, 120 MHz, 3996 MHz, 0 %, 0 %
2026/03/23 23:09:56.228, 5, 180.58 W, 28, 120 MHz, 3996 MHz, 0 %, 0 %
2026/03/23 23:09:56.228, 6, 178.60 W, 27, 120 MHz, 3996 MHz, 0 %, 0 %
2026/03/23 23:09:56.228, 7, 176.58 W, 28, 120 MHz, 3996 MHz, 0 %, 0 %
2026/03/23 23:09:57.228, 0, 586.29 W, 38, 2032 MHz, 3996 MHz, 100 %, 51 %
2026/03/23 23:09:57.228, 1, 604.61 W, 41, 2032 MHz, 3996 MHz, 100 %, 52 %
2026/03/23 23:09:57.228, 2, 607.66 W, 38, 2032 MHz, 3996 MHz, 100 %, 53 %
2026/03/23 23:09:57.228, 3, 601.43 W, 41, 2032 MHz, 3996 MHz, 100 %, 52 %
2026/03/23 23:09:57.228, 4, 179.20 W, 26, 120 MHz, 3996 MHz, 0 %, 0 %
2026/03/23 23:09:57.228, 5, 180.58 W, 28, 120 MHz, 3996 MHz, 0 %, 0 %
2026/03/23 23:09:57.228, 6, 178.60 W, 27, 120 MHz, 3996 MHz, 0 %, 0 %
2026/03/23 23:09:57.228, 7, 176.58 W, 28, 120 MHz, 3996 MHz, 0 %, 0 %
2026/03/23 23:09:58.228, 0, 648.45 W, 38, 2032 MHz, 3996 MHz, 100 %, 51 %
2026/03/23 23:09:58.228, 1, 672.83 W, 41, 2032 MHz, 3996 MHz, 100 %, 53 %
2026/03/23 23:09:58.228, 2, 678.86 W, 39, 2032 MHz, 3996 MHz, 100 %, 53 %
2026/03/23 23:09:58.228, 3, 661.89 W, 42, 2032 MHz, 3996 MHz, 100 %, 52 %
2026/03/23 23:09:58.228, 4, 179.02 W, 26, 120 MHz, 3996 MHz, 0 %, 0 %
2026/03/23 23:09:58.228, 5, 180.58 W, 28, 120 MHz, 3996 MHz, 0 %, 0 %
2026/03/23 23:09:58.228, 6, 178.60 W, 27, 120 MHz, 3996 MHz, 0 %, 0 %
2026/03/23 23:09:58.228, 7, 176.58 W, 28, 120 MHz, 3996 MHz, 0 %, 0 %
2026/03/23 23:09:59.228, 0, 647.80 W, 38, 2032 MHz, 3996 MHz, 100 %, 51 %
2026/03/23 23:09:59.228, 1, 675.97 W, 41, 2032 MHz, 3996 MHz, 100 %, 53 %
2026/03/23 23:09:59.228, 2, 682.09 W, 39, 2032 MHz, 3996 MHz, 100 %, 54 %
2026/03/23 23:09:59.228, 3, 663.20 W, 42, 2032 MHz, 3996 MHz, 100 %, 52 %
2026/03/23 23:09:59.228, 4, 179.49 W, 26, 120 MHz, 3996 MHz, 0 %, 0 %
2026/03/23 23:09:59.228, 5, 180.58 W, 28, 120 MHz, 3996 MHz, 0 %, 0 %
2026/03/23 23:09:59.228, 6, 178.60 W, 27, 120 MHz, 3996 MHz, 0 %, 0 %
2026/03/23 23:09:59.228, 7, 176.58 W, 28, 120 MHz, 3996 MHz, 0 %, 0 %
2026/03/23 23:10:00.228, 0, 648.72 W, 38, 2032 MHz, 3996 MHz, 100 %, 50 %
2026/03/23 23:10:00.229, 1, 676.12 W, 42, 2032 MHz, 3996 MHz, 100 %, 52 %
2026/03/23 23:10:00.229, 2, 679.01 W, 39, 2032 MHz, 3996 MHz, 100 %, 53 %
2026/03/23 23:10:00.229, 3, 662.56 W, 42, 2032 MHz, 3996 MHz, 100 %, 51 %
2026/03/23 23:10:00.229, 4, 179.16 W, 26, 120 MHz, 3996 MHz, 0 %, 0 %
2026/03/23 23:10:00.229, 5, 180.58 W, 28, 120 MHz, 3996 MHz, 0 %, 0 %
2026/03/23 23:10:00.229, 6, 178.60 W, 27, 120 MHz, 3996 MHz, 0 %, 0 %
2026/03/23 23:10:00.229, 7, 176.58 W, 28, 120 MHz, 3996 MHz, 0 %, 0 %
2026/03/23 23:10:01.229, 0, 648.72 W, 38, 2032 MHz, 3996 MHz, 100 %, 51 %
2026/03/23 23:10:01.229, 1, 674.11 W, 42, 2032 MHz, 3996 MHz, 100 %, 52 %
2026/03/23 23:10:01.229, 2, 681.71 W, 39, 2032 MHz, 3996 MHz, 100 %, 53 %
2026/03/23 23:10:01.229, 3, 664.70 W, 42, 2032 MHz, 3996 MHz, 100 %, 52 %
2026/03/23 23:10:01.229, 4, 179.09 W, 26, 120 MHz, 3996 MHz, 0 %, 0 %
2026/03/23 23:10:01.229, 5, 180.58 W, 28, 120 MHz, 3996 MHz, 0 %, 0 %
2026/03/23 23:10:01.229, 6, 178.60 W, 27, 120 MHz, 3996 MHz, 0 %, 0 %
2026/03/23 23:10:01.229, 7, 176.58 W, 28, 120 MHz, 3996 MHz, 0 %, 0 %
2026/03/23 23:10:02.229, 0, 650.53 W, 38, 2032 MHz, 3996 MHz, 100 %, 51 %
2026/03/23 23:10:02.229, 1, 674.63 W, 42, 2032 MHz, 3996 MHz, 100 %, 53 %
2026/03/23 23:10:02.229, 2, 678.22 W, 39, 2032 MHz, 3996 MHz, 100 %, 52 %
2026/03/23 23:10:02.229, 3, 663.03 W, 42, 2032 MHz, 3996 MHz, 100 %, 51 %
2026/03/23 23:10:02.229, 4, 179.10 W, 26, 120 MHz, 3996 MHz, 0 %, 0 %
2026/03/23 23:10:02.229, 5, 180.58 W, 28, 120 MHz, 3996 MHz, 0 %, 0 %
2026/03/23 23:10:02.229, 6, 178.60 W, 27, 120 MHz, 3996 MHz, 0 %, 0 %
2026/03/23 23:10:02.229, 7, 176.58 W, 28, 120 MHz, 3996 MHz, 0 %, 0 %
2026/03/23 23:10:03.229, 0, 616.20 W, 38, 2032 MHz, 3996 MHz, 100 %, 45 %
2026/03/23 23:10:03.229, 1, 638.15 W, 41, 2032 MHz, 3996 MHz, 100 %, 53 %
2026/03/23 23:10:03.229, 2, 642.09 W, 39, 2032 MHz, 3996 MHz, 31 %, 17 %
2026/03/23 23:10:03.229, 3, 630.91 W, 41, 2032 MHz, 3996 MHz, 100 %, 17 %
2026/03/23 23:10:03.229, 4, 179.20 W, 26, 120 MHz, 3996 MHz, 0 %, 0 %
2026/03/23 23:10:03.229, 5, 180.58 W, 28, 120 MHz, 3996 MHz, 0 %, 0 %
2026/03/23 23:10:03.229, 6, 178.60 W, 27, 120 MHz, 3996 MHz, 0 %, 0 %
2026/03/23 23:10:03.229, 7, 176.58 W, 28, 120 MHz, 3996 MHz, 0 %, 0 %
2026/03/23 23:10:04.229, 0, 593.23 W, 38, 2032 MHz, 3996 MHz, 100 %, 51 %
2026/03/23 23:10:04.229, 1, 611.84 W, 41, 2032 MHz, 3996 MHz, 100 %, 52 %
2026/03/23 23:10:04.229, 2, 612.63 W, 39, 2032 MHz, 3996 MHz, 88 %, 45 %
2026/03/23 23:10:04.229, 3, 605.97 W, 42, 2032 MHz, 3996 MHz, 100 %, 48 %
2026/03/23 23:10:04.229, 4, 179.09 W, 26, 120 MHz, 3996 MHz, 0 %, 0 %
2026/03/23 23:10:04.229, 5, 180.58 W, 28, 120 MHz, 3996 MHz, 0 %, 0 %
2026/03/23 23:10:04.229, 6, 178.64 W, 27, 120 MHz, 3996 MHz, 0 %, 0 %
2026/03/23 23:10:04.229, 7, 176.59 W, 28, 120 MHz, 3996 MHz, 0 %, 0 %
2026/03/23 23:10:05.229, 0, 617.32 W, 38, 2032 MHz, 3996 MHz, 100 %, 51 %
2026/03/23 23:10:05.229, 1, 641.26 W, 42, 2032 MHz, 3996 MHz, 100 %, 52 %
2026/03/23 23:10:05.229, 2, 644.85 W, 39, 2032 MHz, 3996 MHz, 100 %, 53 %
2026/03/23 23:10:05.229, 3, 634.09 W, 42, 2032 MHz, 3996 MHz, 100 %, 51 %
2026/03/23 23:10:05.229, 4, 179.06 W, 26, 120 MHz, 3996 MHz, 0 %, 0 %
2026/03/23 23:10:05.229, 5, 180.58 W, 28, 120 MHz, 3996 MHz, 0 %, 0 %
2026/03/23 23:10:05.229, 6, 178.64 W, 27, 120 MHz, 3996 MHz, 0 %, 0 %
2026/03/23 23:10:05.229, 7, 176.58 W, 28, 120 MHz, 3996 MHz, 0 %, 0 %
2026/03/23 23:10:06.229, 0, 622.50 W, 39, 2032 MHz, 3996 MHz, 100 %, 51 %
2026/03/23 23:10:06.229, 1, 640.47 W, 42, 2032 MHz, 3996 MHz, 100 %, 52 %
2026/03/23 23:10:06.230, 2, 643.25 W, 39, 2032 MHz, 3996 MHz, 100 %, 52 %
2026/03/23 23:10:06.230, 3, 635.49 W, 42, 2032 MHz, 3996 MHz, 100 %, 52 %
2026/03/23 23:10:06.230, 4, 179.23 W, 26, 120 MHz, 3996 MHz, 0 %, 0 %
2026/03/23 23:10:06.230, 5, 180.62 W, 28, 120 MHz, 3996 MHz, 0 %, 0 %
2026/03/23 23:10:06.230, 6, 178.64 W, 27, 120 MHz, 3996 MHz, 0 %, 0 %
2026/03/23 23:10:06.230, 7, 176.59 W, 28, 120 MHz, 3996 MHz, 0 %, 0 %
2026/03/23 23:10:07.230, 0, 503.01 W, 37, 2032 MHz, 3996 MHz, 99 %, 30 %
2026/03/23 23:10:07.230, 1, 525.24 W, 40, 2032 MHz, 3996 MHz, 100 %, 17 %
2026/03/23 23:10:07.230, 2, 508.02 W, 37, 2032 MHz, 3996 MHz, 57 %, 30 %
2026/03/23 23:10:07.230, 3, 516.17 W, 40, 2032 MHz, 3996 MHz, 93 %, 29 %
2026/03/23 23:10:07.230, 4, 178.98 W, 26, 120 MHz, 3996 MHz, 0 %, 0 %
2026/03/23 23:10:07.230, 5, 180.58 W, 28, 120 MHz, 3996 MHz, 0 %, 0 %
2026/03/23 23:10:07.230, 6, 178.64 W, 27, 120 MHz, 3996 MHz, 0 %, 0 %
2026/03/23 23:10:07.231, 7, 176.59 W, 28, 120 MHz, 3996 MHz, 0 %, 0 %
2026/03/23 23:10:08.231, 0, 607.60 W, 38, 2032 MHz, 3996 MHz, 100 %, 51 %
2026/03/23 23:10:08.231, 1, 622.73 W, 42, 2032 MHz, 3996 MHz, 100 %, 52 %
2026/03/23 23:10:08.231, 2, 631.28 W, 38, 2032 MHz, 3996 MHz, 100 %, 53 %
2026/03/23 23:10:08.231, 3, 619.28 W, 42, 2032 MHz, 3996 MHz, 100 %, 52 %
2026/03/23 23:10:08.231, 4, 179.20 W, 26, 120 MHz, 3996 MHz, 0 %, 0 %
2026/03/23 23:10:08.231, 5, 180.58 W, 28, 120 MHz, 3996 MHz, 0 %, 0 %
2026/03/23 23:10:08.231, 6, 178.64 W, 27, 120 MHz, 3996 MHz, 0 %, 0 %
2026/03/23 23:10:08.231, 7, 176.59 W, 28, 120 MHz, 3996 MHz, 0 %, 0 %
2026/03/23 23:10:09.231, 0, 587.34 W, 38, 2032 MHz, 3996 MHz, 93 %, 17 %
2026/03/23 23:10:09.231, 1, 605.15 W, 41, 2032 MHz, 3996 MHz, 94 %, 33 %
2026/03/23 23:10:09.231, 2, 618.31 W, 39, 2032 MHz, 3996 MHz, 32 %, 17 %
2026/03/23 23:10:09.231, 3, 597.06 W, 41, 2032 MHz, 3996 MHz, 100 %, 17 %
2026/03/23 23:10:09.231, 4, 178.97 W, 26, 120 MHz, 3996 MHz, 0 %, 0 %
2026/03/23 23:10:09.231, 5, 180.58 W, 28, 120 MHz, 3996 MHz, 0 %, 0 %
2026/03/23 23:10:09.231, 6, 178.64 W, 27, 120 MHz, 3996 MHz, 0 %, 0 %
2026/03/23 23:10:09.231, 7, 176.59 W, 28, 120 MHz, 3996 MHz, 0 %, 0 %
2026/03/23 23:10:10.232, 0, 642.25 W, 39, 2032 MHz, 3996 MHz, 100 %, 51 %
2026/03/23 23:10:10.232, 1, 670.98 W, 42, 2032 MHz, 3996 MHz, 100 %, 52 %
2026/03/23 23:10:10.232, 2, 659.53 W, 38, 2032 MHz, 3996 MHz, 100 %, 52 %
2026/03/23 23:10:10.232, 3, 662.10 W, 42, 2032 MHz, 3996 MHz, 100 %, 51 %
2026/03/23 23:10:10.232, 4, 179.09 W, 26, 120 MHz, 3996 MHz, 0 %, 0 %
2026/03/23 23:10:10.232, 5, 180.58 W, 28, 120 MHz, 3996 MHz, 0 %, 0 %
2026/03/23 23:10:10.232, 6, 178.64 W, 27, 120 MHz, 3996 MHz, 0 %, 0 %
2026/03/23 23:10:10.232, 7, 176.59 W, 28, 120 MHz, 3996 MHz, 0 %, 0 %
2026/03/23 23:10:11.232, 0, 560.80 W, 38, 2032 MHz, 3996 MHz, 86 %, 25 %
2026/03/23 23:10:11.232, 1, 571.83 W, 40, 2032 MHz, 3996 MHz, 93 %, 26 %
2026/03/23 23:10:11.232, 2, 584.73 W, 38, 2032 MHz, 3996 MHz, 48 %, 25 %
2026/03/23 23:10:11.232, 3, 571.73 W, 41, 2032 MHz, 3996 MHz, 93 %, 22 %
2026/03/23 23:10:11.232, 4, 179.24 W, 26, 120 MHz, 3996 MHz, 0 %, 0 %
2026/03/23 23:10:11.232, 5, 180.58 W, 28, 120 MHz, 3996 MHz, 0 %, 0 %
2026/03/23 23:10:11.232, 6, 178.64 W, 27, 120 MHz, 3996 MHz, 0 %, 0 %
2026/03/23 23:10:11.232, 7, 176.59 W, 28, 120 MHz, 3996 MHz, 0 %, 0 %
2026/03/23 23:10:12.232, 0, 645.78 W, 39, 2032 MHz, 3996 MHz, 100 %, 51 %
2026/03/23 23:10:12.232, 1, 669.05 W, 42, 2032 MHz, 3996 MHz, 100 %, 53 %
2026/03/23 23:10:12.232, 2, 678.59 W, 39, 2032 MHz, 3996 MHz, 100 %, 53 %
2026/03/23 23:10:12.232, 3, 663.93 W, 42, 2032 MHz, 3996 MHz, 100 %, 52 %
2026/03/23 23:10:12.232, 4, 179.50 W, 26, 120 MHz, 3996 MHz, 0 %, 0 %
2026/03/23 23:10:12.232, 5, 180.62 W, 28, 120 MHz, 3996 MHz, 0 %, 0 %
2026/03/23 23:10:12.232, 6, 178.64 W, 27, 120 MHz, 3996 MHz, 0 %, 0 %
2026/03/23 23:10:12.232, 7, 176.58 W, 28, 120 MHz, 3996 MHz, 0 %, 0 %
2026/03/23 23:10:13.232, 0, 648.23 W, 39, 2032 MHz, 3996 MHz, 100 %, 51 %
2026/03/23 23:10:13.232, 1, 677.00 W, 42, 2032 MHz, 3996 MHz, 100 %, 53 %
2026/03/23 23:10:13.232, 2, 677.28 W, 39, 2032 MHz, 3996 MHz, 100 %, 53 %
2026/03/23 23:10:13.232, 3, 663.69 W, 43, 2032 MHz, 3996 MHz, 100 %, 52 %
2026/03/23 23:10:13.232, 4, 179.12 W, 26, 120 MHz, 3996 MHz, 0 %, 0 %
2026/03/23 23:10:13.232, 5, 180.58 W, 28, 120 MHz, 3996 MHz, 0 %, 0 %
2026/03/23 23:10:13.232, 6, 178.64 W, 27, 120 MHz, 3996 MHz, 0 %, 0 %
2026/03/23 23:10:13.232, 7, 176.59 W, 28, 120 MHz, 3996 MHz, 0 %, 0 %
2026/03/23 23:10:14.232, 0, 649.07 W, 39, 2032 MHz, 3996 MHz, 100 %, 51 %
2026/03/23 23:10:14.232, 1, 679.07 W, 42, 2032 MHz, 3996 MHz, 100 %, 53 %
2026/03/23 23:10:14.232, 2, 680.51 W, 40, 2032 MHz, 3996 MHz, 100 %, 52 %
2026/03/23 23:10:14.232, 3, 662.93 W, 43, 2032 MHz, 3996 MHz, 100 %, 51 %
2026/03/23 23:10:14.232, 4, 179.33 W, 26, 120 MHz, 3996 MHz, 0 %, 0 %
2026/03/23 23:10:14.232, 5, 180.58 W, 28, 120 MHz, 3996 MHz, 0 %, 0 %
2026/03/23 23:10:14.232, 6, 178.64 W, 27, 120 MHz, 3996 MHz, 0 %, 0 %
2026/03/23 23:10:14.232, 7, 176.58 W, 28, 120 MHz, 3996 MHz, 0 %, 0 %
2026/03/23 23:10:15.232, 0, 650.31 W, 39, 2032 MHz, 3996 MHz, 100 %, 51 %
2026/03/23 23:10:15.232, 1, 678.89 W, 42, 2032 MHz, 3996 MHz, 100 %, 53 %
2026/03/23 23:10:15.232, 2, 681.26 W, 40, 2032 MHz, 3996 MHz, 100 %, 53 %
2026/03/23 23:10:15.232, 3, 663.32 W, 43, 2032 MHz, 3996 MHz, 100 %, 52 %
2026/03/23 23:10:15.232, 4, 179.26 W, 26, 120 MHz, 3996 MHz, 0 %, 0 %
2026/03/23 23:10:15.232, 5, 180.58 W, 28, 120 MHz, 3996 MHz, 0 %, 0 %
2026/03/23 23:10:15.232, 6, 178.64 W, 27, 120 MHz, 3996 MHz, 0 %, 0 %
2026/03/23 23:10:15.232, 7, 176.58 W, 28, 120 MHz, 3996 MHz, 0 %, 0 %
2026/03/23 23:10:16.232, 0, 651.41 W, 39, 2032 MHz, 3996 MHz, 100 %, 51 %
2026/03/23 23:10:16.233, 1, 679.46 W, 43, 2032 MHz, 3996 MHz, 100 %, 52 %
2026/03/23 23:10:16.233, 2, 677.58 W, 40, 2032 MHz, 3996 MHz, 100 %, 53 %
2026/03/23 23:10:16.233, 3, 666.36 W, 43, 2032 MHz, 3996 MHz, 100 %, 52 %
2026/03/23 23:10:16.233, 4, 179.24 W, 26, 120 MHz, 3996 MHz, 0 %, 0 %
2026/03/23 23:10:16.233, 5, 180.58 W, 28, 120 MHz, 3996 MHz, 0 %, 0 %
2026/03/23 23:10:16.233, 6, 178.64 W, 27, 120 MHz, 3996 MHz, 0 %, 0 %
2026/03/23 23:10:16.233, 7, 176.59 W, 28, 120 MHz, 3996 MHz, 0 %, 0 %
2026/03/23 23:10:17.233, 0, 590.96 W, 39, 2032 MHz, 3996 MHz, 32 %, 17 %
2026/03/23 23:10:17.233, 1, 610.67 W, 41, 2032 MHz, 3996 MHz, 95 %, 25 %
2026/03/23 23:10:17.233, 2, 613.35 W, 39, 2032 MHz, 3996 MHz, 74 %, 17 %
2026/03/23 23:10:17.233, 3, 606.53 W, 42, 2032 MHz, 3996 MHz, 100 %, 19 %
2026/03/23 23:10:17.233, 4, 179.18 W, 26, 120 MHz, 3996 MHz, 0 %, 0 %
2026/03/23 23:10:17.233, 5, 180.58 W, 28, 120 MHz, 3996 MHz, 0 %, 0 %
2026/03/23 23:10:17.233, 6, 178.64 W, 27, 120 MHz, 3996 MHz, 0 %, 0 %
2026/03/23 23:10:17.233, 7, 176.58 W, 28, 120 MHz, 3996 MHz, 0 %, 0 %
2026/03/23 23:10:18.233, 0, 657.51 W, 39, 2032 MHz, 3996 MHz, 100 %, 51 %
2026/03/23 23:10:18.233, 1, 681.80 W, 43, 2032 MHz, 3996 MHz, 100 %, 53 %
2026/03/23 23:10:18.233, 2, 686.10 W, 40, 2032 MHz, 3996 MHz, 100 %, 53 %
2026/03/23 23:10:18.233, 3, 671.95 W, 43, 2032 MHz, 3996 MHz, 100 %, 53 %
2026/03/23 23:10:18.233, 4, 179.32 W, 26, 120 MHz, 3996 MHz, 0 %, 0 %
2026/03/23 23:10:18.233, 5, 180.58 W, 28, 120 MHz, 3996 MHz, 0 %, 0 %
2026/03/23 23:10:18.233, 6, 178.64 W, 27, 120 MHz, 3996 MHz, 0 %, 0 %
2026/03/23 23:10:18.233, 7, 176.59 W, 28, 120 MHz, 3996 MHz, 0 %, 0 %
2026/03/23 23:10:19.233, 0, 594.70 W, 39, 2032 MHz, 3996 MHz, 100 %, 41 %
2026/03/23 23:10:19.233, 1, 614.14 W, 42, 2032 MHz, 3996 MHz, 100 %, 22 %
2026/03/23 23:10:19.233, 2, 617.74 W, 39, 2032 MHz, 3996 MHz, 100 %, 44 %
2026/03/23 23:10:19.233, 3, 606.88 W, 42, 2032 MHz, 3996 MHz, 89 %, 47 %
2026/03/23 23:10:19.233, 4, 178.85 W, 26, 120 MHz, 3996 MHz, 0 %, 0 %
2026/03/23 23:10:19.233, 5, 180.58 W, 28, 120 MHz, 3996 MHz, 0 %, 0 %
2026/03/23 23:10:19.233, 6, 178.64 W, 27, 120 MHz, 3996 MHz, 0 %, 0 %
2026/03/23 23:10:19.233, 7, 176.58 W, 28, 120 MHz, 3996 MHz, 0 %, 0 %
2026/03/23 23:10:20.233, 0, 593.02 W, 38, 2032 MHz, 3996 MHz, 87 %, 43 %
2026/03/23 23:10:20.233, 1, 623.52 W, 42, 2032 MHz, 3996 MHz, 100 %, 54 %
2026/03/23 23:10:20.233, 2, 614.15 W, 39, 2032 MHz, 3996 MHz, 76 %, 40 %
2026/03/23 23:10:20.233, 3, 605.86 W, 42, 2032 MHz, 3996 MHz, 90 %, 38 %
2026/03/23 23:10:20.233, 4, 179.35 W, 26, 120 MHz, 3996 MHz, 0 %, 0 %
2026/03/23 23:10:20.233, 5, 180.58 W, 28, 120 MHz, 3996 MHz, 0 %, 0 %
2026/03/23 23:10:20.233, 6, 178.64 W, 27, 120 MHz, 3996 MHz, 0 %, 0 %
2026/03/23 23:10:20.233, 7, 176.59 W, 28, 120 MHz, 3996 MHz, 0 %, 0 %
2026/03/23 23:10:21.233, 0, 592.08 W, 39, 2032 MHz, 3996 MHz, 100 %, 51 %
2026/03/23 23:10:21.233, 1, 602.77 W, 42, 2032 MHz, 3996 MHz, 100 %, 53 %
2026/03/23 23:10:21.233, 2, 612.90 W, 39, 2032 MHz, 3996 MHz, 100 %, 52 %
2026/03/23 23:10:21.233, 3, 602.60 W, 43, 2032 MHz, 3996 MHz, 100 %, 52 %
2026/03/23 23:10:21.233, 4, 179.25 W, 26, 120 MHz, 3996 MHz, 0 %, 0 %
2026/03/23 23:10:21.233, 5, 180.58 W, 28, 120 MHz, 3996 MHz, 0 %, 0 %
2026/03/23 23:10:21.233, 6, 178.64 W, 27, 120 MHz, 3996 MHz, 0 %, 0 %
2026/03/23 23:10:21.233, 7, 176.58 W, 28, 120 MHz, 3996 MHz, 0 %, 0 %
2026/03/23 23:10:22.233, 0, 590.83 W, 39, 2032 MHz, 3996 MHz, 100 %, 44 %
2026/03/23 23:10:22.233, 1, 616.80 W, 42, 2032 MHz, 3996 MHz, 100 %, 29 %
2026/03/23 23:10:22.233, 2, 602.11 W, 39, 2032 MHz, 3996 MHz, 91 %, 48 %
2026/03/23 23:10:22.234, 3, 602.22 W, 43, 2032 MHz, 3996 MHz, 100 %, 50 %
2026/03/23 23:10:22.234, 4, 179.05 W, 26, 120 MHz, 3996 MHz, 0 %, 0 %
2026/03/23 23:10:22.234, 5, 180.58 W, 28, 120 MHz, 3996 MHz, 0 %, 0 %
2026/03/23 23:10:22.234, 6, 178.64 W, 27, 120 MHz, 3996 MHz, 0 %, 0 %
2026/03/23 23:10:22.234, 7, 176.58 W, 28, 120 MHz, 3996 MHz, 0 %, 0 %
2026/03/23 23:10:23.234, 0, 608.20 W, 39, 2032 MHz, 3996 MHz, 100 %, 48 %
2026/03/23 23:10:23.234, 1, 625.96 W, 42, 2032 MHz, 3996 MHz, 100 %, 32 %
2026/03/23 23:10:23.234, 2, 638.61 W, 39, 2032 MHz, 3996 MHz, 100 %, 52 %
2026/03/23 23:10:23.234, 3, 622.72 W, 43, 2032 MHz, 3996 MHz, 100 %, 51 %
2026/03/23 23:10:23.234, 4, 178.93 W, 26, 120 MHz, 3996 MHz, 0 %, 0 %
2026/03/23 23:10:23.234, 5, 180.58 W, 28, 120 MHz, 3996 MHz, 0 %, 0 %
2026/03/23 23:10:23.234, 6, 178.64 W, 27, 120 MHz, 3996 MHz, 0 %, 0 %
2026/03/23 23:10:23.234, 7, 176.58 W, 28, 120 MHz, 3996 MHz, 0 %, 0 %
2026/03/23 23:10:24.234, 0, 606.04 W, 38, 2032 MHz, 3996 MHz, 100 %, 50 %
2026/03/23 23:10:24.234, 1, 635.20 W, 42, 2032 MHz, 3996 MHz, 100 %, 51 %
2026/03/23 23:10:24.234, 2, 615.05 W, 39, 2032 MHz, 3996 MHz, 100 %, 51 %
2026/03/23 23:10:24.234, 3, 616.62 W, 43, 2032 MHz, 3996 MHz, 100 %, 50 %
2026/03/23 23:10:24.234, 4, 178.96 W, 26, 120 MHz, 3996 MHz, 0 %, 0 %
2026/03/23 23:10:24.234, 5, 180.58 W, 28, 120 MHz, 3996 MHz, 0 %, 0 %
2026/03/23 23:10:24.234, 6, 178.64 W, 27, 120 MHz, 3996 MHz, 0 %, 0 %
2026/03/23 23:10:24.234, 7, 176.59 W, 28, 120 MHz, 3996 MHz, 0 %, 0 %
2026/03/23 23:10:25.234, 0, 625.39 W, 39, 2032 MHz, 3996 MHz, 100 %, 51 %
2026/03/23 23:10:25.234, 1, 636.36 W, 43, 2032 MHz, 3996 MHz, 100 %, 52 %
2026/03/23 23:10:25.234, 2, 653.19 W, 40, 2032 MHz, 3996 MHz, 100 %, 52 %
2026/03/23 23:10:25.234, 3, 637.26 W, 43, 2032 MHz, 3996 MHz, 100 %, 52 %
2026/03/23 23:10:25.234, 4, 178.98 W, 26, 120 MHz, 3996 MHz, 0 %, 0 %
2026/03/23 23:10:25.234, 5, 180.58 W, 28, 120 MHz, 3996 MHz, 0 %, 0 %
2026/03/23 23:10:25.234, 6, 178.64 W, 27, 120 MHz, 3996 MHz, 0 %, 0 %
2026/03/23 23:10:25.234, 7, 176.59 W, 28, 120 MHz, 3996 MHz, 0 %, 0 %
2026/03/23 23:10:26.234, 0, 649.50 W, 39, 2032 MHz, 3996 MHz, 100 %, 51 %
2026/03/23 23:10:26.234, 1, 672.00 W, 43, 2032 MHz, 3996 MHz, 100 %, 51 %
2026/03/23 23:10:26.234, 2, 674.59 W, 40, 2032 MHz, 3996 MHz, 100 %, 52 %
2026/03/23 23:10:26.234, 3, 664.00 W, 43, 2032 MHz, 3996 MHz, 100 %, 52 %
2026/03/23 23:10:26.234, 4, 179.08 W, 26, 120 MHz, 3996 MHz, 0 %, 0 %
2026/03/23 23:10:26.234, 5, 180.58 W, 28, 120 MHz, 3996 MHz, 0 %, 0 %
2026/03/23 23:10:26.234, 6, 178.64 W, 27, 120 MHz, 3996 MHz, 0 %, 0 %
2026/03/23 23:10:26.234, 7, 176.58 W, 28, 120 MHz, 3996 MHz, 0 %, 0 %
2026/03/23 23:10:27.234, 0, 648.57 W, 39, 2032 MHz, 3996 MHz, 100 %, 51 %
2026/03/23 23:10:27.234, 1, 673.87 W, 43, 2032 MHz, 3996 MHz, 100 %, 52 %
2026/03/23 23:10:27.234, 2, 673.23 W, 40, 2032 MHz, 3996 MHz, 100 %, 52 %
2026/03/23 23:10:27.234, 3, 664.95 W, 43, 2032 MHz, 3996 MHz, 100 %, 52 %
2026/03/23 23:10:27.234, 4, 179.13 W, 26, 120 MHz, 3996 MHz, 0 %, 0 %
2026/03/23 23:10:27.234, 5, 180.58 W, 28, 120 MHz, 3996 MHz, 0 %, 0 %
2026/03/23 23:10:27.234, 6, 178.64 W, 27, 120 MHz, 3996 MHz, 0 %, 0 %
2026/03/23 23:10:27.234, 7, 176.58 W, 28, 120 MHz, 3996 MHz, 0 %, 0 %
2026/03/23 23:10:28.234, 0, 650.72 W, 39, 2032 MHz, 3996 MHz, 100 %, 51 %
2026/03/23 23:10:28.234, 1, 674.89 W, 43, 2032 MHz, 3996 MHz, 100 %, 52 %
2026/03/23 23:10:28.234, 2, 675.60 W, 40, 2032 MHz, 3996 MHz, 100 %, 52 %
2026/03/23 23:10:28.234, 3, 666.19 W, 43, 2032 MHz, 3996 MHz, 100 %, 52 %
2026/03/23 23:10:28.234, 4, 179.13 W, 26, 120 MHz, 3996 MHz, 0 %, 0 %
2026/03/23 23:10:28.234, 5, 180.58 W, 28, 120 MHz, 3996 MHz, 0 %, 0 %
2026/03/23 23:10:28.234, 6, 178.64 W, 27, 120 MHz, 3996 MHz, 0 %, 0 %
2026/03/23 23:10:28.234, 7, 176.59 W, 28, 120 MHz, 3996 MHz, 0 %, 0 %
2026/03/23 23:10:29.235, 0, 650.86 W, 39, 2032 MHz, 3996 MHz, 100 %, 51 %
2026/03/23 23:10:29.235, 1, 677.92 W, 43, 2032 MHz, 3996 MHz, 100 %, 52 %
2026/03/23 23:10:29.235, 2, 674.93 W, 40, 2032 MHz, 3996 MHz, 100 %, 52 %
2026/03/23 23:10:29.235, 3, 666.30 W, 43, 2032 MHz, 3996 MHz, 100 %, 51 %
2026/03/23 23:10:29.235, 4, 179.27 W, 26, 120 MHz, 3996 MHz, 0 %, 0 %
2026/03/23 23:10:29.235, 5, 180.58 W, 28, 120 MHz, 3996 MHz, 0 %, 0 %
2026/03/23 23:10:29.235, 6, 178.64 W, 27, 120 MHz, 3996 MHz, 0 %, 0 %
2026/03/23 23:10:29.235, 7, 176.59 W, 28, 120 MHz, 3996 MHz, 0 %, 0 %
2026/03/23 23:10:30.235, 0, 650.17 W, 39, 2032 MHz, 3996 MHz, 100 %, 51 %
2026/03/23 23:10:30.235, 1, 679.83 W, 43, 2032 MHz, 3996 MHz, 100 %, 52 %
2026/03/23 23:10:30.235, 2, 677.20 W, 40, 2032 MHz, 3996 MHz, 100 %, 51 %
2026/03/23 23:10:30.235, 3, 666.13 W, 43, 2032 MHz, 3996 MHz, 100 %, 52 %
2026/03/23 23:10:30.235, 4, 179.24 W, 26, 120 MHz, 3996 MHz, 0 %, 0 %
2026/03/23 23:10:30.235, 5, 180.58 W, 28, 120 MHz, 3996 MHz, 0 %, 0 %
2026/03/23 23:10:30.235, 6, 178.64 W, 27, 120 MHz, 3996 MHz, 0 %, 0 %
2026/03/23 23:10:30.235, 7, 176.59 W, 28, 120 MHz, 3996 MHz, 0 %, 0 %
2026/03/23 23:10:31.235, 0, 595.10 W, 38, 2032 MHz, 3996 MHz, 100 %, 51 %
2026/03/23 23:10:31.235, 1, 626.86 W, 42, 2032 MHz, 3996 MHz, 100 %, 46 %
2026/03/23 23:10:31.235, 2, 609.45 W, 38, 2032 MHz, 3996 MHz, 100 %, 52 %
2026/03/23 23:10:31.235, 3, 610.04 W, 43, 2032 MHz, 3996 MHz, 99 %, 50 %
2026/03/23 23:10:31.235, 4, 179.25 W, 26, 120 MHz, 3996 MHz, 0 %, 0 %
2026/03/23 23:10:31.235, 5, 180.58 W, 28, 120 MHz, 3996 MHz, 0 %, 0 %
2026/03/23 23:10:31.235, 6, 178.64 W, 27, 120 MHz, 3996 MHz, 0 %, 0 %
2026/03/23 23:10:31.235, 7, 176.58 W, 28, 120 MHz, 3996 MHz, 0 %, 0 %
2026/03/23 23:10:32.235, 0, 550.83 W, 38, 2032 MHz, 3996 MHz, 98 %, 17 %
2026/03/23 23:10:32.235, 1, 560.21 W, 41, 2032 MHz, 3996 MHz, 100 %, 17 %
2026/03/23 23:10:32.235, 2, 572.73 W, 39, 2032 MHz, 3996 MHz, 31 %, 17 %
2026/03/23 23:10:32.235, 3, 563.40 W, 42, 2032 MHz, 3996 MHz, 99 %, 17 %
2026/03/23 23:10:32.235, 4, 179.13 W, 26, 120 MHz, 3996 MHz, 0 %, 0 %
2026/03/23 23:10:32.235, 5, 180.58 W, 28, 120 MHz, 3996 MHz, 0 %, 0 %
2026/03/23 23:10:32.235, 6, 178.64 W, 27, 120 MHz, 3996 MHz, 0 %, 0 %
2026/03/23 23:10:32.235, 7, 176.59 W, 28, 120 MHz, 3996 MHz, 0 %, 0 %
2026/03/23 23:10:33.235, 0, 587.88 W, 39, 2032 MHz, 3996 MHz, 100 %, 42 %
2026/03/23 23:10:33.235, 1, 605.89 W, 42, 2032 MHz, 3996 MHz, 100 %, 25 %
2026/03/23 23:10:33.235, 2, 609.72 W, 39, 2032 MHz, 3996 MHz, 90 %, 47 %
2026/03/23 23:10:33.235, 3, 599.24 W, 42, 2032 MHz, 3996 MHz, 100 %, 47 %
2026/03/23 23:10:33.235, 4, 179.14 W, 26, 120 MHz, 3996 MHz, 0 %, 0 %
2026/03/23 23:10:33.235, 5, 180.58 W, 28, 120 MHz, 3996 MHz, 0 %, 0 %
2026/03/23 23:10:33.235, 6, 178.64 W, 27, 120 MHz, 3996 MHz, 0 %, 0 %
2026/03/23 23:10:33.235, 7, 176.59 W, 28, 120 MHz, 3996 MHz, 0 %, 0 %
2026/03/23 23:10:34.235, 0, 644.33 W, 39, 2032 MHz, 3996 MHz, 100 %, 50 %
2026/03/23 23:10:34.235, 1, 671.22 W, 43, 2032 MHz, 3996 MHz, 100 %, 51 %
2026/03/23 23:10:34.235, 2, 674.89 W, 40, 2032 MHz, 3996 MHz, 100 %, 52 %
2026/03/23 23:10:34.235, 3, 661.18 W, 43, 2032 MHz, 3996 MHz, 100 %, 51 %
2026/03/23 23:10:34.235, 4, 179.13 W, 26, 120 MHz, 3996 MHz, 0 %, 0 %
2026/03/23 23:10:34.235, 5, 180.58 W, 28, 120 MHz, 3996 MHz, 0 %, 0 %
2026/03/23 23:10:34.235, 6, 178.64 W, 27, 120 MHz, 3996 MHz, 0 %, 0 %
2026/03/23 23:10:34.235, 7, 176.58 W, 28, 120 MHz, 3996 MHz, 0 %, 0 %
2026/03/23 23:10:35.235, 0, 601.97 W, 38, 2032 MHz, 3996 MHz, 100 %, 28 %
2026/03/23 23:10:35.235, 1, 630.73 W, 42, 2032 MHz, 3996 MHz, 100 %, 17 %
2026/03/23 23:10:35.235, 2, 616.92 W, 38, 2032 MHz, 3996 MHz, 62 %, 32 %
2026/03/23 23:10:35.235, 3, 619.11 W, 43, 2032 MHz, 3996 MHz, 100 %, 34 %
2026/03/23 23:10:35.235, 4, 179.10 W, 26, 120 MHz, 3996 MHz, 0 %, 0 %
2026/03/23 23:10:35.236, 5, 180.58 W, 28, 120 MHz, 3996 MHz, 0 %, 0 %
2026/03/23 23:10:35.236, 6, 178.64 W, 27, 120 MHz, 3996 MHz, 0 %, 0 %
2026/03/23 23:10:35.236, 7, 176.59 W, 28, 120 MHz, 3996 MHz, 0 %, 0 %
2026/03/23 23:10:36.236, 0, 525.21 W, 38, 2032 MHz, 3996 MHz, 100 %, 37 %
2026/03/23 23:10:36.236, 1, 542.85 W, 42, 2032 MHz, 3996 MHz, 100 %, 21 %
2026/03/23 23:10:36.236, 2, 540.58 W, 38, 2032 MHz, 3996 MHz, 81 %, 41 %
2026/03/23 23:10:36.236, 3, 538.08 W, 42, 2032 MHz, 3996 MHz, 100 %, 44 %
2026/03/23 23:10:36.236, 4, 179.29 W, 26, 120 MHz, 3996 MHz, 0 %, 0 %
2026/03/23 23:10:36.236, 5, 180.58 W, 28, 120 MHz, 3996 MHz, 0 %, 0 %
2026/03/23 23:10:36.236, 6, 178.64 W, 27, 120 MHz, 3996 MHz, 0 %, 0 %
2026/03/23 23:10:36.236, 7, 176.59 W, 28, 120 MHz, 3996 MHz, 0 %, 0 %
2026/03/23 23:10:37.236, 0, 565.39 W, 39, 2032 MHz, 3996 MHz, 100 %, 50 %
2026/03/23 23:10:37.236, 1, 576.03 W, 42, 2032 MHz, 3996 MHz, 100 %, 51 %
2026/03/23 23:10:37.236, 2, 602.53 W, 39, 2032 MHz, 3996 MHz, 100 %, 53 %
2026/03/23 23:10:37.236, 3, 582.32 W, 43, 2032 MHz, 3996 MHz, 100 %, 51 %
2026/03/23 23:10:37.236, 4, 179.20 W, 26, 120 MHz, 3996 MHz, 0 %, 0 %
2026/03/23 23:10:37.236, 5, 180.58 W, 28, 120 MHz, 3996 MHz, 0 %, 0 %
2026/03/23 23:10:37.236, 6, 178.64 W, 27, 120 MHz, 3996 MHz, 0 %, 0 %
2026/03/23 23:10:37.236, 7, 176.59 W, 28, 120 MHz, 3996 MHz, 0 %, 0 %
2026/03/23 23:10:38.236, 0, 619.90 W, 39, 2032 MHz, 3996 MHz, 100 %, 51 %
2026/03/23 23:10:38.236, 1, 639.74 W, 43, 2032 MHz, 3996 MHz, 100 %, 52 %
2026/03/23 23:10:38.236, 2, 644.22 W, 40, 2032 MHz, 3996 MHz, 100 %, 52 %
2026/03/23 23:10:38.236, 3, 636.74 W, 43, 2032 MHz, 3996 MHz, 100 %, 51 %
2026/03/23 23:10:38.236, 4, 179.32 W, 26, 120 MHz, 3996 MHz, 0 %, 0 %
2026/03/23 23:10:38.236, 5, 180.58 W, 28, 120 MHz, 3996 MHz, 0 %, 0 %
2026/03/23 23:10:38.236, 6, 178.64 W, 27, 120 MHz, 3996 MHz, 0 %, 0 %
2026/03/23 23:10:38.236, 7, 176.59 W, 28, 120 MHz, 3996 MHz, 0 %, 0 %
2026/03/23 23:10:39.236, 0, 646.74 W, 39, 2032 MHz, 3996 MHz, 100 %, 52 %
2026/03/23 23:10:39.236, 1, 673.20 W, 43, 2032 MHz, 3996 MHz, 100 %, 52 %
2026/03/23 23:10:39.236, 2, 679.31 W, 40, 2032 MHz, 3996 MHz, 100 %, 53 %
2026/03/23 23:10:39.236, 3, 663.56 W, 43, 2032 MHz, 3996 MHz, 100 %, 52 %
2026/03/23 23:10:39.236, 4, 178.98 W, 26, 120 MHz, 3996 MHz, 0 %, 0 %
2026/03/23 23:10:39.236, 5, 180.58 W, 28, 120 MHz, 3996 MHz, 0 %, 0 %
2026/03/23 23:10:39.236, 6, 178.64 W, 27, 120 MHz, 3996 MHz, 0 %, 0 %
2026/03/23 23:10:39.236, 7, 176.59 W, 28, 120 MHz, 3996 MHz, 0 %, 0 %
2026/03/23 23:10:40.236, 0, 647.18 W, 39, 2032 MHz, 3996 MHz, 100 %, 51 %
2026/03/23 23:10:40.236, 1, 672.64 W, 43, 2032 MHz, 3996 MHz, 100 %, 52 %
2026/03/23 23:10:40.236, 2, 679.21 W, 40, 2032 MHz, 3996 MHz, 100 %, 52 %
2026/03/23 23:10:40.236, 3, 664.26 W, 43, 2032 MHz, 3996 MHz, 100 %, 52 %
2026/03/23 23:10:40.236, 4, 179.02 W, 26, 120 MHz, 3996 MHz, 0 %, 0 %
2026/03/23 23:10:40.236, 5, 180.58 W, 28, 120 MHz, 3996 MHz, 0 %, 0 %
2026/03/23 23:10:40.236, 6, 178.64 W, 27, 120 MHz, 3996 MHz, 0 %, 0 %
2026/03/23 23:10:40.236, 7, 176.58 W, 28, 120 MHz, 3996 MHz, 0 %, 0 %
2026/03/23 23:10:41.236, 0, 648.84 W, 39, 2032 MHz, 3996 MHz, 100 %, 51 %
2026/03/23 23:10:41.236, 1, 671.23 W, 43, 2032 MHz, 3996 MHz, 100 %, 51 %
2026/03/23 23:10:41.236, 2, 680.66 W, 40, 2032 MHz, 3996 MHz, 100 %, 52 %
2026/03/23 23:10:41.236, 3, 666.80 W, 43, 2032 MHz, 3996 MHz, 100 %, 52 %
2026/03/23 23:10:41.236, 4, 179.02 W, 26, 120 MHz, 3996 MHz, 0 %, 0 %
2026/03/23 23:10:41.236, 5, 180.58 W, 28, 120 MHz, 3996 MHz, 0 %, 0 %
2026/03/23 23:10:41.236, 6, 178.64 W, 27, 120 MHz, 3996 MHz, 0 %, 0 %
2026/03/23 23:10:41.236, 7, 176.59 W, 28, 120 MHz, 3996 MHz, 0 %, 0 %
2026/03/23 23:10:42.237, 0, 650.12 W, 39, 2032 MHz, 3996 MHz, 100 %, 51 %
2026/03/23 23:10:42.237, 1, 671.44 W, 43, 2032 MHz, 3996 MHz, 100 %, 52 %
2026/03/23 23:10:42.237, 2, 679.85 W, 40, 2032 MHz, 3996 MHz, 100 %, 52 %
2026/03/23 23:10:42.237, 3, 665.27 W, 43, 2032 MHz, 3996 MHz, 100 %, 52 %
2026/03/23 23:10:42.237, 4, 178.97 W, 26, 120 MHz, 3996 MHz, 0 %, 0 %
2026/03/23 23:10:42.237, 5, 180.59 W, 28, 120 MHz, 3996 MHz, 0 %, 0 %
2026/03/23 23:10:42.237, 6, 178.64 W, 27, 120 MHz, 3996 MHz, 0 %, 0 %
2026/03/23 23:10:42.237, 7, 176.60 W, 28, 120 MHz, 3996 MHz, 0 %, 0 %
2026/03/23 23:10:43.237, 0, 650.12 W, 39, 2032 MHz, 3996 MHz, 100 %, 51 %
2026/03/23 23:10:43.237, 1, 673.23 W, 43, 2032 MHz, 3996 MHz, 100 %, 52 %
2026/03/23 23:10:43.237, 2, 679.63 W, 40, 2032 MHz, 3996 MHz, 100 %, 52 %
2026/03/23 23:10:43.237, 3, 664.00 W, 43, 2032 MHz, 3996 MHz, 100 %, 51 %
2026/03/23 23:10:43.237, 4, 178.93 W, 26, 120 MHz, 3996 MHz, 0 %, 0 %
2026/03/23 23:10:43.237, 5, 180.58 W, 28, 120 MHz, 3996 MHz, 0 %, 0 %
2026/03/23 23:10:43.237, 6, 178.64 W, 27, 120 MHz, 3996 MHz, 0 %, 0 %
2026/03/23 23:10:43.237, 7, 176.59 W, 28, 120 MHz, 3996 MHz, 0 %, 0 %
2026/03/23 23:10:44.237, 0, 611.71 W, 39, 2032 MHz, 3996 MHz, 100 %, 51 %
2026/03/23 23:10:44.237, 1, 634.34 W, 43, 2032 MHz, 3996 MHz, 100 %, 52 %
2026/03/23 23:10:44.237, 2, 644.24 W, 40, 2032 MHz, 3996 MHz, 100 %, 51 %
2026/03/23 23:10:44.237, 3, 625.58 W, 43, 2032 MHz, 3996 MHz, 100 %, 52 %
2026/03/23 23:10:44.237, 4, 179.17 W, 26, 120 MHz, 3996 MHz, 0 %, 0 %
2026/03/23 23:10:44.237, 5, 180.58 W, 28, 120 MHz, 3996 MHz, 0 %, 0 %
2026/03/23 23:10:44.237, 6, 178.64 W, 27, 120 MHz, 3996 MHz, 0 %, 0 %
2026/03/23 23:10:44.237, 7, 176.59 W, 28, 120 MHz, 3996 MHz, 0 %, 0 %
2026/03/23 23:10:45.237, 0, 603.48 W, 39, 2032 MHz, 3996 MHz, 100 %, 51 %
2026/03/23 23:10:45.237, 1, 612.29 W, 43, 2032 MHz, 3996 MHz, 100 %, 52 %
2026/03/23 23:10:45.237, 2, 613.23 W, 40, 2032 MHz, 3996 MHz, 100 %, 53 %
2026/03/23 23:10:45.237, 3, 612.55 W, 43, 2032 MHz, 3996 MHz, 100 %, 53 %
2026/03/23 23:10:45.237, 4, 179.28 W, 26, 120 MHz, 3996 MHz, 0 %, 0 %
2026/03/23 23:10:45.237, 5, 180.58 W, 28, 120 MHz, 3996 MHz, 0 %, 0 %
2026/03/23 23:10:45.237, 6, 178.64 W, 27, 120 MHz, 3996 MHz, 0 %, 0 %
2026/03/23 23:10:45.237, 7, 176.59 W, 28, 120 MHz, 3996 MHz, 0 %, 0 %
2026/03/23 23:10:46.237, 0, 627.64 W, 39, 2032 MHz, 3996 MHz, 100 %, 52 %
2026/03/23 23:10:46.237, 1, 645.47 W, 43, 2032 MHz, 3996 MHz, 100 %, 53 %
2026/03/23 23:10:46.237, 2, 648.68 W, 40, 2032 MHz, 3996 MHz, 100 %, 53 %
2026/03/23 23:10:46.237, 3, 638.05 W, 43, 2032 MHz, 3996 MHz, 100 %, 52 %
2026/03/23 23:10:46.237, 4, 178.99 W, 26, 120 MHz, 3996 MHz, 0 %, 0 %
2026/03/23 23:10:46.237, 5, 180.58 W, 28, 120 MHz, 3996 MHz, 0 %, 0 %
2026/03/23 23:10:46.237, 6, 178.64 W, 27, 120 MHz, 3996 MHz, 0 %, 0 %
2026/03/23 23:10:46.237, 7, 176.59 W, 28, 120 MHz, 3996 MHz, 0 %, 0 %
2026/03/23 23:10:47.237, 0, 596.51 W, 39, 2032 MHz, 3996 MHz, 99 %, 17 %
2026/03/23 23:10:47.237, 1, 617.34 W, 41, 2032 MHz, 3996 MHz, 93 %, 29 %
2026/03/23 23:10:47.237, 2, 615.05 W, 39, 2032 MHz, 3996 MHz, 82 %, 43 %
2026/03/23 23:10:47.237, 3, 608.45 W, 43, 2032 MHz, 3996 MHz, 100 %, 18 %
2026/03/23 23:10:47.237, 4, 179.11 W, 26, 120 MHz, 3996 MHz, 0 %, 0 %
2026/03/23 23:10:47.237, 5, 180.58 W, 28, 120 MHz, 3996 MHz, 0 %, 0 %
2026/03/23 23:10:47.237, 6, 178.64 W, 27, 120 MHz, 3996 MHz, 0 %, 0 %
2026/03/23 23:10:47.238, 7, 176.58 W, 28, 120 MHz, 3996 MHz, 0 %, 0 %
2026/03/23 23:10:48.238, 0, 560.57 W, 38, 2032 MHz, 3996 MHz, 87 %, 25 %
2026/03/23 23:10:48.238, 1, 582.01 W, 41, 2032 MHz, 3996 MHz, 92 %, 44 %
2026/03/23 23:10:48.238, 2, 577.71 W, 38, 2032 MHz, 3996 MHz, 100 %, 52 %
2026/03/23 23:10:48.238, 3, 575.34 W, 42, 2032 MHz, 3996 MHz, 91 %, 19 %
2026/03/23 23:10:48.238, 4, 179.04 W, 26, 120 MHz, 3996 MHz, 0 %, 0 %
2026/03/23 23:10:48.238, 5, 180.58 W, 28, 120 MHz, 3996 MHz, 0 %, 0 %
2026/03/23 23:10:48.238, 6, 178.64 W, 27, 120 MHz, 3996 MHz, 0 %, 0 %
2026/03/23 23:10:48.238, 7, 176.58 W, 28, 120 MHz, 3996 MHz, 0 %, 0 %
2026/03/23 23:10:49.238, 0, 646.21 W, 38, 2032 MHz, 3996 MHz, 100 %, 53 %
2026/03/23 23:10:49.238, 1, 668.94 W, 43, 2032 MHz, 3996 MHz, 100 %, 53 %
2026/03/23 23:10:49.238, 2, 668.87 W, 40, 2032 MHz, 3996 MHz, 100 %, 53 %
2026/03/23 23:10:49.238, 3, 654.58 W, 42, 2032 MHz, 3996 MHz, 100 %, 53 %
2026/03/23 23:10:49.238, 4, 178.94 W, 26, 120 MHz, 3996 MHz, 0 %, 0 %
2026/03/23 23:10:49.238, 5, 180.58 W, 28, 120 MHz, 3996 MHz, 0 %, 0 %
2026/03/23 23:10:49.238, 6, 178.64 W, 27, 120 MHz, 3996 MHz, 0 %, 0 %
2026/03/23 23:10:49.238, 7, 176.58 W, 28, 120 MHz, 3996 MHz, 0 %, 0 %
2026/03/23 23:10:50.238, 0, 597.43 W, 38, 2032 MHz, 3996 MHz, 100 %, 53 %
2026/03/23 23:10:50.238, 1, 608.90 W, 42, 2032 MHz, 3996 MHz, 100 %, 52 %
2026/03/23 23:10:50.238, 2, 612.03 W, 39, 2032 MHz, 3996 MHz, 100 %, 54 %
2026/03/23 23:10:50.238, 3, 601.07 W, 42, 2032 MHz, 3996 MHz, 100 %, 52 %
2026/03/23 23:10:50.238, 4, 178.94 W, 26, 120 MHz, 3996 MHz, 0 %, 0 %
2026/03/23 23:10:50.238, 5, 180.58 W, 28, 120 MHz, 3996 MHz, 0 %, 0 %
2026/03/23 23:10:50.238, 6, 178.64 W, 27, 120 MHz, 3996 MHz, 0 %, 0 %
2026/03/23 23:10:50.238, 7, 176.58 W, 28, 120 MHz, 3996 MHz, 0 %, 0 %
2026/03/23 23:10:51.238, 0, 559.94 W, 38, 2032 MHz, 3996 MHz, 100 %, 26 %
2026/03/23 23:10:51.238, 1, 578.29 W, 42, 2032 MHz, 3996 MHz, 99 %, 18 %
2026/03/23 23:10:51.238, 2, 577.96 W, 39, 2032 MHz, 3996 MHz, 51 %, 27 %
2026/03/23 23:10:51.238, 3, 573.96 W, 42, 2032 MHz, 3996 MHz, 100 %, 32 %
2026/03/23 23:10:51.238, 4, 178.93 W, 26, 120 MHz, 3996 MHz, 0 %, 0 %
2026/03/23 23:10:51.238, 5, 180.58 W, 28, 120 MHz, 3996 MHz, 0 %, 0 %
2026/03/23 23:10:51.238, 6, 178.64 W, 27, 120 MHz, 3996 MHz, 0 %, 0 %
2026/03/23 23:10:51.238, 7, 176.58 W, 28, 120 MHz, 3996 MHz, 0 %, 0 %
2026/03/23 23:10:52.238, 0, 614.02 W, 39, 2032 MHz, 3996 MHz, 100 %, 52 %
2026/03/23 23:10:52.238, 1, 626.07 W, 43, 2032 MHz, 3996 MHz, 100 %, 54 %
2026/03/23 23:10:52.238, 2, 624.99 W, 40, 2032 MHz, 3996 MHz, 100 %, 54 %
2026/03/23 23:10:52.238, 3, 626.10 W, 43, 2032 MHz, 3996 MHz, 100 %, 53 %
2026/03/23 23:10:52.238, 4, 179.01 W, 26, 120 MHz, 3996 MHz, 0 %, 0 %
2026/03/23 23:10:52.238, 5, 180.58 W, 28, 120 MHz, 3996 MHz, 0 %, 0 %
2026/03/23 23:10:52.238, 6, 178.64 W, 27, 120 MHz, 3996 MHz, 0 %, 0 %
2026/03/23 23:10:52.238, 7, 176.58 W, 28, 120 MHz, 3996 MHz, 0 %, 0 %
2026/03/23 23:10:53.239, 0, 658.92 W, 39, 2032 MHz, 3996 MHz, 100 %, 53 %
2026/03/23 23:10:53.239, 1, 685.66 W, 43, 2032 MHz, 3996 MHz, 100 %, 54 %
2026/03/23 23:10:53.239, 2, 687.72 W, 40, 2032 MHz, 3996 MHz, 100 %, 53 %
2026/03/23 23:10:53.239, 3, 673.55 W, 43, 2032 MHz, 3996 MHz, 100 %, 53 %
2026/03/23 23:10:53.239, 4, 179.05 W, 26, 120 MHz, 3996 MHz, 0 %, 0 %
2026/03/23 23:10:53.239, 5, 180.58 W, 28, 120 MHz, 3996 MHz, 0 %, 0 %
2026/03/23 23:10:53.239, 6, 178.64 W, 27, 120 MHz, 3996 MHz, 0 %, 0 %
2026/03/23 23:10:53.239, 7, 176.58 W, 28, 120 MHz, 3996 MHz, 0 %, 0 %
2026/03/23 23:10:54.239, 0, 657.82 W, 39, 2032 MHz, 3996 MHz, 100 %, 52 %
2026/03/23 23:10:54.239, 1, 685.20 W, 43, 2032 MHz, 3996 MHz, 100 %, 54 %
2026/03/23 23:10:54.239, 2, 689.93 W, 40, 2032 MHz, 3996 MHz, 100 %, 54 %
2026/03/23 23:10:54.239, 3, 675.72 W, 43, 2032 MHz, 3996 MHz, 100 %, 53 %
2026/03/23 23:10:54.239, 4, 179.01 W, 26, 120 MHz, 3996 MHz, 0 %, 0 %
2026/03/23 23:10:54.239, 5, 180.58 W, 28, 120 MHz, 3996 MHz, 0 %, 0 %
2026/03/23 23:10:54.239, 6, 178.64 W, 27, 120 MHz, 3996 MHz, 0 %, 0 %
2026/03/23 23:10:54.239, 7, 176.58 W, 28, 120 MHz, 3996 MHz, 0 %, 0 %
2026/03/23 23:10:55.239, 0, 660.39 W, 39, 2032 MHz, 3996 MHz, 100 %, 53 %
2026/03/23 23:10:55.239, 1, 688.19 W, 43, 2032 MHz, 3996 MHz, 100 %, 54 %
2026/03/23 23:10:55.239, 2, 689.96 W, 40, 2032 MHz, 3996 MHz, 100 %, 53 %
2026/03/23 23:10:55.239, 3, 673.90 W, 43, 2032 MHz, 3996 MHz, 100 %, 53 %
2026/03/23 23:10:55.239, 4, 178.93 W, 26, 120 MHz, 3996 MHz, 0 %, 0 %
2026/03/23 23:10:55.239, 5, 180.58 W, 28, 120 MHz, 3996 MHz, 0 %, 0 %
2026/03/23 23:10:55.239, 6, 178.64 W, 27, 120 MHz, 3996 MHz, 0 %, 0 %
2026/03/23 23:10:55.239, 7, 176.59 W, 28, 120 MHz, 3996 MHz, 0 %, 0 %
2026/03/23 23:10:56.239, 0, 628.58 W, 38, 2032 MHz, 3996 MHz, 95 %, 34 %
2026/03/23 23:10:56.239, 1, 650.63 W, 42, 2032 MHz, 3996 MHz, 100 %, 53 %
2026/03/23 23:10:56.239, 2, 652.71 W, 39, 2032 MHz, 3996 MHz, 100 %, 53 %
2026/03/23 23:10:56.239, 3, 642.43 W, 43, 2032 MHz, 3996 MHz, 95 %, 28 %
2026/03/23 23:10:56.239, 4, 178.86 W, 26, 120 MHz, 3996 MHz, 0 %, 0 %
2026/03/23 23:10:56.239, 5, 180.58 W, 28, 120 MHz, 3996 MHz, 0 %, 0 %
2026/03/23 23:10:56.239, 6, 178.64 W, 27, 120 MHz, 3996 MHz, 0 %, 0 %
2026/03/23 23:10:56.239, 7, 176.58 W, 28, 120 MHz, 3996 MHz, 0 %, 0 %
2026/03/23 23:10:57.239, 0, 642.01 W, 39, 2032 MHz, 3996 MHz, 100 %, 52 %
2026/03/23 23:10:57.239, 1, 674.91 W, 43, 2032 MHz, 3996 MHz, 100 %, 53 %
2026/03/23 23:10:57.239, 2, 671.00 W, 40, 2032 MHz, 3996 MHz, 100 %, 53 %
2026/03/23 23:10:57.239, 3, 658.99 W, 43, 2032 MHz, 3996 MHz, 100 %, 53 %
2026/03/23 23:10:57.239, 4, 178.93 W, 26, 120 MHz, 3996 MHz, 0 %, 0 %
2026/03/23 23:10:57.239, 5, 180.58 W, 28, 120 MHz, 3996 MHz, 0 %, 0 %
2026/03/23 23:10:57.239, 6, 178.64 W, 27, 120 MHz, 3996 MHz, 0 %, 0 %
2026/03/23 23:10:57.239, 7, 176.58 W, 27, 120 MHz, 3996 MHz, 0 %, 0 %
2026/03/23 23:10:58.239, 0, 634.94 W, 39, 2032 MHz, 3996 MHz, 100 %, 52 %
2026/03/23 23:10:58.239, 1, 652.24 W, 43, 2032 MHz, 3996 MHz, 100 %, 53 %
2026/03/23 23:10:58.239, 2, 655.70 W, 40, 2032 MHz, 3996 MHz, 100 %, 52 %
2026/03/23 23:10:58.239, 3, 651.68 W, 43, 2032 MHz, 3996 MHz, 100 %, 52 %
2026/03/23 23:10:58.239, 4, 179.17 W, 26, 120 MHz, 3996 MHz, 0 %, 0 %
2026/03/23 23:10:58.239, 5, 180.58 W, 28, 120 MHz, 3996 MHz, 0 %, 0 %
2026/03/23 23:10:58.239, 6, 178.64 W, 27, 120 MHz, 3996 MHz, 0 %, 0 %
2026/03/23 23:10:58.239, 7, 176.58 W, 28, 120 MHz, 3996 MHz, 0 %, 0 %
2026/03/23 23:10:59.239, 0, 621.59 W, 39, 2032 MHz, 3996 MHz, 100 %, 51 %
2026/03/23 23:10:59.239, 1, 642.63 W, 43, 2032 MHz, 3996 MHz, 100 %, 52 %
2026/03/23 23:10:59.239, 2, 644.28 W, 40, 2032 MHz, 3996 MHz, 100 %, 53 %
2026/03/23 23:10:59.239, 3, 633.95 W, 43, 2032 MHz, 3996 MHz, 100 %, 52 %
2026/03/23 23:10:59.239, 4, 178.86 W, 26, 120 MHz, 3996 MHz, 0 %, 0 %
2026/03/23 23:10:59.240, 5, 180.58 W, 28, 120 MHz, 3996 MHz, 0 %, 0 %
2026/03/23 23:10:59.240, 6, 178.64 W, 27, 120 MHz, 3996 MHz, 0 %, 0 %
2026/03/23 23:10:59.240, 7, 176.59 W, 28, 120 MHz, 3996 MHz, 0 %, 0 %
2026/03/23 23:11:00.240, 0, 592.80 W, 38, 2032 MHz, 3996 MHz, 94 %, 17 %
2026/03/23 23:11:00.240, 1, 608.68 W, 42, 2032 MHz, 3996 MHz, 93 %, 32 %
2026/03/23 23:11:00.240, 2, 611.21 W, 38, 2032 MHz, 3996 MHz, 89 %, 47 %
2026/03/23 23:11:00.240, 3, 606.00 W, 43, 2032 MHz, 3996 MHz, 100 %, 17 %
2026/03/23 23:11:00.240, 4, 178.93 W, 26, 120 MHz, 3996 MHz, 0 %, 0 %
2026/03/23 23:11:00.240, 5, 180.58 W, 28, 120 MHz, 3996 MHz, 0 %, 0 %
2026/03/23 23:11:00.240, 6, 178.64 W, 27, 120 MHz, 3996 MHz, 0 %, 0 %
2026/03/23 23:11:00.240, 7, 176.58 W, 28, 120 MHz, 3996 MHz, 0 %, 0 %
2026/03/23 23:11:01.240, 0, 625.21 W, 39, 2032 MHz, 3996 MHz, 100 %, 52 %
2026/03/23 23:11:01.240, 1, 645.24 W, 43, 2032 MHz, 3996 MHz, 100 %, 52 %
2026/03/23 23:11:01.240, 2, 649.73 W, 40, 2032 MHz, 3996 MHz, 100 %, 53 %
2026/03/23 23:11:01.240, 3, 638.76 W, 43, 2032 MHz, 3996 MHz, 100 %, 53 %
2026/03/23 23:11:01.240, 4, 178.98 W, 26, 120 MHz, 3996 MHz, 0 %, 0 %
2026/03/23 23:11:01.240, 5, 180.58 W, 28, 120 MHz, 3996 MHz, 0 %, 0 %
2026/03/23 23:11:01.240, 6, 178.64 W, 27, 120 MHz, 3996 MHz, 0 %, 0 %
2026/03/23 23:11:01.240, 7, 176.58 W, 27, 120 MHz, 3996 MHz, 0 %, 0 %
2026/03/23 23:11:02.240, 0, 603.42 W, 38, 2032 MHz, 3996 MHz, 100 %, 17 %
2026/03/23 23:11:02.240, 1, 630.05 W, 42, 2032 MHz, 3996 MHz, 93 %, 21 %
2026/03/23 23:11:02.240, 2, 628.47 W, 38, 2032 MHz, 3996 MHz, 67 %, 35 %
2026/03/23 23:11:02.240, 3, 618.96 W, 42, 2032 MHz, 3996 MHz, 100 %, 21 %
2026/03/23 23:11:02.240, 4, 179.31 W, 26, 120 MHz, 3996 MHz, 0 %, 0 %
2026/03/23 23:11:02.240, 5, 180.58 W, 28, 120 MHz, 3996 MHz, 0 %, 0 %
2026/03/23 23:11:02.240, 6, 178.64 W, 27, 120 MHz, 3996 MHz, 0 %, 0 %
2026/03/23 23:11:02.240, 7, 176.58 W, 27, 120 MHz, 3996 MHz, 0 %, 0 %
2026/03/23 23:11:03.240, 0, 552.42 W, 38, 2032 MHz, 3996 MHz, 95 %, 48 %
2026/03/23 23:11:03.240, 1, 568.85 W, 42, 2032 MHz, 3996 MHz, 100 %, 53 %
2026/03/23 23:11:03.240, 2, 562.78 W, 38, 2032 MHz, 3996 MHz, 100 %, 53 %
2026/03/23 23:11:03.240, 3, 566.02 W, 42, 2032 MHz, 3996 MHz, 93 %, 43 %
2026/03/23 23:11:03.240, 4, 179.13 W, 26, 120 MHz, 3996 MHz, 0 %, 0 %
2026/03/23 23:11:03.240, 5, 180.58 W, 28, 120 MHz, 3996 MHz, 0 %, 0 %
2026/03/23 23:11:03.240, 6, 178.64 W, 27, 120 MHz, 3996 MHz, 0 %, 0 %
2026/03/23 23:11:03.240, 7, 176.58 W, 27, 120 MHz, 3996 MHz, 0 %, 0 %
2026/03/23 23:11:04.240, 0, 589.86 W, 38, 2032 MHz, 3996 MHz, 89 %, 25 %
2026/03/23 23:11:04.240, 1, 601.95 W, 41, 2032 MHz, 3996 MHz, 93 %, 43 %
2026/03/23 23:11:04.240, 2, 597.28 W, 38, 2032 MHz, 3996 MHz, 100 %, 52 %
2026/03/23 23:11:04.240, 3, 606.30 W, 43, 2032 MHz, 3996 MHz, 92 %, 19 %
2026/03/23 23:11:04.240, 4, 179.11 W, 26, 120 MHz, 3996 MHz, 0 %, 0 %
2026/03/23 23:11:04.240, 5, 180.58 W, 28, 120 MHz, 3996 MHz, 0 %, 0 %
2026/03/23 23:11:04.240, 6, 178.64 W, 27, 120 MHz, 3996 MHz, 0 %, 0 %
2026/03/23 23:11:04.240, 7, 176.58 W, 27, 120 MHz, 3996 MHz, 0 %, 0 %
2026/03/23 23:11:05.240, 0, 627.95 W, 39, 2032 MHz, 3996 MHz, 100 %, 52 %
2026/03/23 23:11:05.240, 1, 646.25 W, 43, 2032 MHz, 3996 MHz, 100 %, 52 %
2026/03/23 23:11:05.240, 2, 645.35 W, 39, 2032 MHz, 3996 MHz, 100 %, 52 %
2026/03/23 23:11:05.240, 3, 641.26 W, 43, 2032 MHz, 3996 MHz, 100 %, 53 %
2026/03/23 23:11:05.240, 4, 178.90 W, 26, 120 MHz, 3996 MHz, 0 %, 0 %
2026/03/23 23:11:05.240, 5, 180.58 W, 28, 120 MHz, 3996 MHz, 0 %, 0 %
2026/03/23 23:11:05.240, 6, 178.64 W, 27, 120 MHz, 3996 MHz, 0 %, 0 %
2026/03/23 23:11:05.241, 7, 176.58 W, 27, 120 MHz, 3996 MHz, 0 %, 0 %
2026/03/23 23:11:06.241, 0, 591.36 W, 39, 2032 MHz, 3996 MHz, 100 %, 47 %
2026/03/23 23:11:06.241, 1, 612.57 W, 42, 2032 MHz, 3996 MHz, 100 %, 29 %
2026/03/23 23:11:06.241, 2, 608.02 W, 39, 2032 MHz, 3996 MHz, 33 %, 17 %
2026/03/23 23:11:06.241, 3, 608.41 W, 43, 2032 MHz, 3996 MHz, 100 %, 53 %
2026/03/23 23:11:06.241, 4, 179.01 W, 26, 120 MHz, 3996 MHz, 0 %, 0 %
2026/03/23 23:11:06.241, 5, 180.58 W, 28, 120 MHz, 3996 MHz, 0 %, 0 %
2026/03/23 23:11:06.241, 6, 178.64 W, 27, 120 MHz, 3996 MHz, 0 %, 0 %
2026/03/23 23:11:06.241, 7, 176.58 W, 27, 120 MHz, 3996 MHz, 0 %, 0 %
2026/03/23 23:11:07.241, 0, 656.58 W, 39, 2032 MHz, 3996 MHz, 100 %, 52 %
2026/03/23 23:11:07.241, 1, 678.89 W, 43, 2032 MHz, 3996 MHz, 100 %, 53 %
2026/03/23 23:11:07.241, 2, 681.14 W, 40, 2032 MHz, 3996 MHz, 100 %, 52 %
2026/03/23 23:11:07.241, 3, 674.07 W, 43, 2032 MHz, 3996 MHz, 100 %, 52 %
2026/03/23 23:11:07.241, 4, 178.93 W, 26, 120 MHz, 3996 MHz, 0 %, 0 %
2026/03/23 23:11:07.241, 5, 180.58 W, 28, 120 MHz, 3996 MHz, 0 %, 0 %
2026/03/23 23:11:07.241, 6, 178.64 W, 27, 120 MHz, 3996 MHz, 0 %, 0 %
2026/03/23 23:11:07.241, 7, 176.58 W, 27, 120 MHz, 3996 MHz, 0 %, 0 %
2026/03/23 23:11:08.241, 0, 657.26 W, 39, 2032 MHz, 3996 MHz, 100 %, 52 %
2026/03/23 23:11:08.241, 1, 682.73 W, 43, 2032 MHz, 3996 MHz, 100 %, 53 %
2026/03/23 23:11:08.241, 2, 682.51 W, 40, 2032 MHz, 3996 MHz, 100 %, 53 %
2026/03/23 23:11:08.241, 3, 675.46 W, 43, 2032 MHz, 3996 MHz, 100 %, 53 %
2026/03/23 23:11:08.241, 4, 178.94 W, 26, 120 MHz, 3996 MHz, 0 %, 0 %
2026/03/23 23:11:08.241, 5, 180.58 W, 28, 120 MHz, 3996 MHz, 0 %, 0 %
2026/03/23 23:11:08.241, 6, 178.64 W, 27, 120 MHz, 3996 MHz, 0 %, 0 %
2026/03/23 23:11:08.241, 7, 176.58 W, 27, 120 MHz, 3996 MHz, 0 %, 0 %
2026/03/23 23:11:09.241, 0, 659.40 W, 39, 2032 MHz, 3996 MHz, 100 %, 52 %
2026/03/23 23:11:09.241, 1, 683.18 W, 43, 2032 MHz, 3996 MHz, 100 %, 54 %
2026/03/23 23:11:09.241, 2, 680.58 W, 40, 2032 MHz, 3996 MHz, 100 %, 52 %
2026/03/23 23:11:09.241, 3, 678.68 W, 43, 2032 MHz, 3996 MHz, 100 %, 54 %
2026/03/23 23:11:09.241, 4, 178.98 W, 26, 120 MHz, 3996 MHz, 0 %, 0 %
2026/03/23 23:11:09.241, 5, 180.58 W, 28, 120 MHz, 3996 MHz, 0 %, 0 %
2026/03/23 23:11:09.241, 6, 178.64 W, 27, 120 MHz, 3996 MHz, 0 %, 0 %
2026/03/23 23:11:09.241, 7, 176.58 W, 27, 120 MHz, 3996 MHz, 0 %, 0 %
2026/03/23 23:11:10.241, 0, 650.31 W, 39, 2032 MHz, 3996 MHz, 100 %, 52 %
2026/03/23 23:11:10.241, 1, 677.48 W, 42, 2032 MHz, 3996 MHz, 100 %, 54 %
2026/03/23 23:11:10.241, 2, 676.95 W, 40, 2032 MHz, 3996 MHz, 100 %, 54 %
2026/03/23 23:11:10.241, 3, 663.58 W, 43, 2032 MHz, 3996 MHz, 100 %, 54 %
2026/03/23 23:11:10.241, 4, 179.07 W, 26, 120 MHz, 3996 MHz, 0 %, 0 %
2026/03/23 23:11:10.241, 5, 180.58 W, 28, 120 MHz, 3996 MHz, 0 %, 0 %
2026/03/23 23:11:10.241, 6, 178.64 W, 27, 120 MHz, 3996 MHz, 0 %, 0 %
2026/03/23 23:11:10.241, 7, 176.58 W, 27, 120 MHz, 3996 MHz, 0 %, 0 %
2026/03/23 23:11:11.241, 0, 610.25 W, 39, 2032 MHz, 3996 MHz, 100 %, 53 %
2026/03/23 23:11:11.241, 1, 622.92 W, 43, 2032 MHz, 3996 MHz, 100 %, 54 %
2026/03/23 23:11:11.241, 2, 618.98 W, 40, 2032 MHz, 3996 MHz, 100 %, 54 %
2026/03/23 23:11:11.241, 3, 623.99 W, 43, 2032 MHz, 3996 MHz, 100 %, 54 %
2026/03/23 23:11:11.241, 4, 178.98 W, 26, 120 MHz, 3996 MHz, 0 %, 0 %
2026/03/23 23:11:11.241, 5, 180.58 W, 28, 120 MHz, 3996 MHz, 0 %, 0 %
2026/03/23 23:11:11.241, 6, 178.64 W, 27, 120 MHz, 3996 MHz, 0 %, 0 %
2026/03/23 23:11:11.242, 7, 176.58 W, 27, 120 MHz, 3996 MHz, 0 %, 0 %
2026/03/23 23:11:12.242, 0, 663.92 W, 39, 2032 MHz, 3996 MHz, 100 %, 54 %
2026/03/23 23:11:12.242, 1, 689.98 W, 43, 2032 MHz, 3996 MHz, 100 %, 55 %
2026/03/23 23:11:12.242, 2, 688.77 W, 40, 2032 MHz, 3996 MHz, 100 %, 53 %
2026/03/23 23:11:12.242, 3, 680.04 W, 43, 2032 MHz, 3996 MHz, 100 %, 54 %
2026/03/23 23:11:12.242, 4, 178.79 W, 26, 120 MHz, 3996 MHz, 0 %, 0 %
2026/03/23 23:11:12.242, 5, 180.58 W, 28, 120 MHz, 3996 MHz, 0 %, 0 %
2026/03/23 23:11:12.242, 6, 178.64 W, 27, 120 MHz, 3996 MHz, 0 %, 0 %
2026/03/23 23:11:12.242, 7, 176.58 W, 27, 120 MHz, 3996 MHz, 0 %, 0 %
2026/03/23 23:11:13.242, 0, 632.54 W, 39, 2032 MHz, 3996 MHz, 100 %, 53 %
2026/03/23 23:11:13.242, 1, 655.28 W, 43, 2032 MHz, 3996 MHz, 100 %, 54 %
2026/03/23 23:11:13.242, 2, 651.91 W, 40, 2032 MHz, 3996 MHz, 100 %, 54 %
2026/03/23 23:11:13.242, 3, 649.29 W, 43, 2032 MHz, 3996 MHz, 100 %, 54 %
2026/03/23 23:11:13.242, 4, 178.94 W, 26, 120 MHz, 3996 MHz, 0 %, 0 %
2026/03/23 23:11:13.242, 5, 180.58 W, 28, 120 MHz, 3996 MHz, 0 %, 0 %
2026/03/23 23:11:13.242, 6, 178.64 W, 27, 120 MHz, 3996 MHz, 0 %, 0 %
2026/03/23 23:11:13.242, 7, 176.58 W, 27, 120 MHz, 3996 MHz, 0 %, 0 %
2026/03/23 23:11:14.242, 0, 571.71 W, 39, 2032 MHz, 3996 MHz, 100 %, 28 %
2026/03/23 23:11:14.242, 1, 583.84 W, 42, 2032 MHz, 3996 MHz, 100 %, 17 %
2026/03/23 23:11:14.242, 2, 582.03 W, 39, 2032 MHz, 3996 MHz, 60 %, 32 %
2026/03/23 23:11:14.242, 3, 581.24 W, 43, 2032 MHz, 3996 MHz, 100 %, 35 %
2026/03/23 23:11:14.242, 4, 179.12 W, 26, 120 MHz, 3996 MHz, 0 %, 0 %
2026/03/23 23:11:14.242, 5, 180.58 W, 28, 120 MHz, 3996 MHz, 0 %, 0 %
2026/03/23 23:11:14.242, 6, 178.64 W, 27, 120 MHz, 3996 MHz, 0 %, 0 %
2026/03/23 23:11:14.242, 7, 176.58 W, 27, 120 MHz, 3996 MHz, 0 %, 0 %
2026/03/23 23:11:15.242, 0, 630.10 W, 39, 2032 MHz, 3996 MHz, 100 %, 52 %
2026/03/23 23:11:15.242, 1, 654.30 W, 43, 2032 MHz, 3996 MHz, 100 %, 54 %
2026/03/23 23:11:15.242, 2, 656.11 W, 39, 2032 MHz, 3996 MHz, 100 %, 55 %
2026/03/23 23:11:15.242, 3, 648.17 W, 43, 2032 MHz, 3996 MHz, 100 %, 54 %
2026/03/23 23:11:15.242, 4, 178.94 W, 26, 120 MHz, 3996 MHz, 0 %, 0 %
2026/03/23 23:11:15.242, 5, 180.58 W, 28, 120 MHz, 3996 MHz, 0 %, 0 %
2026/03/23 23:11:15.242, 6, 178.64 W, 27, 120 MHz, 3996 MHz, 0 %, 0 %
2026/03/23 23:11:15.242, 7, 176.58 W, 27, 120 MHz, 3996 MHz, 0 %, 0 %
2026/03/23 23:11:16.242, 0, 627.77 W, 39, 2032 MHz, 3996 MHz, 100 %, 52 %
2026/03/23 23:11:16.242, 1, 650.71 W, 43, 2032 MHz, 3996 MHz, 100 %, 54 %
2026/03/23 23:11:16.242, 2, 651.49 W, 40, 2032 MHz, 3996 MHz, 100 %, 53 %
2026/03/23 23:11:16.242, 3, 640.50 W, 43, 2032 MHz, 3996 MHz, 100 %, 53 %
2026/03/23 23:11:16.242, 4, 179.05 W, 26, 120 MHz, 3996 MHz, 0 %, 0 %
2026/03/23 23:11:16.242, 5, 180.58 W, 28, 120 MHz, 3996 MHz, 0 %, 0 %
2026/03/23 23:11:16.242, 6, 178.64 W, 27, 120 MHz, 3996 MHz, 0 %, 0 %
2026/03/23 23:11:16.242, 7, 176.58 W, 27, 120 MHz, 3996 MHz, 0 %, 0 %
2026/03/23 23:11:17.242, 0, 599.16 W, 38, 2032 MHz, 3996 MHz, 100 %, 51 %
2026/03/23 23:11:17.242, 1, 622.26 W, 42, 2032 MHz, 3996 MHz, 100 %, 53 %
2026/03/23 23:11:17.242, 2, 629.53 W, 39, 2032 MHz, 3996 MHz, 99 %, 53 %
2026/03/23 23:11:17.242, 3, 613.62 W, 42, 2032 MHz, 3996 MHz, 94 %, 49 %
2026/03/23 23:11:17.242, 4, 179.15 W, 26, 120 MHz, 3996 MHz, 0 %, 0 %
2026/03/23 23:11:17.242, 5, 180.58 W, 28, 120 MHz, 3996 MHz, 0 %, 0 %
2026/03/23 23:11:17.242, 6, 178.64 W, 27, 120 MHz, 3996 MHz, 0 %, 0 %
2026/03/23 23:11:17.242, 7, 176.59 W, 27, 120 MHz, 3996 MHz, 0 %, 0 %
2026/03/23 23:11:18.243, 0, 580.84 W, 38, 2032 MHz, 3996 MHz, 99 %, 17 %
2026/03/23 23:11:18.243, 1, 598.09 W, 42, 2032 MHz, 3996 MHz, 93 %, 30 %
2026/03/23 23:11:18.243, 2, 597.78 W, 38, 2032 MHz, 3996 MHz, 32 %, 17 %
2026/03/23 23:11:18.243, 3, 594.40 W, 42, 2032 MHz, 3996 MHz, 100 %, 17 %
2026/03/23 23:11:18.243, 4, 179.01 W, 26, 120 MHz, 3996 MHz, 0 %, 0 %
2026/03/23 23:11:18.243, 5, 180.58 W, 28, 120 MHz, 3996 MHz, 0 %, 0 %
2026/03/23 23:11:18.243, 6, 178.64 W, 27, 120 MHz, 3996 MHz, 0 %, 0 %
2026/03/23 23:11:18.243, 7, 176.58 W, 27, 120 MHz, 3996 MHz, 0 %, 0 %
2026/03/23 23:11:19.243, 0, 565.55 W, 38, 2032 MHz, 3996 MHz, 93 %, 17 %
2026/03/23 23:11:19.243, 1, 580.51 W, 42, 2032 MHz, 3996 MHz, 94 %, 33 %
2026/03/23 23:11:19.243, 2, 577.64 W, 38, 2032 MHz, 3996 MHz, 33 %, 17 %
2026/03/23 23:11:19.243, 3, 578.64 W, 42, 2032 MHz, 3996 MHz, 100 %, 17 %
2026/03/23 23:11:19.243, 4, 178.96 W, 26, 120 MHz, 3996 MHz, 0 %, 0 %
2026/03/23 23:11:19.243, 5, 180.58 W, 28, 120 MHz, 3996 MHz, 0 %, 0 %
2026/03/23 23:11:19.243, 6, 178.64 W, 27, 120 MHz, 3996 MHz, 0 %, 0 %
2026/03/23 23:11:19.243, 7, 176.58 W, 27, 120 MHz, 3996 MHz, 0 %, 0 %
2026/03/23 23:11:20.243, 0, 613.15 W, 39, 2032 MHz, 3996 MHz, 100 %, 50 %
2026/03/23 23:11:20.243, 1, 636.78 W, 43, 2032 MHz, 3996 MHz, 100 %, 52 %
2026/03/23 23:11:20.243, 2, 637.88 W, 39, 2032 MHz, 3996 MHz, 100 %, 51 %
2026/03/23 23:11:20.243, 3, 629.35 W, 43, 2032 MHz, 3996 MHz, 100 %, 51 %
2026/03/23 23:11:20.243, 4, 179.05 W, 26, 120 MHz, 3996 MHz, 0 %, 0 %
2026/03/23 23:11:20.243, 5, 180.58 W, 28, 120 MHz, 3996 MHz, 0 %, 0 %
2026/03/23 23:11:20.243, 6, 178.64 W, 27, 120 MHz, 3996 MHz, 0 %, 0 %
2026/03/23 23:11:20.243, 7, 176.58 W, 27, 120 MHz, 3996 MHz, 0 %, 0 %
2026/03/23 23:11:21.243, 0, 642.87 W, 39, 2032 MHz, 3996 MHz, 100 %, 50 %
2026/03/23 23:11:21.243, 1, 667.18 W, 43, 2032 MHz, 3996 MHz, 100 %, 51 %
2026/03/23 23:11:21.243, 2, 672.44 W, 40, 2032 MHz, 3996 MHz, 100 %, 51 %
2026/03/23 23:11:21.243, 3, 661.36 W, 43, 2032 MHz, 3996 MHz, 100 %, 51 %
2026/03/23 23:11:21.243, 4, 179.00 W, 26, 120 MHz, 3996 MHz, 0 %, 0 %
2026/03/23 23:11:21.243, 5, 180.58 W, 28, 120 MHz, 3996 MHz, 0 %, 0 %
2026/03/23 23:11:21.243, 6, 178.64 W, 27, 120 MHz, 3996 MHz, 0 %, 0 %
2026/03/23 23:11:21.243, 7, 176.58 W, 27, 120 MHz, 3996 MHz, 0 %, 0 %
2026/03/23 23:11:22.243, 0, 644.07 W, 39, 2032 MHz, 3996 MHz, 100 %, 50 %
2026/03/23 23:11:22.243, 1, 670.36 W, 43, 2032 MHz, 3996 MHz, 100 %, 52 %
2026/03/23 23:11:22.243, 2, 674.83 W, 40, 2032 MHz, 3996 MHz, 100 %, 52 %
2026/03/23 23:11:22.243, 3, 660.82 W, 43, 2032 MHz, 3996 MHz, 100 %, 50 %
2026/03/23 23:11:22.243, 4, 179.23 W, 26, 120 MHz, 3996 MHz, 0 %, 0 %
2026/03/23 23:11:22.243, 5, 180.58 W, 28, 120 MHz, 3996 MHz, 0 %, 0 %
2026/03/23 23:11:22.243, 6, 178.64 W, 27, 120 MHz, 3996 MHz, 0 %, 0 %
2026/03/23 23:11:22.243, 7, 176.58 W, 27, 120 MHz, 3996 MHz, 0 %, 0 %
2026/03/23 23:11:23.243, 0, 629.04 W, 39, 2032 MHz, 3996 MHz, 100 %, 50 %
2026/03/23 23:11:23.243, 1, 660.11 W, 42, 2032 MHz, 3996 MHz, 100 %, 51 %
2026/03/23 23:11:23.243, 2, 665.45 W, 40, 2032 MHz, 3996 MHz, 100 %, 52 %
2026/03/23 23:11:23.243, 3, 647.00 W, 42, 2032 MHz, 3996 MHz, 100 %, 52 %
2026/03/23 23:11:23.243, 4, 178.92 W, 26, 120 MHz, 3996 MHz, 0 %, 0 %
2026/03/23 23:11:23.244, 5, 180.58 W, 28, 120 MHz, 3996 MHz, 0 %, 0 %
2026/03/23 23:11:23.244, 6, 178.64 W, 27, 120 MHz, 3996 MHz, 0 %, 0 %
2026/03/23 23:11:23.244, 7, 176.58 W, 27, 120 MHz, 3996 MHz, 0 %, 0 %
2026/03/23 23:11:24.244, 0, 630.28 W, 39, 2032 MHz, 3996 MHz, 100 %, 50 %
2026/03/23 23:11:24.244, 1, 647.15 W, 43, 2032 MHz, 3996 MHz, 100 %, 51 %
2026/03/23 23:11:24.244, 2, 645.53 W, 40, 2032 MHz, 3996 MHz, 100 %, 52 %
2026/03/23 23:11:24.244, 3, 642.81 W, 43, 2032 MHz, 3996 MHz, 100 %, 51 %
2026/03/23 23:11:24.244, 4, 179.00 W, 26, 120 MHz, 3996 MHz, 0 %, 0 %
2026/03/23 23:11:24.244, 5, 180.58 W, 28, 120 MHz, 3996 MHz, 0 %, 0 %
2026/03/23 23:11:24.244, 6, 178.64 W, 27, 120 MHz, 3996 MHz, 0 %, 0 %
2026/03/23 23:11:24.244, 7, 176.58 W, 27, 120 MHz, 3996 MHz, 0 %, 0 %
2026/03/23 23:11:25.244, 0, 615.20 W, 38, 2032 MHz, 3996 MHz, 99 %, 16 %
2026/03/23 23:11:25.244, 1, 634.24 W, 42, 2032 MHz, 3996 MHz, 94 %, 30 %
2026/03/23 23:11:25.244, 2, 636.72 W, 38, 2032 MHz, 3996 MHz, 32 %, 17 %
2026/03/23 23:11:25.244, 3, 628.81 W, 43, 2032 MHz, 3996 MHz, 100 %, 16 %
2026/03/23 23:11:25.244, 4, 178.74 W, 26, 120 MHz, 3996 MHz, 0 %, 0 %
2026/03/23 23:11:25.244, 5, 180.58 W, 28, 120 MHz, 3996 MHz, 0 %, 0 %
2026/03/23 23:11:25.244, 6, 178.64 W, 27, 120 MHz, 3996 MHz, 0 %, 0 %
2026/03/23 23:11:25.244, 7, 176.59 W, 27, 120 MHz, 3996 MHz, 0 %, 0 %
2026/03/23 23:11:26.244, 0, 590.77 W, 38, 2032 MHz, 3996 MHz, 100 %, 25 %
2026/03/23 23:11:26.244, 1, 621.32 W, 41, 2032 MHz, 3996 MHz, 99 %, 17 %
2026/03/23 23:11:26.244, 2, 623.83 W, 39, 2032 MHz, 3996 MHz, 53 %, 28 %
2026/03/23 23:11:26.244, 3, 607.26 W, 42, 2032 MHz, 3996 MHz, 100 %, 31 %
2026/03/23 23:11:26.244, 4, 179.05 W, 26, 120 MHz, 3996 MHz, 0 %, 0 %
2026/03/23 23:11:26.244, 5, 180.58 W, 28, 120 MHz, 3996 MHz, 0 %, 0 %
2026/03/23 23:11:26.244, 6, 178.64 W, 27, 120 MHz, 3996 MHz, 0 %, 0 %
2026/03/23 23:11:26.244, 7, 176.58 W, 27, 120 MHz, 3996 MHz, 0 %, 0 %
2026/03/23 23:11:27.244, 0, 577.19 W, 38, 2032 MHz, 3996 MHz, 100 %, 17 %
2026/03/23 23:11:27.244, 1, 587.21 W, 42, 2032 MHz, 3996 MHz, 54 %, 25 %
2026/03/23 23:11:27.244, 2, 578.80 W, 38, 2032 MHz, 3996 MHz, 45 %, 17 %
2026/03/23 23:11:27.244, 3, 587.89 W, 43, 2032 MHz, 3996 MHz, 100 %, 17 %
2026/03/23 23:11:27.244, 4, 178.80 W, 26, 120 MHz, 3996 MHz, 0 %, 0 %
2026/03/23 23:11:27.244, 5, 180.58 W, 28, 120 MHz, 3996 MHz, 0 %, 0 %
2026/03/23 23:11:27.244, 6, 178.64 W, 27, 120 MHz, 3996 MHz, 0 %, 0 %
2026/03/23 23:11:27.244, 7, 176.58 W, 27, 120 MHz, 3996 MHz, 0 %, 0 %
2026/03/23 23:11:28.244, 0, 613.84 W, 39, 2032 MHz, 3996 MHz, 100 %, 49 %
2026/03/23 23:11:28.244, 1, 638.49 W, 42, 2032 MHz, 3996 MHz, 100 %, 33 %
2026/03/23 23:11:28.244, 2, 637.68 W, 39, 2032 MHz, 3996 MHz, 100 %, 52 %
2026/03/23 23:11:28.244, 3, 629.13 W, 43, 2032 MHz, 3996 MHz, 100 %, 52 %
2026/03/23 23:11:28.244, 4, 178.82 W, 26, 120 MHz, 3996 MHz, 0 %, 0 %
2026/03/23 23:11:28.244, 5, 180.58 W, 28, 120 MHz, 3996 MHz, 0 %, 0 %
2026/03/23 23:11:28.244, 6, 178.64 W, 27, 120 MHz, 3996 MHz, 0 %, 0 %
2026/03/23 23:11:28.244, 7, 176.58 W, 27, 120 MHz, 3996 MHz, 0 %, 0 %
2026/03/23 23:11:29.244, 0, 649.40 W, 39, 2032 MHz, 3996 MHz, 100 %, 51 %
2026/03/23 23:11:29.244, 1, 672.92 W, 43, 2032 MHz, 3996 MHz, 100 %, 51 %
2026/03/23 23:11:29.244, 2, 678.56 W, 40, 2032 MHz, 3996 MHz, 100 %, 52 %
2026/03/23 23:11:29.244, 3, 664.92 W, 43, 2032 MHz, 3996 MHz, 100 %, 52 %
2026/03/23 23:11:29.244, 4, 178.85 W, 26, 120 MHz, 3996 MHz, 0 %, 0 %
2026/03/23 23:11:29.244, 5, 180.58 W, 28, 120 MHz, 3996 MHz, 0 %, 0 %
2026/03/23 23:11:29.244, 6, 178.64 W, 27, 120 MHz, 3996 MHz, 0 %, 0 %
2026/03/23 23:11:29.245, 7, 176.58 W, 27, 120 MHz, 3996 MHz, 0 %, 0 %
2026/03/23 23:11:30.245, 0, 620.36 W, 39, 2032 MHz, 3996 MHz, 100 %, 51 %
2026/03/23 23:11:30.245, 1, 643.67 W, 43, 2032 MHz, 3996 MHz, 100 %, 52 %
2026/03/23 23:11:30.245, 2, 644.77 W, 40, 2032 MHz, 3996 MHz, 100 %, 53 %
2026/03/23 23:11:30.245, 3, 639.06 W, 43, 2032 MHz, 3996 MHz, 100 %, 52 %
2026/03/23 23:11:30.245, 4, 178.78 W, 26, 120 MHz, 3996 MHz, 0 %, 0 %
2026/03/23 23:11:30.245, 5, 180.58 W, 28, 120 MHz, 3996 MHz, 0 %, 0 %
2026/03/23 23:11:30.245, 6, 178.64 W, 27, 120 MHz, 3996 MHz, 0 %, 0 %
2026/03/23 23:11:30.245, 7, 176.58 W, 27, 120 MHz, 3996 MHz, 0 %, 0 %
2026/03/23 23:11:31.245, 0, 595.81 W, 38, 2032 MHz, 3996 MHz, 100 %, 51 %
2026/03/23 23:11:31.245, 1, 625.18 W, 42, 2032 MHz, 3996 MHz, 100 %, 53 %
2026/03/23 23:11:31.245, 2, 629.45 W, 39, 2032 MHz, 3996 MHz, 100 %, 52 %
2026/03/23 23:11:31.245, 3, 613.43 W, 42, 2032 MHz, 3996 MHz, 100 %, 52 %
2026/03/23 23:11:31.245, 4, 178.90 W, 26, 120 MHz, 3996 MHz, 0 %, 0 %
2026/03/23 23:11:31.245, 5, 180.58 W, 28, 120 MHz, 3996 MHz, 0 %, 0 %
2026/03/23 23:11:31.245, 6, 178.64 W, 27, 120 MHz, 3996 MHz, 0 %, 0 %
2026/03/23 23:11:31.245, 7, 176.58 W, 27, 120 MHz, 3996 MHz, 0 %, 0 %
2026/03/23 23:11:32.245, 0, 595.89 W, 38, 2032 MHz, 3996 MHz, 100 %, 52 %
2026/03/23 23:11:32.245, 1, 621.09 W, 42, 2032 MHz, 3996 MHz, 100 %, 53 %
2026/03/23 23:11:32.245, 2, 620.52 W, 39, 2032 MHz, 3996 MHz, 100 %, 53 %
2026/03/23 23:11:32.245, 3, 614.97 W, 42, 2032 MHz, 3996 MHz, 100 %, 53 %
2026/03/23 23:11:32.245, 4, 178.95 W, 26, 120 MHz, 3996 MHz, 0 %, 0 %
2026/03/23 23:11:32.245, 5, 180.58 W, 28, 120 MHz, 3996 MHz, 0 %, 0 %
2026/03/23 23:11:32.245, 6, 178.64 W, 27, 120 MHz, 3996 MHz, 0 %, 0 %
2026/03/23 23:11:32.245, 7, 176.58 W, 27, 120 MHz, 3996 MHz, 0 %, 0 %
2026/03/23 23:11:33.245, 0, 579.26 W, 38, 2032 MHz, 3996 MHz, 100 %, 38 %
2026/03/23 23:11:33.245, 1, 591.47 W, 42, 2032 MHz, 3996 MHz, 100 %, 20 %
2026/03/23 23:11:33.245, 2, 592.70 W, 39, 2032 MHz, 3996 MHz, 77 %, 41 %
2026/03/23 23:11:33.245, 3, 589.72 W, 43, 2032 MHz, 3996 MHz, 100 %, 45 %
2026/03/23 23:11:33.245, 4, 179.00 W, 26, 120 MHz, 3996 MHz, 0 %, 0 %
2026/03/23 23:11:33.245, 5, 180.58 W, 28, 120 MHz, 3996 MHz, 0 %, 0 %
2026/03/23 23:11:33.245, 6, 178.64 W, 27, 120 MHz, 3996 MHz, 0 %, 0 %
2026/03/23 23:11:33.245, 7, 176.58 W, 27, 120 MHz, 3996 MHz, 0 %, 0 %
2026/03/23 23:11:34.245, 0, 597.21 W, 38, 2032 MHz, 3996 MHz, 100 %, 53 %
2026/03/23 23:11:34.245, 1, 626.64 W, 41, 2032 MHz, 3996 MHz, 100 %, 54 %
2026/03/23 23:11:34.245, 2, 623.82 W, 39, 2032 MHz, 3996 MHz, 100 %, 54 %
2026/03/23 23:11:34.245, 3, 612.15 W, 42, 2032 MHz, 3996 MHz, 98 %, 52 %
2026/03/23 23:11:34.245, 4, 178.97 W, 26, 120 MHz, 3996 MHz, 0 %, 0 %
2026/03/23 23:11:34.245, 5, 180.58 W, 28, 120 MHz, 3996 MHz, 0 %, 0 %
2026/03/23 23:11:34.245, 6, 178.64 W, 27, 120 MHz, 3996 MHz, 0 %, 0 %
2026/03/23 23:11:34.245, 7, 176.58 W, 27, 120 MHz, 3996 MHz, 0 %, 0 %
2026/03/23 23:11:35.245, 0, 655.61 W, 39, 2032 MHz, 3996 MHz, 100 %, 53 %
2026/03/23 23:11:35.245, 1, 673.82 W, 43, 2032 MHz, 3996 MHz, 100 %, 54 %
2026/03/23 23:11:35.245, 2, 674.01 W, 40, 2032 MHz, 3996 MHz, 100 %, 54 %
2026/03/23 23:11:35.245, 3, 675.43 W, 43, 2032 MHz, 3996 MHz, 100 %, 54 %
2026/03/23 23:11:35.245, 4, 178.98 W, 26, 120 MHz, 3996 MHz, 0 %, 0 %
2026/03/23 23:11:35.245, 5, 180.58 W, 28, 120 MHz, 3996 MHz, 0 %, 0 %
2026/03/23 23:11:35.245, 6, 178.64 W, 27, 120 MHz, 3996 MHz, 0 %, 0 %
2026/03/23 23:11:35.245, 7, 176.59 W, 27, 120 MHz, 3996 MHz, 0 %, 0 %
2026/03/23 23:11:36.246, 0, 663.15 W, 39, 2032 MHz, 3996 MHz, 100 %, 53 %
2026/03/23 23:11:36.246, 1, 691.12 W, 43, 2032 MHz, 3996 MHz, 100 %, 55 %
2026/03/23 23:11:36.246, 2, 689.92 W, 40, 2032 MHz, 3996 MHz, 100 %, 54 %
2026/03/23 23:11:36.246, 3, 681.10 W, 43, 2032 MHz, 3996 MHz, 100 %, 55 %
2026/03/23 23:11:36.246, 4, 178.90 W, 26, 120 MHz, 3996 MHz, 0 %, 0 %
2026/03/23 23:11:36.246, 5, 180.58 W, 28, 120 MHz, 3996 MHz, 0 %, 0 %
2026/03/23 23:11:36.246, 6, 178.64 W, 27, 120 MHz, 3996 MHz, 0 %, 0 %
2026/03/23 23:11:36.246, 7, 176.58 W, 27, 120 MHz, 3996 MHz, 0 %, 0 %
2026/03/23 23:11:37.246, 0, 664.53 W, 39, 2032 MHz, 3996 MHz, 100 %, 53 %
2026/03/23 23:11:37.246, 1, 691.85 W, 43, 2032 MHz, 3996 MHz, 100 %, 55 %
2026/03/23 23:11:37.246, 2, 691.28 W, 40, 2032 MHz, 3996 MHz, 100 %, 54 %
2026/03/23 23:11:37.246, 3, 682.54 W, 43, 2032 MHz, 3996 MHz, 100 %, 54 %
2026/03/23 23:11:37.246, 4, 178.94 W, 26, 120 MHz, 3996 MHz, 0 %, 0 %
2026/03/23 23:11:37.246, 5, 180.58 W, 28, 120 MHz, 3996 MHz, 0 %, 0 %
2026/03/23 23:11:37.246, 6, 178.64 W, 27, 120 MHz, 3996 MHz, 0 %, 0 %
2026/03/23 23:11:37.246, 7, 176.58 W, 27, 120 MHz, 3996 MHz, 0 %, 0 %
2026/03/23 23:11:38.246, 0, 664.20 W, 39, 2032 MHz, 3996 MHz, 100 %, 54 %
2026/03/23 23:11:38.246, 1, 688.87 W, 43, 2032 MHz, 3996 MHz, 100 %, 54 %
2026/03/23 23:11:38.246, 2, 694.60 W, 40, 2032 MHz, 3996 MHz, 100 %, 55 %
2026/03/23 23:11:38.246, 3, 680.69 W, 43, 2032 MHz, 3996 MHz, 100 %, 54 %
2026/03/23 23:11:38.246, 4, 178.82 W, 26, 120 MHz, 3996 MHz, 0 %, 0 %
2026/03/23 23:11:38.246, 5, 180.58 W, 28, 120 MHz, 3996 MHz, 0 %, 0 %
2026/03/23 23:11:38.246, 6, 178.64 W, 27, 120 MHz, 3996 MHz, 0 %, 0 %
2026/03/23 23:11:38.246, 7, 176.59 W, 27, 120 MHz, 3996 MHz, 0 %, 0 %
2026/03/23 23:11:39.246, 0, 665.10 W, 39, 2032 MHz, 3996 MHz, 100 %, 54 %
2026/03/23 23:11:39.246, 1, 691.14 W, 43, 2032 MHz, 3996 MHz, 100 %, 54 %
2026/03/23 23:11:39.246, 2, 694.97 W, 40, 2032 MHz, 3996 MHz, 100 %, 55 %
2026/03/23 23:11:39.246, 3, 681.76 W, 44, 2032 MHz, 3996 MHz, 100 %, 54 %
2026/03/23 23:11:39.246, 4, 178.71 W, 26, 120 MHz, 3996 MHz, 0 %, 0 %
2026/03/23 23:11:39.246, 5, 180.58 W, 28, 120 MHz, 3996 MHz, 0 %, 0 %
2026/03/23 23:11:39.246, 6, 178.64 W, 27, 120 MHz, 3996 MHz, 0 %, 0 %
2026/03/23 23:11:39.246, 7, 176.59 W, 27, 120 MHz, 3996 MHz, 0 %, 0 %
2026/03/23 23:11:40.246, 0, 666.34 W, 39, 2032 MHz, 3996 MHz, 100 %, 53 %
2026/03/23 23:11:40.246, 1, 690.97 W, 43, 2032 MHz, 3996 MHz, 100 %, 54 %
2026/03/23 23:11:40.246, 2, 694.68 W, 40, 2032 MHz, 3996 MHz, 100 %, 54 %
2026/03/23 23:11:40.246, 3, 681.39 W, 44, 2032 MHz, 3996 MHz, 100 %, 54 %
2026/03/23 23:11:40.246, 4, 179.04 W, 26, 120 MHz, 3996 MHz, 0 %, 0 %
2026/03/23 23:11:40.246, 5, 180.58 W, 28, 120 MHz, 3996 MHz, 0 %, 0 %
2026/03/23 23:11:40.246, 6, 178.64 W, 27, 120 MHz, 3996 MHz, 0 %, 0 %
2026/03/23 23:11:40.246, 7, 176.58 W, 27, 120 MHz, 3996 MHz, 0 %, 0 %
2026/03/23 23:11:41.246, 0, 670.66 W, 39, 2032 MHz, 3996 MHz, 100 %, 53 %
2026/03/23 23:11:41.246, 1, 691.61 W, 43, 2032 MHz, 3996 MHz, 100 %, 54 %
2026/03/23 23:11:41.246, 2, 694.94 W, 40, 2032 MHz, 3996 MHz, 100 %, 55 %
2026/03/23 23:11:41.246, 3, 683.23 W, 44, 2032 MHz, 3996 MHz, 100 %, 55 %
2026/03/23 23:11:41.246, 4, 178.83 W, 26, 120 MHz, 3996 MHz, 0 %, 0 %
2026/03/23 23:11:41.246, 5, 180.58 W, 28, 120 MHz, 3996 MHz, 0 %, 0 %
2026/03/23 23:11:41.246, 6, 178.64 W, 27, 120 MHz, 3996 MHz, 0 %, 0 %
2026/03/23 23:11:41.246, 7, 176.59 W, 27, 120 MHz, 3996 MHz, 0 %, 0 %
2026/03/23 23:11:42.246, 0, 617.32 W, 39, 2032 MHz, 3996 MHz, 100 %, 44 %
2026/03/23 23:11:42.246, 1, 635.47 W, 42, 2032 MHz, 3996 MHz, 100 %, 45 %
2026/03/23 23:11:42.246, 2, 645.13 W, 39, 2032 MHz, 3996 MHz, 100 %, 45 %
2026/03/23 23:11:42.246, 3, 634.87 W, 43, 2032 MHz, 3996 MHz, 100 %, 46 %
2026/03/23 23:11:42.247, 4, 179.08 W, 26, 120 MHz, 3996 MHz, 0 %, 0 %
2026/03/23 23:11:42.247, 5, 180.58 W, 28, 120 MHz, 3996 MHz, 0 %, 0 %
2026/03/23 23:11:42.247, 6, 178.64 W, 27, 120 MHz, 3996 MHz, 0 %, 0 %
2026/03/23 23:11:42.247, 7, 176.59 W, 27, 120 MHz, 3996 MHz, 0 %, 0 %
2026/03/23 23:11:43.247, 0, 586.38 W, 38, 2032 MHz, 3996 MHz, 100 %, 44 %
2026/03/23 23:11:43.247, 1, 600.88 W, 42, 2032 MHz, 3996 MHz, 100 %, 45 %
2026/03/23 23:11:43.247, 2, 607.21 W, 39, 2032 MHz, 3996 MHz, 100 %, 45 %
2026/03/23 23:11:43.247, 3, 604.56 W, 43, 2032 MHz, 3996 MHz, 100 %, 44 %
2026/03/23 23:11:43.247, 4, 178.70 W, 26, 120 MHz, 3996 MHz, 0 %, 0 %
2026/03/23 23:11:43.247, 5, 180.59 W, 28, 120 MHz, 3996 MHz, 0 %, 0 %
2026/03/23 23:11:43.247, 6, 178.64 W, 27, 120 MHz, 3996 MHz, 0 %, 0 %
2026/03/23 23:11:43.247, 7, 176.60 W, 27, 120 MHz, 3996 MHz, 0 %, 0 %
2026/03/23 23:11:44.247, 0, 536.41 W, 37, 2032 MHz, 3996 MHz, 100 %, 31 %
2026/03/23 23:11:44.247, 1, 551.65 W, 41, 2032 MHz, 3996 MHz, 100 %, 35 %
2026/03/23 23:11:44.247, 2, 552.62 W, 38, 2032 MHz, 3996 MHz, 100 %, 30 %
2026/03/23 23:11:44.247, 3, 544.08 W, 41, 2032 MHz, 3996 MHz, 100 %, 29 %
2026/03/23 23:11:44.247, 4, 179.12 W, 26, 120 MHz, 3996 MHz, 0 %, 0 %
2026/03/23 23:11:44.247, 5, 180.58 W, 28, 120 MHz, 3996 MHz, 0 %, 0 %
2026/03/23 23:11:44.247, 6, 178.64 W, 27, 120 MHz, 3996 MHz, 0 %, 0 %
2026/03/23 23:11:44.247, 7, 176.60 W, 27, 120 MHz, 3996 MHz, 0 %, 0 %
