timestamp, index, power.draw [W], temperature.gpu, clocks.current.sm [MHz], clocks.current.memory [MHz], utilization.gpu [%], utilization.memory [%]
2026/03/23 22:53:54.803, 0, 181.83 W, 31, 240 MHz, 3996 MHz, 0 %, 0 %
2026/03/23 22:53:54.809, 1, 248.80 W, 34, 2032 MHz, 3996 MHz, 0 %, 0 %
2026/03/23 22:53:54.812, 2, 213.22 W, 31, 352 MHz, 3996 MHz, 0 %, 0 %
2026/03/23 22:53:54.818, 3, 191.33 W, 34, 615 MHz, 3996 MHz, 0 %, 0 %
2026/03/23 22:53:54.823, 4, 179.21 W, 26, 120 MHz, 3996 MHz, 0 %, 0 %
2026/03/23 22:53:54.830, 5, 180.58 W, 28, 120 MHz, 3996 MHz, 0 %, 0 %
2026/03/23 22:53:54.838, 6, 178.18 W, 27, 120 MHz, 3996 MHz, 0 %, 0 %
2026/03/23 22:53:54.845, 7, 176.58 W, 28, 120 MHz, 3996 MHz, 0 %, 0 %
2026/03/23 22:53:55.853, 0, 180.22 W, 30, 150 MHz, 3996 MHz, 0 %, 0 %
2026/03/23 22:53:55.853, 1, 219.35 W, 34, 1005 MHz, 3996 MHz, 0 %, 0 %
2026/03/23 22:53:55.853, 2, 185.41 W, 30, 225 MHz, 3996 MHz, 0 %, 0 %
2026/03/23 22:53:55.853, 3, 187.96 W, 34, 382 MHz, 3996 MHz, 0 %, 0 %
2026/03/23 22:53:55.853, 4, 179.40 W, 26, 120 MHz, 3996 MHz, 0 %, 0 %
2026/03/23 22:53:55.853, 5, 180.58 W, 28, 120 MHz, 3996 MHz, 0 %, 0 %
2026/03/23 22:53:55.853, 6, 178.33 W, 27, 120 MHz, 3996 MHz, 0 %, 0 %
2026/03/23 22:53:55.853, 7, 176.58 W, 28, 120 MHz, 3996 MHz, 0 %, 0 %
2026/03/23 22:53:56.853, 0, 179.92 W, 30, 120 MHz, 3996 MHz, 0 %, 0 %
2026/03/23 22:53:56.853, 1, 190.40 W, 33, 630 MHz, 3996 MHz, 0 %, 0 %
2026/03/23 22:53:56.853, 2, 183.98 W, 30, 142 MHz, 3996 MHz, 0 %, 0 %
2026/03/23 22:53:56.853, 3, 185.50 W, 34, 240 MHz, 3996 MHz, 0 %, 0 %
2026/03/23 22:53:56.853, 4, 179.08 W, 26, 120 MHz, 3996 MHz, 0 %, 0 %
2026/03/23 22:53:56.853, 5, 180.58 W, 28, 120 MHz, 3996 MHz, 0 %, 0 %
2026/03/23 22:53:56.853, 6, 178.41 W, 27, 120 MHz, 3996 MHz, 0 %, 0 %
2026/03/23 22:53:56.853, 7, 176.58 W, 28, 120 MHz, 3996 MHz, 0 %, 0 %
2026/03/23 22:53:57.853, 0, 179.91 W, 30, 120 MHz, 3996 MHz, 0 %, 0 %
2026/03/23 22:53:57.853, 1, 187.13 W, 33, 397 MHz, 3996 MHz, 0 %, 0 %
2026/03/23 22:53:57.853, 2, 183.98 W, 30, 120 MHz, 3996 MHz, 0 %, 0 %
2026/03/23 22:53:57.853, 3, 184.95 W, 34, 157 MHz, 3996 MHz, 0 %, 0 %
2026/03/23 22:53:57.853, 4, 179.03 W, 26, 120 MHz, 3996 MHz, 0 %, 0 %
2026/03/23 22:53:57.853, 5, 180.58 W, 28, 120 MHz, 3996 MHz, 0 %, 0 %
2026/03/23 22:53:57.853, 6, 178.41 W, 27, 120 MHz, 3996 MHz, 0 %, 0 %
2026/03/23 22:53:57.853, 7, 176.58 W, 28, 120 MHz, 3996 MHz, 0 %, 0 %
2026/03/23 22:53:58.853, 0, 179.99 W, 30, 120 MHz, 3996 MHz, 0 %, 0 %
2026/03/23 22:53:58.853, 1, 185.07 W, 33, 255 MHz, 3996 MHz, 0 %, 0 %
2026/03/23 22:53:58.853, 2, 183.98 W, 30, 120 MHz, 3996 MHz, 0 %, 0 %
2026/03/23 22:53:58.853, 3, 184.27 W, 33, 120 MHz, 3996 MHz, 0 %, 0 %
2026/03/23 22:53:58.853, 4, 178.88 W, 26, 120 MHz, 3996 MHz, 0 %, 0 %
2026/03/23 22:53:58.853, 5, 180.58 W, 28, 120 MHz, 3996 MHz, 0 %, 0 %
2026/03/23 22:53:58.853, 6, 178.41 W, 27, 120 MHz, 3996 MHz, 0 %, 0 %
2026/03/23 22:53:58.853, 7, 176.58 W, 28, 120 MHz, 3996 MHz, 0 %, 0 %
2026/03/23 22:53:59.854, 0, 179.96 W, 30, 120 MHz, 3996 MHz, 0 %, 0 %
2026/03/23 22:53:59.854, 1, 184.38 W, 33, 157 MHz, 3996 MHz, 0 %, 0 %
2026/03/23 22:53:59.854, 2, 183.98 W, 30, 120 MHz, 3996 MHz, 0 %, 0 %
2026/03/23 22:53:59.854, 3, 184.30 W, 33, 120 MHz, 3996 MHz, 0 %, 0 %
2026/03/23 22:53:59.854, 4, 179.24 W, 26, 120 MHz, 3996 MHz, 0 %, 0 %
2026/03/23 22:53:59.854, 5, 180.58 W, 28, 120 MHz, 3996 MHz, 0 %, 0 %
2026/03/23 22:53:59.854, 6, 178.22 W, 27, 120 MHz, 3996 MHz, 0 %, 0 %
2026/03/23 22:53:59.854, 7, 176.58 W, 28, 120 MHz, 3996 MHz, 0 %, 0 %
2026/03/23 22:54:00.854, 0, 179.93 W, 29, 120 MHz, 3996 MHz, 0 %, 0 %
2026/03/23 22:54:00.854, 1, 183.04 W, 32, 120 MHz, 3996 MHz, 0 %, 0 %
2026/03/23 22:54:00.854, 2, 183.98 W, 29, 120 MHz, 3996 MHz, 0 %, 0 %
2026/03/23 22:54:00.854, 3, 184.13 W, 33, 120 MHz, 3996 MHz, 0 %, 0 %
2026/03/23 22:54:00.854, 4, 179.00 W, 26, 120 MHz, 3996 MHz, 0 %, 0 %
2026/03/23 22:54:00.854, 5, 180.58 W, 28, 120 MHz, 3996 MHz, 0 %, 0 %
2026/03/23 22:54:00.854, 6, 178.34 W, 27, 120 MHz, 3996 MHz, 0 %, 0 %
2026/03/23 22:54:00.854, 7, 176.58 W, 28, 120 MHz, 3996 MHz, 0 %, 0 %
2026/03/23 22:54:01.854, 0, 180.00 W, 29, 120 MHz, 3996 MHz, 0 %, 0 %
2026/03/23 22:54:01.854, 1, 183.01 W, 32, 120 MHz, 3996 MHz, 0 %, 0 %
2026/03/23 22:54:01.854, 2, 183.98 W, 29, 120 MHz, 3996 MHz, 0 %, 0 %
2026/03/23 22:54:01.854, 3, 184.49 W, 33, 120 MHz, 3996 MHz, 0 %, 0 %
2026/03/23 22:54:01.854, 4, 179.13 W, 26, 120 MHz, 3996 MHz, 0 %, 0 %
2026/03/23 22:54:01.854, 5, 180.58 W, 28, 120 MHz, 3996 MHz, 0 %, 0 %
2026/03/23 22:54:01.854, 6, 178.29 W, 27, 120 MHz, 3996 MHz, 0 %, 0 %
2026/03/23 22:54:01.854, 7, 176.58 W, 28, 120 MHz, 3996 MHz, 0 %, 0 %
2026/03/23 22:54:02.854, 0, 179.96 W, 29, 120 MHz, 3996 MHz, 0 %, 0 %
2026/03/23 22:54:02.854, 1, 183.01 W, 32, 120 MHz, 3996 MHz, 0 %, 0 %
2026/03/23 22:54:02.854, 2, 183.98 W, 29, 120 MHz, 3996 MHz, 0 %, 0 %
2026/03/23 22:54:02.854, 3, 184.14 W, 33, 120 MHz, 3996 MHz, 0 %, 0 %
2026/03/23 22:54:02.854, 4, 179.05 W, 26, 120 MHz, 3996 MHz, 0 %, 0 %
2026/03/23 22:54:02.854, 5, 180.58 W, 28, 120 MHz, 3996 MHz, 0 %, 0 %
2026/03/23 22:54:02.854, 6, 178.29 W, 27, 120 MHz, 3996 MHz, 0 %, 0 %
2026/03/23 22:54:02.854, 7, 176.58 W, 28, 120 MHz, 3996 MHz, 0 %, 0 %
2026/03/23 22:54:03.854, 0, 180.00 W, 29, 120 MHz, 3996 MHz, 0 %, 0 %
2026/03/23 22:54:03.854, 1, 183.01 W, 32, 120 MHz, 3996 MHz, 0 %, 0 %
2026/03/23 22:54:03.854, 2, 183.98 W, 29, 120 MHz, 3996 MHz, 0 %, 0 %
2026/03/23 22:54:03.854, 3, 184.02 W, 33, 120 MHz, 3996 MHz, 0 %, 0 %
2026/03/23 22:54:03.854, 4, 179.23 W, 26, 120 MHz, 3996 MHz, 0 %, 0 %
2026/03/23 22:54:03.854, 5, 180.58 W, 28, 120 MHz, 3996 MHz, 0 %, 0 %
2026/03/23 22:54:03.854, 6, 178.34 W, 27, 120 MHz, 3996 MHz, 0 %, 0 %
2026/03/23 22:54:03.854, 7, 176.59 W, 28, 120 MHz, 3996 MHz, 0 %, 0 %
2026/03/23 22:54:04.854, 0, 179.96 W, 29, 120 MHz, 3996 MHz, 0 %, 0 %
2026/03/23 22:54:04.854, 1, 183.01 W, 32, 120 MHz, 3996 MHz, 0 %, 0 %
2026/03/23 22:54:04.854, 2, 183.98 W, 29, 120 MHz, 3996 MHz, 0 %, 0 %
2026/03/23 22:54:04.854, 3, 183.96 W, 33, 120 MHz, 3996 MHz, 0 %, 0 %
2026/03/23 22:54:04.854, 4, 178.99 W, 26, 120 MHz, 3996 MHz, 0 %, 0 %
2026/03/23 22:54:04.854, 5, 180.62 W, 28, 120 MHz, 3996 MHz, 0 %, 0 %
2026/03/23 22:54:04.854, 6, 178.29 W, 27, 120 MHz, 3996 MHz, 0 %, 0 %
2026/03/23 22:54:04.854, 7, 176.58 W, 28, 120 MHz, 3996 MHz, 0 %, 0 %
2026/03/23 22:54:05.854, 0, 179.82 W, 29, 120 MHz, 3996 MHz, 0 %, 0 %
2026/03/23 22:54:05.854, 1, 183.01 W, 32, 120 MHz, 3996 MHz, 0 %, 0 %
2026/03/23 22:54:05.854, 2, 183.98 W, 29, 120 MHz, 3996 MHz, 0 %, 0 %
2026/03/23 22:54:05.854, 3, 183.86 W, 32, 120 MHz, 3996 MHz, 0 %, 0 %
2026/03/23 22:54:05.854, 4, 179.19 W, 26, 120 MHz, 3996 MHz, 0 %, 0 %
2026/03/23 22:54:05.854, 5, 180.58 W, 28, 120 MHz, 3996 MHz, 0 %, 0 %
2026/03/23 22:54:05.854, 6, 178.26 W, 27, 120 MHz, 3996 MHz, 0 %, 0 %
2026/03/23 22:54:05.855, 7, 176.58 W, 28, 120 MHz, 3996 MHz, 0 %, 0 %
2026/03/23 22:54:06.855, 0, 179.88 W, 29, 120 MHz, 3996 MHz, 0 %, 0 %
2026/03/23 22:54:06.855, 1, 183.01 W, 32, 120 MHz, 3996 MHz, 0 %, 0 %
2026/03/23 22:54:06.855, 2, 183.98 W, 29, 120 MHz, 3996 MHz, 0 %, 0 %
2026/03/23 22:54:06.855, 3, 184.11 W, 32, 120 MHz, 3996 MHz, 0 %, 0 %
2026/03/23 22:54:06.855, 4, 179.36 W, 26, 120 MHz, 3996 MHz, 0 %, 0 %
2026/03/23 22:54:06.855, 5, 180.58 W, 28, 120 MHz, 3996 MHz, 0 %, 0 %
2026/03/23 22:54:06.855, 6, 178.25 W, 27, 120 MHz, 3996 MHz, 0 %, 0 %
2026/03/23 22:54:06.855, 7, 176.58 W, 28, 120 MHz, 3996 MHz, 0 %, 0 %
2026/03/23 22:54:07.855, 0, 179.73 W, 29, 120 MHz, 3996 MHz, 0 %, 0 %
2026/03/23 22:54:07.855, 1, 183.01 W, 32, 120 MHz, 3996 MHz, 0 %, 0 %
2026/03/23 22:54:07.855, 2, 183.98 W, 29, 120 MHz, 3996 MHz, 0 %, 0 %
2026/03/23 22:54:07.855, 3, 183.70 W, 32, 120 MHz, 3996 MHz, 0 %, 0 %
2026/03/23 22:54:07.855, 4, 179.03 W, 26, 120 MHz, 3996 MHz, 0 %, 0 %
2026/03/23 22:54:07.855, 5, 180.58 W, 28, 120 MHz, 3996 MHz, 0 %, 0 %
2026/03/23 22:54:07.855, 6, 178.30 W, 27, 120 MHz, 3996 MHz, 0 %, 0 %
2026/03/23 22:54:07.855, 7, 176.58 W, 28, 120 MHz, 3996 MHz, 0 %, 0 %
2026/03/23 22:54:08.855, 0, 179.82 W, 29, 120 MHz, 3996 MHz, 0 %, 0 %
2026/03/23 22:54:08.855, 1, 183.01 W, 32, 120 MHz, 3996 MHz, 0 %, 0 %
2026/03/23 22:54:08.855, 2, 183.98 W, 29, 120 MHz, 3996 MHz, 0 %, 0 %
2026/03/23 22:54:08.855, 3, 183.79 W, 32, 120 MHz, 3996 MHz, 0 %, 0 %
2026/03/23 22:54:08.855, 4, 179.27 W, 26, 120 MHz, 3996 MHz, 0 %, 0 %
2026/03/23 22:54:08.855, 5, 180.58 W, 28, 120 MHz, 3996 MHz, 0 %, 0 %
2026/03/23 22:54:08.855, 6, 178.41 W, 27, 120 MHz, 3996 MHz, 0 %, 0 %
2026/03/23 22:54:08.855, 7, 176.58 W, 28, 120 MHz, 3996 MHz, 0 %, 0 %
2026/03/23 22:54:09.855, 0, 179.69 W, 29, 120 MHz, 3996 MHz, 0 %, 0 %
2026/03/23 22:54:09.855, 1, 183.01 W, 31, 120 MHz, 3996 MHz, 0 %, 0 %
2026/03/23 22:54:09.855, 2, 183.90 W, 28, 120 MHz, 3996 MHz, 0 %, 0 %
2026/03/23 22:54:09.855, 3, 183.28 W, 32, 120 MHz, 3996 MHz, 0 %, 0 %
2026/03/23 22:54:09.855, 4, 178.98 W, 26, 120 MHz, 3996 MHz, 0 %, 0 %
2026/03/23 22:54:09.855, 5, 180.58 W, 28, 120 MHz, 3996 MHz, 0 %, 0 %
2026/03/23 22:54:09.855, 6, 178.02 W, 27, 120 MHz, 3996 MHz, 0 %, 0 %
2026/03/23 22:54:09.855, 7, 176.58 W, 28, 120 MHz, 3996 MHz, 0 %, 0 %
2026/03/23 22:54:10.855, 0, 179.68 W, 28, 120 MHz, 3996 MHz, 0 %, 0 %
2026/03/23 22:54:10.855, 1, 183.01 W, 31, 120 MHz, 3996 MHz, 0 %, 0 %
2026/03/23 22:54:10.855, 2, 183.90 W, 28, 120 MHz, 3996 MHz, 0 %, 0 %
2026/03/23 22:54:10.855, 3, 183.47 W, 32, 120 MHz, 3996 MHz, 0 %, 0 %
2026/03/23 22:54:10.855, 4, 179.30 W, 26, 120 MHz, 3996 MHz, 0 %, 0 %
2026/03/23 22:54:10.855, 5, 180.58 W, 28, 120 MHz, 3996 MHz, 0 %, 0 %
2026/03/23 22:54:10.855, 6, 178.34 W, 27, 120 MHz, 3996 MHz, 0 %, 0 %
2026/03/23 22:54:10.855, 7, 176.58 W, 28, 120 MHz, 3996 MHz, 0 %, 0 %
2026/03/23 22:54:11.855, 0, 179.74 W, 28, 120 MHz, 3996 MHz, 0 %, 0 %
2026/03/23 22:54:11.855, 1, 183.01 W, 31, 120 MHz, 3996 MHz, 0 %, 0 %
2026/03/23 22:54:11.855, 2, 183.79 W, 28, 120 MHz, 3996 MHz, 0 %, 0 %
2026/03/23 22:54:11.855, 3, 183.06 W, 32, 120 MHz, 3996 MHz, 0 %, 0 %
2026/03/23 22:54:11.855, 4, 179.04 W, 26, 120 MHz, 3996 MHz, 0 %, 0 %
2026/03/23 22:54:11.855, 5, 180.58 W, 28, 120 MHz, 3996 MHz, 0 %, 0 %
2026/03/23 22:54:11.855, 6, 178.11 W, 27, 120 MHz, 3996 MHz, 0 %, 0 %
2026/03/23 22:54:11.855, 7, 176.58 W, 28, 120 MHz, 3996 MHz, 0 %, 0 %
2026/03/23 22:54:12.856, 0, 179.58 W, 28, 120 MHz, 3996 MHz, 0 %, 0 %
2026/03/23 22:54:12.856, 1, 183.01 W, 31, 120 MHz, 3996 MHz, 0 %, 0 %
2026/03/23 22:54:12.856, 2, 183.75 W, 28, 120 MHz, 3996 MHz, 0 %, 0 %
2026/03/23 22:54:12.856, 3, 183.12 W, 32, 120 MHz, 3996 MHz, 0 %, 0 %
2026/03/23 22:54:12.856, 4, 179.05 W, 26, 120 MHz, 3996 MHz, 0 %, 0 %
2026/03/23 22:54:12.856, 5, 180.58 W, 28, 120 MHz, 3996 MHz, 0 %, 0 %
2026/03/23 22:54:12.856, 6, 178.34 W, 27, 120 MHz, 3996 MHz, 0 %, 0 %
2026/03/23 22:54:12.856, 7, 176.59 W, 28, 120 MHz, 3996 MHz, 0 %, 0 %
2026/03/23 22:54:13.856, 0, 179.92 W, 28, 120 MHz, 3996 MHz, 0 %, 0 %
2026/03/23 22:54:13.856, 1, 183.01 W, 31, 120 MHz, 3996 MHz, 0 %, 0 %
2026/03/23 22:54:13.856, 2, 183.98 W, 28, 120 MHz, 3996 MHz, 0 %, 0 %
2026/03/23 22:54:13.856, 3, 183.50 W, 32, 120 MHz, 3996 MHz, 0 %, 0 %
2026/03/23 22:54:13.856, 4, 179.39 W, 26, 120 MHz, 3996 MHz, 0 %, 0 %
2026/03/23 22:54:13.856, 5, 180.58 W, 28, 120 MHz, 3996 MHz, 0 %, 0 %
2026/03/23 22:54:13.856, 6, 178.29 W, 27, 120 MHz, 3996 MHz, 0 %, 0 %
2026/03/23 22:54:13.856, 7, 176.58 W, 28, 120 MHz, 3996 MHz, 0 %, 0 %
2026/03/23 22:54:14.856, 0, 179.99 W, 28, 120 MHz, 3996 MHz, 0 %, 0 %
2026/03/23 22:54:14.856, 1, 183.01 W, 31, 120 MHz, 3996 MHz, 0 %, 0 %
2026/03/23 22:54:14.856, 2, 183.98 W, 28, 120 MHz, 3996 MHz, 0 %, 0 %
2026/03/23 22:54:14.856, 3, 183.51 W, 32, 120 MHz, 3996 MHz, 0 %, 0 %
2026/03/23 22:54:14.856, 4, 179.01 W, 26, 120 MHz, 3996 MHz, 0 %, 0 %
2026/03/23 22:54:14.856, 5, 180.58 W, 28, 120 MHz, 3996 MHz, 0 %, 0 %
2026/03/23 22:54:14.856, 6, 178.22 W, 27, 120 MHz, 3996 MHz, 0 %, 0 %
2026/03/23 22:54:14.856, 7, 176.58 W, 28, 120 MHz, 3996 MHz, 0 %, 0 %
2026/03/23 22:54:15.856, 0, 179.69 W, 28, 120 MHz, 3996 MHz, 0 %, 0 %
2026/03/23 22:54:15.856, 1, 183.01 W, 31, 120 MHz, 3996 MHz, 0 %, 0 %
2026/03/23 22:54:15.856, 2, 183.98 W, 28, 120 MHz, 3996 MHz, 0 %, 0 %
2026/03/23 22:54:15.856, 3, 183.28 W, 31, 120 MHz, 3996 MHz, 0 %, 0 %
2026/03/23 22:54:15.856, 4, 179.04 W, 26, 120 MHz, 3996 MHz, 0 %, 0 %
2026/03/23 22:54:15.856, 5, 180.66 W, 28, 120 MHz, 3996 MHz, 0 %, 0 %
2026/03/23 22:54:15.856, 6, 178.34 W, 27, 120 MHz, 3996 MHz, 0 %, 0 %
2026/03/23 22:54:15.856, 7, 176.58 W, 28, 120 MHz, 3996 MHz, 0 %, 0 %
2026/03/23 22:54:16.856, 0, 179.84 W, 28, 120 MHz, 3996 MHz, 0 %, 0 %
2026/03/23 22:54:16.856, 1, 183.01 W, 31, 120 MHz, 3996 MHz, 0 %, 0 %
2026/03/23 22:54:16.856, 2, 183.86 W, 28, 120 MHz, 3996 MHz, 0 %, 0 %
2026/03/23 22:54:16.856, 3, 183.05 W, 31, 120 MHz, 3996 MHz, 0 %, 0 %
2026/03/23 22:54:16.856, 4, 179.15 W, 26, 120 MHz, 3996 MHz, 0 %, 0 %
2026/03/23 22:54:16.856, 5, 181.95 W, 28, 120 MHz, 3996 MHz, 0 %, 0 %
2026/03/23 22:54:16.856, 6, 178.18 W, 27, 120 MHz, 3996 MHz, 0 %, 0 %
2026/03/23 22:54:16.856, 7, 176.58 W, 28, 120 MHz, 3996 MHz, 0 %, 0 %
2026/03/23 22:54:17.856, 0, 179.62 W, 28, 120 MHz, 3996 MHz, 0 %, 0 %
2026/03/23 22:54:17.856, 1, 183.01 W, 31, 120 MHz, 3996 MHz, 0 %, 0 %
2026/03/23 22:54:17.856, 2, 183.79 W, 28, 120 MHz, 3996 MHz, 0 %, 0 %
2026/03/23 22:54:17.856, 3, 183.09 W, 31, 120 MHz, 3996 MHz, 0 %, 0 %
2026/03/23 22:54:17.856, 4, 179.01 W, 26, 120 MHz, 3996 MHz, 0 %, 0 %
2026/03/23 22:54:17.856, 5, 181.73 W, 28, 120 MHz, 3996 MHz, 0 %, 0 %
2026/03/23 22:54:17.856, 6, 178.64 W, 27, 120 MHz, 3996 MHz, 0 %, 0 %
2026/03/23 22:54:17.856, 7, 176.70 W, 28, 120 MHz, 3996 MHz, 0 %, 0 %
2026/03/23 22:54:18.856, 0, 179.61 W, 28, 120 MHz, 3996 MHz, 0 %, 0 %
2026/03/23 22:54:18.856, 1, 183.01 W, 31, 120 MHz, 3996 MHz, 0 %, 0 %
2026/03/23 22:54:18.856, 2, 183.41 W, 28, 120 MHz, 3996 MHz, 0 %, 0 %
2026/03/23 22:54:18.856, 3, 183.05 W, 31, 120 MHz, 3996 MHz, 0 %, 0 %
2026/03/23 22:54:18.856, 4, 179.20 W, 26, 120 MHz, 3996 MHz, 0 %, 0 %
2026/03/23 22:54:18.856, 5, 180.58 W, 28, 120 MHz, 3996 MHz, 0 %, 0 %
2026/03/23 22:54:18.856, 6, 178.45 W, 27, 120 MHz, 3996 MHz, 0 %, 0 %
2026/03/23 22:54:18.856, 7, 176.58 W, 28, 120 MHz, 3996 MHz, 0 %, 0 %
2026/03/23 22:54:19.857, 0, 179.41 W, 28, 120 MHz, 3996 MHz, 0 %, 0 %
2026/03/23 22:54:19.857, 1, 183.01 W, 31, 120 MHz, 3996 MHz, 0 %, 0 %
2026/03/23 22:54:19.857, 2, 183.28 W, 28, 120 MHz, 3996 MHz, 0 %, 0 %
2026/03/23 22:54:19.857, 3, 183.01 W, 31, 120 MHz, 3996 MHz, 0 %, 0 %
2026/03/23 22:54:19.857, 4, 179.11 W, 26, 120 MHz, 3996 MHz, 0 %, 0 %
2026/03/23 22:54:19.857, 5, 180.62 W, 28, 120 MHz, 3996 MHz, 0 %, 0 %
2026/03/23 22:54:19.857, 6, 178.18 W, 27, 120 MHz, 3996 MHz, 0 %, 0 %
2026/03/23 22:54:19.857, 7, 176.58 W, 28, 120 MHz, 3996 MHz, 0 %, 0 %
2026/03/23 22:54:20.857, 0, 179.73 W, 28, 120 MHz, 3996 MHz, 0 %, 0 %
2026/03/23 22:54:20.857, 1, 183.01 W, 31, 120 MHz, 3996 MHz, 0 %, 0 %
2026/03/23 22:54:20.857, 2, 183.21 W, 28, 120 MHz, 3996 MHz, 0 %, 0 %
2026/03/23 22:54:20.857, 3, 183.01 W, 31, 120 MHz, 3996 MHz, 0 %, 0 %
2026/03/23 22:54:20.857, 4, 179.20 W, 26, 120 MHz, 3996 MHz, 0 %, 0 %
2026/03/23 22:54:20.857, 5, 180.58 W, 28, 120 MHz, 3996 MHz, 0 %, 0 %
2026/03/23 22:54:20.857, 6, 178.33 W, 27, 120 MHz, 3996 MHz, 0 %, 0 %
2026/03/23 22:54:20.857, 7, 176.58 W, 28, 120 MHz, 3996 MHz, 0 %, 0 %
2026/03/23 22:54:21.857, 0, 179.21 W, 28, 120 MHz, 3996 MHz, 0 %, 0 %
2026/03/23 22:54:21.857, 1, 183.01 W, 31, 120 MHz, 3996 MHz, 0 %, 0 %
2026/03/23 22:54:21.857, 2, 183.14 W, 28, 120 MHz, 3996 MHz, 0 %, 0 %
2026/03/23 22:54:21.857, 3, 183.05 W, 31, 120 MHz, 3996 MHz, 0 %, 0 %
2026/03/23 22:54:21.857, 4, 179.05 W, 26, 120 MHz, 3996 MHz, 0 %, 0 %
2026/03/23 22:54:21.857, 5, 180.58 W, 28, 120 MHz, 3996 MHz, 0 %, 0 %
2026/03/23 22:54:21.857, 6, 178.49 W, 27, 120 MHz, 3996 MHz, 0 %, 0 %
2026/03/23 22:54:21.857, 7, 176.58 W, 28, 120 MHz, 3996 MHz, 0 %, 0 %
2026/03/23 22:54:22.857, 0, 179.43 W, 28, 120 MHz, 3996 MHz, 0 %, 0 %
2026/03/23 22:54:22.857, 1, 183.01 W, 30, 120 MHz, 3996 MHz, 0 %, 0 %
2026/03/23 22:54:22.857, 2, 183.11 W, 28, 120 MHz, 3996 MHz, 0 %, 0 %
2026/03/23 22:54:22.857, 3, 183.01 W, 31, 120 MHz, 3996 MHz, 0 %, 0 %
2026/03/23 22:54:22.857, 4, 179.14 W, 26, 120 MHz, 3996 MHz, 0 %, 0 %
2026/03/23 22:54:22.857, 5, 180.58 W, 28, 120 MHz, 3996 MHz, 0 %, 0 %
2026/03/23 22:54:22.857, 6, 178.30 W, 27, 120 MHz, 3996 MHz, 0 %, 0 %
2026/03/23 22:54:22.857, 7, 176.58 W, 28, 120 MHz, 3996 MHz, 0 %, 0 %
2026/03/23 22:54:23.857, 0, 179.16 W, 28, 120 MHz, 3996 MHz, 0 %, 0 %
2026/03/23 22:54:23.857, 1, 183.01 W, 30, 120 MHz, 3996 MHz, 0 %, 0 %
2026/03/23 22:54:23.857, 2, 182.86 W, 27, 120 MHz, 3996 MHz, 0 %, 0 %
2026/03/23 22:54:23.857, 3, 183.01 W, 31, 120 MHz, 3996 MHz, 0 %, 0 %
2026/03/23 22:54:23.857, 4, 179.01 W, 26, 120 MHz, 3996 MHz, 0 %, 0 %
2026/03/23 22:54:23.857, 5, 180.58 W, 28, 120 MHz, 3996 MHz, 0 %, 0 %
2026/03/23 22:54:23.857, 6, 178.37 W, 27, 120 MHz, 3996 MHz, 0 %, 0 %
2026/03/23 22:54:23.857, 7, 176.58 W, 28, 120 MHz, 3996 MHz, 0 %, 0 %
2026/03/23 22:54:24.857, 0, 179.34 W, 28, 120 MHz, 3996 MHz, 0 %, 0 %
2026/03/23 22:54:24.857, 1, 182.93 W, 30, 120 MHz, 3996 MHz, 0 %, 0 %
2026/03/23 22:54:24.857, 2, 182.59 W, 27, 120 MHz, 3996 MHz, 0 %, 0 %
2026/03/23 22:54:24.857, 3, 183.01 W, 31, 120 MHz, 3996 MHz, 0 %, 0 %
2026/03/23 22:54:24.857, 4, 179.18 W, 26, 120 MHz, 3996 MHz, 0 %, 0 %
2026/03/23 22:54:24.857, 5, 180.58 W, 28, 120 MHz, 3996 MHz, 0 %, 0 %
2026/03/23 22:54:24.857, 6, 178.19 W, 27, 120 MHz, 3996 MHz, 0 %, 0 %
2026/03/23 22:54:24.857, 7, 176.58 W, 28, 120 MHz, 3996 MHz, 0 %, 0 %
2026/03/23 22:54:25.857, 0, 179.17 W, 28, 120 MHz, 3996 MHz, 0 %, 0 %
2026/03/23 22:54:25.857, 1, 182.97 W, 30, 120 MHz, 3996 MHz, 0 %, 0 %
2026/03/23 22:54:25.857, 2, 182.61 W, 27, 120 MHz, 3996 MHz, 0 %, 0 %
2026/03/23 22:54:25.858, 3, 183.01 W, 31, 120 MHz, 3996 MHz, 0 %, 0 %
2026/03/23 22:54:25.858, 4, 179.00 W, 26, 120 MHz, 3996 MHz, 0 %, 0 %
2026/03/23 22:54:25.858, 5, 180.58 W, 28, 120 MHz, 3996 MHz, 0 %, 0 %
2026/03/23 22:54:25.858, 6, 178.45 W, 27, 120 MHz, 3996 MHz, 0 %, 0 %
2026/03/23 22:54:25.858, 7, 176.58 W, 28, 120 MHz, 3996 MHz, 0 %, 0 %
2026/03/23 22:54:26.858, 0, 179.23 W, 27, 120 MHz, 3996 MHz, 0 %, 0 %
2026/03/23 22:54:26.858, 1, 182.97 W, 30, 120 MHz, 3996 MHz, 0 %, 0 %
2026/03/23 22:54:26.858, 2, 182.42 W, 27, 120 MHz, 3996 MHz, 0 %, 0 %
2026/03/23 22:54:26.858, 3, 183.01 W, 31, 120 MHz, 3996 MHz, 0 %, 0 %
2026/03/23 22:54:26.858, 4, 179.20 W, 26, 120 MHz, 3996 MHz, 0 %, 0 %
2026/03/23 22:54:26.858, 5, 180.58 W, 28, 120 MHz, 3996 MHz, 0 %, 0 %
2026/03/23 22:54:26.858, 6, 178.45 W, 27, 120 MHz, 3996 MHz, 0 %, 0 %
2026/03/23 22:54:26.858, 7, 176.58 W, 28, 120 MHz, 3996 MHz, 0 %, 0 %
2026/03/23 22:54:27.858, 0, 179.23 W, 27, 120 MHz, 3996 MHz, 0 %, 0 %
2026/03/23 22:54:27.858, 1, 182.89 W, 30, 120 MHz, 3996 MHz, 0 %, 0 %
2026/03/23 22:54:27.858, 2, 182.51 W, 27, 120 MHz, 3996 MHz, 0 %, 0 %
2026/03/23 22:54:27.858, 3, 183.02 W, 31, 120 MHz, 3996 MHz, 0 %, 0 %
2026/03/23 22:54:27.858, 4, 179.28 W, 26, 120 MHz, 3996 MHz, 0 %, 0 %
2026/03/23 22:54:27.858, 5, 180.58 W, 28, 120 MHz, 3996 MHz, 0 %, 0 %
2026/03/23 22:54:27.858, 6, 178.26 W, 27, 120 MHz, 3996 MHz, 0 %, 0 %
2026/03/23 22:54:27.858, 7, 176.58 W, 28, 120 MHz, 3996 MHz, 0 %, 0 %
2026/03/23 22:54:28.858, 0, 178.87 W, 27, 120 MHz, 3996 MHz, 0 %, 0 %
2026/03/23 22:54:28.858, 1, 183.01 W, 30, 120 MHz, 3996 MHz, 0 %, 0 %
2026/03/23 22:54:28.858, 2, 182.35 W, 27, 120 MHz, 3996 MHz, 0 %, 0 %
2026/03/23 22:54:28.858, 3, 183.01 W, 31, 120 MHz, 3996 MHz, 0 %, 0 %
2026/03/23 22:54:28.858, 4, 179.28 W, 26, 120 MHz, 3996 MHz, 0 %, 0 %
2026/03/23 22:54:28.858, 5, 180.58 W, 28, 120 MHz, 3996 MHz, 0 %, 0 %
2026/03/23 22:54:28.858, 6, 178.57 W, 27, 120 MHz, 3996 MHz, 0 %, 0 %
2026/03/23 22:54:28.858, 7, 176.58 W, 28, 120 MHz, 3996 MHz, 0 %, 0 %
2026/03/23 22:54:29.858, 0, 178.73 W, 27, 120 MHz, 3996 MHz, 0 %, 0 %
2026/03/23 22:54:29.858, 1, 182.93 W, 30, 120 MHz, 3996 MHz, 0 %, 0 %
2026/03/23 22:54:29.858, 2, 182.38 W, 27, 120 MHz, 3996 MHz, 0 %, 0 %
2026/03/23 22:54:29.858, 3, 183.02 W, 30, 120 MHz, 3996 MHz, 0 %, 0 %
2026/03/23 22:54:29.858, 4, 179.21 W, 26, 120 MHz, 3996 MHz, 0 %, 0 %
2026/03/23 22:54:29.858, 5, 180.58 W, 28, 120 MHz, 3996 MHz, 0 %, 0 %
2026/03/23 22:54:29.858, 6, 178.34 W, 27, 120 MHz, 3996 MHz, 0 %, 0 %
2026/03/23 22:54:29.858, 7, 176.58 W, 28, 120 MHz, 3996 MHz, 0 %, 0 %
2026/03/23 22:54:30.858, 0, 178.70 W, 27, 120 MHz, 3996 MHz, 0 %, 0 %
2026/03/23 22:54:30.858, 1, 182.70 W, 30, 120 MHz, 3996 MHz, 0 %, 0 %
2026/03/23 22:54:30.858, 2, 182.23 W, 27, 120 MHz, 3996 MHz, 0 %, 0 %
2026/03/23 22:54:30.858, 3, 183.02 W, 30, 120 MHz, 3996 MHz, 0 %, 0 %
2026/03/23 22:54:30.858, 4, 179.10 W, 26, 120 MHz, 3996 MHz, 0 %, 0 %
2026/03/23 22:54:30.858, 5, 180.58 W, 28, 120 MHz, 3996 MHz, 0 %, 0 %
2026/03/23 22:54:30.858, 6, 178.37 W, 27, 120 MHz, 3996 MHz, 0 %, 0 %
2026/03/23 22:54:30.858, 7, 176.58 W, 28, 120 MHz, 3996 MHz, 0 %, 0 %
2026/03/23 22:54:31.859, 0, 178.83 W, 27, 120 MHz, 3996 MHz, 0 %, 0 %
2026/03/23 22:54:31.859, 1, 182.89 W, 30, 120 MHz, 3996 MHz, 0 %, 0 %
2026/03/23 22:54:31.859, 2, 182.16 W, 27, 120 MHz, 3996 MHz, 0 %, 0 %
2026/03/23 22:54:31.859, 3, 183.01 W, 30, 120 MHz, 3996 MHz, 0 %, 0 %
2026/03/23 22:54:31.859, 4, 179.14 W, 26, 120 MHz, 3996 MHz, 0 %, 0 %
2026/03/23 22:54:31.859, 5, 180.58 W, 28, 120 MHz, 3996 MHz, 0 %, 0 %
2026/03/23 22:54:31.859, 6, 178.26 W, 27, 120 MHz, 3996 MHz, 0 %, 0 %
2026/03/23 22:54:31.859, 7, 176.58 W, 28, 120 MHz, 3996 MHz, 0 %, 0 %
2026/03/23 22:54:32.859, 0, 178.66 W, 27, 120 MHz, 3996 MHz, 0 %, 0 %
2026/03/23 22:54:32.859, 1, 182.73 W, 30, 120 MHz, 3996 MHz, 0 %, 0 %
2026/03/23 22:54:32.859, 2, 182.16 W, 27, 120 MHz, 3996 MHz, 0 %, 0 %
2026/03/23 22:54:32.859, 3, 183.01 W, 30, 120 MHz, 3996 MHz, 0 %, 0 %
2026/03/23 22:54:32.859, 4, 178.97 W, 26, 120 MHz, 3996 MHz, 0 %, 0 %
2026/03/23 22:54:32.859, 5, 180.58 W, 28, 120 MHz, 3996 MHz, 0 %, 0 %
2026/03/23 22:54:32.859, 6, 178.14 W, 27, 120 MHz, 3996 MHz, 0 %, 0 %
2026/03/23 22:54:32.859, 7, 176.58 W, 28, 120 MHz, 3996 MHz, 0 %, 0 %
2026/03/23 22:54:33.859, 0, 178.81 W, 27, 120 MHz, 3996 MHz, 0 %, 0 %
2026/03/23 22:54:33.859, 1, 197.85 W, 30, 2032 MHz, 3996 MHz, 0 %, 0 %
2026/03/23 22:54:33.859, 2, 182.20 W, 27, 120 MHz, 3996 MHz, 0 %, 0 %
2026/03/23 22:54:33.859, 3, 182.97 W, 30, 120 MHz, 3996 MHz, 0 %, 0 %
2026/03/23 22:54:33.859, 4, 179.29 W, 26, 120 MHz, 3996 MHz, 0 %, 0 %
2026/03/23 22:54:33.859, 5, 180.62 W, 28, 120 MHz, 3996 MHz, 0 %, 0 %
2026/03/23 22:54:33.859, 6, 178.14 W, 27, 120 MHz, 3996 MHz, 0 %, 0 %
2026/03/23 22:54:33.859, 7, 176.58 W, 28, 120 MHz, 3996 MHz, 0 %, 0 %
2026/03/23 22:54:34.859, 0, 178.59 W, 27, 120 MHz, 3996 MHz, 0 %, 0 %
2026/03/23 22:54:34.859, 1, 234.95 W, 31, 2032 MHz, 3996 MHz, 0 %, 0 %
2026/03/23 22:54:34.859, 2, 182.12 W, 27, 120 MHz, 3996 MHz, 0 %, 0 %
2026/03/23 22:54:34.859, 3, 223.12 W, 31, 2032 MHz, 3996 MHz, 0 %, 0 %
2026/03/23 22:54:34.859, 4, 179.13 W, 26, 120 MHz, 3996 MHz, 0 %, 0 %
2026/03/23 22:54:34.859, 5, 180.62 W, 28, 120 MHz, 3996 MHz, 0 %, 0 %
2026/03/23 22:54:34.859, 6, 178.34 W, 27, 120 MHz, 3996 MHz, 0 %, 0 %
2026/03/23 22:54:34.859, 7, 176.58 W, 28, 120 MHz, 3996 MHz, 0 %, 0 %
2026/03/23 22:54:35.859, 0, 184.86 W, 28, 2032 MHz, 3996 MHz, 0 %, 0 %
2026/03/23 22:54:35.859, 1, 234.29 W, 31, 2032 MHz, 3996 MHz, 0 %, 0 %
2026/03/23 22:54:35.859, 2, 228.43 W, 28, 2032 MHz, 3996 MHz, 0 %, 0 %
2026/03/23 22:54:35.859, 3, 235.30 W, 31, 2032 MHz, 3996 MHz, 0 %, 0 %
2026/03/23 22:54:35.859, 4, 179.17 W, 26, 120 MHz, 3996 MHz, 0 %, 0 %
2026/03/23 22:54:35.859, 5, 180.58 W, 28, 120 MHz, 3996 MHz, 0 %, 0 %
2026/03/23 22:54:35.859, 6, 178.56 W, 27, 120 MHz, 3996 MHz, 0 %, 0 %
2026/03/23 22:54:35.859, 7, 176.58 W, 28, 120 MHz, 3996 MHz, 0 %, 0 %
2026/03/23 22:54:36.859, 0, 228.65 W, 28, 2032 MHz, 3996 MHz, 0 %, 0 %
2026/03/23 22:54:36.859, 1, 233.34 W, 31, 2032 MHz, 3996 MHz, 0 %, 0 %
2026/03/23 22:54:36.859, 2, 234.02 W, 28, 2032 MHz, 3996 MHz, 0 %, 0 %
2026/03/23 22:54:36.859, 3, 235.19 W, 31, 2032 MHz, 3996 MHz, 0 %, 0 %
2026/03/23 22:54:36.859, 4, 179.01 W, 26, 120 MHz, 3996 MHz, 0 %, 0 %
2026/03/23 22:54:36.859, 5, 180.62 W, 28, 120 MHz, 3996 MHz, 0 %, 0 %
2026/03/23 22:54:36.859, 6, 178.21 W, 27, 120 MHz, 3996 MHz, 0 %, 0 %
2026/03/23 22:54:36.859, 7, 176.59 W, 28, 120 MHz, 3996 MHz, 0 %, 0 %
2026/03/23 22:54:37.859, 0, 228.49 W, 28, 2032 MHz, 3996 MHz, 0 %, 0 %
2026/03/23 22:54:37.859, 1, 233.31 W, 31, 2032 MHz, 3996 MHz, 0 %, 0 %
2026/03/23 22:54:37.859, 2, 234.02 W, 28, 2032 MHz, 3996 MHz, 0 %, 0 %
2026/03/23 22:54:37.859, 3, 235.11 W, 31, 2032 MHz, 3996 MHz, 0 %, 0 %
2026/03/23 22:54:37.859, 4, 179.52 W, 26, 120 MHz, 3996 MHz, 0 %, 0 %
2026/03/23 22:54:37.859, 5, 180.58 W, 28, 120 MHz, 3996 MHz, 0 %, 0 %
2026/03/23 22:54:37.859, 6, 178.29 W, 27, 120 MHz, 3996 MHz, 0 %, 0 %
2026/03/23 22:54:37.860, 7, 176.59 W, 28, 120 MHz, 3996 MHz, 0 %, 0 %
2026/03/23 22:54:38.860, 0, 228.18 W, 28, 2032 MHz, 3996 MHz, 0 %, 0 %
2026/03/23 22:54:38.860, 1, 233.32 W, 31, 2032 MHz, 3996 MHz, 0 %, 0 %
2026/03/23 22:54:38.860, 2, 234.02 W, 28, 2032 MHz, 3996 MHz, 0 %, 0 %
2026/03/23 22:54:38.860, 3, 235.15 W, 31, 2032 MHz, 3996 MHz, 0 %, 0 %
2026/03/23 22:54:38.860, 4, 179.10 W, 26, 120 MHz, 3996 MHz, 0 %, 0 %
2026/03/23 22:54:38.860, 5, 180.58 W, 28, 120 MHz, 3996 MHz, 0 %, 0 %
2026/03/23 22:54:38.860, 6, 178.37 W, 27, 120 MHz, 3996 MHz, 0 %, 0 %
2026/03/23 22:54:38.860, 7, 176.59 W, 28, 120 MHz, 3996 MHz, 0 %, 0 %
2026/03/23 22:54:39.860, 0, 228.15 W, 28, 2032 MHz, 3996 MHz, 0 %, 0 %
2026/03/23 22:54:39.860, 1, 233.35 W, 31, 2032 MHz, 3996 MHz, 0 %, 0 %
2026/03/23 22:54:39.860, 2, 234.02 W, 28, 2032 MHz, 3996 MHz, 0 %, 0 %
2026/03/23 22:54:39.860, 3, 235.17 W, 31, 2032 MHz, 3996 MHz, 0 %, 0 %
2026/03/23 22:54:39.860, 4, 178.83 W, 26, 120 MHz, 3996 MHz, 0 %, 0 %
2026/03/23 22:54:39.860, 5, 180.58 W, 28, 120 MHz, 3996 MHz, 0 %, 0 %
2026/03/23 22:54:39.860, 6, 178.26 W, 27, 120 MHz, 3996 MHz, 0 %, 0 %
2026/03/23 22:54:39.860, 7, 176.58 W, 28, 120 MHz, 3996 MHz, 0 %, 0 %
2026/03/23 22:54:40.860, 0, 228.42 W, 28, 2032 MHz, 3996 MHz, 0 %, 0 %
2026/03/23 22:54:40.860, 1, 233.39 W, 31, 2032 MHz, 3996 MHz, 0 %, 0 %
2026/03/23 22:54:40.860, 2, 234.02 W, 28, 2032 MHz, 3996 MHz, 0 %, 0 %
2026/03/23 22:54:40.860, 3, 235.18 W, 31, 2032 MHz, 3996 MHz, 0 %, 0 %
2026/03/23 22:54:40.860, 4, 178.98 W, 26, 120 MHz, 3996 MHz, 0 %, 0 %
2026/03/23 22:54:40.860, 5, 180.58 W, 28, 120 MHz, 3996 MHz, 0 %, 0 %
2026/03/23 22:54:40.860, 6, 178.56 W, 27, 120 MHz, 3996 MHz, 0 %, 0 %
2026/03/23 22:54:40.860, 7, 176.58 W, 28, 120 MHz, 3996 MHz, 0 %, 0 %
2026/03/23 22:54:41.860, 0, 228.46 W, 28, 2032 MHz, 3996 MHz, 0 %, 0 %
2026/03/23 22:54:41.860, 1, 233.35 W, 31, 2032 MHz, 3996 MHz, 0 %, 0 %
2026/03/23 22:54:41.860, 2, 234.02 W, 28, 2032 MHz, 3996 MHz, 0 %, 0 %
2026/03/23 22:54:41.860, 3, 235.17 W, 31, 2032 MHz, 3996 MHz, 0 %, 0 %
2026/03/23 22:54:41.860, 4, 179.14 W, 26, 120 MHz, 3996 MHz, 0 %, 0 %
2026/03/23 22:54:41.860, 5, 180.58 W, 28, 120 MHz, 3996 MHz, 0 %, 0 %
2026/03/23 22:54:41.860, 6, 178.41 W, 27, 120 MHz, 3996 MHz, 0 %, 0 %
2026/03/23 22:54:41.860, 7, 176.58 W, 28, 120 MHz, 3996 MHz, 0 %, 0 %
2026/03/23 22:54:42.860, 0, 228.37 W, 28, 2032 MHz, 3996 MHz, 0 %, 0 %
2026/03/23 22:54:42.860, 1, 233.34 W, 31, 2032 MHz, 3996 MHz, 0 %, 0 %
2026/03/23 22:54:42.860, 2, 234.02 W, 28, 2032 MHz, 3996 MHz, 0 %, 0 %
2026/03/23 22:54:42.860, 3, 235.19 W, 31, 2032 MHz, 3996 MHz, 0 %, 0 %
2026/03/23 22:54:42.860, 4, 179.10 W, 26, 120 MHz, 3996 MHz, 0 %, 0 %
2026/03/23 22:54:42.860, 5, 180.58 W, 28, 120 MHz, 3996 MHz, 0 %, 0 %
2026/03/23 22:54:42.860, 6, 178.49 W, 27, 120 MHz, 3996 MHz, 0 %, 0 %
2026/03/23 22:54:42.860, 7, 176.58 W, 28, 120 MHz, 3996 MHz, 0 %, 0 %
2026/03/23 22:54:43.860, 0, 228.46 W, 28, 2032 MHz, 3996 MHz, 0 %, 0 %
2026/03/23 22:54:43.860, 1, 233.31 W, 31, 2032 MHz, 3996 MHz, 0 %, 0 %
2026/03/23 22:54:43.860, 2, 234.02 W, 28, 2032 MHz, 3996 MHz, 0 %, 0 %
2026/03/23 22:54:43.860, 3, 235.20 W, 31, 2032 MHz, 3996 MHz, 0 %, 0 %
2026/03/23 22:54:43.860, 4, 179.27 W, 26, 120 MHz, 3996 MHz, 0 %, 0 %
2026/03/23 22:54:43.860, 5, 180.58 W, 28, 120 MHz, 3996 MHz, 0 %, 0 %
2026/03/23 22:54:43.860, 6, 178.49 W, 27, 120 MHz, 3996 MHz, 0 %, 0 %
2026/03/23 22:54:43.860, 7, 176.58 W, 28, 120 MHz, 3996 MHz, 0 %, 0 %
2026/03/23 22:54:44.860, 0, 228.68 W, 28, 2032 MHz, 3996 MHz, 0 %, 0 %
2026/03/23 22:54:44.860, 1, 233.38 W, 31, 2032 MHz, 3996 MHz, 0 %, 0 %
2026/03/23 22:54:44.860, 2, 234.02 W, 28, 2032 MHz, 3996 MHz, 0 %, 0 %
2026/03/23 22:54:44.860, 3, 235.19 W, 31, 2032 MHz, 3996 MHz, 0 %, 0 %
2026/03/23 22:54:44.860, 4, 178.97 W, 26, 120 MHz, 3996 MHz, 0 %, 0 %
2026/03/23 22:54:44.861, 5, 180.58 W, 28, 120 MHz, 3996 MHz, 0 %, 0 %
2026/03/23 22:54:44.861, 6, 178.21 W, 27, 120 MHz, 3996 MHz, 0 %, 0 %
2026/03/23 22:54:44.861, 7, 176.58 W, 28, 120 MHz, 3996 MHz, 0 %, 0 %
2026/03/23 22:54:45.861, 0, 228.69 W, 28, 2032 MHz, 3996 MHz, 0 %, 0 %
2026/03/23 22:54:45.861, 1, 233.35 W, 31, 2032 MHz, 3996 MHz, 0 %, 0 %
2026/03/23 22:54:45.861, 2, 234.02 W, 28, 2032 MHz, 3996 MHz, 0 %, 0 %
2026/03/23 22:54:45.861, 3, 235.22 W, 31, 2032 MHz, 3996 MHz, 0 %, 0 %
2026/03/23 22:54:45.861, 4, 179.13 W, 26, 120 MHz, 3996 MHz, 0 %, 0 %
2026/03/23 22:54:45.861, 5, 180.58 W, 28, 120 MHz, 3996 MHz, 0 %, 0 %
2026/03/23 22:54:45.861, 6, 178.22 W, 27, 120 MHz, 3996 MHz, 0 %, 0 %
2026/03/23 22:54:45.861, 7, 176.58 W, 28, 120 MHz, 3996 MHz, 0 %, 0 %
2026/03/23 22:54:46.861, 0, 228.96 W, 28, 2032 MHz, 3996 MHz, 0 %, 0 %
2026/03/23 22:54:46.861, 1, 233.40 W, 31, 2032 MHz, 3996 MHz, 0 %, 0 %
2026/03/23 22:54:46.861, 2, 234.02 W, 28, 2032 MHz, 3996 MHz, 0 %, 0 %
2026/03/23 22:54:46.861, 3, 235.23 W, 31, 2032 MHz, 3996 MHz, 0 %, 0 %
2026/03/23 22:54:46.861, 4, 179.19 W, 26, 120 MHz, 3996 MHz, 0 %, 0 %
2026/03/23 22:54:46.861, 5, 180.58 W, 28, 120 MHz, 3996 MHz, 0 %, 0 %
2026/03/23 22:54:46.861, 6, 178.33 W, 27, 120 MHz, 3996 MHz, 0 %, 0 %
2026/03/23 22:54:46.861, 7, 176.58 W, 28, 120 MHz, 3996 MHz, 0 %, 0 %
2026/03/23 22:54:47.861, 0, 229.36 W, 28, 2032 MHz, 3996 MHz, 0 %, 0 %
2026/03/23 22:54:47.861, 1, 233.49 W, 31, 2032 MHz, 3996 MHz, 0 %, 0 %
2026/03/23 22:54:47.861, 2, 234.02 W, 28, 2032 MHz, 3996 MHz, 0 %, 0 %
2026/03/23 22:54:47.861, 3, 235.22 W, 31, 2032 MHz, 3996 MHz, 0 %, 0 %
2026/03/23 22:54:47.861, 4, 179.26 W, 26, 120 MHz, 3996 MHz, 0 %, 0 %
2026/03/23 22:54:47.861, 5, 180.58 W, 28, 120 MHz, 3996 MHz, 0 %, 0 %
2026/03/23 22:54:47.861, 6, 178.49 W, 27, 120 MHz, 3996 MHz, 0 %, 0 %
2026/03/23 22:54:47.861, 7, 176.58 W, 28, 120 MHz, 3996 MHz, 0 %, 0 %
2026/03/23 22:54:48.861, 0, 229.47 W, 28, 2032 MHz, 3996 MHz, 0 %, 0 %
2026/03/23 22:54:48.861, 1, 233.41 W, 30, 2032 MHz, 3996 MHz, 0 %, 0 %
2026/03/23 22:54:48.861, 2, 234.02 W, 28, 2032 MHz, 3996 MHz, 0 %, 0 %
2026/03/23 22:54:48.861, 3, 235.17 W, 31, 2032 MHz, 3996 MHz, 0 %, 0 %
2026/03/23 22:54:48.861, 4, 178.85 W, 26, 120 MHz, 3996 MHz, 0 %, 0 %
2026/03/23 22:54:48.861, 5, 180.58 W, 28, 120 MHz, 3996 MHz, 0 %, 0 %
2026/03/23 22:54:48.861, 6, 178.29 W, 27, 120 MHz, 3996 MHz, 0 %, 0 %
2026/03/23 22:54:48.861, 7, 176.58 W, 28, 120 MHz, 3996 MHz, 0 %, 0 %
2026/03/23 22:54:49.861, 0, 229.50 W, 28, 2032 MHz, 3996 MHz, 0 %, 0 %
2026/03/23 22:54:49.861, 1, 233.51 W, 30, 2032 MHz, 3996 MHz, 0 %, 0 %
2026/03/23 22:54:49.861, 2, 234.02 W, 28, 2032 MHz, 3996 MHz, 0 %, 0 %
2026/03/23 22:54:49.861, 3, 235.18 W, 31, 2032 MHz, 3996 MHz, 0 %, 0 %
2026/03/23 22:54:49.861, 4, 179.15 W, 26, 120 MHz, 3996 MHz, 0 %, 0 %
2026/03/23 22:54:49.861, 5, 180.58 W, 28, 120 MHz, 3996 MHz, 0 %, 0 %
2026/03/23 22:54:49.861, 6, 178.49 W, 27, 120 MHz, 3996 MHz, 0 %, 0 %
2026/03/23 22:54:49.861, 7, 176.58 W, 28, 120 MHz, 3996 MHz, 0 %, 0 %
2026/03/23 22:54:50.861, 0, 229.54 W, 28, 2032 MHz, 3996 MHz, 0 %, 0 %
2026/03/23 22:54:50.861, 1, 233.50 W, 30, 2032 MHz, 3996 MHz, 0 %, 0 %
2026/03/23 22:54:50.861, 2, 234.02 W, 28, 2032 MHz, 3996 MHz, 0 %, 0 %
2026/03/23 22:54:50.861, 3, 235.17 W, 31, 2032 MHz, 3996 MHz, 0 %, 0 %
2026/03/23 22:54:50.861, 4, 179.13 W, 26, 120 MHz, 3996 MHz, 0 %, 0 %
2026/03/23 22:54:50.861, 5, 180.58 W, 28, 120 MHz, 3996 MHz, 0 %, 0 %
2026/03/23 22:54:50.861, 6, 178.37 W, 27, 120 MHz, 3996 MHz, 0 %, 0 %
2026/03/23 22:54:50.861, 7, 176.58 W, 28, 120 MHz, 3996 MHz, 0 %, 0 %
2026/03/23 22:54:51.861, 0, 229.70 W, 28, 2032 MHz, 3996 MHz, 0 %, 0 %
2026/03/23 22:54:51.861, 1, 233.58 W, 30, 2032 MHz, 3996 MHz, 0 %, 0 %
2026/03/23 22:54:51.861, 2, 234.02 W, 28, 2032 MHz, 3996 MHz, 0 %, 0 %
2026/03/23 22:54:51.861, 3, 235.19 W, 31, 2032 MHz, 3996 MHz, 0 %, 0 %
2026/03/23 22:54:51.861, 4, 179.16 W, 26, 120 MHz, 3996 MHz, 0 %, 0 %
2026/03/23 22:54:51.862, 5, 180.58 W, 28, 120 MHz, 3996 MHz, 0 %, 0 %
2026/03/23 22:54:51.862, 6, 178.53 W, 27, 120 MHz, 3996 MHz, 0 %, 0 %
2026/03/23 22:54:51.862, 7, 176.58 W, 28, 120 MHz, 3996 MHz, 0 %, 0 %
2026/03/23 22:54:52.862, 0, 229.51 W, 28, 2032 MHz, 3996 MHz, 0 %, 0 %
2026/03/23 22:54:52.862, 1, 233.66 W, 30, 2032 MHz, 3996 MHz, 0 %, 0 %
2026/03/23 22:54:52.862, 2, 234.02 W, 28, 2032 MHz, 3996 MHz, 0 %, 0 %
2026/03/23 22:54:52.862, 3, 235.15 W, 31, 2032 MHz, 3996 MHz, 0 %, 0 %
2026/03/23 22:54:52.862, 4, 179.16 W, 26, 120 MHz, 3996 MHz, 0 %, 0 %
2026/03/23 22:54:52.862, 5, 180.62 W, 28, 120 MHz, 3996 MHz, 0 %, 0 %
2026/03/23 22:54:52.862, 6, 178.49 W, 27, 120 MHz, 3996 MHz, 0 %, 0 %
2026/03/23 22:54:52.862, 7, 176.58 W, 28, 120 MHz, 3996 MHz, 0 %, 0 %
2026/03/23 22:54:53.862, 0, 229.36 W, 28, 2032 MHz, 3996 MHz, 0 %, 0 %
2026/03/23 22:54:53.862, 1, 233.56 W, 30, 2032 MHz, 3996 MHz, 0 %, 0 %
2026/03/23 22:54:53.862, 2, 234.02 W, 28, 2032 MHz, 3996 MHz, 0 %, 0 %
2026/03/23 22:54:53.862, 3, 235.20 W, 31, 2032 MHz, 3996 MHz, 0 %, 0 %
2026/03/23 22:54:53.862, 4, 179.21 W, 26, 120 MHz, 3996 MHz, 0 %, 0 %
2026/03/23 22:54:53.862, 5, 180.58 W, 28, 120 MHz, 3996 MHz, 0 %, 0 %
2026/03/23 22:54:53.862, 6, 178.56 W, 27, 120 MHz, 3996 MHz, 0 %, 0 %
2026/03/23 22:54:53.862, 7, 176.58 W, 28, 120 MHz, 3996 MHz, 0 %, 0 %
2026/03/23 22:54:54.862, 0, 229.46 W, 28, 2032 MHz, 3996 MHz, 0 %, 0 %
2026/03/23 22:54:54.862, 1, 233.63 W, 30, 2032 MHz, 3996 MHz, 0 %, 0 %
2026/03/23 22:54:54.862, 2, 234.02 W, 28, 2032 MHz, 3996 MHz, 0 %, 0 %
2026/03/23 22:54:54.862, 3, 235.19 W, 31, 2032 MHz, 3996 MHz, 0 %, 0 %
2026/03/23 22:54:54.862, 4, 179.05 W, 26, 120 MHz, 3996 MHz, 0 %, 0 %
2026/03/23 22:54:54.862, 5, 180.58 W, 28, 120 MHz, 3996 MHz, 0 %, 0 %
2026/03/23 22:54:54.862, 6, 178.33 W, 27, 120 MHz, 3996 MHz, 0 %, 0 %
2026/03/23 22:54:54.862, 7, 176.58 W, 28, 120 MHz, 3996 MHz, 0 %, 0 %
2026/03/23 22:54:55.862, 0, 229.59 W, 28, 2032 MHz, 3996 MHz, 0 %, 0 %
2026/03/23 22:54:55.862, 1, 233.91 W, 30, 2032 MHz, 3996 MHz, 0 %, 0 %
2026/03/23 22:54:55.862, 2, 234.02 W, 28, 2032 MHz, 3996 MHz, 0 %, 0 %
2026/03/23 22:54:55.862, 3, 235.16 W, 31, 2032 MHz, 3996 MHz, 0 %, 0 %
2026/03/23 22:54:55.862, 4, 178.82 W, 26, 120 MHz, 3996 MHz, 0 %, 0 %
2026/03/23 22:54:55.862, 5, 180.58 W, 28, 120 MHz, 3996 MHz, 0 %, 0 %
2026/03/23 22:54:55.862, 6, 178.41 W, 27, 120 MHz, 3996 MHz, 0 %, 0 %
2026/03/23 22:54:55.862, 7, 176.58 W, 28, 120 MHz, 3996 MHz, 0 %, 0 %
2026/03/23 22:54:56.862, 0, 229.47 W, 28, 2032 MHz, 3996 MHz, 0 %, 0 %
2026/03/23 22:54:56.862, 1, 233.69 W, 30, 2032 MHz, 3996 MHz, 0 %, 0 %
2026/03/23 22:54:56.862, 2, 234.02 W, 28, 2032 MHz, 3996 MHz, 0 %, 0 %
2026/03/23 22:54:56.862, 3, 235.17 W, 31, 2032 MHz, 3996 MHz, 0 %, 0 %
2026/03/23 22:54:56.862, 4, 179.04 W, 26, 120 MHz, 3996 MHz, 0 %, 0 %
2026/03/23 22:54:56.862, 5, 180.58 W, 28, 120 MHz, 3996 MHz, 0 %, 0 %
2026/03/23 22:54:56.862, 6, 178.41 W, 27, 120 MHz, 3996 MHz, 0 %, 0 %
2026/03/23 22:54:56.862, 7, 176.58 W, 28, 120 MHz, 3996 MHz, 0 %, 0 %
2026/03/23 22:54:57.862, 0, 229.65 W, 28, 2032 MHz, 3996 MHz, 0 %, 0 %
2026/03/23 22:54:57.862, 1, 233.66 W, 30, 2032 MHz, 3996 MHz, 0 %, 0 %
2026/03/23 22:54:57.862, 2, 234.02 W, 28, 2032 MHz, 3996 MHz, 0 %, 0 %
2026/03/23 22:54:57.862, 3, 235.17 W, 31, 2032 MHz, 3996 MHz, 0 %, 0 %
2026/03/23 22:54:57.862, 4, 179.01 W, 26, 120 MHz, 3996 MHz, 0 %, 0 %
2026/03/23 22:54:57.862, 5, 180.58 W, 28, 120 MHz, 3996 MHz, 0 %, 0 %
2026/03/23 22:54:57.862, 6, 178.33 W, 27, 120 MHz, 3996 MHz, 0 %, 0 %
2026/03/23 22:54:57.862, 7, 176.58 W, 28, 120 MHz, 3996 MHz, 0 %, 0 %
2026/03/23 22:54:58.863, 0, 229.43 W, 28, 2032 MHz, 3996 MHz, 0 %, 0 %
2026/03/23 22:54:58.863, 1, 233.56 W, 30, 2032 MHz, 3996 MHz, 0 %, 0 %
2026/03/23 22:54:58.863, 2, 234.02 W, 28, 2032 MHz, 3996 MHz, 0 %, 0 %
2026/03/23 22:54:58.863, 3, 235.21 W, 31, 2032 MHz, 3996 MHz, 0 %, 0 %
2026/03/23 22:54:58.863, 4, 179.13 W, 26, 120 MHz, 3996 MHz, 0 %, 0 %
2026/03/23 22:54:58.863, 5, 180.58 W, 28, 120 MHz, 3996 MHz, 0 %, 0 %
2026/03/23 22:54:58.863, 6, 178.53 W, 27, 120 MHz, 3996 MHz, 0 %, 0 %
2026/03/23 22:54:58.863, 7, 176.58 W, 28, 120 MHz, 3996 MHz, 0 %, 0 %
2026/03/23 22:54:59.863, 0, 229.07 W, 28, 2032 MHz, 3996 MHz, 0 %, 0 %
2026/03/23 22:54:59.863, 1, 233.80 W, 30, 2032 MHz, 3996 MHz, 0 %, 0 %
2026/03/23 22:54:59.863, 2, 234.18 W, 28, 2032 MHz, 3996 MHz, 0 %, 0 %
2026/03/23 22:54:59.863, 3, 235.01 W, 31, 2032 MHz, 3996 MHz, 0 %, 0 %
2026/03/23 22:54:59.863, 4, 179.32 W, 26, 120 MHz, 3996 MHz, 0 %, 0 %
2026/03/23 22:54:59.863, 5, 180.58 W, 28, 120 MHz, 3996 MHz, 0 %, 0 %
2026/03/23 22:54:59.863, 6, 178.41 W, 27, 120 MHz, 3996 MHz, 0 %, 0 %
2026/03/23 22:54:59.863, 7, 176.58 W, 28, 120 MHz, 3996 MHz, 0 %, 0 %
2026/03/23 22:55:00.863, 0, 228.42 W, 28, 2032 MHz, 3996 MHz, 1 %, 0 %
2026/03/23 22:55:00.863, 1, 234.00 W, 30, 2032 MHz, 3996 MHz, 0 %, 0 %
2026/03/23 22:55:00.863, 2, 234.02 W, 28, 2032 MHz, 3996 MHz, 1 %, 0 %
2026/03/23 22:55:00.863, 3, 235.10 W, 31, 2032 MHz, 3996 MHz, 0 %, 0 %
2026/03/23 22:55:00.863, 4, 179.01 W, 26, 120 MHz, 3996 MHz, 0 %, 0 %
2026/03/23 22:55:00.863, 5, 180.58 W, 28, 120 MHz, 3996 MHz, 0 %, 0 %
2026/03/23 22:55:00.863, 6, 178.34 W, 27, 120 MHz, 3996 MHz, 0 %, 0 %
2026/03/23 22:55:00.863, 7, 176.58 W, 28, 120 MHz, 3996 MHz, 0 %, 0 %
2026/03/23 22:55:01.863, 0, 228.18 W, 28, 2032 MHz, 3996 MHz, 1 %, 0 %
2026/03/23 22:55:01.863, 1, 233.38 W, 30, 2032 MHz, 3996 MHz, 0 %, 0 %
2026/03/23 22:55:01.863, 2, 234.06 W, 28, 2032 MHz, 3996 MHz, 0 %, 0 %
2026/03/23 22:55:01.863, 3, 234.97 W, 31, 2032 MHz, 3996 MHz, 0 %, 0 %
2026/03/23 22:55:01.863, 4, 179.04 W, 26, 120 MHz, 3996 MHz, 0 %, 0 %
2026/03/23 22:55:01.863, 5, 180.58 W, 28, 120 MHz, 3996 MHz, 0 %, 0 %
2026/03/23 22:55:01.863, 6, 178.33 W, 27, 120 MHz, 3996 MHz, 0 %, 0 %
2026/03/23 22:55:01.863, 7, 176.58 W, 28, 120 MHz, 3996 MHz, 0 %, 0 %
2026/03/23 22:55:02.863, 0, 228.34 W, 28, 2032 MHz, 3996 MHz, 0 %, 0 %
2026/03/23 22:55:02.863, 1, 233.43 W, 30, 2032 MHz, 3996 MHz, 0 %, 0 %
2026/03/23 22:55:02.863, 2, 234.02 W, 28, 2032 MHz, 3996 MHz, 0 %, 0 %
2026/03/23 22:55:02.863, 3, 234.93 W, 31, 2032 MHz, 3996 MHz, 0 %, 0 %
2026/03/23 22:55:02.863, 4, 178.98 W, 26, 120 MHz, 3996 MHz, 0 %, 0 %
2026/03/23 22:55:02.863, 5, 180.58 W, 28, 120 MHz, 3996 MHz, 0 %, 0 %
2026/03/23 22:55:02.863, 6, 178.30 W, 27, 120 MHz, 3996 MHz, 0 %, 0 %
2026/03/23 22:55:02.863, 7, 176.58 W, 28, 120 MHz, 3996 MHz, 0 %, 0 %
2026/03/23 22:55:03.863, 0, 228.15 W, 28, 2032 MHz, 3996 MHz, 0 %, 0 %
2026/03/23 22:55:03.863, 1, 233.27 W, 30, 2032 MHz, 3996 MHz, 0 %, 0 %
2026/03/23 22:55:03.863, 2, 234.02 W, 28, 2032 MHz, 3996 MHz, 0 %, 0 %
2026/03/23 22:55:03.863, 3, 234.77 W, 31, 2032 MHz, 3996 MHz, 0 %, 0 %
2026/03/23 22:55:03.863, 4, 179.09 W, 26, 120 MHz, 3996 MHz, 0 %, 0 %
2026/03/23 22:55:03.863, 5, 180.58 W, 28, 120 MHz, 3996 MHz, 0 %, 0 %
2026/03/23 22:55:03.863, 6, 178.49 W, 27, 120 MHz, 3996 MHz, 0 %, 0 %
2026/03/23 22:55:03.863, 7, 176.58 W, 28, 120 MHz, 3996 MHz, 0 %, 0 %
2026/03/23 22:55:04.864, 0, 228.30 W, 28, 2032 MHz, 3996 MHz, 0 %, 0 %
2026/03/23 22:55:04.864, 1, 233.27 W, 30, 2032 MHz, 3996 MHz, 0 %, 0 %
2026/03/23 22:55:04.864, 2, 234.02 W, 28, 2032 MHz, 3996 MHz, 0 %, 0 %
2026/03/23 22:55:04.864, 3, 235.12 W, 31, 2032 MHz, 3996 MHz, 0 %, 0 %
2026/03/23 22:55:04.864, 4, 179.33 W, 26, 120 MHz, 3996 MHz, 0 %, 0 %
2026/03/23 22:55:04.864, 5, 180.58 W, 28, 120 MHz, 3996 MHz, 0 %, 0 %
2026/03/23 22:55:04.864, 6, 178.25 W, 27, 120 MHz, 3996 MHz, 0 %, 0 %
2026/03/23 22:55:04.864, 7, 176.58 W, 28, 120 MHz, 3996 MHz, 0 %, 0 %
2026/03/23 22:55:05.864, 0, 228.11 W, 28, 2032 MHz, 3996 MHz, 0 %, 0 %
2026/03/23 22:55:05.864, 1, 233.28 W, 30, 2032 MHz, 3996 MHz, 0 %, 0 %
2026/03/23 22:55:05.864, 2, 234.02 W, 28, 2032 MHz, 3996 MHz, 0 %, 0 %
2026/03/23 22:55:05.864, 3, 235.03 W, 31, 2032 MHz, 3996 MHz, 0 %, 0 %
2026/03/23 22:55:05.864, 4, 179.21 W, 26, 120 MHz, 3996 MHz, 0 %, 0 %
2026/03/23 22:55:05.864, 5, 180.58 W, 28, 120 MHz, 3996 MHz, 0 %, 0 %
2026/03/23 22:55:05.864, 6, 178.30 W, 27, 120 MHz, 3996 MHz, 0 %, 0 %
2026/03/23 22:55:05.864, 7, 176.59 W, 28, 120 MHz, 3996 MHz, 0 %, 0 %
2026/03/23 22:55:06.864, 0, 228.11 W, 28, 2032 MHz, 3996 MHz, 0 %, 0 %
2026/03/23 22:55:06.864, 1, 233.31 W, 30, 2032 MHz, 3996 MHz, 0 %, 0 %
2026/03/23 22:55:06.864, 2, 234.02 W, 28, 2032 MHz, 3996 MHz, 0 %, 0 %
2026/03/23 22:55:06.864, 3, 234.79 W, 31, 2032 MHz, 3996 MHz, 0 %, 0 %
2026/03/23 22:55:06.864, 4, 178.94 W, 26, 120 MHz, 3996 MHz, 0 %, 0 %
2026/03/23 22:55:06.864, 5, 180.58 W, 28, 120 MHz, 3996 MHz, 0 %, 0 %
2026/03/23 22:55:06.864, 6, 178.57 W, 27, 120 MHz, 3996 MHz, 0 %, 0 %
2026/03/23 22:55:06.864, 7, 176.59 W, 28, 120 MHz, 3996 MHz, 0 %, 0 %
2026/03/23 22:55:07.864, 0, 228.07 W, 28, 2032 MHz, 3996 MHz, 0 %, 0 %
2026/03/23 22:55:07.864, 1, 233.30 W, 30, 2032 MHz, 3996 MHz, 0 %, 0 %
2026/03/23 22:55:07.864, 2, 234.02 W, 28, 2032 MHz, 3996 MHz, 0 %, 0 %
2026/03/23 22:55:07.864, 3, 234.89 W, 31, 2032 MHz, 3996 MHz, 0 %, 0 %
2026/03/23 22:55:07.864, 4, 179.21 W, 26, 120 MHz, 3996 MHz, 0 %, 0 %
2026/03/23 22:55:07.864, 5, 180.58 W, 28, 120 MHz, 3996 MHz, 0 %, 0 %
2026/03/23 22:55:07.864, 6, 178.45 W, 27, 120 MHz, 3996 MHz, 0 %, 0 %
2026/03/23 22:55:07.864, 7, 176.58 W, 28, 120 MHz, 3996 MHz, 0 %, 0 %
2026/03/23 22:55:08.864, 0, 228.11 W, 28, 2032 MHz, 3996 MHz, 0 %, 0 %
2026/03/23 22:55:08.864, 1, 233.30 W, 30, 2032 MHz, 3996 MHz, 0 %, 0 %
2026/03/23 22:55:08.864, 2, 234.02 W, 28, 2032 MHz, 3996 MHz, 0 %, 0 %
2026/03/23 22:55:08.864, 3, 234.95 W, 31, 2032 MHz, 3996 MHz, 0 %, 0 %
2026/03/23 22:55:08.864, 4, 178.81 W, 26, 120 MHz, 3996 MHz, 0 %, 0 %
2026/03/23 22:55:08.864, 5, 180.58 W, 28, 120 MHz, 3996 MHz, 0 %, 0 %
2026/03/23 22:55:08.864, 6, 178.45 W, 27, 120 MHz, 3996 MHz, 0 %, 0 %
2026/03/23 22:55:08.864, 7, 176.58 W, 28, 120 MHz, 3996 MHz, 0 %, 0 %
2026/03/23 22:55:09.864, 0, 228.11 W, 28, 2032 MHz, 3996 MHz, 0 %, 0 %
2026/03/23 22:55:09.864, 1, 233.30 W, 30, 2032 MHz, 3996 MHz, 0 %, 0 %
2026/03/23 22:55:09.864, 2, 234.02 W, 28, 2032 MHz, 3996 MHz, 0 %, 0 %
2026/03/23 22:55:09.864, 3, 234.87 W, 31, 2032 MHz, 3996 MHz, 0 %, 0 %
2026/03/23 22:55:09.864, 4, 178.90 W, 26, 120 MHz, 3996 MHz, 0 %, 0 %
2026/03/23 22:55:09.864, 5, 180.58 W, 28, 120 MHz, 3996 MHz, 0 %, 0 %
2026/03/23 22:55:09.864, 6, 178.37 W, 27, 120 MHz, 3996 MHz, 0 %, 0 %
2026/03/23 22:55:09.864, 7, 176.58 W, 28, 120 MHz, 3996 MHz, 0 %, 0 %
2026/03/23 22:55:10.864, 0, 228.11 W, 28, 2032 MHz, 3996 MHz, 0 %, 0 %
2026/03/23 22:55:10.864, 1, 233.28 W, 30, 2032 MHz, 3996 MHz, 0 %, 0 %
2026/03/23 22:55:10.864, 2, 234.02 W, 28, 2032 MHz, 3996 MHz, 0 %, 0 %
2026/03/23 22:55:10.864, 3, 234.77 W, 31, 2032 MHz, 3996 MHz, 0 %, 0 %
2026/03/23 22:55:10.864, 4, 179.17 W, 26, 120 MHz, 3996 MHz, 0 %, 0 %
2026/03/23 22:55:10.864, 5, 180.58 W, 28, 120 MHz, 3996 MHz, 0 %, 0 %
2026/03/23 22:55:10.865, 6, 178.45 W, 27, 120 MHz, 3996 MHz, 0 %, 0 %
2026/03/23 22:55:10.865, 7, 176.58 W, 28, 120 MHz, 3996 MHz, 0 %, 0 %
2026/03/23 22:55:11.865, 0, 228.11 W, 28, 2032 MHz, 3996 MHz, 0 %, 0 %
2026/03/23 22:55:11.865, 1, 233.28 W, 30, 2032 MHz, 3996 MHz, 0 %, 0 %
2026/03/23 22:55:11.865, 2, 234.02 W, 28, 2032 MHz, 3996 MHz, 0 %, 0 %
2026/03/23 22:55:11.865, 3, 234.74 W, 31, 2032 MHz, 3996 MHz, 0 %, 0 %
2026/03/23 22:55:11.865, 4, 178.82 W, 26, 120 MHz, 3996 MHz, 0 %, 0 %
2026/03/23 22:55:11.865, 5, 180.58 W, 28, 120 MHz, 3996 MHz, 0 %, 0 %
2026/03/23 22:55:11.865, 6, 178.41 W, 27, 120 MHz, 3996 MHz, 0 %, 0 %
2026/03/23 22:55:11.865, 7, 176.58 W, 28, 120 MHz, 3996 MHz, 0 %, 0 %
2026/03/23 22:55:12.865, 0, 228.11 W, 28, 2032 MHz, 3996 MHz, 0 %, 0 %
2026/03/23 22:55:12.865, 1, 233.31 W, 30, 2032 MHz, 3996 MHz, 0 %, 0 %
2026/03/23 22:55:12.865, 2, 234.02 W, 28, 2032 MHz, 3996 MHz, 0 %, 0 %
2026/03/23 22:55:12.865, 3, 234.90 W, 31, 2032 MHz, 3996 MHz, 0 %, 0 %
2026/03/23 22:55:12.865, 4, 178.98 W, 26, 120 MHz, 3996 MHz, 0 %, 0 %
2026/03/23 22:55:12.865, 5, 180.58 W, 28, 120 MHz, 3996 MHz, 0 %, 0 %
2026/03/23 22:55:12.865, 6, 178.33 W, 27, 120 MHz, 3996 MHz, 0 %, 0 %
2026/03/23 22:55:12.865, 7, 176.58 W, 28, 120 MHz, 3996 MHz, 0 %, 0 %
2026/03/23 22:55:13.865, 0, 228.18 W, 28, 2032 MHz, 3996 MHz, 0 %, 0 %
2026/03/23 22:55:13.865, 1, 233.30 W, 30, 2032 MHz, 3996 MHz, 0 %, 0 %
2026/03/23 22:55:13.865, 2, 234.02 W, 28, 2032 MHz, 3996 MHz, 0 %, 0 %
2026/03/23 22:55:13.865, 3, 234.88 W, 31, 2032 MHz, 3996 MHz, 0 %, 0 %
2026/03/23 22:55:13.865, 4, 179.15 W, 26, 120 MHz, 3996 MHz, 0 %, 0 %
2026/03/23 22:55:13.865, 5, 180.58 W, 28, 120 MHz, 3996 MHz, 0 %, 0 %
2026/03/23 22:55:13.865, 6, 178.25 W, 27, 120 MHz, 3996 MHz, 0 %, 0 %
2026/03/23 22:55:13.865, 7, 176.58 W, 28, 120 MHz, 3996 MHz, 0 %, 0 %
2026/03/23 22:55:14.865, 0, 228.34 W, 28, 2032 MHz, 3996 MHz, 0 %, 0 %
2026/03/23 22:55:14.865, 1, 233.52 W, 30, 2032 MHz, 3996 MHz, 0 %, 0 %
2026/03/23 22:55:14.865, 2, 234.06 W, 28, 2032 MHz, 3996 MHz, 0 %, 0 %
2026/03/23 22:55:14.865, 3, 235.07 W, 31, 2032 MHz, 3996 MHz, 0 %, 0 %
2026/03/23 22:55:14.865, 4, 179.12 W, 26, 120 MHz, 3996 MHz, 0 %, 0 %
2026/03/23 22:55:14.865, 5, 180.58 W, 28, 120 MHz, 3996 MHz, 0 %, 0 %
2026/03/23 22:55:14.865, 6, 178.18 W, 27, 120 MHz, 3996 MHz, 0 %, 0 %
2026/03/23 22:55:14.865, 7, 176.58 W, 28, 120 MHz, 3996 MHz, 0 %, 0 %
2026/03/23 22:55:15.865, 0, 228.18 W, 28, 2032 MHz, 3996 MHz, 0 %, 0 %
2026/03/23 22:55:15.865, 1, 233.38 W, 30, 2032 MHz, 3996 MHz, 0 %, 0 %
2026/03/23 22:55:15.865, 2, 234.06 W, 28, 2032 MHz, 3996 MHz, 0 %, 0 %
2026/03/23 22:55:15.865, 3, 234.91 W, 31, 2032 MHz, 3996 MHz, 0 %, 0 %
2026/03/23 22:55:15.865, 4, 179.28 W, 26, 120 MHz, 3996 MHz, 0 %, 0 %
2026/03/23 22:55:15.865, 5, 180.62 W, 28, 120 MHz, 3996 MHz, 0 %, 0 %
2026/03/23 22:55:15.865, 6, 178.41 W, 27, 120 MHz, 3996 MHz, 0 %, 0 %
2026/03/23 22:55:15.865, 7, 176.58 W, 28, 120 MHz, 3996 MHz, 0 %, 0 %
2026/03/23 22:55:16.865, 0, 228.07 W, 28, 2032 MHz, 3996 MHz, 0 %, 0 %
2026/03/23 22:55:16.865, 1, 233.29 W, 30, 2032 MHz, 3996 MHz, 0 %, 0 %
2026/03/23 22:55:16.865, 2, 234.02 W, 28, 2032 MHz, 3996 MHz, 0 %, 0 %
2026/03/23 22:55:16.865, 3, 234.59 W, 31, 2032 MHz, 3996 MHz, 0 %, 0 %
2026/03/23 22:55:16.865, 4, 179.10 W, 26, 120 MHz, 3996 MHz, 0 %, 0 %
2026/03/23 22:55:16.865, 5, 180.58 W, 28, 120 MHz, 3996 MHz, 0 %, 0 %
2026/03/23 22:55:16.865, 6, 178.26 W, 27, 120 MHz, 3996 MHz, 0 %, 0 %
2026/03/23 22:55:16.865, 7, 176.59 W, 28, 120 MHz, 3996 MHz, 0 %, 0 %
2026/03/23 22:55:17.865, 0, 228.15 W, 28, 2032 MHz, 3996 MHz, 0 %, 0 %
2026/03/23 22:55:17.866, 1, 233.30 W, 30, 2032 MHz, 3996 MHz, 0 %, 0 %
2026/03/23 22:55:17.866, 2, 234.02 W, 28, 2032 MHz, 3996 MHz, 0 %, 0 %
2026/03/23 22:55:17.866, 3, 234.74 W, 31, 2032 MHz, 3996 MHz, 0 %, 0 %
2026/03/23 22:55:17.866, 4, 178.82 W, 26, 120 MHz, 3996 MHz, 0 %, 0 %
2026/03/23 22:55:17.866, 5, 180.58 W, 28, 120 MHz, 3996 MHz, 0 %, 0 %
2026/03/23 22:55:17.866, 6, 178.49 W, 27, 120 MHz, 3996 MHz, 0 %, 0 %
2026/03/23 22:55:17.866, 7, 176.58 W, 28, 120 MHz, 3996 MHz, 0 %, 0 %
2026/03/23 22:55:18.866, 0, 228.07 W, 28, 2032 MHz, 3996 MHz, 0 %, 0 %
2026/03/23 22:55:18.866, 1, 233.28 W, 30, 2032 MHz, 3996 MHz, 0 %, 0 %
2026/03/23 22:55:18.866, 2, 234.02 W, 28, 2032 MHz, 3996 MHz, 0 %, 0 %
2026/03/23 22:55:18.866, 3, 234.32 W, 31, 2032 MHz, 3996 MHz, 0 %, 0 %
2026/03/23 22:55:18.866, 4, 179.00 W, 26, 120 MHz, 3996 MHz, 0 %, 0 %
2026/03/23 22:55:18.866, 5, 180.58 W, 28, 120 MHz, 3996 MHz, 0 %, 0 %
2026/03/23 22:55:18.866, 6, 178.52 W, 27, 120 MHz, 3996 MHz, 0 %, 0 %
2026/03/23 22:55:18.866, 7, 176.58 W, 28, 120 MHz, 3996 MHz, 0 %, 0 %
2026/03/23 22:55:19.866, 0, 228.07 W, 28, 2032 MHz, 3996 MHz, 0 %, 0 %
2026/03/23 22:55:19.866, 1, 233.29 W, 30, 2032 MHz, 3996 MHz, 0 %, 0 %
2026/03/23 22:55:19.866, 2, 234.02 W, 28, 2032 MHz, 3996 MHz, 0 %, 0 %
2026/03/23 22:55:19.866, 3, 234.71 W, 31, 2032 MHz, 3996 MHz, 0 %, 0 %
2026/03/23 22:55:19.866, 4, 178.83 W, 26, 120 MHz, 3996 MHz, 0 %, 0 %
2026/03/23 22:55:19.866, 5, 180.58 W, 28, 120 MHz, 3996 MHz, 0 %, 0 %
2026/03/23 22:55:19.866, 6, 178.60 W, 27, 120 MHz, 3996 MHz, 0 %, 0 %
2026/03/23 22:55:19.866, 7, 176.58 W, 28, 120 MHz, 3996 MHz, 0 %, 0 %
2026/03/23 22:55:20.866, 0, 228.11 W, 28, 2032 MHz, 3996 MHz, 6 %, 0 %
2026/03/23 22:55:20.866, 1, 233.26 W, 30, 2032 MHz, 3996 MHz, 7 %, 0 %
2026/03/23 22:55:20.866, 2, 234.02 W, 28, 2032 MHz, 3996 MHz, 6 %, 0 %
2026/03/23 22:55:20.866, 3, 234.90 W, 31, 2032 MHz, 3996 MHz, 6 %, 0 %
2026/03/23 22:55:20.866, 4, 178.90 W, 26, 120 MHz, 3996 MHz, 0 %, 0 %
2026/03/23 22:55:20.866, 5, 180.58 W, 28, 120 MHz, 3996 MHz, 0 %, 0 %
2026/03/23 22:55:20.866, 6, 178.21 W, 27, 120 MHz, 3996 MHz, 0 %, 0 %
2026/03/23 22:55:20.866, 7, 176.58 W, 28, 120 MHz, 3996 MHz, 0 %, 0 %
2026/03/23 22:55:21.866, 0, 229.27 W, 28, 2032 MHz, 3996 MHz, 8 %, 0 %
2026/03/23 22:55:21.866, 1, 234.24 W, 30, 2032 MHz, 3996 MHz, 11 %, 0 %
2026/03/23 22:55:21.866, 2, 234.95 W, 28, 2032 MHz, 3996 MHz, 12 %, 0 %
2026/03/23 22:55:21.866, 3, 235.02 W, 31, 2032 MHz, 3996 MHz, 5 %, 0 %
2026/03/23 22:55:21.866, 4, 179.02 W, 26, 120 MHz, 3996 MHz, 0 %, 0 %
2026/03/23 22:55:21.866, 5, 180.58 W, 28, 120 MHz, 3996 MHz, 0 %, 0 %
2026/03/23 22:55:21.866, 6, 178.34 W, 27, 120 MHz, 3996 MHz, 0 %, 0 %
2026/03/23 22:55:21.866, 7, 176.59 W, 28, 120 MHz, 3996 MHz, 0 %, 0 %
2026/03/23 22:55:22.866, 0, 229.59 W, 28, 2032 MHz, 3996 MHz, 9 %, 0 %
2026/03/23 22:55:22.866, 1, 234.63 W, 30, 2032 MHz, 3996 MHz, 11 %, 0 %
2026/03/23 22:55:22.866, 2, 235.26 W, 28, 2032 MHz, 3996 MHz, 8 %, 0 %
2026/03/23 22:55:22.866, 3, 235.27 W, 31, 2032 MHz, 3996 MHz, 5 %, 0 %
2026/03/23 22:55:22.866, 4, 179.16 W, 26, 120 MHz, 3996 MHz, 0 %, 0 %
2026/03/23 22:55:22.866, 5, 180.58 W, 28, 120 MHz, 3996 MHz, 0 %, 0 %
2026/03/23 22:55:22.866, 6, 178.33 W, 27, 120 MHz, 3996 MHz, 0 %, 0 %
2026/03/23 22:55:22.866, 7, 176.58 W, 28, 120 MHz, 3996 MHz, 0 %, 0 %
2026/03/23 22:55:23.866, 0, 229.31 W, 28, 2032 MHz, 3996 MHz, 8 %, 0 %
2026/03/23 22:55:23.866, 1, 234.62 W, 30, 2032 MHz, 3996 MHz, 11 %, 0 %
2026/03/23 22:55:23.866, 2, 235.03 W, 28, 2032 MHz, 3996 MHz, 9 %, 0 %
2026/03/23 22:55:23.866, 3, 235.38 W, 31, 2032 MHz, 3996 MHz, 12 %, 0 %
2026/03/23 22:55:23.866, 4, 179.01 W, 26, 120 MHz, 3996 MHz, 0 %, 0 %
2026/03/23 22:55:23.866, 5, 180.58 W, 28, 120 MHz, 3996 MHz, 0 %, 0 %
2026/03/23 22:55:23.866, 6, 178.34 W, 27, 120 MHz, 3996 MHz, 0 %, 0 %
2026/03/23 22:55:23.866, 7, 176.58 W, 28, 120 MHz, 3996 MHz, 0 %, 0 %
2026/03/23 22:55:24.867, 0, 229.50 W, 28, 2032 MHz, 3996 MHz, 6 %, 0 %
2026/03/23 22:55:24.867, 1, 234.54 W, 30, 2032 MHz, 3996 MHz, 10 %, 0 %
2026/03/23 22:55:24.867, 2, 235.01 W, 28, 2032 MHz, 3996 MHz, 5 %, 0 %
2026/03/23 22:55:24.867, 3, 235.29 W, 31, 2032 MHz, 3996 MHz, 11 %, 0 %
2026/03/23 22:55:24.867, 4, 179.17 W, 26, 120 MHz, 3996 MHz, 0 %, 0 %
2026/03/23 22:55:24.867, 5, 180.58 W, 28, 120 MHz, 3996 MHz, 0 %, 0 %
2026/03/23 22:55:24.867, 6, 178.49 W, 27, 120 MHz, 3996 MHz, 0 %, 0 %
2026/03/23 22:55:24.867, 7, 176.58 W, 28, 120 MHz, 3996 MHz, 0 %, 0 %
2026/03/23 22:55:25.867, 0, 229.59 W, 28, 2032 MHz, 3996 MHz, 5 %, 0 %
2026/03/23 22:55:25.867, 1, 234.64 W, 30, 2032 MHz, 3996 MHz, 8 %, 0 %
2026/03/23 22:55:25.867, 2, 234.99 W, 28, 2032 MHz, 3996 MHz, 6 %, 0 %
2026/03/23 22:55:25.867, 3, 235.47 W, 31, 2032 MHz, 3996 MHz, 11 %, 0 %
2026/03/23 22:55:25.867, 4, 178.97 W, 26, 120 MHz, 3996 MHz, 0 %, 0 %
2026/03/23 22:55:25.867, 5, 180.58 W, 28, 120 MHz, 3996 MHz, 0 %, 0 %
2026/03/23 22:55:25.867, 6, 178.34 W, 27, 120 MHz, 3996 MHz, 0 %, 0 %
2026/03/23 22:55:25.867, 7, 176.58 W, 28, 120 MHz, 3996 MHz, 0 %, 0 %
2026/03/23 22:55:26.867, 0, 229.43 W, 28, 2032 MHz, 3996 MHz, 9 %, 0 %
2026/03/23 22:55:26.867, 1, 234.57 W, 30, 2032 MHz, 3996 MHz, 6 %, 0 %
2026/03/23 22:55:26.867, 2, 235.22 W, 28, 2032 MHz, 3996 MHz, 5 %, 0 %
2026/03/23 22:55:26.867, 3, 235.47 W, 31, 2032 MHz, 3996 MHz, 12 %, 0 %
2026/03/23 22:55:26.867, 4, 179.26 W, 26, 120 MHz, 3996 MHz, 0 %, 0 %
2026/03/23 22:55:26.867, 5, 180.58 W, 28, 120 MHz, 3996 MHz, 0 %, 0 %
2026/03/23 22:55:26.867, 6, 178.37 W, 27, 120 MHz, 3996 MHz, 0 %, 0 %
2026/03/23 22:55:26.867, 7, 176.58 W, 28, 120 MHz, 3996 MHz, 0 %, 0 %
2026/03/23 22:55:27.867, 0, 229.58 W, 28, 2032 MHz, 3996 MHz, 7 %, 0 %
2026/03/23 22:55:27.867, 1, 234.68 W, 30, 2032 MHz, 3996 MHz, 5 %, 0 %
2026/03/23 22:55:27.867, 2, 235.26 W, 28, 2032 MHz, 3996 MHz, 11 %, 0 %
2026/03/23 22:55:27.867, 3, 235.38 W, 31, 2032 MHz, 3996 MHz, 11 %, 0 %
2026/03/23 22:55:27.867, 4, 179.11 W, 26, 120 MHz, 3996 MHz, 0 %, 0 %
2026/03/23 22:55:27.867, 5, 180.58 W, 28, 120 MHz, 3996 MHz, 0 %, 0 %
2026/03/23 22:55:27.867, 6, 178.41 W, 27, 120 MHz, 3996 MHz, 0 %, 0 %
2026/03/23 22:55:27.867, 7, 176.58 W, 28, 120 MHz, 3996 MHz, 0 %, 0 %
2026/03/23 22:55:28.867, 0, 229.58 W, 28, 2032 MHz, 3996 MHz, 6 %, 0 %
2026/03/23 22:55:28.867, 1, 234.52 W, 30, 2032 MHz, 3996 MHz, 5 %, 0 %
2026/03/23 22:55:28.867, 2, 235.31 W, 28, 2032 MHz, 3996 MHz, 11 %, 0 %
2026/03/23 22:55:28.867, 3, 235.41 W, 31, 2032 MHz, 3996 MHz, 6 %, 0 %
2026/03/23 22:55:28.867, 4, 179.16 W, 26, 120 MHz, 3996 MHz, 0 %, 0 %
2026/03/23 22:55:28.867, 5, 180.58 W, 28, 120 MHz, 3996 MHz, 0 %, 0 %
2026/03/23 22:55:28.867, 6, 178.38 W, 27, 120 MHz, 3996 MHz, 0 %, 0 %
2026/03/23 22:55:28.867, 7, 176.58 W, 28, 120 MHz, 3996 MHz, 0 %, 0 %
2026/03/23 22:55:29.867, 0, 229.42 W, 28, 2032 MHz, 3996 MHz, 6 %, 0 %
2026/03/23 22:55:29.867, 1, 234.61 W, 30, 2032 MHz, 3996 MHz, 8 %, 0 %
2026/03/23 22:55:29.867, 2, 235.24 W, 28, 2032 MHz, 3996 MHz, 11 %, 0 %
2026/03/23 22:55:29.867, 3, 235.19 W, 31, 2032 MHz, 3996 MHz, 9 %, 0 %
2026/03/23 22:55:29.867, 4, 179.17 W, 26, 120 MHz, 3996 MHz, 0 %, 0 %
2026/03/23 22:55:29.867, 5, 180.58 W, 28, 120 MHz, 3996 MHz, 0 %, 0 %
2026/03/23 22:55:29.867, 6, 178.41 W, 27, 120 MHz, 3996 MHz, 0 %, 0 %
2026/03/23 22:55:29.867, 7, 176.58 W, 28, 120 MHz, 3996 MHz, 0 %, 0 %
2026/03/23 22:55:30.867, 0, 229.65 W, 28, 2032 MHz, 3996 MHz, 10 %, 0 %
2026/03/23 22:55:30.867, 1, 234.53 W, 30, 2032 MHz, 3996 MHz, 8 %, 0 %
2026/03/23 22:55:30.867, 2, 235.09 W, 28, 2032 MHz, 3996 MHz, 12 %, 0 %
2026/03/23 22:55:30.867, 3, 235.31 W, 31, 2032 MHz, 3996 MHz, 5 %, 0 %
2026/03/23 22:55:30.867, 4, 179.06 W, 26, 120 MHz, 3996 MHz, 0 %, 0 %
2026/03/23 22:55:30.867, 5, 180.58 W, 28, 120 MHz, 3996 MHz, 0 %, 0 %
2026/03/23 22:55:30.867, 6, 178.49 W, 27, 120 MHz, 3996 MHz, 0 %, 0 %
2026/03/23 22:55:30.868, 7, 176.58 W, 28, 120 MHz, 3996 MHz, 0 %, 0 %
2026/03/23 22:55:31.868, 0, 229.50 W, 28, 2032 MHz, 3996 MHz, 9 %, 0 %
2026/03/23 22:55:31.868, 1, 234.76 W, 30, 2032 MHz, 3996 MHz, 10 %, 0 %
2026/03/23 22:55:31.868, 2, 235.07 W, 28, 2032 MHz, 3996 MHz, 5 %, 0 %
2026/03/23 22:55:31.868, 3, 235.19 W, 31, 2032 MHz, 3996 MHz, 9 %, 0 %
2026/03/23 22:55:31.868, 4, 179.26 W, 26, 120 MHz, 3996 MHz, 0 %, 0 %
2026/03/23 22:55:31.868, 5, 180.58 W, 28, 120 MHz, 3996 MHz, 0 %, 0 %
2026/03/23 22:55:31.868, 6, 178.26 W, 27, 120 MHz, 3996 MHz, 0 %, 0 %
2026/03/23 22:55:31.868, 7, 176.58 W, 28, 120 MHz, 3996 MHz, 0 %, 0 %
2026/03/23 22:55:32.868, 0, 229.47 W, 28, 2032 MHz, 3996 MHz, 10 %, 0 %
2026/03/23 22:55:32.868, 1, 234.73 W, 30, 2032 MHz, 3996 MHz, 11 %, 0 %
2026/03/23 22:55:32.868, 2, 235.05 W, 28, 2032 MHz, 3996 MHz, 5 %, 0 %
2026/03/23 22:55:32.868, 3, 235.33 W, 31, 2032 MHz, 3996 MHz, 12 %, 0 %
2026/03/23 22:55:32.868, 4, 179.09 W, 26, 120 MHz, 3996 MHz, 0 %, 0 %
2026/03/23 22:55:32.868, 5, 180.58 W, 28, 120 MHz, 3996 MHz, 0 %, 0 %
2026/03/23 22:55:32.868, 6, 178.52 W, 27, 120 MHz, 3996 MHz, 0 %, 0 %
2026/03/23 22:55:32.868, 7, 176.58 W, 28, 120 MHz, 3996 MHz, 0 %, 0 %
2026/03/23 22:55:33.868, 0, 229.66 W, 28, 2032 MHz, 3996 MHz, 9 %, 0 %
2026/03/23 22:55:33.868, 1, 234.65 W, 30, 2032 MHz, 3996 MHz, 11 %, 0 %
2026/03/23 22:55:33.868, 2, 235.30 W, 28, 2032 MHz, 3996 MHz, 5 %, 0 %
2026/03/23 22:55:33.868, 3, 235.23 W, 31, 2032 MHz, 3996 MHz, 11 %, 0 %
2026/03/23 22:55:33.868, 4, 179.09 W, 26, 120 MHz, 3996 MHz, 0 %, 0 %
2026/03/23 22:55:33.868, 5, 180.58 W, 28, 120 MHz, 3996 MHz, 0 %, 0 %
2026/03/23 22:55:33.868, 6, 178.15 W, 27, 120 MHz, 3996 MHz, 0 %, 0 %
2026/03/23 22:55:33.868, 7, 176.59 W, 28, 120 MHz, 3996 MHz, 0 %, 0 %
2026/03/23 22:55:34.868, 0, 229.42 W, 28, 2032 MHz, 3996 MHz, 9 %, 0 %
2026/03/23 22:55:34.868, 1, 234.57 W, 30, 2032 MHz, 3996 MHz, 10 %, 0 %
2026/03/23 22:55:34.868, 2, 235.31 W, 28, 2032 MHz, 3996 MHz, 12 %, 0 %
2026/03/23 22:55:34.868, 3, 235.17 W, 30, 2032 MHz, 3996 MHz, 11 %, 0 %
2026/03/23 22:55:34.868, 4, 179.17 W, 26, 120 MHz, 3996 MHz, 0 %, 0 %
2026/03/23 22:55:34.868, 5, 180.58 W, 28, 120 MHz, 3996 MHz, 0 %, 0 %
2026/03/23 22:55:34.868, 6, 178.37 W, 27, 120 MHz, 3996 MHz, 0 %, 0 %
2026/03/23 22:55:34.868, 7, 176.58 W, 28, 120 MHz, 3996 MHz, 0 %, 0 %
2026/03/23 22:55:35.868, 0, 229.62 W, 28, 2032 MHz, 3996 MHz, 10 %, 0 %
2026/03/23 22:55:35.868, 1, 234.59 W, 30, 2032 MHz, 3996 MHz, 9 %, 0 %
2026/03/23 22:55:35.868, 2, 235.26 W, 28, 2032 MHz, 3996 MHz, 12 %, 0 %
2026/03/23 22:55:35.868, 3, 235.24 W, 30, 2032 MHz, 3996 MHz, 12 %, 0 %
2026/03/23 22:55:35.868, 4, 179.23 W, 26, 120 MHz, 3996 MHz, 0 %, 0 %
2026/03/23 22:55:35.868, 5, 180.58 W, 28, 120 MHz, 3996 MHz, 0 %, 0 %
2026/03/23 22:55:35.868, 6, 178.53 W, 27, 120 MHz, 3996 MHz, 0 %, 0 %
2026/03/23 22:55:35.868, 7, 176.58 W, 28, 120 MHz, 3996 MHz, 0 %, 0 %
2026/03/23 22:55:36.868, 0, 229.69 W, 28, 2032 MHz, 3996 MHz, 12 %, 0 %
2026/03/23 22:55:36.868, 1, 234.62 W, 30, 2032 MHz, 3996 MHz, 10 %, 0 %
2026/03/23 22:55:36.868, 2, 235.14 W, 28, 2032 MHz, 3996 MHz, 12 %, 0 %
2026/03/23 22:55:36.868, 3, 235.40 W, 30, 2032 MHz, 3996 MHz, 5 %, 0 %
2026/03/23 22:55:36.868, 4, 179.12 W, 26, 120 MHz, 3996 MHz, 0 %, 0 %
2026/03/23 22:55:36.868, 5, 180.58 W, 28, 120 MHz, 3996 MHz, 0 %, 0 %
2026/03/23 22:55:36.869, 6, 178.30 W, 27, 120 MHz, 3996 MHz, 0 %, 0 %
2026/03/23 22:55:36.869, 7, 176.58 W, 28, 120 MHz, 3996 MHz, 0 %, 0 %
2026/03/23 22:55:37.869, 0, 229.62 W, 28, 2032 MHz, 3996 MHz, 12 %, 0 %
2026/03/23 22:55:37.869, 1, 234.41 W, 30, 2032 MHz, 3996 MHz, 7 %, 0 %
2026/03/23 22:55:37.869, 2, 234.93 W, 28, 2032 MHz, 3996 MHz, 5 %, 0 %
2026/03/23 22:55:37.869, 3, 235.23 W, 30, 2032 MHz, 3996 MHz, 5 %, 0 %
2026/03/23 22:55:37.869, 4, 179.15 W, 26, 120 MHz, 3996 MHz, 0 %, 0 %
2026/03/23 22:55:37.869, 5, 180.58 W, 28, 120 MHz, 3996 MHz, 0 %, 0 %
2026/03/23 22:55:37.869, 6, 178.53 W, 27, 120 MHz, 3996 MHz, 0 %, 0 %
2026/03/23 22:55:37.869, 7, 176.59 W, 28, 120 MHz, 3996 MHz, 0 %, 0 %
2026/03/23 22:55:38.869, 0, 229.66 W, 28, 2032 MHz, 3996 MHz, 9 %, 0 %
2026/03/23 22:55:38.869, 1, 234.52 W, 30, 2032 MHz, 3996 MHz, 6 %, 0 %
2026/03/23 22:55:38.869, 2, 235.16 W, 28, 2032 MHz, 3996 MHz, 5 %, 0 %
2026/03/23 22:55:38.869, 3, 235.30 W, 30, 2032 MHz, 3996 MHz, 11 %, 0 %
2026/03/23 22:55:38.869, 4, 179.05 W, 26, 120 MHz, 3996 MHz, 0 %, 0 %
2026/03/23 22:55:38.869, 5, 180.58 W, 28, 120 MHz, 3996 MHz, 0 %, 0 %
2026/03/23 22:55:38.869, 6, 178.37 W, 27, 120 MHz, 3996 MHz, 0 %, 0 %
2026/03/23 22:55:38.869, 7, 176.58 W, 28, 120 MHz, 3996 MHz, 0 %, 0 %
2026/03/23 22:55:39.869, 0, 229.51 W, 28, 2032 MHz, 3996 MHz, 9 %, 0 %
2026/03/23 22:55:39.869, 1, 234.53 W, 30, 2032 MHz, 3996 MHz, 5 %, 0 %
2026/03/23 22:55:39.869, 2, 235.30 W, 28, 2032 MHz, 3996 MHz, 11 %, 0 %
2026/03/23 22:55:39.869, 3, 235.23 W, 30, 2032 MHz, 3996 MHz, 12 %, 0 %
2026/03/23 22:55:39.869, 4, 179.47 W, 26, 120 MHz, 3996 MHz, 0 %, 0 %
2026/03/23 22:55:39.869, 5, 180.58 W, 28, 120 MHz, 3996 MHz, 0 %, 0 %
2026/03/23 22:55:39.869, 6, 178.45 W, 27, 120 MHz, 3996 MHz, 0 %, 0 %
2026/03/23 22:55:39.869, 7, 176.58 W, 28, 120 MHz, 3996 MHz, 0 %, 0 %
2026/03/23 22:55:40.869, 0, 229.42 W, 28, 2032 MHz, 3996 MHz, 9 %, 0 %
2026/03/23 22:55:40.869, 1, 234.41 W, 30, 2032 MHz, 3996 MHz, 5 %, 0 %
2026/03/23 22:55:40.869, 2, 235.24 W, 28, 2032 MHz, 3996 MHz, 12 %, 0 %
2026/03/23 22:55:40.869, 3, 235.15 W, 30, 2032 MHz, 3996 MHz, 11 %, 0 %
2026/03/23 22:55:40.869, 4, 179.13 W, 26, 120 MHz, 3996 MHz, 0 %, 0 %
2026/03/23 22:55:40.869, 5, 180.58 W, 28, 120 MHz, 3996 MHz, 0 %, 0 %
2026/03/23 22:55:40.869, 6, 178.52 W, 27, 120 MHz, 3996 MHz, 0 %, 0 %
2026/03/23 22:55:40.869, 7, 176.58 W, 28, 120 MHz, 3996 MHz, 0 %, 0 %
2026/03/23 22:55:41.869, 0, 229.50 W, 28, 2032 MHz, 3996 MHz, 5 %, 0 %
2026/03/23 22:55:41.869, 1, 234.41 W, 30, 2032 MHz, 3996 MHz, 5 %, 0 %
2026/03/23 22:55:41.869, 2, 235.12 W, 28, 2032 MHz, 3996 MHz, 12 %, 0 %
2026/03/23 22:55:41.869, 3, 235.45 W, 30, 2032 MHz, 3996 MHz, 12 %, 0 %
2026/03/23 22:55:41.869, 4, 178.93 W, 26, 120 MHz, 3996 MHz, 0 %, 0 %
2026/03/23 22:55:41.869, 5, 180.58 W, 28, 120 MHz, 3996 MHz, 0 %, 0 %
2026/03/23 22:55:41.869, 6, 178.53 W, 27, 120 MHz, 3996 MHz, 0 %, 0 %
2026/03/23 22:55:41.869, 7, 176.58 W, 28, 120 MHz, 3996 MHz, 0 %, 0 %
2026/03/23 22:55:42.869, 0, 229.55 W, 28, 2032 MHz, 3996 MHz, 5 %, 0 %
2026/03/23 22:55:42.869, 1, 234.59 W, 30, 2032 MHz, 3996 MHz, 11 %, 0 %
2026/03/23 22:55:42.869, 2, 235.01 W, 28, 2032 MHz, 3996 MHz, 9 %, 0 %
2026/03/23 22:55:42.869, 3, 235.18 W, 30, 2032 MHz, 3996 MHz, 6 %, 0 %
2026/03/23 22:55:42.869, 4, 179.05 W, 26, 120 MHz, 3996 MHz, 0 %, 0 %
2026/03/23 22:55:42.869, 5, 180.62 W, 28, 120 MHz, 3996 MHz, 0 %, 0 %
2026/03/23 22:55:42.869, 6, 178.33 W, 27, 120 MHz, 3996 MHz, 0 %, 0 %
2026/03/23 22:55:42.869, 7, 176.58 W, 28, 120 MHz, 3996 MHz, 0 %, 0 %
2026/03/23 22:55:43.870, 0, 229.54 W, 28, 2032 MHz, 3996 MHz, 6 %, 0 %
2026/03/23 22:55:43.870, 1, 234.55 W, 30, 2032 MHz, 3996 MHz, 10 %, 0 %
2026/03/23 22:55:43.870, 2, 235.15 W, 28, 2032 MHz, 3996 MHz, 4 %, 0 %
2026/03/23 22:55:43.870, 3, 235.12 W, 30, 2032 MHz, 3996 MHz, 6 %, 0 %
2026/03/23 22:55:43.870, 4, 179.09 W, 26, 120 MHz, 3996 MHz, 0 %, 0 %
2026/03/23 22:55:43.870, 5, 180.58 W, 28, 120 MHz, 3996 MHz, 0 %, 0 %
2026/03/23 22:55:43.870, 6, 178.26 W, 27, 120 MHz, 3996 MHz, 0 %, 0 %
2026/03/23 22:55:43.870, 7, 176.58 W, 28, 120 MHz, 3996 MHz, 0 %, 0 %
2026/03/23 22:55:44.870, 0, 229.46 W, 28, 2032 MHz, 3996 MHz, 9 %, 0 %
2026/03/23 22:55:44.870, 1, 234.62 W, 30, 2032 MHz, 3996 MHz, 10 %, 0 %
2026/03/23 22:55:44.870, 2, 235.09 W, 28, 2032 MHz, 3996 MHz, 5 %, 0 %
2026/03/23 22:55:44.870, 3, 235.19 W, 30, 2032 MHz, 3996 MHz, 5 %, 0 %
2026/03/23 22:55:44.870, 4, 179.26 W, 26, 120 MHz, 3996 MHz, 0 %, 0 %
2026/03/23 22:55:44.870, 5, 180.58 W, 28, 120 MHz, 3996 MHz, 0 %, 0 %
2026/03/23 22:55:44.870, 6, 178.49 W, 27, 120 MHz, 3996 MHz, 0 %, 0 %
2026/03/23 22:55:44.870, 7, 176.58 W, 28, 120 MHz, 3996 MHz, 0 %, 0 %
2026/03/23 22:55:45.870, 0, 229.55 W, 28, 2032 MHz, 3996 MHz, 9 %, 0 %
2026/03/23 22:55:45.870, 1, 234.62 W, 30, 2032 MHz, 3996 MHz, 11 %, 0 %
2026/03/23 22:55:45.870, 2, 235.31 W, 28, 2032 MHz, 3996 MHz, 9 %, 0 %
2026/03/23 22:55:45.870, 3, 235.34 W, 30, 2032 MHz, 3996 MHz, 12 %, 0 %
2026/03/23 22:55:45.870, 4, 179.23 W, 26, 120 MHz, 3996 MHz, 0 %, 0 %
2026/03/23 22:55:45.870, 5, 180.58 W, 28, 120 MHz, 3996 MHz, 0 %, 0 %
2026/03/23 22:55:45.870, 6, 178.41 W, 27, 120 MHz, 3996 MHz, 0 %, 0 %
2026/03/23 22:55:45.870, 7, 176.58 W, 28, 120 MHz, 3996 MHz, 0 %, 0 %
2026/03/23 22:55:46.870, 0, 229.36 W, 28, 2032 MHz, 3996 MHz, 9 %, 0 %
2026/03/23 22:55:46.870, 1, 234.60 W, 30, 2032 MHz, 3996 MHz, 11 %, 0 %
2026/03/23 22:55:46.870, 2, 235.26 W, 28, 2032 MHz, 3996 MHz, 12 %, 0 %
2026/03/23 22:55:46.870, 3, 235.39 W, 30, 2032 MHz, 3996 MHz, 10 %, 0 %
2026/03/23 22:55:46.870, 4, 179.36 W, 26, 120 MHz, 3996 MHz, 0 %, 0 %
2026/03/23 22:55:46.870, 5, 180.58 W, 28, 120 MHz, 3996 MHz, 0 %, 0 %
2026/03/23 22:55:46.870, 6, 178.34 W, 27, 120 MHz, 3996 MHz, 0 %, 0 %
2026/03/23 22:55:46.870, 7, 176.58 W, 28, 120 MHz, 3996 MHz, 0 %, 0 %
2026/03/23 22:55:47.870, 0, 229.77 W, 28, 2032 MHz, 3996 MHz, 8 %, 0 %
2026/03/23 22:55:47.870, 1, 234.55 W, 30, 2032 MHz, 3996 MHz, 10 %, 0 %
2026/03/23 22:55:47.870, 2, 235.27 W, 28, 2032 MHz, 3996 MHz, 12 %, 0 %
2026/03/23 22:55:47.870, 3, 235.23 W, 30, 2032 MHz, 3996 MHz, 11 %, 0 %
2026/03/23 22:55:47.870, 4, 179.23 W, 26, 120 MHz, 3996 MHz, 0 %, 0 %
2026/03/23 22:55:47.870, 5, 180.58 W, 28, 120 MHz, 3996 MHz, 0 %, 0 %
2026/03/23 22:55:47.870, 6, 178.37 W, 27, 120 MHz, 3996 MHz, 0 %, 0 %
2026/03/23 22:55:47.870, 7, 176.58 W, 28, 120 MHz, 3996 MHz, 0 %, 0 %
2026/03/23 22:55:48.870, 0, 229.47 W, 28, 2032 MHz, 3996 MHz, 5 %, 0 %
2026/03/23 22:55:48.870, 1, 234.61 W, 30, 2032 MHz, 3996 MHz, 10 %, 0 %
2026/03/23 22:55:48.870, 2, 234.97 W, 28, 2032 MHz, 3996 MHz, 12 %, 0 %
2026/03/23 22:55:48.870, 3, 235.15 W, 30, 2032 MHz, 3996 MHz, 11 %, 0 %
2026/03/23 22:55:48.870, 4, 179.34 W, 26, 120 MHz, 3996 MHz, 0 %, 0 %
2026/03/23 22:55:48.870, 5, 180.58 W, 28, 120 MHz, 3996 MHz, 0 %, 0 %
2026/03/23 22:55:48.870, 6, 178.57 W, 27, 120 MHz, 3996 MHz, 0 %, 0 %
2026/03/23 22:55:48.870, 7, 176.58 W, 28, 120 MHz, 3996 MHz, 0 %, 0 %
2026/03/23 22:55:49.870, 0, 229.65 W, 28, 2032 MHz, 3996 MHz, 8 %, 0 %
2026/03/23 22:55:49.870, 1, 234.60 W, 30, 2032 MHz, 3996 MHz, 8 %, 0 %
2026/03/23 22:55:49.870, 2, 234.91 W, 28, 2032 MHz, 3996 MHz, 5 %, 0 %
2026/03/23 22:55:49.870, 3, 235.30 W, 30, 2032 MHz, 3996 MHz, 6 %, 0 %
2026/03/23 22:55:49.870, 4, 179.17 W, 26, 120 MHz, 3996 MHz, 0 %, 0 %
2026/03/23 22:55:49.870, 5, 180.58 W, 28, 120 MHz, 3996 MHz, 0 %, 0 %
2026/03/23 22:55:49.870, 6, 178.45 W, 27, 120 MHz, 3996 MHz, 0 %, 0 %
2026/03/23 22:55:49.870, 7, 176.58 W, 28, 120 MHz, 3996 MHz, 0 %, 0 %
2026/03/23 22:55:50.871, 0, 229.21 W, 28, 2032 MHz, 3996 MHz, 5 %, 0 %
2026/03/23 22:55:50.871, 1, 234.43 W, 30, 2032 MHz, 3996 MHz, 5 %, 0 %
2026/03/23 22:55:50.871, 2, 235.05 W, 28, 2032 MHz, 3996 MHz, 5 %, 0 %
2026/03/23 22:55:50.871, 3, 235.26 W, 30, 2032 MHz, 3996 MHz, 6 %, 0 %
2026/03/23 22:55:50.871, 4, 179.09 W, 26, 120 MHz, 3996 MHz, 0 %, 0 %
2026/03/23 22:55:50.871, 5, 180.58 W, 28, 120 MHz, 3996 MHz, 0 %, 0 %
2026/03/23 22:55:50.871, 6, 178.41 W, 27, 120 MHz, 3996 MHz, 0 %, 0 %
2026/03/23 22:55:50.871, 7, 176.58 W, 28, 120 MHz, 3996 MHz, 0 %, 0 %
2026/03/23 22:55:51.871, 0, 229.40 W, 28, 2032 MHz, 3996 MHz, 5 %, 0 %
2026/03/23 22:55:51.871, 1, 234.39 W, 30, 2032 MHz, 3996 MHz, 5 %, 0 %
2026/03/23 22:55:51.871, 2, 235.30 W, 28, 2032 MHz, 3996 MHz, 8 %, 0 %
2026/03/23 22:55:51.871, 3, 235.34 W, 30, 2032 MHz, 3996 MHz, 5 %, 0 %
2026/03/23 22:55:51.871, 4, 179.38 W, 26, 120 MHz, 3996 MHz, 0 %, 0 %
2026/03/23 22:55:51.871, 5, 180.58 W, 28, 120 MHz, 3996 MHz, 0 %, 0 %
2026/03/23 22:55:51.871, 6, 178.49 W, 27, 120 MHz, 3996 MHz, 0 %, 0 %
2026/03/23 22:55:51.871, 7, 176.58 W, 28, 120 MHz, 3996 MHz, 0 %, 0 %
2026/03/23 22:55:52.871, 0, 229.50 W, 28, 2032 MHz, 3996 MHz, 5 %, 0 %
2026/03/23 22:55:52.871, 1, 234.52 W, 30, 2032 MHz, 3996 MHz, 7 %, 0 %
2026/03/23 22:55:52.871, 2, 235.35 W, 28, 2032 MHz, 3996 MHz, 13 %, 0 %
2026/03/23 22:55:52.871, 3, 235.28 W, 30, 2032 MHz, 3996 MHz, 12 %, 0 %
2026/03/23 22:55:52.871, 4, 178.97 W, 26, 120 MHz, 3996 MHz, 0 %, 0 %
2026/03/23 22:55:52.871, 5, 180.58 W, 28, 120 MHz, 3996 MHz, 0 %, 0 %
2026/03/23 22:55:52.871, 6, 178.45 W, 27, 120 MHz, 3996 MHz, 0 %, 0 %
2026/03/23 22:55:52.871, 7, 176.58 W, 28, 120 MHz, 3996 MHz, 0 %, 0 %
2026/03/23 22:55:53.871, 0, 229.59 W, 28, 2032 MHz, 3996 MHz, 5 %, 0 %
2026/03/23 22:55:53.871, 1, 234.56 W, 30, 2032 MHz, 3996 MHz, 11 %, 0 %
2026/03/23 22:55:53.871, 2, 235.27 W, 28, 2032 MHz, 3996 MHz, 11 %, 0 %
2026/03/23 22:55:53.871, 3, 235.48 W, 30, 2032 MHz, 3996 MHz, 12 %, 0 %
2026/03/23 22:55:53.871, 4, 179.21 W, 26, 120 MHz, 3996 MHz, 0 %, 0 %
2026/03/23 22:55:53.871, 5, 180.58 W, 28, 120 MHz, 3996 MHz, 0 %, 0 %
2026/03/23 22:55:53.871, 6, 178.26 W, 27, 120 MHz, 3996 MHz, 0 %, 0 %
2026/03/23 22:55:53.871, 7, 176.58 W, 28, 120 MHz, 3996 MHz, 0 %, 0 %
2026/03/23 22:55:54.871, 0, 229.51 W, 28, 2032 MHz, 3996 MHz, 5 %, 0 %
2026/03/23 22:55:54.871, 1, 234.55 W, 30, 2032 MHz, 3996 MHz, 10 %, 0 %
2026/03/23 22:55:54.871, 2, 234.95 W, 28, 2032 MHz, 3996 MHz, 11 %, 0 %
2026/03/23 22:55:54.871, 3, 235.05 W, 30, 2032 MHz, 3996 MHz, 11 %, 0 %
2026/03/23 22:55:54.871, 4, 179.25 W, 26, 120 MHz, 3996 MHz, 0 %, 0 %
2026/03/23 22:55:54.871, 5, 180.58 W, 28, 120 MHz, 3996 MHz, 0 %, 0 %
2026/03/23 22:55:54.871, 6, 178.21 W, 27, 120 MHz, 3996 MHz, 0 %, 0 %
2026/03/23 22:55:54.871, 7, 176.58 W, 28, 120 MHz, 3996 MHz, 0 %, 0 %
2026/03/23 22:55:55.871, 0, 229.58 W, 28, 2032 MHz, 3996 MHz, 4 %, 0 %
2026/03/23 22:55:55.871, 1, 234.57 W, 30, 2032 MHz, 3996 MHz, 11 %, 0 %
2026/03/23 22:55:55.871, 2, 234.93 W, 28, 2032 MHz, 3996 MHz, 4 %, 0 %
2026/03/23 22:55:55.871, 3, 235.17 W, 30, 2032 MHz, 3996 MHz, 11 %, 0 %
2026/03/23 22:55:55.871, 4, 179.30 W, 26, 120 MHz, 3996 MHz, 0 %, 0 %
2026/03/23 22:55:55.871, 5, 180.58 W, 28, 120 MHz, 3996 MHz, 0 %, 0 %
2026/03/23 22:55:55.871, 6, 178.45 W, 27, 120 MHz, 3996 MHz, 0 %, 0 %
2026/03/23 22:55:55.871, 7, 176.58 W, 28, 120 MHz, 3996 MHz, 0 %, 0 %
2026/03/23 22:55:56.871, 0, 229.55 W, 28, 2032 MHz, 3996 MHz, 5 %, 0 %
2026/03/23 22:55:56.872, 1, 234.51 W, 30, 2032 MHz, 3996 MHz, 10 %, 0 %
2026/03/23 22:55:56.872, 2, 235.22 W, 28, 2032 MHz, 3996 MHz, 6 %, 0 %
2026/03/23 22:55:56.872, 3, 235.18 W, 30, 2032 MHz, 3996 MHz, 6 %, 0 %
2026/03/23 22:55:56.872, 4, 179.06 W, 26, 120 MHz, 3996 MHz, 0 %, 0 %
2026/03/23 22:55:56.872, 5, 180.58 W, 28, 120 MHz, 3996 MHz, 0 %, 0 %
2026/03/23 22:55:56.872, 6, 178.53 W, 27, 120 MHz, 3996 MHz, 0 %, 0 %
2026/03/23 22:55:56.872, 7, 176.58 W, 28, 120 MHz, 3996 MHz, 0 %, 0 %
2026/03/23 22:55:57.872, 0, 229.65 W, 28, 2032 MHz, 3996 MHz, 8 %, 0 %
2026/03/23 22:55:57.872, 1, 234.55 W, 30, 2032 MHz, 3996 MHz, 11 %, 0 %
2026/03/23 22:55:57.872, 2, 235.24 W, 28, 2032 MHz, 3996 MHz, 10 %, 0 %
2026/03/23 22:55:57.872, 3, 235.04 W, 30, 2032 MHz, 3996 MHz, 5 %, 0 %
2026/03/23 22:55:57.872, 4, 179.14 W, 26, 120 MHz, 3996 MHz, 0 %, 0 %
2026/03/23 22:55:57.872, 5, 180.58 W, 28, 120 MHz, 3996 MHz, 0 %, 0 %
2026/03/23 22:55:57.872, 6, 178.45 W, 27, 120 MHz, 3996 MHz, 0 %, 0 %
2026/03/23 22:55:57.872, 7, 176.58 W, 28, 120 MHz, 3996 MHz, 0 %, 0 %
2026/03/23 22:55:58.872, 0, 229.62 W, 28, 2032 MHz, 3996 MHz, 10 %, 0 %
2026/03/23 22:55:58.872, 1, 234.42 W, 30, 2032 MHz, 3996 MHz, 11 %, 0 %
2026/03/23 22:55:58.872, 2, 235.18 W, 28, 2032 MHz, 3996 MHz, 11 %, 0 %
2026/03/23 22:55:58.872, 3, 235.17 W, 30, 2032 MHz, 3996 MHz, 5 %, 0 %
2026/03/23 22:55:58.872, 4, 179.13 W, 26, 120 MHz, 3996 MHz, 0 %, 0 %
2026/03/23 22:55:58.872, 5, 180.58 W, 28, 120 MHz, 3996 MHz, 0 %, 0 %
2026/03/23 22:55:58.872, 6, 178.37 W, 27, 120 MHz, 3996 MHz, 0 %, 0 %
2026/03/23 22:55:58.872, 7, 176.58 W, 28, 120 MHz, 3996 MHz, 0 %, 0 %
2026/03/23 22:55:59.872, 0, 229.47 W, 28, 2032 MHz, 3996 MHz, 9 %, 0 %
2026/03/23 22:55:59.872, 1, 234.32 W, 30, 2032 MHz, 3996 MHz, 6 %, 0 %
2026/03/23 22:55:59.872, 2, 235.26 W, 28, 2032 MHz, 3996 MHz, 12 %, 0 %
2026/03/23 22:55:59.872, 3, 235.27 W, 30, 2032 MHz, 3996 MHz, 5 %, 0 %
2026/03/23 22:55:59.872, 4, 178.98 W, 26, 120 MHz, 3996 MHz, 0 %, 0 %
2026/03/23 22:55:59.872, 5, 180.58 W, 28, 120 MHz, 3996 MHz, 0 %, 0 %
2026/03/23 22:55:59.872, 6, 178.41 W, 27, 120 MHz, 3996 MHz, 0 %, 0 %
2026/03/23 22:55:59.872, 7, 176.58 W, 28, 120 MHz, 3996 MHz, 0 %, 0 %
2026/03/23 22:56:00.872, 0, 229.69 W, 28, 2032 MHz, 3996 MHz, 9 %, 0 %
2026/03/23 22:56:00.872, 1, 234.51 W, 30, 2032 MHz, 3996 MHz, 6 %, 0 %
2026/03/23 22:56:00.872, 2, 235.16 W, 28, 2032 MHz, 3996 MHz, 11 %, 0 %
2026/03/23 22:56:00.872, 3, 235.18 W, 30, 2032 MHz, 3996 MHz, 11 %, 0 %
2026/03/23 22:56:00.872, 4, 179.14 W, 26, 120 MHz, 3996 MHz, 0 %, 0 %
2026/03/23 22:56:00.872, 5, 180.58 W, 28, 120 MHz, 3996 MHz, 0 %, 0 %
2026/03/23 22:56:00.872, 6, 178.41 W, 27, 120 MHz, 3996 MHz, 0 %, 0 %
2026/03/23 22:56:00.872, 7, 176.58 W, 28, 120 MHz, 3996 MHz, 0 %, 0 %
2026/03/23 22:56:01.872, 0, 229.54 W, 28, 2032 MHz, 3996 MHz, 12 %, 0 %
2026/03/23 22:56:01.872, 1, 234.43 W, 30, 2032 MHz, 3996 MHz, 6 %, 0 %
2026/03/23 22:56:01.872, 2, 234.97 W, 28, 2032 MHz, 3996 MHz, 7 %, 0 %
2026/03/23 22:56:01.872, 3, 235.37 W, 30, 2032 MHz, 3996 MHz, 12 %, 0 %
2026/03/23 22:56:01.872, 4, 179.09 W, 26, 120 MHz, 3996 MHz, 0 %, 0 %
2026/03/23 22:56:01.872, 5, 180.58 W, 28, 120 MHz, 3996 MHz, 0 %, 0 %
2026/03/23 22:56:01.872, 6, 178.49 W, 27, 120 MHz, 3996 MHz, 0 %, 0 %
2026/03/23 22:56:01.872, 7, 176.58 W, 28, 120 MHz, 3996 MHz, 0 %, 0 %
2026/03/23 22:56:02.872, 0, 229.46 W, 28, 2032 MHz, 3996 MHz, 11 %, 0 %
2026/03/23 22:56:02.872, 1, 234.30 W, 30, 2032 MHz, 3996 MHz, 5 %, 0 %
2026/03/23 22:56:02.872, 2, 235.03 W, 28, 2032 MHz, 3996 MHz, 5 %, 0 %
2026/03/23 22:56:02.872, 3, 235.21 W, 30, 2032 MHz, 3996 MHz, 12 %, 0 %
2026/03/23 22:56:02.872, 4, 179.12 W, 26, 120 MHz, 3996 MHz, 0 %, 0 %
2026/03/23 22:56:02.872, 5, 180.58 W, 28, 120 MHz, 3996 MHz, 0 %, 0 %
2026/03/23 22:56:02.872, 6, 178.29 W, 27, 120 MHz, 3996 MHz, 0 %, 0 %
2026/03/23 22:56:02.873, 7, 176.58 W, 28, 120 MHz, 3996 MHz, 0 %, 0 %
2026/03/23 22:56:03.873, 0, 229.51 W, 28, 2032 MHz, 3996 MHz, 7 %, 0 %
2026/03/23 22:56:03.873, 1, 234.38 W, 30, 2032 MHz, 3996 MHz, 5 %, 0 %
2026/03/23 22:56:03.873, 2, 235.20 W, 28, 2032 MHz, 3996 MHz, 6 %, 0 %
2026/03/23 22:56:03.873, 3, 235.13 W, 30, 2032 MHz, 3996 MHz, 11 %, 0 %
2026/03/23 22:56:03.873, 4, 179.03 W, 26, 120 MHz, 3996 MHz, 0 %, 0 %
2026/03/23 22:56:03.873, 5, 180.58 W, 28, 120 MHz, 3996 MHz, 0 %, 0 %
2026/03/23 22:56:03.873, 6, 178.41 W, 27, 120 MHz, 3996 MHz, 0 %, 0 %
2026/03/23 22:56:03.873, 7, 176.58 W, 28, 120 MHz, 3996 MHz, 0 %, 0 %
2026/03/23 22:56:04.873, 0, 229.38 W, 28, 2032 MHz, 3996 MHz, 5 %, 0 %
2026/03/23 22:56:04.873, 1, 234.44 W, 30, 2032 MHz, 3996 MHz, 6 %, 0 %
2026/03/23 22:56:04.873, 2, 235.34 W, 28, 2032 MHz, 3996 MHz, 11 %, 0 %
2026/03/23 22:56:04.873, 3, 235.28 W, 30, 2032 MHz, 3996 MHz, 8 %, 0 %
2026/03/23 22:56:04.873, 4, 179.05 W, 26, 120 MHz, 3996 MHz, 0 %, 0 %
2026/03/23 22:56:04.873, 5, 180.58 W, 28, 120 MHz, 3996 MHz, 0 %, 0 %
2026/03/23 22:56:04.873, 6, 178.45 W, 27, 120 MHz, 3996 MHz, 0 %, 0 %
2026/03/23 22:56:04.873, 7, 176.58 W, 28, 120 MHz, 3996 MHz, 0 %, 0 %
2026/03/23 22:56:05.873, 0, 229.36 W, 28, 2032 MHz, 3996 MHz, 5 %, 0 %
2026/03/23 22:56:05.873, 1, 234.65 W, 30, 2032 MHz, 3996 MHz, 6 %, 0 %
2026/03/23 22:56:05.873, 2, 235.27 W, 28, 2032 MHz, 3996 MHz, 11 %, 0 %
2026/03/23 22:56:05.873, 3, 235.20 W, 30, 2032 MHz, 3996 MHz, 5 %, 0 %
2026/03/23 22:56:05.873, 4, 179.28 W, 26, 120 MHz, 3996 MHz, 0 %, 0 %
2026/03/23 22:56:05.873, 5, 180.58 W, 28, 120 MHz, 3996 MHz, 0 %, 0 %
2026/03/23 22:56:05.873, 6, 178.37 W, 27, 120 MHz, 3996 MHz, 0 %, 0 %
2026/03/23 22:56:05.873, 7, 176.58 W, 28, 120 MHz, 3996 MHz, 0 %, 0 %
2026/03/23 22:56:06.873, 0, 229.55 W, 28, 2032 MHz, 3996 MHz, 5 %, 0 %
2026/03/23 22:56:06.873, 1, 234.51 W, 30, 2032 MHz, 3996 MHz, 6 %, 0 %
2026/03/23 22:56:06.873, 2, 235.22 W, 28, 2032 MHz, 3996 MHz, 13 %, 0 %
2026/03/23 22:56:06.873, 3, 235.15 W, 30, 2032 MHz, 3996 MHz, 6 %, 0 %
2026/03/23 22:56:06.873, 4, 179.02 W, 26, 120 MHz, 3996 MHz, 0 %, 0 %
2026/03/23 22:56:06.873, 5, 180.58 W, 28, 120 MHz, 3996 MHz, 0 %, 0 %
2026/03/23 22:56:06.873, 6, 178.33 W, 27, 120 MHz, 3996 MHz, 0 %, 0 %
2026/03/23 22:56:06.873, 7, 176.58 W, 28, 120 MHz, 3996 MHz, 0 %, 0 %
2026/03/23 22:56:07.873, 0, 229.51 W, 28, 2032 MHz, 3996 MHz, 5 %, 0 %
2026/03/23 22:56:07.873, 1, 234.60 W, 30, 2032 MHz, 3996 MHz, 6 %, 0 %
2026/03/23 22:56:07.873, 2, 235.01 W, 28, 2032 MHz, 3996 MHz, 10 %, 0 %
2026/03/23 22:56:07.873, 3, 235.15 W, 30, 2032 MHz, 3996 MHz, 5 %, 0 %
2026/03/23 22:56:07.873, 4, 178.86 W, 26, 120 MHz, 3996 MHz, 0 %, 0 %
2026/03/23 22:56:07.873, 5, 180.58 W, 28, 120 MHz, 3996 MHz, 0 %, 0 %
2026/03/23 22:56:07.873, 6, 178.34 W, 27, 120 MHz, 3996 MHz, 0 %, 0 %
2026/03/23 22:56:07.873, 7, 176.58 W, 28, 120 MHz, 3996 MHz, 0 %, 0 %
2026/03/23 22:56:08.873, 0, 229.27 W, 28, 2032 MHz, 3996 MHz, 5 %, 0 %
2026/03/23 22:56:08.873, 1, 234.61 W, 30, 2032 MHz, 3996 MHz, 6 %, 0 %
2026/03/23 22:56:08.873, 2, 235.07 W, 28, 2032 MHz, 3996 MHz, 4 %, 0 %
2026/03/23 22:56:08.873, 3, 235.42 W, 30, 2032 MHz, 3996 MHz, 12 %, 0 %
2026/03/23 22:56:08.873, 4, 179.13 W, 26, 120 MHz, 3996 MHz, 0 %, 0 %
2026/03/23 22:56:08.873, 5, 180.58 W, 28, 120 MHz, 3996 MHz, 0 %, 0 %
2026/03/23 22:56:08.873, 6, 178.53 W, 27, 120 MHz, 3996 MHz, 0 %, 0 %
2026/03/23 22:56:08.873, 7, 176.58 W, 28, 120 MHz, 3996 MHz, 0 %, 0 %
2026/03/23 22:56:09.874, 0, 229.47 W, 28, 2032 MHz, 3996 MHz, 5 %, 0 %
2026/03/23 22:56:09.874, 1, 234.56 W, 30, 2032 MHz, 3996 MHz, 6 %, 0 %
2026/03/23 22:56:09.874, 2, 235.11 W, 28, 2032 MHz, 3996 MHz, 7 %, 0 %
2026/03/23 22:56:09.874, 3, 235.21 W, 30, 2032 MHz, 3996 MHz, 11 %, 0 %
2026/03/23 22:56:09.874, 4, 179.20 W, 26, 120 MHz, 3996 MHz, 0 %, 0 %
2026/03/23 22:56:09.874, 5, 180.62 W, 28, 120 MHz, 3996 MHz, 0 %, 0 %
2026/03/23 22:56:09.874, 6, 178.52 W, 27, 120 MHz, 3996 MHz, 0 %, 0 %
2026/03/23 22:56:09.874, 7, 176.58 W, 28, 120 MHz, 3996 MHz, 0 %, 0 %
2026/03/23 22:56:10.874, 0, 229.50 W, 28, 2032 MHz, 3996 MHz, 9 %, 0 %
2026/03/23 22:56:10.874, 1, 234.59 W, 30, 2032 MHz, 3996 MHz, 7 %, 0 %
2026/03/23 22:56:10.874, 2, 235.24 W, 28, 2032 MHz, 3996 MHz, 7 %, 0 %
2026/03/23 22:56:10.874, 3, 235.39 W, 30, 2032 MHz, 3996 MHz, 12 %, 0 %
2026/03/23 22:56:10.874, 4, 179.18 W, 26, 120 MHz, 3996 MHz, 0 %, 0 %
2026/03/23 22:56:10.874, 5, 180.58 W, 28, 120 MHz, 3996 MHz, 0 %, 0 %
2026/03/23 22:56:10.874, 6, 178.30 W, 27, 120 MHz, 3996 MHz, 0 %, 0 %
2026/03/23 22:56:10.874, 7, 176.58 W, 28, 120 MHz, 3996 MHz, 0 %, 0 %
2026/03/23 22:56:11.874, 0, 229.51 W, 28, 2032 MHz, 3996 MHz, 12 %, 0 %
2026/03/23 22:56:11.874, 1, 234.48 W, 30, 2032 MHz, 3996 MHz, 8 %, 0 %
2026/03/23 22:56:11.874, 2, 235.22 W, 28, 2032 MHz, 3996 MHz, 6 %, 0 %
2026/03/23 22:56:11.874, 3, 235.11 W, 30, 2032 MHz, 3996 MHz, 11 %, 0 %
2026/03/23 22:56:11.874, 4, 179.13 W, 26, 120 MHz, 3996 MHz, 0 %, 0 %
2026/03/23 22:56:11.874, 5, 180.58 W, 28, 120 MHz, 3996 MHz, 0 %, 0 %
2026/03/23 22:56:11.874, 6, 178.41 W, 27, 120 MHz, 3996 MHz, 0 %, 0 %
2026/03/23 22:56:11.874, 7, 176.58 W, 28, 120 MHz, 3996 MHz, 0 %, 0 %
2026/03/23 22:56:12.874, 0, 229.46 W, 28, 2032 MHz, 3996 MHz, 12 %, 0 %
2026/03/23 22:56:12.874, 1, 234.65 W, 30, 2032 MHz, 3996 MHz, 7 %, 0 %
2026/03/23 22:56:12.874, 2, 235.27 W, 28, 2032 MHz, 3996 MHz, 9 %, 0 %
2026/03/23 22:56:12.874, 3, 235.08 W, 30, 2032 MHz, 3996 MHz, 9 %, 0 %
2026/03/23 22:56:12.874, 4, 179.13 W, 26, 120 MHz, 3996 MHz, 0 %, 0 %
2026/03/23 22:56:12.874, 5, 180.58 W, 28, 120 MHz, 3996 MHz, 0 %, 0 %
2026/03/23 22:56:12.874, 6, 178.34 W, 27, 120 MHz, 3996 MHz, 0 %, 0 %
2026/03/23 22:56:12.874, 7, 176.58 W, 28, 120 MHz, 3996 MHz, 0 %, 0 %
2026/03/23 22:56:13.874, 0, 229.62 W, 28, 2032 MHz, 3996 MHz, 10 %, 0 %
2026/03/23 22:56:13.874, 1, 234.41 W, 30, 2032 MHz, 3996 MHz, 6 %, 0 %
2026/03/23 22:56:13.874, 2, 234.48 W, 28, 2032 MHz, 3996 MHz, 0 %, 0 %
2026/03/23 22:56:13.874, 3, 235.07 W, 30, 2032 MHz, 3996 MHz, 6 %, 0 %
2026/03/23 22:56:13.874, 4, 179.32 W, 26, 120 MHz, 3996 MHz, 0 %, 0 %
2026/03/23 22:56:13.874, 5, 180.58 W, 28, 120 MHz, 3996 MHz, 0 %, 0 %
2026/03/23 22:56:13.874, 6, 178.29 W, 27, 120 MHz, 3996 MHz, 0 %, 0 %
2026/03/23 22:56:13.874, 7, 176.58 W, 28, 120 MHz, 3996 MHz, 0 %, 0 %
2026/03/23 22:56:14.874, 0, 229.74 W, 28, 2032 MHz, 3996 MHz, 11 %, 0 %
2026/03/23 22:56:14.874, 1, 234.44 W, 30, 2032 MHz, 3996 MHz, 6 %, 0 %
2026/03/23 22:56:14.874, 2, 234.02 W, 28, 2032 MHz, 3996 MHz, 0 %, 0 %
2026/03/23 22:56:14.874, 3, 235.00 W, 30, 2032 MHz, 3996 MHz, 0 %, 0 %
2026/03/23 22:56:14.874, 4, 179.17 W, 26, 120 MHz, 3996 MHz, 0 %, 0 %
2026/03/23 22:56:14.874, 5, 180.62 W, 28, 120 MHz, 3996 MHz, 0 %, 0 %
2026/03/23 22:56:14.874, 6, 178.37 W, 27, 120 MHz, 3996 MHz, 0 %, 0 %
2026/03/23 22:56:14.874, 7, 176.58 W, 28, 120 MHz, 3996 MHz, 0 %, 0 %
2026/03/23 22:56:15.874, 0, 229.50 W, 28, 2032 MHz, 3996 MHz, 10 %, 0 %
2026/03/23 22:56:15.874, 1, 234.40 W, 30, 2032 MHz, 3996 MHz, 5 %, 0 %
2026/03/23 22:56:15.874, 2, 234.02 W, 28, 2032 MHz, 3996 MHz, 0 %, 0 %
2026/03/23 22:56:15.874, 3, 234.14 W, 30, 2032 MHz, 3996 MHz, 0 %, 0 %
2026/03/23 22:56:15.874, 4, 179.21 W, 26, 120 MHz, 3996 MHz, 0 %, 0 %
2026/03/23 22:56:15.874, 5, 180.58 W, 28, 120 MHz, 3996 MHz, 0 %, 0 %
2026/03/23 22:56:15.874, 6, 178.49 W, 27, 120 MHz, 3996 MHz, 0 %, 0 %
2026/03/23 22:56:15.875, 7, 176.58 W, 28, 120 MHz, 3996 MHz, 0 %, 0 %
2026/03/23 22:56:16.875, 0, 229.51 W, 28, 2032 MHz, 3996 MHz, 5 %, 0 %
2026/03/23 22:56:16.875, 1, 234.38 W, 30, 2032 MHz, 3996 MHz, 5 %, 0 %
2026/03/23 22:56:16.875, 2, 234.02 W, 28, 2032 MHz, 3996 MHz, 0 %, 0 %
2026/03/23 22:56:16.875, 3, 234.65 W, 30, 2032 MHz, 3996 MHz, 0 %, 0 %
2026/03/23 22:56:16.875, 4, 179.10 W, 26, 120 MHz, 3996 MHz, 0 %, 0 %
2026/03/23 22:56:16.875, 5, 180.58 W, 28, 120 MHz, 3996 MHz, 0 %, 0 %
2026/03/23 22:56:16.875, 6, 178.34 W, 27, 120 MHz, 3996 MHz, 0 %, 0 %
2026/03/23 22:56:16.875, 7, 176.58 W, 28, 120 MHz, 3996 MHz, 0 %, 0 %
2026/03/23 22:56:17.875, 0, 229.67 W, 28, 2032 MHz, 3996 MHz, 6 %, 0 %
2026/03/23 22:56:17.875, 1, 233.42 W, 30, 2032 MHz, 3996 MHz, 0 %, 0 %
2026/03/23 22:56:17.875, 2, 247.08 W, 28, 2032 MHz, 3996 MHz, 18 %, 3 %
2026/03/23 22:56:17.875, 3, 234.28 W, 30, 2032 MHz, 3996 MHz, 0 %, 0 %
2026/03/23 22:56:17.875, 4, 179.06 W, 26, 120 MHz, 3996 MHz, 0 %, 0 %
2026/03/23 22:56:17.875, 5, 180.62 W, 28, 120 MHz, 3996 MHz, 0 %, 0 %
2026/03/23 22:56:17.875, 6, 178.34 W, 27, 120 MHz, 3996 MHz, 0 %, 0 %
2026/03/23 22:56:17.875, 7, 176.58 W, 28, 120 MHz, 3996 MHz, 0 %, 0 %
2026/03/23 22:56:18.875, 0, 229.48 W, 28, 2032 MHz, 3996 MHz, 11 %, 0 %
2026/03/23 22:56:18.875, 1, 265.03 W, 31, 2032 MHz, 3996 MHz, 19 %, 4 %
2026/03/23 22:56:18.875, 2, 289.03 W, 28, 2032 MHz, 3996 MHz, 21 %, 4 %
2026/03/23 22:56:18.875, 3, 286.27 W, 31, 2032 MHz, 3996 MHz, 13 %, 2 %
2026/03/23 22:56:18.875, 4, 179.22 W, 26, 120 MHz, 3996 MHz, 0 %, 0 %
2026/03/23 22:56:18.875, 5, 180.62 W, 28, 120 MHz, 3996 MHz, 0 %, 0 %
2026/03/23 22:56:18.875, 6, 178.49 W, 27, 120 MHz, 3996 MHz, 0 %, 0 %
2026/03/23 22:56:18.875, 7, 176.58 W, 28, 120 MHz, 3996 MHz, 0 %, 0 %
2026/03/23 22:56:19.875, 0, 279.11 W, 29, 2032 MHz, 3996 MHz, 20 %, 4 %
2026/03/23 22:56:19.875, 1, 285.68 W, 31, 2032 MHz, 3996 MHz, 16 %, 4 %
2026/03/23 22:56:19.875, 2, 289.21 W, 28, 2032 MHz, 3996 MHz, 21 %, 4 %
2026/03/23 22:56:19.875, 3, 284.27 W, 32, 2032 MHz, 3996 MHz, 19 %, 4 %
2026/03/23 22:56:19.875, 4, 179.09 W, 26, 120 MHz, 3996 MHz, 0 %, 0 %
2026/03/23 22:56:19.875, 5, 180.58 W, 28, 120 MHz, 3996 MHz, 0 %, 0 %
2026/03/23 22:56:19.875, 6, 178.41 W, 27, 120 MHz, 3996 MHz, 0 %, 0 %
2026/03/23 22:56:19.875, 7, 176.58 W, 28, 120 MHz, 3996 MHz, 0 %, 0 %
2026/03/23 22:56:20.875, 0, 280.35 W, 29, 2032 MHz, 3996 MHz, 11 %, 2 %
2026/03/23 22:56:20.875, 1, 280.96 W, 31, 2032 MHz, 3996 MHz, 12 %, 2 %
2026/03/23 22:56:20.875, 2, 286.12 W, 29, 2032 MHz, 3996 MHz, 21 %, 4 %
2026/03/23 22:56:20.875, 3, 286.39 W, 32, 2032 MHz, 3996 MHz, 21 %, 4 %
2026/03/23 22:56:20.875, 4, 179.02 W, 26, 120 MHz, 3996 MHz, 0 %, 0 %
2026/03/23 22:56:20.875, 5, 180.58 W, 28, 120 MHz, 3996 MHz, 0 %, 0 %
2026/03/23 22:56:20.875, 6, 178.60 W, 27, 120 MHz, 3996 MHz, 0 %, 0 %
2026/03/23 22:56:20.875, 7, 176.58 W, 28, 120 MHz, 3996 MHz, 0 %, 0 %
2026/03/23 22:56:21.875, 0, 283.39 W, 29, 2032 MHz, 3996 MHz, 18 %, 4 %
2026/03/23 22:56:21.875, 1, 288.01 W, 31, 2032 MHz, 3996 MHz, 11 %, 2 %
2026/03/23 22:56:21.875, 2, 248.29 W, 28, 2032 MHz, 3996 MHz, 0 %, 0 %
2026/03/23 22:56:21.875, 3, 265.02 W, 31, 2032 MHz, 3996 MHz, 3 %, 1 %
2026/03/23 22:56:21.875, 4, 179.09 W, 26, 120 MHz, 3996 MHz, 0 %, 0 %
2026/03/23 22:56:21.875, 5, 180.58 W, 28, 120 MHz, 3996 MHz, 0 %, 0 %
2026/03/23 22:56:21.875, 6, 178.38 W, 27, 120 MHz, 3996 MHz, 0 %, 0 %
2026/03/23 22:56:21.875, 7, 176.59 W, 28, 120 MHz, 3996 MHz, 0 %, 0 %
2026/03/23 22:56:22.876, 0, 262.29 W, 28, 2032 MHz, 3996 MHz, 0 %, 0 %
2026/03/23 22:56:22.876, 1, 235.48 W, 30, 2032 MHz, 3996 MHz, 0 %, 0 %
2026/03/23 22:56:22.876, 2, 234.13 W, 28, 2032 MHz, 3996 MHz, 0 %, 0 %
2026/03/23 22:56:22.876, 3, 235.16 W, 31, 2032 MHz, 3996 MHz, 0 %, 0 %
2026/03/23 22:56:22.876, 4, 179.41 W, 26, 120 MHz, 3996 MHz, 0 %, 0 %
2026/03/23 22:56:22.876, 5, 180.58 W, 28, 120 MHz, 3996 MHz, 0 %, 0 %
2026/03/23 22:56:22.876, 6, 178.45 W, 27, 120 MHz, 3996 MHz, 0 %, 0 %
2026/03/23 22:56:22.876, 7, 176.58 W, 28, 120 MHz, 3996 MHz, 0 %, 0 %
2026/03/23 22:56:23.876, 0, 229.96 W, 28, 2032 MHz, 3996 MHz, 0 %, 0 %
2026/03/23 22:56:23.876, 1, 233.92 W, 30, 2032 MHz, 3996 MHz, 0 %, 0 %
2026/03/23 22:56:23.876, 2, 234.63 W, 28, 2032 MHz, 3996 MHz, 0 %, 0 %
2026/03/23 22:56:23.876, 3, 235.17 W, 31, 2032 MHz, 3996 MHz, 0 %, 0 %
2026/03/23 22:56:23.876, 4, 179.21 W, 26, 120 MHz, 3996 MHz, 0 %, 0 %
2026/03/23 22:56:23.876, 5, 180.58 W, 28, 120 MHz, 3996 MHz, 0 %, 0 %
2026/03/23 22:56:23.876, 6, 178.45 W, 27, 120 MHz, 3996 MHz, 0 %, 0 %
2026/03/23 22:56:23.876, 7, 176.58 W, 28, 120 MHz, 3996 MHz, 0 %, 0 %
2026/03/23 22:56:24.876, 0, 229.00 W, 28, 2032 MHz, 3996 MHz, 0 %, 0 %
2026/03/23 22:56:24.876, 1, 233.18 W, 30, 2032 MHz, 3996 MHz, 0 %, 0 %
2026/03/23 22:56:24.876, 2, 234.02 W, 28, 2032 MHz, 3996 MHz, 0 %, 0 %
2026/03/23 22:56:24.876, 3, 235.09 W, 31, 2032 MHz, 3996 MHz, 0 %, 0 %
2026/03/23 22:56:24.876, 4, 178.85 W, 26, 120 MHz, 3996 MHz, 0 %, 0 %
2026/03/23 22:56:24.876, 5, 180.58 W, 28, 120 MHz, 3996 MHz, 0 %, 0 %
2026/03/23 22:56:24.876, 6, 178.45 W, 27, 120 MHz, 3996 MHz, 0 %, 0 %
2026/03/23 22:56:24.876, 7, 176.58 W, 28, 120 MHz, 3996 MHz, 0 %, 0 %
2026/03/23 22:56:25.876, 0, 228.49 W, 28, 2032 MHz, 3996 MHz, 0 %, 0 %
2026/03/23 22:56:25.876, 1, 233.20 W, 30, 2032 MHz, 3996 MHz, 0 %, 0 %
2026/03/23 22:56:25.876, 2, 234.02 W, 28, 2032 MHz, 3996 MHz, 0 %, 0 %
2026/03/23 22:56:25.876, 3, 234.31 W, 30, 2032 MHz, 3996 MHz, 0 %, 0 %
2026/03/23 22:56:25.876, 4, 179.02 W, 26, 120 MHz, 3996 MHz, 0 %, 0 %
2026/03/23 22:56:25.876, 5, 180.58 W, 28, 120 MHz, 3996 MHz, 0 %, 0 %
2026/03/23 22:56:25.876, 6, 178.49 W, 27, 120 MHz, 3996 MHz, 0 %, 0 %
2026/03/23 22:56:25.876, 7, 176.58 W, 28, 120 MHz, 3996 MHz, 0 %, 0 %
2026/03/23 22:56:26.876, 0, 228.64 W, 28, 2032 MHz, 3996 MHz, 0 %, 0 %
2026/03/23 22:56:26.876, 1, 233.20 W, 30, 2032 MHz, 3996 MHz, 0 %, 0 %
2026/03/23 22:56:26.876, 2, 234.02 W, 28, 2032 MHz, 3996 MHz, 0 %, 0 %
2026/03/23 22:56:26.876, 3, 234.89 W, 30, 2032 MHz, 3996 MHz, 0 %, 0 %
2026/03/23 22:56:26.876, 4, 179.20 W, 26, 120 MHz, 3996 MHz, 0 %, 0 %
2026/03/23 22:56:26.876, 5, 180.58 W, 28, 120 MHz, 3996 MHz, 0 %, 0 %
2026/03/23 22:56:26.876, 6, 178.45 W, 27, 120 MHz, 3996 MHz, 0 %, 0 %
2026/03/23 22:56:26.876, 7, 176.58 W, 28, 120 MHz, 3996 MHz, 0 %, 0 %
2026/03/23 22:56:27.876, 0, 228.49 W, 28, 2032 MHz, 3996 MHz, 0 %, 0 %
2026/03/23 22:56:27.876, 1, 233.18 W, 30, 2032 MHz, 3996 MHz, 0 %, 0 %
2026/03/23 22:56:27.876, 2, 234.02 W, 28, 2032 MHz, 3996 MHz, 0 %, 0 %
2026/03/23 22:56:27.876, 3, 234.32 W, 30, 2032 MHz, 3996 MHz, 0 %, 0 %
2026/03/23 22:56:27.876, 4, 179.33 W, 26, 120 MHz, 3996 MHz, 0 %, 0 %
2026/03/23 22:56:27.876, 5, 180.58 W, 28, 120 MHz, 3996 MHz, 0 %, 0 %
2026/03/23 22:56:27.876, 6, 178.41 W, 27, 120 MHz, 3996 MHz, 0 %, 0 %
2026/03/23 22:56:27.876, 7, 176.58 W, 28, 120 MHz, 3996 MHz, 0 %, 0 %
2026/03/23 22:56:28.877, 0, 242.86 W, 28, 2032 MHz, 3996 MHz, 0 %, 0 %
2026/03/23 22:56:28.877, 1, 247.10 W, 30, 2032 MHz, 3996 MHz, 0 %, 0 %
2026/03/23 22:56:28.877, 2, 248.49 W, 28, 2032 MHz, 3996 MHz, 0 %, 0 %
2026/03/23 22:56:28.877, 3, 248.02 W, 30, 2032 MHz, 3996 MHz, 0 %, 0 %
2026/03/23 22:56:28.877, 4, 179.26 W, 26, 120 MHz, 3996 MHz, 0 %, 0 %
2026/03/23 22:56:28.877, 5, 180.58 W, 28, 120 MHz, 3996 MHz, 0 %, 0 %
2026/03/23 22:56:28.877, 6, 178.45 W, 27, 120 MHz, 3996 MHz, 0 %, 0 %
2026/03/23 22:56:28.877, 7, 176.58 W, 28, 120 MHz, 3996 MHz, 0 %, 0 %
2026/03/23 22:56:29.877, 0, 229.43 W, 28, 2032 MHz, 3996 MHz, 0 %, 0 %
2026/03/23 22:56:29.877, 1, 233.65 W, 30, 2032 MHz, 3996 MHz, 0 %, 0 %
2026/03/23 22:56:29.877, 2, 234.10 W, 28, 2032 MHz, 3996 MHz, 0 %, 0 %
2026/03/23 22:56:29.877, 3, 235.16 W, 30, 2032 MHz, 3996 MHz, 0 %, 0 %
2026/03/23 22:56:29.877, 4, 178.94 W, 26, 120 MHz, 3996 MHz, 0 %, 0 %
2026/03/23 22:56:29.877, 5, 180.58 W, 28, 120 MHz, 3996 MHz, 0 %, 0 %
2026/03/23 22:56:29.877, 6, 178.49 W, 27, 120 MHz, 3996 MHz, 0 %, 0 %
2026/03/23 22:56:29.877, 7, 176.58 W, 28, 120 MHz, 3996 MHz, 0 %, 0 %
2026/03/23 22:56:30.877, 0, 228.88 W, 28, 2032 MHz, 3996 MHz, 0 %, 0 %
2026/03/23 22:56:30.877, 1, 233.59 W, 30, 2032 MHz, 3996 MHz, 0 %, 0 %
2026/03/23 22:56:30.877, 2, 234.02 W, 28, 2032 MHz, 3996 MHz, 0 %, 0 %
2026/03/23 22:56:30.877, 3, 235.17 W, 30, 2032 MHz, 3996 MHz, 0 %, 0 %
2026/03/23 22:56:30.877, 4, 179.09 W, 26, 120 MHz, 3996 MHz, 0 %, 0 %
2026/03/23 22:56:30.877, 5, 180.58 W, 28, 120 MHz, 3996 MHz, 0 %, 0 %
2026/03/23 22:56:30.877, 6, 178.41 W, 27, 120 MHz, 3996 MHz, 0 %, 0 %
2026/03/23 22:56:30.877, 7, 176.58 W, 28, 120 MHz, 3996 MHz, 0 %, 0 %
2026/03/23 22:56:31.877, 0, 228.87 W, 28, 2032 MHz, 3996 MHz, 0 %, 0 %
2026/03/23 22:56:31.877, 1, 233.33 W, 30, 2032 MHz, 3996 MHz, 0 %, 0 %
2026/03/23 22:56:31.877, 2, 234.06 W, 28, 2032 MHz, 3996 MHz, 0 %, 0 %
2026/03/23 22:56:31.877, 3, 235.02 W, 30, 2032 MHz, 3996 MHz, 0 %, 0 %
2026/03/23 22:56:31.877, 4, 179.13 W, 26, 120 MHz, 3996 MHz, 0 %, 0 %
2026/03/23 22:56:31.877, 5, 180.58 W, 28, 120 MHz, 3996 MHz, 0 %, 0 %
2026/03/23 22:56:31.877, 6, 178.49 W, 27, 120 MHz, 3996 MHz, 0 %, 0 %
2026/03/23 22:56:31.877, 7, 176.58 W, 28, 120 MHz, 3996 MHz, 0 %, 0 %
2026/03/23 22:56:32.877, 0, 228.92 W, 28, 2032 MHz, 3996 MHz, 0 %, 0 %
2026/03/23 22:56:32.877, 1, 233.46 W, 30, 2032 MHz, 3996 MHz, 0 %, 0 %
2026/03/23 22:56:32.877, 2, 234.06 W, 28, 2032 MHz, 3996 MHz, 0 %, 0 %
2026/03/23 22:56:32.877, 3, 235.14 W, 30, 2032 MHz, 3996 MHz, 0 %, 0 %
2026/03/23 22:56:32.877, 4, 179.17 W, 26, 120 MHz, 3996 MHz, 0 %, 0 %
2026/03/23 22:56:32.877, 5, 180.58 W, 28, 120 MHz, 3996 MHz, 0 %, 0 %
2026/03/23 22:56:32.877, 6, 178.49 W, 27, 120 MHz, 3996 MHz, 0 %, 0 %
2026/03/23 22:56:32.877, 7, 176.59 W, 28, 120 MHz, 3996 MHz, 0 %, 0 %
2026/03/23 22:56:33.877, 0, 228.87 W, 28, 2032 MHz, 3996 MHz, 0 %, 0 %
2026/03/23 22:56:33.877, 1, 233.39 W, 30, 2032 MHz, 3996 MHz, 0 %, 0 %
2026/03/23 22:56:33.877, 2, 234.02 W, 28, 2032 MHz, 3996 MHz, 0 %, 0 %
2026/03/23 22:56:33.877, 3, 235.14 W, 30, 2032 MHz, 3996 MHz, 0 %, 0 %
2026/03/23 22:56:33.877, 4, 179.25 W, 26, 120 MHz, 3996 MHz, 0 %, 0 %
2026/03/23 22:56:33.877, 5, 180.58 W, 28, 120 MHz, 3996 MHz, 0 %, 0 %
2026/03/23 22:56:33.877, 6, 178.53 W, 27, 120 MHz, 3996 MHz, 0 %, 0 %
2026/03/23 22:56:33.877, 7, 176.58 W, 28, 120 MHz, 3996 MHz, 0 %, 0 %
2026/03/23 22:56:34.877, 0, 228.53 W, 28, 2032 MHz, 3996 MHz, 0 %, 0 %
2026/03/23 22:56:34.877, 1, 233.28 W, 30, 2032 MHz, 3996 MHz, 0 %, 0 %
2026/03/23 22:56:34.877, 2, 234.02 W, 28, 2032 MHz, 3996 MHz, 0 %, 0 %
2026/03/23 22:56:34.877, 3, 235.14 W, 30, 2032 MHz, 3996 MHz, 0 %, 0 %
2026/03/23 22:56:34.877, 4, 179.01 W, 26, 120 MHz, 3996 MHz, 0 %, 0 %
2026/03/23 22:56:34.877, 5, 180.58 W, 28, 120 MHz, 3996 MHz, 0 %, 0 %
2026/03/23 22:56:34.877, 6, 178.49 W, 27, 120 MHz, 3996 MHz, 0 %, 0 %
2026/03/23 22:56:34.878, 7, 176.58 W, 28, 120 MHz, 3996 MHz, 0 %, 0 %
2026/03/23 22:56:35.878, 0, 228.73 W, 28, 2032 MHz, 3996 MHz, 0 %, 0 %
2026/03/23 22:56:35.878, 1, 233.26 W, 30, 2032 MHz, 3996 MHz, 0 %, 0 %
2026/03/23 22:56:35.878, 2, 234.02 W, 28, 2032 MHz, 3996 MHz, 0 %, 0 %
2026/03/23 22:56:35.878, 3, 235.11 W, 30, 2032 MHz, 3996 MHz, 0 %, 0 %
2026/03/23 22:56:35.878, 4, 179.14 W, 26, 120 MHz, 3996 MHz, 0 %, 0 %
2026/03/23 22:56:35.878, 5, 180.58 W, 28, 120 MHz, 3996 MHz, 0 %, 0 %
2026/03/23 22:56:35.878, 6, 178.56 W, 27, 120 MHz, 3996 MHz, 0 %, 0 %
2026/03/23 22:56:35.878, 7, 176.58 W, 28, 120 MHz, 3996 MHz, 0 %, 0 %
2026/03/23 22:56:36.878, 0, 228.60 W, 28, 2032 MHz, 3996 MHz, 0 %, 0 %
2026/03/23 22:56:36.878, 1, 233.27 W, 30, 2032 MHz, 3996 MHz, 0 %, 0 %
2026/03/23 22:56:36.878, 2, 234.02 W, 28, 2032 MHz, 3996 MHz, 0 %, 0 %
2026/03/23 22:56:36.878, 3, 235.11 W, 30, 2032 MHz, 3996 MHz, 0 %, 0 %
2026/03/23 22:56:36.878, 4, 179.15 W, 26, 120 MHz, 3996 MHz, 0 %, 0 %
2026/03/23 22:56:36.878, 5, 180.58 W, 28, 120 MHz, 3996 MHz, 0 %, 0 %
2026/03/23 22:56:36.878, 6, 178.34 W, 27, 120 MHz, 3996 MHz, 0 %, 0 %
2026/03/23 22:56:36.878, 7, 176.58 W, 28, 120 MHz, 3996 MHz, 0 %, 0 %
2026/03/23 22:56:37.878, 0, 228.64 W, 28, 2032 MHz, 3996 MHz, 0 %, 0 %
2026/03/23 22:56:37.878, 1, 233.51 W, 30, 2032 MHz, 3996 MHz, 0 %, 0 %
2026/03/23 22:56:37.878, 2, 234.02 W, 28, 2032 MHz, 3996 MHz, 0 %, 0 %
2026/03/23 22:56:37.878, 3, 235.15 W, 30, 2032 MHz, 3996 MHz, 0 %, 0 %
2026/03/23 22:56:37.878, 4, 179.20 W, 26, 120 MHz, 3996 MHz, 0 %, 0 %
2026/03/23 22:56:37.878, 5, 180.58 W, 28, 120 MHz, 3996 MHz, 0 %, 0 %
2026/03/23 22:56:37.878, 6, 178.45 W, 27, 120 MHz, 3996 MHz, 0 %, 0 %
2026/03/23 22:56:37.878, 7, 176.58 W, 28, 120 MHz, 3996 MHz, 0 %, 0 %
2026/03/23 22:56:38.878, 0, 228.79 W, 28, 2032 MHz, 3996 MHz, 0 %, 0 %
2026/03/23 22:56:38.878, 1, 233.29 W, 30, 2032 MHz, 3996 MHz, 0 %, 0 %
2026/03/23 22:56:38.878, 2, 234.02 W, 28, 2032 MHz, 3996 MHz, 0 %, 0 %
2026/03/23 22:56:38.878, 3, 235.10 W, 30, 2032 MHz, 3996 MHz, 0 %, 0 %
2026/03/23 22:56:38.878, 4, 179.18 W, 26, 120 MHz, 3996 MHz, 0 %, 0 %
2026/03/23 22:56:38.878, 5, 180.58 W, 28, 120 MHz, 3996 MHz, 0 %, 0 %
2026/03/23 22:56:38.878, 6, 178.41 W, 27, 120 MHz, 3996 MHz, 0 %, 0 %
2026/03/23 22:56:38.878, 7, 176.58 W, 28, 120 MHz, 3996 MHz, 0 %, 0 %
2026/03/23 22:56:39.878, 0, 228.49 W, 28, 2032 MHz, 3996 MHz, 0 %, 0 %
2026/03/23 22:56:39.878, 1, 233.24 W, 30, 2032 MHz, 3996 MHz, 0 %, 0 %
2026/03/23 22:56:39.878, 2, 234.02 W, 28, 2032 MHz, 3996 MHz, 0 %, 0 %
2026/03/23 22:56:39.878, 3, 235.15 W, 30, 2032 MHz, 3996 MHz, 0 %, 0 %
2026/03/23 22:56:39.878, 4, 179.29 W, 26, 120 MHz, 3996 MHz, 0 %, 0 %
2026/03/23 22:56:39.878, 5, 180.58 W, 28, 120 MHz, 3996 MHz, 0 %, 0 %
2026/03/23 22:56:39.878, 6, 178.33 W, 27, 120 MHz, 3996 MHz, 0 %, 0 %
2026/03/23 22:56:39.878, 7, 176.58 W, 28, 120 MHz, 3996 MHz, 0 %, 0 %
2026/03/23 22:56:40.878, 0, 228.38 W, 28, 2032 MHz, 3996 MHz, 0 %, 0 %
2026/03/23 22:56:40.878, 1, 233.18 W, 30, 2032 MHz, 3996 MHz, 0 %, 0 %
2026/03/23 22:56:40.878, 2, 234.02 W, 28, 2032 MHz, 3996 MHz, 0 %, 0 %
2026/03/23 22:56:40.878, 3, 234.79 W, 30, 2032 MHz, 3996 MHz, 0 %, 0 %
2026/03/23 22:56:40.878, 4, 179.01 W, 26, 120 MHz, 3996 MHz, 0 %, 0 %
2026/03/23 22:56:40.879, 5, 180.58 W, 28, 120 MHz, 3996 MHz, 0 %, 0 %
2026/03/23 22:56:40.879, 6, 178.30 W, 27, 120 MHz, 3996 MHz, 0 %, 0 %
2026/03/23 22:56:40.879, 7, 176.58 W, 28, 120 MHz, 3996 MHz, 0 %, 0 %
2026/03/23 22:56:41.879, 0, 228.52 W, 28, 2032 MHz, 3996 MHz, 0 %, 0 %
2026/03/23 22:56:41.879, 1, 233.61 W, 30, 2032 MHz, 3996 MHz, 0 %, 0 %
2026/03/23 22:56:41.879, 2, 234.01 W, 28, 2032 MHz, 3996 MHz, 0 %, 0 %
2026/03/23 22:56:41.879, 3, 235.10 W, 30, 2032 MHz, 3996 MHz, 0 %, 0 %
2026/03/23 22:56:41.879, 4, 179.13 W, 26, 120 MHz, 3996 MHz, 0 %, 0 %
2026/03/23 22:56:41.879, 5, 180.58 W, 28, 120 MHz, 3996 MHz, 0 %, 0 %
2026/03/23 22:56:41.879, 6, 178.37 W, 27, 120 MHz, 3996 MHz, 0 %, 0 %
2026/03/23 22:56:41.879, 7, 176.58 W, 28, 120 MHz, 3996 MHz, 0 %, 0 %
2026/03/23 22:56:42.879, 0, 228.76 W, 28, 2032 MHz, 3996 MHz, 0 %, 0 %
2026/03/23 22:56:42.879, 1, 233.36 W, 30, 2032 MHz, 3996 MHz, 0 %, 0 %
2026/03/23 22:56:42.879, 2, 234.06 W, 28, 2032 MHz, 3996 MHz, 0 %, 0 %
2026/03/23 22:56:42.879, 3, 235.09 W, 30, 2032 MHz, 3996 MHz, 0 %, 0 %
2026/03/23 22:56:42.879, 4, 179.09 W, 26, 120 MHz, 3996 MHz, 0 %, 0 %
2026/03/23 22:56:42.879, 5, 180.58 W, 28, 120 MHz, 3996 MHz, 0 %, 0 %
2026/03/23 22:56:42.879, 6, 178.53 W, 27, 120 MHz, 3996 MHz, 0 %, 0 %
2026/03/23 22:56:42.879, 7, 176.59 W, 28, 120 MHz, 3996 MHz, 0 %, 0 %
2026/03/23 22:56:43.879, 0, 228.34 W, 28, 2032 MHz, 3996 MHz, 0 %, 0 %
2026/03/23 22:56:43.879, 1, 233.18 W, 30, 2032 MHz, 3996 MHz, 0 %, 0 %
2026/03/23 22:56:43.879, 2, 234.02 W, 28, 2032 MHz, 3996 MHz, 0 %, 0 %
2026/03/23 22:56:43.879, 3, 235.02 W, 30, 2032 MHz, 3996 MHz, 0 %, 0 %
2026/03/23 22:56:43.879, 4, 179.14 W, 26, 120 MHz, 3996 MHz, 0 %, 0 %
2026/03/23 22:56:43.879, 5, 180.58 W, 28, 120 MHz, 3996 MHz, 0 %, 0 %
2026/03/23 22:56:43.879, 6, 178.45 W, 27, 120 MHz, 3996 MHz, 0 %, 0 %
2026/03/23 22:56:43.879, 7, 176.58 W, 28, 120 MHz, 3996 MHz, 0 %, 0 %
2026/03/23 22:56:44.879, 0, 228.57 W, 28, 2032 MHz, 3996 MHz, 0 %, 0 %
2026/03/23 22:56:44.879, 1, 233.20 W, 30, 2032 MHz, 3996 MHz, 0 %, 0 %
2026/03/23 22:56:44.879, 2, 234.02 W, 28, 2032 MHz, 3996 MHz, 0 %, 0 %
2026/03/23 22:56:44.879, 3, 235.16 W, 30, 2032 MHz, 3996 MHz, 0 %, 0 %
2026/03/23 22:56:44.879, 4, 179.21 W, 26, 120 MHz, 3996 MHz, 0 %, 0 %
2026/03/23 22:56:44.879, 5, 180.58 W, 28, 120 MHz, 3996 MHz, 0 %, 0 %
2026/03/23 22:56:44.879, 6, 178.34 W, 27, 120 MHz, 3996 MHz, 0 %, 0 %
2026/03/23 22:56:44.879, 7, 176.59 W, 28, 120 MHz, 3996 MHz, 0 %, 0 %
2026/03/23 22:56:45.879, 0, 228.30 W, 28, 2032 MHz, 3996 MHz, 0 %, 0 %
2026/03/23 22:56:45.879, 1, 233.17 W, 30, 2032 MHz, 3996 MHz, 0 %, 0 %
2026/03/23 22:56:45.879, 2, 234.02 W, 28, 2032 MHz, 3996 MHz, 0 %, 0 %
2026/03/23 22:56:45.879, 3, 234.83 W, 30, 2032 MHz, 3996 MHz, 0 %, 0 %
2026/03/23 22:56:45.879, 4, 179.19 W, 26, 120 MHz, 3996 MHz, 0 %, 0 %
2026/03/23 22:56:45.879, 5, 180.58 W, 28, 120 MHz, 3996 MHz, 0 %, 0 %
2026/03/23 22:56:45.879, 6, 178.49 W, 27, 120 MHz, 3996 MHz, 0 %, 0 %
2026/03/23 22:56:45.879, 7, 176.58 W, 28, 120 MHz, 3996 MHz, 0 %, 0 %
2026/03/23 22:56:46.879, 0, 228.79 W, 28, 2032 MHz, 3996 MHz, 0 %, 0 %
2026/03/23 22:56:46.879, 1, 234.15 W, 30, 2032 MHz, 3996 MHz, 89 %, 0 %
2026/03/23 22:56:46.879, 2, 234.87 W, 28, 2032 MHz, 3996 MHz, 0 %, 0 %
2026/03/23 22:56:46.879, 3, 235.73 W, 30, 2032 MHz, 3996 MHz, 0 %, 0 %
2026/03/23 22:56:46.879, 4, 179.05 W, 26, 120 MHz, 3996 MHz, 0 %, 0 %
2026/03/23 22:56:46.879, 5, 180.58 W, 28, 120 MHz, 3996 MHz, 0 %, 0 %
2026/03/23 22:56:46.879, 6, 178.34 W, 27, 120 MHz, 3996 MHz, 0 %, 0 %
2026/03/23 22:56:46.879, 7, 176.58 W, 28, 120 MHz, 3996 MHz, 0 %, 0 %
2026/03/23 22:56:47.880, 0, 246.83 W, 28, 2032 MHz, 3996 MHz, 0 %, 0 %
2026/03/23 22:56:47.880, 1, 252.46 W, 30, 2032 MHz, 3996 MHz, 0 %, 0 %
2026/03/23 22:56:47.880, 2, 253.64 W, 28, 2032 MHz, 3996 MHz, 0 %, 0 %
2026/03/23 22:56:47.880, 3, 254.59 W, 31, 2032 MHz, 3996 MHz, 0 %, 0 %
2026/03/23 22:56:47.880, 4, 179.05 W, 26, 120 MHz, 3996 MHz, 0 %, 0 %
2026/03/23 22:56:47.880, 5, 180.58 W, 28, 120 MHz, 3996 MHz, 0 %, 0 %
2026/03/23 22:56:47.880, 6, 178.45 W, 27, 120 MHz, 3996 MHz, 0 %, 0 %
2026/03/23 22:56:47.880, 7, 176.58 W, 28, 120 MHz, 3996 MHz, 0 %, 0 %
2026/03/23 22:56:48.880, 0, 229.28 W, 28, 2032 MHz, 3996 MHz, 0 %, 0 %
2026/03/23 22:56:48.880, 1, 234.22 W, 30, 2032 MHz, 3996 MHz, 0 %, 0 %
2026/03/23 22:56:48.880, 2, 234.48 W, 28, 2032 MHz, 3996 MHz, 0 %, 0 %
2026/03/23 22:56:48.880, 3, 235.65 W, 30, 2032 MHz, 3996 MHz, 1 %, 0 %
2026/03/23 22:56:48.880, 4, 179.22 W, 26, 120 MHz, 3996 MHz, 0 %, 0 %
2026/03/23 22:56:48.880, 5, 180.58 W, 28, 120 MHz, 3996 MHz, 0 %, 0 %
2026/03/23 22:56:48.880, 6, 178.34 W, 27, 120 MHz, 3996 MHz, 0 %, 0 %
2026/03/23 22:56:48.880, 7, 176.58 W, 28, 120 MHz, 3996 MHz, 0 %, 0 %
2026/03/23 22:56:49.880, 0, 229.31 W, 28, 2032 MHz, 3996 MHz, 0 %, 0 %
2026/03/23 22:56:49.880, 1, 234.03 W, 30, 2032 MHz, 3996 MHz, 0 %, 0 %
2026/03/23 22:56:49.880, 2, 234.02 W, 28, 2032 MHz, 3996 MHz, 0 %, 0 %
2026/03/23 22:56:49.880, 3, 235.13 W, 30, 2032 MHz, 3996 MHz, 0 %, 0 %
2026/03/23 22:56:49.880, 4, 179.37 W, 26, 120 MHz, 3996 MHz, 0 %, 0 %
2026/03/23 22:56:49.880, 5, 180.58 W, 28, 120 MHz, 3996 MHz, 0 %, 0 %
2026/03/23 22:56:49.880, 6, 178.49 W, 27, 120 MHz, 3996 MHz, 0 %, 0 %
2026/03/23 22:56:49.880, 7, 176.58 W, 28, 120 MHz, 3996 MHz, 0 %, 0 %
2026/03/23 22:56:50.880, 0, 229.69 W, 28, 2032 MHz, 3996 MHz, 0 %, 0 %
2026/03/23 22:56:50.880, 1, 234.19 W, 30, 2032 MHz, 3996 MHz, 0 %, 0 %
2026/03/23 22:56:50.880, 2, 234.06 W, 28, 2032 MHz, 3996 MHz, 0 %, 0 %
2026/03/23 22:56:50.880, 3, 235.14 W, 30, 2032 MHz, 3996 MHz, 0 %, 0 %
2026/03/23 22:56:50.880, 4, 179.05 W, 26, 120 MHz, 3996 MHz, 0 %, 0 %
2026/03/23 22:56:50.880, 5, 180.58 W, 28, 120 MHz, 3996 MHz, 0 %, 0 %
2026/03/23 22:56:50.880, 6, 178.56 W, 27, 120 MHz, 3996 MHz, 0 %, 0 %
2026/03/23 22:56:50.880, 7, 176.58 W, 28, 120 MHz, 3996 MHz, 0 %, 0 %
2026/03/23 22:56:51.880, 0, 229.51 W, 28, 2032 MHz, 3996 MHz, 0 %, 0 %
2026/03/23 22:56:51.880, 1, 234.13 W, 30, 2032 MHz, 3996 MHz, 0 %, 0 %
2026/03/23 22:56:51.880, 2, 234.02 W, 28, 2032 MHz, 3996 MHz, 0 %, 0 %
2026/03/23 22:56:51.880, 3, 235.22 W, 30, 2032 MHz, 3996 MHz, 0 %, 0 %
2026/03/23 22:56:51.880, 4, 179.21 W, 26, 120 MHz, 3996 MHz, 0 %, 0 %
2026/03/23 22:56:51.880, 5, 180.58 W, 28, 120 MHz, 3996 MHz, 0 %, 0 %
2026/03/23 22:56:51.880, 6, 178.34 W, 27, 120 MHz, 3996 MHz, 0 %, 0 %
2026/03/23 22:56:51.880, 7, 176.58 W, 28, 120 MHz, 3996 MHz, 0 %, 0 %
2026/03/23 22:56:52.880, 0, 228.83 W, 28, 2032 MHz, 3996 MHz, 0 %, 0 %
2026/03/23 22:56:52.880, 1, 233.79 W, 30, 2032 MHz, 3996 MHz, 0 %, 0 %
2026/03/23 22:56:52.880, 2, 234.01 W, 28, 2032 MHz, 3996 MHz, 0 %, 0 %
2026/03/23 22:56:52.880, 3, 235.22 W, 30, 2032 MHz, 3996 MHz, 0 %, 0 %
2026/03/23 22:56:52.880, 4, 179.13 W, 26, 120 MHz, 3996 MHz, 0 %, 0 %
2026/03/23 22:56:52.880, 5, 180.62 W, 28, 120 MHz, 3996 MHz, 0 %, 0 %
2026/03/23 22:56:52.880, 6, 178.49 W, 27, 120 MHz, 3996 MHz, 0 %, 0 %
2026/03/23 22:56:52.880, 7, 176.58 W, 28, 120 MHz, 3996 MHz, 0 %, 0 %
2026/03/23 22:56:53.880, 0, 229.07 W, 28, 2032 MHz, 3996 MHz, 0 %, 0 %
2026/03/23 22:56:53.880, 1, 233.72 W, 30, 2032 MHz, 3996 MHz, 0 %, 0 %
2026/03/23 22:56:53.880, 2, 234.06 W, 28, 2032 MHz, 3996 MHz, 0 %, 0 %
2026/03/23 22:56:53.880, 3, 235.25 W, 30, 2032 MHz, 3996 MHz, 0 %, 0 %
2026/03/23 22:56:53.881, 4, 179.09 W, 26, 120 MHz, 3996 MHz, 0 %, 0 %
2026/03/23 22:56:53.881, 5, 180.58 W, 28, 120 MHz, 3996 MHz, 0 %, 0 %
2026/03/23 22:56:53.881, 6, 178.41 W, 27, 120 MHz, 3996 MHz, 0 %, 0 %
2026/03/23 22:56:53.881, 7, 176.58 W, 28, 120 MHz, 3996 MHz, 0 %, 0 %
2026/03/23 22:56:54.881, 0, 229.62 W, 28, 2032 MHz, 3996 MHz, 0 %, 0 %
2026/03/23 22:56:54.881, 1, 234.12 W, 30, 2032 MHz, 3996 MHz, 0 %, 0 %
2026/03/23 22:56:54.881, 2, 234.02 W, 28, 2032 MHz, 3996 MHz, 0 %, 0 %
2026/03/23 22:56:54.881, 3, 235.24 W, 30, 2032 MHz, 3996 MHz, 0 %, 0 %
2026/03/23 22:56:54.881, 4, 179.26 W, 26, 120 MHz, 3996 MHz, 0 %, 0 %
2026/03/23 22:56:54.881, 5, 180.58 W, 28, 120 MHz, 3996 MHz, 0 %, 0 %
2026/03/23 22:56:54.881, 6, 178.33 W, 27, 120 MHz, 3996 MHz, 0 %, 0 %
2026/03/23 22:56:54.881, 7, 176.58 W, 28, 120 MHz, 3996 MHz, 0 %, 0 %
2026/03/23 22:56:55.881, 0, 229.47 W, 28, 2032 MHz, 3996 MHz, 0 %, 0 %
2026/03/23 22:56:55.881, 1, 234.30 W, 30, 2032 MHz, 3996 MHz, 0 %, 0 %
2026/03/23 22:56:55.881, 2, 234.05 W, 28, 2032 MHz, 3996 MHz, 0 %, 0 %
2026/03/23 22:56:55.881, 3, 235.19 W, 30, 2032 MHz, 3996 MHz, 0 %, 0 %
2026/03/23 22:56:55.881, 4, 179.35 W, 26, 120 MHz, 3996 MHz, 0 %, 0 %
2026/03/23 22:56:55.881, 5, 180.58 W, 28, 120 MHz, 3996 MHz, 0 %, 0 %
2026/03/23 22:56:55.881, 6, 178.49 W, 27, 120 MHz, 3996 MHz, 0 %, 0 %
2026/03/23 22:56:55.881, 7, 176.58 W, 28, 120 MHz, 3996 MHz, 0 %, 0 %
2026/03/23 22:56:56.881, 0, 229.62 W, 28, 2032 MHz, 3996 MHz, 0 %, 0 %
2026/03/23 22:56:56.881, 1, 234.23 W, 30, 2032 MHz, 3996 MHz, 0 %, 0 %
2026/03/23 22:56:56.881, 2, 234.02 W, 28, 2032 MHz, 3996 MHz, 0 %, 0 %
2026/03/23 22:56:56.881, 3, 235.17 W, 30, 2032 MHz, 3996 MHz, 0 %, 0 %
2026/03/23 22:56:56.881, 4, 179.06 W, 26, 120 MHz, 3996 MHz, 0 %, 0 %
2026/03/23 22:56:56.881, 5, 180.58 W, 28, 120 MHz, 3996 MHz, 0 %, 0 %
2026/03/23 22:56:56.881, 6, 178.41 W, 27, 120 MHz, 3996 MHz, 0 %, 0 %
2026/03/23 22:56:56.881, 7, 176.58 W, 28, 120 MHz, 3996 MHz, 0 %, 0 %
2026/03/23 22:56:57.881, 0, 229.23 W, 28, 2032 MHz, 3996 MHz, 0 %, 0 %
2026/03/23 22:56:57.881, 1, 234.43 W, 30, 2032 MHz, 3996 MHz, 0 %, 0 %
2026/03/23 22:56:57.881, 2, 234.02 W, 28, 2032 MHz, 3996 MHz, 0 %, 0 %
2026/03/23 22:56:57.881, 3, 235.17 W, 30, 2032 MHz, 3996 MHz, 0 %, 0 %
2026/03/23 22:56:57.881, 4, 179.28 W, 26, 120 MHz, 3996 MHz, 0 %, 0 %
2026/03/23 22:56:57.881, 5, 180.58 W, 28, 120 MHz, 3996 MHz, 0 %, 0 %
2026/03/23 22:56:57.881, 6, 178.64 W, 27, 120 MHz, 3996 MHz, 0 %, 0 %
2026/03/23 22:56:57.881, 7, 176.58 W, 28, 120 MHz, 3996 MHz, 0 %, 0 %
2026/03/23 22:56:58.881, 0, 229.89 W, 28, 2032 MHz, 3996 MHz, 0 %, 0 %
2026/03/23 22:56:58.881, 1, 235.01 W, 30, 2032 MHz, 3996 MHz, 0 %, 0 %
2026/03/23 22:56:58.881, 2, 234.95 W, 28, 2032 MHz, 3996 MHz, 0 %, 0 %
2026/03/23 22:56:58.881, 3, 235.17 W, 30, 2032 MHz, 3996 MHz, 0 %, 0 %
2026/03/23 22:56:58.881, 4, 179.20 W, 26, 120 MHz, 3996 MHz, 0 %, 0 %
2026/03/23 22:56:58.881, 5, 180.58 W, 28, 120 MHz, 3996 MHz, 0 %, 0 %
2026/03/23 22:56:58.881, 6, 178.52 W, 27, 120 MHz, 3996 MHz, 0 %, 0 %
2026/03/23 22:56:58.881, 7, 176.58 W, 28, 120 MHz, 3996 MHz, 0 %, 0 %
2026/03/23 22:56:59.881, 0, 229.73 W, 28, 2032 MHz, 3996 MHz, 100 %, 0 %
2026/03/23 22:56:59.881, 1, 233.81 W, 30, 2032 MHz, 3996 MHz, 0 %, 0 %
2026/03/23 22:56:59.881, 2, 234.25 W, 28, 2032 MHz, 3996 MHz, 0 %, 0 %
2026/03/23 22:56:59.881, 3, 235.13 W, 30, 2032 MHz, 3996 MHz, 0 %, 0 %
2026/03/23 22:56:59.881, 4, 179.16 W, 26, 120 MHz, 3996 MHz, 0 %, 0 %
2026/03/23 22:56:59.881, 5, 180.58 W, 28, 120 MHz, 3996 MHz, 0 %, 0 %
2026/03/23 22:56:59.881, 6, 178.41 W, 27, 120 MHz, 3996 MHz, 0 %, 0 %
2026/03/23 22:56:59.881, 7, 176.58 W, 28, 120 MHz, 3996 MHz, 0 %, 0 %
2026/03/23 22:57:00.882, 0, 229.21 W, 28, 2032 MHz, 3996 MHz, 0 %, 0 %
2026/03/23 22:57:00.882, 1, 233.39 W, 30, 2032 MHz, 3996 MHz, 0 %, 0 %
2026/03/23 22:57:00.882, 2, 234.10 W, 28, 2032 MHz, 3996 MHz, 0 %, 0 %
2026/03/23 22:57:00.882, 3, 235.14 W, 30, 2032 MHz, 3996 MHz, 0 %, 0 %
2026/03/23 22:57:00.882, 4, 179.05 W, 26, 120 MHz, 3996 MHz, 0 %, 0 %
2026/03/23 22:57:00.882, 5, 180.58 W, 28, 120 MHz, 3996 MHz, 0 %, 0 %
2026/03/23 22:57:00.882, 6, 178.53 W, 27, 120 MHz, 3996 MHz, 0 %, 0 %
2026/03/23 22:57:00.882, 7, 176.58 W, 28, 120 MHz, 3996 MHz, 0 %, 0 %
2026/03/23 22:57:01.882, 0, 228.15 W, 28, 2032 MHz, 3996 MHz, 0 %, 0 %
2026/03/23 22:57:01.882, 1, 233.17 W, 30, 2032 MHz, 3996 MHz, 0 %, 0 %
2026/03/23 22:57:01.882, 2, 234.02 W, 28, 2032 MHz, 3996 MHz, 0 %, 0 %
2026/03/23 22:57:01.882, 3, 234.58 W, 30, 2032 MHz, 3996 MHz, 0 %, 0 %
2026/03/23 22:57:01.882, 4, 179.25 W, 26, 120 MHz, 3996 MHz, 0 %, 0 %
2026/03/23 22:57:01.882, 5, 180.58 W, 28, 120 MHz, 3996 MHz, 0 %, 0 %
2026/03/23 22:57:01.882, 6, 178.37 W, 27, 120 MHz, 3996 MHz, 0 %, 0 %
2026/03/23 22:57:01.882, 7, 176.59 W, 28, 120 MHz, 3996 MHz, 0 %, 0 %
2026/03/23 22:57:02.882, 0, 231.00 W, 28, 2032 MHz, 3996 MHz, 0 %, 0 %
2026/03/23 22:57:02.882, 1, 234.86 W, 30, 2032 MHz, 3996 MHz, 6 %, 5 %
2026/03/23 22:57:02.882, 2, 236.52 W, 28, 2032 MHz, 3996 MHz, 6 %, 5 %
2026/03/23 22:57:02.882, 3, 236.26 W, 30, 2032 MHz, 3996 MHz, 6 %, 5 %
2026/03/23 22:57:02.882, 4, 179.36 W, 26, 120 MHz, 3996 MHz, 0 %, 0 %
2026/03/23 22:57:02.882, 5, 180.58 W, 28, 120 MHz, 3996 MHz, 0 %, 0 %
2026/03/23 22:57:02.882, 6, 178.34 W, 27, 120 MHz, 3996 MHz, 0 %, 0 %
2026/03/23 22:57:02.882, 7, 176.58 W, 28, 120 MHz, 3996 MHz, 0 %, 0 %
2026/03/23 22:57:03.882, 0, 250.38 W, 28, 2032 MHz, 3996 MHz, 12 %, 10 %
2026/03/23 22:57:03.882, 1, 256.77 W, 30, 2032 MHz, 3996 MHz, 0 %, 0 %
2026/03/23 22:57:03.882, 2, 255.60 W, 28, 2032 MHz, 3996 MHz, 0 %, 0 %
2026/03/23 22:57:03.882, 3, 252.66 W, 31, 2032 MHz, 3996 MHz, 0 %, 0 %
2026/03/23 22:57:03.882, 4, 179.04 W, 26, 120 MHz, 3996 MHz, 0 %, 0 %
2026/03/23 22:57:03.882, 5, 180.58 W, 28, 120 MHz, 3996 MHz, 0 %, 0 %
2026/03/23 22:57:03.882, 6, 178.45 W, 27, 120 MHz, 3996 MHz, 0 %, 0 %
2026/03/23 22:57:03.882, 7, 176.58 W, 28, 120 MHz, 3996 MHz, 0 %, 0 %
2026/03/23 22:57:04.882, 0, 260.96 W, 30, 2032 MHz, 3996 MHz, 0 %, 0 %
2026/03/23 22:57:04.882, 1, 267.99 W, 31, 2032 MHz, 3996 MHz, 8 %, 3 %
2026/03/23 22:57:04.882, 2, 266.46 W, 28, 2032 MHz, 3996 MHz, 67 %, 51 %
2026/03/23 22:57:04.882, 3, 268.12 W, 31, 2032 MHz, 3996 MHz, 58 %, 47 %
2026/03/23 22:57:04.882, 4, 179.36 W, 26, 120 MHz, 3996 MHz, 0 %, 0 %
2026/03/23 22:57:04.882, 5, 180.58 W, 28, 120 MHz, 3996 MHz, 0 %, 0 %
2026/03/23 22:57:04.882, 6, 178.41 W, 27, 120 MHz, 3996 MHz, 0 %, 0 %
2026/03/23 22:57:04.882, 7, 176.58 W, 28, 120 MHz, 3996 MHz, 0 %, 0 %
2026/03/23 22:57:05.882, 0, 262.25 W, 29, 2032 MHz, 3996 MHz, 42 %, 39 %
2026/03/23 22:57:05.882, 1, 267.86 W, 31, 2032 MHz, 3996 MHz, 0 %, 0 %
2026/03/23 22:57:05.882, 2, 268.80 W, 28, 2032 MHz, 3996 MHz, 27 %, 15 %
2026/03/23 22:57:05.882, 3, 267.18 W, 31, 2032 MHz, 3996 MHz, 49 %, 36 %
2026/03/23 22:57:05.882, 4, 179.09 W, 26, 120 MHz, 3996 MHz, 0 %, 0 %
2026/03/23 22:57:05.882, 5, 180.58 W, 28, 120 MHz, 3996 MHz, 0 %, 0 %
2026/03/23 22:57:05.882, 6, 178.49 W, 27, 120 MHz, 3996 MHz, 0 %, 0 %
2026/03/23 22:57:05.882, 7, 176.58 W, 28, 120 MHz, 3996 MHz, 0 %, 0 %
2026/03/23 22:57:06.882, 0, 229.81 W, 28, 2032 MHz, 3996 MHz, 0 %, 0 %
2026/03/23 22:57:06.882, 1, 234.57 W, 30, 2032 MHz, 3996 MHz, 0 %, 0 %
2026/03/23 22:57:06.882, 2, 234.30 W, 28, 2032 MHz, 3996 MHz, 0 %, 0 %
2026/03/23 22:57:06.883, 3, 235.17 W, 30, 2032 MHz, 3996 MHz, 0 %, 0 %
2026/03/23 22:57:06.883, 4, 179.09 W, 26, 120 MHz, 3996 MHz, 0 %, 0 %
2026/03/23 22:57:06.883, 5, 180.58 W, 28, 120 MHz, 3996 MHz, 0 %, 0 %
2026/03/23 22:57:06.883, 6, 178.49 W, 27, 120 MHz, 3996 MHz, 0 %, 0 %
2026/03/23 22:57:06.883, 7, 176.58 W, 28, 120 MHz, 3996 MHz, 0 %, 0 %
2026/03/23 22:57:07.883, 0, 242.74 W, 28, 2032 MHz, 3996 MHz, 0 %, 0 %
2026/03/23 22:57:07.883, 1, 246.43 W, 30, 2032 MHz, 3996 MHz, 0 %, 0 %
2026/03/23 22:57:07.883, 2, 247.26 W, 28, 2032 MHz, 3996 MHz, 0 %, 0 %
2026/03/23 22:57:07.883, 3, 248.00 W, 31, 2032 MHz, 3996 MHz, 0 %, 0 %
2026/03/23 22:57:07.883, 4, 179.04 W, 26, 120 MHz, 3996 MHz, 0 %, 0 %
2026/03/23 22:57:07.883, 5, 180.58 W, 28, 120 MHz, 3996 MHz, 0 %, 0 %
2026/03/23 22:57:07.883, 6, 178.41 W, 27, 120 MHz, 3996 MHz, 0 %, 0 %
2026/03/23 22:57:07.883, 7, 176.58 W, 28, 120 MHz, 3996 MHz, 0 %, 0 %
2026/03/23 22:57:08.883, 0, 229.74 W, 28, 2032 MHz, 3996 MHz, 0 %, 0 %
2026/03/23 22:57:08.883, 1, 234.25 W, 30, 2032 MHz, 3996 MHz, 0 %, 0 %
2026/03/23 22:57:08.883, 2, 234.13 W, 28, 2032 MHz, 3996 MHz, 0 %, 0 %
2026/03/23 22:57:08.883, 3, 235.17 W, 30, 2032 MHz, 3996 MHz, 0 %, 0 %
2026/03/23 22:57:08.883, 4, 179.01 W, 26, 120 MHz, 3996 MHz, 0 %, 0 %
2026/03/23 22:57:08.883, 5, 180.58 W, 28, 120 MHz, 3996 MHz, 0 %, 0 %
2026/03/23 22:57:08.883, 6, 178.49 W, 27, 120 MHz, 3996 MHz, 0 %, 0 %
2026/03/23 22:57:08.883, 7, 176.58 W, 28, 120 MHz, 3996 MHz, 0 %, 0 %
2026/03/23 22:57:09.883, 0, 229.51 W, 28, 2032 MHz, 3996 MHz, 0 %, 0 %
2026/03/23 22:57:09.883, 1, 233.71 W, 30, 2032 MHz, 3996 MHz, 0 %, 0 %
2026/03/23 22:57:09.883, 2, 234.06 W, 28, 2032 MHz, 3996 MHz, 0 %, 0 %
2026/03/23 22:57:09.883, 3, 235.18 W, 30, 2032 MHz, 3996 MHz, 0 %, 0 %
2026/03/23 22:57:09.883, 4, 179.20 W, 26, 120 MHz, 3996 MHz, 0 %, 0 %
2026/03/23 22:57:09.883, 5, 180.58 W, 28, 120 MHz, 3996 MHz, 0 %, 0 %
2026/03/23 22:57:09.883, 6, 178.33 W, 27, 120 MHz, 3996 MHz, 0 %, 0 %
2026/03/23 22:57:09.883, 7, 176.58 W, 28, 120 MHz, 3996 MHz, 0 %, 0 %
2026/03/23 22:57:10.883, 0, 298.01 W, 28, 2032 MHz, 3996 MHz, 0 %, 0 %
2026/03/23 22:57:10.883, 1, 301.93 W, 30, 2032 MHz, 3996 MHz, 0 %, 0 %
2026/03/23 22:57:10.883, 2, 301.14 W, 28, 2032 MHz, 3996 MHz, 0 %, 0 %
2026/03/23 22:57:10.883, 3, 300.18 W, 31, 2032 MHz, 3996 MHz, 0 %, 0 %
2026/03/23 22:57:10.883, 4, 179.17 W, 26, 120 MHz, 3996 MHz, 0 %, 0 %
2026/03/23 22:57:10.883, 5, 180.58 W, 28, 120 MHz, 3996 MHz, 0 %, 0 %
2026/03/23 22:57:10.883, 6, 178.37 W, 27, 120 MHz, 3996 MHz, 0 %, 0 %
2026/03/23 22:57:10.883, 7, 176.58 W, 28, 120 MHz, 3996 MHz, 0 %, 0 %
2026/03/23 22:57:11.883, 0, 260.92 W, 28, 2032 MHz, 3996 MHz, 0 %, 0 %
2026/03/23 22:57:11.883, 1, 264.37 W, 30, 2032 MHz, 3996 MHz, 0 %, 0 %
2026/03/23 22:57:11.883, 2, 268.57 W, 28, 2032 MHz, 3996 MHz, 0 %, 0 %
2026/03/23 22:57:11.883, 3, 264.99 W, 31, 2032 MHz, 3996 MHz, 0 %, 0 %
2026/03/23 22:57:11.883, 4, 179.24 W, 26, 120 MHz, 3996 MHz, 0 %, 0 %
2026/03/23 22:57:11.883, 5, 180.58 W, 28, 120 MHz, 3996 MHz, 0 %, 0 %
2026/03/23 22:57:11.883, 6, 178.37 W, 27, 120 MHz, 3996 MHz, 0 %, 0 %
2026/03/23 22:57:11.883, 7, 176.58 W, 28, 120 MHz, 3996 MHz, 0 %, 0 %
2026/03/23 22:57:12.883, 0, 229.93 W, 28, 2032 MHz, 3996 MHz, 0 %, 0 %
2026/03/23 22:57:12.883, 1, 234.27 W, 30, 2032 MHz, 3996 MHz, 0 %, 0 %
2026/03/23 22:57:12.883, 2, 234.14 W, 28, 2032 MHz, 3996 MHz, 0 %, 0 %
2026/03/23 22:57:12.883, 3, 235.12 W, 31, 2032 MHz, 3996 MHz, 0 %, 0 %
2026/03/23 22:57:12.883, 4, 179.32 W, 26, 120 MHz, 3996 MHz, 0 %, 0 %
2026/03/23 22:57:12.884, 5, 180.58 W, 28, 120 MHz, 3996 MHz, 0 %, 0 %
2026/03/23 22:57:12.884, 6, 178.34 W, 27, 120 MHz, 3996 MHz, 0 %, 0 %
2026/03/23 22:57:12.884, 7, 176.58 W, 28, 120 MHz, 3996 MHz, 0 %, 0 %
2026/03/23 22:57:13.884, 0, 229.73 W, 28, 2032 MHz, 3996 MHz, 0 %, 0 %
2026/03/23 22:57:13.884, 1, 233.65 W, 30, 2032 MHz, 3996 MHz, 0 %, 0 %
2026/03/23 22:57:13.884, 2, 234.01 W, 28, 2032 MHz, 3996 MHz, 0 %, 0 %
2026/03/23 22:57:13.884, 3, 235.18 W, 30, 2032 MHz, 3996 MHz, 0 %, 0 %
2026/03/23 22:57:13.884, 4, 179.33 W, 26, 120 MHz, 3996 MHz, 0 %, 0 %
2026/03/23 22:57:13.884, 5, 180.58 W, 28, 120 MHz, 3996 MHz, 0 %, 0 %
2026/03/23 22:57:13.884, 6, 178.37 W, 27, 120 MHz, 3996 MHz, 0 %, 0 %
2026/03/23 22:57:13.884, 7, 176.58 W, 28, 120 MHz, 3996 MHz, 0 %, 0 %
2026/03/23 22:57:14.884, 0, 334.26 W, 28, 2032 MHz, 3996 MHz, 0 %, 0 %
2026/03/23 22:57:14.884, 1, 337.79 W, 31, 2032 MHz, 3996 MHz, 0 %, 0 %
2026/03/23 22:57:14.884, 2, 335.81 W, 28, 2032 MHz, 3996 MHz, 0 %, 0 %
2026/03/23 22:57:14.884, 3, 330.83 W, 35, 2032 MHz, 3996 MHz, 16 %, 15 %
2026/03/23 22:57:14.884, 4, 179.02 W, 26, 120 MHz, 3996 MHz, 0 %, 0 %
2026/03/23 22:57:14.884, 5, 180.58 W, 28, 120 MHz, 3996 MHz, 0 %, 0 %
2026/03/23 22:57:14.884, 6, 178.38 W, 27, 120 MHz, 3996 MHz, 0 %, 0 %
2026/03/23 22:57:14.884, 7, 176.58 W, 28, 120 MHz, 3996 MHz, 0 %, 0 %
2026/03/23 22:57:15.884, 0, 229.96 W, 28, 2032 MHz, 3996 MHz, 0 %, 0 %
2026/03/23 22:57:15.884, 1, 234.56 W, 30, 2032 MHz, 3996 MHz, 0 %, 0 %
2026/03/23 22:57:15.884, 2, 234.10 W, 28, 2032 MHz, 3996 MHz, 0 %, 0 %
2026/03/23 22:57:15.884, 3, 249.02 W, 31, 2032 MHz, 3996 MHz, 0 %, 0 %
2026/03/23 22:57:15.884, 4, 179.28 W, 26, 120 MHz, 3996 MHz, 0 %, 0 %
2026/03/23 22:57:15.884, 5, 180.58 W, 28, 120 MHz, 3996 MHz, 0 %, 0 %
2026/03/23 22:57:15.884, 6, 178.26 W, 27, 120 MHz, 3996 MHz, 0 %, 0 %
2026/03/23 22:57:15.884, 7, 176.58 W, 28, 120 MHz, 3996 MHz, 0 %, 0 %
2026/03/23 22:57:16.884, 0, 229.73 W, 28, 2032 MHz, 3996 MHz, 0 %, 0 %
2026/03/23 22:57:16.884, 1, 234.14 W, 30, 2032 MHz, 3996 MHz, 0 %, 0 %
2026/03/23 22:57:16.884, 2, 234.06 W, 28, 2032 MHz, 3996 MHz, 0 %, 0 %
2026/03/23 22:57:16.884, 3, 235.13 W, 31, 2032 MHz, 3996 MHz, 0 %, 0 %
2026/03/23 22:57:16.884, 4, 179.05 W, 26, 120 MHz, 3996 MHz, 0 %, 0 %
2026/03/23 22:57:16.884, 5, 180.58 W, 28, 120 MHz, 3996 MHz, 0 %, 0 %
2026/03/23 22:57:16.884, 6, 178.45 W, 27, 120 MHz, 3996 MHz, 0 %, 0 %
2026/03/23 22:57:16.884, 7, 176.58 W, 28, 120 MHz, 3996 MHz, 0 %, 0 %
2026/03/23 22:57:17.884, 0, 229.55 W, 28, 2032 MHz, 3996 MHz, 0 %, 0 %
2026/03/23 22:57:17.884, 1, 233.57 W, 30, 2032 MHz, 3996 MHz, 0 %, 0 %
2026/03/23 22:57:17.884, 2, 234.02 W, 28, 2032 MHz, 3996 MHz, 0 %, 0 %
2026/03/23 22:57:17.884, 3, 235.11 W, 31, 2032 MHz, 3996 MHz, 0 %, 0 %
2026/03/23 22:57:17.884, 4, 179.28 W, 26, 120 MHz, 3996 MHz, 0 %, 0 %
2026/03/23 22:57:17.884, 5, 180.58 W, 28, 120 MHz, 3996 MHz, 0 %, 0 %
2026/03/23 22:57:17.884, 6, 178.37 W, 27, 120 MHz, 3996 MHz, 0 %, 0 %
2026/03/23 22:57:17.884, 7, 176.58 W, 28, 120 MHz, 3996 MHz, 0 %, 0 %
2026/03/23 22:57:18.884, 0, 229.70 W, 28, 2032 MHz, 3996 MHz, 0 %, 0 %
2026/03/23 22:57:18.884, 1, 233.32 W, 30, 2032 MHz, 3996 MHz, 0 %, 0 %
2026/03/23 22:57:18.884, 2, 234.02 W, 28, 2032 MHz, 3996 MHz, 0 %, 0 %
2026/03/23 22:57:18.884, 3, 235.14 W, 30, 2032 MHz, 3996 MHz, 0 %, 0 %
2026/03/23 22:57:18.884, 4, 179.06 W, 26, 120 MHz, 3996 MHz, 0 %, 0 %
2026/03/23 22:57:18.884, 5, 180.58 W, 28, 120 MHz, 3996 MHz, 0 %, 0 %
2026/03/23 22:57:18.884, 6, 178.45 W, 27, 120 MHz, 3996 MHz, 0 %, 0 %
2026/03/23 22:57:18.884, 7, 176.58 W, 28, 120 MHz, 3996 MHz, 0 %, 0 %
2026/03/23 22:57:19.885, 0, 229.62 W, 28, 2032 MHz, 3996 MHz, 0 %, 0 %
2026/03/23 22:57:19.885, 1, 233.49 W, 30, 2032 MHz, 3996 MHz, 0 %, 0 %
2026/03/23 22:57:19.885, 2, 234.02 W, 28, 2032 MHz, 3996 MHz, 0 %, 0 %
2026/03/23 22:57:19.885, 3, 235.16 W, 30, 2032 MHz, 3996 MHz, 0 %, 0 %
2026/03/23 22:57:19.885, 4, 179.16 W, 26, 120 MHz, 3996 MHz, 0 %, 0 %
2026/03/23 22:57:19.885, 5, 180.58 W, 28, 120 MHz, 3996 MHz, 0 %, 0 %
2026/03/23 22:57:19.885, 6, 178.53 W, 27, 120 MHz, 3996 MHz, 0 %, 0 %
2026/03/23 22:57:19.885, 7, 176.58 W, 28, 120 MHz, 3996 MHz, 0 %, 0 %
2026/03/23 22:57:20.885, 0, 229.59 W, 28, 2032 MHz, 3996 MHz, 0 %, 0 %
2026/03/23 22:57:20.885, 1, 233.26 W, 30, 2032 MHz, 3996 MHz, 0 %, 0 %
2026/03/23 22:57:20.885, 2, 234.02 W, 28, 2032 MHz, 3996 MHz, 0 %, 0 %
2026/03/23 22:57:20.885, 3, 235.18 W, 30, 2032 MHz, 3996 MHz, 0 %, 0 %
2026/03/23 22:57:20.885, 4, 179.40 W, 26, 120 MHz, 3996 MHz, 0 %, 0 %
2026/03/23 22:57:20.885, 5, 180.58 W, 28, 120 MHz, 3996 MHz, 0 %, 0 %
2026/03/23 22:57:20.885, 6, 178.34 W, 27, 120 MHz, 3996 MHz, 0 %, 0 %
2026/03/23 22:57:20.885, 7, 176.58 W, 28, 120 MHz, 3996 MHz, 0 %, 0 %
2026/03/23 22:57:21.885, 0, 249.14 W, 28, 2032 MHz, 3996 MHz, 0 %, 0 %
2026/03/23 22:57:21.885, 1, 250.35 W, 30, 2032 MHz, 3996 MHz, 0 %, 0 %
2026/03/23 22:57:21.885, 2, 279.43 W, 28, 2032 MHz, 3996 MHz, 0 %, 0 %
2026/03/23 22:57:21.885, 3, 251.85 W, 31, 2032 MHz, 3996 MHz, 0 %, 0 %
2026/03/23 22:57:21.885, 4, 179.16 W, 26, 120 MHz, 3996 MHz, 0 %, 0 %
2026/03/23 22:57:21.885, 5, 180.58 W, 28, 120 MHz, 3996 MHz, 0 %, 0 %
2026/03/23 22:57:21.885, 6, 178.37 W, 27, 120 MHz, 3996 MHz, 0 %, 0 %
2026/03/23 22:57:21.885, 7, 176.58 W, 28, 120 MHz, 3996 MHz, 0 %, 0 %
2026/03/23 22:57:22.885, 0, 323.51 W, 28, 2032 MHz, 3996 MHz, 0 %, 0 %
2026/03/23 22:57:22.885, 1, 328.01 W, 30, 2032 MHz, 3996 MHz, 0 %, 0 %
2026/03/23 22:57:22.885, 2, 312.71 W, 28, 2032 MHz, 3996 MHz, 0 %, 0 %
2026/03/23 22:57:22.885, 3, 327.91 W, 31, 2032 MHz, 3996 MHz, 0 %, 0 %
2026/03/23 22:57:22.885, 4, 179.21 W, 26, 120 MHz, 3996 MHz, 0 %, 0 %
2026/03/23 22:57:22.885, 5, 180.58 W, 28, 120 MHz, 3996 MHz, 0 %, 0 %
2026/03/23 22:57:22.885, 6, 178.49 W, 27, 120 MHz, 3996 MHz, 0 %, 0 %
2026/03/23 22:57:22.885, 7, 176.58 W, 28, 120 MHz, 3996 MHz, 0 %, 0 %
2026/03/23 22:57:23.885, 0, 229.96 W, 28, 2032 MHz, 3996 MHz, 0 %, 0 %
2026/03/23 22:57:23.885, 1, 234.92 W, 30, 2032 MHz, 3996 MHz, 0 %, 0 %
2026/03/23 22:57:23.885, 2, 234.31 W, 28, 2032 MHz, 3996 MHz, 0 %, 0 %
2026/03/23 22:57:23.885, 3, 235.17 W, 31, 2032 MHz, 3996 MHz, 0 %, 0 %
2026/03/23 22:57:23.885, 4, 178.86 W, 26, 120 MHz, 3996 MHz, 0 %, 0 %
2026/03/23 22:57:23.885, 5, 180.58 W, 28, 120 MHz, 3996 MHz, 0 %, 0 %
2026/03/23 22:57:23.885, 6, 178.25 W, 27, 120 MHz, 3996 MHz, 0 %, 0 %
2026/03/23 22:57:23.885, 7, 176.58 W, 28, 120 MHz, 3996 MHz, 0 %, 0 %
2026/03/23 22:57:24.885, 0, 256.47 W, 29, 2032 MHz, 3996 MHz, 8 %, 7 %
2026/03/23 22:57:24.885, 1, 262.58 W, 31, 2032 MHz, 3996 MHz, 100 %, 0 %
2026/03/23 22:57:24.885, 2, 261.71 W, 28, 2032 MHz, 3996 MHz, 82 %, 42 %
2026/03/23 22:57:24.885, 3, 235.08 W, 31, 2032 MHz, 3996 MHz, 0 %, 0 %
2026/03/23 22:57:24.885, 4, 178.98 W, 26, 120 MHz, 3996 MHz, 0 %, 0 %
2026/03/23 22:57:24.885, 5, 180.58 W, 28, 120 MHz, 3996 MHz, 0 %, 0 %
2026/03/23 22:57:24.885, 6, 178.49 W, 27, 120 MHz, 3996 MHz, 0 %, 0 %
2026/03/23 22:57:24.885, 7, 176.58 W, 28, 120 MHz, 3996 MHz, 0 %, 0 %
2026/03/23 22:57:25.885, 0, 250.03 W, 28, 2032 MHz, 3996 MHz, 0 %, 0 %
2026/03/23 22:57:25.886, 1, 250.00 W, 30, 2032 MHz, 3996 MHz, 0 %, 0 %
2026/03/23 22:57:25.886, 2, 252.69 W, 28, 2032 MHz, 3996 MHz, 0 %, 0 %
2026/03/23 22:57:25.886, 3, 276.36 W, 31, 2032 MHz, 3996 MHz, 0 %, 0 %
2026/03/23 22:57:25.886, 4, 179.01 W, 26, 120 MHz, 3996 MHz, 0 %, 0 %
2026/03/23 22:57:25.886, 5, 180.58 W, 28, 120 MHz, 3996 MHz, 0 %, 0 %
2026/03/23 22:57:25.886, 6, 178.53 W, 27, 120 MHz, 3996 MHz, 0 %, 0 %
2026/03/23 22:57:25.886, 7, 176.58 W, 28, 120 MHz, 3996 MHz, 0 %, 0 %
2026/03/23 22:57:26.886, 0, 229.35 W, 28, 2032 MHz, 3996 MHz, 0 %, 0 %
2026/03/23 22:57:26.886, 1, 233.61 W, 30, 2032 MHz, 3996 MHz, 0 %, 0 %
2026/03/23 22:57:26.886, 2, 234.02 W, 28, 2032 MHz, 3996 MHz, 0 %, 0 %
2026/03/23 22:57:26.886, 3, 235.16 W, 31, 2032 MHz, 3996 MHz, 0 %, 0 %
2026/03/23 22:57:26.886, 4, 179.02 W, 26, 120 MHz, 3996 MHz, 0 %, 0 %
2026/03/23 22:57:26.886, 5, 180.58 W, 28, 120 MHz, 3996 MHz, 0 %, 0 %
2026/03/23 22:57:26.886, 6, 178.38 W, 27, 120 MHz, 3996 MHz, 0 %, 0 %
2026/03/23 22:57:26.886, 7, 176.58 W, 28, 120 MHz, 3996 MHz, 0 %, 0 %
2026/03/23 22:57:27.886, 0, 229.04 W, 28, 2032 MHz, 3996 MHz, 0 %, 0 %
2026/03/23 22:57:27.886, 1, 233.33 W, 30, 2032 MHz, 3996 MHz, 0 %, 0 %
2026/03/23 22:57:27.886, 2, 234.05 W, 28, 2032 MHz, 3996 MHz, 0 %, 0 %
2026/03/23 22:57:27.886, 3, 235.00 W, 31, 2032 MHz, 3996 MHz, 0 %, 0 %
2026/03/23 22:57:27.886, 4, 179.00 W, 26, 120 MHz, 3996 MHz, 0 %, 0 %
2026/03/23 22:57:27.886, 5, 180.58 W, 28, 120 MHz, 3996 MHz, 0 %, 0 %
2026/03/23 22:57:27.886, 6, 178.41 W, 27, 120 MHz, 3996 MHz, 0 %, 0 %
2026/03/23 22:57:27.886, 7, 176.58 W, 28, 120 MHz, 3996 MHz, 0 %, 0 %
2026/03/23 22:57:28.886, 0, 229.28 W, 28, 2032 MHz, 3996 MHz, 0 %, 0 %
2026/03/23 22:57:28.886, 1, 233.48 W, 30, 2032 MHz, 3996 MHz, 0 %, 0 %
2026/03/23 22:57:28.886, 2, 234.00 W, 28, 2032 MHz, 3996 MHz, 0 %, 0 %
2026/03/23 22:57:28.886, 3, 235.11 W, 31, 2032 MHz, 3996 MHz, 0 %, 0 %
2026/03/23 22:57:28.886, 4, 179.12 W, 26, 120 MHz, 3996 MHz, 0 %, 0 %
2026/03/23 22:57:28.886, 5, 180.58 W, 28, 120 MHz, 3996 MHz, 0 %, 0 %
2026/03/23 22:57:28.886, 6, 178.38 W, 27, 120 MHz, 3996 MHz, 0 %, 0 %
2026/03/23 22:57:28.886, 7, 176.58 W, 28, 120 MHz, 3996 MHz, 0 %, 0 %
2026/03/23 22:57:29.886, 0, 229.40 W, 28, 2032 MHz, 3996 MHz, 0 %, 0 %
2026/03/23 22:57:29.886, 1, 233.17 W, 30, 2032 MHz, 3996 MHz, 0 %, 0 %
2026/03/23 22:57:29.886, 2, 234.01 W, 28, 2032 MHz, 3996 MHz, 0 %, 0 %
2026/03/23 22:57:29.886, 3, 234.96 W, 31, 2032 MHz, 3996 MHz, 0 %, 0 %
2026/03/23 22:57:29.886, 4, 179.16 W, 26, 120 MHz, 3996 MHz, 0 %, 0 %
2026/03/23 22:57:29.886, 5, 180.58 W, 28, 120 MHz, 3996 MHz, 0 %, 0 %
2026/03/23 22:57:29.886, 6, 178.38 W, 27, 120 MHz, 3996 MHz, 0 %, 0 %
2026/03/23 22:57:29.886, 7, 176.58 W, 28, 120 MHz, 3996 MHz, 0 %, 0 %
2026/03/23 22:57:30.886, 0, 229.69 W, 28, 2032 MHz, 3996 MHz, 0 %, 0 %
2026/03/23 22:57:30.886, 1, 233.26 W, 30, 2032 MHz, 3996 MHz, 0 %, 0 %
2026/03/23 22:57:30.886, 2, 233.99 W, 28, 2032 MHz, 3996 MHz, 0 %, 0 %
2026/03/23 22:57:30.886, 3, 235.16 W, 31, 2032 MHz, 3996 MHz, 0 %, 0 %
2026/03/23 22:57:30.886, 4, 179.27 W, 26, 120 MHz, 3996 MHz, 0 %, 0 %
2026/03/23 22:57:30.886, 5, 180.58 W, 28, 120 MHz, 3996 MHz, 0 %, 0 %
2026/03/23 22:57:30.886, 6, 178.37 W, 27, 120 MHz, 3996 MHz, 0 %, 0 %
2026/03/23 22:57:30.886, 7, 176.58 W, 28, 120 MHz, 3996 MHz, 0 %, 0 %
2026/03/23 22:57:31.886, 0, 229.66 W, 28, 2032 MHz, 3996 MHz, 0 %, 0 %
2026/03/23 22:57:31.886, 1, 233.97 W, 30, 2032 MHz, 3996 MHz, 0 %, 0 %
2026/03/23 22:57:31.886, 2, 234.01 W, 28, 2032 MHz, 3996 MHz, 0 %, 0 %
2026/03/23 22:57:31.887, 3, 235.15 W, 31, 2032 MHz, 3996 MHz, 0 %, 0 %
2026/03/23 22:57:31.887, 4, 179.20 W, 26, 120 MHz, 3996 MHz, 0 %, 0 %
2026/03/23 22:57:31.887, 5, 180.58 W, 28, 120 MHz, 3996 MHz, 0 %, 0 %
2026/03/23 22:57:31.887, 6, 178.30 W, 27, 120 MHz, 3996 MHz, 0 %, 0 %
2026/03/23 22:57:31.887, 7, 176.59 W, 28, 120 MHz, 3996 MHz, 0 %, 0 %
2026/03/23 22:57:32.887, 0, 229.85 W, 28, 2032 MHz, 3996 MHz, 0 %, 0 %
2026/03/23 22:57:32.887, 1, 234.22 W, 30, 2032 MHz, 3996 MHz, 0 %, 0 %
2026/03/23 22:57:32.887, 2, 234.02 W, 28, 2032 MHz, 3996 MHz, 0 %, 0 %
2026/03/23 22:57:32.887, 3, 234.99 W, 31, 2032 MHz, 3996 MHz, 0 %, 0 %
2026/03/23 22:57:32.887, 4, 178.80 W, 26, 120 MHz, 3996 MHz, 0 %, 0 %
2026/03/23 22:57:32.887, 5, 180.58 W, 28, 120 MHz, 3996 MHz, 0 %, 0 %
2026/03/23 22:57:32.887, 6, 178.45 W, 27, 120 MHz, 3996 MHz, 0 %, 0 %
2026/03/23 22:57:32.887, 7, 176.58 W, 28, 120 MHz, 3996 MHz, 0 %, 0 %
2026/03/23 22:57:33.887, 0, 229.46 W, 28, 2032 MHz, 3996 MHz, 0 %, 0 %
2026/03/23 22:57:33.887, 1, 234.68 W, 30, 2032 MHz, 3996 MHz, 0 %, 0 %
2026/03/23 22:57:33.887, 2, 234.02 W, 28, 2032 MHz, 3996 MHz, 0 %, 0 %
2026/03/23 22:57:33.887, 3, 235.12 W, 30, 2032 MHz, 3996 MHz, 0 %, 0 %
2026/03/23 22:57:33.887, 4, 179.24 W, 26, 120 MHz, 3996 MHz, 0 %, 0 %
2026/03/23 22:57:33.887, 5, 180.58 W, 28, 120 MHz, 3996 MHz, 0 %, 0 %
2026/03/23 22:57:33.887, 6, 178.49 W, 27, 120 MHz, 3996 MHz, 0 %, 0 %
2026/03/23 22:57:33.887, 7, 176.59 W, 28, 120 MHz, 3996 MHz, 0 %, 0 %
2026/03/23 22:57:34.887, 0, 229.65 W, 28, 2032 MHz, 3996 MHz, 0 %, 0 %
2026/03/23 22:57:34.887, 1, 233.93 W, 30, 2032 MHz, 3996 MHz, 0 %, 0 %
2026/03/23 22:57:34.887, 2, 234.01 W, 28, 2032 MHz, 3996 MHz, 0 %, 0 %
2026/03/23 22:57:34.887, 3, 235.21 W, 30, 2032 MHz, 3996 MHz, 0 %, 0 %
2026/03/23 22:57:34.887, 4, 179.22 W, 26, 120 MHz, 3996 MHz, 0 %, 0 %
2026/03/23 22:57:34.887, 5, 180.58 W, 28, 120 MHz, 3996 MHz, 0 %, 0 %
2026/03/23 22:57:34.887, 6, 178.41 W, 27, 120 MHz, 3996 MHz, 0 %, 0 %
2026/03/23 22:57:34.887, 7, 176.58 W, 28, 120 MHz, 3996 MHz, 0 %, 0 %
2026/03/23 22:57:35.887, 0, 229.77 W, 28, 2032 MHz, 3996 MHz, 0 %, 0 %
2026/03/23 22:57:35.887, 1, 234.08 W, 30, 2032 MHz, 3996 MHz, 0 %, 0 %
2026/03/23 22:57:35.887, 2, 234.02 W, 28, 2032 MHz, 3996 MHz, 0 %, 0 %
2026/03/23 22:57:35.887, 3, 235.14 W, 30, 2032 MHz, 3996 MHz, 0 %, 0 %
2026/03/23 22:57:35.887, 4, 179.29 W, 26, 120 MHz, 3996 MHz, 0 %, 0 %
2026/03/23 22:57:35.887, 5, 180.58 W, 28, 120 MHz, 3996 MHz, 0 %, 0 %
2026/03/23 22:57:35.887, 6, 178.33 W, 27, 120 MHz, 3996 MHz, 0 %, 0 %
2026/03/23 22:57:35.887, 7, 176.58 W, 28, 120 MHz, 3996 MHz, 0 %, 0 %
2026/03/23 22:57:36.887, 0, 229.70 W, 28, 2032 MHz, 3996 MHz, 0 %, 0 %
2026/03/23 22:57:36.887, 1, 233.83 W, 30, 2032 MHz, 3996 MHz, 0 %, 0 %
2026/03/23 22:57:36.887, 2, 234.01 W, 28, 2032 MHz, 3996 MHz, 0 %, 0 %
2026/03/23 22:57:36.887, 3, 235.15 W, 30, 2032 MHz, 3996 MHz, 0 %, 0 %
2026/03/23 22:57:36.887, 4, 179.13 W, 26, 120 MHz, 3996 MHz, 0 %, 0 %
2026/03/23 22:57:36.887, 5, 180.58 W, 28, 120 MHz, 3996 MHz, 0 %, 0 %
2026/03/23 22:57:36.887, 6, 178.41 W, 27, 120 MHz, 3996 MHz, 0 %, 0 %
2026/03/23 22:57:36.887, 7, 176.58 W, 28, 120 MHz, 3996 MHz, 0 %, 0 %
2026/03/23 22:57:37.887, 0, 229.50 W, 28, 2032 MHz, 3996 MHz, 0 %, 0 %
2026/03/23 22:57:37.887, 1, 233.74 W, 30, 2032 MHz, 3996 MHz, 0 %, 0 %
2026/03/23 22:57:37.888, 2, 234.02 W, 28, 2032 MHz, 3996 MHz, 0 %, 0 %
2026/03/23 22:57:37.888, 3, 235.20 W, 30, 2032 MHz, 3996 MHz, 0 %, 0 %
2026/03/23 22:57:37.888, 4, 179.05 W, 26, 120 MHz, 3996 MHz, 0 %, 0 %
2026/03/23 22:57:37.888, 5, 180.58 W, 28, 120 MHz, 3996 MHz, 0 %, 0 %
2026/03/23 22:57:37.888, 6, 178.33 W, 27, 120 MHz, 3996 MHz, 0 %, 0 %
2026/03/23 22:57:37.888, 7, 176.59 W, 28, 120 MHz, 3996 MHz, 0 %, 0 %
2026/03/23 22:57:38.888, 0, 229.69 W, 28, 2032 MHz, 3996 MHz, 0 %, 0 %
2026/03/23 22:57:38.888, 1, 234.11 W, 30, 2032 MHz, 3996 MHz, 0 %, 0 %
2026/03/23 22:57:38.888, 2, 234.01 W, 28, 2032 MHz, 3996 MHz, 0 %, 0 %
2026/03/23 22:57:38.888, 3, 235.21 W, 30, 2032 MHz, 3996 MHz, 0 %, 0 %
2026/03/23 22:57:38.888, 4, 179.20 W, 26, 120 MHz, 3996 MHz, 0 %, 0 %
2026/03/23 22:57:38.888, 5, 180.58 W, 28, 120 MHz, 3996 MHz, 0 %, 0 %
2026/03/23 22:57:38.888, 6, 178.33 W, 27, 120 MHz, 3996 MHz, 0 %, 0 %
2026/03/23 22:57:38.888, 7, 176.58 W, 28, 120 MHz, 3996 MHz, 0 %, 0 %
2026/03/23 22:57:39.888, 0, 229.85 W, 28, 2032 MHz, 3996 MHz, 0 %, 0 %
2026/03/23 22:57:39.888, 1, 233.90 W, 30, 2032 MHz, 3996 MHz, 0 %, 0 %
2026/03/23 22:57:39.888, 2, 234.01 W, 28, 2032 MHz, 3996 MHz, 0 %, 0 %
2026/03/23 22:57:39.888, 3, 235.22 W, 30, 2032 MHz, 3996 MHz, 0 %, 0 %
2026/03/23 22:57:39.888, 4, 179.17 W, 26, 120 MHz, 3996 MHz, 0 %, 0 %
2026/03/23 22:57:39.888, 5, 180.58 W, 28, 120 MHz, 3996 MHz, 0 %, 0 %
2026/03/23 22:57:39.888, 6, 178.45 W, 27, 120 MHz, 3996 MHz, 0 %, 0 %
2026/03/23 22:57:39.888, 7, 176.58 W, 28, 120 MHz, 3996 MHz, 0 %, 0 %
2026/03/23 22:57:40.888, 0, 229.66 W, 28, 2032 MHz, 3996 MHz, 0 %, 0 %
2026/03/23 22:57:40.888, 1, 233.74 W, 30, 2032 MHz, 3996 MHz, 0 %, 0 %
2026/03/23 22:57:40.888, 2, 234.01 W, 28, 2032 MHz, 3996 MHz, 0 %, 0 %
2026/03/23 22:57:40.888, 3, 235.19 W, 30, 2032 MHz, 3996 MHz, 0 %, 0 %
2026/03/23 22:57:40.888, 4, 179.20 W, 26, 120 MHz, 3996 MHz, 0 %, 0 %
2026/03/23 22:57:40.888, 5, 180.58 W, 28, 120 MHz, 3996 MHz, 0 %, 0 %
2026/03/23 22:57:40.888, 6, 178.52 W, 27, 120 MHz, 3996 MHz, 0 %, 0 %
2026/03/23 22:57:40.888, 7, 176.58 W, 28, 120 MHz, 3996 MHz, 0 %, 0 %
2026/03/23 22:57:41.888, 0, 229.73 W, 28, 2032 MHz, 3996 MHz, 0 %, 0 %
2026/03/23 22:57:41.888, 1, 234.17 W, 30, 2032 MHz, 3996 MHz, 0 %, 0 %
2026/03/23 22:57:41.888, 2, 234.05 W, 28, 2032 MHz, 3996 MHz, 0 %, 0 %
2026/03/23 22:57:41.888, 3, 235.15 W, 30, 2032 MHz, 3996 MHz, 0 %, 0 %
2026/03/23 22:57:41.888, 4, 179.33 W, 26, 120 MHz, 3996 MHz, 0 %, 0 %
2026/03/23 22:57:41.888, 5, 180.58 W, 28, 120 MHz, 3996 MHz, 0 %, 0 %
2026/03/23 22:57:41.888, 6, 178.41 W, 27, 120 MHz, 3996 MHz, 0 %, 0 %
2026/03/23 22:57:41.888, 7, 176.58 W, 28, 120 MHz, 3996 MHz, 0 %, 0 %
2026/03/23 22:57:42.888, 0, 229.93 W, 28, 2032 MHz, 3996 MHz, 0 %, 0 %
2026/03/23 22:57:42.888, 1, 234.01 W, 30, 2032 MHz, 3996 MHz, 0 %, 0 %
2026/03/23 22:57:42.888, 2, 233.99 W, 28, 2032 MHz, 3996 MHz, 0 %, 0 %
2026/03/23 22:57:42.888, 3, 235.21 W, 30, 2032 MHz, 3996 MHz, 0 %, 0 %
2026/03/23 22:57:42.888, 4, 179.05 W, 26, 120 MHz, 3996 MHz, 0 %, 0 %
2026/03/23 22:57:42.888, 5, 180.62 W, 28, 120 MHz, 3996 MHz, 0 %, 0 %
2026/03/23 22:57:42.888, 6, 178.34 W, 27, 120 MHz, 3996 MHz, 0 %, 0 %
2026/03/23 22:57:42.888, 7, 176.58 W, 28, 120 MHz, 3996 MHz, 0 %, 0 %
2026/03/23 22:57:43.888, 0, 229.73 W, 28, 2032 MHz, 3996 MHz, 0 %, 0 %
2026/03/23 22:57:43.889, 1, 233.75 W, 30, 2032 MHz, 3996 MHz, 0 %, 0 %
2026/03/23 22:57:43.889, 2, 233.99 W, 28, 2032 MHz, 3996 MHz, 0 %, 0 %
2026/03/23 22:57:43.889, 3, 235.12 W, 30, 2032 MHz, 3996 MHz, 0 %, 0 %
2026/03/23 22:57:43.889, 4, 179.21 W, 26, 120 MHz, 3996 MHz, 0 %, 0 %
2026/03/23 22:57:43.889, 5, 180.58 W, 28, 120 MHz, 3996 MHz, 0 %, 0 %
2026/03/23 22:57:43.889, 6, 178.29 W, 27, 120 MHz, 3996 MHz, 0 %, 0 %
2026/03/23 22:57:43.889, 7, 176.58 W, 28, 120 MHz, 3996 MHz, 0 %, 0 %
2026/03/23 22:57:44.889, 0, 229.70 W, 28, 2032 MHz, 3996 MHz, 0 %, 0 %
2026/03/23 22:57:44.889, 1, 234.00 W, 30, 2032 MHz, 3996 MHz, 0 %, 0 %
2026/03/23 22:57:44.889, 2, 234.00 W, 28, 2032 MHz, 3996 MHz, 0 %, 0 %
2026/03/23 22:57:44.889, 3, 235.14 W, 30, 2032 MHz, 3996 MHz, 0 %, 0 %
2026/03/23 22:57:44.889, 4, 179.05 W, 26, 120 MHz, 3996 MHz, 0 %, 0 %
2026/03/23 22:57:44.889, 5, 180.58 W, 28, 120 MHz, 3996 MHz, 0 %, 0 %
2026/03/23 22:57:44.889, 6, 178.41 W, 27, 120 MHz, 3996 MHz, 0 %, 0 %
2026/03/23 22:57:44.889, 7, 176.58 W, 28, 120 MHz, 3996 MHz, 0 %, 0 %
2026/03/23 22:57:45.889, 0, 229.73 W, 28, 2032 MHz, 3996 MHz, 0 %, 0 %
2026/03/23 22:57:45.889, 1, 234.21 W, 30, 2032 MHz, 3996 MHz, 0 %, 0 %
2026/03/23 22:57:45.889, 2, 234.00 W, 28, 2032 MHz, 3996 MHz, 0 %, 0 %
2026/03/23 22:57:45.889, 3, 235.21 W, 30, 2032 MHz, 3996 MHz, 0 %, 0 %
2026/03/23 22:57:45.889, 4, 179.02 W, 26, 120 MHz, 3996 MHz, 0 %, 0 %
2026/03/23 22:57:45.889, 5, 180.58 W, 28, 120 MHz, 3996 MHz, 0 %, 0 %
2026/03/23 22:57:45.889, 6, 178.41 W, 27, 120 MHz, 3996 MHz, 0 %, 0 %
2026/03/23 22:57:45.889, 7, 176.58 W, 28, 120 MHz, 3996 MHz, 0 %, 0 %
2026/03/23 22:57:46.889, 0, 229.69 W, 28, 2032 MHz, 3996 MHz, 0 %, 0 %
2026/03/23 22:57:46.889, 1, 233.90 W, 30, 2032 MHz, 3996 MHz, 0 %, 0 %
2026/03/23 22:57:46.889, 2, 234.00 W, 28, 2032 MHz, 3996 MHz, 0 %, 0 %
2026/03/23 22:57:46.889, 3, 235.22 W, 30, 2032 MHz, 3996 MHz, 0 %, 0 %
2026/03/23 22:57:46.889, 4, 179.41 W, 26, 120 MHz, 3996 MHz, 0 %, 0 %
2026/03/23 22:57:46.889, 5, 180.58 W, 28, 120 MHz, 3996 MHz, 0 %, 0 %
2026/03/23 22:57:46.889, 6, 178.41 W, 27, 120 MHz, 3996 MHz, 0 %, 0 %
2026/03/23 22:57:46.889, 7, 176.58 W, 28, 120 MHz, 3996 MHz, 0 %, 0 %
2026/03/23 22:57:47.889, 0, 229.36 W, 28, 2032 MHz, 3996 MHz, 0 %, 0 %
2026/03/23 22:57:47.889, 1, 234.14 W, 30, 2032 MHz, 3996 MHz, 0 %, 0 %
2026/03/23 22:57:47.889, 2, 234.01 W, 28, 2032 MHz, 3996 MHz, 0 %, 0 %
2026/03/23 22:57:47.889, 3, 235.21 W, 30, 2032 MHz, 3996 MHz, 0 %, 0 %
2026/03/23 22:57:47.889, 4, 179.13 W, 26, 120 MHz, 3996 MHz, 0 %, 0 %
2026/03/23 22:57:47.889, 5, 180.58 W, 28, 120 MHz, 3996 MHz, 0 %, 0 %
2026/03/23 22:57:47.889, 6, 178.33 W, 27, 120 MHz, 3996 MHz, 0 %, 0 %
2026/03/23 22:57:47.889, 7, 176.58 W, 28, 120 MHz, 3996 MHz, 0 %, 0 %
2026/03/23 22:57:48.889, 0, 229.77 W, 28, 2032 MHz, 3996 MHz, 0 %, 0 %
2026/03/23 22:57:48.889, 1, 233.86 W, 30, 2032 MHz, 3996 MHz, 0 %, 0 %
2026/03/23 22:57:48.889, 2, 234.02 W, 28, 2032 MHz, 3996 MHz, 0 %, 0 %
2026/03/23 22:57:48.889, 3, 235.15 W, 30, 2032 MHz, 3996 MHz, 0 %, 0 %
2026/03/23 22:57:48.889, 4, 179.51 W, 26, 120 MHz, 3996 MHz, 0 %, 0 %
2026/03/23 22:57:48.889, 5, 180.58 W, 28, 120 MHz, 3996 MHz, 0 %, 0 %
2026/03/23 22:57:48.889, 6, 178.56 W, 27, 120 MHz, 3996 MHz, 0 %, 0 %
2026/03/23 22:57:48.889, 7, 176.58 W, 28, 120 MHz, 3996 MHz, 0 %, 0 %
2026/03/23 22:57:49.889, 0, 229.74 W, 28, 2032 MHz, 3996 MHz, 0 %, 0 %
2026/03/23 22:57:49.890, 1, 234.05 W, 30, 2032 MHz, 3996 MHz, 0 %, 0 %
2026/03/23 22:57:49.890, 2, 234.00 W, 28, 2032 MHz, 3996 MHz, 0 %, 0 %
2026/03/23 22:57:49.890, 3, 235.18 W, 30, 2032 MHz, 3996 MHz, 0 %, 0 %
2026/03/23 22:57:49.890, 4, 179.24 W, 26, 120 MHz, 3996 MHz, 0 %, 0 %
2026/03/23 22:57:49.890, 5, 180.58 W, 28, 120 MHz, 3996 MHz, 0 %, 0 %
2026/03/23 22:57:49.890, 6, 178.37 W, 27, 120 MHz, 3996 MHz, 0 %, 0 %
2026/03/23 22:57:49.890, 7, 176.58 W, 28, 120 MHz, 3996 MHz, 0 %, 0 %
2026/03/23 22:57:50.890, 0, 229.66 W, 28, 2032 MHz, 3996 MHz, 0 %, 0 %
2026/03/23 22:57:50.890, 1, 233.98 W, 30, 2032 MHz, 3996 MHz, 0 %, 0 %
2026/03/23 22:57:50.890, 2, 234.02 W, 28, 2032 MHz, 3996 MHz, 0 %, 0 %
2026/03/23 22:57:50.890, 3, 235.21 W, 30, 2032 MHz, 3996 MHz, 0 %, 0 %
2026/03/23 22:57:50.890, 4, 179.21 W, 26, 120 MHz, 3996 MHz, 0 %, 0 %
2026/03/23 22:57:50.890, 5, 180.62 W, 28, 120 MHz, 3996 MHz, 0 %, 0 %
2026/03/23 22:57:50.890, 6, 178.53 W, 27, 120 MHz, 3996 MHz, 0 %, 0 %
2026/03/23 22:57:50.890, 7, 176.58 W, 28, 120 MHz, 3996 MHz, 0 %, 0 %
2026/03/23 22:57:51.890, 0, 229.77 W, 28, 2032 MHz, 3996 MHz, 0 %, 0 %
2026/03/23 22:57:51.890, 1, 234.24 W, 30, 2032 MHz, 3996 MHz, 0 %, 0 %
2026/03/23 22:57:51.890, 2, 234.02 W, 28, 2032 MHz, 3996 MHz, 0 %, 0 %
2026/03/23 22:57:51.890, 3, 235.24 W, 30, 2032 MHz, 3996 MHz, 0 %, 0 %
2026/03/23 22:57:51.890, 4, 179.13 W, 26, 120 MHz, 3996 MHz, 0 %, 0 %
2026/03/23 22:57:51.890, 5, 180.58 W, 28, 120 MHz, 3996 MHz, 0 %, 0 %
2026/03/23 22:57:51.890, 6, 178.60 W, 27, 120 MHz, 3996 MHz, 0 %, 0 %
2026/03/23 22:57:51.890, 7, 176.58 W, 28, 120 MHz, 3996 MHz, 0 %, 0 %
2026/03/23 22:57:52.890, 0, 229.81 W, 28, 2032 MHz, 3996 MHz, 0 %, 0 %
2026/03/23 22:57:52.890, 1, 234.01 W, 30, 2032 MHz, 3996 MHz, 0 %, 0 %
2026/03/23 22:57:52.890, 2, 233.98 W, 28, 2032 MHz, 3996 MHz, 0 %, 0 %
2026/03/23 22:57:52.890, 3, 235.19 W, 30, 2032 MHz, 3996 MHz, 0 %, 0 %
2026/03/23 22:57:52.890, 4, 179.18 W, 26, 120 MHz, 3996 MHz, 0 %, 0 %
2026/03/23 22:57:52.890, 5, 180.58 W, 28, 120 MHz, 3996 MHz, 0 %, 0 %
2026/03/23 22:57:52.890, 6, 178.45 W, 27, 120 MHz, 3996 MHz, 0 %, 0 %
2026/03/23 22:57:52.890, 7, 176.58 W, 28, 120 MHz, 3996 MHz, 0 %, 0 %
2026/03/23 22:57:53.890, 0, 229.85 W, 28, 2032 MHz, 3996 MHz, 0 %, 0 %
2026/03/23 22:57:53.890, 1, 233.75 W, 30, 2032 MHz, 3996 MHz, 0 %, 0 %
2026/03/23 22:57:53.890, 2, 233.98 W, 28, 2032 MHz, 3996 MHz, 0 %, 0 %
2026/03/23 22:57:53.890, 3, 235.17 W, 30, 2032 MHz, 3996 MHz, 0 %, 0 %
2026/03/23 22:57:53.890, 4, 179.20 W, 26, 120 MHz, 3996 MHz, 0 %, 0 %
2026/03/23 22:57:53.890, 5, 180.58 W, 28, 120 MHz, 3996 MHz, 0 %, 0 %
2026/03/23 22:57:53.890, 6, 178.49 W, 27, 120 MHz, 3996 MHz, 0 %, 0 %
2026/03/23 22:57:53.890, 7, 176.58 W, 28, 120 MHz, 3996 MHz, 0 %, 0 %
2026/03/23 22:57:54.890, 0, 229.32 W, 28, 2032 MHz, 3996 MHz, 0 %, 0 %
2026/03/23 22:57:54.890, 1, 233.55 W, 30, 2032 MHz, 3996 MHz, 0 %, 0 %
2026/03/23 22:57:54.890, 2, 233.96 W, 28, 2032 MHz, 3996 MHz, 0 %, 0 %
2026/03/23 22:57:54.890, 3, 235.21 W, 30, 2032 MHz, 3996 MHz, 0 %, 0 %
2026/03/23 22:57:54.890, 4, 179.17 W, 26, 120 MHz, 3996 MHz, 0 %, 0 %
2026/03/23 22:57:54.890, 5, 180.58 W, 28, 120 MHz, 3996 MHz, 0 %, 0 %
2026/03/23 22:57:54.890, 6, 178.22 W, 27, 120 MHz, 3996 MHz, 0 %, 0 %
2026/03/23 22:57:54.890, 7, 176.58 W, 28, 120 MHz, 3996 MHz, 0 %, 0 %
2026/03/23 22:57:55.891, 0, 229.73 W, 28, 2032 MHz, 3996 MHz, 0 %, 0 %
2026/03/23 22:57:55.891, 1, 233.71 W, 30, 2032 MHz, 3996 MHz, 0 %, 0 %
2026/03/23 22:57:55.891, 2, 233.95 W, 28, 2032 MHz, 3996 MHz, 0 %, 0 %
2026/03/23 22:57:55.891, 3, 235.16 W, 30, 2032 MHz, 3996 MHz, 0 %, 0 %
2026/03/23 22:57:55.891, 4, 179.07 W, 26, 120 MHz, 3996 MHz, 0 %, 0 %
2026/03/23 22:57:55.891, 5, 180.58 W, 28, 120 MHz, 3996 MHz, 0 %, 0 %
2026/03/23 22:57:55.891, 6, 178.41 W, 27, 120 MHz, 3996 MHz, 0 %, 0 %
2026/03/23 22:57:55.891, 7, 176.58 W, 28, 120 MHz, 3996 MHz, 0 %, 0 %
2026/03/23 22:57:56.891, 0, 229.74 W, 28, 2032 MHz, 3996 MHz, 0 %, 0 %
2026/03/23 22:57:56.891, 1, 233.78 W, 30, 2032 MHz, 3996 MHz, 0 %, 0 %
2026/03/23 22:57:56.891, 2, 233.98 W, 28, 2032 MHz, 3996 MHz, 0 %, 0 %
2026/03/23 22:57:56.891, 3, 235.19 W, 30, 2032 MHz, 3996 MHz, 0 %, 0 %
2026/03/23 22:57:56.891, 4, 179.01 W, 26, 120 MHz, 3996 MHz, 0 %, 0 %
2026/03/23 22:57:56.891, 5, 180.58 W, 28, 120 MHz, 3996 MHz, 0 %, 0 %
2026/03/23 22:57:56.891, 6, 178.45 W, 27, 120 MHz, 3996 MHz, 0 %, 0 %
2026/03/23 22:57:56.891, 7, 176.58 W, 28, 120 MHz, 3996 MHz, 0 %, 0 %
2026/03/23 22:57:57.891, 0, 229.73 W, 28, 2032 MHz, 3996 MHz, 0 %, 0 %
2026/03/23 22:57:57.891, 1, 233.62 W, 30, 2032 MHz, 3996 MHz, 0 %, 0 %
2026/03/23 22:57:57.891, 2, 234.00 W, 28, 2032 MHz, 3996 MHz, 0 %, 0 %
2026/03/23 22:57:57.891, 3, 235.21 W, 30, 2032 MHz, 3996 MHz, 0 %, 0 %
2026/03/23 22:57:57.891, 4, 179.24 W, 26, 120 MHz, 3996 MHz, 0 %, 0 %
2026/03/23 22:57:57.891, 5, 180.58 W, 28, 120 MHz, 3996 MHz, 0 %, 0 %
2026/03/23 22:57:57.891, 6, 178.30 W, 27, 120 MHz, 3996 MHz, 0 %, 0 %
2026/03/23 22:57:57.891, 7, 176.58 W, 28, 120 MHz, 3996 MHz, 0 %, 0 %
2026/03/23 22:57:58.891, 0, 229.55 W, 28, 2032 MHz, 3996 MHz, 0 %, 0 %
2026/03/23 22:57:58.891, 1, 233.71 W, 30, 2032 MHz, 3996 MHz, 0 %, 0 %
2026/03/23 22:57:58.891, 2, 234.05 W, 28, 2032 MHz, 3996 MHz, 0 %, 0 %
2026/03/23 22:57:58.891, 3, 235.20 W, 30, 2032 MHz, 3996 MHz, 0 %, 0 %
2026/03/23 22:57:58.891, 4, 179.06 W, 26, 120 MHz, 3996 MHz, 0 %, 0 %
2026/03/23 22:57:58.891, 5, 180.58 W, 28, 120 MHz, 3996 MHz, 0 %, 0 %
2026/03/23 22:57:58.891, 6, 178.49 W, 27, 120 MHz, 3996 MHz, 0 %, 0 %
2026/03/23 22:57:58.891, 7, 176.58 W, 28, 120 MHz, 3996 MHz, 0 %, 0 %
2026/03/23 22:57:59.891, 0, 229.65 W, 28, 2032 MHz, 3996 MHz, 0 %, 0 %
2026/03/23 22:57:59.891, 1, 233.79 W, 30, 2032 MHz, 3996 MHz, 0 %, 0 %
2026/03/23 22:57:59.891, 2, 234.05 W, 28, 2032 MHz, 3996 MHz, 0 %, 0 %
2026/03/23 22:57:59.891, 3, 235.20 W, 30, 2032 MHz, 3996 MHz, 0 %, 0 %
2026/03/23 22:57:59.891, 4, 179.02 W, 26, 120 MHz, 3996 MHz, 0 %, 0 %
2026/03/23 22:57:59.891, 5, 180.58 W, 28, 120 MHz, 3996 MHz, 0 %, 0 %
2026/03/23 22:57:59.891, 6, 178.21 W, 27, 120 MHz, 3996 MHz, 0 %, 0 %
2026/03/23 22:57:59.891, 7, 176.58 W, 28, 120 MHz, 3996 MHz, 0 %, 0 %
2026/03/23 22:58:00.891, 0, 229.81 W, 28, 2032 MHz, 3996 MHz, 0 %, 0 %
2026/03/23 22:58:00.891, 1, 233.70 W, 30, 2032 MHz, 3996 MHz, 0 %, 0 %
2026/03/23 22:58:00.891, 2, 234.01 W, 28, 2032 MHz, 3996 MHz, 0 %, 0 %
2026/03/23 22:58:00.891, 3, 235.18 W, 30, 2032 MHz, 3996 MHz, 0 %, 0 %
2026/03/23 22:58:00.891, 4, 179.19 W, 26, 120 MHz, 3996 MHz, 0 %, 0 %
2026/03/23 22:58:00.891, 5, 180.58 W, 28, 120 MHz, 3996 MHz, 0 %, 0 %
2026/03/23 22:58:00.891, 6, 178.34 W, 27, 120 MHz, 3996 MHz, 0 %, 0 %
2026/03/23 22:58:00.891, 7, 176.58 W, 28, 120 MHz, 3996 MHz, 0 %, 0 %
2026/03/23 22:58:01.892, 0, 229.69 W, 28, 2032 MHz, 3996 MHz, 0 %, 0 %
2026/03/23 22:58:01.892, 1, 233.66 W, 30, 2032 MHz, 3996 MHz, 0 %, 0 %
2026/03/23 22:58:01.892, 2, 234.02 W, 28, 2032 MHz, 3996 MHz, 0 %, 0 %
2026/03/23 22:58:01.892, 3, 235.16 W, 30, 2032 MHz, 3996 MHz, 0 %, 0 %
2026/03/23 22:58:01.892, 4, 179.09 W, 26, 120 MHz, 3996 MHz, 0 %, 0 %
2026/03/23 22:58:01.892, 5, 180.58 W, 28, 120 MHz, 3996 MHz, 0 %, 0 %
2026/03/23 22:58:01.892, 6, 178.29 W, 27, 120 MHz, 3996 MHz, 0 %, 0 %
2026/03/23 22:58:01.892, 7, 176.58 W, 28, 120 MHz, 3996 MHz, 0 %, 0 %
2026/03/23 22:58:02.892, 0, 229.85 W, 28, 2032 MHz, 3996 MHz, 0 %, 0 %
2026/03/23 22:58:02.892, 1, 233.77 W, 30, 2032 MHz, 3996 MHz, 0 %, 0 %
2026/03/23 22:58:02.892, 2, 234.05 W, 28, 2032 MHz, 3996 MHz, 0 %, 0 %
2026/03/23 22:58:02.892, 3, 235.21 W, 30, 2032 MHz, 3996 MHz, 0 %, 0 %
2026/03/23 22:58:02.892, 4, 179.13 W, 26, 120 MHz, 3996 MHz, 0 %, 0 %
2026/03/23 22:58:02.892, 5, 180.58 W, 28, 120 MHz, 3996 MHz, 0 %, 0 %
2026/03/23 22:58:02.892, 6, 178.21 W, 27, 120 MHz, 3996 MHz, 0 %, 0 %
2026/03/23 22:58:02.892, 7, 176.58 W, 28, 120 MHz, 3996 MHz, 0 %, 0 %
2026/03/23 22:58:03.892, 0, 229.70 W, 28, 2032 MHz, 3996 MHz, 0 %, 0 %
2026/03/23 22:58:03.892, 1, 234.02 W, 30, 2032 MHz, 3996 MHz, 0 %, 0 %
2026/03/23 22:58:03.892, 2, 234.01 W, 28, 2032 MHz, 3996 MHz, 0 %, 0 %
2026/03/23 22:58:03.892, 3, 235.25 W, 30, 2032 MHz, 3996 MHz, 0 %, 0 %
2026/03/23 22:58:03.892, 4, 178.90 W, 26, 120 MHz, 3996 MHz, 0 %, 0 %
2026/03/23 22:58:03.892, 5, 180.58 W, 28, 120 MHz, 3996 MHz, 0 %, 0 %
2026/03/23 22:58:03.892, 6, 178.37 W, 27, 120 MHz, 3996 MHz, 0 %, 0 %
2026/03/23 22:58:03.892, 7, 176.58 W, 28, 120 MHz, 3996 MHz, 0 %, 0 %
2026/03/23 22:58:04.892, 0, 229.66 W, 28, 2032 MHz, 3996 MHz, 0 %, 0 %
2026/03/23 22:58:04.892, 1, 233.94 W, 30, 2032 MHz, 3996 MHz, 0 %, 0 %
2026/03/23 22:58:04.892, 2, 234.01 W, 28, 2032 MHz, 3996 MHz, 0 %, 0 %
2026/03/23 22:58:04.892, 3, 235.18 W, 30, 2032 MHz, 3996 MHz, 0 %, 0 %
2026/03/23 22:58:04.892, 4, 179.23 W, 26, 120 MHz, 3996 MHz, 0 %, 0 %
2026/03/23 22:58:04.892, 5, 180.58 W, 28, 120 MHz, 3996 MHz, 0 %, 0 %
2026/03/23 22:58:04.892, 6, 178.26 W, 27, 120 MHz, 3996 MHz, 0 %, 0 %
2026/03/23 22:58:04.892, 7, 176.58 W, 28, 120 MHz, 3996 MHz, 0 %, 0 %
2026/03/23 22:58:05.892, 0, 229.77 W, 28, 2032 MHz, 3996 MHz, 0 %, 0 %
2026/03/23 22:58:05.892, 1, 234.29 W, 30, 2032 MHz, 3996 MHz, 0 %, 0 %
2026/03/23 22:58:05.892, 2, 234.01 W, 28, 2032 MHz, 3996 MHz, 0 %, 0 %
2026/03/23 22:58:05.892, 3, 235.24 W, 30, 2032 MHz, 3996 MHz, 0 %, 0 %
2026/03/23 22:58:05.892, 4, 178.98 W, 26, 120 MHz, 3996 MHz, 0 %, 0 %
2026/03/23 22:58:05.892, 5, 180.58 W, 28, 120 MHz, 3996 MHz, 0 %, 0 %
2026/03/23 22:58:05.892, 6, 178.33 W, 27, 120 MHz, 3996 MHz, 0 %, 0 %
2026/03/23 22:58:05.892, 7, 176.58 W, 28, 120 MHz, 3996 MHz, 0 %, 0 %
2026/03/23 22:58:06.892, 0, 229.85 W, 28, 2032 MHz, 3996 MHz, 0 %, 0 %
2026/03/23 22:58:06.892, 1, 233.71 W, 30, 2032 MHz, 3996 MHz, 0 %, 0 %
2026/03/23 22:58:06.892, 2, 234.01 W, 28, 2032 MHz, 3996 MHz, 0 %, 0 %
2026/03/23 22:58:06.892, 3, 235.18 W, 30, 2032 MHz, 3996 MHz, 0 %, 0 %
2026/03/23 22:58:06.892, 4, 178.90 W, 26, 120 MHz, 3996 MHz, 0 %, 0 %
2026/03/23 22:58:06.892, 5, 180.58 W, 28, 120 MHz, 3996 MHz, 0 %, 0 %
2026/03/23 22:58:06.892, 6, 178.21 W, 27, 120 MHz, 3996 MHz, 0 %, 0 %
2026/03/23 22:58:06.893, 7, 176.58 W, 28, 120 MHz, 3996 MHz, 0 %, 0 %
2026/03/23 22:58:07.893, 0, 229.69 W, 28, 2032 MHz, 3996 MHz, 0 %, 0 %
2026/03/23 22:58:07.893, 1, 233.56 W, 30, 2032 MHz, 3996 MHz, 0 %, 0 %
2026/03/23 22:58:07.893, 2, 234.02 W, 28, 2032 MHz, 3996 MHz, 0 %, 0 %
2026/03/23 22:58:07.893, 3, 235.19 W, 30, 2032 MHz, 3996 MHz, 0 %, 0 %
2026/03/23 22:58:07.893, 4, 179.01 W, 26, 120 MHz, 3996 MHz, 0 %, 0 %
2026/03/23 22:58:07.893, 5, 180.58 W, 28, 120 MHz, 3996 MHz, 0 %, 0 %
2026/03/23 22:58:07.893, 6, 178.18 W, 27, 120 MHz, 3996 MHz, 0 %, 0 %
2026/03/23 22:58:07.893, 7, 176.58 W, 28, 120 MHz, 3996 MHz, 0 %, 0 %
2026/03/23 22:58:08.893, 0, 229.69 W, 28, 2032 MHz, 3996 MHz, 0 %, 0 %
2026/03/23 22:58:08.893, 1, 233.67 W, 30, 2032 MHz, 3996 MHz, 0 %, 0 %
2026/03/23 22:58:08.893, 2, 234.00 W, 28, 2032 MHz, 3996 MHz, 0 %, 0 %
2026/03/23 22:58:08.893, 3, 235.16 W, 30, 2032 MHz, 3996 MHz, 0 %, 0 %
2026/03/23 22:58:08.893, 4, 179.05 W, 26, 120 MHz, 3996 MHz, 0 %, 0 %
2026/03/23 22:58:08.893, 5, 180.58 W, 28, 120 MHz, 3996 MHz, 0 %, 0 %
2026/03/23 22:58:08.893, 6, 178.29 W, 27, 120 MHz, 3996 MHz, 0 %, 0 %
2026/03/23 22:58:08.893, 7, 176.58 W, 28, 120 MHz, 3996 MHz, 0 %, 0 %
2026/03/23 22:58:09.893, 0, 229.58 W, 28, 2032 MHz, 3996 MHz, 0 %, 0 %
2026/03/23 22:58:09.893, 1, 233.74 W, 30, 2032 MHz, 3996 MHz, 0 %, 0 %
2026/03/23 22:58:09.893, 2, 234.00 W, 28, 2032 MHz, 3996 MHz, 0 %, 0 %
2026/03/23 22:58:09.893, 3, 235.14 W, 30, 2032 MHz, 3996 MHz, 0 %, 0 %
2026/03/23 22:58:09.893, 4, 179.16 W, 26, 120 MHz, 3996 MHz, 0 %, 0 %
2026/03/23 22:58:09.893, 5, 180.58 W, 28, 120 MHz, 3996 MHz, 0 %, 0 %
2026/03/23 22:58:09.893, 6, 178.15 W, 27, 120 MHz, 3996 MHz, 0 %, 0 %
2026/03/23 22:58:09.893, 7, 176.58 W, 28, 120 MHz, 3996 MHz, 0 %, 0 %
2026/03/23 22:58:10.893, 0, 229.66 W, 28, 2032 MHz, 3996 MHz, 0 %, 0 %
2026/03/23 22:58:10.893, 1, 234.04 W, 30, 2032 MHz, 3996 MHz, 0 %, 0 %
2026/03/23 22:58:10.893, 2, 233.98 W, 28, 2032 MHz, 3996 MHz, 0 %, 0 %
2026/03/23 22:58:10.893, 3, 235.16 W, 30, 2032 MHz, 3996 MHz, 0 %, 0 %
2026/03/23 22:58:10.893, 4, 179.21 W, 26, 120 MHz, 3996 MHz, 0 %, 0 %
2026/03/23 22:58:10.893, 5, 180.58 W, 28, 120 MHz, 3996 MHz, 0 %, 0 %
2026/03/23 22:58:10.893, 6, 178.29 W, 27, 120 MHz, 3996 MHz, 0 %, 0 %
2026/03/23 22:58:10.893, 7, 176.58 W, 28, 120 MHz, 3996 MHz, 0 %, 0 %
2026/03/23 22:58:11.893, 0, 229.46 W, 28, 2032 MHz, 3996 MHz, 0 %, 0 %
2026/03/23 22:58:11.893, 1, 233.59 W, 30, 2032 MHz, 3996 MHz, 0 %, 0 %
2026/03/23 22:58:11.893, 2, 233.96 W, 28, 2032 MHz, 3996 MHz, 0 %, 0 %
2026/03/23 22:58:11.893, 3, 235.15 W, 30, 2032 MHz, 3996 MHz, 0 %, 0 %
2026/03/23 22:58:11.893, 4, 179.17 W, 26, 120 MHz, 3996 MHz, 0 %, 0 %
2026/03/23 22:58:11.893, 5, 180.58 W, 28, 120 MHz, 3996 MHz, 0 %, 0 %
2026/03/23 22:58:11.893, 6, 178.37 W, 27, 120 MHz, 3996 MHz, 0 %, 0 %
2026/03/23 22:58:11.893, 7, 176.58 W, 28, 120 MHz, 3996 MHz, 0 %, 0 %
2026/03/23 22:58:12.894, 0, 229.77 W, 28, 2032 MHz, 3996 MHz, 0 %, 0 %
2026/03/23 22:58:12.894, 1, 233.56 W, 30, 2032 MHz, 3996 MHz, 0 %, 0 %
2026/03/23 22:58:12.894, 2, 234.02 W, 28, 2032 MHz, 3996 MHz, 0 %, 0 %
2026/03/23 22:58:12.894, 3, 235.16 W, 30, 2032 MHz, 3996 MHz, 0 %, 0 %
2026/03/23 22:58:12.894, 4, 178.93 W, 26, 120 MHz, 3996 MHz, 0 %, 0 %
2026/03/23 22:58:12.894, 5, 180.58 W, 28, 120 MHz, 3996 MHz, 0 %, 0 %
2026/03/23 22:58:12.894, 6, 178.30 W, 27, 120 MHz, 3996 MHz, 0 %, 0 %
2026/03/23 22:58:12.894, 7, 176.58 W, 28, 120 MHz, 3996 MHz, 0 %, 0 %
2026/03/23 22:58:13.894, 0, 229.49 W, 28, 2032 MHz, 3996 MHz, 0 %, 0 %
2026/03/23 22:58:13.894, 1, 233.54 W, 30, 2032 MHz, 3996 MHz, 0 %, 0 %
2026/03/23 22:58:13.894, 2, 233.98 W, 28, 2032 MHz, 3996 MHz, 0 %, 0 %
2026/03/23 22:58:13.894, 3, 235.16 W, 30, 2032 MHz, 3996 MHz, 0 %, 0 %
2026/03/23 22:58:13.894, 4, 179.13 W, 26, 120 MHz, 3996 MHz, 0 %, 0 %
2026/03/23 22:58:13.894, 5, 180.58 W, 28, 120 MHz, 3996 MHz, 0 %, 0 %
2026/03/23 22:58:13.894, 6, 178.37 W, 27, 120 MHz, 3996 MHz, 0 %, 0 %
2026/03/23 22:58:13.894, 7, 176.58 W, 28, 120 MHz, 3996 MHz, 0 %, 0 %
2026/03/23 22:58:14.894, 0, 229.40 W, 28, 2032 MHz, 3996 MHz, 0 %, 0 %
2026/03/23 22:58:14.894, 1, 233.63 W, 30, 2032 MHz, 3996 MHz, 0 %, 0 %
2026/03/23 22:58:14.894, 2, 234.05 W, 28, 2032 MHz, 3996 MHz, 0 %, 0 %
2026/03/23 22:58:14.894, 3, 235.13 W, 30, 2032 MHz, 3996 MHz, 0 %, 0 %
2026/03/23 22:58:14.894, 4, 179.02 W, 26, 120 MHz, 3996 MHz, 0 %, 0 %
2026/03/23 22:58:14.894, 5, 180.58 W, 28, 120 MHz, 3996 MHz, 0 %, 0 %
2026/03/23 22:58:14.894, 6, 178.15 W, 27, 120 MHz, 3996 MHz, 0 %, 0 %
2026/03/23 22:58:14.894, 7, 176.58 W, 28, 120 MHz, 3996 MHz, 0 %, 0 %
2026/03/23 22:58:15.894, 0, 229.59 W, 28, 2032 MHz, 3996 MHz, 0 %, 0 %
2026/03/23 22:58:15.894, 1, 233.32 W, 30, 2032 MHz, 3996 MHz, 0 %, 0 %
2026/03/23 22:58:15.894, 2, 233.99 W, 28, 2032 MHz, 3996 MHz, 0 %, 0 %
2026/03/23 22:58:15.894, 3, 235.16 W, 30, 2032 MHz, 3996 MHz, 0 %, 0 %
2026/03/23 22:58:15.894, 4, 179.25 W, 26, 120 MHz, 3996 MHz, 0 %, 0 %
2026/03/23 22:58:15.894, 5, 180.58 W, 28, 120 MHz, 3996 MHz, 0 %, 0 %
2026/03/23 22:58:15.894, 6, 178.21 W, 27, 120 MHz, 3996 MHz, 0 %, 0 %
2026/03/23 22:58:15.894, 7, 176.58 W, 28, 120 MHz, 3996 MHz, 0 %, 0 %
2026/03/23 22:58:16.894, 0, 229.50 W, 28, 2032 MHz, 3996 MHz, 0 %, 0 %
2026/03/23 22:58:16.894, 1, 233.54 W, 30, 2032 MHz, 3996 MHz, 0 %, 0 %
2026/03/23 22:58:16.894, 2, 234.01 W, 28, 2032 MHz, 3996 MHz, 0 %, 0 %
2026/03/23 22:58:16.894, 3, 235.19 W, 30, 2032 MHz, 3996 MHz, 0 %, 0 %
2026/03/23 22:58:16.894, 4, 178.86 W, 26, 120 MHz, 3996 MHz, 0 %, 0 %
2026/03/23 22:58:16.894, 5, 180.58 W, 28, 120 MHz, 3996 MHz, 0 %, 0 %
2026/03/23 22:58:16.894, 6, 178.22 W, 27, 120 MHz, 3996 MHz, 0 %, 0 %
2026/03/23 22:58:16.894, 7, 176.58 W, 28, 120 MHz, 3996 MHz, 0 %, 0 %
2026/03/23 22:58:17.894, 0, 229.35 W, 28, 2032 MHz, 3996 MHz, 0 %, 0 %
2026/03/23 22:58:17.894, 1, 233.55 W, 30, 2032 MHz, 3996 MHz, 0 %, 0 %
2026/03/23 22:58:17.894, 2, 234.02 W, 28, 2032 MHz, 3996 MHz, 0 %, 0 %
2026/03/23 22:58:17.894, 3, 235.17 W, 30, 2032 MHz, 3996 MHz, 0 %, 0 %
2026/03/23 22:58:17.895, 4, 179.17 W, 26, 120 MHz, 3996 MHz, 0 %, 0 %
2026/03/23 22:58:17.895, 5, 180.58 W, 28, 120 MHz, 3996 MHz, 0 %, 0 %
2026/03/23 22:58:17.895, 6, 178.29 W, 27, 120 MHz, 3996 MHz, 0 %, 0 %
2026/03/23 22:58:17.895, 7, 176.58 W, 28, 120 MHz, 3996 MHz, 0 %, 0 %
2026/03/23 22:58:18.895, 0, 229.43 W, 28, 2032 MHz, 3996 MHz, 0 %, 0 %
2026/03/23 22:58:18.895, 1, 233.32 W, 30, 2032 MHz, 3996 MHz, 0 %, 0 %
2026/03/23 22:58:18.895, 2, 234.01 W, 28, 2032 MHz, 3996 MHz, 0 %, 0 %
2026/03/23 22:58:18.895, 3, 235.09 W, 30, 2032 MHz, 3996 MHz, 0 %, 0 %
2026/03/23 22:58:18.895, 4, 179.24 W, 26, 120 MHz, 3996 MHz, 0 %, 0 %
2026/03/23 22:58:18.895, 5, 180.58 W, 28, 120 MHz, 3996 MHz, 0 %, 0 %
2026/03/23 22:58:18.895, 6, 178.38 W, 27, 120 MHz, 3996 MHz, 0 %, 0 %
2026/03/23 22:58:18.895, 7, 176.58 W, 28, 120 MHz, 3996 MHz, 0 %, 0 %
2026/03/23 22:58:19.895, 0, 229.15 W, 28, 2032 MHz, 3996 MHz, 0 %, 0 %
2026/03/23 22:58:19.895, 1, 233.29 W, 30, 2032 MHz, 3996 MHz, 0 %, 0 %
2026/03/23 22:58:19.895, 2, 234.02 W, 28, 2032 MHz, 3996 MHz, 0 %, 0 %
2026/03/23 22:58:19.895, 3, 235.18 W, 30, 2032 MHz, 3996 MHz, 0 %, 0 %
2026/03/23 22:58:19.895, 4, 179.05 W, 26, 120 MHz, 3996 MHz, 0 %, 0 %
2026/03/23 22:58:19.895, 5, 180.58 W, 28, 120 MHz, 3996 MHz, 0 %, 0 %
2026/03/23 22:58:19.895, 6, 178.34 W, 27, 120 MHz, 3996 MHz, 0 %, 0 %
2026/03/23 22:58:19.895, 7, 176.58 W, 28, 120 MHz, 3996 MHz, 0 %, 0 %
2026/03/23 22:58:20.895, 0, 229.40 W, 28, 2032 MHz, 3996 MHz, 0 %, 0 %
2026/03/23 22:58:20.895, 1, 233.36 W, 30, 2032 MHz, 3996 MHz, 0 %, 0 %
2026/03/23 22:58:20.895, 2, 234.01 W, 28, 2032 MHz, 3996 MHz, 0 %, 0 %
2026/03/23 22:58:20.895, 3, 235.17 W, 30, 2032 MHz, 3996 MHz, 0 %, 0 %
2026/03/23 22:58:20.895, 4, 179.02 W, 26, 120 MHz, 3996 MHz, 0 %, 0 %
2026/03/23 22:58:20.895, 5, 180.58 W, 28, 120 MHz, 3996 MHz, 0 %, 0 %
2026/03/23 22:58:20.895, 6, 178.21 W, 27, 120 MHz, 3996 MHz, 0 %, 0 %
2026/03/23 22:58:20.895, 7, 176.58 W, 28, 120 MHz, 3996 MHz, 0 %, 0 %
2026/03/23 22:58:21.895, 0, 229.36 W, 28, 2032 MHz, 3996 MHz, 0 %, 0 %
2026/03/23 22:58:21.895, 1, 233.24 W, 30, 2032 MHz, 3996 MHz, 0 %, 0 %
2026/03/23 22:58:21.895, 2, 234.01 W, 28, 2032 MHz, 3996 MHz, 0 %, 0 %
2026/03/23 22:58:21.895, 3, 235.09 W, 30, 2032 MHz, 3996 MHz, 0 %, 0 %
2026/03/23 22:58:21.895, 4, 179.29 W, 26, 120 MHz, 3996 MHz, 0 %, 0 %
2026/03/23 22:58:21.895, 5, 180.58 W, 28, 120 MHz, 3996 MHz, 0 %, 0 %
2026/03/23 22:58:21.895, 6, 178.45 W, 27, 120 MHz, 3996 MHz, 0 %, 0 %
2026/03/23 22:58:21.895, 7, 176.58 W, 28, 120 MHz, 3996 MHz, 0 %, 0 %
2026/03/23 22:58:22.895, 0, 229.43 W, 28, 2032 MHz, 3996 MHz, 0 %, 0 %
2026/03/23 22:58:22.895, 1, 233.32 W, 30, 2032 MHz, 3996 MHz, 0 %, 0 %
2026/03/23 22:58:22.895, 2, 234.01 W, 28, 2032 MHz, 3996 MHz, 0 %, 0 %
2026/03/23 22:58:22.895, 3, 235.21 W, 30, 2032 MHz, 3996 MHz, 0 %, 0 %
2026/03/23 22:58:22.895, 4, 179.32 W, 26, 120 MHz, 3996 MHz, 0 %, 0 %
2026/03/23 22:58:22.895, 5, 180.58 W, 28, 120 MHz, 3996 MHz, 0 %, 0 %
2026/03/23 22:58:22.895, 6, 178.26 W, 27, 120 MHz, 3996 MHz, 0 %, 0 %
2026/03/23 22:58:22.895, 7, 176.58 W, 28, 120 MHz, 3996 MHz, 0 %, 0 %
2026/03/23 22:58:23.895, 0, 229.46 W, 28, 2032 MHz, 3996 MHz, 0 %, 0 %
2026/03/23 22:58:23.895, 1, 233.16 W, 30, 2032 MHz, 3996 MHz, 0 %, 0 %
2026/03/23 22:58:23.895, 2, 234.01 W, 28, 2032 MHz, 3996 MHz, 0 %, 0 %
2026/03/23 22:58:23.895, 3, 235.18 W, 30, 2032 MHz, 3996 MHz, 0 %, 0 %
2026/03/23 22:58:23.895, 4, 178.94 W, 26, 120 MHz, 3996 MHz, 0 %, 0 %
2026/03/23 22:58:23.895, 5, 180.58 W, 28, 120 MHz, 3996 MHz, 0 %, 0 %
2026/03/23 22:58:23.895, 6, 178.45 W, 27, 120 MHz, 3996 MHz, 0 %, 0 %
2026/03/23 22:58:23.896, 7, 176.58 W, 28, 120 MHz, 3996 MHz, 0 %, 0 %
2026/03/23 22:58:24.896, 0, 229.43 W, 28, 2032 MHz, 3996 MHz, 0 %, 0 %
2026/03/23 22:58:24.896, 1, 233.40 W, 30, 2032 MHz, 3996 MHz, 0 %, 0 %
2026/03/23 22:58:24.896, 2, 234.03 W, 28, 2032 MHz, 3996 MHz, 0 %, 0 %
2026/03/23 22:58:24.896, 3, 235.21 W, 30, 2032 MHz, 3996 MHz, 0 %, 0 %
2026/03/23 22:58:24.896, 4, 179.13 W, 26, 120 MHz, 3996 MHz, 0 %, 0 %
2026/03/23 22:58:24.896, 5, 180.58 W, 28, 120 MHz, 3996 MHz, 0 %, 0 %
2026/03/23 22:58:24.896, 6, 178.29 W, 27, 120 MHz, 3996 MHz, 0 %, 0 %
2026/03/23 22:58:24.896, 7, 176.58 W, 28, 120 MHz, 3996 MHz, 0 %, 0 %
2026/03/23 22:58:25.896, 0, 229.00 W, 28, 2032 MHz, 3996 MHz, 0 %, 0 %
2026/03/23 22:58:25.896, 1, 233.24 W, 30, 2032 MHz, 3996 MHz, 0 %, 0 %
2026/03/23 22:58:25.896, 2, 233.98 W, 28, 2032 MHz, 3996 MHz, 0 %, 0 %
2026/03/23 22:58:25.896, 3, 235.19 W, 30, 2032 MHz, 3996 MHz, 0 %, 0 %
2026/03/23 22:58:25.896, 4, 179.01 W, 26, 120 MHz, 3996 MHz, 0 %, 0 %
2026/03/23 22:58:25.896, 5, 180.58 W, 28, 120 MHz, 3996 MHz, 0 %, 0 %
2026/03/23 22:58:25.896, 6, 178.02 W, 27, 120 MHz, 3996 MHz, 0 %, 0 %
2026/03/23 22:58:25.896, 7, 176.58 W, 28, 120 MHz, 3996 MHz, 0 %, 0 %
2026/03/23 22:58:26.896, 0, 229.40 W, 28, 2032 MHz, 3996 MHz, 0 %, 0 %
2026/03/23 22:58:26.896, 1, 233.21 W, 30, 2032 MHz, 3996 MHz, 0 %, 0 %
2026/03/23 22:58:26.896, 2, 234.01 W, 28, 2032 MHz, 3996 MHz, 0 %, 0 %
2026/03/23 22:58:26.896, 3, 235.12 W, 30, 2032 MHz, 3996 MHz, 0 %, 0 %
2026/03/23 22:58:26.896, 4, 179.13 W, 26, 120 MHz, 3996 MHz, 0 %, 0 %
2026/03/23 22:58:26.896, 5, 180.62 W, 28, 120 MHz, 3996 MHz, 0 %, 0 %
2026/03/23 22:58:26.896, 6, 178.45 W, 27, 120 MHz, 3996 MHz, 0 %, 0 %
2026/03/23 22:58:26.896, 7, 176.58 W, 28, 120 MHz, 3996 MHz, 0 %, 0 %
2026/03/23 22:58:27.896, 0, 229.28 W, 28, 2032 MHz, 3996 MHz, 0 %, 0 %
2026/03/23 22:58:27.896, 1, 233.36 W, 30, 2032 MHz, 3996 MHz, 0 %, 0 %
2026/03/23 22:58:27.896, 2, 234.00 W, 28, 2032 MHz, 3996 MHz, 0 %, 0 %
2026/03/23 22:58:27.896, 3, 235.16 W, 30, 2032 MHz, 3996 MHz, 0 %, 0 %
2026/03/23 22:58:27.896, 4, 179.21 W, 26, 120 MHz, 3996 MHz, 0 %, 0 %
2026/03/23 22:58:27.896, 5, 180.58 W, 28, 120 MHz, 3996 MHz, 0 %, 0 %
2026/03/23 22:58:27.896, 6, 178.45 W, 27, 120 MHz, 3996 MHz, 0 %, 0 %
2026/03/23 22:58:27.896, 7, 176.58 W, 28, 120 MHz, 3996 MHz, 0 %, 0 %
2026/03/23 22:58:28.896, 0, 229.31 W, 28, 2032 MHz, 3996 MHz, 0 %, 0 %
2026/03/23 22:58:28.896, 1, 233.16 W, 30, 2032 MHz, 3996 MHz, 0 %, 0 %
2026/03/23 22:58:28.896, 2, 233.99 W, 28, 2032 MHz, 3996 MHz, 0 %, 0 %
2026/03/23 22:58:28.896, 3, 235.15 W, 30, 2032 MHz, 3996 MHz, 0 %, 0 %
2026/03/23 22:58:28.896, 4, 179.05 W, 26, 120 MHz, 3996 MHz, 0 %, 0 %
2026/03/23 22:58:28.896, 5, 180.58 W, 28, 120 MHz, 3996 MHz, 0 %, 0 %
2026/03/23 22:58:28.896, 6, 178.10 W, 27, 120 MHz, 3996 MHz, 0 %, 0 %
2026/03/23 22:58:28.896, 7, 176.58 W, 28, 120 MHz, 3996 MHz, 0 %, 0 %
2026/03/23 22:58:29.896, 0, 229.47 W, 28, 2032 MHz, 3996 MHz, 0 %, 0 %
2026/03/23 22:58:29.896, 1, 233.28 W, 30, 2032 MHz, 3996 MHz, 0 %, 0 %
2026/03/23 22:58:29.896, 2, 234.02 W, 28, 2032 MHz, 3996 MHz, 0 %, 0 %
2026/03/23 22:58:29.896, 3, 235.18 W, 30, 2032 MHz, 3996 MHz, 0 %, 0 %
2026/03/23 22:58:29.896, 4, 179.14 W, 26, 120 MHz, 3996 MHz, 0 %, 0 %
2026/03/23 22:58:29.896, 5, 180.58 W, 28, 120 MHz, 3996 MHz, 0 %, 0 %
2026/03/23 22:58:29.896, 6, 178.38 W, 27, 120 MHz, 3996 MHz, 0 %, 0 %
2026/03/23 22:58:29.897, 7, 176.58 W, 28, 120 MHz, 3996 MHz, 0 %, 0 %
2026/03/23 22:58:30.897, 0, 229.35 W, 28, 2032 MHz, 3996 MHz, 0 %, 0 %
2026/03/23 22:58:30.897, 1, 233.17 W, 30, 2032 MHz, 3996 MHz, 0 %, 0 %
2026/03/23 22:58:30.897, 2, 234.03 W, 28, 2032 MHz, 3996 MHz, 0 %, 0 %
2026/03/23 22:58:30.897, 3, 235.13 W, 30, 2032 MHz, 3996 MHz, 0 %, 0 %
2026/03/23 22:58:30.897, 4, 179.13 W, 26, 120 MHz, 3996 MHz, 0 %, 0 %
2026/03/23 22:58:30.897, 5, 180.58 W, 28, 120 MHz, 3996 MHz, 0 %, 0 %
2026/03/23 22:58:30.897, 6, 178.34 W, 27, 120 MHz, 3996 MHz, 0 %, 0 %
2026/03/23 22:58:30.897, 7, 176.58 W, 28, 120 MHz, 3996 MHz, 0 %, 0 %
2026/03/23 22:58:31.897, 0, 229.28 W, 28, 2032 MHz, 3996 MHz, 0 %, 0 %
2026/03/23 22:58:31.897, 1, 233.40 W, 30, 2032 MHz, 3996 MHz, 0 %, 0 %
2026/03/23 22:58:31.897, 2, 233.98 W, 28, 2032 MHz, 3996 MHz, 0 %, 0 %
2026/03/23 22:58:31.897, 3, 235.18 W, 30, 2032 MHz, 3996 MHz, 0 %, 0 %
2026/03/23 22:58:31.897, 4, 179.16 W, 26, 120 MHz, 3996 MHz, 0 %, 0 %
2026/03/23 22:58:31.897, 5, 180.58 W, 28, 120 MHz, 3996 MHz, 0 %, 0 %
2026/03/23 22:58:31.897, 6, 178.25 W, 27, 120 MHz, 3996 MHz, 0 %, 0 %
2026/03/23 22:58:31.897, 7, 176.58 W, 28, 120 MHz, 3996 MHz, 0 %, 0 %
2026/03/23 22:58:32.897, 0, 229.31 W, 28, 2032 MHz, 3996 MHz, 0 %, 0 %
2026/03/23 22:58:32.897, 1, 233.29 W, 30, 2032 MHz, 3996 MHz, 0 %, 0 %
2026/03/23 22:58:32.897, 2, 234.01 W, 28, 2032 MHz, 3996 MHz, 0 %, 0 %
2026/03/23 22:58:32.897, 3, 235.15 W, 30, 2032 MHz, 3996 MHz, 0 %, 0 %
2026/03/23 22:58:32.897, 4, 179.17 W, 26, 120 MHz, 3996 MHz, 0 %, 0 %
2026/03/23 22:58:32.897, 5, 180.58 W, 28, 120 MHz, 3996 MHz, 0 %, 0 %
2026/03/23 22:58:32.897, 6, 178.15 W, 27, 120 MHz, 3996 MHz, 0 %, 0 %
2026/03/23 22:58:32.897, 7, 176.59 W, 28, 120 MHz, 3996 MHz, 0 %, 0 %
2026/03/23 22:58:33.897, 0, 292.61 W, 28, 2032 MHz, 3996 MHz, 0 %, 0 %
2026/03/23 22:58:33.897, 1, 296.76 W, 30, 2032 MHz, 3996 MHz, 0 %, 0 %
2026/03/23 22:58:33.897, 2, 299.70 W, 28, 2032 MHz, 3996 MHz, 0 %, 0 %
2026/03/23 22:58:33.897, 3, 300.09 W, 31, 2032 MHz, 3996 MHz, 0 %, 0 %
2026/03/23 22:58:33.897, 4, 179.06 W, 26, 120 MHz, 3996 MHz, 0 %, 0 %
2026/03/23 22:58:33.897, 5, 180.58 W, 28, 120 MHz, 3996 MHz, 0 %, 0 %
2026/03/23 22:58:33.897, 6, 178.14 W, 27, 120 MHz, 3996 MHz, 0 %, 0 %
2026/03/23 22:58:33.897, 7, 176.58 W, 28, 120 MHz, 3996 MHz, 0 %, 0 %
2026/03/23 22:58:34.897, 0, 228.15 W, 28, 2032 MHz, 3996 MHz, 0 %, 0 %
2026/03/23 22:58:34.897, 1, 233.16 W, 30, 2032 MHz, 3996 MHz, 0 %, 0 %
2026/03/23 22:58:34.897, 2, 234.02 W, 28, 2032 MHz, 3996 MHz, 0 %, 0 %
2026/03/23 22:58:34.897, 3, 234.55 W, 30, 2032 MHz, 3996 MHz, 0 %, 0 %
2026/03/23 22:58:34.897, 4, 178.95 W, 26, 120 MHz, 3996 MHz, 0 %, 0 %
2026/03/23 22:58:34.897, 5, 180.58 W, 28, 120 MHz, 3996 MHz, 0 %, 0 %
2026/03/23 22:58:34.897, 6, 178.37 W, 27, 120 MHz, 3996 MHz, 0 %, 0 %
2026/03/23 22:58:34.897, 7, 176.58 W, 28, 120 MHz, 3996 MHz, 0 %, 0 %
2026/03/23 22:58:35.897, 0, 228.15 W, 28, 2032 MHz, 3996 MHz, 0 %, 0 %
2026/03/23 22:58:35.897, 1, 233.18 W, 30, 2032 MHz, 3996 MHz, 0 %, 0 %
2026/03/23 22:58:35.897, 2, 234.01 W, 28, 2032 MHz, 3996 MHz, 0 %, 0 %
2026/03/23 22:58:35.897, 3, 234.10 W, 30, 2032 MHz, 3996 MHz, 0 %, 0 %
2026/03/23 22:58:35.897, 4, 179.00 W, 26, 120 MHz, 3996 MHz, 0 %, 0 %
2026/03/23 22:58:35.897, 5, 180.58 W, 28, 120 MHz, 3996 MHz, 0 %, 0 %
2026/03/23 22:58:35.897, 6, 178.49 W, 27, 120 MHz, 3996 MHz, 0 %, 0 %
2026/03/23 22:58:35.897, 7, 176.58 W, 28, 120 MHz, 3996 MHz, 0 %, 0 %
2026/03/23 22:58:36.897, 0, 228.11 W, 28, 2032 MHz, 3996 MHz, 0 %, 0 %
2026/03/23 22:58:36.897, 1, 233.17 W, 30, 2032 MHz, 3996 MHz, 0 %, 0 %
2026/03/23 22:58:36.897, 2, 234.00 W, 28, 2032 MHz, 3996 MHz, 0 %, 0 %
2026/03/23 22:58:36.897, 3, 233.78 W, 30, 2032 MHz, 3996 MHz, 0 %, 0 %
2026/03/23 22:58:36.897, 4, 178.97 W, 26, 120 MHz, 3996 MHz, 0 %, 0 %
2026/03/23 22:58:36.898, 5, 180.58 W, 28, 120 MHz, 3996 MHz, 0 %, 0 %
2026/03/23 22:58:36.898, 6, 178.37 W, 27, 120 MHz, 3996 MHz, 0 %, 0 %
2026/03/23 22:58:36.898, 7, 176.58 W, 28, 120 MHz, 3996 MHz, 0 %, 0 %
2026/03/23 22:58:37.898, 0, 229.24 W, 28, 2032 MHz, 3996 MHz, 0 %, 0 %
2026/03/23 22:58:37.898, 1, 238.89 W, 30, 2032 MHz, 3996 MHz, 0 %, 0 %
2026/03/23 22:58:37.898, 2, 234.01 W, 28, 2032 MHz, 3996 MHz, 0 %, 0 %
2026/03/23 22:58:37.898, 3, 240.22 W, 30, 2032 MHz, 3996 MHz, 0 %, 0 %
2026/03/23 22:58:37.898, 4, 179.14 W, 26, 120 MHz, 3996 MHz, 0 %, 0 %
2026/03/23 22:58:37.898, 5, 180.58 W, 28, 120 MHz, 3996 MHz, 0 %, 0 %
2026/03/23 22:58:37.898, 6, 178.21 W, 27, 120 MHz, 3996 MHz, 0 %, 0 %
2026/03/23 22:58:37.898, 7, 176.58 W, 28, 120 MHz, 3996 MHz, 0 %, 0 %
2026/03/23 22:58:38.898, 0, 234.15 W, 28, 2032 MHz, 3996 MHz, 0 %, 0 %
2026/03/23 22:58:38.898, 1, 233.45 W, 30, 2032 MHz, 3996 MHz, 0 %, 0 %
2026/03/23 22:58:38.898, 2, 239.52 W, 28, 2032 MHz, 3996 MHz, 0 %, 0 %
2026/03/23 22:58:38.898, 3, 234.35 W, 30, 2032 MHz, 3996 MHz, 0 %, 0 %
2026/03/23 22:58:38.898, 4, 179.29 W, 26, 120 MHz, 3996 MHz, 0 %, 0 %
2026/03/23 22:58:38.898, 5, 180.58 W, 28, 120 MHz, 3996 MHz, 0 %, 0 %
2026/03/23 22:58:38.898, 6, 178.37 W, 27, 120 MHz, 3996 MHz, 0 %, 0 %
2026/03/23 22:58:38.898, 7, 176.58 W, 28, 120 MHz, 3996 MHz, 0 %, 0 %
2026/03/23 22:58:39.898, 0, 228.30 W, 28, 2032 MHz, 3996 MHz, 0 %, 0 %
2026/03/23 22:58:39.898, 1, 233.18 W, 30, 2032 MHz, 3996 MHz, 0 %, 0 %
2026/03/23 22:58:39.898, 2, 234.01 W, 28, 2032 MHz, 3996 MHz, 0 %, 0 %
2026/03/23 22:58:39.898, 3, 234.06 W, 30, 2032 MHz, 3996 MHz, 0 %, 0 %
2026/03/23 22:58:39.898, 4, 178.95 W, 26, 120 MHz, 3996 MHz, 0 %, 0 %
2026/03/23 22:58:39.898, 5, 180.58 W, 28, 120 MHz, 3996 MHz, 0 %, 0 %
2026/03/23 22:58:39.898, 6, 178.53 W, 27, 120 MHz, 3996 MHz, 0 %, 0 %
2026/03/23 22:58:39.898, 7, 176.58 W, 28, 120 MHz, 3996 MHz, 0 %, 0 %
2026/03/23 22:58:40.898, 0, 228.29 W, 28, 2032 MHz, 3996 MHz, 0 %, 0 %
2026/03/23 22:58:40.898, 1, 233.16 W, 30, 2032 MHz, 3996 MHz, 0 %, 0 %
2026/03/23 22:58:40.898, 2, 248.55 W, 28, 2032 MHz, 3996 MHz, 0 %, 0 %
2026/03/23 22:58:40.898, 3, 249.94 W, 31, 2032 MHz, 3996 MHz, 7 %, 6 %
2026/03/23 22:58:40.898, 4, 179.09 W, 26, 120 MHz, 3996 MHz, 0 %, 0 %
2026/03/23 22:58:40.898, 5, 180.58 W, 28, 120 MHz, 3996 MHz, 0 %, 0 %
2026/03/23 22:58:40.898, 6, 178.25 W, 27, 120 MHz, 3996 MHz, 0 %, 0 %
2026/03/23 22:58:40.898, 7, 176.58 W, 28, 120 MHz, 3996 MHz, 0 %, 0 %
2026/03/23 22:58:41.898, 0, 359.74 W, 28, 2032 MHz, 3996 MHz, 0 %, 0 %
2026/03/23 22:58:41.898, 1, 355.01 W, 30, 2032 MHz, 3996 MHz, 0 %, 0 %
2026/03/23 22:58:41.898, 2, 347.02 W, 28, 2032 MHz, 3996 MHz, 0 %, 0 %
2026/03/23 22:58:41.898, 3, 345.85 W, 31, 2032 MHz, 3996 MHz, 0 %, 0 %
2026/03/23 22:58:41.898, 4, 178.98 W, 26, 120 MHz, 3996 MHz, 0 %, 0 %
2026/03/23 22:58:41.898, 5, 180.58 W, 28, 120 MHz, 3996 MHz, 0 %, 0 %
2026/03/23 22:58:41.898, 6, 178.37 W, 27, 120 MHz, 3996 MHz, 0 %, 0 %
2026/03/23 22:58:41.898, 7, 176.59 W, 28, 120 MHz, 3996 MHz, 0 %, 0 %
2026/03/23 22:58:42.898, 0, 231.66 W, 28, 2032 MHz, 3996 MHz, 0 %, 0 %
2026/03/23 22:58:42.898, 1, 237.38 W, 30, 2032 MHz, 3996 MHz, 0 %, 0 %
2026/03/23 22:58:42.898, 2, 234.80 W, 28, 2032 MHz, 3996 MHz, 0 %, 0 %
2026/03/23 22:58:42.898, 3, 236.07 W, 31, 2032 MHz, 3996 MHz, 8 %, 0 %
2026/03/23 22:58:42.898, 4, 179.18 W, 26, 120 MHz, 3996 MHz, 0 %, 0 %
2026/03/23 22:58:42.898, 5, 180.58 W, 28, 120 MHz, 3996 MHz, 0 %, 0 %
2026/03/23 22:58:42.898, 6, 178.26 W, 27, 120 MHz, 3996 MHz, 0 %, 0 %
2026/03/23 22:58:42.898, 7, 176.58 W, 28, 120 MHz, 3996 MHz, 0 %, 0 %
2026/03/23 22:58:43.899, 0, 229.81 W, 28, 2032 MHz, 3996 MHz, 0 %, 0 %
2026/03/23 22:58:43.899, 1, 234.62 W, 30, 2032 MHz, 3996 MHz, 0 %, 0 %
2026/03/23 22:58:43.899, 2, 234.34 W, 28, 2032 MHz, 3996 MHz, 0 %, 0 %
2026/03/23 22:58:43.899, 3, 235.24 W, 30, 2032 MHz, 3996 MHz, 0 %, 0 %
2026/03/23 22:58:43.899, 4, 179.14 W, 26, 120 MHz, 3996 MHz, 0 %, 0 %
2026/03/23 22:58:43.899, 5, 180.58 W, 28, 120 MHz, 3996 MHz, 0 %, 0 %
2026/03/23 22:58:43.899, 6, 178.30 W, 27, 120 MHz, 3996 MHz, 0 %, 0 %
2026/03/23 22:58:43.899, 7, 176.58 W, 28, 120 MHz, 3996 MHz, 0 %, 0 %
2026/03/23 22:58:44.899, 0, 229.85 W, 28, 2032 MHz, 3996 MHz, 0 %, 0 %
2026/03/23 22:58:44.899, 1, 234.46 W, 30, 2032 MHz, 3996 MHz, 0 %, 0 %
2026/03/23 22:58:44.899, 2, 234.07 W, 28, 2032 MHz, 3996 MHz, 0 %, 0 %
2026/03/23 22:58:44.899, 3, 235.24 W, 30, 2032 MHz, 3996 MHz, 0 %, 0 %
2026/03/23 22:58:44.899, 4, 179.39 W, 26, 120 MHz, 3996 MHz, 0 %, 0 %
2026/03/23 22:58:44.899, 5, 180.58 W, 28, 120 MHz, 3996 MHz, 0 %, 0 %
2026/03/23 22:58:44.899, 6, 178.26 W, 27, 120 MHz, 3996 MHz, 0 %, 0 %
2026/03/23 22:58:44.899, 7, 176.58 W, 28, 120 MHz, 3996 MHz, 0 %, 0 %
2026/03/23 22:58:45.899, 0, 229.74 W, 28, 2032 MHz, 3996 MHz, 0 %, 0 %
2026/03/23 22:58:45.899, 1, 234.49 W, 30, 2032 MHz, 3996 MHz, 0 %, 0 %
2026/03/23 22:58:45.899, 2, 234.19 W, 28, 2032 MHz, 3996 MHz, 0 %, 0 %
2026/03/23 22:58:45.899, 3, 235.24 W, 30, 2032 MHz, 3996 MHz, 0 %, 0 %
2026/03/23 22:58:45.899, 4, 179.29 W, 26, 120 MHz, 3996 MHz, 0 %, 0 %
2026/03/23 22:58:45.899, 5, 180.58 W, 28, 120 MHz, 3996 MHz, 0 %, 0 %
2026/03/23 22:58:45.899, 6, 178.45 W, 27, 120 MHz, 3996 MHz, 0 %, 0 %
2026/03/23 22:58:45.899, 7, 176.58 W, 28, 120 MHz, 3996 MHz, 0 %, 0 %
2026/03/23 22:58:46.899, 0, 229.96 W, 28, 2032 MHz, 3996 MHz, 0 %, 0 %
2026/03/23 22:58:46.899, 1, 233.93 W, 30, 2032 MHz, 3996 MHz, 0 %, 0 %
2026/03/23 22:58:46.899, 2, 234.23 W, 28, 2032 MHz, 3996 MHz, 0 %, 0 %
2026/03/23 22:58:46.899, 3, 235.19 W, 30, 2032 MHz, 3996 MHz, 0 %, 0 %
2026/03/23 22:58:46.899, 4, 179.34 W, 26, 120 MHz, 3996 MHz, 0 %, 0 %
2026/03/23 22:58:46.899, 5, 180.58 W, 28, 120 MHz, 3996 MHz, 0 %, 0 %
2026/03/23 22:58:46.899, 6, 178.29 W, 27, 120 MHz, 3996 MHz, 0 %, 0 %
2026/03/23 22:58:46.899, 7, 176.58 W, 28, 120 MHz, 3996 MHz, 0 %, 0 %
2026/03/23 22:58:47.899, 0, 229.93 W, 28, 2032 MHz, 3996 MHz, 0 %, 0 %
2026/03/23 22:58:47.899, 1, 234.02 W, 30, 2032 MHz, 3996 MHz, 0 %, 0 %
2026/03/23 22:58:47.899, 2, 233.97 W, 28, 2032 MHz, 3996 MHz, 0 %, 0 %
2026/03/23 22:58:47.899, 3, 235.19 W, 30, 2032 MHz, 3996 MHz, 0 %, 0 %
2026/03/23 22:58:47.899, 4, 179.32 W, 26, 120 MHz, 3996 MHz, 0 %, 0 %
2026/03/23 22:58:47.899, 5, 180.58 W, 28, 120 MHz, 3996 MHz, 0 %, 0 %
2026/03/23 22:58:47.899, 6, 178.11 W, 27, 120 MHz, 3996 MHz, 0 %, 0 %
2026/03/23 22:58:47.899, 7, 176.58 W, 28, 120 MHz, 3996 MHz, 0 %, 0 %
2026/03/23 22:58:48.899, 0, 229.81 W, 28, 2032 MHz, 3996 MHz, 0 %, 0 %
2026/03/23 22:58:48.899, 1, 233.83 W, 30, 2032 MHz, 3996 MHz, 0 %, 0 %
2026/03/23 22:58:48.899, 2, 234.02 W, 28, 2032 MHz, 3996 MHz, 0 %, 0 %
2026/03/23 22:58:48.899, 3, 235.14 W, 30, 2032 MHz, 3996 MHz, 0 %, 0 %
2026/03/23 22:58:48.899, 4, 179.02 W, 26, 120 MHz, 3996 MHz, 0 %, 0 %
2026/03/23 22:58:48.899, 5, 180.58 W, 28, 120 MHz, 3996 MHz, 0 %, 0 %
2026/03/23 22:58:48.899, 6, 178.29 W, 27, 120 MHz, 3996 MHz, 0 %, 0 %
2026/03/23 22:58:48.899, 7, 176.58 W, 28, 120 MHz, 3996 MHz, 0 %, 0 %
2026/03/23 22:58:49.900, 0, 229.93 W, 28, 2032 MHz, 3996 MHz, 0 %, 0 %
2026/03/23 22:58:49.900, 1, 233.94 W, 30, 2032 MHz, 3996 MHz, 0 %, 0 %
2026/03/23 22:58:49.900, 2, 234.30 W, 28, 2032 MHz, 3996 MHz, 0 %, 0 %
2026/03/23 22:58:49.900, 3, 235.23 W, 30, 2032 MHz, 3996 MHz, 0 %, 0 %
2026/03/23 22:58:49.900, 4, 179.29 W, 26, 120 MHz, 3996 MHz, 0 %, 0 %
2026/03/23 22:58:49.900, 5, 180.58 W, 28, 120 MHz, 3996 MHz, 0 %, 0 %
2026/03/23 22:58:49.900, 6, 178.18 W, 27, 120 MHz, 3996 MHz, 0 %, 0 %
2026/03/23 22:58:49.900, 7, 176.58 W, 28, 120 MHz, 3996 MHz, 0 %, 0 %
2026/03/23 22:58:50.900, 0, 229.62 W, 28, 2032 MHz, 3996 MHz, 0 %, 0 %
2026/03/23 22:58:50.900, 1, 235.15 W, 30, 2032 MHz, 3996 MHz, 1 %, 0 %
2026/03/23 22:58:50.900, 2, 234.14 W, 28, 2032 MHz, 3996 MHz, 0 %, 0 %
2026/03/23 22:58:50.900, 3, 235.16 W, 30, 2032 MHz, 3996 MHz, 0 %, 0 %
2026/03/23 22:58:50.900, 4, 179.20 W, 26, 120 MHz, 3996 MHz, 0 %, 0 %
2026/03/23 22:58:50.900, 5, 180.58 W, 28, 120 MHz, 3996 MHz, 0 %, 0 %
2026/03/23 22:58:50.900, 6, 178.34 W, 27, 120 MHz, 3996 MHz, 0 %, 0 %
2026/03/23 22:58:50.900, 7, 176.58 W, 28, 120 MHz, 3996 MHz, 0 %, 0 %
2026/03/23 22:58:51.900, 0, 255.77 W, 28, 2032 MHz, 3996 MHz, 4 %, 2 %
2026/03/23 22:58:51.900, 1, 276.39 W, 30, 2032 MHz, 3996 MHz, 4 %, 1 %
2026/03/23 22:58:51.900, 2, 256.17 W, 28, 2032 MHz, 3996 MHz, 61 %, 1 %
2026/03/23 22:58:51.900, 3, 258.09 W, 31, 2032 MHz, 3996 MHz, 7 %, 1 %
2026/03/23 22:58:51.900, 4, 179.03 W, 26, 120 MHz, 3996 MHz, 0 %, 0 %
2026/03/23 22:58:51.900, 5, 180.58 W, 28, 120 MHz, 3996 MHz, 0 %, 0 %
2026/03/23 22:58:51.900, 6, 178.29 W, 27, 120 MHz, 3996 MHz, 0 %, 0 %
2026/03/23 22:58:51.900, 7, 176.58 W, 28, 120 MHz, 3996 MHz, 0 %, 0 %
2026/03/23 22:58:52.900, 0, 240.71 W, 28, 2032 MHz, 3996 MHz, 0 %, 0 %
2026/03/23 22:58:52.900, 1, 241.21 W, 30, 2032 MHz, 3996 MHz, 0 %, 0 %
2026/03/23 22:58:52.900, 2, 246.62 W, 28, 2032 MHz, 3996 MHz, 41 %, 0 %
2026/03/23 22:58:52.900, 3, 245.55 W, 31, 2032 MHz, 3996 MHz, 36 %, 0 %
2026/03/23 22:58:52.900, 4, 178.97 W, 26, 120 MHz, 3996 MHz, 0 %, 0 %
2026/03/23 22:58:52.900, 5, 180.58 W, 28, 120 MHz, 3996 MHz, 0 %, 0 %
2026/03/23 22:58:52.900, 6, 178.33 W, 27, 120 MHz, 3996 MHz, 0 %, 0 %
2026/03/23 22:58:52.900, 7, 176.58 W, 28, 120 MHz, 3996 MHz, 0 %, 0 %
2026/03/23 22:58:53.900, 0, 230.41 W, 28, 2032 MHz, 3996 MHz, 0 %, 0 %
2026/03/23 22:58:53.900, 1, 237.76 W, 30, 2032 MHz, 3996 MHz, 0 %, 0 %
2026/03/23 22:58:53.900, 2, 237.26 W, 28, 2032 MHz, 3996 MHz, 0 %, 0 %
2026/03/23 22:58:53.900, 3, 238.10 W, 30, 2032 MHz, 3996 MHz, 0 %, 0 %
2026/03/23 22:58:53.900, 4, 179.26 W, 26, 120 MHz, 3996 MHz, 0 %, 0 %
2026/03/23 22:58:53.900, 5, 180.58 W, 28, 120 MHz, 3996 MHz, 0 %, 0 %
2026/03/23 22:58:53.900, 6, 178.18 W, 27, 120 MHz, 3996 MHz, 0 %, 0 %
2026/03/23 22:58:53.900, 7, 176.58 W, 28, 120 MHz, 3996 MHz, 0 %, 0 %
2026/03/23 22:58:54.900, 0, 354.08 W, 34, 2032 MHz, 3996 MHz, 100 %, 0 %
2026/03/23 22:58:54.900, 1, 344.14 W, 33, 2032 MHz, 3996 MHz, 100 %, 0 %
2026/03/23 22:58:54.900, 2, 341.45 W, 31, 2032 MHz, 3996 MHz, 97 %, 0 %
2026/03/23 22:58:54.900, 3, 353.69 W, 34, 2032 MHz, 3996 MHz, 97 %, 0 %
2026/03/23 22:58:54.900, 4, 179.21 W, 26, 120 MHz, 3996 MHz, 0 %, 0 %
2026/03/23 22:58:54.900, 5, 180.58 W, 28, 120 MHz, 3996 MHz, 0 %, 0 %
2026/03/23 22:58:54.900, 6, 178.41 W, 27, 120 MHz, 3996 MHz, 0 %, 0 %
2026/03/23 22:58:54.900, 7, 176.58 W, 28, 120 MHz, 3996 MHz, 0 %, 0 %
2026/03/23 22:58:55.900, 0, 747.66 W, 32, 2032 MHz, 3996 MHz, 100 %, 7 %
2026/03/23 22:58:55.900, 1, 753.13 W, 36, 2032 MHz, 3996 MHz, 100 %, 0 %
2026/03/23 22:58:55.900, 2, 762.75 W, 33, 2032 MHz, 3996 MHz, 100 %, 15 %
2026/03/23 22:58:55.900, 3, 757.78 W, 36, 2032 MHz, 3996 MHz, 100 %, 17 %
2026/03/23 22:58:55.900, 4, 179.09 W, 26, 120 MHz, 3996 MHz, 0 %, 0 %
2026/03/23 22:58:55.900, 5, 180.58 W, 28, 120 MHz, 3996 MHz, 0 %, 0 %
2026/03/23 22:58:55.901, 6, 178.45 W, 27, 120 MHz, 3996 MHz, 0 %, 0 %
2026/03/23 22:58:55.901, 7, 176.58 W, 28, 120 MHz, 3996 MHz, 0 %, 0 %
2026/03/23 22:58:56.901, 0, 272.41 W, 29, 2032 MHz, 3996 MHz, 100 %, 0 %
2026/03/23 22:58:56.901, 1, 278.87 W, 31, 2032 MHz, 3996 MHz, 100 %, 0 %
2026/03/23 22:58:56.901, 2, 279.62 W, 29, 2032 MHz, 3996 MHz, 100 %, 0 %
2026/03/23 22:58:56.901, 3, 279.04 W, 32, 2032 MHz, 3996 MHz, 100 %, 0 %
2026/03/23 22:58:56.901, 4, 179.46 W, 26, 120 MHz, 3996 MHz, 0 %, 0 %
2026/03/23 22:58:56.901, 5, 180.58 W, 28, 120 MHz, 3996 MHz, 0 %, 0 %
2026/03/23 22:58:56.901, 6, 178.41 W, 27, 120 MHz, 3996 MHz, 0 %, 0 %
2026/03/23 22:58:56.901, 7, 176.58 W, 28, 120 MHz, 3996 MHz, 0 %, 0 %
2026/03/23 22:58:57.901, 0, 268.55 W, 29, 2032 MHz, 3996 MHz, 100 %, 0 %
2026/03/23 22:58:57.901, 1, 275.78 W, 31, 2032 MHz, 3996 MHz, 100 %, 0 %
2026/03/23 22:58:57.901, 2, 275.35 W, 28, 2032 MHz, 3996 MHz, 100 %, 0 %
2026/03/23 22:58:57.901, 3, 273.98 W, 31, 2032 MHz, 3996 MHz, 100 %, 0 %
2026/03/23 22:58:57.901, 4, 179.33 W, 26, 120 MHz, 3996 MHz, 0 %, 0 %
2026/03/23 22:58:57.901, 5, 180.58 W, 28, 120 MHz, 3996 MHz, 0 %, 0 %
2026/03/23 22:58:57.901, 6, 178.41 W, 27, 120 MHz, 3996 MHz, 0 %, 0 %
2026/03/23 22:58:57.901, 7, 176.58 W, 28, 120 MHz, 3996 MHz, 0 %, 0 %
2026/03/23 22:58:58.901, 0, 231.73 W, 29, 2032 MHz, 3996 MHz, 12 %, 0 %
2026/03/23 22:58:58.901, 1, 237.85 W, 31, 2032 MHz, 3996 MHz, 12 %, 0 %
2026/03/23 22:58:58.901, 2, 235.66 W, 28, 2032 MHz, 3996 MHz, 5 %, 0 %
2026/03/23 22:58:58.901, 3, 237.44 W, 31, 2032 MHz, 3996 MHz, 6 %, 0 %
2026/03/23 22:58:58.901, 4, 179.21 W, 26, 120 MHz, 3996 MHz, 0 %, 0 %
2026/03/23 22:58:58.901, 5, 180.58 W, 28, 120 MHz, 3996 MHz, 0 %, 0 %
2026/03/23 22:58:58.901, 6, 178.18 W, 27, 120 MHz, 3996 MHz, 0 %, 0 %
2026/03/23 22:58:58.901, 7, 176.58 W, 28, 120 MHz, 3996 MHz, 0 %, 0 %
2026/03/23 22:58:59.901, 0, 233.33 W, 28, 2032 MHz, 3996 MHz, 6 %, 0 %
2026/03/23 22:58:59.901, 1, 240.70 W, 30, 2032 MHz, 3996 MHz, 7 %, 0 %
2026/03/23 22:58:59.901, 2, 236.85 W, 28, 2032 MHz, 3996 MHz, 10 %, 0 %
2026/03/23 22:58:59.901, 3, 239.16 W, 31, 2032 MHz, 3996 MHz, 10 %, 0 %
2026/03/23 22:58:59.901, 4, 179.13 W, 26, 120 MHz, 3996 MHz, 0 %, 0 %
2026/03/23 22:58:59.901, 5, 180.58 W, 28, 120 MHz, 3996 MHz, 0 %, 0 %
2026/03/23 22:58:59.901, 6, 178.21 W, 27, 120 MHz, 3996 MHz, 0 %, 0 %
2026/03/23 22:58:59.901, 7, 176.58 W, 28, 120 MHz, 3996 MHz, 0 %, 0 %
2026/03/23 22:59:00.901, 0, 233.43 W, 28, 2032 MHz, 3996 MHz, 5 %, 0 %
2026/03/23 22:59:00.901, 1, 241.55 W, 30, 2032 MHz, 3996 MHz, 5 %, 0 %
2026/03/23 22:59:00.901, 2, 237.13 W, 28, 2032 MHz, 3996 MHz, 9 %, 0 %
2026/03/23 22:59:00.901, 3, 238.94 W, 31, 2032 MHz, 3996 MHz, 9 %, 0 %
2026/03/23 22:59:00.901, 4, 179.02 W, 26, 120 MHz, 3996 MHz, 0 %, 0 %
2026/03/23 22:59:00.901, 5, 180.58 W, 28, 120 MHz, 3996 MHz, 0 %, 0 %
2026/03/23 22:59:00.901, 6, 178.49 W, 27, 120 MHz, 3996 MHz, 0 %, 0 %
2026/03/23 22:59:00.901, 7, 176.58 W, 28, 120 MHz, 3996 MHz, 0 %, 0 %
2026/03/23 22:59:01.901, 0, 234.24 W, 28, 2032 MHz, 3996 MHz, 12 %, 0 %
2026/03/23 22:59:01.901, 1, 241.83 W, 30, 2032 MHz, 3996 MHz, 14 %, 0 %
2026/03/23 22:59:01.901, 2, 237.47 W, 28, 2032 MHz, 3996 MHz, 11 %, 0 %
2026/03/23 22:59:01.901, 3, 239.48 W, 31, 2032 MHz, 3996 MHz, 12 %, 0 %
2026/03/23 22:59:01.901, 4, 179.16 W, 26, 120 MHz, 3996 MHz, 0 %, 0 %
2026/03/23 22:59:01.901, 5, 180.58 W, 28, 120 MHz, 3996 MHz, 0 %, 0 %
2026/03/23 22:59:01.901, 6, 178.49 W, 27, 120 MHz, 3996 MHz, 0 %, 0 %
2026/03/23 22:59:01.901, 7, 176.58 W, 28, 120 MHz, 3996 MHz, 0 %, 0 %
2026/03/23 22:59:02.902, 0, 238.08 W, 28, 2032 MHz, 3996 MHz, 14 %, 0 %
2026/03/23 22:59:02.902, 1, 241.87 W, 30, 2032 MHz, 3996 MHz, 13 %, 0 %
2026/03/23 22:59:02.902, 2, 238.84 W, 28, 2032 MHz, 3996 MHz, 13 %, 0 %
2026/03/23 22:59:02.902, 3, 270.52 W, 31, 2032 MHz, 3996 MHz, 18 %, 7 %
2026/03/23 22:59:02.902, 4, 179.22 W, 26, 120 MHz, 3996 MHz, 0 %, 0 %
2026/03/23 22:59:02.902, 5, 180.58 W, 28, 120 MHz, 3996 MHz, 0 %, 0 %
2026/03/23 22:59:02.902, 6, 178.49 W, 27, 120 MHz, 3996 MHz, 0 %, 0 %
2026/03/23 22:59:02.902, 7, 176.58 W, 28, 120 MHz, 3996 MHz, 0 %, 0 %
2026/03/23 22:59:03.902, 0, 238.76 W, 28, 2032 MHz, 3996 MHz, 14 %, 0 %
2026/03/23 22:59:03.902, 1, 241.62 W, 30, 2032 MHz, 3996 MHz, 14 %, 0 %
2026/03/23 22:59:03.902, 2, 239.59 W, 28, 2032 MHz, 3996 MHz, 9 %, 0 %
2026/03/23 22:59:03.902, 3, 280.73 W, 31, 2032 MHz, 3996 MHz, 13 %, 5 %
2026/03/23 22:59:03.902, 4, 179.25 W, 26, 120 MHz, 3996 MHz, 0 %, 0 %
2026/03/23 22:59:03.902, 5, 180.58 W, 28, 120 MHz, 3996 MHz, 0 %, 0 %
2026/03/23 22:59:03.902, 6, 178.45 W, 27, 120 MHz, 3996 MHz, 0 %, 0 %
2026/03/23 22:59:03.902, 7, 176.58 W, 28, 120 MHz, 3996 MHz, 0 %, 0 %
2026/03/23 22:59:04.902, 0, 239.17 W, 28, 2032 MHz, 3996 MHz, 9 %, 0 %
2026/03/23 22:59:04.902, 1, 242.89 W, 30, 2032 MHz, 3996 MHz, 4 %, 0 %
2026/03/23 22:59:04.902, 2, 240.10 W, 28, 2032 MHz, 3996 MHz, 9 %, 0 %
2026/03/23 22:59:04.902, 3, 281.08 W, 31, 2032 MHz, 3996 MHz, 13 %, 5 %
2026/03/23 22:59:04.902, 4, 179.31 W, 26, 120 MHz, 3996 MHz, 0 %, 0 %
2026/03/23 22:59:04.902, 5, 180.58 W, 28, 120 MHz, 3996 MHz, 0 %, 0 %
2026/03/23 22:59:04.902, 6, 178.37 W, 27, 120 MHz, 3996 MHz, 0 %, 0 %
2026/03/23 22:59:04.902, 7, 176.58 W, 28, 120 MHz, 3996 MHz, 0 %, 0 %
2026/03/23 22:59:05.902, 0, 256.59 W, 29, 2032 MHz, 3996 MHz, 17 %, 4 %
2026/03/23 22:59:05.902, 1, 258.78 W, 31, 2032 MHz, 3996 MHz, 17 %, 5 %
2026/03/23 22:59:05.902, 2, 266.75 W, 28, 2032 MHz, 3996 MHz, 19 %, 6 %
2026/03/23 22:59:05.902, 3, 298.25 W, 32, 2032 MHz, 3996 MHz, 23 %, 10 %
2026/03/23 22:59:05.902, 4, 179.24 W, 26, 120 MHz, 3996 MHz, 0 %, 0 %
2026/03/23 22:59:05.902, 5, 180.58 W, 28, 120 MHz, 3996 MHz, 0 %, 0 %
2026/03/23 22:59:05.902, 6, 178.33 W, 27, 120 MHz, 3996 MHz, 0 %, 0 %
2026/03/23 22:59:05.902, 7, 176.58 W, 28, 120 MHz, 3996 MHz, 0 %, 0 %
2026/03/23 22:59:06.902, 0, 261.13 W, 29, 2032 MHz, 3996 MHz, 17 %, 4 %
2026/03/23 22:59:06.902, 1, 265.26 W, 31, 2032 MHz, 3996 MHz, 17 %, 5 %
2026/03/23 22:59:06.902, 2, 274.02 W, 29, 2032 MHz, 3996 MHz, 19 %, 6 %
2026/03/23 22:59:06.902, 3, 298.99 W, 32, 2032 MHz, 3996 MHz, 20 %, 9 %
2026/03/23 22:59:06.902, 4, 178.98 W, 26, 120 MHz, 3996 MHz, 0 %, 0 %
2026/03/23 22:59:06.902, 5, 180.58 W, 28, 120 MHz, 3996 MHz, 0 %, 0 %
2026/03/23 22:59:06.902, 6, 178.49 W, 27, 120 MHz, 3996 MHz, 0 %, 0 %
2026/03/23 22:59:06.902, 7, 176.59 W, 28, 120 MHz, 3996 MHz, 0 %, 0 %
2026/03/23 22:59:07.902, 0, 260.98 W, 29, 2032 MHz, 3996 MHz, 18 %, 4 %
2026/03/23 22:59:07.902, 1, 265.38 W, 31, 2032 MHz, 3996 MHz, 18 %, 5 %
2026/03/23 22:59:07.902, 2, 274.74 W, 29, 2032 MHz, 3996 MHz, 19 %, 6 %
2026/03/23 22:59:07.902, 3, 298.33 W, 32, 2032 MHz, 3996 MHz, 21 %, 10 %
2026/03/23 22:59:07.902, 4, 179.32 W, 26, 120 MHz, 3996 MHz, 0 %, 0 %
2026/03/23 22:59:07.902, 5, 180.58 W, 28, 120 MHz, 3996 MHz, 0 %, 0 %
2026/03/23 22:59:07.902, 6, 178.34 W, 27, 120 MHz, 3996 MHz, 0 %, 0 %
2026/03/23 22:59:07.902, 7, 176.59 W, 28, 120 MHz, 3996 MHz, 0 %, 0 %
2026/03/23 22:59:08.902, 0, 268.90 W, 29, 2032 MHz, 3996 MHz, 22 %, 7 %
2026/03/23 22:59:08.902, 1, 282.36 W, 31, 2032 MHz, 3996 MHz, 24 %, 13 %
2026/03/23 22:59:08.902, 2, 286.81 W, 29, 2032 MHz, 3996 MHz, 22 %, 9 %
2026/03/23 22:59:08.902, 3, 299.35 W, 32, 2032 MHz, 3996 MHz, 21 %, 9 %
2026/03/23 22:59:08.902, 4, 178.98 W, 26, 120 MHz, 3996 MHz, 0 %, 0 %
2026/03/23 22:59:08.902, 5, 180.58 W, 28, 120 MHz, 3996 MHz, 0 %, 0 %
2026/03/23 22:59:08.902, 6, 178.49 W, 27, 120 MHz, 3996 MHz, 0 %, 0 %
2026/03/23 22:59:08.903, 7, 176.58 W, 28, 120 MHz, 3996 MHz, 0 %, 0 %
2026/03/23 22:59:09.903, 0, 272.10 W, 29, 2032 MHz, 3996 MHz, 9 %, 3 %
2026/03/23 22:59:09.903, 1, 321.10 W, 31, 2032 MHz, 3996 MHz, 6 %, 3 %
2026/03/23 22:59:09.903, 2, 293.11 W, 28, 2032 MHz, 3996 MHz, 14 %, 6 %
2026/03/23 22:59:09.903, 3, 295.89 W, 31, 2032 MHz, 3996 MHz, 12 %, 5 %
2026/03/23 22:59:09.903, 4, 179.02 W, 26, 120 MHz, 3996 MHz, 0 %, 0 %
2026/03/23 22:59:09.903, 5, 180.58 W, 28, 120 MHz, 3996 MHz, 0 %, 0 %
2026/03/23 22:59:09.903, 6, 178.26 W, 27, 120 MHz, 3996 MHz, 0 %, 0 %
2026/03/23 22:59:09.903, 7, 176.58 W, 28, 120 MHz, 3996 MHz, 0 %, 0 %
2026/03/23 22:59:10.903, 0, 277.07 W, 29, 2032 MHz, 3996 MHz, 20 %, 7 %
2026/03/23 22:59:10.903, 1, 326.60 W, 32, 2032 MHz, 3996 MHz, 24 %, 12 %
2026/03/23 22:59:10.903, 2, 301.38 W, 29, 2032 MHz, 3996 MHz, 22 %, 9 %
2026/03/23 22:59:10.903, 3, 299.39 W, 32, 2032 MHz, 3996 MHz, 21 %, 9 %
2026/03/23 22:59:10.903, 4, 179.13 W, 26, 120 MHz, 3996 MHz, 0 %, 0 %
2026/03/23 22:59:10.903, 5, 180.58 W, 28, 120 MHz, 3996 MHz, 0 %, 0 %
2026/03/23 22:59:10.903, 6, 178.56 W, 27, 120 MHz, 3996 MHz, 0 %, 0 %
2026/03/23 22:59:10.903, 7, 176.58 W, 28, 120 MHz, 3996 MHz, 0 %, 0 %
2026/03/23 22:59:11.903, 0, 280.75 W, 29, 2032 MHz, 3996 MHz, 25 %, 10 %
2026/03/23 22:59:11.903, 1, 325.74 W, 32, 2032 MHz, 3996 MHz, 25 %, 13 %
2026/03/23 22:59:11.903, 2, 298.06 W, 29, 2032 MHz, 3996 MHz, 23 %, 9 %
2026/03/23 22:59:11.903, 3, 298.42 W, 32, 2032 MHz, 3996 MHz, 22 %, 9 %
2026/03/23 22:59:11.903, 4, 179.30 W, 26, 120 MHz, 3996 MHz, 0 %, 0 %
2026/03/23 22:59:11.903, 5, 180.58 W, 28, 120 MHz, 3996 MHz, 0 %, 0 %
2026/03/23 22:59:11.903, 6, 178.41 W, 27, 120 MHz, 3996 MHz, 0 %, 0 %
2026/03/23 22:59:11.903, 7, 176.58 W, 28, 120 MHz, 3996 MHz, 0 %, 0 %
2026/03/23 22:59:12.903, 0, 300.50 W, 29, 2032 MHz, 3996 MHz, 23 %, 11 %
2026/03/23 22:59:12.903, 1, 318.71 W, 32, 2032 MHz, 3996 MHz, 27 %, 14 %
2026/03/23 22:59:12.903, 2, 336.17 W, 30, 2032 MHz, 3996 MHz, 27 %, 16 %
2026/03/23 22:59:12.903, 3, 319.54 W, 32, 2032 MHz, 3996 MHz, 29 %, 15 %
2026/03/23 22:59:12.903, 4, 179.10 W, 26, 120 MHz, 3996 MHz, 0 %, 0 %
2026/03/23 22:59:12.903, 5, 180.58 W, 28, 120 MHz, 3996 MHz, 0 %, 0 %
2026/03/23 22:59:12.903, 6, 178.49 W, 27, 120 MHz, 3996 MHz, 0 %, 0 %
2026/03/23 22:59:12.903, 7, 176.58 W, 28, 120 MHz, 3996 MHz, 0 %, 0 %
2026/03/23 22:59:13.903, 0, 299.63 W, 29, 2032 MHz, 3996 MHz, 25 %, 11 %
2026/03/23 22:59:13.903, 1, 320.26 W, 32, 2032 MHz, 3996 MHz, 28 %, 14 %
2026/03/23 22:59:13.903, 2, 345.85 W, 30, 2032 MHz, 3996 MHz, 30 %, 17 %
2026/03/23 22:59:13.903, 3, 336.09 W, 32, 2032 MHz, 3996 MHz, 28 %, 15 %
2026/03/23 22:59:13.903, 4, 179.35 W, 26, 120 MHz, 3996 MHz, 0 %, 0 %
2026/03/23 22:59:13.903, 5, 180.58 W, 28, 120 MHz, 3996 MHz, 0 %, 0 %
2026/03/23 22:59:13.903, 6, 178.56 W, 27, 120 MHz, 3996 MHz, 0 %, 0 %
2026/03/23 22:59:13.903, 7, 176.58 W, 28, 120 MHz, 3996 MHz, 0 %, 0 %
2026/03/23 22:59:14.903, 0, 302.25 W, 29, 2032 MHz, 3996 MHz, 9 %, 4 %
2026/03/23 22:59:14.903, 1, 321.34 W, 31, 2032 MHz, 3996 MHz, 14 %, 7 %
2026/03/23 22:59:14.903, 2, 345.79 W, 30, 2032 MHz, 3996 MHz, 20 %, 12 %
2026/03/23 22:59:14.903, 3, 336.11 W, 32, 2032 MHz, 3996 MHz, 17 %, 10 %
2026/03/23 22:59:14.903, 4, 179.48 W, 26, 120 MHz, 3996 MHz, 0 %, 0 %
2026/03/23 22:59:14.903, 5, 180.58 W, 28, 120 MHz, 3996 MHz, 0 %, 0 %
2026/03/23 22:59:14.903, 6, 178.49 W, 27, 120 MHz, 3996 MHz, 0 %, 0 %
2026/03/23 22:59:14.903, 7, 176.58 W, 28, 120 MHz, 3996 MHz, 0 %, 0 %
2026/03/23 22:59:15.903, 0, 314.71 W, 30, 2032 MHz, 3996 MHz, 27 %, 12 %
2026/03/23 22:59:15.904, 1, 337.29 W, 32, 2032 MHz, 3996 MHz, 22 %, 10 %
2026/03/23 22:59:15.904, 2, 361.45 W, 30, 2032 MHz, 3996 MHz, 30 %, 17 %
2026/03/23 22:59:15.904, 3, 352.17 W, 32, 2032 MHz, 3996 MHz, 30 %, 14 %
2026/03/23 22:59:15.904, 4, 179.27 W, 26, 120 MHz, 3996 MHz, 0 %, 0 %
2026/03/23 22:59:15.904, 5, 180.58 W, 28, 120 MHz, 3996 MHz, 0 %, 0 %
2026/03/23 22:59:15.904, 6, 178.45 W, 27, 120 MHz, 3996 MHz, 0 %, 0 %
2026/03/23 22:59:15.904, 7, 176.58 W, 28, 120 MHz, 3996 MHz, 0 %, 0 %
2026/03/23 22:59:16.904, 0, 316.37 W, 30, 2032 MHz, 3996 MHz, 27 %, 12 %
2026/03/23 22:59:16.904, 1, 346.05 W, 32, 2032 MHz, 3996 MHz, 27 %, 17 %
2026/03/23 22:59:16.904, 2, 364.20 W, 30, 2032 MHz, 3996 MHz, 32 %, 20 %
2026/03/23 22:59:16.904, 3, 348.93 W, 33, 2032 MHz, 3996 MHz, 31 %, 17 %
2026/03/23 22:59:16.904, 4, 179.25 W, 26, 120 MHz, 3996 MHz, 0 %, 0 %
2026/03/23 22:59:16.904, 5, 180.58 W, 28, 120 MHz, 3996 MHz, 0 %, 0 %
2026/03/23 22:59:16.904, 6, 178.60 W, 27, 120 MHz, 3996 MHz, 0 %, 0 %
2026/03/23 22:59:16.904, 7, 176.59 W, 28, 120 MHz, 3996 MHz, 0 %, 0 %
2026/03/23 22:59:17.904, 0, 312.69 W, 30, 2032 MHz, 3996 MHz, 27 %, 13 %
2026/03/23 22:59:17.904, 1, 347.31 W, 32, 2032 MHz, 3996 MHz, 32 %, 18 %
2026/03/23 22:59:17.904, 2, 368.77 W, 30, 2032 MHz, 3996 MHz, 32 %, 19 %
2026/03/23 22:59:17.904, 3, 349.91 W, 33, 2032 MHz, 3996 MHz, 29 %, 18 %
2026/03/23 22:59:17.904, 4, 179.29 W, 26, 120 MHz, 3996 MHz, 0 %, 0 %
2026/03/23 22:59:17.904, 5, 180.58 W, 28, 120 MHz, 3996 MHz, 0 %, 0 %
2026/03/23 22:59:17.904, 6, 178.37 W, 27, 120 MHz, 3996 MHz, 0 %, 0 %
2026/03/23 22:59:17.904, 7, 176.58 W, 28, 120 MHz, 3996 MHz, 0 %, 0 %
2026/03/23 22:59:18.904, 0, 313.99 W, 30, 2032 MHz, 3996 MHz, 27 %, 12 %
2026/03/23 22:59:18.904, 1, 349.23 W, 32, 2032 MHz, 3996 MHz, 31 %, 17 %
2026/03/23 22:59:18.904, 2, 365.32 W, 30, 2032 MHz, 3996 MHz, 31 %, 20 %
2026/03/23 22:59:18.904, 3, 352.76 W, 33, 2032 MHz, 3996 MHz, 30 %, 17 %
2026/03/23 22:59:18.904, 4, 179.09 W, 26, 120 MHz, 3996 MHz, 0 %, 0 %
2026/03/23 22:59:18.904, 5, 180.58 W, 28, 120 MHz, 3996 MHz, 0 %, 0 %
2026/03/23 22:59:18.904, 6, 178.49 W, 27, 120 MHz, 3996 MHz, 0 %, 0 %
2026/03/23 22:59:18.904, 7, 176.58 W, 28, 120 MHz, 3996 MHz, 0 %, 0 %
2026/03/23 22:59:19.904, 0, 327.00 W, 30, 2032 MHz, 3996 MHz, 13 %, 6 %
2026/03/23 22:59:19.904, 1, 356.67 W, 32, 2032 MHz, 3996 MHz, 24 %, 13 %
2026/03/23 22:59:19.904, 2, 371.05 W, 30, 2032 MHz, 3996 MHz, 14 %, 8 %
2026/03/23 22:59:19.904, 3, 353.92 W, 33, 2032 MHz, 3996 MHz, 15 %, 8 %
2026/03/23 22:59:19.904, 4, 179.32 W, 26, 120 MHz, 3996 MHz, 0 %, 0 %
2026/03/23 22:59:19.904, 5, 180.58 W, 28, 120 MHz, 3996 MHz, 0 %, 0 %
2026/03/23 22:59:19.904, 6, 178.49 W, 27, 120 MHz, 3996 MHz, 0 %, 0 %
2026/03/23 22:59:19.904, 7, 176.58 W, 28, 120 MHz, 3996 MHz, 0 %, 0 %
2026/03/23 22:59:20.904, 0, 336.00 W, 30, 2032 MHz, 3996 MHz, 28 %, 12 %
2026/03/23 22:59:20.904, 1, 369.81 W, 32, 2032 MHz, 3996 MHz, 21 %, 10 %
2026/03/23 22:59:20.904, 2, 392.10 W, 30, 2032 MHz, 3996 MHz, 34 %, 20 %
2026/03/23 22:59:20.904, 3, 383.80 W, 33, 2032 MHz, 3996 MHz, 35 %, 19 %
2026/03/23 22:59:20.904, 4, 179.02 W, 26, 120 MHz, 3996 MHz, 0 %, 0 %
2026/03/23 22:59:20.904, 5, 180.58 W, 28, 120 MHz, 3996 MHz, 0 %, 0 %
2026/03/23 22:59:20.904, 6, 178.52 W, 27, 120 MHz, 3996 MHz, 0 %, 0 %
2026/03/23 22:59:20.904, 7, 176.58 W, 28, 120 MHz, 3996 MHz, 0 %, 0 %
2026/03/23 22:59:21.904, 0, 328.30 W, 30, 2032 MHz, 3996 MHz, 29 %, 14 %
2026/03/23 22:59:21.904, 1, 358.71 W, 33, 2032 MHz, 3996 MHz, 31 %, 19 %
2026/03/23 22:59:21.904, 2, 375.44 W, 31, 2032 MHz, 3996 MHz, 34 %, 19 %
2026/03/23 22:59:21.904, 3, 371.27 W, 33, 2032 MHz, 3996 MHz, 32 %, 19 %
2026/03/23 22:59:21.904, 4, 178.98 W, 26, 120 MHz, 3996 MHz, 0 %, 0 %
2026/03/23 22:59:21.904, 5, 180.58 W, 28, 120 MHz, 3996 MHz, 0 %, 0 %
2026/03/23 22:59:21.904, 6, 178.56 W, 27, 120 MHz, 3996 MHz, 0 %, 0 %
2026/03/23 22:59:21.904, 7, 176.58 W, 28, 120 MHz, 3996 MHz, 0 %, 0 %
2026/03/23 22:59:22.905, 0, 318.60 W, 30, 2032 MHz, 3996 MHz, 28 %, 13 %
2026/03/23 22:59:22.905, 1, 350.39 W, 32, 2032 MHz, 3996 MHz, 31 %, 18 %
2026/03/23 22:59:22.905, 2, 366.06 W, 31, 2032 MHz, 3996 MHz, 32 %, 18 %
2026/03/23 22:59:22.905, 3, 361.36 W, 33, 2032 MHz, 3996 MHz, 32 %, 19 %
2026/03/23 22:59:22.905, 4, 179.08 W, 26, 120 MHz, 3996 MHz, 0 %, 0 %
2026/03/23 22:59:22.905, 5, 180.58 W, 28, 120 MHz, 3996 MHz, 0 %, 0 %
2026/03/23 22:59:22.905, 6, 178.53 W, 27, 120 MHz, 3996 MHz, 0 %, 0 %
2026/03/23 22:59:22.905, 7, 176.58 W, 28, 120 MHz, 3996 MHz, 0 %, 0 %
2026/03/23 22:59:23.905, 0, 350.80 W, 31, 2032 MHz, 3996 MHz, 35 %, 16 %
2026/03/23 22:59:23.905, 1, 344.30 W, 33, 2032 MHz, 3996 MHz, 32 %, 17 %
2026/03/23 22:59:23.905, 2, 360.73 W, 31, 2032 MHz, 3996 MHz, 33 %, 19 %
2026/03/23 22:59:23.905, 3, 356.74 W, 33, 2032 MHz, 3996 MHz, 31 %, 19 %
2026/03/23 22:59:23.905, 4, 179.08 W, 26, 120 MHz, 3996 MHz, 0 %, 0 %
2026/03/23 22:59:23.905, 5, 180.58 W, 28, 120 MHz, 3996 MHz, 0 %, 0 %
2026/03/23 22:59:23.905, 6, 178.49 W, 27, 120 MHz, 3996 MHz, 0 %, 0 %
2026/03/23 22:59:23.905, 7, 176.58 W, 28, 120 MHz, 3996 MHz, 0 %, 0 %
2026/03/23 22:59:24.905, 0, 352.46 W, 30, 2032 MHz, 3996 MHz, 18 %, 8 %
2026/03/23 22:59:24.905, 1, 355.03 W, 33, 2032 MHz, 3996 MHz, 34 %, 15 %
2026/03/23 22:59:24.905, 2, 390.43 W, 31, 2032 MHz, 3996 MHz, 19 %, 8 %
2026/03/23 22:59:24.905, 3, 394.24 W, 34, 2032 MHz, 3996 MHz, 18 %, 9 %
2026/03/23 22:59:24.905, 4, 179.13 W, 26, 120 MHz, 3996 MHz, 0 %, 0 %
2026/03/23 22:59:24.905, 5, 180.58 W, 28, 120 MHz, 3996 MHz, 0 %, 0 %
2026/03/23 22:59:24.905, 6, 178.60 W, 27, 120 MHz, 3996 MHz, 0 %, 0 %
2026/03/23 22:59:24.905, 7, 176.59 W, 28, 120 MHz, 3996 MHz, 0 %, 0 %
2026/03/23 22:59:25.905, 0, 347.13 W, 30, 2032 MHz, 3996 MHz, 24 %, 12 %
2026/03/23 22:59:25.905, 1, 392.87 W, 33, 2032 MHz, 3996 MHz, 21 %, 12 %
2026/03/23 22:59:25.905, 2, 392.70 W, 31, 2032 MHz, 3996 MHz, 33 %, 19 %
2026/03/23 22:59:25.905, 3, 416.42 W, 34, 2032 MHz, 3996 MHz, 34 %, 19 %
2026/03/23 22:59:25.905, 4, 179.09 W, 26, 120 MHz, 3996 MHz, 0 %, 0 %
2026/03/23 22:59:25.905, 5, 180.58 W, 28, 120 MHz, 3996 MHz, 0 %, 0 %
2026/03/23 22:59:25.905, 6, 178.52 W, 27, 120 MHz, 3996 MHz, 0 %, 0 %
2026/03/23 22:59:25.905, 7, 176.58 W, 28, 120 MHz, 3996 MHz, 0 %, 0 %
2026/03/23 22:59:26.905, 0, 338.63 W, 31, 2032 MHz, 3996 MHz, 30 %, 15 %
2026/03/23 22:59:26.905, 1, 360.29 W, 33, 2032 MHz, 3996 MHz, 32 %, 18 %
2026/03/23 22:59:26.905, 2, 370.46 W, 31, 2032 MHz, 3996 MHz, 31 %, 19 %
2026/03/23 22:59:26.905, 3, 390.95 W, 34, 2032 MHz, 3996 MHz, 34 %, 19 %
2026/03/23 22:59:26.905, 4, 179.49 W, 26, 120 MHz, 3996 MHz, 0 %, 0 %
2026/03/23 22:59:26.905, 5, 180.58 W, 28, 120 MHz, 3996 MHz, 0 %, 0 %
2026/03/23 22:59:26.905, 6, 178.45 W, 27, 120 MHz, 3996 MHz, 0 %, 0 %
2026/03/23 22:59:26.905, 7, 176.58 W, 28, 120 MHz, 3996 MHz, 0 %, 0 %
2026/03/23 22:59:27.905, 0, 325.19 W, 30, 2032 MHz, 3996 MHz, 33 %, 10 %
2026/03/23 22:59:27.905, 1, 347.82 W, 33, 2032 MHz, 3996 MHz, 27 %, 16 %
2026/03/23 22:59:27.905, 2, 355.42 W, 31, 2032 MHz, 3996 MHz, 30 %, 17 %
2026/03/23 22:59:27.905, 3, 372.22 W, 34, 2032 MHz, 3996 MHz, 30 %, 19 %
2026/03/23 22:59:27.905, 4, 179.28 W, 26, 120 MHz, 3996 MHz, 0 %, 0 %
2026/03/23 22:59:27.905, 5, 180.62 W, 28, 120 MHz, 3996 MHz, 0 %, 0 %
2026/03/23 22:59:27.905, 6, 178.45 W, 27, 120 MHz, 3996 MHz, 0 %, 0 %
2026/03/23 22:59:27.905, 7, 176.58 W, 28, 120 MHz, 3996 MHz, 0 %, 0 %
2026/03/23 22:59:28.905, 0, 342.69 W, 31, 2032 MHz, 3996 MHz, 35 %, 13 %
2026/03/23 22:59:28.905, 1, 340.66 W, 33, 2032 MHz, 3996 MHz, 31 %, 17 %
2026/03/23 22:59:28.905, 2, 356.33 W, 31, 2032 MHz, 3996 MHz, 32 %, 19 %
2026/03/23 22:59:28.905, 3, 357.02 W, 34, 2032 MHz, 3996 MHz, 33 %, 20 %
2026/03/23 22:59:28.905, 4, 179.27 W, 26, 120 MHz, 3996 MHz, 0 %, 0 %
2026/03/23 22:59:28.905, 5, 180.58 W, 28, 120 MHz, 3996 MHz, 0 %, 0 %
2026/03/23 22:59:28.905, 6, 178.49 W, 27, 120 MHz, 3996 MHz, 0 %, 0 %
2026/03/23 22:59:28.905, 7, 176.59 W, 28, 120 MHz, 3996 MHz, 0 %, 0 %
2026/03/23 22:59:29.906, 0, 342.33 W, 31, 2032 MHz, 3996 MHz, 18 %, 9 %
2026/03/23 22:59:29.906, 1, 353.38 W, 33, 2032 MHz, 3996 MHz, 37 %, 18 %
2026/03/23 22:59:29.906, 2, 399.02 W, 31, 2032 MHz, 3996 MHz, 14 %, 6 %
2026/03/23 22:59:29.906, 3, 393.25 W, 34, 2032 MHz, 3996 MHz, 11 %, 6 %
2026/03/23 22:59:29.906, 4, 179.14 W, 26, 120 MHz, 3996 MHz, 0 %, 0 %
2026/03/23 22:59:29.906, 5, 180.58 W, 28, 120 MHz, 3996 MHz, 0 %, 0 %
2026/03/23 22:59:29.906, 6, 178.56 W, 27, 120 MHz, 3996 MHz, 0 %, 0 %
2026/03/23 22:59:29.906, 7, 176.58 W, 28, 120 MHz, 3996 MHz, 0 %, 0 %
2026/03/23 22:59:30.906, 0, 339.83 W, 30, 2032 MHz, 3996 MHz, 22 %, 9 %
2026/03/23 22:59:30.906, 1, 396.25 W, 33, 2032 MHz, 3996 MHz, 23 %, 10 %
2026/03/23 22:59:30.906, 2, 413.25 W, 31, 2032 MHz, 3996 MHz, 35 %, 19 %
2026/03/23 22:59:30.906, 3, 426.43 W, 34, 2032 MHz, 3996 MHz, 42 %, 20 %
2026/03/23 22:59:30.906, 4, 179.26 W, 26, 120 MHz, 3996 MHz, 0 %, 0 %
2026/03/23 22:59:30.906, 5, 180.58 W, 28, 120 MHz, 3996 MHz, 0 %, 0 %
2026/03/23 22:59:30.906, 6, 178.57 W, 27, 120 MHz, 3996 MHz, 0 %, 0 %
2026/03/23 22:59:30.906, 7, 176.59 W, 28, 120 MHz, 3996 MHz, 0 %, 0 %
2026/03/23 22:59:31.906, 0, 351.49 W, 31, 2032 MHz, 3996 MHz, 35 %, 14 %
2026/03/23 22:59:31.906, 1, 376.97 W, 33, 2032 MHz, 3996 MHz, 32 %, 19 %
2026/03/23 22:59:31.906, 2, 392.68 W, 31, 2032 MHz, 3996 MHz, 32 %, 18 %
2026/03/23 22:59:31.906, 3, 390.46 W, 34, 2032 MHz, 3996 MHz, 31 %, 19 %
2026/03/23 22:59:31.906, 4, 179.43 W, 26, 120 MHz, 3996 MHz, 0 %, 0 %
2026/03/23 22:59:31.906, 5, 180.58 W, 28, 120 MHz, 3996 MHz, 0 %, 0 %
2026/03/23 22:59:31.906, 6, 178.26 W, 27, 120 MHz, 3996 MHz, 0 %, 0 %
2026/03/23 22:59:31.906, 7, 176.58 W, 28, 120 MHz, 3996 MHz, 0 %, 0 %
2026/03/23 22:59:32.906, 0, 350.70 W, 31, 2032 MHz, 3996 MHz, 33 %, 13 %
2026/03/23 22:59:32.906, 1, 354.36 W, 33, 2032 MHz, 3996 MHz, 31 %, 16 %
2026/03/23 22:59:32.906, 2, 381.93 W, 32, 2032 MHz, 3996 MHz, 43 %, 17 %
2026/03/23 22:59:32.906, 3, 379.27 W, 34, 2032 MHz, 3996 MHz, 36 %, 20 %
2026/03/23 22:59:32.906, 4, 179.53 W, 26, 120 MHz, 3996 MHz, 0 %, 0 %
2026/03/23 22:59:32.906, 5, 180.58 W, 28, 120 MHz, 3996 MHz, 0 %, 0 %
2026/03/23 22:59:32.906, 6, 178.45 W, 27, 120 MHz, 3996 MHz, 0 %, 0 %
2026/03/23 22:59:32.906, 7, 176.59 W, 28, 120 MHz, 3996 MHz, 0 %, 0 %
2026/03/23 22:59:33.906, 0, 358.42 W, 31, 2032 MHz, 3996 MHz, 41 %, 15 %
2026/03/23 22:59:33.906, 1, 379.00 W, 34, 2032 MHz, 3996 MHz, 36 %, 18 %
2026/03/23 22:59:33.906, 2, 413.87 W, 32, 2032 MHz, 3996 MHz, 38 %, 21 %
2026/03/23 22:59:33.906, 3, 402.15 W, 34, 2032 MHz, 3996 MHz, 39 %, 18 %
2026/03/23 22:59:33.906, 4, 179.09 W, 26, 120 MHz, 3996 MHz, 0 %, 0 %
2026/03/23 22:59:33.906, 5, 180.58 W, 28, 120 MHz, 3996 MHz, 0 %, 0 %
2026/03/23 22:59:33.906, 6, 178.53 W, 27, 120 MHz, 3996 MHz, 0 %, 0 %
2026/03/23 22:59:33.906, 7, 176.58 W, 28, 120 MHz, 3996 MHz, 0 %, 0 %
2026/03/23 22:59:34.906, 0, 290.92 W, 30, 2032 MHz, 3996 MHz, 100 %, 0 %
2026/03/23 22:59:34.906, 1, 400.62 W, 34, 2032 MHz, 3996 MHz, 43 %, 20 %
2026/03/23 22:59:34.906, 2, 423.14 W, 32, 2032 MHz, 3996 MHz, 14 %, 7 %
2026/03/23 22:59:34.906, 3, 412.15 W, 35, 2032 MHz, 3996 MHz, 10 %, 5 %
2026/03/23 22:59:34.906, 4, 179.26 W, 26, 120 MHz, 3996 MHz, 0 %, 0 %
2026/03/23 22:59:34.906, 5, 180.58 W, 28, 120 MHz, 3996 MHz, 0 %, 0 %
2026/03/23 22:59:34.906, 6, 178.37 W, 27, 120 MHz, 3996 MHz, 0 %, 0 %
2026/03/23 22:59:34.906, 7, 176.58 W, 28, 120 MHz, 3996 MHz, 0 %, 0 %
2026/03/23 22:59:35.907, 0, 232.72 W, 29, 2032 MHz, 3996 MHz, 100 %, 0 %
2026/03/23 22:59:35.907, 1, 415.79 W, 34, 2032 MHz, 3996 MHz, 28 %, 12 %
2026/03/23 22:59:35.907, 2, 393.28 W, 30, 2032 MHz, 3996 MHz, 100 %, 0 %
2026/03/23 22:59:35.907, 3, 433.44 W, 34, 2032 MHz, 3996 MHz, 84 %, 13 %
2026/03/23 22:59:35.907, 4, 179.43 W, 26, 120 MHz, 3996 MHz, 0 %, 0 %
2026/03/23 22:59:35.907, 5, 180.58 W, 28, 120 MHz, 3996 MHz, 0 %, 0 %
2026/03/23 22:59:35.907, 6, 178.49 W, 27, 120 MHz, 3996 MHz, 0 %, 0 %
2026/03/23 22:59:35.907, 7, 176.59 W, 28, 120 MHz, 3996 MHz, 0 %, 0 %
2026/03/23 22:59:36.907, 0, 325.70 W, 30, 2032 MHz, 3996 MHz, 63 %, 9 %
2026/03/23 22:59:36.907, 1, 397.89 W, 33, 2032 MHz, 3996 MHz, 7 %, 2 %
2026/03/23 22:59:36.907, 2, 330.06 W, 31, 2032 MHz, 3996 MHz, 96 %, 14 %
2026/03/23 22:59:36.907, 3, 329.27 W, 33, 2032 MHz, 3996 MHz, 96 %, 14 %
2026/03/23 22:59:36.907, 4, 179.29 W, 26, 120 MHz, 3996 MHz, 0 %, 0 %
2026/03/23 22:59:36.907, 5, 180.58 W, 28, 120 MHz, 3996 MHz, 0 %, 0 %
2026/03/23 22:59:36.907, 6, 178.37 W, 27, 120 MHz, 3996 MHz, 0 %, 0 %
2026/03/23 22:59:36.907, 7, 176.59 W, 28, 120 MHz, 3996 MHz, 0 %, 0 %
2026/03/23 22:59:37.907, 0, 241.43 W, 29, 2032 MHz, 3996 MHz, 4 %, 2 %
2026/03/23 22:59:37.907, 1, 251.15 W, 32, 2032 MHz, 3996 MHz, 5 %, 1 %
2026/03/23 22:59:37.907, 2, 256.45 W, 30, 2032 MHz, 3996 MHz, 34 %, 2 %
2026/03/23 22:59:37.907, 3, 255.28 W, 33, 2032 MHz, 3996 MHz, 28 %, 2 %
2026/03/23 22:59:37.907, 4, 179.10 W, 26, 120 MHz, 3996 MHz, 0 %, 0 %
2026/03/23 22:59:37.907, 5, 180.58 W, 28, 120 MHz, 3996 MHz, 0 %, 0 %
2026/03/23 22:59:37.907, 6, 178.52 W, 27, 120 MHz, 3996 MHz, 0 %, 0 %
2026/03/23 22:59:37.907, 7, 176.58 W, 28, 120 MHz, 3996 MHz, 0 %, 0 %
2026/03/23 22:59:38.907, 0, 239.47 W, 29, 2032 MHz, 3996 MHz, 6 %, 5 %
2026/03/23 22:59:38.907, 1, 242.23 W, 32, 2032 MHz, 3996 MHz, 12 %, 9 %
2026/03/23 22:59:38.907, 2, 245.38 W, 29, 2032 MHz, 3996 MHz, 0 %, 0 %
2026/03/23 22:59:38.907, 3, 245.71 W, 32, 2032 MHz, 3996 MHz, 0 %, 0 %
2026/03/23 22:59:38.907, 4, 179.53 W, 26, 120 MHz, 3996 MHz, 0 %, 0 %
2026/03/23 22:59:38.907, 5, 180.58 W, 28, 120 MHz, 3996 MHz, 0 %, 0 %
2026/03/23 22:59:38.907, 6, 178.45 W, 27, 120 MHz, 3996 MHz, 0 %, 0 %
2026/03/23 22:59:38.907, 7, 176.58 W, 28, 120 MHz, 3996 MHz, 0 %, 0 %
2026/03/23 22:59:39.907, 0, 242.86 W, 29, 2032 MHz, 3996 MHz, 54 %, 1 %
2026/03/23 22:59:39.907, 1, 246.70 W, 32, 2032 MHz, 3996 MHz, 0 %, 0 %
2026/03/23 22:59:39.907, 2, 248.81 W, 29, 2032 MHz, 3996 MHz, 43 %, 0 %
2026/03/23 22:59:39.907, 3, 241.45 W, 32, 2032 MHz, 3996 MHz, 89 %, 1 %
2026/03/23 22:59:39.907, 4, 179.33 W, 26, 120 MHz, 3996 MHz, 0 %, 0 %
2026/03/23 22:59:39.907, 5, 180.58 W, 28, 120 MHz, 3996 MHz, 0 %, 0 %
2026/03/23 22:59:39.907, 6, 178.45 W, 27, 120 MHz, 3996 MHz, 0 %, 0 %
2026/03/23 22:59:39.907, 7, 176.59 W, 28, 120 MHz, 3996 MHz, 0 %, 0 %
2026/03/23 22:59:40.907, 0, 236.66 W, 29, 2032 MHz, 3996 MHz, 0 %, 0 %
2026/03/23 22:59:40.907, 1, 246.27 W, 32, 2032 MHz, 3996 MHz, 100 %, 0 %
2026/03/23 22:59:40.907, 2, 240.99 W, 29, 2032 MHz, 3996 MHz, 0 %, 0 %
2026/03/23 22:59:40.907, 3, 237.24 W, 32, 2032 MHz, 3996 MHz, 0 %, 0 %
2026/03/23 22:59:40.907, 4, 179.31 W, 26, 120 MHz, 3996 MHz, 0 %, 0 %
2026/03/23 22:59:40.907, 5, 180.58 W, 28, 120 MHz, 3996 MHz, 0 %, 0 %
2026/03/23 22:59:40.907, 6, 178.49 W, 27, 120 MHz, 3996 MHz, 0 %, 0 %
2026/03/23 22:59:40.907, 7, 176.58 W, 28, 120 MHz, 3996 MHz, 0 %, 0 %
2026/03/23 22:59:41.907, 0, 231.38 W, 29, 2032 MHz, 3996 MHz, 0 %, 0 %
2026/03/23 22:59:41.907, 1, 237.94 W, 31, 2032 MHz, 3996 MHz, 0 %, 0 %
2026/03/23 22:59:41.907, 2, 239.56 W, 29, 2032 MHz, 3996 MHz, 0 %, 0 %
2026/03/23 22:59:41.907, 3, 236.65 W, 32, 2032 MHz, 3996 MHz, 0 %, 0 %
2026/03/23 22:59:41.907, 4, 179.17 W, 26, 120 MHz, 3996 MHz, 0 %, 0 %
2026/03/23 22:59:41.908, 5, 180.58 W, 28, 120 MHz, 3996 MHz, 0 %, 0 %
2026/03/23 22:59:41.908, 6, 178.49 W, 27, 120 MHz, 3996 MHz, 0 %, 0 %
2026/03/23 22:59:41.908, 7, 176.58 W, 28, 120 MHz, 3996 MHz, 0 %, 0 %
2026/03/23 22:59:42.908, 0, 230.00 W, 29, 2032 MHz, 3996 MHz, 0 %, 0 %
2026/03/23 22:59:42.908, 1, 235.11 W, 31, 2032 MHz, 3996 MHz, 0 %, 0 %
2026/03/23 22:59:42.908, 2, 235.69 W, 29, 2032 MHz, 3996 MHz, 0 %, 0 %
2026/03/23 22:59:42.908, 3, 235.83 W, 32, 2032 MHz, 3996 MHz, 0 %, 0 %
2026/03/23 22:59:42.908, 4, 179.20 W, 26, 120 MHz, 3996 MHz, 0 %, 0 %
2026/03/23 22:59:42.908, 5, 180.58 W, 28, 120 MHz, 3996 MHz, 0 %, 0 %
2026/03/23 22:59:42.908, 6, 178.45 W, 27, 120 MHz, 3996 MHz, 0 %, 0 %
2026/03/23 22:59:42.908, 7, 176.58 W, 28, 120 MHz, 3996 MHz, 0 %, 0 %
2026/03/23 22:59:43.908, 0, 229.69 W, 29, 2032 MHz, 3996 MHz, 0 %, 0 %
2026/03/23 22:59:43.908, 1, 235.11 W, 31, 2032 MHz, 3996 MHz, 0 %, 0 %
2026/03/23 22:59:43.908, 2, 235.42 W, 29, 2032 MHz, 3996 MHz, 0 %, 0 %
2026/03/23 22:59:43.908, 3, 235.84 W, 32, 2032 MHz, 3996 MHz, 0 %, 0 %
2026/03/23 22:59:43.908, 4, 179.09 W, 26, 120 MHz, 3996 MHz, 0 %, 0 %
2026/03/23 22:59:43.908, 5, 180.58 W, 28, 120 MHz, 3996 MHz, 0 %, 0 %
2026/03/23 22:59:43.908, 6, 178.33 W, 27, 120 MHz, 3996 MHz, 0 %, 0 %
2026/03/23 22:59:43.908, 7, 176.58 W, 28, 120 MHz, 3996 MHz, 0 %, 0 %
2026/03/23 22:59:44.908, 0, 229.54 W, 29, 2032 MHz, 3996 MHz, 0 %, 0 %
2026/03/23 22:59:44.908, 1, 235.12 W, 31, 2032 MHz, 3996 MHz, 0 %, 0 %
2026/03/23 22:59:44.908, 2, 234.13 W, 29, 2032 MHz, 3996 MHz, 0 %, 0 %
2026/03/23 22:59:44.908, 3, 235.45 W, 32, 2032 MHz, 3996 MHz, 0 %, 0 %
2026/03/23 22:59:44.908, 4, 178.94 W, 26, 120 MHz, 3996 MHz, 0 %, 0 %
2026/03/23 22:59:44.908, 5, 180.58 W, 28, 120 MHz, 3996 MHz, 0 %, 0 %
2026/03/23 22:59:44.908, 6, 178.57 W, 27, 120 MHz, 3996 MHz, 0 %, 0 %
2026/03/23 22:59:44.908, 7, 176.58 W, 28, 120 MHz, 3996 MHz, 0 %, 0 %
2026/03/23 22:59:45.908, 0, 229.36 W, 29, 2032 MHz, 3996 MHz, 0 %, 0 %
2026/03/23 22:59:45.908, 1, 235.11 W, 31, 2032 MHz, 3996 MHz, 0 %, 0 %
2026/03/23 22:59:45.908, 2, 234.29 W, 29, 2032 MHz, 3996 MHz, 0 %, 0 %
2026/03/23 22:59:45.908, 3, 235.28 W, 32, 2032 MHz, 3996 MHz, 0 %, 0 %
2026/03/23 22:59:45.908, 4, 178.90 W, 26, 120 MHz, 3996 MHz, 0 %, 0 %
2026/03/23 22:59:45.908, 5, 180.58 W, 28, 120 MHz, 3996 MHz, 0 %, 0 %
2026/03/23 22:59:45.908, 6, 178.45 W, 27, 120 MHz, 3996 MHz, 0 %, 0 %
2026/03/23 22:59:45.908, 7, 176.58 W, 28, 120 MHz, 3996 MHz, 0 %, 0 %
2026/03/23 22:59:46.908, 0, 229.47 W, 29, 2032 MHz, 3996 MHz, 0 %, 0 %
2026/03/23 22:59:46.908, 1, 235.07 W, 31, 2032 MHz, 3996 MHz, 0 %, 0 %
2026/03/23 22:59:46.908, 2, 234.21 W, 29, 2032 MHz, 3996 MHz, 0 %, 0 %
2026/03/23 22:59:46.908, 3, 235.42 W, 32, 2032 MHz, 3996 MHz, 0 %, 0 %
2026/03/23 22:59:46.908, 4, 179.20 W, 26, 120 MHz, 3996 MHz, 0 %, 0 %
2026/03/23 22:59:46.908, 5, 180.58 W, 28, 120 MHz, 3996 MHz, 0 %, 0 %
2026/03/23 22:59:46.908, 6, 178.49 W, 27, 120 MHz, 3996 MHz, 0 %, 0 %
2026/03/23 22:59:46.908, 7, 176.58 W, 28, 120 MHz, 3996 MHz, 0 %, 0 %
2026/03/23 22:59:47.908, 0, 229.07 W, 29, 2032 MHz, 3996 MHz, 0 %, 0 %
2026/03/23 22:59:47.908, 1, 234.84 W, 31, 2032 MHz, 3996 MHz, 0 %, 0 %
2026/03/23 22:59:47.908, 2, 234.17 W, 29, 2032 MHz, 3996 MHz, 0 %, 0 %
2026/03/23 22:59:47.908, 3, 235.19 W, 32, 2032 MHz, 3996 MHz, 0 %, 0 %
2026/03/23 22:59:47.908, 4, 179.13 W, 26, 120 MHz, 3996 MHz, 0 %, 0 %
2026/03/23 22:59:47.908, 5, 180.58 W, 28, 120 MHz, 3996 MHz, 0 %, 0 %
2026/03/23 22:59:47.908, 6, 178.45 W, 27, 120 MHz, 3996 MHz, 0 %, 0 %
2026/03/23 22:59:47.908, 7, 176.58 W, 28, 120 MHz, 3996 MHz, 0 %, 0 %
2026/03/23 22:59:48.909, 0, 229.50 W, 29, 2032 MHz, 3996 MHz, 0 %, 0 %
2026/03/23 22:59:48.909, 1, 235.04 W, 31, 2032 MHz, 3996 MHz, 0 %, 0 %
2026/03/23 22:59:48.909, 2, 234.09 W, 29, 2032 MHz, 3996 MHz, 0 %, 0 %
2026/03/23 22:59:48.909, 3, 235.26 W, 31, 2032 MHz, 3996 MHz, 0 %, 0 %
2026/03/23 22:59:48.909, 4, 179.16 W, 26, 120 MHz, 3996 MHz, 0 %, 0 %
2026/03/23 22:59:48.909, 5, 180.58 W, 28, 120 MHz, 3996 MHz, 0 %, 0 %
2026/03/23 22:59:48.909, 6, 178.33 W, 27, 120 MHz, 3996 MHz, 0 %, 0 %
2026/03/23 22:59:48.909, 7, 176.58 W, 28, 120 MHz, 3996 MHz, 0 %, 0 %
2026/03/23 22:59:49.909, 0, 229.17 W, 29, 2032 MHz, 3996 MHz, 0 %, 0 %
2026/03/23 22:59:49.909, 1, 234.96 W, 31, 2032 MHz, 3996 MHz, 0 %, 0 %
2026/03/23 22:59:49.909, 2, 234.02 W, 29, 2032 MHz, 3996 MHz, 0 %, 0 %
2026/03/23 22:59:49.909, 3, 235.21 W, 31, 2032 MHz, 3996 MHz, 0 %, 0 %
2026/03/23 22:59:49.909, 4, 179.15 W, 26, 120 MHz, 3996 MHz, 0 %, 0 %
2026/03/23 22:59:49.909, 5, 180.58 W, 28, 120 MHz, 3996 MHz, 0 %, 0 %
2026/03/23 22:59:49.909, 6, 178.41 W, 27, 120 MHz, 3996 MHz, 0 %, 0 %
2026/03/23 22:59:49.909, 7, 176.58 W, 28, 120 MHz, 3996 MHz, 0 %, 0 %
2026/03/23 22:59:50.909, 0, 229.69 W, 29, 2032 MHz, 3996 MHz, 0 %, 0 %
2026/03/23 22:59:50.909, 1, 234.93 W, 31, 2032 MHz, 3996 MHz, 0 %, 0 %
2026/03/23 22:59:50.909, 2, 234.21 W, 28, 2032 MHz, 3996 MHz, 0 %, 0 %
2026/03/23 22:59:50.909, 3, 235.23 W, 31, 2032 MHz, 3996 MHz, 0 %, 0 %
2026/03/23 22:59:50.909, 4, 179.16 W, 26, 120 MHz, 3996 MHz, 0 %, 0 %
2026/03/23 22:59:50.909, 5, 180.58 W, 28, 120 MHz, 3996 MHz, 0 %, 0 %
2026/03/23 22:59:50.909, 6, 178.49 W, 27, 120 MHz, 3996 MHz, 0 %, 0 %
2026/03/23 22:59:50.909, 7, 176.58 W, 28, 120 MHz, 3996 MHz, 0 %, 0 %
2026/03/23 22:59:51.909, 0, 228.80 W, 28, 2032 MHz, 3996 MHz, 0 %, 0 %
2026/03/23 22:59:51.909, 1, 235.00 W, 31, 2032 MHz, 3996 MHz, 0 %, 0 %
2026/03/23 22:59:51.909, 2, 234.06 W, 28, 2032 MHz, 3996 MHz, 0 %, 0 %
2026/03/23 22:59:51.909, 3, 235.20 W, 31, 2032 MHz, 3996 MHz, 0 %, 0 %
2026/03/23 22:59:51.909, 4, 179.50 W, 26, 120 MHz, 3996 MHz, 0 %, 0 %
2026/03/23 22:59:51.909, 5, 180.62 W, 28, 120 MHz, 3996 MHz, 0 %, 0 %
2026/03/23 22:59:51.909, 6, 178.49 W, 27, 120 MHz, 3996 MHz, 0 %, 0 %
2026/03/23 22:59:51.909, 7, 176.58 W, 28, 120 MHz, 3996 MHz, 0 %, 0 %
2026/03/23 22:59:52.909, 0, 229.09 W, 28, 2032 MHz, 3996 MHz, 0 %, 0 %
2026/03/23 22:59:52.909, 1, 234.74 W, 31, 2032 MHz, 3996 MHz, 0 %, 0 %
2026/03/23 22:59:52.909, 2, 234.02 W, 28, 2032 MHz, 3996 MHz, 0 %, 0 %
2026/03/23 22:59:52.909, 3, 235.14 W, 31, 2032 MHz, 3996 MHz, 0 %, 0 %
2026/03/23 22:59:52.909, 4, 179.13 W, 26, 120 MHz, 3996 MHz, 0 %, 0 %
2026/03/23 22:59:52.909, 5, 180.58 W, 28, 120 MHz, 3996 MHz, 0 %, 0 %
2026/03/23 22:59:52.909, 6, 178.37 W, 27, 120 MHz, 3996 MHz, 0 %, 0 %
2026/03/23 22:59:52.909, 7, 176.58 W, 28, 120 MHz, 3996 MHz, 0 %, 0 %
2026/03/23 22:59:53.909, 0, 228.88 W, 28, 2032 MHz, 3996 MHz, 0 %, 0 %
2026/03/23 22:59:53.909, 1, 234.76 W, 31, 2032 MHz, 3996 MHz, 0 %, 0 %
2026/03/23 22:59:53.909, 2, 234.02 W, 28, 2032 MHz, 3996 MHz, 0 %, 0 %
2026/03/23 22:59:53.909, 3, 235.16 W, 31, 2032 MHz, 3996 MHz, 0 %, 0 %
2026/03/23 22:59:53.909, 4, 178.99 W, 26, 120 MHz, 3996 MHz, 0 %, 0 %
2026/03/23 22:59:53.909, 5, 180.58 W, 28, 120 MHz, 3996 MHz, 0 %, 0 %
2026/03/23 22:59:53.909, 6, 178.34 W, 27, 120 MHz, 3996 MHz, 0 %, 0 %
2026/03/23 22:59:53.909, 7, 176.58 W, 28, 120 MHz, 3996 MHz, 0 %, 0 %
2026/03/23 22:59:54.909, 0, 228.72 W, 28, 2032 MHz, 3996 MHz, 0 %, 0 %
2026/03/23 22:59:54.909, 1, 234.31 W, 31, 2032 MHz, 3996 MHz, 0 %, 0 %
2026/03/23 22:59:54.909, 2, 234.02 W, 28, 2032 MHz, 3996 MHz, 0 %, 0 %
2026/03/23 22:59:54.909, 3, 235.15 W, 31, 2032 MHz, 3996 MHz, 0 %, 0 %
2026/03/23 22:59:54.909, 4, 178.89 W, 26, 120 MHz, 3996 MHz, 0 %, 0 %
2026/03/23 22:59:54.910, 5, 180.58 W, 28, 120 MHz, 3996 MHz, 0 %, 0 %
2026/03/23 22:59:54.910, 6, 178.45 W, 27, 120 MHz, 3996 MHz, 0 %, 0 %
2026/03/23 22:59:54.910, 7, 176.58 W, 28, 120 MHz, 3996 MHz, 0 %, 0 %
2026/03/23 22:59:55.910, 0, 228.87 W, 28, 2032 MHz, 3996 MHz, 0 %, 0 %
2026/03/23 22:59:55.910, 1, 234.70 W, 31, 2032 MHz, 3996 MHz, 0 %, 0 %
2026/03/23 22:59:55.910, 2, 234.02 W, 28, 2032 MHz, 3996 MHz, 0 %, 0 %
2026/03/23 22:59:55.910, 3, 235.15 W, 31, 2032 MHz, 3996 MHz, 0 %, 0 %
2026/03/23 22:59:55.910, 4, 178.90 W, 26, 120 MHz, 3996 MHz, 0 %, 0 %
2026/03/23 22:59:55.910, 5, 180.58 W, 28, 120 MHz, 3996 MHz, 0 %, 0 %
2026/03/23 22:59:55.910, 6, 178.41 W, 27, 120 MHz, 3996 MHz, 0 %, 0 %
2026/03/23 22:59:55.910, 7, 176.58 W, 28, 120 MHz, 3996 MHz, 0 %, 0 %
2026/03/23 22:59:56.910, 0, 228.73 W, 28, 2032 MHz, 3996 MHz, 0 %, 0 %
2026/03/23 22:59:56.910, 1, 234.58 W, 31, 2032 MHz, 3996 MHz, 0 %, 0 %
2026/03/23 22:59:56.910, 2, 234.02 W, 28, 2032 MHz, 3996 MHz, 0 %, 0 %
2026/03/23 22:59:56.910, 3, 235.17 W, 31, 2032 MHz, 3996 MHz, 0 %, 0 %
2026/03/23 22:59:56.910, 4, 179.22 W, 26, 120 MHz, 3996 MHz, 0 %, 0 %
2026/03/23 22:59:56.910, 5, 180.58 W, 28, 120 MHz, 3996 MHz, 0 %, 0 %
2026/03/23 22:59:56.910, 6, 178.30 W, 27, 120 MHz, 3996 MHz, 0 %, 0 %
2026/03/23 22:59:56.910, 7, 176.58 W, 28, 120 MHz, 3996 MHz, 0 %, 0 %
2026/03/23 22:59:57.910, 0, 231.97 W, 28, 2032 MHz, 3996 MHz, 0 %, 0 %
2026/03/23 22:59:57.910, 1, 237.50 W, 31, 2032 MHz, 3996 MHz, 10 %, 9 %
2026/03/23 22:59:57.910, 2, 238.57 W, 29, 2032 MHz, 3996 MHz, 0 %, 0 %
2026/03/23 22:59:57.910, 3, 239.20 W, 32, 2032 MHz, 3996 MHz, 10 %, 9 %
2026/03/23 22:59:57.910, 4, 179.22 W, 26, 120 MHz, 3996 MHz, 0 %, 0 %
2026/03/23 22:59:57.910, 5, 180.58 W, 28, 120 MHz, 3996 MHz, 0 %, 0 %
2026/03/23 22:59:57.910, 6, 178.18 W, 27, 120 MHz, 3996 MHz, 0 %, 0 %
2026/03/23 22:59:57.910, 7, 176.58 W, 28, 120 MHz, 3996 MHz, 0 %, 0 %
2026/03/23 22:59:58.910, 0, 228.94 W, 28, 2032 MHz, 3996 MHz, 0 %, 0 %
2026/03/23 22:59:58.910, 1, 234.07 W, 31, 2032 MHz, 3996 MHz, 0 %, 0 %
2026/03/23 22:59:58.910, 2, 234.14 W, 28, 2032 MHz, 3996 MHz, 0 %, 0 %
2026/03/23 22:59:58.910, 3, 235.20 W, 31, 2032 MHz, 3996 MHz, 0 %, 0 %
2026/03/23 22:59:58.910, 4, 179.51 W, 26, 120 MHz, 3996 MHz, 0 %, 0 %
2026/03/23 22:59:58.910, 5, 180.58 W, 28, 120 MHz, 3996 MHz, 0 %, 0 %
2026/03/23 22:59:58.910, 6, 178.56 W, 27, 120 MHz, 3996 MHz, 0 %, 0 %
2026/03/23 22:59:58.910, 7, 176.58 W, 28, 120 MHz, 3996 MHz, 0 %, 0 %
2026/03/23 22:59:59.910, 0, 228.53 W, 28, 2032 MHz, 3996 MHz, 0 %, 0 %
2026/03/23 22:59:59.910, 1, 233.60 W, 31, 2032 MHz, 3996 MHz, 0 %, 0 %
2026/03/23 22:59:59.910, 2, 234.02 W, 28, 2032 MHz, 3996 MHz, 0 %, 0 %
2026/03/23 22:59:59.910, 3, 235.23 W, 31, 2032 MHz, 3996 MHz, 0 %, 0 %
2026/03/23 22:59:59.910, 4, 179.05 W, 26, 120 MHz, 3996 MHz, 0 %, 0 %
2026/03/23 22:59:59.910, 5, 180.58 W, 28, 120 MHz, 3996 MHz, 0 %, 0 %
2026/03/23 22:59:59.910, 6, 178.38 W, 27, 120 MHz, 3996 MHz, 0 %, 0 %
2026/03/23 22:59:59.910, 7, 176.58 W, 28, 120 MHz, 3996 MHz, 0 %, 0 %
2026/03/23 23:00:00.910, 0, 228.75 W, 28, 2032 MHz, 3996 MHz, 0 %, 0 %
2026/03/23 23:00:00.910, 1, 233.47 W, 31, 2032 MHz, 3996 MHz, 0 %, 0 %
2026/03/23 23:00:00.910, 2, 234.02 W, 28, 2032 MHz, 3996 MHz, 0 %, 0 %
2026/03/23 23:00:00.910, 3, 235.18 W, 31, 2032 MHz, 3996 MHz, 0 %, 0 %
2026/03/23 23:00:00.910, 4, 179.16 W, 26, 120 MHz, 3996 MHz, 0 %, 0 %
2026/03/23 23:00:00.910, 5, 180.58 W, 28, 120 MHz, 3996 MHz, 0 %, 0 %
2026/03/23 23:00:00.910, 6, 178.33 W, 27, 120 MHz, 3996 MHz, 0 %, 0 %
2026/03/23 23:00:00.910, 7, 176.58 W, 28, 120 MHz, 3996 MHz, 0 %, 0 %
2026/03/23 23:00:01.911, 0, 228.42 W, 28, 2032 MHz, 3996 MHz, 0 %, 0 %
2026/03/23 23:00:01.911, 1, 233.51 W, 31, 2032 MHz, 3996 MHz, 0 %, 0 %
2026/03/23 23:00:01.911, 2, 234.01 W, 28, 2032 MHz, 3996 MHz, 0 %, 0 %
2026/03/23 23:00:01.911, 3, 235.22 W, 31, 2032 MHz, 3996 MHz, 0 %, 0 %
2026/03/23 23:00:01.911, 4, 179.29 W, 26, 120 MHz, 3996 MHz, 0 %, 0 %
2026/03/23 23:00:01.911, 5, 180.58 W, 28, 120 MHz, 3996 MHz, 0 %, 0 %
2026/03/23 23:00:01.911, 6, 178.18 W, 27, 120 MHz, 3996 MHz, 0 %, 0 %
2026/03/23 23:00:01.911, 7, 176.58 W, 28, 120 MHz, 3996 MHz, 0 %, 0 %
2026/03/23 23:00:02.911, 0, 228.61 W, 28, 2032 MHz, 3996 MHz, 0 %, 0 %
2026/03/23 23:00:02.911, 1, 233.25 W, 31, 2032 MHz, 3996 MHz, 0 %, 0 %
2026/03/23 23:00:02.911, 2, 234.02 W, 28, 2032 MHz, 3996 MHz, 0 %, 0 %
2026/03/23 23:00:02.911, 3, 235.15 W, 31, 2032 MHz, 3996 MHz, 0 %, 0 %
2026/03/23 23:00:02.911, 4, 178.93 W, 26, 120 MHz, 3996 MHz, 0 %, 0 %
2026/03/23 23:00:02.911, 5, 180.58 W, 28, 120 MHz, 3996 MHz, 0 %, 0 %
2026/03/23 23:00:02.911, 6, 178.41 W, 27, 120 MHz, 3996 MHz, 0 %, 0 %
2026/03/23 23:00:02.911, 7, 176.58 W, 28, 120 MHz, 3996 MHz, 0 %, 0 %
2026/03/23 23:00:03.911, 0, 229.62 W, 28, 2032 MHz, 3996 MHz, 0 %, 0 %
2026/03/23 23:00:03.911, 1, 234.14 W, 31, 2032 MHz, 3996 MHz, 0 %, 0 %
2026/03/23 23:00:03.911, 2, 234.78 W, 28, 2032 MHz, 3996 MHz, 0 %, 0 %
2026/03/23 23:00:03.911, 3, 235.38 W, 31, 2032 MHz, 3996 MHz, 0 %, 0 %
2026/03/23 23:00:03.911, 4, 179.37 W, 26, 120 MHz, 3996 MHz, 0 %, 0 %
2026/03/23 23:00:03.911, 5, 180.58 W, 28, 120 MHz, 3996 MHz, 0 %, 0 %
2026/03/23 23:00:03.911, 6, 178.41 W, 27, 120 MHz, 3996 MHz, 0 %, 0 %
2026/03/23 23:00:03.911, 7, 176.58 W, 28, 120 MHz, 3996 MHz, 0 %, 0 %
2026/03/23 23:00:04.911, 0, 229.89 W, 28, 2032 MHz, 3996 MHz, 0 %, 0 %
2026/03/23 23:00:04.911, 1, 235.11 W, 31, 2032 MHz, 3996 MHz, 0 %, 0 %
2026/03/23 23:00:04.911, 2, 234.88 W, 28, 2032 MHz, 3996 MHz, 0 %, 0 %
2026/03/23 23:00:04.911, 3, 235.15 W, 31, 2032 MHz, 3996 MHz, 0 %, 0 %
2026/03/23 23:00:04.911, 4, 179.29 W, 26, 120 MHz, 3996 MHz, 0 %, 0 %
2026/03/23 23:00:04.911, 5, 180.58 W, 28, 120 MHz, 3996 MHz, 0 %, 0 %
2026/03/23 23:00:04.911, 6, 178.25 W, 27, 120 MHz, 3996 MHz, 0 %, 0 %
2026/03/23 23:00:04.911, 7, 176.58 W, 28, 120 MHz, 3996 MHz, 0 %, 0 %
2026/03/23 23:00:05.911, 0, 229.74 W, 28, 2032 MHz, 3996 MHz, 0 %, 0 %
2026/03/23 23:00:05.911, 1, 235.11 W, 31, 2032 MHz, 3996 MHz, 0 %, 0 %
2026/03/23 23:00:05.911, 2, 234.48 W, 28, 2032 MHz, 3996 MHz, 0 %, 0 %
2026/03/23 23:00:05.911, 3, 235.15 W, 31, 2032 MHz, 3996 MHz, 0 %, 0 %
2026/03/23 23:00:05.911, 4, 179.05 W, 26, 120 MHz, 3996 MHz, 0 %, 0 %
2026/03/23 23:00:05.911, 5, 180.58 W, 28, 120 MHz, 3996 MHz, 0 %, 0 %
2026/03/23 23:00:05.911, 6, 178.22 W, 27, 120 MHz, 3996 MHz, 0 %, 0 %
2026/03/23 23:00:05.911, 7, 176.58 W, 28, 120 MHz, 3996 MHz, 0 %, 0 %
2026/03/23 23:00:06.911, 0, 229.19 W, 28, 2032 MHz, 3996 MHz, 0 %, 0 %
2026/03/23 23:00:06.911, 1, 234.88 W, 31, 2032 MHz, 3996 MHz, 0 %, 0 %
2026/03/23 23:00:06.911, 2, 234.27 W, 28, 2032 MHz, 3996 MHz, 0 %, 0 %
2026/03/23 23:00:06.911, 3, 235.18 W, 31, 2032 MHz, 3996 MHz, 0 %, 0 %
2026/03/23 23:00:06.911, 4, 179.12 W, 26, 120 MHz, 3996 MHz, 0 %, 0 %
2026/03/23 23:00:06.911, 5, 180.58 W, 28, 120 MHz, 3996 MHz, 0 %, 0 %
2026/03/23 23:00:06.911, 6, 178.30 W, 27, 120 MHz, 3996 MHz, 0 %, 0 %
2026/03/23 23:00:06.911, 7, 176.58 W, 28, 120 MHz, 3996 MHz, 0 %, 0 %
2026/03/23 23:00:07.911, 0, 229.31 W, 28, 2032 MHz, 3996 MHz, 0 %, 0 %
2026/03/23 23:00:07.911, 1, 234.70 W, 31, 2032 MHz, 3996 MHz, 0 %, 0 %
2026/03/23 23:00:07.911, 2, 234.03 W, 28, 2032 MHz, 3996 MHz, 0 %, 0 %
2026/03/23 23:00:07.912, 3, 235.21 W, 31, 2032 MHz, 3996 MHz, 0 %, 0 %
2026/03/23 23:00:07.912, 4, 178.85 W, 26, 120 MHz, 3996 MHz, 0 %, 0 %
2026/03/23 23:00:07.912, 5, 180.58 W, 28, 120 MHz, 3996 MHz, 0 %, 0 %
2026/03/23 23:00:07.912, 6, 178.41 W, 27, 120 MHz, 3996 MHz, 0 %, 0 %
2026/03/23 23:00:07.912, 7, 176.58 W, 28, 120 MHz, 3996 MHz, 0 %, 0 %
2026/03/23 23:00:08.912, 0, 229.51 W, 28, 2032 MHz, 3996 MHz, 0 %, 0 %
2026/03/23 23:00:08.912, 1, 234.92 W, 31, 2032 MHz, 3996 MHz, 0 %, 0 %
2026/03/23 23:00:08.912, 2, 234.41 W, 28, 2032 MHz, 3996 MHz, 0 %, 0 %
2026/03/23 23:00:08.912, 3, 235.21 W, 31, 2032 MHz, 3996 MHz, 0 %, 0 %
2026/03/23 23:00:08.912, 4, 178.83 W, 26, 120 MHz, 3996 MHz, 0 %, 0 %
2026/03/23 23:00:08.912, 5, 180.58 W, 28, 120 MHz, 3996 MHz, 0 %, 0 %
2026/03/23 23:00:08.912, 6, 178.22 W, 27, 120 MHz, 3996 MHz, 0 %, 0 %
2026/03/23 23:00:08.912, 7, 176.58 W, 28, 120 MHz, 3996 MHz, 0 %, 0 %
2026/03/23 23:00:09.912, 0, 229.13 W, 28, 2032 MHz, 3996 MHz, 0 %, 0 %
2026/03/23 23:00:09.912, 1, 234.65 W, 31, 2032 MHz, 3996 MHz, 0 %, 0 %
2026/03/23 23:00:09.912, 2, 234.13 W, 28, 2032 MHz, 3996 MHz, 0 %, 0 %
2026/03/23 23:00:09.912, 3, 235.20 W, 31, 2032 MHz, 3996 MHz, 0 %, 0 %
2026/03/23 23:00:09.912, 4, 179.29 W, 26, 120 MHz, 3996 MHz, 0 %, 0 %
2026/03/23 23:00:09.912, 5, 180.58 W, 28, 120 MHz, 3996 MHz, 0 %, 0 %
2026/03/23 23:00:09.912, 6, 178.49 W, 27, 120 MHz, 3996 MHz, 0 %, 0 %
2026/03/23 23:00:09.912, 7, 176.58 W, 28, 120 MHz, 3996 MHz, 0 %, 0 %
2026/03/23 23:00:10.912, 0, 228.69 W, 28, 2032 MHz, 3996 MHz, 0 %, 0 %
2026/03/23 23:00:10.912, 1, 233.65 W, 31, 2032 MHz, 3996 MHz, 0 %, 0 %
2026/03/23 23:00:10.912, 2, 234.02 W, 28, 2032 MHz, 3996 MHz, 0 %, 0 %
2026/03/23 23:00:10.912, 3, 235.19 W, 31, 2032 MHz, 3996 MHz, 0 %, 0 %
2026/03/23 23:00:10.912, 4, 179.32 W, 26, 120 MHz, 3996 MHz, 0 %, 0 %
2026/03/23 23:00:10.912, 5, 180.58 W, 28, 120 MHz, 3996 MHz, 0 %, 0 %
2026/03/23 23:00:10.912, 6, 178.21 W, 27, 120 MHz, 3996 MHz, 0 %, 0 %
2026/03/23 23:00:10.912, 7, 176.58 W, 28, 120 MHz, 3996 MHz, 0 %, 0 %
2026/03/23 23:00:11.912, 0, 228.68 W, 28, 2032 MHz, 3996 MHz, 0 %, 0 %
2026/03/23 23:00:11.912, 1, 233.47 W, 30, 2032 MHz, 3996 MHz, 0 %, 0 %
2026/03/23 23:00:11.912, 2, 234.02 W, 28, 2032 MHz, 3996 MHz, 0 %, 0 %
2026/03/23 23:00:11.912, 3, 235.16 W, 31, 2032 MHz, 3996 MHz, 0 %, 0 %
2026/03/23 23:00:11.912, 4, 179.16 W, 26, 120 MHz, 3996 MHz, 0 %, 0 %
2026/03/23 23:00:11.912, 5, 180.58 W, 28, 120 MHz, 3996 MHz, 0 %, 0 %
2026/03/23 23:00:11.912, 6, 178.30 W, 27, 120 MHz, 3996 MHz, 0 %, 0 %
2026/03/23 23:00:11.912, 7, 176.58 W, 28, 120 MHz, 3996 MHz, 0 %, 0 %
2026/03/23 23:00:12.912, 0, 228.34 W, 28, 2032 MHz, 3996 MHz, 0 %, 0 %
2026/03/23 23:00:12.912, 1, 233.27 W, 30, 2032 MHz, 3996 MHz, 0 %, 0 %
2026/03/23 23:00:12.912, 2, 234.02 W, 28, 2032 MHz, 3996 MHz, 0 %, 0 %
2026/03/23 23:00:12.912, 3, 235.10 W, 31, 2032 MHz, 3996 MHz, 0 %, 0 %
2026/03/23 23:00:12.912, 4, 179.20 W, 26, 120 MHz, 3996 MHz, 0 %, 0 %
2026/03/23 23:00:12.912, 5, 180.58 W, 28, 120 MHz, 3996 MHz, 0 %, 0 %
2026/03/23 23:00:12.912, 6, 178.33 W, 27, 120 MHz, 3996 MHz, 0 %, 0 %
2026/03/23 23:00:12.912, 7, 176.58 W, 28, 120 MHz, 3996 MHz, 0 %, 0 %
2026/03/23 23:00:13.912, 0, 228.65 W, 28, 2032 MHz, 3996 MHz, 0 %, 0 %
2026/03/23 23:00:13.912, 1, 233.23 W, 30, 2032 MHz, 3996 MHz, 0 %, 0 %
2026/03/23 23:00:13.912, 2, 234.02 W, 28, 2032 MHz, 3996 MHz, 0 %, 0 %
2026/03/23 23:00:13.912, 3, 235.12 W, 31, 2032 MHz, 3996 MHz, 0 %, 0 %
2026/03/23 23:00:13.912, 4, 179.12 W, 26, 120 MHz, 3996 MHz, 0 %, 0 %
2026/03/23 23:00:13.912, 5, 180.58 W, 28, 120 MHz, 3996 MHz, 0 %, 0 %
2026/03/23 23:00:13.912, 6, 178.14 W, 27, 120 MHz, 3996 MHz, 0 %, 0 %
2026/03/23 23:00:13.912, 7, 176.58 W, 28, 120 MHz, 3996 MHz, 0 %, 0 %
2026/03/23 23:00:14.913, 0, 262.33 W, 28, 2032 MHz, 3996 MHz, 0 %, 0 %
2026/03/23 23:00:14.913, 1, 263.20 W, 31, 2032 MHz, 3996 MHz, 0 %, 0 %
2026/03/23 23:00:14.913, 2, 269.06 W, 28, 2032 MHz, 3996 MHz, 0 %, 0 %
2026/03/23 23:00:14.913, 3, 268.02 W, 31, 2032 MHz, 3996 MHz, 0 %, 0 %
2026/03/23 23:00:14.913, 4, 179.08 W, 26, 120 MHz, 3996 MHz, 0 %, 0 %
2026/03/23 23:00:14.913, 5, 180.62 W, 28, 120 MHz, 3996 MHz, 0 %, 0 %
2026/03/23 23:00:14.913, 6, 178.22 W, 27, 120 MHz, 3996 MHz, 0 %, 0 %
2026/03/23 23:00:14.913, 7, 176.58 W, 28, 120 MHz, 3996 MHz, 0 %, 0 %
2026/03/23 23:00:15.913, 0, 229.70 W, 28, 2032 MHz, 3996 MHz, 0 %, 0 %
2026/03/23 23:00:15.913, 1, 235.01 W, 30, 2032 MHz, 3996 MHz, 0 %, 0 %
2026/03/23 23:00:15.913, 2, 234.48 W, 28, 2032 MHz, 3996 MHz, 0 %, 0 %
2026/03/23 23:00:15.913, 3, 235.19 W, 31, 2032 MHz, 3996 MHz, 0 %, 0 %
2026/03/23 23:00:15.913, 4, 179.16 W, 26, 120 MHz, 3996 MHz, 0 %, 0 %
2026/03/23 23:00:15.913, 5, 180.58 W, 28, 120 MHz, 3996 MHz, 0 %, 0 %
2026/03/23 23:00:15.913, 6, 178.25 W, 27, 120 MHz, 3996 MHz, 0 %, 0 %
2026/03/23 23:00:15.913, 7, 176.58 W, 28, 120 MHz, 3996 MHz, 0 %, 0 %
2026/03/23 23:00:16.913, 0, 229.77 W, 28, 2032 MHz, 3996 MHz, 0 %, 0 %
2026/03/23 23:00:16.913, 1, 235.05 W, 30, 2032 MHz, 3996 MHz, 0 %, 0 %
2026/03/23 23:00:16.913, 2, 234.33 W, 28, 2032 MHz, 3996 MHz, 0 %, 0 %
2026/03/23 23:00:16.913, 3, 235.16 W, 31, 2032 MHz, 3996 MHz, 0 %, 0 %
2026/03/23 23:00:16.913, 4, 179.18 W, 26, 120 MHz, 3996 MHz, 0 %, 0 %
2026/03/23 23:00:16.913, 5, 180.58 W, 28, 120 MHz, 3996 MHz, 0 %, 0 %
2026/03/23 23:00:16.913, 6, 178.21 W, 27, 120 MHz, 3996 MHz, 0 %, 0 %
2026/03/23 23:00:16.913, 7, 176.58 W, 28, 120 MHz, 3996 MHz, 0 %, 0 %
2026/03/23 23:00:17.913, 0, 229.27 W, 28, 2032 MHz, 3996 MHz, 0 %, 0 %
2026/03/23 23:00:17.913, 1, 234.97 W, 30, 2032 MHz, 3996 MHz, 0 %, 0 %
2026/03/23 23:00:17.913, 2, 234.02 W, 28, 2032 MHz, 3996 MHz, 0 %, 0 %
2026/03/23 23:00:17.913, 3, 235.17 W, 31, 2032 MHz, 3996 MHz, 0 %, 0 %
2026/03/23 23:00:17.913, 4, 179.17 W, 26, 120 MHz, 3996 MHz, 0 %, 0 %
2026/03/23 23:00:17.913, 5, 180.58 W, 28, 120 MHz, 3996 MHz, 0 %, 0 %
2026/03/23 23:00:17.913, 6, 178.41 W, 27, 120 MHz, 3996 MHz, 0 %, 0 %
2026/03/23 23:00:17.913, 7, 176.58 W, 28, 120 MHz, 3996 MHz, 0 %, 0 %
2026/03/23 23:00:18.913, 0, 229.28 W, 28, 2032 MHz, 3996 MHz, 0 %, 0 %
2026/03/23 23:00:18.913, 1, 234.85 W, 30, 2032 MHz, 3996 MHz, 0 %, 0 %
2026/03/23 23:00:18.913, 2, 234.02 W, 28, 2032 MHz, 3996 MHz, 0 %, 0 %
2026/03/23 23:00:18.913, 3, 235.21 W, 31, 2032 MHz, 3996 MHz, 0 %, 0 %
2026/03/23 23:00:18.913, 4, 179.10 W, 26, 120 MHz, 3996 MHz, 0 %, 0 %
2026/03/23 23:00:18.913, 5, 180.58 W, 28, 120 MHz, 3996 MHz, 0 %, 0 %
2026/03/23 23:00:18.913, 6, 178.25 W, 27, 120 MHz, 3996 MHz, 0 %, 0 %
2026/03/23 23:00:18.913, 7, 176.58 W, 28, 120 MHz, 3996 MHz, 0 %, 0 %
2026/03/23 23:00:19.913, 0, 229.73 W, 28, 2032 MHz, 3996 MHz, 0 %, 0 %
2026/03/23 23:00:19.913, 1, 234.89 W, 30, 2032 MHz, 3996 MHz, 0 %, 0 %
2026/03/23 23:00:19.913, 2, 234.06 W, 28, 2032 MHz, 3996 MHz, 0 %, 0 %
2026/03/23 23:00:19.913, 3, 235.24 W, 31, 2032 MHz, 3996 MHz, 0 %, 0 %
2026/03/23 23:00:19.913, 4, 179.32 W, 26, 120 MHz, 3996 MHz, 0 %, 0 %
2026/03/23 23:00:19.913, 5, 180.58 W, 28, 120 MHz, 3996 MHz, 0 %, 0 %
2026/03/23 23:00:19.913, 6, 178.38 W, 27, 120 MHz, 3996 MHz, 0 %, 0 %
2026/03/23 23:00:19.913, 7, 176.58 W, 28, 120 MHz, 3996 MHz, 0 %, 0 %
2026/03/23 23:00:20.913, 0, 228.52 W, 28, 2032 MHz, 3996 MHz, 0 %, 0 %
2026/03/23 23:00:20.913, 1, 234.05 W, 30, 2032 MHz, 3996 MHz, 0 %, 0 %
2026/03/23 23:00:20.913, 2, 234.06 W, 28, 2032 MHz, 3996 MHz, 0 %, 0 %
2026/03/23 23:00:20.913, 3, 235.16 W, 31, 2032 MHz, 3996 MHz, 0 %, 0 %
2026/03/23 23:00:20.914, 4, 178.99 W, 26, 120 MHz, 3996 MHz, 0 %, 0 %
2026/03/23 23:00:20.914, 5, 180.58 W, 28, 120 MHz, 3996 MHz, 0 %, 0 %
2026/03/23 23:00:20.914, 6, 178.49 W, 27, 120 MHz, 3996 MHz, 0 %, 0 %
2026/03/23 23:00:20.914, 7, 176.58 W, 28, 120 MHz, 3996 MHz, 0 %, 0 %
2026/03/23 23:00:21.914, 0, 228.57 W, 28, 2032 MHz, 3996 MHz, 0 %, 0 %
2026/03/23 23:00:21.914, 1, 233.57 W, 30, 2032 MHz, 3996 MHz, 0 %, 0 %
2026/03/23 23:00:21.914, 2, 234.01 W, 28, 2032 MHz, 3996 MHz, 0 %, 0 %
2026/03/23 23:00:21.914, 3, 235.20 W, 31, 2032 MHz, 3996 MHz, 0 %, 0 %
2026/03/23 23:00:21.914, 4, 178.97 W, 26, 120 MHz, 3996 MHz, 0 %, 0 %
2026/03/23 23:00:21.914, 5, 180.58 W, 28, 120 MHz, 3996 MHz, 0 %, 0 %
2026/03/23 23:00:21.914, 6, 178.30 W, 27, 120 MHz, 3996 MHz, 0 %, 0 %
2026/03/23 23:00:21.914, 7, 176.58 W, 28, 120 MHz, 3996 MHz, 0 %, 0 %
2026/03/23 23:00:22.914, 0, 228.22 W, 28, 2032 MHz, 3996 MHz, 0 %, 0 %
2026/03/23 23:00:22.914, 1, 233.45 W, 30, 2032 MHz, 3996 MHz, 0 %, 0 %
2026/03/23 23:00:22.914, 2, 234.02 W, 28, 2032 MHz, 3996 MHz, 0 %, 0 %
2026/03/23 23:00:22.914, 3, 235.08 W, 31, 2032 MHz, 3996 MHz, 0 %, 0 %
2026/03/23 23:00:22.914, 4, 179.12 W, 26, 120 MHz, 3996 MHz, 0 %, 0 %
2026/03/23 23:00:22.914, 5, 180.58 W, 28, 120 MHz, 3996 MHz, 0 %, 0 %
2026/03/23 23:00:22.914, 6, 178.29 W, 27, 120 MHz, 3996 MHz, 0 %, 0 %
2026/03/23 23:00:22.914, 7, 176.58 W, 28, 120 MHz, 3996 MHz, 0 %, 0 %
2026/03/23 23:00:23.914, 0, 267.34 W, 31, 2032 MHz, 3996 MHz, 12 %, 4 %
2026/03/23 23:00:23.914, 1, 315.20 W, 32, 2032 MHz, 3996 MHz, 25 %, 4 %
2026/03/23 23:00:23.914, 2, 368.57 W, 33, 2032 MHz, 3996 MHz, 91 %, 4 %
2026/03/23 23:00:23.914, 3, 346.49 W, 35, 2032 MHz, 3996 MHz, 100 %, 5 %
2026/03/23 23:00:23.914, 4, 179.09 W, 26, 120 MHz, 3996 MHz, 0 %, 0 %
2026/03/23 23:00:23.914, 5, 180.58 W, 28, 120 MHz, 3996 MHz, 0 %, 0 %
2026/03/23 23:00:23.914, 6, 178.26 W, 27, 120 MHz, 3996 MHz, 0 %, 0 %
2026/03/23 23:00:23.914, 7, 176.58 W, 28, 120 MHz, 3996 MHz, 0 %, 0 %
2026/03/23 23:00:24.914, 0, 503.31 W, 32, 2032 MHz, 3996 MHz, 100 %, 33 %
2026/03/23 23:00:24.914, 1, 513.78 W, 34, 2032 MHz, 3996 MHz, 100 %, 34 %
2026/03/23 23:00:24.914, 2, 525.21 W, 32, 2032 MHz, 3996 MHz, 100 %, 34 %
2026/03/23 23:00:24.914, 3, 517.38 W, 35, 2032 MHz, 3996 MHz, 100 %, 34 %
2026/03/23 23:00:24.914, 4, 179.13 W, 26, 120 MHz, 3996 MHz, 0 %, 0 %
2026/03/23 23:00:24.914, 5, 180.58 W, 28, 120 MHz, 3996 MHz, 0 %, 0 %
2026/03/23 23:00:24.914, 6, 178.37 W, 27, 120 MHz, 3996 MHz, 0 %, 0 %
2026/03/23 23:00:24.914, 7, 176.58 W, 28, 120 MHz, 3996 MHz, 0 %, 0 %
2026/03/23 23:00:25.914, 0, 509.92 W, 32, 2032 MHz, 3996 MHz, 100 %, 34 %
2026/03/23 23:00:25.914, 1, 519.74 W, 35, 2032 MHz, 3996 MHz, 100 %, 33 %
2026/03/23 23:00:25.914, 2, 523.64 W, 32, 2032 MHz, 3996 MHz, 100 %, 34 %
2026/03/23 23:00:25.914, 3, 516.20 W, 35, 2032 MHz, 3996 MHz, 100 %, 34 %
2026/03/23 23:00:25.914, 4, 178.90 W, 26, 120 MHz, 3996 MHz, 0 %, 0 %
2026/03/23 23:00:25.914, 5, 180.58 W, 28, 120 MHz, 3996 MHz, 0 %, 0 %
2026/03/23 23:00:25.914, 6, 178.25 W, 27, 120 MHz, 3996 MHz, 0 %, 0 %
2026/03/23 23:00:25.914, 7, 176.58 W, 28, 120 MHz, 3996 MHz, 0 %, 0 %
2026/03/23 23:00:26.914, 0, 514.53 W, 33, 2032 MHz, 3996 MHz, 100 %, 33 %
2026/03/23 23:00:26.914, 1, 522.08 W, 35, 2032 MHz, 3996 MHz, 100 %, 34 %
2026/03/23 23:00:26.914, 2, 524.29 W, 33, 2032 MHz, 3996 MHz, 100 %, 34 %
2026/03/23 23:00:26.914, 3, 516.68 W, 35, 2032 MHz, 3996 MHz, 100 %, 34 %
2026/03/23 23:00:26.915, 4, 179.29 W, 26, 120 MHz, 3996 MHz, 0 %, 0 %
2026/03/23 23:00:26.915, 5, 180.58 W, 28, 120 MHz, 3996 MHz, 0 %, 0 %
2026/03/23 23:00:26.915, 6, 178.22 W, 27, 120 MHz, 3996 MHz, 0 %, 0 %
2026/03/23 23:00:26.915, 7, 176.58 W, 28, 120 MHz, 3996 MHz, 0 %, 0 %
2026/03/23 23:00:27.915, 0, 516.55 W, 33, 2032 MHz, 3996 MHz, 100 %, 34 %
2026/03/23 23:00:27.915, 1, 524.49 W, 35, 2032 MHz, 3996 MHz, 100 %, 34 %
2026/03/23 23:00:27.915, 2, 523.43 W, 33, 2032 MHz, 3996 MHz, 100 %, 34 %
2026/03/23 23:00:27.915, 3, 517.66 W, 35, 2032 MHz, 3996 MHz, 100 %, 34 %
2026/03/23 23:00:27.915, 4, 178.78 W, 26, 120 MHz, 3996 MHz, 0 %, 0 %
2026/03/23 23:00:27.915, 5, 180.58 W, 28, 120 MHz, 3996 MHz, 0 %, 0 %
2026/03/23 23:00:27.915, 6, 178.25 W, 27, 120 MHz, 3996 MHz, 0 %, 0 %
2026/03/23 23:00:27.915, 7, 176.58 W, 28, 120 MHz, 3996 MHz, 0 %, 0 %
2026/03/23 23:00:28.915, 0, 516.88 W, 33, 2032 MHz, 3996 MHz, 100 %, 34 %
2026/03/23 23:00:28.915, 1, 525.09 W, 35, 2032 MHz, 3996 MHz, 100 %, 34 %
2026/03/23 23:00:28.915, 2, 525.39 W, 33, 2032 MHz, 3996 MHz, 100 %, 34 %
2026/03/23 23:00:28.915, 3, 519.19 W, 36, 2032 MHz, 3996 MHz, 100 %, 34 %
2026/03/23 23:00:28.915, 4, 179.04 W, 26, 120 MHz, 3996 MHz, 0 %, 0 %
2026/03/23 23:00:28.915, 5, 180.58 W, 28, 120 MHz, 3996 MHz, 0 %, 0 %
2026/03/23 23:00:28.915, 6, 178.11 W, 27, 120 MHz, 3996 MHz, 0 %, 0 %
2026/03/23 23:00:28.915, 7, 176.58 W, 28, 120 MHz, 3996 MHz, 0 %, 0 %
2026/03/23 23:00:29.915, 0, 517.65 W, 33, 2032 MHz, 3996 MHz, 100 %, 34 %
2026/03/23 23:00:29.915, 1, 525.04 W, 35, 2032 MHz, 3996 MHz, 100 %, 34 %
2026/03/23 23:00:29.915, 2, 526.74 W, 33, 2032 MHz, 3996 MHz, 100 %, 34 %
2026/03/23 23:00:29.915, 3, 520.54 W, 36, 2032 MHz, 3996 MHz, 100 %, 34 %
2026/03/23 23:00:29.915, 4, 179.12 W, 26, 120 MHz, 3996 MHz, 0 %, 0 %
2026/03/23 23:00:29.915, 5, 180.58 W, 28, 120 MHz, 3996 MHz, 0 %, 0 %
2026/03/23 23:00:29.915, 6, 178.41 W, 27, 120 MHz, 3996 MHz, 0 %, 0 %
2026/03/23 23:00:29.915, 7, 176.59 W, 28, 120 MHz, 3996 MHz, 0 %, 0 %
2026/03/23 23:00:30.915, 0, 519.07 W, 33, 2032 MHz, 3996 MHz, 100 %, 34 %
2026/03/23 23:00:30.915, 1, 524.66 W, 36, 2032 MHz, 3996 MHz, 100 %, 34 %
2026/03/23 23:00:30.915, 2, 527.12 W, 33, 2032 MHz, 3996 MHz, 100 %, 34 %
2026/03/23 23:00:30.915, 3, 521.53 W, 36, 2032 MHz, 3996 MHz, 100 %, 34 %
2026/03/23 23:00:30.915, 4, 179.20 W, 26, 120 MHz, 3996 MHz, 0 %, 0 %
2026/03/23 23:00:30.915, 5, 180.58 W, 28, 120 MHz, 3996 MHz, 0 %, 0 %
2026/03/23 23:00:30.915, 6, 178.30 W, 27, 120 MHz, 3996 MHz, 0 %, 0 %
2026/03/23 23:00:30.915, 7, 176.58 W, 28, 120 MHz, 3996 MHz, 0 %, 0 %
2026/03/23 23:00:31.915, 0, 446.50 W, 31, 2032 MHz, 3996 MHz, 0 %, 0 %
2026/03/23 23:00:31.915, 1, 462.79 W, 33, 2032 MHz, 3996 MHz, 0 %, 0 %
2026/03/23 23:00:31.915, 2, 466.70 W, 31, 2032 MHz, 3996 MHz, 0 %, 0 %
2026/03/23 23:00:31.915, 3, 461.46 W, 34, 2032 MHz, 3996 MHz, 0 %, 0 %
2026/03/23 23:00:31.915, 4, 179.28 W, 26, 120 MHz, 3996 MHz, 0 %, 0 %
2026/03/23 23:00:31.915, 5, 180.58 W, 28, 120 MHz, 3996 MHz, 0 %, 0 %
2026/03/23 23:00:31.915, 6, 178.34 W, 27, 120 MHz, 3996 MHz, 0 %, 0 %
2026/03/23 23:00:31.915, 7, 176.59 W, 28, 120 MHz, 3996 MHz, 0 %, 0 %
2026/03/23 23:00:32.915, 0, 230.16 W, 30, 2032 MHz, 3996 MHz, 0 %, 0 %
2026/03/23 23:00:32.915, 1, 235.65 W, 32, 2032 MHz, 3996 MHz, 0 %, 0 %
2026/03/23 23:00:32.915, 2, 235.98 W, 29, 2032 MHz, 3996 MHz, 0 %, 0 %
2026/03/23 23:00:32.915, 3, 237.06 W, 32, 2032 MHz, 3996 MHz, 0 %, 0 %
2026/03/23 23:00:32.915, 4, 179.01 W, 26, 120 MHz, 3996 MHz, 0 %, 0 %
2026/03/23 23:00:32.915, 5, 180.58 W, 28, 120 MHz, 3996 MHz, 0 %, 0 %
2026/03/23 23:00:32.915, 6, 178.25 W, 27, 120 MHz, 3996 MHz, 0 %, 0 %
2026/03/23 23:00:32.915, 7, 176.58 W, 28, 120 MHz, 3996 MHz, 0 %, 0 %
2026/03/23 23:00:33.916, 0, 286.29 W, 31, 2032 MHz, 3996 MHz, 16 %, 5 %
2026/03/23 23:00:33.916, 1, 410.45 W, 36, 2032 MHz, 3996 MHz, 100 %, 14 %
2026/03/23 23:00:33.916, 2, 414.22 W, 34, 2032 MHz, 3996 MHz, 100 %, 8 %
2026/03/23 23:00:33.916, 3, 411.39 W, 37, 2032 MHz, 3996 MHz, 100 %, 26 %
2026/03/23 23:00:33.916, 4, 179.02 W, 26, 120 MHz, 3996 MHz, 0 %, 0 %
2026/03/23 23:00:33.916, 5, 180.58 W, 28, 120 MHz, 3996 MHz, 0 %, 0 %
2026/03/23 23:00:33.916, 6, 178.37 W, 27, 120 MHz, 3996 MHz, 0 %, 0 %
2026/03/23 23:00:33.916, 7, 176.58 W, 28, 120 MHz, 3996 MHz, 0 %, 0 %
2026/03/23 23:00:34.916, 0, 464.11 W, 32, 2032 MHz, 3996 MHz, 100 %, 26 %
2026/03/23 23:00:34.916, 1, 472.73 W, 35, 2032 MHz, 3996 MHz, 100 %, 27 %
2026/03/23 23:00:34.916, 2, 473.23 W, 33, 2032 MHz, 3996 MHz, 100 %, 26 %
2026/03/23 23:00:34.916, 3, 469.76 W, 35, 2032 MHz, 3996 MHz, 100 %, 26 %
2026/03/23 23:00:34.916, 4, 179.21 W, 26, 120 MHz, 3996 MHz, 0 %, 0 %
2026/03/23 23:00:34.916, 5, 180.58 W, 28, 120 MHz, 3996 MHz, 0 %, 0 %
2026/03/23 23:00:34.916, 6, 178.49 W, 27, 120 MHz, 3996 MHz, 0 %, 0 %
2026/03/23 23:00:34.916, 7, 176.58 W, 28, 120 MHz, 3996 MHz, 0 %, 0 %
2026/03/23 23:00:35.916, 0, 465.88 W, 33, 2032 MHz, 3996 MHz, 100 %, 27 %
2026/03/23 23:00:35.916, 1, 475.99 W, 35, 2032 MHz, 3996 MHz, 100 %, 27 %
2026/03/23 23:00:35.916, 2, 473.28 W, 33, 2032 MHz, 3996 MHz, 100 %, 26 %
2026/03/23 23:00:35.916, 3, 469.47 W, 35, 2032 MHz, 3996 MHz, 100 %, 26 %
2026/03/23 23:00:35.916, 4, 179.07 W, 26, 120 MHz, 3996 MHz, 0 %, 0 %
2026/03/23 23:00:35.916, 5, 180.58 W, 28, 120 MHz, 3996 MHz, 0 %, 0 %
2026/03/23 23:00:35.916, 6, 178.41 W, 27, 120 MHz, 3996 MHz, 0 %, 0 %
2026/03/23 23:00:35.916, 7, 176.58 W, 28, 120 MHz, 3996 MHz, 0 %, 0 %
2026/03/23 23:00:36.916, 0, 468.17 W, 33, 2032 MHz, 3996 MHz, 100 %, 27 %
2026/03/23 23:00:36.916, 1, 478.12 W, 35, 2032 MHz, 3996 MHz, 100 %, 27 %
2026/03/23 23:00:36.916, 2, 473.87 W, 33, 2032 MHz, 3996 MHz, 100 %, 26 %
2026/03/23 23:00:36.916, 3, 471.54 W, 36, 2032 MHz, 3996 MHz, 100 %, 27 %
2026/03/23 23:00:36.916, 4, 179.09 W, 26, 120 MHz, 3996 MHz, 0 %, 0 %
2026/03/23 23:00:36.916, 5, 180.58 W, 28, 120 MHz, 3996 MHz, 0 %, 0 %
2026/03/23 23:00:36.916, 6, 178.26 W, 27, 120 MHz, 3996 MHz, 0 %, 0 %
2026/03/23 23:00:36.916, 7, 176.58 W, 28, 120 MHz, 3996 MHz, 0 %, 0 %
2026/03/23 23:00:37.916, 0, 466.06 W, 33, 2032 MHz, 3996 MHz, 100 %, 26 %
2026/03/23 23:00:37.916, 1, 481.38 W, 35, 2032 MHz, 3996 MHz, 100 %, 27 %
2026/03/23 23:00:37.916, 2, 473.69 W, 33, 2032 MHz, 3996 MHz, 100 %, 26 %
2026/03/23 23:00:37.916, 3, 472.91 W, 36, 2032 MHz, 3996 MHz, 100 %, 27 %
2026/03/23 23:00:37.916, 4, 179.50 W, 26, 120 MHz, 3996 MHz, 0 %, 0 %
2026/03/23 23:00:37.916, 5, 180.58 W, 28, 120 MHz, 3996 MHz, 0 %, 0 %
2026/03/23 23:00:37.916, 6, 178.49 W, 27, 120 MHz, 3996 MHz, 0 %, 0 %
2026/03/23 23:00:37.916, 7, 176.58 W, 28, 120 MHz, 3996 MHz, 0 %, 0 %
2026/03/23 23:00:38.916, 0, 469.85 W, 33, 2032 MHz, 3996 MHz, 100 %, 27 %
2026/03/23 23:00:38.916, 1, 481.79 W, 35, 2032 MHz, 3996 MHz, 100 %, 27 %
2026/03/23 23:00:38.916, 2, 474.88 W, 33, 2032 MHz, 3996 MHz, 100 %, 26 %
2026/03/23 23:00:38.916, 3, 472.56 W, 36, 2032 MHz, 3996 MHz, 100 %, 26 %
2026/03/23 23:00:38.916, 4, 179.48 W, 26, 120 MHz, 3996 MHz, 0 %, 0 %
2026/03/23 23:00:38.916, 5, 180.58 W, 28, 120 MHz, 3996 MHz, 0 %, 0 %
2026/03/23 23:00:38.916, 6, 178.49 W, 27, 120 MHz, 3996 MHz, 0 %, 0 %
2026/03/23 23:00:38.916, 7, 176.58 W, 28, 120 MHz, 3996 MHz, 0 %, 0 %
2026/03/23 23:00:39.916, 0, 470.93 W, 33, 2032 MHz, 3996 MHz, 100 %, 27 %
2026/03/23 23:00:39.916, 1, 480.72 W, 36, 2032 MHz, 3996 MHz, 100 %, 27 %
2026/03/23 23:00:39.916, 2, 477.41 W, 33, 2032 MHz, 3996 MHz, 100 %, 27 %
2026/03/23 23:00:39.916, 3, 473.10 W, 36, 2032 MHz, 3996 MHz, 100 %, 26 %
2026/03/23 23:00:39.916, 4, 179.20 W, 26, 120 MHz, 3996 MHz, 0 %, 0 %
2026/03/23 23:00:39.916, 5, 180.58 W, 28, 120 MHz, 3996 MHz, 0 %, 0 %
2026/03/23 23:00:39.916, 6, 178.52 W, 27, 120 MHz, 3996 MHz, 0 %, 0 %
2026/03/23 23:00:39.916, 7, 176.58 W, 28, 120 MHz, 3996 MHz, 0 %, 0 %
2026/03/23 23:00:40.917, 0, 440.35 W, 32, 2032 MHz, 3996 MHz, 100 %, 27 %
2026/03/23 23:00:40.917, 1, 457.15 W, 34, 2032 MHz, 3996 MHz, 65 %, 18 %
2026/03/23 23:00:40.917, 2, 458.49 W, 32, 2032 MHz, 3996 MHz, 100 %, 27 %
2026/03/23 23:00:40.917, 3, 448.12 W, 35, 2032 MHz, 3996 MHz, 0 %, 0 %
2026/03/23 23:00:40.917, 4, 178.99 W, 26, 120 MHz, 3996 MHz, 0 %, 0 %
2026/03/23 23:00:40.917, 5, 180.58 W, 28, 120 MHz, 3996 MHz, 0 %, 0 %
2026/03/23 23:00:40.917, 6, 178.34 W, 27, 120 MHz, 3996 MHz, 0 %, 0 %
2026/03/23 23:00:40.917, 7, 176.58 W, 28, 120 MHz, 3996 MHz, 0 %, 0 %
2026/03/23 23:00:41.917, 0, 230.45 W, 30, 2032 MHz, 3996 MHz, 0 %, 0 %
2026/03/23 23:00:41.917, 1, 236.32 W, 32, 2032 MHz, 3996 MHz, 0 %, 0 %
2026/03/23 23:00:41.917, 2, 236.22 W, 30, 2032 MHz, 3996 MHz, 0 %, 0 %
2026/03/23 23:00:41.917, 3, 237.31 W, 33, 2032 MHz, 3996 MHz, 0 %, 0 %
2026/03/23 23:00:41.917, 4, 178.90 W, 26, 120 MHz, 3996 MHz, 0 %, 0 %
2026/03/23 23:00:41.917, 5, 180.58 W, 28, 120 MHz, 3996 MHz, 0 %, 0 %
2026/03/23 23:00:41.917, 6, 178.45 W, 27, 120 MHz, 3996 MHz, 0 %, 0 %
2026/03/23 23:00:41.917, 7, 176.58 W, 28, 120 MHz, 3996 MHz, 0 %, 0 %
2026/03/23 23:00:42.917, 0, 230.00 W, 30, 2032 MHz, 3996 MHz, 0 %, 0 %
2026/03/23 23:00:42.917, 1, 235.21 W, 32, 2032 MHz, 3996 MHz, 0 %, 0 %
2026/03/23 23:00:42.917, 2, 235.96 W, 30, 2032 MHz, 3996 MHz, 0 %, 0 %
2026/03/23 23:00:42.917, 3, 237.02 W, 33, 2032 MHz, 3996 MHz, 0 %, 0 %
2026/03/23 23:00:42.917, 4, 179.25 W, 26, 120 MHz, 3996 MHz, 0 %, 0 %
2026/03/23 23:00:42.917, 5, 180.58 W, 28, 120 MHz, 3996 MHz, 0 %, 0 %
2026/03/23 23:00:42.917, 6, 178.53 W, 27, 120 MHz, 3996 MHz, 0 %, 0 %
2026/03/23 23:00:42.917, 7, 176.58 W, 28, 120 MHz, 3996 MHz, 0 %, 0 %
2026/03/23 23:00:43.917, 0, 230.00 W, 30, 2032 MHz, 3996 MHz, 0 %, 0 %
2026/03/23 23:00:43.917, 1, 235.15 W, 32, 2032 MHz, 3996 MHz, 0 %, 0 %
2026/03/23 23:00:43.917, 2, 235.95 W, 30, 2032 MHz, 3996 MHz, 0 %, 0 %
2026/03/23 23:00:43.917, 3, 236.51 W, 32, 2032 MHz, 3996 MHz, 0 %, 0 %
2026/03/23 23:00:43.917, 4, 179.15 W, 26, 120 MHz, 3996 MHz, 0 %, 0 %
2026/03/23 23:00:43.917, 5, 180.58 W, 28, 120 MHz, 3996 MHz, 0 %, 0 %
2026/03/23 23:00:43.917, 6, 178.33 W, 27, 120 MHz, 3996 MHz, 0 %, 0 %
2026/03/23 23:00:43.917, 7, 176.58 W, 28, 120 MHz, 3996 MHz, 0 %, 0 %
2026/03/23 23:00:44.917, 0, 230.00 W, 30, 2032 MHz, 3996 MHz, 0 %, 0 %
2026/03/23 23:00:44.917, 1, 235.14 W, 32, 2032 MHz, 3996 MHz, 0 %, 0 %
2026/03/23 23:00:44.917, 2, 235.64 W, 29, 2032 MHz, 3996 MHz, 0 %, 0 %
2026/03/23 23:00:44.917, 3, 235.74 W, 32, 2032 MHz, 3996 MHz, 0 %, 0 %
2026/03/23 23:00:44.917, 4, 179.25 W, 26, 120 MHz, 3996 MHz, 0 %, 0 %
2026/03/23 23:00:44.917, 5, 180.58 W, 28, 120 MHz, 3996 MHz, 0 %, 0 %
2026/03/23 23:00:44.917, 6, 178.22 W, 27, 120 MHz, 3996 MHz, 0 %, 0 %
2026/03/23 23:00:44.917, 7, 176.58 W, 28, 120 MHz, 3996 MHz, 0 %, 0 %
2026/03/23 23:00:45.917, 0, 230.00 W, 29, 2032 MHz, 3996 MHz, 0 %, 0 %
2026/03/23 23:00:45.917, 1, 235.15 W, 32, 2032 MHz, 3996 MHz, 0 %, 0 %
2026/03/23 23:00:45.917, 2, 235.69 W, 29, 2032 MHz, 3996 MHz, 0 %, 0 %
2026/03/23 23:00:45.917, 3, 235.70 W, 32, 2032 MHz, 3996 MHz, 0 %, 0 %
2026/03/23 23:00:45.917, 4, 179.62 W, 26, 120 MHz, 3996 MHz, 0 %, 0 %
2026/03/23 23:00:45.917, 5, 180.58 W, 28, 120 MHz, 3996 MHz, 0 %, 0 %
2026/03/23 23:00:45.917, 6, 178.37 W, 27, 120 MHz, 3996 MHz, 0 %, 0 %
2026/03/23 23:00:45.917, 7, 176.58 W, 28, 120 MHz, 3996 MHz, 0 %, 0 %
2026/03/23 23:00:46.917, 0, 229.89 W, 29, 2032 MHz, 3996 MHz, 0 %, 0 %
2026/03/23 23:00:46.917, 1, 235.20 W, 32, 2032 MHz, 3996 MHz, 0 %, 0 %
2026/03/23 23:00:46.917, 2, 235.06 W, 29, 2032 MHz, 3996 MHz, 0 %, 0 %
2026/03/23 23:00:46.917, 3, 235.41 W, 32, 2032 MHz, 3996 MHz, 0 %, 0 %
2026/03/23 23:00:46.917, 4, 179.03 W, 26, 120 MHz, 3996 MHz, 0 %, 0 %
2026/03/23 23:00:46.918, 5, 180.58 W, 28, 120 MHz, 3996 MHz, 0 %, 0 %
2026/03/23 23:00:46.918, 6, 178.34 W, 27, 120 MHz, 3996 MHz, 0 %, 0 %
2026/03/23 23:00:46.918, 7, 176.59 W, 28, 120 MHz, 3996 MHz, 0 %, 0 %
2026/03/23 23:00:47.918, 0, 556.79 W, 34, 2032 MHz, 3996 MHz, 100 %, 44 %
2026/03/23 23:00:47.918, 1, 557.63 W, 36, 2032 MHz, 3996 MHz, 100 %, 44 %
2026/03/23 23:00:47.918, 2, 553.27 W, 34, 2032 MHz, 3996 MHz, 100 %, 45 %
2026/03/23 23:00:47.918, 3, 563.61 W, 37, 2032 MHz, 3996 MHz, 100 %, 44 %
2026/03/23 23:00:47.918, 4, 179.23 W, 26, 120 MHz, 3996 MHz, 0 %, 0 %
2026/03/23 23:00:47.918, 5, 180.58 W, 28, 120 MHz, 3996 MHz, 0 %, 0 %
2026/03/23 23:00:47.918, 6, 178.33 W, 27, 120 MHz, 3996 MHz, 0 %, 0 %
2026/03/23 23:00:47.918, 7, 176.58 W, 28, 120 MHz, 3996 MHz, 0 %, 0 %
2026/03/23 23:00:48.918, 0, 581.30 W, 34, 2032 MHz, 3996 MHz, 100 %, 43 %
2026/03/23 23:00:48.918, 1, 592.82 W, 37, 2032 MHz, 3996 MHz, 100 %, 45 %
2026/03/23 23:00:48.918, 2, 593.84 W, 34, 2032 MHz, 3996 MHz, 100 %, 45 %
2026/03/23 23:00:48.918, 3, 590.47 W, 37, 2032 MHz, 3996 MHz, 100 %, 45 %
2026/03/23 23:00:48.918, 4, 179.30 W, 26, 120 MHz, 3996 MHz, 0 %, 0 %
2026/03/23 23:00:48.918, 5, 180.58 W, 28, 120 MHz, 3996 MHz, 0 %, 0 %
2026/03/23 23:00:48.918, 6, 178.45 W, 27, 120 MHz, 3996 MHz, 0 %, 0 %
2026/03/23 23:00:48.918, 7, 176.58 W, 28, 120 MHz, 3996 MHz, 0 %, 0 %
2026/03/23 23:00:49.918, 0, 583.41 W, 35, 2032 MHz, 3996 MHz, 100 %, 45 %
2026/03/23 23:00:49.918, 1, 595.60 W, 37, 2032 MHz, 3996 MHz, 100 %, 46 %
2026/03/23 23:00:49.918, 2, 595.70 W, 34, 2032 MHz, 3996 MHz, 100 %, 45 %
2026/03/23 23:00:49.918, 3, 592.33 W, 37, 2032 MHz, 3996 MHz, 100 %, 44 %
2026/03/23 23:00:49.918, 4, 179.14 W, 26, 120 MHz, 3996 MHz, 0 %, 0 %
2026/03/23 23:00:49.918, 5, 180.58 W, 28, 120 MHz, 3996 MHz, 0 %, 0 %
2026/03/23 23:00:49.918, 6, 178.33 W, 27, 120 MHz, 3996 MHz, 0 %, 0 %
2026/03/23 23:00:49.918, 7, 176.58 W, 28, 120 MHz, 3996 MHz, 0 %, 0 %
2026/03/23 23:00:50.918, 0, 583.26 W, 35, 2032 MHz, 3996 MHz, 100 %, 44 %
2026/03/23 23:00:50.918, 1, 595.48 W, 37, 2032 MHz, 3996 MHz, 100 %, 44 %
2026/03/23 23:00:50.918, 2, 596.73 W, 35, 2032 MHz, 3996 MHz, 100 %, 45 %
2026/03/23 23:00:50.918, 3, 593.52 W, 38, 2032 MHz, 3996 MHz, 100 %, 44 %
2026/03/23 23:00:50.918, 4, 179.00 W, 26, 120 MHz, 3996 MHz, 0 %, 0 %
2026/03/23 23:00:50.918, 5, 180.58 W, 28, 120 MHz, 3996 MHz, 0 %, 0 %
2026/03/23 23:00:50.918, 6, 178.34 W, 27, 120 MHz, 3996 MHz, 0 %, 0 %
2026/03/23 23:00:50.918, 7, 176.58 W, 28, 120 MHz, 3996 MHz, 0 %, 0 %
2026/03/23 23:00:51.918, 0, 586.54 W, 35, 2032 MHz, 3996 MHz, 100 %, 45 %
2026/03/23 23:00:51.918, 1, 598.63 W, 37, 2032 MHz, 3996 MHz, 100 %, 45 %
2026/03/23 23:00:51.918, 2, 599.34 W, 35, 2032 MHz, 3996 MHz, 100 %, 46 %
2026/03/23 23:00:51.918, 3, 592.12 W, 38, 2032 MHz, 3996 MHz, 100 %, 45 %
2026/03/23 23:00:51.918, 4, 178.98 W, 26, 120 MHz, 3996 MHz, 0 %, 0 %
2026/03/23 23:00:51.918, 5, 180.58 W, 28, 120 MHz, 3996 MHz, 0 %, 0 %
2026/03/23 23:00:51.918, 6, 178.45 W, 27, 120 MHz, 3996 MHz, 0 %, 0 %
2026/03/23 23:00:51.918, 7, 176.58 W, 28, 120 MHz, 3996 MHz, 0 %, 0 %
2026/03/23 23:00:52.918, 0, 588.27 W, 35, 2032 MHz, 3996 MHz, 100 %, 44 %
2026/03/23 23:00:52.918, 1, 599.41 W, 38, 2032 MHz, 3996 MHz, 100 %, 45 %
2026/03/23 23:00:52.918, 2, 599.92 W, 35, 2032 MHz, 3996 MHz, 100 %, 46 %
2026/03/23 23:00:52.918, 3, 594.78 W, 38, 2032 MHz, 3996 MHz, 100 %, 46 %
2026/03/23 23:00:52.918, 4, 179.38 W, 26, 120 MHz, 3996 MHz, 0 %, 0 %
2026/03/23 23:00:52.918, 5, 180.58 W, 28, 120 MHz, 3996 MHz, 0 %, 0 %
2026/03/23 23:00:52.918, 6, 178.37 W, 27, 120 MHz, 3996 MHz, 0 %, 0 %
2026/03/23 23:00:52.918, 7, 176.58 W, 28, 120 MHz, 3996 MHz, 0 %, 0 %
2026/03/23 23:00:53.919, 0, 588.30 W, 35, 2032 MHz, 3996 MHz, 100 %, 45 %
2026/03/23 23:00:53.919, 1, 601.64 W, 38, 2032 MHz, 3996 MHz, 100 %, 45 %
2026/03/23 23:00:53.919, 2, 600.94 W, 35, 2032 MHz, 3996 MHz, 100 %, 46 %
2026/03/23 23:00:53.919, 3, 595.62 W, 38, 2032 MHz, 3996 MHz, 100 %, 45 %
2026/03/23 23:00:53.919, 4, 179.05 W, 26, 120 MHz, 3996 MHz, 0 %, 0 %
2026/03/23 23:00:53.919, 5, 180.58 W, 28, 120 MHz, 3996 MHz, 0 %, 0 %
2026/03/23 23:00:53.919, 6, 178.37 W, 27, 120 MHz, 3996 MHz, 0 %, 0 %
2026/03/23 23:00:53.919, 7, 176.58 W, 28, 120 MHz, 3996 MHz, 0 %, 0 %
2026/03/23 23:00:54.919, 0, 588.88 W, 35, 2032 MHz, 3996 MHz, 100 %, 45 %
2026/03/23 23:00:54.919, 1, 601.45 W, 38, 2032 MHz, 3996 MHz, 100 %, 45 %
2026/03/23 23:00:54.919, 2, 599.57 W, 35, 2032 MHz, 3996 MHz, 100 %, 45 %
2026/03/23 23:00:54.919, 3, 595.64 W, 38, 2032 MHz, 3996 MHz, 100 %, 45 %
2026/03/23 23:00:54.919, 4, 179.16 W, 26, 120 MHz, 3996 MHz, 0 %, 0 %
2026/03/23 23:00:54.919, 5, 180.58 W, 28, 120 MHz, 3996 MHz, 0 %, 0 %
2026/03/23 23:00:54.919, 6, 178.49 W, 27, 120 MHz, 3996 MHz, 0 %, 0 %
2026/03/23 23:00:54.919, 7, 176.58 W, 28, 120 MHz, 3996 MHz, 0 %, 0 %
2026/03/23 23:00:55.919, 0, 564.17 W, 35, 2032 MHz, 3996 MHz, 100 %, 45 %
2026/03/23 23:00:55.919, 1, 582.08 W, 37, 2032 MHz, 3996 MHz, 90 %, 35 %
2026/03/23 23:00:55.919, 2, 583.20 W, 35, 2032 MHz, 3996 MHz, 100 %, 45 %
2026/03/23 23:00:55.919, 3, 576.62 W, 37, 2032 MHz, 3996 MHz, 29 %, 14 %
2026/03/23 23:00:55.919, 4, 179.08 W, 26, 120 MHz, 3996 MHz, 0 %, 0 %
2026/03/23 23:00:55.919, 5, 180.58 W, 28, 120 MHz, 3996 MHz, 0 %, 0 %
2026/03/23 23:00:55.919, 6, 178.18 W, 27, 120 MHz, 3996 MHz, 0 %, 0 %
2026/03/23 23:00:55.919, 7, 176.58 W, 28, 120 MHz, 3996 MHz, 0 %, 0 %
2026/03/23 23:00:56.919, 0, 522.53 W, 35, 2032 MHz, 3996 MHz, 100 %, 40 %
2026/03/23 23:00:56.919, 1, 530.01 W, 37, 2032 MHz, 3996 MHz, 100 %, 43 %
2026/03/23 23:00:56.919, 2, 531.44 W, 35, 2032 MHz, 3996 MHz, 100 %, 44 %
2026/03/23 23:00:56.919, 3, 524.47 W, 38, 2032 MHz, 3996 MHz, 95 %, 40 %
2026/03/23 23:00:56.919, 4, 179.01 W, 26, 120 MHz, 3996 MHz, 0 %, 0 %
2026/03/23 23:00:56.919, 5, 180.58 W, 28, 120 MHz, 3996 MHz, 0 %, 0 %
2026/03/23 23:00:56.919, 6, 178.45 W, 27, 120 MHz, 3996 MHz, 0 %, 0 %
2026/03/23 23:00:56.919, 7, 176.58 W, 28, 120 MHz, 3996 MHz, 0 %, 0 %
2026/03/23 23:00:57.919, 0, 488.82 W, 35, 2032 MHz, 3996 MHz, 100 %, 42 %
2026/03/23 23:00:57.919, 1, 488.22 W, 37, 2032 MHz, 3996 MHz, 100 %, 42 %
2026/03/23 23:00:57.919, 2, 493.82 W, 35, 2032 MHz, 3996 MHz, 100 %, 42 %
2026/03/23 23:00:57.919, 3, 490.75 W, 38, 2032 MHz, 3996 MHz, 100 %, 42 %
2026/03/23 23:00:57.919, 4, 179.04 W, 26, 120 MHz, 3996 MHz, 0 %, 0 %
2026/03/23 23:00:57.919, 5, 180.58 W, 28, 120 MHz, 3996 MHz, 0 %, 0 %
2026/03/23 23:00:57.919, 6, 178.34 W, 27, 120 MHz, 3996 MHz, 0 %, 0 %
2026/03/23 23:00:57.919, 7, 176.58 W, 28, 120 MHz, 3996 MHz, 0 %, 0 %
2026/03/23 23:00:58.919, 0, 559.47 W, 35, 2032 MHz, 3996 MHz, 100 %, 43 %
2026/03/23 23:00:58.919, 1, 567.52 W, 38, 2032 MHz, 3996 MHz, 100 %, 44 %
2026/03/23 23:00:58.919, 2, 568.18 W, 35, 2032 MHz, 3996 MHz, 100 %, 44 %
2026/03/23 23:00:58.919, 3, 563.81 W, 38, 2032 MHz, 3996 MHz, 100 %, 43 %
2026/03/23 23:00:58.919, 4, 179.16 W, 26, 120 MHz, 3996 MHz, 0 %, 0 %
2026/03/23 23:00:58.919, 5, 180.58 W, 28, 120 MHz, 3996 MHz, 0 %, 0 %
2026/03/23 23:00:58.919, 6, 178.37 W, 27, 120 MHz, 3996 MHz, 0 %, 0 %
2026/03/23 23:00:58.919, 7, 176.58 W, 28, 120 MHz, 3996 MHz, 0 %, 0 %
2026/03/23 23:00:59.919, 0, 581.96 W, 36, 2032 MHz, 3996 MHz, 100 %, 43 %
2026/03/23 23:00:59.919, 1, 593.34 W, 38, 2032 MHz, 3996 MHz, 100 %, 44 %
2026/03/23 23:00:59.919, 2, 593.79 W, 36, 2032 MHz, 3996 MHz, 100 %, 44 %
2026/03/23 23:00:59.919, 3, 587.84 W, 39, 2032 MHz, 3996 MHz, 100 %, 44 %
2026/03/23 23:00:59.919, 4, 179.16 W, 26, 120 MHz, 3996 MHz, 0 %, 0 %
2026/03/23 23:00:59.920, 5, 180.58 W, 28, 120 MHz, 3996 MHz, 0 %, 0 %
2026/03/23 23:00:59.920, 6, 178.21 W, 27, 120 MHz, 3996 MHz, 0 %, 0 %
2026/03/23 23:00:59.920, 7, 176.58 W, 28, 120 MHz, 3996 MHz, 0 %, 0 %
2026/03/23 23:01:00.920, 0, 580.08 W, 36, 2032 MHz, 3996 MHz, 100 %, 44 %
2026/03/23 23:01:00.920, 1, 596.57 W, 38, 2032 MHz, 3996 MHz, 100 %, 45 %
2026/03/23 23:01:00.920, 2, 594.54 W, 36, 2032 MHz, 3996 MHz, 100 %, 45 %
2026/03/23 23:01:00.920, 3, 591.45 W, 39, 2032 MHz, 3996 MHz, 100 %, 44 %
2026/03/23 23:01:00.920, 4, 179.01 W, 26, 120 MHz, 3996 MHz, 0 %, 0 %
2026/03/23 23:01:00.920, 5, 180.58 W, 28, 120 MHz, 3996 MHz, 0 %, 0 %
2026/03/23 23:01:00.920, 6, 178.14 W, 27, 120 MHz, 3996 MHz, 0 %, 0 %
2026/03/23 23:01:00.920, 7, 176.58 W, 28, 120 MHz, 3996 MHz, 0 %, 0 %
2026/03/23 23:01:01.920, 0, 583.45 W, 36, 2032 MHz, 3996 MHz, 100 %, 44 %
2026/03/23 23:01:01.920, 1, 597.13 W, 38, 2032 MHz, 3996 MHz, 100 %, 45 %
2026/03/23 23:01:01.920, 2, 597.17 W, 36, 2032 MHz, 3996 MHz, 100 %, 45 %
2026/03/23 23:01:01.920, 3, 589.55 W, 39, 2032 MHz, 3996 MHz, 100 %, 44 %
2026/03/23 23:01:01.920, 4, 179.04 W, 26, 120 MHz, 3996 MHz, 0 %, 0 %
2026/03/23 23:01:01.920, 5, 180.58 W, 28, 120 MHz, 3996 MHz, 0 %, 0 %
2026/03/23 23:01:01.920, 6, 178.45 W, 27, 120 MHz, 3996 MHz, 0 %, 0 %
2026/03/23 23:01:01.920, 7, 176.58 W, 28, 120 MHz, 3996 MHz, 0 %, 0 %
2026/03/23 23:01:02.920, 0, 582.73 W, 36, 2032 MHz, 3996 MHz, 100 %, 43 %
2026/03/23 23:01:02.920, 1, 597.72 W, 39, 2032 MHz, 3996 MHz, 100 %, 45 %
2026/03/23 23:01:02.920, 2, 596.74 W, 36, 2032 MHz, 3996 MHz, 100 %, 45 %
2026/03/23 23:01:02.920, 3, 591.30 W, 39, 2032 MHz, 3996 MHz, 100 %, 44 %
2026/03/23 23:01:02.920, 4, 179.33 W, 26, 120 MHz, 3996 MHz, 0 %, 0 %
2026/03/23 23:01:02.920, 5, 180.58 W, 28, 120 MHz, 3996 MHz, 0 %, 0 %
2026/03/23 23:01:02.920, 6, 178.34 W, 27, 120 MHz, 3996 MHz, 0 %, 0 %
2026/03/23 23:01:02.920, 7, 176.58 W, 28, 120 MHz, 3996 MHz, 0 %, 0 %
2026/03/23 23:01:03.920, 0, 581.14 W, 36, 2032 MHz, 3996 MHz, 100 %, 43 %
2026/03/23 23:01:03.920, 1, 598.92 W, 39, 2032 MHz, 3996 MHz, 100 %, 45 %
2026/03/23 23:01:03.920, 2, 598.83 W, 36, 2032 MHz, 3996 MHz, 100 %, 45 %
2026/03/23 23:01:03.920, 3, 590.53 W, 39, 2032 MHz, 3996 MHz, 100 %, 44 %
2026/03/23 23:01:03.920, 4, 179.29 W, 26, 120 MHz, 3996 MHz, 0 %, 0 %
2026/03/23 23:01:03.920, 5, 180.58 W, 28, 120 MHz, 3996 MHz, 0 %, 0 %
2026/03/23 23:01:03.920, 6, 178.41 W, 27, 120 MHz, 3996 MHz, 0 %, 0 %
2026/03/23 23:01:03.920, 7, 176.58 W, 28, 120 MHz, 3996 MHz, 0 %, 0 %
2026/03/23 23:01:04.920, 0, 582.66 W, 36, 2032 MHz, 3996 MHz, 100 %, 44 %
2026/03/23 23:01:04.920, 1, 600.16 W, 39, 2032 MHz, 3996 MHz, 100 %, 45 %
2026/03/23 23:01:04.920, 2, 597.48 W, 36, 2032 MHz, 3996 MHz, 100 %, 45 %
2026/03/23 23:01:04.920, 3, 592.99 W, 39, 2032 MHz, 3996 MHz, 100 %, 44 %
2026/03/23 23:01:04.920, 4, 179.13 W, 26, 120 MHz, 3996 MHz, 0 %, 0 %
2026/03/23 23:01:04.920, 5, 180.58 W, 28, 120 MHz, 3996 MHz, 0 %, 0 %
2026/03/23 23:01:04.920, 6, 178.49 W, 27, 120 MHz, 3996 MHz, 0 %, 0 %
2026/03/23 23:01:04.920, 7, 176.58 W, 28, 120 MHz, 3996 MHz, 0 %, 0 %
2026/03/23 23:01:05.920, 0, 558.90 W, 36, 2032 MHz, 3996 MHz, 100 %, 44 %
2026/03/23 23:01:05.920, 1, 572.58 W, 39, 2032 MHz, 3996 MHz, 100 %, 45 %
2026/03/23 23:01:05.920, 2, 572.76 W, 36, 2032 MHz, 3996 MHz, 100 %, 46 %
2026/03/23 23:01:05.920, 3, 567.12 W, 39, 2032 MHz, 3996 MHz, 100 %, 45 %
2026/03/23 23:01:05.920, 4, 179.09 W, 26, 120 MHz, 3996 MHz, 0 %, 0 %
2026/03/23 23:01:05.920, 5, 180.58 W, 28, 120 MHz, 3996 MHz, 0 %, 0 %
2026/03/23 23:01:05.920, 6, 178.30 W, 27, 120 MHz, 3996 MHz, 0 %, 0 %
2026/03/23 23:01:05.920, 7, 176.58 W, 28, 120 MHz, 3996 MHz, 0 %, 0 %
2026/03/23 23:01:06.920, 0, 543.00 W, 36, 2032 MHz, 3996 MHz, 100 %, 44 %
2026/03/23 23:01:06.920, 1, 552.99 W, 39, 2032 MHz, 3996 MHz, 100 %, 45 %
2026/03/23 23:01:06.920, 2, 556.10 W, 36, 2032 MHz, 3996 MHz, 100 %, 45 %
2026/03/23 23:01:06.920, 3, 550.95 W, 39, 2032 MHz, 3996 MHz, 100 %, 45 %
2026/03/23 23:01:06.921, 4, 179.25 W, 26, 120 MHz, 3996 MHz, 0 %, 0 %
2026/03/23 23:01:06.921, 5, 180.58 W, 28, 120 MHz, 3996 MHz, 0 %, 0 %
2026/03/23 23:01:06.921, 6, 178.49 W, 27, 120 MHz, 3996 MHz, 0 %, 0 %
2026/03/23 23:01:06.921, 7, 176.58 W, 28, 120 MHz, 3996 MHz, 0 %, 0 %
2026/03/23 23:01:07.921, 0, 515.96 W, 36, 2032 MHz, 3996 MHz, 100 %, 17 %
2026/03/23 23:01:07.921, 1, 528.11 W, 38, 2032 MHz, 3996 MHz, 99 %, 30 %
2026/03/23 23:01:07.921, 2, 528.38 W, 35, 2032 MHz, 3996 MHz, 40 %, 20 %
2026/03/23 23:01:07.921, 3, 526.11 W, 39, 2032 MHz, 3996 MHz, 100 %, 43 %
2026/03/23 23:01:07.921, 4, 179.12 W, 26, 120 MHz, 3996 MHz, 0 %, 0 %
2026/03/23 23:01:07.921, 5, 180.58 W, 28, 120 MHz, 3996 MHz, 0 %, 0 %
2026/03/23 23:01:07.921, 6, 178.33 W, 27, 120 MHz, 3996 MHz, 0 %, 0 %
2026/03/23 23:01:07.921, 7, 176.58 W, 28, 120 MHz, 3996 MHz, 0 %, 0 %
2026/03/23 23:01:08.921, 0, 542.49 W, 36, 2032 MHz, 3996 MHz, 100 %, 43 %
2026/03/23 23:01:08.921, 1, 559.64 W, 38, 2032 MHz, 3996 MHz, 100 %, 44 %
2026/03/23 23:01:08.921, 2, 565.89 W, 36, 2032 MHz, 3996 MHz, 100 %, 44 %
2026/03/23 23:01:08.921, 3, 558.71 W, 39, 2032 MHz, 3996 MHz, 98 %, 42 %
2026/03/23 23:01:08.921, 4, 179.26 W, 26, 120 MHz, 3996 MHz, 0 %, 0 %
2026/03/23 23:01:08.921, 5, 180.58 W, 28, 120 MHz, 3996 MHz, 0 %, 0 %
2026/03/23 23:01:08.921, 6, 178.37 W, 27, 120 MHz, 3996 MHz, 0 %, 0 %
2026/03/23 23:01:08.921, 7, 176.58 W, 28, 120 MHz, 3996 MHz, 0 %, 0 %
2026/03/23 23:01:09.921, 0, 554.23 W, 36, 2032 MHz, 3996 MHz, 100 %, 42 %
2026/03/23 23:01:09.921, 1, 563.04 W, 39, 2032 MHz, 3996 MHz, 100 %, 43 %
2026/03/23 23:01:09.921, 2, 562.76 W, 36, 2032 MHz, 3996 MHz, 100 %, 44 %
2026/03/23 23:01:09.921, 3, 560.19 W, 39, 2032 MHz, 3996 MHz, 100 %, 43 %
2026/03/23 23:01:09.921, 4, 179.31 W, 26, 120 MHz, 3996 MHz, 0 %, 0 %
2026/03/23 23:01:09.921, 5, 180.58 W, 28, 120 MHz, 3996 MHz, 0 %, 0 %
2026/03/23 23:01:09.921, 6, 178.18 W, 27, 120 MHz, 3996 MHz, 0 %, 0 %
2026/03/23 23:01:09.921, 7, 176.58 W, 28, 120 MHz, 3996 MHz, 0 %, 0 %
2026/03/23 23:01:10.921, 0, 573.92 W, 36, 2032 MHz, 3996 MHz, 100 %, 42 %
2026/03/23 23:01:10.921, 1, 589.28 W, 39, 2032 MHz, 3996 MHz, 100 %, 43 %
2026/03/23 23:01:10.921, 2, 587.36 W, 36, 2032 MHz, 3996 MHz, 100 %, 43 %
2026/03/23 23:01:10.921, 3, 585.54 W, 39, 2032 MHz, 3996 MHz, 100 %, 43 %
2026/03/23 23:01:10.921, 4, 179.01 W, 26, 120 MHz, 3996 MHz, 0 %, 0 %
2026/03/23 23:01:10.921, 5, 180.58 W, 28, 120 MHz, 3996 MHz, 0 %, 0 %
2026/03/23 23:01:10.921, 6, 178.41 W, 27, 120 MHz, 3996 MHz, 0 %, 0 %
2026/03/23 23:01:10.921, 7, 176.58 W, 28, 120 MHz, 3996 MHz, 0 %, 0 %
2026/03/23 23:01:11.921, 0, 575.88 W, 36, 2032 MHz, 3996 MHz, 100 %, 42 %
2026/03/23 23:01:11.921, 1, 590.95 W, 39, 2032 MHz, 3996 MHz, 100 %, 43 %
2026/03/23 23:01:11.921, 2, 586.27 W, 36, 2032 MHz, 3996 MHz, 100 %, 43 %
2026/03/23 23:01:11.921, 3, 585.07 W, 40, 2032 MHz, 3996 MHz, 100 %, 43 %
2026/03/23 23:01:11.921, 4, 179.18 W, 26, 120 MHz, 3996 MHz, 0 %, 0 %
2026/03/23 23:01:11.921, 5, 180.58 W, 28, 120 MHz, 3996 MHz, 0 %, 0 %
2026/03/23 23:01:11.921, 6, 178.33 W, 27, 120 MHz, 3996 MHz, 0 %, 0 %
2026/03/23 23:01:11.921, 7, 176.58 W, 28, 120 MHz, 3996 MHz, 0 %, 0 %
2026/03/23 23:01:12.921, 0, 577.00 W, 37, 2032 MHz, 3996 MHz, 100 %, 42 %
2026/03/23 23:01:12.921, 1, 591.02 W, 39, 2032 MHz, 3996 MHz, 100 %, 44 %
2026/03/23 23:01:12.921, 2, 586.83 W, 37, 2032 MHz, 3996 MHz, 100 %, 43 %
2026/03/23 23:01:12.921, 3, 586.51 W, 40, 2032 MHz, 3996 MHz, 100 %, 43 %
2026/03/23 23:01:12.921, 4, 179.19 W, 26, 120 MHz, 3996 MHz, 0 %, 0 %
2026/03/23 23:01:12.921, 5, 180.58 W, 28, 120 MHz, 3996 MHz, 0 %, 0 %
2026/03/23 23:01:12.921, 6, 178.37 W, 27, 120 MHz, 3996 MHz, 0 %, 0 %
2026/03/23 23:01:12.921, 7, 176.58 W, 28, 120 MHz, 3996 MHz, 0 %, 0 %
2026/03/23 23:01:13.921, 0, 576.16 W, 37, 2032 MHz, 3996 MHz, 100 %, 43 %
2026/03/23 23:01:13.922, 1, 593.53 W, 39, 2032 MHz, 3996 MHz, 100 %, 44 %
2026/03/23 23:01:13.922, 2, 587.96 W, 37, 2032 MHz, 3996 MHz, 100 %, 43 %
2026/03/23 23:01:13.922, 3, 585.68 W, 40, 2032 MHz, 3996 MHz, 100 %, 44 %
2026/03/23 23:01:13.922, 4, 179.02 W, 26, 120 MHz, 3996 MHz, 0 %, 0 %
2026/03/23 23:01:13.922, 5, 180.58 W, 28, 120 MHz, 3996 MHz, 0 %, 0 %
2026/03/23 23:01:13.922, 6, 178.37 W, 27, 120 MHz, 3996 MHz, 0 %, 0 %
2026/03/23 23:01:13.922, 7, 176.58 W, 28, 120 MHz, 3996 MHz, 0 %, 0 %
2026/03/23 23:01:14.922, 0, 577.91 W, 37, 2032 MHz, 3996 MHz, 100 %, 43 %
2026/03/23 23:01:14.922, 1, 593.85 W, 39, 2032 MHz, 3996 MHz, 100 %, 44 %
2026/03/23 23:01:14.922, 2, 590.12 W, 37, 2032 MHz, 3996 MHz, 100 %, 44 %
2026/03/23 23:01:14.922, 3, 587.28 W, 40, 2032 MHz, 3996 MHz, 100 %, 43 %
2026/03/23 23:01:14.922, 4, 179.12 W, 26, 120 MHz, 3996 MHz, 0 %, 0 %
2026/03/23 23:01:14.922, 5, 180.58 W, 28, 120 MHz, 3996 MHz, 0 %, 0 %
2026/03/23 23:01:14.922, 6, 178.34 W, 27, 120 MHz, 3996 MHz, 0 %, 0 %
2026/03/23 23:01:14.922, 7, 176.58 W, 28, 120 MHz, 3996 MHz, 0 %, 0 %
2026/03/23 23:01:15.922, 0, 537.10 W, 36, 2032 MHz, 3996 MHz, 100 %, 43 %
2026/03/23 23:01:15.922, 1, 560.62 W, 39, 2032 MHz, 3996 MHz, 100 %, 44 %
2026/03/23 23:01:15.922, 2, 559.64 W, 37, 2032 MHz, 3996 MHz, 100 %, 44 %
2026/03/23 23:01:15.922, 3, 556.40 W, 40, 2032 MHz, 3996 MHz, 92 %, 28 %
2026/03/23 23:01:15.922, 4, 179.09 W, 26, 120 MHz, 3996 MHz, 0 %, 0 %
2026/03/23 23:01:15.922, 5, 180.58 W, 28, 120 MHz, 3996 MHz, 0 %, 0 %
2026/03/23 23:01:15.922, 6, 178.49 W, 27, 120 MHz, 3996 MHz, 0 %, 0 %
2026/03/23 23:01:15.922, 7, 176.58 W, 28, 120 MHz, 3996 MHz, 0 %, 0 %
2026/03/23 23:01:16.922, 0, 551.09 W, 36, 2032 MHz, 3996 MHz, 86 %, 31 %
2026/03/23 23:01:16.922, 1, 558.16 W, 39, 2032 MHz, 3996 MHz, 37 %, 18 %
2026/03/23 23:01:16.922, 2, 557.54 W, 36, 2032 MHz, 3996 MHz, 86 %, 29 %
2026/03/23 23:01:16.922, 3, 558.73 W, 39, 2032 MHz, 3996 MHz, 98 %, 22 %
2026/03/23 23:01:16.922, 4, 179.17 W, 26, 120 MHz, 3996 MHz, 0 %, 0 %
2026/03/23 23:01:16.922, 5, 180.58 W, 28, 120 MHz, 3996 MHz, 0 %, 0 %
2026/03/23 23:01:16.922, 6, 178.45 W, 27, 120 MHz, 3996 MHz, 0 %, 0 %
2026/03/23 23:01:16.922, 7, 176.58 W, 28, 120 MHz, 3996 MHz, 0 %, 0 %
2026/03/23 23:01:17.922, 0, 545.05 W, 36, 2032 MHz, 3996 MHz, 80 %, 17 %
2026/03/23 23:01:17.922, 1, 553.32 W, 39, 2032 MHz, 3996 MHz, 56 %, 27 %
2026/03/23 23:01:17.922, 2, 550.88 W, 36, 2032 MHz, 3996 MHz, 99 %, 18 %
2026/03/23 23:01:17.922, 3, 554.96 W, 40, 2032 MHz, 3996 MHz, 100 %, 46 %
2026/03/23 23:01:17.922, 4, 179.16 W, 26, 120 MHz, 3996 MHz, 0 %, 0 %
2026/03/23 23:01:17.922, 5, 180.58 W, 28, 120 MHz, 3996 MHz, 0 %, 0 %
2026/03/23 23:01:17.922, 6, 178.49 W, 27, 120 MHz, 3996 MHz, 0 %, 0 %
2026/03/23 23:01:17.922, 7, 176.58 W, 28, 120 MHz, 3996 MHz, 0 %, 0 %
2026/03/23 23:01:18.922, 0, 540.59 W, 37, 2032 MHz, 3996 MHz, 100 %, 44 %
2026/03/23 23:01:18.922, 1, 550.61 W, 39, 2032 MHz, 3996 MHz, 100 %, 44 %
2026/03/23 23:01:18.922, 2, 552.33 W, 37, 2032 MHz, 3996 MHz, 100 %, 45 %
2026/03/23 23:01:18.922, 3, 552.20 W, 40, 2032 MHz, 3996 MHz, 100 %, 45 %
2026/03/23 23:01:18.922, 4, 178.87 W, 26, 120 MHz, 3996 MHz, 0 %, 0 %
2026/03/23 23:01:18.922, 5, 180.58 W, 28, 120 MHz, 3996 MHz, 0 %, 0 %
2026/03/23 23:01:18.922, 6, 178.38 W, 27, 120 MHz, 3996 MHz, 0 %, 0 %
2026/03/23 23:01:18.922, 7, 176.58 W, 28, 120 MHz, 3996 MHz, 0 %, 0 %
2026/03/23 23:01:19.922, 0, 559.41 W, 37, 2032 MHz, 3996 MHz, 100 %, 43 %
2026/03/23 23:01:19.922, 1, 573.44 W, 39, 2032 MHz, 3996 MHz, 100 %, 44 %
2026/03/23 23:01:19.922, 2, 573.25 W, 37, 2032 MHz, 3996 MHz, 100 %, 44 %
2026/03/23 23:01:19.922, 3, 573.39 W, 40, 2032 MHz, 3996 MHz, 100 %, 45 %
2026/03/23 23:01:19.922, 4, 179.25 W, 26, 120 MHz, 3996 MHz, 0 %, 0 %
2026/03/23 23:01:19.922, 5, 180.58 W, 28, 120 MHz, 3996 MHz, 0 %, 0 %
2026/03/23 23:01:19.923, 6, 178.45 W, 27, 120 MHz, 3996 MHz, 0 %, 0 %
2026/03/23 23:01:19.923, 7, 176.58 W, 28, 120 MHz, 3996 MHz, 0 %, 0 %
2026/03/23 23:01:20.923, 0, 580.32 W, 37, 2032 MHz, 3996 MHz, 100 %, 43 %
2026/03/23 23:01:20.923, 1, 596.69 W, 40, 2032 MHz, 3996 MHz, 100 %, 45 %
2026/03/23 23:01:20.923, 2, 592.52 W, 37, 2032 MHz, 3996 MHz, 100 %, 44 %
2026/03/23 23:01:20.923, 3, 593.63 W, 40, 2032 MHz, 3996 MHz, 100 %, 44 %
2026/03/23 23:01:20.923, 4, 179.04 W, 26, 120 MHz, 3996 MHz, 0 %, 0 %
2026/03/23 23:01:20.923, 5, 180.58 W, 28, 120 MHz, 3996 MHz, 0 %, 0 %
2026/03/23 23:01:20.923, 6, 178.49 W, 27, 120 MHz, 3996 MHz, 0 %, 0 %
2026/03/23 23:01:20.923, 7, 176.58 W, 28, 120 MHz, 3996 MHz, 0 %, 0 %
2026/03/23 23:01:21.923, 0, 578.85 W, 37, 2032 MHz, 3996 MHz, 100 %, 43 %
2026/03/23 23:01:21.923, 1, 592.52 W, 40, 2032 MHz, 3996 MHz, 100 %, 44 %
2026/03/23 23:01:21.923, 2, 593.72 W, 37, 2032 MHz, 3996 MHz, 100 %, 44 %
2026/03/23 23:01:21.923, 3, 594.93 W, 40, 2032 MHz, 3996 MHz, 100 %, 44 %
2026/03/23 23:01:21.923, 4, 179.16 W, 26, 120 MHz, 3996 MHz, 0 %, 0 %
2026/03/23 23:01:21.923, 5, 180.58 W, 28, 120 MHz, 3996 MHz, 0 %, 0 %
2026/03/23 23:01:21.923, 6, 178.45 W, 27, 120 MHz, 3996 MHz, 0 %, 0 %
2026/03/23 23:01:21.923, 7, 176.58 W, 28, 120 MHz, 3996 MHz, 0 %, 0 %
2026/03/23 23:01:22.923, 0, 580.23 W, 37, 2032 MHz, 3996 MHz, 100 %, 43 %
2026/03/23 23:01:22.923, 1, 595.22 W, 40, 2032 MHz, 3996 MHz, 100 %, 44 %
2026/03/23 23:01:22.923, 2, 595.72 W, 37, 2032 MHz, 3996 MHz, 100 %, 44 %
2026/03/23 23:01:22.923, 3, 594.40 W, 40, 2032 MHz, 3996 MHz, 100 %, 45 %
2026/03/23 23:01:22.923, 4, 179.06 W, 26, 120 MHz, 3996 MHz, 0 %, 0 %
2026/03/23 23:01:22.923, 5, 180.58 W, 28, 120 MHz, 3996 MHz, 0 %, 0 %
2026/03/23 23:01:22.923, 6, 178.49 W, 27, 120 MHz, 3996 MHz, 0 %, 0 %
2026/03/23 23:01:22.923, 7, 176.58 W, 28, 120 MHz, 3996 MHz, 0 %, 0 %
2026/03/23 23:01:23.923, 0, 579.08 W, 37, 2032 MHz, 3996 MHz, 100 %, 43 %
2026/03/23 23:01:23.923, 1, 595.64 W, 40, 2032 MHz, 3996 MHz, 100 %, 44 %
2026/03/23 23:01:23.923, 2, 596.01 W, 37, 2032 MHz, 3996 MHz, 100 %, 45 %
2026/03/23 23:01:23.923, 3, 595.34 W, 40, 2032 MHz, 3996 MHz, 100 %, 45 %
2026/03/23 23:01:23.923, 4, 179.13 W, 26, 120 MHz, 3996 MHz, 0 %, 0 %
2026/03/23 23:01:23.923, 5, 180.58 W, 28, 120 MHz, 3996 MHz, 0 %, 0 %
2026/03/23 23:01:23.923, 6, 178.37 W, 27, 120 MHz, 3996 MHz, 0 %, 0 %
2026/03/23 23:01:23.923, 7, 176.58 W, 28, 120 MHz, 3996 MHz, 0 %, 0 %
2026/03/23 23:01:24.923, 0, 581.85 W, 37, 2032 MHz, 3996 MHz, 100 %, 43 %
2026/03/23 23:01:24.923, 1, 598.17 W, 40, 2032 MHz, 3996 MHz, 100 %, 45 %
2026/03/23 23:01:24.923, 2, 594.21 W, 37, 2032 MHz, 3996 MHz, 100 %, 44 %
2026/03/23 23:01:24.923, 3, 596.91 W, 41, 2032 MHz, 3996 MHz, 100 %, 45 %
2026/03/23 23:01:24.923, 4, 179.16 W, 26, 120 MHz, 3996 MHz, 0 %, 0 %
2026/03/23 23:01:24.923, 5, 180.58 W, 28, 120 MHz, 3996 MHz, 0 %, 0 %
2026/03/23 23:01:24.923, 6, 178.45 W, 27, 120 MHz, 3996 MHz, 0 %, 0 %
2026/03/23 23:01:24.923, 7, 176.58 W, 28, 120 MHz, 3996 MHz, 0 %, 0 %
2026/03/23 23:01:25.923, 0, 531.75 W, 37, 2032 MHz, 3996 MHz, 32 %, 17 %
2026/03/23 23:01:25.923, 1, 548.78 W, 40, 2032 MHz, 3996 MHz, 100 %, 28 %
2026/03/23 23:01:25.923, 2, 547.42 W, 37, 2032 MHz, 3996 MHz, 100 %, 17 %
2026/03/23 23:01:25.923, 3, 547.82 W, 40, 2032 MHz, 3996 MHz, 100 %, 45 %
2026/03/23 23:01:25.923, 4, 179.21 W, 26, 120 MHz, 3996 MHz, 0 %, 0 %
2026/03/23 23:01:25.923, 5, 180.58 W, 28, 120 MHz, 3996 MHz, 0 %, 0 %
2026/03/23 23:01:25.923, 6, 178.21 W, 27, 120 MHz, 3996 MHz, 0 %, 0 %
2026/03/23 23:01:25.923, 7, 176.58 W, 28, 120 MHz, 3996 MHz, 0 %, 0 %
2026/03/23 23:01:26.923, 0, 537.67 W, 37, 2032 MHz, 3996 MHz, 100 %, 43 %
2026/03/23 23:01:26.924, 1, 552.06 W, 40, 2032 MHz, 3996 MHz, 100 %, 45 %
2026/03/23 23:01:26.924, 2, 553.40 W, 37, 2032 MHz, 3996 MHz, 100 %, 44 %
2026/03/23 23:01:26.924, 3, 553.63 W, 40, 2032 MHz, 3996 MHz, 100 %, 45 %
2026/03/23 23:01:26.924, 4, 179.29 W, 26, 120 MHz, 3996 MHz, 0 %, 0 %
2026/03/23 23:01:26.924, 5, 180.58 W, 28, 120 MHz, 3996 MHz, 0 %, 0 %
2026/03/23 23:01:26.924, 6, 178.38 W, 27, 120 MHz, 3996 MHz, 0 %, 0 %
2026/03/23 23:01:26.924, 7, 176.58 W, 28, 120 MHz, 3996 MHz, 0 %, 0 %
2026/03/23 23:01:27.924, 0, 559.36 W, 37, 2032 MHz, 3996 MHz, 100 %, 44 %
2026/03/23 23:01:27.924, 1, 575.63 W, 40, 2032 MHz, 3996 MHz, 100 %, 45 %
2026/03/23 23:01:27.924, 2, 575.26 W, 37, 2032 MHz, 3996 MHz, 100 %, 45 %
2026/03/23 23:01:27.924, 3, 576.30 W, 41, 2032 MHz, 3996 MHz, 100 %, 46 %
2026/03/23 23:01:27.924, 4, 179.18 W, 26, 120 MHz, 3996 MHz, 0 %, 0 %
2026/03/23 23:01:27.924, 5, 180.58 W, 28, 120 MHz, 3996 MHz, 0 %, 0 %
2026/03/23 23:01:27.924, 6, 178.37 W, 27, 120 MHz, 3996 MHz, 0 %, 0 %
2026/03/23 23:01:27.924, 7, 176.58 W, 28, 120 MHz, 3996 MHz, 0 %, 0 %
2026/03/23 23:01:28.924, 0, 566.01 W, 37, 2032 MHz, 3996 MHz, 99 %, 35 %
2026/03/23 23:01:28.924, 1, 576.38 W, 40, 2032 MHz, 3996 MHz, 100 %, 45 %
2026/03/23 23:01:28.924, 2, 578.88 W, 37, 2032 MHz, 3996 MHz, 100 %, 39 %
2026/03/23 23:01:28.924, 3, 577.57 W, 40, 2032 MHz, 3996 MHz, 100 %, 45 %
2026/03/23 23:01:28.924, 4, 179.18 W, 26, 120 MHz, 3996 MHz, 0 %, 0 %
2026/03/23 23:01:28.924, 5, 180.58 W, 28, 120 MHz, 3996 MHz, 0 %, 0 %
2026/03/23 23:01:28.924, 6, 178.45 W, 27, 120 MHz, 3996 MHz, 0 %, 0 %
2026/03/23 23:01:28.924, 7, 176.58 W, 28, 120 MHz, 3996 MHz, 0 %, 0 %
2026/03/23 23:01:29.924, 0, 564.92 W, 37, 2032 MHz, 3996 MHz, 100 %, 45 %
2026/03/23 23:01:29.924, 1, 576.72 W, 40, 2032 MHz, 3996 MHz, 100 %, 45 %
2026/03/23 23:01:29.924, 2, 578.72 W, 37, 2032 MHz, 3996 MHz, 100 %, 46 %
2026/03/23 23:01:29.924, 3, 577.51 W, 41, 2032 MHz, 3996 MHz, 100 %, 46 %
2026/03/23 23:01:29.924, 4, 179.15 W, 26, 120 MHz, 3996 MHz, 0 %, 0 %
2026/03/23 23:01:29.924, 5, 180.58 W, 28, 120 MHz, 3996 MHz, 0 %, 0 %
2026/03/23 23:01:29.924, 6, 178.37 W, 27, 120 MHz, 3996 MHz, 0 %, 0 %
2026/03/23 23:01:29.924, 7, 176.58 W, 28, 120 MHz, 3996 MHz, 0 %, 0 %
2026/03/23 23:01:30.924, 0, 564.78 W, 37, 2032 MHz, 3996 MHz, 100 %, 44 %
2026/03/23 23:01:30.924, 1, 574.78 W, 40, 2032 MHz, 3996 MHz, 100 %, 46 %
2026/03/23 23:01:30.924, 2, 581.18 W, 37, 2032 MHz, 3996 MHz, 100 %, 45 %
2026/03/23 23:01:30.924, 3, 576.45 W, 41, 2032 MHz, 3996 MHz, 100 %, 45 %
2026/03/23 23:01:30.924, 4, 179.21 W, 26, 120 MHz, 3996 MHz, 0 %, 0 %
2026/03/23 23:01:30.924, 5, 180.58 W, 28, 120 MHz, 3996 MHz, 0 %, 0 %
2026/03/23 23:01:30.924, 6, 178.52 W, 27, 120 MHz, 3996 MHz, 0 %, 0 %
2026/03/23 23:01:30.924, 7, 176.58 W, 28, 120 MHz, 3996 MHz, 0 %, 0 %
2026/03/23 23:01:31.924, 0, 589.11 W, 37, 2032 MHz, 3996 MHz, 100 %, 44 %
2026/03/23 23:01:31.924, 1, 602.30 W, 40, 2032 MHz, 3996 MHz, 100 %, 45 %
2026/03/23 23:01:31.924, 2, 600.78 W, 37, 2032 MHz, 3996 MHz, 100 %, 46 %
2026/03/23 23:01:31.924, 3, 599.20 W, 41, 2032 MHz, 3996 MHz, 100 %, 44 %
2026/03/23 23:01:31.924, 4, 179.29 W, 26, 120 MHz, 3996 MHz, 0 %, 0 %
2026/03/23 23:01:31.924, 5, 180.58 W, 28, 120 MHz, 3996 MHz, 0 %, 0 %
2026/03/23 23:01:31.924, 6, 178.60 W, 27, 120 MHz, 3996 MHz, 0 %, 0 %
2026/03/23 23:01:31.924, 7, 176.58 W, 28, 120 MHz, 3996 MHz, 0 %, 0 %
2026/03/23 23:01:32.924, 0, 590.24 W, 37, 2032 MHz, 3996 MHz, 100 %, 44 %
2026/03/23 23:01:32.924, 1, 602.25 W, 40, 2032 MHz, 3996 MHz, 100 %, 45 %
2026/03/23 23:01:32.924, 2, 602.70 W, 38, 2032 MHz, 3996 MHz, 100 %, 45 %
2026/03/23 23:01:32.924, 3, 597.93 W, 41, 2032 MHz, 3996 MHz, 100 %, 45 %
2026/03/23 23:01:32.924, 4, 179.15 W, 26, 120 MHz, 3996 MHz, 0 %, 0 %
2026/03/23 23:01:32.924, 5, 180.58 W, 28, 120 MHz, 3996 MHz, 0 %, 0 %
2026/03/23 23:01:32.924, 6, 178.49 W, 27, 120 MHz, 3996 MHz, 0 %, 0 %
2026/03/23 23:01:32.924, 7, 176.58 W, 28, 120 MHz, 3996 MHz, 0 %, 0 %
2026/03/23 23:01:33.925, 0, 590.76 W, 38, 2032 MHz, 3996 MHz, 100 %, 44 %
2026/03/23 23:01:33.925, 1, 604.50 W, 40, 2032 MHz, 3996 MHz, 100 %, 45 %
2026/03/23 23:01:33.925, 2, 603.75 W, 38, 2032 MHz, 3996 MHz, 100 %, 45 %
2026/03/23 23:01:33.925, 3, 600.08 W, 41, 2032 MHz, 3996 MHz, 100 %, 45 %
2026/03/23 23:01:33.925, 4, 179.43 W, 26, 120 MHz, 3996 MHz, 0 %, 0 %
2026/03/23 23:01:33.925, 5, 180.58 W, 28, 120 MHz, 3996 MHz, 0 %, 0 %
2026/03/23 23:01:33.925, 6, 178.34 W, 27, 120 MHz, 3996 MHz, 0 %, 0 %
2026/03/23 23:01:33.925, 7, 176.58 W, 28, 120 MHz, 3996 MHz, 0 %, 0 %
2026/03/23 23:01:34.925, 0, 590.49 W, 38, 2032 MHz, 3996 MHz, 100 %, 45 %
2026/03/23 23:01:34.925, 1, 603.54 W, 41, 2032 MHz, 3996 MHz, 100 %, 45 %
2026/03/23 23:01:34.925, 2, 603.36 W, 38, 2032 MHz, 3996 MHz, 100 %, 45 %
2026/03/23 23:01:34.925, 3, 601.44 W, 41, 2032 MHz, 3996 MHz, 100 %, 45 %
2026/03/23 23:01:34.925, 4, 179.20 W, 26, 120 MHz, 3996 MHz, 0 %, 0 %
2026/03/23 23:01:34.925, 5, 180.58 W, 28, 120 MHz, 3996 MHz, 0 %, 0 %
2026/03/23 23:01:34.925, 6, 178.45 W, 27, 120 MHz, 3996 MHz, 0 %, 0 %
2026/03/23 23:01:34.925, 7, 176.58 W, 28, 120 MHz, 3996 MHz, 0 %, 0 %
2026/03/23 23:01:35.925, 0, 543.63 W, 37, 2032 MHz, 3996 MHz, 100 %, 44 %
2026/03/23 23:01:35.925, 1, 553.47 W, 40, 2032 MHz, 3996 MHz, 100 %, 44 %
2026/03/23 23:01:35.925, 2, 553.76 W, 37, 2032 MHz, 3996 MHz, 100 %, 44 %
2026/03/23 23:01:35.925, 3, 551.46 W, 41, 2032 MHz, 3996 MHz, 100 %, 45 %
2026/03/23 23:01:35.925, 4, 179.43 W, 26, 120 MHz, 3996 MHz, 0 %, 0 %
2026/03/23 23:01:35.925, 5, 180.58 W, 28, 120 MHz, 3996 MHz, 0 %, 0 %
2026/03/23 23:01:35.925, 6, 178.49 W, 27, 120 MHz, 3996 MHz, 0 %, 0 %
2026/03/23 23:01:35.925, 7, 176.58 W, 28, 120 MHz, 3996 MHz, 0 %, 0 %
2026/03/23 23:01:36.925, 0, 557.69 W, 37, 2032 MHz, 3996 MHz, 100 %, 44 %
2026/03/23 23:01:36.925, 1, 570.99 W, 40, 2032 MHz, 3996 MHz, 90 %, 39 %
2026/03/23 23:01:36.925, 2, 570.56 W, 37, 2032 MHz, 3996 MHz, 100 %, 44 %
2026/03/23 23:01:36.925, 3, 573.54 W, 41, 2032 MHz, 3996 MHz, 100 %, 44 %
2026/03/23 23:01:36.925, 4, 179.33 W, 26, 120 MHz, 3996 MHz, 0 %, 0 %
2026/03/23 23:01:36.925, 5, 180.58 W, 28, 120 MHz, 3996 MHz, 0 %, 0 %
2026/03/23 23:01:36.925, 6, 178.37 W, 27, 120 MHz, 3996 MHz, 0 %, 0 %
2026/03/23 23:01:36.925, 7, 176.58 W, 28, 120 MHz, 3996 MHz, 0 %, 0 %
2026/03/23 23:01:37.925, 0, 548.49 W, 37, 2032 MHz, 3996 MHz, 100 %, 44 %
2026/03/23 23:01:37.925, 1, 550.84 W, 40, 2032 MHz, 3996 MHz, 100 %, 44 %
2026/03/23 23:01:37.925, 2, 552.87 W, 37, 2032 MHz, 3996 MHz, 100 %, 45 %
2026/03/23 23:01:37.925, 3, 554.77 W, 41, 2032 MHz, 3996 MHz, 100 %, 44 %
2026/03/23 23:01:37.925, 4, 179.24 W, 26, 120 MHz, 3996 MHz, 0 %, 0 %
2026/03/23 23:01:37.925, 5, 180.58 W, 28, 120 MHz, 3996 MHz, 0 %, 0 %
2026/03/23 23:01:37.925, 6, 178.41 W, 27, 120 MHz, 3996 MHz, 0 %, 0 %
2026/03/23 23:01:37.925, 7, 176.58 W, 28, 120 MHz, 3996 MHz, 0 %, 0 %
2026/03/23 23:01:38.925, 0, 559.38 W, 37, 2032 MHz, 3996 MHz, 100 %, 43 %
2026/03/23 23:01:38.925, 1, 572.78 W, 40, 2032 MHz, 3996 MHz, 100 %, 44 %
2026/03/23 23:01:38.925, 2, 573.30 W, 38, 2032 MHz, 3996 MHz, 100 %, 44 %
2026/03/23 23:01:38.925, 3, 573.66 W, 41, 2032 MHz, 3996 MHz, 100 %, 44 %
2026/03/23 23:01:38.925, 4, 179.18 W, 26, 120 MHz, 3996 MHz, 0 %, 0 %
2026/03/23 23:01:38.925, 5, 180.58 W, 28, 120 MHz, 3996 MHz, 0 %, 0 %
2026/03/23 23:01:38.925, 6, 178.38 W, 27, 120 MHz, 3996 MHz, 0 %, 0 %
2026/03/23 23:01:38.925, 7, 176.58 W, 28, 120 MHz, 3996 MHz, 0 %, 0 %
2026/03/23 23:01:39.925, 0, 557.18 W, 37, 2032 MHz, 3996 MHz, 100 %, 43 %
2026/03/23 23:01:39.925, 1, 572.83 W, 40, 2032 MHz, 3996 MHz, 100 %, 45 %
2026/03/23 23:01:39.925, 2, 570.64 W, 37, 2032 MHz, 3996 MHz, 100 %, 44 %
2026/03/23 23:01:39.925, 3, 570.85 W, 41, 2032 MHz, 3996 MHz, 100 %, 44 %
2026/03/23 23:01:39.925, 4, 179.16 W, 26, 120 MHz, 3996 MHz, 0 %, 0 %
2026/03/23 23:01:39.925, 5, 180.58 W, 28, 120 MHz, 3996 MHz, 0 %, 0 %
2026/03/23 23:01:39.925, 6, 178.49 W, 27, 120 MHz, 3996 MHz, 0 %, 0 %
2026/03/23 23:01:39.925, 7, 176.58 W, 28, 120 MHz, 3996 MHz, 0 %, 0 %
2026/03/23 23:01:40.926, 0, 558.37 W, 37, 2032 MHz, 3996 MHz, 36 %, 16 %
2026/03/23 23:01:40.926, 1, 575.40 W, 40, 2032 MHz, 3996 MHz, 100 %, 44 %
2026/03/23 23:01:40.926, 2, 573.46 W, 37, 2032 MHz, 3996 MHz, 99 %, 16 %
2026/03/23 23:01:40.926, 3, 573.61 W, 41, 2032 MHz, 3996 MHz, 100 %, 36 %
2026/03/23 23:01:40.926, 4, 179.29 W, 26, 120 MHz, 3996 MHz, 0 %, 0 %
2026/03/23 23:01:40.926, 5, 180.58 W, 28, 120 MHz, 3996 MHz, 0 %, 0 %
2026/03/23 23:01:40.926, 6, 178.41 W, 27, 120 MHz, 3996 MHz, 0 %, 0 %
2026/03/23 23:01:40.926, 7, 176.58 W, 28, 120 MHz, 3996 MHz, 0 %, 0 %
2026/03/23 23:01:41.926, 0, 585.65 W, 38, 2032 MHz, 3996 MHz, 100 %, 44 %
2026/03/23 23:01:41.926, 1, 600.23 W, 41, 2032 MHz, 3996 MHz, 100 %, 45 %
2026/03/23 23:01:41.926, 2, 599.62 W, 38, 2032 MHz, 3996 MHz, 100 %, 45 %
2026/03/23 23:01:41.926, 3, 595.88 W, 41, 2032 MHz, 3996 MHz, 100 %, 45 %
2026/03/23 23:01:41.926, 4, 179.00 W, 26, 120 MHz, 3996 MHz, 0 %, 0 %
2026/03/23 23:01:41.926, 5, 180.58 W, 28, 120 MHz, 3996 MHz, 0 %, 0 %
2026/03/23 23:01:41.926, 6, 178.38 W, 27, 120 MHz, 3996 MHz, 0 %, 0 %
2026/03/23 23:01:41.926, 7, 176.59 W, 28, 120 MHz, 3996 MHz, 0 %, 0 %
2026/03/23 23:01:42.926, 0, 587.53 W, 38, 2032 MHz, 3996 MHz, 100 %, 44 %
2026/03/23 23:01:42.926, 1, 600.61 W, 41, 2032 MHz, 3996 MHz, 100 %, 45 %
2026/03/23 23:01:42.926, 2, 599.88 W, 38, 2032 MHz, 3996 MHz, 100 %, 44 %
2026/03/23 23:01:42.926, 3, 597.36 W, 41, 2032 MHz, 3996 MHz, 100 %, 45 %
2026/03/23 23:01:42.926, 4, 179.48 W, 26, 120 MHz, 3996 MHz, 0 %, 0 %
2026/03/23 23:01:42.926, 5, 180.62 W, 28, 120 MHz, 3996 MHz, 0 %, 0 %
2026/03/23 23:01:42.926, 6, 178.60 W, 27, 120 MHz, 3996 MHz, 0 %, 0 %
2026/03/23 23:01:42.926, 7, 176.58 W, 28, 120 MHz, 3996 MHz, 0 %, 0 %
2026/03/23 23:01:43.926, 0, 586.97 W, 38, 2032 MHz, 3996 MHz, 100 %, 44 %
2026/03/23 23:01:43.926, 1, 603.47 W, 41, 2032 MHz, 3996 MHz, 100 %, 45 %
2026/03/23 23:01:43.926, 2, 601.47 W, 38, 2032 MHz, 3996 MHz, 100 %, 45 %
2026/03/23 23:01:43.926, 3, 598.25 W, 41, 2032 MHz, 3996 MHz, 100 %, 45 %
2026/03/23 23:01:43.926, 4, 179.19 W, 26, 120 MHz, 3996 MHz, 0 %, 0 %
2026/03/23 23:01:43.926, 5, 180.58 W, 28, 120 MHz, 3996 MHz, 0 %, 0 %
2026/03/23 23:01:43.926, 6, 178.57 W, 27, 120 MHz, 3996 MHz, 0 %, 0 %
2026/03/23 23:01:43.926, 7, 176.58 W, 28, 120 MHz, 3996 MHz, 0 %, 0 %
2026/03/23 23:01:44.926, 0, 563.08 W, 37, 2032 MHz, 3996 MHz, 50 %, 24 %
2026/03/23 23:01:44.926, 1, 579.49 W, 40, 2032 MHz, 3996 MHz, 100 %, 44 %
2026/03/23 23:01:44.926, 2, 580.44 W, 38, 2032 MHz, 3996 MHz, 100 %, 27 %
2026/03/23 23:01:44.926, 3, 576.12 W, 41, 2032 MHz, 3996 MHz, 100 %, 44 %
2026/03/23 23:01:44.926, 4, 179.16 W, 26, 120 MHz, 3996 MHz, 0 %, 0 %
2026/03/23 23:01:44.926, 5, 180.58 W, 28, 120 MHz, 3996 MHz, 0 %, 0 %
2026/03/23 23:01:44.926, 6, 178.60 W, 27, 120 MHz, 3996 MHz, 0 %, 0 %
2026/03/23 23:01:44.926, 7, 176.58 W, 28, 120 MHz, 3996 MHz, 0 %, 0 %
2026/03/23 23:01:45.926, 0, 561.73 W, 38, 2032 MHz, 3996 MHz, 100 %, 44 %
2026/03/23 23:01:45.926, 1, 576.88 W, 41, 2032 MHz, 3996 MHz, 100 %, 44 %
2026/03/23 23:01:45.926, 2, 575.87 W, 38, 2032 MHz, 3996 MHz, 100 %, 45 %
2026/03/23 23:01:45.926, 3, 572.60 W, 41, 2032 MHz, 3996 MHz, 100 %, 44 %
2026/03/23 23:01:45.926, 4, 179.29 W, 26, 120 MHz, 3996 MHz, 0 %, 0 %
2026/03/23 23:01:45.926, 5, 180.58 W, 28, 120 MHz, 3996 MHz, 0 %, 0 %
2026/03/23 23:01:45.926, 6, 178.45 W, 27, 120 MHz, 3996 MHz, 0 %, 0 %
2026/03/23 23:01:45.926, 7, 176.58 W, 28, 120 MHz, 3996 MHz, 0 %, 0 %
2026/03/23 23:01:46.926, 0, 542.98 W, 37, 2032 MHz, 3996 MHz, 100 %, 43 %
2026/03/23 23:01:46.926, 1, 557.46 W, 40, 2032 MHz, 3996 MHz, 41 %, 17 %
2026/03/23 23:01:46.926, 2, 560.84 W, 37, 2032 MHz, 3996 MHz, 100 %, 44 %
2026/03/23 23:01:46.926, 3, 560.17 W, 41, 2032 MHz, 3996 MHz, 56 %, 19 %
2026/03/23 23:01:46.926, 4, 179.29 W, 26, 120 MHz, 3996 MHz, 0 %, 0 %
2026/03/23 23:01:46.927, 5, 180.58 W, 28, 120 MHz, 3996 MHz, 0 %, 0 %
2026/03/23 23:01:46.927, 6, 178.45 W, 27, 120 MHz, 3996 MHz, 0 %, 0 %
2026/03/23 23:01:46.927, 7, 176.58 W, 28, 120 MHz, 3996 MHz, 0 %, 0 %
2026/03/23 23:01:47.927, 0, 564.29 W, 38, 2032 MHz, 3996 MHz, 100 %, 44 %
2026/03/23 23:01:47.927, 1, 567.13 W, 41, 2032 MHz, 3996 MHz, 100 %, 44 %
2026/03/23 23:01:47.927, 2, 565.01 W, 38, 2032 MHz, 3996 MHz, 100 %, 45 %
2026/03/23 23:01:47.927, 3, 562.32 W, 41, 2032 MHz, 3996 MHz, 100 %, 43 %
2026/03/23 23:01:47.927, 4, 179.24 W, 26, 120 MHz, 3996 MHz, 0 %, 0 %
2026/03/23 23:01:47.927, 5, 180.58 W, 28, 120 MHz, 3996 MHz, 0 %, 0 %
2026/03/23 23:01:47.927, 6, 178.33 W, 27, 120 MHz, 3996 MHz, 0 %, 0 %
2026/03/23 23:01:47.927, 7, 176.59 W, 28, 120 MHz, 3996 MHz, 0 %, 0 %
2026/03/23 23:01:48.927, 0, 588.76 W, 38, 2032 MHz, 3996 MHz, 100 %, 44 %
2026/03/23 23:01:48.927, 1, 597.07 W, 41, 2032 MHz, 3996 MHz, 100 %, 45 %
2026/03/23 23:01:48.927, 2, 598.47 W, 38, 2032 MHz, 3996 MHz, 100 %, 45 %
2026/03/23 23:01:48.927, 3, 594.47 W, 41, 2032 MHz, 3996 MHz, 100 %, 44 %
2026/03/23 23:01:48.927, 4, 179.46 W, 26, 120 MHz, 3996 MHz, 0 %, 0 %
2026/03/23 23:01:48.927, 5, 180.59 W, 28, 120 MHz, 3996 MHz, 0 %, 0 %
2026/03/23 23:01:48.927, 6, 178.45 W, 27, 120 MHz, 3996 MHz, 0 %, 0 %
2026/03/23 23:01:48.927, 7, 176.59 W, 28, 120 MHz, 3996 MHz, 0 %, 0 %
2026/03/23 23:01:49.927, 0, 543.00 W, 37, 2032 MHz, 3996 MHz, 100 %, 17 %
2026/03/23 23:01:49.927, 1, 550.10 W, 40, 2032 MHz, 3996 MHz, 100 %, 44 %
2026/03/23 23:01:49.927, 2, 549.73 W, 38, 2032 MHz, 3996 MHz, 100 %, 20 %
2026/03/23 23:01:49.927, 3, 547.19 W, 41, 2032 MHz, 3996 MHz, 100 %, 45 %
2026/03/23 23:01:49.927, 4, 179.05 W, 26, 120 MHz, 3996 MHz, 0 %, 0 %
2026/03/23 23:01:49.927, 5, 180.58 W, 28, 120 MHz, 3996 MHz, 0 %, 0 %
2026/03/23 23:01:49.927, 6, 178.52 W, 27, 120 MHz, 3996 MHz, 0 %, 0 %
2026/03/23 23:01:49.927, 7, 176.58 W, 28, 120 MHz, 3996 MHz, 0 %, 0 %
2026/03/23 23:01:50.927, 0, 589.89 W, 38, 2032 MHz, 3996 MHz, 100 %, 45 %
2026/03/23 23:01:50.927, 1, 601.16 W, 41, 2032 MHz, 3996 MHz, 100 %, 45 %
2026/03/23 23:01:50.927, 2, 599.92 W, 38, 2032 MHz, 3996 MHz, 100 %, 45 %
2026/03/23 23:01:50.927, 3, 597.60 W, 42, 2032 MHz, 3996 MHz, 100 %, 45 %
2026/03/23 23:01:50.927, 4, 178.98 W, 26, 120 MHz, 3996 MHz, 0 %, 0 %
2026/03/23 23:01:50.927, 5, 180.58 W, 28, 120 MHz, 3996 MHz, 0 %, 0 %
2026/03/23 23:01:50.927, 6, 178.53 W, 27, 120 MHz, 3996 MHz, 0 %, 0 %
2026/03/23 23:01:50.927, 7, 176.58 W, 28, 120 MHz, 3996 MHz, 0 %, 0 %
2026/03/23 23:01:51.927, 0, 567.30 W, 38, 2032 MHz, 3996 MHz, 100 %, 44 %
2026/03/23 23:01:51.927, 1, 577.19 W, 41, 2032 MHz, 3996 MHz, 100 %, 44 %
2026/03/23 23:01:51.927, 2, 577.43 W, 38, 2032 MHz, 3996 MHz, 100 %, 45 %
2026/03/23 23:01:51.927, 3, 576.18 W, 41, 2032 MHz, 3996 MHz, 100 %, 44 %
2026/03/23 23:01:51.927, 4, 179.25 W, 26, 120 MHz, 3996 MHz, 0 %, 0 %
2026/03/23 23:01:51.927, 5, 180.58 W, 28, 120 MHz, 3996 MHz, 0 %, 0 %
2026/03/23 23:01:51.927, 6, 178.41 W, 27, 120 MHz, 3996 MHz, 0 %, 0 %
2026/03/23 23:01:51.927, 7, 176.58 W, 28, 120 MHz, 3996 MHz, 0 %, 0 %
2026/03/23 23:01:52.927, 0, 586.00 W, 38, 2032 MHz, 3996 MHz, 100 %, 43 %
2026/03/23 23:01:52.927, 1, 597.28 W, 41, 2032 MHz, 3996 MHz, 100 %, 44 %
2026/03/23 23:01:52.927, 2, 600.90 W, 38, 2032 MHz, 3996 MHz, 100 %, 46 %
2026/03/23 23:01:52.927, 3, 594.75 W, 42, 2032 MHz, 3996 MHz, 100 %, 44 %
2026/03/23 23:01:52.927, 4, 179.29 W, 26, 120 MHz, 3996 MHz, 0 %, 0 %
2026/03/23 23:01:52.927, 5, 180.62 W, 28, 120 MHz, 3996 MHz, 0 %, 0 %
2026/03/23 23:01:52.927, 6, 178.49 W, 27, 120 MHz, 3996 MHz, 0 %, 0 %
2026/03/23 23:01:52.927, 7, 176.58 W, 28, 120 MHz, 3996 MHz, 0 %, 0 %
2026/03/23 23:01:53.927, 0, 582.94 W, 38, 2032 MHz, 3996 MHz, 100 %, 43 %
2026/03/23 23:01:53.928, 1, 596.24 W, 41, 2032 MHz, 3996 MHz, 100 %, 44 %
2026/03/23 23:01:53.928, 2, 603.15 W, 38, 2032 MHz, 3996 MHz, 100 %, 45 %
2026/03/23 23:01:53.928, 3, 595.11 W, 42, 2032 MHz, 3996 MHz, 100 %, 45 %
2026/03/23 23:01:53.928, 4, 179.34 W, 26, 120 MHz, 3996 MHz, 0 %, 0 %
2026/03/23 23:01:53.928, 5, 180.58 W, 28, 120 MHz, 3996 MHz, 0 %, 0 %
2026/03/23 23:01:53.928, 6, 178.34 W, 27, 120 MHz, 3996 MHz, 0 %, 0 %
2026/03/23 23:01:53.928, 7, 176.58 W, 28, 120 MHz, 3996 MHz, 0 %, 0 %
2026/03/23 23:01:54.928, 0, 584.85 W, 38, 2032 MHz, 3996 MHz, 100 %, 43 %
2026/03/23 23:01:54.928, 1, 597.97 W, 41, 2032 MHz, 3996 MHz, 100 %, 44 %
2026/03/23 23:01:54.928, 2, 603.63 W, 38, 2032 MHz, 3996 MHz, 100 %, 45 %
2026/03/23 23:01:54.928, 3, 596.16 W, 42, 2032 MHz, 3996 MHz, 100 %, 44 %
2026/03/23 23:01:54.928, 4, 179.33 W, 26, 120 MHz, 3996 MHz, 0 %, 0 %
2026/03/23 23:01:54.928, 5, 180.58 W, 28, 120 MHz, 3996 MHz, 0 %, 0 %
2026/03/23 23:01:54.928, 6, 178.41 W, 27, 120 MHz, 3996 MHz, 0 %, 0 %
2026/03/23 23:01:54.928, 7, 176.58 W, 28, 120 MHz, 3996 MHz, 0 %, 0 %
2026/03/23 23:01:55.928, 0, 547.03 W, 37, 2032 MHz, 3996 MHz, 55 %, 26 %
2026/03/23 23:01:55.928, 1, 541.73 W, 40, 2032 MHz, 3996 MHz, 99 %, 16 %
2026/03/23 23:01:55.928, 2, 548.17 W, 37, 2032 MHz, 3996 MHz, 92 %, 23 %
2026/03/23 23:01:55.928, 3, 548.62 W, 41, 2032 MHz, 3996 MHz, 99 %, 17 %
2026/03/23 23:01:55.928, 4, 179.20 W, 26, 120 MHz, 3996 MHz, 0 %, 0 %
2026/03/23 23:01:55.928, 5, 180.58 W, 28, 120 MHz, 3996 MHz, 0 %, 0 %
2026/03/23 23:01:55.928, 6, 178.57 W, 27, 120 MHz, 3996 MHz, 0 %, 0 %
2026/03/23 23:01:55.928, 7, 176.58 W, 28, 120 MHz, 3996 MHz, 0 %, 0 %
2026/03/23 23:01:56.928, 0, 562.80 W, 38, 2032 MHz, 3996 MHz, 100 %, 44 %
2026/03/23 23:01:56.928, 1, 589.60 W, 41, 2032 MHz, 3996 MHz, 100 %, 45 %
2026/03/23 23:01:56.928, 2, 586.75 W, 38, 2032 MHz, 3996 MHz, 100 %, 45 %
2026/03/23 23:01:56.928, 3, 581.43 W, 42, 2032 MHz, 3996 MHz, 100 %, 45 %
2026/03/23 23:01:56.928, 4, 179.13 W, 26, 120 MHz, 3996 MHz, 0 %, 0 %
2026/03/23 23:01:56.928, 5, 180.62 W, 28, 120 MHz, 3996 MHz, 0 %, 0 %
2026/03/23 23:01:56.928, 6, 178.49 W, 27, 120 MHz, 3996 MHz, 0 %, 0 %
2026/03/23 23:01:56.928, 7, 176.58 W, 28, 120 MHz, 3996 MHz, 0 %, 0 %
2026/03/23 23:01:57.928, 0, 535.21 W, 38, 2032 MHz, 3996 MHz, 100 %, 42 %
2026/03/23 23:01:57.928, 1, 552.53 W, 41, 2032 MHz, 3996 MHz, 100 %, 44 %
2026/03/23 23:01:57.928, 2, 553.92 W, 38, 2032 MHz, 3996 MHz, 100 %, 45 %
2026/03/23 23:01:57.928, 3, 550.77 W, 42, 2032 MHz, 3996 MHz, 100 %, 44 %
2026/03/23 23:01:57.928, 4, 179.08 W, 26, 120 MHz, 3996 MHz, 0 %, 0 %
2026/03/23 23:01:57.928, 5, 180.58 W, 28, 120 MHz, 3996 MHz, 0 %, 0 %
2026/03/23 23:01:57.928, 6, 178.49 W, 27, 120 MHz, 3996 MHz, 0 %, 0 %
2026/03/23 23:01:57.928, 7, 176.58 W, 28, 120 MHz, 3996 MHz, 0 %, 0 %
2026/03/23 23:01:58.928, 0, 571.63 W, 38, 2032 MHz, 3996 MHz, 100 %, 43 %
2026/03/23 23:01:58.928, 1, 583.96 W, 40, 2032 MHz, 3996 MHz, 67 %, 19 %
2026/03/23 23:01:58.928, 2, 585.34 W, 37, 2032 MHz, 3996 MHz, 100 %, 45 %
2026/03/23 23:01:58.928, 3, 582.02 W, 41, 2032 MHz, 3996 MHz, 81 %, 28 %
2026/03/23 23:01:58.928, 4, 178.97 W, 26, 120 MHz, 3996 MHz, 0 %, 0 %
2026/03/23 23:01:58.928, 5, 180.58 W, 28, 120 MHz, 3996 MHz, 0 %, 0 %
2026/03/23 23:01:58.928, 6, 178.45 W, 27, 120 MHz, 3996 MHz, 0 %, 0 %
2026/03/23 23:01:58.928, 7, 176.58 W, 28, 120 MHz, 3996 MHz, 0 %, 0 %
2026/03/23 23:01:59.928, 0, 556.05 W, 38, 2032 MHz, 3996 MHz, 100 %, 42 %
2026/03/23 23:01:59.928, 1, 589.29 W, 41, 2032 MHz, 3996 MHz, 100 %, 44 %
2026/03/23 23:01:59.928, 2, 583.92 W, 38, 2032 MHz, 3996 MHz, 100 %, 45 %
2026/03/23 23:01:59.928, 3, 575.42 W, 42, 2032 MHz, 3996 MHz, 100 %, 44 %
2026/03/23 23:01:59.928, 4, 179.40 W, 26, 120 MHz, 3996 MHz, 0 %, 0 %
2026/03/23 23:01:59.928, 5, 180.62 W, 28, 120 MHz, 3996 MHz, 0 %, 0 %
2026/03/23 23:01:59.928, 6, 178.33 W, 27, 120 MHz, 3996 MHz, 0 %, 0 %
2026/03/23 23:01:59.929, 7, 176.58 W, 28, 120 MHz, 3996 MHz, 0 %, 0 %
2026/03/23 23:02:00.929, 0, 556.42 W, 38, 2032 MHz, 3996 MHz, 100 %, 42 %
2026/03/23 23:02:00.929, 1, 574.30 W, 41, 2032 MHz, 3996 MHz, 100 %, 44 %
2026/03/23 23:02:00.929, 2, 574.87 W, 38, 2032 MHz, 3996 MHz, 100 %, 44 %
2026/03/23 23:02:00.929, 3, 569.41 W, 42, 2032 MHz, 3996 MHz, 100 %, 43 %
2026/03/23 23:02:00.929, 4, 179.15 W, 26, 120 MHz, 3996 MHz, 0 %, 0 %
2026/03/23 23:02:00.929, 5, 180.58 W, 28, 120 MHz, 3996 MHz, 0 %, 0 %
2026/03/23 23:02:00.929, 6, 178.41 W, 27, 120 MHz, 3996 MHz, 0 %, 0 %
2026/03/23 23:02:00.929, 7, 176.58 W, 28, 120 MHz, 3996 MHz, 0 %, 0 %
2026/03/23 23:02:01.929, 0, 556.50 W, 38, 2032 MHz, 3996 MHz, 100 %, 43 %
2026/03/23 23:02:01.929, 1, 574.06 W, 41, 2032 MHz, 3996 MHz, 100 %, 45 %
2026/03/23 23:02:01.929, 2, 573.41 W, 38, 2032 MHz, 3996 MHz, 100 %, 44 %
2026/03/23 23:02:01.929, 3, 569.26 W, 42, 2032 MHz, 3996 MHz, 100 %, 44 %
2026/03/23 23:02:01.929, 4, 179.13 W, 26, 120 MHz, 3996 MHz, 0 %, 0 %
2026/03/23 23:02:01.929, 5, 180.58 W, 28, 120 MHz, 3996 MHz, 0 %, 0 %
2026/03/23 23:02:01.929, 6, 178.38 W, 27, 120 MHz, 3996 MHz, 0 %, 0 %
2026/03/23 23:02:01.929, 7, 176.58 W, 28, 120 MHz, 3996 MHz, 0 %, 0 %
2026/03/23 23:02:02.929, 0, 578.90 W, 38, 2032 MHz, 3996 MHz, 100 %, 42 %
2026/03/23 23:02:02.929, 1, 597.39 W, 41, 2032 MHz, 3996 MHz, 100 %, 44 %
2026/03/23 23:02:02.929, 2, 595.77 W, 38, 2032 MHz, 3996 MHz, 100 %, 44 %
2026/03/23 23:02:02.929, 3, 593.64 W, 42, 2032 MHz, 3996 MHz, 100 %, 44 %
2026/03/23 23:02:02.929, 4, 179.16 W, 26, 120 MHz, 3996 MHz, 0 %, 0 %
2026/03/23 23:02:02.929, 5, 180.58 W, 28, 120 MHz, 3996 MHz, 0 %, 0 %
2026/03/23 23:02:02.929, 6, 178.45 W, 27, 120 MHz, 3996 MHz, 0 %, 0 %
2026/03/23 23:02:02.929, 7, 176.58 W, 28, 120 MHz, 3996 MHz, 0 %, 0 %
2026/03/23 23:02:03.929, 0, 578.73 W, 38, 2032 MHz, 3996 MHz, 100 %, 43 %
2026/03/23 23:02:03.929, 1, 598.37 W, 41, 2032 MHz, 3996 MHz, 100 %, 45 %
2026/03/23 23:02:03.929, 2, 597.05 W, 38, 2032 MHz, 3996 MHz, 100 %, 44 %
2026/03/23 23:02:03.929, 3, 594.18 W, 42, 2032 MHz, 3996 MHz, 100 %, 44 %
2026/03/23 23:02:03.929, 4, 179.28 W, 26, 120 MHz, 3996 MHz, 0 %, 0 %
2026/03/23 23:02:03.929, 5, 180.62 W, 28, 120 MHz, 3996 MHz, 0 %, 0 %
2026/03/23 23:02:03.929, 6, 178.34 W, 27, 120 MHz, 3996 MHz, 0 %, 0 %
2026/03/23 23:02:03.929, 7, 176.58 W, 28, 120 MHz, 3996 MHz, 0 %, 0 %
2026/03/23 23:02:04.929, 0, 559.72 W, 38, 2032 MHz, 3996 MHz, 100 %, 43 %
2026/03/23 23:02:04.929, 1, 575.24 W, 41, 2032 MHz, 3996 MHz, 100 %, 44 %
2026/03/23 23:02:04.929, 2, 576.05 W, 38, 2032 MHz, 3996 MHz, 100 %, 45 %
2026/03/23 23:02:04.929, 3, 573.47 W, 42, 2032 MHz, 3996 MHz, 100 %, 44 %
2026/03/23 23:02:04.929, 4, 179.29 W, 26, 120 MHz, 3996 MHz, 0 %, 0 %
2026/03/23 23:02:04.929, 5, 180.58 W, 28, 120 MHz, 3996 MHz, 0 %, 0 %
2026/03/23 23:02:04.929, 6, 178.25 W, 27, 120 MHz, 3996 MHz, 0 %, 0 %
2026/03/23 23:02:04.929, 7, 176.58 W, 28, 120 MHz, 3996 MHz, 0 %, 0 %
2026/03/23 23:02:05.929, 0, 585.18 W, 38, 2032 MHz, 3996 MHz, 100 %, 44 %
2026/03/23 23:02:05.929, 1, 600.42 W, 41, 2032 MHz, 3996 MHz, 100 %, 45 %
2026/03/23 23:02:05.929, 2, 597.48 W, 38, 2032 MHz, 3996 MHz, 100 %, 44 %
2026/03/23 23:02:05.929, 3, 596.04 W, 42, 2032 MHz, 3996 MHz, 100 %, 44 %
2026/03/23 23:02:05.929, 4, 179.40 W, 26, 120 MHz, 3996 MHz, 0 %, 0 %
2026/03/23 23:02:05.929, 5, 180.58 W, 28, 120 MHz, 3996 MHz, 0 %, 0 %
2026/03/23 23:02:05.929, 6, 178.53 W, 27, 120 MHz, 3996 MHz, 0 %, 0 %
2026/03/23 23:02:05.929, 7, 176.58 W, 28, 120 MHz, 3996 MHz, 0 %, 0 %
2026/03/23 23:02:06.929, 0, 536.53 W, 37, 2032 MHz, 3996 MHz, 37 %, 19 %
2026/03/23 23:02:06.929, 1, 550.29 W, 41, 2032 MHz, 3996 MHz, 100 %, 44 %
2026/03/23 23:02:06.929, 2, 551.31 W, 38, 2032 MHz, 3996 MHz, 100 %, 23 %
2026/03/23 23:02:06.929, 3, 549.48 W, 42, 2032 MHz, 3996 MHz, 100 %, 44 %
2026/03/23 23:02:06.929, 4, 179.21 W, 26, 120 MHz, 3996 MHz, 0 %, 0 %
2026/03/23 23:02:06.929, 5, 180.62 W, 28, 120 MHz, 3996 MHz, 0 %, 0 %
2026/03/23 23:02:06.929, 6, 178.49 W, 27, 120 MHz, 3996 MHz, 0 %, 0 %
2026/03/23 23:02:06.929, 7, 176.58 W, 28, 120 MHz, 3996 MHz, 0 %, 0 %
2026/03/23 23:02:07.930, 0, 538.48 W, 38, 2032 MHz, 3996 MHz, 100 %, 44 %
2026/03/23 23:02:07.930, 1, 552.47 W, 41, 2032 MHz, 3996 MHz, 100 %, 44 %
2026/03/23 23:02:07.930, 2, 555.42 W, 38, 2032 MHz, 3996 MHz, 100 %, 45 %
2026/03/23 23:02:07.930, 3, 554.06 W, 42, 2032 MHz, 3996 MHz, 100 %, 45 %
2026/03/23 23:02:07.930, 4, 179.48 W, 26, 120 MHz, 3996 MHz, 0 %, 0 %
2026/03/23 23:02:07.930, 5, 180.58 W, 28, 120 MHz, 3996 MHz, 0 %, 0 %
2026/03/23 23:02:07.930, 6, 178.57 W, 27, 120 MHz, 3996 MHz, 0 %, 0 %
2026/03/23 23:02:07.930, 7, 176.58 W, 28, 120 MHz, 3996 MHz, 0 %, 0 %
2026/03/23 23:02:08.930, 0, 555.64 W, 38, 2032 MHz, 3996 MHz, 100 %, 43 %
2026/03/23 23:02:08.930, 1, 571.09 W, 41, 2032 MHz, 3996 MHz, 100 %, 44 %
2026/03/23 23:02:08.930, 2, 574.06 W, 38, 2032 MHz, 3996 MHz, 100 %, 45 %
2026/03/23 23:02:08.930, 3, 568.34 W, 42, 2032 MHz, 3996 MHz, 100 %, 45 %
2026/03/23 23:02:08.930, 4, 179.09 W, 26, 120 MHz, 3996 MHz, 0 %, 0 %
2026/03/23 23:02:08.930, 5, 180.58 W, 28, 120 MHz, 3996 MHz, 0 %, 0 %
2026/03/23 23:02:08.930, 6, 178.52 W, 27, 120 MHz, 3996 MHz, 0 %, 0 %
2026/03/23 23:02:08.930, 7, 176.58 W, 28, 120 MHz, 3996 MHz, 0 %, 0 %
2026/03/23 23:02:09.930, 0, 581.66 W, 38, 2032 MHz, 3996 MHz, 100 %, 44 %
2026/03/23 23:02:09.930, 1, 597.70 W, 41, 2032 MHz, 3996 MHz, 100 %, 44 %
2026/03/23 23:02:09.930, 2, 600.68 W, 38, 2032 MHz, 3996 MHz, 100 %, 45 %
2026/03/23 23:02:09.930, 3, 599.63 W, 42, 2032 MHz, 3996 MHz, 100 %, 45 %
2026/03/23 23:02:09.930, 4, 179.32 W, 26, 120 MHz, 3996 MHz, 0 %, 0 %
2026/03/23 23:02:09.930, 5, 180.58 W, 28, 120 MHz, 3996 MHz, 0 %, 0 %
2026/03/23 23:02:09.930, 6, 178.60 W, 27, 120 MHz, 3996 MHz, 0 %, 0 %
2026/03/23 23:02:09.930, 7, 176.58 W, 28, 120 MHz, 3996 MHz, 0 %, 0 %
2026/03/23 23:02:10.930, 0, 583.63 W, 38, 2032 MHz, 3996 MHz, 100 %, 43 %
2026/03/23 23:02:10.930, 1, 598.72 W, 41, 2032 MHz, 3996 MHz, 100 %, 45 %
2026/03/23 23:02:10.930, 2, 601.20 W, 38, 2032 MHz, 3996 MHz, 100 %, 45 %
2026/03/23 23:02:10.930, 3, 598.31 W, 42, 2032 MHz, 3996 MHz, 100 %, 45 %
2026/03/23 23:02:10.930, 4, 179.58 W, 26, 120 MHz, 3996 MHz, 0 %, 0 %
2026/03/23 23:02:10.930, 5, 180.58 W, 28, 120 MHz, 3996 MHz, 0 %, 0 %
2026/03/23 23:02:10.930, 6, 178.57 W, 27, 120 MHz, 3996 MHz, 0 %, 0 %
2026/03/23 23:02:10.930, 7, 176.58 W, 28, 120 MHz, 3996 MHz, 0 %, 0 %
2026/03/23 23:02:11.930, 0, 537.01 W, 38, 2032 MHz, 3996 MHz, 68 %, 31 %
2026/03/23 23:02:11.930, 1, 551.91 W, 41, 2032 MHz, 3996 MHz, 100 %, 44 %
2026/03/23 23:02:11.930, 2, 552.72 W, 38, 2032 MHz, 3996 MHz, 100 %, 34 %
2026/03/23 23:02:11.930, 3, 552.83 W, 42, 2032 MHz, 3996 MHz, 100 %, 45 %
2026/03/23 23:02:11.930, 4, 179.06 W, 26, 120 MHz, 3996 MHz, 0 %, 0 %
2026/03/23 23:02:11.930, 5, 180.58 W, 28, 120 MHz, 3996 MHz, 0 %, 0 %
2026/03/23 23:02:11.930, 6, 178.53 W, 27, 120 MHz, 3996 MHz, 0 %, 0 %
2026/03/23 23:02:11.930, 7, 176.58 W, 28, 120 MHz, 3996 MHz, 0 %, 0 %
2026/03/23 23:02:12.930, 0, 578.30 W, 38, 2032 MHz, 3996 MHz, 100 %, 43 %
2026/03/23 23:02:12.930, 1, 596.94 W, 41, 2032 MHz, 3996 MHz, 100 %, 44 %
2026/03/23 23:02:12.930, 2, 596.91 W, 38, 2032 MHz, 3996 MHz, 100 %, 44 %
2026/03/23 23:02:12.930, 3, 596.74 W, 42, 2032 MHz, 3996 MHz, 100 %, 45 %
2026/03/23 23:02:12.930, 4, 179.28 W, 26, 120 MHz, 3996 MHz, 0 %, 0 %
2026/03/23 23:02:12.930, 5, 180.58 W, 28, 120 MHz, 3996 MHz, 0 %, 0 %
2026/03/23 23:02:12.930, 6, 178.49 W, 27, 120 MHz, 3996 MHz, 0 %, 0 %
2026/03/23 23:02:12.930, 7, 176.59 W, 28, 120 MHz, 3996 MHz, 0 %, 0 %
2026/03/23 23:02:13.930, 0, 581.54 W, 38, 2032 MHz, 3996 MHz, 100 %, 43 %
2026/03/23 23:02:13.930, 1, 597.66 W, 41, 2032 MHz, 3996 MHz, 100 %, 44 %
2026/03/23 23:02:13.930, 2, 596.67 W, 38, 2032 MHz, 3996 MHz, 100 %, 44 %
2026/03/23 23:02:13.930, 3, 597.30 W, 42, 2032 MHz, 3996 MHz, 100 %, 44 %
2026/03/23 23:02:13.930, 4, 179.06 W, 26, 120 MHz, 3996 MHz, 0 %, 0 %
2026/03/23 23:02:13.930, 5, 180.58 W, 28, 120 MHz, 3996 MHz, 0 %, 0 %
2026/03/23 23:02:13.931, 6, 178.45 W, 27, 120 MHz, 3996 MHz, 0 %, 0 %
2026/03/23 23:02:13.931, 7, 176.58 W, 28, 120 MHz, 3996 MHz, 0 %, 0 %
2026/03/23 23:02:14.931, 0, 581.55 W, 38, 2032 MHz, 3996 MHz, 100 %, 43 %
2026/03/23 23:02:14.931, 1, 594.81 W, 41, 2032 MHz, 3996 MHz, 100 %, 44 %
2026/03/23 23:02:14.931, 2, 596.76 W, 38, 2032 MHz, 3996 MHz, 100 %, 45 %
2026/03/23 23:02:14.931, 3, 597.17 W, 42, 2032 MHz, 3996 MHz, 100 %, 44 %
2026/03/23 23:02:14.931, 4, 179.25 W, 26, 120 MHz, 3996 MHz, 0 %, 0 %
2026/03/23 23:02:14.931, 5, 180.58 W, 28, 120 MHz, 3996 MHz, 0 %, 0 %
2026/03/23 23:02:14.931, 6, 178.57 W, 27, 120 MHz, 3996 MHz, 0 %, 0 %
2026/03/23 23:02:14.931, 7, 176.58 W, 28, 120 MHz, 3996 MHz, 0 %, 0 %
2026/03/23 23:02:15.931, 0, 537.92 W, 37, 2032 MHz, 3996 MHz, 42 %, 21 %
2026/03/23 23:02:15.931, 1, 548.04 W, 41, 2032 MHz, 3996 MHz, 100 %, 34 %
2026/03/23 23:02:15.931, 2, 548.93 W, 38, 2032 MHz, 3996 MHz, 93 %, 24 %
2026/03/23 23:02:15.931, 3, 550.33 W, 42, 2032 MHz, 3996 MHz, 100 %, 25 %
2026/03/23 23:02:15.931, 4, 179.21 W, 26, 120 MHz, 3996 MHz, 0 %, 0 %
2026/03/23 23:02:15.931, 5, 180.58 W, 28, 120 MHz, 3996 MHz, 0 %, 0 %
2026/03/23 23:02:15.931, 6, 178.45 W, 27, 120 MHz, 3996 MHz, 0 %, 0 %
2026/03/23 23:02:15.931, 7, 176.58 W, 28, 120 MHz, 3996 MHz, 0 %, 0 %
2026/03/23 23:02:16.931, 0, 560.16 W, 38, 2032 MHz, 3996 MHz, 100 %, 43 %
2026/03/23 23:02:16.931, 1, 572.77 W, 41, 2032 MHz, 3996 MHz, 100 %, 44 %
2026/03/23 23:02:16.931, 2, 573.98 W, 38, 2032 MHz, 3996 MHz, 100 %, 44 %
2026/03/23 23:02:16.931, 3, 575.10 W, 42, 2032 MHz, 3996 MHz, 100 %, 45 %
2026/03/23 23:02:16.931, 4, 179.44 W, 26, 120 MHz, 3996 MHz, 0 %, 0 %
2026/03/23 23:02:16.931, 5, 180.58 W, 28, 120 MHz, 3996 MHz, 0 %, 0 %
2026/03/23 23:02:16.931, 6, 178.49 W, 27, 120 MHz, 3996 MHz, 0 %, 0 %
2026/03/23 23:02:16.931, 7, 176.58 W, 28, 120 MHz, 3996 MHz, 0 %, 0 %
2026/03/23 23:02:17.931, 0, 535.11 W, 37, 2032 MHz, 3996 MHz, 100 %, 43 %
2026/03/23 23:02:17.931, 1, 550.42 W, 41, 2032 MHz, 3996 MHz, 100 %, 45 %
2026/03/23 23:02:17.931, 2, 552.06 W, 38, 2032 MHz, 3996 MHz, 100 %, 21 %
2026/03/23 23:02:17.931, 3, 549.95 W, 42, 2032 MHz, 3996 MHz, 100 %, 44 %
2026/03/23 23:02:17.931, 4, 179.17 W, 26, 120 MHz, 3996 MHz, 0 %, 0 %
2026/03/23 23:02:17.931, 5, 180.62 W, 28, 120 MHz, 3996 MHz, 0 %, 0 %
2026/03/23 23:02:17.931, 6, 178.57 W, 27, 120 MHz, 3996 MHz, 0 %, 0 %
2026/03/23 23:02:17.931, 7, 176.58 W, 28, 120 MHz, 3996 MHz, 0 %, 0 %
2026/03/23 23:02:18.931, 0, 579.28 W, 38, 2032 MHz, 3996 MHz, 93 %, 40 %
2026/03/23 23:02:18.931, 1, 589.32 W, 41, 2032 MHz, 3996 MHz, 70 %, 28 %
2026/03/23 23:02:18.931, 2, 593.87 W, 38, 2032 MHz, 3996 MHz, 100 %, 45 %
2026/03/23 23:02:18.931, 3, 589.49 W, 42, 2032 MHz, 3996 MHz, 86 %, 37 %
2026/03/23 23:02:18.931, 4, 179.32 W, 26, 120 MHz, 3996 MHz, 0 %, 0 %
2026/03/23 23:02:18.931, 5, 180.58 W, 28, 120 MHz, 3996 MHz, 0 %, 0 %
2026/03/23 23:02:18.931, 6, 178.52 W, 27, 120 MHz, 3996 MHz, 0 %, 0 %
2026/03/23 23:02:18.931, 7, 176.58 W, 28, 120 MHz, 3996 MHz, 0 %, 0 %
2026/03/23 23:02:19.931, 0, 562.78 W, 38, 2032 MHz, 3996 MHz, 100 %, 44 %
2026/03/23 23:02:19.931, 1, 588.11 W, 41, 2032 MHz, 3996 MHz, 100 %, 45 %
2026/03/23 23:02:19.931, 2, 587.59 W, 38, 2032 MHz, 3996 MHz, 100 %, 45 %
2026/03/23 23:02:19.931, 3, 582.31 W, 42, 2032 MHz, 3996 MHz, 100 %, 45 %
2026/03/23 23:02:19.931, 4, 179.05 W, 26, 120 MHz, 3996 MHz, 0 %, 0 %
2026/03/23 23:02:19.931, 5, 180.58 W, 28, 120 MHz, 3996 MHz, 0 %, 0 %
2026/03/23 23:02:19.931, 6, 178.57 W, 27, 120 MHz, 3996 MHz, 0 %, 0 %
2026/03/23 23:02:19.931, 7, 176.58 W, 28, 120 MHz, 3996 MHz, 0 %, 0 %
2026/03/23 23:02:20.931, 0, 561.04 W, 38, 2032 MHz, 3996 MHz, 100 %, 44 %
2026/03/23 23:02:20.931, 1, 579.98 W, 41, 2032 MHz, 3996 MHz, 100 %, 45 %
2026/03/23 23:02:20.931, 2, 581.89 W, 38, 2032 MHz, 3996 MHz, 100 %, 46 %
2026/03/23 23:02:20.931, 3, 575.21 W, 42, 2032 MHz, 3996 MHz, 100 %, 45 %
2026/03/23 23:02:20.932, 4, 178.98 W, 26, 120 MHz, 3996 MHz, 0 %, 0 %
2026/03/23 23:02:20.932, 5, 180.62 W, 28, 120 MHz, 3996 MHz, 0 %, 0 %
2026/03/23 23:02:20.932, 6, 178.45 W, 27, 120 MHz, 3996 MHz, 0 %, 0 %
2026/03/23 23:02:20.932, 7, 176.58 W, 28, 120 MHz, 3996 MHz, 0 %, 0 %
2026/03/23 23:02:21.932, 0, 559.09 W, 38, 2032 MHz, 3996 MHz, 100 %, 43 %
2026/03/23 23:02:21.932, 1, 580.40 W, 42, 2032 MHz, 3996 MHz, 100 %, 45 %
2026/03/23 23:02:21.932, 2, 581.39 W, 38, 2032 MHz, 3996 MHz, 100 %, 45 %
2026/03/23 23:02:21.932, 3, 575.42 W, 42, 2032 MHz, 3996 MHz, 100 %, 44 %
2026/03/23 23:02:21.932, 4, 179.17 W, 26, 120 MHz, 3996 MHz, 0 %, 0 %
2026/03/23 23:02:21.932, 5, 180.58 W, 28, 120 MHz, 3996 MHz, 0 %, 0 %
2026/03/23 23:02:21.932, 6, 178.45 W, 27, 120 MHz, 3996 MHz, 0 %, 0 %
2026/03/23 23:02:21.932, 7, 176.58 W, 28, 120 MHz, 3996 MHz, 0 %, 0 %
2026/03/23 23:02:22.932, 0, 583.49 W, 38, 2032 MHz, 3996 MHz, 100 %, 44 %
2026/03/23 23:02:22.932, 1, 606.56 W, 42, 2032 MHz, 3996 MHz, 100 %, 46 %
2026/03/23 23:02:22.932, 2, 603.10 W, 38, 2032 MHz, 3996 MHz, 100 %, 46 %
2026/03/23 23:02:22.932, 3, 595.54 W, 42, 2032 MHz, 3996 MHz, 100 %, 44 %
2026/03/23 23:02:22.932, 4, 179.21 W, 26, 120 MHz, 3996 MHz, 0 %, 0 %
2026/03/23 23:02:22.932, 5, 180.62 W, 28, 120 MHz, 3996 MHz, 0 %, 0 %
2026/03/23 23:02:22.932, 6, 178.53 W, 27, 120 MHz, 3996 MHz, 0 %, 0 %
2026/03/23 23:02:22.932, 7, 176.58 W, 28, 120 MHz, 3996 MHz, 0 %, 0 %
2026/03/23 23:02:23.932, 0, 587.59 W, 38, 2032 MHz, 3996 MHz, 100 %, 43 %
2026/03/23 23:02:23.932, 1, 606.45 W, 42, 2032 MHz, 3996 MHz, 100 %, 46 %
2026/03/23 23:02:23.932, 2, 603.10 W, 38, 2032 MHz, 3996 MHz, 100 %, 45 %
2026/03/23 23:02:23.932, 3, 595.71 W, 42, 2032 MHz, 3996 MHz, 100 %, 44 %
2026/03/23 23:02:23.932, 4, 179.20 W, 26, 120 MHz, 3996 MHz, 0 %, 0 %
2026/03/23 23:02:23.932, 5, 180.58 W, 28, 120 MHz, 3996 MHz, 0 %, 0 %
2026/03/23 23:02:23.932, 6, 178.49 W, 27, 120 MHz, 3996 MHz, 0 %, 0 %
2026/03/23 23:02:23.932, 7, 176.58 W, 28, 120 MHz, 3996 MHz, 0 %, 0 %
2026/03/23 23:02:24.932, 0, 585.66 W, 38, 2032 MHz, 3996 MHz, 100 %, 44 %
2026/03/23 23:02:24.932, 1, 605.09 W, 42, 2032 MHz, 3996 MHz, 100 %, 45 %
2026/03/23 23:02:24.932, 2, 602.87 W, 38, 2032 MHz, 3996 MHz, 100 %, 45 %
2026/03/23 23:02:24.932, 3, 597.49 W, 42, 2032 MHz, 3996 MHz, 100 %, 45 %
2026/03/23 23:02:24.932, 4, 179.24 W, 26, 120 MHz, 3996 MHz, 0 %, 0 %
2026/03/23 23:02:24.932, 5, 180.62 W, 28, 120 MHz, 3996 MHz, 0 %, 0 %
2026/03/23 23:02:24.932, 6, 178.53 W, 27, 120 MHz, 3996 MHz, 0 %, 0 %
2026/03/23 23:02:24.932, 7, 176.58 W, 28, 120 MHz, 3996 MHz, 0 %, 0 %
2026/03/23 23:02:25.932, 0, 578.57 W, 38, 2032 MHz, 3996 MHz, 100 %, 43 %
2026/03/23 23:02:25.932, 1, 597.95 W, 42, 2032 MHz, 3996 MHz, 100 %, 43 %
2026/03/23 23:02:25.932, 2, 599.59 W, 38, 2032 MHz, 3996 MHz, 100 %, 45 %
2026/03/23 23:02:25.932, 3, 594.31 W, 42, 2032 MHz, 3996 MHz, 100 %, 44 %
2026/03/23 23:02:25.932, 4, 179.20 W, 26, 120 MHz, 3996 MHz, 0 %, 0 %
2026/03/23 23:02:25.932, 5, 180.58 W, 28, 120 MHz, 3996 MHz, 0 %, 0 %
2026/03/23 23:02:25.932, 6, 178.38 W, 27, 120 MHz, 3996 MHz, 0 %, 0 %
2026/03/23 23:02:25.932, 7, 176.58 W, 28, 120 MHz, 3996 MHz, 0 %, 0 %
2026/03/23 23:02:26.932, 0, 548.18 W, 37, 2032 MHz, 3996 MHz, 100 %, 33 %
2026/03/23 23:02:26.932, 1, 555.85 W, 41, 2032 MHz, 3996 MHz, 100 %, 34 %
2026/03/23 23:02:26.932, 2, 558.00 W, 38, 2032 MHz, 3996 MHz, 100 %, 34 %
2026/03/23 23:02:26.932, 3, 551.22 W, 41, 2032 MHz, 3996 MHz, 100 %, 33 %
2026/03/23 23:02:26.932, 4, 179.17 W, 26, 120 MHz, 3996 MHz, 0 %, 0 %
2026/03/23 23:02:26.932, 5, 180.58 W, 28, 120 MHz, 3996 MHz, 0 %, 0 %
2026/03/23 23:02:26.932, 6, 178.49 W, 27, 120 MHz, 3996 MHz, 0 %, 0 %
2026/03/23 23:02:26.932, 7, 176.58 W, 28, 120 MHz, 3996 MHz, 0 %, 0 %
2026/03/23 23:02:27.933, 0, 472.86 W, 37, 2032 MHz, 3996 MHz, 100 %, 25 %
2026/03/23 23:02:27.933, 1, 487.48 W, 40, 2032 MHz, 3996 MHz, 100 %, 26 %
2026/03/23 23:02:27.933, 2, 484.88 W, 37, 2032 MHz, 3996 MHz, 100 %, 26 %
2026/03/23 23:02:27.933, 3, 483.54 W, 41, 2032 MHz, 3996 MHz, 100 %, 26 %
2026/03/23 23:02:27.933, 4, 179.29 W, 26, 120 MHz, 3996 MHz, 0 %, 0 %
2026/03/23 23:02:27.933, 5, 180.58 W, 28, 120 MHz, 3996 MHz, 0 %, 0 %
2026/03/23 23:02:27.933, 6, 178.53 W, 27, 120 MHz, 3996 MHz, 0 %, 0 %
2026/03/23 23:02:27.933, 7, 176.58 W, 28, 120 MHz, 3996 MHz, 0 %, 0 %
2026/03/23 23:02:28.933, 0, 388.87 W, 35, 2032 MHz, 3996 MHz, 50 %, 10 %
2026/03/23 23:02:28.933, 1, 400.05 W, 39, 2032 MHz, 3996 MHz, 100 %, 21 %
2026/03/23 23:02:28.933, 2, 397.81 W, 36, 2032 MHz, 3996 MHz, 0 %, 0 %
2026/03/23 23:02:28.933, 3, 398.56 W, 39, 2032 MHz, 3996 MHz, 89 %, 14 %
2026/03/23 23:02:28.933, 4, 179.32 W, 26, 120 MHz, 3996 MHz, 0 %, 0 %
2026/03/23 23:02:28.933, 5, 180.62 W, 28, 120 MHz, 3996 MHz, 0 %, 0 %
2026/03/23 23:02:28.933, 6, 178.45 W, 27, 120 MHz, 3996 MHz, 0 %, 0 %
2026/03/23 23:02:28.933, 7, 176.58 W, 28, 120 MHz, 3996 MHz, 0 %, 0 %
