timestamp, index, power.draw [W], temperature.gpu, clocks.current.sm [MHz], clocks.current.memory [MHz], utilization.gpu [%], utilization.memory [%]
2026/03/24 02:23:34.581, 0, 178.40 W, 26, 120 MHz, 3996 MHz, 0 %, 0 %
2026/03/24 02:23:34.590, 1, 181.06 W, 28, 120 MHz, 3996 MHz, 0 %, 0 %
2026/03/24 02:23:34.598, 2, 182.04 W, 25, 120 MHz, 3996 MHz, 0 %, 0 %
2026/03/24 02:23:34.606, 3, 181.33 W, 28, 120 MHz, 3996 MHz, 0 %, 0 %
2026/03/24 02:23:34.614, 4, 178.92 W, 26, 120 MHz, 3996 MHz, 0 %, 0 %
2026/03/24 02:23:34.621, 5, 180.58 W, 28, 120 MHz, 3996 MHz, 0 %, 0 %
2026/03/24 02:23:34.629, 6, 178.34 W, 27, 120 MHz, 3996 MHz, 0 %, 0 %
2026/03/24 02:23:34.636, 7, 176.58 W, 28, 120 MHz, 3996 MHz, 0 %, 0 %
2026/03/24 02:23:35.644, 0, 178.52 W, 26, 120 MHz, 3996 MHz, 0 %, 0 %
2026/03/24 02:23:35.644, 1, 181.04 W, 28, 120 MHz, 3996 MHz, 0 %, 0 %
2026/03/24 02:23:35.644, 2, 182.04 W, 25, 120 MHz, 3996 MHz, 0 %, 0 %
2026/03/24 02:23:35.644, 3, 181.49 W, 28, 120 MHz, 3996 MHz, 0 %, 0 %
2026/03/24 02:23:35.644, 4, 178.85 W, 26, 120 MHz, 3996 MHz, 0 %, 0 %
2026/03/24 02:23:35.644, 5, 180.58 W, 28, 120 MHz, 3996 MHz, 0 %, 0 %
2026/03/24 02:23:35.644, 6, 178.41 W, 27, 120 MHz, 3996 MHz, 0 %, 0 %
2026/03/24 02:23:35.644, 7, 176.58 W, 28, 120 MHz, 3996 MHz, 0 %, 0 %
2026/03/24 02:23:36.644, 0, 178.58 W, 26, 120 MHz, 3996 MHz, 0 %, 0 %
2026/03/24 02:23:36.644, 1, 181.04 W, 28, 120 MHz, 3996 MHz, 0 %, 0 %
2026/03/24 02:23:36.644, 2, 182.04 W, 25, 120 MHz, 3996 MHz, 0 %, 0 %
2026/03/24 02:23:36.644, 3, 181.52 W, 28, 120 MHz, 3996 MHz, 0 %, 0 %
2026/03/24 02:23:36.644, 4, 178.96 W, 26, 120 MHz, 3996 MHz, 0 %, 0 %
2026/03/24 02:23:36.644, 5, 180.58 W, 28, 120 MHz, 3996 MHz, 0 %, 0 %
2026/03/24 02:23:36.644, 6, 178.41 W, 27, 120 MHz, 3996 MHz, 0 %, 0 %
2026/03/24 02:23:36.644, 7, 176.58 W, 28, 120 MHz, 3996 MHz, 0 %, 0 %
2026/03/24 02:23:37.644, 0, 178.25 W, 26, 120 MHz, 3996 MHz, 0 %, 0 %
2026/03/24 02:23:37.645, 1, 181.05 W, 28, 120 MHz, 3996 MHz, 0 %, 0 %
2026/03/24 02:23:37.645, 2, 182.04 W, 25, 120 MHz, 3996 MHz, 0 %, 0 %
2026/03/24 02:23:37.645, 3, 181.18 W, 28, 120 MHz, 3996 MHz, 0 %, 0 %
2026/03/24 02:23:37.645, 4, 178.90 W, 26, 120 MHz, 3996 MHz, 0 %, 0 %
2026/03/24 02:23:37.645, 5, 180.58 W, 28, 120 MHz, 3996 MHz, 0 %, 0 %
2026/03/24 02:23:37.645, 6, 178.34 W, 27, 120 MHz, 3996 MHz, 0 %, 0 %
2026/03/24 02:23:37.645, 7, 176.58 W, 28, 120 MHz, 3996 MHz, 0 %, 0 %
2026/03/24 02:23:38.645, 0, 178.39 W, 26, 120 MHz, 3996 MHz, 0 %, 0 %
2026/03/24 02:23:38.645, 1, 181.04 W, 28, 120 MHz, 3996 MHz, 0 %, 0 %
2026/03/24 02:23:38.645, 2, 182.04 W, 25, 120 MHz, 3996 MHz, 0 %, 0 %
2026/03/24 02:23:38.645, 3, 181.21 W, 28, 120 MHz, 3996 MHz, 0 %, 0 %
2026/03/24 02:23:38.645, 4, 178.94 W, 26, 120 MHz, 3996 MHz, 0 %, 0 %
2026/03/24 02:23:38.645, 5, 180.58 W, 28, 120 MHz, 3996 MHz, 0 %, 0 %
2026/03/24 02:23:38.645, 6, 178.33 W, 27, 120 MHz, 3996 MHz, 0 %, 0 %
2026/03/24 02:23:38.645, 7, 176.58 W, 28, 120 MHz, 3996 MHz, 0 %, 0 %
2026/03/24 02:23:39.645, 0, 178.66 W, 26, 120 MHz, 3996 MHz, 0 %, 0 %
2026/03/24 02:23:39.645, 1, 181.05 W, 28, 120 MHz, 3996 MHz, 0 %, 0 %
2026/03/24 02:23:39.645, 2, 182.04 W, 25, 120 MHz, 3996 MHz, 0 %, 0 %
2026/03/24 02:23:39.645, 3, 181.22 W, 28, 120 MHz, 3996 MHz, 0 %, 0 %
2026/03/24 02:23:39.645, 4, 178.94 W, 26, 120 MHz, 3996 MHz, 0 %, 0 %
2026/03/24 02:23:39.645, 5, 180.58 W, 28, 120 MHz, 3996 MHz, 0 %, 0 %
2026/03/24 02:23:39.645, 6, 178.37 W, 27, 120 MHz, 3996 MHz, 0 %, 0 %
2026/03/24 02:23:39.645, 7, 176.58 W, 28, 120 MHz, 3996 MHz, 0 %, 0 %
2026/03/24 02:23:40.645, 0, 178.40 W, 26, 120 MHz, 3996 MHz, 0 %, 0 %
2026/03/24 02:23:40.645, 1, 181.06 W, 28, 120 MHz, 3996 MHz, 0 %, 0 %
2026/03/24 02:23:40.645, 2, 182.04 W, 25, 120 MHz, 3996 MHz, 0 %, 0 %
2026/03/24 02:23:40.645, 3, 181.21 W, 28, 120 MHz, 3996 MHz, 0 %, 0 %
2026/03/24 02:23:40.645, 4, 179.17 W, 26, 120 MHz, 3996 MHz, 0 %, 0 %
2026/03/24 02:23:40.645, 5, 180.58 W, 28, 120 MHz, 3996 MHz, 0 %, 0 %
2026/03/24 02:23:40.645, 6, 178.57 W, 27, 120 MHz, 3996 MHz, 0 %, 0 %
2026/03/24 02:23:40.645, 7, 176.58 W, 28, 120 MHz, 3996 MHz, 0 %, 0 %
2026/03/24 02:23:41.645, 0, 178.48 W, 26, 120 MHz, 3996 MHz, 0 %, 0 %
2026/03/24 02:23:41.645, 1, 181.04 W, 28, 120 MHz, 3996 MHz, 0 %, 0 %
2026/03/24 02:23:41.645, 2, 182.04 W, 25, 120 MHz, 3996 MHz, 0 %, 0 %
2026/03/24 02:23:41.645, 3, 181.14 W, 28, 120 MHz, 3996 MHz, 0 %, 0 %
2026/03/24 02:23:41.645, 4, 179.02 W, 26, 120 MHz, 3996 MHz, 0 %, 0 %
2026/03/24 02:23:41.645, 5, 180.58 W, 28, 120 MHz, 3996 MHz, 0 %, 0 %
2026/03/24 02:23:41.645, 6, 178.49 W, 27, 120 MHz, 3996 MHz, 0 %, 0 %
2026/03/24 02:23:41.646, 7, 176.58 W, 28, 120 MHz, 3996 MHz, 0 %, 0 %
2026/03/24 02:23:42.646, 0, 178.70 W, 26, 120 MHz, 3996 MHz, 0 %, 0 %
2026/03/24 02:23:42.646, 1, 181.05 W, 28, 120 MHz, 3996 MHz, 0 %, 0 %
2026/03/24 02:23:42.646, 2, 182.04 W, 25, 120 MHz, 3996 MHz, 0 %, 0 %
2026/03/24 02:23:42.646, 3, 181.63 W, 28, 120 MHz, 3996 MHz, 0 %, 0 %
2026/03/24 02:23:42.646, 4, 178.83 W, 26, 120 MHz, 3996 MHz, 0 %, 0 %
2026/03/24 02:23:42.646, 5, 180.58 W, 28, 120 MHz, 3996 MHz, 0 %, 0 %
2026/03/24 02:23:42.646, 6, 178.34 W, 27, 120 MHz, 3996 MHz, 0 %, 0 %
2026/03/24 02:23:42.646, 7, 176.58 W, 28, 120 MHz, 3996 MHz, 0 %, 0 %
2026/03/24 02:23:43.646, 0, 178.55 W, 26, 120 MHz, 3996 MHz, 0 %, 0 %
2026/03/24 02:23:43.646, 1, 181.05 W, 28, 120 MHz, 3996 MHz, 0 %, 0 %
2026/03/24 02:23:43.646, 2, 182.04 W, 25, 120 MHz, 3996 MHz, 0 %, 0 %
2026/03/24 02:23:43.646, 3, 181.21 W, 28, 120 MHz, 3996 MHz, 0 %, 0 %
2026/03/24 02:23:43.646, 4, 179.10 W, 26, 120 MHz, 3996 MHz, 0 %, 0 %
2026/03/24 02:23:43.646, 5, 180.58 W, 28, 120 MHz, 3996 MHz, 0 %, 0 %
2026/03/24 02:23:43.646, 6, 178.60 W, 27, 120 MHz, 3996 MHz, 0 %, 0 %
2026/03/24 02:23:43.646, 7, 176.58 W, 28, 120 MHz, 3996 MHz, 0 %, 0 %
2026/03/24 02:23:44.646, 0, 178.40 W, 26, 120 MHz, 3996 MHz, 0 %, 0 %
2026/03/24 02:23:44.646, 1, 181.06 W, 28, 120 MHz, 3996 MHz, 0 %, 0 %
2026/03/24 02:23:44.646, 2, 182.04 W, 25, 120 MHz, 3996 MHz, 0 %, 0 %
2026/03/24 02:23:44.646, 3, 181.52 W, 28, 120 MHz, 3996 MHz, 0 %, 0 %
2026/03/24 02:23:44.646, 4, 178.93 W, 26, 120 MHz, 3996 MHz, 0 %, 0 %
2026/03/24 02:23:44.646, 5, 180.58 W, 28, 120 MHz, 3996 MHz, 0 %, 0 %
2026/03/24 02:23:44.646, 6, 178.53 W, 27, 120 MHz, 3996 MHz, 0 %, 0 %
2026/03/24 02:23:44.646, 7, 176.58 W, 28, 120 MHz, 3996 MHz, 0 %, 0 %
2026/03/24 02:23:45.646, 0, 178.70 W, 26, 120 MHz, 3996 MHz, 0 %, 0 %
2026/03/24 02:23:45.646, 1, 181.05 W, 28, 120 MHz, 3996 MHz, 0 %, 0 %
2026/03/24 02:23:45.646, 2, 182.04 W, 25, 120 MHz, 3996 MHz, 0 %, 0 %
2026/03/24 02:23:45.646, 3, 181.33 W, 28, 120 MHz, 3996 MHz, 0 %, 0 %
2026/03/24 02:23:45.646, 4, 179.09 W, 26, 120 MHz, 3996 MHz, 0 %, 0 %
2026/03/24 02:23:45.646, 5, 180.58 W, 28, 120 MHz, 3996 MHz, 0 %, 0 %
2026/03/24 02:23:45.646, 6, 178.53 W, 27, 120 MHz, 3996 MHz, 0 %, 0 %
2026/03/24 02:23:45.646, 7, 176.58 W, 28, 120 MHz, 3996 MHz, 0 %, 0 %
2026/03/24 02:23:46.646, 0, 178.48 W, 26, 120 MHz, 3996 MHz, 0 %, 0 %
2026/03/24 02:23:46.646, 1, 181.04 W, 28, 120 MHz, 3996 MHz, 0 %, 0 %
2026/03/24 02:23:46.646, 2, 182.03 W, 25, 120 MHz, 3996 MHz, 0 %, 0 %
2026/03/24 02:23:46.646, 3, 181.29 W, 28, 120 MHz, 3996 MHz, 0 %, 0 %
2026/03/24 02:23:46.646, 4, 178.95 W, 26, 120 MHz, 3996 MHz, 0 %, 0 %
2026/03/24 02:23:46.646, 5, 180.58 W, 28, 120 MHz, 3996 MHz, 0 %, 0 %
2026/03/24 02:23:46.646, 6, 178.41 W, 27, 120 MHz, 3996 MHz, 0 %, 0 %
2026/03/24 02:23:46.646, 7, 176.58 W, 28, 120 MHz, 3996 MHz, 0 %, 0 %
2026/03/24 02:23:47.646, 0, 178.47 W, 26, 120 MHz, 3996 MHz, 0 %, 0 %
2026/03/24 02:23:47.646, 1, 181.03 W, 28, 120 MHz, 3996 MHz, 0 %, 0 %
2026/03/24 02:23:47.646, 2, 182.04 W, 26, 120 MHz, 3996 MHz, 0 %, 0 %
2026/03/24 02:23:47.646, 3, 181.53 W, 28, 120 MHz, 3996 MHz, 0 %, 0 %
2026/03/24 02:23:47.646, 4, 179.17 W, 26, 120 MHz, 3996 MHz, 0 %, 0 %
2026/03/24 02:23:47.646, 5, 180.58 W, 28, 120 MHz, 3996 MHz, 0 %, 0 %
2026/03/24 02:23:47.646, 6, 178.38 W, 27, 120 MHz, 3996 MHz, 0 %, 0 %
2026/03/24 02:23:47.646, 7, 176.58 W, 28, 120 MHz, 3996 MHz, 0 %, 0 %
2026/03/24 02:23:48.646, 0, 178.81 W, 26, 120 MHz, 3996 MHz, 0 %, 0 %
2026/03/24 02:23:48.646, 1, 181.04 W, 28, 120 MHz, 3996 MHz, 0 %, 0 %
2026/03/24 02:23:48.646, 2, 182.03 W, 26, 120 MHz, 3996 MHz, 0 %, 0 %
2026/03/24 02:23:48.646, 3, 181.40 W, 28, 120 MHz, 3996 MHz, 0 %, 0 %
2026/03/24 02:23:48.646, 4, 179.08 W, 26, 120 MHz, 3996 MHz, 0 %, 0 %
2026/03/24 02:23:48.646, 5, 180.58 W, 28, 120 MHz, 3996 MHz, 0 %, 0 %
2026/03/24 02:23:48.647, 6, 178.57 W, 27, 120 MHz, 3996 MHz, 0 %, 0 %
2026/03/24 02:23:48.647, 7, 176.58 W, 28, 120 MHz, 3996 MHz, 0 %, 0 %
2026/03/24 02:23:49.647, 0, 178.66 W, 26, 120 MHz, 3996 MHz, 0 %, 0 %
2026/03/24 02:23:49.647, 1, 181.04 W, 28, 120 MHz, 3996 MHz, 0 %, 0 %
2026/03/24 02:23:49.647, 2, 182.04 W, 26, 120 MHz, 3996 MHz, 0 %, 0 %
2026/03/24 02:23:49.647, 3, 181.48 W, 28, 120 MHz, 3996 MHz, 0 %, 0 %
2026/03/24 02:23:49.647, 4, 179.02 W, 26, 120 MHz, 3996 MHz, 0 %, 0 %
2026/03/24 02:23:49.647, 5, 180.58 W, 28, 120 MHz, 3996 MHz, 0 %, 0 %
2026/03/24 02:23:49.647, 6, 178.45 W, 27, 120 MHz, 3996 MHz, 0 %, 0 %
2026/03/24 02:23:49.647, 7, 176.58 W, 28, 120 MHz, 3996 MHz, 0 %, 0 %
2026/03/24 02:23:50.647, 0, 178.63 W, 26, 120 MHz, 3996 MHz, 0 %, 0 %
2026/03/24 02:23:50.647, 1, 181.03 W, 28, 120 MHz, 3996 MHz, 0 %, 0 %
2026/03/24 02:23:50.647, 2, 182.04 W, 26, 120 MHz, 3996 MHz, 0 %, 0 %
2026/03/24 02:23:50.647, 3, 181.52 W, 28, 120 MHz, 3996 MHz, 0 %, 0 %
2026/03/24 02:23:50.647, 4, 178.95 W, 26, 120 MHz, 3996 MHz, 0 %, 0 %
2026/03/24 02:23:50.647, 5, 180.58 W, 28, 120 MHz, 3996 MHz, 0 %, 0 %
2026/03/24 02:23:50.647, 6, 178.57 W, 27, 120 MHz, 3996 MHz, 0 %, 0 %
2026/03/24 02:23:50.647, 7, 176.58 W, 28, 120 MHz, 3996 MHz, 0 %, 0 %
2026/03/24 02:23:51.647, 0, 178.52 W, 26, 120 MHz, 3996 MHz, 0 %, 0 %
2026/03/24 02:23:51.647, 1, 181.04 W, 28, 120 MHz, 3996 MHz, 0 %, 0 %
2026/03/24 02:23:51.647, 2, 182.04 W, 26, 120 MHz, 3996 MHz, 0 %, 0 %
2026/03/24 02:23:51.647, 3, 181.21 W, 28, 120 MHz, 3996 MHz, 0 %, 0 %
2026/03/24 02:23:51.647, 4, 178.90 W, 26, 120 MHz, 3996 MHz, 0 %, 0 %
2026/03/24 02:23:51.647, 5, 180.58 W, 28, 120 MHz, 3996 MHz, 0 %, 0 %
2026/03/24 02:23:51.647, 6, 178.60 W, 27, 120 MHz, 3996 MHz, 0 %, 0 %
2026/03/24 02:23:51.647, 7, 176.58 W, 28, 120 MHz, 3996 MHz, 0 %, 0 %
2026/03/24 02:23:52.647, 0, 178.70 W, 26, 120 MHz, 3996 MHz, 0 %, 0 %
2026/03/24 02:23:52.647, 1, 181.04 W, 28, 120 MHz, 3996 MHz, 0 %, 0 %
2026/03/24 02:23:52.647, 2, 182.03 W, 26, 120 MHz, 3996 MHz, 0 %, 0 %
2026/03/24 02:23:52.647, 3, 181.33 W, 28, 120 MHz, 3996 MHz, 0 %, 0 %
2026/03/24 02:23:52.647, 4, 178.91 W, 26, 120 MHz, 3996 MHz, 0 %, 0 %
2026/03/24 02:23:52.647, 5, 180.58 W, 28, 120 MHz, 3996 MHz, 0 %, 0 %
2026/03/24 02:23:52.647, 6, 178.49 W, 27, 120 MHz, 3996 MHz, 0 %, 0 %
2026/03/24 02:23:52.647, 7, 176.58 W, 28, 120 MHz, 3996 MHz, 0 %, 0 %
2026/03/24 02:23:53.647, 0, 178.36 W, 26, 120 MHz, 3996 MHz, 0 %, 0 %
2026/03/24 02:23:53.647, 1, 181.01 W, 28, 120 MHz, 3996 MHz, 0 %, 0 %
2026/03/24 02:23:53.647, 2, 182.04 W, 26, 120 MHz, 3996 MHz, 0 %, 0 %
2026/03/24 02:23:53.647, 3, 181.37 W, 28, 120 MHz, 3996 MHz, 0 %, 0 %
2026/03/24 02:23:53.647, 4, 178.98 W, 26, 120 MHz, 3996 MHz, 0 %, 0 %
2026/03/24 02:23:53.647, 5, 180.58 W, 28, 120 MHz, 3996 MHz, 0 %, 0 %
2026/03/24 02:23:53.647, 6, 178.41 W, 27, 120 MHz, 3996 MHz, 0 %, 0 %
2026/03/24 02:23:53.647, 7, 176.58 W, 28, 120 MHz, 3996 MHz, 0 %, 0 %
2026/03/24 02:23:54.647, 0, 178.66 W, 26, 120 MHz, 3996 MHz, 0 %, 0 %
2026/03/24 02:23:54.647, 1, 181.02 W, 28, 120 MHz, 3996 MHz, 0 %, 0 %
2026/03/24 02:23:54.647, 2, 182.04 W, 26, 120 MHz, 3996 MHz, 0 %, 0 %
2026/03/24 02:23:54.647, 3, 182.13 W, 28, 120 MHz, 3996 MHz, 0 %, 0 %
2026/03/24 02:23:54.647, 4, 179.18 W, 26, 120 MHz, 3996 MHz, 0 %, 0 %
2026/03/24 02:23:54.647, 5, 180.58 W, 28, 120 MHz, 3996 MHz, 0 %, 0 %
2026/03/24 02:23:54.647, 6, 178.53 W, 27, 120 MHz, 3996 MHz, 0 %, 0 %
2026/03/24 02:23:54.647, 7, 176.58 W, 28, 120 MHz, 3996 MHz, 0 %, 0 %
2026/03/24 02:23:55.647, 0, 179.06 W, 26, 120 MHz, 3996 MHz, 0 %, 0 %
2026/03/24 02:23:55.648, 1, 181.05 W, 28, 120 MHz, 3996 MHz, 0 %, 0 %
2026/03/24 02:23:55.648, 2, 182.03 W, 26, 120 MHz, 3996 MHz, 0 %, 0 %
2026/03/24 02:23:55.648, 3, 182.03 W, 28, 120 MHz, 3996 MHz, 0 %, 0 %
2026/03/24 02:23:55.648, 4, 180.35 W, 26, 120 MHz, 3996 MHz, 0 %, 0 %
2026/03/24 02:23:55.648, 5, 181.54 W, 28, 120 MHz, 3996 MHz, 0 %, 0 %
2026/03/24 02:23:55.648, 6, 178.29 W, 27, 120 MHz, 3996 MHz, 0 %, 0 %
2026/03/24 02:23:55.648, 7, 176.58 W, 28, 120 MHz, 3996 MHz, 0 %, 0 %
2026/03/24 02:23:56.648, 0, 178.71 W, 26, 120 MHz, 3996 MHz, 0 %, 0 %
2026/03/24 02:23:56.648, 1, 181.05 W, 28, 120 MHz, 3996 MHz, 0 %, 0 %
2026/03/24 02:23:56.648, 2, 182.02 W, 26, 120 MHz, 3996 MHz, 0 %, 0 %
2026/03/24 02:23:56.648, 3, 181.68 W, 28, 120 MHz, 3996 MHz, 0 %, 0 %
2026/03/24 02:23:56.648, 4, 180.00 W, 26, 120 MHz, 3996 MHz, 0 %, 0 %
2026/03/24 02:23:56.648, 5, 181.79 W, 28, 120 MHz, 3996 MHz, 0 %, 0 %
2026/03/24 02:23:56.648, 6, 178.64 W, 27, 120 MHz, 3996 MHz, 0 %, 0 %
2026/03/24 02:23:56.648, 7, 176.62 W, 28, 120 MHz, 3996 MHz, 0 %, 0 %
2026/03/24 02:23:57.648, 0, 178.66 W, 26, 120 MHz, 3996 MHz, 0 %, 0 %
2026/03/24 02:23:57.648, 1, 181.06 W, 28, 120 MHz, 3996 MHz, 0 %, 0 %
2026/03/24 02:23:57.648, 2, 182.03 W, 26, 120 MHz, 3996 MHz, 0 %, 0 %
2026/03/24 02:23:57.648, 3, 181.68 W, 28, 120 MHz, 3996 MHz, 0 %, 0 %
2026/03/24 02:23:57.648, 4, 179.20 W, 26, 120 MHz, 3996 MHz, 0 %, 0 %
2026/03/24 02:23:57.648, 5, 181.09 W, 28, 120 MHz, 3996 MHz, 0 %, 0 %
2026/03/24 02:23:57.648, 6, 178.64 W, 27, 120 MHz, 3996 MHz, 0 %, 0 %
2026/03/24 02:23:57.648, 7, 176.93 W, 28, 120 MHz, 3996 MHz, 0 %, 0 %
2026/03/24 02:23:58.648, 0, 178.59 W, 26, 120 MHz, 3996 MHz, 0 %, 0 %
2026/03/24 02:23:58.648, 1, 181.06 W, 28, 120 MHz, 3996 MHz, 0 %, 0 %
2026/03/24 02:23:58.648, 2, 182.04 W, 26, 120 MHz, 3996 MHz, 0 %, 0 %
2026/03/24 02:23:58.648, 3, 181.25 W, 28, 120 MHz, 3996 MHz, 0 %, 0 %
2026/03/24 02:23:58.648, 4, 179.32 W, 26, 120 MHz, 3996 MHz, 0 %, 0 %
2026/03/24 02:23:58.648, 5, 180.62 W, 28, 120 MHz, 3996 MHz, 0 %, 0 %
2026/03/24 02:23:58.648, 6, 178.41 W, 27, 120 MHz, 3996 MHz, 0 %, 0 %
2026/03/24 02:23:58.648, 7, 176.62 W, 28, 120 MHz, 3996 MHz, 0 %, 0 %
2026/03/24 02:23:59.648, 0, 178.39 W, 26, 120 MHz, 3996 MHz, 0 %, 0 %
2026/03/24 02:23:59.648, 1, 181.05 W, 28, 120 MHz, 3996 MHz, 0 %, 0 %
2026/03/24 02:23:59.648, 2, 182.02 W, 26, 120 MHz, 3996 MHz, 0 %, 0 %
2026/03/24 02:23:59.648, 3, 181.49 W, 28, 120 MHz, 3996 MHz, 0 %, 0 %
2026/03/24 02:23:59.648, 4, 179.02 W, 26, 120 MHz, 3996 MHz, 0 %, 0 %
2026/03/24 02:23:59.648, 5, 180.58 W, 28, 120 MHz, 3996 MHz, 0 %, 0 %
2026/03/24 02:23:59.648, 6, 178.57 W, 27, 120 MHz, 3996 MHz, 0 %, 0 %
2026/03/24 02:23:59.648, 7, 176.58 W, 28, 120 MHz, 3996 MHz, 0 %, 0 %
2026/03/24 02:24:00.648, 0, 178.58 W, 26, 120 MHz, 3996 MHz, 0 %, 0 %
2026/03/24 02:24:00.648, 1, 181.06 W, 28, 120 MHz, 3996 MHz, 0 %, 0 %
2026/03/24 02:24:00.648, 2, 181.97 W, 26, 120 MHz, 3996 MHz, 0 %, 0 %
2026/03/24 02:24:00.648, 3, 181.63 W, 28, 120 MHz, 3996 MHz, 0 %, 0 %
2026/03/24 02:24:00.648, 4, 179.24 W, 26, 120 MHz, 3996 MHz, 0 %, 0 %
2026/03/24 02:24:00.648, 5, 180.58 W, 28, 120 MHz, 3996 MHz, 0 %, 0 %
2026/03/24 02:24:00.648, 6, 178.56 W, 27, 120 MHz, 3996 MHz, 0 %, 0 %
2026/03/24 02:24:00.648, 7, 176.58 W, 28, 120 MHz, 3996 MHz, 0 %, 0 %
2026/03/24 02:24:01.648, 0, 178.50 W, 26, 120 MHz, 3996 MHz, 0 %, 0 %
2026/03/24 02:24:01.648, 1, 181.06 W, 28, 120 MHz, 3996 MHz, 0 %, 0 %
2026/03/24 02:24:01.648, 2, 182.00 W, 26, 120 MHz, 3996 MHz, 0 %, 0 %
2026/03/24 02:24:01.648, 3, 181.51 W, 28, 120 MHz, 3996 MHz, 0 %, 0 %
2026/03/24 02:24:01.648, 4, 179.10 W, 26, 120 MHz, 3996 MHz, 0 %, 0 %
2026/03/24 02:24:01.648, 5, 180.58 W, 28, 120 MHz, 3996 MHz, 0 %, 0 %
2026/03/24 02:24:01.648, 6, 178.49 W, 27, 120 MHz, 3996 MHz, 0 %, 0 %
2026/03/24 02:24:01.648, 7, 176.58 W, 28, 120 MHz, 3996 MHz, 0 %, 0 %
2026/03/24 02:24:02.649, 0, 178.36 W, 26, 120 MHz, 3996 MHz, 0 %, 0 %
2026/03/24 02:24:02.649, 1, 181.05 W, 28, 120 MHz, 3996 MHz, 0 %, 0 %
2026/03/24 02:24:02.649, 2, 182.02 W, 26, 120 MHz, 3996 MHz, 0 %, 0 %
2026/03/24 02:24:02.649, 3, 181.41 W, 28, 120 MHz, 3996 MHz, 0 %, 0 %
2026/03/24 02:24:02.649, 4, 179.21 W, 26, 120 MHz, 3996 MHz, 0 %, 0 %
2026/03/24 02:24:02.649, 5, 180.62 W, 28, 120 MHz, 3996 MHz, 0 %, 0 %
2026/03/24 02:24:02.649, 6, 178.56 W, 27, 120 MHz, 3996 MHz, 0 %, 0 %
2026/03/24 02:24:02.649, 7, 176.58 W, 28, 120 MHz, 3996 MHz, 0 %, 0 %
2026/03/24 02:24:03.649, 0, 178.75 W, 26, 120 MHz, 3996 MHz, 0 %, 0 %
2026/03/24 02:24:03.649, 1, 181.04 W, 28, 120 MHz, 3996 MHz, 0 %, 0 %
2026/03/24 02:24:03.649, 2, 182.04 W, 26, 120 MHz, 3996 MHz, 0 %, 0 %
2026/03/24 02:24:03.649, 3, 181.25 W, 28, 120 MHz, 3996 MHz, 0 %, 0 %
2026/03/24 02:24:03.649, 4, 179.12 W, 26, 120 MHz, 3996 MHz, 0 %, 0 %
2026/03/24 02:24:03.649, 5, 180.62 W, 28, 120 MHz, 3996 MHz, 0 %, 0 %
2026/03/24 02:24:03.649, 6, 178.57 W, 27, 120 MHz, 3996 MHz, 0 %, 0 %
2026/03/24 02:24:03.649, 7, 176.58 W, 28, 120 MHz, 3996 MHz, 0 %, 0 %
2026/03/24 02:24:04.649, 0, 178.81 W, 26, 120 MHz, 3996 MHz, 0 %, 0 %
2026/03/24 02:24:04.649, 1, 181.05 W, 28, 120 MHz, 3996 MHz, 0 %, 0 %
2026/03/24 02:24:04.649, 2, 182.03 W, 26, 120 MHz, 3996 MHz, 0 %, 0 %
2026/03/24 02:24:04.649, 3, 181.14 W, 28, 120 MHz, 3996 MHz, 0 %, 0 %
2026/03/24 02:24:04.649, 4, 179.41 W, 26, 120 MHz, 3996 MHz, 0 %, 0 %
2026/03/24 02:24:04.649, 5, 180.62 W, 28, 120 MHz, 3996 MHz, 0 %, 0 %
2026/03/24 02:24:04.649, 6, 178.56 W, 27, 120 MHz, 3996 MHz, 0 %, 0 %
2026/03/24 02:24:04.649, 7, 176.58 W, 28, 120 MHz, 3996 MHz, 0 %, 0 %
2026/03/24 02:24:05.649, 0, 178.66 W, 26, 120 MHz, 3996 MHz, 0 %, 0 %
2026/03/24 02:24:05.649, 1, 181.04 W, 28, 120 MHz, 3996 MHz, 0 %, 0 %
2026/03/24 02:24:05.649, 2, 182.04 W, 26, 120 MHz, 3996 MHz, 0 %, 0 %
2026/03/24 02:24:05.649, 3, 181.57 W, 28, 120 MHz, 3996 MHz, 0 %, 0 %
2026/03/24 02:24:05.649, 4, 179.36 W, 26, 120 MHz, 3996 MHz, 0 %, 0 %
2026/03/24 02:24:05.649, 5, 180.58 W, 28, 120 MHz, 3996 MHz, 0 %, 0 %
2026/03/24 02:24:05.649, 6, 178.45 W, 27, 120 MHz, 3996 MHz, 0 %, 0 %
2026/03/24 02:24:05.649, 7, 176.58 W, 28, 120 MHz, 3996 MHz, 0 %, 0 %
2026/03/24 02:24:06.649, 0, 178.52 W, 26, 120 MHz, 3996 MHz, 0 %, 0 %
2026/03/24 02:24:06.649, 1, 181.04 W, 28, 120 MHz, 3996 MHz, 0 %, 0 %
2026/03/24 02:24:06.649, 2, 182.04 W, 26, 120 MHz, 3996 MHz, 0 %, 0 %
2026/03/24 02:24:06.649, 3, 181.87 W, 28, 120 MHz, 3996 MHz, 0 %, 0 %
2026/03/24 02:24:06.649, 4, 179.48 W, 26, 120 MHz, 3996 MHz, 0 %, 0 %
2026/03/24 02:24:06.649, 5, 180.58 W, 28, 120 MHz, 3996 MHz, 0 %, 0 %
2026/03/24 02:24:06.649, 6, 178.60 W, 27, 120 MHz, 3996 MHz, 0 %, 0 %
2026/03/24 02:24:06.649, 7, 176.58 W, 28, 120 MHz, 3996 MHz, 0 %, 0 %
2026/03/24 02:24:07.649, 0, 178.39 W, 26, 120 MHz, 3996 MHz, 0 %, 0 %
2026/03/24 02:24:07.649, 1, 181.04 W, 28, 120 MHz, 3996 MHz, 0 %, 0 %
2026/03/24 02:24:07.649, 2, 182.03 W, 26, 120 MHz, 3996 MHz, 0 %, 0 %
2026/03/24 02:24:07.649, 3, 182.05 W, 28, 120 MHz, 3996 MHz, 0 %, 0 %
2026/03/24 02:24:07.649, 4, 179.12 W, 26, 120 MHz, 3996 MHz, 0 %, 0 %
2026/03/24 02:24:07.649, 5, 180.66 W, 28, 120 MHz, 3996 MHz, 0 %, 0 %
2026/03/24 02:24:07.649, 6, 178.60 W, 27, 120 MHz, 3996 MHz, 0 %, 0 %
2026/03/24 02:24:07.649, 7, 176.58 W, 28, 120 MHz, 3996 MHz, 0 %, 0 %
2026/03/24 02:24:08.650, 0, 178.55 W, 26, 120 MHz, 3996 MHz, 0 %, 0 %
2026/03/24 02:24:08.650, 1, 181.04 W, 28, 120 MHz, 3996 MHz, 0 %, 0 %
2026/03/24 02:24:08.650, 2, 182.02 W, 26, 120 MHz, 3996 MHz, 0 %, 0 %
2026/03/24 02:24:08.650, 3, 181.70 W, 28, 120 MHz, 3996 MHz, 0 %, 0 %
2026/03/24 02:24:08.650, 4, 179.43 W, 26, 120 MHz, 3996 MHz, 0 %, 0 %
2026/03/24 02:24:08.650, 5, 180.58 W, 28, 120 MHz, 3996 MHz, 0 %, 0 %
2026/03/24 02:24:08.650, 6, 178.56 W, 27, 120 MHz, 3996 MHz, 0 %, 0 %
2026/03/24 02:24:08.650, 7, 176.58 W, 28, 120 MHz, 3996 MHz, 0 %, 0 %
2026/03/24 02:24:09.650, 0, 178.51 W, 26, 120 MHz, 3996 MHz, 0 %, 0 %
2026/03/24 02:24:09.650, 1, 181.03 W, 28, 120 MHz, 3996 MHz, 0 %, 0 %
2026/03/24 02:24:09.650, 2, 182.04 W, 26, 120 MHz, 3996 MHz, 0 %, 0 %
2026/03/24 02:24:09.650, 3, 181.67 W, 28, 120 MHz, 3996 MHz, 0 %, 0 %
2026/03/24 02:24:09.650, 4, 178.91 W, 26, 120 MHz, 3996 MHz, 0 %, 0 %
2026/03/24 02:24:09.650, 5, 180.58 W, 28, 120 MHz, 3996 MHz, 0 %, 0 %
2026/03/24 02:24:09.650, 6, 178.60 W, 27, 120 MHz, 3996 MHz, 0 %, 0 %
2026/03/24 02:24:09.650, 7, 176.58 W, 28, 120 MHz, 3996 MHz, 0 %, 0 %
2026/03/24 02:24:10.650, 0, 178.87 W, 26, 120 MHz, 3996 MHz, 0 %, 0 %
2026/03/24 02:24:10.650, 1, 181.05 W, 28, 120 MHz, 3996 MHz, 0 %, 0 %
2026/03/24 02:24:10.650, 2, 182.03 W, 26, 120 MHz, 3996 MHz, 0 %, 0 %
2026/03/24 02:24:10.650, 3, 181.68 W, 28, 120 MHz, 3996 MHz, 0 %, 0 %
2026/03/24 02:24:10.650, 4, 179.05 W, 26, 120 MHz, 3996 MHz, 0 %, 0 %
2026/03/24 02:24:10.650, 5, 180.58 W, 28, 120 MHz, 3996 MHz, 0 %, 0 %
2026/03/24 02:24:10.650, 6, 178.56 W, 27, 120 MHz, 3996 MHz, 0 %, 0 %
2026/03/24 02:24:10.650, 7, 176.58 W, 28, 120 MHz, 3996 MHz, 0 %, 0 %
2026/03/24 02:24:11.650, 0, 178.81 W, 26, 120 MHz, 3996 MHz, 0 %, 0 %
2026/03/24 02:24:11.650, 1, 181.04 W, 28, 120 MHz, 3996 MHz, 0 %, 0 %
2026/03/24 02:24:11.650, 2, 182.03 W, 26, 120 MHz, 3996 MHz, 0 %, 0 %
2026/03/24 02:24:11.650, 3, 181.72 W, 28, 120 MHz, 3996 MHz, 0 %, 0 %
2026/03/24 02:24:11.650, 4, 179.27 W, 26, 120 MHz, 3996 MHz, 0 %, 0 %
2026/03/24 02:24:11.650, 5, 180.74 W, 28, 120 MHz, 3996 MHz, 0 %, 0 %
2026/03/24 02:24:11.650, 6, 178.60 W, 27, 120 MHz, 3996 MHz, 0 %, 0 %
2026/03/24 02:24:11.650, 7, 176.58 W, 28, 120 MHz, 3996 MHz, 0 %, 0 %
2026/03/24 02:24:12.650, 0, 178.94 W, 26, 120 MHz, 3996 MHz, 0 %, 0 %
2026/03/24 02:24:12.650, 1, 181.02 W, 28, 120 MHz, 3996 MHz, 0 %, 0 %
2026/03/24 02:24:12.650, 2, 182.03 W, 26, 120 MHz, 3996 MHz, 0 %, 0 %
2026/03/24 02:24:12.650, 3, 184.71 W, 28, 2032 MHz, 3996 MHz, 0 %, 0 %
2026/03/24 02:24:12.650, 4, 179.68 W, 26, 120 MHz, 3996 MHz, 0 %, 0 %
2026/03/24 02:24:12.650, 5, 180.77 W, 28, 120 MHz, 3996 MHz, 0 %, 0 %
2026/03/24 02:24:12.650, 6, 178.60 W, 27, 120 MHz, 3996 MHz, 0 %, 0 %
2026/03/24 02:24:12.650, 7, 176.58 W, 28, 120 MHz, 3996 MHz, 0 %, 0 %
2026/03/24 02:24:13.650, 0, 178.83 W, 26, 120 MHz, 3996 MHz, 0 %, 0 %
2026/03/24 02:24:13.650, 1, 195.09 W, 28, 2032 MHz, 3996 MHz, 0 %, 0 %
2026/03/24 02:24:13.650, 2, 207.34 W, 26, 2032 MHz, 3996 MHz, 0 %, 0 %
2026/03/24 02:24:13.650, 3, 233.68 W, 29, 2032 MHz, 3996 MHz, 0 %, 0 %
2026/03/24 02:24:13.650, 4, 179.16 W, 26, 120 MHz, 3996 MHz, 0 %, 0 %
2026/03/24 02:24:13.650, 5, 180.86 W, 28, 120 MHz, 3996 MHz, 0 %, 0 %
2026/03/24 02:24:13.650, 6, 178.60 W, 27, 120 MHz, 3996 MHz, 0 %, 0 %
2026/03/24 02:24:13.650, 7, 176.58 W, 28, 120 MHz, 3996 MHz, 0 %, 0 %
2026/03/24 02:24:14.650, 0, 207.74 W, 27, 2032 MHz, 3996 MHz, 0 %, 0 %
2026/03/24 02:24:14.650, 1, 232.85 W, 29, 2032 MHz, 3996 MHz, 0 %, 0 %
2026/03/24 02:24:14.650, 2, 233.97 W, 27, 2032 MHz, 3996 MHz, 0 %, 0 %
2026/03/24 02:24:14.651, 3, 233.30 W, 29, 2032 MHz, 3996 MHz, 0 %, 0 %
2026/03/24 02:24:14.651, 4, 179.43 W, 26, 120 MHz, 3996 MHz, 0 %, 0 %
2026/03/24 02:24:14.651, 5, 180.62 W, 28, 120 MHz, 3996 MHz, 0 %, 0 %
2026/03/24 02:24:14.651, 6, 178.57 W, 27, 120 MHz, 3996 MHz, 0 %, 0 %
2026/03/24 02:24:14.651, 7, 176.62 W, 28, 120 MHz, 3996 MHz, 0 %, 0 %
2026/03/24 02:24:15.651, 0, 228.07 W, 27, 2032 MHz, 3996 MHz, 0 %, 0 %
2026/03/24 02:24:15.651, 1, 233.01 W, 29, 2032 MHz, 3996 MHz, 0 %, 0 %
2026/03/24 02:24:15.651, 2, 233.80 W, 27, 2032 MHz, 3996 MHz, 0 %, 0 %
2026/03/24 02:24:15.651, 3, 233.17 W, 29, 2032 MHz, 3996 MHz, 0 %, 0 %
2026/03/24 02:24:15.651, 4, 179.42 W, 26, 120 MHz, 3996 MHz, 0 %, 0 %
2026/03/24 02:24:15.651, 5, 180.58 W, 28, 120 MHz, 3996 MHz, 0 %, 0 %
2026/03/24 02:24:15.651, 6, 178.64 W, 27, 120 MHz, 3996 MHz, 0 %, 0 %
2026/03/24 02:24:15.651, 7, 176.58 W, 28, 120 MHz, 3996 MHz, 0 %, 0 %
2026/03/24 02:24:16.651, 0, 228.06 W, 27, 2032 MHz, 3996 MHz, 0 %, 0 %
2026/03/24 02:24:16.651, 1, 233.09 W, 29, 2032 MHz, 3996 MHz, 0 %, 0 %
2026/03/24 02:24:16.651, 2, 233.82 W, 27, 2032 MHz, 3996 MHz, 0 %, 0 %
2026/03/24 02:24:16.651, 3, 233.17 W, 29, 2032 MHz, 3996 MHz, 0 %, 0 %
2026/03/24 02:24:16.651, 4, 179.21 W, 26, 120 MHz, 3996 MHz, 0 %, 0 %
2026/03/24 02:24:16.651, 5, 180.58 W, 28, 120 MHz, 3996 MHz, 0 %, 0 %
2026/03/24 02:24:16.651, 6, 178.64 W, 27, 120 MHz, 3996 MHz, 0 %, 0 %
2026/03/24 02:24:16.651, 7, 176.58 W, 28, 120 MHz, 3996 MHz, 0 %, 0 %
2026/03/24 02:24:17.651, 0, 228.07 W, 27, 2032 MHz, 3996 MHz, 0 %, 0 %
2026/03/24 02:24:17.651, 1, 233.13 W, 29, 2032 MHz, 3996 MHz, 0 %, 0 %
2026/03/24 02:24:17.651, 2, 233.89 W, 27, 2032 MHz, 3996 MHz, 0 %, 0 %
2026/03/24 02:24:17.651, 3, 233.18 W, 29, 2032 MHz, 3996 MHz, 0 %, 0 %
2026/03/24 02:24:17.651, 4, 179.31 W, 26, 120 MHz, 3996 MHz, 0 %, 0 %
2026/03/24 02:24:17.651, 5, 180.58 W, 28, 120 MHz, 3996 MHz, 0 %, 0 %
2026/03/24 02:24:17.651, 6, 178.60 W, 27, 120 MHz, 3996 MHz, 0 %, 0 %
2026/03/24 02:24:17.651, 7, 176.58 W, 28, 120 MHz, 3996 MHz, 0 %, 0 %
2026/03/24 02:24:18.651, 0, 228.07 W, 27, 2032 MHz, 3996 MHz, 0 %, 0 %
2026/03/24 02:24:18.651, 1, 233.13 W, 29, 2032 MHz, 3996 MHz, 0 %, 0 %
2026/03/24 02:24:18.651, 2, 233.87 W, 27, 2032 MHz, 3996 MHz, 0 %, 0 %
2026/03/24 02:24:18.651, 3, 233.18 W, 29, 2032 MHz, 3996 MHz, 0 %, 0 %
2026/03/24 02:24:18.651, 4, 179.24 W, 26, 120 MHz, 3996 MHz, 0 %, 0 %
2026/03/24 02:24:18.651, 5, 180.58 W, 28, 120 MHz, 3996 MHz, 0 %, 0 %
2026/03/24 02:24:18.651, 6, 178.49 W, 27, 120 MHz, 3996 MHz, 0 %, 0 %
2026/03/24 02:24:18.651, 7, 176.58 W, 28, 120 MHz, 3996 MHz, 0 %, 0 %
2026/03/24 02:24:19.651, 0, 228.05 W, 27, 2032 MHz, 3996 MHz, 0 %, 0 %
2026/03/24 02:24:19.651, 1, 233.16 W, 29, 2032 MHz, 3996 MHz, 0 %, 0 %
2026/03/24 02:24:19.651, 2, 233.90 W, 27, 2032 MHz, 3996 MHz, 0 %, 0 %
2026/03/24 02:24:19.651, 3, 233.33 W, 29, 2032 MHz, 3996 MHz, 0 %, 0 %
2026/03/24 02:24:19.651, 4, 179.05 W, 26, 120 MHz, 3996 MHz, 0 %, 0 %
2026/03/24 02:24:19.651, 5, 180.58 W, 28, 120 MHz, 3996 MHz, 0 %, 0 %
2026/03/24 02:24:19.651, 6, 178.57 W, 27, 120 MHz, 3996 MHz, 0 %, 0 %
2026/03/24 02:24:19.651, 7, 176.58 W, 28, 120 MHz, 3996 MHz, 0 %, 0 %
2026/03/24 02:24:20.651, 0, 228.06 W, 27, 2032 MHz, 3996 MHz, 0 %, 0 %
2026/03/24 02:24:20.651, 1, 233.13 W, 29, 2032 MHz, 3996 MHz, 0 %, 0 %
2026/03/24 02:24:20.651, 2, 233.89 W, 27, 2032 MHz, 3996 MHz, 0 %, 0 %
2026/03/24 02:24:20.651, 3, 233.63 W, 29, 2032 MHz, 3996 MHz, 0 %, 0 %
2026/03/24 02:24:20.651, 4, 179.22 W, 26, 120 MHz, 3996 MHz, 0 %, 0 %
2026/03/24 02:24:20.651, 5, 180.58 W, 28, 120 MHz, 3996 MHz, 0 %, 0 %
2026/03/24 02:24:20.651, 6, 178.49 W, 27, 120 MHz, 3996 MHz, 0 %, 0 %
2026/03/24 02:24:20.651, 7, 176.58 W, 28, 120 MHz, 3996 MHz, 0 %, 0 %
2026/03/24 02:24:21.652, 0, 228.37 W, 27, 2032 MHz, 3996 MHz, 0 %, 0 %
2026/03/24 02:24:21.652, 1, 233.16 W, 29, 2032 MHz, 3996 MHz, 0 %, 0 %
2026/03/24 02:24:21.652, 2, 233.89 W, 27, 2032 MHz, 3996 MHz, 0 %, 0 %
2026/03/24 02:24:21.652, 3, 233.80 W, 29, 2032 MHz, 3996 MHz, 0 %, 0 %
2026/03/24 02:24:21.652, 4, 179.35 W, 26, 120 MHz, 3996 MHz, 0 %, 0 %
2026/03/24 02:24:21.652, 5, 180.62 W, 28, 120 MHz, 3996 MHz, 0 %, 0 %
2026/03/24 02:24:21.652, 6, 178.41 W, 27, 120 MHz, 3996 MHz, 0 %, 0 %
2026/03/24 02:24:21.652, 7, 176.58 W, 28, 120 MHz, 3996 MHz, 0 %, 0 %
2026/03/24 02:24:22.652, 0, 228.21 W, 27, 2032 MHz, 3996 MHz, 0 %, 0 %
2026/03/24 02:24:22.652, 1, 233.12 W, 29, 2032 MHz, 3996 MHz, 0 %, 0 %
2026/03/24 02:24:22.652, 2, 233.87 W, 27, 2032 MHz, 3996 MHz, 0 %, 0 %
2026/03/24 02:24:22.652, 3, 233.90 W, 29, 2032 MHz, 3996 MHz, 0 %, 0 %
2026/03/24 02:24:22.652, 4, 179.02 W, 26, 120 MHz, 3996 MHz, 0 %, 0 %
2026/03/24 02:24:22.652, 5, 180.58 W, 28, 120 MHz, 3996 MHz, 0 %, 0 %
2026/03/24 02:24:22.652, 6, 178.60 W, 27, 120 MHz, 3996 MHz, 0 %, 0 %
2026/03/24 02:24:22.652, 7, 176.58 W, 28, 120 MHz, 3996 MHz, 0 %, 0 %
2026/03/24 02:24:23.652, 0, 228.44 W, 27, 2032 MHz, 3996 MHz, 0 %, 0 %
2026/03/24 02:24:23.653, 1, 233.16 W, 29, 2032 MHz, 3996 MHz, 0 %, 0 %
2026/03/24 02:24:23.653, 2, 233.89 W, 27, 2032 MHz, 3996 MHz, 0 %, 0 %
2026/03/24 02:24:23.653, 3, 234.18 W, 29, 2032 MHz, 3996 MHz, 0 %, 0 %
2026/03/24 02:24:23.653, 4, 179.20 W, 26, 120 MHz, 3996 MHz, 0 %, 0 %
2026/03/24 02:24:23.653, 5, 180.58 W, 28, 120 MHz, 3996 MHz, 0 %, 0 %
2026/03/24 02:24:23.653, 6, 178.57 W, 27, 120 MHz, 3996 MHz, 0 %, 0 %
2026/03/24 02:24:23.653, 7, 176.58 W, 28, 120 MHz, 3996 MHz, 0 %, 0 %
2026/03/24 02:24:24.653, 0, 228.75 W, 27, 2032 MHz, 3996 MHz, 0 %, 0 %
2026/03/24 02:24:24.653, 1, 233.16 W, 29, 2032 MHz, 3996 MHz, 0 %, 0 %
2026/03/24 02:24:24.653, 2, 233.88 W, 27, 2032 MHz, 3996 MHz, 0 %, 0 %
2026/03/24 02:24:24.653, 3, 233.95 W, 29, 2032 MHz, 3996 MHz, 0 %, 0 %
2026/03/24 02:24:24.653, 4, 179.43 W, 26, 120 MHz, 3996 MHz, 0 %, 0 %
2026/03/24 02:24:24.653, 5, 180.58 W, 28, 120 MHz, 3996 MHz, 0 %, 0 %
2026/03/24 02:24:24.653, 6, 178.57 W, 27, 120 MHz, 3996 MHz, 0 %, 0 %
2026/03/24 02:24:24.653, 7, 176.58 W, 28, 120 MHz, 3996 MHz, 0 %, 0 %
2026/03/24 02:24:25.653, 0, 228.52 W, 27, 2032 MHz, 3996 MHz, 0 %, 0 %
2026/03/24 02:24:25.653, 1, 233.16 W, 29, 2032 MHz, 3996 MHz, 0 %, 0 %
2026/03/24 02:24:25.653, 2, 233.88 W, 27, 2032 MHz, 3996 MHz, 0 %, 0 %
2026/03/24 02:24:25.653, 3, 233.99 W, 29, 2032 MHz, 3996 MHz, 0 %, 0 %
2026/03/24 02:24:25.653, 4, 179.13 W, 26, 120 MHz, 3996 MHz, 0 %, 0 %
2026/03/24 02:24:25.653, 5, 180.58 W, 28, 120 MHz, 3996 MHz, 0 %, 0 %
2026/03/24 02:24:25.653, 6, 178.64 W, 27, 120 MHz, 3996 MHz, 0 %, 0 %
2026/03/24 02:24:25.653, 7, 176.58 W, 28, 120 MHz, 3996 MHz, 0 %, 0 %
2026/03/24 02:24:26.653, 0, 228.56 W, 27, 2032 MHz, 3996 MHz, 0 %, 0 %
2026/03/24 02:24:26.653, 1, 233.16 W, 29, 2032 MHz, 3996 MHz, 0 %, 0 %
2026/03/24 02:24:26.653, 2, 233.88 W, 27, 2032 MHz, 3996 MHz, 0 %, 0 %
2026/03/24 02:24:26.653, 3, 234.01 W, 29, 2032 MHz, 3996 MHz, 0 %, 0 %
2026/03/24 02:24:26.653, 4, 179.47 W, 26, 120 MHz, 3996 MHz, 0 %, 0 %
2026/03/24 02:24:26.653, 5, 180.62 W, 28, 120 MHz, 3996 MHz, 0 %, 0 %
2026/03/24 02:24:26.653, 6, 178.64 W, 27, 120 MHz, 3996 MHz, 0 %, 0 %
2026/03/24 02:24:26.653, 7, 176.58 W, 28, 120 MHz, 3996 MHz, 0 %, 0 %
2026/03/24 02:24:27.653, 0, 228.60 W, 27, 2032 MHz, 3996 MHz, 0 %, 0 %
2026/03/24 02:24:27.653, 1, 233.16 W, 29, 2032 MHz, 3996 MHz, 0 %, 0 %
2026/03/24 02:24:27.653, 2, 233.87 W, 27, 2032 MHz, 3996 MHz, 0 %, 0 %
2026/03/24 02:24:27.653, 3, 234.18 W, 29, 2032 MHz, 3996 MHz, 0 %, 0 %
2026/03/24 02:24:27.653, 4, 179.22 W, 26, 120 MHz, 3996 MHz, 0 %, 0 %
2026/03/24 02:24:27.653, 5, 180.58 W, 28, 120 MHz, 3996 MHz, 0 %, 0 %
2026/03/24 02:24:27.653, 6, 178.57 W, 27, 120 MHz, 3996 MHz, 0 %, 0 %
2026/03/24 02:24:27.653, 7, 176.58 W, 28, 120 MHz, 3996 MHz, 0 %, 0 %
2026/03/24 02:24:28.653, 0, 228.67 W, 27, 2032 MHz, 3996 MHz, 0 %, 0 %
2026/03/24 02:24:28.653, 1, 233.16 W, 29, 2032 MHz, 3996 MHz, 0 %, 0 %
2026/03/24 02:24:28.653, 2, 233.88 W, 27, 2032 MHz, 3996 MHz, 0 %, 0 %
2026/03/24 02:24:28.653, 3, 233.74 W, 29, 2032 MHz, 3996 MHz, 0 %, 0 %
2026/03/24 02:24:28.653, 4, 179.28 W, 26, 120 MHz, 3996 MHz, 0 %, 0 %
2026/03/24 02:24:28.653, 5, 180.62 W, 28, 120 MHz, 3996 MHz, 0 %, 0 %
2026/03/24 02:24:28.653, 6, 178.52 W, 27, 120 MHz, 3996 MHz, 0 %, 0 %
2026/03/24 02:24:28.653, 7, 176.58 W, 28, 120 MHz, 3996 MHz, 0 %, 0 %
2026/03/24 02:24:29.653, 0, 228.56 W, 27, 2032 MHz, 3996 MHz, 0 %, 0 %
2026/03/24 02:24:29.653, 1, 233.16 W, 29, 2032 MHz, 3996 MHz, 0 %, 0 %
2026/03/24 02:24:29.654, 2, 233.88 W, 27, 2032 MHz, 3996 MHz, 0 %, 0 %
2026/03/24 02:24:29.654, 3, 233.93 W, 29, 2032 MHz, 3996 MHz, 0 %, 0 %
2026/03/24 02:24:29.654, 4, 179.18 W, 26, 120 MHz, 3996 MHz, 0 %, 0 %
2026/03/24 02:24:29.654, 5, 180.58 W, 28, 120 MHz, 3996 MHz, 0 %, 0 %
2026/03/24 02:24:29.654, 6, 178.64 W, 27, 120 MHz, 3996 MHz, 0 %, 0 %
2026/03/24 02:24:29.654, 7, 176.59 W, 28, 120 MHz, 3996 MHz, 0 %, 0 %
2026/03/24 02:24:30.654, 0, 228.40 W, 27, 2032 MHz, 3996 MHz, 0 %, 0 %
2026/03/24 02:24:30.654, 1, 233.16 W, 29, 2032 MHz, 3996 MHz, 0 %, 0 %
2026/03/24 02:24:30.654, 2, 233.88 W, 27, 2032 MHz, 3996 MHz, 0 %, 0 %
2026/03/24 02:24:30.654, 3, 234.45 W, 29, 2032 MHz, 3996 MHz, 0 %, 0 %
2026/03/24 02:24:30.654, 4, 179.32 W, 26, 120 MHz, 3996 MHz, 0 %, 0 %
2026/03/24 02:24:30.654, 5, 180.58 W, 28, 120 MHz, 3996 MHz, 0 %, 0 %
2026/03/24 02:24:30.654, 6, 178.60 W, 27, 120 MHz, 3996 MHz, 0 %, 0 %
2026/03/24 02:24:30.654, 7, 176.59 W, 28, 120 MHz, 3996 MHz, 0 %, 0 %
2026/03/24 02:24:31.654, 0, 228.45 W, 27, 2032 MHz, 3996 MHz, 0 %, 0 %
2026/03/24 02:24:31.654, 1, 233.16 W, 29, 2032 MHz, 3996 MHz, 0 %, 0 %
2026/03/24 02:24:31.654, 2, 233.87 W, 27, 2032 MHz, 3996 MHz, 0 %, 0 %
2026/03/24 02:24:31.654, 3, 234.43 W, 29, 2032 MHz, 3996 MHz, 0 %, 0 %
2026/03/24 02:24:31.654, 4, 179.38 W, 26, 120 MHz, 3996 MHz, 0 %, 0 %
2026/03/24 02:24:31.654, 5, 180.58 W, 28, 120 MHz, 3996 MHz, 0 %, 0 %
2026/03/24 02:24:31.654, 6, 178.41 W, 27, 120 MHz, 3996 MHz, 0 %, 0 %
2026/03/24 02:24:31.654, 7, 176.59 W, 28, 120 MHz, 3996 MHz, 0 %, 0 %
2026/03/24 02:24:32.654, 0, 228.51 W, 27, 2032 MHz, 3996 MHz, 0 %, 0 %
2026/03/24 02:24:32.654, 1, 233.16 W, 29, 2032 MHz, 3996 MHz, 0 %, 0 %
2026/03/24 02:24:32.654, 2, 233.87 W, 27, 2032 MHz, 3996 MHz, 0 %, 0 %
2026/03/24 02:24:32.654, 3, 234.15 W, 29, 2032 MHz, 3996 MHz, 0 %, 0 %
2026/03/24 02:24:32.654, 4, 179.35 W, 26, 120 MHz, 3996 MHz, 0 %, 0 %
2026/03/24 02:24:32.654, 5, 180.58 W, 28, 120 MHz, 3996 MHz, 0 %, 0 %
2026/03/24 02:24:32.654, 6, 178.52 W, 27, 120 MHz, 3996 MHz, 0 %, 0 %
2026/03/24 02:24:32.654, 7, 176.58 W, 28, 120 MHz, 3996 MHz, 0 %, 0 %
2026/03/24 02:24:33.654, 0, 228.62 W, 27, 2032 MHz, 3996 MHz, 0 %, 0 %
2026/03/24 02:24:33.654, 1, 233.16 W, 29, 2032 MHz, 3996 MHz, 0 %, 0 %
2026/03/24 02:24:33.654, 2, 233.88 W, 27, 2032 MHz, 3996 MHz, 0 %, 0 %
2026/03/24 02:24:33.654, 3, 234.10 W, 29, 2032 MHz, 3996 MHz, 0 %, 0 %
2026/03/24 02:24:33.654, 4, 179.09 W, 26, 120 MHz, 3996 MHz, 0 %, 0 %
2026/03/24 02:24:33.654, 5, 180.58 W, 28, 120 MHz, 3996 MHz, 0 %, 0 %
2026/03/24 02:24:33.654, 6, 178.49 W, 27, 120 MHz, 3996 MHz, 0 %, 0 %
2026/03/24 02:24:33.654, 7, 176.58 W, 28, 120 MHz, 3996 MHz, 0 %, 0 %
2026/03/24 02:24:34.654, 0, 228.40 W, 27, 2032 MHz, 3996 MHz, 0 %, 0 %
2026/03/24 02:24:34.654, 1, 233.16 W, 29, 2032 MHz, 3996 MHz, 0 %, 0 %
2026/03/24 02:24:34.654, 2, 233.91 W, 27, 2032 MHz, 3996 MHz, 0 %, 0 %
2026/03/24 02:24:34.654, 3, 234.34 W, 29, 2032 MHz, 3996 MHz, 0 %, 0 %
2026/03/24 02:24:34.654, 4, 179.09 W, 26, 120 MHz, 3996 MHz, 0 %, 0 %
2026/03/24 02:24:34.654, 5, 180.58 W, 28, 120 MHz, 3996 MHz, 0 %, 0 %
2026/03/24 02:24:34.654, 6, 178.57 W, 26, 120 MHz, 3996 MHz, 0 %, 0 %
2026/03/24 02:24:34.654, 7, 176.59 W, 28, 120 MHz, 3996 MHz, 0 %, 0 %
2026/03/24 02:24:35.654, 0, 228.56 W, 27, 2032 MHz, 3996 MHz, 0 %, 0 %
2026/03/24 02:24:35.654, 1, 233.16 W, 29, 2032 MHz, 3996 MHz, 0 %, 0 %
2026/03/24 02:24:35.654, 2, 233.90 W, 27, 2032 MHz, 3996 MHz, 0 %, 0 %
2026/03/24 02:24:35.654, 3, 234.54 W, 29, 2032 MHz, 3996 MHz, 0 %, 0 %
2026/03/24 02:24:35.654, 4, 179.09 W, 26, 120 MHz, 3996 MHz, 0 %, 0 %
2026/03/24 02:24:35.654, 5, 180.58 W, 28, 120 MHz, 3996 MHz, 0 %, 0 %
2026/03/24 02:24:35.654, 6, 178.56 W, 27, 120 MHz, 3996 MHz, 0 %, 0 %
2026/03/24 02:24:35.654, 7, 176.58 W, 28, 120 MHz, 3996 MHz, 0 %, 0 %
2026/03/24 02:24:36.655, 0, 228.67 W, 27, 2032 MHz, 3996 MHz, 0 %, 0 %
2026/03/24 02:24:36.655, 1, 233.16 W, 29, 2032 MHz, 3996 MHz, 0 %, 0 %
2026/03/24 02:24:36.655, 2, 233.91 W, 27, 2032 MHz, 3996 MHz, 0 %, 0 %
2026/03/24 02:24:36.655, 3, 234.24 W, 30, 2032 MHz, 3996 MHz, 0 %, 0 %
2026/03/24 02:24:36.655, 4, 179.50 W, 26, 120 MHz, 3996 MHz, 0 %, 0 %
2026/03/24 02:24:36.655, 5, 180.58 W, 28, 120 MHz, 3996 MHz, 0 %, 0 %
2026/03/24 02:24:36.655, 6, 178.49 W, 26, 120 MHz, 3996 MHz, 0 %, 0 %
2026/03/24 02:24:36.655, 7, 176.59 W, 28, 120 MHz, 3996 MHz, 0 %, 0 %
2026/03/24 02:24:37.655, 0, 228.54 W, 27, 2032 MHz, 3996 MHz, 0 %, 0 %
2026/03/24 02:24:37.655, 1, 233.16 W, 29, 2032 MHz, 3996 MHz, 0 %, 0 %
2026/03/24 02:24:37.655, 2, 233.95 W, 27, 2032 MHz, 3996 MHz, 0 %, 0 %
2026/03/24 02:24:37.655, 3, 234.18 W, 30, 2032 MHz, 3996 MHz, 0 %, 0 %
2026/03/24 02:24:37.655, 4, 179.37 W, 26, 120 MHz, 3996 MHz, 0 %, 0 %
2026/03/24 02:24:37.655, 5, 180.58 W, 28, 120 MHz, 3996 MHz, 0 %, 0 %
2026/03/24 02:24:37.655, 6, 178.57 W, 26, 120 MHz, 3996 MHz, 0 %, 0 %
2026/03/24 02:24:37.655, 7, 176.58 W, 28, 120 MHz, 3996 MHz, 0 %, 0 %
2026/03/24 02:24:38.655, 0, 228.41 W, 27, 2032 MHz, 3996 MHz, 0 %, 0 %
2026/03/24 02:24:38.655, 1, 233.16 W, 29, 2032 MHz, 3996 MHz, 0 %, 0 %
2026/03/24 02:24:38.655, 2, 233.91 W, 27, 2032 MHz, 3996 MHz, 0 %, 0 %
2026/03/24 02:24:38.655, 3, 233.74 W, 30, 2032 MHz, 3996 MHz, 0 %, 0 %
2026/03/24 02:24:38.655, 4, 179.36 W, 26, 120 MHz, 3996 MHz, 0 %, 0 %
2026/03/24 02:24:38.655, 5, 180.62 W, 28, 120 MHz, 3996 MHz, 0 %, 0 %
2026/03/24 02:24:38.655, 6, 178.49 W, 26, 120 MHz, 3996 MHz, 0 %, 0 %
2026/03/24 02:24:38.655, 7, 176.58 W, 28, 120 MHz, 3996 MHz, 0 %, 0 %
2026/03/24 02:24:39.655, 0, 228.14 W, 27, 2032 MHz, 3996 MHz, 0 %, 0 %
2026/03/24 02:24:39.655, 1, 233.16 W, 29, 2032 MHz, 3996 MHz, 0 %, 0 %
2026/03/24 02:24:39.655, 2, 233.96 W, 27, 2032 MHz, 3996 MHz, 0 %, 0 %
2026/03/24 02:24:39.655, 3, 233.51 W, 30, 2032 MHz, 3996 MHz, 0 %, 0 %
2026/03/24 02:24:39.655, 4, 179.22 W, 26, 120 MHz, 3996 MHz, 0 %, 0 %
2026/03/24 02:24:39.655, 5, 180.58 W, 28, 120 MHz, 3996 MHz, 0 %, 0 %
2026/03/24 02:24:39.655, 6, 178.57 W, 26, 120 MHz, 3996 MHz, 0 %, 0 %
2026/03/24 02:24:39.655, 7, 176.58 W, 28, 120 MHz, 3996 MHz, 0 %, 0 %
2026/03/24 02:24:40.655, 0, 228.29 W, 27, 2032 MHz, 3996 MHz, 0 %, 0 %
2026/03/24 02:24:40.655, 1, 233.24 W, 29, 2032 MHz, 3996 MHz, 0 %, 0 %
2026/03/24 02:24:40.655, 2, 233.95 W, 27, 2032 MHz, 3996 MHz, 0 %, 0 %
2026/03/24 02:24:40.655, 3, 233.36 W, 30, 2032 MHz, 3996 MHz, 0 %, 0 %
2026/03/24 02:24:40.655, 4, 179.18 W, 26, 120 MHz, 3996 MHz, 0 %, 0 %
2026/03/24 02:24:40.655, 5, 180.58 W, 28, 120 MHz, 3996 MHz, 0 %, 0 %
2026/03/24 02:24:40.655, 6, 178.53 W, 26, 120 MHz, 3996 MHz, 0 %, 0 %
2026/03/24 02:24:40.655, 7, 176.58 W, 28, 120 MHz, 3996 MHz, 0 %, 0 %
2026/03/24 02:24:41.655, 0, 228.06 W, 27, 2032 MHz, 3996 MHz, 0 %, 0 %
2026/03/24 02:24:41.655, 1, 233.16 W, 29, 2032 MHz, 3996 MHz, 1 %, 0 %
2026/03/24 02:24:41.655, 2, 233.89 W, 27, 2032 MHz, 3996 MHz, 1 %, 0 %
2026/03/24 02:24:41.656, 3, 233.21 W, 30, 2032 MHz, 3996 MHz, 1 %, 0 %
2026/03/24 02:24:41.656, 4, 179.40 W, 26, 120 MHz, 3996 MHz, 0 %, 0 %
2026/03/24 02:24:41.656, 5, 180.58 W, 28, 120 MHz, 3996 MHz, 0 %, 0 %
2026/03/24 02:24:41.656, 6, 178.45 W, 26, 120 MHz, 3996 MHz, 0 %, 0 %
2026/03/24 02:24:41.656, 7, 176.58 W, 28, 120 MHz, 3996 MHz, 0 %, 0 %
2026/03/24 02:24:42.656, 0, 228.10 W, 27, 2032 MHz, 3996 MHz, 0 %, 0 %
2026/03/24 02:24:42.656, 1, 233.16 W, 29, 2032 MHz, 3996 MHz, 0 %, 0 %
2026/03/24 02:24:42.656, 2, 233.90 W, 27, 2032 MHz, 3996 MHz, 0 %, 0 %
2026/03/24 02:24:42.656, 3, 233.17 W, 30, 2032 MHz, 3996 MHz, 0 %, 0 %
2026/03/24 02:24:42.656, 4, 179.40 W, 26, 120 MHz, 3996 MHz, 0 %, 0 %
2026/03/24 02:24:42.656, 5, 180.58 W, 28, 120 MHz, 3996 MHz, 0 %, 0 %
2026/03/24 02:24:42.656, 6, 178.41 W, 26, 120 MHz, 3996 MHz, 0 %, 0 %
2026/03/24 02:24:42.656, 7, 176.58 W, 28, 120 MHz, 3996 MHz, 0 %, 0 %
2026/03/24 02:24:43.656, 0, 228.06 W, 27, 2032 MHz, 3996 MHz, 0 %, 0 %
2026/03/24 02:24:43.656, 1, 233.16 W, 29, 2032 MHz, 3996 MHz, 0 %, 0 %
2026/03/24 02:24:43.656, 2, 233.90 W, 27, 2032 MHz, 3996 MHz, 0 %, 0 %
2026/03/24 02:24:43.656, 3, 233.21 W, 30, 2032 MHz, 3996 MHz, 0 %, 0 %
2026/03/24 02:24:43.656, 4, 179.27 W, 26, 120 MHz, 3996 MHz, 0 %, 0 %
2026/03/24 02:24:43.656, 5, 180.58 W, 28, 120 MHz, 3996 MHz, 0 %, 0 %
2026/03/24 02:24:43.656, 6, 178.60 W, 26, 120 MHz, 3996 MHz, 0 %, 0 %
2026/03/24 02:24:43.656, 7, 176.58 W, 28, 120 MHz, 3996 MHz, 0 %, 0 %
2026/03/24 02:24:44.656, 0, 228.06 W, 27, 2032 MHz, 3996 MHz, 0 %, 0 %
2026/03/24 02:24:44.656, 1, 233.16 W, 29, 2032 MHz, 3996 MHz, 0 %, 0 %
2026/03/24 02:24:44.656, 2, 233.90 W, 27, 2032 MHz, 3996 MHz, 0 %, 0 %
2026/03/24 02:24:44.656, 3, 233.16 W, 30, 2032 MHz, 3996 MHz, 0 %, 0 %
2026/03/24 02:24:44.656, 4, 179.28 W, 26, 120 MHz, 3996 MHz, 0 %, 0 %
2026/03/24 02:24:44.656, 5, 180.58 W, 28, 120 MHz, 3996 MHz, 0 %, 0 %
2026/03/24 02:24:44.656, 6, 178.53 W, 26, 120 MHz, 3996 MHz, 0 %, 0 %
2026/03/24 02:24:44.656, 7, 176.59 W, 28, 120 MHz, 3996 MHz, 0 %, 0 %
2026/03/24 02:24:45.656, 0, 228.05 W, 27, 2032 MHz, 3996 MHz, 0 %, 0 %
2026/03/24 02:24:45.656, 1, 233.16 W, 29, 2032 MHz, 3996 MHz, 0 %, 0 %
2026/03/24 02:24:45.656, 2, 233.88 W, 27, 2032 MHz, 3996 MHz, 0 %, 0 %
2026/03/24 02:24:45.656, 3, 233.17 W, 30, 2032 MHz, 3996 MHz, 0 %, 0 %
2026/03/24 02:24:45.656, 4, 179.25 W, 26, 120 MHz, 3996 MHz, 0 %, 0 %
2026/03/24 02:24:45.656, 5, 180.58 W, 28, 120 MHz, 3996 MHz, 0 %, 0 %
2026/03/24 02:24:45.656, 6, 178.60 W, 26, 120 MHz, 3996 MHz, 0 %, 0 %
2026/03/24 02:24:45.656, 7, 176.58 W, 28, 120 MHz, 3996 MHz, 0 %, 0 %
2026/03/24 02:24:46.656, 0, 228.06 W, 27, 2032 MHz, 3996 MHz, 0 %, 0 %
2026/03/24 02:24:46.656, 1, 233.16 W, 29, 2032 MHz, 3996 MHz, 0 %, 0 %
2026/03/24 02:24:46.656, 2, 233.91 W, 27, 2032 MHz, 3996 MHz, 0 %, 0 %
2026/03/24 02:24:46.656, 3, 233.18 W, 30, 2032 MHz, 3996 MHz, 0 %, 0 %
2026/03/24 02:24:46.656, 4, 178.99 W, 26, 120 MHz, 3996 MHz, 0 %, 0 %
2026/03/24 02:24:46.656, 5, 180.58 W, 28, 120 MHz, 3996 MHz, 0 %, 0 %
2026/03/24 02:24:46.656, 6, 178.53 W, 26, 120 MHz, 3996 MHz, 0 %, 0 %
2026/03/24 02:24:46.656, 7, 176.58 W, 28, 120 MHz, 3996 MHz, 0 %, 0 %
2026/03/24 02:24:47.656, 0, 228.06 W, 27, 2032 MHz, 3996 MHz, 0 %, 0 %
2026/03/24 02:24:47.656, 1, 233.13 W, 29, 2032 MHz, 3996 MHz, 0 %, 0 %
2026/03/24 02:24:47.656, 2, 233.89 W, 27, 2032 MHz, 3996 MHz, 0 %, 0 %
2026/03/24 02:24:47.656, 3, 233.21 W, 30, 2032 MHz, 3996 MHz, 0 %, 0 %
2026/03/24 02:24:47.656, 4, 179.20 W, 26, 120 MHz, 3996 MHz, 0 %, 0 %
2026/03/24 02:24:47.656, 5, 180.58 W, 28, 120 MHz, 3996 MHz, 0 %, 0 %
2026/03/24 02:24:47.656, 6, 178.49 W, 26, 120 MHz, 3996 MHz, 0 %, 0 %
2026/03/24 02:24:47.656, 7, 176.58 W, 28, 120 MHz, 3996 MHz, 0 %, 0 %
2026/03/24 02:24:48.657, 0, 228.07 W, 27, 2032 MHz, 3996 MHz, 0 %, 0 %
2026/03/24 02:24:48.657, 1, 233.16 W, 29, 2032 MHz, 3996 MHz, 0 %, 0 %
2026/03/24 02:24:48.657, 2, 233.93 W, 27, 2032 MHz, 3996 MHz, 0 %, 0 %
2026/03/24 02:24:48.657, 3, 233.22 W, 30, 2032 MHz, 3996 MHz, 0 %, 0 %
2026/03/24 02:24:48.657, 4, 179.13 W, 26, 120 MHz, 3996 MHz, 0 %, 0 %
2026/03/24 02:24:48.657, 5, 180.58 W, 28, 120 MHz, 3996 MHz, 0 %, 0 %
2026/03/24 02:24:48.657, 6, 178.41 W, 26, 120 MHz, 3996 MHz, 0 %, 0 %
2026/03/24 02:24:48.657, 7, 176.58 W, 28, 120 MHz, 3996 MHz, 0 %, 0 %
2026/03/24 02:24:49.657, 0, 228.07 W, 27, 2032 MHz, 3996 MHz, 0 %, 0 %
2026/03/24 02:24:49.657, 1, 233.16 W, 29, 2032 MHz, 3996 MHz, 0 %, 0 %
2026/03/24 02:24:49.657, 2, 233.91 W, 27, 2032 MHz, 3996 MHz, 0 %, 0 %
2026/03/24 02:24:49.657, 3, 233.25 W, 30, 2032 MHz, 3996 MHz, 0 %, 0 %
2026/03/24 02:24:49.657, 4, 179.09 W, 26, 120 MHz, 3996 MHz, 0 %, 0 %
2026/03/24 02:24:49.657, 5, 180.58 W, 28, 120 MHz, 3996 MHz, 0 %, 0 %
2026/03/24 02:24:49.657, 6, 178.64 W, 26, 120 MHz, 3996 MHz, 0 %, 0 %
2026/03/24 02:24:49.657, 7, 176.58 W, 28, 120 MHz, 3996 MHz, 0 %, 0 %
2026/03/24 02:24:50.657, 0, 228.07 W, 27, 2032 MHz, 3996 MHz, 0 %, 0 %
2026/03/24 02:24:50.657, 1, 233.16 W, 29, 2032 MHz, 3996 MHz, 0 %, 0 %
2026/03/24 02:24:50.657, 2, 233.90 W, 27, 2032 MHz, 3996 MHz, 0 %, 0 %
2026/03/24 02:24:50.657, 3, 233.20 W, 30, 2032 MHz, 3996 MHz, 0 %, 0 %
2026/03/24 02:24:50.657, 4, 179.06 W, 26, 120 MHz, 3996 MHz, 0 %, 0 %
2026/03/24 02:24:50.657, 5, 180.58 W, 28, 120 MHz, 3996 MHz, 0 %, 0 %
2026/03/24 02:24:50.657, 6, 178.45 W, 26, 120 MHz, 3996 MHz, 0 %, 0 %
2026/03/24 02:24:50.657, 7, 176.58 W, 28, 120 MHz, 3996 MHz, 0 %, 0 %
2026/03/24 02:24:51.657, 0, 228.06 W, 27, 2032 MHz, 3996 MHz, 0 %, 0 %
2026/03/24 02:24:51.657, 1, 233.16 W, 29, 2032 MHz, 3996 MHz, 0 %, 0 %
2026/03/24 02:24:51.657, 2, 233.91 W, 27, 2032 MHz, 3996 MHz, 0 %, 0 %
2026/03/24 02:24:51.657, 3, 233.19 W, 30, 2032 MHz, 3996 MHz, 0 %, 0 %
2026/03/24 02:24:51.657, 4, 178.99 W, 26, 120 MHz, 3996 MHz, 0 %, 0 %
2026/03/24 02:24:51.657, 5, 180.58 W, 28, 120 MHz, 3996 MHz, 0 %, 0 %
2026/03/24 02:24:51.657, 6, 178.34 W, 26, 120 MHz, 3996 MHz, 0 %, 0 %
2026/03/24 02:24:51.657, 7, 176.58 W, 28, 120 MHz, 3996 MHz, 0 %, 0 %
2026/03/24 02:24:52.657, 0, 228.10 W, 27, 2032 MHz, 3996 MHz, 0 %, 0 %
2026/03/24 02:24:52.657, 1, 233.24 W, 29, 2032 MHz, 3996 MHz, 0 %, 0 %
2026/03/24 02:24:52.657, 2, 233.93 W, 27, 2032 MHz, 3996 MHz, 0 %, 0 %
2026/03/24 02:24:52.657, 3, 233.64 W, 30, 2032 MHz, 3996 MHz, 0 %, 0 %
2026/03/24 02:24:52.657, 4, 179.16 W, 26, 120 MHz, 3996 MHz, 0 %, 0 %
2026/03/24 02:24:52.657, 5, 180.58 W, 28, 120 MHz, 3996 MHz, 0 %, 0 %
2026/03/24 02:24:52.657, 6, 178.37 W, 26, 120 MHz, 3996 MHz, 0 %, 0 %
2026/03/24 02:24:52.657, 7, 176.59 W, 28, 120 MHz, 3996 MHz, 0 %, 0 %
2026/03/24 02:24:53.657, 0, 228.18 W, 27, 2032 MHz, 3996 MHz, 0 %, 0 %
2026/03/24 02:24:53.657, 1, 233.20 W, 29, 2032 MHz, 3996 MHz, 0 %, 0 %
2026/03/24 02:24:53.657, 2, 233.87 W, 27, 2032 MHz, 3996 MHz, 0 %, 0 %
2026/03/24 02:24:53.657, 3, 233.62 W, 30, 2032 MHz, 3996 MHz, 0 %, 0 %
2026/03/24 02:24:53.657, 4, 179.06 W, 26, 120 MHz, 3996 MHz, 0 %, 0 %
2026/03/24 02:24:53.657, 5, 180.58 W, 28, 120 MHz, 3996 MHz, 0 %, 0 %
2026/03/24 02:24:53.657, 6, 178.41 W, 26, 120 MHz, 3996 MHz, 0 %, 0 %
2026/03/24 02:24:53.657, 7, 176.58 W, 28, 120 MHz, 3996 MHz, 0 %, 0 %
2026/03/24 02:24:54.657, 0, 228.07 W, 27, 2032 MHz, 3996 MHz, 0 %, 0 %
2026/03/24 02:24:54.657, 1, 233.16 W, 29, 2032 MHz, 3996 MHz, 0 %, 0 %
2026/03/24 02:24:54.657, 2, 233.88 W, 27, 2032 MHz, 3996 MHz, 0 %, 0 %
2026/03/24 02:24:54.657, 3, 233.19 W, 30, 2032 MHz, 3996 MHz, 0 %, 0 %
2026/03/24 02:24:54.657, 4, 179.21 W, 26, 120 MHz, 3996 MHz, 0 %, 0 %
2026/03/24 02:24:54.657, 5, 180.58 W, 28, 120 MHz, 3996 MHz, 0 %, 0 %
2026/03/24 02:24:54.657, 6, 178.34 W, 26, 120 MHz, 3996 MHz, 0 %, 0 %
2026/03/24 02:24:54.657, 7, 176.58 W, 28, 120 MHz, 3996 MHz, 0 %, 0 %
2026/03/24 02:24:55.658, 0, 228.07 W, 27, 2032 MHz, 3996 MHz, 0 %, 0 %
2026/03/24 02:24:55.658, 1, 233.16 W, 29, 2032 MHz, 3996 MHz, 0 %, 0 %
2026/03/24 02:24:55.658, 2, 233.91 W, 27, 2032 MHz, 3996 MHz, 0 %, 0 %
2026/03/24 02:24:55.658, 3, 233.19 W, 30, 2032 MHz, 3996 MHz, 0 %, 0 %
2026/03/24 02:24:55.658, 4, 179.18 W, 26, 120 MHz, 3996 MHz, 0 %, 0 %
2026/03/24 02:24:55.658, 5, 180.58 W, 28, 120 MHz, 3996 MHz, 0 %, 0 %
2026/03/24 02:24:55.658, 6, 178.49 W, 26, 120 MHz, 3996 MHz, 0 %, 0 %
2026/03/24 02:24:55.658, 7, 176.59 W, 28, 120 MHz, 3996 MHz, 0 %, 0 %
2026/03/24 02:24:56.658, 0, 228.07 W, 27, 2032 MHz, 3996 MHz, 0 %, 0 %
2026/03/24 02:24:56.658, 1, 233.16 W, 29, 2032 MHz, 3996 MHz, 0 %, 0 %
2026/03/24 02:24:56.658, 2, 233.92 W, 27, 2032 MHz, 3996 MHz, 0 %, 0 %
2026/03/24 02:24:56.658, 3, 233.19 W, 30, 2032 MHz, 3996 MHz, 0 %, 0 %
2026/03/24 02:24:56.658, 4, 179.49 W, 26, 120 MHz, 3996 MHz, 0 %, 0 %
2026/03/24 02:24:56.658, 5, 180.58 W, 28, 120 MHz, 3996 MHz, 0 %, 0 %
2026/03/24 02:24:56.658, 6, 178.49 W, 26, 120 MHz, 3996 MHz, 0 %, 0 %
2026/03/24 02:24:56.658, 7, 176.58 W, 28, 120 MHz, 3996 MHz, 0 %, 0 %
2026/03/24 02:24:57.658, 0, 228.06 W, 27, 2032 MHz, 3996 MHz, 0 %, 0 %
2026/03/24 02:24:57.658, 1, 233.16 W, 29, 2032 MHz, 3996 MHz, 0 %, 0 %
2026/03/24 02:24:57.658, 2, 233.90 W, 27, 2032 MHz, 3996 MHz, 0 %, 0 %
2026/03/24 02:24:57.658, 3, 233.24 W, 30, 2032 MHz, 3996 MHz, 0 %, 0 %
2026/03/24 02:24:57.658, 4, 179.37 W, 26, 120 MHz, 3996 MHz, 0 %, 0 %
2026/03/24 02:24:57.658, 5, 180.58 W, 28, 120 MHz, 3996 MHz, 0 %, 0 %
2026/03/24 02:24:57.658, 6, 178.22 W, 26, 120 MHz, 3996 MHz, 0 %, 0 %
2026/03/24 02:24:57.658, 7, 176.58 W, 28, 120 MHz, 3996 MHz, 0 %, 0 %
2026/03/24 02:24:58.658, 0, 228.07 W, 27, 2032 MHz, 3996 MHz, 7 %, 0 %
2026/03/24 02:24:58.658, 1, 233.16 W, 29, 2032 MHz, 3996 MHz, 7 %, 0 %
2026/03/24 02:24:58.658, 2, 233.89 W, 27, 2032 MHz, 3996 MHz, 7 %, 0 %
2026/03/24 02:24:58.658, 3, 233.24 W, 30, 2032 MHz, 3996 MHz, 7 %, 0 %
2026/03/24 02:24:58.658, 4, 179.09 W, 26, 120 MHz, 3996 MHz, 0 %, 0 %
2026/03/24 02:24:58.658, 5, 180.58 W, 28, 120 MHz, 3996 MHz, 0 %, 0 %
2026/03/24 02:24:58.658, 6, 178.45 W, 26, 120 MHz, 3996 MHz, 0 %, 0 %
2026/03/24 02:24:58.658, 7, 176.59 W, 28, 120 MHz, 3996 MHz, 0 %, 0 %
2026/03/24 02:24:59.658, 0, 228.71 W, 27, 2032 MHz, 3996 MHz, 11 %, 0 %
2026/03/24 02:24:59.658, 1, 233.36 W, 29, 2032 MHz, 3996 MHz, 10 %, 0 %
2026/03/24 02:24:59.658, 2, 234.18 W, 27, 2032 MHz, 3996 MHz, 10 %, 0 %
2026/03/24 02:24:59.658, 3, 233.93 W, 30, 2032 MHz, 3996 MHz, 5 %, 0 %
2026/03/24 02:24:59.658, 4, 179.14 W, 26, 120 MHz, 3996 MHz, 0 %, 0 %
2026/03/24 02:24:59.658, 5, 180.58 W, 28, 120 MHz, 3996 MHz, 0 %, 0 %
2026/03/24 02:24:59.658, 6, 178.49 W, 26, 120 MHz, 3996 MHz, 0 %, 0 %
2026/03/24 02:24:59.658, 7, 176.58 W, 28, 120 MHz, 3996 MHz, 0 %, 0 %
2026/03/24 02:25:00.658, 0, 229.22 W, 27, 2032 MHz, 3996 MHz, 5 %, 0 %
2026/03/24 02:25:00.658, 1, 233.43 W, 29, 2032 MHz, 3996 MHz, 6 %, 0 %
2026/03/24 02:25:00.658, 2, 234.18 W, 27, 2032 MHz, 3996 MHz, 9 %, 0 %
2026/03/24 02:25:00.658, 3, 234.65 W, 30, 2032 MHz, 3996 MHz, 5 %, 0 %
2026/03/24 02:25:00.658, 4, 179.03 W, 26, 120 MHz, 3996 MHz, 0 %, 0 %
2026/03/24 02:25:00.658, 5, 180.58 W, 28, 120 MHz, 3996 MHz, 0 %, 0 %
2026/03/24 02:25:00.658, 6, 178.30 W, 26, 120 MHz, 3996 MHz, 0 %, 0 %
2026/03/24 02:25:00.658, 7, 176.58 W, 28, 120 MHz, 3996 MHz, 0 %, 0 %
2026/03/24 02:25:01.658, 0, 229.38 W, 27, 2032 MHz, 3996 MHz, 5 %, 0 %
2026/03/24 02:25:01.658, 1, 233.90 W, 29, 2032 MHz, 3996 MHz, 6 %, 0 %
2026/03/24 02:25:01.658, 2, 234.04 W, 27, 2032 MHz, 3996 MHz, 6 %, 0 %
2026/03/24 02:25:01.658, 3, 234.69 W, 30, 2032 MHz, 3996 MHz, 5 %, 0 %
2026/03/24 02:25:01.658, 4, 179.12 W, 26, 120 MHz, 3996 MHz, 0 %, 0 %
2026/03/24 02:25:01.659, 5, 180.58 W, 28, 120 MHz, 3996 MHz, 0 %, 0 %
2026/03/24 02:25:01.659, 6, 178.45 W, 26, 120 MHz, 3996 MHz, 0 %, 0 %
2026/03/24 02:25:01.659, 7, 176.58 W, 28, 120 MHz, 3996 MHz, 0 %, 0 %
2026/03/24 02:25:02.659, 0, 229.34 W, 27, 2032 MHz, 3996 MHz, 7 %, 0 %
2026/03/24 02:25:02.659, 1, 233.79 W, 29, 2032 MHz, 3996 MHz, 6 %, 0 %
2026/03/24 02:25:02.659, 2, 234.06 W, 27, 2032 MHz, 3996 MHz, 9 %, 0 %
2026/03/24 02:25:02.659, 3, 234.77 W, 30, 2032 MHz, 3996 MHz, 5 %, 0 %
2026/03/24 02:25:02.659, 4, 179.22 W, 26, 120 MHz, 3996 MHz, 0 %, 0 %
2026/03/24 02:25:02.659, 5, 180.58 W, 28, 120 MHz, 3996 MHz, 0 %, 0 %
2026/03/24 02:25:02.659, 6, 178.25 W, 26, 120 MHz, 3996 MHz, 0 %, 0 %
2026/03/24 02:25:02.659, 7, 176.58 W, 28, 120 MHz, 3996 MHz, 0 %, 0 %
2026/03/24 02:25:03.659, 0, 229.43 W, 28, 2032 MHz, 3996 MHz, 11 %, 0 %
2026/03/24 02:25:03.659, 1, 233.93 W, 29, 2032 MHz, 3996 MHz, 6 %, 0 %
2026/03/24 02:25:03.659, 2, 234.25 W, 27, 2032 MHz, 3996 MHz, 9 %, 0 %
2026/03/24 02:25:03.659, 3, 234.77 W, 30, 2032 MHz, 3996 MHz, 5 %, 0 %
2026/03/24 02:25:03.659, 4, 179.29 W, 26, 120 MHz, 3996 MHz, 0 %, 0 %
2026/03/24 02:25:03.659, 5, 180.58 W, 28, 120 MHz, 3996 MHz, 0 %, 0 %
2026/03/24 02:25:03.659, 6, 178.56 W, 26, 120 MHz, 3996 MHz, 0 %, 0 %
2026/03/24 02:25:03.659, 7, 176.58 W, 28, 120 MHz, 3996 MHz, 0 %, 0 %
2026/03/24 02:25:04.659, 0, 229.38 W, 28, 2032 MHz, 3996 MHz, 11 %, 0 %
2026/03/24 02:25:04.659, 1, 233.86 W, 29, 2032 MHz, 3996 MHz, 5 %, 0 %
2026/03/24 02:25:04.659, 2, 234.04 W, 27, 2032 MHz, 3996 MHz, 9 %, 0 %
2026/03/24 02:25:04.659, 3, 234.74 W, 30, 2032 MHz, 3996 MHz, 5 %, 0 %
2026/03/24 02:25:04.659, 4, 179.28 W, 26, 120 MHz, 3996 MHz, 0 %, 0 %
2026/03/24 02:25:04.659, 5, 180.58 W, 28, 120 MHz, 3996 MHz, 0 %, 0 %
2026/03/24 02:25:04.659, 6, 178.38 W, 26, 120 MHz, 3996 MHz, 0 %, 0 %
2026/03/24 02:25:04.659, 7, 176.58 W, 28, 120 MHz, 3996 MHz, 0 %, 0 %
2026/03/24 02:25:05.659, 0, 229.46 W, 27, 2032 MHz, 3996 MHz, 11 %, 0 %
2026/03/24 02:25:05.659, 1, 233.96 W, 29, 2032 MHz, 3996 MHz, 5 %, 0 %
2026/03/24 02:25:05.659, 2, 234.33 W, 27, 2032 MHz, 3996 MHz, 9 %, 0 %
2026/03/24 02:25:05.659, 3, 234.80 W, 30, 2032 MHz, 3996 MHz, 5 %, 0 %
2026/03/24 02:25:05.659, 4, 179.21 W, 26, 120 MHz, 3996 MHz, 0 %, 0 %
2026/03/24 02:25:05.659, 5, 180.58 W, 28, 120 MHz, 3996 MHz, 0 %, 0 %
2026/03/24 02:25:05.659, 6, 178.49 W, 26, 120 MHz, 3996 MHz, 0 %, 0 %
2026/03/24 02:25:05.659, 7, 176.58 W, 28, 120 MHz, 3996 MHz, 0 %, 0 %
2026/03/24 02:25:06.659, 0, 229.30 W, 28, 2032 MHz, 3996 MHz, 11 %, 0 %
2026/03/24 02:25:06.659, 1, 233.90 W, 29, 2032 MHz, 3996 MHz, 4 %, 0 %
2026/03/24 02:25:06.659, 2, 234.19 W, 27, 2032 MHz, 3996 MHz, 9 %, 0 %
2026/03/24 02:25:06.659, 3, 234.57 W, 30, 2032 MHz, 3996 MHz, 5 %, 0 %
2026/03/24 02:25:06.659, 4, 179.17 W, 26, 120 MHz, 3996 MHz, 0 %, 0 %
2026/03/24 02:25:06.659, 5, 180.58 W, 28, 120 MHz, 3996 MHz, 0 %, 0 %
2026/03/24 02:25:06.659, 6, 178.52 W, 26, 120 MHz, 3996 MHz, 0 %, 0 %
2026/03/24 02:25:06.659, 7, 176.58 W, 28, 120 MHz, 3996 MHz, 0 %, 0 %
2026/03/24 02:25:07.659, 0, 229.33 W, 28, 2032 MHz, 3996 MHz, 11 %, 0 %
2026/03/24 02:25:07.659, 1, 234.04 W, 29, 2032 MHz, 3996 MHz, 4 %, 0 %
2026/03/24 02:25:07.659, 2, 234.20 W, 27, 2032 MHz, 3996 MHz, 8 %, 0 %
2026/03/24 02:25:07.659, 3, 234.80 W, 30, 2032 MHz, 3996 MHz, 5 %, 0 %
2026/03/24 02:25:07.659, 4, 179.37 W, 26, 120 MHz, 3996 MHz, 0 %, 0 %
2026/03/24 02:25:07.659, 5, 180.58 W, 28, 120 MHz, 3996 MHz, 0 %, 0 %
2026/03/24 02:25:07.659, 6, 178.52 W, 26, 120 MHz, 3996 MHz, 0 %, 0 %
2026/03/24 02:25:07.659, 7, 176.58 W, 28, 120 MHz, 3996 MHz, 0 %, 0 %
2026/03/24 02:25:08.660, 0, 229.26 W, 28, 2032 MHz, 3996 MHz, 11 %, 0 %
2026/03/24 02:25:08.660, 1, 233.67 W, 29, 2032 MHz, 3996 MHz, 4 %, 0 %
2026/03/24 02:25:08.660, 2, 234.07 W, 27, 2032 MHz, 3996 MHz, 5 %, 0 %
2026/03/24 02:25:08.660, 3, 234.81 W, 30, 2032 MHz, 3996 MHz, 5 %, 0 %
2026/03/24 02:25:08.660, 4, 178.98 W, 26, 120 MHz, 3996 MHz, 0 %, 0 %
2026/03/24 02:25:08.660, 5, 180.58 W, 28, 120 MHz, 3996 MHz, 0 %, 0 %
2026/03/24 02:25:08.660, 6, 178.49 W, 26, 120 MHz, 3996 MHz, 0 %, 0 %
2026/03/24 02:25:08.660, 7, 176.58 W, 28, 120 MHz, 3996 MHz, 0 %, 0 %
2026/03/24 02:25:09.660, 0, 229.20 W, 28, 2032 MHz, 3996 MHz, 11 %, 0 %
2026/03/24 02:25:09.660, 1, 233.74 W, 29, 2032 MHz, 3996 MHz, 4 %, 0 %
2026/03/24 02:25:09.660, 2, 233.99 W, 27, 2032 MHz, 3996 MHz, 5 %, 0 %
2026/03/24 02:25:09.660, 3, 234.69 W, 30, 2032 MHz, 3996 MHz, 6 %, 0 %
2026/03/24 02:25:09.660, 4, 179.17 W, 26, 120 MHz, 3996 MHz, 0 %, 0 %
2026/03/24 02:25:09.660, 5, 180.58 W, 28, 120 MHz, 3996 MHz, 0 %, 0 %
2026/03/24 02:25:09.660, 6, 178.53 W, 26, 120 MHz, 3996 MHz, 0 %, 0 %
2026/03/24 02:25:09.660, 7, 176.58 W, 28, 120 MHz, 3996 MHz, 0 %, 0 %
2026/03/24 02:25:10.660, 0, 229.30 W, 28, 2032 MHz, 3996 MHz, 9 %, 0 %
2026/03/24 02:25:10.660, 1, 233.59 W, 29, 2032 MHz, 3996 MHz, 4 %, 0 %
2026/03/24 02:25:10.660, 2, 234.29 W, 27, 2032 MHz, 3996 MHz, 5 %, 0 %
2026/03/24 02:25:10.660, 3, 234.96 W, 30, 2032 MHz, 3996 MHz, 7 %, 0 %
2026/03/24 02:25:10.660, 4, 179.13 W, 26, 120 MHz, 3996 MHz, 0 %, 0 %
2026/03/24 02:25:10.660, 5, 180.58 W, 28, 120 MHz, 3996 MHz, 0 %, 0 %
2026/03/24 02:25:10.660, 6, 178.37 W, 26, 120 MHz, 3996 MHz, 0 %, 0 %
2026/03/24 02:25:10.660, 7, 176.58 W, 28, 120 MHz, 3996 MHz, 0 %, 0 %
2026/03/24 02:25:11.660, 0, 229.26 W, 28, 2032 MHz, 3996 MHz, 5 %, 0 %
2026/03/24 02:25:11.660, 1, 233.58 W, 29, 2032 MHz, 3996 MHz, 5 %, 0 %
2026/03/24 02:25:11.660, 2, 234.19 W, 27, 2032 MHz, 3996 MHz, 4 %, 0 %
2026/03/24 02:25:11.660, 3, 234.72 W, 30, 2032 MHz, 3996 MHz, 8 %, 0 %
2026/03/24 02:25:11.660, 4, 179.10 W, 26, 120 MHz, 3996 MHz, 0 %, 0 %
2026/03/24 02:25:11.660, 5, 180.58 W, 28, 120 MHz, 3996 MHz, 0 %, 0 %
2026/03/24 02:25:11.660, 6, 178.41 W, 26, 120 MHz, 3996 MHz, 0 %, 0 %
2026/03/24 02:25:11.660, 7, 176.58 W, 28, 120 MHz, 3996 MHz, 0 %, 0 %
2026/03/24 02:25:12.660, 0, 229.37 W, 28, 2032 MHz, 3996 MHz, 5 %, 0 %
2026/03/24 02:25:12.660, 1, 233.63 W, 29, 2032 MHz, 3996 MHz, 5 %, 0 %
2026/03/24 02:25:12.660, 2, 234.37 W, 27, 2032 MHz, 3996 MHz, 5 %, 0 %
2026/03/24 02:25:12.660, 3, 234.89 W, 30, 2032 MHz, 3996 MHz, 10 %, 0 %
2026/03/24 02:25:12.660, 4, 179.09 W, 26, 120 MHz, 3996 MHz, 0 %, 0 %
2026/03/24 02:25:12.660, 5, 180.58 W, 28, 120 MHz, 3996 MHz, 0 %, 0 %
2026/03/24 02:25:12.660, 6, 178.53 W, 26, 120 MHz, 3996 MHz, 0 %, 0 %
2026/03/24 02:25:12.660, 7, 176.58 W, 28, 120 MHz, 3996 MHz, 0 %, 0 %
2026/03/24 02:25:13.660, 0, 229.48 W, 28, 2032 MHz, 3996 MHz, 5 %, 0 %
2026/03/24 02:25:13.660, 1, 233.70 W, 29, 2032 MHz, 3996 MHz, 5 %, 0 %
2026/03/24 02:25:13.660, 2, 234.25 W, 27, 2032 MHz, 3996 MHz, 8 %, 0 %
2026/03/24 02:25:13.660, 3, 234.90 W, 30, 2032 MHz, 3996 MHz, 10 %, 0 %
2026/03/24 02:25:13.660, 4, 179.45 W, 26, 120 MHz, 3996 MHz, 0 %, 0 %
2026/03/24 02:25:13.660, 5, 180.58 W, 28, 120 MHz, 3996 MHz, 0 %, 0 %
2026/03/24 02:25:13.660, 6, 178.38 W, 26, 120 MHz, 3996 MHz, 0 %, 0 %
2026/03/24 02:25:13.660, 7, 176.58 W, 28, 120 MHz, 3996 MHz, 0 %, 0 %
2026/03/24 02:25:14.660, 0, 229.51 W, 28, 2032 MHz, 3996 MHz, 5 %, 0 %
2026/03/24 02:25:14.661, 1, 233.77 W, 29, 2032 MHz, 3996 MHz, 5 %, 0 %
2026/03/24 02:25:14.661, 2, 234.24 W, 27, 2032 MHz, 3996 MHz, 9 %, 0 %
2026/03/24 02:25:14.661, 3, 234.54 W, 30, 2032 MHz, 3996 MHz, 10 %, 0 %
2026/03/24 02:25:14.661, 4, 179.29 W, 26, 120 MHz, 3996 MHz, 0 %, 0 %
2026/03/24 02:25:14.661, 5, 180.58 W, 28, 120 MHz, 3996 MHz, 0 %, 0 %
2026/03/24 02:25:14.661, 6, 178.41 W, 26, 120 MHz, 3996 MHz, 0 %, 0 %
2026/03/24 02:25:14.661, 7, 176.58 W, 28, 120 MHz, 3996 MHz, 0 %, 0 %
2026/03/24 02:25:15.661, 0, 229.53 W, 28, 2032 MHz, 3996 MHz, 5 %, 0 %
2026/03/24 02:25:15.661, 1, 233.94 W, 29, 2032 MHz, 3996 MHz, 5 %, 0 %
2026/03/24 02:25:15.661, 2, 234.45 W, 27, 2032 MHz, 3996 MHz, 8 %, 0 %
2026/03/24 02:25:15.661, 3, 234.59 W, 30, 2032 MHz, 3996 MHz, 10 %, 0 %
2026/03/24 02:25:15.661, 4, 179.43 W, 26, 120 MHz, 3996 MHz, 0 %, 0 %
2026/03/24 02:25:15.661, 5, 180.58 W, 28, 120 MHz, 3996 MHz, 0 %, 0 %
2026/03/24 02:25:15.661, 6, 178.53 W, 26, 120 MHz, 3996 MHz, 0 %, 0 %
2026/03/24 02:25:15.661, 7, 176.59 W, 28, 120 MHz, 3996 MHz, 0 %, 0 %
2026/03/24 02:25:16.661, 0, 229.46 W, 28, 2032 MHz, 3996 MHz, 10 %, 0 %
2026/03/24 02:25:16.661, 1, 233.67 W, 29, 2032 MHz, 3996 MHz, 4 %, 0 %
2026/03/24 02:25:16.661, 2, 234.41 W, 27, 2032 MHz, 3996 MHz, 8 %, 0 %
2026/03/24 02:25:16.661, 3, 234.53 W, 30, 2032 MHz, 3996 MHz, 10 %, 0 %
2026/03/24 02:25:16.661, 4, 179.12 W, 26, 120 MHz, 3996 MHz, 0 %, 0 %
2026/03/24 02:25:16.661, 5, 180.58 W, 28, 120 MHz, 3996 MHz, 0 %, 0 %
2026/03/24 02:25:16.661, 6, 178.57 W, 26, 120 MHz, 3996 MHz, 0 %, 0 %
2026/03/24 02:25:16.661, 7, 176.58 W, 27, 120 MHz, 3996 MHz, 0 %, 0 %
2026/03/24 02:25:17.661, 0, 229.32 W, 28, 2032 MHz, 3996 MHz, 11 %, 0 %
2026/03/24 02:25:17.661, 1, 234.02 W, 29, 2032 MHz, 3996 MHz, 4 %, 0 %
2026/03/24 02:25:17.661, 2, 234.24 W, 27, 2032 MHz, 3996 MHz, 8 %, 0 %
2026/03/24 02:25:17.661, 3, 234.61 W, 30, 2032 MHz, 3996 MHz, 10 %, 0 %
2026/03/24 02:25:17.661, 4, 179.22 W, 26, 120 MHz, 3996 MHz, 0 %, 0 %
2026/03/24 02:25:17.661, 5, 180.58 W, 28, 120 MHz, 3996 MHz, 0 %, 0 %
2026/03/24 02:25:17.661, 6, 178.26 W, 26, 120 MHz, 3996 MHz, 0 %, 0 %
2026/03/24 02:25:17.661, 7, 176.58 W, 28, 120 MHz, 3996 MHz, 0 %, 0 %
2026/03/24 02:25:18.661, 0, 229.28 W, 28, 2032 MHz, 3996 MHz, 11 %, 0 %
2026/03/24 02:25:18.661, 1, 233.79 W, 29, 2032 MHz, 3996 MHz, 4 %, 0 %
2026/03/24 02:25:18.661, 2, 234.24 W, 27, 2032 MHz, 3996 MHz, 9 %, 0 %
2026/03/24 02:25:18.661, 3, 234.67 W, 30, 2032 MHz, 3996 MHz, 10 %, 0 %
2026/03/24 02:25:18.661, 4, 179.25 W, 26, 120 MHz, 3996 MHz, 0 %, 0 %
2026/03/24 02:25:18.661, 5, 180.58 W, 28, 120 MHz, 3996 MHz, 0 %, 0 %
2026/03/24 02:25:18.661, 6, 178.41 W, 26, 120 MHz, 3996 MHz, 0 %, 0 %
2026/03/24 02:25:18.661, 7, 176.58 W, 27, 120 MHz, 3996 MHz, 0 %, 0 %
2026/03/24 02:25:19.661, 0, 229.38 W, 28, 2032 MHz, 3996 MHz, 11 %, 0 %
2026/03/24 02:25:19.661, 1, 233.89 W, 29, 2032 MHz, 3996 MHz, 4 %, 0 %
2026/03/24 02:25:19.661, 2, 234.11 W, 27, 2032 MHz, 3996 MHz, 7 %, 0 %
2026/03/24 02:25:19.661, 3, 234.68 W, 30, 2032 MHz, 3996 MHz, 10 %, 0 %
2026/03/24 02:25:19.661, 4, 179.13 W, 26, 120 MHz, 3996 MHz, 0 %, 0 %
2026/03/24 02:25:19.661, 5, 180.58 W, 28, 120 MHz, 3996 MHz, 0 %, 0 %
2026/03/24 02:25:19.661, 6, 178.41 W, 26, 120 MHz, 3996 MHz, 0 %, 0 %
2026/03/24 02:25:19.661, 7, 176.58 W, 28, 120 MHz, 3996 MHz, 0 %, 0 %
2026/03/24 02:25:20.661, 0, 229.38 W, 28, 2032 MHz, 3996 MHz, 11 %, 0 %
2026/03/24 02:25:20.661, 1, 233.85 W, 29, 2032 MHz, 3996 MHz, 5 %, 0 %
2026/03/24 02:25:20.661, 2, 234.04 W, 27, 2032 MHz, 3996 MHz, 9 %, 0 %
2026/03/24 02:25:20.661, 3, 234.70 W, 30, 2032 MHz, 3996 MHz, 10 %, 0 %
2026/03/24 02:25:20.661, 4, 179.39 W, 26, 120 MHz, 3996 MHz, 0 %, 0 %
2026/03/24 02:25:20.661, 5, 180.58 W, 28, 120 MHz, 3996 MHz, 0 %, 0 %
2026/03/24 02:25:20.662, 6, 178.60 W, 26, 120 MHz, 3996 MHz, 0 %, 0 %
2026/03/24 02:25:20.662, 7, 176.58 W, 28, 120 MHz, 3996 MHz, 0 %, 0 %
2026/03/24 02:25:21.662, 0, 229.38 W, 28, 2032 MHz, 3996 MHz, 11 %, 0 %
2026/03/24 02:25:21.662, 1, 233.90 W, 29, 2032 MHz, 3996 MHz, 5 %, 0 %
2026/03/24 02:25:21.662, 2, 234.06 W, 27, 2032 MHz, 3996 MHz, 9 %, 0 %
2026/03/24 02:25:21.662, 3, 234.65 W, 30, 2032 MHz, 3996 MHz, 10 %, 0 %
2026/03/24 02:25:21.662, 4, 179.06 W, 26, 120 MHz, 3996 MHz, 0 %, 0 %
2026/03/24 02:25:21.662, 5, 180.58 W, 28, 120 MHz, 3996 MHz, 0 %, 0 %
2026/03/24 02:25:21.662, 6, 178.60 W, 26, 120 MHz, 3996 MHz, 0 %, 0 %
2026/03/24 02:25:21.662, 7, 176.58 W, 27, 120 MHz, 3996 MHz, 0 %, 0 %
2026/03/24 02:25:22.662, 0, 229.45 W, 28, 2032 MHz, 3996 MHz, 11 %, 0 %
2026/03/24 02:25:22.662, 1, 233.82 W, 29, 2032 MHz, 3996 MHz, 5 %, 0 %
2026/03/24 02:25:22.662, 2, 234.22 W, 27, 2032 MHz, 3996 MHz, 5 %, 0 %
2026/03/24 02:25:22.662, 3, 234.77 W, 30, 2032 MHz, 3996 MHz, 10 %, 0 %
2026/03/24 02:25:22.662, 4, 179.18 W, 26, 120 MHz, 3996 MHz, 0 %, 0 %
2026/03/24 02:25:22.662, 5, 180.58 W, 28, 120 MHz, 3996 MHz, 0 %, 0 %
2026/03/24 02:25:22.662, 6, 178.53 W, 26, 120 MHz, 3996 MHz, 0 %, 0 %
2026/03/24 02:25:22.662, 7, 176.58 W, 27, 120 MHz, 3996 MHz, 0 %, 0 %
2026/03/24 02:25:23.662, 0, 229.43 W, 28, 2032 MHz, 3996 MHz, 11 %, 0 %
2026/03/24 02:25:23.662, 1, 233.93 W, 29, 2032 MHz, 3996 MHz, 5 %, 0 %
2026/03/24 02:25:23.662, 2, 234.15 W, 27, 2032 MHz, 3996 MHz, 5 %, 0 %
2026/03/24 02:25:23.662, 3, 234.66 W, 30, 2032 MHz, 3996 MHz, 10 %, 0 %
2026/03/24 02:25:23.662, 4, 179.18 W, 26, 120 MHz, 3996 MHz, 0 %, 0 %
2026/03/24 02:25:23.662, 5, 180.58 W, 28, 120 MHz, 3996 MHz, 0 %, 0 %
2026/03/24 02:25:23.662, 6, 178.34 W, 26, 120 MHz, 3996 MHz, 0 %, 0 %
2026/03/24 02:25:23.662, 7, 176.58 W, 28, 120 MHz, 3996 MHz, 0 %, 0 %
2026/03/24 02:25:24.662, 0, 229.31 W, 28, 2032 MHz, 3996 MHz, 8 %, 0 %
2026/03/24 02:25:24.662, 1, 234.00 W, 29, 2032 MHz, 3996 MHz, 5 %, 0 %
2026/03/24 02:25:24.662, 2, 234.25 W, 27, 2032 MHz, 3996 MHz, 5 %, 0 %
2026/03/24 02:25:24.662, 3, 234.77 W, 30, 2032 MHz, 3996 MHz, 10 %, 0 %
2026/03/24 02:25:24.662, 4, 179.47 W, 26, 120 MHz, 3996 MHz, 0 %, 0 %
2026/03/24 02:25:24.662, 5, 180.58 W, 28, 120 MHz, 3996 MHz, 0 %, 0 %
2026/03/24 02:25:24.662, 6, 178.21 W, 26, 120 MHz, 3996 MHz, 0 %, 0 %
2026/03/24 02:25:24.662, 7, 176.58 W, 27, 120 MHz, 3996 MHz, 0 %, 0 %
2026/03/24 02:25:25.662, 0, 229.17 W, 28, 2032 MHz, 3996 MHz, 5 %, 0 %
2026/03/24 02:25:25.662, 1, 233.98 W, 29, 2032 MHz, 3996 MHz, 5 %, 0 %
2026/03/24 02:25:25.662, 2, 234.43 W, 27, 2032 MHz, 3996 MHz, 5 %, 0 %
2026/03/24 02:25:25.662, 3, 234.88 W, 30, 2032 MHz, 3996 MHz, 10 %, 0 %
2026/03/24 02:25:25.662, 4, 179.32 W, 26, 120 MHz, 3996 MHz, 0 %, 0 %
2026/03/24 02:25:25.662, 5, 180.58 W, 28, 120 MHz, 3996 MHz, 0 %, 0 %
2026/03/24 02:25:25.662, 6, 178.34 W, 26, 120 MHz, 3996 MHz, 0 %, 0 %
2026/03/24 02:25:25.662, 7, 176.59 W, 28, 120 MHz, 3996 MHz, 0 %, 0 %
2026/03/24 02:25:26.662, 0, 229.26 W, 28, 2032 MHz, 3996 MHz, 5 %, 0 %
2026/03/24 02:25:26.662, 1, 233.79 W, 29, 2032 MHz, 3996 MHz, 5 %, 0 %
2026/03/24 02:25:26.662, 2, 234.36 W, 27, 2032 MHz, 3996 MHz, 5 %, 0 %
2026/03/24 02:25:26.662, 3, 234.80 W, 30, 2032 MHz, 3996 MHz, 10 %, 0 %
2026/03/24 02:25:26.662, 4, 179.17 W, 26, 120 MHz, 3996 MHz, 0 %, 0 %
2026/03/24 02:25:26.662, 5, 180.58 W, 27, 120 MHz, 3996 MHz, 0 %, 0 %
2026/03/24 02:25:26.665, 6, 178.34 W, 26, 120 MHz, 3996 MHz, 0 %, 0 %
2026/03/24 02:25:26.665, 7, 176.58 W, 27, 120 MHz, 3996 MHz, 0 %, 0 %
2026/03/24 02:25:27.665, 0, 229.25 W, 28, 2032 MHz, 3996 MHz, 4 %, 0 %
2026/03/24 02:25:27.665, 1, 233.96 W, 29, 2032 MHz, 3996 MHz, 5 %, 0 %
2026/03/24 02:25:27.665, 2, 234.45 W, 27, 2032 MHz, 3996 MHz, 9 %, 0 %
2026/03/24 02:25:27.665, 3, 234.99 W, 30, 2032 MHz, 3996 MHz, 10 %, 0 %
2026/03/24 02:25:27.665, 4, 179.16 W, 26, 120 MHz, 3996 MHz, 0 %, 0 %
2026/03/24 02:25:27.665, 5, 180.58 W, 28, 120 MHz, 3996 MHz, 0 %, 0 %
2026/03/24 02:25:27.665, 6, 178.45 W, 26, 120 MHz, 3996 MHz, 0 %, 0 %
2026/03/24 02:25:27.665, 7, 176.58 W, 27, 120 MHz, 3996 MHz, 0 %, 0 %
2026/03/24 02:25:28.665, 0, 229.46 W, 28, 2032 MHz, 3996 MHz, 6 %, 0 %
2026/03/24 02:25:28.665, 1, 233.82 W, 29, 2032 MHz, 3996 MHz, 5 %, 0 %
2026/03/24 02:25:28.665, 2, 234.39 W, 27, 2032 MHz, 3996 MHz, 9 %, 0 %
2026/03/24 02:25:28.665, 3, 234.73 W, 30, 2032 MHz, 3996 MHz, 10 %, 0 %
2026/03/24 02:25:28.665, 4, 179.26 W, 26, 120 MHz, 3996 MHz, 0 %, 0 %
2026/03/24 02:25:28.665, 5, 180.58 W, 28, 120 MHz, 3996 MHz, 0 %, 0 %
2026/03/24 02:25:28.665, 6, 178.41 W, 26, 120 MHz, 3996 MHz, 0 %, 0 %
2026/03/24 02:25:28.665, 7, 176.58 W, 27, 120 MHz, 3996 MHz, 0 %, 0 %
2026/03/24 02:25:29.665, 0, 229.39 W, 28, 2032 MHz, 3996 MHz, 7 %, 0 %
2026/03/24 02:25:29.665, 1, 233.89 W, 29, 2032 MHz, 3996 MHz, 5 %, 0 %
2026/03/24 02:25:29.665, 2, 234.18 W, 27, 2032 MHz, 3996 MHz, 9 %, 0 %
2026/03/24 02:25:29.665, 3, 234.81 W, 30, 2032 MHz, 3996 MHz, 10 %, 0 %
2026/03/24 02:25:29.665, 4, 179.14 W, 26, 120 MHz, 3996 MHz, 0 %, 0 %
2026/03/24 02:25:29.665, 5, 180.58 W, 28, 120 MHz, 3996 MHz, 0 %, 0 %
2026/03/24 02:25:29.665, 6, 178.22 W, 26, 120 MHz, 3996 MHz, 0 %, 0 %
2026/03/24 02:25:29.665, 7, 176.58 W, 27, 120 MHz, 3996 MHz, 0 %, 0 %
2026/03/24 02:25:30.665, 0, 229.39 W, 28, 2032 MHz, 3996 MHz, 9 %, 0 %
2026/03/24 02:25:30.665, 1, 233.85 W, 29, 2032 MHz, 3996 MHz, 5 %, 0 %
2026/03/24 02:25:30.665, 2, 234.21 W, 27, 2032 MHz, 3996 MHz, 9 %, 0 %
2026/03/24 02:25:30.666, 3, 234.92 W, 30, 2032 MHz, 3996 MHz, 8 %, 0 %
2026/03/24 02:25:30.666, 4, 179.17 W, 26, 120 MHz, 3996 MHz, 0 %, 0 %
2026/03/24 02:25:30.666, 5, 180.58 W, 28, 120 MHz, 3996 MHz, 0 %, 0 %
2026/03/24 02:25:30.666, 6, 178.33 W, 26, 120 MHz, 3996 MHz, 0 %, 0 %
2026/03/24 02:25:30.666, 7, 176.59 W, 27, 120 MHz, 3996 MHz, 0 %, 0 %
2026/03/24 02:25:31.666, 0, 229.38 W, 28, 2032 MHz, 3996 MHz, 11 %, 0 %
2026/03/24 02:25:31.666, 1, 233.67 W, 29, 2032 MHz, 3996 MHz, 5 %, 0 %
2026/03/24 02:25:31.666, 2, 234.35 W, 27, 2032 MHz, 3996 MHz, 9 %, 0 %
2026/03/24 02:25:31.666, 3, 234.81 W, 30, 2032 MHz, 3996 MHz, 8 %, 0 %
2026/03/24 02:25:31.666, 4, 179.20 W, 26, 120 MHz, 3996 MHz, 0 %, 0 %
2026/03/24 02:25:31.666, 5, 180.58 W, 28, 120 MHz, 3996 MHz, 0 %, 0 %
2026/03/24 02:25:31.666, 6, 178.57 W, 26, 120 MHz, 3996 MHz, 0 %, 0 %
2026/03/24 02:25:31.666, 7, 176.58 W, 27, 120 MHz, 3996 MHz, 0 %, 0 %
2026/03/24 02:25:32.666, 0, 229.46 W, 28, 2032 MHz, 3996 MHz, 11 %, 0 %
2026/03/24 02:25:32.666, 1, 233.93 W, 29, 2032 MHz, 3996 MHz, 6 %, 0 %
2026/03/24 02:25:32.666, 2, 234.28 W, 27, 2032 MHz, 3996 MHz, 9 %, 0 %
2026/03/24 02:25:32.666, 3, 234.91 W, 30, 2032 MHz, 3996 MHz, 10 %, 0 %
2026/03/24 02:25:32.666, 4, 179.25 W, 26, 120 MHz, 3996 MHz, 0 %, 0 %
2026/03/24 02:25:32.666, 5, 180.58 W, 28, 120 MHz, 3996 MHz, 0 %, 0 %
2026/03/24 02:25:32.666, 6, 178.37 W, 26, 120 MHz, 3996 MHz, 0 %, 0 %
2026/03/24 02:25:32.666, 7, 176.58 W, 27, 120 MHz, 3996 MHz, 0 %, 0 %
2026/03/24 02:25:33.666, 0, 229.46 W, 28, 2032 MHz, 3996 MHz, 11 %, 0 %
2026/03/24 02:25:33.666, 1, 233.79 W, 29, 2032 MHz, 3996 MHz, 5 %, 0 %
2026/03/24 02:25:33.666, 2, 234.36 W, 27, 2032 MHz, 3996 MHz, 9 %, 0 %
2026/03/24 02:25:33.666, 3, 234.67 W, 30, 2032 MHz, 3996 MHz, 10 %, 0 %
2026/03/24 02:25:33.666, 4, 179.02 W, 26, 120 MHz, 3996 MHz, 0 %, 0 %
2026/03/24 02:25:33.666, 5, 180.58 W, 28, 120 MHz, 3996 MHz, 0 %, 0 %
2026/03/24 02:25:33.666, 6, 178.29 W, 26, 120 MHz, 3996 MHz, 0 %, 0 %
2026/03/24 02:25:33.666, 7, 176.59 W, 27, 120 MHz, 3996 MHz, 0 %, 0 %
2026/03/24 02:25:34.666, 0, 229.61 W, 28, 2032 MHz, 3996 MHz, 11 %, 0 %
2026/03/24 02:25:34.666, 1, 233.77 W, 29, 2032 MHz, 3996 MHz, 5 %, 0 %
2026/03/24 02:25:34.666, 2, 234.27 W, 27, 2032 MHz, 3996 MHz, 9 %, 0 %
2026/03/24 02:25:34.666, 3, 234.97 W, 30, 2032 MHz, 3996 MHz, 10 %, 0 %
2026/03/24 02:25:34.666, 4, 179.29 W, 26, 120 MHz, 3996 MHz, 0 %, 0 %
2026/03/24 02:25:34.666, 5, 180.58 W, 28, 120 MHz, 3996 MHz, 0 %, 0 %
2026/03/24 02:25:34.666, 6, 178.53 W, 26, 120 MHz, 3996 MHz, 0 %, 0 %
2026/03/24 02:25:34.666, 7, 176.58 W, 27, 120 MHz, 3996 MHz, 0 %, 0 %
2026/03/24 02:25:35.666, 0, 229.50 W, 28, 2032 MHz, 3996 MHz, 11 %, 0 %
2026/03/24 02:25:35.666, 1, 233.86 W, 29, 2032 MHz, 3996 MHz, 4 %, 0 %
2026/03/24 02:25:35.666, 2, 234.39 W, 27, 2032 MHz, 3996 MHz, 9 %, 0 %
2026/03/24 02:25:35.666, 3, 234.50 W, 30, 2032 MHz, 3996 MHz, 10 %, 0 %
2026/03/24 02:25:35.666, 4, 179.32 W, 26, 120 MHz, 3996 MHz, 0 %, 0 %
2026/03/24 02:25:35.666, 5, 180.58 W, 28, 120 MHz, 3996 MHz, 0 %, 0 %
2026/03/24 02:25:35.666, 6, 178.41 W, 26, 120 MHz, 3996 MHz, 0 %, 0 %
2026/03/24 02:25:35.666, 7, 176.58 W, 27, 120 MHz, 3996 MHz, 0 %, 0 %
2026/03/24 02:25:36.666, 0, 229.37 W, 28, 2032 MHz, 3996 MHz, 11 %, 0 %
2026/03/24 02:25:36.666, 1, 233.93 W, 29, 2032 MHz, 3996 MHz, 4 %, 0 %
2026/03/24 02:25:36.666, 2, 234.38 W, 27, 2032 MHz, 3996 MHz, 6 %, 0 %
2026/03/24 02:25:36.666, 3, 234.65 W, 30, 2032 MHz, 3996 MHz, 9 %, 0 %
2026/03/24 02:25:36.666, 4, 179.18 W, 26, 120 MHz, 3996 MHz, 0 %, 0 %
2026/03/24 02:25:36.666, 5, 180.58 W, 28, 120 MHz, 3996 MHz, 0 %, 0 %
2026/03/24 02:25:36.666, 6, 178.33 W, 26, 120 MHz, 3996 MHz, 0 %, 0 %
2026/03/24 02:25:36.666, 7, 176.58 W, 27, 120 MHz, 3996 MHz, 0 %, 0 %
2026/03/24 02:25:37.667, 0, 229.30 W, 28, 2032 MHz, 3996 MHz, 11 %, 0 %
2026/03/24 02:25:37.667, 1, 234.06 W, 29, 2032 MHz, 3996 MHz, 4 %, 0 %
2026/03/24 02:25:37.667, 2, 234.28 W, 27, 2032 MHz, 3996 MHz, 5 %, 0 %
2026/03/24 02:25:37.667, 3, 234.65 W, 30, 2032 MHz, 3996 MHz, 8 %, 0 %
2026/03/24 02:25:37.667, 4, 179.20 W, 26, 120 MHz, 3996 MHz, 0 %, 0 %
2026/03/24 02:25:37.667, 5, 180.58 W, 28, 120 MHz, 3996 MHz, 0 %, 0 %
2026/03/24 02:25:37.667, 6, 178.33 W, 26, 120 MHz, 3996 MHz, 0 %, 0 %
2026/03/24 02:25:37.667, 7, 176.58 W, 27, 120 MHz, 3996 MHz, 0 %, 0 %
2026/03/24 02:25:38.667, 0, 229.40 W, 28, 2032 MHz, 3996 MHz, 10 %, 0 %
2026/03/24 02:25:38.667, 1, 234.00 W, 29, 2032 MHz, 3996 MHz, 5 %, 0 %
2026/03/24 02:25:38.667, 2, 234.41 W, 27, 2032 MHz, 3996 MHz, 4 %, 0 %
2026/03/24 02:25:38.667, 3, 234.66 W, 30, 2032 MHz, 3996 MHz, 6 %, 0 %
2026/03/24 02:25:38.667, 4, 179.35 W, 26, 120 MHz, 3996 MHz, 0 %, 0 %
2026/03/24 02:25:38.667, 5, 180.58 W, 28, 120 MHz, 3996 MHz, 0 %, 0 %
2026/03/24 02:25:38.667, 6, 178.45 W, 26, 120 MHz, 3996 MHz, 0 %, 0 %
2026/03/24 02:25:38.667, 7, 176.58 W, 27, 120 MHz, 3996 MHz, 0 %, 0 %
2026/03/24 02:25:39.667, 0, 229.26 W, 28, 2032 MHz, 3996 MHz, 11 %, 0 %
2026/03/24 02:25:39.667, 1, 233.94 W, 29, 2032 MHz, 3996 MHz, 5 %, 0 %
2026/03/24 02:25:39.667, 2, 234.30 W, 27, 2032 MHz, 3996 MHz, 4 %, 0 %
2026/03/24 02:25:39.667, 3, 234.58 W, 30, 2032 MHz, 3996 MHz, 5 %, 0 %
2026/03/24 02:25:39.667, 4, 179.34 W, 26, 120 MHz, 3996 MHz, 0 %, 0 %
2026/03/24 02:25:39.667, 5, 180.58 W, 28, 120 MHz, 3996 MHz, 0 %, 0 %
2026/03/24 02:25:39.667, 6, 178.38 W, 26, 120 MHz, 3996 MHz, 0 %, 0 %
2026/03/24 02:25:39.667, 7, 176.59 W, 27, 120 MHz, 3996 MHz, 0 %, 0 %
2026/03/24 02:25:40.667, 0, 229.26 W, 28, 2032 MHz, 3996 MHz, 10 %, 0 %
2026/03/24 02:25:40.667, 1, 233.93 W, 29, 2032 MHz, 3996 MHz, 5 %, 0 %
2026/03/24 02:25:40.667, 2, 234.34 W, 27, 2032 MHz, 3996 MHz, 6 %, 0 %
2026/03/24 02:25:40.667, 3, 234.70 W, 30, 2032 MHz, 3996 MHz, 4 %, 0 %
2026/03/24 02:25:40.667, 4, 179.32 W, 26, 120 MHz, 3996 MHz, 0 %, 0 %
2026/03/24 02:25:40.667, 5, 180.58 W, 28, 120 MHz, 3996 MHz, 0 %, 0 %
2026/03/24 02:25:40.667, 6, 178.49 W, 26, 120 MHz, 3996 MHz, 0 %, 0 %
2026/03/24 02:25:40.667, 7, 176.58 W, 27, 120 MHz, 3996 MHz, 0 %, 0 %
2026/03/24 02:25:41.667, 0, 229.24 W, 28, 2032 MHz, 3996 MHz, 8 %, 0 %
2026/03/24 02:25:41.667, 1, 234.10 W, 29, 2032 MHz, 3996 MHz, 5 %, 0 %
2026/03/24 02:25:41.667, 2, 234.45 W, 27, 2032 MHz, 3996 MHz, 9 %, 0 %
2026/03/24 02:25:41.667, 3, 234.68 W, 30, 2032 MHz, 3996 MHz, 4 %, 0 %
2026/03/24 02:25:41.667, 4, 179.29 W, 26, 120 MHz, 3996 MHz, 0 %, 0 %
2026/03/24 02:25:41.667, 5, 180.58 W, 28, 120 MHz, 3996 MHz, 0 %, 0 %
2026/03/24 02:25:41.667, 6, 178.38 W, 26, 120 MHz, 3996 MHz, 0 %, 0 %
2026/03/24 02:25:41.667, 7, 176.59 W, 27, 120 MHz, 3996 MHz, 0 %, 0 %
2026/03/24 02:25:42.667, 0, 229.35 W, 28, 2032 MHz, 3996 MHz, 5 %, 0 %
2026/03/24 02:25:42.667, 1, 233.94 W, 29, 2032 MHz, 3996 MHz, 6 %, 0 %
2026/03/24 02:25:42.667, 2, 234.60 W, 27, 2032 MHz, 3996 MHz, 9 %, 0 %
2026/03/24 02:25:42.667, 3, 234.68 W, 30, 2032 MHz, 3996 MHz, 4 %, 0 %
2026/03/24 02:25:42.667, 4, 179.25 W, 26, 120 MHz, 3996 MHz, 0 %, 0 %
2026/03/24 02:25:42.667, 5, 180.58 W, 28, 120 MHz, 3996 MHz, 0 %, 0 %
2026/03/24 02:25:42.667, 6, 178.37 W, 26, 120 MHz, 3996 MHz, 0 %, 0 %
2026/03/24 02:25:42.667, 7, 176.59 W, 27, 120 MHz, 3996 MHz, 0 %, 0 %
2026/03/24 02:25:43.667, 0, 229.26 W, 28, 2032 MHz, 3996 MHz, 7 %, 0 %
2026/03/24 02:25:43.667, 1, 233.98 W, 29, 2032 MHz, 3996 MHz, 6 %, 0 %
2026/03/24 02:25:43.668, 2, 234.56 W, 27, 2032 MHz, 3996 MHz, 9 %, 0 %
2026/03/24 02:25:43.668, 3, 234.69 W, 30, 2032 MHz, 3996 MHz, 5 %, 0 %
2026/03/24 02:25:43.668, 4, 179.14 W, 26, 120 MHz, 3996 MHz, 0 %, 0 %
2026/03/24 02:25:43.668, 5, 180.59 W, 28, 120 MHz, 3996 MHz, 0 %, 0 %
2026/03/24 02:25:43.668, 6, 178.22 W, 26, 120 MHz, 3996 MHz, 0 %, 0 %
2026/03/24 02:25:43.668, 7, 176.59 W, 27, 120 MHz, 3996 MHz, 0 %, 0 %
2026/03/24 02:25:44.668, 0, 229.43 W, 28, 2032 MHz, 3996 MHz, 10 %, 0 %
2026/03/24 02:25:44.668, 1, 234.04 W, 29, 2032 MHz, 3996 MHz, 5 %, 0 %
2026/03/24 02:25:44.668, 2, 234.27 W, 27, 2032 MHz, 3996 MHz, 5 %, 0 %
2026/03/24 02:25:44.668, 3, 234.81 W, 30, 2032 MHz, 3996 MHz, 5 %, 0 %
2026/03/24 02:25:44.668, 4, 179.13 W, 26, 120 MHz, 3996 MHz, 0 %, 0 %
2026/03/24 02:25:44.668, 5, 180.58 W, 28, 120 MHz, 3996 MHz, 0 %, 0 %
2026/03/24 02:25:44.668, 6, 178.41 W, 26, 120 MHz, 3996 MHz, 0 %, 0 %
2026/03/24 02:25:44.668, 7, 176.58 W, 27, 120 MHz, 3996 MHz, 0 %, 0 %
2026/03/24 02:25:45.668, 0, 229.35 W, 28, 2032 MHz, 3996 MHz, 11 %, 0 %
2026/03/24 02:25:45.668, 1, 234.14 W, 29, 2032 MHz, 3996 MHz, 5 %, 0 %
2026/03/24 02:25:45.668, 2, 234.25 W, 27, 2032 MHz, 3996 MHz, 9 %, 0 %
2026/03/24 02:25:45.668, 3, 234.65 W, 30, 2032 MHz, 3996 MHz, 5 %, 0 %
2026/03/24 02:25:45.668, 4, 179.22 W, 26, 120 MHz, 3996 MHz, 0 %, 0 %
2026/03/24 02:25:45.668, 5, 180.58 W, 28, 120 MHz, 3996 MHz, 0 %, 0 %
2026/03/24 02:25:45.668, 6, 178.34 W, 26, 120 MHz, 3996 MHz, 0 %, 0 %
2026/03/24 02:25:45.668, 7, 176.58 W, 27, 120 MHz, 3996 MHz, 0 %, 0 %
2026/03/24 02:25:46.668, 0, 229.40 W, 28, 2032 MHz, 3996 MHz, 11 %, 0 %
2026/03/24 02:25:46.668, 1, 234.10 W, 29, 2032 MHz, 3996 MHz, 5 %, 0 %
2026/03/24 02:25:46.668, 2, 234.48 W, 27, 2032 MHz, 3996 MHz, 9 %, 0 %
2026/03/24 02:25:46.668, 3, 234.59 W, 30, 2032 MHz, 3996 MHz, 4 %, 0 %
2026/03/24 02:25:46.668, 4, 179.40 W, 26, 120 MHz, 3996 MHz, 0 %, 0 %
2026/03/24 02:25:46.668, 5, 180.58 W, 28, 120 MHz, 3996 MHz, 0 %, 0 %
2026/03/24 02:25:46.668, 6, 178.37 W, 26, 120 MHz, 3996 MHz, 0 %, 0 %
2026/03/24 02:25:46.668, 7, 176.58 W, 27, 120 MHz, 3996 MHz, 0 %, 0 %
2026/03/24 02:25:47.668, 0, 229.38 W, 28, 2032 MHz, 3996 MHz, 11 %, 0 %
2026/03/24 02:25:47.668, 1, 233.82 W, 29, 2032 MHz, 3996 MHz, 5 %, 0 %
2026/03/24 02:25:47.668, 2, 234.52 W, 27, 2032 MHz, 3996 MHz, 9 %, 0 %
2026/03/24 02:25:47.668, 3, 234.78 W, 30, 2032 MHz, 3996 MHz, 4 %, 0 %
2026/03/24 02:25:47.668, 4, 179.22 W, 26, 120 MHz, 3996 MHz, 0 %, 0 %
2026/03/24 02:25:47.668, 5, 180.58 W, 28, 120 MHz, 3996 MHz, 0 %, 0 %
2026/03/24 02:25:47.668, 6, 178.37 W, 26, 120 MHz, 3996 MHz, 0 %, 0 %
2026/03/24 02:25:47.668, 7, 176.58 W, 27, 120 MHz, 3996 MHz, 0 %, 0 %
2026/03/24 02:25:48.668, 0, 229.46 W, 28, 2032 MHz, 3996 MHz, 11 %, 0 %
2026/03/24 02:25:48.668, 1, 233.85 W, 29, 2032 MHz, 3996 MHz, 5 %, 0 %
2026/03/24 02:25:48.668, 2, 234.62 W, 27, 2032 MHz, 3996 MHz, 9 %, 0 %
2026/03/24 02:25:48.668, 3, 234.78 W, 30, 2032 MHz, 3996 MHz, 5 %, 0 %
2026/03/24 02:25:48.668, 4, 179.36 W, 26, 120 MHz, 3996 MHz, 0 %, 0 %
2026/03/24 02:25:48.668, 5, 180.58 W, 28, 120 MHz, 3996 MHz, 0 %, 0 %
2026/03/24 02:25:48.668, 6, 178.26 W, 26, 120 MHz, 3996 MHz, 0 %, 0 %
2026/03/24 02:25:48.668, 7, 176.58 W, 27, 120 MHz, 3996 MHz, 0 %, 0 %
2026/03/24 02:25:49.668, 0, 229.30 W, 28, 2032 MHz, 3996 MHz, 11 %, 0 %
2026/03/24 02:25:49.668, 1, 233.70 W, 29, 2032 MHz, 3996 MHz, 5 %, 0 %
2026/03/24 02:25:49.668, 2, 234.70 W, 27, 2032 MHz, 3996 MHz, 8 %, 0 %
2026/03/24 02:25:49.668, 3, 234.74 W, 30, 2032 MHz, 3996 MHz, 5 %, 0 %
2026/03/24 02:25:49.668, 4, 179.26 W, 26, 120 MHz, 3996 MHz, 0 %, 0 %
2026/03/24 02:25:49.668, 5, 180.58 W, 28, 120 MHz, 3996 MHz, 0 %, 0 %
2026/03/24 02:25:49.668, 6, 178.26 W, 26, 120 MHz, 3996 MHz, 0 %, 0 %
2026/03/24 02:25:49.669, 7, 176.58 W, 27, 120 MHz, 3996 MHz, 0 %, 0 %
2026/03/24 02:25:50.669, 0, 229.49 W, 28, 2032 MHz, 3996 MHz, 11 %, 0 %
2026/03/24 02:25:50.669, 1, 233.96 W, 29, 2032 MHz, 3996 MHz, 5 %, 0 %
2026/03/24 02:25:50.669, 2, 234.47 W, 27, 2032 MHz, 3996 MHz, 6 %, 0 %
2026/03/24 02:25:50.669, 3, 234.84 W, 30, 2032 MHz, 3996 MHz, 5 %, 0 %
2026/03/24 02:25:50.669, 4, 179.16 W, 26, 120 MHz, 3996 MHz, 0 %, 0 %
2026/03/24 02:25:50.669, 5, 180.58 W, 28, 120 MHz, 3996 MHz, 0 %, 0 %
2026/03/24 02:25:50.669, 6, 178.45 W, 26, 120 MHz, 3996 MHz, 0 %, 0 %
2026/03/24 02:25:50.669, 7, 176.58 W, 27, 120 MHz, 3996 MHz, 0 %, 0 %
2026/03/24 02:25:51.669, 0, 229.26 W, 28, 2032 MHz, 3996 MHz, 11 %, 0 %
2026/03/24 02:25:51.669, 1, 234.10 W, 29, 2032 MHz, 3996 MHz, 5 %, 0 %
2026/03/24 02:25:51.669, 2, 234.59 W, 27, 2032 MHz, 3996 MHz, 5 %, 0 %
2026/03/24 02:25:51.669, 3, 234.84 W, 30, 2032 MHz, 3996 MHz, 5 %, 0 %
2026/03/24 02:25:51.669, 4, 179.28 W, 26, 120 MHz, 3996 MHz, 0 %, 0 %
2026/03/24 02:25:51.669, 5, 180.58 W, 28, 120 MHz, 3996 MHz, 0 %, 0 %
2026/03/24 02:25:51.669, 6, 178.49 W, 26, 120 MHz, 3996 MHz, 0 %, 0 %
2026/03/24 02:25:51.669, 7, 176.58 W, 27, 120 MHz, 3996 MHz, 0 %, 0 %
2026/03/24 02:25:52.669, 0, 229.47 W, 28, 2032 MHz, 3996 MHz, 9 %, 0 %
2026/03/24 02:25:52.669, 1, 234.00 W, 29, 2032 MHz, 3996 MHz, 5 %, 0 %
2026/03/24 02:25:52.669, 2, 234.24 W, 27, 2032 MHz, 3996 MHz, 5 %, 0 %
2026/03/24 02:25:52.669, 3, 234.94 W, 30, 2032 MHz, 3996 MHz, 5 %, 0 %
2026/03/24 02:25:52.669, 4, 179.13 W, 26, 120 MHz, 3996 MHz, 0 %, 0 %
2026/03/24 02:25:52.669, 5, 180.58 W, 28, 120 MHz, 3996 MHz, 0 %, 0 %
2026/03/24 02:25:52.669, 6, 178.53 W, 26, 120 MHz, 3996 MHz, 0 %, 0 %
2026/03/24 02:25:52.669, 7, 176.58 W, 27, 120 MHz, 3996 MHz, 0 %, 0 %
2026/03/24 02:25:53.669, 0, 229.26 W, 28, 2032 MHz, 3996 MHz, 7 %, 0 %
2026/03/24 02:25:53.669, 1, 234.02 W, 29, 2032 MHz, 3996 MHz, 5 %, 0 %
2026/03/24 02:25:53.669, 2, 234.25 W, 27, 2032 MHz, 3996 MHz, 5 %, 0 %
2026/03/24 02:25:53.669, 3, 234.88 W, 30, 2032 MHz, 3996 MHz, 6 %, 0 %
2026/03/24 02:25:53.669, 4, 178.97 W, 26, 120 MHz, 3996 MHz, 0 %, 0 %
2026/03/24 02:25:53.669, 5, 180.58 W, 28, 120 MHz, 3996 MHz, 0 %, 0 %
2026/03/24 02:25:53.669, 6, 178.49 W, 26, 120 MHz, 3996 MHz, 0 %, 0 %
2026/03/24 02:25:53.669, 7, 176.58 W, 27, 120 MHz, 3996 MHz, 0 %, 0 %
2026/03/24 02:25:54.669, 0, 229.26 W, 28, 2032 MHz, 3996 MHz, 4 %, 0 %
2026/03/24 02:25:54.669, 1, 234.02 W, 29, 2032 MHz, 3996 MHz, 5 %, 0 %
2026/03/24 02:25:54.669, 2, 234.52 W, 27, 2032 MHz, 3996 MHz, 3 %, 0 %
2026/03/24 02:25:54.669, 3, 234.57 W, 30, 2032 MHz, 3996 MHz, 6 %, 0 %
2026/03/24 02:25:54.669, 4, 179.25 W, 26, 120 MHz, 3996 MHz, 0 %, 0 %
2026/03/24 02:25:54.669, 5, 180.58 W, 28, 120 MHz, 3996 MHz, 0 %, 0 %
2026/03/24 02:25:54.669, 6, 178.49 W, 26, 120 MHz, 3996 MHz, 0 %, 0 %
2026/03/24 02:25:54.669, 7, 176.58 W, 27, 120 MHz, 3996 MHz, 0 %, 0 %
2026/03/24 02:25:55.669, 0, 229.30 W, 28, 2032 MHz, 3996 MHz, 5 %, 0 %
2026/03/24 02:25:55.669, 1, 234.00 W, 29, 2032 MHz, 3996 MHz, 5 %, 0 %
2026/03/24 02:25:55.669, 2, 234.38 W, 27, 2032 MHz, 3996 MHz, 6 %, 0 %
2026/03/24 02:25:55.669, 3, 234.70 W, 30, 2032 MHz, 3996 MHz, 8 %, 0 %
2026/03/24 02:25:55.669, 4, 179.47 W, 26, 120 MHz, 3996 MHz, 0 %, 0 %
2026/03/24 02:25:55.669, 5, 180.58 W, 28, 120 MHz, 3996 MHz, 0 %, 0 %
2026/03/24 02:25:55.669, 6, 178.37 W, 26, 120 MHz, 3996 MHz, 0 %, 0 %
2026/03/24 02:25:55.669, 7, 176.58 W, 27, 120 MHz, 3996 MHz, 0 %, 0 %
2026/03/24 02:25:56.669, 0, 228.29 W, 28, 2032 MHz, 3996 MHz, 0 %, 0 %
2026/03/24 02:25:56.669, 1, 233.79 W, 29, 2032 MHz, 3996 MHz, 5 %, 0 %
2026/03/24 02:25:56.669, 2, 234.52 W, 27, 2032 MHz, 3996 MHz, 8 %, 0 %
2026/03/24 02:25:56.669, 3, 234.74 W, 30, 2032 MHz, 3996 MHz, 9 %, 0 %
2026/03/24 02:25:56.669, 4, 178.93 W, 26, 120 MHz, 3996 MHz, 0 %, 0 %
2026/03/24 02:25:56.670, 5, 180.58 W, 28, 120 MHz, 3996 MHz, 0 %, 0 %
2026/03/24 02:25:56.670, 6, 178.53 W, 26, 120 MHz, 3996 MHz, 0 %, 0 %
2026/03/24 02:25:56.670, 7, 176.58 W, 27, 120 MHz, 3996 MHz, 0 %, 0 %
2026/03/24 02:25:57.670, 0, 228.07 W, 28, 2032 MHz, 3996 MHz, 0 %, 0 %
2026/03/24 02:25:57.670, 1, 233.96 W, 29, 2032 MHz, 3996 MHz, 5 %, 0 %
2026/03/24 02:25:57.670, 2, 234.71 W, 27, 2032 MHz, 3996 MHz, 9 %, 0 %
2026/03/24 02:25:57.670, 3, 234.71 W, 30, 2032 MHz, 3996 MHz, 10 %, 0 %
2026/03/24 02:25:57.670, 4, 179.22 W, 26, 120 MHz, 3996 MHz, 0 %, 0 %
2026/03/24 02:25:57.670, 5, 180.58 W, 28, 120 MHz, 3996 MHz, 0 %, 0 %
2026/03/24 02:25:57.670, 6, 178.37 W, 26, 120 MHz, 3996 MHz, 0 %, 0 %
2026/03/24 02:25:57.670, 7, 176.58 W, 27, 120 MHz, 3996 MHz, 0 %, 0 %
2026/03/24 02:25:58.670, 0, 228.15 W, 28, 2032 MHz, 3996 MHz, 0 %, 0 %
2026/03/24 02:25:58.670, 1, 233.98 W, 29, 2032 MHz, 3996 MHz, 5 %, 0 %
2026/03/24 02:25:58.670, 2, 234.54 W, 27, 2032 MHz, 3996 MHz, 9 %, 0 %
2026/03/24 02:25:58.670, 3, 234.51 W, 30, 2032 MHz, 3996 MHz, 0 %, 0 %
2026/03/24 02:25:58.670, 4, 179.50 W, 26, 120 MHz, 3996 MHz, 0 %, 0 %
2026/03/24 02:25:58.670, 5, 180.58 W, 28, 120 MHz, 3996 MHz, 0 %, 0 %
2026/03/24 02:25:58.670, 6, 178.45 W, 26, 120 MHz, 3996 MHz, 0 %, 0 %
2026/03/24 02:25:58.670, 7, 176.58 W, 27, 120 MHz, 3996 MHz, 0 %, 0 %
2026/03/24 02:25:59.670, 0, 228.07 W, 28, 2032 MHz, 3996 MHz, 0 %, 0 %
2026/03/24 02:25:59.670, 1, 233.89 W, 29, 2032 MHz, 3996 MHz, 5 %, 0 %
2026/03/24 02:25:59.670, 2, 234.35 W, 27, 2032 MHz, 3996 MHz, 9 %, 0 %
2026/03/24 02:25:59.670, 3, 233.34 W, 30, 2032 MHz, 3996 MHz, 0 %, 0 %
2026/03/24 02:25:59.670, 4, 179.29 W, 26, 120 MHz, 3996 MHz, 0 %, 0 %
2026/03/24 02:25:59.670, 5, 180.58 W, 28, 120 MHz, 3996 MHz, 0 %, 0 %
2026/03/24 02:25:59.670, 6, 178.41 W, 26, 120 MHz, 3996 MHz, 0 %, 0 %
2026/03/24 02:25:59.670, 7, 176.58 W, 27, 120 MHz, 3996 MHz, 0 %, 0 %
2026/03/24 02:26:00.670, 0, 259.28 W, 28, 2032 MHz, 3996 MHz, 22 %, 4 %
2026/03/24 02:26:00.670, 1, 233.14 W, 29, 2032 MHz, 3996 MHz, 0 %, 0 %
2026/03/24 02:26:00.670, 2, 234.67 W, 27, 2032 MHz, 3996 MHz, 9 %, 0 %
2026/03/24 02:26:00.670, 3, 244.58 W, 30, 2032 MHz, 3996 MHz, 12 %, 2 %
2026/03/24 02:26:00.670, 4, 179.37 W, 26, 120 MHz, 3996 MHz, 0 %, 0 %
2026/03/24 02:26:00.670, 5, 180.58 W, 28, 120 MHz, 3996 MHz, 0 %, 0 %
2026/03/24 02:26:00.670, 6, 178.45 W, 26, 120 MHz, 3996 MHz, 0 %, 0 %
2026/03/24 02:26:00.670, 7, 176.58 W, 27, 120 MHz, 3996 MHz, 0 %, 0 %
2026/03/24 02:26:01.670, 0, 284.92 W, 28, 2032 MHz, 3996 MHz, 21 %, 4 %
2026/03/24 02:26:01.670, 1, 265.20 W, 30, 2032 MHz, 3996 MHz, 20 %, 4 %
2026/03/24 02:26:01.670, 2, 234.79 W, 27, 2032 MHz, 3996 MHz, 9 %, 0 %
2026/03/24 02:26:01.670, 3, 284.45 W, 30, 2032 MHz, 3996 MHz, 21 %, 4 %
2026/03/24 02:26:01.670, 4, 179.12 W, 26, 120 MHz, 3996 MHz, 0 %, 0 %
2026/03/24 02:26:01.670, 5, 180.58 W, 28, 120 MHz, 3996 MHz, 0 %, 0 %
2026/03/24 02:26:01.670, 6, 178.38 W, 26, 120 MHz, 3996 MHz, 0 %, 0 %
2026/03/24 02:26:01.670, 7, 176.58 W, 27, 120 MHz, 3996 MHz, 0 %, 0 %
2026/03/24 02:26:02.670, 0, 280.84 W, 30, 2032 MHz, 3996 MHz, 22 %, 4 %
2026/03/24 02:26:02.670, 1, 277.46 W, 30, 2032 MHz, 3996 MHz, 10 %, 2 %
2026/03/24 02:26:02.670, 2, 234.82 W, 27, 2032 MHz, 3996 MHz, 9 %, 0 %
2026/03/24 02:26:02.670, 3, 286.70 W, 31, 2032 MHz, 3996 MHz, 21 %, 4 %
2026/03/24 02:26:02.670, 4, 178.99 W, 26, 120 MHz, 3996 MHz, 0 %, 0 %
2026/03/24 02:26:02.670, 5, 180.58 W, 28, 120 MHz, 3996 MHz, 0 %, 0 %
2026/03/24 02:26:02.670, 6, 178.41 W, 26, 120 MHz, 3996 MHz, 0 %, 0 %
2026/03/24 02:26:02.670, 7, 176.58 W, 27, 120 MHz, 3996 MHz, 0 %, 0 %
2026/03/24 02:26:03.670, 0, 278.89 W, 28, 2032 MHz, 3996 MHz, 19 %, 4 %
2026/03/24 02:26:03.670, 1, 276.78 W, 31, 2032 MHz, 3996 MHz, 21 %, 4 %
2026/03/24 02:26:03.670, 2, 234.65 W, 27, 2032 MHz, 3996 MHz, 9 %, 0 %
2026/03/24 02:26:03.670, 3, 286.87 W, 31, 2032 MHz, 3996 MHz, 22 %, 4 %
2026/03/24 02:26:03.671, 4, 178.94 W, 26, 120 MHz, 3996 MHz, 0 %, 0 %
2026/03/24 02:26:03.671, 5, 180.58 W, 28, 120 MHz, 3996 MHz, 0 %, 0 %
2026/03/24 02:26:03.671, 6, 178.45 W, 26, 120 MHz, 3996 MHz, 0 %, 0 %
2026/03/24 02:26:03.671, 7, 176.58 W, 27, 120 MHz, 3996 MHz, 0 %, 0 %
2026/03/24 02:26:04.671, 0, 229.94 W, 28, 2032 MHz, 3996 MHz, 0 %, 0 %
2026/03/24 02:26:04.671, 1, 279.50 W, 30, 2032 MHz, 3996 MHz, 21 %, 4 %
2026/03/24 02:26:04.671, 2, 252.70 W, 28, 2032 MHz, 3996 MHz, 21 %, 4 %
2026/03/24 02:26:04.671, 3, 252.27 W, 30, 2032 MHz, 3996 MHz, 0 %, 0 %
2026/03/24 02:26:04.671, 4, 179.13 W, 26, 120 MHz, 3996 MHz, 0 %, 0 %
2026/03/24 02:26:04.671, 5, 180.58 W, 28, 120 MHz, 3996 MHz, 0 %, 0 %
2026/03/24 02:26:04.671, 6, 178.34 W, 26, 120 MHz, 3996 MHz, 0 %, 0 %
2026/03/24 02:26:04.671, 7, 176.58 W, 27, 120 MHz, 3996 MHz, 0 %, 0 %
2026/03/24 02:26:05.671, 0, 228.46 W, 28, 2032 MHz, 3996 MHz, 0 %, 0 %
2026/03/24 02:26:05.671, 1, 233.89 W, 29, 2032 MHz, 3996 MHz, 0 %, 0 %
2026/03/24 02:26:05.671, 2, 287.09 W, 28, 2032 MHz, 3996 MHz, 21 %, 4 %
2026/03/24 02:26:05.671, 3, 234.57 W, 30, 2032 MHz, 3996 MHz, 0 %, 0 %
2026/03/24 02:26:05.671, 4, 179.32 W, 26, 120 MHz, 3996 MHz, 0 %, 0 %
2026/03/24 02:26:05.671, 5, 180.58 W, 28, 120 MHz, 3996 MHz, 0 %, 0 %
2026/03/24 02:26:05.671, 6, 178.25 W, 26, 120 MHz, 3996 MHz, 0 %, 0 %
2026/03/24 02:26:05.671, 7, 176.58 W, 27, 120 MHz, 3996 MHz, 0 %, 0 %
2026/03/24 02:26:06.671, 0, 228.35 W, 28, 2032 MHz, 3996 MHz, 0 %, 0 %
2026/03/24 02:26:06.671, 1, 233.16 W, 29, 2032 MHz, 3996 MHz, 0 %, 0 %
2026/03/24 02:26:06.671, 2, 287.58 W, 28, 2032 MHz, 3996 MHz, 22 %, 4 %
2026/03/24 02:26:06.671, 3, 233.87 W, 30, 2032 MHz, 3996 MHz, 0 %, 0 %
2026/03/24 02:26:06.671, 4, 179.21 W, 26, 120 MHz, 3996 MHz, 0 %, 0 %
2026/03/24 02:26:06.671, 5, 180.58 W, 28, 120 MHz, 3996 MHz, 0 %, 0 %
2026/03/24 02:26:06.671, 6, 178.41 W, 26, 120 MHz, 3996 MHz, 0 %, 0 %
2026/03/24 02:26:06.671, 7, 176.58 W, 27, 120 MHz, 3996 MHz, 0 %, 0 %
2026/03/24 02:26:07.671, 0, 228.08 W, 28, 2032 MHz, 3996 MHz, 0 %, 0 %
2026/03/24 02:26:07.671, 1, 233.16 W, 29, 2032 MHz, 3996 MHz, 0 %, 0 %
2026/03/24 02:26:07.671, 2, 287.26 W, 28, 2032 MHz, 3996 MHz, 21 %, 4 %
2026/03/24 02:26:07.671, 3, 233.44 W, 30, 2032 MHz, 3996 MHz, 0 %, 0 %
2026/03/24 02:26:07.671, 4, 179.21 W, 26, 120 MHz, 3996 MHz, 0 %, 0 %
2026/03/24 02:26:07.671, 5, 180.58 W, 28, 120 MHz, 3996 MHz, 0 %, 0 %
2026/03/24 02:26:07.671, 6, 178.45 W, 26, 120 MHz, 3996 MHz, 0 %, 0 %
2026/03/24 02:26:07.671, 7, 176.58 W, 27, 120 MHz, 3996 MHz, 0 %, 0 %
2026/03/24 02:26:08.671, 0, 228.09 W, 28, 2032 MHz, 3996 MHz, 0 %, 0 %
2026/03/24 02:26:08.671, 1, 233.63 W, 29, 2032 MHz, 3996 MHz, 0 %, 0 %
2026/03/24 02:26:08.671, 2, 244.24 W, 27, 2032 MHz, 3996 MHz, 0 %, 0 %
2026/03/24 02:26:08.671, 3, 233.45 W, 30, 2032 MHz, 3996 MHz, 0 %, 0 %
2026/03/24 02:26:08.671, 4, 179.00 W, 26, 120 MHz, 3996 MHz, 0 %, 0 %
2026/03/24 02:26:08.671, 5, 180.58 W, 28, 120 MHz, 3996 MHz, 0 %, 0 %
2026/03/24 02:26:08.671, 6, 178.34 W, 26, 120 MHz, 3996 MHz, 0 %, 0 %
2026/03/24 02:26:08.671, 7, 176.58 W, 27, 120 MHz, 3996 MHz, 0 %, 0 %
2026/03/24 02:26:09.671, 0, 229.34 W, 28, 2032 MHz, 3996 MHz, 0 %, 0 %
2026/03/24 02:26:09.671, 1, 233.16 W, 29, 2032 MHz, 3996 MHz, 0 %, 0 %
2026/03/24 02:26:09.671, 2, 233.91 W, 27, 2032 MHz, 3996 MHz, 0 %, 0 %
2026/03/24 02:26:09.671, 3, 234.65 W, 30, 2032 MHz, 3996 MHz, 0 %, 0 %
2026/03/24 02:26:09.671, 4, 179.45 W, 26, 120 MHz, 3996 MHz, 0 %, 0 %
2026/03/24 02:26:09.671, 5, 180.58 W, 28, 120 MHz, 3996 MHz, 0 %, 0 %
2026/03/24 02:26:09.671, 6, 178.49 W, 26, 120 MHz, 3996 MHz, 0 %, 0 %
2026/03/24 02:26:09.671, 7, 176.58 W, 27, 120 MHz, 3996 MHz, 0 %, 0 %
2026/03/24 02:26:10.672, 0, 228.56 W, 28, 2032 MHz, 3996 MHz, 0 %, 0 %
2026/03/24 02:26:10.672, 1, 233.16 W, 29, 2032 MHz, 3996 MHz, 0 %, 0 %
2026/03/24 02:26:10.672, 2, 233.90 W, 27, 2032 MHz, 3996 MHz, 0 %, 0 %
2026/03/24 02:26:10.672, 3, 234.05 W, 30, 2032 MHz, 3996 MHz, 0 %, 0 %
2026/03/24 02:26:10.672, 4, 178.85 W, 26, 120 MHz, 3996 MHz, 0 %, 0 %
2026/03/24 02:26:10.672, 5, 180.58 W, 28, 120 MHz, 3996 MHz, 0 %, 0 %
2026/03/24 02:26:10.672, 6, 178.30 W, 26, 120 MHz, 3996 MHz, 0 %, 0 %
2026/03/24 02:26:10.672, 7, 176.58 W, 27, 120 MHz, 3996 MHz, 0 %, 0 %
2026/03/24 02:26:11.672, 0, 228.26 W, 28, 2032 MHz, 3996 MHz, 0 %, 0 %
2026/03/24 02:26:11.672, 1, 233.16 W, 29, 2032 MHz, 3996 MHz, 0 %, 0 %
2026/03/24 02:26:11.672, 2, 233.92 W, 27, 2032 MHz, 3996 MHz, 0 %, 0 %
2026/03/24 02:26:11.672, 3, 233.65 W, 30, 2032 MHz, 3996 MHz, 0 %, 0 %
2026/03/24 02:26:11.672, 4, 179.51 W, 26, 120 MHz, 3996 MHz, 0 %, 0 %
2026/03/24 02:26:11.672, 5, 180.58 W, 28, 120 MHz, 3996 MHz, 0 %, 0 %
2026/03/24 02:26:11.672, 6, 178.41 W, 26, 120 MHz, 3996 MHz, 0 %, 0 %
2026/03/24 02:26:11.672, 7, 176.58 W, 27, 120 MHz, 3996 MHz, 0 %, 0 %
2026/03/24 02:26:12.672, 0, 228.25 W, 28, 2032 MHz, 3996 MHz, 0 %, 0 %
2026/03/24 02:26:12.672, 1, 233.16 W, 29, 2032 MHz, 3996 MHz, 0 %, 0 %
2026/03/24 02:26:12.672, 2, 233.91 W, 27, 2032 MHz, 3996 MHz, 0 %, 0 %
2026/03/24 02:26:12.672, 3, 233.79 W, 30, 2032 MHz, 3996 MHz, 0 %, 0 %
2026/03/24 02:26:12.672, 4, 179.12 W, 26, 120 MHz, 3996 MHz, 0 %, 0 %
2026/03/24 02:26:12.672, 5, 180.58 W, 28, 120 MHz, 3996 MHz, 0 %, 0 %
2026/03/24 02:26:12.672, 6, 178.49 W, 26, 120 MHz, 3996 MHz, 0 %, 0 %
2026/03/24 02:26:12.672, 7, 176.58 W, 27, 120 MHz, 3996 MHz, 0 %, 0 %
2026/03/24 02:26:13.672, 0, 241.61 W, 28, 2032 MHz, 3996 MHz, 0 %, 0 %
2026/03/24 02:26:13.672, 1, 246.14 W, 30, 2032 MHz, 3996 MHz, 0 %, 0 %
2026/03/24 02:26:13.672, 2, 247.44 W, 27, 2032 MHz, 3996 MHz, 0 %, 0 %
2026/03/24 02:26:13.672, 3, 247.85 W, 30, 2032 MHz, 3996 MHz, 0 %, 0 %
2026/03/24 02:26:13.672, 4, 179.17 W, 26, 120 MHz, 3996 MHz, 0 %, 0 %
2026/03/24 02:26:13.672, 5, 180.58 W, 28, 120 MHz, 3996 MHz, 0 %, 0 %
2026/03/24 02:26:13.672, 6, 178.49 W, 26, 120 MHz, 3996 MHz, 0 %, 0 %
2026/03/24 02:26:13.672, 7, 176.58 W, 27, 120 MHz, 3996 MHz, 0 %, 0 %
2026/03/24 02:26:14.672, 0, 229.58 W, 28, 2032 MHz, 3996 MHz, 0 %, 0 %
2026/03/24 02:26:14.672, 1, 233.16 W, 29, 2032 MHz, 3996 MHz, 0 %, 0 %
2026/03/24 02:26:14.672, 2, 233.93 W, 27, 2032 MHz, 3996 MHz, 0 %, 0 %
2026/03/24 02:26:14.672, 3, 234.86 W, 30, 2032 MHz, 3996 MHz, 0 %, 0 %
2026/03/24 02:26:14.672, 4, 179.09 W, 26, 120 MHz, 3996 MHz, 0 %, 0 %
2026/03/24 02:26:14.672, 5, 180.58 W, 28, 120 MHz, 3996 MHz, 0 %, 0 %
2026/03/24 02:26:14.672, 6, 178.41 W, 26, 120 MHz, 3996 MHz, 0 %, 0 %
2026/03/24 02:26:14.672, 7, 176.59 W, 27, 120 MHz, 3996 MHz, 0 %, 0 %
2026/03/24 02:26:15.672, 0, 229.07 W, 28, 2032 MHz, 3996 MHz, 0 %, 0 %
2026/03/24 02:26:15.672, 1, 233.20 W, 29, 2032 MHz, 3996 MHz, 0 %, 0 %
2026/03/24 02:26:15.672, 2, 233.91 W, 27, 2032 MHz, 3996 MHz, 0 %, 0 %
2026/03/24 02:26:15.672, 3, 235.01 W, 30, 2032 MHz, 3996 MHz, 0 %, 0 %
2026/03/24 02:26:15.672, 4, 179.08 W, 26, 120 MHz, 3996 MHz, 0 %, 0 %
2026/03/24 02:26:15.672, 5, 180.58 W, 28, 120 MHz, 3996 MHz, 0 %, 0 %
2026/03/24 02:26:15.672, 6, 178.45 W, 26, 120 MHz, 3996 MHz, 0 %, 0 %
2026/03/24 02:26:15.672, 7, 176.58 W, 27, 120 MHz, 3996 MHz, 0 %, 0 %
2026/03/24 02:26:16.672, 0, 228.68 W, 28, 2032 MHz, 3996 MHz, 0 %, 0 %
2026/03/24 02:26:16.672, 1, 233.16 W, 29, 2032 MHz, 3996 MHz, 0 %, 0 %
2026/03/24 02:26:16.672, 2, 233.98 W, 27, 2032 MHz, 3996 MHz, 0 %, 0 %
2026/03/24 02:26:16.672, 3, 234.51 W, 30, 2032 MHz, 3996 MHz, 0 %, 0 %
2026/03/24 02:26:16.672, 4, 179.41 W, 26, 120 MHz, 3996 MHz, 0 %, 0 %
2026/03/24 02:26:16.672, 5, 180.58 W, 28, 120 MHz, 3996 MHz, 0 %, 0 %
2026/03/24 02:26:16.672, 6, 178.38 W, 26, 120 MHz, 3996 MHz, 0 %, 0 %
2026/03/24 02:26:16.673, 7, 176.58 W, 27, 120 MHz, 3996 MHz, 0 %, 0 %
2026/03/24 02:26:17.673, 0, 228.86 W, 28, 2032 MHz, 3996 MHz, 0 %, 0 %
2026/03/24 02:26:17.673, 1, 233.20 W, 29, 2032 MHz, 3996 MHz, 0 %, 0 %
2026/03/24 02:26:17.673, 2, 233.98 W, 27, 2032 MHz, 3996 MHz, 0 %, 0 %
2026/03/24 02:26:17.673, 3, 234.56 W, 30, 2032 MHz, 3996 MHz, 0 %, 0 %
2026/03/24 02:26:17.673, 4, 179.31 W, 26, 120 MHz, 3996 MHz, 0 %, 0 %
2026/03/24 02:26:17.673, 5, 180.58 W, 28, 120 MHz, 3996 MHz, 0 %, 0 %
2026/03/24 02:26:17.673, 6, 178.45 W, 26, 120 MHz, 3996 MHz, 0 %, 0 %
2026/03/24 02:26:17.673, 7, 176.58 W, 27, 120 MHz, 3996 MHz, 0 %, 0 %
2026/03/24 02:26:18.673, 0, 229.07 W, 28, 2032 MHz, 3996 MHz, 0 %, 0 %
2026/03/24 02:26:18.673, 1, 233.20 W, 29, 2032 MHz, 3996 MHz, 0 %, 0 %
2026/03/24 02:26:18.673, 2, 233.95 W, 27, 2032 MHz, 3996 MHz, 0 %, 0 %
2026/03/24 02:26:18.673, 3, 234.72 W, 30, 2032 MHz, 3996 MHz, 0 %, 0 %
2026/03/24 02:26:18.673, 4, 178.94 W, 26, 120 MHz, 3996 MHz, 0 %, 0 %
2026/03/24 02:26:18.673, 5, 180.58 W, 28, 120 MHz, 3996 MHz, 0 %, 0 %
2026/03/24 02:26:18.673, 6, 178.41 W, 26, 120 MHz, 3996 MHz, 0 %, 0 %
2026/03/24 02:26:18.673, 7, 176.58 W, 27, 120 MHz, 3996 MHz, 0 %, 0 %
2026/03/24 02:26:19.673, 0, 229.09 W, 28, 2032 MHz, 3996 MHz, 0 %, 0 %
2026/03/24 02:26:19.673, 1, 233.16 W, 29, 2032 MHz, 3996 MHz, 0 %, 0 %
2026/03/24 02:26:19.673, 2, 233.89 W, 27, 2032 MHz, 3996 MHz, 0 %, 0 %
2026/03/24 02:26:19.673, 3, 234.09 W, 30, 2032 MHz, 3996 MHz, 0 %, 0 %
2026/03/24 02:26:19.673, 4, 179.14 W, 26, 120 MHz, 3996 MHz, 0 %, 0 %
2026/03/24 02:26:19.673, 5, 180.58 W, 28, 120 MHz, 3996 MHz, 0 %, 0 %
2026/03/24 02:26:19.673, 6, 178.41 W, 26, 120 MHz, 3996 MHz, 0 %, 0 %
2026/03/24 02:26:19.673, 7, 176.58 W, 27, 120 MHz, 3996 MHz, 0 %, 0 %
2026/03/24 02:26:20.673, 0, 229.03 W, 28, 2032 MHz, 3996 MHz, 0 %, 0 %
2026/03/24 02:26:20.673, 1, 233.16 W, 29, 2032 MHz, 3996 MHz, 0 %, 0 %
2026/03/24 02:26:20.673, 2, 233.90 W, 27, 2032 MHz, 3996 MHz, 0 %, 0 %
2026/03/24 02:26:20.673, 3, 234.60 W, 30, 2032 MHz, 3996 MHz, 0 %, 0 %
2026/03/24 02:26:20.673, 4, 179.22 W, 26, 120 MHz, 3996 MHz, 0 %, 0 %
2026/03/24 02:26:20.673, 5, 180.58 W, 28, 120 MHz, 3996 MHz, 0 %, 0 %
2026/03/24 02:26:20.673, 6, 178.56 W, 26, 120 MHz, 3996 MHz, 0 %, 0 %
2026/03/24 02:26:20.673, 7, 176.58 W, 27, 120 MHz, 3996 MHz, 0 %, 0 %
2026/03/24 02:26:21.673, 0, 228.93 W, 28, 2032 MHz, 3996 MHz, 0 %, 0 %
2026/03/24 02:26:21.673, 1, 233.16 W, 29, 2032 MHz, 3996 MHz, 0 %, 0 %
2026/03/24 02:26:21.673, 2, 233.88 W, 27, 2032 MHz, 3996 MHz, 0 %, 0 %
2026/03/24 02:26:21.673, 3, 234.35 W, 30, 2032 MHz, 3996 MHz, 0 %, 0 %
2026/03/24 02:26:21.673, 4, 179.25 W, 26, 120 MHz, 3996 MHz, 0 %, 0 %
2026/03/24 02:26:21.673, 5, 180.58 W, 28, 120 MHz, 3996 MHz, 0 %, 0 %
2026/03/24 02:26:21.673, 6, 178.45 W, 26, 120 MHz, 3996 MHz, 0 %, 0 %
2026/03/24 02:26:21.673, 7, 176.58 W, 27, 120 MHz, 3996 MHz, 0 %, 0 %
2026/03/24 02:26:22.673, 0, 229.10 W, 28, 2032 MHz, 3996 MHz, 0 %, 0 %
2026/03/24 02:26:22.673, 1, 233.16 W, 29, 2032 MHz, 3996 MHz, 0 %, 0 %
2026/03/24 02:26:22.673, 2, 233.87 W, 27, 2032 MHz, 3996 MHz, 0 %, 0 %
2026/03/24 02:26:22.673, 3, 234.23 W, 30, 2032 MHz, 3996 MHz, 0 %, 0 %
2026/03/24 02:26:22.673, 4, 179.25 W, 26, 120 MHz, 3996 MHz, 0 %, 0 %
2026/03/24 02:26:22.673, 5, 180.58 W, 28, 120 MHz, 3996 MHz, 0 %, 0 %
2026/03/24 02:26:22.673, 6, 178.41 W, 26, 120 MHz, 3996 MHz, 0 %, 0 %
2026/03/24 02:26:22.673, 7, 176.58 W, 27, 120 MHz, 3996 MHz, 0 %, 0 %
2026/03/24 02:26:23.674, 0, 229.12 W, 28, 2032 MHz, 3996 MHz, 0 %, 0 %
2026/03/24 02:26:23.674, 1, 233.16 W, 29, 2032 MHz, 3996 MHz, 0 %, 0 %
2026/03/24 02:26:23.674, 2, 233.88 W, 27, 2032 MHz, 3996 MHz, 0 %, 0 %
2026/03/24 02:26:23.674, 3, 234.26 W, 30, 2032 MHz, 3996 MHz, 0 %, 0 %
2026/03/24 02:26:23.674, 4, 179.02 W, 26, 120 MHz, 3996 MHz, 0 %, 0 %
2026/03/24 02:26:23.674, 5, 180.58 W, 28, 120 MHz, 3996 MHz, 0 %, 0 %
2026/03/24 02:26:23.674, 6, 178.41 W, 26, 120 MHz, 3996 MHz, 0 %, 0 %
2026/03/24 02:26:23.674, 7, 176.58 W, 27, 120 MHz, 3996 MHz, 0 %, 0 %
2026/03/24 02:26:24.674, 0, 228.86 W, 28, 2032 MHz, 3996 MHz, 0 %, 0 %
2026/03/24 02:26:24.674, 1, 233.16 W, 29, 2032 MHz, 3996 MHz, 0 %, 0 %
2026/03/24 02:26:24.674, 2, 233.88 W, 27, 2032 MHz, 3996 MHz, 0 %, 0 %
2026/03/24 02:26:24.674, 3, 233.82 W, 30, 2032 MHz, 3996 MHz, 0 %, 0 %
2026/03/24 02:26:24.674, 4, 179.18 W, 26, 120 MHz, 3996 MHz, 0 %, 0 %
2026/03/24 02:26:24.674, 5, 180.58 W, 28, 120 MHz, 3996 MHz, 0 %, 0 %
2026/03/24 02:26:24.674, 6, 178.41 W, 26, 120 MHz, 3996 MHz, 0 %, 0 %
2026/03/24 02:26:24.674, 7, 176.58 W, 27, 120 MHz, 3996 MHz, 0 %, 0 %
2026/03/24 02:26:25.674, 0, 228.26 W, 28, 2032 MHz, 3996 MHz, 0 %, 0 %
2026/03/24 02:26:25.674, 1, 233.16 W, 29, 2032 MHz, 3996 MHz, 0 %, 0 %
2026/03/24 02:26:25.674, 2, 233.88 W, 27, 2032 MHz, 3996 MHz, 0 %, 0 %
2026/03/24 02:26:25.674, 3, 234.24 W, 30, 2032 MHz, 3996 MHz, 0 %, 0 %
2026/03/24 02:26:25.674, 4, 179.02 W, 26, 120 MHz, 3996 MHz, 0 %, 0 %
2026/03/24 02:26:25.674, 5, 180.58 W, 28, 120 MHz, 3996 MHz, 0 %, 0 %
2026/03/24 02:26:25.674, 6, 178.29 W, 26, 120 MHz, 3996 MHz, 0 %, 0 %
2026/03/24 02:26:25.674, 7, 176.58 W, 27, 120 MHz, 3996 MHz, 0 %, 0 %
2026/03/24 02:26:26.674, 0, 228.29 W, 28, 2032 MHz, 3996 MHz, 0 %, 0 %
2026/03/24 02:26:26.674, 1, 233.16 W, 29, 2032 MHz, 3996 MHz, 0 %, 0 %
2026/03/24 02:26:26.674, 2, 233.89 W, 27, 2032 MHz, 3996 MHz, 0 %, 0 %
2026/03/24 02:26:26.674, 3, 234.03 W, 30, 2032 MHz, 3996 MHz, 0 %, 0 %
2026/03/24 02:26:26.674, 4, 179.37 W, 26, 120 MHz, 3996 MHz, 0 %, 0 %
2026/03/24 02:26:26.674, 5, 180.58 W, 28, 120 MHz, 3996 MHz, 0 %, 0 %
2026/03/24 02:26:26.674, 6, 178.45 W, 26, 120 MHz, 3996 MHz, 0 %, 0 %
2026/03/24 02:26:26.674, 7, 176.58 W, 27, 120 MHz, 3996 MHz, 0 %, 0 %
2026/03/24 02:26:27.674, 0, 228.52 W, 28, 2032 MHz, 3996 MHz, 0 %, 0 %
2026/03/24 02:26:27.674, 1, 233.24 W, 29, 2032 MHz, 3996 MHz, 0 %, 0 %
2026/03/24 02:26:27.674, 2, 234.00 W, 27, 2032 MHz, 3996 MHz, 0 %, 0 %
2026/03/24 02:26:27.674, 3, 234.39 W, 30, 2032 MHz, 3996 MHz, 0 %, 0 %
2026/03/24 02:26:27.674, 4, 179.14 W, 26, 120 MHz, 3996 MHz, 0 %, 0 %
2026/03/24 02:26:27.674, 5, 180.58 W, 28, 120 MHz, 3996 MHz, 0 %, 0 %
2026/03/24 02:26:27.674, 6, 178.30 W, 26, 120 MHz, 3996 MHz, 0 %, 0 %
2026/03/24 02:26:27.674, 7, 176.58 W, 27, 120 MHz, 3996 MHz, 0 %, 0 %
2026/03/24 02:26:28.674, 0, 229.30 W, 28, 2032 MHz, 3996 MHz, 0 %, 0 %
2026/03/24 02:26:28.674, 1, 233.16 W, 29, 2032 MHz, 3996 MHz, 0 %, 0 %
2026/03/24 02:26:28.674, 2, 233.90 W, 27, 2032 MHz, 3996 MHz, 0 %, 0 %
2026/03/24 02:26:28.674, 3, 234.34 W, 30, 2032 MHz, 3996 MHz, 0 %, 0 %
2026/03/24 02:26:28.674, 4, 179.06 W, 26, 120 MHz, 3996 MHz, 0 %, 0 %
2026/03/24 02:26:28.674, 5, 180.58 W, 28, 120 MHz, 3996 MHz, 0 %, 0 %
2026/03/24 02:26:28.674, 6, 178.37 W, 26, 120 MHz, 3996 MHz, 0 %, 0 %
2026/03/24 02:26:28.674, 7, 176.58 W, 27, 120 MHz, 3996 MHz, 0 %, 0 %
2026/03/24 02:26:29.674, 0, 228.72 W, 28, 2032 MHz, 3996 MHz, 0 %, 0 %
2026/03/24 02:26:29.674, 1, 233.16 W, 29, 2032 MHz, 3996 MHz, 0 %, 0 %
2026/03/24 02:26:29.674, 2, 233.90 W, 27, 2032 MHz, 3996 MHz, 0 %, 0 %
2026/03/24 02:26:29.674, 3, 234.03 W, 30, 2032 MHz, 3996 MHz, 0 %, 0 %
2026/03/24 02:26:29.674, 4, 179.22 W, 26, 120 MHz, 3996 MHz, 0 %, 0 %
2026/03/24 02:26:29.674, 5, 180.58 W, 28, 120 MHz, 3996 MHz, 0 %, 0 %
2026/03/24 02:26:29.675, 6, 178.56 W, 26, 120 MHz, 3996 MHz, 0 %, 0 %
2026/03/24 02:26:29.675, 7, 176.58 W, 27, 120 MHz, 3996 MHz, 0 %, 0 %
2026/03/24 02:26:30.675, 0, 228.49 W, 28, 2032 MHz, 3996 MHz, 0 %, 0 %
2026/03/24 02:26:30.675, 1, 233.16 W, 29, 2032 MHz, 3996 MHz, 0 %, 0 %
2026/03/24 02:26:30.675, 2, 233.96 W, 27, 2032 MHz, 3996 MHz, 0 %, 0 %
2026/03/24 02:26:30.675, 3, 233.73 W, 30, 2032 MHz, 3996 MHz, 0 %, 0 %
2026/03/24 02:26:30.675, 4, 179.14 W, 26, 120 MHz, 3996 MHz, 0 %, 0 %
2026/03/24 02:26:30.675, 5, 180.58 W, 28, 120 MHz, 3996 MHz, 0 %, 0 %
2026/03/24 02:26:30.675, 6, 178.26 W, 26, 120 MHz, 3996 MHz, 0 %, 0 %
2026/03/24 02:26:30.675, 7, 176.59 W, 27, 120 MHz, 3996 MHz, 0 %, 0 %
2026/03/24 02:26:31.675, 0, 228.38 W, 28, 2032 MHz, 3996 MHz, 0 %, 0 %
2026/03/24 02:26:31.675, 1, 233.16 W, 29, 2032 MHz, 3996 MHz, 0 %, 0 %
2026/03/24 02:26:31.675, 2, 233.92 W, 27, 2032 MHz, 3996 MHz, 0 %, 0 %
2026/03/24 02:26:31.675, 3, 233.56 W, 30, 2032 MHz, 3996 MHz, 0 %, 0 %
2026/03/24 02:26:31.675, 4, 178.94 W, 26, 120 MHz, 3996 MHz, 0 %, 0 %
2026/03/24 02:26:31.675, 5, 180.58 W, 28, 120 MHz, 3996 MHz, 0 %, 0 %
2026/03/24 02:26:31.675, 6, 178.37 W, 26, 120 MHz, 3996 MHz, 0 %, 0 %
2026/03/24 02:26:31.675, 7, 176.58 W, 27, 120 MHz, 3996 MHz, 0 %, 0 %
2026/03/24 02:26:32.675, 0, 229.32 W, 28, 2032 MHz, 3996 MHz, 0 %, 0 %
2026/03/24 02:26:32.675, 1, 233.40 W, 29, 2032 MHz, 3996 MHz, 0 %, 0 %
2026/03/24 02:26:32.675, 2, 234.42 W, 27, 2032 MHz, 3996 MHz, 0 %, 0 %
2026/03/24 02:26:32.675, 3, 234.51 W, 30, 2032 MHz, 3996 MHz, 0 %, 0 %
2026/03/24 02:26:32.675, 4, 179.03 W, 26, 120 MHz, 3996 MHz, 0 %, 0 %
2026/03/24 02:26:32.675, 5, 180.58 W, 28, 120 MHz, 3996 MHz, 0 %, 0 %
2026/03/24 02:26:32.675, 6, 178.30 W, 26, 120 MHz, 3996 MHz, 0 %, 0 %
2026/03/24 02:26:32.675, 7, 176.58 W, 27, 120 MHz, 3996 MHz, 0 %, 0 %
2026/03/24 02:26:33.675, 0, 247.09 W, 28, 2032 MHz, 3996 MHz, 0 %, 0 %
2026/03/24 02:26:33.675, 1, 252.48 W, 29, 2032 MHz, 3996 MHz, 0 %, 0 %
2026/03/24 02:26:33.675, 2, 253.25 W, 27, 2032 MHz, 3996 MHz, 0 %, 0 %
2026/03/24 02:26:33.675, 3, 252.93 W, 30, 2032 MHz, 3996 MHz, 0 %, 0 %
2026/03/24 02:26:33.675, 4, 179.02 W, 26, 120 MHz, 3996 MHz, 0 %, 0 %
2026/03/24 02:26:33.675, 5, 180.58 W, 28, 120 MHz, 3996 MHz, 0 %, 0 %
2026/03/24 02:26:33.675, 6, 178.41 W, 26, 120 MHz, 3996 MHz, 0 %, 0 %
2026/03/24 02:26:33.675, 7, 176.58 W, 27, 120 MHz, 3996 MHz, 0 %, 0 %
2026/03/24 02:26:34.675, 0, 229.30 W, 28, 2032 MHz, 3996 MHz, 0 %, 0 %
2026/03/24 02:26:34.675, 1, 233.77 W, 29, 2032 MHz, 3996 MHz, 0 %, 0 %
2026/03/24 02:26:34.675, 2, 234.66 W, 27, 2032 MHz, 3996 MHz, 0 %, 0 %
2026/03/24 02:26:34.675, 3, 235.37 W, 30, 2032 MHz, 3996 MHz, 0 %, 0 %
2026/03/24 02:26:34.675, 4, 178.87 W, 26, 120 MHz, 3996 MHz, 0 %, 0 %
2026/03/24 02:26:34.675, 5, 180.58 W, 28, 120 MHz, 3996 MHz, 0 %, 0 %
2026/03/24 02:26:34.675, 6, 178.14 W, 26, 120 MHz, 3996 MHz, 0 %, 0 %
2026/03/24 02:26:34.675, 7, 176.58 W, 27, 120 MHz, 3996 MHz, 0 %, 0 %
2026/03/24 02:26:35.675, 0, 228.88 W, 28, 2032 MHz, 3996 MHz, 0 %, 0 %
2026/03/24 02:26:35.675, 1, 233.16 W, 29, 2032 MHz, 3996 MHz, 0 %, 0 %
2026/03/24 02:26:35.675, 2, 233.92 W, 27, 2032 MHz, 3996 MHz, 0 %, 0 %
2026/03/24 02:26:35.675, 3, 235.03 W, 30, 2032 MHz, 3996 MHz, 0 %, 0 %
2026/03/24 02:26:35.675, 4, 178.86 W, 26, 120 MHz, 3996 MHz, 0 %, 0 %
2026/03/24 02:26:35.675, 5, 180.58 W, 28, 120 MHz, 3996 MHz, 0 %, 0 %
2026/03/24 02:26:35.675, 6, 178.34 W, 26, 120 MHz, 3996 MHz, 0 %, 0 %
2026/03/24 02:26:35.675, 7, 176.58 W, 27, 120 MHz, 3996 MHz, 0 %, 0 %
2026/03/24 02:26:36.675, 0, 228.73 W, 28, 2032 MHz, 3996 MHz, 0 %, 0 %
2026/03/24 02:26:36.675, 1, 233.16 W, 29, 2032 MHz, 3996 MHz, 0 %, 0 %
2026/03/24 02:26:36.675, 2, 233.93 W, 27, 2032 MHz, 3996 MHz, 0 %, 0 %
2026/03/24 02:26:36.676, 3, 234.80 W, 30, 2032 MHz, 3996 MHz, 0 %, 0 %
2026/03/24 02:26:36.676, 4, 179.28 W, 26, 120 MHz, 3996 MHz, 0 %, 0 %
2026/03/24 02:26:36.676, 5, 180.58 W, 28, 120 MHz, 3996 MHz, 0 %, 0 %
2026/03/24 02:26:36.676, 6, 178.49 W, 26, 120 MHz, 3996 MHz, 0 %, 0 %
2026/03/24 02:26:36.676, 7, 176.58 W, 27, 120 MHz, 3996 MHz, 0 %, 0 %
2026/03/24 02:26:37.676, 0, 228.79 W, 28, 2032 MHz, 3996 MHz, 0 %, 0 %
2026/03/24 02:26:37.676, 1, 233.16 W, 29, 2032 MHz, 3996 MHz, 0 %, 0 %
2026/03/24 02:26:37.676, 2, 233.98 W, 27, 2032 MHz, 3996 MHz, 0 %, 0 %
2026/03/24 02:26:37.676, 3, 234.73 W, 30, 2032 MHz, 3996 MHz, 0 %, 0 %
2026/03/24 02:26:37.676, 4, 179.06 W, 26, 120 MHz, 3996 MHz, 0 %, 0 %
2026/03/24 02:26:37.676, 5, 180.58 W, 28, 120 MHz, 3996 MHz, 0 %, 0 %
2026/03/24 02:26:37.676, 6, 178.37 W, 26, 120 MHz, 3996 MHz, 0 %, 0 %
2026/03/24 02:26:37.676, 7, 176.58 W, 27, 120 MHz, 3996 MHz, 0 %, 0 %
2026/03/24 02:26:38.676, 0, 228.75 W, 28, 2032 MHz, 3996 MHz, 0 %, 0 %
2026/03/24 02:26:38.676, 1, 233.24 W, 29, 2032 MHz, 3996 MHz, 0 %, 0 %
2026/03/24 02:26:38.676, 2, 233.93 W, 27, 2032 MHz, 3996 MHz, 0 %, 0 %
2026/03/24 02:26:38.676, 3, 234.92 W, 30, 2032 MHz, 3996 MHz, 0 %, 0 %
2026/03/24 02:26:38.676, 4, 179.28 W, 26, 120 MHz, 3996 MHz, 0 %, 0 %
2026/03/24 02:26:38.676, 5, 180.58 W, 28, 120 MHz, 3996 MHz, 0 %, 0 %
2026/03/24 02:26:38.676, 6, 178.49 W, 26, 120 MHz, 3996 MHz, 0 %, 0 %
2026/03/24 02:26:38.676, 7, 176.58 W, 27, 120 MHz, 3996 MHz, 0 %, 0 %
2026/03/24 02:26:39.676, 0, 228.67 W, 28, 2032 MHz, 3996 MHz, 0 %, 0 %
2026/03/24 02:26:39.676, 1, 233.16 W, 29, 2032 MHz, 3996 MHz, 0 %, 0 %
2026/03/24 02:26:39.676, 2, 233.93 W, 27, 2032 MHz, 3996 MHz, 0 %, 0 %
2026/03/24 02:26:39.676, 3, 235.00 W, 30, 2032 MHz, 3996 MHz, 0 %, 0 %
2026/03/24 02:26:39.676, 4, 179.08 W, 26, 120 MHz, 3996 MHz, 0 %, 0 %
2026/03/24 02:26:39.676, 5, 180.58 W, 28, 120 MHz, 3996 MHz, 0 %, 0 %
2026/03/24 02:26:39.676, 6, 178.34 W, 26, 120 MHz, 3996 MHz, 0 %, 0 %
2026/03/24 02:26:39.676, 7, 176.58 W, 27, 120 MHz, 3996 MHz, 0 %, 0 %
2026/03/24 02:26:40.676, 0, 228.83 W, 28, 2032 MHz, 3996 MHz, 0 %, 0 %
2026/03/24 02:26:40.676, 1, 233.24 W, 29, 2032 MHz, 3996 MHz, 0 %, 0 %
2026/03/24 02:26:40.676, 2, 233.98 W, 27, 2032 MHz, 3996 MHz, 0 %, 0 %
2026/03/24 02:26:40.676, 3, 235.12 W, 30, 2032 MHz, 3996 MHz, 0 %, 0 %
2026/03/24 02:26:40.676, 4, 179.34 W, 26, 120 MHz, 3996 MHz, 0 %, 0 %
2026/03/24 02:26:40.676, 5, 180.58 W, 28, 120 MHz, 3996 MHz, 0 %, 0 %
2026/03/24 02:26:40.676, 6, 178.37 W, 26, 120 MHz, 3996 MHz, 0 %, 0 %
2026/03/24 02:26:40.676, 7, 176.58 W, 27, 120 MHz, 3996 MHz, 0 %, 0 %
2026/03/24 02:26:41.676, 0, 228.69 W, 28, 2032 MHz, 3996 MHz, 0 %, 0 %
2026/03/24 02:26:41.676, 1, 233.20 W, 29, 2032 MHz, 3996 MHz, 0 %, 0 %
2026/03/24 02:26:41.676, 2, 233.96 W, 27, 2032 MHz, 3996 MHz, 0 %, 0 %
2026/03/24 02:26:41.676, 3, 235.11 W, 30, 2032 MHz, 3996 MHz, 0 %, 0 %
2026/03/24 02:26:41.676, 4, 179.21 W, 26, 120 MHz, 3996 MHz, 0 %, 0 %
2026/03/24 02:26:41.676, 5, 180.58 W, 28, 120 MHz, 3996 MHz, 0 %, 0 %
2026/03/24 02:26:41.676, 6, 178.30 W, 26, 120 MHz, 3996 MHz, 0 %, 0 %
2026/03/24 02:26:41.676, 7, 176.58 W, 27, 120 MHz, 3996 MHz, 0 %, 0 %
2026/03/24 02:26:42.676, 0, 228.86 W, 28, 2032 MHz, 3996 MHz, 0 %, 0 %
2026/03/24 02:26:42.676, 1, 233.20 W, 29, 2032 MHz, 3996 MHz, 0 %, 0 %
2026/03/24 02:26:42.676, 2, 233.93 W, 27, 2032 MHz, 3996 MHz, 0 %, 0 %
2026/03/24 02:26:42.676, 3, 235.08 W, 30, 2032 MHz, 3996 MHz, 0 %, 0 %
2026/03/24 02:26:42.676, 4, 179.10 W, 26, 120 MHz, 3996 MHz, 0 %, 0 %
2026/03/24 02:26:42.676, 5, 180.58 W, 28, 120 MHz, 3996 MHz, 0 %, 0 %
2026/03/24 02:26:42.677, 6, 178.19 W, 26, 120 MHz, 3996 MHz, 0 %, 0 %
2026/03/24 02:26:42.677, 7, 176.58 W, 27, 120 MHz, 3996 MHz, 0 %, 0 %
2026/03/24 02:26:43.677, 0, 229.31 W, 28, 2032 MHz, 3996 MHz, 0 %, 0 %
2026/03/24 02:26:43.677, 1, 233.47 W, 29, 2032 MHz, 3996 MHz, 0 %, 0 %
2026/03/24 02:26:43.677, 2, 234.26 W, 27, 2032 MHz, 3996 MHz, 0 %, 0 %
2026/03/24 02:26:43.677, 3, 235.07 W, 30, 2032 MHz, 3996 MHz, 0 %, 0 %
2026/03/24 02:26:43.677, 4, 179.33 W, 26, 120 MHz, 3996 MHz, 0 %, 0 %
2026/03/24 02:26:43.677, 5, 180.58 W, 28, 120 MHz, 3996 MHz, 0 %, 0 %
2026/03/24 02:26:43.677, 6, 178.52 W, 26, 120 MHz, 3996 MHz, 0 %, 0 %
2026/03/24 02:26:43.677, 7, 176.58 W, 27, 120 MHz, 3996 MHz, 0 %, 0 %
2026/03/24 02:26:44.677, 0, 229.84 W, 28, 2032 MHz, 3996 MHz, 100 %, 0 %
2026/03/24 02:26:44.677, 1, 233.55 W, 29, 2032 MHz, 3996 MHz, 0 %, 0 %
2026/03/24 02:26:44.677, 2, 234.27 W, 27, 2032 MHz, 3996 MHz, 0 %, 0 %
2026/03/24 02:26:44.677, 3, 235.08 W, 30, 2032 MHz, 3996 MHz, 0 %, 0 %
2026/03/24 02:26:44.677, 4, 179.34 W, 26, 120 MHz, 3996 MHz, 0 %, 0 %
2026/03/24 02:26:44.677, 5, 180.58 W, 28, 120 MHz, 3996 MHz, 0 %, 0 %
2026/03/24 02:26:44.677, 6, 178.49 W, 26, 120 MHz, 3996 MHz, 0 %, 0 %
2026/03/24 02:26:44.677, 7, 176.58 W, 27, 120 MHz, 3996 MHz, 0 %, 0 %
2026/03/24 02:26:45.677, 0, 229.73 W, 28, 2032 MHz, 3996 MHz, 100 %, 0 %
2026/03/24 02:26:45.677, 1, 233.16 W, 29, 2032 MHz, 3996 MHz, 0 %, 0 %
2026/03/24 02:26:45.677, 2, 233.93 W, 27, 2032 MHz, 3996 MHz, 0 %, 0 %
2026/03/24 02:26:45.677, 3, 234.82 W, 30, 2032 MHz, 3996 MHz, 0 %, 0 %
2026/03/24 02:26:45.677, 4, 179.14 W, 26, 120 MHz, 3996 MHz, 0 %, 0 %
2026/03/24 02:26:45.677, 5, 180.58 W, 28, 120 MHz, 3996 MHz, 0 %, 0 %
2026/03/24 02:26:45.677, 6, 178.14 W, 26, 120 MHz, 3996 MHz, 0 %, 0 %
2026/03/24 02:26:45.677, 7, 176.58 W, 27, 120 MHz, 3996 MHz, 0 %, 0 %
2026/03/24 02:26:46.677, 0, 228.49 W, 28, 2032 MHz, 3996 MHz, 0 %, 0 %
2026/03/24 02:26:46.677, 1, 233.44 W, 29, 2032 MHz, 3996 MHz, 0 %, 0 %
2026/03/24 02:26:46.677, 2, 233.98 W, 27, 2032 MHz, 3996 MHz, 0 %, 0 %
2026/03/24 02:26:46.677, 3, 234.29 W, 30, 2032 MHz, 3996 MHz, 0 %, 0 %
2026/03/24 02:26:46.677, 4, 178.98 W, 26, 120 MHz, 3996 MHz, 0 %, 0 %
2026/03/24 02:26:46.677, 5, 180.58 W, 28, 120 MHz, 3996 MHz, 0 %, 0 %
2026/03/24 02:26:46.677, 6, 178.53 W, 26, 120 MHz, 3996 MHz, 0 %, 0 %
2026/03/24 02:26:46.677, 7, 176.58 W, 27, 120 MHz, 3996 MHz, 0 %, 0 %
2026/03/24 02:26:47.677, 0, 228.07 W, 28, 2032 MHz, 3996 MHz, 0 %, 0 %
2026/03/24 02:26:47.677, 1, 233.16 W, 29, 2032 MHz, 3996 MHz, 0 %, 0 %
2026/03/24 02:26:47.677, 2, 233.97 W, 27, 2032 MHz, 3996 MHz, 0 %, 0 %
2026/03/24 02:26:47.677, 3, 233.59 W, 30, 2032 MHz, 3996 MHz, 0 %, 0 %
2026/03/24 02:26:47.677, 4, 179.12 W, 26, 120 MHz, 3996 MHz, 0 %, 0 %
2026/03/24 02:26:47.677, 5, 180.58 W, 28, 120 MHz, 3996 MHz, 0 %, 0 %
2026/03/24 02:26:47.677, 6, 178.49 W, 26, 120 MHz, 3996 MHz, 0 %, 0 %
2026/03/24 02:26:47.677, 7, 176.58 W, 27, 120 MHz, 3996 MHz, 0 %, 0 %
2026/03/24 02:26:48.677, 0, 239.15 W, 28, 2032 MHz, 3996 MHz, 7 %, 5 %
2026/03/24 02:26:48.677, 1, 253.02 W, 30, 2032 MHz, 3996 MHz, 0 %, 0 %
2026/03/24 02:26:48.677, 2, 244.80 W, 27, 2032 MHz, 3996 MHz, 0 %, 0 %
2026/03/24 02:26:48.677, 3, 242.75 W, 30, 2032 MHz, 3996 MHz, 16 %, 13 %
2026/03/24 02:26:48.677, 4, 179.01 W, 26, 120 MHz, 3996 MHz, 0 %, 0 %
2026/03/24 02:26:48.677, 5, 180.58 W, 28, 120 MHz, 3996 MHz, 0 %, 0 %
2026/03/24 02:26:48.677, 6, 178.14 W, 26, 120 MHz, 3996 MHz, 0 %, 0 %
2026/03/24 02:26:48.677, 7, 176.58 W, 27, 120 MHz, 3996 MHz, 0 %, 0 %
2026/03/24 02:26:49.677, 0, 239.06 W, 28, 2032 MHz, 3996 MHz, 0 %, 0 %
2026/03/24 02:26:49.677, 1, 238.75 W, 29, 2032 MHz, 3996 MHz, 0 %, 0 %
2026/03/24 02:26:49.678, 2, 245.73 W, 27, 2032 MHz, 3996 MHz, 0 %, 0 %
2026/03/24 02:26:49.678, 3, 247.13 W, 30, 2032 MHz, 3996 MHz, 0 %, 0 %
2026/03/24 02:26:49.678, 4, 179.17 W, 26, 120 MHz, 3996 MHz, 0 %, 0 %
2026/03/24 02:26:49.678, 5, 180.58 W, 28, 120 MHz, 3996 MHz, 0 %, 0 %
2026/03/24 02:26:49.678, 6, 178.45 W, 26, 120 MHz, 3996 MHz, 0 %, 0 %
2026/03/24 02:26:49.678, 7, 176.58 W, 27, 120 MHz, 3996 MHz, 0 %, 0 %
2026/03/24 02:26:50.678, 0, 261.89 W, 28, 2032 MHz, 3996 MHz, 0 %, 0 %
2026/03/24 02:26:50.678, 1, 266.01 W, 29, 2032 MHz, 3996 MHz, 0 %, 0 %
2026/03/24 02:26:50.678, 2, 268.23 W, 27, 2032 MHz, 3996 MHz, 0 %, 0 %
2026/03/24 02:26:50.678, 3, 267.23 W, 30, 2032 MHz, 3996 MHz, 0 %, 0 %
2026/03/24 02:26:50.678, 4, 179.34 W, 26, 120 MHz, 3996 MHz, 0 %, 0 %
2026/03/24 02:26:50.678, 5, 180.58 W, 28, 120 MHz, 3996 MHz, 0 %, 0 %
2026/03/24 02:26:50.678, 6, 178.37 W, 26, 120 MHz, 3996 MHz, 0 %, 0 %
2026/03/24 02:26:50.678, 7, 176.58 W, 27, 120 MHz, 3996 MHz, 0 %, 0 %
2026/03/24 02:26:51.678, 0, 263.11 W, 28, 2032 MHz, 3996 MHz, 0 %, 0 %
2026/03/24 02:26:51.678, 1, 266.25 W, 30, 2032 MHz, 3996 MHz, 0 %, 0 %
2026/03/24 02:26:51.678, 2, 267.39 W, 27, 2032 MHz, 3996 MHz, 0 %, 0 %
2026/03/24 02:26:51.678, 3, 268.00 W, 30, 2032 MHz, 3996 MHz, 0 %, 0 %
2026/03/24 02:26:51.678, 4, 179.16 W, 26, 120 MHz, 3996 MHz, 0 %, 0 %
2026/03/24 02:26:51.678, 5, 180.58 W, 28, 120 MHz, 3996 MHz, 0 %, 0 %
2026/03/24 02:26:51.678, 6, 178.49 W, 26, 120 MHz, 3996 MHz, 0 %, 0 %
2026/03/24 02:26:51.678, 7, 176.58 W, 27, 120 MHz, 3996 MHz, 0 %, 0 %
2026/03/24 02:26:52.678, 0, 229.21 W, 28, 2032 MHz, 3996 MHz, 0 %, 0 %
2026/03/24 02:26:52.678, 1, 233.20 W, 29, 2032 MHz, 3996 MHz, 0 %, 0 %
2026/03/24 02:26:52.678, 2, 233.93 W, 27, 2032 MHz, 3996 MHz, 0 %, 0 %
2026/03/24 02:26:52.678, 3, 235.04 W, 30, 2032 MHz, 3996 MHz, 0 %, 0 %
2026/03/24 02:26:52.678, 4, 179.21 W, 26, 120 MHz, 3996 MHz, 0 %, 0 %
2026/03/24 02:26:52.678, 5, 180.58 W, 28, 120 MHz, 3996 MHz, 0 %, 0 %
2026/03/24 02:26:52.678, 6, 178.41 W, 26, 120 MHz, 3996 MHz, 0 %, 0 %
2026/03/24 02:26:52.678, 7, 176.59 W, 27, 120 MHz, 3996 MHz, 0 %, 0 %
2026/03/24 02:26:53.678, 0, 242.91 W, 28, 2032 MHz, 3996 MHz, 0 %, 0 %
2026/03/24 02:26:53.678, 1, 246.72 W, 29, 2032 MHz, 3996 MHz, 0 %, 0 %
2026/03/24 02:26:53.678, 2, 247.35 W, 27, 2032 MHz, 3996 MHz, 0 %, 0 %
2026/03/24 02:26:53.678, 3, 247.93 W, 30, 2032 MHz, 3996 MHz, 0 %, 0 %
2026/03/24 02:26:53.678, 4, 179.06 W, 26, 120 MHz, 3996 MHz, 0 %, 0 %
2026/03/24 02:26:53.678, 5, 180.58 W, 28, 120 MHz, 3996 MHz, 0 %, 0 %
2026/03/24 02:26:53.678, 6, 178.22 W, 26, 120 MHz, 3996 MHz, 0 %, 0 %
2026/03/24 02:26:53.678, 7, 176.58 W, 27, 120 MHz, 3996 MHz, 0 %, 0 %
2026/03/24 02:26:54.678, 0, 229.38 W, 28, 2032 MHz, 3996 MHz, 0 %, 0 %
2026/03/24 02:26:54.678, 1, 233.20 W, 29, 2032 MHz, 3996 MHz, 0 %, 0 %
2026/03/24 02:26:54.678, 2, 233.89 W, 27, 2032 MHz, 3996 MHz, 0 %, 0 %
2026/03/24 02:26:54.678, 3, 234.82 W, 30, 2032 MHz, 3996 MHz, 0 %, 0 %
2026/03/24 02:26:54.678, 4, 178.94 W, 26, 120 MHz, 3996 MHz, 0 %, 0 %
2026/03/24 02:26:54.678, 5, 180.58 W, 28, 120 MHz, 3996 MHz, 0 %, 0 %
2026/03/24 02:26:54.678, 6, 178.34 W, 26, 120 MHz, 3996 MHz, 0 %, 0 %
2026/03/24 02:26:54.678, 7, 176.58 W, 27, 120 MHz, 3996 MHz, 0 %, 0 %
2026/03/24 02:26:55.678, 0, 296.80 W, 31, 2032 MHz, 3996 MHz, 41 %, 35 %
2026/03/24 02:26:55.679, 1, 298.02 W, 30, 2032 MHz, 3996 MHz, 34 %, 20 %
2026/03/24 02:26:55.679, 2, 301.12 W, 30, 2032 MHz, 3996 MHz, 0 %, 0 %
2026/03/24 02:26:55.679, 3, 242.22 W, 31, 2032 MHz, 3996 MHz, 0 %, 0 %
2026/03/24 02:26:55.679, 4, 179.05 W, 26, 120 MHz, 3996 MHz, 0 %, 0 %
2026/03/24 02:26:55.679, 5, 180.58 W, 28, 120 MHz, 3996 MHz, 0 %, 0 %
2026/03/24 02:26:55.679, 6, 178.45 W, 26, 120 MHz, 3996 MHz, 0 %, 0 %
2026/03/24 02:26:55.679, 7, 176.58 W, 27, 120 MHz, 3996 MHz, 0 %, 0 %
2026/03/24 02:26:56.679, 0, 230.32 W, 28, 2032 MHz, 3996 MHz, 0 %, 0 %
2026/03/24 02:26:56.679, 1, 251.65 W, 31, 2032 MHz, 3996 MHz, 0 %, 0 %
2026/03/24 02:26:56.679, 2, 243.38 W, 27, 2032 MHz, 3996 MHz, 0 %, 0 %
2026/03/24 02:26:56.679, 3, 302.57 W, 30, 2032 MHz, 3996 MHz, 0 %, 0 %
2026/03/24 02:26:56.679, 4, 179.14 W, 26, 120 MHz, 3996 MHz, 0 %, 0 %
2026/03/24 02:26:56.679, 5, 180.58 W, 28, 120 MHz, 3996 MHz, 0 %, 0 %
2026/03/24 02:26:56.679, 6, 178.34 W, 26, 120 MHz, 3996 MHz, 0 %, 0 %
2026/03/24 02:26:56.679, 7, 176.58 W, 27, 120 MHz, 3996 MHz, 0 %, 0 %
2026/03/24 02:26:57.679, 0, 261.02 W, 28, 2032 MHz, 3996 MHz, 0 %, 0 %
2026/03/24 02:26:57.679, 1, 252.43 W, 30, 2032 MHz, 3996 MHz, 0 %, 0 %
2026/03/24 02:26:57.679, 2, 266.74 W, 27, 2032 MHz, 3996 MHz, 0 %, 0 %
2026/03/24 02:26:57.679, 3, 265.75 W, 30, 2032 MHz, 3996 MHz, 0 %, 0 %
2026/03/24 02:26:57.679, 4, 179.22 W, 26, 120 MHz, 3996 MHz, 0 %, 0 %
2026/03/24 02:26:57.679, 5, 180.58 W, 28, 120 MHz, 3996 MHz, 0 %, 0 %
2026/03/24 02:26:57.679, 6, 178.45 W, 26, 120 MHz, 3996 MHz, 0 %, 0 %
2026/03/24 02:26:57.679, 7, 176.58 W, 27, 120 MHz, 3996 MHz, 0 %, 0 %
2026/03/24 02:26:58.679, 0, 229.61 W, 28, 2032 MHz, 3996 MHz, 0 %, 0 %
2026/03/24 02:26:58.679, 1, 233.16 W, 29, 2032 MHz, 3996 MHz, 0 %, 0 %
2026/03/24 02:26:58.679, 2, 233.93 W, 27, 2032 MHz, 3996 MHz, 0 %, 0 %
2026/03/24 02:26:58.679, 3, 235.00 W, 30, 2032 MHz, 3996 MHz, 0 %, 0 %
2026/03/24 02:26:58.679, 4, 179.16 W, 26, 120 MHz, 3996 MHz, 0 %, 0 %
2026/03/24 02:26:58.679, 5, 180.58 W, 28, 120 MHz, 3996 MHz, 0 %, 0 %
2026/03/24 02:26:58.679, 6, 178.45 W, 26, 120 MHz, 3996 MHz, 0 %, 0 %
2026/03/24 02:26:58.679, 7, 176.58 W, 27, 120 MHz, 3996 MHz, 0 %, 0 %
2026/03/24 02:26:59.679, 0, 331.94 W, 32, 2032 MHz, 3996 MHz, 91 %, 85 %
2026/03/24 02:26:59.679, 1, 335.44 W, 31, 2032 MHz, 3996 MHz, 89 %, 80 %
2026/03/24 02:26:59.679, 2, 328.62 W, 31, 2032 MHz, 3996 MHz, 44 %, 42 %
2026/03/24 02:26:59.679, 3, 273.70 W, 33, 2032 MHz, 3996 MHz, 0 %, 0 %
2026/03/24 02:26:59.679, 4, 178.90 W, 26, 120 MHz, 3996 MHz, 0 %, 0 %
2026/03/24 02:26:59.679, 5, 180.58 W, 28, 120 MHz, 3996 MHz, 0 %, 0 %
2026/03/24 02:26:59.679, 6, 178.41 W, 26, 120 MHz, 3996 MHz, 0 %, 0 %
2026/03/24 02:26:59.679, 7, 176.58 W, 27, 120 MHz, 3996 MHz, 0 %, 0 %
2026/03/24 02:27:00.679, 0, 230.65 W, 28, 2032 MHz, 3996 MHz, 0 %, 0 %
2026/03/24 02:27:00.679, 1, 234.17 W, 30, 2032 MHz, 3996 MHz, 0 %, 0 %
2026/03/24 02:27:00.679, 2, 244.95 W, 27, 2032 MHz, 3996 MHz, 0 %, 0 %
2026/03/24 02:27:00.679, 3, 307.87 W, 30, 2032 MHz, 3996 MHz, 0 %, 0 %
2026/03/24 02:27:00.679, 4, 179.01 W, 26, 120 MHz, 3996 MHz, 0 %, 0 %
2026/03/24 02:27:00.679, 5, 180.58 W, 28, 120 MHz, 3996 MHz, 0 %, 0 %
2026/03/24 02:27:00.679, 6, 178.25 W, 26, 120 MHz, 3996 MHz, 0 %, 0 %
2026/03/24 02:27:00.679, 7, 176.58 W, 27, 120 MHz, 3996 MHz, 0 %, 0 %
2026/03/24 02:27:01.679, 0, 229.62 W, 28, 2032 MHz, 3996 MHz, 0 %, 0 %
2026/03/24 02:27:01.679, 1, 233.24 W, 30, 2032 MHz, 3996 MHz, 0 %, 0 %
2026/03/24 02:27:01.679, 2, 233.96 W, 27, 2032 MHz, 3996 MHz, 0 %, 0 %
2026/03/24 02:27:01.679, 3, 235.05 W, 30, 2032 MHz, 3996 MHz, 0 %, 0 %
2026/03/24 02:27:01.679, 4, 179.19 W, 26, 120 MHz, 3996 MHz, 0 %, 0 %
2026/03/24 02:27:01.679, 5, 180.58 W, 28, 120 MHz, 3996 MHz, 0 %, 0 %
2026/03/24 02:27:01.679, 6, 178.41 W, 26, 120 MHz, 3996 MHz, 0 %, 0 %
2026/03/24 02:27:01.680, 7, 176.58 W, 27, 120 MHz, 3996 MHz, 0 %, 0 %
2026/03/24 02:27:02.680, 0, 229.47 W, 28, 2032 MHz, 3996 MHz, 0 %, 0 %
2026/03/24 02:27:02.680, 1, 233.16 W, 30, 2032 MHz, 3996 MHz, 0 %, 0 %
2026/03/24 02:27:02.680, 2, 233.95 W, 27, 2032 MHz, 3996 MHz, 0 %, 0 %
2026/03/24 02:27:02.680, 3, 235.10 W, 30, 2032 MHz, 3996 MHz, 0 %, 0 %
2026/03/24 02:27:02.680, 4, 179.02 W, 26, 120 MHz, 3996 MHz, 0 %, 0 %
2026/03/24 02:27:02.680, 5, 180.58 W, 28, 120 MHz, 3996 MHz, 0 %, 0 %
2026/03/24 02:27:02.680, 6, 178.41 W, 26, 120 MHz, 3996 MHz, 0 %, 0 %
2026/03/24 02:27:02.680, 7, 176.58 W, 27, 120 MHz, 3996 MHz, 0 %, 0 %
2026/03/24 02:27:03.680, 0, 229.13 W, 28, 2032 MHz, 3996 MHz, 0 %, 0 %
2026/03/24 02:27:03.680, 1, 233.16 W, 29, 2032 MHz, 3996 MHz, 0 %, 0 %
2026/03/24 02:27:03.680, 2, 233.98 W, 27, 2032 MHz, 3996 MHz, 0 %, 0 %
2026/03/24 02:27:03.680, 3, 234.87 W, 30, 2032 MHz, 3996 MHz, 0 %, 0 %
2026/03/24 02:27:03.680, 4, 179.16 W, 26, 120 MHz, 3996 MHz, 0 %, 0 %
2026/03/24 02:27:03.680, 5, 180.58 W, 28, 120 MHz, 3996 MHz, 0 %, 0 %
2026/03/24 02:27:03.680, 6, 178.38 W, 26, 120 MHz, 3996 MHz, 0 %, 0 %
2026/03/24 02:27:03.680, 7, 176.58 W, 27, 120 MHz, 3996 MHz, 0 %, 0 %
2026/03/24 02:27:04.680, 0, 228.96 W, 28, 2032 MHz, 3996 MHz, 0 %, 0 %
2026/03/24 02:27:04.680, 1, 233.16 W, 29, 2032 MHz, 3996 MHz, 0 %, 0 %
2026/03/24 02:27:04.680, 2, 233.92 W, 27, 2032 MHz, 3996 MHz, 0 %, 0 %
2026/03/24 02:27:04.680, 3, 234.63 W, 30, 2032 MHz, 3996 MHz, 0 %, 0 %
2026/03/24 02:27:04.680, 4, 179.09 W, 26, 120 MHz, 3996 MHz, 0 %, 0 %
2026/03/24 02:27:04.680, 5, 180.58 W, 28, 120 MHz, 3996 MHz, 0 %, 0 %
2026/03/24 02:27:04.680, 6, 178.33 W, 26, 120 MHz, 3996 MHz, 0 %, 0 %
2026/03/24 02:27:04.681, 7, 176.58 W, 27, 120 MHz, 3996 MHz, 0 %, 0 %
2026/03/24 02:27:05.681, 0, 228.66 W, 28, 2032 MHz, 3996 MHz, 0 %, 0 %
2026/03/24 02:27:05.681, 1, 233.16 W, 29, 2032 MHz, 3996 MHz, 0 %, 0 %
2026/03/24 02:27:05.681, 2, 233.92 W, 27, 2032 MHz, 3996 MHz, 0 %, 0 %
2026/03/24 02:27:05.681, 3, 234.88 W, 30, 2032 MHz, 3996 MHz, 0 %, 0 %
2026/03/24 02:27:05.681, 4, 179.13 W, 26, 120 MHz, 3996 MHz, 0 %, 0 %
2026/03/24 02:27:05.681, 5, 180.58 W, 28, 120 MHz, 3996 MHz, 0 %, 0 %
2026/03/24 02:27:05.681, 6, 178.41 W, 26, 120 MHz, 3996 MHz, 0 %, 0 %
2026/03/24 02:27:05.681, 7, 176.58 W, 27, 120 MHz, 3996 MHz, 0 %, 0 %
2026/03/24 02:27:06.681, 0, 245.40 W, 30, 2032 MHz, 3996 MHz, 0 %, 0 %
2026/03/24 02:27:06.681, 1, 252.52 W, 30, 2032 MHz, 3996 MHz, 0 %, 0 %
2026/03/24 02:27:06.681, 2, 240.01 W, 27, 2032 MHz, 3996 MHz, 0 %, 0 %
2026/03/24 02:27:06.681, 3, 234.69 W, 30, 2032 MHz, 3996 MHz, 0 %, 0 %
2026/03/24 02:27:06.681, 4, 179.16 W, 26, 120 MHz, 3996 MHz, 0 %, 0 %
2026/03/24 02:27:06.681, 5, 180.58 W, 28, 120 MHz, 3996 MHz, 0 %, 0 %
2026/03/24 02:27:06.681, 6, 178.22 W, 26, 120 MHz, 3996 MHz, 0 %, 0 %
2026/03/24 02:27:06.681, 7, 176.59 W, 27, 120 MHz, 3996 MHz, 0 %, 0 %
2026/03/24 02:27:07.681, 0, 319.47 W, 31, 2032 MHz, 3996 MHz, 92 %, 83 %
2026/03/24 02:27:07.681, 1, 324.72 W, 31, 2032 MHz, 3996 MHz, 91 %, 85 %
2026/03/24 02:27:07.681, 2, 337.12 W, 32, 2032 MHz, 3996 MHz, 8 %, 7 %
2026/03/24 02:27:07.681, 3, 254.43 W, 30, 2032 MHz, 3996 MHz, 0 %, 0 %
2026/03/24 02:27:07.681, 4, 179.01 W, 26, 120 MHz, 3996 MHz, 0 %, 0 %
2026/03/24 02:27:07.681, 5, 180.58 W, 28, 120 MHz, 3996 MHz, 0 %, 0 %
2026/03/24 02:27:07.681, 6, 178.33 W, 26, 120 MHz, 3996 MHz, 0 %, 0 %
2026/03/24 02:27:07.681, 7, 176.58 W, 27, 120 MHz, 3996 MHz, 0 %, 0 %
2026/03/24 02:27:08.681, 0, 229.86 W, 28, 2032 MHz, 3996 MHz, 0 %, 0 %
2026/03/24 02:27:08.681, 1, 234.45 W, 30, 2032 MHz, 3996 MHz, 0 %, 0 %
2026/03/24 02:27:08.681, 2, 251.44 W, 27, 2032 MHz, 3996 MHz, 0 %, 0 %
2026/03/24 02:27:08.681, 3, 327.63 W, 30, 2032 MHz, 3996 MHz, 0 %, 0 %
2026/03/24 02:27:08.681, 4, 179.13 W, 26, 120 MHz, 3996 MHz, 0 %, 0 %
2026/03/24 02:27:08.681, 5, 180.58 W, 28, 120 MHz, 3996 MHz, 0 %, 0 %
2026/03/24 02:27:08.681, 6, 178.37 W, 26, 120 MHz, 3996 MHz, 0 %, 0 %
2026/03/24 02:27:08.681, 7, 176.58 W, 27, 120 MHz, 3996 MHz, 0 %, 0 %
2026/03/24 02:27:09.681, 0, 229.91 W, 28, 2032 MHz, 3996 MHz, 0 %, 0 %
2026/03/24 02:27:09.681, 1, 233.35 W, 30, 2032 MHz, 3996 MHz, 0 %, 0 %
2026/03/24 02:27:09.681, 2, 233.98 W, 27, 2032 MHz, 3996 MHz, 0 %, 0 %
2026/03/24 02:27:09.681, 3, 235.07 W, 30, 2032 MHz, 3996 MHz, 0 %, 0 %
2026/03/24 02:27:09.681, 4, 178.93 W, 26, 120 MHz, 3996 MHz, 0 %, 0 %
2026/03/24 02:27:09.681, 5, 180.58 W, 28, 120 MHz, 3996 MHz, 0 %, 0 %
2026/03/24 02:27:09.681, 6, 178.41 W, 26, 120 MHz, 3996 MHz, 0 %, 0 %
2026/03/24 02:27:09.681, 7, 176.59 W, 27, 120 MHz, 3996 MHz, 0 %, 0 %
2026/03/24 02:27:10.681, 0, 272.84 W, 28, 2032 MHz, 3996 MHz, 100 %, 0 %
2026/03/24 02:27:10.681, 1, 277.60 W, 30, 2032 MHz, 3996 MHz, 100 %, 0 %
2026/03/24 02:27:10.681, 2, 278.88 W, 28, 2032 MHz, 3996 MHz, 100 %, 0 %
2026/03/24 02:27:10.681, 3, 278.30 W, 31, 2032 MHz, 3996 MHz, 24 %, 23 %
2026/03/24 02:27:10.681, 4, 179.32 W, 26, 120 MHz, 3996 MHz, 0 %, 0 %
2026/03/24 02:27:10.681, 5, 180.58 W, 28, 120 MHz, 3996 MHz, 0 %, 0 %
2026/03/24 02:27:10.681, 6, 178.38 W, 26, 120 MHz, 3996 MHz, 0 %, 0 %
2026/03/24 02:27:10.681, 7, 176.58 W, 27, 120 MHz, 3996 MHz, 0 %, 0 %
2026/03/24 02:27:11.682, 0, 235.43 W, 28, 2032 MHz, 3996 MHz, 0 %, 0 %
2026/03/24 02:27:11.682, 1, 233.31 W, 30, 2032 MHz, 3996 MHz, 0 %, 0 %
2026/03/24 02:27:11.682, 2, 234.03 W, 27, 2032 MHz, 3996 MHz, 0 %, 0 %
2026/03/24 02:27:11.682, 3, 235.19 W, 30, 2032 MHz, 3996 MHz, 0 %, 0 %
2026/03/24 02:27:11.682, 4, 179.06 W, 26, 120 MHz, 3996 MHz, 0 %, 0 %
2026/03/24 02:27:11.682, 5, 180.58 W, 28, 120 MHz, 3996 MHz, 0 %, 0 %
2026/03/24 02:27:11.682, 6, 178.41 W, 26, 120 MHz, 3996 MHz, 0 %, 0 %
2026/03/24 02:27:11.682, 7, 176.59 W, 27, 120 MHz, 3996 MHz, 0 %, 0 %
2026/03/24 02:27:12.682, 0, 228.56 W, 28, 2032 MHz, 3996 MHz, 0 %, 0 %
2026/03/24 02:27:12.682, 1, 233.16 W, 30, 2032 MHz, 3996 MHz, 0 %, 0 %
2026/03/24 02:27:12.682, 2, 233.90 W, 27, 2032 MHz, 3996 MHz, 0 %, 0 %
2026/03/24 02:27:12.682, 3, 234.92 W, 30, 2032 MHz, 3996 MHz, 0 %, 0 %
2026/03/24 02:27:12.682, 4, 179.09 W, 26, 120 MHz, 3996 MHz, 0 %, 0 %
2026/03/24 02:27:12.682, 5, 180.58 W, 28, 120 MHz, 3996 MHz, 0 %, 0 %
2026/03/24 02:27:12.682, 6, 178.45 W, 26, 120 MHz, 3996 MHz, 0 %, 0 %
2026/03/24 02:27:12.682, 7, 176.58 W, 27, 120 MHz, 3996 MHz, 0 %, 0 %
2026/03/24 02:27:13.682, 0, 228.34 W, 28, 2032 MHz, 3996 MHz, 0 %, 0 %
2026/03/24 02:27:13.682, 1, 233.16 W, 30, 2032 MHz, 3996 MHz, 0 %, 0 %
2026/03/24 02:27:13.682, 2, 233.92 W, 27, 2032 MHz, 3996 MHz, 0 %, 0 %
2026/03/24 02:27:13.682, 3, 234.21 W, 30, 2032 MHz, 3996 MHz, 0 %, 0 %
2026/03/24 02:27:13.682, 4, 179.10 W, 26, 120 MHz, 3996 MHz, 0 %, 0 %
2026/03/24 02:27:13.682, 5, 180.58 W, 28, 120 MHz, 3996 MHz, 0 %, 0 %
2026/03/24 02:27:13.682, 6, 178.34 W, 26, 120 MHz, 3996 MHz, 0 %, 0 %
2026/03/24 02:27:13.682, 7, 176.58 W, 27, 120 MHz, 3996 MHz, 0 %, 0 %
2026/03/24 02:27:14.682, 0, 228.60 W, 28, 2032 MHz, 3996 MHz, 0 %, 0 %
2026/03/24 02:27:14.682, 1, 233.16 W, 30, 2032 MHz, 3996 MHz, 0 %, 0 %
2026/03/24 02:27:14.682, 2, 233.92 W, 27, 2032 MHz, 3996 MHz, 0 %, 0 %
2026/03/24 02:27:14.682, 3, 234.14 W, 30, 2032 MHz, 3996 MHz, 0 %, 0 %
2026/03/24 02:27:14.682, 4, 179.10 W, 26, 120 MHz, 3996 MHz, 0 %, 0 %
2026/03/24 02:27:14.682, 5, 180.58 W, 28, 120 MHz, 3996 MHz, 0 %, 0 %
2026/03/24 02:27:14.682, 6, 178.33 W, 26, 120 MHz, 3996 MHz, 0 %, 0 %
2026/03/24 02:27:14.682, 7, 176.58 W, 27, 120 MHz, 3996 MHz, 0 %, 0 %
2026/03/24 02:27:15.682, 0, 228.33 W, 28, 2032 MHz, 3996 MHz, 0 %, 0 %
2026/03/24 02:27:15.682, 1, 233.16 W, 30, 2032 MHz, 3996 MHz, 0 %, 0 %
2026/03/24 02:27:15.682, 2, 233.94 W, 27, 2032 MHz, 3996 MHz, 0 %, 0 %
2026/03/24 02:27:15.682, 3, 234.32 W, 30, 2032 MHz, 3996 MHz, 0 %, 0 %
2026/03/24 02:27:15.682, 4, 179.16 W, 26, 120 MHz, 3996 MHz, 0 %, 0 %
2026/03/24 02:27:15.682, 5, 180.58 W, 28, 120 MHz, 3996 MHz, 0 %, 0 %
2026/03/24 02:27:15.682, 6, 178.34 W, 26, 120 MHz, 3996 MHz, 0 %, 0 %
2026/03/24 02:27:15.682, 7, 176.58 W, 27, 120 MHz, 3996 MHz, 0 %, 0 %
2026/03/24 02:27:16.682, 0, 228.56 W, 28, 2032 MHz, 3996 MHz, 0 %, 0 %
2026/03/24 02:27:16.683, 1, 233.16 W, 30, 2032 MHz, 3996 MHz, 0 %, 0 %
2026/03/24 02:27:16.683, 2, 233.91 W, 27, 2032 MHz, 3996 MHz, 0 %, 0 %
2026/03/24 02:27:16.683, 3, 234.73 W, 30, 2032 MHz, 3996 MHz, 0 %, 0 %
2026/03/24 02:27:16.683, 4, 179.09 W, 26, 120 MHz, 3996 MHz, 0 %, 0 %
2026/03/24 02:27:16.683, 5, 180.58 W, 28, 120 MHz, 3996 MHz, 0 %, 0 %
2026/03/24 02:27:16.683, 6, 178.34 W, 26, 120 MHz, 3996 MHz, 0 %, 0 %
2026/03/24 02:27:16.683, 7, 176.58 W, 27, 120 MHz, 3996 MHz, 0 %, 0 %
2026/03/24 02:27:17.683, 0, 228.45 W, 28, 2032 MHz, 3996 MHz, 0 %, 0 %
2026/03/24 02:27:17.683, 1, 233.16 W, 29, 2032 MHz, 3996 MHz, 0 %, 0 %
2026/03/24 02:27:17.683, 2, 233.91 W, 27, 2032 MHz, 3996 MHz, 0 %, 0 %
2026/03/24 02:27:17.683, 3, 234.32 W, 30, 2032 MHz, 3996 MHz, 0 %, 0 %
2026/03/24 02:27:17.683, 4, 179.20 W, 26, 120 MHz, 3996 MHz, 0 %, 0 %
2026/03/24 02:27:17.683, 5, 180.58 W, 28, 120 MHz, 3996 MHz, 0 %, 0 %
2026/03/24 02:27:17.683, 6, 178.18 W, 26, 120 MHz, 3996 MHz, 0 %, 0 %
2026/03/24 02:27:17.683, 7, 176.58 W, 27, 120 MHz, 3996 MHz, 0 %, 0 %
2026/03/24 02:27:18.683, 0, 228.49 W, 28, 2032 MHz, 3996 MHz, 0 %, 0 %
2026/03/24 02:27:18.683, 1, 233.20 W, 30, 2032 MHz, 3996 MHz, 0 %, 0 %
2026/03/24 02:27:18.683, 2, 233.91 W, 27, 2032 MHz, 3996 MHz, 0 %, 0 %
2026/03/24 02:27:18.683, 3, 234.49 W, 30, 2032 MHz, 3996 MHz, 0 %, 0 %
2026/03/24 02:27:18.683, 4, 179.10 W, 26, 120 MHz, 3996 MHz, 0 %, 0 %
2026/03/24 02:27:18.683, 5, 180.58 W, 28, 120 MHz, 3996 MHz, 0 %, 0 %
2026/03/24 02:27:18.683, 6, 178.15 W, 26, 120 MHz, 3996 MHz, 0 %, 0 %
2026/03/24 02:27:18.683, 7, 176.58 W, 27, 120 MHz, 3996 MHz, 0 %, 0 %
2026/03/24 02:27:19.683, 0, 228.84 W, 28, 2032 MHz, 3996 MHz, 0 %, 0 %
2026/03/24 02:27:19.683, 1, 233.20 W, 30, 2032 MHz, 3996 MHz, 0 %, 0 %
2026/03/24 02:27:19.683, 2, 233.91 W, 27, 2032 MHz, 3996 MHz, 0 %, 0 %
2026/03/24 02:27:19.683, 3, 234.73 W, 30, 2032 MHz, 3996 MHz, 0 %, 0 %
2026/03/24 02:27:19.683, 4, 179.17 W, 26, 120 MHz, 3996 MHz, 0 %, 0 %
2026/03/24 02:27:19.683, 5, 180.58 W, 28, 120 MHz, 3996 MHz, 0 %, 0 %
2026/03/24 02:27:19.683, 6, 178.14 W, 26, 120 MHz, 3996 MHz, 0 %, 0 %
2026/03/24 02:27:19.683, 7, 176.58 W, 27, 120 MHz, 3996 MHz, 0 %, 0 %
2026/03/24 02:27:20.683, 0, 229.01 W, 28, 2032 MHz, 3996 MHz, 0 %, 0 %
2026/03/24 02:27:20.683, 1, 233.16 W, 29, 2032 MHz, 3996 MHz, 0 %, 0 %
2026/03/24 02:27:20.683, 2, 233.90 W, 27, 2032 MHz, 3996 MHz, 0 %, 0 %
2026/03/24 02:27:20.683, 3, 234.74 W, 30, 2032 MHz, 3996 MHz, 0 %, 0 %
2026/03/24 02:27:20.683, 4, 179.37 W, 26, 120 MHz, 3996 MHz, 0 %, 0 %
2026/03/24 02:27:20.683, 5, 180.58 W, 28, 120 MHz, 3996 MHz, 0 %, 0 %
2026/03/24 02:27:20.683, 6, 178.41 W, 26, 120 MHz, 3996 MHz, 0 %, 0 %
2026/03/24 02:27:20.683, 7, 176.58 W, 27, 120 MHz, 3996 MHz, 0 %, 0 %
2026/03/24 02:27:21.683, 0, 228.84 W, 28, 2032 MHz, 3996 MHz, 0 %, 0 %
2026/03/24 02:27:21.683, 1, 233.16 W, 29, 2032 MHz, 3996 MHz, 0 %, 0 %
2026/03/24 02:27:21.683, 2, 233.91 W, 27, 2032 MHz, 3996 MHz, 0 %, 0 %
2026/03/24 02:27:21.683, 3, 234.89 W, 30, 2032 MHz, 3996 MHz, 0 %, 0 %
2026/03/24 02:27:21.683, 4, 179.28 W, 26, 120 MHz, 3996 MHz, 0 %, 0 %
2026/03/24 02:27:21.683, 5, 180.58 W, 28, 120 MHz, 3996 MHz, 0 %, 0 %
2026/03/24 02:27:21.683, 6, 178.30 W, 26, 120 MHz, 3996 MHz, 0 %, 0 %
2026/03/24 02:27:21.683, 7, 176.58 W, 27, 120 MHz, 3996 MHz, 0 %, 0 %
2026/03/24 02:27:22.683, 0, 228.86 W, 28, 2032 MHz, 3996 MHz, 0 %, 0 %
2026/03/24 02:27:22.684, 1, 233.16 W, 29, 2032 MHz, 3996 MHz, 0 %, 0 %
2026/03/24 02:27:22.684, 2, 233.92 W, 27, 2032 MHz, 3996 MHz, 0 %, 0 %
2026/03/24 02:27:22.684, 3, 235.03 W, 30, 2032 MHz, 3996 MHz, 0 %, 0 %
2026/03/24 02:27:22.684, 4, 179.30 W, 26, 120 MHz, 3996 MHz, 0 %, 0 %
2026/03/24 02:27:22.684, 5, 180.58 W, 28, 120 MHz, 3996 MHz, 0 %, 0 %
2026/03/24 02:27:22.684, 6, 178.22 W, 26, 120 MHz, 3996 MHz, 0 %, 0 %
2026/03/24 02:27:22.684, 7, 176.58 W, 27, 120 MHz, 3996 MHz, 0 %, 0 %
2026/03/24 02:27:23.684, 0, 228.80 W, 28, 2032 MHz, 3996 MHz, 0 %, 0 %
2026/03/24 02:27:23.684, 1, 233.16 W, 29, 2032 MHz, 3996 MHz, 0 %, 0 %
2026/03/24 02:27:23.684, 2, 233.94 W, 27, 2032 MHz, 3996 MHz, 0 %, 0 %
2026/03/24 02:27:23.684, 3, 235.11 W, 30, 2032 MHz, 3996 MHz, 0 %, 0 %
2026/03/24 02:27:23.684, 4, 179.06 W, 26, 120 MHz, 3996 MHz, 0 %, 0 %
2026/03/24 02:27:23.684, 5, 180.58 W, 28, 120 MHz, 3996 MHz, 0 %, 0 %
2026/03/24 02:27:23.684, 6, 178.41 W, 26, 120 MHz, 3996 MHz, 0 %, 0 %
2026/03/24 02:27:23.684, 7, 176.58 W, 27, 120 MHz, 3996 MHz, 0 %, 0 %
2026/03/24 02:27:24.684, 0, 229.07 W, 28, 2032 MHz, 3996 MHz, 0 %, 0 %
2026/03/24 02:27:24.684, 1, 233.16 W, 29, 2032 MHz, 3996 MHz, 0 %, 0 %
2026/03/24 02:27:24.684, 2, 233.94 W, 27, 2032 MHz, 3996 MHz, 0 %, 0 %
2026/03/24 02:27:24.684, 3, 235.08 W, 30, 2032 MHz, 3996 MHz, 0 %, 0 %
2026/03/24 02:27:24.684, 4, 179.24 W, 26, 120 MHz, 3996 MHz, 0 %, 0 %
2026/03/24 02:27:24.684, 5, 180.58 W, 28, 120 MHz, 3996 MHz, 0 %, 0 %
2026/03/24 02:27:24.684, 6, 178.41 W, 26, 120 MHz, 3996 MHz, 0 %, 0 %
2026/03/24 02:27:24.684, 7, 176.58 W, 27, 120 MHz, 3996 MHz, 0 %, 0 %
2026/03/24 02:27:25.684, 0, 228.86 W, 28, 2032 MHz, 3996 MHz, 0 %, 0 %
2026/03/24 02:27:25.684, 1, 233.16 W, 29, 2032 MHz, 3996 MHz, 0 %, 0 %
2026/03/24 02:27:25.684, 2, 233.93 W, 27, 2032 MHz, 3996 MHz, 0 %, 0 %
2026/03/24 02:27:25.684, 3, 235.11 W, 30, 2032 MHz, 3996 MHz, 0 %, 0 %
2026/03/24 02:27:25.684, 4, 179.21 W, 26, 120 MHz, 3996 MHz, 0 %, 0 %
2026/03/24 02:27:25.684, 5, 180.58 W, 28, 120 MHz, 3996 MHz, 0 %, 0 %
2026/03/24 02:27:25.684, 6, 178.52 W, 26, 120 MHz, 3996 MHz, 0 %, 0 %
2026/03/24 02:27:25.684, 7, 176.58 W, 27, 120 MHz, 3996 MHz, 0 %, 0 %
2026/03/24 02:27:26.684, 0, 228.94 W, 28, 2032 MHz, 3996 MHz, 0 %, 0 %
2026/03/24 02:27:26.684, 1, 233.16 W, 29, 2032 MHz, 3996 MHz, 0 %, 0 %
2026/03/24 02:27:26.684, 2, 233.94 W, 27, 2032 MHz, 3996 MHz, 0 %, 0 %
2026/03/24 02:27:26.684, 3, 234.98 W, 30, 2032 MHz, 3996 MHz, 0 %, 0 %
2026/03/24 02:27:26.684, 4, 179.26 W, 26, 120 MHz, 3996 MHz, 0 %, 0 %
2026/03/24 02:27:26.684, 5, 180.58 W, 28, 120 MHz, 3996 MHz, 0 %, 0 %
2026/03/24 02:27:26.684, 6, 178.26 W, 26, 120 MHz, 3996 MHz, 0 %, 0 %
2026/03/24 02:27:26.684, 7, 176.58 W, 27, 120 MHz, 3996 MHz, 0 %, 0 %
2026/03/24 02:27:27.685, 0, 228.96 W, 28, 2032 MHz, 3996 MHz, 0 %, 0 %
2026/03/24 02:27:27.685, 1, 233.16 W, 29, 2032 MHz, 3996 MHz, 0 %, 0 %
2026/03/24 02:27:27.685, 2, 233.90 W, 27, 2032 MHz, 3996 MHz, 0 %, 0 %
2026/03/24 02:27:27.685, 3, 235.02 W, 30, 2032 MHz, 3996 MHz, 0 %, 0 %
2026/03/24 02:27:27.685, 4, 179.40 W, 26, 120 MHz, 3996 MHz, 0 %, 0 %
2026/03/24 02:27:27.685, 5, 180.58 W, 28, 120 MHz, 3996 MHz, 0 %, 0 %
2026/03/24 02:27:27.685, 6, 178.37 W, 26, 120 MHz, 3996 MHz, 0 %, 0 %
2026/03/24 02:27:27.685, 7, 176.58 W, 27, 120 MHz, 3996 MHz, 0 %, 0 %
2026/03/24 02:27:28.685, 0, 228.94 W, 28, 2032 MHz, 3996 MHz, 0 %, 0 %
2026/03/24 02:27:28.685, 1, 233.20 W, 29, 2032 MHz, 3996 MHz, 0 %, 0 %
2026/03/24 02:27:28.685, 2, 233.93 W, 27, 2032 MHz, 3996 MHz, 0 %, 0 %
2026/03/24 02:27:28.685, 3, 235.12 W, 30, 2032 MHz, 3996 MHz, 0 %, 0 %
2026/03/24 02:27:28.685, 4, 179.14 W, 26, 120 MHz, 3996 MHz, 0 %, 0 %
2026/03/24 02:27:28.685, 5, 180.58 W, 28, 120 MHz, 3996 MHz, 0 %, 0 %
2026/03/24 02:27:28.685, 6, 178.26 W, 26, 120 MHz, 3996 MHz, 0 %, 0 %
2026/03/24 02:27:28.685, 7, 176.58 W, 27, 120 MHz, 3996 MHz, 0 %, 0 %
2026/03/24 02:27:29.685, 0, 229.13 W, 28, 2032 MHz, 3996 MHz, 0 %, 0 %
2026/03/24 02:27:29.685, 1, 233.20 W, 29, 2032 MHz, 3996 MHz, 0 %, 0 %
2026/03/24 02:27:29.685, 2, 233.92 W, 27, 2032 MHz, 3996 MHz, 0 %, 0 %
2026/03/24 02:27:29.685, 3, 235.12 W, 30, 2032 MHz, 3996 MHz, 0 %, 0 %
2026/03/24 02:27:29.685, 4, 179.17 W, 26, 120 MHz, 3996 MHz, 0 %, 0 %
2026/03/24 02:27:29.685, 5, 180.58 W, 28, 120 MHz, 3996 MHz, 0 %, 0 %
2026/03/24 02:27:29.685, 6, 178.33 W, 26, 120 MHz, 3996 MHz, 0 %, 0 %
2026/03/24 02:27:29.685, 7, 176.58 W, 27, 120 MHz, 3996 MHz, 0 %, 0 %
2026/03/24 02:27:30.685, 0, 229.15 W, 28, 2032 MHz, 3996 MHz, 0 %, 0 %
2026/03/24 02:27:30.685, 1, 233.16 W, 29, 2032 MHz, 3996 MHz, 0 %, 0 %
2026/03/24 02:27:30.685, 2, 233.92 W, 27, 2032 MHz, 3996 MHz, 0 %, 0 %
2026/03/24 02:27:30.685, 3, 235.08 W, 30, 2032 MHz, 3996 MHz, 0 %, 0 %
2026/03/24 02:27:30.685, 4, 179.34 W, 26, 120 MHz, 3996 MHz, 0 %, 0 %
2026/03/24 02:27:30.685, 5, 180.58 W, 28, 120 MHz, 3996 MHz, 0 %, 0 %
2026/03/24 02:27:30.685, 6, 178.38 W, 26, 120 MHz, 3996 MHz, 0 %, 0 %
2026/03/24 02:27:30.685, 7, 176.58 W, 27, 120 MHz, 3996 MHz, 0 %, 0 %
2026/03/24 02:27:31.685, 0, 229.39 W, 28, 2032 MHz, 3996 MHz, 0 %, 0 %
2026/03/24 02:27:31.685, 1, 233.16 W, 29, 2032 MHz, 3996 MHz, 0 %, 0 %
2026/03/24 02:27:31.685, 2, 233.89 W, 27, 2032 MHz, 3996 MHz, 0 %, 0 %
2026/03/24 02:27:31.685, 3, 235.04 W, 30, 2032 MHz, 3996 MHz, 0 %, 0 %
2026/03/24 02:27:31.685, 4, 179.21 W, 26, 120 MHz, 3996 MHz, 0 %, 0 %
2026/03/24 02:27:31.685, 5, 180.58 W, 28, 120 MHz, 3996 MHz, 0 %, 0 %
2026/03/24 02:27:31.685, 6, 178.49 W, 26, 120 MHz, 3996 MHz, 0 %, 0 %
2026/03/24 02:27:31.685, 7, 176.58 W, 27, 120 MHz, 3996 MHz, 0 %, 0 %
2026/03/24 02:27:32.685, 0, 229.05 W, 28, 2032 MHz, 3996 MHz, 0 %, 0 %
2026/03/24 02:27:32.685, 1, 233.16 W, 29, 2032 MHz, 3996 MHz, 0 %, 0 %
2026/03/24 02:27:32.685, 2, 233.88 W, 27, 2032 MHz, 3996 MHz, 0 %, 0 %
2026/03/24 02:27:32.685, 3, 235.08 W, 30, 2032 MHz, 3996 MHz, 0 %, 0 %
2026/03/24 02:27:32.685, 4, 179.37 W, 26, 120 MHz, 3996 MHz, 0 %, 0 %
2026/03/24 02:27:32.685, 5, 180.58 W, 28, 120 MHz, 3996 MHz, 0 %, 0 %
2026/03/24 02:27:32.685, 6, 178.26 W, 26, 120 MHz, 3996 MHz, 0 %, 0 %
2026/03/24 02:27:32.685, 7, 176.58 W, 27, 120 MHz, 3996 MHz, 0 %, 0 %
2026/03/24 02:27:33.685, 0, 229.46 W, 28, 2032 MHz, 3996 MHz, 0 %, 0 %
2026/03/24 02:27:33.685, 1, 233.16 W, 29, 2032 MHz, 3996 MHz, 0 %, 0 %
2026/03/24 02:27:33.686, 2, 233.89 W, 27, 2032 MHz, 3996 MHz, 0 %, 0 %
2026/03/24 02:27:33.686, 3, 235.08 W, 30, 2032 MHz, 3996 MHz, 0 %, 0 %
2026/03/24 02:27:33.686, 4, 179.32 W, 26, 120 MHz, 3996 MHz, 0 %, 0 %
2026/03/24 02:27:33.686, 5, 180.58 W, 28, 120 MHz, 3996 MHz, 0 %, 0 %
2026/03/24 02:27:33.686, 6, 178.37 W, 26, 120 MHz, 3996 MHz, 0 %, 0 %
2026/03/24 02:27:33.686, 7, 176.58 W, 27, 120 MHz, 3996 MHz, 0 %, 0 %
2026/03/24 02:27:34.686, 0, 229.58 W, 28, 2032 MHz, 3996 MHz, 0 %, 0 %
2026/03/24 02:27:34.686, 1, 233.20 W, 29, 2032 MHz, 3996 MHz, 0 %, 0 %
2026/03/24 02:27:34.686, 2, 233.90 W, 27, 2032 MHz, 3996 MHz, 0 %, 0 %
2026/03/24 02:27:34.686, 3, 234.98 W, 30, 2032 MHz, 3996 MHz, 0 %, 0 %
2026/03/24 02:27:34.686, 4, 179.13 W, 26, 120 MHz, 3996 MHz, 0 %, 0 %
2026/03/24 02:27:34.686, 5, 180.58 W, 28, 120 MHz, 3996 MHz, 0 %, 0 %
2026/03/24 02:27:34.686, 6, 178.60 W, 26, 120 MHz, 3996 MHz, 0 %, 0 %
2026/03/24 02:27:34.686, 7, 176.58 W, 27, 120 MHz, 3996 MHz, 0 %, 0 %
2026/03/24 02:27:35.686, 0, 229.57 W, 28, 2032 MHz, 3996 MHz, 0 %, 0 %
2026/03/24 02:27:35.686, 1, 233.16 W, 29, 2032 MHz, 3996 MHz, 0 %, 0 %
2026/03/24 02:27:35.686, 2, 233.90 W, 27, 2032 MHz, 3996 MHz, 0 %, 0 %
2026/03/24 02:27:35.686, 3, 235.04 W, 30, 2032 MHz, 3996 MHz, 0 %, 0 %
2026/03/24 02:27:35.686, 4, 179.19 W, 26, 120 MHz, 3996 MHz, 0 %, 0 %
2026/03/24 02:27:35.686, 5, 180.58 W, 28, 120 MHz, 3996 MHz, 0 %, 0 %
2026/03/24 02:27:35.686, 6, 178.49 W, 26, 120 MHz, 3996 MHz, 0 %, 0 %
2026/03/24 02:27:35.686, 7, 176.58 W, 27, 120 MHz, 3996 MHz, 0 %, 0 %
2026/03/24 02:27:36.686, 0, 229.57 W, 28, 2032 MHz, 3996 MHz, 0 %, 0 %
2026/03/24 02:27:36.686, 1, 233.16 W, 29, 2032 MHz, 3996 MHz, 0 %, 0 %
2026/03/24 02:27:36.686, 2, 233.87 W, 27, 2032 MHz, 3996 MHz, 0 %, 0 %
2026/03/24 02:27:36.686, 3, 235.05 W, 30, 2032 MHz, 3996 MHz, 0 %, 0 %
2026/03/24 02:27:36.686, 4, 179.05 W, 26, 120 MHz, 3996 MHz, 0 %, 0 %
2026/03/24 02:27:36.686, 5, 180.58 W, 28, 120 MHz, 3996 MHz, 0 %, 0 %
2026/03/24 02:27:36.686, 6, 178.45 W, 26, 120 MHz, 3996 MHz, 0 %, 0 %
2026/03/24 02:27:36.686, 7, 176.58 W, 27, 120 MHz, 3996 MHz, 0 %, 0 %
2026/03/24 02:27:37.686, 0, 229.69 W, 28, 2032 MHz, 3996 MHz, 0 %, 0 %
2026/03/24 02:27:37.686, 1, 233.16 W, 29, 2032 MHz, 3996 MHz, 0 %, 0 %
2026/03/24 02:27:37.686, 2, 233.90 W, 27, 2032 MHz, 3996 MHz, 0 %, 0 %
2026/03/24 02:27:37.686, 3, 234.96 W, 30, 2032 MHz, 3996 MHz, 0 %, 0 %
2026/03/24 02:27:37.686, 4, 179.38 W, 26, 120 MHz, 3996 MHz, 0 %, 0 %
2026/03/24 02:27:37.686, 5, 180.58 W, 28, 120 MHz, 3996 MHz, 0 %, 0 %
2026/03/24 02:27:37.686, 6, 178.52 W, 26, 120 MHz, 3996 MHz, 0 %, 0 %
2026/03/24 02:27:37.686, 7, 176.58 W, 27, 120 MHz, 3996 MHz, 0 %, 0 %
2026/03/24 02:27:38.686, 0, 229.45 W, 28, 2032 MHz, 3996 MHz, 0 %, 0 %
2026/03/24 02:27:38.686, 1, 233.16 W, 29, 2032 MHz, 3996 MHz, 0 %, 0 %
2026/03/24 02:27:38.686, 2, 233.90 W, 27, 2032 MHz, 3996 MHz, 0 %, 0 %
2026/03/24 02:27:38.686, 3, 235.10 W, 30, 2032 MHz, 3996 MHz, 0 %, 0 %
2026/03/24 02:27:38.686, 4, 178.97 W, 26, 120 MHz, 3996 MHz, 0 %, 0 %
2026/03/24 02:27:38.686, 5, 180.58 W, 28, 120 MHz, 3996 MHz, 0 %, 0 %
2026/03/24 02:27:38.686, 6, 178.37 W, 26, 120 MHz, 3996 MHz, 0 %, 0 %
2026/03/24 02:27:38.686, 7, 176.58 W, 27, 120 MHz, 3996 MHz, 0 %, 0 %
2026/03/24 02:27:39.686, 0, 229.59 W, 28, 2032 MHz, 3996 MHz, 0 %, 0 %
2026/03/24 02:27:39.686, 1, 233.16 W, 29, 2032 MHz, 3996 MHz, 0 %, 0 %
2026/03/24 02:27:39.686, 2, 233.94 W, 27, 2032 MHz, 3996 MHz, 0 %, 0 %
2026/03/24 02:27:39.687, 3, 234.95 W, 30, 2032 MHz, 3996 MHz, 0 %, 0 %
2026/03/24 02:27:39.687, 4, 179.36 W, 26, 120 MHz, 3996 MHz, 0 %, 0 %
2026/03/24 02:27:39.687, 5, 180.58 W, 28, 120 MHz, 3996 MHz, 0 %, 0 %
2026/03/24 02:27:39.687, 6, 178.49 W, 26, 120 MHz, 3996 MHz, 0 %, 0 %
2026/03/24 02:27:39.687, 7, 176.58 W, 27, 120 MHz, 3996 MHz, 0 %, 0 %
2026/03/24 02:27:40.687, 0, 229.62 W, 28, 2032 MHz, 3996 MHz, 0 %, 0 %
2026/03/24 02:27:40.687, 1, 233.20 W, 29, 2032 MHz, 3996 MHz, 0 %, 0 %
2026/03/24 02:27:40.687, 2, 233.94 W, 27, 2032 MHz, 3996 MHz, 0 %, 0 %
2026/03/24 02:27:40.687, 3, 235.04 W, 30, 2032 MHz, 3996 MHz, 0 %, 0 %
2026/03/24 02:27:40.687, 4, 179.37 W, 26, 120 MHz, 3996 MHz, 0 %, 0 %
2026/03/24 02:27:40.687, 5, 180.58 W, 28, 120 MHz, 3996 MHz, 0 %, 0 %
2026/03/24 02:27:40.687, 6, 178.41 W, 26, 120 MHz, 3996 MHz, 0 %, 0 %
2026/03/24 02:27:40.687, 7, 176.58 W, 27, 120 MHz, 3996 MHz, 0 %, 0 %
2026/03/24 02:27:41.687, 0, 229.65 W, 28, 2032 MHz, 3996 MHz, 0 %, 0 %
2026/03/24 02:27:41.687, 1, 233.16 W, 29, 2032 MHz, 3996 MHz, 0 %, 0 %
2026/03/24 02:27:41.687, 2, 233.91 W, 27, 2032 MHz, 3996 MHz, 0 %, 0 %
2026/03/24 02:27:41.687, 3, 234.90 W, 30, 2032 MHz, 3996 MHz, 0 %, 0 %
2026/03/24 02:27:41.687, 4, 179.32 W, 26, 120 MHz, 3996 MHz, 0 %, 0 %
2026/03/24 02:27:41.687, 5, 180.58 W, 28, 120 MHz, 3996 MHz, 0 %, 0 %
2026/03/24 02:27:41.687, 6, 178.41 W, 26, 120 MHz, 3996 MHz, 0 %, 0 %
2026/03/24 02:27:41.687, 7, 176.58 W, 27, 120 MHz, 3996 MHz, 0 %, 0 %
2026/03/24 02:27:42.687, 0, 229.66 W, 28, 2032 MHz, 3996 MHz, 0 %, 0 %
2026/03/24 02:27:42.687, 1, 233.16 W, 29, 2032 MHz, 3996 MHz, 0 %, 0 %
2026/03/24 02:27:42.687, 2, 233.89 W, 27, 2032 MHz, 3996 MHz, 0 %, 0 %
2026/03/24 02:27:42.687, 3, 234.91 W, 30, 2032 MHz, 3996 MHz, 0 %, 0 %
2026/03/24 02:27:42.687, 4, 179.13 W, 26, 120 MHz, 3996 MHz, 0 %, 0 %
2026/03/24 02:27:42.687, 5, 180.58 W, 28, 120 MHz, 3996 MHz, 0 %, 0 %
2026/03/24 02:27:42.687, 6, 178.41 W, 26, 120 MHz, 3996 MHz, 0 %, 0 %
2026/03/24 02:27:42.687, 7, 176.58 W, 27, 120 MHz, 3996 MHz, 0 %, 0 %
2026/03/24 02:27:43.687, 0, 229.43 W, 28, 2032 MHz, 3996 MHz, 0 %, 0 %
2026/03/24 02:27:43.687, 1, 233.16 W, 29, 2032 MHz, 3996 MHz, 0 %, 0 %
2026/03/24 02:27:43.687, 2, 233.91 W, 27, 2032 MHz, 3996 MHz, 0 %, 0 %
2026/03/24 02:27:43.687, 3, 234.99 W, 30, 2032 MHz, 3996 MHz, 0 %, 0 %
2026/03/24 02:27:43.687, 4, 179.30 W, 26, 120 MHz, 3996 MHz, 0 %, 0 %
2026/03/24 02:27:43.687, 5, 180.58 W, 28, 120 MHz, 3996 MHz, 0 %, 0 %
2026/03/24 02:27:43.687, 6, 178.34 W, 26, 120 MHz, 3996 MHz, 0 %, 0 %
2026/03/24 02:27:43.687, 7, 176.58 W, 27, 120 MHz, 3996 MHz, 0 %, 0 %
2026/03/24 02:27:44.687, 0, 229.53 W, 28, 2032 MHz, 3996 MHz, 0 %, 0 %
2026/03/24 02:27:44.687, 1, 233.16 W, 29, 2032 MHz, 3996 MHz, 0 %, 0 %
2026/03/24 02:27:44.687, 2, 233.90 W, 27, 2032 MHz, 3996 MHz, 0 %, 0 %
2026/03/24 02:27:44.687, 3, 235.07 W, 30, 2032 MHz, 3996 MHz, 0 %, 0 %
2026/03/24 02:27:44.687, 4, 179.25 W, 26, 120 MHz, 3996 MHz, 0 %, 0 %
2026/03/24 02:27:44.687, 5, 180.58 W, 28, 120 MHz, 3996 MHz, 0 %, 0 %
2026/03/24 02:27:44.687, 6, 178.25 W, 26, 120 MHz, 3996 MHz, 0 %, 0 %
2026/03/24 02:27:44.687, 7, 176.58 W, 27, 120 MHz, 3996 MHz, 0 %, 0 %
2026/03/24 02:27:45.687, 0, 229.65 W, 28, 2032 MHz, 3996 MHz, 0 %, 0 %
2026/03/24 02:27:45.687, 1, 233.20 W, 29, 2032 MHz, 3996 MHz, 0 %, 0 %
2026/03/24 02:27:45.687, 2, 233.88 W, 27, 2032 MHz, 3996 MHz, 0 %, 0 %
2026/03/24 02:27:45.688, 3, 235.04 W, 30, 2032 MHz, 3996 MHz, 0 %, 0 %
2026/03/24 02:27:45.688, 4, 179.14 W, 26, 120 MHz, 3996 MHz, 0 %, 0 %
2026/03/24 02:27:45.688, 5, 180.58 W, 28, 120 MHz, 3996 MHz, 0 %, 0 %
2026/03/24 02:27:45.688, 6, 178.45 W, 26, 120 MHz, 3996 MHz, 0 %, 0 %
2026/03/24 02:27:45.688, 7, 176.58 W, 27, 120 MHz, 3996 MHz, 0 %, 0 %
2026/03/24 02:27:46.688, 0, 229.57 W, 28, 2032 MHz, 3996 MHz, 0 %, 0 %
2026/03/24 02:27:46.688, 1, 233.20 W, 29, 2032 MHz, 3996 MHz, 0 %, 0 %
2026/03/24 02:27:46.688, 2, 233.91 W, 27, 2032 MHz, 3996 MHz, 0 %, 0 %
2026/03/24 02:27:46.688, 3, 234.88 W, 30, 2032 MHz, 3996 MHz, 0 %, 0 %
2026/03/24 02:27:46.688, 4, 179.14 W, 26, 120 MHz, 3996 MHz, 0 %, 0 %
2026/03/24 02:27:46.688, 5, 180.58 W, 28, 120 MHz, 3996 MHz, 0 %, 0 %
2026/03/24 02:27:46.688, 6, 178.49 W, 26, 120 MHz, 3996 MHz, 0 %, 0 %
2026/03/24 02:27:46.688, 7, 176.58 W, 27, 120 MHz, 3996 MHz, 0 %, 0 %
2026/03/24 02:27:47.688, 0, 229.35 W, 28, 2032 MHz, 3996 MHz, 0 %, 0 %
2026/03/24 02:27:47.688, 1, 233.16 W, 29, 2032 MHz, 3996 MHz, 0 %, 0 %
2026/03/24 02:27:47.688, 2, 233.95 W, 27, 2032 MHz, 3996 MHz, 0 %, 0 %
2026/03/24 02:27:47.688, 3, 235.05 W, 30, 2032 MHz, 3996 MHz, 0 %, 0 %
2026/03/24 02:27:47.688, 4, 179.02 W, 26, 120 MHz, 3996 MHz, 0 %, 0 %
2026/03/24 02:27:47.688, 5, 180.58 W, 28, 120 MHz, 3996 MHz, 0 %, 0 %
2026/03/24 02:27:47.688, 6, 178.29 W, 26, 120 MHz, 3996 MHz, 0 %, 0 %
2026/03/24 02:27:47.688, 7, 176.58 W, 27, 120 MHz, 3996 MHz, 0 %, 0 %
2026/03/24 02:27:48.688, 0, 229.54 W, 28, 2032 MHz, 3996 MHz, 0 %, 0 %
2026/03/24 02:27:48.688, 1, 233.16 W, 29, 2032 MHz, 3996 MHz, 0 %, 0 %
2026/03/24 02:27:48.688, 2, 233.91 W, 27, 2032 MHz, 3996 MHz, 0 %, 0 %
2026/03/24 02:27:48.688, 3, 234.99 W, 30, 2032 MHz, 3996 MHz, 0 %, 0 %
2026/03/24 02:27:48.688, 4, 179.26 W, 26, 120 MHz, 3996 MHz, 0 %, 0 %
2026/03/24 02:27:48.688, 5, 180.58 W, 28, 120 MHz, 3996 MHz, 0 %, 0 %
2026/03/24 02:27:48.688, 6, 178.29 W, 26, 120 MHz, 3996 MHz, 0 %, 0 %
2026/03/24 02:27:48.688, 7, 176.58 W, 27, 120 MHz, 3996 MHz, 0 %, 0 %
2026/03/24 02:27:49.688, 0, 229.38 W, 28, 2032 MHz, 3996 MHz, 0 %, 0 %
2026/03/24 02:27:49.688, 1, 233.16 W, 29, 2032 MHz, 3996 MHz, 0 %, 0 %
2026/03/24 02:27:49.688, 2, 233.88 W, 27, 2032 MHz, 3996 MHz, 0 %, 0 %
2026/03/24 02:27:49.688, 3, 234.96 W, 30, 2032 MHz, 3996 MHz, 0 %, 0 %
2026/03/24 02:27:49.688, 4, 179.09 W, 26, 120 MHz, 3996 MHz, 0 %, 0 %
2026/03/24 02:27:49.688, 5, 180.58 W, 28, 120 MHz, 3996 MHz, 0 %, 0 %
2026/03/24 02:27:49.688, 6, 178.49 W, 26, 120 MHz, 3996 MHz, 0 %, 0 %
2026/03/24 02:27:49.688, 7, 176.58 W, 27, 120 MHz, 3996 MHz, 0 %, 0 %
2026/03/24 02:27:50.688, 0, 229.49 W, 27, 2032 MHz, 3996 MHz, 0 %, 0 %
2026/03/24 02:27:50.688, 1, 233.16 W, 29, 2032 MHz, 3996 MHz, 0 %, 0 %
2026/03/24 02:27:50.688, 2, 233.90 W, 27, 2032 MHz, 3996 MHz, 0 %, 0 %
2026/03/24 02:27:50.688, 3, 235.04 W, 30, 2032 MHz, 3996 MHz, 0 %, 0 %
2026/03/24 02:27:50.688, 4, 179.31 W, 26, 120 MHz, 3996 MHz, 0 %, 0 %
2026/03/24 02:27:50.688, 5, 180.58 W, 28, 120 MHz, 3996 MHz, 0 %, 0 %
2026/03/24 02:27:50.688, 6, 178.45 W, 26, 120 MHz, 3996 MHz, 0 %, 0 %
2026/03/24 02:27:50.688, 7, 176.58 W, 27, 120 MHz, 3996 MHz, 0 %, 0 %
2026/03/24 02:27:51.688, 0, 229.65 W, 28, 2032 MHz, 3996 MHz, 0 %, 0 %
2026/03/24 02:27:51.688, 1, 233.16 W, 29, 2032 MHz, 3996 MHz, 0 %, 0 %
2026/03/24 02:27:51.689, 2, 233.93 W, 27, 2032 MHz, 3996 MHz, 0 %, 0 %
2026/03/24 02:27:51.689, 3, 235.13 W, 30, 2032 MHz, 3996 MHz, 0 %, 0 %
2026/03/24 02:27:51.689, 4, 179.29 W, 26, 120 MHz, 3996 MHz, 0 %, 0 %
2026/03/24 02:27:51.689, 5, 180.58 W, 28, 120 MHz, 3996 MHz, 0 %, 0 %
2026/03/24 02:27:51.689, 6, 178.41 W, 26, 120 MHz, 3996 MHz, 0 %, 0 %
2026/03/24 02:27:51.689, 7, 176.58 W, 27, 120 MHz, 3996 MHz, 0 %, 0 %
2026/03/24 02:27:52.689, 0, 229.38 W, 28, 2032 MHz, 3996 MHz, 0 %, 0 %
2026/03/24 02:27:52.689, 1, 233.16 W, 29, 2032 MHz, 3996 MHz, 0 %, 0 %
2026/03/24 02:27:52.689, 2, 233.89 W, 27, 2032 MHz, 3996 MHz, 0 %, 0 %
2026/03/24 02:27:52.689, 3, 235.00 W, 30, 2032 MHz, 3996 MHz, 0 %, 0 %
2026/03/24 02:27:52.689, 4, 179.22 W, 26, 120 MHz, 3996 MHz, 0 %, 0 %
2026/03/24 02:27:52.689, 5, 180.58 W, 28, 120 MHz, 3996 MHz, 0 %, 0 %
2026/03/24 02:27:52.689, 6, 178.49 W, 26, 120 MHz, 3996 MHz, 0 %, 0 %
2026/03/24 02:27:52.689, 7, 176.58 W, 27, 120 MHz, 3996 MHz, 0 %, 0 %
2026/03/24 02:27:53.689, 0, 229.32 W, 27, 2032 MHz, 3996 MHz, 0 %, 0 %
2026/03/24 02:27:53.689, 1, 233.16 W, 29, 2032 MHz, 3996 MHz, 0 %, 0 %
2026/03/24 02:27:53.689, 2, 233.93 W, 27, 2032 MHz, 3996 MHz, 0 %, 0 %
2026/03/24 02:27:53.689, 3, 235.03 W, 30, 2032 MHz, 3996 MHz, 0 %, 0 %
2026/03/24 02:27:53.689, 4, 179.21 W, 26, 120 MHz, 3996 MHz, 0 %, 0 %
2026/03/24 02:27:53.689, 5, 180.58 W, 28, 120 MHz, 3996 MHz, 0 %, 0 %
2026/03/24 02:27:53.689, 6, 178.21 W, 26, 120 MHz, 3996 MHz, 0 %, 0 %
2026/03/24 02:27:53.689, 7, 176.58 W, 27, 120 MHz, 3996 MHz, 0 %, 0 %
2026/03/24 02:27:54.689, 0, 229.26 W, 28, 2032 MHz, 3996 MHz, 0 %, 0 %
2026/03/24 02:27:54.689, 1, 233.16 W, 29, 2032 MHz, 3996 MHz, 0 %, 0 %
2026/03/24 02:27:54.689, 2, 233.92 W, 27, 2032 MHz, 3996 MHz, 0 %, 0 %
2026/03/24 02:27:54.689, 3, 234.95 W, 30, 2032 MHz, 3996 MHz, 0 %, 0 %
2026/03/24 02:27:54.689, 4, 179.09 W, 26, 120 MHz, 3996 MHz, 0 %, 0 %
2026/03/24 02:27:54.689, 5, 180.58 W, 28, 120 MHz, 3996 MHz, 0 %, 0 %
2026/03/24 02:27:54.689, 6, 178.18 W, 26, 120 MHz, 3996 MHz, 0 %, 0 %
2026/03/24 02:27:54.689, 7, 176.58 W, 27, 120 MHz, 3996 MHz, 0 %, 0 %
2026/03/24 02:27:55.689, 0, 229.35 W, 27, 2032 MHz, 3996 MHz, 0 %, 0 %
2026/03/24 02:27:55.689, 1, 233.16 W, 29, 2032 MHz, 3996 MHz, 0 %, 0 %
2026/03/24 02:27:55.689, 2, 233.93 W, 27, 2032 MHz, 3996 MHz, 0 %, 0 %
2026/03/24 02:27:55.689, 3, 234.97 W, 30, 2032 MHz, 3996 MHz, 0 %, 0 %
2026/03/24 02:27:55.689, 4, 179.26 W, 26, 120 MHz, 3996 MHz, 0 %, 0 %
2026/03/24 02:27:55.689, 5, 180.58 W, 28, 120 MHz, 3996 MHz, 0 %, 0 %
2026/03/24 02:27:55.689, 6, 178.33 W, 26, 120 MHz, 3996 MHz, 0 %, 0 %
2026/03/24 02:27:55.689, 7, 176.58 W, 27, 120 MHz, 3996 MHz, 0 %, 0 %
2026/03/24 02:27:56.689, 0, 229.46 W, 27, 2032 MHz, 3996 MHz, 0 %, 0 %
2026/03/24 02:27:56.689, 1, 233.16 W, 29, 2032 MHz, 3996 MHz, 0 %, 0 %
2026/03/24 02:27:56.689, 2, 233.91 W, 27, 2032 MHz, 3996 MHz, 0 %, 0 %
2026/03/24 02:27:56.689, 3, 234.97 W, 30, 2032 MHz, 3996 MHz, 0 %, 0 %
2026/03/24 02:27:56.689, 4, 179.13 W, 26, 120 MHz, 3996 MHz, 0 %, 0 %
2026/03/24 02:27:56.689, 5, 180.58 W, 28, 120 MHz, 3996 MHz, 0 %, 0 %
2026/03/24 02:27:56.689, 6, 178.37 W, 26, 120 MHz, 3996 MHz, 0 %, 0 %
2026/03/24 02:27:56.689, 7, 176.58 W, 27, 120 MHz, 3996 MHz, 0 %, 0 %
2026/03/24 02:27:57.690, 0, 229.01 W, 28, 2032 MHz, 3996 MHz, 0 %, 0 %
2026/03/24 02:27:57.690, 1, 233.16 W, 29, 2032 MHz, 3996 MHz, 0 %, 0 %
2026/03/24 02:27:57.690, 2, 233.92 W, 27, 2032 MHz, 3996 MHz, 0 %, 0 %
2026/03/24 02:27:57.690, 3, 234.96 W, 30, 2032 MHz, 3996 MHz, 0 %, 0 %
2026/03/24 02:27:57.690, 4, 179.24 W, 26, 120 MHz, 3996 MHz, 0 %, 0 %
2026/03/24 02:27:57.690, 5, 180.58 W, 28, 120 MHz, 3996 MHz, 0 %, 0 %
2026/03/24 02:27:57.690, 6, 178.49 W, 26, 120 MHz, 3996 MHz, 0 %, 0 %
2026/03/24 02:27:57.690, 7, 176.58 W, 27, 120 MHz, 3996 MHz, 0 %, 0 %
2026/03/24 02:27:58.690, 0, 229.43 W, 28, 2032 MHz, 3996 MHz, 0 %, 0 %
2026/03/24 02:27:58.690, 1, 233.16 W, 29, 2032 MHz, 3996 MHz, 0 %, 0 %
2026/03/24 02:27:58.690, 2, 233.94 W, 27, 2032 MHz, 3996 MHz, 0 %, 0 %
2026/03/24 02:27:58.690, 3, 234.91 W, 30, 2032 MHz, 3996 MHz, 0 %, 0 %
2026/03/24 02:27:58.690, 4, 179.36 W, 26, 120 MHz, 3996 MHz, 0 %, 0 %
2026/03/24 02:27:58.690, 5, 180.58 W, 28, 120 MHz, 3996 MHz, 0 %, 0 %
2026/03/24 02:27:58.690, 6, 178.52 W, 26, 120 MHz, 3996 MHz, 0 %, 0 %
2026/03/24 02:27:58.690, 7, 176.58 W, 27, 120 MHz, 3996 MHz, 0 %, 0 %
2026/03/24 02:27:59.690, 0, 229.54 W, 27, 2032 MHz, 3996 MHz, 0 %, 0 %
2026/03/24 02:27:59.690, 1, 233.16 W, 29, 2032 MHz, 3996 MHz, 0 %, 0 %
2026/03/24 02:27:59.690, 2, 233.96 W, 27, 2032 MHz, 3996 MHz, 0 %, 0 %
2026/03/24 02:27:59.690, 3, 235.05 W, 30, 2032 MHz, 3996 MHz, 0 %, 0 %
2026/03/24 02:27:59.690, 4, 179.29 W, 26, 120 MHz, 3996 MHz, 0 %, 0 %
2026/03/24 02:27:59.690, 5, 180.58 W, 28, 120 MHz, 3996 MHz, 0 %, 0 %
2026/03/24 02:27:59.690, 6, 178.33 W, 26, 120 MHz, 3996 MHz, 0 %, 0 %
2026/03/24 02:27:59.690, 7, 176.58 W, 27, 120 MHz, 3996 MHz, 0 %, 0 %
2026/03/24 02:28:00.690, 0, 229.12 W, 28, 2032 MHz, 3996 MHz, 0 %, 0 %
2026/03/24 02:28:00.690, 1, 233.16 W, 29, 2032 MHz, 3996 MHz, 0 %, 0 %
2026/03/24 02:28:00.690, 2, 233.91 W, 27, 2032 MHz, 3996 MHz, 0 %, 0 %
2026/03/24 02:28:00.690, 3, 234.85 W, 30, 2032 MHz, 3996 MHz, 0 %, 0 %
2026/03/24 02:28:00.690, 4, 179.06 W, 26, 120 MHz, 3996 MHz, 0 %, 0 %
2026/03/24 02:28:00.690, 5, 180.58 W, 28, 120 MHz, 3996 MHz, 0 %, 0 %
2026/03/24 02:28:00.690, 6, 178.29 W, 26, 120 MHz, 3996 MHz, 0 %, 0 %
2026/03/24 02:28:00.690, 7, 176.58 W, 27, 120 MHz, 3996 MHz, 0 %, 0 %
2026/03/24 02:28:01.690, 0, 229.05 W, 27, 2032 MHz, 3996 MHz, 0 %, 0 %
2026/03/24 02:28:01.690, 1, 233.16 W, 29, 2032 MHz, 3996 MHz, 0 %, 0 %
2026/03/24 02:28:01.690, 2, 233.93 W, 27, 2032 MHz, 3996 MHz, 0 %, 0 %
2026/03/24 02:28:01.690, 3, 235.02 W, 30, 2032 MHz, 3996 MHz, 0 %, 0 %
2026/03/24 02:28:01.690, 4, 179.31 W, 26, 120 MHz, 3996 MHz, 0 %, 0 %
2026/03/24 02:28:01.690, 5, 180.58 W, 28, 120 MHz, 3996 MHz, 0 %, 0 %
2026/03/24 02:28:01.690, 6, 178.41 W, 26, 120 MHz, 3996 MHz, 0 %, 0 %
2026/03/24 02:28:01.690, 7, 176.58 W, 27, 120 MHz, 3996 MHz, 0 %, 0 %
2026/03/24 02:28:02.690, 0, 229.18 W, 27, 2032 MHz, 3996 MHz, 0 %, 0 %
2026/03/24 02:28:02.690, 1, 233.16 W, 29, 2032 MHz, 3996 MHz, 0 %, 0 %
2026/03/24 02:28:02.690, 2, 233.92 W, 27, 2032 MHz, 3996 MHz, 0 %, 0 %
2026/03/24 02:28:02.690, 3, 234.97 W, 30, 2032 MHz, 3996 MHz, 0 %, 0 %
2026/03/24 02:28:02.690, 4, 179.34 W, 26, 120 MHz, 3996 MHz, 0 %, 0 %
2026/03/24 02:28:02.690, 5, 180.58 W, 28, 120 MHz, 3996 MHz, 0 %, 0 %
2026/03/24 02:28:02.690, 6, 178.37 W, 26, 120 MHz, 3996 MHz, 0 %, 0 %
2026/03/24 02:28:02.690, 7, 176.58 W, 27, 120 MHz, 3996 MHz, 0 %, 0 %
2026/03/24 02:28:03.690, 0, 229.40 W, 28, 2032 MHz, 3996 MHz, 0 %, 0 %
2026/03/24 02:28:03.691, 1, 233.16 W, 29, 2032 MHz, 3996 MHz, 0 %, 0 %
2026/03/24 02:28:03.691, 2, 233.94 W, 27, 2032 MHz, 3996 MHz, 0 %, 0 %
2026/03/24 02:28:03.691, 3, 235.07 W, 30, 2032 MHz, 3996 MHz, 0 %, 0 %
2026/03/24 02:28:03.691, 4, 179.05 W, 26, 120 MHz, 3996 MHz, 0 %, 0 %
2026/03/24 02:28:03.691, 5, 180.58 W, 28, 120 MHz, 3996 MHz, 0 %, 0 %
2026/03/24 02:28:03.691, 6, 178.41 W, 26, 120 MHz, 3996 MHz, 0 %, 0 %
2026/03/24 02:28:03.691, 7, 176.58 W, 27, 120 MHz, 3996 MHz, 0 %, 0 %
2026/03/24 02:28:04.691, 0, 229.29 W, 27, 2032 MHz, 3996 MHz, 0 %, 0 %
2026/03/24 02:28:04.691, 1, 233.16 W, 29, 2032 MHz, 3996 MHz, 0 %, 0 %
2026/03/24 02:28:04.691, 2, 233.92 W, 27, 2032 MHz, 3996 MHz, 0 %, 0 %
2026/03/24 02:28:04.691, 3, 235.02 W, 30, 2032 MHz, 3996 MHz, 0 %, 0 %
2026/03/24 02:28:04.691, 4, 179.10 W, 26, 120 MHz, 3996 MHz, 0 %, 0 %
2026/03/24 02:28:04.691, 5, 180.58 W, 28, 120 MHz, 3996 MHz, 0 %, 0 %
2026/03/24 02:28:04.691, 6, 178.21 W, 26, 120 MHz, 3996 MHz, 0 %, 0 %
2026/03/24 02:28:04.691, 7, 176.58 W, 27, 120 MHz, 3996 MHz, 0 %, 0 %
2026/03/24 02:28:05.691, 0, 229.42 W, 27, 2032 MHz, 3996 MHz, 0 %, 0 %
2026/03/24 02:28:05.691, 1, 233.16 W, 29, 2032 MHz, 3996 MHz, 0 %, 0 %
2026/03/24 02:28:05.691, 2, 233.92 W, 27, 2032 MHz, 3996 MHz, 0 %, 0 %
2026/03/24 02:28:05.691, 3, 234.97 W, 30, 2032 MHz, 3996 MHz, 0 %, 0 %
2026/03/24 02:28:05.691, 4, 179.09 W, 26, 120 MHz, 3996 MHz, 0 %, 0 %
2026/03/24 02:28:05.691, 5, 180.58 W, 28, 120 MHz, 3996 MHz, 0 %, 0 %
2026/03/24 02:28:05.691, 6, 178.38 W, 26, 120 MHz, 3996 MHz, 0 %, 0 %
2026/03/24 02:28:05.691, 7, 176.58 W, 27, 120 MHz, 3996 MHz, 0 %, 0 %
2026/03/24 02:28:06.691, 0, 229.42 W, 27, 2032 MHz, 3996 MHz, 0 %, 0 %
2026/03/24 02:28:06.691, 1, 233.16 W, 29, 2032 MHz, 3996 MHz, 0 %, 0 %
2026/03/24 02:28:06.691, 2, 233.92 W, 27, 2032 MHz, 3996 MHz, 0 %, 0 %
2026/03/24 02:28:06.691, 3, 235.03 W, 30, 2032 MHz, 3996 MHz, 0 %, 0 %
2026/03/24 02:28:06.691, 4, 179.44 W, 26, 120 MHz, 3996 MHz, 0 %, 0 %
2026/03/24 02:28:06.691, 5, 180.58 W, 28, 120 MHz, 3996 MHz, 0 %, 0 %
2026/03/24 02:28:06.691, 6, 178.45 W, 26, 120 MHz, 3996 MHz, 0 %, 0 %
2026/03/24 02:28:06.691, 7, 176.58 W, 27, 120 MHz, 3996 MHz, 0 %, 0 %
2026/03/24 02:28:07.691, 0, 229.35 W, 27, 2032 MHz, 3996 MHz, 0 %, 0 %
2026/03/24 02:28:07.691, 1, 233.16 W, 29, 2032 MHz, 3996 MHz, 0 %, 0 %
2026/03/24 02:28:07.691, 2, 233.97 W, 27, 2032 MHz, 3996 MHz, 0 %, 0 %
2026/03/24 02:28:07.691, 3, 235.12 W, 30, 2032 MHz, 3996 MHz, 0 %, 0 %
2026/03/24 02:28:07.691, 4, 179.58 W, 26, 120 MHz, 3996 MHz, 0 %, 0 %
2026/03/24 02:28:07.691, 5, 180.58 W, 28, 120 MHz, 3996 MHz, 0 %, 0 %
2026/03/24 02:28:07.691, 6, 178.11 W, 26, 120 MHz, 3996 MHz, 0 %, 0 %
2026/03/24 02:28:07.691, 7, 176.58 W, 27, 120 MHz, 3996 MHz, 0 %, 0 %
2026/03/24 02:28:08.691, 0, 229.42 W, 28, 2032 MHz, 3996 MHz, 0 %, 0 %
2026/03/24 02:28:08.691, 1, 233.16 W, 29, 2032 MHz, 3996 MHz, 0 %, 0 %
2026/03/24 02:28:08.691, 2, 233.93 W, 27, 2032 MHz, 3996 MHz, 0 %, 0 %
2026/03/24 02:28:08.691, 3, 235.05 W, 30, 2032 MHz, 3996 MHz, 0 %, 0 %
2026/03/24 02:28:08.691, 4, 178.94 W, 26, 120 MHz, 3996 MHz, 0 %, 0 %
2026/03/24 02:28:08.691, 5, 180.58 W, 28, 120 MHz, 3996 MHz, 0 %, 0 %
2026/03/24 02:28:08.691, 6, 178.37 W, 26, 120 MHz, 3996 MHz, 0 %, 0 %
2026/03/24 02:28:08.691, 7, 176.58 W, 27, 120 MHz, 3996 MHz, 0 %, 0 %
2026/03/24 02:28:09.691, 0, 229.24 W, 27, 2032 MHz, 3996 MHz, 0 %, 0 %
2026/03/24 02:28:09.691, 1, 233.16 W, 29, 2032 MHz, 3996 MHz, 0 %, 0 %
2026/03/24 02:28:09.692, 2, 233.90 W, 27, 2032 MHz, 3996 MHz, 0 %, 0 %
2026/03/24 02:28:09.692, 3, 235.01 W, 30, 2032 MHz, 3996 MHz, 0 %, 0 %
2026/03/24 02:28:09.692, 4, 179.06 W, 26, 120 MHz, 3996 MHz, 0 %, 0 %
2026/03/24 02:28:09.692, 5, 180.58 W, 28, 120 MHz, 3996 MHz, 0 %, 0 %
2026/03/24 02:28:09.692, 6, 178.56 W, 26, 120 MHz, 3996 MHz, 0 %, 0 %
2026/03/24 02:28:09.692, 7, 176.58 W, 27, 120 MHz, 3996 MHz, 0 %, 0 %
2026/03/24 02:28:10.692, 0, 229.46 W, 27, 2032 MHz, 3996 MHz, 0 %, 0 %
2026/03/24 02:28:10.692, 1, 233.16 W, 29, 2032 MHz, 3996 MHz, 0 %, 0 %
2026/03/24 02:28:10.692, 2, 233.91 W, 27, 2032 MHz, 3996 MHz, 0 %, 0 %
2026/03/24 02:28:10.692, 3, 234.92 W, 30, 2032 MHz, 3996 MHz, 0 %, 0 %
2026/03/24 02:28:10.692, 4, 179.32 W, 26, 120 MHz, 3996 MHz, 0 %, 0 %
2026/03/24 02:28:10.692, 5, 180.58 W, 28, 120 MHz, 3996 MHz, 0 %, 0 %
2026/03/24 02:28:10.692, 6, 178.38 W, 26, 120 MHz, 3996 MHz, 0 %, 0 %
2026/03/24 02:28:10.692, 7, 176.58 W, 27, 120 MHz, 3996 MHz, 0 %, 0 %
2026/03/24 02:28:11.692, 0, 229.28 W, 27, 2032 MHz, 3996 MHz, 0 %, 0 %
2026/03/24 02:28:11.692, 1, 233.16 W, 29, 2032 MHz, 3996 MHz, 0 %, 0 %
2026/03/24 02:28:11.692, 2, 233.91 W, 27, 2032 MHz, 3996 MHz, 0 %, 0 %
2026/03/24 02:28:11.692, 3, 235.00 W, 30, 2032 MHz, 3996 MHz, 0 %, 0 %
2026/03/24 02:28:11.692, 4, 179.14 W, 26, 120 MHz, 3996 MHz, 0 %, 0 %
2026/03/24 02:28:11.692, 5, 180.58 W, 28, 120 MHz, 3996 MHz, 0 %, 0 %
2026/03/24 02:28:11.692, 6, 178.49 W, 26, 120 MHz, 3996 MHz, 0 %, 0 %
2026/03/24 02:28:11.692, 7, 176.58 W, 27, 120 MHz, 3996 MHz, 0 %, 0 %
2026/03/24 02:28:12.692, 0, 229.39 W, 27, 2032 MHz, 3996 MHz, 0 %, 0 %
2026/03/24 02:28:12.692, 1, 233.16 W, 29, 2032 MHz, 3996 MHz, 0 %, 0 %
2026/03/24 02:28:12.692, 2, 233.92 W, 27, 2032 MHz, 3996 MHz, 0 %, 0 %
2026/03/24 02:28:12.692, 3, 234.96 W, 30, 2032 MHz, 3996 MHz, 0 %, 0 %
2026/03/24 02:28:12.692, 4, 179.13 W, 26, 120 MHz, 3996 MHz, 0 %, 0 %
2026/03/24 02:28:12.692, 5, 180.58 W, 28, 120 MHz, 3996 MHz, 0 %, 0 %
2026/03/24 02:28:12.692, 6, 178.33 W, 26, 120 MHz, 3996 MHz, 0 %, 0 %
2026/03/24 02:28:12.692, 7, 176.58 W, 27, 120 MHz, 3996 MHz, 0 %, 0 %
2026/03/24 02:28:13.692, 0, 229.26 W, 27, 2032 MHz, 3996 MHz, 0 %, 0 %
2026/03/24 02:28:13.692, 1, 233.16 W, 29, 2032 MHz, 3996 MHz, 0 %, 0 %
2026/03/24 02:28:13.692, 2, 233.89 W, 27, 2032 MHz, 3996 MHz, 0 %, 0 %
2026/03/24 02:28:13.692, 3, 235.04 W, 30, 2032 MHz, 3996 MHz, 0 %, 0 %
2026/03/24 02:28:13.692, 4, 179.47 W, 26, 120 MHz, 3996 MHz, 0 %, 0 %
2026/03/24 02:28:13.692, 5, 180.58 W, 28, 120 MHz, 3996 MHz, 0 %, 0 %
2026/03/24 02:28:13.692, 6, 178.45 W, 26, 120 MHz, 3996 MHz, 0 %, 0 %
2026/03/24 02:28:13.692, 7, 176.58 W, 27, 120 MHz, 3996 MHz, 0 %, 0 %
2026/03/24 02:28:14.692, 0, 229.35 W, 27, 2032 MHz, 3996 MHz, 0 %, 0 %
2026/03/24 02:28:14.692, 1, 233.16 W, 29, 2032 MHz, 3996 MHz, 0 %, 0 %
2026/03/24 02:28:14.692, 2, 233.89 W, 27, 2032 MHz, 3996 MHz, 0 %, 0 %
2026/03/24 02:28:14.692, 3, 234.96 W, 30, 2032 MHz, 3996 MHz, 0 %, 0 %
2026/03/24 02:28:14.692, 4, 179.13 W, 26, 120 MHz, 3996 MHz, 0 %, 0 %
2026/03/24 02:28:14.692, 5, 180.58 W, 28, 120 MHz, 3996 MHz, 0 %, 0 %
2026/03/24 02:28:14.692, 6, 178.41 W, 26, 120 MHz, 3996 MHz, 0 %, 0 %
2026/03/24 02:28:14.692, 7, 176.58 W, 27, 120 MHz, 3996 MHz, 0 %, 0 %
2026/03/24 02:28:15.692, 0, 229.21 W, 27, 2032 MHz, 3996 MHz, 0 %, 0 %
2026/03/24 02:28:15.692, 1, 233.16 W, 29, 2032 MHz, 3996 MHz, 0 %, 0 %
2026/03/24 02:28:15.692, 2, 233.92 W, 27, 2032 MHz, 3996 MHz, 0 %, 0 %
2026/03/24 02:28:15.693, 3, 234.97 W, 30, 2032 MHz, 3996 MHz, 0 %, 0 %
2026/03/24 02:28:15.693, 4, 179.16 W, 26, 120 MHz, 3996 MHz, 0 %, 0 %
2026/03/24 02:28:15.693, 5, 180.58 W, 28, 120 MHz, 3996 MHz, 0 %, 0 %
2026/03/24 02:28:15.693, 6, 178.41 W, 26, 120 MHz, 3996 MHz, 0 %, 0 %
2026/03/24 02:28:15.693, 7, 176.58 W, 27, 120 MHz, 3996 MHz, 0 %, 0 %
2026/03/24 02:28:16.693, 0, 229.35 W, 27, 2032 MHz, 3996 MHz, 0 %, 0 %
2026/03/24 02:28:16.693, 1, 233.20 W, 29, 2032 MHz, 3996 MHz, 0 %, 0 %
2026/03/24 02:28:16.693, 2, 233.97 W, 27, 2032 MHz, 3996 MHz, 0 %, 0 %
2026/03/24 02:28:16.693, 3, 235.00 W, 30, 2032 MHz, 3996 MHz, 0 %, 0 %
2026/03/24 02:28:16.693, 4, 179.14 W, 26, 120 MHz, 3996 MHz, 0 %, 0 %
2026/03/24 02:28:16.693, 5, 180.58 W, 28, 120 MHz, 3996 MHz, 0 %, 0 %
2026/03/24 02:28:16.693, 6, 178.26 W, 26, 120 MHz, 3996 MHz, 0 %, 0 %
2026/03/24 02:28:16.693, 7, 176.58 W, 27, 120 MHz, 3996 MHz, 0 %, 0 %
2026/03/24 02:28:17.693, 0, 229.38 W, 27, 2032 MHz, 3996 MHz, 0 %, 0 %
2026/03/24 02:28:17.693, 1, 233.16 W, 29, 2032 MHz, 3996 MHz, 0 %, 0 %
2026/03/24 02:28:17.693, 2, 233.93 W, 27, 2032 MHz, 3996 MHz, 0 %, 0 %
2026/03/24 02:28:17.693, 3, 234.87 W, 30, 2032 MHz, 3996 MHz, 0 %, 0 %
2026/03/24 02:28:17.693, 4, 179.05 W, 26, 120 MHz, 3996 MHz, 0 %, 0 %
2026/03/24 02:28:17.693, 5, 180.58 W, 28, 120 MHz, 3996 MHz, 0 %, 0 %
2026/03/24 02:28:17.693, 6, 178.52 W, 26, 120 MHz, 3996 MHz, 0 %, 0 %
2026/03/24 02:28:17.693, 7, 176.58 W, 27, 120 MHz, 3996 MHz, 0 %, 0 %
2026/03/24 02:28:18.693, 0, 293.36 W, 28, 2032 MHz, 3996 MHz, 35 %, 35 %
2026/03/24 02:28:18.693, 1, 297.80 W, 30, 2032 MHz, 3996 MHz, 8 %, 8 %
2026/03/24 02:28:18.693, 2, 299.19 W, 28, 2032 MHz, 3996 MHz, 14 %, 15 %
2026/03/24 02:28:18.693, 3, 300.74 W, 31, 2032 MHz, 3996 MHz, 9 %, 9 %
2026/03/24 02:28:18.693, 4, 179.18 W, 26, 120 MHz, 3996 MHz, 0 %, 0 %
2026/03/24 02:28:18.693, 5, 180.58 W, 28, 120 MHz, 3996 MHz, 0 %, 0 %
2026/03/24 02:28:18.693, 6, 178.18 W, 26, 120 MHz, 3996 MHz, 0 %, 0 %
2026/03/24 02:28:18.693, 7, 176.58 W, 27, 120 MHz, 3996 MHz, 0 %, 0 %
2026/03/24 02:28:19.693, 0, 228.49 W, 28, 2032 MHz, 3996 MHz, 0 %, 0 %
2026/03/24 02:28:19.693, 1, 233.16 W, 29, 2032 MHz, 3996 MHz, 0 %, 0 %
2026/03/24 02:28:19.693, 2, 233.91 W, 27, 2032 MHz, 3996 MHz, 0 %, 0 %
2026/03/24 02:28:19.693, 3, 234.43 W, 30, 2032 MHz, 3996 MHz, 0 %, 0 %
2026/03/24 02:28:19.693, 4, 179.19 W, 26, 120 MHz, 3996 MHz, 0 %, 0 %
2026/03/24 02:28:19.693, 5, 180.58 W, 28, 120 MHz, 3996 MHz, 0 %, 0 %
2026/03/24 02:28:19.693, 6, 178.18 W, 26, 120 MHz, 3996 MHz, 0 %, 0 %
2026/03/24 02:28:19.693, 7, 176.58 W, 27, 120 MHz, 3996 MHz, 0 %, 0 %
2026/03/24 02:28:20.693, 0, 228.26 W, 27, 2032 MHz, 3996 MHz, 0 %, 0 %
2026/03/24 02:28:20.693, 1, 233.16 W, 29, 2032 MHz, 3996 MHz, 0 %, 0 %
2026/03/24 02:28:20.693, 2, 233.93 W, 27, 2032 MHz, 3996 MHz, 0 %, 0 %
2026/03/24 02:28:20.693, 3, 233.90 W, 30, 2032 MHz, 3996 MHz, 0 %, 0 %
2026/03/24 02:28:20.693, 4, 179.36 W, 26, 120 MHz, 3996 MHz, 0 %, 0 %
2026/03/24 02:28:20.693, 5, 180.58 W, 28, 120 MHz, 3996 MHz, 0 %, 0 %
2026/03/24 02:28:20.693, 6, 178.18 W, 26, 120 MHz, 3996 MHz, 0 %, 0 %
2026/03/24 02:28:20.693, 7, 176.58 W, 27, 120 MHz, 3996 MHz, 0 %, 0 %
2026/03/24 02:28:21.693, 0, 228.14 W, 27, 2032 MHz, 3996 MHz, 0 %, 0 %
2026/03/24 02:28:21.693, 1, 233.16 W, 29, 2032 MHz, 3996 MHz, 0 %, 0 %
2026/03/24 02:28:21.693, 2, 233.91 W, 27, 2032 MHz, 3996 MHz, 0 %, 0 %
2026/03/24 02:28:21.693, 3, 233.87 W, 30, 2032 MHz, 3996 MHz, 0 %, 0 %
2026/03/24 02:28:21.694, 4, 179.18 W, 26, 120 MHz, 3996 MHz, 0 %, 0 %
2026/03/24 02:28:21.694, 5, 180.58 W, 28, 120 MHz, 3996 MHz, 0 %, 0 %
2026/03/24 02:28:21.694, 6, 178.41 W, 26, 120 MHz, 3996 MHz, 0 %, 0 %
2026/03/24 02:28:21.694, 7, 176.58 W, 27, 120 MHz, 3996 MHz, 0 %, 0 %
2026/03/24 02:28:22.694, 0, 228.45 W, 27, 2032 MHz, 3996 MHz, 0 %, 0 %
2026/03/24 02:28:22.694, 1, 233.20 W, 29, 2032 MHz, 3996 MHz, 0 %, 0 %
2026/03/24 02:28:22.694, 2, 233.94 W, 27, 2032 MHz, 3996 MHz, 0 %, 0 %
2026/03/24 02:28:22.694, 3, 234.02 W, 30, 2032 MHz, 3996 MHz, 0 %, 0 %
2026/03/24 02:28:22.694, 4, 179.32 W, 26, 120 MHz, 3996 MHz, 0 %, 0 %
2026/03/24 02:28:22.694, 5, 180.58 W, 28, 120 MHz, 3996 MHz, 0 %, 0 %
2026/03/24 02:28:22.694, 6, 178.18 W, 26, 120 MHz, 3996 MHz, 0 %, 0 %
2026/03/24 02:28:22.694, 7, 176.62 W, 27, 120 MHz, 3996 MHz, 0 %, 0 %
2026/03/24 02:28:23.694, 0, 233.37 W, 28, 2032 MHz, 3996 MHz, 0 %, 0 %
2026/03/24 02:28:23.694, 1, 237.93 W, 29, 2032 MHz, 3996 MHz, 11 %, 7 %
2026/03/24 02:28:23.694, 2, 238.50 W, 27, 2032 MHz, 3996 MHz, 0 %, 0 %
2026/03/24 02:28:23.694, 3, 238.70 W, 30, 2032 MHz, 3996 MHz, 0 %, 0 %
2026/03/24 02:28:23.694, 4, 179.06 W, 26, 120 MHz, 3996 MHz, 0 %, 0 %
2026/03/24 02:28:23.694, 5, 180.58 W, 28, 120 MHz, 3996 MHz, 0 %, 0 %
2026/03/24 02:28:23.694, 6, 178.33 W, 26, 120 MHz, 3996 MHz, 0 %, 0 %
2026/03/24 02:28:23.694, 7, 176.58 W, 27, 120 MHz, 3996 MHz, 0 %, 0 %
2026/03/24 02:28:24.694, 0, 228.18 W, 27, 2032 MHz, 3996 MHz, 0 %, 0 %
2026/03/24 02:28:24.694, 1, 233.16 W, 29, 2032 MHz, 3996 MHz, 0 %, 0 %
2026/03/24 02:28:24.694, 2, 234.02 W, 27, 2032 MHz, 3996 MHz, 0 %, 0 %
2026/03/24 02:28:24.694, 3, 233.91 W, 30, 2032 MHz, 3996 MHz, 0 %, 0 %
2026/03/24 02:28:24.694, 4, 179.13 W, 26, 120 MHz, 3996 MHz, 0 %, 0 %
2026/03/24 02:28:24.694, 5, 180.58 W, 28, 120 MHz, 3996 MHz, 0 %, 0 %
2026/03/24 02:28:24.694, 6, 178.41 W, 26, 120 MHz, 3996 MHz, 0 %, 0 %
2026/03/24 02:28:24.694, 7, 176.58 W, 27, 120 MHz, 3996 MHz, 0 %, 0 %
2026/03/24 02:28:25.694, 0, 228.06 W, 27, 2032 MHz, 3996 MHz, 0 %, 0 %
2026/03/24 02:28:25.694, 1, 233.16 W, 29, 2032 MHz, 3996 MHz, 0 %, 0 %
2026/03/24 02:28:25.694, 2, 233.93 W, 27, 2032 MHz, 3996 MHz, 0 %, 0 %
2026/03/24 02:28:25.694, 3, 233.51 W, 30, 2032 MHz, 3996 MHz, 0 %, 0 %
2026/03/24 02:28:25.694, 4, 179.44 W, 26, 120 MHz, 3996 MHz, 0 %, 0 %
2026/03/24 02:28:25.694, 5, 180.58 W, 28, 120 MHz, 3996 MHz, 0 %, 0 %
2026/03/24 02:28:25.694, 6, 178.34 W, 26, 120 MHz, 3996 MHz, 0 %, 0 %
2026/03/24 02:28:25.694, 7, 176.58 W, 27, 120 MHz, 3996 MHz, 0 %, 0 %
2026/03/24 02:28:26.694, 0, 358.38 W, 28, 2032 MHz, 3996 MHz, 0 %, 0 %
2026/03/24 02:28:26.694, 1, 357.75 W, 30, 2032 MHz, 3996 MHz, 0 %, 0 %
2026/03/24 02:28:26.694, 2, 355.87 W, 28, 2032 MHz, 3996 MHz, 0 %, 0 %
2026/03/24 02:28:26.694, 3, 356.96 W, 31, 2032 MHz, 3996 MHz, 0 %, 0 %
2026/03/24 02:28:26.694, 4, 179.26 W, 26, 120 MHz, 3996 MHz, 0 %, 0 %
2026/03/24 02:28:26.694, 5, 180.58 W, 28, 120 MHz, 3996 MHz, 0 %, 0 %
2026/03/24 02:28:26.694, 6, 178.26 W, 26, 120 MHz, 3996 MHz, 0 %, 0 %
2026/03/24 02:28:26.694, 7, 176.58 W, 27, 120 MHz, 3996 MHz, 0 %, 0 %
2026/03/24 02:28:27.694, 0, 229.00 W, 28, 2032 MHz, 3996 MHz, 0 %, 0 %
2026/03/24 02:28:27.694, 1, 233.28 W, 30, 2032 MHz, 3996 MHz, 0 %, 0 %
2026/03/24 02:28:27.694, 2, 234.06 W, 27, 2032 MHz, 3996 MHz, 0 %, 0 %
2026/03/24 02:28:27.695, 3, 234.93 W, 30, 2032 MHz, 3996 MHz, 0 %, 0 %
2026/03/24 02:28:27.695, 4, 179.32 W, 26, 120 MHz, 3996 MHz, 0 %, 0 %
2026/03/24 02:28:27.695, 5, 180.58 W, 28, 120 MHz, 3996 MHz, 0 %, 0 %
2026/03/24 02:28:27.695, 6, 178.26 W, 26, 120 MHz, 3996 MHz, 0 %, 0 %
2026/03/24 02:28:27.695, 7, 176.58 W, 27, 120 MHz, 3996 MHz, 0 %, 0 %
2026/03/24 02:28:28.695, 0, 228.26 W, 28, 2032 MHz, 3996 MHz, 0 %, 0 %
2026/03/24 02:28:28.695, 1, 233.16 W, 29, 2032 MHz, 3996 MHz, 0 %, 0 %
2026/03/24 02:28:28.695, 2, 233.88 W, 27, 2032 MHz, 3996 MHz, 0 %, 0 %
2026/03/24 02:28:28.695, 3, 234.48 W, 30, 2032 MHz, 3996 MHz, 0 %, 0 %
2026/03/24 02:28:28.695, 4, 179.09 W, 26, 120 MHz, 3996 MHz, 0 %, 0 %
2026/03/24 02:28:28.695, 5, 180.58 W, 28, 120 MHz, 3996 MHz, 0 %, 0 %
2026/03/24 02:28:28.695, 6, 178.45 W, 26, 120 MHz, 3996 MHz, 0 %, 0 %
2026/03/24 02:28:28.695, 7, 176.59 W, 27, 120 MHz, 3996 MHz, 0 %, 0 %
2026/03/24 02:28:29.695, 0, 228.14 W, 28, 2032 MHz, 3996 MHz, 0 %, 0 %
2026/03/24 02:28:29.695, 1, 233.16 W, 29, 2032 MHz, 3996 MHz, 0 %, 0 %
2026/03/24 02:28:29.695, 2, 233.94 W, 27, 2032 MHz, 3996 MHz, 0 %, 0 %
2026/03/24 02:28:29.695, 3, 234.06 W, 30, 2032 MHz, 3996 MHz, 0 %, 0 %
2026/03/24 02:28:29.695, 4, 179.01 W, 26, 120 MHz, 3996 MHz, 0 %, 0 %
2026/03/24 02:28:29.695, 5, 180.58 W, 28, 120 MHz, 3996 MHz, 0 %, 0 %
2026/03/24 02:28:29.695, 6, 178.53 W, 26, 120 MHz, 3996 MHz, 0 %, 0 %
2026/03/24 02:28:29.695, 7, 176.59 W, 27, 120 MHz, 3996 MHz, 0 %, 0 %
2026/03/24 02:28:30.695, 0, 228.07 W, 28, 2032 MHz, 3996 MHz, 0 %, 0 %
2026/03/24 02:28:30.695, 1, 233.16 W, 29, 2032 MHz, 3996 MHz, 0 %, 0 %
2026/03/24 02:28:30.695, 2, 233.95 W, 27, 2032 MHz, 3996 MHz, 0 %, 0 %
2026/03/24 02:28:30.695, 3, 233.94 W, 30, 2032 MHz, 3996 MHz, 0 %, 0 %
2026/03/24 02:28:30.695, 4, 179.32 W, 26, 120 MHz, 3996 MHz, 0 %, 0 %
2026/03/24 02:28:30.695, 5, 180.58 W, 28, 120 MHz, 3996 MHz, 0 %, 0 %
2026/03/24 02:28:30.695, 6, 178.37 W, 26, 120 MHz, 3996 MHz, 0 %, 0 %
2026/03/24 02:28:30.695, 7, 176.58 W, 27, 120 MHz, 3996 MHz, 0 %, 0 %
2026/03/24 02:28:31.695, 0, 228.14 W, 28, 2032 MHz, 3996 MHz, 0 %, 0 %
2026/03/24 02:28:31.695, 1, 233.16 W, 29, 2032 MHz, 3996 MHz, 0 %, 0 %
2026/03/24 02:28:31.695, 2, 233.94 W, 27, 2032 MHz, 3996 MHz, 0 %, 0 %
2026/03/24 02:28:31.695, 3, 233.39 W, 30, 2032 MHz, 3996 MHz, 0 %, 0 %
2026/03/24 02:28:31.695, 4, 179.10 W, 26, 120 MHz, 3996 MHz, 0 %, 0 %
2026/03/24 02:28:31.695, 5, 180.58 W, 28, 120 MHz, 3996 MHz, 0 %, 0 %
2026/03/24 02:28:31.695, 6, 178.41 W, 26, 120 MHz, 3996 MHz, 0 %, 0 %
2026/03/24 02:28:31.695, 7, 176.58 W, 27, 120 MHz, 3996 MHz, 0 %, 0 %
2026/03/24 02:28:32.695, 0, 228.96 W, 28, 2032 MHz, 3996 MHz, 0 %, 0 %
2026/03/24 02:28:32.695, 1, 234.90 W, 29, 2032 MHz, 3996 MHz, 0 %, 0 %
2026/03/24 02:28:32.695, 2, 235.89 W, 27, 2032 MHz, 3996 MHz, 0 %, 0 %
2026/03/24 02:28:32.695, 3, 234.42 W, 30, 2032 MHz, 3996 MHz, 0 %, 0 %
2026/03/24 02:28:32.695, 4, 179.30 W, 26, 120 MHz, 3996 MHz, 0 %, 0 %
2026/03/24 02:28:32.695, 5, 180.58 W, 28, 120 MHz, 3996 MHz, 0 %, 0 %
2026/03/24 02:28:32.695, 6, 178.41 W, 26, 120 MHz, 3996 MHz, 0 %, 0 %
2026/03/24 02:28:32.695, 7, 176.58 W, 27, 120 MHz, 3996 MHz, 0 %, 0 %
2026/03/24 02:28:33.696, 0, 229.35 W, 28, 2032 MHz, 3996 MHz, 0 %, 0 %
2026/03/24 02:28:33.696, 1, 233.16 W, 29, 2032 MHz, 3996 MHz, 0 %, 0 %
2026/03/24 02:28:33.696, 2, 233.89 W, 27, 2032 MHz, 3996 MHz, 0 %, 0 %
2026/03/24 02:28:33.696, 3, 234.39 W, 30, 2032 MHz, 3996 MHz, 0 %, 0 %
2026/03/24 02:28:33.696, 4, 179.10 W, 26, 120 MHz, 3996 MHz, 0 %, 0 %
2026/03/24 02:28:33.696, 5, 180.58 W, 28, 120 MHz, 3996 MHz, 0 %, 0 %
2026/03/24 02:28:33.696, 6, 178.26 W, 26, 120 MHz, 3996 MHz, 0 %, 0 %
2026/03/24 02:28:33.696, 7, 176.58 W, 27, 120 MHz, 3996 MHz, 0 %, 0 %
2026/03/24 02:28:34.696, 0, 229.31 W, 27, 2032 MHz, 3996 MHz, 0 %, 0 %
2026/03/24 02:28:34.696, 1, 234.72 W, 30, 2032 MHz, 3996 MHz, 1 %, 0 %
2026/03/24 02:28:34.696, 2, 234.66 W, 27, 2032 MHz, 3996 MHz, 0 %, 0 %
2026/03/24 02:28:34.696, 3, 235.08 W, 30, 2032 MHz, 3996 MHz, 0 %, 0 %
2026/03/24 02:28:34.696, 4, 179.13 W, 26, 120 MHz, 3996 MHz, 0 %, 0 %
2026/03/24 02:28:34.696, 5, 180.58 W, 28, 120 MHz, 3996 MHz, 0 %, 0 %
2026/03/24 02:28:34.696, 6, 178.25 W, 26, 120 MHz, 3996 MHz, 0 %, 0 %
2026/03/24 02:28:34.696, 7, 176.58 W, 27, 120 MHz, 3996 MHz, 0 %, 0 %
2026/03/24 02:28:35.696, 0, 235.40 W, 28, 2032 MHz, 3996 MHz, 0 %, 0 %
2026/03/24 02:28:35.696, 1, 242.35 W, 29, 2032 MHz, 3996 MHz, 0 %, 0 %
2026/03/24 02:28:35.696, 2, 241.96 W, 27, 2032 MHz, 3996 MHz, 0 %, 0 %
2026/03/24 02:28:35.696, 3, 240.95 W, 30, 2032 MHz, 3996 MHz, 0 %, 0 %
2026/03/24 02:28:35.696, 4, 178.95 W, 26, 120 MHz, 3996 MHz, 0 %, 0 %
2026/03/24 02:28:35.696, 5, 180.58 W, 28, 120 MHz, 3996 MHz, 0 %, 0 %
2026/03/24 02:28:35.696, 6, 178.30 W, 26, 120 MHz, 3996 MHz, 0 %, 0 %
2026/03/24 02:28:35.696, 7, 176.58 W, 27, 120 MHz, 3996 MHz, 0 %, 0 %
2026/03/24 02:28:36.696, 0, 248.46 W, 28, 2032 MHz, 3996 MHz, 17 %, 2 %
2026/03/24 02:28:36.696, 1, 249.55 W, 30, 2032 MHz, 3996 MHz, 13 %, 3 %
2026/03/24 02:28:36.696, 2, 251.97 W, 27, 2032 MHz, 3996 MHz, 28 %, 2 %
2026/03/24 02:28:36.696, 3, 249.48 W, 30, 2032 MHz, 3996 MHz, 15 %, 2 %
2026/03/24 02:28:36.696, 4, 179.27 W, 26, 120 MHz, 3996 MHz, 0 %, 0 %
2026/03/24 02:28:36.696, 5, 180.58 W, 28, 120 MHz, 3996 MHz, 0 %, 0 %
2026/03/24 02:28:36.696, 6, 178.34 W, 26, 120 MHz, 3996 MHz, 0 %, 0 %
2026/03/24 02:28:36.696, 7, 176.58 W, 27, 120 MHz, 3996 MHz, 0 %, 0 %
2026/03/24 02:28:37.696, 0, 241.30 W, 28, 2032 MHz, 3996 MHz, 18 %, 10 %
2026/03/24 02:28:37.696, 1, 244.22 W, 30, 2032 MHz, 3996 MHz, 100 %, 1 %
2026/03/24 02:28:37.696, 2, 246.13 W, 27, 2032 MHz, 3996 MHz, 67 %, 10 %
2026/03/24 02:28:37.696, 3, 246.87 W, 30, 2032 MHz, 3996 MHz, 100 %, 1 %
2026/03/24 02:28:37.696, 4, 179.16 W, 26, 120 MHz, 3996 MHz, 0 %, 0 %
2026/03/24 02:28:37.696, 5, 180.58 W, 28, 120 MHz, 3996 MHz, 0 %, 0 %
2026/03/24 02:28:37.696, 6, 178.26 W, 26, 120 MHz, 3996 MHz, 0 %, 0 %
2026/03/24 02:28:37.696, 7, 176.58 W, 27, 120 MHz, 3996 MHz, 0 %, 0 %
2026/03/24 02:28:38.696, 0, 234.61 W, 28, 2032 MHz, 3996 MHz, 0 %, 0 %
2026/03/24 02:28:38.696, 1, 239.44 W, 29, 2032 MHz, 3996 MHz, 0 %, 0 %
2026/03/24 02:28:38.696, 2, 240.26 W, 27, 2032 MHz, 3996 MHz, 0 %, 0 %
2026/03/24 02:28:38.696, 3, 240.94 W, 30, 2032 MHz, 3996 MHz, 0 %, 0 %
2026/03/24 02:28:38.696, 4, 179.14 W, 26, 120 MHz, 3996 MHz, 0 %, 0 %
2026/03/24 02:28:38.696, 5, 180.58 W, 28, 120 MHz, 3996 MHz, 0 %, 0 %
2026/03/24 02:28:38.696, 6, 178.34 W, 26, 120 MHz, 3996 MHz, 0 %, 0 %
2026/03/24 02:28:38.696, 7, 176.58 W, 27, 120 MHz, 3996 MHz, 0 %, 0 %
2026/03/24 02:28:39.696, 0, 324.33 W, 31, 2032 MHz, 3996 MHz, 93 %, 2 %
2026/03/24 02:28:39.697, 1, 332.58 W, 33, 2032 MHz, 3996 MHz, 96 %, 0 %
2026/03/24 02:28:39.697, 2, 331.90 W, 30, 2032 MHz, 3996 MHz, 95 %, 0 %
2026/03/24 02:28:39.697, 3, 324.07 W, 33, 2032 MHz, 3996 MHz, 95 %, 0 %
2026/03/24 02:28:39.697, 4, 179.09 W, 26, 120 MHz, 3996 MHz, 0 %, 0 %
2026/03/24 02:28:39.697, 5, 180.58 W, 28, 120 MHz, 3996 MHz, 0 %, 0 %
2026/03/24 02:28:39.697, 6, 178.25 W, 26, 120 MHz, 3996 MHz, 0 %, 0 %
2026/03/24 02:28:39.697, 7, 176.58 W, 27, 120 MHz, 3996 MHz, 0 %, 0 %
2026/03/24 02:28:40.697, 0, 778.25 W, 34, 2025 MHz, 3996 MHz, 100 %, 12 %
2026/03/24 02:28:40.697, 1, 766.78 W, 35, 2032 MHz, 3996 MHz, 100 %, 17 %
2026/03/24 02:28:40.697, 2, 777.82 W, 33, 2025 MHz, 3996 MHz, 100 %, 14 %
2026/03/24 02:28:40.697, 3, 781.94 W, 36, 2017 MHz, 3996 MHz, 100 %, 15 %
2026/03/24 02:28:40.697, 4, 178.99 W, 26, 120 MHz, 3996 MHz, 0 %, 0 %
2026/03/24 02:28:40.697, 5, 180.58 W, 28, 120 MHz, 3996 MHz, 0 %, 0 %
2026/03/24 02:28:40.697, 6, 178.34 W, 26, 120 MHz, 3996 MHz, 0 %, 0 %
2026/03/24 02:28:40.697, 7, 176.58 W, 27, 120 MHz, 3996 MHz, 0 %, 0 %
2026/03/24 02:28:41.697, 0, 273.12 W, 29, 2032 MHz, 3996 MHz, 100 %, 0 %
2026/03/24 02:28:41.697, 1, 278.98 W, 31, 2032 MHz, 3996 MHz, 100 %, 0 %
2026/03/24 02:28:41.697, 2, 280.11 W, 28, 2032 MHz, 3996 MHz, 100 %, 0 %
2026/03/24 02:28:41.697, 3, 279.97 W, 31, 2032 MHz, 3996 MHz, 100 %, 0 %
2026/03/24 02:28:41.697, 4, 179.20 W, 26, 120 MHz, 3996 MHz, 0 %, 0 %
2026/03/24 02:28:41.697, 5, 180.58 W, 28, 120 MHz, 3996 MHz, 0 %, 0 %
2026/03/24 02:28:41.697, 6, 178.25 W, 26, 120 MHz, 3996 MHz, 0 %, 0 %
2026/03/24 02:28:41.697, 7, 176.58 W, 27, 120 MHz, 3996 MHz, 0 %, 0 %
2026/03/24 02:28:42.697, 0, 270.56 W, 28, 2032 MHz, 3996 MHz, 100 %, 0 %
2026/03/24 02:28:42.697, 1, 274.38 W, 30, 2032 MHz, 3996 MHz, 100 %, 0 %
2026/03/24 02:28:42.697, 2, 276.40 W, 28, 2032 MHz, 3996 MHz, 100 %, 0 %
2026/03/24 02:28:42.697, 3, 275.86 W, 31, 2032 MHz, 3996 MHz, 100 %, 0 %
2026/03/24 02:28:42.697, 4, 179.04 W, 26, 120 MHz, 3996 MHz, 0 %, 0 %
2026/03/24 02:28:42.697, 5, 180.58 W, 28, 120 MHz, 3996 MHz, 0 %, 0 %
2026/03/24 02:28:42.697, 6, 178.49 W, 26, 120 MHz, 3996 MHz, 0 %, 0 %
2026/03/24 02:28:42.697, 7, 176.58 W, 27, 120 MHz, 3996 MHz, 0 %, 0 %
2026/03/24 02:28:43.697, 0, 232.49 W, 28, 2032 MHz, 3996 MHz, 12 %, 0 %
2026/03/24 02:28:43.697, 1, 233.79 W, 30, 2032 MHz, 3996 MHz, 11 %, 0 %
2026/03/24 02:28:43.697, 2, 236.62 W, 28, 2032 MHz, 3996 MHz, 13 %, 0 %
2026/03/24 02:28:43.697, 3, 238.94 W, 31, 2032 MHz, 3996 MHz, 14 %, 0 %
2026/03/24 02:28:43.697, 4, 179.25 W, 26, 120 MHz, 3996 MHz, 0 %, 0 %
2026/03/24 02:28:43.697, 5, 180.58 W, 28, 120 MHz, 3996 MHz, 0 %, 0 %
2026/03/24 02:28:43.697, 6, 178.29 W, 26, 120 MHz, 3996 MHz, 0 %, 0 %
2026/03/24 02:28:43.697, 7, 176.58 W, 27, 120 MHz, 3996 MHz, 0 %, 0 %
2026/03/24 02:28:44.697, 0, 235.73 W, 28, 2032 MHz, 3996 MHz, 11 %, 0 %
2026/03/24 02:28:44.697, 1, 234.56 W, 30, 2032 MHz, 3996 MHz, 10 %, 0 %
2026/03/24 02:28:44.697, 2, 238.94 W, 28, 2032 MHz, 3996 MHz, 11 %, 0 %
2026/03/24 02:28:44.697, 3, 242.87 W, 30, 2032 MHz, 3996 MHz, 12 %, 0 %
2026/03/24 02:28:44.697, 4, 178.94 W, 26, 120 MHz, 3996 MHz, 0 %, 0 %
2026/03/24 02:28:44.697, 5, 180.58 W, 28, 120 MHz, 3996 MHz, 0 %, 0 %
2026/03/24 02:28:44.697, 6, 178.26 W, 26, 120 MHz, 3996 MHz, 0 %, 0 %
2026/03/24 02:28:44.697, 7, 176.58 W, 27, 120 MHz, 3996 MHz, 0 %, 0 %
2026/03/24 02:28:45.697, 0, 236.26 W, 28, 2032 MHz, 3996 MHz, 8 %, 0 %
2026/03/24 02:28:45.697, 1, 234.92 W, 30, 2032 MHz, 3996 MHz, 9 %, 0 %
2026/03/24 02:28:45.697, 2, 239.29 W, 28, 2032 MHz, 3996 MHz, 9 %, 0 %
2026/03/24 02:28:45.697, 3, 243.09 W, 30, 2032 MHz, 3996 MHz, 10 %, 0 %
2026/03/24 02:28:45.697, 4, 179.17 W, 26, 120 MHz, 3996 MHz, 0 %, 0 %
2026/03/24 02:28:45.697, 5, 180.58 W, 28, 120 MHz, 3996 MHz, 0 %, 0 %
2026/03/24 02:28:45.698, 6, 178.33 W, 26, 120 MHz, 3996 MHz, 0 %, 0 %
2026/03/24 02:28:45.698, 7, 176.58 W, 27, 120 MHz, 3996 MHz, 0 %, 0 %
2026/03/24 02:28:46.698, 0, 236.98 W, 28, 2032 MHz, 3996 MHz, 13 %, 0 %
2026/03/24 02:28:46.698, 1, 239.65 W, 30, 2032 MHz, 3996 MHz, 14 %, 2 %
2026/03/24 02:28:46.698, 2, 241.18 W, 28, 2032 MHz, 3996 MHz, 13 %, 0 %
2026/03/24 02:28:46.698, 3, 250.99 W, 31, 2032 MHz, 3996 MHz, 17 %, 5 %
2026/03/24 02:28:46.698, 4, 179.24 W, 26, 120 MHz, 3996 MHz, 0 %, 0 %
2026/03/24 02:28:46.698, 5, 180.58 W, 28, 120 MHz, 3996 MHz, 0 %, 0 %
2026/03/24 02:28:46.698, 6, 178.25 W, 26, 120 MHz, 3996 MHz, 0 %, 0 %
2026/03/24 02:28:46.698, 7, 176.58 W, 27, 120 MHz, 3996 MHz, 0 %, 0 %
2026/03/24 02:28:47.698, 0, 234.66 W, 28, 2032 MHz, 3996 MHz, 13 %, 0 %
2026/03/24 02:28:47.698, 1, 254.68 W, 30, 2032 MHz, 3996 MHz, 14 %, 2 %
2026/03/24 02:28:47.698, 2, 244.61 W, 28, 2032 MHz, 3996 MHz, 12 %, 0 %
2026/03/24 02:28:47.698, 3, 279.47 W, 31, 2032 MHz, 3996 MHz, 16 %, 6 %
2026/03/24 02:28:47.698, 4, 178.91 W, 26, 120 MHz, 3996 MHz, 0 %, 0 %
2026/03/24 02:28:47.698, 5, 180.58 W, 28, 120 MHz, 3996 MHz, 0 %, 0 %
2026/03/24 02:28:47.698, 6, 178.37 W, 26, 120 MHz, 3996 MHz, 0 %, 0 %
2026/03/24 02:28:47.698, 7, 176.58 W, 27, 120 MHz, 3996 MHz, 0 %, 0 %
2026/03/24 02:28:48.698, 0, 234.79 W, 28, 2032 MHz, 3996 MHz, 13 %, 0 %
2026/03/24 02:28:48.698, 1, 254.46 W, 30, 2032 MHz, 3996 MHz, 15 %, 2 %
2026/03/24 02:28:48.698, 2, 245.31 W, 28, 2032 MHz, 3996 MHz, 13 %, 0 %
2026/03/24 02:28:48.698, 3, 278.83 W, 31, 2032 MHz, 3996 MHz, 18 %, 6 %
2026/03/24 02:28:48.698, 4, 179.10 W, 26, 120 MHz, 3996 MHz, 0 %, 0 %
2026/03/24 02:28:48.698, 5, 180.58 W, 28, 120 MHz, 3996 MHz, 0 %, 0 %
2026/03/24 02:28:48.698, 6, 178.26 W, 26, 120 MHz, 3996 MHz, 0 %, 0 %
2026/03/24 02:28:48.698, 7, 176.58 W, 27, 120 MHz, 3996 MHz, 0 %, 0 %
2026/03/24 02:28:49.698, 0, 242.06 W, 28, 2032 MHz, 3996 MHz, 15 %, 2 %
2026/03/24 02:28:49.698, 1, 256.44 W, 30, 2032 MHz, 3996 MHz, 16 %, 3 %
2026/03/24 02:28:49.698, 2, 264.31 W, 28, 2032 MHz, 3996 MHz, 19 %, 7 %
2026/03/24 02:28:49.698, 3, 284.85 W, 31, 2032 MHz, 3996 MHz, 20 %, 8 %
2026/03/24 02:28:49.698, 4, 179.14 W, 26, 120 MHz, 3996 MHz, 0 %, 0 %
2026/03/24 02:28:49.698, 5, 180.58 W, 28, 120 MHz, 3996 MHz, 0 %, 0 %
2026/03/24 02:28:49.698, 6, 178.25 W, 26, 120 MHz, 3996 MHz, 0 %, 0 %
2026/03/24 02:28:49.698, 7, 176.58 W, 27, 120 MHz, 3996 MHz, 0 %, 0 %
2026/03/24 02:28:50.698, 0, 251.79 W, 28, 2032 MHz, 3996 MHz, 16 %, 2 %
2026/03/24 02:28:50.698, 1, 256.79 W, 30, 2032 MHz, 3996 MHz, 16 %, 3 %
2026/03/24 02:28:50.698, 2, 286.93 W, 28, 2032 MHz, 3996 MHz, 19 %, 7 %
2026/03/24 02:28:50.698, 3, 292.35 W, 31, 2032 MHz, 3996 MHz, 20 %, 8 %
2026/03/24 02:28:50.698, 4, 179.22 W, 26, 120 MHz, 3996 MHz, 0 %, 0 %
2026/03/24 02:28:50.698, 5, 180.58 W, 28, 120 MHz, 3996 MHz, 0 %, 0 %
2026/03/24 02:28:50.698, 6, 178.60 W, 26, 120 MHz, 3996 MHz, 0 %, 0 %
2026/03/24 02:28:50.698, 7, 176.58 W, 27, 120 MHz, 3996 MHz, 0 %, 0 %
2026/03/24 02:28:51.698, 0, 251.10 W, 28, 2032 MHz, 3996 MHz, 16 %, 2 %
2026/03/24 02:28:51.698, 1, 256.80 W, 30, 2032 MHz, 3996 MHz, 15 %, 2 %
2026/03/24 02:28:51.698, 2, 283.56 W, 28, 2032 MHz, 3996 MHz, 18 %, 6 %
2026/03/24 02:28:51.698, 3, 293.37 W, 31, 2032 MHz, 3996 MHz, 19 %, 7 %
2026/03/24 02:28:51.698, 4, 179.09 W, 26, 120 MHz, 3996 MHz, 0 %, 0 %
2026/03/24 02:28:51.698, 5, 180.58 W, 28, 120 MHz, 3996 MHz, 0 %, 0 %
2026/03/24 02:28:51.698, 6, 178.33 W, 26, 120 MHz, 3996 MHz, 0 %, 0 %
2026/03/24 02:28:51.698, 7, 176.58 W, 27, 120 MHz, 3996 MHz, 0 %, 0 %
2026/03/24 02:28:52.699, 0, 254.73 W, 28, 2032 MHz, 3996 MHz, 16 %, 4 %
2026/03/24 02:28:52.699, 1, 294.52 W, 31, 2032 MHz, 3996 MHz, 25 %, 12 %
2026/03/24 02:28:52.699, 2, 292.92 W, 28, 2032 MHz, 3996 MHz, 21 %, 9 %
2026/03/24 02:28:52.699, 3, 297.14 W, 31, 2032 MHz, 3996 MHz, 23 %, 12 %
2026/03/24 02:28:52.699, 4, 179.51 W, 26, 120 MHz, 3996 MHz, 0 %, 0 %
2026/03/24 02:28:52.699, 5, 180.58 W, 28, 120 MHz, 3996 MHz, 0 %, 0 %
2026/03/24 02:28:52.699, 6, 178.45 W, 26, 120 MHz, 3996 MHz, 0 %, 0 %
2026/03/24 02:28:52.699, 7, 176.58 W, 27, 120 MHz, 3996 MHz, 0 %, 0 %
2026/03/24 02:28:53.699, 0, 260.43 W, 28, 2032 MHz, 3996 MHz, 17 %, 4 %
2026/03/24 02:28:53.699, 1, 325.11 W, 31, 2032 MHz, 3996 MHz, 25 %, 13 %
2026/03/24 02:28:53.699, 2, 300.31 W, 28, 2032 MHz, 3996 MHz, 22 %, 9 %
2026/03/24 02:28:53.699, 3, 316.34 W, 32, 2032 MHz, 3996 MHz, 24 %, 12 %
2026/03/24 02:28:53.699, 4, 179.27 W, 26, 120 MHz, 3996 MHz, 0 %, 0 %
2026/03/24 02:28:53.699, 5, 180.58 W, 28, 120 MHz, 3996 MHz, 0 %, 0 %
2026/03/24 02:28:53.699, 6, 178.52 W, 26, 120 MHz, 3996 MHz, 0 %, 0 %
2026/03/24 02:28:53.699, 7, 176.58 W, 27, 120 MHz, 3996 MHz, 0 %, 0 %
2026/03/24 02:28:54.699, 0, 260.72 W, 28, 2032 MHz, 3996 MHz, 18 %, 4 %
2026/03/24 02:28:54.699, 1, 326.26 W, 31, 2032 MHz, 3996 MHz, 25 %, 12 %
2026/03/24 02:28:54.699, 2, 302.47 W, 29, 2032 MHz, 3996 MHz, 21 %, 9 %
2026/03/24 02:28:54.699, 3, 319.77 W, 32, 2032 MHz, 3996 MHz, 23 %, 11 %
2026/03/24 02:28:54.699, 4, 179.10 W, 26, 120 MHz, 3996 MHz, 0 %, 0 %
2026/03/24 02:28:54.699, 5, 180.58 W, 28, 120 MHz, 3996 MHz, 0 %, 0 %
2026/03/24 02:28:54.699, 6, 178.38 W, 26, 120 MHz, 3996 MHz, 0 %, 0 %
2026/03/24 02:28:54.699, 7, 176.58 W, 27, 120 MHz, 3996 MHz, 0 %, 0 %
2026/03/24 02:28:55.699, 0, 273.55 W, 29, 2032 MHz, 3996 MHz, 22 %, 9 %
2026/03/24 02:28:55.699, 1, 333.27 W, 31, 2032 MHz, 3996 MHz, 29 %, 15 %
2026/03/24 02:28:55.699, 2, 310.02 W, 29, 2032 MHz, 3996 MHz, 25 %, 11 %
2026/03/24 02:28:55.699, 3, 323.05 W, 32, 2032 MHz, 3996 MHz, 26 %, 12 %
2026/03/24 02:28:55.699, 4, 178.98 W, 26, 120 MHz, 3996 MHz, 0 %, 0 %
2026/03/24 02:28:55.699, 5, 180.58 W, 28, 120 MHz, 3996 MHz, 0 %, 0 %
2026/03/24 02:28:55.699, 6, 178.45 W, 26, 120 MHz, 3996 MHz, 0 %, 0 %
2026/03/24 02:28:55.699, 7, 176.58 W, 27, 120 MHz, 3996 MHz, 0 %, 0 %
2026/03/24 02:28:56.699, 0, 294.42 W, 29, 2032 MHz, 3996 MHz, 23 %, 9 %
2026/03/24 02:28:56.699, 1, 340.30 W, 31, 2032 MHz, 3996 MHz, 29 %, 15 %
2026/03/24 02:28:56.699, 2, 331.30 W, 29, 2032 MHz, 3996 MHz, 26 %, 14 %
2026/03/24 02:28:56.699, 3, 338.21 W, 32, 2032 MHz, 3996 MHz, 29 %, 14 %
2026/03/24 02:28:56.699, 4, 179.34 W, 26, 120 MHz, 3996 MHz, 0 %, 0 %
2026/03/24 02:28:56.699, 5, 180.58 W, 28, 120 MHz, 3996 MHz, 0 %, 0 %
2026/03/24 02:28:56.699, 6, 178.30 W, 26, 120 MHz, 3996 MHz, 0 %, 0 %
2026/03/24 02:28:56.699, 7, 176.58 W, 27, 120 MHz, 3996 MHz, 0 %, 0 %
2026/03/24 02:28:57.699, 0, 296.86 W, 29, 2032 MHz, 3996 MHz, 23 %, 9 %
2026/03/24 02:28:57.699, 1, 344.16 W, 31, 2032 MHz, 3996 MHz, 27 %, 13 %
2026/03/24 02:28:57.699, 2, 333.55 W, 29, 2032 MHz, 3996 MHz, 26 %, 13 %
2026/03/24 02:28:57.699, 3, 341.90 W, 32, 2032 MHz, 3996 MHz, 26 %, 14 %
2026/03/24 02:28:57.699, 4, 179.01 W, 26, 120 MHz, 3996 MHz, 0 %, 0 %
2026/03/24 02:28:57.699, 5, 180.58 W, 28, 120 MHz, 3996 MHz, 0 %, 0 %
2026/03/24 02:28:57.699, 6, 178.56 W, 26, 120 MHz, 3996 MHz, 0 %, 0 %
2026/03/24 02:28:57.699, 7, 176.58 W, 27, 120 MHz, 3996 MHz, 0 %, 0 %
2026/03/24 02:28:58.699, 0, 303.75 W, 29, 2032 MHz, 3996 MHz, 23 %, 9 %
2026/03/24 02:28:58.699, 1, 349.77 W, 32, 2032 MHz, 3996 MHz, 31 %, 14 %
2026/03/24 02:28:58.700, 2, 337.60 W, 29, 2032 MHz, 3996 MHz, 28 %, 13 %
2026/03/24 02:28:58.700, 3, 344.48 W, 32, 2032 MHz, 3996 MHz, 30 %, 15 %
2026/03/24 02:28:58.700, 4, 179.44 W, 26, 120 MHz, 3996 MHz, 0 %, 0 %
2026/03/24 02:28:58.700, 5, 180.58 W, 28, 120 MHz, 3996 MHz, 0 %, 0 %
2026/03/24 02:28:58.700, 6, 178.41 W, 26, 120 MHz, 3996 MHz, 0 %, 0 %
2026/03/24 02:28:58.700, 7, 176.58 W, 27, 120 MHz, 3996 MHz, 0 %, 0 %
2026/03/24 02:28:59.700, 0, 340.47 W, 29, 2032 MHz, 3996 MHz, 31 %, 15 %
2026/03/24 02:28:59.700, 1, 370.52 W, 32, 2032 MHz, 3996 MHz, 31 %, 19 %
2026/03/24 02:28:59.700, 2, 373.74 W, 30, 2032 MHz, 3996 MHz, 32 %, 19 %
2026/03/24 02:28:59.700, 3, 358.14 W, 32, 2032 MHz, 3996 MHz, 29 %, 18 %
2026/03/24 02:28:59.700, 4, 179.33 W, 26, 120 MHz, 3996 MHz, 0 %, 0 %
2026/03/24 02:28:59.700, 5, 180.58 W, 28, 120 MHz, 3996 MHz, 0 %, 0 %
2026/03/24 02:28:59.700, 6, 178.41 W, 26, 120 MHz, 3996 MHz, 0 %, 0 %
2026/03/24 02:28:59.700, 7, 176.58 W, 27, 120 MHz, 3996 MHz, 0 %, 0 %
2026/03/24 02:29:00.700, 0, 341.39 W, 30, 2032 MHz, 3996 MHz, 29 %, 15 %
2026/03/24 02:29:00.700, 1, 372.60 W, 32, 2032 MHz, 3996 MHz, 32 %, 19 %
2026/03/24 02:29:00.700, 2, 374.86 W, 30, 2032 MHz, 3996 MHz, 35 %, 20 %
2026/03/24 02:29:00.700, 3, 370.74 W, 33, 2032 MHz, 3996 MHz, 32 %, 18 %
2026/03/24 02:29:00.700, 4, 179.16 W, 26, 120 MHz, 3996 MHz, 0 %, 0 %
2026/03/24 02:29:00.700, 5, 180.58 W, 28, 120 MHz, 3996 MHz, 0 %, 0 %
2026/03/24 02:29:00.700, 6, 178.45 W, 26, 120 MHz, 3996 MHz, 0 %, 0 %
2026/03/24 02:29:00.700, 7, 176.58 W, 27, 120 MHz, 3996 MHz, 0 %, 0 %
2026/03/24 02:29:01.700, 0, 342.20 W, 30, 2032 MHz, 3996 MHz, 29 %, 14 %
2026/03/24 02:29:01.700, 1, 374.27 W, 32, 2032 MHz, 3996 MHz, 32 %, 19 %
2026/03/24 02:29:01.700, 2, 383.64 W, 30, 2032 MHz, 3996 MHz, 32 %, 20 %
2026/03/24 02:29:01.700, 3, 366.65 W, 33, 2032 MHz, 3996 MHz, 32 %, 18 %
2026/03/24 02:29:01.700, 4, 179.36 W, 26, 120 MHz, 3996 MHz, 0 %, 0 %
2026/03/24 02:29:01.700, 5, 180.58 W, 28, 120 MHz, 3996 MHz, 0 %, 0 %
2026/03/24 02:29:01.700, 6, 178.29 W, 26, 120 MHz, 3996 MHz, 0 %, 0 %
2026/03/24 02:29:01.700, 7, 176.58 W, 27, 120 MHz, 3996 MHz, 0 %, 0 %
2026/03/24 02:29:02.700, 0, 352.97 W, 30, 2032 MHz, 3996 MHz, 34 %, 15 %
2026/03/24 02:29:02.700, 1, 385.34 W, 32, 2032 MHz, 3996 MHz, 33 %, 20 %
2026/03/24 02:29:02.700, 2, 381.28 W, 30, 2032 MHz, 3996 MHz, 33 %, 20 %
2026/03/24 02:29:02.700, 3, 373.06 W, 33, 2032 MHz, 3996 MHz, 32 %, 18 %
2026/03/24 02:29:02.700, 4, 179.36 W, 26, 120 MHz, 3996 MHz, 0 %, 0 %
2026/03/24 02:29:02.700, 5, 180.58 W, 28, 120 MHz, 3996 MHz, 0 %, 0 %
2026/03/24 02:29:02.700, 6, 178.52 W, 26, 120 MHz, 3996 MHz, 0 %, 0 %
2026/03/24 02:29:02.700, 7, 176.58 W, 27, 120 MHz, 3996 MHz, 0 %, 0 %
2026/03/24 02:29:03.700, 0, 349.57 W, 30, 2032 MHz, 3996 MHz, 29 %, 15 %
2026/03/24 02:29:03.700, 1, 391.93 W, 32, 2032 MHz, 3996 MHz, 33 %, 19 %
2026/03/24 02:29:03.700, 2, 391.69 W, 30, 2032 MHz, 3996 MHz, 32 %, 20 %
2026/03/24 02:29:03.700, 3, 391.44 W, 33, 2032 MHz, 3996 MHz, 35 %, 18 %
2026/03/24 02:29:03.700, 4, 179.14 W, 26, 120 MHz, 3996 MHz, 0 %, 0 %
2026/03/24 02:29:03.700, 5, 180.58 W, 28, 120 MHz, 3996 MHz, 0 %, 0 %
2026/03/24 02:29:03.700, 6, 178.37 W, 26, 120 MHz, 3996 MHz, 0 %, 0 %
2026/03/24 02:29:03.700, 7, 176.58 W, 27, 120 MHz, 3996 MHz, 0 %, 0 %
2026/03/24 02:29:04.700, 0, 342.18 W, 30, 2032 MHz, 3996 MHz, 30 %, 15 %
2026/03/24 02:29:04.700, 1, 377.78 W, 32, 2032 MHz, 3996 MHz, 30 %, 19 %
2026/03/24 02:29:04.701, 2, 378.31 W, 30, 2032 MHz, 3996 MHz, 32 %, 19 %
2026/03/24 02:29:04.701, 3, 372.76 W, 33, 2032 MHz, 3996 MHz, 32 %, 17 %
2026/03/24 02:29:04.701, 4, 179.09 W, 26, 120 MHz, 3996 MHz, 0 %, 0 %
2026/03/24 02:29:04.701, 5, 180.58 W, 28, 120 MHz, 3996 MHz, 0 %, 0 %
2026/03/24 02:29:04.701, 6, 178.37 W, 26, 120 MHz, 3996 MHz, 0 %, 0 %
2026/03/24 02:29:04.701, 7, 176.58 W, 27, 120 MHz, 3996 MHz, 0 %, 0 %
2026/03/24 02:29:05.701, 0, 351.82 W, 30, 2032 MHz, 3996 MHz, 30 %, 15 %
2026/03/24 02:29:05.701, 1, 386.69 W, 33, 2032 MHz, 3996 MHz, 31 %, 18 %
2026/03/24 02:29:05.701, 2, 388.65 W, 30, 2032 MHz, 3996 MHz, 33 %, 19 %
2026/03/24 02:29:05.701, 3, 371.85 W, 33, 2032 MHz, 3996 MHz, 33 %, 19 %
2026/03/24 02:29:05.701, 4, 179.43 W, 26, 120 MHz, 3996 MHz, 0 %, 0 %
2026/03/24 02:29:05.701, 5, 180.58 W, 28, 120 MHz, 3996 MHz, 0 %, 0 %
2026/03/24 02:29:05.701, 6, 178.49 W, 26, 120 MHz, 3996 MHz, 0 %, 0 %
2026/03/24 02:29:05.701, 7, 176.58 W, 27, 120 MHz, 3996 MHz, 0 %, 0 %
2026/03/24 02:29:06.701, 0, 364.14 W, 30, 2032 MHz, 3996 MHz, 33 %, 14 %
2026/03/24 02:29:06.701, 1, 393.35 W, 33, 2032 MHz, 3996 MHz, 34 %, 19 %
2026/03/24 02:29:06.701, 2, 405.04 W, 31, 2032 MHz, 3996 MHz, 36 %, 19 %
2026/03/24 02:29:06.701, 3, 391.59 W, 33, 2032 MHz, 3996 MHz, 38 %, 18 %
2026/03/24 02:29:06.701, 4, 179.31 W, 26, 120 MHz, 3996 MHz, 0 %, 0 %
2026/03/24 02:29:06.701, 5, 180.58 W, 28, 120 MHz, 3996 MHz, 0 %, 0 %
2026/03/24 02:29:06.701, 6, 178.49 W, 26, 120 MHz, 3996 MHz, 0 %, 0 %
2026/03/24 02:29:06.701, 7, 176.58 W, 27, 120 MHz, 3996 MHz, 0 %, 0 %
2026/03/24 02:29:07.701, 0, 356.91 W, 30, 2032 MHz, 3996 MHz, 32 %, 14 %
2026/03/24 02:29:07.701, 1, 389.05 W, 33, 2032 MHz, 3996 MHz, 35 %, 19 %
2026/03/24 02:29:07.701, 2, 412.73 W, 31, 2032 MHz, 3996 MHz, 36 %, 20 %
2026/03/24 02:29:07.701, 3, 418.12 W, 33, 2032 MHz, 3996 MHz, 42 %, 18 %
2026/03/24 02:29:07.701, 4, 179.10 W, 26, 120 MHz, 3996 MHz, 0 %, 0 %
2026/03/24 02:29:07.701, 5, 180.58 W, 28, 120 MHz, 3996 MHz, 0 %, 0 %
2026/03/24 02:29:07.701, 6, 178.18 W, 26, 120 MHz, 3996 MHz, 0 %, 0 %
2026/03/24 02:29:07.701, 7, 176.58 W, 27, 120 MHz, 3996 MHz, 0 %, 0 %
2026/03/24 02:29:08.701, 0, 347.42 W, 30, 2032 MHz, 3996 MHz, 28 %, 15 %
2026/03/24 02:29:08.701, 1, 374.83 W, 33, 2032 MHz, 3996 MHz, 30 %, 18 %
2026/03/24 02:29:08.701, 2, 390.23 W, 30, 2032 MHz, 3996 MHz, 32 %, 19 %
2026/03/24 02:29:08.701, 3, 399.14 W, 33, 2032 MHz, 3996 MHz, 34 %, 19 %
2026/03/24 02:29:08.701, 4, 179.26 W, 26, 120 MHz, 3996 MHz, 0 %, 0 %
2026/03/24 02:29:08.701, 5, 180.58 W, 28, 120 MHz, 3996 MHz, 0 %, 0 %
2026/03/24 02:29:08.701, 6, 178.41 W, 26, 120 MHz, 3996 MHz, 0 %, 0 %
2026/03/24 02:29:08.701, 7, 176.58 W, 27, 120 MHz, 3996 MHz, 0 %, 0 %
2026/03/24 02:29:09.701, 0, 343.71 W, 30, 2032 MHz, 3996 MHz, 29 %, 15 %
2026/03/24 02:29:09.701, 1, 383.88 W, 33, 2032 MHz, 3996 MHz, 34 %, 20 %
2026/03/24 02:29:09.701, 2, 395.91 W, 31, 2032 MHz, 3996 MHz, 33 %, 21 %
2026/03/24 02:29:09.701, 3, 391.34 W, 33, 2032 MHz, 3996 MHz, 35 %, 20 %
2026/03/24 02:29:09.701, 4, 179.06 W, 26, 120 MHz, 3996 MHz, 0 %, 0 %
2026/03/24 02:29:09.701, 5, 180.58 W, 28, 120 MHz, 3996 MHz, 0 %, 0 %
2026/03/24 02:29:09.701, 6, 178.41 W, 26, 120 MHz, 3996 MHz, 0 %, 0 %
2026/03/24 02:29:09.701, 7, 176.58 W, 27, 120 MHz, 3996 MHz, 0 %, 0 %
2026/03/24 02:29:10.701, 0, 362.41 W, 31, 2032 MHz, 3996 MHz, 37 %, 15 %
2026/03/24 02:29:10.701, 1, 387.80 W, 33, 2032 MHz, 3996 MHz, 38 %, 18 %
2026/03/24 02:29:10.701, 2, 398.49 W, 31, 2032 MHz, 3996 MHz, 40 %, 20 %
2026/03/24 02:29:10.701, 3, 392.16 W, 33, 2032 MHz, 3996 MHz, 33 %, 20 %
2026/03/24 02:29:10.701, 4, 179.37 W, 26, 120 MHz, 3996 MHz, 0 %, 0 %
2026/03/24 02:29:10.701, 5, 180.58 W, 28, 120 MHz, 3996 MHz, 0 %, 0 %
2026/03/24 02:29:10.701, 6, 178.22 W, 26, 120 MHz, 3996 MHz, 0 %, 0 %
2026/03/24 02:29:10.702, 7, 176.58 W, 27, 120 MHz, 3996 MHz, 0 %, 0 %
2026/03/24 02:29:11.702, 0, 375.97 W, 31, 2032 MHz, 3996 MHz, 32 %, 16 %
2026/03/24 02:29:11.702, 1, 405.33 W, 33, 2032 MHz, 3996 MHz, 38 %, 18 %
2026/03/24 02:29:11.702, 2, 421.35 W, 31, 2032 MHz, 3996 MHz, 39 %, 19 %
2026/03/24 02:29:11.702, 3, 446.92 W, 34, 2032 MHz, 3996 MHz, 43 %, 20 %
2026/03/24 02:29:11.702, 4, 179.19 W, 26, 120 MHz, 3996 MHz, 0 %, 0 %
2026/03/24 02:29:11.702, 5, 180.58 W, 28, 120 MHz, 3996 MHz, 0 %, 0 %
2026/03/24 02:29:11.702, 6, 178.45 W, 26, 120 MHz, 3996 MHz, 0 %, 0 %
2026/03/24 02:29:11.702, 7, 176.58 W, 27, 120 MHz, 3996 MHz, 0 %, 0 %
2026/03/24 02:29:12.702, 0, 374.18 W, 31, 2032 MHz, 3996 MHz, 34 %, 16 %
2026/03/24 02:29:12.702, 1, 394.76 W, 33, 2032 MHz, 3996 MHz, 37 %, 20 %
2026/03/24 02:29:12.702, 2, 419.34 W, 31, 2032 MHz, 3996 MHz, 39 %, 22 %
2026/03/24 02:29:12.702, 3, 442.95 W, 34, 2032 MHz, 3996 MHz, 37 %, 24 %
2026/03/24 02:29:12.702, 4, 179.09 W, 26, 120 MHz, 3996 MHz, 0 %, 0 %
2026/03/24 02:29:12.702, 5, 180.58 W, 28, 120 MHz, 3996 MHz, 0 %, 0 %
2026/03/24 02:29:12.702, 6, 178.64 W, 26, 120 MHz, 3996 MHz, 0 %, 0 %
2026/03/24 02:29:12.702, 7, 176.58 W, 27, 120 MHz, 3996 MHz, 0 %, 0 %
2026/03/24 02:29:13.702, 0, 384.60 W, 31, 2032 MHz, 3996 MHz, 41 %, 16 %
2026/03/24 02:29:13.702, 1, 402.37 W, 33, 2032 MHz, 3996 MHz, 45 %, 18 %
2026/03/24 02:29:13.702, 2, 413.05 W, 31, 2032 MHz, 3996 MHz, 47 %, 19 %
2026/03/24 02:29:13.702, 3, 434.19 W, 34, 2032 MHz, 3996 MHz, 40 %, 23 %
2026/03/24 02:29:13.702, 4, 179.21 W, 26, 120 MHz, 3996 MHz, 0 %, 0 %
2026/03/24 02:29:13.702, 5, 180.58 W, 28, 120 MHz, 3996 MHz, 0 %, 0 %
2026/03/24 02:29:13.702, 6, 178.45 W, 26, 120 MHz, 3996 MHz, 0 %, 0 %
2026/03/24 02:29:13.702, 7, 176.58 W, 27, 120 MHz, 3996 MHz, 0 %, 0 %
2026/03/24 02:29:14.702, 0, 388.36 W, 31, 2032 MHz, 3996 MHz, 44 %, 17 %
2026/03/24 02:29:14.702, 1, 426.32 W, 34, 2032 MHz, 3996 MHz, 39 %, 20 %
2026/03/24 02:29:14.702, 2, 449.64 W, 32, 2032 MHz, 3996 MHz, 41 %, 22 %
2026/03/24 02:29:14.702, 3, 447.91 W, 35, 2032 MHz, 3996 MHz, 43 %, 22 %
2026/03/24 02:29:14.702, 4, 179.13 W, 26, 120 MHz, 3996 MHz, 0 %, 0 %
2026/03/24 02:29:14.702, 5, 180.58 W, 28, 120 MHz, 3996 MHz, 0 %, 0 %
2026/03/24 02:29:14.702, 6, 178.49 W, 26, 120 MHz, 3996 MHz, 0 %, 0 %
2026/03/24 02:29:14.702, 7, 176.58 W, 27, 120 MHz, 3996 MHz, 0 %, 0 %
2026/03/24 02:29:15.702, 0, 333.54 W, 29, 2032 MHz, 3996 MHz, 100 %, 0 %
2026/03/24 02:29:15.702, 1, 422.85 W, 34, 2032 MHz, 3996 MHz, 47 %, 20 %
2026/03/24 02:29:15.702, 2, 439.82 W, 32, 2032 MHz, 3996 MHz, 48 %, 21 %
2026/03/24 02:29:15.702, 3, 457.94 W, 35, 2032 MHz, 3996 MHz, 40 %, 21 %
2026/03/24 02:29:15.702, 4, 179.23 W, 26, 120 MHz, 3996 MHz, 0 %, 0 %
2026/03/24 02:29:15.702, 5, 180.58 W, 28, 120 MHz, 3996 MHz, 0 %, 0 %
2026/03/24 02:29:15.702, 6, 178.45 W, 26, 120 MHz, 3996 MHz, 0 %, 0 %
2026/03/24 02:29:15.702, 7, 176.58 W, 27, 120 MHz, 3996 MHz, 0 %, 0 %
2026/03/24 02:29:16.702, 0, 286.27 W, 31, 2032 MHz, 3996 MHz, 96 %, 15 %
2026/03/24 02:29:16.702, 1, 349.35 W, 33, 2032 MHz, 3996 MHz, 96 %, 14 %
2026/03/24 02:29:16.702, 2, 351.15 W, 31, 2032 MHz, 3996 MHz, 96 %, 14 %
2026/03/24 02:29:16.702, 3, 470.16 W, 35, 2032 MHz, 3996 MHz, 43 %, 14 %
2026/03/24 02:29:16.702, 4, 179.17 W, 26, 120 MHz, 3996 MHz, 0 %, 0 %
2026/03/24 02:29:16.702, 5, 180.58 W, 28, 120 MHz, 3996 MHz, 0 %, 0 %
2026/03/24 02:29:16.702, 6, 178.34 W, 26, 120 MHz, 3996 MHz, 0 %, 0 %
2026/03/24 02:29:16.702, 7, 176.58 W, 27, 120 MHz, 3996 MHz, 0 %, 0 %
2026/03/24 02:29:17.702, 0, 277.02 W, 29, 2032 MHz, 3996 MHz, 100 %, 2 %
2026/03/24 02:29:17.703, 1, 275.25 W, 31, 2032 MHz, 3996 MHz, 87 %, 2 %
2026/03/24 02:29:17.703, 2, 277.13 W, 29, 2032 MHz, 3996 MHz, 98 %, 3 %
2026/03/24 02:29:17.703, 3, 279.50 W, 32, 2032 MHz, 3996 MHz, 18 %, 2 %
2026/03/24 02:29:17.703, 4, 178.95 W, 26, 120 MHz, 3996 MHz, 0 %, 0 %
2026/03/24 02:29:17.703, 5, 180.58 W, 28, 120 MHz, 3996 MHz, 0 %, 0 %
2026/03/24 02:29:17.703, 6, 178.37 W, 26, 120 MHz, 3996 MHz, 0 %, 0 %
2026/03/24 02:29:17.703, 7, 176.58 W, 27, 120 MHz, 3996 MHz, 0 %, 0 %
2026/03/24 02:29:18.703, 0, 253.27 W, 29, 2032 MHz, 3996 MHz, 90 %, 3 %
2026/03/24 02:29:18.703, 1, 253.93 W, 31, 2032 MHz, 3996 MHz, 14 %, 2 %
2026/03/24 02:29:18.703, 2, 257.78 W, 29, 2032 MHz, 3996 MHz, 73 %, 2 %
2026/03/24 02:29:18.703, 3, 257.22 W, 32, 2032 MHz, 3996 MHz, 69 %, 2 %
2026/03/24 02:29:18.703, 4, 179.20 W, 26, 120 MHz, 3996 MHz, 0 %, 0 %
2026/03/24 02:29:18.703, 5, 180.58 W, 28, 120 MHz, 3996 MHz, 0 %, 0 %
2026/03/24 02:29:18.703, 6, 178.45 W, 26, 120 MHz, 3996 MHz, 0 %, 0 %
2026/03/24 02:29:18.703, 7, 176.58 W, 27, 120 MHz, 3996 MHz, 0 %, 0 %
2026/03/24 02:29:19.703, 0, 252.18 W, 29, 2032 MHz, 3996 MHz, 75 %, 2 %
2026/03/24 02:29:19.703, 1, 252.95 W, 31, 2032 MHz, 3996 MHz, 11 %, 2 %
2026/03/24 02:29:19.703, 2, 255.10 W, 29, 2032 MHz, 3996 MHz, 58 %, 2 %
2026/03/24 02:29:19.703, 3, 254.63 W, 32, 2032 MHz, 3996 MHz, 54 %, 2 %
2026/03/24 02:29:19.703, 4, 179.31 W, 26, 120 MHz, 3996 MHz, 0 %, 0 %
2026/03/24 02:29:19.703, 5, 180.58 W, 28, 120 MHz, 3996 MHz, 0 %, 0 %
2026/03/24 02:29:19.703, 6, 178.45 W, 26, 120 MHz, 3996 MHz, 0 %, 0 %
2026/03/24 02:29:19.703, 7, 176.58 W, 27, 120 MHz, 3996 MHz, 0 %, 0 %
2026/03/24 02:29:20.703, 0, 252.62 W, 29, 2032 MHz, 3996 MHz, 57 %, 2 %
2026/03/24 02:29:20.703, 1, 253.89 W, 31, 2032 MHz, 3996 MHz, 9 %, 2 %
2026/03/24 02:29:20.703, 2, 257.42 W, 29, 2032 MHz, 3996 MHz, 41 %, 2 %
2026/03/24 02:29:20.703, 3, 256.85 W, 32, 2032 MHz, 3996 MHz, 37 %, 2 %
2026/03/24 02:29:20.703, 4, 179.31 W, 26, 120 MHz, 3996 MHz, 0 %, 0 %
2026/03/24 02:29:20.703, 5, 180.58 W, 28, 120 MHz, 3996 MHz, 0 %, 0 %
2026/03/24 02:29:20.703, 6, 178.52 W, 26, 120 MHz, 3996 MHz, 0 %, 0 %
2026/03/24 02:29:20.703, 7, 176.58 W, 27, 120 MHz, 3996 MHz, 0 %, 0 %
2026/03/24 02:29:21.703, 0, 253.31 W, 29, 2032 MHz, 3996 MHz, 30 %, 2 %
2026/03/24 02:29:21.703, 1, 253.60 W, 31, 2032 MHz, 3996 MHz, 6 %, 2 %
2026/03/24 02:29:21.703, 2, 255.17 W, 29, 2032 MHz, 3996 MHz, 14 %, 2 %
2026/03/24 02:29:21.703, 3, 253.55 W, 32, 2032 MHz, 3996 MHz, 9 %, 2 %
2026/03/24 02:29:21.703, 4, 179.18 W, 26, 120 MHz, 3996 MHz, 0 %, 0 %
2026/03/24 02:29:21.703, 5, 180.58 W, 28, 120 MHz, 3996 MHz, 0 %, 0 %
2026/03/24 02:29:21.703, 6, 178.41 W, 26, 120 MHz, 3996 MHz, 0 %, 0 %
2026/03/24 02:29:21.703, 7, 176.58 W, 27, 120 MHz, 3996 MHz, 0 %, 0 %
2026/03/24 02:29:22.703, 0, 329.18 W, 29, 2032 MHz, 3996 MHz, 20 %, 3 %
2026/03/24 02:29:22.703, 1, 252.31 W, 31, 2032 MHz, 3996 MHz, 5 %, 2 %
2026/03/24 02:29:22.703, 2, 335.98 W, 30, 2032 MHz, 3996 MHz, 6 %, 2 %
2026/03/24 02:29:22.703, 3, 333.22 W, 32, 2032 MHz, 3996 MHz, 5 %, 2 %
2026/03/24 02:29:22.703, 4, 179.17 W, 26, 120 MHz, 3996 MHz, 0 %, 0 %
2026/03/24 02:29:22.703, 5, 180.58 W, 28, 120 MHz, 3996 MHz, 0 %, 0 %
2026/03/24 02:29:22.703, 6, 178.34 W, 26, 120 MHz, 3996 MHz, 0 %, 0 %
2026/03/24 02:29:22.703, 7, 176.58 W, 27, 120 MHz, 3996 MHz, 0 %, 0 %
2026/03/24 02:29:23.703, 0, 363.71 W, 30, 2032 MHz, 3996 MHz, 37 %, 2 %
2026/03/24 02:29:23.703, 1, 250.12 W, 31, 2032 MHz, 3996 MHz, 6 %, 2 %
2026/03/24 02:29:23.703, 2, 369.63 W, 30, 2032 MHz, 3996 MHz, 20 %, 2 %
2026/03/24 02:29:23.703, 3, 362.82 W, 33, 2032 MHz, 3996 MHz, 16 %, 2 %
2026/03/24 02:29:23.703, 4, 179.24 W, 26, 120 MHz, 3996 MHz, 0 %, 0 %
2026/03/24 02:29:23.703, 5, 180.58 W, 28, 120 MHz, 3996 MHz, 0 %, 0 %
2026/03/24 02:29:23.704, 6, 178.41 W, 26, 120 MHz, 3996 MHz, 0 %, 0 %
2026/03/24 02:29:23.704, 7, 176.58 W, 27, 120 MHz, 3996 MHz, 0 %, 0 %
2026/03/24 02:29:24.704, 0, 361.91 W, 30, 2032 MHz, 3996 MHz, 59 %, 2 %
2026/03/24 02:29:24.704, 1, 250.16 W, 31, 2032 MHz, 3996 MHz, 8 %, 2 %
2026/03/24 02:29:24.704, 2, 367.63 W, 30, 2032 MHz, 3996 MHz, 42 %, 2 %
2026/03/24 02:29:24.704, 3, 365.90 W, 33, 2032 MHz, 3996 MHz, 38 %, 2 %
2026/03/24 02:29:24.704, 4, 179.02 W, 26, 120 MHz, 3996 MHz, 0 %, 0 %
2026/03/24 02:29:24.704, 5, 180.58 W, 28, 120 MHz, 3996 MHz, 0 %, 0 %
2026/03/24 02:29:24.704, 6, 178.25 W, 26, 120 MHz, 3996 MHz, 0 %, 0 %
2026/03/24 02:29:24.704, 7, 176.58 W, 27, 120 MHz, 3996 MHz, 0 %, 0 %
2026/03/24 02:29:25.704, 0, 352.54 W, 30, 2032 MHz, 3996 MHz, 68 %, 2 %
2026/03/24 02:29:25.704, 1, 275.53 W, 31, 2032 MHz, 3996 MHz, 39 %, 2 %
2026/03/24 02:29:25.704, 2, 310.71 W, 29, 2032 MHz, 3996 MHz, 10 %, 2 %
2026/03/24 02:29:25.704, 3, 361.07 W, 33, 2032 MHz, 3996 MHz, 47 %, 2 %
2026/03/24 02:29:25.704, 4, 179.14 W, 26, 120 MHz, 3996 MHz, 0 %, 0 %
2026/03/24 02:29:25.704, 5, 180.58 W, 28, 120 MHz, 3996 MHz, 0 %, 0 %
2026/03/24 02:29:25.704, 6, 178.37 W, 26, 120 MHz, 3996 MHz, 0 %, 0 %
2026/03/24 02:29:25.704, 7, 176.58 W, 27, 120 MHz, 3996 MHz, 0 %, 0 %
2026/03/24 02:29:26.704, 0, 341.79 W, 30, 2032 MHz, 3996 MHz, 58 %, 2 %
2026/03/24 02:29:26.704, 1, 348.34 W, 32, 2032 MHz, 3996 MHz, 31 %, 2 %
2026/03/24 02:29:26.704, 2, 333.95 W, 30, 2032 MHz, 3996 MHz, 43 %, 2 %
2026/03/24 02:29:26.704, 3, 279.18 W, 32, 2032 MHz, 3996 MHz, 9 %, 2 %
2026/03/24 02:29:26.704, 4, 179.15 W, 26, 120 MHz, 3996 MHz, 0 %, 0 %
2026/03/24 02:29:26.704, 5, 180.58 W, 28, 120 MHz, 3996 MHz, 0 %, 0 %
2026/03/24 02:29:26.704, 6, 178.45 W, 26, 120 MHz, 3996 MHz, 0 %, 0 %
2026/03/24 02:29:26.704, 7, 176.58 W, 27, 120 MHz, 3996 MHz, 0 %, 0 %
2026/03/24 02:29:27.704, 0, 311.82 W, 29, 2032 MHz, 3996 MHz, 10 %, 2 %
2026/03/24 02:29:27.704, 1, 341.40 W, 33, 2032 MHz, 3996 MHz, 11 %, 2 %
2026/03/24 02:29:27.704, 2, 362.39 W, 30, 2032 MHz, 3996 MHz, 21 %, 2 %
2026/03/24 02:29:27.704, 3, 277.18 W, 32, 2032 MHz, 3996 MHz, 7 %, 2 %
2026/03/24 02:29:27.704, 4, 179.34 W, 26, 120 MHz, 3996 MHz, 0 %, 0 %
2026/03/24 02:29:27.704, 5, 180.58 W, 28, 120 MHz, 3996 MHz, 0 %, 0 %
2026/03/24 02:29:27.704, 6, 178.45 W, 26, 120 MHz, 3996 MHz, 0 %, 0 %
2026/03/24 02:29:27.704, 7, 176.58 W, 27, 120 MHz, 3996 MHz, 0 %, 0 %
2026/03/24 02:29:28.704, 0, 272.89 W, 29, 2032 MHz, 3996 MHz, 51 %, 2 %
2026/03/24 02:29:28.704, 1, 335.64 W, 32, 2032 MHz, 3996 MHz, 23 %, 2 %
2026/03/24 02:29:28.704, 2, 340.26 W, 30, 2032 MHz, 3996 MHz, 35 %, 2 %
2026/03/24 02:29:28.704, 3, 304.93 W, 32, 2032 MHz, 3996 MHz, 8 %, 2 %
2026/03/24 02:29:28.704, 4, 179.40 W, 26, 120 MHz, 3996 MHz, 0 %, 0 %
2026/03/24 02:29:28.704, 5, 180.58 W, 28, 120 MHz, 3996 MHz, 0 %, 0 %
2026/03/24 02:29:28.704, 6, 178.49 W, 26, 120 MHz, 3996 MHz, 0 %, 0 %
2026/03/24 02:29:28.704, 7, 176.58 W, 27, 120 MHz, 3996 MHz, 0 %, 0 %
2026/03/24 02:29:29.704, 0, 315.36 W, 29, 2032 MHz, 3996 MHz, 53 %, 2 %
2026/03/24 02:29:29.704, 1, 308.62 W, 31, 2032 MHz, 3996 MHz, 42 %, 2 %
2026/03/24 02:29:29.704, 2, 306.87 W, 29, 2032 MHz, 3996 MHz, 54 %, 2 %
2026/03/24 02:29:29.704, 3, 272.38 W, 32, 2032 MHz, 3996 MHz, 9 %, 2 %
2026/03/24 02:29:29.704, 4, 179.33 W, 26, 120 MHz, 3996 MHz, 0 %, 0 %
2026/03/24 02:29:29.704, 5, 180.58 W, 28, 120 MHz, 3996 MHz, 0 %, 0 %
2026/03/24 02:29:29.704, 6, 178.49 W, 26, 120 MHz, 3996 MHz, 0 %, 0 %
2026/03/24 02:29:29.704, 7, 176.58 W, 27, 120 MHz, 3996 MHz, 0 %, 0 %
2026/03/24 02:29:30.705, 0, 263.36 W, 29, 2032 MHz, 3996 MHz, 10 %, 2 %
2026/03/24 02:29:30.705, 1, 302.52 W, 32, 2032 MHz, 3996 MHz, 52 %, 2 %
2026/03/24 02:29:30.705, 2, 311.86 W, 30, 2032 MHz, 3996 MHz, 65 %, 2 %
2026/03/24 02:29:30.705, 3, 283.55 W, 32, 2032 MHz, 3996 MHz, 43 %, 2 %
2026/03/24 02:29:30.705, 4, 179.15 W, 26, 120 MHz, 3996 MHz, 0 %, 0 %
2026/03/24 02:29:30.705, 5, 180.58 W, 28, 120 MHz, 3996 MHz, 0 %, 0 %
2026/03/24 02:29:30.705, 6, 178.37 W, 26, 120 MHz, 3996 MHz, 0 %, 0 %
2026/03/24 02:29:30.705, 7, 176.58 W, 27, 120 MHz, 3996 MHz, 0 %, 0 %
2026/03/24 02:29:31.705, 0, 255.33 W, 29, 2032 MHz, 3996 MHz, 89 %, 2 %
2026/03/24 02:29:31.705, 1, 307.47 W, 32, 2032 MHz, 3996 MHz, 74 %, 2 %
2026/03/24 02:29:31.705, 2, 309.57 W, 29, 2032 MHz, 3996 MHz, 85 %, 2 %
2026/03/24 02:29:31.705, 3, 279.14 W, 32, 2032 MHz, 3996 MHz, 9 %, 2 %
2026/03/24 02:29:31.705, 4, 179.58 W, 26, 120 MHz, 3996 MHz, 0 %, 0 %
2026/03/24 02:29:31.705, 5, 180.58 W, 28, 120 MHz, 3996 MHz, 0 %, 0 %
2026/03/24 02:29:31.705, 6, 178.45 W, 26, 120 MHz, 3996 MHz, 0 %, 0 %
2026/03/24 02:29:31.705, 7, 176.58 W, 27, 120 MHz, 3996 MHz, 0 %, 0 %
2026/03/24 02:29:32.705, 0, 239.62 W, 29, 2032 MHz, 3996 MHz, 9 %, 1 %
2026/03/24 02:29:32.705, 1, 283.00 W, 31, 2032 MHz, 3996 MHz, 81 %, 2 %
2026/03/24 02:29:32.705, 2, 284.93 W, 29, 2032 MHz, 3996 MHz, 93 %, 1 %
2026/03/24 02:29:32.705, 3, 266.98 W, 32, 2032 MHz, 3996 MHz, 61 %, 1 %
2026/03/24 02:29:32.705, 4, 179.18 W, 26, 120 MHz, 3996 MHz, 0 %, 0 %
2026/03/24 02:29:32.705, 5, 180.58 W, 28, 120 MHz, 3996 MHz, 0 %, 0 %
2026/03/24 02:29:32.705, 6, 178.49 W, 26, 120 MHz, 3996 MHz, 0 %, 0 %
2026/03/24 02:29:32.705, 7, 176.58 W, 27, 120 MHz, 3996 MHz, 0 %, 0 %
2026/03/24 02:29:33.705, 0, 246.30 W, 29, 2032 MHz, 3996 MHz, 69 %, 1 %
2026/03/24 02:29:33.705, 1, 248.57 W, 31, 2032 MHz, 3996 MHz, 69 %, 2 %
2026/03/24 02:29:33.705, 2, 254.84 W, 29, 2032 MHz, 3996 MHz, 8 %, 2 %
2026/03/24 02:29:33.705, 3, 254.97 W, 31, 2032 MHz, 3996 MHz, 72 %, 2 %
2026/03/24 02:29:33.705, 4, 179.18 W, 26, 120 MHz, 3996 MHz, 0 %, 0 %
2026/03/24 02:29:33.705, 5, 180.58 W, 28, 120 MHz, 3996 MHz, 0 %, 0 %
2026/03/24 02:29:33.705, 6, 178.45 W, 26, 120 MHz, 3996 MHz, 0 %, 0 %
2026/03/24 02:29:33.705, 7, 176.58 W, 27, 120 MHz, 3996 MHz, 0 %, 0 %
2026/03/24 02:29:34.705, 0, 238.58 W, 29, 2032 MHz, 3996 MHz, 60 %, 2 %
2026/03/24 02:29:34.705, 1, 245.23 W, 31, 2032 MHz, 3996 MHz, 40 %, 2 %
2026/03/24 02:29:34.705, 2, 246.42 W, 29, 2032 MHz, 3996 MHz, 51 %, 2 %
2026/03/24 02:29:34.705, 3, 243.69 W, 31, 2032 MHz, 3996 MHz, 7 %, 2 %
2026/03/24 02:29:34.705, 4, 179.17 W, 26, 120 MHz, 3996 MHz, 0 %, 0 %
2026/03/24 02:29:34.705, 5, 180.58 W, 28, 120 MHz, 3996 MHz, 0 %, 0 %
2026/03/24 02:29:34.705, 6, 178.29 W, 26, 120 MHz, 3996 MHz, 0 %, 0 %
2026/03/24 02:29:34.705, 7, 176.58 W, 27, 120 MHz, 3996 MHz, 0 %, 0 %
2026/03/24 02:29:35.705, 0, 256.85 W, 29, 2032 MHz, 3996 MHz, 37 %, 1 %
2026/03/24 02:29:35.705, 1, 259.53 W, 31, 2032 MHz, 3996 MHz, 67 %, 1 %
2026/03/24 02:29:35.705, 2, 260.71 W, 29, 2032 MHz, 3996 MHz, 55 %, 1 %
2026/03/24 02:29:35.705, 3, 257.12 W, 32, 2032 MHz, 3996 MHz, 11 %, 1 %
2026/03/24 02:29:35.705, 4, 179.29 W, 26, 120 MHz, 3996 MHz, 0 %, 0 %
2026/03/24 02:29:35.705, 5, 180.58 W, 28, 120 MHz, 3996 MHz, 0 %, 0 %
2026/03/24 02:29:35.705, 6, 178.45 W, 26, 120 MHz, 3996 MHz, 0 %, 0 %
2026/03/24 02:29:35.705, 7, 176.58 W, 27, 120 MHz, 3996 MHz, 0 %, 0 %
2026/03/24 02:29:36.706, 0, 254.37 W, 29, 2032 MHz, 3996 MHz, 0 %, 0 %
2026/03/24 02:29:36.706, 1, 257.35 W, 31, 2032 MHz, 3996 MHz, 26 %, 0 %
2026/03/24 02:29:36.706, 2, 259.10 W, 29, 2032 MHz, 3996 MHz, 15 %, 0 %
2026/03/24 02:29:36.706, 3, 255.35 W, 32, 2032 MHz, 3996 MHz, 3 %, 0 %
2026/03/24 02:29:36.706, 4, 179.17 W, 26, 120 MHz, 3996 MHz, 0 %, 0 %
2026/03/24 02:29:36.706, 5, 180.58 W, 28, 120 MHz, 3996 MHz, 0 %, 0 %
2026/03/24 02:29:36.706, 6, 178.18 W, 26, 120 MHz, 3996 MHz, 0 %, 0 %
2026/03/24 02:29:36.706, 7, 176.58 W, 27, 120 MHz, 3996 MHz, 0 %, 0 %
2026/03/24 02:29:37.706, 0, 256.82 W, 29, 2032 MHz, 3996 MHz, 2 %, 0 %
2026/03/24 02:29:37.706, 1, 258.48 W, 31, 2032 MHz, 3996 MHz, 0 %, 0 %
2026/03/24 02:29:37.706, 2, 257.96 W, 29, 2032 MHz, 3996 MHz, 0 %, 0 %
2026/03/24 02:29:37.706, 3, 256.12 W, 32, 2032 MHz, 3996 MHz, 0 %, 0 %
2026/03/24 02:29:37.706, 4, 179.12 W, 26, 120 MHz, 3996 MHz, 0 %, 0 %
2026/03/24 02:29:37.706, 5, 180.58 W, 28, 120 MHz, 3996 MHz, 0 %, 0 %
2026/03/24 02:29:37.706, 6, 178.37 W, 26, 120 MHz, 3996 MHz, 0 %, 0 %
2026/03/24 02:29:37.706, 7, 176.58 W, 27, 120 MHz, 3996 MHz, 0 %, 0 %
2026/03/24 02:29:38.706, 0, 320.76 W, 32, 2032 MHz, 3996 MHz, 27 %, 1 %
2026/03/24 02:29:38.706, 1, 327.49 W, 35, 2032 MHz, 3996 MHz, 0 %, 0 %
2026/03/24 02:29:38.706, 2, 331.09 W, 32, 2032 MHz, 3996 MHz, 9 %, 0 %
2026/03/24 02:29:38.706, 3, 252.97 W, 32, 2032 MHz, 3996 MHz, 1 %, 0 %
2026/03/24 02:29:38.706, 4, 179.18 W, 26, 120 MHz, 3996 MHz, 0 %, 0 %
2026/03/24 02:29:38.706, 5, 180.58 W, 28, 120 MHz, 3996 MHz, 0 %, 0 %
2026/03/24 02:29:38.706, 6, 178.52 W, 26, 120 MHz, 3996 MHz, 0 %, 0 %
2026/03/24 02:29:38.706, 7, 176.59 W, 27, 120 MHz, 3996 MHz, 0 %, 0 %
2026/03/24 02:29:39.706, 0, 394.23 W, 32, 2032 MHz, 3996 MHz, 89 %, 2 %
2026/03/24 02:29:39.706, 1, 354.38 W, 34, 2032 MHz, 3996 MHz, 8 %, 1 %
2026/03/24 02:29:39.706, 2, 404.14 W, 32, 2032 MHz, 3996 MHz, 71 %, 1 %
2026/03/24 02:29:39.706, 3, 297.66 W, 32, 2032 MHz, 3996 MHz, 65 %, 1 %
2026/03/24 02:29:39.706, 4, 179.14 W, 26, 120 MHz, 3996 MHz, 0 %, 0 %
2026/03/24 02:29:39.706, 5, 180.58 W, 28, 120 MHz, 3996 MHz, 0 %, 0 %
2026/03/24 02:29:39.706, 6, 178.45 W, 26, 120 MHz, 3996 MHz, 0 %, 0 %
2026/03/24 02:29:39.706, 7, 176.58 W, 27, 120 MHz, 3996 MHz, 0 %, 0 %
2026/03/24 02:29:40.706, 0, 375.33 W, 31, 2032 MHz, 3996 MHz, 69 %, 1 %
2026/03/24 02:29:40.706, 1, 407.61 W, 33, 2032 MHz, 3996 MHz, 95 %, 2 %
2026/03/24 02:29:40.706, 2, 408.85 W, 31, 2032 MHz, 3996 MHz, 83 %, 1 %
2026/03/24 02:29:40.706, 3, 283.65 W, 31, 2032 MHz, 3996 MHz, 11 %, 1 %
2026/03/24 02:29:40.706, 4, 179.29 W, 26, 120 MHz, 3996 MHz, 0 %, 0 %
2026/03/24 02:29:40.706, 5, 180.58 W, 28, 120 MHz, 3996 MHz, 0 %, 0 %
2026/03/24 02:29:40.706, 6, 178.56 W, 26, 120 MHz, 3996 MHz, 0 %, 0 %
2026/03/24 02:29:40.706, 7, 176.59 W, 27, 120 MHz, 3996 MHz, 0 %, 0 %
2026/03/24 02:29:41.706, 0, 418.36 W, 34, 2032 MHz, 3996 MHz, 0 %, 0 %
2026/03/24 02:29:41.706, 1, 422.33 W, 34, 2032 MHz, 3996 MHz, 25 %, 0 %
2026/03/24 02:29:41.706, 2, 383.16 W, 32, 2032 MHz, 3996 MHz, 11 %, 0 %
2026/03/24 02:29:41.706, 3, 286.55 W, 32, 2032 MHz, 3996 MHz, 2 %, 0 %
2026/03/24 02:29:41.706, 4, 179.11 W, 26, 120 MHz, 3996 MHz, 0 %, 0 %
2026/03/24 02:29:41.706, 5, 180.58 W, 28, 120 MHz, 3996 MHz, 0 %, 0 %
2026/03/24 02:29:41.706, 6, 178.41 W, 26, 120 MHz, 3996 MHz, 0 %, 0 %
2026/03/24 02:29:41.706, 7, 176.58 W, 27, 120 MHz, 3996 MHz, 0 %, 0 %
2026/03/24 02:29:42.706, 0, 400.02 W, 33, 2032 MHz, 3996 MHz, 41 %, 1 %
2026/03/24 02:29:42.706, 1, 408.15 W, 35, 2032 MHz, 3996 MHz, 7 %, 0 %
2026/03/24 02:29:42.706, 2, 415.44 W, 33, 2032 MHz, 3996 MHz, 20 %, 0 %
2026/03/24 02:29:42.707, 3, 248.97 W, 31, 2032 MHz, 3996 MHz, 2 %, 0 %
2026/03/24 02:29:42.707, 4, 179.30 W, 26, 120 MHz, 3996 MHz, 0 %, 0 %
2026/03/24 02:29:42.707, 5, 180.58 W, 28, 120 MHz, 3996 MHz, 0 %, 0 %
2026/03/24 02:29:42.707, 6, 178.33 W, 26, 120 MHz, 3996 MHz, 0 %, 0 %
2026/03/24 02:29:42.707, 7, 176.58 W, 27, 120 MHz, 3996 MHz, 0 %, 0 %
2026/03/24 02:29:43.707, 0, 376.89 W, 30, 2032 MHz, 3996 MHz, 100 %, 2 %
2026/03/24 02:29:43.707, 1, 379.35 W, 34, 2032 MHz, 3996 MHz, 84 %, 1 %
2026/03/24 02:29:43.707, 2, 383.89 W, 30, 2032 MHz, 3996 MHz, 96 %, 1 %
2026/03/24 02:29:43.707, 3, 245.72 W, 31, 2032 MHz, 3996 MHz, 10 %, 1 %
2026/03/24 02:29:43.707, 4, 179.06 W, 26, 120 MHz, 3996 MHz, 0 %, 0 %
2026/03/24 02:29:43.707, 5, 180.58 W, 28, 120 MHz, 3996 MHz, 0 %, 0 %
2026/03/24 02:29:43.707, 6, 178.45 W, 26, 120 MHz, 3996 MHz, 0 %, 0 %
2026/03/24 02:29:43.707, 7, 176.58 W, 27, 120 MHz, 3996 MHz, 0 %, 0 %
2026/03/24 02:29:44.707, 0, 357.03 W, 31, 2032 MHz, 3996 MHz, 48 %, 1 %
2026/03/24 02:29:44.707, 1, 359.47 W, 33, 2032 MHz, 3996 MHz, 79 %, 1 %
2026/03/24 02:29:44.707, 2, 359.24 W, 30, 2032 MHz, 3996 MHz, 67 %, 1 %
2026/03/24 02:29:44.707, 3, 245.55 W, 31, 2032 MHz, 3996 MHz, 7 %, 1 %
2026/03/24 02:29:44.707, 4, 179.34 W, 26, 120 MHz, 3996 MHz, 0 %, 0 %
2026/03/24 02:29:44.707, 5, 180.58 W, 28, 120 MHz, 3996 MHz, 0 %, 0 %
2026/03/24 02:29:44.707, 6, 178.25 W, 26, 120 MHz, 3996 MHz, 0 %, 0 %
2026/03/24 02:29:44.707, 7, 176.58 W, 27, 120 MHz, 3996 MHz, 0 %, 0 %
2026/03/24 02:29:45.707, 0, 303.23 W, 30, 2032 MHz, 3996 MHz, 7 %, 1 %
2026/03/24 02:29:45.707, 1, 344.49 W, 34, 2032 MHz, 3996 MHz, 44 %, 1 %
2026/03/24 02:29:45.707, 2, 295.75 W, 31, 2032 MHz, 3996 MHz, 56 %, 1 %
2026/03/24 02:29:45.707, 3, 315.64 W, 32, 2032 MHz, 3996 MHz, 49 %, 1 %
2026/03/24 02:29:45.707, 4, 178.94 W, 26, 120 MHz, 3996 MHz, 0 %, 0 %
2026/03/24 02:29:45.707, 5, 180.58 W, 28, 120 MHz, 3996 MHz, 0 %, 0 %
2026/03/24 02:29:45.707, 6, 178.38 W, 26, 120 MHz, 3996 MHz, 0 %, 0 %
2026/03/24 02:29:45.707, 7, 176.58 W, 27, 120 MHz, 3996 MHz, 0 %, 0 %
2026/03/24 02:29:46.707, 0, 293.71 W, 29, 2032 MHz, 3996 MHz, 3 %, 0 %
2026/03/24 02:29:46.707, 1, 315.31 W, 32, 2032 MHz, 3996 MHz, 87 %, 1 %
2026/03/24 02:29:46.707, 2, 310.89 W, 30, 2032 MHz, 3996 MHz, 64 %, 1 %
2026/03/24 02:29:46.707, 3, 259.53 W, 32, 2032 MHz, 3996 MHz, 74 %, 1 %
2026/03/24 02:29:46.707, 4, 179.19 W, 26, 120 MHz, 3996 MHz, 0 %, 0 %
2026/03/24 02:29:46.707, 5, 180.58 W, 28, 120 MHz, 3996 MHz, 0 %, 0 %
2026/03/24 02:29:46.707, 6, 178.38 W, 26, 120 MHz, 3996 MHz, 0 %, 0 %
2026/03/24 02:29:46.707, 7, 176.58 W, 27, 120 MHz, 3996 MHz, 0 %, 0 %
2026/03/24 02:29:47.707, 0, 262.43 W, 29, 2032 MHz, 3996 MHz, 0 %, 0 %
2026/03/24 02:29:47.707, 1, 268.96 W, 32, 2032 MHz, 3996 MHz, 0 %, 0 %
2026/03/24 02:29:47.707, 2, 269.20 W, 29, 2032 MHz, 3996 MHz, 0 %, 0 %
2026/03/24 02:29:47.707, 3, 239.54 W, 31, 2032 MHz, 3996 MHz, 0 %, 0 %
2026/03/24 02:29:47.707, 4, 179.17 W, 26, 120 MHz, 3996 MHz, 0 %, 0 %
2026/03/24 02:29:47.707, 5, 180.58 W, 28, 120 MHz, 3996 MHz, 0 %, 0 %
2026/03/24 02:29:47.707, 6, 178.41 W, 26, 120 MHz, 3996 MHz, 0 %, 0 %
2026/03/24 02:29:47.707, 7, 176.58 W, 27, 120 MHz, 3996 MHz, 0 %, 0 %
2026/03/24 02:29:48.707, 0, 233.74 W, 29, 2032 MHz, 3996 MHz, 60 %, 1 %
2026/03/24 02:29:48.707, 1, 239.47 W, 31, 2032 MHz, 3996 MHz, 16 %, 1 %
2026/03/24 02:29:48.707, 2, 240.66 W, 29, 2032 MHz, 3996 MHz, 100 %, 1 %
2026/03/24 02:29:48.707, 3, 239.69 W, 31, 2032 MHz, 3996 MHz, 100 %, 1 %
2026/03/24 02:29:48.707, 4, 178.99 W, 26, 120 MHz, 3996 MHz, 0 %, 0 %
2026/03/24 02:29:48.707, 5, 180.58 W, 28, 120 MHz, 3996 MHz, 0 %, 0 %
2026/03/24 02:29:48.707, 6, 178.37 W, 26, 120 MHz, 3996 MHz, 0 %, 0 %
2026/03/24 02:29:48.708, 7, 176.58 W, 27, 120 MHz, 3996 MHz, 0 %, 0 %
2026/03/24 02:29:49.708, 0, 238.80 W, 29, 2032 MHz, 3996 MHz, 0 %, 0 %
2026/03/24 02:29:49.708, 1, 244.00 W, 31, 2032 MHz, 3996 MHz, 0 %, 0 %
2026/03/24 02:29:49.708, 2, 245.45 W, 29, 2032 MHz, 3996 MHz, 0 %, 0 %
2026/03/24 02:29:49.708, 3, 243.57 W, 31, 2032 MHz, 3996 MHz, 0 %, 0 %
2026/03/24 02:29:49.708, 4, 178.98 W, 26, 120 MHz, 3996 MHz, 0 %, 0 %
2026/03/24 02:29:49.708, 5, 180.58 W, 28, 120 MHz, 3996 MHz, 0 %, 0 %
2026/03/24 02:29:49.708, 6, 178.38 W, 26, 120 MHz, 3996 MHz, 0 %, 0 %
2026/03/24 02:29:49.708, 7, 176.58 W, 27, 120 MHz, 3996 MHz, 0 %, 0 %
2026/03/24 02:29:50.708, 0, 230.00 W, 29, 2032 MHz, 3996 MHz, 0 %, 0 %
2026/03/24 02:29:50.708, 1, 235.11 W, 31, 2032 MHz, 3996 MHz, 0 %, 0 %
2026/03/24 02:29:50.708, 2, 235.88 W, 28, 2032 MHz, 3996 MHz, 0 %, 0 %
2026/03/24 02:29:50.708, 3, 235.21 W, 31, 2032 MHz, 3996 MHz, 0 %, 0 %
2026/03/24 02:29:50.708, 4, 179.24 W, 26, 120 MHz, 3996 MHz, 0 %, 0 %
2026/03/24 02:29:50.708, 5, 180.58 W, 28, 120 MHz, 3996 MHz, 0 %, 0 %
2026/03/24 02:29:50.708, 6, 178.41 W, 26, 120 MHz, 3996 MHz, 0 %, 0 %
2026/03/24 02:29:50.708, 7, 176.58 W, 27, 120 MHz, 3996 MHz, 0 %, 0 %
2026/03/24 02:29:51.708, 0, 230.00 W, 29, 2032 MHz, 3996 MHz, 0 %, 0 %
2026/03/24 02:29:51.708, 1, 235.11 W, 31, 2032 MHz, 3996 MHz, 0 %, 0 %
2026/03/24 02:29:51.708, 2, 235.91 W, 28, 2032 MHz, 3996 MHz, 0 %, 0 %
2026/03/24 02:29:51.708, 3, 235.22 W, 31, 2032 MHz, 3996 MHz, 0 %, 0 %
2026/03/24 02:29:51.708, 4, 179.18 W, 26, 120 MHz, 3996 MHz, 0 %, 0 %
2026/03/24 02:29:51.708, 5, 180.58 W, 28, 120 MHz, 3996 MHz, 0 %, 0 %
2026/03/24 02:29:51.708, 6, 178.45 W, 26, 120 MHz, 3996 MHz, 0 %, 0 %
2026/03/24 02:29:51.708, 7, 176.58 W, 27, 120 MHz, 3996 MHz, 0 %, 0 %
2026/03/24 02:29:52.708, 0, 230.00 W, 29, 2032 MHz, 3996 MHz, 0 %, 0 %
2026/03/24 02:29:52.708, 1, 235.11 W, 31, 2032 MHz, 3996 MHz, 0 %, 0 %
2026/03/24 02:29:52.708, 2, 235.94 W, 28, 2032 MHz, 3996 MHz, 0 %, 0 %
2026/03/24 02:29:52.708, 3, 235.16 W, 31, 2032 MHz, 3996 MHz, 0 %, 0 %
2026/03/24 02:29:52.708, 4, 179.25 W, 26, 120 MHz, 3996 MHz, 0 %, 0 %
2026/03/24 02:29:52.708, 5, 180.58 W, 28, 120 MHz, 3996 MHz, 0 %, 0 %
2026/03/24 02:29:52.708, 6, 178.26 W, 26, 120 MHz, 3996 MHz, 0 %, 0 %
2026/03/24 02:29:52.708, 7, 176.58 W, 27, 120 MHz, 3996 MHz, 0 %, 0 %
2026/03/24 02:29:53.708, 0, 230.00 W, 28, 2032 MHz, 3996 MHz, 0 %, 0 %
2026/03/24 02:29:53.708, 1, 235.11 W, 31, 2032 MHz, 3996 MHz, 0 %, 0 %
2026/03/24 02:29:53.708, 2, 235.82 W, 28, 2032 MHz, 3996 MHz, 0 %, 0 %
2026/03/24 02:29:53.708, 3, 235.11 W, 31, 2032 MHz, 3996 MHz, 0 %, 0 %
2026/03/24 02:29:53.708, 4, 179.02 W, 26, 120 MHz, 3996 MHz, 0 %, 0 %
2026/03/24 02:29:53.708, 5, 180.58 W, 28, 120 MHz, 3996 MHz, 0 %, 0 %
2026/03/24 02:29:53.708, 6, 178.56 W, 26, 120 MHz, 3996 MHz, 0 %, 0 %
2026/03/24 02:29:53.708, 7, 176.59 W, 27, 120 MHz, 3996 MHz, 0 %, 0 %
2026/03/24 02:29:54.708, 0, 229.96 W, 28, 2032 MHz, 3996 MHz, 0 %, 0 %
2026/03/24 02:29:54.708, 1, 235.11 W, 31, 2032 MHz, 3996 MHz, 0 %, 0 %
2026/03/24 02:29:54.708, 2, 235.90 W, 28, 2032 MHz, 3996 MHz, 0 %, 0 %
2026/03/24 02:29:54.708, 3, 235.12 W, 31, 2032 MHz, 3996 MHz, 0 %, 0 %
2026/03/24 02:29:54.708, 4, 179.22 W, 26, 120 MHz, 3996 MHz, 0 %, 0 %
2026/03/24 02:29:54.708, 5, 180.58 W, 28, 120 MHz, 3996 MHz, 0 %, 0 %
2026/03/24 02:29:54.708, 6, 178.41 W, 26, 120 MHz, 3996 MHz, 0 %, 0 %
2026/03/24 02:29:54.708, 7, 176.58 W, 27, 120 MHz, 3996 MHz, 0 %, 0 %
2026/03/24 02:29:55.709, 0, 230.00 W, 28, 2032 MHz, 3996 MHz, 0 %, 0 %
2026/03/24 02:29:55.709, 1, 235.11 W, 31, 2032 MHz, 3996 MHz, 0 %, 0 %
2026/03/24 02:29:55.709, 2, 235.84 W, 28, 2032 MHz, 3996 MHz, 0 %, 0 %
2026/03/24 02:29:55.709, 3, 235.17 W, 31, 2032 MHz, 3996 MHz, 0 %, 0 %
2026/03/24 02:29:55.709, 4, 179.26 W, 26, 120 MHz, 3996 MHz, 0 %, 0 %
2026/03/24 02:29:55.709, 5, 180.58 W, 28, 120 MHz, 3996 MHz, 0 %, 0 %
2026/03/24 02:29:55.709, 6, 178.29 W, 26, 120 MHz, 3996 MHz, 0 %, 0 %
2026/03/24 02:29:55.709, 7, 176.58 W, 27, 120 MHz, 3996 MHz, 0 %, 0 %
2026/03/24 02:29:56.709, 0, 229.96 W, 28, 2032 MHz, 3996 MHz, 0 %, 0 %
2026/03/24 02:29:56.709, 1, 235.11 W, 31, 2032 MHz, 3996 MHz, 0 %, 0 %
2026/03/24 02:29:56.709, 2, 235.88 W, 28, 2032 MHz, 3996 MHz, 0 %, 0 %
2026/03/24 02:29:56.709, 3, 235.13 W, 31, 2032 MHz, 3996 MHz, 0 %, 0 %
2026/03/24 02:29:56.709, 4, 179.22 W, 26, 120 MHz, 3996 MHz, 0 %, 0 %
2026/03/24 02:29:56.709, 5, 180.58 W, 28, 120 MHz, 3996 MHz, 0 %, 0 %
2026/03/24 02:29:56.709, 6, 178.41 W, 26, 120 MHz, 3996 MHz, 0 %, 0 %
2026/03/24 02:29:56.709, 7, 176.59 W, 27, 120 MHz, 3996 MHz, 0 %, 0 %
2026/03/24 02:29:57.709, 0, 229.93 W, 28, 2032 MHz, 3996 MHz, 0 %, 0 %
2026/03/24 02:29:57.709, 1, 235.11 W, 31, 2032 MHz, 3996 MHz, 0 %, 0 %
2026/03/24 02:29:57.709, 2, 235.86 W, 28, 2032 MHz, 3996 MHz, 0 %, 0 %
2026/03/24 02:29:57.709, 3, 235.13 W, 31, 2032 MHz, 3996 MHz, 0 %, 0 %
2026/03/24 02:29:57.709, 4, 179.09 W, 26, 120 MHz, 3996 MHz, 0 %, 0 %
2026/03/24 02:29:57.709, 5, 180.58 W, 28, 120 MHz, 3996 MHz, 0 %, 0 %
2026/03/24 02:29:57.709, 6, 178.33 W, 26, 120 MHz, 3996 MHz, 0 %, 0 %
2026/03/24 02:29:57.709, 7, 176.58 W, 27, 120 MHz, 3996 MHz, 0 %, 0 %
2026/03/24 02:29:58.709, 0, 230.00 W, 28, 2032 MHz, 3996 MHz, 0 %, 0 %
2026/03/24 02:29:58.709, 1, 235.11 W, 31, 2032 MHz, 3996 MHz, 0 %, 0 %
2026/03/24 02:29:58.709, 2, 235.76 W, 28, 2032 MHz, 3996 MHz, 0 %, 0 %
2026/03/24 02:29:58.709, 3, 235.14 W, 31, 2032 MHz, 3996 MHz, 0 %, 0 %
2026/03/24 02:29:58.709, 4, 179.25 W, 26, 120 MHz, 3996 MHz, 0 %, 0 %
2026/03/24 02:29:58.709, 5, 180.58 W, 28, 120 MHz, 3996 MHz, 0 %, 0 %
2026/03/24 02:29:58.709, 6, 178.53 W, 26, 120 MHz, 3996 MHz, 0 %, 0 %
2026/03/24 02:29:58.709, 7, 176.58 W, 27, 120 MHz, 3996 MHz, 0 %, 0 %
2026/03/24 02:29:59.709, 0, 230.00 W, 28, 2032 MHz, 3996 MHz, 0 %, 0 %
2026/03/24 02:29:59.709, 1, 235.11 W, 31, 2032 MHz, 3996 MHz, 0 %, 0 %
2026/03/24 02:29:59.709, 2, 235.49 W, 28, 2032 MHz, 3996 MHz, 0 %, 0 %
2026/03/24 02:29:59.709, 3, 235.13 W, 31, 2032 MHz, 3996 MHz, 0 %, 0 %
2026/03/24 02:29:59.709, 4, 178.91 W, 26, 120 MHz, 3996 MHz, 0 %, 0 %
2026/03/24 02:29:59.709, 5, 180.58 W, 28, 120 MHz, 3996 MHz, 0 %, 0 %
2026/03/24 02:29:59.709, 6, 178.41 W, 26, 120 MHz, 3996 MHz, 0 %, 0 %
2026/03/24 02:29:59.709, 7, 176.58 W, 27, 120 MHz, 3996 MHz, 0 %, 0 %
2026/03/24 02:30:00.709, 0, 229.96 W, 28, 2032 MHz, 3996 MHz, 0 %, 0 %
2026/03/24 02:30:00.709, 1, 235.11 W, 30, 2032 MHz, 3996 MHz, 0 %, 0 %
2026/03/24 02:30:00.709, 2, 235.53 W, 28, 2032 MHz, 3996 MHz, 0 %, 0 %
2026/03/24 02:30:00.709, 3, 235.18 W, 31, 2032 MHz, 3996 MHz, 0 %, 0 %
2026/03/24 02:30:00.709, 4, 179.17 W, 26, 120 MHz, 3996 MHz, 0 %, 0 %
2026/03/24 02:30:00.709, 5, 180.58 W, 28, 120 MHz, 3996 MHz, 0 %, 0 %
2026/03/24 02:30:00.709, 6, 178.60 W, 26, 120 MHz, 3996 MHz, 0 %, 0 %
2026/03/24 02:30:00.709, 7, 176.58 W, 27, 120 MHz, 3996 MHz, 0 %, 0 %
2026/03/24 02:30:01.709, 0, 230.00 W, 28, 2032 MHz, 3996 MHz, 0 %, 0 %
2026/03/24 02:30:01.710, 1, 235.11 W, 30, 2032 MHz, 3996 MHz, 0 %, 0 %
2026/03/24 02:30:01.710, 2, 235.38 W, 28, 2032 MHz, 3996 MHz, 0 %, 0 %
2026/03/24 02:30:01.710, 3, 235.16 W, 31, 2032 MHz, 3996 MHz, 0 %, 0 %
2026/03/24 02:30:01.710, 4, 179.10 W, 26, 120 MHz, 3996 MHz, 0 %, 0 %
2026/03/24 02:30:01.710, 5, 180.58 W, 28, 120 MHz, 3996 MHz, 0 %, 0 %
2026/03/24 02:30:01.710, 6, 178.45 W, 26, 120 MHz, 3996 MHz, 0 %, 0 %
2026/03/24 02:30:01.710, 7, 176.58 W, 27, 120 MHz, 3996 MHz, 0 %, 0 %
2026/03/24 02:30:02.710, 0, 229.96 W, 28, 2032 MHz, 3996 MHz, 0 %, 0 %
2026/03/24 02:30:02.710, 1, 235.11 W, 30, 2032 MHz, 3996 MHz, 0 %, 0 %
2026/03/24 02:30:02.710, 2, 235.52 W, 28, 2032 MHz, 3996 MHz, 0 %, 0 %
2026/03/24 02:30:02.710, 3, 235.13 W, 31, 2032 MHz, 3996 MHz, 0 %, 0 %
2026/03/24 02:30:02.710, 4, 178.95 W, 26, 120 MHz, 3996 MHz, 0 %, 0 %
2026/03/24 02:30:02.710, 5, 180.58 W, 28, 120 MHz, 3996 MHz, 0 %, 0 %
2026/03/24 02:30:02.710, 6, 178.45 W, 26, 120 MHz, 3996 MHz, 0 %, 0 %
2026/03/24 02:30:02.710, 7, 176.58 W, 27, 120 MHz, 3996 MHz, 0 %, 0 %
2026/03/24 02:30:03.710, 0, 230.00 W, 28, 2032 MHz, 3996 MHz, 0 %, 0 %
2026/03/24 02:30:03.710, 1, 235.07 W, 30, 2032 MHz, 3996 MHz, 0 %, 0 %
2026/03/24 02:30:03.710, 2, 235.60 W, 28, 2032 MHz, 3996 MHz, 0 %, 0 %
2026/03/24 02:30:03.710, 3, 235.13 W, 31, 2032 MHz, 3996 MHz, 0 %, 0 %
2026/03/24 02:30:03.710, 4, 179.29 W, 26, 120 MHz, 3996 MHz, 0 %, 0 %
2026/03/24 02:30:03.710, 5, 180.58 W, 28, 120 MHz, 3996 MHz, 0 %, 0 %
2026/03/24 02:30:03.710, 6, 178.52 W, 26, 120 MHz, 3996 MHz, 0 %, 0 %
2026/03/24 02:30:03.710, 7, 176.58 W, 27, 120 MHz, 3996 MHz, 0 %, 0 %
2026/03/24 02:30:04.710, 0, 229.93 W, 28, 2032 MHz, 3996 MHz, 0 %, 0 %
2026/03/24 02:30:04.710, 1, 235.11 W, 30, 2032 MHz, 3996 MHz, 0 %, 0 %
2026/03/24 02:30:04.710, 2, 235.13 W, 28, 2032 MHz, 3996 MHz, 0 %, 0 %
2026/03/24 02:30:04.710, 3, 235.17 W, 31, 2032 MHz, 3996 MHz, 0 %, 0 %
2026/03/24 02:30:04.710, 4, 178.87 W, 26, 120 MHz, 3996 MHz, 0 %, 0 %
2026/03/24 02:30:04.710, 5, 180.58 W, 28, 120 MHz, 3996 MHz, 0 %, 0 %
2026/03/24 02:30:04.710, 6, 178.34 W, 26, 120 MHz, 3996 MHz, 0 %, 0 %
2026/03/24 02:30:04.710, 7, 176.58 W, 27, 120 MHz, 3996 MHz, 0 %, 0 %
2026/03/24 02:30:05.710, 0, 229.96 W, 28, 2032 MHz, 3996 MHz, 0 %, 0 %
2026/03/24 02:30:05.710, 1, 235.11 W, 30, 2032 MHz, 3996 MHz, 0 %, 0 %
2026/03/24 02:30:05.710, 2, 235.38 W, 28, 2032 MHz, 3996 MHz, 0 %, 0 %
2026/03/24 02:30:05.710, 3, 235.12 W, 31, 2032 MHz, 3996 MHz, 0 %, 0 %
2026/03/24 02:30:05.710, 4, 179.13 W, 26, 120 MHz, 3996 MHz, 0 %, 0 %
2026/03/24 02:30:05.710, 5, 180.58 W, 28, 120 MHz, 3996 MHz, 0 %, 0 %
2026/03/24 02:30:05.710, 6, 178.60 W, 26, 120 MHz, 3996 MHz, 0 %, 0 %
2026/03/24 02:30:05.710, 7, 176.58 W, 27, 120 MHz, 3996 MHz, 0 %, 0 %
2026/03/24 02:30:06.710, 0, 229.89 W, 28, 2032 MHz, 3996 MHz, 0 %, 0 %
2026/03/24 02:30:06.710, 1, 235.11 W, 30, 2032 MHz, 3996 MHz, 0 %, 0 %
2026/03/24 02:30:06.710, 2, 235.34 W, 28, 2032 MHz, 3996 MHz, 0 %, 0 %
2026/03/24 02:30:06.710, 3, 235.14 W, 31, 2032 MHz, 3996 MHz, 0 %, 0 %
2026/03/24 02:30:06.710, 4, 179.36 W, 26, 120 MHz, 3996 MHz, 0 %, 0 %
2026/03/24 02:30:06.710, 5, 180.58 W, 28, 120 MHz, 3996 MHz, 0 %, 0 %
2026/03/24 02:30:06.710, 6, 178.41 W, 26, 120 MHz, 3996 MHz, 0 %, 0 %
2026/03/24 02:30:06.710, 7, 176.58 W, 27, 120 MHz, 3996 MHz, 0 %, 0 %
2026/03/24 02:30:07.710, 0, 229.96 W, 28, 2032 MHz, 3996 MHz, 0 %, 0 %
2026/03/24 02:30:07.710, 1, 235.03 W, 30, 2032 MHz, 3996 MHz, 0 %, 0 %
2026/03/24 02:30:07.710, 2, 235.58 W, 28, 2032 MHz, 3996 MHz, 0 %, 0 %
2026/03/24 02:30:07.710, 3, 235.14 W, 31, 2032 MHz, 3996 MHz, 0 %, 0 %
2026/03/24 02:30:07.711, 4, 179.10 W, 26, 120 MHz, 3996 MHz, 0 %, 0 %
2026/03/24 02:30:07.711, 5, 180.58 W, 28, 120 MHz, 3996 MHz, 0 %, 0 %
2026/03/24 02:30:07.711, 6, 178.49 W, 26, 120 MHz, 3996 MHz, 0 %, 0 %
2026/03/24 02:30:07.711, 7, 176.58 W, 27, 120 MHz, 3996 MHz, 0 %, 0 %
2026/03/24 02:30:08.711, 0, 229.96 W, 28, 2032 MHz, 3996 MHz, 0 %, 0 %
2026/03/24 02:30:08.711, 1, 234.99 W, 30, 2032 MHz, 3996 MHz, 0 %, 0 %
2026/03/24 02:30:08.711, 2, 235.27 W, 28, 2032 MHz, 3996 MHz, 0 %, 0 %
2026/03/24 02:30:08.711, 3, 235.14 W, 31, 2032 MHz, 3996 MHz, 0 %, 0 %
2026/03/24 02:30:08.711, 4, 179.25 W, 26, 120 MHz, 3996 MHz, 0 %, 0 %
2026/03/24 02:30:08.711, 5, 180.58 W, 28, 120 MHz, 3996 MHz, 0 %, 0 %
2026/03/24 02:30:08.711, 6, 178.57 W, 26, 120 MHz, 3996 MHz, 0 %, 0 %
2026/03/24 02:30:08.711, 7, 176.58 W, 27, 120 MHz, 3996 MHz, 0 %, 0 %
2026/03/24 02:30:09.711, 0, 229.96 W, 28, 2032 MHz, 3996 MHz, 0 %, 0 %
2026/03/24 02:30:09.711, 1, 235.03 W, 30, 2032 MHz, 3996 MHz, 0 %, 0 %
2026/03/24 02:30:09.711, 2, 235.31 W, 28, 2032 MHz, 3996 MHz, 0 %, 0 %
2026/03/24 02:30:09.711, 3, 235.13 W, 31, 2032 MHz, 3996 MHz, 0 %, 0 %
2026/03/24 02:30:09.711, 4, 179.34 W, 26, 120 MHz, 3996 MHz, 0 %, 0 %
2026/03/24 02:30:09.711, 5, 180.58 W, 28, 120 MHz, 3996 MHz, 0 %, 0 %
2026/03/24 02:30:09.711, 6, 178.33 W, 26, 120 MHz, 3996 MHz, 0 %, 0 %
2026/03/24 02:30:09.711, 7, 176.58 W, 27, 120 MHz, 3996 MHz, 0 %, 0 %
2026/03/24 02:30:10.711, 0, 230.00 W, 28, 2032 MHz, 3996 MHz, 0 %, 0 %
2026/03/24 02:30:10.711, 1, 234.99 W, 30, 2032 MHz, 3996 MHz, 0 %, 0 %
2026/03/24 02:30:10.711, 2, 235.22 W, 28, 2032 MHz, 3996 MHz, 0 %, 0 %
2026/03/24 02:30:10.711, 3, 235.14 W, 31, 2032 MHz, 3996 MHz, 0 %, 0 %
2026/03/24 02:30:10.711, 4, 179.16 W, 26, 120 MHz, 3996 MHz, 0 %, 0 %
2026/03/24 02:30:10.711, 5, 180.58 W, 28, 120 MHz, 3996 MHz, 0 %, 0 %
2026/03/24 02:30:10.711, 6, 178.45 W, 26, 120 MHz, 3996 MHz, 0 %, 0 %
2026/03/24 02:30:10.711, 7, 176.58 W, 27, 120 MHz, 3996 MHz, 0 %, 0 %
2026/03/24 02:30:11.711, 0, 229.85 W, 28, 2032 MHz, 3996 MHz, 0 %, 0 %
2026/03/24 02:30:11.711, 1, 234.84 W, 30, 2032 MHz, 3996 MHz, 0 %, 0 %
2026/03/24 02:30:11.711, 2, 235.15 W, 28, 2032 MHz, 3996 MHz, 0 %, 0 %
2026/03/24 02:30:11.711, 3, 235.13 W, 31, 2032 MHz, 3996 MHz, 0 %, 0 %
2026/03/24 02:30:11.711, 4, 179.25 W, 26, 120 MHz, 3996 MHz, 0 %, 0 %
2026/03/24 02:30:11.711, 5, 180.58 W, 28, 120 MHz, 3996 MHz, 0 %, 0 %
2026/03/24 02:30:11.711, 6, 178.41 W, 26, 120 MHz, 3996 MHz, 0 %, 0 %
2026/03/24 02:30:11.711, 7, 176.58 W, 27, 120 MHz, 3996 MHz, 0 %, 0 %
2026/03/24 02:30:12.711, 0, 229.96 W, 28, 2032 MHz, 3996 MHz, 0 %, 0 %
2026/03/24 02:30:12.711, 1, 234.80 W, 30, 2032 MHz, 3996 MHz, 0 %, 0 %
2026/03/24 02:30:12.711, 2, 234.92 W, 28, 2032 MHz, 3996 MHz, 0 %, 0 %
2026/03/24 02:30:12.711, 3, 235.16 W, 31, 2032 MHz, 3996 MHz, 0 %, 0 %
2026/03/24 02:30:12.711, 4, 179.38 W, 26, 120 MHz, 3996 MHz, 0 %, 0 %
2026/03/24 02:30:12.711, 5, 180.58 W, 28, 120 MHz, 3996 MHz, 0 %, 0 %
2026/03/24 02:30:12.711, 6, 178.37 W, 26, 120 MHz, 3996 MHz, 0 %, 0 %
2026/03/24 02:30:12.711, 7, 176.58 W, 27, 120 MHz, 3996 MHz, 0 %, 0 %
2026/03/24 02:30:13.711, 0, 229.85 W, 28, 2032 MHz, 3996 MHz, 0 %, 0 %
2026/03/24 02:30:13.711, 1, 234.60 W, 30, 2032 MHz, 3996 MHz, 0 %, 0 %
2026/03/24 02:30:13.711, 2, 235.07 W, 28, 2032 MHz, 3996 MHz, 0 %, 0 %
2026/03/24 02:30:13.711, 3, 235.20 W, 31, 2032 MHz, 3996 MHz, 0 %, 0 %
2026/03/24 02:30:13.711, 4, 179.33 W, 26, 120 MHz, 3996 MHz, 0 %, 0 %
2026/03/24 02:30:13.711, 5, 180.58 W, 28, 120 MHz, 3996 MHz, 0 %, 0 %
2026/03/24 02:30:13.711, 6, 178.41 W, 26, 120 MHz, 3996 MHz, 0 %, 0 %
2026/03/24 02:30:13.711, 7, 176.58 W, 27, 120 MHz, 3996 MHz, 0 %, 0 %
2026/03/24 02:30:14.712, 0, 229.93 W, 28, 2032 MHz, 3996 MHz, 0 %, 0 %
2026/03/24 02:30:14.712, 1, 234.76 W, 30, 2032 MHz, 3996 MHz, 0 %, 0 %
2026/03/24 02:30:14.712, 2, 234.96 W, 28, 2032 MHz, 3996 MHz, 0 %, 0 %
2026/03/24 02:30:14.712, 3, 235.15 W, 31, 2032 MHz, 3996 MHz, 0 %, 0 %
2026/03/24 02:30:14.712, 4, 179.26 W, 26, 120 MHz, 3996 MHz, 0 %, 0 %
2026/03/24 02:30:14.712, 5, 180.58 W, 28, 120 MHz, 3996 MHz, 0 %, 0 %
2026/03/24 02:30:14.712, 6, 178.45 W, 26, 120 MHz, 3996 MHz, 0 %, 0 %
2026/03/24 02:30:14.712, 7, 176.58 W, 27, 120 MHz, 3996 MHz, 0 %, 0 %
2026/03/24 02:30:15.712, 0, 229.89 W, 28, 2032 MHz, 3996 MHz, 0 %, 0 %
2026/03/24 02:30:15.712, 1, 234.69 W, 30, 2032 MHz, 3996 MHz, 0 %, 0 %
2026/03/24 02:30:15.712, 2, 234.89 W, 28, 2032 MHz, 3996 MHz, 0 %, 0 %
2026/03/24 02:30:15.712, 3, 235.14 W, 30, 2032 MHz, 3996 MHz, 0 %, 0 %
2026/03/24 02:30:15.712, 4, 179.18 W, 26, 120 MHz, 3996 MHz, 0 %, 0 %
2026/03/24 02:30:15.712, 5, 180.58 W, 28, 120 MHz, 3996 MHz, 0 %, 0 %
2026/03/24 02:30:15.712, 6, 178.41 W, 26, 120 MHz, 3996 MHz, 0 %, 0 %
2026/03/24 02:30:15.712, 7, 176.58 W, 27, 120 MHz, 3996 MHz, 0 %, 0 %
2026/03/24 02:30:16.712, 0, 229.70 W, 28, 2032 MHz, 3996 MHz, 0 %, 0 %
2026/03/24 02:30:16.712, 1, 234.76 W, 30, 2032 MHz, 3996 MHz, 0 %, 0 %
2026/03/24 02:30:16.712, 2, 234.73 W, 28, 2032 MHz, 3996 MHz, 0 %, 0 %
2026/03/24 02:30:16.712, 3, 235.15 W, 30, 2032 MHz, 3996 MHz, 0 %, 0 %
2026/03/24 02:30:16.712, 4, 179.21 W, 26, 120 MHz, 3996 MHz, 0 %, 0 %
2026/03/24 02:30:16.712, 5, 180.58 W, 28, 120 MHz, 3996 MHz, 0 %, 0 %
2026/03/24 02:30:16.712, 6, 178.41 W, 26, 120 MHz, 3996 MHz, 0 %, 0 %
2026/03/24 02:30:16.712, 7, 176.58 W, 27, 120 MHz, 3996 MHz, 0 %, 0 %
2026/03/24 02:30:17.712, 0, 229.84 W, 28, 2032 MHz, 3996 MHz, 0 %, 0 %
2026/03/24 02:30:17.712, 1, 234.60 W, 30, 2032 MHz, 3996 MHz, 0 %, 0 %
2026/03/24 02:30:17.712, 2, 234.74 W, 28, 2032 MHz, 3996 MHz, 0 %, 0 %
2026/03/24 02:30:17.712, 3, 235.14 W, 30, 2032 MHz, 3996 MHz, 0 %, 0 %
2026/03/24 02:30:17.712, 4, 178.91 W, 26, 120 MHz, 3996 MHz, 0 %, 0 %
2026/03/24 02:30:17.712, 5, 180.58 W, 28, 120 MHz, 3996 MHz, 0 %, 0 %
2026/03/24 02:30:17.712, 6, 178.37 W, 26, 120 MHz, 3996 MHz, 0 %, 0 %
2026/03/24 02:30:17.712, 7, 176.58 W, 27, 120 MHz, 3996 MHz, 0 %, 0 %
2026/03/24 02:30:18.712, 0, 229.96 W, 28, 2032 MHz, 3996 MHz, 0 %, 0 %
2026/03/24 02:30:18.712, 1, 234.57 W, 30, 2032 MHz, 3996 MHz, 0 %, 0 %
2026/03/24 02:30:18.712, 2, 234.93 W, 28, 2032 MHz, 3996 MHz, 0 %, 0 %
2026/03/24 02:30:18.712, 3, 235.17 W, 30, 2032 MHz, 3996 MHz, 0 %, 0 %
2026/03/24 02:30:18.712, 4, 179.09 W, 26, 120 MHz, 3996 MHz, 0 %, 0 %
2026/03/24 02:30:18.712, 5, 180.58 W, 28, 120 MHz, 3996 MHz, 0 %, 0 %
2026/03/24 02:30:18.712, 6, 178.53 W, 26, 120 MHz, 3996 MHz, 0 %, 0 %
2026/03/24 02:30:18.712, 7, 176.58 W, 27, 120 MHz, 3996 MHz, 0 %, 0 %
2026/03/24 02:30:19.712, 0, 229.74 W, 28, 2032 MHz, 3996 MHz, 0 %, 0 %
2026/03/24 02:30:19.712, 1, 234.33 W, 30, 2032 MHz, 3996 MHz, 0 %, 0 %
2026/03/24 02:30:19.712, 2, 234.71 W, 28, 2032 MHz, 3996 MHz, 0 %, 0 %
2026/03/24 02:30:19.712, 3, 235.14 W, 30, 2032 MHz, 3996 MHz, 0 %, 0 %
2026/03/24 02:30:19.712, 4, 179.25 W, 26, 120 MHz, 3996 MHz, 0 %, 0 %
2026/03/24 02:30:19.712, 5, 180.58 W, 28, 120 MHz, 3996 MHz, 0 %, 0 %
2026/03/24 02:30:19.712, 6, 178.49 W, 26, 120 MHz, 3996 MHz, 0 %, 0 %
2026/03/24 02:30:19.712, 7, 176.58 W, 27, 120 MHz, 3996 MHz, 0 %, 0 %
2026/03/24 02:30:20.712, 0, 229.77 W, 28, 2032 MHz, 3996 MHz, 0 %, 0 %
2026/03/24 02:30:20.712, 1, 234.29 W, 30, 2032 MHz, 3996 MHz, 0 %, 0 %
2026/03/24 02:30:20.713, 2, 234.66 W, 28, 2032 MHz, 3996 MHz, 0 %, 0 %
2026/03/24 02:30:20.713, 3, 235.12 W, 30, 2032 MHz, 3996 MHz, 0 %, 0 %
2026/03/24 02:30:20.713, 4, 179.22 W, 26, 120 MHz, 3996 MHz, 0 %, 0 %
2026/03/24 02:30:20.713, 5, 180.58 W, 28, 120 MHz, 3996 MHz, 0 %, 0 %
2026/03/24 02:30:20.713, 6, 178.41 W, 26, 120 MHz, 3996 MHz, 0 %, 0 %
2026/03/24 02:30:20.713, 7, 176.58 W, 27, 120 MHz, 3996 MHz, 0 %, 0 %
2026/03/24 02:30:21.713, 0, 229.89 W, 28, 2032 MHz, 3996 MHz, 0 %, 0 %
2026/03/24 02:30:21.713, 1, 234.50 W, 30, 2032 MHz, 3996 MHz, 0 %, 0 %
2026/03/24 02:30:21.713, 2, 234.65 W, 28, 2032 MHz, 3996 MHz, 0 %, 0 %
2026/03/24 02:30:21.713, 3, 235.15 W, 30, 2032 MHz, 3996 MHz, 0 %, 0 %
2026/03/24 02:30:21.713, 4, 179.01 W, 26, 120 MHz, 3996 MHz, 0 %, 0 %
2026/03/24 02:30:21.713, 5, 180.58 W, 28, 120 MHz, 3996 MHz, 0 %, 0 %
2026/03/24 02:30:21.713, 6, 178.45 W, 26, 120 MHz, 3996 MHz, 0 %, 0 %
2026/03/24 02:30:21.713, 7, 176.58 W, 27, 120 MHz, 3996 MHz, 0 %, 0 %
2026/03/24 02:30:22.713, 0, 229.81 W, 28, 2032 MHz, 3996 MHz, 0 %, 0 %
2026/03/24 02:30:22.713, 1, 234.25 W, 30, 2032 MHz, 3996 MHz, 0 %, 0 %
2026/03/24 02:30:22.713, 2, 234.78 W, 28, 2032 MHz, 3996 MHz, 0 %, 0 %
2026/03/24 02:30:22.713, 3, 235.20 W, 30, 2032 MHz, 3996 MHz, 0 %, 0 %
2026/03/24 02:30:22.713, 4, 179.04 W, 26, 120 MHz, 3996 MHz, 0 %, 0 %
2026/03/24 02:30:22.713, 5, 180.58 W, 28, 120 MHz, 3996 MHz, 0 %, 0 %
2026/03/24 02:30:22.713, 6, 178.41 W, 26, 120 MHz, 3996 MHz, 0 %, 0 %
2026/03/24 02:30:22.713, 7, 176.58 W, 27, 120 MHz, 3996 MHz, 0 %, 0 %
2026/03/24 02:30:23.713, 0, 229.77 W, 28, 2032 MHz, 3996 MHz, 0 %, 0 %
2026/03/24 02:30:23.713, 1, 234.29 W, 30, 2032 MHz, 3996 MHz, 0 %, 0 %
2026/03/24 02:30:23.713, 2, 234.62 W, 28, 2032 MHz, 3996 MHz, 0 %, 0 %
2026/03/24 02:30:23.713, 3, 235.18 W, 30, 2032 MHz, 3996 MHz, 0 %, 0 %
2026/03/24 02:30:23.713, 4, 179.29 W, 26, 120 MHz, 3996 MHz, 0 %, 0 %
2026/03/24 02:30:23.713, 5, 180.58 W, 28, 120 MHz, 3996 MHz, 0 %, 0 %
2026/03/24 02:30:23.713, 6, 178.49 W, 26, 120 MHz, 3996 MHz, 0 %, 0 %
2026/03/24 02:30:23.713, 7, 176.58 W, 27, 120 MHz, 3996 MHz, 0 %, 0 %
2026/03/24 02:30:24.713, 0, 229.85 W, 28, 2032 MHz, 3996 MHz, 0 %, 0 %
2026/03/24 02:30:24.713, 1, 234.56 W, 30, 2032 MHz, 3996 MHz, 0 %, 0 %
2026/03/24 02:30:24.713, 2, 234.66 W, 28, 2032 MHz, 3996 MHz, 0 %, 0 %
2026/03/24 02:30:24.713, 3, 235.20 W, 30, 2032 MHz, 3996 MHz, 0 %, 0 %
2026/03/24 02:30:24.713, 4, 179.01 W, 26, 120 MHz, 3996 MHz, 0 %, 0 %
2026/03/24 02:30:24.713, 5, 180.58 W, 28, 120 MHz, 3996 MHz, 0 %, 0 %
2026/03/24 02:30:24.713, 6, 178.29 W, 26, 120 MHz, 3996 MHz, 0 %, 0 %
2026/03/24 02:30:24.713, 7, 176.58 W, 27, 120 MHz, 3996 MHz, 0 %, 0 %
2026/03/24 02:30:25.713, 0, 229.69 W, 28, 2032 MHz, 3996 MHz, 0 %, 0 %
2026/03/24 02:30:25.713, 1, 234.19 W, 30, 2032 MHz, 3996 MHz, 0 %, 0 %
2026/03/24 02:30:25.713, 2, 234.52 W, 28, 2032 MHz, 3996 MHz, 0 %, 0 %
2026/03/24 02:30:25.713, 3, 235.16 W, 30, 2032 MHz, 3996 MHz, 0 %, 0 %
2026/03/24 02:30:25.713, 4, 179.14 W, 26, 120 MHz, 3996 MHz, 0 %, 0 %
2026/03/24 02:30:25.713, 5, 180.58 W, 28, 120 MHz, 3996 MHz, 0 %, 0 %
2026/03/24 02:30:25.713, 6, 178.37 W, 26, 120 MHz, 3996 MHz, 0 %, 0 %
2026/03/24 02:30:25.713, 7, 176.58 W, 27, 120 MHz, 3996 MHz, 0 %, 0 %
2026/03/24 02:30:26.713, 0, 229.59 W, 28, 2032 MHz, 3996 MHz, 0 %, 0 %
2026/03/24 02:30:26.713, 1, 233.93 W, 30, 2032 MHz, 3996 MHz, 0 %, 0 %
2026/03/24 02:30:26.713, 2, 234.62 W, 28, 2032 MHz, 3996 MHz, 0 %, 0 %
2026/03/24 02:30:26.713, 3, 235.18 W, 30, 2032 MHz, 3996 MHz, 0 %, 0 %
2026/03/24 02:30:26.713, 4, 179.13 W, 26, 120 MHz, 3996 MHz, 0 %, 0 %
2026/03/24 02:30:26.713, 5, 180.58 W, 28, 120 MHz, 3996 MHz, 0 %, 0 %
2026/03/24 02:30:26.713, 6, 178.41 W, 26, 120 MHz, 3996 MHz, 0 %, 0 %
2026/03/24 02:30:26.713, 7, 176.58 W, 27, 120 MHz, 3996 MHz, 0 %, 0 %
2026/03/24 02:30:27.714, 0, 229.78 W, 28, 2032 MHz, 3996 MHz, 0 %, 0 %
2026/03/24 02:30:27.714, 1, 233.96 W, 30, 2032 MHz, 3996 MHz, 0 %, 0 %
2026/03/24 02:30:27.714, 2, 234.43 W, 28, 2032 MHz, 3996 MHz, 0 %, 0 %
2026/03/24 02:30:27.714, 3, 235.17 W, 30, 2032 MHz, 3996 MHz, 0 %, 0 %
2026/03/24 02:30:27.714, 4, 179.21 W, 26, 120 MHz, 3996 MHz, 0 %, 0 %
2026/03/24 02:30:27.714, 5, 180.58 W, 28, 120 MHz, 3996 MHz, 0 %, 0 %
2026/03/24 02:30:27.714, 6, 178.49 W, 26, 120 MHz, 3996 MHz, 0 %, 0 %
2026/03/24 02:30:27.714, 7, 176.58 W, 27, 120 MHz, 3996 MHz, 0 %, 0 %
2026/03/24 02:30:28.714, 0, 229.77 W, 28, 2032 MHz, 3996 MHz, 0 %, 0 %
2026/03/24 02:30:28.714, 1, 233.86 W, 30, 2032 MHz, 3996 MHz, 0 %, 0 %
2026/03/24 02:30:28.714, 2, 234.48 W, 28, 2032 MHz, 3996 MHz, 0 %, 0 %
2026/03/24 02:30:28.714, 3, 235.18 W, 30, 2032 MHz, 3996 MHz, 0 %, 0 %
2026/03/24 02:30:28.714, 4, 179.24 W, 26, 120 MHz, 3996 MHz, 0 %, 0 %
2026/03/24 02:30:28.714, 5, 180.58 W, 28, 120 MHz, 3996 MHz, 0 %, 0 %
2026/03/24 02:30:28.714, 6, 178.52 W, 26, 120 MHz, 3996 MHz, 0 %, 0 %
2026/03/24 02:30:28.714, 7, 176.58 W, 27, 120 MHz, 3996 MHz, 0 %, 0 %
2026/03/24 02:30:29.714, 0, 229.70 W, 28, 2032 MHz, 3996 MHz, 0 %, 0 %
2026/03/24 02:30:29.714, 1, 234.00 W, 30, 2032 MHz, 3996 MHz, 0 %, 0 %
2026/03/24 02:30:29.714, 2, 234.55 W, 28, 2032 MHz, 3996 MHz, 0 %, 0 %
2026/03/24 02:30:29.714, 3, 235.18 W, 30, 2032 MHz, 3996 MHz, 0 %, 0 %
2026/03/24 02:30:29.714, 4, 178.98 W, 26, 120 MHz, 3996 MHz, 0 %, 0 %
2026/03/24 02:30:29.714, 5, 180.58 W, 28, 120 MHz, 3996 MHz, 0 %, 0 %
2026/03/24 02:30:29.714, 6, 178.41 W, 26, 120 MHz, 3996 MHz, 0 %, 0 %
2026/03/24 02:30:29.714, 7, 176.58 W, 27, 120 MHz, 3996 MHz, 0 %, 0 %
2026/03/24 02:30:30.714, 0, 229.96 W, 28, 2032 MHz, 3996 MHz, 0 %, 0 %
2026/03/24 02:30:30.714, 1, 234.06 W, 30, 2032 MHz, 3996 MHz, 0 %, 0 %
2026/03/24 02:30:30.714, 2, 234.33 W, 27, 2032 MHz, 3996 MHz, 0 %, 0 %
2026/03/24 02:30:30.714, 3, 235.24 W, 30, 2032 MHz, 3996 MHz, 0 %, 0 %
2026/03/24 02:30:30.714, 4, 179.10 W, 26, 120 MHz, 3996 MHz, 0 %, 0 %
2026/03/24 02:30:30.714, 5, 180.58 W, 28, 120 MHz, 3996 MHz, 0 %, 0 %
2026/03/24 02:30:30.714, 6, 178.38 W, 26, 120 MHz, 3996 MHz, 0 %, 0 %
2026/03/24 02:30:30.714, 7, 176.58 W, 27, 120 MHz, 3996 MHz, 0 %, 0 %
2026/03/24 02:30:31.714, 0, 229.77 W, 28, 2032 MHz, 3996 MHz, 0 %, 0 %
2026/03/24 02:30:31.714, 1, 234.21 W, 30, 2032 MHz, 3996 MHz, 0 %, 0 %
2026/03/24 02:30:31.714, 2, 234.22 W, 27, 2032 MHz, 3996 MHz, 0 %, 0 %
2026/03/24 02:30:31.714, 3, 235.15 W, 30, 2032 MHz, 3996 MHz, 0 %, 0 %
2026/03/24 02:30:31.714, 4, 179.05 W, 26, 120 MHz, 3996 MHz, 0 %, 0 %
2026/03/24 02:30:31.714, 5, 180.58 W, 28, 120 MHz, 3996 MHz, 0 %, 0 %
2026/03/24 02:30:31.714, 6, 178.34 W, 26, 120 MHz, 3996 MHz, 0 %, 0 %
2026/03/24 02:30:31.714, 7, 176.58 W, 27, 120 MHz, 3996 MHz, 0 %, 0 %
2026/03/24 02:30:32.714, 0, 229.77 W, 28, 2032 MHz, 3996 MHz, 0 %, 0 %
2026/03/24 02:30:32.714, 1, 234.04 W, 30, 2032 MHz, 3996 MHz, 0 %, 0 %
2026/03/24 02:30:32.714, 2, 234.20 W, 27, 2032 MHz, 3996 MHz, 0 %, 0 %
2026/03/24 02:30:32.714, 3, 235.17 W, 30, 2032 MHz, 3996 MHz, 0 %, 0 %
2026/03/24 02:30:32.714, 4, 179.40 W, 26, 120 MHz, 3996 MHz, 0 %, 0 %
2026/03/24 02:30:32.714, 5, 180.58 W, 28, 120 MHz, 3996 MHz, 0 %, 0 %
2026/03/24 02:30:32.714, 6, 178.45 W, 26, 120 MHz, 3996 MHz, 0 %, 0 %
2026/03/24 02:30:32.714, 7, 176.58 W, 27, 120 MHz, 3996 MHz, 0 %, 0 %
2026/03/24 02:30:33.714, 0, 229.73 W, 28, 2032 MHz, 3996 MHz, 0 %, 0 %
2026/03/24 02:30:33.714, 1, 233.86 W, 30, 2032 MHz, 3996 MHz, 0 %, 0 %
2026/03/24 02:30:33.714, 2, 234.39 W, 27, 2032 MHz, 3996 MHz, 0 %, 0 %
2026/03/24 02:30:33.714, 3, 235.21 W, 30, 2032 MHz, 3996 MHz, 0 %, 0 %
2026/03/24 02:30:33.715, 4, 179.17 W, 26, 120 MHz, 3996 MHz, 0 %, 0 %
2026/03/24 02:30:33.715, 5, 180.58 W, 28, 120 MHz, 3996 MHz, 0 %, 0 %
2026/03/24 02:30:33.715, 6, 178.38 W, 26, 120 MHz, 3996 MHz, 0 %, 0 %
2026/03/24 02:30:33.715, 7, 176.58 W, 27, 120 MHz, 3996 MHz, 0 %, 0 %
2026/03/24 02:30:34.715, 0, 229.77 W, 28, 2032 MHz, 3996 MHz, 0 %, 0 %
2026/03/24 02:30:34.715, 1, 233.74 W, 30, 2032 MHz, 3996 MHz, 0 %, 0 %
2026/03/24 02:30:34.715, 2, 234.35 W, 27, 2032 MHz, 3996 MHz, 0 %, 0 %
2026/03/24 02:30:34.715, 3, 235.17 W, 30, 2032 MHz, 3996 MHz, 0 %, 0 %
2026/03/24 02:30:34.715, 4, 179.22 W, 26, 120 MHz, 3996 MHz, 0 %, 0 %
2026/03/24 02:30:34.715, 5, 180.58 W, 28, 120 MHz, 3996 MHz, 0 %, 0 %
2026/03/24 02:30:34.715, 6, 178.45 W, 26, 120 MHz, 3996 MHz, 0 %, 0 %
2026/03/24 02:30:34.715, 7, 176.58 W, 27, 120 MHz, 3996 MHz, 0 %, 0 %
2026/03/24 02:30:35.715, 0, 229.59 W, 28, 2032 MHz, 3996 MHz, 0 %, 0 %
2026/03/24 02:30:35.715, 1, 233.75 W, 30, 2032 MHz, 3996 MHz, 0 %, 0 %
2026/03/24 02:30:35.715, 2, 234.40 W, 27, 2032 MHz, 3996 MHz, 0 %, 0 %
2026/03/24 02:30:35.715, 3, 235.15 W, 30, 2032 MHz, 3996 MHz, 0 %, 0 %
2026/03/24 02:30:35.715, 4, 179.02 W, 26, 120 MHz, 3996 MHz, 0 %, 0 %
2026/03/24 02:30:35.715, 5, 180.58 W, 28, 120 MHz, 3996 MHz, 0 %, 0 %
2026/03/24 02:30:35.715, 6, 178.45 W, 26, 120 MHz, 3996 MHz, 0 %, 0 %
2026/03/24 02:30:35.715, 7, 176.58 W, 27, 120 MHz, 3996 MHz, 0 %, 0 %
2026/03/24 02:30:36.715, 0, 229.77 W, 28, 2032 MHz, 3996 MHz, 0 %, 0 %
2026/03/24 02:30:36.715, 1, 233.70 W, 30, 2032 MHz, 3996 MHz, 0 %, 0 %
2026/03/24 02:30:36.715, 2, 234.42 W, 27, 2032 MHz, 3996 MHz, 0 %, 0 %
2026/03/24 02:30:36.715, 3, 235.14 W, 30, 2032 MHz, 3996 MHz, 0 %, 0 %
2026/03/24 02:30:36.715, 4, 179.57 W, 26, 120 MHz, 3996 MHz, 0 %, 0 %
2026/03/24 02:30:36.715, 5, 180.58 W, 28, 120 MHz, 3996 MHz, 0 %, 0 %
2026/03/24 02:30:36.715, 6, 178.49 W, 26, 120 MHz, 3996 MHz, 0 %, 0 %
2026/03/24 02:30:36.715, 7, 176.58 W, 27, 120 MHz, 3996 MHz, 0 %, 0 %
2026/03/24 02:30:37.715, 0, 229.69 W, 28, 2032 MHz, 3996 MHz, 0 %, 0 %
2026/03/24 02:30:37.715, 1, 233.54 W, 30, 2032 MHz, 3996 MHz, 0 %, 0 %
2026/03/24 02:30:37.715, 2, 234.16 W, 27, 2032 MHz, 3996 MHz, 0 %, 0 %
2026/03/24 02:30:37.715, 3, 235.21 W, 30, 2032 MHz, 3996 MHz, 0 %, 0 %
2026/03/24 02:30:37.715, 4, 179.41 W, 26, 120 MHz, 3996 MHz, 0 %, 0 %
2026/03/24 02:30:37.715, 5, 180.58 W, 28, 120 MHz, 3996 MHz, 0 %, 0 %
2026/03/24 02:30:37.715, 6, 178.49 W, 26, 120 MHz, 3996 MHz, 0 %, 0 %
2026/03/24 02:30:37.715, 7, 176.58 W, 27, 120 MHz, 3996 MHz, 0 %, 0 %
2026/03/24 02:30:38.715, 0, 229.62 W, 28, 2032 MHz, 3996 MHz, 0 %, 0 %
2026/03/24 02:30:38.715, 1, 233.63 W, 30, 2032 MHz, 3996 MHz, 0 %, 0 %
2026/03/24 02:30:38.715, 2, 234.40 W, 27, 2032 MHz, 3996 MHz, 0 %, 0 %
2026/03/24 02:30:38.715, 3, 235.18 W, 30, 2032 MHz, 3996 MHz, 0 %, 0 %
2026/03/24 02:30:38.715, 4, 179.36 W, 26, 120 MHz, 3996 MHz, 0 %, 0 %
2026/03/24 02:30:38.715, 5, 180.58 W, 28, 120 MHz, 3996 MHz, 0 %, 0 %
2026/03/24 02:30:38.715, 6, 178.49 W, 26, 120 MHz, 3996 MHz, 0 %, 0 %
2026/03/24 02:30:38.715, 7, 176.58 W, 27, 120 MHz, 3996 MHz, 0 %, 0 %
2026/03/24 02:30:39.715, 0, 232.64 W, 28, 2032 MHz, 3996 MHz, 0 %, 0 %
2026/03/24 02:30:39.716, 1, 236.81 W, 30, 2032 MHz, 3996 MHz, 0 %, 0 %
2026/03/24 02:30:39.716, 2, 237.76 W, 27, 2032 MHz, 3996 MHz, 0 %, 0 %
2026/03/24 02:30:39.716, 3, 239.52 W, 30, 2032 MHz, 3996 MHz, 0 %, 0 %
2026/03/24 02:30:39.716, 4, 179.20 W, 26, 120 MHz, 3996 MHz, 0 %, 0 %
2026/03/24 02:30:39.716, 5, 180.58 W, 28, 120 MHz, 3996 MHz, 0 %, 0 %
2026/03/24 02:30:39.716, 6, 178.45 W, 26, 120 MHz, 3996 MHz, 0 %, 0 %
2026/03/24 02:30:39.716, 7, 176.58 W, 27, 120 MHz, 3996 MHz, 0 %, 0 %
2026/03/24 02:30:40.716, 0, 228.25 W, 28, 2032 MHz, 3996 MHz, 0 %, 0 %
2026/03/24 02:30:40.716, 1, 233.17 W, 30, 2032 MHz, 3996 MHz, 0 %, 0 %
2026/03/24 02:30:40.716, 2, 233.99 W, 27, 2032 MHz, 3996 MHz, 0 %, 0 %
2026/03/24 02:30:40.716, 3, 234.71 W, 30, 2032 MHz, 3996 MHz, 0 %, 0 %
2026/03/24 02:30:40.716, 4, 179.21 W, 26, 120 MHz, 3996 MHz, 0 %, 0 %
2026/03/24 02:30:40.716, 5, 180.58 W, 28, 120 MHz, 3996 MHz, 0 %, 0 %
2026/03/24 02:30:40.716, 6, 178.49 W, 26, 120 MHz, 3996 MHz, 0 %, 0 %
2026/03/24 02:30:40.716, 7, 176.58 W, 27, 120 MHz, 3996 MHz, 0 %, 0 %
2026/03/24 02:30:41.716, 0, 228.22 W, 28, 2032 MHz, 3996 MHz, 0 %, 0 %
2026/03/24 02:30:41.716, 1, 233.16 W, 30, 2032 MHz, 3996 MHz, 0 %, 0 %
2026/03/24 02:30:41.716, 2, 233.98 W, 27, 2032 MHz, 3996 MHz, 0 %, 0 %
2026/03/24 02:30:41.716, 3, 234.39 W, 30, 2032 MHz, 3996 MHz, 0 %, 0 %
2026/03/24 02:30:41.716, 4, 179.37 W, 26, 120 MHz, 3996 MHz, 0 %, 0 %
2026/03/24 02:30:41.716, 5, 180.58 W, 28, 120 MHz, 3996 MHz, 0 %, 0 %
2026/03/24 02:30:41.716, 6, 178.52 W, 26, 120 MHz, 3996 MHz, 0 %, 0 %
2026/03/24 02:30:41.716, 7, 176.58 W, 27, 120 MHz, 3996 MHz, 0 %, 0 %
2026/03/24 02:30:42.716, 0, 228.15 W, 28, 2032 MHz, 3996 MHz, 0 %, 0 %
2026/03/24 02:30:42.716, 1, 233.17 W, 30, 2032 MHz, 3996 MHz, 0 %, 0 %
2026/03/24 02:30:42.716, 2, 234.01 W, 27, 2032 MHz, 3996 MHz, 0 %, 0 %
2026/03/24 02:30:42.716, 3, 234.04 W, 30, 2032 MHz, 3996 MHz, 0 %, 0 %
2026/03/24 02:30:42.716, 4, 179.33 W, 26, 120 MHz, 3996 MHz, 0 %, 0 %
2026/03/24 02:30:42.716, 5, 180.58 W, 28, 120 MHz, 3996 MHz, 0 %, 0 %
2026/03/24 02:30:42.716, 6, 178.26 W, 26, 120 MHz, 3996 MHz, 0 %, 0 %
2026/03/24 02:30:42.716, 7, 176.58 W, 27, 120 MHz, 3996 MHz, 0 %, 0 %
2026/03/24 02:30:43.716, 0, 228.11 W, 28, 2032 MHz, 3996 MHz, 0 %, 0 %
2026/03/24 02:30:43.716, 1, 233.16 W, 30, 2032 MHz, 3996 MHz, 0 %, 0 %
2026/03/24 02:30:43.716, 2, 234.02 W, 27, 2032 MHz, 3996 MHz, 0 %, 0 %
2026/03/24 02:30:43.716, 3, 234.21 W, 30, 2032 MHz, 3996 MHz, 0 %, 0 %
2026/03/24 02:30:43.716, 4, 179.39 W, 26, 120 MHz, 3996 MHz, 0 %, 0 %
2026/03/24 02:30:43.716, 5, 180.58 W, 28, 120 MHz, 3996 MHz, 0 %, 0 %
2026/03/24 02:30:43.716, 6, 178.60 W, 26, 120 MHz, 3996 MHz, 0 %, 0 %
2026/03/24 02:30:43.716, 7, 176.58 W, 27, 120 MHz, 3996 MHz, 0 %, 0 %
2026/03/24 02:30:44.716, 0, 228.15 W, 28, 2032 MHz, 3996 MHz, 0 %, 0 %
2026/03/24 02:30:44.716, 1, 233.28 W, 30, 2032 MHz, 3996 MHz, 0 %, 0 %
2026/03/24 02:30:44.716, 2, 234.02 W, 27, 2032 MHz, 3996 MHz, 0 %, 0 %
2026/03/24 02:30:44.716, 3, 234.03 W, 30, 2032 MHz, 3996 MHz, 0 %, 0 %
2026/03/24 02:30:44.716, 4, 179.29 W, 26, 120 MHz, 3996 MHz, 0 %, 0 %
2026/03/24 02:30:44.716, 5, 180.58 W, 28, 120 MHz, 3996 MHz, 0 %, 0 %
2026/03/24 02:30:44.716, 6, 178.37 W, 26, 120 MHz, 3996 MHz, 0 %, 0 %
2026/03/24 02:30:44.716, 7, 176.58 W, 27, 120 MHz, 3996 MHz, 0 %, 0 %
2026/03/24 02:30:45.717, 0, 229.32 W, 28, 2032 MHz, 3996 MHz, 0 %, 0 %
2026/03/24 02:30:45.717, 1, 234.12 W, 30, 2032 MHz, 3996 MHz, 0 %, 0 %
2026/03/24 02:30:45.717, 2, 234.51 W, 27, 2032 MHz, 3996 MHz, 0 %, 0 %
2026/03/24 02:30:45.717, 3, 235.35 W, 30, 2032 MHz, 3996 MHz, 0 %, 0 %
2026/03/24 02:30:45.717, 4, 179.29 W, 26, 120 MHz, 3996 MHz, 0 %, 0 %
2026/03/24 02:30:45.717, 5, 180.58 W, 28, 120 MHz, 3996 MHz, 0 %, 0 %
2026/03/24 02:30:45.717, 6, 178.34 W, 26, 120 MHz, 3996 MHz, 0 %, 0 %
2026/03/24 02:30:45.717, 7, 176.58 W, 27, 120 MHz, 3996 MHz, 0 %, 0 %
2026/03/24 02:30:46.717, 0, 229.02 W, 28, 2032 MHz, 3996 MHz, 0 %, 0 %
2026/03/24 02:30:46.717, 1, 233.39 W, 30, 2032 MHz, 3996 MHz, 0 %, 0 %
2026/03/24 02:30:46.717, 2, 234.00 W, 27, 2032 MHz, 3996 MHz, 0 %, 0 %
2026/03/24 02:30:46.717, 3, 235.19 W, 30, 2032 MHz, 3996 MHz, 0 %, 0 %
2026/03/24 02:30:46.717, 4, 179.32 W, 26, 120 MHz, 3996 MHz, 0 %, 0 %
2026/03/24 02:30:46.717, 5, 180.58 W, 28, 120 MHz, 3996 MHz, 0 %, 0 %
2026/03/24 02:30:46.717, 6, 178.56 W, 26, 120 MHz, 3996 MHz, 0 %, 0 %
2026/03/24 02:30:46.717, 7, 176.58 W, 27, 120 MHz, 3996 MHz, 0 %, 0 %
2026/03/24 02:30:47.717, 0, 229.15 W, 28, 2032 MHz, 3996 MHz, 0 %, 0 %
2026/03/24 02:30:47.717, 1, 233.48 W, 30, 2032 MHz, 3996 MHz, 0 %, 0 %
2026/03/24 02:30:47.717, 2, 234.04 W, 27, 2032 MHz, 3996 MHz, 0 %, 0 %
2026/03/24 02:30:47.717, 3, 235.13 W, 30, 2032 MHz, 3996 MHz, 0 %, 0 %
2026/03/24 02:30:47.717, 4, 179.24 W, 26, 120 MHz, 3996 MHz, 0 %, 0 %
2026/03/24 02:30:47.717, 5, 180.58 W, 28, 120 MHz, 3996 MHz, 0 %, 0 %
2026/03/24 02:30:47.717, 6, 178.41 W, 26, 120 MHz, 3996 MHz, 0 %, 0 %
2026/03/24 02:30:47.717, 7, 176.58 W, 27, 120 MHz, 3996 MHz, 0 %, 0 %
2026/03/24 02:30:48.717, 0, 228.98 W, 28, 2032 MHz, 3996 MHz, 0 %, 0 %
2026/03/24 02:30:48.717, 1, 233.20 W, 30, 2032 MHz, 3996 MHz, 0 %, 0 %
2026/03/24 02:30:48.717, 2, 234.01 W, 27, 2032 MHz, 3996 MHz, 0 %, 0 %
2026/03/24 02:30:48.717, 3, 234.91 W, 30, 2032 MHz, 3996 MHz, 0 %, 0 %
2026/03/24 02:30:48.717, 4, 179.26 W, 26, 120 MHz, 3996 MHz, 0 %, 0 %
2026/03/24 02:30:48.717, 5, 180.58 W, 28, 120 MHz, 3996 MHz, 0 %, 0 %
2026/03/24 02:30:48.717, 6, 178.41 W, 26, 120 MHz, 3996 MHz, 0 %, 0 %
2026/03/24 02:30:48.717, 7, 176.58 W, 27, 120 MHz, 3996 MHz, 0 %, 0 %
2026/03/24 02:30:49.717, 0, 228.77 W, 28, 2032 MHz, 3996 MHz, 0 %, 0 %
2026/03/24 02:30:49.717, 1, 233.16 W, 30, 2032 MHz, 3996 MHz, 0 %, 0 %
2026/03/24 02:30:49.717, 2, 234.01 W, 27, 2032 MHz, 3996 MHz, 0 %, 0 %
2026/03/24 02:30:49.717, 3, 234.98 W, 30, 2032 MHz, 3996 MHz, 0 %, 0 %
2026/03/24 02:30:49.717, 4, 179.22 W, 26, 120 MHz, 3996 MHz, 0 %, 0 %
2026/03/24 02:30:49.717, 5, 180.58 W, 28, 120 MHz, 3996 MHz, 0 %, 0 %
2026/03/24 02:30:49.717, 6, 178.34 W, 26, 120 MHz, 3996 MHz, 0 %, 0 %
2026/03/24 02:30:49.717, 7, 176.58 W, 27, 120 MHz, 3996 MHz, 0 %, 0 %
2026/03/24 02:30:50.717, 0, 228.45 W, 28, 2032 MHz, 3996 MHz, 0 %, 0 %
2026/03/24 02:30:50.717, 1, 233.16 W, 30, 2032 MHz, 3996 MHz, 0 %, 0 %
2026/03/24 02:30:50.717, 2, 234.02 W, 27, 2032 MHz, 3996 MHz, 0 %, 0 %
2026/03/24 02:30:50.717, 3, 235.03 W, 30, 2032 MHz, 3996 MHz, 0 %, 0 %
2026/03/24 02:30:50.717, 4, 179.35 W, 26, 120 MHz, 3996 MHz, 0 %, 0 %
2026/03/24 02:30:50.717, 5, 180.58 W, 28, 120 MHz, 3996 MHz, 0 %, 0 %
2026/03/24 02:30:50.717, 6, 178.38 W, 26, 120 MHz, 3996 MHz, 0 %, 0 %
2026/03/24 02:30:50.717, 7, 176.58 W, 27, 120 MHz, 3996 MHz, 0 %, 0 %
2026/03/24 02:30:51.717, 0, 228.65 W, 28, 2032 MHz, 3996 MHz, 0 %, 0 %
2026/03/24 02:30:51.717, 1, 233.24 W, 30, 2032 MHz, 3996 MHz, 0 %, 0 %
2026/03/24 02:30:51.718, 2, 234.05 W, 27, 2032 MHz, 3996 MHz, 0 %, 0 %
2026/03/24 02:30:51.718, 3, 234.85 W, 30, 2032 MHz, 3996 MHz, 0 %, 0 %
2026/03/24 02:30:51.718, 4, 179.20 W, 26, 120 MHz, 3996 MHz, 0 %, 0 %
2026/03/24 02:30:51.718, 5, 180.58 W, 28, 120 MHz, 3996 MHz, 0 %, 0 %
2026/03/24 02:30:51.718, 6, 178.49 W, 26, 120 MHz, 3996 MHz, 0 %, 0 %
2026/03/24 02:30:51.718, 7, 176.58 W, 27, 120 MHz, 3996 MHz, 0 %, 0 %
2026/03/24 02:30:52.718, 0, 228.41 W, 28, 2032 MHz, 3996 MHz, 0 %, 0 %
2026/03/24 02:30:52.718, 1, 233.16 W, 30, 2032 MHz, 3996 MHz, 0 %, 0 %
2026/03/24 02:30:52.718, 2, 233.99 W, 27, 2032 MHz, 3996 MHz, 0 %, 0 %
2026/03/24 02:30:52.718, 3, 234.85 W, 30, 2032 MHz, 3996 MHz, 0 %, 0 %
2026/03/24 02:30:52.718, 4, 179.27 W, 26, 120 MHz, 3996 MHz, 0 %, 0 %
2026/03/24 02:30:52.718, 5, 180.58 W, 28, 120 MHz, 3996 MHz, 0 %, 0 %
2026/03/24 02:30:52.718, 6, 178.45 W, 26, 120 MHz, 3996 MHz, 0 %, 0 %
2026/03/24 02:30:52.718, 7, 176.62 W, 27, 120 MHz, 3996 MHz, 0 %, 0 %
2026/03/24 02:30:53.718, 0, 228.11 W, 28, 2032 MHz, 3996 MHz, 0 %, 0 %
2026/03/24 02:30:53.718, 1, 233.16 W, 30, 2032 MHz, 3996 MHz, 0 %, 0 %
2026/03/24 02:30:53.718, 2, 234.02 W, 27, 2032 MHz, 3996 MHz, 0 %, 0 %
2026/03/24 02:30:53.718, 3, 234.44 W, 30, 2032 MHz, 3996 MHz, 0 %, 0 %
2026/03/24 02:30:53.718, 4, 179.22 W, 26, 120 MHz, 3996 MHz, 0 %, 0 %
2026/03/24 02:30:53.718, 5, 180.58 W, 28, 120 MHz, 3996 MHz, 0 %, 0 %
2026/03/24 02:30:53.718, 6, 178.33 W, 26, 120 MHz, 3996 MHz, 0 %, 0 %
2026/03/24 02:30:53.718, 7, 176.58 W, 27, 120 MHz, 3996 MHz, 0 %, 0 %
2026/03/24 02:30:54.718, 0, 228.11 W, 28, 2032 MHz, 3996 MHz, 0 %, 0 %
2026/03/24 02:30:54.718, 1, 233.16 W, 30, 2032 MHz, 3996 MHz, 0 %, 0 %
2026/03/24 02:30:54.718, 2, 234.02 W, 27, 2032 MHz, 3996 MHz, 0 %, 0 %
2026/03/24 02:30:54.718, 3, 233.84 W, 30, 2032 MHz, 3996 MHz, 0 %, 0 %
2026/03/24 02:30:54.718, 4, 179.22 W, 26, 120 MHz, 3996 MHz, 0 %, 0 %
2026/03/24 02:30:54.718, 5, 180.58 W, 28, 120 MHz, 3996 MHz, 0 %, 0 %
2026/03/24 02:30:54.718, 6, 178.53 W, 26, 120 MHz, 3996 MHz, 0 %, 0 %
2026/03/24 02:30:54.718, 7, 176.58 W, 27, 120 MHz, 3996 MHz, 0 %, 0 %
2026/03/24 02:30:55.718, 0, 229.12 W, 28, 2032 MHz, 3996 MHz, 0 %, 0 %
2026/03/24 02:30:55.718, 1, 241.68 W, 30, 2032 MHz, 3996 MHz, 0 %, 0 %
2026/03/24 02:30:55.718, 2, 235.52 W, 27, 2032 MHz, 3996 MHz, 0 %, 0 %
2026/03/24 02:30:55.718, 3, 236.02 W, 30, 2032 MHz, 3996 MHz, 0 %, 0 %
2026/03/24 02:30:55.718, 4, 179.18 W, 26, 120 MHz, 3996 MHz, 0 %, 0 %
2026/03/24 02:30:55.718, 5, 180.58 W, 28, 120 MHz, 3996 MHz, 0 %, 0 %
2026/03/24 02:30:55.718, 6, 178.33 W, 26, 120 MHz, 3996 MHz, 0 %, 0 %
2026/03/24 02:30:55.718, 7, 176.58 W, 27, 120 MHz, 3996 MHz, 0 %, 0 %
2026/03/24 02:30:56.718, 0, 260.12 W, 28, 2032 MHz, 3996 MHz, 0 %, 0 %
2026/03/24 02:30:56.718, 1, 264.10 W, 30, 2032 MHz, 3996 MHz, 0 %, 0 %
2026/03/24 02:30:56.718, 2, 266.40 W, 27, 2032 MHz, 3996 MHz, 0 %, 0 %
2026/03/24 02:30:56.718, 3, 267.32 W, 30, 2032 MHz, 3996 MHz, 0 %, 0 %
2026/03/24 02:30:56.718, 4, 179.06 W, 26, 120 MHz, 3996 MHz, 0 %, 0 %
2026/03/24 02:30:56.718, 5, 180.58 W, 28, 120 MHz, 3996 MHz, 0 %, 0 %
2026/03/24 02:30:56.718, 6, 178.45 W, 26, 120 MHz, 3996 MHz, 0 %, 0 %
2026/03/24 02:30:56.718, 7, 176.59 W, 27, 120 MHz, 3996 MHz, 0 %, 0 %
2026/03/24 02:30:57.718, 0, 228.49 W, 28, 2032 MHz, 3996 MHz, 0 %, 0 %
2026/03/24 02:30:57.718, 1, 233.16 W, 30, 2032 MHz, 3996 MHz, 0 %, 0 %
2026/03/24 02:30:57.718, 2, 234.00 W, 27, 2032 MHz, 3996 MHz, 0 %, 0 %
2026/03/24 02:30:57.718, 3, 234.12 W, 30, 2032 MHz, 3996 MHz, 0 %, 0 %
2026/03/24 02:30:57.719, 4, 179.20 W, 26, 120 MHz, 3996 MHz, 0 %, 0 %
2026/03/24 02:30:57.719, 5, 180.58 W, 28, 120 MHz, 3996 MHz, 0 %, 0 %
2026/03/24 02:30:57.719, 6, 178.41 W, 26, 120 MHz, 3996 MHz, 0 %, 0 %
2026/03/24 02:30:57.719, 7, 176.58 W, 27, 120 MHz, 3996 MHz, 0 %, 0 %
2026/03/24 02:30:58.719, 0, 228.26 W, 28, 2032 MHz, 3996 MHz, 0 %, 0 %
2026/03/24 02:30:58.719, 1, 233.16 W, 30, 2032 MHz, 3996 MHz, 0 %, 0 %
2026/03/24 02:30:58.719, 2, 233.98 W, 27, 2032 MHz, 3996 MHz, 0 %, 0 %
2026/03/24 02:30:58.719, 3, 234.07 W, 30, 2032 MHz, 3996 MHz, 0 %, 0 %
2026/03/24 02:30:58.719, 4, 179.26 W, 26, 120 MHz, 3996 MHz, 0 %, 0 %
2026/03/24 02:30:58.719, 5, 180.58 W, 28, 120 MHz, 3996 MHz, 0 %, 0 %
2026/03/24 02:30:58.719, 6, 178.34 W, 26, 120 MHz, 3996 MHz, 0 %, 0 %
2026/03/24 02:30:58.719, 7, 176.58 W, 27, 120 MHz, 3996 MHz, 0 %, 0 %
2026/03/24 02:30:59.719, 0, 228.30 W, 28, 2032 MHz, 3996 MHz, 0 %, 0 %
2026/03/24 02:30:59.719, 1, 233.16 W, 30, 2032 MHz, 3996 MHz, 0 %, 0 %
2026/03/24 02:30:59.719, 2, 234.00 W, 27, 2032 MHz, 3996 MHz, 0 %, 0 %
2026/03/24 02:30:59.719, 3, 233.89 W, 30, 2032 MHz, 3996 MHz, 0 %, 0 %
2026/03/24 02:30:59.719, 4, 179.41 W, 26, 120 MHz, 3996 MHz, 0 %, 0 %
2026/03/24 02:30:59.719, 5, 180.58 W, 28, 120 MHz, 3996 MHz, 0 %, 0 %
2026/03/24 02:30:59.719, 6, 178.33 W, 26, 120 MHz, 3996 MHz, 0 %, 0 %
2026/03/24 02:30:59.719, 7, 176.58 W, 27, 120 MHz, 3996 MHz, 0 %, 0 %
2026/03/24 02:31:00.719, 0, 228.11 W, 28, 2032 MHz, 3996 MHz, 0 %, 0 %
2026/03/24 02:31:00.719, 1, 233.16 W, 30, 2032 MHz, 3996 MHz, 0 %, 0 %
2026/03/24 02:31:00.719, 2, 234.01 W, 27, 2032 MHz, 3996 MHz, 0 %, 0 %
2026/03/24 02:31:00.719, 3, 233.97 W, 30, 2032 MHz, 3996 MHz, 0 %, 0 %
2026/03/24 02:31:00.719, 4, 179.51 W, 26, 120 MHz, 3996 MHz, 0 %, 0 %
2026/03/24 02:31:00.719, 5, 180.58 W, 28, 120 MHz, 3996 MHz, 0 %, 0 %
2026/03/24 02:31:00.719, 6, 178.41 W, 26, 120 MHz, 3996 MHz, 0 %, 0 %
2026/03/24 02:31:00.719, 7, 176.58 W, 27, 120 MHz, 3996 MHz, 0 %, 0 %
2026/03/24 02:31:01.719, 0, 228.50 W, 28, 2032 MHz, 3996 MHz, 0 %, 0 %
2026/03/24 02:31:01.719, 1, 233.60 W, 30, 2032 MHz, 3996 MHz, 0 %, 0 %
2026/03/24 02:31:01.719, 2, 234.24 W, 27, 2032 MHz, 3996 MHz, 0 %, 0 %
2026/03/24 02:31:01.719, 3, 234.38 W, 30, 2032 MHz, 3996 MHz, 0 %, 0 %
2026/03/24 02:31:01.719, 4, 179.29 W, 26, 120 MHz, 3996 MHz, 0 %, 0 %
2026/03/24 02:31:01.719, 5, 180.58 W, 28, 120 MHz, 3996 MHz, 0 %, 0 %
2026/03/24 02:31:01.719, 6, 178.49 W, 26, 120 MHz, 3996 MHz, 0 %, 0 %
2026/03/24 02:31:01.719, 7, 176.58 W, 27, 120 MHz, 3996 MHz, 0 %, 0 %
2026/03/24 02:31:02.719, 0, 228.07 W, 28, 2032 MHz, 3996 MHz, 0 %, 0 %
2026/03/24 02:31:02.719, 1, 233.17 W, 30, 2032 MHz, 3996 MHz, 0 %, 0 %
2026/03/24 02:31:02.719, 2, 234.02 W, 27, 2032 MHz, 3996 MHz, 0 %, 0 %
2026/03/24 02:31:02.719, 3, 233.95 W, 30, 2032 MHz, 3996 MHz, 0 %, 0 %
2026/03/24 02:31:02.719, 4, 179.12 W, 26, 120 MHz, 3996 MHz, 0 %, 0 %
2026/03/24 02:31:02.719, 5, 180.58 W, 28, 120 MHz, 3996 MHz, 0 %, 0 %
2026/03/24 02:31:02.719, 6, 178.49 W, 26, 120 MHz, 3996 MHz, 0 %, 0 %
2026/03/24 02:31:02.719, 7, 176.58 W, 27, 120 MHz, 3996 MHz, 0 %, 0 %
2026/03/24 02:31:03.719, 0, 228.11 W, 28, 2032 MHz, 3996 MHz, 0 %, 0 %
2026/03/24 02:31:03.719, 1, 233.16 W, 30, 2032 MHz, 3996 MHz, 0 %, 0 %
2026/03/24 02:31:03.719, 2, 234.01 W, 27, 2032 MHz, 3996 MHz, 0 %, 0 %
2026/03/24 02:31:03.719, 3, 234.17 W, 30, 2032 MHz, 3996 MHz, 0 %, 0 %
2026/03/24 02:31:03.719, 4, 179.13 W, 26, 120 MHz, 3996 MHz, 0 %, 0 %
2026/03/24 02:31:03.719, 5, 180.58 W, 28, 120 MHz, 3996 MHz, 0 %, 0 %
2026/03/24 02:31:03.719, 6, 178.49 W, 26, 120 MHz, 3996 MHz, 0 %, 0 %
2026/03/24 02:31:03.719, 7, 176.58 W, 27, 120 MHz, 3996 MHz, 0 %, 0 %
2026/03/24 02:31:04.720, 0, 228.07 W, 27, 2032 MHz, 3996 MHz, 0 %, 0 %
2026/03/24 02:31:04.720, 1, 233.16 W, 30, 2032 MHz, 3996 MHz, 0 %, 0 %
2026/03/24 02:31:04.720, 2, 234.02 W, 27, 2032 MHz, 3996 MHz, 0 %, 0 %
2026/03/24 02:31:04.720, 3, 233.71 W, 30, 2032 MHz, 3996 MHz, 0 %, 0 %
2026/03/24 02:31:04.720, 4, 178.82 W, 26, 120 MHz, 3996 MHz, 0 %, 0 %
2026/03/24 02:31:04.720, 5, 180.58 W, 28, 120 MHz, 3996 MHz, 0 %, 0 %
2026/03/24 02:31:04.720, 6, 178.37 W, 26, 120 MHz, 3996 MHz, 0 %, 0 %
2026/03/24 02:31:04.720, 7, 176.58 W, 27, 120 MHz, 3996 MHz, 0 %, 0 %
2026/03/24 02:31:05.720, 0, 586.90 W, 37, 2032 MHz, 3996 MHz, 94 %, 35 %
2026/03/24 02:31:05.720, 1, 610.10 W, 39, 2032 MHz, 3996 MHz, 73 %, 25 %
2026/03/24 02:31:05.720, 2, 586.96 W, 37, 2032 MHz, 3996 MHz, 75 %, 28 %
2026/03/24 02:31:05.720, 3, 586.61 W, 40, 2032 MHz, 3996 MHz, 72 %, 26 %
2026/03/24 02:31:05.720, 4, 179.17 W, 26, 120 MHz, 3996 MHz, 0 %, 0 %
2026/03/24 02:31:05.720, 5, 180.58 W, 28, 120 MHz, 3996 MHz, 0 %, 0 %
2026/03/24 02:31:05.720, 6, 178.41 W, 26, 120 MHz, 3996 MHz, 0 %, 0 %
2026/03/24 02:31:05.720, 7, 176.58 W, 27, 120 MHz, 3996 MHz, 0 %, 0 %
2026/03/24 02:31:06.720, 0, 819.22 W, 37, 2032 MHz, 3996 MHz, 100 %, 53 %
2026/03/24 02:31:06.720, 1, 845.22 W, 39, 2032 MHz, 3996 MHz, 100 %, 54 %
2026/03/24 02:31:06.720, 2, 839.07 W, 37, 2032 MHz, 3996 MHz, 100 %, 53 %
2026/03/24 02:31:06.720, 3, 838.61 W, 40, 2032 MHz, 3996 MHz, 100 %, 53 %
2026/03/24 02:31:06.720, 4, 179.28 W, 26, 120 MHz, 3996 MHz, 0 %, 0 %
2026/03/24 02:31:06.720, 5, 180.58 W, 28, 120 MHz, 3996 MHz, 0 %, 0 %
2026/03/24 02:31:06.720, 6, 178.37 W, 26, 120 MHz, 3996 MHz, 0 %, 0 %
2026/03/24 02:31:06.720, 7, 176.58 W, 27, 120 MHz, 3996 MHz, 0 %, 0 %
2026/03/24 02:31:07.720, 0, 839.02 W, 37, 2032 MHz, 3996 MHz, 100 %, 57 %
2026/03/24 02:31:07.720, 1, 863.99 W, 40, 2032 MHz, 3996 MHz, 100 %, 58 %
2026/03/24 02:31:07.720, 2, 872.92 W, 38, 2032 MHz, 3996 MHz, 100 %, 57 %
2026/03/24 02:31:07.720, 3, 862.34 W, 40, 2032 MHz, 3996 MHz, 100 %, 57 %
2026/03/24 02:31:07.720, 4, 179.02 W, 26, 120 MHz, 3996 MHz, 0 %, 0 %
2026/03/24 02:31:07.720, 5, 180.58 W, 28, 120 MHz, 3996 MHz, 0 %, 0 %
2026/03/24 02:31:07.720, 6, 178.45 W, 26, 120 MHz, 3996 MHz, 0 %, 0 %
2026/03/24 02:31:07.720, 7, 176.59 W, 27, 120 MHz, 3996 MHz, 0 %, 0 %
2026/03/24 02:31:08.720, 0, 850.37 W, 38, 2032 MHz, 3996 MHz, 100 %, 59 %
2026/03/24 02:31:08.720, 1, 873.88 W, 40, 2032 MHz, 3996 MHz, 100 %, 59 %
2026/03/24 02:31:08.720, 2, 884.63 W, 38, 2032 MHz, 3996 MHz, 100 %, 59 %
2026/03/24 02:31:08.720, 3, 875.07 W, 41, 2032 MHz, 3996 MHz, 100 %, 59 %
2026/03/24 02:31:08.720, 4, 178.99 W, 26, 120 MHz, 3996 MHz, 0 %, 0 %
2026/03/24 02:31:08.720, 5, 180.58 W, 28, 120 MHz, 3996 MHz, 0 %, 0 %
2026/03/24 02:31:08.720, 6, 178.37 W, 26, 120 MHz, 3996 MHz, 0 %, 0 %
2026/03/24 02:31:08.720, 7, 176.58 W, 27, 120 MHz, 3996 MHz, 0 %, 0 %
2026/03/24 02:31:09.720, 0, 853.85 W, 38, 2032 MHz, 3996 MHz, 100 %, 60 %
2026/03/24 02:31:09.720, 1, 879.01 W, 41, 2032 MHz, 3996 MHz, 100 %, 60 %
2026/03/24 02:31:09.720, 2, 889.77 W, 39, 2032 MHz, 3996 MHz, 100 %, 60 %
2026/03/24 02:31:09.720, 3, 880.16 W, 42, 2032 MHz, 3996 MHz, 100 %, 60 %
2026/03/24 02:31:09.720, 4, 178.98 W, 26, 120 MHz, 3996 MHz, 0 %, 0 %
2026/03/24 02:31:09.721, 5, 180.58 W, 28, 120 MHz, 3996 MHz, 0 %, 0 %
2026/03/24 02:31:09.721, 6, 178.38 W, 26, 120 MHz, 3996 MHz, 0 %, 0 %
2026/03/24 02:31:09.721, 7, 176.58 W, 27, 120 MHz, 3996 MHz, 0 %, 0 %
2026/03/24 02:31:10.721, 0, 858.30 W, 39, 2032 MHz, 3996 MHz, 100 %, 60 %
2026/03/24 02:31:10.721, 1, 882.79 W, 41, 2032 MHz, 3996 MHz, 100 %, 60 %
2026/03/24 02:31:10.721, 2, 893.49 W, 39, 2032 MHz, 3996 MHz, 100 %, 60 %
2026/03/24 02:31:10.721, 3, 884.16 W, 42, 2032 MHz, 3996 MHz, 100 %, 60 %
2026/03/24 02:31:10.721, 4, 179.29 W, 26, 120 MHz, 3996 MHz, 0 %, 0 %
2026/03/24 02:31:10.721, 5, 180.58 W, 28, 120 MHz, 3996 MHz, 0 %, 0 %
2026/03/24 02:31:10.721, 6, 178.45 W, 26, 120 MHz, 3996 MHz, 0 %, 0 %
2026/03/24 02:31:10.721, 7, 176.58 W, 27, 120 MHz, 3996 MHz, 0 %, 0 %
2026/03/24 02:31:11.721, 0, 862.75 W, 39, 2032 MHz, 3996 MHz, 100 %, 61 %
2026/03/24 02:31:11.721, 1, 885.38 W, 42, 2032 MHz, 3996 MHz, 100 %, 60 %
2026/03/24 02:31:11.721, 2, 896.42 W, 40, 2032 MHz, 3996 MHz, 100 %, 61 %
2026/03/24 02:31:11.721, 3, 887.48 W, 42, 2032 MHz, 3996 MHz, 100 %, 61 %
2026/03/24 02:31:11.721, 4, 179.36 W, 26, 120 MHz, 3996 MHz, 0 %, 0 %
2026/03/24 02:31:11.721, 5, 180.58 W, 28, 120 MHz, 3996 MHz, 0 %, 0 %
2026/03/24 02:31:11.721, 6, 178.37 W, 26, 120 MHz, 3996 MHz, 0 %, 0 %
2026/03/24 02:31:11.721, 7, 176.58 W, 27, 120 MHz, 3996 MHz, 0 %, 0 %
2026/03/24 02:31:12.721, 0, 864.08 W, 39, 2032 MHz, 3996 MHz, 100 %, 61 %
2026/03/24 02:31:12.721, 1, 885.25 W, 42, 2032 MHz, 3996 MHz, 100 %, 61 %
2026/03/24 02:31:12.721, 2, 898.19 W, 40, 2032 MHz, 3996 MHz, 100 %, 61 %
2026/03/24 02:31:12.721, 3, 889.33 W, 43, 2032 MHz, 3996 MHz, 100 %, 61 %
2026/03/24 02:31:12.721, 4, 179.14 W, 26, 120 MHz, 3996 MHz, 0 %, 0 %
2026/03/24 02:31:12.721, 5, 180.58 W, 28, 120 MHz, 3996 MHz, 0 %, 0 %
2026/03/24 02:31:12.721, 6, 178.41 W, 26, 120 MHz, 3996 MHz, 0 %, 0 %
2026/03/24 02:31:12.721, 7, 176.58 W, 27, 120 MHz, 3996 MHz, 0 %, 0 %
2026/03/24 02:31:13.721, 0, 864.79 W, 40, 2032 MHz, 3996 MHz, 100 %, 62 %
2026/03/24 02:31:13.721, 1, 887.67 W, 42, 2032 MHz, 3996 MHz, 100 %, 62 %
2026/03/24 02:31:13.721, 2, 898.48 W, 40, 2032 MHz, 3996 MHz, 100 %, 61 %
2026/03/24 02:31:13.721, 3, 892.02 W, 43, 2032 MHz, 3996 MHz, 100 %, 61 %
2026/03/24 02:31:13.721, 4, 179.01 W, 26, 120 MHz, 3996 MHz, 0 %, 0 %
2026/03/24 02:31:13.721, 5, 180.58 W, 28, 120 MHz, 3996 MHz, 0 %, 0 %
2026/03/24 02:31:13.721, 6, 178.60 W, 26, 120 MHz, 3996 MHz, 0 %, 0 %
2026/03/24 02:31:13.721, 7, 176.58 W, 27, 120 MHz, 3996 MHz, 0 %, 0 %
2026/03/24 02:31:14.721, 0, 866.24 W, 40, 2032 MHz, 3996 MHz, 100 %, 61 %
2026/03/24 02:31:14.721, 1, 888.78 W, 43, 2032 MHz, 3996 MHz, 100 %, 62 %
2026/03/24 02:31:14.721, 2, 898.47 W, 40, 2032 MHz, 3996 MHz, 100 %, 62 %
2026/03/24 02:31:14.721, 3, 894.23 W, 43, 2032 MHz, 3996 MHz, 100 %, 62 %
2026/03/24 02:31:14.721, 4, 179.45 W, 26, 120 MHz, 3996 MHz, 0 %, 0 %
2026/03/24 02:31:14.721, 5, 180.58 W, 28, 120 MHz, 3996 MHz, 0 %, 0 %
2026/03/24 02:31:14.721, 6, 178.49 W, 26, 120 MHz, 3996 MHz, 0 %, 0 %
2026/03/24 02:31:14.721, 7, 176.58 W, 27, 120 MHz, 3996 MHz, 0 %, 0 %
2026/03/24 02:31:15.721, 0, 867.44 W, 40, 2032 MHz, 3996 MHz, 100 %, 62 %
2026/03/24 02:31:15.721, 1, 891.24 W, 43, 2032 MHz, 3996 MHz, 100 %, 62 %
2026/03/24 02:31:15.721, 2, 900.57 W, 41, 2032 MHz, 3996 MHz, 100 %, 62 %
2026/03/24 02:31:15.721, 3, 895.43 W, 44, 2032 MHz, 3996 MHz, 100 %, 62 %
2026/03/24 02:31:15.721, 4, 179.14 W, 26, 120 MHz, 3996 MHz, 0 %, 0 %
2026/03/24 02:31:15.721, 5, 180.58 W, 28, 120 MHz, 3996 MHz, 0 %, 0 %
2026/03/24 02:31:15.721, 6, 178.49 W, 26, 120 MHz, 3996 MHz, 0 %, 0 %
2026/03/24 02:31:15.721, 7, 176.58 W, 27, 120 MHz, 3996 MHz, 0 %, 0 %
2026/03/24 02:31:16.722, 0, 871.82 W, 40, 2032 MHz, 3996 MHz, 100 %, 61 %
2026/03/24 02:31:16.722, 1, 893.11 W, 43, 2032 MHz, 3996 MHz, 100 %, 62 %
2026/03/24 02:31:16.722, 2, 903.03 W, 41, 2032 MHz, 3996 MHz, 100 %, 62 %
2026/03/24 02:31:16.722, 3, 897.94 W, 44, 2032 MHz, 3996 MHz, 100 %, 62 %
2026/03/24 02:31:16.722, 4, 179.12 W, 26, 120 MHz, 3996 MHz, 0 %, 0 %
2026/03/24 02:31:16.722, 5, 180.58 W, 28, 120 MHz, 3996 MHz, 0 %, 0 %
2026/03/24 02:31:16.722, 6, 178.41 W, 26, 120 MHz, 3996 MHz, 0 %, 0 %
2026/03/24 02:31:16.722, 7, 176.58 W, 27, 120 MHz, 3996 MHz, 0 %, 0 %
2026/03/24 02:31:17.722, 0, 868.89 W, 41, 2032 MHz, 3996 MHz, 100 %, 61 %
2026/03/24 02:31:17.722, 1, 892.67 W, 44, 2032 MHz, 3996 MHz, 100 %, 61 %
2026/03/24 02:31:17.722, 2, 903.72 W, 41, 2032 MHz, 3996 MHz, 100 %, 61 %
2026/03/24 02:31:17.722, 3, 895.76 W, 44, 2032 MHz, 3996 MHz, 100 %, 61 %
2026/03/24 02:31:17.722, 4, 179.13 W, 26, 120 MHz, 3996 MHz, 0 %, 0 %
2026/03/24 02:31:17.722, 5, 180.58 W, 28, 120 MHz, 3996 MHz, 0 %, 0 %
2026/03/24 02:31:17.722, 6, 178.53 W, 26, 120 MHz, 3996 MHz, 0 %, 0 %
2026/03/24 02:31:17.722, 7, 176.58 W, 27, 120 MHz, 3996 MHz, 0 %, 0 %
2026/03/24 02:31:18.722, 0, 872.59 W, 41, 2032 MHz, 3996 MHz, 100 %, 62 %
2026/03/24 02:31:18.722, 1, 896.89 W, 44, 2032 MHz, 3996 MHz, 100 %, 61 %
2026/03/24 02:31:18.722, 2, 904.56 W, 42, 2032 MHz, 3996 MHz, 100 %, 61 %
2026/03/24 02:31:18.722, 3, 898.31 W, 45, 2032 MHz, 3996 MHz, 100 %, 62 %
2026/03/24 02:31:18.722, 4, 179.06 W, 26, 120 MHz, 3996 MHz, 0 %, 0 %
2026/03/24 02:31:18.722, 5, 180.58 W, 28, 120 MHz, 3996 MHz, 0 %, 0 %
2026/03/24 02:31:18.722, 6, 178.52 W, 26, 120 MHz, 3996 MHz, 0 %, 0 %
2026/03/24 02:31:18.722, 7, 176.58 W, 27, 120 MHz, 3996 MHz, 0 %, 0 %
2026/03/24 02:31:19.722, 0, 872.83 W, 41, 2032 MHz, 3996 MHz, 100 %, 61 %
2026/03/24 02:31:19.722, 1, 897.95 W, 44, 2032 MHz, 3996 MHz, 100 %, 61 %
2026/03/24 02:31:19.722, 2, 906.23 W, 42, 2032 MHz, 3996 MHz, 100 %, 62 %
2026/03/24 02:31:19.722, 3, 899.05 W, 45, 2032 MHz, 3996 MHz, 100 %, 61 %
2026/03/24 02:31:19.722, 4, 179.39 W, 26, 120 MHz, 3996 MHz, 0 %, 0 %
2026/03/24 02:31:19.722, 5, 180.58 W, 28, 120 MHz, 3996 MHz, 0 %, 0 %
2026/03/24 02:31:19.722, 6, 178.53 W, 26, 120 MHz, 3996 MHz, 0 %, 0 %
2026/03/24 02:31:19.722, 7, 176.58 W, 27, 120 MHz, 3996 MHz, 0 %, 0 %
2026/03/24 02:31:20.722, 0, 872.33 W, 42, 2032 MHz, 3996 MHz, 100 %, 62 %
2026/03/24 02:31:20.722, 1, 895.92 W, 44, 2032 MHz, 3996 MHz, 100 %, 62 %
2026/03/24 02:31:20.722, 2, 906.27 W, 42, 2032 MHz, 3996 MHz, 100 %, 62 %
2026/03/24 02:31:20.722, 3, 903.42 W, 45, 2032 MHz, 3996 MHz, 100 %, 62 %
2026/03/24 02:31:20.722, 4, 179.21 W, 26, 120 MHz, 3996 MHz, 0 %, 0 %
2026/03/24 02:31:20.722, 5, 180.58 W, 28, 120 MHz, 3996 MHz, 0 %, 0 %
2026/03/24 02:31:20.722, 6, 178.56 W, 26, 120 MHz, 3996 MHz, 0 %, 0 %
2026/03/24 02:31:20.722, 7, 176.58 W, 27, 120 MHz, 3996 MHz, 0 %, 0 %
2026/03/24 02:31:21.722, 0, 876.64 W, 42, 2032 MHz, 3996 MHz, 100 %, 62 %
2026/03/24 02:31:21.722, 1, 900.21 W, 45, 2032 MHz, 3996 MHz, 100 %, 62 %
2026/03/24 02:31:21.722, 2, 908.39 W, 43, 2032 MHz, 3996 MHz, 100 %, 63 %
2026/03/24 02:31:21.722, 3, 901.66 W, 45, 2032 MHz, 3996 MHz, 100 %, 62 %
2026/03/24 02:31:21.722, 4, 179.13 W, 26, 120 MHz, 3996 MHz, 0 %, 0 %
2026/03/24 02:31:21.722, 5, 180.58 W, 28, 120 MHz, 3996 MHz, 0 %, 0 %
2026/03/24 02:31:21.722, 6, 178.60 W, 26, 120 MHz, 3996 MHz, 0 %, 0 %
2026/03/24 02:31:21.722, 7, 176.58 W, 27, 120 MHz, 3996 MHz, 0 %, 0 %
2026/03/24 02:31:22.722, 0, 876.92 W, 42, 2032 MHz, 3996 MHz, 100 %, 63 %
2026/03/24 02:31:22.722, 1, 900.80 W, 45, 2032 MHz, 3996 MHz, 100 %, 62 %
2026/03/24 02:31:22.722, 2, 910.90 W, 43, 2032 MHz, 3996 MHz, 100 %, 62 %
2026/03/24 02:31:22.722, 3, 902.20 W, 46, 2032 MHz, 3996 MHz, 100 %, 62 %
2026/03/24 02:31:22.723, 4, 178.98 W, 26, 120 MHz, 3996 MHz, 0 %, 0 %
2026/03/24 02:31:22.723, 5, 180.58 W, 28, 120 MHz, 3996 MHz, 0 %, 0 %
2026/03/24 02:31:22.723, 6, 178.41 W, 26, 120 MHz, 3996 MHz, 0 %, 0 %
2026/03/24 02:31:22.723, 7, 176.58 W, 27, 120 MHz, 3996 MHz, 0 %, 0 %
2026/03/24 02:31:23.723, 0, 876.28 W, 42, 2032 MHz, 3996 MHz, 100 %, 62 %
2026/03/24 02:31:23.723, 1, 902.73 W, 45, 2032 MHz, 3996 MHz, 100 %, 63 %
2026/03/24 02:31:23.723, 2, 909.04 W, 43, 2032 MHz, 3996 MHz, 100 %, 63 %
2026/03/24 02:31:23.723, 3, 902.84 W, 46, 2032 MHz, 3996 MHz, 100 %, 62 %
2026/03/24 02:31:23.723, 4, 179.07 W, 26, 120 MHz, 3996 MHz, 0 %, 0 %
2026/03/24 02:31:23.723, 5, 180.58 W, 28, 120 MHz, 3996 MHz, 0 %, 0 %
2026/03/24 02:31:23.723, 6, 178.52 W, 26, 120 MHz, 3996 MHz, 0 %, 0 %
2026/03/24 02:31:23.723, 7, 176.58 W, 27, 120 MHz, 3996 MHz, 0 %, 0 %
2026/03/24 02:31:24.723, 0, 878.55 W, 42, 2032 MHz, 3996 MHz, 100 %, 63 %
2026/03/24 02:31:24.723, 1, 903.88 W, 45, 2032 MHz, 3996 MHz, 100 %, 62 %
2026/03/24 02:31:24.723, 2, 911.93 W, 43, 2032 MHz, 3996 MHz, 100 %, 62 %
2026/03/24 02:31:24.723, 3, 905.84 W, 46, 2032 MHz, 3996 MHz, 100 %, 63 %
2026/03/24 02:31:24.723, 4, 179.05 W, 26, 120 MHz, 3996 MHz, 0 %, 0 %
2026/03/24 02:31:24.723, 5, 180.58 W, 28, 120 MHz, 3996 MHz, 0 %, 0 %
2026/03/24 02:31:24.723, 6, 178.49 W, 26, 120 MHz, 3996 MHz, 0 %, 0 %
2026/03/24 02:31:24.723, 7, 176.58 W, 27, 120 MHz, 3996 MHz, 0 %, 0 %
2026/03/24 02:31:25.723, 0, 880.56 W, 43, 2032 MHz, 3996 MHz, 100 %, 63 %
2026/03/24 02:31:25.723, 1, 904.97 W, 46, 2032 MHz, 3996 MHz, 100 %, 63 %
2026/03/24 02:31:25.723, 2, 913.49 W, 43, 2032 MHz, 3996 MHz, 100 %, 64 %
2026/03/24 02:31:25.723, 3, 905.82 W, 46, 2032 MHz, 3996 MHz, 100 %, 62 %
2026/03/24 02:31:25.723, 4, 179.24 W, 26, 120 MHz, 3996 MHz, 0 %, 0 %
2026/03/24 02:31:25.723, 5, 180.58 W, 28, 120 MHz, 3996 MHz, 0 %, 0 %
2026/03/24 02:31:25.723, 6, 178.45 W, 26, 120 MHz, 3996 MHz, 0 %, 0 %
2026/03/24 02:31:25.723, 7, 176.58 W, 27, 120 MHz, 3996 MHz, 0 %, 0 %
2026/03/24 02:31:26.723, 0, 880.26 W, 43, 2032 MHz, 3996 MHz, 100 %, 63 %
2026/03/24 02:31:26.723, 1, 905.41 W, 46, 2032 MHz, 3996 MHz, 100 %, 62 %
2026/03/24 02:31:26.723, 2, 914.16 W, 44, 2032 MHz, 3996 MHz, 100 %, 63 %
2026/03/24 02:31:26.723, 3, 908.93 W, 46, 2032 MHz, 3996 MHz, 100 %, 63 %
2026/03/24 02:31:26.723, 4, 179.14 W, 26, 120 MHz, 3996 MHz, 0 %, 0 %
2026/03/24 02:31:26.723, 5, 180.58 W, 28, 120 MHz, 3996 MHz, 0 %, 0 %
2026/03/24 02:31:26.723, 6, 178.41 W, 26, 120 MHz, 3996 MHz, 0 %, 0 %
2026/03/24 02:31:26.723, 7, 176.58 W, 27, 120 MHz, 3996 MHz, 0 %, 0 %
2026/03/24 02:31:27.723, 0, 883.37 W, 43, 2032 MHz, 3996 MHz, 100 %, 63 %
2026/03/24 02:31:27.723, 1, 902.80 W, 46, 2032 MHz, 3996 MHz, 100 %, 62 %
2026/03/24 02:31:27.723, 2, 913.23 W, 44, 2032 MHz, 3996 MHz, 100 %, 63 %
2026/03/24 02:31:27.723, 3, 910.29 W, 47, 2032 MHz, 3996 MHz, 100 %, 63 %
2026/03/24 02:31:27.723, 4, 179.33 W, 26, 120 MHz, 3996 MHz, 0 %, 0 %
2026/03/24 02:31:27.723, 5, 180.58 W, 28, 120 MHz, 3996 MHz, 0 %, 0 %
2026/03/24 02:31:27.723, 6, 178.41 W, 26, 120 MHz, 3996 MHz, 0 %, 0 %
2026/03/24 02:31:27.723, 7, 176.58 W, 27, 120 MHz, 3996 MHz, 0 %, 0 %
2026/03/24 02:31:28.723, 0, 881.88 W, 43, 2032 MHz, 3996 MHz, 100 %, 63 %
2026/03/24 02:31:28.723, 1, 905.84 W, 46, 2032 MHz, 3996 MHz, 100 %, 62 %
2026/03/24 02:31:28.723, 2, 918.01 W, 44, 2032 MHz, 3996 MHz, 100 %, 63 %
2026/03/24 02:31:28.723, 3, 908.09 W, 47, 2032 MHz, 3996 MHz, 100 %, 63 %
2026/03/24 02:31:28.723, 4, 178.98 W, 26, 120 MHz, 3996 MHz, 0 %, 0 %
2026/03/24 02:31:28.723, 5, 180.58 W, 28, 120 MHz, 3996 MHz, 0 %, 0 %
2026/03/24 02:31:28.723, 6, 178.37 W, 26, 120 MHz, 3996 MHz, 0 %, 0 %
2026/03/24 02:31:28.723, 7, 176.58 W, 27, 120 MHz, 3996 MHz, 0 %, 0 %
2026/03/24 02:31:29.724, 0, 881.77 W, 43, 2032 MHz, 3996 MHz, 100 %, 63 %
2026/03/24 02:31:29.724, 1, 910.13 W, 46, 2032 MHz, 3996 MHz, 100 %, 63 %
2026/03/24 02:31:29.724, 2, 914.37 W, 44, 2032 MHz, 3996 MHz, 100 %, 63 %
2026/03/24 02:31:29.724, 3, 910.56 W, 47, 2032 MHz, 3996 MHz, 100 %, 63 %
2026/03/24 02:31:29.724, 4, 179.08 W, 26, 120 MHz, 3996 MHz, 0 %, 0 %
2026/03/24 02:31:29.724, 5, 180.58 W, 28, 120 MHz, 3996 MHz, 0 %, 0 %
2026/03/24 02:31:29.724, 6, 178.21 W, 26, 120 MHz, 3996 MHz, 0 %, 0 %
2026/03/24 02:31:29.724, 7, 176.58 W, 27, 120 MHz, 3996 MHz, 0 %, 0 %
2026/03/24 02:31:30.724, 0, 884.37 W, 43, 2032 MHz, 3996 MHz, 100 %, 63 %
2026/03/24 02:31:30.724, 1, 912.71 W, 46, 2032 MHz, 3996 MHz, 100 %, 63 %
2026/03/24 02:31:30.724, 2, 915.70 W, 44, 2032 MHz, 3996 MHz, 100 %, 64 %
2026/03/24 02:31:30.724, 3, 914.31 W, 47, 2032 MHz, 3996 MHz, 100 %, 63 %
2026/03/24 02:31:30.724, 4, 179.01 W, 26, 120 MHz, 3996 MHz, 0 %, 0 %
2026/03/24 02:31:30.724, 5, 180.58 W, 28, 120 MHz, 3996 MHz, 0 %, 0 %
2026/03/24 02:31:30.724, 6, 178.52 W, 26, 120 MHz, 3996 MHz, 0 %, 0 %
2026/03/24 02:31:30.724, 7, 176.58 W, 27, 120 MHz, 3996 MHz, 0 %, 0 %
2026/03/24 02:31:31.724, 0, 885.85 W, 44, 2032 MHz, 3996 MHz, 100 %, 63 %
2026/03/24 02:31:31.724, 1, 910.67 W, 47, 2032 MHz, 3996 MHz, 100 %, 63 %
2026/03/24 02:31:31.724, 2, 916.94 W, 44, 2032 MHz, 3996 MHz, 100 %, 63 %
2026/03/24 02:31:31.724, 3, 915.33 W, 47, 2032 MHz, 3996 MHz, 100 %, 63 %
2026/03/24 02:31:31.724, 4, 179.37 W, 25, 120 MHz, 3996 MHz, 0 %, 0 %
2026/03/24 02:31:31.724, 5, 180.58 W, 28, 120 MHz, 3996 MHz, 0 %, 0 %
2026/03/24 02:31:31.724, 6, 178.38 W, 26, 120 MHz, 3996 MHz, 0 %, 0 %
2026/03/24 02:31:31.724, 7, 176.58 W, 27, 120 MHz, 3996 MHz, 0 %, 0 %
2026/03/24 02:31:32.724, 0, 887.67 W, 44, 2032 MHz, 3996 MHz, 100 %, 63 %
2026/03/24 02:31:32.724, 1, 906.81 W, 47, 2032 MHz, 3996 MHz, 100 %, 63 %
2026/03/24 02:31:32.724, 2, 917.80 W, 44, 2032 MHz, 3996 MHz, 100 %, 63 %
2026/03/24 02:31:32.724, 3, 916.71 W, 47, 2032 MHz, 3996 MHz, 100 %, 63 %
2026/03/24 02:31:32.724, 4, 179.09 W, 25, 120 MHz, 3996 MHz, 0 %, 0 %
2026/03/24 02:31:32.724, 5, 180.58 W, 28, 120 MHz, 3996 MHz, 0 %, 0 %
2026/03/24 02:31:32.724, 6, 178.37 W, 26, 120 MHz, 3996 MHz, 0 %, 0 %
2026/03/24 02:31:32.724, 7, 176.58 W, 27, 120 MHz, 3996 MHz, 0 %, 0 %
2026/03/24 02:31:33.724, 0, 889.83 W, 44, 2032 MHz, 3996 MHz, 100 %, 63 %
2026/03/24 02:31:33.724, 1, 910.16 W, 47, 2032 MHz, 3996 MHz, 100 %, 63 %
2026/03/24 02:31:33.724, 2, 920.71 W, 44, 2032 MHz, 3996 MHz, 100 %, 63 %
2026/03/24 02:31:33.724, 3, 916.16 W, 48, 2032 MHz, 3996 MHz, 100 %, 63 %
2026/03/24 02:31:33.724, 4, 179.26 W, 25, 120 MHz, 3996 MHz, 0 %, 0 %
2026/03/24 02:31:33.724, 5, 180.58 W, 28, 120 MHz, 3996 MHz, 0 %, 0 %
2026/03/24 02:31:33.724, 6, 178.29 W, 26, 120 MHz, 3996 MHz, 0 %, 0 %
2026/03/24 02:31:33.724, 7, 176.58 W, 27, 120 MHz, 3996 MHz, 0 %, 0 %
2026/03/24 02:31:34.724, 0, 891.43 W, 44, 2032 MHz, 3996 MHz, 100 %, 63 %
2026/03/24 02:31:34.724, 1, 912.50 W, 47, 2032 MHz, 3996 MHz, 100 %, 64 %
2026/03/24 02:31:34.724, 2, 923.72 W, 45, 2032 MHz, 3996 MHz, 100 %, 63 %
2026/03/24 02:31:34.724, 3, 915.92 W, 48, 2032 MHz, 3996 MHz, 100 %, 63 %
2026/03/24 02:31:34.724, 4, 178.99 W, 25, 120 MHz, 3996 MHz, 0 %, 0 %
2026/03/24 02:31:34.724, 5, 180.58 W, 28, 120 MHz, 3996 MHz, 0 %, 0 %
2026/03/24 02:31:34.724, 6, 178.37 W, 26, 120 MHz, 3996 MHz, 0 %, 0 %
2026/03/24 02:31:34.724, 7, 176.58 W, 27, 120 MHz, 3996 MHz, 0 %, 0 %
2026/03/24 02:31:35.724, 0, 893.99 W, 44, 2032 MHz, 3996 MHz, 100 %, 64 %
2026/03/24 02:31:35.724, 1, 914.10 W, 47, 2032 MHz, 3996 MHz, 100 %, 64 %
2026/03/24 02:31:35.724, 2, 926.16 W, 45, 2032 MHz, 3996 MHz, 100 %, 63 %
2026/03/24 02:31:35.724, 3, 914.10 W, 48, 2032 MHz, 3996 MHz, 100 %, 63 %
2026/03/24 02:31:35.724, 4, 179.18 W, 25, 120 MHz, 3996 MHz, 0 %, 0 %
2026/03/24 02:31:35.724, 5, 180.58 W, 28, 120 MHz, 3996 MHz, 0 %, 0 %
2026/03/24 02:31:35.724, 6, 178.18 W, 26, 120 MHz, 3996 MHz, 0 %, 0 %
2026/03/24 02:31:35.724, 7, 176.58 W, 27, 120 MHz, 3996 MHz, 0 %, 0 %
2026/03/24 02:31:36.725, 0, 894.17 W, 44, 2032 MHz, 3996 MHz, 100 %, 63 %
2026/03/24 02:31:36.725, 1, 914.14 W, 47, 2032 MHz, 3996 MHz, 100 %, 63 %
2026/03/24 02:31:36.725, 2, 926.34 W, 45, 2032 MHz, 3996 MHz, 100 %, 63 %
2026/03/24 02:31:36.725, 3, 912.14 W, 48, 2032 MHz, 3996 MHz, 100 %, 63 %
2026/03/24 02:31:36.725, 4, 179.20 W, 25, 120 MHz, 3996 MHz, 0 %, 0 %
2026/03/24 02:31:36.725, 5, 180.58 W, 28, 120 MHz, 3996 MHz, 0 %, 0 %
2026/03/24 02:31:36.725, 6, 178.17 W, 26, 120 MHz, 3996 MHz, 0 %, 0 %
2026/03/24 02:31:36.725, 7, 176.58 W, 27, 120 MHz, 3996 MHz, 0 %, 0 %
2026/03/24 02:31:37.725, 0, 890.26 W, 44, 2032 MHz, 3996 MHz, 100 %, 63 %
2026/03/24 02:31:37.725, 1, 912.57 W, 47, 2032 MHz, 3996 MHz, 100 %, 63 %
2026/03/24 02:31:37.725, 2, 924.12 W, 45, 2032 MHz, 3996 MHz, 100 %, 64 %
2026/03/24 02:31:37.725, 3, 917.13 W, 48, 2032 MHz, 3996 MHz, 100 %, 63 %
2026/03/24 02:31:37.725, 4, 179.05 W, 25, 120 MHz, 3996 MHz, 0 %, 0 %
2026/03/24 02:31:37.725, 5, 180.58 W, 28, 120 MHz, 3996 MHz, 0 %, 0 %
2026/03/24 02:31:37.725, 6, 178.33 W, 26, 120 MHz, 3996 MHz, 0 %, 0 %
2026/03/24 02:31:37.725, 7, 176.58 W, 27, 120 MHz, 3996 MHz, 0 %, 0 %
2026/03/24 02:31:38.725, 0, 889.44 W, 44, 2032 MHz, 3996 MHz, 100 %, 64 %
2026/03/24 02:31:38.725, 1, 915.59 W, 48, 2032 MHz, 3996 MHz, 100 %, 62 %
2026/03/24 02:31:38.725, 2, 923.38 W, 45, 2032 MHz, 3996 MHz, 100 %, 64 %
2026/03/24 02:31:38.725, 3, 917.07 W, 48, 2032 MHz, 3996 MHz, 100 %, 63 %
2026/03/24 02:31:38.725, 4, 179.35 W, 25, 120 MHz, 3996 MHz, 0 %, 0 %
2026/03/24 02:31:38.725, 5, 180.58 W, 28, 120 MHz, 3996 MHz, 0 %, 0 %
2026/03/24 02:31:38.725, 6, 178.30 W, 26, 120 MHz, 3996 MHz, 0 %, 0 %
2026/03/24 02:31:38.725, 7, 176.58 W, 27, 120 MHz, 3996 MHz, 0 %, 0 %
2026/03/24 02:31:39.725, 0, 890.89 W, 44, 2032 MHz, 3996 MHz, 100 %, 63 %
2026/03/24 02:31:39.725, 1, 912.93 W, 48, 2032 MHz, 3996 MHz, 100 %, 63 %
2026/03/24 02:31:39.725, 2, 921.57 W, 45, 2032 MHz, 3996 MHz, 100 %, 63 %
2026/03/24 02:31:39.725, 3, 919.62 W, 48, 2032 MHz, 3996 MHz, 100 %, 63 %
2026/03/24 02:31:39.725, 4, 179.44 W, 25, 120 MHz, 3996 MHz, 0 %, 0 %
2026/03/24 02:31:39.725, 5, 180.58 W, 28, 120 MHz, 3996 MHz, 0 %, 0 %
2026/03/24 02:31:39.725, 6, 178.10 W, 26, 120 MHz, 3996 MHz, 0 %, 0 %
2026/03/24 02:31:39.725, 7, 176.58 W, 27, 120 MHz, 3996 MHz, 0 %, 0 %
2026/03/24 02:31:40.725, 0, 893.63 W, 44, 2032 MHz, 3996 MHz, 100 %, 64 %
2026/03/24 02:31:40.725, 1, 916.63 W, 48, 2032 MHz, 3996 MHz, 100 %, 64 %
2026/03/24 02:31:40.725, 2, 925.56 W, 45, 2032 MHz, 3996 MHz, 100 %, 63 %
2026/03/24 02:31:40.725, 3, 920.12 W, 48, 2032 MHz, 3996 MHz, 100 %, 63 %
2026/03/24 02:31:40.725, 4, 179.24 W, 25, 120 MHz, 3996 MHz, 0 %, 0 %
2026/03/24 02:31:40.725, 5, 180.58 W, 28, 120 MHz, 3996 MHz, 0 %, 0 %
2026/03/24 02:31:40.725, 6, 178.37 W, 26, 120 MHz, 3996 MHz, 0 %, 0 %
2026/03/24 02:31:40.725, 7, 176.58 W, 27, 120 MHz, 3996 MHz, 0 %, 0 %
2026/03/24 02:31:41.725, 0, 893.64 W, 45, 2032 MHz, 3996 MHz, 100 %, 64 %
2026/03/24 02:31:41.725, 1, 916.62 W, 48, 2032 MHz, 3996 MHz, 100 %, 63 %
2026/03/24 02:31:41.725, 2, 926.27 W, 45, 2032 MHz, 3996 MHz, 100 %, 64 %
2026/03/24 02:31:41.725, 3, 920.14 W, 49, 2032 MHz, 3996 MHz, 100 %, 64 %
2026/03/24 02:31:41.725, 4, 178.95 W, 25, 120 MHz, 3996 MHz, 0 %, 0 %
2026/03/24 02:31:41.725, 5, 180.58 W, 28, 120 MHz, 3996 MHz, 0 %, 0 %
2026/03/24 02:31:41.725, 6, 178.26 W, 26, 120 MHz, 3996 MHz, 0 %, 0 %
2026/03/24 02:31:41.725, 7, 176.58 W, 27, 120 MHz, 3996 MHz, 0 %, 0 %
2026/03/24 02:31:42.725, 0, 894.34 W, 45, 2032 MHz, 3996 MHz, 100 %, 63 %
2026/03/24 02:31:42.725, 1, 920.19 W, 48, 2032 MHz, 3996 MHz, 100 %, 64 %
2026/03/24 02:31:42.725, 2, 924.73 W, 45, 2032 MHz, 3996 MHz, 100 %, 63 %
2026/03/24 02:31:42.725, 3, 922.30 W, 49, 2032 MHz, 3996 MHz, 100 %, 64 %
2026/03/24 02:31:42.726, 4, 179.17 W, 25, 120 MHz, 3996 MHz, 0 %, 0 %
2026/03/24 02:31:42.726, 5, 180.58 W, 28, 120 MHz, 3996 MHz, 0 %, 0 %
2026/03/24 02:31:42.726, 6, 178.18 W, 26, 120 MHz, 3996 MHz, 0 %, 0 %
2026/03/24 02:31:42.726, 7, 176.58 W, 27, 120 MHz, 3996 MHz, 0 %, 0 %
2026/03/24 02:31:43.726, 0, 856.92 W, 45, 2032 MHz, 3996 MHz, 100 %, 64 %
2026/03/24 02:31:43.726, 1, 918.78 W, 48, 2032 MHz, 3996 MHz, 100 %, 64 %
2026/03/24 02:31:43.726, 2, 886.77 W, 45, 2032 MHz, 3996 MHz, 100 %, 64 %
2026/03/24 02:31:43.726, 3, 879.30 W, 49, 2032 MHz, 3996 MHz, 100 %, 64 %
2026/03/24 02:31:43.726, 4, 179.08 W, 25, 120 MHz, 3996 MHz, 0 %, 0 %
2026/03/24 02:31:43.726, 5, 180.58 W, 28, 120 MHz, 3996 MHz, 0 %, 0 %
2026/03/24 02:31:43.726, 6, 178.45 W, 26, 120 MHz, 3996 MHz, 0 %, 0 %
2026/03/24 02:31:43.726, 7, 176.58 W, 27, 120 MHz, 3996 MHz, 0 %, 0 %
2026/03/24 02:31:44.726, 0, 236.19 W, 36, 2032 MHz, 3996 MHz, 0 %, 0 %
2026/03/24 02:31:44.726, 1, 250.00 W, 39, 2032 MHz, 3996 MHz, 0 %, 0 %
2026/03/24 02:31:44.726, 2, 241.57 W, 36, 2032 MHz, 3996 MHz, 0 %, 0 %
2026/03/24 02:31:44.726, 3, 244.46 W, 39, 2032 MHz, 3996 MHz, 0 %, 0 %
2026/03/24 02:31:44.726, 4, 179.17 W, 25, 120 MHz, 3996 MHz, 0 %, 0 %
2026/03/24 02:31:44.726, 5, 180.58 W, 28, 120 MHz, 3996 MHz, 0 %, 0 %
2026/03/24 02:31:44.726, 6, 178.30 W, 26, 120 MHz, 3996 MHz, 0 %, 0 %
2026/03/24 02:31:44.726, 7, 176.58 W, 27, 120 MHz, 3996 MHz, 0 %, 0 %
2026/03/24 02:31:45.726, 0, 343.45 W, 37, 2032 MHz, 3996 MHz, 69 %, 17 %
2026/03/24 02:31:45.726, 1, 337.57 W, 40, 2032 MHz, 3996 MHz, 89 %, 16 %
2026/03/24 02:31:45.726, 2, 358.71 W, 38, 2032 MHz, 3996 MHz, 91 %, 29 %
2026/03/24 02:31:45.726, 3, 346.09 W, 41, 2032 MHz, 3996 MHz, 86 %, 25 %
2026/03/24 02:31:45.726, 4, 179.07 W, 25, 120 MHz, 3996 MHz, 0 %, 0 %
2026/03/24 02:31:45.726, 5, 180.58 W, 28, 120 MHz, 3996 MHz, 0 %, 0 %
2026/03/24 02:31:45.726, 6, 178.15 W, 26, 120 MHz, 3996 MHz, 0 %, 0 %
2026/03/24 02:31:45.726, 7, 176.58 W, 27, 120 MHz, 3996 MHz, 0 %, 0 %
2026/03/24 02:31:46.726, 0, 527.70 W, 40, 2032 MHz, 3996 MHz, 57 %, 21 %
2026/03/24 02:31:46.726, 1, 527.04 W, 42, 2032 MHz, 3996 MHz, 93 %, 20 %
2026/03/24 02:31:46.726, 2, 538.59 W, 41, 2032 MHz, 3996 MHz, 99 %, 27 %
2026/03/24 02:31:46.726, 3, 516.43 W, 44, 2032 MHz, 3996 MHz, 97 %, 27 %
2026/03/24 02:31:46.726, 4, 178.94 W, 25, 120 MHz, 3996 MHz, 0 %, 0 %
2026/03/24 02:31:46.726, 5, 180.58 W, 28, 120 MHz, 3996 MHz, 0 %, 0 %
2026/03/24 02:31:46.726, 6, 178.18 W, 26, 120 MHz, 3996 MHz, 0 %, 0 %
2026/03/24 02:31:46.726, 7, 176.58 W, 27, 120 MHz, 3996 MHz, 0 %, 0 %
2026/03/24 02:31:47.726, 0, 604.58 W, 40, 2032 MHz, 3996 MHz, 100 %, 26 %
2026/03/24 02:31:47.726, 1, 618.20 W, 43, 2032 MHz, 3996 MHz, 100 %, 27 %
2026/03/24 02:31:47.726, 2, 620.85 W, 41, 2032 MHz, 3996 MHz, 100 %, 22 %
2026/03/24 02:31:47.726, 3, 623.34 W, 44, 2032 MHz, 3996 MHz, 100 %, 23 %
2026/03/24 02:31:47.726, 4, 179.18 W, 25, 120 MHz, 3996 MHz, 0 %, 0 %
2026/03/24 02:31:47.726, 5, 180.58 W, 28, 120 MHz, 3996 MHz, 0 %, 0 %
2026/03/24 02:31:47.726, 6, 178.22 W, 26, 120 MHz, 3996 MHz, 0 %, 0 %
2026/03/24 02:31:47.726, 7, 176.58 W, 27, 120 MHz, 3996 MHz, 0 %, 0 %
2026/03/24 02:31:48.726, 0, 673.59 W, 41, 2032 MHz, 3996 MHz, 100 %, 28 %
2026/03/24 02:31:48.726, 1, 699.12 W, 45, 2032 MHz, 3996 MHz, 100 %, 29 %
2026/03/24 02:31:48.726, 2, 700.84 W, 42, 2032 MHz, 3996 MHz, 100 %, 28 %
2026/03/24 02:31:48.726, 3, 694.77 W, 45, 2032 MHz, 3996 MHz, 100 %, 28 %
2026/03/24 02:31:48.726, 4, 179.16 W, 25, 120 MHz, 3996 MHz, 0 %, 0 %
2026/03/24 02:31:48.726, 5, 180.58 W, 28, 120 MHz, 3996 MHz, 0 %, 0 %
2026/03/24 02:31:48.726, 6, 178.06 W, 26, 120 MHz, 3996 MHz, 0 %, 0 %
2026/03/24 02:31:48.726, 7, 176.58 W, 27, 120 MHz, 3996 MHz, 0 %, 0 %
2026/03/24 02:31:49.726, 0, 684.75 W, 41, 2032 MHz, 3996 MHz, 100 %, 29 %
2026/03/24 02:31:49.727, 1, 706.71 W, 45, 2032 MHz, 3996 MHz, 100 %, 29 %
2026/03/24 02:31:49.727, 2, 707.18 W, 42, 2032 MHz, 3996 MHz, 100 %, 29 %
2026/03/24 02:31:49.727, 3, 705.18 W, 45, 2032 MHz, 3996 MHz, 100 %, 28 %
2026/03/24 02:31:49.727, 4, 179.16 W, 25, 120 MHz, 3996 MHz, 0 %, 0 %
2026/03/24 02:31:49.727, 5, 180.58 W, 28, 120 MHz, 3996 MHz, 0 %, 0 %
2026/03/24 02:31:49.727, 6, 178.34 W, 26, 120 MHz, 3996 MHz, 0 %, 0 %
2026/03/24 02:31:49.727, 7, 176.59 W, 27, 120 MHz, 3996 MHz, 0 %, 0 %
2026/03/24 02:31:50.727, 0, 684.85 W, 41, 2032 MHz, 3996 MHz, 100 %, 29 %
2026/03/24 02:31:50.727, 1, 710.12 W, 45, 2032 MHz, 3996 MHz, 100 %, 31 %
2026/03/24 02:31:50.727, 2, 713.78 W, 42, 2032 MHz, 3996 MHz, 100 %, 30 %
2026/03/24 02:31:50.727, 3, 707.61 W, 45, 2032 MHz, 3996 MHz, 100 %, 29 %
2026/03/24 02:31:50.727, 4, 178.96 W, 25, 120 MHz, 3996 MHz, 0 %, 0 %
2026/03/24 02:31:50.727, 5, 180.58 W, 27, 120 MHz, 3996 MHz, 0 %, 0 %
2026/03/24 02:31:50.727, 6, 178.21 W, 26, 120 MHz, 3996 MHz, 0 %, 0 %
2026/03/24 02:31:50.727, 7, 176.58 W, 27, 120 MHz, 3996 MHz, 0 %, 0 %
2026/03/24 02:31:51.727, 0, 685.60 W, 41, 2032 MHz, 3996 MHz, 100 %, 30 %
2026/03/24 02:31:51.727, 1, 715.22 W, 45, 2032 MHz, 3996 MHz, 100 %, 30 %
2026/03/24 02:31:51.727, 2, 713.79 W, 42, 2032 MHz, 3996 MHz, 100 %, 30 %
2026/03/24 02:31:51.727, 3, 710.38 W, 45, 2032 MHz, 3996 MHz, 100 %, 30 %
2026/03/24 02:31:51.727, 4, 178.95 W, 25, 120 MHz, 3996 MHz, 0 %, 0 %
2026/03/24 02:31:51.727, 5, 180.58 W, 28, 120 MHz, 3996 MHz, 0 %, 0 %
2026/03/24 02:31:51.727, 6, 178.30 W, 26, 120 MHz, 3996 MHz, 0 %, 0 %
2026/03/24 02:31:51.727, 7, 176.58 W, 27, 120 MHz, 3996 MHz, 0 %, 0 %
2026/03/24 02:31:52.727, 0, 686.53 W, 41, 2032 MHz, 3996 MHz, 100 %, 30 %
2026/03/24 02:31:52.727, 1, 718.35 W, 45, 2032 MHz, 3996 MHz, 100 %, 31 %
2026/03/24 02:31:52.727, 2, 722.88 W, 42, 2032 MHz, 3996 MHz, 100 %, 31 %
2026/03/24 02:31:52.727, 3, 712.36 W, 45, 2032 MHz, 3996 MHz, 100 %, 30 %
2026/03/24 02:31:52.727, 4, 179.14 W, 25, 120 MHz, 3996 MHz, 0 %, 0 %
2026/03/24 02:31:52.727, 5, 180.58 W, 27, 120 MHz, 3996 MHz, 0 %, 0 %
2026/03/24 02:31:52.727, 6, 178.26 W, 26, 120 MHz, 3996 MHz, 0 %, 0 %
2026/03/24 02:31:52.727, 7, 176.58 W, 27, 120 MHz, 3996 MHz, 0 %, 0 %
2026/03/24 02:31:53.727, 0, 692.34 W, 41, 2032 MHz, 3996 MHz, 100 %, 31 %
2026/03/24 02:31:53.727, 1, 722.12 W, 45, 2032 MHz, 3996 MHz, 100 %, 31 %
2026/03/24 02:31:53.727, 2, 717.39 W, 42, 2032 MHz, 3996 MHz, 100 %, 31 %
2026/03/24 02:31:53.727, 3, 715.26 W, 46, 2032 MHz, 3996 MHz, 100 %, 31 %
2026/03/24 02:31:53.727, 4, 179.13 W, 25, 120 MHz, 3996 MHz, 0 %, 0 %
2026/03/24 02:31:53.727, 5, 180.58 W, 27, 120 MHz, 3996 MHz, 0 %, 0 %
2026/03/24 02:31:53.727, 6, 178.10 W, 26, 120 MHz, 3996 MHz, 0 %, 0 %
2026/03/24 02:31:53.727, 7, 176.58 W, 27, 120 MHz, 3996 MHz, 0 %, 0 %
2026/03/24 02:31:54.727, 0, 696.74 W, 41, 2032 MHz, 3996 MHz, 100 %, 31 %
2026/03/24 02:31:54.727, 1, 721.87 W, 45, 2032 MHz, 3996 MHz, 100 %, 32 %
2026/03/24 02:31:54.727, 2, 720.45 W, 42, 2032 MHz, 3996 MHz, 100 %, 32 %
2026/03/24 02:31:54.727, 3, 717.86 W, 46, 2032 MHz, 3996 MHz, 100 %, 31 %
2026/03/24 02:31:54.727, 4, 178.82 W, 25, 120 MHz, 3996 MHz, 0 %, 0 %
2026/03/24 02:31:54.727, 5, 180.58 W, 27, 120 MHz, 3996 MHz, 0 %, 0 %
2026/03/24 02:31:54.727, 6, 178.22 W, 26, 120 MHz, 3996 MHz, 0 %, 0 %
2026/03/24 02:31:54.727, 7, 176.58 W, 27, 120 MHz, 3996 MHz, 0 %, 0 %
2026/03/24 02:31:55.727, 0, 698.77 W, 42, 2032 MHz, 3996 MHz, 100 %, 31 %
2026/03/24 02:31:55.727, 1, 726.72 W, 45, 2032 MHz, 3996 MHz, 100 %, 33 %
2026/03/24 02:31:55.727, 2, 725.90 W, 42, 2032 MHz, 3996 MHz, 100 %, 31 %
2026/03/24 02:31:55.727, 3, 722.76 W, 46, 2032 MHz, 3996 MHz, 100 %, 31 %
2026/03/24 02:31:55.727, 4, 178.81 W, 25, 120 MHz, 3996 MHz, 0 %, 0 %
2026/03/24 02:31:55.727, 5, 180.58 W, 27, 120 MHz, 3996 MHz, 0 %, 0 %
2026/03/24 02:31:55.727, 6, 178.21 W, 26, 120 MHz, 3996 MHz, 0 %, 0 %
2026/03/24 02:31:55.727, 7, 176.59 W, 27, 120 MHz, 3996 MHz, 0 %, 0 %
2026/03/24 02:31:56.728, 0, 702.29 W, 41, 2032 MHz, 3996 MHz, 100 %, 31 %
2026/03/24 02:31:56.728, 1, 728.01 W, 45, 2032 MHz, 3996 MHz, 100 %, 32 %
2026/03/24 02:31:56.728, 2, 728.33 W, 42, 2032 MHz, 3996 MHz, 100 %, 32 %
2026/03/24 02:31:56.728, 3, 730.20 W, 46, 2032 MHz, 3996 MHz, 100 %, 32 %
2026/03/24 02:31:56.728, 4, 179.08 W, 25, 120 MHz, 3996 MHz, 0 %, 0 %
2026/03/24 02:31:56.728, 5, 180.58 W, 27, 120 MHz, 3996 MHz, 0 %, 0 %
2026/03/24 02:31:56.728, 6, 178.21 W, 26, 120 MHz, 3996 MHz, 0 %, 0 %
2026/03/24 02:31:56.728, 7, 176.58 W, 27, 120 MHz, 3996 MHz, 0 %, 0 %
2026/03/24 02:31:57.728, 0, 700.16 W, 41, 2032 MHz, 3996 MHz, 100 %, 32 %
2026/03/24 02:31:57.728, 1, 732.25 W, 45, 2032 MHz, 3996 MHz, 100 %, 33 %
2026/03/24 02:31:57.728, 2, 730.18 W, 42, 2032 MHz, 3996 MHz, 100 %, 32 %
2026/03/24 02:31:57.728, 3, 724.70 W, 46, 2032 MHz, 3996 MHz, 100 %, 32 %
2026/03/24 02:31:57.728, 4, 179.01 W, 25, 120 MHz, 3996 MHz, 0 %, 0 %
2026/03/24 02:31:57.728, 5, 180.58 W, 27, 120 MHz, 3996 MHz, 0 %, 0 %
2026/03/24 02:31:57.728, 6, 178.22 W, 26, 120 MHz, 3996 MHz, 0 %, 0 %
2026/03/24 02:31:57.728, 7, 176.58 W, 27, 120 MHz, 3996 MHz, 0 %, 0 %
2026/03/24 02:31:58.728, 0, 707.68 W, 41, 2032 MHz, 3996 MHz, 100 %, 33 %
2026/03/24 02:31:58.728, 1, 732.20 W, 45, 2032 MHz, 3996 MHz, 100 %, 33 %
2026/03/24 02:31:58.728, 2, 734.99 W, 42, 2032 MHz, 3996 MHz, 100 %, 33 %
2026/03/24 02:31:58.728, 3, 724.94 W, 46, 2032 MHz, 3996 MHz, 100 %, 32 %
2026/03/24 02:31:58.728, 4, 179.00 W, 25, 120 MHz, 3996 MHz, 0 %, 0 %
2026/03/24 02:31:58.728, 5, 180.58 W, 27, 120 MHz, 3996 MHz, 0 %, 0 %
2026/03/24 02:31:58.728, 6, 177.99 W, 26, 120 MHz, 3996 MHz, 0 %, 0 %
2026/03/24 02:31:58.728, 7, 176.58 W, 27, 120 MHz, 3996 MHz, 0 %, 0 %
2026/03/24 02:31:59.728, 0, 708.83 W, 42, 2032 MHz, 3996 MHz, 100 %, 33 %
2026/03/24 02:31:59.728, 1, 736.55 W, 45, 2032 MHz, 3996 MHz, 100 %, 33 %
2026/03/24 02:31:59.728, 2, 731.78 W, 42, 2032 MHz, 3996 MHz, 100 %, 33 %
2026/03/24 02:31:59.728, 3, 732.09 W, 46, 2032 MHz, 3996 MHz, 100 %, 33 %
2026/03/24 02:31:59.728, 4, 179.17 W, 25, 120 MHz, 3996 MHz, 0 %, 0 %
2026/03/24 02:31:59.728, 5, 180.58 W, 27, 120 MHz, 3996 MHz, 0 %, 0 %
2026/03/24 02:31:59.728, 6, 178.18 W, 26, 120 MHz, 3996 MHz, 0 %, 0 %
2026/03/24 02:31:59.728, 7, 176.58 W, 27, 120 MHz, 3996 MHz, 0 %, 0 %
2026/03/24 02:32:00.728, 0, 704.97 W, 41, 2032 MHz, 3996 MHz, 100 %, 33 %
2026/03/24 02:32:00.728, 1, 739.04 W, 45, 2032 MHz, 3996 MHz, 100 %, 34 %
2026/03/24 02:32:00.728, 2, 734.14 W, 42, 2032 MHz, 3996 MHz, 100 %, 33 %
2026/03/24 02:32:00.728, 3, 730.13 W, 46, 2032 MHz, 3996 MHz, 100 %, 33 %
2026/03/24 02:32:00.728, 4, 179.02 W, 25, 120 MHz, 3996 MHz, 0 %, 0 %
2026/03/24 02:32:00.728, 5, 180.58 W, 27, 120 MHz, 3996 MHz, 0 %, 0 %
2026/03/24 02:32:00.728, 6, 178.15 W, 26, 120 MHz, 3996 MHz, 0 %, 0 %
2026/03/24 02:32:00.728, 7, 176.58 W, 27, 120 MHz, 3996 MHz, 0 %, 0 %
2026/03/24 02:32:01.728, 0, 711.04 W, 42, 2032 MHz, 3996 MHz, 100 %, 33 %
2026/03/24 02:32:01.728, 1, 742.32 W, 45, 2032 MHz, 3996 MHz, 100 %, 34 %
2026/03/24 02:32:01.728, 2, 736.66 W, 42, 2032 MHz, 3996 MHz, 100 %, 33 %
2026/03/24 02:32:01.728, 3, 732.37 W, 46, 2032 MHz, 3996 MHz, 100 %, 32 %
2026/03/24 02:32:01.728, 4, 178.93 W, 25, 120 MHz, 3996 MHz, 0 %, 0 %
2026/03/24 02:32:01.728, 5, 180.58 W, 27, 120 MHz, 3996 MHz, 0 %, 0 %
2026/03/24 02:32:01.728, 6, 178.25 W, 26, 120 MHz, 3996 MHz, 0 %, 0 %
2026/03/24 02:32:01.728, 7, 176.58 W, 27, 120 MHz, 3996 MHz, 0 %, 0 %
2026/03/24 02:32:02.728, 0, 717.20 W, 42, 2032 MHz, 3996 MHz, 100 %, 34 %
2026/03/24 02:32:02.728, 1, 739.93 W, 45, 2032 MHz, 3996 MHz, 100 %, 34 %
2026/03/24 02:32:02.728, 2, 740.16 W, 42, 2032 MHz, 3996 MHz, 100 %, 34 %
2026/03/24 02:32:02.728, 3, 737.04 W, 46, 2032 MHz, 3996 MHz, 100 %, 34 %
2026/03/24 02:32:02.728, 4, 179.13 W, 25, 120 MHz, 3996 MHz, 0 %, 0 %
2026/03/24 02:32:02.728, 5, 180.58 W, 27, 120 MHz, 3996 MHz, 0 %, 0 %
2026/03/24 02:32:02.729, 6, 178.05 W, 26, 120 MHz, 3996 MHz, 0 %, 0 %
2026/03/24 02:32:02.729, 7, 176.58 W, 27, 120 MHz, 3996 MHz, 0 %, 0 %
2026/03/24 02:32:03.729, 0, 717.45 W, 42, 2032 MHz, 3996 MHz, 100 %, 33 %
2026/03/24 02:32:03.729, 1, 742.52 W, 46, 2032 MHz, 3996 MHz, 100 %, 34 %
2026/03/24 02:32:03.729, 2, 742.76 W, 42, 2032 MHz, 3996 MHz, 100 %, 34 %
2026/03/24 02:32:03.729, 3, 741.11 W, 46, 2032 MHz, 3996 MHz, 100 %, 33 %
2026/03/24 02:32:03.729, 4, 179.07 W, 25, 120 MHz, 3996 MHz, 0 %, 0 %
2026/03/24 02:32:03.729, 5, 180.58 W, 27, 120 MHz, 3996 MHz, 0 %, 0 %
2026/03/24 02:32:03.729, 6, 178.26 W, 26, 120 MHz, 3996 MHz, 0 %, 0 %
2026/03/24 02:32:03.729, 7, 176.58 W, 27, 120 MHz, 3996 MHz, 0 %, 0 %
2026/03/24 02:32:04.729, 0, 721.64 W, 42, 2032 MHz, 3996 MHz, 100 %, 34 %
2026/03/24 02:32:04.729, 1, 743.95 W, 46, 2032 MHz, 3996 MHz, 100 %, 35 %
2026/03/24 02:32:04.729, 2, 745.19 W, 42, 2032 MHz, 3996 MHz, 100 %, 34 %
2026/03/24 02:32:04.729, 3, 745.69 W, 46, 2032 MHz, 3996 MHz, 100 %, 35 %
2026/03/24 02:32:04.729, 4, 179.07 W, 25, 120 MHz, 3996 MHz, 0 %, 0 %
2026/03/24 02:32:04.729, 5, 180.58 W, 27, 120 MHz, 3996 MHz, 0 %, 0 %
2026/03/24 02:32:04.729, 6, 178.30 W, 26, 120 MHz, 3996 MHz, 0 %, 0 %
2026/03/24 02:32:04.729, 7, 176.58 W, 27, 120 MHz, 3996 MHz, 0 %, 0 %
2026/03/24 02:32:05.729, 0, 719.48 W, 42, 2032 MHz, 3996 MHz, 100 %, 34 %
2026/03/24 02:32:05.729, 1, 746.32 W, 46, 2032 MHz, 3996 MHz, 100 %, 35 %
2026/03/24 02:32:05.729, 2, 744.89 W, 42, 2032 MHz, 3996 MHz, 100 %, 34 %
2026/03/24 02:32:05.729, 3, 744.27 W, 46, 2032 MHz, 3996 MHz, 100 %, 34 %
2026/03/24 02:32:05.729, 4, 178.96 W, 25, 120 MHz, 3996 MHz, 0 %, 0 %
2026/03/24 02:32:05.729, 5, 180.58 W, 27, 120 MHz, 3996 MHz, 0 %, 0 %
2026/03/24 02:32:05.729, 6, 178.29 W, 26, 120 MHz, 3996 MHz, 0 %, 0 %
2026/03/24 02:32:05.729, 7, 176.58 W, 27, 120 MHz, 3996 MHz, 0 %, 0 %
2026/03/24 02:32:06.729, 0, 722.33 W, 42, 2032 MHz, 3996 MHz, 100 %, 34 %
2026/03/24 02:32:06.729, 1, 748.96 W, 46, 2032 MHz, 3996 MHz, 100 %, 35 %
2026/03/24 02:32:06.729, 2, 747.99 W, 42, 2032 MHz, 3996 MHz, 100 %, 35 %
2026/03/24 02:32:06.729, 3, 746.79 W, 46, 2032 MHz, 3996 MHz, 100 %, 35 %
2026/03/24 02:32:06.729, 4, 179.19 W, 25, 120 MHz, 3996 MHz, 0 %, 0 %
2026/03/24 02:32:06.729, 5, 180.58 W, 27, 120 MHz, 3996 MHz, 0 %, 0 %
2026/03/24 02:32:06.729, 6, 178.21 W, 26, 120 MHz, 3996 MHz, 0 %, 0 %
2026/03/24 02:32:06.729, 7, 176.58 W, 27, 120 MHz, 3996 MHz, 0 %, 0 %
2026/03/24 02:32:07.729, 0, 726.57 W, 42, 2032 MHz, 3996 MHz, 100 %, 35 %
2026/03/24 02:32:07.729, 1, 747.83 W, 46, 2032 MHz, 3996 MHz, 100 %, 36 %
2026/03/24 02:32:07.729, 2, 749.65 W, 42, 2032 MHz, 3996 MHz, 100 %, 36 %
2026/03/24 02:32:07.729, 3, 747.63 W, 46, 2032 MHz, 3996 MHz, 100 %, 35 %
2026/03/24 02:32:07.729, 4, 178.90 W, 25, 120 MHz, 3996 MHz, 0 %, 0 %
2026/03/24 02:32:07.729, 5, 180.58 W, 27, 120 MHz, 3996 MHz, 0 %, 0 %
2026/03/24 02:32:07.729, 6, 178.15 W, 26, 120 MHz, 3996 MHz, 0 %, 0 %
2026/03/24 02:32:07.729, 7, 176.58 W, 27, 120 MHz, 3996 MHz, 0 %, 0 %
2026/03/24 02:32:08.729, 0, 729.43 W, 42, 2032 MHz, 3996 MHz, 100 %, 35 %
2026/03/24 02:32:08.729, 1, 753.16 W, 46, 2032 MHz, 3996 MHz, 100 %, 35 %
2026/03/24 02:32:08.729, 2, 752.70 W, 43, 2032 MHz, 3996 MHz, 100 %, 35 %
2026/03/24 02:32:08.729, 3, 750.78 W, 46, 2032 MHz, 3996 MHz, 100 %, 35 %
2026/03/24 02:32:08.729, 4, 178.97 W, 25, 120 MHz, 3996 MHz, 0 %, 0 %
2026/03/24 02:32:08.729, 5, 180.58 W, 27, 120 MHz, 3996 MHz, 0 %, 0 %
2026/03/24 02:32:08.729, 6, 178.03 W, 26, 120 MHz, 3996 MHz, 0 %, 0 %
2026/03/24 02:32:08.729, 7, 176.58 W, 27, 120 MHz, 3996 MHz, 0 %, 0 %
2026/03/24 02:32:09.729, 0, 730.54 W, 42, 2032 MHz, 3996 MHz, 100 %, 35 %
2026/03/24 02:32:09.729, 1, 753.05 W, 46, 2032 MHz, 3996 MHz, 100 %, 35 %
2026/03/24 02:32:09.729, 2, 753.87 W, 43, 2032 MHz, 3996 MHz, 100 %, 35 %
2026/03/24 02:32:09.729, 3, 752.31 W, 46, 2032 MHz, 3996 MHz, 100 %, 35 %
2026/03/24 02:32:09.730, 4, 178.88 W, 25, 120 MHz, 3996 MHz, 0 %, 0 %
2026/03/24 02:32:09.730, 5, 180.58 W, 27, 120 MHz, 3996 MHz, 0 %, 0 %
2026/03/24 02:32:09.730, 6, 178.06 W, 26, 120 MHz, 3996 MHz, 0 %, 0 %
2026/03/24 02:32:09.730, 7, 176.58 W, 27, 120 MHz, 3996 MHz, 0 %, 0 %
2026/03/24 02:32:10.730, 0, 729.37 W, 42, 2032 MHz, 3996 MHz, 100 %, 35 %
2026/03/24 02:32:10.730, 1, 755.21 W, 46, 2032 MHz, 3996 MHz, 100 %, 36 %
2026/03/24 02:32:10.730, 2, 755.60 W, 43, 2032 MHz, 3996 MHz, 100 %, 35 %
2026/03/24 02:32:10.730, 3, 754.53 W, 46, 2032 MHz, 3996 MHz, 100 %, 35 %
2026/03/24 02:32:10.730, 4, 178.90 W, 25, 120 MHz, 3996 MHz, 0 %, 0 %
2026/03/24 02:32:10.730, 5, 180.58 W, 27, 120 MHz, 3996 MHz, 0 %, 0 %
2026/03/24 02:32:10.730, 6, 177.86 W, 26, 120 MHz, 3996 MHz, 0 %, 0 %
2026/03/24 02:32:10.730, 7, 176.58 W, 27, 120 MHz, 3996 MHz, 0 %, 0 %
2026/03/24 02:32:11.730, 0, 733.90 W, 42, 2032 MHz, 3996 MHz, 100 %, 36 %
2026/03/24 02:32:11.730, 1, 759.56 W, 46, 2032 MHz, 3996 MHz, 100 %, 36 %
2026/03/24 02:32:11.730, 2, 758.22 W, 43, 2032 MHz, 3996 MHz, 100 %, 36 %
2026/03/24 02:32:11.730, 3, 756.78 W, 47, 2032 MHz, 3996 MHz, 100 %, 36 %
2026/03/24 02:32:11.730, 4, 178.78 W, 25, 120 MHz, 3996 MHz, 0 %, 0 %
2026/03/24 02:32:11.730, 5, 180.58 W, 27, 120 MHz, 3996 MHz, 0 %, 0 %
2026/03/24 02:32:11.730, 6, 177.92 W, 26, 120 MHz, 3996 MHz, 0 %, 0 %
2026/03/24 02:32:11.730, 7, 176.58 W, 27, 120 MHz, 3996 MHz, 0 %, 0 %
2026/03/24 02:32:12.730, 0, 738.32 W, 42, 2032 MHz, 3996 MHz, 100 %, 36 %
2026/03/24 02:32:12.730, 1, 759.15 W, 46, 2032 MHz, 3996 MHz, 100 %, 36 %
2026/03/24 02:32:12.730, 2, 758.38 W, 43, 2032 MHz, 3996 MHz, 100 %, 36 %
2026/03/24 02:32:12.730, 3, 757.62 W, 47, 2032 MHz, 3996 MHz, 100 %, 36 %
2026/03/24 02:32:12.730, 4, 178.86 W, 25, 120 MHz, 3996 MHz, 0 %, 0 %
2026/03/24 02:32:12.730, 5, 180.58 W, 27, 120 MHz, 3996 MHz, 0 %, 0 %
2026/03/24 02:32:12.730, 6, 178.07 W, 26, 120 MHz, 3996 MHz, 0 %, 0 %
2026/03/24 02:32:12.730, 7, 176.58 W, 27, 120 MHz, 3996 MHz, 0 %, 0 %
2026/03/24 02:32:13.730, 0, 445.87 W, 36, 2032 MHz, 3996 MHz, 9 %, 4 %
2026/03/24 02:32:13.730, 1, 523.81 W, 40, 2032 MHz, 3996 MHz, 76 %, 7 %
2026/03/24 02:32:13.730, 2, 495.04 W, 37, 2032 MHz, 3996 MHz, 66 %, 6 %
2026/03/24 02:32:13.730, 3, 485.52 W, 41, 2032 MHz, 3996 MHz, 71 %, 7 %
2026/03/24 02:32:13.730, 4, 179.12 W, 25, 120 MHz, 3996 MHz, 0 %, 0 %
2026/03/24 02:32:13.730, 5, 180.58 W, 27, 120 MHz, 3996 MHz, 0 %, 0 %
2026/03/24 02:32:13.730, 6, 178.34 W, 26, 120 MHz, 3996 MHz, 0 %, 0 %
2026/03/24 02:32:13.730, 7, 176.58 W, 27, 120 MHz, 3996 MHz, 0 %, 0 %
2026/03/24 02:32:14.730, 0, 236.02 W, 34, 2032 MHz, 3996 MHz, 0 %, 0 %
2026/03/24 02:32:14.730, 1, 243.39 W, 38, 2032 MHz, 3996 MHz, 0 %, 0 %
2026/03/24 02:32:14.730, 2, 241.76 W, 35, 2032 MHz, 3996 MHz, 0 %, 0 %
2026/03/24 02:32:14.730, 3, 244.41 W, 39, 2032 MHz, 3996 MHz, 0 %, 0 %
2026/03/24 02:32:14.730, 4, 178.99 W, 25, 120 MHz, 3996 MHz, 0 %, 0 %
2026/03/24 02:32:14.730, 5, 180.58 W, 27, 120 MHz, 3996 MHz, 0 %, 0 %
2026/03/24 02:32:14.730, 6, 178.21 W, 26, 120 MHz, 3996 MHz, 0 %, 0 %
2026/03/24 02:32:14.730, 7, 176.58 W, 27, 120 MHz, 3996 MHz, 0 %, 0 %
2026/03/24 02:32:15.730, 0, 233.49 W, 34, 2032 MHz, 3996 MHz, 0 %, 0 %
2026/03/24 02:32:15.731, 1, 240.51 W, 37, 2032 MHz, 3996 MHz, 0 %, 0 %
2026/03/24 02:32:15.731, 2, 238.74 W, 34, 2032 MHz, 3996 MHz, 0 %, 0 %
2026/03/24 02:32:15.731, 3, 240.97 W, 38, 2032 MHz, 3996 MHz, 0 %, 0 %
2026/03/24 02:32:15.731, 4, 178.82 W, 25, 120 MHz, 3996 MHz, 0 %, 0 %
2026/03/24 02:32:15.731, 5, 180.58 W, 27, 120 MHz, 3996 MHz, 0 %, 0 %
2026/03/24 02:32:15.731, 6, 178.18 W, 26, 120 MHz, 3996 MHz, 0 %, 0 %
2026/03/24 02:32:15.731, 7, 176.58 W, 27, 120 MHz, 3996 MHz, 0 %, 0 %
2026/03/24 02:32:16.731, 0, 232.79 W, 34, 2032 MHz, 3996 MHz, 0 %, 0 %
2026/03/24 02:32:16.731, 1, 239.27 W, 37, 2032 MHz, 3996 MHz, 0 %, 0 %
2026/03/24 02:32:16.731, 2, 237.93 W, 34, 2032 MHz, 3996 MHz, 0 %, 0 %
2026/03/24 02:32:16.731, 3, 241.03 W, 38, 2032 MHz, 3996 MHz, 0 %, 0 %
2026/03/24 02:32:16.731, 4, 178.93 W, 25, 120 MHz, 3996 MHz, 0 %, 0 %
2026/03/24 02:32:16.731, 5, 180.58 W, 27, 120 MHz, 3996 MHz, 0 %, 0 %
2026/03/24 02:32:16.731, 6, 178.06 W, 26, 120 MHz, 3996 MHz, 0 %, 0 %
2026/03/24 02:32:16.731, 7, 176.58 W, 27, 120 MHz, 3996 MHz, 0 %, 0 %
2026/03/24 02:32:17.731, 0, 231.95 W, 33, 2032 MHz, 3996 MHz, 0 %, 0 %
2026/03/24 02:32:17.731, 1, 239.12 W, 37, 2032 MHz, 3996 MHz, 0 %, 0 %
2026/03/24 02:32:17.731, 2, 237.89 W, 33, 2032 MHz, 3996 MHz, 0 %, 0 %
2026/03/24 02:32:17.731, 3, 240.70 W, 37, 2032 MHz, 3996 MHz, 0 %, 0 %
2026/03/24 02:32:17.731, 4, 178.91 W, 25, 120 MHz, 3996 MHz, 0 %, 0 %
2026/03/24 02:32:17.731, 5, 180.58 W, 27, 120 MHz, 3996 MHz, 0 %, 0 %
2026/03/24 02:32:17.731, 6, 178.11 W, 26, 120 MHz, 3996 MHz, 0 %, 0 %
2026/03/24 02:32:17.731, 7, 176.58 W, 27, 120 MHz, 3996 MHz, 0 %, 0 %
2026/03/24 02:32:18.731, 0, 231.94 W, 33, 2032 MHz, 3996 MHz, 0 %, 0 %
2026/03/24 02:32:18.731, 1, 239.14 W, 36, 2032 MHz, 3996 MHz, 0 %, 0 %
2026/03/24 02:32:18.731, 2, 237.89 W, 33, 2032 MHz, 3996 MHz, 0 %, 0 %
2026/03/24 02:32:18.731, 3, 240.45 W, 37, 2032 MHz, 3996 MHz, 0 %, 0 %
2026/03/24 02:32:18.731, 4, 178.77 W, 25, 120 MHz, 3996 MHz, 0 %, 0 %
2026/03/24 02:32:18.731, 5, 180.58 W, 27, 120 MHz, 3996 MHz, 0 %, 0 %
2026/03/24 02:32:18.731, 6, 178.10 W, 26, 120 MHz, 3996 MHz, 0 %, 0 %
2026/03/24 02:32:18.731, 7, 176.58 W, 27, 120 MHz, 3996 MHz, 0 %, 0 %
2026/03/24 02:32:19.731, 0, 231.94 W, 33, 2032 MHz, 3996 MHz, 0 %, 0 %
2026/03/24 02:32:19.731, 1, 239.13 W, 36, 2032 MHz, 3996 MHz, 0 %, 0 %
2026/03/24 02:32:19.731, 2, 237.89 W, 33, 2032 MHz, 3996 MHz, 0 %, 0 %
2026/03/24 02:32:19.731, 3, 239.56 W, 37, 2032 MHz, 3996 MHz, 0 %, 0 %
2026/03/24 02:32:19.731, 4, 179.02 W, 25, 120 MHz, 3996 MHz, 0 %, 0 %
2026/03/24 02:32:19.731, 5, 180.58 W, 27, 120 MHz, 3996 MHz, 0 %, 0 %
2026/03/24 02:32:19.731, 6, 178.10 W, 26, 120 MHz, 3996 MHz, 0 %, 0 %
2026/03/24 02:32:19.731, 7, 176.58 W, 27, 120 MHz, 3996 MHz, 0 %, 0 %
2026/03/24 02:32:20.731, 0, 712.14 W, 44, 2032 MHz, 3996 MHz, 97 %, 44 %
2026/03/24 02:32:20.731, 1, 651.86 W, 47, 2032 MHz, 3996 MHz, 98 %, 43 %
2026/03/24 02:32:20.731, 2, 702.66 W, 44, 2032 MHz, 3996 MHz, 98 %, 43 %
2026/03/24 02:32:20.731, 3, 711.37 W, 48, 2032 MHz, 3996 MHz, 97 %, 44 %
2026/03/24 02:32:20.731, 4, 178.99 W, 25, 120 MHz, 3996 MHz, 0 %, 0 %
2026/03/24 02:32:20.731, 5, 180.58 W, 27, 120 MHz, 3996 MHz, 0 %, 0 %
2026/03/24 02:32:20.731, 6, 177.98 W, 26, 120 MHz, 3996 MHz, 0 %, 0 %
2026/03/24 02:32:20.731, 7, 176.58 W, 27, 120 MHz, 3996 MHz, 0 %, 0 %
2026/03/24 02:32:21.731, 0, 967.37 W, 45, 2032 MHz, 3996 MHz, 98 %, 42 %
2026/03/24 02:32:21.731, 1, 966.09 W, 48, 2032 MHz, 3996 MHz, 98 %, 42 %
2026/03/24 02:32:21.731, 2, 970.67 W, 45, 2032 MHz, 3996 MHz, 97 %, 42 %
2026/03/24 02:32:21.731, 3, 983.54 W, 49, 2032 MHz, 3996 MHz, 97 %, 42 %
2026/03/24 02:32:21.731, 4, 178.90 W, 25, 120 MHz, 3996 MHz, 0 %, 0 %
2026/03/24 02:32:21.731, 5, 180.58 W, 27, 120 MHz, 3996 MHz, 0 %, 0 %
2026/03/24 02:32:21.731, 6, 178.18 W, 26, 120 MHz, 3996 MHz, 0 %, 0 %
2026/03/24 02:32:21.731, 7, 176.58 W, 27, 120 MHz, 3996 MHz, 0 %, 0 %
2026/03/24 02:32:22.732, 0, 969.30 W, 46, 2032 MHz, 3996 MHz, 99 %, 45 %
2026/03/24 02:32:22.732, 1, 965.48 W, 49, 2032 MHz, 3996 MHz, 94 %, 42 %
2026/03/24 02:32:22.732, 2, 968.06 W, 46, 2032 MHz, 3996 MHz, 94 %, 42 %
2026/03/24 02:32:22.732, 3, 984.53 W, 50, 2032 MHz, 3996 MHz, 93 %, 42 %
2026/03/24 02:32:22.732, 4, 178.87 W, 25, 120 MHz, 3996 MHz, 0 %, 0 %
2026/03/24 02:32:22.732, 5, 180.58 W, 27, 120 MHz, 3996 MHz, 0 %, 0 %
2026/03/24 02:32:22.732, 6, 178.15 W, 26, 120 MHz, 3996 MHz, 0 %, 0 %
2026/03/24 02:32:22.732, 7, 176.58 W, 27, 120 MHz, 3996 MHz, 0 %, 0 %
2026/03/24 02:32:23.732, 0, 1003.80 W, 46, 2032 MHz, 3996 MHz, 99 %, 45 %
2026/03/24 02:32:23.732, 1, 1006.40 W, 50, 2032 MHz, 3996 MHz, 96 %, 43 %
2026/03/24 02:32:23.732, 2, 1004.55 W, 46, 2032 MHz, 3996 MHz, 96 %, 43 %
2026/03/24 02:32:23.732, 3, 1026.90 W, 51, 2032 MHz, 3996 MHz, 95 %, 43 %
2026/03/24 02:32:23.732, 4, 179.24 W, 25, 120 MHz, 3996 MHz, 0 %, 0 %
2026/03/24 02:32:23.732, 5, 180.58 W, 27, 120 MHz, 3996 MHz, 0 %, 0 %
2026/03/24 02:32:23.732, 6, 178.15 W, 26, 120 MHz, 3996 MHz, 0 %, 0 %
2026/03/24 02:32:23.732, 7, 176.58 W, 27, 120 MHz, 3996 MHz, 0 %, 0 %
2026/03/24 02:32:24.732, 0, 983.40 W, 46, 2032 MHz, 3996 MHz, 99 %, 45 %
2026/03/24 02:32:24.732, 1, 991.73 W, 50, 2032 MHz, 3996 MHz, 98 %, 44 %
2026/03/24 02:32:24.732, 2, 987.35 W, 46, 2032 MHz, 3996 MHz, 99 %, 45 %
2026/03/24 02:32:24.732, 3, 1006.30 W, 51, 2032 MHz, 3996 MHz, 99 %, 45 %
2026/03/24 02:32:24.732, 4, 179.21 W, 25, 120 MHz, 3996 MHz, 0 %, 0 %
2026/03/24 02:32:24.732, 5, 180.58 W, 27, 120 MHz, 3996 MHz, 0 %, 0 %
2026/03/24 02:32:24.732, 6, 178.26 W, 26, 120 MHz, 3996 MHz, 0 %, 0 %
2026/03/24 02:32:24.732, 7, 176.58 W, 27, 120 MHz, 3996 MHz, 0 %, 0 %
2026/03/24 02:32:25.732, 0, 999.23 W, 45, 2032 MHz, 3996 MHz, 99 %, 45 %
2026/03/24 02:32:25.732, 1, 1002.50 W, 50, 2032 MHz, 3996 MHz, 97 %, 44 %
2026/03/24 02:32:25.732, 2, 1004.00 W, 46, 2032 MHz, 3996 MHz, 99 %, 45 %
2026/03/24 02:32:25.732, 3, 1023.68 W, 50, 2032 MHz, 3996 MHz, 99 %, 46 %
2026/03/24 02:32:25.732, 4, 178.82 W, 25, 120 MHz, 3996 MHz, 0 %, 0 %
2026/03/24 02:32:25.732, 5, 180.58 W, 27, 120 MHz, 3996 MHz, 0 %, 0 %
2026/03/24 02:32:25.732, 6, 177.94 W, 26, 120 MHz, 3996 MHz, 0 %, 0 %
2026/03/24 02:32:25.732, 7, 176.58 W, 27, 120 MHz, 3996 MHz, 0 %, 0 %
2026/03/24 02:32:26.732, 0, 990.53 W, 47, 2032 MHz, 3996 MHz, 100 %, 43 %
2026/03/24 02:32:26.732, 1, 990.72 W, 50, 2032 MHz, 3996 MHz, 99 %, 43 %
2026/03/24 02:32:26.732, 2, 992.72 W, 47, 2032 MHz, 3996 MHz, 99 %, 43 %
2026/03/24 02:32:26.732, 3, 1013.18 W, 51, 2032 MHz, 3996 MHz, 99 %, 43 %
2026/03/24 02:32:26.732, 4, 179.10 W, 25, 120 MHz, 3996 MHz, 0 %, 0 %
2026/03/24 02:32:26.732, 5, 180.58 W, 27, 120 MHz, 3996 MHz, 0 %, 0 %
2026/03/24 02:32:26.732, 6, 178.30 W, 26, 120 MHz, 3996 MHz, 0 %, 0 %
2026/03/24 02:32:26.732, 7, 176.58 W, 27, 120 MHz, 3996 MHz, 0 %, 0 %
2026/03/24 02:32:27.732, 0, 996.77 W, 47, 2032 MHz, 3996 MHz, 98 %, 44 %
2026/03/24 02:32:27.732, 1, 999.66 W, 51, 2032 MHz, 3996 MHz, 99 %, 45 %
2026/03/24 02:32:27.732, 2, 998.11 W, 47, 2032 MHz, 3996 MHz, 99 %, 45 %
2026/03/24 02:32:27.732, 3, 1021.83 W, 52, 2032 MHz, 3996 MHz, 99 %, 46 %
2026/03/24 02:32:27.732, 4, 178.98 W, 25, 120 MHz, 3996 MHz, 0 %, 0 %
2026/03/24 02:32:27.732, 5, 180.58 W, 27, 120 MHz, 3996 MHz, 0 %, 0 %
2026/03/24 02:32:27.732, 6, 178.25 W, 26, 120 MHz, 3996 MHz, 0 %, 0 %
2026/03/24 02:32:27.732, 7, 176.58 W, 27, 120 MHz, 3996 MHz, 0 %, 0 %
2026/03/24 02:32:28.732, 0, 1007.95 W, 48, 2032 MHz, 3996 MHz, 95 %, 43 %
2026/03/24 02:32:28.732, 1, 1012.46 W, 51, 2032 MHz, 3996 MHz, 99 %, 45 %
2026/03/24 02:32:28.732, 2, 1009.93 W, 48, 2032 MHz, 3996 MHz, 99 %, 45 %
2026/03/24 02:32:28.732, 3, 1031.19 W, 52, 2032 MHz, 3996 MHz, 99 %, 46 %
2026/03/24 02:32:28.732, 4, 179.16 W, 25, 120 MHz, 3996 MHz, 0 %, 0 %
2026/03/24 02:32:28.733, 5, 180.58 W, 27, 120 MHz, 3996 MHz, 0 %, 0 %
2026/03/24 02:32:28.733, 6, 177.92 W, 26, 120 MHz, 3996 MHz, 0 %, 0 %
2026/03/24 02:32:28.733, 7, 176.58 W, 27, 120 MHz, 3996 MHz, 0 %, 0 %
2026/03/24 02:32:29.733, 0, 977.07 W, 47, 2032 MHz, 3996 MHz, 97 %, 43 %
2026/03/24 02:32:29.733, 1, 987.57 W, 51, 2032 MHz, 3996 MHz, 98 %, 42 %
2026/03/24 02:32:29.733, 2, 979.92 W, 47, 2032 MHz, 3996 MHz, 98 %, 42 %
2026/03/24 02:32:29.733, 3, 1000.02 W, 52, 2032 MHz, 3996 MHz, 98 %, 43 %
2026/03/24 02:32:29.733, 4, 178.97 W, 25, 120 MHz, 3996 MHz, 0 %, 0 %
2026/03/24 02:32:29.733, 5, 180.58 W, 27, 120 MHz, 3996 MHz, 0 %, 0 %
2026/03/24 02:32:29.733, 6, 178.29 W, 26, 120 MHz, 3996 MHz, 0 %, 0 %
2026/03/24 02:32:29.733, 7, 176.58 W, 27, 120 MHz, 3996 MHz, 0 %, 0 %
2026/03/24 02:32:30.733, 0, 863.24 W, 44, 2032 MHz, 3996 MHz, 100 %, 68 %
2026/03/24 02:32:30.733, 1, 887.87 W, 48, 2032 MHz, 3996 MHz, 100 %, 68 %
2026/03/24 02:32:30.733, 2, 886.49 W, 45, 2032 MHz, 3996 MHz, 100 %, 69 %
2026/03/24 02:32:30.733, 3, 896.30 W, 49, 2032 MHz, 3996 MHz, 100 %, 68 %
2026/03/24 02:32:30.733, 4, 178.80 W, 25, 120 MHz, 3996 MHz, 0 %, 0 %
2026/03/24 02:32:30.733, 5, 180.58 W, 27, 120 MHz, 3996 MHz, 0 %, 0 %
2026/03/24 02:32:30.733, 6, 178.25 W, 26, 120 MHz, 3996 MHz, 0 %, 0 %
2026/03/24 02:32:30.733, 7, 176.58 W, 27, 120 MHz, 3996 MHz, 0 %, 0 %
2026/03/24 02:32:31.733, 0, 903.80 W, 44, 2032 MHz, 3996 MHz, 100 %, 69 %
2026/03/24 02:32:31.733, 1, 932.63 W, 48, 2032 MHz, 3996 MHz, 100 %, 69 %
2026/03/24 02:32:31.733, 2, 944.21 W, 45, 2032 MHz, 3996 MHz, 100 %, 69 %
2026/03/24 02:32:31.733, 3, 934.51 W, 49, 2032 MHz, 3996 MHz, 100 %, 69 %
2026/03/24 02:32:31.733, 4, 178.82 W, 25, 120 MHz, 3996 MHz, 0 %, 0 %
2026/03/24 02:32:31.733, 5, 180.58 W, 27, 120 MHz, 3996 MHz, 0 %, 0 %
2026/03/24 02:32:31.733, 6, 178.11 W, 26, 120 MHz, 3996 MHz, 0 %, 0 %
2026/03/24 02:32:31.733, 7, 176.58 W, 27, 120 MHz, 3996 MHz, 0 %, 0 %
2026/03/24 02:32:32.733, 0, 906.02 W, 45, 2032 MHz, 3996 MHz, 100 %, 69 %
2026/03/24 02:32:32.733, 1, 933.05 W, 49, 2032 MHz, 3996 MHz, 100 %, 69 %
2026/03/24 02:32:32.733, 2, 944.86 W, 45, 2032 MHz, 3996 MHz, 100 %, 69 %
2026/03/24 02:32:32.733, 3, 940.41 W, 50, 2032 MHz, 3996 MHz, 100 %, 69 %
2026/03/24 02:32:32.733, 4, 178.80 W, 25, 120 MHz, 3996 MHz, 0 %, 0 %
2026/03/24 02:32:32.733, 5, 180.58 W, 27, 120 MHz, 3996 MHz, 0 %, 0 %
2026/03/24 02:32:32.733, 6, 178.21 W, 26, 120 MHz, 3996 MHz, 0 %, 0 %
2026/03/24 02:32:32.733, 7, 176.58 W, 27, 120 MHz, 3996 MHz, 0 %, 0 %
2026/03/24 02:32:33.733, 0, 905.71 W, 45, 2032 MHz, 3996 MHz, 100 %, 69 %
2026/03/24 02:32:33.733, 1, 934.41 W, 49, 2032 MHz, 3996 MHz, 100 %, 69 %
2026/03/24 02:32:33.733, 2, 943.30 W, 46, 2032 MHz, 3996 MHz, 100 %, 70 %
2026/03/24 02:32:33.733, 3, 937.67 W, 50, 2032 MHz, 3996 MHz, 100 %, 69 %
2026/03/24 02:32:33.733, 4, 179.05 W, 25, 120 MHz, 3996 MHz, 0 %, 0 %
2026/03/24 02:32:33.733, 5, 180.58 W, 27, 120 MHz, 3996 MHz, 0 %, 0 %
2026/03/24 02:32:33.733, 6, 178.26 W, 26, 120 MHz, 3996 MHz, 0 %, 0 %
2026/03/24 02:32:33.733, 7, 176.58 W, 27, 120 MHz, 3996 MHz, 0 %, 0 %
2026/03/24 02:32:34.733, 0, 905.73 W, 45, 2032 MHz, 3996 MHz, 100 %, 69 %
2026/03/24 02:32:34.733, 1, 935.69 W, 49, 2032 MHz, 3996 MHz, 100 %, 70 %
2026/03/24 02:32:34.733, 2, 946.23 W, 46, 2032 MHz, 3996 MHz, 100 %, 70 %
2026/03/24 02:32:34.733, 3, 939.40 W, 50, 2032 MHz, 3996 MHz, 100 %, 70 %
2026/03/24 02:32:34.733, 4, 178.92 W, 25, 120 MHz, 3996 MHz, 0 %, 0 %
2026/03/24 02:32:34.733, 5, 180.58 W, 27, 120 MHz, 3996 MHz, 0 %, 0 %
2026/03/24 02:32:34.733, 6, 178.14 W, 26, 120 MHz, 3996 MHz, 0 %, 0 %
2026/03/24 02:32:34.733, 7, 176.58 W, 27, 120 MHz, 3996 MHz, 0 %, 0 %
2026/03/24 02:32:35.734, 0, 907.72 W, 45, 2032 MHz, 3996 MHz, 100 %, 70 %
2026/03/24 02:32:35.734, 1, 936.70 W, 49, 2032 MHz, 3996 MHz, 100 %, 69 %
2026/03/24 02:32:35.734, 2, 947.43 W, 46, 2032 MHz, 3996 MHz, 100 %, 70 %
2026/03/24 02:32:35.734, 3, 942.01 W, 50, 2032 MHz, 3996 MHz, 100 %, 69 %
2026/03/24 02:32:35.734, 4, 179.02 W, 25, 120 MHz, 3996 MHz, 0 %, 0 %
2026/03/24 02:32:35.734, 5, 180.58 W, 27, 120 MHz, 3996 MHz, 0 %, 0 %
2026/03/24 02:32:35.734, 6, 178.29 W, 26, 120 MHz, 3996 MHz, 0 %, 0 %
2026/03/24 02:32:35.734, 7, 176.58 W, 27, 120 MHz, 3996 MHz, 0 %, 0 %
2026/03/24 02:32:36.734, 0, 910.27 W, 45, 2032 MHz, 3996 MHz, 100 %, 70 %
2026/03/24 02:32:36.734, 1, 940.28 W, 49, 2032 MHz, 3996 MHz, 100 %, 70 %
2026/03/24 02:32:36.734, 2, 949.74 W, 46, 2032 MHz, 3996 MHz, 100 %, 70 %
2026/03/24 02:32:36.734, 3, 942.26 W, 50, 2032 MHz, 3996 MHz, 100 %, 70 %
2026/03/24 02:32:36.734, 4, 178.86 W, 25, 120 MHz, 3996 MHz, 0 %, 0 %
2026/03/24 02:32:36.734, 5, 180.58 W, 27, 120 MHz, 3996 MHz, 0 %, 0 %
2026/03/24 02:32:36.734, 6, 178.34 W, 26, 120 MHz, 3996 MHz, 0 %, 0 %
2026/03/24 02:32:36.734, 7, 176.58 W, 27, 120 MHz, 3996 MHz, 0 %, 0 %
2026/03/24 02:32:37.734, 0, 912.72 W, 45, 2032 MHz, 3996 MHz, 100 %, 70 %
2026/03/24 02:32:37.734, 1, 939.57 W, 49, 2032 MHz, 3996 MHz, 100 %, 70 %
2026/03/24 02:32:37.734, 2, 951.60 W, 46, 2032 MHz, 3996 MHz, 100 %, 70 %
2026/03/24 02:32:37.734, 3, 942.57 W, 50, 2032 MHz, 3996 MHz, 100 %, 70 %
2026/03/24 02:32:37.734, 4, 179.04 W, 25, 120 MHz, 3996 MHz, 0 %, 0 %
2026/03/24 02:32:37.734, 5, 180.58 W, 27, 120 MHz, 3996 MHz, 0 %, 0 %
2026/03/24 02:32:37.734, 6, 178.26 W, 26, 120 MHz, 3996 MHz, 0 %, 0 %
2026/03/24 02:32:37.734, 7, 176.58 W, 27, 120 MHz, 3996 MHz, 0 %, 0 %
2026/03/24 02:32:38.734, 0, 911.27 W, 45, 2032 MHz, 3996 MHz, 100 %, 71 %
2026/03/24 02:32:38.734, 1, 942.22 W, 49, 2032 MHz, 3996 MHz, 100 %, 71 %
2026/03/24 02:32:38.734, 2, 950.86 W, 46, 2032 MHz, 3996 MHz, 100 %, 70 %
2026/03/24 02:32:38.734, 3, 946.78 W, 50, 2032 MHz, 3996 MHz, 100 %, 70 %
2026/03/24 02:32:38.734, 4, 179.23 W, 25, 120 MHz, 3996 MHz, 0 %, 0 %
2026/03/24 02:32:38.734, 5, 180.58 W, 27, 120 MHz, 3996 MHz, 0 %, 0 %
2026/03/24 02:32:38.734, 6, 178.18 W, 26, 120 MHz, 3996 MHz, 0 %, 0 %
2026/03/24 02:32:38.734, 7, 176.58 W, 27, 120 MHz, 3996 MHz, 0 %, 0 %
2026/03/24 02:32:39.734, 0, 913.88 W, 45, 2032 MHz, 3996 MHz, 100 %, 70 %
2026/03/24 02:32:39.734, 1, 942.93 W, 49, 2032 MHz, 3996 MHz, 100 %, 70 %
2026/03/24 02:32:39.734, 2, 952.25 W, 46, 2032 MHz, 3996 MHz, 100 %, 71 %
2026/03/24 02:32:39.734, 3, 946.97 W, 50, 2032 MHz, 3996 MHz, 100 %, 71 %
2026/03/24 02:32:39.734, 4, 178.95 W, 25, 120 MHz, 3996 MHz, 0 %, 0 %
2026/03/24 02:32:39.734, 5, 180.58 W, 27, 120 MHz, 3996 MHz, 0 %, 0 %
2026/03/24 02:32:39.734, 6, 178.30 W, 26, 120 MHz, 3996 MHz, 0 %, 0 %
2026/03/24 02:32:39.734, 7, 176.58 W, 27, 120 MHz, 3996 MHz, 0 %, 0 %
2026/03/24 02:32:40.734, 0, 916.53 W, 45, 2032 MHz, 3996 MHz, 100 %, 70 %
2026/03/24 02:32:40.734, 1, 942.82 W, 50, 2032 MHz, 3996 MHz, 100 %, 70 %
2026/03/24 02:32:40.734, 2, 954.22 W, 46, 2032 MHz, 3996 MHz, 100 %, 70 %
2026/03/24 02:32:40.734, 3, 948.41 W, 50, 2032 MHz, 3996 MHz, 100 %, 70 %
2026/03/24 02:32:40.734, 4, 178.83 W, 25, 120 MHz, 3996 MHz, 0 %, 0 %
2026/03/24 02:32:40.734, 5, 180.58 W, 27, 120 MHz, 3996 MHz, 0 %, 0 %
2026/03/24 02:32:40.734, 6, 178.10 W, 26, 120 MHz, 3996 MHz, 0 %, 0 %
2026/03/24 02:32:40.734, 7, 176.58 W, 27, 120 MHz, 3996 MHz, 0 %, 0 %
2026/03/24 02:32:41.734, 0, 913.58 W, 45, 2032 MHz, 3996 MHz, 100 %, 70 %
2026/03/24 02:32:41.734, 1, 943.23 W, 50, 2032 MHz, 3996 MHz, 100 %, 70 %
2026/03/24 02:32:41.734, 2, 952.93 W, 46, 2032 MHz, 3996 MHz, 100 %, 70 %
2026/03/24 02:32:41.734, 3, 949.38 W, 50, 2032 MHz, 3996 MHz, 100 %, 70 %
2026/03/24 02:32:41.734, 4, 178.93 W, 25, 120 MHz, 3996 MHz, 0 %, 0 %
2026/03/24 02:32:41.735, 5, 180.58 W, 27, 120 MHz, 3996 MHz, 0 %, 0 %
2026/03/24 02:32:41.735, 6, 178.26 W, 26, 120 MHz, 3996 MHz, 0 %, 0 %
2026/03/24 02:32:41.735, 7, 176.58 W, 27, 120 MHz, 3996 MHz, 0 %, 0 %
2026/03/24 02:32:42.735, 0, 914.61 W, 46, 2032 MHz, 3996 MHz, 100 %, 70 %
2026/03/24 02:32:42.735, 1, 944.38 W, 50, 2032 MHz, 3996 MHz, 100 %, 70 %
2026/03/24 02:32:42.735, 2, 953.56 W, 47, 2032 MHz, 3996 MHz, 100 %, 71 %
2026/03/24 02:32:42.735, 3, 948.80 W, 51, 2032 MHz, 3996 MHz, 100 %, 70 %
2026/03/24 02:32:42.735, 4, 179.12 W, 25, 120 MHz, 3996 MHz, 0 %, 0 %
2026/03/24 02:32:42.735, 5, 180.58 W, 27, 120 MHz, 3996 MHz, 0 %, 0 %
2026/03/24 02:32:42.735, 6, 178.18 W, 26, 120 MHz, 3996 MHz, 0 %, 0 %
2026/03/24 02:32:42.735, 7, 176.58 W, 27, 120 MHz, 3996 MHz, 0 %, 0 %
2026/03/24 02:32:43.735, 0, 914.76 W, 46, 2032 MHz, 3996 MHz, 100 %, 70 %
2026/03/24 02:32:43.735, 1, 944.47 W, 50, 2032 MHz, 3996 MHz, 100 %, 70 %
2026/03/24 02:32:43.735, 2, 951.43 W, 47, 2032 MHz, 3996 MHz, 100 %, 71 %
2026/03/24 02:32:43.735, 3, 948.10 W, 51, 2032 MHz, 3996 MHz, 100 %, 70 %
2026/03/24 02:32:43.735, 4, 178.98 W, 25, 120 MHz, 3996 MHz, 0 %, 0 %
2026/03/24 02:32:43.735, 5, 180.58 W, 27, 120 MHz, 3996 MHz, 0 %, 0 %
2026/03/24 02:32:43.735, 6, 178.34 W, 26, 120 MHz, 3996 MHz, 0 %, 0 %
2026/03/24 02:32:43.735, 7, 176.58 W, 27, 120 MHz, 3996 MHz, 0 %, 0 %
2026/03/24 02:32:44.735, 0, 916.11 W, 46, 2032 MHz, 3996 MHz, 100 %, 70 %
2026/03/24 02:32:44.735, 1, 946.44 W, 50, 2032 MHz, 3996 MHz, 100 %, 70 %
2026/03/24 02:32:44.735, 2, 954.87 W, 47, 2032 MHz, 3996 MHz, 100 %, 71 %
2026/03/24 02:32:44.735, 3, 949.15 W, 51, 2032 MHz, 3996 MHz, 100 %, 70 %
2026/03/24 02:32:44.735, 4, 179.16 W, 25, 120 MHz, 3996 MHz, 0 %, 0 %
2026/03/24 02:32:44.735, 5, 180.58 W, 27, 120 MHz, 3996 MHz, 0 %, 0 %
2026/03/24 02:32:44.735, 6, 178.18 W, 26, 120 MHz, 3996 MHz, 0 %, 0 %
2026/03/24 02:32:44.735, 7, 176.58 W, 27, 120 MHz, 3996 MHz, 0 %, 0 %
2026/03/24 02:32:45.735, 0, 916.91 W, 46, 2032 MHz, 3996 MHz, 100 %, 71 %
2026/03/24 02:32:45.735, 1, 946.03 W, 50, 2032 MHz, 3996 MHz, 100 %, 70 %
2026/03/24 02:32:45.735, 2, 954.30 W, 47, 2032 MHz, 3996 MHz, 100 %, 70 %
2026/03/24 02:32:45.735, 3, 949.73 W, 51, 2032 MHz, 3996 MHz, 100 %, 70 %
2026/03/24 02:32:45.735, 4, 179.14 W, 25, 120 MHz, 3996 MHz, 0 %, 0 %
2026/03/24 02:32:45.735, 5, 180.58 W, 27, 120 MHz, 3996 MHz, 0 %, 0 %
2026/03/24 02:32:45.735, 6, 178.21 W, 26, 120 MHz, 3996 MHz, 0 %, 0 %
2026/03/24 02:32:45.735, 7, 176.58 W, 27, 120 MHz, 3996 MHz, 0 %, 0 %
2026/03/24 02:32:46.735, 0, 918.32 W, 46, 2032 MHz, 3996 MHz, 100 %, 71 %
2026/03/24 02:32:46.735, 1, 947.31 W, 50, 2032 MHz, 3996 MHz, 100 %, 70 %
2026/03/24 02:32:46.735, 2, 956.86 W, 47, 2032 MHz, 3996 MHz, 100 %, 70 %
2026/03/24 02:32:46.735, 3, 952.27 W, 51, 2032 MHz, 3996 MHz, 100 %, 70 %
2026/03/24 02:32:46.735, 4, 179.09 W, 25, 120 MHz, 3996 MHz, 0 %, 0 %
2026/03/24 02:32:46.735, 5, 180.58 W, 27, 120 MHz, 3996 MHz, 0 %, 0 %
2026/03/24 02:32:46.735, 6, 178.14 W, 26, 120 MHz, 3996 MHz, 0 %, 0 %
2026/03/24 02:32:46.735, 7, 176.58 W, 27, 120 MHz, 3996 MHz, 0 %, 0 %
2026/03/24 02:32:47.735, 0, 920.98 W, 46, 2032 MHz, 3996 MHz, 100 %, 71 %
2026/03/24 02:32:47.735, 1, 948.57 W, 50, 2032 MHz, 3996 MHz, 100 %, 70 %
2026/03/24 02:32:47.735, 2, 958.28 W, 47, 2032 MHz, 3996 MHz, 100 %, 70 %
2026/03/24 02:32:47.735, 3, 953.72 W, 51, 2032 MHz, 3996 MHz, 100 %, 70 %
2026/03/24 02:32:47.735, 4, 178.94 W, 25, 120 MHz, 3996 MHz, 0 %, 0 %
2026/03/24 02:32:47.735, 5, 180.58 W, 27, 120 MHz, 3996 MHz, 0 %, 0 %
2026/03/24 02:32:47.735, 6, 178.22 W, 26, 120 MHz, 3996 MHz, 0 %, 0 %
2026/03/24 02:32:47.736, 7, 176.58 W, 27, 120 MHz, 3996 MHz, 0 %, 0 %
2026/03/24 02:32:48.736, 0, 920.86 W, 46, 2032 MHz, 3996 MHz, 100 %, 71 %
2026/03/24 02:32:48.736, 1, 949.97 W, 50, 2032 MHz, 3996 MHz, 100 %, 70 %
2026/03/24 02:32:48.736, 2, 958.20 W, 47, 2032 MHz, 3996 MHz, 100 %, 70 %
2026/03/24 02:32:48.736, 3, 953.83 W, 51, 2032 MHz, 3996 MHz, 100 %, 70 %
2026/03/24 02:32:48.736, 4, 179.01 W, 25, 120 MHz, 3996 MHz, 0 %, 0 %
2026/03/24 02:32:48.736, 5, 180.58 W, 27, 120 MHz, 3996 MHz, 0 %, 0 %
2026/03/24 02:32:48.736, 6, 178.37 W, 26, 120 MHz, 3996 MHz, 0 %, 0 %
2026/03/24 02:32:48.736, 7, 176.58 W, 27, 120 MHz, 3996 MHz, 0 %, 0 %
2026/03/24 02:32:49.736, 0, 921.63 W, 46, 2032 MHz, 3996 MHz, 100 %, 71 %
2026/03/24 02:32:49.736, 1, 951.47 W, 50, 2032 MHz, 3996 MHz, 100 %, 71 %
2026/03/24 02:32:49.736, 2, 960.15 W, 47, 2032 MHz, 3996 MHz, 100 %, 71 %
2026/03/24 02:32:49.736, 3, 956.26 W, 51, 2032 MHz, 3996 MHz, 100 %, 70 %
2026/03/24 02:32:49.736, 4, 179.05 W, 25, 120 MHz, 3996 MHz, 0 %, 0 %
2026/03/24 02:32:49.736, 5, 180.58 W, 27, 120 MHz, 3996 MHz, 0 %, 0 %
2026/03/24 02:32:49.736, 6, 178.41 W, 26, 120 MHz, 3996 MHz, 0 %, 0 %
2026/03/24 02:32:49.736, 7, 176.58 W, 27, 120 MHz, 3996 MHz, 0 %, 0 %
2026/03/24 02:32:50.736, 0, 922.05 W, 46, 2032 MHz, 3996 MHz, 100 %, 71 %
2026/03/24 02:32:50.736, 1, 952.39 W, 50, 2032 MHz, 3996 MHz, 100 %, 70 %
2026/03/24 02:32:50.736, 2, 960.61 W, 47, 2032 MHz, 3996 MHz, 100 %, 70 %
2026/03/24 02:32:50.736, 3, 957.28 W, 51, 2032 MHz, 3996 MHz, 100 %, 70 %
2026/03/24 02:32:50.736, 4, 178.97 W, 25, 120 MHz, 3996 MHz, 0 %, 0 %
2026/03/24 02:32:50.736, 5, 180.58 W, 27, 120 MHz, 3996 MHz, 0 %, 0 %
2026/03/24 02:32:50.736, 6, 178.18 W, 26, 120 MHz, 3996 MHz, 0 %, 0 %
2026/03/24 02:32:50.736, 7, 176.58 W, 27, 120 MHz, 3996 MHz, 0 %, 0 %
2026/03/24 02:32:51.736, 0, 923.03 W, 46, 2032 MHz, 3996 MHz, 100 %, 71 %
2026/03/24 02:32:51.736, 1, 950.01 W, 51, 2032 MHz, 3996 MHz, 100 %, 70 %
2026/03/24 02:32:51.736, 2, 961.64 W, 47, 2032 MHz, 3996 MHz, 100 %, 71 %
2026/03/24 02:32:51.736, 3, 954.85 W, 51, 2032 MHz, 3996 MHz, 100 %, 70 %
2026/03/24 02:32:51.736, 4, 178.98 W, 25, 120 MHz, 3996 MHz, 0 %, 0 %
2026/03/24 02:32:51.736, 5, 180.58 W, 27, 120 MHz, 3996 MHz, 0 %, 0 %
2026/03/24 02:32:51.736, 6, 178.21 W, 26, 120 MHz, 3996 MHz, 0 %, 0 %
2026/03/24 02:32:51.736, 7, 176.58 W, 27, 120 MHz, 3996 MHz, 0 %, 0 %
2026/03/24 02:32:52.736, 0, 920.82 W, 46, 2032 MHz, 3996 MHz, 100 %, 71 %
2026/03/24 02:32:52.736, 1, 952.20 W, 51, 2032 MHz, 3996 MHz, 100 %, 70 %
2026/03/24 02:32:52.736, 2, 962.10 W, 47, 2032 MHz, 3996 MHz, 100 %, 71 %
2026/03/24 02:32:52.736, 3, 955.77 W, 51, 2032 MHz, 3996 MHz, 100 %, 71 %
2026/03/24 02:32:52.736, 4, 178.97 W, 25, 120 MHz, 3996 MHz, 0 %, 0 %
2026/03/24 02:32:52.736, 5, 180.58 W, 27, 120 MHz, 3996 MHz, 0 %, 0 %
2026/03/24 02:32:52.736, 6, 178.15 W, 26, 120 MHz, 3996 MHz, 0 %, 0 %
2026/03/24 02:32:52.736, 7, 176.58 W, 27, 120 MHz, 3996 MHz, 0 %, 0 %
2026/03/24 02:32:53.736, 0, 922.31 W, 46, 2032 MHz, 3996 MHz, 100 %, 70 %
2026/03/24 02:32:53.736, 1, 951.69 W, 51, 2032 MHz, 3996 MHz, 100 %, 71 %
2026/03/24 02:32:53.736, 2, 960.35 W, 47, 2032 MHz, 3996 MHz, 100 %, 71 %
2026/03/24 02:32:53.736, 3, 955.87 W, 52, 2032 MHz, 3996 MHz, 100 %, 71 %
2026/03/24 02:32:53.736, 4, 179.01 W, 25, 120 MHz, 3996 MHz, 0 %, 0 %
2026/03/24 02:32:53.736, 5, 180.58 W, 27, 120 MHz, 3996 MHz, 0 %, 0 %
2026/03/24 02:32:53.736, 6, 178.33 W, 26, 120 MHz, 3996 MHz, 0 %, 0 %
2026/03/24 02:32:53.736, 7, 176.58 W, 27, 120 MHz, 3996 MHz, 0 %, 0 %
2026/03/24 02:32:54.737, 0, 920.32 W, 46, 2032 MHz, 3996 MHz, 100 %, 71 %
2026/03/24 02:32:54.737, 1, 950.13 W, 51, 2032 MHz, 3996 MHz, 100 %, 70 %
2026/03/24 02:32:54.737, 2, 961.25 W, 48, 2032 MHz, 3996 MHz, 100 %, 70 %
2026/03/24 02:32:54.737, 3, 954.97 W, 52, 2032 MHz, 3996 MHz, 100 %, 71 %
2026/03/24 02:32:54.737, 4, 179.19 W, 25, 120 MHz, 3996 MHz, 0 %, 0 %
2026/03/24 02:32:54.737, 5, 180.58 W, 27, 120 MHz, 3996 MHz, 0 %, 0 %
2026/03/24 02:32:54.737, 6, 178.22 W, 26, 120 MHz, 3996 MHz, 0 %, 0 %
2026/03/24 02:32:54.737, 7, 176.58 W, 27, 120 MHz, 3996 MHz, 0 %, 0 %
2026/03/24 02:32:55.737, 0, 924.32 W, 46, 2032 MHz, 3996 MHz, 100 %, 71 %
2026/03/24 02:32:55.737, 1, 952.27 W, 51, 2032 MHz, 3996 MHz, 100 %, 71 %
2026/03/24 02:32:55.737, 2, 960.01 W, 48, 2032 MHz, 3996 MHz, 100 %, 71 %
2026/03/24 02:32:55.737, 3, 954.53 W, 52, 2032 MHz, 3996 MHz, 100 %, 70 %
2026/03/24 02:32:55.737, 4, 179.04 W, 25, 120 MHz, 3996 MHz, 0 %, 0 %
2026/03/24 02:32:55.737, 5, 180.58 W, 27, 120 MHz, 3996 MHz, 0 %, 0 %
2026/03/24 02:32:55.737, 6, 178.22 W, 26, 120 MHz, 3996 MHz, 0 %, 0 %
2026/03/24 02:32:55.737, 7, 176.58 W, 27, 120 MHz, 3996 MHz, 0 %, 0 %
2026/03/24 02:32:56.737, 0, 923.68 W, 46, 2032 MHz, 3996 MHz, 100 %, 70 %
2026/03/24 02:32:56.737, 1, 953.82 W, 51, 2032 MHz, 3996 MHz, 100 %, 71 %
2026/03/24 02:32:56.737, 2, 961.37 W, 48, 2032 MHz, 3996 MHz, 100 %, 71 %
2026/03/24 02:32:56.737, 3, 957.18 W, 52, 2032 MHz, 3996 MHz, 100 %, 71 %
2026/03/24 02:32:56.737, 4, 178.87 W, 25, 120 MHz, 3996 MHz, 0 %, 0 %
2026/03/24 02:32:56.737, 5, 180.58 W, 27, 120 MHz, 3996 MHz, 0 %, 0 %
2026/03/24 02:32:56.737, 6, 178.14 W, 26, 120 MHz, 3996 MHz, 0 %, 0 %
2026/03/24 02:32:56.737, 7, 176.58 W, 27, 120 MHz, 3996 MHz, 0 %, 0 %
2026/03/24 02:32:57.737, 0, 925.57 W, 47, 2032 MHz, 3996 MHz, 100 %, 71 %
2026/03/24 02:32:57.737, 1, 955.10 W, 51, 2032 MHz, 3996 MHz, 100 %, 71 %
2026/03/24 02:32:57.737, 2, 962.40 W, 48, 2032 MHz, 3996 MHz, 100 %, 71 %
2026/03/24 02:32:57.737, 3, 958.66 W, 52, 2032 MHz, 3996 MHz, 100 %, 70 %
2026/03/24 02:32:57.737, 4, 179.05 W, 25, 120 MHz, 3996 MHz, 0 %, 0 %
2026/03/24 02:32:57.737, 5, 180.58 W, 27, 120 MHz, 3996 MHz, 0 %, 0 %
2026/03/24 02:32:57.737, 6, 178.18 W, 26, 120 MHz, 3996 MHz, 0 %, 0 %
2026/03/24 02:32:57.737, 7, 176.58 W, 27, 120 MHz, 3996 MHz, 0 %, 0 %
2026/03/24 02:32:58.737, 0, 926.04 W, 47, 2032 MHz, 3996 MHz, 100 %, 71 %
2026/03/24 02:32:58.737, 1, 957.21 W, 51, 2032 MHz, 3996 MHz, 100 %, 71 %
2026/03/24 02:32:58.737, 2, 963.47 W, 48, 2032 MHz, 3996 MHz, 100 %, 71 %
2026/03/24 02:32:58.737, 3, 960.80 W, 52, 2032 MHz, 3996 MHz, 100 %, 71 %
2026/03/24 02:32:58.737, 4, 179.26 W, 25, 120 MHz, 3996 MHz, 0 %, 0 %
2026/03/24 02:32:58.737, 5, 180.58 W, 27, 120 MHz, 3996 MHz, 0 %, 0 %
2026/03/24 02:32:58.737, 6, 178.41 W, 26, 120 MHz, 3996 MHz, 0 %, 0 %
2026/03/24 02:32:58.737, 7, 176.58 W, 27, 120 MHz, 3996 MHz, 0 %, 0 %
2026/03/24 02:32:59.737, 0, 927.92 W, 47, 2032 MHz, 3996 MHz, 100 %, 72 %
2026/03/24 02:32:59.737, 1, 957.73 W, 51, 2032 MHz, 3996 MHz, 100 %, 71 %
2026/03/24 02:32:59.737, 2, 965.91 W, 48, 2032 MHz, 3996 MHz, 100 %, 71 %
2026/03/24 02:32:59.737, 3, 960.74 W, 52, 2032 MHz, 3996 MHz, 100 %, 71 %
2026/03/24 02:32:59.737, 4, 178.93 W, 25, 120 MHz, 3996 MHz, 0 %, 0 %
2026/03/24 02:32:59.737, 5, 180.58 W, 27, 120 MHz, 3996 MHz, 0 %, 0 %
2026/03/24 02:32:59.737, 6, 178.02 W, 26, 120 MHz, 3996 MHz, 0 %, 0 %
2026/03/24 02:32:59.737, 7, 176.58 W, 27, 120 MHz, 3996 MHz, 0 %, 0 %
2026/03/24 02:33:00.737, 0, 928.94 W, 47, 2032 MHz, 3996 MHz, 100 %, 72 %
2026/03/24 02:33:00.737, 1, 957.88 W, 51, 2032 MHz, 3996 MHz, 100 %, 71 %
2026/03/24 02:33:00.737, 2, 966.15 W, 48, 2032 MHz, 3996 MHz, 100 %, 72 %
2026/03/24 02:33:00.737, 3, 960.92 W, 52, 2032 MHz, 3996 MHz, 100 %, 71 %
2026/03/24 02:33:00.738, 4, 179.13 W, 25, 120 MHz, 3996 MHz, 0 %, 0 %
2026/03/24 02:33:00.738, 5, 180.58 W, 27, 120 MHz, 3996 MHz, 0 %, 0 %
2026/03/24 02:33:00.738, 6, 178.18 W, 26, 120 MHz, 3996 MHz, 0 %, 0 %
2026/03/24 02:33:00.738, 7, 176.58 W, 27, 120 MHz, 3996 MHz, 0 %, 0 %
2026/03/24 02:33:01.738, 0, 930.05 W, 47, 2032 MHz, 3996 MHz, 100 %, 71 %
2026/03/24 02:33:01.738, 1, 959.02 W, 51, 2032 MHz, 3996 MHz, 100 %, 71 %
2026/03/24 02:33:01.738, 2, 966.21 W, 48, 2032 MHz, 3996 MHz, 100 %, 71 %
2026/03/24 02:33:01.738, 3, 961.52 W, 52, 2032 MHz, 3996 MHz, 100 %, 71 %
2026/03/24 02:33:01.738, 4, 179.05 W, 25, 120 MHz, 3996 MHz, 0 %, 0 %
2026/03/24 02:33:01.738, 5, 180.58 W, 27, 120 MHz, 3996 MHz, 0 %, 0 %
2026/03/24 02:33:01.738, 6, 178.30 W, 26, 120 MHz, 3996 MHz, 0 %, 0 %
2026/03/24 02:33:01.738, 7, 176.58 W, 27, 120 MHz, 3996 MHz, 0 %, 0 %
2026/03/24 02:33:02.738, 0, 796.57 W, 43, 2032 MHz, 3996 MHz, 92 %, 25 %
2026/03/24 02:33:02.738, 1, 820.31 W, 48, 2032 MHz, 3996 MHz, 94 %, 47 %
2026/03/24 02:33:02.738, 2, 802.40 W, 45, 2032 MHz, 3996 MHz, 100 %, 24 %
2026/03/24 02:33:02.738, 3, 821.81 W, 49, 2032 MHz, 3996 MHz, 45 %, 25 %
2026/03/24 02:33:02.738, 4, 179.05 W, 25, 120 MHz, 3996 MHz, 0 %, 0 %
2026/03/24 02:33:02.738, 5, 180.58 W, 27, 120 MHz, 3996 MHz, 0 %, 0 %
2026/03/24 02:33:02.738, 6, 178.18 W, 26, 120 MHz, 3996 MHz, 0 %, 0 %
2026/03/24 02:33:02.738, 7, 176.58 W, 27, 120 MHz, 3996 MHz, 0 %, 0 %
2026/03/24 02:33:03.738, 0, 614.96 W, 42, 2032 MHz, 3996 MHz, 99 %, 23 %
2026/03/24 02:33:03.738, 1, 627.03 W, 46, 2032 MHz, 3996 MHz, 99 %, 23 %
2026/03/24 02:33:03.738, 2, 635.85 W, 43, 2032 MHz, 3996 MHz, 99 %, 23 %
2026/03/24 02:33:03.738, 3, 625.51 W, 47, 2032 MHz, 3996 MHz, 42 %, 24 %
2026/03/24 02:33:03.738, 4, 178.93 W, 25, 120 MHz, 3996 MHz, 0 %, 0 %
2026/03/24 02:33:03.738, 5, 180.58 W, 27, 120 MHz, 3996 MHz, 0 %, 0 %
2026/03/24 02:33:03.738, 6, 178.25 W, 26, 120 MHz, 3996 MHz, 0 %, 0 %
2026/03/24 02:33:03.738, 7, 176.58 W, 27, 120 MHz, 3996 MHz, 0 %, 0 %
2026/03/24 02:33:04.738, 0, 636.03 W, 42, 2032 MHz, 3996 MHz, 100 %, 27 %
2026/03/24 02:33:04.738, 1, 642.97 W, 46, 2032 MHz, 3996 MHz, 99 %, 25 %
2026/03/24 02:33:04.738, 2, 635.74 W, 43, 2032 MHz, 3996 MHz, 99 %, 27 %
2026/03/24 02:33:04.738, 3, 640.67 W, 47, 2032 MHz, 3996 MHz, 51 %, 27 %
2026/03/24 02:33:04.738, 4, 179.13 W, 25, 120 MHz, 3996 MHz, 0 %, 0 %
2026/03/24 02:33:04.738, 5, 180.58 W, 27, 120 MHz, 3996 MHz, 0 %, 0 %
2026/03/24 02:33:04.738, 6, 178.14 W, 26, 120 MHz, 3996 MHz, 0 %, 0 %
2026/03/24 02:33:04.738, 7, 176.59 W, 27, 120 MHz, 3996 MHz, 0 %, 0 %
2026/03/24 02:33:05.738, 0, 609.35 W, 42, 2032 MHz, 3996 MHz, 81 %, 25 %
2026/03/24 02:33:05.738, 1, 613.02 W, 46, 2032 MHz, 3996 MHz, 100 %, 27 %
2026/03/24 02:33:05.738, 2, 614.67 W, 42, 2032 MHz, 3996 MHz, 99 %, 24 %
2026/03/24 02:33:05.738, 3, 613.02 W, 47, 2032 MHz, 3996 MHz, 46 %, 24 %
2026/03/24 02:33:05.738, 4, 178.88 W, 25, 120 MHz, 3996 MHz, 0 %, 0 %
2026/03/24 02:33:05.738, 5, 180.58 W, 27, 120 MHz, 3996 MHz, 0 %, 0 %
2026/03/24 02:33:05.738, 6, 178.45 W, 26, 120 MHz, 3996 MHz, 0 %, 0 %
2026/03/24 02:33:05.738, 7, 176.59 W, 27, 120 MHz, 3996 MHz, 0 %, 0 %
2026/03/24 02:33:06.738, 0, 627.60 W, 42, 2032 MHz, 3996 MHz, 98 %, 26 %
2026/03/24 02:33:06.738, 1, 633.99 W, 47, 2032 MHz, 3996 MHz, 99 %, 27 %
2026/03/24 02:33:06.738, 2, 635.22 W, 43, 2032 MHz, 3996 MHz, 98 %, 26 %
2026/03/24 02:33:06.738, 3, 631.60 W, 47, 2032 MHz, 3996 MHz, 51 %, 26 %
2026/03/24 02:33:06.738, 4, 179.08 W, 25, 120 MHz, 3996 MHz, 0 %, 0 %
2026/03/24 02:33:06.738, 5, 180.58 W, 27, 120 MHz, 3996 MHz, 0 %, 0 %
2026/03/24 02:33:06.738, 6, 178.21 W, 26, 120 MHz, 3996 MHz, 0 %, 0 %
2026/03/24 02:33:06.738, 7, 176.58 W, 27, 120 MHz, 3996 MHz, 0 %, 0 %
2026/03/24 02:33:07.739, 0, 667.64 W, 42, 2032 MHz, 3996 MHz, 97 %, 25 %
2026/03/24 02:33:07.739, 1, 670.47 W, 47, 2032 MHz, 3996 MHz, 100 %, 27 %
2026/03/24 02:33:07.739, 2, 675.68 W, 43, 2032 MHz, 3996 MHz, 97 %, 25 %
2026/03/24 02:33:07.739, 3, 673.08 W, 47, 2032 MHz, 3996 MHz, 51 %, 26 %
2026/03/24 02:33:07.739, 4, 179.01 W, 25, 120 MHz, 3996 MHz, 0 %, 0 %
2026/03/24 02:33:07.739, 5, 180.58 W, 27, 120 MHz, 3996 MHz, 0 %, 0 %
2026/03/24 02:33:07.739, 6, 178.26 W, 26, 120 MHz, 3996 MHz, 0 %, 0 %
2026/03/24 02:33:07.739, 7, 176.58 W, 27, 120 MHz, 3996 MHz, 0 %, 0 %
2026/03/24 02:33:08.739, 0, 698.14 W, 46, 2032 MHz, 3996 MHz, 98 %, 30 %
2026/03/24 02:33:08.739, 1, 707.33 W, 50, 2032 MHz, 3996 MHz, 99 %, 30 %
2026/03/24 02:33:08.739, 2, 730.35 W, 47, 2032 MHz, 3996 MHz, 98 %, 33 %
2026/03/24 02:33:08.739, 3, 706.62 W, 51, 2032 MHz, 3996 MHz, 70 %, 34 %
2026/03/24 02:33:08.739, 4, 178.93 W, 25, 120 MHz, 3996 MHz, 0 %, 0 %
2026/03/24 02:33:08.739, 5, 180.58 W, 27, 120 MHz, 3996 MHz, 0 %, 0 %
2026/03/24 02:33:08.739, 6, 178.23 W, 26, 120 MHz, 3996 MHz, 0 %, 0 %
2026/03/24 02:33:08.739, 7, 176.59 W, 27, 120 MHz, 3996 MHz, 0 %, 0 %
2026/03/24 02:33:09.739, 0, 847.80 W, 46, 2032 MHz, 3996 MHz, 98 %, 35 %
2026/03/24 02:33:09.739, 1, 845.24 W, 50, 2032 MHz, 3996 MHz, 99 %, 30 %
2026/03/24 02:33:09.739, 2, 828.89 W, 44, 2032 MHz, 3996 MHz, 98 %, 36 %
2026/03/24 02:33:09.739, 3, 860.96 W, 51, 2032 MHz, 3996 MHz, 74 %, 37 %
2026/03/24 02:33:09.739, 4, 178.89 W, 25, 120 MHz, 3996 MHz, 0 %, 0 %
2026/03/24 02:33:09.739, 5, 180.58 W, 27, 120 MHz, 3996 MHz, 0 %, 0 %
2026/03/24 02:33:09.739, 6, 178.26 W, 26, 120 MHz, 3996 MHz, 0 %, 0 %
2026/03/24 02:33:09.739, 7, 176.58 W, 27, 120 MHz, 3996 MHz, 0 %, 0 %
2026/03/24 02:33:10.739, 0, 652.70 W, 44, 2032 MHz, 3996 MHz, 99 %, 34 %
2026/03/24 02:33:10.739, 1, 660.03 W, 48, 2032 MHz, 3996 MHz, 99 %, 35 %
2026/03/24 02:33:10.739, 2, 661.93 W, 44, 2032 MHz, 3996 MHz, 99 %, 34 %
2026/03/24 02:33:10.739, 3, 665.08 W, 49, 2032 MHz, 3996 MHz, 70 %, 34 %
2026/03/24 02:33:10.739, 4, 178.77 W, 25, 120 MHz, 3996 MHz, 0 %, 0 %
2026/03/24 02:33:10.739, 5, 180.58 W, 27, 120 MHz, 3996 MHz, 0 %, 0 %
2026/03/24 02:33:10.739, 6, 178.18 W, 26, 120 MHz, 3996 MHz, 0 %, 0 %
2026/03/24 02:33:10.739, 7, 176.58 W, 27, 120 MHz, 3996 MHz, 0 %, 0 %
2026/03/24 02:33:11.739, 0, 611.77 W, 41, 2032 MHz, 3996 MHz, 99 %, 23 %
2026/03/24 02:33:11.739, 1, 613.99 W, 45, 2032 MHz, 3996 MHz, 99 %, 25 %
2026/03/24 02:33:11.739, 2, 608.15 W, 42, 2032 MHz, 3996 MHz, 99 %, 23 %
2026/03/24 02:33:11.739, 3, 616.69 W, 46, 2032 MHz, 3996 MHz, 42 %, 23 %
2026/03/24 02:33:11.739, 4, 178.93 W, 25, 120 MHz, 3996 MHz, 0 %, 0 %
2026/03/24 02:33:11.739, 5, 180.58 W, 27, 120 MHz, 3996 MHz, 0 %, 0 %
2026/03/24 02:33:11.739, 6, 178.26 W, 26, 120 MHz, 3996 MHz, 0 %, 0 %
2026/03/24 02:33:11.739, 7, 176.58 W, 27, 120 MHz, 3996 MHz, 0 %, 0 %
2026/03/24 02:33:12.739, 0, 675.47 W, 42, 2032 MHz, 3996 MHz, 99 %, 31 %
2026/03/24 02:33:12.739, 1, 680.93 W, 46, 2032 MHz, 3996 MHz, 99 %, 36 %
2026/03/24 02:33:12.739, 2, 684.04 W, 43, 2032 MHz, 3996 MHz, 99 %, 30 %
2026/03/24 02:33:12.739, 3, 686.16 W, 47, 2032 MHz, 3996 MHz, 59 %, 29 %
2026/03/24 02:33:12.739, 4, 179.05 W, 25, 120 MHz, 3996 MHz, 0 %, 0 %
2026/03/24 02:33:12.739, 5, 180.58 W, 27, 120 MHz, 3996 MHz, 0 %, 0 %
2026/03/24 02:33:12.739, 6, 178.21 W, 26, 120 MHz, 3996 MHz, 0 %, 0 %
2026/03/24 02:33:12.739, 7, 176.58 W, 27, 120 MHz, 3996 MHz, 0 %, 0 %
2026/03/24 02:33:13.739, 0, 607.46 W, 41, 2032 MHz, 3996 MHz, 99 %, 23 %
2026/03/24 02:33:13.739, 1, 615.37 W, 45, 2032 MHz, 3996 MHz, 86 %, 24 %
2026/03/24 02:33:13.739, 2, 608.87 W, 42, 2032 MHz, 3996 MHz, 99 %, 23 %
2026/03/24 02:33:13.739, 3, 614.53 W, 46, 2032 MHz, 3996 MHz, 42 %, 23 %
2026/03/24 02:33:13.739, 4, 178.96 W, 25, 120 MHz, 3996 MHz, 0 %, 0 %
2026/03/24 02:33:13.739, 5, 180.58 W, 27, 120 MHz, 3996 MHz, 0 %, 0 %
2026/03/24 02:33:13.739, 6, 178.22 W, 26, 120 MHz, 3996 MHz, 0 %, 0 %
2026/03/24 02:33:13.739, 7, 176.59 W, 27, 120 MHz, 3996 MHz, 0 %, 0 %
2026/03/24 02:33:14.740, 0, 597.69 W, 42, 2032 MHz, 3996 MHz, 99 %, 25 %
2026/03/24 02:33:14.740, 1, 609.19 W, 46, 2032 MHz, 3996 MHz, 100 %, 24 %
2026/03/24 02:33:14.740, 2, 618.62 W, 43, 2032 MHz, 3996 MHz, 99 %, 25 %
2026/03/24 02:33:14.740, 3, 606.60 W, 47, 2032 MHz, 3996 MHz, 52 %, 27 %
2026/03/24 02:33:14.740, 4, 179.16 W, 25, 120 MHz, 3996 MHz, 0 %, 0 %
2026/03/24 02:33:14.740, 5, 180.58 W, 27, 120 MHz, 3996 MHz, 0 %, 0 %
2026/03/24 02:33:14.740, 6, 178.26 W, 26, 120 MHz, 3996 MHz, 0 %, 0 %
2026/03/24 02:33:14.740, 7, 176.58 W, 27, 120 MHz, 3996 MHz, 0 %, 0 %
2026/03/24 02:33:15.740, 0, 684.74 W, 42, 2032 MHz, 3996 MHz, 99 %, 31 %
2026/03/24 02:33:15.740, 1, 683.01 W, 45, 2032 MHz, 3996 MHz, 100 %, 35 %
2026/03/24 02:33:15.740, 2, 679.97 W, 43, 2032 MHz, 3996 MHz, 99 %, 29 %
2026/03/24 02:33:15.740, 3, 692.43 W, 47, 2032 MHz, 3996 MHz, 56 %, 28 %
2026/03/24 02:33:15.740, 4, 179.05 W, 25, 120 MHz, 3996 MHz, 0 %, 0 %
2026/03/24 02:33:15.740, 5, 180.58 W, 27, 120 MHz, 3996 MHz, 0 %, 0 %
2026/03/24 02:33:15.740, 6, 178.25 W, 26, 120 MHz, 3996 MHz, 0 %, 0 %
2026/03/24 02:33:15.740, 7, 176.59 W, 27, 120 MHz, 3996 MHz, 0 %, 0 %
2026/03/24 02:33:16.740, 0, 653.25 W, 43, 2032 MHz, 3996 MHz, 97 %, 43 %
2026/03/24 02:33:16.740, 1, 665.66 W, 47, 2032 MHz, 3996 MHz, 98 %, 43 %
2026/03/24 02:33:16.740, 2, 666.76 W, 43, 2032 MHz, 3996 MHz, 80 %, 38 %
2026/03/24 02:33:16.740, 3, 663.53 W, 48, 2032 MHz, 3996 MHz, 97 %, 38 %
2026/03/24 02:33:16.740, 4, 178.95 W, 25, 120 MHz, 3996 MHz, 0 %, 0 %
2026/03/24 02:33:16.740, 5, 180.58 W, 27, 120 MHz, 3996 MHz, 0 %, 0 %
2026/03/24 02:33:16.740, 6, 178.33 W, 26, 120 MHz, 3996 MHz, 0 %, 0 %
2026/03/24 02:33:16.740, 7, 176.58 W, 27, 120 MHz, 3996 MHz, 0 %, 0 %
2026/03/24 02:33:17.740, 0, 632.87 W, 41, 2032 MHz, 3996 MHz, 99 %, 23 %
2026/03/24 02:33:17.740, 1, 640.23 W, 45, 2032 MHz, 3996 MHz, 99 %, 23 %
2026/03/24 02:33:17.740, 2, 639.29 W, 42, 2032 MHz, 3996 MHz, 99 %, 24 %
2026/03/24 02:33:17.740, 3, 637.97 W, 46, 2032 MHz, 3996 MHz, 46 %, 24 %
2026/03/24 02:33:17.740, 4, 179.16 W, 25, 120 MHz, 3996 MHz, 0 %, 0 %
2026/03/24 02:33:17.740, 5, 180.58 W, 27, 120 MHz, 3996 MHz, 0 %, 0 %
2026/03/24 02:33:17.740, 6, 178.18 W, 26, 120 MHz, 3996 MHz, 0 %, 0 %
2026/03/24 02:33:17.740, 7, 176.58 W, 27, 120 MHz, 3996 MHz, 0 %, 0 %
2026/03/24 02:33:18.740, 0, 717.08 W, 45, 2032 MHz, 3996 MHz, 99 %, 47 %
2026/03/24 02:33:18.740, 1, 732.49 W, 48, 2032 MHz, 3996 MHz, 93 %, 47 %
2026/03/24 02:33:18.740, 2, 741.19 W, 44, 2032 MHz, 3996 MHz, 99 %, 46 %
2026/03/24 02:33:18.740, 3, 728.34 W, 50, 2032 MHz, 3996 MHz, 99 %, 47 %
2026/03/24 02:33:18.740, 4, 178.90 W, 25, 120 MHz, 3996 MHz, 0 %, 0 %
2026/03/24 02:33:18.740, 5, 180.58 W, 27, 120 MHz, 3996 MHz, 0 %, 0 %
2026/03/24 02:33:18.740, 6, 178.38 W, 26, 120 MHz, 3996 MHz, 0 %, 0 %
2026/03/24 02:33:18.740, 7, 176.58 W, 27, 120 MHz, 3996 MHz, 0 %, 0 %
2026/03/24 02:33:19.740, 0, 739.16 W, 42, 2032 MHz, 3996 MHz, 99 %, 36 %
2026/03/24 02:33:19.740, 1, 733.52 W, 46, 2032 MHz, 3996 MHz, 98 %, 35 %
2026/03/24 02:33:19.740, 2, 711.85 W, 41, 2032 MHz, 3996 MHz, 99 %, 33 %
2026/03/24 02:33:19.740, 3, 747.33 W, 47, 2032 MHz, 3996 MHz, 63 %, 32 %
2026/03/24 02:33:19.740, 4, 179.00 W, 25, 120 MHz, 3996 MHz, 0 %, 0 %
2026/03/24 02:33:19.740, 5, 180.58 W, 27, 120 MHz, 3996 MHz, 0 %, 0 %
2026/03/24 02:33:19.740, 6, 178.29 W, 26, 120 MHz, 3996 MHz, 0 %, 0 %
2026/03/24 02:33:19.740, 7, 176.58 W, 27, 120 MHz, 3996 MHz, 0 %, 0 %
2026/03/24 02:33:20.741, 0, 611.34 W, 42, 2032 MHz, 3996 MHz, 99 %, 33 %
2026/03/24 02:33:20.741, 1, 615.98 W, 46, 2032 MHz, 3996 MHz, 99 %, 30 %
2026/03/24 02:33:20.741, 2, 623.87 W, 41, 2032 MHz, 3996 MHz, 99 %, 32 %
2026/03/24 02:33:20.741, 3, 613.20 W, 46, 2032 MHz, 3996 MHz, 64 %, 31 %
2026/03/24 02:33:20.741, 4, 178.97 W, 25, 120 MHz, 3996 MHz, 0 %, 0 %
2026/03/24 02:33:20.741, 5, 180.58 W, 27, 120 MHz, 3996 MHz, 0 %, 0 %
2026/03/24 02:33:20.741, 6, 178.26 W, 26, 120 MHz, 3996 MHz, 0 %, 0 %
2026/03/24 02:33:20.741, 7, 176.58 W, 27, 120 MHz, 3996 MHz, 0 %, 0 %
2026/03/24 02:33:21.741, 0, 712.66 W, 42, 2032 MHz, 3996 MHz, 75 %, 35 %
2026/03/24 02:33:21.741, 1, 717.21 W, 46, 2032 MHz, 3996 MHz, 99 %, 29 %
2026/03/24 02:33:21.741, 2, 723.41 W, 42, 2032 MHz, 3996 MHz, 99 %, 32 %
2026/03/24 02:33:21.741, 3, 723.34 W, 47, 2032 MHz, 3996 MHz, 72 %, 32 %
2026/03/24 02:33:21.741, 4, 179.12 W, 25, 120 MHz, 3996 MHz, 0 %, 0 %
2026/03/24 02:33:21.741, 5, 180.58 W, 27, 120 MHz, 3996 MHz, 0 %, 0 %
2026/03/24 02:33:21.741, 6, 178.14 W, 26, 120 MHz, 3996 MHz, 0 %, 0 %
2026/03/24 02:33:21.741, 7, 176.58 W, 27, 120 MHz, 3996 MHz, 0 %, 0 %
2026/03/24 02:33:22.741, 0, 652.01 W, 41, 2032 MHz, 3996 MHz, 99 %, 33 %
2026/03/24 02:33:22.741, 1, 656.97 W, 45, 2032 MHz, 3996 MHz, 99 %, 30 %
2026/03/24 02:33:22.741, 2, 654.88 W, 41, 2032 MHz, 3996 MHz, 99 %, 31 %
2026/03/24 02:33:22.741, 3, 666.41 W, 46, 2032 MHz, 3996 MHz, 61 %, 31 %
2026/03/24 02:33:22.741, 4, 179.27 W, 25, 120 MHz, 3996 MHz, 0 %, 0 %
2026/03/24 02:33:22.741, 5, 180.58 W, 27, 120 MHz, 3996 MHz, 0 %, 0 %
2026/03/24 02:33:22.741, 6, 178.37 W, 26, 120 MHz, 3996 MHz, 0 %, 0 %
2026/03/24 02:33:22.741, 7, 176.58 W, 27, 120 MHz, 3996 MHz, 0 %, 0 %
2026/03/24 02:33:23.741, 0, 680.69 W, 41, 2032 MHz, 3996 MHz, 99 %, 26 %
2026/03/24 02:33:23.741, 1, 682.81 W, 45, 2032 MHz, 3996 MHz, 99 %, 27 %
2026/03/24 02:33:23.741, 2, 689.02 W, 42, 2032 MHz, 3996 MHz, 99 %, 25 %
2026/03/24 02:33:23.741, 3, 685.84 W, 46, 2032 MHz, 3996 MHz, 48 %, 25 %
2026/03/24 02:33:23.741, 4, 178.91 W, 25, 120 MHz, 3996 MHz, 0 %, 0 %
2026/03/24 02:33:23.741, 5, 180.58 W, 27, 120 MHz, 3996 MHz, 0 %, 0 %
2026/03/24 02:33:23.741, 6, 178.18 W, 26, 120 MHz, 3996 MHz, 0 %, 0 %
2026/03/24 02:33:23.741, 7, 176.59 W, 27, 120 MHz, 3996 MHz, 0 %, 0 %
2026/03/24 02:33:24.741, 0, 652.39 W, 42, 2032 MHz, 3996 MHz, 100 %, 35 %
2026/03/24 02:33:24.741, 1, 664.57 W, 46, 2032 MHz, 3996 MHz, 99 %, 30 %
2026/03/24 02:33:24.741, 2, 678.75 W, 43, 2032 MHz, 3996 MHz, 99 %, 33 %
2026/03/24 02:33:24.741, 3, 666.36 W, 47, 2032 MHz, 3996 MHz, 69 %, 33 %
2026/03/24 02:33:24.741, 4, 178.86 W, 25, 120 MHz, 3996 MHz, 0 %, 0 %
2026/03/24 02:33:24.741, 5, 180.58 W, 27, 120 MHz, 3996 MHz, 0 %, 0 %
2026/03/24 02:33:24.741, 6, 178.22 W, 26, 120 MHz, 3996 MHz, 0 %, 0 %
2026/03/24 02:33:24.741, 7, 176.59 W, 27, 120 MHz, 3996 MHz, 0 %, 0 %
2026/03/24 02:33:25.741, 0, 674.72 W, 41, 2032 MHz, 3996 MHz, 63 %, 33 %
2026/03/24 02:33:25.741, 1, 676.49 W, 44, 2032 MHz, 3996 MHz, 96 %, 46 %
2026/03/24 02:33:25.741, 2, 670.72 W, 41, 2032 MHz, 3996 MHz, 96 %, 25 %
2026/03/24 02:33:25.741, 3, 689.16 W, 45, 2032 MHz, 3996 MHz, 58 %, 22 %
2026/03/24 02:33:25.741, 4, 178.96 W, 25, 120 MHz, 3996 MHz, 0 %, 0 %
2026/03/24 02:33:25.741, 5, 180.58 W, 27, 120 MHz, 3996 MHz, 0 %, 0 %
2026/03/24 02:33:25.741, 6, 178.29 W, 26, 120 MHz, 3996 MHz, 0 %, 0 %
2026/03/24 02:33:25.741, 7, 176.59 W, 27, 120 MHz, 3996 MHz, 0 %, 0 %
2026/03/24 02:33:26.741, 0, 695.61 W, 43, 2032 MHz, 3996 MHz, 99 %, 34 %
2026/03/24 02:33:26.741, 1, 704.90 W, 47, 2032 MHz, 3996 MHz, 99 %, 38 %
2026/03/24 02:33:26.741, 2, 711.59 W, 42, 2032 MHz, 3996 MHz, 99 %, 33 %
2026/03/24 02:33:26.741, 3, 710.63 W, 48, 2032 MHz, 3996 MHz, 71 %, 33 %
2026/03/24 02:33:26.741, 4, 178.96 W, 25, 120 MHz, 3996 MHz, 0 %, 0 %
2026/03/24 02:33:26.741, 5, 180.58 W, 27, 120 MHz, 3996 MHz, 0 %, 0 %
2026/03/24 02:33:26.741, 6, 178.41 W, 26, 120 MHz, 3996 MHz, 0 %, 0 %
2026/03/24 02:33:26.741, 7, 176.59 W, 27, 120 MHz, 3996 MHz, 0 %, 0 %
2026/03/24 02:33:27.742, 0, 693.02 W, 41, 2032 MHz, 3996 MHz, 99 %, 32 %
2026/03/24 02:33:27.742, 1, 688.12 W, 45, 2032 MHz, 3996 MHz, 99 %, 43 %
2026/03/24 02:33:27.742, 2, 685.34 W, 41, 2032 MHz, 3996 MHz, 99 %, 29 %
2026/03/24 02:33:27.742, 3, 702.68 W, 46, 2032 MHz, 3996 MHz, 53 %, 28 %
2026/03/24 02:33:27.742, 4, 178.89 W, 25, 120 MHz, 3996 MHz, 0 %, 0 %
2026/03/24 02:33:27.742, 5, 180.58 W, 27, 120 MHz, 3996 MHz, 0 %, 0 %
2026/03/24 02:33:27.742, 6, 178.30 W, 26, 120 MHz, 3996 MHz, 0 %, 0 %
2026/03/24 02:33:27.742, 7, 176.59 W, 27, 120 MHz, 3996 MHz, 0 %, 0 %
2026/03/24 02:33:28.742, 0, 632.93 W, 43, 2032 MHz, 3996 MHz, 99 %, 28 %
2026/03/24 02:33:28.742, 1, 647.16 W, 47, 2032 MHz, 3996 MHz, 99 %, 23 %
2026/03/24 02:33:28.742, 2, 669.49 W, 43, 2032 MHz, 3996 MHz, 99 %, 30 %
2026/03/24 02:33:28.742, 3, 640.92 W, 48, 2032 MHz, 3996 MHz, 62 %, 31 %
2026/03/24 02:33:28.742, 4, 178.92 W, 25, 120 MHz, 3996 MHz, 0 %, 0 %
2026/03/24 02:33:28.742, 5, 180.58 W, 27, 120 MHz, 3996 MHz, 0 %, 0 %
2026/03/24 02:33:28.742, 6, 178.21 W, 26, 120 MHz, 3996 MHz, 0 %, 0 %
2026/03/24 02:33:28.742, 7, 176.59 W, 27, 120 MHz, 3996 MHz, 0 %, 0 %
2026/03/24 02:33:29.742, 0, 621.48 W, 41, 2032 MHz, 3996 MHz, 43 %, 23 %
2026/03/24 02:33:29.742, 1, 621.21 W, 44, 2032 MHz, 3996 MHz, 99 %, 23 %
2026/03/24 02:33:29.742, 2, 633.41 W, 42, 2032 MHz, 3996 MHz, 100 %, 25 %
2026/03/24 02:33:29.742, 3, 634.44 W, 46, 2032 MHz, 3996 MHz, 94 %, 27 %
2026/03/24 02:33:29.742, 4, 179.01 W, 25, 120 MHz, 3996 MHz, 0 %, 0 %
2026/03/24 02:33:29.742, 5, 180.58 W, 27, 120 MHz, 3996 MHz, 0 %, 0 %
2026/03/24 02:33:29.742, 6, 178.26 W, 26, 120 MHz, 3996 MHz, 0 %, 0 %
2026/03/24 02:33:29.742, 7, 176.59 W, 27, 120 MHz, 3996 MHz, 0 %, 0 %
2026/03/24 02:33:30.742, 0, 616.14 W, 40, 2032 MHz, 3996 MHz, 99 %, 27 %
2026/03/24 02:33:30.742, 1, 613.50 W, 44, 2032 MHz, 3996 MHz, 100 %, 34 %
2026/03/24 02:33:30.742, 2, 624.62 W, 40, 2032 MHz, 3996 MHz, 99 %, 26 %
2026/03/24 02:33:30.742, 3, 617.40 W, 45, 2032 MHz, 3996 MHz, 51 %, 25 %
2026/03/24 02:33:30.742, 4, 179.01 W, 25, 120 MHz, 3996 MHz, 0 %, 0 %
2026/03/24 02:33:30.742, 5, 180.58 W, 27, 120 MHz, 3996 MHz, 0 %, 0 %
2026/03/24 02:33:30.742, 6, 178.25 W, 26, 120 MHz, 3996 MHz, 0 %, 0 %
2026/03/24 02:33:30.742, 7, 176.58 W, 27, 120 MHz, 3996 MHz, 0 %, 0 %
2026/03/24 02:33:31.742, 0, 638.24 W, 41, 2032 MHz, 3996 MHz, 71 %, 26 %
2026/03/24 02:33:31.742, 1, 643.02 W, 44, 2032 MHz, 3996 MHz, 96 %, 41 %
2026/03/24 02:33:31.742, 2, 640.94 W, 41, 2032 MHz, 3996 MHz, 100 %, 26 %
2026/03/24 02:33:31.742, 3, 643.74 W, 45, 2032 MHz, 3996 MHz, 55 %, 26 %
2026/03/24 02:33:31.742, 4, 178.95 W, 25, 120 MHz, 3996 MHz, 0 %, 0 %
2026/03/24 02:33:31.742, 5, 180.58 W, 27, 120 MHz, 3996 MHz, 0 %, 0 %
2026/03/24 02:33:31.742, 6, 178.37 W, 26, 120 MHz, 3996 MHz, 0 %, 0 %
2026/03/24 02:33:31.742, 7, 176.59 W, 27, 120 MHz, 3996 MHz, 0 %, 0 %
2026/03/24 02:33:32.742, 0, 595.02 W, 40, 2032 MHz, 3996 MHz, 96 %, 22 %
2026/03/24 02:33:32.742, 1, 597.65 W, 44, 2032 MHz, 3996 MHz, 100 %, 22 %
2026/03/24 02:33:32.742, 2, 603.53 W, 40, 2032 MHz, 3996 MHz, 97 %, 22 %
2026/03/24 02:33:32.742, 3, 604.47 W, 45, 2032 MHz, 3996 MHz, 44 %, 22 %
2026/03/24 02:33:32.742, 4, 178.86 W, 25, 120 MHz, 3996 MHz, 0 %, 0 %
2026/03/24 02:33:32.742, 5, 180.58 W, 27, 120 MHz, 3996 MHz, 0 %, 0 %
2026/03/24 02:33:32.742, 6, 178.10 W, 26, 120 MHz, 3996 MHz, 0 %, 0 %
2026/03/24 02:33:32.742, 7, 176.58 W, 27, 120 MHz, 3996 MHz, 0 %, 0 %
2026/03/24 02:33:33.742, 0, 575.18 W, 41, 2032 MHz, 3996 MHz, 100 %, 26 %
2026/03/24 02:33:33.742, 1, 592.86 W, 46, 2032 MHz, 3996 MHz, 99 %, 24 %
2026/03/24 02:33:33.742, 2, 582.73 W, 42, 2032 MHz, 3996 MHz, 100 %, 32 %
2026/03/24 02:33:33.742, 3, 581.76 W, 46, 2032 MHz, 3996 MHz, 63 %, 37 %
2026/03/24 02:33:33.742, 4, 179.05 W, 25, 120 MHz, 3996 MHz, 0 %, 0 %
2026/03/24 02:33:33.742, 5, 180.58 W, 27, 120 MHz, 3996 MHz, 0 %, 0 %
2026/03/24 02:33:33.742, 6, 178.22 W, 26, 120 MHz, 3996 MHz, 0 %, 0 %
2026/03/24 02:33:33.743, 7, 176.58 W, 27, 120 MHz, 3996 MHz, 0 %, 0 %
2026/03/24 02:33:34.743, 0, 585.51 W, 40, 2032 MHz, 3996 MHz, 42 %, 23 %
2026/03/24 02:33:34.743, 1, 604.42 W, 45, 2032 MHz, 3996 MHz, 99 %, 22 %
2026/03/24 02:33:34.743, 2, 600.49 W, 41, 2032 MHz, 3996 MHz, 100 %, 23 %
2026/03/24 02:33:34.743, 3, 606.61 W, 45, 2032 MHz, 3996 MHz, 100 %, 23 %
2026/03/24 02:33:34.743, 4, 178.73 W, 25, 120 MHz, 3996 MHz, 0 %, 0 %
2026/03/24 02:33:34.743, 5, 180.58 W, 27, 120 MHz, 3996 MHz, 0 %, 0 %
2026/03/24 02:33:34.743, 6, 178.26 W, 26, 120 MHz, 3996 MHz, 0 %, 0 %
2026/03/24 02:33:34.743, 7, 176.58 W, 27, 120 MHz, 3996 MHz, 0 %, 0 %
2026/03/24 02:33:35.743, 0, 906.84 W, 44, 2032 MHz, 3996 MHz, 100 %, 70 %
2026/03/24 02:33:35.743, 1, 934.43 W, 48, 2032 MHz, 3996 MHz, 100 %, 69 %
2026/03/24 02:33:35.743, 2, 941.45 W, 45, 2032 MHz, 3996 MHz, 100 %, 69 %
2026/03/24 02:33:35.743, 3, 936.27 W, 49, 2032 MHz, 3996 MHz, 100 %, 70 %
2026/03/24 02:33:35.743, 4, 179.05 W, 25, 120 MHz, 3996 MHz, 0 %, 0 %
2026/03/24 02:33:35.743, 5, 180.58 W, 27, 120 MHz, 3996 MHz, 0 %, 0 %
2026/03/24 02:33:35.743, 6, 178.33 W, 26, 120 MHz, 3996 MHz, 0 %, 0 %
2026/03/24 02:33:35.743, 7, 176.58 W, 27, 120 MHz, 3996 MHz, 0 %, 0 %
2026/03/24 02:33:36.743, 0, 907.77 W, 44, 2032 MHz, 3996 MHz, 100 %, 69 %
2026/03/24 02:33:36.743, 1, 936.74 W, 49, 2032 MHz, 3996 MHz, 100 %, 70 %
2026/03/24 02:33:36.743, 2, 946.50 W, 45, 2032 MHz, 3996 MHz, 100 %, 70 %
2026/03/24 02:33:36.743, 3, 942.07 W, 49, 2032 MHz, 3996 MHz, 100 %, 69 %
2026/03/24 02:33:36.743, 4, 178.93 W, 25, 120 MHz, 3996 MHz, 0 %, 0 %
2026/03/24 02:33:36.743, 5, 180.58 W, 27, 120 MHz, 3996 MHz, 0 %, 0 %
2026/03/24 02:33:36.743, 6, 178.30 W, 26, 120 MHz, 3996 MHz, 0 %, 0 %
2026/03/24 02:33:36.743, 7, 176.58 W, 27, 120 MHz, 3996 MHz, 0 %, 0 %
2026/03/24 02:33:37.743, 0, 910.06 W, 44, 2032 MHz, 3996 MHz, 100 %, 70 %
2026/03/24 02:33:37.743, 1, 938.57 W, 49, 2032 MHz, 3996 MHz, 100 %, 69 %
2026/03/24 02:33:37.743, 2, 948.09 W, 45, 2032 MHz, 3996 MHz, 100 %, 70 %
2026/03/24 02:33:37.743, 3, 942.26 W, 50, 2032 MHz, 3996 MHz, 100 %, 70 %
2026/03/24 02:33:37.743, 4, 179.00 W, 25, 120 MHz, 3996 MHz, 0 %, 0 %
2026/03/24 02:33:37.743, 5, 180.58 W, 27, 120 MHz, 3996 MHz, 0 %, 0 %
2026/03/24 02:33:37.743, 6, 178.06 W, 26, 120 MHz, 3996 MHz, 0 %, 0 %
2026/03/24 02:33:37.743, 7, 176.58 W, 27, 120 MHz, 3996 MHz, 0 %, 0 %
2026/03/24 02:33:38.743, 0, 910.86 W, 44, 2032 MHz, 3996 MHz, 100 %, 70 %
2026/03/24 02:33:38.743, 1, 940.61 W, 49, 2032 MHz, 3996 MHz, 100 %, 70 %
2026/03/24 02:33:38.743, 2, 948.39 W, 45, 2032 MHz, 3996 MHz, 100 %, 70 %
2026/03/24 02:33:38.743, 3, 942.66 W, 50, 2032 MHz, 3996 MHz, 100 %, 69 %
2026/03/24 02:33:38.743, 4, 178.95 W, 25, 120 MHz, 3996 MHz, 0 %, 0 %
2026/03/24 02:33:38.743, 5, 180.58 W, 27, 120 MHz, 3996 MHz, 0 %, 0 %
2026/03/24 02:33:38.743, 6, 178.18 W, 26, 120 MHz, 3996 MHz, 0 %, 0 %
2026/03/24 02:33:38.743, 7, 176.58 W, 27, 120 MHz, 3996 MHz, 0 %, 0 %
2026/03/24 02:33:39.743, 0, 911.71 W, 45, 2032 MHz, 3996 MHz, 100 %, 70 %
2026/03/24 02:33:39.743, 1, 941.23 W, 49, 2032 MHz, 3996 MHz, 100 %, 69 %
2026/03/24 02:33:39.743, 2, 951.22 W, 46, 2032 MHz, 3996 MHz, 100 %, 70 %
2026/03/24 02:33:39.743, 3, 944.35 W, 50, 2032 MHz, 3996 MHz, 100 %, 70 %
2026/03/24 02:33:39.743, 4, 178.88 W, 25, 120 MHz, 3996 MHz, 0 %, 0 %
2026/03/24 02:33:39.743, 5, 180.58 W, 27, 120 MHz, 3996 MHz, 0 %, 0 %
2026/03/24 02:33:39.743, 6, 178.38 W, 26, 120 MHz, 3996 MHz, 0 %, 0 %
2026/03/24 02:33:39.743, 7, 176.58 W, 27, 120 MHz, 3996 MHz, 0 %, 0 %
2026/03/24 02:33:40.743, 0, 914.08 W, 45, 2032 MHz, 3996 MHz, 100 %, 70 %
2026/03/24 02:33:40.743, 1, 941.66 W, 49, 2032 MHz, 3996 MHz, 100 %, 70 %
2026/03/24 02:33:40.744, 2, 951.98 W, 46, 2032 MHz, 3996 MHz, 100 %, 70 %
2026/03/24 02:33:40.744, 3, 945.14 W, 50, 2032 MHz, 3996 MHz, 100 %, 70 %
2026/03/24 02:33:40.744, 4, 178.93 W, 25, 120 MHz, 3996 MHz, 0 %, 0 %
2026/03/24 02:33:40.744, 5, 180.58 W, 27, 120 MHz, 3996 MHz, 0 %, 0 %
2026/03/24 02:33:40.744, 6, 178.41 W, 26, 120 MHz, 3996 MHz, 0 %, 0 %
2026/03/24 02:33:40.744, 7, 176.58 W, 27, 120 MHz, 3996 MHz, 0 %, 0 %
2026/03/24 02:33:41.744, 0, 914.12 W, 45, 2032 MHz, 3996 MHz, 100 %, 70 %
2026/03/24 02:33:41.744, 1, 941.10 W, 49, 2032 MHz, 3996 MHz, 100 %, 70 %
2026/03/24 02:33:41.744, 2, 952.61 W, 46, 2032 MHz, 3996 MHz, 100 %, 70 %
2026/03/24 02:33:41.744, 3, 946.19 W, 50, 2032 MHz, 3996 MHz, 100 %, 70 %
2026/03/24 02:33:41.744, 4, 179.10 W, 25, 120 MHz, 3996 MHz, 0 %, 0 %
2026/03/24 02:33:41.744, 5, 180.58 W, 27, 120 MHz, 3996 MHz, 0 %, 0 %
2026/03/24 02:33:41.744, 6, 178.25 W, 26, 120 MHz, 3996 MHz, 0 %, 0 %
2026/03/24 02:33:41.744, 7, 176.58 W, 27, 120 MHz, 3996 MHz, 0 %, 0 %
2026/03/24 02:33:42.744, 0, 913.63 W, 45, 2032 MHz, 3996 MHz, 100 %, 70 %
2026/03/24 02:33:42.744, 1, 944.67 W, 50, 2032 MHz, 3996 MHz, 100 %, 70 %
2026/03/24 02:33:42.744, 2, 951.75 W, 46, 2032 MHz, 3996 MHz, 100 %, 70 %
2026/03/24 02:33:42.744, 3, 946.60 W, 50, 2032 MHz, 3996 MHz, 100 %, 70 %
2026/03/24 02:33:42.744, 4, 179.00 W, 25, 120 MHz, 3996 MHz, 0 %, 0 %
2026/03/24 02:33:42.744, 5, 180.58 W, 27, 120 MHz, 3996 MHz, 0 %, 0 %
2026/03/24 02:33:42.744, 6, 178.30 W, 26, 120 MHz, 3996 MHz, 0 %, 0 %
2026/03/24 02:33:42.744, 7, 176.58 W, 27, 120 MHz, 3996 MHz, 0 %, 0 %
2026/03/24 02:33:43.744, 0, 915.34 W, 45, 2032 MHz, 3996 MHz, 100 %, 70 %
2026/03/24 02:33:43.744, 1, 943.50 W, 50, 2032 MHz, 3996 MHz, 100 %, 70 %
2026/03/24 02:33:43.744, 2, 954.34 W, 46, 2032 MHz, 3996 MHz, 100 %, 70 %
2026/03/24 02:33:43.744, 3, 948.98 W, 51, 2032 MHz, 3996 MHz, 100 %, 70 %
2026/03/24 02:33:43.744, 4, 178.89 W, 25, 120 MHz, 3996 MHz, 0 %, 0 %
2026/03/24 02:33:43.744, 5, 180.58 W, 27, 120 MHz, 3996 MHz, 0 %, 0 %
2026/03/24 02:33:43.744, 6, 178.18 W, 26, 120 MHz, 3996 MHz, 0 %, 0 %
2026/03/24 02:33:43.744, 7, 176.58 W, 27, 120 MHz, 3996 MHz, 0 %, 0 %
2026/03/24 02:33:44.744, 0, 915.92 W, 45, 2032 MHz, 3996 MHz, 100 %, 71 %
2026/03/24 02:33:44.744, 1, 946.11 W, 50, 2032 MHz, 3996 MHz, 100 %, 70 %
2026/03/24 02:33:44.744, 2, 954.17 W, 46, 2032 MHz, 3996 MHz, 100 %, 70 %
2026/03/24 02:33:44.744, 3, 946.25 W, 51, 2032 MHz, 3996 MHz, 100 %, 70 %
2026/03/24 02:33:44.744, 4, 178.76 W, 25, 120 MHz, 3996 MHz, 0 %, 0 %
2026/03/24 02:33:44.744, 5, 180.58 W, 27, 120 MHz, 3996 MHz, 0 %, 0 %
2026/03/24 02:33:44.744, 6, 178.13 W, 26, 120 MHz, 3996 MHz, 0 %, 0 %
2026/03/24 02:33:44.744, 7, 176.58 W, 27, 120 MHz, 3996 MHz, 0 %, 0 %
2026/03/24 02:33:45.744, 0, 915.39 W, 45, 2032 MHz, 3996 MHz, 100 %, 70 %
2026/03/24 02:33:45.744, 1, 945.30 W, 50, 2032 MHz, 3996 MHz, 100 %, 70 %
2026/03/24 02:33:45.744, 2, 956.31 W, 46, 2032 MHz, 3996 MHz, 100 %, 71 %
2026/03/24 02:33:45.744, 3, 949.31 W, 51, 2032 MHz, 3996 MHz, 100 %, 70 %
2026/03/24 02:33:45.744, 4, 179.21 W, 25, 120 MHz, 3996 MHz, 0 %, 0 %
2026/03/24 02:33:45.744, 5, 180.58 W, 27, 120 MHz, 3996 MHz, 0 %, 0 %
2026/03/24 02:33:45.744, 6, 178.15 W, 26, 120 MHz, 3996 MHz, 0 %, 0 %
2026/03/24 02:33:45.744, 7, 176.58 W, 27, 120 MHz, 3996 MHz, 0 %, 0 %
2026/03/24 02:33:46.744, 0, 917.01 W, 45, 2032 MHz, 3996 MHz, 100 %, 70 %
2026/03/24 02:33:46.744, 1, 945.50 W, 50, 2032 MHz, 3996 MHz, 100 %, 70 %
2026/03/24 02:33:46.744, 2, 956.37 W, 47, 2032 MHz, 3996 MHz, 100 %, 71 %
2026/03/24 02:33:46.744, 3, 949.10 W, 51, 2032 MHz, 3996 MHz, 100 %, 70 %
2026/03/24 02:33:46.744, 4, 179.01 W, 25, 120 MHz, 3996 MHz, 0 %, 0 %
2026/03/24 02:33:46.744, 5, 180.58 W, 27, 120 MHz, 3996 MHz, 0 %, 0 %
2026/03/24 02:33:46.744, 6, 178.22 W, 26, 120 MHz, 3996 MHz, 0 %, 0 %
2026/03/24 02:33:46.744, 7, 176.58 W, 27, 120 MHz, 3996 MHz, 0 %, 0 %
2026/03/24 02:33:47.745, 0, 918.53 W, 46, 2032 MHz, 3996 MHz, 100 %, 70 %
2026/03/24 02:33:47.745, 1, 947.29 W, 50, 2032 MHz, 3996 MHz, 100 %, 70 %
2026/03/24 02:33:47.745, 2, 957.31 W, 47, 2032 MHz, 3996 MHz, 100 %, 71 %
2026/03/24 02:33:47.745, 3, 951.42 W, 51, 2032 MHz, 3996 MHz, 100 %, 70 %
2026/03/24 02:33:47.745, 4, 178.85 W, 25, 120 MHz, 3996 MHz, 0 %, 0 %
2026/03/24 02:33:47.745, 5, 180.58 W, 27, 120 MHz, 3996 MHz, 0 %, 0 %
2026/03/24 02:33:47.745, 6, 178.10 W, 26, 120 MHz, 3996 MHz, 0 %, 0 %
2026/03/24 02:33:47.745, 7, 176.58 W, 27, 120 MHz, 3996 MHz, 0 %, 0 %
2026/03/24 02:33:48.745, 0, 919.45 W, 46, 2032 MHz, 3996 MHz, 100 %, 70 %
2026/03/24 02:33:48.745, 1, 948.47 W, 50, 2032 MHz, 3996 MHz, 100 %, 70 %
2026/03/24 02:33:48.745, 2, 956.74 W, 47, 2032 MHz, 3996 MHz, 100 %, 71 %
2026/03/24 02:33:48.745, 3, 952.36 W, 51, 2032 MHz, 3996 MHz, 100 %, 70 %
2026/03/24 02:33:48.745, 4, 179.01 W, 25, 120 MHz, 3996 MHz, 0 %, 0 %
2026/03/24 02:33:48.745, 5, 180.58 W, 27, 120 MHz, 3996 MHz, 0 %, 0 %
2026/03/24 02:33:48.745, 6, 178.14 W, 26, 120 MHz, 3996 MHz, 0 %, 0 %
2026/03/24 02:33:48.745, 7, 176.58 W, 27, 120 MHz, 3996 MHz, 0 %, 0 %
2026/03/24 02:33:49.745, 0, 920.72 W, 46, 2032 MHz, 3996 MHz, 100 %, 70 %
2026/03/24 02:33:49.745, 1, 948.66 W, 50, 2032 MHz, 3996 MHz, 100 %, 70 %
2026/03/24 02:33:49.745, 2, 958.55 W, 47, 2032 MHz, 3996 MHz, 100 %, 71 %
2026/03/24 02:33:49.745, 3, 954.42 W, 51, 2032 MHz, 3996 MHz, 100 %, 70 %
2026/03/24 02:33:49.745, 4, 179.09 W, 25, 120 MHz, 3996 MHz, 0 %, 0 %
2026/03/24 02:33:49.745, 5, 180.58 W, 27, 120 MHz, 3996 MHz, 0 %, 0 %
2026/03/24 02:33:49.745, 6, 178.18 W, 26, 120 MHz, 3996 MHz, 0 %, 0 %
2026/03/24 02:33:49.745, 7, 176.59 W, 27, 120 MHz, 3996 MHz, 0 %, 0 %
2026/03/24 02:33:50.745, 0, 921.51 W, 46, 2032 MHz, 3996 MHz, 100 %, 71 %
2026/03/24 02:33:50.745, 1, 951.54 W, 50, 2032 MHz, 3996 MHz, 100 %, 70 %
2026/03/24 02:33:50.745, 2, 957.11 W, 47, 2032 MHz, 3996 MHz, 100 %, 71 %
2026/03/24 02:33:50.745, 3, 952.66 W, 51, 2032 MHz, 3996 MHz, 100 %, 70 %
2026/03/24 02:33:50.745, 4, 178.89 W, 25, 120 MHz, 3996 MHz, 0 %, 0 %
2026/03/24 02:33:50.745, 5, 180.58 W, 27, 120 MHz, 3996 MHz, 0 %, 0 %
2026/03/24 02:33:50.745, 6, 178.18 W, 26, 120 MHz, 3996 MHz, 0 %, 0 %
2026/03/24 02:33:50.745, 7, 176.59 W, 27, 120 MHz, 3996 MHz, 0 %, 0 %
2026/03/24 02:33:51.745, 0, 921.99 W, 46, 2032 MHz, 3996 MHz, 100 %, 71 %
2026/03/24 02:33:51.745, 1, 951.76 W, 51, 2032 MHz, 3996 MHz, 100 %, 70 %
2026/03/24 02:33:51.745, 2, 960.22 W, 47, 2032 MHz, 3996 MHz, 100 %, 71 %
2026/03/24 02:33:51.745, 3, 953.52 W, 51, 2032 MHz, 3996 MHz, 100 %, 71 %
2026/03/24 02:33:51.745, 4, 178.93 W, 25, 120 MHz, 3996 MHz, 0 %, 0 %
2026/03/24 02:33:51.745, 5, 180.58 W, 27, 120 MHz, 3996 MHz, 0 %, 0 %
2026/03/24 02:33:51.745, 6, 178.10 W, 26, 120 MHz, 3996 MHz, 0 %, 0 %
2026/03/24 02:33:51.745, 7, 176.59 W, 27, 120 MHz, 3996 MHz, 0 %, 0 %
2026/03/24 02:33:52.745, 0, 920.19 W, 46, 2032 MHz, 3996 MHz, 100 %, 71 %
2026/03/24 02:33:52.745, 1, 951.26 W, 51, 2032 MHz, 3996 MHz, 100 %, 71 %
2026/03/24 02:33:52.745, 2, 961.65 W, 47, 2032 MHz, 3996 MHz, 100 %, 71 %
2026/03/24 02:33:52.745, 3, 954.39 W, 51, 2032 MHz, 3996 MHz, 100 %, 71 %
2026/03/24 02:33:52.745, 4, 178.93 W, 25, 120 MHz, 3996 MHz, 0 %, 0 %
2026/03/24 02:33:52.745, 5, 180.58 W, 27, 120 MHz, 3996 MHz, 0 %, 0 %
2026/03/24 02:33:52.745, 6, 178.33 W, 26, 120 MHz, 3996 MHz, 0 %, 0 %
2026/03/24 02:33:52.745, 7, 176.58 W, 27, 120 MHz, 3996 MHz, 0 %, 0 %
2026/03/24 02:33:53.745, 0, 921.34 W, 46, 2032 MHz, 3996 MHz, 100 %, 71 %
2026/03/24 02:33:53.745, 1, 951.93 W, 51, 2032 MHz, 3996 MHz, 100 %, 71 %
2026/03/24 02:33:53.745, 2, 959.64 W, 47, 2032 MHz, 3996 MHz, 100 %, 71 %
2026/03/24 02:33:53.745, 3, 955.86 W, 51, 2032 MHz, 3996 MHz, 100 %, 71 %
2026/03/24 02:33:53.745, 4, 178.90 W, 25, 120 MHz, 3996 MHz, 0 %, 0 %
2026/03/24 02:33:53.745, 5, 180.58 W, 27, 120 MHz, 3996 MHz, 0 %, 0 %
2026/03/24 02:33:53.745, 6, 178.18 W, 26, 120 MHz, 3996 MHz, 0 %, 0 %
2026/03/24 02:33:53.746, 7, 176.59 W, 27, 120 MHz, 3996 MHz, 0 %, 0 %
2026/03/24 02:33:54.746, 0, 922.33 W, 46, 2032 MHz, 3996 MHz, 100 %, 70 %
2026/03/24 02:33:54.746, 1, 951.43 W, 51, 2032 MHz, 3996 MHz, 100 %, 70 %
2026/03/24 02:33:54.746, 2, 961.55 W, 47, 2032 MHz, 3996 MHz, 100 %, 71 %
2026/03/24 02:33:54.746, 3, 954.96 W, 52, 2032 MHz, 3996 MHz, 100 %, 70 %
2026/03/24 02:33:54.746, 4, 179.19 W, 25, 120 MHz, 3996 MHz, 0 %, 0 %
2026/03/24 02:33:54.746, 5, 180.58 W, 27, 120 MHz, 3996 MHz, 0 %, 0 %
2026/03/24 02:33:54.746, 6, 178.15 W, 26, 120 MHz, 3996 MHz, 0 %, 0 %
2026/03/24 02:33:54.746, 7, 176.58 W, 27, 120 MHz, 3996 MHz, 0 %, 0 %
2026/03/24 02:33:55.746, 0, 923.55 W, 46, 2032 MHz, 3996 MHz, 100 %, 71 %
2026/03/24 02:33:55.746, 1, 952.09 W, 51, 2032 MHz, 3996 MHz, 100 %, 70 %
2026/03/24 02:33:55.746, 2, 960.37 W, 47, 2032 MHz, 3996 MHz, 100 %, 71 %
2026/03/24 02:33:55.746, 3, 954.96 W, 52, 2032 MHz, 3996 MHz, 100 %, 71 %
2026/03/24 02:33:55.746, 4, 178.72 W, 25, 120 MHz, 3996 MHz, 0 %, 0 %
2026/03/24 02:33:55.746, 5, 180.58 W, 27, 120 MHz, 3996 MHz, 0 %, 0 %
2026/03/24 02:33:55.746, 6, 178.41 W, 26, 120 MHz, 3996 MHz, 0 %, 0 %
2026/03/24 02:33:55.746, 7, 176.58 W, 27, 120 MHz, 3996 MHz, 0 %, 0 %
2026/03/24 02:33:56.746, 0, 923.29 W, 46, 2032 MHz, 3996 MHz, 100 %, 71 %
2026/03/24 02:33:56.746, 1, 953.96 W, 51, 2032 MHz, 3996 MHz, 100 %, 71 %
2026/03/24 02:33:56.746, 2, 961.71 W, 47, 2032 MHz, 3996 MHz, 100 %, 71 %
2026/03/24 02:33:56.746, 3, 957.11 W, 52, 2032 MHz, 3996 MHz, 100 %, 71 %
2026/03/24 02:33:56.746, 4, 178.93 W, 25, 120 MHz, 3996 MHz, 0 %, 0 %
2026/03/24 02:33:56.746, 5, 180.58 W, 27, 120 MHz, 3996 MHz, 0 %, 0 %
2026/03/24 02:33:56.746, 6, 178.03 W, 26, 120 MHz, 3996 MHz, 0 %, 0 %
2026/03/24 02:33:56.746, 7, 176.58 W, 27, 120 MHz, 3996 MHz, 0 %, 0 %
2026/03/24 02:33:57.746, 0, 925.52 W, 46, 2032 MHz, 3996 MHz, 100 %, 71 %
2026/03/24 02:33:57.746, 1, 954.42 W, 51, 2032 MHz, 3996 MHz, 100 %, 71 %
2026/03/24 02:33:57.746, 2, 962.34 W, 48, 2032 MHz, 3996 MHz, 100 %, 71 %
2026/03/24 02:33:57.746, 3, 958.07 W, 52, 2032 MHz, 3996 MHz, 100 %, 70 %
2026/03/24 02:33:57.746, 4, 178.90 W, 25, 120 MHz, 3996 MHz, 0 %, 0 %
2026/03/24 02:33:57.746, 5, 180.58 W, 27, 120 MHz, 3996 MHz, 0 %, 0 %
2026/03/24 02:33:57.746, 6, 178.34 W, 26, 120 MHz, 3996 MHz, 0 %, 0 %
2026/03/24 02:33:57.746, 7, 176.58 W, 27, 120 MHz, 3996 MHz, 0 %, 0 %
2026/03/24 02:33:58.746, 0, 923.94 W, 46, 2032 MHz, 3996 MHz, 100 %, 71 %
2026/03/24 02:33:58.746, 1, 955.06 W, 51, 2032 MHz, 3996 MHz, 100 %, 71 %
2026/03/24 02:33:58.746, 2, 962.50 W, 48, 2032 MHz, 3996 MHz, 100 %, 71 %
2026/03/24 02:33:58.746, 3, 957.00 W, 52, 2032 MHz, 3996 MHz, 100 %, 71 %
2026/03/24 02:33:58.746, 4, 179.07 W, 25, 120 MHz, 3996 MHz, 0 %, 0 %
2026/03/24 02:33:58.746, 5, 180.58 W, 27, 120 MHz, 3996 MHz, 0 %, 0 %
2026/03/24 02:33:58.746, 6, 178.38 W, 26, 120 MHz, 3996 MHz, 0 %, 0 %
2026/03/24 02:33:58.746, 7, 176.59 W, 27, 120 MHz, 3996 MHz, 0 %, 0 %
2026/03/24 02:33:59.746, 0, 864.25 W, 46, 2032 MHz, 3996 MHz, 100 %, 71 %
2026/03/24 02:33:59.746, 1, 887.08 W, 51, 2032 MHz, 3996 MHz, 100 %, 70 %
2026/03/24 02:33:59.746, 2, 901.15 W, 47, 2032 MHz, 3996 MHz, 100 %, 71 %
2026/03/24 02:33:59.746, 3, 894.00 W, 51, 2032 MHz, 3996 MHz, 100 %, 71 %
2026/03/24 02:33:59.746, 4, 178.94 W, 25, 120 MHz, 3996 MHz, 0 %, 0 %
2026/03/24 02:33:59.746, 5, 180.58 W, 27, 120 MHz, 3996 MHz, 0 %, 0 %
2026/03/24 02:33:59.746, 6, 178.30 W, 26, 120 MHz, 3996 MHz, 0 %, 0 %
2026/03/24 02:33:59.746, 7, 176.58 W, 27, 120 MHz, 3996 MHz, 0 %, 0 %
2026/03/24 02:34:00.746, 0, 697.99 W, 43, 2032 MHz, 3996 MHz, 82 %, 44 %
2026/03/24 02:34:00.746, 1, 697.43 W, 47, 2032 MHz, 3996 MHz, 96 %, 42 %
2026/03/24 02:34:00.746, 2, 715.81 W, 44, 2032 MHz, 3996 MHz, 100 %, 41 %
2026/03/24 02:34:00.746, 3, 709.20 W, 48, 2032 MHz, 3996 MHz, 66 %, 43 %
2026/03/24 02:34:00.746, 4, 179.09 W, 25, 120 MHz, 3996 MHz, 0 %, 0 %
2026/03/24 02:34:00.747, 5, 180.58 W, 27, 120 MHz, 3996 MHz, 0 %, 0 %
2026/03/24 02:34:00.747, 6, 178.03 W, 26, 120 MHz, 3996 MHz, 0 %, 0 %
2026/03/24 02:34:00.747, 7, 176.58 W, 27, 120 MHz, 3996 MHz, 0 %, 0 %
2026/03/24 02:34:01.747, 0, 666.12 W, 42, 2032 MHz, 3996 MHz, 94 %, 24 %
2026/03/24 02:34:01.747, 1, 688.48 W, 48, 2032 MHz, 3996 MHz, 99 %, 25 %
2026/03/24 02:34:01.747, 2, 681.44 W, 43, 2032 MHz, 3996 MHz, 99 %, 25 %
2026/03/24 02:34:01.747, 3, 681.80 W, 47, 2032 MHz, 3996 MHz, 44 %, 25 %
2026/03/24 02:34:01.747, 4, 178.96 W, 25, 120 MHz, 3996 MHz, 0 %, 0 %
2026/03/24 02:34:01.747, 5, 180.58 W, 27, 120 MHz, 3996 MHz, 0 %, 0 %
2026/03/24 02:34:01.747, 6, 178.10 W, 26, 120 MHz, 3996 MHz, 0 %, 0 %
2026/03/24 02:34:01.747, 7, 176.58 W, 27, 120 MHz, 3996 MHz, 0 %, 0 %
2026/03/24 02:34:02.747, 0, 718.49 W, 45, 2032 MHz, 3996 MHz, 100 %, 39 %
2026/03/24 02:34:02.747, 1, 735.48 W, 49, 2032 MHz, 3996 MHz, 100 %, 71 %
2026/03/24 02:34:02.747, 2, 737.60 W, 45, 2032 MHz, 3996 MHz, 100 %, 71 %
2026/03/24 02:34:02.747, 3, 733.69 W, 50, 2032 MHz, 3996 MHz, 100 %, 71 %
2026/03/24 02:34:02.747, 4, 178.90 W, 25, 120 MHz, 3996 MHz, 0 %, 0 %
2026/03/24 02:34:02.747, 5, 180.58 W, 27, 120 MHz, 3996 MHz, 0 %, 0 %
2026/03/24 02:34:02.747, 6, 178.26 W, 26, 120 MHz, 3996 MHz, 0 %, 0 %
2026/03/24 02:34:02.747, 7, 176.59 W, 27, 120 MHz, 3996 MHz, 0 %, 0 %
2026/03/24 02:34:03.747, 0, 681.94 W, 42, 2032 MHz, 3996 MHz, 100 %, 24 %
2026/03/24 02:34:03.747, 1, 687.22 W, 47, 2032 MHz, 3996 MHz, 100 %, 24 %
2026/03/24 02:34:03.747, 2, 695.12 W, 42, 2032 MHz, 3996 MHz, 100 %, 24 %
2026/03/24 02:34:03.747, 3, 694.64 W, 47, 2032 MHz, 3996 MHz, 44 %, 24 %
2026/03/24 02:34:03.747, 4, 179.01 W, 25, 120 MHz, 3996 MHz, 0 %, 0 %
2026/03/24 02:34:03.747, 5, 180.58 W, 27, 120 MHz, 3996 MHz, 0 %, 0 %
2026/03/24 02:34:03.747, 6, 178.02 W, 26, 120 MHz, 3996 MHz, 0 %, 0 %
2026/03/24 02:34:03.747, 7, 176.58 W, 27, 120 MHz, 3996 MHz, 0 %, 0 %
2026/03/24 02:34:04.747, 0, 645.41 W, 42, 2032 MHz, 3996 MHz, 99 %, 27 %
2026/03/24 02:34:04.747, 1, 650.40 W, 46, 2032 MHz, 3996 MHz, 99 %, 27 %
2026/03/24 02:34:04.747, 2, 659.22 W, 42, 2032 MHz, 3996 MHz, 99 %, 28 %
2026/03/24 02:34:04.747, 3, 656.00 W, 47, 2032 MHz, 3996 MHz, 53 %, 28 %
2026/03/24 02:34:04.747, 4, 179.08 W, 25, 120 MHz, 3996 MHz, 0 %, 0 %
2026/03/24 02:34:04.747, 5, 180.58 W, 27, 120 MHz, 3996 MHz, 0 %, 0 %
2026/03/24 02:34:04.747, 6, 178.21 W, 26, 120 MHz, 3996 MHz, 0 %, 0 %
2026/03/24 02:34:04.747, 7, 176.58 W, 27, 120 MHz, 3996 MHz, 0 %, 0 %
2026/03/24 02:34:05.747, 0, 569.10 W, 41, 2032 MHz, 3996 MHz, 99 %, 24 %
2026/03/24 02:34:05.747, 1, 569.50 W, 45, 2032 MHz, 3996 MHz, 99 %, 23 %
2026/03/24 02:34:05.747, 2, 574.72 W, 42, 2032 MHz, 3996 MHz, 99 %, 23 %
2026/03/24 02:34:05.747, 3, 572.67 W, 46, 2032 MHz, 3996 MHz, 43 %, 23 %
2026/03/24 02:34:05.747, 4, 178.91 W, 25, 120 MHz, 3996 MHz, 0 %, 0 %
2026/03/24 02:34:05.747, 5, 180.58 W, 27, 120 MHz, 3996 MHz, 0 %, 0 %
2026/03/24 02:34:05.747, 6, 177.99 W, 26, 120 MHz, 3996 MHz, 0 %, 0 %
2026/03/24 02:34:05.747, 7, 176.59 W, 27, 120 MHz, 3996 MHz, 0 %, 0 %
2026/03/24 02:34:06.747, 0, 636.84 W, 42, 2032 MHz, 3996 MHz, 81 %, 31 %
2026/03/24 02:34:06.747, 1, 641.63 W, 46, 2032 MHz, 3996 MHz, 99 %, 24 %
2026/03/24 02:34:06.747, 2, 644.85 W, 42, 2032 MHz, 3996 MHz, 99 %, 25 %
2026/03/24 02:34:06.747, 3, 643.66 W, 47, 2032 MHz, 3996 MHz, 47 %, 25 %
2026/03/24 02:34:06.747, 4, 179.04 W, 25, 120 MHz, 3996 MHz, 0 %, 0 %
2026/03/24 02:34:06.747, 5, 180.58 W, 27, 120 MHz, 3996 MHz, 0 %, 0 %
2026/03/24 02:34:06.747, 6, 178.06 W, 26, 120 MHz, 3996 MHz, 0 %, 0 %
2026/03/24 02:34:06.747, 7, 176.58 W, 27, 120 MHz, 3996 MHz, 0 %, 0 %
2026/03/24 02:34:07.747, 0, 618.41 W, 41, 2032 MHz, 3996 MHz, 99 %, 25 %
2026/03/24 02:34:07.748, 1, 619.98 W, 45, 2032 MHz, 3996 MHz, 99 %, 23 %
2026/03/24 02:34:07.748, 2, 620.49 W, 41, 2032 MHz, 3996 MHz, 99 %, 23 %
2026/03/24 02:34:07.748, 3, 622.08 W, 46, 2032 MHz, 3996 MHz, 42 %, 23 %
2026/03/24 02:34:07.748, 4, 178.81 W, 25, 120 MHz, 3996 MHz, 0 %, 0 %
2026/03/24 02:34:07.748, 5, 180.58 W, 27, 120 MHz, 3996 MHz, 0 %, 0 %
2026/03/24 02:34:07.748, 6, 178.21 W, 26, 120 MHz, 3996 MHz, 0 %, 0 %
2026/03/24 02:34:07.748, 7, 176.58 W, 27, 120 MHz, 3996 MHz, 0 %, 0 %
2026/03/24 02:34:08.748, 0, 585.89 W, 41, 2032 MHz, 3996 MHz, 98 %, 27 %
2026/03/24 02:34:08.748, 1, 596.44 W, 45, 2032 MHz, 3996 MHz, 100 %, 27 %
2026/03/24 02:34:08.748, 2, 593.11 W, 41, 2032 MHz, 3996 MHz, 100 %, 27 %
2026/03/24 02:34:08.748, 3, 592.10 W, 46, 2032 MHz, 3996 MHz, 52 %, 27 %
2026/03/24 02:34:08.748, 4, 178.94 W, 25, 120 MHz, 3996 MHz, 0 %, 0 %
2026/03/24 02:34:08.748, 5, 180.58 W, 27, 120 MHz, 3996 MHz, 0 %, 0 %
2026/03/24 02:34:08.748, 6, 178.34 W, 26, 120 MHz, 3996 MHz, 0 %, 0 %
2026/03/24 02:34:08.748, 7, 176.58 W, 27, 120 MHz, 3996 MHz, 0 %, 0 %
2026/03/24 02:34:09.748, 0, 583.13 W, 41, 2032 MHz, 3996 MHz, 99 %, 23 %
2026/03/24 02:34:09.748, 1, 586.77 W, 45, 2032 MHz, 3996 MHz, 99 %, 23 %
2026/03/24 02:34:09.748, 2, 593.67 W, 41, 2032 MHz, 3996 MHz, 99 %, 23 %
2026/03/24 02:34:09.748, 3, 586.82 W, 45, 2032 MHz, 3996 MHz, 42 %, 23 %
2026/03/24 02:34:09.748, 4, 178.99 W, 25, 120 MHz, 3996 MHz, 0 %, 0 %
2026/03/24 02:34:09.748, 5, 180.58 W, 27, 120 MHz, 3996 MHz, 0 %, 0 %
2026/03/24 02:34:09.748, 6, 178.25 W, 26, 120 MHz, 3996 MHz, 0 %, 0 %
2026/03/24 02:34:09.748, 7, 176.58 W, 27, 120 MHz, 3996 MHz, 0 %, 0 %
2026/03/24 02:34:10.748, 0, 645.21 W, 42, 2032 MHz, 3996 MHz, 82 %, 27 %
2026/03/24 02:34:10.748, 1, 652.70 W, 46, 2032 MHz, 3996 MHz, 99 %, 26 %
2026/03/24 02:34:10.748, 2, 654.14 W, 42, 2032 MHz, 3996 MHz, 99 %, 26 %
2026/03/24 02:34:10.748, 3, 654.24 W, 47, 2032 MHz, 3996 MHz, 52 %, 26 %
2026/03/24 02:34:10.748, 4, 179.13 W, 25, 120 MHz, 3996 MHz, 0 %, 0 %
2026/03/24 02:34:10.748, 5, 180.58 W, 27, 120 MHz, 3996 MHz, 0 %, 0 %
2026/03/24 02:34:10.748, 6, 178.26 W, 26, 120 MHz, 3996 MHz, 0 %, 0 %
2026/03/24 02:34:10.748, 7, 176.58 W, 27, 120 MHz, 3996 MHz, 0 %, 0 %
2026/03/24 02:34:11.748, 0, 658.69 W, 42, 2032 MHz, 3996 MHz, 99 %, 27 %
2026/03/24 02:34:11.748, 1, 668.84 W, 46, 2032 MHz, 3996 MHz, 97 %, 60 %
2026/03/24 02:34:11.748, 2, 669.57 W, 43, 2032 MHz, 3996 MHz, 100 %, 62 %
2026/03/24 02:34:11.748, 3, 669.15 W, 47, 2032 MHz, 3996 MHz, 92 %, 64 %
2026/03/24 02:34:11.748, 4, 179.07 W, 25, 120 MHz, 3996 MHz, 0 %, 0 %
2026/03/24 02:34:11.748, 5, 180.58 W, 27, 120 MHz, 3996 MHz, 0 %, 0 %
2026/03/24 02:34:11.748, 6, 177.88 W, 26, 120 MHz, 3996 MHz, 0 %, 0 %
2026/03/24 02:34:11.748, 7, 176.58 W, 27, 120 MHz, 3996 MHz, 0 %, 0 %
2026/03/24 02:34:12.748, 0, 607.47 W, 41, 2032 MHz, 3996 MHz, 99 %, 27 %
2026/03/24 02:34:12.748, 1, 613.35 W, 44, 2032 MHz, 3996 MHz, 99 %, 24 %
2026/03/24 02:34:12.748, 2, 617.42 W, 41, 2032 MHz, 3996 MHz, 99 %, 23 %
2026/03/24 02:34:12.748, 3, 613.53 W, 45, 2032 MHz, 3996 MHz, 42 %, 23 %
2026/03/24 02:34:12.748, 4, 179.28 W, 25, 120 MHz, 3996 MHz, 0 %, 0 %
2026/03/24 02:34:12.748, 5, 180.58 W, 27, 120 MHz, 3996 MHz, 0 %, 0 %
2026/03/24 02:34:12.748, 6, 178.26 W, 26, 120 MHz, 3996 MHz, 0 %, 0 %
2026/03/24 02:34:12.748, 7, 176.58 W, 27, 120 MHz, 3996 MHz, 0 %, 0 %
2026/03/24 02:34:13.748, 0, 673.38 W, 43, 2032 MHz, 3996 MHz, 99 %, 29 %
2026/03/24 02:34:13.748, 1, 689.91 W, 47, 2032 MHz, 3996 MHz, 99 %, 27 %
2026/03/24 02:34:13.748, 2, 684.73 W, 43, 2032 MHz, 3996 MHz, 99 %, 26 %
2026/03/24 02:34:13.748, 3, 688.53 W, 48, 2032 MHz, 3996 MHz, 52 %, 26 %
2026/03/24 02:34:13.748, 4, 179.08 W, 25, 120 MHz, 3996 MHz, 0 %, 0 %
2026/03/24 02:34:13.748, 5, 180.58 W, 27, 120 MHz, 3996 MHz, 0 %, 0 %
2026/03/24 02:34:13.748, 6, 178.14 W, 26, 120 MHz, 3996 MHz, 0 %, 0 %
2026/03/24 02:34:13.748, 7, 176.58 W, 27, 120 MHz, 3996 MHz, 0 %, 0 %
2026/03/24 02:34:14.749, 0, 632.46 W, 41, 2032 MHz, 3996 MHz, 79 %, 48 %
2026/03/24 02:34:14.749, 1, 642.13 W, 46, 2032 MHz, 3996 MHz, 99 %, 26 %
2026/03/24 02:34:14.749, 2, 648.92 W, 42, 2032 MHz, 3996 MHz, 99 %, 25 %
2026/03/24 02:34:14.749, 3, 644.67 W, 46, 2032 MHz, 3996 MHz, 51 %, 26 %
2026/03/24 02:34:14.749, 4, 179.01 W, 25, 120 MHz, 3996 MHz, 0 %, 0 %
2026/03/24 02:34:14.749, 5, 180.58 W, 27, 120 MHz, 3996 MHz, 0 %, 0 %
2026/03/24 02:34:14.749, 6, 178.22 W, 26, 120 MHz, 3996 MHz, 0 %, 0 %
2026/03/24 02:34:14.749, 7, 176.58 W, 27, 120 MHz, 3996 MHz, 0 %, 0 %
2026/03/24 02:34:15.749, 0, 676.16 W, 44, 2032 MHz, 3996 MHz, 99 %, 26 %
2026/03/24 02:34:15.749, 1, 689.84 W, 48, 2032 MHz, 3996 MHz, 99 %, 34 %
2026/03/24 02:34:15.749, 2, 684.38 W, 44, 2032 MHz, 3996 MHz, 99 %, 33 %
2026/03/24 02:34:15.749, 3, 681.83 W, 49, 2032 MHz, 3996 MHz, 67 %, 34 %
2026/03/24 02:34:15.749, 4, 179.13 W, 25, 120 MHz, 3996 MHz, 0 %, 0 %
2026/03/24 02:34:15.749, 5, 180.58 W, 27, 120 MHz, 3996 MHz, 0 %, 0 %
2026/03/24 02:34:15.749, 6, 178.34 W, 26, 120 MHz, 3996 MHz, 0 %, 0 %
2026/03/24 02:34:15.749, 7, 176.58 W, 27, 120 MHz, 3996 MHz, 0 %, 0 %
2026/03/24 02:34:16.749, 0, 671.89 W, 41, 2032 MHz, 3996 MHz, 88 %, 34 %
2026/03/24 02:34:16.749, 1, 680.40 W, 45, 2032 MHz, 3996 MHz, 99 %, 25 %
2026/03/24 02:34:16.749, 2, 689.08 W, 42, 2032 MHz, 3996 MHz, 99 %, 26 %
2026/03/24 02:34:16.749, 3, 687.33 W, 46, 2032 MHz, 3996 MHz, 48 %, 25 %
2026/03/24 02:34:16.749, 4, 179.27 W, 25, 120 MHz, 3996 MHz, 0 %, 0 %
2026/03/24 02:34:16.749, 5, 180.58 W, 27, 120 MHz, 3996 MHz, 0 %, 0 %
2026/03/24 02:34:16.749, 6, 178.34 W, 26, 120 MHz, 3996 MHz, 0 %, 0 %
2026/03/24 02:34:16.749, 7, 176.58 W, 27, 120 MHz, 3996 MHz, 0 %, 0 %
2026/03/24 02:34:17.749, 0, 658.40 W, 41, 2032 MHz, 3996 MHz, 51 %, 26 %
2026/03/24 02:34:17.749, 1, 682.07 W, 48, 2032 MHz, 3996 MHz, 100 %, 26 %
2026/03/24 02:34:17.749, 2, 666.28 W, 41, 2032 MHz, 3996 MHz, 100 %, 27 %
2026/03/24 02:34:17.749, 3, 674.33 W, 46, 2032 MHz, 3996 MHz, 100 %, 27 %
2026/03/24 02:34:17.749, 4, 178.95 W, 25, 120 MHz, 3996 MHz, 0 %, 0 %
2026/03/24 02:34:17.749, 5, 180.58 W, 27, 120 MHz, 3996 MHz, 0 %, 0 %
2026/03/24 02:34:17.749, 6, 178.18 W, 26, 120 MHz, 3996 MHz, 0 %, 0 %
2026/03/24 02:34:17.749, 7, 176.58 W, 27, 120 MHz, 3996 MHz, 0 %, 0 %
2026/03/24 02:34:18.749, 0, 695.82 W, 42, 2032 MHz, 3996 MHz, 100 %, 24 %
2026/03/24 02:34:18.749, 1, 684.53 W, 47, 2032 MHz, 3996 MHz, 99 %, 32 %
2026/03/24 02:34:18.749, 2, 689.64 W, 43, 2032 MHz, 3996 MHz, 99 %, 31 %
2026/03/24 02:34:18.749, 3, 694.93 W, 47, 2032 MHz, 3996 MHz, 65 %, 32 %
2026/03/24 02:34:18.749, 4, 179.30 W, 25, 120 MHz, 3996 MHz, 0 %, 0 %
2026/03/24 02:34:18.749, 5, 180.58 W, 27, 120 MHz, 3996 MHz, 0 %, 0 %
2026/03/24 02:34:18.749, 6, 178.06 W, 26, 120 MHz, 3996 MHz, 0 %, 0 %
2026/03/24 02:34:18.749, 7, 176.58 W, 27, 120 MHz, 3996 MHz, 0 %, 0 %
2026/03/24 02:34:19.749, 0, 650.77 W, 43, 2032 MHz, 3996 MHz, 99 %, 30 %
2026/03/24 02:34:19.749, 1, 652.87 W, 47, 2032 MHz, 3996 MHz, 99 %, 31 %
2026/03/24 02:34:19.749, 2, 654.12 W, 43, 2032 MHz, 3996 MHz, 99 %, 31 %
2026/03/24 02:34:19.749, 3, 656.28 W, 48, 2032 MHz, 3996 MHz, 64 %, 31 %
2026/03/24 02:34:19.749, 4, 178.84 W, 25, 120 MHz, 3996 MHz, 0 %, 0 %
2026/03/24 02:34:19.749, 5, 180.58 W, 27, 120 MHz, 3996 MHz, 0 %, 0 %
2026/03/24 02:34:19.749, 6, 178.34 W, 26, 120 MHz, 3996 MHz, 0 %, 0 %
2026/03/24 02:34:19.749, 7, 176.58 W, 27, 120 MHz, 3996 MHz, 0 %, 0 %
2026/03/24 02:34:20.749, 0, 644.32 W, 40, 2032 MHz, 3996 MHz, 100 %, 47 %
2026/03/24 02:34:20.749, 1, 653.99 W, 46, 2032 MHz, 3996 MHz, 100 %, 23 %
2026/03/24 02:34:20.749, 2, 650.49 W, 41, 2032 MHz, 3996 MHz, 99 %, 23 %
2026/03/24 02:34:20.750, 3, 651.06 W, 45, 2032 MHz, 3996 MHz, 45 %, 23 %
2026/03/24 02:34:20.750, 4, 179.37 W, 25, 120 MHz, 3996 MHz, 0 %, 0 %
2026/03/24 02:34:20.750, 5, 180.58 W, 27, 120 MHz, 3996 MHz, 0 %, 0 %
2026/03/24 02:34:20.750, 6, 178.33 W, 26, 120 MHz, 3996 MHz, 0 %, 0 %
2026/03/24 02:34:20.750, 7, 176.58 W, 27, 120 MHz, 3996 MHz, 0 %, 0 %
2026/03/24 02:34:21.750, 0, 749.17 W, 42, 2032 MHz, 3996 MHz, 92 %, 27 %
2026/03/24 02:34:21.750, 1, 743.48 W, 46, 2032 MHz, 3996 MHz, 99 %, 25 %
2026/03/24 02:34:21.750, 2, 758.73 W, 42, 2032 MHz, 3996 MHz, 99 %, 25 %
2026/03/24 02:34:21.750, 3, 753.01 W, 46, 2032 MHz, 3996 MHz, 52 %, 26 %
2026/03/24 02:34:21.750, 4, 178.76 W, 25, 120 MHz, 3996 MHz, 0 %, 0 %
2026/03/24 02:34:21.750, 5, 180.58 W, 27, 120 MHz, 3996 MHz, 0 %, 0 %
2026/03/24 02:34:21.750, 6, 178.25 W, 26, 120 MHz, 3996 MHz, 0 %, 0 %
2026/03/24 02:34:21.750, 7, 176.58 W, 27, 120 MHz, 3996 MHz, 0 %, 0 %
2026/03/24 02:34:22.750, 0, 650.87 W, 41, 2032 MHz, 3996 MHz, 80 %, 27 %
2026/03/24 02:34:22.750, 1, 660.22 W, 45, 2032 MHz, 3996 MHz, 100 %, 27 %
2026/03/24 02:34:22.750, 2, 659.74 W, 42, 2032 MHz, 3996 MHz, 99 %, 26 %
2026/03/24 02:34:22.750, 3, 657.94 W, 46, 2032 MHz, 3996 MHz, 52 %, 27 %
2026/03/24 02:34:22.750, 4, 179.03 W, 25, 120 MHz, 3996 MHz, 0 %, 0 %
2026/03/24 02:34:22.750, 5, 180.58 W, 27, 120 MHz, 3996 MHz, 0 %, 0 %
2026/03/24 02:34:22.750, 6, 178.32 W, 26, 120 MHz, 3996 MHz, 0 %, 0 %
2026/03/24 02:34:22.750, 7, 176.58 W, 27, 120 MHz, 3996 MHz, 0 %, 0 %
2026/03/24 02:34:23.750, 0, 661.10 W, 42, 2032 MHz, 3996 MHz, 99 %, 26 %
2026/03/24 02:34:23.750, 1, 665.61 W, 46, 2032 MHz, 3996 MHz, 99 %, 29 %
2026/03/24 02:34:23.750, 2, 660.27 W, 42, 2032 MHz, 3996 MHz, 99 %, 31 %
2026/03/24 02:34:23.750, 3, 670.63 W, 46, 2032 MHz, 3996 MHz, 60 %, 29 %
2026/03/24 02:34:23.750, 4, 179.15 W, 25, 120 MHz, 3996 MHz, 0 %, 0 %
2026/03/24 02:34:23.750, 5, 180.58 W, 27, 120 MHz, 3996 MHz, 0 %, 0 %
2026/03/24 02:34:23.750, 6, 178.38 W, 26, 120 MHz, 3996 MHz, 0 %, 0 %
2026/03/24 02:34:23.750, 7, 176.58 W, 27, 120 MHz, 3996 MHz, 0 %, 0 %
2026/03/24 02:34:24.750, 0, 592.73 W, 40, 2032 MHz, 3996 MHz, 100 %, 37 %
2026/03/24 02:34:24.750, 1, 599.40 W, 44, 2032 MHz, 3996 MHz, 99 %, 24 %
2026/03/24 02:34:24.750, 2, 601.56 W, 40, 2032 MHz, 3996 MHz, 95 %, 23 %
2026/03/24 02:34:24.750, 3, 596.83 W, 45, 2032 MHz, 3996 MHz, 55 %, 24 %
2026/03/24 02:34:24.750, 4, 179.31 W, 25, 120 MHz, 3996 MHz, 0 %, 0 %
2026/03/24 02:34:24.750, 5, 180.58 W, 27, 120 MHz, 3996 MHz, 0 %, 0 %
2026/03/24 02:34:24.750, 6, 178.41 W, 26, 120 MHz, 3996 MHz, 0 %, 0 %
2026/03/24 02:34:24.750, 7, 176.58 W, 27, 120 MHz, 3996 MHz, 0 %, 0 %
2026/03/24 02:34:25.750, 0, 669.57 W, 40, 2032 MHz, 3996 MHz, 100 %, 26 %
2026/03/24 02:34:25.750, 1, 669.46 W, 44, 2032 MHz, 3996 MHz, 100 %, 24 %
2026/03/24 02:34:25.750, 2, 676.41 W, 40, 2032 MHz, 3996 MHz, 99 %, 23 %
2026/03/24 02:34:25.750, 3, 673.09 W, 45, 2032 MHz, 3996 MHz, 42 %, 23 %
2026/03/24 02:34:25.750, 4, 179.01 W, 25, 120 MHz, 3996 MHz, 0 %, 0 %
2026/03/24 02:34:25.750, 5, 180.58 W, 27, 120 MHz, 3996 MHz, 0 %, 0 %
2026/03/24 02:34:25.750, 6, 178.37 W, 26, 120 MHz, 3996 MHz, 0 %, 0 %
2026/03/24 02:34:25.750, 7, 176.58 W, 27, 120 MHz, 3996 MHz, 0 %, 0 %
2026/03/24 02:34:26.750, 0, 678.40 W, 41, 2032 MHz, 3996 MHz, 100 %, 26 %
2026/03/24 02:34:26.750, 1, 688.37 W, 45, 2032 MHz, 3996 MHz, 95 %, 42 %
2026/03/24 02:34:26.750, 2, 687.43 W, 41, 2032 MHz, 3996 MHz, 95 %, 42 %
2026/03/24 02:34:26.750, 3, 693.22 W, 46, 2032 MHz, 3996 MHz, 73 %, 42 %
2026/03/24 02:34:26.750, 4, 179.12 W, 25, 120 MHz, 3996 MHz, 0 %, 0 %
2026/03/24 02:34:26.750, 5, 180.58 W, 27, 120 MHz, 3996 MHz, 0 %, 0 %
2026/03/24 02:34:26.751, 6, 178.41 W, 26, 120 MHz, 3996 MHz, 0 %, 0 %
2026/03/24 02:34:26.751, 7, 176.58 W, 27, 120 MHz, 3996 MHz, 0 %, 0 %
2026/03/24 02:34:27.751, 0, 660.71 W, 42, 2032 MHz, 3996 MHz, 71 %, 42 %
2026/03/24 02:34:27.751, 1, 673.63 W, 46, 2032 MHz, 3996 MHz, 99 %, 28 %
2026/03/24 02:34:27.751, 2, 662.55 W, 42, 2032 MHz, 3996 MHz, 99 %, 26 %
2026/03/24 02:34:27.751, 3, 668.69 W, 47, 2032 MHz, 3996 MHz, 54 %, 27 %
2026/03/24 02:34:27.751, 4, 178.77 W, 25, 120 MHz, 3996 MHz, 0 %, 0 %
2026/03/24 02:34:27.751, 5, 180.58 W, 27, 120 MHz, 3996 MHz, 0 %, 0 %
2026/03/24 02:34:27.751, 6, 178.52 W, 26, 120 MHz, 3996 MHz, 0 %, 0 %
2026/03/24 02:34:27.751, 7, 176.58 W, 27, 120 MHz, 3996 MHz, 0 %, 0 %
2026/03/24 02:34:28.751, 0, 629.20 W, 41, 2032 MHz, 3996 MHz, 95 %, 41 %
2026/03/24 02:34:28.751, 1, 625.86 W, 46, 2032 MHz, 3996 MHz, 99 %, 30 %
2026/03/24 02:34:28.751, 2, 638.20 W, 41, 2032 MHz, 3996 MHz, 100 %, 30 %
2026/03/24 02:34:28.751, 3, 638.34 W, 46, 2032 MHz, 3996 MHz, 63 %, 31 %
2026/03/24 02:34:28.751, 4, 179.15 W, 25, 120 MHz, 3996 MHz, 0 %, 0 %
2026/03/24 02:34:28.751, 5, 180.58 W, 27, 120 MHz, 3996 MHz, 0 %, 0 %
2026/03/24 02:34:28.751, 6, 178.33 W, 26, 120 MHz, 3996 MHz, 0 %, 0 %
2026/03/24 02:34:28.751, 7, 176.58 W, 27, 120 MHz, 3996 MHz, 0 %, 0 %
2026/03/24 02:34:29.751, 0, 609.52 W, 40, 2032 MHz, 3996 MHz, 99 %, 33 %
2026/03/24 02:34:29.751, 1, 610.02 W, 44, 2032 MHz, 3996 MHz, 100 %, 23 %
2026/03/24 02:34:29.751, 2, 619.75 W, 40, 2032 MHz, 3996 MHz, 100 %, 23 %
2026/03/24 02:34:29.751, 3, 620.21 W, 44, 2032 MHz, 3996 MHz, 42 %, 23 %
2026/03/24 02:34:29.751, 4, 178.94 W, 25, 120 MHz, 3996 MHz, 0 %, 0 %
2026/03/24 02:34:29.751, 5, 180.58 W, 27, 120 MHz, 3996 MHz, 0 %, 0 %
2026/03/24 02:34:29.751, 6, 178.45 W, 26, 120 MHz, 3996 MHz, 0 %, 0 %
2026/03/24 02:34:29.751, 7, 176.58 W, 27, 120 MHz, 3996 MHz, 0 %, 0 %
2026/03/24 02:34:30.751, 0, 635.37 W, 39, 2032 MHz, 3996 MHz, 99 %, 27 %
2026/03/24 02:34:30.751, 1, 652.47 W, 45, 2032 MHz, 3996 MHz, 100 %, 21 %
2026/03/24 02:34:30.751, 2, 639.30 W, 40, 2032 MHz, 3996 MHz, 100 %, 21 %
2026/03/24 02:34:30.751, 3, 642.43 W, 44, 2032 MHz, 3996 MHz, 40 %, 21 %
2026/03/24 02:34:30.751, 4, 179.02 W, 25, 120 MHz, 3996 MHz, 0 %, 0 %
2026/03/24 02:34:30.751, 5, 180.58 W, 27, 120 MHz, 3996 MHz, 0 %, 0 %
2026/03/24 02:34:30.751, 6, 178.29 W, 26, 120 MHz, 3996 MHz, 0 %, 0 %
2026/03/24 02:34:30.751, 7, 176.58 W, 27, 120 MHz, 3996 MHz, 0 %, 0 %
2026/03/24 02:34:31.751, 0, 584.07 W, 40, 2032 MHz, 3996 MHz, 100 %, 23 %
2026/03/24 02:34:31.751, 1, 586.50 W, 44, 2032 MHz, 3996 MHz, 100 %, 26 %
2026/03/24 02:34:31.751, 2, 588.59 W, 40, 2032 MHz, 3996 MHz, 100 %, 26 %
2026/03/24 02:34:31.751, 3, 582.81 W, 45, 2032 MHz, 3996 MHz, 52 %, 26 %
2026/03/24 02:34:31.751, 4, 179.05 W, 25, 120 MHz, 3996 MHz, 0 %, 0 %
2026/03/24 02:34:31.751, 5, 180.58 W, 27, 120 MHz, 3996 MHz, 0 %, 0 %
2026/03/24 02:34:31.751, 6, 178.34 W, 26, 120 MHz, 3996 MHz, 0 %, 0 %
2026/03/24 02:34:31.751, 7, 176.58 W, 27, 120 MHz, 3996 MHz, 0 %, 0 %
2026/03/24 02:34:32.751, 0, 597.18 W, 40, 2032 MHz, 3996 MHz, 100 %, 30 %
2026/03/24 02:34:32.751, 1, 603.89 W, 44, 2032 MHz, 3996 MHz, 99 %, 24 %
2026/03/24 02:34:32.751, 2, 602.49 W, 40, 2032 MHz, 3996 MHz, 100 %, 23 %
2026/03/24 02:34:32.751, 3, 601.48 W, 44, 2032 MHz, 3996 MHz, 43 %, 23 %
2026/03/24 02:34:32.751, 4, 179.10 W, 25, 120 MHz, 3996 MHz, 0 %, 0 %
2026/03/24 02:34:32.751, 5, 180.58 W, 27, 120 MHz, 3996 MHz, 0 %, 0 %
2026/03/24 02:34:32.751, 6, 178.45 W, 26, 120 MHz, 3996 MHz, 0 %, 0 %
2026/03/24 02:34:32.751, 7, 176.58 W, 27, 120 MHz, 3996 MHz, 0 %, 0 %
2026/03/24 02:34:33.751, 0, 562.03 W, 39, 2032 MHz, 3996 MHz, 99 %, 21 %
2026/03/24 02:34:33.751, 1, 566.97 W, 43, 2032 MHz, 3996 MHz, 99 %, 22 %
2026/03/24 02:34:33.751, 2, 571.69 W, 39, 2032 MHz, 3996 MHz, 99 %, 22 %
2026/03/24 02:34:33.751, 3, 561.83 W, 43, 2032 MHz, 3996 MHz, 41 %, 22 %
2026/03/24 02:34:33.751, 4, 179.00 W, 25, 120 MHz, 3996 MHz, 0 %, 0 %
2026/03/24 02:34:33.751, 5, 180.58 W, 27, 120 MHz, 3996 MHz, 0 %, 0 %
2026/03/24 02:34:33.751, 6, 178.26 W, 26, 120 MHz, 3996 MHz, 0 %, 0 %
2026/03/24 02:34:33.752, 7, 176.58 W, 27, 120 MHz, 3996 MHz, 0 %, 0 %
2026/03/24 02:34:34.752, 0, 656.68 W, 40, 2032 MHz, 3996 MHz, 85 %, 26 %
2026/03/24 02:34:34.752, 1, 672.03 W, 44, 2032 MHz, 3996 MHz, 95 %, 43 %
2026/03/24 02:34:34.752, 2, 673.67 W, 41, 2032 MHz, 3996 MHz, 95 %, 50 %
2026/03/24 02:34:34.752, 3, 669.34 W, 45, 2032 MHz, 3996 MHz, 77 %, 46 %
2026/03/24 02:34:34.752, 4, 179.04 W, 25, 120 MHz, 3996 MHz, 0 %, 0 %
2026/03/24 02:34:34.752, 5, 180.58 W, 27, 120 MHz, 3996 MHz, 0 %, 0 %
2026/03/24 02:34:34.752, 6, 178.49 W, 26, 120 MHz, 3996 MHz, 0 %, 0 %
2026/03/24 02:34:34.752, 7, 176.58 W, 27, 120 MHz, 3996 MHz, 0 %, 0 %
2026/03/24 02:34:35.752, 0, 675.74 W, 42, 2032 MHz, 3996 MHz, 98 %, 59 %
2026/03/24 02:34:35.752, 1, 685.78 W, 45, 2032 MHz, 3996 MHz, 99 %, 31 %
2026/03/24 02:34:35.752, 2, 687.11 W, 42, 2032 MHz, 3996 MHz, 99 %, 30 %
2026/03/24 02:34:35.752, 3, 685.53 W, 47, 2032 MHz, 3996 MHz, 63 %, 31 %
2026/03/24 02:34:35.752, 4, 178.91 W, 25, 120 MHz, 3996 MHz, 0 %, 0 %
2026/03/24 02:34:35.752, 5, 180.58 W, 27, 120 MHz, 3996 MHz, 0 %, 0 %
2026/03/24 02:34:35.752, 6, 178.49 W, 26, 120 MHz, 3996 MHz, 0 %, 0 %
2026/03/24 02:34:35.752, 7, 176.58 W, 27, 120 MHz, 3996 MHz, 0 %, 0 %
2026/03/24 02:34:36.752, 0, 605.10 W, 39, 2032 MHz, 3996 MHz, 99 %, 23 %
2026/03/24 02:34:36.752, 1, 610.93 W, 43, 2032 MHz, 3996 MHz, 99 %, 22 %
2026/03/24 02:34:36.752, 2, 615.88 W, 40, 2032 MHz, 3996 MHz, 99 %, 22 %
2026/03/24 02:34:36.752, 3, 611.53 W, 44, 2032 MHz, 3996 MHz, 41 %, 22 %
2026/03/24 02:34:36.752, 4, 178.98 W, 25, 120 MHz, 3996 MHz, 0 %, 0 %
2026/03/24 02:34:36.752, 5, 180.58 W, 27, 120 MHz, 3996 MHz, 0 %, 0 %
2026/03/24 02:34:36.752, 6, 178.29 W, 26, 120 MHz, 3996 MHz, 0 %, 0 %
2026/03/24 02:34:36.752, 7, 176.58 W, 27, 120 MHz, 3996 MHz, 0 %, 0 %
2026/03/24 02:34:37.752, 0, 587.51 W, 40, 2032 MHz, 3996 MHz, 99 %, 25 %
2026/03/24 02:34:37.752, 1, 600.40 W, 45, 2032 MHz, 3996 MHz, 100 %, 26 %
2026/03/24 02:34:37.752, 2, 591.99 W, 40, 2032 MHz, 3996 MHz, 99 %, 26 %
2026/03/24 02:34:37.752, 3, 595.32 W, 45, 2032 MHz, 3996 MHz, 51 %, 26 %
2026/03/24 02:34:37.752, 4, 178.91 W, 25, 120 MHz, 3996 MHz, 0 %, 0 %
2026/03/24 02:34:37.752, 5, 180.58 W, 27, 120 MHz, 3996 MHz, 0 %, 0 %
2026/03/24 02:34:37.752, 6, 178.38 W, 26, 120 MHz, 3996 MHz, 0 %, 0 %
2026/03/24 02:34:37.752, 7, 176.58 W, 27, 120 MHz, 3996 MHz, 0 %, 0 %
2026/03/24 02:34:38.752, 0, 604.83 W, 39, 2032 MHz, 3996 MHz, 100 %, 26 %
2026/03/24 02:34:38.752, 1, 606.37 W, 43, 2032 MHz, 3996 MHz, 99 %, 23 %
2026/03/24 02:34:38.752, 2, 619.41 W, 39, 2032 MHz, 3996 MHz, 99 %, 23 %
2026/03/24 02:34:38.752, 3, 608.19 W, 44, 2032 MHz, 3996 MHz, 44 %, 23 %
2026/03/24 02:34:38.752, 4, 178.99 W, 25, 120 MHz, 3996 MHz, 0 %, 0 %
2026/03/24 02:34:38.752, 5, 180.58 W, 27, 120 MHz, 3996 MHz, 0 %, 0 %
2026/03/24 02:34:38.752, 6, 178.30 W, 26, 120 MHz, 3996 MHz, 0 %, 0 %
2026/03/24 02:34:38.752, 7, 176.58 W, 27, 120 MHz, 3996 MHz, 0 %, 0 %
2026/03/24 02:34:39.752, 0, 651.60 W, 40, 2032 MHz, 3996 MHz, 83 %, 26 %
2026/03/24 02:34:39.752, 1, 652.64 W, 44, 2032 MHz, 3996 MHz, 99 %, 24 %
2026/03/24 02:34:39.752, 2, 660.63 W, 40, 2032 MHz, 3996 MHz, 99 %, 26 %
2026/03/24 02:34:39.752, 3, 661.13 W, 44, 2032 MHz, 3996 MHz, 51 %, 25 %
2026/03/24 02:34:39.752, 4, 179.28 W, 25, 120 MHz, 3996 MHz, 0 %, 0 %
2026/03/24 02:34:39.752, 5, 180.58 W, 27, 120 MHz, 3996 MHz, 0 %, 0 %
2026/03/24 02:34:39.752, 6, 178.26 W, 26, 120 MHz, 3996 MHz, 0 %, 0 %
2026/03/24 02:34:39.752, 7, 176.58 W, 27, 120 MHz, 3996 MHz, 0 %, 0 %
2026/03/24 02:34:40.753, 0, 662.16 W, 40, 2032 MHz, 3996 MHz, 66 %, 41 %
2026/03/24 02:34:40.753, 1, 677.83 W, 44, 2032 MHz, 3996 MHz, 95 %, 29 %
2026/03/24 02:34:40.753, 2, 676.76 W, 40, 2032 MHz, 3996 MHz, 95 %, 36 %
2026/03/24 02:34:40.753, 3, 676.32 W, 45, 2032 MHz, 3996 MHz, 65 %, 32 %
2026/03/24 02:34:40.753, 4, 178.98 W, 25, 120 MHz, 3996 MHz, 0 %, 0 %
2026/03/24 02:34:40.753, 5, 180.58 W, 27, 120 MHz, 3996 MHz, 0 %, 0 %
2026/03/24 02:34:40.753, 6, 178.33 W, 26, 120 MHz, 3996 MHz, 0 %, 0 %
2026/03/24 02:34:40.753, 7, 176.59 W, 27, 120 MHz, 3996 MHz, 0 %, 0 %
2026/03/24 02:34:41.753, 0, 647.05 W, 40, 2032 MHz, 3996 MHz, 99 %, 24 %
2026/03/24 02:34:41.753, 1, 654.44 W, 43, 2032 MHz, 3996 MHz, 99 %, 23 %
2026/03/24 02:34:41.753, 2, 665.45 W, 40, 2032 MHz, 3996 MHz, 99 %, 23 %
2026/03/24 02:34:41.753, 3, 653.43 W, 44, 2032 MHz, 3996 MHz, 44 %, 23 %
2026/03/24 02:34:41.753, 4, 178.78 W, 25, 120 MHz, 3996 MHz, 0 %, 0 %
2026/03/24 02:34:41.753, 5, 180.58 W, 27, 120 MHz, 3996 MHz, 0 %, 0 %
2026/03/24 02:34:41.753, 6, 178.49 W, 26, 120 MHz, 3996 MHz, 0 %, 0 %
2026/03/24 02:34:41.753, 7, 176.58 W, 27, 120 MHz, 3996 MHz, 0 %, 0 %
2026/03/24 02:34:42.753, 0, 729.74 W, 43, 2032 MHz, 3996 MHz, 100 %, 69 %
2026/03/24 02:34:42.753, 1, 749.20 W, 46, 2032 MHz, 3996 MHz, 100 %, 69 %
2026/03/24 02:34:42.753, 2, 746.14 W, 44, 2032 MHz, 3996 MHz, 100 %, 69 %
2026/03/24 02:34:42.753, 3, 745.00 W, 48, 2032 MHz, 3996 MHz, 100 %, 69 %
2026/03/24 02:34:42.753, 4, 178.87 W, 25, 120 MHz, 3996 MHz, 0 %, 0 %
2026/03/24 02:34:42.753, 5, 180.58 W, 27, 120 MHz, 3996 MHz, 0 %, 0 %
2026/03/24 02:34:42.753, 6, 178.29 W, 26, 120 MHz, 3996 MHz, 0 %, 0 %
2026/03/24 02:34:42.753, 7, 176.58 W, 27, 120 MHz, 3996 MHz, 0 %, 0 %
2026/03/24 02:34:43.753, 0, 699.93 W, 40, 2032 MHz, 3996 MHz, 78 %, 23 %
2026/03/24 02:34:43.753, 1, 731.08 W, 45, 2032 MHz, 3996 MHz, 100 %, 23 %
2026/03/24 02:34:43.753, 2, 720.48 W, 41, 2032 MHz, 3996 MHz, 99 %, 23 %
2026/03/24 02:34:43.753, 3, 719.80 W, 44, 2032 MHz, 3996 MHz, 42 %, 23 %
2026/03/24 02:34:43.753, 4, 179.01 W, 25, 120 MHz, 3996 MHz, 0 %, 0 %
2026/03/24 02:34:43.753, 5, 180.58 W, 27, 120 MHz, 3996 MHz, 0 %, 0 %
2026/03/24 02:34:43.753, 6, 178.38 W, 26, 120 MHz, 3996 MHz, 0 %, 0 %
2026/03/24 02:34:43.753, 7, 176.58 W, 27, 120 MHz, 3996 MHz, 0 %, 0 %
2026/03/24 02:34:44.753, 0, 907.10 W, 44, 2032 MHz, 3996 MHz, 100 %, 70 %
2026/03/24 02:34:44.753, 1, 938.30 W, 48, 2032 MHz, 3996 MHz, 100 %, 69 %
2026/03/24 02:34:44.753, 2, 946.11 W, 44, 2032 MHz, 3996 MHz, 100 %, 70 %
2026/03/24 02:34:44.753, 3, 937.93 W, 49, 2032 MHz, 3996 MHz, 100 %, 70 %
2026/03/24 02:34:44.753, 4, 179.11 W, 25, 120 MHz, 3996 MHz, 0 %, 0 %
2026/03/24 02:34:44.753, 5, 180.58 W, 27, 120 MHz, 3996 MHz, 0 %, 0 %
2026/03/24 02:34:44.753, 6, 178.37 W, 26, 120 MHz, 3996 MHz, 0 %, 0 %
2026/03/24 02:34:44.753, 7, 176.58 W, 27, 120 MHz, 3996 MHz, 0 %, 0 %
2026/03/24 02:34:45.753, 0, 913.16 W, 44, 2032 MHz, 3996 MHz, 100 %, 70 %
2026/03/24 02:34:45.753, 1, 940.25 W, 48, 2032 MHz, 3996 MHz, 100 %, 70 %
2026/03/24 02:34:45.753, 2, 949.45 W, 45, 2032 MHz, 3996 MHz, 100 %, 70 %
2026/03/24 02:34:45.753, 3, 941.17 W, 49, 2032 MHz, 3996 MHz, 100 %, 69 %
2026/03/24 02:34:45.753, 4, 179.02 W, 25, 120 MHz, 3996 MHz, 0 %, 0 %
2026/03/24 02:34:45.753, 5, 180.58 W, 27, 120 MHz, 3996 MHz, 0 %, 0 %
2026/03/24 02:34:45.753, 6, 178.48 W, 26, 120 MHz, 3996 MHz, 0 %, 0 %
2026/03/24 02:34:45.753, 7, 176.59 W, 27, 120 MHz, 3996 MHz, 0 %, 0 %
2026/03/24 02:34:46.753, 0, 910.14 W, 44, 2032 MHz, 3996 MHz, 100 %, 70 %
2026/03/24 02:34:46.753, 1, 940.53 W, 49, 2032 MHz, 3996 MHz, 100 %, 70 %
2026/03/24 02:34:46.753, 2, 949.09 W, 45, 2032 MHz, 3996 MHz, 100 %, 70 %
2026/03/24 02:34:46.753, 3, 943.27 W, 49, 2032 MHz, 3996 MHz, 100 %, 70 %
2026/03/24 02:34:46.753, 4, 179.26 W, 25, 120 MHz, 3996 MHz, 0 %, 0 %
2026/03/24 02:34:46.753, 5, 180.58 W, 27, 120 MHz, 3996 MHz, 0 %, 0 %
2026/03/24 02:34:46.753, 6, 178.49 W, 26, 120 MHz, 3996 MHz, 0 %, 0 %
2026/03/24 02:34:46.753, 7, 176.58 W, 27, 120 MHz, 3996 MHz, 0 %, 0 %
2026/03/24 02:34:47.754, 0, 913.00 W, 44, 2032 MHz, 3996 MHz, 100 %, 70 %
2026/03/24 02:34:47.754, 1, 941.18 W, 49, 2032 MHz, 3996 MHz, 100 %, 69 %
2026/03/24 02:34:47.754, 2, 951.51 W, 45, 2032 MHz, 3996 MHz, 100 %, 70 %
2026/03/24 02:34:47.754, 3, 944.85 W, 49, 2032 MHz, 3996 MHz, 100 %, 70 %
2026/03/24 02:34:47.754, 4, 179.16 W, 25, 120 MHz, 3996 MHz, 0 %, 0 %
2026/03/24 02:34:47.754, 5, 180.58 W, 27, 120 MHz, 3996 MHz, 0 %, 0 %
2026/03/24 02:34:47.754, 6, 178.41 W, 26, 120 MHz, 3996 MHz, 0 %, 0 %
2026/03/24 02:34:47.754, 7, 176.59 W, 27, 120 MHz, 3996 MHz, 0 %, 0 %
2026/03/24 02:34:48.754, 0, 915.60 W, 44, 2032 MHz, 3996 MHz, 100 %, 70 %
2026/03/24 02:34:48.754, 1, 944.17 W, 49, 2032 MHz, 3996 MHz, 100 %, 70 %
2026/03/24 02:34:48.754, 2, 950.98 W, 45, 2032 MHz, 3996 MHz, 100 %, 70 %
2026/03/24 02:34:48.754, 3, 946.62 W, 50, 2032 MHz, 3996 MHz, 100 %, 69 %
2026/03/24 02:34:48.754, 4, 178.95 W, 25, 120 MHz, 3996 MHz, 0 %, 0 %
2026/03/24 02:34:48.754, 5, 180.58 W, 27, 120 MHz, 3996 MHz, 0 %, 0 %
2026/03/24 02:34:48.754, 6, 178.33 W, 26, 120 MHz, 3996 MHz, 0 %, 0 %
2026/03/24 02:34:48.754, 7, 176.59 W, 27, 120 MHz, 3996 MHz, 0 %, 0 %
2026/03/24 02:34:49.754, 0, 914.17 W, 45, 2032 MHz, 3996 MHz, 100 %, 70 %
2026/03/24 02:34:49.754, 1, 943.94 W, 49, 2032 MHz, 3996 MHz, 100 %, 70 %
2026/03/24 02:34:49.754, 2, 952.91 W, 46, 2032 MHz, 3996 MHz, 100 %, 70 %
2026/03/24 02:34:49.754, 3, 944.46 W, 50, 2032 MHz, 3996 MHz, 100 %, 70 %
2026/03/24 02:34:49.754, 4, 179.11 W, 25, 120 MHz, 3996 MHz, 0 %, 0 %
2026/03/24 02:34:49.754, 5, 180.58 W, 27, 120 MHz, 3996 MHz, 0 %, 0 %
2026/03/24 02:34:49.754, 6, 178.22 W, 26, 120 MHz, 3996 MHz, 0 %, 0 %
2026/03/24 02:34:49.754, 7, 176.59 W, 27, 120 MHz, 3996 MHz, 0 %, 0 %
2026/03/24 02:34:50.754, 0, 915.61 W, 45, 2032 MHz, 3996 MHz, 100 %, 70 %
2026/03/24 02:34:50.754, 1, 944.67 W, 49, 2032 MHz, 3996 MHz, 100 %, 70 %
2026/03/24 02:34:50.754, 2, 952.12 W, 46, 2032 MHz, 3996 MHz, 100 %, 70 %
2026/03/24 02:34:50.754, 3, 944.21 W, 50, 2032 MHz, 3996 MHz, 100 %, 69 %
2026/03/24 02:34:50.754, 4, 178.99 W, 25, 120 MHz, 3996 MHz, 0 %, 0 %
2026/03/24 02:34:50.754, 5, 180.58 W, 27, 120 MHz, 3996 MHz, 0 %, 0 %
2026/03/24 02:34:50.754, 6, 178.37 W, 26, 120 MHz, 3996 MHz, 0 %, 0 %
2026/03/24 02:34:50.754, 7, 176.59 W, 27, 120 MHz, 3996 MHz, 0 %, 0 %
2026/03/24 02:34:51.754, 0, 915.12 W, 45, 2032 MHz, 3996 MHz, 100 %, 70 %
2026/03/24 02:34:51.754, 1, 945.15 W, 49, 2032 MHz, 3996 MHz, 100 %, 70 %
2026/03/24 02:34:51.754, 2, 952.98 W, 46, 2032 MHz, 3996 MHz, 100 %, 70 %
2026/03/24 02:34:51.754, 3, 949.41 W, 50, 2032 MHz, 3996 MHz, 100 %, 70 %
2026/03/24 02:34:51.754, 4, 178.90 W, 25, 120 MHz, 3996 MHz, 0 %, 0 %
2026/03/24 02:34:51.754, 5, 180.58 W, 27, 120 MHz, 3996 MHz, 0 %, 0 %
2026/03/24 02:34:51.754, 6, 178.25 W, 26, 120 MHz, 3996 MHz, 0 %, 0 %
2026/03/24 02:34:51.754, 7, 176.58 W, 27, 120 MHz, 3996 MHz, 0 %, 0 %
2026/03/24 02:34:52.754, 0, 916.36 W, 45, 2032 MHz, 3996 MHz, 100 %, 70 %
2026/03/24 02:34:52.754, 1, 946.19 W, 49, 2032 MHz, 3996 MHz, 100 %, 70 %
2026/03/24 02:34:52.754, 2, 953.78 W, 46, 2032 MHz, 3996 MHz, 100 %, 70 %
2026/03/24 02:34:52.754, 3, 948.89 W, 50, 2032 MHz, 3996 MHz, 100 %, 70 %
2026/03/24 02:34:52.754, 4, 178.95 W, 25, 120 MHz, 3996 MHz, 0 %, 0 %
2026/03/24 02:34:52.754, 5, 180.58 W, 27, 120 MHz, 3996 MHz, 0 %, 0 %
2026/03/24 02:34:52.754, 6, 178.45 W, 26, 120 MHz, 3996 MHz, 0 %, 0 %
2026/03/24 02:34:52.754, 7, 176.60 W, 27, 120 MHz, 3996 MHz, 0 %, 0 %
2026/03/24 02:34:53.754, 0, 916.55 W, 45, 2032 MHz, 3996 MHz, 100 %, 70 %
2026/03/24 02:34:53.754, 1, 947.03 W, 50, 2032 MHz, 3996 MHz, 100 %, 69 %
2026/03/24 02:34:53.754, 2, 954.59 W, 46, 2032 MHz, 3996 MHz, 100 %, 70 %
2026/03/24 02:34:53.754, 3, 949.04 W, 50, 2032 MHz, 3996 MHz, 100 %, 70 %
2026/03/24 02:34:53.754, 4, 178.88 W, 25, 120 MHz, 3996 MHz, 0 %, 0 %
2026/03/24 02:34:53.754, 5, 180.58 W, 27, 120 MHz, 3996 MHz, 0 %, 0 %
2026/03/24 02:34:53.755, 6, 178.45 W, 26, 120 MHz, 3996 MHz, 0 %, 0 %
2026/03/24 02:34:53.755, 7, 176.59 W, 27, 120 MHz, 3996 MHz, 0 %, 0 %
2026/03/24 02:34:54.755, 0, 918.35 W, 45, 2032 MHz, 3996 MHz, 100 %, 70 %
2026/03/24 02:34:54.755, 1, 947.81 W, 50, 2032 MHz, 3996 MHz, 100 %, 70 %
2026/03/24 02:34:54.755, 2, 955.53 W, 46, 2032 MHz, 3996 MHz, 100 %, 70 %
2026/03/24 02:34:54.755, 3, 952.80 W, 51, 2032 MHz, 3996 MHz, 100 %, 70 %
2026/03/24 02:34:54.755, 4, 178.95 W, 25, 120 MHz, 3996 MHz, 0 %, 0 %
2026/03/24 02:34:54.755, 5, 180.58 W, 27, 120 MHz, 3996 MHz, 0 %, 0 %
2026/03/24 02:34:54.755, 6, 178.07 W, 26, 120 MHz, 3996 MHz, 0 %, 0 %
2026/03/24 02:34:54.755, 7, 176.59 W, 27, 120 MHz, 3996 MHz, 0 %, 0 %
2026/03/24 02:34:55.755, 0, 917.64 W, 45, 2032 MHz, 3996 MHz, 100 %, 70 %
2026/03/24 02:34:55.755, 1, 947.99 W, 50, 2032 MHz, 3996 MHz, 100 %, 70 %
2026/03/24 02:34:55.755, 2, 956.83 W, 46, 2032 MHz, 3996 MHz, 100 %, 70 %
2026/03/24 02:34:55.755, 3, 949.01 W, 51, 2032 MHz, 3996 MHz, 100 %, 70 %
2026/03/24 02:34:55.755, 4, 179.20 W, 25, 120 MHz, 3996 MHz, 0 %, 0 %
2026/03/24 02:34:55.755, 5, 180.58 W, 27, 120 MHz, 3996 MHz, 0 %, 0 %
2026/03/24 02:34:55.755, 6, 178.21 W, 26, 120 MHz, 3996 MHz, 0 %, 0 %
2026/03/24 02:34:55.755, 7, 176.59 W, 27, 120 MHz, 3996 MHz, 0 %, 0 %
2026/03/24 02:34:56.755, 0, 918.84 W, 45, 2032 MHz, 3996 MHz, 100 %, 71 %
2026/03/24 02:34:56.755, 1, 949.98 W, 50, 2032 MHz, 3996 MHz, 100 %, 70 %
2026/03/24 02:34:56.755, 2, 956.51 W, 47, 2032 MHz, 3996 MHz, 100 %, 70 %
2026/03/24 02:34:56.755, 3, 951.64 W, 51, 2032 MHz, 3996 MHz, 100 %, 70 %
2026/03/24 02:34:56.755, 4, 179.03 W, 25, 120 MHz, 3996 MHz, 0 %, 0 %
2026/03/24 02:34:56.755, 5, 180.58 W, 27, 120 MHz, 3996 MHz, 0 %, 0 %
2026/03/24 02:34:56.755, 6, 178.33 W, 26, 120 MHz, 3996 MHz, 0 %, 0 %
2026/03/24 02:34:56.755, 7, 176.58 W, 27, 120 MHz, 3996 MHz, 0 %, 0 %
2026/03/24 02:34:57.755, 0, 918.69 W, 45, 2032 MHz, 3996 MHz, 100 %, 70 %
2026/03/24 02:34:57.755, 1, 950.14 W, 50, 2032 MHz, 3996 MHz, 100 %, 70 %
2026/03/24 02:34:57.755, 2, 956.73 W, 47, 2032 MHz, 3996 MHz, 100 %, 70 %
2026/03/24 02:34:57.755, 3, 953.25 W, 51, 2032 MHz, 3996 MHz, 100 %, 70 %
2026/03/24 02:34:57.755, 4, 178.84 W, 25, 120 MHz, 3996 MHz, 0 %, 0 %
2026/03/24 02:34:57.755, 5, 180.58 W, 27, 120 MHz, 3996 MHz, 0 %, 0 %
2026/03/24 02:34:57.755, 6, 178.18 W, 26, 120 MHz, 3996 MHz, 0 %, 0 %
2026/03/24 02:34:57.755, 7, 176.58 W, 27, 120 MHz, 3996 MHz, 0 %, 0 %
2026/03/24 02:34:58.755, 0, 919.73 W, 46, 2032 MHz, 3996 MHz, 100 %, 70 %
2026/03/24 02:34:58.755, 1, 950.28 W, 50, 2032 MHz, 3996 MHz, 100 %, 70 %
2026/03/24 02:34:58.755, 2, 958.77 W, 47, 2032 MHz, 3996 MHz, 100 %, 70 %
2026/03/24 02:34:58.755, 3, 951.94 W, 51, 2032 MHz, 3996 MHz, 100 %, 70 %
2026/03/24 02:34:58.755, 4, 179.15 W, 25, 120 MHz, 3996 MHz, 0 %, 0 %
2026/03/24 02:34:58.755, 5, 180.58 W, 27, 120 MHz, 3996 MHz, 0 %, 0 %
2026/03/24 02:34:58.755, 6, 178.25 W, 26, 120 MHz, 3996 MHz, 0 %, 0 %
2026/03/24 02:34:58.755, 7, 176.58 W, 27, 120 MHz, 3996 MHz, 0 %, 0 %
2026/03/24 02:34:59.755, 0, 920.78 W, 46, 2032 MHz, 3996 MHz, 100 %, 70 %
2026/03/24 02:34:59.755, 1, 950.14 W, 50, 2032 MHz, 3996 MHz, 100 %, 70 %
2026/03/24 02:34:59.755, 2, 961.49 W, 47, 2032 MHz, 3996 MHz, 100 %, 71 %
2026/03/24 02:34:59.755, 3, 953.19 W, 51, 2032 MHz, 3996 MHz, 100 %, 70 %
2026/03/24 02:34:59.755, 4, 178.85 W, 25, 120 MHz, 3996 MHz, 0 %, 0 %
2026/03/24 02:34:59.756, 5, 180.58 W, 27, 120 MHz, 3996 MHz, 0 %, 0 %
2026/03/24 02:34:59.756, 6, 178.25 W, 26, 120 MHz, 3996 MHz, 0 %, 0 %
2026/03/24 02:34:59.756, 7, 176.58 W, 27, 120 MHz, 3996 MHz, 0 %, 0 %
2026/03/24 02:35:00.756, 0, 920.96 W, 46, 2032 MHz, 3996 MHz, 100 %, 70 %
2026/03/24 02:35:00.756, 1, 951.80 W, 50, 2032 MHz, 3996 MHz, 100 %, 70 %
2026/03/24 02:35:00.756, 2, 960.71 W, 47, 2032 MHz, 3996 MHz, 100 %, 71 %
2026/03/24 02:35:00.756, 3, 954.09 W, 51, 2032 MHz, 3996 MHz, 100 %, 71 %
2026/03/24 02:35:00.756, 4, 179.00 W, 25, 120 MHz, 3996 MHz, 0 %, 0 %
2026/03/24 02:35:00.756, 5, 180.58 W, 27, 120 MHz, 3996 MHz, 0 %, 0 %
2026/03/24 02:35:00.756, 6, 178.22 W, 26, 120 MHz, 3996 MHz, 0 %, 0 %
2026/03/24 02:35:00.756, 7, 176.59 W, 27, 120 MHz, 3996 MHz, 0 %, 0 %
2026/03/24 02:35:01.756, 0, 886.07 W, 44, 2032 MHz, 3996 MHz, 100 %, 71 %
2026/03/24 02:35:01.756, 1, 905.73 W, 48, 2032 MHz, 3996 MHz, 100 %, 23 %
2026/03/24 02:35:01.756, 2, 929.92 W, 45, 2032 MHz, 3996 MHz, 97 %, 66 %
2026/03/24 02:35:01.756, 3, 920.23 W, 49, 2032 MHz, 3996 MHz, 90 %, 62 %
2026/03/24 02:35:01.756, 4, 179.01 W, 25, 120 MHz, 3996 MHz, 0 %, 0 %
2026/03/24 02:35:01.756, 5, 180.58 W, 27, 120 MHz, 3996 MHz, 0 %, 0 %
2026/03/24 02:35:01.756, 6, 178.30 W, 26, 120 MHz, 3996 MHz, 0 %, 0 %
2026/03/24 02:35:01.756, 7, 176.59 W, 27, 120 MHz, 3996 MHz, 0 %, 0 %
2026/03/24 02:35:02.756, 0, 847.70 W, 46, 2032 MHz, 3996 MHz, 100 %, 71 %
2026/03/24 02:35:02.756, 1, 869.26 W, 50, 2032 MHz, 3996 MHz, 100 %, 71 %
2026/03/24 02:35:02.756, 2, 863.26 W, 47, 2032 MHz, 3996 MHz, 100 %, 71 %
2026/03/24 02:35:02.756, 3, 871.10 W, 51, 2032 MHz, 3996 MHz, 100 %, 70 %
2026/03/24 02:35:02.756, 4, 179.04 W, 25, 120 MHz, 3996 MHz, 0 %, 0 %
2026/03/24 02:35:02.756, 5, 180.58 W, 27, 120 MHz, 3996 MHz, 0 %, 0 %
2026/03/24 02:35:02.756, 6, 178.45 W, 26, 120 MHz, 3996 MHz, 0 %, 0 %
2026/03/24 02:35:02.756, 7, 176.59 W, 27, 120 MHz, 3996 MHz, 0 %, 0 %
2026/03/24 02:35:03.756, 0, 867.40 W, 45, 2032 MHz, 3996 MHz, 100 %, 71 %
2026/03/24 02:35:03.756, 1, 893.63 W, 50, 2032 MHz, 3996 MHz, 100 %, 70 %
2026/03/24 02:35:03.756, 2, 899.58 W, 46, 2032 MHz, 3996 MHz, 100 %, 70 %
2026/03/24 02:35:03.756, 3, 893.79 W, 50, 2032 MHz, 3996 MHz, 100 %, 70 %
2026/03/24 02:35:03.756, 4, 178.99 W, 25, 120 MHz, 3996 MHz, 0 %, 0 %
2026/03/24 02:35:03.756, 5, 180.58 W, 27, 120 MHz, 3996 MHz, 0 %, 0 %
2026/03/24 02:35:03.756, 6, 178.38 W, 26, 120 MHz, 3996 MHz, 0 %, 0 %
2026/03/24 02:35:03.756, 7, 176.59 W, 27, 120 MHz, 3996 MHz, 0 %, 0 %
2026/03/24 02:35:04.756, 0, 699.60 W, 42, 2032 MHz, 3996 MHz, 79 %, 47 %
2026/03/24 02:35:04.756, 1, 716.84 W, 47, 2032 MHz, 3996 MHz, 99 %, 25 %
2026/03/24 02:35:04.756, 2, 730.51 W, 43, 2032 MHz, 3996 MHz, 94 %, 40 %
2026/03/24 02:35:04.756, 3, 720.21 W, 47, 2032 MHz, 3996 MHz, 61 %, 37 %
2026/03/24 02:35:04.756, 4, 178.94 W, 25, 120 MHz, 3996 MHz, 0 %, 0 %
2026/03/24 02:35:04.756, 5, 180.58 W, 27, 120 MHz, 3996 MHz, 0 %, 0 %
2026/03/24 02:35:04.756, 6, 178.29 W, 26, 120 MHz, 3996 MHz, 0 %, 0 %
2026/03/24 02:35:04.756, 7, 176.59 W, 27, 120 MHz, 3996 MHz, 0 %, 0 %
2026/03/24 02:35:05.756, 0, 776.84 W, 45, 2032 MHz, 3996 MHz, 100 %, 70 %
2026/03/24 02:35:05.756, 1, 803.17 W, 50, 2032 MHz, 3996 MHz, 100 %, 70 %
2026/03/24 02:35:05.756, 2, 792.97 W, 46, 2032 MHz, 3996 MHz, 100 %, 71 %
2026/03/24 02:35:05.756, 3, 805.79 W, 50, 2032 MHz, 3996 MHz, 100 %, 71 %
2026/03/24 02:35:05.756, 4, 179.00 W, 25, 120 MHz, 3996 MHz, 0 %, 0 %
2026/03/24 02:35:05.756, 5, 180.58 W, 27, 120 MHz, 3996 MHz, 0 %, 0 %
2026/03/24 02:35:05.756, 6, 178.10 W, 26, 120 MHz, 3996 MHz, 0 %, 0 %
2026/03/24 02:35:05.756, 7, 176.59 W, 27, 120 MHz, 3996 MHz, 0 %, 0 %
2026/03/24 02:35:06.757, 0, 769.86 W, 44, 2032 MHz, 3996 MHz, 100 %, 54 %
2026/03/24 02:35:06.757, 1, 790.59 W, 49, 2032 MHz, 3996 MHz, 100 %, 71 %
2026/03/24 02:35:06.757, 2, 792.66 W, 45, 2032 MHz, 3996 MHz, 100 %, 62 %
2026/03/24 02:35:06.757, 3, 791.96 W, 49, 2032 MHz, 3996 MHz, 92 %, 64 %
2026/03/24 02:35:06.757, 4, 179.03 W, 25, 120 MHz, 3996 MHz, 0 %, 0 %
2026/03/24 02:35:06.757, 5, 180.58 W, 27, 120 MHz, 3996 MHz, 0 %, 0 %
2026/03/24 02:35:06.757, 6, 178.18 W, 26, 120 MHz, 3996 MHz, 0 %, 0 %
2026/03/24 02:35:06.757, 7, 176.58 W, 27, 120 MHz, 3996 MHz, 0 %, 0 %
2026/03/24 02:35:07.757, 0, 737.03 W, 44, 2032 MHz, 3996 MHz, 84 %, 54 %
2026/03/24 02:35:07.757, 1, 738.99 W, 48, 2032 MHz, 3996 MHz, 99 %, 29 %
2026/03/24 02:35:07.757, 2, 762.48 W, 45, 2032 MHz, 3996 MHz, 97 %, 49 %
2026/03/24 02:35:07.757, 3, 751.65 W, 49, 2032 MHz, 3996 MHz, 85 %, 46 %
2026/03/24 02:35:07.757, 4, 178.96 W, 25, 120 MHz, 3996 MHz, 0 %, 0 %
2026/03/24 02:35:07.757, 5, 180.58 W, 27, 120 MHz, 3996 MHz, 0 %, 0 %
2026/03/24 02:35:07.757, 6, 178.33 W, 26, 120 MHz, 3996 MHz, 0 %, 0 %
2026/03/24 02:35:07.757, 7, 176.59 W, 27, 120 MHz, 3996 MHz, 0 %, 0 %
2026/03/24 02:35:08.757, 0, 668.53 W, 42, 2032 MHz, 3996 MHz, 85 %, 42 %
2026/03/24 02:35:08.757, 1, 682.27 W, 46, 2032 MHz, 3996 MHz, 99 %, 23 %
2026/03/24 02:35:08.757, 2, 686.49 W, 43, 2032 MHz, 3996 MHz, 95 %, 42 %
2026/03/24 02:35:08.757, 3, 679.26 W, 47, 2032 MHz, 3996 MHz, 72 %, 42 %
2026/03/24 02:35:08.757, 4, 178.84 W, 25, 120 MHz, 3996 MHz, 0 %, 0 %
2026/03/24 02:35:08.757, 5, 180.58 W, 27, 120 MHz, 3996 MHz, 0 %, 0 %
2026/03/24 02:35:08.757, 6, 178.30 W, 26, 120 MHz, 3996 MHz, 0 %, 0 %
2026/03/24 02:35:08.757, 7, 176.58 W, 27, 120 MHz, 3996 MHz, 0 %, 0 %
2026/03/24 02:35:09.757, 0, 615.81 W, 42, 2032 MHz, 3996 MHz, 100 %, 41 %
2026/03/24 02:35:09.757, 1, 625.84 W, 46, 2032 MHz, 3996 MHz, 100 %, 24 %
2026/03/24 02:35:09.757, 2, 626.77 W, 42, 2032 MHz, 3996 MHz, 95 %, 42 %
2026/03/24 02:35:09.757, 3, 623.62 W, 47, 2032 MHz, 3996 MHz, 69 %, 42 %
2026/03/24 02:35:09.757, 4, 179.04 W, 25, 120 MHz, 3996 MHz, 0 %, 0 %
2026/03/24 02:35:09.757, 5, 180.58 W, 27, 120 MHz, 3996 MHz, 0 %, 0 %
2026/03/24 02:35:09.757, 6, 178.25 W, 26, 120 MHz, 3996 MHz, 0 %, 0 %
2026/03/24 02:35:09.757, 7, 176.58 W, 27, 120 MHz, 3996 MHz, 0 %, 0 %
2026/03/24 02:35:10.757, 0, 645.97 W, 41, 2032 MHz, 3996 MHz, 99 %, 23 %
2026/03/24 02:35:10.757, 1, 665.32 W, 45, 2032 MHz, 3996 MHz, 99 %, 25 %
2026/03/24 02:35:10.757, 2, 661.84 W, 42, 2032 MHz, 3996 MHz, 99 %, 23 %
2026/03/24 02:35:10.757, 3, 655.07 W, 46, 2032 MHz, 3996 MHz, 42 %, 23 %
2026/03/24 02:35:10.757, 4, 179.01 W, 25, 120 MHz, 3996 MHz, 0 %, 0 %
2026/03/24 02:35:10.757, 5, 180.58 W, 27, 120 MHz, 3996 MHz, 0 %, 0 %
2026/03/24 02:35:10.757, 6, 178.22 W, 26, 120 MHz, 3996 MHz, 0 %, 0 %
2026/03/24 02:35:10.757, 7, 176.58 W, 27, 120 MHz, 3996 MHz, 0 %, 0 %
2026/03/24 02:35:11.757, 0, 602.38 W, 41, 2032 MHz, 3996 MHz, 100 %, 39 %
2026/03/24 02:35:11.757, 1, 612.19 W, 45, 2032 MHz, 3996 MHz, 99 %, 24 %
2026/03/24 02:35:11.757, 2, 620.16 W, 42, 2032 MHz, 3996 MHz, 96 %, 42 %
2026/03/24 02:35:11.757, 3, 611.86 W, 46, 2032 MHz, 3996 MHz, 66 %, 41 %
2026/03/24 02:35:11.757, 4, 179.02 W, 25, 120 MHz, 3996 MHz, 0 %, 0 %
2026/03/24 02:35:11.757, 5, 180.58 W, 27, 120 MHz, 3996 MHz, 0 %, 0 %
2026/03/24 02:35:11.757, 6, 178.29 W, 26, 120 MHz, 3996 MHz, 0 %, 0 %
2026/03/24 02:35:11.757, 7, 176.58 W, 27, 120 MHz, 3996 MHz, 0 %, 0 %
2026/03/24 02:35:12.757, 0, 632.43 W, 41, 2032 MHz, 3996 MHz, 99 %, 23 %
2026/03/24 02:35:12.757, 1, 642.24 W, 46, 2032 MHz, 3996 MHz, 94 %, 42 %
2026/03/24 02:35:12.757, 2, 641.43 W, 41, 2032 MHz, 3996 MHz, 100 %, 24 %
2026/03/24 02:35:12.757, 3, 642.47 W, 46, 2032 MHz, 3996 MHz, 43 %, 24 %
2026/03/24 02:35:12.757, 4, 179.04 W, 25, 120 MHz, 3996 MHz, 0 %, 0 %
2026/03/24 02:35:12.757, 5, 180.58 W, 27, 120 MHz, 3996 MHz, 0 %, 0 %
2026/03/24 02:35:12.757, 6, 178.29 W, 26, 120 MHz, 3996 MHz, 0 %, 0 %
2026/03/24 02:35:12.757, 7, 176.58 W, 27, 120 MHz, 3996 MHz, 0 %, 0 %
2026/03/24 02:35:13.758, 0, 630.18 W, 41, 2032 MHz, 3996 MHz, 100 %, 27 %
2026/03/24 02:35:13.758, 1, 638.64 W, 45, 2032 MHz, 3996 MHz, 100 %, 24 %
2026/03/24 02:35:13.758, 2, 645.68 W, 41, 2032 MHz, 3996 MHz, 99 %, 27 %
2026/03/24 02:35:13.758, 3, 645.45 W, 46, 2032 MHz, 3996 MHz, 49 %, 25 %
2026/03/24 02:35:13.758, 4, 178.98 W, 25, 120 MHz, 3996 MHz, 0 %, 0 %
2026/03/24 02:35:13.758, 5, 180.58 W, 27, 120 MHz, 3996 MHz, 0 %, 0 %
2026/03/24 02:35:13.758, 6, 178.29 W, 26, 120 MHz, 3996 MHz, 0 %, 0 %
2026/03/24 02:35:13.758, 7, 176.58 W, 27, 120 MHz, 3996 MHz, 0 %, 0 %
2026/03/24 02:35:14.758, 0, 574.11 W, 40, 2032 MHz, 3996 MHz, 100 %, 24 %
2026/03/24 02:35:14.758, 1, 581.79 W, 44, 2032 MHz, 3996 MHz, 100 %, 24 %
2026/03/24 02:35:14.758, 2, 579.72 W, 41, 2032 MHz, 3996 MHz, 100 %, 24 %
2026/03/24 02:35:14.758, 3, 575.96 W, 45, 2032 MHz, 3996 MHz, 44 %, 24 %
2026/03/24 02:35:14.758, 4, 179.02 W, 25, 120 MHz, 3996 MHz, 0 %, 0 %
2026/03/24 02:35:14.758, 5, 180.58 W, 27, 120 MHz, 3996 MHz, 0 %, 0 %
2026/03/24 02:35:14.758, 6, 178.30 W, 26, 120 MHz, 3996 MHz, 0 %, 0 %
2026/03/24 02:35:14.758, 7, 176.58 W, 27, 120 MHz, 3996 MHz, 0 %, 0 %
2026/03/24 02:35:15.758, 0, 622.39 W, 41, 2032 MHz, 3996 MHz, 73 %, 27 %
2026/03/24 02:35:15.758, 1, 630.08 W, 45, 2032 MHz, 3996 MHz, 99 %, 25 %
2026/03/24 02:35:15.758, 2, 628.99 W, 41, 2032 MHz, 3996 MHz, 96 %, 24 %
2026/03/24 02:35:15.758, 3, 629.23 W, 45, 2032 MHz, 3996 MHz, 44 %, 24 %
2026/03/24 02:35:15.758, 4, 179.22 W, 25, 120 MHz, 3996 MHz, 0 %, 0 %
2026/03/24 02:35:15.758, 5, 180.58 W, 27, 120 MHz, 3996 MHz, 0 %, 0 %
2026/03/24 02:35:15.758, 6, 178.18 W, 26, 120 MHz, 3996 MHz, 0 %, 0 %
2026/03/24 02:35:15.758, 7, 176.58 W, 27, 120 MHz, 3996 MHz, 0 %, 0 %
2026/03/24 02:35:16.758, 0, 643.09 W, 41, 2032 MHz, 3996 MHz, 99 %, 24 %
2026/03/24 02:35:16.758, 1, 655.66 W, 45, 2032 MHz, 3996 MHz, 100 %, 38 %
2026/03/24 02:35:16.758, 2, 650.61 W, 41, 2032 MHz, 3996 MHz, 99 %, 24 %
2026/03/24 02:35:16.758, 3, 648.56 W, 46, 2032 MHz, 3996 MHz, 60 %, 35 %
2026/03/24 02:35:16.758, 4, 178.86 W, 25, 120 MHz, 3996 MHz, 0 %, 0 %
2026/03/24 02:35:16.758, 5, 180.58 W, 27, 120 MHz, 3996 MHz, 0 %, 0 %
2026/03/24 02:35:16.758, 6, 178.19 W, 26, 120 MHz, 3996 MHz, 0 %, 0 %
2026/03/24 02:35:16.758, 7, 176.58 W, 27, 120 MHz, 3996 MHz, 0 %, 0 %
2026/03/24 02:35:17.758, 0, 646.70 W, 41, 2032 MHz, 3996 MHz, 99 %, 23 %
2026/03/24 02:35:17.758, 1, 649.74 W, 45, 2032 MHz, 3996 MHz, 99 %, 24 %
2026/03/24 02:35:17.758, 2, 659.59 W, 41, 2032 MHz, 3996 MHz, 99 %, 23 %
2026/03/24 02:35:17.758, 3, 653.16 W, 45, 2032 MHz, 3996 MHz, 44 %, 24 %
2026/03/24 02:35:17.758, 4, 178.81 W, 25, 120 MHz, 3996 MHz, 0 %, 0 %
2026/03/24 02:35:17.758, 5, 180.58 W, 27, 120 MHz, 3996 MHz, 0 %, 0 %
2026/03/24 02:35:17.758, 6, 178.21 W, 26, 120 MHz, 3996 MHz, 0 %, 0 %
2026/03/24 02:35:17.758, 7, 176.58 W, 27, 120 MHz, 3996 MHz, 0 %, 0 %
2026/03/24 02:35:18.758, 0, 596.72 W, 40, 2032 MHz, 3996 MHz, 100 %, 24 %
2026/03/24 02:35:18.758, 1, 605.37 W, 44, 2032 MHz, 3996 MHz, 99 %, 23 %
2026/03/24 02:35:18.758, 2, 603.49 W, 40, 2032 MHz, 3996 MHz, 100 %, 24 %
2026/03/24 02:35:18.758, 3, 602.70 W, 45, 2032 MHz, 3996 MHz, 43 %, 23 %
2026/03/24 02:35:18.758, 4, 178.95 W, 25, 120 MHz, 3996 MHz, 0 %, 0 %
2026/03/24 02:35:18.758, 5, 180.58 W, 27, 120 MHz, 3996 MHz, 0 %, 0 %
2026/03/24 02:35:18.758, 6, 178.29 W, 26, 120 MHz, 3996 MHz, 0 %, 0 %
2026/03/24 02:35:18.758, 7, 176.58 W, 27, 120 MHz, 3996 MHz, 0 %, 0 %
2026/03/24 02:35:19.758, 0, 633.34 W, 41, 2032 MHz, 3996 MHz, 99 %, 26 %
2026/03/24 02:35:19.758, 1, 640.11 W, 45, 2032 MHz, 3996 MHz, 99 %, 26 %
2026/03/24 02:35:19.758, 2, 646.32 W, 41, 2032 MHz, 3996 MHz, 99 %, 26 %
2026/03/24 02:35:19.758, 3, 642.86 W, 46, 2032 MHz, 3996 MHz, 52 %, 26 %
2026/03/24 02:35:19.758, 4, 178.77 W, 25, 120 MHz, 3996 MHz, 0 %, 0 %
2026/03/24 02:35:19.758, 5, 180.58 W, 27, 120 MHz, 3996 MHz, 0 %, 0 %
2026/03/24 02:35:19.758, 6, 178.38 W, 26, 120 MHz, 3996 MHz, 0 %, 0 %
2026/03/24 02:35:19.758, 7, 176.59 W, 27, 120 MHz, 3996 MHz, 0 %, 0 %
2026/03/24 02:35:20.759, 0, 683.79 W, 42, 2032 MHz, 3996 MHz, 100 %, 62 %
2026/03/24 02:35:20.759, 1, 692.49 W, 46, 2032 MHz, 3996 MHz, 100 %, 24 %
2026/03/24 02:35:20.759, 2, 697.79 W, 42, 2032 MHz, 3996 MHz, 96 %, 63 %
2026/03/24 02:35:20.759, 3, 694.40 W, 47, 2032 MHz, 3996 MHz, 97 %, 24 %
2026/03/24 02:35:20.759, 4, 178.99 W, 25, 120 MHz, 3996 MHz, 0 %, 0 %
2026/03/24 02:35:20.759, 5, 180.58 W, 27, 120 MHz, 3996 MHz, 0 %, 0 %
2026/03/24 02:35:20.759, 6, 178.33 W, 26, 120 MHz, 3996 MHz, 0 %, 0 %
2026/03/24 02:35:20.759, 7, 176.58 W, 27, 120 MHz, 3996 MHz, 0 %, 0 %
2026/03/24 02:35:21.759, 0, 582.52 W, 40, 2032 MHz, 3996 MHz, 99 %, 23 %
2026/03/24 02:35:21.759, 1, 595.69 W, 45, 2032 MHz, 3996 MHz, 99 %, 28 %
2026/03/24 02:35:21.759, 2, 589.76 W, 40, 2032 MHz, 3996 MHz, 100 %, 24 %
2026/03/24 02:35:21.759, 3, 593.98 W, 45, 2032 MHz, 3996 MHz, 56 %, 28 %
2026/03/24 02:35:21.759, 4, 178.89 W, 25, 120 MHz, 3996 MHz, 0 %, 0 %
2026/03/24 02:35:21.759, 5, 180.58 W, 27, 120 MHz, 3996 MHz, 0 %, 0 %
2026/03/24 02:35:21.759, 6, 178.34 W, 26, 120 MHz, 3996 MHz, 0 %, 0 %
2026/03/24 02:35:21.759, 7, 176.59 W, 27, 120 MHz, 3996 MHz, 0 %, 0 %
2026/03/24 02:35:22.759, 0, 669.02 W, 42, 2032 MHz, 3996 MHz, 99 %, 32 %
2026/03/24 02:35:22.759, 1, 669.42 W, 45, 2032 MHz, 3996 MHz, 99 %, 27 %
2026/03/24 02:35:22.759, 2, 676.41 W, 43, 2032 MHz, 3996 MHz, 100 %, 34 %
2026/03/24 02:35:22.759, 3, 672.52 W, 47, 2032 MHz, 3996 MHz, 57 %, 28 %
2026/03/24 02:35:22.759, 4, 178.80 W, 25, 120 MHz, 3996 MHz, 0 %, 0 %
2026/03/24 02:35:22.759, 5, 180.58 W, 27, 120 MHz, 3996 MHz, 0 %, 0 %
2026/03/24 02:35:22.759, 6, 178.38 W, 26, 120 MHz, 3996 MHz, 0 %, 0 %
2026/03/24 02:35:22.759, 7, 176.58 W, 27, 120 MHz, 3996 MHz, 0 %, 0 %
2026/03/24 02:35:23.759, 0, 707.93 W, 41, 2032 MHz, 3996 MHz, 51 %, 26 %
2026/03/24 02:35:23.759, 1, 714.20 W, 44, 2032 MHz, 3996 MHz, 99 %, 23 %
2026/03/24 02:35:23.759, 2, 718.41 W, 41, 2032 MHz, 3996 MHz, 97 %, 24 %
2026/03/24 02:35:23.759, 3, 720.65 W, 46, 2032 MHz, 3996 MHz, 42 %, 23 %
2026/03/24 02:35:23.759, 4, 178.97 W, 25, 120 MHz, 3996 MHz, 0 %, 0 %
2026/03/24 02:35:23.759, 5, 180.58 W, 27, 120 MHz, 3996 MHz, 0 %, 0 %
2026/03/24 02:35:23.759, 6, 178.56 W, 26, 120 MHz, 3996 MHz, 0 %, 0 %
2026/03/24 02:35:23.759, 7, 176.58 W, 27, 120 MHz, 3996 MHz, 0 %, 0 %
2026/03/24 02:35:24.759, 0, 646.52 W, 42, 2032 MHz, 3996 MHz, 90 %, 27 %
2026/03/24 02:35:24.759, 1, 649.23 W, 45, 2032 MHz, 3996 MHz, 94 %, 34 %
2026/03/24 02:35:24.759, 2, 654.34 W, 42, 2032 MHz, 3996 MHz, 100 %, 28 %
2026/03/24 02:35:24.759, 3, 656.20 W, 47, 2032 MHz, 3996 MHz, 68 %, 40 %
2026/03/24 02:35:24.759, 4, 178.98 W, 25, 120 MHz, 3996 MHz, 0 %, 0 %
2026/03/24 02:35:24.759, 5, 180.58 W, 27, 120 MHz, 3996 MHz, 0 %, 0 %
2026/03/24 02:35:24.759, 6, 178.14 W, 26, 120 MHz, 3996 MHz, 0 %, 0 %
2026/03/24 02:35:24.759, 7, 176.58 W, 27, 120 MHz, 3996 MHz, 0 %, 0 %
2026/03/24 02:35:25.759, 0, 630.99 W, 41, 2032 MHz, 3996 MHz, 95 %, 41 %
2026/03/24 02:35:25.759, 1, 636.48 W, 45, 2032 MHz, 3996 MHz, 100 %, 27 %
2026/03/24 02:35:25.759, 2, 641.42 W, 41, 2032 MHz, 3996 MHz, 97 %, 43 %
2026/03/24 02:35:25.759, 3, 639.48 W, 46, 2032 MHz, 3996 MHz, 55 %, 27 %
2026/03/24 02:35:25.759, 4, 179.14 W, 25, 120 MHz, 3996 MHz, 0 %, 0 %
2026/03/24 02:35:25.759, 5, 180.58 W, 27, 120 MHz, 3996 MHz, 0 %, 0 %
2026/03/24 02:35:25.759, 6, 178.22 W, 26, 120 MHz, 3996 MHz, 0 %, 0 %
2026/03/24 02:35:25.759, 7, 176.58 W, 27, 120 MHz, 3996 MHz, 0 %, 0 %
2026/03/24 02:35:26.759, 0, 697.03 W, 42, 2032 MHz, 3996 MHz, 98 %, 28 %
2026/03/24 02:35:26.759, 1, 713.76 W, 46, 2032 MHz, 3996 MHz, 99 %, 30 %
2026/03/24 02:35:26.759, 2, 708.26 W, 42, 2032 MHz, 3996 MHz, 99 %, 29 %
2026/03/24 02:35:26.760, 3, 722.68 W, 47, 2032 MHz, 3996 MHz, 61 %, 30 %
2026/03/24 02:35:26.760, 4, 179.07 W, 25, 120 MHz, 3996 MHz, 0 %, 0 %
2026/03/24 02:35:26.760, 5, 180.58 W, 27, 120 MHz, 3996 MHz, 0 %, 0 %
2026/03/24 02:35:26.760, 6, 178.15 W, 26, 120 MHz, 3996 MHz, 0 %, 0 %
2026/03/24 02:35:26.760, 7, 176.58 W, 27, 120 MHz, 3996 MHz, 0 %, 0 %
2026/03/24 02:35:27.760, 0, 723.68 W, 43, 2032 MHz, 3996 MHz, 100 %, 47 %
2026/03/24 02:35:27.760, 1, 731.96 W, 47, 2032 MHz, 3996 MHz, 100 %, 31 %
2026/03/24 02:35:27.760, 2, 732.63 W, 43, 2032 MHz, 3996 MHz, 97 %, 47 %
2026/03/24 02:35:27.760, 3, 734.96 W, 48, 2032 MHz, 3996 MHz, 65 %, 30 %
2026/03/24 02:35:27.760, 4, 179.04 W, 25, 120 MHz, 3996 MHz, 0 %, 0 %
2026/03/24 02:35:27.760, 5, 180.58 W, 27, 120 MHz, 3996 MHz, 0 %, 0 %
2026/03/24 02:35:27.760, 6, 178.02 W, 26, 120 MHz, 3996 MHz, 0 %, 0 %
2026/03/24 02:35:27.760, 7, 176.58 W, 27, 120 MHz, 3996 MHz, 0 %, 0 %
2026/03/24 02:35:28.760, 0, 652.92 W, 41, 2032 MHz, 3996 MHz, 66 %, 42 %
2026/03/24 02:35:28.760, 1, 663.60 W, 45, 2032 MHz, 3996 MHz, 100 %, 27 %
2026/03/24 02:35:28.760, 2, 668.21 W, 41, 2032 MHz, 3996 MHz, 93 %, 43 %
2026/03/24 02:35:28.760, 3, 665.56 W, 46, 2032 MHz, 3996 MHz, 54 %, 27 %
2026/03/24 02:35:28.760, 4, 178.99 W, 25, 120 MHz, 3996 MHz, 0 %, 0 %
2026/03/24 02:35:28.760, 5, 180.58 W, 27, 120 MHz, 3996 MHz, 0 %, 0 %
2026/03/24 02:35:28.760, 6, 178.21 W, 26, 120 MHz, 3996 MHz, 0 %, 0 %
2026/03/24 02:35:28.760, 7, 176.59 W, 27, 120 MHz, 3996 MHz, 0 %, 0 %
2026/03/24 02:35:29.760, 0, 640.09 W, 41, 2032 MHz, 3996 MHz, 100 %, 30 %
2026/03/24 02:35:29.760, 1, 644.12 W, 45, 2032 MHz, 3996 MHz, 99 %, 25 %
2026/03/24 02:35:29.760, 2, 646.45 W, 41, 2032 MHz, 3996 MHz, 100 %, 30 %
2026/03/24 02:35:29.760, 3, 647.84 W, 45, 2032 MHz, 3996 MHz, 53 %, 26 %
2026/03/24 02:35:29.760, 4, 178.97 W, 25, 120 MHz, 3996 MHz, 0 %, 0 %
2026/03/24 02:35:29.760, 5, 180.58 W, 27, 120 MHz, 3996 MHz, 0 %, 0 %
2026/03/24 02:35:29.760, 6, 178.45 W, 26, 120 MHz, 3996 MHz, 0 %, 0 %
2026/03/24 02:35:29.760, 7, 176.60 W, 27, 120 MHz, 3996 MHz, 0 %, 0 %
2026/03/24 02:35:30.760, 0, 578.52 W, 40, 2032 MHz, 3996 MHz, 100 %, 23 %
2026/03/24 02:35:30.760, 1, 580.87 W, 44, 2032 MHz, 3996 MHz, 99 %, 24 %
2026/03/24 02:35:30.760, 2, 582.37 W, 40, 2032 MHz, 3996 MHz, 100 %, 23 %
2026/03/24 02:35:30.760, 3, 577.96 W, 44, 2032 MHz, 3996 MHz, 49 %, 25 %
2026/03/24 02:35:30.760, 4, 179.11 W, 25, 120 MHz, 3996 MHz, 0 %, 0 %
2026/03/24 02:35:30.760, 5, 180.58 W, 27, 120 MHz, 3996 MHz, 0 %, 0 %
2026/03/24 02:35:30.760, 6, 178.14 W, 26, 120 MHz, 3996 MHz, 0 %, 0 %
2026/03/24 02:35:30.760, 7, 176.59 W, 27, 120 MHz, 3996 MHz, 0 %, 0 %
2026/03/24 02:35:31.760, 0, 639.18 W, 40, 2032 MHz, 3996 MHz, 100 %, 27 %
2026/03/24 02:35:31.760, 1, 632.87 W, 45, 2032 MHz, 3996 MHz, 99 %, 29 %
2026/03/24 02:35:31.760, 2, 644.20 W, 40, 2032 MHz, 3996 MHz, 99 %, 26 %
2026/03/24 02:35:31.760, 3, 647.82 W, 45, 2032 MHz, 3996 MHz, 58 %, 29 %
2026/03/24 02:35:31.760, 4, 179.18 W, 25, 120 MHz, 3996 MHz, 0 %, 0 %
2026/03/24 02:35:31.760, 5, 180.58 W, 27, 120 MHz, 3996 MHz, 0 %, 0 %
2026/03/24 02:35:31.760, 6, 178.29 W, 26, 120 MHz, 3996 MHz, 0 %, 0 %
2026/03/24 02:35:31.760, 7, 176.58 W, 27, 120 MHz, 3996 MHz, 0 %, 0 %
2026/03/24 02:35:32.760, 0, 687.06 W, 41, 2032 MHz, 3996 MHz, 98 %, 32 %
2026/03/24 02:35:32.760, 1, 685.66 W, 44, 2032 MHz, 3996 MHz, 99 %, 23 %
2026/03/24 02:35:32.760, 2, 694.95 W, 41, 2032 MHz, 3996 MHz, 99 %, 30 %
2026/03/24 02:35:32.760, 3, 683.88 W, 45, 2032 MHz, 3996 MHz, 43 %, 24 %
2026/03/24 02:35:32.760, 4, 179.07 W, 25, 120 MHz, 3996 MHz, 0 %, 0 %
2026/03/24 02:35:32.760, 5, 180.58 W, 27, 120 MHz, 3996 MHz, 0 %, 0 %
2026/03/24 02:35:32.760, 6, 178.37 W, 26, 120 MHz, 3996 MHz, 0 %, 0 %
2026/03/24 02:35:32.760, 7, 176.58 W, 27, 120 MHz, 3996 MHz, 0 %, 0 %
2026/03/24 02:35:33.761, 0, 641.80 W, 41, 2032 MHz, 3996 MHz, 99 %, 29 %
2026/03/24 02:35:33.761, 1, 640.76 W, 44, 2032 MHz, 3996 MHz, 99 %, 23 %
2026/03/24 02:35:33.761, 2, 643.57 W, 41, 2032 MHz, 3996 MHz, 99 %, 28 %
2026/03/24 02:35:33.761, 3, 644.88 W, 45, 2032 MHz, 3996 MHz, 43 %, 24 %
2026/03/24 02:35:33.761, 4, 178.87 W, 25, 120 MHz, 3996 MHz, 0 %, 0 %
2026/03/24 02:35:33.761, 5, 180.58 W, 27, 120 MHz, 3996 MHz, 0 %, 0 %
2026/03/24 02:35:33.761, 6, 178.14 W, 26, 120 MHz, 3996 MHz, 0 %, 0 %
2026/03/24 02:35:33.761, 7, 176.58 W, 27, 120 MHz, 3996 MHz, 0 %, 0 %
2026/03/24 02:35:34.761, 0, 619.83 W, 41, 2032 MHz, 3996 MHz, 100 %, 31 %
2026/03/24 02:35:34.761, 1, 630.63 W, 45, 2032 MHz, 3996 MHz, 100 %, 31 %
2026/03/24 02:35:34.761, 2, 629.84 W, 41, 2032 MHz, 3996 MHz, 100 %, 31 %
2026/03/24 02:35:34.761, 3, 631.06 W, 46, 2032 MHz, 3996 MHz, 59 %, 29 %
2026/03/24 02:35:34.761, 4, 179.00 W, 25, 120 MHz, 3996 MHz, 0 %, 0 %
2026/03/24 02:35:34.761, 5, 180.58 W, 27, 120 MHz, 3996 MHz, 0 %, 0 %
2026/03/24 02:35:34.761, 6, 178.10 W, 26, 120 MHz, 3996 MHz, 0 %, 0 %
2026/03/24 02:35:34.761, 7, 176.58 W, 27, 120 MHz, 3996 MHz, 0 %, 0 %
2026/03/24 02:35:35.761, 0, 617.02 W, 40, 2032 MHz, 3996 MHz, 100 %, 26 %
2026/03/24 02:35:35.761, 1, 612.37 W, 44, 2032 MHz, 3996 MHz, 100 %, 23 %
2026/03/24 02:35:35.761, 2, 616.09 W, 40, 2032 MHz, 3996 MHz, 100 %, 26 %
2026/03/24 02:35:35.761, 3, 612.56 W, 45, 2032 MHz, 3996 MHz, 42 %, 22 %
2026/03/24 02:35:35.761, 4, 179.15 W, 25, 120 MHz, 3996 MHz, 0 %, 0 %
2026/03/24 02:35:35.761, 5, 180.58 W, 27, 120 MHz, 3996 MHz, 0 %, 0 %
2026/03/24 02:35:35.761, 6, 178.34 W, 26, 120 MHz, 3996 MHz, 0 %, 0 %
2026/03/24 02:35:35.761, 7, 176.58 W, 27, 120 MHz, 3996 MHz, 0 %, 0 %
2026/03/24 02:35:36.761, 0, 596.51 W, 39, 2032 MHz, 3996 MHz, 49 %, 24 %
2026/03/24 02:35:36.761, 1, 615.20 W, 43, 2032 MHz, 3996 MHz, 100 %, 50 %
2026/03/24 02:35:36.761, 2, 608.54 W, 40, 2032 MHz, 3996 MHz, 99 %, 23 %
2026/03/24 02:35:36.761, 3, 620.28 W, 44, 2032 MHz, 3996 MHz, 99 %, 46 %
2026/03/24 02:35:36.761, 4, 178.97 W, 25, 120 MHz, 3996 MHz, 0 %, 0 %
2026/03/24 02:35:36.761, 5, 180.58 W, 27, 120 MHz, 3996 MHz, 0 %, 0 %
2026/03/24 02:35:36.761, 6, 178.18 W, 26, 120 MHz, 3996 MHz, 0 %, 0 %
2026/03/24 02:35:36.761, 7, 176.58 W, 27, 120 MHz, 3996 MHz, 0 %, 0 %
2026/03/24 02:35:37.761, 0, 661.28 W, 41, 2032 MHz, 3996 MHz, 71 %, 27 %
2026/03/24 02:35:37.761, 1, 660.09 W, 45, 2032 MHz, 3996 MHz, 99 %, 26 %
2026/03/24 02:35:37.761, 2, 669.88 W, 41, 2032 MHz, 3996 MHz, 99 %, 26 %
2026/03/24 02:35:37.761, 3, 668.90 W, 45, 2032 MHz, 3996 MHz, 52 %, 26 %
2026/03/24 02:35:37.761, 4, 179.43 W, 25, 120 MHz, 3996 MHz, 0 %, 0 %
2026/03/24 02:35:37.761, 5, 180.58 W, 27, 120 MHz, 3996 MHz, 0 %, 0 %
2026/03/24 02:35:37.761, 6, 177.98 W, 26, 120 MHz, 3996 MHz, 0 %, 0 %
2026/03/24 02:35:37.761, 7, 176.58 W, 27, 120 MHz, 3996 MHz, 0 %, 0 %
2026/03/24 02:35:38.761, 0, 622.44 W, 41, 2032 MHz, 3996 MHz, 92 %, 24 %
2026/03/24 02:35:38.761, 1, 625.67 W, 44, 2032 MHz, 3996 MHz, 96 %, 24 %
2026/03/24 02:35:38.761, 2, 633.08 W, 40, 2032 MHz, 3996 MHz, 100 %, 31 %
2026/03/24 02:35:38.761, 3, 628.57 W, 45, 2032 MHz, 3996 MHz, 67 %, 28 %
2026/03/24 02:35:38.761, 4, 179.03 W, 25, 120 MHz, 3996 MHz, 0 %, 0 %
2026/03/24 02:35:38.761, 5, 180.58 W, 27, 120 MHz, 3996 MHz, 0 %, 0 %
2026/03/24 02:35:38.761, 6, 178.29 W, 26, 120 MHz, 3996 MHz, 0 %, 0 %
2026/03/24 02:35:38.761, 7, 176.58 W, 27, 120 MHz, 3996 MHz, 0 %, 0 %
2026/03/24 02:35:39.761, 0, 596.85 W, 39, 2032 MHz, 3996 MHz, 99 %, 23 %
2026/03/24 02:35:39.762, 1, 608.88 W, 43, 2032 MHz, 3996 MHz, 99 %, 27 %
2026/03/24 02:35:39.762, 2, 600.38 W, 40, 2032 MHz, 3996 MHz, 99 %, 22 %
2026/03/24 02:35:39.762, 3, 610.85 W, 44, 2032 MHz, 3996 MHz, 53 %, 27 %
2026/03/24 02:35:39.762, 4, 179.18 W, 25, 120 MHz, 3996 MHz, 0 %, 0 %
2026/03/24 02:35:39.762, 5, 180.58 W, 27, 120 MHz, 3996 MHz, 0 %, 0 %
2026/03/24 02:35:39.762, 6, 178.22 W, 26, 120 MHz, 3996 MHz, 0 %, 0 %
2026/03/24 02:35:39.762, 7, 176.58 W, 27, 120 MHz, 3996 MHz, 0 %, 0 %
2026/03/24 02:35:40.762, 0, 637.13 W, 40, 2032 MHz, 3996 MHz, 99 %, 24 %
2026/03/24 02:35:40.762, 1, 638.43 W, 43, 2032 MHz, 3996 MHz, 99 %, 24 %
2026/03/24 02:35:40.762, 2, 648.30 W, 40, 2032 MHz, 3996 MHz, 99 %, 23 %
2026/03/24 02:35:40.762, 3, 642.59 W, 44, 2032 MHz, 3996 MHz, 45 %, 24 %
2026/03/24 02:35:40.762, 4, 178.99 W, 25, 120 MHz, 3996 MHz, 0 %, 0 %
2026/03/24 02:35:40.762, 5, 180.58 W, 27, 120 MHz, 3996 MHz, 0 %, 0 %
2026/03/24 02:35:40.762, 6, 178.15 W, 26, 120 MHz, 3996 MHz, 0 %, 0 %
2026/03/24 02:35:40.762, 7, 176.59 W, 27, 120 MHz, 3996 MHz, 0 %, 0 %
2026/03/24 02:35:41.762, 0, 661.53 W, 40, 2032 MHz, 3996 MHz, 91 %, 22 %
2026/03/24 02:35:41.762, 1, 662.24 W, 44, 2032 MHz, 3996 MHz, 99 %, 23 %
2026/03/24 02:35:41.762, 2, 670.68 W, 40, 2032 MHz, 3996 MHz, 99 %, 22 %
2026/03/24 02:35:41.762, 3, 669.48 W, 44, 2032 MHz, 3996 MHz, 42 %, 22 %
2026/03/24 02:35:41.762, 4, 179.26 W, 25, 120 MHz, 3996 MHz, 0 %, 0 %
2026/03/24 02:35:41.762, 5, 180.58 W, 27, 120 MHz, 3996 MHz, 0 %, 0 %
2026/03/24 02:35:41.762, 6, 178.41 W, 26, 120 MHz, 3996 MHz, 0 %, 0 %
2026/03/24 02:35:41.762, 7, 176.59 W, 27, 120 MHz, 3996 MHz, 0 %, 0 %
2026/03/24 02:35:42.762, 0, 611.52 W, 40, 2032 MHz, 3996 MHz, 100 %, 23 %
2026/03/24 02:35:42.762, 1, 616.82 W, 44, 2032 MHz, 3996 MHz, 100 %, 26 %
2026/03/24 02:35:42.762, 2, 617.37 W, 40, 2032 MHz, 3996 MHz, 99 %, 23 %
2026/03/24 02:35:42.762, 3, 618.00 W, 44, 2032 MHz, 3996 MHz, 52 %, 26 %
2026/03/24 02:35:42.762, 4, 178.98 W, 25, 120 MHz, 3996 MHz, 0 %, 0 %
2026/03/24 02:35:42.762, 5, 180.58 W, 27, 120 MHz, 3996 MHz, 0 %, 0 %
2026/03/24 02:35:42.762, 6, 178.29 W, 26, 120 MHz, 3996 MHz, 0 %, 0 %
2026/03/24 02:35:42.762, 7, 176.59 W, 27, 120 MHz, 3996 MHz, 0 %, 0 %
2026/03/24 02:35:43.762, 0, 550.74 W, 39, 2032 MHz, 3996 MHz, 100 %, 26 %
2026/03/24 02:35:43.762, 1, 554.95 W, 43, 2032 MHz, 3996 MHz, 100 %, 23 %
2026/03/24 02:35:43.762, 2, 561.80 W, 39, 2032 MHz, 3996 MHz, 100 %, 26 %
2026/03/24 02:35:43.762, 3, 555.81 W, 44, 2032 MHz, 3996 MHz, 42 %, 23 %
2026/03/24 02:35:43.762, 4, 179.04 W, 25, 120 MHz, 3996 MHz, 0 %, 0 %
2026/03/24 02:35:43.762, 5, 180.58 W, 27, 120 MHz, 3996 MHz, 0 %, 0 %
2026/03/24 02:35:43.762, 6, 178.33 W, 26, 120 MHz, 3996 MHz, 0 %, 0 %
2026/03/24 02:35:43.762, 7, 176.58 W, 27, 120 MHz, 3996 MHz, 0 %, 0 %
2026/03/24 02:35:44.762, 0, 603.24 W, 39, 2032 MHz, 3996 MHz, 82 %, 22 %
2026/03/24 02:35:44.762, 1, 616.19 W, 44, 2032 MHz, 3996 MHz, 99 %, 28 %
2026/03/24 02:35:44.762, 2, 612.70 W, 39, 2032 MHz, 3996 MHz, 100 %, 23 %
2026/03/24 02:35:44.762, 3, 615.92 W, 44, 2032 MHz, 3996 MHz, 55 %, 27 %
2026/03/24 02:35:44.762, 4, 178.89 W, 25, 120 MHz, 3996 MHz, 0 %, 0 %
2026/03/24 02:35:44.762, 5, 180.58 W, 27, 120 MHz, 3996 MHz, 0 %, 0 %
2026/03/24 02:35:44.762, 6, 178.26 W, 26, 120 MHz, 3996 MHz, 0 %, 0 %
2026/03/24 02:35:44.762, 7, 176.58 W, 27, 120 MHz, 3996 MHz, 0 %, 0 %
2026/03/24 02:35:45.762, 0, 605.97 W, 40, 2032 MHz, 3996 MHz, 93 %, 41 %
2026/03/24 02:35:45.762, 1, 609.58 W, 44, 2032 MHz, 3996 MHz, 100 %, 26 %
2026/03/24 02:35:45.762, 2, 617.44 W, 40, 2032 MHz, 3996 MHz, 95 %, 41 %
2026/03/24 02:35:45.762, 3, 610.43 W, 45, 2032 MHz, 3996 MHz, 54 %, 27 %
2026/03/24 02:35:45.762, 4, 178.99 W, 25, 120 MHz, 3996 MHz, 0 %, 0 %
2026/03/24 02:35:45.762, 5, 180.58 W, 27, 120 MHz, 3996 MHz, 0 %, 0 %
2026/03/24 02:35:45.762, 6, 177.98 W, 26, 120 MHz, 3996 MHz, 0 %, 0 %
2026/03/24 02:35:45.762, 7, 176.58 W, 27, 120 MHz, 3996 MHz, 0 %, 0 %
2026/03/24 02:35:46.763, 0, 646.17 W, 41, 2032 MHz, 3996 MHz, 70 %, 40 %
2026/03/24 02:35:46.763, 1, 658.52 W, 46, 2032 MHz, 3996 MHz, 96 %, 53 %
2026/03/24 02:35:46.763, 2, 662.22 W, 42, 2032 MHz, 3996 MHz, 100 %, 47 %
2026/03/24 02:35:46.763, 3, 664.16 W, 46, 2032 MHz, 3996 MHz, 93 %, 56 %
2026/03/24 02:35:46.763, 4, 178.92 W, 25, 120 MHz, 3996 MHz, 0 %, 0 %
2026/03/24 02:35:46.763, 5, 180.58 W, 27, 120 MHz, 3996 MHz, 0 %, 0 %
2026/03/24 02:35:46.763, 6, 178.11 W, 26, 120 MHz, 3996 MHz, 0 %, 0 %
2026/03/24 02:35:46.763, 7, 176.58 W, 27, 120 MHz, 3996 MHz, 0 %, 0 %
2026/03/24 02:35:47.763, 0, 636.67 W, 39, 2032 MHz, 3996 MHz, 100 %, 26 %
2026/03/24 02:35:47.763, 1, 648.15 W, 43, 2032 MHz, 3996 MHz, 100 %, 23 %
2026/03/24 02:35:47.763, 2, 658.12 W, 40, 2032 MHz, 3996 MHz, 99 %, 22 %
2026/03/24 02:35:47.763, 3, 652.87 W, 44, 2032 MHz, 3996 MHz, 42 %, 23 %
2026/03/24 02:35:47.763, 4, 178.93 W, 25, 120 MHz, 3996 MHz, 0 %, 0 %
2026/03/24 02:35:47.763, 5, 180.58 W, 27, 120 MHz, 3996 MHz, 0 %, 0 %
2026/03/24 02:35:47.763, 6, 178.18 W, 26, 120 MHz, 3996 MHz, 0 %, 0 %
2026/03/24 02:35:47.763, 7, 176.58 W, 27, 120 MHz, 3996 MHz, 0 %, 0 %
2026/03/24 02:35:48.763, 0, 638.73 W, 39, 2032 MHz, 3996 MHz, 73 %, 41 %
2026/03/24 02:35:48.763, 1, 653.89 W, 43, 2032 MHz, 3996 MHz, 97 %, 41 %
2026/03/24 02:35:48.763, 2, 646.13 W, 40, 2032 MHz, 3996 MHz, 92 %, 33 %
2026/03/24 02:35:48.763, 3, 653.00 W, 44, 2032 MHz, 3996 MHz, 64 %, 41 %
2026/03/24 02:35:48.763, 4, 178.92 W, 25, 120 MHz, 3996 MHz, 0 %, 0 %
2026/03/24 02:35:48.763, 5, 180.58 W, 27, 120 MHz, 3996 MHz, 0 %, 0 %
2026/03/24 02:35:48.763, 6, 178.18 W, 26, 120 MHz, 3996 MHz, 0 %, 0 %
2026/03/24 02:35:48.763, 7, 176.58 W, 27, 120 MHz, 3996 MHz, 0 %, 0 %
2026/03/24 02:35:49.763, 0, 688.20 W, 40, 2032 MHz, 3996 MHz, 80 %, 53 %
2026/03/24 02:35:49.763, 1, 701.29 W, 44, 2032 MHz, 3996 MHz, 99 %, 22 %
2026/03/24 02:35:49.763, 2, 716.91 W, 41, 2032 MHz, 3996 MHz, 95 %, 46 %
2026/03/24 02:35:49.763, 3, 705.27 W, 44, 2032 MHz, 3996 MHz, 41 %, 22 %
2026/03/24 02:35:49.763, 4, 178.92 W, 25, 120 MHz, 3996 MHz, 0 %, 0 %
2026/03/24 02:35:49.763, 5, 180.58 W, 27, 120 MHz, 3996 MHz, 0 %, 0 %
2026/03/24 02:35:49.763, 6, 178.15 W, 26, 120 MHz, 3996 MHz, 0 %, 0 %
2026/03/24 02:35:49.763, 7, 176.58 W, 27, 120 MHz, 3996 MHz, 0 %, 0 %
2026/03/24 02:35:50.763, 0, 731.08 W, 41, 2032 MHz, 3996 MHz, 88 %, 26 %
2026/03/24 02:35:50.763, 1, 750.34 W, 46, 2032 MHz, 3996 MHz, 100 %, 70 %
2026/03/24 02:35:50.763, 2, 735.69 W, 42, 2032 MHz, 3996 MHz, 100 %, 26 %
2026/03/24 02:35:50.763, 3, 745.44 W, 47, 2032 MHz, 3996 MHz, 100 %, 70 %
2026/03/24 02:35:50.763, 4, 179.00 W, 25, 120 MHz, 3996 MHz, 0 %, 0 %
2026/03/24 02:35:50.763, 5, 180.58 W, 27, 120 MHz, 3996 MHz, 0 %, 0 %
2026/03/24 02:35:50.763, 6, 178.15 W, 26, 120 MHz, 3996 MHz, 0 %, 0 %
2026/03/24 02:35:50.763, 7, 176.58 W, 27, 120 MHz, 3996 MHz, 0 %, 0 %
2026/03/24 02:35:51.763, 0, 797.29 W, 43, 2032 MHz, 3996 MHz, 100 %, 69 %
2026/03/24 02:35:51.763, 1, 824.48 W, 47, 2032 MHz, 3996 MHz, 100 %, 69 %
2026/03/24 02:35:51.763, 2, 827.22 W, 43, 2032 MHz, 3996 MHz, 100 %, 70 %
2026/03/24 02:35:51.763, 3, 826.14 W, 48, 2032 MHz, 3996 MHz, 100 %, 69 %
2026/03/24 02:35:51.763, 4, 178.96 W, 25, 120 MHz, 3996 MHz, 0 %, 0 %
2026/03/24 02:35:51.763, 5, 180.58 W, 27, 120 MHz, 3996 MHz, 0 %, 0 %
2026/03/24 02:35:51.763, 6, 178.34 W, 26, 120 MHz, 3996 MHz, 0 %, 0 %
2026/03/24 02:35:51.763, 7, 176.58 W, 27, 120 MHz, 3996 MHz, 0 %, 0 %
2026/03/24 02:35:52.763, 0, 752.15 W, 41, 2032 MHz, 3996 MHz, 90 %, 61 %
2026/03/24 02:35:52.763, 1, 776.08 W, 45, 2032 MHz, 3996 MHz, 100 %, 23 %
2026/03/24 02:35:52.763, 2, 794.99 W, 42, 2032 MHz, 3996 MHz, 100 %, 23 %
2026/03/24 02:35:52.763, 3, 779.29 W, 46, 2032 MHz, 3996 MHz, 42 %, 23 %
2026/03/24 02:35:52.763, 4, 178.85 W, 25, 120 MHz, 3996 MHz, 0 %, 0 %
2026/03/24 02:35:52.763, 5, 180.58 W, 27, 120 MHz, 3996 MHz, 0 %, 0 %
2026/03/24 02:35:52.764, 6, 178.45 W, 26, 120 MHz, 3996 MHz, 0 %, 0 %
2026/03/24 02:35:52.764, 7, 176.58 W, 27, 120 MHz, 3996 MHz, 0 %, 0 %
2026/03/24 02:35:53.764, 0, 793.18 W, 43, 2032 MHz, 3996 MHz, 100 %, 70 %
2026/03/24 02:35:53.764, 1, 822.84 W, 48, 2032 MHz, 3996 MHz, 100 %, 70 %
2026/03/24 02:35:53.764, 2, 814.90 W, 44, 2032 MHz, 3996 MHz, 100 %, 70 %
2026/03/24 02:35:53.764, 3, 823.66 W, 48, 2032 MHz, 3996 MHz, 100 %, 69 %
2026/03/24 02:35:53.764, 4, 179.09 W, 25, 120 MHz, 3996 MHz, 0 %, 0 %
2026/03/24 02:35:53.764, 5, 180.58 W, 27, 120 MHz, 3996 MHz, 0 %, 0 %
2026/03/24 02:35:53.764, 6, 178.34 W, 26, 120 MHz, 3996 MHz, 0 %, 0 %
2026/03/24 02:35:53.764, 7, 176.58 W, 27, 120 MHz, 3996 MHz, 0 %, 0 %
2026/03/24 02:35:54.764, 0, 913.03 W, 44, 2032 MHz, 3996 MHz, 100 %, 70 %
2026/03/24 02:35:54.764, 1, 941.34 W, 48, 2032 MHz, 3996 MHz, 100 %, 70 %
2026/03/24 02:35:54.764, 2, 948.60 W, 45, 2032 MHz, 3996 MHz, 100 %, 70 %
2026/03/24 02:35:54.764, 3, 945.24 W, 49, 2032 MHz, 3996 MHz, 100 %, 70 %
2026/03/24 02:35:54.764, 4, 178.83 W, 25, 120 MHz, 3996 MHz, 0 %, 0 %
2026/03/24 02:35:54.764, 5, 180.58 W, 27, 120 MHz, 3996 MHz, 0 %, 0 %
2026/03/24 02:35:54.764, 6, 178.33 W, 26, 120 MHz, 3996 MHz, 0 %, 0 %
2026/03/24 02:35:54.764, 7, 176.58 W, 27, 120 MHz, 3996 MHz, 0 %, 0 %
2026/03/24 02:35:55.764, 0, 856.04 W, 44, 2032 MHz, 3996 MHz, 100 %, 70 %
2026/03/24 02:35:55.764, 1, 875.34 W, 48, 2032 MHz, 3996 MHz, 100 %, 70 %
2026/03/24 02:35:55.764, 2, 889.99 W, 45, 2032 MHz, 3996 MHz, 100 %, 71 %
2026/03/24 02:35:55.764, 3, 880.20 W, 49, 2032 MHz, 3996 MHz, 100 %, 70 %
2026/03/24 02:35:55.764, 4, 179.07 W, 25, 120 MHz, 3996 MHz, 0 %, 0 %
2026/03/24 02:35:55.764, 5, 180.58 W, 27, 120 MHz, 3996 MHz, 0 %, 0 %
2026/03/24 02:35:55.764, 6, 178.26 W, 26, 120 MHz, 3996 MHz, 0 %, 0 %
2026/03/24 02:35:55.764, 7, 176.58 W, 27, 120 MHz, 3996 MHz, 0 %, 0 %
2026/03/24 02:35:56.764, 0, 913.84 W, 44, 2032 MHz, 3996 MHz, 100 %, 70 %
2026/03/24 02:35:56.764, 1, 941.66 W, 49, 2032 MHz, 3996 MHz, 100 %, 70 %
2026/03/24 02:35:56.764, 2, 950.71 W, 45, 2032 MHz, 3996 MHz, 100 %, 70 %
2026/03/24 02:35:56.764, 3, 944.36 W, 49, 2032 MHz, 3996 MHz, 100 %, 70 %
2026/03/24 02:35:56.764, 4, 179.00 W, 25, 120 MHz, 3996 MHz, 0 %, 0 %
2026/03/24 02:35:56.764, 5, 180.58 W, 27, 120 MHz, 3996 MHz, 0 %, 0 %
2026/03/24 02:35:56.764, 6, 178.18 W, 26, 120 MHz, 3996 MHz, 0 %, 0 %
2026/03/24 02:35:56.764, 7, 176.58 W, 27, 120 MHz, 3996 MHz, 0 %, 0 %
2026/03/24 02:35:57.764, 0, 915.14 W, 44, 2032 MHz, 3996 MHz, 100 %, 70 %
2026/03/24 02:35:57.764, 1, 941.08 W, 49, 2032 MHz, 3996 MHz, 100 %, 70 %
2026/03/24 02:35:57.764, 2, 951.06 W, 45, 2032 MHz, 3996 MHz, 100 %, 70 %
2026/03/24 02:35:57.764, 3, 947.38 W, 50, 2032 MHz, 3996 MHz, 100 %, 70 %
2026/03/24 02:35:57.764, 4, 178.92 W, 25, 120 MHz, 3996 MHz, 0 %, 0 %
2026/03/24 02:35:57.764, 5, 180.58 W, 27, 120 MHz, 3996 MHz, 0 %, 0 %
2026/03/24 02:35:57.764, 6, 178.37 W, 26, 120 MHz, 3996 MHz, 0 %, 0 %
2026/03/24 02:35:57.764, 7, 176.58 W, 27, 120 MHz, 3996 MHz, 0 %, 0 %
2026/03/24 02:35:58.764, 0, 915.56 W, 44, 2032 MHz, 3996 MHz, 100 %, 70 %
2026/03/24 02:35:58.764, 1, 942.07 W, 49, 2032 MHz, 3996 MHz, 100 %, 70 %
2026/03/24 02:35:58.764, 2, 956.19 W, 46, 2032 MHz, 3996 MHz, 100 %, 70 %
2026/03/24 02:35:58.764, 3, 947.62 W, 50, 2032 MHz, 3996 MHz, 100 %, 70 %
2026/03/24 02:35:58.764, 4, 178.99 W, 25, 120 MHz, 3996 MHz, 0 %, 0 %
2026/03/24 02:35:58.764, 5, 180.58 W, 27, 120 MHz, 3996 MHz, 0 %, 0 %
2026/03/24 02:35:58.764, 6, 178.22 W, 26, 120 MHz, 3996 MHz, 0 %, 0 %
2026/03/24 02:35:58.764, 7, 176.58 W, 27, 120 MHz, 3996 MHz, 0 %, 0 %
2026/03/24 02:35:59.765, 0, 915.90 W, 45, 2032 MHz, 3996 MHz, 100 %, 71 %
2026/03/24 02:35:59.765, 1, 945.15 W, 49, 2032 MHz, 3996 MHz, 100 %, 71 %
2026/03/24 02:35:59.765, 2, 954.03 W, 46, 2032 MHz, 3996 MHz, 100 %, 70 %
2026/03/24 02:35:59.765, 3, 948.54 W, 50, 2032 MHz, 3996 MHz, 100 %, 70 %
2026/03/24 02:35:59.765, 4, 178.96 W, 25, 120 MHz, 3996 MHz, 0 %, 0 %
2026/03/24 02:35:59.765, 5, 180.58 W, 27, 120 MHz, 3996 MHz, 0 %, 0 %
2026/03/24 02:35:59.765, 6, 178.18 W, 26, 120 MHz, 3996 MHz, 0 %, 0 %
2026/03/24 02:35:59.765, 7, 176.58 W, 27, 120 MHz, 3996 MHz, 0 %, 0 %
2026/03/24 02:36:00.765, 0, 916.62 W, 45, 2032 MHz, 3996 MHz, 100 %, 70 %
2026/03/24 02:36:00.765, 1, 946.38 W, 49, 2032 MHz, 3996 MHz, 100 %, 70 %
2026/03/24 02:36:00.765, 2, 955.19 W, 46, 2032 MHz, 3996 MHz, 100 %, 71 %
2026/03/24 02:36:00.765, 3, 950.04 W, 50, 2032 MHz, 3996 MHz, 100 %, 70 %
2026/03/24 02:36:00.765, 4, 178.84 W, 25, 120 MHz, 3996 MHz, 0 %, 0 %
2026/03/24 02:36:00.765, 5, 180.58 W, 27, 120 MHz, 3996 MHz, 0 %, 0 %
2026/03/24 02:36:00.765, 6, 178.33 W, 26, 120 MHz, 3996 MHz, 0 %, 0 %
2026/03/24 02:36:00.765, 7, 176.58 W, 27, 120 MHz, 3996 MHz, 0 %, 0 %
2026/03/24 02:36:01.765, 0, 916.13 W, 45, 2032 MHz, 3996 MHz, 100 %, 71 %
2026/03/24 02:36:01.765, 1, 946.02 W, 49, 2032 MHz, 3996 MHz, 100 %, 71 %
2026/03/24 02:36:01.765, 2, 955.43 W, 46, 2032 MHz, 3996 MHz, 100 %, 70 %
2026/03/24 02:36:01.765, 3, 950.52 W, 50, 2032 MHz, 3996 MHz, 100 %, 70 %
2026/03/24 02:36:01.765, 4, 178.87 W, 25, 120 MHz, 3996 MHz, 0 %, 0 %
2026/03/24 02:36:01.765, 5, 180.58 W, 27, 120 MHz, 3996 MHz, 0 %, 0 %
2026/03/24 02:36:01.765, 6, 178.41 W, 26, 120 MHz, 3996 MHz, 0 %, 0 %
2026/03/24 02:36:01.765, 7, 176.58 W, 27, 120 MHz, 3996 MHz, 0 %, 0 %
2026/03/24 02:36:02.765, 0, 916.72 W, 45, 2032 MHz, 3996 MHz, 100 %, 70 %
2026/03/24 02:36:02.765, 1, 946.88 W, 49, 2032 MHz, 3996 MHz, 100 %, 70 %
2026/03/24 02:36:02.765, 2, 956.02 W, 46, 2032 MHz, 3996 MHz, 100 %, 70 %
2026/03/24 02:36:02.765, 3, 949.72 W, 50, 2032 MHz, 3996 MHz, 100 %, 70 %
2026/03/24 02:36:02.765, 4, 178.91 W, 25, 120 MHz, 3996 MHz, 0 %, 0 %
2026/03/24 02:36:02.765, 5, 180.58 W, 27, 120 MHz, 3996 MHz, 0 %, 0 %
2026/03/24 02:36:02.765, 6, 178.25 W, 26, 120 MHz, 3996 MHz, 0 %, 0 %
2026/03/24 02:36:02.765, 7, 176.58 W, 27, 120 MHz, 3996 MHz, 0 %, 0 %
2026/03/24 02:36:03.765, 0, 917.81 W, 45, 2032 MHz, 3996 MHz, 100 %, 71 %
2026/03/24 02:36:03.765, 1, 950.13 W, 50, 2032 MHz, 3996 MHz, 100 %, 71 %
2026/03/24 02:36:03.765, 2, 956.35 W, 46, 2032 MHz, 3996 MHz, 100 %, 71 %
2026/03/24 02:36:03.765, 3, 951.54 W, 50, 2032 MHz, 3996 MHz, 100 %, 70 %
2026/03/24 02:36:03.765, 4, 179.08 W, 25, 120 MHz, 3996 MHz, 0 %, 0 %
2026/03/24 02:36:03.765, 5, 180.58 W, 27, 120 MHz, 3996 MHz, 0 %, 0 %
2026/03/24 02:36:03.765, 6, 178.33 W, 26, 120 MHz, 3996 MHz, 0 %, 0 %
2026/03/24 02:36:03.765, 7, 176.58 W, 27, 120 MHz, 3996 MHz, 0 %, 0 %
2026/03/24 02:36:04.765, 0, 919.71 W, 45, 2032 MHz, 3996 MHz, 100 %, 71 %
2026/03/24 02:36:04.765, 1, 949.68 W, 50, 2032 MHz, 3996 MHz, 100 %, 70 %
2026/03/24 02:36:04.765, 2, 956.92 W, 46, 2032 MHz, 3996 MHz, 100 %, 71 %
2026/03/24 02:36:04.765, 3, 951.73 W, 51, 2032 MHz, 3996 MHz, 100 %, 70 %
2026/03/24 02:36:04.765, 4, 178.92 W, 25, 120 MHz, 3996 MHz, 0 %, 0 %
2026/03/24 02:36:04.765, 5, 180.58 W, 27, 120 MHz, 3996 MHz, 0 %, 0 %
2026/03/24 02:36:04.765, 6, 178.41 W, 26, 120 MHz, 3996 MHz, 0 %, 0 %
2026/03/24 02:36:04.765, 7, 176.59 W, 27, 120 MHz, 3996 MHz, 0 %, 0 %
2026/03/24 02:36:05.766, 0, 919.69 W, 45, 2032 MHz, 3996 MHz, 100 %, 70 %
2026/03/24 02:36:05.766, 1, 949.11 W, 50, 2032 MHz, 3996 MHz, 100 %, 70 %
2026/03/24 02:36:05.766, 2, 957.99 W, 47, 2032 MHz, 3996 MHz, 100 %, 71 %
2026/03/24 02:36:05.766, 3, 953.78 W, 51, 2032 MHz, 3996 MHz, 100 %, 70 %
2026/03/24 02:36:05.766, 4, 178.95 W, 25, 120 MHz, 3996 MHz, 0 %, 0 %
2026/03/24 02:36:05.766, 5, 180.58 W, 27, 120 MHz, 3996 MHz, 0 %, 0 %
2026/03/24 02:36:05.766, 6, 178.18 W, 26, 120 MHz, 3996 MHz, 0 %, 0 %
2026/03/24 02:36:05.766, 7, 176.59 W, 27, 120 MHz, 3996 MHz, 0 %, 0 %
2026/03/24 02:36:06.766, 0, 919.43 W, 45, 2032 MHz, 3996 MHz, 100 %, 70 %
2026/03/24 02:36:06.766, 1, 950.87 W, 50, 2032 MHz, 3996 MHz, 100 %, 70 %
2026/03/24 02:36:06.766, 2, 958.64 W, 47, 2032 MHz, 3996 MHz, 100 %, 71 %
2026/03/24 02:36:06.766, 3, 954.90 W, 51, 2032 MHz, 3996 MHz, 100 %, 70 %
2026/03/24 02:36:06.766, 4, 179.07 W, 25, 120 MHz, 3996 MHz, 0 %, 0 %
2026/03/24 02:36:06.766, 5, 180.58 W, 27, 120 MHz, 3996 MHz, 0 %, 0 %
2026/03/24 02:36:06.766, 6, 178.38 W, 26, 120 MHz, 3996 MHz, 0 %, 0 %
2026/03/24 02:36:06.766, 7, 176.58 W, 27, 120 MHz, 3996 MHz, 0 %, 0 %
2026/03/24 02:36:07.766, 0, 867.85 W, 45, 2032 MHz, 3996 MHz, 100 %, 34 %
2026/03/24 02:36:07.766, 1, 897.66 W, 49, 2032 MHz, 3996 MHz, 100 %, 71 %
2026/03/24 02:36:07.766, 2, 901.53 W, 45, 2032 MHz, 3996 MHz, 100 %, 41 %
2026/03/24 02:36:07.766, 3, 896.26 W, 50, 2032 MHz, 3996 MHz, 100 %, 71 %
2026/03/24 02:36:07.766, 4, 178.92 W, 25, 120 MHz, 3996 MHz, 0 %, 0 %
2026/03/24 02:36:07.766, 5, 180.58 W, 27, 120 MHz, 3996 MHz, 0 %, 0 %
2026/03/24 02:36:07.766, 6, 178.21 W, 26, 120 MHz, 3996 MHz, 0 %, 0 %
2026/03/24 02:36:07.766, 7, 176.58 W, 27, 120 MHz, 3996 MHz, 0 %, 0 %
2026/03/24 02:36:08.766, 0, 884.97 W, 43, 2032 MHz, 3996 MHz, 100 %, 70 %
2026/03/24 02:36:08.766, 1, 900.87 W, 48, 2032 MHz, 3996 MHz, 93 %, 25 %
2026/03/24 02:36:08.766, 2, 931.45 W, 45, 2032 MHz, 3996 MHz, 100 %, 71 %
2026/03/24 02:36:08.766, 3, 908.07 W, 48, 2032 MHz, 3996 MHz, 50 %, 29 %
2026/03/24 02:36:08.766, 4, 179.00 W, 25, 120 MHz, 3996 MHz, 0 %, 0 %
2026/03/24 02:36:08.766, 5, 180.58 W, 27, 120 MHz, 3996 MHz, 0 %, 0 %
2026/03/24 02:36:08.766, 6, 178.34 W, 26, 120 MHz, 3996 MHz, 0 %, 0 %
2026/03/24 02:36:08.766, 7, 176.58 W, 27, 120 MHz, 3996 MHz, 0 %, 0 %
2026/03/24 02:36:09.766, 0, 811.51 W, 44, 2032 MHz, 3996 MHz, 46 %, 19 %
2026/03/24 02:36:09.766, 1, 854.22 W, 48, 2032 MHz, 3996 MHz, 100 %, 71 %
2026/03/24 02:36:09.766, 2, 840.17 W, 44, 2032 MHz, 3996 MHz, 100 %, 19 %
2026/03/24 02:36:09.766, 3, 851.67 W, 49, 2032 MHz, 3996 MHz, 100 %, 71 %
2026/03/24 02:36:09.766, 4, 178.99 W, 25, 120 MHz, 3996 MHz, 0 %, 0 %
2026/03/24 02:36:09.766, 5, 180.58 W, 27, 120 MHz, 3996 MHz, 0 %, 0 %
2026/03/24 02:36:09.766, 6, 178.34 W, 26, 120 MHz, 3996 MHz, 0 %, 0 %
2026/03/24 02:36:09.766, 7, 176.58 W, 27, 120 MHz, 3996 MHz, 0 %, 0 %
2026/03/24 02:36:10.766, 0, 870.02 W, 44, 2032 MHz, 3996 MHz, 73 %, 47 %
2026/03/24 02:36:10.766, 1, 885.72 W, 47, 2032 MHz, 3996 MHz, 100 %, 42 %
2026/03/24 02:36:10.766, 2, 902.99 W, 44, 2032 MHz, 3996 MHz, 96 %, 39 %
2026/03/24 02:36:10.766, 3, 893.86 W, 48, 2032 MHz, 3996 MHz, 60 %, 38 %
2026/03/24 02:36:10.766, 4, 178.96 W, 25, 120 MHz, 3996 MHz, 0 %, 0 %
2026/03/24 02:36:10.766, 5, 180.58 W, 27, 120 MHz, 3996 MHz, 0 %, 0 %
2026/03/24 02:36:10.766, 6, 178.18 W, 26, 120 MHz, 3996 MHz, 0 %, 0 %
2026/03/24 02:36:10.766, 7, 176.58 W, 27, 120 MHz, 3996 MHz, 0 %, 0 %
2026/03/24 02:36:11.766, 0, 786.95 W, 42, 2032 MHz, 3996 MHz, 70 %, 30 %
2026/03/24 02:36:11.766, 1, 802.10 W, 47, 2032 MHz, 3996 MHz, 99 %, 23 %
2026/03/24 02:36:11.766, 2, 816.95 W, 43, 2032 MHz, 3996 MHz, 97 %, 23 %
2026/03/24 02:36:11.766, 3, 800.94 W, 47, 2032 MHz, 3996 MHz, 42 %, 23 %
2026/03/24 02:36:11.766, 4, 178.96 W, 25, 120 MHz, 3996 MHz, 0 %, 0 %
2026/03/24 02:36:11.766, 5, 180.58 W, 27, 120 MHz, 3996 MHz, 0 %, 0 %
2026/03/24 02:36:11.766, 6, 178.41 W, 26, 120 MHz, 3996 MHz, 0 %, 0 %
2026/03/24 02:36:11.766, 7, 176.59 W, 27, 120 MHz, 3996 MHz, 0 %, 0 %
2026/03/24 02:36:12.767, 0, 756.98 W, 43, 2032 MHz, 3996 MHz, 100 %, 71 %
2026/03/24 02:36:12.767, 1, 775.80 W, 48, 2032 MHz, 3996 MHz, 96 %, 30 %
2026/03/24 02:36:12.767, 2, 780.03 W, 45, 2032 MHz, 3996 MHz, 96 %, 34 %
2026/03/24 02:36:12.767, 3, 779.49 W, 48, 2032 MHz, 3996 MHz, 64 %, 33 %
2026/03/24 02:36:12.767, 4, 179.06 W, 25, 120 MHz, 3996 MHz, 0 %, 0 %
2026/03/24 02:36:12.767, 5, 180.58 W, 27, 120 MHz, 3996 MHz, 0 %, 0 %
2026/03/24 02:36:12.767, 6, 178.33 W, 26, 120 MHz, 3996 MHz, 0 %, 0 %
2026/03/24 02:36:12.767, 7, 176.58 W, 27, 120 MHz, 3996 MHz, 0 %, 0 %
2026/03/24 02:36:13.767, 0, 704.96 W, 41, 2032 MHz, 3996 MHz, 100 %, 25 %
2026/03/24 02:36:13.767, 1, 718.17 W, 46, 2032 MHz, 3996 MHz, 99 %, 23 %
2026/03/24 02:36:13.767, 2, 723.63 W, 42, 2032 MHz, 3996 MHz, 99 %, 23 %
2026/03/24 02:36:13.767, 3, 720.71 W, 46, 2032 MHz, 3996 MHz, 43 %, 23 %
2026/03/24 02:36:13.767, 4, 178.83 W, 25, 120 MHz, 3996 MHz, 0 %, 0 %
2026/03/24 02:36:13.767, 5, 180.58 W, 27, 120 MHz, 3996 MHz, 0 %, 0 %
2026/03/24 02:36:13.767, 6, 178.26 W, 26, 120 MHz, 3996 MHz, 0 %, 0 %
2026/03/24 02:36:13.767, 7, 176.58 W, 27, 120 MHz, 3996 MHz, 0 %, 0 %
2026/03/24 02:36:14.767, 0, 711.01 W, 42, 2032 MHz, 3996 MHz, 74 %, 24 %
2026/03/24 02:36:14.767, 1, 732.61 W, 46, 2032 MHz, 3996 MHz, 100 %, 25 %
2026/03/24 02:36:14.767, 2, 730.92 W, 43, 2032 MHz, 3996 MHz, 99 %, 25 %
2026/03/24 02:36:14.767, 3, 740.57 W, 47, 2032 MHz, 3996 MHz, 66 %, 25 %
2026/03/24 02:36:14.767, 4, 178.95 W, 25, 120 MHz, 3996 MHz, 0 %, 0 %
2026/03/24 02:36:14.767, 5, 180.58 W, 27, 120 MHz, 3996 MHz, 0 %, 0 %
2026/03/24 02:36:14.767, 6, 178.37 W, 26, 120 MHz, 3996 MHz, 0 %, 0 %
2026/03/24 02:36:14.767, 7, 176.58 W, 27, 120 MHz, 3996 MHz, 0 %, 0 %
2026/03/24 02:36:15.767, 0, 747.13 W, 43, 2032 MHz, 3996 MHz, 88 %, 44 %
2026/03/24 02:36:15.767, 1, 778.03 W, 47, 2032 MHz, 3996 MHz, 99 %, 26 %
2026/03/24 02:36:15.767, 2, 765.78 W, 43, 2032 MHz, 3996 MHz, 100 %, 24 %
2026/03/24 02:36:15.767, 3, 778.34 W, 48, 2032 MHz, 3996 MHz, 44 %, 24 %
2026/03/24 02:36:15.767, 4, 179.08 W, 25, 120 MHz, 3996 MHz, 0 %, 0 %
2026/03/24 02:36:15.767, 5, 180.58 W, 27, 120 MHz, 3996 MHz, 0 %, 0 %
2026/03/24 02:36:15.767, 6, 178.18 W, 26, 120 MHz, 3996 MHz, 0 %, 0 %
2026/03/24 02:36:15.767, 7, 176.58 W, 27, 120 MHz, 3996 MHz, 0 %, 0 %
2026/03/24 02:36:16.767, 0, 642.61 W, 43, 2032 MHz, 3996 MHz, 100 %, 60 %
2026/03/24 02:36:16.767, 1, 646.92 W, 47, 2032 MHz, 3996 MHz, 97 %, 36 %
2026/03/24 02:36:16.767, 2, 650.26 W, 44, 2032 MHz, 3996 MHz, 96 %, 40 %
2026/03/24 02:36:16.767, 3, 649.70 W, 47, 2032 MHz, 3996 MHz, 73 %, 37 %
2026/03/24 02:36:16.767, 4, 178.78 W, 25, 120 MHz, 3996 MHz, 0 %, 0 %
2026/03/24 02:36:16.767, 5, 180.58 W, 27, 120 MHz, 3996 MHz, 0 %, 0 %
2026/03/24 02:36:16.767, 6, 178.21 W, 26, 120 MHz, 3996 MHz, 0 %, 0 %
2026/03/24 02:36:16.767, 7, 176.58 W, 27, 120 MHz, 3996 MHz, 0 %, 0 %
2026/03/24 02:36:17.767, 0, 681.00 W, 42, 2032 MHz, 3996 MHz, 99 %, 54 %
2026/03/24 02:36:17.767, 1, 694.70 W, 46, 2032 MHz, 3996 MHz, 96 %, 58 %
2026/03/24 02:36:17.767, 2, 701.46 W, 44, 2032 MHz, 3996 MHz, 96 %, 65 %
2026/03/24 02:36:17.767, 3, 696.60 W, 47, 2032 MHz, 3996 MHz, 93 %, 62 %
2026/03/24 02:36:17.767, 4, 178.93 W, 25, 120 MHz, 3996 MHz, 0 %, 0 %
2026/03/24 02:36:17.767, 5, 180.58 W, 27, 120 MHz, 3996 MHz, 0 %, 0 %
2026/03/24 02:36:17.767, 6, 178.21 W, 26, 120 MHz, 3996 MHz, 0 %, 0 %
2026/03/24 02:36:17.767, 7, 176.58 W, 27, 120 MHz, 3996 MHz, 0 %, 0 %
2026/03/24 02:36:18.767, 0, 633.22 W, 41, 2032 MHz, 3996 MHz, 99 %, 25 %
2026/03/24 02:36:18.767, 1, 645.72 W, 46, 2032 MHz, 3996 MHz, 100 %, 27 %
2026/03/24 02:36:18.767, 2, 646.16 W, 42, 2032 MHz, 3996 MHz, 100 %, 27 %
2026/03/24 02:36:18.767, 3, 643.78 W, 46, 2032 MHz, 3996 MHz, 54 %, 27 %
2026/03/24 02:36:18.767, 4, 178.91 W, 25, 120 MHz, 3996 MHz, 0 %, 0 %
2026/03/24 02:36:18.767, 5, 180.58 W, 27, 120 MHz, 3996 MHz, 0 %, 0 %
2026/03/24 02:36:18.768, 6, 178.45 W, 26, 120 MHz, 3996 MHz, 0 %, 0 %
2026/03/24 02:36:18.768, 7, 176.58 W, 27, 120 MHz, 3996 MHz, 0 %, 0 %
2026/03/24 02:36:19.768, 0, 605.95 W, 42, 2032 MHz, 3996 MHz, 98 %, 23 %
2026/03/24 02:36:19.768, 1, 629.03 W, 47, 2032 MHz, 3996 MHz, 100 %, 44 %
2026/03/24 02:36:19.768, 2, 614.04 W, 41, 2032 MHz, 3996 MHz, 100 %, 39 %
2026/03/24 02:36:19.768, 3, 620.52 W, 47, 2032 MHz, 3996 MHz, 64 %, 42 %
2026/03/24 02:36:19.768, 4, 178.96 W, 25, 120 MHz, 3996 MHz, 0 %, 0 %
2026/03/24 02:36:19.768, 5, 180.58 W, 27, 120 MHz, 3996 MHz, 0 %, 0 %
2026/03/24 02:36:19.768, 6, 178.14 W, 26, 120 MHz, 3996 MHz, 0 %, 0 %
2026/03/24 02:36:19.768, 7, 176.58 W, 27, 120 MHz, 3996 MHz, 0 %, 0 %
2026/03/24 02:36:20.768, 0, 609.98 W, 41, 2032 MHz, 3996 MHz, 84 %, 24 %
2026/03/24 02:36:20.768, 1, 608.09 W, 45, 2032 MHz, 3996 MHz, 99 %, 26 %
2026/03/24 02:36:20.768, 2, 623.58 W, 41, 2032 MHz, 3996 MHz, 100 %, 27 %
2026/03/24 02:36:20.768, 3, 607.84 W, 45, 2032 MHz, 3996 MHz, 52 %, 27 %
2026/03/24 02:36:20.768, 4, 179.38 W, 25, 120 MHz, 3996 MHz, 0 %, 0 %
2026/03/24 02:36:20.768, 5, 180.58 W, 27, 120 MHz, 3996 MHz, 0 %, 0 %
2026/03/24 02:36:20.768, 6, 178.18 W, 26, 120 MHz, 3996 MHz, 0 %, 0 %
2026/03/24 02:36:20.768, 7, 176.58 W, 27, 120 MHz, 3996 MHz, 0 %, 0 %
2026/03/24 02:36:21.768, 0, 572.44 W, 41, 2032 MHz, 3996 MHz, 100 %, 24 %
2026/03/24 02:36:21.768, 1, 584.49 W, 45, 2032 MHz, 3996 MHz, 100 %, 26 %
2026/03/24 02:36:21.768, 2, 584.15 W, 41, 2032 MHz, 3996 MHz, 99 %, 25 %
2026/03/24 02:36:21.768, 3, 578.53 W, 45, 2032 MHz, 3996 MHz, 51 %, 26 %
2026/03/24 02:36:21.768, 4, 179.01 W, 25, 120 MHz, 3996 MHz, 0 %, 0 %
2026/03/24 02:36:21.768, 5, 180.58 W, 27, 120 MHz, 3996 MHz, 0 %, 0 %
2026/03/24 02:36:21.768, 6, 178.33 W, 26, 120 MHz, 3996 MHz, 0 %, 0 %
2026/03/24 02:36:21.768, 7, 176.58 W, 27, 120 MHz, 3996 MHz, 0 %, 0 %
2026/03/24 02:36:22.768, 0, 628.74 W, 41, 2032 MHz, 3996 MHz, 88 %, 31 %
2026/03/24 02:36:22.768, 1, 635.20 W, 44, 2032 MHz, 3996 MHz, 100 %, 24 %
2026/03/24 02:36:22.768, 2, 639.53 W, 41, 2032 MHz, 3996 MHz, 99 %, 23 %
2026/03/24 02:36:22.768, 3, 631.32 W, 45, 2032 MHz, 3996 MHz, 44 %, 24 %
2026/03/24 02:36:22.768, 4, 178.94 W, 25, 120 MHz, 3996 MHz, 0 %, 0 %
2026/03/24 02:36:22.768, 5, 180.58 W, 27, 120 MHz, 3996 MHz, 0 %, 0 %
2026/03/24 02:36:22.768, 6, 178.22 W, 26, 120 MHz, 3996 MHz, 0 %, 0 %
2026/03/24 02:36:22.768, 7, 176.59 W, 27, 120 MHz, 3996 MHz, 0 %, 0 %
2026/03/24 02:36:23.768, 0, 606.68 W, 40, 2032 MHz, 3996 MHz, 83 %, 27 %
2026/03/24 02:36:23.768, 1, 616.68 W, 45, 2032 MHz, 3996 MHz, 100 %, 24 %
2026/03/24 02:36:23.768, 2, 617.82 W, 41, 2032 MHz, 3996 MHz, 100 %, 24 %
2026/03/24 02:36:23.768, 3, 616.40 W, 45, 2032 MHz, 3996 MHz, 44 %, 24 %
2026/03/24 02:36:23.768, 4, 178.97 W, 25, 120 MHz, 3996 MHz, 0 %, 0 %
2026/03/24 02:36:23.768, 5, 180.58 W, 27, 120 MHz, 3996 MHz, 0 %, 0 %
2026/03/24 02:36:23.768, 6, 178.22 W, 26, 120 MHz, 3996 MHz, 0 %, 0 %
2026/03/24 02:36:23.768, 7, 176.58 W, 27, 120 MHz, 3996 MHz, 0 %, 0 %
2026/03/24 02:36:24.768, 0, 626.01 W, 41, 2032 MHz, 3996 MHz, 71 %, 25 %
2026/03/24 02:36:24.768, 1, 637.31 W, 45, 2032 MHz, 3996 MHz, 96 %, 25 %
2026/03/24 02:36:24.768, 2, 637.76 W, 41, 2032 MHz, 3996 MHz, 99 %, 24 %
2026/03/24 02:36:24.768, 3, 636.46 W, 46, 2032 MHz, 3996 MHz, 48 %, 25 %
2026/03/24 02:36:24.768, 4, 178.92 W, 25, 120 MHz, 3996 MHz, 0 %, 0 %
2026/03/24 02:36:24.768, 5, 180.58 W, 27, 120 MHz, 3996 MHz, 0 %, 0 %
2026/03/24 02:36:24.768, 6, 177.96 W, 26, 120 MHz, 3996 MHz, 0 %, 0 %
2026/03/24 02:36:24.768, 7, 176.60 W, 27, 120 MHz, 3996 MHz, 0 %, 0 %
2026/03/24 02:36:25.769, 0, 591.04 W, 40, 2032 MHz, 3996 MHz, 99 %, 23 %
2026/03/24 02:36:25.769, 1, 593.60 W, 44, 2032 MHz, 3996 MHz, 99 %, 23 %
2026/03/24 02:36:25.769, 2, 602.03 W, 40, 2032 MHz, 3996 MHz, 99 %, 23 %
2026/03/24 02:36:25.769, 3, 600.43 W, 45, 2032 MHz, 3996 MHz, 43 %, 23 %
2026/03/24 02:36:25.769, 4, 179.07 W, 25, 120 MHz, 3996 MHz, 0 %, 0 %
2026/03/24 02:36:25.769, 5, 180.58 W, 27, 120 MHz, 3996 MHz, 0 %, 0 %
2026/03/24 02:36:25.769, 6, 178.33 W, 26, 120 MHz, 3996 MHz, 0 %, 0 %
2026/03/24 02:36:25.769, 7, 176.59 W, 27, 120 MHz, 3996 MHz, 0 %, 0 %
2026/03/24 02:36:26.769, 0, 609.65 W, 40, 2032 MHz, 3996 MHz, 99 %, 34 %
2026/03/24 02:36:26.769, 1, 614.03 W, 44, 2032 MHz, 3996 MHz, 99 %, 24 %
2026/03/24 02:36:26.769, 2, 617.33 W, 41, 2032 MHz, 3996 MHz, 95 %, 24 %
2026/03/24 02:36:26.769, 3, 613.56 W, 45, 2032 MHz, 3996 MHz, 43 %, 24 %
2026/03/24 02:36:26.769, 4, 178.81 W, 25, 120 MHz, 3996 MHz, 0 %, 0 %
2026/03/24 02:36:26.769, 5, 180.58 W, 27, 120 MHz, 3996 MHz, 0 %, 0 %
2026/03/24 02:36:26.769, 6, 178.30 W, 26, 120 MHz, 3996 MHz, 0 %, 0 %
2026/03/24 02:36:26.769, 7, 176.59 W, 27, 120 MHz, 3996 MHz, 0 %, 0 %
2026/03/24 02:36:27.769, 0, 628.10 W, 40, 2032 MHz, 3996 MHz, 68 %, 24 %
2026/03/24 02:36:27.769, 1, 637.26 W, 44, 2032 MHz, 3996 MHz, 100 %, 25 %
2026/03/24 02:36:27.769, 2, 643.60 W, 41, 2032 MHz, 3996 MHz, 99 %, 24 %
2026/03/24 02:36:27.769, 3, 637.08 W, 45, 2032 MHz, 3996 MHz, 50 %, 24 %
2026/03/24 02:36:27.769, 4, 178.97 W, 25, 120 MHz, 3996 MHz, 0 %, 0 %
2026/03/24 02:36:27.769, 5, 180.58 W, 27, 120 MHz, 3996 MHz, 0 %, 0 %
2026/03/24 02:36:27.769, 6, 178.03 W, 26, 120 MHz, 3996 MHz, 0 %, 0 %
2026/03/24 02:36:27.769, 7, 176.58 W, 27, 120 MHz, 3996 MHz, 0 %, 0 %
2026/03/24 02:36:28.769, 0, 616.50 W, 40, 2032 MHz, 3996 MHz, 88 %, 42 %
2026/03/24 02:36:28.769, 1, 623.63 W, 44, 2032 MHz, 3996 MHz, 99 %, 23 %
2026/03/24 02:36:28.769, 2, 629.07 W, 41, 2032 MHz, 3996 MHz, 100 %, 24 %
2026/03/24 02:36:28.769, 3, 620.97 W, 45, 2032 MHz, 3996 MHz, 44 %, 24 %
2026/03/24 02:36:28.769, 4, 179.19 W, 25, 120 MHz, 3996 MHz, 0 %, 0 %
2026/03/24 02:36:28.769, 5, 180.58 W, 27, 120 MHz, 3996 MHz, 0 %, 0 %
2026/03/24 02:36:28.769, 6, 178.41 W, 26, 120 MHz, 3996 MHz, 0 %, 0 %
2026/03/24 02:36:28.769, 7, 176.58 W, 27, 120 MHz, 3996 MHz, 0 %, 0 %
2026/03/24 02:36:29.769, 0, 646.36 W, 41, 2032 MHz, 3996 MHz, 99 %, 26 %
2026/03/24 02:36:29.769, 1, 655.67 W, 45, 2032 MHz, 3996 MHz, 99 %, 32 %
2026/03/24 02:36:29.769, 2, 658.19 W, 42, 2032 MHz, 3996 MHz, 99 %, 33 %
2026/03/24 02:36:29.769, 3, 654.11 W, 46, 2032 MHz, 3996 MHz, 66 %, 32 %
2026/03/24 02:36:29.769, 4, 179.04 W, 25, 120 MHz, 3996 MHz, 0 %, 0 %
2026/03/24 02:36:29.769, 5, 180.58 W, 27, 120 MHz, 3996 MHz, 0 %, 0 %
2026/03/24 02:36:29.769, 6, 178.18 W, 26, 120 MHz, 3996 MHz, 0 %, 0 %
2026/03/24 02:36:29.769, 7, 176.58 W, 27, 120 MHz, 3996 MHz, 0 %, 0 %
2026/03/24 02:36:30.769, 0, 664.64 W, 40, 2032 MHz, 3996 MHz, 92 %, 30 %
2026/03/24 02:36:30.769, 1, 677.04 W, 44, 2032 MHz, 3996 MHz, 100 %, 24 %
2026/03/24 02:36:30.769, 2, 677.45 W, 41, 2032 MHz, 3996 MHz, 100 %, 24 %
2026/03/24 02:36:30.769, 3, 676.32 W, 45, 2032 MHz, 3996 MHz, 43 %, 24 %
2026/03/24 02:36:30.769, 4, 178.81 W, 25, 120 MHz, 3996 MHz, 0 %, 0 %
2026/03/24 02:36:30.769, 5, 180.58 W, 27, 120 MHz, 3996 MHz, 0 %, 0 %
2026/03/24 02:36:30.769, 6, 178.25 W, 26, 120 MHz, 3996 MHz, 0 %, 0 %
2026/03/24 02:36:30.769, 7, 176.59 W, 27, 120 MHz, 3996 MHz, 0 %, 0 %
2026/03/24 02:36:31.770, 0, 622.69 W, 42, 2032 MHz, 3996 MHz, 99 %, 27 %
2026/03/24 02:36:31.770, 1, 626.72 W, 44, 2032 MHz, 3996 MHz, 100 %, 31 %
2026/03/24 02:36:31.770, 2, 629.71 W, 42, 2032 MHz, 3996 MHz, 100 %, 30 %
2026/03/24 02:36:31.770, 3, 628.78 W, 46, 2032 MHz, 3996 MHz, 61 %, 30 %
2026/03/24 02:36:31.770, 4, 179.12 W, 25, 120 MHz, 3996 MHz, 0 %, 0 %
2026/03/24 02:36:31.770, 5, 180.58 W, 27, 120 MHz, 3996 MHz, 0 %, 0 %
2026/03/24 02:36:31.770, 6, 178.29 W, 26, 120 MHz, 3996 MHz, 0 %, 0 %
2026/03/24 02:36:31.770, 7, 176.58 W, 27, 120 MHz, 3996 MHz, 0 %, 0 %
2026/03/24 02:36:32.770, 0, 649.26 W, 41, 2032 MHz, 3996 MHz, 95 %, 26 %
2026/03/24 02:36:32.770, 1, 653.35 W, 44, 2032 MHz, 3996 MHz, 99 %, 23 %
2026/03/24 02:36:32.770, 2, 655.49 W, 41, 2032 MHz, 3996 MHz, 99 %, 24 %
2026/03/24 02:36:32.770, 3, 652.03 W, 45, 2032 MHz, 3996 MHz, 49 %, 23 %
2026/03/24 02:36:32.770, 4, 179.00 W, 25, 120 MHz, 3996 MHz, 0 %, 0 %
2026/03/24 02:36:32.770, 5, 180.58 W, 27, 120 MHz, 3996 MHz, 0 %, 0 %
2026/03/24 02:36:32.770, 6, 178.10 W, 26, 120 MHz, 3996 MHz, 0 %, 0 %
2026/03/24 02:36:32.770, 7, 176.58 W, 27, 120 MHz, 3996 MHz, 0 %, 0 %
2026/03/24 02:36:33.770, 0, 622.78 W, 40, 2032 MHz, 3996 MHz, 100 %, 24 %
2026/03/24 02:36:33.770, 1, 627.18 W, 44, 2032 MHz, 3996 MHz, 96 %, 26 %
2026/03/24 02:36:33.770, 2, 632.89 W, 41, 2032 MHz, 3996 MHz, 95 %, 34 %
2026/03/24 02:36:33.770, 3, 630.71 W, 45, 2032 MHz, 3996 MHz, 66 %, 31 %
2026/03/24 02:36:33.770, 4, 179.11 W, 25, 120 MHz, 3996 MHz, 0 %, 0 %
2026/03/24 02:36:33.770, 5, 180.58 W, 27, 120 MHz, 3996 MHz, 0 %, 0 %
2026/03/24 02:36:33.770, 6, 178.18 W, 26, 120 MHz, 3996 MHz, 0 %, 0 %
2026/03/24 02:36:33.770, 7, 176.58 W, 27, 120 MHz, 3996 MHz, 0 %, 0 %
2026/03/24 02:36:34.770, 0, 612.62 W, 41, 2032 MHz, 3996 MHz, 99 %, 34 %
2026/03/24 02:36:34.770, 1, 621.37 W, 45, 2032 MHz, 3996 MHz, 99 %, 25 %
2026/03/24 02:36:34.770, 2, 622.13 W, 41, 2032 MHz, 3996 MHz, 99 %, 27 %
2026/03/24 02:36:34.770, 3, 616.40 W, 45, 2032 MHz, 3996 MHz, 53 %, 26 %
2026/03/24 02:36:34.770, 4, 179.13 W, 25, 120 MHz, 3996 MHz, 0 %, 0 %
2026/03/24 02:36:34.770, 5, 180.58 W, 27, 120 MHz, 3996 MHz, 0 %, 0 %
2026/03/24 02:36:34.770, 6, 178.30 W, 26, 120 MHz, 3996 MHz, 0 %, 0 %
2026/03/24 02:36:34.770, 7, 176.59 W, 27, 120 MHz, 3996 MHz, 0 %, 0 %
2026/03/24 02:36:35.770, 0, 677.28 W, 40, 2032 MHz, 3996 MHz, 98 %, 22 %
2026/03/24 02:36:35.770, 1, 683.28 W, 44, 2032 MHz, 3996 MHz, 100 %, 27 %
2026/03/24 02:36:35.770, 2, 687.66 W, 41, 2032 MHz, 3996 MHz, 100 %, 27 %
2026/03/24 02:36:35.770, 3, 684.50 W, 45, 2032 MHz, 3996 MHz, 54 %, 27 %
2026/03/24 02:36:35.770, 4, 179.15 W, 25, 120 MHz, 3996 MHz, 0 %, 0 %
2026/03/24 02:36:35.770, 5, 180.58 W, 27, 120 MHz, 3996 MHz, 0 %, 0 %
2026/03/24 02:36:35.770, 6, 178.45 W, 26, 120 MHz, 3996 MHz, 0 %, 0 %
2026/03/24 02:36:35.770, 7, 176.59 W, 27, 120 MHz, 3996 MHz, 0 %, 0 %
2026/03/24 02:36:36.770, 0, 629.81 W, 40, 2032 MHz, 3996 MHz, 100 %, 26 %
2026/03/24 02:36:36.770, 1, 637.60 W, 44, 2032 MHz, 3996 MHz, 96 %, 23 %
2026/03/24 02:36:36.770, 2, 639.30 W, 41, 2032 MHz, 3996 MHz, 95 %, 32 %
2026/03/24 02:36:36.770, 3, 636.22 W, 45, 2032 MHz, 3996 MHz, 60 %, 27 %
2026/03/24 02:36:36.770, 4, 178.76 W, 25, 120 MHz, 3996 MHz, 0 %, 0 %
2026/03/24 02:36:36.770, 5, 180.58 W, 27, 120 MHz, 3996 MHz, 0 %, 0 %
2026/03/24 02:36:36.770, 6, 178.06 W, 26, 120 MHz, 3996 MHz, 0 %, 0 %
2026/03/24 02:36:36.770, 7, 176.58 W, 27, 120 MHz, 3996 MHz, 0 %, 0 %
2026/03/24 02:36:37.770, 0, 680.26 W, 40, 2032 MHz, 3996 MHz, 84 %, 26 %
2026/03/24 02:36:37.770, 1, 692.92 W, 44, 2032 MHz, 3996 MHz, 77 %, 26 %
2026/03/24 02:36:37.770, 2, 688.05 W, 42, 2032 MHz, 3996 MHz, 99 %, 27 %
2026/03/24 02:36:37.770, 3, 692.35 W, 45, 2032 MHz, 3996 MHz, 65 %, 27 %
2026/03/24 02:36:37.771, 4, 179.18 W, 25, 120 MHz, 3996 MHz, 0 %, 0 %
2026/03/24 02:36:37.771, 5, 180.58 W, 27, 120 MHz, 3996 MHz, 0 %, 0 %
2026/03/24 02:36:37.771, 6, 178.33 W, 26, 120 MHz, 3996 MHz, 0 %, 0 %
2026/03/24 02:36:37.771, 7, 176.58 W, 27, 120 MHz, 3996 MHz, 0 %, 0 %
2026/03/24 02:36:38.771, 0, 604.12 W, 40, 2032 MHz, 3996 MHz, 99 %, 25 %
2026/03/24 02:36:38.771, 1, 607.65 W, 44, 2032 MHz, 3996 MHz, 99 %, 25 %
2026/03/24 02:36:38.771, 2, 605.24 W, 41, 2032 MHz, 3996 MHz, 99 %, 25 %
2026/03/24 02:36:38.771, 3, 608.93 W, 45, 2032 MHz, 3996 MHz, 51 %, 25 %
2026/03/24 02:36:38.771, 4, 179.18 W, 25, 120 MHz, 3996 MHz, 0 %, 0 %
2026/03/24 02:36:38.771, 5, 180.58 W, 27, 120 MHz, 3996 MHz, 0 %, 0 %
2026/03/24 02:36:38.771, 6, 178.14 W, 26, 120 MHz, 3996 MHz, 0 %, 0 %
2026/03/24 02:36:38.771, 7, 176.59 W, 27, 120 MHz, 3996 MHz, 0 %, 0 %
2026/03/24 02:36:39.771, 0, 609.79 W, 40, 2032 MHz, 3996 MHz, 99 %, 26 %
2026/03/24 02:36:39.771, 1, 617.45 W, 43, 2032 MHz, 3996 MHz, 99 %, 24 %
2026/03/24 02:36:39.771, 2, 624.09 W, 40, 2032 MHz, 3996 MHz, 99 %, 24 %
2026/03/24 02:36:39.771, 3, 619.51 W, 44, 2032 MHz, 3996 MHz, 47 %, 24 %
2026/03/24 02:36:39.771, 4, 179.00 W, 25, 120 MHz, 3996 MHz, 0 %, 0 %
2026/03/24 02:36:39.771, 5, 180.58 W, 27, 120 MHz, 3996 MHz, 0 %, 0 %
2026/03/24 02:36:39.771, 6, 178.37 W, 26, 120 MHz, 3996 MHz, 0 %, 0 %
2026/03/24 02:36:39.771, 7, 176.58 W, 27, 120 MHz, 3996 MHz, 0 %, 0 %
2026/03/24 02:36:40.771, 0, 636.09 W, 41, 2032 MHz, 3996 MHz, 90 %, 34 %
2026/03/24 02:36:40.771, 1, 641.98 W, 45, 2032 MHz, 3996 MHz, 99 %, 26 %
2026/03/24 02:36:40.771, 2, 641.45 W, 42, 2032 MHz, 3996 MHz, 99 %, 27 %
2026/03/24 02:36:40.771, 3, 645.07 W, 45, 2032 MHz, 3996 MHz, 53 %, 27 %
2026/03/24 02:36:40.771, 4, 178.97 W, 25, 120 MHz, 3996 MHz, 0 %, 0 %
2026/03/24 02:36:40.771, 5, 180.58 W, 27, 120 MHz, 3996 MHz, 0 %, 0 %
2026/03/24 02:36:40.771, 6, 178.41 W, 26, 120 MHz, 3996 MHz, 0 %, 0 %
2026/03/24 02:36:40.771, 7, 176.59 W, 27, 120 MHz, 3996 MHz, 0 %, 0 %
2026/03/24 02:36:41.771, 0, 558.06 W, 40, 2032 MHz, 3996 MHz, 99 %, 25 %
2026/03/24 02:36:41.771, 1, 568.36 W, 43, 2032 MHz, 3996 MHz, 100 %, 27 %
2026/03/24 02:36:41.771, 2, 561.38 W, 39, 2032 MHz, 3996 MHz, 100 %, 23 %
2026/03/24 02:36:41.771, 3, 564.53 W, 45, 2032 MHz, 3996 MHz, 44 %, 24 %
2026/03/24 02:36:41.771, 4, 179.04 W, 25, 120 MHz, 3996 MHz, 0 %, 0 %
2026/03/24 02:36:41.771, 5, 180.58 W, 27, 120 MHz, 3996 MHz, 0 %, 0 %
2026/03/24 02:36:41.771, 6, 178.25 W, 26, 120 MHz, 3996 MHz, 0 %, 0 %
2026/03/24 02:36:41.771, 7, 176.59 W, 27, 120 MHz, 3996 MHz, 0 %, 0 %
2026/03/24 02:36:42.771, 0, 593.82 W, 39, 2032 MHz, 3996 MHz, 99 %, 23 %
2026/03/24 02:36:42.771, 1, 601.76 W, 43, 2032 MHz, 3996 MHz, 99 %, 24 %
2026/03/24 02:36:42.771, 2, 602.51 W, 39, 2032 MHz, 3996 MHz, 99 %, 23 %
2026/03/24 02:36:42.771, 3, 592.85 W, 44, 2032 MHz, 3996 MHz, 44 %, 23 %
2026/03/24 02:36:42.771, 4, 178.90 W, 25, 120 MHz, 3996 MHz, 0 %, 0 %
2026/03/24 02:36:42.771, 5, 180.58 W, 27, 120 MHz, 3996 MHz, 0 %, 0 %
2026/03/24 02:36:42.771, 6, 178.45 W, 26, 120 MHz, 3996 MHz, 0 %, 0 %
2026/03/24 02:36:42.771, 7, 176.59 W, 27, 120 MHz, 3996 MHz, 0 %, 0 %
2026/03/24 02:36:43.771, 0, 620.77 W, 40, 2032 MHz, 3996 MHz, 81 %, 45 %
2026/03/24 02:36:43.771, 1, 630.98 W, 45, 2032 MHz, 3996 MHz, 100 %, 35 %
2026/03/24 02:36:43.771, 2, 634.60 W, 41, 2032 MHz, 3996 MHz, 99 %, 28 %
2026/03/24 02:36:43.771, 3, 631.13 W, 45, 2032 MHz, 3996 MHz, 57 %, 28 %
2026/03/24 02:36:43.771, 4, 179.29 W, 25, 120 MHz, 3996 MHz, 0 %, 0 %
2026/03/24 02:36:43.771, 5, 180.58 W, 27, 120 MHz, 3996 MHz, 0 %, 0 %
2026/03/24 02:36:43.771, 6, 178.18 W, 26, 120 MHz, 3996 MHz, 0 %, 0 %
2026/03/24 02:36:43.771, 7, 176.60 W, 27, 120 MHz, 3996 MHz, 0 %, 0 %
2026/03/24 02:36:44.772, 0, 596.34 W, 39, 2032 MHz, 3996 MHz, 100 %, 27 %
2026/03/24 02:36:44.772, 1, 606.70 W, 43, 2032 MHz, 3996 MHz, 99 %, 24 %
2026/03/24 02:36:44.772, 2, 606.77 W, 39, 2032 MHz, 3996 MHz, 99 %, 23 %
2026/03/24 02:36:44.772, 3, 598.58 W, 44, 2032 MHz, 3996 MHz, 42 %, 23 %
2026/03/24 02:36:44.772, 4, 178.89 W, 25, 120 MHz, 3996 MHz, 0 %, 0 %
2026/03/24 02:36:44.772, 5, 180.58 W, 27, 120 MHz, 3996 MHz, 0 %, 0 %
2026/03/24 02:36:44.772, 6, 178.18 W, 26, 120 MHz, 3996 MHz, 0 %, 0 %
2026/03/24 02:36:44.772, 7, 176.59 W, 27, 120 MHz, 3996 MHz, 0 %, 0 %
2026/03/24 02:36:45.772, 0, 610.64 W, 39, 2032 MHz, 3996 MHz, 99 %, 27 %
2026/03/24 02:36:45.772, 1, 620.88 W, 45, 2032 MHz, 3996 MHz, 100 %, 26 %
2026/03/24 02:36:45.772, 2, 618.36 W, 41, 2032 MHz, 3996 MHz, 99 %, 26 %
2026/03/24 02:36:45.772, 3, 622.37 W, 44, 2032 MHz, 3996 MHz, 50 %, 26 %
2026/03/24 02:36:45.772, 4, 178.90 W, 25, 120 MHz, 3996 MHz, 0 %, 0 %
2026/03/24 02:36:45.772, 5, 180.58 W, 27, 120 MHz, 3996 MHz, 0 %, 0 %
2026/03/24 02:36:45.772, 6, 178.11 W, 26, 120 MHz, 3996 MHz, 0 %, 0 %
2026/03/24 02:36:45.772, 7, 176.60 W, 27, 120 MHz, 3996 MHz, 0 %, 0 %
2026/03/24 02:36:46.772, 0, 594.17 W, 39, 2032 MHz, 3996 MHz, 100 %, 34 %
2026/03/24 02:36:46.772, 1, 601.16 W, 43, 2032 MHz, 3996 MHz, 99 %, 28 %
2026/03/24 02:36:46.772, 2, 605.02 W, 40, 2032 MHz, 3996 MHz, 100 %, 23 %
2026/03/24 02:36:46.772, 3, 601.04 W, 44, 2032 MHz, 3996 MHz, 43 %, 23 %
2026/03/24 02:36:46.772, 4, 179.03 W, 25, 120 MHz, 3996 MHz, 0 %, 0 %
2026/03/24 02:36:46.772, 5, 180.58 W, 27, 120 MHz, 3996 MHz, 0 %, 0 %
2026/03/24 02:36:46.772, 6, 178.44 W, 26, 120 MHz, 3996 MHz, 0 %, 0 %
2026/03/24 02:36:46.772, 7, 176.60 W, 27, 120 MHz, 3996 MHz, 0 %, 0 %
2026/03/24 02:36:47.772, 0, 615.52 W, 41, 2032 MHz, 3996 MHz, 54 %, 27 %
2026/03/24 02:36:47.772, 1, 610.97 W, 44, 2032 MHz, 3996 MHz, 99 %, 24 %
2026/03/24 02:36:47.772, 2, 620.46 W, 41, 2032 MHz, 3996 MHz, 99 %, 29 %
2026/03/24 02:36:47.772, 3, 622.68 W, 45, 2032 MHz, 3996 MHz, 78 %, 29 %
2026/03/24 02:36:47.772, 4, 178.91 W, 25, 120 MHz, 3996 MHz, 0 %, 0 %
2026/03/24 02:36:47.772, 5, 180.58 W, 27, 120 MHz, 3996 MHz, 0 %, 0 %
2026/03/24 02:36:47.772, 6, 178.22 W, 26, 120 MHz, 3996 MHz, 0 %, 0 %
2026/03/24 02:36:47.772, 7, 176.59 W, 27, 120 MHz, 3996 MHz, 0 %, 0 %
2026/03/24 02:36:48.772, 0, 604.39 W, 39, 2032 MHz, 3996 MHz, 75 %, 24 %
2026/03/24 02:36:48.772, 1, 622.78 W, 43, 2032 MHz, 3996 MHz, 95 %, 40 %
2026/03/24 02:36:48.772, 2, 618.70 W, 39, 2032 MHz, 3996 MHz, 100 %, 23 %
2026/03/24 02:36:48.772, 3, 607.67 W, 44, 2032 MHz, 3996 MHz, 43 %, 24 %
2026/03/24 02:36:48.772, 4, 179.00 W, 25, 120 MHz, 3996 MHz, 0 %, 0 %
2026/03/24 02:36:48.772, 5, 180.58 W, 27, 120 MHz, 3996 MHz, 0 %, 0 %
2026/03/24 02:36:48.772, 6, 178.45 W, 26, 120 MHz, 3996 MHz, 0 %, 0 %
2026/03/24 02:36:48.772, 7, 176.58 W, 27, 120 MHz, 3996 MHz, 0 %, 0 %
2026/03/24 02:36:49.772, 0, 612.45 W, 41, 2032 MHz, 3996 MHz, 99 %, 23 %
2026/03/24 02:36:49.772, 1, 599.24 W, 44, 2032 MHz, 3996 MHz, 99 %, 23 %
2026/03/24 02:36:49.772, 2, 610.55 W, 41, 2032 MHz, 3996 MHz, 96 %, 48 %
2026/03/24 02:36:49.772, 3, 619.76 W, 46, 2032 MHz, 3996 MHz, 86 %, 46 %
2026/03/24 02:36:49.772, 4, 178.94 W, 25, 120 MHz, 3996 MHz, 0 %, 0 %
2026/03/24 02:36:49.772, 5, 180.58 W, 27, 120 MHz, 3996 MHz, 0 %, 0 %
2026/03/24 02:36:49.772, 6, 178.33 W, 26, 120 MHz, 3996 MHz, 0 %, 0 %
2026/03/24 02:36:49.772, 7, 176.59 W, 27, 120 MHz, 3996 MHz, 0 %, 0 %
2026/03/24 02:36:50.772, 0, 645.27 W, 40, 2032 MHz, 3996 MHz, 97 %, 45 %
2026/03/24 02:36:50.772, 1, 663.01 W, 44, 2032 MHz, 3996 MHz, 99 %, 31 %
2026/03/24 02:36:50.772, 2, 655.13 W, 41, 2032 MHz, 3996 MHz, 100 %, 26 %
2026/03/24 02:36:50.772, 3, 655.16 W, 45, 2032 MHz, 3996 MHz, 53 %, 26 %
2026/03/24 02:36:50.772, 4, 179.12 W, 25, 120 MHz, 3996 MHz, 0 %, 0 %
2026/03/24 02:36:50.772, 5, 180.58 W, 27, 120 MHz, 3996 MHz, 0 %, 0 %
2026/03/24 02:36:50.772, 6, 178.10 W, 26, 120 MHz, 3996 MHz, 0 %, 0 %
2026/03/24 02:36:50.773, 7, 176.58 W, 27, 120 MHz, 3996 MHz, 0 %, 0 %
2026/03/24 02:36:51.773, 0, 681.85 W, 41, 2032 MHz, 3996 MHz, 100 %, 69 %
2026/03/24 02:36:51.773, 1, 689.95 W, 45, 2032 MHz, 3996 MHz, 100 %, 35 %
2026/03/24 02:36:51.773, 2, 699.88 W, 42, 2032 MHz, 3996 MHz, 97 %, 50 %
2026/03/24 02:36:51.773, 3, 700.91 W, 46, 2032 MHz, 3996 MHz, 90 %, 47 %
2026/03/24 02:36:51.773, 4, 178.98 W, 25, 120 MHz, 3996 MHz, 0 %, 0 %
2026/03/24 02:36:51.773, 5, 180.58 W, 27, 120 MHz, 3996 MHz, 0 %, 0 %
2026/03/24 02:36:51.773, 6, 178.22 W, 26, 120 MHz, 3996 MHz, 0 %, 0 %
2026/03/24 02:36:51.773, 7, 176.58 W, 27, 120 MHz, 3996 MHz, 0 %, 0 %
2026/03/24 02:36:52.773, 0, 660.49 W, 40, 2032 MHz, 3996 MHz, 95 %, 25 %
2026/03/24 02:36:52.773, 1, 679.30 W, 44, 2032 MHz, 3996 MHz, 99 %, 25 %
2026/03/24 02:36:52.773, 2, 675.22 W, 40, 2032 MHz, 3996 MHz, 99 %, 25 %
2026/03/24 02:36:52.773, 3, 670.19 W, 45, 2032 MHz, 3996 MHz, 78 %, 25 %
2026/03/24 02:36:52.773, 4, 179.06 W, 25, 120 MHz, 3996 MHz, 0 %, 0 %
2026/03/24 02:36:52.773, 5, 180.58 W, 27, 120 MHz, 3996 MHz, 0 %, 0 %
2026/03/24 02:36:52.773, 6, 178.18 W, 26, 120 MHz, 3996 MHz, 0 %, 0 %
2026/03/24 02:36:52.773, 7, 176.58 W, 27, 120 MHz, 3996 MHz, 0 %, 0 %
2026/03/24 02:36:53.773, 0, 596.79 W, 39, 2032 MHz, 3996 MHz, 93 %, 41 %
2026/03/24 02:36:53.773, 1, 607.52 W, 44, 2032 MHz, 3996 MHz, 100 %, 23 %
2026/03/24 02:36:53.773, 2, 610.30 W, 39, 2032 MHz, 3996 MHz, 99 %, 26 %
2026/03/24 02:36:53.773, 3, 605.13 W, 44, 2032 MHz, 3996 MHz, 57 %, 26 %
2026/03/24 02:36:53.773, 4, 179.36 W, 25, 120 MHz, 3996 MHz, 0 %, 0 %
2026/03/24 02:36:53.773, 5, 180.58 W, 27, 120 MHz, 3996 MHz, 0 %, 0 %
2026/03/24 02:36:53.773, 6, 178.26 W, 26, 120 MHz, 3996 MHz, 0 %, 0 %
2026/03/24 02:36:53.773, 7, 176.58 W, 27, 120 MHz, 3996 MHz, 0 %, 0 %
2026/03/24 02:36:54.773, 0, 633.99 W, 39, 2032 MHz, 3996 MHz, 99 %, 29 %
2026/03/24 02:36:54.773, 1, 640.96 W, 44, 2032 MHz, 3996 MHz, 99 %, 28 %
2026/03/24 02:36:54.773, 2, 643.04 W, 39, 2032 MHz, 3996 MHz, 60 %, 26 %
2026/03/24 02:36:54.773, 3, 642.46 W, 44, 2032 MHz, 3996 MHz, 92 %, 26 %
2026/03/24 02:36:54.773, 4, 178.83 W, 25, 120 MHz, 3996 MHz, 0 %, 0 %
2026/03/24 02:36:54.773, 5, 180.58 W, 27, 120 MHz, 3996 MHz, 0 %, 0 %
2026/03/24 02:36:54.773, 6, 178.37 W, 26, 120 MHz, 3996 MHz, 0 %, 0 %
2026/03/24 02:36:54.773, 7, 176.59 W, 27, 120 MHz, 3996 MHz, 0 %, 0 %
2026/03/24 02:36:55.773, 0, 664.44 W, 40, 2032 MHz, 3996 MHz, 95 %, 40 %
2026/03/24 02:36:55.773, 1, 670.29 W, 44, 2032 MHz, 3996 MHz, 99 %, 23 %
2026/03/24 02:36:55.773, 2, 667.47 W, 40, 2032 MHz, 3996 MHz, 99 %, 26 %
2026/03/24 02:36:55.773, 3, 685.31 W, 44, 2032 MHz, 3996 MHz, 52 %, 26 %
2026/03/24 02:36:55.773, 4, 178.85 W, 25, 120 MHz, 3996 MHz, 0 %, 0 %
2026/03/24 02:36:55.773, 5, 180.58 W, 27, 120 MHz, 3996 MHz, 0 %, 0 %
2026/03/24 02:36:55.773, 6, 178.29 W, 26, 120 MHz, 3996 MHz, 0 %, 0 %
2026/03/24 02:36:55.773, 7, 176.58 W, 27, 120 MHz, 3996 MHz, 0 %, 0 %
2026/03/24 02:36:56.773, 0, 599.80 W, 39, 2032 MHz, 3996 MHz, 100 %, 31 %
2026/03/24 02:36:56.773, 1, 614.53 W, 43, 2032 MHz, 3996 MHz, 99 %, 22 %
2026/03/24 02:36:56.773, 2, 615.96 W, 39, 2032 MHz, 3996 MHz, 95 %, 23 %
2026/03/24 02:36:56.773, 3, 609.43 W, 43, 2032 MHz, 3996 MHz, 60 %, 23 %
2026/03/24 02:36:56.773, 4, 179.05 W, 25, 120 MHz, 3996 MHz, 0 %, 0 %
2026/03/24 02:36:56.773, 5, 180.58 W, 27, 120 MHz, 3996 MHz, 0 %, 0 %
2026/03/24 02:36:56.773, 6, 178.41 W, 26, 120 MHz, 3996 MHz, 0 %, 0 %
2026/03/24 02:36:56.773, 7, 176.59 W, 27, 120 MHz, 3996 MHz, 0 %, 0 %
2026/03/24 02:36:57.773, 0, 640.57 W, 40, 2032 MHz, 3996 MHz, 99 %, 23 %
2026/03/24 02:36:57.773, 1, 642.80 W, 43, 2032 MHz, 3996 MHz, 99 %, 22 %
2026/03/24 02:36:57.773, 2, 657.65 W, 41, 2032 MHz, 3996 MHz, 99 %, 26 %
2026/03/24 02:36:57.773, 3, 659.35 W, 45, 2032 MHz, 3996 MHz, 51 %, 26 %
2026/03/24 02:36:57.773, 4, 179.20 W, 25, 120 MHz, 3996 MHz, 0 %, 0 %
2026/03/24 02:36:57.773, 5, 180.58 W, 27, 120 MHz, 3996 MHz, 0 %, 0 %
2026/03/24 02:36:57.774, 6, 178.21 W, 26, 120 MHz, 3996 MHz, 0 %, 0 %
2026/03/24 02:36:57.774, 7, 176.59 W, 27, 120 MHz, 3996 MHz, 0 %, 0 %
2026/03/24 02:36:58.774, 0, 718.60 W, 41, 2032 MHz, 3996 MHz, 83 %, 57 %
2026/03/24 02:36:58.774, 1, 730.23 W, 44, 2032 MHz, 3996 MHz, 100 %, 46 %
2026/03/24 02:36:58.774, 2, 742.17 W, 42, 2032 MHz, 3996 MHz, 100 %, 23 %
2026/03/24 02:36:58.774, 3, 742.76 W, 46, 2032 MHz, 3996 MHz, 44 %, 25 %
2026/03/24 02:36:58.774, 4, 179.10 W, 25, 120 MHz, 3996 MHz, 0 %, 0 %
2026/03/24 02:36:58.774, 5, 180.58 W, 27, 120 MHz, 3996 MHz, 0 %, 0 %
2026/03/24 02:36:58.774, 6, 178.18 W, 26, 120 MHz, 3996 MHz, 0 %, 0 %
2026/03/24 02:36:58.774, 7, 176.59 W, 27, 120 MHz, 3996 MHz, 0 %, 0 %
2026/03/24 02:36:59.774, 0, 657.48 W, 40, 2032 MHz, 3996 MHz, 100 %, 52 %
2026/03/24 02:36:59.774, 1, 675.71 W, 44, 2032 MHz, 3996 MHz, 99 %, 23 %
2026/03/24 02:36:59.774, 2, 676.63 W, 40, 2032 MHz, 3996 MHz, 94 %, 25 %
2026/03/24 02:36:59.774, 3, 659.22 W, 44, 2032 MHz, 3996 MHz, 51 %, 23 %
2026/03/24 02:36:59.774, 4, 179.09 W, 25, 120 MHz, 3996 MHz, 0 %, 0 %
2026/03/24 02:36:59.774, 5, 180.58 W, 27, 120 MHz, 3996 MHz, 0 %, 0 %
2026/03/24 02:36:59.774, 6, 178.37 W, 26, 120 MHz, 3996 MHz, 0 %, 0 %
2026/03/24 02:36:59.774, 7, 176.58 W, 27, 120 MHz, 3996 MHz, 0 %, 0 %
2026/03/24 02:37:00.774, 0, 583.97 W, 39, 2032 MHz, 3996 MHz, 56 %, 23 %
2026/03/24 02:37:00.774, 1, 599.68 W, 43, 2032 MHz, 3996 MHz, 63 %, 34 %
2026/03/24 02:37:00.774, 2, 602.59 W, 39, 2032 MHz, 3996 MHz, 96 %, 36 %
2026/03/24 02:37:00.774, 3, 597.41 W, 44, 2032 MHz, 3996 MHz, 73 %, 30 %
2026/03/24 02:37:00.774, 4, 179.14 W, 25, 120 MHz, 3996 MHz, 0 %, 0 %
2026/03/24 02:37:00.774, 5, 180.58 W, 27, 120 MHz, 3996 MHz, 0 %, 0 %
2026/03/24 02:37:00.774, 6, 178.14 W, 26, 120 MHz, 3996 MHz, 0 %, 0 %
2026/03/24 02:37:00.774, 7, 176.60 W, 27, 120 MHz, 3996 MHz, 0 %, 0 %
2026/03/24 02:37:01.774, 0, 678.14 W, 40, 2032 MHz, 3996 MHz, 87 %, 40 %
2026/03/24 02:37:01.774, 1, 685.73 W, 43, 2032 MHz, 3996 MHz, 100 %, 23 %
2026/03/24 02:37:01.774, 2, 695.66 W, 41, 2032 MHz, 3996 MHz, 99 %, 24 %
2026/03/24 02:37:01.774, 3, 699.23 W, 45, 2032 MHz, 3996 MHz, 44 %, 23 %
2026/03/24 02:37:01.774, 4, 179.25 W, 25, 120 MHz, 3996 MHz, 0 %, 0 %
2026/03/24 02:37:01.774, 5, 180.58 W, 27, 120 MHz, 3996 MHz, 0 %, 0 %
2026/03/24 02:37:01.774, 6, 178.41 W, 26, 120 MHz, 3996 MHz, 0 %, 0 %
2026/03/24 02:37:01.774, 7, 176.59 W, 27, 120 MHz, 3996 MHz, 0 %, 0 %
2026/03/24 02:37:02.774, 0, 685.78 W, 42, 2032 MHz, 3996 MHz, 93 %, 29 %
2026/03/24 02:37:02.774, 1, 685.89 W, 45, 2032 MHz, 3996 MHz, 96 %, 32 %
2026/03/24 02:37:02.774, 2, 714.65 W, 42, 2032 MHz, 3996 MHz, 100 %, 70 %
2026/03/24 02:37:02.774, 3, 711.27 W, 47, 2032 MHz, 3996 MHz, 100 %, 69 %
2026/03/24 02:37:02.774, 4, 179.05 W, 25, 120 MHz, 3996 MHz, 0 %, 0 %
2026/03/24 02:37:02.774, 5, 180.58 W, 27, 120 MHz, 3996 MHz, 0 %, 0 %
2026/03/24 02:37:02.774, 6, 178.18 W, 26, 120 MHz, 3996 MHz, 0 %, 0 %
2026/03/24 02:37:02.774, 7, 176.58 W, 27, 120 MHz, 3996 MHz, 0 %, 0 %
2026/03/24 02:37:03.774, 0, 654.57 W, 41, 2032 MHz, 3996 MHz, 66 %, 41 %
2026/03/24 02:37:03.774, 1, 663.66 W, 43, 2032 MHz, 3996 MHz, 100 %, 38 %
2026/03/24 02:37:03.774, 2, 667.03 W, 42, 2032 MHz, 3996 MHz, 100 %, 39 %
2026/03/24 02:37:03.774, 3, 669.22 W, 46, 2032 MHz, 3996 MHz, 66 %, 42 %
2026/03/24 02:37:03.774, 4, 178.94 W, 25, 120 MHz, 3996 MHz, 0 %, 0 %
2026/03/24 02:37:03.774, 5, 180.58 W, 27, 120 MHz, 3996 MHz, 0 %, 0 %
2026/03/24 02:37:03.774, 6, 178.22 W, 26, 120 MHz, 3996 MHz, 0 %, 0 %
2026/03/24 02:37:03.774, 7, 176.59 W, 27, 120 MHz, 3996 MHz, 0 %, 0 %
2026/03/24 02:37:04.775, 0, 859.55 W, 43, 2032 MHz, 3996 MHz, 100 %, 71 %
2026/03/24 02:37:04.775, 1, 872.88 W, 47, 2032 MHz, 3996 MHz, 100 %, 70 %
2026/03/24 02:37:04.775, 2, 893.16 W, 44, 2032 MHz, 3996 MHz, 100 %, 70 %
2026/03/24 02:37:04.775, 3, 883.95 W, 48, 2032 MHz, 3996 MHz, 100 %, 70 %
2026/03/24 02:37:04.775, 4, 178.88 W, 25, 120 MHz, 3996 MHz, 0 %, 0 %
2026/03/24 02:37:04.775, 5, 180.58 W, 27, 120 MHz, 3996 MHz, 0 %, 0 %
2026/03/24 02:37:04.775, 6, 178.14 W, 26, 120 MHz, 3996 MHz, 0 %, 0 %
2026/03/24 02:37:04.775, 7, 176.58 W, 27, 120 MHz, 3996 MHz, 0 %, 0 %
2026/03/24 02:37:05.775, 0, 800.65 W, 42, 2032 MHz, 3996 MHz, 82 %, 39 %
2026/03/24 02:37:05.775, 1, 827.28 W, 45, 2032 MHz, 3996 MHz, 100 %, 70 %
2026/03/24 02:37:05.775, 2, 830.29 W, 43, 2032 MHz, 3996 MHz, 100 %, 40 %
2026/03/24 02:37:05.775, 3, 828.82 W, 47, 2032 MHz, 3996 MHz, 98 %, 45 %
2026/03/24 02:37:05.775, 4, 179.00 W, 25, 120 MHz, 3996 MHz, 0 %, 0 %
2026/03/24 02:37:05.775, 5, 180.58 W, 27, 120 MHz, 3996 MHz, 0 %, 0 %
2026/03/24 02:37:05.775, 6, 178.52 W, 26, 120 MHz, 3996 MHz, 0 %, 0 %
2026/03/24 02:37:05.775, 7, 176.58 W, 27, 120 MHz, 3996 MHz, 0 %, 0 %
2026/03/24 02:37:06.775, 0, 911.35 W, 44, 2032 MHz, 3996 MHz, 100 %, 70 %
2026/03/24 02:37:06.775, 1, 930.67 W, 48, 2032 MHz, 3996 MHz, 100 %, 70 %
2026/03/24 02:37:06.775, 2, 951.55 W, 45, 2032 MHz, 3996 MHz, 100 %, 70 %
2026/03/24 02:37:06.775, 3, 941.49 W, 49, 2032 MHz, 3996 MHz, 100 %, 70 %
2026/03/24 02:37:06.775, 4, 178.89 W, 25, 120 MHz, 3996 MHz, 0 %, 0 %
2026/03/24 02:37:06.775, 5, 180.58 W, 27, 120 MHz, 3996 MHz, 0 %, 0 %
2026/03/24 02:37:06.775, 6, 178.41 W, 26, 120 MHz, 3996 MHz, 0 %, 0 %
2026/03/24 02:37:06.775, 7, 176.58 W, 27, 120 MHz, 3996 MHz, 0 %, 0 %
2026/03/24 02:37:07.775, 0, 912.53 W, 44, 2032 MHz, 3996 MHz, 100 %, 70 %
2026/03/24 02:37:07.775, 1, 942.98 W, 48, 2032 MHz, 3996 MHz, 100 %, 71 %
2026/03/24 02:37:07.775, 2, 950.62 W, 45, 2032 MHz, 3996 MHz, 100 %, 70 %
2026/03/24 02:37:07.775, 3, 946.25 W, 49, 2032 MHz, 3996 MHz, 100 %, 70 %
2026/03/24 02:37:07.775, 4, 179.07 W, 25, 120 MHz, 3996 MHz, 0 %, 0 %
2026/03/24 02:37:07.775, 5, 180.58 W, 27, 120 MHz, 3996 MHz, 0 %, 0 %
2026/03/24 02:37:07.775, 6, 178.02 W, 26, 120 MHz, 3996 MHz, 0 %, 0 %
2026/03/24 02:37:07.775, 7, 176.58 W, 27, 120 MHz, 3996 MHz, 0 %, 0 %
2026/03/24 02:37:08.775, 0, 915.82 W, 44, 2032 MHz, 3996 MHz, 100 %, 71 %
2026/03/24 02:37:08.775, 1, 942.38 W, 48, 2032 MHz, 3996 MHz, 100 %, 70 %
2026/03/24 02:37:08.775, 2, 953.66 W, 45, 2032 MHz, 3996 MHz, 100 %, 70 %
2026/03/24 02:37:08.775, 3, 946.04 W, 49, 2032 MHz, 3996 MHz, 100 %, 70 %
2026/03/24 02:37:08.775, 4, 178.89 W, 25, 120 MHz, 3996 MHz, 0 %, 0 %
2026/03/24 02:37:08.775, 5, 180.58 W, 27, 120 MHz, 3996 MHz, 0 %, 0 %
2026/03/24 02:37:08.775, 6, 178.15 W, 26, 120 MHz, 3996 MHz, 0 %, 0 %
2026/03/24 02:37:08.775, 7, 176.58 W, 27, 120 MHz, 3996 MHz, 0 %, 0 %
2026/03/24 02:37:09.775, 0, 915.99 W, 44, 2032 MHz, 3996 MHz, 100 %, 71 %
2026/03/24 02:37:09.775, 1, 944.69 W, 49, 2032 MHz, 3996 MHz, 100 %, 70 %
2026/03/24 02:37:09.775, 2, 955.69 W, 45, 2032 MHz, 3996 MHz, 100 %, 71 %
2026/03/24 02:37:09.775, 3, 948.67 W, 49, 2032 MHz, 3996 MHz, 100 %, 70 %
2026/03/24 02:37:09.775, 4, 178.87 W, 25, 120 MHz, 3996 MHz, 0 %, 0 %
2026/03/24 02:37:09.775, 5, 180.58 W, 27, 120 MHz, 3996 MHz, 0 %, 0 %
2026/03/24 02:37:09.775, 6, 178.33 W, 26, 120 MHz, 3996 MHz, 0 %, 0 %
2026/03/24 02:37:09.775, 7, 176.58 W, 27, 120 MHz, 3996 MHz, 0 %, 0 %
2026/03/24 02:37:10.776, 0, 917.73 W, 44, 2032 MHz, 3996 MHz, 100 %, 71 %
2026/03/24 02:37:10.776, 1, 944.58 W, 49, 2032 MHz, 3996 MHz, 100 %, 70 %
2026/03/24 02:37:10.776, 2, 954.12 W, 45, 2032 MHz, 3996 MHz, 100 %, 71 %
2026/03/24 02:37:10.776, 3, 947.81 W, 50, 2032 MHz, 3996 MHz, 100 %, 70 %
2026/03/24 02:37:10.776, 4, 178.93 W, 25, 120 MHz, 3996 MHz, 0 %, 0 %
2026/03/24 02:37:10.776, 5, 180.58 W, 27, 120 MHz, 3996 MHz, 0 %, 0 %
2026/03/24 02:37:10.776, 6, 178.18 W, 26, 120 MHz, 3996 MHz, 0 %, 0 %
2026/03/24 02:37:10.776, 7, 176.58 W, 27, 120 MHz, 3996 MHz, 0 %, 0 %
2026/03/24 02:37:11.776, 0, 915.58 W, 44, 2032 MHz, 3996 MHz, 100 %, 71 %
2026/03/24 02:37:11.776, 1, 945.32 W, 49, 2032 MHz, 3996 MHz, 100 %, 70 %
2026/03/24 02:37:11.776, 2, 954.07 W, 46, 2032 MHz, 3996 MHz, 100 %, 70 %
2026/03/24 02:37:11.776, 3, 951.68 W, 50, 2032 MHz, 3996 MHz, 100 %, 70 %
2026/03/24 02:37:11.776, 4, 178.94 W, 25, 120 MHz, 3996 MHz, 0 %, 0 %
2026/03/24 02:37:11.776, 5, 180.58 W, 27, 120 MHz, 3996 MHz, 0 %, 0 %
2026/03/24 02:37:11.776, 6, 178.30 W, 26, 120 MHz, 3996 MHz, 0 %, 0 %
2026/03/24 02:37:11.776, 7, 176.58 W, 27, 120 MHz, 3996 MHz, 0 %, 0 %
2026/03/24 02:37:12.776, 0, 917.49 W, 45, 2032 MHz, 3996 MHz, 100 %, 71 %
2026/03/24 02:37:12.776, 1, 945.65 W, 49, 2032 MHz, 3996 MHz, 100 %, 70 %
2026/03/24 02:37:12.776, 2, 955.15 W, 46, 2032 MHz, 3996 MHz, 100 %, 70 %
2026/03/24 02:37:12.776, 3, 950.51 W, 50, 2032 MHz, 3996 MHz, 100 %, 71 %
2026/03/24 02:37:12.776, 4, 179.08 W, 25, 120 MHz, 3996 MHz, 0 %, 0 %
2026/03/24 02:37:12.776, 5, 180.58 W, 27, 120 MHz, 3996 MHz, 0 %, 0 %
2026/03/24 02:37:12.776, 6, 178.37 W, 26, 120 MHz, 3996 MHz, 0 %, 0 %
2026/03/24 02:37:12.776, 7, 176.58 W, 27, 120 MHz, 3996 MHz, 0 %, 0 %
2026/03/24 02:37:13.776, 0, 918.23 W, 45, 2032 MHz, 3996 MHz, 100 %, 71 %
2026/03/24 02:37:13.776, 1, 947.31 W, 49, 2032 MHz, 3996 MHz, 100 %, 70 %
2026/03/24 02:37:13.776, 2, 955.84 W, 46, 2032 MHz, 3996 MHz, 100 %, 71 %
2026/03/24 02:37:13.776, 3, 951.08 W, 50, 2032 MHz, 3996 MHz, 100 %, 71 %
2026/03/24 02:37:13.776, 4, 179.00 W, 25, 120 MHz, 3996 MHz, 0 %, 0 %
2026/03/24 02:37:13.776, 5, 180.58 W, 27, 120 MHz, 3996 MHz, 0 %, 0 %
2026/03/24 02:37:13.776, 6, 178.29 W, 26, 120 MHz, 3996 MHz, 0 %, 0 %
2026/03/24 02:37:13.776, 7, 176.58 W, 27, 120 MHz, 3996 MHz, 0 %, 0 %
2026/03/24 02:37:14.776, 0, 918.45 W, 45, 2032 MHz, 3996 MHz, 100 %, 71 %
2026/03/24 02:37:14.776, 1, 945.58 W, 49, 2032 MHz, 3996 MHz, 100 %, 71 %
2026/03/24 02:37:14.776, 2, 957.81 W, 46, 2032 MHz, 3996 MHz, 100 %, 70 %
2026/03/24 02:37:14.776, 3, 949.99 W, 50, 2032 MHz, 3996 MHz, 100 %, 71 %
2026/03/24 02:37:14.776, 4, 178.99 W, 25, 120 MHz, 3996 MHz, 0 %, 0 %
2026/03/24 02:37:14.776, 5, 180.58 W, 27, 120 MHz, 3996 MHz, 0 %, 0 %
2026/03/24 02:37:14.776, 6, 178.22 W, 26, 120 MHz, 3996 MHz, 0 %, 0 %
2026/03/24 02:37:14.776, 7, 176.58 W, 27, 120 MHz, 3996 MHz, 0 %, 0 %
2026/03/24 02:37:15.776, 0, 857.65 W, 44, 2032 MHz, 3996 MHz, 98 %, 40 %
2026/03/24 02:37:15.776, 1, 892.93 W, 46, 2032 MHz, 3996 MHz, 100 %, 71 %
2026/03/24 02:37:15.776, 2, 893.57 W, 45, 2032 MHz, 3996 MHz, 100 %, 35 %
2026/03/24 02:37:15.776, 3, 895.71 W, 47, 2032 MHz, 3996 MHz, 100 %, 70 %
2026/03/24 02:37:15.776, 4, 178.91 W, 25, 120 MHz, 3996 MHz, 0 %, 0 %
2026/03/24 02:37:15.776, 5, 180.58 W, 27, 120 MHz, 3996 MHz, 0 %, 0 %
2026/03/24 02:37:15.776, 6, 178.33 W, 26, 120 MHz, 3996 MHz, 0 %, 0 %
2026/03/24 02:37:15.776, 7, 176.58 W, 27, 120 MHz, 3996 MHz, 0 %, 0 %
2026/03/24 02:37:16.776, 0, 863.96 W, 45, 2032 MHz, 3996 MHz, 100 %, 70 %
2026/03/24 02:37:16.776, 1, 887.12 W, 49, 2032 MHz, 3996 MHz, 100 %, 70 %
2026/03/24 02:37:16.776, 2, 898.64 W, 46, 2032 MHz, 3996 MHz, 100 %, 70 %
2026/03/24 02:37:16.776, 3, 877.42 W, 50, 2032 MHz, 3996 MHz, 100 %, 71 %
2026/03/24 02:37:16.776, 4, 178.97 W, 25, 120 MHz, 3996 MHz, 0 %, 0 %
2026/03/24 02:37:16.776, 5, 180.58 W, 27, 120 MHz, 3996 MHz, 0 %, 0 %
2026/03/24 02:37:16.776, 6, 178.21 W, 26, 120 MHz, 3996 MHz, 0 %, 0 %
2026/03/24 02:37:16.777, 7, 176.58 W, 27, 120 MHz, 3996 MHz, 0 %, 0 %
2026/03/24 02:37:17.777, 0, 881.68 W, 44, 2032 MHz, 3996 MHz, 100 %, 70 %
2026/03/24 02:37:17.777, 1, 930.02 W, 48, 2032 MHz, 3996 MHz, 100 %, 71 %
2026/03/24 02:37:17.777, 2, 922.28 W, 44, 2032 MHz, 3996 MHz, 95 %, 36 %
2026/03/24 02:37:17.777, 3, 942.84 W, 50, 2032 MHz, 3996 MHz, 100 %, 70 %
2026/03/24 02:37:17.777, 4, 178.95 W, 25, 120 MHz, 3996 MHz, 0 %, 0 %
2026/03/24 02:37:17.777, 5, 180.58 W, 27, 120 MHz, 3996 MHz, 0 %, 0 %
2026/03/24 02:37:17.777, 6, 178.45 W, 26, 120 MHz, 3996 MHz, 0 %, 0 %
2026/03/24 02:37:17.777, 7, 176.59 W, 27, 120 MHz, 3996 MHz, 0 %, 0 %
2026/03/24 02:37:18.777, 0, 915.73 W, 45, 2032 MHz, 3996 MHz, 100 %, 71 %
2026/03/24 02:37:18.777, 1, 916.59 W, 50, 2032 MHz, 3996 MHz, 100 %, 71 %
2026/03/24 02:37:18.777, 2, 939.32 W, 46, 2032 MHz, 3996 MHz, 100 %, 70 %
2026/03/24 02:37:18.777, 3, 916.37 W, 50, 2032 MHz, 3996 MHz, 100 %, 71 %
2026/03/24 02:37:18.777, 4, 179.12 W, 25, 120 MHz, 3996 MHz, 0 %, 0 %
2026/03/24 02:37:18.777, 5, 180.58 W, 27, 120 MHz, 3996 MHz, 0 %, 0 %
2026/03/24 02:37:18.777, 6, 178.41 W, 26, 120 MHz, 3996 MHz, 0 %, 0 %
2026/03/24 02:37:18.777, 7, 176.59 W, 27, 120 MHz, 3996 MHz, 0 %, 0 %
2026/03/24 02:37:19.777, 0, 852.91 W, 44, 2032 MHz, 3996 MHz, 99 %, 58 %
2026/03/24 02:37:19.777, 1, 890.20 W, 49, 2032 MHz, 3996 MHz, 100 %, 25 %
2026/03/24 02:37:19.777, 2, 895.89 W, 45, 2032 MHz, 3996 MHz, 100 %, 71 %
2026/03/24 02:37:19.777, 3, 894.25 W, 50, 2032 MHz, 3996 MHz, 43 %, 24 %
2026/03/24 02:37:19.777, 4, 179.16 W, 25, 120 MHz, 3996 MHz, 0 %, 0 %
2026/03/24 02:37:19.777, 5, 180.58 W, 27, 120 MHz, 3996 MHz, 0 %, 0 %
2026/03/24 02:37:19.777, 6, 178.37 W, 26, 120 MHz, 3996 MHz, 0 %, 0 %
2026/03/24 02:37:19.777, 7, 176.58 W, 27, 120 MHz, 3996 MHz, 0 %, 0 %
2026/03/24 02:37:20.777, 0, 703.65 W, 42, 2032 MHz, 3996 MHz, 97 %, 23 %
2026/03/24 02:37:20.777, 1, 722.21 W, 46, 2032 MHz, 3996 MHz, 100 %, 24 %
2026/03/24 02:37:20.777, 2, 722.44 W, 43, 2032 MHz, 3996 MHz, 100 %, 35 %
2026/03/24 02:37:20.777, 3, 734.75 W, 46, 2032 MHz, 3996 MHz, 48 %, 24 %
2026/03/24 02:37:20.777, 4, 179.21 W, 25, 120 MHz, 3996 MHz, 0 %, 0 %
2026/03/24 02:37:20.777, 5, 180.58 W, 27, 120 MHz, 3996 MHz, 0 %, 0 %
2026/03/24 02:37:20.777, 6, 178.15 W, 26, 120 MHz, 3996 MHz, 0 %, 0 %
2026/03/24 02:37:20.777, 7, 176.59 W, 27, 120 MHz, 3996 MHz, 0 %, 0 %
2026/03/24 02:37:21.777, 0, 766.46 W, 42, 2032 MHz, 3996 MHz, 100 %, 71 %
2026/03/24 02:37:21.777, 1, 796.02 W, 47, 2032 MHz, 3996 MHz, 100 %, 46 %
2026/03/24 02:37:21.777, 2, 791.14 W, 43, 2032 MHz, 3996 MHz, 100 %, 24 %
2026/03/24 02:37:21.777, 3, 805.25 W, 48, 2032 MHz, 3996 MHz, 71 %, 43 %
2026/03/24 02:37:21.777, 4, 179.07 W, 25, 120 MHz, 3996 MHz, 0 %, 0 %
2026/03/24 02:37:21.777, 5, 180.58 W, 27, 120 MHz, 3996 MHz, 0 %, 0 %
2026/03/24 02:37:21.777, 6, 178.34 W, 26, 120 MHz, 3996 MHz, 0 %, 0 %
2026/03/24 02:37:21.777, 7, 176.59 W, 27, 120 MHz, 3996 MHz, 0 %, 0 %
2026/03/24 02:37:22.777, 0, 823.39 W, 44, 2032 MHz, 3996 MHz, 98 %, 50 %
2026/03/24 02:37:22.777, 1, 817.90 W, 48, 2032 MHz, 3996 MHz, 100 %, 25 %
2026/03/24 02:37:22.777, 2, 851.82 W, 45, 2032 MHz, 3996 MHz, 100 %, 70 %
2026/03/24 02:37:22.777, 3, 807.39 W, 49, 2032 MHz, 3996 MHz, 50 %, 24 %
2026/03/24 02:37:22.777, 4, 179.18 W, 25, 120 MHz, 3996 MHz, 0 %, 0 %
2026/03/24 02:37:22.777, 5, 180.58 W, 27, 120 MHz, 3996 MHz, 0 %, 0 %
2026/03/24 02:37:22.777, 6, 178.25 W, 26, 120 MHz, 3996 MHz, 0 %, 0 %
2026/03/24 02:37:22.777, 7, 176.59 W, 27, 120 MHz, 3996 MHz, 0 %, 0 %
2026/03/24 02:37:23.777, 0, 695.70 W, 41, 2032 MHz, 3996 MHz, 99 %, 41 %
2026/03/24 02:37:23.777, 1, 745.98 W, 46, 2032 MHz, 3996 MHz, 99 %, 24 %
2026/03/24 02:37:23.777, 2, 727.67 W, 42, 2032 MHz, 3996 MHz, 100 %, 22 %
2026/03/24 02:37:23.777, 3, 758.13 W, 47, 2032 MHz, 3996 MHz, 47 %, 24 %
2026/03/24 02:37:23.777, 4, 179.08 W, 25, 120 MHz, 3996 MHz, 0 %, 0 %
2026/03/24 02:37:23.778, 5, 180.58 W, 27, 120 MHz, 3996 MHz, 0 %, 0 %
2026/03/24 02:37:23.778, 6, 178.18 W, 26, 120 MHz, 3996 MHz, 0 %, 0 %
2026/03/24 02:37:23.778, 7, 176.59 W, 27, 120 MHz, 3996 MHz, 0 %, 0 %
2026/03/24 02:37:24.778, 0, 668.03 W, 42, 2032 MHz, 3996 MHz, 86 %, 43 %
2026/03/24 02:37:24.778, 1, 682.46 W, 47, 2032 MHz, 3996 MHz, 96 %, 50 %
2026/03/24 02:37:24.778, 2, 682.48 W, 43, 2032 MHz, 3996 MHz, 94 %, 44 %
2026/03/24 02:37:24.778, 3, 677.58 W, 47, 2032 MHz, 3996 MHz, 89 %, 53 %
2026/03/24 02:37:24.778, 4, 178.92 W, 25, 120 MHz, 3996 MHz, 0 %, 0 %
2026/03/24 02:37:24.778, 5, 180.58 W, 27, 120 MHz, 3996 MHz, 0 %, 0 %
2026/03/24 02:37:24.778, 6, 178.29 W, 26, 120 MHz, 3996 MHz, 0 %, 0 %
2026/03/24 02:37:24.778, 7, 176.59 W, 27, 120 MHz, 3996 MHz, 0 %, 0 %
2026/03/24 02:37:25.778, 0, 648.23 W, 41, 2032 MHz, 3996 MHz, 99 %, 23 %
2026/03/24 02:37:25.778, 1, 659.84 W, 45, 2032 MHz, 3996 MHz, 99 %, 24 %
2026/03/24 02:37:25.778, 2, 658.18 W, 41, 2032 MHz, 3996 MHz, 100 %, 24 %
2026/03/24 02:37:25.778, 3, 662.06 W, 45, 2032 MHz, 3996 MHz, 45 %, 24 %
2026/03/24 02:37:25.778, 4, 178.79 W, 25, 120 MHz, 3996 MHz, 0 %, 0 %
2026/03/24 02:37:25.778, 5, 180.58 W, 27, 120 MHz, 3996 MHz, 0 %, 0 %
2026/03/24 02:37:25.778, 6, 178.29 W, 26, 120 MHz, 3996 MHz, 0 %, 0 %
2026/03/24 02:37:25.778, 7, 176.58 W, 27, 120 MHz, 3996 MHz, 0 %, 0 %
2026/03/24 02:37:26.778, 0, 606.73 W, 42, 2032 MHz, 3996 MHz, 100 %, 46 %
2026/03/24 02:37:26.778, 1, 587.71 W, 46, 2032 MHz, 3996 MHz, 99 %, 24 %
2026/03/24 02:37:26.778, 2, 615.15 W, 43, 2032 MHz, 3996 MHz, 100 %, 54 %
2026/03/24 02:37:26.778, 3, 579.08 W, 46, 2032 MHz, 3996 MHz, 43 %, 23 %
2026/03/24 02:37:26.778, 4, 179.06 W, 25, 120 MHz, 3996 MHz, 0 %, 0 %
2026/03/24 02:37:26.778, 5, 180.58 W, 27, 120 MHz, 3996 MHz, 0 %, 0 %
2026/03/24 02:37:26.778, 6, 178.10 W, 26, 120 MHz, 3996 MHz, 0 %, 0 %
2026/03/24 02:37:26.778, 7, 176.58 W, 27, 120 MHz, 3996 MHz, 0 %, 0 %
2026/03/24 02:37:27.778, 0, 757.81 W, 43, 2032 MHz, 3996 MHz, 96 %, 35 %
2026/03/24 02:37:27.778, 1, 781.34 W, 46, 2032 MHz, 3996 MHz, 100 %, 71 %
2026/03/24 02:37:27.778, 2, 783.76 W, 44, 2032 MHz, 3996 MHz, 100 %, 44 %
2026/03/24 02:37:27.778, 3, 779.83 W, 46, 2032 MHz, 3996 MHz, 100 %, 71 %
2026/03/24 02:37:27.778, 4, 178.99 W, 25, 120 MHz, 3996 MHz, 0 %, 0 %
2026/03/24 02:37:27.778, 5, 180.58 W, 27, 120 MHz, 3996 MHz, 0 %, 0 %
2026/03/24 02:37:27.778, 6, 178.18 W, 26, 120 MHz, 3996 MHz, 0 %, 0 %
2026/03/24 02:37:27.778, 7, 176.58 W, 27, 120 MHz, 3996 MHz, 0 %, 0 %
2026/03/24 02:37:28.778, 0, 665.41 W, 41, 2032 MHz, 3996 MHz, 76 %, 24 %
2026/03/24 02:37:28.778, 1, 698.64 W, 45, 2032 MHz, 3996 MHz, 100 %, 24 %
2026/03/24 02:37:28.778, 2, 690.60 W, 42, 2032 MHz, 3996 MHz, 100 %, 24 %
2026/03/24 02:37:28.778, 3, 697.87 W, 46, 2032 MHz, 3996 MHz, 42 %, 24 %
2026/03/24 02:37:28.778, 4, 179.00 W, 25, 120 MHz, 3996 MHz, 0 %, 0 %
2026/03/24 02:37:28.778, 5, 180.58 W, 27, 120 MHz, 3996 MHz, 0 %, 0 %
2026/03/24 02:37:28.778, 6, 178.34 W, 26, 120 MHz, 3996 MHz, 0 %, 0 %
2026/03/24 02:37:28.778, 7, 176.58 W, 27, 120 MHz, 3996 MHz, 0 %, 0 %
2026/03/24 02:37:29.778, 0, 714.30 W, 41, 2032 MHz, 3996 MHz, 87 %, 27 %
2026/03/24 02:37:29.778, 1, 734.99 W, 46, 2032 MHz, 3996 MHz, 100 %, 41 %
2026/03/24 02:37:29.778, 2, 735.69 W, 42, 2032 MHz, 3996 MHz, 100 %, 27 %
2026/03/24 02:37:29.778, 3, 736.73 W, 47, 2032 MHz, 3996 MHz, 64 %, 38 %
2026/03/24 02:37:29.778, 4, 178.68 W, 25, 120 MHz, 3996 MHz, 0 %, 0 %
2026/03/24 02:37:29.778, 5, 180.58 W, 27, 120 MHz, 3996 MHz, 0 %, 0 %
2026/03/24 02:37:29.778, 6, 178.45 W, 26, 120 MHz, 3996 MHz, 0 %, 0 %
2026/03/24 02:37:29.778, 7, 176.58 W, 27, 120 MHz, 3996 MHz, 0 %, 0 %
2026/03/24 02:37:30.778, 0, 605.25 W, 41, 2032 MHz, 3996 MHz, 100 %, 38 %
2026/03/24 02:37:30.778, 1, 608.30 W, 45, 2032 MHz, 3996 MHz, 99 %, 23 %
2026/03/24 02:37:30.778, 2, 618.02 W, 42, 2032 MHz, 3996 MHz, 99 %, 45 %
2026/03/24 02:37:30.778, 3, 606.24 W, 46, 2032 MHz, 3996 MHz, 43 %, 24 %
2026/03/24 02:37:30.779, 4, 178.91 W, 25, 120 MHz, 3996 MHz, 0 %, 0 %
2026/03/24 02:37:30.779, 5, 180.58 W, 27, 120 MHz, 3996 MHz, 0 %, 0 %
2026/03/24 02:37:30.779, 6, 178.33 W, 26, 120 MHz, 3996 MHz, 0 %, 0 %
2026/03/24 02:37:30.779, 7, 176.58 W, 27, 120 MHz, 3996 MHz, 0 %, 0 %
2026/03/24 02:37:31.779, 0, 648.27 W, 41, 2032 MHz, 3996 MHz, 72 %, 43 %
2026/03/24 02:37:31.779, 1, 668.84 W, 45, 2032 MHz, 3996 MHz, 99 %, 26 %
2026/03/24 02:37:31.779, 2, 660.30 W, 41, 2032 MHz, 3996 MHz, 96 %, 40 %
2026/03/24 02:37:31.779, 3, 675.93 W, 47, 2032 MHz, 3996 MHz, 53 %, 26 %
2026/03/24 02:37:31.779, 4, 179.17 W, 25, 120 MHz, 3996 MHz, 0 %, 0 %
2026/03/24 02:37:31.779, 5, 180.58 W, 27, 120 MHz, 3996 MHz, 0 %, 0 %
2026/03/24 02:37:31.779, 6, 178.49 W, 26, 120 MHz, 3996 MHz, 0 %, 0 %
2026/03/24 02:37:31.779, 7, 176.58 W, 27, 120 MHz, 3996 MHz, 0 %, 0 %
2026/03/24 02:37:32.779, 0, 621.27 W, 40, 2032 MHz, 3996 MHz, 100 %, 24 %
2026/03/24 02:37:32.779, 1, 633.48 W, 44, 2032 MHz, 3996 MHz, 94 %, 24 %
2026/03/24 02:37:32.779, 2, 634.42 W, 41, 2032 MHz, 3996 MHz, 100 %, 24 %
2026/03/24 02:37:32.779, 3, 632.23 W, 45, 2032 MHz, 3996 MHz, 51 %, 26 %
2026/03/24 02:37:32.779, 4, 178.97 W, 25, 120 MHz, 3996 MHz, 0 %, 0 %
2026/03/24 02:37:32.779, 5, 180.58 W, 27, 120 MHz, 3996 MHz, 0 %, 0 %
2026/03/24 02:37:32.779, 6, 178.18 W, 26, 120 MHz, 3996 MHz, 0 %, 0 %
2026/03/24 02:37:32.779, 7, 176.58 W, 27, 120 MHz, 3996 MHz, 0 %, 0 %
2026/03/24 02:37:33.779, 0, 572.36 W, 40, 2032 MHz, 3996 MHz, 100 %, 25 %
2026/03/24 02:37:33.779, 1, 571.53 W, 43, 2032 MHz, 3996 MHz, 99 %, 23 %
2026/03/24 02:37:33.779, 2, 584.44 W, 41, 2032 MHz, 3996 MHz, 100 %, 34 %
2026/03/24 02:37:33.779, 3, 564.87 W, 44, 2032 MHz, 3996 MHz, 44 %, 24 %
2026/03/24 02:37:33.779, 4, 178.99 W, 25, 120 MHz, 3996 MHz, 0 %, 0 %
2026/03/24 02:37:33.779, 5, 180.58 W, 27, 120 MHz, 3996 MHz, 0 %, 0 %
2026/03/24 02:37:33.779, 6, 178.38 W, 26, 120 MHz, 3996 MHz, 0 %, 0 %
2026/03/24 02:37:33.779, 7, 176.58 W, 27, 120 MHz, 3996 MHz, 0 %, 0 %
2026/03/24 02:37:34.779, 0, 660.64 W, 42, 2032 MHz, 3996 MHz, 100 %, 37 %
2026/03/24 02:37:34.779, 1, 657.83 W, 45, 2032 MHz, 3996 MHz, 100 %, 24 %
2026/03/24 02:37:34.779, 2, 667.57 W, 43, 2032 MHz, 3996 MHz, 100 %, 44 %
2026/03/24 02:37:34.779, 3, 658.48 W, 45, 2032 MHz, 3996 MHz, 43 %, 24 %
2026/03/24 02:37:34.779, 4, 179.00 W, 25, 120 MHz, 3996 MHz, 0 %, 0 %
2026/03/24 02:37:34.779, 5, 180.58 W, 27, 120 MHz, 3996 MHz, 0 %, 0 %
2026/03/24 02:37:34.779, 6, 178.37 W, 26, 120 MHz, 3996 MHz, 0 %, 0 %
2026/03/24 02:37:34.779, 7, 176.58 W, 27, 120 MHz, 3996 MHz, 0 %, 0 %
2026/03/24 02:37:35.779, 0, 603.56 W, 40, 2032 MHz, 3996 MHz, 100 %, 24 %
2026/03/24 02:37:35.779, 1, 642.89 W, 44, 2032 MHz, 3996 MHz, 100 %, 27 %
2026/03/24 02:37:35.779, 2, 618.34 W, 40, 2032 MHz, 3996 MHz, 99 %, 23 %
2026/03/24 02:37:35.779, 3, 640.56 W, 45, 2032 MHz, 3996 MHz, 67 %, 27 %
2026/03/24 02:37:35.779, 4, 179.05 W, 25, 120 MHz, 3996 MHz, 0 %, 0 %
2026/03/24 02:37:35.779, 5, 180.58 W, 27, 120 MHz, 3996 MHz, 0 %, 0 %
2026/03/24 02:37:35.779, 6, 178.41 W, 26, 120 MHz, 3996 MHz, 0 %, 0 %
2026/03/24 02:37:35.779, 7, 176.58 W, 27, 120 MHz, 3996 MHz, 0 %, 0 %
2026/03/24 02:37:36.779, 0, 634.34 W, 41, 2032 MHz, 3996 MHz, 100 %, 26 %
2026/03/24 02:37:36.779, 1, 641.79 W, 45, 2032 MHz, 3996 MHz, 96 %, 33 %
2026/03/24 02:37:36.779, 2, 642.25 W, 41, 2032 MHz, 3996 MHz, 100 %, 26 %
2026/03/24 02:37:36.779, 3, 639.59 W, 45, 2032 MHz, 3996 MHz, 76 %, 38 %
2026/03/24 02:37:36.779, 4, 179.04 W, 25, 120 MHz, 3996 MHz, 0 %, 0 %
2026/03/24 02:37:36.779, 5, 180.58 W, 27, 120 MHz, 3996 MHz, 0 %, 0 %
2026/03/24 02:37:36.779, 6, 178.21 W, 26, 120 MHz, 3996 MHz, 0 %, 0 %
2026/03/24 02:37:36.780, 7, 176.58 W, 27, 120 MHz, 3996 MHz, 0 %, 0 %
2026/03/24 02:37:37.780, 0, 664.43 W, 41, 2032 MHz, 3996 MHz, 87 %, 31 %
2026/03/24 02:37:37.780, 1, 671.57 W, 46, 2032 MHz, 3996 MHz, 100 %, 32 %
2026/03/24 02:37:37.780, 2, 675.49 W, 42, 2032 MHz, 3996 MHz, 100 %, 31 %
2026/03/24 02:37:37.780, 3, 673.31 W, 47, 2032 MHz, 3996 MHz, 62 %, 32 %
2026/03/24 02:37:37.780, 4, 178.84 W, 25, 120 MHz, 3996 MHz, 0 %, 0 %
2026/03/24 02:37:37.780, 5, 180.58 W, 27, 120 MHz, 3996 MHz, 0 %, 0 %
2026/03/24 02:37:37.780, 6, 178.14 W, 26, 120 MHz, 3996 MHz, 0 %, 0 %
2026/03/24 02:37:37.780, 7, 176.58 W, 27, 120 MHz, 3996 MHz, 0 %, 0 %
2026/03/24 02:37:38.780, 0, 351.92 W, 35, 2032 MHz, 3996 MHz, 0 %, 0 %
2026/03/24 02:37:38.780, 1, 391.82 W, 40, 2032 MHz, 3996 MHz, 100 %, 0 %
2026/03/24 02:37:38.780, 2, 373.18 W, 36, 2032 MHz, 3996 MHz, 100 %, 0 %
2026/03/24 02:37:38.780, 3, 402.38 W, 40, 2032 MHz, 3996 MHz, 100 %, 0 %
2026/03/24 02:37:38.780, 4, 179.11 W, 25, 120 MHz, 3996 MHz, 0 %, 0 %
2026/03/24 02:37:38.780, 5, 180.58 W, 27, 120 MHz, 3996 MHz, 0 %, 0 %
2026/03/24 02:37:38.780, 6, 178.26 W, 26, 120 MHz, 3996 MHz, 0 %, 0 %
2026/03/24 02:37:38.780, 7, 176.59 W, 27, 120 MHz, 3996 MHz, 0 %, 0 %
2026/03/24 02:37:39.780, 0, 588.34 W, 41, 2032 MHz, 3996 MHz, 100 %, 24 %
2026/03/24 02:37:39.780, 1, 615.63 W, 46, 2032 MHz, 3996 MHz, 100 %, 34 %
2026/03/24 02:37:39.780, 2, 649.77 W, 42, 2032 MHz, 3996 MHz, 96 %, 35 %
2026/03/24 02:37:39.780, 3, 619.19 W, 46, 2032 MHz, 3996 MHz, 52 %, 31 %
2026/03/24 02:37:39.780, 4, 178.95 W, 25, 120 MHz, 3996 MHz, 0 %, 0 %
2026/03/24 02:37:39.780, 5, 180.58 W, 27, 120 MHz, 3996 MHz, 0 %, 0 %
2026/03/24 02:37:39.780, 6, 178.18 W, 26, 120 MHz, 3996 MHz, 0 %, 0 %
2026/03/24 02:37:39.780, 7, 176.59 W, 27, 120 MHz, 3996 MHz, 0 %, 0 %
2026/03/24 02:37:40.780, 0, 642.48 W, 42, 2032 MHz, 3996 MHz, 99 %, 26 %
2026/03/24 02:37:40.780, 1, 651.50 W, 47, 2032 MHz, 3996 MHz, 100 %, 26 %
2026/03/24 02:37:40.780, 2, 656.87 W, 42, 2032 MHz, 3996 MHz, 100 %, 50 %
2026/03/24 02:37:40.780, 3, 653.36 W, 47, 2032 MHz, 3996 MHz, 51 %, 26 %
2026/03/24 02:37:40.780, 4, 179.11 W, 25, 120 MHz, 3996 MHz, 0 %, 0 %
2026/03/24 02:37:40.780, 5, 180.58 W, 27, 120 MHz, 3996 MHz, 0 %, 0 %
2026/03/24 02:37:40.780, 6, 178.18 W, 26, 120 MHz, 3996 MHz, 0 %, 0 %
2026/03/24 02:37:40.780, 7, 176.60 W, 27, 120 MHz, 3996 MHz, 0 %, 0 %
2026/03/24 02:37:41.780, 0, 640.30 W, 40, 2032 MHz, 3996 MHz, 95 %, 24 %
2026/03/24 02:37:41.780, 1, 643.07 W, 44, 2032 MHz, 3996 MHz, 99 %, 23 %
2026/03/24 02:37:41.780, 2, 624.83 W, 40, 2032 MHz, 3996 MHz, 96 %, 26 %
2026/03/24 02:37:41.780, 3, 645.47 W, 45, 2032 MHz, 3996 MHz, 58 %, 24 %
2026/03/24 02:37:41.780, 4, 178.82 W, 25, 120 MHz, 3996 MHz, 0 %, 0 %
2026/03/24 02:37:41.780, 5, 180.58 W, 27, 120 MHz, 3996 MHz, 0 %, 0 %
2026/03/24 02:37:41.780, 6, 178.33 W, 26, 120 MHz, 3996 MHz, 0 %, 0 %
2026/03/24 02:37:41.780, 7, 176.60 W, 27, 120 MHz, 3996 MHz, 0 %, 0 %
2026/03/24 02:37:42.780, 0, 586.30 W, 39, 2032 MHz, 3996 MHz, 100 %, 27 %
2026/03/24 02:37:42.780, 1, 590.31 W, 43, 2032 MHz, 3996 MHz, 100 %, 26 %
2026/03/24 02:37:42.780, 2, 590.58 W, 40, 2032 MHz, 3996 MHz, 99 %, 23 %
2026/03/24 02:37:42.780, 3, 589.67 W, 44, 2032 MHz, 3996 MHz, 52 %, 27 %
2026/03/24 02:37:42.780, 4, 179.03 W, 25, 120 MHz, 3996 MHz, 0 %, 0 %
2026/03/24 02:37:42.780, 5, 180.58 W, 27, 120 MHz, 3996 MHz, 0 %, 0 %
2026/03/24 02:37:42.780, 6, 178.25 W, 26, 120 MHz, 3996 MHz, 0 %, 0 %
2026/03/24 02:37:42.780, 7, 176.58 W, 27, 120 MHz, 3996 MHz, 0 %, 0 %
2026/03/24 02:37:43.781, 0, 594.28 W, 39, 2032 MHz, 3996 MHz, 99 %, 25 %
2026/03/24 02:37:43.781, 1, 601.06 W, 43, 2032 MHz, 3996 MHz, 99 %, 26 %
2026/03/24 02:37:43.781, 2, 617.00 W, 41, 2032 MHz, 3996 MHz, 100 %, 24 %
2026/03/24 02:37:43.781, 3, 598.50 W, 44, 2032 MHz, 3996 MHz, 52 %, 26 %
2026/03/24 02:37:43.781, 4, 178.88 W, 25, 120 MHz, 3996 MHz, 0 %, 0 %
2026/03/24 02:37:43.781, 5, 180.58 W, 27, 120 MHz, 3996 MHz, 0 %, 0 %
2026/03/24 02:37:43.781, 6, 178.45 W, 26, 120 MHz, 3996 MHz, 0 %, 0 %
2026/03/24 02:37:43.781, 7, 176.59 W, 27, 120 MHz, 3996 MHz, 0 %, 0 %
2026/03/24 02:37:44.781, 0, 666.61 W, 40, 2032 MHz, 3996 MHz, 100 %, 42 %
2026/03/24 02:37:44.781, 1, 675.41 W, 44, 2032 MHz, 3996 MHz, 96 %, 43 %
2026/03/24 02:37:44.781, 2, 674.96 W, 41, 2032 MHz, 3996 MHz, 99 %, 25 %
2026/03/24 02:37:44.781, 3, 673.47 W, 45, 2032 MHz, 3996 MHz, 74 %, 44 %
2026/03/24 02:37:44.781, 4, 178.94 W, 25, 120 MHz, 3996 MHz, 0 %, 0 %
2026/03/24 02:37:44.781, 5, 180.58 W, 27, 120 MHz, 3996 MHz, 0 %, 0 %
2026/03/24 02:37:44.781, 6, 178.37 W, 26, 120 MHz, 3996 MHz, 0 %, 0 %
2026/03/24 02:37:44.781, 7, 176.58 W, 27, 120 MHz, 3996 MHz, 0 %, 0 %
2026/03/24 02:37:45.781, 0, 643.00 W, 41, 2032 MHz, 3996 MHz, 99 %, 24 %
2026/03/24 02:37:45.781, 1, 653.88 W, 45, 2032 MHz, 3996 MHz, 99 %, 25 %
2026/03/24 02:37:45.781, 2, 660.51 W, 42, 2032 MHz, 3996 MHz, 64 %, 36 %
2026/03/24 02:37:45.781, 3, 654.39 W, 45, 2032 MHz, 3996 MHz, 49 %, 25 %
2026/03/24 02:37:45.781, 4, 178.94 W, 25, 120 MHz, 3996 MHz, 0 %, 0 %
2026/03/24 02:37:45.781, 5, 180.58 W, 27, 120 MHz, 3996 MHz, 0 %, 0 %
2026/03/24 02:37:45.781, 6, 178.22 W, 26, 120 MHz, 3996 MHz, 0 %, 0 %
2026/03/24 02:37:45.781, 7, 176.58 W, 27, 120 MHz, 3996 MHz, 0 %, 0 %
2026/03/24 02:37:46.781, 0, 681.08 W, 40, 2032 MHz, 3996 MHz, 77 %, 45 %
2026/03/24 02:37:46.781, 1, 693.35 W, 44, 2032 MHz, 3996 MHz, 96 %, 30 %
2026/03/24 02:37:46.781, 2, 680.97 W, 41, 2032 MHz, 3996 MHz, 100 %, 24 %
2026/03/24 02:37:46.781, 3, 690.50 W, 45, 2032 MHz, 3996 MHz, 70 %, 33 %
2026/03/24 02:37:46.781, 4, 179.04 W, 25, 120 MHz, 3996 MHz, 0 %, 0 %
2026/03/24 02:37:46.781, 5, 180.58 W, 27, 120 MHz, 3996 MHz, 0 %, 0 %
2026/03/24 02:37:46.781, 6, 178.41 W, 26, 120 MHz, 3996 MHz, 0 %, 0 %
2026/03/24 02:37:46.781, 7, 176.58 W, 27, 120 MHz, 3996 MHz, 0 %, 0 %
2026/03/24 02:37:47.781, 0, 612.31 W, 40, 2032 MHz, 3996 MHz, 46 %, 23 %
2026/03/24 02:37:47.781, 1, 622.87 W, 44, 2032 MHz, 3996 MHz, 99 %, 23 %
2026/03/24 02:37:47.781, 2, 626.83 W, 40, 2032 MHz, 3996 MHz, 99 %, 25 %
2026/03/24 02:37:47.781, 3, 620.97 W, 44, 2032 MHz, 3996 MHz, 46 %, 23 %
2026/03/24 02:37:47.781, 4, 178.92 W, 25, 120 MHz, 3996 MHz, 0 %, 0 %
2026/03/24 02:37:47.781, 5, 180.58 W, 27, 120 MHz, 3996 MHz, 0 %, 0 %
2026/03/24 02:37:47.781, 6, 178.41 W, 26, 120 MHz, 3996 MHz, 0 %, 0 %
2026/03/24 02:37:47.781, 7, 176.59 W, 27, 120 MHz, 3996 MHz, 0 %, 0 %
2026/03/24 02:37:48.781, 0, 694.83 W, 41, 2032 MHz, 3996 MHz, 99 %, 30 %
2026/03/24 02:37:48.781, 1, 703.28 W, 44, 2032 MHz, 3996 MHz, 100 %, 31 %
2026/03/24 02:37:48.781, 2, 709.81 W, 41, 2032 MHz, 3996 MHz, 100 %, 24 %
2026/03/24 02:37:48.781, 3, 704.11 W, 45, 2032 MHz, 3996 MHz, 61 %, 31 %
2026/03/24 02:37:48.781, 4, 179.08 W, 25, 120 MHz, 3996 MHz, 0 %, 0 %
2026/03/24 02:37:48.781, 5, 180.58 W, 27, 120 MHz, 3996 MHz, 0 %, 0 %
2026/03/24 02:37:48.781, 6, 178.40 W, 26, 120 MHz, 3996 MHz, 0 %, 0 %
2026/03/24 02:37:48.781, 7, 176.58 W, 27, 120 MHz, 3996 MHz, 0 %, 0 %
2026/03/24 02:37:49.781, 0, 636.79 W, 42, 2032 MHz, 3996 MHz, 100 %, 23 %
2026/03/24 02:37:49.781, 1, 643.23 W, 45, 2032 MHz, 3996 MHz, 99 %, 24 %
2026/03/24 02:37:49.781, 2, 648.04 W, 41, 2032 MHz, 3996 MHz, 97 %, 47 %
2026/03/24 02:37:49.781, 3, 648.99 W, 46, 2032 MHz, 3996 MHz, 43 %, 23 %
2026/03/24 02:37:49.781, 4, 179.15 W, 25, 120 MHz, 3996 MHz, 0 %, 0 %
2026/03/24 02:37:49.781, 5, 180.58 W, 27, 120 MHz, 3996 MHz, 0 %, 0 %
2026/03/24 02:37:49.781, 6, 178.11 W, 26, 120 MHz, 3996 MHz, 0 %, 0 %
2026/03/24 02:37:49.782, 7, 176.58 W, 27, 120 MHz, 3996 MHz, 0 %, 0 %
2026/03/24 02:37:50.782, 0, 676.73 W, 39, 2032 MHz, 3996 MHz, 93 %, 26 %
2026/03/24 02:37:50.782, 1, 689.24 W, 43, 2032 MHz, 3996 MHz, 99 %, 25 %
2026/03/24 02:37:50.782, 2, 679.01 W, 40, 2032 MHz, 3996 MHz, 99 %, 23 %
2026/03/24 02:37:50.782, 3, 690.99 W, 44, 2032 MHz, 3996 MHz, 48 %, 25 %
2026/03/24 02:37:50.782, 4, 178.96 W, 25, 120 MHz, 3996 MHz, 0 %, 0 %
2026/03/24 02:37:50.782, 5, 180.58 W, 27, 120 MHz, 3996 MHz, 0 %, 0 %
2026/03/24 02:37:50.782, 6, 178.38 W, 26, 120 MHz, 3996 MHz, 0 %, 0 %
2026/03/24 02:37:50.782, 7, 176.59 W, 27, 120 MHz, 3996 MHz, 0 %, 0 %
2026/03/24 02:37:51.782, 0, 607.94 W, 39, 2032 MHz, 3996 MHz, 100 %, 34 %
2026/03/24 02:37:51.782, 1, 615.07 W, 43, 2032 MHz, 3996 MHz, 97 %, 43 %
2026/03/24 02:37:51.782, 2, 613.24 W, 39, 2032 MHz, 3996 MHz, 99 %, 22 %
2026/03/24 02:37:51.782, 3, 611.21 W, 44, 2032 MHz, 3996 MHz, 71 %, 44 %
2026/03/24 02:37:51.782, 4, 178.79 W, 25, 120 MHz, 3996 MHz, 0 %, 0 %
2026/03/24 02:37:51.782, 5, 180.58 W, 27, 120 MHz, 3996 MHz, 0 %, 0 %
2026/03/24 02:37:51.782, 6, 178.29 W, 26, 120 MHz, 3996 MHz, 0 %, 0 %
2026/03/24 02:37:51.782, 7, 176.59 W, 27, 120 MHz, 3996 MHz, 0 %, 0 %
2026/03/24 02:37:52.782, 0, 618.41 W, 42, 2032 MHz, 3996 MHz, 98 %, 23 %
2026/03/24 02:37:52.782, 1, 628.33 W, 46, 2032 MHz, 3996 MHz, 99 %, 24 %
2026/03/24 02:37:52.782, 2, 652.80 W, 42, 2032 MHz, 3996 MHz, 99 %, 38 %
2026/03/24 02:37:52.782, 3, 626.37 W, 47, 2032 MHz, 3996 MHz, 42 %, 23 %
2026/03/24 02:37:52.782, 4, 179.03 W, 25, 120 MHz, 3996 MHz, 0 %, 0 %
2026/03/24 02:37:52.782, 5, 180.58 W, 27, 120 MHz, 3996 MHz, 0 %, 0 %
2026/03/24 02:37:52.782, 6, 178.22 W, 26, 120 MHz, 3996 MHz, 0 %, 0 %
2026/03/24 02:37:52.782, 7, 176.58 W, 27, 120 MHz, 3996 MHz, 0 %, 0 %
2026/03/24 02:37:53.782, 0, 624.83 W, 40, 2032 MHz, 3996 MHz, 100 %, 41 %
2026/03/24 02:37:53.782, 1, 629.60 W, 43, 2032 MHz, 3996 MHz, 95 %, 45 %
2026/03/24 02:37:53.782, 2, 607.35 W, 40, 2032 MHz, 3996 MHz, 99 %, 23 %
2026/03/24 02:37:53.782, 3, 627.79 W, 44, 2032 MHz, 3996 MHz, 76 %, 46 %
2026/03/24 02:37:53.782, 4, 178.91 W, 25, 120 MHz, 3996 MHz, 0 %, 0 %
2026/03/24 02:37:53.782, 5, 180.58 W, 27, 120 MHz, 3996 MHz, 0 %, 0 %
2026/03/24 02:37:53.782, 6, 178.21 W, 26, 120 MHz, 3996 MHz, 0 %, 0 %
2026/03/24 02:37:53.782, 7, 176.59 W, 27, 120 MHz, 3996 MHz, 0 %, 0 %
2026/03/24 02:37:54.782, 0, 597.82 W, 40, 2032 MHz, 3996 MHz, 95 %, 23 %
2026/03/24 02:37:54.782, 1, 603.80 W, 43, 2032 MHz, 3996 MHz, 100 %, 23 %
2026/03/24 02:37:54.782, 2, 607.09 W, 40, 2032 MHz, 3996 MHz, 100 %, 23 %
2026/03/24 02:37:54.782, 3, 603.09 W, 44, 2032 MHz, 3996 MHz, 44 %, 23 %
2026/03/24 02:37:54.782, 4, 179.06 W, 25, 120 MHz, 3996 MHz, 0 %, 0 %
2026/03/24 02:37:54.782, 5, 180.58 W, 27, 120 MHz, 3996 MHz, 0 %, 0 %
2026/03/24 02:37:54.782, 6, 178.26 W, 26, 120 MHz, 3996 MHz, 0 %, 0 %
2026/03/24 02:37:54.782, 7, 176.58 W, 27, 120 MHz, 3996 MHz, 0 %, 0 %
2026/03/24 02:37:55.782, 0, 607.23 W, 41, 2032 MHz, 3996 MHz, 94 %, 24 %
2026/03/24 02:37:55.782, 1, 611.93 W, 45, 2032 MHz, 3996 MHz, 100 %, 35 %
2026/03/24 02:37:55.782, 2, 618.69 W, 40, 2032 MHz, 3996 MHz, 99 %, 31 %
2026/03/24 02:37:55.782, 3, 611.32 W, 46, 2032 MHz, 3996 MHz, 54 %, 33 %
2026/03/24 02:37:55.782, 4, 178.87 W, 25, 120 MHz, 3996 MHz, 0 %, 0 %
2026/03/24 02:37:55.782, 5, 180.59 W, 27, 120 MHz, 3996 MHz, 0 %, 0 %
2026/03/24 02:37:55.782, 6, 178.38 W, 26, 120 MHz, 3996 MHz, 0 %, 0 %
2026/03/24 02:37:55.782, 7, 176.59 W, 27, 120 MHz, 3996 MHz, 0 %, 0 %
2026/03/24 02:37:56.782, 0, 669.62 W, 41, 2032 MHz, 3996 MHz, 97 %, 24 %
2026/03/24 02:37:56.782, 1, 674.97 W, 45, 2032 MHz, 3996 MHz, 99 %, 23 %
2026/03/24 02:37:56.782, 2, 681.61 W, 41, 2032 MHz, 3996 MHz, 99 %, 28 %
2026/03/24 02:37:56.782, 3, 676.55 W, 46, 2032 MHz, 3996 MHz, 43 %, 23 %
2026/03/24 02:37:56.782, 4, 179.05 W, 25, 120 MHz, 3996 MHz, 0 %, 0 %
2026/03/24 02:37:56.783, 5, 180.58 W, 27, 120 MHz, 3996 MHz, 0 %, 0 %
2026/03/24 02:37:56.783, 6, 178.29 W, 26, 120 MHz, 3996 MHz, 0 %, 0 %
2026/03/24 02:37:56.783, 7, 176.59 W, 27, 120 MHz, 3996 MHz, 0 %, 0 %
2026/03/24 02:37:57.783, 0, 586.57 W, 39, 2032 MHz, 3996 MHz, 61 %, 38 %
2026/03/24 02:37:57.783, 1, 592.45 W, 43, 2032 MHz, 3996 MHz, 98 %, 24 %
2026/03/24 02:37:57.783, 2, 610.57 W, 41, 2032 MHz, 3996 MHz, 100 %, 24 %
2026/03/24 02:37:57.783, 3, 592.41 W, 44, 2032 MHz, 3996 MHz, 78 %, 25 %
2026/03/24 02:37:57.783, 4, 178.81 W, 25, 120 MHz, 3996 MHz, 0 %, 0 %
2026/03/24 02:37:57.783, 5, 180.58 W, 27, 120 MHz, 3996 MHz, 0 %, 0 %
2026/03/24 02:37:57.783, 6, 178.33 W, 26, 120 MHz, 3996 MHz, 0 %, 0 %
2026/03/24 02:37:57.783, 7, 176.59 W, 27, 120 MHz, 3996 MHz, 0 %, 0 %
2026/03/24 02:37:58.783, 0, 662.33 W, 41, 2032 MHz, 3996 MHz, 79 %, 38 %
2026/03/24 02:37:58.783, 1, 673.37 W, 45, 2032 MHz, 3996 MHz, 100 %, 34 %
2026/03/24 02:37:58.783, 2, 664.68 W, 41, 2032 MHz, 3996 MHz, 99 %, 28 %
2026/03/24 02:37:58.783, 3, 675.28 W, 46, 2032 MHz, 3996 MHz, 78 %, 35 %
2026/03/24 02:37:58.783, 4, 179.08 W, 25, 120 MHz, 3996 MHz, 0 %, 0 %
2026/03/24 02:37:58.783, 5, 180.58 W, 27, 120 MHz, 3996 MHz, 0 %, 0 %
2026/03/24 02:37:58.783, 6, 178.29 W, 26, 120 MHz, 3996 MHz, 0 %, 0 %
2026/03/24 02:37:58.783, 7, 176.58 W, 27, 120 MHz, 3996 MHz, 0 %, 0 %
2026/03/24 02:37:59.783, 0, 598.03 W, 40, 2032 MHz, 3996 MHz, 99 %, 23 %
2026/03/24 02:37:59.783, 1, 608.24 W, 43, 2032 MHz, 3996 MHz, 99 %, 22 %
2026/03/24 02:37:59.783, 2, 602.17 W, 39, 2032 MHz, 3996 MHz, 99 %, 23 %
2026/03/24 02:37:59.783, 3, 602.47 W, 44, 2032 MHz, 3996 MHz, 42 %, 23 %
2026/03/24 02:37:59.783, 4, 179.00 W, 25, 120 MHz, 3996 MHz, 0 %, 0 %
2026/03/24 02:37:59.783, 5, 180.58 W, 27, 120 MHz, 3996 MHz, 0 %, 0 %
2026/03/24 02:37:59.783, 6, 178.41 W, 26, 120 MHz, 3996 MHz, 0 %, 0 %
2026/03/24 02:37:59.783, 7, 176.59 W, 27, 120 MHz, 3996 MHz, 0 %, 0 %
2026/03/24 02:38:00.783, 0, 591.59 W, 41, 2032 MHz, 3996 MHz, 100 %, 23 %
2026/03/24 02:38:00.783, 1, 597.00 W, 45, 2032 MHz, 3996 MHz, 100 %, 35 %
2026/03/24 02:38:00.783, 2, 602.83 W, 40, 2032 MHz, 3996 MHz, 99 %, 27 %
2026/03/24 02:38:00.783, 3, 596.25 W, 45, 2032 MHz, 3996 MHz, 53 %, 32 %
2026/03/24 02:38:00.783, 4, 179.07 W, 25, 120 MHz, 3996 MHz, 0 %, 0 %
2026/03/24 02:38:00.783, 5, 180.58 W, 27, 120 MHz, 3996 MHz, 0 %, 0 %
2026/03/24 02:38:00.783, 6, 178.41 W, 26, 120 MHz, 3996 MHz, 0 %, 0 %
2026/03/24 02:38:00.783, 7, 176.58 W, 27, 120 MHz, 3996 MHz, 0 %, 0 %
2026/03/24 02:38:01.783, 0, 646.84 W, 40, 2032 MHz, 3996 MHz, 74 %, 26 %
2026/03/24 02:38:01.783, 1, 659.63 W, 44, 2032 MHz, 3996 MHz, 100 %, 25 %
2026/03/24 02:38:01.783, 2, 661.36 W, 40, 2032 MHz, 3996 MHz, 100 %, 24 %
2026/03/24 02:38:01.783, 3, 661.17 W, 45, 2032 MHz, 3996 MHz, 50 %, 26 %
2026/03/24 02:38:01.783, 4, 178.92 W, 25, 120 MHz, 3996 MHz, 0 %, 0 %
2026/03/24 02:38:01.783, 5, 180.58 W, 27, 120 MHz, 3996 MHz, 0 %, 0 %
2026/03/24 02:38:01.783, 6, 178.22 W, 26, 120 MHz, 3996 MHz, 0 %, 0 %
2026/03/24 02:38:01.783, 7, 176.58 W, 27, 120 MHz, 3996 MHz, 0 %, 0 %
2026/03/24 02:38:02.783, 0, 625.82 W, 40, 2032 MHz, 3996 MHz, 95 %, 65 %
2026/03/24 02:38:02.783, 1, 642.34 W, 45, 2032 MHz, 3996 MHz, 97 %, 53 %
2026/03/24 02:38:02.783, 2, 652.68 W, 41, 2032 MHz, 3996 MHz, 100 %, 61 %
2026/03/24 02:38:02.783, 3, 643.46 W, 45, 2032 MHz, 3996 MHz, 89 %, 55 %
2026/03/24 02:38:02.783, 4, 178.71 W, 25, 120 MHz, 3996 MHz, 0 %, 0 %
2026/03/24 02:38:02.783, 5, 180.58 W, 27, 120 MHz, 3996 MHz, 0 %, 0 %
2026/03/24 02:38:02.783, 6, 178.29 W, 26, 120 MHz, 3996 MHz, 0 %, 0 %
2026/03/24 02:38:02.783, 7, 176.60 W, 27, 120 MHz, 3996 MHz, 0 %, 0 %
2026/03/24 02:38:03.784, 0, 674.79 W, 41, 2032 MHz, 3996 MHz, 95 %, 49 %
2026/03/24 02:38:03.784, 1, 683.54 W, 46, 2032 MHz, 3996 MHz, 97 %, 34 %
2026/03/24 02:38:03.784, 2, 676.61 W, 40, 2032 MHz, 3996 MHz, 95 %, 54 %
2026/03/24 02:38:03.784, 3, 689.03 W, 46, 2032 MHz, 3996 MHz, 96 %, 37 %
2026/03/24 02:38:03.784, 4, 178.81 W, 25, 120 MHz, 3996 MHz, 0 %, 0 %
2026/03/24 02:38:03.784, 5, 180.58 W, 27, 120 MHz, 3996 MHz, 0 %, 0 %
2026/03/24 02:38:03.784, 6, 178.18 W, 26, 120 MHz, 3996 MHz, 0 %, 0 %
2026/03/24 02:38:03.784, 7, 176.59 W, 27, 120 MHz, 3996 MHz, 0 %, 0 %
2026/03/24 02:38:04.784, 0, 616.12 W, 40, 2032 MHz, 3996 MHz, 78 %, 33 %
2026/03/24 02:38:04.784, 1, 628.98 W, 44, 2032 MHz, 3996 MHz, 100 %, 47 %
2026/03/24 02:38:04.784, 2, 631.05 W, 40, 2032 MHz, 3996 MHz, 100 %, 22 %
2026/03/24 02:38:04.784, 3, 627.46 W, 44, 2032 MHz, 3996 MHz, 67 %, 43 %
2026/03/24 02:38:04.784, 4, 179.05 W, 25, 120 MHz, 3996 MHz, 0 %, 0 %
2026/03/24 02:38:04.784, 5, 180.58 W, 27, 120 MHz, 3996 MHz, 0 %, 0 %
2026/03/24 02:38:04.784, 6, 178.41 W, 26, 120 MHz, 3996 MHz, 0 %, 0 %
2026/03/24 02:38:04.784, 7, 176.59 W, 27, 120 MHz, 3996 MHz, 0 %, 0 %
2026/03/24 02:38:05.784, 0, 581.24 W, 39, 2032 MHz, 3996 MHz, 100 %, 26 %
2026/03/24 02:38:05.784, 1, 587.76 W, 43, 2032 MHz, 3996 MHz, 99 %, 25 %
2026/03/24 02:38:05.784, 2, 613.29 W, 41, 2032 MHz, 3996 MHz, 100 %, 48 %
2026/03/24 02:38:05.784, 3, 580.96 W, 43, 2032 MHz, 3996 MHz, 50 %, 25 %
2026/03/24 02:38:05.784, 4, 179.17 W, 25, 120 MHz, 3996 MHz, 0 %, 0 %
2026/03/24 02:38:05.784, 5, 180.58 W, 27, 120 MHz, 3996 MHz, 0 %, 0 %
2026/03/24 02:38:05.784, 6, 178.26 W, 26, 120 MHz, 3996 MHz, 0 %, 0 %
2026/03/24 02:38:05.784, 7, 176.60 W, 27, 120 MHz, 3996 MHz, 0 %, 0 %
2026/03/24 02:38:06.784, 0, 650.11 W, 40, 2032 MHz, 3996 MHz, 89 %, 30 %
2026/03/24 02:38:06.784, 1, 657.45 W, 45, 2032 MHz, 3996 MHz, 95 %, 26 %
2026/03/24 02:38:06.784, 2, 655.91 W, 41, 2032 MHz, 3996 MHz, 97 %, 66 %
2026/03/24 02:38:06.784, 3, 657.11 W, 45, 2032 MHz, 3996 MHz, 54 %, 32 %
2026/03/24 02:38:06.784, 4, 178.76 W, 25, 120 MHz, 3996 MHz, 0 %, 0 %
2026/03/24 02:38:06.784, 5, 180.58 W, 27, 120 MHz, 3996 MHz, 0 %, 0 %
2026/03/24 02:38:06.784, 6, 177.99 W, 26, 120 MHz, 3996 MHz, 0 %, 0 %
2026/03/24 02:38:06.784, 7, 176.61 W, 27, 120 MHz, 3996 MHz, 0 %, 0 %
2026/03/24 02:38:07.784, 0, 646.18 W, 41, 2032 MHz, 3996 MHz, 41 %, 22 %
2026/03/24 02:38:07.784, 1, 654.56 W, 45, 2032 MHz, 3996 MHz, 100 %, 23 %
2026/03/24 02:38:07.784, 2, 649.36 W, 41, 2032 MHz, 3996 MHz, 97 %, 38 %
2026/03/24 02:38:07.784, 3, 657.82 W, 45, 2032 MHz, 3996 MHz, 100 %, 24 %
2026/03/24 02:38:07.784, 4, 178.79 W, 25, 120 MHz, 3996 MHz, 0 %, 0 %
2026/03/24 02:38:07.784, 5, 180.58 W, 27, 120 MHz, 3996 MHz, 0 %, 0 %
2026/03/24 02:38:07.784, 6, 178.25 W, 26, 120 MHz, 3996 MHz, 0 %, 0 %
2026/03/24 02:38:07.784, 7, 176.59 W, 27, 120 MHz, 3996 MHz, 0 %, 0 %
2026/03/24 02:38:08.784, 0, 632.46 W, 39, 2032 MHz, 3996 MHz, 78 %, 24 %
2026/03/24 02:38:08.784, 1, 641.53 W, 43, 2032 MHz, 3996 MHz, 100 %, 27 %
2026/03/24 02:38:08.784, 2, 632.66 W, 39, 2032 MHz, 3996 MHz, 75 %, 23 %
2026/03/24 02:38:08.784, 3, 644.69 W, 44, 2032 MHz, 3996 MHz, 43 %, 24 %
2026/03/24 02:38:08.784, 4, 178.95 W, 25, 120 MHz, 3996 MHz, 0 %, 0 %
2026/03/24 02:38:08.784, 5, 180.58 W, 27, 120 MHz, 3996 MHz, 0 %, 0 %
2026/03/24 02:38:08.784, 6, 178.41 W, 26, 120 MHz, 3996 MHz, 0 %, 0 %
2026/03/24 02:38:08.784, 7, 176.58 W, 27, 120 MHz, 3996 MHz, 0 %, 0 %
2026/03/24 02:38:09.784, 0, 600.80 W, 39, 2032 MHz, 3996 MHz, 89 %, 23 %
2026/03/24 02:38:09.784, 1, 621.44 W, 43, 2032 MHz, 3996 MHz, 100 %, 24 %
2026/03/24 02:38:09.784, 2, 628.33 W, 39, 2032 MHz, 3996 MHz, 100 %, 37 %
2026/03/24 02:38:09.784, 3, 607.59 W, 43, 2032 MHz, 3996 MHz, 46 %, 24 %
2026/03/24 02:38:09.784, 4, 178.90 W, 25, 120 MHz, 3996 MHz, 0 %, 0 %
2026/03/24 02:38:09.785, 5, 180.58 W, 27, 120 MHz, 3996 MHz, 0 %, 0 %
2026/03/24 02:38:09.785, 6, 178.22 W, 26, 120 MHz, 3996 MHz, 0 %, 0 %
2026/03/24 02:38:09.785, 7, 176.58 W, 27, 120 MHz, 3996 MHz, 0 %, 0 %
2026/03/24 02:38:10.785, 0, 637.31 W, 41, 2032 MHz, 3996 MHz, 98 %, 25 %
2026/03/24 02:38:10.785, 1, 646.05 W, 44, 2032 MHz, 3996 MHz, 100 %, 26 %
2026/03/24 02:38:10.785, 2, 641.09 W, 40, 2032 MHz, 3996 MHz, 95 %, 39 %
2026/03/24 02:38:10.785, 3, 654.99 W, 46, 2032 MHz, 3996 MHz, 52 %, 25 %
2026/03/24 02:38:10.785, 4, 179.06 W, 25, 120 MHz, 3996 MHz, 0 %, 0 %
2026/03/24 02:38:10.785, 5, 180.58 W, 27, 120 MHz, 3996 MHz, 0 %, 0 %
2026/03/24 02:38:10.785, 6, 178.30 W, 26, 120 MHz, 3996 MHz, 0 %, 0 %
2026/03/24 02:38:10.785, 7, 176.59 W, 27, 120 MHz, 3996 MHz, 0 %, 0 %
2026/03/24 02:38:11.785, 0, 621.71 W, 40, 2032 MHz, 3996 MHz, 99 %, 23 %
2026/03/24 02:38:11.785, 1, 639.04 W, 45, 2032 MHz, 3996 MHz, 99 %, 23 %
2026/03/24 02:38:11.785, 2, 644.89 W, 40, 2032 MHz, 3996 MHz, 100 %, 70 %
2026/03/24 02:38:11.785, 3, 636.97 W, 45, 2032 MHz, 3996 MHz, 42 %, 23 %
2026/03/24 02:38:11.785, 4, 178.98 W, 25, 120 MHz, 3996 MHz, 0 %, 0 %
2026/03/24 02:38:11.785, 5, 180.58 W, 27, 120 MHz, 3996 MHz, 0 %, 0 %
2026/03/24 02:38:11.785, 6, 178.25 W, 26, 120 MHz, 3996 MHz, 0 %, 0 %
2026/03/24 02:38:11.785, 7, 176.58 W, 27, 120 MHz, 3996 MHz, 0 %, 0 %
2026/03/24 02:38:12.785, 0, 586.50 W, 38, 2032 MHz, 3996 MHz, 97 %, 22 %
2026/03/24 02:38:12.785, 1, 587.14 W, 42, 2032 MHz, 3996 MHz, 100 %, 22 %
2026/03/24 02:38:12.785, 2, 587.93 W, 39, 2032 MHz, 3996 MHz, 99 %, 22 %
2026/03/24 02:38:12.785, 3, 595.24 W, 43, 2032 MHz, 3996 MHz, 56 %, 22 %
2026/03/24 02:38:12.785, 4, 178.94 W, 25, 120 MHz, 3996 MHz, 0 %, 0 %
2026/03/24 02:38:12.785, 5, 180.58 W, 27, 120 MHz, 3996 MHz, 0 %, 0 %
2026/03/24 02:38:12.785, 6, 178.11 W, 26, 120 MHz, 3996 MHz, 0 %, 0 %
2026/03/24 02:38:12.785, 7, 176.58 W, 27, 120 MHz, 3996 MHz, 0 %, 0 %
2026/03/24 02:38:13.785, 0, 614.57 W, 39, 2032 MHz, 3996 MHz, 69 %, 27 %
2026/03/24 02:38:13.785, 1, 624.48 W, 43, 2032 MHz, 3996 MHz, 100 %, 26 %
2026/03/24 02:38:13.785, 2, 639.11 W, 40, 2032 MHz, 3996 MHz, 97 %, 23 %
2026/03/24 02:38:13.785, 3, 625.89 W, 44, 2032 MHz, 3996 MHz, 61 %, 27 %
2026/03/24 02:38:13.785, 4, 178.87 W, 25, 120 MHz, 3996 MHz, 0 %, 0 %
2026/03/24 02:38:13.785, 5, 180.58 W, 27, 120 MHz, 3996 MHz, 0 %, 0 %
2026/03/24 02:38:13.785, 6, 178.25 W, 26, 120 MHz, 3996 MHz, 0 %, 0 %
2026/03/24 02:38:13.785, 7, 176.58 W, 27, 120 MHz, 3996 MHz, 0 %, 0 %
2026/03/24 02:38:14.785, 0, 660.67 W, 39, 2032 MHz, 3996 MHz, 100 %, 70 %
2026/03/24 02:38:14.785, 1, 683.00 W, 44, 2032 MHz, 3996 MHz, 96 %, 60 %
2026/03/24 02:38:14.785, 2, 690.52 W, 41, 2032 MHz, 3996 MHz, 100 %, 54 %
2026/03/24 02:38:14.785, 3, 676.03 W, 44, 2032 MHz, 3996 MHz, 94 %, 63 %
2026/03/24 02:38:14.785, 4, 178.87 W, 25, 120 MHz, 3996 MHz, 0 %, 0 %
2026/03/24 02:38:14.785, 5, 180.58 W, 27, 120 MHz, 3996 MHz, 0 %, 0 %
2026/03/24 02:38:14.785, 6, 178.18 W, 26, 120 MHz, 3996 MHz, 0 %, 0 %
2026/03/24 02:38:14.785, 7, 176.58 W, 27, 120 MHz, 3996 MHz, 0 %, 0 %
2026/03/24 02:38:15.785, 0, 638.74 W, 39, 2032 MHz, 3996 MHz, 50 %, 29 %
2026/03/24 02:38:15.785, 1, 647.26 W, 43, 2032 MHz, 3996 MHz, 99 %, 23 %
2026/03/24 02:38:15.785, 2, 656.95 W, 41, 2032 MHz, 3996 MHz, 100 %, 26 %
2026/03/24 02:38:15.785, 3, 650.68 W, 43, 2032 MHz, 3996 MHz, 71 %, 23 %
2026/03/24 02:38:15.785, 4, 179.01 W, 25, 120 MHz, 3996 MHz, 0 %, 0 %
2026/03/24 02:38:15.785, 5, 180.58 W, 27, 120 MHz, 3996 MHz, 0 %, 0 %
2026/03/24 02:38:15.785, 6, 178.26 W, 26, 120 MHz, 3996 MHz, 0 %, 0 %
2026/03/24 02:38:15.785, 7, 176.59 W, 27, 120 MHz, 3996 MHz, 0 %, 0 %
2026/03/24 02:38:16.785, 0, 753.82 W, 40, 2032 MHz, 3996 MHz, 98 %, 24 %
2026/03/24 02:38:16.785, 1, 780.43 W, 44, 2032 MHz, 3996 MHz, 99 %, 23 %
2026/03/24 02:38:16.785, 2, 791.96 W, 42, 2032 MHz, 3996 MHz, 100 %, 44 %
2026/03/24 02:38:16.785, 3, 777.88 W, 45, 2032 MHz, 3996 MHz, 44 %, 23 %
2026/03/24 02:38:16.786, 4, 178.99 W, 25, 120 MHz, 3996 MHz, 0 %, 0 %
2026/03/24 02:38:16.786, 5, 180.58 W, 27, 120 MHz, 3996 MHz, 0 %, 0 %
2026/03/24 02:38:16.786, 6, 178.25 W, 26, 120 MHz, 3996 MHz, 0 %, 0 %
2026/03/24 02:38:16.786, 7, 176.59 W, 27, 120 MHz, 3996 MHz, 0 %, 0 %
2026/03/24 02:38:17.786, 0, 854.84 W, 43, 2032 MHz, 3996 MHz, 100 %, 70 %
2026/03/24 02:38:17.786, 1, 883.94 W, 47, 2032 MHz, 3996 MHz, 100 %, 69 %
2026/03/24 02:38:17.786, 2, 890.45 W, 44, 2032 MHz, 3996 MHz, 100 %, 70 %
2026/03/24 02:38:17.786, 3, 884.96 W, 48, 2032 MHz, 3996 MHz, 100 %, 69 %
2026/03/24 02:38:17.786, 4, 178.98 W, 25, 120 MHz, 3996 MHz, 0 %, 0 %
2026/03/24 02:38:17.786, 5, 180.58 W, 27, 120 MHz, 3996 MHz, 0 %, 0 %
2026/03/24 02:38:17.786, 6, 178.14 W, 26, 120 MHz, 3996 MHz, 0 %, 0 %
2026/03/24 02:38:17.786, 7, 176.59 W, 27, 120 MHz, 3996 MHz, 0 %, 0 %
2026/03/24 02:38:18.786, 0, 911.01 W, 43, 2032 MHz, 3996 MHz, 100 %, 70 %
2026/03/24 02:38:18.786, 1, 938.84 W, 48, 2032 MHz, 3996 MHz, 100 %, 70 %
2026/03/24 02:38:18.786, 2, 949.22 W, 44, 2032 MHz, 3996 MHz, 100 %, 70 %
2026/03/24 02:38:18.786, 3, 942.31 W, 48, 2032 MHz, 3996 MHz, 100 %, 70 %
2026/03/24 02:38:18.786, 4, 179.07 W, 25, 120 MHz, 3996 MHz, 0 %, 0 %
2026/03/24 02:38:18.786, 5, 180.58 W, 27, 120 MHz, 3996 MHz, 0 %, 0 %
2026/03/24 02:38:18.786, 6, 178.10 W, 26, 120 MHz, 3996 MHz, 0 %, 0 %
2026/03/24 02:38:18.786, 7, 176.58 W, 27, 120 MHz, 3996 MHz, 0 %, 0 %
2026/03/24 02:38:19.786, 0, 858.92 W, 43, 2032 MHz, 3996 MHz, 100 %, 70 %
2026/03/24 02:38:19.786, 1, 885.57 W, 48, 2032 MHz, 3996 MHz, 100 %, 70 %
2026/03/24 02:38:19.786, 2, 892.26 W, 44, 2032 MHz, 3996 MHz, 100 %, 70 %
2026/03/24 02:38:19.786, 3, 885.56 W, 49, 2032 MHz, 3996 MHz, 100 %, 70 %
2026/03/24 02:38:19.786, 4, 179.01 W, 25, 120 MHz, 3996 MHz, 0 %, 0 %
2026/03/24 02:38:19.786, 5, 180.58 W, 27, 120 MHz, 3996 MHz, 0 %, 0 %
2026/03/24 02:38:19.786, 6, 178.33 W, 26, 120 MHz, 3996 MHz, 0 %, 0 %
2026/03/24 02:38:19.786, 7, 176.58 W, 27, 120 MHz, 3996 MHz, 0 %, 0 %
2026/03/24 02:38:20.786, 0, 858.26 W, 43, 2032 MHz, 3996 MHz, 100 %, 70 %
2026/03/24 02:38:20.786, 1, 884.25 W, 48, 2032 MHz, 3996 MHz, 100 %, 70 %
2026/03/24 02:38:20.786, 2, 891.83 W, 45, 2032 MHz, 3996 MHz, 100 %, 71 %
2026/03/24 02:38:20.786, 3, 890.00 W, 49, 2032 MHz, 3996 MHz, 100 %, 70 %
2026/03/24 02:38:20.786, 4, 178.77 W, 25, 120 MHz, 3996 MHz, 0 %, 0 %
2026/03/24 02:38:20.786, 5, 180.58 W, 27, 120 MHz, 3996 MHz, 0 %, 0 %
2026/03/24 02:38:20.786, 6, 178.18 W, 26, 120 MHz, 3996 MHz, 0 %, 0 %
2026/03/24 02:38:20.786, 7, 176.59 W, 27, 120 MHz, 3996 MHz, 0 %, 0 %
2026/03/24 02:38:21.786, 0, 912.78 W, 44, 2032 MHz, 3996 MHz, 100 %, 70 %
2026/03/24 02:38:21.786, 1, 943.14 W, 48, 2032 MHz, 3996 MHz, 100 %, 69 %
2026/03/24 02:38:21.786, 2, 952.44 W, 45, 2032 MHz, 3996 MHz, 100 %, 70 %
2026/03/24 02:38:21.786, 3, 947.05 W, 49, 2032 MHz, 3996 MHz, 100 %, 70 %
2026/03/24 02:38:21.786, 4, 179.07 W, 25, 120 MHz, 3996 MHz, 0 %, 0 %
2026/03/24 02:38:21.786, 5, 180.58 W, 27, 120 MHz, 3996 MHz, 0 %, 0 %
2026/03/24 02:38:21.786, 6, 178.22 W, 26, 120 MHz, 3996 MHz, 0 %, 0 %
2026/03/24 02:38:21.786, 7, 176.59 W, 27, 120 MHz, 3996 MHz, 0 %, 0 %
2026/03/24 02:38:22.786, 0, 914.93 W, 44, 2032 MHz, 3996 MHz, 100 %, 70 %
2026/03/24 02:38:22.786, 1, 942.21 W, 48, 2032 MHz, 3996 MHz, 100 %, 70 %
2026/03/24 02:38:22.786, 2, 951.67 W, 45, 2032 MHz, 3996 MHz, 100 %, 70 %
2026/03/24 02:38:22.786, 3, 946.38 W, 49, 2032 MHz, 3996 MHz, 100 %, 70 %
2026/03/24 02:38:22.786, 4, 179.10 W, 25, 120 MHz, 3996 MHz, 0 %, 0 %
2026/03/24 02:38:22.786, 5, 180.58 W, 27, 120 MHz, 3996 MHz, 0 %, 0 %
2026/03/24 02:38:22.786, 6, 178.26 W, 26, 120 MHz, 3996 MHz, 0 %, 0 %
2026/03/24 02:38:22.786, 7, 176.58 W, 27, 120 MHz, 3996 MHz, 0 %, 0 %
2026/03/24 02:38:23.787, 0, 916.68 W, 44, 2032 MHz, 3996 MHz, 100 %, 70 %
2026/03/24 02:38:23.787, 1, 943.05 W, 49, 2032 MHz, 3996 MHz, 100 %, 70 %
2026/03/24 02:38:23.787, 2, 954.24 W, 45, 2032 MHz, 3996 MHz, 100 %, 71 %
2026/03/24 02:38:23.787, 3, 947.86 W, 49, 2032 MHz, 3996 MHz, 100 %, 70 %
2026/03/24 02:38:23.787, 4, 179.07 W, 25, 120 MHz, 3996 MHz, 0 %, 0 %
2026/03/24 02:38:23.787, 5, 180.58 W, 27, 120 MHz, 3996 MHz, 0 %, 0 %
2026/03/24 02:38:23.787, 6, 178.06 W, 26, 120 MHz, 3996 MHz, 0 %, 0 %
2026/03/24 02:38:23.787, 7, 176.59 W, 27, 120 MHz, 3996 MHz, 0 %, 0 %
2026/03/24 02:38:24.787, 0, 917.09 W, 44, 2032 MHz, 3996 MHz, 100 %, 71 %
2026/03/24 02:38:24.787, 1, 943.76 W, 49, 2032 MHz, 3996 MHz, 100 %, 70 %
2026/03/24 02:38:24.787, 2, 954.74 W, 45, 2032 MHz, 3996 MHz, 100 %, 71 %
2026/03/24 02:38:24.787, 3, 947.97 W, 49, 2032 MHz, 3996 MHz, 100 %, 70 %
2026/03/24 02:38:24.787, 4, 178.99 W, 25, 120 MHz, 3996 MHz, 0 %, 0 %
2026/03/24 02:38:24.787, 5, 180.58 W, 27, 120 MHz, 3996 MHz, 0 %, 0 %
2026/03/24 02:38:24.787, 6, 178.15 W, 26, 120 MHz, 3996 MHz, 0 %, 0 %
2026/03/24 02:38:24.787, 7, 176.58 W, 27, 120 MHz, 3996 MHz, 0 %, 0 %
2026/03/24 02:38:25.787, 0, 916.95 W, 44, 2032 MHz, 3996 MHz, 100 %, 70 %
2026/03/24 02:38:25.787, 1, 944.91 W, 49, 2032 MHz, 3996 MHz, 100 %, 70 %
2026/03/24 02:38:25.787, 2, 954.47 W, 46, 2032 MHz, 3996 MHz, 100 %, 70 %
2026/03/24 02:38:25.787, 3, 949.11 W, 50, 2032 MHz, 3996 MHz, 100 %, 70 %
2026/03/24 02:38:25.787, 4, 179.18 W, 25, 120 MHz, 3996 MHz, 0 %, 0 %
2026/03/24 02:38:25.787, 5, 180.58 W, 27, 120 MHz, 3996 MHz, 0 %, 0 %
2026/03/24 02:38:25.787, 6, 178.41 W, 26, 120 MHz, 3996 MHz, 0 %, 0 %
2026/03/24 02:38:25.787, 7, 176.60 W, 27, 120 MHz, 3996 MHz, 0 %, 0 %
2026/03/24 02:38:26.787, 0, 916.37 W, 45, 2032 MHz, 3996 MHz, 100 %, 71 %
2026/03/24 02:38:26.787, 1, 945.45 W, 49, 2032 MHz, 3996 MHz, 100 %, 70 %
2026/03/24 02:38:26.787, 2, 954.91 W, 46, 2032 MHz, 3996 MHz, 100 %, 70 %
2026/03/24 02:38:26.787, 3, 950.02 W, 50, 2032 MHz, 3996 MHz, 100 %, 70 %
2026/03/24 02:38:26.787, 4, 178.88 W, 25, 120 MHz, 3996 MHz, 0 %, 0 %
2026/03/24 02:38:26.787, 5, 180.58 W, 27, 120 MHz, 3996 MHz, 0 %, 0 %
2026/03/24 02:38:26.787, 6, 178.06 W, 26, 120 MHz, 3996 MHz, 0 %, 0 %
2026/03/24 02:38:26.787, 7, 176.59 W, 27, 120 MHz, 3996 MHz, 0 %, 0 %
2026/03/24 02:38:27.787, 0, 919.35 W, 45, 2032 MHz, 3996 MHz, 100 %, 71 %
2026/03/24 02:38:27.787, 1, 947.57 W, 49, 2032 MHz, 3996 MHz, 100 %, 70 %
2026/03/24 02:38:27.787, 2, 957.31 W, 46, 2032 MHz, 3996 MHz, 100 %, 70 %
2026/03/24 02:38:27.787, 3, 951.02 W, 50, 2032 MHz, 3996 MHz, 100 %, 71 %
2026/03/24 02:38:27.787, 4, 178.94 W, 25, 120 MHz, 3996 MHz, 0 %, 0 %
2026/03/24 02:38:27.787, 5, 180.58 W, 27, 120 MHz, 3996 MHz, 0 %, 0 %
2026/03/24 02:38:27.787, 6, 178.18 W, 26, 120 MHz, 3996 MHz, 0 %, 0 %
2026/03/24 02:38:27.787, 7, 176.59 W, 27, 120 MHz, 3996 MHz, 0 %, 0 %
2026/03/24 02:38:28.787, 0, 919.93 W, 45, 2032 MHz, 3996 MHz, 100 %, 70 %
2026/03/24 02:38:28.787, 1, 947.91 W, 49, 2032 MHz, 3996 MHz, 100 %, 70 %
2026/03/24 02:38:28.787, 2, 957.07 W, 46, 2032 MHz, 3996 MHz, 100 %, 70 %
2026/03/24 02:38:28.787, 3, 950.92 W, 50, 2032 MHz, 3996 MHz, 100 %, 71 %
2026/03/24 02:38:28.787, 4, 178.92 W, 25, 120 MHz, 3996 MHz, 0 %, 0 %
2026/03/24 02:38:28.787, 5, 180.58 W, 27, 120 MHz, 3996 MHz, 0 %, 0 %
2026/03/24 02:38:28.787, 6, 178.21 W, 26, 120 MHz, 3996 MHz, 0 %, 0 %
2026/03/24 02:38:28.787, 7, 176.59 W, 27, 120 MHz, 3996 MHz, 0 %, 0 %
2026/03/24 02:38:29.787, 0, 812.47 W, 43, 2032 MHz, 3996 MHz, 92 %, 30 %
2026/03/24 02:38:29.787, 1, 834.15 W, 48, 2032 MHz, 3996 MHz, 96 %, 29 %
2026/03/24 02:38:29.787, 2, 839.45 W, 45, 2032 MHz, 3996 MHz, 100 %, 71 %
2026/03/24 02:38:29.787, 3, 834.08 W, 48, 2032 MHz, 3996 MHz, 73 %, 35 %
2026/03/24 02:38:29.787, 4, 178.99 W, 25, 120 MHz, 3996 MHz, 0 %, 0 %
2026/03/24 02:38:29.787, 5, 180.58 W, 27, 120 MHz, 3996 MHz, 0 %, 0 %
2026/03/24 02:38:29.787, 6, 178.34 W, 26, 120 MHz, 3996 MHz, 0 %, 0 %
2026/03/24 02:38:29.787, 7, 176.58 W, 27, 120 MHz, 3996 MHz, 0 %, 0 %
2026/03/24 02:38:30.788, 0, 784.07 W, 43, 2032 MHz, 3996 MHz, 96 %, 26 %
2026/03/24 02:38:30.788, 1, 804.26 W, 46, 2032 MHz, 3996 MHz, 96 %, 32 %
2026/03/24 02:38:30.788, 2, 787.89 W, 42, 2032 MHz, 3996 MHz, 94 %, 33 %
2026/03/24 02:38:30.788, 3, 809.73 W, 47, 2032 MHz, 3996 MHz, 66 %, 34 %
2026/03/24 02:38:30.788, 4, 178.96 W, 25, 120 MHz, 3996 MHz, 0 %, 0 %
2026/03/24 02:38:30.788, 5, 180.58 W, 27, 120 MHz, 3996 MHz, 0 %, 0 %
2026/03/24 02:38:30.788, 6, 178.14 W, 26, 120 MHz, 3996 MHz, 0 %, 0 %
2026/03/24 02:38:30.788, 7, 176.58 W, 27, 120 MHz, 3996 MHz, 0 %, 0 %
2026/03/24 02:38:31.788, 0, 773.68 W, 44, 2032 MHz, 3996 MHz, 100 %, 71 %
2026/03/24 02:38:31.788, 1, 805.55 W, 48, 2032 MHz, 3996 MHz, 100 %, 70 %
2026/03/24 02:38:31.788, 2, 836.96 W, 45, 2032 MHz, 3996 MHz, 100 %, 71 %
2026/03/24 02:38:31.788, 3, 804.76 W, 49, 2032 MHz, 3996 MHz, 63 %, 40 %
2026/03/24 02:38:31.788, 4, 178.95 W, 25, 120 MHz, 3996 MHz, 0 %, 0 %
2026/03/24 02:38:31.788, 5, 180.58 W, 27, 120 MHz, 3996 MHz, 0 %, 0 %
2026/03/24 02:38:31.788, 6, 178.25 W, 26, 120 MHz, 3996 MHz, 0 %, 0 %
2026/03/24 02:38:31.788, 7, 176.59 W, 27, 120 MHz, 3996 MHz, 0 %, 0 %
2026/03/24 02:38:32.788, 0, 695.68 W, 42, 2032 MHz, 3996 MHz, 99 %, 24 %
2026/03/24 02:38:32.788, 1, 721.73 W, 47, 2032 MHz, 3996 MHz, 100 %, 35 %
2026/03/24 02:38:32.788, 2, 708.81 W, 43, 2032 MHz, 3996 MHz, 100 %, 71 %
2026/03/24 02:38:32.788, 3, 717.26 W, 47, 2032 MHz, 3996 MHz, 42 %, 23 %
2026/03/24 02:38:32.788, 4, 178.84 W, 25, 120 MHz, 3996 MHz, 0 %, 0 %
2026/03/24 02:38:32.788, 5, 180.58 W, 27, 120 MHz, 3996 MHz, 0 %, 0 %
2026/03/24 02:38:32.788, 6, 178.38 W, 26, 120 MHz, 3996 MHz, 0 %, 0 %
2026/03/24 02:38:32.788, 7, 176.59 W, 27, 120 MHz, 3996 MHz, 0 %, 0 %
2026/03/24 02:38:33.788, 0, 710.03 W, 42, 2032 MHz, 3996 MHz, 92 %, 60 %
2026/03/24 02:38:33.788, 1, 719.94 W, 45, 2032 MHz, 3996 MHz, 96 %, 51 %
2026/03/24 02:38:33.788, 2, 736.02 W, 42, 2032 MHz, 3996 MHz, 100 %, 23 %
2026/03/24 02:38:33.788, 3, 727.33 W, 46, 2032 MHz, 3996 MHz, 52 %, 31 %
2026/03/24 02:38:33.788, 4, 178.98 W, 25, 120 MHz, 3996 MHz, 0 %, 0 %
2026/03/24 02:38:33.788, 5, 180.58 W, 27, 120 MHz, 3996 MHz, 0 %, 0 %
2026/03/24 02:38:33.788, 6, 178.21 W, 26, 120 MHz, 3996 MHz, 0 %, 0 %
2026/03/24 02:38:33.788, 7, 176.58 W, 27, 120 MHz, 3996 MHz, 0 %, 0 %
2026/03/24 02:38:34.788, 0, 792.92 W, 44, 2032 MHz, 3996 MHz, 100 %, 71 %
2026/03/24 02:38:34.788, 1, 828.80 W, 48, 2032 MHz, 3996 MHz, 100 %, 71 %
2026/03/24 02:38:34.788, 2, 843.05 W, 45, 2032 MHz, 3996 MHz, 100 %, 71 %
2026/03/24 02:38:34.788, 3, 819.28 W, 49, 2032 MHz, 3996 MHz, 87 %, 60 %
2026/03/24 02:38:34.788, 4, 179.10 W, 25, 120 MHz, 3996 MHz, 0 %, 0 %
2026/03/24 02:38:34.788, 5, 180.58 W, 27, 120 MHz, 3996 MHz, 0 %, 0 %
2026/03/24 02:38:34.788, 6, 178.22 W, 26, 120 MHz, 3996 MHz, 0 %, 0 %
2026/03/24 02:38:34.788, 7, 176.59 W, 27, 120 MHz, 3996 MHz, 0 %, 0 %
2026/03/24 02:38:35.788, 0, 670.59 W, 41, 2032 MHz, 3996 MHz, 98 %, 24 %
2026/03/24 02:38:35.788, 1, 678.34 W, 45, 2032 MHz, 3996 MHz, 99 %, 23 %
2026/03/24 02:38:35.788, 2, 669.83 W, 41, 2032 MHz, 3996 MHz, 100 %, 24 %
2026/03/24 02:38:35.788, 3, 684.77 W, 45, 2032 MHz, 3996 MHz, 42 %, 23 %
2026/03/24 02:38:35.788, 4, 179.03 W, 25, 120 MHz, 3996 MHz, 0 %, 0 %
2026/03/24 02:38:35.788, 5, 180.58 W, 27, 120 MHz, 3996 MHz, 0 %, 0 %
2026/03/24 02:38:35.788, 6, 178.19 W, 26, 120 MHz, 3996 MHz, 0 %, 0 %
2026/03/24 02:38:35.788, 7, 176.60 W, 27, 120 MHz, 3996 MHz, 0 %, 0 %
2026/03/24 02:38:36.788, 0, 694.24 W, 42, 2032 MHz, 3996 MHz, 71 %, 35 %
2026/03/24 02:38:36.788, 1, 706.43 W, 45, 2032 MHz, 3996 MHz, 100 %, 27 %
2026/03/24 02:38:36.788, 2, 706.64 W, 42, 2032 MHz, 3996 MHz, 53 %, 24 %
2026/03/24 02:38:36.788, 3, 707.67 W, 47, 2032 MHz, 3996 MHz, 91 %, 62 %
2026/03/24 02:38:36.789, 4, 178.96 W, 25, 120 MHz, 3996 MHz, 0 %, 0 %
2026/03/24 02:38:36.789, 5, 180.58 W, 27, 120 MHz, 3996 MHz, 0 %, 0 %
2026/03/24 02:38:36.789, 6, 178.29 W, 26, 120 MHz, 3996 MHz, 0 %, 0 %
2026/03/24 02:38:36.789, 7, 176.59 W, 27, 120 MHz, 3996 MHz, 0 %, 0 %
2026/03/24 02:38:37.789, 0, 635.61 W, 41, 2032 MHz, 3996 MHz, 99 %, 23 %
2026/03/24 02:38:37.789, 1, 649.97 W, 44, 2032 MHz, 3996 MHz, 99 %, 23 %
2026/03/24 02:38:37.789, 2, 669.49 W, 43, 2032 MHz, 3996 MHz, 100 %, 33 %
2026/03/24 02:38:37.789, 3, 641.97 W, 45, 2032 MHz, 3996 MHz, 43 %, 23 %
2026/03/24 02:38:37.789, 4, 178.81 W, 25, 120 MHz, 3996 MHz, 0 %, 0 %
2026/03/24 02:38:37.789, 5, 180.58 W, 27, 120 MHz, 3996 MHz, 0 %, 0 %
2026/03/24 02:38:37.789, 6, 178.30 W, 26, 120 MHz, 3996 MHz, 0 %, 0 %
2026/03/24 02:38:37.789, 7, 176.58 W, 27, 120 MHz, 3996 MHz, 0 %, 0 %
2026/03/24 02:38:38.789, 0, 668.62 W, 40, 2032 MHz, 3996 MHz, 52 %, 27 %
2026/03/24 02:38:38.789, 1, 683.86 W, 44, 2032 MHz, 3996 MHz, 99 %, 25 %
2026/03/24 02:38:38.789, 2, 662.74 W, 40, 2032 MHz, 3996 MHz, 99 %, 24 %
2026/03/24 02:38:38.789, 3, 694.11 W, 45, 2032 MHz, 3996 MHz, 98 %, 25 %
2026/03/24 02:38:38.789, 4, 179.01 W, 25, 120 MHz, 3996 MHz, 0 %, 0 %
2026/03/24 02:38:38.789, 5, 180.58 W, 27, 120 MHz, 3996 MHz, 0 %, 0 %
2026/03/24 02:38:38.789, 6, 178.25 W, 26, 120 MHz, 3996 MHz, 0 %, 0 %
2026/03/24 02:38:38.789, 7, 176.58 W, 27, 120 MHz, 3996 MHz, 0 %, 0 %
2026/03/24 02:38:39.789, 0, 619.23 W, 41, 2032 MHz, 3996 MHz, 78 %, 37 %
2026/03/24 02:38:39.789, 1, 630.54 W, 44, 2032 MHz, 3996 MHz, 96 %, 24 %
2026/03/24 02:38:39.789, 2, 634.66 W, 41, 2032 MHz, 3996 MHz, 99 %, 24 %
2026/03/24 02:38:39.789, 3, 625.50 W, 45, 2032 MHz, 3996 MHz, 48 %, 25 %
2026/03/24 02:38:39.789, 4, 178.91 W, 25, 120 MHz, 3996 MHz, 0 %, 0 %
2026/03/24 02:38:39.789, 5, 180.58 W, 27, 120 MHz, 3996 MHz, 0 %, 0 %
2026/03/24 02:38:39.789, 6, 178.41 W, 26, 120 MHz, 3996 MHz, 0 %, 0 %
2026/03/24 02:38:39.789, 7, 176.59 W, 27, 120 MHz, 3996 MHz, 0 %, 0 %
2026/03/24 02:38:40.789, 0, 687.57 W, 42, 2032 MHz, 3996 MHz, 100 %, 71 %
2026/03/24 02:38:40.789, 1, 698.45 W, 45, 2032 MHz, 3996 MHz, 96 %, 66 %
2026/03/24 02:38:40.789, 2, 703.86 W, 41, 2032 MHz, 3996 MHz, 94 %, 25 %
2026/03/24 02:38:40.789, 3, 695.21 W, 47, 2032 MHz, 3996 MHz, 80 %, 54 %
2026/03/24 02:38:40.789, 4, 178.87 W, 25, 120 MHz, 3996 MHz, 0 %, 0 %
2026/03/24 02:38:40.789, 5, 180.58 W, 27, 120 MHz, 3996 MHz, 0 %, 0 %
2026/03/24 02:38:40.789, 6, 178.33 W, 26, 120 MHz, 3996 MHz, 0 %, 0 %
2026/03/24 02:38:40.789, 7, 176.59 W, 27, 120 MHz, 3996 MHz, 0 %, 0 %
2026/03/24 02:38:41.789, 0, 597.00 W, 40, 2032 MHz, 3996 MHz, 100 %, 24 %
2026/03/24 02:38:41.789, 1, 600.31 W, 44, 2032 MHz, 3996 MHz, 99 %, 23 %
2026/03/24 02:38:41.789, 2, 616.21 W, 40, 2032 MHz, 3996 MHz, 100 %, 24 %
2026/03/24 02:38:41.789, 3, 603.29 W, 45, 2032 MHz, 3996 MHz, 41 %, 23 %
2026/03/24 02:38:41.789, 4, 179.12 W, 25, 120 MHz, 3996 MHz, 0 %, 0 %
2026/03/24 02:38:41.789, 5, 180.58 W, 27, 120 MHz, 3996 MHz, 0 %, 0 %
2026/03/24 02:38:41.789, 6, 178.34 W, 26, 120 MHz, 3996 MHz, 0 %, 0 %
2026/03/24 02:38:41.789, 7, 176.58 W, 27, 120 MHz, 3996 MHz, 0 %, 0 %
2026/03/24 02:38:42.789, 0, 703.16 W, 42, 2032 MHz, 3996 MHz, 100 %, 52 %
2026/03/24 02:38:42.790, 1, 711.26 W, 47, 2032 MHz, 3996 MHz, 100 %, 65 %
2026/03/24 02:38:42.790, 2, 716.68 W, 42, 2032 MHz, 3996 MHz, 96 %, 66 %
2026/03/24 02:38:42.790, 3, 711.95 W, 47, 2032 MHz, 3996 MHz, 90 %, 62 %
2026/03/24 02:38:42.790, 4, 179.07 W, 25, 120 MHz, 3996 MHz, 0 %, 0 %
2026/03/24 02:38:42.790, 5, 180.58 W, 27, 120 MHz, 3996 MHz, 0 %, 0 %
2026/03/24 02:38:42.790, 6, 178.45 W, 26, 120 MHz, 3996 MHz, 0 %, 0 %
2026/03/24 02:38:42.790, 7, 176.61 W, 27, 120 MHz, 3996 MHz, 0 %, 0 %
2026/03/24 02:38:43.790, 0, 645.56 W, 43, 2032 MHz, 3996 MHz, 100 %, 65 %
2026/03/24 02:38:43.790, 1, 653.56 W, 45, 2032 MHz, 3996 MHz, 100 %, 71 %
2026/03/24 02:38:43.790, 2, 669.14 W, 42, 2032 MHz, 3996 MHz, 100 %, 26 %
2026/03/24 02:38:43.790, 3, 653.63 W, 46, 2032 MHz, 3996 MHz, 100 %, 71 %
2026/03/24 02:38:43.790, 4, 179.10 W, 25, 120 MHz, 3996 MHz, 0 %, 0 %
2026/03/24 02:38:43.790, 5, 180.58 W, 27, 120 MHz, 3996 MHz, 0 %, 0 %
2026/03/24 02:38:43.790, 6, 178.15 W, 26, 120 MHz, 3996 MHz, 0 %, 0 %
2026/03/24 02:38:43.790, 7, 176.60 W, 27, 120 MHz, 3996 MHz, 0 %, 0 %
2026/03/24 02:38:44.790, 0, 617.46 W, 40, 2032 MHz, 3996 MHz, 99 %, 23 %
2026/03/24 02:38:44.790, 1, 639.46 W, 44, 2032 MHz, 3996 MHz, 100 %, 24 %
2026/03/24 02:38:44.790, 2, 661.28 W, 42, 2032 MHz, 3996 MHz, 100 %, 47 %
2026/03/24 02:38:44.790, 3, 626.91 W, 44, 2032 MHz, 3996 MHz, 42 %, 23 %
2026/03/24 02:38:44.790, 4, 178.92 W, 25, 120 MHz, 3996 MHz, 0 %, 0 %
2026/03/24 02:38:44.790, 5, 180.58 W, 27, 120 MHz, 3996 MHz, 0 %, 0 %
2026/03/24 02:38:44.790, 6, 178.14 W, 26, 120 MHz, 3996 MHz, 0 %, 0 %
2026/03/24 02:38:44.790, 7, 176.59 W, 27, 120 MHz, 3996 MHz, 0 %, 0 %
2026/03/24 02:38:45.790, 0, 697.66 W, 42, 2032 MHz, 3996 MHz, 87 %, 45 %
2026/03/24 02:38:45.790, 1, 721.27 W, 46, 2032 MHz, 3996 MHz, 97 %, 33 %
2026/03/24 02:38:45.790, 2, 711.80 W, 43, 2032 MHz, 3996 MHz, 100 %, 44 %
2026/03/24 02:38:45.790, 3, 722.11 W, 47, 2032 MHz, 3996 MHz, 70 %, 36 %
2026/03/24 02:38:45.790, 4, 178.87 W, 25, 120 MHz, 3996 MHz, 0 %, 0 %
2026/03/24 02:38:45.790, 5, 180.58 W, 27, 120 MHz, 3996 MHz, 0 %, 0 %
2026/03/24 02:38:45.790, 6, 178.25 W, 26, 120 MHz, 3996 MHz, 0 %, 0 %
2026/03/24 02:38:45.790, 7, 176.59 W, 27, 120 MHz, 3996 MHz, 0 %, 0 %
2026/03/24 02:38:46.790, 0, 682.18 W, 41, 2032 MHz, 3996 MHz, 99 %, 26 %
2026/03/24 02:38:46.790, 1, 671.94 W, 45, 2032 MHz, 3996 MHz, 99 %, 26 %
2026/03/24 02:38:46.790, 2, 666.92 W, 41, 2032 MHz, 3996 MHz, 99 %, 26 %
2026/03/24 02:38:46.790, 3, 691.56 W, 46, 2032 MHz, 3996 MHz, 52 %, 26 %
2026/03/24 02:38:46.790, 4, 178.91 W, 25, 120 MHz, 3996 MHz, 0 %, 0 %
2026/03/24 02:38:46.790, 5, 180.58 W, 27, 120 MHz, 3996 MHz, 0 %, 0 %
2026/03/24 02:38:46.790, 6, 178.49 W, 26, 120 MHz, 3996 MHz, 0 %, 0 %
2026/03/24 02:38:46.790, 7, 176.59 W, 27, 120 MHz, 3996 MHz, 0 %, 0 %
2026/03/24 02:38:47.790, 0, 592.41 W, 40, 2032 MHz, 3996 MHz, 99 %, 23 %
2026/03/24 02:38:47.790, 1, 606.49 W, 44, 2032 MHz, 3996 MHz, 99 %, 24 %
2026/03/24 02:38:47.790, 2, 596.85 W, 40, 2032 MHz, 3996 MHz, 100 %, 24 %
2026/03/24 02:38:47.791, 3, 599.40 W, 44, 2032 MHz, 3996 MHz, 43 %, 24 %
2026/03/24 02:38:47.791, 4, 178.83 W, 25, 120 MHz, 3996 MHz, 0 %, 0 %
2026/03/24 02:38:47.791, 5, 180.58 W, 27, 120 MHz, 3996 MHz, 0 %, 0 %
2026/03/24 02:38:47.791, 6, 178.13 W, 26, 120 MHz, 3996 MHz, 0 %, 0 %
2026/03/24 02:38:47.791, 7, 176.58 W, 27, 120 MHz, 3996 MHz, 0 %, 0 %
2026/03/24 02:38:48.791, 0, 640.64 W, 41, 2032 MHz, 3996 MHz, 52 %, 26 %
2026/03/24 02:38:48.791, 1, 651.48 W, 44, 2032 MHz, 3996 MHz, 100 %, 27 %
2026/03/24 02:38:48.791, 2, 664.54 W, 41, 2032 MHz, 3996 MHz, 99 %, 23 %
2026/03/24 02:38:48.791, 3, 651.43 W, 45, 2032 MHz, 3996 MHz, 100 %, 28 %
2026/03/24 02:38:48.791, 4, 178.99 W, 25, 120 MHz, 3996 MHz, 0 %, 0 %
2026/03/24 02:38:48.791, 5, 180.58 W, 27, 120 MHz, 3996 MHz, 0 %, 0 %
2026/03/24 02:38:48.791, 6, 178.26 W, 26, 120 MHz, 3996 MHz, 0 %, 0 %
2026/03/24 02:38:48.791, 7, 176.58 W, 27, 120 MHz, 3996 MHz, 0 %, 0 %
2026/03/24 02:38:49.791, 0, 605.10 W, 40, 2032 MHz, 3996 MHz, 99 %, 26 %
2026/03/24 02:38:49.791, 1, 614.31 W, 44, 2032 MHz, 3996 MHz, 99 %, 24 %
2026/03/24 02:38:49.791, 2, 621.91 W, 40, 2032 MHz, 3996 MHz, 99 %, 25 %
2026/03/24 02:38:49.791, 3, 620.57 W, 44, 2032 MHz, 3996 MHz, 48 %, 25 %
2026/03/24 02:38:49.791, 4, 178.78 W, 25, 120 MHz, 3996 MHz, 0 %, 0 %
2026/03/24 02:38:49.791, 5, 180.58 W, 27, 120 MHz, 3996 MHz, 0 %, 0 %
2026/03/24 02:38:49.791, 6, 178.45 W, 26, 120 MHz, 3996 MHz, 0 %, 0 %
2026/03/24 02:38:49.791, 7, 176.58 W, 27, 120 MHz, 3996 MHz, 0 %, 0 %
2026/03/24 02:38:50.791, 0, 612.64 W, 40, 2032 MHz, 3996 MHz, 100 %, 26 %
2026/03/24 02:38:50.792, 1, 620.82 W, 44, 2032 MHz, 3996 MHz, 100 %, 26 %
2026/03/24 02:38:50.792, 2, 630.53 W, 40, 2032 MHz, 3996 MHz, 100 %, 26 %
2026/03/24 02:38:50.792, 3, 620.44 W, 44, 2032 MHz, 3996 MHz, 52 %, 26 %
2026/03/24 02:38:50.792, 4, 178.89 W, 25, 120 MHz, 3996 MHz, 0 %, 0 %
2026/03/24 02:38:50.792, 5, 180.58 W, 27, 120 MHz, 3996 MHz, 0 %, 0 %
2026/03/24 02:38:50.792, 6, 178.34 W, 26, 120 MHz, 3996 MHz, 0 %, 0 %
2026/03/24 02:38:50.792, 7, 176.58 W, 27, 120 MHz, 3996 MHz, 0 %, 0 %
2026/03/24 02:38:51.792, 0, 631.14 W, 41, 2032 MHz, 3996 MHz, 87 %, 45 %
2026/03/24 02:38:51.792, 1, 643.36 W, 44, 2032 MHz, 3996 MHz, 97 %, 42 %
2026/03/24 02:38:51.792, 2, 643.08 W, 41, 2032 MHz, 3996 MHz, 96 %, 44 %
2026/03/24 02:38:51.792, 3, 642.01 W, 45, 2032 MHz, 3996 MHz, 84 %, 43 %
2026/03/24 02:38:51.792, 4, 179.11 W, 25, 120 MHz, 3996 MHz, 0 %, 0 %
2026/03/24 02:38:51.792, 5, 180.58 W, 27, 120 MHz, 3996 MHz, 0 %, 0 %
2026/03/24 02:38:51.792, 6, 178.29 W, 26, 120 MHz, 3996 MHz, 0 %, 0 %
2026/03/24 02:38:51.792, 7, 176.58 W, 27, 120 MHz, 3996 MHz, 0 %, 0 %
2026/03/24 02:38:52.792, 0, 592.64 W, 40, 2032 MHz, 3996 MHz, 99 %, 21 %
2026/03/24 02:38:52.792, 1, 592.71 W, 44, 2032 MHz, 3996 MHz, 99 %, 24 %
2026/03/24 02:38:52.792, 2, 601.45 W, 40, 2032 MHz, 3996 MHz, 99 %, 23 %
2026/03/24 02:38:52.792, 3, 594.47 W, 44, 2032 MHz, 3996 MHz, 45 %, 23 %
2026/03/24 02:38:52.792, 4, 178.92 W, 25, 120 MHz, 3996 MHz, 0 %, 0 %
2026/03/24 02:38:52.792, 5, 180.58 W, 27, 120 MHz, 3996 MHz, 0 %, 0 %
2026/03/24 02:38:52.792, 6, 178.41 W, 26, 120 MHz, 3996 MHz, 0 %, 0 %
2026/03/24 02:38:52.792, 7, 176.58 W, 27, 120 MHz, 3996 MHz, 0 %, 0 %
2026/03/24 02:38:53.792, 0, 578.68 W, 40, 2032 MHz, 3996 MHz, 99 %, 24 %
2026/03/24 02:38:53.792, 1, 582.64 W, 44, 2032 MHz, 3996 MHz, 99 %, 24 %
2026/03/24 02:38:53.792, 2, 585.70 W, 40, 2032 MHz, 3996 MHz, 99 %, 23 %
2026/03/24 02:38:53.792, 3, 586.71 W, 44, 2032 MHz, 3996 MHz, 50 %, 24 %
2026/03/24 02:38:53.792, 4, 178.98 W, 25, 120 MHz, 3996 MHz, 0 %, 0 %
2026/03/24 02:38:53.792, 5, 180.58 W, 27, 120 MHz, 3996 MHz, 0 %, 0 %
2026/03/24 02:38:53.792, 6, 178.29 W, 26, 120 MHz, 3996 MHz, 0 %, 0 %
2026/03/24 02:38:53.792, 7, 176.58 W, 27, 120 MHz, 3996 MHz, 0 %, 0 %
2026/03/24 02:38:54.792, 0, 664.14 W, 40, 2032 MHz, 3996 MHz, 79 %, 53 %
2026/03/24 02:38:54.792, 1, 675.44 W, 44, 2032 MHz, 3996 MHz, 95 %, 40 %
2026/03/24 02:38:54.792, 2, 678.44 W, 40, 2032 MHz, 3996 MHz, 95 %, 46 %
2026/03/24 02:38:54.792, 3, 674.73 W, 45, 2032 MHz, 3996 MHz, 83 %, 43 %
2026/03/24 02:38:54.792, 4, 178.93 W, 25, 120 MHz, 3996 MHz, 0 %, 0 %
2026/03/24 02:38:54.792, 5, 180.58 W, 27, 120 MHz, 3996 MHz, 0 %, 0 %
2026/03/24 02:38:54.792, 6, 178.15 W, 26, 120 MHz, 3996 MHz, 0 %, 0 %
2026/03/24 02:38:54.792, 7, 176.59 W, 27, 120 MHz, 3996 MHz, 0 %, 0 %
2026/03/24 02:38:55.792, 0, 638.65 W, 40, 2032 MHz, 3996 MHz, 99 %, 24 %
2026/03/24 02:38:55.792, 1, 644.18 W, 44, 2032 MHz, 3996 MHz, 99 %, 23 %
2026/03/24 02:38:55.792, 2, 643.57 W, 40, 2032 MHz, 3996 MHz, 99 %, 23 %
2026/03/24 02:38:55.792, 3, 647.47 W, 44, 2032 MHz, 3996 MHz, 41 %, 22 %
2026/03/24 02:38:55.792, 4, 179.23 W, 25, 120 MHz, 3996 MHz, 0 %, 0 %
2026/03/24 02:38:55.792, 5, 180.58 W, 27, 120 MHz, 3996 MHz, 0 %, 0 %
2026/03/24 02:38:55.792, 6, 178.29 W, 26, 120 MHz, 3996 MHz, 0 %, 0 %
2026/03/24 02:38:55.792, 7, 176.58 W, 27, 120 MHz, 3996 MHz, 0 %, 0 %
2026/03/24 02:38:56.792, 0, 666.15 W, 40, 2032 MHz, 3996 MHz, 96 %, 23 %
2026/03/24 02:38:56.792, 1, 681.19 W, 44, 2032 MHz, 3996 MHz, 99 %, 24 %
2026/03/24 02:38:56.792, 2, 679.91 W, 41, 2032 MHz, 3996 MHz, 99 %, 24 %
2026/03/24 02:38:56.792, 3, 679.72 W, 45, 2032 MHz, 3996 MHz, 45 %, 24 %
2026/03/24 02:38:56.792, 4, 178.79 W, 25, 120 MHz, 3996 MHz, 0 %, 0 %
2026/03/24 02:38:56.792, 5, 180.58 W, 27, 120 MHz, 3996 MHz, 0 %, 0 %
2026/03/24 02:38:56.792, 6, 178.22 W, 26, 120 MHz, 3996 MHz, 0 %, 0 %
2026/03/24 02:38:56.792, 7, 176.59 W, 27, 120 MHz, 3996 MHz, 0 %, 0 %
2026/03/24 02:38:57.793, 0, 691.69 W, 40, 2032 MHz, 3996 MHz, 85 %, 27 %
2026/03/24 02:38:57.793, 1, 704.29 W, 44, 2032 MHz, 3996 MHz, 99 %, 26 %
2026/03/24 02:38:57.793, 2, 709.83 W, 41, 2032 MHz, 3996 MHz, 100 %, 27 %
2026/03/24 02:38:57.793, 3, 705.87 W, 45, 2032 MHz, 3996 MHz, 54 %, 27 %
2026/03/24 02:38:57.793, 4, 178.96 W, 25, 120 MHz, 3996 MHz, 0 %, 0 %
2026/03/24 02:38:57.793, 5, 180.58 W, 27, 120 MHz, 3996 MHz, 0 %, 0 %
2026/03/24 02:38:57.793, 6, 178.49 W, 26, 120 MHz, 3996 MHz, 0 %, 0 %
2026/03/24 02:38:57.793, 7, 176.58 W, 27, 120 MHz, 3996 MHz, 0 %, 0 %
2026/03/24 02:38:58.793, 0, 647.08 W, 43, 2032 MHz, 3996 MHz, 100 %, 31 %
2026/03/24 02:38:58.793, 1, 671.07 W, 47, 2032 MHz, 3996 MHz, 98 %, 31 %
2026/03/24 02:38:58.793, 2, 668.16 W, 43, 2032 MHz, 3996 MHz, 98 %, 29 %
2026/03/24 02:38:58.793, 3, 671.79 W, 48, 2032 MHz, 3996 MHz, 61 %, 31 %
2026/03/24 02:38:58.793, 4, 178.93 W, 25, 120 MHz, 3996 MHz, 0 %, 0 %
2026/03/24 02:38:58.793, 5, 180.58 W, 27, 120 MHz, 3996 MHz, 0 %, 0 %
2026/03/24 02:38:58.793, 6, 178.15 W, 26, 120 MHz, 3996 MHz, 0 %, 0 %
2026/03/24 02:38:58.793, 7, 176.59 W, 27, 120 MHz, 3996 MHz, 0 %, 0 %
2026/03/24 02:38:59.793, 0, 686.58 W, 41, 2032 MHz, 3996 MHz, 100 %, 27 %
2026/03/24 02:38:59.793, 1, 675.25 W, 44, 2032 MHz, 3996 MHz, 100 %, 27 %
2026/03/24 02:38:59.793, 2, 688.94 W, 40, 2032 MHz, 3996 MHz, 100 %, 27 %
2026/03/24 02:38:59.793, 3, 686.86 W, 45, 2032 MHz, 3996 MHz, 54 %, 27 %
2026/03/24 02:38:59.793, 4, 179.11 W, 25, 120 MHz, 3996 MHz, 0 %, 0 %
2026/03/24 02:38:59.793, 5, 180.58 W, 27, 120 MHz, 3996 MHz, 0 %, 0 %
2026/03/24 02:38:59.793, 6, 178.21 W, 26, 120 MHz, 3996 MHz, 0 %, 0 %
2026/03/24 02:38:59.793, 7, 176.58 W, 27, 120 MHz, 3996 MHz, 0 %, 0 %
2026/03/24 02:39:00.793, 0, 582.38 W, 39, 2032 MHz, 3996 MHz, 79 %, 23 %
2026/03/24 02:39:00.793, 1, 585.99 W, 43, 2032 MHz, 3996 MHz, 100 %, 24 %
2026/03/24 02:39:00.793, 2, 589.61 W, 39, 2032 MHz, 3996 MHz, 99 %, 24 %
2026/03/24 02:39:00.793, 3, 584.61 W, 44, 2032 MHz, 3996 MHz, 43 %, 24 %
2026/03/24 02:39:00.793, 4, 178.95 W, 25, 120 MHz, 3996 MHz, 0 %, 0 %
2026/03/24 02:39:00.793, 5, 180.58 W, 27, 120 MHz, 3996 MHz, 0 %, 0 %
2026/03/24 02:39:00.793, 6, 178.45 W, 26, 120 MHz, 3996 MHz, 0 %, 0 %
2026/03/24 02:39:00.793, 7, 176.58 W, 27, 120 MHz, 3996 MHz, 0 %, 0 %
2026/03/24 02:39:01.793, 0, 722.57 W, 42, 2032 MHz, 3996 MHz, 72 %, 35 %
2026/03/24 02:39:01.793, 1, 738.76 W, 45, 2032 MHz, 3996 MHz, 99 %, 36 %
2026/03/24 02:39:01.793, 2, 731.44 W, 41, 2032 MHz, 3996 MHz, 100 %, 36 %
2026/03/24 02:39:01.793, 3, 733.46 W, 46, 2032 MHz, 3996 MHz, 84 %, 36 %
2026/03/24 02:39:01.793, 4, 179.15 W, 25, 120 MHz, 3996 MHz, 0 %, 0 %
2026/03/24 02:39:01.793, 5, 180.58 W, 27, 120 MHz, 3996 MHz, 0 %, 0 %
2026/03/24 02:39:01.793, 6, 178.06 W, 26, 120 MHz, 3996 MHz, 0 %, 0 %
2026/03/24 02:39:01.793, 7, 176.59 W, 27, 120 MHz, 3996 MHz, 0 %, 0 %
2026/03/24 02:39:02.793, 0, 599.81 W, 40, 2032 MHz, 3996 MHz, 99 %, 25 %
2026/03/24 02:39:02.793, 1, 604.86 W, 44, 2032 MHz, 3996 MHz, 99 %, 25 %
2026/03/24 02:39:02.793, 2, 607.14 W, 40, 2032 MHz, 3996 MHz, 99 %, 25 %
2026/03/24 02:39:02.793, 3, 603.09 W, 45, 2032 MHz, 3996 MHz, 49 %, 25 %
2026/03/24 02:39:02.793, 4, 179.14 W, 25, 120 MHz, 3996 MHz, 0 %, 0 %
2026/03/24 02:39:02.793, 5, 180.58 W, 27, 120 MHz, 3996 MHz, 0 %, 0 %
2026/03/24 02:39:02.793, 6, 178.18 W, 26, 120 MHz, 3996 MHz, 0 %, 0 %
2026/03/24 02:39:02.793, 7, 176.59 W, 27, 120 MHz, 3996 MHz, 0 %, 0 %
2026/03/24 02:39:03.793, 0, 606.66 W, 39, 2032 MHz, 3996 MHz, 99 %, 26 %
2026/03/24 02:39:03.793, 1, 609.35 W, 43, 2032 MHz, 3996 MHz, 100 %, 26 %
2026/03/24 02:39:03.793, 2, 615.83 W, 40, 2032 MHz, 3996 MHz, 100 %, 26 %
2026/03/24 02:39:03.793, 3, 612.61 W, 44, 2032 MHz, 3996 MHz, 51 %, 26 %
2026/03/24 02:39:03.793, 4, 179.02 W, 25, 120 MHz, 3996 MHz, 0 %, 0 %
2026/03/24 02:39:03.793, 5, 180.58 W, 27, 120 MHz, 3996 MHz, 0 %, 0 %
2026/03/24 02:39:03.794, 6, 178.22 W, 26, 120 MHz, 3996 MHz, 0 %, 0 %
2026/03/24 02:39:03.794, 7, 176.58 W, 27, 120 MHz, 3996 MHz, 0 %, 0 %
2026/03/24 02:39:04.794, 0, 546.07 W, 39, 2032 MHz, 3996 MHz, 98 %, 25 %
2026/03/24 02:39:04.794, 1, 557.32 W, 43, 2032 MHz, 3996 MHz, 99 %, 24 %
2026/03/24 02:39:04.794, 2, 558.83 W, 40, 2032 MHz, 3996 MHz, 99 %, 24 %
2026/03/24 02:39:04.794, 3, 553.58 W, 44, 2032 MHz, 3996 MHz, 50 %, 24 %
2026/03/24 02:39:04.794, 4, 179.01 W, 25, 120 MHz, 3996 MHz, 0 %, 0 %
2026/03/24 02:39:04.794, 5, 180.58 W, 27, 120 MHz, 3996 MHz, 0 %, 0 %
2026/03/24 02:39:04.794, 6, 178.30 W, 26, 120 MHz, 3996 MHz, 0 %, 0 %
2026/03/24 02:39:04.794, 7, 176.58 W, 27, 120 MHz, 3996 MHz, 0 %, 0 %
2026/03/24 02:39:05.794, 0, 584.08 W, 39, 2032 MHz, 3996 MHz, 99 %, 31 %
2026/03/24 02:39:05.794, 1, 591.47 W, 43, 2032 MHz, 3996 MHz, 99 %, 28 %
2026/03/24 02:39:05.794, 2, 592.46 W, 39, 2032 MHz, 3996 MHz, 99 %, 29 %
2026/03/24 02:39:05.794, 3, 586.07 W, 44, 2032 MHz, 3996 MHz, 58 %, 29 %
2026/03/24 02:39:05.794, 4, 178.97 W, 25, 120 MHz, 3996 MHz, 0 %, 0 %
2026/03/24 02:39:05.794, 5, 180.58 W, 27, 120 MHz, 3996 MHz, 0 %, 0 %
2026/03/24 02:39:05.794, 6, 178.33 W, 26, 120 MHz, 3996 MHz, 0 %, 0 %
2026/03/24 02:39:05.794, 7, 176.59 W, 27, 120 MHz, 3996 MHz, 0 %, 0 %
2026/03/24 02:39:06.794, 0, 742.40 W, 42, 2032 MHz, 3996 MHz, 70 %, 44 %
2026/03/24 02:39:06.794, 1, 755.71 W, 46, 2032 MHz, 3996 MHz, 100 %, 58 %
2026/03/24 02:39:06.794, 2, 760.88 W, 42, 2032 MHz, 3996 MHz, 100 %, 51 %
2026/03/24 02:39:06.794, 3, 762.92 W, 47, 2032 MHz, 3996 MHz, 99 %, 55 %
2026/03/24 02:39:06.794, 4, 179.08 W, 25, 120 MHz, 3996 MHz, 0 %, 0 %
2026/03/24 02:39:06.794, 5, 180.58 W, 27, 120 MHz, 3996 MHz, 0 %, 0 %
2026/03/24 02:39:06.794, 6, 178.34 W, 26, 120 MHz, 3996 MHz, 0 %, 0 %
2026/03/24 02:39:06.794, 7, 176.58 W, 27, 120 MHz, 3996 MHz, 0 %, 0 %
2026/03/24 02:39:07.794, 0, 645.30 W, 40, 2032 MHz, 3996 MHz, 98 %, 24 %
2026/03/24 02:39:07.794, 1, 645.54 W, 43, 2032 MHz, 3996 MHz, 100 %, 26 %
2026/03/24 02:39:07.794, 2, 652.01 W, 40, 2032 MHz, 3996 MHz, 99 %, 25 %
2026/03/24 02:39:07.794, 3, 643.21 W, 44, 2032 MHz, 3996 MHz, 51 %, 25 %
2026/03/24 02:39:07.794, 4, 178.84 W, 25, 120 MHz, 3996 MHz, 0 %, 0 %
2026/03/24 02:39:07.794, 5, 180.58 W, 27, 120 MHz, 3996 MHz, 0 %, 0 %
2026/03/24 02:39:07.794, 6, 178.25 W, 26, 120 MHz, 3996 MHz, 0 %, 0 %
2026/03/24 02:39:07.794, 7, 176.59 W, 27, 120 MHz, 3996 MHz, 0 %, 0 %
2026/03/24 02:39:08.794, 0, 627.84 W, 39, 2032 MHz, 3996 MHz, 98 %, 23 %
2026/03/24 02:39:08.794, 1, 636.64 W, 43, 2032 MHz, 3996 MHz, 99 %, 23 %
2026/03/24 02:39:08.794, 2, 642.04 W, 39, 2032 MHz, 3996 MHz, 99 %, 23 %
2026/03/24 02:39:08.794, 3, 637.64 W, 44, 2032 MHz, 3996 MHz, 41 %, 22 %
2026/03/24 02:39:08.794, 4, 178.95 W, 25, 120 MHz, 3996 MHz, 0 %, 0 %
2026/03/24 02:39:08.794, 5, 180.58 W, 27, 120 MHz, 3996 MHz, 0 %, 0 %
2026/03/24 02:39:08.794, 6, 178.34 W, 26, 120 MHz, 3996 MHz, 0 %, 0 %
2026/03/24 02:39:08.794, 7, 176.59 W, 27, 120 MHz, 3996 MHz, 0 %, 0 %
2026/03/24 02:39:09.794, 0, 678.10 W, 40, 2032 MHz, 3996 MHz, 99 %, 24 %
2026/03/24 02:39:09.794, 1, 687.15 W, 43, 2032 MHz, 3996 MHz, 99 %, 23 %
2026/03/24 02:39:09.794, 2, 690.66 W, 40, 2032 MHz, 3996 MHz, 99 %, 23 %
2026/03/24 02:39:09.794, 3, 688.98 W, 44, 2032 MHz, 3996 MHz, 43 %, 23 %
2026/03/24 02:39:09.794, 4, 179.05 W, 25, 120 MHz, 3996 MHz, 0 %, 0 %
2026/03/24 02:39:09.794, 5, 180.58 W, 27, 120 MHz, 3996 MHz, 0 %, 0 %
2026/03/24 02:39:09.794, 6, 178.29 W, 26, 120 MHz, 3996 MHz, 0 %, 0 %
2026/03/24 02:39:09.794, 7, 176.58 W, 27, 120 MHz, 3996 MHz, 0 %, 0 %
2026/03/24 02:39:10.794, 0, 643.63 W, 40, 2032 MHz, 3996 MHz, 77 %, 51 %
2026/03/24 02:39:10.794, 1, 643.01 W, 44, 2032 MHz, 3996 MHz, 96 %, 38 %
2026/03/24 02:39:10.794, 2, 645.59 W, 40, 2032 MHz, 3996 MHz, 96 %, 44 %
2026/03/24 02:39:10.795, 3, 648.85 W, 45, 2032 MHz, 3996 MHz, 89 %, 42 %
2026/03/24 02:39:10.795, 4, 179.01 W, 25, 120 MHz, 3996 MHz, 0 %, 0 %
2026/03/24 02:39:10.795, 5, 180.58 W, 27, 120 MHz, 3996 MHz, 0 %, 0 %
2026/03/24 02:39:10.795, 6, 178.41 W, 26, 120 MHz, 3996 MHz, 0 %, 0 %
2026/03/24 02:39:10.795, 7, 176.58 W, 27, 120 MHz, 3996 MHz, 0 %, 0 %
2026/03/24 02:39:11.795, 0, 639.18 W, 40, 2032 MHz, 3996 MHz, 65 %, 24 %
2026/03/24 02:39:11.795, 1, 652.56 W, 44, 2032 MHz, 3996 MHz, 99 %, 25 %
2026/03/24 02:39:11.795, 2, 654.36 W, 40, 2032 MHz, 3996 MHz, 99 %, 24 %
2026/03/24 02:39:11.795, 3, 653.60 W, 44, 2032 MHz, 3996 MHz, 59 %, 25 %
2026/03/24 02:39:11.795, 4, 178.99 W, 25, 120 MHz, 3996 MHz, 0 %, 0 %
2026/03/24 02:39:11.795, 5, 180.58 W, 27, 120 MHz, 3996 MHz, 0 %, 0 %
2026/03/24 02:39:11.795, 6, 178.29 W, 26, 120 MHz, 3996 MHz, 0 %, 0 %
2026/03/24 02:39:11.795, 7, 176.59 W, 27, 120 MHz, 3996 MHz, 0 %, 0 %
2026/03/24 02:39:12.795, 0, 628.07 W, 40, 2032 MHz, 3996 MHz, 100 %, 30 %
2026/03/24 02:39:12.795, 1, 630.02 W, 44, 2032 MHz, 3996 MHz, 97 %, 42 %
2026/03/24 02:39:12.795, 2, 637.82 W, 40, 2032 MHz, 3996 MHz, 100 %, 37 %
2026/03/24 02:39:12.795, 3, 633.40 W, 45, 2032 MHz, 3996 MHz, 69 %, 42 %
2026/03/24 02:39:12.795, 4, 178.90 W, 25, 120 MHz, 3996 MHz, 0 %, 0 %
2026/03/24 02:39:12.795, 5, 180.58 W, 27, 120 MHz, 3996 MHz, 0 %, 0 %
2026/03/24 02:39:12.795, 6, 178.21 W, 26, 120 MHz, 3996 MHz, 0 %, 0 %
2026/03/24 02:39:12.795, 7, 176.60 W, 27, 120 MHz, 3996 MHz, 0 %, 0 %
2026/03/24 02:39:13.795, 0, 664.05 W, 41, 2032 MHz, 3996 MHz, 100 %, 47 %
2026/03/24 02:39:13.795, 1, 673.80 W, 46, 2032 MHz, 3996 MHz, 100 %, 59 %
2026/03/24 02:39:13.795, 2, 679.62 W, 42, 2032 MHz, 3996 MHz, 100 %, 54 %
2026/03/24 02:39:13.795, 3, 678.04 W, 46, 2032 MHz, 3996 MHz, 85 %, 57 %
2026/03/24 02:39:13.795, 4, 178.84 W, 25, 120 MHz, 3996 MHz, 0 %, 0 %
2026/03/24 02:39:13.795, 5, 180.58 W, 27, 120 MHz, 3996 MHz, 0 %, 0 %
2026/03/24 02:39:13.795, 6, 178.41 W, 26, 120 MHz, 3996 MHz, 0 %, 0 %
2026/03/24 02:39:13.795, 7, 176.59 W, 27, 120 MHz, 3996 MHz, 0 %, 0 %
2026/03/24 02:39:14.795, 0, 650.46 W, 39, 2032 MHz, 3996 MHz, 87 %, 23 %
2026/03/24 02:39:14.795, 1, 662.08 W, 43, 2032 MHz, 3996 MHz, 99 %, 23 %
2026/03/24 02:39:14.795, 2, 666.77 W, 40, 2032 MHz, 3996 MHz, 77 %, 23 %
2026/03/24 02:39:14.795, 3, 660.02 W, 44, 2032 MHz, 3996 MHz, 48 %, 23 %
2026/03/24 02:39:14.795, 4, 179.16 W, 25, 120 MHz, 3996 MHz, 0 %, 0 %
2026/03/24 02:39:14.795, 5, 180.58 W, 27, 120 MHz, 3996 MHz, 0 %, 0 %
2026/03/24 02:39:14.795, 6, 178.30 W, 26, 120 MHz, 3996 MHz, 0 %, 0 %
2026/03/24 02:39:14.795, 7, 176.59 W, 27, 120 MHz, 3996 MHz, 0 %, 0 %
2026/03/24 02:39:15.795, 0, 711.94 W, 41, 2032 MHz, 3996 MHz, 91 %, 27 %
2026/03/24 02:39:15.795, 1, 728.48 W, 45, 2032 MHz, 3996 MHz, 100 %, 35 %
2026/03/24 02:39:15.795, 2, 730.33 W, 42, 2032 MHz, 3996 MHz, 100 %, 29 %
2026/03/24 02:39:15.795, 3, 728.44 W, 46, 2032 MHz, 3996 MHz, 59 %, 32 %
2026/03/24 02:39:15.795, 4, 178.99 W, 25, 120 MHz, 3996 MHz, 0 %, 0 %
2026/03/24 02:39:15.795, 5, 180.58 W, 27, 120 MHz, 3996 MHz, 0 %, 0 %
2026/03/24 02:39:15.795, 6, 178.25 W, 26, 120 MHz, 3996 MHz, 0 %, 0 %
2026/03/24 02:39:15.795, 7, 176.59 W, 27, 120 MHz, 3996 MHz, 0 %, 0 %
2026/03/24 02:39:16.795, 0, 634.74 W, 40, 2032 MHz, 3996 MHz, 100 %, 35 %
2026/03/24 02:39:16.796, 1, 643.12 W, 43, 2032 MHz, 3996 MHz, 95 %, 40 %
2026/03/24 02:39:16.796, 2, 652.96 W, 40, 2032 MHz, 3996 MHz, 97 %, 41 %
2026/03/24 02:39:16.796, 3, 648.80 W, 44, 2032 MHz, 3996 MHz, 66 %, 41 %
2026/03/24 02:39:16.796, 4, 179.04 W, 25, 120 MHz, 3996 MHz, 0 %, 0 %
2026/03/24 02:39:16.796, 5, 180.58 W, 27, 120 MHz, 3996 MHz, 0 %, 0 %
2026/03/24 02:39:16.796, 6, 178.06 W, 26, 120 MHz, 3996 MHz, 0 %, 0 %
2026/03/24 02:39:16.796, 7, 176.59 W, 27, 120 MHz, 3996 MHz, 0 %, 0 %
2026/03/24 02:39:17.796, 0, 713.54 W, 41, 2032 MHz, 3996 MHz, 69 %, 24 %
2026/03/24 02:39:17.796, 1, 739.17 W, 44, 2032 MHz, 3996 MHz, 100 %, 38 %
2026/03/24 02:39:17.796, 2, 736.39 W, 42, 2032 MHz, 3996 MHz, 100 %, 31 %
2026/03/24 02:39:17.796, 3, 737.42 W, 45, 2032 MHz, 3996 MHz, 63 %, 33 %
2026/03/24 02:39:17.796, 4, 179.11 W, 25, 120 MHz, 3996 MHz, 0 %, 0 %
2026/03/24 02:39:17.796, 5, 180.58 W, 27, 120 MHz, 3996 MHz, 0 %, 0 %
2026/03/24 02:39:17.796, 6, 178.22 W, 26, 120 MHz, 3996 MHz, 0 %, 0 %
2026/03/24 02:39:17.796, 7, 176.58 W, 27, 120 MHz, 3996 MHz, 0 %, 0 %
2026/03/24 02:39:18.796, 0, 628.21 W, 40, 2032 MHz, 3996 MHz, 100 %, 27 %
2026/03/24 02:39:18.796, 1, 633.70 W, 44, 2032 MHz, 3996 MHz, 98 %, 40 %
2026/03/24 02:39:18.796, 2, 638.27 W, 40, 2032 MHz, 3996 MHz, 100 %, 37 %
2026/03/24 02:39:18.796, 3, 634.17 W, 44, 2032 MHz, 3996 MHz, 55 %, 26 %
2026/03/24 02:39:18.796, 4, 178.80 W, 25, 120 MHz, 3996 MHz, 0 %, 0 %
2026/03/24 02:39:18.796, 5, 180.58 W, 27, 120 MHz, 3996 MHz, 0 %, 0 %
2026/03/24 02:39:18.796, 6, 178.30 W, 26, 120 MHz, 3996 MHz, 0 %, 0 %
2026/03/24 02:39:18.796, 7, 176.58 W, 27, 120 MHz, 3996 MHz, 0 %, 0 %
2026/03/24 02:39:19.796, 0, 597.99 W, 38, 2032 MHz, 3996 MHz, 37 %, 21 %
2026/03/24 02:39:19.796, 1, 604.78 W, 42, 2032 MHz, 3996 MHz, 99 %, 19 %
2026/03/24 02:39:19.796, 2, 606.80 W, 38, 2032 MHz, 3996 MHz, 99 %, 20 %
2026/03/24 02:39:19.796, 3, 609.47 W, 43, 2032 MHz, 3996 MHz, 98 %, 19 %
2026/03/24 02:39:19.796, 4, 178.93 W, 25, 120 MHz, 3996 MHz, 0 %, 0 %
2026/03/24 02:39:19.796, 5, 180.58 W, 27, 120 MHz, 3996 MHz, 0 %, 0 %
2026/03/24 02:39:19.796, 6, 178.18 W, 26, 120 MHz, 3996 MHz, 0 %, 0 %
2026/03/24 02:39:19.796, 7, 176.59 W, 27, 120 MHz, 3996 MHz, 0 %, 0 %
2026/03/24 02:39:20.796, 0, 809.41 W, 42, 2032 MHz, 3996 MHz, 94 %, 46 %
2026/03/24 02:39:20.796, 1, 842.18 W, 46, 2032 MHz, 3996 MHz, 100 %, 59 %
2026/03/24 02:39:20.796, 2, 847.91 W, 43, 2032 MHz, 3996 MHz, 100 %, 53 %
2026/03/24 02:39:20.796, 3, 846.96 W, 46, 2032 MHz, 3996 MHz, 97 %, 67 %
2026/03/24 02:39:20.796, 4, 179.07 W, 25, 120 MHz, 3996 MHz, 0 %, 0 %
2026/03/24 02:39:20.796, 5, 180.58 W, 27, 120 MHz, 3996 MHz, 0 %, 0 %
2026/03/24 02:39:20.796, 6, 178.29 W, 26, 120 MHz, 3996 MHz, 0 %, 0 %
2026/03/24 02:39:20.796, 7, 176.59 W, 27, 120 MHz, 3996 MHz, 0 %, 0 %
2026/03/24 02:39:21.796, 0, 596.30 W, 39, 2032 MHz, 3996 MHz, 97 %, 24 %
2026/03/24 02:39:21.796, 1, 600.84 W, 43, 2032 MHz, 3996 MHz, 99 %, 22 %
2026/03/24 02:39:21.796, 2, 607.10 W, 40, 2032 MHz, 3996 MHz, 99 %, 22 %
2026/03/24 02:39:21.796, 3, 604.34 W, 44, 2032 MHz, 3996 MHz, 42 %, 23 %
2026/03/24 02:39:21.796, 4, 178.82 W, 25, 120 MHz, 3996 MHz, 0 %, 0 %
2026/03/24 02:39:21.796, 5, 180.58 W, 27, 120 MHz, 3996 MHz, 0 %, 0 %
2026/03/24 02:39:21.796, 6, 178.33 W, 26, 120 MHz, 3996 MHz, 0 %, 0 %
2026/03/24 02:39:21.796, 7, 176.58 W, 27, 120 MHz, 3996 MHz, 0 %, 0 %
2026/03/24 02:39:22.796, 0, 569.39 W, 39, 2032 MHz, 3996 MHz, 99 %, 22 %
2026/03/24 02:39:22.796, 1, 580.79 W, 43, 2032 MHz, 3996 MHz, 99 %, 23 %
2026/03/24 02:39:22.796, 2, 579.99 W, 39, 2032 MHz, 3996 MHz, 99 %, 23 %
2026/03/24 02:39:22.796, 3, 578.74 W, 43, 2032 MHz, 3996 MHz, 42 %, 23 %
2026/03/24 02:39:22.796, 4, 178.94 W, 25, 120 MHz, 3996 MHz, 0 %, 0 %
2026/03/24 02:39:22.796, 5, 180.58 W, 27, 120 MHz, 3996 MHz, 0 %, 0 %
2026/03/24 02:39:22.796, 6, 178.26 W, 26, 120 MHz, 3996 MHz, 0 %, 0 %
2026/03/24 02:39:22.796, 7, 176.59 W, 27, 120 MHz, 3996 MHz, 0 %, 0 %
2026/03/24 02:39:23.797, 0, 624.81 W, 39, 2032 MHz, 3996 MHz, 98 %, 23 %
2026/03/24 02:39:23.797, 1, 634.78 W, 43, 2032 MHz, 3996 MHz, 99 %, 23 %
2026/03/24 02:39:23.797, 2, 637.29 W, 39, 2032 MHz, 3996 MHz, 99 %, 23 %
2026/03/24 02:39:23.797, 3, 634.67 W, 45, 2032 MHz, 3996 MHz, 48 %, 28 %
2026/03/24 02:39:23.797, 4, 178.85 W, 25, 120 MHz, 3996 MHz, 0 %, 0 %
2026/03/24 02:39:23.797, 5, 180.58 W, 27, 120 MHz, 3996 MHz, 0 %, 0 %
2026/03/24 02:39:23.797, 6, 178.14 W, 26, 120 MHz, 3996 MHz, 0 %, 0 %
2026/03/24 02:39:23.797, 7, 176.58 W, 27, 120 MHz, 3996 MHz, 0 %, 0 %
2026/03/24 02:39:24.797, 0, 691.24 W, 39, 2032 MHz, 3996 MHz, 92 %, 23 %
2026/03/24 02:39:24.797, 1, 706.54 W, 43, 2032 MHz, 3996 MHz, 99 %, 22 %
2026/03/24 02:39:24.797, 2, 717.03 W, 40, 2032 MHz, 3996 MHz, 99 %, 22 %
2026/03/24 02:39:24.797, 3, 711.59 W, 45, 2032 MHz, 3996 MHz, 58 %, 36 %
2026/03/24 02:39:24.797, 4, 178.87 W, 25, 120 MHz, 3996 MHz, 0 %, 0 %
2026/03/24 02:39:24.797, 5, 180.58 W, 27, 120 MHz, 3996 MHz, 0 %, 0 %
2026/03/24 02:39:24.797, 6, 178.45 W, 26, 120 MHz, 3996 MHz, 0 %, 0 %
2026/03/24 02:39:24.797, 7, 176.59 W, 27, 120 MHz, 3996 MHz, 0 %, 0 %
2026/03/24 02:39:25.797, 0, 697.08 W, 38, 2032 MHz, 3996 MHz, 47 %, 19 %
2026/03/24 02:39:25.797, 1, 717.93 W, 44, 2032 MHz, 3996 MHz, 100 %, 19 %
2026/03/24 02:39:25.797, 2, 732.95 W, 39, 2032 MHz, 3996 MHz, 100 %, 18 %
2026/03/24 02:39:25.797, 3, 722.91 W, 44, 2032 MHz, 3996 MHz, 77 %, 42 %
2026/03/24 02:39:25.797, 4, 178.95 W, 25, 120 MHz, 3996 MHz, 0 %, 0 %
2026/03/24 02:39:25.797, 5, 180.58 W, 27, 120 MHz, 3996 MHz, 0 %, 0 %
2026/03/24 02:39:25.797, 6, 178.38 W, 26, 120 MHz, 3996 MHz, 0 %, 0 %
2026/03/24 02:39:25.797, 7, 176.59 W, 27, 120 MHz, 3996 MHz, 0 %, 0 %
2026/03/24 02:39:26.797, 0, 683.84 W, 42, 2032 MHz, 3996 MHz, 100 %, 70 %
2026/03/24 02:39:26.797, 1, 704.43 W, 46, 2032 MHz, 3996 MHz, 100 %, 70 %
2026/03/24 02:39:26.797, 2, 706.04 W, 43, 2032 MHz, 3996 MHz, 100 %, 70 %
2026/03/24 02:39:26.797, 3, 701.81 W, 45, 2032 MHz, 3996 MHz, 77 %, 44 %
2026/03/24 02:39:26.797, 4, 179.07 W, 25, 120 MHz, 3996 MHz, 0 %, 0 %
2026/03/24 02:39:26.797, 5, 180.58 W, 27, 120 MHz, 3996 MHz, 0 %, 0 %
2026/03/24 02:39:26.797, 6, 178.37 W, 26, 120 MHz, 3996 MHz, 0 %, 0 %
2026/03/24 02:39:26.797, 7, 176.58 W, 27, 120 MHz, 3996 MHz, 0 %, 0 %
2026/03/24 02:39:27.797, 0, 668.05 W, 40, 2032 MHz, 3996 MHz, 65 %, 37 %
2026/03/24 02:39:27.797, 1, 690.14 W, 44, 2032 MHz, 3996 MHz, 95 %, 24 %
2026/03/24 02:39:27.797, 2, 683.76 W, 41, 2032 MHz, 3996 MHz, 96 %, 31 %
2026/03/24 02:39:27.797, 3, 688.15 W, 46, 2032 MHz, 3996 MHz, 71 %, 47 %
2026/03/24 02:39:27.797, 4, 178.88 W, 25, 120 MHz, 3996 MHz, 0 %, 0 %
2026/03/24 02:39:27.797, 5, 180.58 W, 27, 120 MHz, 3996 MHz, 0 %, 0 %
2026/03/24 02:39:27.797, 6, 178.34 W, 26, 120 MHz, 3996 MHz, 0 %, 0 %
2026/03/24 02:39:27.797, 7, 176.58 W, 27, 120 MHz, 3996 MHz, 0 %, 0 %
2026/03/24 02:39:28.797, 0, 751.19 W, 40, 2032 MHz, 3996 MHz, 64 %, 41 %
2026/03/24 02:39:28.797, 1, 771.15 W, 44, 2032 MHz, 3996 MHz, 96 %, 27 %
2026/03/24 02:39:28.797, 2, 773.96 W, 41, 2032 MHz, 3996 MHz, 96 %, 34 %
2026/03/24 02:39:28.797, 3, 771.92 W, 46, 2032 MHz, 3996 MHz, 65 %, 42 %
2026/03/24 02:39:28.797, 4, 178.95 W, 25, 120 MHz, 3996 MHz, 0 %, 0 %
2026/03/24 02:39:28.797, 5, 180.58 W, 27, 120 MHz, 3996 MHz, 0 %, 0 %
2026/03/24 02:39:28.797, 6, 178.34 W, 26, 120 MHz, 3996 MHz, 0 %, 0 %
2026/03/24 02:39:28.797, 7, 176.58 W, 27, 120 MHz, 3996 MHz, 0 %, 0 %
2026/03/24 02:39:29.797, 0, 748.55 W, 41, 2032 MHz, 3996 MHz, 64 %, 39 %
2026/03/24 02:39:29.797, 1, 769.85 W, 46, 2032 MHz, 3996 MHz, 100 %, 52 %
2026/03/24 02:39:29.797, 2, 775.05 W, 42, 2032 MHz, 3996 MHz, 100 %, 46 %
2026/03/24 02:39:29.797, 3, 768.04 W, 47, 2032 MHz, 3996 MHz, 100 %, 70 %
2026/03/24 02:39:29.797, 4, 178.99 W, 25, 120 MHz, 3996 MHz, 0 %, 0 %
2026/03/24 02:39:29.797, 5, 180.58 W, 27, 120 MHz, 3996 MHz, 0 %, 0 %
2026/03/24 02:39:29.797, 6, 178.30 W, 26, 120 MHz, 3996 MHz, 0 %, 0 %
2026/03/24 02:39:29.798, 7, 176.58 W, 27, 120 MHz, 3996 MHz, 0 %, 0 %
2026/03/24 02:39:30.798, 0, 814.08 W, 43, 2032 MHz, 3996 MHz, 100 %, 70 %
2026/03/24 02:39:30.798, 1, 825.82 W, 47, 2032 MHz, 3996 MHz, 100 %, 70 %
2026/03/24 02:39:30.798, 2, 842.93 W, 43, 2032 MHz, 3996 MHz, 100 %, 70 %
2026/03/24 02:39:30.798, 3, 840.13 W, 47, 2032 MHz, 3996 MHz, 100 %, 70 %
2026/03/24 02:39:30.798, 4, 178.90 W, 25, 120 MHz, 3996 MHz, 0 %, 0 %
2026/03/24 02:39:30.798, 5, 180.58 W, 27, 120 MHz, 3996 MHz, 0 %, 0 %
2026/03/24 02:39:30.798, 6, 178.33 W, 26, 120 MHz, 3996 MHz, 0 %, 0 %
2026/03/24 02:39:30.798, 7, 176.58 W, 27, 120 MHz, 3996 MHz, 0 %, 0 %
2026/03/24 02:39:31.798, 0, 803.97 W, 43, 2032 MHz, 3996 MHz, 100 %, 70 %
2026/03/24 02:39:31.798, 1, 831.77 W, 48, 2032 MHz, 3996 MHz, 100 %, 70 %
2026/03/24 02:39:31.798, 2, 835.64 W, 44, 2032 MHz, 3996 MHz, 100 %, 70 %
2026/03/24 02:39:31.798, 3, 830.83 W, 48, 2032 MHz, 3996 MHz, 100 %, 70 %
2026/03/24 02:39:31.798, 4, 178.92 W, 25, 120 MHz, 3996 MHz, 0 %, 0 %
2026/03/24 02:39:31.798, 5, 180.58 W, 27, 120 MHz, 3996 MHz, 0 %, 0 %
2026/03/24 02:39:31.798, 6, 178.34 W, 26, 120 MHz, 3996 MHz, 0 %, 0 %
2026/03/24 02:39:31.798, 7, 176.59 W, 27, 120 MHz, 3996 MHz, 0 %, 0 %
2026/03/24 02:39:32.798, 0, 858.34 W, 43, 2032 MHz, 3996 MHz, 46 %, 25 %
2026/03/24 02:39:32.798, 1, 886.20 W, 46, 2032 MHz, 3996 MHz, 99 %, 24 %
2026/03/24 02:39:32.798, 2, 893.48 W, 42, 2032 MHz, 3996 MHz, 99 %, 24 %
2026/03/24 02:39:32.798, 3, 887.39 W, 48, 2032 MHz, 3996 MHz, 88 %, 60 %
2026/03/24 02:39:32.798, 4, 178.88 W, 25, 120 MHz, 3996 MHz, 0 %, 0 %
2026/03/24 02:39:32.798, 5, 180.58 W, 27, 120 MHz, 3996 MHz, 0 %, 0 %
2026/03/24 02:39:32.798, 6, 178.29 W, 26, 120 MHz, 3996 MHz, 0 %, 0 %
2026/03/24 02:39:32.798, 7, 176.59 W, 27, 120 MHz, 3996 MHz, 0 %, 0 %
2026/03/24 02:39:33.798, 0, 912.69 W, 44, 2032 MHz, 3996 MHz, 100 %, 70 %
2026/03/24 02:39:33.798, 1, 941.96 W, 48, 2032 MHz, 3996 MHz, 100 %, 70 %
2026/03/24 02:39:33.798, 2, 950.72 W, 45, 2032 MHz, 3996 MHz, 100 %, 70 %
2026/03/24 02:39:33.798, 3, 946.83 W, 49, 2032 MHz, 3996 MHz, 100 %, 70 %
2026/03/24 02:39:33.798, 4, 179.02 W, 25, 120 MHz, 3996 MHz, 0 %, 0 %
2026/03/24 02:39:33.798, 5, 180.58 W, 27, 120 MHz, 3996 MHz, 0 %, 0 %
2026/03/24 02:39:33.798, 6, 178.37 W, 26, 120 MHz, 3996 MHz, 0 %, 0 %
2026/03/24 02:39:33.798, 7, 176.58 W, 27, 120 MHz, 3996 MHz, 0 %, 0 %
2026/03/24 02:39:34.798, 0, 915.40 W, 44, 2032 MHz, 3996 MHz, 100 %, 70 %
2026/03/24 02:39:34.798, 1, 943.67 W, 48, 2032 MHz, 3996 MHz, 100 %, 70 %
2026/03/24 02:39:34.798, 2, 953.26 W, 45, 2032 MHz, 3996 MHz, 100 %, 70 %
2026/03/24 02:39:34.798, 3, 945.38 W, 49, 2032 MHz, 3996 MHz, 100 %, 70 %
2026/03/24 02:39:34.798, 4, 179.01 W, 25, 120 MHz, 3996 MHz, 0 %, 0 %
2026/03/24 02:39:34.798, 5, 180.58 W, 27, 120 MHz, 3996 MHz, 0 %, 0 %
2026/03/24 02:39:34.798, 6, 178.26 W, 26, 120 MHz, 3996 MHz, 0 %, 0 %
2026/03/24 02:39:34.798, 7, 176.59 W, 27, 120 MHz, 3996 MHz, 0 %, 0 %
2026/03/24 02:39:35.798, 0, 915.53 W, 44, 2032 MHz, 3996 MHz, 100 %, 70 %
2026/03/24 02:39:35.798, 1, 945.79 W, 49, 2032 MHz, 3996 MHz, 100 %, 70 %
2026/03/24 02:39:35.798, 2, 953.59 W, 45, 2032 MHz, 3996 MHz, 100 %, 70 %
2026/03/24 02:39:35.798, 3, 946.57 W, 49, 2032 MHz, 3996 MHz, 100 %, 70 %
2026/03/24 02:39:35.798, 4, 178.75 W, 25, 120 MHz, 3996 MHz, 0 %, 0 %
2026/03/24 02:39:35.798, 5, 180.58 W, 27, 120 MHz, 3996 MHz, 0 %, 0 %
2026/03/24 02:39:35.798, 6, 178.45 W, 26, 120 MHz, 3996 MHz, 0 %, 0 %
2026/03/24 02:39:35.798, 7, 176.59 W, 27, 120 MHz, 3996 MHz, 0 %, 0 %
2026/03/24 02:39:36.798, 0, 917.82 W, 44, 2032 MHz, 3996 MHz, 100 %, 71 %
2026/03/24 02:39:36.798, 1, 947.54 W, 49, 2032 MHz, 3996 MHz, 100 %, 70 %
2026/03/24 02:39:36.798, 2, 954.94 W, 45, 2032 MHz, 3996 MHz, 100 %, 70 %
2026/03/24 02:39:36.798, 3, 949.15 W, 50, 2032 MHz, 3996 MHz, 100 %, 70 %
2026/03/24 02:39:36.798, 4, 178.92 W, 25, 120 MHz, 3996 MHz, 0 %, 0 %
2026/03/24 02:39:36.799, 5, 180.58 W, 27, 120 MHz, 3996 MHz, 0 %, 0 %
2026/03/24 02:39:36.799, 6, 178.15 W, 26, 120 MHz, 3996 MHz, 0 %, 0 %
2026/03/24 02:39:36.799, 7, 176.58 W, 27, 120 MHz, 3996 MHz, 0 %, 0 %
2026/03/24 02:39:37.799, 0, 859.38 W, 44, 2032 MHz, 3996 MHz, 100 %, 70 %
2026/03/24 02:39:37.799, 1, 888.94 W, 48, 2032 MHz, 3996 MHz, 100 %, 71 %
2026/03/24 02:39:37.799, 2, 893.17 W, 45, 2032 MHz, 3996 MHz, 100 %, 71 %
2026/03/24 02:39:37.799, 3, 892.88 W, 49, 2032 MHz, 3996 MHz, 100 %, 70 %
2026/03/24 02:39:37.799, 4, 178.92 W, 25, 120 MHz, 3996 MHz, 0 %, 0 %
2026/03/24 02:39:37.799, 5, 180.58 W, 27, 120 MHz, 3996 MHz, 0 %, 0 %
2026/03/24 02:39:37.799, 6, 178.29 W, 26, 120 MHz, 3996 MHz, 0 %, 0 %
2026/03/24 02:39:37.799, 7, 176.59 W, 27, 120 MHz, 3996 MHz, 0 %, 0 %
2026/03/24 02:39:38.799, 0, 918.00 W, 45, 2032 MHz, 3996 MHz, 100 %, 70 %
2026/03/24 02:39:38.799, 1, 948.32 W, 49, 2032 MHz, 3996 MHz, 100 %, 71 %
2026/03/24 02:39:38.799, 2, 955.20 W, 46, 2032 MHz, 3996 MHz, 100 %, 71 %
2026/03/24 02:39:38.799, 3, 949.89 W, 50, 2032 MHz, 3996 MHz, 100 %, 70 %
2026/03/24 02:39:38.799, 4, 178.73 W, 25, 120 MHz, 3996 MHz, 0 %, 0 %
2026/03/24 02:39:38.799, 5, 180.58 W, 27, 120 MHz, 3996 MHz, 0 %, 0 %
2026/03/24 02:39:38.799, 6, 178.52 W, 26, 120 MHz, 3996 MHz, 0 %, 0 %
2026/03/24 02:39:38.799, 7, 176.58 W, 27, 120 MHz, 3996 MHz, 0 %, 0 %
2026/03/24 02:39:39.799, 0, 810.01 W, 43, 2032 MHz, 3996 MHz, 75 %, 40 %
2026/03/24 02:39:39.799, 1, 830.61 W, 46, 2032 MHz, 3996 MHz, 94 %, 26 %
2026/03/24 02:39:39.799, 2, 839.72 W, 43, 2032 MHz, 3996 MHz, 94 %, 34 %
2026/03/24 02:39:39.799, 3, 832.87 W, 48, 2032 MHz, 3996 MHz, 67 %, 44 %
2026/03/24 02:39:39.799, 4, 178.95 W, 25, 120 MHz, 3996 MHz, 0 %, 0 %
2026/03/24 02:39:39.799, 5, 180.58 W, 27, 120 MHz, 3996 MHz, 0 %, 0 %
2026/03/24 02:39:39.799, 6, 178.38 W, 26, 120 MHz, 3996 MHz, 0 %, 0 %
2026/03/24 02:39:39.799, 7, 176.58 W, 27, 120 MHz, 3996 MHz, 0 %, 0 %
2026/03/24 02:39:40.799, 0, 778.69 W, 42, 2032 MHz, 3996 MHz, 100 %, 70 %
2026/03/24 02:39:40.799, 1, 786.05 W, 47, 2032 MHz, 3996 MHz, 100 %, 71 %
2026/03/24 02:39:40.799, 2, 811.23 W, 44, 2032 MHz, 3996 MHz, 100 %, 71 %
2026/03/24 02:39:40.799, 3, 795.48 W, 47, 2032 MHz, 3996 MHz, 67 %, 31 %
2026/03/24 02:39:40.799, 4, 179.01 W, 25, 120 MHz, 3996 MHz, 0 %, 0 %
2026/03/24 02:39:40.799, 5, 180.58 W, 27, 120 MHz, 3996 MHz, 0 %, 0 %
2026/03/24 02:39:40.799, 6, 178.18 W, 26, 120 MHz, 3996 MHz, 0 %, 0 %
2026/03/24 02:39:40.799, 7, 176.58 W, 27, 120 MHz, 3996 MHz, 0 %, 0 %
2026/03/24 02:39:41.799, 0, 836.04 W, 44, 2032 MHz, 3996 MHz, 99 %, 62 %
2026/03/24 02:39:41.799, 1, 872.61 W, 48, 2032 MHz, 3996 MHz, 100 %, 70 %
2026/03/24 02:39:41.799, 2, 864.89 W, 45, 2032 MHz, 3996 MHz, 100 %, 70 %
2026/03/24 02:39:41.799, 3, 879.37 W, 49, 2032 MHz, 3996 MHz, 100 %, 70 %
2026/03/24 02:39:41.799, 4, 178.89 W, 25, 120 MHz, 3996 MHz, 0 %, 0 %
2026/03/24 02:39:41.799, 5, 180.58 W, 27, 120 MHz, 3996 MHz, 0 %, 0 %
2026/03/24 02:39:41.799, 6, 178.29 W, 26, 120 MHz, 3996 MHz, 0 %, 0 %
2026/03/24 02:39:41.799, 7, 176.59 W, 27, 120 MHz, 3996 MHz, 0 %, 0 %
2026/03/24 02:39:42.799, 0, 808.95 W, 44, 2032 MHz, 3996 MHz, 87 %, 60 %
2026/03/24 02:39:42.799, 1, 834.67 W, 48, 2032 MHz, 3996 MHz, 100 %, 71 %
2026/03/24 02:39:42.799, 2, 838.32 W, 45, 2032 MHz, 3996 MHz, 100 %, 68 %
2026/03/24 02:39:42.799, 3, 838.77 W, 49, 2032 MHz, 3996 MHz, 100 %, 71 %
2026/03/24 02:39:42.800, 4, 178.98 W, 25, 120 MHz, 3996 MHz, 0 %, 0 %
2026/03/24 02:39:42.800, 5, 180.58 W, 27, 120 MHz, 3996 MHz, 0 %, 0 %
2026/03/24 02:39:42.800, 6, 178.11 W, 26, 120 MHz, 3996 MHz, 0 %, 0 %
2026/03/24 02:39:42.800, 7, 176.59 W, 27, 120 MHz, 3996 MHz, 0 %, 0 %
2026/03/24 02:39:43.800, 0, 703.90 W, 42, 2032 MHz, 3996 MHz, 99 %, 44 %
2026/03/24 02:39:43.800, 1, 704.99 W, 46, 2032 MHz, 3996 MHz, 100 %, 57 %
2026/03/24 02:39:43.800, 2, 722.90 W, 44, 2032 MHz, 3996 MHz, 100 %, 51 %
2026/03/24 02:39:43.800, 3, 710.68 W, 47, 2032 MHz, 3996 MHz, 100 %, 70 %
2026/03/24 02:39:43.800, 4, 179.00 W, 25, 120 MHz, 3996 MHz, 0 %, 0 %
2026/03/24 02:39:43.800, 5, 180.58 W, 27, 120 MHz, 3996 MHz, 0 %, 0 %
2026/03/24 02:39:43.800, 6, 178.07 W, 26, 120 MHz, 3996 MHz, 0 %, 0 %
2026/03/24 02:39:43.800, 7, 176.59 W, 27, 120 MHz, 3996 MHz, 0 %, 0 %
2026/03/24 02:39:44.800, 0, 723.66 W, 41, 2032 MHz, 3996 MHz, 100 %, 34 %
2026/03/24 02:39:44.800, 1, 731.92 W, 45, 2032 MHz, 3996 MHz, 96 %, 41 %
2026/03/24 02:39:44.800, 2, 735.72 W, 42, 2032 MHz, 3996 MHz, 100 %, 42 %
2026/03/24 02:39:44.800, 3, 729.04 W, 46, 2032 MHz, 3996 MHz, 46 %, 24 %
2026/03/24 02:39:44.800, 4, 179.01 W, 25, 120 MHz, 3996 MHz, 0 %, 0 %
2026/03/24 02:39:44.800, 5, 180.59 W, 27, 120 MHz, 3996 MHz, 0 %, 0 %
2026/03/24 02:39:44.800, 6, 178.25 W, 26, 120 MHz, 3996 MHz, 0 %, 0 %
2026/03/24 02:39:44.800, 7, 176.60 W, 27, 120 MHz, 3996 MHz, 0 %, 0 %
2026/03/24 02:39:45.800, 0, 624.88 W, 40, 2032 MHz, 3996 MHz, 100 %, 24 %
2026/03/24 02:39:45.800, 1, 637.59 W, 45, 2032 MHz, 3996 MHz, 99 %, 23 %
2026/03/24 02:39:45.800, 2, 641.98 W, 41, 2032 MHz, 3996 MHz, 99 %, 24 %
2026/03/24 02:39:45.800, 3, 634.59 W, 45, 2032 MHz, 3996 MHz, 42 %, 23 %
2026/03/24 02:39:45.800, 4, 178.95 W, 25, 120 MHz, 3996 MHz, 0 %, 0 %
2026/03/24 02:39:45.800, 5, 180.58 W, 27, 120 MHz, 3996 MHz, 0 %, 0 %
2026/03/24 02:39:45.800, 6, 178.18 W, 26, 120 MHz, 3996 MHz, 0 %, 0 %
2026/03/24 02:39:45.800, 7, 176.60 W, 27, 120 MHz, 3996 MHz, 0 %, 0 %
2026/03/24 02:39:46.800, 0, 658.52 W, 43, 2032 MHz, 3996 MHz, 100 %, 58 %
2026/03/24 02:39:46.800, 1, 684.00 W, 47, 2032 MHz, 3996 MHz, 100 %, 71 %
2026/03/24 02:39:46.800, 2, 683.03 W, 44, 2032 MHz, 3996 MHz, 100 %, 66 %
2026/03/24 02:39:46.800, 3, 681.61 W, 48, 2032 MHz, 3996 MHz, 100 %, 70 %
2026/03/24 02:39:46.800, 4, 179.15 W, 25, 120 MHz, 3996 MHz, 0 %, 0 %
2026/03/24 02:39:46.800, 5, 180.58 W, 27, 120 MHz, 3996 MHz, 0 %, 0 %
2026/03/24 02:39:46.800, 6, 178.18 W, 26, 120 MHz, 3996 MHz, 0 %, 0 %
2026/03/24 02:39:46.800, 7, 176.58 W, 27, 120 MHz, 3996 MHz, 0 %, 0 %
2026/03/24 02:39:47.800, 0, 768.50 W, 43, 2032 MHz, 3996 MHz, 100 %, 31 %
2026/03/24 02:39:47.800, 1, 787.45 W, 48, 2032 MHz, 3996 MHz, 100 %, 40 %
2026/03/24 02:39:47.800, 2, 796.82 W, 44, 2032 MHz, 3996 MHz, 100 %, 34 %
2026/03/24 02:39:47.800, 3, 793.57 W, 48, 2032 MHz, 3996 MHz, 100 %, 71 %
2026/03/24 02:39:47.800, 4, 178.86 W, 25, 120 MHz, 3996 MHz, 0 %, 0 %
2026/03/24 02:39:47.800, 5, 180.58 W, 27, 120 MHz, 3996 MHz, 0 %, 0 %
2026/03/24 02:39:47.800, 6, 178.14 W, 26, 120 MHz, 3996 MHz, 0 %, 0 %
2026/03/24 02:39:47.800, 7, 176.58 W, 27, 120 MHz, 3996 MHz, 0 %, 0 %
2026/03/24 02:39:48.800, 0, 671.12 W, 42, 2032 MHz, 3996 MHz, 99 %, 25 %
2026/03/24 02:39:48.800, 1, 688.59 W, 47, 2032 MHz, 3996 MHz, 99 %, 24 %
2026/03/24 02:39:48.800, 2, 687.42 W, 43, 2032 MHz, 3996 MHz, 99 %, 24 %
2026/03/24 02:39:48.800, 3, 681.57 W, 47, 2032 MHz, 3996 MHz, 54 %, 33 %
2026/03/24 02:39:48.800, 4, 179.02 W, 25, 120 MHz, 3996 MHz, 0 %, 0 %
2026/03/24 02:39:48.800, 5, 180.58 W, 27, 120 MHz, 3996 MHz, 0 %, 0 %
2026/03/24 02:39:48.800, 6, 178.38 W, 26, 120 MHz, 3996 MHz, 0 %, 0 %
2026/03/24 02:39:48.800, 7, 176.59 W, 27, 120 MHz, 3996 MHz, 0 %, 0 %
2026/03/24 02:39:49.801, 0, 661.43 W, 40, 2032 MHz, 3996 MHz, 100 %, 24 %
2026/03/24 02:39:49.801, 1, 670.32 W, 44, 2032 MHz, 3996 MHz, 99 %, 23 %
2026/03/24 02:39:49.801, 2, 683.51 W, 41, 2032 MHz, 3996 MHz, 99 %, 23 %
2026/03/24 02:39:49.801, 3, 673.46 W, 45, 2032 MHz, 3996 MHz, 43 %, 24 %
2026/03/24 02:39:49.801, 4, 179.00 W, 25, 120 MHz, 3996 MHz, 0 %, 0 %
2026/03/24 02:39:49.801, 5, 180.58 W, 27, 120 MHz, 3996 MHz, 0 %, 0 %
2026/03/24 02:39:49.801, 6, 178.56 W, 26, 120 MHz, 3996 MHz, 0 %, 0 %
2026/03/24 02:39:49.801, 7, 176.58 W, 27, 120 MHz, 3996 MHz, 0 %, 0 %
2026/03/24 02:39:50.801, 0, 601.77 W, 40, 2032 MHz, 3996 MHz, 92 %, 25 %
2026/03/24 02:39:50.801, 1, 615.51 W, 44, 2032 MHz, 3996 MHz, 100 %, 39 %
2026/03/24 02:39:50.801, 2, 618.32 W, 41, 2032 MHz, 3996 MHz, 100 %, 30 %
2026/03/24 02:39:50.801, 3, 614.77 W, 45, 2032 MHz, 3996 MHz, 59 %, 33 %
2026/03/24 02:39:50.801, 4, 178.78 W, 25, 120 MHz, 3996 MHz, 0 %, 0 %
2026/03/24 02:39:50.801, 5, 180.58 W, 27, 120 MHz, 3996 MHz, 0 %, 0 %
2026/03/24 02:39:50.801, 6, 178.10 W, 26, 120 MHz, 3996 MHz, 0 %, 0 %
2026/03/24 02:39:50.801, 7, 176.59 W, 27, 120 MHz, 3996 MHz, 0 %, 0 %
2026/03/24 02:39:51.801, 0, 771.32 W, 42, 2032 MHz, 3996 MHz, 100 %, 71 %
2026/03/24 02:39:51.801, 1, 795.22 W, 46, 2032 MHz, 3996 MHz, 100 %, 70 %
2026/03/24 02:39:51.801, 2, 797.22 W, 43, 2032 MHz, 3996 MHz, 100 %, 71 %
2026/03/24 02:39:51.801, 3, 796.05 W, 47, 2032 MHz, 3996 MHz, 88 %, 61 %
2026/03/24 02:39:51.801, 4, 179.06 W, 25, 120 MHz, 3996 MHz, 0 %, 0 %
2026/03/24 02:39:51.801, 5, 180.58 W, 27, 120 MHz, 3996 MHz, 0 %, 0 %
2026/03/24 02:39:51.801, 6, 178.30 W, 26, 120 MHz, 3996 MHz, 0 %, 0 %
2026/03/24 02:39:51.801, 7, 176.59 W, 27, 120 MHz, 3996 MHz, 0 %, 0 %
2026/03/24 02:39:52.801, 0, 661.91 W, 41, 2032 MHz, 3996 MHz, 72 %, 43 %
2026/03/24 02:39:52.801, 1, 670.28 W, 45, 2032 MHz, 3996 MHz, 95 %, 29 %
2026/03/24 02:39:52.801, 2, 678.28 W, 41, 2032 MHz, 3996 MHz, 95 %, 36 %
2026/03/24 02:39:52.801, 3, 671.11 W, 46, 2032 MHz, 3996 MHz, 64 %, 22 %
2026/03/24 02:39:52.801, 4, 179.00 W, 25, 120 MHz, 3996 MHz, 0 %, 0 %
2026/03/24 02:39:52.801, 5, 180.58 W, 27, 120 MHz, 3996 MHz, 0 %, 0 %
2026/03/24 02:39:52.801, 6, 178.45 W, 26, 120 MHz, 3996 MHz, 0 %, 0 %
2026/03/24 02:39:52.801, 7, 176.59 W, 27, 120 MHz, 3996 MHz, 0 %, 0 %
2026/03/24 02:39:53.801, 0, 594.54 W, 40, 2032 MHz, 3996 MHz, 73 %, 47 %
2026/03/24 02:39:53.801, 1, 607.40 W, 44, 2032 MHz, 3996 MHz, 100 %, 60 %
2026/03/24 02:39:53.801, 2, 605.28 W, 41, 2032 MHz, 3996 MHz, 100 %, 54 %
2026/03/24 02:39:53.801, 3, 612.47 W, 45, 2032 MHz, 3996 MHz, 56 %, 26 %
2026/03/24 02:39:53.801, 4, 179.01 W, 25, 120 MHz, 3996 MHz, 0 %, 0 %
2026/03/24 02:39:53.801, 5, 180.58 W, 27, 120 MHz, 3996 MHz, 0 %, 0 %
2026/03/24 02:39:53.801, 6, 178.18 W, 26, 120 MHz, 3996 MHz, 0 %, 0 %
2026/03/24 02:39:53.801, 7, 176.60 W, 27, 120 MHz, 3996 MHz, 0 %, 0 %
2026/03/24 02:39:54.801, 0, 667.17 W, 41, 2032 MHz, 3996 MHz, 99 %, 23 %
2026/03/24 02:39:54.801, 1, 679.75 W, 45, 2032 MHz, 3996 MHz, 100 %, 24 %
2026/03/24 02:39:54.801, 2, 680.83 W, 41, 2032 MHz, 3996 MHz, 100 %, 24 %
2026/03/24 02:39:54.801, 3, 680.25 W, 46, 2032 MHz, 3996 MHz, 72 %, 43 %
2026/03/24 02:39:54.801, 4, 179.01 W, 25, 120 MHz, 3996 MHz, 0 %, 0 %
2026/03/24 02:39:54.801, 5, 180.58 W, 27, 120 MHz, 3996 MHz, 0 %, 0 %
2026/03/24 02:39:54.801, 6, 178.33 W, 26, 120 MHz, 3996 MHz, 0 %, 0 %
2026/03/24 02:39:54.801, 7, 176.58 W, 27, 120 MHz, 3996 MHz, 0 %, 0 %
2026/03/24 02:39:55.801, 0, 747.01 W, 42, 2032 MHz, 3996 MHz, 99 %, 60 %
2026/03/24 02:39:55.801, 1, 767.25 W, 46, 2032 MHz, 3996 MHz, 100 %, 71 %
2026/03/24 02:39:55.801, 2, 766.70 W, 43, 2032 MHz, 3996 MHz, 100 %, 66 %
2026/03/24 02:39:55.801, 3, 765.61 W, 47, 2032 MHz, 3996 MHz, 100 %, 71 %
2026/03/24 02:39:55.801, 4, 179.04 W, 25, 120 MHz, 3996 MHz, 0 %, 0 %
2026/03/24 02:39:55.801, 5, 180.58 W, 27, 120 MHz, 3996 MHz, 0 %, 0 %
2026/03/24 02:39:55.801, 6, 178.34 W, 26, 120 MHz, 3996 MHz, 0 %, 0 %
2026/03/24 02:39:55.802, 7, 176.58 W, 27, 120 MHz, 3996 MHz, 0 %, 0 %
2026/03/24 02:39:56.802, 0, 618.35 W, 41, 2032 MHz, 3996 MHz, 71 %, 41 %
2026/03/24 02:39:56.802, 1, 629.02 W, 44, 2032 MHz, 3996 MHz, 96 %, 26 %
2026/03/24 02:39:56.802, 2, 632.36 W, 41, 2032 MHz, 3996 MHz, 95 %, 33 %
2026/03/24 02:39:56.802, 3, 625.70 W, 45, 2032 MHz, 3996 MHz, 67 %, 44 %
2026/03/24 02:39:56.802, 4, 179.01 W, 25, 120 MHz, 3996 MHz, 0 %, 0 %
2026/03/24 02:39:56.802, 5, 180.58 W, 27, 120 MHz, 3996 MHz, 0 %, 0 %
2026/03/24 02:39:56.802, 6, 178.37 W, 26, 120 MHz, 3996 MHz, 0 %, 0 %
2026/03/24 02:39:56.802, 7, 176.59 W, 27, 120 MHz, 3996 MHz, 0 %, 0 %
2026/03/24 02:39:57.802, 0, 584.64 W, 40, 2032 MHz, 3996 MHz, 100 %, 24 %
2026/03/24 02:39:57.802, 1, 585.71 W, 43, 2032 MHz, 3996 MHz, 99 %, 24 %
2026/03/24 02:39:57.802, 2, 592.63 W, 40, 2032 MHz, 3996 MHz, 100 %, 24 %
2026/03/24 02:39:57.802, 3, 585.53 W, 44, 2032 MHz, 3996 MHz, 42 %, 23 %
2026/03/24 02:39:57.802, 4, 178.84 W, 25, 120 MHz, 3996 MHz, 0 %, 0 %
2026/03/24 02:39:57.802, 5, 180.58 W, 27, 120 MHz, 3996 MHz, 0 %, 0 %
2026/03/24 02:39:57.802, 6, 178.26 W, 26, 120 MHz, 3996 MHz, 0 %, 0 %
2026/03/24 02:39:57.802, 7, 176.60 W, 27, 120 MHz, 3996 MHz, 0 %, 0 %
2026/03/24 02:39:58.802, 0, 684.16 W, 41, 2032 MHz, 3996 MHz, 66 %, 40 %
2026/03/24 02:39:58.802, 1, 702.39 W, 46, 2032 MHz, 3996 MHz, 96 %, 27 %
2026/03/24 02:39:58.802, 2, 707.33 W, 42, 2032 MHz, 3996 MHz, 96 %, 33 %
2026/03/24 02:39:58.802, 3, 702.68 W, 46, 2032 MHz, 3996 MHz, 67 %, 43 %
2026/03/24 02:39:58.802, 4, 179.15 W, 25, 120 MHz, 3996 MHz, 0 %, 0 %
2026/03/24 02:39:58.802, 5, 180.58 W, 27, 120 MHz, 3996 MHz, 0 %, 0 %
2026/03/24 02:39:58.802, 6, 178.33 W, 26, 120 MHz, 3996 MHz, 0 %, 0 %
2026/03/24 02:39:58.802, 7, 176.60 W, 27, 120 MHz, 3996 MHz, 0 %, 0 %
2026/03/24 02:39:59.802, 0, 673.70 W, 41, 2032 MHz, 3996 MHz, 100 %, 27 %
2026/03/24 02:39:59.802, 1, 678.74 W, 45, 2032 MHz, 3996 MHz, 99 %, 26 %
2026/03/24 02:39:59.802, 2, 686.07 W, 41, 2032 MHz, 3996 MHz, 99 %, 26 %
2026/03/24 02:39:59.802, 3, 684.02 W, 45, 2032 MHz, 3996 MHz, 54 %, 27 %
2026/03/24 02:39:59.802, 4, 178.98 W, 25, 120 MHz, 3996 MHz, 0 %, 0 %
2026/03/24 02:39:59.802, 5, 180.58 W, 27, 120 MHz, 3996 MHz, 0 %, 0 %
2026/03/24 02:39:59.802, 6, 178.45 W, 26, 120 MHz, 3996 MHz, 0 %, 0 %
2026/03/24 02:39:59.802, 7, 176.59 W, 27, 120 MHz, 3996 MHz, 0 %, 0 %
2026/03/24 02:40:00.802, 0, 637.75 W, 39, 2032 MHz, 3996 MHz, 99 %, 24 %
2026/03/24 02:40:00.802, 1, 645.47 W, 43, 2032 MHz, 3996 MHz, 99 %, 23 %
2026/03/24 02:40:00.802, 2, 652.04 W, 40, 2032 MHz, 3996 MHz, 99 %, 24 %
2026/03/24 02:40:00.802, 3, 644.53 W, 44, 2032 MHz, 3996 MHz, 41 %, 23 %
2026/03/24 02:40:00.802, 4, 178.86 W, 25, 120 MHz, 3996 MHz, 0 %, 0 %
2026/03/24 02:40:00.802, 5, 180.58 W, 27, 120 MHz, 3996 MHz, 0 %, 0 %
2026/03/24 02:40:00.802, 6, 178.30 W, 26, 120 MHz, 3996 MHz, 0 %, 0 %
2026/03/24 02:40:00.802, 7, 176.60 W, 27, 120 MHz, 3996 MHz, 0 %, 0 %
2026/03/24 02:40:01.802, 0, 549.55 W, 39, 2032 MHz, 3996 MHz, 99 %, 23 %
2026/03/24 02:40:01.802, 1, 555.39 W, 43, 2032 MHz, 3996 MHz, 99 %, 23 %
2026/03/24 02:40:01.802, 2, 556.33 W, 39, 2032 MHz, 3996 MHz, 99 %, 23 %
2026/03/24 02:40:01.802, 3, 554.97 W, 44, 2032 MHz, 3996 MHz, 42 %, 23 %
2026/03/24 02:40:01.802, 4, 179.19 W, 25, 120 MHz, 3996 MHz, 0 %, 0 %
2026/03/24 02:40:01.802, 5, 180.58 W, 27, 120 MHz, 3996 MHz, 0 %, 0 %
2026/03/24 02:40:01.802, 6, 178.15 W, 26, 120 MHz, 3996 MHz, 0 %, 0 %
2026/03/24 02:40:01.802, 7, 176.59 W, 27, 120 MHz, 3996 MHz, 0 %, 0 %
2026/03/24 02:40:02.802, 0, 591.31 W, 39, 2032 MHz, 3996 MHz, 100 %, 24 %
2026/03/24 02:40:02.802, 1, 596.62 W, 43, 2032 MHz, 3996 MHz, 100 %, 32 %
2026/03/24 02:40:02.802, 2, 602.07 W, 40, 2032 MHz, 3996 MHz, 100 %, 26 %
2026/03/24 02:40:02.802, 3, 594.45 W, 44, 2032 MHz, 3996 MHz, 61 %, 35 %
2026/03/24 02:40:02.802, 4, 179.04 W, 25, 120 MHz, 3996 MHz, 0 %, 0 %
2026/03/24 02:40:02.802, 5, 180.59 W, 27, 120 MHz, 3996 MHz, 0 %, 0 %
2026/03/24 02:40:02.803, 6, 178.18 W, 26, 120 MHz, 3996 MHz, 0 %, 0 %
2026/03/24 02:40:02.803, 7, 176.59 W, 27, 120 MHz, 3996 MHz, 0 %, 0 %
2026/03/24 02:40:03.803, 0, 613.17 W, 39, 2032 MHz, 3996 MHz, 99 %, 23 %
2026/03/24 02:40:03.803, 1, 621.01 W, 44, 2032 MHz, 3996 MHz, 99 %, 23 %
2026/03/24 02:40:03.803, 2, 622.87 W, 39, 2032 MHz, 3996 MHz, 99 %, 23 %
2026/03/24 02:40:03.803, 3, 622.21 W, 43, 2032 MHz, 3996 MHz, 43 %, 24 %
2026/03/24 02:40:03.803, 4, 178.92 W, 25, 120 MHz, 3996 MHz, 0 %, 0 %
2026/03/24 02:40:03.803, 5, 180.58 W, 27, 120 MHz, 3996 MHz, 0 %, 0 %
2026/03/24 02:40:03.803, 6, 178.21 W, 26, 120 MHz, 3996 MHz, 0 %, 0 %
2026/03/24 02:40:03.803, 7, 176.59 W, 27, 120 MHz, 3996 MHz, 0 %, 0 %
2026/03/24 02:40:04.803, 0, 595.31 W, 40, 2032 MHz, 3996 MHz, 99 %, 26 %
2026/03/24 02:40:04.803, 1, 595.39 W, 43, 2032 MHz, 3996 MHz, 99 %, 26 %
2026/03/24 02:40:04.803, 2, 601.73 W, 40, 2032 MHz, 3996 MHz, 99 %, 26 %
2026/03/24 02:40:04.803, 3, 595.93 W, 45, 2032 MHz, 3996 MHz, 53 %, 27 %
2026/03/24 02:40:04.803, 4, 179.02 W, 25, 120 MHz, 3996 MHz, 0 %, 0 %
2026/03/24 02:40:04.803, 5, 180.58 W, 27, 120 MHz, 3996 MHz, 0 %, 0 %
2026/03/24 02:40:04.803, 6, 178.25 W, 26, 120 MHz, 3996 MHz, 0 %, 0 %
2026/03/24 02:40:04.803, 7, 176.60 W, 27, 120 MHz, 3996 MHz, 0 %, 0 %
2026/03/24 02:40:05.803, 0, 555.21 W, 39, 2032 MHz, 3996 MHz, 78 %, 23 %
2026/03/24 02:40:05.803, 1, 562.19 W, 43, 2032 MHz, 3996 MHz, 100 %, 24 %
2026/03/24 02:40:05.803, 2, 566.30 W, 39, 2032 MHz, 3996 MHz, 100 %, 24 %
2026/03/24 02:40:05.803, 3, 557.31 W, 44, 2032 MHz, 3996 MHz, 42 %, 23 %
2026/03/24 02:40:05.803, 4, 179.05 W, 25, 120 MHz, 3996 MHz, 0 %, 0 %
2026/03/24 02:40:05.803, 5, 180.58 W, 27, 120 MHz, 3996 MHz, 0 %, 0 %
2026/03/24 02:40:05.803, 6, 178.02 W, 26, 120 MHz, 3996 MHz, 0 %, 0 %
2026/03/24 02:40:05.803, 7, 176.61 W, 27, 120 MHz, 3996 MHz, 0 %, 0 %
2026/03/24 02:40:06.803, 0, 643.04 W, 40, 2032 MHz, 3996 MHz, 100 %, 48 %
2026/03/24 02:40:06.803, 1, 651.93 W, 44, 2032 MHz, 3996 MHz, 100 %, 61 %
2026/03/24 02:40:06.803, 2, 659.35 W, 40, 2032 MHz, 3996 MHz, 100 %, 54 %
2026/03/24 02:40:06.803, 3, 652.49 W, 45, 2032 MHz, 3996 MHz, 78 %, 46 %
2026/03/24 02:40:06.803, 4, 178.87 W, 25, 120 MHz, 3996 MHz, 0 %, 0 %
2026/03/24 02:40:06.803, 5, 180.58 W, 27, 120 MHz, 3996 MHz, 0 %, 0 %
2026/03/24 02:40:06.803, 6, 178.41 W, 26, 120 MHz, 3996 MHz, 0 %, 0 %
2026/03/24 02:40:06.803, 7, 176.59 W, 27, 120 MHz, 3996 MHz, 0 %, 0 %
2026/03/24 02:40:07.803, 0, 559.93 W, 40, 2032 MHz, 3996 MHz, 99 %, 23 %
2026/03/24 02:40:07.803, 1, 569.17 W, 45, 2032 MHz, 3996 MHz, 99 %, 23 %
2026/03/24 02:40:07.803, 2, 561.71 W, 41, 2032 MHz, 3996 MHz, 99 %, 23 %
2026/03/24 02:40:07.803, 3, 564.10 W, 45, 2032 MHz, 3996 MHz, 53 %, 27 %
2026/03/24 02:40:07.803, 4, 178.96 W, 25, 120 MHz, 3996 MHz, 0 %, 0 %
2026/03/24 02:40:07.803, 5, 180.58 W, 27, 120 MHz, 3996 MHz, 0 %, 0 %
2026/03/24 02:40:07.803, 6, 178.10 W, 26, 120 MHz, 3996 MHz, 0 %, 0 %
2026/03/24 02:40:07.803, 7, 176.60 W, 27, 120 MHz, 3996 MHz, 0 %, 0 %
2026/03/24 02:40:08.803, 0, 617.72 W, 40, 2032 MHz, 3996 MHz, 69 %, 22 %
2026/03/24 02:40:08.803, 1, 626.33 W, 44, 2032 MHz, 3996 MHz, 99 %, 22 %
2026/03/24 02:40:08.803, 2, 638.40 W, 40, 2032 MHz, 3996 MHz, 100 %, 22 %
2026/03/24 02:40:08.803, 3, 629.26 W, 44, 2032 MHz, 3996 MHz, 49 %, 24 %
2026/03/24 02:40:08.803, 4, 178.98 W, 25, 120 MHz, 3996 MHz, 0 %, 0 %
2026/03/24 02:40:08.803, 5, 180.58 W, 27, 120 MHz, 3996 MHz, 0 %, 0 %
2026/03/24 02:40:08.803, 6, 178.29 W, 26, 120 MHz, 3996 MHz, 0 %, 0 %
2026/03/24 02:40:08.803, 7, 176.60 W, 27, 120 MHz, 3996 MHz, 0 %, 0 %
2026/03/24 02:40:09.803, 0, 592.91 W, 40, 2032 MHz, 3996 MHz, 99 %, 23 %
2026/03/24 02:40:09.803, 1, 603.24 W, 44, 2032 MHz, 3996 MHz, 99 %, 23 %
2026/03/24 02:40:09.803, 2, 601.05 W, 41, 2032 MHz, 3996 MHz, 99 %, 23 %
2026/03/24 02:40:09.803, 3, 597.46 W, 45, 2032 MHz, 3996 MHz, 49 %, 26 %
2026/03/24 02:40:09.804, 4, 178.94 W, 25, 120 MHz, 3996 MHz, 0 %, 0 %
2026/03/24 02:40:09.804, 5, 180.58 W, 27, 120 MHz, 3996 MHz, 0 %, 0 %
2026/03/24 02:40:09.804, 6, 178.22 W, 26, 120 MHz, 3996 MHz, 0 %, 0 %
2026/03/24 02:40:09.804, 7, 176.59 W, 27, 120 MHz, 3996 MHz, 0 %, 0 %
2026/03/24 02:40:10.804, 0, 614.18 W, 40, 2032 MHz, 3996 MHz, 99 %, 23 %
2026/03/24 02:40:10.804, 1, 621.90 W, 45, 2032 MHz, 3996 MHz, 99 %, 24 %
2026/03/24 02:40:10.804, 2, 618.79 W, 41, 2032 MHz, 3996 MHz, 99 %, 23 %
2026/03/24 02:40:10.804, 3, 617.30 W, 45, 2032 MHz, 3996 MHz, 52 %, 27 %
2026/03/24 02:40:10.804, 4, 178.79 W, 25, 120 MHz, 3996 MHz, 0 %, 0 %
2026/03/24 02:40:10.804, 5, 180.58 W, 27, 120 MHz, 3996 MHz, 0 %, 0 %
2026/03/24 02:40:10.804, 6, 178.15 W, 26, 120 MHz, 3996 MHz, 0 %, 0 %
2026/03/24 02:40:10.804, 7, 176.60 W, 27, 120 MHz, 3996 MHz, 0 %, 0 %
2026/03/24 02:40:11.804, 0, 624.65 W, 40, 2032 MHz, 3996 MHz, 99 %, 23 %
2026/03/24 02:40:11.804, 1, 625.23 W, 43, 2032 MHz, 3996 MHz, 99 %, 28 %
2026/03/24 02:40:11.804, 2, 642.73 W, 40, 2032 MHz, 3996 MHz, 99 %, 25 %
2026/03/24 02:40:11.804, 3, 640.75 W, 44, 2032 MHz, 3996 MHz, 73 %, 35 %
2026/03/24 02:40:11.804, 4, 178.83 W, 25, 120 MHz, 3996 MHz, 0 %, 0 %
2026/03/24 02:40:11.804, 5, 180.58 W, 27, 120 MHz, 3996 MHz, 0 %, 0 %
2026/03/24 02:40:11.804, 6, 178.45 W, 26, 120 MHz, 3996 MHz, 0 %, 0 %
2026/03/24 02:40:11.804, 7, 176.58 W, 27, 120 MHz, 3996 MHz, 0 %, 0 %
2026/03/24 02:40:12.804, 0, 598.38 W, 39, 2032 MHz, 3996 MHz, 99 %, 25 %
2026/03/24 02:40:12.804, 1, 604.20 W, 43, 2032 MHz, 3996 MHz, 99 %, 23 %
2026/03/24 02:40:12.804, 2, 611.07 W, 39, 2032 MHz, 3996 MHz, 99 %, 24 %
2026/03/24 02:40:12.804, 3, 605.00 W, 44, 2032 MHz, 3996 MHz, 41 %, 23 %
2026/03/24 02:40:12.804, 4, 179.07 W, 25, 120 MHz, 3996 MHz, 0 %, 0 %
2026/03/24 02:40:12.804, 5, 180.58 W, 27, 120 MHz, 3996 MHz, 0 %, 0 %
2026/03/24 02:40:12.804, 6, 178.29 W, 26, 120 MHz, 3996 MHz, 0 %, 0 %
2026/03/24 02:40:12.804, 7, 176.60 W, 27, 120 MHz, 3996 MHz, 0 %, 0 %
2026/03/24 02:40:13.804, 0, 599.74 W, 39, 2032 MHz, 3996 MHz, 98 %, 24 %
2026/03/24 02:40:13.804, 1, 606.93 W, 43, 2032 MHz, 3996 MHz, 99 %, 26 %
2026/03/24 02:40:13.804, 2, 607.74 W, 40, 2032 MHz, 3996 MHz, 99 %, 23 %
2026/03/24 02:40:13.804, 3, 609.35 W, 44, 2032 MHz, 3996 MHz, 69 %, 43 %
2026/03/24 02:40:13.804, 4, 178.89 W, 25, 120 MHz, 3996 MHz, 0 %, 0 %
2026/03/24 02:40:13.804, 5, 180.58 W, 27, 120 MHz, 3996 MHz, 0 %, 0 %
2026/03/24 02:40:13.804, 6, 178.30 W, 26, 120 MHz, 3996 MHz, 0 %, 0 %
2026/03/24 02:40:13.804, 7, 176.60 W, 27, 120 MHz, 3996 MHz, 0 %, 0 %
2026/03/24 02:40:14.804, 0, 578.85 W, 40, 2032 MHz, 3996 MHz, 99 %, 23 %
2026/03/24 02:40:14.804, 1, 582.45 W, 43, 2032 MHz, 3996 MHz, 99 %, 23 %
2026/03/24 02:40:14.804, 2, 583.73 W, 41, 2032 MHz, 3996 MHz, 99 %, 23 %
2026/03/24 02:40:14.804, 3, 580.61 W, 45, 2032 MHz, 3996 MHz, 50 %, 30 %
2026/03/24 02:40:14.804, 4, 179.12 W, 25, 120 MHz, 3996 MHz, 0 %, 0 %
2026/03/24 02:40:14.804, 5, 180.58 W, 27, 120 MHz, 3996 MHz, 0 %, 0 %
2026/03/24 02:40:14.804, 6, 178.18 W, 26, 120 MHz, 3996 MHz, 0 %, 0 %
2026/03/24 02:40:14.804, 7, 176.58 W, 27, 120 MHz, 3996 MHz, 0 %, 0 %
2026/03/24 02:40:15.804, 0, 655.73 W, 41, 2032 MHz, 3996 MHz, 78 %, 45 %
2026/03/24 02:40:15.804, 1, 666.06 W, 45, 2032 MHz, 3996 MHz, 96 %, 36 %
2026/03/24 02:40:15.804, 2, 662.85 W, 42, 2032 MHz, 3996 MHz, 96 %, 43 %
2026/03/24 02:40:15.804, 3, 666.00 W, 46, 2032 MHz, 3996 MHz, 66 %, 38 %
2026/03/24 02:40:15.804, 4, 178.79 W, 25, 120 MHz, 3996 MHz, 0 %, 0 %
2026/03/24 02:40:15.804, 5, 180.58 W, 27, 120 MHz, 3996 MHz, 0 %, 0 %
2026/03/24 02:40:15.804, 6, 178.45 W, 26, 120 MHz, 3996 MHz, 0 %, 0 %
2026/03/24 02:40:15.804, 7, 176.60 W, 27, 120 MHz, 3996 MHz, 0 %, 0 %
2026/03/24 02:40:16.805, 0, 531.15 W, 38, 2032 MHz, 3996 MHz, 99 %, 22 %
2026/03/24 02:40:16.805, 1, 531.75 W, 42, 2032 MHz, 3996 MHz, 100 %, 23 %
2026/03/24 02:40:16.805, 2, 548.92 W, 39, 2032 MHz, 3996 MHz, 100 %, 23 %
2026/03/24 02:40:16.805, 3, 530.26 W, 43, 2032 MHz, 3996 MHz, 42 %, 23 %
2026/03/24 02:40:16.805, 4, 179.05 W, 25, 120 MHz, 3996 MHz, 0 %, 0 %
2026/03/24 02:40:16.805, 5, 180.58 W, 27, 120 MHz, 3996 MHz, 0 %, 0 %
2026/03/24 02:40:16.805, 6, 178.33 W, 26, 120 MHz, 3996 MHz, 0 %, 0 %
2026/03/24 02:40:16.805, 7, 176.59 W, 27, 120 MHz, 3996 MHz, 0 %, 0 %
2026/03/24 02:40:17.805, 0, 627.65 W, 39, 2032 MHz, 3996 MHz, 100 %, 24 %
2026/03/24 02:40:17.805, 1, 630.72 W, 43, 2032 MHz, 3996 MHz, 100 %, 37 %
2026/03/24 02:40:17.805, 2, 636.32 W, 39, 2032 MHz, 3996 MHz, 100 %, 28 %
2026/03/24 02:40:17.805, 3, 629.45 W, 44, 2032 MHz, 3996 MHz, 57 %, 31 %
2026/03/24 02:40:17.805, 4, 178.92 W, 25, 120 MHz, 3996 MHz, 0 %, 0 %
2026/03/24 02:40:17.805, 5, 180.58 W, 27, 120 MHz, 3996 MHz, 0 %, 0 %
2026/03/24 02:40:17.805, 6, 178.34 W, 26, 120 MHz, 3996 MHz, 0 %, 0 %
2026/03/24 02:40:17.805, 7, 176.58 W, 27, 120 MHz, 3996 MHz, 0 %, 0 %
2026/03/24 02:40:18.805, 0, 610.20 W, 39, 2032 MHz, 3996 MHz, 99 %, 24 %
2026/03/24 02:40:18.805, 1, 613.11 W, 43, 2032 MHz, 3996 MHz, 99 %, 23 %
2026/03/24 02:40:18.805, 2, 617.44 W, 40, 2032 MHz, 3996 MHz, 99 %, 24 %
2026/03/24 02:40:18.805, 3, 615.30 W, 44, 2032 MHz, 3996 MHz, 60 %, 38 %
2026/03/24 02:40:18.805, 4, 178.92 W, 25, 120 MHz, 3996 MHz, 0 %, 0 %
2026/03/24 02:40:18.805, 5, 180.58 W, 27, 120 MHz, 3996 MHz, 0 %, 0 %
2026/03/24 02:40:18.805, 6, 178.17 W, 26, 120 MHz, 3996 MHz, 0 %, 0 %
2026/03/24 02:40:18.805, 7, 176.58 W, 27, 120 MHz, 3996 MHz, 0 %, 0 %
2026/03/24 02:40:19.805, 0, 599.42 W, 40, 2032 MHz, 3996 MHz, 67 %, 26 %
2026/03/24 02:40:19.805, 1, 605.23 W, 44, 2032 MHz, 3996 MHz, 100 %, 26 %
2026/03/24 02:40:19.805, 2, 606.65 W, 41, 2032 MHz, 3996 MHz, 100 %, 26 %
2026/03/24 02:40:19.805, 3, 602.47 W, 45, 2032 MHz, 3996 MHz, 57 %, 28 %
2026/03/24 02:40:19.805, 4, 178.99 W, 25, 120 MHz, 3996 MHz, 0 %, 0 %
2026/03/24 02:40:19.805, 5, 180.58 W, 27, 120 MHz, 3996 MHz, 0 %, 0 %
2026/03/24 02:40:19.805, 6, 178.21 W, 26, 120 MHz, 3996 MHz, 0 %, 0 %
2026/03/24 02:40:19.805, 7, 176.58 W, 27, 120 MHz, 3996 MHz, 0 %, 0 %
2026/03/24 02:40:20.805, 0, 621.46 W, 40, 2032 MHz, 3996 MHz, 89 %, 44 %
2026/03/24 02:40:20.805, 1, 625.99 W, 44, 2032 MHz, 3996 MHz, 97 %, 43 %
2026/03/24 02:40:20.805, 2, 636.84 W, 40, 2032 MHz, 3996 MHz, 96 %, 44 %
2026/03/24 02:40:20.805, 3, 630.94 W, 44, 2032 MHz, 3996 MHz, 52 %, 27 %
2026/03/24 02:40:20.805, 4, 178.81 W, 25, 120 MHz, 3996 MHz, 0 %, 0 %
2026/03/24 02:40:20.805, 5, 180.58 W, 27, 120 MHz, 3996 MHz, 0 %, 0 %
2026/03/24 02:40:20.805, 6, 178.30 W, 26, 120 MHz, 3996 MHz, 0 %, 0 %
2026/03/24 02:40:20.805, 7, 176.59 W, 27, 120 MHz, 3996 MHz, 0 %, 0 %
2026/03/24 02:40:21.805, 0, 610.92 W, 39, 2032 MHz, 3996 MHz, 99 %, 26 %
2026/03/24 02:40:21.805, 1, 614.32 W, 43, 2032 MHz, 3996 MHz, 99 %, 25 %
2026/03/24 02:40:21.805, 2, 619.46 W, 39, 2032 MHz, 3996 MHz, 99 %, 25 %
2026/03/24 02:40:21.805, 3, 616.99 W, 43, 2032 MHz, 3996 MHz, 54 %, 27 %
2026/03/24 02:40:21.805, 4, 179.07 W, 25, 120 MHz, 3996 MHz, 0 %, 0 %
2026/03/24 02:40:21.805, 5, 180.58 W, 27, 120 MHz, 3996 MHz, 0 %, 0 %
2026/03/24 02:40:21.805, 6, 178.22 W, 26, 120 MHz, 3996 MHz, 0 %, 0 %
2026/03/24 02:40:21.805, 7, 176.58 W, 27, 120 MHz, 3996 MHz, 0 %, 0 %
2026/03/24 02:40:22.805, 0, 609.37 W, 39, 2032 MHz, 3996 MHz, 100 %, 23 %
2026/03/24 02:40:22.805, 1, 619.09 W, 43, 2032 MHz, 3996 MHz, 100 %, 34 %
2026/03/24 02:40:22.805, 2, 627.08 W, 39, 2032 MHz, 3996 MHz, 100 %, 27 %
2026/03/24 02:40:22.805, 3, 620.44 W, 43, 2032 MHz, 3996 MHz, 58 %, 35 %
2026/03/24 02:40:22.805, 4, 178.79 W, 25, 120 MHz, 3996 MHz, 0 %, 0 %
2026/03/24 02:40:22.805, 5, 180.58 W, 27, 120 MHz, 3996 MHz, 0 %, 0 %
2026/03/24 02:40:22.806, 6, 178.18 W, 26, 120 MHz, 3996 MHz, 0 %, 0 %
2026/03/24 02:40:22.806, 7, 176.59 W, 27, 120 MHz, 3996 MHz, 0 %, 0 %
2026/03/24 02:40:23.806, 0, 638.34 W, 39, 2032 MHz, 3996 MHz, 42 %, 22 %
2026/03/24 02:40:23.806, 1, 647.30 W, 44, 2032 MHz, 3996 MHz, 99 %, 24 %
2026/03/24 02:40:23.806, 2, 636.92 W, 40, 2032 MHz, 3996 MHz, 99 %, 23 %
2026/03/24 02:40:23.806, 3, 655.38 W, 44, 2032 MHz, 3996 MHz, 100 %, 27 %
2026/03/24 02:40:23.806, 4, 178.85 W, 25, 120 MHz, 3996 MHz, 0 %, 0 %
2026/03/24 02:40:23.806, 5, 180.58 W, 27, 120 MHz, 3996 MHz, 0 %, 0 %
2026/03/24 02:40:23.806, 6, 178.14 W, 26, 120 MHz, 3996 MHz, 0 %, 0 %
2026/03/24 02:40:23.806, 7, 176.58 W, 27, 120 MHz, 3996 MHz, 0 %, 0 %
2026/03/24 02:40:24.806, 0, 603.37 W, 39, 2032 MHz, 3996 MHz, 99 %, 26 %
2026/03/24 02:40:24.806, 1, 601.42 W, 42, 2032 MHz, 3996 MHz, 52 %, 26 %
2026/03/24 02:40:24.806, 2, 615.89 W, 39, 2032 MHz, 3996 MHz, 100 %, 26 %
2026/03/24 02:40:24.806, 3, 608.44 W, 43, 2032 MHz, 3996 MHz, 99 %, 23 %
2026/03/24 02:40:24.806, 4, 178.85 W, 25, 120 MHz, 3996 MHz, 0 %, 0 %
2026/03/24 02:40:24.806, 5, 180.58 W, 27, 120 MHz, 3996 MHz, 0 %, 0 %
2026/03/24 02:40:24.806, 6, 178.49 W, 26, 120 MHz, 3996 MHz, 0 %, 0 %
2026/03/24 02:40:24.806, 7, 176.59 W, 27, 120 MHz, 3996 MHz, 0 %, 0 %
2026/03/24 02:40:25.806, 0, 595.08 W, 38, 2032 MHz, 3996 MHz, 98 %, 22 %
2026/03/24 02:40:25.806, 1, 597.69 W, 42, 2032 MHz, 3996 MHz, 99 %, 22 %
2026/03/24 02:40:25.806, 2, 598.83 W, 39, 2032 MHz, 3996 MHz, 99 %, 22 %
2026/03/24 02:40:25.806, 3, 597.92 W, 43, 2032 MHz, 3996 MHz, 42 %, 23 %
2026/03/24 02:40:25.806, 4, 179.07 W, 25, 120 MHz, 3996 MHz, 0 %, 0 %
2026/03/24 02:40:25.806, 5, 180.58 W, 27, 120 MHz, 3996 MHz, 0 %, 0 %
2026/03/24 02:40:25.806, 6, 178.37 W, 26, 120 MHz, 3996 MHz, 0 %, 0 %
2026/03/24 02:40:25.806, 7, 176.58 W, 27, 120 MHz, 3996 MHz, 0 %, 0 %
2026/03/24 02:40:26.806, 0, 620.67 W, 39, 2032 MHz, 3996 MHz, 85 %, 23 %
2026/03/24 02:40:26.806, 1, 629.83 W, 42, 2032 MHz, 3996 MHz, 100 %, 23 %
2026/03/24 02:40:26.806, 2, 628.61 W, 39, 2032 MHz, 3996 MHz, 100 %, 23 %
2026/03/24 02:40:26.806, 3, 628.63 W, 43, 2032 MHz, 3996 MHz, 41 %, 22 %
2026/03/24 02:40:26.806, 4, 178.96 W, 25, 120 MHz, 3996 MHz, 0 %, 0 %
2026/03/24 02:40:26.806, 5, 180.58 W, 27, 120 MHz, 3996 MHz, 0 %, 0 %
2026/03/24 02:40:26.806, 6, 178.49 W, 26, 120 MHz, 3996 MHz, 0 %, 0 %
2026/03/24 02:40:26.806, 7, 176.59 W, 27, 120 MHz, 3996 MHz, 0 %, 0 %
2026/03/24 02:40:27.806, 0, 558.57 W, 38, 2032 MHz, 3996 MHz, 84 %, 41 %
2026/03/24 02:40:27.806, 1, 568.62 W, 42, 2032 MHz, 3996 MHz, 96 %, 41 %
2026/03/24 02:40:27.806, 2, 570.99 W, 39, 2032 MHz, 3996 MHz, 96 %, 41 %
2026/03/24 02:40:27.806, 3, 567.99 W, 43, 2032 MHz, 3996 MHz, 48 %, 24 %
2026/03/24 02:40:27.806, 4, 179.06 W, 25, 120 MHz, 3996 MHz, 0 %, 0 %
2026/03/24 02:40:27.806, 5, 180.58 W, 27, 120 MHz, 3996 MHz, 0 %, 0 %
2026/03/24 02:40:27.806, 6, 178.22 W, 26, 120 MHz, 3996 MHz, 0 %, 0 %
2026/03/24 02:40:27.806, 7, 176.59 W, 27, 120 MHz, 3996 MHz, 0 %, 0 %
2026/03/24 02:40:28.806, 0, 620.54 W, 40, 2032 MHz, 3996 MHz, 64 %, 38 %
2026/03/24 02:40:28.806, 1, 631.60 W, 44, 2032 MHz, 3996 MHz, 94 %, 24 %
2026/03/24 02:40:28.806, 2, 633.44 W, 40, 2032 MHz, 3996 MHz, 95 %, 31 %
2026/03/24 02:40:28.806, 3, 631.35 W, 45, 2032 MHz, 3996 MHz, 99 %, 26 %
2026/03/24 02:40:28.806, 4, 178.87 W, 25, 120 MHz, 3996 MHz, 0 %, 0 %
2026/03/24 02:40:28.806, 5, 180.58 W, 27, 120 MHz, 3996 MHz, 0 %, 0 %
2026/03/24 02:40:28.806, 6, 178.33 W, 26, 120 MHz, 3996 MHz, 0 %, 0 %
2026/03/24 02:40:28.806, 7, 176.58 W, 27, 120 MHz, 3996 MHz, 0 %, 0 %
2026/03/24 02:40:29.806, 0, 565.38 W, 39, 2032 MHz, 3996 MHz, 42 %, 22 %
2026/03/24 02:40:29.806, 1, 574.15 W, 42, 2032 MHz, 3996 MHz, 99 %, 22 %
2026/03/24 02:40:29.806, 2, 579.58 W, 39, 2032 MHz, 3996 MHz, 99 %, 22 %
2026/03/24 02:40:29.807, 3, 582.75 W, 43, 2032 MHz, 3996 MHz, 95 %, 41 %
2026/03/24 02:40:29.807, 4, 178.90 W, 25, 120 MHz, 3996 MHz, 0 %, 0 %
2026/03/24 02:40:29.807, 5, 180.58 W, 27, 120 MHz, 3996 MHz, 0 %, 0 %
2026/03/24 02:40:29.807, 6, 178.34 W, 26, 120 MHz, 3996 MHz, 0 %, 0 %
2026/03/24 02:40:29.807, 7, 176.58 W, 27, 120 MHz, 3996 MHz, 0 %, 0 %
2026/03/24 02:40:30.807, 0, 575.76 W, 38, 2032 MHz, 3996 MHz, 99 %, 25 %
2026/03/24 02:40:30.807, 1, 576.35 W, 42, 2032 MHz, 3996 MHz, 99 %, 24 %
2026/03/24 02:40:30.807, 2, 581.48 W, 38, 2032 MHz, 3996 MHz, 99 %, 24 %
2026/03/24 02:40:30.807, 3, 575.86 W, 43, 2032 MHz, 3996 MHz, 42 %, 22 %
2026/03/24 02:40:30.807, 4, 178.99 W, 25, 120 MHz, 3996 MHz, 0 %, 0 %
2026/03/24 02:40:30.807, 5, 180.58 W, 27, 120 MHz, 3996 MHz, 0 %, 0 %
2026/03/24 02:40:30.807, 6, 178.15 W, 26, 120 MHz, 3996 MHz, 0 %, 0 %
2026/03/24 02:40:30.807, 7, 176.58 W, 27, 120 MHz, 3996 MHz, 0 %, 0 %
2026/03/24 02:40:31.807, 0, 634.50 W, 40, 2032 MHz, 3996 MHz, 94 %, 27 %
2026/03/24 02:40:31.807, 1, 646.46 W, 43, 2032 MHz, 3996 MHz, 99 %, 28 %
2026/03/24 02:40:31.807, 2, 650.08 W, 40, 2032 MHz, 3996 MHz, 99 %, 27 %
2026/03/24 02:40:31.807, 3, 647.30 W, 44, 2032 MHz, 3996 MHz, 71 %, 42 %
2026/03/24 02:40:31.807, 4, 178.87 W, 25, 120 MHz, 3996 MHz, 0 %, 0 %
2026/03/24 02:40:31.807, 5, 180.58 W, 27, 120 MHz, 3996 MHz, 0 %, 0 %
2026/03/24 02:40:31.807, 6, 178.18 W, 26, 120 MHz, 3996 MHz, 0 %, 0 %
2026/03/24 02:40:31.807, 7, 176.59 W, 27, 120 MHz, 3996 MHz, 0 %, 0 %
2026/03/24 02:40:32.807, 0, 647.32 W, 41, 2032 MHz, 3996 MHz, 100 %, 33 %
2026/03/24 02:40:32.807, 1, 659.46 W, 44, 2032 MHz, 3996 MHz, 100 %, 49 %
2026/03/24 02:40:32.807, 2, 666.06 W, 41, 2032 MHz, 3996 MHz, 100 %, 42 %
2026/03/24 02:40:32.807, 3, 661.83 W, 45, 2032 MHz, 3996 MHz, 100 %, 70 %
2026/03/24 02:40:32.807, 4, 178.99 W, 25, 120 MHz, 3996 MHz, 0 %, 0 %
2026/03/24 02:40:32.807, 5, 180.58 W, 27, 120 MHz, 3996 MHz, 0 %, 0 %
2026/03/24 02:40:32.807, 6, 178.38 W, 26, 120 MHz, 3996 MHz, 0 %, 0 %
2026/03/24 02:40:32.807, 7, 176.59 W, 27, 120 MHz, 3996 MHz, 0 %, 0 %
2026/03/24 02:40:33.807, 0, 632.83 W, 39, 2032 MHz, 3996 MHz, 87 %, 39 %
2026/03/24 02:40:33.807, 1, 642.12 W, 43, 2032 MHz, 3996 MHz, 100 %, 50 %
2026/03/24 02:40:33.807, 2, 643.83 W, 40, 2032 MHz, 3996 MHz, 100 %, 45 %
2026/03/24 02:40:33.807, 3, 647.53 W, 44, 2032 MHz, 3996 MHz, 73 %, 40 %
2026/03/24 02:40:33.807, 4, 179.05 W, 25, 120 MHz, 3996 MHz, 0 %, 0 %
2026/03/24 02:40:33.807, 5, 180.58 W, 27, 120 MHz, 3996 MHz, 0 %, 0 %
2026/03/24 02:40:33.807, 6, 178.21 W, 26, 120 MHz, 3996 MHz, 0 %, 0 %
2026/03/24 02:40:33.807, 7, 176.60 W, 27, 120 MHz, 3996 MHz, 0 %, 0 %
2026/03/24 02:40:34.807, 0, 732.44 W, 41, 2032 MHz, 3996 MHz, 68 %, 27 %
2026/03/24 02:40:34.807, 1, 747.27 W, 45, 2032 MHz, 3996 MHz, 99 %, 24 %
2026/03/24 02:40:34.807, 2, 751.06 W, 42, 2032 MHz, 3996 MHz, 98 %, 24 %
2026/03/24 02:40:34.807, 3, 744.35 W, 46, 2032 MHz, 3996 MHz, 83 %, 56 %
2026/03/24 02:40:34.807, 4, 178.81 W, 25, 120 MHz, 3996 MHz, 0 %, 0 %
2026/03/24 02:40:34.807, 5, 180.58 W, 27, 120 MHz, 3996 MHz, 0 %, 0 %
2026/03/24 02:40:34.807, 6, 178.15 W, 26, 120 MHz, 3996 MHz, 0 %, 0 %
2026/03/24 02:40:34.807, 7, 176.59 W, 27, 120 MHz, 3996 MHz, 0 %, 0 %
2026/03/24 02:40:35.807, 0, 662.16 W, 39, 2032 MHz, 3996 MHz, 90 %, 25 %
2026/03/24 02:40:35.807, 1, 665.66 W, 43, 2032 MHz, 3996 MHz, 99 %, 41 %
2026/03/24 02:40:35.807, 2, 683.70 W, 39, 2032 MHz, 3996 MHz, 100 %, 33 %
2026/03/24 02:40:35.807, 3, 671.43 W, 43, 2032 MHz, 3996 MHz, 51 %, 26 %
2026/03/24 02:40:35.807, 4, 178.88 W, 25, 120 MHz, 3996 MHz, 0 %, 0 %
2026/03/24 02:40:35.807, 5, 180.58 W, 27, 120 MHz, 3996 MHz, 0 %, 0 %
2026/03/24 02:40:35.807, 6, 178.34 W, 26, 120 MHz, 3996 MHz, 0 %, 0 %
2026/03/24 02:40:35.807, 7, 176.60 W, 27, 120 MHz, 3996 MHz, 0 %, 0 %
2026/03/24 02:40:36.808, 0, 627.94 W, 39, 2032 MHz, 3996 MHz, 99 %, 69 %
2026/03/24 02:40:36.808, 1, 646.79 W, 44, 2032 MHz, 3996 MHz, 96 %, 53 %
2026/03/24 02:40:36.808, 2, 645.17 W, 40, 2032 MHz, 3996 MHz, 96 %, 62 %
2026/03/24 02:40:36.808, 3, 649.96 W, 43, 2032 MHz, 3996 MHz, 43 %, 23 %
2026/03/24 02:40:36.808, 4, 179.11 W, 25, 120 MHz, 3996 MHz, 0 %, 0 %
2026/03/24 02:40:36.808, 5, 180.58 W, 27, 120 MHz, 3996 MHz, 0 %, 0 %
2026/03/24 02:40:36.808, 6, 178.22 W, 26, 120 MHz, 3996 MHz, 0 %, 0 %
2026/03/24 02:40:36.808, 7, 176.59 W, 27, 120 MHz, 3996 MHz, 0 %, 0 %
2026/03/24 02:40:37.808, 0, 725.38 W, 42, 2032 MHz, 3996 MHz, 100 %, 44 %
2026/03/24 02:40:37.808, 1, 737.96 W, 45, 2032 MHz, 3996 MHz, 100 %, 57 %
2026/03/24 02:40:37.808, 2, 747.18 W, 42, 2032 MHz, 3996 MHz, 100 %, 51 %
2026/03/24 02:40:37.808, 3, 738.29 W, 47, 2032 MHz, 3996 MHz, 100 %, 70 %
2026/03/24 02:40:37.808, 4, 178.82 W, 25, 120 MHz, 3996 MHz, 0 %, 0 %
2026/03/24 02:40:37.808, 5, 180.58 W, 27, 120 MHz, 3996 MHz, 0 %, 0 %
2026/03/24 02:40:37.808, 6, 178.33 W, 26, 120 MHz, 3996 MHz, 0 %, 0 %
2026/03/24 02:40:37.808, 7, 176.58 W, 27, 120 MHz, 3996 MHz, 0 %, 0 %
2026/03/24 02:40:38.808, 0, 695.77 W, 40, 2032 MHz, 3996 MHz, 100 %, 70 %
2026/03/24 02:40:38.808, 1, 710.77 W, 45, 2032 MHz, 3996 MHz, 96 %, 58 %
2026/03/24 02:40:38.808, 2, 717.56 W, 40, 2032 MHz, 3996 MHz, 96 %, 64 %
2026/03/24 02:40:38.808, 3, 712.90 W, 44, 2032 MHz, 3996 MHz, 44 %, 23 %
2026/03/24 02:40:38.808, 4, 178.95 W, 25, 120 MHz, 3996 MHz, 0 %, 0 %
2026/03/24 02:40:38.808, 5, 180.58 W, 27, 120 MHz, 3996 MHz, 0 %, 0 %
2026/03/24 02:40:38.808, 6, 177.88 W, 26, 120 MHz, 3996 MHz, 0 %, 0 %
2026/03/24 02:40:38.808, 7, 176.58 W, 27, 120 MHz, 3996 MHz, 0 %, 0 %
2026/03/24 02:40:39.808, 0, 672.17 W, 40, 2032 MHz, 3996 MHz, 66 %, 30 %
2026/03/24 02:40:39.808, 1, 689.06 W, 43, 2032 MHz, 3996 MHz, 99 %, 23 %
2026/03/24 02:40:39.808, 2, 696.16 W, 40, 2032 MHz, 3996 MHz, 95 %, 23 %
2026/03/24 02:40:39.808, 3, 688.72 W, 44, 2032 MHz, 3996 MHz, 68 %, 42 %
2026/03/24 02:40:39.808, 4, 179.02 W, 25, 120 MHz, 3996 MHz, 0 %, 0 %
2026/03/24 02:40:39.808, 5, 180.58 W, 27, 120 MHz, 3996 MHz, 0 %, 0 %
2026/03/24 02:40:39.808, 6, 177.90 W, 26, 120 MHz, 3996 MHz, 0 %, 0 %
2026/03/24 02:40:39.808, 7, 176.59 W, 27, 120 MHz, 3996 MHz, 0 %, 0 %
2026/03/24 02:40:40.808, 0, 652.37 W, 41, 2032 MHz, 3996 MHz, 77 %, 31 %
2026/03/24 02:40:40.808, 1, 666.60 W, 44, 2032 MHz, 3996 MHz, 99 %, 23 %
2026/03/24 02:40:40.808, 2, 670.83 W, 42, 2032 MHz, 3996 MHz, 95 %, 24 %
2026/03/24 02:40:40.808, 3, 662.75 W, 46, 2032 MHz, 3996 MHz, 78 %, 53 %
2026/03/24 02:40:40.808, 4, 178.96 W, 25, 120 MHz, 3996 MHz, 0 %, 0 %
2026/03/24 02:40:40.808, 5, 180.58 W, 27, 120 MHz, 3996 MHz, 0 %, 0 %
2026/03/24 02:40:40.808, 6, 178.26 W, 26, 120 MHz, 3996 MHz, 0 %, 0 %
2026/03/24 02:40:40.808, 7, 176.59 W, 27, 120 MHz, 3996 MHz, 0 %, 0 %
2026/03/24 02:40:41.808, 0, 724.76 W, 40, 2032 MHz, 3996 MHz, 54 %, 29 %
2026/03/24 02:40:41.808, 1, 741.58 W, 44, 2032 MHz, 3996 MHz, 100 %, 44 %
2026/03/24 02:40:41.808, 2, 746.76 W, 40, 2032 MHz, 3996 MHz, 100 %, 35 %
2026/03/24 02:40:41.808, 3, 744.08 W, 44, 2032 MHz, 3996 MHz, 77 %, 45 %
2026/03/24 02:40:41.808, 4, 178.84 W, 25, 120 MHz, 3996 MHz, 0 %, 0 %
2026/03/24 02:40:41.808, 5, 180.58 W, 27, 120 MHz, 3996 MHz, 0 %, 0 %
2026/03/24 02:40:41.808, 6, 178.29 W, 26, 120 MHz, 3996 MHz, 0 %, 0 %
2026/03/24 02:40:41.808, 7, 176.59 W, 27, 120 MHz, 3996 MHz, 0 %, 0 %
2026/03/24 02:40:42.808, 0, 730.73 W, 41, 2032 MHz, 3996 MHz, 68 %, 34 %
2026/03/24 02:40:42.808, 1, 755.95 W, 46, 2032 MHz, 3996 MHz, 100 %, 27 %
2026/03/24 02:40:42.808, 2, 755.36 W, 42, 2032 MHz, 3996 MHz, 100 %, 50 %
2026/03/24 02:40:42.808, 3, 760.17 W, 46, 2032 MHz, 3996 MHz, 82 %, 53 %
2026/03/24 02:40:42.808, 4, 178.80 W, 25, 120 MHz, 3996 MHz, 0 %, 0 %
2026/03/24 02:40:42.808, 5, 180.58 W, 27, 120 MHz, 3996 MHz, 0 %, 0 %
2026/03/24 02:40:42.809, 6, 178.30 W, 26, 120 MHz, 3996 MHz, 0 %, 0 %
2026/03/24 02:40:42.809, 7, 176.59 W, 27, 120 MHz, 3996 MHz, 0 %, 0 %
2026/03/24 02:40:43.809, 0, 747.39 W, 42, 2032 MHz, 3996 MHz, 90 %, 23 %
2026/03/24 02:40:43.809, 1, 766.10 W, 46, 2032 MHz, 3996 MHz, 100 %, 27 %
2026/03/24 02:40:43.809, 2, 779.77 W, 43, 2032 MHz, 3996 MHz, 100 %, 66 %
2026/03/24 02:40:43.809, 3, 768.74 W, 47, 2032 MHz, 3996 MHz, 100 %, 70 %
2026/03/24 02:40:43.809, 4, 179.02 W, 25, 120 MHz, 3996 MHz, 0 %, 0 %
2026/03/24 02:40:43.809, 5, 180.58 W, 27, 120 MHz, 3996 MHz, 0 %, 0 %
2026/03/24 02:40:43.809, 6, 178.29 W, 26, 120 MHz, 3996 MHz, 0 %, 0 %
2026/03/24 02:40:43.809, 7, 176.60 W, 27, 120 MHz, 3996 MHz, 0 %, 0 %
2026/03/24 02:40:44.809, 0, 729.72 W, 40, 2032 MHz, 3996 MHz, 64 %, 40 %
2026/03/24 02:40:44.809, 1, 745.80 W, 44, 2032 MHz, 3996 MHz, 96 %, 27 %
2026/03/24 02:40:44.809, 2, 756.18 W, 41, 2032 MHz, 3996 MHz, 100 %, 40 %
2026/03/24 02:40:44.809, 3, 746.66 W, 45, 2032 MHz, 3996 MHz, 67 %, 43 %
2026/03/24 02:40:44.809, 4, 178.90 W, 25, 120 MHz, 3996 MHz, 0 %, 0 %
2026/03/24 02:40:44.809, 5, 180.58 W, 27, 120 MHz, 3996 MHz, 0 %, 0 %
2026/03/24 02:40:44.809, 6, 178.18 W, 26, 120 MHz, 3996 MHz, 0 %, 0 %
2026/03/24 02:40:44.809, 7, 176.59 W, 27, 120 MHz, 3996 MHz, 0 %, 0 %
2026/03/24 02:40:45.809, 0, 812.30 W, 43, 2032 MHz, 3996 MHz, 100 %, 70 %
2026/03/24 02:40:45.809, 1, 836.94 W, 47, 2032 MHz, 3996 MHz, 100 %, 70 %
2026/03/24 02:40:45.809, 2, 841.52 W, 44, 2032 MHz, 3996 MHz, 100 %, 70 %
2026/03/24 02:40:45.809, 3, 854.46 W, 48, 2032 MHz, 3996 MHz, 100 %, 70 %
2026/03/24 02:40:45.809, 4, 178.97 W, 25, 120 MHz, 3996 MHz, 0 %, 0 %
2026/03/24 02:40:45.809, 5, 180.58 W, 27, 120 MHz, 3996 MHz, 0 %, 0 %
2026/03/24 02:40:45.809, 6, 178.30 W, 26, 120 MHz, 3996 MHz, 0 %, 0 %
2026/03/24 02:40:45.809, 7, 176.59 W, 27, 120 MHz, 3996 MHz, 0 %, 0 %
2026/03/24 02:40:46.809, 0, 695.81 W, 42, 2032 MHz, 3996 MHz, 95 %, 55 %
2026/03/24 02:40:46.809, 1, 712.52 W, 46, 2032 MHz, 3996 MHz, 100 %, 68 %
2026/03/24 02:40:46.809, 2, 713.80 W, 43, 2032 MHz, 3996 MHz, 100 %, 70 %
2026/03/24 02:40:46.809, 3, 712.24 W, 47, 2032 MHz, 3996 MHz, 100 %, 70 %
2026/03/24 02:40:46.809, 4, 178.93 W, 25, 120 MHz, 3996 MHz, 0 %, 0 %
2026/03/24 02:40:46.809, 5, 180.58 W, 27, 120 MHz, 3996 MHz, 0 %, 0 %
2026/03/24 02:40:46.809, 6, 178.17 W, 26, 120 MHz, 3996 MHz, 0 %, 0 %
2026/03/24 02:40:46.809, 7, 176.58 W, 27, 120 MHz, 3996 MHz, 0 %, 0 %
2026/03/24 02:40:47.809, 0, 803.46 W, 43, 2032 MHz, 3996 MHz, 100 %, 70 %
2026/03/24 02:40:47.809, 1, 826.80 W, 47, 2032 MHz, 3996 MHz, 100 %, 70 %
2026/03/24 02:40:47.809, 2, 833.06 W, 44, 2032 MHz, 3996 MHz, 100 %, 71 %
2026/03/24 02:40:47.809, 3, 828.74 W, 48, 2032 MHz, 3996 MHz, 100 %, 70 %
2026/03/24 02:40:47.809, 4, 178.76 W, 25, 120 MHz, 3996 MHz, 0 %, 0 %
2026/03/24 02:40:47.809, 5, 180.58 W, 27, 120 MHz, 3996 MHz, 0 %, 0 %
2026/03/24 02:40:47.809, 6, 178.22 W, 26, 120 MHz, 3996 MHz, 0 %, 0 %
2026/03/24 02:40:47.809, 7, 176.59 W, 27, 120 MHz, 3996 MHz, 0 %, 0 %
2026/03/24 02:40:48.809, 0, 754.07 W, 41, 2032 MHz, 3996 MHz, 100 %, 70 %
2026/03/24 02:40:48.809, 1, 768.80 W, 44, 2032 MHz, 3996 MHz, 100 %, 70 %
2026/03/24 02:40:48.809, 2, 788.17 W, 41, 2032 MHz, 3996 MHz, 94 %, 35 %
2026/03/24 02:40:48.810, 3, 771.56 W, 45, 2032 MHz, 3996 MHz, 58 %, 31 %
2026/03/24 02:40:48.810, 4, 178.85 W, 25, 120 MHz, 3996 MHz, 0 %, 0 %
2026/03/24 02:40:48.810, 5, 180.58 W, 27, 120 MHz, 3996 MHz, 0 %, 0 %
2026/03/24 02:40:48.810, 6, 178.02 W, 26, 120 MHz, 3996 MHz, 0 %, 0 %
2026/03/24 02:40:48.810, 7, 176.58 W, 27, 120 MHz, 3996 MHz, 0 %, 0 %
2026/03/24 02:40:49.810, 0, 852.54 W, 43, 2032 MHz, 3996 MHz, 99 %, 65 %
2026/03/24 02:40:49.810, 1, 884.01 W, 47, 2032 MHz, 3996 MHz, 100 %, 70 %
2026/03/24 02:40:49.810, 2, 876.52 W, 44, 2032 MHz, 3996 MHz, 100 %, 71 %
2026/03/24 02:40:49.810, 3, 882.11 W, 48, 2032 MHz, 3996 MHz, 100 %, 70 %
2026/03/24 02:40:49.810, 4, 178.88 W, 25, 120 MHz, 3996 MHz, 0 %, 0 %
2026/03/24 02:40:49.810, 5, 180.58 W, 27, 120 MHz, 3996 MHz, 0 %, 0 %
2026/03/24 02:40:49.810, 6, 177.99 W, 26, 120 MHz, 3996 MHz, 0 %, 0 %
2026/03/24 02:40:49.810, 7, 176.58 W, 27, 120 MHz, 3996 MHz, 0 %, 0 %
2026/03/24 02:40:50.810, 0, 915.29 W, 44, 2032 MHz, 3996 MHz, 100 %, 70 %
2026/03/24 02:40:50.810, 1, 943.58 W, 48, 2032 MHz, 3996 MHz, 100 %, 70 %
2026/03/24 02:40:50.810, 2, 952.58 W, 45, 2032 MHz, 3996 MHz, 100 %, 71 %
2026/03/24 02:40:50.810, 3, 947.93 W, 49, 2032 MHz, 3996 MHz, 100 %, 70 %
2026/03/24 02:40:50.810, 4, 178.76 W, 25, 120 MHz, 3996 MHz, 0 %, 0 %
2026/03/24 02:40:50.810, 5, 180.58 W, 27, 120 MHz, 3996 MHz, 0 %, 0 %
2026/03/24 02:40:50.810, 6, 178.18 W, 26, 120 MHz, 3996 MHz, 0 %, 0 %
2026/03/24 02:40:50.810, 7, 176.58 W, 27, 120 MHz, 3996 MHz, 0 %, 0 %
2026/03/24 02:40:51.810, 0, 860.63 W, 44, 2032 MHz, 3996 MHz, 100 %, 70 %
2026/03/24 02:40:51.810, 1, 885.61 W, 48, 2032 MHz, 3996 MHz, 100 %, 70 %
2026/03/24 02:40:51.810, 2, 892.43 W, 45, 2032 MHz, 3996 MHz, 100 %, 70 %
2026/03/24 02:40:51.810, 3, 890.65 W, 49, 2032 MHz, 3996 MHz, 100 %, 70 %
2026/03/24 02:40:51.810, 4, 179.03 W, 25, 120 MHz, 3996 MHz, 0 %, 0 %
2026/03/24 02:40:51.810, 5, 180.58 W, 27, 120 MHz, 3996 MHz, 0 %, 0 %
2026/03/24 02:40:51.810, 6, 177.94 W, 26, 120 MHz, 3996 MHz, 0 %, 0 %
2026/03/24 02:40:51.810, 7, 176.58 W, 27, 120 MHz, 3996 MHz, 0 %, 0 %
2026/03/24 02:40:52.810, 0, 866.54 W, 42, 2032 MHz, 3996 MHz, 100 %, 70 %
2026/03/24 02:40:52.810, 1, 887.50 W, 47, 2032 MHz, 3996 MHz, 94 %, 62 %
2026/03/24 02:40:52.810, 2, 896.64 W, 42, 2032 MHz, 3996 MHz, 97 %, 24 %
2026/03/24 02:40:52.810, 3, 892.32 W, 46, 2032 MHz, 3996 MHz, 52 %, 24 %
2026/03/24 02:40:52.810, 4, 178.95 W, 25, 120 MHz, 3996 MHz, 0 %, 0 %
2026/03/24 02:40:52.810, 5, 180.58 W, 27, 120 MHz, 3996 MHz, 0 %, 0 %
2026/03/24 02:40:52.810, 6, 178.26 W, 26, 120 MHz, 3996 MHz, 0 %, 0 %
2026/03/24 02:40:52.810, 7, 176.59 W, 27, 120 MHz, 3996 MHz, 0 %, 0 %
2026/03/24 02:40:53.810, 0, 753.88 W, 41, 2032 MHz, 3996 MHz, 100 %, 70 %
2026/03/24 02:40:53.810, 1, 774.89 W, 45, 2032 MHz, 3996 MHz, 97 %, 66 %
2026/03/24 02:40:53.810, 2, 785.12 W, 42, 2032 MHz, 3996 MHz, 96 %, 30 %
2026/03/24 02:40:53.810, 3, 778.69 W, 46, 2032 MHz, 3996 MHz, 57 %, 26 %
2026/03/24 02:40:53.810, 4, 179.17 W, 25, 120 MHz, 3996 MHz, 0 %, 0 %
2026/03/24 02:40:53.810, 5, 180.58 W, 27, 120 MHz, 3996 MHz, 0 %, 0 %
2026/03/24 02:40:53.810, 6, 178.25 W, 26, 120 MHz, 3996 MHz, 0 %, 0 %
2026/03/24 02:40:53.810, 7, 176.58 W, 27, 120 MHz, 3996 MHz, 0 %, 0 %
2026/03/24 02:40:54.810, 0, 861.32 W, 43, 2032 MHz, 3996 MHz, 74 %, 49 %
2026/03/24 02:40:54.810, 1, 886.41 W, 48, 2032 MHz, 3996 MHz, 100 %, 63 %
2026/03/24 02:40:54.810, 2, 884.22 W, 44, 2032 MHz, 3996 MHz, 100 %, 70 %
2026/03/24 02:40:54.810, 3, 889.04 W, 48, 2032 MHz, 3996 MHz, 100 %, 70 %
2026/03/24 02:40:54.810, 4, 178.99 W, 25, 120 MHz, 3996 MHz, 0 %, 0 %
2026/03/24 02:40:54.810, 5, 180.58 W, 27, 120 MHz, 3996 MHz, 0 %, 0 %
2026/03/24 02:40:54.810, 6, 177.86 W, 26, 120 MHz, 3996 MHz, 0 %, 0 %
2026/03/24 02:40:54.810, 7, 176.58 W, 27, 120 MHz, 3996 MHz, 0 %, 0 %
2026/03/24 02:40:55.811, 0, 809.32 W, 41, 2032 MHz, 3996 MHz, 100 %, 71 %
2026/03/24 02:40:55.811, 1, 829.96 W, 46, 2032 MHz, 3996 MHz, 96 %, 61 %
2026/03/24 02:40:55.811, 2, 839.56 W, 42, 2032 MHz, 3996 MHz, 98 %, 24 %
2026/03/24 02:40:55.811, 3, 834.27 W, 46, 2032 MHz, 3996 MHz, 58 %, 24 %
2026/03/24 02:40:55.811, 4, 179.04 W, 25, 120 MHz, 3996 MHz, 0 %, 0 %
2026/03/24 02:40:55.811, 5, 180.58 W, 27, 120 MHz, 3996 MHz, 0 %, 0 %
2026/03/24 02:40:55.811, 6, 178.14 W, 26, 120 MHz, 3996 MHz, 0 %, 0 %
2026/03/24 02:40:55.811, 7, 176.58 W, 27, 120 MHz, 3996 MHz, 0 %, 0 %
2026/03/24 02:40:56.811, 0, 864.16 W, 43, 2032 MHz, 3996 MHz, 75 %, 24 %
2026/03/24 02:40:56.811, 1, 890.15 W, 48, 2032 MHz, 3996 MHz, 100 %, 35 %
2026/03/24 02:40:56.811, 2, 897.66 W, 44, 2032 MHz, 3996 MHz, 100 %, 71 %
2026/03/24 02:40:56.811, 3, 889.84 W, 48, 2032 MHz, 3996 MHz, 100 %, 70 %
2026/03/24 02:40:56.811, 4, 178.81 W, 25, 120 MHz, 3996 MHz, 0 %, 0 %
2026/03/24 02:40:56.811, 5, 180.58 W, 27, 120 MHz, 3996 MHz, 0 %, 0 %
2026/03/24 02:40:56.811, 6, 178.15 W, 26, 120 MHz, 3996 MHz, 0 %, 0 %
2026/03/24 02:40:56.811, 7, 176.58 W, 27, 120 MHz, 3996 MHz, 0 %, 0 %
2026/03/24 02:40:57.811, 0, 676.33 W, 41, 2032 MHz, 3996 MHz, 75 %, 44 %
2026/03/24 02:40:57.811, 1, 692.47 W, 45, 2032 MHz, 3996 MHz, 95 %, 29 %
2026/03/24 02:40:57.811, 2, 709.23 W, 42, 2032 MHz, 3996 MHz, 100 %, 38 %
2026/03/24 02:40:57.811, 3, 696.20 W, 46, 2032 MHz, 3996 MHz, 65 %, 42 %
2026/03/24 02:40:57.811, 4, 178.91 W, 25, 120 MHz, 3996 MHz, 0 %, 0 %
2026/03/24 02:40:57.811, 5, 180.58 W, 27, 120 MHz, 3996 MHz, 0 %, 0 %
2026/03/24 02:40:57.811, 6, 178.14 W, 26, 120 MHz, 3996 MHz, 0 %, 0 %
2026/03/24 02:40:57.811, 7, 176.58 W, 27, 120 MHz, 3996 MHz, 0 %, 0 %
2026/03/24 02:40:58.811, 0, 712.06 W, 43, 2032 MHz, 3996 MHz, 58 %, 24 %
2026/03/24 02:40:58.811, 1, 733.21 W, 46, 2032 MHz, 3996 MHz, 99 %, 24 %
2026/03/24 02:40:58.811, 2, 732.53 W, 44, 2032 MHz, 3996 MHz, 100 %, 60 %
2026/03/24 02:40:58.811, 3, 729.43 W, 48, 2032 MHz, 3996 MHz, 94 %, 65 %
2026/03/24 02:40:58.811, 4, 179.05 W, 25, 120 MHz, 3996 MHz, 0 %, 0 %
2026/03/24 02:40:58.811, 5, 180.58 W, 27, 120 MHz, 3996 MHz, 0 %, 0 %
2026/03/24 02:40:58.811, 6, 178.10 W, 26, 120 MHz, 3996 MHz, 0 %, 0 %
2026/03/24 02:40:58.811, 7, 176.59 W, 27, 120 MHz, 3996 MHz, 0 %, 0 %
2026/03/24 02:40:59.811, 0, 720.18 W, 42, 2032 MHz, 3996 MHz, 83 %, 55 %
2026/03/24 02:40:59.811, 1, 739.63 W, 47, 2032 MHz, 3996 MHz, 96 %, 41 %
2026/03/24 02:40:59.811, 2, 736.56 W, 43, 2032 MHz, 3996 MHz, 100 %, 24 %
2026/03/24 02:40:59.811, 3, 737.67 W, 47, 2032 MHz, 3996 MHz, 48 %, 28 %
2026/03/24 02:40:59.811, 4, 178.95 W, 25, 120 MHz, 3996 MHz, 0 %, 0 %
2026/03/24 02:40:59.811, 5, 180.58 W, 27, 120 MHz, 3996 MHz, 0 %, 0 %
2026/03/24 02:40:59.811, 6, 178.18 W, 26, 120 MHz, 3996 MHz, 0 %, 0 %
2026/03/24 02:40:59.811, 7, 176.59 W, 27, 120 MHz, 3996 MHz, 0 %, 0 %
2026/03/24 02:41:00.811, 0, 857.79 W, 44, 2032 MHz, 3996 MHz, 100 %, 71 %
2026/03/24 02:41:00.811, 1, 884.81 W, 48, 2032 MHz, 3996 MHz, 100 %, 70 %
2026/03/24 02:41:00.811, 2, 898.66 W, 45, 2032 MHz, 3996 MHz, 100 %, 71 %
2026/03/24 02:41:00.811, 3, 888.28 W, 49, 2032 MHz, 3996 MHz, 100 %, 70 %
2026/03/24 02:41:00.811, 4, 178.88 W, 25, 120 MHz, 3996 MHz, 0 %, 0 %
2026/03/24 02:41:00.811, 5, 180.58 W, 27, 120 MHz, 3996 MHz, 0 %, 0 %
2026/03/24 02:41:00.811, 6, 178.49 W, 26, 120 MHz, 3996 MHz, 0 %, 0 %
2026/03/24 02:41:00.811, 7, 176.58 W, 27, 120 MHz, 3996 MHz, 0 %, 0 %
2026/03/24 02:41:01.811, 0, 697.88 W, 42, 2032 MHz, 3996 MHz, 70 %, 45 %
2026/03/24 02:41:01.811, 1, 715.76 W, 47, 2032 MHz, 3996 MHz, 96 %, 33 %
2026/03/24 02:41:01.811, 2, 719.69 W, 43, 2032 MHz, 3996 MHz, 100 %, 34 %
2026/03/24 02:41:01.811, 3, 714.90 W, 47, 2032 MHz, 3996 MHz, 76 %, 35 %
2026/03/24 02:41:01.811, 4, 179.19 W, 25, 120 MHz, 3996 MHz, 0 %, 0 %
2026/03/24 02:41:01.811, 5, 180.58 W, 27, 120 MHz, 3996 MHz, 0 %, 0 %
2026/03/24 02:41:01.811, 6, 178.33 W, 26, 120 MHz, 3996 MHz, 0 %, 0 %
2026/03/24 02:41:01.811, 7, 176.58 W, 27, 120 MHz, 3996 MHz, 0 %, 0 %
2026/03/24 02:41:02.812, 0, 746.45 W, 44, 2032 MHz, 3996 MHz, 100 %, 70 %
2026/03/24 02:41:02.812, 1, 763.07 W, 47, 2032 MHz, 3996 MHz, 100 %, 70 %
2026/03/24 02:41:02.812, 2, 779.55 W, 45, 2032 MHz, 3996 MHz, 100 %, 70 %
2026/03/24 02:41:02.812, 3, 766.32 W, 49, 2032 MHz, 3996 MHz, 100 %, 71 %
2026/03/24 02:41:02.812, 4, 178.83 W, 25, 120 MHz, 3996 MHz, 0 %, 0 %
2026/03/24 02:41:02.812, 5, 180.58 W, 27, 120 MHz, 3996 MHz, 0 %, 0 %
2026/03/24 02:41:02.812, 6, 178.45 W, 26, 120 MHz, 3996 MHz, 0 %, 0 %
2026/03/24 02:41:02.812, 7, 176.58 W, 27, 120 MHz, 3996 MHz, 0 %, 0 %
2026/03/24 02:41:03.812, 0, 661.06 W, 40, 2032 MHz, 3996 MHz, 97 %, 34 %
2026/03/24 02:41:03.812, 1, 679.08 W, 45, 2032 MHz, 3996 MHz, 96 %, 41 %
2026/03/24 02:41:03.812, 2, 672.27 W, 41, 2032 MHz, 3996 MHz, 95 %, 24 %
2026/03/24 02:41:03.812, 3, 679.88 W, 45, 2032 MHz, 3996 MHz, 65 %, 42 %
2026/03/24 02:41:03.812, 4, 178.79 W, 25, 120 MHz, 3996 MHz, 0 %, 0 %
2026/03/24 02:41:03.812, 5, 180.58 W, 27, 120 MHz, 3996 MHz, 0 %, 0 %
2026/03/24 02:41:03.812, 6, 178.29 W, 26, 120 MHz, 3996 MHz, 0 %, 0 %
2026/03/24 02:41:03.812, 7, 176.59 W, 27, 120 MHz, 3996 MHz, 0 %, 0 %
2026/03/24 02:41:04.812, 0, 747.96 W, 42, 2032 MHz, 3996 MHz, 83 %, 55 %
2026/03/24 02:41:04.812, 1, 758.04 W, 46, 2032 MHz, 3996 MHz, 100 %, 68 %
2026/03/24 02:41:04.812, 2, 764.31 W, 42, 2032 MHz, 3996 MHz, 96 %, 44 %
2026/03/24 02:41:04.812, 3, 764.82 W, 46, 2032 MHz, 3996 MHz, 100 %, 66 %
2026/03/24 02:41:04.812, 4, 179.01 W, 25, 120 MHz, 3996 MHz, 0 %, 0 %
2026/03/24 02:41:04.812, 5, 180.58 W, 27, 120 MHz, 3996 MHz, 0 %, 0 %
2026/03/24 02:41:04.812, 6, 178.30 W, 26, 120 MHz, 3996 MHz, 0 %, 0 %
2026/03/24 02:41:04.812, 7, 176.59 W, 27, 120 MHz, 3996 MHz, 0 %, 0 %
2026/03/24 02:41:05.812, 0, 700.18 W, 43, 2032 MHz, 3996 MHz, 100 %, 31 %
2026/03/24 02:41:05.812, 1, 720.39 W, 47, 2032 MHz, 3996 MHz, 100 %, 45 %
2026/03/24 02:41:05.812, 2, 715.82 W, 44, 2032 MHz, 3996 MHz, 100 %, 70 %
2026/03/24 02:41:05.812, 3, 719.10 W, 48, 2032 MHz, 3996 MHz, 64 %, 42 %
2026/03/24 02:41:05.812, 4, 178.77 W, 25, 120 MHz, 3996 MHz, 0 %, 0 %
2026/03/24 02:41:05.812, 5, 180.58 W, 27, 120 MHz, 3996 MHz, 0 %, 0 %
2026/03/24 02:41:05.812, 6, 178.15 W, 26, 120 MHz, 3996 MHz, 0 %, 0 %
2026/03/24 02:41:05.812, 7, 176.59 W, 27, 120 MHz, 3996 MHz, 0 %, 0 %
2026/03/24 02:41:06.812, 0, 660.72 W, 41, 2032 MHz, 3996 MHz, 100 %, 71 %
2026/03/24 02:41:06.812, 1, 670.71 W, 45, 2032 MHz, 3996 MHz, 97 %, 67 %
2026/03/24 02:41:06.812, 2, 678.85 W, 41, 2032 MHz, 3996 MHz, 96 %, 27 %
2026/03/24 02:41:06.812, 3, 673.41 W, 45, 2032 MHz, 3996 MHz, 97 %, 67 %
2026/03/24 02:41:06.812, 4, 178.92 W, 25, 120 MHz, 3996 MHz, 0 %, 0 %
2026/03/24 02:41:06.812, 5, 180.58 W, 27, 120 MHz, 3996 MHz, 0 %, 0 %
2026/03/24 02:41:06.812, 6, 178.21 W, 26, 120 MHz, 3996 MHz, 0 %, 0 %
2026/03/24 02:41:06.812, 7, 176.59 W, 27, 120 MHz, 3996 MHz, 0 %, 0 %
2026/03/24 02:41:07.812, 0, 708.62 W, 42, 2032 MHz, 3996 MHz, 86 %, 42 %
2026/03/24 02:41:07.812, 1, 720.10 W, 46, 2032 MHz, 3996 MHz, 97 %, 42 %
2026/03/24 02:41:07.812, 2, 722.44 W, 43, 2032 MHz, 3996 MHz, 100 %, 27 %
2026/03/24 02:41:07.812, 3, 726.65 W, 47, 2032 MHz, 3996 MHz, 85 %, 43 %
2026/03/24 02:41:07.812, 4, 179.10 W, 25, 120 MHz, 3996 MHz, 0 %, 0 %
2026/03/24 02:41:07.812, 5, 180.58 W, 27, 120 MHz, 3996 MHz, 0 %, 0 %
2026/03/24 02:41:07.812, 6, 178.11 W, 26, 120 MHz, 3996 MHz, 0 %, 0 %
2026/03/24 02:41:07.812, 7, 176.58 W, 27, 120 MHz, 3996 MHz, 0 %, 0 %
2026/03/24 02:41:08.812, 0, 675.98 W, 40, 2032 MHz, 3996 MHz, 99 %, 26 %
2026/03/24 02:41:08.812, 1, 680.32 W, 44, 2032 MHz, 3996 MHz, 99 %, 25 %
2026/03/24 02:41:08.812, 2, 694.51 W, 41, 2032 MHz, 3996 MHz, 100 %, 24 %
2026/03/24 02:41:08.812, 3, 682.80 W, 44, 2032 MHz, 3996 MHz, 49 %, 25 %
2026/03/24 02:41:08.812, 4, 178.76 W, 25, 120 MHz, 3996 MHz, 0 %, 0 %
2026/03/24 02:41:08.812, 5, 180.58 W, 27, 120 MHz, 3996 MHz, 0 %, 0 %
2026/03/24 02:41:08.813, 6, 178.45 W, 26, 120 MHz, 3996 MHz, 0 %, 0 %
2026/03/24 02:41:08.813, 7, 176.58 W, 27, 120 MHz, 3996 MHz, 0 %, 0 %
2026/03/24 02:41:09.813, 0, 608.28 W, 40, 2032 MHz, 3996 MHz, 45 %, 24 %
2026/03/24 02:41:09.813, 1, 624.21 W, 43, 2032 MHz, 3996 MHz, 99 %, 22 %
2026/03/24 02:41:09.813, 2, 625.42 W, 40, 2032 MHz, 3996 MHz, 99 %, 23 %
2026/03/24 02:41:09.813, 3, 622.77 W, 45, 2032 MHz, 3996 MHz, 86 %, 23 %
2026/03/24 02:41:09.813, 4, 178.72 W, 25, 120 MHz, 3996 MHz, 0 %, 0 %
2026/03/24 02:41:09.813, 5, 180.58 W, 27, 120 MHz, 3996 MHz, 0 %, 0 %
2026/03/24 02:41:09.813, 6, 178.29 W, 26, 120 MHz, 3996 MHz, 0 %, 0 %
2026/03/24 02:41:09.813, 7, 176.58 W, 27, 120 MHz, 3996 MHz, 0 %, 0 %
2026/03/24 02:41:10.813, 0, 615.95 W, 40, 2032 MHz, 3996 MHz, 100 %, 60 %
2026/03/24 02:41:10.813, 1, 630.45 W, 45, 2032 MHz, 3996 MHz, 96 %, 57 %
2026/03/24 02:41:10.813, 2, 626.33 W, 41, 2032 MHz, 3996 MHz, 100 %, 24 %
2026/03/24 02:41:10.813, 3, 631.47 W, 45, 2032 MHz, 3996 MHz, 93 %, 60 %
2026/03/24 02:41:10.813, 4, 178.79 W, 25, 120 MHz, 3996 MHz, 0 %, 0 %
2026/03/24 02:41:10.813, 5, 180.58 W, 27, 120 MHz, 3996 MHz, 0 %, 0 %
2026/03/24 02:41:10.813, 6, 178.26 W, 26, 120 MHz, 3996 MHz, 0 %, 0 %
2026/03/24 02:41:10.813, 7, 176.58 W, 27, 120 MHz, 3996 MHz, 0 %, 0 %
2026/03/24 02:41:11.813, 0, 648.43 W, 41, 2032 MHz, 3996 MHz, 88 %, 59 %
2026/03/24 02:41:11.813, 1, 654.24 W, 44, 2032 MHz, 3996 MHz, 97 %, 48 %
2026/03/24 02:41:11.813, 2, 667.84 W, 41, 2032 MHz, 3996 MHz, 100 %, 31 %
2026/03/24 02:41:11.813, 3, 659.19 W, 45, 2032 MHz, 3996 MHz, 93 %, 50 %
2026/03/24 02:41:11.813, 4, 178.87 W, 25, 120 MHz, 3996 MHz, 0 %, 0 %
2026/03/24 02:41:11.813, 5, 180.58 W, 27, 120 MHz, 3996 MHz, 0 %, 0 %
2026/03/24 02:41:11.813, 6, 178.37 W, 26, 120 MHz, 3996 MHz, 0 %, 0 %
2026/03/24 02:41:11.813, 7, 176.58 W, 27, 120 MHz, 3996 MHz, 0 %, 0 %
2026/03/24 02:41:12.813, 0, 623.10 W, 41, 2032 MHz, 3996 MHz, 70 %, 43 %
2026/03/24 02:41:12.813, 1, 636.39 W, 45, 2032 MHz, 3996 MHz, 97 %, 41 %
2026/03/24 02:41:12.813, 2, 629.18 W, 42, 2032 MHz, 3996 MHz, 100 %, 30 %
2026/03/24 02:41:12.813, 3, 644.30 W, 46, 2032 MHz, 3996 MHz, 83 %, 43 %
2026/03/24 02:41:12.813, 4, 178.91 W, 25, 120 MHz, 3996 MHz, 0 %, 0 %
2026/03/24 02:41:12.813, 5, 180.58 W, 27, 120 MHz, 3996 MHz, 0 %, 0 %
2026/03/24 02:41:12.813, 6, 178.25 W, 26, 120 MHz, 3996 MHz, 0 %, 0 %
2026/03/24 02:41:12.813, 7, 176.58 W, 27, 120 MHz, 3996 MHz, 0 %, 0 %
2026/03/24 02:41:13.813, 0, 629.15 W, 40, 2032 MHz, 3996 MHz, 95 %, 24 %
2026/03/24 02:41:13.813, 1, 637.19 W, 44, 2032 MHz, 3996 MHz, 99 %, 27 %
2026/03/24 02:41:13.813, 2, 645.15 W, 40, 2032 MHz, 3996 MHz, 99 %, 23 %
2026/03/24 02:41:13.813, 3, 639.22 W, 44, 2032 MHz, 3996 MHz, 57 %, 27 %
2026/03/24 02:41:13.813, 4, 178.74 W, 25, 120 MHz, 3996 MHz, 0 %, 0 %
2026/03/24 02:41:13.813, 5, 180.58 W, 27, 120 MHz, 3996 MHz, 0 %, 0 %
2026/03/24 02:41:13.813, 6, 178.22 W, 26, 120 MHz, 3996 MHz, 0 %, 0 %
2026/03/24 02:41:13.813, 7, 176.58 W, 27, 120 MHz, 3996 MHz, 0 %, 0 %
2026/03/24 02:41:14.813, 0, 656.12 W, 40, 2032 MHz, 3996 MHz, 40 %, 22 %
2026/03/24 02:41:14.813, 1, 674.44 W, 44, 2032 MHz, 3996 MHz, 96 %, 27 %
2026/03/24 02:41:14.813, 2, 675.91 W, 40, 2032 MHz, 3996 MHz, 99 %, 22 %
2026/03/24 02:41:14.813, 3, 676.59 W, 44, 2032 MHz, 3996 MHz, 85 %, 31 %
2026/03/24 02:41:14.813, 4, 178.98 W, 25, 120 MHz, 3996 MHz, 0 %, 0 %
2026/03/24 02:41:14.813, 5, 180.58 W, 27, 120 MHz, 3996 MHz, 0 %, 0 %
2026/03/24 02:41:14.813, 6, 178.30 W, 26, 120 MHz, 3996 MHz, 0 %, 0 %
2026/03/24 02:41:14.813, 7, 176.58 W, 27, 120 MHz, 3996 MHz, 0 %, 0 %
2026/03/24 02:41:15.813, 0, 589.38 W, 40, 2032 MHz, 3996 MHz, 99 %, 24 %
2026/03/24 02:41:15.814, 1, 601.31 W, 44, 2032 MHz, 3996 MHz, 97 %, 23 %
2026/03/24 02:41:15.814, 2, 606.87 W, 40, 2032 MHz, 3996 MHz, 99 %, 25 %
2026/03/24 02:41:15.814, 3, 601.64 W, 45, 2032 MHz, 3996 MHz, 43 %, 24 %
2026/03/24 02:41:15.814, 4, 178.74 W, 25, 120 MHz, 3996 MHz, 0 %, 0 %
2026/03/24 02:41:15.814, 5, 180.58 W, 27, 120 MHz, 3996 MHz, 0 %, 0 %
2026/03/24 02:41:15.814, 6, 178.37 W, 26, 120 MHz, 3996 MHz, 0 %, 0 %
2026/03/24 02:41:15.814, 7, 176.59 W, 27, 120 MHz, 3996 MHz, 0 %, 0 %
2026/03/24 02:41:16.814, 0, 562.44 W, 39, 2032 MHz, 3996 MHz, 99 %, 23 %
2026/03/24 02:41:16.814, 1, 571.10 W, 43, 2032 MHz, 3996 MHz, 100 %, 24 %
2026/03/24 02:41:16.814, 2, 574.21 W, 39, 2032 MHz, 3996 MHz, 99 %, 23 %
2026/03/24 02:41:16.814, 3, 570.83 W, 44, 2032 MHz, 3996 MHz, 42 %, 23 %
2026/03/24 02:41:16.814, 4, 179.11 W, 25, 120 MHz, 3996 MHz, 0 %, 0 %
2026/03/24 02:41:16.814, 5, 180.58 W, 27, 120 MHz, 3996 MHz, 0 %, 0 %
2026/03/24 02:41:16.814, 6, 178.10 W, 26, 120 MHz, 3996 MHz, 0 %, 0 %
2026/03/24 02:41:16.814, 7, 176.58 W, 27, 120 MHz, 3996 MHz, 0 %, 0 %
2026/03/24 02:41:17.814, 0, 542.28 W, 39, 2032 MHz, 3996 MHz, 99 %, 23 %
2026/03/24 02:41:17.814, 1, 550.46 W, 43, 2032 MHz, 3996 MHz, 99 %, 23 %
2026/03/24 02:41:17.814, 2, 549.72 W, 39, 2032 MHz, 3996 MHz, 99 %, 23 %
2026/03/24 02:41:17.814, 3, 542.83 W, 43, 2032 MHz, 3996 MHz, 42 %, 22 %
2026/03/24 02:41:17.814, 4, 179.22 W, 25, 120 MHz, 3996 MHz, 0 %, 0 %
2026/03/24 02:41:17.814, 5, 180.58 W, 27, 120 MHz, 3996 MHz, 0 %, 0 %
2026/03/24 02:41:17.814, 6, 178.38 W, 26, 120 MHz, 3996 MHz, 0 %, 0 %
2026/03/24 02:41:17.814, 7, 176.59 W, 27, 120 MHz, 3996 MHz, 0 %, 0 %
2026/03/24 02:41:18.814, 0, 588.80 W, 39, 2032 MHz, 3996 MHz, 100 %, 23 %
2026/03/24 02:41:18.814, 1, 590.48 W, 43, 2032 MHz, 3996 MHz, 99 %, 27 %
2026/03/24 02:41:18.814, 2, 598.28 W, 40, 2032 MHz, 3996 MHz, 100 %, 23 %
2026/03/24 02:41:18.814, 3, 595.01 W, 44, 2032 MHz, 3996 MHz, 54 %, 27 %
2026/03/24 02:41:18.814, 4, 178.94 W, 25, 120 MHz, 3996 MHz, 0 %, 0 %
2026/03/24 02:41:18.814, 5, 180.58 W, 27, 120 MHz, 3996 MHz, 0 %, 0 %
2026/03/24 02:41:18.814, 6, 178.25 W, 26, 120 MHz, 3996 MHz, 0 %, 0 %
2026/03/24 02:41:18.814, 7, 176.59 W, 27, 120 MHz, 3996 MHz, 0 %, 0 %
2026/03/24 02:41:19.814, 0, 569.47 W, 39, 2032 MHz, 3996 MHz, 99 %, 23 %
2026/03/24 02:41:19.814, 1, 576.60 W, 43, 2032 MHz, 3996 MHz, 100 %, 24 %
2026/03/24 02:41:19.814, 2, 578.88 W, 39, 2032 MHz, 3996 MHz, 99 %, 23 %
2026/03/24 02:41:19.814, 3, 574.84 W, 43, 2032 MHz, 3996 MHz, 41 %, 22 %
2026/03/24 02:41:19.814, 4, 179.06 W, 25, 120 MHz, 3996 MHz, 0 %, 0 %
2026/03/24 02:41:19.814, 5, 180.58 W, 27, 120 MHz, 3996 MHz, 0 %, 0 %
2026/03/24 02:41:19.814, 6, 178.30 W, 26, 120 MHz, 3996 MHz, 0 %, 0 %
2026/03/24 02:41:19.814, 7, 176.58 W, 27, 120 MHz, 3996 MHz, 0 %, 0 %
2026/03/24 02:41:20.814, 0, 613.63 W, 40, 2032 MHz, 3996 MHz, 88 %, 55 %
2026/03/24 02:41:20.814, 1, 629.55 W, 44, 2032 MHz, 3996 MHz, 100 %, 47 %
2026/03/24 02:41:20.814, 2, 629.10 W, 41, 2032 MHz, 3996 MHz, 94 %, 47 %
2026/03/24 02:41:20.814, 3, 615.69 W, 45, 2032 MHz, 3996 MHz, 73 %, 44 %
2026/03/24 02:41:20.814, 4, 178.82 W, 25, 120 MHz, 3996 MHz, 0 %, 0 %
2026/03/24 02:41:20.814, 5, 180.58 W, 27, 120 MHz, 3996 MHz, 0 %, 0 %
2026/03/24 02:41:20.814, 6, 178.30 W, 26, 120 MHz, 3996 MHz, 0 %, 0 %
2026/03/24 02:41:20.814, 7, 176.58 W, 27, 120 MHz, 3996 MHz, 0 %, 0 %
2026/03/24 02:41:21.814, 0, 636.44 W, 40, 2032 MHz, 3996 MHz, 99 %, 25 %
2026/03/24 02:41:21.814, 1, 639.33 W, 44, 2032 MHz, 3996 MHz, 99 %, 26 %
2026/03/24 02:41:21.814, 2, 640.61 W, 40, 2032 MHz, 3996 MHz, 100 %, 26 %
2026/03/24 02:41:21.815, 3, 641.47 W, 44, 2032 MHz, 3996 MHz, 52 %, 27 %
2026/03/24 02:41:21.815, 4, 178.93 W, 25, 120 MHz, 3996 MHz, 0 %, 0 %
2026/03/24 02:41:21.815, 5, 180.58 W, 27, 120 MHz, 3996 MHz, 0 %, 0 %
2026/03/24 02:41:21.815, 6, 178.07 W, 26, 120 MHz, 3996 MHz, 0 %, 0 %
2026/03/24 02:41:21.815, 7, 176.60 W, 27, 120 MHz, 3996 MHz, 0 %, 0 %
2026/03/24 02:41:22.815, 0, 604.64 W, 40, 2032 MHz, 3996 MHz, 100 %, 44 %
2026/03/24 02:41:22.815, 1, 610.01 W, 44, 2032 MHz, 3996 MHz, 100 %, 26 %
2026/03/24 02:41:22.815, 2, 614.86 W, 40, 2032 MHz, 3996 MHz, 96 %, 44 %
2026/03/24 02:41:22.815, 3, 605.85 W, 44, 2032 MHz, 3996 MHz, 75 %, 44 %
2026/03/24 02:41:22.815, 4, 178.94 W, 25, 120 MHz, 3996 MHz, 0 %, 0 %
2026/03/24 02:41:22.815, 5, 180.58 W, 27, 120 MHz, 3996 MHz, 0 %, 0 %
2026/03/24 02:41:22.815, 6, 178.13 W, 26, 120 MHz, 3996 MHz, 0 %, 0 %
2026/03/24 02:41:22.815, 7, 176.59 W, 27, 120 MHz, 3996 MHz, 0 %, 0 %
2026/03/24 02:41:23.815, 0, 663.67 W, 42, 2032 MHz, 3996 MHz, 100 %, 40 %
2026/03/24 02:41:23.815, 1, 672.25 W, 45, 2032 MHz, 3996 MHz, 99 %, 32 %
2026/03/24 02:41:23.815, 2, 678.39 W, 42, 2032 MHz, 3996 MHz, 100 %, 46 %
2026/03/24 02:41:23.815, 3, 662.84 W, 46, 2032 MHz, 3996 MHz, 87 %, 48 %
2026/03/24 02:41:23.815, 4, 178.90 W, 25, 120 MHz, 3996 MHz, 0 %, 0 %
2026/03/24 02:41:23.815, 5, 180.58 W, 27, 120 MHz, 3996 MHz, 0 %, 0 %
2026/03/24 02:41:23.815, 6, 178.29 W, 26, 120 MHz, 3996 MHz, 0 %, 0 %
2026/03/24 02:41:23.815, 7, 176.59 W, 27, 120 MHz, 3996 MHz, 0 %, 0 %
2026/03/24 02:41:24.815, 0, 609.69 W, 40, 2032 MHz, 3996 MHz, 77 %, 46 %
2026/03/24 02:41:24.815, 1, 617.71 W, 43, 2032 MHz, 3996 MHz, 100 %, 70 %
2026/03/24 02:41:24.815, 2, 623.31 W, 40, 2032 MHz, 3996 MHz, 94 %, 39 %
2026/03/24 02:41:24.815, 3, 636.10 W, 46, 2032 MHz, 3996 MHz, 60 %, 34 %
2026/03/24 02:41:24.815, 4, 178.99 W, 25, 120 MHz, 3996 MHz, 0 %, 0 %
2026/03/24 02:41:24.815, 5, 180.58 W, 27, 120 MHz, 3996 MHz, 0 %, 0 %
2026/03/24 02:41:24.815, 6, 178.26 W, 26, 120 MHz, 3996 MHz, 0 %, 0 %
2026/03/24 02:41:24.815, 7, 176.59 W, 27, 120 MHz, 3996 MHz, 0 %, 0 %
2026/03/24 02:41:25.815, 0, 604.02 W, 40, 2032 MHz, 3996 MHz, 100 %, 24 %
2026/03/24 02:41:25.815, 1, 616.45 W, 45, 2032 MHz, 3996 MHz, 99 %, 23 %
2026/03/24 02:41:25.815, 2, 618.28 W, 41, 2032 MHz, 3996 MHz, 100 %, 32 %
2026/03/24 02:41:25.815, 3, 591.94 W, 43, 2032 MHz, 3996 MHz, 57 %, 35 %
2026/03/24 02:41:25.815, 4, 178.87 W, 25, 120 MHz, 3996 MHz, 0 %, 0 %
2026/03/24 02:41:25.815, 5, 180.58 W, 27, 120 MHz, 3996 MHz, 0 %, 0 %
2026/03/24 02:41:25.815, 6, 178.18 W, 26, 120 MHz, 3996 MHz, 0 %, 0 %
2026/03/24 02:41:25.815, 7, 176.59 W, 27, 120 MHz, 3996 MHz, 0 %, 0 %
2026/03/24 02:41:26.815, 0, 703.16 W, 42, 2032 MHz, 3996 MHz, 99 %, 32 %
2026/03/24 02:41:26.815, 1, 713.83 W, 45, 2032 MHz, 3996 MHz, 99 %, 30 %
2026/03/24 02:41:26.815, 2, 717.81 W, 42, 2032 MHz, 3996 MHz, 99 %, 32 %
2026/03/24 02:41:26.815, 3, 734.43 W, 46, 2032 MHz, 3996 MHz, 70 %, 33 %
2026/03/24 02:41:26.815, 4, 178.85 W, 25, 120 MHz, 3996 MHz, 0 %, 0 %
2026/03/24 02:41:26.815, 5, 180.58 W, 27, 120 MHz, 3996 MHz, 0 %, 0 %
2026/03/24 02:41:26.815, 6, 178.38 W, 26, 120 MHz, 3996 MHz, 0 %, 0 %
2026/03/24 02:41:26.815, 7, 176.59 W, 27, 120 MHz, 3996 MHz, 0 %, 0 %
2026/03/24 02:41:27.815, 0, 641.46 W, 40, 2032 MHz, 3996 MHz, 100 %, 28 %
2026/03/24 02:41:27.815, 1, 650.34 W, 45, 2032 MHz, 3996 MHz, 99 %, 29 %
2026/03/24 02:41:27.815, 2, 651.35 W, 41, 2032 MHz, 3996 MHz, 100 %, 28 %
2026/03/24 02:41:27.815, 3, 642.12 W, 45, 2032 MHz, 3996 MHz, 58 %, 28 %
2026/03/24 02:41:27.815, 4, 178.84 W, 25, 120 MHz, 3996 MHz, 0 %, 0 %
2026/03/24 02:41:27.815, 5, 180.58 W, 27, 120 MHz, 3996 MHz, 0 %, 0 %
2026/03/24 02:41:27.816, 6, 178.22 W, 26, 120 MHz, 3996 MHz, 0 %, 0 %
2026/03/24 02:41:27.816, 7, 176.58 W, 27, 120 MHz, 3996 MHz, 0 %, 0 %
2026/03/24 02:41:28.816, 0, 700.52 W, 42, 2032 MHz, 3996 MHz, 85 %, 34 %
2026/03/24 02:41:28.816, 1, 712.93 W, 45, 2032 MHz, 3996 MHz, 97 %, 58 %
2026/03/24 02:41:28.816, 2, 718.61 W, 41, 2032 MHz, 3996 MHz, 100 %, 35 %
2026/03/24 02:41:28.816, 3, 727.57 W, 46, 2032 MHz, 3996 MHz, 73 %, 35 %
2026/03/24 02:41:28.816, 4, 178.77 W, 25, 120 MHz, 3996 MHz, 0 %, 0 %
2026/03/24 02:41:28.816, 5, 180.58 W, 27, 120 MHz, 3996 MHz, 0 %, 0 %
2026/03/24 02:41:28.816, 6, 178.25 W, 26, 120 MHz, 3996 MHz, 0 %, 0 %
2026/03/24 02:41:28.816, 7, 176.59 W, 27, 120 MHz, 3996 MHz, 0 %, 0 %
2026/03/24 02:41:29.816, 0, 580.17 W, 39, 2032 MHz, 3996 MHz, 100 %, 24 %
2026/03/24 02:41:29.816, 1, 589.20 W, 43, 2032 MHz, 3996 MHz, 99 %, 23 %
2026/03/24 02:41:29.816, 2, 594.33 W, 39, 2032 MHz, 3996 MHz, 99 %, 23 %
2026/03/24 02:41:29.816, 3, 601.24 W, 43, 2032 MHz, 3996 MHz, 42 %, 23 %
2026/03/24 02:41:29.816, 4, 179.03 W, 25, 120 MHz, 3996 MHz, 0 %, 0 %
2026/03/24 02:41:29.816, 5, 180.58 W, 27, 120 MHz, 3996 MHz, 0 %, 0 %
2026/03/24 02:41:29.816, 6, 178.22 W, 26, 120 MHz, 3996 MHz, 0 %, 0 %
2026/03/24 02:41:29.816, 7, 176.58 W, 27, 120 MHz, 3996 MHz, 0 %, 0 %
2026/03/24 02:41:30.816, 0, 602.13 W, 39, 2032 MHz, 3996 MHz, 72 %, 42 %
2026/03/24 02:41:30.816, 1, 604.39 W, 43, 2032 MHz, 3996 MHz, 100 %, 37 %
2026/03/24 02:41:30.816, 2, 612.42 W, 40, 2032 MHz, 3996 MHz, 95 %, 38 %
2026/03/24 02:41:30.816, 3, 608.60 W, 45, 2032 MHz, 3996 MHz, 61 %, 32 %
2026/03/24 02:41:30.816, 4, 178.97 W, 25, 120 MHz, 3996 MHz, 0 %, 0 %
2026/03/24 02:41:30.816, 5, 180.58 W, 27, 120 MHz, 3996 MHz, 0 %, 0 %
2026/03/24 02:41:30.816, 6, 178.18 W, 26, 120 MHz, 3996 MHz, 0 %, 0 %
2026/03/24 02:41:30.816, 7, 176.58 W, 27, 120 MHz, 3996 MHz, 0 %, 0 %
2026/03/24 02:41:31.816, 0, 610.35 W, 40, 2032 MHz, 3996 MHz, 100 %, 27 %
2026/03/24 02:41:31.816, 1, 617.23 W, 43, 2032 MHz, 3996 MHz, 99 %, 23 %
2026/03/24 02:41:31.816, 2, 622.86 W, 40, 2032 MHz, 3996 MHz, 100 %, 35 %
2026/03/24 02:41:31.816, 3, 616.53 W, 43, 2032 MHz, 3996 MHz, 61 %, 39 %
2026/03/24 02:41:31.816, 4, 178.96 W, 25, 120 MHz, 3996 MHz, 0 %, 0 %
2026/03/24 02:41:31.816, 5, 180.58 W, 27, 120 MHz, 3996 MHz, 0 %, 0 %
2026/03/24 02:41:31.816, 6, 178.33 W, 26, 120 MHz, 3996 MHz, 0 %, 0 %
2026/03/24 02:41:31.816, 7, 176.58 W, 27, 120 MHz, 3996 MHz, 0 %, 0 %
2026/03/24 02:41:32.816, 0, 632.02 W, 39, 2032 MHz, 3996 MHz, 88 %, 22 %
2026/03/24 02:41:32.816, 1, 641.21 W, 42, 2032 MHz, 3996 MHz, 99 %, 23 %
2026/03/24 02:41:32.816, 2, 645.34 W, 39, 2032 MHz, 3996 MHz, 99 %, 23 %
2026/03/24 02:41:32.816, 3, 649.71 W, 43, 2032 MHz, 3996 MHz, 60 %, 24 %
2026/03/24 02:41:32.816, 4, 178.98 W, 25, 120 MHz, 3996 MHz, 0 %, 0 %
2026/03/24 02:41:32.816, 5, 180.58 W, 27, 120 MHz, 3996 MHz, 0 %, 0 %
2026/03/24 02:41:32.816, 6, 178.15 W, 26, 120 MHz, 3996 MHz, 0 %, 0 %
2026/03/24 02:41:32.816, 7, 176.59 W, 27, 120 MHz, 3996 MHz, 0 %, 0 %
2026/03/24 02:41:33.816, 0, 607.72 W, 39, 2032 MHz, 3996 MHz, 75 %, 42 %
2026/03/24 02:41:33.816, 1, 620.09 W, 43, 2032 MHz, 3996 MHz, 100 %, 38 %
2026/03/24 02:41:33.816, 2, 621.61 W, 39, 2032 MHz, 3996 MHz, 95 %, 37 %
2026/03/24 02:41:33.816, 3, 617.47 W, 45, 2032 MHz, 3996 MHz, 59 %, 33 %
2026/03/24 02:41:33.816, 4, 179.00 W, 25, 120 MHz, 3996 MHz, 0 %, 0 %
2026/03/24 02:41:33.816, 5, 180.58 W, 27, 120 MHz, 3996 MHz, 0 %, 0 %
2026/03/24 02:41:33.816, 6, 178.21 W, 26, 120 MHz, 3996 MHz, 0 %, 0 %
2026/03/24 02:41:33.816, 7, 176.58 W, 27, 120 MHz, 3996 MHz, 0 %, 0 %
2026/03/24 02:41:34.816, 0, 559.73 W, 38, 2032 MHz, 3996 MHz, 99 %, 23 %
2026/03/24 02:41:34.816, 1, 562.02 W, 42, 2032 MHz, 3996 MHz, 99 %, 24 %
2026/03/24 02:41:34.816, 2, 565.66 W, 39, 2032 MHz, 3996 MHz, 99 %, 23 %
2026/03/24 02:41:34.816, 3, 558.23 W, 43, 2032 MHz, 3996 MHz, 42 %, 23 %
2026/03/24 02:41:34.816, 4, 179.03 W, 25, 120 MHz, 3996 MHz, 0 %, 0 %
2026/03/24 02:41:34.817, 5, 180.58 W, 27, 120 MHz, 3996 MHz, 0 %, 0 %
2026/03/24 02:41:34.817, 6, 178.38 W, 26, 120 MHz, 3996 MHz, 0 %, 0 %
2026/03/24 02:41:34.817, 7, 176.59 W, 27, 120 MHz, 3996 MHz, 0 %, 0 %
2026/03/24 02:41:35.817, 0, 627.52 W, 40, 2032 MHz, 3996 MHz, 43 %, 24 %
2026/03/24 02:41:35.817, 1, 643.40 W, 44, 2032 MHz, 3996 MHz, 99 %, 23 %
2026/03/24 02:41:35.817, 2, 638.88 W, 41, 2032 MHz, 3996 MHz, 100 %, 29 %
2026/03/24 02:41:35.817, 3, 624.21 W, 43, 2032 MHz, 3996 MHz, 98 %, 33 %
2026/03/24 02:41:35.817, 4, 179.02 W, 25, 120 MHz, 3996 MHz, 0 %, 0 %
2026/03/24 02:41:35.817, 5, 180.58 W, 27, 120 MHz, 3996 MHz, 0 %, 0 %
2026/03/24 02:41:35.817, 6, 178.33 W, 26, 120 MHz, 3996 MHz, 0 %, 0 %
2026/03/24 02:41:35.817, 7, 176.58 W, 27, 120 MHz, 3996 MHz, 0 %, 0 %
2026/03/24 02:41:36.817, 0, 700.12 W, 42, 2032 MHz, 3996 MHz, 83 %, 44 %
2026/03/24 02:41:36.817, 1, 707.18 W, 45, 2032 MHz, 3996 MHz, 98 %, 45 %
2026/03/24 02:41:36.817, 2, 714.58 W, 42, 2032 MHz, 3996 MHz, 97 %, 38 %
2026/03/24 02:41:36.817, 3, 722.87 W, 46, 2032 MHz, 3996 MHz, 79 %, 33 %
2026/03/24 02:41:36.817, 4, 178.99 W, 25, 120 MHz, 3996 MHz, 0 %, 0 %
2026/03/24 02:41:36.817, 5, 180.58 W, 27, 120 MHz, 3996 MHz, 0 %, 0 %
2026/03/24 02:41:36.817, 6, 178.11 W, 26, 120 MHz, 3996 MHz, 0 %, 0 %
2026/03/24 02:41:36.817, 7, 176.59 W, 27, 120 MHz, 3996 MHz, 0 %, 0 %
2026/03/24 02:41:37.817, 0, 600.48 W, 40, 2032 MHz, 3996 MHz, 100 %, 35 %
2026/03/24 02:41:37.817, 1, 606.72 W, 44, 2032 MHz, 3996 MHz, 100 %, 23 %
2026/03/24 02:41:37.817, 2, 610.77 W, 40, 2032 MHz, 3996 MHz, 99 %, 43 %
2026/03/24 02:41:37.817, 3, 614.54 W, 43, 2032 MHz, 3996 MHz, 70 %, 43 %
2026/03/24 02:41:37.817, 4, 178.91 W, 25, 120 MHz, 3996 MHz, 0 %, 0 %
2026/03/24 02:41:37.817, 5, 180.58 W, 27, 120 MHz, 3996 MHz, 0 %, 0 %
2026/03/24 02:41:37.817, 6, 178.37 W, 26, 120 MHz, 3996 MHz, 0 %, 0 %
2026/03/24 02:41:37.817, 7, 176.59 W, 27, 120 MHz, 3996 MHz, 0 %, 0 %
2026/03/24 02:41:38.817, 0, 637.92 W, 39, 2032 MHz, 3996 MHz, 97 %, 27 %
2026/03/24 02:41:38.817, 1, 646.38 W, 43, 2032 MHz, 3996 MHz, 99 %, 25 %
2026/03/24 02:41:38.817, 2, 650.61 W, 40, 2032 MHz, 3996 MHz, 99 %, 25 %
2026/03/24 02:41:38.817, 3, 659.21 W, 44, 2032 MHz, 3996 MHz, 49 %, 25 %
2026/03/24 02:41:38.817, 4, 178.80 W, 25, 120 MHz, 3996 MHz, 0 %, 0 %
2026/03/24 02:41:38.817, 5, 180.58 W, 27, 120 MHz, 3996 MHz, 0 %, 0 %
2026/03/24 02:41:38.817, 6, 178.18 W, 26, 120 MHz, 3996 MHz, 0 %, 0 %
2026/03/24 02:41:38.817, 7, 176.59 W, 27, 120 MHz, 3996 MHz, 0 %, 0 %
2026/03/24 02:41:39.817, 0, 623.82 W, 39, 2032 MHz, 3996 MHz, 99 %, 27 %
2026/03/24 02:41:39.817, 1, 638.60 W, 43, 2032 MHz, 3996 MHz, 99 %, 34 %
2026/03/24 02:41:39.817, 2, 636.00 W, 39, 2032 MHz, 3996 MHz, 99 %, 26 %
2026/03/24 02:41:39.817, 3, 632.53 W, 45, 2032 MHz, 3996 MHz, 46 %, 24 %
2026/03/24 02:41:39.817, 4, 178.74 W, 25, 120 MHz, 3996 MHz, 0 %, 0 %
2026/03/24 02:41:39.817, 5, 180.58 W, 27, 120 MHz, 3996 MHz, 0 %, 0 %
2026/03/24 02:41:39.817, 6, 178.53 W, 26, 120 MHz, 3996 MHz, 0 %, 0 %
2026/03/24 02:41:39.817, 7, 176.59 W, 27, 120 MHz, 3996 MHz, 0 %, 0 %
2026/03/24 02:41:40.817, 0, 584.74 W, 39, 2032 MHz, 3996 MHz, 99 %, 23 %
2026/03/24 02:41:40.817, 1, 589.79 W, 42, 2032 MHz, 3996 MHz, 99 %, 22 %
2026/03/24 02:41:40.817, 2, 590.97 W, 39, 2032 MHz, 3996 MHz, 99 %, 23 %
2026/03/24 02:41:40.817, 3, 588.67 W, 43, 2032 MHz, 3996 MHz, 42 %, 23 %
2026/03/24 02:41:40.817, 4, 179.11 W, 25, 120 MHz, 3996 MHz, 0 %, 0 %
2026/03/24 02:41:40.817, 5, 180.58 W, 27, 120 MHz, 3996 MHz, 0 %, 0 %
2026/03/24 02:41:40.817, 6, 178.49 W, 26, 120 MHz, 3996 MHz, 0 %, 0 %
2026/03/24 02:41:40.817, 7, 176.59 W, 27, 120 MHz, 3996 MHz, 0 %, 0 %
2026/03/24 02:41:41.818, 0, 610.59 W, 39, 2032 MHz, 3996 MHz, 65 %, 42 %
2026/03/24 02:41:41.818, 1, 620.91 W, 43, 2032 MHz, 3996 MHz, 100 %, 40 %
2026/03/24 02:41:41.818, 2, 621.68 W, 39, 2032 MHz, 3996 MHz, 96 %, 32 %
2026/03/24 02:41:41.818, 3, 616.49 W, 44, 2032 MHz, 3996 MHz, 62 %, 28 %
2026/03/24 02:41:41.818, 4, 178.90 W, 25, 120 MHz, 3996 MHz, 0 %, 0 %
2026/03/24 02:41:41.818, 5, 180.58 W, 27, 120 MHz, 3996 MHz, 0 %, 0 %
2026/03/24 02:41:41.818, 6, 178.41 W, 26, 120 MHz, 3996 MHz, 0 %, 0 %
2026/03/24 02:41:41.818, 7, 176.59 W, 27, 120 MHz, 3996 MHz, 0 %, 0 %
2026/03/24 02:41:42.818, 0, 575.88 W, 39, 2032 MHz, 3996 MHz, 100 %, 29 %
2026/03/24 02:41:42.818, 1, 585.78 W, 43, 2032 MHz, 3996 MHz, 99 %, 22 %
2026/03/24 02:41:42.818, 2, 591.09 W, 39, 2032 MHz, 3996 MHz, 100 %, 37 %
2026/03/24 02:41:42.818, 3, 581.92 W, 43, 2032 MHz, 3996 MHz, 64 %, 42 %
2026/03/24 02:41:42.818, 4, 179.13 W, 25, 120 MHz, 3996 MHz, 0 %, 0 %
2026/03/24 02:41:42.818, 5, 180.58 W, 27, 120 MHz, 3996 MHz, 0 %, 0 %
2026/03/24 02:41:42.818, 6, 178.22 W, 26, 120 MHz, 3996 MHz, 0 %, 0 %
2026/03/24 02:41:42.818, 7, 176.58 W, 27, 120 MHz, 3996 MHz, 0 %, 0 %
2026/03/24 02:41:43.818, 0, 626.72 W, 41, 2032 MHz, 3996 MHz, 92 %, 39 %
2026/03/24 02:41:43.818, 1, 635.13 W, 44, 2032 MHz, 3996 MHz, 98 %, 26 %
2026/03/24 02:41:43.818, 2, 638.72 W, 41, 2032 MHz, 3996 MHz, 100 %, 45 %
2026/03/24 02:41:43.818, 3, 625.14 W, 44, 2032 MHz, 3996 MHz, 77 %, 49 %
2026/03/24 02:41:43.818, 4, 179.10 W, 25, 120 MHz, 3996 MHz, 0 %, 0 %
2026/03/24 02:41:43.818, 5, 180.58 W, 27, 120 MHz, 3996 MHz, 0 %, 0 %
2026/03/24 02:41:43.818, 6, 178.56 W, 26, 120 MHz, 3996 MHz, 0 %, 0 %
2026/03/24 02:41:43.818, 7, 176.58 W, 27, 120 MHz, 3996 MHz, 0 %, 0 %
2026/03/24 02:41:44.818, 0, 588.80 W, 39, 2032 MHz, 3996 MHz, 91 %, 26 %
2026/03/24 02:41:44.818, 1, 594.72 W, 43, 2032 MHz, 3996 MHz, 96 %, 36 %
2026/03/24 02:41:44.818, 2, 601.22 W, 40, 2032 MHz, 3996 MHz, 99 %, 25 %
2026/03/24 02:41:44.818, 3, 609.25 W, 44, 2032 MHz, 3996 MHz, 51 %, 26 %
2026/03/24 02:41:44.818, 4, 178.82 W, 25, 120 MHz, 3996 MHz, 0 %, 0 %
2026/03/24 02:41:44.818, 5, 180.58 W, 27, 120 MHz, 3996 MHz, 0 %, 0 %
2026/03/24 02:41:44.818, 6, 178.33 W, 26, 120 MHz, 3996 MHz, 0 %, 0 %
2026/03/24 02:41:44.818, 7, 176.58 W, 27, 120 MHz, 3996 MHz, 0 %, 0 %
2026/03/24 02:41:45.818, 0, 666.64 W, 41, 2032 MHz, 3996 MHz, 100 %, 70 %
2026/03/24 02:41:45.818, 1, 682.36 W, 44, 2032 MHz, 3996 MHz, 100 %, 49 %
2026/03/24 02:41:45.818, 2, 688.96 W, 42, 2032 MHz, 3996 MHz, 100 %, 70 %
2026/03/24 02:41:45.818, 3, 681.14 W, 45, 2032 MHz, 3996 MHz, 100 %, 69 %
2026/03/24 02:41:45.818, 4, 179.06 W, 25, 120 MHz, 3996 MHz, 0 %, 0 %
2026/03/24 02:41:45.818, 5, 180.58 W, 27, 120 MHz, 3996 MHz, 0 %, 0 %
2026/03/24 02:41:45.818, 6, 178.41 W, 26, 120 MHz, 3996 MHz, 0 %, 0 %
2026/03/24 02:41:45.818, 7, 176.58 W, 27, 120 MHz, 3996 MHz, 0 %, 0 %
2026/03/24 02:41:46.818, 0, 638.77 W, 39, 2032 MHz, 3996 MHz, 99 %, 23 %
2026/03/24 02:41:46.818, 1, 651.99 W, 42, 2032 MHz, 3996 MHz, 99 %, 25 %
2026/03/24 02:41:46.818, 2, 645.72 W, 39, 2032 MHz, 3996 MHz, 99 %, 23 %
2026/03/24 02:41:46.818, 3, 647.96 W, 44, 2032 MHz, 3996 MHz, 41 %, 22 %
2026/03/24 02:41:46.818, 4, 178.82 W, 25, 120 MHz, 3996 MHz, 0 %, 0 %
2026/03/24 02:41:46.818, 5, 180.58 W, 27, 120 MHz, 3996 MHz, 0 %, 0 %
2026/03/24 02:41:46.818, 6, 178.29 W, 26, 120 MHz, 3996 MHz, 0 %, 0 %
2026/03/24 02:41:46.818, 7, 176.58 W, 27, 120 MHz, 3996 MHz, 0 %, 0 %
2026/03/24 02:41:47.818, 0, 616.21 W, 39, 2032 MHz, 3996 MHz, 99 %, 22 %
2026/03/24 02:41:47.818, 1, 621.90 W, 42, 2032 MHz, 3996 MHz, 99 %, 23 %
2026/03/24 02:41:47.818, 2, 628.93 W, 39, 2032 MHz, 3996 MHz, 100 %, 23 %
2026/03/24 02:41:47.818, 3, 620.77 W, 43, 2032 MHz, 3996 MHz, 43 %, 24 %
2026/03/24 02:41:47.818, 4, 178.87 W, 25, 120 MHz, 3996 MHz, 0 %, 0 %
2026/03/24 02:41:47.818, 5, 180.58 W, 27, 120 MHz, 3996 MHz, 0 %, 0 %
2026/03/24 02:41:47.818, 6, 178.07 W, 26, 120 MHz, 3996 MHz, 0 %, 0 %
2026/03/24 02:41:47.819, 7, 176.59 W, 27, 120 MHz, 3996 MHz, 0 %, 0 %
2026/03/24 02:41:48.819, 0, 607.00 W, 39, 2032 MHz, 3996 MHz, 89 %, 41 %
2026/03/24 02:41:48.819, 1, 630.43 W, 44, 2032 MHz, 3996 MHz, 100 %, 24 %
2026/03/24 02:41:48.819, 2, 626.15 W, 39, 2032 MHz, 3996 MHz, 96 %, 42 %
2026/03/24 02:41:48.819, 3, 630.87 W, 43, 2032 MHz, 3996 MHz, 79 %, 43 %
2026/03/24 02:41:48.819, 4, 178.99 W, 25, 120 MHz, 3996 MHz, 0 %, 0 %
2026/03/24 02:41:48.819, 5, 180.58 W, 27, 120 MHz, 3996 MHz, 0 %, 0 %
2026/03/24 02:41:48.819, 6, 178.30 W, 26, 120 MHz, 3996 MHz, 0 %, 0 %
2026/03/24 02:41:48.819, 7, 176.59 W, 27, 120 MHz, 3996 MHz, 0 %, 0 %
2026/03/24 02:41:49.819, 0, 591.38 W, 39, 2032 MHz, 3996 MHz, 100 %, 39 %
2026/03/24 02:41:49.819, 1, 600.58 W, 42, 2032 MHz, 3996 MHz, 100 %, 23 %
2026/03/24 02:41:49.819, 2, 602.29 W, 39, 2032 MHz, 3996 MHz, 96 %, 43 %
2026/03/24 02:41:49.819, 3, 597.76 W, 43, 2032 MHz, 3996 MHz, 68 %, 42 %
2026/03/24 02:41:49.819, 4, 179.02 W, 25, 120 MHz, 3996 MHz, 0 %, 0 %
2026/03/24 02:41:49.819, 5, 180.58 W, 27, 120 MHz, 3996 MHz, 0 %, 0 %
2026/03/24 02:41:49.819, 6, 177.92 W, 26, 120 MHz, 3996 MHz, 0 %, 0 %
2026/03/24 02:41:49.819, 7, 176.59 W, 27, 120 MHz, 3996 MHz, 0 %, 0 %
2026/03/24 02:41:50.819, 0, 700.70 W, 40, 2032 MHz, 3996 MHz, 46 %, 24 %
2026/03/24 02:41:50.819, 1, 707.77 W, 43, 2032 MHz, 3996 MHz, 100 %, 22 %
2026/03/24 02:41:50.819, 2, 716.51 W, 40, 2032 MHz, 3996 MHz, 99 %, 24 %
2026/03/24 02:41:50.819, 3, 711.49 W, 44, 2032 MHz, 3996 MHz, 98 %, 25 %
2026/03/24 02:41:50.819, 4, 179.12 W, 25, 120 MHz, 3996 MHz, 0 %, 0 %
2026/03/24 02:41:50.819, 5, 180.58 W, 27, 120 MHz, 3996 MHz, 0 %, 0 %
2026/03/24 02:41:50.819, 6, 178.33 W, 26, 120 MHz, 3996 MHz, 0 %, 0 %
2026/03/24 02:41:50.819, 7, 176.59 W, 27, 120 MHz, 3996 MHz, 0 %, 0 %
2026/03/24 02:41:51.819, 0, 721.69 W, 40, 2032 MHz, 3996 MHz, 82 %, 26 %
2026/03/24 02:41:51.819, 1, 723.88 W, 44, 2032 MHz, 3996 MHz, 97 %, 54 %
2026/03/24 02:41:51.819, 2, 736.61 W, 40, 2032 MHz, 3996 MHz, 100 %, 26 %
2026/03/24 02:41:51.819, 3, 725.04 W, 44, 2032 MHz, 3996 MHz, 53 %, 26 %
2026/03/24 02:41:51.819, 4, 178.97 W, 25, 120 MHz, 3996 MHz, 0 %, 0 %
2026/03/24 02:41:51.819, 5, 180.58 W, 27, 120 MHz, 3996 MHz, 0 %, 0 %
2026/03/24 02:41:51.819, 6, 178.14 W, 26, 120 MHz, 3996 MHz, 0 %, 0 %
2026/03/24 02:41:51.819, 7, 176.59 W, 27, 120 MHz, 3996 MHz, 0 %, 0 %
2026/03/24 02:41:52.819, 0, 657.16 W, 40, 2032 MHz, 3996 MHz, 100 %, 23 %
2026/03/24 02:41:52.819, 1, 663.27 W, 42, 2032 MHz, 3996 MHz, 99 %, 22 %
2026/03/24 02:41:52.819, 2, 680.68 W, 41, 2032 MHz, 3996 MHz, 100 %, 25 %
2026/03/24 02:41:52.819, 3, 664.74 W, 45, 2032 MHz, 3996 MHz, 50 %, 30 %
2026/03/24 02:41:52.819, 4, 178.95 W, 25, 120 MHz, 3996 MHz, 0 %, 0 %
2026/03/24 02:41:52.819, 5, 180.58 W, 27, 120 MHz, 3996 MHz, 0 %, 0 %
2026/03/24 02:41:52.819, 6, 178.38 W, 26, 120 MHz, 3996 MHz, 0 %, 0 %
2026/03/24 02:41:52.819, 7, 176.60 W, 27, 120 MHz, 3996 MHz, 0 %, 0 %
2026/03/24 02:41:53.819, 0, 657.99 W, 40, 2032 MHz, 3996 MHz, 99 %, 43 %
2026/03/24 02:41:53.819, 1, 697.36 W, 44, 2032 MHz, 3996 MHz, 100 %, 23 %
2026/03/24 02:41:53.819, 2, 678.58 W, 40, 2032 MHz, 3996 MHz, 99 %, 42 %
2026/03/24 02:41:53.819, 3, 696.52 W, 44, 2032 MHz, 3996 MHz, 81 %, 41 %
2026/03/24 02:41:53.819, 4, 179.15 W, 25, 120 MHz, 3996 MHz, 0 %, 0 %
2026/03/24 02:41:53.819, 5, 180.59 W, 27, 120 MHz, 3996 MHz, 0 %, 0 %
2026/03/24 02:41:53.819, 6, 178.37 W, 26, 120 MHz, 3996 MHz, 0 %, 0 %
2026/03/24 02:41:53.819, 7, 176.60 W, 27, 120 MHz, 3996 MHz, 0 %, 0 %
2026/03/24 02:41:54.820, 0, 618.57 W, 40, 2032 MHz, 3996 MHz, 100 %, 23 %
2026/03/24 02:41:54.820, 1, 613.50 W, 42, 2032 MHz, 3996 MHz, 99 %, 22 %
2026/03/24 02:41:54.820, 2, 633.68 W, 40, 2032 MHz, 3996 MHz, 100 %, 23 %
2026/03/24 02:41:54.820, 3, 616.56 W, 44, 2032 MHz, 3996 MHz, 42 %, 23 %
2026/03/24 02:41:54.820, 4, 179.13 W, 25, 120 MHz, 3996 MHz, 0 %, 0 %
2026/03/24 02:41:54.820, 5, 180.58 W, 27, 120 MHz, 3996 MHz, 0 %, 0 %
2026/03/24 02:41:54.820, 6, 178.37 W, 26, 120 MHz, 3996 MHz, 0 %, 0 %
2026/03/24 02:41:54.820, 7, 176.59 W, 27, 120 MHz, 3996 MHz, 0 %, 0 %
2026/03/24 02:41:55.820, 0, 706.12 W, 41, 2032 MHz, 3996 MHz, 98 %, 38 %
2026/03/24 02:41:55.820, 1, 710.38 W, 43, 2032 MHz, 3996 MHz, 98 %, 24 %
2026/03/24 02:41:55.820, 2, 727.99 W, 42, 2032 MHz, 3996 MHz, 100 %, 45 %
2026/03/24 02:41:55.820, 3, 715.05 W, 46, 2032 MHz, 3996 MHz, 76 %, 50 %
2026/03/24 02:41:55.820, 4, 179.01 W, 25, 120 MHz, 3996 MHz, 0 %, 0 %
2026/03/24 02:41:55.820, 5, 180.58 W, 27, 120 MHz, 3996 MHz, 0 %, 0 %
2026/03/24 02:41:55.820, 6, 178.33 W, 26, 120 MHz, 3996 MHz, 0 %, 0 %
2026/03/24 02:41:55.820, 7, 176.61 W, 27, 120 MHz, 3996 MHz, 0 %, 0 %
2026/03/24 02:41:56.820, 0, 675.06 W, 39, 2032 MHz, 3996 MHz, 70 %, 24 %
2026/03/24 02:41:56.820, 1, 716.95 W, 43, 2032 MHz, 3996 MHz, 99 %, 24 %
2026/03/24 02:41:56.820, 2, 693.97 W, 40, 2032 MHz, 3996 MHz, 100 %, 24 %
2026/03/24 02:41:56.820, 3, 716.18 W, 43, 2032 MHz, 3996 MHz, 46 %, 24 %
2026/03/24 02:41:56.820, 4, 178.90 W, 25, 120 MHz, 3996 MHz, 0 %, 0 %
2026/03/24 02:41:56.820, 5, 180.59 W, 27, 120 MHz, 3996 MHz, 0 %, 0 %
2026/03/24 02:41:56.820, 6, 178.34 W, 26, 120 MHz, 3996 MHz, 0 %, 0 %
2026/03/24 02:41:56.820, 7, 176.60 W, 27, 120 MHz, 3996 MHz, 0 %, 0 %
2026/03/24 02:41:57.820, 0, 741.03 W, 40, 2032 MHz, 3996 MHz, 72 %, 33 %
2026/03/24 02:41:57.820, 1, 734.73 W, 44, 2032 MHz, 3996 MHz, 97 %, 42 %
2026/03/24 02:41:57.820, 2, 749.49 W, 41, 2032 MHz, 3996 MHz, 97 %, 26 %
2026/03/24 02:41:57.820, 3, 743.18 W, 45, 2032 MHz, 3996 MHz, 60 %, 27 %
2026/03/24 02:41:57.820, 4, 178.89 W, 25, 120 MHz, 3996 MHz, 0 %, 0 %
2026/03/24 02:41:57.820, 5, 180.59 W, 27, 120 MHz, 3996 MHz, 0 %, 0 %
2026/03/24 02:41:57.820, 6, 178.25 W, 26, 120 MHz, 3996 MHz, 0 %, 0 %
2026/03/24 02:41:57.820, 7, 176.60 W, 27, 120 MHz, 3996 MHz, 0 %, 0 %
2026/03/24 02:41:58.820, 0, 586.60 W, 38, 2032 MHz, 3996 MHz, 41 %, 22 %
2026/03/24 02:41:58.820, 1, 596.66 W, 42, 2032 MHz, 3996 MHz, 99 %, 23 %
2026/03/24 02:41:58.820, 2, 598.96 W, 39, 2032 MHz, 3996 MHz, 100 %, 23 %
2026/03/24 02:41:58.820, 3, 593.55 W, 43, 2032 MHz, 3996 MHz, 81 %, 23 %
2026/03/24 02:41:58.820, 4, 178.95 W, 25, 120 MHz, 3996 MHz, 0 %, 0 %
2026/03/24 02:41:58.820, 5, 180.58 W, 27, 120 MHz, 3996 MHz, 0 %, 0 %
2026/03/24 02:41:58.820, 6, 178.34 W, 26, 120 MHz, 3996 MHz, 0 %, 0 %
2026/03/24 02:41:58.820, 7, 176.59 W, 27, 120 MHz, 3996 MHz, 0 %, 0 %
2026/03/24 02:41:59.820, 0, 745.79 W, 42, 2032 MHz, 3996 MHz, 95 %, 56 %
2026/03/24 02:41:59.820, 1, 746.93 W, 45, 2032 MHz, 3996 MHz, 100 %, 24 %
2026/03/24 02:41:59.820, 2, 770.92 W, 42, 2032 MHz, 3996 MHz, 100 %, 63 %
2026/03/24 02:41:59.820, 3, 755.66 W, 46, 2032 MHz, 3996 MHz, 94 %, 65 %
2026/03/24 02:41:59.820, 4, 178.96 W, 25, 120 MHz, 3996 MHz, 0 %, 0 %
2026/03/24 02:41:59.820, 5, 180.58 W, 27, 120 MHz, 3996 MHz, 0 %, 0 %
2026/03/24 02:41:59.820, 6, 178.26 W, 26, 120 MHz, 3996 MHz, 0 %, 0 %
2026/03/24 02:41:59.820, 7, 176.59 W, 27, 120 MHz, 3996 MHz, 0 %, 0 %
2026/03/24 02:42:00.820, 0, 749.49 W, 42, 2032 MHz, 3996 MHz, 97 %, 50 %
2026/03/24 02:42:00.820, 1, 773.90 W, 45, 2032 MHz, 3996 MHz, 100 %, 66 %
2026/03/24 02:42:00.820, 2, 778.01 W, 42, 2032 MHz, 3996 MHz, 100 %, 70 %
2026/03/24 02:42:00.820, 3, 774.97 W, 46, 2032 MHz, 3996 MHz, 88 %, 61 %
2026/03/24 02:42:00.820, 4, 178.77 W, 25, 120 MHz, 3996 MHz, 0 %, 0 %
2026/03/24 02:42:00.820, 5, 180.58 W, 27, 120 MHz, 3996 MHz, 0 %, 0 %
2026/03/24 02:42:00.821, 6, 178.21 W, 26, 120 MHz, 3996 MHz, 0 %, 0 %
2026/03/24 02:42:00.821, 7, 176.59 W, 27, 120 MHz, 3996 MHz, 0 %, 0 %
2026/03/24 02:42:01.821, 0, 912.70 W, 43, 2032 MHz, 3996 MHz, 100 %, 70 %
2026/03/24 02:42:01.821, 1, 941.42 W, 47, 2032 MHz, 3996 MHz, 100 %, 69 %
2026/03/24 02:42:01.821, 2, 951.27 W, 44, 2032 MHz, 3996 MHz, 100 %, 70 %
2026/03/24 02:42:01.821, 3, 944.86 W, 48, 2032 MHz, 3996 MHz, 100 %, 70 %
2026/03/24 02:42:01.821, 4, 178.77 W, 25, 120 MHz, 3996 MHz, 0 %, 0 %
2026/03/24 02:42:01.821, 5, 180.58 W, 27, 120 MHz, 3996 MHz, 0 %, 0 %
2026/03/24 02:42:01.821, 6, 178.34 W, 26, 120 MHz, 3996 MHz, 0 %, 0 %
2026/03/24 02:42:01.821, 7, 176.60 W, 27, 120 MHz, 3996 MHz, 0 %, 0 %
2026/03/24 02:42:02.821, 0, 776.45 W, 42, 2032 MHz, 3996 MHz, 100 %, 69 %
2026/03/24 02:42:02.821, 1, 804.76 W, 45, 2032 MHz, 3996 MHz, 100 %, 70 %
2026/03/24 02:42:02.821, 2, 809.58 W, 43, 2032 MHz, 3996 MHz, 100 %, 70 %
2026/03/24 02:42:02.821, 3, 801.22 W, 47, 2032 MHz, 3996 MHz, 100 %, 70 %
2026/03/24 02:42:02.821, 4, 178.98 W, 25, 120 MHz, 3996 MHz, 0 %, 0 %
2026/03/24 02:42:02.821, 5, 180.58 W, 27, 120 MHz, 3996 MHz, 0 %, 0 %
2026/03/24 02:42:02.821, 6, 178.10 W, 26, 120 MHz, 3996 MHz, 0 %, 0 %
2026/03/24 02:42:02.821, 7, 176.60 W, 27, 120 MHz, 3996 MHz, 0 %, 0 %
2026/03/24 02:42:03.821, 0, 858.53 W, 43, 2032 MHz, 3996 MHz, 100 %, 70 %
2026/03/24 02:42:03.821, 1, 882.84 W, 47, 2032 MHz, 3996 MHz, 100 %, 70 %
2026/03/24 02:42:03.821, 2, 894.15 W, 44, 2032 MHz, 3996 MHz, 100 %, 71 %
2026/03/24 02:42:03.821, 3, 889.44 W, 48, 2032 MHz, 3996 MHz, 100 %, 70 %
2026/03/24 02:42:03.821, 4, 178.99 W, 25, 120 MHz, 3996 MHz, 0 %, 0 %
2026/03/24 02:42:03.821, 5, 180.58 W, 27, 120 MHz, 3996 MHz, 0 %, 0 %
2026/03/24 02:42:03.821, 6, 178.52 W, 26, 120 MHz, 3996 MHz, 0 %, 0 %
2026/03/24 02:42:03.821, 7, 176.62 W, 27, 120 MHz, 3996 MHz, 0 %, 0 %
2026/03/24 02:42:04.821, 0, 802.95 W, 43, 2032 MHz, 3996 MHz, 100 %, 70 %
2026/03/24 02:42:04.821, 1, 827.36 W, 47, 2032 MHz, 3996 MHz, 100 %, 70 %
2026/03/24 02:42:04.821, 2, 834.40 W, 44, 2032 MHz, 3996 MHz, 100 %, 71 %
2026/03/24 02:42:04.821, 3, 828.72 W, 48, 2032 MHz, 3996 MHz, 100 %, 70 %
2026/03/24 02:42:04.821, 4, 178.85 W, 25, 120 MHz, 3996 MHz, 0 %, 0 %
2026/03/24 02:42:04.821, 5, 180.58 W, 27, 120 MHz, 3996 MHz, 0 %, 0 %
2026/03/24 02:42:04.821, 6, 178.30 W, 26, 120 MHz, 3996 MHz, 0 %, 0 %
2026/03/24 02:42:04.821, 7, 176.60 W, 27, 120 MHz, 3996 MHz, 0 %, 0 %
2026/03/24 02:42:05.821, 0, 757.46 W, 41, 2032 MHz, 3996 MHz, 75 %, 48 %
2026/03/24 02:42:05.821, 1, 803.48 W, 46, 2032 MHz, 3996 MHz, 96 %, 34 %
2026/03/24 02:42:05.821, 2, 785.78 W, 42, 2032 MHz, 3996 MHz, 100 %, 34 %
2026/03/24 02:42:05.821, 3, 799.35 W, 46, 2032 MHz, 3996 MHz, 64 %, 35 %
2026/03/24 02:42:05.821, 4, 178.88 W, 25, 120 MHz, 3996 MHz, 0 %, 0 %
2026/03/24 02:42:05.821, 5, 180.59 W, 27, 120 MHz, 3996 MHz, 0 %, 0 %
2026/03/24 02:42:05.821, 6, 178.41 W, 26, 120 MHz, 3996 MHz, 0 %, 0 %
2026/03/24 02:42:05.821, 7, 176.62 W, 27, 120 MHz, 3996 MHz, 0 %, 0 %
2026/03/24 02:42:06.821, 0, 743.77 W, 42, 2032 MHz, 3996 MHz, 98 %, 29 %
2026/03/24 02:42:06.821, 1, 733.51 W, 44, 2032 MHz, 3996 MHz, 100 %, 44 %
2026/03/24 02:42:06.821, 2, 770.11 W, 43, 2032 MHz, 3996 MHz, 100 %, 70 %
2026/03/24 02:42:06.821, 3, 741.26 W, 47, 2032 MHz, 3996 MHz, 63 %, 40 %
2026/03/24 02:42:06.821, 4, 178.98 W, 25, 120 MHz, 3996 MHz, 0 %, 0 %
2026/03/24 02:42:06.821, 5, 180.58 W, 27, 120 MHz, 3996 MHz, 0 %, 0 %
2026/03/24 02:42:06.821, 6, 178.14 W, 26, 120 MHz, 3996 MHz, 0 %, 0 %
2026/03/24 02:42:06.821, 7, 176.59 W, 27, 120 MHz, 3996 MHz, 0 %, 0 %
2026/03/24 02:42:07.821, 0, 914.60 W, 44, 2032 MHz, 3996 MHz, 100 %, 70 %
2026/03/24 02:42:07.821, 1, 943.73 W, 48, 2032 MHz, 3996 MHz, 100 %, 70 %
2026/03/24 02:42:07.821, 2, 953.86 W, 45, 2032 MHz, 3996 MHz, 100 %, 70 %
2026/03/24 02:42:07.821, 3, 946.25 W, 49, 2032 MHz, 3996 MHz, 100 %, 70 %
2026/03/24 02:42:07.821, 4, 178.86 W, 25, 120 MHz, 3996 MHz, 0 %, 0 %
2026/03/24 02:42:07.821, 5, 180.58 W, 27, 120 MHz, 3996 MHz, 0 %, 0 %
2026/03/24 02:42:07.822, 6, 178.38 W, 26, 120 MHz, 3996 MHz, 0 %, 0 %
2026/03/24 02:42:07.822, 7, 176.58 W, 27, 120 MHz, 3996 MHz, 0 %, 0 %
2026/03/24 02:42:08.822, 0, 806.85 W, 43, 2032 MHz, 3996 MHz, 100 %, 70 %
2026/03/24 02:42:08.822, 1, 826.25 W, 48, 2032 MHz, 3996 MHz, 100 %, 70 %
2026/03/24 02:42:08.822, 2, 836.76 W, 44, 2032 MHz, 3996 MHz, 100 %, 70 %
2026/03/24 02:42:08.822, 3, 831.62 W, 48, 2032 MHz, 3996 MHz, 100 %, 70 %
2026/03/24 02:42:08.822, 4, 178.93 W, 25, 120 MHz, 3996 MHz, 0 %, 0 %
2026/03/24 02:42:08.822, 5, 180.58 W, 27, 120 MHz, 3996 MHz, 0 %, 0 %
2026/03/24 02:42:08.822, 6, 178.06 W, 26, 120 MHz, 3996 MHz, 0 %, 0 %
2026/03/24 02:42:08.822, 7, 176.58 W, 27, 120 MHz, 3996 MHz, 0 %, 0 %
2026/03/24 02:42:09.822, 0, 839.49 W, 42, 2032 MHz, 3996 MHz, 99 %, 23 %
2026/03/24 02:42:09.822, 1, 871.99 W, 45, 2032 MHz, 3996 MHz, 99 %, 23 %
2026/03/24 02:42:09.822, 2, 839.10 W, 41, 2032 MHz, 3996 MHz, 100 %, 28 %
2026/03/24 02:42:09.822, 3, 864.24 W, 45, 2032 MHz, 3996 MHz, 43 %, 23 %
2026/03/24 02:42:09.822, 4, 178.85 W, 25, 120 MHz, 3996 MHz, 0 %, 0 %
2026/03/24 02:42:09.822, 5, 180.58 W, 27, 120 MHz, 3996 MHz, 0 %, 0 %
2026/03/24 02:42:09.822, 6, 178.41 W, 26, 120 MHz, 3996 MHz, 0 %, 0 %
2026/03/24 02:42:09.822, 7, 176.59 W, 27, 120 MHz, 3996 MHz, 0 %, 0 %
2026/03/24 02:42:10.822, 0, 768.28 W, 43, 2032 MHz, 3996 MHz, 100 %, 71 %
2026/03/24 02:42:10.822, 1, 790.98 W, 47, 2032 MHz, 3996 MHz, 100 %, 70 %
2026/03/24 02:42:10.822, 2, 829.77 W, 44, 2032 MHz, 3996 MHz, 97 %, 67 %
2026/03/24 02:42:10.822, 3, 801.54 W, 48, 2032 MHz, 3996 MHz, 100 %, 71 %
2026/03/24 02:42:10.822, 4, 179.21 W, 25, 120 MHz, 3996 MHz, 0 %, 0 %
2026/03/24 02:42:10.822, 5, 180.58 W, 27, 120 MHz, 3996 MHz, 0 %, 0 %
2026/03/24 02:42:10.822, 6, 178.26 W, 26, 120 MHz, 3996 MHz, 0 %, 0 %
2026/03/24 02:42:10.822, 7, 176.59 W, 27, 120 MHz, 3996 MHz, 0 %, 0 %
2026/03/24 02:42:11.822, 0, 809.71 W, 44, 2032 MHz, 3996 MHz, 100 %, 70 %
2026/03/24 02:42:11.822, 1, 828.48 W, 48, 2032 MHz, 3996 MHz, 100 %, 70 %
2026/03/24 02:42:11.822, 2, 834.93 W, 45, 2032 MHz, 3996 MHz, 97 %, 68 %
2026/03/24 02:42:11.822, 3, 829.05 W, 49, 2032 MHz, 3996 MHz, 100 %, 70 %
2026/03/24 02:42:11.822, 4, 178.93 W, 25, 120 MHz, 3996 MHz, 0 %, 0 %
2026/03/24 02:42:11.822, 5, 180.58 W, 27, 120 MHz, 3996 MHz, 0 %, 0 %
2026/03/24 02:42:11.822, 6, 178.29 W, 26, 120 MHz, 3996 MHz, 0 %, 0 %
2026/03/24 02:42:11.822, 7, 176.59 W, 27, 120 MHz, 3996 MHz, 0 %, 0 %
2026/03/24 02:42:12.822, 0, 807.55 W, 42, 2032 MHz, 3996 MHz, 81 %, 24 %
2026/03/24 02:42:12.822, 1, 833.59 W, 46, 2032 MHz, 3996 MHz, 100 %, 25 %
2026/03/24 02:42:12.822, 2, 834.24 W, 43, 2032 MHz, 3996 MHz, 96 %, 54 %
2026/03/24 02:42:12.822, 3, 834.08 W, 47, 2032 MHz, 3996 MHz, 43 %, 24 %
2026/03/24 02:42:12.822, 4, 179.03 W, 25, 120 MHz, 3996 MHz, 0 %, 0 %
2026/03/24 02:42:12.822, 5, 180.58 W, 27, 120 MHz, 3996 MHz, 0 %, 0 %
2026/03/24 02:42:12.822, 6, 177.99 W, 26, 120 MHz, 3996 MHz, 0 %, 0 %
2026/03/24 02:42:12.822, 7, 176.59 W, 27, 120 MHz, 3996 MHz, 0 %, 0 %
2026/03/24 02:42:13.822, 0, 747.42 W, 41, 2032 MHz, 3996 MHz, 73 %, 24 %
2026/03/24 02:42:13.822, 1, 768.21 W, 45, 2032 MHz, 3996 MHz, 100 %, 36 %
2026/03/24 02:42:13.822, 2, 779.36 W, 43, 2032 MHz, 3996 MHz, 100 %, 71 %
2026/03/24 02:42:13.822, 3, 773.80 W, 47, 2032 MHz, 3996 MHz, 53 %, 33 %
2026/03/24 02:42:13.822, 4, 178.79 W, 25, 120 MHz, 3996 MHz, 0 %, 0 %
2026/03/24 02:42:13.822, 5, 180.58 W, 27, 120 MHz, 3996 MHz, 0 %, 0 %
2026/03/24 02:42:13.822, 6, 178.18 W, 26, 120 MHz, 3996 MHz, 0 %, 0 %
2026/03/24 02:42:13.822, 7, 176.60 W, 27, 120 MHz, 3996 MHz, 0 %, 0 %
2026/03/24 02:42:14.823, 0, 669.71 W, 41, 2032 MHz, 3996 MHz, 82 %, 23 %
2026/03/24 02:42:14.823, 1, 670.82 W, 45, 2032 MHz, 3996 MHz, 99 %, 23 %
2026/03/24 02:42:14.823, 2, 651.44 W, 41, 2032 MHz, 3996 MHz, 100 %, 24 %
2026/03/24 02:42:14.823, 3, 675.48 W, 45, 2032 MHz, 3996 MHz, 41 %, 23 %
2026/03/24 02:42:14.823, 4, 178.99 W, 25, 120 MHz, 3996 MHz, 0 %, 0 %
2026/03/24 02:42:14.823, 5, 180.58 W, 27, 120 MHz, 3996 MHz, 0 %, 0 %
2026/03/24 02:42:14.823, 6, 178.17 W, 26, 120 MHz, 3996 MHz, 0 %, 0 %
2026/03/24 02:42:14.823, 7, 176.61 W, 27, 120 MHz, 3996 MHz, 0 %, 0 %
2026/03/24 02:42:15.823, 0, 689.51 W, 41, 2032 MHz, 3996 MHz, 91 %, 28 %
2026/03/24 02:42:15.823, 1, 704.98 W, 45, 2032 MHz, 3996 MHz, 100 %, 44 %
2026/03/24 02:42:15.823, 2, 719.02 W, 42, 2032 MHz, 3996 MHz, 95 %, 33 %
2026/03/24 02:42:15.823, 3, 710.90 W, 46, 2032 MHz, 3996 MHz, 63 %, 41 %
2026/03/24 02:42:15.823, 4, 178.88 W, 25, 120 MHz, 3996 MHz, 0 %, 0 %
2026/03/24 02:42:15.823, 5, 180.58 W, 27, 120 MHz, 3996 MHz, 0 %, 0 %
2026/03/24 02:42:15.823, 6, 177.98 W, 26, 120 MHz, 3996 MHz, 0 %, 0 %
2026/03/24 02:42:15.823, 7, 176.59 W, 27, 120 MHz, 3996 MHz, 0 %, 0 %
2026/03/24 02:42:16.823, 0, 775.25 W, 43, 2032 MHz, 3996 MHz, 100 %, 71 %
2026/03/24 02:42:16.823, 1, 796.59 W, 48, 2032 MHz, 3996 MHz, 100 %, 71 %
2026/03/24 02:42:16.823, 2, 801.96 W, 44, 2032 MHz, 3996 MHz, 100 %, 71 %
2026/03/24 02:42:16.823, 3, 799.54 W, 49, 2032 MHz, 3996 MHz, 100 %, 70 %
2026/03/24 02:42:16.823, 4, 179.14 W, 25, 120 MHz, 3996 MHz, 0 %, 0 %
2026/03/24 02:42:16.823, 5, 180.58 W, 27, 120 MHz, 3996 MHz, 0 %, 0 %
2026/03/24 02:42:16.823, 6, 178.26 W, 26, 120 MHz, 3996 MHz, 0 %, 0 %
2026/03/24 02:42:16.823, 7, 176.61 W, 27, 120 MHz, 3996 MHz, 0 %, 0 %
2026/03/24 02:42:17.823, 0, 733.10 W, 41, 2032 MHz, 3996 MHz, 90 %, 42 %
2026/03/24 02:42:17.823, 1, 747.53 W, 46, 2032 MHz, 3996 MHz, 96 %, 44 %
2026/03/24 02:42:17.823, 2, 759.85 W, 41, 2032 MHz, 3996 MHz, 99 %, 24 %
2026/03/24 02:42:17.823, 3, 743.92 W, 46, 2032 MHz, 3996 MHz, 78 %, 42 %
2026/03/24 02:42:17.823, 4, 179.27 W, 25, 120 MHz, 3996 MHz, 0 %, 0 %
2026/03/24 02:42:17.823, 5, 180.58 W, 27, 120 MHz, 3996 MHz, 0 %, 0 %
2026/03/24 02:42:17.823, 6, 178.34 W, 26, 120 MHz, 3996 MHz, 0 %, 0 %
2026/03/24 02:42:17.823, 7, 176.60 W, 27, 120 MHz, 3996 MHz, 0 %, 0 %
2026/03/24 02:42:18.823, 0, 677.72 W, 42, 2032 MHz, 3996 MHz, 97 %, 63 %
2026/03/24 02:42:18.823, 1, 690.55 W, 46, 2032 MHz, 3996 MHz, 100 %, 71 %
2026/03/24 02:42:18.823, 2, 690.28 W, 43, 2032 MHz, 3996 MHz, 100 %, 26 %
2026/03/24 02:42:18.823, 3, 696.94 W, 47, 2032 MHz, 3996 MHz, 100 %, 71 %
2026/03/24 02:42:18.823, 4, 178.94 W, 25, 120 MHz, 3996 MHz, 0 %, 0 %
2026/03/24 02:42:18.823, 5, 180.58 W, 27, 120 MHz, 3996 MHz, 0 %, 0 %
2026/03/24 02:42:18.823, 6, 178.21 W, 26, 120 MHz, 3996 MHz, 0 %, 0 %
2026/03/24 02:42:18.823, 7, 176.60 W, 27, 120 MHz, 3996 MHz, 0 %, 0 %
2026/03/24 02:42:19.823, 0, 758.69 W, 41, 2032 MHz, 3996 MHz, 100 %, 54 %
2026/03/24 02:42:19.823, 1, 775.59 W, 47, 2032 MHz, 3996 MHz, 100 %, 67 %
2026/03/24 02:42:19.823, 2, 783.74 W, 42, 2032 MHz, 3996 MHz, 100 %, 24 %
2026/03/24 02:42:19.823, 3, 782.78 W, 48, 2032 MHz, 3996 MHz, 92 %, 64 %
2026/03/24 02:42:19.823, 4, 178.97 W, 25, 120 MHz, 3996 MHz, 0 %, 0 %
2026/03/24 02:42:19.823, 5, 180.58 W, 27, 120 MHz, 3996 MHz, 0 %, 0 %
2026/03/24 02:42:19.823, 6, 178.07 W, 26, 120 MHz, 3996 MHz, 0 %, 0 %
2026/03/24 02:42:19.823, 7, 176.59 W, 27, 120 MHz, 3996 MHz, 0 %, 0 %
2026/03/24 02:42:20.823, 0, 673.48 W, 41, 2032 MHz, 3996 MHz, 73 %, 27 %
2026/03/24 02:42:20.823, 1, 680.47 W, 45, 2032 MHz, 3996 MHz, 100 %, 27 %
2026/03/24 02:42:20.823, 2, 690.78 W, 42, 2032 MHz, 3996 MHz, 97 %, 43 %
2026/03/24 02:42:20.823, 3, 678.59 W, 45, 2032 MHz, 3996 MHz, 54 %, 27 %
2026/03/24 02:42:20.823, 4, 179.01 W, 25, 120 MHz, 3996 MHz, 0 %, 0 %
2026/03/24 02:42:20.823, 5, 180.58 W, 27, 120 MHz, 3996 MHz, 0 %, 0 %
2026/03/24 02:42:20.823, 6, 178.11 W, 26, 120 MHz, 3996 MHz, 0 %, 0 %
2026/03/24 02:42:20.824, 7, 176.59 W, 27, 120 MHz, 3996 MHz, 0 %, 0 %
2026/03/24 02:42:21.824, 0, 731.93 W, 42, 2032 MHz, 3996 MHz, 87 %, 58 %
2026/03/24 02:42:21.824, 1, 744.76 W, 47, 2032 MHz, 3996 MHz, 94 %, 41 %
2026/03/24 02:42:21.824, 2, 751.88 W, 43, 2032 MHz, 3996 MHz, 100 %, 56 %
2026/03/24 02:42:21.824, 3, 745.34 W, 46, 2032 MHz, 3996 MHz, 74 %, 46 %
2026/03/24 02:42:21.824, 4, 178.94 W, 25, 120 MHz, 3996 MHz, 0 %, 0 %
2026/03/24 02:42:21.824, 5, 180.58 W, 27, 120 MHz, 3996 MHz, 0 %, 0 %
2026/03/24 02:42:21.824, 6, 178.18 W, 26, 120 MHz, 3996 MHz, 0 %, 0 %
2026/03/24 02:42:21.824, 7, 176.59 W, 27, 120 MHz, 3996 MHz, 0 %, 0 %
2026/03/24 02:42:22.824, 0, 595.64 W, 40, 2032 MHz, 3996 MHz, 99 %, 25 %
2026/03/24 02:42:22.824, 1, 605.49 W, 44, 2032 MHz, 3996 MHz, 100 %, 27 %
2026/03/24 02:42:22.824, 2, 605.50 W, 41, 2032 MHz, 3996 MHz, 100 %, 24 %
2026/03/24 02:42:22.824, 3, 606.15 W, 45, 2032 MHz, 3996 MHz, 54 %, 27 %
2026/03/24 02:42:22.824, 4, 179.02 W, 25, 120 MHz, 3996 MHz, 0 %, 0 %
2026/03/24 02:42:22.824, 5, 180.58 W, 27, 120 MHz, 3996 MHz, 0 %, 0 %
2026/03/24 02:42:22.824, 6, 178.10 W, 26, 120 MHz, 3996 MHz, 0 %, 0 %
2026/03/24 02:42:22.824, 7, 176.58 W, 27, 120 MHz, 3996 MHz, 0 %, 0 %
2026/03/24 02:42:23.824, 0, 656.83 W, 40, 2032 MHz, 3996 MHz, 100 %, 27 %
2026/03/24 02:42:23.824, 1, 663.88 W, 44, 2032 MHz, 3996 MHz, 99 %, 26 %
2026/03/24 02:42:23.824, 2, 671.67 W, 41, 2032 MHz, 3996 MHz, 99 %, 24 %
2026/03/24 02:42:23.824, 3, 663.81 W, 44, 2032 MHz, 3996 MHz, 52 %, 27 %
2026/03/24 02:42:23.824, 4, 178.90 W, 25, 120 MHz, 3996 MHz, 0 %, 0 %
2026/03/24 02:42:23.824, 5, 180.58 W, 27, 120 MHz, 3996 MHz, 0 %, 0 %
2026/03/24 02:42:23.824, 6, 178.15 W, 26, 120 MHz, 3996 MHz, 0 %, 0 %
2026/03/24 02:42:23.824, 7, 176.59 W, 27, 120 MHz, 3996 MHz, 0 %, 0 %
2026/03/24 02:42:24.824, 0, 611.98 W, 40, 2032 MHz, 3996 MHz, 99 %, 26 %
2026/03/24 02:42:24.824, 1, 619.03 W, 44, 2032 MHz, 3996 MHz, 99 %, 26 %
2026/03/24 02:42:24.824, 2, 621.53 W, 41, 2032 MHz, 3996 MHz, 99 %, 25 %
2026/03/24 02:42:24.824, 3, 619.21 W, 45, 2032 MHz, 3996 MHz, 52 %, 26 %
2026/03/24 02:42:24.824, 4, 179.04 W, 25, 120 MHz, 3996 MHz, 0 %, 0 %
2026/03/24 02:42:24.824, 5, 180.58 W, 27, 120 MHz, 3996 MHz, 0 %, 0 %
2026/03/24 02:42:24.824, 6, 178.37 W, 26, 120 MHz, 3996 MHz, 0 %, 0 %
2026/03/24 02:42:24.824, 7, 176.59 W, 27, 120 MHz, 3996 MHz, 0 %, 0 %
2026/03/24 02:42:25.824, 0, 630.01 W, 41, 2032 MHz, 3996 MHz, 100 %, 71 %
2026/03/24 02:42:25.824, 1, 639.97 W, 46, 2032 MHz, 3996 MHz, 100 %, 71 %
2026/03/24 02:42:25.824, 2, 640.94 W, 42, 2032 MHz, 3996 MHz, 100 %, 42 %
2026/03/24 02:42:25.824, 3, 645.32 W, 47, 2032 MHz, 3996 MHz, 100 %, 70 %
2026/03/24 02:42:25.824, 4, 178.75 W, 25, 120 MHz, 3996 MHz, 0 %, 0 %
2026/03/24 02:42:25.824, 5, 180.58 W, 27, 120 MHz, 3996 MHz, 0 %, 0 %
2026/03/24 02:42:25.824, 6, 178.07 W, 26, 120 MHz, 3996 MHz, 0 %, 0 %
2026/03/24 02:42:25.824, 7, 176.59 W, 27, 120 MHz, 3996 MHz, 0 %, 0 %
2026/03/24 02:42:26.824, 0, 710.99 W, 41, 2032 MHz, 3996 MHz, 100 %, 65 %
2026/03/24 02:42:26.824, 1, 730.67 W, 46, 2032 MHz, 3996 MHz, 100 %, 71 %
2026/03/24 02:42:26.824, 2, 730.97 W, 42, 2032 MHz, 3996 MHz, 100 %, 23 %
2026/03/24 02:42:26.824, 3, 722.84 W, 46, 2032 MHz, 3996 MHz, 100 %, 70 %
2026/03/24 02:42:26.824, 4, 179.04 W, 25, 120 MHz, 3996 MHz, 0 %, 0 %
2026/03/24 02:42:26.824, 5, 180.58 W, 27, 120 MHz, 3996 MHz, 0 %, 0 %
2026/03/24 02:42:26.824, 6, 178.19 W, 26, 120 MHz, 3996 MHz, 0 %, 0 %
2026/03/24 02:42:26.824, 7, 176.59 W, 27, 120 MHz, 3996 MHz, 0 %, 0 %
2026/03/24 02:42:27.824, 0, 607.84 W, 40, 2032 MHz, 3996 MHz, 86 %, 38 %
2026/03/24 02:42:27.824, 1, 617.09 W, 44, 2032 MHz, 3996 MHz, 97 %, 24 %
2026/03/24 02:42:27.824, 2, 623.31 W, 41, 2032 MHz, 3996 MHz, 100 %, 38 %
2026/03/24 02:42:27.824, 3, 608.71 W, 44, 2032 MHz, 3996 MHz, 45 %, 23 %
2026/03/24 02:42:27.825, 4, 179.14 W, 25, 120 MHz, 3996 MHz, 0 %, 0 %
2026/03/24 02:42:27.825, 5, 180.58 W, 27, 120 MHz, 3996 MHz, 0 %, 0 %
2026/03/24 02:42:27.825, 6, 178.02 W, 26, 120 MHz, 3996 MHz, 0 %, 0 %
2026/03/24 02:42:27.825, 7, 176.59 W, 27, 120 MHz, 3996 MHz, 0 %, 0 %
2026/03/24 02:42:28.825, 0, 679.38 W, 40, 2032 MHz, 3996 MHz, 100 %, 51 %
2026/03/24 02:42:28.825, 1, 698.97 W, 45, 2032 MHz, 3996 MHz, 97 %, 62 %
2026/03/24 02:42:28.825, 2, 694.18 W, 41, 2032 MHz, 3996 MHz, 99 %, 24 %
2026/03/24 02:42:28.825, 3, 693.91 W, 46, 2032 MHz, 3996 MHz, 90 %, 62 %
2026/03/24 02:42:28.825, 4, 178.90 W, 25, 120 MHz, 3996 MHz, 0 %, 0 %
2026/03/24 02:42:28.825, 5, 180.58 W, 27, 120 MHz, 3996 MHz, 0 %, 0 %
2026/03/24 02:42:28.825, 6, 178.26 W, 26, 120 MHz, 3996 MHz, 0 %, 0 %
2026/03/24 02:42:28.825, 7, 176.58 W, 27, 120 MHz, 3996 MHz, 0 %, 0 %
2026/03/24 02:42:29.825, 0, 668.19 W, 41, 2032 MHz, 3996 MHz, 78 %, 28 %
2026/03/24 02:42:29.825, 1, 668.26 W, 45, 2032 MHz, 3996 MHz, 100 %, 27 %
2026/03/24 02:42:29.825, 2, 674.48 W, 42, 2032 MHz, 3996 MHz, 97 %, 67 %
2026/03/24 02:42:29.825, 3, 669.62 W, 45, 2032 MHz, 3996 MHz, 55 %, 27 %
2026/03/24 02:42:29.825, 4, 178.98 W, 25, 120 MHz, 3996 MHz, 0 %, 0 %
2026/03/24 02:42:29.825, 5, 180.58 W, 27, 120 MHz, 3996 MHz, 0 %, 0 %
2026/03/24 02:42:29.825, 6, 178.18 W, 26, 120 MHz, 3996 MHz, 0 %, 0 %
2026/03/24 02:42:29.825, 7, 176.58 W, 27, 120 MHz, 3996 MHz, 0 %, 0 %
2026/03/24 02:42:30.825, 0, 593.03 W, 40, 2032 MHz, 3996 MHz, 99 %, 26 %
2026/03/24 02:42:30.825, 1, 596.42 W, 44, 2032 MHz, 3996 MHz, 99 %, 25 %
2026/03/24 02:42:30.825, 2, 600.48 W, 40, 2032 MHz, 3996 MHz, 99 %, 25 %
2026/03/24 02:42:30.825, 3, 597.47 W, 44, 2032 MHz, 3996 MHz, 49 %, 25 %
2026/03/24 02:42:30.825, 4, 178.76 W, 25, 120 MHz, 3996 MHz, 0 %, 0 %
2026/03/24 02:42:30.825, 5, 180.58 W, 27, 120 MHz, 3996 MHz, 0 %, 0 %
2026/03/24 02:42:30.825, 6, 178.45 W, 26, 120 MHz, 3996 MHz, 0 %, 0 %
2026/03/24 02:42:30.825, 7, 176.59 W, 27, 120 MHz, 3996 MHz, 0 %, 0 %
2026/03/24 02:42:31.825, 0, 570.11 W, 40, 2032 MHz, 3996 MHz, 100 %, 27 %
2026/03/24 02:42:31.825, 1, 579.96 W, 44, 2032 MHz, 3996 MHz, 100 %, 27 %
2026/03/24 02:42:31.825, 2, 583.69 W, 40, 2032 MHz, 3996 MHz, 99 %, 24 %
2026/03/24 02:42:31.825, 3, 580.39 W, 44, 2032 MHz, 3996 MHz, 54 %, 27 %
2026/03/24 02:42:31.825, 4, 179.07 W, 25, 120 MHz, 3996 MHz, 0 %, 0 %
2026/03/24 02:42:31.825, 5, 180.58 W, 27, 120 MHz, 3996 MHz, 0 %, 0 %
2026/03/24 02:42:31.825, 6, 178.41 W, 26, 120 MHz, 3996 MHz, 0 %, 0 %
2026/03/24 02:42:31.825, 7, 176.59 W, 27, 120 MHz, 3996 MHz, 0 %, 0 %
2026/03/24 02:42:32.825, 0, 734.09 W, 41, 2032 MHz, 3996 MHz, 73 %, 43 %
2026/03/24 02:42:32.825, 1, 747.07 W, 44, 2032 MHz, 3996 MHz, 95 %, 33 %
2026/03/24 02:42:32.825, 2, 752.07 W, 42, 2032 MHz, 3996 MHz, 100 %, 28 %
2026/03/24 02:42:32.825, 3, 746.48 W, 45, 2032 MHz, 3996 MHz, 66 %, 36 %
2026/03/24 02:42:32.825, 4, 178.86 W, 25, 120 MHz, 3996 MHz, 0 %, 0 %
2026/03/24 02:42:32.825, 5, 180.58 W, 27, 120 MHz, 3996 MHz, 0 %, 0 %
2026/03/24 02:42:32.825, 6, 178.25 W, 26, 120 MHz, 3996 MHz, 0 %, 0 %
2026/03/24 02:42:32.825, 7, 176.58 W, 27, 120 MHz, 3996 MHz, 0 %, 0 %
2026/03/24 02:42:33.825, 0, 620.70 W, 40, 2032 MHz, 3996 MHz, 99 %, 25 %
2026/03/24 02:42:33.825, 1, 632.35 W, 44, 2032 MHz, 3996 MHz, 99 %, 25 %
2026/03/24 02:42:33.825, 2, 634.10 W, 40, 2032 MHz, 3996 MHz, 100 %, 24 %
2026/03/24 02:42:33.825, 3, 631.23 W, 45, 2032 MHz, 3996 MHz, 50 %, 25 %
2026/03/24 02:42:33.825, 4, 178.87 W, 25, 120 MHz, 3996 MHz, 0 %, 0 %
2026/03/24 02:42:33.825, 5, 180.58 W, 27, 120 MHz, 3996 MHz, 0 %, 0 %
2026/03/24 02:42:33.825, 6, 178.11 W, 26, 120 MHz, 3996 MHz, 0 %, 0 %
2026/03/24 02:42:33.825, 7, 176.58 W, 27, 120 MHz, 3996 MHz, 0 %, 0 %
2026/03/24 02:42:34.825, 0, 575.92 W, 39, 2032 MHz, 3996 MHz, 99 %, 24 %
2026/03/24 02:42:34.825, 1, 575.59 W, 43, 2032 MHz, 3996 MHz, 99 %, 23 %
2026/03/24 02:42:34.825, 2, 580.07 W, 40, 2032 MHz, 3996 MHz, 100 %, 27 %
2026/03/24 02:42:34.825, 3, 575.43 W, 44, 2032 MHz, 3996 MHz, 45 %, 23 %
2026/03/24 02:42:34.826, 4, 178.89 W, 25, 120 MHz, 3996 MHz, 0 %, 0 %
2026/03/24 02:42:34.826, 5, 180.58 W, 27, 120 MHz, 3996 MHz, 0 %, 0 %
2026/03/24 02:42:34.826, 6, 178.13 W, 26, 120 MHz, 3996 MHz, 0 %, 0 %
2026/03/24 02:42:34.826, 7, 176.59 W, 27, 120 MHz, 3996 MHz, 0 %, 0 %
2026/03/24 02:42:35.826, 0, 600.61 W, 40, 2032 MHz, 3996 MHz, 93 %, 27 %
2026/03/24 02:42:35.826, 1, 611.70 W, 44, 2032 MHz, 3996 MHz, 100 %, 28 %
2026/03/24 02:42:35.826, 2, 608.32 W, 40, 2032 MHz, 3996 MHz, 96 %, 44 %
2026/03/24 02:42:35.826, 3, 613.29 W, 45, 2032 MHz, 3996 MHz, 54 %, 27 %
2026/03/24 02:42:35.826, 4, 178.90 W, 25, 120 MHz, 3996 MHz, 0 %, 0 %
2026/03/24 02:42:35.826, 5, 180.58 W, 27, 120 MHz, 3996 MHz, 0 %, 0 %
2026/03/24 02:42:35.826, 6, 178.37 W, 26, 120 MHz, 3996 MHz, 0 %, 0 %
2026/03/24 02:42:35.826, 7, 176.59 W, 27, 120 MHz, 3996 MHz, 0 %, 0 %
2026/03/24 02:42:36.826, 0, 618.98 W, 39, 2032 MHz, 3996 MHz, 100 %, 24 %
2026/03/24 02:42:36.826, 1, 618.53 W, 43, 2032 MHz, 3996 MHz, 99 %, 23 %
2026/03/24 02:42:36.826, 2, 629.93 W, 39, 2032 MHz, 3996 MHz, 99 %, 21 %
2026/03/24 02:42:36.826, 3, 617.92 W, 43, 2032 MHz, 3996 MHz, 41 %, 22 %
2026/03/24 02:42:36.826, 4, 178.71 W, 25, 120 MHz, 3996 MHz, 0 %, 0 %
2026/03/24 02:42:36.826, 5, 180.58 W, 27, 120 MHz, 3996 MHz, 0 %, 0 %
2026/03/24 02:42:36.826, 6, 178.37 W, 26, 120 MHz, 3996 MHz, 0 %, 0 %
2026/03/24 02:42:36.826, 7, 176.58 W, 27, 120 MHz, 3996 MHz, 0 %, 0 %
2026/03/24 02:42:37.826, 0, 635.97 W, 40, 2032 MHz, 3996 MHz, 94 %, 42 %
2026/03/24 02:42:37.826, 1, 649.71 W, 44, 2032 MHz, 3996 MHz, 95 %, 43 %
2026/03/24 02:42:37.826, 2, 651.51 W, 40, 2032 MHz, 3996 MHz, 100 %, 23 %
2026/03/24 02:42:37.826, 3, 653.51 W, 45, 2032 MHz, 3996 MHz, 72 %, 43 %
2026/03/24 02:42:37.826, 4, 178.76 W, 25, 120 MHz, 3996 MHz, 0 %, 0 %
2026/03/24 02:42:37.826, 5, 180.58 W, 27, 120 MHz, 3996 MHz, 0 %, 0 %
2026/03/24 02:42:37.826, 6, 178.57 W, 26, 120 MHz, 3996 MHz, 0 %, 0 %
2026/03/24 02:42:37.826, 7, 176.58 W, 27, 120 MHz, 3996 MHz, 0 %, 0 %
2026/03/24 02:42:38.826, 0, 626.13 W, 41, 2032 MHz, 3996 MHz, 100 %, 35 %
2026/03/24 02:42:38.826, 1, 632.41 W, 43, 2032 MHz, 3996 MHz, 100 %, 49 %
2026/03/24 02:42:38.826, 2, 630.26 W, 40, 2032 MHz, 3996 MHz, 96 %, 31 %
2026/03/24 02:42:38.826, 3, 638.66 W, 46, 2032 MHz, 3996 MHz, 72 %, 47 %
2026/03/24 02:42:38.826, 4, 178.99 W, 25, 120 MHz, 3996 MHz, 0 %, 0 %
2026/03/24 02:42:38.826, 5, 180.58 W, 27, 120 MHz, 3996 MHz, 0 %, 0 %
2026/03/24 02:42:38.826, 6, 178.33 W, 26, 120 MHz, 3996 MHz, 0 %, 0 %
2026/03/24 02:42:38.826, 7, 176.59 W, 27, 120 MHz, 3996 MHz, 0 %, 0 %
2026/03/24 02:42:39.826, 0, 658.03 W, 41, 2032 MHz, 3996 MHz, 97 %, 27 %
2026/03/24 02:42:39.826, 1, 665.12 W, 44, 2032 MHz, 3996 MHz, 100 %, 39 %
2026/03/24 02:42:39.826, 2, 662.19 W, 41, 2032 MHz, 3996 MHz, 97 %, 44 %
2026/03/24 02:42:39.826, 3, 661.08 W, 46, 2032 MHz, 3996 MHz, 62 %, 35 %
2026/03/24 02:42:39.826, 4, 179.02 W, 25, 120 MHz, 3996 MHz, 0 %, 0 %
2026/03/24 02:42:39.826, 5, 180.58 W, 27, 120 MHz, 3996 MHz, 0 %, 0 %
2026/03/24 02:42:39.826, 6, 178.41 W, 26, 120 MHz, 3996 MHz, 0 %, 0 %
2026/03/24 02:42:39.826, 7, 176.59 W, 27, 120 MHz, 3996 MHz, 0 %, 0 %
2026/03/24 02:42:40.826, 0, 599.18 W, 39, 2032 MHz, 3996 MHz, 99 %, 26 %
2026/03/24 02:42:40.826, 1, 605.15 W, 43, 2032 MHz, 3996 MHz, 99 %, 24 %
2026/03/24 02:42:40.826, 2, 612.34 W, 41, 2032 MHz, 3996 MHz, 100 %, 31 %
2026/03/24 02:42:40.826, 3, 590.21 W, 44, 2032 MHz, 3996 MHz, 45 %, 24 %
2026/03/24 02:42:40.826, 4, 178.83 W, 25, 120 MHz, 3996 MHz, 0 %, 0 %
2026/03/24 02:42:40.826, 5, 180.59 W, 27, 120 MHz, 3996 MHz, 0 %, 0 %
2026/03/24 02:42:40.827, 6, 178.33 W, 26, 120 MHz, 3996 MHz, 0 %, 0 %
2026/03/24 02:42:40.827, 7, 176.60 W, 27, 120 MHz, 3996 MHz, 0 %, 0 %
2026/03/24 02:42:41.827, 0, 606.06 W, 41, 2032 MHz, 3996 MHz, 100 %, 31 %
2026/03/24 02:42:41.827, 1, 607.15 W, 44, 2032 MHz, 3996 MHz, 100 %, 31 %
2026/03/24 02:42:41.827, 2, 611.38 W, 41, 2032 MHz, 3996 MHz, 99 %, 24 %
2026/03/24 02:42:41.827, 3, 613.72 W, 45, 2032 MHz, 3996 MHz, 62 %, 31 %
2026/03/24 02:42:41.827, 4, 179.05 W, 25, 120 MHz, 3996 MHz, 0 %, 0 %
2026/03/24 02:42:41.827, 5, 180.59 W, 27, 120 MHz, 3996 MHz, 0 %, 0 %
2026/03/24 02:42:41.827, 6, 178.41 W, 26, 120 MHz, 3996 MHz, 0 %, 0 %
2026/03/24 02:42:41.827, 7, 176.60 W, 27, 120 MHz, 3996 MHz, 0 %, 0 %
2026/03/24 02:42:42.827, 0, 585.70 W, 39, 2032 MHz, 3996 MHz, 99 %, 23 %
2026/03/24 02:42:42.827, 1, 587.34 W, 43, 2032 MHz, 3996 MHz, 99 %, 23 %
2026/03/24 02:42:42.827, 2, 598.86 W, 39, 2032 MHz, 3996 MHz, 100 %, 23 %
2026/03/24 02:42:42.827, 3, 588.93 W, 43, 2032 MHz, 3996 MHz, 42 %, 23 %
2026/03/24 02:42:42.827, 4, 178.91 W, 25, 120 MHz, 3996 MHz, 0 %, 0 %
2026/03/24 02:42:42.827, 5, 180.58 W, 27, 120 MHz, 3996 MHz, 0 %, 0 %
2026/03/24 02:42:42.827, 6, 178.10 W, 26, 120 MHz, 3996 MHz, 0 %, 0 %
2026/03/24 02:42:42.827, 7, 176.61 W, 27, 120 MHz, 3996 MHz, 0 %, 0 %
2026/03/24 02:42:43.827, 0, 530.60 W, 36, 2032 MHz, 3996 MHz, 100 %, 0 %
2026/03/24 02:42:43.827, 1, 528.98 W, 40, 2032 MHz, 3996 MHz, 0 %, 0 %
2026/03/24 02:42:43.827, 2, 536.53 W, 36, 2032 MHz, 3996 MHz, 0 %, 0 %
2026/03/24 02:42:43.827, 3, 527.06 W, 40, 2032 MHz, 3996 MHz, 0 %, 0 %
2026/03/24 02:42:43.827, 4, 179.04 W, 25, 120 MHz, 3996 MHz, 0 %, 0 %
2026/03/24 02:42:43.827, 5, 180.58 W, 27, 120 MHz, 3996 MHz, 0 %, 0 %
2026/03/24 02:42:43.827, 6, 178.41 W, 26, 120 MHz, 3996 MHz, 0 %, 0 %
2026/03/24 02:42:43.827, 7, 176.59 W, 27, 120 MHz, 3996 MHz, 0 %, 0 %
2026/03/24 02:42:44.827, 0, 510.92 W, 40, 2032 MHz, 3996 MHz, 100 %, 30 %
2026/03/24 02:42:44.827, 1, 515.66 W, 44, 2032 MHz, 3996 MHz, 100 %, 31 %
2026/03/24 02:42:44.827, 2, 511.68 W, 40, 2032 MHz, 3996 MHz, 99 %, 24 %
2026/03/24 02:42:44.827, 3, 525.84 W, 44, 2032 MHz, 3996 MHz, 62 %, 31 %
2026/03/24 02:42:44.827, 4, 178.88 W, 25, 120 MHz, 3996 MHz, 0 %, 0 %
2026/03/24 02:42:44.827, 5, 180.58 W, 27, 120 MHz, 3996 MHz, 0 %, 0 %
2026/03/24 02:42:44.827, 6, 178.29 W, 26, 120 MHz, 3996 MHz, 0 %, 0 %
2026/03/24 02:42:44.827, 7, 176.61 W, 27, 120 MHz, 3996 MHz, 0 %, 0 %
2026/03/24 02:42:45.827, 0, 590.43 W, 41, 2032 MHz, 3996 MHz, 99 %, 32 %
2026/03/24 02:42:45.827, 1, 595.59 W, 44, 2032 MHz, 3996 MHz, 100 %, 34 %
2026/03/24 02:42:45.827, 2, 594.94 W, 40, 2032 MHz, 3996 MHz, 99 %, 23 %
2026/03/24 02:42:45.827, 3, 592.69 W, 45, 2032 MHz, 3996 MHz, 71 %, 34 %
2026/03/24 02:42:45.827, 4, 178.96 W, 25, 120 MHz, 3996 MHz, 0 %, 0 %
2026/03/24 02:42:45.827, 5, 180.58 W, 27, 120 MHz, 3996 MHz, 0 %, 0 %
2026/03/24 02:42:45.827, 6, 178.45 W, 26, 120 MHz, 3996 MHz, 0 %, 0 %
2026/03/24 02:42:45.827, 7, 176.60 W, 27, 120 MHz, 3996 MHz, 0 %, 0 %
2026/03/24 02:42:46.827, 0, 624.11 W, 40, 2032 MHz, 3996 MHz, 100 %, 26 %
2026/03/24 02:42:46.827, 1, 626.24 W, 43, 2032 MHz, 3996 MHz, 100 %, 40 %
2026/03/24 02:42:46.827, 2, 634.38 W, 39, 2032 MHz, 3996 MHz, 99 %, 24 %
2026/03/24 02:42:46.827, 3, 630.18 W, 44, 2032 MHz, 3996 MHz, 65 %, 38 %
2026/03/24 02:42:46.827, 4, 179.15 W, 25, 120 MHz, 3996 MHz, 0 %, 0 %
2026/03/24 02:42:46.827, 5, 180.58 W, 27, 120 MHz, 3996 MHz, 0 %, 0 %
2026/03/24 02:42:46.827, 6, 178.14 W, 26, 120 MHz, 3996 MHz, 0 %, 0 %
2026/03/24 02:42:46.827, 7, 176.60 W, 27, 120 MHz, 3996 MHz, 0 %, 0 %
2026/03/24 02:42:47.828, 0, 589.13 W, 39, 2032 MHz, 3996 MHz, 96 %, 41 %
2026/03/24 02:42:47.828, 1, 592.16 W, 43, 2032 MHz, 3996 MHz, 96 %, 26 %
2026/03/24 02:42:47.828, 2, 595.32 W, 39, 2032 MHz, 3996 MHz, 100 %, 29 %
2026/03/24 02:42:47.828, 3, 587.34 W, 43, 2032 MHz, 3996 MHz, 53 %, 32 %
2026/03/24 02:42:47.828, 4, 178.87 W, 25, 120 MHz, 3996 MHz, 0 %, 0 %
2026/03/24 02:42:47.828, 5, 180.58 W, 27, 120 MHz, 3996 MHz, 0 %, 0 %
2026/03/24 02:42:47.828, 6, 178.34 W, 26, 120 MHz, 3996 MHz, 0 %, 0 %
2026/03/24 02:42:47.828, 7, 176.60 W, 27, 120 MHz, 3996 MHz, 0 %, 0 %
2026/03/24 02:42:48.828, 0, 648.82 W, 39, 2032 MHz, 3996 MHz, 100 %, 27 %
2026/03/24 02:42:48.828, 1, 648.75 W, 43, 2032 MHz, 3996 MHz, 99 %, 26 %
2026/03/24 02:42:48.828, 2, 653.53 W, 40, 2032 MHz, 3996 MHz, 99 %, 25 %
2026/03/24 02:42:48.828, 3, 653.79 W, 44, 2032 MHz, 3996 MHz, 51 %, 26 %
2026/03/24 02:42:48.828, 4, 179.17 W, 25, 120 MHz, 3996 MHz, 0 %, 0 %
2026/03/24 02:42:48.828, 5, 180.58 W, 27, 120 MHz, 3996 MHz, 0 %, 0 %
2026/03/24 02:42:48.828, 6, 178.11 W, 26, 120 MHz, 3996 MHz, 0 %, 0 %
2026/03/24 02:42:48.828, 7, 176.61 W, 27, 120 MHz, 3996 MHz, 0 %, 0 %
2026/03/24 02:42:49.828, 0, 628.05 W, 38, 2032 MHz, 3996 MHz, 74 %, 39 %
2026/03/24 02:42:49.828, 1, 635.07 W, 43, 2032 MHz, 3996 MHz, 88 %, 34 %
2026/03/24 02:42:49.828, 2, 637.77 W, 38, 2032 MHz, 3996 MHz, 100 %, 24 %
2026/03/24 02:42:49.828, 3, 628.41 W, 42, 2032 MHz, 3996 MHz, 56 %, 36 %
2026/03/24 02:42:49.828, 4, 179.09 W, 25, 120 MHz, 3996 MHz, 0 %, 0 %
2026/03/24 02:42:49.828, 5, 180.58 W, 27, 120 MHz, 3996 MHz, 0 %, 0 %
2026/03/24 02:42:49.828, 6, 178.41 W, 26, 120 MHz, 3996 MHz, 0 %, 0 %
2026/03/24 02:42:49.828, 7, 176.60 W, 27, 120 MHz, 3996 MHz, 0 %, 0 %
2026/03/24 02:42:50.828, 0, 573.33 W, 39, 2032 MHz, 3996 MHz, 94 %, 42 %
2026/03/24 02:42:50.828, 1, 584.70 W, 44, 2032 MHz, 3996 MHz, 96 %, 44 %
2026/03/24 02:42:50.828, 2, 588.99 W, 40, 2032 MHz, 3996 MHz, 99 %, 24 %
2026/03/24 02:42:50.828, 3, 582.21 W, 44, 2032 MHz, 3996 MHz, 72 %, 43 %
2026/03/24 02:42:50.828, 4, 178.96 W, 25, 120 MHz, 3996 MHz, 0 %, 0 %
2026/03/24 02:42:50.828, 5, 180.58 W, 27, 120 MHz, 3996 MHz, 0 %, 0 %
2026/03/24 02:42:50.828, 6, 178.34 W, 26, 120 MHz, 3996 MHz, 0 %, 0 %
2026/03/24 02:42:50.828, 7, 176.59 W, 27, 120 MHz, 3996 MHz, 0 %, 0 %
2026/03/24 02:42:51.828, 0, 656.19 W, 39, 2032 MHz, 3996 MHz, 77 %, 44 %
2026/03/24 02:42:51.828, 1, 665.00 W, 44, 2032 MHz, 3996 MHz, 96 %, 37 %
2026/03/24 02:42:51.828, 2, 670.34 W, 40, 2032 MHz, 3996 MHz, 100 %, 31 %
2026/03/24 02:42:51.828, 3, 666.57 W, 44, 2032 MHz, 3996 MHz, 69 %, 40 %
2026/03/24 02:42:51.828, 4, 179.07 W, 25, 120 MHz, 3996 MHz, 0 %, 0 %
2026/03/24 02:42:51.828, 5, 180.58 W, 27, 120 MHz, 3996 MHz, 0 %, 0 %
2026/03/24 02:42:51.828, 6, 178.18 W, 26, 120 MHz, 3996 MHz, 0 %, 0 %
2026/03/24 02:42:51.828, 7, 176.58 W, 27, 120 MHz, 3996 MHz, 0 %, 0 %
2026/03/24 02:42:52.828, 0, 692.02 W, 40, 2032 MHz, 3996 MHz, 79 %, 46 %
2026/03/24 02:42:52.828, 1, 704.29 W, 44, 2032 MHz, 3996 MHz, 94 %, 33 %
2026/03/24 02:42:52.828, 2, 710.13 W, 40, 2032 MHz, 3996 MHz, 100 %, 70 %
2026/03/24 02:42:52.828, 3, 708.06 W, 44, 2032 MHz, 3996 MHz, 56 %, 33 %
2026/03/24 02:42:52.828, 4, 178.85 W, 25, 120 MHz, 3996 MHz, 0 %, 0 %
2026/03/24 02:42:52.828, 5, 180.58 W, 27, 120 MHz, 3996 MHz, 0 %, 0 %
2026/03/24 02:42:52.828, 6, 178.21 W, 26, 120 MHz, 3996 MHz, 0 %, 0 %
2026/03/24 02:42:52.828, 7, 176.59 W, 27, 120 MHz, 3996 MHz, 0 %, 0 %
2026/03/24 02:42:53.828, 0, 608.90 W, 39, 2032 MHz, 3996 MHz, 98 %, 26 %
2026/03/24 02:42:53.828, 1, 618.30 W, 44, 2032 MHz, 3996 MHz, 99 %, 25 %
2026/03/24 02:42:53.828, 2, 622.97 W, 39, 2032 MHz, 3996 MHz, 96 %, 43 %
2026/03/24 02:42:53.829, 3, 614.17 W, 44, 2032 MHz, 3996 MHz, 48 %, 25 %
2026/03/24 02:42:53.829, 4, 178.98 W, 25, 120 MHz, 3996 MHz, 0 %, 0 %
2026/03/24 02:42:53.829, 5, 180.58 W, 27, 120 MHz, 3996 MHz, 0 %, 0 %
2026/03/24 02:42:53.829, 6, 178.18 W, 26, 120 MHz, 3996 MHz, 0 %, 0 %
2026/03/24 02:42:53.829, 7, 176.59 W, 27, 120 MHz, 3996 MHz, 0 %, 0 %
2026/03/24 02:42:54.829, 0, 622.81 W, 39, 2032 MHz, 3996 MHz, 93 %, 46 %
2026/03/24 02:42:54.829, 1, 631.45 W, 45, 2032 MHz, 3996 MHz, 95 %, 43 %
2026/03/24 02:42:54.829, 2, 633.97 W, 40, 2032 MHz, 3996 MHz, 100 %, 30 %
2026/03/24 02:42:54.829, 3, 630.44 W, 44, 2032 MHz, 3996 MHz, 72 %, 43 %
2026/03/24 02:42:54.829, 4, 179.11 W, 25, 120 MHz, 3996 MHz, 0 %, 0 %
2026/03/24 02:42:54.829, 5, 180.58 W, 27, 120 MHz, 3996 MHz, 0 %, 0 %
2026/03/24 02:42:54.829, 6, 178.37 W, 26, 120 MHz, 3996 MHz, 0 %, 0 %
2026/03/24 02:42:54.829, 7, 176.60 W, 27, 120 MHz, 3996 MHz, 0 %, 0 %
2026/03/24 02:42:55.829, 0, 565.18 W, 39, 2032 MHz, 3996 MHz, 100 %, 26 %
2026/03/24 02:42:55.829, 1, 566.71 W, 43, 2032 MHz, 3996 MHz, 99 %, 24 %
2026/03/24 02:42:55.829, 2, 568.88 W, 39, 2032 MHz, 3996 MHz, 99 %, 25 %
2026/03/24 02:42:55.829, 3, 569.08 W, 43, 2032 MHz, 3996 MHz, 49 %, 25 %
2026/03/24 02:42:55.829, 4, 179.07 W, 25, 120 MHz, 3996 MHz, 0 %, 0 %
2026/03/24 02:42:55.829, 5, 180.58 W, 27, 120 MHz, 3996 MHz, 0 %, 0 %
2026/03/24 02:42:55.829, 6, 178.18 W, 26, 120 MHz, 3996 MHz, 0 %, 0 %
2026/03/24 02:42:55.829, 7, 176.60 W, 27, 120 MHz, 3996 MHz, 0 %, 0 %
2026/03/24 02:42:56.829, 0, 685.92 W, 41, 2032 MHz, 3996 MHz, 100 %, 37 %
2026/03/24 02:42:56.829, 1, 694.48 W, 43, 2032 MHz, 3996 MHz, 100 %, 50 %
2026/03/24 02:42:56.829, 2, 704.33 W, 42, 2032 MHz, 3996 MHz, 94 %, 29 %
2026/03/24 02:42:56.829, 3, 702.21 W, 46, 2032 MHz, 3996 MHz, 72 %, 47 %
2026/03/24 02:42:56.829, 4, 178.87 W, 25, 120 MHz, 3996 MHz, 0 %, 0 %
2026/03/24 02:42:56.829, 5, 180.59 W, 27, 120 MHz, 3996 MHz, 0 %, 0 %
2026/03/24 02:42:56.829, 6, 178.25 W, 26, 120 MHz, 3996 MHz, 0 %, 0 %
2026/03/24 02:42:56.829, 7, 176.59 W, 27, 120 MHz, 3996 MHz, 0 %, 0 %
2026/03/24 02:42:57.829, 0, 610.07 W, 38, 2032 MHz, 3996 MHz, 99 %, 23 %
2026/03/24 02:42:57.829, 1, 619.72 W, 42, 2032 MHz, 3996 MHz, 99 %, 22 %
2026/03/24 02:42:57.829, 2, 623.81 W, 39, 2032 MHz, 3996 MHz, 99 %, 22 %
2026/03/24 02:42:57.829, 3, 609.64 W, 43, 2032 MHz, 3996 MHz, 41 %, 22 %
2026/03/24 02:42:57.829, 4, 179.11 W, 25, 120 MHz, 3996 MHz, 0 %, 0 %
2026/03/24 02:42:57.829, 5, 180.58 W, 27, 120 MHz, 3996 MHz, 0 %, 0 %
2026/03/24 02:42:57.829, 6, 178.37 W, 26, 120 MHz, 3996 MHz, 0 %, 0 %
2026/03/24 02:42:57.829, 7, 176.61 W, 27, 120 MHz, 3996 MHz, 0 %, 0 %
2026/03/24 02:42:58.829, 0, 710.91 W, 41, 2032 MHz, 3996 MHz, 100 %, 41 %
2026/03/24 02:42:58.829, 1, 715.48 W, 45, 2032 MHz, 3996 MHz, 96 %, 45 %
2026/03/24 02:42:58.829, 2, 721.45 W, 41, 2032 MHz, 3996 MHz, 96 %, 35 %
2026/03/24 02:42:58.829, 3, 722.07 W, 45, 2032 MHz, 3996 MHz, 75 %, 45 %
2026/03/24 02:42:58.829, 4, 179.09 W, 25, 120 MHz, 3996 MHz, 0 %, 0 %
2026/03/24 02:42:58.829, 5, 180.59 W, 27, 120 MHz, 3996 MHz, 0 %, 0 %
2026/03/24 02:42:58.829, 6, 178.22 W, 26, 120 MHz, 3996 MHz, 0 %, 0 %
2026/03/24 02:42:58.829, 7, 176.62 W, 27, 120 MHz, 3996 MHz, 0 %, 0 %
2026/03/24 02:42:59.829, 0, 644.00 W, 40, 2032 MHz, 3996 MHz, 82 %, 44 %
2026/03/24 02:42:59.829, 1, 657.47 W, 44, 2032 MHz, 3996 MHz, 95 %, 28 %
2026/03/24 02:42:59.830, 2, 661.53 W, 40, 2032 MHz, 3996 MHz, 100 %, 50 %
2026/03/24 02:42:59.830, 3, 658.51 W, 44, 2032 MHz, 3996 MHz, 63 %, 32 %
2026/03/24 02:42:59.830, 4, 179.22 W, 25, 120 MHz, 3996 MHz, 0 %, 0 %
2026/03/24 02:42:59.830, 5, 180.59 W, 27, 120 MHz, 3996 MHz, 0 %, 0 %
2026/03/24 02:42:59.830, 6, 178.26 W, 26, 120 MHz, 3996 MHz, 0 %, 0 %
2026/03/24 02:42:59.830, 7, 176.62 W, 27, 120 MHz, 3996 MHz, 0 %, 0 %
2026/03/24 02:43:00.830, 0, 601.59 W, 40, 2032 MHz, 3996 MHz, 99 %, 23 %
2026/03/24 02:43:00.830, 1, 609.08 W, 43, 2032 MHz, 3996 MHz, 100 %, 34 %
2026/03/24 02:43:00.830, 2, 612.56 W, 41, 2032 MHz, 3996 MHz, 97 %, 40 %
2026/03/24 02:43:00.830, 3, 605.20 W, 45, 2032 MHz, 3996 MHz, 52 %, 31 %
2026/03/24 02:43:00.830, 4, 178.74 W, 25, 120 MHz, 3996 MHz, 0 %, 0 %
2026/03/24 02:43:00.830, 5, 180.59 W, 27, 120 MHz, 3996 MHz, 0 %, 0 %
2026/03/24 02:43:00.830, 6, 177.88 W, 26, 120 MHz, 3996 MHz, 0 %, 0 %
2026/03/24 02:43:00.830, 7, 176.62 W, 27, 120 MHz, 3996 MHz, 0 %, 0 %
2026/03/24 02:43:01.830, 0, 640.27 W, 39, 2032 MHz, 3996 MHz, 89 %, 58 %
2026/03/24 02:43:01.830, 1, 652.26 W, 45, 2032 MHz, 3996 MHz, 94 %, 42 %
2026/03/24 02:43:01.830, 2, 655.78 W, 40, 2032 MHz, 3996 MHz, 100 %, 33 %
2026/03/24 02:43:01.830, 3, 642.62 W, 44, 2032 MHz, 3996 MHz, 71 %, 45 %
2026/03/24 02:43:01.830, 4, 178.90 W, 25, 120 MHz, 3996 MHz, 0 %, 0 %
2026/03/24 02:43:01.830, 5, 180.58 W, 27, 120 MHz, 3996 MHz, 0 %, 0 %
2026/03/24 02:43:01.830, 6, 178.38 W, 26, 120 MHz, 3996 MHz, 0 %, 0 %
2026/03/24 02:43:01.830, 7, 176.61 W, 27, 120 MHz, 3996 MHz, 0 %, 0 %
2026/03/24 02:43:02.830, 0, 577.67 W, 39, 2032 MHz, 3996 MHz, 100 %, 23 %
2026/03/24 02:43:02.830, 1, 588.99 W, 42, 2032 MHz, 3996 MHz, 100 %, 25 %
2026/03/24 02:43:02.830, 2, 584.78 W, 40, 2032 MHz, 3996 MHz, 99 %, 22 %
2026/03/24 02:43:02.830, 3, 586.30 W, 44, 2032 MHz, 3996 MHz, 42 %, 23 %
2026/03/24 02:43:02.830, 4, 179.05 W, 25, 120 MHz, 3996 MHz, 0 %, 0 %
2026/03/24 02:43:02.830, 5, 180.59 W, 27, 120 MHz, 3996 MHz, 0 %, 0 %
2026/03/24 02:43:02.830, 6, 178.17 W, 26, 120 MHz, 3996 MHz, 0 %, 0 %
2026/03/24 02:43:02.830, 7, 176.61 W, 27, 120 MHz, 3996 MHz, 0 %, 0 %
2026/03/24 02:43:03.830, 0, 631.87 W, 41, 2032 MHz, 3996 MHz, 100 %, 65 %
2026/03/24 02:43:03.830, 1, 649.08 W, 44, 2032 MHz, 3996 MHz, 100 %, 70 %
2026/03/24 02:43:03.830, 2, 649.09 W, 42, 2032 MHz, 3996 MHz, 100 %, 25 %
2026/03/24 02:43:03.830, 3, 646.44 W, 46, 2032 MHz, 3996 MHz, 100 %, 70 %
2026/03/24 02:43:03.830, 4, 179.04 W, 25, 120 MHz, 3996 MHz, 0 %, 0 %
2026/03/24 02:43:03.830, 5, 180.58 W, 27, 120 MHz, 3996 MHz, 0 %, 0 %
2026/03/24 02:43:03.830, 6, 178.06 W, 26, 120 MHz, 3996 MHz, 0 %, 0 %
2026/03/24 02:43:03.830, 7, 176.60 W, 27, 120 MHz, 3996 MHz, 0 %, 0 %
2026/03/24 02:43:04.830, 0, 641.57 W, 40, 2032 MHz, 3996 MHz, 99 %, 28 %
2026/03/24 02:43:04.830, 1, 650.05 W, 43, 2032 MHz, 3996 MHz, 99 %, 26 %
2026/03/24 02:43:04.830, 2, 659.44 W, 40, 2032 MHz, 3996 MHz, 95 %, 31 %
2026/03/24 02:43:04.830, 3, 638.59 W, 44, 2032 MHz, 3996 MHz, 53 %, 26 %
2026/03/24 02:43:04.830, 4, 178.96 W, 25, 120 MHz, 3996 MHz, 0 %, 0 %
2026/03/24 02:43:04.830, 5, 180.58 W, 27, 120 MHz, 3996 MHz, 0 %, 0 %
2026/03/24 02:43:04.830, 6, 178.22 W, 26, 120 MHz, 3996 MHz, 0 %, 0 %
2026/03/24 02:43:04.830, 7, 176.60 W, 27, 120 MHz, 3996 MHz, 0 %, 0 %
2026/03/24 02:43:05.830, 0, 567.86 W, 38, 2032 MHz, 3996 MHz, 99 %, 23 %
2026/03/24 02:43:05.830, 1, 566.76 W, 42, 2032 MHz, 3996 MHz, 99 %, 23 %
2026/03/24 02:43:05.830, 2, 572.03 W, 38, 2032 MHz, 3996 MHz, 99 %, 24 %
2026/03/24 02:43:05.830, 3, 566.17 W, 42, 2032 MHz, 3996 MHz, 41 %, 23 %
2026/03/24 02:43:05.830, 4, 179.13 W, 25, 120 MHz, 3996 MHz, 0 %, 0 %
2026/03/24 02:43:05.830, 5, 180.59 W, 27, 120 MHz, 3996 MHz, 0 %, 0 %
2026/03/24 02:43:05.830, 6, 178.14 W, 26, 120 MHz, 3996 MHz, 0 %, 0 %
2026/03/24 02:43:05.830, 7, 176.61 W, 27, 120 MHz, 3996 MHz, 0 %, 0 %
2026/03/24 02:43:06.831, 0, 695.51 W, 40, 2032 MHz, 3996 MHz, 100 %, 70 %
2026/03/24 02:43:06.831, 1, 709.32 W, 45, 2032 MHz, 3996 MHz, 95 %, 58 %
2026/03/24 02:43:06.831, 2, 713.93 W, 41, 2032 MHz, 3996 MHz, 100 %, 70 %
2026/03/24 02:43:06.831, 3, 707.68 W, 45, 2032 MHz, 3996 MHz, 91 %, 61 %
2026/03/24 02:43:06.831, 4, 179.04 W, 25, 120 MHz, 3996 MHz, 0 %, 0 %
2026/03/24 02:43:06.831, 5, 180.58 W, 27, 120 MHz, 3996 MHz, 0 %, 0 %
2026/03/24 02:43:06.831, 6, 178.30 W, 26, 120 MHz, 3996 MHz, 0 %, 0 %
2026/03/24 02:43:06.831, 7, 176.61 W, 27, 120 MHz, 3996 MHz, 0 %, 0 %
2026/03/24 02:43:07.831, 0, 620.13 W, 39, 2032 MHz, 3996 MHz, 86 %, 38 %
2026/03/24 02:43:07.831, 1, 632.17 W, 43, 2032 MHz, 3996 MHz, 95 %, 23 %
2026/03/24 02:43:07.831, 2, 633.65 W, 39, 2032 MHz, 3996 MHz, 100 %, 34 %
2026/03/24 02:43:07.831, 3, 627.86 W, 43, 2032 MHz, 3996 MHz, 47 %, 24 %
2026/03/24 02:43:07.831, 4, 178.73 W, 25, 120 MHz, 3996 MHz, 0 %, 0 %
2026/03/24 02:43:07.831, 5, 180.58 W, 27, 120 MHz, 3996 MHz, 0 %, 0 %
2026/03/24 02:43:07.831, 6, 178.29 W, 26, 120 MHz, 3996 MHz, 0 %, 0 %
2026/03/24 02:43:07.831, 7, 176.60 W, 27, 120 MHz, 3996 MHz, 0 %, 0 %
2026/03/24 02:43:08.831, 0, 642.38 W, 40, 2032 MHz, 3996 MHz, 100 %, 23 %
2026/03/24 02:43:08.831, 1, 649.25 W, 42, 2032 MHz, 3996 MHz, 99 %, 24 %
2026/03/24 02:43:08.831, 2, 652.99 W, 40, 2032 MHz, 3996 MHz, 99 %, 22 %
2026/03/24 02:43:08.831, 3, 652.98 W, 44, 2032 MHz, 3996 MHz, 45 %, 23 %
2026/03/24 02:43:08.831, 4, 179.15 W, 25, 120 MHz, 3996 MHz, 0 %, 0 %
2026/03/24 02:43:08.831, 5, 180.58 W, 27, 120 MHz, 3996 MHz, 0 %, 0 %
2026/03/24 02:43:08.831, 6, 178.37 W, 26, 120 MHz, 3996 MHz, 0 %, 0 %
2026/03/24 02:43:08.831, 7, 176.60 W, 27, 120 MHz, 3996 MHz, 0 %, 0 %
2026/03/24 02:43:09.831, 0, 679.26 W, 39, 2032 MHz, 3996 MHz, 54 %, 27 %
2026/03/24 02:43:09.831, 1, 689.67 W, 44, 2032 MHz, 3996 MHz, 99 %, 25 %
2026/03/24 02:43:09.831, 2, 696.01 W, 40, 2032 MHz, 3996 MHz, 95 %, 47 %
2026/03/24 02:43:09.831, 3, 688.86 W, 44, 2032 MHz, 3996 MHz, 94 %, 26 %
2026/03/24 02:43:09.831, 4, 178.92 W, 25, 120 MHz, 3996 MHz, 0 %, 0 %
2026/03/24 02:43:09.831, 5, 180.58 W, 27, 120 MHz, 3996 MHz, 0 %, 0 %
2026/03/24 02:43:09.831, 6, 178.07 W, 26, 120 MHz, 3996 MHz, 0 %, 0 %
2026/03/24 02:43:09.831, 7, 176.60 W, 27, 120 MHz, 3996 MHz, 0 %, 0 %
2026/03/24 02:43:10.831, 0, 609.61 W, 41, 2032 MHz, 3996 MHz, 100 %, 63 %
2026/03/24 02:43:10.831, 1, 618.99 W, 44, 2032 MHz, 3996 MHz, 100 %, 70 %
2026/03/24 02:43:10.831, 2, 620.45 W, 41, 2032 MHz, 3996 MHz, 100 %, 23 %
2026/03/24 02:43:10.831, 3, 625.54 W, 45, 2032 MHz, 3996 MHz, 100 %, 70 %
2026/03/24 02:43:10.831, 4, 178.88 W, 25, 120 MHz, 3996 MHz, 0 %, 0 %
2026/03/24 02:43:10.831, 5, 180.58 W, 27, 120 MHz, 3996 MHz, 0 %, 0 %
2026/03/24 02:43:10.831, 6, 178.18 W, 26, 120 MHz, 3996 MHz, 0 %, 0 %
2026/03/24 02:43:10.831, 7, 176.60 W, 27, 120 MHz, 3996 MHz, 0 %, 0 %
2026/03/24 02:43:11.831, 0, 712.03 W, 41, 2032 MHz, 3996 MHz, 100 %, 29 %
2026/03/24 02:43:11.831, 1, 733.27 W, 43, 2032 MHz, 3996 MHz, 100 %, 44 %
2026/03/24 02:43:11.831, 2, 735.73 W, 41, 2032 MHz, 3996 MHz, 99 %, 23 %
2026/03/24 02:43:11.831, 3, 727.08 W, 45, 2032 MHz, 3996 MHz, 64 %, 42 %
2026/03/24 02:43:11.831, 4, 178.87 W, 25, 120 MHz, 3996 MHz, 0 %, 0 %
2026/03/24 02:43:11.831, 5, 180.58 W, 27, 120 MHz, 3996 MHz, 0 %, 0 %
2026/03/24 02:43:11.831, 6, 178.38 W, 26, 120 MHz, 3996 MHz, 0 %, 0 %
2026/03/24 02:43:11.831, 7, 176.60 W, 27, 120 MHz, 3996 MHz, 0 %, 0 %
2026/03/24 02:43:12.831, 0, 738.61 W, 40, 2032 MHz, 3996 MHz, 82 %, 43 %
2026/03/24 02:43:12.831, 1, 747.91 W, 44, 2032 MHz, 3996 MHz, 94 %, 31 %
2026/03/24 02:43:12.831, 2, 759.85 W, 40, 2032 MHz, 3996 MHz, 99 %, 27 %
2026/03/24 02:43:12.831, 3, 743.49 W, 44, 2032 MHz, 3996 MHz, 63 %, 37 %
2026/03/24 02:43:12.831, 4, 179.06 W, 25, 120 MHz, 3996 MHz, 0 %, 0 %
2026/03/24 02:43:12.831, 5, 180.58 W, 27, 120 MHz, 3996 MHz, 0 %, 0 %
2026/03/24 02:43:12.832, 6, 178.30 W, 26, 120 MHz, 3996 MHz, 0 %, 0 %
2026/03/24 02:43:12.832, 7, 176.60 W, 27, 120 MHz, 3996 MHz, 0 %, 0 %
2026/03/24 02:43:13.832, 0, 673.26 W, 42, 2032 MHz, 3996 MHz, 100 %, 70 %
2026/03/24 02:43:13.832, 1, 689.45 W, 45, 2032 MHz, 3996 MHz, 100 %, 70 %
2026/03/24 02:43:13.832, 2, 690.31 W, 42, 2032 MHz, 3996 MHz, 100 %, 70 %
2026/03/24 02:43:13.832, 3, 696.23 W, 47, 2032 MHz, 3996 MHz, 100 %, 70 %
2026/03/24 02:43:13.832, 4, 179.04 W, 25, 120 MHz, 3996 MHz, 0 %, 0 %
2026/03/24 02:43:13.832, 5, 180.58 W, 27, 120 MHz, 3996 MHz, 0 %, 0 %
2026/03/24 02:43:13.832, 6, 178.33 W, 26, 120 MHz, 3996 MHz, 0 %, 0 %
2026/03/24 02:43:13.832, 7, 176.59 W, 27, 120 MHz, 3996 MHz, 0 %, 0 %
2026/03/24 02:43:14.832, 0, 790.80 W, 40, 2032 MHz, 3996 MHz, 98 %, 23 %
2026/03/24 02:43:14.832, 1, 800.16 W, 44, 2032 MHz, 3996 MHz, 99 %, 22 %
2026/03/24 02:43:14.832, 2, 813.88 W, 40, 2032 MHz, 3996 MHz, 95 %, 40 %
2026/03/24 02:43:14.832, 3, 797.58 W, 44, 2032 MHz, 3996 MHz, 42 %, 23 %
2026/03/24 02:43:14.832, 4, 179.18 W, 25, 120 MHz, 3996 MHz, 0 %, 0 %
2026/03/24 02:43:14.832, 5, 180.59 W, 27, 120 MHz, 3996 MHz, 0 %, 0 %
2026/03/24 02:43:14.832, 6, 178.30 W, 26, 120 MHz, 3996 MHz, 0 %, 0 %
2026/03/24 02:43:14.832, 7, 176.60 W, 27, 120 MHz, 3996 MHz, 0 %, 0 %
2026/03/24 02:43:15.832, 0, 755.57 W, 43, 2032 MHz, 3996 MHz, 100 %, 70 %
2026/03/24 02:43:15.832, 1, 785.18 W, 47, 2032 MHz, 3996 MHz, 100 %, 70 %
2026/03/24 02:43:15.832, 2, 782.10 W, 44, 2032 MHz, 3996 MHz, 100 %, 71 %
2026/03/24 02:43:15.832, 3, 781.35 W, 48, 2032 MHz, 3996 MHz, 100 %, 70 %
2026/03/24 02:43:15.832, 4, 178.85 W, 25, 120 MHz, 3996 MHz, 0 %, 0 %
2026/03/24 02:43:15.832, 5, 180.58 W, 27, 120 MHz, 3996 MHz, 0 %, 0 %
2026/03/24 02:43:15.832, 6, 178.26 W, 26, 120 MHz, 3996 MHz, 0 %, 0 %
2026/03/24 02:43:15.832, 7, 176.60 W, 27, 120 MHz, 3996 MHz, 0 %, 0 %
2026/03/24 02:43:16.832, 0, 764.76 W, 42, 2032 MHz, 3996 MHz, 100 %, 54 %
2026/03/24 02:43:16.832, 1, 779.78 W, 45, 2032 MHz, 3996 MHz, 100 %, 70 %
2026/03/24 02:43:16.832, 2, 788.06 W, 43, 2032 MHz, 3996 MHz, 100 %, 24 %
2026/03/24 02:43:16.832, 3, 784.17 W, 46, 2032 MHz, 3996 MHz, 94 %, 65 %
2026/03/24 02:43:16.832, 4, 178.84 W, 25, 120 MHz, 3996 MHz, 0 %, 0 %
2026/03/24 02:43:16.832, 5, 180.58 W, 27, 120 MHz, 3996 MHz, 0 %, 0 %
2026/03/24 02:43:16.832, 6, 178.25 W, 26, 120 MHz, 3996 MHz, 0 %, 0 %
2026/03/24 02:43:16.832, 7, 176.60 W, 27, 120 MHz, 3996 MHz, 0 %, 0 %
2026/03/24 02:43:17.832, 0, 872.16 W, 41, 2032 MHz, 3996 MHz, 81 %, 38 %
2026/03/24 02:43:17.832, 1, 893.64 W, 46, 2032 MHz, 3996 MHz, 96 %, 24 %
2026/03/24 02:43:17.832, 2, 905.73 W, 41, 2032 MHz, 3996 MHz, 100 %, 71 %
2026/03/24 02:43:17.832, 3, 888.79 W, 45, 2032 MHz, 3996 MHz, 47 %, 23 %
2026/03/24 02:43:17.832, 4, 178.97 W, 25, 120 MHz, 3996 MHz, 0 %, 0 %
2026/03/24 02:43:17.832, 5, 180.58 W, 27, 120 MHz, 3996 MHz, 0 %, 0 %
2026/03/24 02:43:17.832, 6, 178.26 W, 26, 120 MHz, 3996 MHz, 0 %, 0 %
2026/03/24 02:43:17.832, 7, 176.59 W, 27, 120 MHz, 3996 MHz, 0 %, 0 %
2026/03/24 02:43:18.832, 0, 797.94 W, 43, 2032 MHz, 3996 MHz, 100 %, 70 %
2026/03/24 02:43:18.832, 1, 820.02 W, 47, 2032 MHz, 3996 MHz, 100 %, 70 %
2026/03/24 02:43:18.832, 2, 821.66 W, 44, 2032 MHz, 3996 MHz, 100 %, 70 %
2026/03/24 02:43:18.832, 3, 824.30 W, 48, 2032 MHz, 3996 MHz, 100 %, 71 %
2026/03/24 02:43:18.832, 4, 179.08 W, 25, 120 MHz, 3996 MHz, 0 %, 0 %
2026/03/24 02:43:18.832, 5, 180.58 W, 27, 120 MHz, 3996 MHz, 0 %, 0 %
2026/03/24 02:43:18.832, 6, 178.33 W, 26, 120 MHz, 3996 MHz, 0 %, 0 %
2026/03/24 02:43:18.832, 7, 176.59 W, 27, 120 MHz, 3996 MHz, 0 %, 0 %
2026/03/24 02:43:19.832, 0, 847.24 W, 42, 2032 MHz, 3996 MHz, 100 %, 71 %
2026/03/24 02:43:19.832, 1, 866.92 W, 48, 2032 MHz, 3996 MHz, 95 %, 58 %
2026/03/24 02:43:19.832, 2, 879.55 W, 43, 2032 MHz, 3996 MHz, 100 %, 71 %
2026/03/24 02:43:19.832, 3, 867.06 W, 47, 2032 MHz, 3996 MHz, 93 %, 61 %
2026/03/24 02:43:19.832, 4, 179.13 W, 25, 120 MHz, 3996 MHz, 0 %, 0 %
2026/03/24 02:43:19.833, 5, 180.58 W, 27, 120 MHz, 3996 MHz, 0 %, 0 %
2026/03/24 02:43:19.833, 6, 178.06 W, 26, 120 MHz, 3996 MHz, 0 %, 0 %
2026/03/24 02:43:19.833, 7, 176.60 W, 27, 120 MHz, 3996 MHz, 0 %, 0 %
2026/03/24 02:43:20.833, 0, 742.64 W, 41, 2032 MHz, 3996 MHz, 86 %, 59 %
2026/03/24 02:43:20.833, 1, 764.77 W, 47, 2032 MHz, 3996 MHz, 95 %, 45 %
2026/03/24 02:43:20.833, 2, 771.65 W, 42, 2032 MHz, 3996 MHz, 100 %, 70 %
2026/03/24 02:43:20.833, 3, 763.23 W, 46, 2032 MHz, 3996 MHz, 76 %, 48 %
2026/03/24 02:43:20.833, 4, 178.82 W, 25, 120 MHz, 3996 MHz, 0 %, 0 %
2026/03/24 02:43:20.833, 5, 180.58 W, 27, 120 MHz, 3996 MHz, 0 %, 0 %
2026/03/24 02:43:20.833, 6, 178.25 W, 26, 120 MHz, 3996 MHz, 0 %, 0 %
2026/03/24 02:43:20.833, 7, 176.59 W, 27, 120 MHz, 3996 MHz, 0 %, 0 %
2026/03/24 02:43:21.833, 0, 823.12 W, 44, 2032 MHz, 3996 MHz, 100 %, 70 %
2026/03/24 02:43:21.833, 1, 846.86 W, 48, 2032 MHz, 3996 MHz, 100 %, 70 %
2026/03/24 02:43:21.833, 2, 852.51 W, 44, 2032 MHz, 3996 MHz, 100 %, 70 %
2026/03/24 02:43:21.833, 3, 861.68 W, 48, 2032 MHz, 3996 MHz, 100 %, 70 %
2026/03/24 02:43:21.833, 4, 178.88 W, 25, 120 MHz, 3996 MHz, 0 %, 0 %
2026/03/24 02:43:21.833, 5, 180.58 W, 27, 120 MHz, 3996 MHz, 0 %, 0 %
2026/03/24 02:43:21.833, 6, 178.22 W, 26, 120 MHz, 3996 MHz, 0 %, 0 %
2026/03/24 02:43:21.833, 7, 176.60 W, 27, 120 MHz, 3996 MHz, 0 %, 0 %
2026/03/24 02:43:22.833, 0, 915.58 W, 44, 2032 MHz, 3996 MHz, 100 %, 71 %
2026/03/24 02:43:22.833, 1, 945.61 W, 48, 2032 MHz, 3996 MHz, 100 %, 70 %
2026/03/24 02:43:22.833, 2, 952.69 W, 45, 2032 MHz, 3996 MHz, 100 %, 71 %
2026/03/24 02:43:22.833, 3, 947.59 W, 49, 2032 MHz, 3996 MHz, 100 %, 70 %
2026/03/24 02:43:22.833, 4, 179.04 W, 25, 120 MHz, 3996 MHz, 0 %, 0 %
2026/03/24 02:43:22.833, 5, 180.58 W, 27, 120 MHz, 3996 MHz, 0 %, 0 %
2026/03/24 02:43:22.833, 6, 178.22 W, 26, 120 MHz, 3996 MHz, 0 %, 0 %
2026/03/24 02:43:22.833, 7, 176.60 W, 27, 120 MHz, 3996 MHz, 0 %, 0 %
2026/03/24 02:43:23.833, 0, 916.76 W, 44, 2032 MHz, 3996 MHz, 100 %, 71 %
2026/03/24 02:43:23.833, 1, 944.44 W, 48, 2032 MHz, 3996 MHz, 100 %, 70 %
2026/03/24 02:43:23.833, 2, 952.30 W, 45, 2032 MHz, 3996 MHz, 100 %, 70 %
2026/03/24 02:43:23.833, 3, 947.12 W, 49, 2032 MHz, 3996 MHz, 100 %, 70 %
2026/03/24 02:43:23.833, 4, 178.85 W, 25, 120 MHz, 3996 MHz, 0 %, 0 %
2026/03/24 02:43:23.833, 5, 180.58 W, 27, 120 MHz, 3996 MHz, 0 %, 0 %
2026/03/24 02:43:23.833, 6, 178.29 W, 26, 120 MHz, 3996 MHz, 0 %, 0 %
2026/03/24 02:43:23.833, 7, 176.60 W, 27, 120 MHz, 3996 MHz, 0 %, 0 %
2026/03/24 02:43:24.833, 0, 916.65 W, 44, 2032 MHz, 3996 MHz, 100 %, 70 %
2026/03/24 02:43:24.833, 1, 944.34 W, 49, 2032 MHz, 3996 MHz, 100 %, 70 %
2026/03/24 02:43:24.833, 2, 953.34 W, 45, 2032 MHz, 3996 MHz, 100 %, 70 %
2026/03/24 02:43:24.833, 3, 947.25 W, 49, 2032 MHz, 3996 MHz, 100 %, 71 %
2026/03/24 02:43:24.833, 4, 178.84 W, 25, 120 MHz, 3996 MHz, 0 %, 0 %
2026/03/24 02:43:24.833, 5, 180.58 W, 27, 120 MHz, 3996 MHz, 0 %, 0 %
2026/03/24 02:43:24.833, 6, 178.38 W, 26, 120 MHz, 3996 MHz, 0 %, 0 %
2026/03/24 02:43:24.833, 7, 176.59 W, 27, 120 MHz, 3996 MHz, 0 %, 0 %
2026/03/24 02:43:25.833, 0, 915.48 W, 44, 2032 MHz, 3996 MHz, 100 %, 70 %
2026/03/24 02:43:25.833, 1, 944.09 W, 49, 2032 MHz, 3996 MHz, 100 %, 71 %
2026/03/24 02:43:25.833, 2, 953.10 W, 45, 2032 MHz, 3996 MHz, 100 %, 70 %
2026/03/24 02:43:25.833, 3, 947.72 W, 49, 2032 MHz, 3996 MHz, 100 %, 71 %
2026/03/24 02:43:25.833, 4, 179.08 W, 25, 120 MHz, 3996 MHz, 0 %, 0 %
2026/03/24 02:43:25.833, 5, 180.58 W, 27, 120 MHz, 3996 MHz, 0 %, 0 %
2026/03/24 02:43:25.833, 6, 178.41 W, 26, 120 MHz, 3996 MHz, 0 %, 0 %
2026/03/24 02:43:25.833, 7, 176.59 W, 27, 120 MHz, 3996 MHz, 0 %, 0 %
2026/03/24 02:43:26.833, 0, 921.69 W, 45, 2032 MHz, 3996 MHz, 100 %, 69 %
2026/03/24 02:43:26.833, 1, 939.93 W, 49, 2032 MHz, 3996 MHz, 100 %, 69 %
2026/03/24 02:43:26.833, 2, 947.75 W, 45, 2032 MHz, 3996 MHz, 100 %, 69 %
2026/03/24 02:43:26.834, 3, 941.20 W, 49, 2032 MHz, 3996 MHz, 100 %, 69 %
2026/03/24 02:43:26.834, 4, 178.97 W, 25, 120 MHz, 3996 MHz, 0 %, 0 %
2026/03/24 02:43:26.834, 5, 180.58 W, 27, 120 MHz, 3996 MHz, 0 %, 0 %
2026/03/24 02:43:26.834, 6, 178.34 W, 26, 120 MHz, 3996 MHz, 0 %, 0 %
2026/03/24 02:43:26.834, 7, 176.59 W, 27, 120 MHz, 3996 MHz, 0 %, 0 %
2026/03/24 02:43:27.834, 0, 922.13 W, 45, 2032 MHz, 3996 MHz, 100 %, 69 %
2026/03/24 02:43:27.834, 1, 930.82 W, 49, 2032 MHz, 3996 MHz, 100 %, 69 %
2026/03/24 02:43:27.834, 2, 936.63 W, 45, 2032 MHz, 3996 MHz, 100 %, 69 %
2026/03/24 02:43:27.834, 3, 933.50 W, 49, 2032 MHz, 3996 MHz, 100 %, 70 %
2026/03/24 02:43:27.834, 4, 179.13 W, 25, 120 MHz, 3996 MHz, 0 %, 0 %
2026/03/24 02:43:27.834, 5, 180.58 W, 27, 120 MHz, 3996 MHz, 0 %, 0 %
2026/03/24 02:43:27.834, 6, 178.02 W, 26, 120 MHz, 3996 MHz, 0 %, 0 %
2026/03/24 02:43:27.834, 7, 176.59 W, 27, 120 MHz, 3996 MHz, 0 %, 0 %
2026/03/24 02:43:28.834, 0, 920.63 W, 45, 2032 MHz, 3996 MHz, 100 %, 70 %
2026/03/24 02:43:28.834, 1, 929.28 W, 49, 2032 MHz, 3996 MHz, 100 %, 69 %
2026/03/24 02:43:28.834, 2, 937.26 W, 46, 2032 MHz, 3996 MHz, 100 %, 70 %
2026/03/24 02:43:28.834, 3, 930.79 W, 50, 2032 MHz, 3996 MHz, 100 %, 69 %
2026/03/24 02:43:28.834, 4, 178.96 W, 25, 120 MHz, 3996 MHz, 0 %, 0 %
2026/03/24 02:43:28.834, 5, 180.58 W, 27, 120 MHz, 3996 MHz, 0 %, 0 %
2026/03/24 02:43:28.834, 6, 178.45 W, 26, 120 MHz, 3996 MHz, 0 %, 0 %
2026/03/24 02:43:28.834, 7, 176.61 W, 27, 120 MHz, 3996 MHz, 0 %, 0 %
2026/03/24 02:43:29.834, 0, 922.07 W, 45, 2032 MHz, 3996 MHz, 100 %, 69 %
2026/03/24 02:43:29.834, 1, 930.91 W, 49, 2032 MHz, 3996 MHz, 100 %, 69 %
2026/03/24 02:43:29.834, 2, 936.81 W, 46, 2032 MHz, 3996 MHz, 100 %, 69 %
2026/03/24 02:43:29.834, 3, 931.76 W, 50, 2032 MHz, 3996 MHz, 100 %, 69 %
2026/03/24 02:43:29.834, 4, 178.91 W, 25, 120 MHz, 3996 MHz, 0 %, 0 %
2026/03/24 02:43:29.834, 5, 180.58 W, 27, 120 MHz, 3996 MHz, 0 %, 0 %
2026/03/24 02:43:29.834, 6, 178.30 W, 26, 120 MHz, 3996 MHz, 0 %, 0 %
2026/03/24 02:43:29.834, 7, 176.60 W, 27, 120 MHz, 3996 MHz, 0 %, 0 %
2026/03/24 02:43:30.834, 0, 918.49 W, 45, 2032 MHz, 3996 MHz, 100 %, 69 %
2026/03/24 02:43:30.834, 1, 929.06 W, 49, 2032 MHz, 3996 MHz, 100 %, 69 %
2026/03/24 02:43:30.834, 2, 933.46 W, 46, 2032 MHz, 3996 MHz, 100 %, 69 %
2026/03/24 02:43:30.834, 3, 930.33 W, 50, 2032 MHz, 3996 MHz, 100 %, 69 %
2026/03/24 02:43:30.834, 4, 178.97 W, 25, 120 MHz, 3996 MHz, 0 %, 0 %
2026/03/24 02:43:30.834, 5, 180.58 W, 27, 120 MHz, 3996 MHz, 0 %, 0 %
2026/03/24 02:43:30.834, 6, 178.22 W, 26, 120 MHz, 3996 MHz, 0 %, 0 %
2026/03/24 02:43:30.834, 7, 176.60 W, 27, 120 MHz, 3996 MHz, 0 %, 0 %
2026/03/24 02:43:31.834, 0, 919.43 W, 45, 2032 MHz, 3996 MHz, 100 %, 69 %
2026/03/24 02:43:31.834, 1, 929.93 W, 49, 2032 MHz, 3996 MHz, 100 %, 69 %
2026/03/24 02:43:31.834, 2, 934.04 W, 46, 2032 MHz, 3996 MHz, 100 %, 69 %
2026/03/24 02:43:31.834, 3, 931.38 W, 50, 2032 MHz, 3996 MHz, 100 %, 69 %
2026/03/24 02:43:31.834, 4, 178.98 W, 25, 120 MHz, 3996 MHz, 0 %, 0 %
2026/03/24 02:43:31.834, 5, 180.58 W, 27, 120 MHz, 3996 MHz, 0 %, 0 %
2026/03/24 02:43:31.834, 6, 178.33 W, 26, 120 MHz, 3996 MHz, 0 %, 0 %
2026/03/24 02:43:31.834, 7, 176.63 W, 27, 120 MHz, 3996 MHz, 0 %, 0 %
2026/03/24 02:43:32.835, 0, 918.25 W, 45, 2032 MHz, 3996 MHz, 100 %, 69 %
2026/03/24 02:43:32.835, 1, 929.49 W, 49, 2032 MHz, 3996 MHz, 100 %, 69 %
2026/03/24 02:43:32.835, 2, 932.20 W, 46, 2032 MHz, 3996 MHz, 100 %, 69 %
2026/03/24 02:43:32.835, 3, 930.02 W, 50, 2032 MHz, 3996 MHz, 100 %, 69 %
2026/03/24 02:43:32.835, 4, 179.19 W, 25, 120 MHz, 3996 MHz, 0 %, 0 %
2026/03/24 02:43:32.835, 5, 180.58 W, 27, 120 MHz, 3996 MHz, 0 %, 0 %
2026/03/24 02:43:32.835, 6, 178.03 W, 26, 120 MHz, 3996 MHz, 0 %, 0 %
2026/03/24 02:43:32.835, 7, 176.62 W, 27, 120 MHz, 3996 MHz, 0 %, 0 %
2026/03/24 02:43:33.835, 0, 916.63 W, 45, 2032 MHz, 3996 MHz, 100 %, 69 %
2026/03/24 02:43:33.835, 1, 925.61 W, 49, 2032 MHz, 3996 MHz, 100 %, 69 %
2026/03/24 02:43:33.835, 2, 928.29 W, 46, 2032 MHz, 3996 MHz, 100 %, 69 %
2026/03/24 02:43:33.835, 3, 926.95 W, 50, 2032 MHz, 3996 MHz, 100 %, 70 %
2026/03/24 02:43:33.835, 4, 179.08 W, 25, 120 MHz, 3996 MHz, 0 %, 0 %
2026/03/24 02:43:33.835, 5, 180.59 W, 27, 120 MHz, 3996 MHz, 0 %, 0 %
2026/03/24 02:43:33.835, 6, 178.10 W, 26, 120 MHz, 3996 MHz, 0 %, 0 %
2026/03/24 02:43:33.835, 7, 176.61 W, 27, 120 MHz, 3996 MHz, 0 %, 0 %
2026/03/24 02:43:34.835, 0, 909.62 W, 45, 2032 MHz, 3996 MHz, 100 %, 70 %
2026/03/24 02:43:34.835, 1, 922.38 W, 49, 2032 MHz, 3996 MHz, 100 %, 70 %
2026/03/24 02:43:34.835, 2, 925.20 W, 46, 2032 MHz, 3996 MHz, 100 %, 70 %
2026/03/24 02:43:34.835, 3, 920.88 W, 50, 2032 MHz, 3996 MHz, 100 %, 69 %
2026/03/24 02:43:34.835, 4, 179.16 W, 25, 120 MHz, 3996 MHz, 0 %, 0 %
2026/03/24 02:43:34.835, 5, 180.58 W, 27, 120 MHz, 3996 MHz, 0 %, 0 %
2026/03/24 02:43:34.835, 6, 177.98 W, 26, 120 MHz, 3996 MHz, 0 %, 0 %
2026/03/24 02:43:34.835, 7, 176.59 W, 27, 120 MHz, 3996 MHz, 0 %, 0 %
2026/03/24 02:43:35.835, 0, 909.63 W, 45, 2032 MHz, 3996 MHz, 100 %, 70 %
2026/03/24 02:43:35.835, 1, 917.53 W, 49, 2032 MHz, 3996 MHz, 100 %, 69 %
2026/03/24 02:43:35.835, 2, 921.16 W, 46, 2032 MHz, 3996 MHz, 100 %, 69 %
2026/03/24 02:43:35.835, 3, 918.47 W, 50, 2032 MHz, 3996 MHz, 100 %, 69 %
2026/03/24 02:43:35.835, 4, 179.01 W, 25, 120 MHz, 3996 MHz, 0 %, 0 %
2026/03/24 02:43:35.835, 5, 180.58 W, 27, 120 MHz, 3996 MHz, 0 %, 0 %
2026/03/24 02:43:35.835, 6, 178.34 W, 26, 120 MHz, 3996 MHz, 0 %, 0 %
2026/03/24 02:43:35.835, 7, 176.59 W, 27, 120 MHz, 3996 MHz, 0 %, 0 %
2026/03/24 02:43:36.835, 0, 901.82 W, 45, 2032 MHz, 3996 MHz, 100 %, 69 %
2026/03/24 02:43:36.835, 1, 916.05 W, 49, 2032 MHz, 3996 MHz, 100 %, 69 %
2026/03/24 02:43:36.835, 2, 915.29 W, 46, 2032 MHz, 3996 MHz, 100 %, 69 %
2026/03/24 02:43:36.835, 3, 915.95 W, 50, 2032 MHz, 3996 MHz, 100 %, 69 %
2026/03/24 02:43:36.835, 4, 179.07 W, 25, 120 MHz, 3996 MHz, 0 %, 0 %
2026/03/24 02:43:36.835, 5, 180.58 W, 27, 120 MHz, 3996 MHz, 0 %, 0 %
2026/03/24 02:43:36.835, 6, 178.37 W, 26, 120 MHz, 3996 MHz, 0 %, 0 %
2026/03/24 02:43:36.835, 7, 176.58 W, 27, 120 MHz, 3996 MHz, 0 %, 0 %
2026/03/24 02:43:37.835, 0, 889.90 W, 45, 2032 MHz, 3996 MHz, 100 %, 69 %
2026/03/24 02:43:37.835, 1, 900.41 W, 49, 2032 MHz, 3996 MHz, 100 %, 69 %
2026/03/24 02:43:37.835, 2, 907.72 W, 45, 2032 MHz, 3996 MHz, 100 %, 69 %
2026/03/24 02:43:37.835, 3, 904.81 W, 50, 2032 MHz, 3996 MHz, 100 %, 68 %
2026/03/24 02:43:37.835, 4, 179.06 W, 25, 120 MHz, 3996 MHz, 0 %, 0 %
2026/03/24 02:43:37.835, 5, 180.58 W, 27, 120 MHz, 3996 MHz, 0 %, 0 %
2026/03/24 02:43:37.835, 6, 178.45 W, 26, 120 MHz, 3996 MHz, 0 %, 0 %
2026/03/24 02:43:37.835, 7, 176.59 W, 27, 120 MHz, 3996 MHz, 0 %, 0 %
2026/03/24 02:43:38.835, 0, 867.28 W, 45, 2032 MHz, 3996 MHz, 100 %, 67 %
2026/03/24 02:43:38.835, 1, 877.92 W, 49, 2032 MHz, 3996 MHz, 100 %, 67 %
2026/03/24 02:43:38.835, 2, 884.00 W, 45, 2032 MHz, 3996 MHz, 100 %, 67 %
2026/03/24 02:43:38.836, 3, 880.12 W, 49, 2032 MHz, 3996 MHz, 100 %, 67 %
2026/03/24 02:43:38.836, 4, 178.96 W, 25, 120 MHz, 3996 MHz, 0 %, 0 %
2026/03/24 02:43:38.836, 5, 180.58 W, 27, 120 MHz, 3996 MHz, 0 %, 0 %
2026/03/24 02:43:38.836, 6, 178.30 W, 26, 120 MHz, 3996 MHz, 0 %, 0 %
2026/03/24 02:43:38.836, 7, 176.58 W, 27, 120 MHz, 3996 MHz, 0 %, 0 %
2026/03/24 02:43:39.836, 0, 882.88 W, 45, 2032 MHz, 3996 MHz, 100 %, 75 %
2026/03/24 02:43:39.836, 1, 892.78 W, 49, 2032 MHz, 3996 MHz, 100 %, 74 %
2026/03/24 02:43:39.836, 2, 897.67 W, 46, 2032 MHz, 3996 MHz, 100 %, 75 %
2026/03/24 02:43:39.836, 3, 897.41 W, 50, 2032 MHz, 3996 MHz, 100 %, 74 %
2026/03/24 02:43:39.836, 4, 178.97 W, 25, 120 MHz, 3996 MHz, 0 %, 0 %
2026/03/24 02:43:39.836, 5, 180.58 W, 27, 120 MHz, 3996 MHz, 0 %, 0 %
2026/03/24 02:43:39.836, 6, 178.14 W, 26, 120 MHz, 3996 MHz, 0 %, 0 %
2026/03/24 02:43:39.836, 7, 176.59 W, 27, 120 MHz, 3996 MHz, 0 %, 0 %
2026/03/24 02:43:40.836, 0, 930.62 W, 46, 2032 MHz, 3996 MHz, 100 %, 76 %
2026/03/24 02:43:40.836, 1, 941.31 W, 50, 2032 MHz, 3996 MHz, 100 %, 77 %
2026/03/24 02:43:40.836, 2, 943.30 W, 46, 2032 MHz, 3996 MHz, 100 %, 74 %
2026/03/24 02:43:40.836, 3, 942.47 W, 51, 2032 MHz, 3996 MHz, 100 %, 76 %
2026/03/24 02:43:40.836, 4, 178.89 W, 25, 120 MHz, 3996 MHz, 0 %, 0 %
2026/03/24 02:43:40.836, 5, 180.58 W, 27, 120 MHz, 3996 MHz, 0 %, 0 %
2026/03/24 02:43:40.836, 6, 178.45 W, 26, 120 MHz, 3996 MHz, 0 %, 0 %
2026/03/24 02:43:40.836, 7, 176.59 W, 27, 120 MHz, 3996 MHz, 0 %, 0 %
2026/03/24 02:43:41.836, 0, 948.02 W, 46, 2032 MHz, 3996 MHz, 100 %, 77 %
2026/03/24 02:43:41.836, 1, 959.42 W, 50, 2032 MHz, 3996 MHz, 100 %, 77 %
2026/03/24 02:43:41.836, 2, 958.74 W, 46, 2032 MHz, 3996 MHz, 100 %, 77 %
2026/03/24 02:43:41.836, 3, 959.36 W, 51, 2032 MHz, 3996 MHz, 100 %, 77 %
2026/03/24 02:43:41.836, 4, 179.11 W, 25, 120 MHz, 3996 MHz, 0 %, 0 %
2026/03/24 02:43:41.836, 5, 180.58 W, 27, 120 MHz, 3996 MHz, 0 %, 0 %
2026/03/24 02:43:41.836, 6, 178.21 W, 26, 120 MHz, 3996 MHz, 0 %, 0 %
2026/03/24 02:43:41.836, 7, 176.58 W, 27, 120 MHz, 3996 MHz, 0 %, 0 %
2026/03/24 02:43:42.836, 0, 933.89 W, 46, 2032 MHz, 3996 MHz, 100 %, 76 %
2026/03/24 02:43:42.836, 1, 943.33 W, 50, 2032 MHz, 3996 MHz, 100 %, 76 %
2026/03/24 02:43:42.836, 2, 950.01 W, 46, 2032 MHz, 3996 MHz, 100 %, 76 %
2026/03/24 02:43:42.836, 3, 946.42 W, 51, 2032 MHz, 3996 MHz, 100 %, 76 %
2026/03/24 02:43:42.836, 4, 179.31 W, 25, 120 MHz, 3996 MHz, 0 %, 0 %
2026/03/24 02:43:42.836, 5, 180.58 W, 27, 120 MHz, 3996 MHz, 0 %, 0 %
2026/03/24 02:43:42.836, 6, 178.34 W, 26, 120 MHz, 3996 MHz, 0 %, 0 %
2026/03/24 02:43:42.836, 7, 176.59 W, 27, 120 MHz, 3996 MHz, 0 %, 0 %
2026/03/24 02:43:43.836, 0, 923.05 W, 46, 2032 MHz, 3996 MHz, 100 %, 75 %
2026/03/24 02:43:43.836, 1, 932.88 W, 50, 2032 MHz, 3996 MHz, 100 %, 74 %
2026/03/24 02:43:43.836, 2, 939.61 W, 46, 2032 MHz, 3996 MHz, 100 %, 75 %
2026/03/24 02:43:43.836, 3, 933.42 W, 50, 2032 MHz, 3996 MHz, 100 %, 74 %
2026/03/24 02:43:43.836, 4, 178.95 W, 25, 120 MHz, 3996 MHz, 0 %, 0 %
2026/03/24 02:43:43.836, 5, 180.58 W, 27, 120 MHz, 3996 MHz, 0 %, 0 %
2026/03/24 02:43:43.836, 6, 178.06 W, 26, 120 MHz, 3996 MHz, 0 %, 0 %
2026/03/24 02:43:43.836, 7, 176.58 W, 27, 120 MHz, 3996 MHz, 0 %, 0 %
2026/03/24 02:43:44.836, 0, 899.22 W, 46, 2032 MHz, 3996 MHz, 100 %, 76 %
2026/03/24 02:43:44.836, 1, 909.56 W, 50, 2032 MHz, 3996 MHz, 100 %, 76 %
2026/03/24 02:43:44.836, 2, 918.78 W, 46, 2032 MHz, 3996 MHz, 100 %, 76 %
2026/03/24 02:43:44.836, 3, 910.89 W, 50, 2032 MHz, 3996 MHz, 100 %, 77 %
2026/03/24 02:43:44.836, 4, 178.99 W, 25, 120 MHz, 3996 MHz, 0 %, 0 %
2026/03/24 02:43:44.836, 5, 180.58 W, 27, 120 MHz, 3996 MHz, 0 %, 0 %
2026/03/24 02:43:44.836, 6, 178.30 W, 26, 120 MHz, 3996 MHz, 0 %, 0 %
2026/03/24 02:43:44.836, 7, 176.59 W, 27, 120 MHz, 3996 MHz, 0 %, 0 %
2026/03/24 02:43:45.837, 0, 918.45 W, 46, 2032 MHz, 3996 MHz, 100 %, 76 %
2026/03/24 02:43:45.837, 1, 919.51 W, 50, 2032 MHz, 3996 MHz, 100 %, 76 %
2026/03/24 02:43:45.837, 2, 924.86 W, 46, 2032 MHz, 3996 MHz, 100 %, 77 %
2026/03/24 02:43:45.837, 3, 929.29 W, 51, 2032 MHz, 3996 MHz, 100 %, 76 %
2026/03/24 02:43:45.837, 4, 179.08 W, 25, 120 MHz, 3996 MHz, 0 %, 0 %
2026/03/24 02:43:45.837, 5, 180.58 W, 27, 120 MHz, 3996 MHz, 0 %, 0 %
2026/03/24 02:43:45.837, 6, 177.94 W, 26, 120 MHz, 3996 MHz, 0 %, 0 %
2026/03/24 02:43:45.837, 7, 176.60 W, 27, 120 MHz, 3996 MHz, 0 %, 0 %
2026/03/24 02:43:46.837, 0, 884.46 W, 45, 2032 MHz, 3996 MHz, 100 %, 74 %
2026/03/24 02:43:46.837, 1, 887.43 W, 49, 2032 MHz, 3996 MHz, 100 %, 73 %
2026/03/24 02:43:46.837, 2, 893.03 W, 45, 2032 MHz, 3996 MHz, 100 %, 74 %
2026/03/24 02:43:46.837, 3, 889.00 W, 50, 2032 MHz, 3996 MHz, 100 %, 73 %
2026/03/24 02:43:46.837, 4, 179.12 W, 25, 120 MHz, 3996 MHz, 0 %, 0 %
2026/03/24 02:43:46.837, 5, 180.58 W, 27, 120 MHz, 3996 MHz, 0 %, 0 %
2026/03/24 02:43:46.837, 6, 178.07 W, 26, 120 MHz, 3996 MHz, 0 %, 0 %
2026/03/24 02:43:46.837, 7, 176.59 W, 27, 120 MHz, 3996 MHz, 0 %, 0 %
2026/03/24 02:43:47.837, 0, 838.27 W, 44, 2032 MHz, 3996 MHz, 100 %, 69 %
2026/03/24 02:43:47.837, 1, 847.14 W, 48, 2032 MHz, 3996 MHz, 100 %, 69 %
2026/03/24 02:43:47.837, 2, 852.04 W, 45, 2032 MHz, 3996 MHz, 100 %, 69 %
2026/03/24 02:43:47.837, 3, 847.74 W, 49, 2032 MHz, 3996 MHz, 100 %, 69 %
2026/03/24 02:43:47.837, 4, 179.11 W, 25, 120 MHz, 3996 MHz, 0 %, 0 %
2026/03/24 02:43:47.837, 5, 180.58 W, 27, 120 MHz, 3996 MHz, 0 %, 0 %
2026/03/24 02:43:47.837, 6, 178.41 W, 26, 120 MHz, 3996 MHz, 0 %, 0 %
2026/03/24 02:43:47.837, 7, 176.58 W, 27, 120 MHz, 3996 MHz, 0 %, 0 %
2026/03/24 02:43:48.837, 0, 782.57 W, 44, 2032 MHz, 3996 MHz, 100 %, 65 %
2026/03/24 02:43:48.837, 1, 785.43 W, 47, 2032 MHz, 3996 MHz, 100 %, 64 %
2026/03/24 02:43:48.837, 2, 797.19 W, 44, 2032 MHz, 3996 MHz, 100 %, 65 %
2026/03/24 02:43:48.837, 3, 791.26 W, 48, 2032 MHz, 3996 MHz, 100 %, 64 %
2026/03/24 02:43:48.837, 4, 178.93 W, 25, 120 MHz, 3996 MHz, 0 %, 0 %
2026/03/24 02:43:48.837, 5, 180.58 W, 27, 120 MHz, 3996 MHz, 0 %, 0 %
2026/03/24 02:43:48.837, 6, 178.41 W, 26, 120 MHz, 3996 MHz, 0 %, 0 %
2026/03/24 02:43:48.837, 7, 176.58 W, 27, 120 MHz, 3996 MHz, 0 %, 0 %
2026/03/24 02:43:49.837, 0, 704.83 W, 42, 2032 MHz, 3996 MHz, 100 %, 52 %
2026/03/24 02:43:49.837, 1, 715.79 W, 46, 2032 MHz, 3996 MHz, 100 %, 53 %
2026/03/24 02:43:49.837, 2, 721.78 W, 43, 2032 MHz, 3996 MHz, 100 %, 54 %
2026/03/24 02:43:49.837, 3, 714.21 W, 47, 2032 MHz, 3996 MHz, 100 %, 52 %
2026/03/24 02:43:49.837, 4, 178.89 W, 25, 120 MHz, 3996 MHz, 0 %, 0 %
2026/03/24 02:43:49.837, 5, 180.58 W, 27, 120 MHz, 3996 MHz, 0 %, 0 %
2026/03/24 02:43:49.837, 6, 178.45 W, 26, 120 MHz, 3996 MHz, 0 %, 0 %
2026/03/24 02:43:49.837, 7, 176.59 W, 27, 120 MHz, 3996 MHz, 0 %, 0 %
2026/03/24 02:43:50.837, 0, 565.67 W, 40, 2032 MHz, 3996 MHz, 100 %, 33 %
2026/03/24 02:43:50.837, 1, 576.85 W, 44, 2032 MHz, 3996 MHz, 100 %, 29 %
2026/03/24 02:43:50.837, 2, 585.70 W, 41, 2032 MHz, 3996 MHz, 100 %, 31 %
2026/03/24 02:43:50.837, 3, 569.96 W, 45, 2032 MHz, 3996 MHz, 100 %, 30 %
2026/03/24 02:43:50.837, 4, 179.06 W, 25, 120 MHz, 3996 MHz, 0 %, 0 %
2026/03/24 02:43:50.837, 5, 180.58 W, 27, 120 MHz, 3996 MHz, 0 %, 0 %
2026/03/24 02:43:50.837, 6, 178.49 W, 26, 120 MHz, 3996 MHz, 0 %, 0 %
2026/03/24 02:43:50.837, 7, 176.58 W, 27, 120 MHz, 3996 MHz, 0 %, 0 %
2026/03/24 02:43:51.837, 0, 260.11 W, 36, 2032 MHz, 3996 MHz, 0 %, 0 %
2026/03/24 02:43:51.837, 1, 266.49 W, 40, 2032 MHz, 3996 MHz, 0 %, 0 %
2026/03/24 02:43:51.837, 2, 268.69 W, 37, 2032 MHz, 3996 MHz, 0 %, 0 %
2026/03/24 02:43:51.837, 3, 265.08 W, 41, 2032 MHz, 3996 MHz, 0 %, 0 %
2026/03/24 02:43:51.837, 4, 178.99 W, 25, 120 MHz, 3996 MHz, 0 %, 0 %
2026/03/24 02:43:51.838, 5, 180.58 W, 27, 120 MHz, 3996 MHz, 0 %, 0 %
2026/03/24 02:43:51.838, 6, 178.22 W, 26, 120 MHz, 3996 MHz, 0 %, 0 %
2026/03/24 02:43:51.838, 7, 176.58 W, 27, 120 MHz, 3996 MHz, 0 %, 0 %
