timestamp, index, power.draw [W], temperature.gpu, clocks.current.sm [MHz], clocks.current.memory [MHz], utilization.gpu [%], utilization.memory [%]
2026/03/24 01:47:21.899, 0, 178.17 W, 26, 120 MHz, 3996 MHz, 0 %, 0 %
2026/03/24 01:47:21.908, 1, 181.04 W, 28, 120 MHz, 3996 MHz, 0 %, 0 %
2026/03/24 01:47:21.915, 2, 182.03 W, 25, 120 MHz, 3996 MHz, 0 %, 0 %
2026/03/24 01:47:21.923, 3, 182.89 W, 28, 120 MHz, 3996 MHz, 0 %, 0 %
2026/03/24 01:47:21.931, 4, 179.99 W, 25, 120 MHz, 3996 MHz, 0 %, 0 %
2026/03/24 01:47:21.939, 5, 182.37 W, 28, 120 MHz, 3996 MHz, 0 %, 0 %
2026/03/24 01:47:21.946, 6, 178.64 W, 26, 120 MHz, 3996 MHz, 0 %, 0 %
2026/03/24 01:47:21.954, 7, 176.97 W, 28, 120 MHz, 3996 MHz, 0 %, 0 %
2026/03/24 01:47:22.962, 0, 178.17 W, 26, 120 MHz, 3996 MHz, 0 %, 0 %
2026/03/24 01:47:22.962, 1, 181.05 W, 28, 120 MHz, 3996 MHz, 0 %, 0 %
2026/03/24 01:47:22.962, 2, 182.03 W, 25, 120 MHz, 3996 MHz, 0 %, 0 %
2026/03/24 01:47:22.962, 3, 182.89 W, 28, 120 MHz, 3996 MHz, 0 %, 0 %
2026/03/24 01:47:22.962, 4, 180.02 W, 25, 120 MHz, 3996 MHz, 0 %, 0 %
2026/03/24 01:47:22.962, 5, 182.49 W, 28, 120 MHz, 3996 MHz, 0 %, 0 %
2026/03/24 01:47:22.962, 6, 178.64 W, 26, 120 MHz, 3996 MHz, 0 %, 0 %
2026/03/24 01:47:22.962, 7, 177.24 W, 28, 120 MHz, 3996 MHz, 0 %, 0 %
2026/03/24 01:47:23.962, 0, 178.16 W, 26, 120 MHz, 3996 MHz, 0 %, 0 %
2026/03/24 01:47:23.962, 1, 181.05 W, 28, 120 MHz, 3996 MHz, 0 %, 0 %
2026/03/24 01:47:23.962, 2, 182.04 W, 25, 120 MHz, 3996 MHz, 0 %, 0 %
2026/03/24 01:47:23.962, 3, 182.89 W, 28, 120 MHz, 3996 MHz, 0 %, 0 %
2026/03/24 01:47:23.962, 4, 180.07 W, 25, 120 MHz, 3996 MHz, 0 %, 0 %
2026/03/24 01:47:23.962, 5, 182.41 W, 28, 120 MHz, 3996 MHz, 0 %, 0 %
2026/03/24 01:47:23.962, 6, 178.64 W, 26, 120 MHz, 3996 MHz, 0 %, 0 %
2026/03/24 01:47:23.962, 7, 177.19 W, 28, 120 MHz, 3996 MHz, 0 %, 0 %
2026/03/24 01:47:24.962, 0, 178.13 W, 26, 120 MHz, 3996 MHz, 0 %, 0 %
2026/03/24 01:47:24.962, 1, 181.06 W, 28, 120 MHz, 3996 MHz, 0 %, 0 %
2026/03/24 01:47:24.962, 2, 182.03 W, 26, 120 MHz, 3996 MHz, 0 %, 0 %
2026/03/24 01:47:24.962, 3, 182.89 W, 28, 120 MHz, 3996 MHz, 0 %, 0 %
2026/03/24 01:47:24.962, 4, 179.98 W, 25, 120 MHz, 3996 MHz, 0 %, 0 %
2026/03/24 01:47:24.962, 5, 182.49 W, 28, 120 MHz, 3996 MHz, 0 %, 0 %
2026/03/24 01:47:24.962, 6, 178.64 W, 26, 120 MHz, 3996 MHz, 0 %, 0 %
2026/03/24 01:47:24.962, 7, 176.89 W, 28, 120 MHz, 3996 MHz, 0 %, 0 %
2026/03/24 01:47:25.962, 0, 178.28 W, 26, 120 MHz, 3996 MHz, 0 %, 0 %
2026/03/24 01:47:25.962, 1, 181.05 W, 28, 120 MHz, 3996 MHz, 0 %, 0 %
2026/03/24 01:47:25.963, 2, 182.04 W, 26, 120 MHz, 3996 MHz, 0 %, 0 %
2026/03/24 01:47:25.963, 3, 182.88 W, 28, 120 MHz, 3996 MHz, 0 %, 0 %
2026/03/24 01:47:25.963, 4, 180.32 W, 25, 120 MHz, 3996 MHz, 0 %, 0 %
2026/03/24 01:47:25.963, 5, 182.26 W, 28, 120 MHz, 3996 MHz, 0 %, 0 %
2026/03/24 01:47:25.963, 6, 178.64 W, 26, 120 MHz, 3996 MHz, 0 %, 0 %
2026/03/24 01:47:25.963, 7, 177.27 W, 28, 120 MHz, 3996 MHz, 0 %, 0 %
2026/03/24 01:47:26.963, 0, 178.24 W, 26, 120 MHz, 3996 MHz, 0 %, 0 %
2026/03/24 01:47:26.963, 1, 181.06 W, 28, 120 MHz, 3996 MHz, 0 %, 0 %
2026/03/24 01:47:26.963, 2, 182.03 W, 26, 120 MHz, 3996 MHz, 0 %, 0 %
2026/03/24 01:47:26.963, 3, 182.89 W, 28, 120 MHz, 3996 MHz, 0 %, 0 %
2026/03/24 01:47:26.963, 4, 180.02 W, 25, 120 MHz, 3996 MHz, 0 %, 0 %
2026/03/24 01:47:26.963, 5, 182.45 W, 28, 120 MHz, 3996 MHz, 0 %, 0 %
2026/03/24 01:47:26.963, 6, 178.64 W, 26, 120 MHz, 3996 MHz, 0 %, 0 %
2026/03/24 01:47:26.963, 7, 177.13 W, 28, 120 MHz, 3996 MHz, 0 %, 0 %
2026/03/24 01:47:27.963, 0, 178.13 W, 26, 120 MHz, 3996 MHz, 0 %, 0 %
2026/03/24 01:47:27.963, 1, 181.05 W, 28, 120 MHz, 3996 MHz, 0 %, 0 %
2026/03/24 01:47:27.963, 2, 182.02 W, 25, 120 MHz, 3996 MHz, 0 %, 0 %
2026/03/24 01:47:27.963, 3, 182.89 W, 28, 120 MHz, 3996 MHz, 0 %, 0 %
2026/03/24 01:47:27.963, 4, 180.22 W, 25, 120 MHz, 3996 MHz, 0 %, 0 %
2026/03/24 01:47:27.963, 5, 182.26 W, 28, 120 MHz, 3996 MHz, 0 %, 0 %
2026/03/24 01:47:27.963, 6, 178.64 W, 26, 120 MHz, 3996 MHz, 0 %, 0 %
2026/03/24 01:47:27.963, 7, 177.40 W, 28, 120 MHz, 3996 MHz, 0 %, 0 %
2026/03/24 01:47:28.963, 0, 178.17 W, 26, 120 MHz, 3996 MHz, 0 %, 0 %
2026/03/24 01:47:28.963, 1, 181.05 W, 28, 120 MHz, 3996 MHz, 0 %, 0 %
2026/03/24 01:47:28.963, 2, 182.01 W, 26, 120 MHz, 3996 MHz, 0 %, 0 %
2026/03/24 01:47:28.963, 3, 182.89 W, 28, 120 MHz, 3996 MHz, 0 %, 0 %
2026/03/24 01:47:28.963, 4, 180.00 W, 25, 120 MHz, 3996 MHz, 0 %, 0 %
2026/03/24 01:47:28.963, 5, 182.33 W, 28, 120 MHz, 3996 MHz, 0 %, 0 %
2026/03/24 01:47:28.963, 6, 178.64 W, 26, 120 MHz, 3996 MHz, 0 %, 0 %
2026/03/24 01:47:28.963, 7, 177.15 W, 28, 120 MHz, 3996 MHz, 0 %, 0 %
2026/03/24 01:47:29.963, 0, 178.25 W, 26, 120 MHz, 3996 MHz, 0 %, 0 %
2026/03/24 01:47:29.963, 1, 181.05 W, 28, 120 MHz, 3996 MHz, 0 %, 0 %
2026/03/24 01:47:29.963, 2, 182.04 W, 25, 120 MHz, 3996 MHz, 0 %, 0 %
2026/03/24 01:47:29.963, 3, 182.89 W, 28, 120 MHz, 3996 MHz, 0 %, 0 %
2026/03/24 01:47:29.963, 4, 180.24 W, 25, 120 MHz, 3996 MHz, 0 %, 0 %
2026/03/24 01:47:29.963, 5, 182.45 W, 28, 120 MHz, 3996 MHz, 0 %, 0 %
2026/03/24 01:47:29.963, 6, 178.64 W, 26, 120 MHz, 3996 MHz, 0 %, 0 %
2026/03/24 01:47:29.963, 7, 177.32 W, 28, 120 MHz, 3996 MHz, 0 %, 0 %
2026/03/24 01:47:30.963, 0, 178.20 W, 26, 120 MHz, 3996 MHz, 0 %, 0 %
2026/03/24 01:47:30.963, 1, 181.06 W, 28, 120 MHz, 3996 MHz, 0 %, 0 %
2026/03/24 01:47:30.963, 2, 182.02 W, 25, 120 MHz, 3996 MHz, 0 %, 0 %
2026/03/24 01:47:30.963, 3, 182.89 W, 28, 120 MHz, 3996 MHz, 0 %, 0 %
2026/03/24 01:47:30.963, 4, 180.17 W, 25, 120 MHz, 3996 MHz, 0 %, 0 %
2026/03/24 01:47:30.963, 5, 182.49 W, 28, 120 MHz, 3996 MHz, 0 %, 0 %
2026/03/24 01:47:30.963, 6, 178.64 W, 26, 120 MHz, 3996 MHz, 0 %, 0 %
2026/03/24 01:47:30.963, 7, 177.24 W, 28, 120 MHz, 3996 MHz, 0 %, 0 %
2026/03/24 01:47:31.963, 0, 178.13 W, 26, 120 MHz, 3996 MHz, 0 %, 0 %
2026/03/24 01:47:31.963, 1, 181.06 W, 28, 120 MHz, 3996 MHz, 0 %, 0 %
2026/03/24 01:47:31.963, 2, 182.04 W, 26, 120 MHz, 3996 MHz, 0 %, 0 %
2026/03/24 01:47:31.963, 3, 182.88 W, 28, 120 MHz, 3996 MHz, 0 %, 0 %
2026/03/24 01:47:31.963, 4, 180.17 W, 25, 120 MHz, 3996 MHz, 0 %, 0 %
2026/03/24 01:47:31.963, 5, 182.33 W, 28, 120 MHz, 3996 MHz, 0 %, 0 %
2026/03/24 01:47:31.963, 6, 178.64 W, 26, 120 MHz, 3996 MHz, 0 %, 0 %
2026/03/24 01:47:31.963, 7, 177.00 W, 28, 120 MHz, 3996 MHz, 0 %, 0 %
2026/03/24 01:47:32.964, 0, 178.21 W, 26, 120 MHz, 3996 MHz, 0 %, 0 %
2026/03/24 01:47:32.964, 1, 181.06 W, 28, 120 MHz, 3996 MHz, 0 %, 0 %
2026/03/24 01:47:32.964, 2, 182.03 W, 26, 120 MHz, 3996 MHz, 0 %, 0 %
2026/03/24 01:47:32.964, 3, 182.82 W, 28, 120 MHz, 3996 MHz, 0 %, 0 %
2026/03/24 01:47:32.964, 4, 180.17 W, 25, 120 MHz, 3996 MHz, 0 %, 0 %
2026/03/24 01:47:32.964, 5, 182.18 W, 28, 120 MHz, 3996 MHz, 0 %, 0 %
2026/03/24 01:47:32.964, 6, 178.64 W, 26, 120 MHz, 3996 MHz, 0 %, 0 %
2026/03/24 01:47:32.964, 7, 177.01 W, 28, 120 MHz, 3996 MHz, 0 %, 0 %
2026/03/24 01:47:33.964, 0, 178.21 W, 26, 120 MHz, 3996 MHz, 0 %, 0 %
2026/03/24 01:47:33.964, 1, 181.06 W, 28, 120 MHz, 3996 MHz, 0 %, 0 %
2026/03/24 01:47:33.964, 2, 182.03 W, 26, 120 MHz, 3996 MHz, 0 %, 0 %
2026/03/24 01:47:33.964, 3, 182.85 W, 28, 120 MHz, 3996 MHz, 0 %, 0 %
2026/03/24 01:47:33.964, 4, 179.95 W, 25, 120 MHz, 3996 MHz, 0 %, 0 %
2026/03/24 01:47:33.964, 5, 182.33 W, 28, 120 MHz, 3996 MHz, 0 %, 0 %
2026/03/24 01:47:33.964, 6, 178.64 W, 26, 120 MHz, 3996 MHz, 0 %, 0 %
2026/03/24 01:47:33.964, 7, 176.90 W, 28, 120 MHz, 3996 MHz, 0 %, 0 %
2026/03/24 01:47:34.964, 0, 178.25 W, 26, 120 MHz, 3996 MHz, 0 %, 0 %
2026/03/24 01:47:34.964, 1, 181.06 W, 28, 120 MHz, 3996 MHz, 0 %, 0 %
2026/03/24 01:47:34.964, 2, 182.02 W, 25, 120 MHz, 3996 MHz, 0 %, 0 %
2026/03/24 01:47:34.964, 3, 182.89 W, 28, 120 MHz, 3996 MHz, 0 %, 0 %
2026/03/24 01:47:34.964, 4, 180.07 W, 25, 120 MHz, 3996 MHz, 0 %, 0 %
2026/03/24 01:47:34.964, 5, 182.41 W, 28, 120 MHz, 3996 MHz, 0 %, 0 %
2026/03/24 01:47:34.964, 6, 178.64 W, 26, 120 MHz, 3996 MHz, 0 %, 0 %
2026/03/24 01:47:34.964, 7, 177.13 W, 28, 120 MHz, 3996 MHz, 0 %, 0 %
2026/03/24 01:47:35.964, 0, 178.21 W, 26, 120 MHz, 3996 MHz, 0 %, 0 %
2026/03/24 01:47:35.964, 1, 181.06 W, 28, 120 MHz, 3996 MHz, 0 %, 0 %
2026/03/24 01:47:35.964, 2, 182.04 W, 26, 120 MHz, 3996 MHz, 0 %, 0 %
2026/03/24 01:47:35.964, 3, 182.89 W, 28, 120 MHz, 3996 MHz, 0 %, 0 %
2026/03/24 01:47:35.964, 4, 179.91 W, 25, 120 MHz, 3996 MHz, 0 %, 0 %
2026/03/24 01:47:35.964, 5, 182.21 W, 28, 120 MHz, 3996 MHz, 0 %, 0 %
2026/03/24 01:47:35.964, 6, 178.64 W, 26, 120 MHz, 3996 MHz, 0 %, 0 %
2026/03/24 01:47:35.964, 7, 177.13 W, 28, 120 MHz, 3996 MHz, 0 %, 0 %
2026/03/24 01:47:36.964, 0, 178.58 W, 26, 120 MHz, 3996 MHz, 0 %, 0 %
2026/03/24 01:47:36.964, 1, 181.06 W, 28, 120 MHz, 3996 MHz, 0 %, 0 %
2026/03/24 01:47:36.964, 2, 182.03 W, 26, 120 MHz, 3996 MHz, 0 %, 0 %
2026/03/24 01:47:36.964, 3, 182.88 W, 28, 120 MHz, 3996 MHz, 0 %, 0 %
2026/03/24 01:47:36.964, 4, 180.23 W, 25, 120 MHz, 3996 MHz, 0 %, 0 %
2026/03/24 01:47:36.964, 5, 182.34 W, 28, 120 MHz, 3996 MHz, 0 %, 0 %
2026/03/24 01:47:36.964, 6, 178.64 W, 26, 120 MHz, 3996 MHz, 0 %, 0 %
2026/03/24 01:47:36.964, 7, 177.34 W, 28, 120 MHz, 3996 MHz, 0 %, 0 %
2026/03/24 01:47:37.964, 0, 178.32 W, 26, 120 MHz, 3996 MHz, 0 %, 0 %
2026/03/24 01:47:37.964, 1, 181.06 W, 28, 120 MHz, 3996 MHz, 0 %, 0 %
2026/03/24 01:47:37.964, 2, 182.03 W, 25, 120 MHz, 3996 MHz, 0 %, 0 %
2026/03/24 01:47:37.964, 3, 182.89 W, 28, 120 MHz, 3996 MHz, 0 %, 0 %
2026/03/24 01:47:37.964, 4, 180.07 W, 25, 120 MHz, 3996 MHz, 0 %, 0 %
2026/03/24 01:47:37.964, 5, 182.26 W, 28, 120 MHz, 3996 MHz, 0 %, 0 %
2026/03/24 01:47:37.964, 6, 178.64 W, 26, 120 MHz, 3996 MHz, 0 %, 0 %
2026/03/24 01:47:37.964, 7, 177.12 W, 28, 120 MHz, 3996 MHz, 0 %, 0 %
2026/03/24 01:47:38.964, 0, 178.09 W, 26, 120 MHz, 3996 MHz, 0 %, 0 %
2026/03/24 01:47:38.964, 1, 181.06 W, 28, 120 MHz, 3996 MHz, 0 %, 0 %
2026/03/24 01:47:38.964, 2, 182.04 W, 25, 120 MHz, 3996 MHz, 0 %, 0 %
2026/03/24 01:47:38.964, 3, 182.89 W, 28, 120 MHz, 3996 MHz, 0 %, 0 %
2026/03/24 01:47:38.964, 4, 179.94 W, 25, 120 MHz, 3996 MHz, 0 %, 0 %
2026/03/24 01:47:38.965, 5, 182.26 W, 28, 120 MHz, 3996 MHz, 0 %, 0 %
2026/03/24 01:47:38.965, 6, 178.64 W, 26, 120 MHz, 3996 MHz, 0 %, 0 %
2026/03/24 01:47:38.965, 7, 177.00 W, 28, 120 MHz, 3996 MHz, 0 %, 0 %
2026/03/24 01:47:39.965, 0, 178.28 W, 26, 120 MHz, 3996 MHz, 0 %, 0 %
2026/03/24 01:47:39.965, 1, 181.06 W, 28, 120 MHz, 3996 MHz, 0 %, 0 %
2026/03/24 01:47:39.965, 2, 182.03 W, 26, 120 MHz, 3996 MHz, 0 %, 0 %
2026/03/24 01:47:39.965, 3, 182.89 W, 28, 120 MHz, 3996 MHz, 0 %, 0 %
2026/03/24 01:47:39.965, 4, 179.85 W, 25, 120 MHz, 3996 MHz, 0 %, 0 %
2026/03/24 01:47:39.965, 5, 182.21 W, 28, 120 MHz, 3996 MHz, 0 %, 0 %
2026/03/24 01:47:39.965, 6, 178.64 W, 26, 120 MHz, 3996 MHz, 0 %, 0 %
2026/03/24 01:47:39.965, 7, 176.89 W, 28, 120 MHz, 3996 MHz, 0 %, 0 %
2026/03/24 01:47:40.965, 0, 178.17 W, 26, 120 MHz, 3996 MHz, 0 %, 0 %
2026/03/24 01:47:40.965, 1, 181.06 W, 28, 120 MHz, 3996 MHz, 0 %, 0 %
2026/03/24 01:47:40.965, 2, 182.01 W, 25, 120 MHz, 3996 MHz, 0 %, 0 %
2026/03/24 01:47:40.965, 3, 182.88 W, 28, 120 MHz, 3996 MHz, 0 %, 0 %
2026/03/24 01:47:40.965, 4, 180.01 W, 25, 120 MHz, 3996 MHz, 0 %, 0 %
2026/03/24 01:47:40.965, 5, 182.18 W, 28, 120 MHz, 3996 MHz, 0 %, 0 %
2026/03/24 01:47:40.965, 6, 178.64 W, 26, 120 MHz, 3996 MHz, 0 %, 0 %
2026/03/24 01:47:40.965, 7, 177.15 W, 28, 120 MHz, 3996 MHz, 0 %, 0 %
2026/03/24 01:47:41.965, 0, 178.92 W, 26, 120 MHz, 3996 MHz, 0 %, 0 %
2026/03/24 01:47:41.965, 1, 181.06 W, 28, 120 MHz, 3996 MHz, 0 %, 0 %
2026/03/24 01:47:41.965, 2, 182.03 W, 25, 120 MHz, 3996 MHz, 0 %, 0 %
2026/03/24 01:47:41.965, 3, 182.88 W, 28, 120 MHz, 3996 MHz, 0 %, 0 %
2026/03/24 01:47:41.965, 4, 180.06 W, 25, 120 MHz, 3996 MHz, 0 %, 0 %
2026/03/24 01:47:41.965, 5, 182.37 W, 28, 120 MHz, 3996 MHz, 0 %, 0 %
2026/03/24 01:47:41.965, 6, 178.64 W, 26, 120 MHz, 3996 MHz, 0 %, 0 %
2026/03/24 01:47:41.965, 7, 177.13 W, 28, 120 MHz, 3996 MHz, 0 %, 0 %
2026/03/24 01:47:42.965, 0, 179.08 W, 26, 120 MHz, 3996 MHz, 0 %, 0 %
2026/03/24 01:47:42.965, 1, 181.06 W, 28, 120 MHz, 3996 MHz, 0 %, 0 %
2026/03/24 01:47:42.965, 2, 182.09 W, 26, 120 MHz, 3996 MHz, 0 %, 0 %
2026/03/24 01:47:42.965, 3, 182.88 W, 28, 120 MHz, 3996 MHz, 0 %, 0 %
2026/03/24 01:47:42.965, 4, 180.21 W, 25, 120 MHz, 3996 MHz, 0 %, 0 %
2026/03/24 01:47:42.965, 5, 182.41 W, 28, 120 MHz, 3996 MHz, 0 %, 0 %
2026/03/24 01:47:42.965, 6, 178.64 W, 26, 120 MHz, 3996 MHz, 0 %, 0 %
2026/03/24 01:47:42.965, 7, 177.12 W, 28, 120 MHz, 3996 MHz, 0 %, 0 %
2026/03/24 01:47:43.965, 0, 178.24 W, 26, 120 MHz, 3996 MHz, 0 %, 0 %
2026/03/24 01:47:43.965, 1, 181.04 W, 28, 120 MHz, 3996 MHz, 0 %, 0 %
2026/03/24 01:47:43.965, 2, 182.18 W, 25, 120 MHz, 3996 MHz, 0 %, 0 %
2026/03/24 01:47:43.965, 3, 182.88 W, 28, 120 MHz, 3996 MHz, 0 %, 0 %
2026/03/24 01:47:43.965, 4, 180.48 W, 25, 120 MHz, 3996 MHz, 0 %, 0 %
2026/03/24 01:47:43.965, 5, 182.52 W, 28, 120 MHz, 3996 MHz, 0 %, 0 %
2026/03/24 01:47:43.965, 6, 178.64 W, 26, 120 MHz, 3996 MHz, 0 %, 0 %
2026/03/24 01:47:43.965, 7, 177.32 W, 28, 120 MHz, 3996 MHz, 0 %, 0 %
2026/03/24 01:47:44.965, 0, 178.25 W, 26, 120 MHz, 3996 MHz, 0 %, 0 %
2026/03/24 01:47:44.965, 1, 181.04 W, 28, 120 MHz, 3996 MHz, 0 %, 0 %
2026/03/24 01:47:44.965, 2, 182.02 W, 26, 120 MHz, 3996 MHz, 0 %, 0 %
2026/03/24 01:47:44.965, 3, 182.89 W, 28, 120 MHz, 3996 MHz, 0 %, 0 %
2026/03/24 01:47:44.965, 4, 180.40 W, 25, 120 MHz, 3996 MHz, 0 %, 0 %
2026/03/24 01:47:44.965, 5, 182.52 W, 28, 120 MHz, 3996 MHz, 0 %, 0 %
2026/03/24 01:47:44.965, 6, 178.64 W, 26, 120 MHz, 3996 MHz, 0 %, 0 %
2026/03/24 01:47:44.966, 7, 177.44 W, 28, 120 MHz, 3996 MHz, 0 %, 0 %
2026/03/24 01:47:45.966, 0, 178.28 W, 26, 120 MHz, 3996 MHz, 0 %, 0 %
2026/03/24 01:47:45.966, 1, 181.05 W, 28, 120 MHz, 3996 MHz, 0 %, 0 %
2026/03/24 01:47:45.966, 2, 182.03 W, 26, 120 MHz, 3996 MHz, 0 %, 0 %
2026/03/24 01:47:45.966, 3, 182.89 W, 28, 120 MHz, 3996 MHz, 0 %, 0 %
2026/03/24 01:47:45.966, 4, 180.14 W, 25, 120 MHz, 3996 MHz, 0 %, 0 %
2026/03/24 01:47:45.966, 5, 182.52 W, 28, 120 MHz, 3996 MHz, 0 %, 0 %
2026/03/24 01:47:45.966, 6, 178.64 W, 26, 120 MHz, 3996 MHz, 0 %, 0 %
2026/03/24 01:47:45.966, 7, 178.26 W, 28, 120 MHz, 3996 MHz, 0 %, 0 %
2026/03/24 01:47:46.966, 0, 178.21 W, 26, 120 MHz, 3996 MHz, 0 %, 0 %
2026/03/24 01:47:46.966, 1, 181.05 W, 28, 120 MHz, 3996 MHz, 0 %, 0 %
2026/03/24 01:47:46.966, 2, 182.03 W, 25, 120 MHz, 3996 MHz, 0 %, 0 %
2026/03/24 01:47:46.966, 3, 182.89 W, 28, 120 MHz, 3996 MHz, 0 %, 0 %
2026/03/24 01:47:46.966, 4, 180.17 W, 25, 120 MHz, 3996 MHz, 0 %, 0 %
2026/03/24 01:47:46.966, 5, 182.49 W, 28, 120 MHz, 3996 MHz, 0 %, 0 %
2026/03/24 01:47:46.966, 6, 178.64 W, 26, 120 MHz, 3996 MHz, 0 %, 0 %
2026/03/24 01:47:46.966, 7, 178.14 W, 28, 120 MHz, 3996 MHz, 0 %, 0 %
2026/03/24 01:47:47.966, 0, 178.25 W, 26, 120 MHz, 3996 MHz, 0 %, 0 %
2026/03/24 01:47:47.966, 1, 181.05 W, 28, 120 MHz, 3996 MHz, 0 %, 0 %
2026/03/24 01:47:47.966, 2, 182.04 W, 25, 120 MHz, 3996 MHz, 0 %, 0 %
2026/03/24 01:47:47.966, 3, 182.89 W, 28, 120 MHz, 3996 MHz, 0 %, 0 %
2026/03/24 01:47:47.966, 4, 180.32 W, 25, 120 MHz, 3996 MHz, 0 %, 0 %
2026/03/24 01:47:47.966, 5, 182.49 W, 28, 120 MHz, 3996 MHz, 0 %, 0 %
2026/03/24 01:47:47.966, 6, 178.64 W, 26, 120 MHz, 3996 MHz, 0 %, 0 %
2026/03/24 01:47:47.966, 7, 177.71 W, 28, 120 MHz, 3996 MHz, 0 %, 0 %
2026/03/24 01:47:48.966, 0, 178.17 W, 26, 120 MHz, 3996 MHz, 0 %, 0 %
2026/03/24 01:47:48.966, 1, 181.05 W, 28, 120 MHz, 3996 MHz, 0 %, 0 %
2026/03/24 01:47:48.966, 2, 182.01 W, 26, 120 MHz, 3996 MHz, 0 %, 0 %
2026/03/24 01:47:48.966, 3, 182.88 W, 28, 120 MHz, 3996 MHz, 0 %, 0 %
2026/03/24 01:47:48.966, 4, 179.99 W, 25, 120 MHz, 3996 MHz, 0 %, 0 %
2026/03/24 01:47:48.966, 5, 182.52 W, 28, 120 MHz, 3996 MHz, 0 %, 0 %
2026/03/24 01:47:48.966, 6, 178.64 W, 26, 120 MHz, 3996 MHz, 0 %, 0 %
2026/03/24 01:47:48.966, 7, 177.50 W, 28, 120 MHz, 3996 MHz, 0 %, 0 %
2026/03/24 01:47:49.966, 0, 178.17 W, 26, 120 MHz, 3996 MHz, 0 %, 0 %
2026/03/24 01:47:49.966, 1, 181.05 W, 28, 120 MHz, 3996 MHz, 0 %, 0 %
2026/03/24 01:47:49.966, 2, 182.03 W, 26, 120 MHz, 3996 MHz, 0 %, 0 %
2026/03/24 01:47:49.966, 3, 182.89 W, 28, 120 MHz, 3996 MHz, 0 %, 0 %
2026/03/24 01:47:49.966, 4, 180.13 W, 25, 120 MHz, 3996 MHz, 0 %, 0 %
2026/03/24 01:47:49.966, 5, 182.52 W, 28, 120 MHz, 3996 MHz, 0 %, 0 %
2026/03/24 01:47:49.966, 6, 178.64 W, 26, 120 MHz, 3996 MHz, 0 %, 0 %
2026/03/24 01:47:49.966, 7, 177.44 W, 28, 120 MHz, 3996 MHz, 0 %, 0 %
2026/03/24 01:47:50.966, 0, 178.21 W, 26, 120 MHz, 3996 MHz, 0 %, 0 %
2026/03/24 01:47:50.966, 1, 181.05 W, 28, 120 MHz, 3996 MHz, 0 %, 0 %
2026/03/24 01:47:50.966, 2, 182.03 W, 26, 120 MHz, 3996 MHz, 0 %, 0 %
2026/03/24 01:47:50.966, 3, 182.89 W, 28, 120 MHz, 3996 MHz, 0 %, 0 %
2026/03/24 01:47:50.966, 4, 180.19 W, 25, 120 MHz, 3996 MHz, 0 %, 0 %
2026/03/24 01:47:50.966, 5, 182.49 W, 28, 120 MHz, 3996 MHz, 0 %, 0 %
2026/03/24 01:47:50.966, 6, 178.64 W, 26, 120 MHz, 3996 MHz, 0 %, 0 %
2026/03/24 01:47:50.966, 7, 177.31 W, 28, 120 MHz, 3996 MHz, 0 %, 0 %
2026/03/24 01:47:51.966, 0, 178.09 W, 26, 120 MHz, 3996 MHz, 0 %, 0 %
2026/03/24 01:47:51.966, 1, 181.05 W, 28, 120 MHz, 3996 MHz, 0 %, 0 %
2026/03/24 01:47:51.966, 2, 182.03 W, 26, 120 MHz, 3996 MHz, 0 %, 0 %
2026/03/24 01:47:51.967, 3, 182.88 W, 28, 120 MHz, 3996 MHz, 0 %, 0 %
2026/03/24 01:47:51.967, 4, 180.10 W, 25, 120 MHz, 3996 MHz, 0 %, 0 %
2026/03/24 01:47:51.967, 5, 182.52 W, 28, 120 MHz, 3996 MHz, 0 %, 0 %
2026/03/24 01:47:51.967, 6, 178.64 W, 26, 120 MHz, 3996 MHz, 0 %, 0 %
2026/03/24 01:47:51.967, 7, 177.61 W, 28, 120 MHz, 3996 MHz, 0 %, 0 %
2026/03/24 01:47:52.967, 0, 178.13 W, 26, 120 MHz, 3996 MHz, 0 %, 0 %
2026/03/24 01:47:52.967, 1, 181.06 W, 28, 120 MHz, 3996 MHz, 0 %, 0 %
2026/03/24 01:47:52.967, 2, 182.04 W, 26, 120 MHz, 3996 MHz, 0 %, 0 %
2026/03/24 01:47:52.967, 3, 182.88 W, 28, 120 MHz, 3996 MHz, 0 %, 0 %
2026/03/24 01:47:52.967, 4, 180.30 W, 25, 120 MHz, 3996 MHz, 0 %, 0 %
2026/03/24 01:47:52.967, 5, 182.52 W, 28, 120 MHz, 3996 MHz, 0 %, 0 %
2026/03/24 01:47:52.967, 6, 178.64 W, 26, 120 MHz, 3996 MHz, 0 %, 0 %
2026/03/24 01:47:52.967, 7, 177.55 W, 28, 120 MHz, 3996 MHz, 0 %, 0 %
2026/03/24 01:47:53.967, 0, 178.20 W, 26, 120 MHz, 3996 MHz, 0 %, 0 %
2026/03/24 01:47:53.967, 1, 181.06 W, 28, 120 MHz, 3996 MHz, 0 %, 0 %
2026/03/24 01:47:53.967, 2, 182.03 W, 26, 120 MHz, 3996 MHz, 0 %, 0 %
2026/03/24 01:47:53.967, 3, 182.89 W, 28, 120 MHz, 3996 MHz, 0 %, 0 %
2026/03/24 01:47:53.967, 4, 180.14 W, 25, 120 MHz, 3996 MHz, 0 %, 0 %
2026/03/24 01:47:53.967, 5, 182.52 W, 28, 120 MHz, 3996 MHz, 0 %, 0 %
2026/03/24 01:47:53.967, 6, 178.64 W, 26, 120 MHz, 3996 MHz, 0 %, 0 %
2026/03/24 01:47:53.967, 7, 177.51 W, 28, 120 MHz, 3996 MHz, 0 %, 0 %
2026/03/24 01:47:54.967, 0, 178.13 W, 26, 120 MHz, 3996 MHz, 0 %, 0 %
2026/03/24 01:47:54.967, 1, 181.06 W, 28, 120 MHz, 3996 MHz, 0 %, 0 %
2026/03/24 01:47:54.967, 2, 182.02 W, 25, 120 MHz, 3996 MHz, 0 %, 0 %
2026/03/24 01:47:54.967, 3, 182.89 W, 28, 120 MHz, 3996 MHz, 0 %, 0 %
2026/03/24 01:47:54.967, 4, 179.95 W, 25, 120 MHz, 3996 MHz, 0 %, 0 %
2026/03/24 01:47:54.967, 5, 182.45 W, 28, 120 MHz, 3996 MHz, 0 %, 0 %
2026/03/24 01:47:54.967, 6, 178.64 W, 26, 120 MHz, 3996 MHz, 0 %, 0 %
2026/03/24 01:47:54.967, 7, 177.31 W, 28, 120 MHz, 3996 MHz, 0 %, 0 %
2026/03/24 01:47:55.967, 0, 178.32 W, 26, 120 MHz, 3996 MHz, 0 %, 0 %
2026/03/24 01:47:55.967, 1, 181.06 W, 28, 120 MHz, 3996 MHz, 0 %, 0 %
2026/03/24 01:47:55.967, 2, 182.03 W, 25, 120 MHz, 3996 MHz, 0 %, 0 %
2026/03/24 01:47:55.967, 3, 182.89 W, 28, 120 MHz, 3996 MHz, 0 %, 0 %
2026/03/24 01:47:55.967, 4, 179.95 W, 25, 120 MHz, 3996 MHz, 0 %, 0 %
2026/03/24 01:47:55.967, 5, 182.52 W, 28, 120 MHz, 3996 MHz, 0 %, 0 %
2026/03/24 01:47:55.967, 6, 178.64 W, 26, 120 MHz, 3996 MHz, 0 %, 0 %
2026/03/24 01:47:55.967, 7, 177.76 W, 28, 120 MHz, 3996 MHz, 0 %, 0 %
2026/03/24 01:47:56.967, 0, 178.09 W, 26, 120 MHz, 3996 MHz, 0 %, 0 %
2026/03/24 01:47:56.967, 1, 181.06 W, 28, 120 MHz, 3996 MHz, 0 %, 0 %
2026/03/24 01:47:56.967, 2, 182.04 W, 26, 120 MHz, 3996 MHz, 0 %, 0 %
2026/03/24 01:47:56.967, 3, 182.89 W, 28, 120 MHz, 3996 MHz, 0 %, 0 %
2026/03/24 01:47:56.967, 4, 180.29 W, 25, 120 MHz, 3996 MHz, 0 %, 0 %
2026/03/24 01:47:56.967, 5, 182.52 W, 28, 120 MHz, 3996 MHz, 0 %, 0 %
2026/03/24 01:47:56.967, 6, 178.64 W, 26, 120 MHz, 3996 MHz, 0 %, 0 %
2026/03/24 01:47:56.967, 7, 177.67 W, 28, 120 MHz, 3996 MHz, 0 %, 0 %
2026/03/24 01:47:57.968, 0, 178.39 W, 26, 120 MHz, 3996 MHz, 0 %, 0 %
2026/03/24 01:47:57.968, 1, 181.06 W, 28, 120 MHz, 3996 MHz, 0 %, 0 %
2026/03/24 01:47:57.968, 2, 182.03 W, 26, 120 MHz, 3996 MHz, 0 %, 0 %
2026/03/24 01:47:57.968, 3, 182.88 W, 28, 120 MHz, 3996 MHz, 0 %, 0 %
2026/03/24 01:47:57.968, 4, 180.06 W, 25, 120 MHz, 3996 MHz, 0 %, 0 %
2026/03/24 01:47:57.968, 5, 182.49 W, 28, 120 MHz, 3996 MHz, 0 %, 0 %
2026/03/24 01:47:57.968, 6, 178.64 W, 26, 120 MHz, 3996 MHz, 0 %, 0 %
2026/03/24 01:47:57.968, 7, 177.61 W, 28, 120 MHz, 3996 MHz, 0 %, 0 %
2026/03/24 01:47:58.968, 0, 178.21 W, 26, 120 MHz, 3996 MHz, 0 %, 0 %
2026/03/24 01:47:58.968, 1, 181.06 W, 28, 120 MHz, 3996 MHz, 0 %, 0 %
2026/03/24 01:47:58.968, 2, 182.03 W, 26, 120 MHz, 3996 MHz, 0 %, 0 %
2026/03/24 01:47:58.968, 3, 182.89 W, 28, 120 MHz, 3996 MHz, 0 %, 0 %
2026/03/24 01:47:58.968, 4, 180.01 W, 25, 120 MHz, 3996 MHz, 0 %, 0 %
2026/03/24 01:47:58.968, 5, 182.52 W, 28, 120 MHz, 3996 MHz, 0 %, 0 %
2026/03/24 01:47:58.968, 6, 178.64 W, 26, 120 MHz, 3996 MHz, 0 %, 0 %
2026/03/24 01:47:58.968, 7, 177.55 W, 28, 120 MHz, 3996 MHz, 0 %, 0 %
2026/03/24 01:47:59.968, 0, 178.32 W, 26, 120 MHz, 3996 MHz, 0 %, 0 %
2026/03/24 01:47:59.968, 1, 181.06 W, 28, 120 MHz, 3996 MHz, 0 %, 0 %
2026/03/24 01:47:59.968, 2, 182.03 W, 26, 120 MHz, 3996 MHz, 0 %, 0 %
2026/03/24 01:47:59.968, 3, 182.89 W, 28, 120 MHz, 3996 MHz, 0 %, 0 %
2026/03/24 01:47:59.968, 4, 180.30 W, 25, 120 MHz, 3996 MHz, 0 %, 0 %
2026/03/24 01:47:59.968, 5, 182.49 W, 28, 120 MHz, 3996 MHz, 0 %, 0 %
2026/03/24 01:47:59.968, 6, 178.64 W, 26, 120 MHz, 3996 MHz, 0 %, 0 %
2026/03/24 01:47:59.968, 7, 177.61 W, 28, 120 MHz, 3996 MHz, 0 %, 0 %
2026/03/24 01:48:00.968, 0, 178.13 W, 26, 120 MHz, 3996 MHz, 0 %, 0 %
2026/03/24 01:48:00.968, 1, 181.06 W, 28, 120 MHz, 3996 MHz, 0 %, 0 %
2026/03/24 01:48:00.968, 2, 182.04 W, 26, 120 MHz, 3996 MHz, 0 %, 0 %
2026/03/24 01:48:00.968, 3, 182.89 W, 28, 120 MHz, 3996 MHz, 0 %, 0 %
2026/03/24 01:48:00.968, 4, 180.20 W, 25, 120 MHz, 3996 MHz, 0 %, 0 %
2026/03/24 01:48:00.968, 5, 182.52 W, 28, 120 MHz, 3996 MHz, 0 %, 0 %
2026/03/24 01:48:00.968, 6, 178.64 W, 26, 120 MHz, 3996 MHz, 0 %, 0 %
2026/03/24 01:48:00.968, 7, 177.75 W, 28, 120 MHz, 3996 MHz, 0 %, 0 %
2026/03/24 01:48:01.968, 0, 178.47 W, 26, 120 MHz, 3996 MHz, 0 %, 0 %
2026/03/24 01:48:01.968, 1, 228.82 W, 29, 2032 MHz, 3996 MHz, 0 %, 0 %
2026/03/24 01:48:01.968, 2, 219.33 W, 26, 2032 MHz, 3996 MHz, 0 %, 0 %
2026/03/24 01:48:01.968, 3, 182.77 W, 28, 120 MHz, 3996 MHz, 0 %, 0 %
2026/03/24 01:48:01.968, 4, 180.32 W, 25, 120 MHz, 3996 MHz, 0 %, 0 %
2026/03/24 01:48:01.968, 5, 182.49 W, 28, 120 MHz, 3996 MHz, 0 %, 0 %
2026/03/24 01:48:01.968, 6, 178.64 W, 26, 120 MHz, 3996 MHz, 0 %, 0 %
2026/03/24 01:48:01.968, 7, 177.59 W, 28, 120 MHz, 3996 MHz, 0 %, 0 %
2026/03/24 01:48:02.968, 0, 186.27 W, 26, 2032 MHz, 3996 MHz, 0 %, 0 %
2026/03/24 01:48:02.968, 1, 233.17 W, 29, 2032 MHz, 3996 MHz, 0 %, 0 %
2026/03/24 01:48:02.968, 2, 233.92 W, 27, 2032 MHz, 3996 MHz, 0 %, 0 %
2026/03/24 01:48:02.968, 3, 231.93 W, 29, 2032 MHz, 3996 MHz, 0 %, 0 %
2026/03/24 01:48:02.968, 4, 180.00 W, 25, 120 MHz, 3996 MHz, 0 %, 0 %
2026/03/24 01:48:02.968, 5, 182.49 W, 28, 120 MHz, 3996 MHz, 0 %, 0 %
2026/03/24 01:48:02.968, 6, 178.64 W, 26, 120 MHz, 3996 MHz, 0 %, 0 %
2026/03/24 01:48:02.968, 7, 177.63 W, 28, 120 MHz, 3996 MHz, 0 %, 0 %
2026/03/24 01:48:03.968, 0, 228.09 W, 27, 2032 MHz, 3996 MHz, 0 %, 0 %
2026/03/24 01:48:03.968, 1, 233.16 W, 29, 2032 MHz, 3996 MHz, 0 %, 0 %
2026/03/24 01:48:03.968, 2, 233.88 W, 27, 2032 MHz, 3996 MHz, 0 %, 0 %
2026/03/24 01:48:03.968, 3, 233.57 W, 29, 2032 MHz, 3996 MHz, 0 %, 0 %
2026/03/24 01:48:03.968, 4, 180.29 W, 25, 120 MHz, 3996 MHz, 0 %, 0 %
2026/03/24 01:48:03.969, 5, 182.49 W, 28, 120 MHz, 3996 MHz, 0 %, 0 %
2026/03/24 01:48:03.969, 6, 178.64 W, 26, 120 MHz, 3996 MHz, 0 %, 0 %
2026/03/24 01:48:03.969, 7, 177.42 W, 28, 120 MHz, 3996 MHz, 0 %, 0 %
2026/03/24 01:48:04.969, 0, 228.05 W, 27, 2032 MHz, 3996 MHz, 0 %, 0 %
2026/03/24 01:48:04.969, 1, 233.16 W, 29, 2032 MHz, 3996 MHz, 0 %, 0 %
2026/03/24 01:48:04.969, 2, 233.87 W, 27, 2032 MHz, 3996 MHz, 0 %, 0 %
2026/03/24 01:48:04.969, 3, 234.03 W, 29, 2032 MHz, 3996 MHz, 0 %, 0 %
2026/03/24 01:48:04.969, 4, 180.17 W, 25, 120 MHz, 3996 MHz, 0 %, 0 %
2026/03/24 01:48:04.969, 5, 182.49 W, 28, 120 MHz, 3996 MHz, 0 %, 0 %
2026/03/24 01:48:04.969, 6, 178.64 W, 26, 120 MHz, 3996 MHz, 0 %, 0 %
2026/03/24 01:48:04.969, 7, 177.42 W, 28, 120 MHz, 3996 MHz, 0 %, 0 %
2026/03/24 01:48:05.969, 0, 228.05 W, 27, 2032 MHz, 3996 MHz, 0 %, 0 %
2026/03/24 01:48:05.969, 1, 233.16 W, 29, 2032 MHz, 3996 MHz, 0 %, 0 %
2026/03/24 01:48:05.969, 2, 233.88 W, 27, 2032 MHz, 3996 MHz, 0 %, 0 %
2026/03/24 01:48:05.969, 3, 234.14 W, 29, 2032 MHz, 3996 MHz, 0 %, 0 %
2026/03/24 01:48:05.969, 4, 179.91 W, 25, 120 MHz, 3996 MHz, 0 %, 0 %
2026/03/24 01:48:05.969, 5, 182.49 W, 28, 120 MHz, 3996 MHz, 0 %, 0 %
2026/03/24 01:48:05.969, 6, 178.64 W, 26, 120 MHz, 3996 MHz, 0 %, 0 %
2026/03/24 01:48:05.969, 7, 177.59 W, 28, 120 MHz, 3996 MHz, 0 %, 0 %
2026/03/24 01:48:06.969, 0, 228.05 W, 27, 2032 MHz, 3996 MHz, 0 %, 0 %
2026/03/24 01:48:06.969, 1, 233.16 W, 29, 2032 MHz, 3996 MHz, 0 %, 0 %
2026/03/24 01:48:06.969, 2, 233.88 W, 27, 2032 MHz, 3996 MHz, 0 %, 0 %
2026/03/24 01:48:06.969, 3, 233.68 W, 29, 2032 MHz, 3996 MHz, 0 %, 0 %
2026/03/24 01:48:06.969, 4, 179.92 W, 25, 120 MHz, 3996 MHz, 0 %, 0 %
2026/03/24 01:48:06.969, 5, 182.52 W, 28, 120 MHz, 3996 MHz, 0 %, 0 %
2026/03/24 01:48:06.969, 6, 178.64 W, 26, 120 MHz, 3996 MHz, 0 %, 0 %
2026/03/24 01:48:06.969, 7, 177.28 W, 28, 120 MHz, 3996 MHz, 0 %, 0 %
2026/03/24 01:48:07.969, 0, 228.07 W, 27, 2032 MHz, 3996 MHz, 0 %, 0 %
2026/03/24 01:48:07.969, 1, 233.16 W, 29, 2032 MHz, 3996 MHz, 0 %, 0 %
2026/03/24 01:48:07.969, 2, 233.88 W, 27, 2032 MHz, 3996 MHz, 0 %, 0 %
2026/03/24 01:48:07.969, 3, 233.53 W, 29, 2032 MHz, 3996 MHz, 0 %, 0 %
2026/03/24 01:48:07.969, 4, 179.91 W, 25, 120 MHz, 3996 MHz, 0 %, 0 %
2026/03/24 01:48:07.969, 5, 182.52 W, 28, 120 MHz, 3996 MHz, 0 %, 0 %
2026/03/24 01:48:07.969, 6, 178.64 W, 26, 120 MHz, 3996 MHz, 0 %, 0 %
2026/03/24 01:48:07.969, 7, 177.20 W, 28, 120 MHz, 3996 MHz, 0 %, 0 %
2026/03/24 01:48:08.969, 0, 228.06 W, 27, 2032 MHz, 3996 MHz, 0 %, 0 %
2026/03/24 01:48:08.969, 1, 233.16 W, 29, 2032 MHz, 3996 MHz, 0 %, 0 %
2026/03/24 01:48:08.969, 2, 233.88 W, 27, 2032 MHz, 3996 MHz, 0 %, 0 %
2026/03/24 01:48:08.969, 3, 233.72 W, 29, 2032 MHz, 3996 MHz, 0 %, 0 %
2026/03/24 01:48:08.969, 4, 180.15 W, 25, 120 MHz, 3996 MHz, 0 %, 0 %
2026/03/24 01:48:08.969, 5, 182.52 W, 28, 120 MHz, 3996 MHz, 0 %, 0 %
2026/03/24 01:48:08.969, 6, 178.64 W, 26, 120 MHz, 3996 MHz, 0 %, 0 %
2026/03/24 01:48:08.969, 7, 177.35 W, 28, 120 MHz, 3996 MHz, 0 %, 0 %
2026/03/24 01:48:09.969, 0, 228.07 W, 27, 2032 MHz, 3996 MHz, 0 %, 0 %
2026/03/24 01:48:09.969, 1, 233.16 W, 29, 2032 MHz, 3996 MHz, 0 %, 0 %
2026/03/24 01:48:09.969, 2, 233.88 W, 27, 2032 MHz, 3996 MHz, 0 %, 0 %
2026/03/24 01:48:09.969, 3, 234.03 W, 29, 2032 MHz, 3996 MHz, 0 %, 0 %
2026/03/24 01:48:09.969, 4, 180.01 W, 25, 120 MHz, 3996 MHz, 0 %, 0 %
2026/03/24 01:48:09.969, 5, 182.45 W, 28, 120 MHz, 3996 MHz, 0 %, 0 %
2026/03/24 01:48:09.969, 6, 178.64 W, 26, 120 MHz, 3996 MHz, 0 %, 0 %
2026/03/24 01:48:09.969, 7, 177.27 W, 28, 120 MHz, 3996 MHz, 0 %, 0 %
2026/03/24 01:48:10.969, 0, 228.25 W, 27, 2032 MHz, 3996 MHz, 0 %, 0 %
2026/03/24 01:48:10.969, 1, 233.16 W, 29, 2032 MHz, 3996 MHz, 0 %, 0 %
2026/03/24 01:48:10.969, 2, 233.87 W, 27, 2032 MHz, 3996 MHz, 0 %, 0 %
2026/03/24 01:48:10.970, 3, 234.22 W, 30, 2032 MHz, 3996 MHz, 0 %, 0 %
2026/03/24 01:48:10.970, 4, 179.87 W, 25, 120 MHz, 3996 MHz, 0 %, 0 %
2026/03/24 01:48:10.970, 5, 182.45 W, 28, 120 MHz, 3996 MHz, 0 %, 0 %
2026/03/24 01:48:10.970, 6, 178.64 W, 26, 120 MHz, 3996 MHz, 0 %, 0 %
2026/03/24 01:48:10.970, 7, 177.36 W, 28, 120 MHz, 3996 MHz, 0 %, 0 %
2026/03/24 01:48:11.970, 0, 228.19 W, 27, 2032 MHz, 3996 MHz, 0 %, 0 %
2026/03/24 01:48:11.970, 1, 233.16 W, 29, 2032 MHz, 3996 MHz, 0 %, 0 %
2026/03/24 01:48:11.970, 2, 233.87 W, 27, 2032 MHz, 3996 MHz, 0 %, 0 %
2026/03/24 01:48:11.970, 3, 233.98 W, 30, 2032 MHz, 3996 MHz, 0 %, 0 %
2026/03/24 01:48:11.970, 4, 180.05 W, 25, 120 MHz, 3996 MHz, 0 %, 0 %
2026/03/24 01:48:11.970, 5, 182.33 W, 28, 120 MHz, 3996 MHz, 0 %, 0 %
2026/03/24 01:48:11.970, 6, 178.64 W, 26, 120 MHz, 3996 MHz, 0 %, 0 %
2026/03/24 01:48:11.970, 7, 177.23 W, 28, 120 MHz, 3996 MHz, 0 %, 0 %
2026/03/24 01:48:12.970, 0, 228.07 W, 27, 2032 MHz, 3996 MHz, 0 %, 0 %
2026/03/24 01:48:12.970, 1, 233.16 W, 29, 2032 MHz, 3996 MHz, 0 %, 0 %
2026/03/24 01:48:12.970, 2, 233.87 W, 27, 2032 MHz, 3996 MHz, 0 %, 0 %
2026/03/24 01:48:12.970, 3, 234.29 W, 30, 2032 MHz, 3996 MHz, 0 %, 0 %
2026/03/24 01:48:12.970, 4, 179.84 W, 25, 120 MHz, 3996 MHz, 0 %, 0 %
2026/03/24 01:48:12.970, 5, 182.52 W, 28, 120 MHz, 3996 MHz, 0 %, 0 %
2026/03/24 01:48:12.970, 6, 178.64 W, 26, 120 MHz, 3996 MHz, 0 %, 0 %
2026/03/24 01:48:12.970, 7, 177.27 W, 28, 120 MHz, 3996 MHz, 0 %, 0 %
2026/03/24 01:48:13.970, 0, 228.20 W, 27, 2032 MHz, 3996 MHz, 0 %, 0 %
2026/03/24 01:48:13.970, 1, 233.16 W, 29, 2032 MHz, 3996 MHz, 0 %, 0 %
2026/03/24 01:48:13.970, 2, 233.87 W, 27, 2032 MHz, 3996 MHz, 0 %, 0 %
2026/03/24 01:48:13.970, 3, 234.23 W, 30, 2032 MHz, 3996 MHz, 0 %, 0 %
2026/03/24 01:48:13.970, 4, 180.06 W, 25, 120 MHz, 3996 MHz, 0 %, 0 %
2026/03/24 01:48:13.970, 5, 182.49 W, 28, 120 MHz, 3996 MHz, 0 %, 0 %
2026/03/24 01:48:13.970, 6, 178.64 W, 26, 120 MHz, 3996 MHz, 0 %, 0 %
2026/03/24 01:48:13.970, 7, 177.21 W, 28, 120 MHz, 3996 MHz, 0 %, 0 %
2026/03/24 01:48:14.970, 0, 228.16 W, 27, 2032 MHz, 3996 MHz, 0 %, 0 %
2026/03/24 01:48:14.970, 1, 233.16 W, 29, 2032 MHz, 3996 MHz, 0 %, 0 %
2026/03/24 01:48:14.970, 2, 233.88 W, 27, 2032 MHz, 3996 MHz, 0 %, 0 %
2026/03/24 01:48:14.970, 3, 234.29 W, 30, 2032 MHz, 3996 MHz, 0 %, 0 %
2026/03/24 01:48:14.970, 4, 179.84 W, 25, 120 MHz, 3996 MHz, 0 %, 0 %
2026/03/24 01:48:14.970, 5, 182.52 W, 28, 120 MHz, 3996 MHz, 0 %, 0 %
2026/03/24 01:48:14.970, 6, 178.64 W, 26, 120 MHz, 3996 MHz, 0 %, 0 %
2026/03/24 01:48:14.970, 7, 177.28 W, 28, 120 MHz, 3996 MHz, 0 %, 0 %
2026/03/24 01:48:15.970, 0, 228.37 W, 27, 2032 MHz, 3996 MHz, 0 %, 0 %
2026/03/24 01:48:15.970, 1, 233.16 W, 29, 2032 MHz, 3996 MHz, 0 %, 0 %
2026/03/24 01:48:15.970, 2, 233.87 W, 27, 2032 MHz, 3996 MHz, 0 %, 0 %
2026/03/24 01:48:15.970, 3, 234.43 W, 30, 2032 MHz, 3996 MHz, 0 %, 0 %
2026/03/24 01:48:15.970, 4, 179.97 W, 25, 120 MHz, 3996 MHz, 0 %, 0 %
2026/03/24 01:48:15.970, 5, 182.45 W, 28, 120 MHz, 3996 MHz, 0 %, 0 %
2026/03/24 01:48:15.970, 6, 178.64 W, 26, 120 MHz, 3996 MHz, 0 %, 0 %
2026/03/24 01:48:15.970, 7, 177.34 W, 28, 120 MHz, 3996 MHz, 0 %, 0 %
2026/03/24 01:48:16.970, 0, 228.21 W, 27, 2032 MHz, 3996 MHz, 0 %, 0 %
2026/03/24 01:48:16.970, 1, 233.16 W, 29, 2032 MHz, 3996 MHz, 0 %, 0 %
2026/03/24 01:48:16.970, 2, 233.88 W, 27, 2032 MHz, 3996 MHz, 0 %, 0 %
2026/03/24 01:48:16.970, 3, 234.55 W, 30, 2032 MHz, 3996 MHz, 0 %, 0 %
2026/03/24 01:48:16.970, 4, 180.08 W, 25, 120 MHz, 3996 MHz, 0 %, 0 %
2026/03/24 01:48:16.970, 5, 182.49 W, 28, 120 MHz, 3996 MHz, 0 %, 0 %
2026/03/24 01:48:16.970, 6, 178.64 W, 26, 120 MHz, 3996 MHz, 0 %, 0 %
2026/03/24 01:48:16.970, 7, 177.40 W, 28, 120 MHz, 3996 MHz, 0 %, 0 %
2026/03/24 01:48:17.971, 0, 228.08 W, 27, 2032 MHz, 3996 MHz, 0 %, 0 %
2026/03/24 01:48:17.971, 1, 233.16 W, 29, 2032 MHz, 3996 MHz, 0 %, 0 %
2026/03/24 01:48:17.971, 2, 233.89 W, 27, 2032 MHz, 3996 MHz, 0 %, 0 %
2026/03/24 01:48:17.971, 3, 234.49 W, 30, 2032 MHz, 3996 MHz, 0 %, 0 %
2026/03/24 01:48:17.971, 4, 180.03 W, 25, 120 MHz, 3996 MHz, 0 %, 0 %
2026/03/24 01:48:17.971, 5, 182.49 W, 28, 120 MHz, 3996 MHz, 0 %, 0 %
2026/03/24 01:48:17.971, 6, 178.64 W, 26, 120 MHz, 3996 MHz, 0 %, 0 %
2026/03/24 01:48:17.971, 7, 177.57 W, 28, 120 MHz, 3996 MHz, 0 %, 0 %
2026/03/24 01:48:18.971, 0, 228.27 W, 27, 2032 MHz, 3996 MHz, 0 %, 0 %
2026/03/24 01:48:18.971, 1, 233.16 W, 29, 2032 MHz, 3996 MHz, 0 %, 0 %
2026/03/24 01:48:18.971, 2, 233.88 W, 27, 2032 MHz, 3996 MHz, 0 %, 0 %
2026/03/24 01:48:18.971, 3, 234.36 W, 30, 2032 MHz, 3996 MHz, 0 %, 0 %
2026/03/24 01:48:18.971, 4, 180.29 W, 25, 120 MHz, 3996 MHz, 0 %, 0 %
2026/03/24 01:48:18.971, 5, 182.45 W, 28, 120 MHz, 3996 MHz, 0 %, 0 %
2026/03/24 01:48:18.971, 6, 178.64 W, 26, 120 MHz, 3996 MHz, 0 %, 0 %
2026/03/24 01:48:18.971, 7, 177.20 W, 28, 120 MHz, 3996 MHz, 0 %, 0 %
2026/03/24 01:48:19.971, 0, 228.21 W, 27, 2032 MHz, 3996 MHz, 0 %, 0 %
2026/03/24 01:48:19.971, 1, 233.16 W, 29, 2032 MHz, 3996 MHz, 0 %, 0 %
2026/03/24 01:48:19.971, 2, 233.88 W, 27, 2032 MHz, 3996 MHz, 0 %, 0 %
2026/03/24 01:48:19.971, 3, 234.50 W, 30, 2032 MHz, 3996 MHz, 0 %, 0 %
2026/03/24 01:48:19.971, 4, 179.95 W, 25, 120 MHz, 3996 MHz, 0 %, 0 %
2026/03/24 01:48:19.971, 5, 182.49 W, 28, 120 MHz, 3996 MHz, 0 %, 0 %
2026/03/24 01:48:19.971, 6, 178.64 W, 26, 120 MHz, 3996 MHz, 0 %, 0 %
2026/03/24 01:48:19.971, 7, 177.38 W, 28, 120 MHz, 3996 MHz, 0 %, 0 %
2026/03/24 01:48:20.971, 0, 228.46 W, 27, 2032 MHz, 3996 MHz, 0 %, 0 %
2026/03/24 01:48:20.971, 1, 233.16 W, 29, 2032 MHz, 3996 MHz, 0 %, 0 %
2026/03/24 01:48:20.971, 2, 233.88 W, 27, 2032 MHz, 3996 MHz, 0 %, 0 %
2026/03/24 01:48:20.971, 3, 234.80 W, 30, 2032 MHz, 3996 MHz, 0 %, 0 %
2026/03/24 01:48:20.971, 4, 179.89 W, 25, 120 MHz, 3996 MHz, 0 %, 0 %
2026/03/24 01:48:20.971, 5, 182.49 W, 28, 120 MHz, 3996 MHz, 0 %, 0 %
2026/03/24 01:48:20.971, 6, 178.64 W, 26, 120 MHz, 3996 MHz, 0 %, 0 %
2026/03/24 01:48:20.971, 7, 177.31 W, 28, 120 MHz, 3996 MHz, 0 %, 0 %
2026/03/24 01:48:21.971, 0, 228.32 W, 27, 2032 MHz, 3996 MHz, 0 %, 0 %
2026/03/24 01:48:21.971, 1, 233.16 W, 29, 2032 MHz, 3996 MHz, 0 %, 0 %
2026/03/24 01:48:21.971, 2, 233.88 W, 27, 2032 MHz, 3996 MHz, 0 %, 0 %
2026/03/24 01:48:21.971, 3, 234.54 W, 30, 2032 MHz, 3996 MHz, 0 %, 0 %
2026/03/24 01:48:21.971, 4, 179.87 W, 25, 120 MHz, 3996 MHz, 0 %, 0 %
2026/03/24 01:48:21.971, 5, 182.52 W, 28, 120 MHz, 3996 MHz, 0 %, 0 %
2026/03/24 01:48:21.971, 6, 178.64 W, 26, 120 MHz, 3996 MHz, 0 %, 0 %
2026/03/24 01:48:21.971, 7, 177.24 W, 28, 120 MHz, 3996 MHz, 0 %, 0 %
2026/03/24 01:48:22.971, 0, 228.35 W, 27, 2032 MHz, 3996 MHz, 0 %, 0 %
2026/03/24 01:48:22.971, 1, 233.16 W, 29, 2032 MHz, 3996 MHz, 0 %, 0 %
2026/03/24 01:48:22.971, 2, 233.87 W, 27, 2032 MHz, 3996 MHz, 0 %, 0 %
2026/03/24 01:48:22.971, 3, 234.66 W, 30, 2032 MHz, 3996 MHz, 0 %, 0 %
2026/03/24 01:48:22.971, 4, 179.90 W, 25, 120 MHz, 3996 MHz, 0 %, 0 %
2026/03/24 01:48:22.971, 5, 182.52 W, 28, 120 MHz, 3996 MHz, 0 %, 0 %
2026/03/24 01:48:22.971, 6, 178.64 W, 26, 120 MHz, 3996 MHz, 0 %, 0 %
2026/03/24 01:48:22.971, 7, 177.42 W, 28, 120 MHz, 3996 MHz, 0 %, 0 %
2026/03/24 01:48:23.971, 0, 228.21 W, 27, 2032 MHz, 3996 MHz, 0 %, 0 %
2026/03/24 01:48:23.971, 1, 233.16 W, 29, 2032 MHz, 3996 MHz, 0 %, 0 %
2026/03/24 01:48:23.971, 2, 233.87 W, 27, 2032 MHz, 3996 MHz, 0 %, 0 %
2026/03/24 01:48:23.971, 3, 234.36 W, 30, 2032 MHz, 3996 MHz, 0 %, 0 %
2026/03/24 01:48:23.971, 4, 180.21 W, 25, 120 MHz, 3996 MHz, 0 %, 0 %
2026/03/24 01:48:23.972, 5, 182.41 W, 28, 120 MHz, 3996 MHz, 0 %, 0 %
2026/03/24 01:48:23.972, 6, 178.64 W, 26, 120 MHz, 3996 MHz, 0 %, 0 %
2026/03/24 01:48:23.972, 7, 177.42 W, 28, 120 MHz, 3996 MHz, 0 %, 0 %
2026/03/24 01:48:24.972, 0, 228.41 W, 27, 2032 MHz, 3996 MHz, 0 %, 0 %
2026/03/24 01:48:24.972, 1, 233.16 W, 29, 2032 MHz, 3996 MHz, 0 %, 0 %
2026/03/24 01:48:24.972, 2, 233.87 W, 27, 2032 MHz, 3996 MHz, 0 %, 0 %
2026/03/24 01:48:24.972, 3, 234.68 W, 30, 2032 MHz, 3996 MHz, 0 %, 0 %
2026/03/24 01:48:24.972, 4, 179.91 W, 25, 120 MHz, 3996 MHz, 0 %, 0 %
2026/03/24 01:48:24.972, 5, 182.52 W, 28, 120 MHz, 3996 MHz, 0 %, 0 %
2026/03/24 01:48:24.972, 6, 178.64 W, 26, 120 MHz, 3996 MHz, 0 %, 0 %
2026/03/24 01:48:24.972, 7, 177.21 W, 28, 120 MHz, 3996 MHz, 0 %, 0 %
2026/03/24 01:48:25.972, 0, 228.41 W, 27, 2032 MHz, 3996 MHz, 0 %, 0 %
2026/03/24 01:48:25.972, 1, 233.16 W, 29, 2032 MHz, 3996 MHz, 0 %, 0 %
2026/03/24 01:48:25.972, 2, 233.87 W, 27, 2032 MHz, 3996 MHz, 0 %, 0 %
2026/03/24 01:48:25.972, 3, 234.82 W, 30, 2032 MHz, 3996 MHz, 0 %, 0 %
2026/03/24 01:48:25.972, 4, 180.04 W, 25, 120 MHz, 3996 MHz, 0 %, 0 %
2026/03/24 01:48:25.972, 5, 182.49 W, 28, 120 MHz, 3996 MHz, 0 %, 0 %
2026/03/24 01:48:25.972, 6, 178.64 W, 26, 120 MHz, 3996 MHz, 0 %, 0 %
2026/03/24 01:48:25.972, 7, 177.31 W, 28, 120 MHz, 3996 MHz, 0 %, 0 %
2026/03/24 01:48:26.972, 0, 228.47 W, 27, 2032 MHz, 3996 MHz, 0 %, 0 %
2026/03/24 01:48:26.972, 1, 233.24 W, 29, 2032 MHz, 3996 MHz, 0 %, 0 %
2026/03/24 01:48:26.972, 2, 233.87 W, 27, 2032 MHz, 3996 MHz, 0 %, 0 %
2026/03/24 01:48:26.972, 3, 234.97 W, 30, 2032 MHz, 3996 MHz, 0 %, 0 %
2026/03/24 01:48:26.972, 4, 180.18 W, 25, 120 MHz, 3996 MHz, 0 %, 0 %
2026/03/24 01:48:26.972, 5, 182.52 W, 28, 120 MHz, 3996 MHz, 0 %, 0 %
2026/03/24 01:48:26.972, 6, 178.64 W, 26, 120 MHz, 3996 MHz, 0 %, 0 %
2026/03/24 01:48:26.972, 7, 177.63 W, 28, 120 MHz, 3996 MHz, 0 %, 0 %
2026/03/24 01:48:27.972, 0, 228.33 W, 27, 2032 MHz, 3996 MHz, 1 %, 0 %
2026/03/24 01:48:27.972, 1, 233.24 W, 29, 2032 MHz, 3996 MHz, 1 %, 0 %
2026/03/24 01:48:27.972, 2, 234.17 W, 27, 2032 MHz, 3996 MHz, 1 %, 0 %
2026/03/24 01:48:27.972, 3, 235.10 W, 30, 2032 MHz, 3996 MHz, 1 %, 0 %
2026/03/24 01:48:27.972, 4, 179.67 W, 25, 120 MHz, 3996 MHz, 0 %, 0 %
2026/03/24 01:48:27.972, 5, 182.52 W, 28, 120 MHz, 3996 MHz, 0 %, 0 %
2026/03/24 01:48:27.972, 6, 178.64 W, 26, 120 MHz, 3996 MHz, 0 %, 0 %
2026/03/24 01:48:27.972, 7, 177.36 W, 28, 120 MHz, 3996 MHz, 0 %, 0 %
2026/03/24 01:48:28.972, 0, 228.12 W, 27, 2032 MHz, 3996 MHz, 0 %, 0 %
2026/03/24 01:48:28.972, 1, 233.16 W, 29, 2032 MHz, 3996 MHz, 1 %, 0 %
2026/03/24 01:48:28.972, 2, 233.95 W, 27, 2032 MHz, 3996 MHz, 0 %, 0 %
2026/03/24 01:48:28.972, 3, 234.83 W, 30, 2032 MHz, 3996 MHz, 1 %, 0 %
2026/03/24 01:48:28.972, 4, 179.94 W, 25, 120 MHz, 3996 MHz, 0 %, 0 %
2026/03/24 01:48:28.972, 5, 182.49 W, 28, 120 MHz, 3996 MHz, 0 %, 0 %
2026/03/24 01:48:28.972, 6, 178.64 W, 26, 120 MHz, 3996 MHz, 0 %, 0 %
2026/03/24 01:48:28.972, 7, 177.48 W, 28, 120 MHz, 3996 MHz, 0 %, 0 %
2026/03/24 01:48:29.972, 0, 228.09 W, 27, 2032 MHz, 3996 MHz, 0 %, 0 %
2026/03/24 01:48:29.973, 1, 233.16 W, 29, 2032 MHz, 3996 MHz, 0 %, 0 %
2026/03/24 01:48:29.973, 2, 233.88 W, 27, 2032 MHz, 3996 MHz, 0 %, 0 %
2026/03/24 01:48:29.973, 3, 233.80 W, 30, 2032 MHz, 3996 MHz, 0 %, 0 %
2026/03/24 01:48:29.973, 4, 180.02 W, 25, 120 MHz, 3996 MHz, 0 %, 0 %
2026/03/24 01:48:29.973, 5, 182.49 W, 28, 120 MHz, 3996 MHz, 0 %, 0 %
2026/03/24 01:48:29.973, 6, 178.64 W, 26, 120 MHz, 3996 MHz, 0 %, 0 %
2026/03/24 01:48:29.973, 7, 177.53 W, 28, 120 MHz, 3996 MHz, 0 %, 0 %
2026/03/24 01:48:30.973, 0, 228.06 W, 27, 2032 MHz, 3996 MHz, 0 %, 0 %
2026/03/24 01:48:30.973, 1, 233.16 W, 29, 2032 MHz, 3996 MHz, 0 %, 0 %
2026/03/24 01:48:30.973, 2, 233.88 W, 27, 2032 MHz, 3996 MHz, 0 %, 0 %
2026/03/24 01:48:30.973, 3, 233.61 W, 30, 2032 MHz, 3996 MHz, 0 %, 0 %
2026/03/24 01:48:30.973, 4, 179.99 W, 25, 120 MHz, 3996 MHz, 0 %, 0 %
2026/03/24 01:48:30.973, 5, 182.52 W, 28, 120 MHz, 3996 MHz, 0 %, 0 %
2026/03/24 01:48:30.973, 6, 178.64 W, 26, 120 MHz, 3996 MHz, 0 %, 0 %
2026/03/24 01:48:30.973, 7, 177.84 W, 28, 120 MHz, 3996 MHz, 0 %, 0 %
2026/03/24 01:48:31.973, 0, 228.05 W, 27, 2032 MHz, 3996 MHz, 0 %, 0 %
2026/03/24 01:48:31.973, 1, 233.16 W, 29, 2032 MHz, 3996 MHz, 0 %, 0 %
2026/03/24 01:48:31.973, 2, 233.89 W, 27, 2032 MHz, 3996 MHz, 0 %, 0 %
2026/03/24 01:48:31.973, 3, 233.45 W, 30, 2032 MHz, 3996 MHz, 0 %, 0 %
2026/03/24 01:48:31.973, 4, 179.77 W, 25, 120 MHz, 3996 MHz, 0 %, 0 %
2026/03/24 01:48:31.973, 5, 182.45 W, 28, 120 MHz, 3996 MHz, 0 %, 0 %
2026/03/24 01:48:31.973, 6, 178.64 W, 26, 120 MHz, 3996 MHz, 0 %, 0 %
2026/03/24 01:48:31.973, 7, 177.71 W, 28, 120 MHz, 3996 MHz, 0 %, 0 %
2026/03/24 01:48:32.973, 0, 228.06 W, 27, 2032 MHz, 3996 MHz, 0 %, 0 %
2026/03/24 01:48:32.973, 1, 233.16 W, 29, 2032 MHz, 3996 MHz, 0 %, 0 %
2026/03/24 01:48:32.973, 2, 233.88 W, 27, 2032 MHz, 3996 MHz, 0 %, 0 %
2026/03/24 01:48:32.973, 3, 233.52 W, 30, 2032 MHz, 3996 MHz, 0 %, 0 %
2026/03/24 01:48:32.973, 4, 180.04 W, 25, 120 MHz, 3996 MHz, 0 %, 0 %
2026/03/24 01:48:32.973, 5, 182.49 W, 28, 120 MHz, 3996 MHz, 0 %, 0 %
2026/03/24 01:48:32.973, 6, 178.64 W, 26, 120 MHz, 3996 MHz, 0 %, 0 %
2026/03/24 01:48:32.973, 7, 177.65 W, 28, 120 MHz, 3996 MHz, 0 %, 0 %
2026/03/24 01:48:33.973, 0, 228.05 W, 27, 2032 MHz, 3996 MHz, 0 %, 0 %
2026/03/24 01:48:33.973, 1, 233.16 W, 29, 2032 MHz, 3996 MHz, 0 %, 0 %
2026/03/24 01:48:33.973, 2, 233.87 W, 27, 2032 MHz, 3996 MHz, 0 %, 0 %
2026/03/24 01:48:33.973, 3, 233.38 W, 30, 2032 MHz, 3996 MHz, 0 %, 0 %
2026/03/24 01:48:33.973, 4, 180.03 W, 25, 120 MHz, 3996 MHz, 0 %, 0 %
2026/03/24 01:48:33.973, 5, 182.49 W, 28, 120 MHz, 3996 MHz, 0 %, 0 %
2026/03/24 01:48:33.973, 6, 178.64 W, 26, 120 MHz, 3996 MHz, 0 %, 0 %
2026/03/24 01:48:33.973, 7, 177.69 W, 28, 120 MHz, 3996 MHz, 0 %, 0 %
2026/03/24 01:48:34.973, 0, 228.09 W, 27, 2032 MHz, 3996 MHz, 0 %, 0 %
2026/03/24 01:48:34.973, 1, 233.16 W, 29, 2032 MHz, 3996 MHz, 0 %, 0 %
2026/03/24 01:48:34.973, 2, 233.87 W, 27, 2032 MHz, 3996 MHz, 0 %, 0 %
2026/03/24 01:48:34.973, 3, 233.25 W, 30, 2032 MHz, 3996 MHz, 0 %, 0 %
2026/03/24 01:48:34.973, 4, 180.02 W, 25, 120 MHz, 3996 MHz, 0 %, 0 %
2026/03/24 01:48:34.973, 5, 182.49 W, 28, 120 MHz, 3996 MHz, 0 %, 0 %
2026/03/24 01:48:34.973, 6, 178.64 W, 26, 120 MHz, 3996 MHz, 0 %, 0 %
2026/03/24 01:48:34.973, 7, 177.48 W, 28, 120 MHz, 3996 MHz, 0 %, 0 %
2026/03/24 01:48:35.973, 0, 228.05 W, 27, 2032 MHz, 3996 MHz, 0 %, 0 %
2026/03/24 01:48:35.973, 1, 233.16 W, 29, 2032 MHz, 3996 MHz, 0 %, 0 %
2026/03/24 01:48:35.973, 2, 233.88 W, 27, 2032 MHz, 3996 MHz, 0 %, 0 %
2026/03/24 01:48:35.973, 3, 233.44 W, 30, 2032 MHz, 3996 MHz, 0 %, 0 %
2026/03/24 01:48:35.973, 4, 180.11 W, 25, 120 MHz, 3996 MHz, 0 %, 0 %
2026/03/24 01:48:35.973, 5, 182.37 W, 28, 120 MHz, 3996 MHz, 0 %, 0 %
2026/03/24 01:48:35.974, 6, 178.64 W, 26, 120 MHz, 3996 MHz, 0 %, 0 %
2026/03/24 01:48:35.974, 7, 177.35 W, 28, 120 MHz, 3996 MHz, 0 %, 0 %
2026/03/24 01:48:36.974, 0, 228.04 W, 27, 2032 MHz, 3996 MHz, 0 %, 0 %
2026/03/24 01:48:36.974, 1, 233.16 W, 29, 2032 MHz, 3996 MHz, 0 %, 0 %
2026/03/24 01:48:36.974, 2, 233.87 W, 27, 2032 MHz, 3996 MHz, 0 %, 0 %
2026/03/24 01:48:36.974, 3, 233.33 W, 30, 2032 MHz, 3996 MHz, 0 %, 0 %
2026/03/24 01:48:36.974, 4, 180.06 W, 25, 120 MHz, 3996 MHz, 0 %, 0 %
2026/03/24 01:48:36.974, 5, 182.45 W, 28, 120 MHz, 3996 MHz, 0 %, 0 %
2026/03/24 01:48:36.974, 6, 178.64 W, 26, 120 MHz, 3996 MHz, 0 %, 0 %
2026/03/24 01:48:36.974, 7, 177.42 W, 28, 120 MHz, 3996 MHz, 0 %, 0 %
2026/03/24 01:48:37.974, 0, 228.06 W, 27, 2032 MHz, 3996 MHz, 0 %, 0 %
2026/03/24 01:48:37.974, 1, 233.16 W, 29, 2032 MHz, 3996 MHz, 0 %, 0 %
2026/03/24 01:48:37.974, 2, 233.87 W, 27, 2032 MHz, 3996 MHz, 0 %, 0 %
2026/03/24 01:48:37.974, 3, 233.34 W, 30, 2032 MHz, 3996 MHz, 0 %, 0 %
2026/03/24 01:48:37.974, 4, 180.00 W, 25, 120 MHz, 3996 MHz, 0 %, 0 %
2026/03/24 01:48:37.974, 5, 182.49 W, 28, 120 MHz, 3996 MHz, 0 %, 0 %
2026/03/24 01:48:37.974, 6, 178.64 W, 26, 120 MHz, 3996 MHz, 0 %, 0 %
2026/03/24 01:48:37.974, 7, 177.51 W, 28, 120 MHz, 3996 MHz, 0 %, 0 %
2026/03/24 01:48:38.974, 0, 228.06 W, 27, 2032 MHz, 3996 MHz, 0 %, 0 %
2026/03/24 01:48:38.974, 1, 233.16 W, 29, 2032 MHz, 3996 MHz, 0 %, 0 %
2026/03/24 01:48:38.974, 2, 233.88 W, 27, 2032 MHz, 3996 MHz, 0 %, 0 %
2026/03/24 01:48:38.974, 3, 233.39 W, 30, 2032 MHz, 3996 MHz, 0 %, 0 %
2026/03/24 01:48:38.974, 4, 179.86 W, 25, 120 MHz, 3996 MHz, 0 %, 0 %
2026/03/24 01:48:38.974, 5, 182.41 W, 28, 120 MHz, 3996 MHz, 0 %, 0 %
2026/03/24 01:48:38.974, 6, 178.64 W, 26, 120 MHz, 3996 MHz, 0 %, 0 %
2026/03/24 01:48:38.974, 7, 177.23 W, 28, 120 MHz, 3996 MHz, 0 %, 0 %
2026/03/24 01:48:39.974, 0, 228.04 W, 27, 2032 MHz, 3996 MHz, 0 %, 0 %
2026/03/24 01:48:39.974, 1, 233.16 W, 29, 2032 MHz, 3996 MHz, 0 %, 0 %
2026/03/24 01:48:39.974, 2, 233.87 W, 27, 2032 MHz, 3996 MHz, 0 %, 0 %
2026/03/24 01:48:39.974, 3, 233.31 W, 30, 2032 MHz, 3996 MHz, 0 %, 0 %
2026/03/24 01:48:39.974, 4, 179.98 W, 25, 120 MHz, 3996 MHz, 0 %, 0 %
2026/03/24 01:48:39.974, 5, 182.52 W, 28, 120 MHz, 3996 MHz, 0 %, 0 %
2026/03/24 01:48:39.974, 6, 178.64 W, 26, 120 MHz, 3996 MHz, 0 %, 0 %
2026/03/24 01:48:39.974, 7, 177.52 W, 28, 120 MHz, 3996 MHz, 0 %, 0 %
2026/03/24 01:48:40.974, 0, 228.06 W, 27, 2032 MHz, 3996 MHz, 0 %, 0 %
2026/03/24 01:48:40.974, 1, 233.16 W, 29, 2032 MHz, 3996 MHz, 0 %, 0 %
2026/03/24 01:48:40.974, 2, 233.88 W, 27, 2032 MHz, 3996 MHz, 0 %, 0 %
2026/03/24 01:48:40.974, 3, 233.46 W, 30, 2032 MHz, 3996 MHz, 0 %, 0 %
2026/03/24 01:48:40.974, 4, 179.85 W, 25, 120 MHz, 3996 MHz, 0 %, 0 %
2026/03/24 01:48:40.974, 5, 182.41 W, 28, 120 MHz, 3996 MHz, 0 %, 0 %
2026/03/24 01:48:40.974, 6, 178.64 W, 26, 120 MHz, 3996 MHz, 0 %, 0 %
2026/03/24 01:48:40.974, 7, 177.43 W, 28, 120 MHz, 3996 MHz, 0 %, 0 %
2026/03/24 01:48:41.974, 0, 228.28 W, 27, 2032 MHz, 3996 MHz, 0 %, 0 %
2026/03/24 01:48:41.974, 1, 233.20 W, 29, 2032 MHz, 3996 MHz, 0 %, 0 %
2026/03/24 01:48:41.974, 2, 233.91 W, 27, 2032 MHz, 3996 MHz, 0 %, 0 %
2026/03/24 01:48:41.974, 3, 234.19 W, 30, 2032 MHz, 3996 MHz, 0 %, 0 %
2026/03/24 01:48:41.974, 4, 180.07 W, 25, 120 MHz, 3996 MHz, 0 %, 0 %
2026/03/24 01:48:41.974, 5, 182.41 W, 28, 120 MHz, 3996 MHz, 0 %, 0 %
2026/03/24 01:48:41.974, 6, 178.64 W, 26, 120 MHz, 3996 MHz, 0 %, 0 %
2026/03/24 01:48:41.974, 7, 177.20 W, 28, 120 MHz, 3996 MHz, 0 %, 0 %
2026/03/24 01:48:42.974, 0, 228.10 W, 27, 2032 MHz, 3996 MHz, 0 %, 0 %
2026/03/24 01:48:42.975, 1, 233.16 W, 29, 2032 MHz, 3996 MHz, 0 %, 0 %
2026/03/24 01:48:42.975, 2, 233.88 W, 27, 2032 MHz, 3996 MHz, 0 %, 0 %
2026/03/24 01:48:42.975, 3, 233.70 W, 30, 2032 MHz, 3996 MHz, 0 %, 0 %
2026/03/24 01:48:42.975, 4, 180.19 W, 25, 120 MHz, 3996 MHz, 0 %, 0 %
2026/03/24 01:48:42.975, 5, 182.45 W, 28, 120 MHz, 3996 MHz, 0 %, 0 %
2026/03/24 01:48:42.975, 6, 178.64 W, 26, 120 MHz, 3996 MHz, 0 %, 0 %
2026/03/24 01:48:42.975, 7, 177.48 W, 28, 120 MHz, 3996 MHz, 0 %, 0 %
2026/03/24 01:48:43.975, 0, 228.05 W, 27, 2032 MHz, 3996 MHz, 0 %, 0 %
2026/03/24 01:48:43.975, 1, 233.16 W, 29, 2032 MHz, 3996 MHz, 0 %, 0 %
2026/03/24 01:48:43.975, 2, 233.89 W, 27, 2032 MHz, 3996 MHz, 0 %, 0 %
2026/03/24 01:48:43.975, 3, 233.74 W, 30, 2032 MHz, 3996 MHz, 0 %, 0 %
2026/03/24 01:48:43.975, 4, 180.11 W, 25, 120 MHz, 3996 MHz, 0 %, 0 %
2026/03/24 01:48:43.975, 5, 182.52 W, 28, 120 MHz, 3996 MHz, 0 %, 0 %
2026/03/24 01:48:43.975, 6, 178.64 W, 26, 120 MHz, 3996 MHz, 0 %, 0 %
2026/03/24 01:48:43.975, 7, 177.53 W, 28, 120 MHz, 3996 MHz, 0 %, 0 %
2026/03/24 01:48:44.975, 0, 228.06 W, 27, 2032 MHz, 3996 MHz, 0 %, 0 %
2026/03/24 01:48:44.975, 1, 233.16 W, 29, 2032 MHz, 3996 MHz, 0 %, 0 %
2026/03/24 01:48:44.975, 2, 233.88 W, 27, 2032 MHz, 3996 MHz, 0 %, 0 %
2026/03/24 01:48:44.975, 3, 233.26 W, 30, 2032 MHz, 3996 MHz, 0 %, 0 %
2026/03/24 01:48:44.975, 4, 180.37 W, 25, 120 MHz, 3996 MHz, 0 %, 0 %
2026/03/24 01:48:44.975, 5, 182.49 W, 28, 120 MHz, 3996 MHz, 0 %, 0 %
2026/03/24 01:48:44.975, 6, 178.64 W, 26, 120 MHz, 3996 MHz, 0 %, 0 %
2026/03/24 01:48:44.975, 7, 177.32 W, 28, 120 MHz, 3996 MHz, 0 %, 0 %
2026/03/24 01:48:45.975, 0, 228.07 W, 27, 2032 MHz, 3996 MHz, 0 %, 0 %
2026/03/24 01:48:45.975, 1, 233.16 W, 29, 2032 MHz, 3996 MHz, 0 %, 0 %
2026/03/24 01:48:45.975, 2, 233.90 W, 27, 2032 MHz, 3996 MHz, 0 %, 0 %
2026/03/24 01:48:45.975, 3, 233.38 W, 30, 2032 MHz, 3996 MHz, 0 %, 0 %
2026/03/24 01:48:45.975, 4, 180.18 W, 25, 120 MHz, 3996 MHz, 0 %, 0 %
2026/03/24 01:48:45.975, 5, 182.41 W, 28, 120 MHz, 3996 MHz, 0 %, 0 %
2026/03/24 01:48:45.975, 6, 178.64 W, 26, 120 MHz, 3996 MHz, 0 %, 0 %
2026/03/24 01:48:45.975, 7, 177.32 W, 28, 120 MHz, 3996 MHz, 0 %, 0 %
2026/03/24 01:48:46.975, 0, 228.05 W, 27, 2032 MHz, 3996 MHz, 0 %, 0 %
2026/03/24 01:48:46.975, 1, 233.16 W, 29, 2032 MHz, 3996 MHz, 0 %, 0 %
2026/03/24 01:48:46.975, 2, 233.88 W, 27, 2032 MHz, 3996 MHz, 0 %, 0 %
2026/03/24 01:48:46.975, 3, 233.38 W, 30, 2032 MHz, 3996 MHz, 0 %, 0 %
2026/03/24 01:48:46.975, 4, 179.93 W, 25, 120 MHz, 3996 MHz, 0 %, 0 %
2026/03/24 01:48:46.975, 5, 182.45 W, 28, 120 MHz, 3996 MHz, 0 %, 0 %
2026/03/24 01:48:46.975, 6, 178.64 W, 26, 120 MHz, 3996 MHz, 0 %, 0 %
2026/03/24 01:48:46.975, 7, 177.42 W, 28, 120 MHz, 3996 MHz, 0 %, 0 %
2026/03/24 01:48:47.975, 0, 228.05 W, 27, 2032 MHz, 3996 MHz, 6 %, 0 %
2026/03/24 01:48:47.975, 1, 233.16 W, 29, 2032 MHz, 3996 MHz, 3 %, 0 %
2026/03/24 01:48:47.975, 2, 233.88 W, 27, 2032 MHz, 3996 MHz, 6 %, 0 %
2026/03/24 01:48:47.975, 3, 233.84 W, 30, 2032 MHz, 3996 MHz, 7 %, 0 %
2026/03/24 01:48:47.975, 4, 180.06 W, 25, 120 MHz, 3996 MHz, 0 %, 0 %
2026/03/24 01:48:47.975, 5, 182.52 W, 28, 120 MHz, 3996 MHz, 0 %, 0 %
2026/03/24 01:48:47.975, 6, 178.64 W, 26, 120 MHz, 3996 MHz, 0 %, 0 %
2026/03/24 01:48:47.975, 7, 177.63 W, 28, 120 MHz, 3996 MHz, 0 %, 0 %
2026/03/24 01:48:48.975, 0, 229.01 W, 27, 2032 MHz, 3996 MHz, 7 %, 0 %
2026/03/24 01:48:48.975, 1, 234.33 W, 29, 2032 MHz, 3996 MHz, 11 %, 0 %
2026/03/24 01:48:48.975, 2, 234.49 W, 27, 2032 MHz, 3996 MHz, 9 %, 0 %
2026/03/24 01:48:48.975, 3, 234.38 W, 30, 2032 MHz, 3996 MHz, 5 %, 0 %
2026/03/24 01:48:48.975, 4, 180.18 W, 25, 120 MHz, 3996 MHz, 0 %, 0 %
2026/03/24 01:48:48.975, 5, 182.49 W, 28, 120 MHz, 3996 MHz, 0 %, 0 %
2026/03/24 01:48:48.975, 6, 178.64 W, 26, 120 MHz, 3996 MHz, 0 %, 0 %
2026/03/24 01:48:48.976, 7, 177.24 W, 28, 120 MHz, 3996 MHz, 0 %, 0 %
2026/03/24 01:48:49.976, 0, 229.34 W, 27, 2032 MHz, 3996 MHz, 8 %, 0 %
2026/03/24 01:48:49.976, 1, 234.06 W, 29, 2032 MHz, 3996 MHz, 11 %, 0 %
2026/03/24 01:48:49.976, 2, 234.68 W, 27, 2032 MHz, 3996 MHz, 10 %, 0 %
2026/03/24 01:48:49.976, 3, 235.01 W, 30, 2032 MHz, 3996 MHz, 5 %, 0 %
2026/03/24 01:48:49.976, 4, 180.38 W, 25, 120 MHz, 3996 MHz, 0 %, 0 %
2026/03/24 01:48:49.976, 5, 182.41 W, 28, 120 MHz, 3996 MHz, 0 %, 0 %
2026/03/24 01:48:49.976, 6, 178.64 W, 26, 120 MHz, 3996 MHz, 0 %, 0 %
2026/03/24 01:48:49.976, 7, 177.32 W, 28, 120 MHz, 3996 MHz, 0 %, 0 %
2026/03/24 01:48:50.976, 0, 229.41 W, 27, 2032 MHz, 3996 MHz, 6 %, 0 %
2026/03/24 01:48:50.976, 1, 234.08 W, 29, 2032 MHz, 3996 MHz, 7 %, 0 %
2026/03/24 01:48:50.976, 2, 234.67 W, 27, 2032 MHz, 3996 MHz, 9 %, 0 %
2026/03/24 01:48:50.976, 3, 234.97 W, 30, 2032 MHz, 3996 MHz, 4 %, 0 %
2026/03/24 01:48:50.976, 4, 180.31 W, 25, 120 MHz, 3996 MHz, 0 %, 0 %
2026/03/24 01:48:50.976, 5, 182.52 W, 28, 120 MHz, 3996 MHz, 0 %, 0 %
2026/03/24 01:48:50.976, 6, 178.64 W, 26, 120 MHz, 3996 MHz, 0 %, 0 %
2026/03/24 01:48:50.976, 7, 177.61 W, 28, 120 MHz, 3996 MHz, 0 %, 0 %
2026/03/24 01:48:51.976, 0, 229.40 W, 27, 2032 MHz, 3996 MHz, 6 %, 0 %
2026/03/24 01:48:51.976, 1, 234.10 W, 29, 2032 MHz, 3996 MHz, 6 %, 0 %
2026/03/24 01:48:51.976, 2, 234.67 W, 27, 2032 MHz, 3996 MHz, 10 %, 0 %
2026/03/24 01:48:51.976, 3, 234.98 W, 30, 2032 MHz, 3996 MHz, 4 %, 0 %
2026/03/24 01:48:51.976, 4, 179.79 W, 25, 120 MHz, 3996 MHz, 0 %, 0 %
2026/03/24 01:48:51.976, 5, 182.37 W, 28, 120 MHz, 3996 MHz, 0 %, 0 %
2026/03/24 01:48:51.976, 6, 178.64 W, 26, 120 MHz, 3996 MHz, 0 %, 0 %
2026/03/24 01:48:51.976, 7, 177.38 W, 28, 120 MHz, 3996 MHz, 0 %, 0 %
2026/03/24 01:48:52.976, 0, 229.30 W, 27, 2032 MHz, 3996 MHz, 5 %, 0 %
2026/03/24 01:48:52.976, 1, 234.14 W, 29, 2032 MHz, 3996 MHz, 5 %, 0 %
2026/03/24 01:48:52.976, 2, 234.62 W, 27, 2032 MHz, 3996 MHz, 9 %, 0 %
2026/03/24 01:48:52.976, 3, 234.94 W, 30, 2032 MHz, 3996 MHz, 5 %, 0 %
2026/03/24 01:48:52.976, 4, 179.99 W, 25, 120 MHz, 3996 MHz, 0 %, 0 %
2026/03/24 01:48:52.976, 5, 182.45 W, 28, 120 MHz, 3996 MHz, 0 %, 0 %
2026/03/24 01:48:52.976, 6, 178.64 W, 26, 120 MHz, 3996 MHz, 0 %, 0 %
2026/03/24 01:48:52.976, 7, 177.48 W, 28, 120 MHz, 3996 MHz, 0 %, 0 %
2026/03/24 01:48:53.976, 0, 229.30 W, 27, 2032 MHz, 3996 MHz, 4 %, 0 %
2026/03/24 01:48:53.976, 1, 234.08 W, 29, 2032 MHz, 3996 MHz, 5 %, 0 %
2026/03/24 01:48:53.976, 2, 234.60 W, 27, 2032 MHz, 3996 MHz, 7 %, 0 %
2026/03/24 01:48:53.976, 3, 234.87 W, 30, 2032 MHz, 3996 MHz, 5 %, 0 %
2026/03/24 01:48:53.976, 4, 180.06 W, 25, 120 MHz, 3996 MHz, 0 %, 0 %
2026/03/24 01:48:53.976, 5, 182.45 W, 28, 120 MHz, 3996 MHz, 0 %, 0 %
2026/03/24 01:48:53.976, 6, 178.64 W, 26, 120 MHz, 3996 MHz, 0 %, 0 %
2026/03/24 01:48:53.976, 7, 177.57 W, 28, 120 MHz, 3996 MHz, 0 %, 0 %
2026/03/24 01:48:54.976, 0, 229.27 W, 27, 2032 MHz, 3996 MHz, 5 %, 0 %
2026/03/24 01:48:54.976, 1, 234.33 W, 29, 2032 MHz, 3996 MHz, 10 %, 0 %
2026/03/24 01:48:54.976, 2, 234.67 W, 27, 2032 MHz, 3996 MHz, 7 %, 0 %
2026/03/24 01:48:54.976, 3, 234.94 W, 30, 2032 MHz, 3996 MHz, 6 %, 0 %
2026/03/24 01:48:54.976, 4, 179.66 W, 25, 120 MHz, 3996 MHz, 0 %, 0 %
2026/03/24 01:48:54.976, 5, 182.45 W, 28, 120 MHz, 3996 MHz, 0 %, 0 %
2026/03/24 01:48:54.976, 6, 178.64 W, 26, 120 MHz, 3996 MHz, 0 %, 0 %
2026/03/24 01:48:54.976, 7, 177.24 W, 28, 120 MHz, 3996 MHz, 0 %, 0 %
2026/03/24 01:48:55.977, 0, 229.26 W, 27, 2032 MHz, 3996 MHz, 5 %, 0 %
2026/03/24 01:48:55.977, 1, 234.41 W, 29, 2032 MHz, 3996 MHz, 8 %, 0 %
2026/03/24 01:48:55.977, 2, 234.62 W, 27, 2032 MHz, 3996 MHz, 6 %, 0 %
2026/03/24 01:48:55.977, 3, 235.02 W, 30, 2032 MHz, 3996 MHz, 7 %, 0 %
2026/03/24 01:48:55.977, 4, 179.98 W, 25, 120 MHz, 3996 MHz, 0 %, 0 %
2026/03/24 01:48:55.977, 5, 182.52 W, 28, 120 MHz, 3996 MHz, 0 %, 0 %
2026/03/24 01:48:55.977, 6, 178.64 W, 26, 120 MHz, 3996 MHz, 0 %, 0 %
2026/03/24 01:48:55.977, 7, 177.38 W, 28, 120 MHz, 3996 MHz, 0 %, 0 %
2026/03/24 01:48:56.977, 0, 229.43 W, 27, 2032 MHz, 3996 MHz, 6 %, 0 %
2026/03/24 01:48:56.977, 1, 234.31 W, 29, 2032 MHz, 3996 MHz, 7 %, 0 %
2026/03/24 01:48:56.977, 2, 234.71 W, 27, 2032 MHz, 3996 MHz, 6 %, 0 %
2026/03/24 01:48:56.977, 3, 234.94 W, 30, 2032 MHz, 3996 MHz, 9 %, 0 %
2026/03/24 01:48:56.977, 4, 179.91 W, 25, 120 MHz, 3996 MHz, 0 %, 0 %
2026/03/24 01:48:56.977, 5, 182.37 W, 28, 120 MHz, 3996 MHz, 0 %, 0 %
2026/03/24 01:48:56.977, 6, 178.64 W, 26, 120 MHz, 3996 MHz, 0 %, 0 %
2026/03/24 01:48:56.977, 7, 177.19 W, 28, 120 MHz, 3996 MHz, 0 %, 0 %
2026/03/24 01:48:57.977, 0, 229.27 W, 27, 2032 MHz, 3996 MHz, 6 %, 0 %
2026/03/24 01:48:57.977, 1, 234.23 W, 29, 2032 MHz, 3996 MHz, 7 %, 0 %
2026/03/24 01:48:57.977, 2, 234.51 W, 27, 2032 MHz, 3996 MHz, 5 %, 0 %
2026/03/24 01:48:57.977, 3, 234.89 W, 30, 2032 MHz, 3996 MHz, 9 %, 0 %
2026/03/24 01:48:57.977, 4, 179.73 W, 25, 120 MHz, 3996 MHz, 0 %, 0 %
2026/03/24 01:48:57.977, 5, 182.52 W, 28, 120 MHz, 3996 MHz, 0 %, 0 %
2026/03/24 01:48:57.977, 6, 178.64 W, 26, 120 MHz, 3996 MHz, 0 %, 0 %
2026/03/24 01:48:57.977, 7, 177.09 W, 28, 120 MHz, 3996 MHz, 0 %, 0 %
2026/03/24 01:48:58.977, 0, 229.26 W, 27, 2032 MHz, 3996 MHz, 9 %, 0 %
2026/03/24 01:48:58.977, 1, 234.10 W, 29, 2032 MHz, 3996 MHz, 8 %, 0 %
2026/03/24 01:48:58.977, 2, 234.51 W, 27, 2032 MHz, 3996 MHz, 5 %, 0 %
2026/03/24 01:48:58.977, 3, 235.09 W, 30, 2032 MHz, 3996 MHz, 9 %, 0 %
2026/03/24 01:48:58.977, 4, 179.72 W, 25, 120 MHz, 3996 MHz, 0 %, 0 %
2026/03/24 01:48:58.977, 5, 182.33 W, 28, 120 MHz, 3996 MHz, 0 %, 0 %
2026/03/24 01:48:58.977, 6, 178.64 W, 26, 120 MHz, 3996 MHz, 0 %, 0 %
2026/03/24 01:48:58.977, 7, 177.34 W, 28, 120 MHz, 3996 MHz, 0 %, 0 %
2026/03/24 01:48:59.977, 0, 229.47 W, 27, 2032 MHz, 3996 MHz, 12 %, 0 %
2026/03/24 01:48:59.977, 1, 234.19 W, 29, 2032 MHz, 3996 MHz, 9 %, 0 %
2026/03/24 01:48:59.977, 2, 234.63 W, 27, 2032 MHz, 3996 MHz, 6 %, 0 %
2026/03/24 01:48:59.977, 3, 235.00 W, 30, 2032 MHz, 3996 MHz, 9 %, 0 %
2026/03/24 01:48:59.977, 4, 179.86 W, 25, 120 MHz, 3996 MHz, 0 %, 0 %
2026/03/24 01:48:59.977, 5, 182.33 W, 28, 120 MHz, 3996 MHz, 0 %, 0 %
2026/03/24 01:48:59.977, 6, 178.64 W, 26, 120 MHz, 3996 MHz, 0 %, 0 %
2026/03/24 01:48:59.977, 7, 177.19 W, 28, 120 MHz, 3996 MHz, 0 %, 0 %
2026/03/24 01:49:00.977, 0, 229.46 W, 27, 2032 MHz, 3996 MHz, 12 %, 0 %
2026/03/24 01:49:00.977, 1, 234.02 W, 29, 2032 MHz, 3996 MHz, 11 %, 0 %
2026/03/24 01:49:00.977, 2, 234.55 W, 27, 2032 MHz, 3996 MHz, 5 %, 0 %
2026/03/24 01:49:00.977, 3, 234.76 W, 30, 2032 MHz, 3996 MHz, 7 %, 0 %
2026/03/24 01:49:00.977, 4, 180.05 W, 25, 120 MHz, 3996 MHz, 0 %, 0 %
2026/03/24 01:49:00.977, 5, 182.45 W, 28, 120 MHz, 3996 MHz, 0 %, 0 %
2026/03/24 01:49:00.977, 6, 178.64 W, 26, 120 MHz, 3996 MHz, 0 %, 0 %
2026/03/24 01:49:00.977, 7, 177.05 W, 28, 120 MHz, 3996 MHz, 0 %, 0 %
2026/03/24 01:49:01.977, 0, 229.45 W, 27, 2032 MHz, 3996 MHz, 12 %, 0 %
2026/03/24 01:49:01.977, 1, 234.10 W, 29, 2032 MHz, 3996 MHz, 5 %, 0 %
2026/03/24 01:49:01.977, 2, 234.40 W, 27, 2032 MHz, 3996 MHz, 5 %, 0 %
2026/03/24 01:49:01.978, 3, 234.94 W, 30, 2032 MHz, 3996 MHz, 9 %, 0 %
2026/03/24 01:49:01.978, 4, 179.90 W, 25, 120 MHz, 3996 MHz, 0 %, 0 %
2026/03/24 01:49:01.978, 5, 182.34 W, 28, 120 MHz, 3996 MHz, 0 %, 0 %
2026/03/24 01:49:01.978, 6, 178.64 W, 26, 120 MHz, 3996 MHz, 0 %, 0 %
2026/03/24 01:49:01.978, 7, 176.97 W, 28, 120 MHz, 3996 MHz, 0 %, 0 %
2026/03/24 01:49:02.978, 0, 229.41 W, 27, 2032 MHz, 3996 MHz, 12 %, 0 %
2026/03/24 01:49:02.978, 1, 234.19 W, 29, 2032 MHz, 3996 MHz, 5 %, 0 %
2026/03/24 01:49:02.978, 2, 234.71 W, 27, 2032 MHz, 3996 MHz, 5 %, 0 %
2026/03/24 01:49:02.978, 3, 234.86 W, 30, 2032 MHz, 3996 MHz, 9 %, 0 %
2026/03/24 01:49:02.978, 4, 179.71 W, 25, 120 MHz, 3996 MHz, 0 %, 0 %
2026/03/24 01:49:02.978, 5, 182.33 W, 28, 120 MHz, 3996 MHz, 0 %, 0 %
2026/03/24 01:49:02.978, 6, 178.64 W, 26, 120 MHz, 3996 MHz, 0 %, 0 %
2026/03/24 01:49:02.978, 7, 177.15 W, 28, 120 MHz, 3996 MHz, 0 %, 0 %
2026/03/24 01:49:03.978, 0, 229.18 W, 27, 2032 MHz, 3996 MHz, 12 %, 0 %
2026/03/24 01:49:03.978, 1, 234.23 W, 29, 2032 MHz, 3996 MHz, 5 %, 0 %
2026/03/24 01:49:03.978, 2, 234.57 W, 27, 2032 MHz, 3996 MHz, 5 %, 0 %
2026/03/24 01:49:03.978, 3, 234.80 W, 30, 2032 MHz, 3996 MHz, 9 %, 0 %
2026/03/24 01:49:03.978, 4, 180.17 W, 25, 120 MHz, 3996 MHz, 0 %, 0 %
2026/03/24 01:49:03.978, 5, 182.29 W, 28, 120 MHz, 3996 MHz, 0 %, 0 %
2026/03/24 01:49:03.978, 6, 178.64 W, 26, 120 MHz, 3996 MHz, 0 %, 0 %
2026/03/24 01:49:03.978, 7, 176.89 W, 28, 120 MHz, 3996 MHz, 0 %, 0 %
2026/03/24 01:49:04.978, 0, 229.23 W, 27, 2032 MHz, 3996 MHz, 6 %, 0 %
2026/03/24 01:49:04.978, 1, 234.23 W, 29, 2032 MHz, 3996 MHz, 7 %, 0 %
2026/03/24 01:49:04.978, 2, 234.80 W, 27, 2032 MHz, 3996 MHz, 5 %, 0 %
2026/03/24 01:49:04.978, 3, 234.73 W, 30, 2032 MHz, 3996 MHz, 9 %, 0 %
2026/03/24 01:49:04.978, 4, 179.80 W, 25, 120 MHz, 3996 MHz, 0 %, 0 %
2026/03/24 01:49:04.978, 5, 182.41 W, 28, 120 MHz, 3996 MHz, 0 %, 0 %
2026/03/24 01:49:04.978, 6, 178.64 W, 26, 120 MHz, 3996 MHz, 0 %, 0 %
2026/03/24 01:49:04.978, 7, 177.08 W, 28, 120 MHz, 3996 MHz, 0 %, 0 %
2026/03/24 01:49:05.978, 0, 229.19 W, 27, 2032 MHz, 3996 MHz, 5 %, 0 %
2026/03/24 01:49:05.978, 1, 234.33 W, 29, 2032 MHz, 3996 MHz, 11 %, 0 %
2026/03/24 01:49:05.978, 2, 234.78 W, 27, 2032 MHz, 3996 MHz, 4 %, 0 %
2026/03/24 01:49:05.978, 3, 234.77 W, 30, 2032 MHz, 3996 MHz, 9 %, 0 %
2026/03/24 01:49:05.978, 4, 179.82 W, 25, 120 MHz, 3996 MHz, 0 %, 0 %
2026/03/24 01:49:05.978, 5, 182.37 W, 28, 120 MHz, 3996 MHz, 0 %, 0 %
2026/03/24 01:49:05.978, 6, 178.64 W, 26, 120 MHz, 3996 MHz, 0 %, 0 %
2026/03/24 01:49:05.978, 7, 177.23 W, 28, 120 MHz, 3996 MHz, 0 %, 0 %
2026/03/24 01:49:06.978, 0, 229.34 W, 27, 2032 MHz, 3996 MHz, 6 %, 0 %
2026/03/24 01:49:06.978, 1, 234.29 W, 29, 2032 MHz, 3996 MHz, 12 %, 0 %
2026/03/24 01:49:06.978, 2, 234.64 W, 27, 2032 MHz, 3996 MHz, 5 %, 0 %
2026/03/24 01:49:06.978, 3, 234.72 W, 30, 2032 MHz, 3996 MHz, 9 %, 0 %
2026/03/24 01:49:06.978, 4, 180.07 W, 25, 120 MHz, 3996 MHz, 0 %, 0 %
2026/03/24 01:49:06.978, 5, 182.30 W, 28, 120 MHz, 3996 MHz, 0 %, 0 %
2026/03/24 01:49:06.978, 6, 178.64 W, 26, 120 MHz, 3996 MHz, 0 %, 0 %
2026/03/24 01:49:06.978, 7, 176.86 W, 28, 120 MHz, 3996 MHz, 0 %, 0 %
2026/03/24 01:49:07.978, 0, 229.31 W, 27, 2032 MHz, 3996 MHz, 11 %, 0 %
2026/03/24 01:49:07.978, 1, 234.29 W, 29, 2032 MHz, 3996 MHz, 12 %, 0 %
2026/03/24 01:49:07.978, 2, 234.32 W, 27, 2032 MHz, 3996 MHz, 4 %, 0 %
2026/03/24 01:49:07.978, 3, 234.49 W, 30, 2032 MHz, 3996 MHz, 9 %, 0 %
2026/03/24 01:49:07.978, 4, 179.94 W, 25, 120 MHz, 3996 MHz, 0 %, 0 %
2026/03/24 01:49:07.978, 5, 182.33 W, 28, 120 MHz, 3996 MHz, 0 %, 0 %
2026/03/24 01:49:07.978, 6, 178.64 W, 26, 120 MHz, 3996 MHz, 0 %, 0 %
2026/03/24 01:49:07.978, 7, 177.04 W, 28, 120 MHz, 3996 MHz, 0 %, 0 %
2026/03/24 01:49:08.979, 0, 229.35 W, 27, 2032 MHz, 3996 MHz, 11 %, 0 %
2026/03/24 01:49:08.979, 1, 234.27 W, 29, 2032 MHz, 3996 MHz, 12 %, 0 %
2026/03/24 01:49:08.979, 2, 234.38 W, 27, 2032 MHz, 3996 MHz, 4 %, 0 %
2026/03/24 01:49:08.979, 3, 234.64 W, 30, 2032 MHz, 3996 MHz, 9 %, 0 %
2026/03/24 01:49:08.979, 4, 180.06 W, 25, 120 MHz, 3996 MHz, 0 %, 0 %
2026/03/24 01:49:08.979, 5, 182.37 W, 28, 120 MHz, 3996 MHz, 0 %, 0 %
2026/03/24 01:49:08.979, 6, 178.64 W, 26, 120 MHz, 3996 MHz, 0 %, 0 %
2026/03/24 01:49:08.979, 7, 176.97 W, 28, 120 MHz, 3996 MHz, 0 %, 0 %
2026/03/24 01:49:09.979, 0, 229.31 W, 27, 2032 MHz, 3996 MHz, 11 %, 0 %
2026/03/24 01:49:09.979, 1, 234.10 W, 29, 2032 MHz, 3996 MHz, 11 %, 0 %
2026/03/24 01:49:09.979, 2, 234.40 W, 27, 2032 MHz, 3996 MHz, 5 %, 0 %
2026/03/24 01:49:09.979, 3, 234.84 W, 30, 2032 MHz, 3996 MHz, 9 %, 0 %
2026/03/24 01:49:09.979, 4, 179.95 W, 25, 120 MHz, 3996 MHz, 0 %, 0 %
2026/03/24 01:49:09.979, 5, 182.30 W, 28, 120 MHz, 3996 MHz, 0 %, 0 %
2026/03/24 01:49:09.979, 6, 178.64 W, 26, 120 MHz, 3996 MHz, 0 %, 0 %
2026/03/24 01:49:09.979, 7, 176.94 W, 28, 120 MHz, 3996 MHz, 0 %, 0 %
2026/03/24 01:49:10.979, 0, 229.20 W, 27, 2032 MHz, 3996 MHz, 11 %, 0 %
2026/03/24 01:49:10.979, 1, 234.12 W, 29, 2032 MHz, 3996 MHz, 8 %, 0 %
2026/03/24 01:49:10.979, 2, 234.55 W, 27, 2032 MHz, 3996 MHz, 5 %, 0 %
2026/03/24 01:49:10.979, 3, 234.86 W, 30, 2032 MHz, 3996 MHz, 9 %, 0 %
2026/03/24 01:49:10.979, 4, 180.11 W, 25, 120 MHz, 3996 MHz, 0 %, 0 %
2026/03/24 01:49:10.979, 5, 182.25 W, 28, 120 MHz, 3996 MHz, 0 %, 0 %
2026/03/24 01:49:10.979, 6, 178.64 W, 26, 120 MHz, 3996 MHz, 0 %, 0 %
2026/03/24 01:49:10.979, 7, 177.21 W, 28, 120 MHz, 3996 MHz, 0 %, 0 %
2026/03/24 01:49:11.979, 0, 229.24 W, 27, 2032 MHz, 3996 MHz, 11 %, 0 %
2026/03/24 01:49:11.979, 1, 234.15 W, 29, 2032 MHz, 3996 MHz, 5 %, 0 %
2026/03/24 01:49:11.979, 2, 234.47 W, 27, 2032 MHz, 3996 MHz, 5 %, 0 %
2026/03/24 01:49:11.979, 3, 234.78 W, 30, 2032 MHz, 3996 MHz, 8 %, 0 %
2026/03/24 01:49:11.979, 4, 180.15 W, 25, 120 MHz, 3996 MHz, 0 %, 0 %
2026/03/24 01:49:11.979, 5, 182.26 W, 28, 120 MHz, 3996 MHz, 0 %, 0 %
2026/03/24 01:49:11.979, 6, 178.64 W, 26, 120 MHz, 3996 MHz, 0 %, 0 %
2026/03/24 01:49:11.979, 7, 177.00 W, 28, 120 MHz, 3996 MHz, 0 %, 0 %
2026/03/24 01:49:12.979, 0, 229.09 W, 27, 2032 MHz, 3996 MHz, 10 %, 0 %
2026/03/24 01:49:12.979, 1, 234.29 W, 29, 2032 MHz, 3996 MHz, 3 %, 0 %
2026/03/24 01:49:12.979, 2, 234.78 W, 27, 2032 MHz, 3996 MHz, 5 %, 0 %
2026/03/24 01:49:12.979, 3, 234.77 W, 30, 2032 MHz, 3996 MHz, 6 %, 0 %
2026/03/24 01:49:12.979, 4, 179.98 W, 25, 120 MHz, 3996 MHz, 0 %, 0 %
2026/03/24 01:49:12.979, 5, 182.41 W, 28, 120 MHz, 3996 MHz, 0 %, 0 %
2026/03/24 01:49:12.979, 6, 178.64 W, 26, 120 MHz, 3996 MHz, 0 %, 0 %
2026/03/24 01:49:12.979, 7, 177.13 W, 28, 120 MHz, 3996 MHz, 0 %, 0 %
2026/03/24 01:49:13.979, 0, 229.04 W, 27, 2032 MHz, 3996 MHz, 4 %, 0 %
2026/03/24 01:49:13.979, 1, 234.21 W, 29, 2032 MHz, 3996 MHz, 7 %, 0 %
2026/03/24 01:49:13.979, 2, 234.42 W, 27, 2032 MHz, 3996 MHz, 5 %, 0 %
2026/03/24 01:49:13.979, 3, 234.72 W, 30, 2032 MHz, 3996 MHz, 5 %, 0 %
2026/03/24 01:49:13.979, 4, 179.68 W, 25, 120 MHz, 3996 MHz, 0 %, 0 %
2026/03/24 01:49:13.979, 5, 182.07 W, 28, 120 MHz, 3996 MHz, 0 %, 0 %
2026/03/24 01:49:13.979, 6, 178.64 W, 26, 120 MHz, 3996 MHz, 0 %, 0 %
2026/03/24 01:49:13.979, 7, 177.08 W, 28, 120 MHz, 3996 MHz, 0 %, 0 %
2026/03/24 01:49:14.979, 0, 229.21 W, 27, 2032 MHz, 3996 MHz, 5 %, 0 %
2026/03/24 01:49:14.979, 1, 234.23 W, 29, 2032 MHz, 3996 MHz, 11 %, 0 %
2026/03/24 01:49:14.979, 2, 234.41 W, 27, 2032 MHz, 3996 MHz, 5 %, 0 %
2026/03/24 01:49:14.979, 3, 234.76 W, 30, 2032 MHz, 3996 MHz, 5 %, 0 %
2026/03/24 01:49:14.979, 4, 180.08 W, 25, 120 MHz, 3996 MHz, 0 %, 0 %
2026/03/24 01:49:14.979, 5, 182.18 W, 28, 120 MHz, 3996 MHz, 0 %, 0 %
2026/03/24 01:49:14.980, 6, 178.64 W, 26, 120 MHz, 3996 MHz, 0 %, 0 %
2026/03/24 01:49:14.980, 7, 177.00 W, 28, 120 MHz, 3996 MHz, 0 %, 0 %
2026/03/24 01:49:15.980, 0, 229.26 W, 27, 2032 MHz, 3996 MHz, 5 %, 0 %
2026/03/24 01:49:15.980, 1, 234.23 W, 29, 2032 MHz, 3996 MHz, 11 %, 0 %
2026/03/24 01:49:15.980, 2, 234.38 W, 27, 2032 MHz, 3996 MHz, 4 %, 0 %
2026/03/24 01:49:15.980, 3, 234.64 W, 30, 2032 MHz, 3996 MHz, 5 %, 0 %
2026/03/24 01:49:15.980, 4, 179.70 W, 25, 120 MHz, 3996 MHz, 0 %, 0 %
2026/03/24 01:49:15.980, 5, 182.33 W, 28, 120 MHz, 3996 MHz, 0 %, 0 %
2026/03/24 01:49:15.980, 6, 178.64 W, 26, 120 MHz, 3996 MHz, 0 %, 0 %
2026/03/24 01:49:15.980, 7, 176.85 W, 28, 120 MHz, 3996 MHz, 0 %, 0 %
2026/03/24 01:49:16.980, 0, 229.30 W, 27, 2032 MHz, 3996 MHz, 4 %, 0 %
2026/03/24 01:49:16.980, 1, 234.25 W, 29, 2032 MHz, 3996 MHz, 11 %, 0 %
2026/03/24 01:49:16.980, 2, 234.56 W, 27, 2032 MHz, 3996 MHz, 3 %, 0 %
2026/03/24 01:49:16.980, 3, 234.77 W, 30, 2032 MHz, 3996 MHz, 5 %, 0 %
2026/03/24 01:49:16.980, 4, 179.88 W, 25, 120 MHz, 3996 MHz, 0 %, 0 %
2026/03/24 01:49:16.980, 5, 181.99 W, 28, 120 MHz, 3996 MHz, 0 %, 0 %
2026/03/24 01:49:16.980, 6, 178.64 W, 26, 120 MHz, 3996 MHz, 0 %, 0 %
2026/03/24 01:49:16.980, 7, 176.86 W, 28, 120 MHz, 3996 MHz, 0 %, 0 %
2026/03/24 01:49:17.980, 0, 229.39 W, 27, 2032 MHz, 3996 MHz, 7 %, 0 %
2026/03/24 01:49:17.980, 1, 234.04 W, 29, 2032 MHz, 3996 MHz, 9 %, 0 %
2026/03/24 01:49:17.980, 2, 234.42 W, 27, 2032 MHz, 3996 MHz, 3 %, 0 %
2026/03/24 01:49:17.980, 3, 234.78 W, 30, 2032 MHz, 3996 MHz, 5 %, 0 %
2026/03/24 01:49:17.980, 4, 180.17 W, 25, 120 MHz, 3996 MHz, 0 %, 0 %
2026/03/24 01:49:17.980, 5, 182.33 W, 28, 120 MHz, 3996 MHz, 0 %, 0 %
2026/03/24 01:49:17.980, 6, 178.64 W, 26, 120 MHz, 3996 MHz, 0 %, 0 %
2026/03/24 01:49:17.980, 7, 177.01 W, 28, 120 MHz, 3996 MHz, 0 %, 0 %
2026/03/24 01:49:18.980, 0, 229.47 W, 27, 2032 MHz, 3996 MHz, 8 %, 0 %
2026/03/24 01:49:18.980, 1, 234.27 W, 29, 2032 MHz, 3996 MHz, 6 %, 0 %
2026/03/24 01:49:18.980, 2, 234.45 W, 27, 2032 MHz, 3996 MHz, 3 %, 0 %
2026/03/24 01:49:18.980, 3, 234.81 W, 30, 2032 MHz, 3996 MHz, 5 %, 0 %
2026/03/24 01:49:18.980, 4, 179.98 W, 25, 120 MHz, 3996 MHz, 0 %, 0 %
2026/03/24 01:49:18.980, 5, 182.37 W, 28, 120 MHz, 3996 MHz, 0 %, 0 %
2026/03/24 01:49:18.980, 6, 178.64 W, 26, 120 MHz, 3996 MHz, 0 %, 0 %
2026/03/24 01:49:18.980, 7, 176.78 W, 28, 120 MHz, 3996 MHz, 0 %, 0 %
2026/03/24 01:49:19.980, 0, 229.35 W, 27, 2032 MHz, 3996 MHz, 12 %, 0 %
2026/03/24 01:49:19.980, 1, 234.12 W, 29, 2032 MHz, 3996 MHz, 6 %, 0 %
2026/03/24 01:49:19.980, 2, 234.36 W, 27, 2032 MHz, 3996 MHz, 4 %, 0 %
2026/03/24 01:49:19.980, 3, 234.79 W, 30, 2032 MHz, 3996 MHz, 6 %, 0 %
2026/03/24 01:49:19.980, 4, 179.92 W, 25, 120 MHz, 3996 MHz, 0 %, 0 %
2026/03/24 01:49:19.980, 5, 182.06 W, 28, 120 MHz, 3996 MHz, 0 %, 0 %
2026/03/24 01:49:19.980, 6, 178.64 W, 26, 120 MHz, 3996 MHz, 0 %, 0 %
2026/03/24 01:49:19.980, 7, 176.93 W, 27, 120 MHz, 3996 MHz, 0 %, 0 %
2026/03/24 01:49:20.980, 0, 229.38 W, 27, 2032 MHz, 3996 MHz, 12 %, 0 %
2026/03/24 01:49:20.980, 1, 233.90 W, 29, 2032 MHz, 3996 MHz, 6 %, 0 %
2026/03/24 01:49:20.980, 2, 234.67 W, 27, 2032 MHz, 3996 MHz, 5 %, 0 %
2026/03/24 01:49:20.980, 3, 234.82 W, 30, 2032 MHz, 3996 MHz, 5 %, 0 %
2026/03/24 01:49:20.980, 4, 180.04 W, 25, 120 MHz, 3996 MHz, 0 %, 0 %
2026/03/24 01:49:20.980, 5, 182.06 W, 28, 120 MHz, 3996 MHz, 0 %, 0 %
2026/03/24 01:49:20.980, 6, 178.64 W, 26, 120 MHz, 3996 MHz, 0 %, 0 %
2026/03/24 01:49:20.980, 7, 176.78 W, 28, 120 MHz, 3996 MHz, 0 %, 0 %
2026/03/24 01:49:21.981, 0, 229.38 W, 27, 2032 MHz, 3996 MHz, 12 %, 0 %
2026/03/24 01:49:21.981, 1, 234.19 W, 29, 2032 MHz, 3996 MHz, 5 %, 0 %
2026/03/24 01:49:21.981, 2, 234.45 W, 27, 2032 MHz, 3996 MHz, 6 %, 0 %
2026/03/24 01:49:21.981, 3, 234.95 W, 30, 2032 MHz, 3996 MHz, 5 %, 0 %
2026/03/24 01:49:21.981, 4, 179.99 W, 25, 120 MHz, 3996 MHz, 0 %, 0 %
2026/03/24 01:49:21.981, 5, 181.95 W, 28, 120 MHz, 3996 MHz, 0 %, 0 %
2026/03/24 01:49:21.981, 6, 178.64 W, 26, 120 MHz, 3996 MHz, 0 %, 0 %
2026/03/24 01:49:21.981, 7, 176.75 W, 28, 120 MHz, 3996 MHz, 0 %, 0 %
2026/03/24 01:49:22.981, 0, 229.31 W, 27, 2032 MHz, 3996 MHz, 12 %, 0 %
2026/03/24 01:49:22.981, 1, 234.12 W, 29, 2032 MHz, 3996 MHz, 5 %, 0 %
2026/03/24 01:49:22.981, 2, 234.43 W, 27, 2032 MHz, 3996 MHz, 6 %, 0 %
2026/03/24 01:49:22.981, 3, 234.82 W, 30, 2032 MHz, 3996 MHz, 7 %, 0 %
2026/03/24 01:49:22.981, 4, 179.83 W, 25, 120 MHz, 3996 MHz, 0 %, 0 %
2026/03/24 01:49:22.981, 5, 181.67 W, 28, 120 MHz, 3996 MHz, 0 %, 0 %
2026/03/24 01:49:22.981, 6, 178.64 W, 26, 120 MHz, 3996 MHz, 0 %, 0 %
2026/03/24 01:49:22.981, 7, 176.96 W, 27, 120 MHz, 3996 MHz, 0 %, 0 %
2026/03/24 01:49:23.981, 0, 229.31 W, 27, 2032 MHz, 3996 MHz, 9 %, 0 %
2026/03/24 01:49:23.981, 1, 234.18 W, 29, 2032 MHz, 3996 MHz, 5 %, 0 %
2026/03/24 01:49:23.981, 2, 234.65 W, 27, 2032 MHz, 3996 MHz, 7 %, 0 %
2026/03/24 01:49:23.981, 3, 234.72 W, 30, 2032 MHz, 3996 MHz, 7 %, 0 %
2026/03/24 01:49:23.981, 4, 179.69 W, 25, 120 MHz, 3996 MHz, 0 %, 0 %
2026/03/24 01:49:23.981, 5, 182.07 W, 28, 120 MHz, 3996 MHz, 0 %, 0 %
2026/03/24 01:49:23.981, 6, 178.64 W, 26, 120 MHz, 3996 MHz, 0 %, 0 %
2026/03/24 01:49:23.981, 7, 177.01 W, 27, 120 MHz, 3996 MHz, 0 %, 0 %
2026/03/24 01:49:24.981, 0, 229.22 W, 27, 2032 MHz, 3996 MHz, 4 %, 0 %
2026/03/24 01:49:24.981, 1, 234.31 W, 29, 2032 MHz, 3996 MHz, 7 %, 0 %
2026/03/24 01:49:24.981, 2, 234.70 W, 27, 2032 MHz, 3996 MHz, 8 %, 0 %
2026/03/24 01:49:24.981, 3, 234.86 W, 30, 2032 MHz, 3996 MHz, 8 %, 0 %
2026/03/24 01:49:24.981, 4, 180.09 W, 25, 120 MHz, 3996 MHz, 0 %, 0 %
2026/03/24 01:49:24.981, 5, 182.06 W, 28, 120 MHz, 3996 MHz, 0 %, 0 %
2026/03/24 01:49:24.981, 6, 178.64 W, 26, 120 MHz, 3996 MHz, 0 %, 0 %
2026/03/24 01:49:24.981, 7, 176.97 W, 27, 120 MHz, 3996 MHz, 0 %, 0 %
2026/03/24 01:49:25.981, 0, 229.39 W, 27, 2032 MHz, 3996 MHz, 5 %, 0 %
2026/03/24 01:49:25.981, 1, 234.27 W, 29, 2032 MHz, 3996 MHz, 12 %, 0 %
2026/03/24 01:49:25.981, 2, 234.31 W, 27, 2032 MHz, 3996 MHz, 8 %, 0 %
2026/03/24 01:49:25.981, 3, 234.81 W, 30, 2032 MHz, 3996 MHz, 9 %, 0 %
2026/03/24 01:49:25.981, 4, 179.86 W, 25, 120 MHz, 3996 MHz, 0 %, 0 %
2026/03/24 01:49:25.981, 5, 181.76 W, 28, 120 MHz, 3996 MHz, 0 %, 0 %
2026/03/24 01:49:25.981, 6, 178.64 W, 26, 120 MHz, 3996 MHz, 0 %, 0 %
2026/03/24 01:49:25.981, 7, 176.89 W, 27, 120 MHz, 3996 MHz, 0 %, 0 %
2026/03/24 01:49:26.981, 0, 229.37 W, 27, 2032 MHz, 3996 MHz, 11 %, 0 %
2026/03/24 01:49:26.981, 1, 234.21 W, 29, 2032 MHz, 3996 MHz, 12 %, 0 %
2026/03/24 01:49:26.981, 2, 234.68 W, 27, 2032 MHz, 3996 MHz, 7 %, 0 %
2026/03/24 01:49:26.981, 3, 234.65 W, 30, 2032 MHz, 3996 MHz, 9 %, 0 %
2026/03/24 01:49:26.981, 4, 180.02 W, 25, 120 MHz, 3996 MHz, 0 %, 0 %
2026/03/24 01:49:26.981, 5, 182.10 W, 28, 120 MHz, 3996 MHz, 0 %, 0 %
2026/03/24 01:49:26.981, 6, 178.64 W, 26, 120 MHz, 3996 MHz, 0 %, 0 %
2026/03/24 01:49:26.981, 7, 176.86 W, 27, 120 MHz, 3996 MHz, 0 %, 0 %
2026/03/24 01:49:27.982, 0, 229.30 W, 27, 2032 MHz, 3996 MHz, 11 %, 0 %
2026/03/24 01:49:27.982, 1, 234.27 W, 29, 2032 MHz, 3996 MHz, 12 %, 0 %
2026/03/24 01:49:27.982, 2, 234.58 W, 27, 2032 MHz, 3996 MHz, 8 %, 0 %
2026/03/24 01:49:27.982, 3, 234.87 W, 30, 2032 MHz, 3996 MHz, 9 %, 0 %
2026/03/24 01:49:27.982, 4, 179.97 W, 25, 120 MHz, 3996 MHz, 0 %, 0 %
2026/03/24 01:49:27.982, 5, 181.95 W, 28, 120 MHz, 3996 MHz, 0 %, 0 %
2026/03/24 01:49:27.982, 6, 178.64 W, 26, 120 MHz, 3996 MHz, 0 %, 0 %
2026/03/24 01:49:27.982, 7, 176.89 W, 27, 120 MHz, 3996 MHz, 0 %, 0 %
2026/03/24 01:49:28.982, 0, 229.40 W, 27, 2032 MHz, 3996 MHz, 11 %, 0 %
2026/03/24 01:49:28.982, 1, 234.19 W, 29, 2032 MHz, 3996 MHz, 11 %, 0 %
2026/03/24 01:49:28.982, 2, 234.68 W, 27, 2032 MHz, 3996 MHz, 8 %, 0 %
2026/03/24 01:49:28.982, 3, 234.72 W, 30, 2032 MHz, 3996 MHz, 9 %, 0 %
2026/03/24 01:49:28.982, 4, 179.90 W, 25, 120 MHz, 3996 MHz, 0 %, 0 %
2026/03/24 01:49:28.982, 5, 181.87 W, 28, 120 MHz, 3996 MHz, 0 %, 0 %
2026/03/24 01:49:28.982, 6, 178.64 W, 26, 120 MHz, 3996 MHz, 0 %, 0 %
2026/03/24 01:49:28.982, 7, 176.74 W, 27, 120 MHz, 3996 MHz, 0 %, 0 %
2026/03/24 01:49:29.982, 0, 229.42 W, 27, 2032 MHz, 3996 MHz, 11 %, 0 %
2026/03/24 01:49:29.982, 1, 234.14 W, 29, 2032 MHz, 3996 MHz, 11 %, 0 %
2026/03/24 01:49:29.982, 2, 234.57 W, 27, 2032 MHz, 3996 MHz, 8 %, 0 %
2026/03/24 01:49:29.982, 3, 234.72 W, 30, 2032 MHz, 3996 MHz, 9 %, 0 %
2026/03/24 01:49:29.982, 4, 179.62 W, 25, 120 MHz, 3996 MHz, 0 %, 0 %
2026/03/24 01:49:29.982, 5, 181.94 W, 28, 120 MHz, 3996 MHz, 0 %, 0 %
2026/03/24 01:49:29.982, 6, 178.60 W, 26, 120 MHz, 3996 MHz, 0 %, 0 %
2026/03/24 01:49:29.982, 7, 176.96 W, 27, 120 MHz, 3996 MHz, 0 %, 0 %
2026/03/24 01:49:30.982, 0, 229.32 W, 27, 2032 MHz, 3996 MHz, 11 %, 0 %
2026/03/24 01:49:30.982, 1, 234.18 W, 29, 2032 MHz, 3996 MHz, 9 %, 0 %
2026/03/24 01:49:30.982, 2, 234.55 W, 27, 2032 MHz, 3996 MHz, 9 %, 0 %
2026/03/24 01:49:30.982, 3, 234.72 W, 30, 2032 MHz, 3996 MHz, 9 %, 0 %
2026/03/24 01:49:30.982, 4, 179.82 W, 25, 120 MHz, 3996 MHz, 0 %, 0 %
2026/03/24 01:49:30.982, 5, 181.94 W, 28, 120 MHz, 3996 MHz, 0 %, 0 %
2026/03/24 01:49:30.982, 6, 178.64 W, 26, 120 MHz, 3996 MHz, 0 %, 0 %
2026/03/24 01:49:30.982, 7, 176.70 W, 27, 120 MHz, 3996 MHz, 0 %, 0 %
2026/03/24 01:49:31.982, 0, 229.11 W, 27, 2032 MHz, 3996 MHz, 11 %, 0 %
2026/03/24 01:49:31.982, 1, 234.18 W, 29, 2032 MHz, 3996 MHz, 5 %, 0 %
2026/03/24 01:49:31.982, 2, 234.83 W, 27, 2032 MHz, 3996 MHz, 9 %, 0 %
2026/03/24 01:49:31.982, 3, 234.72 W, 30, 2032 MHz, 3996 MHz, 9 %, 0 %
2026/03/24 01:49:31.982, 4, 179.79 W, 25, 120 MHz, 3996 MHz, 0 %, 0 %
2026/03/24 01:49:31.982, 5, 182.03 W, 28, 120 MHz, 3996 MHz, 0 %, 0 %
2026/03/24 01:49:31.982, 6, 178.64 W, 26, 120 MHz, 3996 MHz, 0 %, 0 %
2026/03/24 01:49:31.982, 7, 176.89 W, 27, 120 MHz, 3996 MHz, 0 %, 0 %
2026/03/24 01:49:32.982, 0, 229.17 W, 27, 2032 MHz, 3996 MHz, 6 %, 0 %
2026/03/24 01:49:32.982, 1, 234.23 W, 29, 2032 MHz, 3996 MHz, 4 %, 0 %
2026/03/24 01:49:32.982, 2, 234.66 W, 27, 2032 MHz, 3996 MHz, 7 %, 0 %
2026/03/24 01:49:32.982, 3, 234.71 W, 30, 2032 MHz, 3996 MHz, 9 %, 0 %
2026/03/24 01:49:32.982, 4, 179.74 W, 25, 120 MHz, 3996 MHz, 0 %, 0 %
2026/03/24 01:49:32.982, 5, 181.86 W, 28, 120 MHz, 3996 MHz, 0 %, 0 %
2026/03/24 01:49:32.982, 6, 178.64 W, 26, 120 MHz, 3996 MHz, 0 %, 0 %
2026/03/24 01:49:32.982, 7, 176.83 W, 27, 120 MHz, 3996 MHz, 0 %, 0 %
2026/03/24 01:49:33.983, 0, 229.18 W, 27, 2032 MHz, 3996 MHz, 5 %, 0 %
2026/03/24 01:49:33.983, 1, 234.27 W, 29, 2032 MHz, 3996 MHz, 8 %, 0 %
2026/03/24 01:49:33.983, 2, 234.47 W, 27, 2032 MHz, 3996 MHz, 7 %, 0 %
2026/03/24 01:49:33.983, 3, 234.61 W, 30, 2032 MHz, 3996 MHz, 9 %, 0 %
2026/03/24 01:49:33.983, 4, 179.83 W, 25, 120 MHz, 3996 MHz, 0 %, 0 %
2026/03/24 01:49:33.983, 5, 181.88 W, 28, 120 MHz, 3996 MHz, 0 %, 0 %
2026/03/24 01:49:33.983, 6, 178.64 W, 26, 120 MHz, 3996 MHz, 0 %, 0 %
2026/03/24 01:49:33.983, 7, 177.01 W, 27, 120 MHz, 3996 MHz, 0 %, 0 %
2026/03/24 01:49:34.983, 0, 229.18 W, 27, 2032 MHz, 3996 MHz, 5 %, 0 %
2026/03/24 01:49:34.983, 1, 234.21 W, 29, 2032 MHz, 3996 MHz, 11 %, 0 %
2026/03/24 01:49:34.983, 2, 234.68 W, 27, 2032 MHz, 3996 MHz, 9 %, 0 %
2026/03/24 01:49:34.983, 3, 234.96 W, 30, 2032 MHz, 3996 MHz, 9 %, 0 %
2026/03/24 01:49:34.983, 4, 179.71 W, 25, 120 MHz, 3996 MHz, 0 %, 0 %
2026/03/24 01:49:34.983, 5, 181.87 W, 28, 120 MHz, 3996 MHz, 0 %, 0 %
2026/03/24 01:49:34.983, 6, 178.64 W, 26, 120 MHz, 3996 MHz, 0 %, 0 %
2026/03/24 01:49:34.983, 7, 176.90 W, 27, 120 MHz, 3996 MHz, 0 %, 0 %
2026/03/24 01:49:35.983, 0, 229.44 W, 27, 2032 MHz, 3996 MHz, 4 %, 0 %
2026/03/24 01:49:35.983, 1, 234.08 W, 29, 2032 MHz, 3996 MHz, 11 %, 0 %
2026/03/24 01:49:35.983, 2, 234.74 W, 27, 2032 MHz, 3996 MHz, 9 %, 0 %
2026/03/24 01:49:35.983, 3, 234.90 W, 30, 2032 MHz, 3996 MHz, 9 %, 0 %
2026/03/24 01:49:35.983, 4, 180.03 W, 25, 120 MHz, 3996 MHz, 0 %, 0 %
2026/03/24 01:49:35.983, 5, 181.92 W, 28, 120 MHz, 3996 MHz, 0 %, 0 %
2026/03/24 01:49:35.983, 6, 178.64 W, 26, 120 MHz, 3996 MHz, 0 %, 0 %
2026/03/24 01:49:35.983, 7, 176.78 W, 27, 120 MHz, 3996 MHz, 0 %, 0 %
2026/03/24 01:49:36.983, 0, 229.46 W, 27, 2032 MHz, 3996 MHz, 6 %, 0 %
2026/03/24 01:49:36.983, 1, 234.18 W, 29, 2032 MHz, 3996 MHz, 11 %, 0 %
2026/03/24 01:49:36.983, 2, 234.64 W, 27, 2032 MHz, 3996 MHz, 9 %, 0 %
2026/03/24 01:49:36.983, 3, 234.76 W, 30, 2032 MHz, 3996 MHz, 9 %, 0 %
2026/03/24 01:49:36.983, 4, 180.09 W, 25, 120 MHz, 3996 MHz, 0 %, 0 %
2026/03/24 01:49:36.983, 5, 181.75 W, 28, 120 MHz, 3996 MHz, 0 %, 0 %
2026/03/24 01:49:36.983, 6, 178.64 W, 26, 120 MHz, 3996 MHz, 0 %, 0 %
2026/03/24 01:49:36.983, 7, 176.82 W, 27, 120 MHz, 3996 MHz, 0 %, 0 %
2026/03/24 01:49:37.983, 0, 229.34 W, 27, 2032 MHz, 3996 MHz, 7 %, 0 %
2026/03/24 01:49:37.983, 1, 234.04 W, 29, 2032 MHz, 3996 MHz, 11 %, 0 %
2026/03/24 01:49:37.983, 2, 234.75 W, 27, 2032 MHz, 3996 MHz, 9 %, 0 %
2026/03/24 01:49:37.983, 3, 234.62 W, 30, 2032 MHz, 3996 MHz, 8 %, 0 %
2026/03/24 01:49:37.983, 4, 180.04 W, 25, 120 MHz, 3996 MHz, 0 %, 0 %
2026/03/24 01:49:37.983, 5, 181.83 W, 28, 120 MHz, 3996 MHz, 0 %, 0 %
2026/03/24 01:49:37.983, 6, 178.64 W, 26, 120 MHz, 3996 MHz, 0 %, 0 %
2026/03/24 01:49:37.983, 7, 176.96 W, 27, 120 MHz, 3996 MHz, 0 %, 0 %
2026/03/24 01:49:38.983, 0, 229.35 W, 27, 2032 MHz, 3996 MHz, 10 %, 0 %
2026/03/24 01:49:38.983, 1, 234.04 W, 29, 2032 MHz, 3996 MHz, 11 %, 0 %
2026/03/24 01:49:38.983, 2, 234.27 W, 27, 2032 MHz, 3996 MHz, 9 %, 0 %
2026/03/24 01:49:38.983, 3, 234.70 W, 30, 2032 MHz, 3996 MHz, 9 %, 0 %
2026/03/24 01:49:38.983, 4, 179.93 W, 25, 120 MHz, 3996 MHz, 0 %, 0 %
2026/03/24 01:49:38.983, 5, 181.95 W, 28, 120 MHz, 3996 MHz, 0 %, 0 %
2026/03/24 01:49:38.983, 6, 178.64 W, 26, 120 MHz, 3996 MHz, 0 %, 0 %
2026/03/24 01:49:38.983, 7, 176.85 W, 27, 120 MHz, 3996 MHz, 0 %, 0 %
2026/03/24 01:49:39.983, 0, 229.33 W, 27, 2032 MHz, 3996 MHz, 11 %, 0 %
2026/03/24 01:49:39.983, 1, 233.86 W, 29, 2032 MHz, 3996 MHz, 9 %, 0 %
2026/03/24 01:49:39.983, 2, 234.57 W, 27, 2032 MHz, 3996 MHz, 9 %, 0 %
2026/03/24 01:49:39.983, 3, 234.65 W, 30, 2032 MHz, 3996 MHz, 9 %, 0 %
2026/03/24 01:49:39.983, 4, 179.97 W, 25, 120 MHz, 3996 MHz, 0 %, 0 %
2026/03/24 01:49:39.984, 5, 181.88 W, 28, 120 MHz, 3996 MHz, 0 %, 0 %
2026/03/24 01:49:39.984, 6, 178.64 W, 26, 120 MHz, 3996 MHz, 0 %, 0 %
2026/03/24 01:49:39.984, 7, 176.77 W, 27, 120 MHz, 3996 MHz, 0 %, 0 %
2026/03/24 01:49:40.984, 0, 229.50 W, 27, 2032 MHz, 3996 MHz, 12 %, 0 %
2026/03/24 01:49:40.984, 1, 234.06 W, 29, 2032 MHz, 3996 MHz, 6 %, 0 %
2026/03/24 01:49:40.984, 2, 234.47 W, 27, 2032 MHz, 3996 MHz, 9 %, 0 %
2026/03/24 01:49:40.984, 3, 234.87 W, 30, 2032 MHz, 3996 MHz, 8 %, 0 %
2026/03/24 01:49:40.984, 4, 179.80 W, 25, 120 MHz, 3996 MHz, 0 %, 0 %
2026/03/24 01:49:40.984, 5, 181.90 W, 28, 120 MHz, 3996 MHz, 0 %, 0 %
2026/03/24 01:49:40.984, 6, 178.64 W, 26, 120 MHz, 3996 MHz, 0 %, 0 %
2026/03/24 01:49:40.984, 7, 176.74 W, 27, 120 MHz, 3996 MHz, 0 %, 0 %
2026/03/24 01:49:41.984, 0, 229.27 W, 27, 2032 MHz, 3996 MHz, 12 %, 0 %
2026/03/24 01:49:41.984, 1, 233.98 W, 29, 2032 MHz, 3996 MHz, 5 %, 0 %
2026/03/24 01:49:41.984, 2, 234.66 W, 27, 2032 MHz, 3996 MHz, 9 %, 0 %
2026/03/24 01:49:41.984, 3, 234.77 W, 30, 2032 MHz, 3996 MHz, 7 %, 0 %
2026/03/24 01:49:41.984, 4, 179.87 W, 25, 120 MHz, 3996 MHz, 0 %, 0 %
2026/03/24 01:49:41.984, 5, 182.18 W, 28, 120 MHz, 3996 MHz, 0 %, 0 %
2026/03/24 01:49:41.984, 6, 178.64 W, 26, 120 MHz, 3996 MHz, 0 %, 0 %
2026/03/24 01:49:41.984, 7, 176.78 W, 27, 120 MHz, 3996 MHz, 0 %, 0 %
2026/03/24 01:49:42.984, 0, 229.17 W, 27, 2032 MHz, 3996 MHz, 12 %, 0 %
2026/03/24 01:49:42.984, 1, 234.15 W, 29, 2032 MHz, 3996 MHz, 5 %, 0 %
2026/03/24 01:49:42.984, 2, 234.62 W, 27, 2032 MHz, 3996 MHz, 9 %, 0 %
2026/03/24 01:49:42.984, 3, 234.91 W, 30, 2032 MHz, 3996 MHz, 5 %, 0 %
2026/03/24 01:49:42.984, 4, 179.70 W, 25, 120 MHz, 3996 MHz, 0 %, 0 %
2026/03/24 01:49:42.984, 5, 181.92 W, 28, 120 MHz, 3996 MHz, 0 %, 0 %
2026/03/24 01:49:42.984, 6, 178.64 W, 26, 120 MHz, 3996 MHz, 0 %, 0 %
2026/03/24 01:49:42.984, 7, 176.82 W, 27, 120 MHz, 3996 MHz, 0 %, 0 %
2026/03/24 01:49:43.984, 0, 228.26 W, 27, 2032 MHz, 3996 MHz, 0 %, 0 %
2026/03/24 01:49:43.984, 1, 233.20 W, 29, 2032 MHz, 3996 MHz, 0 %, 0 %
2026/03/24 01:49:43.984, 2, 234.69 W, 27, 2032 MHz, 3996 MHz, 10 %, 0 %
2026/03/24 01:49:43.984, 3, 234.82 W, 30, 2032 MHz, 3996 MHz, 5 %, 0 %
2026/03/24 01:49:43.984, 4, 179.78 W, 25, 120 MHz, 3996 MHz, 0 %, 0 %
2026/03/24 01:49:43.984, 5, 181.75 W, 28, 120 MHz, 3996 MHz, 0 %, 0 %
2026/03/24 01:49:43.984, 6, 178.64 W, 26, 120 MHz, 3996 MHz, 0 %, 0 %
2026/03/24 01:49:43.984, 7, 176.74 W, 27, 120 MHz, 3996 MHz, 0 %, 0 %
2026/03/24 01:49:44.984, 0, 228.07 W, 27, 2032 MHz, 3996 MHz, 0 %, 0 %
2026/03/24 01:49:44.984, 1, 233.16 W, 29, 2032 MHz, 3996 MHz, 0 %, 0 %
2026/03/24 01:49:44.984, 2, 234.56 W, 27, 2032 MHz, 3996 MHz, 9 %, 0 %
2026/03/24 01:49:44.984, 3, 234.73 W, 30, 2032 MHz, 3996 MHz, 5 %, 0 %
2026/03/24 01:49:44.984, 4, 179.96 W, 25, 120 MHz, 3996 MHz, 0 %, 0 %
2026/03/24 01:49:44.984, 5, 181.79 W, 28, 120 MHz, 3996 MHz, 0 %, 0 %
2026/03/24 01:49:44.984, 6, 178.64 W, 26, 120 MHz, 3996 MHz, 0 %, 0 %
2026/03/24 01:49:44.984, 7, 176.96 W, 27, 120 MHz, 3996 MHz, 0 %, 0 %
2026/03/24 01:49:45.984, 0, 228.10 W, 27, 2032 MHz, 3996 MHz, 0 %, 0 %
2026/03/24 01:49:45.984, 1, 233.16 W, 29, 2032 MHz, 3996 MHz, 0 %, 0 %
2026/03/24 01:49:45.984, 2, 234.74 W, 27, 2032 MHz, 3996 MHz, 10 %, 0 %
2026/03/24 01:49:45.984, 3, 235.02 W, 30, 2032 MHz, 3996 MHz, 5 %, 0 %
2026/03/24 01:49:45.984, 4, 179.95 W, 25, 120 MHz, 3996 MHz, 0 %, 0 %
2026/03/24 01:49:45.984, 5, 181.38 W, 28, 120 MHz, 3996 MHz, 0 %, 0 %
2026/03/24 01:49:45.984, 6, 178.64 W, 26, 120 MHz, 3996 MHz, 0 %, 0 %
2026/03/24 01:49:45.984, 7, 176.81 W, 27, 120 MHz, 3996 MHz, 0 %, 0 %
2026/03/24 01:49:46.984, 0, 228.14 W, 27, 2032 MHz, 3996 MHz, 0 %, 0 %
2026/03/24 01:49:46.985, 1, 233.16 W, 29, 2032 MHz, 3996 MHz, 0 %, 0 %
2026/03/24 01:49:46.985, 2, 234.79 W, 27, 2032 MHz, 3996 MHz, 10 %, 0 %
2026/03/24 01:49:46.985, 3, 234.83 W, 30, 2032 MHz, 3996 MHz, 5 %, 0 %
2026/03/24 01:49:46.985, 4, 179.94 W, 25, 120 MHz, 3996 MHz, 0 %, 0 %
2026/03/24 01:49:46.985, 5, 181.79 W, 28, 120 MHz, 3996 MHz, 0 %, 0 %
2026/03/24 01:49:46.985, 6, 178.64 W, 26, 120 MHz, 3996 MHz, 0 %, 0 %
2026/03/24 01:49:46.985, 7, 176.86 W, 27, 120 MHz, 3996 MHz, 0 %, 0 %
2026/03/24 01:49:47.985, 0, 252.84 W, 29, 2032 MHz, 3996 MHz, 10 %, 2 %
2026/03/24 01:49:47.985, 1, 265.85 W, 30, 2032 MHz, 3996 MHz, 21 %, 4 %
2026/03/24 01:49:47.985, 2, 234.79 W, 27, 2032 MHz, 3996 MHz, 10 %, 0 %
2026/03/24 01:49:47.985, 3, 234.54 W, 30, 2032 MHz, 3996 MHz, 5 %, 0 %
2026/03/24 01:49:47.985, 4, 179.50 W, 25, 120 MHz, 3996 MHz, 0 %, 0 %
2026/03/24 01:49:47.985, 5, 181.61 W, 28, 120 MHz, 3996 MHz, 0 %, 0 %
2026/03/24 01:49:47.985, 6, 178.64 W, 26, 120 MHz, 3996 MHz, 0 %, 0 %
2026/03/24 01:49:47.985, 7, 176.81 W, 27, 120 MHz, 3996 MHz, 0 %, 0 %
2026/03/24 01:49:48.985, 0, 280.74 W, 29, 2032 MHz, 3996 MHz, 10 %, 2 %
2026/03/24 01:49:48.985, 1, 288.51 W, 30, 2032 MHz, 3996 MHz, 20 %, 4 %
2026/03/24 01:49:48.985, 2, 234.81 W, 27, 2032 MHz, 3996 MHz, 9 %, 0 %
2026/03/24 01:49:48.985, 3, 234.60 W, 30, 2032 MHz, 3996 MHz, 5 %, 0 %
2026/03/24 01:49:48.985, 4, 180.06 W, 25, 120 MHz, 3996 MHz, 0 %, 0 %
2026/03/24 01:49:48.985, 5, 181.52 W, 28, 120 MHz, 3996 MHz, 0 %, 0 %
2026/03/24 01:49:48.985, 6, 178.64 W, 26, 120 MHz, 3996 MHz, 0 %, 0 %
2026/03/24 01:49:48.985, 7, 176.96 W, 27, 120 MHz, 3996 MHz, 0 %, 0 %
2026/03/24 01:49:49.985, 0, 286.14 W, 29, 2032 MHz, 3996 MHz, 16 %, 2 %
2026/03/24 01:49:49.985, 1, 286.85 W, 31, 2032 MHz, 3996 MHz, 13 %, 2 %
2026/03/24 01:49:49.985, 2, 259.03 W, 27, 2032 MHz, 3996 MHz, 21 %, 4 %
2026/03/24 01:49:49.985, 3, 234.54 W, 30, 2032 MHz, 3996 MHz, 5 %, 0 %
2026/03/24 01:49:49.985, 4, 179.80 W, 25, 120 MHz, 3996 MHz, 0 %, 0 %
2026/03/24 01:49:49.985, 5, 181.46 W, 28, 120 MHz, 3996 MHz, 0 %, 0 %
2026/03/24 01:49:49.985, 6, 178.64 W, 26, 120 MHz, 3996 MHz, 0 %, 0 %
2026/03/24 01:49:49.985, 7, 176.78 W, 27, 120 MHz, 3996 MHz, 0 %, 0 %
2026/03/24 01:49:50.985, 0, 278.87 W, 28, 2032 MHz, 3996 MHz, 20 %, 4 %
2026/03/24 01:49:50.985, 1, 283.96 W, 30, 2032 MHz, 3996 MHz, 13 %, 2 %
2026/03/24 01:49:50.985, 2, 287.40 W, 28, 2032 MHz, 3996 MHz, 21 %, 4 %
2026/03/24 01:49:50.985, 3, 236.25 W, 30, 2032 MHz, 3996 MHz, 6 %, 0 %
2026/03/24 01:49:50.985, 4, 179.90 W, 25, 120 MHz, 3996 MHz, 0 %, 0 %
2026/03/24 01:49:50.985, 5, 181.88 W, 28, 120 MHz, 3996 MHz, 0 %, 0 %
2026/03/24 01:49:50.985, 6, 178.64 W, 26, 120 MHz, 3996 MHz, 0 %, 0 %
2026/03/24 01:49:50.985, 7, 176.78 W, 27, 120 MHz, 3996 MHz, 0 %, 0 %
2026/03/24 01:49:51.985, 0, 232.06 W, 27, 2032 MHz, 3996 MHz, 0 %, 0 %
2026/03/24 01:49:51.985, 1, 233.79 W, 29, 2032 MHz, 3996 MHz, 0 %, 0 %
2026/03/24 01:49:51.985, 2, 289.30 W, 28, 2032 MHz, 3996 MHz, 20 %, 4 %
2026/03/24 01:49:51.985, 3, 283.24 W, 30, 2032 MHz, 3996 MHz, 12 %, 2 %
2026/03/24 01:49:51.985, 4, 179.60 W, 25, 120 MHz, 3996 MHz, 0 %, 0 %
2026/03/24 01:49:51.985, 5, 181.55 W, 28, 120 MHz, 3996 MHz, 0 %, 0 %
2026/03/24 01:49:51.985, 6, 178.64 W, 26, 120 MHz, 3996 MHz, 0 %, 0 %
2026/03/24 01:49:51.985, 7, 176.77 W, 27, 120 MHz, 3996 MHz, 0 %, 0 %
2026/03/24 01:49:52.985, 0, 228.75 W, 27, 2032 MHz, 3996 MHz, 0 %, 0 %
2026/03/24 01:49:52.985, 1, 233.04 W, 29, 2032 MHz, 3996 MHz, 0 %, 0 %
2026/03/24 01:49:52.985, 2, 284.62 W, 28, 2032 MHz, 3996 MHz, 21 %, 4 %
2026/03/24 01:49:52.985, 3, 286.22 W, 30, 2032 MHz, 3996 MHz, 12 %, 2 %
2026/03/24 01:49:52.986, 4, 179.77 W, 25, 120 MHz, 3996 MHz, 0 %, 0 %
2026/03/24 01:49:52.986, 5, 181.54 W, 28, 120 MHz, 3996 MHz, 0 %, 0 %
2026/03/24 01:49:52.986, 6, 178.64 W, 26, 120 MHz, 3996 MHz, 0 %, 0 %
2026/03/24 01:49:52.986, 7, 176.78 W, 27, 120 MHz, 3996 MHz, 0 %, 0 %
2026/03/24 01:49:53.986, 0, 228.13 W, 27, 2032 MHz, 3996 MHz, 0 %, 0 %
2026/03/24 01:49:53.986, 1, 233.03 W, 29, 2032 MHz, 3996 MHz, 0 %, 0 %
2026/03/24 01:49:53.986, 2, 236.14 W, 27, 2032 MHz, 3996 MHz, 0 %, 0 %
2026/03/24 01:49:53.986, 3, 288.27 W, 30, 2032 MHz, 3996 MHz, 13 %, 2 %
2026/03/24 01:49:53.986, 4, 179.85 W, 25, 120 MHz, 3996 MHz, 0 %, 0 %
2026/03/24 01:49:53.986, 5, 181.48 W, 28, 120 MHz, 3996 MHz, 0 %, 0 %
2026/03/24 01:49:53.986, 6, 178.64 W, 26, 120 MHz, 3996 MHz, 0 %, 0 %
2026/03/24 01:49:53.986, 7, 176.77 W, 27, 120 MHz, 3996 MHz, 0 %, 0 %
2026/03/24 01:49:54.986, 0, 228.11 W, 27, 2032 MHz, 3996 MHz, 0 %, 0 %
2026/03/24 01:49:54.986, 1, 233.07 W, 29, 2032 MHz, 3996 MHz, 0 %, 0 %
2026/03/24 01:49:54.986, 2, 233.93 W, 27, 2032 MHz, 3996 MHz, 0 %, 0 %
2026/03/24 01:49:54.986, 3, 261.46 W, 30, 2032 MHz, 3996 MHz, 3 %, 1 %
2026/03/24 01:49:54.986, 4, 179.79 W, 25, 120 MHz, 3996 MHz, 0 %, 0 %
2026/03/24 01:49:54.986, 5, 181.69 W, 28, 120 MHz, 3996 MHz, 0 %, 0 %
2026/03/24 01:49:54.986, 6, 178.64 W, 26, 120 MHz, 3996 MHz, 0 %, 0 %
2026/03/24 01:49:54.986, 7, 176.78 W, 27, 120 MHz, 3996 MHz, 0 %, 0 %
2026/03/24 01:49:55.986, 0, 228.97 W, 27, 2032 MHz, 3996 MHz, 0 %, 0 %
2026/03/24 01:49:55.986, 1, 233.66 W, 29, 2032 MHz, 3996 MHz, 0 %, 0 %
2026/03/24 01:49:55.986, 2, 234.54 W, 27, 2032 MHz, 3996 MHz, 0 %, 0 %
2026/03/24 01:49:55.986, 3, 234.58 W, 30, 2032 MHz, 3996 MHz, 0 %, 0 %
2026/03/24 01:49:55.986, 4, 179.90 W, 25, 120 MHz, 3996 MHz, 0 %, 0 %
2026/03/24 01:49:55.986, 5, 181.55 W, 28, 120 MHz, 3996 MHz, 0 %, 0 %
2026/03/24 01:49:55.986, 6, 178.64 W, 26, 120 MHz, 3996 MHz, 0 %, 0 %
2026/03/24 01:49:55.986, 7, 176.82 W, 27, 120 MHz, 3996 MHz, 0 %, 0 %
2026/03/24 01:49:56.986, 0, 228.30 W, 27, 2032 MHz, 3996 MHz, 0 %, 0 %
2026/03/24 01:49:56.986, 1, 233.16 W, 29, 2032 MHz, 3996 MHz, 0 %, 0 %
2026/03/24 01:49:56.986, 2, 233.90 W, 27, 2032 MHz, 3996 MHz, 0 %, 0 %
2026/03/24 01:49:56.986, 3, 234.49 W, 30, 2032 MHz, 3996 MHz, 0 %, 0 %
2026/03/24 01:49:56.986, 4, 179.74 W, 25, 120 MHz, 3996 MHz, 0 %, 0 %
2026/03/24 01:49:56.986, 5, 181.80 W, 28, 120 MHz, 3996 MHz, 0 %, 0 %
2026/03/24 01:49:56.986, 6, 178.64 W, 26, 120 MHz, 3996 MHz, 0 %, 0 %
2026/03/24 01:49:56.986, 7, 176.66 W, 27, 120 MHz, 3996 MHz, 0 %, 0 %
2026/03/24 01:49:57.986, 0, 228.14 W, 27, 2032 MHz, 3996 MHz, 0 %, 0 %
2026/03/24 01:49:57.986, 1, 233.16 W, 29, 2032 MHz, 3996 MHz, 0 %, 0 %
2026/03/24 01:49:57.986, 2, 233.90 W, 27, 2032 MHz, 3996 MHz, 0 %, 0 %
2026/03/24 01:49:57.986, 3, 233.98 W, 30, 2032 MHz, 3996 MHz, 0 %, 0 %
2026/03/24 01:49:57.986, 4, 179.77 W, 25, 120 MHz, 3996 MHz, 0 %, 0 %
2026/03/24 01:49:57.986, 5, 181.76 W, 28, 120 MHz, 3996 MHz, 0 %, 0 %
2026/03/24 01:49:57.986, 6, 178.64 W, 26, 120 MHz, 3996 MHz, 0 %, 0 %
2026/03/24 01:49:57.986, 7, 176.62 W, 27, 120 MHz, 3996 MHz, 0 %, 0 %
2026/03/24 01:49:58.986, 0, 228.18 W, 27, 2032 MHz, 3996 MHz, 0 %, 0 %
2026/03/24 01:49:58.986, 1, 233.16 W, 29, 2032 MHz, 3996 MHz, 0 %, 0 %
2026/03/24 01:49:58.987, 2, 233.92 W, 27, 2032 MHz, 3996 MHz, 0 %, 0 %
2026/03/24 01:49:58.987, 3, 233.59 W, 30, 2032 MHz, 3996 MHz, 0 %, 0 %
2026/03/24 01:49:58.987, 4, 179.64 W, 25, 120 MHz, 3996 MHz, 0 %, 0 %
2026/03/24 01:49:58.987, 5, 181.69 W, 28, 120 MHz, 3996 MHz, 0 %, 0 %
2026/03/24 01:49:58.987, 6, 178.64 W, 26, 120 MHz, 3996 MHz, 0 %, 0 %
2026/03/24 01:49:58.987, 7, 176.74 W, 27, 120 MHz, 3996 MHz, 0 %, 0 %
2026/03/24 01:49:59.987, 0, 228.10 W, 27, 2032 MHz, 3996 MHz, 0 %, 0 %
2026/03/24 01:49:59.987, 1, 233.16 W, 29, 2032 MHz, 3996 MHz, 0 %, 0 %
2026/03/24 01:49:59.987, 2, 233.95 W, 27, 2032 MHz, 3996 MHz, 0 %, 0 %
2026/03/24 01:49:59.987, 3, 233.92 W, 30, 2032 MHz, 3996 MHz, 0 %, 0 %
2026/03/24 01:49:59.987, 4, 179.35 W, 25, 120 MHz, 3996 MHz, 0 %, 0 %
2026/03/24 01:49:59.987, 5, 181.67 W, 28, 120 MHz, 3996 MHz, 0 %, 0 %
2026/03/24 01:49:59.987, 6, 178.64 W, 26, 120 MHz, 3996 MHz, 0 %, 0 %
2026/03/24 01:49:59.987, 7, 176.77 W, 27, 120 MHz, 3996 MHz, 0 %, 0 %
2026/03/24 01:50:00.987, 0, 241.58 W, 27, 2032 MHz, 3996 MHz, 0 %, 0 %
2026/03/24 01:50:00.987, 1, 246.58 W, 29, 2032 MHz, 3996 MHz, 0 %, 0 %
2026/03/24 01:50:00.987, 2, 247.25 W, 27, 2032 MHz, 3996 MHz, 0 %, 0 %
2026/03/24 01:50:00.987, 3, 248.77 W, 30, 2032 MHz, 3996 MHz, 0 %, 0 %
2026/03/24 01:50:00.987, 4, 179.79 W, 25, 120 MHz, 3996 MHz, 0 %, 0 %
2026/03/24 01:50:00.987, 5, 181.95 W, 28, 120 MHz, 3996 MHz, 0 %, 0 %
2026/03/24 01:50:00.987, 6, 178.64 W, 26, 120 MHz, 3996 MHz, 0 %, 0 %
2026/03/24 01:50:00.987, 7, 176.78 W, 27, 120 MHz, 3996 MHz, 0 %, 0 %
2026/03/24 01:50:01.987, 0, 228.56 W, 27, 2032 MHz, 3996 MHz, 0 %, 0 %
2026/03/24 01:50:01.987, 1, 233.16 W, 29, 2032 MHz, 3996 MHz, 0 %, 0 %
2026/03/24 01:50:01.987, 2, 233.91 W, 27, 2032 MHz, 3996 MHz, 0 %, 0 %
2026/03/24 01:50:01.987, 3, 234.96 W, 30, 2032 MHz, 3996 MHz, 0 %, 0 %
2026/03/24 01:50:01.987, 4, 179.67 W, 25, 120 MHz, 3996 MHz, 0 %, 0 %
2026/03/24 01:50:01.987, 5, 181.63 W, 28, 120 MHz, 3996 MHz, 0 %, 0 %
2026/03/24 01:50:01.987, 6, 178.64 W, 26, 120 MHz, 3996 MHz, 0 %, 0 %
2026/03/24 01:50:01.987, 7, 176.62 W, 27, 120 MHz, 3996 MHz, 0 %, 0 %
2026/03/24 01:50:02.987, 0, 228.41 W, 27, 2032 MHz, 3996 MHz, 0 %, 0 %
2026/03/24 01:50:02.987, 1, 233.16 W, 29, 2032 MHz, 3996 MHz, 0 %, 0 %
2026/03/24 01:50:02.987, 2, 233.90 W, 27, 2032 MHz, 3996 MHz, 0 %, 0 %
2026/03/24 01:50:02.987, 3, 234.53 W, 30, 2032 MHz, 3996 MHz, 0 %, 0 %
2026/03/24 01:50:02.987, 4, 179.87 W, 25, 120 MHz, 3996 MHz, 0 %, 0 %
2026/03/24 01:50:02.987, 5, 181.56 W, 28, 120 MHz, 3996 MHz, 0 %, 0 %
2026/03/24 01:50:02.987, 6, 178.64 W, 26, 120 MHz, 3996 MHz, 0 %, 0 %
2026/03/24 01:50:02.987, 7, 176.90 W, 27, 120 MHz, 3996 MHz, 0 %, 0 %
2026/03/24 01:50:03.987, 0, 228.29 W, 27, 2032 MHz, 3996 MHz, 0 %, 0 %
2026/03/24 01:50:03.987, 1, 233.28 W, 29, 2032 MHz, 3996 MHz, 0 %, 0 %
2026/03/24 01:50:03.987, 2, 233.92 W, 27, 2032 MHz, 3996 MHz, 0 %, 0 %
2026/03/24 01:50:03.987, 3, 234.25 W, 30, 2032 MHz, 3996 MHz, 0 %, 0 %
2026/03/24 01:50:03.987, 4, 179.82 W, 25, 120 MHz, 3996 MHz, 0 %, 0 %
2026/03/24 01:50:03.987, 5, 181.61 W, 28, 120 MHz, 3996 MHz, 0 %, 0 %
2026/03/24 01:50:03.987, 6, 178.64 W, 26, 120 MHz, 3996 MHz, 0 %, 0 %
2026/03/24 01:50:03.987, 7, 176.74 W, 27, 120 MHz, 3996 MHz, 0 %, 0 %
2026/03/24 01:50:04.987, 0, 228.36 W, 27, 2032 MHz, 3996 MHz, 0 %, 0 %
2026/03/24 01:50:04.987, 1, 233.16 W, 29, 2032 MHz, 3996 MHz, 0 %, 0 %
2026/03/24 01:50:04.987, 2, 233.93 W, 27, 2032 MHz, 3996 MHz, 0 %, 0 %
2026/03/24 01:50:04.987, 3, 234.10 W, 30, 2032 MHz, 3996 MHz, 0 %, 0 %
2026/03/24 01:50:04.987, 4, 179.86 W, 25, 120 MHz, 3996 MHz, 0 %, 0 %
2026/03/24 01:50:04.987, 5, 181.48 W, 28, 120 MHz, 3996 MHz, 0 %, 0 %
2026/03/24 01:50:04.988, 6, 178.64 W, 26, 120 MHz, 3996 MHz, 0 %, 0 %
2026/03/24 01:50:04.988, 7, 176.93 W, 27, 120 MHz, 3996 MHz, 0 %, 0 %
2026/03/24 01:50:05.988, 0, 228.45 W, 27, 2032 MHz, 3996 MHz, 0 %, 0 %
2026/03/24 01:50:05.988, 1, 233.16 W, 29, 2032 MHz, 3996 MHz, 0 %, 0 %
2026/03/24 01:50:05.988, 2, 233.95 W, 27, 2032 MHz, 3996 MHz, 0 %, 0 %
2026/03/24 01:50:05.988, 3, 234.43 W, 30, 2032 MHz, 3996 MHz, 0 %, 0 %
2026/03/24 01:50:05.988, 4, 179.74 W, 25, 120 MHz, 3996 MHz, 0 %, 0 %
2026/03/24 01:50:05.988, 5, 181.82 W, 28, 120 MHz, 3996 MHz, 0 %, 0 %
2026/03/24 01:50:05.988, 6, 178.64 W, 26, 120 MHz, 3996 MHz, 0 %, 0 %
2026/03/24 01:50:05.988, 7, 176.93 W, 27, 120 MHz, 3996 MHz, 0 %, 0 %
2026/03/24 01:50:06.988, 0, 228.29 W, 27, 2032 MHz, 3996 MHz, 0 %, 0 %
2026/03/24 01:50:06.988, 1, 233.16 W, 29, 2032 MHz, 3996 MHz, 0 %, 0 %
2026/03/24 01:50:06.988, 2, 233.92 W, 27, 2032 MHz, 3996 MHz, 0 %, 0 %
2026/03/24 01:50:06.988, 3, 234.06 W, 30, 2032 MHz, 3996 MHz, 0 %, 0 %
2026/03/24 01:50:06.988, 4, 179.71 W, 25, 120 MHz, 3996 MHz, 0 %, 0 %
2026/03/24 01:50:06.988, 5, 181.38 W, 28, 120 MHz, 3996 MHz, 0 %, 0 %
2026/03/24 01:50:06.988, 6, 178.64 W, 26, 120 MHz, 3996 MHz, 0 %, 0 %
2026/03/24 01:50:06.988, 7, 176.70 W, 27, 120 MHz, 3996 MHz, 0 %, 0 %
2026/03/24 01:50:07.988, 0, 228.15 W, 27, 2032 MHz, 3996 MHz, 0 %, 0 %
2026/03/24 01:50:07.988, 1, 233.16 W, 29, 2032 MHz, 3996 MHz, 0 %, 0 %
2026/03/24 01:50:07.988, 2, 233.95 W, 27, 2032 MHz, 3996 MHz, 0 %, 0 %
2026/03/24 01:50:07.988, 3, 234.63 W, 30, 2032 MHz, 3996 MHz, 0 %, 0 %
2026/03/24 01:50:07.988, 4, 179.63 W, 25, 120 MHz, 3996 MHz, 0 %, 0 %
2026/03/24 01:50:07.988, 5, 181.80 W, 28, 120 MHz, 3996 MHz, 0 %, 0 %
2026/03/24 01:50:07.988, 6, 178.64 W, 26, 120 MHz, 3996 MHz, 0 %, 0 %
2026/03/24 01:50:07.988, 7, 176.85 W, 27, 120 MHz, 3996 MHz, 0 %, 0 %
2026/03/24 01:50:08.988, 0, 228.22 W, 27, 2032 MHz, 3996 MHz, 0 %, 0 %
2026/03/24 01:50:08.988, 1, 233.16 W, 29, 2032 MHz, 3996 MHz, 0 %, 0 %
2026/03/24 01:50:08.988, 2, 233.97 W, 27, 2032 MHz, 3996 MHz, 0 %, 0 %
2026/03/24 01:50:08.988, 3, 234.44 W, 30, 2032 MHz, 3996 MHz, 0 %, 0 %
2026/03/24 01:50:08.988, 4, 179.56 W, 25, 120 MHz, 3996 MHz, 0 %, 0 %
2026/03/24 01:50:08.988, 5, 181.55 W, 28, 120 MHz, 3996 MHz, 0 %, 0 %
2026/03/24 01:50:08.988, 6, 178.64 W, 26, 120 MHz, 3996 MHz, 0 %, 0 %
2026/03/24 01:50:08.988, 7, 176.70 W, 27, 120 MHz, 3996 MHz, 0 %, 0 %
2026/03/24 01:50:09.988, 0, 228.15 W, 27, 2032 MHz, 3996 MHz, 0 %, 0 %
2026/03/24 01:50:09.988, 1, 233.16 W, 29, 2032 MHz, 3996 MHz, 0 %, 0 %
2026/03/24 01:50:09.988, 2, 233.93 W, 27, 2032 MHz, 3996 MHz, 0 %, 0 %
2026/03/24 01:50:09.988, 3, 234.72 W, 30, 2032 MHz, 3996 MHz, 0 %, 0 %
2026/03/24 01:50:09.988, 4, 179.82 W, 25, 120 MHz, 3996 MHz, 0 %, 0 %
2026/03/24 01:50:09.988, 5, 181.34 W, 28, 120 MHz, 3996 MHz, 0 %, 0 %
2026/03/24 01:50:09.988, 6, 178.64 W, 26, 120 MHz, 3996 MHz, 0 %, 0 %
2026/03/24 01:50:09.988, 7, 176.78 W, 27, 120 MHz, 3996 MHz, 0 %, 0 %
2026/03/24 01:50:10.988, 0, 228.10 W, 27, 2032 MHz, 3996 MHz, 0 %, 0 %
2026/03/24 01:50:10.988, 1, 233.16 W, 29, 2032 MHz, 3996 MHz, 0 %, 0 %
2026/03/24 01:50:10.988, 2, 233.92 W, 27, 2032 MHz, 3996 MHz, 0 %, 0 %
2026/03/24 01:50:10.988, 3, 234.27 W, 30, 2032 MHz, 3996 MHz, 0 %, 0 %
2026/03/24 01:50:10.988, 4, 180.13 W, 25, 120 MHz, 3996 MHz, 0 %, 0 %
2026/03/24 01:50:10.988, 5, 181.42 W, 28, 120 MHz, 3996 MHz, 0 %, 0 %
2026/03/24 01:50:10.988, 6, 178.64 W, 26, 120 MHz, 3996 MHz, 0 %, 0 %
2026/03/24 01:50:10.988, 7, 176.74 W, 27, 120 MHz, 3996 MHz, 0 %, 0 %
2026/03/24 01:50:11.988, 0, 228.17 W, 27, 2032 MHz, 3996 MHz, 0 %, 0 %
2026/03/24 01:50:11.988, 1, 233.16 W, 29, 2032 MHz, 3996 MHz, 0 %, 0 %
2026/03/24 01:50:11.988, 2, 233.91 W, 27, 2032 MHz, 3996 MHz, 0 %, 0 %
2026/03/24 01:50:11.988, 3, 234.62 W, 30, 2032 MHz, 3996 MHz, 0 %, 0 %
2026/03/24 01:50:11.988, 4, 179.82 W, 25, 120 MHz, 3996 MHz, 0 %, 0 %
2026/03/24 01:50:11.988, 5, 181.34 W, 28, 120 MHz, 3996 MHz, 0 %, 0 %
2026/03/24 01:50:11.988, 6, 178.64 W, 26, 120 MHz, 3996 MHz, 0 %, 0 %
2026/03/24 01:50:11.988, 7, 176.83 W, 27, 120 MHz, 3996 MHz, 0 %, 0 %
2026/03/24 01:50:12.989, 0, 228.18 W, 27, 2032 MHz, 3996 MHz, 0 %, 0 %
2026/03/24 01:50:12.989, 1, 233.16 W, 29, 2032 MHz, 3996 MHz, 0 %, 0 %
2026/03/24 01:50:12.989, 2, 233.93 W, 27, 2032 MHz, 3996 MHz, 0 %, 0 %
2026/03/24 01:50:12.989, 3, 234.50 W, 30, 2032 MHz, 3996 MHz, 0 %, 0 %
2026/03/24 01:50:12.989, 4, 179.79 W, 25, 120 MHz, 3996 MHz, 0 %, 0 %
2026/03/24 01:50:12.989, 5, 181.67 W, 28, 120 MHz, 3996 MHz, 0 %, 0 %
2026/03/24 01:50:12.989, 6, 178.60 W, 26, 120 MHz, 3996 MHz, 0 %, 0 %
2026/03/24 01:50:12.989, 7, 176.70 W, 27, 120 MHz, 3996 MHz, 0 %, 0 %
2026/03/24 01:50:13.989, 0, 228.10 W, 27, 2032 MHz, 3996 MHz, 0 %, 0 %
2026/03/24 01:50:13.989, 1, 233.16 W, 29, 2032 MHz, 3996 MHz, 0 %, 0 %
2026/03/24 01:50:13.989, 2, 233.93 W, 27, 2032 MHz, 3996 MHz, 0 %, 0 %
2026/03/24 01:50:13.989, 3, 234.61 W, 30, 2032 MHz, 3996 MHz, 0 %, 0 %
2026/03/24 01:50:13.989, 4, 179.81 W, 25, 120 MHz, 3996 MHz, 0 %, 0 %
2026/03/24 01:50:13.989, 5, 181.54 W, 28, 120 MHz, 3996 MHz, 0 %, 0 %
2026/03/24 01:50:13.989, 6, 178.64 W, 26, 120 MHz, 3996 MHz, 0 %, 0 %
2026/03/24 01:50:13.989, 7, 176.78 W, 27, 120 MHz, 3996 MHz, 0 %, 0 %
2026/03/24 01:50:14.989, 0, 228.36 W, 27, 2032 MHz, 3996 MHz, 0 %, 0 %
2026/03/24 01:50:14.989, 1, 233.28 W, 29, 2032 MHz, 3996 MHz, 0 %, 0 %
2026/03/24 01:50:14.989, 2, 233.92 W, 27, 2032 MHz, 3996 MHz, 0 %, 0 %
2026/03/24 01:50:14.989, 3, 234.68 W, 30, 2032 MHz, 3996 MHz, 0 %, 0 %
2026/03/24 01:50:14.989, 4, 179.77 W, 25, 120 MHz, 3996 MHz, 0 %, 0 %
2026/03/24 01:50:14.989, 5, 181.42 W, 28, 120 MHz, 3996 MHz, 0 %, 0 %
2026/03/24 01:50:14.989, 6, 178.64 W, 26, 120 MHz, 3996 MHz, 0 %, 0 %
2026/03/24 01:50:14.989, 7, 176.66 W, 27, 120 MHz, 3996 MHz, 0 %, 0 %
2026/03/24 01:50:15.989, 0, 228.30 W, 27, 2032 MHz, 3996 MHz, 0 %, 0 %
2026/03/24 01:50:15.989, 1, 233.16 W, 29, 2032 MHz, 3996 MHz, 0 %, 0 %
2026/03/24 01:50:15.989, 2, 233.93 W, 27, 2032 MHz, 3996 MHz, 0 %, 0 %
2026/03/24 01:50:15.989, 3, 233.94 W, 30, 2032 MHz, 3996 MHz, 0 %, 0 %
2026/03/24 01:50:15.989, 4, 179.78 W, 25, 120 MHz, 3996 MHz, 0 %, 0 %
2026/03/24 01:50:15.989, 5, 181.54 W, 28, 120 MHz, 3996 MHz, 0 %, 0 %
2026/03/24 01:50:15.989, 6, 178.64 W, 26, 120 MHz, 3996 MHz, 0 %, 0 %
2026/03/24 01:50:15.989, 7, 176.78 W, 27, 120 MHz, 3996 MHz, 0 %, 0 %
2026/03/24 01:50:16.989, 0, 228.14 W, 27, 2032 MHz, 3996 MHz, 0 %, 0 %
2026/03/24 01:50:16.989, 1, 233.16 W, 29, 2032 MHz, 3996 MHz, 0 %, 0 %
2026/03/24 01:50:16.989, 2, 233.90 W, 27, 2032 MHz, 3996 MHz, 0 %, 0 %
2026/03/24 01:50:16.989, 3, 233.46 W, 30, 2032 MHz, 3996 MHz, 0 %, 0 %
2026/03/24 01:50:16.989, 4, 179.65 W, 25, 120 MHz, 3996 MHz, 0 %, 0 %
2026/03/24 01:50:16.989, 5, 181.48 W, 28, 120 MHz, 3996 MHz, 0 %, 0 %
2026/03/24 01:50:16.989, 6, 178.64 W, 26, 120 MHz, 3996 MHz, 0 %, 0 %
2026/03/24 01:50:16.989, 7, 176.74 W, 27, 120 MHz, 3996 MHz, 0 %, 0 %
2026/03/24 01:50:17.989, 0, 228.06 W, 27, 2032 MHz, 3996 MHz, 0 %, 0 %
2026/03/24 01:50:17.989, 1, 233.16 W, 29, 2032 MHz, 3996 MHz, 0 %, 0 %
2026/03/24 01:50:17.989, 2, 233.89 W, 27, 2032 MHz, 3996 MHz, 0 %, 0 %
2026/03/24 01:50:17.989, 3, 233.43 W, 30, 2032 MHz, 3996 MHz, 0 %, 0 %
2026/03/24 01:50:17.989, 4, 179.73 W, 25, 120 MHz, 3996 MHz, 0 %, 0 %
2026/03/24 01:50:17.989, 5, 181.63 W, 28, 120 MHz, 3996 MHz, 0 %, 0 %
2026/03/24 01:50:17.989, 6, 178.60 W, 26, 120 MHz, 3996 MHz, 0 %, 0 %
2026/03/24 01:50:17.989, 7, 176.70 W, 27, 120 MHz, 3996 MHz, 0 %, 0 %
2026/03/24 01:50:18.989, 0, 228.73 W, 27, 2032 MHz, 3996 MHz, 48 %, 0 %
2026/03/24 01:50:18.990, 1, 233.55 W, 29, 2032 MHz, 3996 MHz, 0 %, 0 %
2026/03/24 01:50:18.990, 2, 235.74 W, 27, 2032 MHz, 3996 MHz, 76 %, 0 %
2026/03/24 01:50:18.990, 3, 235.45 W, 30, 2032 MHz, 3996 MHz, 84 %, 0 %
2026/03/24 01:50:18.990, 4, 179.72 W, 25, 120 MHz, 3996 MHz, 0 %, 0 %
2026/03/24 01:50:18.990, 5, 181.57 W, 28, 120 MHz, 3996 MHz, 0 %, 0 %
2026/03/24 01:50:18.990, 6, 178.64 W, 26, 120 MHz, 3996 MHz, 0 %, 0 %
2026/03/24 01:50:18.990, 7, 176.66 W, 27, 120 MHz, 3996 MHz, 0 %, 0 %
2026/03/24 01:50:19.990, 0, 246.53 W, 27, 2032 MHz, 3996 MHz, 0 %, 0 %
2026/03/24 01:50:19.990, 1, 252.12 W, 29, 2032 MHz, 3996 MHz, 0 %, 0 %
2026/03/24 01:50:19.990, 2, 252.94 W, 27, 2032 MHz, 3996 MHz, 0 %, 0 %
2026/03/24 01:50:19.990, 3, 252.68 W, 30, 2032 MHz, 3996 MHz, 0 %, 0 %
2026/03/24 01:50:19.990, 4, 179.86 W, 25, 120 MHz, 3996 MHz, 0 %, 0 %
2026/03/24 01:50:19.990, 5, 181.69 W, 28, 120 MHz, 3996 MHz, 0 %, 0 %
2026/03/24 01:50:19.990, 6, 178.64 W, 26, 120 MHz, 3996 MHz, 0 %, 0 %
2026/03/24 01:50:19.990, 7, 176.89 W, 27, 120 MHz, 3996 MHz, 0 %, 0 %
2026/03/24 01:50:20.990, 0, 229.26 W, 27, 2032 MHz, 3996 MHz, 0 %, 0 %
2026/03/24 01:50:20.990, 1, 233.55 W, 29, 2032 MHz, 3996 MHz, 0 %, 0 %
2026/03/24 01:50:20.990, 2, 234.15 W, 27, 2032 MHz, 3996 MHz, 0 %, 0 %
2026/03/24 01:50:20.990, 3, 235.19 W, 30, 2032 MHz, 3996 MHz, 0 %, 0 %
2026/03/24 01:50:20.990, 4, 180.00 W, 25, 120 MHz, 3996 MHz, 0 %, 0 %
2026/03/24 01:50:20.990, 5, 181.52 W, 28, 120 MHz, 3996 MHz, 0 %, 0 %
2026/03/24 01:50:20.990, 6, 178.64 W, 26, 120 MHz, 3996 MHz, 0 %, 0 %
2026/03/24 01:50:20.990, 7, 176.81 W, 27, 120 MHz, 3996 MHz, 0 %, 0 %
2026/03/24 01:50:21.990, 0, 228.72 W, 27, 2032 MHz, 3996 MHz, 0 %, 0 %
2026/03/24 01:50:21.990, 1, 233.16 W, 29, 2032 MHz, 3996 MHz, 0 %, 0 %
2026/03/24 01:50:21.990, 2, 233.89 W, 27, 2032 MHz, 3996 MHz, 0 %, 0 %
2026/03/24 01:50:21.990, 3, 235.07 W, 30, 2032 MHz, 3996 MHz, 0 %, 0 %
2026/03/24 01:50:21.990, 4, 179.88 W, 25, 120 MHz, 3996 MHz, 0 %, 0 %
2026/03/24 01:50:21.990, 5, 181.36 W, 28, 120 MHz, 3996 MHz, 0 %, 0 %
2026/03/24 01:50:21.990, 6, 178.64 W, 26, 120 MHz, 3996 MHz, 0 %, 0 %
2026/03/24 01:50:21.990, 7, 176.62 W, 27, 120 MHz, 3996 MHz, 0 %, 0 %
2026/03/24 01:50:22.990, 0, 228.45 W, 27, 2032 MHz, 3996 MHz, 0 %, 0 %
2026/03/24 01:50:22.990, 1, 233.16 W, 29, 2032 MHz, 3996 MHz, 0 %, 0 %
2026/03/24 01:50:22.990, 2, 233.90 W, 27, 2032 MHz, 3996 MHz, 0 %, 0 %
2026/03/24 01:50:22.990, 3, 234.83 W, 30, 2032 MHz, 3996 MHz, 0 %, 0 %
2026/03/24 01:50:22.990, 4, 179.68 W, 25, 120 MHz, 3996 MHz, 0 %, 0 %
2026/03/24 01:50:22.990, 5, 181.69 W, 28, 120 MHz, 3996 MHz, 0 %, 0 %
2026/03/24 01:50:22.990, 6, 178.64 W, 26, 120 MHz, 3996 MHz, 0 %, 0 %
2026/03/24 01:50:22.990, 7, 176.74 W, 27, 120 MHz, 3996 MHz, 0 %, 0 %
2026/03/24 01:50:23.990, 0, 228.71 W, 27, 2032 MHz, 3996 MHz, 0 %, 0 %
2026/03/24 01:50:23.990, 1, 233.16 W, 29, 2032 MHz, 3996 MHz, 0 %, 0 %
2026/03/24 01:50:23.990, 2, 233.95 W, 27, 2032 MHz, 3996 MHz, 0 %, 0 %
2026/03/24 01:50:23.990, 3, 234.76 W, 30, 2032 MHz, 3996 MHz, 0 %, 0 %
2026/03/24 01:50:23.990, 4, 179.86 W, 25, 120 MHz, 3996 MHz, 0 %, 0 %
2026/03/24 01:50:23.990, 5, 181.44 W, 28, 120 MHz, 3996 MHz, 0 %, 0 %
2026/03/24 01:50:23.990, 6, 178.64 W, 26, 120 MHz, 3996 MHz, 0 %, 0 %
2026/03/24 01:50:23.990, 7, 176.70 W, 27, 120 MHz, 3996 MHz, 0 %, 0 %
2026/03/24 01:50:24.990, 0, 228.21 W, 27, 2032 MHz, 3996 MHz, 0 %, 0 %
2026/03/24 01:50:24.990, 1, 233.16 W, 29, 2032 MHz, 3996 MHz, 0 %, 0 %
2026/03/24 01:50:24.990, 2, 233.90 W, 27, 2032 MHz, 3996 MHz, 0 %, 0 %
2026/03/24 01:50:24.990, 3, 234.97 W, 30, 2032 MHz, 3996 MHz, 0 %, 0 %
2026/03/24 01:50:24.990, 4, 179.79 W, 25, 120 MHz, 3996 MHz, 0 %, 0 %
2026/03/24 01:50:24.990, 5, 181.63 W, 28, 120 MHz, 3996 MHz, 0 %, 0 %
2026/03/24 01:50:24.990, 6, 178.64 W, 26, 120 MHz, 3996 MHz, 0 %, 0 %
2026/03/24 01:50:24.991, 7, 176.74 W, 27, 120 MHz, 3996 MHz, 0 %, 0 %
2026/03/24 01:50:25.991, 0, 228.45 W, 27, 2032 MHz, 3996 MHz, 0 %, 0 %
2026/03/24 01:50:25.991, 1, 233.16 W, 29, 2032 MHz, 3996 MHz, 0 %, 0 %
2026/03/24 01:50:25.991, 2, 233.90 W, 27, 2032 MHz, 3996 MHz, 0 %, 0 %
2026/03/24 01:50:25.991, 3, 234.99 W, 30, 2032 MHz, 3996 MHz, 0 %, 0 %
2026/03/24 01:50:25.991, 4, 179.66 W, 25, 120 MHz, 3996 MHz, 0 %, 0 %
2026/03/24 01:50:25.991, 5, 181.46 W, 28, 120 MHz, 3996 MHz, 0 %, 0 %
2026/03/24 01:50:25.991, 6, 178.64 W, 26, 120 MHz, 3996 MHz, 0 %, 0 %
2026/03/24 01:50:25.991, 7, 176.77 W, 27, 120 MHz, 3996 MHz, 0 %, 0 %
2026/03/24 01:50:26.991, 0, 228.67 W, 27, 2032 MHz, 3996 MHz, 0 %, 0 %
2026/03/24 01:50:26.991, 1, 233.16 W, 29, 2032 MHz, 3996 MHz, 0 %, 0 %
2026/03/24 01:50:26.991, 2, 233.97 W, 27, 2032 MHz, 3996 MHz, 0 %, 0 %
2026/03/24 01:50:26.991, 3, 234.93 W, 30, 2032 MHz, 3996 MHz, 0 %, 0 %
2026/03/24 01:50:26.991, 4, 179.98 W, 25, 120 MHz, 3996 MHz, 0 %, 0 %
2026/03/24 01:50:26.991, 5, 181.75 W, 28, 120 MHz, 3996 MHz, 0 %, 0 %
2026/03/24 01:50:26.991, 6, 178.64 W, 26, 120 MHz, 3996 MHz, 0 %, 0 %
2026/03/24 01:50:26.991, 7, 176.74 W, 27, 120 MHz, 3996 MHz, 0 %, 0 %
2026/03/24 01:50:27.991, 0, 228.90 W, 27, 2032 MHz, 3996 MHz, 0 %, 0 %
2026/03/24 01:50:27.991, 1, 233.16 W, 29, 2032 MHz, 3996 MHz, 0 %, 0 %
2026/03/24 01:50:27.991, 2, 233.92 W, 27, 2032 MHz, 3996 MHz, 0 %, 0 %
2026/03/24 01:50:27.991, 3, 234.95 W, 30, 2032 MHz, 3996 MHz, 0 %, 0 %
2026/03/24 01:50:27.991, 4, 179.89 W, 25, 120 MHz, 3996 MHz, 0 %, 0 %
2026/03/24 01:50:27.991, 5, 181.44 W, 28, 120 MHz, 3996 MHz, 0 %, 0 %
2026/03/24 01:50:27.991, 6, 178.64 W, 26, 120 MHz, 3996 MHz, 0 %, 0 %
2026/03/24 01:50:27.991, 7, 176.82 W, 27, 120 MHz, 3996 MHz, 0 %, 0 %
2026/03/24 01:50:28.991, 0, 228.63 W, 27, 2032 MHz, 3996 MHz, 0 %, 0 %
2026/03/24 01:50:28.991, 1, 233.16 W, 29, 2032 MHz, 3996 MHz, 0 %, 0 %
2026/03/24 01:50:28.991, 2, 233.93 W, 27, 2032 MHz, 3996 MHz, 0 %, 0 %
2026/03/24 01:50:28.991, 3, 234.82 W, 30, 2032 MHz, 3996 MHz, 0 %, 0 %
2026/03/24 01:50:28.991, 4, 179.84 W, 25, 120 MHz, 3996 MHz, 0 %, 0 %
2026/03/24 01:50:28.991, 5, 181.15 W, 28, 120 MHz, 3996 MHz, 0 %, 0 %
2026/03/24 01:50:28.991, 6, 178.64 W, 26, 120 MHz, 3996 MHz, 0 %, 0 %
2026/03/24 01:50:28.991, 7, 176.82 W, 27, 120 MHz, 3996 MHz, 0 %, 0 %
2026/03/24 01:50:29.991, 0, 229.21 W, 27, 2032 MHz, 3996 MHz, 0 %, 0 %
2026/03/24 01:50:29.991, 1, 233.24 W, 29, 2032 MHz, 3996 MHz, 0 %, 0 %
2026/03/24 01:50:29.991, 2, 234.07 W, 27, 2032 MHz, 3996 MHz, 0 %, 0 %
2026/03/24 01:50:29.991, 3, 235.06 W, 30, 2032 MHz, 3996 MHz, 0 %, 0 %
2026/03/24 01:50:29.991, 4, 179.75 W, 25, 120 MHz, 3996 MHz, 0 %, 0 %
2026/03/24 01:50:29.991, 5, 181.59 W, 28, 120 MHz, 3996 MHz, 0 %, 0 %
2026/03/24 01:50:29.991, 6, 178.64 W, 26, 120 MHz, 3996 MHz, 0 %, 0 %
2026/03/24 01:50:29.991, 7, 176.89 W, 27, 120 MHz, 3996 MHz, 0 %, 0 %
2026/03/24 01:50:30.991, 0, 229.65 W, 27, 2032 MHz, 3996 MHz, 0 %, 0 %
2026/03/24 01:50:30.991, 1, 233.40 W, 29, 2032 MHz, 3996 MHz, 0 %, 0 %
2026/03/24 01:50:30.991, 2, 234.03 W, 27, 2032 MHz, 3996 MHz, 0 %, 0 %
2026/03/24 01:50:30.991, 3, 235.06 W, 30, 2032 MHz, 3996 MHz, 0 %, 0 %
2026/03/24 01:50:30.991, 4, 180.16 W, 25, 120 MHz, 3996 MHz, 0 %, 0 %
2026/03/24 01:50:30.992, 5, 181.59 W, 28, 120 MHz, 3996 MHz, 0 %, 0 %
2026/03/24 01:50:30.992, 6, 178.64 W, 26, 120 MHz, 3996 MHz, 0 %, 0 %
2026/03/24 01:50:30.992, 7, 176.74 W, 27, 120 MHz, 3996 MHz, 0 %, 0 %
2026/03/24 01:50:31.992, 0, 229.41 W, 27, 2032 MHz, 3996 MHz, 100 %, 0 %
2026/03/24 01:50:31.992, 1, 233.16 W, 29, 2032 MHz, 3996 MHz, 0 %, 0 %
2026/03/24 01:50:31.992, 2, 233.91 W, 27, 2032 MHz, 3996 MHz, 0 %, 0 %
2026/03/24 01:50:31.992, 3, 235.01 W, 30, 2032 MHz, 3996 MHz, 0 %, 0 %
2026/03/24 01:50:31.992, 4, 179.73 W, 25, 120 MHz, 3996 MHz, 0 %, 0 %
2026/03/24 01:50:31.992, 5, 181.50 W, 28, 120 MHz, 3996 MHz, 0 %, 0 %
2026/03/24 01:50:31.992, 6, 178.64 W, 26, 120 MHz, 3996 MHz, 0 %, 0 %
2026/03/24 01:50:31.992, 7, 176.78 W, 27, 120 MHz, 3996 MHz, 0 %, 0 %
2026/03/24 01:50:32.992, 0, 228.29 W, 27, 2032 MHz, 3996 MHz, 0 %, 0 %
2026/03/24 01:50:32.992, 1, 233.24 W, 29, 2032 MHz, 3996 MHz, 0 %, 0 %
2026/03/24 01:50:32.992, 2, 234.05 W, 27, 2032 MHz, 3996 MHz, 0 %, 0 %
2026/03/24 01:50:32.992, 3, 233.90 W, 30, 2032 MHz, 3996 MHz, 0 %, 0 %
2026/03/24 01:50:32.992, 4, 179.68 W, 25, 120 MHz, 3996 MHz, 0 %, 0 %
2026/03/24 01:50:32.992, 5, 181.38 W, 28, 120 MHz, 3996 MHz, 0 %, 0 %
2026/03/24 01:50:32.992, 6, 178.64 W, 26, 120 MHz, 3996 MHz, 0 %, 0 %
2026/03/24 01:50:32.992, 7, 176.66 W, 27, 120 MHz, 3996 MHz, 0 %, 0 %
2026/03/24 01:50:33.992, 0, 228.11 W, 27, 2032 MHz, 3996 MHz, 0 %, 0 %
2026/03/24 01:50:33.992, 1, 233.16 W, 29, 2032 MHz, 3996 MHz, 0 %, 0 %
2026/03/24 01:50:33.992, 2, 233.96 W, 27, 2032 MHz, 3996 MHz, 0 %, 0 %
2026/03/24 01:50:33.992, 3, 233.41 W, 30, 2032 MHz, 3996 MHz, 0 %, 0 %
2026/03/24 01:50:33.992, 4, 179.85 W, 25, 120 MHz, 3996 MHz, 0 %, 0 %
2026/03/24 01:50:33.992, 5, 181.12 W, 28, 120 MHz, 3996 MHz, 0 %, 0 %
2026/03/24 01:50:33.992, 6, 178.64 W, 26, 120 MHz, 3996 MHz, 0 %, 0 %
2026/03/24 01:50:33.992, 7, 176.75 W, 27, 120 MHz, 3996 MHz, 0 %, 0 %
2026/03/24 01:50:34.992, 0, 238.87 W, 27, 2032 MHz, 3996 MHz, 5 %, 5 %
2026/03/24 01:50:34.992, 1, 242.07 W, 30, 2032 MHz, 3996 MHz, 2 %, 1 %
2026/03/24 01:50:34.992, 2, 244.86 W, 27, 2032 MHz, 3996 MHz, 16 %, 13 %
2026/03/24 01:50:34.992, 3, 242.88 W, 30, 2032 MHz, 3996 MHz, 12 %, 10 %
2026/03/24 01:50:34.992, 4, 179.66 W, 25, 120 MHz, 3996 MHz, 0 %, 0 %
2026/03/24 01:50:34.992, 5, 181.35 W, 28, 120 MHz, 3996 MHz, 0 %, 0 %
2026/03/24 01:50:34.992, 6, 178.64 W, 26, 120 MHz, 3996 MHz, 0 %, 0 %
2026/03/24 01:50:34.992, 7, 176.70 W, 27, 120 MHz, 3996 MHz, 0 %, 0 %
2026/03/24 01:50:35.992, 0, 241.74 W, 27, 2032 MHz, 3996 MHz, 0 %, 0 %
2026/03/24 01:50:35.992, 1, 246.23 W, 29, 2032 MHz, 3996 MHz, 0 %, 0 %
2026/03/24 01:50:35.992, 2, 244.48 W, 27, 2032 MHz, 3996 MHz, 0 %, 0 %
2026/03/24 01:50:35.992, 3, 245.47 W, 30, 2032 MHz, 3996 MHz, 0 %, 0 %
2026/03/24 01:50:35.992, 4, 179.72 W, 25, 120 MHz, 3996 MHz, 0 %, 0 %
2026/03/24 01:50:35.992, 5, 181.40 W, 28, 120 MHz, 3996 MHz, 0 %, 0 %
2026/03/24 01:50:35.992, 6, 178.64 W, 26, 120 MHz, 3996 MHz, 0 %, 0 %
2026/03/24 01:50:35.992, 7, 176.66 W, 27, 120 MHz, 3996 MHz, 0 %, 0 %
2026/03/24 01:50:36.992, 0, 263.17 W, 28, 2032 MHz, 3996 MHz, 0 %, 0 %
2026/03/24 01:50:36.992, 1, 267.78 W, 30, 2032 MHz, 3996 MHz, 0 %, 0 %
2026/03/24 01:50:36.992, 2, 267.48 W, 27, 2032 MHz, 3996 MHz, 0 %, 0 %
2026/03/24 01:50:36.992, 3, 268.30 W, 30, 2032 MHz, 3996 MHz, 0 %, 0 %
2026/03/24 01:50:36.992, 4, 179.80 W, 25, 120 MHz, 3996 MHz, 0 %, 0 %
2026/03/24 01:50:36.992, 5, 181.67 W, 28, 120 MHz, 3996 MHz, 0 %, 0 %
2026/03/24 01:50:36.993, 6, 178.64 W, 26, 120 MHz, 3996 MHz, 0 %, 0 %
2026/03/24 01:50:36.993, 7, 176.74 W, 27, 120 MHz, 3996 MHz, 0 %, 0 %
2026/03/24 01:50:37.993, 0, 261.85 W, 28, 2032 MHz, 3996 MHz, 0 %, 0 %
2026/03/24 01:50:37.993, 1, 266.36 W, 30, 2032 MHz, 3996 MHz, 0 %, 0 %
2026/03/24 01:50:37.993, 2, 267.37 W, 27, 2032 MHz, 3996 MHz, 0 %, 0 %
2026/03/24 01:50:37.993, 3, 267.38 W, 30, 2032 MHz, 3996 MHz, 0 %, 0 %
2026/03/24 01:50:37.993, 4, 179.71 W, 25, 120 MHz, 3996 MHz, 0 %, 0 %
2026/03/24 01:50:37.993, 5, 181.51 W, 28, 120 MHz, 3996 MHz, 0 %, 0 %
2026/03/24 01:50:37.993, 6, 178.64 W, 26, 120 MHz, 3996 MHz, 0 %, 0 %
2026/03/24 01:50:37.993, 7, 177.01 W, 27, 120 MHz, 3996 MHz, 0 %, 0 %
2026/03/24 01:50:38.993, 0, 229.11 W, 27, 2032 MHz, 3996 MHz, 0 %, 0 %
2026/03/24 01:50:38.993, 1, 233.20 W, 29, 2032 MHz, 3996 MHz, 0 %, 0 %
2026/03/24 01:50:38.993, 2, 233.97 W, 27, 2032 MHz, 3996 MHz, 0 %, 0 %
2026/03/24 01:50:38.993, 3, 234.85 W, 30, 2032 MHz, 3996 MHz, 0 %, 0 %
2026/03/24 01:50:38.993, 4, 180.11 W, 25, 120 MHz, 3996 MHz, 0 %, 0 %
2026/03/24 01:50:38.993, 5, 181.42 W, 28, 120 MHz, 3996 MHz, 0 %, 0 %
2026/03/24 01:50:38.993, 6, 178.64 W, 26, 120 MHz, 3996 MHz, 0 %, 0 %
2026/03/24 01:50:38.993, 7, 176.70 W, 27, 120 MHz, 3996 MHz, 0 %, 0 %
2026/03/24 01:50:39.993, 0, 242.58 W, 27, 2032 MHz, 3996 MHz, 0 %, 0 %
2026/03/24 01:50:39.993, 1, 246.55 W, 29, 2032 MHz, 3996 MHz, 0 %, 0 %
2026/03/24 01:50:39.993, 2, 247.54 W, 27, 2032 MHz, 3996 MHz, 0 %, 0 %
2026/03/24 01:50:39.993, 3, 248.18 W, 30, 2032 MHz, 3996 MHz, 0 %, 0 %
2026/03/24 01:50:39.993, 4, 179.93 W, 25, 120 MHz, 3996 MHz, 0 %, 0 %
2026/03/24 01:50:39.993, 5, 181.52 W, 28, 120 MHz, 3996 MHz, 0 %, 0 %
2026/03/24 01:50:39.993, 6, 178.64 W, 26, 120 MHz, 3996 MHz, 0 %, 0 %
2026/03/24 01:50:39.993, 7, 176.66 W, 27, 120 MHz, 3996 MHz, 0 %, 0 %
2026/03/24 01:50:40.993, 0, 228.79 W, 27, 2032 MHz, 3996 MHz, 0 %, 0 %
2026/03/24 01:50:40.993, 1, 233.16 W, 29, 2032 MHz, 3996 MHz, 0 %, 0 %
2026/03/24 01:50:40.993, 2, 233.94 W, 27, 2032 MHz, 3996 MHz, 0 %, 0 %
2026/03/24 01:50:40.993, 3, 234.71 W, 30, 2032 MHz, 3996 MHz, 0 %, 0 %
2026/03/24 01:50:40.993, 4, 179.67 W, 25, 120 MHz, 3996 MHz, 0 %, 0 %
2026/03/24 01:50:40.993, 5, 181.46 W, 28, 120 MHz, 3996 MHz, 0 %, 0 %
2026/03/24 01:50:40.993, 6, 178.64 W, 26, 120 MHz, 3996 MHz, 0 %, 0 %
2026/03/24 01:50:40.993, 7, 176.82 W, 27, 120 MHz, 3996 MHz, 0 %, 0 %
2026/03/24 01:50:41.993, 0, 261.93 W, 30, 2032 MHz, 3996 MHz, 0 %, 0 %
2026/03/24 01:50:41.993, 1, 240.93 W, 29, 2032 MHz, 3996 MHz, 0 %, 0 %
2026/03/24 01:50:41.993, 2, 233.96 W, 27, 2032 MHz, 3996 MHz, 0 %, 0 %
2026/03/24 01:50:41.993, 3, 277.35 W, 31, 2032 MHz, 3996 MHz, 0 %, 0 %
2026/03/24 01:50:41.993, 4, 179.98 W, 25, 120 MHz, 3996 MHz, 0 %, 0 %
2026/03/24 01:50:41.993, 5, 181.46 W, 28, 120 MHz, 3996 MHz, 0 %, 0 %
2026/03/24 01:50:41.993, 6, 178.64 W, 26, 120 MHz, 3996 MHz, 0 %, 0 %
2026/03/24 01:50:41.993, 7, 176.74 W, 27, 120 MHz, 3996 MHz, 0 %, 0 %
2026/03/24 01:50:42.993, 0, 261.06 W, 27, 2032 MHz, 3996 MHz, 0 %, 0 %
2026/03/24 01:50:42.993, 1, 300.06 W, 29, 2032 MHz, 3996 MHz, 0 %, 0 %
2026/03/24 01:50:42.993, 2, 299.93 W, 27, 2032 MHz, 3996 MHz, 0 %, 0 %
2026/03/24 01:50:42.993, 3, 270.60 W, 30, 2032 MHz, 3996 MHz, 0 %, 0 %
2026/03/24 01:50:42.993, 4, 179.72 W, 25, 120 MHz, 3996 MHz, 0 %, 0 %
2026/03/24 01:50:42.993, 5, 181.60 W, 28, 120 MHz, 3996 MHz, 0 %, 0 %
2026/03/24 01:50:42.993, 6, 178.64 W, 26, 120 MHz, 3996 MHz, 0 %, 0 %
2026/03/24 01:50:42.993, 7, 176.70 W, 27, 120 MHz, 3996 MHz, 0 %, 0 %
2026/03/24 01:50:43.994, 0, 262.11 W, 27, 2032 MHz, 3996 MHz, 0 %, 0 %
2026/03/24 01:50:43.994, 1, 265.16 W, 29, 2032 MHz, 3996 MHz, 0 %, 0 %
2026/03/24 01:50:43.994, 2, 266.24 W, 27, 2032 MHz, 3996 MHz, 0 %, 0 %
2026/03/24 01:50:43.994, 3, 266.69 W, 30, 2032 MHz, 3996 MHz, 0 %, 0 %
2026/03/24 01:50:43.994, 4, 179.91 W, 25, 120 MHz, 3996 MHz, 0 %, 0 %
2026/03/24 01:50:43.994, 5, 181.36 W, 28, 120 MHz, 3996 MHz, 0 %, 0 %
2026/03/24 01:50:43.994, 6, 178.64 W, 26, 120 MHz, 3996 MHz, 0 %, 0 %
2026/03/24 01:50:43.994, 7, 176.74 W, 27, 120 MHz, 3996 MHz, 0 %, 0 %
2026/03/24 01:50:44.994, 0, 229.15 W, 27, 2032 MHz, 3996 MHz, 0 %, 0 %
2026/03/24 01:50:44.994, 1, 233.20 W, 29, 2032 MHz, 3996 MHz, 0 %, 0 %
2026/03/24 01:50:44.994, 2, 234.07 W, 27, 2032 MHz, 3996 MHz, 0 %, 0 %
2026/03/24 01:50:44.994, 3, 235.01 W, 30, 2032 MHz, 3996 MHz, 0 %, 0 %
2026/03/24 01:50:44.994, 4, 179.86 W, 25, 120 MHz, 3996 MHz, 0 %, 0 %
2026/03/24 01:50:44.994, 5, 181.63 W, 28, 120 MHz, 3996 MHz, 0 %, 0 %
2026/03/24 01:50:44.994, 6, 178.64 W, 26, 120 MHz, 3996 MHz, 0 %, 0 %
2026/03/24 01:50:44.994, 7, 176.74 W, 27, 120 MHz, 3996 MHz, 0 %, 0 %
2026/03/24 01:50:45.994, 0, 229.03 W, 27, 2032 MHz, 3996 MHz, 0 %, 0 %
2026/03/24 01:50:45.994, 1, 242.12 W, 29, 2032 MHz, 3996 MHz, 0 %, 0 %
2026/03/24 01:50:45.994, 2, 233.94 W, 27, 2032 MHz, 3996 MHz, 0 %, 0 %
2026/03/24 01:50:45.994, 3, 303.83 W, 33, 2032 MHz, 3996 MHz, 0 %, 0 %
2026/03/24 01:50:45.994, 4, 179.80 W, 25, 120 MHz, 3996 MHz, 0 %, 0 %
2026/03/24 01:50:45.994, 5, 181.12 W, 28, 120 MHz, 3996 MHz, 0 %, 0 %
2026/03/24 01:50:45.994, 6, 178.64 W, 26, 120 MHz, 3996 MHz, 0 %, 0 %
2026/03/24 01:50:45.994, 7, 176.58 W, 27, 120 MHz, 3996 MHz, 0 %, 0 %
2026/03/24 01:50:46.994, 0, 332.50 W, 28, 2032 MHz, 3996 MHz, 0 %, 0 %
2026/03/24 01:50:46.994, 1, 336.04 W, 30, 2032 MHz, 3996 MHz, 0 %, 0 %
2026/03/24 01:50:46.994, 2, 336.96 W, 27, 2032 MHz, 3996 MHz, 0 %, 0 %
2026/03/24 01:50:46.994, 3, 276.63 W, 30, 2032 MHz, 3996 MHz, 0 %, 0 %
2026/03/24 01:50:46.994, 4, 180.07 W, 25, 120 MHz, 3996 MHz, 0 %, 0 %
2026/03/24 01:50:46.994, 5, 181.57 W, 28, 120 MHz, 3996 MHz, 0 %, 0 %
2026/03/24 01:50:46.994, 6, 178.64 W, 26, 120 MHz, 3996 MHz, 0 %, 0 %
2026/03/24 01:50:46.994, 7, 176.66 W, 27, 120 MHz, 3996 MHz, 0 %, 0 %
2026/03/24 01:50:47.994, 0, 229.65 W, 27, 2032 MHz, 3996 MHz, 0 %, 0 %
2026/03/24 01:50:47.994, 1, 233.28 W, 29, 2032 MHz, 3996 MHz, 0 %, 0 %
2026/03/24 01:50:47.994, 2, 234.01 W, 27, 2032 MHz, 3996 MHz, 0 %, 0 %
2026/03/24 01:50:47.994, 3, 235.04 W, 30, 2032 MHz, 3996 MHz, 0 %, 0 %
2026/03/24 01:50:47.994, 4, 180.07 W, 25, 120 MHz, 3996 MHz, 0 %, 0 %
2026/03/24 01:50:47.994, 5, 181.55 W, 28, 120 MHz, 3996 MHz, 0 %, 0 %
2026/03/24 01:50:47.994, 6, 178.64 W, 26, 120 MHz, 3996 MHz, 0 %, 0 %
2026/03/24 01:50:47.994, 7, 176.66 W, 27, 120 MHz, 3996 MHz, 0 %, 0 %
2026/03/24 01:50:48.994, 0, 229.38 W, 27, 2032 MHz, 3996 MHz, 0 %, 0 %
2026/03/24 01:50:48.994, 1, 233.16 W, 29, 2032 MHz, 3996 MHz, 0 %, 0 %
2026/03/24 01:50:48.994, 2, 233.99 W, 27, 2032 MHz, 3996 MHz, 0 %, 0 %
2026/03/24 01:50:48.994, 3, 235.07 W, 30, 2032 MHz, 3996 MHz, 0 %, 0 %
2026/03/24 01:50:48.994, 4, 179.93 W, 25, 120 MHz, 3996 MHz, 0 %, 0 %
2026/03/24 01:50:48.994, 5, 181.19 W, 28, 120 MHz, 3996 MHz, 0 %, 0 %
2026/03/24 01:50:48.994, 6, 178.64 W, 26, 120 MHz, 3996 MHz, 0 %, 0 %
2026/03/24 01:50:48.994, 7, 176.77 W, 27, 120 MHz, 3996 MHz, 0 %, 0 %
2026/03/24 01:50:49.994, 0, 229.09 W, 27, 2032 MHz, 3996 MHz, 0 %, 0 %
2026/03/24 01:50:49.994, 1, 233.16 W, 29, 2032 MHz, 3996 MHz, 0 %, 0 %
2026/03/24 01:50:49.994, 2, 233.94 W, 27, 2032 MHz, 3996 MHz, 0 %, 0 %
2026/03/24 01:50:49.994, 3, 234.74 W, 30, 2032 MHz, 3996 MHz, 0 %, 0 %
2026/03/24 01:50:49.995, 4, 180.08 W, 25, 120 MHz, 3996 MHz, 0 %, 0 %
2026/03/24 01:50:49.995, 5, 181.44 W, 28, 120 MHz, 3996 MHz, 0 %, 0 %
2026/03/24 01:50:49.995, 6, 178.64 W, 26, 120 MHz, 3996 MHz, 0 %, 0 %
2026/03/24 01:50:49.995, 7, 176.74 W, 27, 120 MHz, 3996 MHz, 0 %, 0 %
2026/03/24 01:50:50.995, 0, 228.68 W, 27, 2032 MHz, 3996 MHz, 0 %, 0 %
2026/03/24 01:50:50.995, 1, 233.16 W, 29, 2032 MHz, 3996 MHz, 0 %, 0 %
2026/03/24 01:50:50.995, 2, 233.95 W, 27, 2032 MHz, 3996 MHz, 0 %, 0 %
2026/03/24 01:50:50.995, 3, 234.50 W, 30, 2032 MHz, 3996 MHz, 0 %, 0 %
2026/03/24 01:50:50.995, 4, 179.80 W, 25, 120 MHz, 3996 MHz, 0 %, 0 %
2026/03/24 01:50:50.995, 5, 181.54 W, 28, 120 MHz, 3996 MHz, 0 %, 0 %
2026/03/24 01:50:50.995, 6, 178.64 W, 26, 120 MHz, 3996 MHz, 0 %, 0 %
2026/03/24 01:50:50.995, 7, 176.70 W, 27, 120 MHz, 3996 MHz, 0 %, 0 %
2026/03/24 01:50:51.995, 0, 228.61 W, 27, 2032 MHz, 3996 MHz, 0 %, 0 %
2026/03/24 01:50:51.995, 1, 233.16 W, 29, 2032 MHz, 3996 MHz, 0 %, 0 %
2026/03/24 01:50:51.995, 2, 233.93 W, 27, 2032 MHz, 3996 MHz, 0 %, 0 %
2026/03/24 01:50:51.995, 3, 234.60 W, 30, 2032 MHz, 3996 MHz, 0 %, 0 %
2026/03/24 01:50:51.995, 4, 179.93 W, 25, 120 MHz, 3996 MHz, 0 %, 0 %
2026/03/24 01:50:51.995, 5, 181.32 W, 28, 120 MHz, 3996 MHz, 0 %, 0 %
2026/03/24 01:50:51.995, 6, 178.64 W, 26, 120 MHz, 3996 MHz, 0 %, 0 %
2026/03/24 01:50:51.995, 7, 176.66 W, 27, 120 MHz, 3996 MHz, 0 %, 0 %
2026/03/24 01:50:52.995, 0, 247.21 W, 28, 2032 MHz, 3996 MHz, 0 %, 0 %
2026/03/24 01:50:52.995, 1, 233.16 W, 29, 2032 MHz, 3996 MHz, 0 %, 0 %
2026/03/24 01:50:52.995, 2, 233.90 W, 27, 2032 MHz, 3996 MHz, 0 %, 0 %
2026/03/24 01:50:52.995, 3, 234.73 W, 30, 2032 MHz, 3996 MHz, 0 %, 0 %
2026/03/24 01:50:52.995, 4, 179.49 W, 25, 120 MHz, 3996 MHz, 0 %, 0 %
2026/03/24 01:50:52.995, 5, 181.23 W, 28, 120 MHz, 3996 MHz, 0 %, 0 %
2026/03/24 01:50:52.995, 6, 178.64 W, 26, 120 MHz, 3996 MHz, 0 %, 0 %
2026/03/24 01:50:52.995, 7, 176.74 W, 27, 120 MHz, 3996 MHz, 0 %, 0 %
2026/03/24 01:50:53.995, 0, 324.18 W, 29, 2032 MHz, 3996 MHz, 91 %, 84 %
2026/03/24 01:50:53.995, 1, 251.06 W, 29, 2032 MHz, 3996 MHz, 0 %, 0 %
2026/03/24 01:50:53.995, 2, 278.89 W, 28, 2032 MHz, 3996 MHz, 0 %, 0 %
2026/03/24 01:50:53.995, 3, 303.09 W, 32, 2032 MHz, 3996 MHz, 0 %, 0 %
2026/03/24 01:50:53.995, 4, 179.73 W, 25, 120 MHz, 3996 MHz, 0 %, 0 %
2026/03/24 01:50:53.995, 5, 181.05 W, 28, 120 MHz, 3996 MHz, 0 %, 0 %
2026/03/24 01:50:53.995, 6, 178.64 W, 26, 120 MHz, 3996 MHz, 0 %, 0 %
2026/03/24 01:50:53.995, 7, 176.74 W, 27, 120 MHz, 3996 MHz, 0 %, 0 %
2026/03/24 01:50:54.995, 0, 229.86 W, 28, 2032 MHz, 3996 MHz, 0 %, 0 %
2026/03/24 01:50:54.995, 1, 325.23 W, 30, 2032 MHz, 3996 MHz, 0 %, 0 %
2026/03/24 01:50:54.995, 2, 312.90 W, 27, 2032 MHz, 3996 MHz, 0 %, 0 %
2026/03/24 01:50:54.995, 3, 285.15 W, 30, 2032 MHz, 3996 MHz, 0 %, 0 %
2026/03/24 01:50:54.995, 4, 180.03 W, 25, 120 MHz, 3996 MHz, 0 %, 0 %
2026/03/24 01:50:54.995, 5, 181.34 W, 28, 120 MHz, 3996 MHz, 0 %, 0 %
2026/03/24 01:50:54.995, 6, 178.64 W, 26, 120 MHz, 3996 MHz, 0 %, 0 %
2026/03/24 01:50:54.995, 7, 176.70 W, 27, 120 MHz, 3996 MHz, 0 %, 0 %
2026/03/24 01:50:55.995, 0, 229.70 W, 27, 2032 MHz, 3996 MHz, 0 %, 0 %
2026/03/24 01:50:55.995, 1, 233.35 W, 29, 2032 MHz, 3996 MHz, 0 %, 0 %
2026/03/24 01:50:55.995, 2, 234.07 W, 27, 2032 MHz, 3996 MHz, 0 %, 0 %
2026/03/24 01:50:55.995, 3, 235.11 W, 30, 2032 MHz, 3996 MHz, 0 %, 0 %
2026/03/24 01:50:55.995, 4, 180.12 W, 25, 120 MHz, 3996 MHz, 0 %, 0 %
2026/03/24 01:50:55.995, 5, 181.16 W, 28, 120 MHz, 3996 MHz, 0 %, 0 %
2026/03/24 01:50:55.995, 6, 178.64 W, 26, 120 MHz, 3996 MHz, 0 %, 0 %
2026/03/24 01:50:55.995, 7, 176.62 W, 27, 120 MHz, 3996 MHz, 0 %, 0 %
2026/03/24 01:50:56.996, 0, 273.41 W, 29, 2032 MHz, 3996 MHz, 83 %, 43 %
2026/03/24 01:50:56.996, 1, 278.61 W, 31, 2032 MHz, 3996 MHz, 80 %, 62 %
2026/03/24 01:50:56.996, 2, 278.98 W, 28, 2032 MHz, 3996 MHz, 81 %, 52 %
2026/03/24 01:50:56.996, 3, 277.84 W, 31, 2032 MHz, 3996 MHz, 91 %, 3 %
2026/03/24 01:50:56.996, 4, 179.77 W, 25, 120 MHz, 3996 MHz, 0 %, 0 %
2026/03/24 01:50:56.996, 5, 181.20 W, 28, 120 MHz, 3996 MHz, 0 %, 0 %
2026/03/24 01:50:56.996, 6, 178.64 W, 26, 120 MHz, 3996 MHz, 0 %, 0 %
2026/03/24 01:50:56.996, 7, 176.66 W, 27, 120 MHz, 3996 MHz, 0 %, 0 %
2026/03/24 01:50:57.996, 0, 228.93 W, 27, 2032 MHz, 3996 MHz, 0 %, 0 %
2026/03/24 01:50:57.996, 1, 233.36 W, 29, 2032 MHz, 3996 MHz, 0 %, 0 %
2026/03/24 01:50:57.996, 2, 234.03 W, 27, 2032 MHz, 3996 MHz, 0 %, 0 %
2026/03/24 01:50:57.996, 3, 235.02 W, 30, 2032 MHz, 3996 MHz, 0 %, 0 %
2026/03/24 01:50:57.996, 4, 179.95 W, 25, 120 MHz, 3996 MHz, 0 %, 0 %
2026/03/24 01:50:57.996, 5, 181.42 W, 28, 120 MHz, 3996 MHz, 0 %, 0 %
2026/03/24 01:50:57.996, 6, 178.64 W, 26, 120 MHz, 3996 MHz, 0 %, 0 %
2026/03/24 01:50:57.996, 7, 176.62 W, 27, 120 MHz, 3996 MHz, 0 %, 0 %
2026/03/24 01:50:58.996, 0, 228.15 W, 27, 2032 MHz, 3996 MHz, 0 %, 0 %
2026/03/24 01:50:58.996, 1, 233.16 W, 29, 2032 MHz, 3996 MHz, 0 %, 0 %
2026/03/24 01:50:58.996, 2, 233.90 W, 27, 2032 MHz, 3996 MHz, 0 %, 0 %
2026/03/24 01:50:58.996, 3, 234.59 W, 30, 2032 MHz, 3996 MHz, 0 %, 0 %
2026/03/24 01:50:58.996, 4, 179.94 W, 25, 120 MHz, 3996 MHz, 0 %, 0 %
2026/03/24 01:50:58.996, 5, 181.19 W, 28, 120 MHz, 3996 MHz, 0 %, 0 %
2026/03/24 01:50:58.996, 6, 178.64 W, 26, 120 MHz, 3996 MHz, 0 %, 0 %
2026/03/24 01:50:58.996, 7, 176.66 W, 27, 120 MHz, 3996 MHz, 0 %, 0 %
2026/03/24 01:50:59.996, 0, 228.40 W, 27, 2032 MHz, 3996 MHz, 0 %, 0 %
2026/03/24 01:50:59.996, 1, 233.16 W, 29, 2032 MHz, 3996 MHz, 0 %, 0 %
2026/03/24 01:50:59.996, 2, 233.95 W, 27, 2032 MHz, 3996 MHz, 0 %, 0 %
2026/03/24 01:50:59.997, 3, 234.74 W, 30, 2032 MHz, 3996 MHz, 0 %, 0 %
2026/03/24 01:50:59.997, 4, 179.89 W, 25, 120 MHz, 3996 MHz, 0 %, 0 %
2026/03/24 01:50:59.997, 5, 181.59 W, 28, 120 MHz, 3996 MHz, 0 %, 0 %
2026/03/24 01:50:59.997, 6, 178.64 W, 26, 120 MHz, 3996 MHz, 0 %, 0 %
2026/03/24 01:50:59.997, 7, 176.62 W, 27, 120 MHz, 3996 MHz, 0 %, 0 %
2026/03/24 01:51:00.997, 0, 228.10 W, 27, 2032 MHz, 3996 MHz, 0 %, 0 %
2026/03/24 01:51:00.997, 1, 233.16 W, 29, 2032 MHz, 3996 MHz, 0 %, 0 %
2026/03/24 01:51:00.997, 2, 233.97 W, 27, 2032 MHz, 3996 MHz, 0 %, 0 %
2026/03/24 01:51:00.997, 3, 234.52 W, 30, 2032 MHz, 3996 MHz, 0 %, 0 %
2026/03/24 01:51:00.997, 4, 179.89 W, 25, 120 MHz, 3996 MHz, 0 %, 0 %
2026/03/24 01:51:00.997, 5, 181.23 W, 28, 120 MHz, 3996 MHz, 0 %, 0 %
2026/03/24 01:51:00.997, 6, 178.64 W, 26, 120 MHz, 3996 MHz, 0 %, 0 %
2026/03/24 01:51:00.997, 7, 176.66 W, 27, 120 MHz, 3996 MHz, 0 %, 0 %
2026/03/24 01:51:01.997, 0, 228.22 W, 27, 2032 MHz, 3996 MHz, 0 %, 0 %
2026/03/24 01:51:01.997, 1, 233.16 W, 29, 2032 MHz, 3996 MHz, 0 %, 0 %
2026/03/24 01:51:01.997, 2, 233.99 W, 27, 2032 MHz, 3996 MHz, 0 %, 0 %
2026/03/24 01:51:01.997, 3, 234.53 W, 30, 2032 MHz, 3996 MHz, 0 %, 0 %
2026/03/24 01:51:01.997, 4, 179.97 W, 25, 120 MHz, 3996 MHz, 0 %, 0 %
2026/03/24 01:51:01.997, 5, 181.17 W, 28, 120 MHz, 3996 MHz, 0 %, 0 %
2026/03/24 01:51:01.997, 6, 178.64 W, 26, 120 MHz, 3996 MHz, 0 %, 0 %
2026/03/24 01:51:01.997, 7, 176.86 W, 27, 120 MHz, 3996 MHz, 0 %, 0 %
2026/03/24 01:51:02.997, 0, 228.33 W, 27, 2032 MHz, 3996 MHz, 0 %, 0 %
2026/03/24 01:51:02.997, 1, 233.16 W, 29, 2032 MHz, 3996 MHz, 0 %, 0 %
2026/03/24 01:51:02.997, 2, 233.95 W, 27, 2032 MHz, 3996 MHz, 0 %, 0 %
2026/03/24 01:51:02.997, 3, 234.73 W, 30, 2032 MHz, 3996 MHz, 0 %, 0 %
2026/03/24 01:51:02.998, 4, 180.12 W, 25, 120 MHz, 3996 MHz, 0 %, 0 %
2026/03/24 01:51:02.998, 5, 181.38 W, 28, 120 MHz, 3996 MHz, 0 %, 0 %
2026/03/24 01:51:02.998, 6, 178.64 W, 26, 120 MHz, 3996 MHz, 0 %, 0 %
2026/03/24 01:51:02.998, 7, 176.70 W, 27, 120 MHz, 3996 MHz, 0 %, 0 %
2026/03/24 01:51:03.998, 0, 228.46 W, 27, 2032 MHz, 3996 MHz, 0 %, 0 %
2026/03/24 01:51:03.998, 1, 233.16 W, 29, 2032 MHz, 3996 MHz, 0 %, 0 %
2026/03/24 01:51:03.998, 2, 233.99 W, 27, 2032 MHz, 3996 MHz, 0 %, 0 %
2026/03/24 01:51:03.998, 3, 234.54 W, 30, 2032 MHz, 3996 MHz, 0 %, 0 %
2026/03/24 01:51:03.998, 4, 180.21 W, 25, 120 MHz, 3996 MHz, 0 %, 0 %
2026/03/24 01:51:03.998, 5, 181.13 W, 28, 120 MHz, 3996 MHz, 0 %, 0 %
2026/03/24 01:51:03.998, 6, 178.64 W, 26, 120 MHz, 3996 MHz, 0 %, 0 %
2026/03/24 01:51:03.998, 7, 176.66 W, 27, 120 MHz, 3996 MHz, 0 %, 0 %
2026/03/24 01:51:04.998, 0, 228.41 W, 27, 2032 MHz, 3996 MHz, 0 %, 0 %
2026/03/24 01:51:04.998, 1, 233.16 W, 29, 2032 MHz, 3996 MHz, 0 %, 0 %
2026/03/24 01:51:04.998, 2, 233.98 W, 27, 2032 MHz, 3996 MHz, 0 %, 0 %
2026/03/24 01:51:04.998, 3, 234.77 W, 30, 2032 MHz, 3996 MHz, 0 %, 0 %
2026/03/24 01:51:04.998, 4, 179.71 W, 25, 120 MHz, 3996 MHz, 0 %, 0 %
2026/03/24 01:51:04.998, 5, 181.48 W, 28, 120 MHz, 3996 MHz, 0 %, 0 %
2026/03/24 01:51:04.998, 6, 178.64 W, 26, 120 MHz, 3996 MHz, 0 %, 0 %
2026/03/24 01:51:04.998, 7, 176.74 W, 27, 120 MHz, 3996 MHz, 0 %, 0 %
2026/03/24 01:51:05.998, 0, 228.34 W, 27, 2032 MHz, 3996 MHz, 0 %, 0 %
2026/03/24 01:51:05.998, 1, 233.16 W, 29, 2032 MHz, 3996 MHz, 0 %, 0 %
2026/03/24 01:51:05.998, 2, 233.98 W, 27, 2032 MHz, 3996 MHz, 0 %, 0 %
2026/03/24 01:51:05.998, 3, 234.97 W, 30, 2032 MHz, 3996 MHz, 0 %, 0 %
2026/03/24 01:51:05.998, 4, 180.24 W, 25, 120 MHz, 3996 MHz, 0 %, 0 %
2026/03/24 01:51:05.998, 5, 181.65 W, 28, 120 MHz, 3996 MHz, 0 %, 0 %
2026/03/24 01:51:05.998, 6, 178.64 W, 26, 120 MHz, 3996 MHz, 0 %, 0 %
2026/03/24 01:51:05.998, 7, 176.74 W, 27, 120 MHz, 3996 MHz, 0 %, 0 %
2026/03/24 01:51:06.998, 0, 228.56 W, 27, 2032 MHz, 3996 MHz, 0 %, 0 %
2026/03/24 01:51:06.998, 1, 233.16 W, 29, 2032 MHz, 3996 MHz, 0 %, 0 %
2026/03/24 01:51:06.998, 2, 233.96 W, 27, 2032 MHz, 3996 MHz, 0 %, 0 %
2026/03/24 01:51:06.998, 3, 234.90 W, 30, 2032 MHz, 3996 MHz, 0 %, 0 %
2026/03/24 01:51:06.998, 4, 179.93 W, 25, 120 MHz, 3996 MHz, 0 %, 0 %
2026/03/24 01:51:06.998, 5, 180.97 W, 28, 120 MHz, 3996 MHz, 0 %, 0 %
2026/03/24 01:51:06.998, 6, 178.60 W, 26, 120 MHz, 3996 MHz, 0 %, 0 %
2026/03/24 01:51:06.998, 7, 176.66 W, 27, 120 MHz, 3996 MHz, 0 %, 0 %
2026/03/24 01:51:07.999, 0, 228.75 W, 27, 2032 MHz, 3996 MHz, 0 %, 0 %
2026/03/24 01:51:07.999, 1, 233.16 W, 29, 2032 MHz, 3996 MHz, 0 %, 0 %
2026/03/24 01:51:07.999, 2, 233.95 W, 27, 2032 MHz, 3996 MHz, 0 %, 0 %
2026/03/24 01:51:07.999, 3, 234.84 W, 30, 2032 MHz, 3996 MHz, 0 %, 0 %
2026/03/24 01:51:07.999, 4, 180.03 W, 25, 120 MHz, 3996 MHz, 0 %, 0 %
2026/03/24 01:51:07.999, 5, 181.42 W, 28, 120 MHz, 3996 MHz, 0 %, 0 %
2026/03/24 01:51:07.999, 6, 178.64 W, 26, 120 MHz, 3996 MHz, 0 %, 0 %
2026/03/24 01:51:07.999, 7, 176.77 W, 27, 120 MHz, 3996 MHz, 0 %, 0 %
2026/03/24 01:51:08.999, 0, 228.68 W, 27, 2032 MHz, 3996 MHz, 0 %, 0 %
2026/03/24 01:51:08.999, 1, 233.16 W, 29, 2032 MHz, 3996 MHz, 0 %, 0 %
2026/03/24 01:51:08.999, 2, 233.98 W, 27, 2032 MHz, 3996 MHz, 0 %, 0 %
2026/03/24 01:51:08.999, 3, 234.90 W, 30, 2032 MHz, 3996 MHz, 0 %, 0 %
2026/03/24 01:51:08.999, 4, 179.89 W, 25, 120 MHz, 3996 MHz, 0 %, 0 %
2026/03/24 01:51:08.999, 5, 181.38 W, 28, 120 MHz, 3996 MHz, 0 %, 0 %
2026/03/24 01:51:08.999, 6, 178.64 W, 26, 120 MHz, 3996 MHz, 0 %, 0 %
2026/03/24 01:51:08.999, 7, 176.82 W, 27, 120 MHz, 3996 MHz, 0 %, 0 %
2026/03/24 01:51:09.999, 0, 228.76 W, 27, 2032 MHz, 3996 MHz, 0 %, 0 %
2026/03/24 01:51:09.999, 1, 233.16 W, 29, 2032 MHz, 3996 MHz, 0 %, 0 %
2026/03/24 01:51:09.999, 2, 233.95 W, 27, 2032 MHz, 3996 MHz, 0 %, 0 %
2026/03/24 01:51:09.999, 3, 234.91 W, 30, 2032 MHz, 3996 MHz, 0 %, 0 %
2026/03/24 01:51:09.999, 4, 179.87 W, 25, 120 MHz, 3996 MHz, 0 %, 0 %
2026/03/24 01:51:09.999, 5, 181.24 W, 28, 120 MHz, 3996 MHz, 0 %, 0 %
2026/03/24 01:51:09.999, 6, 178.64 W, 26, 120 MHz, 3996 MHz, 0 %, 0 %
2026/03/24 01:51:09.999, 7, 176.70 W, 27, 120 MHz, 3996 MHz, 0 %, 0 %
2026/03/24 01:51:10.999, 0, 228.96 W, 27, 2032 MHz, 3996 MHz, 0 %, 0 %
2026/03/24 01:51:10.999, 1, 233.16 W, 29, 2032 MHz, 3996 MHz, 0 %, 0 %
2026/03/24 01:51:10.999, 2, 233.96 W, 27, 2032 MHz, 3996 MHz, 0 %, 0 %
2026/03/24 01:51:10.999, 3, 234.92 W, 30, 2032 MHz, 3996 MHz, 0 %, 0 %
2026/03/24 01:51:10.999, 4, 180.19 W, 25, 120 MHz, 3996 MHz, 0 %, 0 %
2026/03/24 01:51:10.999, 5, 181.19 W, 28, 120 MHz, 3996 MHz, 0 %, 0 %
2026/03/24 01:51:10.999, 6, 178.64 W, 26, 120 MHz, 3996 MHz, 0 %, 0 %
2026/03/24 01:51:10.999, 7, 176.78 W, 27, 120 MHz, 3996 MHz, 0 %, 0 %
2026/03/24 01:51:11.999, 0, 228.76 W, 27, 2032 MHz, 3996 MHz, 0 %, 0 %
2026/03/24 01:51:11.999, 1, 233.16 W, 29, 2032 MHz, 3996 MHz, 0 %, 0 %
2026/03/24 01:51:11.999, 2, 233.96 W, 27, 2032 MHz, 3996 MHz, 0 %, 0 %
2026/03/24 01:51:11.999, 3, 234.77 W, 30, 2032 MHz, 3996 MHz, 0 %, 0 %
2026/03/24 01:51:11.999, 4, 179.99 W, 25, 120 MHz, 3996 MHz, 0 %, 0 %
2026/03/24 01:51:11.999, 5, 181.31 W, 28, 120 MHz, 3996 MHz, 0 %, 0 %
2026/03/24 01:51:11.999, 6, 178.64 W, 26, 120 MHz, 3996 MHz, 0 %, 0 %
2026/03/24 01:51:11.999, 7, 176.77 W, 27, 120 MHz, 3996 MHz, 0 %, 0 %
2026/03/24 01:51:12.999, 0, 228.87 W, 27, 2032 MHz, 3996 MHz, 0 %, 0 %
2026/03/24 01:51:12.999, 1, 233.16 W, 29, 2032 MHz, 3996 MHz, 0 %, 0 %
2026/03/24 01:51:12.999, 2, 233.97 W, 27, 2032 MHz, 3996 MHz, 0 %, 0 %
2026/03/24 01:51:12.999, 3, 234.92 W, 30, 2032 MHz, 3996 MHz, 0 %, 0 %
2026/03/24 01:51:12.999, 4, 179.83 W, 25, 120 MHz, 3996 MHz, 0 %, 0 %
2026/03/24 01:51:12.999, 5, 181.53 W, 28, 120 MHz, 3996 MHz, 0 %, 0 %
2026/03/24 01:51:12.999, 6, 178.64 W, 26, 120 MHz, 3996 MHz, 0 %, 0 %
2026/03/24 01:51:12.999, 7, 176.82 W, 27, 120 MHz, 3996 MHz, 0 %, 0 %
2026/03/24 01:51:13.999, 0, 228.94 W, 27, 2032 MHz, 3996 MHz, 0 %, 0 %
2026/03/24 01:51:13.999, 1, 233.16 W, 29, 2032 MHz, 3996 MHz, 0 %, 0 %
2026/03/24 01:51:13.999, 2, 233.96 W, 27, 2032 MHz, 3996 MHz, 0 %, 0 %
2026/03/24 01:51:14.000, 3, 235.04 W, 30, 2032 MHz, 3996 MHz, 0 %, 0 %
2026/03/24 01:51:14.000, 4, 179.83 W, 25, 120 MHz, 3996 MHz, 0 %, 0 %
2026/03/24 01:51:14.000, 5, 181.55 W, 28, 120 MHz, 3996 MHz, 0 %, 0 %
2026/03/24 01:51:14.000, 6, 178.64 W, 26, 120 MHz, 3996 MHz, 0 %, 0 %
2026/03/24 01:51:14.000, 7, 176.74 W, 27, 120 MHz, 3996 MHz, 0 %, 0 %
2026/03/24 01:51:15.000, 0, 228.80 W, 27, 2032 MHz, 3996 MHz, 0 %, 0 %
2026/03/24 01:51:15.000, 1, 233.16 W, 29, 2032 MHz, 3996 MHz, 0 %, 0 %
2026/03/24 01:51:15.000, 2, 234.01 W, 27, 2032 MHz, 3996 MHz, 0 %, 0 %
2026/03/24 01:51:15.000, 3, 234.78 W, 30, 2032 MHz, 3996 MHz, 0 %, 0 %
2026/03/24 01:51:15.000, 4, 180.10 W, 25, 120 MHz, 3996 MHz, 0 %, 0 %
2026/03/24 01:51:15.000, 5, 181.46 W, 28, 120 MHz, 3996 MHz, 0 %, 0 %
2026/03/24 01:51:15.000, 6, 178.64 W, 26, 120 MHz, 3996 MHz, 0 %, 0 %
2026/03/24 01:51:15.000, 7, 176.74 W, 27, 120 MHz, 3996 MHz, 0 %, 0 %
2026/03/24 01:51:16.000, 0, 228.94 W, 27, 2032 MHz, 3996 MHz, 0 %, 0 %
2026/03/24 01:51:16.000, 1, 233.16 W, 29, 2032 MHz, 3996 MHz, 0 %, 0 %
2026/03/24 01:51:16.000, 2, 234.00 W, 27, 2032 MHz, 3996 MHz, 0 %, 0 %
2026/03/24 01:51:16.000, 3, 234.95 W, 30, 2032 MHz, 3996 MHz, 0 %, 0 %
2026/03/24 01:51:16.000, 4, 180.12 W, 25, 120 MHz, 3996 MHz, 0 %, 0 %
2026/03/24 01:51:16.000, 5, 181.48 W, 28, 120 MHz, 3996 MHz, 0 %, 0 %
2026/03/24 01:51:16.000, 6, 178.64 W, 26, 120 MHz, 3996 MHz, 0 %, 0 %
2026/03/24 01:51:16.000, 7, 176.82 W, 27, 120 MHz, 3996 MHz, 0 %, 0 %
2026/03/24 01:51:17.000, 0, 228.63 W, 27, 2032 MHz, 3996 MHz, 0 %, 0 %
2026/03/24 01:51:17.000, 1, 233.16 W, 29, 2032 MHz, 3996 MHz, 0 %, 0 %
2026/03/24 01:51:17.000, 2, 233.95 W, 27, 2032 MHz, 3996 MHz, 0 %, 0 %
2026/03/24 01:51:17.000, 3, 235.00 W, 30, 2032 MHz, 3996 MHz, 0 %, 0 %
2026/03/24 01:51:17.000, 4, 180.04 W, 25, 120 MHz, 3996 MHz, 0 %, 0 %
2026/03/24 01:51:17.000, 5, 181.42 W, 28, 120 MHz, 3996 MHz, 0 %, 0 %
2026/03/24 01:51:17.000, 6, 178.64 W, 26, 120 MHz, 3996 MHz, 0 %, 0 %
2026/03/24 01:51:17.000, 7, 176.74 W, 27, 120 MHz, 3996 MHz, 0 %, 0 %
2026/03/24 01:51:18.000, 0, 228.84 W, 27, 2032 MHz, 3996 MHz, 0 %, 0 %
2026/03/24 01:51:18.000, 1, 233.17 W, 29, 2032 MHz, 3996 MHz, 0 %, 0 %
2026/03/24 01:51:18.000, 2, 233.97 W, 27, 2032 MHz, 3996 MHz, 0 %, 0 %
2026/03/24 01:51:18.000, 3, 235.06 W, 30, 2032 MHz, 3996 MHz, 0 %, 0 %
2026/03/24 01:51:18.000, 4, 179.96 W, 25, 120 MHz, 3996 MHz, 0 %, 0 %
2026/03/24 01:51:18.000, 5, 181.38 W, 28, 120 MHz, 3996 MHz, 0 %, 0 %
2026/03/24 01:51:18.000, 6, 178.64 W, 26, 120 MHz, 3996 MHz, 0 %, 0 %
2026/03/24 01:51:18.000, 7, 176.74 W, 27, 120 MHz, 3996 MHz, 0 %, 0 %
2026/03/24 01:51:19.000, 0, 228.56 W, 27, 2032 MHz, 3996 MHz, 0 %, 0 %
2026/03/24 01:51:19.000, 1, 233.16 W, 29, 2032 MHz, 3996 MHz, 0 %, 0 %
2026/03/24 01:51:19.000, 2, 233.96 W, 27, 2032 MHz, 3996 MHz, 0 %, 0 %
2026/03/24 01:51:19.000, 3, 234.90 W, 30, 2032 MHz, 3996 MHz, 0 %, 0 %
2026/03/24 01:51:19.000, 4, 180.15 W, 25, 120 MHz, 3996 MHz, 0 %, 0 %
2026/03/24 01:51:19.000, 5, 181.23 W, 28, 120 MHz, 3996 MHz, 0 %, 0 %
2026/03/24 01:51:19.000, 6, 178.64 W, 26, 120 MHz, 3996 MHz, 0 %, 0 %
2026/03/24 01:51:19.000, 7, 176.77 W, 27, 120 MHz, 3996 MHz, 0 %, 0 %
2026/03/24 01:51:20.000, 0, 228.56 W, 27, 2032 MHz, 3996 MHz, 0 %, 0 %
2026/03/24 01:51:20.000, 1, 233.16 W, 29, 2032 MHz, 3996 MHz, 0 %, 0 %
2026/03/24 01:51:20.000, 2, 233.96 W, 27, 2032 MHz, 3996 MHz, 0 %, 0 %
2026/03/24 01:51:20.001, 3, 235.14 W, 30, 2032 MHz, 3996 MHz, 0 %, 0 %
2026/03/24 01:51:20.001, 4, 179.97 W, 25, 120 MHz, 3996 MHz, 0 %, 0 %
2026/03/24 01:51:20.001, 5, 181.27 W, 28, 120 MHz, 3996 MHz, 0 %, 0 %
2026/03/24 01:51:20.001, 6, 178.64 W, 26, 120 MHz, 3996 MHz, 0 %, 0 %
2026/03/24 01:51:20.001, 7, 176.82 W, 27, 120 MHz, 3996 MHz, 0 %, 0 %
2026/03/24 01:51:21.001, 0, 228.57 W, 27, 2032 MHz, 3996 MHz, 0 %, 0 %
2026/03/24 01:51:21.001, 1, 233.16 W, 29, 2032 MHz, 3996 MHz, 0 %, 0 %
2026/03/24 01:51:21.001, 2, 233.93 W, 27, 2032 MHz, 3996 MHz, 0 %, 0 %
2026/03/24 01:51:21.001, 3, 234.97 W, 30, 2032 MHz, 3996 MHz, 0 %, 0 %
2026/03/24 01:51:21.001, 4, 179.90 W, 25, 120 MHz, 3996 MHz, 0 %, 0 %
2026/03/24 01:51:21.001, 5, 181.32 W, 28, 120 MHz, 3996 MHz, 0 %, 0 %
2026/03/24 01:51:21.001, 6, 178.64 W, 26, 120 MHz, 3996 MHz, 0 %, 0 %
2026/03/24 01:51:21.001, 7, 176.70 W, 27, 120 MHz, 3996 MHz, 0 %, 0 %
2026/03/24 01:51:22.001, 0, 228.68 W, 27, 2032 MHz, 3996 MHz, 0 %, 0 %
2026/03/24 01:51:22.001, 1, 233.16 W, 29, 2032 MHz, 3996 MHz, 0 %, 0 %
2026/03/24 01:51:22.001, 2, 233.96 W, 27, 2032 MHz, 3996 MHz, 0 %, 0 %
2026/03/24 01:51:22.001, 3, 234.82 W, 30, 2032 MHz, 3996 MHz, 0 %, 0 %
2026/03/24 01:51:22.001, 4, 180.09 W, 25, 120 MHz, 3996 MHz, 0 %, 0 %
2026/03/24 01:51:22.001, 5, 181.36 W, 28, 120 MHz, 3996 MHz, 0 %, 0 %
2026/03/24 01:51:22.001, 6, 178.64 W, 26, 120 MHz, 3996 MHz, 0 %, 0 %
2026/03/24 01:51:22.001, 7, 176.62 W, 27, 120 MHz, 3996 MHz, 0 %, 0 %
2026/03/24 01:51:23.001, 0, 228.34 W, 27, 2032 MHz, 3996 MHz, 0 %, 0 %
2026/03/24 01:51:23.001, 1, 233.16 W, 29, 2032 MHz, 3996 MHz, 0 %, 0 %
2026/03/24 01:51:23.001, 2, 234.01 W, 27, 2032 MHz, 3996 MHz, 0 %, 0 %
2026/03/24 01:51:23.001, 3, 234.93 W, 30, 2032 MHz, 3996 MHz, 0 %, 0 %
2026/03/24 01:51:23.001, 4, 179.92 W, 25, 120 MHz, 3996 MHz, 0 %, 0 %
2026/03/24 01:51:23.001, 5, 181.13 W, 28, 120 MHz, 3996 MHz, 0 %, 0 %
2026/03/24 01:51:23.001, 6, 178.64 W, 26, 120 MHz, 3996 MHz, 0 %, 0 %
2026/03/24 01:51:23.001, 7, 176.66 W, 27, 120 MHz, 3996 MHz, 0 %, 0 %
2026/03/24 01:51:24.001, 0, 228.99 W, 27, 2032 MHz, 3996 MHz, 0 %, 0 %
2026/03/24 01:51:24.001, 1, 233.16 W, 29, 2032 MHz, 3996 MHz, 0 %, 0 %
2026/03/24 01:51:24.001, 2, 233.97 W, 27, 2032 MHz, 3996 MHz, 0 %, 0 %
2026/03/24 01:51:24.001, 3, 235.13 W, 30, 2032 MHz, 3996 MHz, 0 %, 0 %
2026/03/24 01:51:24.001, 4, 180.12 W, 25, 120 MHz, 3996 MHz, 0 %, 0 %
2026/03/24 01:51:24.001, 5, 181.51 W, 28, 120 MHz, 3996 MHz, 0 %, 0 %
2026/03/24 01:51:24.001, 6, 178.64 W, 26, 120 MHz, 3996 MHz, 0 %, 0 %
2026/03/24 01:51:24.001, 7, 176.77 W, 27, 120 MHz, 3996 MHz, 0 %, 0 %
2026/03/24 01:51:25.001, 0, 228.71 W, 27, 2032 MHz, 3996 MHz, 0 %, 0 %
2026/03/24 01:51:25.001, 1, 233.16 W, 29, 2032 MHz, 3996 MHz, 0 %, 0 %
2026/03/24 01:51:25.001, 2, 233.95 W, 27, 2032 MHz, 3996 MHz, 0 %, 0 %
2026/03/24 01:51:25.001, 3, 234.82 W, 30, 2032 MHz, 3996 MHz, 0 %, 0 %
2026/03/24 01:51:25.001, 4, 179.89 W, 25, 120 MHz, 3996 MHz, 0 %, 0 %
2026/03/24 01:51:25.001, 5, 181.31 W, 28, 120 MHz, 3996 MHz, 0 %, 0 %
2026/03/24 01:51:25.001, 6, 178.64 W, 26, 120 MHz, 3996 MHz, 0 %, 0 %
2026/03/24 01:51:25.001, 7, 176.70 W, 27, 120 MHz, 3996 MHz, 0 %, 0 %
2026/03/24 01:51:26.001, 0, 228.52 W, 27, 2032 MHz, 3996 MHz, 0 %, 0 %
2026/03/24 01:51:26.001, 1, 233.16 W, 29, 2032 MHz, 3996 MHz, 0 %, 0 %
2026/03/24 01:51:26.001, 2, 233.99 W, 27, 2032 MHz, 3996 MHz, 0 %, 0 %
2026/03/24 01:51:26.001, 3, 234.98 W, 30, 2032 MHz, 3996 MHz, 0 %, 0 %
2026/03/24 01:51:26.001, 4, 180.14 W, 25, 120 MHz, 3996 MHz, 0 %, 0 %
2026/03/24 01:51:26.002, 5, 181.36 W, 28, 120 MHz, 3996 MHz, 0 %, 0 %
2026/03/24 01:51:26.002, 6, 178.64 W, 26, 120 MHz, 3996 MHz, 0 %, 0 %
2026/03/24 01:51:26.002, 7, 176.63 W, 27, 120 MHz, 3996 MHz, 0 %, 0 %
2026/03/24 01:51:27.002, 0, 228.49 W, 27, 2032 MHz, 3996 MHz, 0 %, 0 %
2026/03/24 01:51:27.002, 1, 233.16 W, 29, 2032 MHz, 3996 MHz, 0 %, 0 %
2026/03/24 01:51:27.002, 2, 233.97 W, 27, 2032 MHz, 3996 MHz, 0 %, 0 %
2026/03/24 01:51:27.002, 3, 234.84 W, 30, 2032 MHz, 3996 MHz, 0 %, 0 %
2026/03/24 01:51:27.002, 4, 179.90 W, 25, 120 MHz, 3996 MHz, 0 %, 0 %
2026/03/24 01:51:27.002, 5, 181.23 W, 28, 120 MHz, 3996 MHz, 0 %, 0 %
2026/03/24 01:51:27.002, 6, 178.64 W, 26, 120 MHz, 3996 MHz, 0 %, 0 %
2026/03/24 01:51:27.002, 7, 176.77 W, 27, 120 MHz, 3996 MHz, 0 %, 0 %
2026/03/24 01:51:28.002, 0, 228.72 W, 27, 2032 MHz, 3996 MHz, 0 %, 0 %
2026/03/24 01:51:28.002, 1, 233.16 W, 29, 2032 MHz, 3996 MHz, 0 %, 0 %
2026/03/24 01:51:28.002, 2, 233.95 W, 27, 2032 MHz, 3996 MHz, 0 %, 0 %
2026/03/24 01:51:28.002, 3, 235.01 W, 30, 2032 MHz, 3996 MHz, 0 %, 0 %
2026/03/24 01:51:28.002, 4, 179.92 W, 25, 120 MHz, 3996 MHz, 0 %, 0 %
2026/03/24 01:51:28.002, 5, 181.61 W, 28, 120 MHz, 3996 MHz, 0 %, 0 %
2026/03/24 01:51:28.002, 6, 178.64 W, 26, 120 MHz, 3996 MHz, 0 %, 0 %
2026/03/24 01:51:28.002, 7, 176.66 W, 27, 120 MHz, 3996 MHz, 0 %, 0 %
2026/03/24 01:51:29.002, 0, 228.52 W, 27, 2032 MHz, 3996 MHz, 0 %, 0 %
2026/03/24 01:51:29.002, 1, 233.16 W, 29, 2032 MHz, 3996 MHz, 0 %, 0 %
2026/03/24 01:51:29.002, 2, 233.97 W, 27, 2032 MHz, 3996 MHz, 0 %, 0 %
2026/03/24 01:51:29.002, 3, 235.13 W, 30, 2032 MHz, 3996 MHz, 0 %, 0 %
2026/03/24 01:51:29.002, 4, 180.14 W, 25, 120 MHz, 3996 MHz, 0 %, 0 %
2026/03/24 01:51:29.002, 5, 181.17 W, 28, 120 MHz, 3996 MHz, 0 %, 0 %
2026/03/24 01:51:29.002, 6, 178.64 W, 26, 120 MHz, 3996 MHz, 0 %, 0 %
2026/03/24 01:51:29.002, 7, 176.97 W, 27, 120 MHz, 3996 MHz, 0 %, 0 %
2026/03/24 01:51:30.002, 0, 228.76 W, 27, 2032 MHz, 3996 MHz, 0 %, 0 %
2026/03/24 01:51:30.002, 1, 233.16 W, 29, 2032 MHz, 3996 MHz, 0 %, 0 %
2026/03/24 01:51:30.002, 2, 233.98 W, 27, 2032 MHz, 3996 MHz, 0 %, 0 %
2026/03/24 01:51:30.002, 3, 235.03 W, 30, 2032 MHz, 3996 MHz, 0 %, 0 %
2026/03/24 01:51:30.002, 4, 180.20 W, 25, 120 MHz, 3996 MHz, 0 %, 0 %
2026/03/24 01:51:30.002, 5, 181.34 W, 28, 120 MHz, 3996 MHz, 0 %, 0 %
2026/03/24 01:51:30.002, 6, 178.64 W, 26, 120 MHz, 3996 MHz, 0 %, 0 %
2026/03/24 01:51:30.002, 7, 176.74 W, 27, 120 MHz, 3996 MHz, 0 %, 0 %
2026/03/24 01:51:31.002, 0, 228.69 W, 27, 2032 MHz, 3996 MHz, 0 %, 0 %
2026/03/24 01:51:31.002, 1, 233.16 W, 29, 2032 MHz, 3996 MHz, 0 %, 0 %
2026/03/24 01:51:31.002, 2, 233.98 W, 27, 2032 MHz, 3996 MHz, 0 %, 0 %
2026/03/24 01:51:31.002, 3, 235.18 W, 30, 2032 MHz, 3996 MHz, 0 %, 0 %
2026/03/24 01:51:31.002, 4, 180.01 W, 25, 120 MHz, 3996 MHz, 0 %, 0 %
2026/03/24 01:51:31.002, 5, 181.36 W, 28, 120 MHz, 3996 MHz, 0 %, 0 %
2026/03/24 01:51:31.002, 6, 178.64 W, 26, 120 MHz, 3996 MHz, 0 %, 0 %
2026/03/24 01:51:31.002, 7, 176.62 W, 27, 120 MHz, 3996 MHz, 0 %, 0 %
2026/03/24 01:51:32.002, 0, 228.57 W, 27, 2032 MHz, 3996 MHz, 0 %, 0 %
2026/03/24 01:51:32.002, 1, 233.16 W, 29, 2032 MHz, 3996 MHz, 0 %, 0 %
2026/03/24 01:51:32.002, 2, 233.94 W, 27, 2032 MHz, 3996 MHz, 0 %, 0 %
2026/03/24 01:51:32.002, 3, 234.91 W, 30, 2032 MHz, 3996 MHz, 0 %, 0 %
2026/03/24 01:51:32.002, 4, 180.03 W, 25, 120 MHz, 3996 MHz, 0 %, 0 %
2026/03/24 01:51:32.002, 5, 181.19 W, 28, 120 MHz, 3996 MHz, 0 %, 0 %
2026/03/24 01:51:32.003, 6, 178.64 W, 26, 120 MHz, 3996 MHz, 0 %, 0 %
2026/03/24 01:51:32.003, 7, 176.74 W, 27, 120 MHz, 3996 MHz, 0 %, 0 %
2026/03/24 01:51:33.003, 0, 228.70 W, 27, 2032 MHz, 3996 MHz, 0 %, 0 %
2026/03/24 01:51:33.003, 1, 233.16 W, 29, 2032 MHz, 3996 MHz, 0 %, 0 %
2026/03/24 01:51:33.003, 2, 233.92 W, 27, 2032 MHz, 3996 MHz, 0 %, 0 %
2026/03/24 01:51:33.003, 3, 235.00 W, 30, 2032 MHz, 3996 MHz, 0 %, 0 %
2026/03/24 01:51:33.003, 4, 180.13 W, 25, 120 MHz, 3996 MHz, 0 %, 0 %
2026/03/24 01:51:33.003, 5, 181.36 W, 28, 120 MHz, 3996 MHz, 0 %, 0 %
2026/03/24 01:51:33.003, 6, 178.64 W, 26, 120 MHz, 3996 MHz, 0 %, 0 %
2026/03/24 01:51:33.003, 7, 176.78 W, 27, 120 MHz, 3996 MHz, 0 %, 0 %
2026/03/24 01:51:34.003, 0, 228.49 W, 27, 2032 MHz, 3996 MHz, 0 %, 0 %
2026/03/24 01:51:34.003, 1, 233.16 W, 29, 2032 MHz, 3996 MHz, 0 %, 0 %
2026/03/24 01:51:34.003, 2, 233.98 W, 27, 2032 MHz, 3996 MHz, 0 %, 0 %
2026/03/24 01:51:34.003, 3, 235.10 W, 30, 2032 MHz, 3996 MHz, 0 %, 0 %
2026/03/24 01:51:34.003, 4, 180.28 W, 25, 120 MHz, 3996 MHz, 0 %, 0 %
2026/03/24 01:51:34.003, 5, 181.32 W, 28, 120 MHz, 3996 MHz, 0 %, 0 %
2026/03/24 01:51:34.003, 6, 178.64 W, 26, 120 MHz, 3996 MHz, 0 %, 0 %
2026/03/24 01:51:34.003, 7, 176.66 W, 27, 120 MHz, 3996 MHz, 0 %, 0 %
2026/03/24 01:51:35.003, 0, 228.69 W, 27, 2032 MHz, 3996 MHz, 0 %, 0 %
2026/03/24 01:51:35.003, 1, 233.16 W, 29, 2032 MHz, 3996 MHz, 0 %, 0 %
2026/03/24 01:51:35.003, 2, 233.97 W, 27, 2032 MHz, 3996 MHz, 0 %, 0 %
2026/03/24 01:51:35.003, 3, 234.89 W, 30, 2032 MHz, 3996 MHz, 0 %, 0 %
2026/03/24 01:51:35.003, 4, 179.91 W, 25, 120 MHz, 3996 MHz, 0 %, 0 %
2026/03/24 01:51:35.003, 5, 181.05 W, 28, 120 MHz, 3996 MHz, 0 %, 0 %
2026/03/24 01:51:35.003, 6, 178.64 W, 26, 120 MHz, 3996 MHz, 0 %, 0 %
2026/03/24 01:51:35.003, 7, 176.66 W, 27, 120 MHz, 3996 MHz, 0 %, 0 %
2026/03/24 01:51:36.003, 0, 228.60 W, 27, 2032 MHz, 3996 MHz, 0 %, 0 %
2026/03/24 01:51:36.003, 1, 233.16 W, 29, 2032 MHz, 3996 MHz, 0 %, 0 %
2026/03/24 01:51:36.003, 2, 233.94 W, 27, 2032 MHz, 3996 MHz, 0 %, 0 %
2026/03/24 01:51:36.003, 3, 234.97 W, 30, 2032 MHz, 3996 MHz, 0 %, 0 %
2026/03/24 01:51:36.003, 4, 179.98 W, 25, 120 MHz, 3996 MHz, 0 %, 0 %
2026/03/24 01:51:36.003, 5, 181.34 W, 28, 120 MHz, 3996 MHz, 0 %, 0 %
2026/03/24 01:51:36.003, 6, 178.64 W, 26, 120 MHz, 3996 MHz, 0 %, 0 %
2026/03/24 01:51:36.003, 7, 176.67 W, 27, 120 MHz, 3996 MHz, 0 %, 0 %
2026/03/24 01:51:37.003, 0, 228.64 W, 27, 2032 MHz, 3996 MHz, 0 %, 0 %
2026/03/24 01:51:37.003, 1, 233.16 W, 29, 2032 MHz, 3996 MHz, 0 %, 0 %
2026/03/24 01:51:37.003, 2, 234.00 W, 27, 2032 MHz, 3996 MHz, 0 %, 0 %
2026/03/24 01:51:37.003, 3, 234.93 W, 30, 2032 MHz, 3996 MHz, 0 %, 0 %
2026/03/24 01:51:37.003, 4, 179.72 W, 25, 120 MHz, 3996 MHz, 0 %, 0 %
2026/03/24 01:51:37.003, 5, 181.19 W, 28, 120 MHz, 3996 MHz, 0 %, 0 %
2026/03/24 01:51:37.003, 6, 178.64 W, 26, 120 MHz, 3996 MHz, 0 %, 0 %
2026/03/24 01:51:37.003, 7, 176.66 W, 27, 120 MHz, 3996 MHz, 0 %, 0 %
2026/03/24 01:51:38.004, 0, 228.65 W, 27, 2032 MHz, 3996 MHz, 0 %, 0 %
2026/03/24 01:51:38.004, 1, 233.16 W, 29, 2032 MHz, 3996 MHz, 0 %, 0 %
2026/03/24 01:51:38.004, 2, 233.96 W, 27, 2032 MHz, 3996 MHz, 0 %, 0 %
2026/03/24 01:51:38.004, 3, 234.82 W, 30, 2032 MHz, 3996 MHz, 0 %, 0 %
2026/03/24 01:51:38.004, 4, 180.00 W, 25, 120 MHz, 3996 MHz, 0 %, 0 %
2026/03/24 01:51:38.004, 5, 181.44 W, 28, 120 MHz, 3996 MHz, 0 %, 0 %
2026/03/24 01:51:38.004, 6, 178.64 W, 26, 120 MHz, 3996 MHz, 0 %, 0 %
2026/03/24 01:51:38.004, 7, 176.81 W, 27, 120 MHz, 3996 MHz, 0 %, 0 %
2026/03/24 01:51:39.004, 0, 228.80 W, 27, 2032 MHz, 3996 MHz, 0 %, 0 %
2026/03/24 01:51:39.004, 1, 233.16 W, 29, 2032 MHz, 3996 MHz, 0 %, 0 %
2026/03/24 01:51:39.004, 2, 233.97 W, 27, 2032 MHz, 3996 MHz, 0 %, 0 %
2026/03/24 01:51:39.004, 3, 235.00 W, 30, 2032 MHz, 3996 MHz, 0 %, 0 %
2026/03/24 01:51:39.004, 4, 179.87 W, 25, 120 MHz, 3996 MHz, 0 %, 0 %
2026/03/24 01:51:39.004, 5, 181.61 W, 28, 120 MHz, 3996 MHz, 0 %, 0 %
2026/03/24 01:51:39.004, 6, 178.64 W, 26, 120 MHz, 3996 MHz, 0 %, 0 %
2026/03/24 01:51:39.004, 7, 176.62 W, 27, 120 MHz, 3996 MHz, 0 %, 0 %
2026/03/24 01:51:40.004, 0, 228.61 W, 27, 2032 MHz, 3996 MHz, 0 %, 0 %
2026/03/24 01:51:40.004, 1, 233.16 W, 29, 2032 MHz, 3996 MHz, 0 %, 0 %
2026/03/24 01:51:40.004, 2, 233.98 W, 27, 2032 MHz, 3996 MHz, 0 %, 0 %
2026/03/24 01:51:40.004, 3, 235.05 W, 30, 2032 MHz, 3996 MHz, 0 %, 0 %
2026/03/24 01:51:40.004, 4, 179.98 W, 25, 120 MHz, 3996 MHz, 0 %, 0 %
2026/03/24 01:51:40.004, 5, 181.52 W, 28, 120 MHz, 3996 MHz, 0 %, 0 %
2026/03/24 01:51:40.004, 6, 178.64 W, 26, 120 MHz, 3996 MHz, 0 %, 0 %
2026/03/24 01:51:40.004, 7, 176.78 W, 27, 120 MHz, 3996 MHz, 0 %, 0 %
2026/03/24 01:51:41.004, 0, 228.69 W, 27, 2032 MHz, 3996 MHz, 0 %, 0 %
2026/03/24 01:51:41.004, 1, 233.16 W, 29, 2032 MHz, 3996 MHz, 0 %, 0 %
2026/03/24 01:51:41.004, 2, 233.97 W, 27, 2032 MHz, 3996 MHz, 0 %, 0 %
2026/03/24 01:51:41.004, 3, 234.94 W, 30, 2032 MHz, 3996 MHz, 0 %, 0 %
2026/03/24 01:51:41.004, 4, 179.98 W, 25, 120 MHz, 3996 MHz, 0 %, 0 %
2026/03/24 01:51:41.004, 5, 181.42 W, 28, 120 MHz, 3996 MHz, 0 %, 0 %
2026/03/24 01:51:41.004, 6, 178.64 W, 26, 120 MHz, 3996 MHz, 0 %, 0 %
2026/03/24 01:51:41.004, 7, 176.74 W, 27, 120 MHz, 3996 MHz, 0 %, 0 %
2026/03/24 01:51:42.004, 0, 228.56 W, 27, 2032 MHz, 3996 MHz, 0 %, 0 %
2026/03/24 01:51:42.004, 1, 233.16 W, 29, 2032 MHz, 3996 MHz, 0 %, 0 %
2026/03/24 01:51:42.004, 2, 233.96 W, 27, 2032 MHz, 3996 MHz, 0 %, 0 %
2026/03/24 01:51:42.004, 3, 235.08 W, 30, 2032 MHz, 3996 MHz, 0 %, 0 %
2026/03/24 01:51:42.004, 4, 180.06 W, 25, 120 MHz, 3996 MHz, 0 %, 0 %
2026/03/24 01:51:42.004, 5, 181.16 W, 28, 120 MHz, 3996 MHz, 0 %, 0 %
2026/03/24 01:51:42.004, 6, 178.64 W, 26, 120 MHz, 3996 MHz, 0 %, 0 %
2026/03/24 01:51:42.004, 7, 176.85 W, 27, 120 MHz, 3996 MHz, 0 %, 0 %
2026/03/24 01:51:43.004, 0, 228.49 W, 27, 2032 MHz, 3996 MHz, 0 %, 0 %
2026/03/24 01:51:43.004, 1, 233.16 W, 29, 2032 MHz, 3996 MHz, 0 %, 0 %
2026/03/24 01:51:43.004, 2, 233.96 W, 27, 2032 MHz, 3996 MHz, 0 %, 0 %
2026/03/24 01:51:43.004, 3, 235.04 W, 30, 2032 MHz, 3996 MHz, 0 %, 0 %
2026/03/24 01:51:43.004, 4, 179.93 W, 25, 120 MHz, 3996 MHz, 0 %, 0 %
2026/03/24 01:51:43.004, 5, 181.27 W, 28, 120 MHz, 3996 MHz, 0 %, 0 %
2026/03/24 01:51:43.004, 6, 178.64 W, 26, 120 MHz, 3996 MHz, 0 %, 0 %
2026/03/24 01:51:43.004, 7, 176.58 W, 27, 120 MHz, 3996 MHz, 0 %, 0 %
2026/03/24 01:51:44.005, 0, 228.56 W, 27, 2032 MHz, 3996 MHz, 0 %, 0 %
2026/03/24 01:51:44.005, 1, 233.16 W, 29, 2032 MHz, 3996 MHz, 0 %, 0 %
2026/03/24 01:51:44.005, 2, 233.97 W, 27, 2032 MHz, 3996 MHz, 0 %, 0 %
2026/03/24 01:51:44.005, 3, 234.99 W, 30, 2032 MHz, 3996 MHz, 0 %, 0 %
2026/03/24 01:51:44.005, 4, 179.91 W, 25, 120 MHz, 3996 MHz, 0 %, 0 %
2026/03/24 01:51:44.005, 5, 181.44 W, 28, 120 MHz, 3996 MHz, 0 %, 0 %
2026/03/24 01:51:44.005, 6, 178.64 W, 26, 120 MHz, 3996 MHz, 0 %, 0 %
2026/03/24 01:51:44.005, 7, 176.89 W, 27, 120 MHz, 3996 MHz, 0 %, 0 %
2026/03/24 01:51:45.005, 0, 228.41 W, 27, 2032 MHz, 3996 MHz, 0 %, 0 %
2026/03/24 01:51:45.005, 1, 233.20 W, 29, 2032 MHz, 3996 MHz, 0 %, 0 %
2026/03/24 01:51:45.005, 2, 234.00 W, 27, 2032 MHz, 3996 MHz, 0 %, 0 %
2026/03/24 01:51:45.005, 3, 235.03 W, 30, 2032 MHz, 3996 MHz, 0 %, 0 %
2026/03/24 01:51:45.005, 4, 180.00 W, 25, 120 MHz, 3996 MHz, 0 %, 0 %
2026/03/24 01:51:45.005, 5, 181.63 W, 28, 120 MHz, 3996 MHz, 0 %, 0 %
2026/03/24 01:51:45.005, 6, 178.64 W, 26, 120 MHz, 3996 MHz, 0 %, 0 %
2026/03/24 01:51:45.005, 7, 176.58 W, 27, 120 MHz, 3996 MHz, 0 %, 0 %
2026/03/24 01:51:46.005, 0, 228.38 W, 27, 2032 MHz, 3996 MHz, 0 %, 0 %
2026/03/24 01:51:46.005, 1, 233.16 W, 29, 2032 MHz, 3996 MHz, 0 %, 0 %
2026/03/24 01:51:46.005, 2, 233.98 W, 27, 2032 MHz, 3996 MHz, 0 %, 0 %
2026/03/24 01:51:46.005, 3, 234.85 W, 30, 2032 MHz, 3996 MHz, 0 %, 0 %
2026/03/24 01:51:46.005, 4, 179.83 W, 25, 120 MHz, 3996 MHz, 0 %, 0 %
2026/03/24 01:51:46.005, 5, 181.32 W, 28, 120 MHz, 3996 MHz, 0 %, 0 %
2026/03/24 01:51:46.005, 6, 178.64 W, 26, 120 MHz, 3996 MHz, 0 %, 0 %
2026/03/24 01:51:46.005, 7, 176.74 W, 27, 120 MHz, 3996 MHz, 0 %, 0 %
2026/03/24 01:51:47.005, 0, 228.49 W, 27, 2032 MHz, 3996 MHz, 0 %, 0 %
2026/03/24 01:51:47.005, 1, 233.16 W, 29, 2032 MHz, 3996 MHz, 0 %, 0 %
2026/03/24 01:51:47.005, 2, 233.94 W, 27, 2032 MHz, 3996 MHz, 0 %, 0 %
2026/03/24 01:51:47.005, 3, 235.05 W, 30, 2032 MHz, 3996 MHz, 0 %, 0 %
2026/03/24 01:51:47.005, 4, 179.93 W, 25, 120 MHz, 3996 MHz, 0 %, 0 %
2026/03/24 01:51:47.005, 5, 181.31 W, 28, 120 MHz, 3996 MHz, 0 %, 0 %
2026/03/24 01:51:47.005, 6, 178.64 W, 26, 120 MHz, 3996 MHz, 0 %, 0 %
2026/03/24 01:51:47.005, 7, 176.77 W, 27, 120 MHz, 3996 MHz, 0 %, 0 %
2026/03/24 01:51:48.005, 0, 228.68 W, 27, 2032 MHz, 3996 MHz, 0 %, 0 %
2026/03/24 01:51:48.005, 1, 233.16 W, 29, 2032 MHz, 3996 MHz, 0 %, 0 %
2026/03/24 01:51:48.005, 2, 233.89 W, 27, 2032 MHz, 3996 MHz, 0 %, 0 %
2026/03/24 01:51:48.005, 3, 234.95 W, 30, 2032 MHz, 3996 MHz, 0 %, 0 %
2026/03/24 01:51:48.005, 4, 179.88 W, 25, 120 MHz, 3996 MHz, 0 %, 0 %
2026/03/24 01:51:48.005, 5, 181.48 W, 28, 120 MHz, 3996 MHz, 0 %, 0 %
2026/03/24 01:51:48.005, 6, 178.64 W, 26, 120 MHz, 3996 MHz, 0 %, 0 %
2026/03/24 01:51:48.005, 7, 176.58 W, 27, 120 MHz, 3996 MHz, 0 %, 0 %
2026/03/24 01:51:49.005, 0, 228.30 W, 27, 2032 MHz, 3996 MHz, 0 %, 0 %
2026/03/24 01:51:49.005, 1, 233.16 W, 29, 2032 MHz, 3996 MHz, 0 %, 0 %
2026/03/24 01:51:49.005, 2, 233.94 W, 27, 2032 MHz, 3996 MHz, 0 %, 0 %
2026/03/24 01:51:49.005, 3, 234.97 W, 30, 2032 MHz, 3996 MHz, 0 %, 0 %
2026/03/24 01:51:49.005, 4, 180.15 W, 25, 120 MHz, 3996 MHz, 0 %, 0 %
2026/03/24 01:51:49.005, 5, 181.13 W, 28, 120 MHz, 3996 MHz, 0 %, 0 %
2026/03/24 01:51:49.005, 6, 178.60 W, 26, 120 MHz, 3996 MHz, 0 %, 0 %
2026/03/24 01:51:49.005, 7, 176.78 W, 27, 120 MHz, 3996 MHz, 0 %, 0 %
2026/03/24 01:51:50.005, 0, 228.61 W, 27, 2032 MHz, 3996 MHz, 0 %, 0 %
2026/03/24 01:51:50.005, 1, 233.16 W, 29, 2032 MHz, 3996 MHz, 0 %, 0 %
2026/03/24 01:51:50.005, 2, 233.96 W, 27, 2032 MHz, 3996 MHz, 0 %, 0 %
2026/03/24 01:51:50.005, 3, 235.02 W, 30, 2032 MHz, 3996 MHz, 0 %, 0 %
2026/03/24 01:51:50.006, 4, 179.96 W, 25, 120 MHz, 3996 MHz, 0 %, 0 %
2026/03/24 01:51:50.006, 5, 181.19 W, 28, 120 MHz, 3996 MHz, 0 %, 0 %
2026/03/24 01:51:50.006, 6, 178.60 W, 26, 120 MHz, 3996 MHz, 0 %, 0 %
2026/03/24 01:51:50.006, 7, 176.66 W, 27, 120 MHz, 3996 MHz, 0 %, 0 %
2026/03/24 01:51:51.006, 0, 228.68 W, 27, 2032 MHz, 3996 MHz, 0 %, 0 %
2026/03/24 01:51:51.006, 1, 233.16 W, 29, 2032 MHz, 3996 MHz, 0 %, 0 %
2026/03/24 01:51:51.006, 2, 233.93 W, 27, 2032 MHz, 3996 MHz, 0 %, 0 %
2026/03/24 01:51:51.006, 3, 234.81 W, 30, 2032 MHz, 3996 MHz, 0 %, 0 %
2026/03/24 01:51:51.006, 4, 180.05 W, 25, 120 MHz, 3996 MHz, 0 %, 0 %
2026/03/24 01:51:51.006, 5, 181.27 W, 28, 120 MHz, 3996 MHz, 0 %, 0 %
2026/03/24 01:51:51.006, 6, 178.64 W, 26, 120 MHz, 3996 MHz, 0 %, 0 %
2026/03/24 01:51:51.006, 7, 176.70 W, 27, 120 MHz, 3996 MHz, 0 %, 0 %
2026/03/24 01:51:52.006, 0, 228.67 W, 27, 2032 MHz, 3996 MHz, 0 %, 0 %
2026/03/24 01:51:52.006, 1, 233.16 W, 29, 2032 MHz, 3996 MHz, 0 %, 0 %
2026/03/24 01:51:52.006, 2, 233.93 W, 27, 2032 MHz, 3996 MHz, 0 %, 0 %
2026/03/24 01:51:52.006, 3, 234.62 W, 30, 2032 MHz, 3996 MHz, 0 %, 0 %
2026/03/24 01:51:52.006, 4, 179.85 W, 25, 120 MHz, 3996 MHz, 0 %, 0 %
2026/03/24 01:51:52.006, 5, 181.32 W, 28, 120 MHz, 3996 MHz, 0 %, 0 %
2026/03/24 01:51:52.006, 6, 178.64 W, 26, 120 MHz, 3996 MHz, 0 %, 0 %
2026/03/24 01:51:52.006, 7, 176.70 W, 27, 120 MHz, 3996 MHz, 0 %, 0 %
2026/03/24 01:51:53.006, 0, 228.49 W, 27, 2032 MHz, 3996 MHz, 0 %, 0 %
2026/03/24 01:51:53.006, 1, 233.16 W, 29, 2032 MHz, 3996 MHz, 0 %, 0 %
2026/03/24 01:51:53.006, 2, 233.92 W, 27, 2032 MHz, 3996 MHz, 0 %, 0 %
2026/03/24 01:51:53.006, 3, 234.99 W, 30, 2032 MHz, 3996 MHz, 0 %, 0 %
2026/03/24 01:51:53.006, 4, 179.83 W, 25, 120 MHz, 3996 MHz, 0 %, 0 %
2026/03/24 01:51:53.006, 5, 181.46 W, 28, 120 MHz, 3996 MHz, 0 %, 0 %
2026/03/24 01:51:53.006, 6, 178.64 W, 26, 120 MHz, 3996 MHz, 0 %, 0 %
2026/03/24 01:51:53.006, 7, 176.70 W, 27, 120 MHz, 3996 MHz, 0 %, 0 %
2026/03/24 01:51:54.006, 0, 228.56 W, 27, 2032 MHz, 3996 MHz, 0 %, 0 %
2026/03/24 01:51:54.006, 1, 233.16 W, 29, 2032 MHz, 3996 MHz, 0 %, 0 %
2026/03/24 01:51:54.006, 2, 233.93 W, 27, 2032 MHz, 3996 MHz, 0 %, 0 %
2026/03/24 01:51:54.006, 3, 234.93 W, 30, 2032 MHz, 3996 MHz, 0 %, 0 %
2026/03/24 01:51:54.006, 4, 180.08 W, 25, 120 MHz, 3996 MHz, 0 %, 0 %
2026/03/24 01:51:54.006, 5, 181.19 W, 28, 120 MHz, 3996 MHz, 0 %, 0 %
2026/03/24 01:51:54.006, 6, 178.64 W, 26, 120 MHz, 3996 MHz, 0 %, 0 %
2026/03/24 01:51:54.006, 7, 176.74 W, 27, 120 MHz, 3996 MHz, 0 %, 0 %
2026/03/24 01:51:55.006, 0, 228.75 W, 27, 2032 MHz, 3996 MHz, 0 %, 0 %
2026/03/24 01:51:55.006, 1, 233.16 W, 29, 2032 MHz, 3996 MHz, 0 %, 0 %
2026/03/24 01:51:55.006, 2, 233.91 W, 27, 2032 MHz, 3996 MHz, 0 %, 0 %
2026/03/24 01:51:55.006, 3, 234.97 W, 30, 2032 MHz, 3996 MHz, 0 %, 0 %
2026/03/24 01:51:55.006, 4, 179.96 W, 25, 120 MHz, 3996 MHz, 0 %, 0 %
2026/03/24 01:51:55.006, 5, 181.48 W, 28, 120 MHz, 3996 MHz, 0 %, 0 %
2026/03/24 01:51:55.006, 6, 178.64 W, 26, 120 MHz, 3996 MHz, 0 %, 0 %
2026/03/24 01:51:55.006, 7, 176.74 W, 27, 120 MHz, 3996 MHz, 0 %, 0 %
2026/03/24 01:51:56.006, 0, 228.45 W, 27, 2032 MHz, 3996 MHz, 0 %, 0 %
2026/03/24 01:51:56.006, 1, 233.16 W, 29, 2032 MHz, 3996 MHz, 0 %, 0 %
2026/03/24 01:51:56.006, 2, 233.89 W, 27, 2032 MHz, 3996 MHz, 0 %, 0 %
2026/03/24 01:51:56.006, 3, 234.93 W, 30, 2032 MHz, 3996 MHz, 0 %, 0 %
2026/03/24 01:51:56.006, 4, 180.16 W, 25, 120 MHz, 3996 MHz, 0 %, 0 %
2026/03/24 01:51:56.006, 5, 181.08 W, 28, 120 MHz, 3996 MHz, 0 %, 0 %
2026/03/24 01:51:56.006, 6, 178.64 W, 26, 120 MHz, 3996 MHz, 0 %, 0 %
2026/03/24 01:51:56.006, 7, 176.81 W, 27, 120 MHz, 3996 MHz, 0 %, 0 %
2026/03/24 01:51:57.007, 0, 228.98 W, 27, 2032 MHz, 3996 MHz, 0 %, 0 %
2026/03/24 01:51:57.007, 1, 233.16 W, 29, 2032 MHz, 3996 MHz, 0 %, 0 %
2026/03/24 01:51:57.007, 2, 233.90 W, 27, 2032 MHz, 3996 MHz, 0 %, 0 %
2026/03/24 01:51:57.007, 3, 235.00 W, 30, 2032 MHz, 3996 MHz, 0 %, 0 %
2026/03/24 01:51:57.007, 4, 179.77 W, 25, 120 MHz, 3996 MHz, 0 %, 0 %
2026/03/24 01:51:57.007, 5, 181.36 W, 28, 120 MHz, 3996 MHz, 0 %, 0 %
2026/03/24 01:51:57.007, 6, 178.64 W, 26, 120 MHz, 3996 MHz, 0 %, 0 %
2026/03/24 01:51:57.007, 7, 176.66 W, 27, 120 MHz, 3996 MHz, 0 %, 0 %
2026/03/24 01:51:58.007, 0, 228.68 W, 27, 2032 MHz, 3996 MHz, 0 %, 0 %
2026/03/24 01:51:58.007, 1, 233.16 W, 29, 2032 MHz, 3996 MHz, 0 %, 0 %
2026/03/24 01:51:58.007, 2, 233.90 W, 27, 2032 MHz, 3996 MHz, 0 %, 0 %
2026/03/24 01:51:58.007, 3, 234.85 W, 30, 2032 MHz, 3996 MHz, 0 %, 0 %
2026/03/24 01:51:58.007, 4, 180.21 W, 25, 120 MHz, 3996 MHz, 0 %, 0 %
2026/03/24 01:51:58.007, 5, 181.35 W, 28, 120 MHz, 3996 MHz, 0 %, 0 %
2026/03/24 01:51:58.007, 6, 178.64 W, 26, 120 MHz, 3996 MHz, 0 %, 0 %
2026/03/24 01:51:58.007, 7, 176.66 W, 27, 120 MHz, 3996 MHz, 0 %, 0 %
2026/03/24 01:51:59.007, 0, 228.88 W, 27, 2032 MHz, 3996 MHz, 0 %, 0 %
2026/03/24 01:51:59.007, 1, 233.16 W, 29, 2032 MHz, 3996 MHz, 0 %, 0 %
2026/03/24 01:51:59.007, 2, 233.95 W, 27, 2032 MHz, 3996 MHz, 0 %, 0 %
2026/03/24 01:51:59.007, 3, 234.97 W, 30, 2032 MHz, 3996 MHz, 0 %, 0 %
2026/03/24 01:51:59.007, 4, 179.93 W, 25, 120 MHz, 3996 MHz, 0 %, 0 %
2026/03/24 01:51:59.007, 5, 181.55 W, 28, 120 MHz, 3996 MHz, 0 %, 0 %
2026/03/24 01:51:59.007, 6, 178.64 W, 26, 120 MHz, 3996 MHz, 0 %, 0 %
2026/03/24 01:51:59.007, 7, 176.77 W, 27, 120 MHz, 3996 MHz, 0 %, 0 %
2026/03/24 01:52:00.007, 0, 228.52 W, 27, 2032 MHz, 3996 MHz, 0 %, 0 %
2026/03/24 01:52:00.007, 1, 233.16 W, 29, 2032 MHz, 3996 MHz, 0 %, 0 %
2026/03/24 01:52:00.007, 2, 233.97 W, 27, 2032 MHz, 3996 MHz, 0 %, 0 %
2026/03/24 01:52:00.007, 3, 234.85 W, 30, 2032 MHz, 3996 MHz, 0 %, 0 %
2026/03/24 01:52:00.007, 4, 180.06 W, 25, 120 MHz, 3996 MHz, 0 %, 0 %
2026/03/24 01:52:00.007, 5, 181.32 W, 28, 120 MHz, 3996 MHz, 0 %, 0 %
2026/03/24 01:52:00.007, 6, 178.64 W, 26, 120 MHz, 3996 MHz, 0 %, 0 %
2026/03/24 01:52:00.007, 7, 176.70 W, 27, 120 MHz, 3996 MHz, 0 %, 0 %
2026/03/24 01:52:01.007, 0, 228.52 W, 27, 2032 MHz, 3996 MHz, 0 %, 0 %
2026/03/24 01:52:01.007, 1, 233.16 W, 29, 2032 MHz, 3996 MHz, 0 %, 0 %
2026/03/24 01:52:01.007, 2, 233.90 W, 27, 2032 MHz, 3996 MHz, 0 %, 0 %
2026/03/24 01:52:01.007, 3, 234.92 W, 30, 2032 MHz, 3996 MHz, 0 %, 0 %
2026/03/24 01:52:01.007, 4, 179.99 W, 25, 120 MHz, 3996 MHz, 0 %, 0 %
2026/03/24 01:52:01.007, 5, 181.23 W, 28, 120 MHz, 3996 MHz, 0 %, 0 %
2026/03/24 01:52:01.007, 6, 178.64 W, 26, 120 MHz, 3996 MHz, 0 %, 0 %
2026/03/24 01:52:01.007, 7, 176.78 W, 27, 120 MHz, 3996 MHz, 0 %, 0 %
2026/03/24 01:52:02.007, 0, 228.52 W, 27, 2032 MHz, 3996 MHz, 0 %, 0 %
2026/03/24 01:52:02.007, 1, 233.16 W, 29, 2032 MHz, 3996 MHz, 0 %, 0 %
2026/03/24 01:52:02.007, 2, 233.95 W, 27, 2032 MHz, 3996 MHz, 0 %, 0 %
2026/03/24 01:52:02.007, 3, 234.88 W, 30, 2032 MHz, 3996 MHz, 0 %, 0 %
2026/03/24 01:52:02.007, 4, 180.01 W, 25, 120 MHz, 3996 MHz, 0 %, 0 %
2026/03/24 01:52:02.007, 5, 181.51 W, 28, 120 MHz, 3996 MHz, 0 %, 0 %
2026/03/24 01:52:02.007, 6, 178.64 W, 26, 120 MHz, 3996 MHz, 0 %, 0 %
2026/03/24 01:52:02.007, 7, 176.58 W, 27, 120 MHz, 3996 MHz, 0 %, 0 %
2026/03/24 01:52:03.008, 0, 228.38 W, 27, 2032 MHz, 3996 MHz, 0 %, 0 %
2026/03/24 01:52:03.008, 1, 233.16 W, 29, 2032 MHz, 3996 MHz, 0 %, 0 %
2026/03/24 01:52:03.008, 2, 234.02 W, 27, 2032 MHz, 3996 MHz, 0 %, 0 %
2026/03/24 01:52:03.008, 3, 234.80 W, 30, 2032 MHz, 3996 MHz, 0 %, 0 %
2026/03/24 01:52:03.008, 4, 180.15 W, 25, 120 MHz, 3996 MHz, 0 %, 0 %
2026/03/24 01:52:03.008, 5, 181.19 W, 28, 120 MHz, 3996 MHz, 0 %, 0 %
2026/03/24 01:52:03.008, 6, 178.64 W, 26, 120 MHz, 3996 MHz, 0 %, 0 %
2026/03/24 01:52:03.008, 7, 176.93 W, 27, 120 MHz, 3996 MHz, 0 %, 0 %
2026/03/24 01:52:04.008, 0, 228.61 W, 27, 2032 MHz, 3996 MHz, 0 %, 0 %
2026/03/24 01:52:04.008, 1, 233.16 W, 29, 2032 MHz, 3996 MHz, 0 %, 0 %
2026/03/24 01:52:04.008, 2, 233.92 W, 27, 2032 MHz, 3996 MHz, 0 %, 0 %
2026/03/24 01:52:04.008, 3, 234.84 W, 30, 2032 MHz, 3996 MHz, 0 %, 0 %
2026/03/24 01:52:04.008, 4, 180.04 W, 25, 120 MHz, 3996 MHz, 0 %, 0 %
2026/03/24 01:52:04.008, 5, 181.28 W, 28, 120 MHz, 3996 MHz, 0 %, 0 %
2026/03/24 01:52:04.008, 6, 178.64 W, 26, 120 MHz, 3996 MHz, 0 %, 0 %
2026/03/24 01:52:04.008, 7, 176.74 W, 27, 120 MHz, 3996 MHz, 0 %, 0 %
2026/03/24 01:52:05.008, 0, 228.80 W, 27, 2032 MHz, 3996 MHz, 0 %, 0 %
2026/03/24 01:52:05.008, 1, 233.16 W, 29, 2032 MHz, 3996 MHz, 0 %, 0 %
2026/03/24 01:52:05.008, 2, 233.89 W, 27, 2032 MHz, 3996 MHz, 0 %, 0 %
2026/03/24 01:52:05.008, 3, 234.97 W, 30, 2032 MHz, 3996 MHz, 0 %, 0 %
2026/03/24 01:52:05.008, 4, 179.91 W, 25, 120 MHz, 3996 MHz, 0 %, 0 %
2026/03/24 01:52:05.008, 5, 181.40 W, 28, 120 MHz, 3996 MHz, 0 %, 0 %
2026/03/24 01:52:05.008, 6, 178.64 W, 26, 120 MHz, 3996 MHz, 0 %, 0 %
2026/03/24 01:52:05.008, 7, 176.70 W, 27, 120 MHz, 3996 MHz, 0 %, 0 %
2026/03/24 01:52:06.008, 0, 292.08 W, 28, 2032 MHz, 3996 MHz, 0 %, 0 %
2026/03/24 01:52:06.008, 1, 295.55 W, 30, 2032 MHz, 3996 MHz, 0 %, 0 %
2026/03/24 01:52:06.008, 2, 298.77 W, 27, 2032 MHz, 3996 MHz, 0 %, 0 %
2026/03/24 01:52:06.008, 3, 297.98 W, 30, 2032 MHz, 3996 MHz, 0 %, 0 %
2026/03/24 01:52:06.008, 4, 179.88 W, 25, 120 MHz, 3996 MHz, 0 %, 0 %
2026/03/24 01:52:06.008, 5, 181.40 W, 28, 120 MHz, 3996 MHz, 0 %, 0 %
2026/03/24 01:52:06.008, 6, 178.64 W, 26, 120 MHz, 3996 MHz, 0 %, 0 %
2026/03/24 01:52:06.008, 7, 176.81 W, 27, 120 MHz, 3996 MHz, 0 %, 0 %
2026/03/24 01:52:07.008, 0, 228.15 W, 27, 2032 MHz, 3996 MHz, 0 %, 0 %
2026/03/24 01:52:07.008, 1, 233.16 W, 29, 2032 MHz, 3996 MHz, 0 %, 0 %
2026/03/24 01:52:07.008, 2, 233.93 W, 27, 2032 MHz, 3996 MHz, 0 %, 0 %
2026/03/24 01:52:07.008, 3, 234.07 W, 30, 2032 MHz, 3996 MHz, 0 %, 0 %
2026/03/24 01:52:07.008, 4, 180.22 W, 25, 120 MHz, 3996 MHz, 0 %, 0 %
2026/03/24 01:52:07.008, 5, 181.38 W, 28, 120 MHz, 3996 MHz, 0 %, 0 %
2026/03/24 01:52:07.008, 6, 178.64 W, 26, 120 MHz, 3996 MHz, 0 %, 0 %
2026/03/24 01:52:07.008, 7, 176.74 W, 27, 120 MHz, 3996 MHz, 0 %, 0 %
2026/03/24 01:52:08.008, 0, 228.07 W, 27, 2032 MHz, 3996 MHz, 0 %, 0 %
2026/03/24 01:52:08.008, 1, 233.16 W, 29, 2032 MHz, 3996 MHz, 0 %, 0 %
2026/03/24 01:52:08.008, 2, 233.94 W, 27, 2032 MHz, 3996 MHz, 0 %, 0 %
2026/03/24 01:52:08.008, 3, 233.48 W, 30, 2032 MHz, 3996 MHz, 0 %, 0 %
2026/03/24 01:52:08.008, 4, 180.06 W, 25, 120 MHz, 3996 MHz, 0 %, 0 %
2026/03/24 01:52:08.008, 5, 181.55 W, 28, 120 MHz, 3996 MHz, 0 %, 0 %
2026/03/24 01:52:08.008, 6, 178.64 W, 26, 120 MHz, 3996 MHz, 0 %, 0 %
2026/03/24 01:52:08.008, 7, 176.74 W, 27, 120 MHz, 3996 MHz, 0 %, 0 %
2026/03/24 01:52:09.009, 0, 228.11 W, 27, 2032 MHz, 3996 MHz, 0 %, 0 %
2026/03/24 01:52:09.009, 1, 233.16 W, 29, 2032 MHz, 3996 MHz, 0 %, 0 %
2026/03/24 01:52:09.009, 2, 233.96 W, 27, 2032 MHz, 3996 MHz, 0 %, 0 %
2026/03/24 01:52:09.009, 3, 233.40 W, 30, 2032 MHz, 3996 MHz, 0 %, 0 %
2026/03/24 01:52:09.009, 4, 180.16 W, 25, 120 MHz, 3996 MHz, 0 %, 0 %
2026/03/24 01:52:09.009, 5, 181.23 W, 28, 120 MHz, 3996 MHz, 0 %, 0 %
2026/03/24 01:52:09.009, 6, 178.64 W, 26, 120 MHz, 3996 MHz, 0 %, 0 %
2026/03/24 01:52:09.009, 7, 176.85 W, 27, 120 MHz, 3996 MHz, 0 %, 0 %
2026/03/24 01:52:10.009, 0, 233.95 W, 27, 2032 MHz, 3996 MHz, 13 %, 9 %
2026/03/24 01:52:10.009, 1, 233.35 W, 29, 2032 MHz, 3996 MHz, 0 %, 0 %
2026/03/24 01:52:10.009, 2, 234.05 W, 27, 2032 MHz, 3996 MHz, 0 %, 0 %
2026/03/24 01:52:10.009, 3, 234.69 W, 30, 2032 MHz, 3996 MHz, 0 %, 0 %
2026/03/24 01:52:10.009, 4, 179.94 W, 25, 120 MHz, 3996 MHz, 0 %, 0 %
2026/03/24 01:52:10.009, 5, 181.28 W, 28, 120 MHz, 3996 MHz, 0 %, 0 %
2026/03/24 01:52:10.009, 6, 178.64 W, 26, 120 MHz, 3996 MHz, 0 %, 0 %
2026/03/24 01:52:10.009, 7, 176.82 W, 27, 120 MHz, 3996 MHz, 0 %, 0 %
2026/03/24 01:52:11.009, 0, 228.09 W, 27, 2032 MHz, 3996 MHz, 0 %, 0 %
2026/03/24 01:52:11.009, 1, 237.95 W, 29, 2032 MHz, 3996 MHz, 0 %, 0 %
2026/03/24 01:52:11.009, 2, 238.21 W, 27, 2032 MHz, 3996 MHz, 0 %, 0 %
2026/03/24 01:52:11.009, 3, 238.80 W, 30, 2032 MHz, 3996 MHz, 0 %, 0 %
2026/03/24 01:52:11.009, 4, 179.87 W, 25, 120 MHz, 3996 MHz, 0 %, 0 %
2026/03/24 01:52:11.009, 5, 181.31 W, 28, 120 MHz, 3996 MHz, 0 %, 0 %
2026/03/24 01:52:11.009, 6, 178.64 W, 26, 120 MHz, 3996 MHz, 0 %, 0 %
2026/03/24 01:52:11.009, 7, 176.70 W, 27, 120 MHz, 3996 MHz, 0 %, 0 %
2026/03/24 01:52:12.009, 0, 228.11 W, 27, 2032 MHz, 3996 MHz, 0 %, 0 %
2026/03/24 01:52:12.009, 1, 233.16 W, 29, 2032 MHz, 3996 MHz, 0 %, 0 %
2026/03/24 01:52:12.009, 2, 233.99 W, 27, 2032 MHz, 3996 MHz, 0 %, 0 %
2026/03/24 01:52:12.009, 3, 233.46 W, 30, 2032 MHz, 3996 MHz, 0 %, 0 %
2026/03/24 01:52:12.009, 4, 180.05 W, 25, 120 MHz, 3996 MHz, 0 %, 0 %
2026/03/24 01:52:12.009, 5, 181.12 W, 28, 120 MHz, 3996 MHz, 0 %, 0 %
2026/03/24 01:52:12.009, 6, 178.64 W, 26, 120 MHz, 3996 MHz, 0 %, 0 %
2026/03/24 01:52:12.009, 7, 176.74 W, 27, 120 MHz, 3996 MHz, 0 %, 0 %
2026/03/24 01:52:13.009, 0, 292.80 W, 29, 2032 MHz, 3996 MHz, 99 %, 15 %
2026/03/24 01:52:13.009, 1, 287.73 W, 32, 2032 MHz, 3996 MHz, 79 %, 68 %
2026/03/24 01:52:13.009, 2, 291.82 W, 29, 2032 MHz, 3996 MHz, 98 %, 23 %
2026/03/24 01:52:13.009, 3, 299.92 W, 32, 2032 MHz, 3996 MHz, 97 %, 31 %
2026/03/24 01:52:13.009, 4, 180.07 W, 25, 120 MHz, 3996 MHz, 0 %, 0 %
2026/03/24 01:52:13.009, 5, 181.24 W, 28, 120 MHz, 3996 MHz, 0 %, 0 %
2026/03/24 01:52:13.009, 6, 178.64 W, 26, 120 MHz, 3996 MHz, 0 %, 0 %
2026/03/24 01:52:13.009, 7, 176.85 W, 27, 120 MHz, 3996 MHz, 0 %, 0 %
2026/03/24 01:52:14.009, 0, 302.05 W, 28, 2032 MHz, 3996 MHz, 0 %, 0 %
2026/03/24 01:52:14.009, 1, 302.43 W, 30, 2032 MHz, 3996 MHz, 0 %, 0 %
2026/03/24 01:52:14.009, 2, 309.96 W, 27, 2032 MHz, 3996 MHz, 0 %, 0 %
2026/03/24 01:52:14.009, 3, 296.58 W, 30, 2032 MHz, 3996 MHz, 0 %, 0 %
2026/03/24 01:52:14.009, 4, 180.00 W, 25, 120 MHz, 3996 MHz, 0 %, 0 %
2026/03/24 01:52:14.009, 5, 181.54 W, 28, 120 MHz, 3996 MHz, 0 %, 0 %
2026/03/24 01:52:14.009, 6, 178.64 W, 26, 120 MHz, 3996 MHz, 0 %, 0 %
2026/03/24 01:52:14.010, 7, 176.62 W, 27, 120 MHz, 3996 MHz, 0 %, 0 %
2026/03/24 01:52:15.010, 0, 228.15 W, 27, 2032 MHz, 3996 MHz, 0 %, 0 %
2026/03/24 01:52:15.010, 1, 233.17 W, 29, 2032 MHz, 3996 MHz, 0 %, 0 %
2026/03/24 01:52:15.010, 2, 233.99 W, 27, 2032 MHz, 3996 MHz, 0 %, 0 %
2026/03/24 01:52:15.010, 3, 234.59 W, 30, 2032 MHz, 3996 MHz, 0 %, 0 %
2026/03/24 01:52:15.010, 4, 179.94 W, 25, 120 MHz, 3996 MHz, 0 %, 0 %
2026/03/24 01:52:15.010, 5, 181.50 W, 28, 120 MHz, 3996 MHz, 0 %, 0 %
2026/03/24 01:52:15.010, 6, 178.64 W, 26, 120 MHz, 3996 MHz, 0 %, 0 %
2026/03/24 01:52:15.010, 7, 176.74 W, 27, 120 MHz, 3996 MHz, 0 %, 0 %
2026/03/24 01:52:16.010, 0, 228.11 W, 27, 2032 MHz, 3996 MHz, 0 %, 0 %
2026/03/24 01:52:16.010, 1, 233.17 W, 29, 2032 MHz, 3996 MHz, 0 %, 0 %
2026/03/24 01:52:16.010, 2, 233.99 W, 27, 2032 MHz, 3996 MHz, 0 %, 0 %
2026/03/24 01:52:16.010, 3, 234.12 W, 30, 2032 MHz, 3996 MHz, 0 %, 0 %
2026/03/24 01:52:16.010, 4, 180.16 W, 25, 120 MHz, 3996 MHz, 0 %, 0 %
2026/03/24 01:52:16.010, 5, 181.24 W, 28, 120 MHz, 3996 MHz, 0 %, 0 %
2026/03/24 01:52:16.010, 6, 178.64 W, 26, 120 MHz, 3996 MHz, 0 %, 0 %
2026/03/24 01:52:16.010, 7, 176.74 W, 27, 120 MHz, 3996 MHz, 0 %, 0 %
2026/03/24 01:52:17.010, 0, 228.11 W, 27, 2032 MHz, 3996 MHz, 0 %, 0 %
2026/03/24 01:52:17.010, 1, 233.16 W, 29, 2032 MHz, 3996 MHz, 0 %, 0 %
2026/03/24 01:52:17.010, 2, 234.00 W, 27, 2032 MHz, 3996 MHz, 0 %, 0 %
2026/03/24 01:52:17.010, 3, 233.87 W, 30, 2032 MHz, 3996 MHz, 0 %, 0 %
2026/03/24 01:52:17.010, 4, 180.05 W, 25, 120 MHz, 3996 MHz, 0 %, 0 %
2026/03/24 01:52:17.010, 5, 181.35 W, 28, 120 MHz, 3996 MHz, 0 %, 0 %
2026/03/24 01:52:17.010, 6, 178.64 W, 26, 120 MHz, 3996 MHz, 0 %, 0 %
2026/03/24 01:52:17.010, 7, 176.77 W, 27, 120 MHz, 3996 MHz, 0 %, 0 %
2026/03/24 01:52:18.010, 0, 228.07 W, 27, 2032 MHz, 3996 MHz, 0 %, 0 %
2026/03/24 01:52:18.010, 1, 233.16 W, 29, 2032 MHz, 3996 MHz, 0 %, 0 %
2026/03/24 01:52:18.010, 2, 233.97 W, 27, 2032 MHz, 3996 MHz, 0 %, 0 %
2026/03/24 01:52:18.010, 3, 233.68 W, 30, 2032 MHz, 3996 MHz, 0 %, 0 %
2026/03/24 01:52:18.010, 4, 180.04 W, 25, 120 MHz, 3996 MHz, 0 %, 0 %
2026/03/24 01:52:18.010, 5, 181.42 W, 28, 120 MHz, 3996 MHz, 0 %, 0 %
2026/03/24 01:52:18.010, 6, 178.64 W, 26, 120 MHz, 3996 MHz, 0 %, 0 %
2026/03/24 01:52:18.010, 7, 176.66 W, 27, 120 MHz, 3996 MHz, 0 %, 0 %
2026/03/24 01:52:19.010, 0, 228.07 W, 27, 2032 MHz, 3996 MHz, 0 %, 0 %
2026/03/24 01:52:19.011, 1, 233.17 W, 29, 2032 MHz, 3996 MHz, 0 %, 0 %
2026/03/24 01:52:19.011, 2, 233.93 W, 27, 2032 MHz, 3996 MHz, 0 %, 0 %
2026/03/24 01:52:19.011, 3, 233.81 W, 30, 2032 MHz, 3996 MHz, 0 %, 0 %
2026/03/24 01:52:19.011, 4, 180.03 W, 25, 120 MHz, 3996 MHz, 0 %, 0 %
2026/03/24 01:52:19.011, 5, 181.32 W, 28, 120 MHz, 3996 MHz, 0 %, 0 %
2026/03/24 01:52:19.011, 6, 178.64 W, 26, 120 MHz, 3996 MHz, 0 %, 0 %
2026/03/24 01:52:19.011, 7, 176.66 W, 27, 120 MHz, 3996 MHz, 0 %, 0 %
2026/03/24 01:52:20.011, 0, 228.43 W, 27, 2032 MHz, 3996 MHz, 0 %, 0 %
2026/03/24 01:52:20.011, 1, 233.71 W, 29, 2032 MHz, 3996 MHz, 0 %, 0 %
2026/03/24 01:52:20.011, 2, 234.11 W, 27, 2032 MHz, 3996 MHz, 0 %, 0 %
2026/03/24 01:52:20.011, 3, 234.21 W, 30, 2032 MHz, 3996 MHz, 0 %, 0 %
2026/03/24 01:52:20.011, 4, 179.90 W, 25, 120 MHz, 3996 MHz, 0 %, 0 %
2026/03/24 01:52:20.011, 5, 181.31 W, 28, 120 MHz, 3996 MHz, 0 %, 0 %
2026/03/24 01:52:20.011, 6, 178.64 W, 26, 120 MHz, 3996 MHz, 0 %, 0 %
2026/03/24 01:52:20.011, 7, 176.70 W, 27, 120 MHz, 3996 MHz, 0 %, 0 %
2026/03/24 01:52:21.011, 0, 228.52 W, 27, 2032 MHz, 3996 MHz, 0 %, 0 %
2026/03/24 01:52:21.011, 1, 233.28 W, 29, 2032 MHz, 3996 MHz, 0 %, 0 %
2026/03/24 01:52:21.011, 2, 234.00 W, 27, 2032 MHz, 3996 MHz, 0 %, 0 %
2026/03/24 01:52:21.011, 3, 234.09 W, 30, 2032 MHz, 3996 MHz, 0 %, 0 %
2026/03/24 01:52:21.011, 4, 179.80 W, 25, 120 MHz, 3996 MHz, 0 %, 0 %
2026/03/24 01:52:21.011, 5, 181.48 W, 28, 120 MHz, 3996 MHz, 0 %, 0 %
2026/03/24 01:52:21.011, 6, 178.64 W, 26, 120 MHz, 3996 MHz, 0 %, 0 %
2026/03/24 01:52:21.011, 7, 176.77 W, 27, 120 MHz, 3996 MHz, 0 %, 0 %
2026/03/24 01:52:22.011, 0, 277.69 W, 28, 2032 MHz, 3996 MHz, 0 %, 0 %
2026/03/24 01:52:22.011, 1, 248.54 W, 29, 2032 MHz, 3996 MHz, 0 %, 0 %
2026/03/24 01:52:22.011, 2, 289.88 W, 28, 2032 MHz, 3996 MHz, 0 %, 0 %
2026/03/24 01:52:22.011, 3, 240.68 W, 30, 2032 MHz, 3996 MHz, 0 %, 0 %
2026/03/24 01:52:22.011, 4, 180.07 W, 25, 120 MHz, 3996 MHz, 0 %, 0 %
2026/03/24 01:52:22.011, 5, 181.15 W, 28, 120 MHz, 3996 MHz, 0 %, 0 %
2026/03/24 01:52:22.011, 6, 178.64 W, 26, 120 MHz, 3996 MHz, 0 %, 0 %
2026/03/24 01:52:22.011, 7, 176.70 W, 27, 120 MHz, 3996 MHz, 0 %, 0 %
2026/03/24 01:52:23.011, 0, 253.33 W, 28, 2032 MHz, 3996 MHz, 0 %, 0 %
2026/03/24 01:52:23.011, 1, 250.07 W, 31, 2032 MHz, 3996 MHz, 0 %, 0 %
2026/03/24 01:52:23.011, 2, 251.89 W, 28, 2032 MHz, 3996 MHz, 0 %, 0 %
2026/03/24 01:52:23.011, 3, 240.13 W, 30, 2032 MHz, 3996 MHz, 0 %, 0 %
2026/03/24 01:52:23.011, 4, 179.66 W, 25, 120 MHz, 3996 MHz, 0 %, 0 %
2026/03/24 01:52:23.011, 5, 181.23 W, 28, 120 MHz, 3996 MHz, 0 %, 0 %
2026/03/24 01:52:23.011, 6, 178.64 W, 26, 120 MHz, 3996 MHz, 0 %, 0 %
2026/03/24 01:52:23.011, 7, 176.78 W, 27, 120 MHz, 3996 MHz, 0 %, 0 %
2026/03/24 01:52:24.011, 0, 301.86 W, 28, 2032 MHz, 3996 MHz, 0 %, 0 %
2026/03/24 01:52:24.012, 1, 301.05 W, 30, 2032 MHz, 3996 MHz, 0 %, 0 %
2026/03/24 01:52:24.012, 2, 305.74 W, 27, 2032 MHz, 3996 MHz, 0 %, 0 %
2026/03/24 01:52:24.012, 3, 241.54 W, 30, 2032 MHz, 3996 MHz, 0 %, 0 %
2026/03/24 01:52:24.012, 4, 179.89 W, 25, 120 MHz, 3996 MHz, 0 %, 0 %
2026/03/24 01:52:24.012, 5, 181.38 W, 28, 120 MHz, 3996 MHz, 0 %, 0 %
2026/03/24 01:52:24.012, 6, 178.64 W, 26, 120 MHz, 3996 MHz, 0 %, 0 %
2026/03/24 01:52:24.012, 7, 176.74 W, 27, 120 MHz, 3996 MHz, 0 %, 0 %
2026/03/24 01:52:25.012, 0, 315.91 W, 28, 2032 MHz, 3996 MHz, 0 %, 0 %
2026/03/24 01:52:25.012, 1, 287.72 W, 30, 2032 MHz, 3996 MHz, 0 %, 0 %
2026/03/24 01:52:25.012, 2, 329.50 W, 28, 2032 MHz, 3996 MHz, 0 %, 0 %
2026/03/24 01:52:25.012, 3, 252.35 W, 30, 2032 MHz, 3996 MHz, 0 %, 0 %
2026/03/24 01:52:25.012, 4, 180.13 W, 25, 120 MHz, 3996 MHz, 0 %, 0 %
2026/03/24 01:52:25.012, 5, 181.24 W, 28, 120 MHz, 3996 MHz, 0 %, 0 %
2026/03/24 01:52:25.012, 6, 178.64 W, 26, 120 MHz, 3996 MHz, 0 %, 0 %
2026/03/24 01:52:25.012, 7, 176.77 W, 27, 120 MHz, 3996 MHz, 0 %, 0 %
2026/03/24 01:52:26.012, 0, 295.24 W, 31, 2032 MHz, 3996 MHz, 66 %, 28 %
2026/03/24 01:52:26.012, 1, 292.47 W, 33, 2032 MHz, 3996 MHz, 19 %, 11 %
2026/03/24 01:52:26.012, 2, 293.68 W, 31, 2032 MHz, 3996 MHz, 18 %, 11 %
2026/03/24 01:52:26.012, 3, 296.62 W, 32, 2032 MHz, 3996 MHz, 74 %, 27 %
2026/03/24 01:52:26.012, 4, 179.77 W, 25, 120 MHz, 3996 MHz, 0 %, 0 %
2026/03/24 01:52:26.012, 5, 181.08 W, 28, 120 MHz, 3996 MHz, 0 %, 0 %
2026/03/24 01:52:26.012, 6, 178.64 W, 26, 120 MHz, 3996 MHz, 0 %, 0 %
2026/03/24 01:52:26.012, 7, 176.70 W, 27, 120 MHz, 3996 MHz, 0 %, 0 %
2026/03/24 01:52:27.012, 0, 687.67 W, 35, 2032 MHz, 3996 MHz, 100 %, 0 %
2026/03/24 01:52:27.012, 1, 669.24 W, 38, 2032 MHz, 3996 MHz, 100 %, 0 %
2026/03/24 01:52:27.012, 2, 670.79 W, 34, 2032 MHz, 3996 MHz, 100 %, 0 %
2026/03/24 01:52:27.012, 3, 688.46 W, 41, 2032 MHz, 3996 MHz, 100 %, 0 %
2026/03/24 01:52:27.012, 4, 179.93 W, 25, 120 MHz, 3996 MHz, 0 %, 0 %
2026/03/24 01:52:27.012, 5, 181.42 W, 28, 120 MHz, 3996 MHz, 0 %, 0 %
2026/03/24 01:52:27.012, 6, 178.64 W, 26, 120 MHz, 3996 MHz, 0 %, 0 %
2026/03/24 01:52:27.012, 7, 176.81 W, 27, 120 MHz, 3996 MHz, 0 %, 0 %
2026/03/24 01:52:28.012, 0, 397.46 W, 29, 2032 MHz, 3996 MHz, 100 %, 0 %
2026/03/24 01:52:28.012, 1, 420.46 W, 31, 2032 MHz, 3996 MHz, 100 %, 0 %
2026/03/24 01:52:28.012, 2, 428.94 W, 29, 2032 MHz, 3996 MHz, 100 %, 0 %
2026/03/24 01:52:28.012, 3, 404.24 W, 31, 2032 MHz, 3996 MHz, 100 %, 0 %
2026/03/24 01:52:28.012, 4, 180.23 W, 25, 120 MHz, 3996 MHz, 0 %, 0 %
2026/03/24 01:52:28.012, 5, 181.40 W, 28, 120 MHz, 3996 MHz, 0 %, 0 %
2026/03/24 01:52:28.012, 6, 178.64 W, 26, 120 MHz, 3996 MHz, 0 %, 0 %
2026/03/24 01:52:28.012, 7, 176.62 W, 27, 120 MHz, 3996 MHz, 0 %, 0 %
2026/03/24 01:52:29.012, 0, 272.26 W, 29, 2032 MHz, 3996 MHz, 100 %, 0 %
2026/03/24 01:52:29.012, 1, 274.66 W, 30, 2032 MHz, 3996 MHz, 100 %, 0 %
2026/03/24 01:52:29.012, 2, 277.61 W, 28, 2032 MHz, 3996 MHz, 100 %, 0 %
2026/03/24 01:52:29.012, 3, 277.30 W, 31, 2032 MHz, 3996 MHz, 100 %, 0 %
2026/03/24 01:52:29.012, 4, 179.57 W, 25, 120 MHz, 3996 MHz, 0 %, 0 %
2026/03/24 01:52:29.012, 5, 181.46 W, 28, 120 MHz, 3996 MHz, 0 %, 0 %
2026/03/24 01:52:29.012, 6, 178.64 W, 26, 120 MHz, 3996 MHz, 0 %, 0 %
2026/03/24 01:52:29.012, 7, 176.70 W, 27, 120 MHz, 3996 MHz, 0 %, 0 %
2026/03/24 01:52:30.012, 0, 229.95 W, 28, 2032 MHz, 3996 MHz, 5 %, 0 %
2026/03/24 01:52:30.012, 1, 234.33 W, 30, 2032 MHz, 3996 MHz, 3 %, 0 %
2026/03/24 01:52:30.012, 2, 235.32 W, 28, 2032 MHz, 3996 MHz, 3 %, 0 %
2026/03/24 01:52:30.012, 3, 235.81 W, 30, 2032 MHz, 3996 MHz, 7 %, 0 %
2026/03/24 01:52:30.012, 4, 180.06 W, 25, 120 MHz, 3996 MHz, 0 %, 0 %
2026/03/24 01:52:30.012, 5, 181.16 W, 28, 120 MHz, 3996 MHz, 0 %, 0 %
2026/03/24 01:52:30.013, 6, 178.64 W, 26, 120 MHz, 3996 MHz, 0 %, 0 %
2026/03/24 01:52:30.013, 7, 176.74 W, 27, 120 MHz, 3996 MHz, 0 %, 0 %
2026/03/24 01:52:31.013, 0, 232.98 W, 28, 2032 MHz, 3996 MHz, 4 %, 0 %
2026/03/24 01:52:31.013, 1, 237.67 W, 30, 2032 MHz, 3996 MHz, 6 %, 0 %
2026/03/24 01:52:31.013, 2, 238.58 W, 28, 2032 MHz, 3996 MHz, 5 %, 0 %
2026/03/24 01:52:31.013, 3, 238.17 W, 30, 2032 MHz, 3996 MHz, 4 %, 0 %
2026/03/24 01:52:31.013, 4, 179.89 W, 25, 120 MHz, 3996 MHz, 0 %, 0 %
2026/03/24 01:52:31.013, 5, 181.34 W, 28, 120 MHz, 3996 MHz, 0 %, 0 %
2026/03/24 01:52:31.013, 6, 178.64 W, 26, 120 MHz, 3996 MHz, 0 %, 0 %
2026/03/24 01:52:31.013, 7, 176.66 W, 27, 120 MHz, 3996 MHz, 0 %, 0 %
2026/03/24 01:52:32.013, 0, 233.66 W, 28, 2032 MHz, 3996 MHz, 13 %, 0 %
2026/03/24 01:52:32.013, 1, 238.57 W, 30, 2032 MHz, 3996 MHz, 10 %, 0 %
2026/03/24 01:52:32.013, 2, 239.44 W, 28, 2032 MHz, 3996 MHz, 11 %, 0 %
2026/03/24 01:52:32.013, 3, 239.00 W, 30, 2032 MHz, 3996 MHz, 11 %, 0 %
2026/03/24 01:52:32.013, 4, 179.99 W, 25, 120 MHz, 3996 MHz, 0 %, 0 %
2026/03/24 01:52:32.013, 5, 181.50 W, 28, 120 MHz, 3996 MHz, 0 %, 0 %
2026/03/24 01:52:32.013, 6, 178.64 W, 26, 120 MHz, 3996 MHz, 0 %, 0 %
2026/03/24 01:52:32.013, 7, 176.74 W, 27, 120 MHz, 3996 MHz, 0 %, 0 %
2026/03/24 01:52:33.013, 0, 233.21 W, 28, 2032 MHz, 3996 MHz, 12 %, 0 %
2026/03/24 01:52:33.013, 1, 237.98 W, 30, 2032 MHz, 3996 MHz, 12 %, 0 %
2026/03/24 01:52:33.013, 2, 238.99 W, 28, 2032 MHz, 3996 MHz, 11 %, 0 %
2026/03/24 01:52:33.013, 3, 238.63 W, 30, 2032 MHz, 3996 MHz, 11 %, 0 %
2026/03/24 01:52:33.013, 4, 179.93 W, 25, 120 MHz, 3996 MHz, 0 %, 0 %
2026/03/24 01:52:33.013, 5, 181.48 W, 28, 120 MHz, 3996 MHz, 0 %, 0 %
2026/03/24 01:52:33.013, 6, 178.64 W, 26, 120 MHz, 3996 MHz, 0 %, 0 %
2026/03/24 01:52:33.013, 7, 176.78 W, 27, 120 MHz, 3996 MHz, 0 %, 0 %
2026/03/24 01:52:34.013, 0, 232.87 W, 28, 2032 MHz, 3996 MHz, 13 %, 0 %
2026/03/24 01:52:34.013, 1, 248.32 W, 30, 2032 MHz, 3996 MHz, 14 %, 2 %
2026/03/24 01:52:34.013, 2, 262.16 W, 28, 2032 MHz, 3996 MHz, 17 %, 6 %
2026/03/24 01:52:34.013, 3, 248.87 W, 30, 2032 MHz, 3996 MHz, 14 %, 2 %
2026/03/24 01:52:34.013, 4, 180.12 W, 25, 120 MHz, 3996 MHz, 0 %, 0 %
2026/03/24 01:52:34.013, 5, 181.40 W, 28, 120 MHz, 3996 MHz, 0 %, 0 %
2026/03/24 01:52:34.013, 6, 178.64 W, 26, 120 MHz, 3996 MHz, 0 %, 0 %
2026/03/24 01:52:34.013, 7, 176.74 W, 27, 120 MHz, 3996 MHz, 0 %, 0 %
2026/03/24 01:52:35.013, 0, 231.83 W, 28, 2032 MHz, 3996 MHz, 12 %, 0 %
2026/03/24 01:52:35.013, 1, 252.49 W, 30, 2032 MHz, 3996 MHz, 11 %, 2 %
2026/03/24 01:52:35.013, 2, 272.91 W, 28, 2032 MHz, 3996 MHz, 14 %, 5 %
2026/03/24 01:52:35.013, 3, 251.80 W, 30, 2032 MHz, 3996 MHz, 14 %, 2 %
2026/03/24 01:52:35.013, 4, 179.91 W, 25, 120 MHz, 3996 MHz, 0 %, 0 %
2026/03/24 01:52:35.013, 5, 181.44 W, 28, 120 MHz, 3996 MHz, 0 %, 0 %
2026/03/24 01:52:35.013, 6, 178.64 W, 26, 120 MHz, 3996 MHz, 0 %, 0 %
2026/03/24 01:52:35.013, 7, 176.74 W, 27, 120 MHz, 3996 MHz, 0 %, 0 %
2026/03/24 01:52:36.013, 0, 232.04 W, 28, 2032 MHz, 3996 MHz, 8 %, 0 %
2026/03/24 01:52:36.013, 1, 254.40 W, 30, 2032 MHz, 3996 MHz, 10 %, 2 %
2026/03/24 01:52:36.013, 2, 273.70 W, 28, 2032 MHz, 3996 MHz, 12 %, 4 %
2026/03/24 01:52:36.013, 3, 253.22 W, 30, 2032 MHz, 3996 MHz, 8 %, 1 %
2026/03/24 01:52:36.013, 4, 180.05 W, 25, 120 MHz, 3996 MHz, 0 %, 0 %
2026/03/24 01:52:36.013, 5, 181.57 W, 28, 120 MHz, 3996 MHz, 0 %, 0 %
2026/03/24 01:52:36.013, 6, 178.64 W, 26, 120 MHz, 3996 MHz, 0 %, 0 %
2026/03/24 01:52:36.013, 7, 176.82 W, 27, 120 MHz, 3996 MHz, 0 %, 0 %
2026/03/24 01:52:37.014, 0, 236.62 W, 28, 2032 MHz, 3996 MHz, 15 %, 0 %
2026/03/24 01:52:37.014, 1, 263.98 W, 30, 2032 MHz, 3996 MHz, 17 %, 5 %
2026/03/24 01:52:37.014, 2, 286.62 W, 28, 2032 MHz, 3996 MHz, 19 %, 8 %
2026/03/24 01:52:37.014, 3, 280.18 W, 31, 2032 MHz, 3996 MHz, 21 %, 10 %
2026/03/24 01:52:37.014, 4, 180.24 W, 25, 120 MHz, 3996 MHz, 0 %, 0 %
2026/03/24 01:52:37.014, 5, 181.71 W, 28, 120 MHz, 3996 MHz, 0 %, 0 %
2026/03/24 01:52:37.014, 6, 178.64 W, 26, 120 MHz, 3996 MHz, 0 %, 0 %
2026/03/24 01:52:37.014, 7, 176.66 W, 27, 120 MHz, 3996 MHz, 0 %, 0 %
2026/03/24 01:52:38.014, 0, 238.33 W, 28, 2032 MHz, 3996 MHz, 14 %, 0 %
2026/03/24 01:52:38.014, 1, 267.03 W, 30, 2032 MHz, 3996 MHz, 17 %, 5 %
2026/03/24 01:52:38.014, 2, 292.52 W, 28, 2032 MHz, 3996 MHz, 20 %, 9 %
2026/03/24 01:52:38.014, 3, 303.40 W, 31, 2032 MHz, 3996 MHz, 22 %, 10 %
2026/03/24 01:52:38.014, 4, 180.00 W, 25, 120 MHz, 3996 MHz, 0 %, 0 %
2026/03/24 01:52:38.014, 5, 181.79 W, 28, 120 MHz, 3996 MHz, 0 %, 0 %
2026/03/24 01:52:38.014, 6, 178.64 W, 26, 120 MHz, 3996 MHz, 0 %, 0 %
2026/03/24 01:52:38.014, 7, 176.78 W, 27, 120 MHz, 3996 MHz, 0 %, 0 %
2026/03/24 01:52:39.014, 0, 237.93 W, 28, 2032 MHz, 3996 MHz, 14 %, 0 %
2026/03/24 01:52:39.014, 1, 266.11 W, 30, 2032 MHz, 3996 MHz, 18 %, 5 %
2026/03/24 01:52:39.014, 2, 292.36 W, 28, 2032 MHz, 3996 MHz, 21 %, 9 %
2026/03/24 01:52:39.014, 3, 301.52 W, 31, 2032 MHz, 3996 MHz, 21 %, 10 %
2026/03/24 01:52:39.014, 4, 180.04 W, 25, 120 MHz, 3996 MHz, 0 %, 0 %
2026/03/24 01:52:39.014, 5, 181.19 W, 28, 120 MHz, 3996 MHz, 0 %, 0 %
2026/03/24 01:52:39.014, 6, 178.64 W, 26, 120 MHz, 3996 MHz, 0 %, 0 %
2026/03/24 01:52:39.014, 7, 176.74 W, 27, 120 MHz, 3996 MHz, 0 %, 0 %
2026/03/24 01:52:40.014, 0, 253.68 W, 28, 2032 MHz, 3996 MHz, 20 %, 6 %
2026/03/24 01:52:40.014, 1, 275.18 W, 30, 2032 MHz, 3996 MHz, 17 %, 5 %
2026/03/24 01:52:40.014, 2, 295.77 W, 28, 2032 MHz, 3996 MHz, 22 %, 9 %
2026/03/24 01:52:40.014, 3, 305.58 W, 31, 2032 MHz, 3996 MHz, 23 %, 10 %
2026/03/24 01:52:40.014, 4, 179.81 W, 25, 120 MHz, 3996 MHz, 0 %, 0 %
2026/03/24 01:52:40.014, 5, 181.32 W, 28, 120 MHz, 3996 MHz, 0 %, 0 %
2026/03/24 01:52:40.014, 6, 178.64 W, 26, 120 MHz, 3996 MHz, 0 %, 0 %
2026/03/24 01:52:40.014, 7, 176.74 W, 27, 120 MHz, 3996 MHz, 0 %, 0 %
2026/03/24 01:52:41.014, 0, 266.75 W, 28, 2032 MHz, 3996 MHz, 8 %, 2 %
2026/03/24 01:52:41.014, 1, 300.86 W, 30, 2032 MHz, 3996 MHz, 13 %, 6 %
2026/03/24 01:52:41.014, 2, 318.64 W, 28, 2032 MHz, 3996 MHz, 14 %, 7 %
2026/03/24 01:52:41.014, 3, 300.89 W, 31, 2032 MHz, 3996 MHz, 10 %, 4 %
2026/03/24 01:52:41.014, 4, 179.90 W, 25, 120 MHz, 3996 MHz, 0 %, 0 %
2026/03/24 01:52:41.014, 5, 181.84 W, 28, 120 MHz, 3996 MHz, 0 %, 0 %
2026/03/24 01:52:41.014, 6, 178.64 W, 26, 120 MHz, 3996 MHz, 0 %, 0 %
2026/03/24 01:52:41.014, 7, 176.93 W, 27, 120 MHz, 3996 MHz, 0 %, 0 %
2026/03/24 01:52:42.015, 0, 269.67 W, 28, 2032 MHz, 3996 MHz, 20 %, 6 %
2026/03/24 01:52:42.015, 1, 305.81 W, 31, 2032 MHz, 3996 MHz, 21 %, 10 %
2026/03/24 01:52:42.015, 2, 325.06 W, 29, 2032 MHz, 3996 MHz, 24 %, 13 %
2026/03/24 01:52:42.015, 3, 306.92 W, 31, 2032 MHz, 3996 MHz, 22 %, 10 %
2026/03/24 01:52:42.015, 4, 179.97 W, 25, 120 MHz, 3996 MHz, 0 %, 0 %
2026/03/24 01:52:42.015, 5, 181.36 W, 28, 120 MHz, 3996 MHz, 0 %, 0 %
2026/03/24 01:52:42.015, 6, 178.64 W, 26, 120 MHz, 3996 MHz, 0 %, 0 %
2026/03/24 01:52:42.015, 7, 176.66 W, 27, 120 MHz, 3996 MHz, 0 %, 0 %
2026/03/24 01:52:43.015, 0, 270.73 W, 28, 2032 MHz, 3996 MHz, 21 %, 7 %
2026/03/24 01:52:43.015, 1, 303.75 W, 31, 2032 MHz, 3996 MHz, 25 %, 10 %
2026/03/24 01:52:43.015, 2, 319.81 W, 29, 2032 MHz, 3996 MHz, 27 %, 12 %
2026/03/24 01:52:43.015, 3, 300.90 W, 31, 2032 MHz, 3996 MHz, 24 %, 10 %
2026/03/24 01:52:43.015, 4, 180.01 W, 25, 120 MHz, 3996 MHz, 0 %, 0 %
2026/03/24 01:52:43.015, 5, 181.32 W, 28, 120 MHz, 3996 MHz, 0 %, 0 %
2026/03/24 01:52:43.015, 6, 178.64 W, 26, 120 MHz, 3996 MHz, 0 %, 0 %
2026/03/24 01:52:43.015, 7, 176.70 W, 27, 120 MHz, 3996 MHz, 0 %, 0 %
2026/03/24 01:52:44.015, 0, 280.47 W, 29, 2032 MHz, 3996 MHz, 20 %, 8 %
2026/03/24 01:52:44.015, 1, 310.93 W, 31, 2032 MHz, 3996 MHz, 26 %, 14 %
2026/03/24 01:52:44.015, 2, 326.59 W, 29, 2032 MHz, 3996 MHz, 26 %, 15 %
2026/03/24 01:52:44.015, 3, 310.92 W, 32, 2032 MHz, 3996 MHz, 29 %, 16 %
2026/03/24 01:52:44.015, 4, 180.03 W, 25, 120 MHz, 3996 MHz, 0 %, 0 %
2026/03/24 01:52:44.015, 5, 181.69 W, 28, 120 MHz, 3996 MHz, 0 %, 0 %
2026/03/24 01:52:44.015, 6, 178.64 W, 26, 120 MHz, 3996 MHz, 0 %, 0 %
2026/03/24 01:52:44.015, 7, 176.93 W, 27, 120 MHz, 3996 MHz, 0 %, 0 %
2026/03/24 01:52:45.015, 0, 282.99 W, 28, 2032 MHz, 3996 MHz, 23 %, 8 %
2026/03/24 01:52:45.015, 1, 322.39 W, 31, 2032 MHz, 3996 MHz, 27 %, 14 %
2026/03/24 01:52:45.015, 2, 339.23 W, 29, 2032 MHz, 3996 MHz, 28 %, 17 %
2026/03/24 01:52:45.015, 3, 330.60 W, 32, 2032 MHz, 3996 MHz, 29 %, 16 %
2026/03/24 01:52:45.015, 4, 180.12 W, 25, 120 MHz, 3996 MHz, 0 %, 0 %
2026/03/24 01:52:45.015, 5, 181.17 W, 28, 120 MHz, 3996 MHz, 0 %, 0 %
2026/03/24 01:52:45.015, 6, 178.64 W, 26, 120 MHz, 3996 MHz, 0 %, 0 %
2026/03/24 01:52:45.015, 7, 176.78 W, 27, 120 MHz, 3996 MHz, 0 %, 0 %
2026/03/24 01:52:46.015, 0, 284.50 W, 28, 2032 MHz, 3996 MHz, 6 %, 2 %
2026/03/24 01:52:46.015, 1, 323.87 W, 31, 2032 MHz, 3996 MHz, 17 %, 9 %
2026/03/24 01:52:46.015, 2, 340.79 W, 29, 2032 MHz, 3996 MHz, 19 %, 10 %
2026/03/24 01:52:46.015, 3, 332.36 W, 32, 2032 MHz, 3996 MHz, 7 %, 4 %
2026/03/24 01:52:46.015, 4, 180.07 W, 25, 120 MHz, 3996 MHz, 0 %, 0 %
2026/03/24 01:52:46.015, 5, 181.57 W, 28, 120 MHz, 3996 MHz, 0 %, 0 %
2026/03/24 01:52:46.015, 6, 178.64 W, 26, 120 MHz, 3996 MHz, 0 %, 0 %
2026/03/24 01:52:46.015, 7, 177.00 W, 27, 120 MHz, 3996 MHz, 0 %, 0 %
2026/03/24 01:52:47.015, 0, 319.21 W, 29, 2032 MHz, 3996 MHz, 32 %, 16 %
2026/03/24 01:52:47.015, 1, 334.33 W, 31, 2032 MHz, 3996 MHz, 30 %, 14 %
2026/03/24 01:52:47.015, 2, 358.10 W, 29, 2032 MHz, 3996 MHz, 31 %, 16 %
2026/03/24 01:52:47.016, 3, 347.98 W, 32, 2032 MHz, 3996 MHz, 30 %, 15 %
2026/03/24 01:52:47.016, 4, 179.94 W, 25, 120 MHz, 3996 MHz, 0 %, 0 %
2026/03/24 01:52:47.016, 5, 181.42 W, 28, 120 MHz, 3996 MHz, 0 %, 0 %
2026/03/24 01:52:47.016, 6, 178.64 W, 26, 120 MHz, 3996 MHz, 0 %, 0 %
2026/03/24 01:52:47.016, 7, 176.89 W, 27, 120 MHz, 3996 MHz, 0 %, 0 %
2026/03/24 01:52:48.016, 0, 337.21 W, 29, 2032 MHz, 3996 MHz, 30 %, 15 %
2026/03/24 01:52:48.016, 1, 341.08 W, 31, 2032 MHz, 3996 MHz, 29 %, 15 %
2026/03/24 01:52:48.016, 2, 349.57 W, 30, 2032 MHz, 3996 MHz, 33 %, 18 %
2026/03/24 01:52:48.016, 3, 344.87 W, 32, 2032 MHz, 3996 MHz, 31 %, 18 %
2026/03/24 01:52:48.016, 4, 180.15 W, 25, 120 MHz, 3996 MHz, 0 %, 0 %
2026/03/24 01:52:48.016, 5, 181.76 W, 28, 120 MHz, 3996 MHz, 0 %, 0 %
2026/03/24 01:52:48.016, 6, 178.64 W, 26, 120 MHz, 3996 MHz, 0 %, 0 %
2026/03/24 01:52:48.016, 7, 176.74 W, 27, 120 MHz, 3996 MHz, 0 %, 0 %
2026/03/24 01:52:49.016, 0, 333.57 W, 29, 2032 MHz, 3996 MHz, 28 %, 15 %
2026/03/24 01:52:49.016, 1, 336.50 W, 31, 2032 MHz, 3996 MHz, 29 %, 16 %
2026/03/24 01:52:49.016, 2, 352.23 W, 30, 2032 MHz, 3996 MHz, 32 %, 19 %
2026/03/24 01:52:49.016, 3, 347.76 W, 32, 2032 MHz, 3996 MHz, 31 %, 17 %
2026/03/24 01:52:49.016, 4, 179.93 W, 25, 120 MHz, 3996 MHz, 0 %, 0 %
2026/03/24 01:52:49.016, 5, 181.48 W, 28, 120 MHz, 3996 MHz, 0 %, 0 %
2026/03/24 01:52:49.016, 6, 178.64 W, 26, 120 MHz, 3996 MHz, 0 %, 0 %
2026/03/24 01:52:49.016, 7, 176.89 W, 27, 120 MHz, 3996 MHz, 0 %, 0 %
2026/03/24 01:52:50.016, 0, 333.72 W, 30, 2032 MHz, 3996 MHz, 28 %, 15 %
2026/03/24 01:52:50.016, 1, 333.85 W, 32, 2032 MHz, 3996 MHz, 30 %, 15 %
2026/03/24 01:52:50.016, 2, 352.55 W, 30, 2032 MHz, 3996 MHz, 32 %, 18 %
2026/03/24 01:52:50.016, 3, 347.41 W, 32, 2032 MHz, 3996 MHz, 29 %, 17 %
2026/03/24 01:52:50.016, 4, 179.86 W, 25, 120 MHz, 3996 MHz, 0 %, 0 %
2026/03/24 01:52:50.016, 5, 181.63 W, 28, 120 MHz, 3996 MHz, 0 %, 0 %
2026/03/24 01:52:50.016, 6, 178.64 W, 26, 120 MHz, 3996 MHz, 0 %, 0 %
2026/03/24 01:52:50.016, 7, 176.70 W, 27, 120 MHz, 3996 MHz, 0 %, 0 %
2026/03/24 01:52:51.016, 0, 332.03 W, 29, 2032 MHz, 3996 MHz, 9 %, 5 %
2026/03/24 01:52:51.016, 1, 338.64 W, 32, 2032 MHz, 3996 MHz, 16 %, 8 %
2026/03/24 01:52:51.016, 2, 360.12 W, 29, 2032 MHz, 3996 MHz, 17 %, 9 %
2026/03/24 01:52:51.016, 3, 346.39 W, 32, 2032 MHz, 3996 MHz, 14 %, 8 %
2026/03/24 01:52:51.016, 4, 179.87 W, 25, 120 MHz, 3996 MHz, 0 %, 0 %
2026/03/24 01:52:51.016, 5, 181.42 W, 28, 120 MHz, 3996 MHz, 0 %, 0 %
2026/03/24 01:52:51.016, 6, 178.64 W, 26, 120 MHz, 3996 MHz, 0 %, 0 %
2026/03/24 01:52:51.016, 7, 176.70 W, 27, 120 MHz, 3996 MHz, 0 %, 0 %
2026/03/24 01:52:52.016, 0, 343.35 W, 29, 2032 MHz, 3996 MHz, 30 %, 16 %
2026/03/24 01:52:52.016, 1, 386.39 W, 32, 2032 MHz, 3996 MHz, 32 %, 19 %
2026/03/24 01:52:52.016, 2, 370.31 W, 30, 2032 MHz, 3996 MHz, 33 %, 17 %
2026/03/24 01:52:52.016, 3, 373.85 W, 32, 2032 MHz, 3996 MHz, 31 %, 18 %
2026/03/24 01:52:52.017, 4, 180.10 W, 25, 120 MHz, 3996 MHz, 0 %, 0 %
2026/03/24 01:52:52.017, 5, 181.57 W, 28, 120 MHz, 3996 MHz, 0 %, 0 %
2026/03/24 01:52:52.017, 6, 178.64 W, 26, 120 MHz, 3996 MHz, 0 %, 0 %
2026/03/24 01:52:52.017, 7, 176.70 W, 27, 120 MHz, 3996 MHz, 0 %, 0 %
2026/03/24 01:52:53.017, 0, 341.06 W, 30, 2032 MHz, 3996 MHz, 30 %, 14 %
2026/03/24 01:52:53.017, 1, 379.92 W, 32, 2032 MHz, 3996 MHz, 36 %, 21 %
2026/03/24 01:52:53.017, 2, 367.27 W, 30, 2032 MHz, 3996 MHz, 34 %, 19 %
2026/03/24 01:52:53.017, 3, 384.08 W, 33, 2032 MHz, 3996 MHz, 34 %, 19 %
2026/03/24 01:52:53.017, 4, 179.99 W, 25, 120 MHz, 3996 MHz, 0 %, 0 %
2026/03/24 01:52:53.017, 5, 181.52 W, 28, 120 MHz, 3996 MHz, 0 %, 0 %
2026/03/24 01:52:53.017, 6, 178.64 W, 26, 120 MHz, 3996 MHz, 0 %, 0 %
2026/03/24 01:52:53.017, 7, 176.85 W, 27, 120 MHz, 3996 MHz, 0 %, 0 %
2026/03/24 01:52:54.017, 0, 324.82 W, 29, 2032 MHz, 3996 MHz, 28 %, 14 %
2026/03/24 01:52:54.017, 1, 364.17 W, 32, 2032 MHz, 3996 MHz, 34 %, 19 %
2026/03/24 01:52:54.017, 2, 352.76 W, 30, 2032 MHz, 3996 MHz, 32 %, 18 %
2026/03/24 01:52:54.017, 3, 361.68 W, 33, 2032 MHz, 3996 MHz, 31 %, 19 %
2026/03/24 01:52:54.017, 4, 179.80 W, 25, 120 MHz, 3996 MHz, 0 %, 0 %
2026/03/24 01:52:54.017, 5, 181.38 W, 28, 120 MHz, 3996 MHz, 0 %, 0 %
2026/03/24 01:52:54.017, 6, 178.64 W, 26, 120 MHz, 3996 MHz, 0 %, 0 %
2026/03/24 01:52:54.017, 7, 176.82 W, 27, 120 MHz, 3996 MHz, 0 %, 0 %
2026/03/24 01:52:55.017, 0, 345.03 W, 30, 2032 MHz, 3996 MHz, 36 %, 15 %
2026/03/24 01:52:55.017, 1, 357.89 W, 32, 2032 MHz, 3996 MHz, 31 %, 19 %
2026/03/24 01:52:55.017, 2, 348.09 W, 30, 2032 MHz, 3996 MHz, 30 %, 18 %
2026/03/24 01:52:55.017, 3, 355.73 W, 33, 2032 MHz, 3996 MHz, 32 %, 19 %
2026/03/24 01:52:55.017, 4, 180.12 W, 25, 120 MHz, 3996 MHz, 0 %, 0 %
2026/03/24 01:52:55.017, 5, 181.79 W, 28, 120 MHz, 3996 MHz, 0 %, 0 %
2026/03/24 01:52:55.017, 6, 178.64 W, 26, 120 MHz, 3996 MHz, 0 %, 0 %
2026/03/24 01:52:55.017, 7, 176.58 W, 27, 120 MHz, 3996 MHz, 0 %, 0 %
2026/03/24 01:52:56.017, 0, 346.99 W, 30, 2032 MHz, 3996 MHz, 15 %, 7 %
2026/03/24 01:52:56.017, 1, 383.47 W, 33, 2032 MHz, 3996 MHz, 16 %, 7 %
2026/03/24 01:52:56.017, 2, 353.38 W, 30, 2032 MHz, 3996 MHz, 10 %, 6 %
2026/03/24 01:52:56.017, 3, 360.20 W, 33, 2032 MHz, 3996 MHz, 21 %, 12 %
2026/03/24 01:52:56.017, 4, 179.78 W, 25, 120 MHz, 3996 MHz, 0 %, 0 %
2026/03/24 01:52:56.017, 5, 181.57 W, 28, 120 MHz, 3996 MHz, 0 %, 0 %
2026/03/24 01:52:56.017, 6, 178.64 W, 26, 120 MHz, 3996 MHz, 0 %, 0 %
2026/03/24 01:52:56.017, 7, 176.70 W, 27, 120 MHz, 3996 MHz, 0 %, 0 %
2026/03/24 01:52:57.017, 0, 349.02 W, 30, 2032 MHz, 3996 MHz, 23 %, 12 %
2026/03/24 01:52:57.017, 1, 397.99 W, 33, 2032 MHz, 3996 MHz, 31 %, 19 %
2026/03/24 01:52:57.017, 2, 396.31 W, 30, 2032 MHz, 3996 MHz, 41 %, 18 %
2026/03/24 01:52:57.017, 3, 413.52 W, 33, 2032 MHz, 3996 MHz, 26 %, 13 %
2026/03/24 01:52:57.017, 4, 180.21 W, 25, 120 MHz, 3996 MHz, 0 %, 0 %
2026/03/24 01:52:57.017, 5, 181.55 W, 28, 120 MHz, 3996 MHz, 0 %, 0 %
2026/03/24 01:52:57.017, 6, 178.64 W, 26, 120 MHz, 3996 MHz, 0 %, 0 %
2026/03/24 01:52:57.017, 7, 176.74 W, 27, 120 MHz, 3996 MHz, 0 %, 0 %
2026/03/24 01:52:58.017, 0, 339.92 W, 30, 2032 MHz, 3996 MHz, 29 %, 14 %
2026/03/24 01:52:58.017, 1, 369.84 W, 33, 2032 MHz, 3996 MHz, 33 %, 18 %
2026/03/24 01:52:58.017, 2, 370.80 W, 30, 2032 MHz, 3996 MHz, 34 %, 17 %
2026/03/24 01:52:58.017, 3, 399.34 W, 33, 2032 MHz, 3996 MHz, 32 %, 19 %
2026/03/24 01:52:58.017, 4, 180.02 W, 25, 120 MHz, 3996 MHz, 0 %, 0 %
2026/03/24 01:52:58.017, 5, 181.32 W, 28, 120 MHz, 3996 MHz, 0 %, 0 %
2026/03/24 01:52:58.017, 6, 178.64 W, 26, 120 MHz, 3996 MHz, 0 %, 0 %
2026/03/24 01:52:58.017, 7, 176.93 W, 27, 120 MHz, 3996 MHz, 0 %, 0 %
2026/03/24 01:52:59.018, 0, 313.42 W, 30, 2032 MHz, 3996 MHz, 14 %, 6 %
2026/03/24 01:52:59.018, 1, 352.30 W, 32, 2032 MHz, 3996 MHz, 29 %, 17 %
2026/03/24 01:52:59.018, 2, 355.42 W, 30, 2032 MHz, 3996 MHz, 29 %, 16 %
2026/03/24 01:52:59.018, 3, 369.49 W, 33, 2032 MHz, 3996 MHz, 33 %, 16 %
2026/03/24 01:52:59.018, 4, 180.02 W, 25, 120 MHz, 3996 MHz, 0 %, 0 %
2026/03/24 01:52:59.018, 5, 181.55 W, 28, 120 MHz, 3996 MHz, 0 %, 0 %
2026/03/24 01:52:59.018, 6, 178.64 W, 26, 120 MHz, 3996 MHz, 0 %, 0 %
2026/03/24 01:52:59.018, 7, 176.70 W, 27, 120 MHz, 3996 MHz, 0 %, 0 %
2026/03/24 01:53:00.018, 0, 344.91 W, 30, 2032 MHz, 3996 MHz, 35 %, 13 %
2026/03/24 01:53:00.018, 1, 352.61 W, 32, 2032 MHz, 3996 MHz, 32 %, 19 %
2026/03/24 01:53:00.018, 2, 351.21 W, 30, 2032 MHz, 3996 MHz, 32 %, 18 %
2026/03/24 01:53:00.018, 3, 356.24 W, 33, 2032 MHz, 3996 MHz, 32 %, 19 %
2026/03/24 01:53:00.018, 4, 179.79 W, 25, 120 MHz, 3996 MHz, 0 %, 0 %
2026/03/24 01:53:00.018, 5, 181.32 W, 28, 120 MHz, 3996 MHz, 0 %, 0 %
2026/03/24 01:53:00.018, 6, 178.64 W, 26, 120 MHz, 3996 MHz, 0 %, 0 %
2026/03/24 01:53:00.018, 7, 176.86 W, 27, 120 MHz, 3996 MHz, 0 %, 0 %
2026/03/24 01:53:01.018, 0, 347.70 W, 30, 2032 MHz, 3996 MHz, 17 %, 8 %
2026/03/24 01:53:01.018, 1, 377.60 W, 33, 2032 MHz, 3996 MHz, 14 %, 6 %
2026/03/24 01:53:01.018, 2, 359.90 W, 30, 2032 MHz, 3996 MHz, 12 %, 6 %
2026/03/24 01:53:01.018, 3, 356.31 W, 33, 2032 MHz, 3996 MHz, 23 %, 13 %
2026/03/24 01:53:01.018, 4, 179.89 W, 25, 120 MHz, 3996 MHz, 0 %, 0 %
2026/03/24 01:53:01.018, 5, 181.61 W, 28, 120 MHz, 3996 MHz, 0 %, 0 %
2026/03/24 01:53:01.018, 6, 178.64 W, 26, 120 MHz, 3996 MHz, 0 %, 0 %
2026/03/24 01:53:01.018, 7, 176.77 W, 27, 120 MHz, 3996 MHz, 0 %, 0 %
2026/03/24 01:53:02.018, 0, 343.43 W, 30, 2032 MHz, 3996 MHz, 22 %, 10 %
2026/03/24 01:53:02.018, 1, 395.22 W, 33, 2032 MHz, 3996 MHz, 37 %, 18 %
2026/03/24 01:53:02.018, 2, 414.11 W, 30, 2032 MHz, 3996 MHz, 37 %, 19 %
2026/03/24 01:53:02.018, 3, 411.94 W, 34, 2032 MHz, 3996 MHz, 27 %, 11 %
2026/03/24 01:53:02.018, 4, 180.05 W, 25, 120 MHz, 3996 MHz, 0 %, 0 %
2026/03/24 01:53:02.018, 5, 181.63 W, 28, 120 MHz, 3996 MHz, 0 %, 0 %
2026/03/24 01:53:02.018, 6, 178.64 W, 26, 120 MHz, 3996 MHz, 0 %, 0 %
2026/03/24 01:53:02.018, 7, 176.70 W, 27, 120 MHz, 3996 MHz, 0 %, 0 %
2026/03/24 01:53:03.018, 0, 355.13 W, 30, 2032 MHz, 3996 MHz, 36 %, 16 %
2026/03/24 01:53:03.018, 1, 372.71 W, 33, 2032 MHz, 3996 MHz, 32 %, 16 %
2026/03/24 01:53:03.018, 2, 393.16 W, 31, 2032 MHz, 3996 MHz, 34 %, 18 %
2026/03/24 01:53:03.018, 3, 403.83 W, 33, 2032 MHz, 3996 MHz, 33 %, 17 %
2026/03/24 01:53:03.018, 4, 179.99 W, 25, 120 MHz, 3996 MHz, 0 %, 0 %
2026/03/24 01:53:03.018, 5, 181.76 W, 28, 120 MHz, 3996 MHz, 0 %, 0 %
2026/03/24 01:53:03.018, 6, 178.64 W, 26, 120 MHz, 3996 MHz, 0 %, 0 %
2026/03/24 01:53:03.018, 7, 176.77 W, 27, 120 MHz, 3996 MHz, 0 %, 0 %
2026/03/24 01:53:04.018, 0, 356.92 W, 31, 2032 MHz, 3996 MHz, 34 %, 17 %
2026/03/24 01:53:04.018, 1, 364.13 W, 33, 2032 MHz, 3996 MHz, 40 %, 16 %
2026/03/24 01:53:04.018, 2, 371.23 W, 31, 2032 MHz, 3996 MHz, 34 %, 18 %
2026/03/24 01:53:04.018, 3, 375.95 W, 34, 2032 MHz, 3996 MHz, 36 %, 19 %
2026/03/24 01:53:04.018, 4, 180.10 W, 25, 120 MHz, 3996 MHz, 0 %, 0 %
2026/03/24 01:53:04.018, 5, 181.40 W, 28, 120 MHz, 3996 MHz, 0 %, 0 %
2026/03/24 01:53:04.018, 6, 178.64 W, 26, 120 MHz, 3996 MHz, 0 %, 0 %
2026/03/24 01:53:04.018, 7, 176.78 W, 27, 120 MHz, 3996 MHz, 0 %, 0 %
2026/03/24 01:53:05.018, 0, 354.82 W, 31, 2032 MHz, 3996 MHz, 32 %, 9 %
2026/03/24 01:53:05.018, 1, 394.84 W, 33, 2032 MHz, 3996 MHz, 34 %, 18 %
2026/03/24 01:53:05.018, 2, 383.49 W, 31, 2032 MHz, 3996 MHz, 34 %, 19 %
2026/03/24 01:53:05.018, 3, 371.78 W, 33, 2032 MHz, 3996 MHz, 40 %, 18 %
2026/03/24 01:53:05.018, 4, 179.96 W, 25, 120 MHz, 3996 MHz, 0 %, 0 %
2026/03/24 01:53:05.018, 5, 181.46 W, 28, 120 MHz, 3996 MHz, 0 %, 0 %
2026/03/24 01:53:05.019, 6, 178.64 W, 26, 120 MHz, 3996 MHz, 0 %, 0 %
2026/03/24 01:53:05.019, 7, 176.86 W, 27, 120 MHz, 3996 MHz, 0 %, 0 %
2026/03/24 01:53:06.019, 0, 314.30 W, 29, 2032 MHz, 3996 MHz, 100 %, 0 %
2026/03/24 01:53:06.019, 1, 399.29 W, 33, 2032 MHz, 3996 MHz, 11 %, 6 %
2026/03/24 01:53:06.019, 2, 411.58 W, 31, 2032 MHz, 3996 MHz, 11 %, 6 %
2026/03/24 01:53:06.019, 3, 413.32 W, 34, 2032 MHz, 3996 MHz, 34 %, 18 %
2026/03/24 01:53:06.019, 4, 179.89 W, 25, 120 MHz, 3996 MHz, 0 %, 0 %
2026/03/24 01:53:06.019, 5, 181.48 W, 28, 120 MHz, 3996 MHz, 0 %, 0 %
2026/03/24 01:53:06.019, 6, 178.64 W, 26, 120 MHz, 3996 MHz, 0 %, 0 %
2026/03/24 01:53:06.019, 7, 176.77 W, 27, 120 MHz, 3996 MHz, 0 %, 0 %
2026/03/24 01:53:07.019, 0, 232.62 W, 29, 2032 MHz, 3996 MHz, 100 %, 0 %
2026/03/24 01:53:07.019, 1, 380.17 W, 32, 2032 MHz, 3996 MHz, 100 %, 0 %
2026/03/24 01:53:07.019, 2, 424.74 W, 31, 2032 MHz, 3996 MHz, 48 %, 21 %
2026/03/24 01:53:07.019, 3, 432.40 W, 34, 2032 MHz, 3996 MHz, 25 %, 13 %
2026/03/24 01:53:07.019, 4, 179.96 W, 25, 120 MHz, 3996 MHz, 0 %, 0 %
2026/03/24 01:53:07.019, 5, 181.63 W, 28, 120 MHz, 3996 MHz, 0 %, 0 %
2026/03/24 01:53:07.019, 6, 178.64 W, 26, 120 MHz, 3996 MHz, 0 %, 0 %
2026/03/24 01:53:07.019, 7, 177.01 W, 27, 120 MHz, 3996 MHz, 0 %, 0 %
2026/03/24 01:53:08.019, 0, 286.20 W, 30, 2032 MHz, 3996 MHz, 96 %, 15 %
2026/03/24 01:53:08.019, 1, 288.04 W, 33, 2032 MHz, 3996 MHz, 96 %, 15 %
2026/03/24 01:53:08.019, 2, 356.59 W, 31, 2032 MHz, 3996 MHz, 96 %, 14 %
2026/03/24 01:53:08.019, 3, 448.90 W, 35, 2032 MHz, 3996 MHz, 43 %, 14 %
2026/03/24 01:53:08.019, 4, 179.90 W, 25, 120 MHz, 3996 MHz, 0 %, 0 %
2026/03/24 01:53:08.019, 5, 181.46 W, 28, 120 MHz, 3996 MHz, 0 %, 0 %
2026/03/24 01:53:08.019, 6, 178.64 W, 26, 120 MHz, 3996 MHz, 0 %, 0 %
2026/03/24 01:53:08.019, 7, 176.70 W, 27, 120 MHz, 3996 MHz, 0 %, 0 %
2026/03/24 01:53:09.019, 0, 336.03 W, 30, 2032 MHz, 3996 MHz, 78 %, 2 %
2026/03/24 01:53:09.019, 1, 288.98 W, 31, 2032 MHz, 3996 MHz, 10 %, 2 %
2026/03/24 01:53:09.019, 2, 327.68 W, 30, 2032 MHz, 3996 MHz, 92 %, 2 %
2026/03/24 01:53:09.019, 3, 304.67 W, 32, 2032 MHz, 3996 MHz, 10 %, 2 %
2026/03/24 01:53:09.019, 4, 179.91 W, 25, 120 MHz, 3996 MHz, 0 %, 0 %
2026/03/24 01:53:09.019, 5, 181.69 W, 28, 120 MHz, 3996 MHz, 0 %, 0 %
2026/03/24 01:53:09.019, 6, 178.64 W, 26, 120 MHz, 3996 MHz, 0 %, 0 %
2026/03/24 01:53:09.019, 7, 176.62 W, 27, 120 MHz, 3996 MHz, 0 %, 0 %
2026/03/24 01:53:10.019, 0, 355.98 W, 31, 2032 MHz, 3996 MHz, 91 %, 2 %
2026/03/24 01:53:10.019, 1, 329.97 W, 32, 2032 MHz, 3996 MHz, 8 %, 2 %
2026/03/24 01:53:10.019, 2, 333.62 W, 30, 2032 MHz, 3996 MHz, 51 %, 2 %
2026/03/24 01:53:10.019, 3, 274.77 W, 33, 2032 MHz, 3996 MHz, 43 %, 2 %
2026/03/24 01:53:10.019, 4, 180.02 W, 25, 120 MHz, 3996 MHz, 0 %, 0 %
2026/03/24 01:53:10.019, 5, 181.40 W, 28, 120 MHz, 3996 MHz, 0 %, 0 %
2026/03/24 01:53:10.019, 6, 178.64 W, 26, 120 MHz, 3996 MHz, 0 %, 0 %
2026/03/24 01:53:10.019, 7, 176.74 W, 27, 120 MHz, 3996 MHz, 0 %, 0 %
2026/03/24 01:53:11.019, 0, 349.93 W, 31, 2032 MHz, 3996 MHz, 100 %, 2 %
2026/03/24 01:53:11.019, 1, 265.33 W, 32, 2032 MHz, 3996 MHz, 7 %, 1 %
2026/03/24 01:53:11.019, 2, 344.49 W, 30, 2032 MHz, 3996 MHz, 20 %, 1 %
2026/03/24 01:53:11.019, 3, 291.35 W, 32, 2032 MHz, 3996 MHz, 12 %, 2 %
2026/03/24 01:53:11.019, 4, 179.85 W, 25, 120 MHz, 3996 MHz, 0 %, 0 %
2026/03/24 01:53:11.019, 5, 181.57 W, 28, 120 MHz, 3996 MHz, 0 %, 0 %
2026/03/24 01:53:11.019, 6, 178.64 W, 26, 120 MHz, 3996 MHz, 0 %, 0 %
2026/03/24 01:53:11.019, 7, 176.77 W, 27, 120 MHz, 3996 MHz, 0 %, 0 %
2026/03/24 01:53:12.020, 0, 322.17 W, 30, 2032 MHz, 3996 MHz, 3 %, 1 %
2026/03/24 01:53:12.020, 1, 341.70 W, 32, 2032 MHz, 3996 MHz, 65 %, 2 %
2026/03/24 01:53:12.020, 2, 360.88 W, 30, 2032 MHz, 3996 MHz, 66 %, 2 %
2026/03/24 01:53:12.020, 3, 257.11 W, 32, 2032 MHz, 3996 MHz, 2 %, 1 %
2026/03/24 01:53:12.020, 4, 180.05 W, 25, 120 MHz, 3996 MHz, 0 %, 0 %
2026/03/24 01:53:12.020, 5, 181.55 W, 28, 120 MHz, 3996 MHz, 0 %, 0 %
2026/03/24 01:53:12.020, 6, 178.64 W, 26, 120 MHz, 3996 MHz, 0 %, 0 %
2026/03/24 01:53:12.020, 7, 176.74 W, 27, 120 MHz, 3996 MHz, 0 %, 0 %
2026/03/24 01:53:13.020, 0, 367.44 W, 30, 2032 MHz, 3996 MHz, 9 %, 2 %
2026/03/24 01:53:13.020, 1, 358.42 W, 32, 2032 MHz, 3996 MHz, 80 %, 2 %
2026/03/24 01:53:13.020, 2, 349.43 W, 30, 2032 MHz, 3996 MHz, 82 %, 2 %
2026/03/24 01:53:13.020, 3, 249.04 W, 31, 2032 MHz, 3996 MHz, 4 %, 1 %
2026/03/24 01:53:13.020, 4, 179.92 W, 25, 120 MHz, 3996 MHz, 0 %, 0 %
2026/03/24 01:53:13.020, 5, 181.44 W, 28, 120 MHz, 3996 MHz, 0 %, 0 %
2026/03/24 01:53:13.020, 6, 178.64 W, 26, 120 MHz, 3996 MHz, 0 %, 0 %
2026/03/24 01:53:13.020, 7, 176.66 W, 27, 120 MHz, 3996 MHz, 0 %, 0 %
2026/03/24 01:53:14.020, 0, 362.45 W, 30, 2032 MHz, 3996 MHz, 13 %, 1 %
2026/03/24 01:53:14.020, 1, 347.04 W, 32, 2032 MHz, 3996 MHz, 80 %, 2 %
2026/03/24 01:53:14.020, 2, 310.14 W, 30, 2032 MHz, 3996 MHz, 73 %, 2 %
2026/03/24 01:53:14.020, 3, 290.90 W, 32, 2032 MHz, 3996 MHz, 4 %, 1 %
2026/03/24 01:53:14.020, 4, 179.84 W, 25, 120 MHz, 3996 MHz, 0 %, 0 %
2026/03/24 01:53:14.020, 5, 181.27 W, 28, 120 MHz, 3996 MHz, 0 %, 0 %
2026/03/24 01:53:14.020, 6, 178.64 W, 26, 120 MHz, 3996 MHz, 0 %, 0 %
2026/03/24 01:53:14.020, 7, 176.82 W, 27, 120 MHz, 3996 MHz, 0 %, 0 %
2026/03/24 01:53:15.020, 0, 334.02 W, 30, 2032 MHz, 3996 MHz, 23 %, 1 %
2026/03/24 01:53:15.020, 1, 332.48 W, 32, 2032 MHz, 3996 MHz, 93 %, 2 %
2026/03/24 01:53:15.020, 2, 333.29 W, 30, 2032 MHz, 3996 MHz, 96 %, 2 %
2026/03/24 01:53:15.020, 3, 244.56 W, 31, 2032 MHz, 3996 MHz, 4 %, 1 %
2026/03/24 01:53:15.020, 4, 179.67 W, 25, 120 MHz, 3996 MHz, 0 %, 0 %
2026/03/24 01:53:15.020, 5, 180.97 W, 28, 120 MHz, 3996 MHz, 0 %, 0 %
2026/03/24 01:53:15.020, 6, 178.64 W, 26, 120 MHz, 3996 MHz, 0 %, 0 %
2026/03/24 01:53:15.020, 7, 176.81 W, 27, 120 MHz, 3996 MHz, 0 %, 0 %
2026/03/24 01:53:16.020, 0, 313.05 W, 30, 2032 MHz, 3996 MHz, 77 %, 2 %
2026/03/24 01:53:16.020, 1, 315.52 W, 32, 2032 MHz, 3996 MHz, 69 %, 1 %
2026/03/24 01:53:16.020, 2, 316.38 W, 30, 2032 MHz, 3996 MHz, 67 %, 1 %
2026/03/24 01:53:16.020, 3, 244.50 W, 31, 2032 MHz, 3996 MHz, 8 %, 1 %
2026/03/24 01:53:16.020, 4, 179.81 W, 25, 120 MHz, 3996 MHz, 0 %, 0 %
2026/03/24 01:53:16.020, 5, 181.23 W, 28, 120 MHz, 3996 MHz, 0 %, 0 %
2026/03/24 01:53:16.020, 6, 178.64 W, 26, 120 MHz, 3996 MHz, 0 %, 0 %
2026/03/24 01:53:16.020, 7, 176.74 W, 27, 120 MHz, 3996 MHz, 0 %, 0 %
2026/03/24 01:53:17.020, 0, 314.57 W, 30, 2032 MHz, 3996 MHz, 12 %, 1 %
2026/03/24 01:53:17.020, 1, 317.94 W, 32, 2032 MHz, 3996 MHz, 81 %, 1 %
2026/03/24 01:53:17.020, 2, 290.94 W, 29, 2032 MHz, 3996 MHz, 9 %, 1 %
2026/03/24 01:53:17.020, 3, 271.18 W, 32, 2032 MHz, 3996 MHz, 1 %, 0 %
2026/03/24 01:53:17.020, 4, 179.74 W, 25, 120 MHz, 3996 MHz, 0 %, 0 %
2026/03/24 01:53:17.020, 5, 181.40 W, 28, 120 MHz, 3996 MHz, 0 %, 0 %
2026/03/24 01:53:17.020, 6, 178.64 W, 26, 120 MHz, 3996 MHz, 0 %, 0 %
2026/03/24 01:53:17.021, 7, 176.70 W, 27, 120 MHz, 3996 MHz, 0 %, 0 %
2026/03/24 01:53:18.021, 0, 292.55 W, 29, 2032 MHz, 3996 MHz, 12 %, 1 %
2026/03/24 01:53:18.021, 1, 275.43 W, 32, 2032 MHz, 3996 MHz, 82 %, 1 %
2026/03/24 01:53:18.021, 2, 299.61 W, 29, 2032 MHz, 3996 MHz, 84 %, 1 %
2026/03/24 01:53:18.021, 3, 255.98 W, 31, 2032 MHz, 3996 MHz, 3 %, 1 %
2026/03/24 01:53:18.021, 4, 179.76 W, 25, 120 MHz, 3996 MHz, 0 %, 0 %
2026/03/24 01:53:18.021, 5, 181.27 W, 28, 120 MHz, 3996 MHz, 0 %, 0 %
2026/03/24 01:53:18.021, 6, 178.64 W, 26, 120 MHz, 3996 MHz, 0 %, 0 %
2026/03/24 01:53:18.021, 7, 176.58 W, 27, 120 MHz, 3996 MHz, 0 %, 0 %
2026/03/24 01:53:19.021, 0, 255.09 W, 29, 2032 MHz, 3996 MHz, 24 %, 1 %
2026/03/24 01:53:19.021, 1, 260.90 W, 31, 2032 MHz, 3996 MHz, 94 %, 1 %
2026/03/24 01:53:19.021, 2, 279.70 W, 29, 2032 MHz, 3996 MHz, 96 %, 1 %
2026/03/24 01:53:19.021, 3, 265.03 W, 31, 2032 MHz, 3996 MHz, 4 %, 1 %
2026/03/24 01:53:19.021, 4, 179.85 W, 25, 120 MHz, 3996 MHz, 0 %, 0 %
2026/03/24 01:53:19.021, 5, 181.40 W, 28, 120 MHz, 3996 MHz, 0 %, 0 %
2026/03/24 01:53:19.021, 6, 178.64 W, 26, 120 MHz, 3996 MHz, 0 %, 0 %
2026/03/24 01:53:19.021, 7, 176.70 W, 27, 120 MHz, 3996 MHz, 0 %, 0 %
2026/03/24 01:53:20.021, 0, 241.63 W, 29, 2032 MHz, 3996 MHz, 40 %, 1 %
2026/03/24 01:53:20.021, 1, 245.13 W, 31, 2032 MHz, 3996 MHz, 93 %, 1 %
2026/03/24 01:53:20.021, 2, 248.10 W, 29, 2032 MHz, 3996 MHz, 95 %, 1 %
2026/03/24 01:53:20.021, 3, 241.35 W, 31, 2032 MHz, 3996 MHz, 4 %, 1 %
2026/03/24 01:53:20.021, 4, 179.80 W, 25, 120 MHz, 3996 MHz, 0 %, 0 %
2026/03/24 01:53:20.021, 5, 181.27 W, 28, 120 MHz, 3996 MHz, 0 %, 0 %
2026/03/24 01:53:20.021, 6, 178.64 W, 26, 120 MHz, 3996 MHz, 0 %, 0 %
2026/03/24 01:53:20.021, 7, 176.93 W, 27, 120 MHz, 3996 MHz, 0 %, 0 %
2026/03/24 01:53:21.021, 0, 276.78 W, 30, 2032 MHz, 3996 MHz, 93 %, 1 %
2026/03/24 01:53:21.021, 1, 243.16 W, 31, 2032 MHz, 3996 MHz, 8 %, 1 %
2026/03/24 01:53:21.021, 2, 284.46 W, 30, 2032 MHz, 3996 MHz, 70 %, 1 %
2026/03/24 01:53:21.021, 3, 281.07 W, 33, 2032 MHz, 3996 MHz, 76 %, 1 %
2026/03/24 01:53:21.021, 4, 179.73 W, 25, 120 MHz, 3996 MHz, 0 %, 0 %
2026/03/24 01:53:21.021, 5, 181.32 W, 28, 120 MHz, 3996 MHz, 0 %, 0 %
2026/03/24 01:53:21.021, 6, 178.64 W, 26, 120 MHz, 3996 MHz, 0 %, 0 %
2026/03/24 01:53:21.021, 7, 176.74 W, 27, 120 MHz, 3996 MHz, 0 %, 0 %
2026/03/24 01:53:22.021, 0, 376.99 W, 32, 2032 MHz, 3996 MHz, 41 %, 1 %
2026/03/24 01:53:22.021, 1, 358.79 W, 33, 2032 MHz, 3996 MHz, 0 %, 0 %
2026/03/24 01:53:22.021, 2, 380.06 W, 32, 2032 MHz, 3996 MHz, 0 %, 0 %
2026/03/24 01:53:22.021, 3, 247.47 W, 31, 2032 MHz, 3996 MHz, 5 %, 1 %
2026/03/24 01:53:22.021, 4, 179.96 W, 25, 120 MHz, 3996 MHz, 0 %, 0 %
2026/03/24 01:53:22.021, 5, 181.34 W, 28, 120 MHz, 3996 MHz, 0 %, 0 %
2026/03/24 01:53:22.021, 6, 178.64 W, 26, 120 MHz, 3996 MHz, 0 %, 0 %
2026/03/24 01:53:22.021, 7, 176.85 W, 27, 120 MHz, 3996 MHz, 0 %, 0 %
2026/03/24 01:53:23.021, 0, 325.34 W, 30, 2032 MHz, 3996 MHz, 43 %, 1 %
2026/03/24 01:53:23.021, 1, 300.11 W, 32, 2032 MHz, 3996 MHz, 100 %, 1 %
2026/03/24 01:53:23.021, 2, 331.51 W, 30, 2032 MHz, 3996 MHz, 100 %, 1 %
2026/03/24 01:53:23.021, 3, 279.89 W, 31, 2032 MHz, 3996 MHz, 3 %, 0 %
2026/03/24 01:53:23.021, 4, 179.89 W, 25, 120 MHz, 3996 MHz, 0 %, 0 %
2026/03/24 01:53:23.021, 5, 181.21 W, 28, 120 MHz, 3996 MHz, 0 %, 0 %
2026/03/24 01:53:23.021, 6, 178.64 W, 26, 120 MHz, 3996 MHz, 0 %, 0 %
2026/03/24 01:53:23.021, 7, 176.78 W, 27, 120 MHz, 3996 MHz, 0 %, 0 %
2026/03/24 01:53:24.021, 0, 335.36 W, 30, 2032 MHz, 3996 MHz, 1 %, 0 %
2026/03/24 01:53:24.021, 1, 320.63 W, 33, 2032 MHz, 3996 MHz, 30 %, 0 %
2026/03/24 01:53:24.021, 2, 307.28 W, 30, 2032 MHz, 3996 MHz, 38 %, 0 %
2026/03/24 01:53:24.021, 3, 262.62 W, 31, 2032 MHz, 3996 MHz, 1 %, 0 %
2026/03/24 01:53:24.022, 4, 179.71 W, 25, 120 MHz, 3996 MHz, 0 %, 0 %
2026/03/24 01:53:24.022, 5, 181.34 W, 28, 120 MHz, 3996 MHz, 0 %, 0 %
2026/03/24 01:53:24.022, 6, 178.64 W, 26, 120 MHz, 3996 MHz, 0 %, 0 %
2026/03/24 01:53:24.022, 7, 176.62 W, 27, 120 MHz, 3996 MHz, 0 %, 0 %
2026/03/24 01:53:25.022, 0, 278.06 W, 29, 2032 MHz, 3996 MHz, 82 %, 1 %
2026/03/24 01:53:25.022, 1, 268.28 W, 31, 2032 MHz, 3996 MHz, 65 %, 1 %
2026/03/24 01:53:25.022, 2, 286.70 W, 29, 2032 MHz, 3996 MHz, 73 %, 1 %
2026/03/24 01:53:25.022, 3, 252.69 W, 31, 2032 MHz, 3996 MHz, 6 %, 1 %
2026/03/24 01:53:25.022, 4, 179.85 W, 25, 120 MHz, 3996 MHz, 0 %, 0 %
2026/03/24 01:53:25.022, 5, 180.93 W, 28, 120 MHz, 3996 MHz, 0 %, 0 %
2026/03/24 01:53:25.022, 6, 178.64 W, 26, 120 MHz, 3996 MHz, 0 %, 0 %
2026/03/24 01:53:25.022, 7, 176.81 W, 27, 120 MHz, 3996 MHz, 0 %, 0 %
2026/03/24 01:53:26.022, 0, 242.67 W, 29, 2032 MHz, 3996 MHz, 0 %, 0 %
2026/03/24 01:53:26.022, 1, 242.40 W, 31, 2032 MHz, 3996 MHz, 4 %, 1 %
2026/03/24 01:53:26.022, 2, 248.02 W, 29, 2032 MHz, 3996 MHz, 58 %, 1 %
2026/03/24 01:53:26.022, 3, 242.51 W, 31, 2032 MHz, 3996 MHz, 0 %, 0 %
2026/03/24 01:53:26.022, 4, 180.01 W, 25, 120 MHz, 3996 MHz, 0 %, 0 %
2026/03/24 01:53:26.022, 5, 181.00 W, 28, 120 MHz, 3996 MHz, 0 %, 0 %
2026/03/24 01:53:26.022, 6, 178.64 W, 26, 120 MHz, 3996 MHz, 0 %, 0 %
2026/03/24 01:53:26.022, 7, 176.77 W, 27, 120 MHz, 3996 MHz, 0 %, 0 %
2026/03/24 01:53:27.022, 0, 281.14 W, 32, 2032 MHz, 3996 MHz, 33 %, 0 %
2026/03/24 01:53:27.022, 1, 269.46 W, 33, 2032 MHz, 3996 MHz, 0 %, 0 %
2026/03/24 01:53:27.022, 2, 274.62 W, 31, 2032 MHz, 3996 MHz, 0 %, 0 %
2026/03/24 01:53:27.022, 3, 236.43 W, 31, 2032 MHz, 3996 MHz, 0 %, 0 %
2026/03/24 01:53:27.022, 4, 179.84 W, 25, 120 MHz, 3996 MHz, 0 %, 0 %
2026/03/24 01:53:27.022, 5, 181.38 W, 28, 120 MHz, 3996 MHz, 0 %, 0 %
2026/03/24 01:53:27.022, 6, 178.64 W, 26, 120 MHz, 3996 MHz, 0 %, 0 %
2026/03/24 01:53:27.022, 7, 176.70 W, 27, 120 MHz, 3996 MHz, 0 %, 0 %
2026/03/24 01:53:28.022, 0, 237.29 W, 29, 2032 MHz, 3996 MHz, 0 %, 0 %
2026/03/24 01:53:28.022, 1, 250.57 W, 31, 2032 MHz, 3996 MHz, 0 %, 0 %
2026/03/24 01:53:28.022, 2, 252.73 W, 28, 2032 MHz, 3996 MHz, 0 %, 0 %
2026/03/24 01:53:28.022, 3, 237.51 W, 31, 2032 MHz, 3996 MHz, 0 %, 0 %
2026/03/24 01:53:28.022, 4, 180.03 W, 25, 120 MHz, 3996 MHz, 0 %, 0 %
2026/03/24 01:53:28.022, 5, 181.09 W, 28, 120 MHz, 3996 MHz, 0 %, 0 %
2026/03/24 01:53:28.022, 6, 178.64 W, 26, 120 MHz, 3996 MHz, 0 %, 0 %
2026/03/24 01:53:28.022, 7, 176.70 W, 27, 120 MHz, 3996 MHz, 0 %, 0 %
2026/03/24 01:53:29.022, 0, 229.96 W, 28, 2032 MHz, 3996 MHz, 0 %, 0 %
2026/03/24 01:53:29.022, 1, 234.95 W, 31, 2032 MHz, 3996 MHz, 0 %, 0 %
2026/03/24 01:53:29.022, 2, 234.86 W, 28, 2032 MHz, 3996 MHz, 0 %, 0 %
2026/03/24 01:53:29.022, 3, 235.24 W, 31, 2032 MHz, 3996 MHz, 0 %, 0 %
2026/03/24 01:53:29.022, 4, 179.94 W, 25, 120 MHz, 3996 MHz, 0 %, 0 %
2026/03/24 01:53:29.022, 5, 181.27 W, 28, 120 MHz, 3996 MHz, 0 %, 0 %
2026/03/24 01:53:29.022, 6, 178.64 W, 26, 120 MHz, 3996 MHz, 0 %, 0 %
2026/03/24 01:53:29.022, 7, 176.66 W, 27, 120 MHz, 3996 MHz, 0 %, 0 %
2026/03/24 01:53:30.022, 0, 229.65 W, 28, 2032 MHz, 3996 MHz, 0 %, 0 %
2026/03/24 01:53:30.022, 1, 234.46 W, 31, 2032 MHz, 3996 MHz, 0 %, 0 %
2026/03/24 01:53:30.022, 2, 234.29 W, 28, 2032 MHz, 3996 MHz, 0 %, 0 %
2026/03/24 01:53:30.022, 3, 235.22 W, 31, 2032 MHz, 3996 MHz, 0 %, 0 %
2026/03/24 01:53:30.022, 4, 179.71 W, 25, 120 MHz, 3996 MHz, 0 %, 0 %
2026/03/24 01:53:30.022, 5, 180.89 W, 28, 120 MHz, 3996 MHz, 0 %, 0 %
2026/03/24 01:53:30.023, 6, 178.64 W, 26, 120 MHz, 3996 MHz, 0 %, 0 %
2026/03/24 01:53:30.023, 7, 176.77 W, 27, 120 MHz, 3996 MHz, 0 %, 0 %
2026/03/24 01:53:31.023, 0, 229.62 W, 28, 2032 MHz, 3996 MHz, 0 %, 0 %
2026/03/24 01:53:31.023, 1, 234.64 W, 31, 2032 MHz, 3996 MHz, 0 %, 0 %
2026/03/24 01:53:31.023, 2, 234.22 W, 28, 2032 MHz, 3996 MHz, 0 %, 0 %
2026/03/24 01:53:31.023, 3, 235.22 W, 31, 2032 MHz, 3996 MHz, 0 %, 0 %
2026/03/24 01:53:31.023, 4, 179.84 W, 25, 120 MHz, 3996 MHz, 0 %, 0 %
2026/03/24 01:53:31.023, 5, 181.38 W, 28, 120 MHz, 3996 MHz, 0 %, 0 %
2026/03/24 01:53:31.023, 6, 178.64 W, 26, 120 MHz, 3996 MHz, 0 %, 0 %
2026/03/24 01:53:31.023, 7, 176.70 W, 27, 120 MHz, 3996 MHz, 0 %, 0 %
2026/03/24 01:53:32.023, 0, 229.81 W, 28, 2032 MHz, 3996 MHz, 0 %, 0 %
2026/03/24 01:53:32.023, 1, 234.65 W, 31, 2032 MHz, 3996 MHz, 0 %, 0 %
2026/03/24 01:53:32.023, 2, 234.47 W, 28, 2032 MHz, 3996 MHz, 0 %, 0 %
2026/03/24 01:53:32.023, 3, 235.15 W, 31, 2032 MHz, 3996 MHz, 0 %, 0 %
2026/03/24 01:53:32.023, 4, 179.63 W, 25, 120 MHz, 3996 MHz, 0 %, 0 %
2026/03/24 01:53:32.023, 5, 181.19 W, 28, 120 MHz, 3996 MHz, 0 %, 0 %
2026/03/24 01:53:32.023, 6, 178.64 W, 26, 120 MHz, 3996 MHz, 0 %, 0 %
2026/03/24 01:53:32.023, 7, 176.62 W, 27, 120 MHz, 3996 MHz, 0 %, 0 %
2026/03/24 01:53:33.023, 0, 229.81 W, 28, 2032 MHz, 3996 MHz, 0 %, 0 %
2026/03/24 01:53:33.023, 1, 234.80 W, 31, 2032 MHz, 3996 MHz, 0 %, 0 %
2026/03/24 01:53:33.023, 2, 234.30 W, 28, 2032 MHz, 3996 MHz, 0 %, 0 %
2026/03/24 01:53:33.023, 3, 235.20 W, 31, 2032 MHz, 3996 MHz, 0 %, 0 %
2026/03/24 01:53:33.023, 4, 179.80 W, 25, 120 MHz, 3996 MHz, 0 %, 0 %
2026/03/24 01:53:33.023, 5, 181.20 W, 28, 120 MHz, 3996 MHz, 0 %, 0 %
2026/03/24 01:53:33.023, 6, 178.64 W, 26, 120 MHz, 3996 MHz, 0 %, 0 %
2026/03/24 01:53:33.023, 7, 176.70 W, 27, 120 MHz, 3996 MHz, 0 %, 0 %
2026/03/24 01:53:34.023, 0, 229.74 W, 28, 2032 MHz, 3996 MHz, 0 %, 0 %
2026/03/24 01:53:34.023, 1, 234.64 W, 30, 2032 MHz, 3996 MHz, 0 %, 0 %
2026/03/24 01:53:34.023, 2, 234.35 W, 28, 2032 MHz, 3996 MHz, 0 %, 0 %
2026/03/24 01:53:34.023, 3, 235.21 W, 31, 2032 MHz, 3996 MHz, 0 %, 0 %
2026/03/24 01:53:34.023, 4, 179.76 W, 25, 120 MHz, 3996 MHz, 0 %, 0 %
2026/03/24 01:53:34.023, 5, 181.36 W, 28, 120 MHz, 3996 MHz, 0 %, 0 %
2026/03/24 01:53:34.023, 6, 178.64 W, 26, 120 MHz, 3996 MHz, 0 %, 0 %
2026/03/24 01:53:34.023, 7, 176.70 W, 27, 120 MHz, 3996 MHz, 0 %, 0 %
2026/03/24 01:53:35.023, 0, 229.81 W, 28, 2032 MHz, 3996 MHz, 0 %, 0 %
2026/03/24 01:53:35.023, 1, 234.35 W, 30, 2032 MHz, 3996 MHz, 0 %, 0 %
2026/03/24 01:53:35.023, 2, 234.14 W, 28, 2032 MHz, 3996 MHz, 0 %, 0 %
2026/03/24 01:53:35.023, 3, 235.24 W, 31, 2032 MHz, 3996 MHz, 0 %, 0 %
2026/03/24 01:53:35.023, 4, 179.93 W, 25, 120 MHz, 3996 MHz, 0 %, 0 %
2026/03/24 01:53:35.023, 5, 181.19 W, 28, 120 MHz, 3996 MHz, 0 %, 0 %
2026/03/24 01:53:35.023, 6, 178.64 W, 26, 120 MHz, 3996 MHz, 0 %, 0 %
2026/03/24 01:53:35.023, 7, 176.70 W, 27, 120 MHz, 3996 MHz, 0 %, 0 %
2026/03/24 01:53:36.023, 0, 229.69 W, 28, 2032 MHz, 3996 MHz, 0 %, 0 %
2026/03/24 01:53:36.023, 1, 234.19 W, 30, 2032 MHz, 3996 MHz, 0 %, 0 %
2026/03/24 01:53:36.023, 2, 234.40 W, 28, 2032 MHz, 3996 MHz, 0 %, 0 %
2026/03/24 01:53:36.023, 3, 235.15 W, 31, 2032 MHz, 3996 MHz, 0 %, 0 %
2026/03/24 01:53:36.023, 4, 179.85 W, 25, 120 MHz, 3996 MHz, 0 %, 0 %
2026/03/24 01:53:36.023, 5, 181.13 W, 28, 120 MHz, 3996 MHz, 0 %, 0 %
2026/03/24 01:53:36.023, 6, 178.64 W, 26, 120 MHz, 3996 MHz, 0 %, 0 %
2026/03/24 01:53:36.023, 7, 176.77 W, 27, 120 MHz, 3996 MHz, 0 %, 0 %
2026/03/24 01:53:37.023, 0, 229.62 W, 28, 2032 MHz, 3996 MHz, 0 %, 0 %
2026/03/24 01:53:37.023, 1, 234.49 W, 30, 2032 MHz, 3996 MHz, 0 %, 0 %
2026/03/24 01:53:37.023, 2, 234.15 W, 28, 2032 MHz, 3996 MHz, 0 %, 0 %
2026/03/24 01:53:37.024, 3, 235.16 W, 31, 2032 MHz, 3996 MHz, 0 %, 0 %
2026/03/24 01:53:37.024, 4, 179.76 W, 25, 120 MHz, 3996 MHz, 0 %, 0 %
2026/03/24 01:53:37.024, 5, 181.05 W, 28, 120 MHz, 3996 MHz, 0 %, 0 %
2026/03/24 01:53:37.024, 6, 178.64 W, 26, 120 MHz, 3996 MHz, 0 %, 0 %
2026/03/24 01:53:37.024, 7, 176.66 W, 27, 120 MHz, 3996 MHz, 0 %, 0 %
2026/03/24 01:53:38.024, 0, 229.59 W, 28, 2032 MHz, 3996 MHz, 0 %, 0 %
2026/03/24 01:53:38.024, 1, 234.46 W, 30, 2032 MHz, 3996 MHz, 0 %, 0 %
2026/03/24 01:53:38.024, 2, 234.16 W, 28, 2032 MHz, 3996 MHz, 0 %, 0 %
2026/03/24 01:53:38.024, 3, 235.18 W, 31, 2032 MHz, 3996 MHz, 0 %, 0 %
2026/03/24 01:53:38.024, 4, 179.62 W, 25, 120 MHz, 3996 MHz, 0 %, 0 %
2026/03/24 01:53:38.024, 5, 181.27 W, 28, 120 MHz, 3996 MHz, 0 %, 0 %
2026/03/24 01:53:38.024, 6, 178.64 W, 26, 120 MHz, 3996 MHz, 0 %, 0 %
2026/03/24 01:53:38.024, 7, 176.66 W, 27, 120 MHz, 3996 MHz, 0 %, 0 %
2026/03/24 01:53:39.024, 0, 229.62 W, 28, 2032 MHz, 3996 MHz, 0 %, 0 %
2026/03/24 01:53:39.024, 1, 233.85 W, 30, 2032 MHz, 3996 MHz, 0 %, 0 %
2026/03/24 01:53:39.024, 2, 234.04 W, 28, 2032 MHz, 3996 MHz, 0 %, 0 %
2026/03/24 01:53:39.024, 3, 235.13 W, 31, 2032 MHz, 3996 MHz, 0 %, 0 %
2026/03/24 01:53:39.024, 4, 179.66 W, 25, 120 MHz, 3996 MHz, 0 %, 0 %
2026/03/24 01:53:39.024, 5, 181.32 W, 28, 120 MHz, 3996 MHz, 0 %, 0 %
2026/03/24 01:53:39.024, 6, 178.64 W, 26, 120 MHz, 3996 MHz, 0 %, 0 %
2026/03/24 01:53:39.024, 7, 176.70 W, 27, 120 MHz, 3996 MHz, 0 %, 0 %
2026/03/24 01:53:40.024, 0, 229.66 W, 28, 2032 MHz, 3996 MHz, 0 %, 0 %
2026/03/24 01:53:40.024, 1, 233.70 W, 30, 2032 MHz, 3996 MHz, 0 %, 0 %
2026/03/24 01:53:40.024, 2, 234.04 W, 28, 2032 MHz, 3996 MHz, 0 %, 0 %
2026/03/24 01:53:40.024, 3, 235.22 W, 31, 2032 MHz, 3996 MHz, 0 %, 0 %
2026/03/24 01:53:40.024, 4, 179.93 W, 25, 120 MHz, 3996 MHz, 0 %, 0 %
2026/03/24 01:53:40.024, 5, 181.04 W, 28, 120 MHz, 3996 MHz, 0 %, 0 %
2026/03/24 01:53:40.024, 6, 178.64 W, 26, 120 MHz, 3996 MHz, 0 %, 0 %
2026/03/24 01:53:40.024, 7, 176.78 W, 27, 120 MHz, 3996 MHz, 0 %, 0 %
2026/03/24 01:53:41.024, 0, 229.65 W, 28, 2032 MHz, 3996 MHz, 0 %, 0 %
2026/03/24 01:53:41.024, 1, 233.98 W, 30, 2032 MHz, 3996 MHz, 0 %, 0 %
2026/03/24 01:53:41.024, 2, 234.01 W, 28, 2032 MHz, 3996 MHz, 0 %, 0 %
2026/03/24 01:53:41.024, 3, 235.13 W, 31, 2032 MHz, 3996 MHz, 0 %, 0 %
2026/03/24 01:53:41.024, 4, 179.82 W, 25, 120 MHz, 3996 MHz, 0 %, 0 %
2026/03/24 01:53:41.024, 5, 181.09 W, 28, 120 MHz, 3996 MHz, 0 %, 0 %
2026/03/24 01:53:41.024, 6, 178.64 W, 26, 120 MHz, 3996 MHz, 0 %, 0 %
2026/03/24 01:53:41.024, 7, 176.62 W, 27, 120 MHz, 3996 MHz, 0 %, 0 %
2026/03/24 01:53:42.024, 0, 229.73 W, 28, 2032 MHz, 3996 MHz, 0 %, 0 %
2026/03/24 01:53:42.024, 1, 234.19 W, 30, 2032 MHz, 3996 MHz, 0 %, 0 %
2026/03/24 01:53:42.024, 2, 234.07 W, 28, 2032 MHz, 3996 MHz, 0 %, 0 %
2026/03/24 01:53:42.024, 3, 235.15 W, 31, 2032 MHz, 3996 MHz, 0 %, 0 %
2026/03/24 01:53:42.024, 4, 179.76 W, 25, 120 MHz, 3996 MHz, 0 %, 0 %
2026/03/24 01:53:42.024, 5, 181.17 W, 28, 120 MHz, 3996 MHz, 0 %, 0 %
2026/03/24 01:53:42.024, 6, 178.64 W, 26, 120 MHz, 3996 MHz, 0 %, 0 %
2026/03/24 01:53:42.024, 7, 176.59 W, 27, 120 MHz, 3996 MHz, 0 %, 0 %
2026/03/24 01:53:43.024, 0, 229.74 W, 28, 2032 MHz, 3996 MHz, 0 %, 0 %
2026/03/24 01:53:43.024, 1, 234.19 W, 30, 2032 MHz, 3996 MHz, 0 %, 0 %
2026/03/24 01:53:43.024, 2, 234.05 W, 28, 2032 MHz, 3996 MHz, 0 %, 0 %
2026/03/24 01:53:43.024, 3, 235.17 W, 31, 2032 MHz, 3996 MHz, 0 %, 0 %
2026/03/24 01:53:43.025, 4, 180.17 W, 25, 120 MHz, 3996 MHz, 0 %, 0 %
2026/03/24 01:53:43.025, 5, 181.08 W, 28, 120 MHz, 3996 MHz, 0 %, 0 %
2026/03/24 01:53:43.025, 6, 178.64 W, 26, 120 MHz, 3996 MHz, 0 %, 0 %
2026/03/24 01:53:43.025, 7, 176.74 W, 27, 120 MHz, 3996 MHz, 0 %, 0 %
2026/03/24 01:53:44.025, 0, 229.69 W, 28, 2032 MHz, 3996 MHz, 0 %, 0 %
2026/03/24 01:53:44.025, 1, 234.02 W, 30, 2032 MHz, 3996 MHz, 0 %, 0 %
2026/03/24 01:53:44.025, 2, 234.04 W, 28, 2032 MHz, 3996 MHz, 0 %, 0 %
2026/03/24 01:53:44.025, 3, 235.10 W, 30, 2032 MHz, 3996 MHz, 0 %, 0 %
2026/03/24 01:53:44.025, 4, 179.66 W, 25, 120 MHz, 3996 MHz, 0 %, 0 %
2026/03/24 01:53:44.025, 5, 181.19 W, 28, 120 MHz, 3996 MHz, 0 %, 0 %
2026/03/24 01:53:44.025, 6, 178.64 W, 26, 120 MHz, 3996 MHz, 0 %, 0 %
2026/03/24 01:53:44.025, 7, 176.70 W, 27, 120 MHz, 3996 MHz, 0 %, 0 %
2026/03/24 01:53:45.025, 0, 229.74 W, 28, 2032 MHz, 3996 MHz, 0 %, 0 %
2026/03/24 01:53:45.025, 1, 233.62 W, 30, 2032 MHz, 3996 MHz, 0 %, 0 %
2026/03/24 01:53:45.025, 2, 234.02 W, 28, 2032 MHz, 3996 MHz, 0 %, 0 %
2026/03/24 01:53:45.025, 3, 235.14 W, 30, 2032 MHz, 3996 MHz, 0 %, 0 %
2026/03/24 01:53:45.025, 4, 179.79 W, 25, 120 MHz, 3996 MHz, 0 %, 0 %
2026/03/24 01:53:45.025, 5, 181.27 W, 28, 120 MHz, 3996 MHz, 0 %, 0 %
2026/03/24 01:53:45.025, 6, 178.64 W, 26, 120 MHz, 3996 MHz, 0 %, 0 %
2026/03/24 01:53:45.025, 7, 176.66 W, 27, 120 MHz, 3996 MHz, 0 %, 0 %
2026/03/24 01:53:46.025, 0, 229.54 W, 28, 2032 MHz, 3996 MHz, 0 %, 0 %
2026/03/24 01:53:46.025, 1, 233.77 W, 30, 2032 MHz, 3996 MHz, 0 %, 0 %
2026/03/24 01:53:46.025, 2, 234.05 W, 28, 2032 MHz, 3996 MHz, 0 %, 0 %
2026/03/24 01:53:46.025, 3, 235.13 W, 30, 2032 MHz, 3996 MHz, 0 %, 0 %
2026/03/24 01:53:46.025, 4, 179.68 W, 25, 120 MHz, 3996 MHz, 0 %, 0 %
2026/03/24 01:53:46.025, 5, 181.20 W, 28, 120 MHz, 3996 MHz, 0 %, 0 %
2026/03/24 01:53:46.025, 6, 178.64 W, 26, 120 MHz, 3996 MHz, 0 %, 0 %
2026/03/24 01:53:46.025, 7, 176.58 W, 27, 120 MHz, 3996 MHz, 0 %, 0 %
2026/03/24 01:53:47.025, 0, 229.38 W, 28, 2032 MHz, 3996 MHz, 0 %, 0 %
2026/03/24 01:53:47.025, 1, 233.82 W, 30, 2032 MHz, 3996 MHz, 0 %, 0 %
2026/03/24 01:53:47.025, 2, 234.01 W, 28, 2032 MHz, 3996 MHz, 0 %, 0 %
2026/03/24 01:53:47.025, 3, 235.11 W, 30, 2032 MHz, 3996 MHz, 0 %, 0 %
2026/03/24 01:53:47.025, 4, 179.63 W, 25, 120 MHz, 3996 MHz, 0 %, 0 %
2026/03/24 01:53:47.025, 5, 181.12 W, 28, 120 MHz, 3996 MHz, 0 %, 0 %
2026/03/24 01:53:47.025, 6, 178.60 W, 26, 120 MHz, 3996 MHz, 0 %, 0 %
2026/03/24 01:53:47.025, 7, 176.70 W, 27, 120 MHz, 3996 MHz, 0 %, 0 %
2026/03/24 01:53:48.025, 0, 229.36 W, 28, 2032 MHz, 3996 MHz, 0 %, 0 %
2026/03/24 01:53:48.025, 1, 233.74 W, 30, 2032 MHz, 3996 MHz, 0 %, 0 %
2026/03/24 01:53:48.025, 2, 234.02 W, 28, 2032 MHz, 3996 MHz, 0 %, 0 %
2026/03/24 01:53:48.025, 3, 235.14 W, 30, 2032 MHz, 3996 MHz, 0 %, 0 %
2026/03/24 01:53:48.025, 4, 179.80 W, 25, 120 MHz, 3996 MHz, 0 %, 0 %
2026/03/24 01:53:48.025, 5, 181.13 W, 28, 120 MHz, 3996 MHz, 0 %, 0 %
2026/03/24 01:53:48.025, 6, 178.64 W, 26, 120 MHz, 3996 MHz, 0 %, 0 %
2026/03/24 01:53:48.025, 7, 176.58 W, 27, 120 MHz, 3996 MHz, 0 %, 0 %
2026/03/24 01:53:49.025, 0, 229.28 W, 28, 2032 MHz, 3996 MHz, 0 %, 0 %
2026/03/24 01:53:49.026, 1, 233.55 W, 30, 2032 MHz, 3996 MHz, 0 %, 0 %
2026/03/24 01:53:49.026, 2, 234.13 W, 28, 2032 MHz, 3996 MHz, 0 %, 0 %
2026/03/24 01:53:49.026, 3, 235.16 W, 30, 2032 MHz, 3996 MHz, 0 %, 0 %
2026/03/24 01:53:49.026, 4, 179.84 W, 25, 120 MHz, 3996 MHz, 0 %, 0 %
2026/03/24 01:53:49.026, 5, 181.23 W, 28, 120 MHz, 3996 MHz, 0 %, 0 %
2026/03/24 01:53:49.026, 6, 178.64 W, 26, 120 MHz, 3996 MHz, 0 %, 0 %
2026/03/24 01:53:49.026, 7, 176.66 W, 27, 120 MHz, 3996 MHz, 0 %, 0 %
2026/03/24 01:53:50.026, 0, 229.28 W, 28, 2032 MHz, 3996 MHz, 0 %, 0 %
2026/03/24 01:53:50.026, 1, 233.47 W, 30, 2032 MHz, 3996 MHz, 0 %, 0 %
2026/03/24 01:53:50.026, 2, 234.02 W, 28, 2032 MHz, 3996 MHz, 0 %, 0 %
2026/03/24 01:53:50.026, 3, 235.18 W, 30, 2032 MHz, 3996 MHz, 0 %, 0 %
2026/03/24 01:53:50.026, 4, 179.90 W, 25, 120 MHz, 3996 MHz, 0 %, 0 %
2026/03/24 01:53:50.026, 5, 180.96 W, 28, 120 MHz, 3996 MHz, 0 %, 0 %
2026/03/24 01:53:50.026, 6, 178.64 W, 26, 120 MHz, 3996 MHz, 0 %, 0 %
2026/03/24 01:53:50.026, 7, 176.62 W, 27, 120 MHz, 3996 MHz, 0 %, 0 %
2026/03/24 01:53:51.026, 0, 229.42 W, 28, 2032 MHz, 3996 MHz, 0 %, 0 %
2026/03/24 01:53:51.026, 1, 233.43 W, 30, 2032 MHz, 3996 MHz, 0 %, 0 %
2026/03/24 01:53:51.026, 2, 234.02 W, 28, 2032 MHz, 3996 MHz, 0 %, 0 %
2026/03/24 01:53:51.026, 3, 235.15 W, 30, 2032 MHz, 3996 MHz, 0 %, 0 %
2026/03/24 01:53:51.026, 4, 179.93 W, 25, 120 MHz, 3996 MHz, 0 %, 0 %
2026/03/24 01:53:51.026, 5, 181.01 W, 28, 120 MHz, 3996 MHz, 0 %, 0 %
2026/03/24 01:53:51.026, 6, 178.64 W, 26, 120 MHz, 3996 MHz, 0 %, 0 %
2026/03/24 01:53:51.026, 7, 176.66 W, 27, 120 MHz, 3996 MHz, 0 %, 0 %
2026/03/24 01:53:52.026, 0, 229.42 W, 28, 2032 MHz, 3996 MHz, 0 %, 0 %
2026/03/24 01:53:52.026, 1, 233.32 W, 30, 2032 MHz, 3996 MHz, 0 %, 0 %
2026/03/24 01:53:52.026, 2, 234.02 W, 28, 2032 MHz, 3996 MHz, 0 %, 0 %
2026/03/24 01:53:52.026, 3, 235.17 W, 30, 2032 MHz, 3996 MHz, 0 %, 0 %
2026/03/24 01:53:52.026, 4, 179.78 W, 25, 120 MHz, 3996 MHz, 0 %, 0 %
2026/03/24 01:53:52.026, 5, 181.09 W, 28, 120 MHz, 3996 MHz, 0 %, 0 %
2026/03/24 01:53:52.026, 6, 178.64 W, 26, 120 MHz, 3996 MHz, 0 %, 0 %
2026/03/24 01:53:52.026, 7, 176.62 W, 27, 120 MHz, 3996 MHz, 0 %, 0 %
2026/03/24 01:53:53.026, 0, 232.92 W, 28, 2032 MHz, 3996 MHz, 0 %, 0 %
2026/03/24 01:53:53.026, 1, 236.84 W, 30, 2032 MHz, 3996 MHz, 0 %, 0 %
2026/03/24 01:53:53.026, 2, 238.43 W, 28, 2032 MHz, 3996 MHz, 0 %, 0 %
2026/03/24 01:53:53.026, 3, 237.81 W, 30, 2032 MHz, 3996 MHz, 0 %, 0 %
2026/03/24 01:53:53.026, 4, 179.74 W, 25, 120 MHz, 3996 MHz, 0 %, 0 %
2026/03/24 01:53:53.026, 5, 181.04 W, 28, 120 MHz, 3996 MHz, 0 %, 0 %
2026/03/24 01:53:53.026, 6, 178.60 W, 26, 120 MHz, 3996 MHz, 0 %, 0 %
2026/03/24 01:53:53.026, 7, 176.62 W, 27, 120 MHz, 3996 MHz, 0 %, 0 %
2026/03/24 01:53:54.026, 0, 228.49 W, 28, 2032 MHz, 3996 MHz, 0 %, 0 %
2026/03/24 01:53:54.026, 1, 233.16 W, 30, 2032 MHz, 3996 MHz, 0 %, 0 %
2026/03/24 01:53:54.026, 2, 234.01 W, 28, 2032 MHz, 3996 MHz, 0 %, 0 %
2026/03/24 01:53:54.026, 3, 234.85 W, 30, 2032 MHz, 3996 MHz, 0 %, 0 %
2026/03/24 01:53:54.026, 4, 179.81 W, 25, 120 MHz, 3996 MHz, 0 %, 0 %
2026/03/24 01:53:54.026, 5, 181.12 W, 28, 120 MHz, 3996 MHz, 0 %, 0 %
2026/03/24 01:53:54.026, 6, 178.64 W, 26, 120 MHz, 3996 MHz, 0 %, 0 %
2026/03/24 01:53:54.026, 7, 176.66 W, 27, 120 MHz, 3996 MHz, 0 %, 0 %
2026/03/24 01:53:55.026, 0, 228.46 W, 28, 2032 MHz, 3996 MHz, 0 %, 0 %
2026/03/24 01:53:55.027, 1, 233.16 W, 30, 2032 MHz, 3996 MHz, 0 %, 0 %
2026/03/24 01:53:55.027, 2, 234.02 W, 27, 2032 MHz, 3996 MHz, 0 %, 0 %
2026/03/24 01:53:55.027, 3, 234.84 W, 30, 2032 MHz, 3996 MHz, 0 %, 0 %
2026/03/24 01:53:55.027, 4, 179.74 W, 25, 120 MHz, 3996 MHz, 0 %, 0 %
2026/03/24 01:53:55.027, 5, 180.93 W, 28, 120 MHz, 3996 MHz, 0 %, 0 %
2026/03/24 01:53:55.027, 6, 178.64 W, 26, 120 MHz, 3996 MHz, 0 %, 0 %
2026/03/24 01:53:55.027, 7, 176.58 W, 27, 120 MHz, 3996 MHz, 0 %, 0 %
2026/03/24 01:53:56.027, 0, 228.41 W, 28, 2032 MHz, 3996 MHz, 0 %, 0 %
2026/03/24 01:53:56.027, 1, 233.16 W, 30, 2032 MHz, 3996 MHz, 0 %, 0 %
2026/03/24 01:53:56.027, 2, 234.00 W, 27, 2032 MHz, 3996 MHz, 0 %, 0 %
2026/03/24 01:53:56.027, 3, 234.38 W, 30, 2032 MHz, 3996 MHz, 0 %, 0 %
2026/03/24 01:53:56.027, 4, 179.84 W, 25, 120 MHz, 3996 MHz, 0 %, 0 %
2026/03/24 01:53:56.027, 5, 181.28 W, 28, 120 MHz, 3996 MHz, 0 %, 0 %
2026/03/24 01:53:56.027, 6, 178.60 W, 26, 120 MHz, 3996 MHz, 0 %, 0 %
2026/03/24 01:53:56.027, 7, 176.66 W, 27, 120 MHz, 3996 MHz, 0 %, 0 %
2026/03/24 01:53:57.027, 0, 228.30 W, 28, 2032 MHz, 3996 MHz, 0 %, 0 %
2026/03/24 01:53:57.027, 1, 233.16 W, 30, 2032 MHz, 3996 MHz, 0 %, 0 %
2026/03/24 01:53:57.027, 2, 234.01 W, 27, 2032 MHz, 3996 MHz, 0 %, 0 %
2026/03/24 01:53:57.027, 3, 233.96 W, 30, 2032 MHz, 3996 MHz, 0 %, 0 %
2026/03/24 01:53:57.027, 4, 180.03 W, 25, 120 MHz, 3996 MHz, 0 %, 0 %
2026/03/24 01:53:57.027, 5, 181.12 W, 28, 120 MHz, 3996 MHz, 0 %, 0 %
2026/03/24 01:53:57.027, 6, 178.64 W, 26, 120 MHz, 3996 MHz, 0 %, 0 %
2026/03/24 01:53:57.027, 7, 176.62 W, 27, 120 MHz, 3996 MHz, 0 %, 0 %
2026/03/24 01:53:58.027, 0, 228.22 W, 28, 2032 MHz, 3996 MHz, 0 %, 0 %
2026/03/24 01:53:58.027, 1, 233.16 W, 30, 2032 MHz, 3996 MHz, 0 %, 0 %
2026/03/24 01:53:58.027, 2, 234.01 W, 27, 2032 MHz, 3996 MHz, 0 %, 0 %
2026/03/24 01:53:58.027, 3, 234.15 W, 30, 2032 MHz, 3996 MHz, 0 %, 0 %
2026/03/24 01:53:58.027, 4, 179.97 W, 25, 120 MHz, 3996 MHz, 0 %, 0 %
2026/03/24 01:53:58.027, 5, 181.05 W, 28, 120 MHz, 3996 MHz, 0 %, 0 %
2026/03/24 01:53:58.027, 6, 178.64 W, 26, 120 MHz, 3996 MHz, 0 %, 0 %
2026/03/24 01:53:58.027, 7, 176.66 W, 27, 120 MHz, 3996 MHz, 0 %, 0 %
2026/03/24 01:53:59.027, 0, 229.32 W, 28, 2032 MHz, 3996 MHz, 0 %, 0 %
2026/03/24 01:53:59.027, 1, 233.85 W, 30, 2032 MHz, 3996 MHz, 0 %, 0 %
2026/03/24 01:53:59.027, 2, 234.72 W, 27, 2032 MHz, 3996 MHz, 0 %, 0 %
2026/03/24 01:53:59.027, 3, 234.49 W, 30, 2032 MHz, 3996 MHz, 0 %, 0 %
2026/03/24 01:53:59.027, 4, 179.62 W, 25, 120 MHz, 3996 MHz, 0 %, 0 %
2026/03/24 01:53:59.027, 5, 180.97 W, 28, 120 MHz, 3996 MHz, 0 %, 0 %
2026/03/24 01:53:59.027, 6, 178.64 W, 26, 120 MHz, 3996 MHz, 0 %, 0 %
2026/03/24 01:53:59.027, 7, 176.70 W, 27, 120 MHz, 3996 MHz, 0 %, 0 %
2026/03/24 01:54:00.027, 0, 229.47 W, 28, 2032 MHz, 3996 MHz, 0 %, 0 %
2026/03/24 01:54:00.027, 1, 233.83 W, 30, 2032 MHz, 3996 MHz, 0 %, 0 %
2026/03/24 01:54:00.027, 2, 234.24 W, 27, 2032 MHz, 3996 MHz, 0 %, 0 %
2026/03/24 01:54:00.027, 3, 235.17 W, 30, 2032 MHz, 3996 MHz, 0 %, 0 %
2026/03/24 01:54:00.027, 4, 179.65 W, 25, 120 MHz, 3996 MHz, 0 %, 0 %
2026/03/24 01:54:00.027, 5, 181.00 W, 28, 120 MHz, 3996 MHz, 0 %, 0 %
2026/03/24 01:54:00.027, 6, 178.64 W, 26, 120 MHz, 3996 MHz, 0 %, 0 %
2026/03/24 01:54:00.027, 7, 176.70 W, 27, 120 MHz, 3996 MHz, 0 %, 0 %
2026/03/24 01:54:01.027, 0, 228.92 W, 28, 2032 MHz, 3996 MHz, 0 %, 0 %
2026/03/24 01:54:01.027, 1, 233.51 W, 30, 2032 MHz, 3996 MHz, 0 %, 0 %
2026/03/24 01:54:01.027, 2, 234.18 W, 27, 2032 MHz, 3996 MHz, 0 %, 0 %
2026/03/24 01:54:01.027, 3, 235.17 W, 30, 2032 MHz, 3996 MHz, 0 %, 0 %
2026/03/24 01:54:01.027, 4, 179.60 W, 25, 120 MHz, 3996 MHz, 0 %, 0 %
2026/03/24 01:54:01.028, 5, 181.23 W, 28, 120 MHz, 3996 MHz, 0 %, 0 %
2026/03/24 01:54:01.028, 6, 178.64 W, 26, 120 MHz, 3996 MHz, 0 %, 0 %
2026/03/24 01:54:01.028, 7, 176.66 W, 27, 120 MHz, 3996 MHz, 0 %, 0 %
2026/03/24 01:54:02.028, 0, 228.84 W, 28, 2032 MHz, 3996 MHz, 0 %, 0 %
2026/03/24 01:54:02.028, 1, 233.55 W, 30, 2032 MHz, 3996 MHz, 0 %, 0 %
2026/03/24 01:54:02.028, 2, 233.98 W, 27, 2032 MHz, 3996 MHz, 0 %, 0 %
2026/03/24 01:54:02.028, 3, 235.13 W, 30, 2032 MHz, 3996 MHz, 0 %, 0 %
2026/03/24 01:54:02.028, 4, 179.72 W, 25, 120 MHz, 3996 MHz, 0 %, 0 %
2026/03/24 01:54:02.028, 5, 181.38 W, 28, 120 MHz, 3996 MHz, 0 %, 0 %
2026/03/24 01:54:02.028, 6, 178.64 W, 26, 120 MHz, 3996 MHz, 0 %, 0 %
2026/03/24 01:54:02.028, 7, 176.66 W, 27, 120 MHz, 3996 MHz, 0 %, 0 %
2026/03/24 01:54:03.028, 0, 228.60 W, 28, 2032 MHz, 3996 MHz, 0 %, 0 %
2026/03/24 01:54:03.028, 1, 233.32 W, 30, 2032 MHz, 3996 MHz, 0 %, 0 %
2026/03/24 01:54:03.028, 2, 233.99 W, 27, 2032 MHz, 3996 MHz, 0 %, 0 %
2026/03/24 01:54:03.028, 3, 234.76 W, 30, 2032 MHz, 3996 MHz, 0 %, 0 %
2026/03/24 01:54:03.028, 4, 179.84 W, 25, 120 MHz, 3996 MHz, 0 %, 0 %
2026/03/24 01:54:03.028, 5, 181.05 W, 28, 120 MHz, 3996 MHz, 0 %, 0 %
2026/03/24 01:54:03.028, 6, 178.64 W, 26, 120 MHz, 3996 MHz, 0 %, 0 %
2026/03/24 01:54:03.028, 7, 176.58 W, 27, 120 MHz, 3996 MHz, 0 %, 0 %
2026/03/24 01:54:04.028, 0, 229.21 W, 28, 2032 MHz, 3996 MHz, 0 %, 0 %
2026/03/24 01:54:04.028, 1, 233.17 W, 30, 2032 MHz, 3996 MHz, 0 %, 0 %
2026/03/24 01:54:04.028, 2, 233.99 W, 27, 2032 MHz, 3996 MHz, 0 %, 0 %
2026/03/24 01:54:04.028, 3, 235.15 W, 30, 2032 MHz, 3996 MHz, 0 %, 0 %
2026/03/24 01:54:04.028, 4, 179.83 W, 25, 120 MHz, 3996 MHz, 0 %, 0 %
2026/03/24 01:54:04.028, 5, 181.15 W, 28, 120 MHz, 3996 MHz, 0 %, 0 %
2026/03/24 01:54:04.028, 6, 178.64 W, 26, 120 MHz, 3996 MHz, 0 %, 0 %
2026/03/24 01:54:04.028, 7, 176.70 W, 27, 120 MHz, 3996 MHz, 0 %, 0 %
2026/03/24 01:54:05.028, 0, 262.22 W, 28, 2032 MHz, 3996 MHz, 40 %, 2 %
2026/03/24 01:54:05.028, 1, 264.71 W, 30, 2032 MHz, 3996 MHz, 0 %, 0 %
2026/03/24 01:54:05.028, 2, 267.30 W, 28, 2032 MHz, 3996 MHz, 0 %, 0 %
2026/03/24 01:54:05.028, 3, 264.06 W, 31, 2032 MHz, 3996 MHz, 0 %, 0 %
2026/03/24 01:54:05.028, 4, 179.99 W, 25, 120 MHz, 3996 MHz, 0 %, 0 %
2026/03/24 01:54:05.028, 5, 181.01 W, 28, 120 MHz, 3996 MHz, 0 %, 0 %
2026/03/24 01:54:05.028, 6, 178.64 W, 26, 120 MHz, 3996 MHz, 0 %, 0 %
2026/03/24 01:54:05.028, 7, 176.74 W, 27, 120 MHz, 3996 MHz, 0 %, 0 %
2026/03/24 01:54:06.028, 0, 228.68 W, 28, 2032 MHz, 3996 MHz, 0 %, 0 %
2026/03/24 01:54:06.028, 1, 233.51 W, 30, 2032 MHz, 3996 MHz, 0 %, 0 %
2026/03/24 01:54:06.028, 2, 234.11 W, 27, 2032 MHz, 3996 MHz, 0 %, 0 %
2026/03/24 01:54:06.028, 3, 236.29 W, 30, 2032 MHz, 3996 MHz, 0 %, 0 %
2026/03/24 01:54:06.028, 4, 179.88 W, 25, 120 MHz, 3996 MHz, 0 %, 0 %
2026/03/24 01:54:06.028, 5, 181.28 W, 28, 120 MHz, 3996 MHz, 0 %, 0 %
2026/03/24 01:54:06.028, 6, 178.60 W, 26, 120 MHz, 3996 MHz, 0 %, 0 %
2026/03/24 01:54:06.028, 7, 176.62 W, 27, 120 MHz, 3996 MHz, 0 %, 0 %
2026/03/24 01:54:07.028, 0, 228.30 W, 28, 2032 MHz, 3996 MHz, 0 %, 0 %
2026/03/24 01:54:07.028, 1, 233.20 W, 30, 2032 MHz, 3996 MHz, 0 %, 0 %
2026/03/24 01:54:07.028, 2, 233.97 W, 27, 2032 MHz, 3996 MHz, 0 %, 0 %
2026/03/24 01:54:07.028, 3, 234.98 W, 30, 2032 MHz, 3996 MHz, 0 %, 0 %
2026/03/24 01:54:07.028, 4, 179.51 W, 25, 120 MHz, 3996 MHz, 0 %, 0 %
2026/03/24 01:54:07.028, 5, 181.09 W, 28, 120 MHz, 3996 MHz, 0 %, 0 %
2026/03/24 01:54:07.029, 6, 178.64 W, 26, 120 MHz, 3996 MHz, 0 %, 0 %
2026/03/24 01:54:07.029, 7, 176.77 W, 27, 120 MHz, 3996 MHz, 0 %, 0 %
2026/03/24 01:54:08.029, 0, 228.11 W, 27, 2032 MHz, 3996 MHz, 0 %, 0 %
2026/03/24 01:54:08.029, 1, 233.16 W, 30, 2032 MHz, 3996 MHz, 0 %, 0 %
2026/03/24 01:54:08.029, 2, 233.99 W, 27, 2032 MHz, 3996 MHz, 0 %, 0 %
2026/03/24 01:54:08.029, 3, 234.77 W, 30, 2032 MHz, 3996 MHz, 0 %, 0 %
2026/03/24 01:54:08.029, 4, 179.57 W, 25, 120 MHz, 3996 MHz, 0 %, 0 %
2026/03/24 01:54:08.029, 5, 181.27 W, 28, 120 MHz, 3996 MHz, 0 %, 0 %
2026/03/24 01:54:08.029, 6, 178.64 W, 26, 120 MHz, 3996 MHz, 0 %, 0 %
2026/03/24 01:54:08.029, 7, 176.66 W, 27, 120 MHz, 3996 MHz, 0 %, 0 %
2026/03/24 01:54:09.029, 0, 228.15 W, 28, 2032 MHz, 3996 MHz, 0 %, 0 %
2026/03/24 01:54:09.029, 1, 233.16 W, 30, 2032 MHz, 3996 MHz, 0 %, 0 %
2026/03/24 01:54:09.029, 2, 234.01 W, 27, 2032 MHz, 3996 MHz, 0 %, 0 %
2026/03/24 01:54:09.029, 3, 234.30 W, 30, 2032 MHz, 3996 MHz, 0 %, 0 %
2026/03/24 01:54:09.029, 4, 179.67 W, 25, 120 MHz, 3996 MHz, 0 %, 0 %
2026/03/24 01:54:09.029, 5, 181.24 W, 28, 120 MHz, 3996 MHz, 0 %, 0 %
2026/03/24 01:54:09.029, 6, 178.64 W, 26, 120 MHz, 3996 MHz, 0 %, 0 %
2026/03/24 01:54:09.029, 7, 176.85 W, 27, 120 MHz, 3996 MHz, 0 %, 0 %
2026/03/24 01:54:10.029, 0, 228.11 W, 27, 2032 MHz, 3996 MHz, 0 %, 0 %
2026/03/24 01:54:10.029, 1, 233.16 W, 30, 2032 MHz, 3996 MHz, 0 %, 0 %
2026/03/24 01:54:10.029, 2, 234.01 W, 27, 2032 MHz, 3996 MHz, 0 %, 0 %
2026/03/24 01:54:10.029, 3, 234.47 W, 30, 2032 MHz, 3996 MHz, 0 %, 0 %
2026/03/24 01:54:10.029, 4, 179.88 W, 25, 120 MHz, 3996 MHz, 0 %, 0 %
2026/03/24 01:54:10.029, 5, 181.15 W, 28, 120 MHz, 3996 MHz, 0 %, 0 %
2026/03/24 01:54:10.029, 6, 178.64 W, 26, 120 MHz, 3996 MHz, 0 %, 0 %
2026/03/24 01:54:10.029, 7, 176.62 W, 27, 120 MHz, 3996 MHz, 0 %, 0 %
2026/03/24 01:54:11.029, 0, 228.68 W, 27, 2032 MHz, 3996 MHz, 0 %, 0 %
2026/03/24 01:54:11.029, 1, 233.39 W, 30, 2032 MHz, 3996 MHz, 0 %, 0 %
2026/03/24 01:54:11.029, 2, 234.19 W, 27, 2032 MHz, 3996 MHz, 0 %, 0 %
2026/03/24 01:54:11.029, 3, 234.38 W, 30, 2032 MHz, 3996 MHz, 0 %, 0 %
2026/03/24 01:54:11.029, 4, 179.80 W, 25, 120 MHz, 3996 MHz, 0 %, 0 %
2026/03/24 01:54:11.029, 5, 181.12 W, 28, 120 MHz, 3996 MHz, 0 %, 0 %
2026/03/24 01:54:11.029, 6, 178.64 W, 26, 120 MHz, 3996 MHz, 0 %, 0 %
2026/03/24 01:54:11.029, 7, 176.70 W, 27, 120 MHz, 3996 MHz, 0 %, 0 %
2026/03/24 01:54:12.029, 0, 228.15 W, 27, 2032 MHz, 3996 MHz, 0 %, 0 %
2026/03/24 01:54:12.029, 1, 233.17 W, 30, 2032 MHz, 3996 MHz, 0 %, 0 %
2026/03/24 01:54:12.029, 2, 234.01 W, 27, 2032 MHz, 3996 MHz, 0 %, 0 %
2026/03/24 01:54:12.029, 3, 234.28 W, 30, 2032 MHz, 3996 MHz, 0 %, 0 %
2026/03/24 01:54:12.029, 4, 179.90 W, 25, 120 MHz, 3996 MHz, 0 %, 0 %
2026/03/24 01:54:12.029, 5, 181.13 W, 28, 120 MHz, 3996 MHz, 0 %, 0 %
2026/03/24 01:54:12.029, 6, 178.60 W, 26, 120 MHz, 3996 MHz, 0 %, 0 %
2026/03/24 01:54:12.029, 7, 176.62 W, 27, 120 MHz, 3996 MHz, 0 %, 0 %
2026/03/24 01:54:13.029, 0, 228.11 W, 27, 2032 MHz, 3996 MHz, 0 %, 0 %
2026/03/24 01:54:13.029, 1, 233.17 W, 30, 2032 MHz, 3996 MHz, 0 %, 0 %
2026/03/24 01:54:13.029, 2, 233.98 W, 27, 2032 MHz, 3996 MHz, 0 %, 0 %
2026/03/24 01:54:13.029, 3, 234.20 W, 30, 2032 MHz, 3996 MHz, 0 %, 0 %
2026/03/24 01:54:13.029, 4, 179.21 W, 25, 120 MHz, 3996 MHz, 0 %, 0 %
2026/03/24 01:54:13.029, 5, 181.12 W, 28, 120 MHz, 3996 MHz, 0 %, 0 %
2026/03/24 01:54:13.029, 6, 178.64 W, 26, 120 MHz, 3996 MHz, 0 %, 0 %
2026/03/24 01:54:13.029, 7, 176.74 W, 27, 120 MHz, 3996 MHz, 0 %, 0 %
2026/03/24 01:54:14.030, 0, 228.11 W, 27, 2032 MHz, 3996 MHz, 0 %, 0 %
2026/03/24 01:54:14.030, 1, 233.16 W, 30, 2032 MHz, 3996 MHz, 0 %, 0 %
2026/03/24 01:54:14.030, 2, 234.00 W, 27, 2032 MHz, 3996 MHz, 0 %, 0 %
2026/03/24 01:54:14.030, 3, 233.59 W, 30, 2032 MHz, 3996 MHz, 0 %, 0 %
2026/03/24 01:54:14.030, 4, 179.64 W, 25, 120 MHz, 3996 MHz, 0 %, 0 %
2026/03/24 01:54:14.030, 5, 181.12 W, 28, 120 MHz, 3996 MHz, 0 %, 0 %
2026/03/24 01:54:14.030, 6, 178.64 W, 26, 120 MHz, 3996 MHz, 0 %, 0 %
2026/03/24 01:54:14.030, 7, 176.70 W, 27, 120 MHz, 3996 MHz, 0 %, 0 %
2026/03/24 01:54:15.030, 0, 586.02 W, 34, 2032 MHz, 3996 MHz, 100 %, 23 %
2026/03/24 01:54:15.030, 1, 576.12 W, 36, 2032 MHz, 3996 MHz, 100 %, 23 %
2026/03/24 01:54:15.030, 2, 581.31 W, 34, 2032 MHz, 3996 MHz, 100 %, 23 %
2026/03/24 01:54:15.030, 3, 561.09 W, 36, 2032 MHz, 3996 MHz, 100 %, 23 %
2026/03/24 01:54:15.030, 4, 179.76 W, 25, 120 MHz, 3996 MHz, 0 %, 0 %
2026/03/24 01:54:15.030, 5, 181.09 W, 28, 120 MHz, 3996 MHz, 0 %, 0 %
2026/03/24 01:54:15.030, 6, 178.64 W, 26, 120 MHz, 3996 MHz, 0 %, 0 %
2026/03/24 01:54:15.030, 7, 176.66 W, 27, 120 MHz, 3996 MHz, 0 %, 0 %
2026/03/24 01:54:16.030, 0, 610.63 W, 34, 2032 MHz, 3996 MHz, 100 %, 24 %
2026/03/24 01:54:16.030, 1, 626.46 W, 36, 2032 MHz, 3996 MHz, 100 %, 24 %
2026/03/24 01:54:16.030, 2, 643.18 W, 34, 2032 MHz, 3996 MHz, 100 %, 23 %
2026/03/24 01:54:16.030, 3, 620.79 W, 37, 2032 MHz, 3996 MHz, 100 %, 24 %
2026/03/24 01:54:16.030, 4, 179.74 W, 25, 120 MHz, 3996 MHz, 0 %, 0 %
2026/03/24 01:54:16.030, 5, 181.19 W, 28, 120 MHz, 3996 MHz, 0 %, 0 %
2026/03/24 01:54:16.030, 6, 178.64 W, 26, 120 MHz, 3996 MHz, 0 %, 0 %
2026/03/24 01:54:16.030, 7, 176.58 W, 27, 120 MHz, 3996 MHz, 0 %, 0 %
2026/03/24 01:54:17.030, 0, 616.59 W, 34, 2032 MHz, 3996 MHz, 100 %, 25 %
2026/03/24 01:54:17.030, 1, 628.70 W, 37, 2032 MHz, 3996 MHz, 100 %, 24 %
2026/03/24 01:54:17.030, 2, 645.83 W, 35, 2032 MHz, 3996 MHz, 100 %, 24 %
2026/03/24 01:54:17.030, 3, 622.67 W, 37, 2032 MHz, 3996 MHz, 100 %, 24 %
2026/03/24 01:54:17.030, 4, 179.94 W, 25, 120 MHz, 3996 MHz, 0 %, 0 %
2026/03/24 01:54:17.030, 5, 180.97 W, 28, 120 MHz, 3996 MHz, 0 %, 0 %
2026/03/24 01:54:17.030, 6, 178.64 W, 26, 120 MHz, 3996 MHz, 0 %, 0 %
2026/03/24 01:54:17.030, 7, 176.62 W, 27, 120 MHz, 3996 MHz, 0 %, 0 %
2026/03/24 01:54:18.030, 0, 618.32 W, 35, 2032 MHz, 3996 MHz, 100 %, 25 %
2026/03/24 01:54:18.030, 1, 631.76 W, 37, 2032 MHz, 3996 MHz, 100 %, 25 %
2026/03/24 01:54:18.030, 2, 649.86 W, 35, 2032 MHz, 3996 MHz, 100 %, 25 %
2026/03/24 01:54:18.030, 3, 626.22 W, 37, 2032 MHz, 3996 MHz, 100 %, 24 %
2026/03/24 01:54:18.030, 4, 179.96 W, 25, 120 MHz, 3996 MHz, 0 %, 0 %
2026/03/24 01:54:18.030, 5, 180.93 W, 28, 120 MHz, 3996 MHz, 0 %, 0 %
2026/03/24 01:54:18.030, 6, 178.64 W, 26, 120 MHz, 3996 MHz, 0 %, 0 %
2026/03/24 01:54:18.030, 7, 176.66 W, 27, 120 MHz, 3996 MHz, 0 %, 0 %
2026/03/24 01:54:19.030, 0, 621.54 W, 35, 2032 MHz, 3996 MHz, 100 %, 25 %
2026/03/24 01:54:19.030, 1, 636.23 W, 37, 2032 MHz, 3996 MHz, 100 %, 25 %
2026/03/24 01:54:19.030, 2, 652.77 W, 35, 2032 MHz, 3996 MHz, 100 %, 25 %
2026/03/24 01:54:19.030, 3, 628.70 W, 38, 2032 MHz, 3996 MHz, 100 %, 25 %
2026/03/24 01:54:19.030, 4, 179.82 W, 25, 120 MHz, 3996 MHz, 0 %, 0 %
2026/03/24 01:54:19.030, 5, 181.21 W, 28, 120 MHz, 3996 MHz, 0 %, 0 %
2026/03/24 01:54:19.030, 6, 178.64 W, 26, 120 MHz, 3996 MHz, 0 %, 0 %
2026/03/24 01:54:19.030, 7, 176.62 W, 27, 120 MHz, 3996 MHz, 0 %, 0 %
2026/03/24 01:54:20.031, 0, 624.06 W, 35, 2032 MHz, 3996 MHz, 100 %, 26 %
2026/03/24 01:54:20.031, 1, 637.90 W, 38, 2032 MHz, 3996 MHz, 100 %, 26 %
2026/03/24 01:54:20.031, 2, 656.35 W, 36, 2032 MHz, 3996 MHz, 100 %, 25 %
2026/03/24 01:54:20.031, 3, 634.89 W, 38, 2032 MHz, 3996 MHz, 100 %, 25 %
2026/03/24 01:54:20.031, 4, 179.93 W, 25, 120 MHz, 3996 MHz, 0 %, 0 %
2026/03/24 01:54:20.031, 5, 181.20 W, 28, 120 MHz, 3996 MHz, 0 %, 0 %
2026/03/24 01:54:20.031, 6, 178.60 W, 26, 120 MHz, 3996 MHz, 0 %, 0 %
2026/03/24 01:54:20.031, 7, 176.74 W, 27, 120 MHz, 3996 MHz, 0 %, 0 %
2026/03/24 01:54:21.031, 0, 627.97 W, 35, 2032 MHz, 3996 MHz, 100 %, 26 %
2026/03/24 01:54:21.031, 1, 641.36 W, 38, 2032 MHz, 3996 MHz, 100 %, 26 %
2026/03/24 01:54:21.031, 2, 657.50 W, 36, 2032 MHz, 3996 MHz, 100 %, 26 %
2026/03/24 01:54:21.031, 3, 635.15 W, 38, 2032 MHz, 3996 MHz, 100 %, 26 %
2026/03/24 01:54:21.031, 4, 179.69 W, 25, 120 MHz, 3996 MHz, 0 %, 0 %
2026/03/24 01:54:21.031, 5, 181.04 W, 28, 120 MHz, 3996 MHz, 0 %, 0 %
2026/03/24 01:54:21.031, 6, 178.64 W, 26, 120 MHz, 3996 MHz, 0 %, 0 %
2026/03/24 01:54:21.031, 7, 176.70 W, 27, 120 MHz, 3996 MHz, 0 %, 0 %
2026/03/24 01:54:22.031, 0, 631.96 W, 36, 2032 MHz, 3996 MHz, 100 %, 26 %
2026/03/24 01:54:22.031, 1, 644.06 W, 38, 2032 MHz, 3996 MHz, 100 %, 27 %
2026/03/24 01:54:22.031, 2, 661.24 W, 36, 2032 MHz, 3996 MHz, 100 %, 26 %
2026/03/24 01:54:22.031, 3, 638.66 W, 38, 2032 MHz, 3996 MHz, 100 %, 26 %
2026/03/24 01:54:22.031, 4, 179.65 W, 25, 120 MHz, 3996 MHz, 0 %, 0 %
2026/03/24 01:54:22.031, 5, 180.89 W, 28, 120 MHz, 3996 MHz, 0 %, 0 %
2026/03/24 01:54:22.031, 6, 178.64 W, 26, 120 MHz, 3996 MHz, 0 %, 0 %
2026/03/24 01:54:22.031, 7, 176.66 W, 27, 120 MHz, 3996 MHz, 0 %, 0 %
2026/03/24 01:54:23.031, 0, 633.33 W, 36, 2032 MHz, 3996 MHz, 100 %, 27 %
2026/03/24 01:54:23.031, 1, 646.95 W, 38, 2032 MHz, 3996 MHz, 100 %, 27 %
2026/03/24 01:54:23.031, 2, 663.69 W, 36, 2032 MHz, 3996 MHz, 100 %, 27 %
2026/03/24 01:54:23.031, 3, 641.09 W, 39, 2032 MHz, 3996 MHz, 100 %, 27 %
2026/03/24 01:54:23.031, 4, 179.36 W, 25, 120 MHz, 3996 MHz, 0 %, 0 %
2026/03/24 01:54:23.031, 5, 181.34 W, 28, 120 MHz, 3996 MHz, 0 %, 0 %
2026/03/24 01:54:23.031, 6, 178.64 W, 26, 120 MHz, 3996 MHz, 0 %, 0 %
2026/03/24 01:54:23.031, 7, 176.74 W, 27, 120 MHz, 3996 MHz, 0 %, 0 %
2026/03/24 01:54:24.031, 0, 636.63 W, 36, 2032 MHz, 3996 MHz, 100 %, 27 %
2026/03/24 01:54:24.031, 1, 649.64 W, 39, 2032 MHz, 3996 MHz, 100 %, 27 %
2026/03/24 01:54:24.031, 2, 666.37 W, 36, 2032 MHz, 3996 MHz, 100 %, 27 %
2026/03/24 01:54:24.031, 3, 644.93 W, 39, 2032 MHz, 3996 MHz, 100 %, 27 %
2026/03/24 01:54:24.031, 4, 179.70 W, 25, 120 MHz, 3996 MHz, 0 %, 0 %
2026/03/24 01:54:24.031, 5, 180.97 W, 28, 120 MHz, 3996 MHz, 0 %, 0 %
2026/03/24 01:54:24.031, 6, 178.64 W, 26, 120 MHz, 3996 MHz, 0 %, 0 %
2026/03/24 01:54:24.031, 7, 176.66 W, 27, 120 MHz, 3996 MHz, 0 %, 0 %
2026/03/24 01:54:25.031, 0, 638.98 W, 36, 2032 MHz, 3996 MHz, 100 %, 27 %
2026/03/24 01:54:25.031, 1, 655.01 W, 39, 2032 MHz, 3996 MHz, 100 %, 27 %
2026/03/24 01:54:25.031, 2, 670.58 W, 37, 2032 MHz, 3996 MHz, 100 %, 28 %
2026/03/24 01:54:25.031, 3, 647.96 W, 39, 2032 MHz, 3996 MHz, 100 %, 27 %
2026/03/24 01:54:25.031, 4, 179.73 W, 25, 120 MHz, 3996 MHz, 0 %, 0 %
2026/03/24 01:54:25.031, 5, 181.12 W, 28, 120 MHz, 3996 MHz, 0 %, 0 %
2026/03/24 01:54:25.031, 6, 178.64 W, 26, 120 MHz, 3996 MHz, 0 %, 0 %
2026/03/24 01:54:25.031, 7, 176.62 W, 27, 120 MHz, 3996 MHz, 0 %, 0 %
2026/03/24 01:54:26.032, 0, 631.81 W, 35, 2032 MHz, 3996 MHz, 100 %, 28 %
2026/03/24 01:54:26.032, 1, 656.30 W, 39, 2032 MHz, 3996 MHz, 100 %, 28 %
2026/03/24 01:54:26.032, 2, 673.99 W, 37, 2032 MHz, 3996 MHz, 100 %, 28 %
2026/03/24 01:54:26.032, 3, 649.26 W, 39, 2032 MHz, 3996 MHz, 100 %, 28 %
2026/03/24 01:54:26.032, 4, 179.63 W, 25, 120 MHz, 3996 MHz, 0 %, 0 %
2026/03/24 01:54:26.032, 5, 181.19 W, 28, 120 MHz, 3996 MHz, 0 %, 0 %
2026/03/24 01:54:26.032, 6, 178.63 W, 26, 120 MHz, 3996 MHz, 0 %, 0 %
2026/03/24 01:54:26.032, 7, 176.66 W, 27, 120 MHz, 3996 MHz, 0 %, 0 %
2026/03/24 01:54:27.032, 0, 232.80 W, 30, 2032 MHz, 3996 MHz, 0 %, 0 %
2026/03/24 01:54:27.032, 1, 249.92 W, 33, 2032 MHz, 3996 MHz, 0 %, 0 %
2026/03/24 01:54:27.032, 2, 251.93 W, 30, 2032 MHz, 3996 MHz, 0 %, 0 %
2026/03/24 01:54:27.032, 3, 271.11 W, 33, 2032 MHz, 3996 MHz, 0 %, 0 %
2026/03/24 01:54:27.032, 4, 179.63 W, 25, 120 MHz, 3996 MHz, 0 %, 0 %
2026/03/24 01:54:27.032, 5, 181.13 W, 28, 120 MHz, 3996 MHz, 0 %, 0 %
2026/03/24 01:54:27.032, 6, 178.64 W, 26, 120 MHz, 3996 MHz, 0 %, 0 %
2026/03/24 01:54:27.032, 7, 176.62 W, 27, 120 MHz, 3996 MHz, 0 %, 0 %
2026/03/24 01:54:28.032, 0, 317.18 W, 35, 2032 MHz, 3996 MHz, 85 %, 11 %
2026/03/24 01:54:28.032, 1, 301.77 W, 34, 2032 MHz, 3996 MHz, 87 %, 18 %
2026/03/24 01:54:28.032, 2, 300.66 W, 32, 2032 MHz, 3996 MHz, 92 %, 17 %
2026/03/24 01:54:28.032, 3, 270.86 W, 34, 2032 MHz, 3996 MHz, 68 %, 18 %
2026/03/24 01:54:28.032, 4, 179.91 W, 25, 120 MHz, 3996 MHz, 0 %, 0 %
2026/03/24 01:54:28.032, 5, 181.15 W, 28, 120 MHz, 3996 MHz, 0 %, 0 %
2026/03/24 01:54:28.032, 6, 178.64 W, 26, 120 MHz, 3996 MHz, 0 %, 0 %
2026/03/24 01:54:28.032, 7, 176.66 W, 27, 120 MHz, 3996 MHz, 0 %, 0 %
2026/03/24 01:54:29.032, 0, 564.32 W, 36, 2032 MHz, 3996 MHz, 100 %, 33 %
2026/03/24 01:54:29.032, 1, 576.31 W, 38, 2032 MHz, 3996 MHz, 100 %, 33 %
2026/03/24 01:54:29.032, 2, 586.49 W, 36, 2032 MHz, 3996 MHz, 100 %, 33 %
2026/03/24 01:54:29.032, 3, 500.77 W, 38, 2032 MHz, 3996 MHz, 100 %, 33 %
2026/03/24 01:54:29.032, 4, 179.72 W, 25, 120 MHz, 3996 MHz, 0 %, 0 %
2026/03/24 01:54:29.032, 5, 181.13 W, 28, 120 MHz, 3996 MHz, 0 %, 0 %
2026/03/24 01:54:29.032, 6, 178.64 W, 26, 120 MHz, 3996 MHz, 0 %, 0 %
2026/03/24 01:54:29.032, 7, 176.66 W, 27, 120 MHz, 3996 MHz, 0 %, 0 %
2026/03/24 01:54:30.032, 0, 661.95 W, 37, 2032 MHz, 3996 MHz, 100 %, 34 %
2026/03/24 01:54:30.032, 1, 678.67 W, 39, 2032 MHz, 3996 MHz, 100 %, 35 %
2026/03/24 01:54:30.032, 2, 701.94 W, 37, 2032 MHz, 3996 MHz, 100 %, 34 %
2026/03/24 01:54:30.032, 3, 671.55 W, 39, 2032 MHz, 3996 MHz, 100 %, 34 %
2026/03/24 01:54:30.032, 4, 179.73 W, 25, 120 MHz, 3996 MHz, 0 %, 0 %
2026/03/24 01:54:30.032, 5, 181.20 W, 28, 120 MHz, 3996 MHz, 0 %, 0 %
2026/03/24 01:54:30.032, 6, 178.64 W, 26, 120 MHz, 3996 MHz, 0 %, 0 %
2026/03/24 01:54:30.032, 7, 176.62 W, 27, 120 MHz, 3996 MHz, 0 %, 0 %
2026/03/24 01:54:31.032, 0, 665.46 W, 37, 2032 MHz, 3996 MHz, 100 %, 35 %
2026/03/24 01:54:31.032, 1, 682.43 W, 39, 2032 MHz, 3996 MHz, 100 %, 35 %
2026/03/24 01:54:31.032, 2, 707.16 W, 37, 2032 MHz, 3996 MHz, 100 %, 36 %
2026/03/24 01:54:31.032, 3, 676.35 W, 40, 2032 MHz, 3996 MHz, 100 %, 35 %
2026/03/24 01:54:31.032, 4, 179.76 W, 25, 120 MHz, 3996 MHz, 0 %, 0 %
2026/03/24 01:54:31.032, 5, 181.00 W, 28, 120 MHz, 3996 MHz, 0 %, 0 %
2026/03/24 01:54:31.032, 6, 178.64 W, 26, 120 MHz, 3996 MHz, 0 %, 0 %
2026/03/24 01:54:31.032, 7, 176.62 W, 27, 120 MHz, 3996 MHz, 0 %, 0 %
2026/03/24 01:54:32.032, 0, 669.37 W, 37, 2032 MHz, 3996 MHz, 100 %, 35 %
2026/03/24 01:54:32.032, 1, 685.87 W, 40, 2032 MHz, 3996 MHz, 100 %, 36 %
2026/03/24 01:54:32.033, 2, 709.11 W, 38, 2032 MHz, 3996 MHz, 100 %, 35 %
2026/03/24 01:54:32.033, 3, 680.47 W, 40, 2032 MHz, 3996 MHz, 100 %, 35 %
2026/03/24 01:54:32.033, 4, 179.68 W, 25, 120 MHz, 3996 MHz, 0 %, 0 %
2026/03/24 01:54:32.033, 5, 181.04 W, 28, 120 MHz, 3996 MHz, 0 %, 0 %
2026/03/24 01:54:32.033, 6, 178.64 W, 26, 120 MHz, 3996 MHz, 0 %, 0 %
2026/03/24 01:54:32.033, 7, 176.74 W, 27, 120 MHz, 3996 MHz, 0 %, 0 %
2026/03/24 01:54:33.033, 0, 668.33 W, 37, 2032 MHz, 3996 MHz, 100 %, 35 %
2026/03/24 01:54:33.033, 1, 689.83 W, 40, 2032 MHz, 3996 MHz, 100 %, 36 %
2026/03/24 01:54:33.033, 2, 710.32 W, 38, 2032 MHz, 3996 MHz, 100 %, 36 %
2026/03/24 01:54:33.033, 3, 682.71 W, 40, 2032 MHz, 3996 MHz, 100 %, 36 %
2026/03/24 01:54:33.033, 4, 179.65 W, 25, 120 MHz, 3996 MHz, 0 %, 0 %
2026/03/24 01:54:33.033, 5, 180.89 W, 28, 120 MHz, 3996 MHz, 0 %, 0 %
2026/03/24 01:54:33.033, 6, 178.64 W, 26, 120 MHz, 3996 MHz, 0 %, 0 %
2026/03/24 01:54:33.033, 7, 176.58 W, 27, 120 MHz, 3996 MHz, 0 %, 0 %
2026/03/24 01:54:34.033, 0, 673.71 W, 37, 2032 MHz, 3996 MHz, 100 %, 36 %
2026/03/24 01:54:34.033, 1, 693.49 W, 40, 2032 MHz, 3996 MHz, 100 %, 37 %
2026/03/24 01:54:34.033, 2, 713.16 W, 38, 2032 MHz, 3996 MHz, 100 %, 36 %
2026/03/24 01:54:34.033, 3, 687.38 W, 40, 2032 MHz, 3996 MHz, 100 %, 36 %
2026/03/24 01:54:34.033, 4, 179.70 W, 25, 120 MHz, 3996 MHz, 0 %, 0 %
2026/03/24 01:54:34.033, 5, 181.52 W, 28, 120 MHz, 3996 MHz, 0 %, 0 %
2026/03/24 01:54:34.033, 6, 178.64 W, 26, 120 MHz, 3996 MHz, 0 %, 0 %
2026/03/24 01:54:34.033, 7, 176.58 W, 27, 120 MHz, 3996 MHz, 0 %, 0 %
2026/03/24 01:54:35.033, 0, 678.87 W, 38, 2032 MHz, 3996 MHz, 100 %, 36 %
2026/03/24 01:54:35.033, 1, 694.88 W, 40, 2032 MHz, 3996 MHz, 100 %, 37 %
2026/03/24 01:54:35.033, 2, 715.18 W, 38, 2032 MHz, 3996 MHz, 100 %, 36 %
2026/03/24 01:54:35.033, 3, 687.98 W, 41, 2032 MHz, 3996 MHz, 100 %, 36 %
2026/03/24 01:54:35.033, 4, 179.70 W, 25, 120 MHz, 3996 MHz, 0 %, 0 %
2026/03/24 01:54:35.033, 5, 181.24 W, 28, 120 MHz, 3996 MHz, 0 %, 0 %
2026/03/24 01:54:35.033, 6, 178.64 W, 26, 120 MHz, 3996 MHz, 0 %, 0 %
2026/03/24 01:54:35.033, 7, 176.66 W, 27, 120 MHz, 3996 MHz, 0 %, 0 %
2026/03/24 01:54:36.033, 0, 678.68 W, 38, 2032 MHz, 3996 MHz, 100 %, 36 %
2026/03/24 01:54:36.033, 1, 698.22 W, 41, 2032 MHz, 3996 MHz, 100 %, 37 %
2026/03/24 01:54:36.033, 2, 714.89 W, 38, 2032 MHz, 3996 MHz, 100 %, 36 %
2026/03/24 01:54:36.033, 3, 690.72 W, 41, 2032 MHz, 3996 MHz, 100 %, 37 %
2026/03/24 01:54:36.033, 4, 179.63 W, 25, 120 MHz, 3996 MHz, 0 %, 0 %
2026/03/24 01:54:36.033, 5, 181.57 W, 28, 120 MHz, 3996 MHz, 0 %, 0 %
2026/03/24 01:54:36.033, 6, 178.64 W, 26, 120 MHz, 3996 MHz, 0 %, 0 %
2026/03/24 01:54:36.033, 7, 176.62 W, 27, 120 MHz, 3996 MHz, 0 %, 0 %
2026/03/24 01:54:37.033, 0, 680.91 W, 38, 2032 MHz, 3996 MHz, 100 %, 36 %
2026/03/24 01:54:37.033, 1, 700.13 W, 41, 2032 MHz, 3996 MHz, 100 %, 37 %
2026/03/24 01:54:37.033, 2, 718.21 W, 39, 2032 MHz, 3996 MHz, 100 %, 37 %
2026/03/24 01:54:37.033, 3, 692.63 W, 41, 2032 MHz, 3996 MHz, 100 %, 37 %
2026/03/24 01:54:37.033, 4, 179.84 W, 25, 120 MHz, 3996 MHz, 0 %, 0 %
2026/03/24 01:54:37.033, 5, 181.40 W, 28, 120 MHz, 3996 MHz, 0 %, 0 %
2026/03/24 01:54:37.033, 6, 178.64 W, 26, 120 MHz, 3996 MHz, 0 %, 0 %
2026/03/24 01:54:37.033, 7, 176.66 W, 27, 120 MHz, 3996 MHz, 0 %, 0 %
2026/03/24 01:54:38.033, 0, 682.01 W, 38, 2032 MHz, 3996 MHz, 100 %, 36 %
2026/03/24 01:54:38.033, 1, 703.11 W, 41, 2032 MHz, 3996 MHz, 100 %, 38 %
2026/03/24 01:54:38.033, 2, 720.70 W, 39, 2032 MHz, 3996 MHz, 100 %, 37 %
2026/03/24 01:54:38.033, 3, 694.80 W, 41, 2032 MHz, 3996 MHz, 100 %, 37 %
2026/03/24 01:54:38.033, 4, 179.98 W, 25, 120 MHz, 3996 MHz, 0 %, 0 %
2026/03/24 01:54:38.033, 5, 181.12 W, 28, 120 MHz, 3996 MHz, 0 %, 0 %
2026/03/24 01:54:38.033, 6, 178.64 W, 26, 120 MHz, 3996 MHz, 0 %, 0 %
2026/03/24 01:54:38.033, 7, 176.70 W, 27, 120 MHz, 3996 MHz, 0 %, 0 %
2026/03/24 01:54:39.034, 0, 684.55 W, 38, 2032 MHz, 3996 MHz, 100 %, 37 %
2026/03/24 01:54:39.034, 1, 704.26 W, 41, 2032 MHz, 3996 MHz, 100 %, 38 %
2026/03/24 01:54:39.034, 2, 720.96 W, 39, 2032 MHz, 3996 MHz, 100 %, 37 %
2026/03/24 01:54:39.034, 3, 696.18 W, 41, 2032 MHz, 3996 MHz, 100 %, 37 %
2026/03/24 01:54:39.034, 4, 179.84 W, 25, 120 MHz, 3996 MHz, 0 %, 0 %
2026/03/24 01:54:39.034, 5, 181.15 W, 28, 120 MHz, 3996 MHz, 0 %, 0 %
2026/03/24 01:54:39.034, 6, 178.64 W, 26, 120 MHz, 3996 MHz, 0 %, 0 %
2026/03/24 01:54:39.034, 7, 176.70 W, 27, 120 MHz, 3996 MHz, 0 %, 0 %
2026/03/24 01:54:40.034, 0, 688.49 W, 39, 2032 MHz, 3996 MHz, 100 %, 37 %
2026/03/24 01:54:40.034, 1, 706.74 W, 41, 2032 MHz, 3996 MHz, 100 %, 38 %
2026/03/24 01:54:40.034, 2, 723.59 W, 39, 2032 MHz, 3996 MHz, 100 %, 37 %
2026/03/24 01:54:40.034, 3, 700.03 W, 42, 2032 MHz, 3996 MHz, 100 %, 38 %
2026/03/24 01:54:40.034, 4, 179.73 W, 25, 120 MHz, 3996 MHz, 0 %, 0 %
2026/03/24 01:54:40.034, 5, 181.32 W, 28, 120 MHz, 3996 MHz, 0 %, 0 %
2026/03/24 01:54:40.034, 6, 178.64 W, 26, 120 MHz, 3996 MHz, 0 %, 0 %
2026/03/24 01:54:40.034, 7, 176.74 W, 27, 120 MHz, 3996 MHz, 0 %, 0 %
2026/03/24 01:54:41.034, 0, 688.80 W, 39, 2032 MHz, 3996 MHz, 100 %, 37 %
2026/03/24 01:54:41.034, 1, 709.04 W, 41, 2032 MHz, 3996 MHz, 100 %, 38 %
2026/03/24 01:54:41.034, 2, 726.44 W, 39, 2032 MHz, 3996 MHz, 100 %, 38 %
2026/03/24 01:54:41.034, 3, 700.91 W, 42, 2032 MHz, 3996 MHz, 100 %, 38 %
2026/03/24 01:54:41.034, 4, 179.84 W, 25, 120 MHz, 3996 MHz, 0 %, 0 %
2026/03/24 01:54:41.034, 5, 181.17 W, 28, 120 MHz, 3996 MHz, 0 %, 0 %
2026/03/24 01:54:41.034, 6, 178.64 W, 26, 120 MHz, 3996 MHz, 0 %, 0 %
2026/03/24 01:54:41.034, 7, 176.58 W, 27, 120 MHz, 3996 MHz, 0 %, 0 %
2026/03/24 01:54:42.034, 0, 658.38 W, 41, 2032 MHz, 3996 MHz, 100 %, 30 %
2026/03/24 01:54:42.034, 1, 670.67 W, 44, 2032 MHz, 3996 MHz, 97 %, 41 %
2026/03/24 01:54:42.034, 2, 684.39 W, 42, 2032 MHz, 3996 MHz, 97 %, 41 %
2026/03/24 01:54:42.034, 3, 679.20 W, 45, 2032 MHz, 3996 MHz, 94 %, 40 %
2026/03/24 01:54:42.034, 4, 179.75 W, 25, 120 MHz, 3996 MHz, 0 %, 0 %
2026/03/24 01:54:42.034, 5, 181.27 W, 28, 120 MHz, 3996 MHz, 0 %, 0 %
2026/03/24 01:54:42.034, 6, 178.64 W, 26, 120 MHz, 3996 MHz, 0 %, 0 %
2026/03/24 01:54:42.034, 7, 176.74 W, 27, 120 MHz, 3996 MHz, 0 %, 0 %
2026/03/24 01:54:43.034, 0, 283.85 W, 32, 2032 MHz, 3996 MHz, 0 %, 0 %
2026/03/24 01:54:43.034, 1, 242.22 W, 35, 2032 MHz, 3996 MHz, 0 %, 0 %
2026/03/24 01:54:43.034, 2, 243.09 W, 32, 2032 MHz, 3996 MHz, 0 %, 0 %
2026/03/24 01:54:43.034, 3, 261.76 W, 35, 2032 MHz, 3996 MHz, 0 %, 0 %
2026/03/24 01:54:43.034, 4, 179.87 W, 25, 120 MHz, 3996 MHz, 0 %, 0 %
2026/03/24 01:54:43.034, 5, 181.27 W, 28, 120 MHz, 3996 MHz, 0 %, 0 %
2026/03/24 01:54:43.034, 6, 178.64 W, 26, 120 MHz, 3996 MHz, 0 %, 0 %
2026/03/24 01:54:43.034, 7, 176.58 W, 27, 120 MHz, 3996 MHz, 0 %, 0 %
2026/03/24 01:54:44.034, 0, 231.90 W, 32, 2032 MHz, 3996 MHz, 0 %, 0 %
2026/03/24 01:54:44.034, 1, 237.05 W, 34, 2032 MHz, 3996 MHz, 0 %, 0 %
2026/03/24 01:54:44.034, 2, 237.70 W, 32, 2032 MHz, 3996 MHz, 0 %, 0 %
2026/03/24 01:54:44.034, 3, 238.41 W, 35, 2032 MHz, 3996 MHz, 0 %, 0 %
2026/03/24 01:54:44.034, 4, 179.72 W, 25, 120 MHz, 3996 MHz, 0 %, 0 %
2026/03/24 01:54:44.034, 5, 181.20 W, 28, 120 MHz, 3996 MHz, 0 %, 0 %
2026/03/24 01:54:44.034, 6, 178.60 W, 26, 120 MHz, 3996 MHz, 0 %, 0 %
2026/03/24 01:54:44.034, 7, 176.78 W, 27, 120 MHz, 3996 MHz, 0 %, 0 %
2026/03/24 01:54:45.034, 0, 231.12 W, 31, 2032 MHz, 3996 MHz, 0 %, 0 %
2026/03/24 01:54:45.035, 1, 237.05 W, 34, 2032 MHz, 3996 MHz, 0 %, 0 %
2026/03/24 01:54:45.035, 2, 236.31 W, 31, 2032 MHz, 3996 MHz, 0 %, 0 %
2026/03/24 01:54:45.035, 3, 237.36 W, 34, 2032 MHz, 3996 MHz, 0 %, 0 %
2026/03/24 01:54:45.035, 4, 179.94 W, 25, 120 MHz, 3996 MHz, 0 %, 0 %
2026/03/24 01:54:45.035, 5, 181.48 W, 28, 120 MHz, 3996 MHz, 0 %, 0 %
2026/03/24 01:54:45.035, 6, 178.64 W, 26, 120 MHz, 3996 MHz, 0 %, 0 %
2026/03/24 01:54:45.035, 7, 176.70 W, 27, 120 MHz, 3996 MHz, 0 %, 0 %
2026/03/24 01:54:46.035, 0, 230.62 W, 31, 2032 MHz, 3996 MHz, 0 %, 0 %
2026/03/24 01:54:46.035, 1, 236.98 W, 34, 2032 MHz, 3996 MHz, 0 %, 0 %
2026/03/24 01:54:46.035, 2, 236.00 W, 31, 2032 MHz, 3996 MHz, 0 %, 0 %
2026/03/24 01:54:46.035, 3, 237.10 W, 34, 2032 MHz, 3996 MHz, 0 %, 0 %
2026/03/24 01:54:46.035, 4, 179.88 W, 25, 120 MHz, 3996 MHz, 0 %, 0 %
2026/03/24 01:54:46.035, 5, 181.15 W, 28, 120 MHz, 3996 MHz, 0 %, 0 %
2026/03/24 01:54:46.035, 6, 178.64 W, 26, 120 MHz, 3996 MHz, 0 %, 0 %
2026/03/24 01:54:46.035, 7, 176.66 W, 27, 120 MHz, 3996 MHz, 0 %, 0 %
2026/03/24 01:54:47.035, 0, 230.23 W, 31, 2032 MHz, 3996 MHz, 0 %, 0 %
2026/03/24 01:54:47.035, 1, 236.60 W, 33, 2032 MHz, 3996 MHz, 0 %, 0 %
2026/03/24 01:54:47.035, 2, 235.96 W, 31, 2032 MHz, 3996 MHz, 0 %, 0 %
2026/03/24 01:54:47.035, 3, 237.06 W, 34, 2032 MHz, 3996 MHz, 0 %, 0 %
2026/03/24 01:54:47.035, 4, 179.76 W, 25, 120 MHz, 3996 MHz, 0 %, 0 %
2026/03/24 01:54:47.035, 5, 181.19 W, 28, 120 MHz, 3996 MHz, 0 %, 0 %
2026/03/24 01:54:47.035, 6, 178.64 W, 26, 120 MHz, 3996 MHz, 0 %, 0 %
2026/03/24 01:54:47.035, 7, 176.62 W, 27, 120 MHz, 3996 MHz, 0 %, 0 %
2026/03/24 01:54:48.035, 0, 230.08 W, 31, 2032 MHz, 3996 MHz, 0 %, 0 %
2026/03/24 01:54:48.035, 1, 235.78 W, 33, 2032 MHz, 3996 MHz, 0 %, 0 %
2026/03/24 01:54:48.035, 2, 235.96 W, 31, 2032 MHz, 3996 MHz, 0 %, 0 %
2026/03/24 01:54:48.035, 3, 237.07 W, 34, 2032 MHz, 3996 MHz, 0 %, 0 %
2026/03/24 01:54:48.035, 4, 179.77 W, 25, 120 MHz, 3996 MHz, 0 %, 0 %
2026/03/24 01:54:48.035, 5, 181.13 W, 28, 120 MHz, 3996 MHz, 0 %, 0 %
2026/03/24 01:54:48.035, 6, 178.64 W, 26, 120 MHz, 3996 MHz, 0 %, 0 %
2026/03/24 01:54:48.035, 7, 176.66 W, 27, 120 MHz, 3996 MHz, 0 %, 0 %
2026/03/24 01:54:49.035, 0, 231.39 W, 31, 2032 MHz, 3996 MHz, 0 %, 0 %
2026/03/24 01:54:49.035, 1, 236.96 W, 33, 2032 MHz, 3996 MHz, 0 %, 0 %
2026/03/24 01:54:49.035, 2, 236.38 W, 31, 2032 MHz, 3996 MHz, 0 %, 0 %
2026/03/24 01:54:49.035, 3, 237.27 W, 34, 2032 MHz, 3996 MHz, 0 %, 0 %
2026/03/24 01:54:49.035, 4, 179.86 W, 25, 120 MHz, 3996 MHz, 0 %, 0 %
2026/03/24 01:54:49.035, 5, 181.28 W, 28, 120 MHz, 3996 MHz, 0 %, 0 %
2026/03/24 01:54:49.035, 6, 178.64 W, 26, 120 MHz, 3996 MHz, 0 %, 0 %
2026/03/24 01:54:49.035, 7, 176.81 W, 27, 120 MHz, 3996 MHz, 0 %, 0 %
2026/03/24 01:54:50.035, 0, 230.68 W, 30, 2032 MHz, 3996 MHz, 0 %, 0 %
2026/03/24 01:54:50.035, 1, 236.92 W, 33, 2032 MHz, 3996 MHz, 0 %, 0 %
2026/03/24 01:54:50.035, 2, 236.11 W, 31, 2032 MHz, 3996 MHz, 0 %, 0 %
2026/03/24 01:54:50.035, 3, 237.08 W, 33, 2032 MHz, 3996 MHz, 0 %, 0 %
2026/03/24 01:54:50.035, 4, 179.78 W, 25, 120 MHz, 3996 MHz, 0 %, 0 %
2026/03/24 01:54:50.035, 5, 181.61 W, 28, 120 MHz, 3996 MHz, 0 %, 0 %
2026/03/24 01:54:50.035, 6, 178.64 W, 26, 120 MHz, 3996 MHz, 0 %, 0 %
2026/03/24 01:54:50.035, 7, 176.74 W, 27, 120 MHz, 3996 MHz, 0 %, 0 %
2026/03/24 01:54:51.036, 0, 230.83 W, 30, 2032 MHz, 3996 MHz, 0 %, 0 %
2026/03/24 01:54:51.036, 1, 236.81 W, 33, 2032 MHz, 3996 MHz, 0 %, 0 %
2026/03/24 01:54:51.036, 2, 235.96 W, 30, 2032 MHz, 3996 MHz, 0 %, 0 %
2026/03/24 01:54:51.036, 3, 237.06 W, 33, 2032 MHz, 3996 MHz, 0 %, 0 %
2026/03/24 01:54:51.036, 4, 179.54 W, 25, 120 MHz, 3996 MHz, 0 %, 0 %
2026/03/24 01:54:51.036, 5, 181.40 W, 28, 120 MHz, 3996 MHz, 0 %, 0 %
2026/03/24 01:54:51.036, 6, 178.64 W, 26, 120 MHz, 3996 MHz, 0 %, 0 %
2026/03/24 01:54:51.036, 7, 176.73 W, 27, 120 MHz, 3996 MHz, 0 %, 0 %
2026/03/24 01:54:52.036, 0, 230.39 W, 30, 2032 MHz, 3996 MHz, 0 %, 0 %
2026/03/24 01:54:52.036, 1, 236.56 W, 33, 2032 MHz, 3996 MHz, 0 %, 0 %
2026/03/24 01:54:52.036, 2, 235.96 W, 30, 2032 MHz, 3996 MHz, 0 %, 0 %
2026/03/24 01:54:52.036, 3, 237.05 W, 33, 2032 MHz, 3996 MHz, 0 %, 0 %
2026/03/24 01:54:52.036, 4, 179.65 W, 25, 120 MHz, 3996 MHz, 0 %, 0 %
2026/03/24 01:54:52.036, 5, 181.27 W, 28, 120 MHz, 3996 MHz, 0 %, 0 %
2026/03/24 01:54:52.036, 6, 178.64 W, 26, 120 MHz, 3996 MHz, 0 %, 0 %
2026/03/24 01:54:52.036, 7, 176.62 W, 27, 120 MHz, 3996 MHz, 0 %, 0 %
2026/03/24 01:54:53.036, 0, 432.41 W, 39, 2032 MHz, 3996 MHz, 99 %, 42 %
2026/03/24 01:54:53.036, 1, 466.43 W, 41, 2032 MHz, 3996 MHz, 95 %, 39 %
2026/03/24 01:54:53.036, 2, 479.84 W, 39, 2032 MHz, 3996 MHz, 95 %, 39 %
2026/03/24 01:54:53.036, 3, 454.29 W, 42, 2032 MHz, 3996 MHz, 94 %, 40 %
2026/03/24 01:54:53.036, 4, 179.72 W, 25, 120 MHz, 3996 MHz, 0 %, 0 %
2026/03/24 01:54:53.036, 5, 181.32 W, 28, 120 MHz, 3996 MHz, 0 %, 0 %
2026/03/24 01:54:53.036, 6, 178.64 W, 26, 120 MHz, 3996 MHz, 0 %, 0 %
2026/03/24 01:54:53.036, 7, 176.66 W, 27, 120 MHz, 3996 MHz, 0 %, 0 %
2026/03/24 01:54:54.036, 0, 925.14 W, 42, 2032 MHz, 3996 MHz, 96 %, 40 %
2026/03/24 01:54:54.036, 1, 925.20 W, 44, 2032 MHz, 3996 MHz, 96 %, 38 %
2026/03/24 01:54:54.036, 2, 928.35 W, 42, 2032 MHz, 3996 MHz, 88 %, 38 %
2026/03/24 01:54:54.036, 3, 943.10 W, 45, 2032 MHz, 3996 MHz, 96 %, 38 %
2026/03/24 01:54:54.036, 4, 179.93 W, 25, 120 MHz, 3996 MHz, 0 %, 0 %
2026/03/24 01:54:54.036, 5, 181.46 W, 28, 120 MHz, 3996 MHz, 0 %, 0 %
2026/03/24 01:54:54.036, 6, 178.64 W, 26, 120 MHz, 3996 MHz, 0 %, 0 %
2026/03/24 01:54:54.036, 7, 176.62 W, 27, 120 MHz, 3996 MHz, 0 %, 0 %
2026/03/24 01:54:55.036, 0, 941.34 W, 42, 2032 MHz, 3996 MHz, 95 %, 41 %
2026/03/24 01:54:55.036, 1, 928.87 W, 44, 2032 MHz, 3996 MHz, 99 %, 44 %
2026/03/24 01:54:55.036, 2, 933.57 W, 41, 2032 MHz, 3996 MHz, 99 %, 44 %
2026/03/24 01:54:55.036, 3, 953.91 W, 45, 2032 MHz, 3996 MHz, 99 %, 44 %
2026/03/24 01:54:55.036, 4, 179.75 W, 25, 120 MHz, 3996 MHz, 0 %, 0 %
2026/03/24 01:54:55.036, 5, 181.36 W, 28, 120 MHz, 3996 MHz, 0 %, 0 %
2026/03/24 01:54:55.036, 6, 178.64 W, 26, 120 MHz, 3996 MHz, 0 %, 0 %
2026/03/24 01:54:55.036, 7, 176.66 W, 27, 120 MHz, 3996 MHz, 0 %, 0 %
2026/03/24 01:54:56.036, 0, 893.16 W, 41, 2032 MHz, 3996 MHz, 100 %, 74 %
2026/03/24 01:54:56.036, 1, 903.79 W, 43, 2032 MHz, 3996 MHz, 100 %, 75 %
2026/03/24 01:54:56.036, 2, 895.61 W, 40, 2032 MHz, 3996 MHz, 100 %, 75 %
2026/03/24 01:54:56.036, 3, 902.13 W, 44, 2032 MHz, 3996 MHz, 100 %, 74 %
2026/03/24 01:54:56.036, 4, 179.78 W, 25, 120 MHz, 3996 MHz, 0 %, 0 %
2026/03/24 01:54:56.036, 5, 181.08 W, 28, 120 MHz, 3996 MHz, 0 %, 0 %
2026/03/24 01:54:56.036, 6, 178.64 W, 26, 120 MHz, 3996 MHz, 0 %, 0 %
2026/03/24 01:54:56.036, 7, 176.58 W, 27, 120 MHz, 3996 MHz, 0 %, 0 %
2026/03/24 01:54:57.036, 0, 902.63 W, 41, 2032 MHz, 3996 MHz, 100 %, 76 %
2026/03/24 01:54:57.037, 1, 920.18 W, 44, 2032 MHz, 3996 MHz, 100 %, 76 %
2026/03/24 01:54:57.037, 2, 902.79 W, 41, 2032 MHz, 3996 MHz, 100 %, 76 %
2026/03/24 01:54:57.037, 3, 915.56 W, 44, 2032 MHz, 3996 MHz, 100 %, 76 %
2026/03/24 01:54:57.037, 4, 179.56 W, 25, 120 MHz, 3996 MHz, 0 %, 0 %
2026/03/24 01:54:57.037, 5, 181.50 W, 28, 120 MHz, 3996 MHz, 0 %, 0 %
2026/03/24 01:54:57.037, 6, 178.64 W, 26, 120 MHz, 3996 MHz, 0 %, 0 %
2026/03/24 01:54:57.037, 7, 176.66 W, 27, 120 MHz, 3996 MHz, 0 %, 0 %
2026/03/24 01:54:58.037, 0, 913.05 W, 41, 2032 MHz, 3996 MHz, 100 %, 76 %
2026/03/24 01:54:58.037, 1, 923.15 W, 44, 2032 MHz, 3996 MHz, 100 %, 76 %
2026/03/24 01:54:58.037, 2, 907.35 W, 41, 2032 MHz, 3996 MHz, 100 %, 76 %
2026/03/24 01:54:58.037, 3, 922.15 W, 45, 2032 MHz, 3996 MHz, 100 %, 76 %
2026/03/24 01:54:58.037, 4, 179.88 W, 25, 120 MHz, 3996 MHz, 0 %, 0 %
2026/03/24 01:54:58.037, 5, 180.93 W, 28, 120 MHz, 3996 MHz, 0 %, 0 %
2026/03/24 01:54:58.037, 6, 178.64 W, 26, 120 MHz, 3996 MHz, 0 %, 0 %
2026/03/24 01:54:58.037, 7, 176.58 W, 27, 120 MHz, 3996 MHz, 0 %, 0 %
2026/03/24 01:54:59.037, 0, 907.90 W, 41, 2032 MHz, 3996 MHz, 100 %, 76 %
2026/03/24 01:54:59.037, 1, 923.17 W, 44, 2032 MHz, 3996 MHz, 100 %, 76 %
2026/03/24 01:54:59.037, 2, 909.27 W, 41, 2032 MHz, 3996 MHz, 100 %, 76 %
2026/03/24 01:54:59.037, 3, 922.14 W, 45, 2032 MHz, 3996 MHz, 100 %, 76 %
2026/03/24 01:54:59.037, 4, 179.59 W, 25, 120 MHz, 3996 MHz, 0 %, 0 %
2026/03/24 01:54:59.037, 5, 181.24 W, 28, 120 MHz, 3996 MHz, 0 %, 0 %
2026/03/24 01:54:59.037, 6, 178.64 W, 26, 120 MHz, 3996 MHz, 0 %, 0 %
2026/03/24 01:54:59.037, 7, 176.70 W, 27, 120 MHz, 3996 MHz, 0 %, 0 %
2026/03/24 01:55:00.037, 0, 912.58 W, 42, 2032 MHz, 3996 MHz, 100 %, 76 %
2026/03/24 01:55:00.037, 1, 925.96 W, 45, 2032 MHz, 3996 MHz, 100 %, 77 %
2026/03/24 01:55:00.037, 2, 908.39 W, 42, 2032 MHz, 3996 MHz, 100 %, 76 %
2026/03/24 01:55:00.037, 3, 924.31 W, 45, 2032 MHz, 3996 MHz, 100 %, 76 %
2026/03/24 01:55:00.037, 4, 179.71 W, 25, 120 MHz, 3996 MHz, 0 %, 0 %
2026/03/24 01:55:00.037, 5, 181.00 W, 28, 120 MHz, 3996 MHz, 0 %, 0 %
2026/03/24 01:55:00.037, 6, 178.64 W, 26, 120 MHz, 3996 MHz, 0 %, 0 %
2026/03/24 01:55:00.037, 7, 176.58 W, 27, 120 MHz, 3996 MHz, 0 %, 0 %
2026/03/24 01:55:01.037, 0, 914.77 W, 42, 2032 MHz, 3996 MHz, 100 %, 76 %
2026/03/24 01:55:01.037, 1, 926.56 W, 45, 2032 MHz, 3996 MHz, 100 %, 77 %
2026/03/24 01:55:01.037, 2, 911.92 W, 42, 2032 MHz, 3996 MHz, 100 %, 76 %
2026/03/24 01:55:01.037, 3, 932.41 W, 46, 2032 MHz, 3996 MHz, 100 %, 76 %
2026/03/24 01:55:01.037, 4, 180.00 W, 25, 120 MHz, 3996 MHz, 0 %, 0 %
2026/03/24 01:55:01.037, 5, 181.21 W, 28, 120 MHz, 3996 MHz, 0 %, 0 %
2026/03/24 01:55:01.037, 6, 178.64 W, 26, 120 MHz, 3996 MHz, 0 %, 0 %
2026/03/24 01:55:01.037, 7, 176.62 W, 27, 120 MHz, 3996 MHz, 0 %, 0 %
2026/03/24 01:55:02.037, 0, 915.90 W, 42, 2032 MHz, 3996 MHz, 100 %, 77 %
2026/03/24 01:55:02.037, 1, 922.07 W, 45, 2032 MHz, 3996 MHz, 100 %, 76 %
2026/03/24 01:55:02.037, 2, 911.43 W, 42, 2032 MHz, 3996 MHz, 100 %, 76 %
2026/03/24 01:55:02.037, 3, 926.61 W, 46, 2032 MHz, 3996 MHz, 100 %, 76 %
2026/03/24 01:55:02.037, 4, 179.60 W, 25, 120 MHz, 3996 MHz, 0 %, 0 %
2026/03/24 01:55:02.037, 5, 181.42 W, 28, 120 MHz, 3996 MHz, 0 %, 0 %
2026/03/24 01:55:02.037, 6, 178.64 W, 26, 120 MHz, 3996 MHz, 0 %, 0 %
2026/03/24 01:55:02.037, 7, 176.70 W, 27, 120 MHz, 3996 MHz, 0 %, 0 %
2026/03/24 01:55:03.037, 0, 912.24 W, 43, 2032 MHz, 3996 MHz, 100 %, 77 %
2026/03/24 01:55:03.037, 1, 921.90 W, 45, 2032 MHz, 3996 MHz, 100 %, 76 %
2026/03/24 01:55:03.037, 2, 908.55 W, 42, 2032 MHz, 3996 MHz, 100 %, 77 %
2026/03/24 01:55:03.037, 3, 918.16 W, 46, 2032 MHz, 3996 MHz, 100 %, 76 %
2026/03/24 01:55:03.037, 4, 179.84 W, 25, 120 MHz, 3996 MHz, 0 %, 0 %
2026/03/24 01:55:03.037, 5, 181.63 W, 28, 120 MHz, 3996 MHz, 0 %, 0 %
2026/03/24 01:55:03.037, 6, 178.64 W, 26, 120 MHz, 3996 MHz, 0 %, 0 %
2026/03/24 01:55:03.037, 7, 176.62 W, 27, 120 MHz, 3996 MHz, 0 %, 0 %
2026/03/24 01:55:04.038, 0, 919.17 W, 43, 2032 MHz, 3996 MHz, 100 %, 77 %
2026/03/24 01:55:04.038, 1, 925.28 W, 46, 2032 MHz, 3996 MHz, 100 %, 76 %
2026/03/24 01:55:04.038, 2, 912.98 W, 42, 2032 MHz, 3996 MHz, 100 %, 77 %
2026/03/24 01:55:04.038, 3, 928.38 W, 46, 2032 MHz, 3996 MHz, 100 %, 76 %
2026/03/24 01:55:04.038, 4, 179.77 W, 25, 120 MHz, 3996 MHz, 0 %, 0 %
2026/03/24 01:55:04.038, 5, 181.09 W, 28, 120 MHz, 3996 MHz, 0 %, 0 %
2026/03/24 01:55:04.038, 6, 178.64 W, 26, 120 MHz, 3996 MHz, 0 %, 0 %
2026/03/24 01:55:04.038, 7, 176.62 W, 27, 120 MHz, 3996 MHz, 0 %, 0 %
2026/03/24 01:55:05.038, 0, 919.22 W, 43, 2032 MHz, 3996 MHz, 100 %, 77 %
2026/03/24 01:55:05.038, 1, 925.41 W, 46, 2032 MHz, 3996 MHz, 100 %, 77 %
2026/03/24 01:55:05.038, 2, 912.39 W, 43, 2032 MHz, 3996 MHz, 100 %, 77 %
2026/03/24 01:55:05.038, 3, 927.82 W, 47, 2032 MHz, 3996 MHz, 100 %, 77 %
2026/03/24 01:55:05.038, 4, 179.73 W, 25, 120 MHz, 3996 MHz, 0 %, 0 %
2026/03/24 01:55:05.038, 5, 181.23 W, 28, 120 MHz, 3996 MHz, 0 %, 0 %
2026/03/24 01:55:05.038, 6, 178.64 W, 26, 120 MHz, 3996 MHz, 0 %, 0 %
2026/03/24 01:55:05.038, 7, 176.62 W, 27, 120 MHz, 3996 MHz, 0 %, 0 %
2026/03/24 01:55:06.038, 0, 917.58 W, 43, 2032 MHz, 3996 MHz, 100 %, 77 %
2026/03/24 01:55:06.038, 1, 927.27 W, 46, 2032 MHz, 3996 MHz, 100 %, 77 %
2026/03/24 01:55:06.038, 2, 913.08 W, 43, 2032 MHz, 3996 MHz, 100 %, 77 %
2026/03/24 01:55:06.038, 3, 926.41 W, 47, 2032 MHz, 3996 MHz, 100 %, 76 %
2026/03/24 01:55:06.038, 4, 179.48 W, 25, 120 MHz, 3996 MHz, 0 %, 0 %
2026/03/24 01:55:06.038, 5, 181.35 W, 28, 120 MHz, 3996 MHz, 0 %, 0 %
2026/03/24 01:55:06.038, 6, 178.60 W, 26, 120 MHz, 3996 MHz, 0 %, 0 %
2026/03/24 01:55:06.038, 7, 176.62 W, 27, 120 MHz, 3996 MHz, 0 %, 0 %
2026/03/24 01:55:07.038, 0, 923.33 W, 43, 2032 MHz, 3996 MHz, 100 %, 77 %
2026/03/24 01:55:07.038, 1, 928.43 W, 46, 2032 MHz, 3996 MHz, 100 %, 77 %
2026/03/24 01:55:07.038, 2, 918.84 W, 43, 2032 MHz, 3996 MHz, 100 %, 78 %
2026/03/24 01:55:07.038, 3, 930.43 W, 47, 2032 MHz, 3996 MHz, 100 %, 76 %
2026/03/24 01:55:07.038, 4, 179.61 W, 25, 120 MHz, 3996 MHz, 0 %, 0 %
2026/03/24 01:55:07.038, 5, 181.31 W, 28, 120 MHz, 3996 MHz, 0 %, 0 %
2026/03/24 01:55:07.038, 6, 178.63 W, 26, 120 MHz, 3996 MHz, 0 %, 0 %
2026/03/24 01:55:07.038, 7, 176.62 W, 27, 120 MHz, 3996 MHz, 0 %, 0 %
2026/03/24 01:55:08.038, 0, 922.95 W, 44, 2032 MHz, 3996 MHz, 100 %, 77 %
2026/03/24 01:55:08.038, 1, 932.75 W, 47, 2032 MHz, 3996 MHz, 100 %, 76 %
2026/03/24 01:55:08.038, 2, 916.21 W, 43, 2032 MHz, 3996 MHz, 100 %, 77 %
2026/03/24 01:55:08.038, 3, 932.47 W, 47, 2032 MHz, 3996 MHz, 100 %, 77 %
2026/03/24 01:55:08.038, 4, 179.58 W, 25, 120 MHz, 3996 MHz, 0 %, 0 %
2026/03/24 01:55:08.038, 5, 181.32 W, 28, 120 MHz, 3996 MHz, 0 %, 0 %
2026/03/24 01:55:08.038, 6, 178.64 W, 26, 120 MHz, 3996 MHz, 0 %, 0 %
2026/03/24 01:55:08.038, 7, 176.70 W, 27, 120 MHz, 3996 MHz, 0 %, 0 %
2026/03/24 01:55:09.038, 0, 918.35 W, 44, 2032 MHz, 3996 MHz, 100 %, 77 %
2026/03/24 01:55:09.038, 1, 929.55 W, 47, 2032 MHz, 3996 MHz, 100 %, 77 %
2026/03/24 01:55:09.038, 2, 916.19 W, 43, 2032 MHz, 3996 MHz, 100 %, 77 %
2026/03/24 01:55:09.038, 3, 930.18 W, 47, 2032 MHz, 3996 MHz, 100 %, 77 %
2026/03/24 01:55:09.038, 4, 179.96 W, 25, 120 MHz, 3996 MHz, 0 %, 0 %
2026/03/24 01:55:09.038, 5, 181.34 W, 28, 120 MHz, 3996 MHz, 0 %, 0 %
2026/03/24 01:55:09.038, 6, 178.64 W, 26, 120 MHz, 3996 MHz, 0 %, 0 %
2026/03/24 01:55:09.038, 7, 176.70 W, 27, 120 MHz, 3996 MHz, 0 %, 0 %
2026/03/24 01:55:10.038, 0, 916.40 W, 44, 2032 MHz, 3996 MHz, 100 %, 77 %
2026/03/24 01:55:10.038, 1, 928.64 W, 47, 2032 MHz, 3996 MHz, 100 %, 76 %
2026/03/24 01:55:10.038, 2, 916.65 W, 44, 2032 MHz, 3996 MHz, 100 %, 77 %
2026/03/24 01:55:10.038, 3, 930.45 W, 48, 2032 MHz, 3996 MHz, 100 %, 77 %
2026/03/24 01:55:10.038, 4, 179.90 W, 25, 120 MHz, 3996 MHz, 0 %, 0 %
2026/03/24 01:55:10.038, 5, 181.23 W, 28, 120 MHz, 3996 MHz, 0 %, 0 %
2026/03/24 01:55:10.039, 6, 178.63 W, 26, 120 MHz, 3996 MHz, 0 %, 0 %
2026/03/24 01:55:10.039, 7, 176.70 W, 27, 120 MHz, 3996 MHz, 0 %, 0 %
2026/03/24 01:55:11.039, 0, 928.53 W, 44, 2032 MHz, 3996 MHz, 100 %, 77 %
2026/03/24 01:55:11.039, 1, 933.65 W, 47, 2032 MHz, 3996 MHz, 100 %, 77 %
2026/03/24 01:55:11.039, 2, 916.66 W, 44, 2032 MHz, 3996 MHz, 100 %, 77 %
2026/03/24 01:55:11.039, 3, 931.79 W, 48, 2032 MHz, 3996 MHz, 100 %, 77 %
2026/03/24 01:55:11.039, 4, 179.49 W, 25, 120 MHz, 3996 MHz, 0 %, 0 %
2026/03/24 01:55:11.039, 5, 181.24 W, 28, 120 MHz, 3996 MHz, 0 %, 0 %
2026/03/24 01:55:11.039, 6, 178.63 W, 26, 120 MHz, 3996 MHz, 0 %, 0 %
2026/03/24 01:55:11.039, 7, 176.66 W, 27, 120 MHz, 3996 MHz, 0 %, 0 %
2026/03/24 01:55:12.039, 0, 920.01 W, 44, 2032 MHz, 3996 MHz, 100 %, 77 %
2026/03/24 01:55:12.039, 1, 934.33 W, 47, 2032 MHz, 3996 MHz, 100 %, 76 %
2026/03/24 01:55:12.039, 2, 916.01 W, 44, 2032 MHz, 3996 MHz, 100 %, 77 %
2026/03/24 01:55:12.039, 3, 933.81 W, 48, 2032 MHz, 3996 MHz, 100 %, 77 %
2026/03/24 01:55:12.039, 4, 179.76 W, 25, 120 MHz, 3996 MHz, 0 %, 0 %
2026/03/24 01:55:12.039, 5, 181.09 W, 28, 120 MHz, 3996 MHz, 0 %, 0 %
2026/03/24 01:55:12.039, 6, 178.63 W, 26, 120 MHz, 3996 MHz, 0 %, 0 %
2026/03/24 01:55:12.039, 7, 176.66 W, 27, 120 MHz, 3996 MHz, 0 %, 0 %
2026/03/24 01:55:13.039, 0, 929.36 W, 44, 2032 MHz, 3996 MHz, 100 %, 77 %
2026/03/24 01:55:13.039, 1, 934.65 W, 47, 2032 MHz, 3996 MHz, 100 %, 77 %
2026/03/24 01:55:13.039, 2, 916.92 W, 44, 2032 MHz, 3996 MHz, 100 %, 77 %
2026/03/24 01:55:13.039, 3, 933.23 W, 48, 2032 MHz, 3996 MHz, 100 %, 77 %
2026/03/24 01:55:13.039, 4, 179.51 W, 25, 120 MHz, 3996 MHz, 0 %, 0 %
2026/03/24 01:55:13.039, 5, 181.32 W, 28, 120 MHz, 3996 MHz, 0 %, 0 %
2026/03/24 01:55:13.039, 6, 178.64 W, 26, 120 MHz, 3996 MHz, 0 %, 0 %
2026/03/24 01:55:13.039, 7, 176.81 W, 27, 120 MHz, 3996 MHz, 0 %, 0 %
2026/03/24 01:55:14.039, 0, 922.90 W, 44, 2032 MHz, 3996 MHz, 100 %, 77 %
2026/03/24 01:55:14.039, 1, 934.31 W, 48, 2032 MHz, 3996 MHz, 100 %, 77 %
2026/03/24 01:55:14.039, 2, 920.54 W, 44, 2032 MHz, 3996 MHz, 100 %, 77 %
2026/03/24 01:55:14.039, 3, 937.60 W, 48, 2032 MHz, 3996 MHz, 100 %, 76 %
2026/03/24 01:55:14.039, 4, 179.93 W, 25, 120 MHz, 3996 MHz, 0 %, 0 %
2026/03/24 01:55:14.039, 5, 181.27 W, 28, 120 MHz, 3996 MHz, 0 %, 0 %
2026/03/24 01:55:14.039, 6, 178.64 W, 26, 120 MHz, 3996 MHz, 0 %, 0 %
2026/03/24 01:55:14.039, 7, 176.66 W, 27, 120 MHz, 3996 MHz, 0 %, 0 %
2026/03/24 01:55:15.039, 0, 925.44 W, 44, 2032 MHz, 3996 MHz, 100 %, 77 %
2026/03/24 01:55:15.039, 1, 935.70 W, 48, 2032 MHz, 3996 MHz, 100 %, 77 %
2026/03/24 01:55:15.039, 2, 917.86 W, 44, 2032 MHz, 3996 MHz, 100 %, 77 %
2026/03/24 01:55:15.039, 3, 931.56 W, 48, 2032 MHz, 3996 MHz, 100 %, 77 %
2026/03/24 01:55:15.039, 4, 179.64 W, 25, 120 MHz, 3996 MHz, 0 %, 0 %
2026/03/24 01:55:15.039, 5, 181.24 W, 28, 120 MHz, 3996 MHz, 0 %, 0 %
2026/03/24 01:55:15.039, 6, 178.63 W, 26, 120 MHz, 3996 MHz, 0 %, 0 %
2026/03/24 01:55:15.039, 7, 176.66 W, 27, 120 MHz, 3996 MHz, 0 %, 0 %
2026/03/24 01:55:16.039, 0, 804.16 W, 41, 2032 MHz, 3996 MHz, 100 %, 33 %
2026/03/24 01:55:16.039, 1, 799.43 W, 44, 2032 MHz, 3996 MHz, 56 %, 34 %
2026/03/24 01:55:16.039, 2, 785.75 W, 41, 2032 MHz, 3996 MHz, 55 %, 35 %
2026/03/24 01:55:16.039, 3, 814.20 W, 45, 2032 MHz, 3996 MHz, 60 %, 40 %
2026/03/24 01:55:16.039, 4, 179.67 W, 25, 120 MHz, 3996 MHz, 0 %, 0 %
2026/03/24 01:55:16.039, 5, 181.17 W, 28, 120 MHz, 3996 MHz, 0 %, 0 %
2026/03/24 01:55:16.039, 6, 178.64 W, 26, 120 MHz, 3996 MHz, 0 %, 0 %
2026/03/24 01:55:16.039, 7, 176.62 W, 27, 120 MHz, 3996 MHz, 0 %, 0 %
2026/03/24 01:55:17.040, 0, 606.97 W, 42, 2032 MHz, 3996 MHz, 73 %, 33 %
2026/03/24 01:55:17.040, 1, 612.45 W, 44, 2032 MHz, 3996 MHz, 100 %, 33 %
2026/03/24 01:55:17.040, 2, 603.93 W, 41, 2032 MHz, 3996 MHz, 54 %, 32 %
2026/03/24 01:55:17.040, 3, 620.67 W, 45, 2032 MHz, 3996 MHz, 98 %, 28 %
2026/03/24 01:55:17.040, 4, 179.54 W, 25, 120 MHz, 3996 MHz, 0 %, 0 %
2026/03/24 01:55:17.040, 5, 181.03 W, 28, 120 MHz, 3996 MHz, 0 %, 0 %
2026/03/24 01:55:17.040, 6, 178.64 W, 26, 120 MHz, 3996 MHz, 0 %, 0 %
2026/03/24 01:55:17.040, 7, 176.66 W, 27, 120 MHz, 3996 MHz, 0 %, 0 %
2026/03/24 01:55:18.040, 0, 562.97 W, 40, 2032 MHz, 3996 MHz, 99 %, 19 %
2026/03/24 01:55:18.040, 1, 571.44 W, 44, 2032 MHz, 3996 MHz, 100 %, 22 %
2026/03/24 01:55:18.040, 2, 564.55 W, 41, 2032 MHz, 3996 MHz, 100 %, 22 %
2026/03/24 01:55:18.040, 3, 572.72 W, 44, 2032 MHz, 3996 MHz, 100 %, 22 %
2026/03/24 01:55:18.040, 4, 179.83 W, 25, 120 MHz, 3996 MHz, 0 %, 0 %
2026/03/24 01:55:18.040, 5, 180.82 W, 28, 120 MHz, 3996 MHz, 0 %, 0 %
2026/03/24 01:55:18.040, 6, 178.64 W, 26, 120 MHz, 3996 MHz, 0 %, 0 %
2026/03/24 01:55:18.040, 7, 176.58 W, 27, 120 MHz, 3996 MHz, 0 %, 0 %
2026/03/24 01:55:19.040, 0, 553.18 W, 39, 2032 MHz, 3996 MHz, 88 %, 35 %
2026/03/24 01:55:19.040, 1, 547.61 W, 42, 2032 MHz, 3996 MHz, 92 %, 19 %
2026/03/24 01:55:19.040, 2, 544.00 W, 39, 2032 MHz, 3996 MHz, 34 %, 19 %
2026/03/24 01:55:19.040, 3, 553.23 W, 43, 2032 MHz, 3996 MHz, 95 %, 20 %
2026/03/24 01:55:19.040, 4, 179.59 W, 25, 120 MHz, 3996 MHz, 0 %, 0 %
2026/03/24 01:55:19.040, 5, 180.93 W, 28, 120 MHz, 3996 MHz, 0 %, 0 %
2026/03/24 01:55:19.040, 6, 178.64 W, 26, 120 MHz, 3996 MHz, 0 %, 0 %
2026/03/24 01:55:19.040, 7, 176.58 W, 27, 120 MHz, 3996 MHz, 0 %, 0 %
2026/03/24 01:55:20.040, 0, 631.55 W, 40, 2032 MHz, 3996 MHz, 68 %, 43 %
2026/03/24 01:55:20.040, 1, 636.47 W, 43, 2032 MHz, 3996 MHz, 77 %, 34 %
2026/03/24 01:55:20.040, 2, 633.01 W, 40, 2032 MHz, 3996 MHz, 53 %, 35 %
2026/03/24 01:55:20.040, 3, 641.77 W, 44, 2032 MHz, 3996 MHz, 85 %, 33 %
2026/03/24 01:55:20.040, 4, 179.58 W, 25, 120 MHz, 3996 MHz, 0 %, 0 %
2026/03/24 01:55:20.040, 5, 181.04 W, 27, 120 MHz, 3996 MHz, 0 %, 0 %
2026/03/24 01:55:20.040, 6, 178.64 W, 26, 120 MHz, 3996 MHz, 0 %, 0 %
2026/03/24 01:55:20.040, 7, 176.62 W, 27, 120 MHz, 3996 MHz, 0 %, 0 %
2026/03/24 01:55:21.040, 0, 593.53 W, 39, 2032 MHz, 3996 MHz, 94 %, 47 %
2026/03/24 01:55:21.040, 1, 593.44 W, 43, 2032 MHz, 3996 MHz, 55 %, 20 %
2026/03/24 01:55:21.040, 2, 585.40 W, 40, 2032 MHz, 3996 MHz, 36 %, 20 %
2026/03/24 01:55:21.040, 3, 600.02 W, 43, 2032 MHz, 3996 MHz, 68 %, 20 %
2026/03/24 01:55:21.040, 4, 179.89 W, 25, 120 MHz, 3996 MHz, 0 %, 0 %
2026/03/24 01:55:21.040, 5, 181.09 W, 27, 120 MHz, 3996 MHz, 0 %, 0 %
2026/03/24 01:55:21.040, 6, 178.60 W, 26, 120 MHz, 3996 MHz, 0 %, 0 %
2026/03/24 01:55:21.040, 7, 176.62 W, 27, 120 MHz, 3996 MHz, 0 %, 0 %
2026/03/24 01:55:22.040, 0, 624.87 W, 40, 2032 MHz, 3996 MHz, 85 %, 20 %
2026/03/24 01:55:22.040, 1, 626.95 W, 43, 2032 MHz, 3996 MHz, 90 %, 64 %
2026/03/24 01:55:22.040, 2, 622.65 W, 40, 2032 MHz, 3996 MHz, 84 %, 62 %
2026/03/24 01:55:22.040, 3, 629.32 W, 44, 2032 MHz, 3996 MHz, 97 %, 62 %
2026/03/24 01:55:22.040, 4, 179.65 W, 25, 120 MHz, 3996 MHz, 0 %, 0 %
2026/03/24 01:55:22.040, 5, 180.93 W, 27, 120 MHz, 3996 MHz, 0 %, 0 %
2026/03/24 01:55:22.040, 6, 178.64 W, 26, 120 MHz, 3996 MHz, 0 %, 0 %
2026/03/24 01:55:22.040, 7, 176.58 W, 27, 120 MHz, 3996 MHz, 0 %, 0 %
2026/03/24 01:55:23.040, 0, 523.27 W, 38, 2032 MHz, 3996 MHz, 82 %, 31 %
2026/03/24 01:55:23.040, 1, 526.83 W, 41, 2032 MHz, 3996 MHz, 93 %, 18 %
2026/03/24 01:55:23.040, 2, 519.84 W, 38, 2032 MHz, 3996 MHz, 34 %, 18 %
2026/03/24 01:55:23.040, 3, 529.62 W, 42, 2032 MHz, 3996 MHz, 96 %, 19 %
2026/03/24 01:55:23.041, 4, 179.52 W, 25, 120 MHz, 3996 MHz, 0 %, 0 %
2026/03/24 01:55:23.041, 5, 180.93 W, 27, 120 MHz, 3996 MHz, 0 %, 0 %
2026/03/24 01:55:23.041, 6, 178.64 W, 26, 120 MHz, 3996 MHz, 0 %, 0 %
2026/03/24 01:55:23.041, 7, 176.58 W, 27, 120 MHz, 3996 MHz, 0 %, 0 %
2026/03/24 01:55:24.041, 0, 574.24 W, 40, 2032 MHz, 3996 MHz, 89 %, 34 %
2026/03/24 01:55:24.041, 1, 577.78 W, 43, 2032 MHz, 3996 MHz, 56 %, 34 %
2026/03/24 01:55:24.041, 2, 577.71 W, 39, 2032 MHz, 3996 MHz, 53 %, 34 %
2026/03/24 01:55:24.041, 3, 586.08 W, 43, 2032 MHz, 3996 MHz, 66 %, 33 %
2026/03/24 01:55:24.041, 4, 179.72 W, 25, 120 MHz, 3996 MHz, 0 %, 0 %
2026/03/24 01:55:24.041, 5, 180.82 W, 27, 120 MHz, 3996 MHz, 0 %, 0 %
2026/03/24 01:55:24.041, 6, 178.64 W, 26, 120 MHz, 3996 MHz, 0 %, 0 %
2026/03/24 01:55:24.041, 7, 176.66 W, 27, 120 MHz, 3996 MHz, 0 %, 0 %
2026/03/24 01:55:25.041, 0, 563.26 W, 40, 2032 MHz, 3996 MHz, 84 %, 27 %
2026/03/24 01:55:25.041, 1, 576.76 W, 43, 2032 MHz, 3996 MHz, 94 %, 22 %
2026/03/24 01:55:25.041, 2, 569.20 W, 39, 2032 MHz, 3996 MHz, 45 %, 22 %
2026/03/24 01:55:25.041, 3, 577.46 W, 43, 2032 MHz, 3996 MHz, 95 %, 21 %
2026/03/24 01:55:25.041, 4, 179.77 W, 25, 120 MHz, 3996 MHz, 0 %, 0 %
2026/03/24 01:55:25.041, 5, 181.01 W, 27, 120 MHz, 3996 MHz, 0 %, 0 %
2026/03/24 01:55:25.041, 6, 178.64 W, 26, 120 MHz, 3996 MHz, 0 %, 0 %
2026/03/24 01:55:25.041, 7, 176.58 W, 27, 120 MHz, 3996 MHz, 0 %, 0 %
2026/03/24 01:55:26.041, 0, 568.78 W, 39, 2032 MHz, 3996 MHz, 98 %, 20 %
2026/03/24 01:55:26.041, 1, 556.14 W, 42, 2032 MHz, 3996 MHz, 72 %, 23 %
2026/03/24 01:55:26.041, 2, 554.06 W, 39, 2032 MHz, 3996 MHz, 100 %, 23 %
2026/03/24 01:55:26.041, 3, 575.78 W, 43, 2032 MHz, 3996 MHz, 100 %, 23 %
2026/03/24 01:55:26.041, 4, 179.49 W, 25, 120 MHz, 3996 MHz, 0 %, 0 %
2026/03/24 01:55:26.041, 5, 180.96 W, 27, 120 MHz, 3996 MHz, 0 %, 0 %
2026/03/24 01:55:26.041, 6, 178.64 W, 26, 120 MHz, 3996 MHz, 0 %, 0 %
2026/03/24 01:55:26.041, 7, 176.66 W, 27, 120 MHz, 3996 MHz, 0 %, 0 %
2026/03/24 01:55:27.041, 0, 552.86 W, 39, 2032 MHz, 3996 MHz, 96 %, 20 %
2026/03/24 01:55:27.041, 1, 555.07 W, 42, 2032 MHz, 3996 MHz, 95 %, 69 %
2026/03/24 01:55:27.041, 2, 548.07 W, 39, 2032 MHz, 3996 MHz, 96 %, 71 %
2026/03/24 01:55:27.041, 3, 554.54 W, 43, 2032 MHz, 3996 MHz, 100 %, 75 %
2026/03/24 01:55:27.041, 4, 179.59 W, 25, 120 MHz, 3996 MHz, 0 %, 0 %
2026/03/24 01:55:27.041, 5, 180.89 W, 27, 120 MHz, 3996 MHz, 0 %, 0 %
2026/03/24 01:55:27.041, 6, 178.64 W, 26, 120 MHz, 3996 MHz, 0 %, 0 %
2026/03/24 01:55:27.041, 7, 176.58 W, 27, 120 MHz, 3996 MHz, 0 %, 0 %
2026/03/24 01:55:28.041, 0, 603.34 W, 39, 2032 MHz, 3996 MHz, 79 %, 32 %
2026/03/24 01:55:28.041, 1, 618.83 W, 43, 2032 MHz, 3996 MHz, 62 %, 30 %
2026/03/24 01:55:28.041, 2, 615.99 W, 39, 2032 MHz, 3996 MHz, 46 %, 29 %
2026/03/24 01:55:28.041, 3, 615.70 W, 43, 2032 MHz, 3996 MHz, 74 %, 25 %
2026/03/24 01:55:28.041, 4, 179.57 W, 25, 120 MHz, 3996 MHz, 0 %, 0 %
2026/03/24 01:55:28.041, 5, 180.85 W, 27, 120 MHz, 3996 MHz, 0 %, 0 %
2026/03/24 01:55:28.041, 6, 178.64 W, 26, 120 MHz, 3996 MHz, 0 %, 0 %
2026/03/24 01:55:28.041, 7, 176.62 W, 27, 120 MHz, 3996 MHz, 0 %, 0 %
2026/03/24 01:55:29.041, 0, 526.60 W, 38, 2032 MHz, 3996 MHz, 81 %, 25 %
2026/03/24 01:55:29.041, 1, 527.38 W, 41, 2032 MHz, 3996 MHz, 98 %, 19 %
2026/03/24 01:55:29.041, 2, 529.77 W, 37, 2032 MHz, 3996 MHz, 34 %, 19 %
2026/03/24 01:55:29.041, 3, 534.58 W, 42, 2032 MHz, 3996 MHz, 98 %, 19 %
2026/03/24 01:55:29.041, 4, 179.57 W, 25, 120 MHz, 3996 MHz, 0 %, 0 %
2026/03/24 01:55:29.041, 5, 180.85 W, 27, 120 MHz, 3996 MHz, 0 %, 0 %
2026/03/24 01:55:29.041, 6, 178.64 W, 26, 120 MHz, 3996 MHz, 0 %, 0 %
2026/03/24 01:55:29.041, 7, 176.58 W, 27, 120 MHz, 3996 MHz, 0 %, 0 %
2026/03/24 01:55:30.042, 0, 576.48 W, 38, 2032 MHz, 3996 MHz, 87 %, 20 %
2026/03/24 01:55:30.042, 1, 579.16 W, 41, 2032 MHz, 3996 MHz, 70 %, 45 %
2026/03/24 01:55:30.042, 2, 575.41 W, 38, 2032 MHz, 3996 MHz, 66 %, 46 %
2026/03/24 01:55:30.042, 3, 586.48 W, 42, 2032 MHz, 3996 MHz, 72 %, 46 %
2026/03/24 01:55:30.042, 4, 179.71 W, 25, 120 MHz, 3996 MHz, 0 %, 0 %
2026/03/24 01:55:30.042, 5, 180.74 W, 27, 120 MHz, 3996 MHz, 0 %, 0 %
2026/03/24 01:55:30.042, 6, 178.64 W, 26, 120 MHz, 3996 MHz, 0 %, 0 %
2026/03/24 01:55:30.042, 7, 176.58 W, 27, 120 MHz, 3996 MHz, 0 %, 0 %
2026/03/24 01:55:31.042, 0, 621.93 W, 40, 2032 MHz, 3996 MHz, 99 %, 25 %
2026/03/24 01:55:31.042, 1, 628.61 W, 43, 2032 MHz, 3996 MHz, 55 %, 26 %
2026/03/24 01:55:31.042, 2, 632.77 W, 39, 2032 MHz, 3996 MHz, 100 %, 24 %
2026/03/24 01:55:31.042, 3, 630.84 W, 44, 2032 MHz, 3996 MHz, 100 %, 23 %
2026/03/24 01:55:31.042, 4, 179.66 W, 25, 120 MHz, 3996 MHz, 0 %, 0 %
2026/03/24 01:55:31.042, 5, 180.97 W, 27, 120 MHz, 3996 MHz, 0 %, 0 %
2026/03/24 01:55:31.042, 6, 178.64 W, 26, 120 MHz, 3996 MHz, 0 %, 0 %
2026/03/24 01:55:31.042, 7, 176.62 W, 27, 120 MHz, 3996 MHz, 0 %, 0 %
2026/03/24 01:55:32.042, 0, 572.25 W, 38, 2032 MHz, 3996 MHz, 91 %, 20 %
2026/03/24 01:55:32.042, 1, 589.39 W, 41, 2032 MHz, 3996 MHz, 60 %, 32 %
2026/03/24 01:55:32.042, 2, 588.64 W, 38, 2032 MHz, 3996 MHz, 52 %, 33 %
2026/03/24 01:55:32.042, 3, 587.74 W, 42, 2032 MHz, 3996 MHz, 71 %, 33 %
2026/03/24 01:55:32.042, 4, 179.45 W, 25, 120 MHz, 3996 MHz, 0 %, 0 %
2026/03/24 01:55:32.042, 5, 181.00 W, 27, 120 MHz, 3996 MHz, 0 %, 0 %
2026/03/24 01:55:32.042, 6, 178.64 W, 26, 120 MHz, 3996 MHz, 0 %, 0 %
2026/03/24 01:55:32.042, 7, 176.66 W, 27, 120 MHz, 3996 MHz, 0 %, 0 %
2026/03/24 01:55:33.042, 0, 843.83 W, 43, 2032 MHz, 3996 MHz, 100 %, 75 %
2026/03/24 01:55:33.042, 1, 872.11 W, 46, 2032 MHz, 3996 MHz, 100 %, 75 %
2026/03/24 01:55:33.042, 2, 855.11 W, 42, 2032 MHz, 3996 MHz, 100 %, 76 %
2026/03/24 01:55:33.042, 3, 870.38 W, 47, 2032 MHz, 3996 MHz, 100 %, 75 %
2026/03/24 01:55:33.042, 4, 179.73 W, 25, 120 MHz, 3996 MHz, 0 %, 0 %
2026/03/24 01:55:33.042, 5, 180.89 W, 27, 120 MHz, 3996 MHz, 0 %, 0 %
2026/03/24 01:55:33.042, 6, 178.64 W, 26, 120 MHz, 3996 MHz, 0 %, 0 %
2026/03/24 01:55:33.042, 7, 176.58 W, 27, 120 MHz, 3996 MHz, 0 %, 0 %
2026/03/24 01:55:34.042, 0, 912.35 W, 43, 2032 MHz, 3996 MHz, 100 %, 76 %
2026/03/24 01:55:34.042, 1, 918.84 W, 46, 2032 MHz, 3996 MHz, 100 %, 75 %
2026/03/24 01:55:34.042, 2, 905.85 W, 43, 2032 MHz, 3996 MHz, 100 %, 76 %
2026/03/24 01:55:34.042, 3, 915.68 W, 47, 2032 MHz, 3996 MHz, 100 %, 75 %
2026/03/24 01:55:34.042, 4, 179.90 W, 25, 120 MHz, 3996 MHz, 0 %, 0 %
2026/03/24 01:55:34.042, 5, 180.70 W, 27, 120 MHz, 3996 MHz, 0 %, 0 %
2026/03/24 01:55:34.042, 6, 178.64 W, 26, 120 MHz, 3996 MHz, 0 %, 0 %
2026/03/24 01:55:34.042, 7, 176.62 W, 27, 120 MHz, 3996 MHz, 0 %, 0 %
2026/03/24 01:55:35.042, 0, 909.02 W, 43, 2032 MHz, 3996 MHz, 100 %, 75 %
2026/03/24 01:55:35.042, 1, 921.02 W, 47, 2032 MHz, 3996 MHz, 100 %, 76 %
2026/03/24 01:55:35.042, 2, 905.02 W, 43, 2032 MHz, 3996 MHz, 100 %, 76 %
2026/03/24 01:55:35.042, 3, 917.67 W, 48, 2032 MHz, 3996 MHz, 100 %, 75 %
2026/03/24 01:55:35.042, 4, 179.58 W, 25, 120 MHz, 3996 MHz, 0 %, 0 %
2026/03/24 01:55:35.042, 5, 180.78 W, 27, 120 MHz, 3996 MHz, 0 %, 0 %
2026/03/24 01:55:35.042, 6, 178.64 W, 26, 120 MHz, 3996 MHz, 0 %, 0 %
2026/03/24 01:55:35.042, 7, 176.62 W, 27, 120 MHz, 3996 MHz, 0 %, 0 %
2026/03/24 01:55:36.042, 0, 911.39 W, 44, 2032 MHz, 3996 MHz, 100 %, 75 %
2026/03/24 01:55:36.042, 1, 927.11 W, 47, 2032 MHz, 3996 MHz, 100 %, 75 %
2026/03/24 01:55:36.042, 2, 906.53 W, 43, 2032 MHz, 3996 MHz, 100 %, 76 %
2026/03/24 01:55:36.042, 3, 921.51 W, 48, 2032 MHz, 3996 MHz, 100 %, 75 %
2026/03/24 01:55:36.042, 4, 179.38 W, 25, 120 MHz, 3996 MHz, 0 %, 0 %
2026/03/24 01:55:36.042, 5, 181.01 W, 27, 120 MHz, 3996 MHz, 0 %, 0 %
2026/03/24 01:55:36.042, 6, 178.59 W, 26, 120 MHz, 3996 MHz, 0 %, 0 %
2026/03/24 01:55:36.042, 7, 176.62 W, 27, 120 MHz, 3996 MHz, 0 %, 0 %
2026/03/24 01:55:37.043, 0, 911.08 W, 44, 2032 MHz, 3996 MHz, 100 %, 75 %
2026/03/24 01:55:37.043, 1, 923.90 W, 47, 2032 MHz, 3996 MHz, 100 %, 75 %
2026/03/24 01:55:37.043, 2, 907.27 W, 43, 2032 MHz, 3996 MHz, 100 %, 76 %
2026/03/24 01:55:37.043, 3, 921.27 W, 48, 2032 MHz, 3996 MHz, 100 %, 75 %
2026/03/24 01:55:37.043, 4, 179.57 W, 25, 120 MHz, 3996 MHz, 0 %, 0 %
2026/03/24 01:55:37.043, 5, 180.74 W, 27, 120 MHz, 3996 MHz, 0 %, 0 %
2026/03/24 01:55:37.043, 6, 178.64 W, 26, 120 MHz, 3996 MHz, 0 %, 0 %
2026/03/24 01:55:37.043, 7, 176.58 W, 27, 120 MHz, 3996 MHz, 0 %, 0 %
2026/03/24 01:55:38.043, 0, 918.53 W, 44, 2032 MHz, 3996 MHz, 100 %, 76 %
2026/03/24 01:55:38.043, 1, 928.05 W, 47, 2032 MHz, 3996 MHz, 100 %, 76 %
2026/03/24 01:55:38.043, 2, 905.65 W, 44, 2032 MHz, 3996 MHz, 100 %, 76 %
2026/03/24 01:55:38.043, 3, 924.75 W, 48, 2032 MHz, 3996 MHz, 100 %, 75 %
2026/03/24 01:55:38.043, 4, 179.73 W, 25, 120 MHz, 3996 MHz, 0 %, 0 %
2026/03/24 01:55:38.043, 5, 180.81 W, 27, 120 MHz, 3996 MHz, 0 %, 0 %
2026/03/24 01:55:38.043, 6, 178.63 W, 26, 120 MHz, 3996 MHz, 0 %, 0 %
2026/03/24 01:55:38.043, 7, 176.66 W, 27, 120 MHz, 3996 MHz, 0 %, 0 %
2026/03/24 01:55:39.043, 0, 914.89 W, 44, 2032 MHz, 3996 MHz, 100 %, 76 %
2026/03/24 01:55:39.043, 1, 926.00 W, 47, 2032 MHz, 3996 MHz, 100 %, 76 %
2026/03/24 01:55:39.043, 2, 911.73 W, 44, 2032 MHz, 3996 MHz, 100 %, 75 %
2026/03/24 01:55:39.043, 3, 921.99 W, 48, 2032 MHz, 3996 MHz, 100 %, 75 %
2026/03/24 01:55:39.043, 4, 179.48 W, 25, 120 MHz, 3996 MHz, 0 %, 0 %
2026/03/24 01:55:39.043, 5, 180.70 W, 27, 120 MHz, 3996 MHz, 0 %, 0 %
2026/03/24 01:55:39.043, 6, 178.64 W, 26, 120 MHz, 3996 MHz, 0 %, 0 %
2026/03/24 01:55:39.043, 7, 176.58 W, 27, 120 MHz, 3996 MHz, 0 %, 0 %
2026/03/24 01:55:40.043, 0, 914.84 W, 44, 2032 MHz, 3996 MHz, 100 %, 76 %
2026/03/24 01:55:40.043, 1, 920.94 W, 48, 2032 MHz, 3996 MHz, 100 %, 76 %
2026/03/24 01:55:40.043, 2, 911.39 W, 44, 2032 MHz, 3996 MHz, 100 %, 76 %
2026/03/24 01:55:40.043, 3, 928.45 W, 48, 2032 MHz, 3996 MHz, 100 %, 75 %
2026/03/24 01:55:40.043, 4, 179.69 W, 25, 120 MHz, 3996 MHz, 0 %, 0 %
2026/03/24 01:55:40.043, 5, 180.93 W, 27, 120 MHz, 3996 MHz, 0 %, 0 %
2026/03/24 01:55:40.043, 6, 178.64 W, 26, 120 MHz, 3996 MHz, 0 %, 0 %
2026/03/24 01:55:40.043, 7, 176.62 W, 27, 120 MHz, 3996 MHz, 0 %, 0 %
2026/03/24 01:55:41.043, 0, 916.63 W, 44, 2032 MHz, 3996 MHz, 100 %, 76 %
2026/03/24 01:55:41.043, 1, 929.21 W, 48, 2032 MHz, 3996 MHz, 100 %, 75 %
2026/03/24 01:55:41.043, 2, 910.48 W, 44, 2032 MHz, 3996 MHz, 100 %, 76 %
2026/03/24 01:55:41.043, 3, 924.41 W, 49, 2032 MHz, 3996 MHz, 100 %, 75 %
2026/03/24 01:55:41.043, 4, 179.83 W, 25, 120 MHz, 3996 MHz, 0 %, 0 %
2026/03/24 01:55:41.043, 5, 180.62 W, 27, 120 MHz, 3996 MHz, 0 %, 0 %
2026/03/24 01:55:41.043, 6, 178.64 W, 26, 120 MHz, 3996 MHz, 0 %, 0 %
2026/03/24 01:55:41.043, 7, 176.58 W, 27, 120 MHz, 3996 MHz, 0 %, 0 %
2026/03/24 01:55:42.043, 0, 914.62 W, 44, 2032 MHz, 3996 MHz, 100 %, 75 %
2026/03/24 01:55:42.043, 1, 926.28 W, 48, 2032 MHz, 3996 MHz, 100 %, 75 %
2026/03/24 01:55:42.043, 2, 911.36 W, 44, 2032 MHz, 3996 MHz, 100 %, 75 %
2026/03/24 01:55:42.043, 3, 922.15 W, 49, 2032 MHz, 3996 MHz, 100 %, 75 %
2026/03/24 01:55:42.043, 4, 179.77 W, 25, 120 MHz, 3996 MHz, 0 %, 0 %
2026/03/24 01:55:42.043, 5, 180.62 W, 27, 120 MHz, 3996 MHz, 0 %, 0 %
2026/03/24 01:55:42.043, 6, 178.64 W, 26, 120 MHz, 3996 MHz, 0 %, 0 %
2026/03/24 01:55:42.043, 7, 176.62 W, 27, 120 MHz, 3996 MHz, 0 %, 0 %
2026/03/24 01:55:43.043, 0, 913.48 W, 45, 2032 MHz, 3996 MHz, 100 %, 75 %
2026/03/24 01:55:43.043, 1, 926.46 W, 48, 2032 MHz, 3996 MHz, 100 %, 75 %
2026/03/24 01:55:43.043, 2, 911.03 W, 44, 2032 MHz, 3996 MHz, 100 %, 75 %
2026/03/24 01:55:43.043, 3, 924.74 W, 49, 2032 MHz, 3996 MHz, 100 %, 75 %
2026/03/24 01:55:43.043, 4, 179.61 W, 25, 120 MHz, 3996 MHz, 0 %, 0 %
2026/03/24 01:55:43.043, 5, 180.78 W, 27, 120 MHz, 3996 MHz, 0 %, 0 %
2026/03/24 01:55:43.043, 6, 178.64 W, 26, 120 MHz, 3996 MHz, 0 %, 0 %
2026/03/24 01:55:43.044, 7, 176.58 W, 27, 120 MHz, 3996 MHz, 0 %, 0 %
2026/03/24 01:55:44.044, 0, 913.15 W, 45, 2032 MHz, 3996 MHz, 100 %, 75 %
2026/03/24 01:55:44.044, 1, 928.24 W, 48, 2032 MHz, 3996 MHz, 100 %, 75 %
2026/03/24 01:55:44.044, 2, 910.73 W, 44, 2032 MHz, 3996 MHz, 100 %, 75 %
2026/03/24 01:55:44.044, 3, 927.90 W, 49, 2032 MHz, 3996 MHz, 100 %, 76 %
2026/03/24 01:55:44.044, 4, 179.31 W, 25, 120 MHz, 3996 MHz, 0 %, 0 %
2026/03/24 01:55:44.044, 5, 180.77 W, 27, 120 MHz, 3996 MHz, 0 %, 0 %
2026/03/24 01:55:44.044, 6, 178.64 W, 26, 120 MHz, 3996 MHz, 0 %, 0 %
2026/03/24 01:55:44.044, 7, 176.62 W, 27, 120 MHz, 3996 MHz, 0 %, 0 %
2026/03/24 01:55:45.044, 0, 913.21 W, 45, 2032 MHz, 3996 MHz, 100 %, 76 %
2026/03/24 01:55:45.044, 1, 926.91 W, 48, 2032 MHz, 3996 MHz, 100 %, 76 %
2026/03/24 01:55:45.044, 2, 911.03 W, 44, 2032 MHz, 3996 MHz, 100 %, 76 %
2026/03/24 01:55:45.044, 3, 925.01 W, 49, 2032 MHz, 3996 MHz, 100 %, 75 %
2026/03/24 01:55:45.044, 4, 179.63 W, 25, 120 MHz, 3996 MHz, 0 %, 0 %
2026/03/24 01:55:45.044, 5, 180.70 W, 27, 120 MHz, 3996 MHz, 0 %, 0 %
2026/03/24 01:55:45.044, 6, 178.64 W, 26, 120 MHz, 3996 MHz, 0 %, 0 %
2026/03/24 01:55:45.044, 7, 176.62 W, 27, 120 MHz, 3996 MHz, 0 %, 0 %
2026/03/24 01:55:46.044, 0, 914.15 W, 45, 2032 MHz, 3996 MHz, 100 %, 76 %
2026/03/24 01:55:46.044, 1, 929.10 W, 48, 2032 MHz, 3996 MHz, 100 %, 75 %
2026/03/24 01:55:46.044, 2, 912.18 W, 45, 2032 MHz, 3996 MHz, 100 %, 76 %
2026/03/24 01:55:46.044, 3, 925.93 W, 49, 2032 MHz, 3996 MHz, 100 %, 76 %
2026/03/24 01:55:46.044, 4, 179.63 W, 25, 120 MHz, 3996 MHz, 0 %, 0 %
2026/03/24 01:55:46.044, 5, 180.74 W, 27, 120 MHz, 3996 MHz, 0 %, 0 %
2026/03/24 01:55:46.044, 6, 178.64 W, 26, 120 MHz, 3996 MHz, 0 %, 0 %
2026/03/24 01:55:46.044, 7, 176.62 W, 27, 120 MHz, 3996 MHz, 0 %, 0 %
2026/03/24 01:55:47.044, 0, 918.76 W, 45, 2032 MHz, 3996 MHz, 100 %, 76 %
2026/03/24 01:55:47.044, 1, 927.85 W, 48, 2032 MHz, 3996 MHz, 100 %, 76 %
2026/03/24 01:55:47.044, 2, 912.31 W, 45, 2032 MHz, 3996 MHz, 100 %, 76 %
2026/03/24 01:55:47.044, 3, 931.51 W, 49, 2032 MHz, 3996 MHz, 100 %, 76 %
2026/03/24 01:55:47.044, 4, 179.95 W, 25, 120 MHz, 3996 MHz, 0 %, 0 %
2026/03/24 01:55:47.044, 5, 180.85 W, 27, 120 MHz, 3996 MHz, 0 %, 0 %
2026/03/24 01:55:47.044, 6, 178.60 W, 26, 120 MHz, 3996 MHz, 0 %, 0 %
2026/03/24 01:55:47.044, 7, 176.66 W, 27, 120 MHz, 3996 MHz, 0 %, 0 %
2026/03/24 01:55:48.044, 0, 917.79 W, 45, 2032 MHz, 3996 MHz, 100 %, 76 %
2026/03/24 01:55:48.044, 1, 931.55 W, 49, 2032 MHz, 3996 MHz, 100 %, 75 %
2026/03/24 01:55:48.044, 2, 911.23 W, 45, 2032 MHz, 3996 MHz, 100 %, 76 %
2026/03/24 01:55:48.044, 3, 930.46 W, 49, 2032 MHz, 3996 MHz, 100 %, 76 %
2026/03/24 01:55:48.044, 4, 179.72 W, 25, 120 MHz, 3996 MHz, 0 %, 0 %
2026/03/24 01:55:48.044, 5, 180.66 W, 27, 120 MHz, 3996 MHz, 0 %, 0 %
2026/03/24 01:55:48.044, 6, 178.64 W, 26, 120 MHz, 3996 MHz, 0 %, 0 %
2026/03/24 01:55:48.044, 7, 176.58 W, 27, 120 MHz, 3996 MHz, 0 %, 0 %
2026/03/24 01:55:49.044, 0, 787.21 W, 44, 2032 MHz, 3996 MHz, 91 %, 22 %
2026/03/24 01:55:49.044, 1, 770.42 W, 46, 2032 MHz, 3996 MHz, 100 %, 76 %
2026/03/24 01:55:49.044, 2, 753.32 W, 42, 2032 MHz, 3996 MHz, 100 %, 76 %
2026/03/24 01:55:49.044, 3, 790.38 W, 48, 2032 MHz, 3996 MHz, 100 %, 75 %
2026/03/24 01:55:49.044, 4, 179.55 W, 25, 120 MHz, 3996 MHz, 0 %, 0 %
2026/03/24 01:55:49.044, 5, 180.74 W, 27, 120 MHz, 3996 MHz, 0 %, 0 %
2026/03/24 01:55:49.044, 6, 178.64 W, 26, 120 MHz, 3996 MHz, 0 %, 0 %
2026/03/24 01:55:49.044, 7, 176.58 W, 27, 120 MHz, 3996 MHz, 0 %, 0 %
2026/03/24 01:55:50.044, 0, 646.96 W, 41, 2032 MHz, 3996 MHz, 99 %, 20 %
2026/03/24 01:55:50.045, 1, 668.18 W, 45, 2032 MHz, 3996 MHz, 100 %, 20 %
2026/03/24 01:55:50.045, 2, 657.91 W, 41, 2032 MHz, 3996 MHz, 35 %, 20 %
2026/03/24 01:55:50.045, 3, 659.28 W, 45, 2032 MHz, 3996 MHz, 100 %, 67 %
2026/03/24 01:55:50.045, 4, 179.26 W, 25, 120 MHz, 3996 MHz, 0 %, 0 %
2026/03/24 01:55:50.045, 5, 180.66 W, 27, 120 MHz, 3996 MHz, 0 %, 0 %
2026/03/24 01:55:50.045, 6, 178.64 W, 26, 120 MHz, 3996 MHz, 0 %, 0 %
2026/03/24 01:55:50.045, 7, 176.62 W, 27, 120 MHz, 3996 MHz, 0 %, 0 %
2026/03/24 01:55:51.045, 0, 626.69 W, 41, 2032 MHz, 3996 MHz, 100 %, 62 %
2026/03/24 01:55:51.045, 1, 615.28 W, 44, 2032 MHz, 3996 MHz, 73 %, 48 %
2026/03/24 01:55:51.045, 2, 612.54 W, 42, 2032 MHz, 3996 MHz, 67 %, 48 %
2026/03/24 01:55:51.045, 3, 625.02 W, 45, 2032 MHz, 3996 MHz, 78 %, 52 %
2026/03/24 01:55:51.045, 4, 179.62 W, 25, 120 MHz, 3996 MHz, 0 %, 0 %
2026/03/24 01:55:51.045, 5, 180.66 W, 27, 120 MHz, 3996 MHz, 0 %, 0 %
2026/03/24 01:55:51.045, 6, 178.63 W, 26, 120 MHz, 3996 MHz, 0 %, 0 %
2026/03/24 01:55:51.045, 7, 176.58 W, 27, 120 MHz, 3996 MHz, 0 %, 0 %
2026/03/24 01:55:52.045, 0, 624.42 W, 40, 2032 MHz, 3996 MHz, 41 %, 19 %
2026/03/24 01:55:52.045, 1, 634.06 W, 44, 2032 MHz, 3996 MHz, 93 %, 33 %
2026/03/24 01:55:52.045, 2, 619.78 W, 40, 2032 MHz, 3996 MHz, 94 %, 33 %
2026/03/24 01:55:52.045, 3, 632.71 W, 45, 2032 MHz, 3996 MHz, 49 %, 20 %
2026/03/24 01:55:52.045, 4, 179.82 W, 25, 120 MHz, 3996 MHz, 0 %, 0 %
2026/03/24 01:55:52.045, 5, 180.66 W, 27, 120 MHz, 3996 MHz, 0 %, 0 %
2026/03/24 01:55:52.045, 6, 178.64 W, 26, 120 MHz, 3996 MHz, 0 %, 0 %
2026/03/24 01:55:52.045, 7, 176.58 W, 27, 120 MHz, 3996 MHz, 0 %, 0 %
2026/03/24 01:55:53.045, 0, 668.81 W, 42, 2032 MHz, 3996 MHz, 100 %, 76 %
2026/03/24 01:55:53.045, 1, 674.84 W, 45, 2032 MHz, 3996 MHz, 93 %, 69 %
2026/03/24 01:55:53.045, 2, 666.14 W, 40, 2032 MHz, 3996 MHz, 93 %, 71 %
2026/03/24 01:55:53.045, 3, 674.71 W, 46, 2032 MHz, 3996 MHz, 40 %, 19 %
2026/03/24 01:55:53.045, 4, 179.39 W, 25, 120 MHz, 3996 MHz, 0 %, 0 %
2026/03/24 01:55:53.045, 5, 180.74 W, 27, 120 MHz, 3996 MHz, 0 %, 0 %
2026/03/24 01:55:53.045, 6, 178.60 W, 26, 120 MHz, 3996 MHz, 0 %, 0 %
2026/03/24 01:55:53.045, 7, 176.62 W, 27, 120 MHz, 3996 MHz, 0 %, 0 %
2026/03/24 01:55:54.045, 0, 638.06 W, 42, 2032 MHz, 3996 MHz, 100 %, 60 %
2026/03/24 01:55:54.045, 1, 659.47 W, 46, 2032 MHz, 3996 MHz, 96 %, 72 %
2026/03/24 01:55:54.045, 2, 663.03 W, 43, 2032 MHz, 3996 MHz, 100 %, 71 %
2026/03/24 01:55:54.045, 3, 659.14 W, 47, 2032 MHz, 3996 MHz, 100 %, 67 %
2026/03/24 01:55:54.045, 4, 179.46 W, 25, 120 MHz, 3996 MHz, 0 %, 0 %
2026/03/24 01:55:54.045, 5, 180.70 W, 27, 120 MHz, 3996 MHz, 0 %, 0 %
2026/03/24 01:55:54.045, 6, 178.64 W, 26, 120 MHz, 3996 MHz, 0 %, 0 %
2026/03/24 01:55:54.045, 7, 176.58 W, 27, 120 MHz, 3996 MHz, 0 %, 0 %
2026/03/24 01:55:55.045, 0, 619.22 W, 40, 2032 MHz, 3996 MHz, 83 %, 23 %
2026/03/24 01:55:55.045, 1, 597.57 W, 43, 2032 MHz, 3996 MHz, 95 %, 22 %
2026/03/24 01:55:55.045, 2, 594.95 W, 40, 2032 MHz, 3996 MHz, 94 %, 23 %
2026/03/24 01:55:55.045, 3, 611.59 W, 45, 2032 MHz, 3996 MHz, 73 %, 23 %
2026/03/24 01:55:55.045, 4, 179.55 W, 25, 120 MHz, 3996 MHz, 0 %, 0 %
2026/03/24 01:55:55.045, 5, 180.70 W, 27, 120 MHz, 3996 MHz, 0 %, 0 %
2026/03/24 01:55:55.045, 6, 178.64 W, 26, 120 MHz, 3996 MHz, 0 %, 0 %
2026/03/24 01:55:55.045, 7, 176.66 W, 27, 120 MHz, 3996 MHz, 0 %, 0 %
2026/03/24 01:55:56.045, 0, 540.19 W, 39, 2032 MHz, 3996 MHz, 99 %, 20 %
2026/03/24 01:55:56.045, 1, 541.74 W, 42, 2032 MHz, 3996 MHz, 99 %, 19 %
2026/03/24 01:55:56.045, 2, 551.15 W, 40, 2032 MHz, 3996 MHz, 90 %, 19 %
2026/03/24 01:55:56.045, 3, 541.08 W, 43, 2032 MHz, 3996 MHz, 35 %, 20 %
2026/03/24 01:55:56.045, 4, 179.55 W, 25, 120 MHz, 3996 MHz, 0 %, 0 %
2026/03/24 01:55:56.045, 5, 180.78 W, 27, 120 MHz, 3996 MHz, 0 %, 0 %
2026/03/24 01:55:56.045, 6, 178.64 W, 26, 120 MHz, 3996 MHz, 0 %, 0 %
2026/03/24 01:55:56.045, 7, 176.66 W, 27, 120 MHz, 3996 MHz, 0 %, 0 %
2026/03/24 01:55:57.046, 0, 596.46 W, 40, 2032 MHz, 3996 MHz, 92 %, 48 %
2026/03/24 01:55:57.046, 1, 617.47 W, 43, 2032 MHz, 3996 MHz, 62 %, 30 %
2026/03/24 01:55:57.046, 2, 605.15 W, 39, 2032 MHz, 3996 MHz, 54 %, 34 %
2026/03/24 01:55:57.046, 3, 616.42 W, 44, 2032 MHz, 3996 MHz, 55 %, 35 %
2026/03/24 01:55:57.046, 4, 179.47 W, 25, 120 MHz, 3996 MHz, 0 %, 0 %
2026/03/24 01:55:57.046, 5, 180.66 W, 27, 120 MHz, 3996 MHz, 0 %, 0 %
2026/03/24 01:55:57.046, 6, 178.60 W, 26, 120 MHz, 3996 MHz, 0 %, 0 %
2026/03/24 01:55:57.046, 7, 176.58 W, 27, 120 MHz, 3996 MHz, 0 %, 0 %
2026/03/24 01:55:58.046, 0, 539.75 W, 40, 2032 MHz, 3996 MHz, 100 %, 23 %
2026/03/24 01:55:58.046, 1, 540.56 W, 44, 2032 MHz, 3996 MHz, 97 %, 23 %
2026/03/24 01:55:58.046, 2, 541.34 W, 40, 2032 MHz, 3996 MHz, 78 %, 22 %
2026/03/24 01:55:58.046, 3, 541.41 W, 44, 2032 MHz, 3996 MHz, 60 %, 23 %
2026/03/24 01:55:58.046, 4, 179.48 W, 25, 120 MHz, 3996 MHz, 0 %, 0 %
2026/03/24 01:55:58.046, 5, 180.74 W, 27, 120 MHz, 3996 MHz, 0 %, 0 %
2026/03/24 01:55:58.046, 6, 178.64 W, 26, 120 MHz, 3996 MHz, 0 %, 0 %
2026/03/24 01:55:58.046, 7, 176.62 W, 27, 120 MHz, 3996 MHz, 0 %, 0 %
2026/03/24 01:55:59.046, 0, 558.44 W, 39, 2032 MHz, 3996 MHz, 99 %, 31 %
2026/03/24 01:55:59.046, 1, 557.69 W, 42, 2032 MHz, 3996 MHz, 68 %, 34 %
2026/03/24 01:55:59.046, 2, 548.72 W, 39, 2032 MHz, 3996 MHz, 52 %, 34 %
2026/03/24 01:55:59.046, 3, 565.37 W, 43, 2032 MHz, 3996 MHz, 66 %, 20 %
2026/03/24 01:55:59.046, 4, 179.63 W, 25, 120 MHz, 3996 MHz, 0 %, 0 %
2026/03/24 01:55:59.046, 5, 180.58 W, 27, 120 MHz, 3996 MHz, 0 %, 0 %
2026/03/24 01:55:59.046, 6, 178.64 W, 26, 120 MHz, 3996 MHz, 0 %, 0 %
2026/03/24 01:55:59.046, 7, 176.62 W, 27, 120 MHz, 3996 MHz, 0 %, 0 %
2026/03/24 01:56:00.046, 0, 652.20 W, 41, 2032 MHz, 3996 MHz, 99 %, 20 %
2026/03/24 01:56:00.046, 1, 677.42 W, 45, 2032 MHz, 3996 MHz, 93 %, 28 %
2026/03/24 01:56:00.046, 2, 662.73 W, 40, 2032 MHz, 3996 MHz, 58 %, 27 %
2026/03/24 01:56:00.046, 3, 679.50 W, 45, 2032 MHz, 3996 MHz, 94 %, 70 %
2026/03/24 01:56:00.046, 4, 179.46 W, 25, 120 MHz, 3996 MHz, 0 %, 0 %
2026/03/24 01:56:00.046, 5, 180.70 W, 27, 120 MHz, 3996 MHz, 0 %, 0 %
2026/03/24 01:56:00.046, 6, 178.64 W, 26, 120 MHz, 3996 MHz, 0 %, 0 %
2026/03/24 01:56:00.046, 7, 176.58 W, 27, 120 MHz, 3996 MHz, 0 %, 0 %
2026/03/24 01:56:01.046, 0, 569.17 W, 39, 2032 MHz, 3996 MHz, 92 %, 34 %
2026/03/24 01:56:01.046, 1, 587.07 W, 42, 2032 MHz, 3996 MHz, 57 %, 30 %
2026/03/24 01:56:01.046, 2, 576.36 W, 41, 2032 MHz, 3996 MHz, 48 %, 31 %
2026/03/24 01:56:01.046, 3, 574.53 W, 43, 2032 MHz, 3996 MHz, 92 %, 40 %
2026/03/24 01:56:01.046, 4, 179.61 W, 25, 120 MHz, 3996 MHz, 0 %, 0 %
2026/03/24 01:56:01.046, 5, 180.58 W, 27, 120 MHz, 3996 MHz, 0 %, 0 %
2026/03/24 01:56:01.046, 6, 178.63 W, 26, 120 MHz, 3996 MHz, 0 %, 0 %
2026/03/24 01:56:01.046, 7, 176.58 W, 27, 120 MHz, 3996 MHz, 0 %, 0 %
2026/03/24 01:56:02.046, 0, 621.28 W, 39, 2032 MHz, 3996 MHz, 69 %, 20 %
2026/03/24 01:56:02.046, 1, 613.64 W, 44, 2032 MHz, 3996 MHz, 63 %, 20 %
2026/03/24 01:56:02.046, 2, 605.64 W, 40, 2032 MHz, 3996 MHz, 37 %, 20 %
2026/03/24 01:56:02.046, 3, 629.70 W, 44, 2032 MHz, 3996 MHz, 74 %, 34 %
2026/03/24 01:56:02.046, 4, 179.52 W, 25, 120 MHz, 3996 MHz, 0 %, 0 %
2026/03/24 01:56:02.046, 5, 180.70 W, 27, 120 MHz, 3996 MHz, 0 %, 0 %
2026/03/24 01:56:02.046, 6, 178.64 W, 26, 120 MHz, 3996 MHz, 0 %, 0 %
2026/03/24 01:56:02.046, 7, 176.62 W, 27, 120 MHz, 3996 MHz, 0 %, 0 %
2026/03/24 01:56:03.046, 0, 649.84 W, 40, 2032 MHz, 3996 MHz, 84 %, 39 %
2026/03/24 01:56:03.046, 1, 642.85 W, 43, 2032 MHz, 3996 MHz, 62 %, 23 %
2026/03/24 01:56:03.046, 2, 636.29 W, 39, 2032 MHz, 3996 MHz, 46 %, 28 %
2026/03/24 01:56:03.046, 3, 650.72 W, 44, 2032 MHz, 3996 MHz, 79 %, 20 %
2026/03/24 01:56:03.046, 4, 179.95 W, 25, 120 MHz, 3996 MHz, 0 %, 0 %
2026/03/24 01:56:03.046, 5, 180.77 W, 27, 120 MHz, 3996 MHz, 0 %, 0 %
2026/03/24 01:56:03.046, 6, 178.64 W, 26, 120 MHz, 3996 MHz, 0 %, 0 %
2026/03/24 01:56:03.046, 7, 176.58 W, 27, 120 MHz, 3996 MHz, 0 %, 0 %
2026/03/24 01:56:04.047, 0, 572.03 W, 41, 2032 MHz, 3996 MHz, 100 %, 37 %
2026/03/24 01:56:04.047, 1, 596.30 W, 44, 2032 MHz, 3996 MHz, 100 %, 52 %
2026/03/24 01:56:04.047, 2, 589.02 W, 40, 2032 MHz, 3996 MHz, 73 %, 53 %
2026/03/24 01:56:04.047, 3, 595.19 W, 45, 2032 MHz, 3996 MHz, 100 %, 75 %
2026/03/24 01:56:04.047, 4, 179.73 W, 25, 120 MHz, 3996 MHz, 0 %, 0 %
2026/03/24 01:56:04.047, 5, 180.62 W, 27, 120 MHz, 3996 MHz, 0 %, 0 %
2026/03/24 01:56:04.047, 6, 178.64 W, 26, 120 MHz, 3996 MHz, 0 %, 0 %
2026/03/24 01:56:04.047, 7, 176.66 W, 27, 120 MHz, 3996 MHz, 0 %, 0 %
2026/03/24 01:56:05.047, 0, 588.59 W, 39, 2032 MHz, 3996 MHz, 99 %, 19 %
2026/03/24 01:56:05.047, 1, 598.96 W, 42, 2032 MHz, 3996 MHz, 99 %, 19 %
2026/03/24 01:56:05.047, 2, 590.04 W, 40, 2032 MHz, 3996 MHz, 36 %, 19 %
2026/03/24 01:56:05.047, 3, 597.24 W, 43, 2032 MHz, 3996 MHz, 100 %, 34 %
2026/03/24 01:56:05.047, 4, 179.87 W, 25, 120 MHz, 3996 MHz, 0 %, 0 %
2026/03/24 01:56:05.047, 5, 180.66 W, 27, 120 MHz, 3996 MHz, 0 %, 0 %
2026/03/24 01:56:05.047, 6, 178.60 W, 26, 120 MHz, 3996 MHz, 0 %, 0 %
2026/03/24 01:56:05.047, 7, 176.58 W, 27, 120 MHz, 3996 MHz, 0 %, 0 %
2026/03/24 01:56:06.047, 0, 654.07 W, 39, 2032 MHz, 3996 MHz, 99 %, 21 %
2026/03/24 01:56:06.047, 1, 652.32 W, 42, 2032 MHz, 3996 MHz, 99 %, 20 %
2026/03/24 01:56:06.047, 2, 644.11 W, 39, 2032 MHz, 3996 MHz, 39 %, 20 %
2026/03/24 01:56:06.047, 3, 662.70 W, 43, 2032 MHz, 3996 MHz, 100 %, 33 %
2026/03/24 01:56:06.047, 4, 179.57 W, 25, 120 MHz, 3996 MHz, 0 %, 0 %
2026/03/24 01:56:06.047, 5, 180.58 W, 27, 120 MHz, 3996 MHz, 0 %, 0 %
2026/03/24 01:56:06.047, 6, 178.64 W, 26, 120 MHz, 3996 MHz, 0 %, 0 %
2026/03/24 01:56:06.047, 7, 176.58 W, 27, 120 MHz, 3996 MHz, 0 %, 0 %
2026/03/24 01:56:07.047, 0, 603.78 W, 39, 2032 MHz, 3996 MHz, 100 %, 59 %
2026/03/24 01:56:07.047, 1, 601.92 W, 43, 2032 MHz, 3996 MHz, 89 %, 61 %
2026/03/24 01:56:07.047, 2, 591.51 W, 39, 2032 MHz, 3996 MHz, 89 %, 64 %
2026/03/24 01:56:07.047, 3, 607.77 W, 44, 2032 MHz, 3996 MHz, 38 %, 20 %
2026/03/24 01:56:07.047, 4, 179.70 W, 25, 120 MHz, 3996 MHz, 0 %, 0 %
2026/03/24 01:56:07.047, 5, 180.74 W, 27, 120 MHz, 3996 MHz, 0 %, 0 %
2026/03/24 01:56:07.047, 6, 178.64 W, 26, 120 MHz, 3996 MHz, 0 %, 0 %
2026/03/24 01:56:07.047, 7, 176.66 W, 27, 120 MHz, 3996 MHz, 0 %, 0 %
2026/03/24 01:56:08.047, 0, 638.34 W, 39, 2032 MHz, 3996 MHz, 95 %, 19 %
2026/03/24 01:56:08.047, 1, 676.84 W, 44, 2032 MHz, 3996 MHz, 96 %, 20 %
2026/03/24 01:56:08.047, 2, 662.78 W, 41, 2032 MHz, 3996 MHz, 36 %, 19 %
2026/03/24 01:56:08.047, 3, 664.89 W, 43, 2032 MHz, 3996 MHz, 100 %, 63 %
2026/03/24 01:56:08.047, 4, 179.51 W, 25, 120 MHz, 3996 MHz, 0 %, 0 %
2026/03/24 01:56:08.047, 5, 180.70 W, 27, 120 MHz, 3996 MHz, 0 %, 0 %
2026/03/24 01:56:08.047, 6, 178.64 W, 26, 120 MHz, 3996 MHz, 0 %, 0 %
2026/03/24 01:56:08.047, 7, 176.58 W, 27, 120 MHz, 3996 MHz, 0 %, 0 %
2026/03/24 01:56:09.047, 0, 778.53 W, 43, 2032 MHz, 3996 MHz, 100 %, 75 %
2026/03/24 01:56:09.047, 1, 772.36 W, 46, 2032 MHz, 3996 MHz, 100 %, 75 %
2026/03/24 01:56:09.047, 2, 759.99 W, 41, 2032 MHz, 3996 MHz, 100 %, 76 %
2026/03/24 01:56:09.047, 3, 787.33 W, 47, 2032 MHz, 3996 MHz, 90 %, 53 %
2026/03/24 01:56:09.047, 4, 179.35 W, 25, 120 MHz, 3996 MHz, 0 %, 0 %
2026/03/24 01:56:09.047, 5, 180.74 W, 27, 120 MHz, 3996 MHz, 0 %, 0 %
2026/03/24 01:56:09.047, 6, 178.64 W, 26, 120 MHz, 3996 MHz, 0 %, 0 %
2026/03/24 01:56:09.047, 7, 176.58 W, 27, 120 MHz, 3996 MHz, 0 %, 0 %
2026/03/24 01:56:10.047, 0, 812.84 W, 43, 2032 MHz, 3996 MHz, 100 %, 76 %
2026/03/24 01:56:10.047, 1, 835.53 W, 47, 2032 MHz, 3996 MHz, 100 %, 76 %
2026/03/24 01:56:10.047, 2, 822.79 W, 43, 2032 MHz, 3996 MHz, 100 %, 76 %
2026/03/24 01:56:10.047, 3, 828.85 W, 48, 2032 MHz, 3996 MHz, 100 %, 76 %
2026/03/24 01:56:10.047, 4, 179.72 W, 25, 120 MHz, 3996 MHz, 0 %, 0 %
2026/03/24 01:56:10.047, 5, 180.70 W, 27, 120 MHz, 3996 MHz, 0 %, 0 %
2026/03/24 01:56:10.047, 6, 178.64 W, 26, 120 MHz, 3996 MHz, 0 %, 0 %
2026/03/24 01:56:10.047, 7, 176.58 W, 27, 120 MHz, 3996 MHz, 0 %, 0 %
2026/03/24 01:56:11.048, 0, 914.28 W, 44, 2032 MHz, 3996 MHz, 100 %, 76 %
2026/03/24 01:56:11.048, 1, 925.41 W, 47, 2032 MHz, 3996 MHz, 100 %, 76 %
2026/03/24 01:56:11.048, 2, 910.86 W, 43, 2032 MHz, 3996 MHz, 100 %, 76 %
2026/03/24 01:56:11.048, 3, 925.27 W, 48, 2032 MHz, 3996 MHz, 100 %, 75 %
2026/03/24 01:56:11.048, 4, 179.38 W, 25, 120 MHz, 3996 MHz, 0 %, 0 %
2026/03/24 01:56:11.048, 5, 180.82 W, 27, 120 MHz, 3996 MHz, 0 %, 0 %
2026/03/24 01:56:11.048, 6, 178.64 W, 26, 120 MHz, 3996 MHz, 0 %, 0 %
2026/03/24 01:56:11.048, 7, 176.62 W, 27, 120 MHz, 3996 MHz, 0 %, 0 %
2026/03/24 01:56:12.048, 0, 912.43 W, 44, 2032 MHz, 3996 MHz, 100 %, 76 %
2026/03/24 01:56:12.048, 1, 928.11 W, 47, 2032 MHz, 3996 MHz, 100 %, 76 %
2026/03/24 01:56:12.048, 2, 910.18 W, 43, 2032 MHz, 3996 MHz, 100 %, 76 %
2026/03/24 01:56:12.048, 3, 927.26 W, 48, 2032 MHz, 3996 MHz, 100 %, 76 %
2026/03/24 01:56:12.048, 4, 179.57 W, 25, 120 MHz, 3996 MHz, 0 %, 0 %
2026/03/24 01:56:12.048, 5, 180.66 W, 27, 120 MHz, 3996 MHz, 0 %, 0 %
2026/03/24 01:56:12.048, 6, 178.64 W, 26, 120 MHz, 3996 MHz, 0 %, 0 %
2026/03/24 01:56:12.048, 7, 176.58 W, 27, 120 MHz, 3996 MHz, 0 %, 0 %
2026/03/24 01:56:13.048, 0, 917.67 W, 44, 2032 MHz, 3996 MHz, 100 %, 76 %
2026/03/24 01:56:13.048, 1, 926.25 W, 48, 2032 MHz, 3996 MHz, 100 %, 76 %
2026/03/24 01:56:13.048, 2, 910.36 W, 44, 2032 MHz, 3996 MHz, 100 %, 76 %
2026/03/24 01:56:13.048, 3, 926.16 W, 48, 2032 MHz, 3996 MHz, 100 %, 76 %
2026/03/24 01:56:13.048, 4, 179.70 W, 25, 120 MHz, 3996 MHz, 0 %, 0 %
2026/03/24 01:56:13.048, 5, 180.66 W, 27, 120 MHz, 3996 MHz, 0 %, 0 %
2026/03/24 01:56:13.048, 6, 178.64 W, 26, 120 MHz, 3996 MHz, 0 %, 0 %
2026/03/24 01:56:13.048, 7, 176.58 W, 27, 120 MHz, 3996 MHz, 0 %, 0 %
2026/03/24 01:56:14.048, 0, 922.37 W, 44, 2032 MHz, 3996 MHz, 100 %, 77 %
2026/03/24 01:56:14.048, 1, 927.96 W, 48, 2032 MHz, 3996 MHz, 100 %, 76 %
2026/03/24 01:56:14.048, 2, 911.76 W, 44, 2032 MHz, 3996 MHz, 100 %, 76 %
2026/03/24 01:56:14.048, 3, 931.01 W, 49, 2032 MHz, 3996 MHz, 100 %, 76 %
2026/03/24 01:56:14.048, 4, 179.56 W, 25, 120 MHz, 3996 MHz, 0 %, 0 %
2026/03/24 01:56:14.048, 5, 180.70 W, 27, 120 MHz, 3996 MHz, 0 %, 0 %
2026/03/24 01:56:14.048, 6, 178.60 W, 26, 120 MHz, 3996 MHz, 0 %, 0 %
2026/03/24 01:56:14.048, 7, 176.58 W, 27, 120 MHz, 3996 MHz, 0 %, 0 %
2026/03/24 01:56:15.048, 0, 920.59 W, 44, 2032 MHz, 3996 MHz, 100 %, 76 %
2026/03/24 01:56:15.048, 1, 928.54 W, 48, 2032 MHz, 3996 MHz, 100 %, 76 %
2026/03/24 01:56:15.048, 2, 911.95 W, 44, 2032 MHz, 3996 MHz, 100 %, 77 %
2026/03/24 01:56:15.048, 3, 928.33 W, 49, 2032 MHz, 3996 MHz, 100 %, 76 %
2026/03/24 01:56:15.048, 4, 179.71 W, 25, 120 MHz, 3996 MHz, 0 %, 0 %
2026/03/24 01:56:15.048, 5, 180.62 W, 27, 120 MHz, 3996 MHz, 0 %, 0 %
2026/03/24 01:56:15.048, 6, 178.63 W, 26, 120 MHz, 3996 MHz, 0 %, 0 %
2026/03/24 01:56:15.048, 7, 176.58 W, 27, 120 MHz, 3996 MHz, 0 %, 0 %
2026/03/24 01:56:16.048, 0, 921.39 W, 44, 2032 MHz, 3996 MHz, 100 %, 76 %
2026/03/24 01:56:16.048, 1, 930.23 W, 48, 2032 MHz, 3996 MHz, 100 %, 76 %
2026/03/24 01:56:16.048, 2, 911.55 W, 44, 2032 MHz, 3996 MHz, 100 %, 76 %
2026/03/24 01:56:16.048, 3, 927.61 W, 49, 2032 MHz, 3996 MHz, 100 %, 76 %
2026/03/24 01:56:16.048, 4, 179.61 W, 25, 120 MHz, 3996 MHz, 0 %, 0 %
2026/03/24 01:56:16.048, 5, 180.66 W, 27, 120 MHz, 3996 MHz, 0 %, 0 %
2026/03/24 01:56:16.048, 6, 178.63 W, 26, 120 MHz, 3996 MHz, 0 %, 0 %
2026/03/24 01:56:16.048, 7, 176.66 W, 27, 120 MHz, 3996 MHz, 0 %, 0 %
2026/03/24 01:56:17.048, 0, 917.36 W, 45, 2032 MHz, 3996 MHz, 100 %, 76 %
2026/03/24 01:56:17.048, 1, 932.68 W, 48, 2032 MHz, 3996 MHz, 100 %, 76 %
2026/03/24 01:56:17.048, 2, 913.53 W, 44, 2032 MHz, 3996 MHz, 100 %, 77 %
2026/03/24 01:56:17.048, 3, 929.17 W, 49, 2032 MHz, 3996 MHz, 100 %, 76 %
2026/03/24 01:56:17.048, 4, 179.43 W, 25, 120 MHz, 3996 MHz, 0 %, 0 %
2026/03/24 01:56:17.049, 5, 180.77 W, 27, 120 MHz, 3996 MHz, 0 %, 0 %
2026/03/24 01:56:17.049, 6, 178.64 W, 26, 120 MHz, 3996 MHz, 0 %, 0 %
2026/03/24 01:56:17.049, 7, 176.62 W, 27, 120 MHz, 3996 MHz, 0 %, 0 %
2026/03/24 01:56:18.049, 0, 920.12 W, 45, 2032 MHz, 3996 MHz, 100 %, 77 %
2026/03/24 01:56:18.049, 1, 931.96 W, 48, 2032 MHz, 3996 MHz, 100 %, 76 %
2026/03/24 01:56:18.049, 2, 916.43 W, 44, 2032 MHz, 3996 MHz, 100 %, 77 %
2026/03/24 01:56:18.049, 3, 931.14 W, 49, 2032 MHz, 3996 MHz, 100 %, 76 %
2026/03/24 01:56:18.049, 4, 179.81 W, 25, 120 MHz, 3996 MHz, 0 %, 0 %
2026/03/24 01:56:18.049, 5, 180.58 W, 27, 120 MHz, 3996 MHz, 0 %, 0 %
2026/03/24 01:56:18.049, 6, 178.64 W, 26, 120 MHz, 3996 MHz, 0 %, 0 %
2026/03/24 01:56:18.049, 7, 176.58 W, 27, 120 MHz, 3996 MHz, 0 %, 0 %
2026/03/24 01:56:19.049, 0, 919.38 W, 45, 2032 MHz, 3996 MHz, 100 %, 76 %
2026/03/24 01:56:19.049, 1, 930.12 W, 48, 2032 MHz, 3996 MHz, 100 %, 76 %
2026/03/24 01:56:19.049, 2, 913.72 W, 44, 2032 MHz, 3996 MHz, 100 %, 76 %
2026/03/24 01:56:19.049, 3, 934.19 W, 49, 2032 MHz, 3996 MHz, 100 %, 76 %
2026/03/24 01:56:19.049, 4, 179.53 W, 25, 120 MHz, 3996 MHz, 0 %, 0 %
2026/03/24 01:56:19.049, 5, 180.70 W, 27, 120 MHz, 3996 MHz, 0 %, 0 %
2026/03/24 01:56:19.049, 6, 178.64 W, 26, 120 MHz, 3996 MHz, 0 %, 0 %
2026/03/24 01:56:19.049, 7, 176.62 W, 27, 120 MHz, 3996 MHz, 0 %, 0 %
2026/03/24 01:56:20.049, 0, 920.09 W, 45, 2032 MHz, 3996 MHz, 100 %, 77 %
2026/03/24 01:56:20.049, 1, 933.12 W, 49, 2032 MHz, 3996 MHz, 100 %, 76 %
2026/03/24 01:56:20.049, 2, 917.77 W, 45, 2032 MHz, 3996 MHz, 100 %, 77 %
2026/03/24 01:56:20.049, 3, 931.35 W, 49, 2032 MHz, 3996 MHz, 100 %, 76 %
2026/03/24 01:56:20.049, 4, 179.42 W, 25, 120 MHz, 3996 MHz, 0 %, 0 %
2026/03/24 01:56:20.049, 5, 180.62 W, 27, 120 MHz, 3996 MHz, 0 %, 0 %
2026/03/24 01:56:20.049, 6, 178.64 W, 26, 120 MHz, 3996 MHz, 0 %, 0 %
2026/03/24 01:56:20.049, 7, 176.58 W, 27, 120 MHz, 3996 MHz, 0 %, 0 %
2026/03/24 01:56:21.049, 0, 920.39 W, 45, 2032 MHz, 3996 MHz, 100 %, 77 %
2026/03/24 01:56:21.049, 1, 932.39 W, 49, 2032 MHz, 3996 MHz, 100 %, 76 %
2026/03/24 01:56:21.049, 2, 915.42 W, 45, 2032 MHz, 3996 MHz, 100 %, 77 %
2026/03/24 01:56:21.049, 3, 934.39 W, 50, 2032 MHz, 3996 MHz, 100 %, 76 %
2026/03/24 01:56:21.049, 4, 179.54 W, 25, 120 MHz, 3996 MHz, 0 %, 0 %
2026/03/24 01:56:21.049, 5, 180.74 W, 27, 120 MHz, 3996 MHz, 0 %, 0 %
2026/03/24 01:56:21.049, 6, 178.64 W, 26, 120 MHz, 3996 MHz, 0 %, 0 %
2026/03/24 01:56:21.049, 7, 176.60 W, 27, 120 MHz, 3996 MHz, 0 %, 0 %
2026/03/24 01:56:22.049, 0, 923.41 W, 45, 2032 MHz, 3996 MHz, 100 %, 76 %
2026/03/24 01:56:22.049, 1, 933.15 W, 49, 2032 MHz, 3996 MHz, 100 %, 76 %
2026/03/24 01:56:22.049, 2, 918.11 W, 45, 2032 MHz, 3996 MHz, 100 %, 77 %
2026/03/24 01:56:22.049, 3, 929.28 W, 50, 2032 MHz, 3996 MHz, 100 %, 76 %
2026/03/24 01:56:22.049, 4, 179.58 W, 25, 120 MHz, 3996 MHz, 0 %, 0 %
2026/03/24 01:56:22.049, 5, 180.58 W, 27, 120 MHz, 3996 MHz, 0 %, 0 %
2026/03/24 01:56:22.049, 6, 178.64 W, 26, 120 MHz, 3996 MHz, 0 %, 0 %
2026/03/24 01:56:22.049, 7, 176.62 W, 27, 120 MHz, 3996 MHz, 0 %, 0 %
2026/03/24 01:56:23.049, 0, 857.21 W, 43, 2032 MHz, 3996 MHz, 97 %, 45 %
2026/03/24 01:56:23.049, 1, 865.12 W, 48, 2032 MHz, 3996 MHz, 97 %, 29 %
2026/03/24 01:56:23.049, 2, 854.53 W, 44, 2032 MHz, 3996 MHz, 97 %, 31 %
2026/03/24 01:56:23.049, 3, 867.96 W, 47, 2032 MHz, 3996 MHz, 55 %, 36 %
2026/03/24 01:56:23.049, 4, 179.63 W, 25, 120 MHz, 3996 MHz, 0 %, 0 %
2026/03/24 01:56:23.049, 5, 180.70 W, 27, 120 MHz, 3996 MHz, 0 %, 0 %
2026/03/24 01:56:23.049, 6, 178.64 W, 26, 120 MHz, 3996 MHz, 0 %, 0 %
2026/03/24 01:56:23.049, 7, 176.58 W, 27, 120 MHz, 3996 MHz, 0 %, 0 %
2026/03/24 01:56:24.050, 0, 851.48 W, 45, 2032 MHz, 3996 MHz, 100 %, 76 %
2026/03/24 01:56:24.050, 1, 859.04 W, 47, 2032 MHz, 3996 MHz, 100 %, 76 %
2026/03/24 01:56:24.050, 2, 839.07 W, 43, 2032 MHz, 3996 MHz, 100 %, 77 %
2026/03/24 01:56:24.050, 3, 870.28 W, 49, 2032 MHz, 3996 MHz, 100 %, 76 %
2026/03/24 01:56:24.050, 4, 179.47 W, 25, 120 MHz, 3996 MHz, 0 %, 0 %
2026/03/24 01:56:24.050, 5, 180.74 W, 27, 120 MHz, 3996 MHz, 0 %, 0 %
2026/03/24 01:56:24.050, 6, 178.63 W, 26, 120 MHz, 3996 MHz, 0 %, 0 %
2026/03/24 01:56:24.050, 7, 176.58 W, 27, 120 MHz, 3996 MHz, 0 %, 0 %
2026/03/24 01:56:25.050, 0, 645.36 W, 43, 2032 MHz, 3996 MHz, 100 %, 30 %
2026/03/24 01:56:25.050, 1, 637.45 W, 45, 2032 MHz, 3996 MHz, 99 %, 44 %
2026/03/24 01:56:25.050, 2, 630.29 W, 41, 2032 MHz, 3996 MHz, 63 %, 44 %
2026/03/24 01:56:25.050, 3, 649.90 W, 46, 2032 MHz, 3996 MHz, 55 %, 29 %
2026/03/24 01:56:25.050, 4, 179.64 W, 25, 120 MHz, 3996 MHz, 0 %, 0 %
2026/03/24 01:56:25.050, 5, 180.66 W, 27, 120 MHz, 3996 MHz, 0 %, 0 %
2026/03/24 01:56:25.050, 6, 178.64 W, 26, 120 MHz, 3996 MHz, 0 %, 0 %
2026/03/24 01:56:25.050, 7, 176.58 W, 27, 120 MHz, 3996 MHz, 0 %, 0 %
2026/03/24 01:56:26.050, 0, 702.47 W, 43, 2032 MHz, 3996 MHz, 100 %, 75 %
2026/03/24 01:56:26.050, 1, 733.46 W, 47, 2032 MHz, 3996 MHz, 100 %, 76 %
2026/03/24 01:56:26.050, 2, 722.33 W, 43, 2032 MHz, 3996 MHz, 100 %, 77 %
2026/03/24 01:56:26.050, 3, 722.31 W, 48, 2032 MHz, 3996 MHz, 100 %, 76 %
2026/03/24 01:56:26.050, 4, 179.76 W, 25, 120 MHz, 3996 MHz, 0 %, 0 %
2026/03/24 01:56:26.050, 5, 180.62 W, 27, 120 MHz, 3996 MHz, 0 %, 0 %
2026/03/24 01:56:26.050, 6, 178.64 W, 26, 120 MHz, 3996 MHz, 0 %, 0 %
2026/03/24 01:56:26.050, 7, 176.59 W, 27, 120 MHz, 3996 MHz, 0 %, 0 %
2026/03/24 01:56:27.050, 0, 692.27 W, 41, 2032 MHz, 3996 MHz, 95 %, 65 %
2026/03/24 01:56:27.050, 1, 688.19 W, 46, 2032 MHz, 3996 MHz, 79 %, 55 %
2026/03/24 01:56:27.050, 2, 675.33 W, 42, 2032 MHz, 3996 MHz, 80 %, 59 %
2026/03/24 01:56:27.050, 3, 693.56 W, 45, 2032 MHz, 3996 MHz, 70 %, 20 %
2026/03/24 01:56:27.050, 4, 179.30 W, 25, 120 MHz, 3996 MHz, 0 %, 0 %
2026/03/24 01:56:27.050, 5, 180.70 W, 27, 120 MHz, 3996 MHz, 0 %, 0 %
2026/03/24 01:56:27.050, 6, 178.64 W, 26, 120 MHz, 3996 MHz, 0 %, 0 %
2026/03/24 01:56:27.050, 7, 176.58 W, 27, 120 MHz, 3996 MHz, 0 %, 0 %
2026/03/24 01:56:28.050, 0, 591.11 W, 41, 2032 MHz, 3996 MHz, 100 %, 20 %
2026/03/24 01:56:28.050, 1, 601.16 W, 44, 2032 MHz, 3996 MHz, 100 %, 24 %
2026/03/24 01:56:28.050, 2, 587.30 W, 40, 2032 MHz, 3996 MHz, 37 %, 22 %
2026/03/24 01:56:28.050, 3, 604.35 W, 45, 2032 MHz, 3996 MHz, 77 %, 46 %
2026/03/24 01:56:28.050, 4, 179.59 W, 25, 120 MHz, 3996 MHz, 0 %, 0 %
2026/03/24 01:56:28.050, 5, 180.70 W, 27, 120 MHz, 3996 MHz, 0 %, 0 %
2026/03/24 01:56:28.050, 6, 178.63 W, 26, 120 MHz, 3996 MHz, 0 %, 0 %
2026/03/24 01:56:28.050, 7, 176.58 W, 27, 120 MHz, 3996 MHz, 0 %, 0 %
2026/03/24 01:56:29.050, 0, 605.97 W, 41, 2032 MHz, 3996 MHz, 99 %, 20 %
2026/03/24 01:56:29.050, 1, 614.01 W, 44, 2032 MHz, 3996 MHz, 96 %, 20 %
2026/03/24 01:56:29.050, 2, 602.32 W, 40, 2032 MHz, 3996 MHz, 37 %, 20 %
2026/03/24 01:56:29.050, 3, 617.80 W, 45, 2032 MHz, 3996 MHz, 75 %, 32 %
2026/03/24 01:56:29.050, 4, 179.75 W, 25, 120 MHz, 3996 MHz, 0 %, 0 %
2026/03/24 01:56:29.050, 5, 180.66 W, 27, 120 MHz, 3996 MHz, 0 %, 0 %
2026/03/24 01:56:29.050, 6, 178.64 W, 26, 120 MHz, 3996 MHz, 0 %, 0 %
2026/03/24 01:56:29.050, 7, 176.62 W, 27, 120 MHz, 3996 MHz, 0 %, 0 %
2026/03/24 01:56:30.050, 0, 685.78 W, 41, 2032 MHz, 3996 MHz, 85 %, 25 %
2026/03/24 01:56:30.050, 1, 688.76 W, 44, 2032 MHz, 3996 MHz, 92 %, 20 %
2026/03/24 01:56:30.050, 2, 687.92 W, 40, 2032 MHz, 3996 MHz, 35 %, 19 %
2026/03/24 01:56:30.050, 3, 697.07 W, 45, 2032 MHz, 3996 MHz, 99 %, 19 %
2026/03/24 01:56:30.050, 4, 179.75 W, 25, 120 MHz, 3996 MHz, 0 %, 0 %
2026/03/24 01:56:30.050, 5, 180.62 W, 27, 120 MHz, 3996 MHz, 0 %, 0 %
2026/03/24 01:56:30.050, 6, 178.64 W, 26, 120 MHz, 3996 MHz, 0 %, 0 %
2026/03/24 01:56:30.051, 7, 176.58 W, 27, 120 MHz, 3996 MHz, 0 %, 0 %
2026/03/24 01:56:31.051, 0, 670.31 W, 42, 2032 MHz, 3996 MHz, 96 %, 73 %
2026/03/24 01:56:31.051, 1, 692.90 W, 46, 2032 MHz, 3996 MHz, 89 %, 57 %
2026/03/24 01:56:31.051, 2, 691.31 W, 42, 2032 MHz, 3996 MHz, 86 %, 59 %
2026/03/24 01:56:31.051, 3, 681.95 W, 46, 2032 MHz, 3996 MHz, 82 %, 23 %
2026/03/24 01:56:31.051, 4, 179.57 W, 25, 120 MHz, 3996 MHz, 0 %, 0 %
2026/03/24 01:56:31.051, 5, 180.66 W, 27, 120 MHz, 3996 MHz, 0 %, 0 %
2026/03/24 01:56:31.051, 6, 178.64 W, 26, 120 MHz, 3996 MHz, 0 %, 0 %
2026/03/24 01:56:31.051, 7, 176.58 W, 27, 120 MHz, 3996 MHz, 0 %, 0 %
2026/03/24 01:56:32.051, 0, 705.16 W, 42, 2032 MHz, 3996 MHz, 83 %, 28 %
2026/03/24 01:56:32.051, 1, 711.53 W, 44, 2032 MHz, 3996 MHz, 77 %, 23 %
2026/03/24 01:56:32.051, 2, 695.87 W, 41, 2032 MHz, 3996 MHz, 47 %, 23 %
2026/03/24 01:56:32.051, 3, 717.67 W, 45, 2032 MHz, 3996 MHz, 87 %, 47 %
2026/03/24 01:56:32.051, 4, 179.46 W, 25, 120 MHz, 3996 MHz, 0 %, 0 %
2026/03/24 01:56:32.051, 5, 180.70 W, 27, 120 MHz, 3996 MHz, 0 %, 0 %
2026/03/24 01:56:32.051, 6, 178.64 W, 26, 120 MHz, 3996 MHz, 0 %, 0 %
2026/03/24 01:56:32.051, 7, 176.62 W, 27, 120 MHz, 3996 MHz, 0 %, 0 %
2026/03/24 01:56:33.051, 0, 563.56 W, 40, 2032 MHz, 3996 MHz, 91 %, 34 %
2026/03/24 01:56:33.051, 1, 577.91 W, 45, 2032 MHz, 3996 MHz, 76 %, 33 %
2026/03/24 01:56:33.051, 2, 580.12 W, 39, 2032 MHz, 3996 MHz, 51 %, 34 %
2026/03/24 01:56:33.051, 3, 571.61 W, 45, 2032 MHz, 3996 MHz, 74 %, 20 %
2026/03/24 01:56:33.051, 4, 179.44 W, 25, 120 MHz, 3996 MHz, 0 %, 0 %
2026/03/24 01:56:33.051, 5, 180.70 W, 27, 120 MHz, 3996 MHz, 0 %, 0 %
2026/03/24 01:56:33.051, 6, 178.60 W, 26, 120 MHz, 3996 MHz, 0 %, 0 %
2026/03/24 01:56:33.051, 7, 176.58 W, 27, 120 MHz, 3996 MHz, 0 %, 0 %
2026/03/24 01:56:34.051, 0, 544.69 W, 39, 2032 MHz, 3996 MHz, 99 %, 20 %
2026/03/24 01:56:34.051, 1, 554.88 W, 43, 2032 MHz, 3996 MHz, 99 %, 20 %
2026/03/24 01:56:34.051, 2, 537.20 W, 39, 2032 MHz, 3996 MHz, 36 %, 20 %
2026/03/24 01:56:34.051, 3, 557.16 W, 44, 2032 MHz, 3996 MHz, 97 %, 46 %
2026/03/24 01:56:34.051, 4, 179.46 W, 25, 120 MHz, 3996 MHz, 0 %, 0 %
2026/03/24 01:56:34.051, 5, 180.58 W, 27, 120 MHz, 3996 MHz, 0 %, 0 %
2026/03/24 01:56:34.051, 6, 178.63 W, 26, 120 MHz, 3996 MHz, 0 %, 0 %
2026/03/24 01:56:34.051, 7, 176.58 W, 27, 120 MHz, 3996 MHz, 0 %, 0 %
2026/03/24 01:56:35.051, 0, 575.22 W, 40, 2032 MHz, 3996 MHz, 99 %, 21 %
2026/03/24 01:56:35.051, 1, 577.57 W, 43, 2032 MHz, 3996 MHz, 91 %, 34 %
2026/03/24 01:56:35.051, 2, 590.42 W, 39, 2032 MHz, 3996 MHz, 52 %, 34 %
2026/03/24 01:56:35.051, 3, 584.63 W, 44, 2032 MHz, 3996 MHz, 55 %, 23 %
2026/03/24 01:56:35.051, 4, 179.77 W, 25, 120 MHz, 3996 MHz, 0 %, 0 %
2026/03/24 01:56:35.051, 5, 180.81 W, 27, 120 MHz, 3996 MHz, 0 %, 0 %
2026/03/24 01:56:35.051, 6, 178.63 W, 26, 120 MHz, 3996 MHz, 0 %, 0 %
2026/03/24 01:56:35.051, 7, 176.58 W, 27, 120 MHz, 3996 MHz, 0 %, 0 %
2026/03/24 01:56:36.051, 0, 571.08 W, 39, 2032 MHz, 3996 MHz, 74 %, 21 %
2026/03/24 01:56:36.051, 1, 579.22 W, 43, 2032 MHz, 3996 MHz, 40 %, 20 %
2026/03/24 01:56:36.051, 2, 571.45 W, 39, 2032 MHz, 3996 MHz, 39 %, 19 %
2026/03/24 01:56:36.051, 3, 582.96 W, 43, 2032 MHz, 3996 MHz, 95 %, 19 %
2026/03/24 01:56:36.051, 4, 179.50 W, 25, 120 MHz, 3996 MHz, 0 %, 0 %
2026/03/24 01:56:36.051, 5, 180.58 W, 27, 120 MHz, 3996 MHz, 0 %, 0 %
2026/03/24 01:56:36.051, 6, 178.63 W, 26, 120 MHz, 3996 MHz, 0 %, 0 %
2026/03/24 01:56:36.051, 7, 176.62 W, 27, 120 MHz, 3996 MHz, 0 %, 0 %
2026/03/24 01:56:37.051, 0, 515.44 W, 39, 2032 MHz, 3996 MHz, 99 %, 19 %
2026/03/24 01:56:37.051, 1, 524.02 W, 42, 2032 MHz, 3996 MHz, 100 %, 20 %
2026/03/24 01:56:37.051, 2, 511.94 W, 39, 2032 MHz, 3996 MHz, 35 %, 20 %
2026/03/24 01:56:37.051, 3, 525.00 W, 43, 2032 MHz, 3996 MHz, 74 %, 33 %
2026/03/24 01:56:37.051, 4, 179.51 W, 25, 120 MHz, 3996 MHz, 0 %, 0 %
2026/03/24 01:56:37.051, 5, 180.66 W, 27, 120 MHz, 3996 MHz, 0 %, 0 %
2026/03/24 01:56:37.052, 6, 178.64 W, 26, 120 MHz, 3996 MHz, 0 %, 0 %
2026/03/24 01:56:37.052, 7, 176.58 W, 27, 120 MHz, 3996 MHz, 0 %, 0 %
2026/03/24 01:56:38.052, 0, 616.35 W, 40, 2032 MHz, 3996 MHz, 98 %, 20 %
2026/03/24 01:56:38.052, 1, 627.69 W, 43, 2032 MHz, 3996 MHz, 94 %, 30 %
2026/03/24 01:56:38.052, 2, 624.84 W, 39, 2032 MHz, 3996 MHz, 45 %, 28 %
2026/03/24 01:56:38.052, 3, 626.19 W, 44, 2032 MHz, 3996 MHz, 96 %, 28 %
2026/03/24 01:56:38.052, 4, 179.68 W, 25, 120 MHz, 3996 MHz, 0 %, 0 %
2026/03/24 01:56:38.052, 5, 180.66 W, 27, 120 MHz, 3996 MHz, 0 %, 0 %
2026/03/24 01:56:38.052, 6, 178.64 W, 26, 120 MHz, 3996 MHz, 0 %, 0 %
2026/03/24 01:56:38.052, 7, 176.58 W, 27, 120 MHz, 3996 MHz, 0 %, 0 %
2026/03/24 01:56:39.052, 0, 576.07 W, 39, 2032 MHz, 3996 MHz, 72 %, 39 %
2026/03/24 01:56:39.052, 1, 617.42 W, 45, 2032 MHz, 3996 MHz, 58 %, 23 %
2026/03/24 01:56:39.052, 2, 567.86 W, 39, 2032 MHz, 3996 MHz, 45 %, 24 %
2026/03/24 01:56:39.052, 3, 595.02 W, 45, 2032 MHz, 3996 MHz, 69 %, 42 %
2026/03/24 01:56:39.052, 4, 179.53 W, 25, 120 MHz, 3996 MHz, 0 %, 0 %
2026/03/24 01:56:39.052, 5, 180.62 W, 27, 120 MHz, 3996 MHz, 0 %, 0 %
2026/03/24 01:56:39.052, 6, 178.64 W, 26, 120 MHz, 3996 MHz, 0 %, 0 %
2026/03/24 01:56:39.052, 7, 176.58 W, 27, 120 MHz, 3996 MHz, 0 %, 0 %
2026/03/24 01:56:40.052, 0, 622.31 W, 40, 2032 MHz, 3996 MHz, 87 %, 62 %
2026/03/24 01:56:40.052, 1, 610.50 W, 43, 2032 MHz, 3996 MHz, 68 %, 46 %
2026/03/24 01:56:40.052, 2, 625.09 W, 39, 2032 MHz, 3996 MHz, 69 %, 48 %
2026/03/24 01:56:40.052, 3, 627.98 W, 45, 2032 MHz, 3996 MHz, 82 %, 20 %
2026/03/24 01:56:40.052, 4, 179.60 W, 25, 120 MHz, 3996 MHz, 0 %, 0 %
2026/03/24 01:56:40.052, 5, 180.62 W, 27, 120 MHz, 3996 MHz, 0 %, 0 %
2026/03/24 01:56:40.052, 6, 178.63 W, 26, 120 MHz, 3996 MHz, 0 %, 0 %
2026/03/24 01:56:40.052, 7, 176.58 W, 27, 120 MHz, 3996 MHz, 0 %, 0 %
2026/03/24 01:56:41.052, 0, 617.35 W, 41, 2032 MHz, 3996 MHz, 79 %, 52 %
2026/03/24 01:56:41.052, 1, 646.96 W, 45, 2032 MHz, 3996 MHz, 95 %, 38 %
2026/03/24 01:56:41.052, 2, 611.89 W, 40, 2032 MHz, 3996 MHz, 94 %, 37 %
2026/03/24 01:56:41.052, 3, 627.48 W, 46, 2032 MHz, 3996 MHz, 100 %, 32 %
2026/03/24 01:56:41.052, 4, 179.50 W, 25, 120 MHz, 3996 MHz, 0 %, 0 %
2026/03/24 01:56:41.052, 5, 180.70 W, 27, 120 MHz, 3996 MHz, 0 %, 0 %
2026/03/24 01:56:41.052, 6, 178.63 W, 26, 120 MHz, 3996 MHz, 0 %, 0 %
2026/03/24 01:56:41.052, 7, 176.58 W, 27, 120 MHz, 3996 MHz, 0 %, 0 %
2026/03/24 01:56:42.052, 0, 612.66 W, 39, 2032 MHz, 3996 MHz, 87 %, 19 %
2026/03/24 01:56:42.052, 1, 621.96 W, 45, 2032 MHz, 3996 MHz, 79 %, 19 %
2026/03/24 01:56:42.052, 2, 596.24 W, 40, 2032 MHz, 3996 MHz, 75 %, 20 %
2026/03/24 01:56:42.052, 3, 623.06 W, 46, 2032 MHz, 3996 MHz, 97 %, 66 %
2026/03/24 01:56:42.052, 4, 179.54 W, 25, 120 MHz, 3996 MHz, 0 %, 0 %
2026/03/24 01:56:42.052, 5, 180.66 W, 27, 120 MHz, 3996 MHz, 0 %, 0 %
2026/03/24 01:56:42.052, 6, 178.64 W, 26, 120 MHz, 3996 MHz, 0 %, 0 %
2026/03/24 01:56:42.052, 7, 176.62 W, 27, 120 MHz, 3996 MHz, 0 %, 0 %
2026/03/24 01:56:43.052, 0, 668.81 W, 39, 2032 MHz, 3996 MHz, 82 %, 29 %
2026/03/24 01:56:43.052, 1, 652.64 W, 43, 2032 MHz, 3996 MHz, 40 %, 19 %
2026/03/24 01:56:43.052, 2, 672.84 W, 39, 2032 MHz, 3996 MHz, 68 %, 20 %
2026/03/24 01:56:43.052, 3, 671.63 W, 44, 2032 MHz, 3996 MHz, 95 %, 47 %
2026/03/24 01:56:43.052, 4, 179.70 W, 25, 120 MHz, 3996 MHz, 0 %, 0 %
2026/03/24 01:56:43.052, 5, 180.66 W, 27, 120 MHz, 3996 MHz, 0 %, 0 %
2026/03/24 01:56:43.052, 6, 178.63 W, 26, 120 MHz, 3996 MHz, 0 %, 0 %
2026/03/24 01:56:43.052, 7, 176.58 W, 27, 120 MHz, 3996 MHz, 0 %, 0 %
2026/03/24 01:56:44.052, 0, 689.35 W, 40, 2032 MHz, 3996 MHz, 79 %, 48 %
2026/03/24 01:56:44.052, 1, 715.44 W, 45, 2032 MHz, 3996 MHz, 74 %, 43 %
2026/03/24 01:56:44.052, 2, 697.03 W, 39, 2032 MHz, 3996 MHz, 64 %, 45 %
2026/03/24 01:56:44.052, 3, 707.66 W, 45, 2032 MHz, 3996 MHz, 92 %, 25 %
2026/03/24 01:56:44.053, 4, 179.31 W, 25, 120 MHz, 3996 MHz, 0 %, 0 %
2026/03/24 01:56:44.053, 5, 180.70 W, 27, 120 MHz, 3996 MHz, 0 %, 0 %
2026/03/24 01:56:44.053, 6, 178.64 W, 26, 120 MHz, 3996 MHz, 0 %, 0 %
2026/03/24 01:56:44.053, 7, 176.58 W, 27, 120 MHz, 3996 MHz, 0 %, 0 %
2026/03/24 01:56:45.053, 0, 784.79 W, 40, 2032 MHz, 3996 MHz, 99 %, 19 %
2026/03/24 01:56:45.053, 1, 770.89 W, 43, 2032 MHz, 3996 MHz, 99 %, 18 %
2026/03/24 01:56:45.053, 2, 785.47 W, 39, 2032 MHz, 3996 MHz, 65 %, 18 %
2026/03/24 01:56:45.053, 3, 787.02 W, 44, 2032 MHz, 3996 MHz, 99 %, 19 %
2026/03/24 01:56:45.053, 4, 179.47 W, 25, 120 MHz, 3996 MHz, 0 %, 0 %
2026/03/24 01:56:45.053, 5, 180.58 W, 27, 120 MHz, 3996 MHz, 0 %, 0 %
2026/03/24 01:56:45.053, 6, 178.64 W, 26, 120 MHz, 3996 MHz, 0 %, 0 %
2026/03/24 01:56:45.053, 7, 176.62 W, 27, 120 MHz, 3996 MHz, 0 %, 0 %
2026/03/24 01:56:46.053, 0, 572.35 W, 39, 2032 MHz, 3996 MHz, 100 %, 20 %
2026/03/24 01:56:46.053, 1, 575.79 W, 42, 2032 MHz, 3996 MHz, 52 %, 34 %
2026/03/24 01:56:46.053, 2, 567.22 W, 39, 2032 MHz, 3996 MHz, 99 %, 34 %
2026/03/24 01:56:46.053, 3, 575.83 W, 43, 2032 MHz, 3996 MHz, 66 %, 22 %
2026/03/24 01:56:46.053, 4, 179.42 W, 25, 120 MHz, 3996 MHz, 0 %, 0 %
2026/03/24 01:56:46.053, 5, 180.70 W, 27, 120 MHz, 3996 MHz, 0 %, 0 %
2026/03/24 01:56:46.053, 6, 178.64 W, 26, 120 MHz, 3996 MHz, 0 %, 0 %
2026/03/24 01:56:46.053, 7, 176.62 W, 27, 120 MHz, 3996 MHz, 0 %, 0 %
2026/03/24 01:56:47.053, 0, 666.53 W, 41, 2032 MHz, 3996 MHz, 100 %, 76 %
2026/03/24 01:56:47.053, 1, 685.24 W, 44, 2032 MHz, 3996 MHz, 98 %, 72 %
2026/03/24 01:56:47.053, 2, 666.04 W, 40, 2032 MHz, 3996 MHz, 98 %, 75 %
2026/03/24 01:56:47.053, 3, 677.80 W, 44, 2032 MHz, 3996 MHz, 98 %, 20 %
2026/03/24 01:56:47.053, 4, 179.58 W, 25, 120 MHz, 3996 MHz, 0 %, 0 %
2026/03/24 01:56:47.053, 5, 180.66 W, 27, 120 MHz, 3996 MHz, 0 %, 0 %
2026/03/24 01:56:47.053, 6, 178.64 W, 26, 120 MHz, 3996 MHz, 0 %, 0 %
2026/03/24 01:56:47.053, 7, 176.58 W, 27, 120 MHz, 3996 MHz, 0 %, 0 %
2026/03/24 01:56:48.053, 0, 827.94 W, 42, 2032 MHz, 3996 MHz, 100 %, 68 %
2026/03/24 01:56:48.053, 1, 862.49 W, 47, 2032 MHz, 3996 MHz, 100 %, 76 %
2026/03/24 01:56:48.053, 2, 807.46 W, 42, 2032 MHz, 3996 MHz, 100 %, 77 %
2026/03/24 01:56:48.053, 3, 852.01 W, 47, 2032 MHz, 3996 MHz, 100 %, 77 %
2026/03/24 01:56:48.053, 4, 179.72 W, 25, 120 MHz, 3996 MHz, 0 %, 0 %
2026/03/24 01:56:48.053, 5, 180.62 W, 27, 120 MHz, 3996 MHz, 0 %, 0 %
2026/03/24 01:56:48.053, 6, 178.64 W, 26, 120 MHz, 3996 MHz, 0 %, 0 %
2026/03/24 01:56:48.053, 7, 176.58 W, 27, 120 MHz, 3996 MHz, 0 %, 0 %
2026/03/24 01:56:49.053, 0, 914.96 W, 44, 2032 MHz, 3996 MHz, 100 %, 76 %
2026/03/24 01:56:49.053, 1, 925.30 W, 47, 2032 MHz, 3996 MHz, 100 %, 76 %
2026/03/24 01:56:49.053, 2, 910.09 W, 43, 2032 MHz, 3996 MHz, 100 %, 77 %
2026/03/24 01:56:49.053, 3, 928.84 W, 48, 2032 MHz, 3996 MHz, 100 %, 77 %
2026/03/24 01:56:49.053, 4, 179.63 W, 25, 120 MHz, 3996 MHz, 0 %, 0 %
2026/03/24 01:56:49.053, 5, 180.66 W, 27, 120 MHz, 3996 MHz, 0 %, 0 %
2026/03/24 01:56:49.053, 6, 178.64 W, 26, 120 MHz, 3996 MHz, 0 %, 0 %
2026/03/24 01:56:49.053, 7, 176.59 W, 27, 120 MHz, 3996 MHz, 0 %, 0 %
2026/03/24 01:56:50.053, 0, 919.15 W, 44, 2032 MHz, 3996 MHz, 100 %, 76 %
2026/03/24 01:56:50.053, 1, 927.97 W, 48, 2032 MHz, 3996 MHz, 100 %, 76 %
2026/03/24 01:56:50.053, 2, 909.25 W, 44, 2032 MHz, 3996 MHz, 100 %, 76 %
2026/03/24 01:56:50.053, 3, 927.93 W, 49, 2032 MHz, 3996 MHz, 100 %, 76 %
2026/03/24 01:56:50.053, 4, 179.47 W, 25, 120 MHz, 3996 MHz, 0 %, 0 %
2026/03/24 01:56:50.053, 5, 180.58 W, 27, 120 MHz, 3996 MHz, 0 %, 0 %
2026/03/24 01:56:50.053, 6, 178.63 W, 26, 120 MHz, 3996 MHz, 0 %, 0 %
2026/03/24 01:56:50.054, 7, 176.58 W, 27, 120 MHz, 3996 MHz, 0 %, 0 %
2026/03/24 01:56:51.054, 0, 919.49 W, 44, 2032 MHz, 3996 MHz, 100 %, 76 %
2026/03/24 01:56:51.054, 1, 930.35 W, 48, 2032 MHz, 3996 MHz, 100 %, 76 %
2026/03/24 01:56:51.054, 2, 909.85 W, 44, 2032 MHz, 3996 MHz, 100 %, 76 %
2026/03/24 01:56:51.054, 3, 928.58 W, 49, 2032 MHz, 3996 MHz, 100 %, 76 %
2026/03/24 01:56:51.054, 4, 179.57 W, 25, 120 MHz, 3996 MHz, 0 %, 0 %
2026/03/24 01:56:51.054, 5, 180.66 W, 27, 120 MHz, 3996 MHz, 0 %, 0 %
2026/03/24 01:56:51.054, 6, 178.64 W, 26, 120 MHz, 3996 MHz, 0 %, 0 %
2026/03/24 01:56:51.054, 7, 176.58 W, 27, 120 MHz, 3996 MHz, 0 %, 0 %
2026/03/24 01:56:52.054, 0, 918.96 W, 44, 2032 MHz, 3996 MHz, 100 %, 76 %
2026/03/24 01:56:52.054, 1, 930.81 W, 48, 2032 MHz, 3996 MHz, 100 %, 77 %
2026/03/24 01:56:52.054, 2, 911.83 W, 44, 2032 MHz, 3996 MHz, 100 %, 76 %
2026/03/24 01:56:52.054, 3, 927.22 W, 49, 2032 MHz, 3996 MHz, 100 %, 76 %
2026/03/24 01:56:52.054, 4, 179.42 W, 25, 120 MHz, 3996 MHz, 0 %, 0 %
2026/03/24 01:56:52.054, 5, 180.66 W, 27, 120 MHz, 3996 MHz, 0 %, 0 %
2026/03/24 01:56:52.054, 6, 178.63 W, 26, 120 MHz, 3996 MHz, 0 %, 0 %
2026/03/24 01:56:52.054, 7, 176.58 W, 27, 120 MHz, 3996 MHz, 0 %, 0 %
2026/03/24 01:56:53.054, 0, 917.87 W, 44, 2032 MHz, 3996 MHz, 100 %, 76 %
2026/03/24 01:56:53.054, 1, 932.99 W, 48, 2032 MHz, 3996 MHz, 100 %, 77 %
2026/03/24 01:56:53.054, 2, 912.14 W, 44, 2032 MHz, 3996 MHz, 100 %, 76 %
2026/03/24 01:56:53.054, 3, 930.08 W, 49, 2032 MHz, 3996 MHz, 100 %, 76 %
2026/03/24 01:56:53.054, 4, 179.52 W, 25, 120 MHz, 3996 MHz, 0 %, 0 %
2026/03/24 01:56:53.054, 5, 180.70 W, 27, 120 MHz, 3996 MHz, 0 %, 0 %
2026/03/24 01:56:53.054, 6, 178.64 W, 26, 120 MHz, 3996 MHz, 0 %, 0 %
2026/03/24 01:56:53.054, 7, 176.58 W, 27, 120 MHz, 3996 MHz, 0 %, 0 %
2026/03/24 01:56:54.054, 0, 923.23 W, 45, 2032 MHz, 3996 MHz, 100 %, 76 %
2026/03/24 01:56:54.054, 1, 929.78 W, 48, 2032 MHz, 3996 MHz, 100 %, 77 %
2026/03/24 01:56:54.054, 2, 914.29 W, 44, 2032 MHz, 3996 MHz, 100 %, 77 %
2026/03/24 01:56:54.054, 3, 933.74 W, 49, 2032 MHz, 3996 MHz, 100 %, 77 %
2026/03/24 01:56:54.054, 4, 179.37 W, 25, 120 MHz, 3996 MHz, 0 %, 0 %
2026/03/24 01:56:54.054, 5, 180.62 W, 27, 120 MHz, 3996 MHz, 0 %, 0 %
2026/03/24 01:56:54.054, 6, 178.60 W, 26, 120 MHz, 3996 MHz, 0 %, 0 %
2026/03/24 01:56:54.054, 7, 176.58 W, 27, 120 MHz, 3996 MHz, 0 %, 0 %
2026/03/24 01:56:55.054, 0, 923.19 W, 45, 2032 MHz, 3996 MHz, 100 %, 77 %
2026/03/24 01:56:55.054, 1, 932.11 W, 48, 2032 MHz, 3996 MHz, 100 %, 76 %
2026/03/24 01:56:55.054, 2, 911.57 W, 44, 2032 MHz, 3996 MHz, 100 %, 76 %
2026/03/24 01:56:55.054, 3, 937.46 W, 49, 2032 MHz, 3996 MHz, 100 %, 76 %
2026/03/24 01:56:55.054, 4, 179.52 W, 25, 120 MHz, 3996 MHz, 0 %, 0 %
2026/03/24 01:56:55.054, 5, 180.66 W, 27, 120 MHz, 3996 MHz, 0 %, 0 %
2026/03/24 01:56:55.054, 6, 178.64 W, 26, 120 MHz, 3996 MHz, 0 %, 0 %
2026/03/24 01:56:55.054, 7, 176.58 W, 27, 120 MHz, 3996 MHz, 0 %, 0 %
2026/03/24 01:56:56.054, 0, 920.96 W, 45, 2032 MHz, 3996 MHz, 100 %, 76 %
2026/03/24 01:56:56.054, 1, 929.59 W, 49, 2032 MHz, 3996 MHz, 100 %, 76 %
2026/03/24 01:56:56.054, 2, 914.31 W, 44, 2032 MHz, 3996 MHz, 100 %, 76 %
2026/03/24 01:56:56.054, 3, 938.72 W, 49, 2032 MHz, 3996 MHz, 100 %, 77 %
2026/03/24 01:56:56.054, 4, 179.73 W, 25, 120 MHz, 3996 MHz, 0 %, 0 %
2026/03/24 01:56:56.054, 5, 180.66 W, 27, 120 MHz, 3996 MHz, 0 %, 0 %
2026/03/24 01:56:56.054, 6, 178.64 W, 26, 120 MHz, 3996 MHz, 0 %, 0 %
2026/03/24 01:56:56.054, 7, 176.58 W, 27, 120 MHz, 3996 MHz, 0 %, 0 %
2026/03/24 01:56:57.054, 0, 923.00 W, 45, 2032 MHz, 3996 MHz, 100 %, 77 %
2026/03/24 01:56:57.054, 1, 934.34 W, 49, 2032 MHz, 3996 MHz, 100 %, 77 %
2026/03/24 01:56:57.054, 2, 912.14 W, 44, 2032 MHz, 3996 MHz, 100 %, 77 %
2026/03/24 01:56:57.054, 3, 932.21 W, 50, 2032 MHz, 3996 MHz, 100 %, 76 %
2026/03/24 01:56:57.055, 4, 179.44 W, 25, 120 MHz, 3996 MHz, 0 %, 0 %
2026/03/24 01:56:57.055, 5, 180.62 W, 27, 120 MHz, 3996 MHz, 0 %, 0 %
2026/03/24 01:56:57.055, 6, 178.63 W, 26, 120 MHz, 3996 MHz, 0 %, 0 %
2026/03/24 01:56:57.055, 7, 176.58 W, 27, 120 MHz, 3996 MHz, 0 %, 0 %
2026/03/24 01:56:58.055, 0, 921.12 W, 45, 2032 MHz, 3996 MHz, 100 %, 77 %
2026/03/24 01:56:58.055, 1, 931.42 W, 49, 2032 MHz, 3996 MHz, 100 %, 77 %
2026/03/24 01:56:58.055, 2, 912.79 W, 45, 2032 MHz, 3996 MHz, 100 %, 76 %
2026/03/24 01:56:58.055, 3, 933.78 W, 50, 2032 MHz, 3996 MHz, 100 %, 76 %
2026/03/24 01:56:58.055, 4, 179.16 W, 25, 120 MHz, 3996 MHz, 0 %, 0 %
2026/03/24 01:56:58.055, 5, 180.66 W, 27, 120 MHz, 3996 MHz, 0 %, 0 %
2026/03/24 01:56:58.055, 6, 178.63 W, 26, 120 MHz, 3996 MHz, 0 %, 0 %
2026/03/24 01:56:58.055, 7, 176.58 W, 27, 120 MHz, 3996 MHz, 0 %, 0 %
2026/03/24 01:56:59.055, 0, 862.03 W, 45, 2032 MHz, 3996 MHz, 100 %, 76 %
2026/03/24 01:56:59.055, 1, 869.79 W, 49, 2032 MHz, 3996 MHz, 100 %, 77 %
2026/03/24 01:56:59.055, 2, 856.35 W, 44, 2032 MHz, 3996 MHz, 100 %, 77 %
2026/03/24 01:56:59.055, 3, 873.67 W, 49, 2032 MHz, 3996 MHz, 100 %, 76 %
2026/03/24 01:56:59.055, 4, 179.72 W, 25, 120 MHz, 3996 MHz, 0 %, 0 %
2026/03/24 01:56:59.055, 5, 180.66 W, 27, 120 MHz, 3996 MHz, 0 %, 0 %
2026/03/24 01:56:59.055, 6, 178.63 W, 26, 120 MHz, 3996 MHz, 0 %, 0 %
2026/03/24 01:56:59.055, 7, 176.58 W, 27, 120 MHz, 3996 MHz, 0 %, 0 %
2026/03/24 01:57:00.055, 0, 836.13 W, 44, 2032 MHz, 3996 MHz, 100 %, 76 %
2026/03/24 01:57:00.055, 1, 866.10 W, 48, 2032 MHz, 3996 MHz, 100 %, 76 %
2026/03/24 01:57:00.055, 2, 845.70 W, 44, 2032 MHz, 3996 MHz, 100 %, 76 %
2026/03/24 01:57:00.055, 3, 839.68 W, 47, 2032 MHz, 3996 MHz, 71 %, 46 %
2026/03/24 01:57:00.055, 4, 179.24 W, 25, 120 MHz, 3996 MHz, 0 %, 0 %
2026/03/24 01:57:00.055, 5, 180.58 W, 27, 120 MHz, 3996 MHz, 0 %, 0 %
2026/03/24 01:57:00.055, 6, 178.64 W, 26, 120 MHz, 3996 MHz, 0 %, 0 %
2026/03/24 01:57:00.055, 7, 176.58 W, 27, 120 MHz, 3996 MHz, 0 %, 0 %
2026/03/24 01:57:01.055, 0, 737.25 W, 44, 2032 MHz, 3996 MHz, 100 %, 77 %
2026/03/24 01:57:01.055, 1, 747.77 W, 48, 2032 MHz, 3996 MHz, 100 %, 76 %
2026/03/24 01:57:01.055, 2, 737.88 W, 44, 2032 MHz, 3996 MHz, 100 %, 77 %
2026/03/24 01:57:01.055, 3, 752.01 W, 47, 2032 MHz, 3996 MHz, 80 %, 55 %
2026/03/24 01:57:01.055, 4, 179.51 W, 25, 120 MHz, 3996 MHz, 0 %, 0 %
2026/03/24 01:57:01.055, 5, 180.62 W, 27, 120 MHz, 3996 MHz, 0 %, 0 %
2026/03/24 01:57:01.055, 6, 178.60 W, 26, 120 MHz, 3996 MHz, 0 %, 0 %
2026/03/24 01:57:01.055, 7, 176.58 W, 27, 120 MHz, 3996 MHz, 0 %, 0 %
2026/03/24 01:57:02.055, 0, 721.90 W, 44, 2032 MHz, 3996 MHz, 100 %, 77 %
2026/03/24 01:57:02.055, 1, 740.42 W, 46, 2032 MHz, 3996 MHz, 100 %, 77 %
2026/03/24 01:57:02.055, 2, 724.18 W, 43, 2032 MHz, 3996 MHz, 100 %, 77 %
2026/03/24 01:57:02.055, 3, 729.57 W, 46, 2032 MHz, 3996 MHz, 66 %, 37 %
2026/03/24 01:57:02.055, 4, 179.80 W, 25, 120 MHz, 3996 MHz, 0 %, 0 %
2026/03/24 01:57:02.055, 5, 180.62 W, 27, 120 MHz, 3996 MHz, 0 %, 0 %
2026/03/24 01:57:02.055, 6, 178.64 W, 26, 120 MHz, 3996 MHz, 0 %, 0 %
2026/03/24 01:57:02.055, 7, 176.58 W, 27, 120 MHz, 3996 MHz, 0 %, 0 %
2026/03/24 01:57:03.055, 0, 703.81 W, 41, 2032 MHz, 3996 MHz, 99 %, 20 %
2026/03/24 01:57:03.055, 1, 699.30 W, 44, 2032 MHz, 3996 MHz, 99 %, 19 %
2026/03/24 01:57:03.055, 2, 689.91 W, 40, 2032 MHz, 3996 MHz, 36 %, 19 %
2026/03/24 01:57:03.055, 3, 713.15 W, 45, 2032 MHz, 3996 MHz, 92 %, 34 %
2026/03/24 01:57:03.055, 4, 179.52 W, 25, 120 MHz, 3996 MHz, 0 %, 0 %
2026/03/24 01:57:03.055, 5, 180.62 W, 27, 120 MHz, 3996 MHz, 0 %, 0 %
2026/03/24 01:57:03.055, 6, 178.64 W, 26, 120 MHz, 3996 MHz, 0 %, 0 %
2026/03/24 01:57:03.055, 7, 176.58 W, 27, 120 MHz, 3996 MHz, 0 %, 0 %
2026/03/24 01:57:04.055, 0, 760.29 W, 43, 2032 MHz, 3996 MHz, 90 %, 47 %
2026/03/24 01:57:04.056, 1, 750.74 W, 46, 2032 MHz, 3996 MHz, 63 %, 29 %
2026/03/24 01:57:04.056, 2, 749.44 W, 42, 2032 MHz, 3996 MHz, 62 %, 34 %
2026/03/24 01:57:04.056, 3, 769.95 W, 48, 2032 MHz, 3996 MHz, 86 %, 44 %
2026/03/24 01:57:04.056, 4, 179.38 W, 25, 120 MHz, 3996 MHz, 0 %, 0 %
2026/03/24 01:57:04.056, 5, 180.66 W, 27, 120 MHz, 3996 MHz, 0 %, 0 %
2026/03/24 01:57:04.056, 6, 178.64 W, 26, 120 MHz, 3996 MHz, 0 %, 0 %
2026/03/24 01:57:04.056, 7, 176.58 W, 27, 120 MHz, 3996 MHz, 0 %, 0 %
2026/03/24 01:57:05.056, 0, 619.39 W, 41, 2032 MHz, 3996 MHz, 86 %, 33 %
2026/03/24 01:57:05.056, 1, 622.89 W, 44, 2032 MHz, 3996 MHz, 56 %, 21 %
2026/03/24 01:57:05.056, 2, 610.99 W, 40, 2032 MHz, 3996 MHz, 36 %, 20 %
2026/03/24 01:57:05.056, 3, 631.22 W, 47, 2032 MHz, 3996 MHz, 96 %, 49 %
2026/03/24 01:57:05.056, 4, 179.51 W, 25, 120 MHz, 3996 MHz, 0 %, 0 %
2026/03/24 01:57:05.056, 5, 180.70 W, 27, 120 MHz, 3996 MHz, 0 %, 0 %
2026/03/24 01:57:05.056, 6, 178.64 W, 26, 120 MHz, 3996 MHz, 0 %, 0 %
2026/03/24 01:57:05.056, 7, 176.58 W, 27, 120 MHz, 3996 MHz, 0 %, 0 %
2026/03/24 01:57:06.056, 0, 562.21 W, 40, 2032 MHz, 3996 MHz, 99 %, 20 %
2026/03/24 01:57:06.056, 1, 589.94 W, 43, 2032 MHz, 3996 MHz, 99 %, 20 %
2026/03/24 01:57:06.056, 2, 584.59 W, 40, 2032 MHz, 3996 MHz, 36 %, 19 %
2026/03/24 01:57:06.056, 3, 574.16 W, 44, 2032 MHz, 3996 MHz, 99 %, 20 %
2026/03/24 01:57:06.056, 4, 179.41 W, 25, 120 MHz, 3996 MHz, 0 %, 0 %
2026/03/24 01:57:06.056, 5, 180.62 W, 27, 120 MHz, 3996 MHz, 0 %, 0 %
2026/03/24 01:57:06.056, 6, 178.64 W, 26, 120 MHz, 3996 MHz, 0 %, 0 %
2026/03/24 01:57:06.056, 7, 176.58 W, 27, 120 MHz, 3996 MHz, 0 %, 0 %
2026/03/24 01:57:07.056, 0, 601.84 W, 41, 2032 MHz, 3996 MHz, 83 %, 54 %
2026/03/24 01:57:07.056, 1, 607.80 W, 44, 2032 MHz, 3996 MHz, 69 %, 38 %
2026/03/24 01:57:07.056, 2, 592.25 W, 40, 2032 MHz, 3996 MHz, 59 %, 39 %
2026/03/24 01:57:07.056, 3, 623.97 W, 46, 2032 MHz, 3996 MHz, 73 %, 29 %
2026/03/24 01:57:07.056, 4, 179.70 W, 25, 120 MHz, 3996 MHz, 0 %, 0 %
2026/03/24 01:57:07.056, 5, 180.58 W, 27, 120 MHz, 3996 MHz, 0 %, 0 %
2026/03/24 01:57:07.056, 6, 178.63 W, 26, 120 MHz, 3996 MHz, 0 %, 0 %
2026/03/24 01:57:07.056, 7, 176.62 W, 27, 120 MHz, 3996 MHz, 0 %, 0 %
2026/03/24 01:57:08.056, 0, 712.52 W, 41, 2032 MHz, 3996 MHz, 95 %, 20 %
2026/03/24 01:57:08.056, 1, 704.00 W, 46, 2032 MHz, 3996 MHz, 96 %, 20 %
2026/03/24 01:57:08.056, 2, 697.61 W, 41, 2032 MHz, 3996 MHz, 36 %, 20 %
2026/03/24 01:57:08.056, 3, 723.92 W, 47, 2032 MHz, 3996 MHz, 99 %, 70 %
2026/03/24 01:57:08.056, 4, 179.65 W, 25, 120 MHz, 3996 MHz, 0 %, 0 %
2026/03/24 01:57:08.056, 5, 180.62 W, 27, 120 MHz, 3996 MHz, 0 %, 0 %
2026/03/24 01:57:08.056, 6, 178.64 W, 26, 120 MHz, 3996 MHz, 0 %, 0 %
2026/03/24 01:57:08.056, 7, 176.58 W, 27, 120 MHz, 3996 MHz, 0 %, 0 %
2026/03/24 01:57:09.056, 0, 657.67 W, 42, 2032 MHz, 3996 MHz, 100 %, 74 %
2026/03/24 01:57:09.056, 1, 686.40 W, 45, 2032 MHz, 3996 MHz, 100 %, 76 %
2026/03/24 01:57:09.056, 2, 667.62 W, 41, 2032 MHz, 3996 MHz, 100 %, 77 %
2026/03/24 01:57:09.056, 3, 653.81 W, 45, 2032 MHz, 3996 MHz, 56 %, 28 %
2026/03/24 01:57:09.056, 4, 179.26 W, 25, 120 MHz, 3996 MHz, 0 %, 0 %
2026/03/24 01:57:09.056, 5, 180.70 W, 27, 120 MHz, 3996 MHz, 0 %, 0 %
2026/03/24 01:57:09.056, 6, 178.60 W, 26, 120 MHz, 3996 MHz, 0 %, 0 %
2026/03/24 01:57:09.056, 7, 176.58 W, 27, 120 MHz, 3996 MHz, 0 %, 0 %
2026/03/24 01:57:10.056, 0, 608.36 W, 40, 2032 MHz, 3996 MHz, 98 %, 75 %
2026/03/24 01:57:10.056, 1, 614.59 W, 44, 2032 MHz, 3996 MHz, 84 %, 59 %
2026/03/24 01:57:10.056, 2, 608.15 W, 40, 2032 MHz, 3996 MHz, 83 %, 62 %
2026/03/24 01:57:10.056, 3, 617.27 W, 44, 2032 MHz, 3996 MHz, 83 %, 20 %
2026/03/24 01:57:10.056, 4, 179.47 W, 25, 120 MHz, 3996 MHz, 0 %, 0 %
2026/03/24 01:57:10.056, 5, 180.70 W, 27, 120 MHz, 3996 MHz, 0 %, 0 %
2026/03/24 01:57:10.056, 6, 178.64 W, 26, 120 MHz, 3996 MHz, 0 %, 0 %
2026/03/24 01:57:10.056, 7, 176.58 W, 27, 120 MHz, 3996 MHz, 0 %, 0 %
2026/03/24 01:57:11.057, 0, 573.87 W, 39, 2032 MHz, 3996 MHz, 99 %, 20 %
2026/03/24 01:57:11.057, 1, 580.98 W, 43, 2032 MHz, 3996 MHz, 94 %, 22 %
2026/03/24 01:57:11.057, 2, 567.57 W, 40, 2032 MHz, 3996 MHz, 49 %, 20 %
2026/03/24 01:57:11.057, 3, 584.78 W, 44, 2032 MHz, 3996 MHz, 89 %, 33 %
2026/03/24 01:57:11.057, 4, 179.58 W, 25, 120 MHz, 3996 MHz, 0 %, 0 %
2026/03/24 01:57:11.057, 5, 180.70 W, 27, 120 MHz, 3996 MHz, 0 %, 0 %
2026/03/24 01:57:11.057, 6, 178.64 W, 26, 120 MHz, 3996 MHz, 0 %, 0 %
2026/03/24 01:57:11.057, 7, 176.58 W, 27, 120 MHz, 3996 MHz, 0 %, 0 %
2026/03/24 01:57:12.057, 0, 639.87 W, 41, 2032 MHz, 3996 MHz, 100 %, 60 %
2026/03/24 01:57:12.057, 1, 641.31 W, 45, 2032 MHz, 3996 MHz, 91 %, 62 %
2026/03/24 01:57:12.057, 2, 633.03 W, 41, 2032 MHz, 3996 MHz, 87 %, 63 %
2026/03/24 01:57:12.057, 3, 659.03 W, 46, 2032 MHz, 3996 MHz, 92 %, 23 %
2026/03/24 01:57:12.057, 4, 179.56 W, 25, 120 MHz, 3996 MHz, 0 %, 0 %
2026/03/24 01:57:12.057, 5, 180.62 W, 27, 120 MHz, 3996 MHz, 0 %, 0 %
2026/03/24 01:57:12.057, 6, 178.64 W, 26, 120 MHz, 3996 MHz, 0 %, 0 %
2026/03/24 01:57:12.057, 7, 176.58 W, 27, 120 MHz, 3996 MHz, 0 %, 0 %
2026/03/24 01:57:13.057, 0, 564.83 W, 39, 2032 MHz, 3996 MHz, 100 %, 20 %
2026/03/24 01:57:13.057, 1, 580.32 W, 43, 2032 MHz, 3996 MHz, 97 %, 19 %
2026/03/24 01:57:13.057, 2, 569.80 W, 39, 2032 MHz, 3996 MHz, 35 %, 19 %
2026/03/24 01:57:13.057, 3, 575.76 W, 43, 2032 MHz, 3996 MHz, 100 %, 19 %
2026/03/24 01:57:13.057, 4, 179.66 W, 25, 120 MHz, 3996 MHz, 0 %, 0 %
2026/03/24 01:57:13.057, 5, 180.66 W, 27, 120 MHz, 3996 MHz, 0 %, 0 %
2026/03/24 01:57:13.057, 6, 178.64 W, 26, 120 MHz, 3996 MHz, 0 %, 0 %
2026/03/24 01:57:13.057, 7, 176.58 W, 27, 120 MHz, 3996 MHz, 0 %, 0 %
2026/03/24 01:57:14.057, 0, 609.39 W, 40, 2032 MHz, 3996 MHz, 95 %, 47 %
2026/03/24 01:57:14.057, 1, 613.34 W, 43, 2032 MHz, 3996 MHz, 82 %, 34 %
2026/03/24 01:57:14.057, 2, 603.71 W, 39, 2032 MHz, 3996 MHz, 57 %, 38 %
2026/03/24 01:57:14.057, 3, 626.53 W, 44, 2032 MHz, 3996 MHz, 99 %, 30 %
2026/03/24 01:57:14.057, 4, 179.73 W, 25, 120 MHz, 3996 MHz, 0 %, 0 %
2026/03/24 01:57:14.057, 5, 180.62 W, 27, 120 MHz, 3996 MHz, 0 %, 0 %
2026/03/24 01:57:14.057, 6, 178.64 W, 26, 120 MHz, 3996 MHz, 0 %, 0 %
2026/03/24 01:57:14.057, 7, 176.62 W, 27, 120 MHz, 3996 MHz, 0 %, 0 %
2026/03/24 01:57:15.057, 0, 591.31 W, 39, 2032 MHz, 3996 MHz, 99 %, 62 %
2026/03/24 01:57:15.057, 1, 606.41 W, 44, 2032 MHz, 3996 MHz, 81 %, 59 %
2026/03/24 01:57:15.057, 2, 601.02 W, 40, 2032 MHz, 3996 MHz, 85 %, 60 %
2026/03/24 01:57:15.057, 3, 600.55 W, 44, 2032 MHz, 3996 MHz, 42 %, 20 %
2026/03/24 01:57:15.057, 4, 179.75 W, 25, 120 MHz, 3996 MHz, 0 %, 0 %
2026/03/24 01:57:15.057, 5, 180.58 W, 27, 120 MHz, 3996 MHz, 0 %, 0 %
2026/03/24 01:57:15.057, 6, 178.64 W, 26, 120 MHz, 3996 MHz, 0 %, 0 %
2026/03/24 01:57:15.057, 7, 176.58 W, 27, 120 MHz, 3996 MHz, 0 %, 0 %
2026/03/24 01:57:16.057, 0, 583.48 W, 39, 2032 MHz, 3996 MHz, 77 %, 32 %
2026/03/24 01:57:16.057, 1, 589.57 W, 43, 2032 MHz, 3996 MHz, 79 %, 19 %
2026/03/24 01:57:16.057, 2, 583.28 W, 39, 2032 MHz, 3996 MHz, 44 %, 20 %
2026/03/24 01:57:16.057, 3, 588.74 W, 44, 2032 MHz, 3996 MHz, 44 %, 19 %
2026/03/24 01:57:16.057, 4, 179.84 W, 25, 120 MHz, 3996 MHz, 0 %, 0 %
2026/03/24 01:57:16.057, 5, 180.70 W, 27, 120 MHz, 3996 MHz, 0 %, 0 %
2026/03/24 01:57:16.057, 6, 178.64 W, 26, 120 MHz, 3996 MHz, 0 %, 0 %
2026/03/24 01:57:16.057, 7, 176.58 W, 27, 120 MHz, 3996 MHz, 0 %, 0 %
2026/03/24 01:57:17.057, 0, 632.99 W, 41, 2032 MHz, 3996 MHz, 91 %, 19 %
2026/03/24 01:57:17.057, 1, 620.33 W, 44, 2032 MHz, 3996 MHz, 85 %, 20 %
2026/03/24 01:57:17.057, 2, 617.42 W, 39, 2032 MHz, 3996 MHz, 35 %, 20 %
2026/03/24 01:57:17.057, 3, 652.23 W, 46, 2032 MHz, 3996 MHz, 94 %, 61 %
2026/03/24 01:57:17.057, 4, 179.51 W, 25, 120 MHz, 3996 MHz, 0 %, 0 %
2026/03/24 01:57:17.057, 5, 180.70 W, 27, 120 MHz, 3996 MHz, 0 %, 0 %
2026/03/24 01:57:17.057, 6, 178.64 W, 26, 120 MHz, 3996 MHz, 0 %, 0 %
2026/03/24 01:57:17.058, 7, 176.58 W, 27, 120 MHz, 3996 MHz, 0 %, 0 %
2026/03/24 01:57:18.058, 0, 682.00 W, 42, 2032 MHz, 3996 MHz, 95 %, 23 %
2026/03/24 01:57:18.058, 1, 699.90 W, 45, 2032 MHz, 3996 MHz, 92 %, 23 %
2026/03/24 01:57:18.058, 2, 689.51 W, 41, 2032 MHz, 3996 MHz, 48 %, 23 %
2026/03/24 01:57:18.058, 3, 701.08 W, 46, 2032 MHz, 3996 MHz, 100 %, 65 %
2026/03/24 01:57:18.058, 4, 179.53 W, 25, 120 MHz, 3996 MHz, 0 %, 0 %
2026/03/24 01:57:18.058, 5, 180.62 W, 27, 120 MHz, 3996 MHz, 0 %, 0 %
2026/03/24 01:57:18.058, 6, 178.64 W, 26, 120 MHz, 3996 MHz, 0 %, 0 %
2026/03/24 01:57:18.058, 7, 176.58 W, 27, 120 MHz, 3996 MHz, 0 %, 0 %
2026/03/24 01:57:19.058, 0, 789.41 W, 40, 2032 MHz, 3996 MHz, 85 %, 40 %
2026/03/24 01:57:19.058, 1, 810.84 W, 44, 2032 MHz, 3996 MHz, 72 %, 24 %
2026/03/24 01:57:19.058, 2, 801.04 W, 40, 2032 MHz, 3996 MHz, 43 %, 25 %
2026/03/24 01:57:19.058, 3, 798.06 W, 45, 2032 MHz, 3996 MHz, 66 %, 32 %
2026/03/24 01:57:19.058, 4, 179.45 W, 25, 120 MHz, 3996 MHz, 0 %, 0 %
2026/03/24 01:57:19.058, 5, 180.70 W, 27, 120 MHz, 3996 MHz, 0 %, 0 %
2026/03/24 01:57:19.058, 6, 178.64 W, 26, 120 MHz, 3996 MHz, 0 %, 0 %
2026/03/24 01:57:19.058, 7, 176.58 W, 27, 120 MHz, 3996 MHz, 0 %, 0 %
2026/03/24 01:57:20.058, 0, 668.29 W, 41, 2032 MHz, 3996 MHz, 100 %, 75 %
2026/03/24 01:57:20.058, 1, 672.89 W, 46, 2032 MHz, 3996 MHz, 100 %, 75 %
2026/03/24 01:57:20.058, 2, 664.39 W, 42, 2032 MHz, 3996 MHz, 100 %, 76 %
2026/03/24 01:57:20.058, 3, 679.64 W, 46, 2032 MHz, 3996 MHz, 100 %, 75 %
2026/03/24 01:57:20.058, 4, 179.62 W, 25, 120 MHz, 3996 MHz, 0 %, 0 %
2026/03/24 01:57:20.058, 5, 180.62 W, 27, 120 MHz, 3996 MHz, 0 %, 0 %
2026/03/24 01:57:20.058, 6, 178.64 W, 26, 120 MHz, 3996 MHz, 0 %, 0 %
2026/03/24 01:57:20.058, 7, 176.58 W, 27, 120 MHz, 3996 MHz, 0 %, 0 %
2026/03/24 01:57:21.058, 0, 644.79 W, 40, 2032 MHz, 3996 MHz, 100 %, 49 %
2026/03/24 01:57:21.058, 1, 659.63 W, 44, 2032 MHz, 3996 MHz, 84 %, 61 %
2026/03/24 01:57:21.058, 2, 655.61 W, 40, 2032 MHz, 3996 MHz, 99 %, 65 %
2026/03/24 01:57:21.058, 3, 641.68 W, 44, 2032 MHz, 3996 MHz, 44 %, 21 %
2026/03/24 01:57:21.058, 4, 179.65 W, 25, 120 MHz, 3996 MHz, 0 %, 0 %
2026/03/24 01:57:21.058, 5, 180.70 W, 27, 120 MHz, 3996 MHz, 0 %, 0 %
2026/03/24 01:57:21.058, 6, 178.64 W, 26, 120 MHz, 3996 MHz, 0 %, 0 %
2026/03/24 01:57:21.058, 7, 176.58 W, 27, 120 MHz, 3996 MHz, 0 %, 0 %
2026/03/24 01:57:22.058, 0, 719.02 W, 40, 2032 MHz, 3996 MHz, 99 %, 75 %
2026/03/24 01:57:22.058, 1, 729.06 W, 44, 2032 MHz, 3996 MHz, 85 %, 58 %
2026/03/24 01:57:22.058, 2, 714.13 W, 40, 2032 MHz, 3996 MHz, 84 %, 60 %
2026/03/24 01:57:22.058, 3, 722.16 W, 44, 2032 MHz, 3996 MHz, 36 %, 20 %
2026/03/24 01:57:22.058, 4, 179.58 W, 25, 120 MHz, 3996 MHz, 0 %, 0 %
2026/03/24 01:57:22.058, 5, 180.74 W, 27, 120 MHz, 3996 MHz, 0 %, 0 %
2026/03/24 01:57:22.058, 6, 178.64 W, 26, 120 MHz, 3996 MHz, 0 %, 0 %
2026/03/24 01:57:22.058, 7, 176.58 W, 27, 120 MHz, 3996 MHz, 0 %, 0 %
2026/03/24 01:57:23.058, 0, 671.79 W, 41, 2032 MHz, 3996 MHz, 92 %, 35 %
2026/03/24 01:57:23.058, 1, 667.15 W, 44, 2032 MHz, 3996 MHz, 86 %, 32 %
2026/03/24 01:57:23.058, 2, 661.14 W, 40, 2032 MHz, 3996 MHz, 73 %, 34 %
2026/03/24 01:57:23.058, 3, 684.03 W, 46, 2032 MHz, 3996 MHz, 71 %, 42 %
2026/03/24 01:57:23.058, 4, 179.43 W, 25, 120 MHz, 3996 MHz, 0 %, 0 %
2026/03/24 01:57:23.058, 5, 180.70 W, 27, 120 MHz, 3996 MHz, 0 %, 0 %
2026/03/24 01:57:23.058, 6, 178.64 W, 26, 120 MHz, 3996 MHz, 0 %, 0 %
2026/03/24 01:57:23.058, 7, 176.62 W, 27, 120 MHz, 3996 MHz, 0 %, 0 %
2026/03/24 01:57:24.058, 0, 768.02 W, 40, 2032 MHz, 3996 MHz, 100 %, 35 %
2026/03/24 01:57:24.058, 1, 791.91 W, 46, 2032 MHz, 3996 MHz, 99 %, 51 %
2026/03/24 01:57:24.059, 2, 778.69 W, 42, 2032 MHz, 3996 MHz, 70 %, 50 %
2026/03/24 01:57:24.059, 3, 762.55 W, 45, 2032 MHz, 3996 MHz, 69 %, 49 %
2026/03/24 01:57:24.059, 4, 179.47 W, 25, 120 MHz, 3996 MHz, 0 %, 0 %
2026/03/24 01:57:24.059, 5, 180.62 W, 27, 120 MHz, 3996 MHz, 0 %, 0 %
2026/03/24 01:57:24.059, 6, 178.64 W, 26, 120 MHz, 3996 MHz, 0 %, 0 %
2026/03/24 01:57:24.059, 7, 176.58 W, 27, 120 MHz, 3996 MHz, 0 %, 0 %
2026/03/24 01:57:25.059, 0, 799.43 W, 42, 2032 MHz, 3996 MHz, 100 %, 75 %
2026/03/24 01:57:25.059, 1, 799.52 W, 47, 2032 MHz, 3996 MHz, 100 %, 74 %
2026/03/24 01:57:25.059, 2, 788.47 W, 43, 2032 MHz, 3996 MHz, 100 %, 75 %
2026/03/24 01:57:25.059, 3, 807.06 W, 46, 2032 MHz, 3996 MHz, 95 %, 71 %
2026/03/24 01:57:25.059, 4, 179.22 W, 25, 120 MHz, 3996 MHz, 0 %, 0 %
2026/03/24 01:57:25.059, 5, 180.70 W, 27, 120 MHz, 3996 MHz, 0 %, 0 %
2026/03/24 01:57:25.059, 6, 178.64 W, 26, 120 MHz, 3996 MHz, 0 %, 0 %
2026/03/24 01:57:25.059, 7, 176.62 W, 27, 120 MHz, 3996 MHz, 0 %, 0 %
2026/03/24 01:57:26.059, 0, 795.29 W, 43, 2032 MHz, 3996 MHz, 100 %, 76 %
2026/03/24 01:57:26.059, 1, 803.35 W, 47, 2032 MHz, 3996 MHz, 100 %, 75 %
2026/03/24 01:57:26.059, 2, 789.81 W, 43, 2032 MHz, 3996 MHz, 100 %, 76 %
2026/03/24 01:57:26.059, 3, 822.68 W, 48, 2032 MHz, 3996 MHz, 100 %, 76 %
2026/03/24 01:57:26.059, 4, 179.52 W, 25, 120 MHz, 3996 MHz, 0 %, 0 %
2026/03/24 01:57:26.059, 5, 180.66 W, 27, 120 MHz, 3996 MHz, 0 %, 0 %
2026/03/24 01:57:26.059, 6, 178.64 W, 26, 120 MHz, 3996 MHz, 0 %, 0 %
2026/03/24 01:57:26.059, 7, 176.59 W, 27, 120 MHz, 3996 MHz, 0 %, 0 %
2026/03/24 01:57:27.059, 0, 911.88 W, 44, 2032 MHz, 3996 MHz, 100 %, 75 %
2026/03/24 01:57:27.059, 1, 923.47 W, 48, 2032 MHz, 3996 MHz, 100 %, 75 %
2026/03/24 01:57:27.059, 2, 908.78 W, 44, 2032 MHz, 3996 MHz, 100 %, 76 %
2026/03/24 01:57:27.059, 3, 923.07 W, 49, 2032 MHz, 3996 MHz, 100 %, 75 %
2026/03/24 01:57:27.059, 4, 179.39 W, 25, 120 MHz, 3996 MHz, 0 %, 0 %
2026/03/24 01:57:27.059, 5, 180.62 W, 27, 120 MHz, 3996 MHz, 0 %, 0 %
2026/03/24 01:57:27.059, 6, 178.63 W, 26, 120 MHz, 3996 MHz, 0 %, 0 %
2026/03/24 01:57:27.059, 7, 176.59 W, 27, 120 MHz, 3996 MHz, 0 %, 0 %
2026/03/24 01:57:28.059, 0, 912.60 W, 44, 2032 MHz, 3996 MHz, 100 %, 75 %
2026/03/24 01:57:28.059, 1, 926.39 W, 48, 2032 MHz, 3996 MHz, 100 %, 75 %
2026/03/24 01:57:28.059, 2, 912.81 W, 44, 2032 MHz, 3996 MHz, 100 %, 76 %
2026/03/24 01:57:28.059, 3, 928.31 W, 49, 2032 MHz, 3996 MHz, 100 %, 75 %
2026/03/24 01:57:28.059, 4, 179.56 W, 25, 120 MHz, 3996 MHz, 0 %, 0 %
2026/03/24 01:57:28.059, 5, 180.62 W, 27, 120 MHz, 3996 MHz, 0 %, 0 %
2026/03/24 01:57:28.059, 6, 178.64 W, 26, 120 MHz, 3996 MHz, 0 %, 0 %
2026/03/24 01:57:28.059, 7, 176.58 W, 27, 120 MHz, 3996 MHz, 0 %, 0 %
2026/03/24 01:57:29.059, 0, 916.06 W, 44, 2032 MHz, 3996 MHz, 100 %, 75 %
2026/03/24 01:57:29.059, 1, 928.37 W, 48, 2032 MHz, 3996 MHz, 100 %, 75 %
2026/03/24 01:57:29.059, 2, 910.29 W, 44, 2032 MHz, 3996 MHz, 100 %, 76 %
2026/03/24 01:57:29.059, 3, 922.03 W, 49, 2032 MHz, 3996 MHz, 100 %, 75 %
2026/03/24 01:57:29.059, 4, 179.62 W, 25, 120 MHz, 3996 MHz, 0 %, 0 %
2026/03/24 01:57:29.059, 5, 180.74 W, 27, 120 MHz, 3996 MHz, 0 %, 0 %
2026/03/24 01:57:29.059, 6, 178.64 W, 26, 120 MHz, 3996 MHz, 0 %, 0 %
2026/03/24 01:57:29.059, 7, 176.62 W, 27, 120 MHz, 3996 MHz, 0 %, 0 %
2026/03/24 01:57:30.059, 0, 912.78 W, 44, 2032 MHz, 3996 MHz, 100 %, 75 %
2026/03/24 01:57:30.059, 1, 924.93 W, 48, 2032 MHz, 3996 MHz, 100 %, 75 %
2026/03/24 01:57:30.059, 2, 911.36 W, 44, 2032 MHz, 3996 MHz, 100 %, 76 %
2026/03/24 01:57:30.059, 3, 926.43 W, 49, 2032 MHz, 3996 MHz, 100 %, 75 %
2026/03/24 01:57:30.059, 4, 179.48 W, 25, 120 MHz, 3996 MHz, 0 %, 0 %
2026/03/24 01:57:30.060, 5, 180.70 W, 27, 120 MHz, 3996 MHz, 0 %, 0 %
2026/03/24 01:57:30.060, 6, 178.64 W, 26, 120 MHz, 3996 MHz, 0 %, 0 %
2026/03/24 01:57:30.060, 7, 176.58 W, 27, 120 MHz, 3996 MHz, 0 %, 0 %
2026/03/24 01:57:31.060, 0, 916.64 W, 45, 2032 MHz, 3996 MHz, 100 %, 76 %
2026/03/24 01:57:31.060, 1, 928.55 W, 48, 2032 MHz, 3996 MHz, 100 %, 75 %
2026/03/24 01:57:31.060, 2, 912.92 W, 44, 2032 MHz, 3996 MHz, 100 %, 76 %
2026/03/24 01:57:31.060, 3, 922.93 W, 49, 2032 MHz, 3996 MHz, 100 %, 75 %
2026/03/24 01:57:31.060, 4, 179.49 W, 25, 120 MHz, 3996 MHz, 0 %, 0 %
2026/03/24 01:57:31.060, 5, 180.70 W, 27, 120 MHz, 3996 MHz, 0 %, 0 %
2026/03/24 01:57:31.060, 6, 178.64 W, 26, 120 MHz, 3996 MHz, 0 %, 0 %
2026/03/24 01:57:31.060, 7, 176.62 W, 27, 120 MHz, 3996 MHz, 0 %, 0 %
2026/03/24 01:57:32.060, 0, 913.72 W, 45, 2032 MHz, 3996 MHz, 100 %, 75 %
2026/03/24 01:57:32.060, 1, 927.19 W, 49, 2032 MHz, 3996 MHz, 100 %, 75 %
2026/03/24 01:57:32.060, 2, 910.37 W, 44, 2032 MHz, 3996 MHz, 100 %, 76 %
2026/03/24 01:57:32.060, 3, 929.14 W, 49, 2032 MHz, 3996 MHz, 100 %, 75 %
2026/03/24 01:57:32.060, 4, 179.90 W, 25, 120 MHz, 3996 MHz, 0 %, 0 %
2026/03/24 01:57:32.060, 5, 180.70 W, 27, 120 MHz, 3996 MHz, 0 %, 0 %
2026/03/24 01:57:32.060, 6, 178.64 W, 26, 120 MHz, 3996 MHz, 0 %, 0 %
2026/03/24 01:57:32.060, 7, 176.58 W, 27, 120 MHz, 3996 MHz, 0 %, 0 %
2026/03/24 01:57:33.060, 0, 916.48 W, 45, 2032 MHz, 3996 MHz, 100 %, 76 %
2026/03/24 01:57:33.060, 1, 924.24 W, 49, 2032 MHz, 3996 MHz, 100 %, 75 %
2026/03/24 01:57:33.060, 2, 910.64 W, 44, 2032 MHz, 3996 MHz, 100 %, 76 %
2026/03/24 01:57:33.060, 3, 928.02 W, 50, 2032 MHz, 3996 MHz, 100 %, 74 %
2026/03/24 01:57:33.060, 4, 179.57 W, 25, 120 MHz, 3996 MHz, 0 %, 0 %
2026/03/24 01:57:33.060, 5, 180.74 W, 27, 120 MHz, 3996 MHz, 0 %, 0 %
2026/03/24 01:57:33.060, 6, 178.64 W, 26, 120 MHz, 3996 MHz, 0 %, 0 %
2026/03/24 01:57:33.060, 7, 176.58 W, 27, 120 MHz, 3996 MHz, 0 %, 0 %
2026/03/24 01:57:34.060, 0, 915.90 W, 45, 2032 MHz, 3996 MHz, 100 %, 75 %
2026/03/24 01:57:34.060, 1, 926.73 W, 49, 2032 MHz, 3996 MHz, 100 %, 74 %
2026/03/24 01:57:34.060, 2, 911.26 W, 45, 2032 MHz, 3996 MHz, 100 %, 75 %
2026/03/24 01:57:34.060, 3, 930.21 W, 50, 2032 MHz, 3996 MHz, 100 %, 75 %
2026/03/24 01:57:34.060, 4, 179.28 W, 25, 120 MHz, 3996 MHz, 0 %, 0 %
2026/03/24 01:57:34.060, 5, 180.74 W, 27, 120 MHz, 3996 MHz, 0 %, 0 %
2026/03/24 01:57:34.060, 6, 178.63 W, 26, 120 MHz, 3996 MHz, 0 %, 0 %
2026/03/24 01:57:34.060, 7, 176.58 W, 27, 120 MHz, 3996 MHz, 0 %, 0 %
2026/03/24 01:57:35.060, 0, 856.19 W, 44, 2032 MHz, 3996 MHz, 99 %, 19 %
2026/03/24 01:57:35.060, 1, 866.07 W, 48, 2032 MHz, 3996 MHz, 100 %, 32 %
2026/03/24 01:57:35.060, 2, 848.00 W, 43, 2032 MHz, 3996 MHz, 48 %, 30 %
2026/03/24 01:57:35.060, 3, 868.62 W, 49, 2032 MHz, 3996 MHz, 100 %, 75 %
2026/03/24 01:57:35.060, 4, 179.61 W, 25, 120 MHz, 3996 MHz, 0 %, 0 %
2026/03/24 01:57:35.060, 5, 180.66 W, 27, 120 MHz, 3996 MHz, 0 %, 0 %
2026/03/24 01:57:35.060, 6, 178.64 W, 26, 120 MHz, 3996 MHz, 0 %, 0 %
2026/03/24 01:57:35.060, 7, 176.58 W, 27, 120 MHz, 3996 MHz, 0 %, 0 %
2026/03/24 01:57:36.060, 0, 791.95 W, 43, 2032 MHz, 3996 MHz, 90 %, 37 %
2026/03/24 01:57:36.060, 1, 808.47 W, 45, 2032 MHz, 3996 MHz, 76 %, 20 %
2026/03/24 01:57:36.060, 2, 792.23 W, 42, 2032 MHz, 3996 MHz, 35 %, 19 %
2026/03/24 01:57:36.060, 3, 804.37 W, 48, 2032 MHz, 3996 MHz, 74 %, 47 %
2026/03/24 01:57:36.060, 4, 179.63 W, 25, 120 MHz, 3996 MHz, 0 %, 0 %
2026/03/24 01:57:36.060, 5, 180.70 W, 27, 120 MHz, 3996 MHz, 0 %, 0 %
2026/03/24 01:57:36.060, 6, 178.64 W, 26, 120 MHz, 3996 MHz, 0 %, 0 %
2026/03/24 01:57:36.060, 7, 176.58 W, 27, 120 MHz, 3996 MHz, 0 %, 0 %
2026/03/24 01:57:37.060, 0, 870.61 W, 45, 2032 MHz, 3996 MHz, 100 %, 75 %
2026/03/24 01:57:37.060, 1, 879.08 W, 49, 2032 MHz, 3996 MHz, 100 %, 75 %
2026/03/24 01:57:37.060, 2, 870.06 W, 44, 2032 MHz, 3996 MHz, 100 %, 76 %
2026/03/24 01:57:37.061, 3, 889.20 W, 49, 2032 MHz, 3996 MHz, 100 %, 75 %
2026/03/24 01:57:37.061, 4, 179.70 W, 25, 120 MHz, 3996 MHz, 0 %, 0 %
2026/03/24 01:57:37.061, 5, 180.66 W, 27, 120 MHz, 3996 MHz, 0 %, 0 %
2026/03/24 01:57:37.061, 6, 178.63 W, 26, 120 MHz, 3996 MHz, 0 %, 0 %
2026/03/24 01:57:37.061, 7, 176.58 W, 27, 120 MHz, 3996 MHz, 0 %, 0 %
2026/03/24 01:57:38.061, 0, 683.95 W, 44, 2032 MHz, 3996 MHz, 100 %, 44 %
2026/03/24 01:57:38.061, 1, 699.55 W, 47, 2032 MHz, 3996 MHz, 96 %, 58 %
2026/03/24 01:57:38.061, 2, 693.39 W, 43, 2032 MHz, 3996 MHz, 83 %, 56 %
2026/03/24 01:57:38.061, 3, 697.04 W, 48, 2032 MHz, 3996 MHz, 100 %, 75 %
2026/03/24 01:57:38.061, 4, 179.48 W, 25, 120 MHz, 3996 MHz, 0 %, 0 %
2026/03/24 01:57:38.061, 5, 180.62 W, 27, 120 MHz, 3996 MHz, 0 %, 0 %
2026/03/24 01:57:38.061, 6, 178.64 W, 26, 120 MHz, 3996 MHz, 0 %, 0 %
2026/03/24 01:57:38.061, 7, 176.59 W, 27, 120 MHz, 3996 MHz, 0 %, 0 %
2026/03/24 01:57:39.061, 0, 656.75 W, 41, 2032 MHz, 3996 MHz, 99 %, 19 %
2026/03/24 01:57:39.061, 1, 684.86 W, 44, 2032 MHz, 3996 MHz, 99 %, 19 %
2026/03/24 01:57:39.061, 2, 673.04 W, 40, 2032 MHz, 3996 MHz, 53 %, 19 %
2026/03/24 01:57:39.061, 3, 666.12 W, 45, 2032 MHz, 3996 MHz, 54 %, 33 %
2026/03/24 01:57:39.061, 4, 179.39 W, 25, 120 MHz, 3996 MHz, 0 %, 0 %
2026/03/24 01:57:39.061, 5, 180.66 W, 27, 120 MHz, 3996 MHz, 0 %, 0 %
2026/03/24 01:57:39.061, 6, 178.64 W, 26, 120 MHz, 3996 MHz, 0 %, 0 %
2026/03/24 01:57:39.061, 7, 176.58 W, 27, 120 MHz, 3996 MHz, 0 %, 0 %
2026/03/24 01:57:40.061, 0, 635.54 W, 42, 2032 MHz, 3996 MHz, 99 %, 19 %
2026/03/24 01:57:40.061, 1, 626.16 W, 44, 2032 MHz, 3996 MHz, 99 %, 19 %
2026/03/24 01:57:40.061, 2, 621.37 W, 40, 2032 MHz, 3996 MHz, 72 %, 19 %
2026/03/24 01:57:40.061, 3, 643.87 W, 47, 2032 MHz, 3996 MHz, 62 %, 43 %
2026/03/24 01:57:40.061, 4, 179.43 W, 25, 120 MHz, 3996 MHz, 0 %, 0 %
2026/03/24 01:57:40.061, 5, 180.62 W, 27, 120 MHz, 3996 MHz, 0 %, 0 %
2026/03/24 01:57:40.061, 6, 178.64 W, 26, 120 MHz, 3996 MHz, 0 %, 0 %
2026/03/24 01:57:40.061, 7, 176.58 W, 27, 120 MHz, 3996 MHz, 0 %, 0 %
2026/03/24 01:57:41.061, 0, 678.84 W, 41, 2032 MHz, 3996 MHz, 98 %, 22 %
2026/03/24 01:57:41.061, 1, 697.35 W, 46, 2032 MHz, 3996 MHz, 98 %, 39 %
2026/03/24 01:57:41.061, 2, 684.06 W, 42, 2032 MHz, 3996 MHz, 64 %, 37 %
2026/03/24 01:57:41.061, 3, 678.94 W, 46, 2032 MHz, 3996 MHz, 88 %, 64 %
2026/03/24 01:57:41.061, 4, 179.20 W, 25, 120 MHz, 3996 MHz, 0 %, 0 %
2026/03/24 01:57:41.061, 5, 180.70 W, 27, 120 MHz, 3996 MHz, 0 %, 0 %
2026/03/24 01:57:41.061, 6, 178.64 W, 26, 120 MHz, 3996 MHz, 0 %, 0 %
2026/03/24 01:57:41.061, 7, 176.58 W, 27, 120 MHz, 3996 MHz, 0 %, 0 %
2026/03/24 01:57:42.061, 0, 639.89 W, 40, 2032 MHz, 3996 MHz, 100 %, 42 %
2026/03/24 01:57:42.061, 1, 653.51 W, 44, 2032 MHz, 3996 MHz, 90 %, 48 %
2026/03/24 01:57:42.061, 2, 640.23 W, 41, 2032 MHz, 3996 MHz, 68 %, 48 %
2026/03/24 01:57:42.061, 3, 653.20 W, 45, 2032 MHz, 3996 MHz, 37 %, 20 %
2026/03/24 01:57:42.061, 4, 179.47 W, 25, 120 MHz, 3996 MHz, 0 %, 0 %
2026/03/24 01:57:42.061, 5, 180.58 W, 27, 120 MHz, 3996 MHz, 0 %, 0 %
2026/03/24 01:57:42.061, 6, 178.64 W, 26, 120 MHz, 3996 MHz, 0 %, 0 %
2026/03/24 01:57:42.061, 7, 176.62 W, 27, 120 MHz, 3996 MHz, 0 %, 0 %
2026/03/24 01:57:43.061, 0, 642.90 W, 40, 2032 MHz, 3996 MHz, 90 %, 49 %
2026/03/24 01:57:43.061, 1, 651.14 W, 44, 2032 MHz, 3996 MHz, 82 %, 47 %
2026/03/24 01:57:43.061, 2, 624.43 W, 40, 2032 MHz, 3996 MHz, 77 %, 49 %
2026/03/24 01:57:43.061, 3, 643.65 W, 45, 2032 MHz, 3996 MHz, 34 %, 19 %
2026/03/24 01:57:43.061, 4, 179.65 W, 25, 120 MHz, 3996 MHz, 0 %, 0 %
2026/03/24 01:57:43.061, 5, 180.62 W, 27, 120 MHz, 3996 MHz, 0 %, 0 %
2026/03/24 01:57:43.061, 6, 178.63 W, 26, 120 MHz, 3996 MHz, 0 %, 0 %
2026/03/24 01:57:43.061, 7, 176.58 W, 27, 120 MHz, 3996 MHz, 0 %, 0 %
2026/03/24 01:57:44.062, 0, 625.34 W, 42, 2032 MHz, 3996 MHz, 80 %, 39 %
2026/03/24 01:57:44.062, 1, 608.91 W, 44, 2032 MHz, 3996 MHz, 69 %, 23 %
2026/03/24 01:57:44.062, 2, 613.17 W, 40, 2032 MHz, 3996 MHz, 43 %, 24 %
2026/03/24 01:57:44.062, 3, 630.91 W, 46, 2032 MHz, 3996 MHz, 77 %, 45 %
2026/03/24 01:57:44.062, 4, 179.84 W, 25, 120 MHz, 3996 MHz, 0 %, 0 %
2026/03/24 01:57:44.062, 5, 180.66 W, 27, 120 MHz, 3996 MHz, 0 %, 0 %
2026/03/24 01:57:44.062, 6, 178.64 W, 26, 120 MHz, 3996 MHz, 0 %, 0 %
2026/03/24 01:57:44.062, 7, 176.58 W, 27, 120 MHz, 3996 MHz, 0 %, 0 %
2026/03/24 01:57:45.062, 0, 586.40 W, 40, 2032 MHz, 3996 MHz, 95 %, 20 %
2026/03/24 01:57:45.062, 1, 618.44 W, 45, 2032 MHz, 3996 MHz, 82 %, 20 %
2026/03/24 01:57:45.062, 2, 607.17 W, 41, 2032 MHz, 3996 MHz, 41 %, 20 %
2026/03/24 01:57:45.062, 3, 593.05 W, 44, 2032 MHz, 3996 MHz, 66 %, 46 %
2026/03/24 01:57:45.062, 4, 179.46 W, 25, 120 MHz, 3996 MHz, 0 %, 0 %
2026/03/24 01:57:45.062, 5, 180.70 W, 27, 120 MHz, 3996 MHz, 0 %, 0 %
2026/03/24 01:57:45.062, 6, 178.64 W, 26, 120 MHz, 3996 MHz, 0 %, 0 %
2026/03/24 01:57:45.062, 7, 176.58 W, 27, 120 MHz, 3996 MHz, 0 %, 0 %
2026/03/24 01:57:46.062, 0, 610.47 W, 41, 2032 MHz, 3996 MHz, 100 %, 70 %
2026/03/24 01:57:46.062, 1, 614.45 W, 45, 2032 MHz, 3996 MHz, 100 %, 76 %
2026/03/24 01:57:46.062, 2, 613.23 W, 42, 2032 MHz, 3996 MHz, 100 %, 77 %
2026/03/24 01:57:46.062, 3, 621.62 W, 46, 2032 MHz, 3996 MHz, 88 %, 45 %
2026/03/24 01:57:46.062, 4, 179.85 W, 25, 120 MHz, 3996 MHz, 0 %, 0 %
2026/03/24 01:57:46.062, 5, 180.70 W, 27, 120 MHz, 3996 MHz, 0 %, 0 %
2026/03/24 01:57:46.062, 6, 178.64 W, 26, 120 MHz, 3996 MHz, 0 %, 0 %
2026/03/24 01:57:46.062, 7, 176.62 W, 27, 120 MHz, 3996 MHz, 0 %, 0 %
2026/03/24 01:57:47.062, 0, 608.57 W, 39, 2032 MHz, 3996 MHz, 99 %, 20 %
2026/03/24 01:57:47.062, 1, 625.18 W, 43, 2032 MHz, 3996 MHz, 99 %, 20 %
2026/03/24 01:57:47.062, 2, 617.82 W, 39, 2032 MHz, 3996 MHz, 36 %, 20 %
2026/03/24 01:57:47.062, 3, 622.18 W, 44, 2032 MHz, 3996 MHz, 99 %, 18 %
2026/03/24 01:57:47.062, 4, 179.68 W, 25, 120 MHz, 3996 MHz, 0 %, 0 %
2026/03/24 01:57:47.062, 5, 180.66 W, 27, 120 MHz, 3996 MHz, 0 %, 0 %
2026/03/24 01:57:47.062, 6, 178.64 W, 26, 120 MHz, 3996 MHz, 0 %, 0 %
2026/03/24 01:57:47.062, 7, 176.62 W, 27, 120 MHz, 3996 MHz, 0 %, 0 %
2026/03/24 01:57:48.062, 0, 699.81 W, 40, 2032 MHz, 3996 MHz, 100 %, 70 %
2026/03/24 01:57:48.062, 1, 708.60 W, 45, 2032 MHz, 3996 MHz, 100 %, 76 %
2026/03/24 01:57:48.062, 2, 696.59 W, 41, 2032 MHz, 3996 MHz, 100 %, 77 %
2026/03/24 01:57:48.062, 3, 707.20 W, 45, 2032 MHz, 3996 MHz, 58 %, 33 %
2026/03/24 01:57:48.062, 4, 179.60 W, 25, 120 MHz, 3996 MHz, 0 %, 0 %
2026/03/24 01:57:48.062, 5, 180.66 W, 27, 120 MHz, 3996 MHz, 0 %, 0 %
2026/03/24 01:57:48.062, 6, 178.64 W, 26, 120 MHz, 3996 MHz, 0 %, 0 %
2026/03/24 01:57:48.062, 7, 176.59 W, 27, 120 MHz, 3996 MHz, 0 %, 0 %
2026/03/24 01:57:49.062, 0, 570.47 W, 39, 2032 MHz, 3996 MHz, 94 %, 49 %
2026/03/24 01:57:49.062, 1, 582.36 W, 43, 2032 MHz, 3996 MHz, 93 %, 33 %
2026/03/24 01:57:49.062, 2, 569.72 W, 39, 2032 MHz, 3996 MHz, 35 %, 19 %
2026/03/24 01:57:49.062, 3, 580.94 W, 44, 2032 MHz, 3996 MHz, 99 %, 19 %
2026/03/24 01:57:49.062, 4, 179.43 W, 25, 120 MHz, 3996 MHz, 0 %, 0 %
2026/03/24 01:57:49.062, 5, 180.70 W, 27, 120 MHz, 3996 MHz, 0 %, 0 %
2026/03/24 01:57:49.062, 6, 178.64 W, 26, 120 MHz, 3996 MHz, 0 %, 0 %
2026/03/24 01:57:49.062, 7, 176.58 W, 27, 120 MHz, 3996 MHz, 0 %, 0 %
2026/03/24 01:57:50.062, 0, 530.42 W, 39, 2032 MHz, 3996 MHz, 99 %, 20 %
2026/03/24 01:57:50.062, 1, 538.24 W, 42, 2032 MHz, 3996 MHz, 70 %, 20 %
2026/03/24 01:57:50.062, 2, 528.95 W, 39, 2032 MHz, 3996 MHz, 58 %, 19 %
2026/03/24 01:57:50.062, 3, 538.69 W, 43, 2032 MHz, 3996 MHz, 99 %, 19 %
2026/03/24 01:57:50.062, 4, 179.49 W, 25, 120 MHz, 3996 MHz, 0 %, 0 %
2026/03/24 01:57:50.062, 5, 180.85 W, 27, 120 MHz, 3996 MHz, 0 %, 0 %
2026/03/24 01:57:50.062, 6, 178.64 W, 26, 120 MHz, 3996 MHz, 0 %, 0 %
2026/03/24 01:57:50.062, 7, 176.59 W, 27, 120 MHz, 3996 MHz, 0 %, 0 %
2026/03/24 01:57:51.063, 0, 624.42 W, 41, 2032 MHz, 3996 MHz, 87 %, 35 %
2026/03/24 01:57:51.063, 1, 617.62 W, 43, 2032 MHz, 3996 MHz, 69 %, 34 %
2026/03/24 01:57:51.063, 2, 611.91 W, 40, 2032 MHz, 3996 MHz, 61 %, 34 %
2026/03/24 01:57:51.063, 3, 643.16 W, 46, 2032 MHz, 3996 MHz, 89 %, 20 %
2026/03/24 01:57:51.063, 4, 179.47 W, 25, 120 MHz, 3996 MHz, 0 %, 0 %
2026/03/24 01:57:51.063, 5, 180.62 W, 27, 120 MHz, 3996 MHz, 0 %, 0 %
2026/03/24 01:57:51.063, 6, 178.64 W, 26, 120 MHz, 3996 MHz, 0 %, 0 %
2026/03/24 01:57:51.063, 7, 176.58 W, 27, 120 MHz, 3996 MHz, 0 %, 0 %
2026/03/24 01:57:52.063, 0, 624.72 W, 39, 2032 MHz, 3996 MHz, 100 %, 52 %
2026/03/24 01:57:52.063, 1, 636.44 W, 43, 2032 MHz, 3996 MHz, 85 %, 49 %
2026/03/24 01:57:52.063, 2, 610.02 W, 40, 2032 MHz, 3996 MHz, 74 %, 49 %
2026/03/24 01:57:52.063, 3, 636.58 W, 44, 2032 MHz, 3996 MHz, 57 %, 20 %
2026/03/24 01:57:52.063, 4, 179.59 W, 25, 120 MHz, 3996 MHz, 0 %, 0 %
2026/03/24 01:57:52.063, 5, 180.82 W, 27, 120 MHz, 3996 MHz, 0 %, 0 %
2026/03/24 01:57:52.063, 6, 178.63 W, 26, 120 MHz, 3996 MHz, 0 %, 0 %
2026/03/24 01:57:52.063, 7, 176.58 W, 27, 120 MHz, 3996 MHz, 0 %, 0 %
2026/03/24 01:57:53.063, 0, 691.07 W, 40, 2032 MHz, 3996 MHz, 98 %, 34 %
2026/03/24 01:57:53.063, 1, 686.51 W, 44, 2032 MHz, 3996 MHz, 87 %, 35 %
2026/03/24 01:57:53.063, 2, 679.72 W, 40, 2032 MHz, 3996 MHz, 56 %, 34 %
2026/03/24 01:57:53.063, 3, 702.52 W, 45, 2032 MHz, 3996 MHz, 89 %, 23 %
2026/03/24 01:57:53.063, 4, 179.59 W, 25, 120 MHz, 3996 MHz, 0 %, 0 %
2026/03/24 01:57:53.063, 5, 180.70 W, 27, 120 MHz, 3996 MHz, 0 %, 0 %
2026/03/24 01:57:53.063, 6, 178.64 W, 26, 120 MHz, 3996 MHz, 0 %, 0 %
2026/03/24 01:57:53.063, 7, 176.62 W, 27, 120 MHz, 3996 MHz, 0 %, 0 %
2026/03/24 01:57:54.063, 0, 631.81 W, 39, 2032 MHz, 3996 MHz, 100 %, 23 %
2026/03/24 01:57:54.063, 1, 643.34 W, 43, 2032 MHz, 3996 MHz, 99 %, 22 %
2026/03/24 01:57:54.063, 2, 631.48 W, 39, 2032 MHz, 3996 MHz, 35 %, 19 %
2026/03/24 01:57:54.063, 3, 636.86 W, 44, 2032 MHz, 3996 MHz, 100 %, 19 %
2026/03/24 01:57:54.063, 4, 179.50 W, 25, 120 MHz, 3996 MHz, 0 %, 0 %
2026/03/24 01:57:54.063, 5, 180.62 W, 27, 120 MHz, 3996 MHz, 0 %, 0 %
2026/03/24 01:57:54.066, 6, 178.64 W, 26, 120 MHz, 3996 MHz, 0 %, 0 %
2026/03/24 01:57:54.066, 7, 176.58 W, 27, 120 MHz, 3996 MHz, 0 %, 0 %
2026/03/24 01:57:55.066, 0, 549.00 W, 41, 2032 MHz, 3996 MHz, 99 %, 20 %
2026/03/24 01:57:55.066, 1, 545.54 W, 44, 2032 MHz, 3996 MHz, 100 %, 26 %
2026/03/24 01:57:55.066, 2, 532.22 W, 40, 2032 MHz, 3996 MHz, 100 %, 76 %
2026/03/24 01:57:55.066, 3, 569.59 W, 46, 2032 MHz, 3996 MHz, 100 %, 76 %
2026/03/24 01:57:55.066, 4, 179.61 W, 25, 120 MHz, 3996 MHz, 0 %, 0 %
2026/03/24 01:57:55.066, 5, 181.01 W, 27, 120 MHz, 3996 MHz, 0 %, 0 %
2026/03/24 01:57:55.066, 6, 178.64 W, 26, 120 MHz, 3996 MHz, 0 %, 0 %
2026/03/24 01:57:55.066, 7, 176.59 W, 27, 120 MHz, 3996 MHz, 0 %, 0 %
2026/03/24 01:57:56.066, 0, 699.56 W, 40, 2032 MHz, 3996 MHz, 100 %, 48 %
2026/03/24 01:57:56.066, 1, 732.02 W, 44, 2032 MHz, 3996 MHz, 95 %, 63 %
2026/03/24 01:57:56.066, 2, 707.53 W, 40, 2032 MHz, 3996 MHz, 40 %, 23 %
2026/03/24 01:57:56.066, 3, 704.71 W, 44, 2032 MHz, 3996 MHz, 58 %, 26 %
2026/03/24 01:57:56.066, 4, 179.54 W, 25, 120 MHz, 3996 MHz, 0 %, 0 %
2026/03/24 01:57:56.066, 5, 181.00 W, 27, 120 MHz, 3996 MHz, 0 %, 0 %
2026/03/24 01:57:56.066, 6, 178.64 W, 26, 120 MHz, 3996 MHz, 0 %, 0 %
2026/03/24 01:57:56.066, 7, 176.59 W, 27, 120 MHz, 3996 MHz, 0 %, 0 %
2026/03/24 01:57:57.066, 0, 721.40 W, 42, 2032 MHz, 3996 MHz, 100 %, 75 %
2026/03/24 01:57:57.066, 1, 707.62 W, 46, 2032 MHz, 3996 MHz, 100 %, 76 %
2026/03/24 01:57:57.066, 2, 699.95 W, 42, 2032 MHz, 3996 MHz, 100 %, 76 %
2026/03/24 01:57:57.066, 3, 739.46 W, 47, 2032 MHz, 3996 MHz, 100 %, 76 %
2026/03/24 01:57:57.066, 4, 179.22 W, 25, 120 MHz, 3996 MHz, 0 %, 0 %
2026/03/24 01:57:57.066, 5, 181.12 W, 27, 120 MHz, 3996 MHz, 0 %, 0 %
2026/03/24 01:57:57.066, 6, 178.64 W, 26, 120 MHz, 3996 MHz, 0 %, 0 %
2026/03/24 01:57:57.066, 7, 176.62 W, 27, 120 MHz, 3996 MHz, 0 %, 0 %
2026/03/24 01:57:58.066, 0, 787.16 W, 40, 2032 MHz, 3996 MHz, 96 %, 72 %
2026/03/24 01:57:58.066, 1, 815.71 W, 44, 2032 MHz, 3996 MHz, 82 %, 57 %
2026/03/24 01:57:58.066, 2, 791.63 W, 41, 2032 MHz, 3996 MHz, 36 %, 20 %
2026/03/24 01:57:58.066, 3, 796.07 W, 45, 2032 MHz, 3996 MHz, 89 %, 20 %
2026/03/24 01:57:58.066, 4, 179.60 W, 25, 120 MHz, 3996 MHz, 0 %, 0 %
2026/03/24 01:57:58.066, 5, 181.00 W, 27, 120 MHz, 3996 MHz, 0 %, 0 %
2026/03/24 01:57:58.066, 6, 178.64 W, 26, 120 MHz, 3996 MHz, 0 %, 0 %
2026/03/24 01:57:58.066, 7, 176.58 W, 27, 120 MHz, 3996 MHz, 0 %, 0 %
2026/03/24 01:57:59.066, 0, 733.80 W, 42, 2032 MHz, 3996 MHz, 76 %, 51 %
2026/03/24 01:57:59.066, 1, 726.32 W, 44, 2032 MHz, 3996 MHz, 55 %, 35 %
2026/03/24 01:57:59.066, 2, 724.67 W, 40, 2032 MHz, 3996 MHz, 58 %, 35 %
2026/03/24 01:57:59.066, 3, 750.45 W, 46, 2032 MHz, 3996 MHz, 90 %, 33 %
2026/03/24 01:57:59.066, 4, 179.66 W, 25, 120 MHz, 3996 MHz, 0 %, 0 %
2026/03/24 01:57:59.066, 5, 181.05 W, 27, 120 MHz, 3996 MHz, 0 %, 0 %
2026/03/24 01:57:59.066, 6, 178.64 W, 26, 120 MHz, 3996 MHz, 0 %, 0 %
2026/03/24 01:57:59.066, 7, 176.58 W, 27, 120 MHz, 3996 MHz, 0 %, 0 %
2026/03/24 01:58:00.066, 0, 636.82 W, 40, 2032 MHz, 3996 MHz, 100 %, 76 %
2026/03/24 01:58:00.066, 1, 654.29 W, 44, 2032 MHz, 3996 MHz, 96 %, 73 %
2026/03/24 01:58:00.066, 2, 643.83 W, 40, 2032 MHz, 3996 MHz, 37 %, 20 %
2026/03/24 01:58:00.066, 3, 641.89 W, 44, 2032 MHz, 3996 MHz, 63 %, 22 %
2026/03/24 01:58:00.066, 4, 179.43 W, 25, 120 MHz, 3996 MHz, 0 %, 0 %
2026/03/24 01:58:00.067, 5, 181.31 W, 27, 120 MHz, 3996 MHz, 0 %, 0 %
2026/03/24 01:58:00.067, 6, 178.64 W, 26, 120 MHz, 3996 MHz, 0 %, 0 %
2026/03/24 01:58:00.067, 7, 176.58 W, 27, 120 MHz, 3996 MHz, 0 %, 0 %
2026/03/24 01:58:01.067, 0, 784.67 W, 42, 2032 MHz, 3996 MHz, 90 %, 20 %
2026/03/24 01:58:01.067, 1, 776.58 W, 45, 2032 MHz, 3996 MHz, 84 %, 20 %
2026/03/24 01:58:01.067, 2, 777.11 W, 41, 2032 MHz, 3996 MHz, 93 %, 70 %
2026/03/24 01:58:01.067, 3, 800.42 W, 47, 2032 MHz, 3996 MHz, 97 %, 67 %
2026/03/24 01:58:01.067, 4, 179.55 W, 25, 120 MHz, 3996 MHz, 0 %, 0 %
2026/03/24 01:58:01.067, 5, 181.24 W, 27, 120 MHz, 3996 MHz, 0 %, 0 %
2026/03/24 01:58:01.067, 6, 178.64 W, 26, 120 MHz, 3996 MHz, 0 %, 0 %
2026/03/24 01:58:01.067, 7, 176.58 W, 27, 120 MHz, 3996 MHz, 0 %, 0 %
2026/03/24 01:58:02.067, 0, 912.51 W, 44, 2032 MHz, 3996 MHz, 100 %, 76 %
2026/03/24 01:58:02.067, 1, 927.21 W, 48, 2032 MHz, 3996 MHz, 100 %, 76 %
2026/03/24 01:58:02.067, 2, 910.44 W, 43, 2032 MHz, 3996 MHz, 100 %, 76 %
2026/03/24 01:58:02.067, 3, 928.39 W, 48, 2032 MHz, 3996 MHz, 100 %, 76 %
2026/03/24 01:58:02.067, 4, 179.61 W, 25, 120 MHz, 3996 MHz, 0 %, 0 %
2026/03/24 01:58:02.067, 5, 181.31 W, 27, 120 MHz, 3996 MHz, 0 %, 0 %
2026/03/24 01:58:02.067, 6, 178.64 W, 26, 120 MHz, 3996 MHz, 0 %, 0 %
2026/03/24 01:58:02.067, 7, 176.62 W, 27, 120 MHz, 3996 MHz, 0 %, 0 %
2026/03/24 01:58:03.067, 0, 852.19 W, 44, 2032 MHz, 3996 MHz, 100 %, 76 %
2026/03/24 01:58:03.067, 1, 865.39 W, 47, 2032 MHz, 3996 MHz, 100 %, 76 %
2026/03/24 01:58:03.067, 2, 845.16 W, 43, 2032 MHz, 3996 MHz, 100 %, 76 %
2026/03/24 01:58:03.067, 3, 868.47 W, 48, 2032 MHz, 3996 MHz, 100 %, 76 %
2026/03/24 01:58:03.067, 4, 179.44 W, 25, 120 MHz, 3996 MHz, 0 %, 0 %
2026/03/24 01:58:03.067, 5, 181.12 W, 27, 120 MHz, 3996 MHz, 0 %, 0 %
2026/03/24 01:58:03.067, 6, 178.64 W, 26, 120 MHz, 3996 MHz, 0 %, 0 %
2026/03/24 01:58:03.067, 7, 176.58 W, 27, 120 MHz, 3996 MHz, 0 %, 0 %
2026/03/24 01:58:04.067, 0, 914.48 W, 44, 2032 MHz, 3996 MHz, 100 %, 76 %
2026/03/24 01:58:04.067, 1, 927.79 W, 48, 2032 MHz, 3996 MHz, 100 %, 76 %
2026/03/24 01:58:04.067, 2, 906.46 W, 44, 2032 MHz, 3996 MHz, 100 %, 76 %
2026/03/24 01:58:04.067, 3, 931.95 W, 49, 2032 MHz, 3996 MHz, 100 %, 76 %
2026/03/24 01:58:04.067, 4, 179.28 W, 25, 120 MHz, 3996 MHz, 0 %, 0 %
2026/03/24 01:58:04.067, 5, 180.96 W, 27, 120 MHz, 3996 MHz, 0 %, 0 %
2026/03/24 01:58:04.067, 6, 178.63 W, 26, 120 MHz, 3996 MHz, 0 %, 0 %
2026/03/24 01:58:04.067, 7, 176.58 W, 27, 120 MHz, 3996 MHz, 0 %, 0 %
2026/03/24 01:58:05.067, 0, 852.74 W, 44, 2032 MHz, 3996 MHz, 100 %, 58 %
2026/03/24 01:58:05.067, 1, 866.20 W, 47, 2032 MHz, 3996 MHz, 99 %, 75 %
2026/03/24 01:58:05.067, 2, 849.76 W, 43, 2032 MHz, 3996 MHz, 100 %, 77 %
2026/03/24 01:58:05.067, 3, 864.88 W, 48, 2032 MHz, 3996 MHz, 100 %, 76 %
2026/03/24 01:58:05.067, 4, 179.37 W, 25, 120 MHz, 3996 MHz, 0 %, 0 %
2026/03/24 01:58:05.067, 5, 181.32 W, 27, 120 MHz, 3996 MHz, 0 %, 0 %
2026/03/24 01:58:05.067, 6, 178.64 W, 26, 120 MHz, 3996 MHz, 0 %, 0 %
2026/03/24 01:58:05.067, 7, 176.58 W, 27, 120 MHz, 3996 MHz, 0 %, 0 %
2026/03/24 01:58:06.067, 0, 926.28 W, 44, 2032 MHz, 3996 MHz, 100 %, 76 %
2026/03/24 01:58:06.067, 1, 930.04 W, 48, 2032 MHz, 3996 MHz, 100 %, 76 %
2026/03/24 01:58:06.067, 2, 912.33 W, 44, 2032 MHz, 3996 MHz, 100 %, 77 %
2026/03/24 01:58:06.067, 3, 929.89 W, 49, 2032 MHz, 3996 MHz, 100 %, 76 %
2026/03/24 01:58:06.067, 4, 179.72 W, 25, 120 MHz, 3996 MHz, 0 %, 0 %
2026/03/24 01:58:06.067, 5, 181.28 W, 27, 120 MHz, 3996 MHz, 0 %, 0 %
2026/03/24 01:58:06.067, 6, 178.64 W, 26, 120 MHz, 3996 MHz, 0 %, 0 %
2026/03/24 01:58:06.067, 7, 176.58 W, 27, 120 MHz, 3996 MHz, 0 %, 0 %
2026/03/24 01:58:07.067, 0, 923.17 W, 45, 2032 MHz, 3996 MHz, 100 %, 77 %
2026/03/24 01:58:07.067, 1, 935.23 W, 48, 2032 MHz, 3996 MHz, 100 %, 77 %
2026/03/24 01:58:07.067, 2, 913.78 W, 44, 2032 MHz, 3996 MHz, 100 %, 77 %
2026/03/24 01:58:07.067, 3, 934.81 W, 49, 2032 MHz, 3996 MHz, 100 %, 76 %
2026/03/24 01:58:07.068, 4, 179.39 W, 25, 120 MHz, 3996 MHz, 0 %, 0 %
2026/03/24 01:58:07.068, 5, 181.12 W, 27, 120 MHz, 3996 MHz, 0 %, 0 %
2026/03/24 01:58:07.068, 6, 178.64 W, 26, 120 MHz, 3996 MHz, 0 %, 0 %
2026/03/24 01:58:07.068, 7, 176.62 W, 27, 120 MHz, 3996 MHz, 0 %, 0 %
2026/03/24 01:58:08.068, 0, 924.23 W, 45, 2032 MHz, 3996 MHz, 100 %, 77 %
2026/03/24 01:58:08.068, 1, 936.57 W, 49, 2032 MHz, 3996 MHz, 100 %, 77 %
2026/03/24 01:58:08.068, 2, 914.16 W, 44, 2032 MHz, 3996 MHz, 100 %, 77 %
2026/03/24 01:58:08.068, 3, 930.56 W, 49, 2032 MHz, 3996 MHz, 100 %, 77 %
2026/03/24 01:58:08.068, 4, 179.47 W, 25, 120 MHz, 3996 MHz, 0 %, 0 %
2026/03/24 01:58:08.068, 5, 181.24 W, 27, 120 MHz, 3996 MHz, 0 %, 0 %
2026/03/24 01:58:08.068, 6, 178.64 W, 26, 120 MHz, 3996 MHz, 0 %, 0 %
2026/03/24 01:58:08.068, 7, 176.58 W, 27, 120 MHz, 3996 MHz, 0 %, 0 %
2026/03/24 01:58:09.068, 0, 926.50 W, 45, 2032 MHz, 3996 MHz, 100 %, 77 %
2026/03/24 01:58:09.068, 1, 936.63 W, 49, 2032 MHz, 3996 MHz, 100 %, 76 %
2026/03/24 01:58:09.068, 2, 914.85 W, 45, 2032 MHz, 3996 MHz, 100 %, 77 %
2026/03/24 01:58:09.068, 3, 930.62 W, 50, 2032 MHz, 3996 MHz, 100 %, 77 %
2026/03/24 01:58:09.068, 4, 179.25 W, 25, 120 MHz, 3996 MHz, 0 %, 0 %
2026/03/24 01:58:09.068, 5, 181.04 W, 27, 120 MHz, 3996 MHz, 0 %, 0 %
2026/03/24 01:58:09.068, 6, 178.64 W, 26, 120 MHz, 3996 MHz, 0 %, 0 %
2026/03/24 01:58:09.068, 7, 176.62 W, 27, 120 MHz, 3996 MHz, 0 %, 0 %
2026/03/24 01:58:10.068, 0, 860.35 W, 45, 2032 MHz, 3996 MHz, 100 %, 77 %
2026/03/24 01:58:10.068, 1, 869.98 W, 48, 2032 MHz, 3996 MHz, 100 %, 77 %
2026/03/24 01:58:10.068, 2, 855.21 W, 44, 2032 MHz, 3996 MHz, 100 %, 77 %
2026/03/24 01:58:10.068, 3, 873.40 W, 49, 2032 MHz, 3996 MHz, 100 %, 76 %
2026/03/24 01:58:10.068, 4, 179.44 W, 25, 120 MHz, 3996 MHz, 0 %, 0 %
2026/03/24 01:58:10.068, 5, 181.04 W, 27, 120 MHz, 3996 MHz, 0 %, 0 %
2026/03/24 01:58:10.068, 6, 178.63 W, 26, 120 MHz, 3996 MHz, 0 %, 0 %
2026/03/24 01:58:10.068, 7, 176.58 W, 27, 120 MHz, 3996 MHz, 0 %, 0 %
2026/03/24 01:58:11.068, 0, 883.51 W, 43, 2032 MHz, 3996 MHz, 100 %, 77 %
2026/03/24 01:58:11.068, 1, 914.57 W, 49, 2032 MHz, 3996 MHz, 100 %, 76 %
2026/03/24 01:58:11.068, 2, 895.12 W, 45, 2032 MHz, 3996 MHz, 78 %, 47 %
2026/03/24 01:58:11.068, 3, 887.59 W, 47, 2032 MHz, 3996 MHz, 100 %, 76 %
2026/03/24 01:58:11.068, 4, 179.36 W, 25, 120 MHz, 3996 MHz, 0 %, 0 %
2026/03/24 01:58:11.068, 5, 181.13 W, 27, 120 MHz, 3996 MHz, 0 %, 0 %
2026/03/24 01:58:11.068, 6, 178.64 W, 26, 120 MHz, 3996 MHz, 0 %, 0 %
2026/03/24 01:58:11.068, 7, 176.59 W, 27, 120 MHz, 3996 MHz, 0 %, 0 %
2026/03/24 01:58:12.068, 0, 777.88 W, 42, 2032 MHz, 3996 MHz, 100 %, 77 %
2026/03/24 01:58:12.068, 1, 771.33 W, 46, 2032 MHz, 3996 MHz, 85 %, 61 %
2026/03/24 01:58:12.068, 2, 761.18 W, 43, 2032 MHz, 3996 MHz, 91 %, 20 %
2026/03/24 01:58:12.068, 3, 773.60 W, 47, 2032 MHz, 3996 MHz, 90 %, 67 %
2026/03/24 01:58:12.068, 4, 179.59 W, 25, 120 MHz, 3996 MHz, 0 %, 0 %
2026/03/24 01:58:12.068, 5, 180.89 W, 27, 120 MHz, 3996 MHz, 0 %, 0 %
2026/03/24 01:58:12.068, 6, 178.64 W, 26, 120 MHz, 3996 MHz, 0 %, 0 %
2026/03/24 01:58:12.068, 7, 176.62 W, 27, 120 MHz, 3996 MHz, 0 %, 0 %
2026/03/24 01:58:13.068, 0, 793.19 W, 44, 2032 MHz, 3996 MHz, 100 %, 77 %
2026/03/24 01:58:13.068, 1, 796.31 W, 48, 2032 MHz, 3996 MHz, 100 %, 77 %
2026/03/24 01:58:13.068, 2, 780.99 W, 44, 2032 MHz, 3996 MHz, 100 %, 77 %
2026/03/24 01:58:13.068, 3, 774.26 W, 48, 2032 MHz, 3996 MHz, 100 %, 77 %
2026/03/24 01:58:13.068, 4, 179.36 W, 25, 120 MHz, 3996 MHz, 0 %, 0 %
2026/03/24 01:58:13.068, 5, 180.93 W, 27, 120 MHz, 3996 MHz, 0 %, 0 %
2026/03/24 01:58:13.068, 6, 178.64 W, 26, 120 MHz, 3996 MHz, 0 %, 0 %
2026/03/24 01:58:13.068, 7, 176.58 W, 27, 120 MHz, 3996 MHz, 0 %, 0 %
2026/03/24 01:58:14.069, 0, 797.45 W, 44, 2032 MHz, 3996 MHz, 100 %, 77 %
2026/03/24 01:58:14.069, 1, 806.71 W, 48, 2032 MHz, 3996 MHz, 100 %, 77 %
2026/03/24 01:58:14.069, 2, 794.52 W, 44, 2032 MHz, 3996 MHz, 100 %, 77 %
2026/03/24 01:58:14.069, 3, 809.69 W, 49, 2032 MHz, 3996 MHz, 100 %, 77 %
2026/03/24 01:58:14.069, 4, 179.60 W, 25, 120 MHz, 3996 MHz, 0 %, 0 %
2026/03/24 01:58:14.069, 5, 181.12 W, 27, 120 MHz, 3996 MHz, 0 %, 0 %
2026/03/24 01:58:14.069, 6, 178.64 W, 26, 120 MHz, 3996 MHz, 0 %, 0 %
2026/03/24 01:58:14.069, 7, 176.58 W, 27, 120 MHz, 3996 MHz, 0 %, 0 %
2026/03/24 01:58:15.069, 0, 697.52 W, 42, 2032 MHz, 3996 MHz, 98 %, 20 %
2026/03/24 01:58:15.069, 1, 729.36 W, 45, 2032 MHz, 3996 MHz, 98 %, 35 %
2026/03/24 01:58:15.069, 2, 711.07 W, 42, 2032 MHz, 3996 MHz, 59 %, 35 %
2026/03/24 01:58:15.069, 3, 740.59 W, 47, 2032 MHz, 3996 MHz, 36 %, 20 %
2026/03/24 01:58:15.069, 4, 179.82 W, 25, 120 MHz, 3996 MHz, 0 %, 0 %
2026/03/24 01:58:15.069, 5, 181.00 W, 27, 120 MHz, 3996 MHz, 0 %, 0 %
2026/03/24 01:58:15.069, 6, 178.64 W, 26, 120 MHz, 3996 MHz, 0 %, 0 %
2026/03/24 01:58:15.069, 7, 176.62 W, 27, 120 MHz, 3996 MHz, 0 %, 0 %
2026/03/24 01:58:16.069, 0, 692.11 W, 42, 2032 MHz, 3996 MHz, 100 %, 77 %
2026/03/24 01:58:16.069, 1, 707.74 W, 47, 2032 MHz, 3996 MHz, 100 %, 77 %
2026/03/24 01:58:16.069, 2, 693.01 W, 43, 2032 MHz, 3996 MHz, 74 %, 55 %
2026/03/24 01:58:16.069, 3, 711.59 W, 48, 2032 MHz, 3996 MHz, 100 %, 76 %
2026/03/24 01:58:16.069, 4, 179.38 W, 25, 120 MHz, 3996 MHz, 0 %, 0 %
2026/03/24 01:58:16.069, 5, 180.93 W, 27, 120 MHz, 3996 MHz, 0 %, 0 %
2026/03/24 01:58:16.069, 6, 178.64 W, 26, 120 MHz, 3996 MHz, 0 %, 0 %
2026/03/24 01:58:16.069, 7, 176.58 W, 27, 120 MHz, 3996 MHz, 0 %, 0 %
2026/03/24 01:58:17.069, 0, 672.74 W, 42, 2032 MHz, 3996 MHz, 86 %, 20 %
2026/03/24 01:58:17.069, 1, 673.06 W, 46, 2032 MHz, 3996 MHz, 94 %, 34 %
2026/03/24 01:58:17.069, 2, 670.71 W, 42, 2032 MHz, 3996 MHz, 86 %, 34 %
2026/03/24 01:58:17.069, 3, 682.51 W, 46, 2032 MHz, 3996 MHz, 54 %, 20 %
2026/03/24 01:58:17.069, 4, 179.54 W, 25, 120 MHz, 3996 MHz, 0 %, 0 %
2026/03/24 01:58:17.069, 5, 181.08 W, 27, 120 MHz, 3996 MHz, 0 %, 0 %
2026/03/24 01:58:17.069, 6, 178.64 W, 26, 120 MHz, 3996 MHz, 0 %, 0 %
2026/03/24 01:58:17.069, 7, 176.58 W, 27, 120 MHz, 3996 MHz, 0 %, 0 %
2026/03/24 01:58:18.069, 0, 673.60 W, 43, 2032 MHz, 3996 MHz, 100 %, 77 %
2026/03/24 01:58:18.069, 1, 660.06 W, 47, 2032 MHz, 3996 MHz, 100 %, 77 %
2026/03/24 01:58:18.069, 2, 657.43 W, 43, 2032 MHz, 3996 MHz, 100 %, 77 %
2026/03/24 01:58:18.069, 3, 656.41 W, 47, 2032 MHz, 3996 MHz, 100 %, 76 %
2026/03/24 01:58:18.069, 4, 179.56 W, 25, 120 MHz, 3996 MHz, 0 %, 0 %
2026/03/24 01:58:18.069, 5, 181.15 W, 27, 120 MHz, 3996 MHz, 0 %, 0 %
2026/03/24 01:58:18.069, 6, 178.64 W, 26, 120 MHz, 3996 MHz, 0 %, 0 %
2026/03/24 01:58:18.069, 7, 176.58 W, 27, 120 MHz, 3996 MHz, 0 %, 0 %
2026/03/24 01:58:19.069, 0, 689.00 W, 41, 2032 MHz, 3996 MHz, 100 %, 35 %
2026/03/24 01:58:19.069, 1, 722.22 W, 45, 2032 MHz, 3996 MHz, 54 %, 34 %
2026/03/24 01:58:19.069, 2, 704.77 W, 42, 2032 MHz, 3996 MHz, 54 %, 35 %
2026/03/24 01:58:19.069, 3, 738.34 W, 47, 2032 MHz, 3996 MHz, 100 %, 47 %
2026/03/24 01:58:19.069, 4, 179.54 W, 25, 120 MHz, 3996 MHz, 0 %, 0 %
2026/03/24 01:58:19.069, 5, 180.93 W, 27, 120 MHz, 3996 MHz, 0 %, 0 %
2026/03/24 01:58:19.069, 6, 178.64 W, 26, 120 MHz, 3996 MHz, 0 %, 0 %
2026/03/24 01:58:19.069, 7, 176.62 W, 27, 120 MHz, 3996 MHz, 0 %, 0 %
2026/03/24 01:58:20.069, 0, 565.51 W, 40, 2032 MHz, 3996 MHz, 75 %, 38 %
2026/03/24 01:58:20.069, 1, 573.35 W, 44, 2032 MHz, 3996 MHz, 90 %, 19 %
2026/03/24 01:58:20.069, 2, 565.14 W, 40, 2032 MHz, 3996 MHz, 35 %, 19 %
2026/03/24 01:58:20.069, 3, 576.04 W, 45, 2032 MHz, 3996 MHz, 59 %, 24 %
2026/03/24 01:58:20.069, 4, 179.54 W, 25, 120 MHz, 3996 MHz, 0 %, 0 %
2026/03/24 01:58:20.069, 5, 180.93 W, 27, 120 MHz, 3996 MHz, 0 %, 0 %
2026/03/24 01:58:20.069, 6, 178.64 W, 26, 120 MHz, 3996 MHz, 0 %, 0 %
2026/03/24 01:58:20.069, 7, 176.58 W, 27, 120 MHz, 3996 MHz, 0 %, 0 %
2026/03/24 01:58:21.070, 0, 653.45 W, 42, 2032 MHz, 3996 MHz, 89 %, 43 %
2026/03/24 01:58:21.070, 1, 640.18 W, 44, 2032 MHz, 3996 MHz, 89 %, 47 %
2026/03/24 01:58:21.070, 2, 638.16 W, 40, 2032 MHz, 3996 MHz, 64 %, 45 %
2026/03/24 01:58:21.070, 3, 630.17 W, 45, 2032 MHz, 3996 MHz, 67 %, 34 %
2026/03/24 01:58:21.070, 4, 179.57 W, 25, 120 MHz, 3996 MHz, 0 %, 0 %
2026/03/24 01:58:21.070, 5, 180.89 W, 27, 120 MHz, 3996 MHz, 0 %, 0 %
2026/03/24 01:58:21.070, 6, 178.64 W, 26, 120 MHz, 3996 MHz, 0 %, 0 %
2026/03/24 01:58:21.070, 7, 176.58 W, 27, 120 MHz, 3996 MHz, 0 %, 0 %
2026/03/24 01:58:22.070, 0, 650.78 W, 40, 2032 MHz, 3996 MHz, 87 %, 59 %
2026/03/24 01:58:22.070, 1, 687.17 W, 44, 2032 MHz, 3996 MHz, 96 %, 20 %
2026/03/24 01:58:22.070, 2, 668.90 W, 40, 2032 MHz, 3996 MHz, 35 %, 19 %
2026/03/24 01:58:22.070, 3, 693.17 W, 45, 2032 MHz, 3996 MHz, 78 %, 50 %
2026/03/24 01:58:22.070, 4, 179.44 W, 25, 120 MHz, 3996 MHz, 0 %, 0 %
2026/03/24 01:58:22.070, 5, 181.24 W, 27, 120 MHz, 3996 MHz, 0 %, 0 %
2026/03/24 01:58:22.070, 6, 178.64 W, 26, 120 MHz, 3996 MHz, 0 %, 0 %
2026/03/24 01:58:22.070, 7, 176.58 W, 27, 120 MHz, 3996 MHz, 0 %, 0 %
2026/03/24 01:58:23.070, 0, 777.66 W, 43, 2032 MHz, 3996 MHz, 100 %, 50 %
2026/03/24 01:58:23.070, 1, 757.72 W, 47, 2032 MHz, 3996 MHz, 100 %, 77 %
2026/03/24 01:58:23.070, 2, 762.20 W, 43, 2032 MHz, 3996 MHz, 100 %, 78 %
2026/03/24 01:58:23.070, 3, 755.79 W, 47, 2032 MHz, 3996 MHz, 100 %, 60 %
2026/03/24 01:58:23.070, 4, 179.63 W, 25, 120 MHz, 3996 MHz, 0 %, 0 %
2026/03/24 01:58:23.070, 5, 181.19 W, 27, 120 MHz, 3996 MHz, 0 %, 0 %
2026/03/24 01:58:23.070, 6, 178.64 W, 26, 120 MHz, 3996 MHz, 0 %, 0 %
2026/03/24 01:58:23.070, 7, 176.58 W, 27, 120 MHz, 3996 MHz, 0 %, 0 %
2026/03/24 01:58:24.070, 0, 670.77 W, 40, 2032 MHz, 3996 MHz, 95 %, 35 %
2026/03/24 01:58:24.070, 1, 698.07 W, 44, 2032 MHz, 3996 MHz, 48 %, 20 %
2026/03/24 01:58:24.070, 2, 687.87 W, 40, 2032 MHz, 3996 MHz, 36 %, 20 %
2026/03/24 01:58:24.070, 3, 709.05 W, 45, 2032 MHz, 3996 MHz, 54 %, 34 %
2026/03/24 01:58:24.070, 4, 179.59 W, 25, 120 MHz, 3996 MHz, 0 %, 0 %
2026/03/24 01:58:24.070, 5, 180.97 W, 27, 120 MHz, 3996 MHz, 0 %, 0 %
2026/03/24 01:58:24.070, 6, 178.64 W, 26, 120 MHz, 3996 MHz, 0 %, 0 %
2026/03/24 01:58:24.070, 7, 176.62 W, 27, 120 MHz, 3996 MHz, 0 %, 0 %
2026/03/24 01:58:25.070, 0, 594.27 W, 40, 2032 MHz, 3996 MHz, 100 %, 58 %
2026/03/24 01:58:25.070, 1, 601.47 W, 44, 2032 MHz, 3996 MHz, 72 %, 27 %
2026/03/24 01:58:25.070, 2, 592.96 W, 41, 2032 MHz, 3996 MHz, 47 %, 29 %
2026/03/24 01:58:25.070, 3, 605.14 W, 47, 2032 MHz, 3996 MHz, 100 %, 65 %
2026/03/24 01:58:25.070, 4, 179.65 W, 25, 120 MHz, 3996 MHz, 0 %, 0 %
2026/03/24 01:58:25.070, 5, 180.78 W, 27, 120 MHz, 3996 MHz, 0 %, 0 %
2026/03/24 01:58:25.070, 6, 178.64 W, 26, 120 MHz, 3996 MHz, 0 %, 0 %
2026/03/24 01:58:25.070, 7, 176.59 W, 27, 120 MHz, 3996 MHz, 0 %, 0 %
2026/03/24 01:58:26.070, 0, 670.44 W, 41, 2032 MHz, 3996 MHz, 93 %, 35 %
2026/03/24 01:58:26.070, 1, 664.16 W, 44, 2032 MHz, 3996 MHz, 58 %, 21 %
2026/03/24 01:58:26.070, 2, 634.60 W, 40, 2032 MHz, 3996 MHz, 38 %, 20 %
2026/03/24 01:58:26.070, 3, 667.61 W, 45, 2032 MHz, 3996 MHz, 62 %, 35 %
2026/03/24 01:58:26.070, 4, 179.45 W, 25, 120 MHz, 3996 MHz, 0 %, 0 %
2026/03/24 01:58:26.070, 5, 180.93 W, 27, 120 MHz, 3996 MHz, 0 %, 0 %
2026/03/24 01:58:26.070, 6, 178.64 W, 26, 120 MHz, 3996 MHz, 0 %, 0 %
2026/03/24 01:58:26.070, 7, 176.62 W, 27, 120 MHz, 3996 MHz, 0 %, 0 %
2026/03/24 01:58:27.070, 0, 595.75 W, 39, 2032 MHz, 3996 MHz, 99 %, 20 %
2026/03/24 01:58:27.070, 1, 594.50 W, 43, 2032 MHz, 3996 MHz, 99 %, 20 %
2026/03/24 01:58:27.070, 2, 594.06 W, 39, 2032 MHz, 3996 MHz, 37 %, 20 %
2026/03/24 01:58:27.070, 3, 599.86 W, 44, 2032 MHz, 3996 MHz, 36 %, 19 %
2026/03/24 01:58:27.070, 4, 179.62 W, 25, 120 MHz, 3996 MHz, 0 %, 0 %
2026/03/24 01:58:27.071, 5, 181.24 W, 27, 120 MHz, 3996 MHz, 0 %, 0 %
2026/03/24 01:58:27.071, 6, 178.64 W, 26, 120 MHz, 3996 MHz, 0 %, 0 %
2026/03/24 01:58:27.071, 7, 176.58 W, 27, 120 MHz, 3996 MHz, 0 %, 0 %
2026/03/24 01:58:28.071, 0, 676.64 W, 41, 2032 MHz, 3996 MHz, 100 %, 77 %
2026/03/24 01:58:28.071, 1, 692.72 W, 46, 2032 MHz, 3996 MHz, 80 %, 59 %
2026/03/24 01:58:28.071, 2, 682.25 W, 42, 2032 MHz, 3996 MHz, 90 %, 61 %
2026/03/24 01:58:28.071, 3, 684.42 W, 47, 2032 MHz, 3996 MHz, 100 %, 77 %
2026/03/24 01:58:28.071, 4, 179.82 W, 25, 120 MHz, 3996 MHz, 0 %, 0 %
2026/03/24 01:58:28.071, 5, 181.38 W, 27, 120 MHz, 3996 MHz, 0 %, 0 %
2026/03/24 01:58:28.071, 6, 178.64 W, 26, 120 MHz, 3996 MHz, 0 %, 0 %
2026/03/24 01:58:28.071, 7, 176.59 W, 27, 120 MHz, 3996 MHz, 0 %, 0 %
2026/03/24 01:58:29.071, 0, 574.47 W, 39, 2032 MHz, 3996 MHz, 99 %, 20 %
2026/03/24 01:58:29.071, 1, 588.95 W, 43, 2032 MHz, 3996 MHz, 99 %, 20 %
2026/03/24 01:58:29.071, 2, 578.40 W, 39, 2032 MHz, 3996 MHz, 36 %, 20 %
2026/03/24 01:58:29.071, 3, 592.10 W, 44, 2032 MHz, 3996 MHz, 99 %, 19 %
2026/03/24 01:58:29.071, 4, 179.55 W, 25, 120 MHz, 3996 MHz, 0 %, 0 %
2026/03/24 01:58:29.071, 5, 180.93 W, 27, 120 MHz, 3996 MHz, 0 %, 0 %
2026/03/24 01:58:29.071, 6, 178.64 W, 26, 120 MHz, 3996 MHz, 0 %, 0 %
2026/03/24 01:58:29.071, 7, 176.62 W, 27, 120 MHz, 3996 MHz, 0 %, 0 %
2026/03/24 01:58:30.071, 0, 640.66 W, 42, 2032 MHz, 3996 MHz, 100 %, 76 %
2026/03/24 01:58:30.071, 1, 635.25 W, 46, 2032 MHz, 3996 MHz, 100 %, 76 %
2026/03/24 01:58:30.071, 2, 632.80 W, 42, 2032 MHz, 3996 MHz, 100 %, 77 %
2026/03/24 01:58:30.071, 3, 615.48 W, 46, 2032 MHz, 3996 MHz, 100 %, 75 %
2026/03/24 01:58:30.071, 4, 179.76 W, 25, 120 MHz, 3996 MHz, 0 %, 0 %
2026/03/24 01:58:30.071, 5, 181.04 W, 27, 120 MHz, 3996 MHz, 0 %, 0 %
2026/03/24 01:58:30.071, 6, 178.64 W, 26, 120 MHz, 3996 MHz, 0 %, 0 %
2026/03/24 01:58:30.071, 7, 176.58 W, 27, 120 MHz, 3996 MHz, 0 %, 0 %
2026/03/24 01:58:31.071, 0, 653.05 W, 41, 2032 MHz, 3996 MHz, 100 %, 32 %
2026/03/24 01:58:31.071, 1, 672.17 W, 46, 2032 MHz, 3996 MHz, 90 %, 64 %
2026/03/24 01:58:31.071, 2, 667.72 W, 42, 2032 MHz, 3996 MHz, 88 %, 64 %
2026/03/24 01:58:31.071, 3, 687.77 W, 46, 2032 MHz, 3996 MHz, 100 %, 44 %
2026/03/24 01:58:31.071, 4, 179.61 W, 25, 120 MHz, 3996 MHz, 0 %, 0 %
2026/03/24 01:58:31.071, 5, 181.16 W, 27, 120 MHz, 3996 MHz, 0 %, 0 %
2026/03/24 01:58:31.071, 6, 178.64 W, 26, 120 MHz, 3996 MHz, 0 %, 0 %
2026/03/24 01:58:31.071, 7, 176.58 W, 27, 120 MHz, 3996 MHz, 0 %, 0 %
2026/03/24 01:58:32.071, 0, 642.26 W, 42, 2032 MHz, 3996 MHz, 100 %, 28 %
2026/03/24 01:58:32.071, 1, 635.17 W, 45, 2032 MHz, 3996 MHz, 100 %, 75 %
2026/03/24 01:58:32.071, 2, 631.79 W, 41, 2032 MHz, 3996 MHz, 100 %, 76 %
2026/03/24 01:58:32.071, 3, 634.88 W, 46, 2032 MHz, 3996 MHz, 81 %, 39 %
2026/03/24 01:58:32.071, 4, 179.37 W, 25, 120 MHz, 3996 MHz, 0 %, 0 %
2026/03/24 01:58:32.071, 5, 181.05 W, 27, 120 MHz, 3996 MHz, 0 %, 0 %
2026/03/24 01:58:32.071, 6, 178.64 W, 26, 120 MHz, 3996 MHz, 0 %, 0 %
2026/03/24 01:58:32.071, 7, 176.58 W, 27, 120 MHz, 3996 MHz, 0 %, 0 %
2026/03/24 01:58:33.071, 0, 749.82 W, 41, 2032 MHz, 3996 MHz, 100 %, 75 %
2026/03/24 01:58:33.071, 1, 772.96 W, 47, 2032 MHz, 3996 MHz, 69 %, 42 %
2026/03/24 01:58:33.071, 2, 761.71 W, 43, 2032 MHz, 3996 MHz, 63 %, 44 %
2026/03/24 01:58:33.071, 3, 793.85 W, 48, 2032 MHz, 3996 MHz, 100 %, 75 %
2026/03/24 01:58:33.071, 4, 179.56 W, 25, 120 MHz, 3996 MHz, 0 %, 0 %
2026/03/24 01:58:33.071, 5, 181.15 W, 27, 120 MHz, 3996 MHz, 0 %, 0 %
2026/03/24 01:58:33.071, 6, 178.64 W, 26, 120 MHz, 3996 MHz, 0 %, 0 %
2026/03/24 01:58:33.071, 7, 176.58 W, 27, 120 MHz, 3996 MHz, 0 %, 0 %
2026/03/24 01:58:34.071, 0, 618.28 W, 40, 2032 MHz, 3996 MHz, 99 %, 20 %
2026/03/24 01:58:34.071, 1, 620.06 W, 45, 2032 MHz, 3996 MHz, 68 %, 45 %
2026/03/24 01:58:34.071, 2, 614.46 W, 41, 2032 MHz, 3996 MHz, 65 %, 46 %
2026/03/24 01:58:34.072, 3, 626.27 W, 45, 2032 MHz, 3996 MHz, 41 %, 20 %
2026/03/24 01:58:34.072, 4, 179.56 W, 25, 120 MHz, 3996 MHz, 0 %, 0 %
2026/03/24 01:58:34.072, 5, 180.85 W, 27, 120 MHz, 3996 MHz, 0 %, 0 %
2026/03/24 01:58:34.072, 6, 178.64 W, 26, 120 MHz, 3996 MHz, 0 %, 0 %
2026/03/24 01:58:34.072, 7, 176.58 W, 27, 120 MHz, 3996 MHz, 0 %, 0 %
2026/03/24 01:58:35.072, 0, 638.15 W, 40, 2032 MHz, 3996 MHz, 86 %, 54 %
2026/03/24 01:58:35.072, 1, 642.58 W, 44, 2032 MHz, 3996 MHz, 67 %, 34 %
2026/03/24 01:58:35.072, 2, 635.39 W, 40, 2032 MHz, 3996 MHz, 49 %, 31 %
2026/03/24 01:58:35.072, 3, 633.89 W, 45, 2032 MHz, 3996 MHz, 62 %, 42 %
2026/03/24 01:58:35.072, 4, 179.67 W, 25, 120 MHz, 3996 MHz, 0 %, 0 %
2026/03/24 01:58:35.072, 5, 181.20 W, 27, 120 MHz, 3996 MHz, 0 %, 0 %
2026/03/24 01:58:35.072, 6, 178.64 W, 26, 120 MHz, 3996 MHz, 0 %, 0 %
2026/03/24 01:58:35.072, 7, 176.62 W, 27, 120 MHz, 3996 MHz, 0 %, 0 %
2026/03/24 01:58:36.072, 0, 684.33 W, 41, 2032 MHz, 3996 MHz, 87 %, 52 %
2026/03/24 01:58:36.072, 1, 687.81 W, 44, 2032 MHz, 3996 MHz, 96 %, 37 %
2026/03/24 01:58:36.072, 2, 676.41 W, 40, 2032 MHz, 3996 MHz, 54 %, 36 %
2026/03/24 01:58:36.072, 3, 684.05 W, 45, 2032 MHz, 3996 MHz, 77 %, 43 %
2026/03/24 01:58:36.072, 4, 179.66 W, 25, 120 MHz, 3996 MHz, 0 %, 0 %
2026/03/24 01:58:36.072, 5, 181.04 W, 27, 120 MHz, 3996 MHz, 0 %, 0 %
2026/03/24 01:58:36.072, 6, 178.60 W, 26, 120 MHz, 3996 MHz, 0 %, 0 %
2026/03/24 01:58:36.072, 7, 176.58 W, 27, 120 MHz, 3996 MHz, 0 %, 0 %
2026/03/24 01:58:37.072, 0, 840.14 W, 43, 2032 MHz, 3996 MHz, 100 %, 76 %
2026/03/24 01:58:37.072, 1, 863.62 W, 47, 2032 MHz, 3996 MHz, 100 %, 76 %
2026/03/24 01:58:37.072, 2, 849.61 W, 42, 2032 MHz, 3996 MHz, 100 %, 76 %
2026/03/24 01:58:37.072, 3, 858.44 W, 48, 2032 MHz, 3996 MHz, 100 %, 76 %
2026/03/24 01:58:37.072, 4, 179.65 W, 25, 120 MHz, 3996 MHz, 0 %, 0 %
2026/03/24 01:58:37.072, 5, 180.93 W, 27, 120 MHz, 3996 MHz, 0 %, 0 %
2026/03/24 01:58:37.072, 6, 178.64 W, 26, 120 MHz, 3996 MHz, 0 %, 0 %
2026/03/24 01:58:37.072, 7, 176.62 W, 27, 120 MHz, 3996 MHz, 0 %, 0 %
2026/03/24 01:58:38.072, 0, 679.02 W, 42, 2032 MHz, 3996 MHz, 99 %, 20 %
2026/03/24 01:58:38.072, 1, 679.23 W, 45, 2032 MHz, 3996 MHz, 100 %, 75 %
2026/03/24 01:58:38.072, 2, 672.36 W, 42, 2032 MHz, 3996 MHz, 100 %, 76 %
2026/03/24 01:58:38.072, 3, 685.30 W, 46, 2032 MHz, 3996 MHz, 99 %, 25 %
2026/03/24 01:58:38.072, 4, 179.82 W, 25, 120 MHz, 3996 MHz, 0 %, 0 %
2026/03/24 01:58:38.072, 5, 180.89 W, 27, 120 MHz, 3996 MHz, 0 %, 0 %
2026/03/24 01:58:38.072, 6, 178.64 W, 26, 120 MHz, 3996 MHz, 0 %, 0 %
2026/03/24 01:58:38.072, 7, 176.58 W, 27, 120 MHz, 3996 MHz, 0 %, 0 %
2026/03/24 01:58:39.072, 0, 871.37 W, 41, 2032 MHz, 3996 MHz, 100 %, 76 %
2026/03/24 01:58:39.072, 1, 893.28 W, 48, 2032 MHz, 3996 MHz, 91 %, 41 %
2026/03/24 01:58:39.072, 2, 883.20 W, 41, 2032 MHz, 3996 MHz, 87 %, 42 %
2026/03/24 01:58:39.072, 3, 909.22 W, 48, 2032 MHz, 3996 MHz, 100 %, 76 %
2026/03/24 01:58:39.072, 4, 179.87 W, 25, 120 MHz, 3996 MHz, 0 %, 0 %
2026/03/24 01:58:39.072, 5, 181.40 W, 27, 120 MHz, 3996 MHz, 0 %, 0 %
2026/03/24 01:58:39.072, 6, 178.64 W, 26, 120 MHz, 3996 MHz, 0 %, 0 %
2026/03/24 01:58:39.072, 7, 176.58 W, 27, 120 MHz, 3996 MHz, 0 %, 0 %
2026/03/24 01:58:40.072, 0, 892.61 W, 44, 2032 MHz, 3996 MHz, 100 %, 76 %
2026/03/24 01:58:40.072, 1, 891.74 W, 48, 2032 MHz, 3996 MHz, 100 %, 77 %
2026/03/24 01:58:40.072, 2, 879.27 W, 44, 2032 MHz, 3996 MHz, 100 %, 76 %
2026/03/24 01:58:40.072, 3, 885.88 W, 49, 2032 MHz, 3996 MHz, 100 %, 76 %
2026/03/24 01:58:40.072, 4, 179.76 W, 25, 120 MHz, 3996 MHz, 0 %, 0 %
2026/03/24 01:58:40.072, 5, 181.00 W, 27, 120 MHz, 3996 MHz, 0 %, 0 %
2026/03/24 01:58:40.072, 6, 178.64 W, 26, 120 MHz, 3996 MHz, 0 %, 0 %
2026/03/24 01:58:40.072, 7, 176.59 W, 27, 120 MHz, 3996 MHz, 0 %, 0 %
2026/03/24 01:58:41.073, 0, 856.50 W, 44, 2032 MHz, 3996 MHz, 100 %, 76 %
2026/03/24 01:58:41.073, 1, 870.05 W, 48, 2032 MHz, 3996 MHz, 100 %, 76 %
2026/03/24 01:58:41.073, 2, 852.54 W, 44, 2032 MHz, 3996 MHz, 100 %, 77 %
2026/03/24 01:58:41.073, 3, 872.91 W, 49, 2032 MHz, 3996 MHz, 100 %, 76 %
2026/03/24 01:58:41.073, 4, 179.62 W, 25, 120 MHz, 3996 MHz, 0 %, 0 %
2026/03/24 01:58:41.073, 5, 181.23 W, 27, 120 MHz, 3996 MHz, 0 %, 0 %
2026/03/24 01:58:41.073, 6, 178.64 W, 26, 120 MHz, 3996 MHz, 0 %, 0 %
2026/03/24 01:58:41.073, 7, 176.58 W, 27, 120 MHz, 3996 MHz, 0 %, 0 %
2026/03/24 01:58:42.073, 0, 919.70 W, 44, 2032 MHz, 3996 MHz, 100 %, 76 %
2026/03/24 01:58:42.073, 1, 931.35 W, 48, 2032 MHz, 3996 MHz, 100 %, 76 %
2026/03/24 01:58:42.073, 2, 912.38 W, 44, 2032 MHz, 3996 MHz, 100 %, 76 %
2026/03/24 01:58:42.073, 3, 932.45 W, 49, 2032 MHz, 3996 MHz, 100 %, 76 %
2026/03/24 01:58:42.073, 4, 179.50 W, 25, 120 MHz, 3996 MHz, 0 %, 0 %
2026/03/24 01:58:42.073, 5, 181.24 W, 27, 120 MHz, 3996 MHz, 0 %, 0 %
2026/03/24 01:58:42.073, 6, 178.64 W, 26, 120 MHz, 3996 MHz, 0 %, 0 %
2026/03/24 01:58:42.073, 7, 176.59 W, 27, 120 MHz, 3996 MHz, 0 %, 0 %
2026/03/24 01:58:43.073, 0, 916.67 W, 45, 2032 MHz, 3996 MHz, 100 %, 75 %
2026/03/24 01:58:43.073, 1, 931.85 W, 48, 2032 MHz, 3996 MHz, 100 %, 76 %
2026/03/24 01:58:43.073, 2, 912.00 W, 44, 2032 MHz, 3996 MHz, 100 %, 77 %
2026/03/24 01:58:43.073, 3, 930.88 W, 49, 2032 MHz, 3996 MHz, 100 %, 76 %
2026/03/24 01:58:43.073, 4, 179.40 W, 25, 120 MHz, 3996 MHz, 0 %, 0 %
2026/03/24 01:58:43.073, 5, 181.36 W, 27, 120 MHz, 3996 MHz, 0 %, 0 %
2026/03/24 01:58:43.073, 6, 178.64 W, 26, 120 MHz, 3996 MHz, 0 %, 0 %
2026/03/24 01:58:43.073, 7, 176.59 W, 27, 120 MHz, 3996 MHz, 0 %, 0 %
2026/03/24 01:58:44.073, 0, 920.55 W, 45, 2032 MHz, 3996 MHz, 100 %, 76 %
2026/03/24 01:58:44.073, 1, 934.17 W, 49, 2032 MHz, 3996 MHz, 100 %, 77 %
2026/03/24 01:58:44.073, 2, 912.51 W, 44, 2032 MHz, 3996 MHz, 100 %, 77 %
2026/03/24 01:58:44.073, 3, 929.54 W, 49, 2032 MHz, 3996 MHz, 100 %, 77 %
2026/03/24 01:58:44.073, 4, 179.60 W, 25, 120 MHz, 3996 MHz, 0 %, 0 %
2026/03/24 01:58:44.073, 5, 181.13 W, 27, 120 MHz, 3996 MHz, 0 %, 0 %
2026/03/24 01:58:44.073, 6, 178.64 W, 26, 120 MHz, 3996 MHz, 0 %, 0 %
2026/03/24 01:58:44.073, 7, 176.59 W, 27, 120 MHz, 3996 MHz, 0 %, 0 %
2026/03/24 01:58:45.073, 0, 901.53 W, 43, 2032 MHz, 3996 MHz, 100 %, 77 %
2026/03/24 01:58:45.073, 1, 924.00 W, 49, 2032 MHz, 3996 MHz, 97 %, 71 %
2026/03/24 01:58:45.073, 2, 900.72 W, 43, 2032 MHz, 3996 MHz, 96 %, 74 %
2026/03/24 01:58:45.073, 3, 936.79 W, 50, 2032 MHz, 3996 MHz, 100 %, 76 %
2026/03/24 01:58:45.073, 4, 179.55 W, 25, 120 MHz, 3996 MHz, 0 %, 0 %
2026/03/24 01:58:45.073, 5, 180.93 W, 27, 120 MHz, 3996 MHz, 0 %, 0 %
2026/03/24 01:58:45.073, 6, 178.64 W, 26, 120 MHz, 3996 MHz, 0 %, 0 %
2026/03/24 01:58:45.073, 7, 176.59 W, 27, 120 MHz, 3996 MHz, 0 %, 0 %
2026/03/24 01:58:46.073, 0, 880.86 W, 45, 2032 MHz, 3996 MHz, 100 %, 76 %
2026/03/24 01:58:46.073, 1, 870.09 W, 49, 2032 MHz, 3996 MHz, 100 %, 76 %
2026/03/24 01:58:46.073, 2, 861.52 W, 45, 2032 MHz, 3996 MHz, 100 %, 77 %
2026/03/24 01:58:46.073, 3, 870.37 W, 49, 2032 MHz, 3996 MHz, 100 %, 76 %
2026/03/24 01:58:46.073, 4, 179.49 W, 25, 120 MHz, 3996 MHz, 0 %, 0 %
2026/03/24 01:58:46.073, 5, 181.01 W, 27, 120 MHz, 3996 MHz, 0 %, 0 %
2026/03/24 01:58:46.073, 6, 178.64 W, 26, 120 MHz, 3996 MHz, 0 %, 0 %
2026/03/24 01:58:46.073, 7, 176.59 W, 27, 120 MHz, 3996 MHz, 0 %, 0 %
2026/03/24 01:58:47.073, 0, 860.18 W, 45, 2032 MHz, 3996 MHz, 100 %, 77 %
2026/03/24 01:58:47.073, 1, 873.33 W, 49, 2032 MHz, 3996 MHz, 100 %, 76 %
2026/03/24 01:58:47.073, 2, 857.86 W, 44, 2032 MHz, 3996 MHz, 100 %, 77 %
2026/03/24 01:58:47.073, 3, 876.68 W, 49, 2032 MHz, 3996 MHz, 100 %, 76 %
2026/03/24 01:58:47.073, 4, 179.60 W, 25, 120 MHz, 3996 MHz, 0 %, 0 %
2026/03/24 01:58:47.073, 5, 180.96 W, 27, 120 MHz, 3996 MHz, 0 %, 0 %
2026/03/24 01:58:47.073, 6, 178.64 W, 26, 120 MHz, 3996 MHz, 0 %, 0 %
2026/03/24 01:58:47.073, 7, 176.58 W, 27, 120 MHz, 3996 MHz, 0 %, 0 %
2026/03/24 01:58:48.074, 0, 863.21 W, 45, 2032 MHz, 3996 MHz, 100 %, 76 %
2026/03/24 01:58:48.074, 1, 875.21 W, 48, 2032 MHz, 3996 MHz, 100 %, 76 %
2026/03/24 01:58:48.074, 2, 859.36 W, 44, 2032 MHz, 3996 MHz, 100 %, 77 %
2026/03/24 01:58:48.074, 3, 869.79 W, 49, 2032 MHz, 3996 MHz, 100 %, 76 %
2026/03/24 01:58:48.074, 4, 179.40 W, 25, 120 MHz, 3996 MHz, 0 %, 0 %
2026/03/24 01:58:48.074, 5, 181.23 W, 27, 120 MHz, 3996 MHz, 0 %, 0 %
2026/03/24 01:58:48.074, 6, 178.64 W, 26, 120 MHz, 3996 MHz, 0 %, 0 %
2026/03/24 01:58:48.074, 7, 176.58 W, 27, 120 MHz, 3996 MHz, 0 %, 0 %
2026/03/24 01:58:49.074, 0, 859.19 W, 44, 2032 MHz, 3996 MHz, 87 %, 65 %
2026/03/24 01:58:49.074, 1, 869.97 W, 48, 2032 MHz, 3996 MHz, 100 %, 76 %
2026/03/24 01:58:49.074, 2, 856.08 W, 44, 2032 MHz, 3996 MHz, 100 %, 76 %
2026/03/24 01:58:49.074, 3, 867.97 W, 49, 2032 MHz, 3996 MHz, 100 %, 72 %
2026/03/24 01:58:49.074, 4, 179.65 W, 25, 120 MHz, 3996 MHz, 0 %, 0 %
2026/03/24 01:58:49.074, 5, 181.40 W, 27, 120 MHz, 3996 MHz, 0 %, 0 %
2026/03/24 01:58:49.074, 6, 178.64 W, 26, 120 MHz, 3996 MHz, 0 %, 0 %
2026/03/24 01:58:49.074, 7, 176.62 W, 27, 120 MHz, 3996 MHz, 0 %, 0 %
2026/03/24 01:58:50.074, 0, 710.03 W, 42, 2032 MHz, 3996 MHz, 100 %, 25 %
2026/03/24 01:58:50.074, 1, 726.13 W, 47, 2032 MHz, 3996 MHz, 78 %, 56 %
2026/03/24 01:58:50.074, 2, 708.71 W, 41, 2032 MHz, 3996 MHz, 79 %, 58 %
2026/03/24 01:58:50.074, 3, 741.68 W, 48, 2032 MHz, 3996 MHz, 55 %, 36 %
2026/03/24 01:58:50.074, 4, 179.57 W, 25, 120 MHz, 3996 MHz, 0 %, 0 %
2026/03/24 01:58:50.074, 5, 180.96 W, 27, 120 MHz, 3996 MHz, 0 %, 0 %
2026/03/24 01:58:50.074, 6, 178.64 W, 26, 120 MHz, 3996 MHz, 0 %, 0 %
2026/03/24 01:58:50.074, 7, 176.58 W, 27, 120 MHz, 3996 MHz, 0 %, 0 %
2026/03/24 01:58:51.074, 0, 813.83 W, 42, 2032 MHz, 3996 MHz, 90 %, 68 %
2026/03/24 01:58:51.074, 1, 818.91 W, 46, 2032 MHz, 3996 MHz, 47 %, 19 %
2026/03/24 01:58:51.074, 2, 799.47 W, 42, 2032 MHz, 3996 MHz, 98 %, 20 %
2026/03/24 01:58:51.074, 3, 826.96 W, 47, 2032 MHz, 3996 MHz, 97 %, 58 %
2026/03/24 01:58:51.074, 4, 179.86 W, 25, 120 MHz, 3996 MHz, 0 %, 0 %
2026/03/24 01:58:51.074, 5, 181.19 W, 27, 120 MHz, 3996 MHz, 0 %, 0 %
2026/03/24 01:58:51.074, 6, 178.64 W, 26, 120 MHz, 3996 MHz, 0 %, 0 %
2026/03/24 01:58:51.074, 7, 176.58 W, 27, 120 MHz, 3996 MHz, 0 %, 0 %
2026/03/24 01:58:52.074, 0, 646.15 W, 41, 2032 MHz, 3996 MHz, 76 %, 20 %
2026/03/24 01:58:52.074, 1, 657.14 W, 46, 2032 MHz, 3996 MHz, 63 %, 34 %
2026/03/24 01:58:52.074, 2, 631.48 W, 41, 2032 MHz, 3996 MHz, 53 %, 34 %
2026/03/24 01:58:52.074, 3, 662.68 W, 46, 2032 MHz, 3996 MHz, 92 %, 21 %
2026/03/24 01:58:52.074, 4, 179.81 W, 25, 120 MHz, 3996 MHz, 0 %, 0 %
2026/03/24 01:58:52.074, 5, 180.93 W, 27, 120 MHz, 3996 MHz, 0 %, 0 %
2026/03/24 01:58:52.074, 6, 178.64 W, 26, 120 MHz, 3996 MHz, 0 %, 0 %
2026/03/24 01:58:52.074, 7, 176.66 W, 27, 120 MHz, 3996 MHz, 0 %, 0 %
2026/03/24 01:58:53.074, 0, 669.24 W, 42, 2032 MHz, 3996 MHz, 91 %, 35 %
2026/03/24 01:58:53.074, 1, 653.98 W, 44, 2032 MHz, 3996 MHz, 95 %, 50 %
2026/03/24 01:58:53.074, 2, 656.72 W, 42, 2032 MHz, 3996 MHz, 66 %, 47 %
2026/03/24 01:58:53.074, 3, 643.74 W, 45, 2032 MHz, 3996 MHz, 74 %, 30 %
2026/03/24 01:58:53.074, 4, 179.59 W, 25, 120 MHz, 3996 MHz, 0 %, 0 %
2026/03/24 01:58:53.074, 5, 181.31 W, 27, 120 MHz, 3996 MHz, 0 %, 0 %
2026/03/24 01:58:53.074, 6, 178.64 W, 26, 120 MHz, 3996 MHz, 0 %, 0 %
2026/03/24 01:58:53.074, 7, 176.58 W, 27, 120 MHz, 3996 MHz, 0 %, 0 %
2026/03/24 01:58:54.074, 0, 795.10 W, 43, 2032 MHz, 3996 MHz, 73 %, 20 %
2026/03/24 01:58:54.074, 1, 821.42 W, 47, 2032 MHz, 3996 MHz, 97 %, 74 %
2026/03/24 01:58:54.074, 2, 804.41 W, 42, 2032 MHz, 3996 MHz, 100 %, 72 %
2026/03/24 01:58:54.074, 3, 826.26 W, 47, 2032 MHz, 3996 MHz, 91 %, 20 %
2026/03/24 01:58:54.074, 4, 179.46 W, 25, 120 MHz, 3996 MHz, 0 %, 0 %
2026/03/24 01:58:54.074, 5, 181.24 W, 27, 120 MHz, 3996 MHz, 0 %, 0 %
2026/03/24 01:58:54.075, 6, 178.64 W, 26, 120 MHz, 3996 MHz, 0 %, 0 %
2026/03/24 01:58:54.075, 7, 176.58 W, 27, 120 MHz, 3996 MHz, 0 %, 0 %
2026/03/24 01:58:55.075, 0, 755.53 W, 42, 2032 MHz, 3996 MHz, 91 %, 68 %
2026/03/24 01:58:55.075, 1, 750.95 W, 46, 2032 MHz, 3996 MHz, 78 %, 23 %
2026/03/24 01:58:55.075, 2, 744.15 W, 42, 2032 MHz, 3996 MHz, 38 %, 22 %
2026/03/24 01:58:55.075, 3, 762.80 W, 47, 2032 MHz, 3996 MHz, 85 %, 57 %
2026/03/24 01:58:55.075, 4, 179.71 W, 25, 120 MHz, 3996 MHz, 0 %, 0 %
2026/03/24 01:58:55.075, 5, 181.38 W, 27, 120 MHz, 3996 MHz, 0 %, 0 %
2026/03/24 01:58:55.075, 6, 178.64 W, 26, 120 MHz, 3996 MHz, 0 %, 0 %
2026/03/24 01:58:55.075, 7, 176.59 W, 27, 120 MHz, 3996 MHz, 0 %, 0 %
2026/03/24 01:58:56.075, 0, 633.43 W, 41, 2032 MHz, 3996 MHz, 99 %, 20 %
2026/03/24 01:58:56.075, 1, 653.70 W, 45, 2032 MHz, 3996 MHz, 97 %, 22 %
2026/03/24 01:58:56.075, 2, 636.32 W, 41, 2032 MHz, 3996 MHz, 93 %, 23 %
2026/03/24 01:58:56.075, 3, 649.91 W, 46, 2032 MHz, 3996 MHz, 96 %, 26 %
2026/03/24 01:58:56.075, 4, 179.63 W, 25, 120 MHz, 3996 MHz, 0 %, 0 %
2026/03/24 01:58:56.075, 5, 181.16 W, 27, 120 MHz, 3996 MHz, 0 %, 0 %
2026/03/24 01:58:56.075, 6, 178.64 W, 26, 120 MHz, 3996 MHz, 0 %, 0 %
2026/03/24 01:58:56.075, 7, 176.58 W, 27, 120 MHz, 3996 MHz, 0 %, 0 %
2026/03/24 01:58:57.075, 0, 685.73 W, 43, 2032 MHz, 3996 MHz, 98 %, 21 %
2026/03/24 01:58:57.075, 1, 677.49 W, 46, 2032 MHz, 3996 MHz, 100 %, 77 %
2026/03/24 01:58:57.075, 2, 670.46 W, 43, 2032 MHz, 3996 MHz, 100 %, 77 %
2026/03/24 01:58:57.075, 3, 669.80 W, 47, 2032 MHz, 3996 MHz, 100 %, 77 %
2026/03/24 01:58:57.075, 4, 179.50 W, 25, 120 MHz, 3996 MHz, 0 %, 0 %
2026/03/24 01:58:57.075, 5, 180.85 W, 27, 120 MHz, 3996 MHz, 0 %, 0 %
2026/03/24 01:58:57.075, 6, 178.64 W, 26, 120 MHz, 3996 MHz, 0 %, 0 %
2026/03/24 01:58:57.075, 7, 176.58 W, 27, 120 MHz, 3996 MHz, 0 %, 0 %
2026/03/24 01:58:58.075, 0, 540.05 W, 40, 2032 MHz, 3996 MHz, 99 %, 20 %
2026/03/24 01:58:58.075, 1, 562.38 W, 43, 2032 MHz, 3996 MHz, 99 %, 20 %
2026/03/24 01:58:58.075, 2, 553.48 W, 39, 2032 MHz, 3996 MHz, 37 %, 20 %
2026/03/24 01:58:58.075, 3, 591.06 W, 44, 2032 MHz, 3996 MHz, 99 %, 20 %
2026/03/24 01:58:58.075, 4, 179.66 W, 25, 120 MHz, 3996 MHz, 0 %, 0 %
2026/03/24 01:58:58.075, 5, 181.04 W, 27, 120 MHz, 3996 MHz, 0 %, 0 %
2026/03/24 01:58:58.075, 6, 178.64 W, 26, 120 MHz, 3996 MHz, 0 %, 0 %
2026/03/24 01:58:58.075, 7, 176.62 W, 27, 120 MHz, 3996 MHz, 0 %, 0 %
2026/03/24 01:58:59.075, 0, 580.21 W, 41, 2032 MHz, 3996 MHz, 91 %, 35 %
2026/03/24 01:58:59.075, 1, 582.63 W, 43, 2032 MHz, 3996 MHz, 98 %, 41 %
2026/03/24 01:58:59.075, 2, 574.05 W, 40, 2032 MHz, 3996 MHz, 58 %, 39 %
2026/03/24 01:58:59.075, 3, 571.00 W, 44, 2032 MHz, 3996 MHz, 99 %, 34 %
2026/03/24 01:58:59.075, 4, 179.70 W, 25, 120 MHz, 3996 MHz, 0 %, 0 %
2026/03/24 01:58:59.075, 5, 181.01 W, 27, 120 MHz, 3996 MHz, 0 %, 0 %
2026/03/24 01:58:59.075, 6, 178.64 W, 26, 120 MHz, 3996 MHz, 0 %, 0 %
2026/03/24 01:58:59.075, 7, 176.58 W, 27, 120 MHz, 3996 MHz, 0 %, 0 %
2026/03/24 01:59:00.075, 0, 666.91 W, 41, 2032 MHz, 3996 MHz, 100 %, 57 %
2026/03/24 01:59:00.075, 1, 683.36 W, 45, 2032 MHz, 3996 MHz, 95 %, 27 %
2026/03/24 01:59:00.075, 2, 675.46 W, 41, 2032 MHz, 3996 MHz, 90 %, 29 %
2026/03/24 01:59:00.075, 3, 695.80 W, 47, 2032 MHz, 3996 MHz, 95 %, 32 %
2026/03/24 01:59:00.075, 4, 179.52 W, 25, 120 MHz, 3996 MHz, 0 %, 0 %
2026/03/24 01:59:00.075, 5, 181.19 W, 27, 120 MHz, 3996 MHz, 0 %, 0 %
2026/03/24 01:59:00.076, 6, 178.64 W, 26, 120 MHz, 3996 MHz, 0 %, 0 %
2026/03/24 01:59:00.076, 7, 176.58 W, 27, 120 MHz, 3996 MHz, 0 %, 0 %
2026/03/24 01:59:01.076, 0, 651.30 W, 41, 2032 MHz, 3996 MHz, 100 %, 40 %
2026/03/24 01:59:01.076, 1, 672.80 W, 46, 2032 MHz, 3996 MHz, 87 %, 55 %
2026/03/24 01:59:01.076, 2, 659.62 W, 41, 2032 MHz, 3996 MHz, 79 %, 58 %
2026/03/24 01:59:01.076, 3, 676.16 W, 47, 2032 MHz, 3996 MHz, 97 %, 53 %
2026/03/24 01:59:01.076, 4, 179.50 W, 25, 120 MHz, 3996 MHz, 0 %, 0 %
2026/03/24 01:59:01.076, 5, 181.17 W, 27, 120 MHz, 3996 MHz, 0 %, 0 %
2026/03/24 01:59:01.076, 6, 178.64 W, 26, 120 MHz, 3996 MHz, 0 %, 0 %
2026/03/24 01:59:01.076, 7, 176.58 W, 27, 120 MHz, 3996 MHz, 0 %, 0 %
2026/03/24 01:59:02.076, 0, 679.33 W, 41, 2032 MHz, 3996 MHz, 87 %, 36 %
2026/03/24 01:59:02.076, 1, 681.35 W, 44, 2032 MHz, 3996 MHz, 96 %, 34 %
2026/03/24 01:59:02.076, 2, 674.09 W, 41, 2032 MHz, 3996 MHz, 68 %, 34 %
2026/03/24 01:59:02.076, 3, 683.35 W, 45, 2032 MHz, 3996 MHz, 80 %, 22 %
2026/03/24 01:59:02.076, 4, 179.49 W, 25, 120 MHz, 3996 MHz, 0 %, 0 %
2026/03/24 01:59:02.076, 5, 181.32 W, 27, 120 MHz, 3996 MHz, 0 %, 0 %
2026/03/24 01:59:02.076, 6, 178.60 W, 26, 120 MHz, 3996 MHz, 0 %, 0 %
2026/03/24 01:59:02.076, 7, 176.58 W, 27, 120 MHz, 3996 MHz, 0 %, 0 %
2026/03/24 01:59:03.076, 0, 636.32 W, 40, 2032 MHz, 3996 MHz, 83 %, 40 %
2026/03/24 01:59:03.076, 1, 645.06 W, 43, 2032 MHz, 3996 MHz, 96 %, 47 %
2026/03/24 01:59:03.076, 2, 638.32 W, 40, 2032 MHz, 3996 MHz, 67 %, 47 %
2026/03/24 01:59:03.076, 3, 648.01 W, 44, 2032 MHz, 3996 MHz, 100 %, 46 %
2026/03/24 01:59:03.076, 4, 179.70 W, 25, 120 MHz, 3996 MHz, 0 %, 0 %
2026/03/24 01:59:03.076, 5, 181.00 W, 27, 120 MHz, 3996 MHz, 0 %, 0 %
2026/03/24 01:59:03.076, 6, 178.64 W, 26, 120 MHz, 3996 MHz, 0 %, 0 %
2026/03/24 01:59:03.076, 7, 176.58 W, 27, 120 MHz, 3996 MHz, 0 %, 0 %
2026/03/24 01:59:04.076, 0, 558.94 W, 40, 2032 MHz, 3996 MHz, 99 %, 20 %
2026/03/24 01:59:04.076, 1, 567.03 W, 43, 2032 MHz, 3996 MHz, 100 %, 24 %
2026/03/24 01:59:04.076, 2, 558.90 W, 40, 2032 MHz, 3996 MHz, 38 %, 22 %
2026/03/24 01:59:04.076, 3, 579.76 W, 44, 2032 MHz, 3996 MHz, 99 %, 20 %
2026/03/24 01:59:04.076, 4, 179.68 W, 25, 120 MHz, 3996 MHz, 0 %, 0 %
2026/03/24 01:59:04.076, 5, 181.19 W, 27, 120 MHz, 3996 MHz, 0 %, 0 %
2026/03/24 01:59:04.076, 6, 178.64 W, 26, 120 MHz, 3996 MHz, 0 %, 0 %
2026/03/24 01:59:04.076, 7, 176.58 W, 27, 120 MHz, 3996 MHz, 0 %, 0 %
2026/03/24 01:59:05.076, 0, 724.31 W, 41, 2032 MHz, 3996 MHz, 100 %, 31 %
2026/03/24 01:59:05.076, 1, 720.36 W, 45, 2032 MHz, 3996 MHz, 98 %, 23 %
2026/03/24 01:59:05.076, 2, 707.88 W, 41, 2032 MHz, 3996 MHz, 52 %, 23 %
2026/03/24 01:59:05.076, 3, 726.18 W, 46, 2032 MHz, 3996 MHz, 96 %, 23 %
2026/03/24 01:59:05.076, 4, 179.69 W, 25, 120 MHz, 3996 MHz, 0 %, 0 %
2026/03/24 01:59:05.076, 5, 181.12 W, 27, 120 MHz, 3996 MHz, 0 %, 0 %
2026/03/24 01:59:05.076, 6, 178.64 W, 26, 120 MHz, 3996 MHz, 0 %, 0 %
2026/03/24 01:59:05.076, 7, 176.58 W, 27, 120 MHz, 3996 MHz, 0 %, 0 %
2026/03/24 01:59:06.076, 0, 611.11 W, 40, 2032 MHz, 3996 MHz, 100 %, 39 %
2026/03/24 01:59:06.076, 1, 631.37 W, 44, 2032 MHz, 3996 MHz, 79 %, 20 %
2026/03/24 01:59:06.076, 2, 617.42 W, 39, 2032 MHz, 3996 MHz, 37 %, 20 %
2026/03/24 01:59:06.076, 3, 633.65 W, 45, 2032 MHz, 3996 MHz, 75 %, 20 %
2026/03/24 01:59:06.076, 4, 179.39 W, 25, 120 MHz, 3996 MHz, 0 %, 0 %
2026/03/24 01:59:06.076, 5, 181.05 W, 27, 120 MHz, 3996 MHz, 0 %, 0 %
2026/03/24 01:59:06.076, 6, 178.64 W, 26, 120 MHz, 3996 MHz, 0 %, 0 %
2026/03/24 01:59:06.076, 7, 176.58 W, 27, 120 MHz, 3996 MHz, 0 %, 0 %
2026/03/24 01:59:07.076, 0, 649.89 W, 40, 2032 MHz, 3996 MHz, 100 %, 65 %
2026/03/24 01:59:07.076, 1, 662.52 W, 46, 2032 MHz, 3996 MHz, 80 %, 46 %
2026/03/24 01:59:07.076, 2, 654.58 W, 40, 2032 MHz, 3996 MHz, 67 %, 48 %
2026/03/24 01:59:07.076, 3, 664.99 W, 47, 2032 MHz, 3996 MHz, 81 %, 50 %
2026/03/24 01:59:07.077, 4, 179.62 W, 25, 120 MHz, 3996 MHz, 0 %, 0 %
2026/03/24 01:59:07.077, 5, 181.08 W, 27, 120 MHz, 3996 MHz, 0 %, 0 %
2026/03/24 01:59:07.077, 6, 178.64 W, 26, 120 MHz, 3996 MHz, 0 %, 0 %
2026/03/24 01:59:07.077, 7, 176.58 W, 27, 120 MHz, 3996 MHz, 0 %, 0 %
2026/03/24 01:59:08.077, 0, 693.48 W, 41, 2032 MHz, 3996 MHz, 92 %, 20 %
2026/03/24 01:59:08.077, 1, 699.40 W, 45, 2032 MHz, 3996 MHz, 97 %, 74 %
2026/03/24 01:59:08.077, 2, 695.32 W, 40, 2032 MHz, 3996 MHz, 99 %, 76 %
2026/03/24 01:59:08.077, 3, 698.73 W, 45, 2032 MHz, 3996 MHz, 100 %, 73 %
2026/03/24 01:59:08.077, 4, 179.74 W, 25, 120 MHz, 3996 MHz, 0 %, 0 %
2026/03/24 01:59:08.077, 5, 180.97 W, 27, 120 MHz, 3996 MHz, 0 %, 0 %
2026/03/24 01:59:08.077, 6, 178.64 W, 26, 120 MHz, 3996 MHz, 0 %, 0 %
2026/03/24 01:59:08.077, 7, 176.58 W, 27, 120 MHz, 3996 MHz, 0 %, 0 %
2026/03/24 01:59:09.077, 0, 597.91 W, 40, 2032 MHz, 3996 MHz, 100 %, 20 %
2026/03/24 01:59:09.077, 1, 606.29 W, 44, 2032 MHz, 3996 MHz, 83 %, 37 %
2026/03/24 01:59:09.077, 2, 598.24 W, 39, 2032 MHz, 3996 MHz, 60 %, 40 %
2026/03/24 01:59:09.077, 3, 617.59 W, 46, 2032 MHz, 3996 MHz, 79 %, 42 %
2026/03/24 01:59:09.077, 4, 179.76 W, 25, 120 MHz, 3996 MHz, 0 %, 0 %
2026/03/24 01:59:09.077, 5, 181.31 W, 27, 120 MHz, 3996 MHz, 0 %, 0 %
2026/03/24 01:59:09.077, 6, 178.64 W, 26, 120 MHz, 3996 MHz, 0 %, 0 %
2026/03/24 01:59:09.077, 7, 176.58 W, 27, 120 MHz, 3996 MHz, 0 %, 0 %
2026/03/24 01:59:10.077, 0, 725.10 W, 42, 2032 MHz, 3996 MHz, 100 %, 31 %
2026/03/24 01:59:10.077, 1, 721.47 W, 46, 2032 MHz, 3996 MHz, 100 %, 76 %
2026/03/24 01:59:10.077, 2, 711.58 W, 42, 2032 MHz, 3996 MHz, 100 %, 77 %
2026/03/24 01:59:10.077, 3, 714.99 W, 46, 2032 MHz, 3996 MHz, 100 %, 76 %
2026/03/24 01:59:10.077, 4, 179.67 W, 25, 120 MHz, 3996 MHz, 0 %, 0 %
2026/03/24 01:59:10.077, 5, 181.01 W, 27, 120 MHz, 3996 MHz, 0 %, 0 %
2026/03/24 01:59:10.077, 6, 178.64 W, 26, 120 MHz, 3996 MHz, 0 %, 0 %
2026/03/24 01:59:10.077, 7, 176.58 W, 27, 120 MHz, 3996 MHz, 0 %, 0 %
2026/03/24 01:59:11.077, 0, 673.78 W, 40, 2032 MHz, 3996 MHz, 100 %, 77 %
2026/03/24 01:59:11.077, 1, 690.44 W, 44, 2032 MHz, 3996 MHz, 77 %, 20 %
2026/03/24 01:59:11.077, 2, 685.30 W, 40, 2032 MHz, 3996 MHz, 37 %, 22 %
2026/03/24 01:59:11.077, 3, 706.74 W, 46, 2032 MHz, 3996 MHz, 79 %, 24 %
2026/03/24 01:59:11.077, 4, 179.29 W, 25, 120 MHz, 3996 MHz, 0 %, 0 %
2026/03/24 01:59:11.077, 5, 181.63 W, 27, 120 MHz, 3996 MHz, 0 %, 0 %
2026/03/24 01:59:11.077, 6, 178.64 W, 26, 120 MHz, 3996 MHz, 0 %, 0 %
2026/03/24 01:59:11.077, 7, 176.62 W, 27, 120 MHz, 3996 MHz, 0 %, 0 %
2026/03/24 01:59:12.077, 0, 684.46 W, 40, 2032 MHz, 3996 MHz, 99 %, 20 %
2026/03/24 01:59:12.077, 1, 679.08 W, 44, 2032 MHz, 3996 MHz, 35 %, 19 %
2026/03/24 01:59:12.077, 2, 669.48 W, 40, 2032 MHz, 3996 MHz, 99 %, 19 %
2026/03/24 01:59:12.077, 3, 684.30 W, 45, 2032 MHz, 3996 MHz, 99 %, 19 %
2026/03/24 01:59:12.077, 4, 179.54 W, 25, 120 MHz, 3996 MHz, 0 %, 0 %
2026/03/24 01:59:12.077, 5, 181.08 W, 27, 120 MHz, 3996 MHz, 0 %, 0 %
2026/03/24 01:59:12.077, 6, 178.64 W, 26, 120 MHz, 3996 MHz, 0 %, 0 %
2026/03/24 01:59:12.077, 7, 176.70 W, 27, 120 MHz, 3996 MHz, 0 %, 0 %
2026/03/24 01:59:13.077, 0, 715.86 W, 42, 2032 MHz, 3996 MHz, 100 %, 63 %
2026/03/24 01:59:13.077, 1, 731.16 W, 46, 2032 MHz, 3996 MHz, 100 %, 76 %
2026/03/24 01:59:13.077, 2, 717.81 W, 41, 2032 MHz, 3996 MHz, 100 %, 77 %
2026/03/24 01:59:13.077, 3, 728.07 W, 47, 2032 MHz, 3996 MHz, 100 %, 76 %
2026/03/24 01:59:13.077, 4, 179.61 W, 25, 120 MHz, 3996 MHz, 0 %, 0 %
2026/03/24 01:59:13.077, 5, 181.00 W, 27, 120 MHz, 3996 MHz, 0 %, 0 %
2026/03/24 01:59:13.077, 6, 178.64 W, 26, 120 MHz, 3996 MHz, 0 %, 0 %
2026/03/24 01:59:13.077, 7, 176.58 W, 27, 120 MHz, 3996 MHz, 0 %, 0 %
2026/03/24 01:59:14.077, 0, 723.67 W, 42, 2032 MHz, 3996 MHz, 100 %, 76 %
2026/03/24 01:59:14.078, 1, 726.57 W, 47, 2032 MHz, 3996 MHz, 89 %, 66 %
2026/03/24 01:59:14.078, 2, 718.31 W, 41, 2032 MHz, 3996 MHz, 90 %, 68 %
2026/03/24 01:59:14.078, 3, 738.86 W, 48, 2032 MHz, 3996 MHz, 93 %, 70 %
2026/03/24 01:59:14.078, 4, 179.29 W, 25, 120 MHz, 3996 MHz, 0 %, 0 %
2026/03/24 01:59:14.078, 5, 181.24 W, 27, 120 MHz, 3996 MHz, 0 %, 0 %
2026/03/24 01:59:14.078, 6, 178.64 W, 26, 120 MHz, 3996 MHz, 0 %, 0 %
2026/03/24 01:59:14.078, 7, 176.59 W, 27, 120 MHz, 3996 MHz, 0 %, 0 %
2026/03/24 01:59:15.078, 0, 766.77 W, 41, 2032 MHz, 3996 MHz, 100 %, 77 %
2026/03/24 01:59:15.078, 1, 759.50 W, 45, 2032 MHz, 3996 MHz, 35 %, 20 %
2026/03/24 01:59:15.078, 2, 755.44 W, 41, 2032 MHz, 3996 MHz, 95 %, 19 %
2026/03/24 01:59:15.078, 3, 767.65 W, 47, 2032 MHz, 3996 MHz, 96 %, 21 %
2026/03/24 01:59:15.078, 4, 179.51 W, 25, 120 MHz, 3996 MHz, 0 %, 0 %
2026/03/24 01:59:15.078, 5, 181.13 W, 27, 120 MHz, 3996 MHz, 0 %, 0 %
2026/03/24 01:59:15.078, 6, 178.64 W, 26, 120 MHz, 3996 MHz, 0 %, 0 %
2026/03/24 01:59:15.078, 7, 176.58 W, 27, 120 MHz, 3996 MHz, 0 %, 0 %
2026/03/24 01:59:16.078, 0, 916.78 W, 44, 2032 MHz, 3996 MHz, 100 %, 77 %
2026/03/24 01:59:16.078, 1, 916.11 W, 48, 2032 MHz, 3996 MHz, 100 %, 77 %
2026/03/24 01:59:16.078, 2, 907.28 W, 44, 2032 MHz, 3996 MHz, 100 %, 77 %
2026/03/24 01:59:16.078, 3, 907.07 W, 49, 2032 MHz, 3996 MHz, 100 %, 77 %
2026/03/24 01:59:16.078, 4, 179.29 W, 25, 120 MHz, 3996 MHz, 0 %, 0 %
2026/03/24 01:59:16.078, 5, 181.05 W, 27, 120 MHz, 3996 MHz, 0 %, 0 %
2026/03/24 01:59:16.078, 6, 178.64 W, 26, 120 MHz, 3996 MHz, 0 %, 0 %
2026/03/24 01:59:16.078, 7, 176.62 W, 27, 120 MHz, 3996 MHz, 0 %, 0 %
2026/03/24 01:59:17.078, 0, 861.73 W, 44, 2032 MHz, 3996 MHz, 100 %, 77 %
2026/03/24 01:59:17.078, 1, 869.71 W, 48, 2032 MHz, 3996 MHz, 100 %, 77 %
2026/03/24 01:59:17.078, 2, 850.85 W, 44, 2032 MHz, 3996 MHz, 100 %, 77 %
2026/03/24 01:59:17.078, 3, 867.72 W, 49, 2032 MHz, 3996 MHz, 100 %, 77 %
2026/03/24 01:59:17.078, 4, 179.60 W, 25, 120 MHz, 3996 MHz, 0 %, 0 %
2026/03/24 01:59:17.078, 5, 181.27 W, 27, 120 MHz, 3996 MHz, 0 %, 0 %
2026/03/24 01:59:17.078, 6, 178.64 W, 26, 120 MHz, 3996 MHz, 0 %, 0 %
2026/03/24 01:59:17.078, 7, 176.62 W, 27, 120 MHz, 3996 MHz, 0 %, 0 %
2026/03/24 01:59:18.078, 0, 861.22 W, 44, 2032 MHz, 3996 MHz, 100 %, 77 %
2026/03/24 01:59:18.078, 1, 870.85 W, 48, 2032 MHz, 3996 MHz, 100 %, 77 %
2026/03/24 01:59:18.078, 2, 859.45 W, 44, 2032 MHz, 3996 MHz, 100 %, 78 %
2026/03/24 01:59:18.078, 3, 871.58 W, 49, 2032 MHz, 3996 MHz, 100 %, 78 %
2026/03/24 01:59:18.078, 4, 179.60 W, 25, 120 MHz, 3996 MHz, 0 %, 0 %
2026/03/24 01:59:18.078, 5, 181.08 W, 27, 120 MHz, 3996 MHz, 0 %, 0 %
2026/03/24 01:59:18.078, 6, 178.64 W, 26, 120 MHz, 3996 MHz, 0 %, 0 %
2026/03/24 01:59:18.078, 7, 176.58 W, 27, 120 MHz, 3996 MHz, 0 %, 0 %
2026/03/24 01:59:19.078, 0, 928.71 W, 45, 2032 MHz, 3996 MHz, 100 %, 77 %
2026/03/24 01:59:19.078, 1, 937.33 W, 48, 2032 MHz, 3996 MHz, 100 %, 78 %
2026/03/24 01:59:19.078, 2, 919.33 W, 44, 2032 MHz, 3996 MHz, 100 %, 78 %
2026/03/24 01:59:19.078, 3, 939.04 W, 49, 2032 MHz, 3996 MHz, 100 %, 78 %
2026/03/24 01:59:19.078, 4, 179.60 W, 25, 120 MHz, 3996 MHz, 0 %, 0 %
2026/03/24 01:59:19.078, 5, 180.97 W, 27, 120 MHz, 3996 MHz, 0 %, 0 %
2026/03/24 01:59:19.078, 6, 178.64 W, 26, 120 MHz, 3996 MHz, 0 %, 0 %
2026/03/24 01:59:19.078, 7, 176.58 W, 27, 120 MHz, 3996 MHz, 0 %, 0 %
2026/03/24 01:59:20.078, 0, 926.91 W, 45, 2032 MHz, 3996 MHz, 100 %, 78 %
2026/03/24 01:59:20.078, 1, 937.36 W, 49, 2032 MHz, 3996 MHz, 100 %, 77 %
2026/03/24 01:59:20.078, 2, 919.70 W, 44, 2032 MHz, 3996 MHz, 100 %, 78 %
2026/03/24 01:59:20.078, 3, 939.56 W, 49, 2032 MHz, 3996 MHz, 100 %, 78 %
2026/03/24 01:59:20.078, 4, 179.68 W, 25, 120 MHz, 3996 MHz, 0 %, 0 %
2026/03/24 01:59:20.078, 5, 181.01 W, 27, 120 MHz, 3996 MHz, 0 %, 0 %
2026/03/24 01:59:20.078, 6, 178.64 W, 26, 120 MHz, 3996 MHz, 0 %, 0 %
2026/03/24 01:59:20.078, 7, 176.58 W, 27, 120 MHz, 3996 MHz, 0 %, 0 %
2026/03/24 01:59:21.079, 0, 928.57 W, 45, 2032 MHz, 3996 MHz, 100 %, 77 %
2026/03/24 01:59:21.079, 1, 940.72 W, 49, 2032 MHz, 3996 MHz, 100 %, 77 %
2026/03/24 01:59:21.079, 2, 921.29 W, 44, 2032 MHz, 3996 MHz, 100 %, 78 %
2026/03/24 01:59:21.079, 3, 940.49 W, 50, 2032 MHz, 3996 MHz, 100 %, 77 %
2026/03/24 01:59:21.079, 4, 179.21 W, 25, 120 MHz, 3996 MHz, 0 %, 0 %
2026/03/24 01:59:21.079, 5, 181.31 W, 27, 120 MHz, 3996 MHz, 0 %, 0 %
2026/03/24 01:59:21.079, 6, 178.63 W, 26, 120 MHz, 3996 MHz, 0 %, 0 %
2026/03/24 01:59:21.079, 7, 176.58 W, 27, 120 MHz, 3996 MHz, 0 %, 0 %
2026/03/24 01:59:22.079, 0, 871.11 W, 42, 2032 MHz, 3996 MHz, 100 %, 20 %
2026/03/24 01:59:22.079, 1, 874.17 W, 46, 2032 MHz, 3996 MHz, 100 %, 35 %
2026/03/24 01:59:22.079, 2, 857.96 W, 43, 2032 MHz, 3996 MHz, 48 %, 31 %
2026/03/24 01:59:22.079, 3, 873.87 W, 47, 2032 MHz, 3996 MHz, 100 %, 28 %
2026/03/24 01:59:22.079, 4, 179.28 W, 25, 120 MHz, 3996 MHz, 0 %, 0 %
2026/03/24 01:59:22.079, 5, 181.19 W, 27, 120 MHz, 3996 MHz, 0 %, 0 %
2026/03/24 01:59:22.079, 6, 178.64 W, 26, 120 MHz, 3996 MHz, 0 %, 0 %
2026/03/24 01:59:22.079, 7, 176.58 W, 27, 120 MHz, 3996 MHz, 0 %, 0 %
2026/03/24 01:59:23.079, 0, 915.53 W, 45, 2032 MHz, 3996 MHz, 100 %, 77 %
2026/03/24 01:59:23.079, 1, 936.23 W, 49, 2032 MHz, 3996 MHz, 100 %, 77 %
2026/03/24 01:59:23.079, 2, 919.97 W, 45, 2032 MHz, 3996 MHz, 100 %, 78 %
2026/03/24 01:59:23.079, 3, 934.21 W, 50, 2032 MHz, 3996 MHz, 100 %, 78 %
2026/03/24 01:59:23.079, 4, 179.61 W, 25, 120 MHz, 3996 MHz, 0 %, 0 %
2026/03/24 01:59:23.079, 5, 181.31 W, 27, 120 MHz, 3996 MHz, 0 %, 0 %
2026/03/24 01:59:23.079, 6, 178.63 W, 26, 120 MHz, 3996 MHz, 0 %, 0 %
2026/03/24 01:59:23.079, 7, 176.58 W, 27, 120 MHz, 3996 MHz, 0 %, 0 %
2026/03/24 01:59:24.079, 0, 865.40 W, 44, 2032 MHz, 3996 MHz, 100 %, 77 %
2026/03/24 01:59:24.079, 1, 877.48 W, 48, 2032 MHz, 3996 MHz, 100 %, 77 %
2026/03/24 01:59:24.079, 2, 860.76 W, 44, 2032 MHz, 3996 MHz, 100 %, 77 %
2026/03/24 01:59:24.079, 3, 882.74 W, 49, 2032 MHz, 3996 MHz, 100 %, 77 %
2026/03/24 01:59:24.079, 4, 179.72 W, 25, 120 MHz, 3996 MHz, 0 %, 0 %
2026/03/24 01:59:24.079, 5, 181.09 W, 27, 120 MHz, 3996 MHz, 0 %, 0 %
2026/03/24 01:59:24.079, 6, 178.63 W, 26, 120 MHz, 3996 MHz, 0 %, 0 %
2026/03/24 01:59:24.079, 7, 176.62 W, 27, 120 MHz, 3996 MHz, 0 %, 0 %
2026/03/24 01:59:25.079, 0, 836.02 W, 45, 2032 MHz, 3996 MHz, 80 %, 41 %
2026/03/24 01:59:25.079, 1, 825.69 W, 46, 2032 MHz, 3996 MHz, 64 %, 25 %
2026/03/24 01:59:25.079, 2, 802.73 W, 42, 2032 MHz, 3996 MHz, 44 %, 28 %
2026/03/24 01:59:25.079, 3, 835.86 W, 50, 2032 MHz, 3996 MHz, 53 %, 30 %
2026/03/24 01:59:25.079, 4, 179.27 W, 25, 120 MHz, 3996 MHz, 0 %, 0 %
2026/03/24 01:59:25.079, 5, 180.97 W, 27, 120 MHz, 3996 MHz, 0 %, 0 %
2026/03/24 01:59:25.079, 6, 178.64 W, 26, 120 MHz, 3996 MHz, 0 %, 0 %
2026/03/24 01:59:25.079, 7, 176.58 W, 27, 120 MHz, 3996 MHz, 0 %, 0 %
2026/03/24 01:59:26.079, 0, 753.90 W, 44, 2032 MHz, 3996 MHz, 93 %, 53 %
2026/03/24 01:59:26.079, 1, 762.29 W, 46, 2032 MHz, 3996 MHz, 69 %, 38 %
2026/03/24 01:59:26.079, 2, 744.86 W, 42, 2032 MHz, 3996 MHz, 61 %, 42 %
2026/03/24 01:59:26.079, 3, 764.35 W, 49, 2032 MHz, 3996 MHz, 70 %, 44 %
2026/03/24 01:59:26.079, 4, 179.60 W, 25, 120 MHz, 3996 MHz, 0 %, 0 %
2026/03/24 01:59:26.079, 5, 181.24 W, 27, 120 MHz, 3996 MHz, 0 %, 0 %
2026/03/24 01:59:26.079, 6, 178.64 W, 26, 120 MHz, 3996 MHz, 0 %, 0 %
2026/03/24 01:59:26.079, 7, 176.62 W, 27, 120 MHz, 3996 MHz, 0 %, 0 %
2026/03/24 01:59:27.079, 0, 701.47 W, 42, 2032 MHz, 3996 MHz, 89 %, 20 %
2026/03/24 01:59:27.079, 1, 719.79 W, 46, 2032 MHz, 3996 MHz, 68 %, 22 %
2026/03/24 01:59:27.079, 2, 711.03 W, 42, 2032 MHz, 3996 MHz, 39 %, 22 %
2026/03/24 01:59:27.079, 3, 696.24 W, 46, 2032 MHz, 3996 MHz, 57 %, 20 %
2026/03/24 01:59:27.079, 4, 179.35 W, 25, 120 MHz, 3996 MHz, 0 %, 0 %
2026/03/24 01:59:27.079, 5, 181.04 W, 27, 120 MHz, 3996 MHz, 0 %, 0 %
2026/03/24 01:59:27.079, 6, 178.64 W, 26, 120 MHz, 3996 MHz, 0 %, 0 %
2026/03/24 01:59:27.079, 7, 176.58 W, 27, 120 MHz, 3996 MHz, 0 %, 0 %
2026/03/24 01:59:28.080, 0, 757.60 W, 44, 2032 MHz, 3996 MHz, 95 %, 73 %
2026/03/24 01:59:28.080, 1, 753.78 W, 46, 2032 MHz, 3996 MHz, 79 %, 55 %
2026/03/24 01:59:28.080, 2, 739.75 W, 42, 2032 MHz, 3996 MHz, 79 %, 57 %
2026/03/24 01:59:28.080, 3, 766.16 W, 49, 2032 MHz, 3996 MHz, 82 %, 60 %
2026/03/24 01:59:28.080, 4, 179.49 W, 25, 120 MHz, 3996 MHz, 0 %, 0 %
2026/03/24 01:59:28.080, 5, 180.85 W, 27, 120 MHz, 3996 MHz, 0 %, 0 %
2026/03/24 01:59:28.080, 6, 178.60 W, 26, 120 MHz, 3996 MHz, 0 %, 0 %
2026/03/24 01:59:28.080, 7, 176.58 W, 27, 120 MHz, 3996 MHz, 0 %, 0 %
2026/03/24 01:59:29.080, 0, 684.36 W, 43, 2032 MHz, 3996 MHz, 100 %, 77 %
2026/03/24 01:59:29.080, 1, 706.21 W, 46, 2032 MHz, 3996 MHz, 100 %, 77 %
2026/03/24 01:59:29.080, 2, 695.75 W, 43, 2032 MHz, 3996 MHz, 100 %, 78 %
2026/03/24 01:59:29.080, 3, 700.34 W, 48, 2032 MHz, 3996 MHz, 100 %, 77 %
2026/03/24 01:59:29.080, 4, 179.84 W, 25, 120 MHz, 3996 MHz, 0 %, 0 %
2026/03/24 01:59:29.080, 5, 180.93 W, 27, 120 MHz, 3996 MHz, 0 %, 0 %
2026/03/24 01:59:29.080, 6, 178.64 W, 26, 120 MHz, 3996 MHz, 0 %, 0 %
2026/03/24 01:59:29.080, 7, 176.58 W, 27, 120 MHz, 3996 MHz, 0 %, 0 %
2026/03/24 01:59:30.080, 0, 750.43 W, 41, 2032 MHz, 3996 MHz, 100 %, 20 %
2026/03/24 01:59:30.080, 1, 740.41 W, 44, 2032 MHz, 3996 MHz, 99 %, 19 %
2026/03/24 01:59:30.080, 2, 718.96 W, 40, 2032 MHz, 3996 MHz, 35 %, 20 %
2026/03/24 01:59:30.080, 3, 753.08 W, 45, 2032 MHz, 3996 MHz, 100 %, 20 %
2026/03/24 01:59:30.080, 4, 179.51 W, 25, 120 MHz, 3996 MHz, 0 %, 0 %
2026/03/24 01:59:30.080, 5, 181.04 W, 27, 120 MHz, 3996 MHz, 0 %, 0 %
2026/03/24 01:59:30.080, 6, 178.64 W, 26, 120 MHz, 3996 MHz, 0 %, 0 %
2026/03/24 01:59:30.080, 7, 176.59 W, 27, 120 MHz, 3996 MHz, 0 %, 0 %
2026/03/24 01:59:31.080, 0, 681.84 W, 41, 2032 MHz, 3996 MHz, 95 %, 20 %
2026/03/24 01:59:31.080, 1, 705.29 W, 46, 2032 MHz, 3996 MHz, 62 %, 20 %
2026/03/24 01:59:31.080, 2, 699.84 W, 42, 2032 MHz, 3996 MHz, 53 %, 35 %
2026/03/24 01:59:31.080, 3, 698.16 W, 46, 2032 MHz, 3996 MHz, 81 %, 20 %
2026/03/24 01:59:31.080, 4, 179.84 W, 25, 120 MHz, 3996 MHz, 0 %, 0 %
2026/03/24 01:59:31.080, 5, 181.01 W, 27, 120 MHz, 3996 MHz, 0 %, 0 %
2026/03/24 01:59:31.080, 6, 178.64 W, 26, 120 MHz, 3996 MHz, 0 %, 0 %
2026/03/24 01:59:31.080, 7, 176.58 W, 27, 120 MHz, 3996 MHz, 0 %, 0 %
2026/03/24 01:59:32.080, 0, 664.92 W, 40, 2032 MHz, 3996 MHz, 100 %, 20 %
2026/03/24 01:59:32.080, 1, 677.68 W, 44, 2032 MHz, 3996 MHz, 98 %, 34 %
2026/03/24 01:59:32.080, 2, 662.21 W, 40, 2032 MHz, 3996 MHz, 34 %, 19 %
2026/03/24 01:59:32.080, 3, 686.16 W, 45, 2032 MHz, 3996 MHz, 100 %, 31 %
2026/03/24 01:59:32.080, 4, 179.37 W, 25, 120 MHz, 3996 MHz, 0 %, 0 %
2026/03/24 01:59:32.080, 5, 180.85 W, 27, 120 MHz, 3996 MHz, 0 %, 0 %
2026/03/24 01:59:32.080, 6, 178.63 W, 26, 120 MHz, 3996 MHz, 0 %, 0 %
2026/03/24 01:59:32.080, 7, 176.58 W, 27, 120 MHz, 3996 MHz, 0 %, 0 %
2026/03/24 01:59:33.080, 0, 580.71 W, 41, 2032 MHz, 3996 MHz, 94 %, 20 %
2026/03/24 01:59:33.080, 1, 585.31 W, 44, 2032 MHz, 3996 MHz, 82 %, 24 %
2026/03/24 01:59:33.080, 2, 581.62 W, 41, 2032 MHz, 3996 MHz, 71 %, 51 %
2026/03/24 01:59:33.080, 3, 593.70 W, 46, 2032 MHz, 3996 MHz, 96 %, 23 %
2026/03/24 01:59:33.080, 4, 179.59 W, 25, 120 MHz, 3996 MHz, 0 %, 0 %
2026/03/24 01:59:33.080, 5, 180.97 W, 27, 120 MHz, 3996 MHz, 0 %, 0 %
2026/03/24 01:59:33.080, 6, 178.64 W, 26, 120 MHz, 3996 MHz, 0 %, 0 %
2026/03/24 01:59:33.080, 7, 176.59 W, 27, 120 MHz, 3996 MHz, 0 %, 0 %
2026/03/24 01:59:34.081, 0, 655.48 W, 41, 2032 MHz, 3996 MHz, 93 %, 47 %
2026/03/24 01:59:34.081, 1, 654.05 W, 44, 2032 MHz, 3996 MHz, 70 %, 43 %
2026/03/24 01:59:34.081, 2, 640.07 W, 40, 2032 MHz, 3996 MHz, 39 %, 22 %
2026/03/24 01:59:34.081, 3, 663.66 W, 45, 2032 MHz, 3996 MHz, 76 %, 48 %
2026/03/24 01:59:34.081, 4, 179.78 W, 25, 120 MHz, 3996 MHz, 0 %, 0 %
2026/03/24 01:59:34.081, 5, 181.09 W, 27, 120 MHz, 3996 MHz, 0 %, 0 %
2026/03/24 01:59:34.081, 6, 178.64 W, 26, 120 MHz, 3996 MHz, 0 %, 0 %
2026/03/24 01:59:34.081, 7, 176.58 W, 27, 120 MHz, 3996 MHz, 0 %, 0 %
2026/03/24 01:59:35.081, 0, 639.33 W, 40, 2032 MHz, 3996 MHz, 100 %, 20 %
2026/03/24 01:59:35.081, 1, 654.26 W, 45, 2032 MHz, 3996 MHz, 100 %, 20 %
2026/03/24 01:59:35.081, 2, 652.24 W, 41, 2032 MHz, 3996 MHz, 34 %, 19 %
2026/03/24 01:59:35.081, 3, 650.34 W, 44, 2032 MHz, 3996 MHz, 100 %, 20 %
2026/03/24 01:59:35.081, 4, 179.81 W, 25, 120 MHz, 3996 MHz, 0 %, 0 %
2026/03/24 01:59:35.081, 5, 181.00 W, 27, 120 MHz, 3996 MHz, 0 %, 0 %
2026/03/24 01:59:35.081, 6, 178.64 W, 26, 120 MHz, 3996 MHz, 0 %, 0 %
2026/03/24 01:59:35.081, 7, 176.62 W, 27, 120 MHz, 3996 MHz, 0 %, 0 %
2026/03/24 01:59:36.081, 0, 683.87 W, 40, 2032 MHz, 3996 MHz, 78 %, 20 %
2026/03/24 01:59:36.081, 1, 691.66 W, 45, 2032 MHz, 3996 MHz, 73 %, 20 %
2026/03/24 01:59:36.081, 2, 681.30 W, 41, 2032 MHz, 3996 MHz, 53 %, 34 %
2026/03/24 01:59:36.081, 3, 689.44 W, 44, 2032 MHz, 3996 MHz, 80 %, 21 %
2026/03/24 01:59:36.081, 4, 179.50 W, 25, 120 MHz, 3996 MHz, 0 %, 0 %
2026/03/24 01:59:36.081, 5, 180.93 W, 27, 120 MHz, 3996 MHz, 0 %, 0 %
2026/03/24 01:59:36.081, 6, 178.64 W, 26, 120 MHz, 3996 MHz, 0 %, 0 %
2026/03/24 01:59:36.081, 7, 176.58 W, 27, 120 MHz, 3996 MHz, 0 %, 0 %
2026/03/24 01:59:37.081, 0, 608.62 W, 40, 2032 MHz, 3996 MHz, 100 %, 20 %
2026/03/24 01:59:37.081, 1, 613.93 W, 43, 2032 MHz, 3996 MHz, 71 %, 33 %
2026/03/24 01:59:37.081, 2, 600.03 W, 40, 2032 MHz, 3996 MHz, 54 %, 35 %
2026/03/24 01:59:37.081, 3, 619.43 W, 45, 2032 MHz, 3996 MHz, 99 %, 31 %
2026/03/24 01:59:37.081, 4, 179.71 W, 25, 120 MHz, 3996 MHz, 0 %, 0 %
2026/03/24 01:59:37.081, 5, 180.97 W, 27, 120 MHz, 3996 MHz, 0 %, 0 %
2026/03/24 01:59:37.081, 6, 178.64 W, 26, 120 MHz, 3996 MHz, 0 %, 0 %
2026/03/24 01:59:37.081, 7, 176.58 W, 27, 120 MHz, 3996 MHz, 0 %, 0 %
2026/03/24 01:59:38.081, 0, 687.95 W, 40, 2032 MHz, 3996 MHz, 100 %, 32 %
2026/03/24 01:59:38.081, 1, 698.90 W, 44, 2032 MHz, 3996 MHz, 94 %, 48 %
2026/03/24 01:59:38.081, 2, 688.59 W, 40, 2032 MHz, 3996 MHz, 41 %, 24 %
2026/03/24 01:59:38.081, 3, 703.93 W, 46, 2032 MHz, 3996 MHz, 98 %, 44 %
2026/03/24 01:59:38.081, 4, 179.43 W, 25, 120 MHz, 3996 MHz, 0 %, 0 %
2026/03/24 01:59:38.081, 5, 181.04 W, 27, 120 MHz, 3996 MHz, 0 %, 0 %
2026/03/24 01:59:38.081, 6, 178.64 W, 26, 120 MHz, 3996 MHz, 0 %, 0 %
2026/03/24 01:59:38.081, 7, 176.62 W, 27, 120 MHz, 3996 MHz, 0 %, 0 %
2026/03/24 01:59:39.081, 0, 695.85 W, 43, 2032 MHz, 3996 MHz, 100 %, 77 %
2026/03/24 01:59:39.081, 1, 708.63 W, 47, 2032 MHz, 3996 MHz, 100 %, 77 %
2026/03/24 01:59:39.081, 2, 707.86 W, 43, 2032 MHz, 3996 MHz, 100 %, 77 %
2026/03/24 01:59:39.081, 3, 709.37 W, 48, 2032 MHz, 3996 MHz, 100 %, 77 %
2026/03/24 01:59:39.081, 4, 179.61 W, 25, 120 MHz, 3996 MHz, 0 %, 0 %
2026/03/24 01:59:39.081, 5, 181.05 W, 27, 120 MHz, 3996 MHz, 0 %, 0 %
2026/03/24 01:59:39.081, 6, 178.64 W, 26, 120 MHz, 3996 MHz, 0 %, 0 %
2026/03/24 01:59:39.081, 7, 176.59 W, 27, 120 MHz, 3996 MHz, 0 %, 0 %
2026/03/24 01:59:40.081, 0, 651.32 W, 40, 2032 MHz, 3996 MHz, 79 %, 35 %
2026/03/24 01:59:40.081, 1, 627.48 W, 43, 2032 MHz, 3996 MHz, 44 %, 19 %
2026/03/24 01:59:40.081, 2, 620.43 W, 39, 2032 MHz, 3996 MHz, 70 %, 50 %
2026/03/24 01:59:40.081, 3, 655.24 W, 44, 2032 MHz, 3996 MHz, 64 %, 24 %
2026/03/24 01:59:40.081, 4, 179.60 W, 25, 120 MHz, 3996 MHz, 0 %, 0 %
2026/03/24 01:59:40.082, 5, 181.38 W, 27, 120 MHz, 3996 MHz, 0 %, 0 %
2026/03/24 01:59:40.082, 6, 178.64 W, 26, 120 MHz, 3996 MHz, 0 %, 0 %
2026/03/24 01:59:40.082, 7, 176.62 W, 27, 120 MHz, 3996 MHz, 0 %, 0 %
2026/03/24 01:59:41.082, 0, 617.95 W, 40, 2032 MHz, 3996 MHz, 99 %, 19 %
2026/03/24 01:59:41.082, 1, 622.48 W, 43, 2032 MHz, 3996 MHz, 92 %, 20 %
2026/03/24 01:59:41.082, 2, 615.81 W, 39, 2032 MHz, 3996 MHz, 39 %, 20 %
2026/03/24 01:59:41.082, 3, 626.53 W, 44, 2032 MHz, 3996 MHz, 99 %, 20 %
2026/03/24 01:59:41.082, 4, 179.52 W, 25, 120 MHz, 3996 MHz, 0 %, 0 %
2026/03/24 01:59:41.082, 5, 181.16 W, 27, 120 MHz, 3996 MHz, 0 %, 0 %
2026/03/24 01:59:41.082, 6, 178.64 W, 26, 120 MHz, 3996 MHz, 0 %, 0 %
2026/03/24 01:59:41.082, 7, 176.58 W, 27, 120 MHz, 3996 MHz, 0 %, 0 %
2026/03/24 01:59:42.082, 0, 694.90 W, 41, 2032 MHz, 3996 MHz, 95 %, 26 %
2026/03/24 01:59:42.082, 1, 696.83 W, 44, 2032 MHz, 3996 MHz, 100 %, 22 %
2026/03/24 01:59:42.082, 2, 690.52 W, 41, 2032 MHz, 3996 MHz, 94 %, 66 %
2026/03/24 01:59:42.082, 3, 699.20 W, 46, 2032 MHz, 3996 MHz, 100 %, 23 %
2026/03/24 01:59:42.082, 4, 179.77 W, 25, 120 MHz, 3996 MHz, 0 %, 0 %
2026/03/24 01:59:42.082, 5, 180.93 W, 27, 120 MHz, 3996 MHz, 0 %, 0 %
2026/03/24 01:59:42.082, 6, 178.64 W, 26, 120 MHz, 3996 MHz, 0 %, 0 %
2026/03/24 01:59:42.082, 7, 176.58 W, 27, 120 MHz, 3996 MHz, 0 %, 0 %
2026/03/24 01:59:43.082, 0, 630.64 W, 40, 2032 MHz, 3996 MHz, 77 %, 20 %
2026/03/24 01:59:43.082, 1, 633.19 W, 43, 2032 MHz, 3996 MHz, 70 %, 20 %
2026/03/24 01:59:43.082, 2, 622.98 W, 39, 2032 MHz, 3996 MHz, 81 %, 59 %
2026/03/24 01:59:43.082, 3, 643.68 W, 44, 2032 MHz, 3996 MHz, 88 %, 20 %
2026/03/24 01:59:43.082, 4, 179.59 W, 25, 120 MHz, 3996 MHz, 0 %, 0 %
2026/03/24 01:59:43.082, 5, 181.09 W, 27, 120 MHz, 3996 MHz, 0 %, 0 %
2026/03/24 01:59:43.082, 6, 178.64 W, 26, 120 MHz, 3996 MHz, 0 %, 0 %
2026/03/24 01:59:43.082, 7, 176.58 W, 27, 120 MHz, 3996 MHz, 0 %, 0 %
2026/03/24 01:59:44.082, 0, 618.31 W, 40, 2032 MHz, 3996 MHz, 100 %, 43 %
2026/03/24 01:59:44.082, 1, 626.44 W, 44, 2032 MHz, 3996 MHz, 90 %, 47 %
2026/03/24 01:59:44.082, 2, 617.87 W, 40, 2032 MHz, 3996 MHz, 35 %, 19 %
2026/03/24 01:59:44.082, 3, 629.51 W, 45, 2032 MHz, 3996 MHz, 94 %, 47 %
2026/03/24 01:59:44.082, 4, 179.75 W, 25, 120 MHz, 3996 MHz, 0 %, 0 %
2026/03/24 01:59:44.082, 5, 181.15 W, 27, 120 MHz, 3996 MHz, 0 %, 0 %
2026/03/24 01:59:44.082, 6, 178.64 W, 26, 120 MHz, 3996 MHz, 0 %, 0 %
2026/03/24 01:59:44.082, 7, 176.59 W, 27, 120 MHz, 3996 MHz, 0 %, 0 %
2026/03/24 01:59:45.082, 0, 693.04 W, 41, 2032 MHz, 3996 MHz, 81 %, 33 %
2026/03/24 01:59:45.082, 1, 705.25 W, 43, 2032 MHz, 3996 MHz, 69 %, 19 %
2026/03/24 01:59:45.082, 2, 693.54 W, 40, 2032 MHz, 3996 MHz, 100 %, 76 %
2026/03/24 01:59:45.082, 3, 707.18 W, 45, 2032 MHz, 3996 MHz, 75 %, 22 %
2026/03/24 01:59:45.082, 4, 179.47 W, 25, 120 MHz, 3996 MHz, 0 %, 0 %
2026/03/24 01:59:45.082, 5, 180.89 W, 27, 120 MHz, 3996 MHz, 0 %, 0 %
2026/03/24 01:59:45.082, 6, 178.64 W, 26, 120 MHz, 3996 MHz, 0 %, 0 %
2026/03/24 01:59:45.082, 7, 176.58 W, 27, 120 MHz, 3996 MHz, 0 %, 0 %
2026/03/24 01:59:46.082, 0, 698.14 W, 42, 2032 MHz, 3996 MHz, 100 %, 76 %
2026/03/24 01:59:46.082, 1, 717.39 W, 45, 2032 MHz, 3996 MHz, 100 %, 76 %
2026/03/24 01:59:46.082, 2, 708.05 W, 41, 2032 MHz, 3996 MHz, 66 %, 47 %
2026/03/24 01:59:46.082, 3, 720.83 W, 46, 2032 MHz, 3996 MHz, 100 %, 76 %
2026/03/24 01:59:46.082, 4, 179.75 W, 25, 120 MHz, 3996 MHz, 0 %, 0 %
2026/03/24 01:59:46.082, 5, 181.00 W, 27, 120 MHz, 3996 MHz, 0 %, 0 %
2026/03/24 01:59:46.082, 6, 178.64 W, 26, 120 MHz, 3996 MHz, 0 %, 0 %
2026/03/24 01:59:46.082, 7, 176.58 W, 27, 120 MHz, 3996 MHz, 0 %, 0 %
2026/03/24 01:59:47.082, 0, 630.18 W, 41, 2032 MHz, 3996 MHz, 91 %, 23 %
2026/03/24 01:59:47.082, 1, 626.16 W, 43, 2032 MHz, 3996 MHz, 90 %, 22 %
2026/03/24 01:59:47.082, 2, 612.30 W, 40, 2032 MHz, 3996 MHz, 79 %, 46 %
2026/03/24 01:59:47.082, 3, 639.22 W, 45, 2032 MHz, 3996 MHz, 95 %, 22 %
2026/03/24 01:59:47.083, 4, 179.84 W, 25, 120 MHz, 3996 MHz, 0 %, 0 %
2026/03/24 01:59:47.083, 5, 180.89 W, 27, 120 MHz, 3996 MHz, 0 %, 0 %
2026/03/24 01:59:47.083, 6, 178.64 W, 26, 120 MHz, 3996 MHz, 0 %, 0 %
2026/03/24 01:59:47.083, 7, 176.58 W, 27, 120 MHz, 3996 MHz, 0 %, 0 %
2026/03/24 01:59:48.083, 0, 673.84 W, 40, 2032 MHz, 3996 MHz, 97 %, 18 %
2026/03/24 01:59:48.083, 1, 703.05 W, 45, 2032 MHz, 3996 MHz, 100 %, 24 %
2026/03/24 01:59:48.083, 2, 694.02 W, 41, 2032 MHz, 3996 MHz, 61 %, 42 %
2026/03/24 01:59:48.083, 3, 687.88 W, 46, 2032 MHz, 3996 MHz, 100 %, 23 %
2026/03/24 01:59:48.083, 4, 179.68 W, 25, 120 MHz, 3996 MHz, 0 %, 0 %
2026/03/24 01:59:48.083, 5, 181.09 W, 27, 120 MHz, 3996 MHz, 0 %, 0 %
2026/03/24 01:59:48.083, 6, 178.64 W, 26, 120 MHz, 3996 MHz, 0 %, 0 %
2026/03/24 01:59:48.083, 7, 176.58 W, 27, 120 MHz, 3996 MHz, 0 %, 0 %
2026/03/24 01:59:49.083, 0, 744.23 W, 41, 2032 MHz, 3996 MHz, 91 %, 29 %
2026/03/24 01:59:49.083, 1, 748.00 W, 45, 2032 MHz, 3996 MHz, 78 %, 20 %
2026/03/24 01:59:49.083, 2, 733.56 W, 40, 2032 MHz, 3996 MHz, 95 %, 72 %
2026/03/24 01:59:49.083, 3, 757.68 W, 45, 2032 MHz, 3996 MHz, 85 %, 20 %
2026/03/24 01:59:49.083, 4, 179.31 W, 25, 120 MHz, 3996 MHz, 0 %, 0 %
2026/03/24 01:59:49.083, 5, 181.27 W, 27, 120 MHz, 3996 MHz, 0 %, 0 %
2026/03/24 01:59:49.083, 6, 178.64 W, 26, 120 MHz, 3996 MHz, 0 %, 0 %
2026/03/24 01:59:49.083, 7, 176.58 W, 27, 120 MHz, 3996 MHz, 0 %, 0 %
2026/03/24 01:59:50.083, 0, 715.46 W, 41, 2032 MHz, 3996 MHz, 100 %, 70 %
2026/03/24 01:59:50.083, 1, 712.25 W, 44, 2032 MHz, 3996 MHz, 89 %, 66 %
2026/03/24 01:59:50.083, 2, 700.95 W, 40, 2032 MHz, 3996 MHz, 44 %, 26 %
2026/03/24 01:59:50.083, 3, 721.69 W, 45, 2032 MHz, 3996 MHz, 94 %, 70 %
2026/03/24 01:59:50.083, 4, 179.60 W, 25, 120 MHz, 3996 MHz, 0 %, 0 %
2026/03/24 01:59:50.083, 5, 181.13 W, 27, 120 MHz, 3996 MHz, 0 %, 0 %
2026/03/24 01:59:50.083, 6, 178.64 W, 26, 120 MHz, 3996 MHz, 0 %, 0 %
2026/03/24 01:59:50.083, 7, 176.58 W, 27, 120 MHz, 3996 MHz, 0 %, 0 %
2026/03/24 01:59:51.083, 0, 721.97 W, 43, 2032 MHz, 3996 MHz, 94 %, 57 %
2026/03/24 01:59:51.083, 1, 720.59 W, 44, 2032 MHz, 3996 MHz, 92 %, 43 %
2026/03/24 01:59:51.083, 2, 710.93 W, 41, 2032 MHz, 3996 MHz, 100 %, 77 %
2026/03/24 01:59:51.083, 3, 720.71 W, 45, 2032 MHz, 3996 MHz, 92 %, 47 %
2026/03/24 01:59:51.083, 4, 179.24 W, 25, 120 MHz, 3996 MHz, 0 %, 0 %
2026/03/24 01:59:51.083, 5, 181.12 W, 27, 120 MHz, 3996 MHz, 0 %, 0 %
2026/03/24 01:59:51.083, 6, 178.63 W, 26, 120 MHz, 3996 MHz, 0 %, 0 %
2026/03/24 01:59:51.083, 7, 176.62 W, 27, 120 MHz, 3996 MHz, 0 %, 0 %
2026/03/24 01:59:52.083, 0, 746.28 W, 43, 2032 MHz, 3996 MHz, 100 %, 76 %
2026/03/24 01:59:52.083, 1, 782.48 W, 47, 2032 MHz, 3996 MHz, 100 %, 76 %
2026/03/24 01:59:52.083, 2, 778.98 W, 43, 2032 MHz, 3996 MHz, 100 %, 76 %
2026/03/24 01:59:52.083, 3, 771.02 W, 48, 2032 MHz, 3996 MHz, 100 %, 76 %
2026/03/24 01:59:52.083, 4, 179.79 W, 25, 120 MHz, 3996 MHz, 0 %, 0 %
2026/03/24 01:59:52.083, 5, 181.12 W, 27, 120 MHz, 3996 MHz, 0 %, 0 %
2026/03/24 01:59:52.083, 6, 178.60 W, 26, 120 MHz, 3996 MHz, 0 %, 0 %
2026/03/24 01:59:52.083, 7, 176.62 W, 27, 120 MHz, 3996 MHz, 0 %, 0 %
2026/03/24 01:59:53.083, 0, 856.53 W, 43, 2032 MHz, 3996 MHz, 100 %, 76 %
2026/03/24 01:59:53.083, 1, 865.63 W, 48, 2032 MHz, 3996 MHz, 100 %, 75 %
2026/03/24 01:59:53.083, 2, 851.03 W, 43, 2032 MHz, 3996 MHz, 100 %, 76 %
2026/03/24 01:59:53.083, 3, 864.02 W, 48, 2032 MHz, 3996 MHz, 100 %, 76 %
2026/03/24 01:59:53.083, 4, 179.59 W, 25, 120 MHz, 3996 MHz, 0 %, 0 %
2026/03/24 01:59:53.083, 5, 181.13 W, 27, 120 MHz, 3996 MHz, 0 %, 0 %
2026/03/24 01:59:53.083, 6, 178.64 W, 26, 120 MHz, 3996 MHz, 0 %, 0 %
2026/03/24 01:59:53.083, 7, 176.58 W, 27, 120 MHz, 3996 MHz, 0 %, 0 %
2026/03/24 01:59:54.083, 0, 800.31 W, 44, 2032 MHz, 3996 MHz, 100 %, 75 %
2026/03/24 01:59:54.084, 1, 809.61 W, 48, 2032 MHz, 3996 MHz, 100 %, 76 %
2026/03/24 01:59:54.084, 2, 791.85 W, 43, 2032 MHz, 3996 MHz, 100 %, 76 %
2026/03/24 01:59:54.084, 3, 809.51 W, 49, 2032 MHz, 3996 MHz, 100 %, 76 %
2026/03/24 01:59:54.084, 4, 179.68 W, 25, 120 MHz, 3996 MHz, 0 %, 0 %
2026/03/24 01:59:54.084, 5, 181.36 W, 27, 120 MHz, 3996 MHz, 0 %, 0 %
2026/03/24 01:59:54.084, 6, 178.63 W, 26, 120 MHz, 3996 MHz, 0 %, 0 %
2026/03/24 01:59:54.084, 7, 176.70 W, 27, 120 MHz, 3996 MHz, 0 %, 0 %
2026/03/24 01:59:55.084, 0, 796.46 W, 43, 2032 MHz, 3996 MHz, 100 %, 76 %
2026/03/24 01:59:55.084, 1, 804.81 W, 47, 2032 MHz, 3996 MHz, 100 %, 76 %
2026/03/24 01:59:55.084, 2, 795.79 W, 43, 2032 MHz, 3996 MHz, 100 %, 76 %
2026/03/24 01:59:55.084, 3, 806.71 W, 48, 2032 MHz, 3996 MHz, 100 %, 76 %
2026/03/24 01:59:55.084, 4, 179.59 W, 25, 120 MHz, 3996 MHz, 0 %, 0 %
2026/03/24 01:59:55.084, 5, 181.08 W, 27, 120 MHz, 3996 MHz, 0 %, 0 %
2026/03/24 01:59:55.084, 6, 178.64 W, 26, 120 MHz, 3996 MHz, 0 %, 0 %
2026/03/24 01:59:55.084, 7, 176.58 W, 27, 120 MHz, 3996 MHz, 0 %, 0 %
2026/03/24 01:59:56.084, 0, 916.57 W, 44, 2032 MHz, 3996 MHz, 100 %, 76 %
2026/03/24 01:59:56.084, 1, 931.22 W, 48, 2032 MHz, 3996 MHz, 100 %, 77 %
2026/03/24 01:59:56.084, 2, 914.73 W, 44, 2032 MHz, 3996 MHz, 100 %, 76 %
2026/03/24 01:59:56.084, 3, 929.52 W, 49, 2032 MHz, 3996 MHz, 100 %, 76 %
2026/03/24 01:59:56.084, 4, 179.55 W, 25, 120 MHz, 3996 MHz, 0 %, 0 %
2026/03/24 01:59:56.084, 5, 181.23 W, 27, 120 MHz, 3996 MHz, 0 %, 0 %
2026/03/24 01:59:56.084, 6, 178.64 W, 26, 120 MHz, 3996 MHz, 0 %, 0 %
2026/03/24 01:59:56.084, 7, 176.58 W, 27, 120 MHz, 3996 MHz, 0 %, 0 %
2026/03/24 01:59:57.084, 0, 856.73 W, 44, 2032 MHz, 3996 MHz, 100 %, 77 %
2026/03/24 01:59:57.084, 1, 875.54 W, 48, 2032 MHz, 3996 MHz, 100 %, 76 %
2026/03/24 01:59:57.084, 2, 856.35 W, 44, 2032 MHz, 3996 MHz, 100 %, 76 %
2026/03/24 01:59:57.084, 3, 876.71 W, 49, 2032 MHz, 3996 MHz, 100 %, 76 %
2026/03/24 01:59:57.084, 4, 179.90 W, 25, 120 MHz, 3996 MHz, 0 %, 0 %
2026/03/24 01:59:57.084, 5, 180.89 W, 27, 120 MHz, 3996 MHz, 0 %, 0 %
2026/03/24 01:59:57.084, 6, 178.63 W, 26, 120 MHz, 3996 MHz, 0 %, 0 %
2026/03/24 01:59:57.084, 7, 176.58 W, 27, 120 MHz, 3996 MHz, 0 %, 0 %
2026/03/24 01:59:58.084, 0, 919.50 W, 45, 2032 MHz, 3996 MHz, 100 %, 77 %
2026/03/24 01:59:58.084, 1, 929.77 W, 49, 2032 MHz, 3996 MHz, 100 %, 77 %
2026/03/24 01:59:58.084, 2, 913.02 W, 44, 2032 MHz, 3996 MHz, 100 %, 77 %
2026/03/24 01:59:58.084, 3, 931.88 W, 49, 2032 MHz, 3996 MHz, 100 %, 76 %
2026/03/24 01:59:58.084, 4, 179.45 W, 25, 120 MHz, 3996 MHz, 0 %, 0 %
2026/03/24 01:59:58.084, 5, 181.04 W, 27, 120 MHz, 3996 MHz, 0 %, 0 %
2026/03/24 01:59:58.084, 6, 178.64 W, 26, 120 MHz, 3996 MHz, 0 %, 0 %
2026/03/24 01:59:58.084, 7, 176.62 W, 27, 120 MHz, 3996 MHz, 0 %, 0 %
2026/03/24 01:59:59.084, 0, 861.07 W, 43, 2032 MHz, 3996 MHz, 100 %, 76 %
2026/03/24 01:59:59.084, 1, 873.13 W, 48, 2032 MHz, 3996 MHz, 95 %, 46 %
2026/03/24 01:59:59.084, 2, 857.49 W, 44, 2032 MHz, 3996 MHz, 63 %, 44 %
2026/03/24 01:59:59.084, 3, 875.90 W, 49, 2032 MHz, 3996 MHz, 100 %, 76 %
2026/03/24 01:59:59.084, 4, 179.66 W, 25, 120 MHz, 3996 MHz, 0 %, 0 %
2026/03/24 01:59:59.084, 5, 181.08 W, 27, 120 MHz, 3996 MHz, 0 %, 0 %
2026/03/24 01:59:59.084, 6, 178.64 W, 26, 120 MHz, 3996 MHz, 0 %, 0 %
2026/03/24 01:59:59.084, 7, 176.58 W, 27, 120 MHz, 3996 MHz, 0 %, 0 %
2026/03/24 02:00:00.084, 0, 916.27 W, 45, 2032 MHz, 3996 MHz, 100 %, 76 %
2026/03/24 02:00:00.084, 1, 932.54 W, 49, 2032 MHz, 3996 MHz, 100 %, 76 %
2026/03/24 02:00:00.084, 2, 914.80 W, 44, 2032 MHz, 3996 MHz, 100 %, 76 %
2026/03/24 02:00:00.084, 3, 927.72 W, 50, 2032 MHz, 3996 MHz, 100 %, 76 %
2026/03/24 02:00:00.084, 4, 179.76 W, 25, 120 MHz, 3996 MHz, 0 %, 0 %
2026/03/24 02:00:00.084, 5, 181.21 W, 27, 120 MHz, 3996 MHz, 0 %, 0 %
2026/03/24 02:00:00.084, 6, 178.64 W, 26, 120 MHz, 3996 MHz, 0 %, 0 %
2026/03/24 02:00:00.084, 7, 176.58 W, 27, 120 MHz, 3996 MHz, 0 %, 0 %
2026/03/24 02:00:01.085, 0, 860.54 W, 43, 2032 MHz, 3996 MHz, 100 %, 76 %
2026/03/24 02:00:01.085, 1, 870.13 W, 48, 2032 MHz, 3996 MHz, 91 %, 38 %
2026/03/24 02:00:01.085, 2, 856.97 W, 44, 2032 MHz, 3996 MHz, 55 %, 36 %
2026/03/24 02:00:01.085, 3, 873.65 W, 49, 2032 MHz, 3996 MHz, 100 %, 76 %
2026/03/24 02:00:01.085, 4, 179.58 W, 25, 120 MHz, 3996 MHz, 0 %, 0 %
2026/03/24 02:00:01.085, 5, 181.15 W, 27, 120 MHz, 3996 MHz, 0 %, 0 %
2026/03/24 02:00:01.085, 6, 178.63 W, 26, 120 MHz, 3996 MHz, 0 %, 0 %
2026/03/24 02:00:01.085, 7, 176.58 W, 27, 120 MHz, 3996 MHz, 0 %, 0 %
2026/03/24 02:00:02.085, 0, 758.73 W, 42, 2032 MHz, 3996 MHz, 87 %, 33 %
2026/03/24 02:00:02.085, 1, 747.73 W, 45, 2032 MHz, 3996 MHz, 98 %, 74 %
2026/03/24 02:00:02.085, 2, 732.29 W, 41, 2032 MHz, 3996 MHz, 100 %, 76 %
2026/03/24 02:00:02.085, 3, 756.98 W, 46, 2032 MHz, 3996 MHz, 70 %, 23 %
2026/03/24 02:00:02.085, 4, 179.60 W, 25, 120 MHz, 3996 MHz, 0 %, 0 %
2026/03/24 02:00:02.085, 5, 181.01 W, 27, 120 MHz, 3996 MHz, 0 %, 0 %
2026/03/24 02:00:02.085, 6, 178.64 W, 26, 120 MHz, 3996 MHz, 0 %, 0 %
2026/03/24 02:00:02.085, 7, 176.59 W, 27, 120 MHz, 3996 MHz, 0 %, 0 %
2026/03/24 02:00:03.085, 0, 692.99 W, 43, 2032 MHz, 3996 MHz, 86 %, 58 %
2026/03/24 02:00:03.085, 1, 702.43 W, 45, 2032 MHz, 3996 MHz, 99 %, 41 %
2026/03/24 02:00:03.085, 2, 692.22 W, 41, 2032 MHz, 3996 MHz, 57 %, 39 %
2026/03/24 02:00:03.085, 3, 703.28 W, 46, 2032 MHz, 3996 MHz, 79 %, 47 %
2026/03/24 02:00:03.085, 4, 179.59 W, 25, 120 MHz, 3996 MHz, 0 %, 0 %
2026/03/24 02:00:03.085, 5, 181.15 W, 27, 120 MHz, 3996 MHz, 0 %, 0 %
2026/03/24 02:00:03.085, 6, 178.64 W, 26, 120 MHz, 3996 MHz, 0 %, 0 %
2026/03/24 02:00:03.085, 7, 176.60 W, 27, 120 MHz, 3996 MHz, 0 %, 0 %
2026/03/24 02:00:04.085, 0, 815.70 W, 44, 2032 MHz, 3996 MHz, 100 %, 77 %
2026/03/24 02:00:04.085, 1, 842.93 W, 47, 2032 MHz, 3996 MHz, 100 %, 76 %
2026/03/24 02:00:04.085, 2, 827.00 W, 43, 2032 MHz, 3996 MHz, 100 %, 76 %
2026/03/24 02:00:04.085, 3, 843.04 W, 49, 2032 MHz, 3996 MHz, 100 %, 76 %
2026/03/24 02:00:04.085, 4, 179.55 W, 25, 120 MHz, 3996 MHz, 0 %, 0 %
2026/03/24 02:00:04.085, 5, 180.89 W, 27, 120 MHz, 3996 MHz, 0 %, 0 %
2026/03/24 02:00:04.085, 6, 178.64 W, 26, 120 MHz, 3996 MHz, 0 %, 0 %
2026/03/24 02:00:04.085, 7, 176.59 W, 27, 120 MHz, 3996 MHz, 0 %, 0 %
2026/03/24 02:00:05.085, 0, 778.71 W, 43, 2032 MHz, 3996 MHz, 100 %, 76 %
2026/03/24 02:00:05.085, 1, 788.15 W, 48, 2032 MHz, 3996 MHz, 95 %, 51 %
2026/03/24 02:00:05.085, 2, 779.04 W, 44, 2032 MHz, 3996 MHz, 69 %, 49 %
2026/03/24 02:00:05.085, 3, 789.29 W, 49, 2032 MHz, 3996 MHz, 100 %, 76 %
2026/03/24 02:00:05.085, 4, 179.52 W, 25, 120 MHz, 3996 MHz, 0 %, 0 %
2026/03/24 02:00:05.085, 5, 181.04 W, 27, 120 MHz, 3996 MHz, 0 %, 0 %
2026/03/24 02:00:05.085, 6, 178.64 W, 26, 120 MHz, 3996 MHz, 0 %, 0 %
2026/03/24 02:00:05.085, 7, 176.59 W, 27, 120 MHz, 3996 MHz, 0 %, 0 %
2026/03/24 02:00:06.085, 0, 742.61 W, 42, 2032 MHz, 3996 MHz, 78 %, 20 %
2026/03/24 02:00:06.085, 1, 739.68 W, 45, 2032 MHz, 3996 MHz, 84 %, 58 %
2026/03/24 02:00:06.085, 2, 724.62 W, 42, 2032 MHz, 3996 MHz, 82 %, 60 %
2026/03/24 02:00:06.085, 3, 750.45 W, 46, 2032 MHz, 3996 MHz, 61 %, 20 %
2026/03/24 02:00:06.085, 4, 179.48 W, 25, 120 MHz, 3996 MHz, 0 %, 0 %
2026/03/24 02:00:06.085, 5, 181.05 W, 27, 120 MHz, 3996 MHz, 0 %, 0 %
2026/03/24 02:00:06.085, 6, 178.63 W, 26, 120 MHz, 3996 MHz, 0 %, 0 %
2026/03/24 02:00:06.085, 7, 176.59 W, 27, 120 MHz, 3996 MHz, 0 %, 0 %
2026/03/24 02:00:07.085, 0, 639.38 W, 43, 2032 MHz, 3996 MHz, 90 %, 48 %
2026/03/24 02:00:07.085, 1, 637.63 W, 45, 2032 MHz, 3996 MHz, 100 %, 76 %
2026/03/24 02:00:07.086, 2, 626.18 W, 41, 2032 MHz, 3996 MHz, 100 %, 76 %
2026/03/24 02:00:07.086, 3, 647.79 W, 46, 2032 MHz, 3996 MHz, 68 %, 36 %
2026/03/24 02:00:07.086, 4, 179.51 W, 25, 120 MHz, 3996 MHz, 0 %, 0 %
2026/03/24 02:00:07.086, 5, 180.93 W, 27, 120 MHz, 3996 MHz, 0 %, 0 %
2026/03/24 02:00:07.086, 6, 178.64 W, 26, 120 MHz, 3996 MHz, 0 %, 0 %
2026/03/24 02:00:07.086, 7, 176.59 W, 27, 120 MHz, 3996 MHz, 0 %, 0 %
2026/03/24 02:00:08.086, 0, 731.69 W, 42, 2032 MHz, 3996 MHz, 71 %, 37 %
2026/03/24 02:00:08.086, 1, 737.58 W, 45, 2032 MHz, 3996 MHz, 100 %, 76 %
2026/03/24 02:00:08.086, 2, 737.06 W, 41, 2032 MHz, 3996 MHz, 100 %, 77 %
2026/03/24 02:00:08.086, 3, 738.00 W, 46, 2032 MHz, 3996 MHz, 47 %, 27 %
2026/03/24 02:00:08.086, 4, 179.44 W, 25, 120 MHz, 3996 MHz, 0 %, 0 %
2026/03/24 02:00:08.086, 5, 180.89 W, 27, 120 MHz, 3996 MHz, 0 %, 0 %
2026/03/24 02:00:08.086, 6, 178.63 W, 26, 120 MHz, 3996 MHz, 0 %, 0 %
2026/03/24 02:00:08.086, 7, 176.60 W, 27, 120 MHz, 3996 MHz, 0 %, 0 %
2026/03/24 02:00:09.086, 0, 716.43 W, 43, 2032 MHz, 3996 MHz, 100 %, 76 %
2026/03/24 02:00:09.086, 1, 743.92 W, 47, 2032 MHz, 3996 MHz, 100 %, 75 %
2026/03/24 02:00:09.086, 2, 730.68 W, 43, 2032 MHz, 3996 MHz, 100 %, 77 %
2026/03/24 02:00:09.086, 3, 736.18 W, 48, 2032 MHz, 3996 MHz, 100 %, 76 %
2026/03/24 02:00:09.086, 4, 179.34 W, 25, 120 MHz, 3996 MHz, 0 %, 0 %
2026/03/24 02:00:09.086, 5, 181.09 W, 27, 120 MHz, 3996 MHz, 0 %, 0 %
2026/03/24 02:00:09.086, 6, 178.64 W, 26, 120 MHz, 3996 MHz, 0 %, 0 %
2026/03/24 02:00:09.086, 7, 176.60 W, 27, 120 MHz, 3996 MHz, 0 %, 0 %
2026/03/24 02:00:10.086, 0, 686.77 W, 41, 2032 MHz, 3996 MHz, 90 %, 22 %
2026/03/24 02:00:10.086, 1, 677.95 W, 44, 2032 MHz, 3996 MHz, 85 %, 61 %
2026/03/24 02:00:10.086, 2, 661.07 W, 40, 2032 MHz, 3996 MHz, 87 %, 65 %
2026/03/24 02:00:10.086, 3, 690.95 W, 45, 2032 MHz, 3996 MHz, 86 %, 20 %
2026/03/24 02:00:10.086, 4, 179.66 W, 25, 120 MHz, 3996 MHz, 0 %, 0 %
2026/03/24 02:00:10.086, 5, 181.19 W, 27, 120 MHz, 3996 MHz, 0 %, 0 %
2026/03/24 02:00:10.086, 6, 178.64 W, 26, 120 MHz, 3996 MHz, 0 %, 0 %
2026/03/24 02:00:10.086, 7, 176.60 W, 27, 120 MHz, 3996 MHz, 0 %, 0 %
2026/03/24 02:00:11.086, 0, 671.77 W, 41, 2032 MHz, 3996 MHz, 91 %, 21 %
2026/03/24 02:00:11.086, 1, 694.56 W, 45, 2032 MHz, 3996 MHz, 77 %, 34 %
2026/03/24 02:00:11.086, 2, 683.08 W, 42, 2032 MHz, 3996 MHz, 53 %, 35 %
2026/03/24 02:00:11.086, 3, 683.43 W, 46, 2032 MHz, 3996 MHz, 87 %, 23 %
2026/03/24 02:00:11.086, 4, 179.68 W, 25, 120 MHz, 3996 MHz, 0 %, 0 %
2026/03/24 02:00:11.086, 5, 181.16 W, 27, 120 MHz, 3996 MHz, 0 %, 0 %
2026/03/24 02:00:11.086, 6, 178.64 W, 26, 120 MHz, 3996 MHz, 0 %, 0 %
2026/03/24 02:00:11.086, 7, 176.59 W, 27, 120 MHz, 3996 MHz, 0 %, 0 %
2026/03/24 02:00:12.086, 0, 647.60 W, 42, 2032 MHz, 3996 MHz, 90 %, 48 %
2026/03/24 02:00:12.086, 1, 638.06 W, 44, 2032 MHz, 3996 MHz, 100 %, 63 %
2026/03/24 02:00:12.086, 2, 627.82 W, 40, 2032 MHz, 3996 MHz, 85 %, 63 %
2026/03/24 02:00:12.086, 3, 653.27 W, 45, 2032 MHz, 3996 MHz, 73 %, 38 %
2026/03/24 02:00:12.086, 4, 179.38 W, 25, 120 MHz, 3996 MHz, 0 %, 0 %
2026/03/24 02:00:12.086, 5, 181.23 W, 27, 120 MHz, 3996 MHz, 0 %, 0 %
2026/03/24 02:00:12.086, 6, 178.64 W, 26, 120 MHz, 3996 MHz, 0 %, 0 %
2026/03/24 02:00:12.086, 7, 176.59 W, 27, 120 MHz, 3996 MHz, 0 %, 0 %
2026/03/24 02:00:13.086, 0, 725.63 W, 44, 2032 MHz, 3996 MHz, 82 %, 39 %
2026/03/24 02:00:13.086, 1, 732.69 W, 45, 2032 MHz, 3996 MHz, 100 %, 75 %
2026/03/24 02:00:13.086, 2, 723.66 W, 41, 2032 MHz, 3996 MHz, 100 %, 76 %
2026/03/24 02:00:13.086, 3, 733.06 W, 46, 2032 MHz, 3996 MHz, 72 %, 30 %
2026/03/24 02:00:13.086, 4, 179.71 W, 25, 120 MHz, 3996 MHz, 0 %, 0 %
2026/03/24 02:00:13.086, 5, 181.24 W, 27, 120 MHz, 3996 MHz, 0 %, 0 %
2026/03/24 02:00:13.086, 6, 178.64 W, 26, 120 MHz, 3996 MHz, 0 %, 0 %
2026/03/24 02:00:13.086, 7, 176.59 W, 27, 120 MHz, 3996 MHz, 0 %, 0 %
2026/03/24 02:00:14.087, 0, 626.14 W, 42, 2032 MHz, 3996 MHz, 87 %, 28 %
2026/03/24 02:00:14.087, 1, 646.75 W, 45, 2032 MHz, 3996 MHz, 93 %, 68 %
2026/03/24 02:00:14.087, 2, 638.86 W, 40, 2032 MHz, 3996 MHz, 95 %, 72 %
2026/03/24 02:00:14.087, 3, 643.44 W, 45, 2032 MHz, 3996 MHz, 84 %, 20 %
2026/03/24 02:00:14.087, 4, 179.30 W, 25, 120 MHz, 3996 MHz, 0 %, 0 %
2026/03/24 02:00:14.087, 5, 180.93 W, 27, 120 MHz, 3996 MHz, 0 %, 0 %
2026/03/24 02:00:14.087, 6, 178.64 W, 26, 120 MHz, 3996 MHz, 0 %, 0 %
2026/03/24 02:00:14.087, 7, 176.58 W, 27, 120 MHz, 3996 MHz, 0 %, 0 %
2026/03/24 02:00:15.087, 0, 574.68 W, 40, 2032 MHz, 3996 MHz, 76 %, 33 %
2026/03/24 02:00:15.087, 1, 579.14 W, 43, 2032 MHz, 3996 MHz, 100 %, 31 %
2026/03/24 02:00:15.087, 2, 570.41 W, 39, 2032 MHz, 3996 MHz, 45 %, 28 %
2026/03/24 02:00:15.087, 3, 583.63 W, 44, 2032 MHz, 3996 MHz, 75 %, 28 %
2026/03/24 02:00:15.087, 4, 179.55 W, 25, 120 MHz, 3996 MHz, 0 %, 0 %
2026/03/24 02:00:15.087, 5, 180.93 W, 27, 120 MHz, 3996 MHz, 0 %, 0 %
2026/03/24 02:00:15.087, 6, 178.64 W, 26, 120 MHz, 3996 MHz, 0 %, 0 %
2026/03/24 02:00:15.087, 7, 176.58 W, 27, 120 MHz, 3996 MHz, 0 %, 0 %
2026/03/24 02:00:16.087, 0, 770.12 W, 42, 2032 MHz, 3996 MHz, 99 %, 21 %
2026/03/24 02:00:16.087, 1, 770.70 W, 44, 2032 MHz, 3996 MHz, 79 %, 24 %
2026/03/24 02:00:16.087, 2, 755.21 W, 41, 2032 MHz, 3996 MHz, 56 %, 26 %
2026/03/24 02:00:16.087, 3, 774.94 W, 45, 2032 MHz, 3996 MHz, 99 %, 21 %
2026/03/24 02:00:16.087, 4, 179.39 W, 25, 120 MHz, 3996 MHz, 0 %, 0 %
2026/03/24 02:00:16.087, 5, 180.85 W, 27, 120 MHz, 3996 MHz, 0 %, 0 %
2026/03/24 02:00:16.087, 6, 178.63 W, 26, 120 MHz, 3996 MHz, 0 %, 0 %
2026/03/24 02:00:16.087, 7, 176.59 W, 27, 120 MHz, 3996 MHz, 0 %, 0 %
2026/03/24 02:00:17.087, 0, 641.72 W, 42, 2032 MHz, 3996 MHz, 94 %, 46 %
2026/03/24 02:00:17.087, 1, 652.05 W, 44, 2032 MHz, 3996 MHz, 69 %, 31 %
2026/03/24 02:00:17.087, 2, 638.38 W, 40, 2032 MHz, 3996 MHz, 87 %, 37 %
2026/03/24 02:00:17.087, 3, 655.42 W, 45, 2032 MHz, 3996 MHz, 73 %, 35 %
2026/03/24 02:00:17.087, 4, 179.74 W, 25, 120 MHz, 3996 MHz, 0 %, 0 %
2026/03/24 02:00:17.087, 5, 181.12 W, 27, 120 MHz, 3996 MHz, 0 %, 0 %
2026/03/24 02:00:17.087, 6, 178.64 W, 26, 120 MHz, 3996 MHz, 0 %, 0 %
2026/03/24 02:00:17.087, 7, 176.59 W, 27, 120 MHz, 3996 MHz, 0 %, 0 %
2026/03/24 02:00:18.087, 0, 668.71 W, 40, 2032 MHz, 3996 MHz, 85 %, 31 %
2026/03/24 02:00:18.087, 1, 676.71 W, 43, 2032 MHz, 3996 MHz, 81 %, 20 %
2026/03/24 02:00:18.087, 2, 672.39 W, 40, 2032 MHz, 3996 MHz, 66 %, 36 %
2026/03/24 02:00:18.087, 3, 677.44 W, 45, 2032 MHz, 3996 MHz, 77 %, 20 %
2026/03/24 02:00:18.087, 4, 179.76 W, 25, 120 MHz, 3996 MHz, 0 %, 0 %
2026/03/24 02:00:18.087, 5, 181.01 W, 27, 120 MHz, 3996 MHz, 0 %, 0 %
2026/03/24 02:00:18.087, 6, 178.63 W, 26, 120 MHz, 3996 MHz, 0 %, 0 %
2026/03/24 02:00:18.087, 7, 176.66 W, 27, 120 MHz, 3996 MHz, 0 %, 0 %
2026/03/24 02:00:19.087, 0, 558.61 W, 40, 2032 MHz, 3996 MHz, 87 %, 34 %
2026/03/24 02:00:19.087, 1, 561.76 W, 43, 2032 MHz, 3996 MHz, 65 %, 24 %
2026/03/24 02:00:19.087, 2, 562.82 W, 39, 2032 MHz, 3996 MHz, 44 %, 26 %
2026/03/24 02:00:19.087, 3, 570.43 W, 44, 2032 MHz, 3996 MHz, 70 %, 29 %
2026/03/24 02:00:19.087, 4, 179.49 W, 25, 120 MHz, 3996 MHz, 0 %, 0 %
2026/03/24 02:00:19.087, 5, 181.00 W, 27, 120 MHz, 3996 MHz, 0 %, 0 %
2026/03/24 02:00:19.087, 6, 178.64 W, 26, 120 MHz, 3996 MHz, 0 %, 0 %
2026/03/24 02:00:19.087, 7, 176.62 W, 27, 120 MHz, 3996 MHz, 0 %, 0 %
2026/03/24 02:00:20.087, 0, 585.16 W, 41, 2032 MHz, 3996 MHz, 82 %, 60 %
2026/03/24 02:00:20.087, 1, 588.54 W, 43, 2032 MHz, 3996 MHz, 70 %, 46 %
2026/03/24 02:00:20.087, 2, 581.11 W, 39, 2032 MHz, 3996 MHz, 70 %, 50 %
2026/03/24 02:00:20.087, 3, 594.76 W, 44, 2032 MHz, 3996 MHz, 75 %, 49 %
2026/03/24 02:00:20.087, 4, 179.61 W, 25, 120 MHz, 3996 MHz, 0 %, 0 %
2026/03/24 02:00:20.087, 5, 181.15 W, 27, 120 MHz, 3996 MHz, 0 %, 0 %
2026/03/24 02:00:20.087, 6, 178.64 W, 26, 120 MHz, 3996 MHz, 0 %, 0 %
2026/03/24 02:00:20.087, 7, 176.63 W, 27, 120 MHz, 3996 MHz, 0 %, 0 %
2026/03/24 02:00:21.088, 0, 749.50 W, 42, 2032 MHz, 3996 MHz, 100 %, 76 %
2026/03/24 02:00:21.088, 1, 774.30 W, 45, 2032 MHz, 3996 MHz, 100 %, 76 %
2026/03/24 02:00:21.088, 2, 756.05 W, 42, 2032 MHz, 3996 MHz, 67 %, 47 %
2026/03/24 02:00:21.088, 3, 774.27 W, 47, 2032 MHz, 3996 MHz, 100 %, 75 %
2026/03/24 02:00:21.088, 4, 179.57 W, 25, 120 MHz, 3996 MHz, 0 %, 0 %
2026/03/24 02:00:21.088, 5, 181.17 W, 27, 120 MHz, 3996 MHz, 0 %, 0 %
2026/03/24 02:00:21.088, 6, 178.64 W, 26, 120 MHz, 3996 MHz, 0 %, 0 %
2026/03/24 02:00:21.088, 7, 176.58 W, 27, 120 MHz, 3996 MHz, 0 %, 0 %
2026/03/24 02:00:22.088, 0, 642.34 W, 40, 2032 MHz, 3996 MHz, 89 %, 19 %
2026/03/24 02:00:22.088, 1, 638.95 W, 45, 2032 MHz, 3996 MHz, 84 %, 48 %
2026/03/24 02:00:22.088, 2, 635.98 W, 40, 2032 MHz, 3996 MHz, 68 %, 48 %
2026/03/24 02:00:22.088, 3, 642.89 W, 44, 2032 MHz, 3996 MHz, 81 %, 20 %
2026/03/24 02:00:22.088, 4, 179.40 W, 25, 120 MHz, 3996 MHz, 0 %, 0 %
2026/03/24 02:00:22.088, 5, 181.00 W, 27, 120 MHz, 3996 MHz, 0 %, 0 %
2026/03/24 02:00:22.088, 6, 178.64 W, 26, 120 MHz, 3996 MHz, 0 %, 0 %
2026/03/24 02:00:22.088, 7, 176.59 W, 27, 120 MHz, 3996 MHz, 0 %, 0 %
2026/03/24 02:00:23.088, 0, 602.74 W, 39, 2032 MHz, 3996 MHz, 100 %, 53 %
2026/03/24 02:00:23.088, 1, 614.39 W, 45, 2032 MHz, 3996 MHz, 78 %, 19 %
2026/03/24 02:00:23.088, 2, 596.88 W, 41, 2032 MHz, 3996 MHz, 35 %, 19 %
2026/03/24 02:00:23.088, 3, 612.98 W, 46, 2032 MHz, 3996 MHz, 98 %, 62 %
2026/03/24 02:00:23.088, 4, 179.49 W, 25, 120 MHz, 3996 MHz, 0 %, 0 %
2026/03/24 02:00:23.088, 5, 181.04 W, 27, 120 MHz, 3996 MHz, 0 %, 0 %
2026/03/24 02:00:23.088, 6, 178.60 W, 26, 120 MHz, 3996 MHz, 0 %, 0 %
2026/03/24 02:00:23.088, 7, 176.58 W, 27, 120 MHz, 3996 MHz, 0 %, 0 %
2026/03/24 02:00:24.088, 0, 688.56 W, 40, 2032 MHz, 3996 MHz, 74 %, 30 %
2026/03/24 02:00:24.088, 1, 673.40 W, 44, 2032 MHz, 3996 MHz, 95 %, 71 %
2026/03/24 02:00:24.088, 2, 661.27 W, 40, 2032 MHz, 3996 MHz, 98 %, 73 %
2026/03/24 02:00:24.088, 3, 687.07 W, 45, 2032 MHz, 3996 MHz, 62 %, 20 %
2026/03/24 02:00:24.088, 4, 179.52 W, 25, 120 MHz, 3996 MHz, 0 %, 0 %
2026/03/24 02:00:24.088, 5, 181.01 W, 27, 120 MHz, 3996 MHz, 0 %, 0 %
2026/03/24 02:00:24.088, 6, 178.64 W, 26, 120 MHz, 3996 MHz, 0 %, 0 %
2026/03/24 02:00:24.088, 7, 176.63 W, 27, 120 MHz, 3996 MHz, 0 %, 0 %
2026/03/24 02:00:25.088, 0, 579.84 W, 39, 2032 MHz, 3996 MHz, 99 %, 19 %
2026/03/24 02:00:25.088, 1, 582.30 W, 43, 2032 MHz, 3996 MHz, 55 %, 30 %
2026/03/24 02:00:25.088, 2, 579.09 W, 39, 2032 MHz, 3996 MHz, 54 %, 32 %
2026/03/24 02:00:25.088, 3, 587.22 W, 44, 2032 MHz, 3996 MHz, 34 %, 19 %
2026/03/24 02:00:25.088, 4, 179.40 W, 25, 120 MHz, 3996 MHz, 0 %, 0 %
2026/03/24 02:00:25.088, 5, 180.97 W, 27, 120 MHz, 3996 MHz, 0 %, 0 %
2026/03/24 02:00:25.088, 6, 178.64 W, 26, 120 MHz, 3996 MHz, 0 %, 0 %
2026/03/24 02:00:25.088, 7, 176.58 W, 27, 120 MHz, 3996 MHz, 0 %, 0 %
2026/03/24 02:00:26.088, 0, 800.94 W, 43, 2032 MHz, 3996 MHz, 100 %, 76 %
2026/03/24 02:00:26.088, 1, 833.74 W, 46, 2032 MHz, 3996 MHz, 100 %, 76 %
2026/03/24 02:00:26.088, 2, 819.15 W, 43, 2032 MHz, 3996 MHz, 100 %, 76 %
2026/03/24 02:00:26.088, 3, 825.18 W, 48, 2032 MHz, 3996 MHz, 100 %, 76 %
2026/03/24 02:00:26.088, 4, 179.55 W, 25, 120 MHz, 3996 MHz, 0 %, 0 %
2026/03/24 02:00:26.088, 5, 181.16 W, 27, 120 MHz, 3996 MHz, 0 %, 0 %
2026/03/24 02:00:26.088, 6, 178.64 W, 26, 120 MHz, 3996 MHz, 0 %, 0 %
2026/03/24 02:00:26.088, 7, 176.59 W, 27, 120 MHz, 3996 MHz, 0 %, 0 %
2026/03/24 02:00:27.088, 0, 795.50 W, 43, 2032 MHz, 3996 MHz, 100 %, 76 %
2026/03/24 02:00:27.088, 1, 809.11 W, 47, 2032 MHz, 3996 MHz, 100 %, 76 %
2026/03/24 02:00:27.088, 2, 804.37 W, 43, 2032 MHz, 3996 MHz, 100 %, 76 %
2026/03/24 02:00:27.088, 3, 807.70 W, 48, 2032 MHz, 3996 MHz, 100 %, 76 %
2026/03/24 02:00:27.088, 4, 179.84 W, 25, 120 MHz, 3996 MHz, 0 %, 0 %
2026/03/24 02:00:27.088, 5, 181.09 W, 27, 120 MHz, 3996 MHz, 0 %, 0 %
2026/03/24 02:00:27.089, 6, 178.62 W, 26, 120 MHz, 3996 MHz, 0 %, 0 %
2026/03/24 02:00:27.089, 7, 176.59 W, 27, 120 MHz, 3996 MHz, 0 %, 0 %
2026/03/24 02:00:28.089, 0, 822.28 W, 41, 2032 MHz, 3996 MHz, 91 %, 44 %
2026/03/24 02:00:28.089, 1, 806.22 W, 45, 2032 MHz, 3996 MHz, 100 %, 76 %
2026/03/24 02:00:28.089, 2, 792.12 W, 41, 2032 MHz, 3996 MHz, 100 %, 77 %
2026/03/24 02:00:28.089, 3, 818.92 W, 46, 2032 MHz, 3996 MHz, 58 %, 34 %
2026/03/24 02:00:28.089, 4, 179.51 W, 25, 120 MHz, 3996 MHz, 0 %, 0 %
2026/03/24 02:00:28.089, 5, 181.27 W, 27, 120 MHz, 3996 MHz, 0 %, 0 %
2026/03/24 02:00:28.089, 6, 178.62 W, 26, 120 MHz, 3996 MHz, 0 %, 0 %
2026/03/24 02:00:28.089, 7, 176.58 W, 27, 120 MHz, 3996 MHz, 0 %, 0 %
2026/03/24 02:00:29.089, 0, 838.96 W, 43, 2032 MHz, 3996 MHz, 100 %, 77 %
2026/03/24 02:00:29.089, 1, 841.51 W, 46, 2032 MHz, 3996 MHz, 100 %, 76 %
2026/03/24 02:00:29.089, 2, 829.97 W, 42, 2032 MHz, 3996 MHz, 100 %, 76 %
2026/03/24 02:00:29.089, 3, 855.48 W, 47, 2032 MHz, 3996 MHz, 100 %, 76 %
2026/03/24 02:00:29.089, 4, 179.45 W, 25, 120 MHz, 3996 MHz, 0 %, 0 %
2026/03/24 02:00:29.089, 5, 180.89 W, 27, 120 MHz, 3996 MHz, 0 %, 0 %
2026/03/24 02:00:29.089, 6, 178.63 W, 26, 120 MHz, 3996 MHz, 0 %, 0 %
2026/03/24 02:00:29.089, 7, 176.58 W, 27, 120 MHz, 3996 MHz, 0 %, 0 %
2026/03/24 02:00:30.089, 0, 792.41 W, 43, 2032 MHz, 3996 MHz, 100 %, 76 %
2026/03/24 02:00:30.089, 1, 831.05 W, 47, 2032 MHz, 3996 MHz, 100 %, 77 %
2026/03/24 02:00:30.089, 2, 807.01 W, 43, 2032 MHz, 3996 MHz, 100 %, 77 %
2026/03/24 02:00:30.089, 3, 815.71 W, 48, 2032 MHz, 3996 MHz, 100 %, 76 %
2026/03/24 02:00:30.089, 4, 179.56 W, 25, 120 MHz, 3996 MHz, 0 %, 0 %
2026/03/24 02:00:30.089, 5, 180.85 W, 27, 120 MHz, 3996 MHz, 0 %, 0 %
2026/03/24 02:00:30.089, 6, 178.63 W, 26, 120 MHz, 3996 MHz, 0 %, 0 %
2026/03/24 02:00:30.089, 7, 176.62 W, 27, 120 MHz, 3996 MHz, 0 %, 0 %
2026/03/24 02:00:31.089, 0, 797.29 W, 44, 2032 MHz, 3996 MHz, 100 %, 76 %
2026/03/24 02:00:31.089, 1, 810.82 W, 48, 2032 MHz, 3996 MHz, 100 %, 76 %
2026/03/24 02:00:31.089, 2, 796.22 W, 43, 2032 MHz, 3996 MHz, 100 %, 76 %
2026/03/24 02:00:31.089, 3, 811.39 W, 48, 2032 MHz, 3996 MHz, 100 %, 76 %
2026/03/24 02:00:31.089, 4, 179.42 W, 25, 120 MHz, 3996 MHz, 0 %, 0 %
2026/03/24 02:00:31.089, 5, 180.97 W, 27, 120 MHz, 3996 MHz, 0 %, 0 %
2026/03/24 02:00:31.089, 6, 178.63 W, 26, 120 MHz, 3996 MHz, 0 %, 0 %
2026/03/24 02:00:31.089, 7, 176.58 W, 27, 120 MHz, 3996 MHz, 0 %, 0 %
2026/03/24 02:00:32.089, 0, 799.25 W, 44, 2032 MHz, 3996 MHz, 100 %, 77 %
2026/03/24 02:00:32.089, 1, 805.81 W, 48, 2032 MHz, 3996 MHz, 100 %, 76 %
2026/03/24 02:00:32.089, 2, 793.05 W, 43, 2032 MHz, 3996 MHz, 100 %, 77 %
2026/03/24 02:00:32.089, 3, 804.63 W, 48, 2032 MHz, 3996 MHz, 100 %, 76 %
2026/03/24 02:00:32.089, 4, 179.51 W, 25, 120 MHz, 3996 MHz, 0 %, 0 %
2026/03/24 02:00:32.089, 5, 181.40 W, 27, 120 MHz, 3996 MHz, 0 %, 0 %
2026/03/24 02:00:32.089, 6, 178.64 W, 26, 120 MHz, 3996 MHz, 0 %, 0 %
2026/03/24 02:00:32.089, 7, 176.58 W, 27, 120 MHz, 3996 MHz, 0 %, 0 %
2026/03/24 02:00:33.089, 0, 889.05 W, 42, 2032 MHz, 3996 MHz, 76 %, 47 %
2026/03/24 02:00:33.089, 1, 870.51 W, 46, 2032 MHz, 3996 MHz, 100 %, 77 %
2026/03/24 02:00:33.089, 2, 854.73 W, 42, 2032 MHz, 3996 MHz, 100 %, 77 %
2026/03/24 02:00:33.089, 3, 885.53 W, 47, 2032 MHz, 3996 MHz, 75 %, 36 %
2026/03/24 02:00:33.089, 4, 179.42 W, 25, 120 MHz, 3996 MHz, 0 %, 0 %
2026/03/24 02:00:33.089, 5, 181.04 W, 27, 120 MHz, 3996 MHz, 0 %, 0 %
2026/03/24 02:00:33.089, 6, 178.64 W, 26, 120 MHz, 3996 MHz, 0 %, 0 %
2026/03/24 02:00:33.089, 7, 176.58 W, 27, 120 MHz, 3996 MHz, 0 %, 0 %
2026/03/24 02:00:34.089, 0, 887.00 W, 45, 2032 MHz, 3996 MHz, 100 %, 76 %
2026/03/24 02:00:34.089, 1, 923.21 W, 48, 2032 MHz, 3996 MHz, 100 %, 76 %
2026/03/24 02:00:34.089, 2, 909.82 W, 44, 2032 MHz, 3996 MHz, 100 %, 77 %
2026/03/24 02:00:34.090, 3, 912.82 W, 49, 2032 MHz, 3996 MHz, 100 %, 77 %
2026/03/24 02:00:34.090, 4, 179.95 W, 25, 120 MHz, 3996 MHz, 0 %, 0 %
2026/03/24 02:00:34.090, 5, 181.28 W, 27, 120 MHz, 3996 MHz, 0 %, 0 %
2026/03/24 02:00:34.090, 6, 178.64 W, 26, 120 MHz, 3996 MHz, 0 %, 0 %
2026/03/24 02:00:34.090, 7, 176.60 W, 27, 120 MHz, 3996 MHz, 0 %, 0 %
2026/03/24 02:00:35.090, 0, 924.10 W, 45, 2032 MHz, 3996 MHz, 100 %, 77 %
2026/03/24 02:00:35.090, 1, 934.36 W, 49, 2032 MHz, 3996 MHz, 100 %, 77 %
2026/03/24 02:00:35.090, 2, 914.99 W, 44, 2032 MHz, 3996 MHz, 100 %, 77 %
2026/03/24 02:00:35.090, 3, 932.51 W, 49, 2032 MHz, 3996 MHz, 100 %, 76 %
2026/03/24 02:00:35.090, 4, 179.52 W, 25, 120 MHz, 3996 MHz, 0 %, 0 %
2026/03/24 02:00:35.090, 5, 181.24 W, 27, 120 MHz, 3996 MHz, 0 %, 0 %
2026/03/24 02:00:35.090, 6, 178.64 W, 26, 120 MHz, 3996 MHz, 0 %, 0 %
2026/03/24 02:00:35.090, 7, 176.59 W, 27, 120 MHz, 3996 MHz, 0 %, 0 %
2026/03/24 02:00:36.090, 0, 924.72 W, 45, 2032 MHz, 3996 MHz, 100 %, 77 %
2026/03/24 02:00:36.090, 1, 935.21 W, 49, 2032 MHz, 3996 MHz, 100 %, 76 %
2026/03/24 02:00:36.090, 2, 914.54 W, 44, 2032 MHz, 3996 MHz, 100 %, 77 %
2026/03/24 02:00:36.090, 3, 935.12 W, 50, 2032 MHz, 3996 MHz, 100 %, 77 %
2026/03/24 02:00:36.090, 4, 179.62 W, 25, 120 MHz, 3996 MHz, 0 %, 0 %
2026/03/24 02:00:36.090, 5, 180.96 W, 27, 120 MHz, 3996 MHz, 0 %, 0 %
2026/03/24 02:00:36.090, 6, 178.64 W, 26, 120 MHz, 3996 MHz, 0 %, 0 %
2026/03/24 02:00:36.090, 7, 176.60 W, 27, 120 MHz, 3996 MHz, 0 %, 0 %
2026/03/24 02:00:37.090, 0, 928.78 W, 45, 2032 MHz, 3996 MHz, 100 %, 77 %
2026/03/24 02:00:37.090, 1, 933.60 W, 49, 2032 MHz, 3996 MHz, 100 %, 77 %
2026/03/24 02:00:37.090, 2, 915.09 W, 45, 2032 MHz, 3996 MHz, 100 %, 77 %
2026/03/24 02:00:37.090, 3, 937.47 W, 50, 2032 MHz, 3996 MHz, 100 %, 77 %
2026/03/24 02:00:37.090, 4, 179.43 W, 25, 120 MHz, 3996 MHz, 0 %, 0 %
2026/03/24 02:00:37.090, 5, 180.85 W, 27, 120 MHz, 3996 MHz, 0 %, 0 %
2026/03/24 02:00:37.090, 6, 178.63 W, 26, 120 MHz, 3996 MHz, 0 %, 0 %
2026/03/24 02:00:37.090, 7, 176.60 W, 27, 120 MHz, 3996 MHz, 0 %, 0 %
2026/03/24 02:00:38.090, 0, 911.40 W, 44, 2032 MHz, 3996 MHz, 100 %, 78 %
2026/03/24 02:00:38.090, 1, 922.48 W, 48, 2032 MHz, 3996 MHz, 100 %, 77 %
2026/03/24 02:00:38.090, 2, 915.64 W, 45, 2032 MHz, 3996 MHz, 100 %, 77 %
2026/03/24 02:00:38.090, 3, 926.47 W, 49, 2032 MHz, 3996 MHz, 100 %, 77 %
2026/03/24 02:00:38.090, 4, 179.37 W, 25, 120 MHz, 3996 MHz, 0 %, 0 %
2026/03/24 02:00:38.090, 5, 181.09 W, 27, 120 MHz, 3996 MHz, 0 %, 0 %
2026/03/24 02:00:38.090, 6, 178.63 W, 26, 120 MHz, 3996 MHz, 0 %, 0 %
2026/03/24 02:00:38.090, 7, 176.64 W, 27, 120 MHz, 3996 MHz, 0 %, 0 %
2026/03/24 02:00:39.090, 0, 900.00 W, 45, 2032 MHz, 3996 MHz, 100 %, 77 %
2026/03/24 02:00:39.090, 1, 906.54 W, 48, 2032 MHz, 3996 MHz, 100 %, 77 %
2026/03/24 02:00:39.090, 2, 912.57 W, 45, 2032 MHz, 3996 MHz, 100 %, 78 %
2026/03/24 02:00:39.090, 3, 905.96 W, 49, 2032 MHz, 3996 MHz, 100 %, 76 %
2026/03/24 02:00:39.090, 4, 179.37 W, 25, 120 MHz, 3996 MHz, 0 %, 0 %
2026/03/24 02:00:39.090, 5, 181.04 W, 27, 120 MHz, 3996 MHz, 0 %, 0 %
2026/03/24 02:00:39.090, 6, 178.62 W, 26, 120 MHz, 3996 MHz, 0 %, 0 %
2026/03/24 02:00:39.090, 7, 176.71 W, 27, 120 MHz, 3996 MHz, 0 %, 0 %
2026/03/24 02:00:40.090, 0, 899.94 W, 44, 2032 MHz, 3996 MHz, 100 %, 76 %
2026/03/24 02:00:40.090, 1, 905.19 W, 48, 2032 MHz, 3996 MHz, 100 %, 77 %
2026/03/24 02:00:40.090, 2, 916.09 W, 45, 2032 MHz, 3996 MHz, 100 %, 76 %
2026/03/24 02:00:40.090, 3, 905.86 W, 49, 2032 MHz, 3996 MHz, 100 %, 77 %
2026/03/24 02:00:40.090, 4, 179.44 W, 25, 120 MHz, 3996 MHz, 0 %, 0 %
2026/03/24 02:00:40.090, 5, 181.05 W, 27, 120 MHz, 3996 MHz, 0 %, 0 %
2026/03/24 02:00:40.090, 6, 178.64 W, 26, 120 MHz, 3996 MHz, 0 %, 0 %
2026/03/24 02:00:40.090, 7, 176.58 W, 27, 120 MHz, 3996 MHz, 0 %, 0 %
2026/03/24 02:00:41.090, 0, 887.84 W, 44, 2032 MHz, 3996 MHz, 100 %, 76 %
2026/03/24 02:00:41.091, 1, 892.76 W, 48, 2032 MHz, 3996 MHz, 100 %, 76 %
2026/03/24 02:00:41.091, 2, 905.16 W, 45, 2032 MHz, 3996 MHz, 100 %, 76 %
2026/03/24 02:00:41.091, 3, 903.34 W, 49, 2032 MHz, 3996 MHz, 100 %, 76 %
2026/03/24 02:00:41.091, 4, 179.26 W, 25, 120 MHz, 3996 MHz, 0 %, 0 %
2026/03/24 02:00:41.091, 5, 181.15 W, 27, 120 MHz, 3996 MHz, 0 %, 0 %
2026/03/24 02:00:41.091, 6, 178.64 W, 26, 120 MHz, 3996 MHz, 0 %, 0 %
2026/03/24 02:00:41.091, 7, 176.60 W, 27, 120 MHz, 3996 MHz, 0 %, 0 %
2026/03/24 02:00:42.091, 0, 880.96 W, 44, 2032 MHz, 3996 MHz, 100 %, 76 %
2026/03/24 02:00:42.091, 1, 889.66 W, 48, 2032 MHz, 3996 MHz, 100 %, 76 %
2026/03/24 02:00:42.091, 2, 898.35 W, 45, 2032 MHz, 3996 MHz, 100 %, 76 %
2026/03/24 02:00:42.091, 3, 892.51 W, 49, 2032 MHz, 3996 MHz, 100 %, 75 %
2026/03/24 02:00:42.091, 4, 179.70 W, 25, 120 MHz, 3996 MHz, 0 %, 0 %
2026/03/24 02:00:42.091, 5, 180.97 W, 27, 120 MHz, 3996 MHz, 0 %, 0 %
2026/03/24 02:00:42.091, 6, 178.63 W, 26, 120 MHz, 3996 MHz, 0 %, 0 %
2026/03/24 02:00:42.091, 7, 176.59 W, 27, 120 MHz, 3996 MHz, 0 %, 0 %
2026/03/24 02:00:43.091, 0, 872.93 W, 44, 2032 MHz, 3996 MHz, 100 %, 75 %
2026/03/24 02:00:43.091, 1, 881.23 W, 48, 2032 MHz, 3996 MHz, 100 %, 75 %
2026/03/24 02:00:43.091, 2, 888.73 W, 45, 2032 MHz, 3996 MHz, 100 %, 76 %
2026/03/24 02:00:43.091, 3, 887.27 W, 49, 2032 MHz, 3996 MHz, 100 %, 76 %
2026/03/24 02:00:43.091, 4, 179.57 W, 25, 120 MHz, 3996 MHz, 0 %, 0 %
2026/03/24 02:00:43.091, 5, 181.19 W, 27, 120 MHz, 3996 MHz, 0 %, 0 %
2026/03/24 02:00:43.091, 6, 178.64 W, 26, 120 MHz, 3996 MHz, 0 %, 0 %
2026/03/24 02:00:43.091, 7, 176.59 W, 27, 120 MHz, 3996 MHz, 0 %, 0 %
2026/03/24 02:00:44.091, 0, 862.83 W, 44, 2032 MHz, 3996 MHz, 100 %, 74 %
2026/03/24 02:00:44.091, 1, 861.06 W, 48, 2032 MHz, 3996 MHz, 100 %, 74 %
2026/03/24 02:00:44.091, 2, 877.11 W, 44, 2032 MHz, 3996 MHz, 100 %, 75 %
2026/03/24 02:00:44.091, 3, 875.14 W, 49, 2032 MHz, 3996 MHz, 100 %, 74 %
2026/03/24 02:00:44.091, 4, 179.77 W, 25, 120 MHz, 3996 MHz, 0 %, 0 %
2026/03/24 02:00:44.091, 5, 181.05 W, 27, 120 MHz, 3996 MHz, 0 %, 0 %
2026/03/24 02:00:44.091, 6, 178.64 W, 26, 120 MHz, 3996 MHz, 0 %, 0 %
2026/03/24 02:00:44.091, 7, 176.60 W, 27, 120 MHz, 3996 MHz, 0 %, 0 %
2026/03/24 02:00:45.091, 0, 853.88 W, 44, 2032 MHz, 3996 MHz, 100 %, 73 %
2026/03/24 02:00:45.091, 1, 859.85 W, 48, 2032 MHz, 3996 MHz, 100 %, 74 %
2026/03/24 02:00:45.091, 2, 869.43 W, 44, 2032 MHz, 3996 MHz, 100 %, 73 %
2026/03/24 02:00:45.091, 3, 866.48 W, 49, 2032 MHz, 3996 MHz, 100 %, 73 %
2026/03/24 02:00:45.091, 4, 179.84 W, 25, 120 MHz, 3996 MHz, 0 %, 0 %
2026/03/24 02:00:45.091, 5, 180.77 W, 27, 120 MHz, 3996 MHz, 0 %, 0 %
2026/03/24 02:00:45.091, 6, 178.63 W, 26, 120 MHz, 3996 MHz, 0 %, 0 %
2026/03/24 02:00:45.091, 7, 176.59 W, 27, 120 MHz, 3996 MHz, 0 %, 0 %
2026/03/24 02:00:46.091, 0, 841.49 W, 44, 2032 MHz, 3996 MHz, 100 %, 70 %
2026/03/24 02:00:46.091, 1, 848.24 W, 48, 2032 MHz, 3996 MHz, 100 %, 70 %
2026/03/24 02:00:46.091, 2, 859.45 W, 44, 2032 MHz, 3996 MHz, 100 %, 71 %
2026/03/24 02:00:46.091, 3, 851.62 W, 49, 2032 MHz, 3996 MHz, 100 %, 71 %
2026/03/24 02:00:46.091, 4, 179.43 W, 25, 120 MHz, 3996 MHz, 0 %, 0 %
2026/03/24 02:00:46.091, 5, 180.93 W, 27, 120 MHz, 3996 MHz, 0 %, 0 %
2026/03/24 02:00:46.091, 6, 178.63 W, 26, 120 MHz, 3996 MHz, 0 %, 0 %
2026/03/24 02:00:46.091, 7, 176.64 W, 27, 120 MHz, 3996 MHz, 0 %, 0 %
2026/03/24 02:00:47.091, 0, 808.11 W, 43, 2032 MHz, 3996 MHz, 100 %, 68 %
2026/03/24 02:00:47.091, 1, 818.63 W, 47, 2032 MHz, 3996 MHz, 100 %, 69 %
2026/03/24 02:00:47.091, 2, 824.98 W, 44, 2032 MHz, 3996 MHz, 100 %, 69 %
2026/03/24 02:00:47.091, 3, 821.27 W, 48, 2032 MHz, 3996 MHz, 100 %, 69 %
2026/03/24 02:00:47.091, 4, 179.76 W, 25, 120 MHz, 3996 MHz, 0 %, 0 %
2026/03/24 02:00:47.091, 5, 181.24 W, 27, 120 MHz, 3996 MHz, 0 %, 0 %
2026/03/24 02:00:47.091, 6, 178.60 W, 26, 120 MHz, 3996 MHz, 0 %, 0 %
2026/03/24 02:00:47.091, 7, 176.59 W, 27, 120 MHz, 3996 MHz, 0 %, 0 %
2026/03/24 02:00:48.092, 0, 799.24 W, 44, 2032 MHz, 3996 MHz, 100 %, 66 %
2026/03/24 02:00:48.092, 1, 787.25 W, 47, 2032 MHz, 3996 MHz, 98 %, 64 %
2026/03/24 02:00:48.092, 2, 788.36 W, 43, 2032 MHz, 3996 MHz, 100 %, 66 %
2026/03/24 02:00:48.092, 3, 781.47 W, 48, 2032 MHz, 3996 MHz, 100 %, 66 %
2026/03/24 02:00:48.092, 4, 179.47 W, 25, 120 MHz, 3996 MHz, 0 %, 0 %
2026/03/24 02:00:48.092, 5, 181.12 W, 27, 120 MHz, 3996 MHz, 0 %, 0 %
2026/03/24 02:00:48.092, 6, 178.64 W, 26, 120 MHz, 3996 MHz, 0 %, 0 %
2026/03/24 02:00:48.092, 7, 176.58 W, 27, 120 MHz, 3996 MHz, 0 %, 0 %
2026/03/24 02:00:49.092, 0, 722.97 W, 42, 2032 MHz, 3996 MHz, 98 %, 52 %
2026/03/24 02:00:49.092, 1, 726.29 W, 46, 2032 MHz, 3996 MHz, 98 %, 57 %
2026/03/24 02:00:49.092, 2, 731.00 W, 42, 2032 MHz, 3996 MHz, 100 %, 53 %
2026/03/24 02:00:49.092, 3, 724.52 W, 47, 2032 MHz, 3996 MHz, 100 %, 53 %
2026/03/24 02:00:49.092, 4, 179.79 W, 25, 120 MHz, 3996 MHz, 0 %, 0 %
2026/03/24 02:00:49.092, 5, 181.12 W, 27, 120 MHz, 3996 MHz, 0 %, 0 %
2026/03/24 02:00:49.092, 6, 178.63 W, 26, 120 MHz, 3996 MHz, 0 %, 0 %
2026/03/24 02:00:49.092, 7, 176.58 W, 27, 120 MHz, 3996 MHz, 0 %, 0 %
2026/03/24 02:00:50.092, 0, 665.10 W, 42, 2032 MHz, 3996 MHz, 100 %, 52 %
2026/03/24 02:00:50.092, 1, 691.41 W, 46, 2032 MHz, 3996 MHz, 100 %, 54 %
2026/03/24 02:00:50.092, 2, 680.31 W, 42, 2032 MHz, 3996 MHz, 100 %, 53 %
2026/03/24 02:00:50.092, 3, 672.73 W, 46, 2032 MHz, 3996 MHz, 100 %, 53 %
2026/03/24 02:00:50.092, 4, 179.56 W, 25, 120 MHz, 3996 MHz, 0 %, 0 %
2026/03/24 02:00:50.092, 5, 181.12 W, 27, 120 MHz, 3996 MHz, 0 %, 0 %
2026/03/24 02:00:50.092, 6, 178.63 W, 26, 120 MHz, 3996 MHz, 0 %, 0 %
2026/03/24 02:00:50.092, 7, 176.58 W, 27, 120 MHz, 3996 MHz, 0 %, 0 %
2026/03/24 02:00:51.092, 0, 603.16 W, 41, 2032 MHz, 3996 MHz, 100 %, 43 %
2026/03/24 02:00:51.092, 1, 612.76 W, 44, 2032 MHz, 3996 MHz, 100 %, 43 %
2026/03/24 02:00:51.092, 2, 613.45 W, 41, 2032 MHz, 3996 MHz, 100 %, 43 %
2026/03/24 02:00:51.092, 3, 616.60 W, 45, 2032 MHz, 3996 MHz, 100 %, 44 %
2026/03/24 02:00:51.092, 4, 179.74 W, 25, 120 MHz, 3996 MHz, 0 %, 0 %
2026/03/24 02:00:51.092, 5, 180.97 W, 27, 120 MHz, 3996 MHz, 0 %, 0 %
2026/03/24 02:00:51.092, 6, 178.64 W, 26, 120 MHz, 3996 MHz, 0 %, 0 %
2026/03/24 02:00:51.092, 7, 176.58 W, 27, 120 MHz, 3996 MHz, 0 %, 0 %
