timestamp, index, power.draw [W], temperature.gpu, clocks.current.sm [MHz], clocks.current.memory [MHz], utilization.gpu [%], utilization.memory [%]
2026/03/24 05:57:27.281, 0, 178.36 W, 26, 120 MHz, 3996 MHz, 0 %, 0 %
2026/03/24 05:57:27.288, 1, 181.04 W, 28, 120 MHz, 3996 MHz, 0 %, 0 %
2026/03/24 05:57:27.296, 2, 182.04 W, 26, 120 MHz, 3996 MHz, 0 %, 0 %
2026/03/24 05:57:27.304, 3, 181.72 W, 29, 120 MHz, 3996 MHz, 0 %, 0 %
2026/03/24 05:57:27.312, 4, 179.06 W, 26, 120 MHz, 3996 MHz, 0 %, 0 %
2026/03/24 05:57:27.319, 5, 180.70 W, 29, 120 MHz, 3996 MHz, 0 %, 0 %
2026/03/24 05:57:27.327, 6, 178.60 W, 27, 120 MHz, 3996 MHz, 0 %, 0 %
2026/03/24 05:57:27.334, 7, 176.58 W, 28, 120 MHz, 3996 MHz, 0 %, 0 %
2026/03/24 05:57:28.342, 0, 178.09 W, 26, 120 MHz, 3996 MHz, 0 %, 0 %
2026/03/24 05:57:28.342, 1, 181.05 W, 28, 120 MHz, 3996 MHz, 0 %, 0 %
2026/03/24 05:57:28.342, 2, 182.04 W, 26, 120 MHz, 3996 MHz, 0 %, 0 %
2026/03/24 05:57:28.342, 3, 181.90 W, 29, 120 MHz, 3996 MHz, 0 %, 0 %
2026/03/24 05:57:28.342, 4, 179.02 W, 26, 120 MHz, 3996 MHz, 0 %, 0 %
2026/03/24 05:57:28.342, 5, 180.77 W, 29, 120 MHz, 3996 MHz, 0 %, 0 %
2026/03/24 05:57:28.342, 6, 178.64 W, 27, 120 MHz, 3996 MHz, 0 %, 0 %
2026/03/24 05:57:28.342, 7, 176.58 W, 28, 120 MHz, 3996 MHz, 0 %, 0 %
2026/03/24 05:57:29.342, 0, 178.29 W, 26, 120 MHz, 3996 MHz, 0 %, 0 %
2026/03/24 05:57:29.342, 1, 181.04 W, 28, 120 MHz, 3996 MHz, 0 %, 0 %
2026/03/24 05:57:29.342, 2, 182.04 W, 26, 120 MHz, 3996 MHz, 0 %, 0 %
2026/03/24 05:57:29.342, 3, 181.78 W, 29, 120 MHz, 3996 MHz, 0 %, 0 %
2026/03/24 05:57:29.342, 4, 179.29 W, 26, 120 MHz, 3996 MHz, 0 %, 0 %
2026/03/24 05:57:29.342, 5, 180.93 W, 29, 120 MHz, 3996 MHz, 0 %, 0 %
2026/03/24 05:57:29.342, 6, 178.64 W, 27, 120 MHz, 3996 MHz, 0 %, 0 %
2026/03/24 05:57:29.342, 7, 176.58 W, 28, 120 MHz, 3996 MHz, 0 %, 0 %
2026/03/24 05:57:30.342, 0, 178.17 W, 26, 120 MHz, 3996 MHz, 0 %, 0 %
2026/03/24 05:57:30.342, 1, 181.03 W, 28, 120 MHz, 3996 MHz, 0 %, 0 %
2026/03/24 05:57:30.342, 2, 182.04 W, 26, 120 MHz, 3996 MHz, 0 %, 0 %
2026/03/24 05:57:30.342, 3, 182.07 W, 29, 120 MHz, 3996 MHz, 0 %, 0 %
2026/03/24 05:57:30.342, 4, 179.40 W, 26, 120 MHz, 3996 MHz, 0 %, 0 %
2026/03/24 05:57:30.342, 5, 180.62 W, 29, 120 MHz, 3996 MHz, 0 %, 0 %
2026/03/24 05:57:30.342, 6, 178.57 W, 27, 120 MHz, 3996 MHz, 0 %, 0 %
2026/03/24 05:57:30.342, 7, 176.58 W, 28, 120 MHz, 3996 MHz, 0 %, 0 %
2026/03/24 05:57:31.342, 0, 178.21 W, 26, 120 MHz, 3996 MHz, 0 %, 0 %
2026/03/24 05:57:31.342, 1, 181.04 W, 28, 120 MHz, 3996 MHz, 0 %, 0 %
2026/03/24 05:57:31.343, 2, 182.04 W, 26, 120 MHz, 3996 MHz, 0 %, 0 %
2026/03/24 05:57:31.343, 3, 182.31 W, 29, 120 MHz, 3996 MHz, 0 %, 0 %
2026/03/24 05:57:31.343, 4, 179.36 W, 26, 120 MHz, 3996 MHz, 0 %, 0 %
2026/03/24 05:57:31.343, 5, 180.62 W, 29, 120 MHz, 3996 MHz, 0 %, 0 %
2026/03/24 05:57:31.343, 6, 178.53 W, 27, 120 MHz, 3996 MHz, 0 %, 0 %
2026/03/24 05:57:31.343, 7, 176.58 W, 28, 120 MHz, 3996 MHz, 0 %, 0 %
2026/03/24 05:57:32.343, 0, 178.21 W, 26, 120 MHz, 3996 MHz, 0 %, 0 %
2026/03/24 05:57:32.343, 1, 181.04 W, 28, 120 MHz, 3996 MHz, 0 %, 0 %
2026/03/24 05:57:32.343, 2, 182.04 W, 26, 120 MHz, 3996 MHz, 0 %, 0 %
2026/03/24 05:57:32.343, 3, 181.99 W, 29, 120 MHz, 3996 MHz, 0 %, 0 %
2026/03/24 05:57:32.343, 4, 179.49 W, 26, 120 MHz, 3996 MHz, 0 %, 0 %
2026/03/24 05:57:32.343, 5, 180.77 W, 29, 120 MHz, 3996 MHz, 0 %, 0 %
2026/03/24 05:57:32.343, 6, 178.49 W, 27, 120 MHz, 3996 MHz, 0 %, 0 %
2026/03/24 05:57:32.343, 7, 176.58 W, 28, 120 MHz, 3996 MHz, 0 %, 0 %
2026/03/24 05:57:33.343, 0, 178.17 W, 26, 120 MHz, 3996 MHz, 0 %, 0 %
2026/03/24 05:57:33.343, 1, 181.04 W, 28, 120 MHz, 3996 MHz, 0 %, 0 %
2026/03/24 05:57:33.343, 2, 182.03 W, 26, 120 MHz, 3996 MHz, 0 %, 0 %
2026/03/24 05:57:33.343, 3, 181.53 W, 29, 120 MHz, 3996 MHz, 0 %, 0 %
2026/03/24 05:57:33.343, 4, 179.33 W, 26, 120 MHz, 3996 MHz, 0 %, 0 %
2026/03/24 05:57:33.343, 5, 180.89 W, 29, 120 MHz, 3996 MHz, 0 %, 0 %
2026/03/24 05:57:33.343, 6, 178.57 W, 27, 120 MHz, 3996 MHz, 0 %, 0 %
2026/03/24 05:57:33.343, 7, 176.58 W, 28, 120 MHz, 3996 MHz, 0 %, 0 %
2026/03/24 05:57:34.343, 0, 178.24 W, 26, 120 MHz, 3996 MHz, 0 %, 0 %
2026/03/24 05:57:34.343, 1, 181.04 W, 28, 120 MHz, 3996 MHz, 0 %, 0 %
2026/03/24 05:57:34.343, 2, 182.03 W, 26, 120 MHz, 3996 MHz, 0 %, 0 %
2026/03/24 05:57:34.343, 3, 181.25 W, 29, 120 MHz, 3996 MHz, 0 %, 0 %
2026/03/24 05:57:34.343, 4, 179.84 W, 26, 120 MHz, 3996 MHz, 0 %, 0 %
2026/03/24 05:57:34.343, 5, 180.62 W, 29, 120 MHz, 3996 MHz, 0 %, 0 %
2026/03/24 05:57:34.343, 6, 178.60 W, 27, 120 MHz, 3996 MHz, 0 %, 0 %
2026/03/24 05:57:34.343, 7, 176.58 W, 28, 120 MHz, 3996 MHz, 0 %, 0 %
2026/03/24 05:57:35.343, 0, 178.36 W, 26, 120 MHz, 3996 MHz, 0 %, 0 %
2026/03/24 05:57:35.343, 1, 181.03 W, 28, 120 MHz, 3996 MHz, 0 %, 0 %
2026/03/24 05:57:35.343, 2, 182.04 W, 26, 120 MHz, 3996 MHz, 0 %, 0 %
2026/03/24 05:57:35.343, 3, 181.49 W, 29, 120 MHz, 3996 MHz, 0 %, 0 %
2026/03/24 05:57:35.343, 4, 179.14 W, 26, 120 MHz, 3996 MHz, 0 %, 0 %
2026/03/24 05:57:35.343, 5, 180.66 W, 29, 120 MHz, 3996 MHz, 0 %, 0 %
2026/03/24 05:57:35.343, 6, 178.56 W, 27, 120 MHz, 3996 MHz, 0 %, 0 %
2026/03/24 05:57:35.343, 7, 176.62 W, 28, 120 MHz, 3996 MHz, 0 %, 0 %
2026/03/24 05:57:36.343, 0, 178.28 W, 26, 120 MHz, 3996 MHz, 0 %, 0 %
2026/03/24 05:57:36.343, 1, 181.02 W, 28, 120 MHz, 3996 MHz, 0 %, 0 %
2026/03/24 05:57:36.343, 2, 182.04 W, 26, 120 MHz, 3996 MHz, 0 %, 0 %
2026/03/24 05:57:36.343, 3, 181.44 W, 29, 120 MHz, 3996 MHz, 0 %, 0 %
2026/03/24 05:57:36.343, 4, 179.53 W, 26, 120 MHz, 3996 MHz, 0 %, 0 %
2026/03/24 05:57:36.343, 5, 180.62 W, 29, 120 MHz, 3996 MHz, 0 %, 0 %
2026/03/24 05:57:36.343, 6, 178.60 W, 27, 120 MHz, 3996 MHz, 0 %, 0 %
2026/03/24 05:57:36.343, 7, 176.58 W, 28, 120 MHz, 3996 MHz, 0 %, 0 %
2026/03/24 05:57:37.343, 0, 178.17 W, 26, 120 MHz, 3996 MHz, 0 %, 0 %
2026/03/24 05:57:37.343, 1, 181.04 W, 28, 120 MHz, 3996 MHz, 0 %, 0 %
2026/03/24 05:57:37.343, 2, 182.04 W, 26, 120 MHz, 3996 MHz, 0 %, 0 %
2026/03/24 05:57:37.343, 3, 181.53 W, 29, 120 MHz, 3996 MHz, 0 %, 0 %
2026/03/24 05:57:37.343, 4, 179.28 W, 26, 120 MHz, 3996 MHz, 0 %, 0 %
2026/03/24 05:57:37.343, 5, 180.78 W, 29, 120 MHz, 3996 MHz, 0 %, 0 %
2026/03/24 05:57:37.344, 6, 178.64 W, 27, 120 MHz, 3996 MHz, 0 %, 0 %
2026/03/24 05:57:37.344, 7, 176.62 W, 28, 120 MHz, 3996 MHz, 0 %, 0 %
2026/03/24 05:57:38.344, 0, 178.13 W, 26, 120 MHz, 3996 MHz, 0 %, 0 %
2026/03/24 05:57:38.344, 1, 181.04 W, 28, 120 MHz, 3996 MHz, 0 %, 0 %
2026/03/24 05:57:38.344, 2, 182.04 W, 26, 120 MHz, 3996 MHz, 0 %, 0 %
2026/03/24 05:57:38.344, 3, 181.63 W, 29, 120 MHz, 3996 MHz, 0 %, 0 %
2026/03/24 05:57:38.344, 4, 179.38 W, 26, 120 MHz, 3996 MHz, 0 %, 0 %
2026/03/24 05:57:38.344, 5, 180.85 W, 29, 120 MHz, 3996 MHz, 0 %, 0 %
2026/03/24 05:57:38.344, 6, 178.64 W, 27, 120 MHz, 3996 MHz, 0 %, 0 %
2026/03/24 05:57:38.344, 7, 176.58 W, 28, 120 MHz, 3996 MHz, 0 %, 0 %
2026/03/24 05:57:39.344, 0, 178.20 W, 26, 120 MHz, 3996 MHz, 0 %, 0 %
2026/03/24 05:57:39.344, 1, 181.05 W, 28, 120 MHz, 3996 MHz, 0 %, 0 %
2026/03/24 05:57:39.344, 2, 182.04 W, 26, 120 MHz, 3996 MHz, 0 %, 0 %
2026/03/24 05:57:39.344, 3, 181.84 W, 29, 120 MHz, 3996 MHz, 0 %, 0 %
2026/03/24 05:57:39.344, 4, 179.21 W, 26, 120 MHz, 3996 MHz, 0 %, 0 %
2026/03/24 05:57:39.344, 5, 180.81 W, 29, 120 MHz, 3996 MHz, 0 %, 0 %
2026/03/24 05:57:39.344, 6, 178.64 W, 27, 120 MHz, 3996 MHz, 0 %, 0 %
2026/03/24 05:57:39.344, 7, 176.58 W, 28, 120 MHz, 3996 MHz, 0 %, 0 %
2026/03/24 05:57:40.344, 0, 178.32 W, 26, 120 MHz, 3996 MHz, 0 %, 0 %
2026/03/24 05:57:40.344, 1, 181.05 W, 28, 120 MHz, 3996 MHz, 0 %, 0 %
2026/03/24 05:57:40.344, 2, 182.04 W, 26, 120 MHz, 3996 MHz, 0 %, 0 %
2026/03/24 05:57:40.344, 3, 181.63 W, 29, 120 MHz, 3996 MHz, 0 %, 0 %
2026/03/24 05:57:40.344, 4, 179.29 W, 26, 120 MHz, 3996 MHz, 0 %, 0 %
2026/03/24 05:57:40.344, 5, 180.70 W, 29, 120 MHz, 3996 MHz, 0 %, 0 %
2026/03/24 05:57:40.344, 6, 178.64 W, 27, 120 MHz, 3996 MHz, 0 %, 0 %
2026/03/24 05:57:40.344, 7, 176.58 W, 28, 120 MHz, 3996 MHz, 0 %, 0 %
2026/03/24 05:57:41.344, 0, 178.17 W, 26, 120 MHz, 3996 MHz, 0 %, 0 %
2026/03/24 05:57:41.344, 1, 181.03 W, 28, 120 MHz, 3996 MHz, 0 %, 0 %
2026/03/24 05:57:41.344, 2, 182.04 W, 26, 120 MHz, 3996 MHz, 0 %, 0 %
2026/03/24 05:57:41.344, 3, 181.79 W, 29, 120 MHz, 3996 MHz, 0 %, 0 %
2026/03/24 05:57:41.344, 4, 179.32 W, 26, 120 MHz, 3996 MHz, 0 %, 0 %
2026/03/24 05:57:41.344, 5, 180.81 W, 29, 120 MHz, 3996 MHz, 0 %, 0 %
2026/03/24 05:57:41.344, 6, 178.60 W, 27, 120 MHz, 3996 MHz, 0 %, 0 %
2026/03/24 05:57:41.344, 7, 176.58 W, 28, 120 MHz, 3996 MHz, 0 %, 0 %
2026/03/24 05:57:42.344, 0, 178.29 W, 26, 120 MHz, 3996 MHz, 0 %, 0 %
2026/03/24 05:57:42.344, 1, 181.04 W, 28, 120 MHz, 3996 MHz, 0 %, 0 %
2026/03/24 05:57:42.344, 2, 182.04 W, 26, 120 MHz, 3996 MHz, 0 %, 0 %
2026/03/24 05:57:42.344, 3, 181.57 W, 29, 120 MHz, 3996 MHz, 0 %, 0 %
2026/03/24 05:57:42.344, 4, 179.47 W, 26, 120 MHz, 3996 MHz, 0 %, 0 %
2026/03/24 05:57:42.344, 5, 180.89 W, 29, 120 MHz, 3996 MHz, 0 %, 0 %
2026/03/24 05:57:42.344, 6, 178.64 W, 27, 120 MHz, 3996 MHz, 0 %, 0 %
2026/03/24 05:57:42.344, 7, 176.62 W, 28, 120 MHz, 3996 MHz, 0 %, 0 %
2026/03/24 05:57:43.344, 0, 178.25 W, 26, 120 MHz, 3996 MHz, 0 %, 0 %
2026/03/24 05:57:43.344, 1, 181.04 W, 28, 120 MHz, 3996 MHz, 0 %, 0 %
2026/03/24 05:57:43.344, 2, 182.04 W, 26, 120 MHz, 3996 MHz, 0 %, 0 %
2026/03/24 05:57:43.344, 3, 181.56 W, 29, 120 MHz, 3996 MHz, 0 %, 0 %
2026/03/24 05:57:43.344, 4, 179.33 W, 26, 120 MHz, 3996 MHz, 0 %, 0 %
2026/03/24 05:57:43.344, 5, 180.89 W, 29, 120 MHz, 3996 MHz, 0 %, 0 %
2026/03/24 05:57:43.344, 6, 178.64 W, 27, 120 MHz, 3996 MHz, 0 %, 0 %
2026/03/24 05:57:43.344, 7, 176.62 W, 28, 120 MHz, 3996 MHz, 0 %, 0 %
2026/03/24 05:57:44.345, 0, 178.20 W, 26, 120 MHz, 3996 MHz, 0 %, 0 %
2026/03/24 05:57:44.345, 1, 181.04 W, 28, 120 MHz, 3996 MHz, 0 %, 0 %
2026/03/24 05:57:44.345, 2, 182.04 W, 26, 120 MHz, 3996 MHz, 0 %, 0 %
2026/03/24 05:57:44.345, 3, 181.48 W, 29, 120 MHz, 3996 MHz, 0 %, 0 %
2026/03/24 05:57:44.345, 4, 179.13 W, 26, 120 MHz, 3996 MHz, 0 %, 0 %
2026/03/24 05:57:44.345, 5, 180.89 W, 29, 120 MHz, 3996 MHz, 0 %, 0 %
2026/03/24 05:57:44.345, 6, 178.64 W, 27, 120 MHz, 3996 MHz, 0 %, 0 %
2026/03/24 05:57:44.345, 7, 176.58 W, 28, 120 MHz, 3996 MHz, 0 %, 0 %
2026/03/24 05:57:45.345, 0, 178.13 W, 26, 120 MHz, 3996 MHz, 0 %, 0 %
2026/03/24 05:57:45.345, 1, 181.04 W, 28, 120 MHz, 3996 MHz, 0 %, 0 %
2026/03/24 05:57:45.345, 2, 182.04 W, 26, 120 MHz, 3996 MHz, 0 %, 0 %
2026/03/24 05:57:45.345, 3, 181.37 W, 29, 120 MHz, 3996 MHz, 0 %, 0 %
2026/03/24 05:57:45.345, 4, 179.28 W, 26, 120 MHz, 3996 MHz, 0 %, 0 %
2026/03/24 05:57:45.345, 5, 180.62 W, 29, 120 MHz, 3996 MHz, 0 %, 0 %
2026/03/24 05:57:45.345, 6, 178.64 W, 27, 120 MHz, 3996 MHz, 0 %, 0 %
2026/03/24 05:57:45.345, 7, 176.58 W, 28, 120 MHz, 3996 MHz, 0 %, 0 %
2026/03/24 05:57:46.345, 0, 178.44 W, 26, 120 MHz, 3996 MHz, 0 %, 0 %
2026/03/24 05:57:46.345, 1, 181.04 W, 28, 120 MHz, 3996 MHz, 0 %, 0 %
2026/03/24 05:57:46.345, 2, 182.04 W, 26, 120 MHz, 3996 MHz, 0 %, 0 %
2026/03/24 05:57:46.345, 3, 181.60 W, 29, 120 MHz, 3996 MHz, 0 %, 0 %
2026/03/24 05:57:46.345, 4, 179.25 W, 26, 120 MHz, 3996 MHz, 0 %, 0 %
2026/03/24 05:57:46.345, 5, 180.74 W, 29, 120 MHz, 3996 MHz, 0 %, 0 %
2026/03/24 05:57:46.345, 6, 178.60 W, 27, 120 MHz, 3996 MHz, 0 %, 0 %
2026/03/24 05:57:46.345, 7, 176.58 W, 28, 120 MHz, 3996 MHz, 0 %, 0 %
2026/03/24 05:57:47.345, 0, 178.32 W, 26, 120 MHz, 3996 MHz, 0 %, 0 %
2026/03/24 05:57:47.345, 1, 181.05 W, 28, 120 MHz, 3996 MHz, 0 %, 0 %
2026/03/24 05:57:47.345, 2, 182.04 W, 26, 120 MHz, 3996 MHz, 0 %, 0 %
2026/03/24 05:57:47.345, 3, 181.29 W, 29, 120 MHz, 3996 MHz, 0 %, 0 %
2026/03/24 05:57:47.345, 4, 179.45 W, 26, 120 MHz, 3996 MHz, 0 %, 0 %
2026/03/24 05:57:47.345, 5, 180.78 W, 29, 120 MHz, 3996 MHz, 0 %, 0 %
2026/03/24 05:57:47.345, 6, 178.56 W, 27, 120 MHz, 3996 MHz, 0 %, 0 %
2026/03/24 05:57:47.345, 7, 176.59 W, 28, 120 MHz, 3996 MHz, 0 %, 0 %
2026/03/24 05:57:48.345, 0, 178.24 W, 26, 120 MHz, 3996 MHz, 0 %, 0 %
2026/03/24 05:57:48.345, 1, 181.03 W, 28, 120 MHz, 3996 MHz, 0 %, 0 %
2026/03/24 05:57:48.345, 2, 182.04 W, 26, 120 MHz, 3996 MHz, 0 %, 0 %
2026/03/24 05:57:48.345, 3, 182.23 W, 29, 120 MHz, 3996 MHz, 0 %, 0 %
2026/03/24 05:57:48.345, 4, 179.71 W, 26, 120 MHz, 3996 MHz, 0 %, 0 %
2026/03/24 05:57:48.345, 5, 180.66 W, 29, 120 MHz, 3996 MHz, 0 %, 0 %
2026/03/24 05:57:48.345, 6, 178.60 W, 27, 120 MHz, 3996 MHz, 0 %, 0 %
2026/03/24 05:57:48.345, 7, 176.58 W, 28, 120 MHz, 3996 MHz, 0 %, 0 %
2026/03/24 05:57:49.345, 0, 178.32 W, 26, 120 MHz, 3996 MHz, 0 %, 0 %
2026/03/24 05:57:49.345, 1, 180.99 W, 28, 120 MHz, 3996 MHz, 0 %, 0 %
2026/03/24 05:57:49.345, 2, 182.04 W, 26, 120 MHz, 3996 MHz, 0 %, 0 %
2026/03/24 05:57:49.345, 3, 182.47 W, 29, 120 MHz, 3996 MHz, 0 %, 0 %
2026/03/24 05:57:49.345, 4, 180.31 W, 26, 120 MHz, 3996 MHz, 0 %, 0 %
2026/03/24 05:57:49.345, 5, 182.22 W, 29, 120 MHz, 3996 MHz, 0 %, 0 %
2026/03/24 05:57:49.345, 6, 178.60 W, 27, 120 MHz, 3996 MHz, 0 %, 0 %
2026/03/24 05:57:49.345, 7, 176.62 W, 28, 120 MHz, 3996 MHz, 0 %, 0 %
2026/03/24 05:57:50.345, 0, 178.28 W, 26, 120 MHz, 3996 MHz, 0 %, 0 %
2026/03/24 05:57:50.345, 1, 180.98 W, 28, 120 MHz, 3996 MHz, 0 %, 0 %
2026/03/24 05:57:50.345, 2, 182.04 W, 26, 120 MHz, 3996 MHz, 0 %, 0 %
2026/03/24 05:57:50.345, 3, 181.48 W, 29, 120 MHz, 3996 MHz, 0 %, 0 %
2026/03/24 05:57:50.345, 4, 179.96 W, 26, 120 MHz, 3996 MHz, 0 %, 0 %
2026/03/24 05:57:50.345, 5, 182.52 W, 29, 120 MHz, 3996 MHz, 0 %, 0 %
2026/03/24 05:57:50.346, 6, 178.64 W, 27, 120 MHz, 3996 MHz, 0 %, 0 %
2026/03/24 05:57:50.346, 7, 176.62 W, 28, 120 MHz, 3996 MHz, 0 %, 0 %
2026/03/24 05:57:51.346, 0, 178.09 W, 26, 120 MHz, 3996 MHz, 0 %, 0 %
2026/03/24 05:57:51.346, 1, 181.02 W, 28, 120 MHz, 3996 MHz, 0 %, 0 %
2026/03/24 05:57:51.346, 2, 182.03 W, 26, 120 MHz, 3996 MHz, 0 %, 0 %
2026/03/24 05:57:51.346, 3, 181.37 W, 29, 120 MHz, 3996 MHz, 0 %, 0 %
2026/03/24 05:57:51.346, 4, 179.35 W, 26, 120 MHz, 3996 MHz, 0 %, 0 %
2026/03/24 05:57:51.346, 5, 181.34 W, 29, 120 MHz, 3996 MHz, 0 %, 0 %
2026/03/24 05:57:51.346, 6, 178.64 W, 27, 120 MHz, 3996 MHz, 0 %, 0 %
2026/03/24 05:57:51.346, 7, 177.80 W, 28, 120 MHz, 3996 MHz, 0 %, 0 %
2026/03/24 05:57:52.346, 0, 178.40 W, 26, 120 MHz, 3996 MHz, 0 %, 0 %
2026/03/24 05:57:52.346, 1, 181.04 W, 28, 120 MHz, 3996 MHz, 0 %, 0 %
2026/03/24 05:57:52.346, 2, 182.04 W, 26, 120 MHz, 3996 MHz, 0 %, 0 %
2026/03/24 05:57:52.346, 3, 181.79 W, 29, 120 MHz, 3996 MHz, 0 %, 0 %
2026/03/24 05:57:52.346, 4, 179.48 W, 26, 120 MHz, 3996 MHz, 0 %, 0 %
2026/03/24 05:57:52.346, 5, 180.89 W, 29, 120 MHz, 3996 MHz, 0 %, 0 %
2026/03/24 05:57:52.346, 6, 178.56 W, 27, 120 MHz, 3996 MHz, 0 %, 0 %
2026/03/24 05:57:52.346, 7, 177.16 W, 28, 120 MHz, 3996 MHz, 0 %, 0 %
2026/03/24 05:57:53.346, 0, 178.13 W, 26, 120 MHz, 3996 MHz, 0 %, 0 %
2026/03/24 05:57:53.346, 1, 181.04 W, 28, 120 MHz, 3996 MHz, 0 %, 0 %
2026/03/24 05:57:53.346, 2, 182.04 W, 26, 120 MHz, 3996 MHz, 0 %, 0 %
2026/03/24 05:57:53.346, 3, 181.79 W, 29, 120 MHz, 3996 MHz, 0 %, 0 %
2026/03/24 05:57:53.346, 4, 179.56 W, 26, 120 MHz, 3996 MHz, 0 %, 0 %
2026/03/24 05:57:53.346, 5, 180.77 W, 29, 120 MHz, 3996 MHz, 0 %, 0 %
2026/03/24 05:57:53.346, 6, 178.57 W, 27, 120 MHz, 3996 MHz, 0 %, 0 %
2026/03/24 05:57:53.346, 7, 176.58 W, 28, 120 MHz, 3996 MHz, 0 %, 0 %
2026/03/24 05:57:54.346, 0, 178.17 W, 26, 120 MHz, 3996 MHz, 0 %, 0 %
2026/03/24 05:57:54.346, 1, 181.05 W, 28, 120 MHz, 3996 MHz, 0 %, 0 %
2026/03/24 05:57:54.346, 2, 182.04 W, 26, 120 MHz, 3996 MHz, 0 %, 0 %
2026/03/24 05:57:54.346, 3, 181.76 W, 29, 120 MHz, 3996 MHz, 0 %, 0 %
2026/03/24 05:57:54.346, 4, 179.24 W, 26, 120 MHz, 3996 MHz, 0 %, 0 %
2026/03/24 05:57:54.346, 5, 180.96 W, 29, 120 MHz, 3996 MHz, 0 %, 0 %
2026/03/24 05:57:54.346, 6, 178.60 W, 27, 120 MHz, 3996 MHz, 0 %, 0 %
2026/03/24 05:57:54.346, 7, 176.58 W, 28, 120 MHz, 3996 MHz, 0 %, 0 %
2026/03/24 05:57:55.346, 0, 178.29 W, 26, 120 MHz, 3996 MHz, 0 %, 0 %
2026/03/24 05:57:55.346, 1, 181.05 W, 28, 120 MHz, 3996 MHz, 0 %, 0 %
2026/03/24 05:57:55.346, 2, 182.03 W, 26, 120 MHz, 3996 MHz, 0 %, 0 %
2026/03/24 05:57:55.346, 3, 181.25 W, 29, 120 MHz, 3996 MHz, 0 %, 0 %
2026/03/24 05:57:55.346, 4, 179.32 W, 26, 120 MHz, 3996 MHz, 0 %, 0 %
2026/03/24 05:57:55.346, 5, 180.74 W, 29, 120 MHz, 3996 MHz, 0 %, 0 %
2026/03/24 05:57:55.346, 6, 178.64 W, 27, 120 MHz, 3996 MHz, 0 %, 0 %
2026/03/24 05:57:55.346, 7, 176.66 W, 28, 120 MHz, 3996 MHz, 0 %, 0 %
2026/03/24 05:57:56.346, 0, 178.32 W, 26, 120 MHz, 3996 MHz, 0 %, 0 %
2026/03/24 05:57:56.346, 1, 181.05 W, 28, 120 MHz, 3996 MHz, 0 %, 0 %
2026/03/24 05:57:56.346, 2, 182.02 W, 26, 120 MHz, 3996 MHz, 0 %, 0 %
2026/03/24 05:57:56.346, 3, 181.67 W, 29, 120 MHz, 3996 MHz, 0 %, 0 %
2026/03/24 05:57:56.346, 4, 179.34 W, 26, 120 MHz, 3996 MHz, 0 %, 0 %
2026/03/24 05:57:56.346, 5, 180.74 W, 29, 120 MHz, 3996 MHz, 0 %, 0 %
2026/03/24 05:57:56.346, 6, 178.64 W, 27, 120 MHz, 3996 MHz, 0 %, 0 %
2026/03/24 05:57:56.346, 7, 176.58 W, 28, 120 MHz, 3996 MHz, 0 %, 0 %
2026/03/24 05:57:57.347, 0, 178.21 W, 26, 120 MHz, 3996 MHz, 0 %, 0 %
2026/03/24 05:57:57.347, 1, 181.05 W, 28, 120 MHz, 3996 MHz, 0 %, 0 %
2026/03/24 05:57:57.347, 2, 182.03 W, 26, 120 MHz, 3996 MHz, 0 %, 0 %
2026/03/24 05:57:57.347, 3, 181.64 W, 29, 120 MHz, 3996 MHz, 0 %, 0 %
2026/03/24 05:57:57.347, 4, 179.29 W, 26, 120 MHz, 3996 MHz, 0 %, 0 %
2026/03/24 05:57:57.347, 5, 180.93 W, 29, 120 MHz, 3996 MHz, 0 %, 0 %
2026/03/24 05:57:57.347, 6, 178.60 W, 27, 120 MHz, 3996 MHz, 0 %, 0 %
2026/03/24 05:57:57.347, 7, 176.62 W, 28, 120 MHz, 3996 MHz, 0 %, 0 %
2026/03/24 05:57:58.347, 0, 178.21 W, 26, 120 MHz, 3996 MHz, 0 %, 0 %
2026/03/24 05:57:58.347, 1, 181.05 W, 28, 120 MHz, 3996 MHz, 0 %, 0 %
2026/03/24 05:57:58.347, 2, 182.04 W, 26, 120 MHz, 3996 MHz, 0 %, 0 %
2026/03/24 05:57:58.347, 3, 181.40 W, 29, 120 MHz, 3996 MHz, 0 %, 0 %
2026/03/24 05:57:58.347, 4, 179.59 W, 26, 120 MHz, 3996 MHz, 0 %, 0 %
2026/03/24 05:57:58.347, 5, 180.81 W, 29, 120 MHz, 3996 MHz, 0 %, 0 %
2026/03/24 05:57:58.347, 6, 178.60 W, 27, 120 MHz, 3996 MHz, 0 %, 0 %
2026/03/24 05:57:58.347, 7, 176.62 W, 28, 120 MHz, 3996 MHz, 0 %, 0 %
2026/03/24 05:57:59.347, 0, 178.17 W, 26, 120 MHz, 3996 MHz, 0 %, 0 %
2026/03/24 05:57:59.347, 1, 181.04 W, 28, 120 MHz, 3996 MHz, 0 %, 0 %
2026/03/24 05:57:59.347, 2, 182.04 W, 26, 120 MHz, 3996 MHz, 0 %, 0 %
2026/03/24 05:57:59.347, 3, 181.53 W, 29, 120 MHz, 3996 MHz, 0 %, 0 %
2026/03/24 05:57:59.347, 4, 179.26 W, 26, 120 MHz, 3996 MHz, 0 %, 0 %
2026/03/24 05:57:59.347, 5, 180.82 W, 29, 120 MHz, 3996 MHz, 0 %, 0 %
2026/03/24 05:57:59.347, 6, 178.60 W, 27, 120 MHz, 3996 MHz, 0 %, 0 %
2026/03/24 05:57:59.347, 7, 176.62 W, 28, 120 MHz, 3996 MHz, 0 %, 0 %
2026/03/24 05:58:00.347, 0, 178.17 W, 26, 120 MHz, 3996 MHz, 0 %, 0 %
2026/03/24 05:58:00.347, 1, 181.05 W, 28, 120 MHz, 3996 MHz, 0 %, 0 %
2026/03/24 05:58:00.347, 2, 182.04 W, 26, 120 MHz, 3996 MHz, 0 %, 0 %
2026/03/24 05:58:00.347, 3, 181.44 W, 29, 120 MHz, 3996 MHz, 0 %, 0 %
2026/03/24 05:58:00.347, 4, 179.59 W, 26, 120 MHz, 3996 MHz, 0 %, 0 %
2026/03/24 05:58:00.347, 5, 180.74 W, 29, 120 MHz, 3996 MHz, 0 %, 0 %
2026/03/24 05:58:00.347, 6, 178.60 W, 27, 120 MHz, 3996 MHz, 0 %, 0 %
2026/03/24 05:58:00.347, 7, 176.58 W, 28, 120 MHz, 3996 MHz, 0 %, 0 %
2026/03/24 05:58:01.347, 0, 178.25 W, 26, 120 MHz, 3996 MHz, 0 %, 0 %
2026/03/24 05:58:01.347, 1, 181.04 W, 28, 120 MHz, 3996 MHz, 0 %, 0 %
2026/03/24 05:58:01.347, 2, 182.04 W, 26, 120 MHz, 3996 MHz, 0 %, 0 %
2026/03/24 05:58:01.347, 3, 181.86 W, 29, 120 MHz, 3996 MHz, 0 %, 0 %
2026/03/24 05:58:01.347, 4, 179.72 W, 26, 120 MHz, 3996 MHz, 0 %, 0 %
2026/03/24 05:58:01.347, 5, 181.12 W, 29, 120 MHz, 3996 MHz, 0 %, 0 %
2026/03/24 05:58:01.347, 6, 178.64 W, 27, 120 MHz, 3996 MHz, 0 %, 0 %
2026/03/24 05:58:01.347, 7, 176.66 W, 28, 120 MHz, 3996 MHz, 0 %, 0 %
2026/03/24 05:58:02.347, 0, 178.36 W, 26, 120 MHz, 3996 MHz, 0 %, 0 %
2026/03/24 05:58:02.347, 1, 181.04 W, 28, 120 MHz, 3996 MHz, 0 %, 0 %
2026/03/24 05:58:02.347, 2, 182.04 W, 26, 120 MHz, 3996 MHz, 0 %, 0 %
2026/03/24 05:58:02.347, 3, 181.86 W, 29, 120 MHz, 3996 MHz, 0 %, 0 %
2026/03/24 05:58:02.347, 4, 179.54 W, 26, 120 MHz, 3996 MHz, 0 %, 0 %
2026/03/24 05:58:02.347, 5, 180.74 W, 29, 120 MHz, 3996 MHz, 0 %, 0 %
2026/03/24 05:58:02.347, 6, 178.64 W, 27, 120 MHz, 3996 MHz, 0 %, 0 %
2026/03/24 05:58:02.347, 7, 176.58 W, 28, 120 MHz, 3996 MHz, 0 %, 0 %
2026/03/24 05:58:03.348, 0, 178.24 W, 26, 120 MHz, 3996 MHz, 0 %, 0 %
2026/03/24 05:58:03.348, 1, 181.05 W, 28, 120 MHz, 3996 MHz, 0 %, 0 %
2026/03/24 05:58:03.348, 2, 182.04 W, 26, 120 MHz, 3996 MHz, 0 %, 0 %
2026/03/24 05:58:03.348, 3, 181.57 W, 29, 120 MHz, 3996 MHz, 0 %, 0 %
2026/03/24 05:58:03.348, 4, 179.36 W, 26, 120 MHz, 3996 MHz, 0 %, 0 %
2026/03/24 05:58:03.348, 5, 180.89 W, 29, 120 MHz, 3996 MHz, 0 %, 0 %
2026/03/24 05:58:03.348, 6, 178.64 W, 27, 120 MHz, 3996 MHz, 0 %, 0 %
2026/03/24 05:58:03.348, 7, 176.62 W, 28, 120 MHz, 3996 MHz, 0 %, 0 %
2026/03/24 05:58:04.348, 0, 178.28 W, 26, 120 MHz, 3996 MHz, 0 %, 0 %
2026/03/24 05:58:04.348, 1, 181.03 W, 28, 120 MHz, 3996 MHz, 0 %, 0 %
2026/03/24 05:58:04.348, 2, 182.04 W, 26, 120 MHz, 3996 MHz, 0 %, 0 %
2026/03/24 05:58:04.348, 3, 181.29 W, 29, 120 MHz, 3996 MHz, 0 %, 0 %
2026/03/24 05:58:04.348, 4, 179.28 W, 26, 120 MHz, 3996 MHz, 0 %, 0 %
2026/03/24 05:58:04.348, 5, 180.74 W, 29, 120 MHz, 3996 MHz, 0 %, 0 %
2026/03/24 05:58:04.348, 6, 178.64 W, 27, 120 MHz, 3996 MHz, 0 %, 0 %
2026/03/24 05:58:04.348, 7, 176.58 W, 28, 120 MHz, 3996 MHz, 0 %, 0 %
2026/03/24 05:58:05.348, 0, 178.36 W, 26, 120 MHz, 3996 MHz, 0 %, 0 %
2026/03/24 05:58:05.348, 1, 181.04 W, 28, 120 MHz, 3996 MHz, 0 %, 0 %
2026/03/24 05:58:05.348, 2, 182.04 W, 26, 120 MHz, 3996 MHz, 0 %, 0 %
2026/03/24 05:58:05.348, 3, 181.45 W, 29, 120 MHz, 3996 MHz, 0 %, 0 %
2026/03/24 05:58:05.348, 4, 179.52 W, 26, 120 MHz, 3996 MHz, 0 %, 0 %
2026/03/24 05:58:05.348, 5, 180.74 W, 29, 120 MHz, 3996 MHz, 0 %, 0 %
2026/03/24 05:58:05.348, 6, 178.64 W, 27, 120 MHz, 3996 MHz, 0 %, 0 %
2026/03/24 05:58:05.348, 7, 176.62 W, 28, 120 MHz, 3996 MHz, 0 %, 0 %
2026/03/24 05:58:06.348, 0, 178.58 W, 26, 120 MHz, 3996 MHz, 0 %, 0 %
2026/03/24 05:58:06.348, 1, 181.04 W, 28, 120 MHz, 3996 MHz, 0 %, 0 %
2026/03/24 05:58:06.348, 2, 182.04 W, 26, 120 MHz, 3996 MHz, 0 %, 0 %
2026/03/24 05:58:06.348, 3, 181.60 W, 29, 120 MHz, 3996 MHz, 0 %, 0 %
2026/03/24 05:58:06.348, 4, 179.36 W, 26, 120 MHz, 3996 MHz, 0 %, 0 %
2026/03/24 05:58:06.348, 5, 181.01 W, 29, 120 MHz, 3996 MHz, 0 %, 0 %
2026/03/24 05:58:06.348, 6, 178.60 W, 27, 120 MHz, 3996 MHz, 0 %, 0 %
2026/03/24 05:58:06.348, 7, 176.66 W, 28, 120 MHz, 3996 MHz, 0 %, 0 %
2026/03/24 05:58:07.348, 0, 178.25 W, 26, 120 MHz, 3996 MHz, 0 %, 0 %
2026/03/24 05:58:07.348, 1, 202.86 W, 29, 2032 MHz, 3996 MHz, 0 %, 0 %
2026/03/24 05:58:07.348, 2, 208.38 W, 26, 2032 MHz, 3996 MHz, 0 %, 0 %
2026/03/24 05:58:07.348, 3, 181.55 W, 29, 120 MHz, 3996 MHz, 0 %, 0 %
2026/03/24 05:58:07.348, 4, 179.51 W, 26, 120 MHz, 3996 MHz, 0 %, 0 %
2026/03/24 05:58:07.348, 5, 181.05 W, 29, 120 MHz, 3996 MHz, 0 %, 0 %
2026/03/24 05:58:07.348, 6, 178.64 W, 27, 120 MHz, 3996 MHz, 0 %, 0 %
2026/03/24 05:58:07.348, 7, 176.58 W, 28, 120 MHz, 3996 MHz, 0 %, 0 %
2026/03/24 05:58:08.348, 0, 185.98 W, 26, 2032 MHz, 3996 MHz, 0 %, 0 %
2026/03/24 05:58:08.348, 1, 233.11 W, 29, 2032 MHz, 3996 MHz, 0 %, 0 %
2026/03/24 05:58:08.348, 2, 234.03 W, 27, 2032 MHz, 3996 MHz, 0 %, 0 %
2026/03/24 05:58:08.348, 3, 228.66 W, 29, 2032 MHz, 3996 MHz, 0 %, 0 %
2026/03/24 05:58:08.348, 4, 179.28 W, 26, 120 MHz, 3996 MHz, 0 %, 0 %
2026/03/24 05:58:08.348, 5, 180.74 W, 29, 120 MHz, 3996 MHz, 0 %, 0 %
2026/03/24 05:58:08.348, 6, 178.64 W, 27, 120 MHz, 3996 MHz, 0 %, 0 %
2026/03/24 05:58:08.348, 7, 176.66 W, 28, 120 MHz, 3996 MHz, 0 %, 0 %
2026/03/24 05:58:09.349, 0, 228.14 W, 27, 2032 MHz, 3996 MHz, 0 %, 0 %
2026/03/24 05:58:09.349, 1, 233.16 W, 29, 2032 MHz, 3996 MHz, 0 %, 0 %
2026/03/24 05:58:09.349, 2, 233.94 W, 27, 2032 MHz, 3996 MHz, 0 %, 0 %
2026/03/24 05:58:09.349, 3, 233.28 W, 30, 2032 MHz, 3996 MHz, 0 %, 0 %
2026/03/24 05:58:09.349, 4, 179.46 W, 26, 120 MHz, 3996 MHz, 0 %, 0 %
2026/03/24 05:58:09.349, 5, 180.93 W, 29, 120 MHz, 3996 MHz, 0 %, 0 %
2026/03/24 05:58:09.349, 6, 178.64 W, 27, 120 MHz, 3996 MHz, 0 %, 0 %
2026/03/24 05:58:09.349, 7, 176.58 W, 28, 120 MHz, 3996 MHz, 0 %, 0 %
2026/03/24 05:58:10.349, 0, 228.03 W, 27, 2032 MHz, 3996 MHz, 0 %, 0 %
2026/03/24 05:58:10.349, 1, 233.16 W, 29, 2032 MHz, 3996 MHz, 0 %, 0 %
2026/03/24 05:58:10.349, 2, 233.95 W, 27, 2032 MHz, 3996 MHz, 0 %, 0 %
2026/03/24 05:58:10.349, 3, 233.17 W, 30, 2032 MHz, 3996 MHz, 0 %, 0 %
2026/03/24 05:58:10.349, 4, 179.47 W, 26, 120 MHz, 3996 MHz, 0 %, 0 %
2026/03/24 05:58:10.349, 5, 180.93 W, 29, 120 MHz, 3996 MHz, 0 %, 0 %
2026/03/24 05:58:10.349, 6, 178.64 W, 27, 120 MHz, 3996 MHz, 0 %, 0 %
2026/03/24 05:58:10.349, 7, 176.62 W, 28, 120 MHz, 3996 MHz, 0 %, 0 %
2026/03/24 05:58:11.349, 0, 228.07 W, 27, 2032 MHz, 3996 MHz, 0 %, 0 %
2026/03/24 05:58:11.349, 1, 233.16 W, 29, 2032 MHz, 3996 MHz, 0 %, 0 %
2026/03/24 05:58:11.349, 2, 233.91 W, 27, 2032 MHz, 3996 MHz, 0 %, 0 %
2026/03/24 05:58:11.349, 3, 233.17 W, 30, 2032 MHz, 3996 MHz, 0 %, 0 %
2026/03/24 05:58:11.349, 4, 179.38 W, 26, 120 MHz, 3996 MHz, 0 %, 0 %
2026/03/24 05:58:11.349, 5, 180.82 W, 29, 120 MHz, 3996 MHz, 0 %, 0 %
2026/03/24 05:58:11.349, 6, 178.49 W, 27, 120 MHz, 3996 MHz, 0 %, 0 %
2026/03/24 05:58:11.349, 7, 176.62 W, 28, 120 MHz, 3996 MHz, 0 %, 0 %
2026/03/24 05:58:12.349, 0, 228.06 W, 27, 2032 MHz, 3996 MHz, 0 %, 0 %
2026/03/24 05:58:12.349, 1, 233.16 W, 29, 2032 MHz, 3996 MHz, 0 %, 0 %
2026/03/24 05:58:12.349, 2, 233.91 W, 27, 2032 MHz, 3996 MHz, 0 %, 0 %
2026/03/24 05:58:12.349, 3, 233.18 W, 30, 2032 MHz, 3996 MHz, 0 %, 0 %
2026/03/24 05:58:12.349, 4, 179.02 W, 26, 120 MHz, 3996 MHz, 0 %, 0 %
2026/03/24 05:58:12.349, 5, 180.77 W, 29, 120 MHz, 3996 MHz, 0 %, 0 %
2026/03/24 05:58:12.349, 6, 178.49 W, 27, 120 MHz, 3996 MHz, 0 %, 0 %
2026/03/24 05:58:12.349, 7, 176.62 W, 28, 120 MHz, 3996 MHz, 0 %, 0 %
2026/03/24 05:58:13.349, 0, 228.10 W, 27, 2032 MHz, 3996 MHz, 0 %, 0 %
2026/03/24 05:58:13.349, 1, 233.16 W, 29, 2032 MHz, 3996 MHz, 0 %, 0 %
2026/03/24 05:58:13.349, 2, 233.91 W, 27, 2032 MHz, 3996 MHz, 0 %, 0 %
2026/03/24 05:58:13.349, 3, 233.21 W, 30, 2032 MHz, 3996 MHz, 0 %, 0 %
2026/03/24 05:58:13.349, 4, 179.10 W, 26, 120 MHz, 3996 MHz, 0 %, 0 %
2026/03/24 05:58:13.349, 5, 180.77 W, 29, 120 MHz, 3996 MHz, 0 %, 0 %
2026/03/24 05:58:13.349, 6, 178.64 W, 27, 120 MHz, 3996 MHz, 0 %, 0 %
2026/03/24 05:58:13.349, 7, 176.58 W, 28, 120 MHz, 3996 MHz, 0 %, 0 %
2026/03/24 05:58:14.349, 0, 228.07 W, 27, 2032 MHz, 3996 MHz, 0 %, 0 %
2026/03/24 05:58:14.349, 1, 233.16 W, 29, 2032 MHz, 3996 MHz, 0 %, 0 %
2026/03/24 05:58:14.349, 2, 233.95 W, 27, 2032 MHz, 3996 MHz, 0 %, 0 %
2026/03/24 05:58:14.349, 3, 233.22 W, 30, 2032 MHz, 3996 MHz, 0 %, 0 %
2026/03/24 05:58:14.349, 4, 179.22 W, 26, 120 MHz, 3996 MHz, 0 %, 0 %
2026/03/24 05:58:14.349, 5, 180.74 W, 29, 120 MHz, 3996 MHz, 0 %, 0 %
2026/03/24 05:58:14.349, 6, 178.60 W, 27, 120 MHz, 3996 MHz, 0 %, 0 %
2026/03/24 05:58:14.349, 7, 176.58 W, 28, 120 MHz, 3996 MHz, 0 %, 0 %
2026/03/24 05:58:15.349, 0, 228.07 W, 27, 2032 MHz, 3996 MHz, 0 %, 0 %
2026/03/24 05:58:15.349, 1, 233.16 W, 29, 2032 MHz, 3996 MHz, 0 %, 0 %
2026/03/24 05:58:15.349, 2, 233.95 W, 27, 2032 MHz, 3996 MHz, 0 %, 0 %
2026/03/24 05:58:15.349, 3, 233.28 W, 30, 2032 MHz, 3996 MHz, 0 %, 0 %
2026/03/24 05:58:15.349, 4, 179.41 W, 26, 120 MHz, 3996 MHz, 0 %, 0 %
2026/03/24 05:58:15.349, 5, 180.62 W, 29, 120 MHz, 3996 MHz, 0 %, 0 %
2026/03/24 05:58:15.349, 6, 178.64 W, 27, 120 MHz, 3996 MHz, 0 %, 0 %
2026/03/24 05:58:15.350, 7, 176.62 W, 28, 120 MHz, 3996 MHz, 0 %, 0 %
2026/03/24 05:58:16.350, 0, 228.06 W, 27, 2032 MHz, 3996 MHz, 0 %, 0 %
2026/03/24 05:58:16.350, 1, 233.16 W, 29, 2032 MHz, 3996 MHz, 0 %, 0 %
2026/03/24 05:58:16.350, 2, 233.93 W, 27, 2032 MHz, 3996 MHz, 0 %, 0 %
2026/03/24 05:58:16.350, 3, 233.32 W, 30, 2032 MHz, 3996 MHz, 0 %, 0 %
2026/03/24 05:58:16.350, 4, 179.25 W, 26, 120 MHz, 3996 MHz, 0 %, 0 %
2026/03/24 05:58:16.350, 5, 180.78 W, 29, 120 MHz, 3996 MHz, 0 %, 0 %
2026/03/24 05:58:16.350, 6, 178.64 W, 27, 120 MHz, 3996 MHz, 0 %, 0 %
2026/03/24 05:58:16.350, 7, 176.58 W, 28, 120 MHz, 3996 MHz, 0 %, 0 %
2026/03/24 05:58:17.350, 0, 228.07 W, 27, 2032 MHz, 3996 MHz, 0 %, 0 %
2026/03/24 05:58:17.350, 1, 233.16 W, 29, 2032 MHz, 3996 MHz, 0 %, 0 %
2026/03/24 05:58:17.350, 2, 233.92 W, 27, 2032 MHz, 3996 MHz, 0 %, 0 %
2026/03/24 05:58:17.350, 3, 233.68 W, 30, 2032 MHz, 3996 MHz, 0 %, 0 %
2026/03/24 05:58:17.350, 4, 179.71 W, 26, 120 MHz, 3996 MHz, 0 %, 0 %
2026/03/24 05:58:17.350, 5, 180.66 W, 29, 120 MHz, 3996 MHz, 0 %, 0 %
2026/03/24 05:58:17.350, 6, 178.64 W, 27, 120 MHz, 3996 MHz, 0 %, 0 %
2026/03/24 05:58:17.350, 7, 176.62 W, 28, 120 MHz, 3996 MHz, 0 %, 0 %
2026/03/24 05:58:18.350, 0, 228.07 W, 27, 2032 MHz, 3996 MHz, 0 %, 0 %
2026/03/24 05:58:18.350, 1, 233.16 W, 29, 2032 MHz, 3996 MHz, 0 %, 0 %
2026/03/24 05:58:18.350, 2, 233.93 W, 27, 2032 MHz, 3996 MHz, 0 %, 0 %
2026/03/24 05:58:18.350, 3, 233.36 W, 30, 2032 MHz, 3996 MHz, 0 %, 0 %
2026/03/24 05:58:18.350, 4, 179.32 W, 26, 120 MHz, 3996 MHz, 0 %, 0 %
2026/03/24 05:58:18.350, 5, 180.89 W, 29, 120 MHz, 3996 MHz, 0 %, 0 %
2026/03/24 05:58:18.350, 6, 178.57 W, 27, 120 MHz, 3996 MHz, 0 %, 0 %
2026/03/24 05:58:18.350, 7, 176.59 W, 28, 120 MHz, 3996 MHz, 0 %, 0 %
2026/03/24 05:58:19.350, 0, 228.06 W, 27, 2032 MHz, 3996 MHz, 0 %, 0 %
2026/03/24 05:58:19.350, 1, 233.16 W, 29, 2032 MHz, 3996 MHz, 0 %, 0 %
2026/03/24 05:58:19.350, 2, 233.89 W, 27, 2032 MHz, 3996 MHz, 0 %, 0 %
2026/03/24 05:58:19.350, 3, 233.44 W, 30, 2032 MHz, 3996 MHz, 0 %, 0 %
2026/03/24 05:58:19.350, 4, 179.18 W, 26, 120 MHz, 3996 MHz, 0 %, 0 %
2026/03/24 05:58:19.350, 5, 180.81 W, 29, 120 MHz, 3996 MHz, 0 %, 0 %
2026/03/24 05:58:19.350, 6, 178.60 W, 27, 120 MHz, 3996 MHz, 0 %, 0 %
2026/03/24 05:58:19.350, 7, 176.62 W, 28, 120 MHz, 3996 MHz, 0 %, 0 %
2026/03/24 05:58:20.350, 0, 228.06 W, 27, 2032 MHz, 3996 MHz, 0 %, 0 %
2026/03/24 05:58:20.350, 1, 233.16 W, 29, 2032 MHz, 3996 MHz, 0 %, 0 %
2026/03/24 05:58:20.350, 2, 233.93 W, 27, 2032 MHz, 3996 MHz, 0 %, 0 %
2026/03/24 05:58:20.350, 3, 233.45 W, 30, 2032 MHz, 3996 MHz, 0 %, 0 %
2026/03/24 05:58:20.350, 4, 179.24 W, 26, 120 MHz, 3996 MHz, 0 %, 0 %
2026/03/24 05:58:20.350, 5, 180.97 W, 29, 120 MHz, 3996 MHz, 0 %, 0 %
2026/03/24 05:58:20.350, 6, 178.64 W, 27, 120 MHz, 3996 MHz, 0 %, 0 %
2026/03/24 05:58:20.350, 7, 176.58 W, 28, 120 MHz, 3996 MHz, 0 %, 0 %
2026/03/24 05:58:21.350, 0, 228.10 W, 27, 2032 MHz, 3996 MHz, 0 %, 0 %
2026/03/24 05:58:21.350, 1, 233.16 W, 29, 2032 MHz, 3996 MHz, 0 %, 0 %
2026/03/24 05:58:21.350, 2, 233.96 W, 27, 2032 MHz, 3996 MHz, 0 %, 0 %
2026/03/24 05:58:21.350, 3, 233.68 W, 30, 2032 MHz, 3996 MHz, 0 %, 0 %
2026/03/24 05:58:21.350, 4, 179.24 W, 26, 120 MHz, 3996 MHz, 0 %, 0 %
2026/03/24 05:58:21.350, 5, 180.81 W, 29, 120 MHz, 3996 MHz, 0 %, 0 %
2026/03/24 05:58:21.350, 6, 178.57 W, 27, 120 MHz, 3996 MHz, 0 %, 0 %
2026/03/24 05:58:21.350, 7, 176.58 W, 28, 120 MHz, 3996 MHz, 0 %, 0 %
2026/03/24 05:58:22.350, 0, 228.07 W, 27, 2032 MHz, 3996 MHz, 0 %, 0 %
2026/03/24 05:58:22.350, 1, 233.16 W, 29, 2032 MHz, 3996 MHz, 0 %, 0 %
2026/03/24 05:58:22.350, 2, 233.93 W, 27, 2032 MHz, 3996 MHz, 0 %, 0 %
2026/03/24 05:58:22.350, 3, 234.46 W, 30, 2032 MHz, 3996 MHz, 0 %, 0 %
2026/03/24 05:58:22.350, 4, 179.38 W, 26, 120 MHz, 3996 MHz, 0 %, 0 %
2026/03/24 05:58:22.351, 5, 180.85 W, 29, 120 MHz, 3996 MHz, 0 %, 0 %
2026/03/24 05:58:22.351, 6, 178.64 W, 27, 120 MHz, 3996 MHz, 0 %, 0 %
2026/03/24 05:58:22.351, 7, 176.58 W, 28, 120 MHz, 3996 MHz, 0 %, 0 %
2026/03/24 05:58:23.351, 0, 228.14 W, 27, 2032 MHz, 3996 MHz, 0 %, 0 %
2026/03/24 05:58:23.351, 1, 233.16 W, 29, 2032 MHz, 3996 MHz, 0 %, 0 %
2026/03/24 05:58:23.351, 2, 233.93 W, 27, 2032 MHz, 3996 MHz, 0 %, 0 %
2026/03/24 05:58:23.351, 3, 234.45 W, 30, 2032 MHz, 3996 MHz, 0 %, 0 %
2026/03/24 05:58:23.351, 4, 179.36 W, 26, 120 MHz, 3996 MHz, 0 %, 0 %
2026/03/24 05:58:23.351, 5, 180.82 W, 29, 120 MHz, 3996 MHz, 0 %, 0 %
2026/03/24 05:58:23.351, 6, 178.60 W, 27, 120 MHz, 3996 MHz, 0 %, 0 %
2026/03/24 05:58:23.351, 7, 176.62 W, 28, 120 MHz, 3996 MHz, 0 %, 0 %
2026/03/24 05:58:24.351, 0, 228.22 W, 27, 2032 MHz, 3996 MHz, 0 %, 0 %
2026/03/24 05:58:24.351, 1, 233.16 W, 29, 2032 MHz, 3996 MHz, 0 %, 0 %
2026/03/24 05:58:24.351, 2, 233.92 W, 27, 2032 MHz, 3996 MHz, 0 %, 0 %
2026/03/24 05:58:24.351, 3, 234.27 W, 30, 2032 MHz, 3996 MHz, 0 %, 0 %
2026/03/24 05:58:24.351, 4, 179.39 W, 26, 120 MHz, 3996 MHz, 0 %, 0 %
2026/03/24 05:58:24.351, 5, 180.77 W, 29, 120 MHz, 3996 MHz, 0 %, 0 %
2026/03/24 05:58:24.351, 6, 178.60 W, 27, 120 MHz, 3996 MHz, 0 %, 0 %
2026/03/24 05:58:24.351, 7, 176.62 W, 28, 120 MHz, 3996 MHz, 0 %, 0 %
2026/03/24 05:58:25.351, 0, 228.25 W, 27, 2032 MHz, 3996 MHz, 0 %, 0 %
2026/03/24 05:58:25.351, 1, 233.16 W, 29, 2032 MHz, 3996 MHz, 0 %, 0 %
2026/03/24 05:58:25.351, 2, 233.92 W, 27, 2032 MHz, 3996 MHz, 0 %, 0 %
2026/03/24 05:58:25.351, 3, 234.65 W, 30, 2032 MHz, 3996 MHz, 0 %, 0 %
2026/03/24 05:58:25.351, 4, 179.49 W, 26, 120 MHz, 3996 MHz, 0 %, 0 %
2026/03/24 05:58:25.351, 5, 180.70 W, 29, 120 MHz, 3996 MHz, 0 %, 0 %
2026/03/24 05:58:25.351, 6, 178.60 W, 27, 120 MHz, 3996 MHz, 0 %, 0 %
2026/03/24 05:58:25.351, 7, 176.58 W, 28, 120 MHz, 3996 MHz, 0 %, 0 %
2026/03/24 05:58:26.351, 0, 228.29 W, 27, 2032 MHz, 3996 MHz, 0 %, 0 %
2026/03/24 05:58:26.351, 1, 233.16 W, 29, 2032 MHz, 3996 MHz, 0 %, 0 %
2026/03/24 05:58:26.351, 2, 233.91 W, 27, 2032 MHz, 3996 MHz, 0 %, 0 %
2026/03/24 05:58:26.351, 3, 234.76 W, 30, 2032 MHz, 3996 MHz, 0 %, 0 %
2026/03/24 05:58:26.351, 4, 179.26 W, 26, 120 MHz, 3996 MHz, 0 %, 0 %
2026/03/24 05:58:26.351, 5, 180.74 W, 29, 120 MHz, 3996 MHz, 0 %, 0 %
2026/03/24 05:58:26.351, 6, 178.64 W, 27, 120 MHz, 3996 MHz, 0 %, 0 %
2026/03/24 05:58:26.351, 7, 176.58 W, 28, 120 MHz, 3996 MHz, 0 %, 0 %
2026/03/24 05:58:27.351, 0, 228.24 W, 27, 2032 MHz, 3996 MHz, 0 %, 0 %
2026/03/24 05:58:27.351, 1, 233.16 W, 29, 2032 MHz, 3996 MHz, 0 %, 0 %
2026/03/24 05:58:27.351, 2, 233.88 W, 27, 2032 MHz, 3996 MHz, 0 %, 0 %
2026/03/24 05:58:27.351, 3, 234.54 W, 30, 2032 MHz, 3996 MHz, 0 %, 0 %
2026/03/24 05:58:27.351, 4, 179.32 W, 26, 120 MHz, 3996 MHz, 0 %, 0 %
2026/03/24 05:58:27.351, 5, 180.70 W, 28, 120 MHz, 3996 MHz, 0 %, 0 %
2026/03/24 05:58:27.351, 6, 178.60 W, 27, 120 MHz, 3996 MHz, 0 %, 0 %
2026/03/24 05:58:27.351, 7, 176.58 W, 28, 120 MHz, 3996 MHz, 0 %, 0 %
2026/03/24 05:58:28.351, 0, 228.34 W, 27, 2032 MHz, 3996 MHz, 0 %, 0 %
2026/03/24 05:58:28.351, 1, 233.16 W, 29, 2032 MHz, 3996 MHz, 0 %, 0 %
2026/03/24 05:58:28.351, 2, 233.90 W, 27, 2032 MHz, 3996 MHz, 0 %, 0 %
2026/03/24 05:58:28.351, 3, 234.22 W, 30, 2032 MHz, 3996 MHz, 0 %, 0 %
2026/03/24 05:58:28.351, 4, 179.41 W, 26, 120 MHz, 3996 MHz, 0 %, 0 %
2026/03/24 05:58:28.351, 5, 180.70 W, 28, 120 MHz, 3996 MHz, 0 %, 0 %
2026/03/24 05:58:28.351, 6, 178.60 W, 27, 120 MHz, 3996 MHz, 0 %, 0 %
2026/03/24 05:58:28.351, 7, 176.59 W, 28, 120 MHz, 3996 MHz, 0 %, 0 %
2026/03/24 05:58:29.352, 0, 228.22 W, 27, 2032 MHz, 3996 MHz, 0 %, 0 %
2026/03/24 05:58:29.352, 1, 233.16 W, 29, 2032 MHz, 3996 MHz, 0 %, 0 %
2026/03/24 05:58:29.352, 2, 233.92 W, 27, 2032 MHz, 3996 MHz, 0 %, 0 %
2026/03/24 05:58:29.352, 3, 234.80 W, 30, 2032 MHz, 3996 MHz, 0 %, 0 %
2026/03/24 05:58:29.352, 4, 179.25 W, 26, 120 MHz, 3996 MHz, 0 %, 0 %
2026/03/24 05:58:29.352, 5, 180.66 W, 28, 120 MHz, 3996 MHz, 0 %, 0 %
2026/03/24 05:58:29.352, 6, 178.64 W, 27, 120 MHz, 3996 MHz, 0 %, 0 %
2026/03/24 05:58:29.352, 7, 176.58 W, 28, 120 MHz, 3996 MHz, 0 %, 0 %
2026/03/24 05:58:30.352, 0, 228.26 W, 27, 2032 MHz, 3996 MHz, 0 %, 0 %
2026/03/24 05:58:30.352, 1, 233.16 W, 29, 2032 MHz, 3996 MHz, 0 %, 0 %
2026/03/24 05:58:30.352, 2, 233.91 W, 27, 2032 MHz, 3996 MHz, 0 %, 0 %
2026/03/24 05:58:30.352, 3, 234.73 W, 30, 2032 MHz, 3996 MHz, 0 %, 0 %
2026/03/24 05:58:30.352, 4, 179.07 W, 26, 120 MHz, 3996 MHz, 0 %, 0 %
2026/03/24 05:58:30.352, 5, 180.70 W, 28, 120 MHz, 3996 MHz, 0 %, 0 %
2026/03/24 05:58:30.352, 6, 178.56 W, 27, 120 MHz, 3996 MHz, 0 %, 0 %
2026/03/24 05:58:30.352, 7, 176.62 W, 28, 120 MHz, 3996 MHz, 0 %, 0 %
2026/03/24 05:58:31.352, 0, 228.38 W, 27, 2032 MHz, 3996 MHz, 0 %, 0 %
2026/03/24 05:58:31.352, 1, 233.16 W, 29, 2032 MHz, 3996 MHz, 0 %, 0 %
2026/03/24 05:58:31.352, 2, 233.95 W, 27, 2032 MHz, 3996 MHz, 0 %, 0 %
2026/03/24 05:58:31.352, 3, 234.53 W, 30, 2032 MHz, 3996 MHz, 0 %, 0 %
2026/03/24 05:58:31.352, 4, 179.32 W, 26, 120 MHz, 3996 MHz, 0 %, 0 %
2026/03/24 05:58:31.352, 5, 180.62 W, 28, 120 MHz, 3996 MHz, 0 %, 0 %
2026/03/24 05:58:31.352, 6, 178.60 W, 27, 120 MHz, 3996 MHz, 0 %, 0 %
2026/03/24 05:58:31.352, 7, 176.58 W, 28, 120 MHz, 3996 MHz, 0 %, 0 %
2026/03/24 05:58:32.352, 0, 228.26 W, 27, 2032 MHz, 3996 MHz, 0 %, 0 %
2026/03/24 05:58:32.352, 1, 233.16 W, 29, 2032 MHz, 3996 MHz, 0 %, 0 %
2026/03/24 05:58:32.352, 2, 233.92 W, 27, 2032 MHz, 3996 MHz, 0 %, 0 %
2026/03/24 05:58:32.352, 3, 234.27 W, 30, 2032 MHz, 3996 MHz, 0 %, 0 %
2026/03/24 05:58:32.352, 4, 179.66 W, 26, 120 MHz, 3996 MHz, 0 %, 0 %
2026/03/24 05:58:32.352, 5, 180.70 W, 28, 120 MHz, 3996 MHz, 0 %, 0 %
2026/03/24 05:58:32.352, 6, 178.64 W, 26, 120 MHz, 3996 MHz, 0 %, 0 %
2026/03/24 05:58:32.352, 7, 176.62 W, 28, 120 MHz, 3996 MHz, 0 %, 0 %
2026/03/24 05:58:33.352, 0, 228.18 W, 27, 2032 MHz, 3996 MHz, 1 %, 0 %
2026/03/24 05:58:33.352, 1, 233.16 W, 29, 2032 MHz, 3996 MHz, 1 %, 0 %
2026/03/24 05:58:33.352, 2, 233.96 W, 27, 2032 MHz, 3996 MHz, 0 %, 0 %
2026/03/24 05:58:33.352, 3, 233.71 W, 30, 2032 MHz, 3996 MHz, 1 %, 0 %
2026/03/24 05:58:33.352, 4, 179.37 W, 26, 120 MHz, 3996 MHz, 0 %, 0 %
2026/03/24 05:58:33.352, 5, 180.74 W, 28, 120 MHz, 3996 MHz, 0 %, 0 %
2026/03/24 05:58:33.352, 6, 178.53 W, 26, 120 MHz, 3996 MHz, 0 %, 0 %
2026/03/24 05:58:33.352, 7, 176.62 W, 28, 120 MHz, 3996 MHz, 0 %, 0 %
2026/03/24 05:58:34.352, 0, 228.18 W, 27, 2032 MHz, 3996 MHz, 0 %, 0 %
2026/03/24 05:58:34.352, 1, 233.16 W, 29, 2032 MHz, 3996 MHz, 2 %, 0 %
2026/03/24 05:58:34.352, 2, 233.93 W, 27, 2032 MHz, 3996 MHz, 0 %, 0 %
2026/03/24 05:58:34.352, 3, 233.82 W, 30, 2032 MHz, 3996 MHz, 0 %, 0 %
2026/03/24 05:58:34.352, 4, 179.36 W, 26, 120 MHz, 3996 MHz, 0 %, 0 %
2026/03/24 05:58:34.352, 5, 180.62 W, 28, 120 MHz, 3996 MHz, 0 %, 0 %
2026/03/24 05:58:34.352, 6, 178.60 W, 26, 120 MHz, 3996 MHz, 0 %, 0 %
2026/03/24 05:58:34.352, 7, 176.62 W, 28, 120 MHz, 3996 MHz, 0 %, 0 %
2026/03/24 05:58:35.353, 0, 228.18 W, 27, 2032 MHz, 3996 MHz, 0 %, 0 %
2026/03/24 05:58:35.353, 1, 233.16 W, 29, 2032 MHz, 3996 MHz, 0 %, 0 %
2026/03/24 05:58:35.353, 2, 233.91 W, 27, 2032 MHz, 3996 MHz, 0 %, 0 %
2026/03/24 05:58:35.353, 3, 233.62 W, 30, 2032 MHz, 3996 MHz, 0 %, 0 %
2026/03/24 05:58:35.353, 4, 179.44 W, 25, 120 MHz, 3996 MHz, 0 %, 0 %
2026/03/24 05:58:35.353, 5, 180.58 W, 28, 120 MHz, 3996 MHz, 0 %, 0 %
2026/03/24 05:58:35.353, 6, 178.56 W, 26, 120 MHz, 3996 MHz, 0 %, 0 %
2026/03/24 05:58:35.353, 7, 176.62 W, 28, 120 MHz, 3996 MHz, 0 %, 0 %
2026/03/24 05:58:36.353, 0, 228.07 W, 27, 2032 MHz, 3996 MHz, 0 %, 0 %
2026/03/24 05:58:36.353, 1, 233.16 W, 29, 2032 MHz, 3996 MHz, 0 %, 0 %
2026/03/24 05:58:36.353, 2, 233.91 W, 27, 2032 MHz, 3996 MHz, 0 %, 0 %
2026/03/24 05:58:36.353, 3, 233.36 W, 30, 2032 MHz, 3996 MHz, 0 %, 0 %
2026/03/24 05:58:36.353, 4, 179.30 W, 25, 120 MHz, 3996 MHz, 0 %, 0 %
2026/03/24 05:58:36.353, 5, 180.58 W, 28, 120 MHz, 3996 MHz, 0 %, 0 %
2026/03/24 05:58:36.353, 6, 178.57 W, 26, 120 MHz, 3996 MHz, 0 %, 0 %
2026/03/24 05:58:36.353, 7, 176.58 W, 28, 120 MHz, 3996 MHz, 0 %, 0 %
2026/03/24 05:58:37.353, 0, 228.10 W, 27, 2032 MHz, 3996 MHz, 0 %, 0 %
2026/03/24 05:58:37.353, 1, 233.16 W, 29, 2032 MHz, 3996 MHz, 0 %, 0 %
2026/03/24 05:58:37.353, 2, 233.89 W, 27, 2032 MHz, 3996 MHz, 0 %, 0 %
2026/03/24 05:58:37.353, 3, 233.17 W, 30, 2032 MHz, 3996 MHz, 0 %, 0 %
2026/03/24 05:58:37.353, 4, 179.21 W, 25, 120 MHz, 3996 MHz, 0 %, 0 %
2026/03/24 05:58:37.353, 5, 180.58 W, 28, 120 MHz, 3996 MHz, 0 %, 0 %
2026/03/24 05:58:37.353, 6, 178.57 W, 26, 120 MHz, 3996 MHz, 0 %, 0 %
2026/03/24 05:58:37.353, 7, 176.62 W, 28, 120 MHz, 3996 MHz, 0 %, 0 %
2026/03/24 05:58:38.353, 0, 228.07 W, 27, 2032 MHz, 3996 MHz, 0 %, 0 %
2026/03/24 05:58:38.353, 1, 233.16 W, 29, 2032 MHz, 3996 MHz, 0 %, 0 %
2026/03/24 05:58:38.353, 2, 233.93 W, 27, 2032 MHz, 3996 MHz, 0 %, 0 %
2026/03/24 05:58:38.353, 3, 233.25 W, 30, 2032 MHz, 3996 MHz, 0 %, 0 %
2026/03/24 05:58:38.353, 4, 179.14 W, 25, 120 MHz, 3996 MHz, 0 %, 0 %
2026/03/24 05:58:38.353, 5, 180.58 W, 28, 120 MHz, 3996 MHz, 0 %, 0 %
2026/03/24 05:58:38.353, 6, 178.60 W, 26, 120 MHz, 3996 MHz, 0 %, 0 %
2026/03/24 05:58:38.353, 7, 176.58 W, 28, 120 MHz, 3996 MHz, 0 %, 0 %
2026/03/24 05:58:39.353, 0, 228.07 W, 27, 2032 MHz, 3996 MHz, 0 %, 0 %
2026/03/24 05:58:39.353, 1, 233.16 W, 29, 2032 MHz, 3996 MHz, 0 %, 0 %
2026/03/24 05:58:39.353, 2, 233.94 W, 27, 2032 MHz, 3996 MHz, 0 %, 0 %
2026/03/24 05:58:39.353, 3, 233.33 W, 30, 2032 MHz, 3996 MHz, 0 %, 0 %
2026/03/24 05:58:39.353, 4, 179.25 W, 25, 120 MHz, 3996 MHz, 0 %, 0 %
2026/03/24 05:58:39.353, 5, 180.62 W, 28, 120 MHz, 3996 MHz, 0 %, 0 %
2026/03/24 05:58:39.353, 6, 178.56 W, 26, 120 MHz, 3996 MHz, 0 %, 0 %
2026/03/24 05:58:39.353, 7, 176.59 W, 28, 120 MHz, 3996 MHz, 0 %, 0 %
2026/03/24 05:58:40.353, 0, 228.06 W, 27, 2032 MHz, 3996 MHz, 0 %, 0 %
2026/03/24 05:58:40.353, 1, 233.16 W, 29, 2032 MHz, 3996 MHz, 0 %, 0 %
2026/03/24 05:58:40.353, 2, 233.96 W, 27, 2032 MHz, 3996 MHz, 0 %, 0 %
2026/03/24 05:58:40.353, 3, 233.20 W, 30, 2032 MHz, 3996 MHz, 0 %, 0 %
2026/03/24 05:58:40.353, 4, 179.26 W, 25, 120 MHz, 3996 MHz, 0 %, 0 %
2026/03/24 05:58:40.353, 5, 180.66 W, 28, 120 MHz, 3996 MHz, 0 %, 0 %
2026/03/24 05:58:40.353, 6, 178.60 W, 26, 120 MHz, 3996 MHz, 0 %, 0 %
2026/03/24 05:58:40.353, 7, 176.58 W, 28, 120 MHz, 3996 MHz, 0 %, 0 %
2026/03/24 05:58:41.353, 0, 228.07 W, 27, 2032 MHz, 3996 MHz, 0 %, 0 %
2026/03/24 05:58:41.353, 1, 233.16 W, 29, 2032 MHz, 3996 MHz, 0 %, 0 %
2026/03/24 05:58:41.353, 2, 233.90 W, 27, 2032 MHz, 3996 MHz, 0 %, 0 %
2026/03/24 05:58:41.353, 3, 233.20 W, 30, 2032 MHz, 3996 MHz, 0 %, 0 %
2026/03/24 05:58:41.353, 4, 179.24 W, 25, 120 MHz, 3996 MHz, 0 %, 0 %
2026/03/24 05:58:41.354, 5, 180.66 W, 28, 120 MHz, 3996 MHz, 0 %, 0 %
2026/03/24 05:58:41.354, 6, 178.56 W, 26, 120 MHz, 3996 MHz, 0 %, 0 %
2026/03/24 05:58:41.354, 7, 176.58 W, 28, 120 MHz, 3996 MHz, 0 %, 0 %
2026/03/24 05:58:42.354, 0, 228.07 W, 27, 2032 MHz, 3996 MHz, 0 %, 0 %
2026/03/24 05:58:42.354, 1, 233.16 W, 29, 2032 MHz, 3996 MHz, 0 %, 0 %
2026/03/24 05:58:42.354, 2, 233.93 W, 27, 2032 MHz, 3996 MHz, 0 %, 0 %
2026/03/24 05:58:42.354, 3, 233.17 W, 30, 2032 MHz, 3996 MHz, 0 %, 0 %
2026/03/24 05:58:42.354, 4, 179.29 W, 25, 120 MHz, 3996 MHz, 0 %, 0 %
2026/03/24 05:58:42.354, 5, 180.58 W, 28, 120 MHz, 3996 MHz, 0 %, 0 %
2026/03/24 05:58:42.354, 6, 178.45 W, 26, 120 MHz, 3996 MHz, 0 %, 0 %
2026/03/24 05:58:42.354, 7, 176.58 W, 28, 120 MHz, 3996 MHz, 0 %, 0 %
2026/03/24 05:58:43.354, 0, 228.07 W, 27, 2032 MHz, 3996 MHz, 0 %, 0 %
2026/03/24 05:58:43.354, 1, 233.16 W, 29, 2032 MHz, 3996 MHz, 0 %, 0 %
2026/03/24 05:58:43.354, 2, 233.94 W, 27, 2032 MHz, 3996 MHz, 0 %, 0 %
2026/03/24 05:58:43.354, 3, 233.25 W, 30, 2032 MHz, 3996 MHz, 0 %, 0 %
2026/03/24 05:58:43.354, 4, 179.02 W, 25, 120 MHz, 3996 MHz, 0 %, 0 %
2026/03/24 05:58:43.354, 5, 180.58 W, 28, 120 MHz, 3996 MHz, 0 %, 0 %
2026/03/24 05:58:43.354, 6, 178.57 W, 26, 120 MHz, 3996 MHz, 0 %, 0 %
2026/03/24 05:58:43.354, 7, 176.58 W, 28, 120 MHz, 3996 MHz, 0 %, 0 %
2026/03/24 05:58:44.354, 0, 228.07 W, 27, 2032 MHz, 3996 MHz, 0 %, 0 %
2026/03/24 05:58:44.354, 1, 233.13 W, 29, 2032 MHz, 3996 MHz, 0 %, 0 %
2026/03/24 05:58:44.354, 2, 233.83 W, 27, 2032 MHz, 3996 MHz, 0 %, 0 %
2026/03/24 05:58:44.354, 3, 233.17 W, 30, 2032 MHz, 3996 MHz, 0 %, 0 %
2026/03/24 05:58:44.354, 4, 179.25 W, 25, 120 MHz, 3996 MHz, 0 %, 0 %
2026/03/24 05:58:44.354, 5, 180.58 W, 28, 120 MHz, 3996 MHz, 0 %, 0 %
2026/03/24 05:58:44.354, 6, 178.53 W, 26, 120 MHz, 3996 MHz, 0 %, 0 %
2026/03/24 05:58:44.354, 7, 176.58 W, 28, 120 MHz, 3996 MHz, 0 %, 0 %
2026/03/24 05:58:45.354, 0, 228.07 W, 27, 2032 MHz, 3996 MHz, 0 %, 0 %
2026/03/24 05:58:45.354, 1, 233.13 W, 29, 2032 MHz, 3996 MHz, 0 %, 0 %
2026/03/24 05:58:45.354, 2, 233.93 W, 27, 2032 MHz, 3996 MHz, 0 %, 0 %
2026/03/24 05:58:45.354, 3, 233.16 W, 30, 2032 MHz, 3996 MHz, 0 %, 0 %
2026/03/24 05:58:45.354, 4, 179.05 W, 25, 120 MHz, 3996 MHz, 0 %, 0 %
2026/03/24 05:58:45.354, 5, 180.58 W, 28, 120 MHz, 3996 MHz, 0 %, 0 %
2026/03/24 05:58:45.354, 6, 178.52 W, 26, 120 MHz, 3996 MHz, 0 %, 0 %
2026/03/24 05:58:45.354, 7, 176.58 W, 28, 120 MHz, 3996 MHz, 0 %, 0 %
2026/03/24 05:58:46.354, 0, 228.07 W, 27, 2032 MHz, 3996 MHz, 0 %, 0 %
2026/03/24 05:58:46.354, 1, 233.16 W, 29, 2032 MHz, 3996 MHz, 0 %, 0 %
2026/03/24 05:58:46.354, 2, 233.93 W, 27, 2032 MHz, 3996 MHz, 0 %, 0 %
2026/03/24 05:58:46.354, 3, 233.36 W, 30, 2032 MHz, 3996 MHz, 0 %, 0 %
2026/03/24 05:58:46.354, 4, 179.21 W, 25, 120 MHz, 3996 MHz, 0 %, 0 %
2026/03/24 05:58:46.354, 5, 180.62 W, 28, 120 MHz, 3996 MHz, 0 %, 0 %
2026/03/24 05:58:46.354, 6, 178.53 W, 26, 120 MHz, 3996 MHz, 0 %, 0 %
2026/03/24 05:58:46.354, 7, 176.58 W, 28, 120 MHz, 3996 MHz, 0 %, 0 %
2026/03/24 05:58:47.354, 0, 228.15 W, 27, 2032 MHz, 3996 MHz, 0 %, 0 %
2026/03/24 05:58:47.354, 1, 233.20 W, 29, 2032 MHz, 3996 MHz, 0 %, 0 %
2026/03/24 05:58:47.354, 2, 233.98 W, 27, 2032 MHz, 3996 MHz, 0 %, 0 %
2026/03/24 05:58:47.354, 3, 233.91 W, 30, 2032 MHz, 3996 MHz, 0 %, 0 %
2026/03/24 05:58:47.354, 4, 179.05 W, 25, 120 MHz, 3996 MHz, 0 %, 0 %
2026/03/24 05:58:47.354, 5, 180.58 W, 28, 120 MHz, 3996 MHz, 0 %, 0 %
2026/03/24 05:58:47.354, 6, 178.52 W, 26, 120 MHz, 3996 MHz, 0 %, 0 %
2026/03/24 05:58:47.354, 7, 176.58 W, 28, 120 MHz, 3996 MHz, 0 %, 0 %
2026/03/24 05:58:48.355, 0, 228.38 W, 27, 2032 MHz, 3996 MHz, 0 %, 0 %
2026/03/24 05:58:48.355, 1, 233.16 W, 29, 2032 MHz, 3996 MHz, 0 %, 0 %
2026/03/24 05:58:48.355, 2, 233.90 W, 27, 2032 MHz, 3996 MHz, 0 %, 0 %
2026/03/24 05:58:48.355, 3, 233.62 W, 30, 2032 MHz, 3996 MHz, 0 %, 0 %
2026/03/24 05:58:48.355, 4, 179.26 W, 25, 120 MHz, 3996 MHz, 0 %, 0 %
2026/03/24 05:58:48.355, 5, 180.62 W, 28, 120 MHz, 3996 MHz, 0 %, 0 %
2026/03/24 05:58:48.355, 6, 178.57 W, 26, 120 MHz, 3996 MHz, 0 %, 0 %
2026/03/24 05:58:48.355, 7, 176.58 W, 28, 120 MHz, 3996 MHz, 0 %, 0 %
2026/03/24 05:58:49.355, 0, 228.07 W, 27, 2032 MHz, 3996 MHz, 0 %, 0 %
2026/03/24 05:58:49.355, 1, 233.16 W, 29, 2032 MHz, 3996 MHz, 0 %, 0 %
2026/03/24 05:58:49.355, 2, 233.92 W, 27, 2032 MHz, 3996 MHz, 0 %, 0 %
2026/03/24 05:58:49.355, 3, 233.39 W, 30, 2032 MHz, 3996 MHz, 0 %, 0 %
2026/03/24 05:58:49.355, 4, 179.17 W, 25, 120 MHz, 3996 MHz, 0 %, 0 %
2026/03/24 05:58:49.355, 5, 180.58 W, 28, 120 MHz, 3996 MHz, 0 %, 0 %
2026/03/24 05:58:49.355, 6, 178.49 W, 26, 120 MHz, 3996 MHz, 0 %, 0 %
2026/03/24 05:58:49.355, 7, 176.58 W, 28, 120 MHz, 3996 MHz, 0 %, 0 %
2026/03/24 05:58:50.355, 0, 228.11 W, 27, 2032 MHz, 3996 MHz, 0 %, 0 %
2026/03/24 05:58:50.355, 1, 233.16 W, 29, 2032 MHz, 3996 MHz, 0 %, 0 %
2026/03/24 05:58:50.355, 2, 233.97 W, 27, 2032 MHz, 3996 MHz, 0 %, 0 %
2026/03/24 05:58:50.355, 3, 233.27 W, 30, 2032 MHz, 3996 MHz, 0 %, 0 %
2026/03/24 05:58:50.355, 4, 179.33 W, 25, 120 MHz, 3996 MHz, 0 %, 0 %
2026/03/24 05:58:50.355, 5, 180.58 W, 28, 120 MHz, 3996 MHz, 0 %, 0 %
2026/03/24 05:58:50.355, 6, 178.49 W, 26, 120 MHz, 3996 MHz, 0 %, 0 %
2026/03/24 05:58:50.355, 7, 176.58 W, 28, 120 MHz, 3996 MHz, 0 %, 0 %
2026/03/24 05:58:51.355, 0, 228.07 W, 27, 2032 MHz, 3996 MHz, 0 %, 0 %
2026/03/24 05:58:51.355, 1, 233.16 W, 29, 2032 MHz, 3996 MHz, 0 %, 0 %
2026/03/24 05:58:51.355, 2, 233.93 W, 27, 2032 MHz, 3996 MHz, 0 %, 0 %
2026/03/24 05:58:51.355, 3, 233.17 W, 30, 2032 MHz, 3996 MHz, 0 %, 0 %
2026/03/24 05:58:51.355, 4, 179.06 W, 25, 120 MHz, 3996 MHz, 0 %, 0 %
2026/03/24 05:58:51.355, 5, 180.58 W, 28, 120 MHz, 3996 MHz, 0 %, 0 %
2026/03/24 05:58:51.355, 6, 178.64 W, 26, 120 MHz, 3996 MHz, 0 %, 0 %
2026/03/24 05:58:51.355, 7, 176.59 W, 28, 120 MHz, 3996 MHz, 0 %, 0 %
2026/03/24 05:58:52.355, 0, 228.11 W, 27, 2032 MHz, 3996 MHz, 0 %, 0 %
2026/03/24 05:58:52.355, 1, 233.16 W, 29, 2032 MHz, 3996 MHz, 0 %, 0 %
2026/03/24 05:58:52.355, 2, 233.97 W, 27, 2032 MHz, 3996 MHz, 0 %, 0 %
2026/03/24 05:58:52.355, 3, 233.32 W, 30, 2032 MHz, 3996 MHz, 0 %, 0 %
2026/03/24 05:58:52.355, 4, 178.97 W, 25, 120 MHz, 3996 MHz, 0 %, 0 %
2026/03/24 05:58:52.355, 5, 180.58 W, 28, 120 MHz, 3996 MHz, 0 %, 0 %
2026/03/24 05:58:52.355, 6, 178.53 W, 26, 120 MHz, 3996 MHz, 0 %, 0 %
2026/03/24 05:58:52.355, 7, 176.59 W, 28, 120 MHz, 3996 MHz, 0 %, 0 %
2026/03/24 05:58:53.355, 0, 228.11 W, 27, 2032 MHz, 3996 MHz, 6 %, 0 %
2026/03/24 05:58:53.355, 1, 233.16 W, 29, 2032 MHz, 3996 MHz, 7 %, 0 %
2026/03/24 05:58:53.355, 2, 233.97 W, 27, 2032 MHz, 3996 MHz, 7 %, 0 %
2026/03/24 05:58:53.355, 3, 233.40 W, 30, 2032 MHz, 3996 MHz, 6 %, 0 %
2026/03/24 05:58:53.355, 4, 179.31 W, 25, 120 MHz, 3996 MHz, 0 %, 0 %
2026/03/24 05:58:53.355, 5, 180.58 W, 28, 120 MHz, 3996 MHz, 0 %, 0 %
2026/03/24 05:58:53.355, 6, 178.56 W, 26, 120 MHz, 3996 MHz, 0 %, 0 %
2026/03/24 05:58:53.355, 7, 176.59 W, 28, 120 MHz, 3996 MHz, 0 %, 0 %
2026/03/24 05:58:54.355, 0, 229.23 W, 27, 2032 MHz, 3996 MHz, 4 %, 0 %
2026/03/24 05:58:54.355, 1, 233.59 W, 29, 2032 MHz, 3996 MHz, 9 %, 0 %
2026/03/24 05:58:54.355, 2, 234.50 W, 27, 2032 MHz, 3996 MHz, 11 %, 0 %
2026/03/24 05:58:54.355, 3, 234.37 W, 30, 2032 MHz, 3996 MHz, 5 %, 0 %
2026/03/24 05:58:54.355, 4, 179.16 W, 25, 120 MHz, 3996 MHz, 0 %, 0 %
2026/03/24 05:58:54.356, 5, 180.66 W, 28, 120 MHz, 3996 MHz, 0 %, 0 %
2026/03/24 05:58:54.356, 6, 178.49 W, 26, 120 MHz, 3996 MHz, 0 %, 0 %
2026/03/24 05:58:54.356, 7, 176.59 W, 28, 120 MHz, 3996 MHz, 0 %, 0 %
2026/03/24 05:58:55.356, 0, 229.54 W, 27, 2032 MHz, 3996 MHz, 9 %, 0 %
2026/03/24 05:58:55.356, 1, 233.39 W, 29, 2032 MHz, 3996 MHz, 7 %, 0 %
2026/03/24 05:58:55.356, 2, 234.66 W, 27, 2032 MHz, 3996 MHz, 11 %, 0 %
2026/03/24 05:58:55.356, 3, 234.77 W, 30, 2032 MHz, 3996 MHz, 5 %, 0 %
2026/03/24 05:58:55.356, 4, 179.14 W, 25, 120 MHz, 3996 MHz, 0 %, 0 %
2026/03/24 05:58:55.356, 5, 180.58 W, 28, 120 MHz, 3996 MHz, 0 %, 0 %
2026/03/24 05:58:55.356, 6, 178.49 W, 26, 120 MHz, 3996 MHz, 0 %, 0 %
2026/03/24 05:58:55.356, 7, 176.58 W, 28, 120 MHz, 3996 MHz, 0 %, 0 %
2026/03/24 05:58:56.356, 0, 229.46 W, 27, 2032 MHz, 3996 MHz, 9 %, 0 %
2026/03/24 05:58:56.356, 1, 233.51 W, 29, 2032 MHz, 3996 MHz, 5 %, 0 %
2026/03/24 05:58:56.356, 2, 234.69 W, 27, 2032 MHz, 3996 MHz, 11 %, 0 %
2026/03/24 05:58:56.356, 3, 234.68 W, 30, 2032 MHz, 3996 MHz, 5 %, 0 %
2026/03/24 05:58:56.356, 4, 179.20 W, 25, 120 MHz, 3996 MHz, 0 %, 0 %
2026/03/24 05:58:56.356, 5, 180.58 W, 28, 120 MHz, 3996 MHz, 0 %, 0 %
2026/03/24 05:58:56.356, 6, 178.53 W, 26, 120 MHz, 3996 MHz, 0 %, 0 %
2026/03/24 05:58:56.356, 7, 176.58 W, 28, 120 MHz, 3996 MHz, 0 %, 0 %
2026/03/24 05:58:57.356, 0, 229.31 W, 27, 2032 MHz, 3996 MHz, 9 %, 0 %
2026/03/24 05:58:57.356, 1, 233.39 W, 29, 2032 MHz, 3996 MHz, 5 %, 0 %
2026/03/24 05:58:57.356, 2, 234.56 W, 27, 2032 MHz, 3996 MHz, 11 %, 0 %
2026/03/24 05:58:57.356, 3, 234.69 W, 30, 2032 MHz, 3996 MHz, 7 %, 0 %
2026/03/24 05:58:57.356, 4, 179.18 W, 25, 120 MHz, 3996 MHz, 0 %, 0 %
2026/03/24 05:58:57.356, 5, 180.58 W, 28, 120 MHz, 3996 MHz, 0 %, 0 %
2026/03/24 05:58:57.356, 6, 178.52 W, 26, 120 MHz, 3996 MHz, 0 %, 0 %
2026/03/24 05:58:57.356, 7, 176.58 W, 28, 120 MHz, 3996 MHz, 0 %, 0 %
2026/03/24 05:58:58.356, 0, 229.38 W, 27, 2032 MHz, 3996 MHz, 9 %, 0 %
2026/03/24 05:58:58.356, 1, 233.48 W, 29, 2032 MHz, 3996 MHz, 4 %, 0 %
2026/03/24 05:58:58.356, 2, 234.58 W, 27, 2032 MHz, 3996 MHz, 11 %, 0 %
2026/03/24 05:58:58.356, 3, 234.80 W, 30, 2032 MHz, 3996 MHz, 8 %, 0 %
2026/03/24 05:58:58.356, 4, 179.43 W, 25, 120 MHz, 3996 MHz, 0 %, 0 %
2026/03/24 05:58:58.356, 5, 180.58 W, 28, 120 MHz, 3996 MHz, 0 %, 0 %
2026/03/24 05:58:58.356, 6, 178.45 W, 26, 120 MHz, 3996 MHz, 0 %, 0 %
2026/03/24 05:58:58.356, 7, 176.58 W, 28, 120 MHz, 3996 MHz, 0 %, 0 %
2026/03/24 05:58:59.356, 0, 229.58 W, 27, 2032 MHz, 3996 MHz, 10 %, 0 %
2026/03/24 05:58:59.356, 1, 233.62 W, 29, 2032 MHz, 3996 MHz, 5 %, 0 %
2026/03/24 05:58:59.356, 2, 234.73 W, 27, 2032 MHz, 3996 MHz, 10 %, 0 %
2026/03/24 05:58:59.356, 3, 234.81 W, 30, 2032 MHz, 3996 MHz, 9 %, 0 %
2026/03/24 05:58:59.356, 4, 179.18 W, 25, 120 MHz, 3996 MHz, 0 %, 0 %
2026/03/24 05:58:59.356, 5, 180.58 W, 28, 120 MHz, 3996 MHz, 0 %, 0 %
2026/03/24 05:58:59.356, 6, 178.49 W, 26, 120 MHz, 3996 MHz, 0 %, 0 %
2026/03/24 05:58:59.356, 7, 176.58 W, 28, 120 MHz, 3996 MHz, 0 %, 0 %
2026/03/24 05:59:00.356, 0, 229.54 W, 27, 2032 MHz, 3996 MHz, 10 %, 0 %
2026/03/24 05:59:00.356, 1, 233.86 W, 29, 2032 MHz, 3996 MHz, 5 %, 0 %
2026/03/24 05:59:00.356, 2, 234.58 W, 27, 2032 MHz, 3996 MHz, 11 %, 0 %
2026/03/24 05:59:00.356, 3, 234.93 W, 30, 2032 MHz, 3996 MHz, 9 %, 0 %
2026/03/24 05:59:00.356, 4, 179.24 W, 25, 120 MHz, 3996 MHz, 0 %, 0 %
2026/03/24 05:59:00.356, 5, 180.58 W, 28, 120 MHz, 3996 MHz, 0 %, 0 %
2026/03/24 05:59:00.356, 6, 178.33 W, 26, 120 MHz, 3996 MHz, 0 %, 0 %
2026/03/24 05:59:00.356, 7, 176.58 W, 28, 120 MHz, 3996 MHz, 0 %, 0 %
2026/03/24 05:59:01.356, 0, 229.30 W, 27, 2032 MHz, 3996 MHz, 10 %, 0 %
2026/03/24 05:59:01.356, 1, 233.59 W, 29, 2032 MHz, 3996 MHz, 8 %, 0 %
2026/03/24 05:59:01.357, 2, 234.89 W, 27, 2032 MHz, 3996 MHz, 11 %, 0 %
2026/03/24 05:59:01.357, 3, 234.94 W, 30, 2032 MHz, 3996 MHz, 10 %, 0 %
2026/03/24 05:59:01.357, 4, 179.21 W, 25, 120 MHz, 3996 MHz, 0 %, 0 %
2026/03/24 05:59:01.357, 5, 180.62 W, 28, 120 MHz, 3996 MHz, 0 %, 0 %
2026/03/24 05:59:01.357, 6, 178.49 W, 26, 120 MHz, 3996 MHz, 0 %, 0 %
2026/03/24 05:59:01.357, 7, 176.58 W, 28, 120 MHz, 3996 MHz, 0 %, 0 %
2026/03/24 05:59:02.357, 0, 229.26 W, 27, 2032 MHz, 3996 MHz, 9 %, 0 %
2026/03/24 05:59:02.357, 1, 233.66 W, 29, 2032 MHz, 3996 MHz, 8 %, 0 %
2026/03/24 05:59:02.357, 2, 234.45 W, 27, 2032 MHz, 3996 MHz, 10 %, 0 %
2026/03/24 05:59:02.357, 3, 234.73 W, 30, 2032 MHz, 3996 MHz, 10 %, 0 %
2026/03/24 05:59:02.357, 4, 179.06 W, 25, 120 MHz, 3996 MHz, 0 %, 0 %
2026/03/24 05:59:02.357, 5, 180.58 W, 28, 120 MHz, 3996 MHz, 0 %, 0 %
2026/03/24 05:59:02.357, 6, 178.49 W, 26, 120 MHz, 3996 MHz, 0 %, 0 %
2026/03/24 05:59:02.357, 7, 176.58 W, 28, 120 MHz, 3996 MHz, 0 %, 0 %
2026/03/24 05:59:03.357, 0, 229.51 W, 27, 2032 MHz, 3996 MHz, 9 %, 0 %
2026/03/24 05:59:03.357, 1, 233.48 W, 29, 2032 MHz, 3996 MHz, 8 %, 0 %
2026/03/24 05:59:03.357, 2, 234.67 W, 27, 2032 MHz, 3996 MHz, 11 %, 0 %
2026/03/24 05:59:03.357, 3, 234.93 W, 30, 2032 MHz, 3996 MHz, 10 %, 0 %
2026/03/24 05:59:03.357, 4, 179.10 W, 25, 120 MHz, 3996 MHz, 0 %, 0 %
2026/03/24 05:59:03.357, 5, 180.58 W, 28, 120 MHz, 3996 MHz, 0 %, 0 %
2026/03/24 05:59:03.357, 6, 178.60 W, 26, 120 MHz, 3996 MHz, 0 %, 0 %
2026/03/24 05:59:03.357, 7, 176.58 W, 28, 120 MHz, 3996 MHz, 0 %, 0 %
2026/03/24 05:59:04.357, 0, 229.31 W, 27, 2032 MHz, 3996 MHz, 7 %, 0 %
2026/03/24 05:59:04.357, 1, 233.32 W, 29, 2032 MHz, 3996 MHz, 8 %, 0 %
2026/03/24 05:59:04.357, 2, 234.56 W, 27, 2032 MHz, 3996 MHz, 11 %, 0 %
2026/03/24 05:59:04.357, 3, 234.74 W, 30, 2032 MHz, 3996 MHz, 10 %, 0 %
2026/03/24 05:59:04.357, 4, 179.09 W, 25, 120 MHz, 3996 MHz, 0 %, 0 %
2026/03/24 05:59:04.357, 5, 180.58 W, 28, 120 MHz, 3996 MHz, 0 %, 0 %
2026/03/24 05:59:04.357, 6, 178.60 W, 26, 120 MHz, 3996 MHz, 0 %, 0 %
2026/03/24 05:59:04.357, 7, 176.58 W, 27, 120 MHz, 3996 MHz, 0 %, 0 %
2026/03/24 05:59:05.357, 0, 229.51 W, 27, 2032 MHz, 3996 MHz, 7 %, 0 %
2026/03/24 05:59:05.357, 1, 233.48 W, 29, 2032 MHz, 3996 MHz, 8 %, 0 %
2026/03/24 05:59:05.357, 2, 234.77 W, 27, 2032 MHz, 3996 MHz, 11 %, 0 %
2026/03/24 05:59:05.357, 3, 234.81 W, 30, 2032 MHz, 3996 MHz, 10 %, 0 %
2026/03/24 05:59:05.357, 4, 179.03 W, 25, 120 MHz, 3996 MHz, 0 %, 0 %
2026/03/24 05:59:05.357, 5, 180.62 W, 28, 120 MHz, 3996 MHz, 0 %, 0 %
2026/03/24 05:59:05.357, 6, 178.45 W, 26, 120 MHz, 3996 MHz, 0 %, 0 %
2026/03/24 05:59:05.357, 7, 176.58 W, 27, 120 MHz, 3996 MHz, 0 %, 0 %
2026/03/24 05:59:06.357, 0, 229.58 W, 27, 2032 MHz, 3996 MHz, 7 %, 0 %
2026/03/24 05:59:06.357, 1, 233.39 W, 29, 2032 MHz, 3996 MHz, 6 %, 0 %
2026/03/24 05:59:06.357, 2, 234.82 W, 27, 2032 MHz, 3996 MHz, 11 %, 0 %
2026/03/24 05:59:06.357, 3, 234.99 W, 30, 2032 MHz, 3996 MHz, 10 %, 0 %
2026/03/24 05:59:06.357, 4, 179.10 W, 25, 120 MHz, 3996 MHz, 0 %, 0 %
2026/03/24 05:59:06.357, 5, 180.58 W, 28, 120 MHz, 3996 MHz, 0 %, 0 %
2026/03/24 05:59:06.357, 6, 178.49 W, 26, 120 MHz, 3996 MHz, 0 %, 0 %
2026/03/24 05:59:06.357, 7, 176.58 W, 27, 120 MHz, 3996 MHz, 0 %, 0 %
2026/03/24 05:59:07.358, 0, 229.57 W, 27, 2032 MHz, 3996 MHz, 6 %, 0 %
2026/03/24 05:59:07.358, 1, 233.55 W, 29, 2032 MHz, 3996 MHz, 8 %, 0 %
2026/03/24 05:59:07.358, 2, 234.77 W, 27, 2032 MHz, 3996 MHz, 7 %, 0 %
2026/03/24 05:59:07.358, 3, 234.73 W, 30, 2032 MHz, 3996 MHz, 10 %, 0 %
2026/03/24 05:59:07.358, 4, 179.10 W, 25, 120 MHz, 3996 MHz, 0 %, 0 %
2026/03/24 05:59:07.358, 5, 180.58 W, 28, 120 MHz, 3996 MHz, 0 %, 0 %
2026/03/24 05:59:07.358, 6, 178.45 W, 26, 120 MHz, 3996 MHz, 0 %, 0 %
2026/03/24 05:59:07.358, 7, 176.58 W, 27, 120 MHz, 3996 MHz, 0 %, 0 %
2026/03/24 05:59:08.358, 0, 229.34 W, 27, 2032 MHz, 3996 MHz, 6 %, 0 %
2026/03/24 05:59:08.358, 1, 233.55 W, 29, 2032 MHz, 3996 MHz, 9 %, 0 %
2026/03/24 05:59:08.358, 2, 234.69 W, 27, 2032 MHz, 3996 MHz, 6 %, 0 %
2026/03/24 05:59:08.358, 3, 234.65 W, 30, 2032 MHz, 3996 MHz, 9 %, 0 %
2026/03/24 05:59:08.358, 4, 178.86 W, 25, 120 MHz, 3996 MHz, 0 %, 0 %
2026/03/24 05:59:08.358, 5, 180.58 W, 28, 120 MHz, 3996 MHz, 0 %, 0 %
2026/03/24 05:59:08.358, 6, 178.45 W, 26, 120 MHz, 3996 MHz, 0 %, 0 %
2026/03/24 05:59:08.358, 7, 176.58 W, 27, 120 MHz, 3996 MHz, 0 %, 0 %
2026/03/24 05:59:09.358, 0, 229.43 W, 27, 2032 MHz, 3996 MHz, 5 %, 0 %
2026/03/24 05:59:09.358, 1, 233.63 W, 29, 2032 MHz, 3996 MHz, 9 %, 0 %
2026/03/24 05:59:09.358, 2, 234.82 W, 27, 2032 MHz, 3996 MHz, 4 %, 0 %
2026/03/24 05:59:09.358, 3, 234.76 W, 30, 2032 MHz, 3996 MHz, 10 %, 0 %
2026/03/24 05:59:09.358, 4, 178.91 W, 25, 120 MHz, 3996 MHz, 0 %, 0 %
2026/03/24 05:59:09.358, 5, 180.62 W, 28, 120 MHz, 3996 MHz, 0 %, 0 %
2026/03/24 05:59:09.358, 6, 178.53 W, 26, 120 MHz, 3996 MHz, 0 %, 0 %
2026/03/24 05:59:09.358, 7, 176.58 W, 27, 120 MHz, 3996 MHz, 0 %, 0 %
2026/03/24 05:59:10.358, 0, 229.55 W, 27, 2032 MHz, 3996 MHz, 5 %, 0 %
2026/03/24 05:59:10.358, 1, 233.66 W, 29, 2032 MHz, 3996 MHz, 9 %, 0 %
2026/03/24 05:59:10.358, 2, 234.89 W, 27, 2032 MHz, 3996 MHz, 5 %, 0 %
2026/03/24 05:59:10.358, 3, 234.57 W, 30, 2032 MHz, 3996 MHz, 10 %, 0 %
2026/03/24 05:59:10.358, 4, 178.91 W, 25, 120 MHz, 3996 MHz, 0 %, 0 %
2026/03/24 05:59:10.358, 5, 180.58 W, 28, 120 MHz, 3996 MHz, 0 %, 0 %
2026/03/24 05:59:10.358, 6, 178.41 W, 26, 120 MHz, 3996 MHz, 0 %, 0 %
2026/03/24 05:59:10.358, 7, 176.58 W, 27, 120 MHz, 3996 MHz, 0 %, 0 %
2026/03/24 05:59:11.358, 0, 229.46 W, 27, 2032 MHz, 3996 MHz, 4 %, 0 %
2026/03/24 05:59:11.358, 1, 233.40 W, 29, 2032 MHz, 3996 MHz, 9 %, 0 %
2026/03/24 05:59:11.358, 2, 234.96 W, 27, 2032 MHz, 3996 MHz, 5 %, 0 %
2026/03/24 05:59:11.358, 3, 234.67 W, 30, 2032 MHz, 3996 MHz, 10 %, 0 %
2026/03/24 05:59:11.358, 4, 178.79 W, 25, 120 MHz, 3996 MHz, 0 %, 0 %
2026/03/24 05:59:11.358, 5, 180.58 W, 28, 120 MHz, 3996 MHz, 0 %, 0 %
2026/03/24 05:59:11.358, 6, 178.34 W, 26, 120 MHz, 3996 MHz, 0 %, 0 %
2026/03/24 05:59:11.358, 7, 176.59 W, 27, 120 MHz, 3996 MHz, 0 %, 0 %
2026/03/24 05:59:12.358, 0, 229.50 W, 27, 2032 MHz, 3996 MHz, 5 %, 0 %
2026/03/24 05:59:12.358, 1, 233.32 W, 29, 2032 MHz, 3996 MHz, 9 %, 0 %
2026/03/24 05:59:12.358, 2, 234.77 W, 27, 2032 MHz, 3996 MHz, 5 %, 0 %
2026/03/24 05:59:12.358, 3, 234.65 W, 30, 2032 MHz, 3996 MHz, 10 %, 0 %
2026/03/24 05:59:12.358, 4, 178.79 W, 25, 120 MHz, 3996 MHz, 0 %, 0 %
2026/03/24 05:59:12.358, 5, 180.58 W, 28, 120 MHz, 3996 MHz, 0 %, 0 %
2026/03/24 05:59:12.358, 6, 178.49 W, 26, 120 MHz, 3996 MHz, 0 %, 0 %
2026/03/24 05:59:12.358, 7, 176.58 W, 27, 120 MHz, 3996 MHz, 0 %, 0 %
2026/03/24 05:59:13.359, 0, 229.24 W, 27, 2032 MHz, 3996 MHz, 4 %, 0 %
2026/03/24 05:59:13.359, 1, 233.51 W, 29, 2032 MHz, 3996 MHz, 8 %, 0 %
2026/03/24 05:59:13.359, 2, 234.86 W, 27, 2032 MHz, 3996 MHz, 5 %, 0 %
2026/03/24 05:59:13.359, 3, 234.62 W, 30, 2032 MHz, 3996 MHz, 10 %, 0 %
2026/03/24 05:59:13.359, 4, 179.14 W, 25, 120 MHz, 3996 MHz, 0 %, 0 %
2026/03/24 05:59:13.359, 5, 180.58 W, 28, 120 MHz, 3996 MHz, 0 %, 0 %
2026/03/24 05:59:13.359, 6, 178.52 W, 26, 120 MHz, 3996 MHz, 0 %, 0 %
2026/03/24 05:59:13.359, 7, 176.58 W, 27, 120 MHz, 3996 MHz, 0 %, 0 %
2026/03/24 05:59:14.359, 0, 229.57 W, 27, 2032 MHz, 3996 MHz, 4 %, 0 %
2026/03/24 05:59:14.359, 1, 233.35 W, 29, 2032 MHz, 3996 MHz, 7 %, 0 %
2026/03/24 05:59:14.359, 2, 234.82 W, 27, 2032 MHz, 3996 MHz, 6 %, 0 %
2026/03/24 05:59:14.359, 3, 234.68 W, 30, 2032 MHz, 3996 MHz, 9 %, 0 %
2026/03/24 05:59:14.359, 4, 179.05 W, 25, 120 MHz, 3996 MHz, 0 %, 0 %
2026/03/24 05:59:14.359, 5, 180.58 W, 28, 120 MHz, 3996 MHz, 0 %, 0 %
2026/03/24 05:59:14.359, 6, 178.45 W, 26, 120 MHz, 3996 MHz, 0 %, 0 %
2026/03/24 05:59:14.359, 7, 176.58 W, 27, 120 MHz, 3996 MHz, 0 %, 0 %
2026/03/24 05:59:15.359, 0, 229.26 W, 27, 2032 MHz, 3996 MHz, 5 %, 0 %
2026/03/24 05:59:15.359, 1, 233.32 W, 29, 2032 MHz, 3996 MHz, 5 %, 0 %
2026/03/24 05:59:15.359, 2, 234.73 W, 27, 2032 MHz, 3996 MHz, 8 %, 0 %
2026/03/24 05:59:15.359, 3, 234.69 W, 30, 2032 MHz, 3996 MHz, 8 %, 0 %
2026/03/24 05:59:15.359, 4, 179.02 W, 25, 120 MHz, 3996 MHz, 0 %, 0 %
2026/03/24 05:59:15.359, 5, 180.58 W, 28, 120 MHz, 3996 MHz, 0 %, 0 %
2026/03/24 05:59:15.359, 6, 178.45 W, 26, 120 MHz, 3996 MHz, 0 %, 0 %
2026/03/24 05:59:15.359, 7, 176.58 W, 27, 120 MHz, 3996 MHz, 0 %, 0 %
2026/03/24 05:59:16.359, 0, 229.35 W, 27, 2032 MHz, 3996 MHz, 8 %, 0 %
2026/03/24 05:59:16.359, 1, 233.24 W, 29, 2032 MHz, 3996 MHz, 5 %, 0 %
2026/03/24 05:59:16.359, 2, 234.68 W, 27, 2032 MHz, 3996 MHz, 10 %, 0 %
2026/03/24 05:59:16.359, 3, 234.76 W, 30, 2032 MHz, 3996 MHz, 7 %, 0 %
2026/03/24 05:59:16.359, 4, 179.22 W, 25, 120 MHz, 3996 MHz, 0 %, 0 %
2026/03/24 05:59:16.359, 5, 180.58 W, 28, 120 MHz, 3996 MHz, 0 %, 0 %
2026/03/24 05:59:16.359, 6, 178.52 W, 26, 120 MHz, 3996 MHz, 0 %, 0 %
2026/03/24 05:59:16.359, 7, 176.58 W, 27, 120 MHz, 3996 MHz, 0 %, 0 %
2026/03/24 05:59:17.359, 0, 229.30 W, 27, 2032 MHz, 3996 MHz, 9 %, 0 %
2026/03/24 05:59:17.359, 1, 233.20 W, 29, 2032 MHz, 3996 MHz, 5 %, 0 %
2026/03/24 05:59:17.359, 2, 234.85 W, 27, 2032 MHz, 3996 MHz, 11 %, 0 %
2026/03/24 05:59:17.359, 3, 234.78 W, 30, 2032 MHz, 3996 MHz, 6 %, 0 %
2026/03/24 05:59:17.359, 4, 179.16 W, 25, 120 MHz, 3996 MHz, 0 %, 0 %
2026/03/24 05:59:17.359, 5, 180.58 W, 28, 120 MHz, 3996 MHz, 0 %, 0 %
2026/03/24 05:59:17.359, 6, 178.38 W, 26, 120 MHz, 3996 MHz, 0 %, 0 %
2026/03/24 05:59:17.359, 7, 176.58 W, 27, 120 MHz, 3996 MHz, 0 %, 0 %
2026/03/24 05:59:18.359, 0, 229.43 W, 27, 2032 MHz, 3996 MHz, 9 %, 0 %
2026/03/24 05:59:18.359, 1, 233.51 W, 29, 2032 MHz, 3996 MHz, 6 %, 0 %
2026/03/24 05:59:18.359, 2, 234.66 W, 27, 2032 MHz, 3996 MHz, 11 %, 0 %
2026/03/24 05:59:18.359, 3, 234.64 W, 30, 2032 MHz, 3996 MHz, 6 %, 0 %
2026/03/24 05:59:18.359, 4, 179.09 W, 25, 120 MHz, 3996 MHz, 0 %, 0 %
2026/03/24 05:59:18.359, 5, 180.58 W, 28, 120 MHz, 3996 MHz, 0 %, 0 %
2026/03/24 05:59:18.359, 6, 178.45 W, 26, 120 MHz, 3996 MHz, 0 %, 0 %
2026/03/24 05:59:18.359, 7, 176.58 W, 27, 120 MHz, 3996 MHz, 0 %, 0 %
2026/03/24 05:59:19.360, 0, 229.38 W, 27, 2032 MHz, 3996 MHz, 6 %, 0 %
2026/03/24 05:59:19.360, 1, 233.44 W, 29, 2032 MHz, 3996 MHz, 7 %, 0 %
2026/03/24 05:59:19.360, 2, 234.96 W, 27, 2032 MHz, 3996 MHz, 11 %, 0 %
2026/03/24 05:59:19.360, 3, 234.65 W, 30, 2032 MHz, 3996 MHz, 5 %, 0 %
2026/03/24 05:59:19.360, 4, 179.26 W, 25, 120 MHz, 3996 MHz, 0 %, 0 %
2026/03/24 05:59:19.360, 5, 180.58 W, 28, 120 MHz, 3996 MHz, 0 %, 0 %
2026/03/24 05:59:19.360, 6, 178.41 W, 26, 120 MHz, 3996 MHz, 0 %, 0 %
2026/03/24 05:59:19.360, 7, 176.58 W, 27, 120 MHz, 3996 MHz, 0 %, 0 %
2026/03/24 05:59:20.360, 0, 229.47 W, 27, 2032 MHz, 3996 MHz, 6 %, 0 %
2026/03/24 05:59:20.360, 1, 233.51 W, 29, 2032 MHz, 3996 MHz, 9 %, 0 %
2026/03/24 05:59:20.360, 2, 234.64 W, 27, 2032 MHz, 3996 MHz, 11 %, 0 %
2026/03/24 05:59:20.360, 3, 234.64 W, 30, 2032 MHz, 3996 MHz, 5 %, 0 %
2026/03/24 05:59:20.360, 4, 178.98 W, 25, 120 MHz, 3996 MHz, 0 %, 0 %
2026/03/24 05:59:20.360, 5, 180.58 W, 28, 120 MHz, 3996 MHz, 0 %, 0 %
2026/03/24 05:59:20.360, 6, 178.30 W, 26, 120 MHz, 3996 MHz, 0 %, 0 %
2026/03/24 05:59:20.360, 7, 176.58 W, 27, 120 MHz, 3996 MHz, 0 %, 0 %
2026/03/24 05:59:21.360, 0, 229.34 W, 27, 2032 MHz, 3996 MHz, 5 %, 0 %
2026/03/24 05:59:21.360, 1, 233.40 W, 29, 2032 MHz, 3996 MHz, 9 %, 0 %
2026/03/24 05:59:21.360, 2, 234.63 W, 27, 2032 MHz, 3996 MHz, 11 %, 0 %
2026/03/24 05:59:21.360, 3, 234.61 W, 30, 2032 MHz, 3996 MHz, 5 %, 0 %
2026/03/24 05:59:21.360, 4, 179.02 W, 25, 120 MHz, 3996 MHz, 0 %, 0 %
2026/03/24 05:59:21.360, 5, 180.58 W, 28, 120 MHz, 3996 MHz, 0 %, 0 %
2026/03/24 05:59:21.360, 6, 178.37 W, 26, 120 MHz, 3996 MHz, 0 %, 0 %
2026/03/24 05:59:21.360, 7, 176.58 W, 27, 120 MHz, 3996 MHz, 0 %, 0 %
2026/03/24 05:59:22.360, 0, 229.38 W, 27, 2032 MHz, 3996 MHz, 5 %, 0 %
2026/03/24 05:59:22.360, 1, 233.40 W, 29, 2032 MHz, 3996 MHz, 9 %, 0 %
2026/03/24 05:59:22.360, 2, 234.72 W, 27, 2032 MHz, 3996 MHz, 11 %, 0 %
2026/03/24 05:59:22.360, 3, 234.69 W, 30, 2032 MHz, 3996 MHz, 5 %, 0 %
2026/03/24 05:59:22.360, 4, 179.22 W, 25, 120 MHz, 3996 MHz, 0 %, 0 %
2026/03/24 05:59:22.360, 5, 180.58 W, 28, 120 MHz, 3996 MHz, 0 %, 0 %
2026/03/24 05:59:22.360, 6, 178.49 W, 26, 120 MHz, 3996 MHz, 0 %, 0 %
2026/03/24 05:59:22.360, 7, 176.58 W, 27, 120 MHz, 3996 MHz, 0 %, 0 %
2026/03/24 05:59:23.360, 0, 229.47 W, 27, 2032 MHz, 3996 MHz, 5 %, 0 %
2026/03/24 05:59:23.360, 1, 233.55 W, 29, 2032 MHz, 3996 MHz, 9 %, 0 %
2026/03/24 05:59:23.360, 2, 234.62 W, 27, 2032 MHz, 3996 MHz, 11 %, 0 %
2026/03/24 05:59:23.360, 3, 234.60 W, 30, 2032 MHz, 3996 MHz, 5 %, 0 %
2026/03/24 05:59:23.360, 4, 179.33 W, 25, 120 MHz, 3996 MHz, 0 %, 0 %
2026/03/24 05:59:23.360, 5, 180.58 W, 28, 120 MHz, 3996 MHz, 0 %, 0 %
2026/03/24 05:59:23.360, 6, 178.30 W, 26, 120 MHz, 3996 MHz, 0 %, 0 %
2026/03/24 05:59:23.360, 7, 176.59 W, 27, 120 MHz, 3996 MHz, 0 %, 0 %
2026/03/24 05:59:24.360, 0, 229.55 W, 27, 2032 MHz, 3996 MHz, 5 %, 0 %
2026/03/24 05:59:24.360, 1, 233.24 W, 29, 2032 MHz, 3996 MHz, 9 %, 0 %
2026/03/24 05:59:24.360, 2, 234.82 W, 27, 2032 MHz, 3996 MHz, 11 %, 0 %
2026/03/24 05:59:24.360, 3, 234.80 W, 30, 2032 MHz, 3996 MHz, 5 %, 0 %
2026/03/24 05:59:24.360, 4, 179.03 W, 25, 120 MHz, 3996 MHz, 0 %, 0 %
2026/03/24 05:59:24.360, 5, 180.58 W, 28, 120 MHz, 3996 MHz, 0 %, 0 %
2026/03/24 05:59:24.360, 6, 178.45 W, 26, 120 MHz, 3996 MHz, 0 %, 0 %
2026/03/24 05:59:24.360, 7, 176.59 W, 27, 120 MHz, 3996 MHz, 0 %, 0 %
2026/03/24 05:59:25.360, 0, 229.42 W, 27, 2032 MHz, 3996 MHz, 5 %, 0 %
2026/03/24 05:59:25.360, 1, 233.54 W, 29, 2032 MHz, 3996 MHz, 6 %, 0 %
2026/03/24 05:59:25.360, 2, 234.84 W, 27, 2032 MHz, 3996 MHz, 11 %, 0 %
2026/03/24 05:59:25.361, 3, 234.69 W, 30, 2032 MHz, 3996 MHz, 5 %, 0 %
2026/03/24 05:59:25.361, 4, 179.09 W, 25, 120 MHz, 3996 MHz, 0 %, 0 %
2026/03/24 05:59:25.361, 5, 180.58 W, 28, 120 MHz, 3996 MHz, 0 %, 0 %
2026/03/24 05:59:25.361, 6, 178.37 W, 26, 120 MHz, 3996 MHz, 0 %, 0 %
2026/03/24 05:59:25.361, 7, 176.58 W, 27, 120 MHz, 3996 MHz, 0 %, 0 %
2026/03/24 05:59:26.361, 0, 229.43 W, 27, 2032 MHz, 3996 MHz, 5 %, 0 %
2026/03/24 05:59:26.361, 1, 233.54 W, 29, 2032 MHz, 3996 MHz, 8 %, 0 %
2026/03/24 05:59:26.361, 2, 234.83 W, 27, 2032 MHz, 3996 MHz, 11 %, 0 %
2026/03/24 05:59:26.361, 3, 234.89 W, 30, 2032 MHz, 3996 MHz, 5 %, 0 %
2026/03/24 05:59:26.361, 4, 178.87 W, 25, 120 MHz, 3996 MHz, 0 %, 0 %
2026/03/24 05:59:26.361, 5, 180.58 W, 28, 120 MHz, 3996 MHz, 0 %, 0 %
2026/03/24 05:59:26.361, 6, 178.41 W, 26, 120 MHz, 3996 MHz, 0 %, 0 %
2026/03/24 05:59:26.361, 7, 176.58 W, 27, 120 MHz, 3996 MHz, 0 %, 0 %
2026/03/24 05:59:27.361, 0, 229.32 W, 27, 2032 MHz, 3996 MHz, 4 %, 0 %
2026/03/24 05:59:27.361, 1, 233.55 W, 29, 2032 MHz, 3996 MHz, 9 %, 0 %
2026/03/24 05:59:27.361, 2, 234.86 W, 27, 2032 MHz, 3996 MHz, 11 %, 0 %
2026/03/24 05:59:27.361, 3, 234.68 W, 30, 2032 MHz, 3996 MHz, 5 %, 0 %
2026/03/24 05:59:27.361, 4, 178.86 W, 25, 120 MHz, 3996 MHz, 0 %, 0 %
2026/03/24 05:59:27.361, 5, 180.58 W, 28, 120 MHz, 3996 MHz, 0 %, 0 %
2026/03/24 05:59:27.361, 6, 178.21 W, 26, 120 MHz, 3996 MHz, 0 %, 0 %
2026/03/24 05:59:27.361, 7, 176.58 W, 27, 120 MHz, 3996 MHz, 0 %, 0 %
2026/03/24 05:59:28.361, 0, 229.50 W, 27, 2032 MHz, 3996 MHz, 4 %, 0 %
2026/03/24 05:59:28.361, 1, 233.51 W, 29, 2032 MHz, 3996 MHz, 9 %, 0 %
2026/03/24 05:59:28.361, 2, 234.93 W, 27, 2032 MHz, 3996 MHz, 8 %, 0 %
2026/03/24 05:59:28.361, 3, 234.73 W, 30, 2032 MHz, 3996 MHz, 6 %, 0 %
2026/03/24 05:59:28.361, 4, 179.05 W, 25, 120 MHz, 3996 MHz, 0 %, 0 %
2026/03/24 05:59:28.361, 5, 180.58 W, 28, 120 MHz, 3996 MHz, 0 %, 0 %
2026/03/24 05:59:28.361, 6, 178.41 W, 26, 120 MHz, 3996 MHz, 0 %, 0 %
2026/03/24 05:59:28.361, 7, 176.58 W, 27, 120 MHz, 3996 MHz, 0 %, 0 %
2026/03/24 05:59:29.361, 0, 229.50 W, 27, 2032 MHz, 3996 MHz, 5 %, 0 %
2026/03/24 05:59:29.361, 1, 233.51 W, 29, 2032 MHz, 3996 MHz, 9 %, 0 %
2026/03/24 05:59:29.361, 2, 234.77 W, 27, 2032 MHz, 3996 MHz, 4 %, 0 %
2026/03/24 05:59:29.361, 3, 234.54 W, 30, 2032 MHz, 3996 MHz, 8 %, 0 %
2026/03/24 05:59:29.361, 4, 179.01 W, 25, 120 MHz, 3996 MHz, 0 %, 0 %
2026/03/24 05:59:29.361, 5, 180.58 W, 28, 120 MHz, 3996 MHz, 0 %, 0 %
2026/03/24 05:59:29.361, 6, 178.33 W, 26, 120 MHz, 3996 MHz, 0 %, 0 %
2026/03/24 05:59:29.361, 7, 176.58 W, 27, 120 MHz, 3996 MHz, 0 %, 0 %
2026/03/24 05:59:30.361, 0, 229.49 W, 27, 2032 MHz, 3996 MHz, 6 %, 0 %
2026/03/24 05:59:30.361, 1, 233.51 W, 29, 2032 MHz, 3996 MHz, 8 %, 0 %
2026/03/24 05:59:30.361, 2, 234.72 W, 27, 2032 MHz, 3996 MHz, 5 %, 0 %
2026/03/24 05:59:30.361, 3, 234.65 W, 30, 2032 MHz, 3996 MHz, 10 %, 0 %
2026/03/24 05:59:30.361, 4, 179.21 W, 25, 120 MHz, 3996 MHz, 0 %, 0 %
2026/03/24 05:59:30.361, 5, 180.58 W, 28, 120 MHz, 3996 MHz, 0 %, 0 %
2026/03/24 05:59:30.361, 6, 178.49 W, 26, 120 MHz, 3996 MHz, 0 %, 0 %
2026/03/24 05:59:30.361, 7, 176.58 W, 27, 120 MHz, 3996 MHz, 0 %, 0 %
2026/03/24 05:59:31.361, 0, 229.54 W, 27, 2032 MHz, 3996 MHz, 9 %, 0 %
2026/03/24 05:59:31.361, 1, 233.28 W, 29, 2032 MHz, 3996 MHz, 5 %, 0 %
2026/03/24 05:59:31.361, 2, 234.88 W, 27, 2032 MHz, 3996 MHz, 5 %, 0 %
2026/03/24 05:59:31.361, 3, 234.73 W, 30, 2032 MHz, 3996 MHz, 10 %, 0 %
2026/03/24 05:59:31.361, 4, 179.03 W, 25, 120 MHz, 3996 MHz, 0 %, 0 %
2026/03/24 05:59:31.361, 5, 180.58 W, 28, 120 MHz, 3996 MHz, 0 %, 0 %
2026/03/24 05:59:31.362, 6, 178.45 W, 26, 120 MHz, 3996 MHz, 0 %, 0 %
2026/03/24 05:59:31.362, 7, 176.58 W, 27, 120 MHz, 3996 MHz, 0 %, 0 %
2026/03/24 05:59:32.362, 0, 229.69 W, 27, 2032 MHz, 3996 MHz, 9 %, 0 %
2026/03/24 05:59:32.362, 1, 233.24 W, 29, 2032 MHz, 3996 MHz, 5 %, 0 %
2026/03/24 05:59:32.362, 2, 234.79 W, 27, 2032 MHz, 3996 MHz, 5 %, 0 %
2026/03/24 05:59:32.362, 3, 234.65 W, 30, 2032 MHz, 3996 MHz, 10 %, 0 %
2026/03/24 05:59:32.362, 4, 178.98 W, 25, 120 MHz, 3996 MHz, 0 %, 0 %
2026/03/24 05:59:32.362, 5, 180.58 W, 28, 120 MHz, 3996 MHz, 0 %, 0 %
2026/03/24 05:59:32.362, 6, 178.49 W, 26, 120 MHz, 3996 MHz, 0 %, 0 %
2026/03/24 05:59:32.362, 7, 176.58 W, 27, 120 MHz, 3996 MHz, 0 %, 0 %
2026/03/24 05:59:33.362, 0, 229.35 W, 27, 2032 MHz, 3996 MHz, 9 %, 0 %
2026/03/24 05:59:33.362, 1, 233.24 W, 29, 2032 MHz, 3996 MHz, 5 %, 0 %
2026/03/24 05:59:33.362, 2, 234.81 W, 27, 2032 MHz, 3996 MHz, 4 %, 0 %
2026/03/24 05:59:33.362, 3, 234.62 W, 30, 2032 MHz, 3996 MHz, 10 %, 0 %
2026/03/24 05:59:33.362, 4, 179.06 W, 25, 120 MHz, 3996 MHz, 0 %, 0 %
2026/03/24 05:59:33.362, 5, 180.58 W, 28, 120 MHz, 3996 MHz, 0 %, 0 %
2026/03/24 05:59:33.362, 6, 178.37 W, 26, 120 MHz, 3996 MHz, 0 %, 0 %
2026/03/24 05:59:33.362, 7, 176.58 W, 27, 120 MHz, 3996 MHz, 0 %, 0 %
2026/03/24 05:59:34.362, 0, 229.42 W, 27, 2032 MHz, 3996 MHz, 9 %, 0 %
2026/03/24 05:59:34.362, 1, 233.32 W, 29, 2032 MHz, 3996 MHz, 5 %, 0 %
2026/03/24 05:59:34.362, 2, 234.75 W, 27, 2032 MHz, 3996 MHz, 5 %, 0 %
2026/03/24 05:59:34.362, 3, 234.66 W, 30, 2032 MHz, 3996 MHz, 10 %, 0 %
2026/03/24 05:59:34.362, 4, 179.14 W, 25, 120 MHz, 3996 MHz, 0 %, 0 %
2026/03/24 05:59:34.362, 5, 180.58 W, 28, 120 MHz, 3996 MHz, 0 %, 0 %
2026/03/24 05:59:34.362, 6, 178.49 W, 26, 120 MHz, 3996 MHz, 0 %, 0 %
2026/03/24 05:59:34.362, 7, 176.58 W, 27, 120 MHz, 3996 MHz, 0 %, 0 %
2026/03/24 05:59:35.362, 0, 229.47 W, 27, 2032 MHz, 3996 MHz, 9 %, 0 %
2026/03/24 05:59:35.362, 1, 233.36 W, 29, 2032 MHz, 3996 MHz, 6 %, 0 %
2026/03/24 05:59:35.362, 2, 234.85 W, 27, 2032 MHz, 3996 MHz, 7 %, 0 %
2026/03/24 05:59:35.362, 3, 234.65 W, 30, 2032 MHz, 3996 MHz, 10 %, 0 %
2026/03/24 05:59:35.362, 4, 178.90 W, 25, 120 MHz, 3996 MHz, 0 %, 0 %
2026/03/24 05:59:35.362, 5, 180.58 W, 28, 120 MHz, 3996 MHz, 0 %, 0 %
2026/03/24 05:59:35.362, 6, 178.38 W, 26, 120 MHz, 3996 MHz, 0 %, 0 %
2026/03/24 05:59:35.362, 7, 176.58 W, 27, 120 MHz, 3996 MHz, 0 %, 0 %
2026/03/24 05:59:36.362, 0, 229.38 W, 27, 2032 MHz, 3996 MHz, 9 %, 0 %
2026/03/24 05:59:36.362, 1, 233.59 W, 29, 2032 MHz, 3996 MHz, 6 %, 0 %
2026/03/24 05:59:36.362, 2, 234.68 W, 27, 2032 MHz, 3996 MHz, 8 %, 0 %
2026/03/24 05:59:36.362, 3, 234.61 W, 30, 2032 MHz, 3996 MHz, 10 %, 0 %
2026/03/24 05:59:36.362, 4, 179.18 W, 25, 120 MHz, 3996 MHz, 0 %, 0 %
2026/03/24 05:59:36.362, 5, 180.58 W, 28, 120 MHz, 3996 MHz, 0 %, 0 %
2026/03/24 05:59:36.362, 6, 178.49 W, 26, 120 MHz, 3996 MHz, 0 %, 0 %
2026/03/24 05:59:36.362, 7, 176.62 W, 27, 120 MHz, 3996 MHz, 0 %, 0 %
2026/03/24 05:59:37.362, 0, 229.47 W, 27, 2032 MHz, 3996 MHz, 6 %, 0 %
2026/03/24 05:59:37.362, 1, 233.51 W, 29, 2032 MHz, 3996 MHz, 9 %, 0 %
2026/03/24 05:59:37.362, 2, 234.78 W, 27, 2032 MHz, 3996 MHz, 10 %, 0 %
2026/03/24 05:59:37.362, 3, 234.84 W, 30, 2032 MHz, 3996 MHz, 10 %, 0 %
2026/03/24 05:59:37.362, 4, 178.91 W, 25, 120 MHz, 3996 MHz, 0 %, 0 %
2026/03/24 05:59:37.362, 5, 180.58 W, 28, 120 MHz, 3996 MHz, 0 %, 0 %
2026/03/24 05:59:37.362, 6, 178.38 W, 26, 120 MHz, 3996 MHz, 0 %, 0 %
2026/03/24 05:59:37.362, 7, 176.58 W, 27, 120 MHz, 3996 MHz, 0 %, 0 %
2026/03/24 05:59:38.363, 0, 229.37 W, 27, 2032 MHz, 3996 MHz, 5 %, 0 %
2026/03/24 05:59:38.363, 1, 233.51 W, 29, 2032 MHz, 3996 MHz, 9 %, 0 %
2026/03/24 05:59:38.363, 2, 234.74 W, 27, 2032 MHz, 3996 MHz, 11 %, 0 %
2026/03/24 05:59:38.363, 3, 234.68 W, 30, 2032 MHz, 3996 MHz, 10 %, 0 %
2026/03/24 05:59:38.363, 4, 179.26 W, 25, 120 MHz, 3996 MHz, 0 %, 0 %
2026/03/24 05:59:38.363, 5, 180.58 W, 28, 120 MHz, 3996 MHz, 0 %, 0 %
2026/03/24 05:59:38.363, 6, 178.37 W, 26, 120 MHz, 3996 MHz, 0 %, 0 %
2026/03/24 05:59:38.363, 7, 176.58 W, 27, 120 MHz, 3996 MHz, 0 %, 0 %
2026/03/24 05:59:39.363, 0, 229.69 W, 27, 2032 MHz, 3996 MHz, 5 %, 0 %
2026/03/24 05:59:39.363, 1, 233.44 W, 29, 2032 MHz, 3996 MHz, 8 %, 0 %
2026/03/24 05:59:39.363, 2, 234.78 W, 27, 2032 MHz, 3996 MHz, 11 %, 0 %
2026/03/24 05:59:39.363, 3, 234.62 W, 30, 2032 MHz, 3996 MHz, 10 %, 0 %
2026/03/24 05:59:39.363, 4, 178.94 W, 25, 120 MHz, 3996 MHz, 0 %, 0 %
2026/03/24 05:59:39.363, 5, 180.58 W, 28, 120 MHz, 3996 MHz, 0 %, 0 %
2026/03/24 05:59:39.363, 6, 178.49 W, 26, 120 MHz, 3996 MHz, 0 %, 0 %
2026/03/24 05:59:39.363, 7, 176.58 W, 27, 120 MHz, 3996 MHz, 0 %, 0 %
2026/03/24 05:59:40.363, 0, 229.57 W, 27, 2032 MHz, 3996 MHz, 9 %, 0 %
2026/03/24 05:59:40.363, 1, 233.51 W, 29, 2032 MHz, 3996 MHz, 8 %, 0 %
2026/03/24 05:59:40.363, 2, 234.90 W, 27, 2032 MHz, 3996 MHz, 11 %, 0 %
2026/03/24 05:59:40.363, 3, 234.82 W, 30, 2032 MHz, 3996 MHz, 10 %, 0 %
2026/03/24 05:59:40.363, 4, 178.83 W, 25, 120 MHz, 3996 MHz, 0 %, 0 %
2026/03/24 05:59:40.363, 5, 180.62 W, 28, 120 MHz, 3996 MHz, 0 %, 0 %
2026/03/24 05:59:40.363, 6, 178.22 W, 26, 120 MHz, 3996 MHz, 0 %, 0 %
2026/03/24 05:59:40.363, 7, 176.59 W, 27, 120 MHz, 3996 MHz, 0 %, 0 %
2026/03/24 05:59:41.363, 0, 229.60 W, 27, 2032 MHz, 3996 MHz, 9 %, 0 %
2026/03/24 05:59:41.363, 1, 233.47 W, 29, 2032 MHz, 3996 MHz, 8 %, 0 %
2026/03/24 05:59:41.363, 2, 234.55 W, 27, 2032 MHz, 3996 MHz, 11 %, 0 %
2026/03/24 05:59:41.363, 3, 234.76 W, 30, 2032 MHz, 3996 MHz, 10 %, 0 %
2026/03/24 05:59:41.363, 4, 178.86 W, 25, 120 MHz, 3996 MHz, 0 %, 0 %
2026/03/24 05:59:41.363, 5, 180.58 W, 28, 120 MHz, 3996 MHz, 0 %, 0 %
2026/03/24 05:59:41.363, 6, 178.45 W, 26, 120 MHz, 3996 MHz, 0 %, 0 %
2026/03/24 05:59:41.363, 7, 176.58 W, 27, 120 MHz, 3996 MHz, 0 %, 0 %
2026/03/24 05:59:42.363, 0, 229.38 W, 27, 2032 MHz, 3996 MHz, 9 %, 0 %
2026/03/24 05:59:42.363, 1, 233.28 W, 29, 2032 MHz, 3996 MHz, 8 %, 0 %
2026/03/24 05:59:42.363, 2, 234.87 W, 27, 2032 MHz, 3996 MHz, 11 %, 0 %
2026/03/24 05:59:42.363, 3, 234.81 W, 30, 2032 MHz, 3996 MHz, 10 %, 0 %
2026/03/24 05:59:42.363, 4, 178.93 W, 25, 120 MHz, 3996 MHz, 0 %, 0 %
2026/03/24 05:59:42.363, 5, 180.58 W, 28, 120 MHz, 3996 MHz, 0 %, 0 %
2026/03/24 05:59:42.363, 6, 178.37 W, 26, 120 MHz, 3996 MHz, 0 %, 0 %
2026/03/24 05:59:42.363, 7, 176.58 W, 27, 120 MHz, 3996 MHz, 0 %, 0 %
2026/03/24 05:59:43.363, 0, 229.40 W, 27, 2032 MHz, 3996 MHz, 9 %, 0 %
2026/03/24 05:59:43.363, 1, 233.43 W, 29, 2032 MHz, 3996 MHz, 8 %, 0 %
2026/03/24 05:59:43.363, 2, 234.85 W, 27, 2032 MHz, 3996 MHz, 11 %, 0 %
2026/03/24 05:59:43.363, 3, 234.65 W, 30, 2032 MHz, 3996 MHz, 10 %, 0 %
2026/03/24 05:59:43.363, 4, 179.01 W, 25, 120 MHz, 3996 MHz, 0 %, 0 %
2026/03/24 05:59:43.363, 5, 180.58 W, 28, 120 MHz, 3996 MHz, 0 %, 0 %
2026/03/24 05:59:43.363, 6, 178.33 W, 26, 120 MHz, 3996 MHz, 0 %, 0 %
2026/03/24 05:59:43.363, 7, 176.58 W, 27, 120 MHz, 3996 MHz, 0 %, 0 %
2026/03/24 05:59:44.363, 0, 229.47 W, 27, 2032 MHz, 3996 MHz, 9 %, 0 %
2026/03/24 05:59:44.364, 1, 233.35 W, 29, 2032 MHz, 3996 MHz, 5 %, 0 %
2026/03/24 05:59:44.364, 2, 234.84 W, 27, 2032 MHz, 3996 MHz, 11 %, 0 %
2026/03/24 05:59:44.364, 3, 234.65 W, 30, 2032 MHz, 3996 MHz, 10 %, 0 %
2026/03/24 05:59:44.364, 4, 179.10 W, 25, 120 MHz, 3996 MHz, 0 %, 0 %
2026/03/24 05:59:44.364, 5, 180.58 W, 28, 120 MHz, 3996 MHz, 0 %, 0 %
2026/03/24 05:59:44.364, 6, 178.56 W, 26, 120 MHz, 3996 MHz, 0 %, 0 %
2026/03/24 05:59:44.364, 7, 176.58 W, 27, 120 MHz, 3996 MHz, 0 %, 0 %
2026/03/24 05:59:45.364, 0, 229.33 W, 27, 2032 MHz, 3996 MHz, 9 %, 0 %
2026/03/24 05:59:45.364, 1, 233.35 W, 29, 2032 MHz, 3996 MHz, 9 %, 0 %
2026/03/24 05:59:45.364, 2, 234.80 W, 27, 2032 MHz, 3996 MHz, 11 %, 0 %
2026/03/24 05:59:45.364, 3, 234.88 W, 30, 2032 MHz, 3996 MHz, 8 %, 0 %
2026/03/24 05:59:45.364, 4, 179.13 W, 25, 120 MHz, 3996 MHz, 0 %, 0 %
2026/03/24 05:59:45.364, 5, 180.58 W, 28, 120 MHz, 3996 MHz, 0 %, 0 %
2026/03/24 05:59:45.364, 6, 178.49 W, 26, 120 MHz, 3996 MHz, 0 %, 0 %
2026/03/24 05:59:45.364, 7, 176.58 W, 27, 120 MHz, 3996 MHz, 0 %, 0 %
2026/03/24 05:59:46.364, 0, 229.50 W, 27, 2032 MHz, 3996 MHz, 9 %, 0 %
2026/03/24 05:59:46.364, 1, 233.28 W, 29, 2032 MHz, 3996 MHz, 7 %, 0 %
2026/03/24 05:59:46.364, 2, 234.86 W, 27, 2032 MHz, 3996 MHz, 11 %, 0 %
2026/03/24 05:59:46.364, 3, 234.78 W, 30, 2032 MHz, 3996 MHz, 7 %, 0 %
2026/03/24 05:59:46.364, 4, 178.84 W, 25, 120 MHz, 3996 MHz, 0 %, 0 %
2026/03/24 05:59:46.364, 5, 180.58 W, 28, 120 MHz, 3996 MHz, 0 %, 0 %
2026/03/24 05:59:46.364, 6, 178.37 W, 26, 120 MHz, 3996 MHz, 0 %, 0 %
2026/03/24 05:59:46.364, 7, 176.59 W, 27, 120 MHz, 3996 MHz, 0 %, 0 %
2026/03/24 05:59:47.364, 0, 229.26 W, 27, 2032 MHz, 3996 MHz, 9 %, 0 %
2026/03/24 05:59:47.364, 1, 233.35 W, 29, 2032 MHz, 3996 MHz, 4 %, 0 %
2026/03/24 05:59:47.364, 2, 234.86 W, 27, 2032 MHz, 3996 MHz, 10 %, 0 %
2026/03/24 05:59:47.364, 3, 234.81 W, 30, 2032 MHz, 3996 MHz, 7 %, 0 %
2026/03/24 05:59:47.364, 4, 179.13 W, 25, 120 MHz, 3996 MHz, 0 %, 0 %
2026/03/24 05:59:47.364, 5, 180.58 W, 28, 120 MHz, 3996 MHz, 0 %, 0 %
2026/03/24 05:59:47.364, 6, 178.29 W, 26, 120 MHz, 3996 MHz, 0 %, 0 %
2026/03/24 05:59:47.364, 7, 176.58 W, 27, 120 MHz, 3996 MHz, 0 %, 0 %
2026/03/24 05:59:48.364, 0, 229.50 W, 27, 2032 MHz, 3996 MHz, 9 %, 0 %
2026/03/24 05:59:48.364, 1, 233.51 W, 29, 2032 MHz, 3996 MHz, 4 %, 0 %
2026/03/24 05:59:48.364, 2, 234.89 W, 27, 2032 MHz, 3996 MHz, 11 %, 0 %
2026/03/24 05:59:48.364, 3, 234.73 W, 30, 2032 MHz, 3996 MHz, 9 %, 0 %
2026/03/24 05:59:48.364, 4, 179.06 W, 25, 120 MHz, 3996 MHz, 0 %, 0 %
2026/03/24 05:59:48.364, 5, 180.58 W, 28, 120 MHz, 3996 MHz, 0 %, 0 %
2026/03/24 05:59:48.364, 6, 178.38 W, 26, 120 MHz, 3996 MHz, 0 %, 0 %
2026/03/24 05:59:48.364, 7, 176.58 W, 27, 120 MHz, 3996 MHz, 0 %, 0 %
2026/03/24 05:59:49.364, 0, 229.46 W, 27, 2032 MHz, 3996 MHz, 9 %, 0 %
2026/03/24 05:59:49.364, 1, 233.54 W, 29, 2032 MHz, 3996 MHz, 5 %, 0 %
2026/03/24 05:59:49.364, 2, 234.70 W, 27, 2032 MHz, 3996 MHz, 10 %, 0 %
2026/03/24 05:59:49.364, 3, 234.55 W, 30, 2032 MHz, 3996 MHz, 7 %, 0 %
2026/03/24 05:59:49.364, 4, 178.93 W, 25, 120 MHz, 3996 MHz, 0 %, 0 %
2026/03/24 05:59:49.364, 5, 180.58 W, 28, 120 MHz, 3996 MHz, 0 %, 0 %
2026/03/24 05:59:49.364, 6, 178.53 W, 26, 120 MHz, 3996 MHz, 0 %, 0 %
2026/03/24 05:59:49.364, 7, 176.58 W, 27, 120 MHz, 3996 MHz, 0 %, 0 %
2026/03/24 05:59:50.364, 0, 229.42 W, 27, 2032 MHz, 3996 MHz, 9 %, 0 %
2026/03/24 05:59:50.364, 1, 233.32 W, 29, 2032 MHz, 3996 MHz, 5 %, 0 %
2026/03/24 05:59:50.364, 2, 234.85 W, 27, 2032 MHz, 3996 MHz, 6 %, 0 %
2026/03/24 05:59:50.364, 3, 234.71 W, 30, 2032 MHz, 3996 MHz, 6 %, 0 %
2026/03/24 05:59:50.365, 4, 178.79 W, 25, 120 MHz, 3996 MHz, 0 %, 0 %
2026/03/24 05:59:50.365, 5, 180.58 W, 28, 120 MHz, 3996 MHz, 0 %, 0 %
2026/03/24 05:59:50.365, 6, 178.38 W, 26, 120 MHz, 3996 MHz, 0 %, 0 %
2026/03/24 05:59:50.365, 7, 176.58 W, 27, 120 MHz, 3996 MHz, 0 %, 0 %
2026/03/24 05:59:51.365, 0, 229.51 W, 27, 2032 MHz, 3996 MHz, 9 %, 0 %
2026/03/24 05:59:51.365, 1, 233.48 W, 29, 2032 MHz, 3996 MHz, 8 %, 0 %
2026/03/24 05:59:51.365, 2, 234.74 W, 27, 2032 MHz, 3996 MHz, 5 %, 0 %
2026/03/24 05:59:51.365, 3, 234.78 W, 30, 2032 MHz, 3996 MHz, 4 %, 0 %
2026/03/24 05:59:51.365, 4, 179.21 W, 25, 120 MHz, 3996 MHz, 0 %, 0 %
2026/03/24 05:59:51.365, 5, 180.58 W, 28, 120 MHz, 3996 MHz, 0 %, 0 %
2026/03/24 05:59:51.365, 6, 178.41 W, 26, 120 MHz, 3996 MHz, 0 %, 0 %
2026/03/24 05:59:51.365, 7, 176.58 W, 27, 120 MHz, 3996 MHz, 0 %, 0 %
2026/03/24 05:59:52.365, 0, 229.55 W, 27, 2032 MHz, 3996 MHz, 9 %, 0 %
2026/03/24 05:59:52.365, 1, 233.67 W, 29, 2032 MHz, 3996 MHz, 7 %, 0 %
2026/03/24 05:59:52.365, 2, 233.93 W, 27, 2032 MHz, 3996 MHz, 0 %, 0 %
2026/03/24 05:59:52.365, 3, 234.76 W, 30, 2032 MHz, 3996 MHz, 13 %, 0 %
2026/03/24 05:59:52.365, 4, 179.28 W, 25, 120 MHz, 3996 MHz, 0 %, 0 %
2026/03/24 05:59:52.365, 5, 180.58 W, 28, 120 MHz, 3996 MHz, 0 %, 0 %
2026/03/24 05:59:52.365, 6, 178.45 W, 26, 120 MHz, 3996 MHz, 0 %, 0 %
2026/03/24 05:59:52.365, 7, 176.58 W, 27, 120 MHz, 3996 MHz, 0 %, 0 %
2026/03/24 05:59:53.365, 0, 229.35 W, 27, 2032 MHz, 3996 MHz, 8 %, 0 %
2026/03/24 05:59:53.365, 1, 233.77 W, 29, 2032 MHz, 3996 MHz, 7 %, 0 %
2026/03/24 05:59:53.365, 2, 233.96 W, 27, 2032 MHz, 3996 MHz, 0 %, 0 %
2026/03/24 05:59:53.365, 3, 233.38 W, 30, 2032 MHz, 3996 MHz, 0 %, 0 %
2026/03/24 05:59:53.365, 4, 179.01 W, 25, 120 MHz, 3996 MHz, 0 %, 0 %
2026/03/24 05:59:53.365, 5, 180.58 W, 28, 120 MHz, 3996 MHz, 0 %, 0 %
2026/03/24 05:59:53.365, 6, 178.38 W, 26, 120 MHz, 3996 MHz, 0 %, 0 %
2026/03/24 05:59:53.365, 7, 176.58 W, 27, 120 MHz, 3996 MHz, 0 %, 0 %
2026/03/24 05:59:54.365, 0, 229.55 W, 27, 2032 MHz, 3996 MHz, 5 %, 0 %
2026/03/24 05:59:54.365, 1, 233.63 W, 29, 2032 MHz, 3996 MHz, 6 %, 0 %
2026/03/24 05:59:54.365, 2, 233.95 W, 27, 2032 MHz, 3996 MHz, 0 %, 0 %
2026/03/24 05:59:54.365, 3, 233.44 W, 30, 2032 MHz, 3996 MHz, 0 %, 0 %
2026/03/24 05:59:54.365, 4, 179.17 W, 25, 120 MHz, 3996 MHz, 0 %, 0 %
2026/03/24 05:59:54.365, 5, 180.58 W, 28, 120 MHz, 3996 MHz, 0 %, 0 %
2026/03/24 05:59:54.365, 6, 178.45 W, 26, 120 MHz, 3996 MHz, 0 %, 0 %
2026/03/24 05:59:54.365, 7, 176.58 W, 27, 120 MHz, 3996 MHz, 0 %, 0 %
2026/03/24 05:59:55.365, 0, 229.38 W, 27, 2032 MHz, 3996 MHz, 1 %, 0 %
2026/03/24 05:59:55.365, 1, 233.89 W, 29, 2032 MHz, 3996 MHz, 7 %, 0 %
2026/03/24 05:59:55.365, 2, 233.97 W, 27, 2032 MHz, 3996 MHz, 0 %, 0 %
2026/03/24 05:59:55.365, 3, 233.24 W, 30, 2032 MHz, 3996 MHz, 0 %, 0 %
2026/03/24 05:59:55.365, 4, 178.83 W, 25, 120 MHz, 3996 MHz, 0 %, 0 %
2026/03/24 05:59:55.365, 5, 180.58 W, 28, 120 MHz, 3996 MHz, 0 %, 0 %
2026/03/24 05:59:55.365, 6, 178.41 W, 26, 120 MHz, 3996 MHz, 0 %, 0 %
2026/03/24 05:59:55.365, 7, 176.58 W, 27, 120 MHz, 3996 MHz, 0 %, 0 %
2026/03/24 05:59:56.365, 0, 228.05 W, 27, 2032 MHz, 3996 MHz, 0 %, 0 %
2026/03/24 05:59:56.365, 1, 233.61 W, 29, 2032 MHz, 3996 MHz, 8 %, 0 %
2026/03/24 05:59:56.365, 2, 272.70 W, 28, 2032 MHz, 3996 MHz, 22 %, 4 %
2026/03/24 05:59:56.365, 3, 261.32 W, 30, 2032 MHz, 3996 MHz, 21 %, 4 %
2026/03/24 05:59:56.365, 4, 179.13 W, 25, 120 MHz, 3996 MHz, 0 %, 0 %
2026/03/24 05:59:56.365, 5, 180.58 W, 28, 120 MHz, 3996 MHz, 0 %, 0 %
2026/03/24 05:59:56.365, 6, 178.53 W, 26, 120 MHz, 3996 MHz, 0 %, 0 %
2026/03/24 05:59:56.365, 7, 176.58 W, 27, 120 MHz, 3996 MHz, 0 %, 0 %
2026/03/24 05:59:57.366, 0, 277.42 W, 28, 2032 MHz, 3996 MHz, 13 %, 2 %
2026/03/24 05:59:57.366, 1, 233.91 W, 29, 2032 MHz, 3996 MHz, 9 %, 0 %
2026/03/24 05:59:57.366, 2, 286.28 W, 28, 2032 MHz, 3996 MHz, 21 %, 4 %
2026/03/24 05:59:57.366, 3, 287.24 W, 31, 2032 MHz, 3996 MHz, 11 %, 2 %
2026/03/24 05:59:57.366, 4, 179.06 W, 25, 120 MHz, 3996 MHz, 0 %, 0 %
2026/03/24 05:59:57.366, 5, 180.58 W, 28, 120 MHz, 3996 MHz, 0 %, 0 %
2026/03/24 05:59:57.366, 6, 178.18 W, 26, 120 MHz, 3996 MHz, 0 %, 0 %
2026/03/24 05:59:57.366, 7, 176.58 W, 27, 120 MHz, 3996 MHz, 0 %, 0 %
2026/03/24 05:59:58.366, 0, 284.65 W, 28, 2032 MHz, 3996 MHz, 17 %, 4 %
2026/03/24 05:59:58.366, 1, 257.82 W, 30, 2032 MHz, 3996 MHz, 20 %, 4 %
2026/03/24 05:59:58.366, 2, 289.50 W, 28, 2032 MHz, 3996 MHz, 18 %, 3 %
2026/03/24 05:59:58.366, 3, 287.56 W, 31, 2032 MHz, 3996 MHz, 18 %, 4 %
2026/03/24 05:59:58.366, 4, 178.98 W, 25, 120 MHz, 3996 MHz, 0 %, 0 %
2026/03/24 05:59:58.366, 5, 180.58 W, 28, 120 MHz, 3996 MHz, 0 %, 0 %
2026/03/24 05:59:58.366, 6, 178.41 W, 26, 120 MHz, 3996 MHz, 0 %, 0 %
2026/03/24 05:59:58.366, 7, 176.58 W, 27, 120 MHz, 3996 MHz, 0 %, 0 %
2026/03/24 05:59:59.366, 0, 279.32 W, 28, 2032 MHz, 3996 MHz, 21 %, 4 %
2026/03/24 05:59:59.366, 1, 285.69 W, 30, 2032 MHz, 3996 MHz, 12 %, 2 %
2026/03/24 05:59:59.366, 2, 276.02 W, 27, 2032 MHz, 3996 MHz, 5 %, 2 %
2026/03/24 05:59:59.366, 3, 284.27 W, 30, 2032 MHz, 3996 MHz, 21 %, 4 %
2026/03/24 05:59:59.366, 4, 179.10 W, 25, 120 MHz, 3996 MHz, 0 %, 0 %
2026/03/24 05:59:59.366, 5, 180.58 W, 28, 120 MHz, 3996 MHz, 0 %, 0 %
2026/03/24 05:59:59.366, 6, 178.45 W, 26, 120 MHz, 3996 MHz, 0 %, 0 %
2026/03/24 05:59:59.366, 7, 176.58 W, 27, 120 MHz, 3996 MHz, 0 %, 0 %
2026/03/24 06:00:00.366, 0, 259.89 W, 28, 2032 MHz, 3996 MHz, 3 %, 1 %
2026/03/24 06:00:00.366, 1, 285.52 W, 30, 2032 MHz, 3996 MHz, 20 %, 4 %
2026/03/24 06:00:00.366, 2, 234.27 W, 27, 2032 MHz, 3996 MHz, 0 %, 0 %
2026/03/24 06:00:00.366, 3, 234.90 W, 30, 2032 MHz, 3996 MHz, 0 %, 0 %
2026/03/24 06:00:00.366, 4, 179.01 W, 25, 120 MHz, 3996 MHz, 0 %, 0 %
2026/03/24 06:00:00.366, 5, 180.58 W, 28, 120 MHz, 3996 MHz, 0 %, 0 %
2026/03/24 06:00:00.366, 6, 178.45 W, 26, 120 MHz, 3996 MHz, 0 %, 0 %
2026/03/24 06:00:00.366, 7, 176.58 W, 27, 120 MHz, 3996 MHz, 0 %, 0 %
2026/03/24 06:00:01.366, 0, 229.05 W, 27, 2032 MHz, 3996 MHz, 0 %, 0 %
2026/03/24 06:00:01.366, 1, 289.29 W, 30, 2032 MHz, 3996 MHz, 21 %, 4 %
2026/03/24 06:00:01.366, 2, 233.94 W, 27, 2032 MHz, 3996 MHz, 0 %, 0 %
2026/03/24 06:00:01.366, 3, 233.97 W, 30, 2032 MHz, 3996 MHz, 0 %, 0 %
2026/03/24 06:00:01.366, 4, 179.07 W, 25, 120 MHz, 3996 MHz, 0 %, 0 %
2026/03/24 06:00:01.366, 5, 180.58 W, 28, 120 MHz, 3996 MHz, 0 %, 0 %
2026/03/24 06:00:01.366, 6, 178.37 W, 26, 120 MHz, 3996 MHz, 0 %, 0 %
2026/03/24 06:00:01.366, 7, 176.58 W, 27, 120 MHz, 3996 MHz, 0 %, 0 %
2026/03/24 06:00:02.366, 0, 229.15 W, 27, 2032 MHz, 3996 MHz, 1 %, 0 %
2026/03/24 06:00:02.366, 1, 236.29 W, 29, 2032 MHz, 3996 MHz, 0 %, 0 %
2026/03/24 06:00:02.366, 2, 234.67 W, 27, 2032 MHz, 3996 MHz, 0 %, 0 %
2026/03/24 06:00:02.366, 3, 233.79 W, 30, 2032 MHz, 3996 MHz, 1 %, 0 %
2026/03/24 06:00:02.366, 4, 178.94 W, 25, 120 MHz, 3996 MHz, 0 %, 0 %
2026/03/24 06:00:02.366, 5, 180.58 W, 28, 120 MHz, 3996 MHz, 0 %, 0 %
2026/03/24 06:00:02.366, 6, 178.34 W, 26, 120 MHz, 3996 MHz, 0 %, 0 %
2026/03/24 06:00:02.366, 7, 176.58 W, 27, 120 MHz, 3996 MHz, 0 %, 0 %
2026/03/24 06:00:03.366, 0, 228.41 W, 27, 2032 MHz, 3996 MHz, 0 %, 0 %
2026/03/24 06:00:03.367, 1, 233.16 W, 29, 2032 MHz, 3996 MHz, 0 %, 0 %
2026/03/24 06:00:03.367, 2, 233.97 W, 27, 2032 MHz, 3996 MHz, 0 %, 0 %
2026/03/24 06:00:03.367, 3, 234.16 W, 30, 2032 MHz, 3996 MHz, 0 %, 0 %
2026/03/24 06:00:03.367, 4, 179.02 W, 25, 120 MHz, 3996 MHz, 0 %, 0 %
2026/03/24 06:00:03.367, 5, 180.58 W, 28, 120 MHz, 3996 MHz, 0 %, 0 %
2026/03/24 06:00:03.367, 6, 178.25 W, 26, 120 MHz, 3996 MHz, 0 %, 0 %
2026/03/24 06:00:03.367, 7, 176.58 W, 27, 120 MHz, 3996 MHz, 0 %, 0 %
2026/03/24 06:00:04.367, 0, 228.18 W, 27, 2032 MHz, 3996 MHz, 0 %, 0 %
2026/03/24 06:00:04.367, 1, 233.16 W, 29, 2032 MHz, 3996 MHz, 0 %, 0 %
2026/03/24 06:00:04.367, 2, 233.96 W, 27, 2032 MHz, 3996 MHz, 0 %, 0 %
2026/03/24 06:00:04.367, 3, 233.48 W, 30, 2032 MHz, 3996 MHz, 0 %, 0 %
2026/03/24 06:00:04.367, 4, 178.94 W, 25, 120 MHz, 3996 MHz, 0 %, 0 %
2026/03/24 06:00:04.367, 5, 180.58 W, 28, 120 MHz, 3996 MHz, 0 %, 0 %
2026/03/24 06:00:04.367, 6, 178.30 W, 26, 120 MHz, 3996 MHz, 0 %, 0 %
2026/03/24 06:00:04.367, 7, 176.58 W, 27, 120 MHz, 3996 MHz, 0 %, 0 %
2026/03/24 06:00:05.367, 0, 228.15 W, 27, 2032 MHz, 3996 MHz, 0 %, 0 %
2026/03/24 06:00:05.367, 1, 233.16 W, 29, 2032 MHz, 3996 MHz, 0 %, 0 %
2026/03/24 06:00:05.367, 2, 233.99 W, 27, 2032 MHz, 3996 MHz, 0 %, 0 %
2026/03/24 06:00:05.367, 3, 233.59 W, 30, 2032 MHz, 3996 MHz, 0 %, 0 %
2026/03/24 06:00:05.367, 4, 178.91 W, 25, 120 MHz, 3996 MHz, 0 %, 0 %
2026/03/24 06:00:05.367, 5, 180.58 W, 28, 120 MHz, 3996 MHz, 0 %, 0 %
2026/03/24 06:00:05.367, 6, 178.07 W, 26, 120 MHz, 3996 MHz, 0 %, 0 %
2026/03/24 06:00:05.367, 7, 176.58 W, 27, 120 MHz, 3996 MHz, 0 %, 0 %
2026/03/24 06:00:06.367, 0, 228.07 W, 27, 2032 MHz, 3996 MHz, 0 %, 0 %
2026/03/24 06:00:06.367, 1, 233.16 W, 29, 2032 MHz, 3996 MHz, 0 %, 0 %
2026/03/24 06:00:06.367, 2, 234.00 W, 27, 2032 MHz, 3996 MHz, 0 %, 0 %
2026/03/24 06:00:06.367, 3, 233.41 W, 30, 2032 MHz, 3996 MHz, 0 %, 0 %
2026/03/24 06:00:06.367, 4, 179.01 W, 25, 120 MHz, 3996 MHz, 0 %, 0 %
2026/03/24 06:00:06.367, 5, 180.58 W, 28, 120 MHz, 3996 MHz, 0 %, 0 %
2026/03/24 06:00:06.367, 6, 178.34 W, 26, 120 MHz, 3996 MHz, 0 %, 0 %
2026/03/24 06:00:06.367, 7, 176.59 W, 27, 120 MHz, 3996 MHz, 0 %, 0 %
2026/03/24 06:00:07.367, 0, 241.97 W, 27, 2032 MHz, 3996 MHz, 0 %, 0 %
2026/03/24 06:00:07.367, 1, 246.69 W, 29, 2032 MHz, 3996 MHz, 0 %, 0 %
2026/03/24 06:00:07.367, 2, 247.24 W, 27, 2032 MHz, 3996 MHz, 0 %, 0 %
2026/03/24 06:00:07.367, 3, 247.29 W, 30, 2032 MHz, 3996 MHz, 0 %, 0 %
2026/03/24 06:00:07.367, 4, 179.17 W, 25, 120 MHz, 3996 MHz, 0 %, 0 %
2026/03/24 06:00:07.367, 5, 180.58 W, 28, 120 MHz, 3996 MHz, 0 %, 0 %
2026/03/24 06:00:07.367, 6, 178.52 W, 26, 120 MHz, 3996 MHz, 0 %, 0 %
2026/03/24 06:00:07.367, 7, 176.59 W, 27, 120 MHz, 3996 MHz, 0 %, 0 %
2026/03/24 06:00:08.367, 0, 228.60 W, 27, 2032 MHz, 3996 MHz, 0 %, 0 %
2026/03/24 06:00:08.367, 1, 233.16 W, 29, 2032 MHz, 3996 MHz, 0 %, 0 %
2026/03/24 06:00:08.367, 2, 233.96 W, 27, 2032 MHz, 3996 MHz, 0 %, 0 %
2026/03/24 06:00:08.367, 3, 234.85 W, 30, 2032 MHz, 3996 MHz, 0 %, 0 %
2026/03/24 06:00:08.367, 4, 179.09 W, 25, 120 MHz, 3996 MHz, 0 %, 0 %
2026/03/24 06:00:08.367, 5, 180.58 W, 28, 120 MHz, 3996 MHz, 0 %, 0 %
2026/03/24 06:00:08.367, 6, 178.57 W, 26, 120 MHz, 3996 MHz, 0 %, 0 %
2026/03/24 06:00:08.367, 7, 176.58 W, 27, 120 MHz, 3996 MHz, 0 %, 0 %
2026/03/24 06:00:09.367, 0, 228.53 W, 27, 2032 MHz, 3996 MHz, 0 %, 0 %
2026/03/24 06:00:09.367, 1, 233.16 W, 29, 2032 MHz, 3996 MHz, 0 %, 0 %
2026/03/24 06:00:09.367, 2, 233.99 W, 27, 2032 MHz, 3996 MHz, 0 %, 0 %
2026/03/24 06:00:09.367, 3, 234.58 W, 30, 2032 MHz, 3996 MHz, 0 %, 0 %
2026/03/24 06:00:09.367, 4, 179.17 W, 25, 120 MHz, 3996 MHz, 0 %, 0 %
2026/03/24 06:00:09.368, 5, 180.58 W, 28, 120 MHz, 3996 MHz, 0 %, 0 %
2026/03/24 06:00:09.368, 6, 178.33 W, 26, 120 MHz, 3996 MHz, 0 %, 0 %
2026/03/24 06:00:09.368, 7, 176.58 W, 27, 120 MHz, 3996 MHz, 0 %, 0 %
2026/03/24 06:00:10.368, 0, 228.45 W, 27, 2032 MHz, 3996 MHz, 0 %, 0 %
2026/03/24 06:00:10.368, 1, 233.16 W, 29, 2032 MHz, 3996 MHz, 0 %, 0 %
2026/03/24 06:00:10.368, 2, 233.98 W, 27, 2032 MHz, 3996 MHz, 0 %, 0 %
2026/03/24 06:00:10.368, 3, 233.90 W, 30, 2032 MHz, 3996 MHz, 0 %, 0 %
2026/03/24 06:00:10.368, 4, 178.94 W, 25, 120 MHz, 3996 MHz, 0 %, 0 %
2026/03/24 06:00:10.368, 5, 180.58 W, 28, 120 MHz, 3996 MHz, 0 %, 0 %
2026/03/24 06:00:10.368, 6, 178.26 W, 26, 120 MHz, 3996 MHz, 0 %, 0 %
2026/03/24 06:00:10.368, 7, 176.58 W, 27, 120 MHz, 3996 MHz, 0 %, 0 %
2026/03/24 06:00:11.368, 0, 228.41 W, 27, 2032 MHz, 3996 MHz, 0 %, 0 %
2026/03/24 06:00:11.368, 1, 233.24 W, 29, 2032 MHz, 3996 MHz, 0 %, 0 %
2026/03/24 06:00:11.368, 2, 234.04 W, 27, 2032 MHz, 3996 MHz, 0 %, 0 %
2026/03/24 06:00:11.368, 3, 234.26 W, 30, 2032 MHz, 3996 MHz, 0 %, 0 %
2026/03/24 06:00:11.368, 4, 178.98 W, 25, 120 MHz, 3996 MHz, 0 %, 0 %
2026/03/24 06:00:11.368, 5, 180.58 W, 28, 120 MHz, 3996 MHz, 0 %, 0 %
2026/03/24 06:00:11.368, 6, 178.34 W, 26, 120 MHz, 3996 MHz, 0 %, 0 %
2026/03/24 06:00:11.368, 7, 176.58 W, 27, 120 MHz, 3996 MHz, 0 %, 0 %
2026/03/24 06:00:12.368, 0, 228.61 W, 27, 2032 MHz, 3996 MHz, 0 %, 0 %
2026/03/24 06:00:12.368, 1, 233.16 W, 29, 2032 MHz, 3996 MHz, 0 %, 0 %
2026/03/24 06:00:12.368, 2, 234.07 W, 27, 2032 MHz, 3996 MHz, 0 %, 0 %
2026/03/24 06:00:12.368, 3, 234.16 W, 30, 2032 MHz, 3996 MHz, 0 %, 0 %
2026/03/24 06:00:12.368, 4, 179.18 W, 25, 120 MHz, 3996 MHz, 0 %, 0 %
2026/03/24 06:00:12.368, 5, 180.58 W, 28, 120 MHz, 3996 MHz, 0 %, 0 %
2026/03/24 06:00:12.368, 6, 178.41 W, 26, 120 MHz, 3996 MHz, 0 %, 0 %
2026/03/24 06:00:12.368, 7, 176.58 W, 27, 120 MHz, 3996 MHz, 0 %, 0 %
2026/03/24 06:00:13.368, 0, 228.44 W, 27, 2032 MHz, 3996 MHz, 0 %, 0 %
2026/03/24 06:00:13.368, 1, 233.16 W, 29, 2032 MHz, 3996 MHz, 0 %, 0 %
2026/03/24 06:00:13.368, 2, 233.97 W, 27, 2032 MHz, 3996 MHz, 0 %, 0 %
2026/03/24 06:00:13.368, 3, 234.37 W, 30, 2032 MHz, 3996 MHz, 0 %, 0 %
2026/03/24 06:00:13.368, 4, 178.99 W, 25, 120 MHz, 3996 MHz, 0 %, 0 %
2026/03/24 06:00:13.368, 5, 180.58 W, 28, 120 MHz, 3996 MHz, 0 %, 0 %
2026/03/24 06:00:13.368, 6, 178.41 W, 26, 120 MHz, 3996 MHz, 0 %, 0 %
2026/03/24 06:00:13.368, 7, 176.58 W, 27, 120 MHz, 3996 MHz, 0 %, 0 %
2026/03/24 06:00:14.368, 0, 228.18 W, 27, 2032 MHz, 3996 MHz, 0 %, 0 %
2026/03/24 06:00:14.368, 1, 233.16 W, 29, 2032 MHz, 3996 MHz, 0 %, 0 %
2026/03/24 06:00:14.368, 2, 233.96 W, 27, 2032 MHz, 3996 MHz, 0 %, 0 %
2026/03/24 06:00:14.368, 3, 234.15 W, 30, 2032 MHz, 3996 MHz, 0 %, 0 %
2026/03/24 06:00:14.368, 4, 179.16 W, 25, 120 MHz, 3996 MHz, 0 %, 0 %
2026/03/24 06:00:14.368, 5, 180.58 W, 28, 120 MHz, 3996 MHz, 0 %, 0 %
2026/03/24 06:00:14.368, 6, 178.29 W, 26, 120 MHz, 3996 MHz, 0 %, 0 %
2026/03/24 06:00:14.368, 7, 176.59 W, 27, 120 MHz, 3996 MHz, 0 %, 0 %
2026/03/24 06:00:15.368, 0, 228.26 W, 27, 2032 MHz, 3996 MHz, 0 %, 0 %
2026/03/24 06:00:15.368, 1, 233.16 W, 29, 2032 MHz, 3996 MHz, 0 %, 0 %
2026/03/24 06:00:15.368, 2, 233.96 W, 27, 2032 MHz, 3996 MHz, 0 %, 0 %
2026/03/24 06:00:15.368, 3, 233.83 W, 30, 2032 MHz, 3996 MHz, 0 %, 0 %
2026/03/24 06:00:15.368, 4, 179.06 W, 25, 120 MHz, 3996 MHz, 0 %, 0 %
2026/03/24 06:00:15.368, 5, 180.58 W, 28, 120 MHz, 3996 MHz, 0 %, 0 %
2026/03/24 06:00:15.368, 6, 178.07 W, 26, 120 MHz, 3996 MHz, 0 %, 0 %
2026/03/24 06:00:15.369, 7, 176.58 W, 27, 120 MHz, 3996 MHz, 0 %, 0 %
2026/03/24 06:00:16.369, 0, 228.41 W, 27, 2032 MHz, 3996 MHz, 0 %, 0 %
2026/03/24 06:00:16.369, 1, 233.16 W, 29, 2032 MHz, 3996 MHz, 0 %, 0 %
2026/03/24 06:00:16.369, 2, 234.00 W, 27, 2032 MHz, 3996 MHz, 0 %, 0 %
2026/03/24 06:00:16.369, 3, 233.77 W, 30, 2032 MHz, 3996 MHz, 0 %, 0 %
2026/03/24 06:00:16.369, 4, 178.98 W, 25, 120 MHz, 3996 MHz, 0 %, 0 %
2026/03/24 06:00:16.369, 5, 180.58 W, 28, 120 MHz, 3996 MHz, 0 %, 0 %
2026/03/24 06:00:16.369, 6, 178.21 W, 26, 120 MHz, 3996 MHz, 0 %, 0 %
2026/03/24 06:00:16.369, 7, 176.58 W, 27, 120 MHz, 3996 MHz, 0 %, 0 %
2026/03/24 06:00:17.369, 0, 228.42 W, 27, 2032 MHz, 3996 MHz, 0 %, 0 %
2026/03/24 06:00:17.369, 1, 233.16 W, 29, 2032 MHz, 3996 MHz, 0 %, 0 %
2026/03/24 06:00:17.369, 2, 233.99 W, 27, 2032 MHz, 3996 MHz, 0 %, 0 %
2026/03/24 06:00:17.369, 3, 234.02 W, 30, 2032 MHz, 3996 MHz, 0 %, 0 %
2026/03/24 06:00:17.369, 4, 178.98 W, 25, 120 MHz, 3996 MHz, 0 %, 0 %
2026/03/24 06:00:17.369, 5, 180.58 W, 28, 120 MHz, 3996 MHz, 0 %, 0 %
2026/03/24 06:00:17.369, 6, 178.22 W, 26, 120 MHz, 3996 MHz, 0 %, 0 %
2026/03/24 06:00:17.369, 7, 176.58 W, 27, 120 MHz, 3996 MHz, 0 %, 0 %
2026/03/24 06:00:18.369, 0, 228.33 W, 27, 2032 MHz, 3996 MHz, 0 %, 0 %
2026/03/24 06:00:18.369, 1, 233.16 W, 29, 2032 MHz, 3996 MHz, 0 %, 0 %
2026/03/24 06:00:18.369, 2, 233.96 W, 27, 2032 MHz, 3996 MHz, 0 %, 0 %
2026/03/24 06:00:18.369, 3, 234.24 W, 30, 2032 MHz, 3996 MHz, 0 %, 0 %
2026/03/24 06:00:18.369, 4, 178.99 W, 25, 120 MHz, 3996 MHz, 0 %, 0 %
2026/03/24 06:00:18.369, 5, 180.58 W, 28, 120 MHz, 3996 MHz, 0 %, 0 %
2026/03/24 06:00:18.369, 6, 178.15 W, 26, 120 MHz, 3996 MHz, 0 %, 0 %
2026/03/24 06:00:18.369, 7, 176.59 W, 27, 120 MHz, 3996 MHz, 0 %, 0 %
2026/03/24 06:00:19.369, 0, 228.38 W, 27, 2032 MHz, 3996 MHz, 0 %, 0 %
2026/03/24 06:00:19.369, 1, 233.16 W, 29, 2032 MHz, 3996 MHz, 0 %, 0 %
2026/03/24 06:00:19.369, 2, 233.98 W, 27, 2032 MHz, 3996 MHz, 0 %, 0 %
2026/03/24 06:00:19.369, 3, 234.14 W, 30, 2032 MHz, 3996 MHz, 0 %, 0 %
2026/03/24 06:00:19.369, 4, 179.14 W, 25, 120 MHz, 3996 MHz, 0 %, 0 %
2026/03/24 06:00:19.369, 5, 180.58 W, 28, 120 MHz, 3996 MHz, 0 %, 0 %
2026/03/24 06:00:19.369, 6, 178.22 W, 26, 120 MHz, 3996 MHz, 0 %, 0 %
2026/03/24 06:00:19.369, 7, 176.58 W, 27, 120 MHz, 3996 MHz, 0 %, 0 %
2026/03/24 06:00:20.369, 0, 228.30 W, 27, 2032 MHz, 3996 MHz, 0 %, 0 %
2026/03/24 06:00:20.369, 1, 233.16 W, 29, 2032 MHz, 3996 MHz, 0 %, 0 %
2026/03/24 06:00:20.369, 2, 233.95 W, 27, 2032 MHz, 3996 MHz, 0 %, 0 %
2026/03/24 06:00:20.369, 3, 233.90 W, 30, 2032 MHz, 3996 MHz, 0 %, 0 %
2026/03/24 06:00:20.369, 4, 179.05 W, 25, 120 MHz, 3996 MHz, 0 %, 0 %
2026/03/24 06:00:20.369, 5, 180.58 W, 28, 120 MHz, 3996 MHz, 0 %, 0 %
2026/03/24 06:00:20.369, 6, 178.34 W, 26, 120 MHz, 3996 MHz, 0 %, 0 %
2026/03/24 06:00:20.369, 7, 176.58 W, 27, 120 MHz, 3996 MHz, 0 %, 0 %
2026/03/24 06:00:21.369, 0, 228.26 W, 27, 2032 MHz, 3996 MHz, 0 %, 0 %
2026/03/24 06:00:21.369, 1, 233.20 W, 29, 2032 MHz, 3996 MHz, 0 %, 0 %
2026/03/24 06:00:21.369, 2, 234.02 W, 27, 2032 MHz, 3996 MHz, 0 %, 0 %
2026/03/24 06:00:21.369, 3, 234.09 W, 30, 2032 MHz, 3996 MHz, 0 %, 0 %
2026/03/24 06:00:21.369, 4, 179.05 W, 25, 120 MHz, 3996 MHz, 0 %, 0 %
2026/03/24 06:00:21.369, 5, 180.58 W, 28, 120 MHz, 3996 MHz, 0 %, 0 %
2026/03/24 06:00:21.369, 6, 178.25 W, 26, 120 MHz, 3996 MHz, 0 %, 0 %
2026/03/24 06:00:21.369, 7, 176.58 W, 27, 120 MHz, 3996 MHz, 0 %, 0 %
2026/03/24 06:00:22.370, 0, 228.46 W, 27, 2032 MHz, 3996 MHz, 0 %, 0 %
2026/03/24 06:00:22.370, 1, 233.24 W, 29, 2032 MHz, 3996 MHz, 0 %, 0 %
2026/03/24 06:00:22.370, 2, 233.99 W, 27, 2032 MHz, 3996 MHz, 0 %, 0 %
2026/03/24 06:00:22.370, 3, 234.11 W, 30, 2032 MHz, 3996 MHz, 0 %, 0 %
2026/03/24 06:00:22.370, 4, 179.01 W, 25, 120 MHz, 3996 MHz, 0 %, 0 %
2026/03/24 06:00:22.370, 5, 180.58 W, 28, 120 MHz, 3996 MHz, 0 %, 0 %
2026/03/24 06:00:22.370, 6, 178.34 W, 26, 120 MHz, 3996 MHz, 0 %, 0 %
2026/03/24 06:00:22.370, 7, 176.58 W, 27, 120 MHz, 3996 MHz, 0 %, 0 %
2026/03/24 06:00:23.370, 0, 228.45 W, 27, 2032 MHz, 3996 MHz, 0 %, 0 %
2026/03/24 06:00:23.370, 1, 233.16 W, 29, 2032 MHz, 3996 MHz, 0 %, 0 %
2026/03/24 06:00:23.370, 2, 233.98 W, 27, 2032 MHz, 3996 MHz, 0 %, 0 %
2026/03/24 06:00:23.370, 3, 233.64 W, 30, 2032 MHz, 3996 MHz, 0 %, 0 %
2026/03/24 06:00:23.370, 4, 179.03 W, 25, 120 MHz, 3996 MHz, 0 %, 0 %
2026/03/24 06:00:23.370, 5, 180.58 W, 28, 120 MHz, 3996 MHz, 0 %, 0 %
2026/03/24 06:00:23.370, 6, 178.37 W, 26, 120 MHz, 3996 MHz, 0 %, 0 %
2026/03/24 06:00:23.370, 7, 176.59 W, 27, 120 MHz, 3996 MHz, 0 %, 0 %
2026/03/24 06:00:24.370, 0, 228.19 W, 27, 2032 MHz, 3996 MHz, 0 %, 0 %
2026/03/24 06:00:24.370, 1, 233.16 W, 29, 2032 MHz, 3996 MHz, 0 %, 0 %
2026/03/24 06:00:24.370, 2, 233.97 W, 27, 2032 MHz, 3996 MHz, 0 %, 0 %
2026/03/24 06:00:24.370, 3, 233.45 W, 30, 2032 MHz, 3996 MHz, 0 %, 0 %
2026/03/24 06:00:24.370, 4, 179.21 W, 25, 120 MHz, 3996 MHz, 0 %, 0 %
2026/03/24 06:00:24.370, 5, 180.58 W, 28, 120 MHz, 3996 MHz, 0 %, 0 %
2026/03/24 06:00:24.370, 6, 178.41 W, 26, 120 MHz, 3996 MHz, 0 %, 0 %
2026/03/24 06:00:24.370, 7, 176.58 W, 27, 120 MHz, 3996 MHz, 0 %, 0 %
2026/03/24 06:00:25.370, 0, 228.26 W, 27, 2032 MHz, 3996 MHz, 0 %, 0 %
2026/03/24 06:00:25.370, 1, 233.16 W, 29, 2032 MHz, 3996 MHz, 0 %, 0 %
2026/03/24 06:00:25.370, 2, 233.96 W, 27, 2032 MHz, 3996 MHz, 0 %, 0 %
2026/03/24 06:00:25.370, 3, 233.44 W, 30, 2032 MHz, 3996 MHz, 0 %, 0 %
2026/03/24 06:00:25.370, 4, 179.26 W, 25, 120 MHz, 3996 MHz, 0 %, 0 %
2026/03/24 06:00:25.370, 5, 180.58 W, 28, 120 MHz, 3996 MHz, 0 %, 0 %
2026/03/24 06:00:25.370, 6, 178.53 W, 26, 120 MHz, 3996 MHz, 0 %, 0 %
2026/03/24 06:00:25.370, 7, 176.58 W, 27, 120 MHz, 3996 MHz, 0 %, 0 %
2026/03/24 06:00:26.370, 0, 228.98 W, 27, 2032 MHz, 3996 MHz, 0 %, 0 %
2026/03/24 06:00:26.370, 1, 233.40 W, 29, 2032 MHz, 3996 MHz, 0 %, 0 %
2026/03/24 06:00:26.370, 2, 234.84 W, 27, 2032 MHz, 3996 MHz, 0 %, 0 %
2026/03/24 06:00:26.370, 3, 233.99 W, 30, 2032 MHz, 3996 MHz, 0 %, 0 %
2026/03/24 06:00:26.370, 4, 179.07 W, 25, 120 MHz, 3996 MHz, 0 %, 0 %
2026/03/24 06:00:26.370, 5, 180.58 W, 28, 120 MHz, 3996 MHz, 0 %, 0 %
2026/03/24 06:00:26.370, 6, 178.10 W, 26, 120 MHz, 3996 MHz, 0 %, 0 %
2026/03/24 06:00:26.370, 7, 176.58 W, 27, 120 MHz, 3996 MHz, 0 %, 0 %
2026/03/24 06:00:27.370, 0, 246.46 W, 27, 2032 MHz, 3996 MHz, 0 %, 0 %
2026/03/24 06:00:27.370, 1, 252.50 W, 29, 2032 MHz, 3996 MHz, 0 %, 0 %
2026/03/24 06:00:27.370, 2, 253.81 W, 27, 2032 MHz, 3996 MHz, 0 %, 0 %
2026/03/24 06:00:27.370, 3, 253.43 W, 30, 2032 MHz, 3996 MHz, 0 %, 0 %
2026/03/24 06:00:27.370, 4, 178.97 W, 25, 120 MHz, 3996 MHz, 0 %, 0 %
2026/03/24 06:00:27.370, 5, 180.58 W, 28, 120 MHz, 3996 MHz, 0 %, 0 %
2026/03/24 06:00:27.370, 6, 178.26 W, 26, 120 MHz, 3996 MHz, 0 %, 0 %
2026/03/24 06:00:27.370, 7, 176.58 W, 27, 120 MHz, 3996 MHz, 0 %, 0 %
2026/03/24 06:00:28.370, 0, 229.33 W, 27, 2032 MHz, 3996 MHz, 0 %, 0 %
2026/03/24 06:00:28.370, 1, 233.66 W, 29, 2032 MHz, 3996 MHz, 0 %, 0 %
2026/03/24 06:00:28.371, 2, 234.94 W, 27, 2032 MHz, 3996 MHz, 0 %, 0 %
2026/03/24 06:00:28.371, 3, 235.01 W, 30, 2032 MHz, 3996 MHz, 0 %, 0 %
2026/03/24 06:00:28.371, 4, 179.10 W, 25, 120 MHz, 3996 MHz, 0 %, 0 %
2026/03/24 06:00:28.371, 5, 180.58 W, 28, 120 MHz, 3996 MHz, 0 %, 0 %
2026/03/24 06:00:28.371, 6, 178.45 W, 26, 120 MHz, 3996 MHz, 0 %, 0 %
2026/03/24 06:00:28.371, 7, 176.58 W, 27, 120 MHz, 3996 MHz, 0 %, 0 %
2026/03/24 06:00:29.371, 0, 228.57 W, 27, 2032 MHz, 3996 MHz, 0 %, 0 %
2026/03/24 06:00:29.371, 1, 233.16 W, 29, 2032 MHz, 3996 MHz, 0 %, 0 %
2026/03/24 06:00:29.371, 2, 233.91 W, 27, 2032 MHz, 3996 MHz, 0 %, 0 %
2026/03/24 06:00:29.371, 3, 234.83 W, 30, 2032 MHz, 3996 MHz, 0 %, 0 %
2026/03/24 06:00:29.371, 4, 179.09 W, 25, 120 MHz, 3996 MHz, 0 %, 0 %
2026/03/24 06:00:29.371, 5, 180.58 W, 28, 120 MHz, 3996 MHz, 0 %, 0 %
2026/03/24 06:00:29.371, 6, 178.25 W, 26, 120 MHz, 3996 MHz, 0 %, 0 %
2026/03/24 06:00:29.371, 7, 176.58 W, 27, 120 MHz, 3996 MHz, 0 %, 0 %
2026/03/24 06:00:30.371, 0, 228.51 W, 27, 2032 MHz, 3996 MHz, 0 %, 0 %
2026/03/24 06:00:30.371, 1, 233.16 W, 29, 2032 MHz, 3996 MHz, 0 %, 0 %
2026/03/24 06:00:30.371, 2, 233.91 W, 27, 2032 MHz, 3996 MHz, 0 %, 0 %
2026/03/24 06:00:30.371, 3, 234.52 W, 30, 2032 MHz, 3996 MHz, 0 %, 0 %
2026/03/24 06:00:30.371, 4, 178.94 W, 25, 120 MHz, 3996 MHz, 0 %, 0 %
2026/03/24 06:00:30.371, 5, 180.58 W, 28, 120 MHz, 3996 MHz, 0 %, 0 %
2026/03/24 06:00:30.371, 6, 178.22 W, 26, 120 MHz, 3996 MHz, 0 %, 0 %
2026/03/24 06:00:30.371, 7, 176.58 W, 27, 120 MHz, 3996 MHz, 0 %, 0 %
2026/03/24 06:00:31.371, 0, 228.90 W, 27, 2032 MHz, 3996 MHz, 0 %, 0 %
2026/03/24 06:00:31.371, 1, 233.16 W, 29, 2032 MHz, 3996 MHz, 0 %, 0 %
2026/03/24 06:00:31.371, 2, 233.93 W, 27, 2032 MHz, 3996 MHz, 0 %, 0 %
2026/03/24 06:00:31.371, 3, 234.50 W, 30, 2032 MHz, 3996 MHz, 0 %, 0 %
2026/03/24 06:00:31.371, 4, 179.13 W, 25, 120 MHz, 3996 MHz, 0 %, 0 %
2026/03/24 06:00:31.371, 5, 180.58 W, 28, 120 MHz, 3996 MHz, 0 %, 0 %
2026/03/24 06:00:31.371, 6, 178.26 W, 26, 120 MHz, 3996 MHz, 0 %, 0 %
2026/03/24 06:00:31.371, 7, 176.58 W, 27, 120 MHz, 3996 MHz, 0 %, 0 %
2026/03/24 06:00:32.371, 0, 228.45 W, 27, 2032 MHz, 3996 MHz, 0 %, 0 %
2026/03/24 06:00:32.371, 1, 233.16 W, 29, 2032 MHz, 3996 MHz, 0 %, 0 %
2026/03/24 06:00:32.371, 2, 233.97 W, 27, 2032 MHz, 3996 MHz, 0 %, 0 %
2026/03/24 06:00:32.371, 3, 234.55 W, 30, 2032 MHz, 3996 MHz, 0 %, 0 %
2026/03/24 06:00:32.371, 4, 179.14 W, 25, 120 MHz, 3996 MHz, 0 %, 0 %
2026/03/24 06:00:32.371, 5, 180.58 W, 28, 120 MHz, 3996 MHz, 0 %, 0 %
2026/03/24 06:00:32.371, 6, 178.37 W, 26, 120 MHz, 3996 MHz, 0 %, 0 %
2026/03/24 06:00:32.371, 7, 176.58 W, 27, 120 MHz, 3996 MHz, 0 %, 0 %
2026/03/24 06:00:33.371, 0, 229.03 W, 27, 2032 MHz, 3996 MHz, 0 %, 0 %
2026/03/24 06:00:33.371, 1, 233.16 W, 29, 2032 MHz, 3996 MHz, 0 %, 0 %
2026/03/24 06:00:33.371, 2, 233.95 W, 27, 2032 MHz, 3996 MHz, 0 %, 0 %
2026/03/24 06:00:33.371, 3, 235.12 W, 30, 2032 MHz, 3996 MHz, 0 %, 0 %
2026/03/24 06:00:33.371, 4, 178.97 W, 25, 120 MHz, 3996 MHz, 0 %, 0 %
2026/03/24 06:00:33.371, 5, 180.58 W, 28, 120 MHz, 3996 MHz, 0 %, 0 %
2026/03/24 06:00:33.371, 6, 178.34 W, 26, 120 MHz, 3996 MHz, 0 %, 0 %
2026/03/24 06:00:33.371, 7, 176.58 W, 27, 120 MHz, 3996 MHz, 0 %, 0 %
2026/03/24 06:00:34.371, 0, 228.86 W, 27, 2032 MHz, 3996 MHz, 0 %, 0 %
2026/03/24 06:00:34.371, 1, 233.16 W, 29, 2032 MHz, 3996 MHz, 0 %, 0 %
2026/03/24 06:00:34.371, 2, 233.92 W, 27, 2032 MHz, 3996 MHz, 0 %, 0 %
2026/03/24 06:00:34.371, 3, 235.12 W, 30, 2032 MHz, 3996 MHz, 0 %, 0 %
2026/03/24 06:00:34.371, 4, 179.21 W, 25, 120 MHz, 3996 MHz, 0 %, 0 %
2026/03/24 06:00:34.371, 5, 180.58 W, 28, 120 MHz, 3996 MHz, 0 %, 0 %
2026/03/24 06:00:34.372, 6, 178.30 W, 26, 120 MHz, 3996 MHz, 0 %, 0 %
2026/03/24 06:00:34.372, 7, 176.58 W, 27, 120 MHz, 3996 MHz, 0 %, 0 %
2026/03/24 06:00:35.372, 0, 229.15 W, 27, 2032 MHz, 3996 MHz, 0 %, 0 %
2026/03/24 06:00:35.372, 1, 233.16 W, 29, 2032 MHz, 3996 MHz, 0 %, 0 %
2026/03/24 06:00:35.372, 2, 233.93 W, 27, 2032 MHz, 3996 MHz, 0 %, 0 %
2026/03/24 06:00:35.372, 3, 234.96 W, 30, 2032 MHz, 3996 MHz, 0 %, 0 %
2026/03/24 06:00:35.372, 4, 178.97 W, 25, 120 MHz, 3996 MHz, 0 %, 0 %
2026/03/24 06:00:35.372, 5, 180.58 W, 28, 120 MHz, 3996 MHz, 0 %, 0 %
2026/03/24 06:00:35.372, 6, 178.21 W, 26, 120 MHz, 3996 MHz, 0 %, 0 %
2026/03/24 06:00:35.372, 7, 176.58 W, 27, 120 MHz, 3996 MHz, 0 %, 0 %
2026/03/24 06:00:36.372, 0, 228.92 W, 27, 2032 MHz, 3996 MHz, 0 %, 0 %
2026/03/24 06:00:36.372, 1, 233.16 W, 29, 2032 MHz, 3996 MHz, 0 %, 0 %
2026/03/24 06:00:36.372, 2, 234.02 W, 27, 2032 MHz, 3996 MHz, 0 %, 0 %
2026/03/24 06:00:36.372, 3, 234.97 W, 30, 2032 MHz, 3996 MHz, 0 %, 0 %
2026/03/24 06:00:36.372, 4, 178.90 W, 25, 120 MHz, 3996 MHz, 0 %, 0 %
2026/03/24 06:00:36.372, 5, 180.58 W, 28, 120 MHz, 3996 MHz, 0 %, 0 %
2026/03/24 06:00:36.372, 6, 178.06 W, 26, 120 MHz, 3996 MHz, 0 %, 0 %
2026/03/24 06:00:36.372, 7, 176.58 W, 27, 120 MHz, 3996 MHz, 0 %, 0 %
2026/03/24 06:00:37.372, 0, 228.88 W, 27, 2032 MHz, 3996 MHz, 0 %, 0 %
2026/03/24 06:00:37.372, 1, 233.28 W, 29, 2032 MHz, 3996 MHz, 0 %, 0 %
2026/03/24 06:00:37.372, 2, 234.07 W, 27, 2032 MHz, 3996 MHz, 0 %, 0 %
2026/03/24 06:00:37.372, 3, 235.07 W, 30, 2032 MHz, 3996 MHz, 0 %, 0 %
2026/03/24 06:00:37.372, 4, 178.93 W, 25, 120 MHz, 3996 MHz, 0 %, 0 %
2026/03/24 06:00:37.372, 5, 180.58 W, 28, 120 MHz, 3996 MHz, 0 %, 0 %
2026/03/24 06:00:37.372, 6, 178.15 W, 26, 120 MHz, 3996 MHz, 0 %, 0 %
2026/03/24 06:00:37.372, 7, 176.58 W, 27, 120 MHz, 3996 MHz, 0 %, 0 %
2026/03/24 06:00:38.372, 0, 229.81 W, 27, 2032 MHz, 3996 MHz, 18 %, 0 %
2026/03/24 06:00:38.372, 1, 233.39 W, 29, 2032 MHz, 3996 MHz, 0 %, 0 %
2026/03/24 06:00:38.372, 2, 234.36 W, 27, 2032 MHz, 3996 MHz, 0 %, 0 %
2026/03/24 06:00:38.372, 3, 235.10 W, 30, 2032 MHz, 3996 MHz, 0 %, 0 %
2026/03/24 06:00:38.372, 4, 178.98 W, 25, 120 MHz, 3996 MHz, 0 %, 0 %
2026/03/24 06:00:38.372, 5, 180.58 W, 28, 120 MHz, 3996 MHz, 0 %, 0 %
2026/03/24 06:00:38.372, 6, 178.41 W, 26, 120 MHz, 3996 MHz, 0 %, 0 %
2026/03/24 06:00:38.372, 7, 176.58 W, 27, 120 MHz, 3996 MHz, 0 %, 0 %
2026/03/24 06:00:39.372, 0, 229.09 W, 27, 2032 MHz, 3996 MHz, 100 %, 0 %
2026/03/24 06:00:39.372, 1, 233.20 W, 29, 2032 MHz, 3996 MHz, 0 %, 0 %
2026/03/24 06:00:39.372, 2, 233.94 W, 27, 2032 MHz, 3996 MHz, 0 %, 0 %
2026/03/24 06:00:39.372, 3, 234.55 W, 30, 2032 MHz, 3996 MHz, 0 %, 0 %
2026/03/24 06:00:39.372, 4, 179.02 W, 25, 120 MHz, 3996 MHz, 0 %, 0 %
2026/03/24 06:00:39.372, 5, 180.62 W, 28, 120 MHz, 3996 MHz, 0 %, 0 %
2026/03/24 06:00:39.372, 6, 178.22 W, 26, 120 MHz, 3996 MHz, 0 %, 0 %
2026/03/24 06:00:39.372, 7, 176.58 W, 27, 120 MHz, 3996 MHz, 0 %, 0 %
2026/03/24 06:00:40.372, 0, 228.80 W, 27, 2032 MHz, 3996 MHz, 0 %, 0 %
2026/03/24 06:00:40.372, 1, 233.20 W, 29, 2032 MHz, 3996 MHz, 0 %, 0 %
2026/03/24 06:00:40.372, 2, 233.94 W, 27, 2032 MHz, 3996 MHz, 0 %, 0 %
2026/03/24 06:00:40.372, 3, 234.13 W, 30, 2032 MHz, 3996 MHz, 0 %, 0 %
2026/03/24 06:00:40.372, 4, 178.97 W, 25, 120 MHz, 3996 MHz, 0 %, 0 %
2026/03/24 06:00:40.372, 5, 180.58 W, 28, 120 MHz, 3996 MHz, 0 %, 0 %
2026/03/24 06:00:40.372, 6, 178.18 W, 26, 120 MHz, 3996 MHz, 0 %, 0 %
2026/03/24 06:00:40.372, 7, 176.58 W, 27, 120 MHz, 3996 MHz, 0 %, 0 %
2026/03/24 06:00:41.373, 0, 228.11 W, 27, 2032 MHz, 3996 MHz, 0 %, 0 %
2026/03/24 06:00:41.373, 1, 233.16 W, 29, 2032 MHz, 3996 MHz, 0 %, 0 %
2026/03/24 06:00:41.373, 2, 233.93 W, 27, 2032 MHz, 3996 MHz, 0 %, 0 %
2026/03/24 06:00:41.373, 3, 233.64 W, 30, 2032 MHz, 3996 MHz, 0 %, 0 %
2026/03/24 06:00:41.373, 4, 178.94 W, 25, 120 MHz, 3996 MHz, 0 %, 0 %
2026/03/24 06:00:41.373, 5, 180.58 W, 28, 120 MHz, 3996 MHz, 0 %, 0 %
2026/03/24 06:00:41.373, 6, 178.26 W, 26, 120 MHz, 3996 MHz, 0 %, 0 %
2026/03/24 06:00:41.373, 7, 176.58 W, 27, 120 MHz, 3996 MHz, 0 %, 0 %
2026/03/24 06:00:42.373, 0, 239.13 W, 27, 2032 MHz, 3996 MHz, 7 %, 5 %
2026/03/24 06:00:42.373, 1, 240.49 W, 29, 2032 MHz, 3996 MHz, 15 %, 13 %
2026/03/24 06:00:42.373, 2, 242.64 W, 27, 2032 MHz, 3996 MHz, 16 %, 13 %
2026/03/24 06:00:42.373, 3, 244.51 W, 30, 2032 MHz, 3996 MHz, 16 %, 13 %
2026/03/24 06:00:42.373, 4, 179.26 W, 25, 120 MHz, 3996 MHz, 0 %, 0 %
2026/03/24 06:00:42.373, 5, 180.58 W, 28, 120 MHz, 3996 MHz, 0 %, 0 %
2026/03/24 06:00:42.373, 6, 178.25 W, 26, 120 MHz, 3996 MHz, 0 %, 0 %
2026/03/24 06:00:42.373, 7, 176.58 W, 27, 120 MHz, 3996 MHz, 0 %, 0 %
2026/03/24 06:00:43.373, 0, 241.85 W, 27, 2032 MHz, 3996 MHz, 0 %, 0 %
2026/03/24 06:00:43.373, 1, 249.46 W, 29, 2032 MHz, 3996 MHz, 0 %, 0 %
2026/03/24 06:00:43.373, 2, 250.32 W, 27, 2032 MHz, 3996 MHz, 0 %, 0 %
2026/03/24 06:00:43.373, 3, 246.53 W, 30, 2032 MHz, 3996 MHz, 0 %, 0 %
2026/03/24 06:00:43.373, 4, 179.17 W, 25, 120 MHz, 3996 MHz, 0 %, 0 %
2026/03/24 06:00:43.373, 5, 180.58 W, 28, 120 MHz, 3996 MHz, 0 %, 0 %
2026/03/24 06:00:43.373, 6, 178.37 W, 26, 120 MHz, 3996 MHz, 0 %, 0 %
2026/03/24 06:00:43.373, 7, 176.58 W, 27, 120 MHz, 3996 MHz, 0 %, 0 %
2026/03/24 06:00:44.373, 0, 263.25 W, 27, 2032 MHz, 3996 MHz, 0 %, 0 %
2026/03/24 06:00:44.373, 1, 265.15 W, 30, 2032 MHz, 3996 MHz, 0 %, 0 %
2026/03/24 06:00:44.373, 2, 266.70 W, 27, 2032 MHz, 3996 MHz, 0 %, 0 %
2026/03/24 06:00:44.373, 3, 267.89 W, 30, 2032 MHz, 3996 MHz, 0 %, 0 %
2026/03/24 06:00:44.373, 4, 179.02 W, 25, 120 MHz, 3996 MHz, 0 %, 0 %
2026/03/24 06:00:44.373, 5, 180.58 W, 28, 120 MHz, 3996 MHz, 0 %, 0 %
2026/03/24 06:00:44.373, 6, 178.22 W, 26, 120 MHz, 3996 MHz, 0 %, 0 %
2026/03/24 06:00:44.373, 7, 176.58 W, 27, 120 MHz, 3996 MHz, 0 %, 0 %
2026/03/24 06:00:45.373, 0, 261.72 W, 27, 2032 MHz, 3996 MHz, 0 %, 0 %
2026/03/24 06:00:45.373, 1, 266.28 W, 30, 2032 MHz, 3996 MHz, 0 %, 0 %
2026/03/24 06:00:45.373, 2, 267.76 W, 27, 2032 MHz, 3996 MHz, 0 %, 0 %
2026/03/24 06:00:45.373, 3, 268.56 W, 30, 2032 MHz, 3996 MHz, 0 %, 0 %
2026/03/24 06:00:45.373, 4, 178.99 W, 25, 120 MHz, 3996 MHz, 0 %, 0 %
2026/03/24 06:00:45.373, 5, 180.58 W, 28, 120 MHz, 3996 MHz, 0 %, 0 %
2026/03/24 06:00:45.373, 6, 178.38 W, 26, 120 MHz, 3996 MHz, 0 %, 0 %
2026/03/24 06:00:45.373, 7, 176.58 W, 27, 120 MHz, 3996 MHz, 0 %, 0 %
2026/03/24 06:00:46.373, 0, 229.18 W, 27, 2032 MHz, 3996 MHz, 0 %, 0 %
2026/03/24 06:00:46.373, 1, 233.24 W, 29, 2032 MHz, 3996 MHz, 0 %, 0 %
2026/03/24 06:00:46.373, 2, 233.96 W, 27, 2032 MHz, 3996 MHz, 0 %, 0 %
2026/03/24 06:00:46.374, 3, 234.93 W, 30, 2032 MHz, 3996 MHz, 0 %, 0 %
2026/03/24 06:00:46.374, 4, 179.04 W, 25, 120 MHz, 3996 MHz, 0 %, 0 %
2026/03/24 06:00:46.374, 5, 180.58 W, 28, 120 MHz, 3996 MHz, 0 %, 0 %
2026/03/24 06:00:46.374, 6, 178.45 W, 26, 120 MHz, 3996 MHz, 0 %, 0 %
2026/03/24 06:00:46.374, 7, 176.58 W, 27, 120 MHz, 3996 MHz, 0 %, 0 %
2026/03/24 06:00:47.374, 0, 242.43 W, 27, 2032 MHz, 3996 MHz, 0 %, 0 %
2026/03/24 06:00:47.374, 1, 246.05 W, 29, 2032 MHz, 3996 MHz, 0 %, 0 %
2026/03/24 06:00:47.374, 2, 247.43 W, 27, 2032 MHz, 3996 MHz, 0 %, 0 %
2026/03/24 06:00:47.374, 3, 248.39 W, 30, 2032 MHz, 3996 MHz, 0 %, 0 %
2026/03/24 06:00:47.374, 4, 179.13 W, 25, 120 MHz, 3996 MHz, 0 %, 0 %
2026/03/24 06:00:47.374, 5, 180.62 W, 28, 120 MHz, 3996 MHz, 0 %, 0 %
2026/03/24 06:00:47.374, 6, 178.30 W, 26, 120 MHz, 3996 MHz, 0 %, 0 %
2026/03/24 06:00:47.374, 7, 176.58 W, 27, 120 MHz, 3996 MHz, 0 %, 0 %
2026/03/24 06:00:48.374, 0, 228.88 W, 27, 2032 MHz, 3996 MHz, 0 %, 0 %
2026/03/24 06:00:48.374, 1, 233.20 W, 29, 2032 MHz, 3996 MHz, 0 %, 0 %
2026/03/24 06:00:48.374, 2, 233.93 W, 27, 2032 MHz, 3996 MHz, 0 %, 0 %
2026/03/24 06:00:48.374, 3, 234.95 W, 30, 2032 MHz, 3996 MHz, 0 %, 0 %
2026/03/24 06:00:48.374, 4, 178.94 W, 25, 120 MHz, 3996 MHz, 0 %, 0 %
2026/03/24 06:00:48.374, 5, 180.58 W, 28, 120 MHz, 3996 MHz, 0 %, 0 %
2026/03/24 06:00:48.374, 6, 178.25 W, 26, 120 MHz, 3996 MHz, 0 %, 0 %
2026/03/24 06:00:48.374, 7, 176.58 W, 27, 120 MHz, 3996 MHz, 0 %, 0 %
2026/03/24 06:00:49.374, 0, 296.64 W, 29, 2032 MHz, 3996 MHz, 44 %, 29 %
2026/03/24 06:00:49.374, 1, 233.18 W, 29, 2032 MHz, 3996 MHz, 0 %, 0 %
2026/03/24 06:00:49.374, 2, 234.03 W, 27, 2032 MHz, 3996 MHz, 0 %, 0 %
2026/03/24 06:00:49.374, 3, 265.42 W, 32, 2032 MHz, 3996 MHz, 0 %, 0 %
2026/03/24 06:00:49.374, 4, 179.13 W, 25, 120 MHz, 3996 MHz, 0 %, 0 %
2026/03/24 06:00:49.374, 5, 180.58 W, 28, 120 MHz, 3996 MHz, 0 %, 0 %
2026/03/24 06:00:49.374, 6, 178.21 W, 26, 120 MHz, 3996 MHz, 0 %, 0 %
2026/03/24 06:00:49.374, 7, 176.58 W, 27, 120 MHz, 3996 MHz, 0 %, 0 %
2026/03/24 06:00:50.374, 0, 259.41 W, 28, 2032 MHz, 3996 MHz, 0 %, 0 %
2026/03/24 06:00:50.374, 1, 298.02 W, 30, 2032 MHz, 3996 MHz, 0 %, 0 %
2026/03/24 06:00:50.374, 2, 301.79 W, 27, 2032 MHz, 3996 MHz, 0 %, 0 %
2026/03/24 06:00:50.374, 3, 281.65 W, 30, 2032 MHz, 3996 MHz, 0 %, 0 %
2026/03/24 06:00:50.374, 4, 179.16 W, 25, 120 MHz, 3996 MHz, 0 %, 0 %
2026/03/24 06:00:50.374, 5, 180.58 W, 28, 120 MHz, 3996 MHz, 0 %, 0 %
2026/03/24 06:00:50.374, 6, 178.34 W, 26, 120 MHz, 3996 MHz, 0 %, 0 %
2026/03/24 06:00:50.374, 7, 176.58 W, 27, 120 MHz, 3996 MHz, 0 %, 0 %
2026/03/24 06:00:51.374, 0, 239.02 W, 27, 2032 MHz, 3996 MHz, 0 %, 0 %
2026/03/24 06:00:51.374, 1, 265.03 W, 30, 2032 MHz, 3996 MHz, 0 %, 0 %
2026/03/24 06:00:51.374, 2, 263.78 W, 27, 2032 MHz, 3996 MHz, 0 %, 0 %
2026/03/24 06:00:51.374, 3, 266.05 W, 30, 2032 MHz, 3996 MHz, 0 %, 0 %
2026/03/24 06:00:51.374, 4, 178.86 W, 25, 120 MHz, 3996 MHz, 0 %, 0 %
2026/03/24 06:00:51.374, 5, 180.58 W, 28, 120 MHz, 3996 MHz, 0 %, 0 %
2026/03/24 06:00:51.374, 6, 178.33 W, 26, 120 MHz, 3996 MHz, 0 %, 0 %
2026/03/24 06:00:51.374, 7, 176.58 W, 27, 120 MHz, 3996 MHz, 0 %, 0 %
2026/03/24 06:00:52.375, 0, 229.09 W, 27, 2032 MHz, 3996 MHz, 0 %, 0 %
2026/03/24 06:00:52.375, 1, 233.16 W, 29, 2032 MHz, 3996 MHz, 0 %, 0 %
2026/03/24 06:00:52.375, 2, 233.96 W, 27, 2032 MHz, 3996 MHz, 0 %, 0 %
2026/03/24 06:00:52.375, 3, 234.58 W, 30, 2032 MHz, 3996 MHz, 0 %, 0 %
2026/03/24 06:00:52.375, 4, 178.88 W, 25, 120 MHz, 3996 MHz, 0 %, 0 %
2026/03/24 06:00:52.375, 5, 180.58 W, 28, 120 MHz, 3996 MHz, 0 %, 0 %
2026/03/24 06:00:52.375, 6, 178.26 W, 26, 120 MHz, 3996 MHz, 0 %, 0 %
2026/03/24 06:00:52.375, 7, 176.58 W, 27, 120 MHz, 3996 MHz, 0 %, 0 %
2026/03/24 06:00:53.375, 0, 333.63 W, 29, 2032 MHz, 3996 MHz, 21 %, 10 %
2026/03/24 06:00:53.375, 1, 245.07 W, 29, 2032 MHz, 3996 MHz, 35 %, 33 %
2026/03/24 06:00:53.375, 2, 234.01 W, 27, 2032 MHz, 3996 MHz, 0 %, 0 %
2026/03/24 06:00:53.375, 3, 298.63 W, 33, 2032 MHz, 3996 MHz, 0 %, 0 %
2026/03/24 06:00:53.375, 4, 179.02 W, 25, 120 MHz, 3996 MHz, 0 %, 0 %
2026/03/24 06:00:53.375, 5, 180.58 W, 28, 120 MHz, 3996 MHz, 0 %, 0 %
2026/03/24 06:00:53.375, 6, 178.37 W, 26, 120 MHz, 3996 MHz, 0 %, 0 %
2026/03/24 06:00:53.375, 7, 176.58 W, 27, 120 MHz, 3996 MHz, 0 %, 0 %
2026/03/24 06:00:54.375, 0, 229.52 W, 28, 2032 MHz, 3996 MHz, 0 %, 0 %
2026/03/24 06:00:54.375, 1, 334.21 W, 30, 2032 MHz, 3996 MHz, 0 %, 0 %
2026/03/24 06:00:54.375, 2, 338.12 W, 28, 2032 MHz, 3996 MHz, 0 %, 0 %
2026/03/24 06:00:54.375, 3, 286.02 W, 30, 2032 MHz, 3996 MHz, 0 %, 0 %
2026/03/24 06:00:54.375, 4, 178.98 W, 25, 120 MHz, 3996 MHz, 0 %, 0 %
2026/03/24 06:00:54.375, 5, 180.58 W, 28, 120 MHz, 3996 MHz, 0 %, 0 %
2026/03/24 06:00:54.375, 6, 178.22 W, 26, 120 MHz, 3996 MHz, 0 %, 0 %
2026/03/24 06:00:54.375, 7, 176.58 W, 27, 120 MHz, 3996 MHz, 0 %, 0 %
2026/03/24 06:00:55.375, 0, 229.42 W, 27, 2032 MHz, 3996 MHz, 0 %, 0 %
2026/03/24 06:00:55.375, 1, 233.32 W, 29, 2032 MHz, 3996 MHz, 0 %, 0 %
2026/03/24 06:00:55.375, 2, 234.31 W, 27, 2032 MHz, 3996 MHz, 0 %, 0 %
2026/03/24 06:00:55.375, 3, 235.13 W, 30, 2032 MHz, 3996 MHz, 0 %, 0 %
2026/03/24 06:00:55.375, 4, 178.92 W, 25, 120 MHz, 3996 MHz, 0 %, 0 %
2026/03/24 06:00:55.375, 5, 180.58 W, 28, 120 MHz, 3996 MHz, 0 %, 0 %
2026/03/24 06:00:55.375, 6, 178.18 W, 26, 120 MHz, 3996 MHz, 0 %, 0 %
2026/03/24 06:00:55.375, 7, 176.58 W, 27, 120 MHz, 3996 MHz, 0 %, 0 %
2026/03/24 06:00:56.375, 0, 228.61 W, 27, 2032 MHz, 3996 MHz, 0 %, 0 %
2026/03/24 06:00:56.375, 1, 233.16 W, 29, 2032 MHz, 3996 MHz, 0 %, 0 %
2026/03/24 06:00:56.375, 2, 233.99 W, 27, 2032 MHz, 3996 MHz, 0 %, 0 %
2026/03/24 06:00:56.375, 3, 234.82 W, 30, 2032 MHz, 3996 MHz, 0 %, 0 %
2026/03/24 06:00:56.375, 4, 178.98 W, 25, 120 MHz, 3996 MHz, 0 %, 0 %
2026/03/24 06:00:56.375, 5, 180.58 W, 28, 120 MHz, 3996 MHz, 0 %, 0 %
2026/03/24 06:00:56.375, 6, 178.33 W, 26, 120 MHz, 3996 MHz, 0 %, 0 %
2026/03/24 06:00:56.375, 7, 176.58 W, 27, 120 MHz, 3996 MHz, 0 %, 0 %
2026/03/24 06:00:57.375, 0, 228.84 W, 27, 2032 MHz, 3996 MHz, 0 %, 0 %
2026/03/24 06:00:57.375, 1, 233.16 W, 29, 2032 MHz, 3996 MHz, 0 %, 0 %
2026/03/24 06:00:57.375, 2, 233.97 W, 27, 2032 MHz, 3996 MHz, 0 %, 0 %
2026/03/24 06:00:57.375, 3, 234.22 W, 30, 2032 MHz, 3996 MHz, 0 %, 0 %
2026/03/24 06:00:57.375, 4, 179.22 W, 25, 120 MHz, 3996 MHz, 0 %, 0 %
2026/03/24 06:00:57.375, 5, 180.58 W, 28, 120 MHz, 3996 MHz, 0 %, 0 %
2026/03/24 06:00:57.375, 6, 178.21 W, 26, 120 MHz, 3996 MHz, 0 %, 0 %
2026/03/24 06:00:57.375, 7, 176.58 W, 27, 120 MHz, 3996 MHz, 0 %, 0 %
2026/03/24 06:00:58.375, 0, 228.71 W, 27, 2032 MHz, 3996 MHz, 0 %, 0 %
2026/03/24 06:00:58.375, 1, 233.16 W, 29, 2032 MHz, 3996 MHz, 0 %, 0 %
2026/03/24 06:00:58.376, 2, 233.95 W, 27, 2032 MHz, 3996 MHz, 0 %, 0 %
2026/03/24 06:00:58.376, 3, 234.86 W, 30, 2032 MHz, 3996 MHz, 0 %, 0 %
2026/03/24 06:00:58.376, 4, 178.96 W, 25, 120 MHz, 3996 MHz, 0 %, 0 %
2026/03/24 06:00:58.376, 5, 180.58 W, 28, 120 MHz, 3996 MHz, 0 %, 0 %
2026/03/24 06:00:58.376, 6, 178.26 W, 26, 120 MHz, 3996 MHz, 0 %, 0 %
2026/03/24 06:00:58.376, 7, 176.58 W, 27, 120 MHz, 3996 MHz, 0 %, 0 %
2026/03/24 06:00:59.376, 0, 228.92 W, 27, 2032 MHz, 3996 MHz, 0 %, 0 %
2026/03/24 06:00:59.376, 1, 233.16 W, 29, 2032 MHz, 3996 MHz, 0 %, 0 %
2026/03/24 06:00:59.376, 2, 233.96 W, 27, 2032 MHz, 3996 MHz, 0 %, 0 %
2026/03/24 06:00:59.376, 3, 234.54 W, 30, 2032 MHz, 3996 MHz, 0 %, 0 %
2026/03/24 06:00:59.376, 4, 178.97 W, 25, 120 MHz, 3996 MHz, 0 %, 0 %
2026/03/24 06:00:59.376, 5, 180.58 W, 28, 120 MHz, 3996 MHz, 0 %, 0 %
2026/03/24 06:00:59.376, 6, 178.53 W, 26, 120 MHz, 3996 MHz, 0 %, 0 %
2026/03/24 06:00:59.376, 7, 176.58 W, 27, 120 MHz, 3996 MHz, 0 %, 0 %
2026/03/24 06:01:00.376, 0, 248.40 W, 28, 2032 MHz, 3996 MHz, 0 %, 0 %
2026/03/24 06:01:00.376, 1, 233.16 W, 29, 2032 MHz, 3996 MHz, 0 %, 0 %
2026/03/24 06:01:00.376, 2, 233.95 W, 27, 2032 MHz, 3996 MHz, 0 %, 0 %
2026/03/24 06:01:00.376, 3, 234.71 W, 30, 2032 MHz, 3996 MHz, 0 %, 0 %
2026/03/24 06:01:00.376, 4, 178.91 W, 25, 120 MHz, 3996 MHz, 0 %, 0 %
2026/03/24 06:01:00.376, 5, 180.58 W, 28, 120 MHz, 3996 MHz, 0 %, 0 %
2026/03/24 06:01:00.376, 6, 178.21 W, 26, 120 MHz, 3996 MHz, 0 %, 0 %
2026/03/24 06:01:00.376, 7, 176.58 W, 27, 120 MHz, 3996 MHz, 0 %, 0 %
2026/03/24 06:01:01.376, 0, 320.34 W, 28, 2032 MHz, 3996 MHz, 0 %, 0 %
2026/03/24 06:01:01.376, 1, 253.26 W, 29, 2032 MHz, 3996 MHz, 2 %, 1 %
2026/03/24 06:01:01.376, 2, 332.15 W, 30, 2032 MHz, 3996 MHz, 31 %, 29 %
2026/03/24 06:01:01.376, 3, 271.90 W, 32, 2032 MHz, 3996 MHz, 0 %, 0 %
2026/03/24 06:01:01.376, 4, 178.97 W, 25, 120 MHz, 3996 MHz, 0 %, 0 %
2026/03/24 06:01:01.376, 5, 180.58 W, 28, 120 MHz, 3996 MHz, 0 %, 0 %
2026/03/24 06:01:01.376, 6, 178.34 W, 26, 120 MHz, 3996 MHz, 0 %, 0 %
2026/03/24 06:01:01.376, 7, 176.58 W, 27, 120 MHz, 3996 MHz, 0 %, 0 %
2026/03/24 06:01:02.376, 0, 229.76 W, 27, 2032 MHz, 3996 MHz, 0 %, 0 %
2026/03/24 06:01:02.376, 1, 326.17 W, 30, 2032 MHz, 3996 MHz, 0 %, 0 %
2026/03/24 06:01:02.376, 2, 261.91 W, 27, 2032 MHz, 3996 MHz, 0 %, 0 %
2026/03/24 06:01:02.376, 3, 319.85 W, 30, 2032 MHz, 3996 MHz, 0 %, 0 %
2026/03/24 06:01:02.376, 4, 179.06 W, 25, 120 MHz, 3996 MHz, 0 %, 0 %
2026/03/24 06:01:02.376, 5, 180.58 W, 28, 120 MHz, 3996 MHz, 0 %, 0 %
2026/03/24 06:01:02.376, 6, 178.41 W, 26, 120 MHz, 3996 MHz, 0 %, 0 %
2026/03/24 06:01:02.376, 7, 176.58 W, 27, 120 MHz, 3996 MHz, 0 %, 0 %
2026/03/24 06:01:03.376, 0, 229.66 W, 27, 2032 MHz, 3996 MHz, 0 %, 0 %
2026/03/24 06:01:03.376, 1, 233.32 W, 29, 2032 MHz, 3996 MHz, 0 %, 0 %
2026/03/24 06:01:03.376, 2, 234.05 W, 27, 2032 MHz, 3996 MHz, 0 %, 0 %
2026/03/24 06:01:03.376, 3, 235.11 W, 30, 2032 MHz, 3996 MHz, 0 %, 0 %
2026/03/24 06:01:03.376, 4, 179.23 W, 25, 120 MHz, 3996 MHz, 0 %, 0 %
2026/03/24 06:01:03.376, 5, 180.58 W, 28, 120 MHz, 3996 MHz, 0 %, 0 %
2026/03/24 06:01:03.376, 6, 178.38 W, 26, 120 MHz, 3996 MHz, 0 %, 0 %
2026/03/24 06:01:03.376, 7, 176.58 W, 27, 120 MHz, 3996 MHz, 0 %, 0 %
2026/03/24 06:01:04.376, 0, 260.66 W, 28, 2032 MHz, 3996 MHz, 100 %, 0 %
2026/03/24 06:01:04.376, 1, 260.60 W, 30, 2032 MHz, 3996 MHz, 100 %, 0 %
2026/03/24 06:01:04.376, 2, 234.02 W, 27, 2032 MHz, 3996 MHz, 0 %, 0 %
2026/03/24 06:01:04.376, 3, 264.06 W, 30, 2032 MHz, 3996 MHz, 93 %, 7 %
2026/03/24 06:01:04.377, 4, 178.93 W, 25, 120 MHz, 3996 MHz, 0 %, 0 %
2026/03/24 06:01:04.377, 5, 180.58 W, 28, 120 MHz, 3996 MHz, 0 %, 0 %
2026/03/24 06:01:04.377, 6, 178.41 W, 26, 120 MHz, 3996 MHz, 0 %, 0 %
2026/03/24 06:01:04.377, 7, 176.58 W, 27, 120 MHz, 3996 MHz, 0 %, 0 %
2026/03/24 06:01:05.377, 0, 246.52 W, 27, 2032 MHz, 3996 MHz, 0 %, 0 %
2026/03/24 06:01:05.377, 1, 250.67 W, 30, 2032 MHz, 3996 MHz, 0 %, 0 %
2026/03/24 06:01:05.377, 2, 278.70 W, 27, 2032 MHz, 3996 MHz, 0 %, 0 %
2026/03/24 06:01:05.377, 3, 251.70 W, 30, 2032 MHz, 3996 MHz, 0 %, 0 %
2026/03/24 06:01:05.377, 4, 178.83 W, 25, 120 MHz, 3996 MHz, 0 %, 0 %
2026/03/24 06:01:05.377, 5, 180.58 W, 28, 120 MHz, 3996 MHz, 0 %, 0 %
2026/03/24 06:01:05.377, 6, 178.41 W, 26, 120 MHz, 3996 MHz, 0 %, 0 %
2026/03/24 06:01:05.377, 7, 176.58 W, 27, 120 MHz, 3996 MHz, 0 %, 0 %
2026/03/24 06:01:06.377, 0, 228.49 W, 27, 2032 MHz, 3996 MHz, 0 %, 0 %
2026/03/24 06:01:06.377, 1, 233.20 W, 29, 2032 MHz, 3996 MHz, 0 %, 0 %
2026/03/24 06:01:06.377, 2, 233.97 W, 27, 2032 MHz, 3996 MHz, 0 %, 0 %
2026/03/24 06:01:06.377, 3, 234.45 W, 30, 2032 MHz, 3996 MHz, 0 %, 0 %
2026/03/24 06:01:06.377, 4, 178.95 W, 25, 120 MHz, 3996 MHz, 0 %, 0 %
2026/03/24 06:01:06.377, 5, 180.58 W, 28, 120 MHz, 3996 MHz, 0 %, 0 %
2026/03/24 06:01:06.377, 6, 178.41 W, 26, 120 MHz, 3996 MHz, 0 %, 0 %
2026/03/24 06:01:06.377, 7, 176.58 W, 27, 120 MHz, 3996 MHz, 0 %, 0 %
2026/03/24 06:01:07.377, 0, 228.83 W, 27, 2032 MHz, 3996 MHz, 0 %, 0 %
2026/03/24 06:01:07.377, 1, 233.16 W, 29, 2032 MHz, 3996 MHz, 0 %, 0 %
2026/03/24 06:01:07.377, 2, 233.98 W, 27, 2032 MHz, 3996 MHz, 0 %, 0 %
2026/03/24 06:01:07.377, 3, 234.60 W, 30, 2032 MHz, 3996 MHz, 0 %, 0 %
2026/03/24 06:01:07.377, 4, 179.02 W, 25, 120 MHz, 3996 MHz, 0 %, 0 %
2026/03/24 06:01:07.377, 5, 180.58 W, 28, 120 MHz, 3996 MHz, 0 %, 0 %
2026/03/24 06:01:07.377, 6, 178.34 W, 26, 120 MHz, 3996 MHz, 0 %, 0 %
2026/03/24 06:01:07.377, 7, 176.58 W, 27, 120 MHz, 3996 MHz, 0 %, 0 %
2026/03/24 06:01:08.377, 0, 228.68 W, 27, 2032 MHz, 3996 MHz, 0 %, 0 %
2026/03/24 06:01:08.377, 1, 233.16 W, 29, 2032 MHz, 3996 MHz, 0 %, 0 %
2026/03/24 06:01:08.377, 2, 233.95 W, 27, 2032 MHz, 3996 MHz, 0 %, 0 %
2026/03/24 06:01:08.377, 3, 233.73 W, 30, 2032 MHz, 3996 MHz, 0 %, 0 %
2026/03/24 06:01:08.377, 4, 178.89 W, 25, 120 MHz, 3996 MHz, 0 %, 0 %
2026/03/24 06:01:08.377, 5, 180.58 W, 28, 120 MHz, 3996 MHz, 0 %, 0 %
2026/03/24 06:01:08.377, 6, 178.41 W, 26, 120 MHz, 3996 MHz, 0 %, 0 %
2026/03/24 06:01:08.377, 7, 176.58 W, 27, 120 MHz, 3996 MHz, 0 %, 0 %
2026/03/24 06:01:09.377, 0, 228.29 W, 27, 2032 MHz, 3996 MHz, 0 %, 0 %
2026/03/24 06:01:09.377, 1, 233.16 W, 29, 2032 MHz, 3996 MHz, 0 %, 0 %
2026/03/24 06:01:09.377, 2, 233.95 W, 27, 2032 MHz, 3996 MHz, 0 %, 0 %
2026/03/24 06:01:09.377, 3, 233.81 W, 30, 2032 MHz, 3996 MHz, 0 %, 0 %
2026/03/24 06:01:09.377, 4, 179.07 W, 25, 120 MHz, 3996 MHz, 0 %, 0 %
2026/03/24 06:01:09.377, 5, 180.58 W, 28, 120 MHz, 3996 MHz, 0 %, 0 %
2026/03/24 06:01:09.377, 6, 177.94 W, 26, 120 MHz, 3996 MHz, 0 %, 0 %
2026/03/24 06:01:09.377, 7, 176.58 W, 27, 120 MHz, 3996 MHz, 0 %, 0 %
2026/03/24 06:01:10.377, 0, 228.88 W, 27, 2032 MHz, 3996 MHz, 0 %, 0 %
2026/03/24 06:01:10.378, 1, 233.16 W, 29, 2032 MHz, 3996 MHz, 0 %, 0 %
2026/03/24 06:01:10.378, 2, 233.93 W, 27, 2032 MHz, 3996 MHz, 0 %, 0 %
2026/03/24 06:01:10.378, 3, 234.28 W, 30, 2032 MHz, 3996 MHz, 0 %, 0 %
2026/03/24 06:01:10.378, 4, 178.95 W, 25, 120 MHz, 3996 MHz, 0 %, 0 %
2026/03/24 06:01:10.378, 5, 180.58 W, 28, 120 MHz, 3996 MHz, 0 %, 0 %
2026/03/24 06:01:10.378, 6, 178.26 W, 26, 120 MHz, 3996 MHz, 0 %, 0 %
2026/03/24 06:01:10.378, 7, 176.58 W, 27, 120 MHz, 3996 MHz, 0 %, 0 %
2026/03/24 06:01:11.378, 0, 228.66 W, 27, 2032 MHz, 3996 MHz, 0 %, 0 %
2026/03/24 06:01:11.378, 1, 233.16 W, 29, 2032 MHz, 3996 MHz, 0 %, 0 %
2026/03/24 06:01:11.378, 2, 233.91 W, 27, 2032 MHz, 3996 MHz, 0 %, 0 %
2026/03/24 06:01:11.378, 3, 234.63 W, 30, 2032 MHz, 3996 MHz, 0 %, 0 %
2026/03/24 06:01:11.378, 4, 178.88 W, 25, 120 MHz, 3996 MHz, 0 %, 0 %
2026/03/24 06:01:11.378, 5, 180.58 W, 28, 120 MHz, 3996 MHz, 0 %, 0 %
2026/03/24 06:01:11.378, 6, 178.15 W, 26, 120 MHz, 3996 MHz, 0 %, 0 %
2026/03/24 06:01:11.378, 7, 176.58 W, 27, 120 MHz, 3996 MHz, 0 %, 0 %
2026/03/24 06:01:12.378, 0, 228.64 W, 27, 2032 MHz, 3996 MHz, 0 %, 0 %
2026/03/24 06:01:12.378, 1, 233.16 W, 29, 2032 MHz, 3996 MHz, 0 %, 0 %
2026/03/24 06:01:12.378, 2, 233.92 W, 27, 2032 MHz, 3996 MHz, 0 %, 0 %
2026/03/24 06:01:12.378, 3, 234.77 W, 30, 2032 MHz, 3996 MHz, 0 %, 0 %
2026/03/24 06:01:12.378, 4, 179.01 W, 25, 120 MHz, 3996 MHz, 0 %, 0 %
2026/03/24 06:01:12.378, 5, 180.58 W, 28, 120 MHz, 3996 MHz, 0 %, 0 %
2026/03/24 06:01:12.378, 6, 177.90 W, 26, 120 MHz, 3996 MHz, 0 %, 0 %
2026/03/24 06:01:12.378, 7, 176.58 W, 27, 120 MHz, 3996 MHz, 0 %, 0 %
2026/03/24 06:01:13.378, 0, 228.57 W, 27, 2032 MHz, 3996 MHz, 0 %, 0 %
2026/03/24 06:01:13.378, 1, 233.16 W, 29, 2032 MHz, 3996 MHz, 0 %, 0 %
2026/03/24 06:01:13.378, 2, 233.94 W, 27, 2032 MHz, 3996 MHz, 0 %, 0 %
2026/03/24 06:01:13.378, 3, 234.71 W, 30, 2032 MHz, 3996 MHz, 0 %, 0 %
2026/03/24 06:01:13.378, 4, 178.86 W, 25, 120 MHz, 3996 MHz, 0 %, 0 %
2026/03/24 06:01:13.378, 5, 180.58 W, 28, 120 MHz, 3996 MHz, 0 %, 0 %
2026/03/24 06:01:13.378, 6, 178.30 W, 26, 120 MHz, 3996 MHz, 0 %, 0 %
2026/03/24 06:01:13.378, 7, 176.58 W, 27, 120 MHz, 3996 MHz, 0 %, 0 %
2026/03/24 06:01:14.378, 0, 228.93 W, 27, 2032 MHz, 3996 MHz, 0 %, 0 %
2026/03/24 06:01:14.378, 1, 233.16 W, 29, 2032 MHz, 3996 MHz, 0 %, 0 %
2026/03/24 06:01:14.378, 2, 233.94 W, 27, 2032 MHz, 3996 MHz, 0 %, 0 %
2026/03/24 06:01:14.378, 3, 235.06 W, 30, 2032 MHz, 3996 MHz, 0 %, 0 %
2026/03/24 06:01:14.378, 4, 178.88 W, 25, 120 MHz, 3996 MHz, 0 %, 0 %
2026/03/24 06:01:14.378, 5, 180.58 W, 28, 120 MHz, 3996 MHz, 0 %, 0 %
2026/03/24 06:01:14.378, 6, 178.34 W, 26, 120 MHz, 3996 MHz, 0 %, 0 %
2026/03/24 06:01:14.378, 7, 176.58 W, 27, 120 MHz, 3996 MHz, 0 %, 0 %
2026/03/24 06:01:15.378, 0, 229.05 W, 27, 2032 MHz, 3996 MHz, 0 %, 0 %
2026/03/24 06:01:15.378, 1, 233.16 W, 29, 2032 MHz, 3996 MHz, 0 %, 0 %
2026/03/24 06:01:15.378, 2, 233.95 W, 27, 2032 MHz, 3996 MHz, 0 %, 0 %
2026/03/24 06:01:15.378, 3, 234.99 W, 30, 2032 MHz, 3996 MHz, 0 %, 0 %
2026/03/24 06:01:15.378, 4, 178.74 W, 25, 120 MHz, 3996 MHz, 0 %, 0 %
2026/03/24 06:01:15.378, 5, 180.58 W, 28, 120 MHz, 3996 MHz, 0 %, 0 %
2026/03/24 06:01:15.378, 6, 178.34 W, 26, 120 MHz, 3996 MHz, 0 %, 0 %
2026/03/24 06:01:15.378, 7, 176.58 W, 27, 120 MHz, 3996 MHz, 0 %, 0 %
2026/03/24 06:01:16.379, 0, 229.30 W, 27, 2032 MHz, 3996 MHz, 0 %, 0 %
2026/03/24 06:01:16.379, 1, 233.16 W, 29, 2032 MHz, 3996 MHz, 0 %, 0 %
2026/03/24 06:01:16.379, 2, 233.97 W, 27, 2032 MHz, 3996 MHz, 0 %, 0 %
2026/03/24 06:01:16.379, 3, 234.80 W, 30, 2032 MHz, 3996 MHz, 0 %, 0 %
2026/03/24 06:01:16.379, 4, 179.14 W, 25, 120 MHz, 3996 MHz, 0 %, 0 %
2026/03/24 06:01:16.379, 5, 180.58 W, 28, 120 MHz, 3996 MHz, 0 %, 0 %
2026/03/24 06:01:16.379, 6, 178.29 W, 26, 120 MHz, 3996 MHz, 0 %, 0 %
2026/03/24 06:01:16.379, 7, 176.58 W, 27, 120 MHz, 3996 MHz, 0 %, 0 %
2026/03/24 06:01:17.379, 0, 228.92 W, 27, 2032 MHz, 3996 MHz, 0 %, 0 %
2026/03/24 06:01:17.379, 1, 233.16 W, 29, 2032 MHz, 3996 MHz, 0 %, 0 %
2026/03/24 06:01:17.379, 2, 233.98 W, 27, 2032 MHz, 3996 MHz, 0 %, 0 %
2026/03/24 06:01:17.379, 3, 234.80 W, 30, 2032 MHz, 3996 MHz, 0 %, 0 %
2026/03/24 06:01:17.379, 4, 179.09 W, 25, 120 MHz, 3996 MHz, 0 %, 0 %
2026/03/24 06:01:17.379, 5, 180.58 W, 28, 120 MHz, 3996 MHz, 0 %, 0 %
2026/03/24 06:01:17.379, 6, 178.45 W, 26, 120 MHz, 3996 MHz, 0 %, 0 %
2026/03/24 06:01:17.379, 7, 176.58 W, 27, 120 MHz, 3996 MHz, 0 %, 0 %
2026/03/24 06:01:18.379, 0, 229.24 W, 27, 2032 MHz, 3996 MHz, 0 %, 0 %
2026/03/24 06:01:18.379, 1, 233.16 W, 29, 2032 MHz, 3996 MHz, 0 %, 0 %
2026/03/24 06:01:18.379, 2, 233.93 W, 27, 2032 MHz, 3996 MHz, 0 %, 0 %
2026/03/24 06:01:18.379, 3, 234.84 W, 30, 2032 MHz, 3996 MHz, 0 %, 0 %
2026/03/24 06:01:18.379, 4, 178.91 W, 25, 120 MHz, 3996 MHz, 0 %, 0 %
2026/03/24 06:01:18.379, 5, 180.58 W, 28, 120 MHz, 3996 MHz, 0 %, 0 %
2026/03/24 06:01:18.379, 6, 178.37 W, 26, 120 MHz, 3996 MHz, 0 %, 0 %
2026/03/24 06:01:18.379, 7, 176.58 W, 27, 120 MHz, 3996 MHz, 0 %, 0 %
2026/03/24 06:01:19.379, 0, 229.09 W, 27, 2032 MHz, 3996 MHz, 0 %, 0 %
2026/03/24 06:01:19.379, 1, 233.16 W, 29, 2032 MHz, 3996 MHz, 0 %, 0 %
2026/03/24 06:01:19.379, 2, 233.93 W, 27, 2032 MHz, 3996 MHz, 0 %, 0 %
2026/03/24 06:01:19.379, 3, 234.89 W, 30, 2032 MHz, 3996 MHz, 0 %, 0 %
2026/03/24 06:01:19.379, 4, 179.15 W, 25, 120 MHz, 3996 MHz, 0 %, 0 %
2026/03/24 06:01:19.379, 5, 180.58 W, 28, 120 MHz, 3996 MHz, 0 %, 0 %
2026/03/24 06:01:19.379, 6, 178.33 W, 26, 120 MHz, 3996 MHz, 0 %, 0 %
2026/03/24 06:01:19.379, 7, 176.58 W, 27, 120 MHz, 3996 MHz, 0 %, 0 %
2026/03/24 06:01:20.379, 0, 229.05 W, 27, 2032 MHz, 3996 MHz, 0 %, 0 %
2026/03/24 06:01:20.379, 1, 233.16 W, 29, 2032 MHz, 3996 MHz, 0 %, 0 %
2026/03/24 06:01:20.379, 2, 233.91 W, 27, 2032 MHz, 3996 MHz, 0 %, 0 %
2026/03/24 06:01:20.379, 3, 234.76 W, 30, 2032 MHz, 3996 MHz, 0 %, 0 %
2026/03/24 06:01:20.379, 4, 178.94 W, 25, 120 MHz, 3996 MHz, 0 %, 0 %
2026/03/24 06:01:20.379, 5, 180.58 W, 28, 120 MHz, 3996 MHz, 0 %, 0 %
2026/03/24 06:01:20.379, 6, 178.15 W, 26, 120 MHz, 3996 MHz, 0 %, 0 %
2026/03/24 06:01:20.379, 7, 176.58 W, 27, 120 MHz, 3996 MHz, 0 %, 0 %
2026/03/24 06:01:21.379, 0, 229.27 W, 27, 2032 MHz, 3996 MHz, 0 %, 0 %
2026/03/24 06:01:21.380, 1, 233.16 W, 29, 2032 MHz, 3996 MHz, 0 %, 0 %
2026/03/24 06:01:21.380, 2, 233.97 W, 27, 2032 MHz, 3996 MHz, 0 %, 0 %
2026/03/24 06:01:21.380, 3, 234.80 W, 30, 2032 MHz, 3996 MHz, 0 %, 0 %
2026/03/24 06:01:21.380, 4, 178.89 W, 25, 120 MHz, 3996 MHz, 0 %, 0 %
2026/03/24 06:01:21.380, 5, 180.58 W, 28, 120 MHz, 3996 MHz, 0 %, 0 %
2026/03/24 06:01:21.380, 6, 178.11 W, 26, 120 MHz, 3996 MHz, 0 %, 0 %
2026/03/24 06:01:21.380, 7, 176.58 W, 27, 120 MHz, 3996 MHz, 0 %, 0 %
2026/03/24 06:01:22.380, 0, 228.83 W, 27, 2032 MHz, 3996 MHz, 0 %, 0 %
2026/03/24 06:01:22.380, 1, 233.16 W, 29, 2032 MHz, 3996 MHz, 0 %, 0 %
2026/03/24 06:01:22.380, 2, 233.98 W, 27, 2032 MHz, 3996 MHz, 0 %, 0 %
2026/03/24 06:01:22.380, 3, 234.96 W, 30, 2032 MHz, 3996 MHz, 0 %, 0 %
2026/03/24 06:01:22.380, 4, 178.94 W, 25, 120 MHz, 3996 MHz, 0 %, 0 %
2026/03/24 06:01:22.380, 5, 180.58 W, 28, 120 MHz, 3996 MHz, 0 %, 0 %
2026/03/24 06:01:22.380, 6, 178.18 W, 26, 120 MHz, 3996 MHz, 0 %, 0 %
2026/03/24 06:01:22.380, 7, 176.58 W, 27, 120 MHz, 3996 MHz, 0 %, 0 %
2026/03/24 06:01:23.380, 0, 229.07 W, 27, 2032 MHz, 3996 MHz, 0 %, 0 %
2026/03/24 06:01:23.380, 1, 233.16 W, 29, 2032 MHz, 3996 MHz, 0 %, 0 %
2026/03/24 06:01:23.380, 2, 233.98 W, 27, 2032 MHz, 3996 MHz, 0 %, 0 %
2026/03/24 06:01:23.380, 3, 234.89 W, 30, 2032 MHz, 3996 MHz, 0 %, 0 %
2026/03/24 06:01:23.380, 4, 178.96 W, 25, 120 MHz, 3996 MHz, 0 %, 0 %
2026/03/24 06:01:23.380, 5, 180.58 W, 28, 120 MHz, 3996 MHz, 0 %, 0 %
2026/03/24 06:01:23.380, 6, 178.22 W, 26, 120 MHz, 3996 MHz, 0 %, 0 %
2026/03/24 06:01:23.380, 7, 176.58 W, 27, 120 MHz, 3996 MHz, 0 %, 0 %
2026/03/24 06:01:24.380, 0, 228.80 W, 27, 2032 MHz, 3996 MHz, 0 %, 0 %
2026/03/24 06:01:24.380, 1, 233.16 W, 29, 2032 MHz, 3996 MHz, 0 %, 0 %
2026/03/24 06:01:24.380, 2, 233.96 W, 27, 2032 MHz, 3996 MHz, 0 %, 0 %
2026/03/24 06:01:24.380, 3, 234.75 W, 30, 2032 MHz, 3996 MHz, 0 %, 0 %
2026/03/24 06:01:24.380, 4, 179.02 W, 25, 120 MHz, 3996 MHz, 0 %, 0 %
2026/03/24 06:01:24.380, 5, 180.58 W, 28, 120 MHz, 3996 MHz, 0 %, 0 %
2026/03/24 06:01:24.380, 6, 178.41 W, 26, 120 MHz, 3996 MHz, 0 %, 0 %
2026/03/24 06:01:24.380, 7, 176.58 W, 27, 120 MHz, 3996 MHz, 0 %, 0 %
2026/03/24 06:01:25.380, 0, 229.32 W, 27, 2032 MHz, 3996 MHz, 0 %, 0 %
2026/03/24 06:01:25.380, 1, 233.20 W, 29, 2032 MHz, 3996 MHz, 0 %, 0 %
2026/03/24 06:01:25.380, 2, 233.95 W, 27, 2032 MHz, 3996 MHz, 0 %, 0 %
2026/03/24 06:01:25.380, 3, 234.90 W, 30, 2032 MHz, 3996 MHz, 0 %, 0 %
2026/03/24 06:01:25.380, 4, 179.00 W, 25, 120 MHz, 3996 MHz, 0 %, 0 %
2026/03/24 06:01:25.380, 5, 180.58 W, 28, 120 MHz, 3996 MHz, 0 %, 0 %
2026/03/24 06:01:25.380, 6, 178.25 W, 26, 120 MHz, 3996 MHz, 0 %, 0 %
2026/03/24 06:01:25.380, 7, 176.58 W, 27, 120 MHz, 3996 MHz, 0 %, 0 %
2026/03/24 06:01:26.380, 0, 229.27 W, 27, 2032 MHz, 3996 MHz, 0 %, 0 %
2026/03/24 06:01:26.380, 1, 233.16 W, 29, 2032 MHz, 3996 MHz, 0 %, 0 %
2026/03/24 06:01:26.380, 2, 233.99 W, 27, 2032 MHz, 3996 MHz, 0 %, 0 %
2026/03/24 06:01:26.380, 3, 234.96 W, 30, 2032 MHz, 3996 MHz, 0 %, 0 %
2026/03/24 06:01:26.380, 4, 178.82 W, 25, 120 MHz, 3996 MHz, 0 %, 0 %
2026/03/24 06:01:26.380, 5, 180.58 W, 28, 120 MHz, 3996 MHz, 0 %, 0 %
2026/03/24 06:01:26.380, 6, 178.15 W, 26, 120 MHz, 3996 MHz, 0 %, 0 %
2026/03/24 06:01:26.380, 7, 176.58 W, 27, 120 MHz, 3996 MHz, 0 %, 0 %
2026/03/24 06:01:27.381, 0, 228.94 W, 27, 2032 MHz, 3996 MHz, 0 %, 0 %
2026/03/24 06:01:27.381, 1, 233.17 W, 29, 2032 MHz, 3996 MHz, 0 %, 0 %
2026/03/24 06:01:27.381, 2, 233.94 W, 27, 2032 MHz, 3996 MHz, 0 %, 0 %
2026/03/24 06:01:27.381, 3, 234.89 W, 30, 2032 MHz, 3996 MHz, 0 %, 0 %
2026/03/24 06:01:27.381, 4, 178.74 W, 25, 120 MHz, 3996 MHz, 0 %, 0 %
2026/03/24 06:01:27.381, 5, 180.58 W, 28, 120 MHz, 3996 MHz, 0 %, 0 %
2026/03/24 06:01:27.381, 6, 178.14 W, 26, 120 MHz, 3996 MHz, 0 %, 0 %
2026/03/24 06:01:27.381, 7, 176.58 W, 27, 120 MHz, 3996 MHz, 0 %, 0 %
2026/03/24 06:01:28.381, 0, 228.72 W, 27, 2032 MHz, 3996 MHz, 0 %, 0 %
2026/03/24 06:01:28.381, 1, 233.16 W, 29, 2032 MHz, 3996 MHz, 0 %, 0 %
2026/03/24 06:01:28.381, 2, 233.90 W, 27, 2032 MHz, 3996 MHz, 0 %, 0 %
2026/03/24 06:01:28.381, 3, 234.80 W, 30, 2032 MHz, 3996 MHz, 0 %, 0 %
2026/03/24 06:01:28.381, 4, 178.96 W, 25, 120 MHz, 3996 MHz, 0 %, 0 %
2026/03/24 06:01:28.381, 5, 180.58 W, 28, 120 MHz, 3996 MHz, 0 %, 0 %
2026/03/24 06:01:28.381, 6, 178.26 W, 26, 120 MHz, 3996 MHz, 0 %, 0 %
2026/03/24 06:01:28.381, 7, 176.58 W, 27, 120 MHz, 3996 MHz, 0 %, 0 %
2026/03/24 06:01:29.381, 0, 229.06 W, 27, 2032 MHz, 3996 MHz, 0 %, 0 %
2026/03/24 06:01:29.381, 1, 233.16 W, 29, 2032 MHz, 3996 MHz, 0 %, 0 %
2026/03/24 06:01:29.381, 2, 233.92 W, 27, 2032 MHz, 3996 MHz, 0 %, 0 %
2026/03/24 06:01:29.381, 3, 234.92 W, 30, 2032 MHz, 3996 MHz, 0 %, 0 %
2026/03/24 06:01:29.381, 4, 179.15 W, 25, 120 MHz, 3996 MHz, 0 %, 0 %
2026/03/24 06:01:29.381, 5, 180.58 W, 28, 120 MHz, 3996 MHz, 0 %, 0 %
2026/03/24 06:01:29.381, 6, 178.18 W, 26, 120 MHz, 3996 MHz, 0 %, 0 %
2026/03/24 06:01:29.381, 7, 176.58 W, 27, 120 MHz, 3996 MHz, 0 %, 0 %
2026/03/24 06:01:30.381, 0, 229.02 W, 27, 2032 MHz, 3996 MHz, 0 %, 0 %
2026/03/24 06:01:30.381, 1, 233.16 W, 29, 2032 MHz, 3996 MHz, 0 %, 0 %
2026/03/24 06:01:30.381, 2, 233.94 W, 27, 2032 MHz, 3996 MHz, 0 %, 0 %
2026/03/24 06:01:30.381, 3, 234.79 W, 30, 2032 MHz, 3996 MHz, 0 %, 0 %
2026/03/24 06:01:30.381, 4, 178.88 W, 25, 120 MHz, 3996 MHz, 0 %, 0 %
2026/03/24 06:01:30.381, 5, 180.58 W, 28, 120 MHz, 3996 MHz, 0 %, 0 %
2026/03/24 06:01:30.381, 6, 178.37 W, 26, 120 MHz, 3996 MHz, 0 %, 0 %
2026/03/24 06:01:30.381, 7, 176.58 W, 27, 120 MHz, 3996 MHz, 0 %, 0 %
2026/03/24 06:01:31.381, 0, 228.87 W, 27, 2032 MHz, 3996 MHz, 0 %, 0 %
2026/03/24 06:01:31.381, 1, 233.16 W, 29, 2032 MHz, 3996 MHz, 0 %, 0 %
2026/03/24 06:01:31.381, 2, 233.93 W, 27, 2032 MHz, 3996 MHz, 0 %, 0 %
2026/03/24 06:01:31.381, 3, 234.81 W, 30, 2032 MHz, 3996 MHz, 0 %, 0 %
2026/03/24 06:01:31.381, 4, 178.89 W, 25, 120 MHz, 3996 MHz, 0 %, 0 %
2026/03/24 06:01:31.381, 5, 180.58 W, 28, 120 MHz, 3996 MHz, 0 %, 0 %
2026/03/24 06:01:31.381, 6, 178.14 W, 26, 120 MHz, 3996 MHz, 0 %, 0 %
2026/03/24 06:01:31.381, 7, 176.58 W, 27, 120 MHz, 3996 MHz, 0 %, 0 %
2026/03/24 06:01:32.381, 0, 228.94 W, 27, 2032 MHz, 3996 MHz, 0 %, 0 %
2026/03/24 06:01:32.381, 1, 233.16 W, 29, 2032 MHz, 3996 MHz, 0 %, 0 %
2026/03/24 06:01:32.381, 2, 233.93 W, 27, 2032 MHz, 3996 MHz, 0 %, 0 %
2026/03/24 06:01:32.381, 3, 234.67 W, 30, 2032 MHz, 3996 MHz, 0 %, 0 %
2026/03/24 06:01:32.381, 4, 179.22 W, 25, 120 MHz, 3996 MHz, 0 %, 0 %
2026/03/24 06:01:32.381, 5, 180.58 W, 28, 120 MHz, 3996 MHz, 0 %, 0 %
2026/03/24 06:01:32.381, 6, 178.07 W, 26, 120 MHz, 3996 MHz, 0 %, 0 %
2026/03/24 06:01:32.382, 7, 176.58 W, 27, 120 MHz, 3996 MHz, 0 %, 0 %
2026/03/24 06:01:33.382, 0, 228.92 W, 27, 2032 MHz, 3996 MHz, 0 %, 0 %
2026/03/24 06:01:33.382, 1, 233.16 W, 29, 2032 MHz, 3996 MHz, 0 %, 0 %
2026/03/24 06:01:33.382, 2, 233.95 W, 27, 2032 MHz, 3996 MHz, 0 %, 0 %
2026/03/24 06:01:33.382, 3, 234.54 W, 30, 2032 MHz, 3996 MHz, 0 %, 0 %
2026/03/24 06:01:33.382, 4, 178.99 W, 25, 120 MHz, 3996 MHz, 0 %, 0 %
2026/03/24 06:01:33.382, 5, 180.58 W, 28, 120 MHz, 3996 MHz, 0 %, 0 %
2026/03/24 06:01:33.382, 6, 178.22 W, 26, 120 MHz, 3996 MHz, 0 %, 0 %
2026/03/24 06:01:33.382, 7, 176.58 W, 27, 120 MHz, 3996 MHz, 0 %, 0 %
2026/03/24 06:01:34.382, 0, 228.79 W, 27, 2032 MHz, 3996 MHz, 0 %, 0 %
2026/03/24 06:01:34.382, 1, 233.16 W, 29, 2032 MHz, 3996 MHz, 0 %, 0 %
2026/03/24 06:01:34.382, 2, 233.93 W, 27, 2032 MHz, 3996 MHz, 0 %, 0 %
2026/03/24 06:01:34.382, 3, 234.43 W, 30, 2032 MHz, 3996 MHz, 0 %, 0 %
2026/03/24 06:01:34.382, 4, 179.25 W, 25, 120 MHz, 3996 MHz, 0 %, 0 %
2026/03/24 06:01:34.382, 5, 180.58 W, 28, 120 MHz, 3996 MHz, 0 %, 0 %
2026/03/24 06:01:34.382, 6, 178.02 W, 26, 120 MHz, 3996 MHz, 0 %, 0 %
2026/03/24 06:01:34.382, 7, 176.58 W, 27, 120 MHz, 3996 MHz, 0 %, 0 %
2026/03/24 06:01:35.382, 0, 228.99 W, 27, 2032 MHz, 3996 MHz, 0 %, 0 %
2026/03/24 06:01:35.382, 1, 233.16 W, 29, 2032 MHz, 3996 MHz, 0 %, 0 %
2026/03/24 06:01:35.382, 2, 233.92 W, 27, 2032 MHz, 3996 MHz, 0 %, 0 %
2026/03/24 06:01:35.382, 3, 234.61 W, 30, 2032 MHz, 3996 MHz, 0 %, 0 %
2026/03/24 06:01:35.382, 4, 178.91 W, 25, 120 MHz, 3996 MHz, 0 %, 0 %
2026/03/24 06:01:35.382, 5, 180.58 W, 28, 120 MHz, 3996 MHz, 0 %, 0 %
2026/03/24 06:01:35.382, 6, 178.26 W, 26, 120 MHz, 3996 MHz, 0 %, 0 %
2026/03/24 06:01:35.382, 7, 176.58 W, 27, 120 MHz, 3996 MHz, 0 %, 0 %
2026/03/24 06:01:36.382, 0, 228.82 W, 27, 2032 MHz, 3996 MHz, 0 %, 0 %
2026/03/24 06:01:36.382, 1, 233.16 W, 29, 2032 MHz, 3996 MHz, 0 %, 0 %
2026/03/24 06:01:36.382, 2, 233.98 W, 27, 2032 MHz, 3996 MHz, 0 %, 0 %
2026/03/24 06:01:36.382, 3, 234.68 W, 30, 2032 MHz, 3996 MHz, 0 %, 0 %
2026/03/24 06:01:36.382, 4, 179.04 W, 25, 120 MHz, 3996 MHz, 0 %, 0 %
2026/03/24 06:01:36.382, 5, 180.58 W, 28, 120 MHz, 3996 MHz, 0 %, 0 %
2026/03/24 06:01:36.382, 6, 178.34 W, 26, 120 MHz, 3996 MHz, 0 %, 0 %
2026/03/24 06:01:36.382, 7, 176.58 W, 27, 120 MHz, 3996 MHz, 0 %, 0 %
2026/03/24 06:01:37.382, 0, 229.19 W, 27, 2032 MHz, 3996 MHz, 0 %, 0 %
2026/03/24 06:01:37.382, 1, 233.16 W, 29, 2032 MHz, 3996 MHz, 0 %, 0 %
2026/03/24 06:01:37.382, 2, 233.95 W, 27, 2032 MHz, 3996 MHz, 0 %, 0 %
2026/03/24 06:01:37.382, 3, 234.58 W, 30, 2032 MHz, 3996 MHz, 0 %, 0 %
2026/03/24 06:01:37.382, 4, 178.83 W, 25, 120 MHz, 3996 MHz, 0 %, 0 %
2026/03/24 06:01:37.382, 5, 180.58 W, 28, 120 MHz, 3996 MHz, 0 %, 0 %
2026/03/24 06:01:37.382, 6, 178.33 W, 26, 120 MHz, 3996 MHz, 0 %, 0 %
2026/03/24 06:01:37.382, 7, 176.58 W, 27, 120 MHz, 3996 MHz, 0 %, 0 %
2026/03/24 06:01:38.382, 0, 228.71 W, 27, 2032 MHz, 3996 MHz, 0 %, 0 %
2026/03/24 06:01:38.382, 1, 233.16 W, 29, 2032 MHz, 3996 MHz, 0 %, 0 %
2026/03/24 06:01:38.383, 2, 233.96 W, 27, 2032 MHz, 3996 MHz, 0 %, 0 %
2026/03/24 06:01:38.383, 3, 234.66 W, 30, 2032 MHz, 3996 MHz, 0 %, 0 %
2026/03/24 06:01:38.383, 4, 179.04 W, 25, 120 MHz, 3996 MHz, 0 %, 0 %
2026/03/24 06:01:38.383, 5, 180.58 W, 28, 120 MHz, 3996 MHz, 0 %, 0 %
2026/03/24 06:01:38.383, 6, 178.37 W, 26, 120 MHz, 3996 MHz, 0 %, 0 %
2026/03/24 06:01:38.383, 7, 176.58 W, 27, 120 MHz, 3996 MHz, 0 %, 0 %
2026/03/24 06:01:39.383, 0, 229.09 W, 27, 2032 MHz, 3996 MHz, 0 %, 0 %
2026/03/24 06:01:39.383, 1, 233.16 W, 29, 2032 MHz, 3996 MHz, 0 %, 0 %
2026/03/24 06:01:39.383, 2, 233.95 W, 27, 2032 MHz, 3996 MHz, 0 %, 0 %
2026/03/24 06:01:39.383, 3, 234.29 W, 30, 2032 MHz, 3996 MHz, 0 %, 0 %
2026/03/24 06:01:39.383, 4, 178.95 W, 25, 120 MHz, 3996 MHz, 0 %, 0 %
2026/03/24 06:01:39.383, 5, 180.58 W, 28, 120 MHz, 3996 MHz, 0 %, 0 %
2026/03/24 06:01:39.383, 6, 178.33 W, 26, 120 MHz, 3996 MHz, 0 %, 0 %
2026/03/24 06:01:39.383, 7, 176.58 W, 27, 120 MHz, 3996 MHz, 0 %, 0 %
2026/03/24 06:01:40.383, 0, 229.07 W, 27, 2032 MHz, 3996 MHz, 0 %, 0 %
2026/03/24 06:01:40.383, 1, 233.16 W, 29, 2032 MHz, 3996 MHz, 0 %, 0 %
2026/03/24 06:01:40.383, 2, 233.93 W, 27, 2032 MHz, 3996 MHz, 0 %, 0 %
2026/03/24 06:01:40.383, 3, 234.73 W, 30, 2032 MHz, 3996 MHz, 0 %, 0 %
2026/03/24 06:01:40.383, 4, 178.75 W, 25, 120 MHz, 3996 MHz, 0 %, 0 %
2026/03/24 06:01:40.383, 5, 180.58 W, 28, 120 MHz, 3996 MHz, 0 %, 0 %
2026/03/24 06:01:40.383, 6, 178.15 W, 26, 120 MHz, 3996 MHz, 0 %, 0 %
2026/03/24 06:01:40.383, 7, 176.58 W, 27, 120 MHz, 3996 MHz, 0 %, 0 %
2026/03/24 06:01:41.383, 0, 229.16 W, 27, 2032 MHz, 3996 MHz, 0 %, 0 %
2026/03/24 06:01:41.383, 1, 233.16 W, 29, 2032 MHz, 3996 MHz, 0 %, 0 %
2026/03/24 06:01:41.383, 2, 233.95 W, 27, 2032 MHz, 3996 MHz, 0 %, 0 %
2026/03/24 06:01:41.383, 3, 234.40 W, 30, 2032 MHz, 3996 MHz, 0 %, 0 %
2026/03/24 06:01:41.383, 4, 178.94 W, 25, 120 MHz, 3996 MHz, 0 %, 0 %
2026/03/24 06:01:41.383, 5, 180.58 W, 28, 120 MHz, 3996 MHz, 0 %, 0 %
2026/03/24 06:01:41.383, 6, 178.37 W, 26, 120 MHz, 3996 MHz, 0 %, 0 %
2026/03/24 06:01:41.383, 7, 176.58 W, 27, 120 MHz, 3996 MHz, 0 %, 0 %
2026/03/24 06:01:42.383, 0, 229.06 W, 27, 2032 MHz, 3996 MHz, 0 %, 0 %
2026/03/24 06:01:42.383, 1, 233.16 W, 29, 2032 MHz, 3996 MHz, 0 %, 0 %
2026/03/24 06:01:42.383, 2, 233.90 W, 27, 2032 MHz, 3996 MHz, 0 %, 0 %
2026/03/24 06:01:42.383, 3, 234.64 W, 30, 2032 MHz, 3996 MHz, 0 %, 0 %
2026/03/24 06:01:42.383, 4, 178.77 W, 25, 120 MHz, 3996 MHz, 0 %, 0 %
2026/03/24 06:01:42.383, 5, 180.58 W, 28, 120 MHz, 3996 MHz, 0 %, 0 %
2026/03/24 06:01:42.383, 6, 178.45 W, 26, 120 MHz, 3996 MHz, 0 %, 0 %
2026/03/24 06:01:42.383, 7, 176.58 W, 27, 120 MHz, 3996 MHz, 0 %, 0 %
2026/03/24 06:01:43.383, 0, 229.02 W, 27, 2032 MHz, 3996 MHz, 0 %, 0 %
2026/03/24 06:01:43.383, 1, 233.16 W, 29, 2032 MHz, 3996 MHz, 0 %, 0 %
2026/03/24 06:01:43.383, 2, 233.91 W, 27, 2032 MHz, 3996 MHz, 0 %, 0 %
2026/03/24 06:01:43.383, 3, 234.58 W, 30, 2032 MHz, 3996 MHz, 0 %, 0 %
2026/03/24 06:01:43.383, 4, 178.91 W, 25, 120 MHz, 3996 MHz, 0 %, 0 %
2026/03/24 06:01:43.383, 5, 180.58 W, 28, 120 MHz, 3996 MHz, 0 %, 0 %
2026/03/24 06:01:43.383, 6, 178.26 W, 26, 120 MHz, 3996 MHz, 0 %, 0 %
2026/03/24 06:01:43.383, 7, 176.58 W, 27, 120 MHz, 3996 MHz, 0 %, 0 %
2026/03/24 06:01:44.384, 0, 228.95 W, 27, 2032 MHz, 3996 MHz, 0 %, 0 %
2026/03/24 06:01:44.384, 1, 233.16 W, 29, 2032 MHz, 3996 MHz, 0 %, 0 %
2026/03/24 06:01:44.384, 2, 233.93 W, 27, 2032 MHz, 3996 MHz, 0 %, 0 %
2026/03/24 06:01:44.384, 3, 234.68 W, 30, 2032 MHz, 3996 MHz, 0 %, 0 %
2026/03/24 06:01:44.384, 4, 178.88 W, 25, 120 MHz, 3996 MHz, 0 %, 0 %
2026/03/24 06:01:44.384, 5, 180.58 W, 28, 120 MHz, 3996 MHz, 0 %, 0 %
2026/03/24 06:01:44.384, 6, 178.14 W, 26, 120 MHz, 3996 MHz, 0 %, 0 %
2026/03/24 06:01:44.384, 7, 176.58 W, 27, 120 MHz, 3996 MHz, 0 %, 0 %
2026/03/24 06:01:45.384, 0, 229.05 W, 27, 2032 MHz, 3996 MHz, 0 %, 0 %
2026/03/24 06:01:45.384, 1, 233.16 W, 29, 2032 MHz, 3996 MHz, 0 %, 0 %
2026/03/24 06:01:45.384, 2, 233.92 W, 27, 2032 MHz, 3996 MHz, 0 %, 0 %
2026/03/24 06:01:45.384, 3, 234.87 W, 30, 2032 MHz, 3996 MHz, 0 %, 0 %
2026/03/24 06:01:45.384, 4, 178.92 W, 25, 120 MHz, 3996 MHz, 0 %, 0 %
2026/03/24 06:01:45.384, 5, 180.58 W, 28, 120 MHz, 3996 MHz, 0 %, 0 %
2026/03/24 06:01:45.384, 6, 178.30 W, 26, 120 MHz, 3996 MHz, 0 %, 0 %
2026/03/24 06:01:45.384, 7, 176.58 W, 27, 120 MHz, 3996 MHz, 0 %, 0 %
2026/03/24 06:01:46.384, 0, 228.94 W, 27, 2032 MHz, 3996 MHz, 0 %, 0 %
2026/03/24 06:01:46.384, 1, 233.16 W, 29, 2032 MHz, 3996 MHz, 0 %, 0 %
2026/03/24 06:01:46.384, 2, 233.91 W, 27, 2032 MHz, 3996 MHz, 0 %, 0 %
2026/03/24 06:01:46.384, 3, 234.68 W, 30, 2032 MHz, 3996 MHz, 0 %, 0 %
2026/03/24 06:01:46.384, 4, 179.01 W, 25, 120 MHz, 3996 MHz, 0 %, 0 %
2026/03/24 06:01:46.384, 5, 180.58 W, 28, 120 MHz, 3996 MHz, 0 %, 0 %
2026/03/24 06:01:46.384, 6, 178.15 W, 26, 120 MHz, 3996 MHz, 0 %, 0 %
2026/03/24 06:01:46.384, 7, 176.58 W, 27, 120 MHz, 3996 MHz, 0 %, 0 %
2026/03/24 06:01:47.384, 0, 229.20 W, 27, 2032 MHz, 3996 MHz, 0 %, 0 %
2026/03/24 06:01:47.384, 1, 233.17 W, 29, 2032 MHz, 3996 MHz, 0 %, 0 %
2026/03/24 06:01:47.384, 2, 233.93 W, 27, 2032 MHz, 3996 MHz, 0 %, 0 %
2026/03/24 06:01:47.384, 3, 234.74 W, 30, 2032 MHz, 3996 MHz, 0 %, 0 %
2026/03/24 06:01:47.384, 4, 178.85 W, 25, 120 MHz, 3996 MHz, 0 %, 0 %
2026/03/24 06:01:47.384, 5, 180.58 W, 28, 120 MHz, 3996 MHz, 0 %, 0 %
2026/03/24 06:01:47.384, 6, 178.33 W, 26, 120 MHz, 3996 MHz, 0 %, 0 %
2026/03/24 06:01:47.384, 7, 176.58 W, 27, 120 MHz, 3996 MHz, 0 %, 0 %
2026/03/24 06:01:48.384, 0, 228.91 W, 27, 2032 MHz, 3996 MHz, 0 %, 0 %
2026/03/24 06:01:48.384, 1, 233.16 W, 29, 2032 MHz, 3996 MHz, 0 %, 0 %
2026/03/24 06:01:48.384, 2, 233.93 W, 27, 2032 MHz, 3996 MHz, 0 %, 0 %
2026/03/24 06:01:48.384, 3, 234.59 W, 30, 2032 MHz, 3996 MHz, 0 %, 0 %
2026/03/24 06:01:48.384, 4, 178.93 W, 25, 120 MHz, 3996 MHz, 0 %, 0 %
2026/03/24 06:01:48.384, 5, 180.58 W, 28, 120 MHz, 3996 MHz, 0 %, 0 %
2026/03/24 06:01:48.384, 6, 178.15 W, 26, 120 MHz, 3996 MHz, 0 %, 0 %
2026/03/24 06:01:48.384, 7, 176.58 W, 27, 120 MHz, 3996 MHz, 0 %, 0 %
2026/03/24 06:01:49.384, 0, 229.05 W, 27, 2032 MHz, 3996 MHz, 0 %, 0 %
2026/03/24 06:01:49.384, 1, 233.16 W, 29, 2032 MHz, 3996 MHz, 0 %, 0 %
2026/03/24 06:01:49.384, 2, 233.91 W, 27, 2032 MHz, 3996 MHz, 0 %, 0 %
2026/03/24 06:01:49.384, 3, 234.38 W, 30, 2032 MHz, 3996 MHz, 0 %, 0 %
2026/03/24 06:01:49.385, 4, 178.91 W, 25, 120 MHz, 3996 MHz, 0 %, 0 %
2026/03/24 06:01:49.385, 5, 180.58 W, 28, 120 MHz, 3996 MHz, 0 %, 0 %
2026/03/24 06:01:49.385, 6, 178.26 W, 26, 120 MHz, 3996 MHz, 0 %, 0 %
2026/03/24 06:01:49.385, 7, 176.58 W, 27, 120 MHz, 3996 MHz, 0 %, 0 %
2026/03/24 06:01:50.385, 0, 228.93 W, 27, 2032 MHz, 3996 MHz, 0 %, 0 %
2026/03/24 06:01:50.385, 1, 233.16 W, 29, 2032 MHz, 3996 MHz, 0 %, 0 %
2026/03/24 06:01:50.385, 2, 233.91 W, 27, 2032 MHz, 3996 MHz, 0 %, 0 %
2026/03/24 06:01:50.385, 3, 234.79 W, 30, 2032 MHz, 3996 MHz, 0 %, 0 %
2026/03/24 06:01:50.385, 4, 179.25 W, 25, 120 MHz, 3996 MHz, 0 %, 0 %
2026/03/24 06:01:50.385, 5, 180.58 W, 28, 120 MHz, 3996 MHz, 0 %, 0 %
2026/03/24 06:01:50.385, 6, 178.29 W, 26, 120 MHz, 3996 MHz, 0 %, 0 %
2026/03/24 06:01:50.385, 7, 176.58 W, 27, 120 MHz, 3996 MHz, 0 %, 0 %
2026/03/24 06:01:51.385, 0, 229.16 W, 27, 2032 MHz, 3996 MHz, 0 %, 0 %
2026/03/24 06:01:51.385, 1, 233.16 W, 29, 2032 MHz, 3996 MHz, 0 %, 0 %
2026/03/24 06:01:51.385, 2, 233.93 W, 27, 2032 MHz, 3996 MHz, 0 %, 0 %
2026/03/24 06:01:51.385, 3, 234.96 W, 30, 2032 MHz, 3996 MHz, 0 %, 0 %
2026/03/24 06:01:51.385, 4, 178.94 W, 25, 120 MHz, 3996 MHz, 0 %, 0 %
2026/03/24 06:01:51.385, 5, 180.58 W, 28, 120 MHz, 3996 MHz, 0 %, 0 %
2026/03/24 06:01:51.385, 6, 178.34 W, 26, 120 MHz, 3996 MHz, 0 %, 0 %
2026/03/24 06:01:51.385, 7, 176.58 W, 27, 120 MHz, 3996 MHz, 0 %, 0 %
2026/03/24 06:01:52.385, 0, 228.92 W, 27, 2032 MHz, 3996 MHz, 0 %, 0 %
2026/03/24 06:01:52.385, 1, 233.16 W, 29, 2032 MHz, 3996 MHz, 0 %, 0 %
2026/03/24 06:01:52.385, 2, 233.95 W, 27, 2032 MHz, 3996 MHz, 0 %, 0 %
2026/03/24 06:01:52.385, 3, 234.74 W, 30, 2032 MHz, 3996 MHz, 0 %, 0 %
2026/03/24 06:01:52.385, 4, 178.81 W, 25, 120 MHz, 3996 MHz, 0 %, 0 %
2026/03/24 06:01:52.385, 5, 180.58 W, 28, 120 MHz, 3996 MHz, 0 %, 0 %
2026/03/24 06:01:52.385, 6, 178.15 W, 26, 120 MHz, 3996 MHz, 0 %, 0 %
2026/03/24 06:01:52.385, 7, 176.58 W, 27, 120 MHz, 3996 MHz, 0 %, 0 %
2026/03/24 06:01:53.385, 0, 228.87 W, 27, 2032 MHz, 3996 MHz, 0 %, 0 %
2026/03/24 06:01:53.385, 1, 233.16 W, 29, 2032 MHz, 3996 MHz, 0 %, 0 %
2026/03/24 06:01:53.385, 2, 233.96 W, 27, 2032 MHz, 3996 MHz, 0 %, 0 %
2026/03/24 06:01:53.385, 3, 234.74 W, 30, 2032 MHz, 3996 MHz, 0 %, 0 %
2026/03/24 06:01:53.385, 4, 178.85 W, 25, 120 MHz, 3996 MHz, 0 %, 0 %
2026/03/24 06:01:53.385, 5, 180.58 W, 28, 120 MHz, 3996 MHz, 0 %, 0 %
2026/03/24 06:01:53.385, 6, 178.25 W, 26, 120 MHz, 3996 MHz, 0 %, 0 %
2026/03/24 06:01:53.385, 7, 176.58 W, 27, 120 MHz, 3996 MHz, 0 %, 0 %
2026/03/24 06:01:54.385, 0, 228.84 W, 27, 2032 MHz, 3996 MHz, 0 %, 0 %
2026/03/24 06:01:54.385, 1, 233.16 W, 29, 2032 MHz, 3996 MHz, 0 %, 0 %
2026/03/24 06:01:54.385, 2, 233.91 W, 27, 2032 MHz, 3996 MHz, 0 %, 0 %
2026/03/24 06:01:54.385, 3, 234.65 W, 30, 2032 MHz, 3996 MHz, 0 %, 0 %
2026/03/24 06:01:54.385, 4, 179.03 W, 25, 120 MHz, 3996 MHz, 0 %, 0 %
2026/03/24 06:01:54.385, 5, 180.58 W, 28, 120 MHz, 3996 MHz, 0 %, 0 %
2026/03/24 06:01:54.385, 6, 178.34 W, 26, 120 MHz, 3996 MHz, 0 %, 0 %
2026/03/24 06:01:54.385, 7, 176.58 W, 27, 120 MHz, 3996 MHz, 0 %, 0 %
2026/03/24 06:01:55.386, 0, 228.83 W, 27, 2032 MHz, 3996 MHz, 0 %, 0 %
2026/03/24 06:01:55.386, 1, 233.20 W, 29, 2032 MHz, 3996 MHz, 0 %, 0 %
2026/03/24 06:01:55.386, 2, 233.92 W, 27, 2032 MHz, 3996 MHz, 0 %, 0 %
2026/03/24 06:01:55.386, 3, 234.81 W, 30, 2032 MHz, 3996 MHz, 0 %, 0 %
2026/03/24 06:01:55.386, 4, 179.05 W, 25, 120 MHz, 3996 MHz, 0 %, 0 %
2026/03/24 06:01:55.386, 5, 180.58 W, 28, 120 MHz, 3996 MHz, 0 %, 0 %
2026/03/24 06:01:55.386, 6, 178.52 W, 26, 120 MHz, 3996 MHz, 0 %, 0 %
2026/03/24 06:01:55.386, 7, 176.58 W, 27, 120 MHz, 3996 MHz, 0 %, 0 %
2026/03/24 06:01:56.386, 0, 229.01 W, 27, 2032 MHz, 3996 MHz, 0 %, 0 %
2026/03/24 06:01:56.386, 1, 233.16 W, 29, 2032 MHz, 3996 MHz, 0 %, 0 %
2026/03/24 06:01:56.386, 2, 233.92 W, 27, 2032 MHz, 3996 MHz, 0 %, 0 %
2026/03/24 06:01:56.386, 3, 234.07 W, 30, 2032 MHz, 3996 MHz, 0 %, 0 %
2026/03/24 06:01:56.386, 4, 178.77 W, 25, 120 MHz, 3996 MHz, 0 %, 0 %
2026/03/24 06:01:56.386, 5, 180.58 W, 28, 120 MHz, 3996 MHz, 0 %, 0 %
2026/03/24 06:01:56.386, 6, 178.03 W, 26, 120 MHz, 3996 MHz, 0 %, 0 %
2026/03/24 06:01:56.386, 7, 176.58 W, 27, 120 MHz, 3996 MHz, 0 %, 0 %
2026/03/24 06:01:57.386, 0, 228.76 W, 27, 2032 MHz, 3996 MHz, 0 %, 0 %
2026/03/24 06:01:57.386, 1, 233.16 W, 29, 2032 MHz, 3996 MHz, 0 %, 0 %
2026/03/24 06:01:57.386, 2, 233.95 W, 27, 2032 MHz, 3996 MHz, 0 %, 0 %
2026/03/24 06:01:57.386, 3, 234.85 W, 30, 2032 MHz, 3996 MHz, 0 %, 0 %
2026/03/24 06:01:57.386, 4, 178.72 W, 25, 120 MHz, 3996 MHz, 0 %, 0 %
2026/03/24 06:01:57.386, 5, 180.58 W, 28, 120 MHz, 3996 MHz, 0 %, 0 %
2026/03/24 06:01:57.386, 6, 178.45 W, 26, 120 MHz, 3996 MHz, 0 %, 0 %
2026/03/24 06:01:57.386, 7, 176.58 W, 27, 120 MHz, 3996 MHz, 0 %, 0 %
2026/03/24 06:01:58.386, 0, 228.90 W, 27, 2032 MHz, 3996 MHz, 0 %, 0 %
2026/03/24 06:01:58.386, 1, 233.16 W, 29, 2032 MHz, 3996 MHz, 0 %, 0 %
2026/03/24 06:01:58.386, 2, 233.91 W, 27, 2032 MHz, 3996 MHz, 0 %, 0 %
2026/03/24 06:01:58.386, 3, 234.77 W, 30, 2032 MHz, 3996 MHz, 0 %, 0 %
2026/03/24 06:01:58.386, 4, 179.00 W, 25, 120 MHz, 3996 MHz, 0 %, 0 %
2026/03/24 06:01:58.386, 5, 180.58 W, 28, 120 MHz, 3996 MHz, 0 %, 0 %
2026/03/24 06:01:58.386, 6, 178.29 W, 26, 120 MHz, 3996 MHz, 0 %, 0 %
2026/03/24 06:01:58.386, 7, 176.58 W, 27, 120 MHz, 3996 MHz, 0 %, 0 %
2026/03/24 06:01:59.386, 0, 228.84 W, 27, 2032 MHz, 3996 MHz, 0 %, 0 %
2026/03/24 06:01:59.386, 1, 233.16 W, 29, 2032 MHz, 3996 MHz, 0 %, 0 %
2026/03/24 06:01:59.386, 2, 233.91 W, 27, 2032 MHz, 3996 MHz, 0 %, 0 %
2026/03/24 06:01:59.386, 3, 234.77 W, 30, 2032 MHz, 3996 MHz, 0 %, 0 %
2026/03/24 06:01:59.386, 4, 178.95 W, 25, 120 MHz, 3996 MHz, 0 %, 0 %
2026/03/24 06:01:59.386, 5, 180.58 W, 28, 120 MHz, 3996 MHz, 0 %, 0 %
2026/03/24 06:01:59.386, 6, 178.07 W, 26, 120 MHz, 3996 MHz, 0 %, 0 %
2026/03/24 06:01:59.386, 7, 176.58 W, 27, 120 MHz, 3996 MHz, 0 %, 0 %
2026/03/24 06:02:00.386, 0, 228.67 W, 27, 2032 MHz, 3996 MHz, 0 %, 0 %
2026/03/24 06:02:00.386, 1, 233.16 W, 29, 2032 MHz, 3996 MHz, 0 %, 0 %
2026/03/24 06:02:00.386, 2, 233.90 W, 27, 2032 MHz, 3996 MHz, 0 %, 0 %
2026/03/24 06:02:00.386, 3, 234.37 W, 30, 2032 MHz, 3996 MHz, 0 %, 0 %
2026/03/24 06:02:00.386, 4, 178.95 W, 25, 120 MHz, 3996 MHz, 0 %, 0 %
2026/03/24 06:02:00.386, 5, 180.58 W, 28, 120 MHz, 3996 MHz, 0 %, 0 %
2026/03/24 06:02:00.386, 6, 178.37 W, 26, 120 MHz, 3996 MHz, 0 %, 0 %
2026/03/24 06:02:00.386, 7, 176.58 W, 27, 120 MHz, 3996 MHz, 0 %, 0 %
2026/03/24 06:02:01.387, 0, 228.65 W, 27, 2032 MHz, 3996 MHz, 0 %, 0 %
2026/03/24 06:02:01.387, 1, 233.16 W, 29, 2032 MHz, 3996 MHz, 0 %, 0 %
2026/03/24 06:02:01.387, 2, 233.91 W, 27, 2032 MHz, 3996 MHz, 0 %, 0 %
2026/03/24 06:02:01.387, 3, 234.78 W, 30, 2032 MHz, 3996 MHz, 0 %, 0 %
2026/03/24 06:02:01.387, 4, 178.83 W, 25, 120 MHz, 3996 MHz, 0 %, 0 %
2026/03/24 06:02:01.387, 5, 180.58 W, 28, 120 MHz, 3996 MHz, 0 %, 0 %
2026/03/24 06:02:01.387, 6, 178.30 W, 26, 120 MHz, 3996 MHz, 0 %, 0 %
2026/03/24 06:02:01.387, 7, 176.58 W, 27, 120 MHz, 3996 MHz, 0 %, 0 %
2026/03/24 06:02:02.387, 0, 228.92 W, 27, 2032 MHz, 3996 MHz, 0 %, 0 %
2026/03/24 06:02:02.387, 1, 233.16 W, 29, 2032 MHz, 3996 MHz, 0 %, 0 %
2026/03/24 06:02:02.387, 2, 233.94 W, 27, 2032 MHz, 3996 MHz, 0 %, 0 %
2026/03/24 06:02:02.387, 3, 234.48 W, 30, 2032 MHz, 3996 MHz, 0 %, 0 %
2026/03/24 06:02:02.387, 4, 179.05 W, 25, 120 MHz, 3996 MHz, 0 %, 0 %
2026/03/24 06:02:02.387, 5, 180.58 W, 28, 120 MHz, 3996 MHz, 0 %, 0 %
2026/03/24 06:02:02.387, 6, 178.34 W, 26, 120 MHz, 3996 MHz, 0 %, 0 %
2026/03/24 06:02:02.387, 7, 176.58 W, 27, 120 MHz, 3996 MHz, 0 %, 0 %
2026/03/24 06:02:03.387, 0, 228.94 W, 27, 2032 MHz, 3996 MHz, 0 %, 0 %
2026/03/24 06:02:03.387, 1, 233.16 W, 29, 2032 MHz, 3996 MHz, 0 %, 0 %
2026/03/24 06:02:03.387, 2, 233.98 W, 27, 2032 MHz, 3996 MHz, 0 %, 0 %
2026/03/24 06:02:03.387, 3, 234.63 W, 30, 2032 MHz, 3996 MHz, 0 %, 0 %
2026/03/24 06:02:03.387, 4, 178.90 W, 25, 120 MHz, 3996 MHz, 0 %, 0 %
2026/03/24 06:02:03.387, 5, 180.58 W, 28, 120 MHz, 3996 MHz, 0 %, 0 %
2026/03/24 06:02:03.387, 6, 178.29 W, 26, 120 MHz, 3996 MHz, 0 %, 0 %
2026/03/24 06:02:03.387, 7, 176.58 W, 27, 120 MHz, 3996 MHz, 0 %, 0 %
2026/03/24 06:02:04.387, 0, 228.88 W, 27, 2032 MHz, 3996 MHz, 0 %, 0 %
2026/03/24 06:02:04.387, 1, 233.16 W, 29, 2032 MHz, 3996 MHz, 0 %, 0 %
2026/03/24 06:02:04.387, 2, 233.93 W, 27, 2032 MHz, 3996 MHz, 0 %, 0 %
2026/03/24 06:02:04.387, 3, 234.68 W, 30, 2032 MHz, 3996 MHz, 0 %, 0 %
2026/03/24 06:02:04.387, 4, 178.90 W, 25, 120 MHz, 3996 MHz, 0 %, 0 %
2026/03/24 06:02:04.387, 5, 180.58 W, 28, 120 MHz, 3996 MHz, 0 %, 0 %
2026/03/24 06:02:04.387, 6, 178.06 W, 26, 120 MHz, 3996 MHz, 0 %, 0 %
2026/03/24 06:02:04.387, 7, 176.58 W, 27, 120 MHz, 3996 MHz, 0 %, 0 %
2026/03/24 06:02:05.387, 0, 228.86 W, 27, 2032 MHz, 3996 MHz, 0 %, 0 %
2026/03/24 06:02:05.387, 1, 233.16 W, 29, 2032 MHz, 3996 MHz, 0 %, 0 %
2026/03/24 06:02:05.387, 2, 233.91 W, 27, 2032 MHz, 3996 MHz, 0 %, 0 %
2026/03/24 06:02:05.387, 3, 234.81 W, 30, 2032 MHz, 3996 MHz, 0 %, 0 %
2026/03/24 06:02:05.387, 4, 179.15 W, 25, 120 MHz, 3996 MHz, 0 %, 0 %
2026/03/24 06:02:05.387, 5, 180.58 W, 28, 120 MHz, 3996 MHz, 0 %, 0 %
2026/03/24 06:02:05.387, 6, 178.26 W, 26, 120 MHz, 3996 MHz, 0 %, 0 %
2026/03/24 06:02:05.387, 7, 176.58 W, 27, 120 MHz, 3996 MHz, 0 %, 0 %
2026/03/24 06:02:06.387, 0, 228.52 W, 27, 2032 MHz, 3996 MHz, 0 %, 0 %
2026/03/24 06:02:06.387, 1, 233.16 W, 29, 2032 MHz, 3996 MHz, 0 %, 0 %
2026/03/24 06:02:06.387, 2, 233.94 W, 27, 2032 MHz, 3996 MHz, 0 %, 0 %
2026/03/24 06:02:06.387, 3, 234.66 W, 30, 2032 MHz, 3996 MHz, 0 %, 0 %
2026/03/24 06:02:06.388, 4, 179.02 W, 25, 120 MHz, 3996 MHz, 0 %, 0 %
2026/03/24 06:02:06.388, 5, 180.58 W, 28, 120 MHz, 3996 MHz, 0 %, 0 %
2026/03/24 06:02:06.388, 6, 178.18 W, 26, 120 MHz, 3996 MHz, 0 %, 0 %
2026/03/24 06:02:06.388, 7, 176.58 W, 27, 120 MHz, 3996 MHz, 0 %, 0 %
2026/03/24 06:02:07.388, 0, 228.82 W, 27, 2032 MHz, 3996 MHz, 0 %, 0 %
2026/03/24 06:02:07.388, 1, 233.16 W, 29, 2032 MHz, 3996 MHz, 0 %, 0 %
2026/03/24 06:02:07.388, 2, 234.00 W, 27, 2032 MHz, 3996 MHz, 0 %, 0 %
2026/03/24 06:02:07.388, 3, 234.47 W, 30, 2032 MHz, 3996 MHz, 0 %, 0 %
2026/03/24 06:02:07.388, 4, 179.07 W, 25, 120 MHz, 3996 MHz, 0 %, 0 %
2026/03/24 06:02:07.388, 5, 180.58 W, 28, 120 MHz, 3996 MHz, 0 %, 0 %
2026/03/24 06:02:07.388, 6, 178.37 W, 26, 120 MHz, 3996 MHz, 0 %, 0 %
2026/03/24 06:02:07.388, 7, 176.58 W, 27, 120 MHz, 3996 MHz, 0 %, 0 %
2026/03/24 06:02:08.388, 0, 228.84 W, 27, 2032 MHz, 3996 MHz, 0 %, 0 %
2026/03/24 06:02:08.388, 1, 233.16 W, 29, 2032 MHz, 3996 MHz, 0 %, 0 %
2026/03/24 06:02:08.388, 2, 233.95 W, 27, 2032 MHz, 3996 MHz, 0 %, 0 %
2026/03/24 06:02:08.388, 3, 234.93 W, 30, 2032 MHz, 3996 MHz, 0 %, 0 %
2026/03/24 06:02:08.388, 4, 179.19 W, 25, 120 MHz, 3996 MHz, 0 %, 0 %
2026/03/24 06:02:08.388, 5, 180.58 W, 28, 120 MHz, 3996 MHz, 0 %, 0 %
2026/03/24 06:02:08.388, 6, 178.18 W, 26, 120 MHz, 3996 MHz, 0 %, 0 %
2026/03/24 06:02:08.388, 7, 176.58 W, 27, 120 MHz, 3996 MHz, 0 %, 0 %
2026/03/24 06:02:09.388, 0, 228.61 W, 27, 2032 MHz, 3996 MHz, 0 %, 0 %
2026/03/24 06:02:09.388, 1, 233.16 W, 29, 2032 MHz, 3996 MHz, 0 %, 0 %
2026/03/24 06:02:09.388, 2, 233.98 W, 27, 2032 MHz, 3996 MHz, 0 %, 0 %
2026/03/24 06:02:09.388, 3, 234.61 W, 30, 2032 MHz, 3996 MHz, 0 %, 0 %
2026/03/24 06:02:09.388, 4, 178.99 W, 25, 120 MHz, 3996 MHz, 0 %, 0 %
2026/03/24 06:02:09.388, 5, 180.58 W, 28, 120 MHz, 3996 MHz, 0 %, 0 %
2026/03/24 06:02:09.388, 6, 178.11 W, 26, 120 MHz, 3996 MHz, 0 %, 0 %
2026/03/24 06:02:09.388, 7, 176.58 W, 27, 120 MHz, 3996 MHz, 0 %, 0 %
2026/03/24 06:02:10.388, 0, 228.94 W, 27, 2032 MHz, 3996 MHz, 0 %, 0 %
2026/03/24 06:02:10.388, 1, 233.16 W, 29, 2032 MHz, 3996 MHz, 0 %, 0 %
2026/03/24 06:02:10.388, 2, 233.97 W, 27, 2032 MHz, 3996 MHz, 0 %, 0 %
2026/03/24 06:02:10.388, 3, 234.68 W, 30, 2032 MHz, 3996 MHz, 0 %, 0 %
2026/03/24 06:02:10.388, 4, 178.98 W, 25, 120 MHz, 3996 MHz, 0 %, 0 %
2026/03/24 06:02:10.388, 5, 180.58 W, 28, 120 MHz, 3996 MHz, 0 %, 0 %
2026/03/24 06:02:10.388, 6, 177.98 W, 26, 120 MHz, 3996 MHz, 0 %, 0 %
2026/03/24 06:02:10.388, 7, 176.58 W, 27, 120 MHz, 3996 MHz, 0 %, 0 %
2026/03/24 06:02:11.388, 0, 228.84 W, 27, 2032 MHz, 3996 MHz, 0 %, 0 %
2026/03/24 06:02:11.388, 1, 233.16 W, 29, 2032 MHz, 3996 MHz, 0 %, 0 %
2026/03/24 06:02:11.388, 2, 233.93 W, 27, 2032 MHz, 3996 MHz, 0 %, 0 %
2026/03/24 06:02:11.388, 3, 234.73 W, 30, 2032 MHz, 3996 MHz, 0 %, 0 %
2026/03/24 06:02:11.388, 4, 179.01 W, 25, 120 MHz, 3996 MHz, 0 %, 0 %
2026/03/24 06:02:11.388, 5, 180.58 W, 28, 120 MHz, 3996 MHz, 0 %, 0 %
2026/03/24 06:02:11.388, 6, 178.22 W, 26, 120 MHz, 3996 MHz, 0 %, 0 %
2026/03/24 06:02:11.388, 7, 176.58 W, 27, 120 MHz, 3996 MHz, 0 %, 0 %
2026/03/24 06:02:12.388, 0, 228.93 W, 27, 2032 MHz, 3996 MHz, 0 %, 0 %
2026/03/24 06:02:12.388, 1, 233.16 W, 29, 2032 MHz, 3996 MHz, 0 %, 0 %
2026/03/24 06:02:12.388, 2, 233.91 W, 27, 2032 MHz, 3996 MHz, 0 %, 0 %
2026/03/24 06:02:12.388, 3, 234.83 W, 30, 2032 MHz, 3996 MHz, 0 %, 0 %
2026/03/24 06:02:12.388, 4, 178.95 W, 25, 120 MHz, 3996 MHz, 0 %, 0 %
2026/03/24 06:02:12.388, 5, 180.58 W, 28, 120 MHz, 3996 MHz, 0 %, 0 %
2026/03/24 06:02:12.388, 6, 178.41 W, 26, 120 MHz, 3996 MHz, 0 %, 0 %
2026/03/24 06:02:12.389, 7, 176.58 W, 27, 120 MHz, 3996 MHz, 0 %, 0 %
2026/03/24 06:02:13.389, 0, 294.55 W, 29, 2032 MHz, 3996 MHz, 94 %, 49 %
2026/03/24 06:02:13.389, 1, 296.01 W, 32, 2032 MHz, 3996 MHz, 48 %, 47 %
2026/03/24 06:02:13.389, 2, 300.59 W, 30, 2032 MHz, 3996 MHz, 88 %, 70 %
2026/03/24 06:02:13.389, 3, 298.74 W, 31, 2032 MHz, 3996 MHz, 88 %, 69 %
2026/03/24 06:02:13.389, 4, 178.90 W, 25, 120 MHz, 3996 MHz, 0 %, 0 %
2026/03/24 06:02:13.389, 5, 180.58 W, 28, 120 MHz, 3996 MHz, 0 %, 0 %
2026/03/24 06:02:13.389, 6, 178.21 W, 26, 120 MHz, 3996 MHz, 0 %, 0 %
2026/03/24 06:02:13.389, 7, 176.58 W, 27, 120 MHz, 3996 MHz, 0 %, 0 %
2026/03/24 06:02:14.389, 0, 229.90 W, 27, 2032 MHz, 3996 MHz, 0 %, 0 %
2026/03/24 06:02:14.389, 1, 233.24 W, 29, 2032 MHz, 3996 MHz, 0 %, 0 %
2026/03/24 06:02:14.389, 2, 233.98 W, 27, 2032 MHz, 3996 MHz, 0 %, 0 %
2026/03/24 06:02:14.389, 3, 234.35 W, 30, 2032 MHz, 3996 MHz, 0 %, 0 %
2026/03/24 06:02:14.389, 4, 178.99 W, 25, 120 MHz, 3996 MHz, 0 %, 0 %
2026/03/24 06:02:14.389, 5, 180.58 W, 28, 120 MHz, 3996 MHz, 0 %, 0 %
2026/03/24 06:02:14.389, 6, 178.06 W, 26, 120 MHz, 3996 MHz, 0 %, 0 %
2026/03/24 06:02:14.389, 7, 176.58 W, 27, 120 MHz, 3996 MHz, 0 %, 0 %
2026/03/24 06:02:15.389, 0, 228.14 W, 27, 2032 MHz, 3996 MHz, 0 %, 0 %
2026/03/24 06:02:15.389, 1, 233.16 W, 29, 2032 MHz, 3996 MHz, 0 %, 0 %
2026/03/24 06:02:15.389, 2, 233.94 W, 27, 2032 MHz, 3996 MHz, 0 %, 0 %
2026/03/24 06:02:15.389, 3, 233.78 W, 30, 2032 MHz, 3996 MHz, 0 %, 0 %
2026/03/24 06:02:15.389, 4, 179.08 W, 25, 120 MHz, 3996 MHz, 0 %, 0 %
2026/03/24 06:02:15.389, 5, 180.58 W, 28, 120 MHz, 3996 MHz, 0 %, 0 %
2026/03/24 06:02:15.389, 6, 178.37 W, 26, 120 MHz, 3996 MHz, 0 %, 0 %
2026/03/24 06:02:15.389, 7, 176.58 W, 27, 120 MHz, 3996 MHz, 0 %, 0 %
2026/03/24 06:02:16.389, 0, 228.07 W, 27, 2032 MHz, 3996 MHz, 0 %, 0 %
2026/03/24 06:02:16.389, 1, 233.16 W, 29, 2032 MHz, 3996 MHz, 0 %, 0 %
2026/03/24 06:02:16.389, 2, 233.97 W, 27, 2032 MHz, 3996 MHz, 0 %, 0 %
2026/03/24 06:02:16.389, 3, 233.43 W, 30, 2032 MHz, 3996 MHz, 0 %, 0 %
2026/03/24 06:02:16.389, 4, 178.93 W, 25, 120 MHz, 3996 MHz, 0 %, 0 %
2026/03/24 06:02:16.389, 5, 180.58 W, 28, 120 MHz, 3996 MHz, 0 %, 0 %
2026/03/24 06:02:16.389, 6, 178.18 W, 26, 120 MHz, 3996 MHz, 0 %, 0 %
2026/03/24 06:02:16.389, 7, 176.58 W, 27, 120 MHz, 3996 MHz, 0 %, 0 %
2026/03/24 06:02:17.389, 0, 228.34 W, 27, 2032 MHz, 3996 MHz, 0 %, 0 %
2026/03/24 06:02:17.389, 1, 233.20 W, 29, 2032 MHz, 3996 MHz, 0 %, 0 %
2026/03/24 06:02:17.389, 2, 234.00 W, 27, 2032 MHz, 3996 MHz, 0 %, 0 %
2026/03/24 06:02:17.389, 3, 233.91 W, 30, 2032 MHz, 3996 MHz, 0 %, 0 %
2026/03/24 06:02:17.389, 4, 179.00 W, 25, 120 MHz, 3996 MHz, 0 %, 0 %
2026/03/24 06:02:17.389, 5, 180.58 W, 28, 120 MHz, 3996 MHz, 0 %, 0 %
2026/03/24 06:02:17.389, 6, 178.06 W, 26, 120 MHz, 3996 MHz, 0 %, 0 %
2026/03/24 06:02:17.389, 7, 176.58 W, 27, 120 MHz, 3996 MHz, 0 %, 0 %
2026/03/24 06:02:18.389, 0, 234.31 W, 27, 2032 MHz, 3996 MHz, 0 %, 0 %
2026/03/24 06:02:18.389, 1, 237.94 W, 29, 2032 MHz, 3996 MHz, 0 %, 0 %
2026/03/24 06:02:18.389, 2, 239.02 W, 27, 2032 MHz, 3996 MHz, 0 %, 0 %
2026/03/24 06:02:18.389, 3, 239.51 W, 30, 2032 MHz, 3996 MHz, 1 %, 1 %
2026/03/24 06:02:18.389, 4, 178.91 W, 25, 120 MHz, 3996 MHz, 0 %, 0 %
2026/03/24 06:02:18.389, 5, 180.58 W, 28, 120 MHz, 3996 MHz, 0 %, 0 %
2026/03/24 06:02:18.389, 6, 178.34 W, 26, 120 MHz, 3996 MHz, 0 %, 0 %
2026/03/24 06:02:18.389, 7, 176.58 W, 27, 120 MHz, 3996 MHz, 0 %, 0 %
2026/03/24 06:02:19.390, 0, 228.22 W, 27, 2032 MHz, 3996 MHz, 0 %, 0 %
2026/03/24 06:02:19.390, 1, 233.16 W, 29, 2032 MHz, 3996 MHz, 0 %, 0 %
2026/03/24 06:02:19.390, 2, 233.96 W, 27, 2032 MHz, 3996 MHz, 0 %, 0 %
2026/03/24 06:02:19.390, 3, 233.56 W, 30, 2032 MHz, 3996 MHz, 0 %, 0 %
2026/03/24 06:02:19.390, 4, 178.94 W, 25, 120 MHz, 3996 MHz, 0 %, 0 %
2026/03/24 06:02:19.390, 5, 180.58 W, 28, 120 MHz, 3996 MHz, 0 %, 0 %
2026/03/24 06:02:19.390, 6, 178.33 W, 26, 120 MHz, 3996 MHz, 0 %, 0 %
2026/03/24 06:02:19.390, 7, 176.58 W, 27, 120 MHz, 3996 MHz, 0 %, 0 %
2026/03/24 06:02:20.390, 0, 228.11 W, 27, 2032 MHz, 3996 MHz, 0 %, 0 %
2026/03/24 06:02:20.390, 1, 233.16 W, 29, 2032 MHz, 3996 MHz, 0 %, 0 %
2026/03/24 06:02:20.390, 2, 237.28 W, 28, 2032 MHz, 3996 MHz, 0 %, 0 %
2026/03/24 06:02:20.390, 3, 233.40 W, 30, 2032 MHz, 3996 MHz, 0 %, 0 %
2026/03/24 06:02:20.390, 4, 179.09 W, 25, 120 MHz, 3996 MHz, 0 %, 0 %
2026/03/24 06:02:20.390, 5, 180.58 W, 28, 120 MHz, 3996 MHz, 0 %, 0 %
2026/03/24 06:02:20.390, 6, 178.34 W, 26, 120 MHz, 3996 MHz, 0 %, 0 %
2026/03/24 06:02:20.390, 7, 176.58 W, 27, 120 MHz, 3996 MHz, 0 %, 0 %
2026/03/24 06:02:21.390, 0, 360.23 W, 28, 2032 MHz, 3996 MHz, 0 %, 0 %
2026/03/24 06:02:21.390, 1, 355.39 W, 30, 2032 MHz, 3996 MHz, 0 %, 0 %
2026/03/24 06:02:21.390, 2, 358.25 W, 28, 2032 MHz, 3996 MHz, 0 %, 0 %
2026/03/24 06:02:21.390, 3, 357.50 W, 30, 2032 MHz, 3996 MHz, 0 %, 0 %
2026/03/24 06:02:21.390, 4, 179.08 W, 25, 120 MHz, 3996 MHz, 0 %, 0 %
2026/03/24 06:02:21.390, 5, 180.58 W, 28, 120 MHz, 3996 MHz, 0 %, 0 %
2026/03/24 06:02:21.390, 6, 178.30 W, 26, 120 MHz, 3996 MHz, 0 %, 0 %
2026/03/24 06:02:21.390, 7, 176.58 W, 27, 120 MHz, 3996 MHz, 0 %, 0 %
2026/03/24 06:02:22.390, 0, 229.37 W, 27, 2032 MHz, 3996 MHz, 0 %, 0 %
2026/03/24 06:02:22.390, 1, 234.18 W, 29, 2032 MHz, 3996 MHz, 0 %, 0 %
2026/03/24 06:02:22.390, 2, 236.35 W, 27, 2032 MHz, 3996 MHz, 0 %, 0 %
2026/03/24 06:02:22.390, 3, 238.18 W, 30, 2032 MHz, 3996 MHz, 17 %, 0 %
2026/03/24 06:02:22.390, 4, 178.94 W, 25, 120 MHz, 3996 MHz, 0 %, 0 %
2026/03/24 06:02:22.390, 5, 180.58 W, 28, 120 MHz, 3996 MHz, 0 %, 0 %
2026/03/24 06:02:22.390, 6, 178.37 W, 26, 120 MHz, 3996 MHz, 0 %, 0 %
2026/03/24 06:02:22.390, 7, 176.58 W, 27, 120 MHz, 3996 MHz, 0 %, 0 %
2026/03/24 06:02:23.390, 0, 229.08 W, 27, 2032 MHz, 3996 MHz, 0 %, 0 %
2026/03/24 06:02:23.390, 1, 233.20 W, 29, 2032 MHz, 3996 MHz, 0 %, 0 %
2026/03/24 06:02:23.390, 2, 234.01 W, 27, 2032 MHz, 3996 MHz, 0 %, 0 %
2026/03/24 06:02:23.390, 3, 234.56 W, 30, 2032 MHz, 3996 MHz, 0 %, 0 %
2026/03/24 06:02:23.390, 4, 178.96 W, 25, 120 MHz, 3996 MHz, 0 %, 0 %
2026/03/24 06:02:23.390, 5, 180.58 W, 28, 120 MHz, 3996 MHz, 0 %, 0 %
2026/03/24 06:02:23.390, 6, 178.15 W, 26, 120 MHz, 3996 MHz, 0 %, 0 %
2026/03/24 06:02:23.390, 7, 176.58 W, 27, 120 MHz, 3996 MHz, 0 %, 0 %
2026/03/24 06:02:24.390, 0, 228.33 W, 27, 2032 MHz, 3996 MHz, 0 %, 0 %
2026/03/24 06:02:24.390, 1, 233.16 W, 29, 2032 MHz, 3996 MHz, 0 %, 0 %
2026/03/24 06:02:24.390, 2, 233.93 W, 27, 2032 MHz, 3996 MHz, 0 %, 0 %
2026/03/24 06:02:24.391, 3, 234.16 W, 30, 2032 MHz, 3996 MHz, 0 %, 0 %
2026/03/24 06:02:24.391, 4, 178.85 W, 25, 120 MHz, 3996 MHz, 0 %, 0 %
2026/03/24 06:02:24.391, 5, 180.58 W, 28, 120 MHz, 3996 MHz, 0 %, 0 %
2026/03/24 06:02:24.391, 6, 178.37 W, 26, 120 MHz, 3996 MHz, 0 %, 0 %
2026/03/24 06:02:24.391, 7, 176.58 W, 27, 120 MHz, 3996 MHz, 0 %, 0 %
2026/03/24 06:02:25.391, 0, 228.34 W, 27, 2032 MHz, 3996 MHz, 0 %, 0 %
2026/03/24 06:02:25.391, 1, 233.16 W, 29, 2032 MHz, 3996 MHz, 0 %, 0 %
2026/03/24 06:02:25.391, 2, 233.95 W, 27, 2032 MHz, 3996 MHz, 0 %, 0 %
2026/03/24 06:02:25.391, 3, 234.04 W, 30, 2032 MHz, 3996 MHz, 0 %, 0 %
2026/03/24 06:02:25.391, 4, 178.95 W, 25, 120 MHz, 3996 MHz, 0 %, 0 %
2026/03/24 06:02:25.391, 5, 180.58 W, 28, 120 MHz, 3996 MHz, 0 %, 0 %
2026/03/24 06:02:25.391, 6, 178.38 W, 26, 120 MHz, 3996 MHz, 0 %, 0 %
2026/03/24 06:02:25.391, 7, 176.58 W, 27, 120 MHz, 3996 MHz, 0 %, 0 %
2026/03/24 06:02:26.391, 0, 228.14 W, 27, 2032 MHz, 3996 MHz, 0 %, 0 %
2026/03/24 06:02:26.391, 1, 233.16 W, 29, 2032 MHz, 3996 MHz, 0 %, 0 %
2026/03/24 06:02:26.391, 2, 233.94 W, 27, 2032 MHz, 3996 MHz, 0 %, 0 %
2026/03/24 06:02:26.391, 3, 233.67 W, 30, 2032 MHz, 3996 MHz, 0 %, 0 %
2026/03/24 06:02:26.391, 4, 178.96 W, 25, 120 MHz, 3996 MHz, 0 %, 0 %
2026/03/24 06:02:26.391, 5, 180.58 W, 28, 120 MHz, 3996 MHz, 0 %, 0 %
2026/03/24 06:02:26.391, 6, 178.10 W, 26, 120 MHz, 3996 MHz, 0 %, 0 %
2026/03/24 06:02:26.391, 7, 176.58 W, 27, 120 MHz, 3996 MHz, 0 %, 0 %
2026/03/24 06:02:27.391, 0, 228.07 W, 27, 2032 MHz, 3996 MHz, 0 %, 0 %
2026/03/24 06:02:27.391, 1, 233.16 W, 29, 2032 MHz, 3996 MHz, 0 %, 0 %
2026/03/24 06:02:27.391, 2, 233.96 W, 27, 2032 MHz, 3996 MHz, 0 %, 0 %
2026/03/24 06:02:27.391, 3, 233.41 W, 30, 2032 MHz, 3996 MHz, 0 %, 0 %
2026/03/24 06:02:27.391, 4, 178.91 W, 25, 120 MHz, 3996 MHz, 0 %, 0 %
2026/03/24 06:02:27.391, 5, 180.58 W, 28, 120 MHz, 3996 MHz, 0 %, 0 %
2026/03/24 06:02:27.391, 6, 178.45 W, 26, 120 MHz, 3996 MHz, 0 %, 0 %
2026/03/24 06:02:27.391, 7, 176.58 W, 27, 120 MHz, 3996 MHz, 0 %, 0 %
2026/03/24 06:02:28.391, 0, 228.07 W, 27, 2032 MHz, 3996 MHz, 0 %, 0 %
2026/03/24 06:02:28.391, 1, 233.16 W, 29, 2032 MHz, 3996 MHz, 0 %, 0 %
2026/03/24 06:02:28.391, 2, 233.98 W, 27, 2032 MHz, 3996 MHz, 0 %, 0 %
2026/03/24 06:02:28.391, 3, 233.34 W, 30, 2032 MHz, 3996 MHz, 0 %, 0 %
2026/03/24 06:02:28.391, 4, 179.04 W, 25, 120 MHz, 3996 MHz, 0 %, 0 %
2026/03/24 06:02:28.391, 5, 180.58 W, 28, 120 MHz, 3996 MHz, 0 %, 0 %
2026/03/24 06:02:28.391, 6, 178.21 W, 26, 120 MHz, 3996 MHz, 0 %, 0 %
2026/03/24 06:02:28.391, 7, 176.58 W, 27, 120 MHz, 3996 MHz, 0 %, 0 %
2026/03/24 06:02:29.391, 0, 228.06 W, 27, 2032 MHz, 3996 MHz, 0 %, 0 %
2026/03/24 06:02:29.391, 1, 233.16 W, 29, 2032 MHz, 3996 MHz, 0 %, 0 %
2026/03/24 06:02:29.391, 2, 233.94 W, 27, 2032 MHz, 3996 MHz, 0 %, 0 %
2026/03/24 06:02:29.391, 3, 233.41 W, 30, 2032 MHz, 3996 MHz, 0 %, 0 %
2026/03/24 06:02:29.391, 4, 178.71 W, 25, 120 MHz, 3996 MHz, 0 %, 0 %
2026/03/24 06:02:29.391, 5, 180.58 W, 28, 120 MHz, 3996 MHz, 0 %, 0 %
2026/03/24 06:02:29.391, 6, 178.26 W, 26, 120 MHz, 3996 MHz, 0 %, 0 %
2026/03/24 06:02:29.391, 7, 176.58 W, 27, 120 MHz, 3996 MHz, 0 %, 0 %
2026/03/24 06:02:30.391, 0, 228.07 W, 27, 2032 MHz, 3996 MHz, 0 %, 0 %
2026/03/24 06:02:30.391, 1, 233.16 W, 29, 2032 MHz, 3996 MHz, 0 %, 0 %
2026/03/24 06:02:30.391, 2, 233.95 W, 27, 2032 MHz, 3996 MHz, 0 %, 0 %
2026/03/24 06:02:30.391, 3, 233.33 W, 30, 2032 MHz, 3996 MHz, 0 %, 0 %
2026/03/24 06:02:30.391, 4, 178.83 W, 25, 120 MHz, 3996 MHz, 0 %, 0 %
2026/03/24 06:02:30.391, 5, 180.58 W, 28, 120 MHz, 3996 MHz, 0 %, 0 %
2026/03/24 06:02:30.392, 6, 178.25 W, 26, 120 MHz, 3996 MHz, 0 %, 0 %
2026/03/24 06:02:30.392, 7, 176.58 W, 27, 120 MHz, 3996 MHz, 0 %, 0 %
2026/03/24 06:02:31.392, 0, 228.07 W, 27, 2032 MHz, 3996 MHz, 0 %, 0 %
2026/03/24 06:02:31.392, 1, 233.16 W, 29, 2032 MHz, 3996 MHz, 0 %, 0 %
2026/03/24 06:02:31.392, 2, 233.91 W, 27, 2032 MHz, 3996 MHz, 0 %, 0 %
2026/03/24 06:02:31.392, 3, 233.62 W, 30, 2032 MHz, 3996 MHz, 0 %, 0 %
2026/03/24 06:02:31.392, 4, 179.01 W, 25, 120 MHz, 3996 MHz, 0 %, 0 %
2026/03/24 06:02:31.392, 5, 180.58 W, 28, 120 MHz, 3996 MHz, 0 %, 0 %
2026/03/24 06:02:31.392, 6, 178.18 W, 26, 120 MHz, 3996 MHz, 0 %, 0 %
2026/03/24 06:02:31.392, 7, 176.58 W, 27, 120 MHz, 3996 MHz, 0 %, 0 %
2026/03/24 06:02:32.392, 0, 238.21 W, 27, 2032 MHz, 3996 MHz, 34 %, 1 %
2026/03/24 06:02:32.392, 1, 239.47 W, 29, 2032 MHz, 3996 MHz, 22 %, 18 %
2026/03/24 06:02:32.392, 2, 244.63 W, 27, 2032 MHz, 3996 MHz, 1 %, 0 %
2026/03/24 06:02:32.392, 3, 245.09 W, 30, 2032 MHz, 3996 MHz, 6 %, 1 %
2026/03/24 06:02:32.392, 4, 178.99 W, 25, 120 MHz, 3996 MHz, 0 %, 0 %
2026/03/24 06:02:32.392, 5, 180.58 W, 28, 120 MHz, 3996 MHz, 0 %, 0 %
2026/03/24 06:02:32.392, 6, 178.06 W, 26, 120 MHz, 3996 MHz, 0 %, 0 %
2026/03/24 06:02:32.392, 7, 176.58 W, 27, 120 MHz, 3996 MHz, 0 %, 0 %
2026/03/24 06:02:33.392, 0, 248.43 W, 27, 2032 MHz, 3996 MHz, 0 %, 0 %
2026/03/24 06:02:33.392, 1, 251.44 W, 29, 2032 MHz, 3996 MHz, 0 %, 0 %
2026/03/24 06:02:33.392, 2, 245.97 W, 27, 2032 MHz, 3996 MHz, 0 %, 0 %
2026/03/24 06:02:33.392, 3, 247.40 W, 30, 2032 MHz, 3996 MHz, 0 %, 0 %
2026/03/24 06:02:33.392, 4, 178.99 W, 25, 120 MHz, 3996 MHz, 0 %, 0 %
2026/03/24 06:02:33.392, 5, 180.58 W, 28, 120 MHz, 3996 MHz, 0 %, 0 %
2026/03/24 06:02:33.392, 6, 178.11 W, 26, 120 MHz, 3996 MHz, 0 %, 0 %
2026/03/24 06:02:33.392, 7, 176.58 W, 27, 120 MHz, 3996 MHz, 0 %, 0 %
2026/03/24 06:02:34.392, 0, 238.00 W, 27, 2032 MHz, 3996 MHz, 0 %, 0 %
2026/03/24 06:02:34.392, 1, 243.36 W, 29, 2032 MHz, 3996 MHz, 0 %, 0 %
2026/03/24 06:02:34.392, 2, 241.11 W, 27, 2032 MHz, 3996 MHz, 0 %, 0 %
2026/03/24 06:02:34.392, 3, 244.74 W, 30, 2032 MHz, 3996 MHz, 0 %, 0 %
2026/03/24 06:02:34.392, 4, 178.68 W, 25, 120 MHz, 3996 MHz, 0 %, 0 %
2026/03/24 06:02:34.392, 5, 180.58 W, 28, 120 MHz, 3996 MHz, 0 %, 0 %
2026/03/24 06:02:34.392, 6, 178.34 W, 26, 120 MHz, 3996 MHz, 0 %, 0 %
2026/03/24 06:02:34.392, 7, 176.58 W, 27, 120 MHz, 3996 MHz, 0 %, 0 %
2026/03/24 06:02:35.392, 0, 228.95 W, 27, 2032 MHz, 3996 MHz, 0 %, 0 %
2026/03/24 06:02:35.392, 1, 233.16 W, 29, 2032 MHz, 3996 MHz, 0 %, 0 %
2026/03/24 06:02:35.392, 2, 233.92 W, 27, 2032 MHz, 3996 MHz, 0 %, 0 %
2026/03/24 06:02:35.392, 3, 235.04 W, 30, 2032 MHz, 3996 MHz, 0 %, 0 %
2026/03/24 06:02:35.392, 4, 178.97 W, 25, 120 MHz, 3996 MHz, 0 %, 0 %
2026/03/24 06:02:35.392, 5, 180.58 W, 28, 120 MHz, 3996 MHz, 0 %, 0 %
2026/03/24 06:02:35.392, 6, 178.18 W, 26, 120 MHz, 3996 MHz, 0 %, 0 %
2026/03/24 06:02:35.392, 7, 176.58 W, 27, 120 MHz, 3996 MHz, 0 %, 0 %
2026/03/24 06:02:36.392, 0, 670.29 W, 41, 1650 MHz, 3996 MHz, 100 %, 11 %
2026/03/24 06:02:36.392, 1, 666.79 W, 43, 1837 MHz, 3996 MHz, 100 %, 9 %
2026/03/24 06:02:36.392, 2, 675.49 W, 34, 1912 MHz, 3996 MHz, 100 %, 15 %
2026/03/24 06:02:36.392, 3, 671.84 W, 37, 1980 MHz, 3996 MHz, 100 %, 14 %
2026/03/24 06:02:36.392, 4, 178.97 W, 25, 120 MHz, 3996 MHz, 0 %, 0 %
2026/03/24 06:02:36.392, 5, 180.58 W, 28, 120 MHz, 3996 MHz, 0 %, 0 %
2026/03/24 06:02:36.393, 6, 178.30 W, 26, 120 MHz, 3996 MHz, 0 %, 0 %
2026/03/24 06:02:36.393, 7, 176.58 W, 27, 120 MHz, 3996 MHz, 0 %, 0 %
2026/03/24 06:02:37.393, 0, 470.38 W, 31, 2032 MHz, 3996 MHz, 100 %, 0 %
2026/03/24 06:02:37.393, 1, 469.29 W, 34, 2032 MHz, 3996 MHz, 100 %, 0 %
2026/03/24 06:02:37.393, 2, 472.60 W, 30, 2032 MHz, 3996 MHz, 100 %, 0 %
2026/03/24 06:02:37.393, 3, 466.02 W, 33, 2032 MHz, 3996 MHz, 100 %, 0 %
2026/03/24 06:02:37.393, 4, 178.95 W, 25, 120 MHz, 3996 MHz, 0 %, 0 %
2026/03/24 06:02:37.393, 5, 180.58 W, 28, 120 MHz, 3996 MHz, 0 %, 0 %
2026/03/24 06:02:37.393, 6, 178.41 W, 26, 120 MHz, 3996 MHz, 0 %, 0 %
2026/03/24 06:02:37.393, 7, 176.58 W, 27, 120 MHz, 3996 MHz, 0 %, 0 %
2026/03/24 06:02:38.393, 0, 279.94 W, 31, 2032 MHz, 3996 MHz, 100 %, 9 %
2026/03/24 06:02:38.393, 1, 278.86 W, 31, 2032 MHz, 3996 MHz, 100 %, 0 %
2026/03/24 06:02:38.393, 2, 277.29 W, 28, 2032 MHz, 3996 MHz, 100 %, 13 %
2026/03/24 06:02:38.393, 3, 278.64 W, 31, 2032 MHz, 3996 MHz, 100 %, 17 %
2026/03/24 06:02:38.393, 4, 179.06 W, 25, 120 MHz, 3996 MHz, 0 %, 0 %
2026/03/24 06:02:38.393, 5, 180.58 W, 28, 120 MHz, 3996 MHz, 0 %, 0 %
2026/03/24 06:02:38.393, 6, 178.26 W, 26, 120 MHz, 3996 MHz, 0 %, 0 %
2026/03/24 06:02:38.393, 7, 176.58 W, 27, 120 MHz, 3996 MHz, 0 %, 0 %
2026/03/24 06:02:39.393, 0, 229.40 W, 28, 2032 MHz, 3996 MHz, 100 %, 0 %
2026/03/24 06:02:39.393, 1, 233.79 W, 30, 2032 MHz, 3996 MHz, 35 %, 0 %
2026/03/24 06:02:39.393, 2, 234.23 W, 28, 2032 MHz, 3996 MHz, 100 %, 0 %
2026/03/24 06:02:39.393, 3, 235.32 W, 30, 2032 MHz, 3996 MHz, 100 %, 0 %
2026/03/24 06:02:39.393, 4, 179.14 W, 25, 120 MHz, 3996 MHz, 0 %, 0 %
2026/03/24 06:02:39.393, 5, 180.58 W, 28, 120 MHz, 3996 MHz, 0 %, 0 %
2026/03/24 06:02:39.393, 6, 178.41 W, 26, 120 MHz, 3996 MHz, 0 %, 0 %
2026/03/24 06:02:39.393, 7, 176.58 W, 27, 120 MHz, 3996 MHz, 0 %, 0 %
2026/03/24 06:02:40.393, 0, 231.35 W, 28, 2032 MHz, 3996 MHz, 12 %, 0 %
2026/03/24 06:02:40.393, 1, 237.89 W, 30, 2032 MHz, 3996 MHz, 7 %, 0 %
2026/03/24 06:02:40.393, 2, 238.58 W, 27, 2032 MHz, 3996 MHz, 11 %, 0 %
2026/03/24 06:02:40.393, 3, 241.17 W, 30, 2032 MHz, 3996 MHz, 13 %, 0 %
2026/03/24 06:02:40.393, 4, 178.81 W, 25, 120 MHz, 3996 MHz, 0 %, 0 %
2026/03/24 06:02:40.393, 5, 180.58 W, 28, 120 MHz, 3996 MHz, 0 %, 0 %
2026/03/24 06:02:40.393, 6, 178.03 W, 26, 120 MHz, 3996 MHz, 0 %, 0 %
2026/03/24 06:02:40.393, 7, 176.58 W, 27, 120 MHz, 3996 MHz, 0 %, 0 %
2026/03/24 06:02:41.393, 0, 231.36 W, 28, 2032 MHz, 3996 MHz, 11 %, 0 %
2026/03/24 06:02:41.393, 1, 237.63 W, 30, 2032 MHz, 3996 MHz, 10 %, 0 %
2026/03/24 06:02:41.393, 2, 238.45 W, 27, 2032 MHz, 3996 MHz, 12 %, 0 %
2026/03/24 06:02:41.393, 3, 240.79 W, 30, 2032 MHz, 3996 MHz, 13 %, 0 %
2026/03/24 06:02:41.393, 4, 178.88 W, 25, 120 MHz, 3996 MHz, 0 %, 0 %
2026/03/24 06:02:41.393, 5, 180.58 W, 28, 120 MHz, 3996 MHz, 0 %, 0 %
2026/03/24 06:02:41.393, 6, 178.30 W, 26, 120 MHz, 3996 MHz, 0 %, 0 %
2026/03/24 06:02:41.393, 7, 176.58 W, 27, 120 MHz, 3996 MHz, 0 %, 0 %
2026/03/24 06:02:42.393, 0, 231.34 W, 28, 2032 MHz, 3996 MHz, 11 %, 0 %
2026/03/24 06:02:42.393, 1, 237.83 W, 30, 2032 MHz, 3996 MHz, 11 %, 0 %
2026/03/24 06:02:42.393, 2, 238.71 W, 27, 2032 MHz, 3996 MHz, 11 %, 0 %
2026/03/24 06:02:42.393, 3, 240.73 W, 30, 2032 MHz, 3996 MHz, 13 %, 0 %
2026/03/24 06:02:42.393, 4, 178.98 W, 25, 120 MHz, 3996 MHz, 0 %, 0 %
2026/03/24 06:02:42.393, 5, 180.58 W, 28, 120 MHz, 3996 MHz, 0 %, 0 %
2026/03/24 06:02:42.393, 6, 178.25 W, 26, 120 MHz, 3996 MHz, 0 %, 0 %
2026/03/24 06:02:42.393, 7, 176.58 W, 27, 120 MHz, 3996 MHz, 0 %, 0 %
2026/03/24 06:02:43.394, 0, 244.26 W, 28, 2032 MHz, 3996 MHz, 16 %, 6 %
2026/03/24 06:02:43.394, 1, 237.82 W, 30, 2032 MHz, 3996 MHz, 12 %, 0 %
2026/03/24 06:02:43.394, 2, 240.51 W, 27, 2032 MHz, 3996 MHz, 13 %, 0 %
2026/03/24 06:02:43.394, 3, 251.61 W, 30, 2032 MHz, 3996 MHz, 17 %, 5 %
2026/03/24 06:02:43.394, 4, 179.30 W, 25, 120 MHz, 3996 MHz, 0 %, 0 %
2026/03/24 06:02:43.394, 5, 180.58 W, 28, 120 MHz, 3996 MHz, 0 %, 0 %
2026/03/24 06:02:43.394, 6, 178.37 W, 26, 120 MHz, 3996 MHz, 0 %, 0 %
2026/03/24 06:02:43.394, 7, 176.58 W, 27, 120 MHz, 3996 MHz, 0 %, 0 %
2026/03/24 06:02:44.394, 0, 266.67 W, 28, 2032 MHz, 3996 MHz, 12 %, 4 %
2026/03/24 06:02:44.394, 1, 236.49 W, 30, 2032 MHz, 3996 MHz, 8 %, 0 %
2026/03/24 06:02:44.394, 2, 242.44 W, 27, 2032 MHz, 3996 MHz, 4 %, 0 %
2026/03/24 06:02:44.394, 3, 264.33 W, 30, 2032 MHz, 3996 MHz, 8 %, 2 %
2026/03/24 06:02:44.394, 4, 179.07 W, 25, 120 MHz, 3996 MHz, 0 %, 0 %
2026/03/24 06:02:44.394, 5, 180.58 W, 28, 120 MHz, 3996 MHz, 0 %, 0 %
2026/03/24 06:02:44.394, 6, 178.37 W, 26, 120 MHz, 3996 MHz, 0 %, 0 %
2026/03/24 06:02:44.394, 7, 176.58 W, 27, 120 MHz, 3996 MHz, 0 %, 0 %
2026/03/24 06:02:45.394, 0, 272.35 W, 28, 2032 MHz, 3996 MHz, 17 %, 6 %
2026/03/24 06:02:45.394, 1, 237.01 W, 30, 2032 MHz, 3996 MHz, 9 %, 0 %
2026/03/24 06:02:45.394, 2, 243.49 W, 27, 2032 MHz, 3996 MHz, 13 %, 0 %
2026/03/24 06:02:45.394, 3, 269.40 W, 31, 2032 MHz, 3996 MHz, 17 %, 4 %
2026/03/24 06:02:45.394, 4, 178.93 W, 25, 120 MHz, 3996 MHz, 0 %, 0 %
2026/03/24 06:02:45.394, 5, 180.58 W, 28, 120 MHz, 3996 MHz, 0 %, 0 %
2026/03/24 06:02:45.394, 6, 178.38 W, 26, 120 MHz, 3996 MHz, 0 %, 0 %
2026/03/24 06:02:45.394, 7, 176.58 W, 27, 120 MHz, 3996 MHz, 0 %, 0 %
2026/03/24 06:02:46.394, 0, 268.66 W, 28, 2032 MHz, 3996 MHz, 18 %, 6 %
2026/03/24 06:02:46.394, 1, 251.21 W, 30, 2032 MHz, 3996 MHz, 19 %, 6 %
2026/03/24 06:02:46.394, 2, 255.20 W, 28, 2032 MHz, 3996 MHz, 18 %, 6 %
2026/03/24 06:02:46.394, 3, 276.15 W, 31, 2032 MHz, 3996 MHz, 20 %, 9 %
2026/03/24 06:02:46.394, 4, 179.02 W, 25, 120 MHz, 3996 MHz, 0 %, 0 %
2026/03/24 06:02:46.394, 5, 180.58 W, 28, 120 MHz, 3996 MHz, 0 %, 0 %
2026/03/24 06:02:46.394, 6, 178.37 W, 26, 120 MHz, 3996 MHz, 0 %, 0 %
2026/03/24 06:02:46.394, 7, 176.58 W, 27, 120 MHz, 3996 MHz, 0 %, 0 %
2026/03/24 06:02:47.394, 0, 246.90 W, 28, 2032 MHz, 3996 MHz, 14 %, 2 %
2026/03/24 06:02:47.394, 1, 272.31 W, 30, 2032 MHz, 3996 MHz, 18 %, 6 %
2026/03/24 06:02:47.394, 2, 273.22 W, 28, 2032 MHz, 3996 MHz, 17 %, 6 %
2026/03/24 06:02:47.394, 3, 288.04 W, 31, 2032 MHz, 3996 MHz, 20 %, 8 %
2026/03/24 06:02:47.394, 4, 178.90 W, 25, 120 MHz, 3996 MHz, 0 %, 0 %
2026/03/24 06:02:47.394, 5, 180.58 W, 28, 120 MHz, 3996 MHz, 0 %, 0 %
2026/03/24 06:02:47.394, 6, 178.41 W, 26, 120 MHz, 3996 MHz, 0 %, 0 %
2026/03/24 06:02:47.394, 7, 176.58 W, 27, 120 MHz, 3996 MHz, 0 %, 0 %
2026/03/24 06:02:48.394, 0, 248.53 W, 28, 2032 MHz, 3996 MHz, 14 %, 2 %
2026/03/24 06:02:48.394, 1, 272.58 W, 30, 2032 MHz, 3996 MHz, 17 %, 6 %
2026/03/24 06:02:48.394, 2, 273.12 W, 28, 2032 MHz, 3996 MHz, 18 %, 6 %
2026/03/24 06:02:48.394, 3, 291.22 W, 31, 2032 MHz, 3996 MHz, 21 %, 9 %
2026/03/24 06:02:48.394, 4, 178.93 W, 25, 120 MHz, 3996 MHz, 0 %, 0 %
2026/03/24 06:02:48.394, 5, 180.58 W, 28, 120 MHz, 3996 MHz, 0 %, 0 %
2026/03/24 06:02:48.394, 6, 178.41 W, 26, 120 MHz, 3996 MHz, 0 %, 0 %
2026/03/24 06:02:48.394, 7, 176.58 W, 27, 120 MHz, 3996 MHz, 0 %, 0 %
2026/03/24 06:02:49.394, 0, 248.48 W, 28, 2032 MHz, 3996 MHz, 9 %, 1 %
2026/03/24 06:02:49.394, 1, 274.57 W, 30, 2032 MHz, 3996 MHz, 17 %, 7 %
2026/03/24 06:02:49.394, 2, 273.87 W, 28, 2032 MHz, 3996 MHz, 6 %, 2 %
2026/03/24 06:02:49.394, 3, 293.36 W, 31, 2032 MHz, 3996 MHz, 7 %, 3 %
2026/03/24 06:02:49.395, 4, 178.84 W, 25, 120 MHz, 3996 MHz, 0 %, 0 %
2026/03/24 06:02:49.395, 5, 180.58 W, 28, 120 MHz, 3996 MHz, 0 %, 0 %
2026/03/24 06:02:49.395, 6, 178.18 W, 26, 120 MHz, 3996 MHz, 0 %, 0 %
2026/03/24 06:02:49.395, 7, 176.58 W, 27, 120 MHz, 3996 MHz, 0 %, 0 %
2026/03/24 06:02:50.395, 0, 277.80 W, 28, 2032 MHz, 3996 MHz, 20 %, 7 %
2026/03/24 06:02:50.395, 1, 327.73 W, 31, 2032 MHz, 3996 MHz, 17 %, 8 %
2026/03/24 06:02:50.395, 2, 301.69 W, 28, 2032 MHz, 3996 MHz, 21 %, 10 %
2026/03/24 06:02:50.395, 3, 303.58 W, 31, 2032 MHz, 3996 MHz, 24 %, 10 %
2026/03/24 06:02:50.395, 4, 179.16 W, 25, 120 MHz, 3996 MHz, 0 %, 0 %
2026/03/24 06:02:50.395, 5, 180.58 W, 28, 120 MHz, 3996 MHz, 0 %, 0 %
2026/03/24 06:02:50.395, 6, 178.41 W, 26, 120 MHz, 3996 MHz, 0 %, 0 %
2026/03/24 06:02:50.395, 7, 176.58 W, 27, 120 MHz, 3996 MHz, 0 %, 0 %
2026/03/24 06:02:51.395, 0, 276.87 W, 28, 2032 MHz, 3996 MHz, 19 %, 7 %
2026/03/24 06:02:51.395, 1, 318.00 W, 31, 2032 MHz, 3996 MHz, 23 %, 12 %
2026/03/24 06:02:51.395, 2, 295.92 W, 28, 2032 MHz, 3996 MHz, 22 %, 9 %
2026/03/24 06:02:51.395, 3, 296.54 W, 31, 2032 MHz, 3996 MHz, 21 %, 9 %
2026/03/24 06:02:51.395, 4, 178.98 W, 25, 120 MHz, 3996 MHz, 0 %, 0 %
2026/03/24 06:02:51.395, 5, 180.58 W, 28, 120 MHz, 3996 MHz, 0 %, 0 %
2026/03/24 06:02:51.395, 6, 178.33 W, 26, 120 MHz, 3996 MHz, 0 %, 0 %
2026/03/24 06:02:51.395, 7, 176.58 W, 27, 120 MHz, 3996 MHz, 0 %, 0 %
2026/03/24 06:02:52.395, 0, 277.31 W, 28, 2032 MHz, 3996 MHz, 19 %, 7 %
2026/03/24 06:02:52.395, 1, 314.94 W, 31, 2032 MHz, 3996 MHz, 26 %, 12 %
2026/03/24 06:02:52.395, 2, 294.10 W, 28, 2032 MHz, 3996 MHz, 23 %, 9 %
2026/03/24 06:02:52.395, 3, 296.42 W, 31, 2032 MHz, 3996 MHz, 23 %, 9 %
2026/03/24 06:02:52.395, 4, 179.20 W, 25, 120 MHz, 3996 MHz, 0 %, 0 %
2026/03/24 06:02:52.395, 5, 180.58 W, 28, 120 MHz, 3996 MHz, 0 %, 0 %
2026/03/24 06:02:52.395, 6, 178.53 W, 26, 120 MHz, 3996 MHz, 0 %, 0 %
2026/03/24 06:02:52.395, 7, 176.58 W, 27, 120 MHz, 3996 MHz, 0 %, 0 %
2026/03/24 06:02:53.395, 0, 285.57 W, 28, 2032 MHz, 3996 MHz, 25 %, 11 %
2026/03/24 06:02:53.395, 1, 318.58 W, 31, 2032 MHz, 3996 MHz, 26 %, 14 %
2026/03/24 06:02:53.395, 2, 305.12 W, 29, 2032 MHz, 3996 MHz, 27 %, 12 %
2026/03/24 06:02:53.395, 3, 309.69 W, 31, 2032 MHz, 3996 MHz, 26 %, 15 %
2026/03/24 06:02:53.395, 4, 178.96 W, 25, 120 MHz, 3996 MHz, 0 %, 0 %
2026/03/24 06:02:53.395, 5, 180.58 W, 28, 120 MHz, 3996 MHz, 0 %, 0 %
2026/03/24 06:02:53.395, 6, 178.34 W, 26, 120 MHz, 3996 MHz, 0 %, 0 %
2026/03/24 06:02:53.395, 7, 176.58 W, 27, 120 MHz, 3996 MHz, 0 %, 0 %
2026/03/24 06:02:54.395, 0, 297.22 W, 28, 2032 MHz, 3996 MHz, 6 %, 3 %
2026/03/24 06:02:54.395, 1, 319.77 W, 31, 2032 MHz, 3996 MHz, 25 %, 14 %
2026/03/24 06:02:54.395, 2, 313.78 W, 29, 2032 MHz, 3996 MHz, 15 %, 7 %
2026/03/24 06:02:54.395, 3, 324.30 W, 32, 2032 MHz, 3996 MHz, 8 %, 5 %
2026/03/24 06:02:54.395, 4, 179.15 W, 25, 120 MHz, 3996 MHz, 0 %, 0 %
2026/03/24 06:02:54.395, 5, 180.58 W, 28, 120 MHz, 3996 MHz, 0 %, 0 %
2026/03/24 06:02:54.395, 6, 178.37 W, 26, 120 MHz, 3996 MHz, 0 %, 0 %
2026/03/24 06:02:54.395, 7, 176.58 W, 27, 120 MHz, 3996 MHz, 0 %, 0 %
2026/03/24 06:02:55.395, 0, 306.97 W, 29, 2032 MHz, 3996 MHz, 24 %, 11 %
2026/03/24 06:02:55.395, 1, 335.36 W, 31, 2032 MHz, 3996 MHz, 15 %, 9 %
2026/03/24 06:02:55.396, 2, 319.89 W, 28, 2032 MHz, 3996 MHz, 18 %, 8 %
2026/03/24 06:02:55.396, 3, 335.35 W, 32, 2032 MHz, 3996 MHz, 28 %, 15 %
2026/03/24 06:02:55.396, 4, 178.77 W, 25, 120 MHz, 3996 MHz, 0 %, 0 %
2026/03/24 06:02:55.396, 5, 180.58 W, 28, 120 MHz, 3996 MHz, 0 %, 0 %
2026/03/24 06:02:55.396, 6, 178.26 W, 26, 120 MHz, 3996 MHz, 0 %, 0 %
2026/03/24 06:02:55.396, 7, 176.58 W, 27, 120 MHz, 3996 MHz, 0 %, 0 %
2026/03/24 06:02:56.396, 0, 302.17 W, 29, 2032 MHz, 3996 MHz, 27 %, 11 %
2026/03/24 06:02:56.396, 1, 327.95 W, 31, 2032 MHz, 3996 MHz, 28 %, 13 %
2026/03/24 06:02:56.396, 2, 325.95 W, 29, 2032 MHz, 3996 MHz, 26 %, 12 %
2026/03/24 06:02:56.396, 3, 342.00 W, 32, 2032 MHz, 3996 MHz, 28 %, 14 %
2026/03/24 06:02:56.396, 4, 178.95 W, 25, 120 MHz, 3996 MHz, 0 %, 0 %
2026/03/24 06:02:56.396, 5, 180.58 W, 28, 120 MHz, 3996 MHz, 0 %, 0 %
2026/03/24 06:02:56.396, 6, 178.33 W, 26, 120 MHz, 3996 MHz, 0 %, 0 %
2026/03/24 06:02:56.396, 7, 176.58 W, 27, 120 MHz, 3996 MHz, 0 %, 0 %
2026/03/24 06:02:57.396, 0, 313.18 W, 29, 2032 MHz, 3996 MHz, 27 %, 15 %
2026/03/24 06:02:57.396, 1, 338.35 W, 32, 2032 MHz, 3996 MHz, 31 %, 19 %
2026/03/24 06:02:57.396, 2, 344.50 W, 29, 2032 MHz, 3996 MHz, 29 %, 18 %
2026/03/24 06:02:57.396, 3, 342.80 W, 32, 2032 MHz, 3996 MHz, 30 %, 18 %
2026/03/24 06:02:57.396, 4, 178.90 W, 25, 120 MHz, 3996 MHz, 0 %, 0 %
2026/03/24 06:02:57.396, 5, 180.58 W, 28, 120 MHz, 3996 MHz, 0 %, 0 %
2026/03/24 06:02:57.396, 6, 178.25 W, 26, 120 MHz, 3996 MHz, 0 %, 0 %
2026/03/24 06:02:57.396, 7, 176.58 W, 27, 120 MHz, 3996 MHz, 0 %, 0 %
2026/03/24 06:02:58.396, 0, 327.05 W, 29, 2032 MHz, 3996 MHz, 25 %, 14 %
2026/03/24 06:02:58.396, 1, 351.51 W, 31, 2032 MHz, 3996 MHz, 31 %, 18 %
2026/03/24 06:02:58.396, 2, 351.98 W, 29, 2032 MHz, 3996 MHz, 32 %, 18 %
2026/03/24 06:02:58.396, 3, 350.86 W, 32, 2032 MHz, 3996 MHz, 30 %, 18 %
2026/03/24 06:02:58.396, 4, 178.99 W, 25, 120 MHz, 3996 MHz, 0 %, 0 %
2026/03/24 06:02:58.396, 5, 180.58 W, 28, 120 MHz, 3996 MHz, 0 %, 0 %
2026/03/24 06:02:58.396, 6, 178.10 W, 26, 120 MHz, 3996 MHz, 0 %, 0 %
2026/03/24 06:02:58.396, 7, 176.58 W, 27, 120 MHz, 3996 MHz, 0 %, 0 %
2026/03/24 06:02:59.396, 0, 326.30 W, 29, 2032 MHz, 3996 MHz, 9 %, 5 %
2026/03/24 06:02:59.396, 1, 350.31 W, 32, 2032 MHz, 3996 MHz, 30 %, 18 %
2026/03/24 06:02:59.396, 2, 357.97 W, 29, 2032 MHz, 3996 MHz, 21 %, 13 %
2026/03/24 06:02:59.396, 3, 349.68 W, 32, 2032 MHz, 3996 MHz, 17 %, 10 %
2026/03/24 06:02:59.396, 4, 179.04 W, 25, 120 MHz, 3996 MHz, 0 %, 0 %
2026/03/24 06:02:59.396, 5, 180.58 W, 28, 120 MHz, 3996 MHz, 0 %, 0 %
2026/03/24 06:02:59.396, 6, 178.10 W, 26, 120 MHz, 3996 MHz, 0 %, 0 %
2026/03/24 06:02:59.396, 7, 176.58 W, 27, 120 MHz, 3996 MHz, 0 %, 0 %
2026/03/24 06:03:00.396, 0, 339.00 W, 29, 2032 MHz, 3996 MHz, 29 %, 14 %
2026/03/24 06:03:00.396, 1, 364.06 W, 32, 2032 MHz, 3996 MHz, 23 %, 12 %
2026/03/24 06:03:00.396, 2, 368.12 W, 29, 2032 MHz, 3996 MHz, 23 %, 12 %
2026/03/24 06:03:00.396, 3, 359.33 W, 32, 2032 MHz, 3996 MHz, 21 %, 12 %
2026/03/24 06:03:00.396, 4, 178.99 W, 25, 120 MHz, 3996 MHz, 0 %, 0 %
2026/03/24 06:03:00.396, 5, 180.58 W, 28, 120 MHz, 3996 MHz, 0 %, 0 %
2026/03/24 06:03:00.396, 6, 178.34 W, 26, 120 MHz, 3996 MHz, 0 %, 0 %
2026/03/24 06:03:00.396, 7, 176.58 W, 27, 120 MHz, 3996 MHz, 0 %, 0 %
2026/03/24 06:03:01.396, 0, 348.71 W, 30, 2032 MHz, 3996 MHz, 32 %, 17 %
2026/03/24 06:03:01.396, 1, 381.49 W, 32, 2032 MHz, 3996 MHz, 39 %, 21 %
2026/03/24 06:03:01.396, 2, 382.14 W, 30, 2032 MHz, 3996 MHz, 33 %, 20 %
2026/03/24 06:03:01.396, 3, 389.24 W, 33, 2032 MHz, 3996 MHz, 38 %, 20 %
2026/03/24 06:03:01.396, 4, 178.93 W, 25, 120 MHz, 3996 MHz, 0 %, 0 %
2026/03/24 06:03:01.396, 5, 180.58 W, 28, 120 MHz, 3996 MHz, 0 %, 0 %
2026/03/24 06:03:01.397, 6, 178.41 W, 26, 120 MHz, 3996 MHz, 0 %, 0 %
2026/03/24 06:03:01.397, 7, 176.58 W, 27, 120 MHz, 3996 MHz, 0 %, 0 %
2026/03/24 06:03:02.397, 0, 348.62 W, 30, 2032 MHz, 3996 MHz, 32 %, 18 %
2026/03/24 06:03:02.397, 1, 374.45 W, 32, 2032 MHz, 3996 MHz, 34 %, 22 %
2026/03/24 06:03:02.397, 2, 373.78 W, 30, 2032 MHz, 3996 MHz, 35 %, 20 %
2026/03/24 06:03:02.397, 3, 379.38 W, 33, 2032 MHz, 3996 MHz, 34 %, 22 %
2026/03/24 06:03:02.397, 4, 179.07 W, 25, 120 MHz, 3996 MHz, 0 %, 0 %
2026/03/24 06:03:02.397, 5, 180.58 W, 28, 120 MHz, 3996 MHz, 0 %, 0 %
2026/03/24 06:03:02.397, 6, 178.02 W, 26, 120 MHz, 3996 MHz, 0 %, 0 %
2026/03/24 06:03:02.397, 7, 176.58 W, 27, 120 MHz, 3996 MHz, 0 %, 0 %
2026/03/24 06:03:03.397, 0, 345.57 W, 30, 2032 MHz, 3996 MHz, 34 %, 18 %
2026/03/24 06:03:03.397, 1, 372.62 W, 32, 2032 MHz, 3996 MHz, 34 %, 22 %
2026/03/24 06:03:03.397, 2, 363.47 W, 30, 2032 MHz, 3996 MHz, 35 %, 20 %
2026/03/24 06:03:03.397, 3, 375.23 W, 33, 2032 MHz, 3996 MHz, 34 %, 22 %
2026/03/24 06:03:03.397, 4, 179.14 W, 25, 120 MHz, 3996 MHz, 0 %, 0 %
2026/03/24 06:03:03.397, 5, 180.58 W, 28, 120 MHz, 3996 MHz, 0 %, 0 %
2026/03/24 06:03:03.397, 6, 178.30 W, 26, 120 MHz, 3996 MHz, 0 %, 0 %
2026/03/24 06:03:03.397, 7, 176.58 W, 27, 120 MHz, 3996 MHz, 0 %, 0 %
2026/03/24 06:03:04.397, 0, 348.85 W, 30, 2032 MHz, 3996 MHz, 17 %, 9 %
2026/03/24 06:03:04.397, 1, 371.98 W, 32, 2032 MHz, 3996 MHz, 35 %, 21 %
2026/03/24 06:03:04.397, 2, 369.12 W, 30, 2032 MHz, 3996 MHz, 34 %, 19 %
2026/03/24 06:03:04.397, 3, 379.32 W, 33, 2032 MHz, 3996 MHz, 31 %, 18 %
2026/03/24 06:03:04.397, 4, 178.79 W, 25, 120 MHz, 3996 MHz, 0 %, 0 %
2026/03/24 06:03:04.397, 5, 180.58 W, 28, 120 MHz, 3996 MHz, 0 %, 0 %
2026/03/24 06:03:04.397, 6, 178.33 W, 26, 120 MHz, 3996 MHz, 0 %, 0 %
2026/03/24 06:03:04.397, 7, 176.58 W, 27, 120 MHz, 3996 MHz, 0 %, 0 %
2026/03/24 06:03:05.397, 0, 360.15 W, 29, 2032 MHz, 3996 MHz, 26 %, 11 %
2026/03/24 06:03:05.397, 1, 396.43 W, 32, 2032 MHz, 3996 MHz, 16 %, 8 %
2026/03/24 06:03:05.397, 2, 382.27 W, 30, 2032 MHz, 3996 MHz, 26 %, 12 %
2026/03/24 06:03:05.397, 3, 389.88 W, 33, 2032 MHz, 3996 MHz, 28 %, 13 %
2026/03/24 06:03:05.397, 4, 178.80 W, 25, 120 MHz, 3996 MHz, 0 %, 0 %
2026/03/24 06:03:05.397, 5, 180.58 W, 28, 120 MHz, 3996 MHz, 0 %, 0 %
2026/03/24 06:03:05.397, 6, 178.18 W, 26, 120 MHz, 3996 MHz, 0 %, 0 %
2026/03/24 06:03:05.397, 7, 176.58 W, 27, 120 MHz, 3996 MHz, 0 %, 0 %
2026/03/24 06:03:06.397, 0, 360.39 W, 30, 2032 MHz, 3996 MHz, 29 %, 15 %
2026/03/24 06:03:06.397, 1, 404.92 W, 33, 2032 MHz, 3996 MHz, 35 %, 20 %
2026/03/24 06:03:06.397, 2, 410.94 W, 30, 2032 MHz, 3996 MHz, 32 %, 19 %
2026/03/24 06:03:06.397, 3, 419.39 W, 33, 2032 MHz, 3996 MHz, 37 %, 18 %
2026/03/24 06:03:06.397, 4, 178.99 W, 25, 120 MHz, 3996 MHz, 0 %, 0 %
2026/03/24 06:03:06.397, 5, 180.58 W, 28, 120 MHz, 3996 MHz, 0 %, 0 %
2026/03/24 06:03:06.397, 6, 178.14 W, 26, 120 MHz, 3996 MHz, 0 %, 0 %
2026/03/24 06:03:06.397, 7, 176.58 W, 27, 120 MHz, 3996 MHz, 0 %, 0 %
2026/03/24 06:03:07.397, 0, 333.54 W, 30, 2032 MHz, 3996 MHz, 30 %, 14 %
2026/03/24 06:03:07.397, 1, 367.64 W, 33, 2032 MHz, 3996 MHz, 32 %, 20 %
2026/03/24 06:03:07.397, 2, 369.50 W, 30, 2032 MHz, 3996 MHz, 35 %, 19 %
2026/03/24 06:03:07.397, 3, 369.41 W, 33, 2032 MHz, 3996 MHz, 34 %, 19 %
2026/03/24 06:03:07.397, 4, 179.02 W, 25, 120 MHz, 3996 MHz, 0 %, 0 %
2026/03/24 06:03:07.397, 5, 180.58 W, 28, 120 MHz, 3996 MHz, 0 %, 0 %
2026/03/24 06:03:07.397, 6, 178.49 W, 26, 120 MHz, 3996 MHz, 0 %, 0 %
2026/03/24 06:03:07.397, 7, 176.58 W, 27, 120 MHz, 3996 MHz, 0 %, 0 %
2026/03/24 06:03:08.398, 0, 339.95 W, 30, 2032 MHz, 3996 MHz, 33 %, 15 %
2026/03/24 06:03:08.398, 1, 368.32 W, 32, 2032 MHz, 3996 MHz, 34 %, 20 %
2026/03/24 06:03:08.398, 2, 367.06 W, 30, 2032 MHz, 3996 MHz, 33 %, 20 %
2026/03/24 06:03:08.398, 3, 363.58 W, 33, 2032 MHz, 3996 MHz, 32 %, 19 %
2026/03/24 06:03:08.398, 4, 178.90 W, 25, 120 MHz, 3996 MHz, 0 %, 0 %
2026/03/24 06:03:08.398, 5, 180.58 W, 28, 120 MHz, 3996 MHz, 0 %, 0 %
2026/03/24 06:03:08.398, 6, 178.37 W, 26, 120 MHz, 3996 MHz, 0 %, 0 %
2026/03/24 06:03:08.398, 7, 176.58 W, 27, 120 MHz, 3996 MHz, 0 %, 0 %
2026/03/24 06:03:09.398, 0, 329.58 W, 30, 2032 MHz, 3996 MHz, 14 %, 6 %
2026/03/24 06:03:09.398, 1, 369.01 W, 33, 2032 MHz, 3996 MHz, 45 %, 16 %
2026/03/24 06:03:09.398, 2, 374.55 W, 30, 2032 MHz, 3996 MHz, 32 %, 20 %
2026/03/24 06:03:09.398, 3, 368.30 W, 33, 2032 MHz, 3996 MHz, 33 %, 20 %
2026/03/24 06:03:09.398, 4, 178.96 W, 25, 120 MHz, 3996 MHz, 0 %, 0 %
2026/03/24 06:03:09.398, 5, 180.58 W, 28, 120 MHz, 3996 MHz, 0 %, 0 %
2026/03/24 06:03:09.398, 6, 178.34 W, 26, 120 MHz, 3996 MHz, 0 %, 0 %
2026/03/24 06:03:09.398, 7, 176.58 W, 27, 120 MHz, 3996 MHz, 0 %, 0 %
2026/03/24 06:03:10.398, 0, 357.75 W, 30, 2032 MHz, 3996 MHz, 23 %, 10 %
2026/03/24 06:03:10.398, 1, 398.96 W, 33, 2032 MHz, 3996 MHz, 10 %, 6 %
2026/03/24 06:03:10.398, 2, 401.00 W, 30, 2032 MHz, 3996 MHz, 27 %, 13 %
2026/03/24 06:03:10.398, 3, 405.89 W, 33, 2032 MHz, 3996 MHz, 24 %, 10 %
2026/03/24 06:03:10.398, 4, 178.99 W, 25, 120 MHz, 3996 MHz, 0 %, 0 %
2026/03/24 06:03:10.398, 5, 180.58 W, 28, 120 MHz, 3996 MHz, 0 %, 0 %
2026/03/24 06:03:10.398, 6, 178.25 W, 26, 120 MHz, 3996 MHz, 0 %, 0 %
2026/03/24 06:03:10.398, 7, 176.58 W, 27, 120 MHz, 3996 MHz, 0 %, 0 %
2026/03/24 06:03:11.398, 0, 363.66 W, 30, 2032 MHz, 3996 MHz, 31 %, 17 %
2026/03/24 06:03:11.398, 1, 409.55 W, 33, 2032 MHz, 3996 MHz, 28 %, 15 %
2026/03/24 06:03:11.398, 2, 420.75 W, 30, 2032 MHz, 3996 MHz, 34 %, 21 %
2026/03/24 06:03:11.398, 3, 435.00 W, 34, 2032 MHz, 3996 MHz, 41 %, 21 %
2026/03/24 06:03:11.398, 4, 178.87 W, 25, 120 MHz, 3996 MHz, 0 %, 0 %
2026/03/24 06:03:11.398, 5, 180.58 W, 28, 120 MHz, 3996 MHz, 0 %, 0 %
2026/03/24 06:03:11.398, 6, 178.26 W, 26, 120 MHz, 3996 MHz, 0 %, 0 %
2026/03/24 06:03:11.398, 7, 176.58 W, 27, 120 MHz, 3996 MHz, 0 %, 0 %
2026/03/24 06:03:12.398, 0, 348.35 W, 30, 2032 MHz, 3996 MHz, 35 %, 16 %
2026/03/24 06:03:12.398, 1, 362.48 W, 33, 2032 MHz, 3996 MHz, 38 %, 21 %
2026/03/24 06:03:12.398, 2, 379.70 W, 31, 2032 MHz, 3996 MHz, 37 %, 23 %
2026/03/24 06:03:12.398, 3, 395.26 W, 34, 2032 MHz, 3996 MHz, 37 %, 22 %
2026/03/24 06:03:12.398, 4, 179.05 W, 25, 120 MHz, 3996 MHz, 0 %, 0 %
2026/03/24 06:03:12.398, 5, 180.58 W, 28, 120 MHz, 3996 MHz, 0 %, 0 %
2026/03/24 06:03:12.398, 6, 178.30 W, 26, 120 MHz, 3996 MHz, 0 %, 0 %
2026/03/24 06:03:12.398, 7, 176.58 W, 27, 120 MHz, 3996 MHz, 0 %, 0 %
2026/03/24 06:03:13.398, 0, 364.77 W, 31, 2032 MHz, 3996 MHz, 40 %, 16 %
2026/03/24 06:03:13.398, 1, 389.52 W, 34, 2032 MHz, 3996 MHz, 40 %, 20 %
2026/03/24 06:03:13.398, 2, 405.43 W, 31, 2032 MHz, 3996 MHz, 45 %, 20 %
2026/03/24 06:03:13.398, 3, 405.63 W, 34, 2032 MHz, 3996 MHz, 44 %, 21 %
2026/03/24 06:03:13.398, 4, 179.01 W, 25, 120 MHz, 3996 MHz, 0 %, 0 %
2026/03/24 06:03:13.398, 5, 180.58 W, 28, 120 MHz, 3996 MHz, 0 %, 0 %
2026/03/24 06:03:13.398, 6, 178.21 W, 26, 120 MHz, 3996 MHz, 0 %, 0 %
2026/03/24 06:03:13.398, 7, 176.58 W, 27, 120 MHz, 3996 MHz, 0 %, 0 %
2026/03/24 06:03:14.398, 0, 377.87 W, 31, 2032 MHz, 3996 MHz, 34 %, 14 %
2026/03/24 06:03:14.398, 1, 406.73 W, 33, 2032 MHz, 3996 MHz, 44 %, 19 %
2026/03/24 06:03:14.398, 2, 415.47 W, 31, 2032 MHz, 3996 MHz, 37 %, 20 %
2026/03/24 06:03:14.398, 3, 425.34 W, 34, 2032 MHz, 3996 MHz, 40 %, 21 %
2026/03/24 06:03:14.398, 4, 179.00 W, 25, 120 MHz, 3996 MHz, 0 %, 0 %
2026/03/24 06:03:14.399, 5, 180.58 W, 28, 120 MHz, 3996 MHz, 0 %, 0 %
2026/03/24 06:03:14.399, 6, 178.45 W, 26, 120 MHz, 3996 MHz, 0 %, 0 %
2026/03/24 06:03:14.399, 7, 176.58 W, 27, 120 MHz, 3996 MHz, 0 %, 0 %
2026/03/24 06:03:15.399, 0, 400.42 W, 31, 2032 MHz, 3996 MHz, 39 %, 13 %
2026/03/24 06:03:15.399, 1, 406.52 W, 33, 2032 MHz, 3996 MHz, 18 %, 6 %
2026/03/24 06:03:15.399, 2, 409.18 W, 31, 2032 MHz, 3996 MHz, 28 %, 13 %
2026/03/24 06:03:15.399, 3, 427.56 W, 34, 2032 MHz, 3996 MHz, 27 %, 12 %
2026/03/24 06:03:15.399, 4, 178.86 W, 25, 120 MHz, 3996 MHz, 0 %, 0 %
2026/03/24 06:03:15.399, 5, 180.58 W, 28, 120 MHz, 3996 MHz, 0 %, 0 %
2026/03/24 06:03:15.399, 6, 178.41 W, 26, 120 MHz, 3996 MHz, 0 %, 0 %
2026/03/24 06:03:15.399, 7, 176.58 W, 27, 120 MHz, 3996 MHz, 0 %, 0 %
2026/03/24 06:03:16.399, 0, 324.45 W, 31, 2032 MHz, 3996 MHz, 96 %, 15 %
2026/03/24 06:03:16.399, 1, 407.71 W, 33, 2032 MHz, 3996 MHz, 89 %, 13 %
2026/03/24 06:03:16.399, 2, 429.13 W, 30, 2032 MHz, 3996 MHz, 45 %, 14 %
2026/03/24 06:03:16.399, 3, 436.54 W, 34, 2032 MHz, 3996 MHz, 96 %, 14 %
2026/03/24 06:03:16.399, 4, 178.89 W, 25, 120 MHz, 3996 MHz, 0 %, 0 %
2026/03/24 06:03:16.399, 5, 180.58 W, 28, 120 MHz, 3996 MHz, 0 %, 0 %
2026/03/24 06:03:16.399, 6, 178.37 W, 26, 120 MHz, 3996 MHz, 0 %, 0 %
2026/03/24 06:03:16.399, 7, 176.58 W, 27, 120 MHz, 3996 MHz, 0 %, 0 %
2026/03/24 06:03:17.399, 0, 246.39 W, 29, 2032 MHz, 3996 MHz, 47 %, 2 %
2026/03/24 06:03:17.399, 1, 246.16 W, 31, 2032 MHz, 3996 MHz, 19 %, 3 %
2026/03/24 06:03:17.399, 2, 240.18 W, 29, 2032 MHz, 3996 MHz, 8 %, 2 %
2026/03/24 06:03:17.399, 3, 253.79 W, 32, 2032 MHz, 3996 MHz, 100 %, 1 %
2026/03/24 06:03:17.399, 4, 178.82 W, 25, 120 MHz, 3996 MHz, 0 %, 0 %
2026/03/24 06:03:17.399, 5, 180.58 W, 28, 120 MHz, 3996 MHz, 0 %, 0 %
2026/03/24 06:03:17.399, 6, 178.41 W, 26, 120 MHz, 3996 MHz, 0 %, 0 %
2026/03/24 06:03:17.399, 7, 176.58 W, 27, 120 MHz, 3996 MHz, 0 %, 0 %
2026/03/24 06:03:18.399, 0, 238.85 W, 29, 2032 MHz, 3996 MHz, 0 %, 0 %
2026/03/24 06:03:18.399, 1, 245.32 W, 31, 2032 MHz, 3996 MHz, 100 %, 1 %
2026/03/24 06:03:18.399, 2, 243.48 W, 29, 2032 MHz, 3996 MHz, 12 %, 9 %
2026/03/24 06:03:18.399, 3, 245.29 W, 32, 2032 MHz, 3996 MHz, 13 %, 9 %
2026/03/24 06:03:18.399, 4, 178.85 W, 25, 120 MHz, 3996 MHz, 0 %, 0 %
2026/03/24 06:03:18.399, 5, 180.58 W, 28, 120 MHz, 3996 MHz, 0 %, 0 %
2026/03/24 06:03:18.399, 6, 178.53 W, 26, 120 MHz, 3996 MHz, 0 %, 0 %
2026/03/24 06:03:18.399, 7, 176.58 W, 27, 120 MHz, 3996 MHz, 0 %, 0 %
2026/03/24 06:03:19.399, 0, 238.33 W, 28, 2032 MHz, 3996 MHz, 0 %, 0 %
2026/03/24 06:03:19.399, 1, 241.43 W, 31, 2032 MHz, 3996 MHz, 13 %, 0 %
2026/03/24 06:03:19.399, 2, 241.46 W, 28, 2032 MHz, 3996 MHz, 0 %, 0 %
2026/03/24 06:03:19.399, 3, 240.95 W, 31, 2032 MHz, 3996 MHz, 0 %, 0 %
2026/03/24 06:03:19.399, 4, 179.06 W, 25, 120 MHz, 3996 MHz, 0 %, 0 %
2026/03/24 06:03:19.399, 5, 180.58 W, 28, 120 MHz, 3996 MHz, 0 %, 0 %
2026/03/24 06:03:19.399, 6, 178.45 W, 26, 120 MHz, 3996 MHz, 0 %, 0 %
2026/03/24 06:03:19.399, 7, 176.58 W, 27, 120 MHz, 3996 MHz, 0 %, 0 %
2026/03/24 06:03:20.399, 0, 238.96 W, 29, 2032 MHz, 3996 MHz, 98 %, 1 %
2026/03/24 06:03:20.399, 1, 240.12 W, 31, 2032 MHz, 3996 MHz, 0 %, 0 %
2026/03/24 06:03:20.399, 2, 237.23 W, 28, 2032 MHz, 3996 MHz, 3 %, 0 %
2026/03/24 06:03:20.399, 3, 240.56 W, 31, 2032 MHz, 3996 MHz, 50 %, 1 %
2026/03/24 06:03:20.399, 4, 179.01 W, 25, 120 MHz, 3996 MHz, 0 %, 0 %
2026/03/24 06:03:20.399, 5, 180.58 W, 28, 120 MHz, 3996 MHz, 0 %, 0 %
2026/03/24 06:03:20.399, 6, 178.19 W, 26, 120 MHz, 3996 MHz, 0 %, 0 %
2026/03/24 06:03:20.399, 7, 176.58 W, 27, 120 MHz, 3996 MHz, 0 %, 0 %
2026/03/24 06:03:21.400, 0, 229.89 W, 28, 2032 MHz, 3996 MHz, 0 %, 0 %
2026/03/24 06:03:21.400, 1, 235.11 W, 31, 2032 MHz, 3996 MHz, 0 %, 0 %
2026/03/24 06:03:21.400, 2, 235.89 W, 28, 2032 MHz, 3996 MHz, 0 %, 0 %
2026/03/24 06:03:21.400, 3, 235.29 W, 31, 2032 MHz, 3996 MHz, 0 %, 0 %
2026/03/24 06:03:21.400, 4, 178.82 W, 25, 120 MHz, 3996 MHz, 0 %, 0 %
2026/03/24 06:03:21.400, 5, 180.58 W, 28, 120 MHz, 3996 MHz, 0 %, 0 %
2026/03/24 06:03:21.400, 6, 178.25 W, 26, 120 MHz, 3996 MHz, 0 %, 0 %
2026/03/24 06:03:21.400, 7, 176.58 W, 27, 120 MHz, 3996 MHz, 0 %, 0 %
2026/03/24 06:03:22.400, 0, 229.70 W, 28, 2032 MHz, 3996 MHz, 0 %, 0 %
2026/03/24 06:03:22.400, 1, 234.95 W, 31, 2032 MHz, 3996 MHz, 0 %, 0 %
2026/03/24 06:03:22.400, 2, 235.46 W, 28, 2032 MHz, 3996 MHz, 0 %, 0 %
2026/03/24 06:03:22.400, 3, 235.12 W, 31, 2032 MHz, 3996 MHz, 0 %, 0 %
2026/03/24 06:03:22.400, 4, 178.98 W, 25, 120 MHz, 3996 MHz, 0 %, 0 %
2026/03/24 06:03:22.400, 5, 180.58 W, 28, 120 MHz, 3996 MHz, 0 %, 0 %
2026/03/24 06:03:22.400, 6, 178.34 W, 26, 120 MHz, 3996 MHz, 0 %, 0 %
2026/03/24 06:03:22.400, 7, 176.58 W, 27, 120 MHz, 3996 MHz, 0 %, 0 %
2026/03/24 06:03:23.400, 0, 228.73 W, 28, 2032 MHz, 3996 MHz, 0 %, 0 %
2026/03/24 06:03:23.400, 1, 233.93 W, 31, 2032 MHz, 3996 MHz, 0 %, 0 %
2026/03/24 06:03:23.400, 2, 234.17 W, 28, 2032 MHz, 3996 MHz, 0 %, 0 %
2026/03/24 06:03:23.400, 3, 235.17 W, 31, 2032 MHz, 3996 MHz, 0 %, 0 %
2026/03/24 06:03:23.400, 4, 179.24 W, 25, 120 MHz, 3996 MHz, 0 %, 0 %
2026/03/24 06:03:23.400, 5, 180.58 W, 28, 120 MHz, 3996 MHz, 0 %, 0 %
2026/03/24 06:03:23.400, 6, 178.21 W, 26, 120 MHz, 3996 MHz, 0 %, 0 %
2026/03/24 06:03:23.400, 7, 176.58 W, 27, 120 MHz, 3996 MHz, 0 %, 0 %
2026/03/24 06:03:24.400, 0, 228.61 W, 28, 2032 MHz, 3996 MHz, 0 %, 0 %
2026/03/24 06:03:24.400, 1, 233.59 W, 31, 2032 MHz, 3996 MHz, 0 %, 0 %
2026/03/24 06:03:24.400, 2, 233.99 W, 28, 2032 MHz, 3996 MHz, 0 %, 0 %
2026/03/24 06:03:24.400, 3, 234.98 W, 31, 2032 MHz, 3996 MHz, 0 %, 0 %
2026/03/24 06:03:24.400, 4, 178.93 W, 25, 120 MHz, 3996 MHz, 0 %, 0 %
2026/03/24 06:03:24.400, 5, 180.58 W, 28, 120 MHz, 3996 MHz, 0 %, 0 %
2026/03/24 06:03:24.400, 6, 178.41 W, 26, 120 MHz, 3996 MHz, 0 %, 0 %
2026/03/24 06:03:24.400, 7, 176.58 W, 27, 120 MHz, 3996 MHz, 0 %, 0 %
2026/03/24 06:03:25.400, 0, 228.68 W, 28, 2032 MHz, 3996 MHz, 0 %, 0 %
2026/03/24 06:03:25.400, 1, 233.16 W, 30, 2032 MHz, 3996 MHz, 0 %, 0 %
2026/03/24 06:03:25.400, 2, 233.94 W, 28, 2032 MHz, 3996 MHz, 0 %, 0 %
2026/03/24 06:03:25.400, 3, 235.19 W, 31, 2032 MHz, 3996 MHz, 0 %, 0 %
2026/03/24 06:03:25.400, 4, 179.12 W, 25, 120 MHz, 3996 MHz, 0 %, 0 %
2026/03/24 06:03:25.400, 5, 180.58 W, 28, 120 MHz, 3996 MHz, 0 %, 0 %
2026/03/24 06:03:25.400, 6, 178.49 W, 26, 120 MHz, 3996 MHz, 0 %, 0 %
2026/03/24 06:03:25.400, 7, 176.58 W, 27, 120 MHz, 3996 MHz, 0 %, 0 %
2026/03/24 06:03:26.400, 0, 228.48 W, 28, 2032 MHz, 3996 MHz, 0 %, 0 %
2026/03/24 06:03:26.400, 1, 233.24 W, 30, 2032 MHz, 3996 MHz, 0 %, 0 %
2026/03/24 06:03:26.400, 2, 234.01 W, 28, 2032 MHz, 3996 MHz, 0 %, 0 %
2026/03/24 06:03:26.400, 3, 235.17 W, 31, 2032 MHz, 3996 MHz, 0 %, 0 %
2026/03/24 06:03:26.400, 4, 178.94 W, 25, 120 MHz, 3996 MHz, 0 %, 0 %
2026/03/24 06:03:26.400, 5, 180.58 W, 28, 120 MHz, 3996 MHz, 0 %, 0 %
2026/03/24 06:03:26.400, 6, 178.07 W, 26, 120 MHz, 3996 MHz, 0 %, 0 %
2026/03/24 06:03:26.400, 7, 176.58 W, 27, 120 MHz, 3996 MHz, 0 %, 0 %
2026/03/24 06:03:27.401, 0, 228.15 W, 28, 2032 MHz, 3996 MHz, 0 %, 0 %
2026/03/24 06:03:27.401, 1, 233.20 W, 30, 2032 MHz, 3996 MHz, 0 %, 0 %
2026/03/24 06:03:27.401, 2, 234.01 W, 28, 2032 MHz, 3996 MHz, 0 %, 0 %
2026/03/24 06:03:27.401, 3, 235.05 W, 31, 2032 MHz, 3996 MHz, 0 %, 0 %
2026/03/24 06:03:27.401, 4, 178.88 W, 25, 120 MHz, 3996 MHz, 0 %, 0 %
2026/03/24 06:03:27.401, 5, 180.58 W, 28, 120 MHz, 3996 MHz, 0 %, 0 %
2026/03/24 06:03:27.401, 6, 178.22 W, 26, 120 MHz, 3996 MHz, 0 %, 0 %
2026/03/24 06:03:27.401, 7, 176.58 W, 27, 120 MHz, 3996 MHz, 0 %, 0 %
2026/03/24 06:03:28.401, 0, 228.26 W, 28, 2032 MHz, 3996 MHz, 0 %, 0 %
2026/03/24 06:03:28.401, 1, 233.32 W, 30, 2032 MHz, 3996 MHz, 0 %, 0 %
2026/03/24 06:03:28.401, 2, 234.00 W, 28, 2032 MHz, 3996 MHz, 0 %, 0 %
2026/03/24 06:03:28.401, 3, 234.76 W, 31, 2032 MHz, 3996 MHz, 0 %, 0 %
2026/03/24 06:03:28.401, 4, 178.92 W, 25, 120 MHz, 3996 MHz, 0 %, 0 %
2026/03/24 06:03:28.401, 5, 181.24 W, 28, 120 MHz, 3996 MHz, 0 %, 0 %
2026/03/24 06:03:28.401, 6, 178.37 W, 26, 120 MHz, 3996 MHz, 0 %, 0 %
2026/03/24 06:03:28.401, 7, 176.58 W, 27, 120 MHz, 3996 MHz, 0 %, 0 %
2026/03/24 06:03:29.401, 0, 228.37 W, 28, 2032 MHz, 3996 MHz, 0 %, 0 %
2026/03/24 06:03:29.401, 1, 233.16 W, 30, 2032 MHz, 3996 MHz, 0 %, 0 %
2026/03/24 06:03:29.401, 2, 233.95 W, 28, 2032 MHz, 3996 MHz, 0 %, 0 %
2026/03/24 06:03:29.401, 3, 234.95 W, 31, 2032 MHz, 3996 MHz, 0 %, 0 %
2026/03/24 06:03:29.401, 4, 179.00 W, 25, 120 MHz, 3996 MHz, 0 %, 0 %
2026/03/24 06:03:29.401, 5, 182.14 W, 28, 120 MHz, 3996 MHz, 0 %, 0 %
2026/03/24 06:03:29.401, 6, 178.45 W, 26, 120 MHz, 3996 MHz, 0 %, 0 %
2026/03/24 06:03:29.401, 7, 176.58 W, 27, 120 MHz, 3996 MHz, 0 %, 0 %
2026/03/24 06:03:30.401, 0, 228.19 W, 28, 2032 MHz, 3996 MHz, 0 %, 0 %
2026/03/24 06:03:30.401, 1, 233.16 W, 30, 2032 MHz, 3996 MHz, 0 %, 0 %
2026/03/24 06:03:30.401, 2, 233.96 W, 28, 2032 MHz, 3996 MHz, 0 %, 0 %
2026/03/24 06:03:30.401, 3, 234.91 W, 31, 2032 MHz, 3996 MHz, 0 %, 0 %
2026/03/24 06:03:30.401, 4, 178.85 W, 25, 120 MHz, 3996 MHz, 0 %, 0 %
2026/03/24 06:03:30.401, 5, 182.49 W, 28, 120 MHz, 3996 MHz, 0 %, 0 %
2026/03/24 06:03:30.401, 6, 178.53 W, 26, 120 MHz, 3996 MHz, 0 %, 0 %
2026/03/24 06:03:30.401, 7, 176.58 W, 27, 120 MHz, 3996 MHz, 0 %, 0 %
2026/03/24 06:03:31.401, 0, 228.22 W, 28, 2032 MHz, 3996 MHz, 0 %, 0 %
2026/03/24 06:03:31.401, 1, 233.16 W, 30, 2032 MHz, 3996 MHz, 0 %, 0 %
2026/03/24 06:03:31.401, 2, 234.00 W, 28, 2032 MHz, 3996 MHz, 0 %, 0 %
2026/03/24 06:03:31.401, 3, 234.97 W, 31, 2032 MHz, 3996 MHz, 0 %, 0 %
2026/03/24 06:03:31.401, 4, 178.99 W, 25, 120 MHz, 3996 MHz, 0 %, 0 %
2026/03/24 06:03:31.401, 5, 182.22 W, 28, 120 MHz, 3996 MHz, 0 %, 0 %
2026/03/24 06:03:31.401, 6, 178.64 W, 26, 120 MHz, 3996 MHz, 0 %, 0 %
2026/03/24 06:03:31.401, 7, 176.58 W, 27, 120 MHz, 3996 MHz, 0 %, 0 %
2026/03/24 06:03:32.401, 0, 228.15 W, 28, 2032 MHz, 3996 MHz, 0 %, 0 %
2026/03/24 06:03:32.401, 1, 233.16 W, 30, 2032 MHz, 3996 MHz, 0 %, 0 %
2026/03/24 06:03:32.401, 2, 234.02 W, 28, 2032 MHz, 3996 MHz, 0 %, 0 %
2026/03/24 06:03:32.401, 3, 234.86 W, 31, 2032 MHz, 3996 MHz, 0 %, 0 %
2026/03/24 06:03:32.401, 4, 179.18 W, 25, 120 MHz, 3996 MHz, 0 %, 0 %
2026/03/24 06:03:32.401, 5, 182.13 W, 28, 120 MHz, 3996 MHz, 0 %, 0 %
2026/03/24 06:03:32.401, 6, 178.64 W, 26, 120 MHz, 3996 MHz, 0 %, 0 %
2026/03/24 06:03:32.401, 7, 176.58 W, 27, 120 MHz, 3996 MHz, 0 %, 0 %
2026/03/24 06:03:33.401, 0, 228.18 W, 28, 2032 MHz, 3996 MHz, 0 %, 0 %
2026/03/24 06:03:33.401, 1, 233.16 W, 30, 2032 MHz, 3996 MHz, 0 %, 0 %
2026/03/24 06:03:33.401, 2, 234.01 W, 28, 2032 MHz, 3996 MHz, 0 %, 0 %
2026/03/24 06:03:33.401, 3, 235.04 W, 31, 2032 MHz, 3996 MHz, 0 %, 0 %
2026/03/24 06:03:33.402, 4, 178.86 W, 25, 120 MHz, 3996 MHz, 0 %, 0 %
2026/03/24 06:03:33.402, 5, 182.22 W, 28, 120 MHz, 3996 MHz, 0 %, 0 %
2026/03/24 06:03:33.402, 6, 178.64 W, 26, 120 MHz, 3996 MHz, 0 %, 0 %
2026/03/24 06:03:33.402, 7, 176.58 W, 27, 120 MHz, 3996 MHz, 0 %, 0 %
2026/03/24 06:03:34.402, 0, 228.30 W, 28, 2032 MHz, 3996 MHz, 0 %, 0 %
2026/03/24 06:03:34.402, 1, 233.16 W, 30, 2032 MHz, 3996 MHz, 0 %, 0 %
2026/03/24 06:03:34.402, 2, 234.02 W, 28, 2032 MHz, 3996 MHz, 0 %, 0 %
2026/03/24 06:03:34.402, 3, 234.78 W, 31, 2032 MHz, 3996 MHz, 0 %, 0 %
2026/03/24 06:03:34.402, 4, 179.06 W, 25, 120 MHz, 3996 MHz, 0 %, 0 %
2026/03/24 06:03:34.402, 5, 182.45 W, 28, 120 MHz, 3996 MHz, 0 %, 0 %
2026/03/24 06:03:34.402, 6, 178.64 W, 26, 120 MHz, 3996 MHz, 0 %, 0 %
2026/03/24 06:03:34.402, 7, 176.58 W, 27, 120 MHz, 3996 MHz, 0 %, 0 %
2026/03/24 06:03:35.402, 0, 228.22 W, 28, 2032 MHz, 3996 MHz, 0 %, 0 %
2026/03/24 06:03:35.402, 1, 233.24 W, 30, 2032 MHz, 3996 MHz, 0 %, 0 %
2026/03/24 06:03:35.402, 2, 234.01 W, 28, 2032 MHz, 3996 MHz, 0 %, 0 %
2026/03/24 06:03:35.402, 3, 234.73 W, 31, 2032 MHz, 3996 MHz, 0 %, 0 %
2026/03/24 06:03:35.402, 4, 179.18 W, 25, 120 MHz, 3996 MHz, 0 %, 0 %
2026/03/24 06:03:35.402, 5, 182.33 W, 28, 120 MHz, 3996 MHz, 0 %, 0 %
2026/03/24 06:03:35.402, 6, 178.64 W, 26, 120 MHz, 3996 MHz, 0 %, 0 %
2026/03/24 06:03:35.402, 7, 176.58 W, 27, 120 MHz, 3996 MHz, 0 %, 0 %
2026/03/24 06:03:36.402, 0, 228.18 W, 28, 2032 MHz, 3996 MHz, 0 %, 0 %
2026/03/24 06:03:36.402, 1, 233.20 W, 30, 2032 MHz, 3996 MHz, 0 %, 0 %
2026/03/24 06:03:36.402, 2, 234.00 W, 28, 2032 MHz, 3996 MHz, 0 %, 0 %
2026/03/24 06:03:36.402, 3, 234.81 W, 31, 2032 MHz, 3996 MHz, 0 %, 0 %
2026/03/24 06:03:36.402, 4, 179.70 W, 25, 120 MHz, 3996 MHz, 0 %, 0 %
2026/03/24 06:03:36.402, 5, 182.49 W, 28, 120 MHz, 3996 MHz, 0 %, 0 %
2026/03/24 06:03:36.402, 6, 178.64 W, 26, 120 MHz, 3996 MHz, 0 %, 0 %
2026/03/24 06:03:36.402, 7, 176.58 W, 27, 120 MHz, 3996 MHz, 0 %, 0 %
2026/03/24 06:03:37.402, 0, 233.15 W, 28, 2032 MHz, 3996 MHz, 0 %, 0 %
2026/03/24 06:03:37.402, 1, 238.20 W, 30, 2032 MHz, 3996 MHz, 0 %, 0 %
2026/03/24 06:03:37.402, 2, 237.62 W, 28, 2032 MHz, 3996 MHz, 0 %, 0 %
2026/03/24 06:03:37.402, 3, 239.75 W, 31, 2032 MHz, 3996 MHz, 0 %, 0 %
2026/03/24 06:03:37.402, 4, 180.44 W, 25, 120 MHz, 3996 MHz, 0 %, 0 %
2026/03/24 06:03:37.402, 5, 182.22 W, 28, 120 MHz, 3996 MHz, 0 %, 0 %
2026/03/24 06:03:37.402, 6, 178.64 W, 26, 120 MHz, 3996 MHz, 0 %, 0 %
2026/03/24 06:03:37.402, 7, 176.70 W, 27, 120 MHz, 3996 MHz, 0 %, 0 %
2026/03/24 06:03:38.402, 0, 228.68 W, 28, 2032 MHz, 3996 MHz, 0 %, 0 %
2026/03/24 06:03:38.402, 1, 233.28 W, 30, 2032 MHz, 3996 MHz, 0 %, 0 %
2026/03/24 06:03:38.402, 2, 234.06 W, 28, 2032 MHz, 3996 MHz, 0 %, 0 %
2026/03/24 06:03:38.402, 3, 235.12 W, 31, 2032 MHz, 3996 MHz, 0 %, 0 %
2026/03/24 06:03:38.402, 4, 180.41 W, 25, 120 MHz, 3996 MHz, 0 %, 0 %
2026/03/24 06:03:38.402, 5, 182.37 W, 28, 120 MHz, 3996 MHz, 0 %, 0 %
2026/03/24 06:03:38.402, 6, 178.64 W, 26, 120 MHz, 3996 MHz, 0 %, 0 %
2026/03/24 06:03:38.402, 7, 176.89 W, 27, 120 MHz, 3996 MHz, 0 %, 0 %
2026/03/24 06:03:39.402, 0, 228.38 W, 28, 2032 MHz, 3996 MHz, 0 %, 0 %
2026/03/24 06:03:39.402, 1, 233.16 W, 30, 2032 MHz, 3996 MHz, 0 %, 0 %
2026/03/24 06:03:39.402, 2, 233.99 W, 28, 2032 MHz, 3996 MHz, 0 %, 0 %
2026/03/24 06:03:39.402, 3, 235.08 W, 30, 2032 MHz, 3996 MHz, 0 %, 0 %
2026/03/24 06:03:39.402, 4, 180.10 W, 25, 120 MHz, 3996 MHz, 0 %, 0 %
2026/03/24 06:03:39.402, 5, 182.30 W, 28, 120 MHz, 3996 MHz, 0 %, 0 %
2026/03/24 06:03:39.402, 6, 178.64 W, 26, 120 MHz, 3996 MHz, 0 %, 0 %
2026/03/24 06:03:39.402, 7, 177.16 W, 27, 120 MHz, 3996 MHz, 0 %, 0 %
2026/03/24 06:03:40.403, 0, 228.22 W, 28, 2032 MHz, 3996 MHz, 0 %, 0 %
2026/03/24 06:03:40.403, 1, 233.20 W, 30, 2032 MHz, 3996 MHz, 0 %, 0 %
2026/03/24 06:03:40.403, 2, 234.00 W, 28, 2032 MHz, 3996 MHz, 0 %, 0 %
2026/03/24 06:03:40.403, 3, 235.08 W, 30, 2032 MHz, 3996 MHz, 0 %, 0 %
2026/03/24 06:03:40.403, 4, 180.38 W, 25, 120 MHz, 3996 MHz, 0 %, 0 %
2026/03/24 06:03:40.403, 5, 182.29 W, 28, 120 MHz, 3996 MHz, 0 %, 0 %
2026/03/24 06:03:40.403, 6, 178.64 W, 26, 120 MHz, 3996 MHz, 0 %, 0 %
2026/03/24 06:03:40.403, 7, 177.13 W, 27, 120 MHz, 3996 MHz, 0 %, 0 %
2026/03/24 06:03:41.403, 0, 228.22 W, 28, 2032 MHz, 3996 MHz, 0 %, 0 %
2026/03/24 06:03:41.403, 1, 233.16 W, 30, 2032 MHz, 3996 MHz, 0 %, 0 %
2026/03/24 06:03:41.403, 2, 234.01 W, 28, 2032 MHz, 3996 MHz, 0 %, 0 %
2026/03/24 06:03:41.403, 3, 234.95 W, 30, 2032 MHz, 3996 MHz, 0 %, 0 %
2026/03/24 06:03:41.403, 4, 180.25 W, 25, 120 MHz, 3996 MHz, 0 %, 0 %
2026/03/24 06:03:41.403, 5, 182.30 W, 28, 120 MHz, 3996 MHz, 0 %, 0 %
2026/03/24 06:03:41.403, 6, 178.64 W, 26, 120 MHz, 3996 MHz, 0 %, 0 %
2026/03/24 06:03:41.403, 7, 177.15 W, 27, 120 MHz, 3996 MHz, 0 %, 0 %
2026/03/24 06:03:42.403, 0, 228.18 W, 28, 2032 MHz, 3996 MHz, 0 %, 0 %
2026/03/24 06:03:42.403, 1, 233.16 W, 30, 2032 MHz, 3996 MHz, 0 %, 0 %
2026/03/24 06:03:42.403, 2, 234.00 W, 27, 2032 MHz, 3996 MHz, 0 %, 0 %
2026/03/24 06:03:42.403, 3, 235.03 W, 30, 2032 MHz, 3996 MHz, 0 %, 0 %
2026/03/24 06:03:42.403, 4, 180.19 W, 25, 120 MHz, 3996 MHz, 0 %, 0 %
2026/03/24 06:03:42.403, 5, 182.25 W, 28, 120 MHz, 3996 MHz, 0 %, 0 %
2026/03/24 06:03:42.403, 6, 178.64 W, 26, 120 MHz, 3996 MHz, 0 %, 0 %
2026/03/24 06:03:42.403, 7, 177.29 W, 27, 120 MHz, 3996 MHz, 0 %, 0 %
2026/03/24 06:03:43.403, 0, 346.71 W, 28, 2032 MHz, 3996 MHz, 0 %, 0 %
2026/03/24 06:03:43.403, 1, 354.03 W, 31, 2032 MHz, 3996 MHz, 0 %, 0 %
2026/03/24 06:03:43.403, 2, 356.29 W, 28, 2032 MHz, 3996 MHz, 0 %, 0 %
2026/03/24 06:03:43.403, 3, 358.51 W, 31, 2032 MHz, 3996 MHz, 0 %, 0 %
2026/03/24 06:03:43.403, 4, 180.25 W, 25, 120 MHz, 3996 MHz, 0 %, 0 %
2026/03/24 06:03:43.403, 5, 182.18 W, 28, 120 MHz, 3996 MHz, 0 %, 0 %
2026/03/24 06:03:43.403, 6, 178.64 W, 26, 120 MHz, 3996 MHz, 0 %, 0 %
2026/03/24 06:03:43.403, 7, 177.19 W, 27, 120 MHz, 3996 MHz, 0 %, 0 %
2026/03/24 06:03:44.403, 0, 229.78 W, 28, 2032 MHz, 3996 MHz, 0 %, 0 %
2026/03/24 06:03:44.403, 1, 234.92 W, 30, 2032 MHz, 3996 MHz, 0 %, 0 %
2026/03/24 06:03:44.403, 2, 235.27 W, 28, 2032 MHz, 3996 MHz, 0 %, 0 %
2026/03/24 06:03:44.403, 3, 235.17 W, 31, 2032 MHz, 3996 MHz, 0 %, 0 %
2026/03/24 06:03:44.403, 4, 180.38 W, 25, 120 MHz, 3996 MHz, 0 %, 0 %
2026/03/24 06:03:44.403, 5, 182.14 W, 28, 120 MHz, 3996 MHz, 0 %, 0 %
2026/03/24 06:03:44.403, 6, 178.64 W, 26, 120 MHz, 3996 MHz, 0 %, 0 %
2026/03/24 06:03:44.403, 7, 176.81 W, 27, 120 MHz, 3996 MHz, 0 %, 0 %
2026/03/24 06:03:45.403, 0, 229.81 W, 28, 2032 MHz, 3996 MHz, 0 %, 0 %
2026/03/24 06:03:45.403, 1, 234.68 W, 30, 2032 MHz, 3996 MHz, 0 %, 0 %
2026/03/24 06:03:45.403, 2, 234.74 W, 28, 2032 MHz, 3996 MHz, 0 %, 0 %
2026/03/24 06:03:45.403, 3, 235.13 W, 30, 2032 MHz, 3996 MHz, 0 %, 0 %
2026/03/24 06:03:45.403, 4, 180.42 W, 25, 120 MHz, 3996 MHz, 0 %, 0 %
2026/03/24 06:03:45.403, 5, 182.18 W, 28, 120 MHz, 3996 MHz, 0 %, 0 %
2026/03/24 06:03:45.403, 6, 178.64 W, 26, 120 MHz, 3996 MHz, 0 %, 0 %
2026/03/24 06:03:45.403, 7, 177.08 W, 27, 120 MHz, 3996 MHz, 0 %, 0 %
2026/03/24 06:03:46.403, 0, 229.96 W, 28, 2032 MHz, 3996 MHz, 0 %, 0 %
2026/03/24 06:03:46.404, 1, 234.41 W, 30, 2032 MHz, 3996 MHz, 0 %, 0 %
2026/03/24 06:03:46.404, 2, 234.76 W, 28, 2032 MHz, 3996 MHz, 0 %, 0 %
2026/03/24 06:03:46.404, 3, 235.11 W, 30, 2032 MHz, 3996 MHz, 0 %, 0 %
2026/03/24 06:03:46.404, 4, 180.33 W, 25, 120 MHz, 3996 MHz, 0 %, 0 %
2026/03/24 06:03:46.404, 5, 182.14 W, 28, 120 MHz, 3996 MHz, 0 %, 0 %
2026/03/24 06:03:46.404, 6, 178.64 W, 26, 120 MHz, 3996 MHz, 0 %, 0 %
2026/03/24 06:03:46.404, 7, 177.08 W, 27, 120 MHz, 3996 MHz, 0 %, 0 %
2026/03/24 06:03:47.404, 0, 229.62 W, 28, 2032 MHz, 3996 MHz, 0 %, 0 %
2026/03/24 06:03:47.404, 1, 234.17 W, 30, 2032 MHz, 3996 MHz, 0 %, 0 %
2026/03/24 06:03:47.404, 2, 234.25 W, 27, 2032 MHz, 3996 MHz, 0 %, 0 %
2026/03/24 06:03:47.404, 3, 235.12 W, 30, 2032 MHz, 3996 MHz, 0 %, 0 %
2026/03/24 06:03:47.404, 4, 180.22 W, 25, 120 MHz, 3996 MHz, 0 %, 0 %
2026/03/24 06:03:47.404, 5, 182.14 W, 28, 120 MHz, 3996 MHz, 0 %, 0 %
2026/03/24 06:03:47.404, 6, 178.64 W, 26, 120 MHz, 3996 MHz, 0 %, 0 %
2026/03/24 06:03:47.404, 7, 177.01 W, 27, 120 MHz, 3996 MHz, 0 %, 0 %
2026/03/24 06:03:48.404, 0, 229.62 W, 28, 2032 MHz, 3996 MHz, 0 %, 0 %
2026/03/24 06:03:48.404, 1, 233.96 W, 30, 2032 MHz, 3996 MHz, 0 %, 0 %
2026/03/24 06:03:48.404, 2, 234.41 W, 27, 2032 MHz, 3996 MHz, 0 %, 0 %
2026/03/24 06:03:48.404, 3, 235.20 W, 30, 2032 MHz, 3996 MHz, 0 %, 0 %
2026/03/24 06:03:48.404, 4, 180.13 W, 25, 120 MHz, 3996 MHz, 0 %, 0 %
2026/03/24 06:03:48.404, 5, 182.18 W, 28, 120 MHz, 3996 MHz, 0 %, 0 %
2026/03/24 06:03:48.404, 6, 178.64 W, 26, 120 MHz, 3996 MHz, 0 %, 0 %
2026/03/24 06:03:48.404, 7, 177.16 W, 27, 120 MHz, 3996 MHz, 0 %, 0 %
2026/03/24 06:03:49.404, 0, 228.22 W, 28, 2032 MHz, 3996 MHz, 0 %, 0 %
2026/03/24 06:03:49.404, 1, 233.20 W, 30, 2032 MHz, 3996 MHz, 0 %, 0 %
2026/03/24 06:03:49.404, 2, 233.99 W, 27, 2032 MHz, 3996 MHz, 0 %, 0 %
2026/03/24 06:03:49.404, 3, 235.04 W, 30, 2032 MHz, 3996 MHz, 0 %, 0 %
2026/03/24 06:03:49.404, 4, 180.19 W, 25, 120 MHz, 3996 MHz, 0 %, 0 %
2026/03/24 06:03:49.404, 5, 182.22 W, 28, 120 MHz, 3996 MHz, 0 %, 0 %
2026/03/24 06:03:49.404, 6, 178.64 W, 26, 120 MHz, 3996 MHz, 0 %, 0 %
2026/03/24 06:03:49.404, 7, 177.00 W, 27, 120 MHz, 3996 MHz, 0 %, 0 %
2026/03/24 06:03:50.404, 0, 228.26 W, 28, 2032 MHz, 3996 MHz, 0 %, 0 %
2026/03/24 06:03:50.404, 1, 233.16 W, 30, 2032 MHz, 3996 MHz, 0 %, 0 %
2026/03/24 06:03:50.404, 2, 234.02 W, 27, 2032 MHz, 3996 MHz, 0 %, 0 %
2026/03/24 06:03:50.404, 3, 234.96 W, 30, 2032 MHz, 3996 MHz, 0 %, 0 %
2026/03/24 06:03:50.404, 4, 180.23 W, 25, 120 MHz, 3996 MHz, 0 %, 0 %
2026/03/24 06:03:50.404, 5, 182.33 W, 28, 120 MHz, 3996 MHz, 0 %, 0 %
2026/03/24 06:03:50.404, 6, 178.64 W, 26, 120 MHz, 3996 MHz, 0 %, 0 %
2026/03/24 06:03:50.404, 7, 177.05 W, 27, 120 MHz, 3996 MHz, 0 %, 0 %
2026/03/24 06:03:51.404, 0, 228.15 W, 28, 2032 MHz, 3996 MHz, 0 %, 0 %
2026/03/24 06:03:51.404, 1, 233.16 W, 30, 2032 MHz, 3996 MHz, 0 %, 0 %
2026/03/24 06:03:51.404, 2, 234.02 W, 27, 2032 MHz, 3996 MHz, 0 %, 0 %
2026/03/24 06:03:51.404, 3, 234.77 W, 30, 2032 MHz, 3996 MHz, 0 %, 0 %
2026/03/24 06:03:51.404, 4, 180.37 W, 25, 120 MHz, 3996 MHz, 0 %, 0 %
2026/03/24 06:03:51.404, 5, 182.14 W, 28, 120 MHz, 3996 MHz, 0 %, 0 %
2026/03/24 06:03:51.404, 6, 178.64 W, 26, 120 MHz, 3996 MHz, 0 %, 0 %
2026/03/24 06:03:51.404, 7, 177.01 W, 27, 120 MHz, 3996 MHz, 0 %, 0 %
2026/03/24 06:03:52.404, 0, 302.26 W, 30, 2032 MHz, 3996 MHz, 100 %, 19 %
2026/03/24 06:03:52.404, 1, 318.58 W, 32, 2032 MHz, 3996 MHz, 100 %, 24 %
2026/03/24 06:03:52.404, 2, 311.35 W, 30, 2032 MHz, 3996 MHz, 100 %, 24 %
2026/03/24 06:03:52.404, 3, 303.36 W, 32, 2032 MHz, 3996 MHz, 100 %, 24 %
2026/03/24 06:03:52.404, 4, 180.14 W, 25, 120 MHz, 3996 MHz, 0 %, 0 %
2026/03/24 06:03:52.404, 5, 182.37 W, 28, 120 MHz, 3996 MHz, 0 %, 0 %
2026/03/24 06:03:52.405, 6, 178.63 W, 26, 120 MHz, 3996 MHz, 0 %, 0 %
2026/03/24 06:03:52.405, 7, 177.09 W, 27, 120 MHz, 3996 MHz, 0 %, 0 %
2026/03/24 06:03:53.405, 0, 434.52 W, 31, 2032 MHz, 3996 MHz, 100 %, 23 %
2026/03/24 06:03:53.405, 1, 443.48 W, 33, 2032 MHz, 3996 MHz, 100 %, 24 %
2026/03/24 06:03:53.405, 2, 454.85 W, 31, 2032 MHz, 3996 MHz, 100 %, 25 %
2026/03/24 06:03:53.405, 3, 453.25 W, 33, 2032 MHz, 3996 MHz, 100 %, 25 %
2026/03/24 06:03:53.405, 4, 180.28 W, 25, 120 MHz, 3996 MHz, 0 %, 0 %
2026/03/24 06:03:53.405, 5, 182.37 W, 28, 120 MHz, 3996 MHz, 0 %, 0 %
2026/03/24 06:03:53.405, 6, 178.64 W, 26, 120 MHz, 3996 MHz, 0 %, 0 %
2026/03/24 06:03:53.405, 7, 177.12 W, 27, 120 MHz, 3996 MHz, 0 %, 0 %
2026/03/24 06:03:54.405, 0, 435.17 W, 31, 2032 MHz, 3996 MHz, 100 %, 24 %
2026/03/24 06:03:54.405, 1, 445.88 W, 33, 2032 MHz, 3996 MHz, 100 %, 24 %
2026/03/24 06:03:54.405, 2, 455.43 W, 31, 2032 MHz, 3996 MHz, 100 %, 24 %
2026/03/24 06:03:54.405, 3, 454.86 W, 34, 2032 MHz, 3996 MHz, 100 %, 25 %
2026/03/24 06:03:54.405, 4, 180.19 W, 25, 120 MHz, 3996 MHz, 0 %, 0 %
2026/03/24 06:03:54.405, 5, 182.29 W, 28, 120 MHz, 3996 MHz, 0 %, 0 %
2026/03/24 06:03:54.405, 6, 178.64 W, 26, 120 MHz, 3996 MHz, 0 %, 0 %
2026/03/24 06:03:54.405, 7, 177.08 W, 27, 120 MHz, 3996 MHz, 0 %, 0 %
2026/03/24 06:03:55.405, 0, 435.82 W, 31, 2032 MHz, 3996 MHz, 100 %, 24 %
2026/03/24 06:03:55.405, 1, 446.98 W, 33, 2032 MHz, 3996 MHz, 100 %, 25 %
2026/03/24 06:03:55.405, 2, 455.67 W, 31, 2032 MHz, 3996 MHz, 100 %, 24 %
2026/03/24 06:03:55.405, 3, 454.33 W, 34, 2032 MHz, 3996 MHz, 100 %, 24 %
2026/03/24 06:03:55.405, 4, 180.35 W, 25, 120 MHz, 3996 MHz, 0 %, 0 %
2026/03/24 06:03:55.405, 5, 182.33 W, 28, 120 MHz, 3996 MHz, 0 %, 0 %
2026/03/24 06:03:55.405, 6, 178.63 W, 26, 120 MHz, 3996 MHz, 0 %, 0 %
2026/03/24 06:03:55.405, 7, 177.13 W, 27, 120 MHz, 3996 MHz, 0 %, 0 %
2026/03/24 06:03:56.405, 0, 435.68 W, 31, 2032 MHz, 3996 MHz, 100 %, 23 %
2026/03/24 06:03:56.405, 1, 448.38 W, 33, 2032 MHz, 3996 MHz, 100 %, 24 %
2026/03/24 06:03:56.405, 2, 456.93 W, 31, 2032 MHz, 3996 MHz, 100 %, 25 %
2026/03/24 06:03:56.405, 3, 454.57 W, 34, 2032 MHz, 3996 MHz, 100 %, 25 %
2026/03/24 06:03:56.405, 4, 180.38 W, 25, 120 MHz, 3996 MHz, 0 %, 0 %
2026/03/24 06:03:56.405, 5, 182.41 W, 28, 120 MHz, 3996 MHz, 0 %, 0 %
2026/03/24 06:03:56.405, 6, 178.64 W, 26, 120 MHz, 3996 MHz, 0 %, 0 %
2026/03/24 06:03:56.405, 7, 176.85 W, 27, 120 MHz, 3996 MHz, 0 %, 0 %
2026/03/24 06:03:57.405, 0, 437.87 W, 31, 2032 MHz, 3996 MHz, 100 %, 24 %
2026/03/24 06:03:57.405, 1, 447.83 W, 34, 2032 MHz, 3996 MHz, 100 %, 24 %
2026/03/24 06:03:57.405, 2, 456.22 W, 31, 2032 MHz, 3996 MHz, 100 %, 25 %
2026/03/24 06:03:57.405, 3, 454.58 W, 34, 2032 MHz, 3996 MHz, 100 %, 25 %
2026/03/24 06:03:57.405, 4, 180.31 W, 25, 120 MHz, 3996 MHz, 0 %, 0 %
2026/03/24 06:03:57.405, 5, 182.41 W, 28, 120 MHz, 3996 MHz, 0 %, 0 %
2026/03/24 06:03:57.405, 6, 178.63 W, 26, 120 MHz, 3996 MHz, 0 %, 0 %
2026/03/24 06:03:57.405, 7, 177.01 W, 27, 120 MHz, 3996 MHz, 0 %, 0 %
2026/03/24 06:03:58.406, 0, 436.52 W, 31, 2032 MHz, 3996 MHz, 100 %, 24 %
2026/03/24 06:03:58.406, 1, 448.98 W, 34, 2032 MHz, 3996 MHz, 100 %, 25 %
2026/03/24 06:03:58.406, 2, 457.14 W, 31, 2032 MHz, 3996 MHz, 100 %, 24 %
2026/03/24 06:03:58.406, 3, 455.46 W, 34, 2032 MHz, 3996 MHz, 100 %, 25 %
2026/03/24 06:03:58.406, 4, 180.21 W, 25, 120 MHz, 3996 MHz, 0 %, 0 %
2026/03/24 06:03:58.406, 5, 182.37 W, 28, 120 MHz, 3996 MHz, 0 %, 0 %
2026/03/24 06:03:58.406, 6, 178.63 W, 26, 120 MHz, 3996 MHz, 0 %, 0 %
2026/03/24 06:03:58.406, 7, 177.08 W, 27, 120 MHz, 3996 MHz, 0 %, 0 %
2026/03/24 06:03:59.406, 0, 436.76 W, 31, 2032 MHz, 3996 MHz, 100 %, 24 %
2026/03/24 06:03:59.406, 1, 449.18 W, 34, 2032 MHz, 3996 MHz, 100 %, 24 %
2026/03/24 06:03:59.406, 2, 456.64 W, 32, 2032 MHz, 3996 MHz, 100 %, 25 %
2026/03/24 06:03:59.406, 3, 455.80 W, 34, 2032 MHz, 3996 MHz, 100 %, 25 %
2026/03/24 06:03:59.406, 4, 180.23 W, 25, 120 MHz, 3996 MHz, 0 %, 0 %
2026/03/24 06:03:59.406, 5, 182.41 W, 28, 120 MHz, 3996 MHz, 0 %, 0 %
2026/03/24 06:03:59.406, 6, 178.64 W, 26, 120 MHz, 3996 MHz, 0 %, 0 %
2026/03/24 06:03:59.406, 7, 176.93 W, 27, 120 MHz, 3996 MHz, 0 %, 0 %
2026/03/24 06:04:00.406, 0, 410.88 W, 30, 2032 MHz, 3996 MHz, 78 %, 16 %
2026/03/24 06:04:00.406, 1, 410.20 W, 32, 2032 MHz, 3996 MHz, 0 %, 0 %
2026/03/24 06:04:00.406, 2, 407.05 W, 30, 2032 MHz, 3996 MHz, 0 %, 0 %
2026/03/24 06:04:00.406, 3, 425.25 W, 33, 2032 MHz, 3996 MHz, 23 %, 6 %
2026/03/24 06:04:00.406, 4, 180.44 W, 25, 120 MHz, 3996 MHz, 0 %, 0 %
2026/03/24 06:04:00.406, 5, 182.41 W, 28, 120 MHz, 3996 MHz, 0 %, 0 %
2026/03/24 06:04:00.406, 6, 178.64 W, 26, 120 MHz, 3996 MHz, 0 %, 0 %
2026/03/24 06:04:00.406, 7, 177.05 W, 27, 120 MHz, 3996 MHz, 0 %, 0 %
2026/03/24 06:04:01.406, 0, 405.34 W, 31, 2032 MHz, 3996 MHz, 100 %, 24 %
2026/03/24 06:04:01.406, 1, 417.79 W, 34, 2032 MHz, 3996 MHz, 100 %, 24 %
2026/03/24 06:04:01.406, 2, 424.65 W, 32, 2032 MHz, 3996 MHz, 100 %, 24 %
2026/03/24 06:04:01.406, 3, 422.26 W, 34, 2032 MHz, 3996 MHz, 100 %, 25 %
2026/03/24 06:04:01.406, 4, 180.22 W, 25, 120 MHz, 3996 MHz, 0 %, 0 %
2026/03/24 06:04:01.406, 5, 182.45 W, 28, 120 MHz, 3996 MHz, 0 %, 0 %
2026/03/24 06:04:01.406, 6, 178.64 W, 26, 120 MHz, 3996 MHz, 0 %, 0 %
2026/03/24 06:04:01.406, 7, 177.15 W, 27, 120 MHz, 3996 MHz, 0 %, 0 %
2026/03/24 06:04:02.406, 0, 436.13 W, 32, 2032 MHz, 3996 MHz, 100 %, 24 %
2026/03/24 06:04:02.406, 1, 444.27 W, 34, 2032 MHz, 3996 MHz, 100 %, 24 %
2026/03/24 06:04:02.406, 2, 455.97 W, 32, 2032 MHz, 3996 MHz, 100 %, 24 %
2026/03/24 06:04:02.406, 3, 455.59 W, 35, 2032 MHz, 3996 MHz, 100 %, 24 %
2026/03/24 06:04:02.406, 4, 179.91 W, 25, 120 MHz, 3996 MHz, 0 %, 0 %
2026/03/24 06:04:02.406, 5, 182.29 W, 28, 120 MHz, 3996 MHz, 0 %, 0 %
2026/03/24 06:04:02.406, 6, 178.64 W, 26, 120 MHz, 3996 MHz, 0 %, 0 %
2026/03/24 06:04:02.406, 7, 177.17 W, 27, 120 MHz, 3996 MHz, 0 %, 0 %
2026/03/24 06:04:03.406, 0, 437.54 W, 32, 2032 MHz, 3996 MHz, 100 %, 24 %
2026/03/24 06:04:03.406, 1, 446.48 W, 34, 2032 MHz, 3996 MHz, 100 %, 24 %
2026/03/24 06:04:03.406, 2, 455.78 W, 32, 2032 MHz, 3996 MHz, 100 %, 25 %
2026/03/24 06:04:03.406, 3, 456.02 W, 35, 2032 MHz, 3996 MHz, 100 %, 25 %
2026/03/24 06:04:03.406, 4, 180.16 W, 25, 120 MHz, 3996 MHz, 0 %, 0 %
2026/03/24 06:04:03.406, 5, 182.41 W, 28, 120 MHz, 3996 MHz, 0 %, 0 %
2026/03/24 06:04:03.406, 6, 178.63 W, 26, 120 MHz, 3996 MHz, 0 %, 0 %
2026/03/24 06:04:03.406, 7, 177.13 W, 27, 120 MHz, 3996 MHz, 0 %, 0 %
2026/03/24 06:04:04.406, 0, 435.91 W, 32, 2032 MHz, 3996 MHz, 100 %, 23 %
2026/03/24 06:04:04.406, 1, 446.88 W, 34, 2032 MHz, 3996 MHz, 100 %, 24 %
2026/03/24 06:04:04.406, 2, 456.80 W, 32, 2032 MHz, 3996 MHz, 100 %, 25 %
2026/03/24 06:04:04.406, 3, 455.64 W, 35, 2032 MHz, 3996 MHz, 100 %, 25 %
2026/03/24 06:04:04.407, 4, 180.17 W, 25, 120 MHz, 3996 MHz, 0 %, 0 %
2026/03/24 06:04:04.407, 5, 182.26 W, 28, 120 MHz, 3996 MHz, 0 %, 0 %
2026/03/24 06:04:04.407, 6, 178.64 W, 26, 120 MHz, 3996 MHz, 0 %, 0 %
2026/03/24 06:04:04.407, 7, 177.38 W, 27, 120 MHz, 3996 MHz, 0 %, 0 %
2026/03/24 06:04:05.407, 0, 436.71 W, 32, 2032 MHz, 3996 MHz, 100 %, 24 %
2026/03/24 06:04:05.407, 1, 449.10 W, 34, 2032 MHz, 3996 MHz, 100 %, 24 %
2026/03/24 06:04:05.407, 2, 456.27 W, 32, 2032 MHz, 3996 MHz, 100 %, 24 %
2026/03/24 06:04:05.407, 3, 456.33 W, 35, 2032 MHz, 3996 MHz, 100 %, 25 %
2026/03/24 06:04:05.407, 4, 180.24 W, 25, 120 MHz, 3996 MHz, 0 %, 0 %
2026/03/24 06:04:05.407, 5, 182.21 W, 28, 120 MHz, 3996 MHz, 0 %, 0 %
2026/03/24 06:04:05.407, 6, 178.64 W, 26, 120 MHz, 3996 MHz, 0 %, 0 %
2026/03/24 06:04:05.407, 7, 177.44 W, 27, 120 MHz, 3996 MHz, 0 %, 0 %
2026/03/24 06:04:06.407, 0, 437.48 W, 32, 2032 MHz, 3996 MHz, 100 %, 24 %
2026/03/24 06:04:06.407, 1, 448.59 W, 34, 2032 MHz, 3996 MHz, 100 %, 24 %
2026/03/24 06:04:06.407, 2, 456.47 W, 32, 2032 MHz, 3996 MHz, 100 %, 24 %
2026/03/24 06:04:06.407, 3, 456.33 W, 35, 2032 MHz, 3996 MHz, 100 %, 25 %
2026/03/24 06:04:06.407, 4, 180.39 W, 25, 120 MHz, 3996 MHz, 0 %, 0 %
2026/03/24 06:04:06.407, 5, 182.37 W, 28, 120 MHz, 3996 MHz, 0 %, 0 %
2026/03/24 06:04:06.407, 6, 178.64 W, 26, 120 MHz, 3996 MHz, 0 %, 0 %
2026/03/24 06:04:06.407, 7, 177.09 W, 27, 120 MHz, 3996 MHz, 0 %, 0 %
2026/03/24 06:04:07.407, 0, 437.34 W, 32, 2032 MHz, 3996 MHz, 100 %, 24 %
2026/03/24 06:04:07.407, 1, 449.10 W, 34, 2032 MHz, 3996 MHz, 100 %, 24 %
2026/03/24 06:04:07.407, 2, 457.25 W, 32, 2032 MHz, 3996 MHz, 100 %, 24 %
2026/03/24 06:04:07.407, 3, 458.29 W, 35, 2032 MHz, 3996 MHz, 100 %, 25 %
2026/03/24 06:04:07.407, 4, 180.36 W, 25, 120 MHz, 3996 MHz, 0 %, 0 %
2026/03/24 06:04:07.407, 5, 182.26 W, 28, 120 MHz, 3996 MHz, 0 %, 0 %
2026/03/24 06:04:07.407, 6, 178.64 W, 26, 120 MHz, 3996 MHz, 0 %, 0 %
2026/03/24 06:04:07.407, 7, 176.85 W, 27, 120 MHz, 3996 MHz, 0 %, 0 %
2026/03/24 06:04:08.407, 0, 438.29 W, 32, 2032 MHz, 3996 MHz, 100 %, 24 %
2026/03/24 06:04:08.407, 1, 449.30 W, 34, 2032 MHz, 3996 MHz, 100 %, 24 %
2026/03/24 06:04:08.407, 2, 457.54 W, 32, 2032 MHz, 3996 MHz, 100 %, 24 %
2026/03/24 06:04:08.407, 3, 459.01 W, 35, 2032 MHz, 3996 MHz, 100 %, 25 %
2026/03/24 06:04:08.407, 4, 180.44 W, 25, 120 MHz, 3996 MHz, 0 %, 0 %
2026/03/24 06:04:08.407, 5, 182.18 W, 28, 120 MHz, 3996 MHz, 0 %, 0 %
2026/03/24 06:04:08.407, 6, 178.64 W, 26, 120 MHz, 3996 MHz, 0 %, 0 %
2026/03/24 06:04:08.407, 7, 177.15 W, 27, 120 MHz, 3996 MHz, 0 %, 0 %
2026/03/24 06:04:09.407, 0, 551.65 W, 32, 2032 MHz, 3996 MHz, 21 %, 9 %
2026/03/24 06:04:09.407, 1, 546.38 W, 35, 2032 MHz, 3996 MHz, 0 %, 0 %
2026/03/24 06:04:09.407, 2, 560.11 W, 32, 2032 MHz, 3996 MHz, 48 %, 19 %
2026/03/24 06:04:09.407, 3, 562.04 W, 36, 2032 MHz, 3996 MHz, 0 %, 0 %
2026/03/24 06:04:09.407, 4, 180.28 W, 25, 120 MHz, 3996 MHz, 0 %, 0 %
2026/03/24 06:04:09.407, 5, 182.25 W, 28, 120 MHz, 3996 MHz, 0 %, 0 %
2026/03/24 06:04:09.407, 6, 178.64 W, 26, 120 MHz, 3996 MHz, 0 %, 0 %
2026/03/24 06:04:09.407, 7, 177.20 W, 27, 120 MHz, 3996 MHz, 0 %, 0 %
2026/03/24 06:04:10.407, 0, 230.34 W, 30, 2032 MHz, 3996 MHz, 0 %, 0 %
2026/03/24 06:04:10.407, 1, 235.46 W, 32, 2032 MHz, 3996 MHz, 0 %, 0 %
2026/03/24 06:04:10.407, 2, 235.96 W, 29, 2032 MHz, 3996 MHz, 0 %, 0 %
2026/03/24 06:04:10.407, 3, 236.76 W, 32, 2032 MHz, 3996 MHz, 0 %, 0 %
2026/03/24 06:04:10.407, 4, 180.30 W, 25, 120 MHz, 3996 MHz, 0 %, 0 %
2026/03/24 06:04:10.407, 5, 182.30 W, 28, 120 MHz, 3996 MHz, 0 %, 0 %
2026/03/24 06:04:10.407, 6, 178.64 W, 26, 120 MHz, 3996 MHz, 0 %, 0 %
2026/03/24 06:04:10.407, 7, 176.81 W, 27, 120 MHz, 3996 MHz, 0 %, 0 %
2026/03/24 06:04:11.408, 0, 230.00 W, 29, 2032 MHz, 3996 MHz, 0 %, 0 %
2026/03/24 06:04:11.408, 1, 235.11 W, 31, 2032 MHz, 3996 MHz, 0 %, 0 %
2026/03/24 06:04:11.408, 2, 235.84 W, 29, 2032 MHz, 3996 MHz, 0 %, 0 %
2026/03/24 06:04:11.408, 3, 235.54 W, 32, 2032 MHz, 3996 MHz, 0 %, 0 %
2026/03/24 06:04:11.408, 4, 180.31 W, 25, 120 MHz, 3996 MHz, 0 %, 0 %
2026/03/24 06:04:11.408, 5, 182.06 W, 28, 120 MHz, 3996 MHz, 0 %, 0 %
2026/03/24 06:04:11.408, 6, 178.64 W, 26, 120 MHz, 3996 MHz, 0 %, 0 %
2026/03/24 06:04:11.408, 7, 176.90 W, 27, 120 MHz, 3996 MHz, 0 %, 0 %
2026/03/24 06:04:12.408, 0, 229.96 W, 29, 2032 MHz, 3996 MHz, 0 %, 0 %
2026/03/24 06:04:12.408, 1, 235.11 W, 31, 2032 MHz, 3996 MHz, 0 %, 0 %
2026/03/24 06:04:12.408, 2, 235.16 W, 29, 2032 MHz, 3996 MHz, 0 %, 0 %
2026/03/24 06:04:12.408, 3, 235.31 W, 32, 2032 MHz, 3996 MHz, 0 %, 0 %
2026/03/24 06:04:12.408, 4, 180.32 W, 25, 120 MHz, 3996 MHz, 0 %, 0 %
2026/03/24 06:04:12.408, 5, 182.14 W, 28, 120 MHz, 3996 MHz, 0 %, 0 %
2026/03/24 06:04:12.408, 6, 178.64 W, 26, 120 MHz, 3996 MHz, 0 %, 0 %
2026/03/24 06:04:12.408, 7, 176.93 W, 27, 120 MHz, 3996 MHz, 0 %, 0 %
2026/03/24 06:04:13.408, 0, 229.96 W, 29, 2032 MHz, 3996 MHz, 0 %, 0 %
2026/03/24 06:04:13.408, 1, 235.03 W, 31, 2032 MHz, 3996 MHz, 0 %, 0 %
2026/03/24 06:04:13.408, 2, 234.90 W, 29, 2032 MHz, 3996 MHz, 0 %, 0 %
2026/03/24 06:04:13.408, 3, 235.24 W, 32, 2032 MHz, 3996 MHz, 0 %, 0 %
2026/03/24 06:04:13.408, 4, 180.21 W, 25, 120 MHz, 3996 MHz, 0 %, 0 %
2026/03/24 06:04:13.408, 5, 182.45 W, 28, 120 MHz, 3996 MHz, 0 %, 0 %
2026/03/24 06:04:13.408, 6, 178.64 W, 26, 120 MHz, 3996 MHz, 0 %, 0 %
2026/03/24 06:04:13.408, 7, 177.12 W, 27, 120 MHz, 3996 MHz, 0 %, 0 %
2026/03/24 06:04:14.408, 0, 229.93 W, 29, 2032 MHz, 3996 MHz, 0 %, 0 %
2026/03/24 06:04:14.408, 1, 234.80 W, 31, 2032 MHz, 3996 MHz, 0 %, 0 %
2026/03/24 06:04:14.408, 2, 234.45 W, 29, 2032 MHz, 3996 MHz, 0 %, 0 %
2026/03/24 06:04:14.408, 3, 235.23 W, 32, 2032 MHz, 3996 MHz, 0 %, 0 %
2026/03/24 06:04:14.408, 4, 180.30 W, 25, 120 MHz, 3996 MHz, 0 %, 0 %
2026/03/24 06:04:14.408, 5, 182.14 W, 28, 120 MHz, 3996 MHz, 0 %, 0 %
2026/03/24 06:04:14.408, 6, 178.64 W, 26, 120 MHz, 3996 MHz, 0 %, 0 %
2026/03/24 06:04:14.408, 7, 177.36 W, 27, 120 MHz, 3996 MHz, 0 %, 0 %
2026/03/24 06:04:15.408, 0, 230.03 W, 29, 2032 MHz, 3996 MHz, 0 %, 0 %
2026/03/24 06:04:15.408, 1, 234.99 W, 31, 2032 MHz, 3996 MHz, 0 %, 0 %
2026/03/24 06:04:15.408, 2, 234.72 W, 29, 2032 MHz, 3996 MHz, 0 %, 0 %
2026/03/24 06:04:15.408, 3, 235.40 W, 32, 2032 MHz, 3996 MHz, 0 %, 0 %
2026/03/24 06:04:15.408, 4, 180.19 W, 25, 120 MHz, 3996 MHz, 0 %, 0 %
2026/03/24 06:04:15.408, 5, 182.45 W, 28, 120 MHz, 3996 MHz, 0 %, 0 %
2026/03/24 06:04:15.408, 6, 178.64 W, 26, 120 MHz, 3996 MHz, 0 %, 0 %
2026/03/24 06:04:15.408, 7, 177.20 W, 27, 120 MHz, 3996 MHz, 0 %, 0 %
2026/03/24 06:04:16.408, 0, 230.00 W, 29, 2032 MHz, 3996 MHz, 0 %, 0 %
2026/03/24 06:04:16.408, 1, 235.11 W, 31, 2032 MHz, 3996 MHz, 0 %, 0 %
2026/03/24 06:04:16.408, 2, 235.96 W, 29, 2032 MHz, 3996 MHz, 0 %, 0 %
2026/03/24 06:04:16.408, 3, 236.34 W, 31, 2032 MHz, 3996 MHz, 0 %, 0 %
2026/03/24 06:04:16.408, 4, 180.22 W, 25, 120 MHz, 3996 MHz, 0 %, 0 %
2026/03/24 06:04:16.408, 5, 182.33 W, 28, 120 MHz, 3996 MHz, 0 %, 0 %
2026/03/24 06:04:16.408, 6, 178.64 W, 26, 120 MHz, 3996 MHz, 0 %, 0 %
2026/03/24 06:04:16.408, 7, 177.30 W, 27, 120 MHz, 3996 MHz, 0 %, 0 %
2026/03/24 06:04:17.408, 0, 230.00 W, 29, 2032 MHz, 3996 MHz, 0 %, 0 %
2026/03/24 06:04:17.408, 1, 235.11 W, 31, 2032 MHz, 3996 MHz, 0 %, 0 %
2026/03/24 06:04:17.408, 2, 235.95 W, 28, 2032 MHz, 3996 MHz, 0 %, 0 %
2026/03/24 06:04:17.408, 3, 235.52 W, 31, 2032 MHz, 3996 MHz, 0 %, 0 %
2026/03/24 06:04:17.409, 4, 180.26 W, 25, 120 MHz, 3996 MHz, 0 %, 0 %
2026/03/24 06:04:17.409, 5, 182.37 W, 28, 120 MHz, 3996 MHz, 0 %, 0 %
2026/03/24 06:04:17.409, 6, 178.64 W, 26, 120 MHz, 3996 MHz, 0 %, 0 %
2026/03/24 06:04:17.409, 7, 177.01 W, 27, 120 MHz, 3996 MHz, 0 %, 0 %
2026/03/24 06:04:18.409, 0, 230.00 W, 29, 2032 MHz, 3996 MHz, 0 %, 0 %
2026/03/24 06:04:18.409, 1, 235.11 W, 31, 2032 MHz, 3996 MHz, 0 %, 0 %
2026/03/24 06:04:18.409, 2, 235.67 W, 28, 2032 MHz, 3996 MHz, 0 %, 0 %
2026/03/24 06:04:18.409, 3, 235.32 W, 31, 2032 MHz, 3996 MHz, 0 %, 0 %
2026/03/24 06:04:18.409, 4, 180.23 W, 25, 120 MHz, 3996 MHz, 0 %, 0 %
2026/03/24 06:04:18.409, 5, 182.33 W, 28, 120 MHz, 3996 MHz, 0 %, 0 %
2026/03/24 06:04:18.409, 6, 178.64 W, 26, 120 MHz, 3996 MHz, 0 %, 0 %
2026/03/24 06:04:18.409, 7, 176.93 W, 27, 120 MHz, 3996 MHz, 0 %, 0 %
2026/03/24 06:04:19.409, 0, 230.00 W, 29, 2032 MHz, 3996 MHz, 0 %, 0 %
2026/03/24 06:04:19.409, 1, 235.11 W, 31, 2032 MHz, 3996 MHz, 0 %, 0 %
2026/03/24 06:04:19.409, 2, 235.76 W, 28, 2032 MHz, 3996 MHz, 0 %, 0 %
2026/03/24 06:04:19.409, 3, 235.26 W, 31, 2032 MHz, 3996 MHz, 0 %, 0 %
2026/03/24 06:04:19.409, 4, 180.22 W, 25, 120 MHz, 3996 MHz, 0 %, 0 %
2026/03/24 06:04:19.409, 5, 182.22 W, 28, 120 MHz, 3996 MHz, 0 %, 0 %
2026/03/24 06:04:19.409, 6, 178.64 W, 26, 120 MHz, 3996 MHz, 0 %, 0 %
2026/03/24 06:04:19.409, 7, 177.17 W, 27, 120 MHz, 3996 MHz, 0 %, 0 %
2026/03/24 06:04:20.409, 0, 450.76 W, 32, 2032 MHz, 3996 MHz, 100 %, 32 %
2026/03/24 06:04:20.409, 1, 461.66 W, 34, 2032 MHz, 3996 MHz, 100 %, 32 %
2026/03/24 06:04:20.409, 2, 452.54 W, 32, 2032 MHz, 3996 MHz, 100 %, 32 %
2026/03/24 06:04:20.409, 3, 461.45 W, 35, 2032 MHz, 3996 MHz, 100 %, 32 %
2026/03/24 06:04:20.409, 4, 180.16 W, 25, 120 MHz, 3996 MHz, 0 %, 0 %
2026/03/24 06:04:20.409, 5, 182.17 W, 28, 120 MHz, 3996 MHz, 0 %, 0 %
2026/03/24 06:04:20.409, 6, 178.64 W, 26, 120 MHz, 3996 MHz, 0 %, 0 %
2026/03/24 06:04:20.409, 7, 177.15 W, 27, 120 MHz, 3996 MHz, 0 %, 0 %
2026/03/24 06:04:21.409, 0, 492.27 W, 32, 2032 MHz, 3996 MHz, 100 %, 32 %
2026/03/24 06:04:21.409, 1, 498.39 W, 35, 2032 MHz, 3996 MHz, 100 %, 33 %
2026/03/24 06:04:21.409, 2, 510.46 W, 32, 2032 MHz, 3996 MHz, 100 %, 33 %
2026/03/24 06:04:21.409, 3, 509.23 W, 35, 2032 MHz, 3996 MHz, 100 %, 33 %
2026/03/24 06:04:21.409, 4, 180.25 W, 25, 120 MHz, 3996 MHz, 0 %, 0 %
2026/03/24 06:04:21.409, 5, 182.37 W, 28, 120 MHz, 3996 MHz, 0 %, 0 %
2026/03/24 06:04:21.409, 6, 178.64 W, 26, 120 MHz, 3996 MHz, 0 %, 0 %
2026/03/24 06:04:21.409, 7, 176.86 W, 27, 120 MHz, 3996 MHz, 0 %, 0 %
2026/03/24 06:04:22.409, 0, 493.17 W, 32, 2032 MHz, 3996 MHz, 100 %, 33 %
2026/03/24 06:04:22.409, 1, 501.92 W, 35, 2032 MHz, 3996 MHz, 100 %, 33 %
2026/03/24 06:04:22.409, 2, 511.52 W, 33, 2032 MHz, 3996 MHz, 100 %, 33 %
2026/03/24 06:04:22.409, 3, 511.41 W, 35, 2032 MHz, 3996 MHz, 100 %, 33 %
2026/03/24 06:04:22.409, 4, 180.30 W, 25, 120 MHz, 3996 MHz, 0 %, 0 %
2026/03/24 06:04:22.409, 5, 182.37 W, 28, 120 MHz, 3996 MHz, 0 %, 0 %
2026/03/24 06:04:22.409, 6, 178.64 W, 26, 120 MHz, 3996 MHz, 0 %, 0 %
2026/03/24 06:04:22.409, 7, 177.19 W, 27, 120 MHz, 3996 MHz, 0 %, 0 %
2026/03/24 06:04:23.409, 0, 493.58 W, 33, 2032 MHz, 3996 MHz, 100 %, 33 %
2026/03/24 06:04:23.409, 1, 502.53 W, 35, 2032 MHz, 3996 MHz, 100 %, 33 %
2026/03/24 06:04:23.409, 2, 511.85 W, 33, 2032 MHz, 3996 MHz, 100 %, 33 %
2026/03/24 06:04:23.409, 3, 509.45 W, 36, 2032 MHz, 3996 MHz, 100 %, 33 %
2026/03/24 06:04:23.409, 4, 180.43 W, 25, 120 MHz, 3996 MHz, 0 %, 0 %
2026/03/24 06:04:23.409, 5, 182.33 W, 28, 120 MHz, 3996 MHz, 0 %, 0 %
2026/03/24 06:04:23.409, 6, 178.63 W, 26, 120 MHz, 3996 MHz, 0 %, 0 %
2026/03/24 06:04:23.409, 7, 176.93 W, 27, 120 MHz, 3996 MHz, 0 %, 0 %
2026/03/24 06:04:24.410, 0, 495.22 W, 33, 2032 MHz, 3996 MHz, 100 %, 32 %
2026/03/24 06:04:24.410, 1, 502.15 W, 35, 2032 MHz, 3996 MHz, 100 %, 33 %
2026/03/24 06:04:24.410, 2, 512.68 W, 33, 2032 MHz, 3996 MHz, 100 %, 33 %
2026/03/24 06:04:24.410, 3, 510.88 W, 36, 2032 MHz, 3996 MHz, 100 %, 33 %
2026/03/24 06:04:24.410, 4, 180.36 W, 25, 120 MHz, 3996 MHz, 0 %, 0 %
2026/03/24 06:04:24.410, 5, 182.26 W, 28, 120 MHz, 3996 MHz, 0 %, 0 %
2026/03/24 06:04:24.410, 6, 178.64 W, 26, 120 MHz, 3996 MHz, 0 %, 0 %
2026/03/24 06:04:24.410, 7, 177.05 W, 27, 120 MHz, 3996 MHz, 0 %, 0 %
2026/03/24 06:04:25.410, 0, 495.67 W, 33, 2032 MHz, 3996 MHz, 100 %, 32 %
2026/03/24 06:04:25.410, 1, 502.33 W, 35, 2032 MHz, 3996 MHz, 100 %, 32 %
2026/03/24 06:04:25.410, 2, 513.58 W, 33, 2032 MHz, 3996 MHz, 100 %, 33 %
2026/03/24 06:04:25.410, 3, 512.87 W, 36, 2032 MHz, 3996 MHz, 100 %, 33 %
2026/03/24 06:04:25.410, 4, 180.34 W, 25, 120 MHz, 3996 MHz, 0 %, 0 %
2026/03/24 06:04:25.410, 5, 182.33 W, 28, 120 MHz, 3996 MHz, 0 %, 0 %
2026/03/24 06:04:25.410, 6, 178.64 W, 26, 120 MHz, 3996 MHz, 0 %, 0 %
2026/03/24 06:04:25.410, 7, 177.27 W, 27, 120 MHz, 3996 MHz, 0 %, 0 %
2026/03/24 06:04:26.410, 0, 494.87 W, 33, 2032 MHz, 3996 MHz, 100 %, 32 %
2026/03/24 06:04:26.410, 1, 503.21 W, 35, 2032 MHz, 3996 MHz, 100 %, 33 %
2026/03/24 06:04:26.410, 2, 514.48 W, 33, 2032 MHz, 3996 MHz, 100 %, 33 %
2026/03/24 06:04:26.410, 3, 512.85 W, 36, 2032 MHz, 3996 MHz, 100 %, 33 %
2026/03/24 06:04:26.410, 4, 180.18 W, 25, 120 MHz, 3996 MHz, 0 %, 0 %
2026/03/24 06:04:26.410, 5, 182.41 W, 28, 120 MHz, 3996 MHz, 0 %, 0 %
2026/03/24 06:04:26.410, 6, 178.64 W, 26, 120 MHz, 3996 MHz, 0 %, 0 %
2026/03/24 06:04:26.410, 7, 177.48 W, 27, 120 MHz, 3996 MHz, 0 %, 0 %
2026/03/24 06:04:27.410, 0, 519.45 W, 37, 2032 MHz, 3996 MHz, 100 %, 33 %
2026/03/24 06:04:27.410, 1, 542.31 W, 35, 2032 MHz, 3996 MHz, 94 %, 35 %
2026/03/24 06:04:27.410, 2, 525.93 W, 35, 2032 MHz, 3996 MHz, 100 %, 33 %
2026/03/24 06:04:27.410, 3, 532.79 W, 36, 2032 MHz, 3996 MHz, 100 %, 33 %
2026/03/24 06:04:27.410, 4, 180.36 W, 25, 120 MHz, 3996 MHz, 0 %, 0 %
2026/03/24 06:04:27.410, 5, 182.49 W, 28, 120 MHz, 3996 MHz, 0 %, 0 %
2026/03/24 06:04:27.410, 6, 178.64 W, 26, 120 MHz, 3996 MHz, 0 %, 0 %
2026/03/24 06:04:27.410, 7, 177.28 W, 27, 120 MHz, 3996 MHz, 0 %, 0 %
2026/03/24 06:04:28.410, 0, 562.93 W, 33, 2032 MHz, 3996 MHz, 100 %, 33 %
2026/03/24 06:04:28.410, 1, 555.39 W, 36, 2032 MHz, 3996 MHz, 100 %, 33 %
2026/03/24 06:04:28.410, 2, 582.59 W, 34, 2032 MHz, 3996 MHz, 100 %, 33 %
2026/03/24 06:04:28.410, 3, 584.18 W, 36, 2032 MHz, 3996 MHz, 100 %, 33 %
2026/03/24 06:04:28.410, 4, 180.38 W, 25, 120 MHz, 3996 MHz, 0 %, 0 %
2026/03/24 06:04:28.410, 5, 182.37 W, 28, 120 MHz, 3996 MHz, 0 %, 0 %
2026/03/24 06:04:28.410, 6, 178.64 W, 26, 120 MHz, 3996 MHz, 0 %, 0 %
2026/03/24 06:04:28.410, 7, 177.15 W, 27, 120 MHz, 3996 MHz, 0 %, 0 %
2026/03/24 06:04:29.410, 0, 663.92 W, 39, 2032 MHz, 3996 MHz, 97 %, 33 %
2026/03/24 06:04:29.410, 1, 669.57 W, 42, 2032 MHz, 3996 MHz, 99 %, 42 %
2026/03/24 06:04:29.410, 2, 665.35 W, 40, 2032 MHz, 3996 MHz, 100 %, 33 %
2026/03/24 06:04:29.410, 3, 679.28 W, 43, 2032 MHz, 3996 MHz, 96 %, 38 %
2026/03/24 06:04:29.410, 4, 180.21 W, 25, 120 MHz, 3996 MHz, 0 %, 0 %
2026/03/24 06:04:29.411, 5, 182.41 W, 28, 120 MHz, 3996 MHz, 0 %, 0 %
2026/03/24 06:04:29.411, 6, 178.64 W, 26, 120 MHz, 3996 MHz, 0 %, 0 %
2026/03/24 06:04:29.411, 7, 177.19 W, 27, 120 MHz, 3996 MHz, 0 %, 0 %
2026/03/24 06:04:30.411, 0, 567.09 W, 34, 2032 MHz, 3996 MHz, 100 %, 31 %
2026/03/24 06:04:30.411, 1, 571.11 W, 36, 2032 MHz, 3996 MHz, 100 %, 32 %
2026/03/24 06:04:30.411, 2, 582.50 W, 34, 2032 MHz, 3996 MHz, 100 %, 33 %
2026/03/24 06:04:30.411, 3, 597.52 W, 37, 2032 MHz, 3996 MHz, 100 %, 33 %
2026/03/24 06:04:30.411, 4, 180.31 W, 25, 120 MHz, 3996 MHz, 0 %, 0 %
2026/03/24 06:04:30.411, 5, 182.33 W, 28, 120 MHz, 3996 MHz, 0 %, 0 %
2026/03/24 06:04:30.411, 6, 178.64 W, 26, 120 MHz, 3996 MHz, 0 %, 0 %
2026/03/24 06:04:30.411, 7, 177.15 W, 27, 120 MHz, 3996 MHz, 0 %, 0 %
2026/03/24 06:04:31.411, 0, 488.60 W, 34, 2032 MHz, 3996 MHz, 100 %, 32 %
2026/03/24 06:04:31.411, 1, 501.14 W, 36, 2032 MHz, 3996 MHz, 100 %, 32 %
2026/03/24 06:04:31.411, 2, 510.02 W, 34, 2032 MHz, 3996 MHz, 100 %, 33 %
2026/03/24 06:04:31.411, 3, 508.77 W, 37, 2032 MHz, 3996 MHz, 100 %, 33 %
2026/03/24 06:04:31.411, 4, 180.35 W, 25, 120 MHz, 3996 MHz, 0 %, 0 %
2026/03/24 06:04:31.411, 5, 182.41 W, 28, 120 MHz, 3996 MHz, 0 %, 0 %
2026/03/24 06:04:31.411, 6, 178.64 W, 26, 120 MHz, 3996 MHz, 0 %, 0 %
2026/03/24 06:04:31.411, 7, 176.96 W, 27, 120 MHz, 3996 MHz, 0 %, 0 %
2026/03/24 06:04:32.411, 0, 489.58 W, 34, 2032 MHz, 3996 MHz, 100 %, 32 %
2026/03/24 06:04:32.411, 1, 501.60 W, 36, 2032 MHz, 3996 MHz, 100 %, 32 %
2026/03/24 06:04:32.411, 2, 511.14 W, 34, 2032 MHz, 3996 MHz, 100 %, 33 %
2026/03/24 06:04:32.411, 3, 509.22 W, 37, 2032 MHz, 3996 MHz, 100 %, 32 %
2026/03/24 06:04:32.411, 4, 180.27 W, 25, 120 MHz, 3996 MHz, 0 %, 0 %
2026/03/24 06:04:32.411, 5, 182.25 W, 28, 120 MHz, 3996 MHz, 0 %, 0 %
2026/03/24 06:04:32.411, 6, 178.64 W, 26, 120 MHz, 3996 MHz, 0 %, 0 %
2026/03/24 06:04:32.411, 7, 177.43 W, 27, 120 MHz, 3996 MHz, 0 %, 0 %
2026/03/24 06:04:33.411, 0, 486.58 W, 34, 2032 MHz, 3996 MHz, 100 %, 31 %
2026/03/24 06:04:33.411, 1, 502.80 W, 36, 2032 MHz, 3996 MHz, 100 %, 32 %
2026/03/24 06:04:33.411, 2, 512.04 W, 34, 2032 MHz, 3996 MHz, 100 %, 33 %
2026/03/24 06:04:33.411, 3, 510.38 W, 37, 2032 MHz, 3996 MHz, 100 %, 32 %
2026/03/24 06:04:33.411, 4, 180.20 W, 25, 120 MHz, 3996 MHz, 0 %, 0 %
2026/03/24 06:04:33.411, 5, 182.41 W, 28, 120 MHz, 3996 MHz, 0 %, 0 %
2026/03/24 06:04:33.411, 6, 178.64 W, 26, 120 MHz, 3996 MHz, 0 %, 0 %
2026/03/24 06:04:33.411, 7, 177.19 W, 27, 120 MHz, 3996 MHz, 0 %, 0 %
2026/03/24 06:04:34.411, 0, 487.09 W, 34, 2032 MHz, 3996 MHz, 100 %, 31 %
2026/03/24 06:04:34.411, 1, 501.97 W, 36, 2032 MHz, 3996 MHz, 100 %, 33 %
2026/03/24 06:04:34.411, 2, 512.30 W, 34, 2032 MHz, 3996 MHz, 100 %, 32 %
2026/03/24 06:04:34.411, 3, 511.34 W, 37, 2032 MHz, 3996 MHz, 100 %, 33 %
2026/03/24 06:04:34.411, 4, 180.10 W, 25, 120 MHz, 3996 MHz, 0 %, 0 %
2026/03/24 06:04:34.411, 5, 182.45 W, 28, 120 MHz, 3996 MHz, 0 %, 0 %
2026/03/24 06:04:34.411, 6, 178.64 W, 26, 120 MHz, 3996 MHz, 0 %, 0 %
2026/03/24 06:04:34.411, 7, 177.08 W, 27, 120 MHz, 3996 MHz, 0 %, 0 %
2026/03/24 06:04:35.411, 0, 488.33 W, 34, 2032 MHz, 3996 MHz, 100 %, 31 %
2026/03/24 06:04:35.411, 1, 503.60 W, 36, 2032 MHz, 3996 MHz, 100 %, 32 %
2026/03/24 06:04:35.411, 2, 514.48 W, 34, 2032 MHz, 3996 MHz, 100 %, 33 %
2026/03/24 06:04:35.411, 3, 511.25 W, 37, 2032 MHz, 3996 MHz, 100 %, 33 %
2026/03/24 06:04:35.411, 4, 180.33 W, 25, 120 MHz, 3996 MHz, 0 %, 0 %
2026/03/24 06:04:35.411, 5, 182.37 W, 28, 120 MHz, 3996 MHz, 0 %, 0 %
2026/03/24 06:04:35.411, 6, 178.64 W, 26, 120 MHz, 3996 MHz, 0 %, 0 %
2026/03/24 06:04:35.411, 7, 177.16 W, 27, 120 MHz, 3996 MHz, 0 %, 0 %
2026/03/24 06:04:36.412, 0, 574.53 W, 34, 2032 MHz, 3996 MHz, 100 %, 32 %
2026/03/24 06:04:36.412, 1, 585.76 W, 37, 2032 MHz, 3996 MHz, 100 %, 33 %
2026/03/24 06:04:36.412, 2, 588.39 W, 34, 2032 MHz, 3996 MHz, 100 %, 33 %
2026/03/24 06:04:36.412, 3, 590.39 W, 37, 2032 MHz, 3996 MHz, 100 %, 32 %
2026/03/24 06:04:36.412, 4, 180.19 W, 25, 120 MHz, 3996 MHz, 0 %, 0 %
2026/03/24 06:04:36.412, 5, 182.45 W, 28, 120 MHz, 3996 MHz, 0 %, 0 %
2026/03/24 06:04:36.412, 6, 178.64 W, 26, 120 MHz, 3996 MHz, 0 %, 0 %
2026/03/24 06:04:36.412, 7, 177.24 W, 27, 120 MHz, 3996 MHz, 0 %, 0 %
2026/03/24 06:04:37.412, 0, 576.52 W, 34, 2032 MHz, 3996 MHz, 100 %, 32 %
2026/03/24 06:04:37.412, 1, 585.73 W, 37, 2032 MHz, 3996 MHz, 100 %, 33 %
2026/03/24 06:04:37.412, 2, 599.09 W, 35, 2032 MHz, 3996 MHz, 100 %, 33 %
2026/03/24 06:04:37.412, 3, 596.47 W, 38, 2032 MHz, 3996 MHz, 100 %, 33 %
2026/03/24 06:04:37.412, 4, 180.33 W, 25, 120 MHz, 3996 MHz, 0 %, 0 %
2026/03/24 06:04:37.412, 5, 182.33 W, 28, 120 MHz, 3996 MHz, 0 %, 0 %
2026/03/24 06:04:37.412, 6, 178.64 W, 26, 120 MHz, 3996 MHz, 0 %, 0 %
2026/03/24 06:04:37.412, 7, 176.82 W, 27, 120 MHz, 3996 MHz, 0 %, 0 %
2026/03/24 06:04:38.412, 0, 493.65 W, 34, 2032 MHz, 3996 MHz, 100 %, 32 %
2026/03/24 06:04:38.412, 1, 507.60 W, 37, 2032 MHz, 3996 MHz, 100 %, 33 %
2026/03/24 06:04:38.412, 2, 515.87 W, 34, 2032 MHz, 3996 MHz, 100 %, 33 %
2026/03/24 06:04:38.412, 3, 515.79 W, 37, 2032 MHz, 3996 MHz, 100 %, 33 %
2026/03/24 06:04:38.412, 4, 180.30 W, 25, 120 MHz, 3996 MHz, 0 %, 0 %
2026/03/24 06:04:38.412, 5, 182.41 W, 28, 120 MHz, 3996 MHz, 0 %, 0 %
2026/03/24 06:04:38.412, 6, 178.64 W, 26, 120 MHz, 3996 MHz, 0 %, 0 %
2026/03/24 06:04:38.412, 7, 177.08 W, 27, 120 MHz, 3996 MHz, 0 %, 0 %
2026/03/24 06:04:39.412, 0, 660.91 W, 35, 2032 MHz, 3996 MHz, 100 %, 35 %
2026/03/24 06:04:39.412, 1, 660.23 W, 38, 2032 MHz, 3996 MHz, 100 %, 32 %
2026/03/24 06:04:39.412, 2, 674.98 W, 36, 2032 MHz, 3996 MHz, 100 %, 38 %
2026/03/24 06:04:39.412, 3, 676.96 W, 39, 2032 MHz, 3996 MHz, 100 %, 33 %
2026/03/24 06:04:39.412, 4, 180.13 W, 25, 120 MHz, 3996 MHz, 0 %, 0 %
2026/03/24 06:04:39.412, 5, 182.45 W, 28, 120 MHz, 3996 MHz, 0 %, 0 %
2026/03/24 06:04:39.412, 6, 178.64 W, 26, 120 MHz, 3996 MHz, 0 %, 0 %
2026/03/24 06:04:39.412, 7, 177.08 W, 27, 120 MHz, 3996 MHz, 0 %, 0 %
2026/03/24 06:04:40.412, 0, 497.61 W, 34, 2032 MHz, 3996 MHz, 100 %, 33 %
2026/03/24 06:04:40.412, 1, 504.82 W, 37, 2032 MHz, 3996 MHz, 100 %, 33 %
2026/03/24 06:04:40.412, 2, 512.51 W, 35, 2032 MHz, 3996 MHz, 100 %, 33 %
2026/03/24 06:04:40.412, 3, 514.74 W, 38, 2032 MHz, 3996 MHz, 100 %, 33 %
2026/03/24 06:04:40.412, 4, 180.34 W, 25, 120 MHz, 3996 MHz, 0 %, 0 %
2026/03/24 06:04:40.412, 5, 182.49 W, 28, 120 MHz, 3996 MHz, 0 %, 0 %
2026/03/24 06:04:40.412, 6, 178.64 W, 26, 120 MHz, 3996 MHz, 0 %, 0 %
2026/03/24 06:04:40.412, 7, 177.24 W, 27, 120 MHz, 3996 MHz, 0 %, 0 %
2026/03/24 06:04:41.412, 0, 495.99 W, 34, 2032 MHz, 3996 MHz, 100 %, 32 %
2026/03/24 06:04:41.412, 1, 506.78 W, 37, 2032 MHz, 3996 MHz, 100 %, 33 %
2026/03/24 06:04:41.412, 2, 513.99 W, 35, 2032 MHz, 3996 MHz, 100 %, 33 %
2026/03/24 06:04:41.412, 3, 518.27 W, 38, 2032 MHz, 3996 MHz, 100 %, 33 %
2026/03/24 06:04:41.412, 4, 180.32 W, 25, 120 MHz, 3996 MHz, 0 %, 0 %
2026/03/24 06:04:41.412, 5, 182.29 W, 28, 120 MHz, 3996 MHz, 0 %, 0 %
2026/03/24 06:04:41.412, 6, 178.64 W, 26, 120 MHz, 3996 MHz, 0 %, 0 %
2026/03/24 06:04:41.412, 7, 177.16 W, 27, 120 MHz, 3996 MHz, 0 %, 0 %
2026/03/24 06:04:42.412, 0, 497.29 W, 34, 2032 MHz, 3996 MHz, 100 %, 32 %
2026/03/24 06:04:42.412, 1, 506.44 W, 37, 2032 MHz, 3996 MHz, 100 %, 33 %
2026/03/24 06:04:42.412, 2, 514.78 W, 35, 2032 MHz, 3996 MHz, 100 %, 33 %
2026/03/24 06:04:42.413, 3, 517.69 W, 38, 2032 MHz, 3996 MHz, 100 %, 33 %
2026/03/24 06:04:42.413, 4, 180.35 W, 25, 120 MHz, 3996 MHz, 0 %, 0 %
2026/03/24 06:04:42.413, 5, 182.52 W, 28, 120 MHz, 3996 MHz, 0 %, 0 %
2026/03/24 06:04:42.413, 6, 178.64 W, 26, 120 MHz, 3996 MHz, 0 %, 0 %
2026/03/24 06:04:42.413, 7, 177.08 W, 27, 120 MHz, 3996 MHz, 0 %, 0 %
2026/03/24 06:04:43.413, 0, 496.79 W, 34, 2032 MHz, 3996 MHz, 100 %, 32 %
2026/03/24 06:04:43.413, 1, 507.95 W, 37, 2032 MHz, 3996 MHz, 100 %, 33 %
2026/03/24 06:04:43.413, 2, 516.08 W, 35, 2032 MHz, 3996 MHz, 100 %, 33 %
2026/03/24 06:04:43.413, 3, 519.51 W, 38, 2032 MHz, 3996 MHz, 100 %, 33 %
2026/03/24 06:04:43.413, 4, 180.25 W, 25, 120 MHz, 3996 MHz, 0 %, 0 %
2026/03/24 06:04:43.413, 5, 182.41 W, 28, 120 MHz, 3996 MHz, 0 %, 0 %
2026/03/24 06:04:43.413, 6, 178.64 W, 26, 120 MHz, 3996 MHz, 0 %, 0 %
2026/03/24 06:04:43.413, 7, 177.24 W, 27, 120 MHz, 3996 MHz, 0 %, 0 %
2026/03/24 06:04:44.413, 0, 497.58 W, 34, 2032 MHz, 3996 MHz, 100 %, 32 %
2026/03/24 06:04:44.413, 1, 509.82 W, 37, 2032 MHz, 3996 MHz, 100 %, 33 %
2026/03/24 06:04:44.413, 2, 516.51 W, 35, 2032 MHz, 3996 MHz, 100 %, 33 %
2026/03/24 06:04:44.413, 3, 518.09 W, 38, 2032 MHz, 3996 MHz, 100 %, 33 %
2026/03/24 06:04:44.413, 4, 180.42 W, 25, 120 MHz, 3996 MHz, 0 %, 0 %
2026/03/24 06:04:44.413, 5, 182.45 W, 28, 120 MHz, 3996 MHz, 0 %, 0 %
2026/03/24 06:04:44.413, 6, 178.64 W, 26, 120 MHz, 3996 MHz, 0 %, 0 %
2026/03/24 06:04:44.413, 7, 177.24 W, 27, 120 MHz, 3996 MHz, 0 %, 0 %
2026/03/24 06:04:45.413, 0, 584.00 W, 35, 2032 MHz, 3996 MHz, 100 %, 32 %
2026/03/24 06:04:45.413, 1, 593.11 W, 37, 2032 MHz, 3996 MHz, 100 %, 32 %
2026/03/24 06:04:45.413, 2, 599.67 W, 35, 2032 MHz, 3996 MHz, 100 %, 33 %
2026/03/24 06:04:45.413, 3, 601.51 W, 39, 2032 MHz, 3996 MHz, 100 %, 33 %
2026/03/24 06:04:45.413, 4, 180.31 W, 25, 120 MHz, 3996 MHz, 0 %, 0 %
2026/03/24 06:04:45.413, 5, 182.37 W, 28, 120 MHz, 3996 MHz, 0 %, 0 %
2026/03/24 06:04:45.413, 6, 178.64 W, 26, 120 MHz, 3996 MHz, 0 %, 0 %
2026/03/24 06:04:45.413, 7, 177.23 W, 27, 120 MHz, 3996 MHz, 0 %, 0 %
2026/03/24 06:04:46.413, 0, 496.76 W, 35, 2032 MHz, 3996 MHz, 100 %, 32 %
2026/03/24 06:04:46.413, 1, 504.96 W, 39, 2032 MHz, 3996 MHz, 100 %, 33 %
2026/03/24 06:04:46.413, 2, 517.49 W, 35, 2032 MHz, 3996 MHz, 100 %, 33 %
2026/03/24 06:04:46.413, 3, 516.51 W, 38, 2032 MHz, 3996 MHz, 100 %, 33 %
2026/03/24 06:04:46.413, 4, 180.45 W, 25, 120 MHz, 3996 MHz, 0 %, 0 %
2026/03/24 06:04:46.413, 5, 182.33 W, 28, 120 MHz, 3996 MHz, 0 %, 0 %
2026/03/24 06:04:46.413, 6, 178.64 W, 26, 120 MHz, 3996 MHz, 0 %, 0 %
2026/03/24 06:04:46.413, 7, 177.09 W, 27, 120 MHz, 3996 MHz, 0 %, 0 %
2026/03/24 06:04:47.413, 0, 579.03 W, 38, 2032 MHz, 3996 MHz, 100 %, 32 %
2026/03/24 06:04:47.413, 1, 603.29 W, 42, 2032 MHz, 3996 MHz, 98 %, 34 %
2026/03/24 06:04:47.413, 2, 591.68 W, 35, 2032 MHz, 3996 MHz, 100 %, 32 %
2026/03/24 06:04:47.413, 3, 605.05 W, 43, 2032 MHz, 3996 MHz, 98 %, 35 %
2026/03/24 06:04:47.413, 4, 180.28 W, 25, 120 MHz, 3996 MHz, 0 %, 0 %
2026/03/24 06:04:47.413, 5, 182.41 W, 28, 120 MHz, 3996 MHz, 0 %, 0 %
2026/03/24 06:04:47.413, 6, 178.64 W, 26, 120 MHz, 3996 MHz, 0 %, 0 %
2026/03/24 06:04:47.413, 7, 177.34 W, 27, 120 MHz, 3996 MHz, 0 %, 0 %
2026/03/24 06:04:48.413, 0, 570.09 W, 35, 2032 MHz, 3996 MHz, 100 %, 31 %
2026/03/24 06:04:48.413, 1, 562.15 W, 37, 2032 MHz, 3996 MHz, 100 %, 32 %
2026/03/24 06:04:48.413, 2, 589.30 W, 35, 2032 MHz, 3996 MHz, 100 %, 33 %
2026/03/24 06:04:48.413, 3, 575.28 W, 38, 2032 MHz, 3996 MHz, 100 %, 33 %
2026/03/24 06:04:48.413, 4, 180.23 W, 25, 120 MHz, 3996 MHz, 0 %, 0 %
2026/03/24 06:04:48.413, 5, 182.33 W, 28, 120 MHz, 3996 MHz, 0 %, 0 %
2026/03/24 06:04:48.413, 6, 178.64 W, 26, 120 MHz, 3996 MHz, 0 %, 0 %
2026/03/24 06:04:48.413, 7, 177.09 W, 27, 120 MHz, 3996 MHz, 0 %, 0 %
2026/03/24 06:04:49.414, 0, 574.53 W, 35, 2032 MHz, 3996 MHz, 100 %, 31 %
2026/03/24 06:04:49.414, 1, 584.34 W, 37, 2032 MHz, 3996 MHz, 100 %, 32 %
2026/03/24 06:04:49.414, 2, 595.99 W, 35, 2032 MHz, 3996 MHz, 100 %, 32 %
2026/03/24 06:04:49.414, 3, 595.55 W, 38, 2032 MHz, 3996 MHz, 100 %, 32 %
2026/03/24 06:04:49.414, 4, 180.36 W, 25, 120 MHz, 3996 MHz, 0 %, 0 %
2026/03/24 06:04:49.414, 5, 182.41 W, 28, 120 MHz, 3996 MHz, 0 %, 0 %
2026/03/24 06:04:49.414, 6, 178.64 W, 26, 120 MHz, 3996 MHz, 0 %, 0 %
2026/03/24 06:04:49.414, 7, 177.24 W, 27, 120 MHz, 3996 MHz, 0 %, 0 %
2026/03/24 06:04:50.414, 0, 491.36 W, 35, 2032 MHz, 3996 MHz, 100 %, 32 %
2026/03/24 06:04:50.414, 1, 501.85 W, 37, 2032 MHz, 3996 MHz, 100 %, 32 %
2026/03/24 06:04:50.414, 2, 511.55 W, 35, 2032 MHz, 3996 MHz, 100 %, 32 %
2026/03/24 06:04:50.414, 3, 510.86 W, 38, 2032 MHz, 3996 MHz, 100 %, 32 %
2026/03/24 06:04:50.414, 4, 180.32 W, 25, 120 MHz, 3996 MHz, 0 %, 0 %
2026/03/24 06:04:50.414, 5, 182.26 W, 28, 120 MHz, 3996 MHz, 0 %, 0 %
2026/03/24 06:04:50.414, 6, 178.64 W, 26, 120 MHz, 3996 MHz, 0 %, 0 %
2026/03/24 06:04:50.414, 7, 177.13 W, 27, 120 MHz, 3996 MHz, 0 %, 0 %
2026/03/24 06:04:51.414, 0, 491.87 W, 35, 2032 MHz, 3996 MHz, 100 %, 31 %
2026/03/24 06:04:51.414, 1, 505.22 W, 37, 2032 MHz, 3996 MHz, 100 %, 33 %
2026/03/24 06:04:51.414, 2, 512.96 W, 35, 2032 MHz, 3996 MHz, 100 %, 33 %
2026/03/24 06:04:51.414, 3, 510.62 W, 38, 2032 MHz, 3996 MHz, 100 %, 32 %
2026/03/24 06:04:51.414, 4, 180.41 W, 25, 120 MHz, 3996 MHz, 0 %, 0 %
2026/03/24 06:04:51.414, 5, 182.45 W, 28, 120 MHz, 3996 MHz, 0 %, 0 %
2026/03/24 06:04:51.414, 6, 178.64 W, 26, 120 MHz, 3996 MHz, 0 %, 0 %
2026/03/24 06:04:51.414, 7, 177.11 W, 27, 120 MHz, 3996 MHz, 0 %, 0 %
2026/03/24 06:04:52.414, 0, 491.91 W, 35, 2032 MHz, 3996 MHz, 100 %, 31 %
2026/03/24 06:04:52.414, 1, 505.24 W, 37, 2032 MHz, 3996 MHz, 100 %, 32 %
2026/03/24 06:04:52.414, 2, 513.54 W, 35, 2032 MHz, 3996 MHz, 100 %, 32 %
2026/03/24 06:04:52.414, 3, 510.43 W, 38, 2032 MHz, 3996 MHz, 100 %, 32 %
2026/03/24 06:04:52.414, 4, 180.45 W, 25, 120 MHz, 3996 MHz, 0 %, 0 %
2026/03/24 06:04:52.414, 5, 182.33 W, 28, 120 MHz, 3996 MHz, 0 %, 0 %
2026/03/24 06:04:52.414, 6, 178.64 W, 26, 120 MHz, 3996 MHz, 0 %, 0 %
2026/03/24 06:04:52.414, 7, 177.57 W, 27, 120 MHz, 3996 MHz, 0 %, 0 %
2026/03/24 06:04:53.414, 0, 574.30 W, 36, 2032 MHz, 3996 MHz, 100 %, 32 %
2026/03/24 06:04:53.414, 1, 584.15 W, 38, 2032 MHz, 3996 MHz, 100 %, 34 %
2026/03/24 06:04:53.414, 2, 583.99 W, 36, 2032 MHz, 3996 MHz, 100 %, 33 %
2026/03/24 06:04:53.414, 3, 590.52 W, 39, 2032 MHz, 3996 MHz, 100 %, 33 %
2026/03/24 06:04:53.414, 4, 180.47 W, 25, 120 MHz, 3996 MHz, 0 %, 0 %
2026/03/24 06:04:53.414, 5, 182.49 W, 28, 120 MHz, 3996 MHz, 0 %, 0 %
2026/03/24 06:04:53.414, 6, 178.64 W, 26, 120 MHz, 3996 MHz, 0 %, 0 %
2026/03/24 06:04:53.414, 7, 177.28 W, 27, 120 MHz, 3996 MHz, 0 %, 0 %
2026/03/24 06:04:54.414, 0, 495.07 W, 35, 2032 MHz, 3996 MHz, 100 %, 32 %
2026/03/24 06:04:54.414, 1, 508.02 W, 38, 2032 MHz, 3996 MHz, 100 %, 33 %
2026/03/24 06:04:54.414, 2, 513.98 W, 35, 2032 MHz, 3996 MHz, 100 %, 33 %
2026/03/24 06:04:54.414, 3, 513.43 W, 38, 2032 MHz, 3996 MHz, 100 %, 32 %
2026/03/24 06:04:54.414, 4, 180.23 W, 25, 120 MHz, 3996 MHz, 0 %, 0 %
2026/03/24 06:04:54.414, 5, 182.45 W, 28, 120 MHz, 3996 MHz, 0 %, 0 %
2026/03/24 06:04:54.414, 6, 178.64 W, 26, 120 MHz, 3996 MHz, 0 %, 0 %
2026/03/24 06:04:54.414, 7, 177.08 W, 27, 120 MHz, 3996 MHz, 0 %, 0 %
2026/03/24 06:04:55.414, 0, 570.15 W, 35, 2032 MHz, 3996 MHz, 100 %, 33 %
2026/03/24 06:04:55.414, 1, 578.91 W, 38, 2032 MHz, 3996 MHz, 100 %, 33 %
2026/03/24 06:04:55.415, 2, 582.78 W, 35, 2032 MHz, 3996 MHz, 100 %, 33 %
2026/03/24 06:04:55.415, 3, 586.19 W, 39, 2032 MHz, 3996 MHz, 100 %, 33 %
2026/03/24 06:04:55.415, 4, 180.42 W, 25, 120 MHz, 3996 MHz, 0 %, 0 %
2026/03/24 06:04:55.415, 5, 182.45 W, 28, 120 MHz, 3996 MHz, 0 %, 0 %
2026/03/24 06:04:55.415, 6, 178.64 W, 26, 120 MHz, 3996 MHz, 0 %, 0 %
2026/03/24 06:04:55.415, 7, 177.15 W, 27, 120 MHz, 3996 MHz, 0 %, 0 %
2026/03/24 06:04:56.415, 0, 505.53 W, 37, 2032 MHz, 3996 MHz, 100 %, 32 %
2026/03/24 06:04:56.415, 1, 528.70 W, 42, 2032 MHz, 3996 MHz, 98 %, 34 %
2026/03/24 06:04:56.415, 2, 521.50 W, 35, 2032 MHz, 3996 MHz, 100 %, 33 %
2026/03/24 06:04:56.415, 3, 526.13 W, 43, 2032 MHz, 3996 MHz, 97 %, 34 %
2026/03/24 06:04:56.415, 4, 180.47 W, 25, 120 MHz, 3996 MHz, 0 %, 0 %
2026/03/24 06:04:56.415, 5, 182.45 W, 28, 120 MHz, 3996 MHz, 0 %, 0 %
2026/03/24 06:04:56.415, 6, 178.64 W, 26, 120 MHz, 3996 MHz, 0 %, 0 %
2026/03/24 06:04:56.415, 7, 177.19 W, 27, 120 MHz, 3996 MHz, 0 %, 0 %
2026/03/24 06:04:57.415, 0, 573.55 W, 35, 2032 MHz, 3996 MHz, 100 %, 33 %
2026/03/24 06:04:57.415, 1, 569.95 W, 38, 2032 MHz, 3996 MHz, 100 %, 34 %
2026/03/24 06:04:57.415, 2, 584.74 W, 35, 2032 MHz, 3996 MHz, 100 %, 33 %
2026/03/24 06:04:57.415, 3, 578.84 W, 39, 2032 MHz, 3996 MHz, 100 %, 32 %
2026/03/24 06:04:57.415, 4, 180.45 W, 25, 120 MHz, 3996 MHz, 0 %, 0 %
2026/03/24 06:04:57.415, 5, 182.33 W, 28, 120 MHz, 3996 MHz, 0 %, 0 %
2026/03/24 06:04:57.415, 6, 178.64 W, 26, 120 MHz, 3996 MHz, 0 %, 0 %
2026/03/24 06:04:57.415, 7, 177.31 W, 27, 120 MHz, 3996 MHz, 0 %, 0 %
2026/03/24 06:04:58.415, 0, 585.99 W, 35, 2032 MHz, 3996 MHz, 100 %, 33 %
2026/03/24 06:04:58.415, 1, 592.28 W, 38, 2032 MHz, 3996 MHz, 100 %, 34 %
2026/03/24 06:04:58.415, 2, 598.92 W, 36, 2032 MHz, 3996 MHz, 100 %, 33 %
2026/03/24 06:04:58.415, 3, 598.97 W, 39, 2032 MHz, 3996 MHz, 100 %, 33 %
2026/03/24 06:04:58.415, 4, 180.34 W, 25, 120 MHz, 3996 MHz, 0 %, 0 %
2026/03/24 06:04:58.415, 5, 182.52 W, 28, 120 MHz, 3996 MHz, 0 %, 0 %
2026/03/24 06:04:58.415, 6, 178.64 W, 26, 120 MHz, 3996 MHz, 0 %, 0 %
2026/03/24 06:04:58.415, 7, 177.24 W, 27, 120 MHz, 3996 MHz, 0 %, 0 %
2026/03/24 06:04:59.415, 0, 500.45 W, 35, 2032 MHz, 3996 MHz, 100 %, 33 %
2026/03/24 06:04:59.415, 1, 508.68 W, 38, 2032 MHz, 3996 MHz, 100 %, 33 %
2026/03/24 06:04:59.415, 2, 515.23 W, 35, 2032 MHz, 3996 MHz, 100 %, 33 %
2026/03/24 06:04:59.415, 3, 518.98 W, 39, 2032 MHz, 3996 MHz, 100 %, 34 %
2026/03/24 06:04:59.415, 4, 180.24 W, 25, 120 MHz, 3996 MHz, 0 %, 0 %
2026/03/24 06:04:59.415, 5, 182.41 W, 28, 120 MHz, 3996 MHz, 0 %, 0 %
2026/03/24 06:04:59.415, 6, 178.64 W, 26, 120 MHz, 3996 MHz, 0 %, 0 %
2026/03/24 06:04:59.415, 7, 177.23 W, 27, 120 MHz, 3996 MHz, 0 %, 0 %
2026/03/24 06:05:00.415, 0, 500.05 W, 35, 2032 MHz, 3996 MHz, 100 %, 34 %
2026/03/24 06:05:00.415, 1, 509.54 W, 38, 2032 MHz, 3996 MHz, 100 %, 33 %
2026/03/24 06:05:00.415, 2, 513.56 W, 35, 2032 MHz, 3996 MHz, 100 %, 32 %
2026/03/24 06:05:00.415, 3, 519.68 W, 39, 2032 MHz, 3996 MHz, 100 %, 33 %
2026/03/24 06:05:00.415, 4, 180.34 W, 25, 120 MHz, 3996 MHz, 0 %, 0 %
2026/03/24 06:05:00.415, 5, 182.49 W, 28, 120 MHz, 3996 MHz, 0 %, 0 %
2026/03/24 06:05:00.415, 6, 178.64 W, 26, 120 MHz, 3996 MHz, 0 %, 0 %
2026/03/24 06:05:00.415, 7, 177.17 W, 27, 120 MHz, 3996 MHz, 0 %, 0 %
2026/03/24 06:05:01.415, 0, 500.49 W, 35, 2032 MHz, 3996 MHz, 100 %, 33 %
2026/03/24 06:05:01.415, 1, 511.58 W, 38, 2032 MHz, 3996 MHz, 100 %, 33 %
2026/03/24 06:05:01.415, 2, 516.03 W, 35, 2032 MHz, 3996 MHz, 100 %, 33 %
2026/03/24 06:05:01.415, 3, 518.50 W, 39, 2032 MHz, 3996 MHz, 100 %, 33 %
2026/03/24 06:05:01.415, 4, 180.45 W, 25, 120 MHz, 3996 MHz, 0 %, 0 %
2026/03/24 06:05:01.415, 5, 182.41 W, 28, 120 MHz, 3996 MHz, 0 %, 0 %
2026/03/24 06:05:01.415, 6, 178.64 W, 26, 120 MHz, 3996 MHz, 0 %, 0 %
2026/03/24 06:05:01.415, 7, 177.21 W, 27, 120 MHz, 3996 MHz, 0 %, 0 %
2026/03/24 06:05:02.416, 0, 525.33 W, 39, 2032 MHz, 3996 MHz, 100 %, 33 %
2026/03/24 06:05:02.416, 1, 550.22 W, 43, 2032 MHz, 3996 MHz, 98 %, 36 %
2026/03/24 06:05:02.416, 2, 539.97 W, 38, 2032 MHz, 3996 MHz, 100 %, 33 %
2026/03/24 06:05:02.416, 3, 551.86 W, 44, 2032 MHz, 3996 MHz, 96 %, 37 %
2026/03/24 06:05:02.416, 4, 180.38 W, 25, 120 MHz, 3996 MHz, 0 %, 0 %
2026/03/24 06:05:02.416, 5, 182.49 W, 28, 120 MHz, 3996 MHz, 0 %, 0 %
2026/03/24 06:05:02.416, 6, 178.64 W, 26, 120 MHz, 3996 MHz, 0 %, 0 %
2026/03/24 06:05:02.416, 7, 177.27 W, 27, 120 MHz, 3996 MHz, 0 %, 0 %
2026/03/24 06:05:03.416, 0, 631.31 W, 36, 2032 MHz, 3996 MHz, 100 %, 32 %
2026/03/24 06:05:03.416, 1, 622.11 W, 39, 2032 MHz, 3996 MHz, 100 %, 32 %
2026/03/24 06:05:03.416, 2, 651.84 W, 37, 2032 MHz, 3996 MHz, 100 %, 33 %
2026/03/24 06:05:03.416, 3, 646.65 W, 40, 2032 MHz, 3996 MHz, 100 %, 33 %
2026/03/24 06:05:03.416, 4, 180.31 W, 25, 120 MHz, 3996 MHz, 0 %, 0 %
2026/03/24 06:05:03.416, 5, 182.49 W, 28, 120 MHz, 3996 MHz, 0 %, 0 %
2026/03/24 06:05:03.416, 6, 178.64 W, 26, 120 MHz, 3996 MHz, 0 %, 0 %
2026/03/24 06:05:03.416, 7, 176.97 W, 27, 120 MHz, 3996 MHz, 0 %, 0 %
2026/03/24 06:05:04.416, 0, 495.46 W, 35, 2032 MHz, 3996 MHz, 100 %, 32 %
2026/03/24 06:05:04.416, 1, 503.60 W, 38, 2032 MHz, 3996 MHz, 100 %, 32 %
2026/03/24 06:05:04.416, 2, 514.15 W, 36, 2032 MHz, 3996 MHz, 100 %, 33 %
2026/03/24 06:05:04.416, 3, 516.43 W, 39, 2032 MHz, 3996 MHz, 100 %, 33 %
2026/03/24 06:05:04.416, 4, 180.36 W, 25, 120 MHz, 3996 MHz, 0 %, 0 %
2026/03/24 06:05:04.416, 5, 182.45 W, 28, 120 MHz, 3996 MHz, 0 %, 0 %
2026/03/24 06:05:04.416, 6, 178.64 W, 26, 120 MHz, 3996 MHz, 0 %, 0 %
2026/03/24 06:05:04.416, 7, 177.21 W, 27, 120 MHz, 3996 MHz, 0 %, 0 %
2026/03/24 06:05:05.416, 0, 493.57 W, 35, 2032 MHz, 3996 MHz, 100 %, 32 %
2026/03/24 06:05:05.416, 1, 506.63 W, 38, 2032 MHz, 3996 MHz, 100 %, 33 %
2026/03/24 06:05:05.416, 2, 513.24 W, 36, 2032 MHz, 3996 MHz, 100 %, 33 %
2026/03/24 06:05:05.416, 3, 516.80 W, 39, 2032 MHz, 3996 MHz, 100 %, 34 %
2026/03/24 06:05:05.416, 4, 180.39 W, 25, 120 MHz, 3996 MHz, 0 %, 0 %
2026/03/24 06:05:05.416, 5, 182.41 W, 28, 120 MHz, 3996 MHz, 0 %, 0 %
2026/03/24 06:05:05.416, 6, 178.64 W, 26, 120 MHz, 3996 MHz, 0 %, 0 %
2026/03/24 06:05:05.416, 7, 177.00 W, 27, 120 MHz, 3996 MHz, 0 %, 0 %
2026/03/24 06:05:06.416, 0, 639.61 W, 36, 2032 MHz, 3996 MHz, 100 %, 31 %
2026/03/24 06:05:06.416, 1, 655.90 W, 39, 2032 MHz, 3996 MHz, 100 %, 33 %
2026/03/24 06:05:06.416, 2, 662.30 W, 36, 2032 MHz, 3996 MHz, 100 %, 32 %
2026/03/24 06:05:06.416, 3, 668.29 W, 39, 2032 MHz, 3996 MHz, 100 %, 32 %
2026/03/24 06:05:06.416, 4, 180.43 W, 25, 120 MHz, 3996 MHz, 0 %, 0 %
2026/03/24 06:05:06.416, 5, 182.37 W, 28, 120 MHz, 3996 MHz, 0 %, 0 %
2026/03/24 06:05:06.416, 6, 178.64 W, 26, 120 MHz, 3996 MHz, 0 %, 0 %
2026/03/24 06:05:06.416, 7, 177.23 W, 27, 120 MHz, 3996 MHz, 0 %, 0 %
2026/03/24 06:05:07.416, 0, 487.42 W, 35, 2032 MHz, 3996 MHz, 100 %, 31 %
2026/03/24 06:05:07.416, 1, 501.94 W, 38, 2032 MHz, 3996 MHz, 100 %, 32 %
2026/03/24 06:05:07.416, 2, 506.70 W, 36, 2032 MHz, 3996 MHz, 100 %, 32 %
2026/03/24 06:05:07.416, 3, 508.94 W, 39, 2032 MHz, 3996 MHz, 100 %, 32 %
2026/03/24 06:05:07.416, 4, 180.37 W, 25, 120 MHz, 3996 MHz, 0 %, 0 %
2026/03/24 06:05:07.416, 5, 182.37 W, 28, 120 MHz, 3996 MHz, 0 %, 0 %
2026/03/24 06:05:07.416, 6, 178.64 W, 26, 120 MHz, 3996 MHz, 0 %, 0 %
2026/03/24 06:05:07.416, 7, 177.32 W, 27, 120 MHz, 3996 MHz, 0 %, 0 %
2026/03/24 06:05:08.416, 0, 487.85 W, 35, 2032 MHz, 3996 MHz, 100 %, 32 %
2026/03/24 06:05:08.416, 1, 502.28 W, 38, 2032 MHz, 3996 MHz, 100 %, 32 %
2026/03/24 06:05:08.417, 2, 505.83 W, 36, 2032 MHz, 3996 MHz, 100 %, 32 %
2026/03/24 06:05:08.417, 3, 509.17 W, 39, 2032 MHz, 3996 MHz, 100 %, 32 %
2026/03/24 06:05:08.417, 4, 180.41 W, 25, 120 MHz, 3996 MHz, 0 %, 0 %
2026/03/24 06:05:08.417, 5, 182.41 W, 28, 120 MHz, 3996 MHz, 0 %, 0 %
2026/03/24 06:05:08.417, 6, 178.64 W, 26, 120 MHz, 3996 MHz, 0 %, 0 %
2026/03/24 06:05:08.417, 7, 177.23 W, 27, 120 MHz, 3996 MHz, 0 %, 0 %
2026/03/24 06:05:09.417, 0, 487.50 W, 35, 2032 MHz, 3996 MHz, 100 %, 31 %
2026/03/24 06:05:09.417, 1, 502.10 W, 38, 2032 MHz, 3996 MHz, 100 %, 32 %
2026/03/24 06:05:09.417, 2, 507.00 W, 36, 2032 MHz, 3996 MHz, 100 %, 32 %
2026/03/24 06:05:09.417, 3, 509.63 W, 39, 2032 MHz, 3996 MHz, 100 %, 32 %
2026/03/24 06:05:09.417, 4, 180.44 W, 25, 120 MHz, 3996 MHz, 0 %, 0 %
2026/03/24 06:05:09.417, 5, 182.45 W, 28, 120 MHz, 3996 MHz, 0 %, 0 %
2026/03/24 06:05:09.417, 6, 178.64 W, 26, 120 MHz, 3996 MHz, 0 %, 0 %
2026/03/24 06:05:09.417, 7, 177.11 W, 27, 120 MHz, 3996 MHz, 0 %, 0 %
2026/03/24 06:05:10.417, 0, 561.51 W, 42, 2032 MHz, 3996 MHz, 98 %, 41 %
2026/03/24 06:05:10.417, 1, 583.26 W, 41, 2032 MHz, 3996 MHz, 99 %, 43 %
2026/03/24 06:05:10.417, 2, 574.60 W, 41, 2032 MHz, 3996 MHz, 100 %, 31 %
2026/03/24 06:05:10.417, 3, 591.86 W, 43, 2032 MHz, 3996 MHz, 99 %, 43 %
2026/03/24 06:05:10.417, 4, 180.33 W, 25, 120 MHz, 3996 MHz, 0 %, 0 %
2026/03/24 06:05:10.417, 5, 182.41 W, 28, 120 MHz, 3996 MHz, 0 %, 0 %
2026/03/24 06:05:10.417, 6, 178.64 W, 26, 120 MHz, 3996 MHz, 0 %, 0 %
2026/03/24 06:05:10.417, 7, 177.13 W, 27, 120 MHz, 3996 MHz, 0 %, 0 %
2026/03/24 06:05:11.417, 0, 504.72 W, 35, 2032 MHz, 3996 MHz, 100 %, 31 %
2026/03/24 06:05:11.417, 1, 508.90 W, 40, 2032 MHz, 3996 MHz, 100 %, 32 %
2026/03/24 06:05:11.417, 2, 518.11 W, 36, 2032 MHz, 3996 MHz, 100 %, 32 %
2026/03/24 06:05:11.417, 3, 510.52 W, 39, 2032 MHz, 3996 MHz, 100 %, 32 %
2026/03/24 06:05:11.417, 4, 180.39 W, 25, 120 MHz, 3996 MHz, 0 %, 0 %
2026/03/24 06:05:11.417, 5, 182.41 W, 28, 120 MHz, 3996 MHz, 0 %, 0 %
2026/03/24 06:05:11.417, 6, 178.64 W, 26, 120 MHz, 3996 MHz, 0 %, 0 %
2026/03/24 06:05:11.417, 7, 177.42 W, 27, 120 MHz, 3996 MHz, 0 %, 0 %
2026/03/24 06:05:12.417, 0, 564.66 W, 36, 2032 MHz, 3996 MHz, 100 %, 32 %
2026/03/24 06:05:12.417, 1, 575.84 W, 38, 2032 MHz, 3996 MHz, 100 %, 32 %
2026/03/24 06:05:12.417, 2, 582.74 W, 36, 2032 MHz, 3996 MHz, 100 %, 32 %
2026/03/24 06:05:12.417, 3, 585.51 W, 39, 2032 MHz, 3996 MHz, 100 %, 33 %
2026/03/24 06:05:12.417, 4, 180.37 W, 25, 120 MHz, 3996 MHz, 0 %, 0 %
2026/03/24 06:05:12.417, 5, 182.37 W, 27, 120 MHz, 3996 MHz, 0 %, 0 %
2026/03/24 06:05:12.420, 6, 178.64 W, 26, 120 MHz, 3996 MHz, 0 %, 0 %
2026/03/24 06:05:12.420, 7, 177.27 W, 27, 120 MHz, 3996 MHz, 0 %, 0 %
2026/03/24 06:05:13.420, 0, 488.41 W, 35, 2032 MHz, 3996 MHz, 100 %, 31 %
2026/03/24 06:05:13.420, 1, 503.76 W, 38, 2032 MHz, 3996 MHz, 100 %, 32 %
2026/03/24 06:05:13.420, 2, 511.03 W, 36, 2032 MHz, 3996 MHz, 100 %, 32 %
2026/03/24 06:05:13.420, 3, 512.33 W, 39, 2032 MHz, 3996 MHz, 100 %, 33 %
2026/03/24 06:05:13.420, 4, 180.35 W, 25, 120 MHz, 3996 MHz, 0 %, 0 %
2026/03/24 06:05:13.420, 5, 182.41 W, 28, 120 MHz, 3996 MHz, 0 %, 0 %
2026/03/24 06:05:13.420, 6, 178.64 W, 26, 120 MHz, 3996 MHz, 0 %, 0 %
2026/03/24 06:05:13.420, 7, 177.36 W, 27, 120 MHz, 3996 MHz, 0 %, 0 %
2026/03/24 06:05:14.420, 0, 547.67 W, 41, 2032 MHz, 3996 MHz, 98 %, 38 %
2026/03/24 06:05:14.420, 1, 575.28 W, 45, 2032 MHz, 3996 MHz, 99 %, 42 %
2026/03/24 06:05:14.420, 2, 565.66 W, 41, 2032 MHz, 3996 MHz, 100 %, 32 %
2026/03/24 06:05:14.420, 3, 587.08 W, 45, 2017 MHz, 3996 MHz, 99 %, 43 %
2026/03/24 06:05:14.420, 4, 180.29 W, 25, 120 MHz, 3996 MHz, 0 %, 0 %
2026/03/24 06:05:14.420, 5, 182.41 W, 28, 120 MHz, 3996 MHz, 0 %, 0 %
2026/03/24 06:05:14.420, 6, 178.64 W, 26, 120 MHz, 3996 MHz, 0 %, 0 %
2026/03/24 06:05:14.420, 7, 177.34 W, 27, 120 MHz, 3996 MHz, 0 %, 0 %
2026/03/24 06:05:15.420, 0, 611.66 W, 36, 2032 MHz, 3996 MHz, 100 %, 32 %
2026/03/24 06:05:15.420, 1, 594.13 W, 39, 2032 MHz, 3996 MHz, 100 %, 33 %
2026/03/24 06:05:15.420, 2, 631.13 W, 36, 2032 MHz, 3996 MHz, 100 %, 33 %
2026/03/24 06:05:15.420, 3, 610.28 W, 40, 2032 MHz, 3996 MHz, 100 %, 33 %
2026/03/24 06:05:15.420, 4, 180.49 W, 25, 120 MHz, 3996 MHz, 0 %, 0 %
2026/03/24 06:05:15.420, 5, 182.41 W, 28, 120 MHz, 3996 MHz, 0 %, 0 %
2026/03/24 06:05:15.420, 6, 178.64 W, 26, 120 MHz, 3996 MHz, 0 %, 0 %
2026/03/24 06:05:15.420, 7, 177.40 W, 27, 120 MHz, 3996 MHz, 0 %, 0 %
2026/03/24 06:05:16.420, 0, 491.10 W, 36, 2032 MHz, 3996 MHz, 100 %, 32 %
2026/03/24 06:05:16.420, 1, 505.49 W, 38, 2032 MHz, 3996 MHz, 100 %, 33 %
2026/03/24 06:05:16.420, 2, 514.22 W, 36, 2032 MHz, 3996 MHz, 100 %, 33 %
2026/03/24 06:05:16.420, 3, 511.19 W, 39, 2032 MHz, 3996 MHz, 100 %, 32 %
2026/03/24 06:05:16.420, 4, 180.41 W, 25, 120 MHz, 3996 MHz, 0 %, 0 %
2026/03/24 06:05:16.420, 5, 182.45 W, 28, 120 MHz, 3996 MHz, 0 %, 0 %
2026/03/24 06:05:16.420, 6, 178.64 W, 26, 120 MHz, 3996 MHz, 0 %, 0 %
2026/03/24 06:05:16.420, 7, 177.23 W, 27, 120 MHz, 3996 MHz, 0 %, 0 %
2026/03/24 06:05:17.420, 0, 491.99 W, 35, 2032 MHz, 3996 MHz, 100 %, 32 %
2026/03/24 06:05:17.420, 1, 505.62 W, 38, 2032 MHz, 3996 MHz, 100 %, 33 %
2026/03/24 06:05:17.420, 2, 514.73 W, 36, 2032 MHz, 3996 MHz, 100 %, 33 %
2026/03/24 06:05:17.420, 3, 510.52 W, 39, 2032 MHz, 3996 MHz, 100 %, 32 %
2026/03/24 06:05:17.420, 4, 180.38 W, 25, 120 MHz, 3996 MHz, 0 %, 0 %
2026/03/24 06:05:17.420, 5, 182.52 W, 28, 120 MHz, 3996 MHz, 0 %, 0 %
2026/03/24 06:05:17.420, 6, 178.64 W, 26, 120 MHz, 3996 MHz, 0 %, 0 %
2026/03/24 06:05:17.421, 7, 177.40 W, 27, 120 MHz, 3996 MHz, 0 %, 0 %
2026/03/24 06:05:18.421, 0, 491.96 W, 35, 2032 MHz, 3996 MHz, 100 %, 32 %
2026/03/24 06:05:18.421, 1, 513.67 W, 42, 2032 MHz, 3996 MHz, 100 %, 33 %
2026/03/24 06:05:18.421, 2, 517.40 W, 36, 2032 MHz, 3996 MHz, 100 %, 33 %
2026/03/24 06:05:18.421, 3, 520.79 W, 42, 2032 MHz, 3996 MHz, 100 %, 32 %
2026/03/24 06:05:18.421, 4, 180.40 W, 25, 120 MHz, 3996 MHz, 0 %, 0 %
2026/03/24 06:05:18.421, 5, 182.45 W, 28, 120 MHz, 3996 MHz, 0 %, 0 %
2026/03/24 06:05:18.421, 6, 178.64 W, 26, 120 MHz, 3996 MHz, 0 %, 0 %
2026/03/24 06:05:18.421, 7, 177.34 W, 27, 120 MHz, 3996 MHz, 0 %, 0 %
2026/03/24 06:05:19.421, 0, 577.17 W, 36, 2032 MHz, 3996 MHz, 100 %, 33 %
2026/03/24 06:05:19.421, 1, 585.92 W, 39, 2032 MHz, 3996 MHz, 100 %, 33 %
2026/03/24 06:05:19.421, 2, 601.27 W, 36, 2032 MHz, 3996 MHz, 100 %, 34 %
2026/03/24 06:05:19.421, 3, 599.05 W, 39, 2032 MHz, 3996 MHz, 100 %, 33 %
2026/03/24 06:05:19.421, 4, 180.43 W, 25, 120 MHz, 3996 MHz, 0 %, 0 %
2026/03/24 06:05:19.421, 5, 182.45 W, 28, 120 MHz, 3996 MHz, 0 %, 0 %
2026/03/24 06:05:19.421, 6, 178.64 W, 26, 120 MHz, 3996 MHz, 0 %, 0 %
2026/03/24 06:05:19.421, 7, 177.09 W, 27, 120 MHz, 3996 MHz, 0 %, 0 %
2026/03/24 06:05:20.421, 0, 497.89 W, 36, 2032 MHz, 3996 MHz, 100 %, 32 %
2026/03/24 06:05:20.421, 1, 510.25 W, 39, 2032 MHz, 3996 MHz, 100 %, 33 %
2026/03/24 06:05:20.421, 2, 519.57 W, 36, 2032 MHz, 3996 MHz, 100 %, 34 %
2026/03/24 06:05:20.421, 3, 517.07 W, 39, 2032 MHz, 3996 MHz, 100 %, 33 %
2026/03/24 06:05:20.421, 4, 180.36 W, 25, 120 MHz, 3996 MHz, 0 %, 0 %
2026/03/24 06:05:20.421, 5, 182.49 W, 28, 120 MHz, 3996 MHz, 0 %, 0 %
2026/03/24 06:05:20.421, 6, 178.64 W, 26, 120 MHz, 3996 MHz, 0 %, 0 %
2026/03/24 06:05:20.421, 7, 177.23 W, 27, 120 MHz, 3996 MHz, 0 %, 0 %
2026/03/24 06:05:21.421, 0, 575.51 W, 36, 2032 MHz, 3996 MHz, 100 %, 33 %
2026/03/24 06:05:21.421, 1, 587.40 W, 39, 2032 MHz, 3996 MHz, 100 %, 33 %
2026/03/24 06:05:21.421, 2, 590.85 W, 37, 2032 MHz, 3996 MHz, 100 %, 33 %
2026/03/24 06:05:21.421, 3, 593.78 W, 40, 2032 MHz, 3996 MHz, 100 %, 34 %
2026/03/24 06:05:21.421, 4, 180.31 W, 25, 120 MHz, 3996 MHz, 0 %, 0 %
2026/03/24 06:05:21.421, 5, 182.37 W, 28, 120 MHz, 3996 MHz, 0 %, 0 %
2026/03/24 06:05:21.421, 6, 178.64 W, 26, 120 MHz, 3996 MHz, 0 %, 0 %
2026/03/24 06:05:21.421, 7, 177.00 W, 27, 120 MHz, 3996 MHz, 0 %, 0 %
2026/03/24 06:05:22.421, 0, 498.28 W, 36, 2032 MHz, 3996 MHz, 100 %, 32 %
2026/03/24 06:05:22.421, 1, 511.27 W, 41, 2032 MHz, 3996 MHz, 100 %, 33 %
2026/03/24 06:05:22.421, 2, 517.24 W, 36, 2032 MHz, 3996 MHz, 100 %, 33 %
2026/03/24 06:05:22.421, 3, 522.18 W, 40, 2032 MHz, 3996 MHz, 100 %, 33 %
2026/03/24 06:05:22.421, 4, 180.36 W, 25, 120 MHz, 3996 MHz, 0 %, 0 %
2026/03/24 06:05:22.421, 5, 182.29 W, 28, 120 MHz, 3996 MHz, 0 %, 0 %
2026/03/24 06:05:22.421, 6, 178.64 W, 26, 120 MHz, 3996 MHz, 0 %, 0 %
2026/03/24 06:05:22.421, 7, 177.13 W, 27, 120 MHz, 3996 MHz, 0 %, 0 %
2026/03/24 06:05:23.421, 0, 582.47 W, 36, 2032 MHz, 3996 MHz, 100 %, 32 %
2026/03/24 06:05:23.421, 1, 587.44 W, 41, 2032 MHz, 3996 MHz, 100 %, 33 %
2026/03/24 06:05:23.421, 2, 593.85 W, 36, 2032 MHz, 3996 MHz, 100 %, 33 %
2026/03/24 06:05:23.421, 3, 594.66 W, 40, 2032 MHz, 3996 MHz, 100 %, 33 %
2026/03/24 06:05:23.421, 4, 180.32 W, 25, 120 MHz, 3996 MHz, 0 %, 0 %
2026/03/24 06:05:23.421, 5, 182.26 W, 28, 120 MHz, 3996 MHz, 0 %, 0 %
2026/03/24 06:05:23.421, 6, 178.64 W, 26, 120 MHz, 3996 MHz, 0 %, 0 %
2026/03/24 06:05:23.421, 7, 177.12 W, 27, 120 MHz, 3996 MHz, 0 %, 0 %
2026/03/24 06:05:24.421, 0, 567.57 W, 36, 2032 MHz, 3996 MHz, 100 %, 32 %
2026/03/24 06:05:24.421, 1, 577.52 W, 39, 2032 MHz, 3996 MHz, 100 %, 32 %
2026/03/24 06:05:24.421, 2, 583.22 W, 36, 2032 MHz, 3996 MHz, 100 %, 32 %
2026/03/24 06:05:24.421, 3, 588.22 W, 40, 2032 MHz, 3996 MHz, 100 %, 33 %
2026/03/24 06:05:24.422, 4, 180.46 W, 25, 120 MHz, 3996 MHz, 0 %, 0 %
2026/03/24 06:05:24.422, 5, 182.37 W, 28, 120 MHz, 3996 MHz, 0 %, 0 %
2026/03/24 06:05:24.422, 6, 178.64 W, 26, 120 MHz, 3996 MHz, 0 %, 0 %
2026/03/24 06:05:24.422, 7, 177.09 W, 27, 120 MHz, 3996 MHz, 0 %, 0 %
2026/03/24 06:05:25.422, 0, 496.23 W, 36, 2032 MHz, 3996 MHz, 100 %, 32 %
2026/03/24 06:05:25.422, 1, 505.66 W, 39, 2032 MHz, 3996 MHz, 100 %, 33 %
2026/03/24 06:05:25.422, 2, 515.89 W, 36, 2032 MHz, 3996 MHz, 100 %, 33 %
2026/03/24 06:05:25.422, 3, 516.12 W, 40, 2032 MHz, 3996 MHz, 100 %, 33 %
2026/03/24 06:05:25.422, 4, 180.48 W, 25, 120 MHz, 3996 MHz, 0 %, 0 %
2026/03/24 06:05:25.422, 5, 182.37 W, 28, 120 MHz, 3996 MHz, 0 %, 0 %
2026/03/24 06:05:25.422, 6, 178.64 W, 26, 120 MHz, 3996 MHz, 0 %, 0 %
2026/03/24 06:05:25.422, 7, 177.20 W, 27, 120 MHz, 3996 MHz, 0 %, 0 %
2026/03/24 06:05:26.422, 0, 550.46 W, 41, 2032 MHz, 3996 MHz, 97 %, 34 %
2026/03/24 06:05:26.422, 1, 563.12 W, 45, 2032 MHz, 3996 MHz, 96 %, 39 %
2026/03/24 06:05:26.422, 2, 565.04 W, 40, 2032 MHz, 3996 MHz, 100 %, 33 %
2026/03/24 06:05:26.422, 3, 575.59 W, 46, 2032 MHz, 3996 MHz, 100 %, 33 %
2026/03/24 06:05:26.422, 4, 180.42 W, 25, 120 MHz, 3996 MHz, 0 %, 0 %
2026/03/24 06:05:26.422, 5, 182.37 W, 28, 120 MHz, 3996 MHz, 0 %, 0 %
2026/03/24 06:05:26.422, 6, 178.63 W, 26, 120 MHz, 3996 MHz, 0 %, 0 %
2026/03/24 06:05:26.422, 7, 176.89 W, 27, 120 MHz, 3996 MHz, 0 %, 0 %
2026/03/24 06:05:27.422, 0, 528.95 W, 36, 2032 MHz, 3996 MHz, 100 %, 31 %
2026/03/24 06:05:27.422, 1, 528.88 W, 39, 2032 MHz, 3996 MHz, 100 %, 32 %
2026/03/24 06:05:27.422, 2, 552.99 W, 36, 2032 MHz, 3996 MHz, 100 %, 33 %
2026/03/24 06:05:27.422, 3, 550.60 W, 40, 2032 MHz, 3996 MHz, 100 %, 33 %
2026/03/24 06:05:27.422, 4, 180.44 W, 25, 120 MHz, 3996 MHz, 0 %, 0 %
2026/03/24 06:05:27.422, 5, 182.49 W, 28, 120 MHz, 3996 MHz, 0 %, 0 %
2026/03/24 06:05:27.422, 6, 178.64 W, 26, 120 MHz, 3996 MHz, 0 %, 0 %
2026/03/24 06:05:27.422, 7, 177.32 W, 27, 120 MHz, 3996 MHz, 0 %, 0 %
2026/03/24 06:05:28.422, 0, 490.47 W, 36, 2032 MHz, 3996 MHz, 100 %, 31 %
2026/03/24 06:05:28.422, 1, 504.86 W, 39, 2032 MHz, 3996 MHz, 100 %, 32 %
2026/03/24 06:05:28.422, 2, 514.39 W, 36, 2032 MHz, 3996 MHz, 100 %, 33 %
2026/03/24 06:05:28.422, 3, 514.61 W, 40, 2032 MHz, 3996 MHz, 100 %, 33 %
2026/03/24 06:05:28.422, 4, 180.41 W, 25, 120 MHz, 3996 MHz, 0 %, 0 %
2026/03/24 06:05:28.422, 5, 182.52 W, 28, 120 MHz, 3996 MHz, 0 %, 0 %
2026/03/24 06:05:28.422, 6, 178.64 W, 26, 120 MHz, 3996 MHz, 0 %, 0 %
2026/03/24 06:05:28.422, 7, 177.13 W, 27, 120 MHz, 3996 MHz, 0 %, 0 %
2026/03/24 06:05:29.422, 0, 542.86 W, 41, 2032 MHz, 3996 MHz, 98 %, 35 %
2026/03/24 06:05:29.422, 1, 570.05 W, 45, 2032 MHz, 3996 MHz, 99 %, 40 %
2026/03/24 06:05:29.422, 2, 561.59 W, 40, 2032 MHz, 3996 MHz, 100 %, 33 %
2026/03/24 06:05:29.422, 3, 571.88 W, 46, 2032 MHz, 3996 MHz, 100 %, 33 %
2026/03/24 06:05:29.422, 4, 180.43 W, 25, 120 MHz, 3996 MHz, 0 %, 0 %
2026/03/24 06:05:29.422, 5, 182.49 W, 28, 120 MHz, 3996 MHz, 0 %, 0 %
2026/03/24 06:05:29.422, 6, 178.64 W, 26, 120 MHz, 3996 MHz, 0 %, 0 %
2026/03/24 06:05:29.422, 7, 177.19 W, 27, 120 MHz, 3996 MHz, 0 %, 0 %
2026/03/24 06:05:30.423, 0, 528.54 W, 36, 2032 MHz, 3996 MHz, 100 %, 31 %
2026/03/24 06:05:30.423, 1, 527.33 W, 39, 2032 MHz, 3996 MHz, 100 %, 32 %
2026/03/24 06:05:30.423, 2, 554.23 W, 36, 2032 MHz, 3996 MHz, 100 %, 32 %
2026/03/24 06:05:30.423, 3, 551.47 W, 40, 2032 MHz, 3996 MHz, 100 %, 32 %
2026/03/24 06:05:30.423, 4, 180.37 W, 25, 120 MHz, 3996 MHz, 0 %, 0 %
2026/03/24 06:05:30.423, 5, 182.37 W, 28, 120 MHz, 3996 MHz, 0 %, 0 %
2026/03/24 06:05:30.423, 6, 178.64 W, 26, 120 MHz, 3996 MHz, 0 %, 0 %
2026/03/24 06:05:30.423, 7, 176.97 W, 27, 120 MHz, 3996 MHz, 0 %, 0 %
2026/03/24 06:05:31.423, 0, 490.61 W, 36, 2032 MHz, 3996 MHz, 100 %, 31 %
2026/03/24 06:05:31.423, 1, 503.76 W, 39, 2032 MHz, 3996 MHz, 100 %, 32 %
2026/03/24 06:05:31.423, 2, 513.81 W, 36, 2032 MHz, 3996 MHz, 100 %, 32 %
2026/03/24 06:05:31.423, 3, 512.08 W, 40, 2032 MHz, 3996 MHz, 100 %, 32 %
2026/03/24 06:05:31.423, 4, 180.27 W, 25, 120 MHz, 3996 MHz, 0 %, 0 %
2026/03/24 06:05:31.423, 5, 182.45 W, 28, 120 MHz, 3996 MHz, 0 %, 0 %
2026/03/24 06:05:31.423, 6, 178.64 W, 26, 120 MHz, 3996 MHz, 0 %, 0 %
2026/03/24 06:05:31.423, 7, 177.01 W, 27, 120 MHz, 3996 MHz, 0 %, 0 %
2026/03/24 06:05:32.423, 0, 654.48 W, 37, 2032 MHz, 3996 MHz, 100 %, 31 %
2026/03/24 06:05:32.423, 1, 660.88 W, 39, 2032 MHz, 3996 MHz, 100 %, 32 %
2026/03/24 06:05:32.423, 2, 669.73 W, 37, 2032 MHz, 3996 MHz, 100 %, 33 %
2026/03/24 06:05:32.423, 3, 670.99 W, 40, 2032 MHz, 3996 MHz, 100 %, 32 %
2026/03/24 06:05:32.423, 4, 180.50 W, 25, 120 MHz, 3996 MHz, 0 %, 0 %
2026/03/24 06:05:32.423, 5, 182.49 W, 28, 120 MHz, 3996 MHz, 0 %, 0 %
2026/03/24 06:05:32.423, 6, 178.64 W, 26, 120 MHz, 3996 MHz, 0 %, 0 %
2026/03/24 06:05:32.423, 7, 177.23 W, 27, 120 MHz, 3996 MHz, 0 %, 0 %
2026/03/24 06:05:33.423, 0, 493.61 W, 36, 2032 MHz, 3996 MHz, 100 %, 31 %
2026/03/24 06:05:33.423, 1, 503.89 W, 39, 2032 MHz, 3996 MHz, 100 %, 32 %
2026/03/24 06:05:33.423, 2, 514.58 W, 36, 2032 MHz, 3996 MHz, 100 %, 32 %
2026/03/24 06:05:33.423, 3, 511.13 W, 40, 2032 MHz, 3996 MHz, 100 %, 32 %
2026/03/24 06:05:33.423, 4, 180.49 W, 25, 120 MHz, 3996 MHz, 0 %, 0 %
2026/03/24 06:05:33.423, 5, 182.49 W, 28, 120 MHz, 3996 MHz, 0 %, 0 %
2026/03/24 06:05:33.423, 6, 178.64 W, 26, 120 MHz, 3996 MHz, 0 %, 0 %
2026/03/24 06:05:33.423, 7, 177.20 W, 27, 120 MHz, 3996 MHz, 0 %, 0 %
2026/03/24 06:05:34.423, 0, 492.80 W, 36, 2032 MHz, 3996 MHz, 100 %, 32 %
2026/03/24 06:05:34.423, 1, 511.96 W, 42, 2032 MHz, 3996 MHz, 100 %, 32 %
2026/03/24 06:05:34.423, 2, 513.70 W, 36, 2032 MHz, 3996 MHz, 100 %, 33 %
2026/03/24 06:05:34.423, 3, 512.33 W, 40, 2032 MHz, 3996 MHz, 100 %, 32 %
2026/03/24 06:05:34.423, 4, 180.32 W, 25, 120 MHz, 3996 MHz, 0 %, 0 %
2026/03/24 06:05:34.423, 5, 182.45 W, 28, 120 MHz, 3996 MHz, 0 %, 0 %
2026/03/24 06:05:34.423, 6, 178.64 W, 26, 120 MHz, 3996 MHz, 0 %, 0 %
2026/03/24 06:05:34.423, 7, 177.09 W, 27, 120 MHz, 3996 MHz, 0 %, 0 %
2026/03/24 06:05:35.424, 0, 580.75 W, 36, 2032 MHz, 3996 MHz, 100 %, 33 %
2026/03/24 06:05:35.424, 1, 588.61 W, 39, 2032 MHz, 3996 MHz, 100 %, 33 %
2026/03/24 06:05:35.424, 2, 597.76 W, 36, 2032 MHz, 3996 MHz, 100 %, 33 %
2026/03/24 06:05:35.424, 3, 593.42 W, 40, 2032 MHz, 3996 MHz, 100 %, 32 %
2026/03/24 06:05:35.424, 4, 180.34 W, 25, 120 MHz, 3996 MHz, 0 %, 0 %
2026/03/24 06:05:35.424, 5, 182.45 W, 28, 120 MHz, 3996 MHz, 0 %, 0 %
2026/03/24 06:05:35.424, 6, 178.64 W, 26, 120 MHz, 3996 MHz, 0 %, 0 %
2026/03/24 06:05:35.424, 7, 177.23 W, 27, 120 MHz, 3996 MHz, 0 %, 0 %
2026/03/24 06:05:36.424, 0, 497.18 W, 36, 2032 MHz, 3996 MHz, 100 %, 32 %
2026/03/24 06:05:36.424, 1, 506.30 W, 39, 2032 MHz, 3996 MHz, 100 %, 33 %
2026/03/24 06:05:36.424, 2, 514.84 W, 36, 2032 MHz, 3996 MHz, 100 %, 33 %
2026/03/24 06:05:36.424, 3, 510.33 W, 40, 2032 MHz, 3996 MHz, 100 %, 32 %
2026/03/24 06:05:36.424, 4, 180.13 W, 25, 120 MHz, 3996 MHz, 0 %, 0 %
2026/03/24 06:05:36.424, 5, 182.41 W, 28, 120 MHz, 3996 MHz, 0 %, 0 %
2026/03/24 06:05:36.424, 6, 178.64 W, 26, 120 MHz, 3996 MHz, 0 %, 0 %
2026/03/24 06:05:36.424, 7, 177.09 W, 27, 120 MHz, 3996 MHz, 0 %, 0 %
2026/03/24 06:05:37.424, 0, 498.11 W, 36, 2032 MHz, 3996 MHz, 100 %, 32 %
2026/03/24 06:05:37.424, 1, 506.47 W, 39, 2032 MHz, 3996 MHz, 100 %, 33 %
2026/03/24 06:05:37.424, 2, 515.89 W, 36, 2032 MHz, 3996 MHz, 100 %, 33 %
2026/03/24 06:05:37.424, 3, 510.94 W, 40, 2032 MHz, 3996 MHz, 100 %, 32 %
2026/03/24 06:05:37.424, 4, 180.44 W, 25, 120 MHz, 3996 MHz, 0 %, 0 %
2026/03/24 06:05:37.424, 5, 182.45 W, 28, 120 MHz, 3996 MHz, 0 %, 0 %
2026/03/24 06:05:37.424, 6, 178.64 W, 26, 120 MHz, 3996 MHz, 0 %, 0 %
2026/03/24 06:05:37.424, 7, 177.34 W, 27, 120 MHz, 3996 MHz, 0 %, 0 %
2026/03/24 06:05:38.424, 0, 579.38 W, 37, 2032 MHz, 3996 MHz, 100 %, 32 %
2026/03/24 06:05:38.424, 1, 584.73 W, 40, 2032 MHz, 3996 MHz, 100 %, 33 %
2026/03/24 06:05:38.424, 2, 597.94 W, 37, 2032 MHz, 3996 MHz, 100 %, 41 %
2026/03/24 06:05:38.424, 3, 596.29 W, 41, 2032 MHz, 3996 MHz, 100 %, 33 %
2026/03/24 06:05:38.424, 4, 180.24 W, 25, 120 MHz, 3996 MHz, 0 %, 0 %
2026/03/24 06:05:38.424, 5, 182.49 W, 28, 120 MHz, 3996 MHz, 0 %, 0 %
2026/03/24 06:05:38.424, 6, 178.64 W, 26, 120 MHz, 3996 MHz, 0 %, 0 %
2026/03/24 06:05:38.424, 7, 177.32 W, 27, 120 MHz, 3996 MHz, 0 %, 0 %
2026/03/24 06:05:39.424, 0, 499.29 W, 36, 2032 MHz, 3996 MHz, 100 %, 32 %
2026/03/24 06:05:39.424, 1, 506.49 W, 39, 2032 MHz, 3996 MHz, 100 %, 33 %
2026/03/24 06:05:39.424, 2, 517.87 W, 36, 2032 MHz, 3996 MHz, 100 %, 33 %
2026/03/24 06:05:39.424, 3, 512.11 W, 40, 2032 MHz, 3996 MHz, 100 %, 32 %
2026/03/24 06:05:39.424, 4, 180.36 W, 25, 120 MHz, 3996 MHz, 0 %, 0 %
2026/03/24 06:05:39.424, 5, 182.49 W, 28, 120 MHz, 3996 MHz, 0 %, 0 %
2026/03/24 06:05:39.424, 6, 178.64 W, 26, 120 MHz, 3996 MHz, 0 %, 0 %
2026/03/24 06:05:39.424, 7, 177.19 W, 27, 120 MHz, 3996 MHz, 0 %, 0 %
2026/03/24 06:05:40.424, 0, 573.99 W, 36, 2032 MHz, 3996 MHz, 100 %, 32 %
2026/03/24 06:05:40.424, 1, 582.38 W, 39, 2032 MHz, 3996 MHz, 100 %, 32 %
2026/03/24 06:05:40.424, 2, 589.66 W, 37, 2032 MHz, 3996 MHz, 100 %, 33 %
2026/03/24 06:05:40.424, 3, 590.21 W, 40, 2032 MHz, 3996 MHz, 100 %, 32 %
2026/03/24 06:05:40.424, 4, 180.47 W, 25, 120 MHz, 3996 MHz, 0 %, 0 %
2026/03/24 06:05:40.424, 5, 182.41 W, 28, 120 MHz, 3996 MHz, 0 %, 0 %
2026/03/24 06:05:40.424, 6, 178.64 W, 26, 120 MHz, 3996 MHz, 0 %, 0 %
2026/03/24 06:05:40.424, 7, 176.97 W, 27, 120 MHz, 3996 MHz, 0 %, 0 %
2026/03/24 06:05:41.424, 0, 578.59 W, 36, 2032 MHz, 3996 MHz, 100 %, 31 %
2026/03/24 06:05:41.424, 1, 583.54 W, 39, 2032 MHz, 3996 MHz, 100 %, 31 %
2026/03/24 06:05:41.424, 2, 595.37 W, 37, 2032 MHz, 3996 MHz, 100 %, 32 %
2026/03/24 06:05:41.424, 3, 594.07 W, 40, 2032 MHz, 3996 MHz, 100 %, 31 %
2026/03/24 06:05:41.425, 4, 180.47 W, 25, 120 MHz, 3996 MHz, 0 %, 0 %
2026/03/24 06:05:41.425, 5, 182.49 W, 28, 120 MHz, 3996 MHz, 0 %, 0 %
2026/03/24 06:05:41.425, 6, 178.64 W, 26, 120 MHz, 3996 MHz, 0 %, 0 %
2026/03/24 06:05:41.425, 7, 177.16 W, 27, 120 MHz, 3996 MHz, 0 %, 0 %
2026/03/24 06:05:42.425, 0, 487.21 W, 36, 2032 MHz, 3996 MHz, 100 %, 30 %
2026/03/24 06:05:42.425, 1, 500.55 W, 39, 2032 MHz, 3996 MHz, 100 %, 31 %
2026/03/24 06:05:42.425, 2, 510.14 W, 36, 2032 MHz, 3996 MHz, 100 %, 32 %
2026/03/24 06:05:42.425, 3, 506.15 W, 40, 2032 MHz, 3996 MHz, 100 %, 31 %
2026/03/24 06:05:42.425, 4, 180.26 W, 25, 120 MHz, 3996 MHz, 0 %, 0 %
2026/03/24 06:05:42.425, 5, 182.25 W, 28, 120 MHz, 3996 MHz, 0 %, 0 %
2026/03/24 06:05:42.425, 6, 178.64 W, 26, 120 MHz, 3996 MHz, 0 %, 0 %
2026/03/24 06:05:42.425, 7, 177.04 W, 27, 120 MHz, 3996 MHz, 0 %, 0 %
2026/03/24 06:05:43.425, 0, 486.23 W, 36, 2032 MHz, 3996 MHz, 100 %, 31 %
2026/03/24 06:05:43.425, 1, 501.39 W, 39, 2032 MHz, 3996 MHz, 100 %, 32 %
2026/03/24 06:05:43.425, 2, 508.79 W, 36, 2032 MHz, 3996 MHz, 100 %, 32 %
2026/03/24 06:05:43.425, 3, 503.94 W, 40, 2032 MHz, 3996 MHz, 100 %, 31 %
2026/03/24 06:05:43.425, 4, 180.42 W, 25, 120 MHz, 3996 MHz, 0 %, 0 %
2026/03/24 06:05:43.425, 5, 182.49 W, 28, 120 MHz, 3996 MHz, 0 %, 0 %
2026/03/24 06:05:43.425, 6, 178.64 W, 26, 120 MHz, 3996 MHz, 0 %, 0 %
2026/03/24 06:05:43.425, 7, 177.16 W, 27, 120 MHz, 3996 MHz, 0 %, 0 %
2026/03/24 06:05:44.425, 0, 481.57 W, 36, 2032 MHz, 3996 MHz, 100 %, 30 %
2026/03/24 06:05:44.425, 1, 493.66 W, 39, 2032 MHz, 3996 MHz, 100 %, 30 %
2026/03/24 06:05:44.425, 2, 504.36 W, 36, 2032 MHz, 3996 MHz, 100 %, 31 %
2026/03/24 06:05:44.425, 3, 501.99 W, 40, 2032 MHz, 3996 MHz, 100 %, 31 %
2026/03/24 06:05:44.425, 4, 180.47 W, 25, 120 MHz, 3996 MHz, 0 %, 0 %
2026/03/24 06:05:44.425, 5, 182.41 W, 28, 120 MHz, 3996 MHz, 0 %, 0 %
2026/03/24 06:05:44.425, 6, 178.64 W, 26, 120 MHz, 3996 MHz, 0 %, 0 %
2026/03/24 06:05:44.425, 7, 177.19 W, 27, 120 MHz, 3996 MHz, 0 %, 0 %
2026/03/24 06:05:45.425, 0, 480.20 W, 36, 2032 MHz, 3996 MHz, 100 %, 30 %
2026/03/24 06:05:45.425, 1, 490.53 W, 39, 2032 MHz, 3996 MHz, 100 %, 30 %
2026/03/24 06:05:45.425, 2, 503.03 W, 36, 2032 MHz, 3996 MHz, 100 %, 31 %
2026/03/24 06:05:45.425, 3, 501.09 W, 40, 2032 MHz, 3996 MHz, 100 %, 31 %
2026/03/24 06:05:45.425, 4, 180.43 W, 25, 120 MHz, 3996 MHz, 0 %, 0 %
2026/03/24 06:05:45.425, 5, 182.41 W, 28, 120 MHz, 3996 MHz, 0 %, 0 %
2026/03/24 06:05:45.425, 6, 178.64 W, 26, 120 MHz, 3996 MHz, 0 %, 0 %
2026/03/24 06:05:45.425, 7, 177.44 W, 27, 120 MHz, 3996 MHz, 0 %, 0 %
2026/03/24 06:05:46.425, 0, 477.86 W, 36, 2032 MHz, 3996 MHz, 100 %, 30 %
2026/03/24 06:05:46.425, 1, 488.26 W, 38, 2032 MHz, 3996 MHz, 100 %, 28 %
2026/03/24 06:05:46.425, 2, 500.83 W, 36, 2032 MHz, 3996 MHz, 100 %, 31 %
2026/03/24 06:05:46.425, 3, 498.11 W, 39, 2032 MHz, 3996 MHz, 100 %, 31 %
2026/03/24 06:05:46.425, 4, 180.48 W, 25, 120 MHz, 3996 MHz, 0 %, 0 %
2026/03/24 06:05:46.425, 5, 182.52 W, 28, 120 MHz, 3996 MHz, 0 %, 0 %
2026/03/24 06:05:46.425, 6, 178.64 W, 26, 120 MHz, 3996 MHz, 0 %, 0 %
2026/03/24 06:05:46.425, 7, 177.42 W, 27, 120 MHz, 3996 MHz, 0 %, 0 %
2026/03/24 06:05:47.425, 0, 449.06 W, 35, 2032 MHz, 3996 MHz, 100 %, 24 %
2026/03/24 06:05:47.425, 1, 454.19 W, 38, 2032 MHz, 3996 MHz, 100 %, 25 %
2026/03/24 06:05:47.425, 2, 457.62 W, 35, 2032 MHz, 3996 MHz, 100 %, 25 %
2026/03/24 06:05:47.425, 3, 450.79 W, 39, 2032 MHz, 3996 MHz, 100 %, 25 %
2026/03/24 06:05:47.425, 4, 180.44 W, 25, 120 MHz, 3996 MHz, 0 %, 0 %
2026/03/24 06:05:47.425, 5, 182.49 W, 28, 120 MHz, 3996 MHz, 0 %, 0 %
2026/03/24 06:05:47.425, 6, 178.64 W, 26, 120 MHz, 3996 MHz, 0 %, 0 %
2026/03/24 06:05:47.425, 7, 177.08 W, 27, 120 MHz, 3996 MHz, 0 %, 0 %
2026/03/24 06:05:48.426, 0, 426.61 W, 35, 2032 MHz, 3996 MHz, 100 %, 20 %
2026/03/24 06:05:48.426, 1, 432.05 W, 38, 2032 MHz, 3996 MHz, 100 %, 21 %
2026/03/24 06:05:48.426, 2, 436.43 W, 35, 2032 MHz, 3996 MHz, 100 %, 21 %
2026/03/24 06:05:48.426, 3, 433.66 W, 39, 2032 MHz, 3996 MHz, 100 %, 21 %
2026/03/24 06:05:48.426, 4, 180.32 W, 25, 120 MHz, 3996 MHz, 0 %, 0 %
2026/03/24 06:05:48.426, 5, 182.49 W, 28, 120 MHz, 3996 MHz, 0 %, 0 %
2026/03/24 06:05:48.426, 6, 178.64 W, 26, 120 MHz, 3996 MHz, 0 %, 0 %
2026/03/24 06:05:48.426, 7, 177.20 W, 27, 120 MHz, 3996 MHz, 0 %, 0 %
