timestamp, index, power.draw [W], temperature.gpu, clocks.current.sm [MHz], clocks.current.memory [MHz], utilization.gpu [%], utilization.memory [%]
2026/03/24 06:14:42.768, 0, 218.97 W, 32, 390 MHz, 3996 MHz, 0 %, 0 %
2026/03/24 06:14:42.773, 1, 251.33 W, 36, 2032 MHz, 3996 MHz, 0 %, 0 %
2026/03/24 06:14:42.777, 2, 191.17 W, 32, 292 MHz, 3996 MHz, 0 %, 0 %
2026/03/24 06:14:42.783, 3, 206.49 W, 35, 322 MHz, 3996 MHz, 0 %, 0 %
2026/03/24 06:14:42.788, 4, 178.86 W, 25, 120 MHz, 3996 MHz, 0 %, 0 %
2026/03/24 06:14:42.795, 5, 180.58 W, 28, 120 MHz, 3996 MHz, 0 %, 0 %
2026/03/24 06:14:42.803, 6, 178.06 W, 26, 120 MHz, 3996 MHz, 0 %, 0 %
2026/03/24 06:14:42.810, 7, 176.58 W, 27, 120 MHz, 3996 MHz, 0 %, 0 %
2026/03/24 06:14:43.818, 0, 182.24 W, 31, 247 MHz, 3996 MHz, 0 %, 0 %
2026/03/24 06:14:43.818, 1, 238.88 W, 35, 2032 MHz, 3996 MHz, 0 %, 0 %
2026/03/24 06:14:43.818, 2, 185.21 W, 31, 187 MHz, 3996 MHz, 0 %, 0 %
2026/03/24 06:14:43.818, 3, 186.28 W, 35, 202 MHz, 3996 MHz, 0 %, 0 %
2026/03/24 06:14:43.818, 4, 178.98 W, 25, 120 MHz, 3996 MHz, 0 %, 0 %
2026/03/24 06:14:43.818, 5, 180.58 W, 28, 120 MHz, 3996 MHz, 0 %, 0 %
2026/03/24 06:14:43.818, 6, 177.84 W, 26, 120 MHz, 3996 MHz, 0 %, 0 %
2026/03/24 06:14:43.818, 7, 176.58 W, 27, 120 MHz, 3996 MHz, 0 %, 0 %
2026/03/24 06:14:44.818, 0, 180.84 W, 31, 157 MHz, 3996 MHz, 0 %, 0 %
2026/03/24 06:14:44.818, 1, 198.96 W, 34, 547 MHz, 3996 MHz, 0 %, 0 %
2026/03/24 06:14:44.818, 2, 184.10 W, 31, 120 MHz, 3996 MHz, 0 %, 0 %
2026/03/24 06:14:44.818, 3, 184.94 W, 35, 135 MHz, 3996 MHz, 0 %, 0 %
2026/03/24 06:14:44.818, 4, 178.71 W, 25, 120 MHz, 3996 MHz, 0 %, 0 %
2026/03/24 06:14:44.818, 5, 180.58 W, 28, 120 MHz, 3996 MHz, 0 %, 0 %
2026/03/24 06:14:44.818, 6, 177.88 W, 26, 120 MHz, 3996 MHz, 0 %, 0 %
2026/03/24 06:14:44.818, 7, 176.58 W, 27, 120 MHz, 3996 MHz, 0 %, 0 %
2026/03/24 06:14:45.818, 0, 180.22 W, 31, 120 MHz, 3996 MHz, 0 %, 0 %
2026/03/24 06:14:45.818, 1, 187.21 W, 34, 375 MHz, 3996 MHz, 0 %, 0 %
2026/03/24 06:14:45.818, 2, 184.10 W, 31, 120 MHz, 3996 MHz, 0 %, 0 %
2026/03/24 06:14:45.818, 3, 184.99 W, 35, 120 MHz, 3996 MHz, 0 %, 0 %
2026/03/24 06:14:45.818, 4, 178.90 W, 25, 120 MHz, 3996 MHz, 0 %, 0 %
2026/03/24 06:14:45.818, 5, 180.58 W, 28, 120 MHz, 3996 MHz, 0 %, 0 %
2026/03/24 06:14:45.818, 6, 177.90 W, 26, 120 MHz, 3996 MHz, 0 %, 0 %
2026/03/24 06:14:45.818, 7, 176.58 W, 27, 120 MHz, 3996 MHz, 0 %, 0 %
2026/03/24 06:14:46.818, 0, 180.11 W, 30, 120 MHz, 3996 MHz, 0 %, 0 %
2026/03/24 06:14:46.818, 1, 185.26 W, 34, 217 MHz, 3996 MHz, 0 %, 0 %
2026/03/24 06:14:46.818, 2, 184.07 W, 31, 120 MHz, 3996 MHz, 0 %, 0 %
2026/03/24 06:14:46.818, 3, 185.00 W, 34, 120 MHz, 3996 MHz, 0 %, 0 %
2026/03/24 06:14:46.818, 4, 178.81 W, 25, 120 MHz, 3996 MHz, 0 %, 0 %
2026/03/24 06:14:46.818, 5, 180.58 W, 28, 120 MHz, 3996 MHz, 0 %, 0 %
2026/03/24 06:14:46.818, 6, 178.02 W, 26, 120 MHz, 3996 MHz, 0 %, 0 %
2026/03/24 06:14:46.818, 7, 176.58 W, 27, 120 MHz, 3996 MHz, 0 %, 0 %
2026/03/24 06:14:47.818, 0, 180.11 W, 30, 120 MHz, 3996 MHz, 0 %, 0 %
2026/03/24 06:14:47.818, 1, 184.95 W, 34, 142 MHz, 3996 MHz, 0 %, 0 %
2026/03/24 06:14:47.818, 2, 184.09 W, 30, 120 MHz, 3996 MHz, 0 %, 0 %
2026/03/24 06:14:47.818, 3, 185.01 W, 34, 120 MHz, 3996 MHz, 0 %, 0 %
2026/03/24 06:14:47.818, 4, 178.73 W, 25, 120 MHz, 3996 MHz, 0 %, 0 %
2026/03/24 06:14:47.818, 5, 180.58 W, 28, 120 MHz, 3996 MHz, 0 %, 0 %
2026/03/24 06:14:47.818, 6, 177.84 W, 26, 120 MHz, 3996 MHz, 0 %, 0 %
2026/03/24 06:14:47.818, 7, 176.58 W, 27, 120 MHz, 3996 MHz, 0 %, 0 %
2026/03/24 06:14:48.819, 0, 180.11 W, 30, 120 MHz, 3996 MHz, 0 %, 0 %
2026/03/24 06:14:48.819, 1, 184.69 W, 34, 120 MHz, 3996 MHz, 0 %, 0 %
2026/03/24 06:14:48.819, 2, 184.09 W, 30, 120 MHz, 3996 MHz, 0 %, 0 %
2026/03/24 06:14:48.819, 3, 184.99 W, 34, 120 MHz, 3996 MHz, 0 %, 0 %
2026/03/24 06:14:48.819, 4, 179.00 W, 25, 120 MHz, 3996 MHz, 0 %, 0 %
2026/03/24 06:14:48.819, 5, 180.58 W, 28, 120 MHz, 3996 MHz, 0 %, 0 %
2026/03/24 06:14:48.819, 6, 177.80 W, 26, 120 MHz, 3996 MHz, 0 %, 0 %
2026/03/24 06:14:48.819, 7, 176.58 W, 27, 120 MHz, 3996 MHz, 0 %, 0 %
2026/03/24 06:14:49.819, 0, 180.11 W, 30, 120 MHz, 3996 MHz, 0 %, 0 %
2026/03/24 06:14:49.819, 1, 184.21 W, 33, 120 MHz, 3996 MHz, 0 %, 0 %
2026/03/24 06:14:49.819, 2, 184.09 W, 30, 120 MHz, 3996 MHz, 0 %, 0 %
2026/03/24 06:14:49.819, 3, 184.99 W, 34, 120 MHz, 3996 MHz, 0 %, 0 %
2026/03/24 06:14:49.819, 4, 179.00 W, 25, 120 MHz, 3996 MHz, 0 %, 0 %
2026/03/24 06:14:49.819, 5, 180.58 W, 28, 120 MHz, 3996 MHz, 0 %, 0 %
2026/03/24 06:14:49.819, 6, 178.03 W, 26, 120 MHz, 3996 MHz, 0 %, 0 %
2026/03/24 06:14:49.819, 7, 176.58 W, 27, 120 MHz, 3996 MHz, 0 %, 0 %
2026/03/24 06:14:50.819, 0, 180.11 W, 30, 120 MHz, 3996 MHz, 0 %, 0 %
2026/03/24 06:14:50.819, 1, 183.84 W, 33, 120 MHz, 3996 MHz, 0 %, 0 %
2026/03/24 06:14:50.819, 2, 184.06 W, 30, 120 MHz, 3996 MHz, 0 %, 0 %
2026/03/24 06:14:50.819, 3, 185.01 W, 34, 120 MHz, 3996 MHz, 0 %, 0 %
2026/03/24 06:14:50.819, 4, 178.87 W, 25, 120 MHz, 3996 MHz, 0 %, 0 %
2026/03/24 06:14:50.819, 5, 180.58 W, 28, 120 MHz, 3996 MHz, 0 %, 0 %
2026/03/24 06:14:50.819, 6, 177.83 W, 26, 120 MHz, 3996 MHz, 0 %, 0 %
2026/03/24 06:14:50.819, 7, 176.58 W, 27, 120 MHz, 3996 MHz, 0 %, 0 %
2026/03/24 06:14:51.819, 0, 180.10 W, 30, 120 MHz, 3996 MHz, 0 %, 0 %
2026/03/24 06:14:51.819, 1, 183.32 W, 33, 120 MHz, 3996 MHz, 0 %, 0 %
2026/03/24 06:14:51.819, 2, 184.09 W, 30, 120 MHz, 3996 MHz, 0 %, 0 %
2026/03/24 06:14:51.819, 3, 184.98 W, 34, 120 MHz, 3996 MHz, 0 %, 0 %
2026/03/24 06:14:51.819, 4, 178.76 W, 25, 120 MHz, 3996 MHz, 0 %, 0 %
2026/03/24 06:14:51.819, 5, 180.58 W, 28, 120 MHz, 3996 MHz, 0 %, 0 %
2026/03/24 06:14:51.819, 6, 177.84 W, 26, 120 MHz, 3996 MHz, 0 %, 0 %
2026/03/24 06:14:51.819, 7, 176.58 W, 27, 120 MHz, 3996 MHz, 0 %, 0 %
2026/03/24 06:14:52.819, 0, 180.11 W, 30, 120 MHz, 3996 MHz, 0 %, 0 %
2026/03/24 06:14:52.819, 1, 183.08 W, 33, 120 MHz, 3996 MHz, 0 %, 0 %
2026/03/24 06:14:52.819, 2, 184.10 W, 30, 120 MHz, 3996 MHz, 0 %, 0 %
2026/03/24 06:14:52.819, 3, 184.99 W, 33, 120 MHz, 3996 MHz, 0 %, 0 %
2026/03/24 06:14:52.819, 4, 178.97 W, 25, 120 MHz, 3996 MHz, 0 %, 0 %
2026/03/24 06:14:52.819, 5, 180.58 W, 28, 120 MHz, 3996 MHz, 0 %, 0 %
2026/03/24 06:14:52.819, 6, 178.14 W, 26, 120 MHz, 3996 MHz, 0 %, 0 %
2026/03/24 06:14:52.819, 7, 176.58 W, 27, 120 MHz, 3996 MHz, 0 %, 0 %
2026/03/24 06:14:53.819, 0, 180.11 W, 29, 120 MHz, 3996 MHz, 0 %, 0 %
2026/03/24 06:14:53.819, 1, 183.05 W, 33, 120 MHz, 3996 MHz, 0 %, 0 %
2026/03/24 06:14:53.819, 2, 184.09 W, 30, 120 MHz, 3996 MHz, 0 %, 0 %
2026/03/24 06:14:53.819, 3, 184.98 W, 33, 120 MHz, 3996 MHz, 0 %, 0 %
2026/03/24 06:14:53.819, 4, 178.86 W, 25, 120 MHz, 3996 MHz, 0 %, 0 %
2026/03/24 06:14:53.819, 5, 180.58 W, 28, 120 MHz, 3996 MHz, 0 %, 0 %
2026/03/24 06:14:53.819, 6, 178.18 W, 26, 120 MHz, 3996 MHz, 0 %, 0 %
2026/03/24 06:14:53.819, 7, 176.58 W, 27, 120 MHz, 3996 MHz, 0 %, 0 %
2026/03/24 06:14:54.819, 0, 180.11 W, 29, 120 MHz, 3996 MHz, 0 %, 0 %
2026/03/24 06:14:54.819, 1, 183.01 W, 33, 120 MHz, 3996 MHz, 0 %, 0 %
2026/03/24 06:14:54.819, 2, 184.08 W, 29, 120 MHz, 3996 MHz, 0 %, 0 %
2026/03/24 06:14:54.819, 3, 184.26 W, 33, 120 MHz, 3996 MHz, 0 %, 0 %
2026/03/24 06:14:54.820, 4, 178.89 W, 25, 120 MHz, 3996 MHz, 0 %, 0 %
2026/03/24 06:14:54.820, 5, 180.58 W, 28, 120 MHz, 3996 MHz, 0 %, 0 %
2026/03/24 06:14:54.820, 6, 178.13 W, 26, 120 MHz, 3996 MHz, 0 %, 0 %
2026/03/24 06:14:54.820, 7, 176.59 W, 27, 120 MHz, 3996 MHz, 0 %, 0 %
2026/03/24 06:14:55.820, 0, 180.11 W, 29, 120 MHz, 3996 MHz, 0 %, 0 %
2026/03/24 06:14:55.820, 1, 183.01 W, 32, 120 MHz, 3996 MHz, 0 %, 0 %
2026/03/24 06:14:55.820, 2, 184.10 W, 29, 120 MHz, 3996 MHz, 0 %, 0 %
2026/03/24 06:14:55.820, 3, 183.64 W, 33, 120 MHz, 3996 MHz, 0 %, 0 %
2026/03/24 06:14:55.820, 4, 178.87 W, 25, 120 MHz, 3996 MHz, 0 %, 0 %
2026/03/24 06:14:55.820, 5, 180.58 W, 28, 120 MHz, 3996 MHz, 0 %, 0 %
2026/03/24 06:14:55.820, 6, 177.96 W, 26, 120 MHz, 3996 MHz, 0 %, 0 %
2026/03/24 06:14:55.820, 7, 176.58 W, 27, 120 MHz, 3996 MHz, 0 %, 0 %
2026/03/24 06:14:56.820, 0, 180.11 W, 29, 120 MHz, 3996 MHz, 0 %, 0 %
2026/03/24 06:14:56.820, 1, 183.01 W, 32, 120 MHz, 3996 MHz, 0 %, 0 %
2026/03/24 06:14:56.820, 2, 184.08 W, 29, 120 MHz, 3996 MHz, 0 %, 0 %
2026/03/24 06:14:56.820, 3, 183.23 W, 33, 120 MHz, 3996 MHz, 0 %, 0 %
2026/03/24 06:14:56.820, 4, 178.78 W, 25, 120 MHz, 3996 MHz, 0 %, 0 %
2026/03/24 06:14:56.820, 5, 180.58 W, 28, 120 MHz, 3996 MHz, 0 %, 0 %
2026/03/24 06:14:56.820, 6, 178.25 W, 26, 120 MHz, 3996 MHz, 0 %, 0 %
2026/03/24 06:14:56.820, 7, 176.58 W, 27, 120 MHz, 3996 MHz, 0 %, 0 %
2026/03/24 06:14:57.820, 0, 180.07 W, 29, 120 MHz, 3996 MHz, 0 %, 0 %
2026/03/24 06:14:57.820, 1, 183.01 W, 32, 120 MHz, 3996 MHz, 0 %, 0 %
2026/03/24 06:14:57.820, 2, 184.09 W, 29, 120 MHz, 3996 MHz, 0 %, 0 %
2026/03/24 06:14:57.820, 3, 183.56 W, 33, 120 MHz, 3996 MHz, 0 %, 0 %
2026/03/24 06:14:57.820, 4, 179.08 W, 25, 120 MHz, 3996 MHz, 0 %, 0 %
2026/03/24 06:14:57.820, 5, 180.58 W, 28, 120 MHz, 3996 MHz, 0 %, 0 %
2026/03/24 06:14:57.820, 6, 178.26 W, 26, 120 MHz, 3996 MHz, 0 %, 0 %
2026/03/24 06:14:57.820, 7, 176.58 W, 27, 120 MHz, 3996 MHz, 0 %, 0 %
2026/03/24 06:14:58.820, 0, 180.11 W, 29, 120 MHz, 3996 MHz, 0 %, 0 %
2026/03/24 06:14:58.820, 1, 183.01 W, 32, 120 MHz, 3996 MHz, 0 %, 0 %
2026/03/24 06:14:58.820, 2, 184.09 W, 29, 120 MHz, 3996 MHz, 0 %, 0 %
2026/03/24 06:14:58.820, 3, 183.37 W, 33, 120 MHz, 3996 MHz, 0 %, 0 %
2026/03/24 06:14:58.820, 4, 178.81 W, 25, 120 MHz, 3996 MHz, 0 %, 0 %
2026/03/24 06:14:58.820, 5, 180.58 W, 28, 120 MHz, 3996 MHz, 0 %, 0 %
2026/03/24 06:14:58.820, 6, 178.29 W, 26, 120 MHz, 3996 MHz, 0 %, 0 %
2026/03/24 06:14:58.820, 7, 176.58 W, 27, 120 MHz, 3996 MHz, 0 %, 0 %
2026/03/24 06:14:59.820, 0, 180.11 W, 29, 120 MHz, 3996 MHz, 0 %, 0 %
2026/03/24 06:14:59.820, 1, 183.01 W, 32, 120 MHz, 3996 MHz, 0 %, 0 %
2026/03/24 06:14:59.820, 2, 184.08 W, 29, 120 MHz, 3996 MHz, 0 %, 0 %
2026/03/24 06:14:59.820, 3, 184.54 W, 33, 120 MHz, 3996 MHz, 0 %, 0 %
2026/03/24 06:14:59.820, 4, 178.85 W, 25, 120 MHz, 3996 MHz, 0 %, 0 %
2026/03/24 06:14:59.820, 5, 180.58 W, 28, 120 MHz, 3996 MHz, 0 %, 0 %
2026/03/24 06:14:59.820, 6, 178.03 W, 26, 120 MHz, 3996 MHz, 0 %, 0 %
2026/03/24 06:14:59.820, 7, 176.58 W, 27, 120 MHz, 3996 MHz, 0 %, 0 %
2026/03/24 06:15:00.820, 0, 180.11 W, 29, 120 MHz, 3996 MHz, 0 %, 0 %
2026/03/24 06:15:00.820, 1, 183.01 W, 32, 120 MHz, 3996 MHz, 0 %, 0 %
2026/03/24 06:15:00.820, 2, 184.08 W, 29, 120 MHz, 3996 MHz, 0 %, 0 %
2026/03/24 06:15:00.820, 3, 184.17 W, 32, 120 MHz, 3996 MHz, 0 %, 0 %
2026/03/24 06:15:00.820, 4, 178.79 W, 25, 120 MHz, 3996 MHz, 0 %, 0 %
2026/03/24 06:15:00.820, 5, 180.58 W, 28, 120 MHz, 3996 MHz, 0 %, 0 %
2026/03/24 06:15:00.820, 6, 178.02 W, 26, 120 MHz, 3996 MHz, 0 %, 0 %
2026/03/24 06:15:00.820, 7, 176.58 W, 27, 120 MHz, 3996 MHz, 0 %, 0 %
2026/03/24 06:15:01.821, 0, 180.11 W, 29, 120 MHz, 3996 MHz, 0 %, 0 %
2026/03/24 06:15:01.821, 1, 183.01 W, 32, 120 MHz, 3996 MHz, 0 %, 0 %
2026/03/24 06:15:01.821, 2, 184.07 W, 29, 120 MHz, 3996 MHz, 0 %, 0 %
2026/03/24 06:15:01.821, 3, 184.46 W, 32, 120 MHz, 3996 MHz, 0 %, 0 %
2026/03/24 06:15:01.821, 4, 179.07 W, 25, 120 MHz, 3996 MHz, 0 %, 0 %
2026/03/24 06:15:01.821, 5, 180.58 W, 28, 120 MHz, 3996 MHz, 0 %, 0 %
2026/03/24 06:15:01.821, 6, 178.02 W, 26, 120 MHz, 3996 MHz, 0 %, 0 %
2026/03/24 06:15:01.821, 7, 176.58 W, 27, 120 MHz, 3996 MHz, 0 %, 0 %
2026/03/24 06:15:02.821, 0, 180.11 W, 29, 120 MHz, 3996 MHz, 0 %, 0 %
2026/03/24 06:15:02.821, 1, 183.01 W, 32, 120 MHz, 3996 MHz, 0 %, 0 %
2026/03/24 06:15:02.821, 2, 184.09 W, 28, 120 MHz, 3996 MHz, 0 %, 0 %
2026/03/24 06:15:02.821, 3, 184.54 W, 32, 120 MHz, 3996 MHz, 0 %, 0 %
2026/03/24 06:15:02.821, 4, 178.91 W, 25, 120 MHz, 3996 MHz, 0 %, 0 %
2026/03/24 06:15:02.821, 5, 180.58 W, 28, 120 MHz, 3996 MHz, 0 %, 0 %
2026/03/24 06:15:02.821, 6, 177.99 W, 26, 120 MHz, 3996 MHz, 0 %, 0 %
2026/03/24 06:15:02.821, 7, 176.58 W, 27, 120 MHz, 3996 MHz, 0 %, 0 %
2026/03/24 06:15:03.821, 0, 180.07 W, 28, 120 MHz, 3996 MHz, 0 %, 0 %
2026/03/24 06:15:03.821, 1, 183.04 W, 32, 120 MHz, 3996 MHz, 0 %, 0 %
2026/03/24 06:15:03.821, 2, 184.07 W, 28, 120 MHz, 3996 MHz, 0 %, 0 %
2026/03/24 06:15:03.821, 3, 184.34 W, 32, 120 MHz, 3996 MHz, 0 %, 0 %
2026/03/24 06:15:03.821, 4, 179.73 W, 25, 120 MHz, 3996 MHz, 0 %, 0 %
2026/03/24 06:15:03.821, 5, 180.81 W, 28, 120 MHz, 3996 MHz, 0 %, 0 %
2026/03/24 06:15:03.821, 6, 178.26 W, 26, 120 MHz, 3996 MHz, 0 %, 0 %
2026/03/24 06:15:03.821, 7, 176.58 W, 27, 120 MHz, 3996 MHz, 0 %, 0 %
2026/03/24 06:15:04.821, 0, 180.07 W, 28, 120 MHz, 3996 MHz, 0 %, 0 %
2026/03/24 06:15:04.821, 1, 183.01 W, 31, 120 MHz, 3996 MHz, 0 %, 0 %
2026/03/24 06:15:04.821, 2, 184.09 W, 28, 120 MHz, 3996 MHz, 0 %, 0 %
2026/03/24 06:15:04.821, 3, 184.07 W, 32, 120 MHz, 3996 MHz, 0 %, 0 %
2026/03/24 06:15:04.821, 4, 179.91 W, 25, 120 MHz, 3996 MHz, 0 %, 0 %
2026/03/24 06:15:04.821, 5, 181.48 W, 28, 120 MHz, 3996 MHz, 0 %, 0 %
2026/03/24 06:15:04.821, 6, 178.41 W, 26, 120 MHz, 3996 MHz, 0 %, 0 %
2026/03/24 06:15:04.821, 7, 176.58 W, 27, 120 MHz, 3996 MHz, 0 %, 0 %
2026/03/24 06:15:05.821, 0, 180.03 W, 28, 120 MHz, 3996 MHz, 0 %, 0 %
2026/03/24 06:15:05.821, 1, 183.01 W, 31, 120 MHz, 3996 MHz, 0 %, 0 %
2026/03/24 06:15:05.821, 2, 184.03 W, 28, 120 MHz, 3996 MHz, 0 %, 0 %
2026/03/24 06:15:05.821, 3, 184.06 W, 32, 120 MHz, 3996 MHz, 0 %, 0 %
2026/03/24 06:15:05.821, 4, 178.99 W, 25, 120 MHz, 3996 MHz, 0 %, 0 %
2026/03/24 06:15:05.821, 5, 181.24 W, 28, 120 MHz, 3996 MHz, 0 %, 0 %
2026/03/24 06:15:05.821, 6, 178.64 W, 26, 120 MHz, 3996 MHz, 0 %, 0 %
2026/03/24 06:15:05.821, 7, 176.62 W, 27, 120 MHz, 3996 MHz, 0 %, 0 %
2026/03/24 06:15:06.821, 0, 179.99 W, 28, 120 MHz, 3996 MHz, 0 %, 0 %
2026/03/24 06:15:06.821, 1, 183.01 W, 31, 120 MHz, 3996 MHz, 0 %, 0 %
2026/03/24 06:15:06.821, 2, 184.07 W, 28, 120 MHz, 3996 MHz, 0 %, 0 %
2026/03/24 06:15:06.821, 3, 183.79 W, 32, 120 MHz, 3996 MHz, 0 %, 0 %
2026/03/24 06:15:06.821, 4, 178.80 W, 25, 120 MHz, 3996 MHz, 0 %, 0 %
2026/03/24 06:15:06.821, 5, 180.58 W, 28, 120 MHz, 3996 MHz, 0 %, 0 %
2026/03/24 06:15:06.821, 6, 178.45 W, 26, 120 MHz, 3996 MHz, 0 %, 0 %
2026/03/24 06:15:06.821, 7, 176.58 W, 27, 120 MHz, 3996 MHz, 0 %, 0 %
2026/03/24 06:15:07.821, 0, 179.96 W, 28, 120 MHz, 3996 MHz, 0 %, 0 %
2026/03/24 06:15:07.821, 1, 183.01 W, 31, 120 MHz, 3996 MHz, 0 %, 0 %
2026/03/24 06:15:07.821, 2, 184.05 W, 28, 120 MHz, 3996 MHz, 0 %, 0 %
2026/03/24 06:15:07.821, 3, 183.55 W, 32, 120 MHz, 3996 MHz, 0 %, 0 %
2026/03/24 06:15:07.821, 4, 178.80 W, 25, 120 MHz, 3996 MHz, 0 %, 0 %
2026/03/24 06:15:07.821, 5, 180.58 W, 28, 120 MHz, 3996 MHz, 0 %, 0 %
2026/03/24 06:15:07.822, 6, 178.14 W, 26, 120 MHz, 3996 MHz, 0 %, 0 %
2026/03/24 06:15:07.822, 7, 176.59 W, 27, 120 MHz, 3996 MHz, 0 %, 0 %
2026/03/24 06:15:08.822, 0, 179.87 W, 28, 120 MHz, 3996 MHz, 0 %, 0 %
2026/03/24 06:15:08.822, 1, 183.01 W, 31, 120 MHz, 3996 MHz, 0 %, 0 %
2026/03/24 06:15:08.822, 2, 184.04 W, 28, 120 MHz, 3996 MHz, 0 %, 0 %
2026/03/24 06:15:08.822, 3, 183.62 W, 32, 120 MHz, 3996 MHz, 0 %, 0 %
2026/03/24 06:15:08.822, 4, 178.79 W, 25, 120 MHz, 3996 MHz, 0 %, 0 %
2026/03/24 06:15:08.822, 5, 180.58 W, 28, 120 MHz, 3996 MHz, 0 %, 0 %
2026/03/24 06:15:08.822, 6, 178.33 W, 26, 120 MHz, 3996 MHz, 0 %, 0 %
2026/03/24 06:15:08.822, 7, 176.58 W, 27, 120 MHz, 3996 MHz, 0 %, 0 %
2026/03/24 06:15:09.822, 0, 179.84 W, 28, 120 MHz, 3996 MHz, 0 %, 0 %
2026/03/24 06:15:09.822, 1, 183.01 W, 31, 120 MHz, 3996 MHz, 0 %, 0 %
2026/03/24 06:15:09.822, 2, 184.04 W, 28, 120 MHz, 3996 MHz, 0 %, 0 %
2026/03/24 06:15:09.822, 3, 183.18 W, 32, 120 MHz, 3996 MHz, 0 %, 0 %
2026/03/24 06:15:09.822, 4, 178.83 W, 25, 120 MHz, 3996 MHz, 0 %, 0 %
2026/03/24 06:15:09.822, 5, 180.58 W, 28, 120 MHz, 3996 MHz, 0 %, 0 %
2026/03/24 06:15:09.822, 6, 178.30 W, 26, 120 MHz, 3996 MHz, 0 %, 0 %
2026/03/24 06:15:09.822, 7, 176.59 W, 27, 120 MHz, 3996 MHz, 0 %, 0 %
2026/03/24 06:15:10.822, 0, 179.91 W, 28, 120 MHz, 3996 MHz, 0 %, 0 %
2026/03/24 06:15:10.822, 1, 183.01 W, 31, 120 MHz, 3996 MHz, 0 %, 0 %
2026/03/24 06:15:10.822, 2, 183.99 W, 28, 120 MHz, 3996 MHz, 0 %, 0 %
2026/03/24 06:15:10.822, 3, 183.51 W, 31, 120 MHz, 3996 MHz, 0 %, 0 %
2026/03/24 06:15:10.822, 4, 178.73 W, 25, 120 MHz, 3996 MHz, 0 %, 0 %
2026/03/24 06:15:10.822, 5, 180.58 W, 28, 120 MHz, 3996 MHz, 0 %, 0 %
2026/03/24 06:15:10.822, 6, 178.60 W, 26, 120 MHz, 3996 MHz, 0 %, 0 %
2026/03/24 06:15:10.822, 7, 176.58 W, 27, 120 MHz, 3996 MHz, 0 %, 0 %
2026/03/24 06:15:11.822, 0, 179.92 W, 28, 120 MHz, 3996 MHz, 0 %, 0 %
2026/03/24 06:15:11.822, 1, 183.01 W, 31, 120 MHz, 3996 MHz, 0 %, 0 %
2026/03/24 06:15:11.822, 2, 184.03 W, 28, 120 MHz, 3996 MHz, 0 %, 0 %
2026/03/24 06:15:11.822, 3, 183.23 W, 31, 120 MHz, 3996 MHz, 0 %, 0 %
2026/03/24 06:15:11.822, 4, 178.96 W, 25, 120 MHz, 3996 MHz, 0 %, 0 %
2026/03/24 06:15:11.822, 5, 180.58 W, 28, 120 MHz, 3996 MHz, 0 %, 0 %
2026/03/24 06:15:11.822, 6, 178.41 W, 26, 120 MHz, 3996 MHz, 0 %, 0 %
2026/03/24 06:15:11.822, 7, 176.58 W, 27, 120 MHz, 3996 MHz, 0 %, 0 %
2026/03/24 06:15:12.822, 0, 179.59 W, 28, 120 MHz, 3996 MHz, 0 %, 0 %
2026/03/24 06:15:12.822, 1, 183.01 W, 31, 120 MHz, 3996 MHz, 0 %, 0 %
2026/03/24 06:15:12.822, 2, 183.99 W, 28, 120 MHz, 3996 MHz, 0 %, 0 %
2026/03/24 06:15:12.822, 3, 183.09 W, 31, 120 MHz, 3996 MHz, 0 %, 0 %
2026/03/24 06:15:12.822, 4, 178.88 W, 25, 120 MHz, 3996 MHz, 0 %, 0 %
2026/03/24 06:15:12.822, 5, 180.58 W, 28, 120 MHz, 3996 MHz, 0 %, 0 %
2026/03/24 06:15:12.822, 6, 178.37 W, 26, 120 MHz, 3996 MHz, 0 %, 0 %
2026/03/24 06:15:12.822, 7, 176.59 W, 27, 120 MHz, 3996 MHz, 0 %, 0 %
2026/03/24 06:15:13.822, 0, 179.73 W, 28, 120 MHz, 3996 MHz, 0 %, 0 %
2026/03/24 06:15:13.822, 1, 183.01 W, 31, 120 MHz, 3996 MHz, 0 %, 0 %
2026/03/24 06:15:13.822, 2, 183.82 W, 28, 120 MHz, 3996 MHz, 0 %, 0 %
2026/03/24 06:15:13.822, 3, 183.20 W, 31, 120 MHz, 3996 MHz, 0 %, 0 %
2026/03/24 06:15:13.822, 4, 178.82 W, 25, 120 MHz, 3996 MHz, 0 %, 0 %
2026/03/24 06:15:13.822, 5, 180.58 W, 28, 120 MHz, 3996 MHz, 0 %, 0 %
2026/03/24 06:15:13.822, 6, 178.45 W, 26, 120 MHz, 3996 MHz, 0 %, 0 %
2026/03/24 06:15:13.822, 7, 176.59 W, 27, 120 MHz, 3996 MHz, 0 %, 0 %
2026/03/24 06:15:14.823, 0, 179.65 W, 28, 120 MHz, 3996 MHz, 0 %, 0 %
2026/03/24 06:15:14.823, 1, 183.01 W, 31, 120 MHz, 3996 MHz, 0 %, 0 %
2026/03/24 06:15:14.823, 2, 184.03 W, 27, 120 MHz, 3996 MHz, 0 %, 0 %
2026/03/24 06:15:14.823, 3, 183.10 W, 31, 120 MHz, 3996 MHz, 0 %, 0 %
2026/03/24 06:15:14.823, 4, 178.94 W, 25, 120 MHz, 3996 MHz, 0 %, 0 %
2026/03/24 06:15:14.823, 5, 180.58 W, 28, 120 MHz, 3996 MHz, 0 %, 0 %
2026/03/24 06:15:14.823, 6, 178.37 W, 26, 120 MHz, 3996 MHz, 0 %, 0 %
2026/03/24 06:15:14.823, 7, 176.59 W, 27, 120 MHz, 3996 MHz, 0 %, 0 %
2026/03/24 06:15:15.823, 0, 179.45 W, 28, 120 MHz, 3996 MHz, 0 %, 0 %
2026/03/24 06:15:15.823, 1, 183.01 W, 30, 120 MHz, 3996 MHz, 0 %, 0 %
2026/03/24 06:15:15.823, 2, 183.75 W, 27, 120 MHz, 3996 MHz, 0 %, 0 %
2026/03/24 06:15:15.823, 3, 183.03 W, 31, 120 MHz, 3996 MHz, 0 %, 0 %
2026/03/24 06:15:15.823, 4, 178.95 W, 25, 120 MHz, 3996 MHz, 0 %, 0 %
2026/03/24 06:15:15.823, 5, 180.58 W, 28, 120 MHz, 3996 MHz, 0 %, 0 %
2026/03/24 06:15:15.823, 6, 178.26 W, 26, 120 MHz, 3996 MHz, 0 %, 0 %
2026/03/24 06:15:15.823, 7, 176.58 W, 27, 120 MHz, 3996 MHz, 0 %, 0 %
2026/03/24 06:15:16.823, 0, 179.33 W, 27, 120 MHz, 3996 MHz, 0 %, 0 %
2026/03/24 06:15:16.823, 1, 183.01 W, 30, 120 MHz, 3996 MHz, 0 %, 0 %
2026/03/24 06:15:16.823, 2, 183.93 W, 27, 120 MHz, 3996 MHz, 0 %, 0 %
2026/03/24 06:15:16.823, 3, 183.05 W, 31, 120 MHz, 3996 MHz, 0 %, 0 %
2026/03/24 06:15:16.823, 4, 178.97 W, 25, 120 MHz, 3996 MHz, 0 %, 0 %
2026/03/24 06:15:16.823, 5, 180.58 W, 28, 120 MHz, 3996 MHz, 0 %, 0 %
2026/03/24 06:15:16.823, 6, 178.45 W, 26, 120 MHz, 3996 MHz, 0 %, 0 %
2026/03/24 06:15:16.823, 7, 176.58 W, 27, 120 MHz, 3996 MHz, 0 %, 0 %
2026/03/24 06:15:17.823, 0, 178.85 W, 27, 120 MHz, 3996 MHz, 0 %, 0 %
2026/03/24 06:15:17.823, 1, 183.01 W, 30, 120 MHz, 3996 MHz, 0 %, 0 %
2026/03/24 06:15:17.823, 2, 183.85 W, 27, 120 MHz, 3996 MHz, 0 %, 0 %
2026/03/24 06:15:17.823, 3, 183.05 W, 31, 120 MHz, 3996 MHz, 0 %, 0 %
2026/03/24 06:15:17.823, 4, 179.05 W, 25, 120 MHz, 3996 MHz, 0 %, 0 %
2026/03/24 06:15:17.823, 5, 180.58 W, 28, 120 MHz, 3996 MHz, 0 %, 0 %
2026/03/24 06:15:17.823, 6, 178.41 W, 26, 120 MHz, 3996 MHz, 0 %, 0 %
2026/03/24 06:15:17.823, 7, 176.59 W, 27, 120 MHz, 3996 MHz, 0 %, 0 %
2026/03/24 06:15:18.823, 0, 178.93 W, 27, 120 MHz, 3996 MHz, 0 %, 0 %
2026/03/24 06:15:18.823, 1, 183.01 W, 30, 120 MHz, 3996 MHz, 0 %, 0 %
2026/03/24 06:15:18.823, 2, 183.68 W, 27, 120 MHz, 3996 MHz, 0 %, 0 %
2026/03/24 06:15:18.823, 3, 183.01 W, 31, 120 MHz, 3996 MHz, 0 %, 0 %
2026/03/24 06:15:18.823, 4, 179.15 W, 25, 120 MHz, 3996 MHz, 0 %, 0 %
2026/03/24 06:15:18.823, 5, 180.58 W, 28, 120 MHz, 3996 MHz, 0 %, 0 %
2026/03/24 06:15:18.823, 6, 178.45 W, 26, 120 MHz, 3996 MHz, 0 %, 0 %
2026/03/24 06:15:18.823, 7, 176.59 W, 27, 120 MHz, 3996 MHz, 0 %, 0 %
2026/03/24 06:15:19.823, 0, 178.97 W, 27, 120 MHz, 3996 MHz, 0 %, 0 %
2026/03/24 06:15:19.823, 1, 182.97 W, 30, 120 MHz, 3996 MHz, 0 %, 0 %
2026/03/24 06:15:19.823, 2, 183.57 W, 27, 120 MHz, 3996 MHz, 0 %, 0 %
2026/03/24 06:15:19.823, 3, 183.02 W, 31, 120 MHz, 3996 MHz, 0 %, 0 %
2026/03/24 06:15:19.823, 4, 179.10 W, 25, 120 MHz, 3996 MHz, 0 %, 0 %
2026/03/24 06:15:19.823, 5, 180.58 W, 28, 120 MHz, 3996 MHz, 0 %, 0 %
2026/03/24 06:15:19.823, 6, 178.22 W, 26, 120 MHz, 3996 MHz, 0 %, 0 %
2026/03/24 06:15:19.823, 7, 176.58 W, 27, 120 MHz, 3996 MHz, 0 %, 0 %
2026/03/24 06:15:20.824, 0, 178.94 W, 27, 120 MHz, 3996 MHz, 0 %, 0 %
2026/03/24 06:15:20.824, 1, 183.01 W, 30, 120 MHz, 3996 MHz, 0 %, 0 %
2026/03/24 06:15:20.824, 2, 183.30 W, 27, 120 MHz, 3996 MHz, 0 %, 0 %
2026/03/24 06:15:20.824, 3, 183.01 W, 31, 120 MHz, 3996 MHz, 0 %, 0 %
2026/03/24 06:15:20.824, 4, 179.00 W, 25, 120 MHz, 3996 MHz, 0 %, 0 %
2026/03/24 06:15:20.824, 5, 180.58 W, 28, 120 MHz, 3996 MHz, 0 %, 0 %
2026/03/24 06:15:20.824, 6, 178.30 W, 26, 120 MHz, 3996 MHz, 0 %, 0 %
2026/03/24 06:15:20.824, 7, 176.58 W, 27, 120 MHz, 3996 MHz, 0 %, 0 %
2026/03/24 06:15:21.824, 0, 178.94 W, 27, 120 MHz, 3996 MHz, 0 %, 0 %
2026/03/24 06:15:21.824, 1, 182.97 W, 30, 120 MHz, 3996 MHz, 0 %, 0 %
2026/03/24 06:15:21.824, 2, 183.27 W, 27, 120 MHz, 3996 MHz, 0 %, 0 %
2026/03/24 06:15:21.824, 3, 183.01 W, 31, 120 MHz, 3996 MHz, 0 %, 0 %
2026/03/24 06:15:21.824, 4, 179.02 W, 25, 120 MHz, 3996 MHz, 0 %, 0 %
2026/03/24 06:15:21.824, 5, 180.58 W, 28, 120 MHz, 3996 MHz, 0 %, 0 %
2026/03/24 06:15:21.824, 6, 178.33 W, 26, 120 MHz, 3996 MHz, 0 %, 0 %
2026/03/24 06:15:21.824, 7, 176.58 W, 27, 120 MHz, 3996 MHz, 0 %, 0 %
2026/03/24 06:15:22.824, 0, 178.96 W, 27, 120 MHz, 3996 MHz, 0 %, 0 %
2026/03/24 06:15:22.824, 1, 204.76 W, 31, 2032 MHz, 3996 MHz, 0 %, 0 %
2026/03/24 06:15:22.824, 2, 232.86 W, 28, 2032 MHz, 3996 MHz, 0 %, 0 %
2026/03/24 06:15:22.824, 3, 204.15 W, 31, 2032 MHz, 3996 MHz, 0 %, 0 %
2026/03/24 06:15:22.824, 4, 178.84 W, 25, 120 MHz, 3996 MHz, 0 %, 0 %
2026/03/24 06:15:22.824, 5, 180.58 W, 28, 120 MHz, 3996 MHz, 0 %, 0 %
2026/03/24 06:15:22.824, 6, 178.30 W, 26, 120 MHz, 3996 MHz, 0 %, 0 %
2026/03/24 06:15:22.824, 7, 176.58 W, 27, 120 MHz, 3996 MHz, 0 %, 0 %
2026/03/24 06:15:23.824, 0, 208.22 W, 28, 2032 MHz, 3996 MHz, 0 %, 0 %
2026/03/24 06:15:23.824, 1, 234.96 W, 31, 2032 MHz, 3996 MHz, 0 %, 0 %
2026/03/24 06:15:23.824, 2, 234.41 W, 28, 2032 MHz, 3996 MHz, 0 %, 0 %
2026/03/24 06:15:23.824, 3, 235.24 W, 31, 2032 MHz, 3996 MHz, 0 %, 0 %
2026/03/24 06:15:23.824, 4, 179.03 W, 25, 120 MHz, 3996 MHz, 0 %, 0 %
2026/03/24 06:15:23.824, 5, 180.58 W, 28, 120 MHz, 3996 MHz, 0 %, 0 %
2026/03/24 06:15:23.824, 6, 178.30 W, 26, 120 MHz, 3996 MHz, 0 %, 0 %
2026/03/24 06:15:23.824, 7, 176.58 W, 27, 120 MHz, 3996 MHz, 0 %, 0 %
2026/03/24 06:15:24.824, 0, 228.76 W, 28, 2032 MHz, 3996 MHz, 0 %, 0 %
2026/03/24 06:15:24.824, 1, 233.51 W, 31, 2032 MHz, 3996 MHz, 0 %, 0 %
2026/03/24 06:15:24.824, 2, 234.02 W, 28, 2032 MHz, 3996 MHz, 0 %, 0 %
2026/03/24 06:15:24.824, 3, 235.22 W, 31, 2032 MHz, 3996 MHz, 0 %, 0 %
2026/03/24 06:15:24.824, 4, 178.96 W, 25, 120 MHz, 3996 MHz, 0 %, 0 %
2026/03/24 06:15:24.824, 5, 180.58 W, 28, 120 MHz, 3996 MHz, 0 %, 0 %
2026/03/24 06:15:24.824, 6, 178.37 W, 26, 120 MHz, 3996 MHz, 0 %, 0 %
2026/03/24 06:15:24.824, 7, 176.58 W, 27, 120 MHz, 3996 MHz, 0 %, 0 %
2026/03/24 06:15:25.824, 0, 228.36 W, 28, 2032 MHz, 3996 MHz, 0 %, 0 %
2026/03/24 06:15:25.824, 1, 233.43 W, 31, 2032 MHz, 3996 MHz, 0 %, 0 %
2026/03/24 06:15:25.824, 2, 234.02 W, 28, 2032 MHz, 3996 MHz, 0 %, 0 %
2026/03/24 06:15:25.824, 3, 235.26 W, 31, 2032 MHz, 3996 MHz, 0 %, 0 %
2026/03/24 06:15:25.824, 4, 178.91 W, 25, 120 MHz, 3996 MHz, 0 %, 0 %
2026/03/24 06:15:25.824, 5, 180.58 W, 28, 120 MHz, 3996 MHz, 0 %, 0 %
2026/03/24 06:15:25.824, 6, 178.29 W, 26, 120 MHz, 3996 MHz, 0 %, 0 %
2026/03/24 06:15:25.824, 7, 176.58 W, 27, 120 MHz, 3996 MHz, 0 %, 0 %
2026/03/24 06:15:26.824, 0, 228.25 W, 28, 2032 MHz, 3996 MHz, 0 %, 0 %
2026/03/24 06:15:26.824, 1, 233.59 W, 31, 2032 MHz, 3996 MHz, 0 %, 0 %
2026/03/24 06:15:26.824, 2, 234.02 W, 28, 2032 MHz, 3996 MHz, 0 %, 0 %
2026/03/24 06:15:26.824, 3, 235.26 W, 31, 2032 MHz, 3996 MHz, 0 %, 0 %
2026/03/24 06:15:26.824, 4, 178.98 W, 25, 120 MHz, 3996 MHz, 0 %, 0 %
2026/03/24 06:15:26.824, 5, 180.58 W, 28, 120 MHz, 3996 MHz, 0 %, 0 %
2026/03/24 06:15:26.825, 6, 178.52 W, 26, 120 MHz, 3996 MHz, 0 %, 0 %
2026/03/24 06:15:26.825, 7, 176.58 W, 27, 120 MHz, 3996 MHz, 0 %, 0 %
2026/03/24 06:15:27.825, 0, 228.51 W, 28, 2032 MHz, 3996 MHz, 0 %, 0 %
2026/03/24 06:15:27.825, 1, 233.40 W, 31, 2032 MHz, 3996 MHz, 0 %, 0 %
2026/03/24 06:15:27.825, 2, 234.02 W, 28, 2032 MHz, 3996 MHz, 0 %, 0 %
2026/03/24 06:15:27.825, 3, 235.26 W, 31, 2032 MHz, 3996 MHz, 0 %, 0 %
2026/03/24 06:15:27.825, 4, 179.00 W, 25, 120 MHz, 3996 MHz, 0 %, 0 %
2026/03/24 06:15:27.825, 5, 180.58 W, 28, 120 MHz, 3996 MHz, 0 %, 0 %
2026/03/24 06:15:27.825, 6, 178.25 W, 26, 120 MHz, 3996 MHz, 0 %, 0 %
2026/03/24 06:15:27.825, 7, 176.58 W, 27, 120 MHz, 3996 MHz, 0 %, 0 %
2026/03/24 06:15:28.825, 0, 228.38 W, 28, 2032 MHz, 3996 MHz, 0 %, 0 %
2026/03/24 06:15:28.825, 1, 233.58 W, 31, 2032 MHz, 3996 MHz, 0 %, 0 %
2026/03/24 06:15:28.825, 2, 234.02 W, 28, 2032 MHz, 3996 MHz, 0 %, 0 %
2026/03/24 06:15:28.825, 3, 235.24 W, 31, 2032 MHz, 3996 MHz, 0 %, 0 %
2026/03/24 06:15:28.825, 4, 178.88 W, 25, 120 MHz, 3996 MHz, 0 %, 0 %
2026/03/24 06:15:28.825, 5, 180.58 W, 28, 120 MHz, 3996 MHz, 0 %, 0 %
2026/03/24 06:15:28.825, 6, 178.22 W, 26, 120 MHz, 3996 MHz, 0 %, 0 %
2026/03/24 06:15:28.825, 7, 176.58 W, 27, 120 MHz, 3996 MHz, 0 %, 0 %
2026/03/24 06:15:29.825, 0, 228.47 W, 28, 2032 MHz, 3996 MHz, 0 %, 0 %
2026/03/24 06:15:29.825, 1, 234.19 W, 31, 2032 MHz, 3996 MHz, 0 %, 0 %
2026/03/24 06:15:29.825, 2, 234.02 W, 28, 2032 MHz, 3996 MHz, 0 %, 0 %
2026/03/24 06:15:29.825, 3, 235.20 W, 31, 2032 MHz, 3996 MHz, 0 %, 0 %
2026/03/24 06:15:29.825, 4, 178.86 W, 25, 120 MHz, 3996 MHz, 0 %, 0 %
2026/03/24 06:15:29.825, 5, 180.58 W, 28, 120 MHz, 3996 MHz, 0 %, 0 %
2026/03/24 06:15:29.825, 6, 178.45 W, 26, 120 MHz, 3996 MHz, 0 %, 0 %
2026/03/24 06:15:29.825, 7, 176.58 W, 27, 120 MHz, 3996 MHz, 0 %, 0 %
2026/03/24 06:15:30.825, 0, 228.35 W, 28, 2032 MHz, 3996 MHz, 0 %, 0 %
2026/03/24 06:15:30.825, 1, 235.26 W, 31, 2032 MHz, 3996 MHz, 0 %, 0 %
2026/03/24 06:15:30.825, 2, 234.02 W, 28, 2032 MHz, 3996 MHz, 0 %, 0 %
2026/03/24 06:15:30.825, 3, 235.20 W, 31, 2032 MHz, 3996 MHz, 0 %, 0 %
2026/03/24 06:15:30.825, 4, 178.73 W, 25, 120 MHz, 3996 MHz, 0 %, 0 %
2026/03/24 06:15:30.825, 5, 180.58 W, 28, 120 MHz, 3996 MHz, 0 %, 0 %
2026/03/24 06:15:30.825, 6, 178.41 W, 26, 120 MHz, 3996 MHz, 0 %, 0 %
2026/03/24 06:15:30.825, 7, 176.58 W, 27, 120 MHz, 3996 MHz, 0 %, 0 %
2026/03/24 06:15:31.825, 0, 228.46 W, 28, 2032 MHz, 3996 MHz, 0 %, 0 %
2026/03/24 06:15:31.825, 1, 235.26 W, 31, 2032 MHz, 3996 MHz, 0 %, 0 %
2026/03/24 06:15:31.825, 2, 234.02 W, 28, 2032 MHz, 3996 MHz, 0 %, 0 %
2026/03/24 06:15:31.825, 3, 235.22 W, 31, 2032 MHz, 3996 MHz, 0 %, 0 %
2026/03/24 06:15:31.825, 4, 178.92 W, 25, 120 MHz, 3996 MHz, 0 %, 0 %
2026/03/24 06:15:31.825, 5, 180.58 W, 28, 120 MHz, 3996 MHz, 0 %, 0 %
2026/03/24 06:15:31.825, 6, 178.49 W, 26, 120 MHz, 3996 MHz, 0 %, 0 %
2026/03/24 06:15:31.825, 7, 176.59 W, 27, 120 MHz, 3996 MHz, 0 %, 0 %
2026/03/24 06:15:32.825, 0, 228.65 W, 28, 2032 MHz, 3996 MHz, 0 %, 0 %
2026/03/24 06:15:32.825, 1, 235.26 W, 31, 2032 MHz, 3996 MHz, 0 %, 0 %
2026/03/24 06:15:32.825, 2, 234.02 W, 28, 2032 MHz, 3996 MHz, 0 %, 0 %
2026/03/24 06:15:32.825, 3, 235.24 W, 31, 2032 MHz, 3996 MHz, 0 %, 0 %
2026/03/24 06:15:32.825, 4, 178.86 W, 25, 120 MHz, 3996 MHz, 0 %, 0 %
2026/03/24 06:15:32.825, 5, 180.58 W, 28, 120 MHz, 3996 MHz, 0 %, 0 %
2026/03/24 06:15:32.825, 6, 178.38 W, 26, 120 MHz, 3996 MHz, 0 %, 0 %
2026/03/24 06:15:32.825, 7, 176.59 W, 27, 120 MHz, 3996 MHz, 0 %, 0 %
2026/03/24 06:15:33.825, 0, 228.93 W, 28, 2032 MHz, 3996 MHz, 0 %, 0 %
2026/03/24 06:15:33.825, 1, 235.14 W, 31, 2032 MHz, 3996 MHz, 0 %, 0 %
2026/03/24 06:15:33.825, 2, 234.10 W, 28, 2032 MHz, 3996 MHz, 0 %, 0 %
2026/03/24 06:15:33.826, 3, 235.26 W, 31, 2032 MHz, 3996 MHz, 0 %, 0 %
2026/03/24 06:15:33.826, 4, 178.97 W, 25, 120 MHz, 3996 MHz, 0 %, 0 %
2026/03/24 06:15:33.826, 5, 180.58 W, 28, 120 MHz, 3996 MHz, 0 %, 0 %
2026/03/24 06:15:33.826, 6, 178.49 W, 26, 120 MHz, 3996 MHz, 0 %, 0 %
2026/03/24 06:15:33.826, 7, 176.58 W, 27, 120 MHz, 3996 MHz, 0 %, 0 %
2026/03/24 06:15:34.826, 0, 229.09 W, 28, 2032 MHz, 3996 MHz, 0 %, 0 %
2026/03/24 06:15:34.826, 1, 235.26 W, 31, 2032 MHz, 3996 MHz, 0 %, 0 %
2026/03/24 06:15:34.826, 2, 234.18 W, 28, 2032 MHz, 3996 MHz, 0 %, 0 %
2026/03/24 06:15:34.826, 3, 235.20 W, 31, 2032 MHz, 3996 MHz, 0 %, 0 %
2026/03/24 06:15:34.826, 4, 179.21 W, 25, 120 MHz, 3996 MHz, 0 %, 0 %
2026/03/24 06:15:34.826, 5, 180.58 W, 28, 120 MHz, 3996 MHz, 0 %, 0 %
2026/03/24 06:15:34.826, 6, 178.34 W, 26, 120 MHz, 3996 MHz, 0 %, 0 %
2026/03/24 06:15:34.826, 7, 176.59 W, 27, 120 MHz, 3996 MHz, 0 %, 0 %
2026/03/24 06:15:35.826, 0, 228.83 W, 28, 2032 MHz, 3996 MHz, 0 %, 0 %
2026/03/24 06:15:35.826, 1, 235.10 W, 31, 2032 MHz, 3996 MHz, 0 %, 0 %
2026/03/24 06:15:35.826, 2, 234.18 W, 28, 2032 MHz, 3996 MHz, 0 %, 0 %
2026/03/24 06:15:35.826, 3, 235.27 W, 31, 2032 MHz, 3996 MHz, 0 %, 0 %
2026/03/24 06:15:35.826, 4, 178.84 W, 25, 120 MHz, 3996 MHz, 0 %, 0 %
2026/03/24 06:15:35.826, 5, 180.58 W, 28, 120 MHz, 3996 MHz, 0 %, 0 %
2026/03/24 06:15:35.826, 6, 178.49 W, 26, 120 MHz, 3996 MHz, 0 %, 0 %
2026/03/24 06:15:35.826, 7, 176.58 W, 27, 120 MHz, 3996 MHz, 0 %, 0 %
2026/03/24 06:15:36.826, 0, 228.99 W, 28, 2032 MHz, 3996 MHz, 0 %, 0 %
2026/03/24 06:15:36.826, 1, 235.18 W, 31, 2032 MHz, 3996 MHz, 0 %, 0 %
2026/03/24 06:15:36.826, 2, 234.18 W, 28, 2032 MHz, 3996 MHz, 0 %, 0 %
2026/03/24 06:15:36.826, 3, 235.21 W, 31, 2032 MHz, 3996 MHz, 0 %, 0 %
2026/03/24 06:15:36.826, 4, 178.86 W, 25, 120 MHz, 3996 MHz, 0 %, 0 %
2026/03/24 06:15:36.826, 5, 180.58 W, 28, 120 MHz, 3996 MHz, 0 %, 0 %
2026/03/24 06:15:36.826, 6, 178.56 W, 26, 120 MHz, 3996 MHz, 0 %, 0 %
2026/03/24 06:15:36.826, 7, 176.59 W, 27, 120 MHz, 3996 MHz, 0 %, 0 %
2026/03/24 06:15:37.826, 0, 229.17 W, 28, 2032 MHz, 3996 MHz, 0 %, 0 %
2026/03/24 06:15:37.826, 1, 235.14 W, 31, 2032 MHz, 3996 MHz, 0 %, 0 %
2026/03/24 06:15:37.826, 2, 234.18 W, 28, 2032 MHz, 3996 MHz, 0 %, 0 %
2026/03/24 06:15:37.826, 3, 235.23 W, 31, 2032 MHz, 3996 MHz, 0 %, 0 %
2026/03/24 06:15:37.826, 4, 179.15 W, 25, 120 MHz, 3996 MHz, 0 %, 0 %
2026/03/24 06:15:37.826, 5, 180.58 W, 28, 120 MHz, 3996 MHz, 0 %, 0 %
2026/03/24 06:15:37.826, 6, 178.45 W, 26, 120 MHz, 3996 MHz, 0 %, 0 %
2026/03/24 06:15:37.826, 7, 176.58 W, 27, 120 MHz, 3996 MHz, 0 %, 0 %
2026/03/24 06:15:38.826, 0, 228.82 W, 28, 2032 MHz, 3996 MHz, 0 %, 0 %
2026/03/24 06:15:38.826, 1, 235.22 W, 31, 2032 MHz, 3996 MHz, 0 %, 0 %
2026/03/24 06:15:38.826, 2, 234.14 W, 28, 2032 MHz, 3996 MHz, 0 %, 0 %
2026/03/24 06:15:38.826, 3, 235.23 W, 31, 2032 MHz, 3996 MHz, 0 %, 0 %
2026/03/24 06:15:38.826, 4, 178.88 W, 25, 120 MHz, 3996 MHz, 0 %, 0 %
2026/03/24 06:15:38.826, 5, 180.58 W, 28, 120 MHz, 3996 MHz, 0 %, 0 %
2026/03/24 06:15:38.826, 6, 178.45 W, 26, 120 MHz, 3996 MHz, 0 %, 0 %
2026/03/24 06:15:38.826, 7, 176.59 W, 27, 120 MHz, 3996 MHz, 0 %, 0 %
2026/03/24 06:15:39.826, 0, 229.12 W, 28, 2032 MHz, 3996 MHz, 0 %, 0 %
2026/03/24 06:15:39.826, 1, 235.06 W, 31, 2032 MHz, 3996 MHz, 0 %, 0 %
2026/03/24 06:15:39.826, 2, 234.10 W, 28, 2032 MHz, 3996 MHz, 0 %, 0 %
2026/03/24 06:15:39.826, 3, 235.20 W, 31, 2032 MHz, 3996 MHz, 0 %, 0 %
2026/03/24 06:15:39.826, 4, 178.82 W, 25, 120 MHz, 3996 MHz, 0 %, 0 %
2026/03/24 06:15:39.826, 5, 180.58 W, 28, 120 MHz, 3996 MHz, 0 %, 0 %
2026/03/24 06:15:39.826, 6, 178.41 W, 26, 120 MHz, 3996 MHz, 0 %, 0 %
2026/03/24 06:15:39.826, 7, 176.59 W, 27, 120 MHz, 3996 MHz, 0 %, 0 %
2026/03/24 06:15:40.827, 0, 229.10 W, 28, 2032 MHz, 3996 MHz, 0 %, 0 %
2026/03/24 06:15:40.827, 1, 234.99 W, 31, 2032 MHz, 3996 MHz, 0 %, 0 %
2026/03/24 06:15:40.827, 2, 234.10 W, 28, 2032 MHz, 3996 MHz, 0 %, 0 %
2026/03/24 06:15:40.827, 3, 235.25 W, 31, 2032 MHz, 3996 MHz, 0 %, 0 %
2026/03/24 06:15:40.827, 4, 179.01 W, 25, 120 MHz, 3996 MHz, 0 %, 0 %
2026/03/24 06:15:40.827, 5, 180.58 W, 28, 120 MHz, 3996 MHz, 0 %, 0 %
2026/03/24 06:15:40.827, 6, 178.41 W, 26, 120 MHz, 3996 MHz, 0 %, 0 %
2026/03/24 06:15:40.827, 7, 176.58 W, 27, 120 MHz, 3996 MHz, 0 %, 0 %
2026/03/24 06:15:41.827, 0, 229.31 W, 28, 2032 MHz, 3996 MHz, 0 %, 0 %
2026/03/24 06:15:41.827, 1, 234.97 W, 30, 2032 MHz, 3996 MHz, 0 %, 0 %
2026/03/24 06:15:41.827, 2, 234.18 W, 28, 2032 MHz, 3996 MHz, 0 %, 0 %
2026/03/24 06:15:41.827, 3, 235.21 W, 31, 2032 MHz, 3996 MHz, 0 %, 0 %
2026/03/24 06:15:41.827, 4, 178.80 W, 25, 120 MHz, 3996 MHz, 0 %, 0 %
2026/03/24 06:15:41.827, 5, 180.58 W, 28, 120 MHz, 3996 MHz, 0 %, 0 %
2026/03/24 06:15:41.827, 6, 178.37 W, 26, 120 MHz, 3996 MHz, 0 %, 0 %
2026/03/24 06:15:41.827, 7, 176.59 W, 27, 120 MHz, 3996 MHz, 0 %, 0 %
2026/03/24 06:15:42.827, 0, 228.96 W, 28, 2032 MHz, 3996 MHz, 0 %, 0 %
2026/03/24 06:15:42.827, 1, 234.98 W, 30, 2032 MHz, 3996 MHz, 0 %, 0 %
2026/03/24 06:15:42.827, 2, 234.18 W, 28, 2032 MHz, 3996 MHz, 0 %, 0 %
2026/03/24 06:15:42.827, 3, 235.25 W, 31, 2032 MHz, 3996 MHz, 0 %, 0 %
2026/03/24 06:15:42.827, 4, 178.83 W, 25, 120 MHz, 3996 MHz, 0 %, 0 %
2026/03/24 06:15:42.827, 5, 180.58 W, 28, 120 MHz, 3996 MHz, 0 %, 0 %
2026/03/24 06:15:42.827, 6, 178.44 W, 26, 120 MHz, 3996 MHz, 0 %, 0 %
2026/03/24 06:15:42.827, 7, 176.58 W, 27, 120 MHz, 3996 MHz, 0 %, 0 %
2026/03/24 06:15:43.827, 0, 229.21 W, 28, 2032 MHz, 3996 MHz, 0 %, 0 %
2026/03/24 06:15:43.827, 1, 235.14 W, 30, 2032 MHz, 3996 MHz, 0 %, 0 %
2026/03/24 06:15:43.827, 2, 234.37 W, 28, 2032 MHz, 3996 MHz, 0 %, 0 %
2026/03/24 06:15:43.827, 3, 235.24 W, 31, 2032 MHz, 3996 MHz, 0 %, 0 %
2026/03/24 06:15:43.827, 4, 178.99 W, 25, 120 MHz, 3996 MHz, 0 %, 0 %
2026/03/24 06:15:43.827, 5, 180.58 W, 28, 120 MHz, 3996 MHz, 0 %, 0 %
2026/03/24 06:15:43.827, 6, 178.45 W, 26, 120 MHz, 3996 MHz, 0 %, 0 %
2026/03/24 06:15:43.827, 7, 176.58 W, 27, 120 MHz, 3996 MHz, 0 %, 0 %
2026/03/24 06:15:44.827, 0, 228.96 W, 28, 2032 MHz, 3996 MHz, 0 %, 0 %
2026/03/24 06:15:44.827, 1, 235.03 W, 30, 2032 MHz, 3996 MHz, 0 %, 0 %
2026/03/24 06:15:44.827, 2, 234.29 W, 28, 2032 MHz, 3996 MHz, 0 %, 0 %
2026/03/24 06:15:44.827, 3, 235.27 W, 31, 2032 MHz, 3996 MHz, 0 %, 0 %
2026/03/24 06:15:44.827, 4, 178.70 W, 25, 120 MHz, 3996 MHz, 0 %, 0 %
2026/03/24 06:15:44.827, 5, 180.58 W, 28, 120 MHz, 3996 MHz, 0 %, 0 %
2026/03/24 06:15:44.827, 6, 178.33 W, 26, 120 MHz, 3996 MHz, 0 %, 0 %
2026/03/24 06:15:44.827, 7, 176.58 W, 27, 120 MHz, 3996 MHz, 0 %, 0 %
2026/03/24 06:15:45.827, 0, 228.88 W, 28, 2032 MHz, 3996 MHz, 0 %, 0 %
2026/03/24 06:15:45.827, 1, 235.03 W, 30, 2032 MHz, 3996 MHz, 0 %, 0 %
2026/03/24 06:15:45.827, 2, 234.18 W, 28, 2032 MHz, 3996 MHz, 0 %, 0 %
2026/03/24 06:15:45.827, 3, 235.26 W, 31, 2032 MHz, 3996 MHz, 0 %, 0 %
2026/03/24 06:15:45.827, 4, 178.82 W, 25, 120 MHz, 3996 MHz, 0 %, 0 %
2026/03/24 06:15:45.827, 5, 180.58 W, 28, 120 MHz, 3996 MHz, 0 %, 0 %
2026/03/24 06:15:45.827, 6, 178.41 W, 26, 120 MHz, 3996 MHz, 0 %, 0 %
2026/03/24 06:15:45.827, 7, 176.58 W, 27, 120 MHz, 3996 MHz, 0 %, 0 %
2026/03/24 06:15:46.827, 0, 228.87 W, 28, 2032 MHz, 3996 MHz, 0 %, 0 %
2026/03/24 06:15:46.827, 1, 234.89 W, 30, 2032 MHz, 3996 MHz, 0 %, 0 %
2026/03/24 06:15:46.828, 2, 234.14 W, 28, 2032 MHz, 3996 MHz, 0 %, 0 %
2026/03/24 06:15:46.828, 3, 235.26 W, 31, 2032 MHz, 3996 MHz, 0 %, 0 %
2026/03/24 06:15:46.828, 4, 178.94 W, 25, 120 MHz, 3996 MHz, 0 %, 0 %
2026/03/24 06:15:46.828, 5, 180.58 W, 28, 120 MHz, 3996 MHz, 0 %, 0 %
2026/03/24 06:15:46.828, 6, 178.41 W, 26, 120 MHz, 3996 MHz, 0 %, 0 %
2026/03/24 06:15:46.828, 7, 176.59 W, 27, 120 MHz, 3996 MHz, 0 %, 0 %
2026/03/24 06:15:47.828, 0, 229.02 W, 28, 2032 MHz, 3996 MHz, 0 %, 0 %
2026/03/24 06:15:47.828, 1, 233.61 W, 30, 2032 MHz, 3996 MHz, 0 %, 0 %
2026/03/24 06:15:47.828, 2, 234.21 W, 28, 2032 MHz, 3996 MHz, 0 %, 0 %
2026/03/24 06:15:47.828, 3, 235.24 W, 31, 2032 MHz, 3996 MHz, 0 %, 0 %
2026/03/24 06:15:47.828, 4, 178.87 W, 25, 120 MHz, 3996 MHz, 0 %, 0 %
2026/03/24 06:15:47.828, 5, 180.58 W, 28, 120 MHz, 3996 MHz, 0 %, 0 %
2026/03/24 06:15:47.828, 6, 178.49 W, 26, 120 MHz, 3996 MHz, 0 %, 0 %
2026/03/24 06:15:47.828, 7, 176.58 W, 27, 120 MHz, 3996 MHz, 0 %, 0 %
2026/03/24 06:15:48.828, 0, 228.50 W, 28, 2032 MHz, 3996 MHz, 0 %, 0 %
2026/03/24 06:15:48.828, 1, 233.58 W, 30, 2032 MHz, 3996 MHz, 0 %, 0 %
2026/03/24 06:15:48.828, 2, 234.06 W, 28, 2032 MHz, 3996 MHz, 0 %, 0 %
2026/03/24 06:15:48.828, 3, 235.19 W, 31, 2032 MHz, 3996 MHz, 0 %, 0 %
2026/03/24 06:15:48.828, 4, 178.95 W, 25, 120 MHz, 3996 MHz, 0 %, 0 %
2026/03/24 06:15:48.828, 5, 180.58 W, 28, 120 MHz, 3996 MHz, 0 %, 0 %
2026/03/24 06:15:48.828, 6, 178.49 W, 26, 120 MHz, 3996 MHz, 0 %, 0 %
2026/03/24 06:15:48.828, 7, 176.58 W, 27, 120 MHz, 3996 MHz, 0 %, 0 %
2026/03/24 06:15:49.828, 0, 228.26 W, 28, 2032 MHz, 3996 MHz, 0 %, 0 %
2026/03/24 06:15:49.828, 1, 233.43 W, 30, 2032 MHz, 3996 MHz, 0 %, 0 %
2026/03/24 06:15:49.828, 2, 234.10 W, 28, 2032 MHz, 3996 MHz, 0 %, 0 %
2026/03/24 06:15:49.828, 3, 235.21 W, 31, 2032 MHz, 3996 MHz, 0 %, 0 %
2026/03/24 06:15:49.828, 4, 178.92 W, 25, 120 MHz, 3996 MHz, 0 %, 0 %
2026/03/24 06:15:49.828, 5, 180.58 W, 28, 120 MHz, 3996 MHz, 0 %, 0 %
2026/03/24 06:15:49.828, 6, 178.41 W, 26, 120 MHz, 3996 MHz, 0 %, 0 %
2026/03/24 06:15:49.828, 7, 176.58 W, 27, 120 MHz, 3996 MHz, 0 %, 0 %
2026/03/24 06:15:50.828, 0, 228.15 W, 28, 2032 MHz, 3996 MHz, 0 %, 0 %
2026/03/24 06:15:50.828, 1, 233.35 W, 30, 2032 MHz, 3996 MHz, 0 %, 0 %
2026/03/24 06:15:50.828, 2, 234.02 W, 28, 2032 MHz, 3996 MHz, 0 %, 0 %
2026/03/24 06:15:50.828, 3, 234.96 W, 31, 2032 MHz, 3996 MHz, 0 %, 0 %
2026/03/24 06:15:50.828, 4, 178.83 W, 25, 120 MHz, 3996 MHz, 0 %, 0 %
2026/03/24 06:15:50.828, 5, 180.58 W, 28, 120 MHz, 3996 MHz, 0 %, 0 %
2026/03/24 06:15:50.828, 6, 178.45 W, 26, 120 MHz, 3996 MHz, 0 %, 0 %
2026/03/24 06:15:50.828, 7, 176.59 W, 27, 120 MHz, 3996 MHz, 0 %, 0 %
2026/03/24 06:15:51.828, 0, 228.23 W, 28, 2032 MHz, 3996 MHz, 0 %, 0 %
2026/03/24 06:15:51.828, 1, 233.35 W, 30, 2032 MHz, 3996 MHz, 0 %, 0 %
2026/03/24 06:15:51.828, 2, 234.02 W, 28, 2032 MHz, 3996 MHz, 0 %, 0 %
2026/03/24 06:15:51.828, 3, 235.01 W, 31, 2032 MHz, 3996 MHz, 1 %, 0 %
2026/03/24 06:15:51.828, 4, 179.06 W, 25, 120 MHz, 3996 MHz, 0 %, 0 %
2026/03/24 06:15:51.828, 5, 180.58 W, 28, 120 MHz, 3996 MHz, 0 %, 0 %
2026/03/24 06:15:51.828, 6, 178.45 W, 26, 120 MHz, 3996 MHz, 0 %, 0 %
2026/03/24 06:15:51.828, 7, 176.58 W, 27, 120 MHz, 3996 MHz, 0 %, 0 %
2026/03/24 06:15:52.828, 0, 228.15 W, 28, 2032 MHz, 3996 MHz, 0 %, 0 %
2026/03/24 06:15:52.829, 1, 233.34 W, 30, 2032 MHz, 3996 MHz, 0 %, 0 %
2026/03/24 06:15:52.829, 2, 234.02 W, 28, 2032 MHz, 3996 MHz, 0 %, 0 %
2026/03/24 06:15:52.829, 3, 235.03 W, 31, 2032 MHz, 3996 MHz, 0 %, 0 %
2026/03/24 06:15:52.829, 4, 178.93 W, 25, 120 MHz, 3996 MHz, 0 %, 0 %
2026/03/24 06:15:52.829, 5, 180.58 W, 28, 120 MHz, 3996 MHz, 0 %, 0 %
2026/03/24 06:15:52.829, 6, 178.49 W, 26, 120 MHz, 3996 MHz, 0 %, 0 %
2026/03/24 06:15:52.829, 7, 176.59 W, 27, 120 MHz, 3996 MHz, 0 %, 0 %
2026/03/24 06:15:53.829, 0, 228.19 W, 28, 2032 MHz, 3996 MHz, 0 %, 0 %
2026/03/24 06:15:53.829, 1, 233.30 W, 30, 2032 MHz, 3996 MHz, 0 %, 0 %
2026/03/24 06:15:53.829, 2, 234.02 W, 28, 2032 MHz, 3996 MHz, 0 %, 0 %
2026/03/24 06:15:53.829, 3, 234.97 W, 31, 2032 MHz, 3996 MHz, 0 %, 0 %
2026/03/24 06:15:53.829, 4, 179.10 W, 25, 120 MHz, 3996 MHz, 0 %, 0 %
2026/03/24 06:15:53.829, 5, 180.58 W, 28, 120 MHz, 3996 MHz, 0 %, 0 %
2026/03/24 06:15:53.829, 6, 178.41 W, 26, 120 MHz, 3996 MHz, 0 %, 0 %
2026/03/24 06:15:53.829, 7, 176.60 W, 27, 120 MHz, 3996 MHz, 0 %, 0 %
2026/03/24 06:15:54.829, 0, 228.07 W, 28, 2032 MHz, 3996 MHz, 0 %, 0 %
2026/03/24 06:15:54.829, 1, 233.31 W, 30, 2032 MHz, 3996 MHz, 0 %, 0 %
2026/03/24 06:15:54.829, 2, 234.02 W, 28, 2032 MHz, 3996 MHz, 0 %, 0 %
2026/03/24 06:15:54.829, 3, 234.82 W, 31, 2032 MHz, 3996 MHz, 0 %, 0 %
2026/03/24 06:15:54.829, 4, 178.76 W, 25, 120 MHz, 3996 MHz, 0 %, 0 %
2026/03/24 06:15:54.829, 5, 180.58 W, 28, 120 MHz, 3996 MHz, 0 %, 0 %
2026/03/24 06:15:54.829, 6, 178.25 W, 26, 120 MHz, 3996 MHz, 0 %, 0 %
2026/03/24 06:15:54.829, 7, 176.58 W, 27, 120 MHz, 3996 MHz, 0 %, 0 %
2026/03/24 06:15:55.829, 0, 228.07 W, 28, 2032 MHz, 3996 MHz, 0 %, 0 %
2026/03/24 06:15:55.829, 1, 233.30 W, 30, 2032 MHz, 3996 MHz, 0 %, 0 %
2026/03/24 06:15:55.829, 2, 234.02 W, 28, 2032 MHz, 3996 MHz, 0 %, 0 %
2026/03/24 06:15:55.829, 3, 234.47 W, 31, 2032 MHz, 3996 MHz, 0 %, 0 %
2026/03/24 06:15:55.829, 4, 179.16 W, 25, 120 MHz, 3996 MHz, 0 %, 0 %
2026/03/24 06:15:55.829, 5, 180.58 W, 28, 120 MHz, 3996 MHz, 0 %, 0 %
2026/03/24 06:15:55.829, 6, 178.49 W, 26, 120 MHz, 3996 MHz, 0 %, 0 %
2026/03/24 06:15:55.829, 7, 176.59 W, 27, 120 MHz, 3996 MHz, 0 %, 0 %
2026/03/24 06:15:56.829, 0, 228.15 W, 28, 2032 MHz, 3996 MHz, 0 %, 0 %
2026/03/24 06:15:56.829, 1, 233.30 W, 30, 2032 MHz, 3996 MHz, 0 %, 0 %
2026/03/24 06:15:56.829, 2, 234.02 W, 28, 2032 MHz, 3996 MHz, 0 %, 0 %
2026/03/24 06:15:56.829, 3, 234.97 W, 31, 2032 MHz, 3996 MHz, 0 %, 0 %
2026/03/24 06:15:56.829, 4, 178.86 W, 25, 120 MHz, 3996 MHz, 0 %, 0 %
2026/03/24 06:15:56.829, 5, 180.58 W, 28, 120 MHz, 3996 MHz, 0 %, 0 %
2026/03/24 06:15:56.829, 6, 178.33 W, 26, 120 MHz, 3996 MHz, 0 %, 0 %
2026/03/24 06:15:56.829, 7, 176.58 W, 27, 120 MHz, 3996 MHz, 0 %, 0 %
2026/03/24 06:15:57.829, 0, 228.15 W, 28, 2032 MHz, 3996 MHz, 0 %, 0 %
2026/03/24 06:15:57.829, 1, 233.31 W, 30, 2032 MHz, 3996 MHz, 0 %, 0 %
2026/03/24 06:15:57.829, 2, 234.02 W, 28, 2032 MHz, 3996 MHz, 0 %, 0 %
2026/03/24 06:15:57.829, 3, 234.83 W, 31, 2032 MHz, 3996 MHz, 0 %, 0 %
2026/03/24 06:15:57.829, 4, 178.94 W, 25, 120 MHz, 3996 MHz, 0 %, 0 %
2026/03/24 06:15:57.829, 5, 180.58 W, 28, 120 MHz, 3996 MHz, 0 %, 0 %
2026/03/24 06:15:57.829, 6, 178.56 W, 26, 120 MHz, 3996 MHz, 0 %, 0 %
2026/03/24 06:15:57.829, 7, 176.58 W, 27, 120 MHz, 3996 MHz, 0 %, 0 %
2026/03/24 06:15:58.829, 0, 228.15 W, 28, 2032 MHz, 3996 MHz, 0 %, 0 %
2026/03/24 06:15:58.829, 1, 233.31 W, 30, 2032 MHz, 3996 MHz, 0 %, 0 %
2026/03/24 06:15:58.829, 2, 234.02 W, 28, 2032 MHz, 3996 MHz, 0 %, 0 %
2026/03/24 06:15:58.829, 3, 234.63 W, 31, 2032 MHz, 3996 MHz, 0 %, 0 %
2026/03/24 06:15:58.829, 4, 179.19 W, 25, 120 MHz, 3996 MHz, 0 %, 0 %
2026/03/24 06:15:58.829, 5, 180.58 W, 28, 120 MHz, 3996 MHz, 0 %, 0 %
2026/03/24 06:15:58.829, 6, 178.34 W, 26, 120 MHz, 3996 MHz, 0 %, 0 %
2026/03/24 06:15:58.829, 7, 176.58 W, 27, 120 MHz, 3996 MHz, 0 %, 0 %
2026/03/24 06:15:59.830, 0, 228.18 W, 28, 2032 MHz, 3996 MHz, 0 %, 0 %
2026/03/24 06:15:59.830, 1, 233.31 W, 30, 2032 MHz, 3996 MHz, 0 %, 0 %
2026/03/24 06:15:59.830, 2, 234.02 W, 28, 2032 MHz, 3996 MHz, 0 %, 0 %
2026/03/24 06:15:59.830, 3, 234.60 W, 31, 2032 MHz, 3996 MHz, 0 %, 0 %
2026/03/24 06:15:59.830, 4, 179.14 W, 25, 120 MHz, 3996 MHz, 0 %, 0 %
2026/03/24 06:15:59.830, 5, 180.58 W, 28, 120 MHz, 3996 MHz, 0 %, 0 %
2026/03/24 06:15:59.830, 6, 178.52 W, 26, 120 MHz, 3996 MHz, 0 %, 0 %
2026/03/24 06:15:59.830, 7, 176.58 W, 27, 120 MHz, 3996 MHz, 0 %, 0 %
2026/03/24 06:16:00.830, 0, 228.07 W, 28, 2032 MHz, 3996 MHz, 0 %, 0 %
2026/03/24 06:16:00.830, 1, 233.29 W, 30, 2032 MHz, 3996 MHz, 0 %, 0 %
2026/03/24 06:16:00.830, 2, 234.02 W, 28, 2032 MHz, 3996 MHz, 0 %, 0 %
2026/03/24 06:16:00.830, 3, 234.87 W, 31, 2032 MHz, 3996 MHz, 0 %, 0 %
2026/03/24 06:16:00.830, 4, 179.23 W, 25, 120 MHz, 3996 MHz, 0 %, 0 %
2026/03/24 06:16:00.830, 5, 180.58 W, 28, 120 MHz, 3996 MHz, 0 %, 0 %
2026/03/24 06:16:00.830, 6, 178.34 W, 26, 120 MHz, 3996 MHz, 0 %, 0 %
2026/03/24 06:16:00.830, 7, 176.58 W, 27, 120 MHz, 3996 MHz, 0 %, 0 %
2026/03/24 06:16:01.830, 0, 228.26 W, 28, 2032 MHz, 3996 MHz, 0 %, 0 %
2026/03/24 06:16:01.830, 1, 233.41 W, 30, 2032 MHz, 3996 MHz, 0 %, 0 %
2026/03/24 06:16:01.830, 2, 234.10 W, 28, 2032 MHz, 3996 MHz, 0 %, 0 %
2026/03/24 06:16:01.830, 3, 234.78 W, 31, 2032 MHz, 3996 MHz, 0 %, 0 %
2026/03/24 06:16:01.830, 4, 178.92 W, 25, 120 MHz, 3996 MHz, 0 %, 0 %
2026/03/24 06:16:01.830, 5, 180.58 W, 28, 120 MHz, 3996 MHz, 0 %, 0 %
2026/03/24 06:16:01.830, 6, 178.25 W, 26, 120 MHz, 3996 MHz, 0 %, 0 %
2026/03/24 06:16:01.830, 7, 176.58 W, 27, 120 MHz, 3996 MHz, 0 %, 0 %
2026/03/24 06:16:02.830, 0, 228.52 W, 28, 2032 MHz, 3996 MHz, 0 %, 0 %
2026/03/24 06:16:02.830, 1, 233.46 W, 30, 2032 MHz, 3996 MHz, 0 %, 0 %
2026/03/24 06:16:02.830, 2, 234.02 W, 28, 2032 MHz, 3996 MHz, 0 %, 0 %
2026/03/24 06:16:02.830, 3, 234.79 W, 31, 2032 MHz, 3996 MHz, 0 %, 0 %
2026/03/24 06:16:02.830, 4, 179.13 W, 25, 120 MHz, 3996 MHz, 0 %, 0 %
2026/03/24 06:16:02.830, 5, 180.58 W, 28, 120 MHz, 3996 MHz, 0 %, 0 %
2026/03/24 06:16:02.830, 6, 178.41 W, 26, 120 MHz, 3996 MHz, 0 %, 0 %
2026/03/24 06:16:02.830, 7, 176.59 W, 27, 120 MHz, 3996 MHz, 0 %, 0 %
2026/03/24 06:16:03.830, 0, 228.30 W, 28, 2032 MHz, 3996 MHz, 0 %, 0 %
2026/03/24 06:16:03.830, 1, 233.35 W, 30, 2032 MHz, 3996 MHz, 0 %, 0 %
2026/03/24 06:16:03.830, 2, 234.02 W, 28, 2032 MHz, 3996 MHz, 0 %, 0 %
2026/03/24 06:16:03.830, 3, 234.46 W, 31, 2032 MHz, 3996 MHz, 0 %, 0 %
2026/03/24 06:16:03.830, 4, 178.95 W, 25, 120 MHz, 3996 MHz, 0 %, 0 %
2026/03/24 06:16:03.830, 5, 180.58 W, 28, 120 MHz, 3996 MHz, 0 %, 0 %
2026/03/24 06:16:03.830, 6, 178.49 W, 26, 120 MHz, 3996 MHz, 0 %, 0 %
2026/03/24 06:16:03.830, 7, 176.58 W, 27, 120 MHz, 3996 MHz, 0 %, 0 %
2026/03/24 06:16:04.830, 0, 228.15 W, 28, 2032 MHz, 3996 MHz, 0 %, 0 %
2026/03/24 06:16:04.830, 1, 233.30 W, 30, 2032 MHz, 3996 MHz, 0 %, 0 %
2026/03/24 06:16:04.830, 2, 234.02 W, 28, 2032 MHz, 3996 MHz, 0 %, 0 %
2026/03/24 06:16:04.830, 3, 234.70 W, 31, 2032 MHz, 3996 MHz, 0 %, 0 %
2026/03/24 06:16:04.830, 4, 178.87 W, 25, 120 MHz, 3996 MHz, 0 %, 0 %
2026/03/24 06:16:04.830, 5, 180.58 W, 28, 120 MHz, 3996 MHz, 0 %, 0 %
2026/03/24 06:16:04.830, 6, 178.34 W, 26, 120 MHz, 3996 MHz, 0 %, 0 %
2026/03/24 06:16:04.830, 7, 176.58 W, 27, 120 MHz, 3996 MHz, 0 %, 0 %
2026/03/24 06:16:05.830, 0, 228.18 W, 28, 2032 MHz, 3996 MHz, 0 %, 0 %
2026/03/24 06:16:05.830, 1, 233.30 W, 30, 2032 MHz, 3996 MHz, 0 %, 0 %
2026/03/24 06:16:05.830, 2, 234.02 W, 28, 2032 MHz, 3996 MHz, 0 %, 0 %
2026/03/24 06:16:05.830, 3, 234.48 W, 30, 2032 MHz, 3996 MHz, 0 %, 0 %
2026/03/24 06:16:05.830, 4, 178.92 W, 25, 120 MHz, 3996 MHz, 0 %, 0 %
2026/03/24 06:16:05.830, 5, 180.58 W, 28, 120 MHz, 3996 MHz, 0 %, 0 %
2026/03/24 06:16:05.831, 6, 178.49 W, 26, 120 MHz, 3996 MHz, 0 %, 0 %
2026/03/24 06:16:05.831, 7, 176.59 W, 27, 120 MHz, 3996 MHz, 0 %, 0 %
2026/03/24 06:16:06.831, 0, 228.07 W, 28, 2032 MHz, 3996 MHz, 0 %, 0 %
2026/03/24 06:16:06.831, 1, 233.31 W, 30, 2032 MHz, 3996 MHz, 0 %, 0 %
2026/03/24 06:16:06.831, 2, 234.02 W, 28, 2032 MHz, 3996 MHz, 0 %, 0 %
2026/03/24 06:16:06.831, 3, 234.56 W, 30, 2032 MHz, 3996 MHz, 0 %, 0 %
2026/03/24 06:16:06.831, 4, 179.11 W, 25, 120 MHz, 3996 MHz, 0 %, 0 %
2026/03/24 06:16:06.831, 5, 180.58 W, 28, 120 MHz, 3996 MHz, 0 %, 0 %
2026/03/24 06:16:06.831, 6, 178.38 W, 26, 120 MHz, 3996 MHz, 0 %, 0 %
2026/03/24 06:16:06.831, 7, 176.58 W, 27, 120 MHz, 3996 MHz, 0 %, 0 %
2026/03/24 06:16:07.831, 0, 228.11 W, 28, 2032 MHz, 3996 MHz, 7 %, 0 %
2026/03/24 06:16:07.831, 1, 233.31 W, 30, 2032 MHz, 3996 MHz, 5 %, 0 %
2026/03/24 06:16:07.831, 2, 234.02 W, 28, 2032 MHz, 3996 MHz, 7 %, 0 %
2026/03/24 06:16:07.831, 3, 234.75 W, 30, 2032 MHz, 3996 MHz, 7 %, 0 %
2026/03/24 06:16:07.831, 4, 178.92 W, 25, 120 MHz, 3996 MHz, 0 %, 0 %
2026/03/24 06:16:07.831, 5, 180.58 W, 28, 120 MHz, 3996 MHz, 0 %, 0 %
2026/03/24 06:16:07.831, 6, 178.29 W, 26, 120 MHz, 3996 MHz, 0 %, 0 %
2026/03/24 06:16:07.831, 7, 176.58 W, 27, 120 MHz, 3996 MHz, 0 %, 0 %
2026/03/24 06:16:08.831, 0, 228.34 W, 28, 2032 MHz, 3996 MHz, 0 %, 0 %
2026/03/24 06:16:08.831, 1, 233.34 W, 30, 2032 MHz, 3996 MHz, 0 %, 0 %
2026/03/24 06:16:08.831, 2, 234.26 W, 28, 2032 MHz, 3996 MHz, 2 %, 0 %
2026/03/24 06:16:08.831, 3, 234.71 W, 30, 2032 MHz, 3996 MHz, 12 %, 0 %
2026/03/24 06:16:08.831, 4, 179.12 W, 25, 120 MHz, 3996 MHz, 0 %, 0 %
2026/03/24 06:16:08.831, 5, 180.58 W, 28, 120 MHz, 3996 MHz, 0 %, 0 %
2026/03/24 06:16:08.831, 6, 178.49 W, 26, 120 MHz, 3996 MHz, 0 %, 0 %
2026/03/24 06:16:08.831, 7, 176.58 W, 27, 120 MHz, 3996 MHz, 0 %, 0 %
2026/03/24 06:16:09.831, 0, 229.65 W, 28, 2032 MHz, 3996 MHz, 9 %, 0 %
2026/03/24 06:16:09.831, 1, 234.90 W, 30, 2032 MHz, 3996 MHz, 6 %, 0 %
2026/03/24 06:16:09.831, 2, 235.30 W, 28, 2032 MHz, 3996 MHz, 9 %, 0 %
2026/03/24 06:16:09.831, 3, 235.16 W, 30, 2032 MHz, 3996 MHz, 10 %, 0 %
2026/03/24 06:16:09.831, 4, 179.06 W, 25, 120 MHz, 3996 MHz, 0 %, 0 %
2026/03/24 06:16:09.831, 5, 180.58 W, 28, 120 MHz, 3996 MHz, 0 %, 0 %
2026/03/24 06:16:09.831, 6, 178.26 W, 26, 120 MHz, 3996 MHz, 0 %, 0 %
2026/03/24 06:16:09.831, 7, 176.58 W, 27, 120 MHz, 3996 MHz, 0 %, 0 %
2026/03/24 06:16:10.831, 0, 229.47 W, 28, 2032 MHz, 3996 MHz, 9 %, 0 %
2026/03/24 06:16:10.831, 1, 234.35 W, 30, 2032 MHz, 3996 MHz, 4 %, 0 %
2026/03/24 06:16:10.831, 2, 235.12 W, 28, 2032 MHz, 3996 MHz, 6 %, 0 %
2026/03/24 06:16:10.831, 3, 235.26 W, 30, 2032 MHz, 3996 MHz, 10 %, 0 %
2026/03/24 06:16:10.831, 4, 179.02 W, 25, 120 MHz, 3996 MHz, 0 %, 0 %
2026/03/24 06:16:10.831, 5, 180.58 W, 28, 120 MHz, 3996 MHz, 0 %, 0 %
2026/03/24 06:16:10.831, 6, 178.41 W, 26, 120 MHz, 3996 MHz, 0 %, 0 %
2026/03/24 06:16:10.831, 7, 176.58 W, 27, 120 MHz, 3996 MHz, 0 %, 0 %
2026/03/24 06:16:11.831, 0, 229.62 W, 28, 2032 MHz, 3996 MHz, 5 %, 0 %
2026/03/24 06:16:11.831, 1, 234.35 W, 30, 2032 MHz, 3996 MHz, 5 %, 0 %
2026/03/24 06:16:11.831, 2, 235.38 W, 28, 2032 MHz, 3996 MHz, 9 %, 0 %
2026/03/24 06:16:11.831, 3, 235.21 W, 30, 2032 MHz, 3996 MHz, 10 %, 0 %
2026/03/24 06:16:11.831, 4, 179.00 W, 25, 120 MHz, 3996 MHz, 0 %, 0 %
2026/03/24 06:16:11.831, 5, 180.58 W, 28, 120 MHz, 3996 MHz, 0 %, 0 %
2026/03/24 06:16:11.831, 6, 178.52 W, 26, 120 MHz, 3996 MHz, 0 %, 0 %
2026/03/24 06:16:11.831, 7, 176.59 W, 27, 120 MHz, 3996 MHz, 0 %, 0 %
2026/03/24 06:16:12.831, 0, 229.58 W, 28, 2032 MHz, 3996 MHz, 5 %, 0 %
2026/03/24 06:16:12.831, 1, 234.56 W, 30, 2032 MHz, 3996 MHz, 5 %, 0 %
2026/03/24 06:16:12.832, 2, 235.24 W, 28, 2032 MHz, 3996 MHz, 9 %, 0 %
2026/03/24 06:16:12.832, 3, 235.19 W, 30, 2032 MHz, 3996 MHz, 9 %, 0 %
2026/03/24 06:16:12.832, 4, 178.84 W, 25, 120 MHz, 3996 MHz, 0 %, 0 %
2026/03/24 06:16:12.832, 5, 180.58 W, 28, 120 MHz, 3996 MHz, 0 %, 0 %
2026/03/24 06:16:12.832, 6, 178.41 W, 26, 120 MHz, 3996 MHz, 0 %, 0 %
2026/03/24 06:16:12.832, 7, 176.58 W, 27, 120 MHz, 3996 MHz, 0 %, 0 %
2026/03/24 06:16:13.832, 0, 229.70 W, 28, 2032 MHz, 3996 MHz, 9 %, 0 %
2026/03/24 06:16:13.832, 1, 234.56 W, 30, 2032 MHz, 3996 MHz, 5 %, 0 %
2026/03/24 06:16:13.832, 2, 235.18 W, 28, 2032 MHz, 3996 MHz, 9 %, 0 %
2026/03/24 06:16:13.832, 3, 235.13 W, 30, 2032 MHz, 3996 MHz, 8 %, 0 %
2026/03/24 06:16:13.832, 4, 178.97 W, 25, 120 MHz, 3996 MHz, 0 %, 0 %
2026/03/24 06:16:13.832, 5, 180.58 W, 28, 120 MHz, 3996 MHz, 0 %, 0 %
2026/03/24 06:16:13.832, 6, 178.49 W, 26, 120 MHz, 3996 MHz, 0 %, 0 %
2026/03/24 06:16:13.832, 7, 176.58 W, 27, 120 MHz, 3996 MHz, 0 %, 0 %
2026/03/24 06:16:14.832, 0, 229.65 W, 28, 2032 MHz, 3996 MHz, 9 %, 0 %
2026/03/24 06:16:14.832, 1, 234.58 W, 30, 2032 MHz, 3996 MHz, 7 %, 0 %
2026/03/24 06:16:14.832, 2, 235.15 W, 28, 2032 MHz, 3996 MHz, 9 %, 0 %
2026/03/24 06:16:14.832, 3, 235.17 W, 30, 2032 MHz, 3996 MHz, 6 %, 0 %
2026/03/24 06:16:14.832, 4, 179.04 W, 25, 120 MHz, 3996 MHz, 0 %, 0 %
2026/03/24 06:16:14.832, 5, 180.58 W, 28, 120 MHz, 3996 MHz, 0 %, 0 %
2026/03/24 06:16:14.832, 6, 178.37 W, 26, 120 MHz, 3996 MHz, 0 %, 0 %
2026/03/24 06:16:14.832, 7, 176.59 W, 27, 120 MHz, 3996 MHz, 0 %, 0 %
2026/03/24 06:16:15.832, 0, 229.66 W, 28, 2032 MHz, 3996 MHz, 9 %, 0 %
2026/03/24 06:16:15.832, 1, 234.58 W, 30, 2032 MHz, 3996 MHz, 9 %, 0 %
2026/03/24 06:16:15.832, 2, 235.26 W, 28, 2032 MHz, 3996 MHz, 9 %, 0 %
2026/03/24 06:16:15.832, 3, 235.28 W, 30, 2032 MHz, 3996 MHz, 5 %, 0 %
2026/03/24 06:16:15.832, 4, 178.99 W, 25, 120 MHz, 3996 MHz, 0 %, 0 %
2026/03/24 06:16:15.832, 5, 180.58 W, 28, 120 MHz, 3996 MHz, 0 %, 0 %
2026/03/24 06:16:15.832, 6, 178.30 W, 26, 120 MHz, 3996 MHz, 0 %, 0 %
2026/03/24 06:16:15.832, 7, 176.58 W, 27, 120 MHz, 3996 MHz, 0 %, 0 %
2026/03/24 06:16:16.832, 0, 229.46 W, 28, 2032 MHz, 3996 MHz, 9 %, 0 %
2026/03/24 06:16:16.832, 1, 234.65 W, 30, 2032 MHz, 3996 MHz, 9 %, 0 %
2026/03/24 06:16:16.832, 2, 235.24 W, 28, 2032 MHz, 3996 MHz, 9 %, 0 %
2026/03/24 06:16:16.832, 3, 235.06 W, 30, 2032 MHz, 3996 MHz, 5 %, 0 %
2026/03/24 06:16:16.832, 4, 178.94 W, 25, 120 MHz, 3996 MHz, 0 %, 0 %
2026/03/24 06:16:16.832, 5, 180.58 W, 28, 120 MHz, 3996 MHz, 0 %, 0 %
2026/03/24 06:16:16.832, 6, 178.41 W, 26, 120 MHz, 3996 MHz, 0 %, 0 %
2026/03/24 06:16:16.832, 7, 176.59 W, 27, 120 MHz, 3996 MHz, 0 %, 0 %
2026/03/24 06:16:17.832, 0, 229.50 W, 28, 2032 MHz, 3996 MHz, 10 %, 0 %
2026/03/24 06:16:17.832, 1, 234.71 W, 30, 2032 MHz, 3996 MHz, 10 %, 0 %
2026/03/24 06:16:17.832, 2, 235.22 W, 28, 2032 MHz, 3996 MHz, 9 %, 0 %
2026/03/24 06:16:17.832, 3, 235.04 W, 30, 2032 MHz, 3996 MHz, 6 %, 0 %
2026/03/24 06:16:17.832, 4, 179.12 W, 25, 120 MHz, 3996 MHz, 0 %, 0 %
2026/03/24 06:16:17.832, 5, 180.58 W, 28, 120 MHz, 3996 MHz, 0 %, 0 %
2026/03/24 06:16:17.832, 6, 178.49 W, 26, 120 MHz, 3996 MHz, 0 %, 0 %
2026/03/24 06:16:17.832, 7, 176.58 W, 27, 120 MHz, 3996 MHz, 0 %, 0 %
2026/03/24 06:16:18.832, 0, 229.55 W, 28, 2032 MHz, 3996 MHz, 9 %, 0 %
2026/03/24 06:16:18.832, 1, 234.68 W, 30, 2032 MHz, 3996 MHz, 11 %, 0 %
2026/03/24 06:16:18.832, 2, 235.09 W, 28, 2032 MHz, 3996 MHz, 9 %, 0 %
2026/03/24 06:16:18.832, 3, 235.21 W, 30, 2032 MHz, 3996 MHz, 5 %, 0 %
2026/03/24 06:16:18.832, 4, 179.05 W, 25, 120 MHz, 3996 MHz, 0 %, 0 %
2026/03/24 06:16:18.832, 5, 180.58 W, 28, 120 MHz, 3996 MHz, 0 %, 0 %
2026/03/24 06:16:18.832, 6, 178.56 W, 26, 120 MHz, 3996 MHz, 0 %, 0 %
2026/03/24 06:16:18.833, 7, 176.58 W, 27, 120 MHz, 3996 MHz, 0 %, 0 %
2026/03/24 06:16:19.833, 0, 229.40 W, 28, 2032 MHz, 3996 MHz, 10 %, 0 %
2026/03/24 06:16:19.833, 1, 234.60 W, 30, 2032 MHz, 3996 MHz, 11 %, 0 %
2026/03/24 06:16:19.833, 2, 235.16 W, 28, 2032 MHz, 3996 MHz, 7 %, 0 %
2026/03/24 06:16:19.833, 3, 235.20 W, 30, 2032 MHz, 3996 MHz, 5 %, 0 %
2026/03/24 06:16:19.833, 4, 178.91 W, 25, 120 MHz, 3996 MHz, 0 %, 0 %
2026/03/24 06:16:19.833, 5, 180.58 W, 28, 120 MHz, 3996 MHz, 0 %, 0 %
2026/03/24 06:16:19.833, 6, 178.41 W, 26, 120 MHz, 3996 MHz, 0 %, 0 %
2026/03/24 06:16:19.833, 7, 176.58 W, 27, 120 MHz, 3996 MHz, 0 %, 0 %
2026/03/24 06:16:20.833, 0, 229.51 W, 28, 2032 MHz, 3996 MHz, 9 %, 0 %
2026/03/24 06:16:20.833, 1, 234.44 W, 30, 2032 MHz, 3996 MHz, 9 %, 0 %
2026/03/24 06:16:20.833, 2, 235.12 W, 28, 2032 MHz, 3996 MHz, 6 %, 0 %
2026/03/24 06:16:20.833, 3, 235.10 W, 30, 2032 MHz, 3996 MHz, 5 %, 0 %
2026/03/24 06:16:20.833, 4, 178.97 W, 25, 120 MHz, 3996 MHz, 0 %, 0 %
2026/03/24 06:16:20.833, 5, 180.58 W, 28, 120 MHz, 3996 MHz, 0 %, 0 %
2026/03/24 06:16:20.833, 6, 178.49 W, 26, 120 MHz, 3996 MHz, 0 %, 0 %
2026/03/24 06:16:20.833, 7, 176.59 W, 27, 120 MHz, 3996 MHz, 0 %, 0 %
2026/03/24 06:16:21.833, 0, 229.47 W, 28, 2032 MHz, 3996 MHz, 9 %, 0 %
2026/03/24 06:16:21.833, 1, 234.49 W, 30, 2032 MHz, 3996 MHz, 5 %, 0 %
2026/03/24 06:16:21.833, 2, 235.18 W, 28, 2032 MHz, 3996 MHz, 6 %, 0 %
2026/03/24 06:16:21.833, 3, 235.18 W, 30, 2032 MHz, 3996 MHz, 6 %, 0 %
2026/03/24 06:16:21.833, 4, 179.15 W, 25, 120 MHz, 3996 MHz, 0 %, 0 %
2026/03/24 06:16:21.833, 5, 180.58 W, 28, 120 MHz, 3996 MHz, 0 %, 0 %
2026/03/24 06:16:21.833, 6, 178.30 W, 26, 120 MHz, 3996 MHz, 0 %, 0 %
2026/03/24 06:16:21.833, 7, 176.59 W, 27, 120 MHz, 3996 MHz, 0 %, 0 %
2026/03/24 06:16:22.833, 0, 229.50 W, 28, 2032 MHz, 3996 MHz, 9 %, 0 %
2026/03/24 06:16:22.833, 1, 234.46 W, 30, 2032 MHz, 3996 MHz, 5 %, 0 %
2026/03/24 06:16:22.833, 2, 234.97 W, 28, 2032 MHz, 3996 MHz, 5 %, 0 %
2026/03/24 06:16:22.833, 3, 235.15 W, 30, 2032 MHz, 3996 MHz, 8 %, 0 %
2026/03/24 06:16:22.833, 4, 178.97 W, 25, 120 MHz, 3996 MHz, 0 %, 0 %
2026/03/24 06:16:22.833, 5, 180.58 W, 28, 120 MHz, 3996 MHz, 0 %, 0 %
2026/03/24 06:16:22.833, 6, 178.29 W, 26, 120 MHz, 3996 MHz, 0 %, 0 %
2026/03/24 06:16:22.833, 7, 176.58 W, 27, 120 MHz, 3996 MHz, 0 %, 0 %
2026/03/24 06:16:23.833, 0, 229.54 W, 28, 2032 MHz, 3996 MHz, 9 %, 0 %
2026/03/24 06:16:23.833, 1, 234.54 W, 30, 2032 MHz, 3996 MHz, 5 %, 0 %
2026/03/24 06:16:23.833, 2, 235.05 W, 28, 2032 MHz, 3996 MHz, 5 %, 0 %
2026/03/24 06:16:23.833, 3, 234.98 W, 30, 2032 MHz, 3996 MHz, 8 %, 0 %
2026/03/24 06:16:23.833, 4, 179.16 W, 25, 120 MHz, 3996 MHz, 0 %, 0 %
2026/03/24 06:16:23.833, 5, 180.58 W, 28, 120 MHz, 3996 MHz, 0 %, 0 %
2026/03/24 06:16:23.833, 6, 178.57 W, 26, 120 MHz, 3996 MHz, 0 %, 0 %
2026/03/24 06:16:23.833, 7, 176.58 W, 27, 120 MHz, 3996 MHz, 0 %, 0 %
2026/03/24 06:16:24.833, 0, 229.43 W, 28, 2032 MHz, 3996 MHz, 10 %, 0 %
2026/03/24 06:16:24.833, 1, 234.46 W, 30, 2032 MHz, 3996 MHz, 9 %, 0 %
2026/03/24 06:16:24.833, 2, 235.15 W, 28, 2032 MHz, 3996 MHz, 4 %, 0 %
2026/03/24 06:16:24.833, 3, 235.12 W, 30, 2032 MHz, 3996 MHz, 10 %, 0 %
2026/03/24 06:16:24.833, 4, 179.19 W, 25, 120 MHz, 3996 MHz, 0 %, 0 %
2026/03/24 06:16:24.833, 5, 180.58 W, 28, 120 MHz, 3996 MHz, 0 %, 0 %
2026/03/24 06:16:24.833, 6, 178.52 W, 26, 120 MHz, 3996 MHz, 0 %, 0 %
2026/03/24 06:16:24.833, 7, 176.58 W, 27, 120 MHz, 3996 MHz, 0 %, 0 %
2026/03/24 06:16:25.833, 0, 229.55 W, 28, 2032 MHz, 3996 MHz, 9 %, 0 %
2026/03/24 06:16:25.833, 1, 234.57 W, 30, 2032 MHz, 3996 MHz, 12 %, 0 %
2026/03/24 06:16:25.833, 2, 235.30 W, 28, 2032 MHz, 3996 MHz, 5 %, 0 %
2026/03/24 06:16:25.833, 3, 235.01 W, 30, 2032 MHz, 3996 MHz, 10 %, 0 %
2026/03/24 06:16:25.833, 4, 178.68 W, 25, 120 MHz, 3996 MHz, 0 %, 0 %
2026/03/24 06:16:25.833, 5, 180.58 W, 28, 120 MHz, 3996 MHz, 0 %, 0 %
2026/03/24 06:16:25.834, 6, 178.45 W, 26, 120 MHz, 3996 MHz, 0 %, 0 %
2026/03/24 06:16:25.834, 7, 176.58 W, 27, 120 MHz, 3996 MHz, 0 %, 0 %
2026/03/24 06:16:26.834, 0, 229.62 W, 28, 2032 MHz, 3996 MHz, 9 %, 0 %
2026/03/24 06:16:26.834, 1, 234.49 W, 30, 2032 MHz, 3996 MHz, 12 %, 0 %
2026/03/24 06:16:26.834, 2, 235.22 W, 28, 2032 MHz, 3996 MHz, 7 %, 0 %
2026/03/24 06:16:26.834, 3, 235.15 W, 30, 2032 MHz, 3996 MHz, 10 %, 0 %
2026/03/24 06:16:26.834, 4, 178.87 W, 26, 120 MHz, 3996 MHz, 0 %, 0 %
2026/03/24 06:16:26.834, 5, 180.58 W, 28, 120 MHz, 3996 MHz, 0 %, 0 %
2026/03/24 06:16:26.834, 6, 178.64 W, 26, 120 MHz, 3996 MHz, 0 %, 0 %
2026/03/24 06:16:26.834, 7, 176.59 W, 27, 120 MHz, 3996 MHz, 0 %, 0 %
2026/03/24 06:16:27.834, 0, 229.51 W, 28, 2032 MHz, 3996 MHz, 8 %, 0 %
2026/03/24 06:16:27.834, 1, 234.48 W, 30, 2032 MHz, 3996 MHz, 12 %, 0 %
2026/03/24 06:16:27.834, 2, 235.03 W, 28, 2032 MHz, 3996 MHz, 8 %, 0 %
2026/03/24 06:16:27.834, 3, 234.95 W, 30, 2032 MHz, 3996 MHz, 10 %, 0 %
2026/03/24 06:16:27.834, 4, 179.00 W, 26, 120 MHz, 3996 MHz, 0 %, 0 %
2026/03/24 06:16:27.834, 5, 180.58 W, 28, 120 MHz, 3996 MHz, 0 %, 0 %
2026/03/24 06:16:27.834, 6, 178.45 W, 26, 120 MHz, 3996 MHz, 0 %, 0 %
2026/03/24 06:16:27.834, 7, 176.58 W, 27, 120 MHz, 3996 MHz, 0 %, 0 %
2026/03/24 06:16:28.834, 0, 229.59 W, 28, 2032 MHz, 3996 MHz, 5 %, 0 %
2026/03/24 06:16:28.834, 1, 234.56 W, 30, 2032 MHz, 3996 MHz, 12 %, 0 %
2026/03/24 06:16:28.834, 2, 235.05 W, 27, 2032 MHz, 3996 MHz, 8 %, 0 %
2026/03/24 06:16:28.834, 3, 235.26 W, 30, 2032 MHz, 3996 MHz, 10 %, 0 %
2026/03/24 06:16:28.834, 4, 179.24 W, 26, 120 MHz, 3996 MHz, 0 %, 0 %
2026/03/24 06:16:28.834, 5, 180.58 W, 28, 120 MHz, 3996 MHz, 0 %, 0 %
2026/03/24 06:16:28.834, 6, 178.49 W, 26, 120 MHz, 3996 MHz, 0 %, 0 %
2026/03/24 06:16:28.834, 7, 176.58 W, 27, 120 MHz, 3996 MHz, 0 %, 0 %
2026/03/24 06:16:29.834, 0, 229.69 W, 28, 2032 MHz, 3996 MHz, 7 %, 0 %
2026/03/24 06:16:29.834, 1, 234.43 W, 30, 2032 MHz, 3996 MHz, 11 %, 0 %
2026/03/24 06:16:29.834, 2, 235.20 W, 27, 2032 MHz, 3996 MHz, 8 %, 0 %
2026/03/24 06:16:29.834, 3, 235.14 W, 30, 2032 MHz, 3996 MHz, 10 %, 0 %
2026/03/24 06:16:29.834, 4, 178.99 W, 26, 120 MHz, 3996 MHz, 0 %, 0 %
2026/03/24 06:16:29.834, 5, 180.58 W, 28, 120 MHz, 3996 MHz, 0 %, 0 %
2026/03/24 06:16:29.834, 6, 178.45 W, 26, 120 MHz, 3996 MHz, 0 %, 0 %
2026/03/24 06:16:29.834, 7, 176.58 W, 27, 120 MHz, 3996 MHz, 0 %, 0 %
2026/03/24 06:16:30.834, 0, 229.59 W, 28, 2032 MHz, 3996 MHz, 9 %, 0 %
2026/03/24 06:16:30.834, 1, 234.33 W, 30, 2032 MHz, 3996 MHz, 10 %, 0 %
2026/03/24 06:16:30.834, 2, 235.11 W, 27, 2032 MHz, 3996 MHz, 8 %, 0 %
2026/03/24 06:16:30.834, 3, 235.07 W, 30, 2032 MHz, 3996 MHz, 10 %, 0 %
2026/03/24 06:16:30.834, 4, 178.99 W, 26, 120 MHz, 3996 MHz, 0 %, 0 %
2026/03/24 06:16:30.834, 5, 180.58 W, 28, 120 MHz, 3996 MHz, 0 %, 0 %
2026/03/24 06:16:30.834, 6, 178.49 W, 26, 120 MHz, 3996 MHz, 0 %, 0 %
2026/03/24 06:16:30.834, 7, 176.58 W, 27, 120 MHz, 3996 MHz, 0 %, 0 %
2026/03/24 06:16:31.834, 0, 229.62 W, 28, 2032 MHz, 3996 MHz, 10 %, 0 %
2026/03/24 06:16:31.834, 1, 234.32 W, 30, 2032 MHz, 3996 MHz, 5 %, 0 %
2026/03/24 06:16:31.834, 2, 234.87 W, 27, 2032 MHz, 3996 MHz, 6 %, 0 %
2026/03/24 06:16:31.834, 3, 235.11 W, 30, 2032 MHz, 3996 MHz, 10 %, 0 %
2026/03/24 06:16:31.834, 4, 179.05 W, 26, 120 MHz, 3996 MHz, 0 %, 0 %
2026/03/24 06:16:31.834, 5, 180.58 W, 28, 120 MHz, 3996 MHz, 0 %, 0 %
2026/03/24 06:16:31.834, 6, 178.45 W, 26, 120 MHz, 3996 MHz, 0 %, 0 %
2026/03/24 06:16:31.834, 7, 176.58 W, 27, 120 MHz, 3996 MHz, 0 %, 0 %
2026/03/24 06:16:32.835, 0, 229.50 W, 28, 2032 MHz, 3996 MHz, 9 %, 0 %
2026/03/24 06:16:32.835, 1, 234.38 W, 30, 2032 MHz, 3996 MHz, 5 %, 0 %
2026/03/24 06:16:32.835, 2, 234.91 W, 27, 2032 MHz, 3996 MHz, 9 %, 0 %
2026/03/24 06:16:32.835, 3, 235.03 W, 30, 2032 MHz, 3996 MHz, 10 %, 0 %
2026/03/24 06:16:32.835, 4, 179.00 W, 26, 120 MHz, 3996 MHz, 0 %, 0 %
2026/03/24 06:16:32.835, 5, 180.58 W, 28, 120 MHz, 3996 MHz, 0 %, 0 %
2026/03/24 06:16:32.835, 6, 178.53 W, 26, 120 MHz, 3996 MHz, 0 %, 0 %
2026/03/24 06:16:32.835, 7, 176.58 W, 27, 120 MHz, 3996 MHz, 0 %, 0 %
2026/03/24 06:16:33.835, 0, 229.59 W, 28, 2032 MHz, 3996 MHz, 10 %, 0 %
2026/03/24 06:16:33.835, 1, 234.38 W, 30, 2032 MHz, 3996 MHz, 4 %, 0 %
2026/03/24 06:16:33.835, 2, 234.97 W, 27, 2032 MHz, 3996 MHz, 9 %, 0 %
2026/03/24 06:16:33.835, 3, 235.25 W, 30, 2032 MHz, 3996 MHz, 10 %, 0 %
2026/03/24 06:16:33.835, 4, 178.80 W, 26, 120 MHz, 3996 MHz, 0 %, 0 %
2026/03/24 06:16:33.835, 5, 180.58 W, 28, 120 MHz, 3996 MHz, 0 %, 0 %
2026/03/24 06:16:33.835, 6, 178.37 W, 26, 120 MHz, 3996 MHz, 0 %, 0 %
2026/03/24 06:16:33.835, 7, 176.58 W, 27, 120 MHz, 3996 MHz, 0 %, 0 %
2026/03/24 06:16:34.835, 0, 229.51 W, 28, 2032 MHz, 3996 MHz, 9 %, 0 %
2026/03/24 06:16:34.835, 1, 234.50 W, 30, 2032 MHz, 3996 MHz, 9 %, 0 %
2026/03/24 06:16:34.835, 2, 235.12 W, 27, 2032 MHz, 3996 MHz, 9 %, 0 %
2026/03/24 06:16:34.835, 3, 235.00 W, 30, 2032 MHz, 3996 MHz, 10 %, 0 %
2026/03/24 06:16:34.835, 4, 179.05 W, 26, 120 MHz, 3996 MHz, 0 %, 0 %
2026/03/24 06:16:34.835, 5, 180.58 W, 28, 120 MHz, 3996 MHz, 0 %, 0 %
2026/03/24 06:16:34.835, 6, 178.45 W, 26, 120 MHz, 3996 MHz, 0 %, 0 %
2026/03/24 06:16:34.835, 7, 176.58 W, 27, 120 MHz, 3996 MHz, 0 %, 0 %
2026/03/24 06:16:35.835, 0, 229.62 W, 28, 2032 MHz, 3996 MHz, 10 %, 0 %
2026/03/24 06:16:35.835, 1, 234.57 W, 30, 2032 MHz, 3996 MHz, 11 %, 0 %
2026/03/24 06:16:35.835, 2, 235.07 W, 27, 2032 MHz, 3996 MHz, 9 %, 0 %
2026/03/24 06:16:35.835, 3, 235.00 W, 30, 2032 MHz, 3996 MHz, 10 %, 0 %
2026/03/24 06:16:35.835, 4, 179.05 W, 26, 120 MHz, 3996 MHz, 0 %, 0 %
2026/03/24 06:16:35.835, 5, 180.58 W, 28, 120 MHz, 3996 MHz, 0 %, 0 %
2026/03/24 06:16:35.835, 6, 178.49 W, 26, 120 MHz, 3996 MHz, 0 %, 0 %
2026/03/24 06:16:35.835, 7, 176.58 W, 27, 120 MHz, 3996 MHz, 0 %, 0 %
2026/03/24 06:16:36.835, 0, 229.38 W, 28, 2032 MHz, 3996 MHz, 10 %, 0 %
2026/03/24 06:16:36.835, 1, 234.47 W, 30, 2032 MHz, 3996 MHz, 10 %, 0 %
2026/03/24 06:16:36.835, 2, 235.11 W, 27, 2032 MHz, 3996 MHz, 9 %, 0 %
2026/03/24 06:16:36.835, 3, 235.13 W, 30, 2032 MHz, 3996 MHz, 8 %, 0 %
2026/03/24 06:16:36.835, 4, 179.10 W, 26, 120 MHz, 3996 MHz, 0 %, 0 %
2026/03/24 06:16:36.835, 5, 180.58 W, 28, 120 MHz, 3996 MHz, 0 %, 0 %
2026/03/24 06:16:36.835, 6, 178.56 W, 26, 120 MHz, 3996 MHz, 0 %, 0 %
2026/03/24 06:16:36.835, 7, 176.58 W, 27, 120 MHz, 3996 MHz, 0 %, 0 %
2026/03/24 06:16:37.835, 0, 229.36 W, 28, 2032 MHz, 3996 MHz, 9 %, 0 %
2026/03/24 06:16:37.835, 1, 234.49 W, 30, 2032 MHz, 3996 MHz, 9 %, 0 %
2026/03/24 06:16:37.835, 2, 235.07 W, 27, 2032 MHz, 3996 MHz, 9 %, 0 %
2026/03/24 06:16:37.835, 3, 235.05 W, 30, 2032 MHz, 3996 MHz, 5 %, 0 %
2026/03/24 06:16:37.835, 4, 179.25 W, 26, 120 MHz, 3996 MHz, 0 %, 0 %
2026/03/24 06:16:37.835, 5, 180.58 W, 28, 120 MHz, 3996 MHz, 0 %, 0 %
2026/03/24 06:16:37.835, 6, 178.60 W, 26, 120 MHz, 3996 MHz, 0 %, 0 %
2026/03/24 06:16:37.835, 7, 176.58 W, 27, 120 MHz, 3996 MHz, 0 %, 0 %
2026/03/24 06:16:38.835, 0, 229.46 W, 28, 2032 MHz, 3996 MHz, 8 %, 0 %
2026/03/24 06:16:38.835, 1, 234.48 W, 30, 2032 MHz, 3996 MHz, 7 %, 0 %
2026/03/24 06:16:38.835, 2, 235.11 W, 27, 2032 MHz, 3996 MHz, 9 %, 0 %
2026/03/24 06:16:38.835, 3, 235.16 W, 30, 2032 MHz, 3996 MHz, 5 %, 0 %
2026/03/24 06:16:38.835, 4, 179.11 W, 26, 120 MHz, 3996 MHz, 0 %, 0 %
2026/03/24 06:16:38.835, 5, 180.58 W, 28, 120 MHz, 3996 MHz, 0 %, 0 %
2026/03/24 06:16:38.835, 6, 178.49 W, 26, 120 MHz, 3996 MHz, 0 %, 0 %
2026/03/24 06:16:38.835, 7, 176.58 W, 27, 120 MHz, 3996 MHz, 0 %, 0 %
2026/03/24 06:16:39.836, 0, 229.55 W, 28, 2032 MHz, 3996 MHz, 7 %, 0 %
2026/03/24 06:16:39.836, 1, 234.60 W, 30, 2032 MHz, 3996 MHz, 6 %, 0 %
2026/03/24 06:16:39.836, 2, 235.24 W, 27, 2032 MHz, 3996 MHz, 8 %, 0 %
2026/03/24 06:16:39.836, 3, 234.98 W, 30, 2032 MHz, 3996 MHz, 5 %, 0 %
2026/03/24 06:16:39.836, 4, 179.12 W, 26, 120 MHz, 3996 MHz, 0 %, 0 %
2026/03/24 06:16:39.836, 5, 180.58 W, 28, 120 MHz, 3996 MHz, 0 %, 0 %
2026/03/24 06:16:39.836, 6, 178.60 W, 26, 120 MHz, 3996 MHz, 0 %, 0 %
2026/03/24 06:16:39.836, 7, 176.58 W, 27, 120 MHz, 3996 MHz, 0 %, 0 %
2026/03/24 06:16:40.836, 0, 229.50 W, 28, 2032 MHz, 3996 MHz, 7 %, 0 %
2026/03/24 06:16:40.836, 1, 234.47 W, 30, 2032 MHz, 3996 MHz, 7 %, 0 %
2026/03/24 06:16:40.836, 2, 235.03 W, 27, 2032 MHz, 3996 MHz, 6 %, 0 %
2026/03/24 06:16:40.836, 3, 235.12 W, 30, 2032 MHz, 3996 MHz, 6 %, 0 %
2026/03/24 06:16:40.836, 4, 179.06 W, 26, 120 MHz, 3996 MHz, 0 %, 0 %
2026/03/24 06:16:40.836, 5, 180.58 W, 28, 120 MHz, 3996 MHz, 0 %, 0 %
2026/03/24 06:16:40.836, 6, 178.49 W, 26, 120 MHz, 3996 MHz, 0 %, 0 %
2026/03/24 06:16:40.836, 7, 176.58 W, 27, 120 MHz, 3996 MHz, 0 %, 0 %
2026/03/24 06:16:41.836, 0, 229.59 W, 28, 2032 MHz, 3996 MHz, 7 %, 0 %
2026/03/24 06:16:41.836, 1, 234.26 W, 30, 2032 MHz, 3996 MHz, 6 %, 0 %
2026/03/24 06:16:41.836, 2, 235.05 W, 27, 2032 MHz, 3996 MHz, 6 %, 0 %
2026/03/24 06:16:41.836, 3, 235.12 W, 30, 2032 MHz, 3996 MHz, 6 %, 0 %
2026/03/24 06:16:41.836, 4, 178.90 W, 26, 120 MHz, 3996 MHz, 0 %, 0 %
2026/03/24 06:16:41.836, 5, 180.58 W, 28, 120 MHz, 3996 MHz, 0 %, 0 %
2026/03/24 06:16:41.836, 6, 178.45 W, 26, 120 MHz, 3996 MHz, 0 %, 0 %
2026/03/24 06:16:41.836, 7, 176.58 W, 27, 120 MHz, 3996 MHz, 0 %, 0 %
2026/03/24 06:16:42.836, 0, 229.62 W, 28, 2032 MHz, 3996 MHz, 6 %, 0 %
2026/03/24 06:16:42.836, 1, 234.27 W, 30, 2032 MHz, 3996 MHz, 4 %, 0 %
2026/03/24 06:16:42.836, 2, 235.05 W, 27, 2032 MHz, 3996 MHz, 5 %, 0 %
2026/03/24 06:16:42.836, 3, 235.20 W, 30, 2032 MHz, 3996 MHz, 5 %, 0 %
2026/03/24 06:16:42.836, 4, 179.29 W, 26, 120 MHz, 3996 MHz, 0 %, 0 %
2026/03/24 06:16:42.836, 5, 180.58 W, 28, 120 MHz, 3996 MHz, 0 %, 0 %
2026/03/24 06:16:42.836, 6, 178.60 W, 26, 120 MHz, 3996 MHz, 0 %, 0 %
2026/03/24 06:16:42.836, 7, 176.58 W, 27, 120 MHz, 3996 MHz, 0 %, 0 %
2026/03/24 06:16:43.836, 0, 229.51 W, 28, 2032 MHz, 3996 MHz, 5 %, 0 %
2026/03/24 06:16:43.836, 1, 234.27 W, 30, 2032 MHz, 3996 MHz, 5 %, 0 %
2026/03/24 06:16:43.836, 2, 235.22 W, 27, 2032 MHz, 3996 MHz, 5 %, 0 %
2026/03/24 06:16:43.836, 3, 234.91 W, 30, 2032 MHz, 3996 MHz, 5 %, 0 %
2026/03/24 06:16:43.836, 4, 179.34 W, 26, 120 MHz, 3996 MHz, 0 %, 0 %
2026/03/24 06:16:43.836, 5, 180.58 W, 28, 120 MHz, 3996 MHz, 0 %, 0 %
2026/03/24 06:16:43.836, 6, 178.38 W, 26, 120 MHz, 3996 MHz, 0 %, 0 %
2026/03/24 06:16:43.836, 7, 176.58 W, 27, 120 MHz, 3996 MHz, 0 %, 0 %
2026/03/24 06:16:44.836, 0, 229.66 W, 28, 2032 MHz, 3996 MHz, 5 %, 0 %
2026/03/24 06:16:44.836, 1, 234.37 W, 30, 2032 MHz, 3996 MHz, 5 %, 0 %
2026/03/24 06:16:44.836, 2, 235.15 W, 27, 2032 MHz, 3996 MHz, 4 %, 0 %
2026/03/24 06:16:44.836, 3, 235.00 W, 30, 2032 MHz, 3996 MHz, 7 %, 0 %
2026/03/24 06:16:44.836, 4, 179.09 W, 26, 120 MHz, 3996 MHz, 0 %, 0 %
2026/03/24 06:16:44.836, 5, 180.58 W, 28, 120 MHz, 3996 MHz, 0 %, 0 %
2026/03/24 06:16:44.836, 6, 178.52 W, 26, 120 MHz, 3996 MHz, 0 %, 0 %
2026/03/24 06:16:44.836, 7, 176.59 W, 27, 120 MHz, 3996 MHz, 0 %, 0 %
2026/03/24 06:16:45.836, 0, 229.54 W, 28, 2032 MHz, 3996 MHz, 5 %, 0 %
2026/03/24 06:16:45.836, 1, 234.45 W, 30, 2032 MHz, 3996 MHz, 10 %, 0 %
2026/03/24 06:16:45.836, 2, 235.12 W, 27, 2032 MHz, 3996 MHz, 5 %, 0 %
2026/03/24 06:16:45.836, 3, 234.98 W, 30, 2032 MHz, 3996 MHz, 9 %, 0 %
2026/03/24 06:16:45.836, 4, 179.07 W, 26, 120 MHz, 3996 MHz, 0 %, 0 %
2026/03/24 06:16:45.836, 5, 180.58 W, 28, 120 MHz, 3996 MHz, 0 %, 0 %
2026/03/24 06:16:45.837, 6, 178.26 W, 26, 120 MHz, 3996 MHz, 0 %, 0 %
2026/03/24 06:16:45.837, 7, 176.58 W, 27, 120 MHz, 3996 MHz, 0 %, 0 %
2026/03/24 06:16:46.837, 0, 229.55 W, 28, 2032 MHz, 3996 MHz, 5 %, 0 %
2026/03/24 06:16:46.837, 1, 234.55 W, 30, 2032 MHz, 3996 MHz, 12 %, 0 %
2026/03/24 06:16:46.837, 2, 235.11 W, 27, 2032 MHz, 3996 MHz, 7 %, 0 %
2026/03/24 06:16:46.837, 3, 235.04 W, 30, 2032 MHz, 3996 MHz, 10 %, 0 %
2026/03/24 06:16:46.837, 4, 179.03 W, 26, 120 MHz, 3996 MHz, 0 %, 0 %
2026/03/24 06:16:46.837, 5, 180.58 W, 28, 120 MHz, 3996 MHz, 0 %, 0 %
2026/03/24 06:16:46.837, 6, 178.45 W, 26, 120 MHz, 3996 MHz, 0 %, 0 %
2026/03/24 06:16:46.837, 7, 176.59 W, 27, 120 MHz, 3996 MHz, 0 %, 0 %
2026/03/24 06:16:47.837, 0, 229.51 W, 28, 2032 MHz, 3996 MHz, 5 %, 0 %
2026/03/24 06:16:47.837, 1, 234.43 W, 30, 2032 MHz, 3996 MHz, 12 %, 0 %
2026/03/24 06:16:47.837, 2, 235.03 W, 27, 2032 MHz, 3996 MHz, 8 %, 0 %
2026/03/24 06:16:47.837, 3, 235.06 W, 30, 2032 MHz, 3996 MHz, 10 %, 0 %
2026/03/24 06:16:47.837, 4, 179.48 W, 26, 120 MHz, 3996 MHz, 0 %, 0 %
2026/03/24 06:16:47.837, 5, 180.58 W, 28, 120 MHz, 3996 MHz, 0 %, 0 %
2026/03/24 06:16:47.837, 6, 178.53 W, 26, 120 MHz, 3996 MHz, 0 %, 0 %
2026/03/24 06:16:47.837, 7, 176.59 W, 27, 120 MHz, 3996 MHz, 0 %, 0 %
2026/03/24 06:16:48.837, 0, 229.62 W, 28, 2032 MHz, 3996 MHz, 5 %, 0 %
2026/03/24 06:16:48.837, 1, 234.41 W, 30, 2032 MHz, 3996 MHz, 12 %, 0 %
2026/03/24 06:16:48.837, 2, 235.12 W, 27, 2032 MHz, 3996 MHz, 8 %, 0 %
2026/03/24 06:16:48.837, 3, 234.94 W, 30, 2032 MHz, 3996 MHz, 10 %, 0 %
2026/03/24 06:16:48.837, 4, 179.00 W, 26, 120 MHz, 3996 MHz, 0 %, 0 %
2026/03/24 06:16:48.837, 5, 180.58 W, 28, 120 MHz, 3996 MHz, 0 %, 0 %
2026/03/24 06:16:48.837, 6, 178.49 W, 26, 120 MHz, 3996 MHz, 0 %, 0 %
2026/03/24 06:16:48.837, 7, 176.58 W, 27, 120 MHz, 3996 MHz, 0 %, 0 %
2026/03/24 06:16:49.837, 0, 229.58 W, 28, 2032 MHz, 3996 MHz, 4 %, 0 %
2026/03/24 06:16:49.837, 1, 234.40 W, 30, 2032 MHz, 3996 MHz, 11 %, 0 %
2026/03/24 06:16:49.837, 2, 235.07 W, 27, 2032 MHz, 3996 MHz, 8 %, 0 %
2026/03/24 06:16:49.837, 3, 235.13 W, 30, 2032 MHz, 3996 MHz, 10 %, 0 %
2026/03/24 06:16:49.837, 4, 178.99 W, 26, 120 MHz, 3996 MHz, 0 %, 0 %
2026/03/24 06:16:49.837, 5, 180.58 W, 28, 120 MHz, 3996 MHz, 0 %, 0 %
2026/03/24 06:16:49.837, 6, 178.45 W, 26, 120 MHz, 3996 MHz, 0 %, 0 %
2026/03/24 06:16:49.837, 7, 176.58 W, 27, 120 MHz, 3996 MHz, 0 %, 0 %
2026/03/24 06:16:50.837, 0, 229.70 W, 28, 2032 MHz, 3996 MHz, 6 %, 0 %
2026/03/24 06:16:50.837, 1, 234.33 W, 30, 2032 MHz, 3996 MHz, 11 %, 0 %
2026/03/24 06:16:50.837, 2, 235.01 W, 27, 2032 MHz, 3996 MHz, 8 %, 0 %
2026/03/24 06:16:50.837, 3, 235.15 W, 30, 2032 MHz, 3996 MHz, 10 %, 0 %
2026/03/24 06:16:50.837, 4, 179.12 W, 26, 120 MHz, 3996 MHz, 0 %, 0 %
2026/03/24 06:16:50.837, 5, 180.58 W, 28, 120 MHz, 3996 MHz, 0 %, 0 %
2026/03/24 06:16:50.837, 6, 178.49 W, 26, 120 MHz, 3996 MHz, 0 %, 0 %
2026/03/24 06:16:50.837, 7, 176.58 W, 27, 120 MHz, 3996 MHz, 0 %, 0 %
2026/03/24 06:16:51.837, 0, 229.36 W, 28, 2032 MHz, 3996 MHz, 8 %, 0 %
2026/03/24 06:16:51.837, 1, 234.31 W, 30, 2032 MHz, 3996 MHz, 8 %, 0 %
2026/03/24 06:16:51.837, 2, 235.03 W, 27, 2032 MHz, 3996 MHz, 7 %, 0 %
2026/03/24 06:16:51.837, 3, 234.95 W, 30, 2032 MHz, 3996 MHz, 10 %, 0 %
2026/03/24 06:16:51.837, 4, 179.10 W, 26, 120 MHz, 3996 MHz, 0 %, 0 %
2026/03/24 06:16:51.838, 5, 180.58 W, 28, 120 MHz, 3996 MHz, 0 %, 0 %
2026/03/24 06:16:51.838, 6, 178.34 W, 26, 120 MHz, 3996 MHz, 0 %, 0 %
2026/03/24 06:16:51.838, 7, 176.58 W, 27, 120 MHz, 3996 MHz, 0 %, 0 %
2026/03/24 06:16:52.838, 0, 229.59 W, 28, 2032 MHz, 3996 MHz, 9 %, 0 %
2026/03/24 06:16:52.838, 1, 234.26 W, 30, 2032 MHz, 3996 MHz, 5 %, 0 %
2026/03/24 06:16:52.838, 2, 234.91 W, 27, 2032 MHz, 3996 MHz, 8 %, 0 %
2026/03/24 06:16:52.838, 3, 235.01 W, 30, 2032 MHz, 3996 MHz, 10 %, 0 %
2026/03/24 06:16:52.838, 4, 179.27 W, 26, 120 MHz, 3996 MHz, 0 %, 0 %
2026/03/24 06:16:52.838, 5, 180.58 W, 28, 120 MHz, 3996 MHz, 0 %, 0 %
2026/03/24 06:16:52.838, 6, 178.33 W, 26, 120 MHz, 3996 MHz, 0 %, 0 %
2026/03/24 06:16:52.838, 7, 176.58 W, 27, 120 MHz, 3996 MHz, 0 %, 0 %
2026/03/24 06:16:53.838, 0, 229.62 W, 28, 2032 MHz, 3996 MHz, 9 %, 0 %
2026/03/24 06:16:53.838, 1, 234.33 W, 30, 2032 MHz, 3996 MHz, 4 %, 0 %
2026/03/24 06:16:53.838, 2, 235.22 W, 27, 2032 MHz, 3996 MHz, 9 %, 0 %
2026/03/24 06:16:53.838, 3, 235.12 W, 30, 2032 MHz, 3996 MHz, 10 %, 0 %
2026/03/24 06:16:53.838, 4, 179.18 W, 26, 120 MHz, 3996 MHz, 0 %, 0 %
2026/03/24 06:16:53.838, 5, 180.58 W, 28, 120 MHz, 3996 MHz, 0 %, 0 %
2026/03/24 06:16:53.838, 6, 178.52 W, 26, 120 MHz, 3996 MHz, 0 %, 0 %
2026/03/24 06:16:53.838, 7, 176.58 W, 27, 120 MHz, 3996 MHz, 0 %, 0 %
2026/03/24 06:16:54.838, 0, 229.43 W, 28, 2032 MHz, 3996 MHz, 5 %, 0 %
2026/03/24 06:16:54.838, 1, 234.57 W, 30, 2032 MHz, 3996 MHz, 9 %, 0 %
2026/03/24 06:16:54.838, 2, 234.97 W, 27, 2032 MHz, 3996 MHz, 9 %, 0 %
2026/03/24 06:16:54.838, 3, 234.98 W, 30, 2032 MHz, 3996 MHz, 10 %, 0 %
2026/03/24 06:16:54.838, 4, 179.15 W, 26, 120 MHz, 3996 MHz, 0 %, 0 %
2026/03/24 06:16:54.838, 5, 180.58 W, 28, 120 MHz, 3996 MHz, 0 %, 0 %
2026/03/24 06:16:54.838, 6, 178.60 W, 26, 120 MHz, 3996 MHz, 0 %, 0 %
2026/03/24 06:16:54.838, 7, 176.58 W, 27, 120 MHz, 3996 MHz, 0 %, 0 %
2026/03/24 06:16:55.838, 0, 229.58 W, 28, 2032 MHz, 3996 MHz, 5 %, 0 %
2026/03/24 06:16:55.838, 1, 234.46 W, 30, 2032 MHz, 3996 MHz, 11 %, 0 %
2026/03/24 06:16:55.838, 2, 234.84 W, 27, 2032 MHz, 3996 MHz, 9 %, 0 %
2026/03/24 06:16:55.838, 3, 235.02 W, 30, 2032 MHz, 3996 MHz, 10 %, 0 %
2026/03/24 06:16:55.838, 4, 178.96 W, 26, 120 MHz, 3996 MHz, 0 %, 0 %
2026/03/24 06:16:55.838, 5, 180.58 W, 28, 120 MHz, 3996 MHz, 0 %, 0 %
2026/03/24 06:16:55.838, 6, 178.41 W, 26, 120 MHz, 3996 MHz, 0 %, 0 %
2026/03/24 06:16:55.838, 7, 176.58 W, 27, 120 MHz, 3996 MHz, 0 %, 0 %
2026/03/24 06:16:56.838, 0, 229.59 W, 28, 2032 MHz, 3996 MHz, 5 %, 0 %
2026/03/24 06:16:56.838, 1, 234.49 W, 30, 2032 MHz, 3996 MHz, 11 %, 0 %
2026/03/24 06:16:56.838, 2, 234.86 W, 27, 2032 MHz, 3996 MHz, 9 %, 0 %
2026/03/24 06:16:56.838, 3, 235.13 W, 30, 2032 MHz, 3996 MHz, 10 %, 0 %
2026/03/24 06:16:56.838, 4, 179.18 W, 26, 120 MHz, 3996 MHz, 0 %, 0 %
2026/03/24 06:16:56.838, 5, 180.58 W, 28, 120 MHz, 3996 MHz, 0 %, 0 %
2026/03/24 06:16:56.838, 6, 178.49 W, 26, 120 MHz, 3996 MHz, 0 %, 0 %
2026/03/24 06:16:56.838, 7, 176.58 W, 27, 120 MHz, 3996 MHz, 0 %, 0 %
2026/03/24 06:16:57.838, 0, 229.50 W, 28, 2032 MHz, 3996 MHz, 5 %, 0 %
2026/03/24 06:16:57.838, 1, 234.34 W, 30, 2032 MHz, 3996 MHz, 11 %, 0 %
2026/03/24 06:16:57.838, 2, 234.90 W, 27, 2032 MHz, 3996 MHz, 9 %, 0 %
2026/03/24 06:16:57.838, 3, 235.08 W, 30, 2032 MHz, 3996 MHz, 9 %, 0 %
2026/03/24 06:16:57.838, 4, 179.04 W, 26, 120 MHz, 3996 MHz, 0 %, 0 %
2026/03/24 06:16:57.838, 5, 180.58 W, 28, 120 MHz, 3996 MHz, 0 %, 0 %
2026/03/24 06:16:57.838, 6, 178.41 W, 26, 120 MHz, 3996 MHz, 0 %, 0 %
2026/03/24 06:16:57.838, 7, 176.58 W, 27, 120 MHz, 3996 MHz, 0 %, 0 %
2026/03/24 06:16:58.839, 0, 229.36 W, 28, 2032 MHz, 3996 MHz, 6 %, 0 %
2026/03/24 06:16:58.839, 1, 234.37 W, 30, 2032 MHz, 3996 MHz, 11 %, 0 %
2026/03/24 06:16:58.839, 2, 235.01 W, 27, 2032 MHz, 3996 MHz, 8 %, 0 %
2026/03/24 06:16:58.839, 3, 235.12 W, 30, 2032 MHz, 3996 MHz, 7 %, 0 %
2026/03/24 06:16:58.839, 4, 178.89 W, 26, 120 MHz, 3996 MHz, 0 %, 0 %
2026/03/24 06:16:58.839, 5, 180.58 W, 28, 120 MHz, 3996 MHz, 0 %, 0 %
2026/03/24 06:16:58.839, 6, 178.41 W, 26, 120 MHz, 3996 MHz, 0 %, 0 %
2026/03/24 06:16:58.839, 7, 176.58 W, 27, 120 MHz, 3996 MHz, 0 %, 0 %
2026/03/24 06:16:59.839, 0, 229.36 W, 28, 2032 MHz, 3996 MHz, 8 %, 0 %
2026/03/24 06:16:59.839, 1, 234.46 W, 30, 2032 MHz, 3996 MHz, 9 %, 0 %
2026/03/24 06:16:59.839, 2, 235.07 W, 27, 2032 MHz, 3996 MHz, 7 %, 0 %
2026/03/24 06:16:59.839, 3, 234.96 W, 30, 2032 MHz, 3996 MHz, 5 %, 0 %
2026/03/24 06:16:59.839, 4, 179.09 W, 26, 120 MHz, 3996 MHz, 0 %, 0 %
2026/03/24 06:16:59.839, 5, 180.58 W, 28, 120 MHz, 3996 MHz, 0 %, 0 %
2026/03/24 06:16:59.839, 6, 178.34 W, 26, 120 MHz, 3996 MHz, 0 %, 0 %
2026/03/24 06:16:59.839, 7, 176.58 W, 27, 120 MHz, 3996 MHz, 0 %, 0 %
2026/03/24 06:17:00.839, 0, 229.35 W, 28, 2032 MHz, 3996 MHz, 9 %, 0 %
2026/03/24 06:17:00.839, 1, 234.38 W, 30, 2032 MHz, 3996 MHz, 7 %, 0 %
2026/03/24 06:17:00.839, 2, 235.05 W, 27, 2032 MHz, 3996 MHz, 6 %, 0 %
2026/03/24 06:17:00.839, 3, 235.08 W, 30, 2032 MHz, 3996 MHz, 5 %, 0 %
2026/03/24 06:17:00.839, 4, 179.01 W, 26, 120 MHz, 3996 MHz, 0 %, 0 %
2026/03/24 06:17:00.839, 5, 180.58 W, 28, 120 MHz, 3996 MHz, 0 %, 0 %
2026/03/24 06:17:00.839, 6, 178.52 W, 26, 120 MHz, 3996 MHz, 0 %, 0 %
2026/03/24 06:17:00.839, 7, 176.58 W, 27, 120 MHz, 3996 MHz, 0 %, 0 %
2026/03/24 06:17:01.839, 0, 229.36 W, 28, 2032 MHz, 3996 MHz, 9 %, 0 %
2026/03/24 06:17:01.839, 1, 234.22 W, 30, 2032 MHz, 3996 MHz, 6 %, 0 %
2026/03/24 06:17:01.839, 2, 235.03 W, 27, 2032 MHz, 3996 MHz, 6 %, 0 %
2026/03/24 06:17:01.839, 3, 235.04 W, 30, 2032 MHz, 3996 MHz, 5 %, 0 %
2026/03/24 06:17:01.839, 4, 179.01 W, 26, 120 MHz, 3996 MHz, 0 %, 0 %
2026/03/24 06:17:01.839, 5, 180.58 W, 28, 120 MHz, 3996 MHz, 0 %, 0 %
2026/03/24 06:17:01.839, 6, 178.37 W, 26, 120 MHz, 3996 MHz, 0 %, 0 %
2026/03/24 06:17:01.839, 7, 176.58 W, 27, 120 MHz, 3996 MHz, 0 %, 0 %
2026/03/24 06:17:02.839, 0, 229.46 W, 28, 2032 MHz, 3996 MHz, 9 %, 0 %
2026/03/24 06:17:02.839, 1, 234.24 W, 30, 2032 MHz, 3996 MHz, 4 %, 0 %
2026/03/24 06:17:02.839, 2, 235.09 W, 27, 2032 MHz, 3996 MHz, 5 %, 0 %
2026/03/24 06:17:02.839, 3, 234.99 W, 30, 2032 MHz, 3996 MHz, 5 %, 0 %
2026/03/24 06:17:02.839, 4, 179.02 W, 26, 120 MHz, 3996 MHz, 0 %, 0 %
2026/03/24 06:17:02.839, 5, 180.58 W, 28, 120 MHz, 3996 MHz, 0 %, 0 %
2026/03/24 06:17:02.839, 6, 178.60 W, 26, 120 MHz, 3996 MHz, 0 %, 0 %
2026/03/24 06:17:02.839, 7, 176.58 W, 27, 120 MHz, 3996 MHz, 0 %, 0 %
2026/03/24 06:17:03.839, 0, 229.55 W, 28, 2032 MHz, 3996 MHz, 9 %, 0 %
2026/03/24 06:17:03.839, 1, 234.34 W, 30, 2032 MHz, 3996 MHz, 5 %, 0 %
2026/03/24 06:17:03.839, 2, 234.87 W, 27, 2032 MHz, 3996 MHz, 5 %, 0 %
2026/03/24 06:17:03.839, 3, 234.93 W, 30, 2032 MHz, 3996 MHz, 5 %, 0 %
2026/03/24 06:17:03.839, 4, 178.94 W, 26, 120 MHz, 3996 MHz, 0 %, 0 %
2026/03/24 06:17:03.839, 5, 180.58 W, 28, 120 MHz, 3996 MHz, 0 %, 0 %
2026/03/24 06:17:03.839, 6, 178.41 W, 26, 120 MHz, 3996 MHz, 0 %, 0 %
2026/03/24 06:17:03.839, 7, 176.58 W, 27, 120 MHz, 3996 MHz, 0 %, 0 %
2026/03/24 06:17:04.839, 0, 229.42 W, 28, 2032 MHz, 3996 MHz, 9 %, 0 %
2026/03/24 06:17:04.839, 1, 233.28 W, 30, 2032 MHz, 3996 MHz, 0 %, 0 %
2026/03/24 06:17:04.839, 2, 235.22 W, 27, 2032 MHz, 3996 MHz, 4 %, 0 %
2026/03/24 06:17:04.839, 3, 234.92 W, 30, 2032 MHz, 3996 MHz, 5 %, 0 %
2026/03/24 06:17:04.839, 4, 179.17 W, 26, 120 MHz, 3996 MHz, 0 %, 0 %
2026/03/24 06:17:04.839, 5, 180.58 W, 28, 120 MHz, 3996 MHz, 0 %, 0 %
2026/03/24 06:17:04.840, 6, 178.41 W, 26, 120 MHz, 3996 MHz, 0 %, 0 %
2026/03/24 06:17:04.840, 7, 176.58 W, 27, 120 MHz, 3996 MHz, 0 %, 0 %
2026/03/24 06:17:05.840, 0, 229.50 W, 28, 2032 MHz, 3996 MHz, 9 %, 0 %
2026/03/24 06:17:05.840, 1, 233.17 W, 30, 2032 MHz, 3996 MHz, 0 %, 0 %
2026/03/24 06:17:05.840, 2, 235.18 W, 27, 2032 MHz, 3996 MHz, 4 %, 0 %
2026/03/24 06:17:05.840, 3, 234.96 W, 30, 2032 MHz, 3996 MHz, 5 %, 0 %
2026/03/24 06:17:05.840, 4, 178.89 W, 26, 120 MHz, 3996 MHz, 0 %, 0 %
2026/03/24 06:17:05.840, 5, 180.58 W, 28, 120 MHz, 3996 MHz, 0 %, 0 %
2026/03/24 06:17:05.840, 6, 178.45 W, 26, 120 MHz, 3996 MHz, 0 %, 0 %
2026/03/24 06:17:05.840, 7, 176.58 W, 27, 120 MHz, 3996 MHz, 0 %, 0 %
2026/03/24 06:17:06.840, 0, 229.59 W, 28, 2032 MHz, 3996 MHz, 9 %, 0 %
2026/03/24 06:17:06.840, 1, 233.19 W, 30, 2032 MHz, 3996 MHz, 0 %, 0 %
2026/03/24 06:17:06.840, 2, 235.27 W, 27, 2032 MHz, 3996 MHz, 5 %, 0 %
2026/03/24 06:17:06.840, 3, 235.01 W, 30, 2032 MHz, 3996 MHz, 0 %, 0 %
2026/03/24 06:17:06.840, 4, 179.13 W, 26, 120 MHz, 3996 MHz, 0 %, 0 %
2026/03/24 06:17:06.840, 5, 180.58 W, 28, 120 MHz, 3996 MHz, 0 %, 0 %
2026/03/24 06:17:06.840, 6, 178.37 W, 26, 120 MHz, 3996 MHz, 0 %, 0 %
2026/03/24 06:17:06.840, 7, 176.58 W, 27, 120 MHz, 3996 MHz, 0 %, 0 %
2026/03/24 06:17:07.840, 0, 229.54 W, 28, 2032 MHz, 3996 MHz, 10 %, 0 %
2026/03/24 06:17:07.840, 1, 233.21 W, 30, 2032 MHz, 3996 MHz, 0 %, 0 %
2026/03/24 06:17:07.840, 2, 235.03 W, 27, 2032 MHz, 3996 MHz, 6 %, 0 %
2026/03/24 06:17:07.840, 3, 233.69 W, 30, 2032 MHz, 3996 MHz, 0 %, 0 %
2026/03/24 06:17:07.840, 4, 179.00 W, 26, 120 MHz, 3996 MHz, 0 %, 0 %
2026/03/24 06:17:07.840, 5, 180.58 W, 28, 120 MHz, 3996 MHz, 0 %, 0 %
2026/03/24 06:17:07.840, 6, 178.41 W, 26, 120 MHz, 3996 MHz, 0 %, 0 %
2026/03/24 06:17:07.840, 7, 176.58 W, 27, 120 MHz, 3996 MHz, 0 %, 0 %
2026/03/24 06:17:08.840, 0, 229.47 W, 28, 2032 MHz, 3996 MHz, 9 %, 0 %
2026/03/24 06:17:08.840, 1, 267.21 W, 30, 2032 MHz, 3996 MHz, 14 %, 3 %
2026/03/24 06:17:08.840, 2, 235.16 W, 27, 2032 MHz, 3996 MHz, 7 %, 0 %
2026/03/24 06:17:08.840, 3, 242.55 W, 31, 2032 MHz, 3996 MHz, 6 %, 0 %
2026/03/24 06:17:08.840, 4, 179.20 W, 26, 120 MHz, 3996 MHz, 0 %, 0 %
2026/03/24 06:17:08.840, 5, 180.58 W, 28, 120 MHz, 3996 MHz, 0 %, 0 %
2026/03/24 06:17:08.840, 6, 178.45 W, 26, 120 MHz, 3996 MHz, 0 %, 0 %
2026/03/24 06:17:08.840, 7, 176.58 W, 27, 120 MHz, 3996 MHz, 0 %, 0 %
2026/03/24 06:17:09.840, 0, 229.40 W, 28, 2032 MHz, 3996 MHz, 9 %, 0 %
2026/03/24 06:17:09.840, 1, 280.89 W, 31, 2032 MHz, 3996 MHz, 10 %, 2 %
2026/03/24 06:17:09.840, 2, 235.05 W, 27, 2032 MHz, 3996 MHz, 7 %, 0 %
2026/03/24 06:17:09.840, 3, 287.44 W, 31, 2032 MHz, 3996 MHz, 21 %, 4 %
2026/03/24 06:17:09.840, 4, 179.18 W, 26, 120 MHz, 3996 MHz, 0 %, 0 %
2026/03/24 06:17:09.840, 5, 180.58 W, 28, 120 MHz, 3996 MHz, 0 %, 0 %
2026/03/24 06:17:09.840, 6, 178.52 W, 26, 120 MHz, 3996 MHz, 0 %, 0 %
2026/03/24 06:17:09.840, 7, 176.58 W, 27, 120 MHz, 3996 MHz, 0 %, 0 %
2026/03/24 06:17:10.840, 0, 240.86 W, 28, 2032 MHz, 3996 MHz, 20 %, 4 %
2026/03/24 06:17:10.840, 1, 290.74 W, 31, 2032 MHz, 3996 MHz, 16 %, 2 %
2026/03/24 06:17:10.840, 2, 235.09 W, 27, 2032 MHz, 3996 MHz, 8 %, 0 %
2026/03/24 06:17:10.840, 3, 287.51 W, 31, 2032 MHz, 3996 MHz, 12 %, 2 %
2026/03/24 06:17:10.840, 4, 179.07 W, 26, 120 MHz, 3996 MHz, 0 %, 0 %
2026/03/24 06:17:10.840, 5, 180.58 W, 28, 120 MHz, 3996 MHz, 0 %, 0 %
2026/03/24 06:17:10.840, 6, 178.34 W, 26, 120 MHz, 3996 MHz, 0 %, 0 %
2026/03/24 06:17:10.840, 7, 176.59 W, 27, 120 MHz, 3996 MHz, 0 %, 0 %
2026/03/24 06:17:11.840, 0, 282.09 W, 29, 2032 MHz, 3996 MHz, 20 %, 4 %
2026/03/24 06:17:11.840, 1, 278.06 W, 31, 2032 MHz, 3996 MHz, 21 %, 4 %
2026/03/24 06:17:11.840, 2, 235.14 W, 27, 2032 MHz, 3996 MHz, 9 %, 0 %
2026/03/24 06:17:11.840, 3, 290.53 W, 31, 2032 MHz, 3996 MHz, 21 %, 4 %
2026/03/24 06:17:11.841, 4, 179.12 W, 26, 120 MHz, 3996 MHz, 0 %, 0 %
2026/03/24 06:17:11.841, 5, 180.58 W, 28, 120 MHz, 3996 MHz, 0 %, 0 %
2026/03/24 06:17:11.841, 6, 178.26 W, 26, 120 MHz, 3996 MHz, 0 %, 0 %
2026/03/24 06:17:11.841, 7, 176.58 W, 27, 120 MHz, 3996 MHz, 0 %, 0 %
2026/03/24 06:17:12.841, 0, 281.14 W, 29, 2032 MHz, 3996 MHz, 21 %, 4 %
2026/03/24 06:17:12.841, 1, 234.52 W, 30, 2032 MHz, 3996 MHz, 0 %, 0 %
2026/03/24 06:17:12.841, 2, 265.49 W, 28, 2032 MHz, 3996 MHz, 21 %, 4 %
2026/03/24 06:17:12.841, 3, 250.95 W, 30, 2032 MHz, 3996 MHz, 0 %, 0 %
2026/03/24 06:17:12.841, 4, 179.05 W, 26, 120 MHz, 3996 MHz, 0 %, 0 %
2026/03/24 06:17:12.841, 5, 180.58 W, 28, 120 MHz, 3996 MHz, 0 %, 0 %
2026/03/24 06:17:12.841, 6, 178.52 W, 26, 120 MHz, 3996 MHz, 0 %, 0 %
2026/03/24 06:17:12.841, 7, 176.58 W, 27, 120 MHz, 3996 MHz, 0 %, 0 %
2026/03/24 06:17:13.841, 0, 281.88 W, 29, 2032 MHz, 3996 MHz, 21 %, 4 %
2026/03/24 06:17:13.841, 1, 233.26 W, 30, 2032 MHz, 3996 MHz, 0 %, 0 %
2026/03/24 06:17:13.841, 2, 291.07 W, 28, 2032 MHz, 3996 MHz, 18 %, 3 %
2026/03/24 06:17:13.841, 3, 235.04 W, 30, 2032 MHz, 3996 MHz, 0 %, 0 %
2026/03/24 06:17:13.841, 4, 179.20 W, 26, 120 MHz, 3996 MHz, 0 %, 0 %
2026/03/24 06:17:13.841, 5, 180.58 W, 28, 120 MHz, 3996 MHz, 0 %, 0 %
2026/03/24 06:17:13.841, 6, 178.34 W, 26, 120 MHz, 3996 MHz, 0 %, 0 %
2026/03/24 06:17:13.841, 7, 176.58 W, 27, 120 MHz, 3996 MHz, 0 %, 0 %
2026/03/24 06:17:14.841, 0, 250.34 W, 28, 2032 MHz, 3996 MHz, 0 %, 0 %
2026/03/24 06:17:14.841, 1, 233.19 W, 30, 2032 MHz, 3996 MHz, 0 %, 0 %
2026/03/24 06:17:14.841, 2, 285.35 W, 28, 2032 MHz, 3996 MHz, 13 %, 2 %
2026/03/24 06:17:14.841, 3, 234.48 W, 30, 2032 MHz, 3996 MHz, 0 %, 0 %
2026/03/24 06:17:14.841, 4, 179.03 W, 26, 120 MHz, 3996 MHz, 0 %, 0 %
2026/03/24 06:17:14.841, 5, 180.58 W, 28, 120 MHz, 3996 MHz, 0 %, 0 %
2026/03/24 06:17:14.841, 6, 178.34 W, 26, 120 MHz, 3996 MHz, 0 %, 0 %
2026/03/24 06:17:14.841, 7, 176.59 W, 27, 120 MHz, 3996 MHz, 0 %, 0 %
2026/03/24 06:17:15.841, 0, 229.50 W, 28, 2032 MHz, 3996 MHz, 0 %, 0 %
2026/03/24 06:17:15.841, 1, 233.19 W, 30, 2032 MHz, 3996 MHz, 0 %, 0 %
2026/03/24 06:17:15.841, 2, 282.67 W, 28, 2032 MHz, 3996 MHz, 12 %, 2 %
2026/03/24 06:17:15.841, 3, 234.26 W, 30, 2032 MHz, 3996 MHz, 0 %, 0 %
2026/03/24 06:17:15.841, 4, 178.97 W, 26, 120 MHz, 3996 MHz, 0 %, 0 %
2026/03/24 06:17:15.841, 5, 180.58 W, 28, 120 MHz, 3996 MHz, 0 %, 0 %
2026/03/24 06:17:15.841, 6, 178.52 W, 26, 120 MHz, 3996 MHz, 0 %, 0 %
2026/03/24 06:17:15.841, 7, 176.58 W, 27, 120 MHz, 3996 MHz, 0 %, 0 %
2026/03/24 06:17:16.841, 0, 229.28 W, 28, 2032 MHz, 3996 MHz, 0 %, 0 %
2026/03/24 06:17:16.841, 1, 233.87 W, 30, 2032 MHz, 3996 MHz, 0 %, 0 %
2026/03/24 06:17:16.841, 2, 234.84 W, 28, 2032 MHz, 3996 MHz, 0 %, 0 %
2026/03/24 06:17:16.841, 3, 235.10 W, 30, 2032 MHz, 3996 MHz, 0 %, 0 %
2026/03/24 06:17:16.841, 4, 178.94 W, 26, 120 MHz, 3996 MHz, 0 %, 0 %
2026/03/24 06:17:16.841, 5, 180.58 W, 28, 120 MHz, 3996 MHz, 0 %, 0 %
2026/03/24 06:17:16.841, 6, 178.41 W, 26, 120 MHz, 3996 MHz, 0 %, 0 %
2026/03/24 06:17:16.841, 7, 176.58 W, 27, 120 MHz, 3996 MHz, 0 %, 0 %
2026/03/24 06:17:17.841, 0, 228.80 W, 28, 2032 MHz, 3996 MHz, 0 %, 0 %
2026/03/24 06:17:17.841, 1, 233.20 W, 30, 2032 MHz, 3996 MHz, 0 %, 0 %
2026/03/24 06:17:17.841, 2, 234.02 W, 27, 2032 MHz, 3996 MHz, 0 %, 0 %
2026/03/24 06:17:17.841, 3, 234.76 W, 30, 2032 MHz, 3996 MHz, 0 %, 0 %
2026/03/24 06:17:17.841, 4, 179.12 W, 26, 120 MHz, 3996 MHz, 0 %, 0 %
2026/03/24 06:17:17.841, 5, 180.58 W, 28, 120 MHz, 3996 MHz, 0 %, 0 %
2026/03/24 06:17:17.841, 6, 178.37 W, 26, 120 MHz, 3996 MHz, 0 %, 0 %
2026/03/24 06:17:17.841, 7, 176.58 W, 27, 120 MHz, 3996 MHz, 0 %, 0 %
2026/03/24 06:17:18.842, 0, 228.49 W, 28, 2032 MHz, 3996 MHz, 0 %, 0 %
2026/03/24 06:17:18.842, 1, 233.20 W, 30, 2032 MHz, 3996 MHz, 0 %, 0 %
2026/03/24 06:17:18.842, 2, 234.02 W, 27, 2032 MHz, 3996 MHz, 0 %, 0 %
2026/03/24 06:17:18.842, 3, 235.00 W, 30, 2032 MHz, 3996 MHz, 0 %, 0 %
2026/03/24 06:17:18.842, 4, 179.11 W, 26, 120 MHz, 3996 MHz, 0 %, 0 %
2026/03/24 06:17:18.842, 5, 180.58 W, 28, 120 MHz, 3996 MHz, 0 %, 0 %
2026/03/24 06:17:18.842, 6, 178.49 W, 26, 120 MHz, 3996 MHz, 0 %, 0 %
2026/03/24 06:17:18.842, 7, 176.58 W, 27, 120 MHz, 3996 MHz, 0 %, 0 %
2026/03/24 06:17:19.842, 0, 228.26 W, 28, 2032 MHz, 3996 MHz, 0 %, 0 %
2026/03/24 06:17:19.842, 1, 233.21 W, 30, 2032 MHz, 3996 MHz, 0 %, 0 %
2026/03/24 06:17:19.842, 2, 234.02 W, 27, 2032 MHz, 3996 MHz, 0 %, 0 %
2026/03/24 06:17:19.842, 3, 234.34 W, 30, 2032 MHz, 3996 MHz, 0 %, 0 %
2026/03/24 06:17:19.842, 4, 179.10 W, 26, 120 MHz, 3996 MHz, 0 %, 0 %
2026/03/24 06:17:19.842, 5, 180.58 W, 28, 120 MHz, 3996 MHz, 0 %, 0 %
2026/03/24 06:17:19.842, 6, 178.49 W, 26, 120 MHz, 3996 MHz, 0 %, 0 %
2026/03/24 06:17:19.842, 7, 176.58 W, 27, 120 MHz, 3996 MHz, 0 %, 0 %
2026/03/24 06:17:20.842, 0, 228.18 W, 28, 2032 MHz, 3996 MHz, 0 %, 0 %
2026/03/24 06:17:20.842, 1, 233.21 W, 30, 2032 MHz, 3996 MHz, 0 %, 0 %
2026/03/24 06:17:20.842, 2, 234.02 W, 27, 2032 MHz, 3996 MHz, 0 %, 0 %
2026/03/24 06:17:20.842, 3, 234.28 W, 30, 2032 MHz, 3996 MHz, 0 %, 0 %
2026/03/24 06:17:20.842, 4, 179.16 W, 26, 120 MHz, 3996 MHz, 0 %, 0 %
2026/03/24 06:17:20.842, 5, 180.58 W, 28, 120 MHz, 3996 MHz, 0 %, 0 %
2026/03/24 06:17:20.842, 6, 178.60 W, 26, 120 MHz, 3996 MHz, 0 %, 0 %
2026/03/24 06:17:20.842, 7, 176.58 W, 27, 120 MHz, 3996 MHz, 0 %, 0 %
2026/03/24 06:17:21.842, 0, 242.06 W, 28, 2032 MHz, 3996 MHz, 0 %, 0 %
2026/03/24 06:17:21.842, 1, 246.80 W, 30, 2032 MHz, 3996 MHz, 0 %, 0 %
2026/03/24 06:17:21.842, 2, 247.82 W, 27, 2032 MHz, 3996 MHz, 0 %, 0 %
2026/03/24 06:17:21.842, 3, 248.27 W, 30, 2032 MHz, 3996 MHz, 0 %, 0 %
2026/03/24 06:17:21.842, 4, 179.03 W, 26, 120 MHz, 3996 MHz, 0 %, 0 %
2026/03/24 06:17:21.842, 5, 180.58 W, 28, 120 MHz, 3996 MHz, 0 %, 0 %
2026/03/24 06:17:21.842, 6, 178.56 W, 26, 120 MHz, 3996 MHz, 0 %, 0 %
2026/03/24 06:17:21.842, 7, 176.58 W, 27, 120 MHz, 3996 MHz, 0 %, 0 %
2026/03/24 06:17:22.842, 0, 229.24 W, 28, 2032 MHz, 3996 MHz, 0 %, 0 %
2026/03/24 06:17:22.842, 1, 233.25 W, 30, 2032 MHz, 3996 MHz, 0 %, 0 %
2026/03/24 06:17:22.842, 2, 234.22 W, 27, 2032 MHz, 3996 MHz, 0 %, 0 %
2026/03/24 06:17:22.842, 3, 235.03 W, 30, 2032 MHz, 3996 MHz, 0 %, 0 %
2026/03/24 06:17:22.842, 4, 179.00 W, 26, 120 MHz, 3996 MHz, 0 %, 0 %
2026/03/24 06:17:22.842, 5, 180.58 W, 28, 120 MHz, 3996 MHz, 0 %, 0 %
2026/03/24 06:17:22.842, 6, 178.25 W, 26, 120 MHz, 3996 MHz, 0 %, 0 %
2026/03/24 06:17:22.842, 7, 176.58 W, 27, 120 MHz, 3996 MHz, 0 %, 0 %
2026/03/24 06:17:23.842, 0, 229.00 W, 28, 2032 MHz, 3996 MHz, 0 %, 0 %
2026/03/24 06:17:23.842, 1, 233.25 W, 30, 2032 MHz, 3996 MHz, 0 %, 0 %
2026/03/24 06:17:23.842, 2, 234.02 W, 27, 2032 MHz, 3996 MHz, 0 %, 0 %
2026/03/24 06:17:23.842, 3, 234.93 W, 30, 2032 MHz, 3996 MHz, 0 %, 0 %
2026/03/24 06:17:23.842, 4, 179.28 W, 26, 120 MHz, 3996 MHz, 0 %, 0 %
2026/03/24 06:17:23.842, 5, 180.58 W, 28, 120 MHz, 3996 MHz, 0 %, 0 %
2026/03/24 06:17:23.842, 6, 178.52 W, 26, 120 MHz, 3996 MHz, 0 %, 0 %
2026/03/24 06:17:23.842, 7, 176.58 W, 27, 120 MHz, 3996 MHz, 0 %, 0 %
2026/03/24 06:17:24.842, 0, 228.96 W, 28, 2032 MHz, 3996 MHz, 0 %, 0 %
2026/03/24 06:17:24.843, 1, 233.19 W, 30, 2032 MHz, 3996 MHz, 0 %, 0 %
2026/03/24 06:17:24.843, 2, 234.02 W, 27, 2032 MHz, 3996 MHz, 0 %, 0 %
2026/03/24 06:17:24.843, 3, 234.62 W, 30, 2032 MHz, 3996 MHz, 0 %, 0 %
2026/03/24 06:17:24.843, 4, 178.89 W, 26, 120 MHz, 3996 MHz, 0 %, 0 %
2026/03/24 06:17:24.843, 5, 180.58 W, 28, 120 MHz, 3996 MHz, 0 %, 0 %
2026/03/24 06:17:24.843, 6, 178.49 W, 26, 120 MHz, 3996 MHz, 0 %, 0 %
2026/03/24 06:17:24.843, 7, 176.58 W, 27, 120 MHz, 3996 MHz, 0 %, 0 %
2026/03/24 06:17:25.843, 0, 228.65 W, 28, 2032 MHz, 3996 MHz, 0 %, 0 %
2026/03/24 06:17:25.843, 1, 233.37 W, 30, 2032 MHz, 3996 MHz, 0 %, 0 %
2026/03/24 06:17:25.843, 2, 234.13 W, 27, 2032 MHz, 3996 MHz, 0 %, 0 %
2026/03/24 06:17:25.843, 3, 235.18 W, 30, 2032 MHz, 3996 MHz, 0 %, 0 %
2026/03/24 06:17:25.843, 4, 178.82 W, 26, 120 MHz, 3996 MHz, 0 %, 0 %
2026/03/24 06:17:25.843, 5, 180.58 W, 28, 120 MHz, 3996 MHz, 0 %, 0 %
2026/03/24 06:17:25.843, 6, 178.53 W, 26, 120 MHz, 3996 MHz, 0 %, 0 %
2026/03/24 06:17:25.843, 7, 176.58 W, 27, 120 MHz, 3996 MHz, 0 %, 0 %
2026/03/24 06:17:26.843, 0, 228.88 W, 28, 2032 MHz, 3996 MHz, 0 %, 0 %
2026/03/24 06:17:26.843, 1, 233.17 W, 30, 2032 MHz, 3996 MHz, 0 %, 0 %
2026/03/24 06:17:26.843, 2, 234.06 W, 27, 2032 MHz, 3996 MHz, 0 %, 0 %
2026/03/24 06:17:26.843, 3, 235.08 W, 30, 2032 MHz, 3996 MHz, 0 %, 0 %
2026/03/24 06:17:26.843, 4, 179.14 W, 26, 120 MHz, 3996 MHz, 0 %, 0 %
2026/03/24 06:17:26.843, 5, 180.58 W, 28, 120 MHz, 3996 MHz, 0 %, 0 %
2026/03/24 06:17:26.843, 6, 178.41 W, 26, 120 MHz, 3996 MHz, 0 %, 0 %
2026/03/24 06:17:26.843, 7, 176.58 W, 27, 120 MHz, 3996 MHz, 0 %, 0 %
2026/03/24 06:17:27.843, 0, 228.68 W, 28, 2032 MHz, 3996 MHz, 0 %, 0 %
2026/03/24 06:17:27.843, 1, 233.23 W, 30, 2032 MHz, 3996 MHz, 0 %, 0 %
2026/03/24 06:17:27.843, 2, 234.02 W, 27, 2032 MHz, 3996 MHz, 0 %, 0 %
2026/03/24 06:17:27.843, 3, 234.94 W, 30, 2032 MHz, 3996 MHz, 0 %, 0 %
2026/03/24 06:17:27.843, 4, 178.95 W, 26, 120 MHz, 3996 MHz, 0 %, 0 %
2026/03/24 06:17:27.843, 5, 180.58 W, 28, 120 MHz, 3996 MHz, 0 %, 0 %
2026/03/24 06:17:27.843, 6, 178.60 W, 26, 120 MHz, 3996 MHz, 0 %, 0 %
2026/03/24 06:17:27.843, 7, 176.58 W, 27, 120 MHz, 3996 MHz, 0 %, 0 %
2026/03/24 06:17:28.843, 0, 228.83 W, 28, 2032 MHz, 3996 MHz, 0 %, 0 %
2026/03/24 06:17:28.843, 1, 233.18 W, 30, 2032 MHz, 3996 MHz, 0 %, 0 %
2026/03/24 06:17:28.843, 2, 234.06 W, 27, 2032 MHz, 3996 MHz, 0 %, 0 %
2026/03/24 06:17:28.843, 3, 235.03 W, 30, 2032 MHz, 3996 MHz, 0 %, 0 %
2026/03/24 06:17:28.843, 4, 178.79 W, 26, 120 MHz, 3996 MHz, 0 %, 0 %
2026/03/24 06:17:28.843, 5, 180.58 W, 28, 120 MHz, 3996 MHz, 0 %, 0 %
2026/03/24 06:17:28.843, 6, 178.37 W, 26, 120 MHz, 3996 MHz, 0 %, 0 %
2026/03/24 06:17:28.843, 7, 176.58 W, 27, 120 MHz, 3996 MHz, 0 %, 0 %
2026/03/24 06:17:29.843, 0, 228.73 W, 28, 2032 MHz, 3996 MHz, 0 %, 0 %
2026/03/24 06:17:29.843, 1, 233.22 W, 30, 2032 MHz, 3996 MHz, 0 %, 0 %
2026/03/24 06:17:29.843, 2, 234.02 W, 27, 2032 MHz, 3996 MHz, 0 %, 0 %
2026/03/24 06:17:29.843, 3, 234.89 W, 30, 2032 MHz, 3996 MHz, 0 %, 0 %
2026/03/24 06:17:29.843, 4, 179.21 W, 26, 120 MHz, 3996 MHz, 0 %, 0 %
2026/03/24 06:17:29.843, 5, 180.58 W, 28, 120 MHz, 3996 MHz, 0 %, 0 %
2026/03/24 06:17:29.843, 6, 178.49 W, 26, 120 MHz, 3996 MHz, 0 %, 0 %
2026/03/24 06:17:29.843, 7, 176.58 W, 27, 120 MHz, 3996 MHz, 0 %, 0 %
2026/03/24 06:17:30.843, 0, 228.68 W, 28, 2032 MHz, 3996 MHz, 0 %, 0 %
2026/03/24 06:17:30.843, 1, 233.18 W, 30, 2032 MHz, 3996 MHz, 0 %, 0 %
2026/03/24 06:17:30.843, 2, 234.02 W, 27, 2032 MHz, 3996 MHz, 0 %, 0 %
2026/03/24 06:17:30.843, 3, 234.88 W, 30, 2032 MHz, 3996 MHz, 0 %, 0 %
2026/03/24 06:17:30.843, 4, 179.07 W, 26, 120 MHz, 3996 MHz, 0 %, 0 %
2026/03/24 06:17:30.843, 5, 180.58 W, 28, 120 MHz, 3996 MHz, 0 %, 0 %
2026/03/24 06:17:30.843, 6, 178.52 W, 26, 120 MHz, 3996 MHz, 0 %, 0 %
2026/03/24 06:17:30.843, 7, 176.58 W, 27, 120 MHz, 3996 MHz, 0 %, 0 %
2026/03/24 06:17:31.844, 0, 228.87 W, 28, 2032 MHz, 3996 MHz, 0 %, 0 %
2026/03/24 06:17:31.844, 1, 233.17 W, 30, 2032 MHz, 3996 MHz, 0 %, 0 %
2026/03/24 06:17:31.844, 2, 234.02 W, 27, 2032 MHz, 3996 MHz, 0 %, 0 %
2026/03/24 06:17:31.844, 3, 234.76 W, 30, 2032 MHz, 3996 MHz, 0 %, 0 %
2026/03/24 06:17:31.844, 4, 178.90 W, 26, 120 MHz, 3996 MHz, 0 %, 0 %
2026/03/24 06:17:31.844, 5, 180.58 W, 28, 120 MHz, 3996 MHz, 0 %, 0 %
2026/03/24 06:17:31.844, 6, 178.49 W, 26, 120 MHz, 3996 MHz, 0 %, 0 %
2026/03/24 06:17:31.844, 7, 176.58 W, 27, 120 MHz, 3996 MHz, 0 %, 0 %
2026/03/24 06:17:32.844, 0, 229.07 W, 28, 2032 MHz, 3996 MHz, 0 %, 0 %
2026/03/24 06:17:32.844, 1, 233.17 W, 30, 2032 MHz, 3996 MHz, 0 %, 0 %
2026/03/24 06:17:32.844, 2, 234.02 W, 27, 2032 MHz, 3996 MHz, 0 %, 0 %
2026/03/24 06:17:32.844, 3, 234.58 W, 30, 2032 MHz, 3996 MHz, 0 %, 0 %
2026/03/24 06:17:32.844, 4, 179.46 W, 26, 120 MHz, 3996 MHz, 0 %, 0 %
2026/03/24 06:17:32.844, 5, 180.58 W, 28, 120 MHz, 3996 MHz, 0 %, 0 %
2026/03/24 06:17:32.844, 6, 178.49 W, 26, 120 MHz, 3996 MHz, 0 %, 0 %
2026/03/24 06:17:32.844, 7, 176.58 W, 27, 120 MHz, 3996 MHz, 0 %, 0 %
2026/03/24 06:17:33.844, 0, 228.65 W, 28, 2032 MHz, 3996 MHz, 0 %, 0 %
2026/03/24 06:17:33.844, 1, 233.16 W, 30, 2032 MHz, 3996 MHz, 0 %, 0 %
2026/03/24 06:17:33.844, 2, 234.02 W, 27, 2032 MHz, 3996 MHz, 0 %, 0 %
2026/03/24 06:17:33.844, 3, 235.04 W, 30, 2032 MHz, 3996 MHz, 0 %, 0 %
2026/03/24 06:17:33.844, 4, 178.92 W, 26, 120 MHz, 3996 MHz, 0 %, 0 %
2026/03/24 06:17:33.844, 5, 180.58 W, 28, 120 MHz, 3996 MHz, 0 %, 0 %
2026/03/24 06:17:33.844, 6, 178.45 W, 26, 120 MHz, 3996 MHz, 0 %, 0 %
2026/03/24 06:17:33.844, 7, 176.58 W, 27, 120 MHz, 3996 MHz, 0 %, 0 %
2026/03/24 06:17:34.844, 0, 228.83 W, 28, 2032 MHz, 3996 MHz, 0 %, 0 %
2026/03/24 06:17:34.844, 1, 233.17 W, 30, 2032 MHz, 3996 MHz, 0 %, 0 %
2026/03/24 06:17:34.844, 2, 234.02 W, 27, 2032 MHz, 3996 MHz, 0 %, 0 %
2026/03/24 06:17:34.844, 3, 235.02 W, 30, 2032 MHz, 3996 MHz, 0 %, 0 %
2026/03/24 06:17:34.844, 4, 179.16 W, 26, 120 MHz, 3996 MHz, 0 %, 0 %
2026/03/24 06:17:34.844, 5, 180.58 W, 28, 120 MHz, 3996 MHz, 0 %, 0 %
2026/03/24 06:17:34.844, 6, 178.56 W, 26, 120 MHz, 3996 MHz, 0 %, 0 %
2026/03/24 06:17:34.844, 7, 176.58 W, 27, 120 MHz, 3996 MHz, 0 %, 0 %
2026/03/24 06:17:35.844, 0, 228.88 W, 28, 2032 MHz, 3996 MHz, 0 %, 0 %
2026/03/24 06:17:35.844, 1, 233.28 W, 30, 2032 MHz, 3996 MHz, 0 %, 0 %
2026/03/24 06:17:35.844, 2, 234.14 W, 27, 2032 MHz, 3996 MHz, 0 %, 0 %
2026/03/24 06:17:35.844, 3, 235.05 W, 30, 2032 MHz, 3996 MHz, 0 %, 0 %
2026/03/24 06:17:35.844, 4, 179.24 W, 26, 120 MHz, 3996 MHz, 0 %, 0 %
2026/03/24 06:17:35.844, 5, 180.58 W, 28, 120 MHz, 3996 MHz, 0 %, 0 %
2026/03/24 06:17:35.844, 6, 178.45 W, 26, 120 MHz, 3996 MHz, 0 %, 0 %
2026/03/24 06:17:35.844, 7, 176.58 W, 27, 120 MHz, 3996 MHz, 0 %, 0 %
2026/03/24 06:17:36.844, 0, 228.42 W, 28, 2032 MHz, 3996 MHz, 0 %, 0 %
2026/03/24 06:17:36.844, 1, 233.17 W, 30, 2032 MHz, 3996 MHz, 0 %, 0 %
2026/03/24 06:17:36.844, 2, 234.02 W, 27, 2032 MHz, 3996 MHz, 0 %, 0 %
2026/03/24 06:17:36.844, 3, 234.82 W, 30, 2032 MHz, 3996 MHz, 0 %, 0 %
2026/03/24 06:17:36.844, 4, 179.02 W, 26, 120 MHz, 3996 MHz, 0 %, 0 %
2026/03/24 06:17:36.844, 5, 180.58 W, 28, 120 MHz, 3996 MHz, 0 %, 0 %
2026/03/24 06:17:36.844, 6, 178.52 W, 26, 120 MHz, 3996 MHz, 0 %, 0 %
2026/03/24 06:17:36.844, 7, 176.58 W, 27, 120 MHz, 3996 MHz, 0 %, 0 %
2026/03/24 06:17:37.844, 0, 228.41 W, 28, 2032 MHz, 3996 MHz, 0 %, 0 %
2026/03/24 06:17:37.844, 1, 233.16 W, 30, 2032 MHz, 3996 MHz, 0 %, 0 %
2026/03/24 06:17:37.844, 2, 234.02 W, 27, 2032 MHz, 3996 MHz, 0 %, 0 %
2026/03/24 06:17:37.844, 3, 234.43 W, 30, 2032 MHz, 3996 MHz, 0 %, 0 %
2026/03/24 06:17:37.844, 4, 179.00 W, 26, 120 MHz, 3996 MHz, 0 %, 0 %
2026/03/24 06:17:37.844, 5, 180.58 W, 28, 120 MHz, 3996 MHz, 0 %, 0 %
2026/03/24 06:17:37.844, 6, 178.49 W, 26, 120 MHz, 3996 MHz, 0 %, 0 %
2026/03/24 06:17:37.845, 7, 176.58 W, 27, 120 MHz, 3996 MHz, 0 %, 0 %
2026/03/24 06:17:38.845, 0, 228.11 W, 28, 2032 MHz, 3996 MHz, 0 %, 0 %
2026/03/24 06:17:38.845, 1, 233.16 W, 30, 2032 MHz, 3996 MHz, 0 %, 0 %
2026/03/24 06:17:38.845, 2, 234.02 W, 27, 2032 MHz, 3996 MHz, 0 %, 0 %
2026/03/24 06:17:38.845, 3, 233.87 W, 30, 2032 MHz, 3996 MHz, 0 %, 0 %
2026/03/24 06:17:38.845, 4, 178.92 W, 26, 120 MHz, 3996 MHz, 0 %, 0 %
2026/03/24 06:17:38.845, 5, 180.58 W, 28, 120 MHz, 3996 MHz, 0 %, 0 %
2026/03/24 06:17:38.845, 6, 178.37 W, 26, 120 MHz, 3996 MHz, 0 %, 0 %
2026/03/24 06:17:38.845, 7, 176.58 W, 27, 120 MHz, 3996 MHz, 0 %, 0 %
2026/03/24 06:17:39.845, 0, 229.05 W, 28, 2032 MHz, 3996 MHz, 26 %, 0 %
2026/03/24 06:17:39.845, 1, 233.44 W, 30, 2032 MHz, 3996 MHz, 0 %, 0 %
2026/03/24 06:17:39.845, 2, 234.40 W, 27, 2032 MHz, 3996 MHz, 39 %, 0 %
2026/03/24 06:17:39.845, 3, 234.93 W, 30, 2032 MHz, 3996 MHz, 1 %, 0 %
2026/03/24 06:17:39.845, 4, 179.26 W, 26, 120 MHz, 3996 MHz, 0 %, 0 %
2026/03/24 06:17:39.845, 5, 180.58 W, 28, 120 MHz, 3996 MHz, 0 %, 0 %
2026/03/24 06:17:39.845, 6, 178.57 W, 26, 120 MHz, 3996 MHz, 0 %, 0 %
2026/03/24 06:17:39.845, 7, 176.58 W, 27, 120 MHz, 3996 MHz, 0 %, 0 %
2026/03/24 06:17:40.845, 0, 248.95 W, 28, 2032 MHz, 3996 MHz, 0 %, 0 %
2026/03/24 06:17:40.845, 1, 251.94 W, 30, 2032 MHz, 3996 MHz, 0 %, 0 %
2026/03/24 06:17:40.845, 2, 254.51 W, 27, 2032 MHz, 3996 MHz, 0 %, 0 %
2026/03/24 06:17:40.845, 3, 253.97 W, 30, 2032 MHz, 3996 MHz, 0 %, 0 %
2026/03/24 06:17:40.845, 4, 179.10 W, 26, 120 MHz, 3996 MHz, 0 %, 0 %
2026/03/24 06:17:40.845, 5, 180.58 W, 28, 120 MHz, 3996 MHz, 0 %, 0 %
2026/03/24 06:17:40.845, 6, 178.45 W, 26, 120 MHz, 3996 MHz, 0 %, 0 %
2026/03/24 06:17:40.845, 7, 176.58 W, 27, 120 MHz, 3996 MHz, 0 %, 0 %
2026/03/24 06:17:41.845, 0, 229.53 W, 28, 2032 MHz, 3996 MHz, 0 %, 0 %
2026/03/24 06:17:41.845, 1, 233.81 W, 30, 2032 MHz, 3996 MHz, 0 %, 0 %
2026/03/24 06:17:41.845, 2, 234.40 W, 27, 2032 MHz, 3996 MHz, 0 %, 0 %
2026/03/24 06:17:41.845, 3, 235.26 W, 30, 2032 MHz, 3996 MHz, 0 %, 0 %
2026/03/24 06:17:41.845, 4, 179.08 W, 26, 120 MHz, 3996 MHz, 0 %, 0 %
2026/03/24 06:17:41.845, 5, 180.58 W, 28, 120 MHz, 3996 MHz, 0 %, 0 %
2026/03/24 06:17:41.845, 6, 178.52 W, 26, 120 MHz, 3996 MHz, 0 %, 0 %
2026/03/24 06:17:41.845, 7, 176.59 W, 27, 120 MHz, 3996 MHz, 0 %, 0 %
2026/03/24 06:17:42.845, 0, 229.81 W, 28, 2032 MHz, 3996 MHz, 0 %, 0 %
2026/03/24 06:17:42.845, 1, 233.39 W, 30, 2032 MHz, 3996 MHz, 0 %, 0 %
2026/03/24 06:17:42.845, 2, 234.06 W, 27, 2032 MHz, 3996 MHz, 0 %, 0 %
2026/03/24 06:17:42.845, 3, 235.14 W, 30, 2032 MHz, 3996 MHz, 0 %, 0 %
2026/03/24 06:17:42.845, 4, 178.96 W, 26, 120 MHz, 3996 MHz, 0 %, 0 %
2026/03/24 06:17:42.845, 5, 180.58 W, 28, 120 MHz, 3996 MHz, 0 %, 0 %
2026/03/24 06:17:42.845, 6, 178.53 W, 26, 120 MHz, 3996 MHz, 0 %, 0 %
2026/03/24 06:17:42.845, 7, 176.58 W, 27, 120 MHz, 3996 MHz, 0 %, 0 %
2026/03/24 06:17:43.845, 0, 229.50 W, 28, 2032 MHz, 3996 MHz, 0 %, 0 %
2026/03/24 06:17:43.845, 1, 233.36 W, 30, 2032 MHz, 3996 MHz, 0 %, 0 %
2026/03/24 06:17:43.845, 2, 234.10 W, 27, 2032 MHz, 3996 MHz, 0 %, 0 %
2026/03/24 06:17:43.845, 3, 235.05 W, 30, 2032 MHz, 3996 MHz, 0 %, 0 %
2026/03/24 06:17:43.845, 4, 179.07 W, 26, 120 MHz, 3996 MHz, 0 %, 0 %
2026/03/24 06:17:43.845, 5, 180.58 W, 28, 120 MHz, 3996 MHz, 0 %, 0 %
2026/03/24 06:17:43.845, 6, 178.53 W, 26, 120 MHz, 3996 MHz, 0 %, 0 %
2026/03/24 06:17:43.845, 7, 176.58 W, 27, 120 MHz, 3996 MHz, 0 %, 0 %
2026/03/24 06:17:44.845, 0, 229.59 W, 28, 2032 MHz, 3996 MHz, 0 %, 0 %
2026/03/24 06:17:44.845, 1, 233.20 W, 30, 2032 MHz, 3996 MHz, 0 %, 0 %
2026/03/24 06:17:44.845, 2, 234.02 W, 27, 2032 MHz, 3996 MHz, 0 %, 0 %
2026/03/24 06:17:44.845, 3, 234.94 W, 30, 2032 MHz, 3996 MHz, 0 %, 0 %
2026/03/24 06:17:44.845, 4, 179.07 W, 26, 120 MHz, 3996 MHz, 0 %, 0 %
2026/03/24 06:17:44.846, 5, 180.58 W, 28, 120 MHz, 3996 MHz, 0 %, 0 %
2026/03/24 06:17:44.846, 6, 178.49 W, 26, 120 MHz, 3996 MHz, 0 %, 0 %
2026/03/24 06:17:44.846, 7, 176.58 W, 27, 120 MHz, 3996 MHz, 0 %, 0 %
2026/03/24 06:17:45.846, 0, 229.66 W, 28, 2032 MHz, 3996 MHz, 0 %, 0 %
2026/03/24 06:17:45.846, 1, 233.20 W, 30, 2032 MHz, 3996 MHz, 0 %, 0 %
2026/03/24 06:17:45.846, 2, 234.02 W, 27, 2032 MHz, 3996 MHz, 0 %, 0 %
2026/03/24 06:17:45.846, 3, 235.06 W, 30, 2032 MHz, 3996 MHz, 0 %, 0 %
2026/03/24 06:17:45.846, 4, 178.99 W, 26, 120 MHz, 3996 MHz, 0 %, 0 %
2026/03/24 06:17:45.846, 5, 180.58 W, 28, 120 MHz, 3996 MHz, 0 %, 0 %
2026/03/24 06:17:45.846, 6, 178.37 W, 26, 120 MHz, 3996 MHz, 0 %, 0 %
2026/03/24 06:17:45.846, 7, 176.58 W, 27, 120 MHz, 3996 MHz, 0 %, 0 %
2026/03/24 06:17:46.846, 0, 229.59 W, 28, 2032 MHz, 3996 MHz, 0 %, 0 %
2026/03/24 06:17:46.846, 1, 233.51 W, 30, 2032 MHz, 3996 MHz, 0 %, 0 %
2026/03/24 06:17:46.846, 2, 234.06 W, 27, 2032 MHz, 3996 MHz, 0 %, 0 %
2026/03/24 06:17:46.846, 3, 235.08 W, 30, 2032 MHz, 3996 MHz, 0 %, 0 %
2026/03/24 06:17:46.846, 4, 178.99 W, 26, 120 MHz, 3996 MHz, 0 %, 0 %
2026/03/24 06:17:46.846, 5, 180.58 W, 28, 120 MHz, 3996 MHz, 0 %, 0 %
2026/03/24 06:17:46.846, 6, 178.49 W, 26, 120 MHz, 3996 MHz, 0 %, 0 %
2026/03/24 06:17:46.846, 7, 176.58 W, 27, 120 MHz, 3996 MHz, 0 %, 0 %
2026/03/24 06:17:47.846, 0, 229.81 W, 28, 2032 MHz, 3996 MHz, 0 %, 0 %
2026/03/24 06:17:47.846, 1, 233.28 W, 30, 2032 MHz, 3996 MHz, 0 %, 0 %
2026/03/24 06:17:47.846, 2, 234.14 W, 27, 2032 MHz, 3996 MHz, 0 %, 0 %
2026/03/24 06:17:47.846, 3, 235.12 W, 30, 2032 MHz, 3996 MHz, 0 %, 0 %
2026/03/24 06:17:47.846, 4, 178.90 W, 26, 120 MHz, 3996 MHz, 0 %, 0 %
2026/03/24 06:17:47.846, 5, 180.58 W, 28, 120 MHz, 3996 MHz, 0 %, 0 %
2026/03/24 06:17:47.846, 6, 178.41 W, 26, 120 MHz, 3996 MHz, 0 %, 0 %
2026/03/24 06:17:47.846, 7, 176.58 W, 27, 120 MHz, 3996 MHz, 0 %, 0 %
2026/03/24 06:17:48.846, 0, 229.58 W, 28, 2032 MHz, 3996 MHz, 0 %, 0 %
2026/03/24 06:17:48.846, 1, 233.36 W, 30, 2032 MHz, 3996 MHz, 0 %, 0 %
2026/03/24 06:17:48.846, 2, 234.06 W, 27, 2032 MHz, 3996 MHz, 0 %, 0 %
2026/03/24 06:17:48.846, 3, 235.12 W, 30, 2032 MHz, 3996 MHz, 0 %, 0 %
2026/03/24 06:17:48.846, 4, 178.81 W, 26, 120 MHz, 3996 MHz, 0 %, 0 %
2026/03/24 06:17:48.846, 5, 180.58 W, 28, 120 MHz, 3996 MHz, 0 %, 0 %
2026/03/24 06:17:48.846, 6, 178.45 W, 26, 120 MHz, 3996 MHz, 0 %, 0 %
2026/03/24 06:17:48.846, 7, 176.58 W, 27, 120 MHz, 3996 MHz, 0 %, 0 %
2026/03/24 06:17:49.846, 0, 229.85 W, 28, 2032 MHz, 3996 MHz, 0 %, 0 %
2026/03/24 06:17:49.846, 1, 233.39 W, 30, 2032 MHz, 3996 MHz, 0 %, 0 %
2026/03/24 06:17:49.846, 2, 234.14 W, 27, 2032 MHz, 3996 MHz, 0 %, 0 %
2026/03/24 06:17:49.846, 3, 235.07 W, 30, 2032 MHz, 3996 MHz, 0 %, 0 %
2026/03/24 06:17:49.846, 4, 178.88 W, 26, 120 MHz, 3996 MHz, 0 %, 0 %
2026/03/24 06:17:49.846, 5, 180.58 W, 28, 120 MHz, 3996 MHz, 0 %, 0 %
2026/03/24 06:17:49.846, 6, 178.45 W, 26, 120 MHz, 3996 MHz, 0 %, 0 %
2026/03/24 06:17:49.846, 7, 176.58 W, 27, 120 MHz, 3996 MHz, 0 %, 0 %
2026/03/24 06:17:50.846, 0, 229.93 W, 28, 2032 MHz, 3996 MHz, 0 %, 0 %
2026/03/24 06:17:50.846, 1, 233.59 W, 30, 2032 MHz, 3996 MHz, 0 %, 0 %
2026/03/24 06:17:50.846, 2, 234.22 W, 27, 2032 MHz, 3996 MHz, 0 %, 0 %
2026/03/24 06:17:50.846, 3, 235.09 W, 30, 2032 MHz, 3996 MHz, 0 %, 0 %
2026/03/24 06:17:50.846, 4, 178.99 W, 26, 120 MHz, 3996 MHz, 0 %, 0 %
2026/03/24 06:17:50.846, 5, 180.58 W, 28, 120 MHz, 3996 MHz, 0 %, 0 %
2026/03/24 06:17:50.847, 6, 178.41 W, 26, 120 MHz, 3996 MHz, 0 %, 0 %
2026/03/24 06:17:50.847, 7, 176.58 W, 27, 120 MHz, 3996 MHz, 0 %, 0 %
2026/03/24 06:17:51.847, 0, 230.00 W, 28, 2032 MHz, 3996 MHz, 24 %, 0 %
2026/03/24 06:17:51.847, 1, 234.02 W, 30, 2032 MHz, 3996 MHz, 0 %, 0 %
2026/03/24 06:17:51.847, 2, 234.74 W, 27, 2032 MHz, 3996 MHz, 0 %, 0 %
2026/03/24 06:17:51.847, 3, 235.19 W, 30, 2032 MHz, 3996 MHz, 0 %, 0 %
2026/03/24 06:17:51.847, 4, 179.20 W, 26, 120 MHz, 3996 MHz, 0 %, 0 %
2026/03/24 06:17:51.847, 5, 180.58 W, 28, 120 MHz, 3996 MHz, 0 %, 0 %
2026/03/24 06:17:51.847, 6, 178.45 W, 26, 120 MHz, 3996 MHz, 0 %, 0 %
2026/03/24 06:17:51.847, 7, 176.58 W, 27, 120 MHz, 3996 MHz, 0 %, 0 %
2026/03/24 06:17:52.847, 0, 229.96 W, 28, 2032 MHz, 3996 MHz, 100 %, 0 %
2026/03/24 06:17:52.847, 1, 233.47 W, 30, 2032 MHz, 3996 MHz, 0 %, 0 %
2026/03/24 06:17:52.847, 2, 234.02 W, 27, 2032 MHz, 3996 MHz, 0 %, 0 %
2026/03/24 06:17:52.847, 3, 235.04 W, 30, 2032 MHz, 3996 MHz, 0 %, 0 %
2026/03/24 06:17:52.847, 4, 179.12 W, 26, 120 MHz, 3996 MHz, 0 %, 0 %
2026/03/24 06:17:52.847, 5, 180.58 W, 28, 120 MHz, 3996 MHz, 0 %, 0 %
2026/03/24 06:17:52.847, 6, 178.45 W, 26, 120 MHz, 3996 MHz, 0 %, 0 %
2026/03/24 06:17:52.847, 7, 176.58 W, 27, 120 MHz, 3996 MHz, 0 %, 0 %
2026/03/24 06:17:53.847, 0, 229.02 W, 28, 2032 MHz, 3996 MHz, 0 %, 0 %
2026/03/24 06:17:53.847, 1, 233.36 W, 30, 2032 MHz, 3996 MHz, 0 %, 0 %
2026/03/24 06:17:53.847, 2, 234.02 W, 27, 2032 MHz, 3996 MHz, 0 %, 0 %
2026/03/24 06:17:53.847, 3, 234.51 W, 30, 2032 MHz, 3996 MHz, 0 %, 0 %
2026/03/24 06:17:53.847, 4, 178.88 W, 26, 120 MHz, 3996 MHz, 0 %, 0 %
2026/03/24 06:17:53.847, 5, 180.58 W, 28, 120 MHz, 3996 MHz, 0 %, 0 %
2026/03/24 06:17:53.847, 6, 178.45 W, 26, 120 MHz, 3996 MHz, 0 %, 0 %
2026/03/24 06:17:53.847, 7, 176.58 W, 27, 120 MHz, 3996 MHz, 0 %, 0 %
2026/03/24 06:17:54.847, 0, 228.11 W, 28, 2032 MHz, 3996 MHz, 0 %, 0 %
2026/03/24 06:17:54.847, 1, 233.16 W, 30, 2032 MHz, 3996 MHz, 0 %, 0 %
2026/03/24 06:17:54.847, 2, 234.02 W, 27, 2032 MHz, 3996 MHz, 0 %, 0 %
2026/03/24 06:17:54.847, 3, 233.85 W, 30, 2032 MHz, 3996 MHz, 0 %, 0 %
2026/03/24 06:17:54.847, 4, 178.92 W, 26, 120 MHz, 3996 MHz, 0 %, 0 %
2026/03/24 06:17:54.847, 5, 180.58 W, 28, 120 MHz, 3996 MHz, 0 %, 0 %
2026/03/24 06:17:54.847, 6, 178.49 W, 26, 120 MHz, 3996 MHz, 0 %, 0 %
2026/03/24 06:17:54.847, 7, 176.58 W, 27, 120 MHz, 3996 MHz, 0 %, 0 %
2026/03/24 06:17:55.847, 0, 231.42 W, 28, 2032 MHz, 3996 MHz, 0 %, 0 %
2026/03/24 06:17:55.847, 1, 241.29 W, 30, 2032 MHz, 3996 MHz, 4 %, 3 %
2026/03/24 06:17:55.847, 2, 242.84 W, 27, 2032 MHz, 3996 MHz, 0 %, 0 %
2026/03/24 06:17:55.847, 3, 243.36 W, 30, 2032 MHz, 3996 MHz, 16 %, 13 %
2026/03/24 06:17:55.847, 4, 178.82 W, 26, 120 MHz, 3996 MHz, 0 %, 0 %
2026/03/24 06:17:55.847, 5, 180.58 W, 28, 120 MHz, 3996 MHz, 0 %, 0 %
2026/03/24 06:17:55.847, 6, 178.37 W, 26, 120 MHz, 3996 MHz, 0 %, 0 %
2026/03/24 06:17:55.847, 7, 176.58 W, 27, 120 MHz, 3996 MHz, 0 %, 0 %
2026/03/24 06:17:56.847, 0, 248.64 W, 28, 2032 MHz, 3996 MHz, 0 %, 0 %
2026/03/24 06:17:56.847, 1, 251.06 W, 30, 2032 MHz, 3996 MHz, 0 %, 0 %
2026/03/24 06:17:56.847, 2, 246.93 W, 27, 2032 MHz, 3996 MHz, 0 %, 0 %
2026/03/24 06:17:56.847, 3, 247.28 W, 30, 2032 MHz, 3996 MHz, 0 %, 0 %
2026/03/24 06:17:56.847, 4, 179.03 W, 26, 120 MHz, 3996 MHz, 0 %, 0 %
2026/03/24 06:17:56.847, 5, 180.58 W, 28, 120 MHz, 3996 MHz, 0 %, 0 %
2026/03/24 06:17:56.847, 6, 178.57 W, 26, 120 MHz, 3996 MHz, 0 %, 0 %
2026/03/24 06:17:56.847, 7, 176.58 W, 27, 120 MHz, 3996 MHz, 0 %, 0 %
2026/03/24 06:17:57.848, 0, 261.23 W, 28, 2032 MHz, 3996 MHz, 0 %, 0 %
2026/03/24 06:17:57.848, 1, 266.94 W, 30, 2032 MHz, 3996 MHz, 0 %, 0 %
2026/03/24 06:17:57.848, 2, 267.52 W, 28, 2032 MHz, 3996 MHz, 0 %, 0 %
2026/03/24 06:17:57.848, 3, 267.48 W, 30, 2032 MHz, 3996 MHz, 0 %, 0 %
2026/03/24 06:17:57.848, 4, 179.11 W, 26, 120 MHz, 3996 MHz, 0 %, 0 %
2026/03/24 06:17:57.848, 5, 180.58 W, 28, 120 MHz, 3996 MHz, 0 %, 0 %
2026/03/24 06:17:57.848, 6, 178.37 W, 26, 120 MHz, 3996 MHz, 0 %, 0 %
2026/03/24 06:17:57.848, 7, 176.58 W, 27, 120 MHz, 3996 MHz, 0 %, 0 %
2026/03/24 06:17:58.848, 0, 263.14 W, 28, 2032 MHz, 3996 MHz, 0 %, 0 %
2026/03/24 06:17:58.848, 1, 267.60 W, 30, 2032 MHz, 3996 MHz, 0 %, 0 %
2026/03/24 06:17:58.848, 2, 267.08 W, 28, 2032 MHz, 3996 MHz, 0 %, 0 %
2026/03/24 06:17:58.848, 3, 268.64 W, 30, 2032 MHz, 3996 MHz, 0 %, 0 %
2026/03/24 06:17:58.848, 4, 179.05 W, 26, 120 MHz, 3996 MHz, 0 %, 0 %
2026/03/24 06:17:58.848, 5, 180.58 W, 28, 120 MHz, 3996 MHz, 0 %, 0 %
2026/03/24 06:17:58.848, 6, 178.25 W, 26, 120 MHz, 3996 MHz, 0 %, 0 %
2026/03/24 06:17:58.848, 7, 176.58 W, 27, 120 MHz, 3996 MHz, 0 %, 0 %
2026/03/24 06:17:59.848, 0, 229.78 W, 28, 2032 MHz, 3996 MHz, 0 %, 0 %
2026/03/24 06:17:59.848, 1, 233.75 W, 30, 2032 MHz, 3996 MHz, 0 %, 0 %
2026/03/24 06:17:59.848, 2, 234.37 W, 27, 2032 MHz, 3996 MHz, 0 %, 0 %
2026/03/24 06:17:59.848, 3, 235.11 W, 30, 2032 MHz, 3996 MHz, 0 %, 0 %
2026/03/24 06:17:59.848, 4, 179.16 W, 26, 120 MHz, 3996 MHz, 0 %, 0 %
2026/03/24 06:17:59.848, 5, 180.58 W, 28, 120 MHz, 3996 MHz, 0 %, 0 %
2026/03/24 06:17:59.848, 6, 178.41 W, 26, 120 MHz, 3996 MHz, 0 %, 0 %
2026/03/24 06:17:59.848, 7, 176.58 W, 27, 120 MHz, 3996 MHz, 0 %, 0 %
2026/03/24 06:18:00.848, 0, 242.63 W, 28, 2032 MHz, 3996 MHz, 0 %, 0 %
2026/03/24 06:18:00.848, 1, 246.89 W, 30, 2032 MHz, 3996 MHz, 0 %, 0 %
2026/03/24 06:18:00.848, 2, 247.01 W, 27, 2032 MHz, 3996 MHz, 0 %, 0 %
2026/03/24 06:18:00.848, 3, 248.49 W, 30, 2032 MHz, 3996 MHz, 0 %, 0 %
2026/03/24 06:18:00.848, 4, 179.35 W, 26, 120 MHz, 3996 MHz, 0 %, 0 %
2026/03/24 06:18:00.848, 5, 180.58 W, 28, 120 MHz, 3996 MHz, 0 %, 0 %
2026/03/24 06:18:00.848, 6, 178.52 W, 26, 120 MHz, 3996 MHz, 0 %, 0 %
2026/03/24 06:18:00.848, 7, 176.58 W, 27, 120 MHz, 3996 MHz, 0 %, 0 %
2026/03/24 06:18:01.848, 0, 229.51 W, 28, 2032 MHz, 3996 MHz, 0 %, 0 %
2026/03/24 06:18:01.848, 1, 233.52 W, 30, 2032 MHz, 3996 MHz, 0 %, 0 %
2026/03/24 06:18:01.848, 2, 234.10 W, 27, 2032 MHz, 3996 MHz, 0 %, 0 %
2026/03/24 06:18:01.848, 3, 235.12 W, 30, 2032 MHz, 3996 MHz, 0 %, 0 %
2026/03/24 06:18:01.848, 4, 179.38 W, 26, 120 MHz, 3996 MHz, 0 %, 0 %
2026/03/24 06:18:01.848, 5, 180.58 W, 28, 120 MHz, 3996 MHz, 0 %, 0 %
2026/03/24 06:18:01.848, 6, 178.49 W, 26, 120 MHz, 3996 MHz, 0 %, 0 %
2026/03/24 06:18:01.848, 7, 176.58 W, 27, 120 MHz, 3996 MHz, 0 %, 0 %
2026/03/24 06:18:02.848, 0, 229.23 W, 28, 2032 MHz, 3996 MHz, 0 %, 0 %
2026/03/24 06:18:02.848, 1, 233.29 W, 30, 2032 MHz, 3996 MHz, 0 %, 0 %
2026/03/24 06:18:02.848, 2, 234.02 W, 27, 2032 MHz, 3996 MHz, 0 %, 0 %
2026/03/24 06:18:02.848, 3, 302.69 W, 32, 2032 MHz, 3996 MHz, 44 %, 37 %
2026/03/24 06:18:02.848, 4, 179.05 W, 26, 120 MHz, 3996 MHz, 0 %, 0 %
2026/03/24 06:18:02.848, 5, 180.58 W, 28, 120 MHz, 3996 MHz, 0 %, 0 %
2026/03/24 06:18:02.848, 6, 178.22 W, 26, 120 MHz, 3996 MHz, 0 %, 0 %
2026/03/24 06:18:02.848, 7, 176.58 W, 27, 120 MHz, 3996 MHz, 0 %, 0 %
2026/03/24 06:18:03.848, 0, 292.96 W, 28, 2032 MHz, 3996 MHz, 0 %, 0 %
2026/03/24 06:18:03.848, 1, 301.03 W, 30, 2032 MHz, 3996 MHz, 0 %, 0 %
2026/03/24 06:18:03.848, 2, 302.11 W, 28, 2032 MHz, 3996 MHz, 0 %, 0 %
2026/03/24 06:18:03.848, 3, 245.27 W, 30, 2032 MHz, 3996 MHz, 0 %, 0 %
2026/03/24 06:18:03.848, 4, 179.01 W, 26, 120 MHz, 3996 MHz, 0 %, 0 %
2026/03/24 06:18:03.848, 5, 180.58 W, 28, 120 MHz, 3996 MHz, 0 %, 0 %
2026/03/24 06:18:03.849, 6, 178.57 W, 26, 120 MHz, 3996 MHz, 0 %, 0 %
2026/03/24 06:18:03.849, 7, 176.58 W, 27, 120 MHz, 3996 MHz, 0 %, 0 %
2026/03/24 06:18:04.849, 0, 260.55 W, 28, 2032 MHz, 3996 MHz, 0 %, 0 %
2026/03/24 06:18:04.849, 1, 264.34 W, 30, 2032 MHz, 3996 MHz, 0 %, 0 %
2026/03/24 06:18:04.849, 2, 266.27 W, 28, 2032 MHz, 3996 MHz, 0 %, 0 %
2026/03/24 06:18:04.849, 3, 264.62 W, 30, 2032 MHz, 3996 MHz, 0 %, 0 %
2026/03/24 06:18:04.849, 4, 178.84 W, 26, 120 MHz, 3996 MHz, 0 %, 0 %
2026/03/24 06:18:04.849, 5, 180.58 W, 28, 120 MHz, 3996 MHz, 0 %, 0 %
2026/03/24 06:18:04.849, 6, 178.45 W, 26, 120 MHz, 3996 MHz, 0 %, 0 %
2026/03/24 06:18:04.849, 7, 176.58 W, 27, 120 MHz, 3996 MHz, 0 %, 0 %
2026/03/24 06:18:05.849, 0, 229.85 W, 28, 2032 MHz, 3996 MHz, 0 %, 0 %
2026/03/24 06:18:05.849, 1, 233.44 W, 30, 2032 MHz, 3996 MHz, 0 %, 0 %
2026/03/24 06:18:05.849, 2, 234.10 W, 27, 2032 MHz, 3996 MHz, 0 %, 0 %
2026/03/24 06:18:05.849, 3, 235.12 W, 30, 2032 MHz, 3996 MHz, 0 %, 0 %
2026/03/24 06:18:05.849, 4, 178.97 W, 26, 120 MHz, 3996 MHz, 0 %, 0 %
2026/03/24 06:18:05.849, 5, 180.58 W, 28, 120 MHz, 3996 MHz, 0 %, 0 %
2026/03/24 06:18:05.849, 6, 178.29 W, 26, 120 MHz, 3996 MHz, 0 %, 0 %
2026/03/24 06:18:05.849, 7, 176.58 W, 27, 120 MHz, 3996 MHz, 0 %, 0 %
2026/03/24 06:18:06.849, 0, 229.24 W, 28, 2032 MHz, 3996 MHz, 0 %, 0 %
2026/03/24 06:18:06.849, 1, 233.21 W, 30, 2032 MHz, 3996 MHz, 0 %, 0 %
2026/03/24 06:18:06.849, 2, 274.29 W, 31, 2032 MHz, 3996 MHz, 0 %, 0 %
2026/03/24 06:18:06.849, 3, 337.00 W, 32, 2032 MHz, 3996 MHz, 91 %, 79 %
2026/03/24 06:18:06.849, 4, 179.12 W, 26, 120 MHz, 3996 MHz, 0 %, 0 %
2026/03/24 06:18:06.849, 5, 180.58 W, 28, 120 MHz, 3996 MHz, 0 %, 0 %
2026/03/24 06:18:06.849, 6, 178.45 W, 26, 120 MHz, 3996 MHz, 0 %, 0 %
2026/03/24 06:18:06.849, 7, 176.58 W, 27, 120 MHz, 3996 MHz, 0 %, 0 %
2026/03/24 06:18:07.849, 0, 330.44 W, 28, 2032 MHz, 3996 MHz, 0 %, 0 %
2026/03/24 06:18:07.849, 1, 338.46 W, 30, 2032 MHz, 3996 MHz, 0 %, 0 %
2026/03/24 06:18:07.849, 2, 306.66 W, 28, 2032 MHz, 3996 MHz, 0 %, 0 %
2026/03/24 06:18:07.849, 3, 235.17 W, 30, 2032 MHz, 3996 MHz, 0 %, 0 %
2026/03/24 06:18:07.849, 4, 179.18 W, 26, 120 MHz, 3996 MHz, 0 %, 0 %
2026/03/24 06:18:07.849, 5, 180.58 W, 28, 120 MHz, 3996 MHz, 0 %, 0 %
2026/03/24 06:18:07.849, 6, 178.41 W, 26, 120 MHz, 3996 MHz, 0 %, 0 %
2026/03/24 06:18:07.849, 7, 176.58 W, 27, 120 MHz, 3996 MHz, 0 %, 0 %
2026/03/24 06:18:08.849, 0, 229.89 W, 28, 2032 MHz, 3996 MHz, 0 %, 0 %
2026/03/24 06:18:08.849, 1, 233.82 W, 30, 2032 MHz, 3996 MHz, 0 %, 0 %
2026/03/24 06:18:08.849, 2, 234.48 W, 27, 2032 MHz, 3996 MHz, 0 %, 0 %
2026/03/24 06:18:08.849, 3, 235.13 W, 30, 2032 MHz, 3996 MHz, 0 %, 0 %
2026/03/24 06:18:08.849, 4, 178.95 W, 26, 120 MHz, 3996 MHz, 0 %, 0 %
2026/03/24 06:18:08.849, 5, 180.58 W, 28, 120 MHz, 3996 MHz, 0 %, 0 %
2026/03/24 06:18:08.849, 6, 178.45 W, 26, 120 MHz, 3996 MHz, 0 %, 0 %
2026/03/24 06:18:08.849, 7, 176.58 W, 27, 120 MHz, 3996 MHz, 0 %, 0 %
2026/03/24 06:18:09.849, 0, 229.63 W, 28, 2032 MHz, 3996 MHz, 0 %, 0 %
2026/03/24 06:18:09.849, 1, 233.43 W, 30, 2032 MHz, 3996 MHz, 0 %, 0 %
2026/03/24 06:18:09.849, 2, 234.18 W, 27, 2032 MHz, 3996 MHz, 0 %, 0 %
2026/03/24 06:18:09.849, 3, 235.12 W, 30, 2032 MHz, 3996 MHz, 0 %, 0 %
2026/03/24 06:18:09.849, 4, 178.85 W, 26, 120 MHz, 3996 MHz, 0 %, 0 %
2026/03/24 06:18:09.849, 5, 180.58 W, 28, 120 MHz, 3996 MHz, 0 %, 0 %
2026/03/24 06:18:09.849, 6, 178.49 W, 26, 120 MHz, 3996 MHz, 0 %, 0 %
2026/03/24 06:18:09.849, 7, 176.58 W, 27, 120 MHz, 3996 MHz, 0 %, 0 %
2026/03/24 06:18:10.850, 0, 229.38 W, 28, 2032 MHz, 3996 MHz, 0 %, 0 %
2026/03/24 06:18:10.850, 1, 233.36 W, 30, 2032 MHz, 3996 MHz, 0 %, 0 %
2026/03/24 06:18:10.850, 2, 234.02 W, 27, 2032 MHz, 3996 MHz, 0 %, 0 %
2026/03/24 06:18:10.850, 3, 235.07 W, 30, 2032 MHz, 3996 MHz, 0 %, 0 %
2026/03/24 06:18:10.850, 4, 179.32 W, 26, 120 MHz, 3996 MHz, 0 %, 0 %
2026/03/24 06:18:10.850, 5, 180.58 W, 28, 120 MHz, 3996 MHz, 0 %, 0 %
2026/03/24 06:18:10.850, 6, 178.45 W, 26, 120 MHz, 3996 MHz, 0 %, 0 %
2026/03/24 06:18:10.850, 7, 176.58 W, 27, 120 MHz, 3996 MHz, 0 %, 0 %
2026/03/24 06:18:11.850, 0, 229.09 W, 28, 2032 MHz, 3996 MHz, 0 %, 0 %
2026/03/24 06:18:11.850, 1, 233.24 W, 30, 2032 MHz, 3996 MHz, 0 %, 0 %
2026/03/24 06:18:11.850, 2, 234.02 W, 27, 2032 MHz, 3996 MHz, 0 %, 0 %
2026/03/24 06:18:11.850, 3, 235.12 W, 30, 2032 MHz, 3996 MHz, 0 %, 0 %
2026/03/24 06:18:11.850, 4, 179.15 W, 26, 120 MHz, 3996 MHz, 0 %, 0 %
2026/03/24 06:18:11.850, 5, 180.58 W, 28, 120 MHz, 3996 MHz, 0 %, 0 %
2026/03/24 06:18:11.850, 6, 178.38 W, 26, 120 MHz, 3996 MHz, 0 %, 0 %
2026/03/24 06:18:11.850, 7, 176.58 W, 27, 120 MHz, 3996 MHz, 0 %, 0 %
2026/03/24 06:18:12.850, 0, 229.42 W, 28, 2032 MHz, 3996 MHz, 0 %, 0 %
2026/03/24 06:18:12.850, 1, 233.16 W, 30, 2032 MHz, 3996 MHz, 0 %, 0 %
2026/03/24 06:18:12.850, 2, 234.02 W, 27, 2032 MHz, 3996 MHz, 0 %, 0 %
2026/03/24 06:18:12.850, 3, 235.04 W, 30, 2032 MHz, 3996 MHz, 0 %, 0 %
2026/03/24 06:18:12.850, 4, 179.04 W, 26, 120 MHz, 3996 MHz, 0 %, 0 %
2026/03/24 06:18:12.850, 5, 180.58 W, 28, 120 MHz, 3996 MHz, 0 %, 0 %
2026/03/24 06:18:12.850, 6, 178.26 W, 26, 120 MHz, 3996 MHz, 0 %, 0 %
2026/03/24 06:18:12.850, 7, 176.58 W, 27, 120 MHz, 3996 MHz, 0 %, 0 %
2026/03/24 06:18:13.850, 0, 229.02 W, 28, 2032 MHz, 3996 MHz, 0 %, 0 %
2026/03/24 06:18:13.850, 1, 233.19 W, 30, 2032 MHz, 3996 MHz, 0 %, 0 %
2026/03/24 06:18:13.850, 2, 234.06 W, 27, 2032 MHz, 3996 MHz, 0 %, 0 %
2026/03/24 06:18:13.850, 3, 253.35 W, 31, 2032 MHz, 3996 MHz, 17 %, 13 %
2026/03/24 06:18:13.850, 4, 179.19 W, 26, 120 MHz, 3996 MHz, 0 %, 0 %
2026/03/24 06:18:13.850, 5, 180.58 W, 28, 120 MHz, 3996 MHz, 0 %, 0 %
2026/03/24 06:18:13.850, 6, 178.49 W, 26, 120 MHz, 3996 MHz, 0 %, 0 %
2026/03/24 06:18:13.850, 7, 176.58 W, 27, 120 MHz, 3996 MHz, 0 %, 0 %
2026/03/24 06:18:14.850, 0, 249.46 W, 28, 2032 MHz, 3996 MHz, 0 %, 0 %
2026/03/24 06:18:14.850, 1, 253.85 W, 30, 2032 MHz, 3996 MHz, 0 %, 0 %
2026/03/24 06:18:14.850, 2, 314.50 W, 31, 2032 MHz, 3996 MHz, 0 %, 0 %
2026/03/24 06:18:14.850, 3, 330.14 W, 32, 2032 MHz, 3996 MHz, 81 %, 70 %
2026/03/24 06:18:14.850, 4, 179.01 W, 26, 120 MHz, 3996 MHz, 0 %, 0 %
2026/03/24 06:18:14.850, 5, 180.58 W, 28, 120 MHz, 3996 MHz, 0 %, 0 %
2026/03/24 06:18:14.850, 6, 178.37 W, 26, 120 MHz, 3996 MHz, 0 %, 0 %
2026/03/24 06:18:14.850, 7, 176.58 W, 27, 120 MHz, 3996 MHz, 0 %, 0 %
2026/03/24 06:18:15.850, 0, 323.82 W, 28, 2032 MHz, 3996 MHz, 0 %, 0 %
2026/03/24 06:18:15.850, 1, 328.36 W, 30, 2032 MHz, 3996 MHz, 0 %, 0 %
2026/03/24 06:18:15.850, 2, 266.11 W, 28, 2032 MHz, 3996 MHz, 0 %, 0 %
2026/03/24 06:18:15.850, 3, 235.17 W, 30, 2032 MHz, 3996 MHz, 0 %, 0 %
2026/03/24 06:18:15.850, 4, 179.02 W, 26, 120 MHz, 3996 MHz, 0 %, 0 %
2026/03/24 06:18:15.850, 5, 180.58 W, 28, 120 MHz, 3996 MHz, 0 %, 0 %
2026/03/24 06:18:15.850, 6, 178.41 W, 26, 120 MHz, 3996 MHz, 0 %, 0 %
2026/03/24 06:18:15.850, 7, 176.58 W, 27, 120 MHz, 3996 MHz, 0 %, 0 %
2026/03/24 06:18:16.850, 0, 229.81 W, 28, 2032 MHz, 3996 MHz, 0 %, 0 %
2026/03/24 06:18:16.851, 1, 234.38 W, 30, 2032 MHz, 3996 MHz, 0 %, 0 %
2026/03/24 06:18:16.851, 2, 234.36 W, 27, 2032 MHz, 3996 MHz, 0 %, 0 %
2026/03/24 06:18:16.851, 3, 235.15 W, 30, 2032 MHz, 3996 MHz, 0 %, 0 %
2026/03/24 06:18:16.851, 4, 178.91 W, 26, 120 MHz, 3996 MHz, 0 %, 0 %
2026/03/24 06:18:16.851, 5, 180.58 W, 28, 120 MHz, 3996 MHz, 0 %, 0 %
2026/03/24 06:18:16.851, 6, 178.49 W, 26, 120 MHz, 3996 MHz, 0 %, 0 %
2026/03/24 06:18:16.851, 7, 176.58 W, 27, 120 MHz, 3996 MHz, 0 %, 0 %
2026/03/24 06:18:17.851, 0, 229.38 W, 28, 2032 MHz, 3996 MHz, 0 %, 0 %
2026/03/24 06:18:17.851, 1, 260.80 W, 31, 2032 MHz, 3996 MHz, 0 %, 0 %
2026/03/24 06:18:17.851, 2, 263.24 W, 28, 2032 MHz, 3996 MHz, 100 %, 0 %
2026/03/24 06:18:17.851, 3, 264.02 W, 30, 2032 MHz, 3996 MHz, 100 %, 0 %
2026/03/24 06:18:17.851, 4, 179.04 W, 26, 120 MHz, 3996 MHz, 0 %, 0 %
2026/03/24 06:18:17.851, 5, 180.58 W, 28, 120 MHz, 3996 MHz, 0 %, 0 %
2026/03/24 06:18:17.851, 6, 178.49 W, 26, 120 MHz, 3996 MHz, 0 %, 0 %
2026/03/24 06:18:17.851, 7, 176.58 W, 27, 120 MHz, 3996 MHz, 0 %, 0 %
2026/03/24 06:18:18.851, 0, 272.93 W, 28, 2032 MHz, 3996 MHz, 0 %, 0 %
2026/03/24 06:18:18.851, 1, 250.86 W, 30, 2032 MHz, 3996 MHz, 0 %, 0 %
2026/03/24 06:18:18.851, 2, 250.75 W, 28, 2032 MHz, 3996 MHz, 0 %, 0 %
2026/03/24 06:18:18.851, 3, 251.84 W, 30, 2032 MHz, 3996 MHz, 0 %, 0 %
2026/03/24 06:18:18.851, 4, 178.91 W, 26, 120 MHz, 3996 MHz, 0 %, 0 %
2026/03/24 06:18:18.851, 5, 180.58 W, 28, 120 MHz, 3996 MHz, 0 %, 0 %
2026/03/24 06:18:18.851, 6, 178.38 W, 26, 120 MHz, 3996 MHz, 0 %, 0 %
2026/03/24 06:18:18.851, 7, 176.58 W, 27, 120 MHz, 3996 MHz, 0 %, 0 %
2026/03/24 06:18:19.851, 0, 229.15 W, 28, 2032 MHz, 3996 MHz, 0 %, 0 %
2026/03/24 06:18:19.851, 1, 233.20 W, 30, 2032 MHz, 3996 MHz, 0 %, 0 %
2026/03/24 06:18:19.851, 2, 234.10 W, 27, 2032 MHz, 3996 MHz, 0 %, 0 %
2026/03/24 06:18:19.851, 3, 234.95 W, 30, 2032 MHz, 3996 MHz, 0 %, 0 %
2026/03/24 06:18:19.851, 4, 178.96 W, 26, 120 MHz, 3996 MHz, 0 %, 0 %
2026/03/24 06:18:19.851, 5, 180.58 W, 28, 120 MHz, 3996 MHz, 0 %, 0 %
2026/03/24 06:18:19.851, 6, 178.45 W, 26, 120 MHz, 3996 MHz, 0 %, 0 %
2026/03/24 06:18:19.851, 7, 176.58 W, 27, 120 MHz, 3996 MHz, 0 %, 0 %
2026/03/24 06:18:20.851, 0, 228.83 W, 28, 2032 MHz, 3996 MHz, 0 %, 0 %
2026/03/24 06:18:20.851, 1, 233.16 W, 30, 2032 MHz, 3996 MHz, 0 %, 0 %
2026/03/24 06:18:20.851, 2, 234.02 W, 27, 2032 MHz, 3996 MHz, 0 %, 0 %
2026/03/24 06:18:20.851, 3, 235.07 W, 30, 2032 MHz, 3996 MHz, 0 %, 0 %
2026/03/24 06:18:20.851, 4, 179.01 W, 26, 120 MHz, 3996 MHz, 0 %, 0 %
2026/03/24 06:18:20.851, 5, 180.58 W, 28, 120 MHz, 3996 MHz, 0 %, 0 %
2026/03/24 06:18:20.851, 6, 178.37 W, 26, 120 MHz, 3996 MHz, 0 %, 0 %
2026/03/24 06:18:20.851, 7, 176.58 W, 27, 120 MHz, 3996 MHz, 0 %, 0 %
2026/03/24 06:18:21.851, 0, 228.68 W, 28, 2032 MHz, 3996 MHz, 0 %, 0 %
2026/03/24 06:18:21.851, 1, 233.16 W, 30, 2032 MHz, 3996 MHz, 0 %, 0 %
2026/03/24 06:18:21.851, 2, 234.02 W, 27, 2032 MHz, 3996 MHz, 0 %, 0 %
2026/03/24 06:18:21.851, 3, 234.96 W, 30, 2032 MHz, 3996 MHz, 0 %, 0 %
2026/03/24 06:18:21.851, 4, 179.00 W, 26, 120 MHz, 3996 MHz, 0 %, 0 %
2026/03/24 06:18:21.851, 5, 180.58 W, 28, 120 MHz, 3996 MHz, 0 %, 0 %
2026/03/24 06:18:21.851, 6, 178.34 W, 26, 120 MHz, 3996 MHz, 0 %, 0 %
2026/03/24 06:18:21.852, 7, 176.58 W, 27, 120 MHz, 3996 MHz, 0 %, 0 %
2026/03/24 06:18:22.852, 0, 229.19 W, 28, 2032 MHz, 3996 MHz, 0 %, 0 %
2026/03/24 06:18:22.852, 1, 233.16 W, 30, 2032 MHz, 3996 MHz, 0 %, 0 %
2026/03/24 06:18:22.852, 2, 234.02 W, 27, 2032 MHz, 3996 MHz, 0 %, 0 %
2026/03/24 06:18:22.852, 3, 234.57 W, 30, 2032 MHz, 3996 MHz, 0 %, 0 %
2026/03/24 06:18:22.852, 4, 179.10 W, 26, 120 MHz, 3996 MHz, 0 %, 0 %
2026/03/24 06:18:22.852, 5, 180.58 W, 28, 120 MHz, 3996 MHz, 0 %, 0 %
2026/03/24 06:18:22.852, 6, 178.56 W, 26, 120 MHz, 3996 MHz, 0 %, 0 %
2026/03/24 06:18:22.852, 7, 176.58 W, 27, 120 MHz, 3996 MHz, 0 %, 0 %
2026/03/24 06:18:23.852, 0, 229.38 W, 28, 2032 MHz, 3996 MHz, 0 %, 0 %
2026/03/24 06:18:23.852, 1, 233.16 W, 30, 2032 MHz, 3996 MHz, 0 %, 0 %
2026/03/24 06:18:23.852, 2, 234.02 W, 27, 2032 MHz, 3996 MHz, 0 %, 0 %
2026/03/24 06:18:23.852, 3, 235.04 W, 30, 2032 MHz, 3996 MHz, 0 %, 0 %
2026/03/24 06:18:23.852, 4, 179.19 W, 26, 120 MHz, 3996 MHz, 0 %, 0 %
2026/03/24 06:18:23.852, 5, 180.58 W, 28, 120 MHz, 3996 MHz, 0 %, 0 %
2026/03/24 06:18:23.852, 6, 178.41 W, 26, 120 MHz, 3996 MHz, 0 %, 0 %
2026/03/24 06:18:23.852, 7, 176.58 W, 27, 120 MHz, 3996 MHz, 0 %, 0 %
2026/03/24 06:18:24.852, 0, 229.32 W, 28, 2032 MHz, 3996 MHz, 0 %, 0 %
2026/03/24 06:18:24.852, 1, 233.16 W, 30, 2032 MHz, 3996 MHz, 0 %, 0 %
2026/03/24 06:18:24.852, 2, 234.02 W, 27, 2032 MHz, 3996 MHz, 0 %, 0 %
2026/03/24 06:18:24.852, 3, 235.15 W, 30, 2032 MHz, 3996 MHz, 0 %, 0 %
2026/03/24 06:18:24.852, 4, 178.83 W, 26, 120 MHz, 3996 MHz, 0 %, 0 %
2026/03/24 06:18:24.852, 5, 180.58 W, 28, 120 MHz, 3996 MHz, 0 %, 0 %
2026/03/24 06:18:24.852, 6, 178.33 W, 26, 120 MHz, 3996 MHz, 0 %, 0 %
2026/03/24 06:18:24.852, 7, 176.58 W, 27, 120 MHz, 3996 MHz, 0 %, 0 %
2026/03/24 06:18:25.852, 0, 229.50 W, 28, 2032 MHz, 3996 MHz, 0 %, 0 %
2026/03/24 06:18:25.852, 1, 233.16 W, 30, 2032 MHz, 3996 MHz, 0 %, 0 %
2026/03/24 06:18:25.852, 2, 234.02 W, 27, 2032 MHz, 3996 MHz, 0 %, 0 %
2026/03/24 06:18:25.852, 3, 235.14 W, 30, 2032 MHz, 3996 MHz, 0 %, 0 %
2026/03/24 06:18:25.852, 4, 178.93 W, 26, 120 MHz, 3996 MHz, 0 %, 0 %
2026/03/24 06:18:25.852, 5, 180.58 W, 28, 120 MHz, 3996 MHz, 0 %, 0 %
2026/03/24 06:18:25.852, 6, 178.34 W, 26, 120 MHz, 3996 MHz, 0 %, 0 %
2026/03/24 06:18:25.852, 7, 176.58 W, 27, 120 MHz, 3996 MHz, 0 %, 0 %
2026/03/24 06:18:26.852, 0, 229.36 W, 28, 2032 MHz, 3996 MHz, 0 %, 0 %
2026/03/24 06:18:26.852, 1, 233.20 W, 30, 2032 MHz, 3996 MHz, 0 %, 0 %
2026/03/24 06:18:26.852, 2, 234.02 W, 27, 2032 MHz, 3996 MHz, 0 %, 0 %
2026/03/24 06:18:26.852, 3, 235.10 W, 30, 2032 MHz, 3996 MHz, 0 %, 0 %
2026/03/24 06:18:26.852, 4, 178.81 W, 26, 120 MHz, 3996 MHz, 0 %, 0 %
2026/03/24 06:18:26.852, 5, 180.58 W, 28, 120 MHz, 3996 MHz, 0 %, 0 %
2026/03/24 06:18:26.852, 6, 178.53 W, 26, 120 MHz, 3996 MHz, 0 %, 0 %
2026/03/24 06:18:26.852, 7, 176.58 W, 27, 120 MHz, 3996 MHz, 0 %, 0 %
2026/03/24 06:18:27.852, 0, 229.70 W, 28, 2032 MHz, 3996 MHz, 0 %, 0 %
2026/03/24 06:18:27.853, 1, 233.16 W, 30, 2032 MHz, 3996 MHz, 0 %, 0 %
2026/03/24 06:18:27.853, 2, 234.02 W, 27, 2032 MHz, 3996 MHz, 0 %, 0 %
2026/03/24 06:18:27.853, 3, 235.13 W, 30, 2032 MHz, 3996 MHz, 0 %, 0 %
2026/03/24 06:18:27.853, 4, 179.02 W, 26, 120 MHz, 3996 MHz, 0 %, 0 %
2026/03/24 06:18:27.853, 5, 180.58 W, 28, 120 MHz, 3996 MHz, 0 %, 0 %
2026/03/24 06:18:27.853, 6, 178.53 W, 26, 120 MHz, 3996 MHz, 0 %, 0 %
2026/03/24 06:18:27.853, 7, 176.58 W, 27, 120 MHz, 3996 MHz, 0 %, 0 %
2026/03/24 06:18:28.853, 0, 229.69 W, 28, 2032 MHz, 3996 MHz, 0 %, 0 %
2026/03/24 06:18:28.853, 1, 233.16 W, 30, 2032 MHz, 3996 MHz, 0 %, 0 %
2026/03/24 06:18:28.853, 2, 234.02 W, 27, 2032 MHz, 3996 MHz, 0 %, 0 %
2026/03/24 06:18:28.853, 3, 235.12 W, 30, 2032 MHz, 3996 MHz, 0 %, 0 %
2026/03/24 06:18:28.853, 4, 178.96 W, 26, 120 MHz, 3996 MHz, 0 %, 0 %
2026/03/24 06:18:28.853, 5, 180.58 W, 28, 120 MHz, 3996 MHz, 0 %, 0 %
2026/03/24 06:18:28.853, 6, 178.60 W, 26, 120 MHz, 3996 MHz, 0 %, 0 %
2026/03/24 06:18:28.853, 7, 176.58 W, 27, 120 MHz, 3996 MHz, 0 %, 0 %
2026/03/24 06:18:29.853, 0, 229.77 W, 28, 2032 MHz, 3996 MHz, 0 %, 0 %
2026/03/24 06:18:29.853, 1, 233.16 W, 30, 2032 MHz, 3996 MHz, 0 %, 0 %
2026/03/24 06:18:29.853, 2, 234.02 W, 27, 2032 MHz, 3996 MHz, 0 %, 0 %
2026/03/24 06:18:29.853, 3, 235.15 W, 30, 2032 MHz, 3996 MHz, 0 %, 0 %
2026/03/24 06:18:29.853, 4, 179.12 W, 26, 120 MHz, 3996 MHz, 0 %, 0 %
2026/03/24 06:18:29.853, 5, 180.58 W, 28, 120 MHz, 3996 MHz, 0 %, 0 %
2026/03/24 06:18:29.853, 6, 178.52 W, 26, 120 MHz, 3996 MHz, 0 %, 0 %
2026/03/24 06:18:29.853, 7, 176.59 W, 27, 120 MHz, 3996 MHz, 0 %, 0 %
2026/03/24 06:18:30.853, 0, 229.70 W, 28, 2032 MHz, 3996 MHz, 0 %, 0 %
2026/03/24 06:18:30.853, 1, 233.16 W, 30, 2032 MHz, 3996 MHz, 0 %, 0 %
2026/03/24 06:18:30.853, 2, 234.02 W, 27, 2032 MHz, 3996 MHz, 0 %, 0 %
2026/03/24 06:18:30.853, 3, 235.13 W, 30, 2032 MHz, 3996 MHz, 0 %, 0 %
2026/03/24 06:18:30.853, 4, 179.08 W, 26, 120 MHz, 3996 MHz, 0 %, 0 %
2026/03/24 06:18:30.853, 5, 180.58 W, 28, 120 MHz, 3996 MHz, 0 %, 0 %
2026/03/24 06:18:30.853, 6, 178.52 W, 26, 120 MHz, 3996 MHz, 0 %, 0 %
2026/03/24 06:18:30.853, 7, 176.58 W, 27, 120 MHz, 3996 MHz, 0 %, 0 %
2026/03/24 06:18:31.853, 0, 229.50 W, 28, 2032 MHz, 3996 MHz, 0 %, 0 %
2026/03/24 06:18:31.853, 1, 233.17 W, 30, 2032 MHz, 3996 MHz, 0 %, 0 %
2026/03/24 06:18:31.853, 2, 234.02 W, 27, 2032 MHz, 3996 MHz, 0 %, 0 %
2026/03/24 06:18:31.853, 3, 235.04 W, 30, 2032 MHz, 3996 MHz, 0 %, 0 %
2026/03/24 06:18:31.853, 4, 179.09 W, 26, 120 MHz, 3996 MHz, 0 %, 0 %
2026/03/24 06:18:31.853, 5, 180.58 W, 28, 120 MHz, 3996 MHz, 0 %, 0 %
2026/03/24 06:18:31.853, 6, 178.49 W, 26, 120 MHz, 3996 MHz, 0 %, 0 %
2026/03/24 06:18:31.853, 7, 176.58 W, 27, 120 MHz, 3996 MHz, 0 %, 0 %
2026/03/24 06:18:32.853, 0, 229.62 W, 28, 2032 MHz, 3996 MHz, 0 %, 0 %
2026/03/24 06:18:32.853, 1, 233.16 W, 30, 2032 MHz, 3996 MHz, 0 %, 0 %
2026/03/24 06:18:32.853, 2, 234.02 W, 27, 2032 MHz, 3996 MHz, 0 %, 0 %
2026/03/24 06:18:32.853, 3, 235.05 W, 30, 2032 MHz, 3996 MHz, 0 %, 0 %
2026/03/24 06:18:32.853, 4, 179.03 W, 26, 120 MHz, 3996 MHz, 0 %, 0 %
2026/03/24 06:18:32.853, 5, 180.58 W, 28, 120 MHz, 3996 MHz, 0 %, 0 %
2026/03/24 06:18:32.853, 6, 178.38 W, 26, 120 MHz, 3996 MHz, 0 %, 0 %
2026/03/24 06:18:32.853, 7, 176.58 W, 27, 120 MHz, 3996 MHz, 0 %, 0 %
2026/03/24 06:18:33.853, 0, 229.51 W, 28, 2032 MHz, 3996 MHz, 0 %, 0 %
2026/03/24 06:18:33.853, 1, 233.16 W, 30, 2032 MHz, 3996 MHz, 0 %, 0 %
2026/03/24 06:18:33.854, 2, 234.02 W, 27, 2032 MHz, 3996 MHz, 0 %, 0 %
2026/03/24 06:18:33.854, 3, 235.21 W, 30, 2032 MHz, 3996 MHz, 0 %, 0 %
2026/03/24 06:18:33.854, 4, 179.10 W, 26, 120 MHz, 3996 MHz, 0 %, 0 %
2026/03/24 06:18:33.854, 5, 180.58 W, 28, 120 MHz, 3996 MHz, 0 %, 0 %
2026/03/24 06:18:33.854, 6, 178.37 W, 26, 120 MHz, 3996 MHz, 0 %, 0 %
2026/03/24 06:18:33.854, 7, 176.58 W, 27, 120 MHz, 3996 MHz, 0 %, 0 %
2026/03/24 06:18:34.854, 0, 229.77 W, 28, 2032 MHz, 3996 MHz, 0 %, 0 %
2026/03/24 06:18:34.854, 1, 233.16 W, 30, 2032 MHz, 3996 MHz, 0 %, 0 %
2026/03/24 06:18:34.854, 2, 234.02 W, 27, 2032 MHz, 3996 MHz, 0 %, 0 %
2026/03/24 06:18:34.854, 3, 235.15 W, 30, 2032 MHz, 3996 MHz, 0 %, 0 %
2026/03/24 06:18:34.854, 4, 179.06 W, 26, 120 MHz, 3996 MHz, 0 %, 0 %
2026/03/24 06:18:34.854, 5, 180.58 W, 28, 120 MHz, 3996 MHz, 0 %, 0 %
2026/03/24 06:18:34.854, 6, 178.34 W, 26, 120 MHz, 3996 MHz, 0 %, 0 %
2026/03/24 06:18:34.854, 7, 176.58 W, 27, 120 MHz, 3996 MHz, 0 %, 0 %
2026/03/24 06:18:35.854, 0, 229.59 W, 28, 2032 MHz, 3996 MHz, 0 %, 0 %
2026/03/24 06:18:35.854, 1, 233.16 W, 30, 2032 MHz, 3996 MHz, 0 %, 0 %
2026/03/24 06:18:35.854, 2, 234.02 W, 27, 2032 MHz, 3996 MHz, 0 %, 0 %
2026/03/24 06:18:35.854, 3, 235.00 W, 30, 2032 MHz, 3996 MHz, 0 %, 0 %
2026/03/24 06:18:35.854, 4, 178.96 W, 26, 120 MHz, 3996 MHz, 0 %, 0 %
2026/03/24 06:18:35.854, 5, 180.58 W, 28, 120 MHz, 3996 MHz, 0 %, 0 %
2026/03/24 06:18:35.854, 6, 178.49 W, 26, 120 MHz, 3996 MHz, 0 %, 0 %
2026/03/24 06:18:35.854, 7, 176.58 W, 27, 120 MHz, 3996 MHz, 0 %, 0 %
2026/03/24 06:18:36.854, 0, 229.73 W, 28, 2032 MHz, 3996 MHz, 0 %, 0 %
2026/03/24 06:18:36.854, 1, 233.20 W, 30, 2032 MHz, 3996 MHz, 0 %, 0 %
2026/03/24 06:18:36.854, 2, 234.02 W, 27, 2032 MHz, 3996 MHz, 0 %, 0 %
2026/03/24 06:18:36.854, 3, 235.14 W, 30, 2032 MHz, 3996 MHz, 0 %, 0 %
2026/03/24 06:18:36.854, 4, 178.84 W, 25, 120 MHz, 3996 MHz, 0 %, 0 %
2026/03/24 06:18:36.854, 5, 180.58 W, 28, 120 MHz, 3996 MHz, 0 %, 0 %
2026/03/24 06:18:36.854, 6, 178.14 W, 26, 120 MHz, 3996 MHz, 0 %, 0 %
2026/03/24 06:18:36.854, 7, 176.58 W, 27, 120 MHz, 3996 MHz, 0 %, 0 %
2026/03/24 06:18:37.854, 0, 229.62 W, 28, 2032 MHz, 3996 MHz, 0 %, 0 %
2026/03/24 06:18:37.854, 1, 233.20 W, 30, 2032 MHz, 3996 MHz, 0 %, 0 %
2026/03/24 06:18:37.854, 2, 234.02 W, 27, 2032 MHz, 3996 MHz, 0 %, 0 %
2026/03/24 06:18:37.854, 3, 235.08 W, 30, 2032 MHz, 3996 MHz, 0 %, 0 %
2026/03/24 06:18:37.854, 4, 179.04 W, 25, 120 MHz, 3996 MHz, 0 %, 0 %
2026/03/24 06:18:37.854, 5, 180.58 W, 28, 120 MHz, 3996 MHz, 0 %, 0 %
2026/03/24 06:18:37.854, 6, 178.30 W, 26, 120 MHz, 3996 MHz, 0 %, 0 %
2026/03/24 06:18:37.854, 7, 176.58 W, 27, 120 MHz, 3996 MHz, 0 %, 0 %
2026/03/24 06:18:38.854, 0, 229.55 W, 28, 2032 MHz, 3996 MHz, 0 %, 0 %
2026/03/24 06:18:38.854, 1, 233.20 W, 30, 2032 MHz, 3996 MHz, 0 %, 0 %
2026/03/24 06:18:38.854, 2, 234.02 W, 27, 2032 MHz, 3996 MHz, 0 %, 0 %
2026/03/24 06:18:38.854, 3, 235.17 W, 30, 2032 MHz, 3996 MHz, 0 %, 0 %
2026/03/24 06:18:38.854, 4, 179.15 W, 25, 120 MHz, 3996 MHz, 0 %, 0 %
2026/03/24 06:18:38.854, 5, 180.58 W, 28, 120 MHz, 3996 MHz, 0 %, 0 %
2026/03/24 06:18:38.854, 6, 178.37 W, 26, 120 MHz, 3996 MHz, 0 %, 0 %
2026/03/24 06:18:38.854, 7, 176.58 W, 27, 120 MHz, 3996 MHz, 0 %, 0 %
2026/03/24 06:18:39.854, 0, 229.35 W, 28, 2032 MHz, 3996 MHz, 0 %, 0 %
2026/03/24 06:18:39.854, 1, 233.35 W, 30, 2032 MHz, 3996 MHz, 0 %, 0 %
2026/03/24 06:18:39.854, 2, 234.02 W, 27, 2032 MHz, 3996 MHz, 0 %, 0 %
2026/03/24 06:18:39.854, 3, 235.10 W, 30, 2032 MHz, 3996 MHz, 0 %, 0 %
2026/03/24 06:18:39.854, 4, 178.99 W, 25, 120 MHz, 3996 MHz, 0 %, 0 %
2026/03/24 06:18:39.855, 5, 180.58 W, 28, 120 MHz, 3996 MHz, 0 %, 0 %
2026/03/24 06:18:39.855, 6, 178.49 W, 26, 120 MHz, 3996 MHz, 0 %, 0 %
2026/03/24 06:18:39.855, 7, 176.58 W, 27, 120 MHz, 3996 MHz, 0 %, 0 %
2026/03/24 06:18:40.855, 0, 229.55 W, 28, 2032 MHz, 3996 MHz, 0 %, 0 %
2026/03/24 06:18:40.855, 1, 233.35 W, 30, 2032 MHz, 3996 MHz, 0 %, 0 %
2026/03/24 06:18:40.855, 2, 234.02 W, 27, 2032 MHz, 3996 MHz, 0 %, 0 %
2026/03/24 06:18:40.855, 3, 235.09 W, 30, 2032 MHz, 3996 MHz, 0 %, 0 %
2026/03/24 06:18:40.855, 4, 178.91 W, 25, 120 MHz, 3996 MHz, 0 %, 0 %
2026/03/24 06:18:40.855, 5, 180.58 W, 28, 120 MHz, 3996 MHz, 0 %, 0 %
2026/03/24 06:18:40.855, 6, 178.49 W, 26, 120 MHz, 3996 MHz, 0 %, 0 %
2026/03/24 06:18:40.855, 7, 176.58 W, 27, 120 MHz, 3996 MHz, 0 %, 0 %
2026/03/24 06:18:41.855, 0, 229.81 W, 28, 2032 MHz, 3996 MHz, 0 %, 0 %
2026/03/24 06:18:41.855, 1, 233.21 W, 30, 2032 MHz, 3996 MHz, 0 %, 0 %
2026/03/24 06:18:41.855, 2, 234.02 W, 27, 2032 MHz, 3996 MHz, 0 %, 0 %
2026/03/24 06:18:41.855, 3, 235.15 W, 30, 2032 MHz, 3996 MHz, 0 %, 0 %
2026/03/24 06:18:41.855, 4, 179.03 W, 25, 120 MHz, 3996 MHz, 0 %, 0 %
2026/03/24 06:18:41.855, 5, 180.58 W, 28, 120 MHz, 3996 MHz, 0 %, 0 %
2026/03/24 06:18:41.855, 6, 178.45 W, 26, 120 MHz, 3996 MHz, 0 %, 0 %
2026/03/24 06:18:41.855, 7, 176.58 W, 27, 120 MHz, 3996 MHz, 0 %, 0 %
2026/03/24 06:18:42.855, 0, 229.62 W, 28, 2032 MHz, 3996 MHz, 0 %, 0 %
2026/03/24 06:18:42.855, 1, 233.16 W, 30, 2032 MHz, 3996 MHz, 0 %, 0 %
2026/03/24 06:18:42.855, 2, 234.02 W, 27, 2032 MHz, 3996 MHz, 0 %, 0 %
2026/03/24 06:18:42.855, 3, 235.15 W, 30, 2032 MHz, 3996 MHz, 0 %, 0 %
2026/03/24 06:18:42.855, 4, 178.99 W, 25, 120 MHz, 3996 MHz, 0 %, 0 %
2026/03/24 06:18:42.855, 5, 180.58 W, 28, 120 MHz, 3996 MHz, 0 %, 0 %
2026/03/24 06:18:42.855, 6, 178.48 W, 26, 120 MHz, 3996 MHz, 0 %, 0 %
2026/03/24 06:18:42.855, 7, 176.58 W, 27, 120 MHz, 3996 MHz, 0 %, 0 %
2026/03/24 06:18:43.855, 0, 229.73 W, 28, 2032 MHz, 3996 MHz, 0 %, 0 %
2026/03/24 06:18:43.855, 1, 233.16 W, 30, 2032 MHz, 3996 MHz, 0 %, 0 %
2026/03/24 06:18:43.855, 2, 234.02 W, 27, 2032 MHz, 3996 MHz, 0 %, 0 %
2026/03/24 06:18:43.855, 3, 235.11 W, 30, 2032 MHz, 3996 MHz, 0 %, 0 %
2026/03/24 06:18:43.855, 4, 179.15 W, 25, 120 MHz, 3996 MHz, 0 %, 0 %
2026/03/24 06:18:43.855, 5, 180.58 W, 28, 120 MHz, 3996 MHz, 0 %, 0 %
2026/03/24 06:18:43.855, 6, 178.30 W, 26, 120 MHz, 3996 MHz, 0 %, 0 %
2026/03/24 06:18:43.855, 7, 176.58 W, 27, 120 MHz, 3996 MHz, 0 %, 0 %
2026/03/24 06:18:44.855, 0, 229.62 W, 28, 2032 MHz, 3996 MHz, 0 %, 0 %
2026/03/24 06:18:44.855, 1, 233.20 W, 30, 2032 MHz, 3996 MHz, 0 %, 0 %
2026/03/24 06:18:44.855, 2, 234.01 W, 27, 2032 MHz, 3996 MHz, 0 %, 0 %
2026/03/24 06:18:44.855, 3, 235.17 W, 30, 2032 MHz, 3996 MHz, 0 %, 0 %
2026/03/24 06:18:44.855, 4, 179.06 W, 25, 120 MHz, 3996 MHz, 0 %, 0 %
2026/03/24 06:18:44.855, 5, 180.58 W, 28, 120 MHz, 3996 MHz, 0 %, 0 %
2026/03/24 06:18:44.855, 6, 178.37 W, 26, 120 MHz, 3996 MHz, 0 %, 0 %
2026/03/24 06:18:44.855, 7, 176.58 W, 27, 120 MHz, 3996 MHz, 0 %, 0 %
2026/03/24 06:18:45.855, 0, 229.36 W, 28, 2032 MHz, 3996 MHz, 0 %, 0 %
2026/03/24 06:18:45.855, 1, 233.20 W, 30, 2032 MHz, 3996 MHz, 0 %, 0 %
2026/03/24 06:18:45.855, 2, 234.01 W, 27, 2032 MHz, 3996 MHz, 0 %, 0 %
2026/03/24 06:18:45.855, 3, 234.97 W, 30, 2032 MHz, 3996 MHz, 0 %, 0 %
2026/03/24 06:18:45.855, 4, 179.03 W, 25, 120 MHz, 3996 MHz, 0 %, 0 %
2026/03/24 06:18:45.855, 5, 180.58 W, 28, 120 MHz, 3996 MHz, 0 %, 0 %
2026/03/24 06:18:45.855, 6, 178.45 W, 26, 120 MHz, 3996 MHz, 0 %, 0 %
2026/03/24 06:18:45.855, 7, 176.58 W, 27, 120 MHz, 3996 MHz, 0 %, 0 %
2026/03/24 06:18:46.856, 0, 229.58 W, 28, 2032 MHz, 3996 MHz, 0 %, 0 %
2026/03/24 06:18:46.856, 1, 233.20 W, 30, 2032 MHz, 3996 MHz, 0 %, 0 %
2026/03/24 06:18:46.856, 2, 234.01 W, 27, 2032 MHz, 3996 MHz, 0 %, 0 %
2026/03/24 06:18:46.856, 3, 235.20 W, 30, 2032 MHz, 3996 MHz, 0 %, 0 %
2026/03/24 06:18:46.856, 4, 178.89 W, 25, 120 MHz, 3996 MHz, 0 %, 0 %
2026/03/24 06:18:46.856, 5, 180.58 W, 28, 120 MHz, 3996 MHz, 0 %, 0 %
2026/03/24 06:18:46.856, 6, 178.49 W, 26, 120 MHz, 3996 MHz, 0 %, 0 %
2026/03/24 06:18:46.856, 7, 176.58 W, 27, 120 MHz, 3996 MHz, 0 %, 0 %
2026/03/24 06:18:47.856, 0, 229.66 W, 28, 2032 MHz, 3996 MHz, 0 %, 0 %
2026/03/24 06:18:47.856, 1, 233.20 W, 30, 2032 MHz, 3996 MHz, 0 %, 0 %
2026/03/24 06:18:47.856, 2, 233.98 W, 27, 2032 MHz, 3996 MHz, 0 %, 0 %
2026/03/24 06:18:47.856, 3, 235.10 W, 30, 2032 MHz, 3996 MHz, 0 %, 0 %
2026/03/24 06:18:47.856, 4, 179.09 W, 25, 120 MHz, 3996 MHz, 0 %, 0 %
2026/03/24 06:18:47.856, 5, 180.58 W, 28, 120 MHz, 3996 MHz, 0 %, 0 %
2026/03/24 06:18:47.856, 6, 178.33 W, 26, 120 MHz, 3996 MHz, 0 %, 0 %
2026/03/24 06:18:47.856, 7, 176.58 W, 27, 120 MHz, 3996 MHz, 0 %, 0 %
2026/03/24 06:18:48.856, 0, 229.54 W, 28, 2032 MHz, 3996 MHz, 0 %, 0 %
2026/03/24 06:18:48.856, 1, 233.16 W, 30, 2032 MHz, 3996 MHz, 0 %, 0 %
2026/03/24 06:18:48.856, 2, 234.02 W, 27, 2032 MHz, 3996 MHz, 0 %, 0 %
2026/03/24 06:18:48.856, 3, 235.16 W, 30, 2032 MHz, 3996 MHz, 0 %, 0 %
2026/03/24 06:18:48.856, 4, 179.04 W, 26, 120 MHz, 3996 MHz, 0 %, 0 %
2026/03/24 06:18:48.856, 5, 180.58 W, 28, 120 MHz, 3996 MHz, 0 %, 0 %
2026/03/24 06:18:48.856, 6, 178.33 W, 26, 120 MHz, 3996 MHz, 0 %, 0 %
2026/03/24 06:18:48.856, 7, 176.58 W, 27, 120 MHz, 3996 MHz, 0 %, 0 %
2026/03/24 06:18:49.856, 0, 229.43 W, 28, 2032 MHz, 3996 MHz, 0 %, 0 %
2026/03/24 06:18:49.856, 1, 233.16 W, 30, 2032 MHz, 3996 MHz, 0 %, 0 %
2026/03/24 06:18:49.856, 2, 234.02 W, 27, 2032 MHz, 3996 MHz, 0 %, 0 %
2026/03/24 06:18:49.856, 3, 235.13 W, 30, 2032 MHz, 3996 MHz, 0 %, 0 %
2026/03/24 06:18:49.856, 4, 178.86 W, 25, 120 MHz, 3996 MHz, 0 %, 0 %
2026/03/24 06:18:49.856, 5, 180.58 W, 28, 120 MHz, 3996 MHz, 0 %, 0 %
2026/03/24 06:18:49.856, 6, 178.45 W, 26, 120 MHz, 3996 MHz, 0 %, 0 %
2026/03/24 06:18:49.856, 7, 176.58 W, 27, 120 MHz, 3996 MHz, 0 %, 0 %
2026/03/24 06:18:50.856, 0, 229.38 W, 28, 2032 MHz, 3996 MHz, 0 %, 0 %
2026/03/24 06:18:50.856, 1, 233.28 W, 30, 2032 MHz, 3996 MHz, 0 %, 0 %
2026/03/24 06:18:50.856, 2, 234.12 W, 27, 2032 MHz, 3996 MHz, 0 %, 0 %
2026/03/24 06:18:50.856, 3, 235.08 W, 30, 2032 MHz, 3996 MHz, 0 %, 0 %
2026/03/24 06:18:50.856, 4, 179.00 W, 25, 120 MHz, 3996 MHz, 0 %, 0 %
2026/03/24 06:18:50.856, 5, 180.58 W, 28, 120 MHz, 3996 MHz, 0 %, 0 %
2026/03/24 06:18:50.856, 6, 178.37 W, 26, 120 MHz, 3996 MHz, 0 %, 0 %
2026/03/24 06:18:50.856, 7, 176.58 W, 27, 120 MHz, 3996 MHz, 0 %, 0 %
2026/03/24 06:18:51.856, 0, 229.66 W, 28, 2032 MHz, 3996 MHz, 0 %, 0 %
2026/03/24 06:18:51.856, 1, 233.16 W, 30, 2032 MHz, 3996 MHz, 0 %, 0 %
2026/03/24 06:18:51.856, 2, 234.18 W, 27, 2032 MHz, 3996 MHz, 0 %, 0 %
2026/03/24 06:18:51.856, 3, 235.11 W, 30, 2032 MHz, 3996 MHz, 0 %, 0 %
2026/03/24 06:18:51.856, 4, 178.96 W, 25, 120 MHz, 3996 MHz, 0 %, 0 %
2026/03/24 06:18:51.856, 5, 180.58 W, 28, 120 MHz, 3996 MHz, 0 %, 0 %
2026/03/24 06:18:51.856, 6, 178.41 W, 26, 120 MHz, 3996 MHz, 0 %, 0 %
2026/03/24 06:18:51.856, 7, 176.58 W, 27, 120 MHz, 3996 MHz, 0 %, 0 %
2026/03/24 06:18:52.856, 0, 229.62 W, 28, 2032 MHz, 3996 MHz, 0 %, 0 %
2026/03/24 06:18:52.857, 1, 233.16 W, 30, 2032 MHz, 3996 MHz, 0 %, 0 %
2026/03/24 06:18:52.857, 2, 234.02 W, 27, 2032 MHz, 3996 MHz, 0 %, 0 %
2026/03/24 06:18:52.857, 3, 235.11 W, 30, 2032 MHz, 3996 MHz, 0 %, 0 %
2026/03/24 06:18:52.857, 4, 178.81 W, 25, 120 MHz, 3996 MHz, 0 %, 0 %
2026/03/24 06:18:52.857, 5, 180.58 W, 28, 120 MHz, 3996 MHz, 0 %, 0 %
2026/03/24 06:18:52.857, 6, 178.49 W, 26, 120 MHz, 3996 MHz, 0 %, 0 %
2026/03/24 06:18:52.857, 7, 176.58 W, 27, 120 MHz, 3996 MHz, 0 %, 0 %
2026/03/24 06:18:53.857, 0, 229.55 W, 28, 2032 MHz, 3996 MHz, 0 %, 0 %
2026/03/24 06:18:53.857, 1, 233.16 W, 30, 2032 MHz, 3996 MHz, 0 %, 0 %
2026/03/24 06:18:53.857, 2, 234.02 W, 27, 2032 MHz, 3996 MHz, 0 %, 0 %
2026/03/24 06:18:53.857, 3, 235.09 W, 30, 2032 MHz, 3996 MHz, 0 %, 0 %
2026/03/24 06:18:53.857, 4, 178.90 W, 25, 120 MHz, 3996 MHz, 0 %, 0 %
2026/03/24 06:18:53.857, 5, 180.58 W, 28, 120 MHz, 3996 MHz, 0 %, 0 %
2026/03/24 06:18:53.857, 6, 178.22 W, 26, 120 MHz, 3996 MHz, 0 %, 0 %
2026/03/24 06:18:53.857, 7, 176.58 W, 27, 120 MHz, 3996 MHz, 0 %, 0 %
2026/03/24 06:18:54.857, 0, 229.69 W, 28, 2032 MHz, 3996 MHz, 0 %, 0 %
2026/03/24 06:18:54.857, 1, 233.20 W, 30, 2032 MHz, 3996 MHz, 0 %, 0 %
2026/03/24 06:18:54.857, 2, 234.02 W, 27, 2032 MHz, 3996 MHz, 0 %, 0 %
2026/03/24 06:18:54.857, 3, 235.15 W, 30, 2032 MHz, 3996 MHz, 0 %, 0 %
2026/03/24 06:18:54.857, 4, 178.87 W, 25, 120 MHz, 3996 MHz, 0 %, 0 %
2026/03/24 06:18:54.857, 5, 180.58 W, 28, 120 MHz, 3996 MHz, 0 %, 0 %
2026/03/24 06:18:54.857, 6, 178.53 W, 26, 120 MHz, 3996 MHz, 0 %, 0 %
2026/03/24 06:18:54.857, 7, 176.58 W, 27, 120 MHz, 3996 MHz, 0 %, 0 %
2026/03/24 06:18:55.857, 0, 229.58 W, 28, 2032 MHz, 3996 MHz, 0 %, 0 %
2026/03/24 06:18:55.857, 1, 233.24 W, 30, 2032 MHz, 3996 MHz, 0 %, 0 %
2026/03/24 06:18:55.857, 2, 234.02 W, 27, 2032 MHz, 3996 MHz, 0 %, 0 %
2026/03/24 06:18:55.857, 3, 235.01 W, 30, 2032 MHz, 3996 MHz, 0 %, 0 %
2026/03/24 06:18:55.857, 4, 178.84 W, 25, 120 MHz, 3996 MHz, 0 %, 0 %
2026/03/24 06:18:55.857, 5, 180.58 W, 28, 120 MHz, 3996 MHz, 0 %, 0 %
2026/03/24 06:18:55.857, 6, 178.29 W, 26, 120 MHz, 3996 MHz, 0 %, 0 %
2026/03/24 06:18:55.857, 7, 176.58 W, 27, 120 MHz, 3996 MHz, 0 %, 0 %
2026/03/24 06:18:56.857, 0, 229.58 W, 28, 2032 MHz, 3996 MHz, 0 %, 0 %
2026/03/24 06:18:56.857, 1, 233.20 W, 30, 2032 MHz, 3996 MHz, 0 %, 0 %
2026/03/24 06:18:56.857, 2, 234.10 W, 27, 2032 MHz, 3996 MHz, 0 %, 0 %
2026/03/24 06:18:56.857, 3, 235.12 W, 30, 2032 MHz, 3996 MHz, 0 %, 0 %
2026/03/24 06:18:56.857, 4, 178.92 W, 25, 120 MHz, 3996 MHz, 0 %, 0 %
2026/03/24 06:18:56.857, 5, 180.58 W, 28, 120 MHz, 3996 MHz, 0 %, 0 %
2026/03/24 06:18:56.857, 6, 178.45 W, 26, 120 MHz, 3996 MHz, 0 %, 0 %
2026/03/24 06:18:56.857, 7, 176.58 W, 27, 120 MHz, 3996 MHz, 0 %, 0 %
2026/03/24 06:18:57.857, 0, 229.70 W, 28, 2032 MHz, 3996 MHz, 0 %, 0 %
2026/03/24 06:18:57.857, 1, 233.16 W, 30, 2032 MHz, 3996 MHz, 0 %, 0 %
2026/03/24 06:18:57.857, 2, 234.02 W, 27, 2032 MHz, 3996 MHz, 0 %, 0 %
2026/03/24 06:18:57.857, 3, 235.15 W, 30, 2032 MHz, 3996 MHz, 0 %, 0 %
2026/03/24 06:18:57.857, 4, 179.00 W, 25, 120 MHz, 3996 MHz, 0 %, 0 %
2026/03/24 06:18:57.857, 5, 180.58 W, 28, 120 MHz, 3996 MHz, 0 %, 0 %
2026/03/24 06:18:57.857, 6, 178.45 W, 26, 120 MHz, 3996 MHz, 0 %, 0 %
2026/03/24 06:18:57.857, 7, 176.58 W, 27, 120 MHz, 3996 MHz, 0 %, 0 %
2026/03/24 06:18:58.858, 0, 229.51 W, 28, 2032 MHz, 3996 MHz, 0 %, 0 %
2026/03/24 06:18:58.858, 1, 233.20 W, 30, 2032 MHz, 3996 MHz, 0 %, 0 %
2026/03/24 06:18:58.858, 2, 234.06 W, 27, 2032 MHz, 3996 MHz, 0 %, 0 %
2026/03/24 06:18:58.858, 3, 235.16 W, 30, 2032 MHz, 3996 MHz, 0 %, 0 %
2026/03/24 06:18:58.858, 4, 179.02 W, 25, 120 MHz, 3996 MHz, 0 %, 0 %
2026/03/24 06:18:58.858, 5, 180.58 W, 28, 120 MHz, 3996 MHz, 0 %, 0 %
2026/03/24 06:18:58.858, 6, 178.49 W, 26, 120 MHz, 3996 MHz, 0 %, 0 %
2026/03/24 06:18:58.858, 7, 176.58 W, 27, 120 MHz, 3996 MHz, 0 %, 0 %
2026/03/24 06:18:59.858, 0, 229.69 W, 28, 2032 MHz, 3996 MHz, 0 %, 0 %
2026/03/24 06:18:59.858, 1, 233.28 W, 30, 2032 MHz, 3996 MHz, 0 %, 0 %
2026/03/24 06:18:59.858, 2, 234.02 W, 27, 2032 MHz, 3996 MHz, 0 %, 0 %
2026/03/24 06:18:59.858, 3, 235.01 W, 30, 2032 MHz, 3996 MHz, 0 %, 0 %
2026/03/24 06:18:59.858, 4, 179.29 W, 25, 120 MHz, 3996 MHz, 0 %, 0 %
2026/03/24 06:18:59.858, 5, 180.58 W, 28, 120 MHz, 3996 MHz, 0 %, 0 %
2026/03/24 06:18:59.858, 6, 178.37 W, 26, 120 MHz, 3996 MHz, 0 %, 0 %
2026/03/24 06:18:59.858, 7, 176.58 W, 27, 120 MHz, 3996 MHz, 0 %, 0 %
2026/03/24 06:19:00.858, 0, 229.62 W, 28, 2032 MHz, 3996 MHz, 0 %, 0 %
2026/03/24 06:19:00.858, 1, 233.20 W, 30, 2032 MHz, 3996 MHz, 0 %, 0 %
2026/03/24 06:19:00.858, 2, 234.02 W, 27, 2032 MHz, 3996 MHz, 0 %, 0 %
2026/03/24 06:19:00.858, 3, 235.12 W, 30, 2032 MHz, 3996 MHz, 0 %, 0 %
2026/03/24 06:19:00.858, 4, 178.90 W, 25, 120 MHz, 3996 MHz, 0 %, 0 %
2026/03/24 06:19:00.858, 5, 180.58 W, 28, 120 MHz, 3996 MHz, 0 %, 0 %
2026/03/24 06:19:00.858, 6, 178.45 W, 26, 120 MHz, 3996 MHz, 0 %, 0 %
2026/03/24 06:19:00.858, 7, 176.58 W, 27, 120 MHz, 3996 MHz, 0 %, 0 %
2026/03/24 06:19:01.858, 0, 229.42 W, 28, 2032 MHz, 3996 MHz, 0 %, 0 %
2026/03/24 06:19:01.858, 1, 233.21 W, 30, 2032 MHz, 3996 MHz, 0 %, 0 %
2026/03/24 06:19:01.858, 2, 234.06 W, 27, 2032 MHz, 3996 MHz, 0 %, 0 %
2026/03/24 06:19:01.858, 3, 235.13 W, 30, 2032 MHz, 3996 MHz, 0 %, 0 %
2026/03/24 06:19:01.858, 4, 178.76 W, 25, 120 MHz, 3996 MHz, 0 %, 0 %
2026/03/24 06:19:01.858, 5, 180.58 W, 28, 120 MHz, 3996 MHz, 0 %, 0 %
2026/03/24 06:19:01.858, 6, 178.34 W, 26, 120 MHz, 3996 MHz, 0 %, 0 %
2026/03/24 06:19:01.858, 7, 176.58 W, 27, 120 MHz, 3996 MHz, 0 %, 0 %
2026/03/24 06:19:02.858, 0, 229.59 W, 28, 2032 MHz, 3996 MHz, 0 %, 0 %
2026/03/24 06:19:02.858, 1, 233.20 W, 30, 2032 MHz, 3996 MHz, 0 %, 0 %
2026/03/24 06:19:02.858, 2, 234.02 W, 27, 2032 MHz, 3996 MHz, 0 %, 0 %
2026/03/24 06:19:02.858, 3, 235.03 W, 30, 2032 MHz, 3996 MHz, 0 %, 0 %
2026/03/24 06:19:02.858, 4, 179.11 W, 25, 120 MHz, 3996 MHz, 0 %, 0 %
2026/03/24 06:19:02.858, 5, 180.58 W, 28, 120 MHz, 3996 MHz, 0 %, 0 %
2026/03/24 06:19:02.858, 6, 178.45 W, 26, 120 MHz, 3996 MHz, 0 %, 0 %
2026/03/24 06:19:02.858, 7, 176.58 W, 27, 120 MHz, 3996 MHz, 0 %, 0 %
2026/03/24 06:19:03.858, 0, 229.62 W, 28, 2032 MHz, 3996 MHz, 0 %, 0 %
2026/03/24 06:19:03.858, 1, 233.16 W, 30, 2032 MHz, 3996 MHz, 0 %, 0 %
2026/03/24 06:19:03.858, 2, 234.09 W, 27, 2032 MHz, 3996 MHz, 0 %, 0 %
2026/03/24 06:19:03.858, 3, 235.09 W, 30, 2032 MHz, 3996 MHz, 0 %, 0 %
2026/03/24 06:19:03.858, 4, 178.99 W, 25, 120 MHz, 3996 MHz, 0 %, 0 %
2026/03/24 06:19:03.858, 5, 180.58 W, 28, 120 MHz, 3996 MHz, 0 %, 0 %
2026/03/24 06:19:03.858, 6, 178.41 W, 26, 120 MHz, 3996 MHz, 0 %, 0 %
2026/03/24 06:19:03.858, 7, 176.58 W, 27, 120 MHz, 3996 MHz, 0 %, 0 %
2026/03/24 06:19:04.859, 0, 229.55 W, 28, 2032 MHz, 3996 MHz, 0 %, 0 %
2026/03/24 06:19:04.859, 1, 233.24 W, 30, 2032 MHz, 3996 MHz, 0 %, 0 %
2026/03/24 06:19:04.859, 2, 234.01 W, 27, 2032 MHz, 3996 MHz, 0 %, 0 %
2026/03/24 06:19:04.859, 3, 235.15 W, 30, 2032 MHz, 3996 MHz, 0 %, 0 %
2026/03/24 06:19:04.859, 4, 179.00 W, 26, 120 MHz, 3996 MHz, 0 %, 0 %
2026/03/24 06:19:04.859, 5, 180.58 W, 28, 120 MHz, 3996 MHz, 0 %, 0 %
2026/03/24 06:19:04.859, 6, 178.41 W, 26, 120 MHz, 3996 MHz, 0 %, 0 %
2026/03/24 06:19:04.859, 7, 176.58 W, 27, 120 MHz, 3996 MHz, 0 %, 0 %
2026/03/24 06:19:05.859, 0, 229.43 W, 28, 2032 MHz, 3996 MHz, 0 %, 0 %
2026/03/24 06:19:05.859, 1, 233.16 W, 30, 2032 MHz, 3996 MHz, 0 %, 0 %
2026/03/24 06:19:05.859, 2, 234.02 W, 27, 2032 MHz, 3996 MHz, 0 %, 0 %
2026/03/24 06:19:05.859, 3, 235.16 W, 30, 2032 MHz, 3996 MHz, 0 %, 0 %
2026/03/24 06:19:05.859, 4, 179.10 W, 26, 120 MHz, 3996 MHz, 0 %, 0 %
2026/03/24 06:19:05.859, 5, 180.58 W, 28, 120 MHz, 3996 MHz, 0 %, 0 %
2026/03/24 06:19:05.859, 6, 178.29 W, 26, 120 MHz, 3996 MHz, 0 %, 0 %
2026/03/24 06:19:05.859, 7, 176.58 W, 27, 120 MHz, 3996 MHz, 0 %, 0 %
2026/03/24 06:19:06.859, 0, 229.46 W, 28, 2032 MHz, 3996 MHz, 0 %, 0 %
2026/03/24 06:19:06.859, 1, 233.20 W, 30, 2032 MHz, 3996 MHz, 0 %, 0 %
2026/03/24 06:19:06.859, 2, 234.01 W, 27, 2032 MHz, 3996 MHz, 0 %, 0 %
2026/03/24 06:19:06.859, 3, 235.07 W, 30, 2032 MHz, 3996 MHz, 0 %, 0 %
2026/03/24 06:19:06.859, 4, 179.08 W, 25, 120 MHz, 3996 MHz, 0 %, 0 %
2026/03/24 06:19:06.859, 5, 180.58 W, 28, 120 MHz, 3996 MHz, 0 %, 0 %
2026/03/24 06:19:06.859, 6, 178.38 W, 26, 120 MHz, 3996 MHz, 0 %, 0 %
2026/03/24 06:19:06.859, 7, 176.58 W, 27, 120 MHz, 3996 MHz, 0 %, 0 %
2026/03/24 06:19:07.859, 0, 229.65 W, 28, 2032 MHz, 3996 MHz, 0 %, 0 %
2026/03/24 06:19:07.859, 1, 233.17 W, 30, 2032 MHz, 3996 MHz, 0 %, 0 %
2026/03/24 06:19:07.859, 2, 234.04 W, 27, 2032 MHz, 3996 MHz, 0 %, 0 %
2026/03/24 06:19:07.859, 3, 235.10 W, 30, 2032 MHz, 3996 MHz, 0 %, 0 %
2026/03/24 06:19:07.859, 4, 178.99 W, 25, 120 MHz, 3996 MHz, 0 %, 0 %
2026/03/24 06:19:07.859, 5, 180.58 W, 28, 120 MHz, 3996 MHz, 0 %, 0 %
2026/03/24 06:19:07.859, 6, 178.33 W, 26, 120 MHz, 3996 MHz, 0 %, 0 %
2026/03/24 06:19:07.859, 7, 176.58 W, 27, 120 MHz, 3996 MHz, 0 %, 0 %
2026/03/24 06:19:08.859, 0, 229.66 W, 28, 2032 MHz, 3996 MHz, 0 %, 0 %
2026/03/24 06:19:08.859, 1, 233.16 W, 30, 2032 MHz, 3996 MHz, 0 %, 0 %
2026/03/24 06:19:08.859, 2, 234.01 W, 27, 2032 MHz, 3996 MHz, 0 %, 0 %
2026/03/24 06:19:08.859, 3, 234.92 W, 30, 2032 MHz, 3996 MHz, 0 %, 0 %
2026/03/24 06:19:08.859, 4, 178.75 W, 26, 120 MHz, 3996 MHz, 0 %, 0 %
2026/03/24 06:19:08.859, 5, 180.58 W, 28, 120 MHz, 3996 MHz, 0 %, 0 %
2026/03/24 06:19:08.859, 6, 178.49 W, 26, 120 MHz, 3996 MHz, 0 %, 0 %
2026/03/24 06:19:08.859, 7, 176.59 W, 27, 120 MHz, 3996 MHz, 0 %, 0 %
2026/03/24 06:19:09.860, 0, 229.46 W, 28, 2032 MHz, 3996 MHz, 0 %, 0 %
2026/03/24 06:19:09.860, 1, 233.28 W, 30, 2032 MHz, 3996 MHz, 0 %, 0 %
2026/03/24 06:19:09.860, 2, 234.05 W, 27, 2032 MHz, 3996 MHz, 0 %, 0 %
2026/03/24 06:19:09.860, 3, 235.07 W, 30, 2032 MHz, 3996 MHz, 0 %, 0 %
2026/03/24 06:19:09.860, 4, 178.77 W, 25, 120 MHz, 3996 MHz, 0 %, 0 %
2026/03/24 06:19:09.860, 5, 180.58 W, 28, 120 MHz, 3996 MHz, 0 %, 0 %
2026/03/24 06:19:09.860, 6, 178.53 W, 26, 120 MHz, 3996 MHz, 0 %, 0 %
2026/03/24 06:19:09.860, 7, 176.58 W, 27, 120 MHz, 3996 MHz, 0 %, 0 %
2026/03/24 06:19:10.860, 0, 229.43 W, 28, 2032 MHz, 3996 MHz, 0 %, 0 %
2026/03/24 06:19:10.860, 1, 233.16 W, 30, 2032 MHz, 3996 MHz, 0 %, 0 %
2026/03/24 06:19:10.860, 2, 234.01 W, 27, 2032 MHz, 3996 MHz, 0 %, 0 %
2026/03/24 06:19:10.860, 3, 235.13 W, 30, 2032 MHz, 3996 MHz, 0 %, 0 %
2026/03/24 06:19:10.860, 4, 179.07 W, 25, 120 MHz, 3996 MHz, 0 %, 0 %
2026/03/24 06:19:10.860, 5, 180.58 W, 28, 120 MHz, 3996 MHz, 0 %, 0 %
2026/03/24 06:19:10.860, 6, 178.53 W, 26, 120 MHz, 3996 MHz, 0 %, 0 %
2026/03/24 06:19:10.860, 7, 176.58 W, 27, 120 MHz, 3996 MHz, 0 %, 0 %
2026/03/24 06:19:11.860, 0, 229.42 W, 28, 2032 MHz, 3996 MHz, 0 %, 0 %
2026/03/24 06:19:11.860, 1, 233.16 W, 30, 2032 MHz, 3996 MHz, 0 %, 0 %
2026/03/24 06:19:11.860, 2, 234.01 W, 27, 2032 MHz, 3996 MHz, 0 %, 0 %
2026/03/24 06:19:11.860, 3, 235.10 W, 30, 2032 MHz, 3996 MHz, 0 %, 0 %
2026/03/24 06:19:11.860, 4, 179.37 W, 25, 120 MHz, 3996 MHz, 0 %, 0 %
2026/03/24 06:19:11.860, 5, 180.58 W, 28, 120 MHz, 3996 MHz, 0 %, 0 %
2026/03/24 06:19:11.860, 6, 178.52 W, 26, 120 MHz, 3996 MHz, 0 %, 0 %
2026/03/24 06:19:11.860, 7, 176.58 W, 27, 120 MHz, 3996 MHz, 0 %, 0 %
2026/03/24 06:19:12.861, 0, 229.24 W, 28, 2032 MHz, 3996 MHz, 0 %, 0 %
2026/03/24 06:19:12.861, 1, 233.16 W, 30, 2032 MHz, 3996 MHz, 0 %, 0 %
2026/03/24 06:19:12.861, 2, 234.09 W, 27, 2032 MHz, 3996 MHz, 0 %, 0 %
2026/03/24 06:19:12.861, 3, 235.17 W, 30, 2032 MHz, 3996 MHz, 0 %, 0 %
2026/03/24 06:19:12.861, 4, 178.75 W, 25, 120 MHz, 3996 MHz, 0 %, 0 %
2026/03/24 06:19:12.861, 5, 180.58 W, 28, 120 MHz, 3996 MHz, 0 %, 0 %
2026/03/24 06:19:12.861, 6, 178.64 W, 26, 120 MHz, 3996 MHz, 0 %, 0 %
2026/03/24 06:19:12.861, 7, 176.59 W, 27, 120 MHz, 3996 MHz, 0 %, 0 %
2026/03/24 06:19:13.861, 0, 229.34 W, 28, 2032 MHz, 3996 MHz, 0 %, 0 %
2026/03/24 06:19:13.861, 1, 233.16 W, 30, 2032 MHz, 3996 MHz, 0 %, 0 %
2026/03/24 06:19:13.861, 2, 234.12 W, 27, 2032 MHz, 3996 MHz, 0 %, 0 %
2026/03/24 06:19:13.861, 3, 235.13 W, 30, 2032 MHz, 3996 MHz, 0 %, 0 %
2026/03/24 06:19:13.861, 4, 178.97 W, 25, 120 MHz, 3996 MHz, 0 %, 0 %
2026/03/24 06:19:13.861, 5, 180.58 W, 28, 120 MHz, 3996 MHz, 0 %, 0 %
2026/03/24 06:19:13.861, 6, 178.41 W, 26, 120 MHz, 3996 MHz, 0 %, 0 %
2026/03/24 06:19:13.861, 7, 176.58 W, 27, 120 MHz, 3996 MHz, 0 %, 0 %
2026/03/24 06:19:14.861, 0, 229.65 W, 28, 2032 MHz, 3996 MHz, 0 %, 0 %
2026/03/24 06:19:14.861, 1, 233.16 W, 30, 2032 MHz, 3996 MHz, 0 %, 0 %
2026/03/24 06:19:14.861, 2, 234.01 W, 27, 2032 MHz, 3996 MHz, 0 %, 0 %
2026/03/24 06:19:14.861, 3, 235.09 W, 30, 2032 MHz, 3996 MHz, 0 %, 0 %
2026/03/24 06:19:14.861, 4, 178.85 W, 25, 120 MHz, 3996 MHz, 0 %, 0 %
2026/03/24 06:19:14.861, 5, 180.58 W, 28, 120 MHz, 3996 MHz, 0 %, 0 %
2026/03/24 06:19:14.861, 6, 178.45 W, 26, 120 MHz, 3996 MHz, 0 %, 0 %
2026/03/24 06:19:14.861, 7, 176.58 W, 27, 120 MHz, 3996 MHz, 0 %, 0 %
2026/03/24 06:19:15.862, 0, 229.43 W, 27, 2032 MHz, 3996 MHz, 0 %, 0 %
2026/03/24 06:19:15.862, 1, 233.16 W, 30, 2032 MHz, 3996 MHz, 0 %, 0 %
2026/03/24 06:19:15.862, 2, 234.00 W, 27, 2032 MHz, 3996 MHz, 0 %, 0 %
2026/03/24 06:19:15.862, 3, 235.13 W, 30, 2032 MHz, 3996 MHz, 0 %, 0 %
2026/03/24 06:19:15.862, 4, 178.95 W, 25, 120 MHz, 3996 MHz, 0 %, 0 %
2026/03/24 06:19:15.862, 5, 180.58 W, 28, 120 MHz, 3996 MHz, 0 %, 0 %
2026/03/24 06:19:15.862, 6, 178.29 W, 26, 120 MHz, 3996 MHz, 0 %, 0 %
2026/03/24 06:19:15.862, 7, 176.59 W, 27, 120 MHz, 3996 MHz, 0 %, 0 %
2026/03/24 06:19:16.862, 0, 229.55 W, 27, 2032 MHz, 3996 MHz, 0 %, 0 %
2026/03/24 06:19:16.862, 1, 233.16 W, 30, 2032 MHz, 3996 MHz, 0 %, 0 %
2026/03/24 06:19:16.862, 2, 234.08 W, 27, 2032 MHz, 3996 MHz, 0 %, 0 %
2026/03/24 06:19:16.862, 3, 234.97 W, 30, 2032 MHz, 3996 MHz, 0 %, 0 %
2026/03/24 06:19:16.862, 4, 179.17 W, 25, 120 MHz, 3996 MHz, 0 %, 0 %
2026/03/24 06:19:16.862, 5, 180.58 W, 28, 120 MHz, 3996 MHz, 0 %, 0 %
2026/03/24 06:19:16.862, 6, 178.49 W, 26, 120 MHz, 3996 MHz, 0 %, 0 %
2026/03/24 06:19:16.862, 7, 176.58 W, 27, 120 MHz, 3996 MHz, 0 %, 0 %
2026/03/24 06:19:17.862, 0, 229.43 W, 27, 2032 MHz, 3996 MHz, 0 %, 0 %
2026/03/24 06:19:17.862, 1, 233.16 W, 30, 2032 MHz, 3996 MHz, 0 %, 0 %
2026/03/24 06:19:17.862, 2, 234.01 W, 27, 2032 MHz, 3996 MHz, 0 %, 0 %
2026/03/24 06:19:17.862, 3, 234.95 W, 30, 2032 MHz, 3996 MHz, 0 %, 0 %
2026/03/24 06:19:17.862, 4, 179.09 W, 25, 120 MHz, 3996 MHz, 0 %, 0 %
2026/03/24 06:19:17.862, 5, 180.58 W, 28, 120 MHz, 3996 MHz, 0 %, 0 %
2026/03/24 06:19:17.862, 6, 178.41 W, 26, 120 MHz, 3996 MHz, 0 %, 0 %
2026/03/24 06:19:17.862, 7, 176.59 W, 27, 120 MHz, 3996 MHz, 0 %, 0 %
2026/03/24 06:19:18.862, 0, 229.27 W, 27, 2032 MHz, 3996 MHz, 0 %, 0 %
2026/03/24 06:19:18.862, 1, 233.20 W, 30, 2032 MHz, 3996 MHz, 0 %, 0 %
2026/03/24 06:19:18.862, 2, 234.00 W, 27, 2032 MHz, 3996 MHz, 0 %, 0 %
2026/03/24 06:19:18.862, 3, 235.12 W, 30, 2032 MHz, 3996 MHz, 0 %, 0 %
2026/03/24 06:19:18.862, 4, 179.20 W, 26, 120 MHz, 3996 MHz, 0 %, 0 %
2026/03/24 06:19:18.862, 5, 180.58 W, 28, 120 MHz, 3996 MHz, 0 %, 0 %
2026/03/24 06:19:18.862, 6, 178.41 W, 26, 120 MHz, 3996 MHz, 0 %, 0 %
2026/03/24 06:19:18.862, 7, 176.59 W, 27, 120 MHz, 3996 MHz, 0 %, 0 %
2026/03/24 06:19:19.862, 0, 229.40 W, 27, 2032 MHz, 3996 MHz, 0 %, 0 %
2026/03/24 06:19:19.862, 1, 233.16 W, 30, 2032 MHz, 3996 MHz, 0 %, 0 %
2026/03/24 06:19:19.862, 2, 234.01 W, 27, 2032 MHz, 3996 MHz, 0 %, 0 %
2026/03/24 06:19:19.862, 3, 235.07 W, 30, 2032 MHz, 3996 MHz, 0 %, 0 %
2026/03/24 06:19:19.862, 4, 179.04 W, 25, 120 MHz, 3996 MHz, 0 %, 0 %
2026/03/24 06:19:19.862, 5, 180.58 W, 28, 120 MHz, 3996 MHz, 0 %, 0 %
2026/03/24 06:19:19.862, 6, 178.45 W, 26, 120 MHz, 3996 MHz, 0 %, 0 %
2026/03/24 06:19:19.862, 7, 176.58 W, 27, 120 MHz, 3996 MHz, 0 %, 0 %
2026/03/24 06:19:20.862, 0, 229.47 W, 27, 2032 MHz, 3996 MHz, 0 %, 0 %
2026/03/24 06:19:20.862, 1, 233.20 W, 30, 2032 MHz, 3996 MHz, 0 %, 0 %
2026/03/24 06:19:20.862, 2, 234.26 W, 27, 2032 MHz, 3996 MHz, 0 %, 0 %
2026/03/24 06:19:20.862, 3, 235.04 W, 30, 2032 MHz, 3996 MHz, 0 %, 0 %
2026/03/24 06:19:20.862, 4, 178.93 W, 25, 120 MHz, 3996 MHz, 0 %, 0 %
2026/03/24 06:19:20.862, 5, 180.58 W, 28, 120 MHz, 3996 MHz, 0 %, 0 %
2026/03/24 06:19:20.862, 6, 178.30 W, 26, 120 MHz, 3996 MHz, 0 %, 0 %
2026/03/24 06:19:20.862, 7, 176.58 W, 27, 120 MHz, 3996 MHz, 0 %, 0 %
2026/03/24 06:19:21.863, 0, 229.54 W, 27, 2032 MHz, 3996 MHz, 0 %, 0 %
2026/03/24 06:19:21.863, 1, 233.16 W, 30, 2032 MHz, 3996 MHz, 0 %, 0 %
2026/03/24 06:19:21.863, 2, 234.00 W, 27, 2032 MHz, 3996 MHz, 0 %, 0 %
2026/03/24 06:19:21.863, 3, 235.10 W, 30, 2032 MHz, 3996 MHz, 0 %, 0 %
2026/03/24 06:19:21.863, 4, 179.07 W, 26, 120 MHz, 3996 MHz, 0 %, 0 %
2026/03/24 06:19:21.863, 5, 180.58 W, 28, 120 MHz, 3996 MHz, 0 %, 0 %
2026/03/24 06:19:21.863, 6, 178.21 W, 26, 120 MHz, 3996 MHz, 0 %, 0 %
2026/03/24 06:19:21.863, 7, 176.58 W, 27, 120 MHz, 3996 MHz, 0 %, 0 %
2026/03/24 06:19:22.863, 0, 229.51 W, 27, 2032 MHz, 3996 MHz, 0 %, 0 %
2026/03/24 06:19:22.863, 1, 233.16 W, 30, 2032 MHz, 3996 MHz, 0 %, 0 %
2026/03/24 06:19:22.863, 2, 234.08 W, 27, 2032 MHz, 3996 MHz, 0 %, 0 %
2026/03/24 06:19:22.863, 3, 235.00 W, 30, 2032 MHz, 3996 MHz, 0 %, 0 %
2026/03/24 06:19:22.863, 4, 178.92 W, 26, 120 MHz, 3996 MHz, 0 %, 0 %
2026/03/24 06:19:22.863, 5, 180.58 W, 28, 120 MHz, 3996 MHz, 0 %, 0 %
2026/03/24 06:19:22.863, 6, 178.22 W, 26, 120 MHz, 3996 MHz, 0 %, 0 %
2026/03/24 06:19:22.863, 7, 176.58 W, 27, 120 MHz, 3996 MHz, 0 %, 0 %
2026/03/24 06:19:23.863, 0, 229.50 W, 27, 2032 MHz, 3996 MHz, 0 %, 0 %
2026/03/24 06:19:23.863, 1, 233.20 W, 30, 2032 MHz, 3996 MHz, 0 %, 0 %
2026/03/24 06:19:23.863, 2, 234.04 W, 27, 2032 MHz, 3996 MHz, 0 %, 0 %
2026/03/24 06:19:23.863, 3, 235.17 W, 30, 2032 MHz, 3996 MHz, 0 %, 0 %
2026/03/24 06:19:23.863, 4, 178.95 W, 26, 120 MHz, 3996 MHz, 0 %, 0 %
2026/03/24 06:19:23.863, 5, 180.58 W, 28, 120 MHz, 3996 MHz, 0 %, 0 %
2026/03/24 06:19:23.863, 6, 178.33 W, 26, 120 MHz, 3996 MHz, 0 %, 0 %
2026/03/24 06:19:23.863, 7, 176.58 W, 27, 120 MHz, 3996 MHz, 0 %, 0 %
2026/03/24 06:19:24.863, 0, 229.38 W, 27, 2032 MHz, 3996 MHz, 0 %, 0 %
2026/03/24 06:19:24.863, 1, 233.20 W, 30, 2032 MHz, 3996 MHz, 0 %, 0 %
2026/03/24 06:19:24.863, 2, 233.98 W, 27, 2032 MHz, 3996 MHz, 0 %, 0 %
2026/03/24 06:19:24.863, 3, 235.04 W, 30, 2032 MHz, 3996 MHz, 0 %, 0 %
2026/03/24 06:19:24.863, 4, 179.14 W, 26, 120 MHz, 3996 MHz, 0 %, 0 %
2026/03/24 06:19:24.863, 5, 180.58 W, 28, 120 MHz, 3996 MHz, 0 %, 0 %
2026/03/24 06:19:24.863, 6, 178.52 W, 26, 120 MHz, 3996 MHz, 0 %, 0 %
2026/03/24 06:19:24.863, 7, 176.58 W, 27, 120 MHz, 3996 MHz, 0 %, 0 %
2026/03/24 06:19:25.863, 0, 229.51 W, 27, 2032 MHz, 3996 MHz, 0 %, 0 %
2026/03/24 06:19:25.863, 1, 233.16 W, 30, 2032 MHz, 3996 MHz, 0 %, 0 %
2026/03/24 06:19:25.863, 2, 233.99 W, 27, 2032 MHz, 3996 MHz, 0 %, 0 %
2026/03/24 06:19:25.863, 3, 234.94 W, 30, 2032 MHz, 3996 MHz, 0 %, 0 %
2026/03/24 06:19:25.863, 4, 179.35 W, 26, 120 MHz, 3996 MHz, 0 %, 0 %
2026/03/24 06:19:25.863, 5, 180.58 W, 28, 120 MHz, 3996 MHz, 0 %, 0 %
2026/03/24 06:19:25.863, 6, 178.49 W, 26, 120 MHz, 3996 MHz, 0 %, 0 %
2026/03/24 06:19:25.863, 7, 176.58 W, 27, 120 MHz, 3996 MHz, 0 %, 0 %
2026/03/24 06:19:26.863, 0, 229.58 W, 27, 2032 MHz, 3996 MHz, 0 %, 0 %
2026/03/24 06:19:26.863, 1, 233.16 W, 30, 2032 MHz, 3996 MHz, 0 %, 0 %
2026/03/24 06:19:26.863, 2, 234.00 W, 27, 2032 MHz, 3996 MHz, 0 %, 0 %
2026/03/24 06:19:26.863, 3, 234.98 W, 30, 2032 MHz, 3996 MHz, 0 %, 0 %
2026/03/24 06:19:26.863, 4, 178.92 W, 26, 120 MHz, 3996 MHz, 0 %, 0 %
2026/03/24 06:19:26.863, 5, 180.58 W, 28, 120 MHz, 3996 MHz, 0 %, 0 %
2026/03/24 06:19:26.863, 6, 178.49 W, 26, 120 MHz, 3996 MHz, 0 %, 0 %
2026/03/24 06:19:26.863, 7, 176.58 W, 27, 120 MHz, 3996 MHz, 0 %, 0 %
2026/03/24 06:19:27.863, 0, 229.54 W, 27, 2032 MHz, 3996 MHz, 0 %, 0 %
2026/03/24 06:19:27.863, 1, 233.20 W, 30, 2032 MHz, 3996 MHz, 0 %, 0 %
2026/03/24 06:19:27.864, 2, 234.00 W, 27, 2032 MHz, 3996 MHz, 0 %, 0 %
2026/03/24 06:19:27.864, 3, 235.06 W, 30, 2032 MHz, 3996 MHz, 0 %, 0 %
2026/03/24 06:19:27.864, 4, 179.29 W, 26, 120 MHz, 3996 MHz, 0 %, 0 %
2026/03/24 06:19:27.864, 5, 180.58 W, 28, 120 MHz, 3996 MHz, 0 %, 0 %
2026/03/24 06:19:27.864, 6, 178.60 W, 26, 120 MHz, 3996 MHz, 0 %, 0 %
2026/03/24 06:19:27.864, 7, 176.58 W, 27, 120 MHz, 3996 MHz, 0 %, 0 %
2026/03/24 06:19:28.864, 0, 292.95 W, 28, 2032 MHz, 3996 MHz, 0 %, 0 %
2026/03/24 06:19:28.864, 1, 298.78 W, 31, 2032 MHz, 3996 MHz, 1 %, 1 %
2026/03/24 06:19:28.864, 2, 300.30 W, 28, 2032 MHz, 3996 MHz, 70 %, 62 %
2026/03/24 06:19:28.864, 3, 299.43 W, 31, 2032 MHz, 3996 MHz, 0 %, 0 %
2026/03/24 06:19:28.864, 4, 179.04 W, 26, 120 MHz, 3996 MHz, 0 %, 0 %
2026/03/24 06:19:28.864, 5, 180.58 W, 28, 120 MHz, 3996 MHz, 0 %, 0 %
2026/03/24 06:19:28.864, 6, 178.41 W, 26, 120 MHz, 3996 MHz, 0 %, 0 %
2026/03/24 06:19:28.864, 7, 176.58 W, 27, 120 MHz, 3996 MHz, 0 %, 0 %
2026/03/24 06:19:29.864, 0, 228.75 W, 28, 2032 MHz, 3996 MHz, 0 %, 0 %
2026/03/24 06:19:29.864, 1, 233.16 W, 30, 2032 MHz, 3996 MHz, 0 %, 0 %
2026/03/24 06:19:29.864, 2, 234.01 W, 27, 2032 MHz, 3996 MHz, 0 %, 0 %
2026/03/24 06:19:29.864, 3, 234.58 W, 30, 2032 MHz, 3996 MHz, 0 %, 0 %
2026/03/24 06:19:29.864, 4, 179.08 W, 26, 120 MHz, 3996 MHz, 0 %, 0 %
2026/03/24 06:19:29.864, 5, 180.58 W, 28, 120 MHz, 3996 MHz, 0 %, 0 %
2026/03/24 06:19:29.864, 6, 178.45 W, 26, 120 MHz, 3996 MHz, 0 %, 0 %
2026/03/24 06:19:29.864, 7, 176.58 W, 27, 120 MHz, 3996 MHz, 0 %, 0 %
2026/03/24 06:19:30.864, 0, 228.45 W, 28, 2032 MHz, 3996 MHz, 0 %, 0 %
2026/03/24 06:19:30.864, 1, 233.16 W, 30, 2032 MHz, 3996 MHz, 0 %, 0 %
2026/03/24 06:19:30.864, 2, 234.02 W, 27, 2032 MHz, 3996 MHz, 0 %, 0 %
2026/03/24 06:19:30.864, 3, 234.24 W, 30, 2032 MHz, 3996 MHz, 0 %, 0 %
2026/03/24 06:19:30.864, 4, 178.81 W, 26, 120 MHz, 3996 MHz, 0 %, 0 %
2026/03/24 06:19:30.864, 5, 180.58 W, 28, 120 MHz, 3996 MHz, 0 %, 0 %
2026/03/24 06:19:30.864, 6, 178.45 W, 26, 120 MHz, 3996 MHz, 0 %, 0 %
2026/03/24 06:19:30.864, 7, 176.59 W, 27, 120 MHz, 3996 MHz, 0 %, 0 %
2026/03/24 06:19:31.864, 0, 228.45 W, 28, 2032 MHz, 3996 MHz, 0 %, 0 %
2026/03/24 06:19:31.864, 1, 233.16 W, 30, 2032 MHz, 3996 MHz, 0 %, 0 %
2026/03/24 06:19:31.864, 2, 234.01 W, 27, 2032 MHz, 3996 MHz, 0 %, 0 %
2026/03/24 06:19:31.864, 3, 233.91 W, 30, 2032 MHz, 3996 MHz, 0 %, 0 %
2026/03/24 06:19:31.864, 4, 179.04 W, 26, 120 MHz, 3996 MHz, 0 %, 0 %
2026/03/24 06:19:31.864, 5, 180.58 W, 28, 120 MHz, 3996 MHz, 0 %, 0 %
2026/03/24 06:19:31.864, 6, 178.38 W, 26, 120 MHz, 3996 MHz, 0 %, 0 %
2026/03/24 06:19:31.864, 7, 176.58 W, 27, 120 MHz, 3996 MHz, 0 %, 0 %
2026/03/24 06:19:32.864, 0, 228.68 W, 28, 2032 MHz, 3996 MHz, 0 %, 0 %
2026/03/24 06:19:32.864, 1, 233.28 W, 30, 2032 MHz, 3996 MHz, 0 %, 0 %
2026/03/24 06:19:32.864, 2, 234.03 W, 27, 2032 MHz, 3996 MHz, 0 %, 0 %
2026/03/24 06:19:32.864, 3, 234.23 W, 30, 2032 MHz, 3996 MHz, 0 %, 0 %
2026/03/24 06:19:32.864, 4, 178.77 W, 26, 120 MHz, 3996 MHz, 0 %, 0 %
2026/03/24 06:19:32.864, 5, 180.58 W, 28, 120 MHz, 3996 MHz, 0 %, 0 %
2026/03/24 06:19:32.864, 6, 178.41 W, 26, 120 MHz, 3996 MHz, 0 %, 0 %
2026/03/24 06:19:32.864, 7, 176.58 W, 27, 120 MHz, 3996 MHz, 0 %, 0 %
2026/03/24 06:19:33.864, 0, 233.81 W, 28, 2032 MHz, 3996 MHz, 0 %, 0 %
2026/03/24 06:19:33.865, 1, 237.38 W, 30, 2032 MHz, 3996 MHz, 12 %, 9 %
2026/03/24 06:19:33.865, 2, 239.28 W, 27, 2032 MHz, 3996 MHz, 13 %, 9 %
2026/03/24 06:19:33.865, 3, 239.14 W, 30, 2032 MHz, 3996 MHz, 13 %, 9 %
2026/03/24 06:19:33.865, 4, 178.96 W, 26, 120 MHz, 3996 MHz, 0 %, 0 %
2026/03/24 06:19:33.865, 5, 180.58 W, 28, 120 MHz, 3996 MHz, 0 %, 0 %
2026/03/24 06:19:33.865, 6, 178.29 W, 26, 120 MHz, 3996 MHz, 0 %, 0 %
2026/03/24 06:19:33.865, 7, 176.58 W, 27, 120 MHz, 3996 MHz, 0 %, 0 %
2026/03/24 06:19:34.865, 0, 228.18 W, 27, 2032 MHz, 3996 MHz, 0 %, 0 %
2026/03/24 06:19:34.865, 1, 233.16 W, 30, 2032 MHz, 3996 MHz, 0 %, 0 %
2026/03/24 06:19:34.865, 2, 234.00 W, 27, 2032 MHz, 3996 MHz, 0 %, 0 %
2026/03/24 06:19:34.865, 3, 234.03 W, 30, 2032 MHz, 3996 MHz, 0 %, 0 %
2026/03/24 06:19:34.865, 4, 179.06 W, 26, 120 MHz, 3996 MHz, 0 %, 0 %
2026/03/24 06:19:34.865, 5, 180.58 W, 28, 120 MHz, 3996 MHz, 0 %, 0 %
2026/03/24 06:19:34.865, 6, 178.41 W, 26, 120 MHz, 3996 MHz, 0 %, 0 %
2026/03/24 06:19:34.865, 7, 176.59 W, 27, 120 MHz, 3996 MHz, 0 %, 0 %
2026/03/24 06:19:35.865, 0, 228.29 W, 28, 2032 MHz, 3996 MHz, 0 %, 0 %
2026/03/24 06:19:35.865, 1, 247.56 W, 30, 2032 MHz, 3996 MHz, 0 %, 0 %
2026/03/24 06:19:35.865, 2, 246.68 W, 28, 2032 MHz, 3996 MHz, 0 %, 0 %
2026/03/24 06:19:35.865, 3, 234.10 W, 30, 2032 MHz, 3996 MHz, 0 %, 0 %
2026/03/24 06:19:35.865, 4, 178.90 W, 26, 120 MHz, 3996 MHz, 0 %, 0 %
2026/03/24 06:19:35.865, 5, 180.58 W, 28, 120 MHz, 3996 MHz, 0 %, 0 %
2026/03/24 06:19:35.865, 6, 178.38 W, 26, 120 MHz, 3996 MHz, 0 %, 0 %
2026/03/24 06:19:35.865, 7, 176.59 W, 27, 120 MHz, 3996 MHz, 0 %, 0 %
2026/03/24 06:19:36.865, 0, 358.84 W, 28, 2032 MHz, 3996 MHz, 0 %, 0 %
2026/03/24 06:19:36.865, 1, 343.21 W, 30, 2032 MHz, 3996 MHz, 0 %, 0 %
2026/03/24 06:19:36.865, 2, 349.35 W, 28, 2032 MHz, 3996 MHz, 0 %, 0 %
2026/03/24 06:19:36.865, 3, 358.15 W, 31, 2032 MHz, 3996 MHz, 0 %, 0 %
2026/03/24 06:19:36.865, 4, 179.02 W, 26, 120 MHz, 3996 MHz, 0 %, 0 %
2026/03/24 06:19:36.865, 5, 180.58 W, 28, 120 MHz, 3996 MHz, 0 %, 0 %
2026/03/24 06:19:36.865, 6, 178.52 W, 26, 120 MHz, 3996 MHz, 0 %, 0 %
2026/03/24 06:19:36.865, 7, 176.59 W, 27, 120 MHz, 3996 MHz, 0 %, 0 %
2026/03/24 06:19:37.865, 0, 232.45 W, 28, 2032 MHz, 3996 MHz, 63 %, 0 %
2026/03/24 06:19:37.865, 1, 235.38 W, 30, 2032 MHz, 3996 MHz, 8 %, 0 %
2026/03/24 06:19:37.865, 2, 237.11 W, 28, 2032 MHz, 3996 MHz, 0 %, 0 %
2026/03/24 06:19:37.865, 3, 235.20 W, 30, 2032 MHz, 3996 MHz, 0 %, 0 %
2026/03/24 06:19:37.865, 4, 178.86 W, 26, 120 MHz, 3996 MHz, 0 %, 0 %
2026/03/24 06:19:37.865, 5, 180.58 W, 28, 120 MHz, 3996 MHz, 0 %, 0 %
2026/03/24 06:19:37.865, 6, 178.37 W, 26, 120 MHz, 3996 MHz, 0 %, 0 %
2026/03/24 06:19:37.865, 7, 176.58 W, 27, 120 MHz, 3996 MHz, 0 %, 0 %
2026/03/24 06:19:38.865, 0, 229.21 W, 28, 2032 MHz, 3996 MHz, 0 %, 0 %
2026/03/24 06:19:38.865, 1, 233.32 W, 30, 2032 MHz, 3996 MHz, 0 %, 0 %
2026/03/24 06:19:38.865, 2, 234.23 W, 27, 2032 MHz, 3996 MHz, 0 %, 0 %
2026/03/24 06:19:38.865, 3, 235.13 W, 30, 2032 MHz, 3996 MHz, 0 %, 0 %
2026/03/24 06:19:38.865, 4, 178.92 W, 26, 120 MHz, 3996 MHz, 0 %, 0 %
2026/03/24 06:19:38.865, 5, 180.58 W, 28, 120 MHz, 3996 MHz, 0 %, 0 %
2026/03/24 06:19:38.865, 6, 178.52 W, 26, 120 MHz, 3996 MHz, 0 %, 0 %
2026/03/24 06:19:38.865, 7, 176.58 W, 27, 120 MHz, 3996 MHz, 0 %, 0 %
2026/03/24 06:19:39.865, 0, 228.57 W, 28, 2032 MHz, 3996 MHz, 0 %, 0 %
2026/03/24 06:19:39.865, 1, 233.20 W, 30, 2032 MHz, 3996 MHz, 0 %, 0 %
2026/03/24 06:19:39.865, 2, 234.05 W, 27, 2032 MHz, 3996 MHz, 0 %, 0 %
2026/03/24 06:19:39.865, 3, 234.54 W, 30, 2032 MHz, 3996 MHz, 0 %, 0 %
2026/03/24 06:19:39.865, 4, 178.89 W, 26, 120 MHz, 3996 MHz, 0 %, 0 %
2026/03/24 06:19:39.865, 5, 180.58 W, 28, 120 MHz, 3996 MHz, 0 %, 0 %
2026/03/24 06:19:39.865, 6, 178.53 W, 26, 120 MHz, 3996 MHz, 0 %, 0 %
2026/03/24 06:19:39.865, 7, 176.58 W, 27, 120 MHz, 3996 MHz, 0 %, 0 %
2026/03/24 06:19:40.866, 0, 228.11 W, 28, 2032 MHz, 3996 MHz, 0 %, 0 %
2026/03/24 06:19:40.866, 1, 233.16 W, 30, 2032 MHz, 3996 MHz, 0 %, 0 %
2026/03/24 06:19:40.866, 2, 234.02 W, 27, 2032 MHz, 3996 MHz, 0 %, 0 %
2026/03/24 06:19:40.866, 3, 234.43 W, 30, 2032 MHz, 3996 MHz, 0 %, 0 %
2026/03/24 06:19:40.866, 4, 178.97 W, 26, 120 MHz, 3996 MHz, 0 %, 0 %
2026/03/24 06:19:40.866, 5, 180.58 W, 28, 120 MHz, 3996 MHz, 0 %, 0 %
2026/03/24 06:19:40.866, 6, 178.52 W, 26, 120 MHz, 3996 MHz, 0 %, 0 %
2026/03/24 06:19:40.866, 7, 176.59 W, 27, 120 MHz, 3996 MHz, 0 %, 0 %
2026/03/24 06:19:41.866, 0, 228.18 W, 28, 2032 MHz, 3996 MHz, 0 %, 0 %
2026/03/24 06:19:41.866, 1, 233.16 W, 30, 2032 MHz, 3996 MHz, 0 %, 0 %
2026/03/24 06:19:41.866, 2, 234.02 W, 27, 2032 MHz, 3996 MHz, 0 %, 0 %
2026/03/24 06:19:41.866, 3, 233.99 W, 30, 2032 MHz, 3996 MHz, 0 %, 0 %
2026/03/24 06:19:41.866, 4, 178.93 W, 26, 120 MHz, 3996 MHz, 0 %, 0 %
2026/03/24 06:19:41.866, 5, 180.58 W, 28, 120 MHz, 3996 MHz, 0 %, 0 %
2026/03/24 06:19:41.866, 6, 178.34 W, 26, 120 MHz, 3996 MHz, 0 %, 0 %
2026/03/24 06:19:41.866, 7, 176.58 W, 27, 120 MHz, 3996 MHz, 0 %, 0 %
2026/03/24 06:19:42.866, 0, 228.15 W, 28, 2032 MHz, 3996 MHz, 0 %, 0 %
2026/03/24 06:19:42.866, 1, 233.17 W, 30, 2032 MHz, 3996 MHz, 0 %, 0 %
2026/03/24 06:19:42.866, 2, 234.02 W, 27, 2032 MHz, 3996 MHz, 0 %, 0 %
2026/03/24 06:19:42.866, 3, 234.14 W, 30, 2032 MHz, 3996 MHz, 0 %, 0 %
2026/03/24 06:19:42.866, 4, 179.13 W, 26, 120 MHz, 3996 MHz, 0 %, 0 %
2026/03/24 06:19:42.866, 5, 180.58 W, 28, 120 MHz, 3996 MHz, 0 %, 0 %
2026/03/24 06:19:42.866, 6, 178.33 W, 26, 120 MHz, 3996 MHz, 0 %, 0 %
2026/03/24 06:19:42.866, 7, 176.59 W, 27, 120 MHz, 3996 MHz, 0 %, 0 %
2026/03/24 06:19:43.866, 0, 228.34 W, 28, 2032 MHz, 3996 MHz, 0 %, 0 %
2026/03/24 06:19:43.866, 1, 233.16 W, 30, 2032 MHz, 3996 MHz, 0 %, 0 %
2026/03/24 06:19:43.866, 2, 234.02 W, 27, 2032 MHz, 3996 MHz, 0 %, 0 %
2026/03/24 06:19:43.866, 3, 234.05 W, 30, 2032 MHz, 3996 MHz, 0 %, 0 %
2026/03/24 06:19:43.866, 4, 179.01 W, 26, 120 MHz, 3996 MHz, 0 %, 0 %
2026/03/24 06:19:43.866, 5, 180.58 W, 28, 120 MHz, 3996 MHz, 0 %, 0 %
2026/03/24 06:19:43.866, 6, 178.45 W, 26, 120 MHz, 3996 MHz, 0 %, 0 %
2026/03/24 06:19:43.866, 7, 176.58 W, 27, 120 MHz, 3996 MHz, 0 %, 0 %
2026/03/24 06:19:44.866, 0, 228.22 W, 28, 2032 MHz, 3996 MHz, 0 %, 0 %
2026/03/24 06:19:44.866, 1, 233.20 W, 30, 2032 MHz, 3996 MHz, 0 %, 0 %
2026/03/24 06:19:44.866, 2, 234.06 W, 27, 2032 MHz, 3996 MHz, 0 %, 0 %
2026/03/24 06:19:44.866, 3, 234.26 W, 30, 2032 MHz, 3996 MHz, 0 %, 0 %
2026/03/24 06:19:44.866, 4, 179.03 W, 26, 120 MHz, 3996 MHz, 0 %, 0 %
2026/03/24 06:19:44.866, 5, 180.58 W, 28, 120 MHz, 3996 MHz, 0 %, 0 %
2026/03/24 06:19:44.866, 6, 178.57 W, 26, 120 MHz, 3996 MHz, 0 %, 0 %
2026/03/24 06:19:44.866, 7, 176.58 W, 27, 120 MHz, 3996 MHz, 0 %, 0 %
2026/03/24 06:19:45.866, 0, 228.30 W, 28, 2032 MHz, 3996 MHz, 0 %, 0 %
2026/03/24 06:19:45.866, 1, 233.20 W, 30, 2032 MHz, 3996 MHz, 0 %, 0 %
2026/03/24 06:19:45.866, 2, 234.06 W, 27, 2032 MHz, 3996 MHz, 0 %, 0 %
2026/03/24 06:19:45.866, 3, 234.21 W, 30, 2032 MHz, 3996 MHz, 0 %, 0 %
2026/03/24 06:19:45.866, 4, 179.22 W, 26, 120 MHz, 3996 MHz, 0 %, 0 %
2026/03/24 06:19:45.866, 5, 180.58 W, 28, 120 MHz, 3996 MHz, 0 %, 0 %
2026/03/24 06:19:45.866, 6, 178.53 W, 26, 120 MHz, 3996 MHz, 0 %, 0 %
2026/03/24 06:19:45.866, 7, 176.58 W, 27, 120 MHz, 3996 MHz, 0 %, 0 %
2026/03/24 06:19:46.866, 0, 308.87 W, 29, 2032 MHz, 3996 MHz, 78 %, 1 %
2026/03/24 06:19:46.866, 1, 263.37 W, 30, 2032 MHz, 3996 MHz, 6 %, 2 %
2026/03/24 06:19:46.866, 2, 276.79 W, 29, 2032 MHz, 3996 MHz, 6 %, 2 %
2026/03/24 06:19:46.866, 3, 264.63 W, 31, 2032 MHz, 3996 MHz, 36 %, 2 %
2026/03/24 06:19:46.866, 4, 179.00 W, 26, 120 MHz, 3996 MHz, 0 %, 0 %
2026/03/24 06:19:46.866, 5, 180.58 W, 28, 120 MHz, 3996 MHz, 0 %, 0 %
2026/03/24 06:19:46.867, 6, 178.45 W, 26, 120 MHz, 3996 MHz, 0 %, 0 %
2026/03/24 06:19:46.867, 7, 176.58 W, 27, 120 MHz, 3996 MHz, 0 %, 0 %
2026/03/24 06:19:47.867, 0, 246.14 W, 28, 2032 MHz, 3996 MHz, 97 %, 1 %
2026/03/24 06:19:47.867, 1, 238.54 W, 30, 2032 MHz, 3996 MHz, 4 %, 1 %
2026/03/24 06:19:47.867, 2, 250.76 W, 28, 2032 MHz, 3996 MHz, 10 %, 9 %
2026/03/24 06:19:47.867, 3, 250.14 W, 31, 2032 MHz, 3996 MHz, 50 %, 1 %
2026/03/24 06:19:47.867, 4, 178.80 W, 26, 120 MHz, 3996 MHz, 0 %, 0 %
2026/03/24 06:19:47.867, 5, 180.58 W, 28, 120 MHz, 3996 MHz, 0 %, 0 %
2026/03/24 06:19:47.867, 6, 178.49 W, 26, 120 MHz, 3996 MHz, 0 %, 0 %
2026/03/24 06:19:47.867, 7, 176.58 W, 27, 120 MHz, 3996 MHz, 0 %, 0 %
2026/03/24 06:19:48.867, 0, 236.03 W, 28, 2032 MHz, 3996 MHz, 0 %, 0 %
2026/03/24 06:19:48.867, 1, 239.59 W, 30, 2032 MHz, 3996 MHz, 0 %, 0 %
2026/03/24 06:19:48.867, 2, 235.65 W, 27, 2032 MHz, 3996 MHz, 0 %, 0 %
2026/03/24 06:19:48.867, 3, 241.54 W, 30, 2032 MHz, 3996 MHz, 0 %, 0 %
2026/03/24 06:19:48.867, 4, 178.73 W, 26, 120 MHz, 3996 MHz, 0 %, 0 %
2026/03/24 06:19:48.867, 5, 180.58 W, 28, 120 MHz, 3996 MHz, 0 %, 0 %
2026/03/24 06:19:48.867, 6, 178.45 W, 26, 120 MHz, 3996 MHz, 0 %, 0 %
2026/03/24 06:19:48.867, 7, 176.58 W, 27, 120 MHz, 3996 MHz, 0 %, 0 %
2026/03/24 06:19:49.867, 0, 318.57 W, 31, 2032 MHz, 3996 MHz, 96 %, 0 %
2026/03/24 06:19:49.867, 1, 319.03 W, 32, 2032 MHz, 3996 MHz, 94 %, 6 %
2026/03/24 06:19:49.867, 2, 317.43 W, 30, 2032 MHz, 3996 MHz, 98 %, 30 %
2026/03/24 06:19:49.867, 3, 314.87 W, 33, 2032 MHz, 3996 MHz, 94 %, 5 %
2026/03/24 06:19:49.867, 4, 178.96 W, 26, 120 MHz, 3996 MHz, 0 %, 0 %
2026/03/24 06:19:49.867, 5, 180.58 W, 28, 120 MHz, 3996 MHz, 0 %, 0 %
2026/03/24 06:19:49.867, 6, 178.56 W, 26, 120 MHz, 3996 MHz, 0 %, 0 %
2026/03/24 06:19:49.867, 7, 176.58 W, 27, 120 MHz, 3996 MHz, 0 %, 0 %
2026/03/24 06:19:50.867, 0, 777.06 W, 35, 2017 MHz, 3996 MHz, 100 %, 17 %
2026/03/24 06:19:50.867, 1, 776.17 W, 43, 1950 MHz, 3996 MHz, 100 %, 9 %
2026/03/24 06:19:50.867, 2, 793.54 W, 41, 1927 MHz, 3996 MHz, 100 %, 2 %
2026/03/24 06:19:50.867, 3, 787.00 W, 37, 1950 MHz, 3996 MHz, 100 %, 12 %
2026/03/24 06:19:50.867, 4, 179.06 W, 26, 120 MHz, 3996 MHz, 0 %, 0 %
2026/03/24 06:19:50.867, 5, 180.58 W, 28, 120 MHz, 3996 MHz, 0 %, 0 %
2026/03/24 06:19:50.867, 6, 178.57 W, 26, 120 MHz, 3996 MHz, 0 %, 0 %
2026/03/24 06:19:50.867, 7, 176.58 W, 27, 120 MHz, 3996 MHz, 0 %, 0 %
2026/03/24 06:19:51.867, 0, 274.37 W, 29, 2032 MHz, 3996 MHz, 100 %, 0 %
2026/03/24 06:19:51.867, 1, 279.62 W, 31, 2032 MHz, 3996 MHz, 100 %, 0 %
2026/03/24 06:19:51.867, 2, 280.57 W, 29, 2032 MHz, 3996 MHz, 100 %, 0 %
2026/03/24 06:19:51.867, 3, 281.46 W, 31, 2032 MHz, 3996 MHz, 100 %, 0 %
2026/03/24 06:19:51.867, 4, 179.14 W, 26, 120 MHz, 3996 MHz, 0 %, 0 %
2026/03/24 06:19:51.867, 5, 180.58 W, 28, 120 MHz, 3996 MHz, 0 %, 0 %
2026/03/24 06:19:51.867, 6, 178.41 W, 26, 120 MHz, 3996 MHz, 0 %, 0 %
2026/03/24 06:19:51.867, 7, 176.58 W, 27, 120 MHz, 3996 MHz, 0 %, 0 %
2026/03/24 06:19:52.867, 0, 268.73 W, 28, 2032 MHz, 3996 MHz, 100 %, 0 %
2026/03/24 06:19:52.867, 1, 274.62 W, 30, 2032 MHz, 3996 MHz, 100 %, 0 %
2026/03/24 06:19:52.867, 2, 276.62 W, 28, 2032 MHz, 3996 MHz, 100 %, 0 %
2026/03/24 06:19:52.867, 3, 276.20 W, 31, 2032 MHz, 3996 MHz, 100 %, 0 %
2026/03/24 06:19:52.867, 4, 178.82 W, 26, 120 MHz, 3996 MHz, 0 %, 0 %
2026/03/24 06:19:52.867, 5, 180.58 W, 28, 120 MHz, 3996 MHz, 0 %, 0 %
2026/03/24 06:19:52.867, 6, 178.52 W, 26, 120 MHz, 3996 MHz, 0 %, 0 %
2026/03/24 06:19:52.867, 7, 176.58 W, 27, 120 MHz, 3996 MHz, 0 %, 0 %
2026/03/24 06:19:53.867, 0, 234.96 W, 28, 2032 MHz, 3996 MHz, 10 %, 2 %
2026/03/24 06:19:53.868, 1, 234.54 W, 30, 2032 MHz, 3996 MHz, 5 %, 0 %
2026/03/24 06:19:53.868, 2, 235.20 W, 28, 2032 MHz, 3996 MHz, 6 %, 0 %
2026/03/24 06:19:53.868, 3, 236.25 W, 31, 2032 MHz, 3996 MHz, 6 %, 0 %
2026/03/24 06:19:53.868, 4, 178.82 W, 26, 120 MHz, 3996 MHz, 0 %, 0 %
2026/03/24 06:19:53.868, 5, 180.58 W, 28, 120 MHz, 3996 MHz, 0 %, 0 %
2026/03/24 06:19:53.868, 6, 178.41 W, 26, 120 MHz, 3996 MHz, 0 %, 0 %
2026/03/24 06:19:53.868, 7, 176.58 W, 27, 120 MHz, 3996 MHz, 0 %, 0 %
2026/03/24 06:19:54.868, 0, 245.93 W, 28, 2032 MHz, 3996 MHz, 8 %, 1 %
2026/03/24 06:19:54.868, 1, 236.31 W, 30, 2032 MHz, 3996 MHz, 10 %, 0 %
2026/03/24 06:19:54.868, 2, 236.83 W, 28, 2032 MHz, 3996 MHz, 7 %, 0 %
2026/03/24 06:19:54.868, 3, 238.80 W, 31, 2032 MHz, 3996 MHz, 11 %, 0 %
2026/03/24 06:19:54.868, 4, 179.08 W, 26, 120 MHz, 3996 MHz, 0 %, 0 %
2026/03/24 06:19:54.868, 5, 180.58 W, 28, 120 MHz, 3996 MHz, 0 %, 0 %
2026/03/24 06:19:54.868, 6, 178.49 W, 26, 120 MHz, 3996 MHz, 0 %, 0 %
2026/03/24 06:19:54.868, 7, 176.58 W, 27, 120 MHz, 3996 MHz, 0 %, 0 %
2026/03/24 06:19:55.868, 0, 247.66 W, 28, 2032 MHz, 3996 MHz, 8 %, 1 %
2026/03/24 06:19:55.868, 1, 236.52 W, 30, 2032 MHz, 3996 MHz, 12 %, 0 %
2026/03/24 06:19:55.868, 2, 237.13 W, 28, 2032 MHz, 3996 MHz, 11 %, 0 %
2026/03/24 06:19:55.868, 3, 239.15 W, 31, 2032 MHz, 3996 MHz, 12 %, 0 %
2026/03/24 06:19:55.868, 4, 178.86 W, 26, 120 MHz, 3996 MHz, 0 %, 0 %
2026/03/24 06:19:55.868, 5, 180.58 W, 28, 120 MHz, 3996 MHz, 0 %, 0 %
2026/03/24 06:19:55.868, 6, 178.45 W, 26, 120 MHz, 3996 MHz, 0 %, 0 %
2026/03/24 06:19:55.868, 7, 176.58 W, 27, 120 MHz, 3996 MHz, 0 %, 0 %
2026/03/24 06:19:56.868, 0, 247.69 W, 28, 2032 MHz, 3996 MHz, 15 %, 2 %
2026/03/24 06:19:56.868, 1, 236.47 W, 30, 2032 MHz, 3996 MHz, 10 %, 0 %
2026/03/24 06:19:56.868, 2, 237.02 W, 28, 2032 MHz, 3996 MHz, 11 %, 0 %
2026/03/24 06:19:56.868, 3, 239.00 W, 31, 2032 MHz, 3996 MHz, 12 %, 0 %
2026/03/24 06:19:56.868, 4, 178.96 W, 26, 120 MHz, 3996 MHz, 0 %, 0 %
2026/03/24 06:19:56.868, 5, 180.58 W, 28, 120 MHz, 3996 MHz, 0 %, 0 %
2026/03/24 06:19:56.868, 6, 178.41 W, 26, 120 MHz, 3996 MHz, 0 %, 0 %
2026/03/24 06:19:56.868, 7, 176.58 W, 27, 120 MHz, 3996 MHz, 0 %, 0 %
2026/03/24 06:19:57.868, 0, 237.53 W, 28, 2032 MHz, 3996 MHz, 13 %, 0 %
2026/03/24 06:19:57.868, 1, 241.74 W, 30, 2032 MHz, 3996 MHz, 14 %, 1 %
2026/03/24 06:19:57.868, 2, 249.79 W, 28, 2032 MHz, 3996 MHz, 15 %, 2 %
2026/03/24 06:19:57.868, 3, 249.78 W, 31, 2032 MHz, 3996 MHz, 15 %, 3 %
2026/03/24 06:19:57.868, 4, 178.94 W, 26, 120 MHz, 3996 MHz, 0 %, 0 %
2026/03/24 06:19:57.868, 5, 180.58 W, 28, 120 MHz, 3996 MHz, 0 %, 0 %
2026/03/24 06:19:57.868, 6, 178.53 W, 26, 120 MHz, 3996 MHz, 0 %, 0 %
2026/03/24 06:19:57.868, 7, 176.58 W, 27, 120 MHz, 3996 MHz, 0 %, 0 %
2026/03/24 06:19:58.868, 0, 233.89 W, 28, 2032 MHz, 3996 MHz, 13 %, 0 %
2026/03/24 06:19:58.868, 1, 243.86 W, 30, 2032 MHz, 3996 MHz, 10 %, 0 %
2026/03/24 06:19:58.868, 2, 254.06 W, 28, 2032 MHz, 3996 MHz, 4 %, 1 %
2026/03/24 06:19:58.868, 3, 254.26 W, 31, 2032 MHz, 3996 MHz, 10 %, 2 %
2026/03/24 06:19:58.868, 4, 178.96 W, 26, 120 MHz, 3996 MHz, 0 %, 0 %
2026/03/24 06:19:58.868, 5, 180.58 W, 28, 120 MHz, 3996 MHz, 0 %, 0 %
2026/03/24 06:19:58.868, 6, 178.41 W, 26, 120 MHz, 3996 MHz, 0 %, 0 %
2026/03/24 06:19:58.868, 7, 176.58 W, 27, 120 MHz, 3996 MHz, 0 %, 0 %
2026/03/24 06:19:59.868, 0, 234.41 W, 28, 2032 MHz, 3996 MHz, 7 %, 0 %
2026/03/24 06:19:59.868, 1, 244.23 W, 30, 2032 MHz, 3996 MHz, 9 %, 0 %
2026/03/24 06:19:59.868, 2, 257.45 W, 28, 2032 MHz, 3996 MHz, 14 %, 2 %
2026/03/24 06:19:59.868, 3, 255.70 W, 31, 2032 MHz, 3996 MHz, 10 %, 1 %
2026/03/24 06:19:59.869, 4, 179.08 W, 26, 120 MHz, 3996 MHz, 0 %, 0 %
2026/03/24 06:19:59.869, 5, 180.58 W, 28, 120 MHz, 3996 MHz, 0 %, 0 %
2026/03/24 06:19:59.869, 6, 178.56 W, 26, 120 MHz, 3996 MHz, 0 %, 0 %
2026/03/24 06:19:59.869, 7, 176.58 W, 27, 120 MHz, 3996 MHz, 0 %, 0 %
2026/03/24 06:20:00.869, 0, 260.17 W, 28, 2032 MHz, 3996 MHz, 18 %, 6 %
2026/03/24 06:20:00.869, 1, 271.65 W, 31, 2032 MHz, 3996 MHz, 20 %, 8 %
2026/03/24 06:20:00.869, 2, 271.93 W, 28, 2032 MHz, 3996 MHz, 18 %, 6 %
2026/03/24 06:20:00.869, 3, 271.95 W, 31, 2032 MHz, 3996 MHz, 19 %, 7 %
2026/03/24 06:20:00.869, 4, 179.17 W, 26, 120 MHz, 3996 MHz, 0 %, 0 %
2026/03/24 06:20:00.869, 5, 180.58 W, 28, 120 MHz, 3996 MHz, 0 %, 0 %
2026/03/24 06:20:00.869, 6, 178.60 W, 26, 120 MHz, 3996 MHz, 0 %, 0 %
2026/03/24 06:20:00.869, 7, 176.58 W, 27, 120 MHz, 3996 MHz, 0 %, 0 %
2026/03/24 06:20:01.869, 0, 268.28 W, 28, 2032 MHz, 3996 MHz, 18 %, 6 %
2026/03/24 06:20:01.869, 1, 285.50 W, 31, 2032 MHz, 3996 MHz, 20 %, 8 %
2026/03/24 06:20:01.869, 2, 275.04 W, 28, 2032 MHz, 3996 MHz, 19 %, 6 %
2026/03/24 06:20:01.869, 3, 277.81 W, 31, 2032 MHz, 3996 MHz, 20 %, 7 %
2026/03/24 06:20:01.869, 4, 179.12 W, 26, 120 MHz, 3996 MHz, 0 %, 0 %
2026/03/24 06:20:01.869, 5, 180.58 W, 28, 120 MHz, 3996 MHz, 0 %, 0 %
2026/03/24 06:20:01.869, 6, 178.49 W, 26, 120 MHz, 3996 MHz, 0 %, 0 %
2026/03/24 06:20:01.869, 7, 176.58 W, 27, 120 MHz, 3996 MHz, 0 %, 0 %
2026/03/24 06:20:02.869, 0, 268.95 W, 29, 2032 MHz, 3996 MHz, 21 %, 6 %
2026/03/24 06:20:02.869, 1, 285.72 W, 31, 2032 MHz, 3996 MHz, 21 %, 8 %
2026/03/24 06:20:02.869, 2, 276.42 W, 28, 2032 MHz, 3996 MHz, 18 %, 6 %
2026/03/24 06:20:02.869, 3, 280.68 W, 31, 2032 MHz, 3996 MHz, 20 %, 7 %
2026/03/24 06:20:02.869, 4, 179.20 W, 26, 120 MHz, 3996 MHz, 0 %, 0 %
2026/03/24 06:20:02.869, 5, 180.58 W, 28, 120 MHz, 3996 MHz, 0 %, 0 %
2026/03/24 06:20:02.869, 6, 178.49 W, 26, 120 MHz, 3996 MHz, 0 %, 0 %
2026/03/24 06:20:02.869, 7, 176.58 W, 27, 120 MHz, 3996 MHz, 0 %, 0 %
2026/03/24 06:20:03.869, 0, 280.55 W, 29, 2032 MHz, 3996 MHz, 23 %, 10 %
2026/03/24 06:20:03.869, 1, 289.06 W, 31, 2032 MHz, 3996 MHz, 23 %, 9 %
2026/03/24 06:20:03.869, 2, 298.08 W, 29, 2032 MHz, 3996 MHz, 15 %, 7 %
2026/03/24 06:20:03.869, 3, 295.45 W, 32, 2032 MHz, 3996 MHz, 27 %, 14 %
2026/03/24 06:20:03.869, 4, 178.92 W, 26, 120 MHz, 3996 MHz, 0 %, 0 %
2026/03/24 06:20:03.869, 5, 180.58 W, 28, 120 MHz, 3996 MHz, 0 %, 0 %
2026/03/24 06:20:03.869, 6, 178.37 W, 26, 120 MHz, 3996 MHz, 0 %, 0 %
2026/03/24 06:20:03.869, 7, 176.58 W, 27, 120 MHz, 3996 MHz, 0 %, 0 %
2026/03/24 06:20:04.869, 0, 288.75 W, 28, 2032 MHz, 3996 MHz, 10 %, 4 %
2026/03/24 06:20:04.869, 1, 295.23 W, 31, 2032 MHz, 3996 MHz, 12 %, 5 %
2026/03/24 06:20:04.869, 2, 315.93 W, 28, 2032 MHz, 3996 MHz, 16 %, 8 %
2026/03/24 06:20:04.869, 3, 316.73 W, 31, 2032 MHz, 3996 MHz, 14 %, 7 %
2026/03/24 06:20:04.869, 4, 179.09 W, 26, 120 MHz, 3996 MHz, 0 %, 0 %
2026/03/24 06:20:04.869, 5, 180.58 W, 28, 120 MHz, 3996 MHz, 0 %, 0 %
2026/03/24 06:20:04.869, 6, 178.38 W, 26, 120 MHz, 3996 MHz, 0 %, 0 %
2026/03/24 06:20:04.869, 7, 176.58 W, 27, 120 MHz, 3996 MHz, 0 %, 0 %
2026/03/24 06:20:05.869, 0, 295.20 W, 29, 2032 MHz, 3996 MHz, 23 %, 9 %
2026/03/24 06:20:05.869, 1, 300.98 W, 31, 2032 MHz, 3996 MHz, 22 %, 8 %
2026/03/24 06:20:05.869, 2, 319.83 W, 29, 2032 MHz, 3996 MHz, 26 %, 12 %
2026/03/24 06:20:05.869, 3, 324.88 W, 32, 2032 MHz, 3996 MHz, 24 %, 12 %
2026/03/24 06:20:05.869, 4, 178.98 W, 26, 120 MHz, 3996 MHz, 0 %, 0 %
2026/03/24 06:20:05.869, 5, 180.58 W, 28, 120 MHz, 3996 MHz, 0 %, 0 %
2026/03/24 06:20:05.869, 6, 178.52 W, 26, 120 MHz, 3996 MHz, 0 %, 0 %
2026/03/24 06:20:05.869, 7, 176.58 W, 27, 120 MHz, 3996 MHz, 0 %, 0 %
2026/03/24 06:20:06.870, 0, 292.34 W, 29, 2032 MHz, 3996 MHz, 23 %, 9 %
2026/03/24 06:20:06.870, 1, 294.86 W, 31, 2032 MHz, 3996 MHz, 22 %, 9 %
2026/03/24 06:20:06.870, 2, 315.33 W, 29, 2032 MHz, 3996 MHz, 26 %, 12 %
2026/03/24 06:20:06.870, 3, 316.88 W, 32, 2032 MHz, 3996 MHz, 26 %, 13 %
2026/03/24 06:20:06.870, 4, 178.93 W, 26, 120 MHz, 3996 MHz, 0 %, 0 %
2026/03/24 06:20:06.870, 5, 180.58 W, 28, 120 MHz, 3996 MHz, 0 %, 0 %
2026/03/24 06:20:06.870, 6, 178.49 W, 26, 120 MHz, 3996 MHz, 0 %, 0 %
2026/03/24 06:20:06.870, 7, 176.58 W, 27, 120 MHz, 3996 MHz, 0 %, 0 %
2026/03/24 06:20:07.870, 0, 293.28 W, 29, 2032 MHz, 3996 MHz, 24 %, 10 %
2026/03/24 06:20:07.870, 1, 313.16 W, 31, 2032 MHz, 3996 MHz, 27 %, 14 %
2026/03/24 06:20:07.870, 2, 324.78 W, 29, 2032 MHz, 3996 MHz, 25 %, 14 %
2026/03/24 06:20:07.870, 3, 325.65 W, 32, 2032 MHz, 3996 MHz, 27 %, 15 %
2026/03/24 06:20:07.870, 4, 179.19 W, 26, 120 MHz, 3996 MHz, 0 %, 0 %
2026/03/24 06:20:07.870, 5, 180.58 W, 28, 120 MHz, 3996 MHz, 0 %, 0 %
2026/03/24 06:20:07.870, 6, 178.38 W, 26, 120 MHz, 3996 MHz, 0 %, 0 %
2026/03/24 06:20:07.870, 7, 176.58 W, 27, 120 MHz, 3996 MHz, 0 %, 0 %
2026/03/24 06:20:08.870, 0, 291.34 W, 29, 2032 MHz, 3996 MHz, 25 %, 10 %
2026/03/24 06:20:08.870, 1, 321.28 W, 31, 2032 MHz, 3996 MHz, 27 %, 14 %
2026/03/24 06:20:08.870, 2, 325.52 W, 29, 2032 MHz, 3996 MHz, 19 %, 9 %
2026/03/24 06:20:08.870, 3, 329.62 W, 32, 2032 MHz, 3996 MHz, 28 %, 15 %
2026/03/24 06:20:08.870, 4, 179.17 W, 26, 120 MHz, 3996 MHz, 0 %, 0 %
2026/03/24 06:20:08.870, 5, 180.58 W, 28, 120 MHz, 3996 MHz, 0 %, 0 %
2026/03/24 06:20:08.870, 6, 178.49 W, 26, 120 MHz, 3996 MHz, 0 %, 0 %
2026/03/24 06:20:08.870, 7, 176.58 W, 27, 120 MHz, 3996 MHz, 0 %, 0 %
2026/03/24 06:20:09.870, 0, 292.71 W, 29, 2032 MHz, 3996 MHz, 8 %, 4 %
2026/03/24 06:20:09.870, 1, 323.37 W, 31, 2032 MHz, 3996 MHz, 19 %, 9 %
2026/03/24 06:20:09.870, 2, 326.68 W, 29, 2032 MHz, 3996 MHz, 17 %, 9 %
2026/03/24 06:20:09.870, 3, 328.99 W, 32, 2032 MHz, 3996 MHz, 18 %, 9 %
2026/03/24 06:20:09.870, 4, 179.01 W, 26, 120 MHz, 3996 MHz, 0 %, 0 %
2026/03/24 06:20:09.870, 5, 180.58 W, 28, 120 MHz, 3996 MHz, 0 %, 0 %
2026/03/24 06:20:09.870, 6, 178.45 W, 26, 120 MHz, 3996 MHz, 0 %, 0 %
2026/03/24 06:20:09.870, 7, 176.58 W, 27, 120 MHz, 3996 MHz, 0 %, 0 %
2026/03/24 06:20:10.870, 0, 318.73 W, 30, 2032 MHz, 3996 MHz, 30 %, 17 %
2026/03/24 06:20:10.870, 1, 341.25 W, 32, 2032 MHz, 3996 MHz, 30 %, 14 %
2026/03/24 06:20:10.870, 2, 353.54 W, 30, 2032 MHz, 3996 MHz, 33 %, 20 %
2026/03/24 06:20:10.870, 3, 345.95 W, 32, 2032 MHz, 3996 MHz, 30 %, 15 %
2026/03/24 06:20:10.870, 4, 179.12 W, 26, 120 MHz, 3996 MHz, 0 %, 0 %
2026/03/24 06:20:10.870, 5, 180.58 W, 28, 120 MHz, 3996 MHz, 0 %, 0 %
2026/03/24 06:20:10.870, 6, 178.53 W, 26, 120 MHz, 3996 MHz, 0 %, 0 %
2026/03/24 06:20:10.870, 7, 176.58 W, 27, 120 MHz, 3996 MHz, 0 %, 0 %
2026/03/24 06:20:11.870, 0, 335.71 W, 30, 2032 MHz, 3996 MHz, 29 %, 17 %
2026/03/24 06:20:11.870, 1, 354.42 W, 32, 2032 MHz, 3996 MHz, 33 %, 20 %
2026/03/24 06:20:11.870, 2, 357.53 W, 30, 2032 MHz, 3996 MHz, 30 %, 19 %
2026/03/24 06:20:11.870, 3, 346.56 W, 32, 2032 MHz, 3996 MHz, 29 %, 17 %
2026/03/24 06:20:11.870, 4, 179.35 W, 26, 120 MHz, 3996 MHz, 0 %, 0 %
2026/03/24 06:20:11.870, 5, 180.58 W, 28, 120 MHz, 3996 MHz, 0 %, 0 %
2026/03/24 06:20:11.870, 6, 178.53 W, 26, 120 MHz, 3996 MHz, 0 %, 0 %
2026/03/24 06:20:11.870, 7, 176.58 W, 27, 120 MHz, 3996 MHz, 0 %, 0 %
2026/03/24 06:20:12.870, 0, 338.28 W, 30, 2032 MHz, 3996 MHz, 30 %, 16 %
2026/03/24 06:20:12.870, 1, 353.62 W, 32, 2032 MHz, 3996 MHz, 31 %, 19 %
2026/03/24 06:20:12.870, 2, 359.82 W, 30, 2032 MHz, 3996 MHz, 31 %, 19 %
2026/03/24 06:20:12.870, 3, 344.39 W, 33, 2032 MHz, 3996 MHz, 31 %, 17 %
2026/03/24 06:20:12.870, 4, 178.86 W, 26, 120 MHz, 3996 MHz, 0 %, 0 %
2026/03/24 06:20:12.870, 5, 180.58 W, 28, 120 MHz, 3996 MHz, 0 %, 0 %
2026/03/24 06:20:12.870, 6, 178.56 W, 26, 120 MHz, 3996 MHz, 0 %, 0 %
2026/03/24 06:20:12.870, 7, 176.58 W, 27, 120 MHz, 3996 MHz, 0 %, 0 %
2026/03/24 06:20:13.871, 0, 337.55 W, 30, 2032 MHz, 3996 MHz, 33 %, 16 %
2026/03/24 06:20:13.871, 1, 356.97 W, 32, 2032 MHz, 3996 MHz, 33 %, 18 %
2026/03/24 06:20:13.871, 2, 358.85 W, 30, 2032 MHz, 3996 MHz, 29 %, 15 %
2026/03/24 06:20:13.871, 3, 346.77 W, 33, 2032 MHz, 3996 MHz, 30 %, 17 %
2026/03/24 06:20:13.871, 4, 178.94 W, 26, 120 MHz, 3996 MHz, 0 %, 0 %
2026/03/24 06:20:13.871, 5, 180.58 W, 28, 120 MHz, 3996 MHz, 0 %, 0 %
2026/03/24 06:20:13.871, 6, 178.45 W, 26, 120 MHz, 3996 MHz, 0 %, 0 %
2026/03/24 06:20:13.871, 7, 176.58 W, 27, 120 MHz, 3996 MHz, 0 %, 0 %
2026/03/24 06:20:14.871, 0, 335.21 W, 29, 2032 MHz, 3996 MHz, 10 %, 4 %
2026/03/24 06:20:14.871, 1, 365.54 W, 32, 2032 MHz, 3996 MHz, 19 %, 11 %
2026/03/24 06:20:14.871, 2, 367.12 W, 29, 2032 MHz, 3996 MHz, 17 %, 9 %
2026/03/24 06:20:14.871, 3, 350.41 W, 32, 2032 MHz, 3996 MHz, 19 %, 11 %
2026/03/24 06:20:14.871, 4, 179.21 W, 26, 120 MHz, 3996 MHz, 0 %, 0 %
2026/03/24 06:20:14.871, 5, 180.58 W, 28, 120 MHz, 3996 MHz, 0 %, 0 %
2026/03/24 06:20:14.871, 6, 178.45 W, 26, 120 MHz, 3996 MHz, 0 %, 0 %
2026/03/24 06:20:14.871, 7, 176.58 W, 27, 120 MHz, 3996 MHz, 0 %, 0 %
2026/03/24 06:20:15.871, 0, 343.02 W, 30, 2032 MHz, 3996 MHz, 30 %, 15 %
2026/03/24 06:20:15.871, 1, 385.73 W, 32, 2032 MHz, 3996 MHz, 35 %, 19 %
2026/03/24 06:20:15.871, 2, 385.30 W, 30, 2032 MHz, 3996 MHz, 33 %, 19 %
2026/03/24 06:20:15.871, 3, 398.43 W, 33, 2032 MHz, 3996 MHz, 37 %, 20 %
2026/03/24 06:20:15.871, 4, 179.24 W, 26, 120 MHz, 3996 MHz, 0 %, 0 %
2026/03/24 06:20:15.871, 5, 180.58 W, 28, 120 MHz, 3996 MHz, 0 %, 0 %
2026/03/24 06:20:15.871, 6, 178.41 W, 26, 120 MHz, 3996 MHz, 0 %, 0 %
2026/03/24 06:20:15.871, 7, 176.58 W, 27, 120 MHz, 3996 MHz, 0 %, 0 %
2026/03/24 06:20:16.871, 0, 328.64 W, 30, 2032 MHz, 3996 MHz, 28 %, 15 %
2026/03/24 06:20:16.871, 1, 362.42 W, 32, 2032 MHz, 3996 MHz, 33 %, 19 %
2026/03/24 06:20:16.871, 2, 362.24 W, 30, 2032 MHz, 3996 MHz, 32 %, 20 %
2026/03/24 06:20:16.871, 3, 375.98 W, 33, 2032 MHz, 3996 MHz, 35 %, 19 %
2026/03/24 06:20:16.871, 4, 179.08 W, 26, 120 MHz, 3996 MHz, 0 %, 0 %
2026/03/24 06:20:16.871, 5, 180.58 W, 28, 120 MHz, 3996 MHz, 0 %, 0 %
2026/03/24 06:20:16.871, 6, 178.41 W, 26, 120 MHz, 3996 MHz, 0 %, 0 %
2026/03/24 06:20:16.871, 7, 176.58 W, 27, 120 MHz, 3996 MHz, 0 %, 0 %
2026/03/24 06:20:17.871, 0, 330.46 W, 30, 2032 MHz, 3996 MHz, 30 %, 15 %
2026/03/24 06:20:17.871, 1, 358.11 W, 33, 2032 MHz, 3996 MHz, 31 %, 18 %
2026/03/24 06:20:17.871, 2, 364.52 W, 30, 2032 MHz, 3996 MHz, 32 %, 18 %
2026/03/24 06:20:17.871, 3, 369.10 W, 33, 2032 MHz, 3996 MHz, 30 %, 19 %
2026/03/24 06:20:17.871, 4, 179.08 W, 26, 120 MHz, 3996 MHz, 0 %, 0 %
2026/03/24 06:20:17.871, 5, 180.58 W, 28, 120 MHz, 3996 MHz, 0 %, 0 %
2026/03/24 06:20:17.871, 6, 178.33 W, 26, 120 MHz, 3996 MHz, 0 %, 0 %
2026/03/24 06:20:17.871, 7, 176.58 W, 27, 120 MHz, 3996 MHz, 0 %, 0 %
2026/03/24 06:20:18.871, 0, 344.72 W, 30, 2032 MHz, 3996 MHz, 23 %, 10 %
2026/03/24 06:20:18.871, 1, 361.49 W, 33, 2032 MHz, 3996 MHz, 34 %, 18 %
2026/03/24 06:20:18.871, 2, 380.64 W, 31, 2032 MHz, 3996 MHz, 44 %, 20 %
2026/03/24 06:20:18.871, 3, 374.02 W, 33, 2032 MHz, 3996 MHz, 34 %, 19 %
2026/03/24 06:20:18.871, 4, 179.18 W, 26, 120 MHz, 3996 MHz, 0 %, 0 %
2026/03/24 06:20:18.871, 5, 180.58 W, 28, 120 MHz, 3996 MHz, 0 %, 0 %
2026/03/24 06:20:18.871, 6, 178.41 W, 26, 120 MHz, 3996 MHz, 0 %, 0 %
2026/03/24 06:20:18.871, 7, 176.58 W, 27, 120 MHz, 3996 MHz, 0 %, 0 %
2026/03/24 06:20:19.871, 0, 357.52 W, 30, 2032 MHz, 3996 MHz, 25 %, 12 %
2026/03/24 06:20:19.871, 1, 386.42 W, 33, 2032 MHz, 3996 MHz, 17 %, 10 %
2026/03/24 06:20:19.871, 2, 400.64 W, 30, 2032 MHz, 3996 MHz, 14 %, 7 %
2026/03/24 06:20:19.871, 3, 407.82 W, 34, 2032 MHz, 3996 MHz, 20 %, 9 %
2026/03/24 06:20:19.871, 4, 179.14 W, 26, 120 MHz, 3996 MHz, 0 %, 0 %
2026/03/24 06:20:19.871, 5, 180.58 W, 28, 120 MHz, 3996 MHz, 0 %, 0 %
2026/03/24 06:20:19.871, 6, 178.49 W, 26, 120 MHz, 3996 MHz, 0 %, 0 %
2026/03/24 06:20:19.872, 7, 176.58 W, 27, 120 MHz, 3996 MHz, 0 %, 0 %
2026/03/24 06:20:20.872, 0, 356.11 W, 30, 2032 MHz, 3996 MHz, 30 %, 16 %
2026/03/24 06:20:20.872, 1, 401.53 W, 33, 2032 MHz, 3996 MHz, 36 %, 19 %
2026/03/24 06:20:20.872, 2, 390.59 W, 31, 2032 MHz, 3996 MHz, 36 %, 19 %
2026/03/24 06:20:20.872, 3, 418.86 W, 33, 2032 MHz, 3996 MHz, 35 %, 21 %
2026/03/24 06:20:20.872, 4, 179.00 W, 26, 120 MHz, 3996 MHz, 0 %, 0 %
2026/03/24 06:20:20.872, 5, 180.58 W, 28, 120 MHz, 3996 MHz, 0 %, 0 %
2026/03/24 06:20:20.872, 6, 178.53 W, 26, 120 MHz, 3996 MHz, 0 %, 0 %
2026/03/24 06:20:20.872, 7, 176.58 W, 27, 120 MHz, 3996 MHz, 0 %, 0 %
2026/03/24 06:20:21.872, 0, 344.64 W, 30, 2032 MHz, 3996 MHz, 33 %, 16 %
2026/03/24 06:20:21.872, 1, 368.75 W, 33, 2032 MHz, 3996 MHz, 34 %, 20 %
2026/03/24 06:20:21.872, 2, 375.94 W, 31, 2032 MHz, 3996 MHz, 33 %, 20 %
2026/03/24 06:20:21.872, 3, 394.45 W, 34, 2032 MHz, 3996 MHz, 37 %, 20 %
2026/03/24 06:20:21.872, 4, 178.79 W, 26, 120 MHz, 3996 MHz, 0 %, 0 %
2026/03/24 06:20:21.872, 5, 180.58 W, 28, 120 MHz, 3996 MHz, 0 %, 0 %
2026/03/24 06:20:21.872, 6, 178.49 W, 26, 120 MHz, 3996 MHz, 0 %, 0 %
2026/03/24 06:20:21.872, 7, 176.58 W, 27, 120 MHz, 3996 MHz, 0 %, 0 %
2026/03/24 06:20:22.872, 0, 331.83 W, 30, 2032 MHz, 3996 MHz, 31 %, 17 %
2026/03/24 06:20:22.872, 1, 366.39 W, 33, 2032 MHz, 3996 MHz, 33 %, 20 %
2026/03/24 06:20:22.872, 2, 370.02 W, 31, 2032 MHz, 3996 MHz, 33 %, 21 %
2026/03/24 06:20:22.872, 3, 379.55 W, 34, 2032 MHz, 3996 MHz, 36 %, 21 %
2026/03/24 06:20:22.872, 4, 179.15 W, 26, 120 MHz, 3996 MHz, 0 %, 0 %
2026/03/24 06:20:22.872, 5, 180.58 W, 28, 120 MHz, 3996 MHz, 0 %, 0 %
2026/03/24 06:20:22.872, 6, 178.49 W, 26, 120 MHz, 3996 MHz, 0 %, 0 %
2026/03/24 06:20:22.872, 7, 176.58 W, 27, 120 MHz, 3996 MHz, 0 %, 0 %
2026/03/24 06:20:23.872, 0, 355.59 W, 31, 2032 MHz, 3996 MHz, 27 %, 13 %
2026/03/24 06:20:23.872, 1, 372.07 W, 33, 2032 MHz, 3996 MHz, 53 %, 17 %
2026/03/24 06:20:23.872, 2, 391.99 W, 31, 2032 MHz, 3996 MHz, 40 %, 18 %
2026/03/24 06:20:23.872, 3, 383.55 W, 34, 2032 MHz, 3996 MHz, 44 %, 18 %
2026/03/24 06:20:23.872, 4, 178.98 W, 26, 120 MHz, 3996 MHz, 0 %, 0 %
2026/03/24 06:20:23.872, 5, 180.58 W, 28, 120 MHz, 3996 MHz, 0 %, 0 %
2026/03/24 06:20:23.872, 6, 178.49 W, 26, 120 MHz, 3996 MHz, 0 %, 0 %
2026/03/24 06:20:23.872, 7, 176.59 W, 27, 120 MHz, 3996 MHz, 0 %, 0 %
2026/03/24 06:20:24.872, 0, 360.86 W, 30, 2032 MHz, 3996 MHz, 23 %, 11 %
2026/03/24 06:20:24.872, 1, 382.05 W, 33, 2032 MHz, 3996 MHz, 11 %, 5 %
2026/03/24 06:20:24.872, 2, 400.93 W, 31, 2032 MHz, 3996 MHz, 12 %, 6 %
2026/03/24 06:20:24.872, 3, 405.52 W, 34, 2032 MHz, 3996 MHz, 12 %, 6 %
2026/03/24 06:20:24.872, 4, 179.12 W, 26, 120 MHz, 3996 MHz, 0 %, 0 %
2026/03/24 06:20:24.872, 5, 180.58 W, 28, 120 MHz, 3996 MHz, 0 %, 0 %
2026/03/24 06:20:24.872, 6, 178.53 W, 26, 120 MHz, 3996 MHz, 0 %, 0 %
2026/03/24 06:20:24.872, 7, 176.59 W, 27, 120 MHz, 3996 MHz, 0 %, 0 %
2026/03/24 06:20:25.872, 0, 369.24 W, 31, 2032 MHz, 3996 MHz, 31 %, 16 %
2026/03/24 06:20:25.872, 1, 390.59 W, 33, 2032 MHz, 3996 MHz, 35 %, 17 %
2026/03/24 06:20:25.872, 2, 411.89 W, 31, 2032 MHz, 3996 MHz, 38 %, 19 %
2026/03/24 06:20:25.872, 3, 415.87 W, 34, 2032 MHz, 3996 MHz, 36 %, 20 %
2026/03/24 06:20:25.872, 4, 178.95 W, 26, 120 MHz, 3996 MHz, 0 %, 0 %
2026/03/24 06:20:25.872, 5, 180.58 W, 28, 120 MHz, 3996 MHz, 0 %, 0 %
2026/03/24 06:20:25.872, 6, 178.45 W, 26, 120 MHz, 3996 MHz, 0 %, 0 %
2026/03/24 06:20:25.872, 7, 176.58 W, 27, 120 MHz, 3996 MHz, 0 %, 0 %
2026/03/24 06:20:26.872, 0, 369.49 W, 31, 2032 MHz, 3996 MHz, 39 %, 16 %
2026/03/24 06:20:26.872, 1, 378.78 W, 33, 2032 MHz, 3996 MHz, 37 %, 19 %
2026/03/24 06:20:26.872, 2, 411.64 W, 32, 2032 MHz, 3996 MHz, 41 %, 21 %
2026/03/24 06:20:26.872, 3, 399.77 W, 34, 2032 MHz, 3996 MHz, 36 %, 21 %
2026/03/24 06:20:26.872, 4, 179.12 W, 26, 120 MHz, 3996 MHz, 0 %, 0 %
2026/03/24 06:20:26.872, 5, 180.58 W, 28, 120 MHz, 3996 MHz, 0 %, 0 %
2026/03/24 06:20:26.873, 6, 178.52 W, 26, 120 MHz, 3996 MHz, 0 %, 0 %
2026/03/24 06:20:26.873, 7, 176.58 W, 27, 120 MHz, 3996 MHz, 0 %, 0 %
2026/03/24 06:20:27.873, 0, 379.99 W, 31, 2032 MHz, 3996 MHz, 39 %, 17 %
2026/03/24 06:20:27.873, 1, 401.59 W, 34, 2032 MHz, 3996 MHz, 42 %, 20 %
2026/03/24 06:20:27.873, 2, 430.39 W, 32, 2032 MHz, 3996 MHz, 45 %, 21 %
2026/03/24 06:20:27.873, 3, 424.30 W, 35, 2032 MHz, 3996 MHz, 41 %, 24 %
2026/03/24 06:20:27.873, 4, 178.79 W, 26, 120 MHz, 3996 MHz, 0 %, 0 %
2026/03/24 06:20:27.873, 5, 180.58 W, 28, 120 MHz, 3996 MHz, 0 %, 0 %
2026/03/24 06:20:27.873, 6, 178.57 W, 26, 120 MHz, 3996 MHz, 0 %, 0 %
2026/03/24 06:20:27.873, 7, 176.58 W, 27, 120 MHz, 3996 MHz, 0 %, 0 %
2026/03/24 06:20:28.873, 0, 394.09 W, 31, 2032 MHz, 3996 MHz, 38 %, 15 %
2026/03/24 06:20:28.873, 1, 403.30 W, 34, 2032 MHz, 3996 MHz, 40 %, 17 %
2026/03/24 06:20:28.873, 2, 419.92 W, 32, 2032 MHz, 3996 MHz, 47 %, 20 %
2026/03/24 06:20:28.873, 3, 430.52 W, 35, 2032 MHz, 3996 MHz, 39 %, 21 %
2026/03/24 06:20:28.873, 4, 179.47 W, 26, 120 MHz, 3996 MHz, 0 %, 0 %
2026/03/24 06:20:28.873, 5, 180.58 W, 28, 120 MHz, 3996 MHz, 0 %, 0 %
2026/03/24 06:20:28.873, 6, 178.30 W, 26, 120 MHz, 3996 MHz, 0 %, 0 %
2026/03/24 06:20:28.873, 7, 176.59 W, 27, 120 MHz, 3996 MHz, 0 %, 0 %
2026/03/24 06:20:29.873, 0, 254.70 W, 29, 2032 MHz, 3996 MHz, 100 %, 0 %
2026/03/24 06:20:29.873, 1, 440.99 W, 35, 2032 MHz, 3996 MHz, 13 %, 5 %
2026/03/24 06:20:29.873, 2, 297.51 W, 29, 2032 MHz, 3996 MHz, 100 %, 0 %
2026/03/24 06:20:29.873, 3, 465.77 W, 35, 2032 MHz, 3996 MHz, 25 %, 9 %
2026/03/24 06:20:29.873, 4, 178.97 W, 26, 120 MHz, 3996 MHz, 0 %, 0 %
2026/03/24 06:20:29.873, 5, 180.58 W, 28, 120 MHz, 3996 MHz, 0 %, 0 %
2026/03/24 06:20:29.873, 6, 178.60 W, 26, 120 MHz, 3996 MHz, 0 %, 0 %
2026/03/24 06:20:29.873, 7, 176.58 W, 27, 120 MHz, 3996 MHz, 0 %, 0 %
2026/03/24 06:20:30.873, 0, 325.68 W, 29, 2032 MHz, 3996 MHz, 0 %, 0 %
2026/03/24 06:20:30.873, 1, 323.47 W, 32, 2032 MHz, 3996 MHz, 0 %, 0 %
2026/03/24 06:20:30.873, 2, 323.23 W, 29, 2032 MHz, 3996 MHz, 0 %, 0 %
2026/03/24 06:20:30.873, 3, 321.14 W, 32, 2032 MHz, 3996 MHz, 0 %, 0 %
2026/03/24 06:20:30.873, 4, 179.25 W, 26, 120 MHz, 3996 MHz, 0 %, 0 %
2026/03/24 06:20:30.873, 5, 180.58 W, 28, 120 MHz, 3996 MHz, 0 %, 0 %
2026/03/24 06:20:30.873, 6, 178.34 W, 26, 120 MHz, 3996 MHz, 0 %, 0 %
2026/03/24 06:20:30.873, 7, 176.58 W, 27, 120 MHz, 3996 MHz, 0 %, 0 %
2026/03/24 06:20:31.873, 0, 268.56 W, 29, 2032 MHz, 3996 MHz, 7 %, 3 %
2026/03/24 06:20:31.873, 1, 259.68 W, 32, 2032 MHz, 3996 MHz, 64 %, 2 %
2026/03/24 06:20:31.873, 2, 277.06 W, 29, 2032 MHz, 3996 MHz, 42 %, 2 %
2026/03/24 06:20:31.873, 3, 275.32 W, 32, 2032 MHz, 3996 MHz, 61 %, 2 %
2026/03/24 06:20:31.873, 4, 178.92 W, 26, 120 MHz, 3996 MHz, 0 %, 0 %
2026/03/24 06:20:31.873, 5, 180.58 W, 28, 120 MHz, 3996 MHz, 0 %, 0 %
2026/03/24 06:20:31.873, 6, 178.56 W, 26, 120 MHz, 3996 MHz, 0 %, 0 %
2026/03/24 06:20:31.873, 7, 176.58 W, 27, 120 MHz, 3996 MHz, 0 %, 0 %
2026/03/24 06:20:32.873, 0, 240.92 W, 29, 2032 MHz, 3996 MHz, 34 %, 2 %
2026/03/24 06:20:32.874, 1, 245.97 W, 31, 2032 MHz, 3996 MHz, 9 %, 1 %
2026/03/24 06:20:32.874, 2, 249.68 W, 29, 2032 MHz, 3996 MHz, 71 %, 2 %
2026/03/24 06:20:32.874, 3, 250.10 W, 32, 2032 MHz, 3996 MHz, 91 %, 1 %
2026/03/24 06:20:32.874, 4, 179.16 W, 26, 120 MHz, 3996 MHz, 0 %, 0 %
2026/03/24 06:20:32.874, 5, 180.58 W, 28, 120 MHz, 3996 MHz, 0 %, 0 %
2026/03/24 06:20:32.874, 6, 178.52 W, 26, 120 MHz, 3996 MHz, 0 %, 0 %
2026/03/24 06:20:32.874, 7, 176.58 W, 27, 120 MHz, 3996 MHz, 0 %, 0 %
2026/03/24 06:20:33.874, 0, 238.59 W, 29, 2032 MHz, 3996 MHz, 5 %, 1 %
2026/03/24 06:20:33.874, 1, 251.31 W, 32, 2032 MHz, 3996 MHz, 100 %, 1 %
2026/03/24 06:20:33.874, 2, 252.12 W, 29, 2032 MHz, 3996 MHz, 85 %, 1 %
2026/03/24 06:20:33.875, 3, 252.07 W, 32, 2032 MHz, 3996 MHz, 100 %, 1 %
2026/03/24 06:20:33.875, 4, 179.00 W, 26, 120 MHz, 3996 MHz, 0 %, 0 %
2026/03/24 06:20:33.875, 5, 180.58 W, 28, 120 MHz, 3996 MHz, 0 %, 0 %
2026/03/24 06:20:33.875, 6, 178.41 W, 26, 120 MHz, 3996 MHz, 0 %, 0 %
2026/03/24 06:20:33.875, 7, 176.58 W, 27, 120 MHz, 3996 MHz, 0 %, 0 %
2026/03/24 06:20:34.875, 0, 233.32 W, 29, 2032 MHz, 3996 MHz, 0 %, 0 %
2026/03/24 06:20:34.875, 1, 247.08 W, 31, 2032 MHz, 3996 MHz, 0 %, 0 %
2026/03/24 06:20:34.875, 2, 247.73 W, 29, 2032 MHz, 3996 MHz, 0 %, 0 %
2026/03/24 06:20:34.875, 3, 246.16 W, 32, 2032 MHz, 3996 MHz, 0 %, 0 %
2026/03/24 06:20:34.875, 4, 179.17 W, 26, 120 MHz, 3996 MHz, 0 %, 0 %
2026/03/24 06:20:34.875, 5, 180.58 W, 28, 120 MHz, 3996 MHz, 0 %, 0 %
2026/03/24 06:20:34.875, 6, 178.41 W, 26, 120 MHz, 3996 MHz, 0 %, 0 %
2026/03/24 06:20:34.875, 7, 176.58 W, 27, 120 MHz, 3996 MHz, 0 %, 0 %
2026/03/24 06:20:35.875, 0, 254.08 W, 29, 2032 MHz, 3996 MHz, 100 %, 1 %
2026/03/24 06:20:35.875, 1, 237.66 W, 31, 2032 MHz, 3996 MHz, 4 %, 1 %
2026/03/24 06:20:35.875, 2, 248.20 W, 29, 2032 MHz, 3996 MHz, 92 %, 1 %
2026/03/24 06:20:35.875, 3, 247.88 W, 32, 2032 MHz, 3996 MHz, 69 %, 0 %
2026/03/24 06:20:35.875, 4, 178.92 W, 26, 120 MHz, 3996 MHz, 0 %, 0 %
2026/03/24 06:20:35.875, 5, 180.58 W, 28, 120 MHz, 3996 MHz, 0 %, 0 %
2026/03/24 06:20:35.875, 6, 178.25 W, 26, 120 MHz, 3996 MHz, 0 %, 0 %
2026/03/24 06:20:35.875, 7, 176.58 W, 27, 120 MHz, 3996 MHz, 0 %, 0 %
2026/03/24 06:20:36.875, 0, 229.70 W, 29, 2032 MHz, 3996 MHz, 0 %, 0 %
2026/03/24 06:20:36.875, 1, 235.11 W, 31, 2032 MHz, 3996 MHz, 0 %, 0 %
2026/03/24 06:20:36.875, 2, 234.85 W, 29, 2032 MHz, 3996 MHz, 0 %, 0 %
2026/03/24 06:20:36.875, 3, 235.21 W, 31, 2032 MHz, 3996 MHz, 0 %, 0 %
2026/03/24 06:20:36.875, 4, 179.10 W, 26, 120 MHz, 3996 MHz, 0 %, 0 %
2026/03/24 06:20:36.875, 5, 180.58 W, 28, 120 MHz, 3996 MHz, 0 %, 0 %
2026/03/24 06:20:36.875, 6, 178.49 W, 26, 120 MHz, 3996 MHz, 0 %, 0 %
2026/03/24 06:20:36.875, 7, 176.58 W, 27, 120 MHz, 3996 MHz, 0 %, 0 %
2026/03/24 06:20:37.875, 0, 229.38 W, 29, 2032 MHz, 3996 MHz, 0 %, 0 %
2026/03/24 06:20:37.875, 1, 234.88 W, 31, 2032 MHz, 3996 MHz, 0 %, 0 %
2026/03/24 06:20:37.875, 2, 234.32 W, 28, 2032 MHz, 3996 MHz, 0 %, 0 %
2026/03/24 06:20:37.875, 3, 235.13 W, 31, 2032 MHz, 3996 MHz, 0 %, 0 %
2026/03/24 06:20:37.875, 4, 179.33 W, 26, 120 MHz, 3996 MHz, 0 %, 0 %
2026/03/24 06:20:37.875, 5, 180.58 W, 28, 120 MHz, 3996 MHz, 0 %, 0 %
2026/03/24 06:20:37.875, 6, 178.37 W, 26, 120 MHz, 3996 MHz, 0 %, 0 %
2026/03/24 06:20:37.875, 7, 176.58 W, 27, 120 MHz, 3996 MHz, 0 %, 0 %
2026/03/24 06:20:38.875, 0, 229.21 W, 28, 2032 MHz, 3996 MHz, 0 %, 0 %
2026/03/24 06:20:38.875, 1, 233.77 W, 31, 2032 MHz, 3996 MHz, 0 %, 0 %
2026/03/24 06:20:38.875, 2, 234.18 W, 28, 2032 MHz, 3996 MHz, 0 %, 0 %
2026/03/24 06:20:38.875, 3, 235.13 W, 31, 2032 MHz, 3996 MHz, 0 %, 0 %
2026/03/24 06:20:38.875, 4, 179.12 W, 26, 120 MHz, 3996 MHz, 0 %, 0 %
2026/03/24 06:20:38.875, 5, 180.58 W, 28, 120 MHz, 3996 MHz, 0 %, 0 %
2026/03/24 06:20:38.875, 6, 178.29 W, 26, 120 MHz, 3996 MHz, 0 %, 0 %
2026/03/24 06:20:38.875, 7, 176.58 W, 27, 120 MHz, 3996 MHz, 0 %, 0 %
2026/03/24 06:20:39.875, 0, 228.84 W, 28, 2032 MHz, 3996 MHz, 0 %, 0 %
2026/03/24 06:20:39.875, 1, 233.63 W, 31, 2032 MHz, 3996 MHz, 0 %, 0 %
2026/03/24 06:20:39.875, 2, 234.02 W, 28, 2032 MHz, 3996 MHz, 0 %, 0 %
2026/03/24 06:20:39.875, 3, 235.14 W, 31, 2032 MHz, 3996 MHz, 0 %, 0 %
2026/03/24 06:20:39.875, 4, 179.06 W, 26, 120 MHz, 3996 MHz, 0 %, 0 %
2026/03/24 06:20:39.875, 5, 180.58 W, 28, 120 MHz, 3996 MHz, 0 %, 0 %
2026/03/24 06:20:39.875, 6, 178.30 W, 26, 120 MHz, 3996 MHz, 0 %, 0 %
2026/03/24 06:20:39.875, 7, 176.58 W, 27, 120 MHz, 3996 MHz, 0 %, 0 %
2026/03/24 06:20:40.876, 0, 228.57 W, 28, 2032 MHz, 3996 MHz, 0 %, 0 %
2026/03/24 06:20:40.876, 1, 233.47 W, 31, 2032 MHz, 3996 MHz, 0 %, 0 %
2026/03/24 06:20:40.876, 2, 234.05 W, 28, 2032 MHz, 3996 MHz, 0 %, 0 %
2026/03/24 06:20:40.876, 3, 235.10 W, 31, 2032 MHz, 3996 MHz, 0 %, 0 %
2026/03/24 06:20:40.876, 4, 178.95 W, 26, 120 MHz, 3996 MHz, 0 %, 0 %
2026/03/24 06:20:40.876, 5, 180.58 W, 28, 120 MHz, 3996 MHz, 0 %, 0 %
2026/03/24 06:20:40.876, 6, 178.49 W, 26, 120 MHz, 3996 MHz, 0 %, 0 %
2026/03/24 06:20:40.876, 7, 176.58 W, 27, 120 MHz, 3996 MHz, 0 %, 0 %
2026/03/24 06:20:41.876, 0, 228.49 W, 28, 2032 MHz, 3996 MHz, 0 %, 0 %
2026/03/24 06:20:41.876, 1, 233.28 W, 31, 2032 MHz, 3996 MHz, 0 %, 0 %
2026/03/24 06:20:41.876, 2, 234.06 W, 28, 2032 MHz, 3996 MHz, 0 %, 0 %
2026/03/24 06:20:41.876, 3, 235.12 W, 31, 2032 MHz, 3996 MHz, 0 %, 0 %
2026/03/24 06:20:41.876, 4, 179.04 W, 26, 120 MHz, 3996 MHz, 0 %, 0 %
2026/03/24 06:20:41.876, 5, 180.58 W, 28, 120 MHz, 3996 MHz, 0 %, 0 %
2026/03/24 06:20:41.876, 6, 178.56 W, 26, 120 MHz, 3996 MHz, 0 %, 0 %
2026/03/24 06:20:41.876, 7, 176.58 W, 27, 120 MHz, 3996 MHz, 0 %, 0 %
2026/03/24 06:20:42.876, 0, 228.30 W, 28, 2032 MHz, 3996 MHz, 0 %, 0 %
2026/03/24 06:20:42.876, 1, 233.40 W, 31, 2032 MHz, 3996 MHz, 0 %, 0 %
2026/03/24 06:20:42.876, 2, 234.02 W, 28, 2032 MHz, 3996 MHz, 0 %, 0 %
2026/03/24 06:20:42.876, 3, 235.12 W, 31, 2032 MHz, 3996 MHz, 0 %, 0 %
2026/03/24 06:20:42.876, 4, 179.13 W, 26, 120 MHz, 3996 MHz, 0 %, 0 %
2026/03/24 06:20:42.876, 5, 180.58 W, 28, 120 MHz, 3996 MHz, 0 %, 0 %
2026/03/24 06:20:42.876, 6, 178.18 W, 26, 120 MHz, 3996 MHz, 0 %, 0 %
2026/03/24 06:20:42.876, 7, 176.58 W, 27, 120 MHz, 3996 MHz, 0 %, 0 %
2026/03/24 06:20:43.876, 0, 228.33 W, 28, 2032 MHz, 3996 MHz, 0 %, 0 %
2026/03/24 06:20:43.876, 1, 233.24 W, 31, 2032 MHz, 3996 MHz, 0 %, 0 %
2026/03/24 06:20:43.876, 2, 234.06 W, 28, 2032 MHz, 3996 MHz, 0 %, 0 %
2026/03/24 06:20:43.876, 3, 235.12 W, 31, 2032 MHz, 3996 MHz, 0 %, 0 %
2026/03/24 06:20:43.876, 4, 178.93 W, 26, 120 MHz, 3996 MHz, 0 %, 0 %
2026/03/24 06:20:43.876, 5, 180.58 W, 28, 120 MHz, 3996 MHz, 0 %, 0 %
2026/03/24 06:20:43.876, 6, 178.25 W, 26, 120 MHz, 3996 MHz, 0 %, 0 %
2026/03/24 06:20:43.876, 7, 176.58 W, 27, 120 MHz, 3996 MHz, 0 %, 0 %
2026/03/24 06:20:44.876, 0, 228.42 W, 28, 2032 MHz, 3996 MHz, 0 %, 0 %
2026/03/24 06:20:44.876, 1, 233.32 W, 31, 2032 MHz, 3996 MHz, 0 %, 0 %
2026/03/24 06:20:44.876, 2, 234.02 W, 28, 2032 MHz, 3996 MHz, 0 %, 0 %
2026/03/24 06:20:44.876, 3, 235.14 W, 31, 2032 MHz, 3996 MHz, 0 %, 0 %
2026/03/24 06:20:44.876, 4, 179.18 W, 26, 120 MHz, 3996 MHz, 0 %, 0 %
2026/03/24 06:20:44.876, 5, 180.58 W, 28, 120 MHz, 3996 MHz, 0 %, 0 %
2026/03/24 06:20:44.876, 6, 178.34 W, 26, 120 MHz, 3996 MHz, 0 %, 0 %
2026/03/24 06:20:44.876, 7, 176.58 W, 27, 120 MHz, 3996 MHz, 0 %, 0 %
2026/03/24 06:20:45.876, 0, 228.41 W, 28, 2032 MHz, 3996 MHz, 0 %, 0 %
2026/03/24 06:20:45.876, 1, 233.21 W, 31, 2032 MHz, 3996 MHz, 0 %, 0 %
2026/03/24 06:20:45.876, 2, 234.02 W, 28, 2032 MHz, 3996 MHz, 0 %, 0 %
2026/03/24 06:20:45.876, 3, 235.12 W, 31, 2032 MHz, 3996 MHz, 0 %, 0 %
2026/03/24 06:20:45.876, 4, 178.96 W, 26, 120 MHz, 3996 MHz, 0 %, 0 %
2026/03/24 06:20:45.876, 5, 180.58 W, 28, 120 MHz, 3996 MHz, 0 %, 0 %
2026/03/24 06:20:45.876, 6, 178.45 W, 26, 120 MHz, 3996 MHz, 0 %, 0 %
2026/03/24 06:20:45.876, 7, 176.58 W, 27, 120 MHz, 3996 MHz, 0 %, 0 %
2026/03/24 06:20:46.876, 0, 228.30 W, 28, 2032 MHz, 3996 MHz, 0 %, 0 %
2026/03/24 06:20:46.876, 1, 233.24 W, 31, 2032 MHz, 3996 MHz, 0 %, 0 %
2026/03/24 06:20:46.876, 2, 234.02 W, 28, 2032 MHz, 3996 MHz, 0 %, 0 %
2026/03/24 06:20:46.876, 3, 235.11 W, 31, 2032 MHz, 3996 MHz, 0 %, 0 %
2026/03/24 06:20:46.876, 4, 179.21 W, 26, 120 MHz, 3996 MHz, 0 %, 0 %
2026/03/24 06:20:46.876, 5, 180.58 W, 28, 120 MHz, 3996 MHz, 0 %, 0 %
2026/03/24 06:20:46.877, 6, 178.56 W, 26, 120 MHz, 3996 MHz, 0 %, 0 %
2026/03/24 06:20:46.877, 7, 176.58 W, 27, 120 MHz, 3996 MHz, 0 %, 0 %
2026/03/24 06:20:47.877, 0, 228.53 W, 28, 2032 MHz, 3996 MHz, 0 %, 0 %
2026/03/24 06:20:47.877, 1, 233.20 W, 31, 2032 MHz, 3996 MHz, 0 %, 0 %
2026/03/24 06:20:47.877, 2, 234.02 W, 28, 2032 MHz, 3996 MHz, 0 %, 0 %
2026/03/24 06:20:47.877, 3, 235.08 W, 31, 2032 MHz, 3996 MHz, 0 %, 0 %
2026/03/24 06:20:47.877, 4, 179.00 W, 26, 120 MHz, 3996 MHz, 0 %, 0 %
2026/03/24 06:20:47.877, 5, 180.58 W, 28, 120 MHz, 3996 MHz, 0 %, 0 %
2026/03/24 06:20:47.877, 6, 178.25 W, 26, 120 MHz, 3996 MHz, 0 %, 0 %
2026/03/24 06:20:47.877, 7, 176.58 W, 27, 120 MHz, 3996 MHz, 0 %, 0 %
2026/03/24 06:20:48.877, 0, 228.33 W, 28, 2032 MHz, 3996 MHz, 0 %, 0 %
2026/03/24 06:20:48.877, 1, 233.16 W, 31, 2032 MHz, 3996 MHz, 0 %, 0 %
2026/03/24 06:20:48.877, 2, 234.02 W, 28, 2032 MHz, 3996 MHz, 0 %, 0 %
2026/03/24 06:20:48.877, 3, 235.01 W, 31, 2032 MHz, 3996 MHz, 0 %, 0 %
2026/03/24 06:20:48.877, 4, 179.08 W, 26, 120 MHz, 3996 MHz, 0 %, 0 %
2026/03/24 06:20:48.877, 5, 180.58 W, 28, 120 MHz, 3996 MHz, 0 %, 0 %
2026/03/24 06:20:48.877, 6, 178.41 W, 26, 120 MHz, 3996 MHz, 0 %, 0 %
2026/03/24 06:20:48.877, 7, 176.59 W, 27, 120 MHz, 3996 MHz, 0 %, 0 %
2026/03/24 06:20:49.877, 0, 228.46 W, 28, 2032 MHz, 3996 MHz, 0 %, 0 %
2026/03/24 06:20:49.877, 1, 233.24 W, 31, 2032 MHz, 3996 MHz, 0 %, 0 %
2026/03/24 06:20:49.877, 2, 234.06 W, 28, 2032 MHz, 3996 MHz, 0 %, 0 %
2026/03/24 06:20:49.877, 3, 235.07 W, 31, 2032 MHz, 3996 MHz, 0 %, 0 %
2026/03/24 06:20:49.877, 4, 179.25 W, 26, 120 MHz, 3996 MHz, 0 %, 0 %
2026/03/24 06:20:49.877, 5, 180.58 W, 28, 120 MHz, 3996 MHz, 0 %, 0 %
2026/03/24 06:20:49.877, 6, 178.57 W, 26, 120 MHz, 3996 MHz, 0 %, 0 %
2026/03/24 06:20:49.877, 7, 176.59 W, 27, 120 MHz, 3996 MHz, 0 %, 0 %
2026/03/24 06:20:50.877, 0, 228.56 W, 28, 2032 MHz, 3996 MHz, 0 %, 0 %
2026/03/24 06:20:50.877, 1, 233.16 W, 30, 2032 MHz, 3996 MHz, 0 %, 0 %
2026/03/24 06:20:50.877, 2, 234.02 W, 28, 2032 MHz, 3996 MHz, 0 %, 0 %
2026/03/24 06:20:50.877, 3, 235.11 W, 31, 2032 MHz, 3996 MHz, 0 %, 0 %
2026/03/24 06:20:50.877, 4, 179.03 W, 26, 120 MHz, 3996 MHz, 0 %, 0 %
2026/03/24 06:20:50.877, 5, 180.58 W, 28, 120 MHz, 3996 MHz, 0 %, 0 %
2026/03/24 06:20:50.877, 6, 178.49 W, 26, 120 MHz, 3996 MHz, 0 %, 0 %
2026/03/24 06:20:50.877, 7, 176.58 W, 27, 120 MHz, 3996 MHz, 0 %, 0 %
2026/03/24 06:20:51.877, 0, 228.41 W, 28, 2032 MHz, 3996 MHz, 0 %, 0 %
2026/03/24 06:20:51.877, 1, 233.17 W, 30, 2032 MHz, 3996 MHz, 0 %, 0 %
2026/03/24 06:20:51.877, 2, 234.02 W, 28, 2032 MHz, 3996 MHz, 0 %, 0 %
2026/03/24 06:20:51.877, 3, 235.06 W, 31, 2032 MHz, 3996 MHz, 0 %, 0 %
2026/03/24 06:20:51.877, 4, 179.01 W, 26, 120 MHz, 3996 MHz, 0 %, 0 %
2026/03/24 06:20:51.877, 5, 180.58 W, 28, 120 MHz, 3996 MHz, 0 %, 0 %
2026/03/24 06:20:51.877, 6, 178.45 W, 26, 120 MHz, 3996 MHz, 0 %, 0 %
2026/03/24 06:20:51.877, 7, 176.58 W, 27, 120 MHz, 3996 MHz, 0 %, 0 %
2026/03/24 06:20:52.877, 0, 228.34 W, 28, 2032 MHz, 3996 MHz, 0 %, 0 %
2026/03/24 06:20:52.877, 1, 233.16 W, 30, 2032 MHz, 3996 MHz, 0 %, 0 %
2026/03/24 06:20:52.877, 2, 234.06 W, 28, 2032 MHz, 3996 MHz, 0 %, 0 %
2026/03/24 06:20:52.877, 3, 235.06 W, 31, 2032 MHz, 3996 MHz, 0 %, 0 %
2026/03/24 06:20:52.877, 4, 179.07 W, 26, 120 MHz, 3996 MHz, 0 %, 0 %
2026/03/24 06:20:52.877, 5, 180.58 W, 28, 120 MHz, 3996 MHz, 0 %, 0 %
2026/03/24 06:20:52.877, 6, 178.37 W, 26, 120 MHz, 3996 MHz, 0 %, 0 %
2026/03/24 06:20:52.877, 7, 176.59 W, 27, 120 MHz, 3996 MHz, 0 %, 0 %
2026/03/24 06:20:53.877, 0, 228.30 W, 28, 2032 MHz, 3996 MHz, 0 %, 0 %
2026/03/24 06:20:53.877, 1, 233.16 W, 30, 2032 MHz, 3996 MHz, 0 %, 0 %
2026/03/24 06:20:53.877, 2, 234.02 W, 28, 2032 MHz, 3996 MHz, 0 %, 0 %
2026/03/24 06:20:53.877, 3, 235.12 W, 31, 2032 MHz, 3996 MHz, 0 %, 0 %
2026/03/24 06:20:53.877, 4, 178.95 W, 26, 120 MHz, 3996 MHz, 0 %, 0 %
2026/03/24 06:20:53.877, 5, 180.58 W, 28, 120 MHz, 3996 MHz, 0 %, 0 %
2026/03/24 06:20:53.877, 6, 178.49 W, 26, 120 MHz, 3996 MHz, 0 %, 0 %
2026/03/24 06:20:53.878, 7, 176.58 W, 27, 120 MHz, 3996 MHz, 0 %, 0 %
2026/03/24 06:20:54.878, 0, 228.11 W, 28, 2032 MHz, 3996 MHz, 0 %, 0 %
2026/03/24 06:20:54.878, 1, 233.16 W, 30, 2032 MHz, 3996 MHz, 0 %, 0 %
2026/03/24 06:20:54.878, 2, 234.02 W, 28, 2032 MHz, 3996 MHz, 0 %, 0 %
2026/03/24 06:20:54.878, 3, 235.07 W, 31, 2032 MHz, 3996 MHz, 0 %, 0 %
2026/03/24 06:20:54.878, 4, 178.88 W, 26, 120 MHz, 3996 MHz, 0 %, 0 %
2026/03/24 06:20:54.878, 5, 180.58 W, 28, 120 MHz, 3996 MHz, 0 %, 0 %
2026/03/24 06:20:54.878, 6, 178.60 W, 26, 120 MHz, 3996 MHz, 0 %, 0 %
2026/03/24 06:20:54.878, 7, 176.58 W, 27, 120 MHz, 3996 MHz, 0 %, 0 %
2026/03/24 06:20:55.878, 0, 228.30 W, 28, 2032 MHz, 3996 MHz, 0 %, 0 %
2026/03/24 06:20:55.878, 1, 233.16 W, 30, 2032 MHz, 3996 MHz, 0 %, 0 %
2026/03/24 06:20:55.878, 2, 234.02 W, 28, 2032 MHz, 3996 MHz, 0 %, 0 %
2026/03/24 06:20:55.878, 3, 235.08 W, 31, 2032 MHz, 3996 MHz, 0 %, 0 %
2026/03/24 06:20:55.878, 4, 179.02 W, 26, 120 MHz, 3996 MHz, 0 %, 0 %
2026/03/24 06:20:55.878, 5, 180.58 W, 28, 120 MHz, 3996 MHz, 0 %, 0 %
2026/03/24 06:20:55.878, 6, 178.52 W, 26, 120 MHz, 3996 MHz, 0 %, 0 %
2026/03/24 06:20:55.878, 7, 176.58 W, 27, 120 MHz, 3996 MHz, 0 %, 0 %
2026/03/24 06:20:56.878, 0, 228.19 W, 28, 2032 MHz, 3996 MHz, 0 %, 0 %
2026/03/24 06:20:56.878, 1, 233.16 W, 30, 2032 MHz, 3996 MHz, 0 %, 0 %
2026/03/24 06:20:56.878, 2, 234.02 W, 28, 2032 MHz, 3996 MHz, 0 %, 0 %
2026/03/24 06:20:56.878, 3, 235.13 W, 31, 2032 MHz, 3996 MHz, 0 %, 0 %
2026/03/24 06:20:56.878, 4, 179.13 W, 26, 120 MHz, 3996 MHz, 0 %, 0 %
2026/03/24 06:20:56.878, 5, 180.58 W, 28, 120 MHz, 3996 MHz, 0 %, 0 %
2026/03/24 06:20:56.878, 6, 178.53 W, 26, 120 MHz, 3996 MHz, 0 %, 0 %
2026/03/24 06:20:56.878, 7, 176.58 W, 27, 120 MHz, 3996 MHz, 0 %, 0 %
2026/03/24 06:20:57.878, 0, 228.49 W, 28, 2032 MHz, 3996 MHz, 0 %, 0 %
2026/03/24 06:20:57.878, 1, 233.16 W, 30, 2032 MHz, 3996 MHz, 0 %, 0 %
2026/03/24 06:20:57.878, 2, 234.02 W, 28, 2032 MHz, 3996 MHz, 0 %, 0 %
2026/03/24 06:20:57.878, 3, 235.05 W, 31, 2032 MHz, 3996 MHz, 0 %, 0 %
2026/03/24 06:20:57.878, 4, 179.34 W, 26, 120 MHz, 3996 MHz, 0 %, 0 %
2026/03/24 06:20:57.878, 5, 180.58 W, 28, 120 MHz, 3996 MHz, 0 %, 0 %
2026/03/24 06:20:57.878, 6, 178.53 W, 26, 120 MHz, 3996 MHz, 0 %, 0 %
2026/03/24 06:20:57.878, 7, 176.58 W, 27, 120 MHz, 3996 MHz, 0 %, 0 %
2026/03/24 06:20:58.878, 0, 233.79 W, 28, 2032 MHz, 3996 MHz, 0 %, 0 %
2026/03/24 06:20:58.878, 1, 237.11 W, 30, 2032 MHz, 3996 MHz, 0 %, 0 %
2026/03/24 06:20:58.878, 2, 237.22 W, 28, 2032 MHz, 3996 MHz, 0 %, 0 %
2026/03/24 06:20:58.878, 3, 238.39 W, 31, 2032 MHz, 3996 MHz, 0 %, 0 %
2026/03/24 06:20:58.878, 4, 179.00 W, 26, 120 MHz, 3996 MHz, 0 %, 0 %
2026/03/24 06:20:58.878, 5, 180.58 W, 28, 120 MHz, 3996 MHz, 0 %, 0 %
2026/03/24 06:20:58.878, 6, 178.41 W, 26, 120 MHz, 3996 MHz, 0 %, 0 %
2026/03/24 06:20:58.878, 7, 176.58 W, 27, 120 MHz, 3996 MHz, 0 %, 0 %
2026/03/24 06:20:59.878, 0, 229.15 W, 28, 2032 MHz, 3996 MHz, 0 %, 0 %
2026/03/24 06:20:59.878, 1, 233.20 W, 30, 2032 MHz, 3996 MHz, 0 %, 0 %
2026/03/24 06:20:59.878, 2, 234.02 W, 28, 2032 MHz, 3996 MHz, 0 %, 0 %
2026/03/24 06:20:59.878, 3, 235.14 W, 31, 2032 MHz, 3996 MHz, 0 %, 0 %
2026/03/24 06:20:59.878, 4, 179.25 W, 26, 120 MHz, 3996 MHz, 0 %, 0 %
2026/03/24 06:20:59.878, 5, 180.58 W, 28, 120 MHz, 3996 MHz, 0 %, 0 %
2026/03/24 06:20:59.878, 6, 178.45 W, 26, 120 MHz, 3996 MHz, 0 %, 0 %
2026/03/24 06:20:59.878, 7, 176.58 W, 27, 120 MHz, 3996 MHz, 0 %, 0 %
2026/03/24 06:21:00.878, 0, 229.13 W, 28, 2032 MHz, 3996 MHz, 0 %, 0 %
2026/03/24 06:21:00.878, 1, 233.24 W, 30, 2032 MHz, 3996 MHz, 0 %, 0 %
2026/03/24 06:21:00.879, 2, 234.02 W, 28, 2032 MHz, 3996 MHz, 0 %, 0 %
2026/03/24 06:21:00.879, 3, 235.07 W, 31, 2032 MHz, 3996 MHz, 0 %, 0 %
2026/03/24 06:21:00.879, 4, 179.04 W, 26, 120 MHz, 3996 MHz, 0 %, 0 %
2026/03/24 06:21:00.879, 5, 180.58 W, 28, 120 MHz, 3996 MHz, 0 %, 0 %
2026/03/24 06:21:00.879, 6, 178.37 W, 26, 120 MHz, 3996 MHz, 0 %, 0 %
2026/03/24 06:21:00.879, 7, 176.58 W, 27, 120 MHz, 3996 MHz, 0 %, 0 %
2026/03/24 06:21:01.879, 0, 228.90 W, 28, 2032 MHz, 3996 MHz, 0 %, 0 %
2026/03/24 06:21:01.879, 1, 233.17 W, 30, 2032 MHz, 3996 MHz, 0 %, 0 %
2026/03/24 06:21:01.879, 2, 234.02 W, 28, 2032 MHz, 3996 MHz, 0 %, 0 %
2026/03/24 06:21:01.879, 3, 235.05 W, 31, 2032 MHz, 3996 MHz, 0 %, 0 %
2026/03/24 06:21:01.879, 4, 178.99 W, 26, 120 MHz, 3996 MHz, 0 %, 0 %
2026/03/24 06:21:01.879, 5, 180.58 W, 28, 120 MHz, 3996 MHz, 0 %, 0 %
2026/03/24 06:21:01.879, 6, 178.64 W, 26, 120 MHz, 3996 MHz, 0 %, 0 %
2026/03/24 06:21:01.879, 7, 176.58 W, 27, 120 MHz, 3996 MHz, 0 %, 0 %
2026/03/24 06:21:02.879, 0, 228.84 W, 28, 2032 MHz, 3996 MHz, 0 %, 0 %
2026/03/24 06:21:02.879, 1, 233.17 W, 30, 2032 MHz, 3996 MHz, 0 %, 0 %
2026/03/24 06:21:02.879, 2, 234.02 W, 28, 2032 MHz, 3996 MHz, 0 %, 0 %
2026/03/24 06:21:02.879, 3, 235.04 W, 31, 2032 MHz, 3996 MHz, 0 %, 0 %
2026/03/24 06:21:02.879, 4, 178.68 W, 26, 120 MHz, 3996 MHz, 0 %, 0 %
2026/03/24 06:21:02.879, 5, 180.58 W, 28, 120 MHz, 3996 MHz, 0 %, 0 %
2026/03/24 06:21:02.879, 6, 178.49 W, 26, 120 MHz, 3996 MHz, 0 %, 0 %
2026/03/24 06:21:02.879, 7, 176.58 W, 27, 120 MHz, 3996 MHz, 0 %, 0 %
2026/03/24 06:21:03.879, 0, 229.36 W, 28, 2032 MHz, 3996 MHz, 0 %, 0 %
2026/03/24 06:21:03.879, 1, 234.29 W, 30, 2032 MHz, 3996 MHz, 0 %, 0 %
2026/03/24 06:21:03.879, 2, 234.59 W, 28, 2032 MHz, 3996 MHz, 0 %, 0 %
2026/03/24 06:21:03.879, 3, 235.54 W, 31, 2032 MHz, 3996 MHz, 0 %, 0 %
2026/03/24 06:21:03.879, 4, 179.03 W, 26, 120 MHz, 3996 MHz, 0 %, 0 %
2026/03/24 06:21:03.879, 5, 180.58 W, 28, 120 MHz, 3996 MHz, 0 %, 0 %
2026/03/24 06:21:03.879, 6, 178.56 W, 26, 120 MHz, 3996 MHz, 0 %, 0 %
2026/03/24 06:21:03.879, 7, 176.58 W, 27, 120 MHz, 3996 MHz, 0 %, 0 %
2026/03/24 06:21:04.879, 0, 228.80 W, 28, 2032 MHz, 3996 MHz, 0 %, 0 %
2026/03/24 06:21:04.879, 1, 233.24 W, 30, 2032 MHz, 3996 MHz, 0 %, 0 %
2026/03/24 06:21:04.879, 2, 234.02 W, 28, 2032 MHz, 3996 MHz, 0 %, 0 %
2026/03/24 06:21:04.879, 3, 235.12 W, 31, 2032 MHz, 3996 MHz, 0 %, 0 %
2026/03/24 06:21:04.879, 4, 179.17 W, 26, 120 MHz, 3996 MHz, 0 %, 0 %
2026/03/24 06:21:04.879, 5, 180.58 W, 28, 120 MHz, 3996 MHz, 0 %, 0 %
2026/03/24 06:21:04.879, 6, 178.34 W, 26, 120 MHz, 3996 MHz, 0 %, 0 %
2026/03/24 06:21:04.879, 7, 176.58 W, 27, 120 MHz, 3996 MHz, 0 %, 0 %
2026/03/24 06:21:05.879, 0, 228.45 W, 28, 2032 MHz, 3996 MHz, 0 %, 0 %
2026/03/24 06:21:05.879, 1, 233.16 W, 30, 2032 MHz, 3996 MHz, 0 %, 0 %
2026/03/24 06:21:05.879, 2, 234.02 W, 28, 2032 MHz, 3996 MHz, 0 %, 0 %
2026/03/24 06:21:05.879, 3, 235.08 W, 31, 2032 MHz, 3996 MHz, 0 %, 0 %
2026/03/24 06:21:05.879, 4, 179.12 W, 26, 120 MHz, 3996 MHz, 0 %, 0 %
2026/03/24 06:21:05.879, 5, 180.58 W, 28, 120 MHz, 3996 MHz, 0 %, 0 %
2026/03/24 06:21:05.879, 6, 178.37 W, 26, 120 MHz, 3996 MHz, 0 %, 0 %
2026/03/24 06:21:05.879, 7, 176.58 W, 27, 120 MHz, 3996 MHz, 0 %, 0 %
2026/03/24 06:21:06.879, 0, 228.26 W, 28, 2032 MHz, 3996 MHz, 0 %, 0 %
2026/03/24 06:21:06.879, 1, 233.16 W, 30, 2032 MHz, 3996 MHz, 0 %, 0 %
2026/03/24 06:21:06.879, 2, 234.02 W, 28, 2032 MHz, 3996 MHz, 0 %, 0 %
2026/03/24 06:21:06.879, 3, 234.96 W, 31, 2032 MHz, 3996 MHz, 0 %, 0 %
2026/03/24 06:21:06.879, 4, 179.12 W, 26, 120 MHz, 3996 MHz, 0 %, 0 %
2026/03/24 06:21:06.879, 5, 180.58 W, 28, 120 MHz, 3996 MHz, 0 %, 0 %
2026/03/24 06:21:06.879, 6, 178.49 W, 26, 120 MHz, 3996 MHz, 0 %, 0 %
2026/03/24 06:21:06.879, 7, 176.59 W, 27, 120 MHz, 3996 MHz, 0 %, 0 %
2026/03/24 06:21:07.880, 0, 228.34 W, 28, 2032 MHz, 3996 MHz, 0 %, 0 %
2026/03/24 06:21:07.880, 1, 233.16 W, 30, 2032 MHz, 3996 MHz, 0 %, 0 %
2026/03/24 06:21:07.880, 2, 234.02 W, 28, 2032 MHz, 3996 MHz, 0 %, 0 %
2026/03/24 06:21:07.880, 3, 234.89 W, 31, 2032 MHz, 3996 MHz, 0 %, 0 %
2026/03/24 06:21:07.880, 4, 178.89 W, 26, 120 MHz, 3996 MHz, 0 %, 0 %
2026/03/24 06:21:07.880, 5, 180.58 W, 28, 120 MHz, 3996 MHz, 0 %, 0 %
2026/03/24 06:21:07.880, 6, 178.41 W, 26, 120 MHz, 3996 MHz, 0 %, 0 %
2026/03/24 06:21:07.880, 7, 176.58 W, 27, 120 MHz, 3996 MHz, 0 %, 0 %
2026/03/24 06:21:08.880, 0, 228.37 W, 28, 2032 MHz, 3996 MHz, 0 %, 0 %
2026/03/24 06:21:08.880, 1, 233.20 W, 30, 2032 MHz, 3996 MHz, 0 %, 0 %
2026/03/24 06:21:08.880, 2, 234.02 W, 28, 2032 MHz, 3996 MHz, 0 %, 0 %
2026/03/24 06:21:08.880, 3, 235.08 W, 31, 2032 MHz, 3996 MHz, 0 %, 0 %
2026/03/24 06:21:08.880, 4, 179.07 W, 26, 120 MHz, 3996 MHz, 0 %, 0 %
2026/03/24 06:21:08.880, 5, 180.58 W, 28, 120 MHz, 3996 MHz, 0 %, 0 %
2026/03/24 06:21:08.880, 6, 178.38 W, 26, 120 MHz, 3996 MHz, 0 %, 0 %
2026/03/24 06:21:08.880, 7, 176.58 W, 27, 120 MHz, 3996 MHz, 0 %, 0 %
2026/03/24 06:21:09.880, 0, 340.82 W, 35, 2032 MHz, 3996 MHz, 99 %, 42 %
2026/03/24 06:21:09.880, 1, 314.50 W, 37, 2032 MHz, 3996 MHz, 97 %, 27 %
2026/03/24 06:21:09.880, 2, 350.39 W, 35, 2032 MHz, 3996 MHz, 95 %, 35 %
2026/03/24 06:21:09.880, 3, 352.97 W, 34, 2032 MHz, 3996 MHz, 95 %, 27 %
2026/03/24 06:21:09.880, 4, 179.21 W, 26, 120 MHz, 3996 MHz, 0 %, 0 %
2026/03/24 06:21:09.880, 5, 180.58 W, 28, 120 MHz, 3996 MHz, 0 %, 0 %
2026/03/24 06:21:09.880, 6, 178.45 W, 26, 120 MHz, 3996 MHz, 0 %, 0 %
2026/03/24 06:21:09.880, 7, 176.58 W, 27, 120 MHz, 3996 MHz, 0 %, 0 %
2026/03/24 06:21:10.880, 0, 230.43 W, 28, 2032 MHz, 3996 MHz, 0 %, 0 %
2026/03/24 06:21:10.880, 1, 282.31 W, 30, 2032 MHz, 3996 MHz, 0 %, 0 %
2026/03/24 06:21:10.880, 2, 236.07 W, 28, 2032 MHz, 3996 MHz, 0 %, 0 %
2026/03/24 06:21:10.880, 3, 235.87 W, 31, 2032 MHz, 3996 MHz, 0 %, 0 %
2026/03/24 06:21:10.880, 4, 179.19 W, 26, 120 MHz, 3996 MHz, 0 %, 0 %
2026/03/24 06:21:10.880, 5, 180.58 W, 28, 120 MHz, 3996 MHz, 0 %, 0 %
2026/03/24 06:21:10.880, 6, 178.41 W, 26, 120 MHz, 3996 MHz, 0 %, 0 %
2026/03/24 06:21:10.880, 7, 176.58 W, 27, 120 MHz, 3996 MHz, 0 %, 0 %
2026/03/24 06:21:11.880, 0, 230.00 W, 28, 2032 MHz, 3996 MHz, 0 %, 0 %
2026/03/24 06:21:11.880, 1, 234.99 W, 30, 2032 MHz, 3996 MHz, 0 %, 0 %
2026/03/24 06:21:11.880, 2, 235.38 W, 28, 2032 MHz, 3996 MHz, 0 %, 0 %
2026/03/24 06:21:11.880, 3, 235.12 W, 31, 2032 MHz, 3996 MHz, 0 %, 0 %
2026/03/24 06:21:11.880, 4, 178.94 W, 26, 120 MHz, 3996 MHz, 0 %, 0 %
2026/03/24 06:21:11.880, 5, 180.58 W, 28, 120 MHz, 3996 MHz, 0 %, 0 %
2026/03/24 06:21:11.880, 6, 178.64 W, 26, 120 MHz, 3996 MHz, 0 %, 0 %
2026/03/24 06:21:11.880, 7, 176.58 W, 27, 120 MHz, 3996 MHz, 0 %, 0 %
2026/03/24 06:21:12.880, 0, 230.00 W, 28, 2032 MHz, 3996 MHz, 0 %, 0 %
2026/03/24 06:21:12.880, 1, 234.99 W, 30, 2032 MHz, 3996 MHz, 0 %, 0 %
2026/03/24 06:21:12.880, 2, 234.97 W, 28, 2032 MHz, 3996 MHz, 0 %, 0 %
2026/03/24 06:21:12.880, 3, 235.12 W, 31, 2032 MHz, 3996 MHz, 0 %, 0 %
2026/03/24 06:21:12.880, 4, 178.85 W, 26, 120 MHz, 3996 MHz, 0 %, 0 %
2026/03/24 06:21:12.880, 5, 180.58 W, 28, 120 MHz, 3996 MHz, 0 %, 0 %
2026/03/24 06:21:12.880, 6, 178.45 W, 26, 120 MHz, 3996 MHz, 0 %, 0 %
2026/03/24 06:21:12.880, 7, 176.59 W, 27, 120 MHz, 3996 MHz, 0 %, 0 %
2026/03/24 06:21:13.880, 0, 229.89 W, 28, 2032 MHz, 3996 MHz, 0 %, 0 %
2026/03/24 06:21:13.880, 1, 234.61 W, 30, 2032 MHz, 3996 MHz, 0 %, 0 %
2026/03/24 06:21:13.880, 2, 234.53 W, 28, 2032 MHz, 3996 MHz, 0 %, 0 %
2026/03/24 06:21:13.880, 3, 235.13 W, 31, 2032 MHz, 3996 MHz, 0 %, 0 %
2026/03/24 06:21:13.881, 4, 178.92 W, 26, 120 MHz, 3996 MHz, 0 %, 0 %
2026/03/24 06:21:13.881, 5, 180.58 W, 28, 120 MHz, 3996 MHz, 0 %, 0 %
2026/03/24 06:21:13.881, 6, 178.41 W, 26, 120 MHz, 3996 MHz, 0 %, 0 %
2026/03/24 06:21:13.881, 7, 176.59 W, 27, 120 MHz, 3996 MHz, 0 %, 0 %
2026/03/24 06:21:14.881, 0, 229.89 W, 28, 2032 MHz, 3996 MHz, 0 %, 0 %
2026/03/24 06:21:14.881, 1, 234.72 W, 30, 2032 MHz, 3996 MHz, 0 %, 0 %
2026/03/24 06:21:14.881, 2, 234.59 W, 28, 2032 MHz, 3996 MHz, 0 %, 0 %
2026/03/24 06:21:14.881, 3, 235.12 W, 31, 2032 MHz, 3996 MHz, 0 %, 0 %
2026/03/24 06:21:14.881, 4, 179.20 W, 26, 120 MHz, 3996 MHz, 0 %, 0 %
2026/03/24 06:21:14.881, 5, 180.58 W, 28, 120 MHz, 3996 MHz, 0 %, 0 %
2026/03/24 06:21:14.881, 6, 178.53 W, 26, 120 MHz, 3996 MHz, 0 %, 0 %
2026/03/24 06:21:14.882, 7, 176.58 W, 27, 120 MHz, 3996 MHz, 0 %, 0 %
2026/03/24 06:21:15.882, 0, 229.24 W, 28, 2032 MHz, 3996 MHz, 0 %, 0 %
2026/03/24 06:21:15.882, 1, 234.16 W, 30, 2032 MHz, 3996 MHz, 0 %, 0 %
2026/03/24 06:21:15.882, 2, 234.70 W, 28, 2032 MHz, 3996 MHz, 0 %, 0 %
2026/03/24 06:21:15.882, 3, 235.16 W, 30, 2032 MHz, 3996 MHz, 0 %, 0 %
2026/03/24 06:21:15.882, 4, 179.19 W, 26, 120 MHz, 3996 MHz, 0 %, 0 %
2026/03/24 06:21:15.882, 5, 180.58 W, 28, 120 MHz, 3996 MHz, 0 %, 0 %
2026/03/24 06:21:15.882, 6, 178.37 W, 26, 120 MHz, 3996 MHz, 0 %, 0 %
2026/03/24 06:21:15.882, 7, 176.58 W, 27, 120 MHz, 3996 MHz, 0 %, 0 %
2026/03/24 06:21:16.882, 0, 228.57 W, 28, 2032 MHz, 3996 MHz, 0 %, 0 %
2026/03/24 06:21:16.882, 1, 233.17 W, 30, 2032 MHz, 3996 MHz, 0 %, 0 %
2026/03/24 06:21:16.882, 2, 234.02 W, 28, 2032 MHz, 3996 MHz, 0 %, 0 %
2026/03/24 06:21:16.882, 3, 234.90 W, 30, 2032 MHz, 3996 MHz, 0 %, 0 %
2026/03/24 06:21:16.882, 4, 179.09 W, 26, 120 MHz, 3996 MHz, 0 %, 0 %
2026/03/24 06:21:16.882, 5, 180.58 W, 28, 120 MHz, 3996 MHz, 0 %, 0 %
2026/03/24 06:21:16.882, 6, 178.26 W, 26, 120 MHz, 3996 MHz, 0 %, 0 %
2026/03/24 06:21:16.882, 7, 176.58 W, 27, 120 MHz, 3996 MHz, 0 %, 0 %
2026/03/24 06:21:17.882, 0, 228.18 W, 28, 2032 MHz, 3996 MHz, 0 %, 0 %
2026/03/24 06:21:17.882, 1, 233.16 W, 30, 2032 MHz, 3996 MHz, 0 %, 0 %
2026/03/24 06:21:17.882, 2, 234.02 W, 28, 2032 MHz, 3996 MHz, 0 %, 0 %
2026/03/24 06:21:17.882, 3, 234.62 W, 30, 2032 MHz, 3996 MHz, 0 %, 0 %
2026/03/24 06:21:17.882, 4, 179.08 W, 26, 120 MHz, 3996 MHz, 0 %, 0 %
2026/03/24 06:21:17.882, 5, 180.58 W, 28, 120 MHz, 3996 MHz, 0 %, 0 %
2026/03/24 06:21:17.882, 6, 178.33 W, 26, 120 MHz, 3996 MHz, 0 %, 0 %
2026/03/24 06:21:17.882, 7, 176.58 W, 27, 120 MHz, 3996 MHz, 0 %, 0 %
2026/03/24 06:21:18.882, 0, 228.07 W, 28, 2032 MHz, 3996 MHz, 0 %, 0 %
2026/03/24 06:21:18.882, 1, 233.16 W, 30, 2032 MHz, 3996 MHz, 0 %, 0 %
2026/03/24 06:21:18.882, 2, 234.02 W, 28, 2032 MHz, 3996 MHz, 0 %, 0 %
2026/03/24 06:21:18.882, 3, 234.93 W, 30, 2032 MHz, 3996 MHz, 0 %, 0 %
2026/03/24 06:21:18.882, 4, 178.97 W, 26, 120 MHz, 3996 MHz, 0 %, 0 %
2026/03/24 06:21:18.882, 5, 180.58 W, 28, 120 MHz, 3996 MHz, 0 %, 0 %
2026/03/24 06:21:18.882, 6, 178.38 W, 26, 120 MHz, 3996 MHz, 0 %, 0 %
2026/03/24 06:21:18.882, 7, 176.59 W, 27, 120 MHz, 3996 MHz, 0 %, 0 %
2026/03/24 06:21:19.882, 0, 495.89 W, 32, 2032 MHz, 3996 MHz, 100 %, 25 %
2026/03/24 06:21:19.882, 1, 470.18 W, 34, 2032 MHz, 3996 MHz, 100 %, 26 %
2026/03/24 06:21:19.882, 2, 485.86 W, 32, 2032 MHz, 3996 MHz, 100 %, 26 %
2026/03/24 06:21:19.882, 3, 437.53 W, 34, 2032 MHz, 3996 MHz, 100 %, 26 %
2026/03/24 06:21:19.882, 4, 179.00 W, 26, 120 MHz, 3996 MHz, 0 %, 0 %
2026/03/24 06:21:19.882, 5, 180.58 W, 28, 120 MHz, 3996 MHz, 0 %, 0 %
2026/03/24 06:21:19.882, 6, 178.37 W, 26, 120 MHz, 3996 MHz, 0 %, 0 %
2026/03/24 06:21:19.882, 7, 176.58 W, 27, 120 MHz, 3996 MHz, 0 %, 0 %
2026/03/24 06:21:20.882, 0, 507.29 W, 32, 2032 MHz, 3996 MHz, 100 %, 25 %
2026/03/24 06:21:20.882, 1, 517.25 W, 34, 2032 MHz, 3996 MHz, 100 %, 26 %
2026/03/24 06:21:20.882, 2, 538.03 W, 32, 2032 MHz, 3996 MHz, 100 %, 27 %
2026/03/24 06:21:20.882, 3, 528.71 W, 35, 2032 MHz, 3996 MHz, 100 %, 27 %
2026/03/24 06:21:20.882, 4, 178.93 W, 26, 120 MHz, 3996 MHz, 0 %, 0 %
2026/03/24 06:21:20.882, 5, 180.58 W, 28, 120 MHz, 3996 MHz, 0 %, 0 %
2026/03/24 06:21:20.882, 6, 178.45 W, 26, 120 MHz, 3996 MHz, 0 %, 0 %
2026/03/24 06:21:20.882, 7, 176.59 W, 27, 120 MHz, 3996 MHz, 0 %, 0 %
2026/03/24 06:21:21.882, 0, 507.82 W, 33, 2032 MHz, 3996 MHz, 100 %, 26 %
2026/03/24 06:21:21.882, 1, 516.82 W, 35, 2032 MHz, 3996 MHz, 100 %, 26 %
2026/03/24 06:21:21.882, 2, 540.53 W, 33, 2032 MHz, 3996 MHz, 100 %, 27 %
2026/03/24 06:21:21.882, 3, 530.00 W, 35, 2032 MHz, 3996 MHz, 100 %, 27 %
2026/03/24 06:21:21.882, 4, 179.01 W, 26, 120 MHz, 3996 MHz, 0 %, 0 %
2026/03/24 06:21:21.883, 5, 180.58 W, 28, 120 MHz, 3996 MHz, 0 %, 0 %
2026/03/24 06:21:21.883, 6, 178.41 W, 26, 120 MHz, 3996 MHz, 0 %, 0 %
2026/03/24 06:21:21.883, 7, 176.58 W, 27, 120 MHz, 3996 MHz, 0 %, 0 %
2026/03/24 06:21:22.883, 0, 509.33 W, 33, 2032 MHz, 3996 MHz, 100 %, 26 %
2026/03/24 06:21:22.883, 1, 520.41 W, 35, 2032 MHz, 3996 MHz, 100 %, 27 %
2026/03/24 06:21:22.883, 2, 540.45 W, 33, 2032 MHz, 3996 MHz, 100 %, 27 %
2026/03/24 06:21:22.883, 3, 530.68 W, 36, 2032 MHz, 3996 MHz, 100 %, 27 %
2026/03/24 06:21:22.883, 4, 179.16 W, 26, 120 MHz, 3996 MHz, 0 %, 0 %
2026/03/24 06:21:22.883, 5, 180.58 W, 28, 120 MHz, 3996 MHz, 0 %, 0 %
2026/03/24 06:21:22.883, 6, 178.41 W, 26, 120 MHz, 3996 MHz, 0 %, 0 %
2026/03/24 06:21:22.883, 7, 176.58 W, 27, 120 MHz, 3996 MHz, 0 %, 0 %
2026/03/24 06:21:23.883, 0, 510.85 W, 33, 2032 MHz, 3996 MHz, 100 %, 26 %
2026/03/24 06:21:23.883, 1, 523.68 W, 35, 2032 MHz, 3996 MHz, 100 %, 27 %
2026/03/24 06:21:23.883, 2, 543.82 W, 33, 2032 MHz, 3996 MHz, 100 %, 27 %
2026/03/24 06:21:23.883, 3, 531.16 W, 36, 2032 MHz, 3996 MHz, 100 %, 26 %
2026/03/24 06:21:23.883, 4, 178.88 W, 26, 120 MHz, 3996 MHz, 0 %, 0 %
2026/03/24 06:21:23.883, 5, 180.58 W, 28, 120 MHz, 3996 MHz, 0 %, 0 %
2026/03/24 06:21:23.883, 6, 178.37 W, 26, 120 MHz, 3996 MHz, 0 %, 0 %
2026/03/24 06:21:23.883, 7, 176.58 W, 27, 120 MHz, 3996 MHz, 0 %, 0 %
2026/03/24 06:21:24.883, 0, 511.77 W, 33, 2032 MHz, 3996 MHz, 100 %, 26 %
2026/03/24 06:21:24.883, 1, 522.89 W, 35, 2032 MHz, 3996 MHz, 100 %, 27 %
2026/03/24 06:21:24.883, 2, 542.04 W, 33, 2032 MHz, 3996 MHz, 100 %, 27 %
2026/03/24 06:21:24.883, 3, 532.77 W, 36, 2032 MHz, 3996 MHz, 100 %, 27 %
2026/03/24 06:21:24.883, 4, 179.13 W, 26, 120 MHz, 3996 MHz, 0 %, 0 %
2026/03/24 06:21:24.883, 5, 180.58 W, 28, 120 MHz, 3996 MHz, 0 %, 0 %
2026/03/24 06:21:24.883, 6, 178.53 W, 26, 120 MHz, 3996 MHz, 0 %, 0 %
2026/03/24 06:21:24.883, 7, 176.58 W, 27, 120 MHz, 3996 MHz, 0 %, 0 %
2026/03/24 06:21:25.883, 0, 511.83 W, 33, 2032 MHz, 3996 MHz, 100 %, 26 %
2026/03/24 06:21:25.883, 1, 524.59 W, 35, 2032 MHz, 3996 MHz, 100 %, 27 %
2026/03/24 06:21:25.883, 2, 543.70 W, 33, 2032 MHz, 3996 MHz, 100 %, 28 %
2026/03/24 06:21:25.883, 3, 533.90 W, 36, 2032 MHz, 3996 MHz, 100 %, 27 %
2026/03/24 06:21:25.883, 4, 179.00 W, 26, 120 MHz, 3996 MHz, 0 %, 0 %
2026/03/24 06:21:25.883, 5, 180.58 W, 28, 120 MHz, 3996 MHz, 0 %, 0 %
2026/03/24 06:21:25.883, 6, 178.60 W, 26, 120 MHz, 3996 MHz, 0 %, 0 %
2026/03/24 06:21:25.883, 7, 176.58 W, 27, 120 MHz, 3996 MHz, 0 %, 0 %
2026/03/24 06:21:26.883, 0, 512.64 W, 33, 2032 MHz, 3996 MHz, 100 %, 26 %
2026/03/24 06:21:26.883, 1, 524.60 W, 36, 2032 MHz, 3996 MHz, 100 %, 27 %
2026/03/24 06:21:26.883, 2, 544.80 W, 34, 2032 MHz, 3996 MHz, 100 %, 27 %
2026/03/24 06:21:26.883, 3, 534.39 W, 36, 2032 MHz, 3996 MHz, 100 %, 27 %
2026/03/24 06:21:26.883, 4, 179.20 W, 26, 120 MHz, 3996 MHz, 0 %, 0 %
2026/03/24 06:21:26.883, 5, 180.58 W, 28, 120 MHz, 3996 MHz, 0 %, 0 %
2026/03/24 06:21:26.883, 6, 178.52 W, 26, 120 MHz, 3996 MHz, 0 %, 0 %
2026/03/24 06:21:26.883, 7, 176.58 W, 27, 120 MHz, 3996 MHz, 0 %, 0 %
2026/03/24 06:21:27.883, 0, 513.86 W, 33, 2032 MHz, 3996 MHz, 100 %, 26 %
2026/03/24 06:21:27.883, 1, 524.51 W, 36, 2032 MHz, 3996 MHz, 100 %, 27 %
2026/03/24 06:21:27.883, 2, 544.30 W, 34, 2032 MHz, 3996 MHz, 100 %, 27 %
2026/03/24 06:21:27.883, 3, 536.18 W, 36, 2032 MHz, 3996 MHz, 100 %, 28 %
2026/03/24 06:21:27.883, 4, 179.03 W, 26, 120 MHz, 3996 MHz, 0 %, 0 %
2026/03/24 06:21:27.883, 5, 180.58 W, 28, 120 MHz, 3996 MHz, 0 %, 0 %
2026/03/24 06:21:27.883, 6, 178.49 W, 26, 120 MHz, 3996 MHz, 0 %, 0 %
2026/03/24 06:21:27.883, 7, 176.58 W, 27, 120 MHz, 3996 MHz, 0 %, 0 %
2026/03/24 06:21:28.883, 0, 333.19 W, 30, 2032 MHz, 3996 MHz, 0 %, 0 %
2026/03/24 06:21:28.883, 1, 369.67 W, 32, 2032 MHz, 3996 MHz, 0 %, 0 %
2026/03/24 06:21:28.883, 2, 350.22 W, 30, 2032 MHz, 3996 MHz, 0 %, 0 %
2026/03/24 06:21:28.884, 3, 371.80 W, 33, 2032 MHz, 3996 MHz, 0 %, 0 %
2026/03/24 06:21:28.884, 4, 178.92 W, 26, 120 MHz, 3996 MHz, 0 %, 0 %
2026/03/24 06:21:28.884, 5, 180.58 W, 28, 120 MHz, 3996 MHz, 0 %, 0 %
2026/03/24 06:21:28.884, 6, 178.45 W, 26, 120 MHz, 3996 MHz, 0 %, 0 %
2026/03/24 06:21:28.884, 7, 176.58 W, 27, 120 MHz, 3996 MHz, 0 %, 0 %
2026/03/24 06:21:29.884, 0, 230.12 W, 29, 2032 MHz, 3996 MHz, 58 %, 0 %
2026/03/24 06:21:29.884, 1, 235.11 W, 32, 2032 MHz, 3996 MHz, 0 %, 0 %
2026/03/24 06:21:29.884, 2, 235.96 W, 29, 2032 MHz, 3996 MHz, 0 %, 0 %
2026/03/24 06:21:29.884, 3, 236.06 W, 32, 2032 MHz, 3996 MHz, 0 %, 0 %
2026/03/24 06:21:29.884, 4, 178.77 W, 26, 120 MHz, 3996 MHz, 0 %, 0 %
2026/03/24 06:21:29.884, 5, 180.58 W, 28, 120 MHz, 3996 MHz, 0 %, 0 %
2026/03/24 06:21:29.884, 6, 178.37 W, 26, 120 MHz, 3996 MHz, 0 %, 0 %
2026/03/24 06:21:29.884, 7, 176.58 W, 27, 120 MHz, 3996 MHz, 0 %, 0 %
2026/03/24 06:21:30.884, 0, 435.97 W, 33, 2032 MHz, 3996 MHz, 100 %, 23 %
2026/03/24 06:21:30.884, 1, 415.34 W, 35, 2032 MHz, 3996 MHz, 100 %, 23 %
2026/03/24 06:21:30.884, 2, 444.81 W, 33, 2032 MHz, 3996 MHz, 100 %, 24 %
2026/03/24 06:21:30.884, 3, 395.36 W, 35, 2032 MHz, 3996 MHz, 100 %, 23 %
2026/03/24 06:21:30.884, 4, 179.03 W, 26, 120 MHz, 3996 MHz, 0 %, 0 %
2026/03/24 06:21:30.884, 5, 180.58 W, 28, 120 MHz, 3996 MHz, 0 %, 0 %
2026/03/24 06:21:30.884, 6, 178.41 W, 26, 120 MHz, 3996 MHz, 0 %, 0 %
2026/03/24 06:21:30.884, 7, 176.58 W, 27, 120 MHz, 3996 MHz, 0 %, 0 %
2026/03/24 06:21:31.884, 0, 490.34 W, 33, 2032 MHz, 3996 MHz, 100 %, 22 %
2026/03/24 06:21:31.884, 1, 498.37 W, 35, 2032 MHz, 3996 MHz, 100 %, 23 %
2026/03/24 06:21:31.884, 2, 523.08 W, 33, 2032 MHz, 3996 MHz, 100 %, 24 %
2026/03/24 06:21:31.884, 3, 512.54 W, 36, 2032 MHz, 3996 MHz, 100 %, 24 %
2026/03/24 06:21:31.884, 4, 179.15 W, 26, 120 MHz, 3996 MHz, 0 %, 0 %
2026/03/24 06:21:31.884, 5, 180.58 W, 28, 120 MHz, 3996 MHz, 0 %, 0 %
2026/03/24 06:21:31.884, 6, 178.34 W, 26, 120 MHz, 3996 MHz, 0 %, 0 %
2026/03/24 06:21:31.884, 7, 176.58 W, 27, 120 MHz, 3996 MHz, 0 %, 0 %
2026/03/24 06:21:32.884, 0, 490.82 W, 33, 2032 MHz, 3996 MHz, 100 %, 23 %
2026/03/24 06:21:32.884, 1, 501.91 W, 36, 2032 MHz, 3996 MHz, 100 %, 24 %
2026/03/24 06:21:32.884, 2, 524.00 W, 34, 2032 MHz, 3996 MHz, 100 %, 24 %
2026/03/24 06:21:32.884, 3, 513.33 W, 36, 2032 MHz, 3996 MHz, 100 %, 24 %
2026/03/24 06:21:32.884, 4, 178.80 W, 26, 120 MHz, 3996 MHz, 0 %, 0 %
2026/03/24 06:21:32.884, 5, 180.58 W, 28, 120 MHz, 3996 MHz, 0 %, 0 %
2026/03/24 06:21:32.884, 6, 178.45 W, 26, 120 MHz, 3996 MHz, 0 %, 0 %
2026/03/24 06:21:32.884, 7, 176.58 W, 27, 120 MHz, 3996 MHz, 0 %, 0 %
2026/03/24 06:21:33.884, 0, 491.08 W, 33, 2032 MHz, 3996 MHz, 100 %, 23 %
2026/03/24 06:21:33.884, 1, 503.37 W, 36, 2032 MHz, 3996 MHz, 100 %, 24 %
2026/03/24 06:21:33.884, 2, 526.29 W, 34, 2032 MHz, 3996 MHz, 100 %, 24 %
2026/03/24 06:21:33.884, 3, 512.48 W, 36, 2032 MHz, 3996 MHz, 100 %, 24 %
2026/03/24 06:21:33.884, 4, 179.03 W, 26, 120 MHz, 3996 MHz, 0 %, 0 %
2026/03/24 06:21:33.884, 5, 180.58 W, 28, 120 MHz, 3996 MHz, 0 %, 0 %
2026/03/24 06:21:33.884, 6, 178.41 W, 26, 120 MHz, 3996 MHz, 0 %, 0 %
2026/03/24 06:21:33.884, 7, 176.58 W, 27, 120 MHz, 3996 MHz, 0 %, 0 %
2026/03/24 06:21:34.884, 0, 493.06 W, 33, 2032 MHz, 3996 MHz, 100 %, 23 %
2026/03/24 06:21:34.885, 1, 505.10 W, 36, 2032 MHz, 3996 MHz, 100 %, 24 %
2026/03/24 06:21:34.885, 2, 526.51 W, 34, 2032 MHz, 3996 MHz, 100 %, 24 %
2026/03/24 06:21:34.885, 3, 514.51 W, 37, 2032 MHz, 3996 MHz, 100 %, 24 %
2026/03/24 06:21:34.885, 4, 179.00 W, 26, 120 MHz, 3996 MHz, 0 %, 0 %
2026/03/24 06:21:34.885, 5, 180.58 W, 28, 120 MHz, 3996 MHz, 0 %, 0 %
2026/03/24 06:21:34.885, 6, 178.02 W, 26, 120 MHz, 3996 MHz, 0 %, 0 %
2026/03/24 06:21:34.885, 7, 176.58 W, 27, 120 MHz, 3996 MHz, 0 %, 0 %
2026/03/24 06:21:35.885, 0, 494.40 W, 34, 2032 MHz, 3996 MHz, 100 %, 24 %
2026/03/24 06:21:35.885, 1, 505.83 W, 36, 2032 MHz, 3996 MHz, 100 %, 24 %
2026/03/24 06:21:35.885, 2, 528.20 W, 34, 2032 MHz, 3996 MHz, 100 %, 25 %
2026/03/24 06:21:35.885, 3, 515.15 W, 37, 2032 MHz, 3996 MHz, 100 %, 24 %
2026/03/24 06:21:35.885, 4, 179.26 W, 26, 120 MHz, 3996 MHz, 0 %, 0 %
2026/03/24 06:21:35.885, 5, 180.58 W, 28, 120 MHz, 3996 MHz, 0 %, 0 %
2026/03/24 06:21:35.885, 6, 178.26 W, 26, 120 MHz, 3996 MHz, 0 %, 0 %
2026/03/24 06:21:35.885, 7, 176.58 W, 27, 120 MHz, 3996 MHz, 0 %, 0 %
2026/03/24 06:21:36.885, 0, 495.55 W, 34, 2032 MHz, 3996 MHz, 100 %, 23 %
2026/03/24 06:21:36.885, 1, 506.08 W, 36, 2032 MHz, 3996 MHz, 100 %, 25 %
2026/03/24 06:21:36.885, 2, 528.51 W, 34, 2032 MHz, 3996 MHz, 100 %, 25 %
2026/03/24 06:21:36.885, 3, 516.07 W, 37, 2032 MHz, 3996 MHz, 100 %, 24 %
2026/03/24 06:21:36.885, 4, 179.12 W, 26, 120 MHz, 3996 MHz, 0 %, 0 %
2026/03/24 06:21:36.885, 5, 180.58 W, 28, 120 MHz, 3996 MHz, 0 %, 0 %
2026/03/24 06:21:36.885, 6, 178.56 W, 26, 120 MHz, 3996 MHz, 0 %, 0 %
2026/03/24 06:21:36.885, 7, 176.58 W, 27, 120 MHz, 3996 MHz, 0 %, 0 %
2026/03/24 06:21:37.885, 0, 496.69 W, 34, 2032 MHz, 3996 MHz, 100 %, 24 %
2026/03/24 06:21:37.885, 1, 507.27 W, 36, 2032 MHz, 3996 MHz, 100 %, 24 %
2026/03/24 06:21:37.885, 2, 530.09 W, 34, 2032 MHz, 3996 MHz, 100 %, 25 %
2026/03/24 06:21:37.885, 3, 515.79 W, 37, 2032 MHz, 3996 MHz, 100 %, 24 %
2026/03/24 06:21:37.885, 4, 179.25 W, 26, 120 MHz, 3996 MHz, 0 %, 0 %
2026/03/24 06:21:37.885, 5, 180.58 W, 28, 120 MHz, 3996 MHz, 0 %, 0 %
2026/03/24 06:21:37.885, 6, 178.41 W, 26, 120 MHz, 3996 MHz, 0 %, 0 %
2026/03/24 06:21:37.885, 7, 176.58 W, 27, 120 MHz, 3996 MHz, 0 %, 0 %
2026/03/24 06:21:38.885, 0, 497.25 W, 34, 2032 MHz, 3996 MHz, 100 %, 24 %
2026/03/24 06:21:38.885, 1, 508.11 W, 36, 2032 MHz, 3996 MHz, 100 %, 25 %
2026/03/24 06:21:38.885, 2, 530.11 W, 34, 2032 MHz, 3996 MHz, 100 %, 25 %
2026/03/24 06:21:38.885, 3, 517.66 W, 37, 2032 MHz, 3996 MHz, 100 %, 24 %
2026/03/24 06:21:38.885, 4, 178.85 W, 26, 120 MHz, 3996 MHz, 0 %, 0 %
2026/03/24 06:21:38.885, 5, 180.58 W, 28, 120 MHz, 3996 MHz, 0 %, 0 %
2026/03/24 06:21:38.885, 6, 178.10 W, 26, 120 MHz, 3996 MHz, 0 %, 0 %
2026/03/24 06:21:38.885, 7, 176.58 W, 27, 120 MHz, 3996 MHz, 0 %, 0 %
2026/03/24 06:21:39.885, 0, 284.09 W, 30, 2032 MHz, 3996 MHz, 0 %, 0 %
2026/03/24 06:21:39.885, 1, 319.77 W, 33, 2032 MHz, 3996 MHz, 0 %, 0 %
2026/03/24 06:21:39.885, 2, 301.93 W, 30, 2032 MHz, 3996 MHz, 0 %, 0 %
2026/03/24 06:21:39.885, 3, 318.44 W, 33, 2032 MHz, 3996 MHz, 0 %, 0 %
2026/03/24 06:21:39.885, 4, 178.88 W, 26, 120 MHz, 3996 MHz, 0 %, 0 %
2026/03/24 06:21:39.885, 5, 180.58 W, 28, 120 MHz, 3996 MHz, 0 %, 0 %
2026/03/24 06:21:39.885, 6, 178.38 W, 26, 120 MHz, 3996 MHz, 0 %, 0 %
2026/03/24 06:21:39.885, 7, 176.58 W, 27, 120 MHz, 3996 MHz, 0 %, 0 %
2026/03/24 06:21:40.885, 0, 230.00 W, 30, 2032 MHz, 3996 MHz, 0 %, 0 %
2026/03/24 06:21:40.885, 1, 235.11 W, 32, 2032 MHz, 3996 MHz, 0 %, 0 %
2026/03/24 06:21:40.885, 2, 235.95 W, 30, 2032 MHz, 3996 MHz, 0 %, 0 %
2026/03/24 06:21:40.885, 3, 236.83 W, 33, 2032 MHz, 3996 MHz, 0 %, 0 %
2026/03/24 06:21:40.885, 4, 178.88 W, 26, 120 MHz, 3996 MHz, 0 %, 0 %
2026/03/24 06:21:40.885, 5, 180.58 W, 28, 120 MHz, 3996 MHz, 0 %, 0 %
2026/03/24 06:21:40.885, 6, 178.34 W, 26, 120 MHz, 3996 MHz, 0 %, 0 %
2026/03/24 06:21:40.885, 7, 176.58 W, 27, 120 MHz, 3996 MHz, 0 %, 0 %
2026/03/24 06:21:41.886, 0, 230.00 W, 30, 2032 MHz, 3996 MHz, 0 %, 0 %
2026/03/24 06:21:41.886, 1, 235.11 W, 32, 2032 MHz, 3996 MHz, 0 %, 0 %
2026/03/24 06:21:41.886, 2, 235.96 W, 30, 2032 MHz, 3996 MHz, 0 %, 0 %
2026/03/24 06:21:41.886, 3, 236.33 W, 33, 2032 MHz, 3996 MHz, 0 %, 0 %
2026/03/24 06:21:41.886, 4, 179.37 W, 26, 120 MHz, 3996 MHz, 0 %, 0 %
2026/03/24 06:21:41.886, 5, 180.58 W, 28, 120 MHz, 3996 MHz, 0 %, 0 %
2026/03/24 06:21:41.886, 6, 178.41 W, 26, 120 MHz, 3996 MHz, 0 %, 0 %
2026/03/24 06:21:41.886, 7, 176.58 W, 27, 120 MHz, 3996 MHz, 0 %, 0 %
2026/03/24 06:21:42.886, 0, 230.00 W, 30, 2032 MHz, 3996 MHz, 0 %, 0 %
2026/03/24 06:21:42.886, 1, 235.11 W, 32, 2032 MHz, 3996 MHz, 0 %, 0 %
2026/03/24 06:21:42.886, 2, 235.92 W, 30, 2032 MHz, 3996 MHz, 0 %, 0 %
2026/03/24 06:21:42.886, 3, 235.84 W, 32, 2032 MHz, 3996 MHz, 0 %, 0 %
2026/03/24 06:21:42.886, 4, 179.05 W, 26, 120 MHz, 3996 MHz, 0 %, 0 %
2026/03/24 06:21:42.886, 5, 180.58 W, 28, 120 MHz, 3996 MHz, 0 %, 0 %
2026/03/24 06:21:42.886, 6, 178.21 W, 26, 120 MHz, 3996 MHz, 0 %, 0 %
2026/03/24 06:21:42.886, 7, 176.58 W, 27, 120 MHz, 3996 MHz, 0 %, 0 %
2026/03/24 06:21:43.886, 0, 230.00 W, 29, 2032 MHz, 3996 MHz, 0 %, 0 %
2026/03/24 06:21:43.886, 1, 235.12 W, 32, 2032 MHz, 3996 MHz, 0 %, 0 %
2026/03/24 06:21:43.886, 2, 235.88 W, 29, 2032 MHz, 3996 MHz, 0 %, 0 %
2026/03/24 06:21:43.886, 3, 235.52 W, 32, 2032 MHz, 3996 MHz, 0 %, 0 %
2026/03/24 06:21:43.886, 4, 179.12 W, 26, 120 MHz, 3996 MHz, 0 %, 0 %
2026/03/24 06:21:43.886, 5, 180.58 W, 28, 120 MHz, 3996 MHz, 0 %, 0 %
2026/03/24 06:21:43.886, 6, 178.34 W, 26, 120 MHz, 3996 MHz, 0 %, 0 %
2026/03/24 06:21:43.886, 7, 176.58 W, 27, 120 MHz, 3996 MHz, 0 %, 0 %
2026/03/24 06:21:44.886, 0, 230.00 W, 29, 2032 MHz, 3996 MHz, 0 %, 0 %
2026/03/24 06:21:44.886, 1, 235.11 W, 32, 2032 MHz, 3996 MHz, 0 %, 0 %
2026/03/24 06:21:44.886, 2, 235.80 W, 29, 2032 MHz, 3996 MHz, 0 %, 0 %
2026/03/24 06:21:44.886, 3, 235.49 W, 32, 2032 MHz, 3996 MHz, 0 %, 0 %
2026/03/24 06:21:44.886, 4, 179.02 W, 26, 120 MHz, 3996 MHz, 0 %, 0 %
2026/03/24 06:21:44.886, 5, 180.58 W, 28, 120 MHz, 3996 MHz, 0 %, 0 %
2026/03/24 06:21:44.886, 6, 178.37 W, 26, 120 MHz, 3996 MHz, 0 %, 0 %
2026/03/24 06:21:44.886, 7, 176.58 W, 27, 120 MHz, 3996 MHz, 0 %, 0 %
2026/03/24 06:21:45.886, 0, 230.16 W, 29, 2032 MHz, 3996 MHz, 0 %, 0 %
2026/03/24 06:21:45.886, 1, 235.57 W, 32, 2032 MHz, 3996 MHz, 0 %, 0 %
2026/03/24 06:21:45.886, 2, 236.11 W, 29, 2032 MHz, 3996 MHz, 0 %, 0 %
2026/03/24 06:21:45.886, 3, 235.98 W, 32, 2032 MHz, 3996 MHz, 0 %, 0 %
2026/03/24 06:21:45.886, 4, 179.08 W, 26, 120 MHz, 3996 MHz, 0 %, 0 %
2026/03/24 06:21:45.886, 5, 180.58 W, 28, 120 MHz, 3996 MHz, 0 %, 0 %
2026/03/24 06:21:45.886, 6, 178.33 W, 26, 120 MHz, 3996 MHz, 0 %, 0 %
2026/03/24 06:21:45.886, 7, 176.58 W, 27, 120 MHz, 3996 MHz, 0 %, 0 %
2026/03/24 06:21:46.886, 0, 230.00 W, 29, 2032 MHz, 3996 MHz, 0 %, 0 %
2026/03/24 06:21:46.886, 1, 235.11 W, 32, 2032 MHz, 3996 MHz, 0 %, 0 %
2026/03/24 06:21:46.886, 2, 235.92 W, 29, 2032 MHz, 3996 MHz, 0 %, 0 %
2026/03/24 06:21:46.886, 3, 235.46 W, 32, 2032 MHz, 3996 MHz, 0 %, 0 %
2026/03/24 06:21:46.886, 4, 178.96 W, 26, 120 MHz, 3996 MHz, 0 %, 0 %
2026/03/24 06:21:46.886, 5, 180.58 W, 28, 120 MHz, 3996 MHz, 0 %, 0 %
2026/03/24 06:21:46.886, 6, 178.41 W, 26, 120 MHz, 3996 MHz, 0 %, 0 %
2026/03/24 06:21:46.886, 7, 176.58 W, 27, 120 MHz, 3996 MHz, 0 %, 0 %
2026/03/24 06:21:47.886, 0, 229.96 W, 29, 2032 MHz, 3996 MHz, 0 %, 0 %
2026/03/24 06:21:47.886, 1, 235.11 W, 32, 2032 MHz, 3996 MHz, 0 %, 0 %
2026/03/24 06:21:47.886, 2, 235.76 W, 29, 2032 MHz, 3996 MHz, 0 %, 0 %
2026/03/24 06:21:47.886, 3, 235.32 W, 32, 2032 MHz, 3996 MHz, 0 %, 0 %
2026/03/24 06:21:47.886, 4, 178.95 W, 26, 120 MHz, 3996 MHz, 0 %, 0 %
2026/03/24 06:21:47.886, 5, 180.58 W, 28, 120 MHz, 3996 MHz, 0 %, 0 %
2026/03/24 06:21:47.886, 6, 178.34 W, 26, 120 MHz, 3996 MHz, 0 %, 0 %
2026/03/24 06:21:47.887, 7, 176.58 W, 27, 120 MHz, 3996 MHz, 0 %, 0 %
2026/03/24 06:21:48.887, 0, 230.00 W, 29, 2032 MHz, 3996 MHz, 0 %, 0 %
2026/03/24 06:21:48.887, 1, 235.07 W, 31, 2032 MHz, 3996 MHz, 0 %, 0 %
2026/03/24 06:21:48.887, 2, 235.16 W, 29, 2032 MHz, 3996 MHz, 0 %, 0 %
2026/03/24 06:21:48.887, 3, 235.12 W, 32, 2032 MHz, 3996 MHz, 0 %, 0 %
2026/03/24 06:21:48.887, 4, 178.89 W, 26, 120 MHz, 3996 MHz, 0 %, 0 %
2026/03/24 06:21:48.887, 5, 180.58 W, 28, 120 MHz, 3996 MHz, 0 %, 0 %
2026/03/24 06:21:48.887, 6, 178.41 W, 26, 120 MHz, 3996 MHz, 0 %, 0 %
2026/03/24 06:21:48.887, 7, 176.58 W, 27, 120 MHz, 3996 MHz, 0 %, 0 %
2026/03/24 06:21:49.887, 0, 229.77 W, 29, 2032 MHz, 3996 MHz, 0 %, 0 %
2026/03/24 06:21:49.887, 1, 235.12 W, 31, 2032 MHz, 3996 MHz, 0 %, 0 %
2026/03/24 06:21:49.887, 2, 235.11 W, 29, 2032 MHz, 3996 MHz, 0 %, 0 %
2026/03/24 06:21:49.887, 3, 235.14 W, 32, 2032 MHz, 3996 MHz, 0 %, 0 %
2026/03/24 06:21:49.887, 4, 179.04 W, 26, 120 MHz, 3996 MHz, 0 %, 0 %
2026/03/24 06:21:49.887, 5, 180.58 W, 28, 120 MHz, 3996 MHz, 0 %, 0 %
2026/03/24 06:21:49.887, 6, 178.34 W, 26, 120 MHz, 3996 MHz, 0 %, 0 %
2026/03/24 06:21:49.887, 7, 176.58 W, 27, 120 MHz, 3996 MHz, 0 %, 0 %
2026/03/24 06:21:50.887, 0, 713.23 W, 40, 2032 MHz, 3996 MHz, 95 %, 39 %
2026/03/24 06:21:50.887, 1, 643.07 W, 41, 2032 MHz, 3996 MHz, 99 %, 41 %
2026/03/24 06:21:50.887, 2, 719.81 W, 40, 2032 MHz, 3996 MHz, 99 %, 41 %
2026/03/24 06:21:50.887, 3, 652.50 W, 43, 2032 MHz, 3996 MHz, 99 %, 41 %
2026/03/24 06:21:50.887, 4, 178.93 W, 26, 120 MHz, 3996 MHz, 0 %, 0 %
2026/03/24 06:21:50.887, 5, 180.58 W, 28, 120 MHz, 3996 MHz, 0 %, 0 %
2026/03/24 06:21:50.887, 6, 178.34 W, 26, 120 MHz, 3996 MHz, 0 %, 0 %
2026/03/24 06:21:50.887, 7, 176.58 W, 27, 120 MHz, 3996 MHz, 0 %, 0 %
2026/03/24 06:21:51.887, 0, 969.51 W, 42, 2032 MHz, 3996 MHz, 99 %, 40 %
2026/03/24 06:21:51.887, 1, 973.95 W, 44, 2032 MHz, 3996 MHz, 98 %, 39 %
2026/03/24 06:21:51.887, 2, 977.35 W, 42, 2032 MHz, 3996 MHz, 98 %, 39 %
2026/03/24 06:21:51.887, 3, 987.18 W, 45, 2032 MHz, 3996 MHz, 98 %, 39 %
2026/03/24 06:21:51.887, 4, 179.35 W, 26, 120 MHz, 3996 MHz, 0 %, 0 %
2026/03/24 06:21:51.887, 5, 180.58 W, 28, 120 MHz, 3996 MHz, 0 %, 0 %
2026/03/24 06:21:51.887, 6, 178.26 W, 26, 120 MHz, 3996 MHz, 0 %, 0 %
2026/03/24 06:21:51.887, 7, 176.58 W, 27, 120 MHz, 3996 MHz, 0 %, 0 %
2026/03/24 06:21:52.887, 0, 924.76 W, 38, 2032 MHz, 3996 MHz, 100 %, 48 %
2026/03/24 06:21:52.887, 1, 947.92 W, 41, 2032 MHz, 3996 MHz, 97 %, 35 %
2026/03/24 06:21:52.887, 2, 918.16 W, 38, 2032 MHz, 3996 MHz, 99 %, 37 %
2026/03/24 06:21:52.887, 3, 964.94 W, 43, 2032 MHz, 3996 MHz, 99 %, 36 %
2026/03/24 06:21:52.887, 4, 178.94 W, 26, 120 MHz, 3996 MHz, 0 %, 0 %
2026/03/24 06:21:52.887, 5, 180.58 W, 28, 120 MHz, 3996 MHz, 0 %, 0 %
2026/03/24 06:21:52.887, 6, 178.56 W, 26, 120 MHz, 3996 MHz, 0 %, 0 %
2026/03/24 06:21:52.887, 7, 176.58 W, 27, 120 MHz, 3996 MHz, 0 %, 0 %
2026/03/24 06:21:53.887, 0, 662.37 W, 36, 2032 MHz, 3996 MHz, 100 %, 52 %
2026/03/24 06:21:53.887, 1, 671.72 W, 39, 2032 MHz, 3996 MHz, 100 %, 52 %
2026/03/24 06:21:53.887, 2, 672.12 W, 36, 2032 MHz, 3996 MHz, 100 %, 51 %
2026/03/24 06:21:53.887, 3, 663.23 W, 39, 2032 MHz, 3996 MHz, 100 %, 52 %
2026/03/24 06:21:53.887, 4, 178.91 W, 26, 120 MHz, 3996 MHz, 0 %, 0 %
2026/03/24 06:21:53.887, 5, 180.58 W, 28, 120 MHz, 3996 MHz, 0 %, 0 %
2026/03/24 06:21:53.887, 6, 178.57 W, 26, 120 MHz, 3996 MHz, 0 %, 0 %
2026/03/24 06:21:53.887, 7, 176.58 W, 27, 120 MHz, 3996 MHz, 0 %, 0 %
2026/03/24 06:21:54.887, 0, 670.52 W, 36, 2032 MHz, 3996 MHz, 100 %, 51 %
2026/03/24 06:21:54.887, 1, 681.89 W, 39, 2032 MHz, 3996 MHz, 100 %, 52 %
2026/03/24 06:21:54.887, 2, 681.32 W, 36, 2032 MHz, 3996 MHz, 100 %, 53 %
2026/03/24 06:21:54.887, 3, 676.59 W, 39, 2032 MHz, 3996 MHz, 100 %, 52 %
2026/03/24 06:21:54.887, 4, 178.83 W, 26, 120 MHz, 3996 MHz, 0 %, 0 %
2026/03/24 06:21:54.887, 5, 180.58 W, 28, 120 MHz, 3996 MHz, 0 %, 0 %
2026/03/24 06:21:54.888, 6, 178.41 W, 26, 120 MHz, 3996 MHz, 0 %, 0 %
2026/03/24 06:21:54.888, 7, 176.58 W, 27, 120 MHz, 3996 MHz, 0 %, 0 %
2026/03/24 06:21:55.888, 0, 671.67 W, 37, 2032 MHz, 3996 MHz, 100 %, 51 %
2026/03/24 06:21:55.888, 1, 682.81 W, 39, 2032 MHz, 3996 MHz, 100 %, 52 %
2026/03/24 06:21:55.888, 2, 682.39 W, 37, 2032 MHz, 3996 MHz, 100 %, 52 %
2026/03/24 06:21:55.888, 3, 676.37 W, 40, 2032 MHz, 3996 MHz, 100 %, 52 %
2026/03/24 06:21:55.888, 4, 178.92 W, 26, 120 MHz, 3996 MHz, 0 %, 0 %
2026/03/24 06:21:55.888, 5, 180.58 W, 28, 120 MHz, 3996 MHz, 0 %, 0 %
2026/03/24 06:21:55.888, 6, 178.38 W, 26, 120 MHz, 3996 MHz, 0 %, 0 %
2026/03/24 06:21:55.888, 7, 176.58 W, 27, 120 MHz, 3996 MHz, 0 %, 0 %
2026/03/24 06:21:56.888, 0, 671.58 W, 37, 2032 MHz, 3996 MHz, 100 %, 51 %
2026/03/24 06:21:56.888, 1, 684.27 W, 39, 2032 MHz, 3996 MHz, 100 %, 52 %
2026/03/24 06:21:56.888, 2, 683.60 W, 37, 2032 MHz, 3996 MHz, 100 %, 53 %
2026/03/24 06:21:56.888, 3, 674.48 W, 40, 2032 MHz, 3996 MHz, 100 %, 52 %
2026/03/24 06:21:56.888, 4, 179.02 W, 26, 120 MHz, 3996 MHz, 0 %, 0 %
2026/03/24 06:21:56.888, 5, 180.58 W, 28, 120 MHz, 3996 MHz, 0 %, 0 %
2026/03/24 06:21:56.888, 6, 178.34 W, 26, 120 MHz, 3996 MHz, 0 %, 0 %
2026/03/24 06:21:56.888, 7, 176.58 W, 27, 120 MHz, 3996 MHz, 0 %, 0 %
2026/03/24 06:21:57.888, 0, 670.11 W, 37, 2032 MHz, 3996 MHz, 100 %, 51 %
2026/03/24 06:21:57.888, 1, 683.61 W, 39, 2032 MHz, 3996 MHz, 100 %, 53 %
2026/03/24 06:21:57.888, 2, 681.50 W, 37, 2032 MHz, 3996 MHz, 100 %, 52 %
2026/03/24 06:21:57.888, 3, 677.22 W, 40, 2032 MHz, 3996 MHz, 100 %, 53 %
2026/03/24 06:21:57.888, 4, 179.09 W, 26, 120 MHz, 3996 MHz, 0 %, 0 %
2026/03/24 06:21:57.888, 5, 180.58 W, 28, 120 MHz, 3996 MHz, 0 %, 0 %
2026/03/24 06:21:57.888, 6, 178.49 W, 26, 120 MHz, 3996 MHz, 0 %, 0 %
2026/03/24 06:21:57.888, 7, 176.58 W, 27, 120 MHz, 3996 MHz, 0 %, 0 %
2026/03/24 06:21:58.888, 0, 669.40 W, 37, 2032 MHz, 3996 MHz, 100 %, 51 %
2026/03/24 06:21:58.888, 1, 684.69 W, 40, 2032 MHz, 3996 MHz, 100 %, 52 %
2026/03/24 06:21:58.888, 2, 682.55 W, 37, 2032 MHz, 3996 MHz, 100 %, 53 %
2026/03/24 06:21:58.888, 3, 675.01 W, 40, 2032 MHz, 3996 MHz, 100 %, 52 %
2026/03/24 06:21:58.888, 4, 179.01 W, 26, 120 MHz, 3996 MHz, 0 %, 0 %
2026/03/24 06:21:58.888, 5, 180.58 W, 28, 120 MHz, 3996 MHz, 0 %, 0 %
2026/03/24 06:21:58.888, 6, 178.38 W, 26, 120 MHz, 3996 MHz, 0 %, 0 %
2026/03/24 06:21:58.888, 7, 176.58 W, 27, 120 MHz, 3996 MHz, 0 %, 0 %
2026/03/24 06:21:59.888, 0, 671.60 W, 37, 2032 MHz, 3996 MHz, 100 %, 51 %
2026/03/24 06:21:59.888, 1, 684.47 W, 40, 2032 MHz, 3996 MHz, 100 %, 53 %
2026/03/24 06:21:59.888, 2, 683.48 W, 37, 2032 MHz, 3996 MHz, 100 %, 52 %
2026/03/24 06:21:59.888, 3, 678.18 W, 40, 2032 MHz, 3996 MHz, 100 %, 52 %
2026/03/24 06:21:59.888, 4, 178.90 W, 26, 120 MHz, 3996 MHz, 0 %, 0 %
2026/03/24 06:21:59.888, 5, 180.58 W, 28, 120 MHz, 3996 MHz, 0 %, 0 %
2026/03/24 06:21:59.888, 6, 178.22 W, 26, 120 MHz, 3996 MHz, 0 %, 0 %
2026/03/24 06:21:59.888, 7, 176.58 W, 27, 120 MHz, 3996 MHz, 0 %, 0 %
2026/03/24 06:22:00.888, 0, 670.89 W, 37, 2032 MHz, 3996 MHz, 100 %, 51 %
2026/03/24 06:22:00.888, 1, 686.83 W, 40, 2032 MHz, 3996 MHz, 100 %, 53 %
2026/03/24 06:22:00.888, 2, 682.98 W, 37, 2032 MHz, 3996 MHz, 100 %, 53 %
2026/03/24 06:22:00.888, 3, 674.01 W, 40, 2032 MHz, 3996 MHz, 100 %, 53 %
2026/03/24 06:22:00.888, 4, 178.95 W, 26, 120 MHz, 3996 MHz, 0 %, 0 %
2026/03/24 06:22:00.888, 5, 180.58 W, 28, 120 MHz, 3996 MHz, 0 %, 0 %
2026/03/24 06:22:00.888, 6, 178.37 W, 26, 120 MHz, 3996 MHz, 0 %, 0 %
2026/03/24 06:22:00.888, 7, 176.58 W, 27, 120 MHz, 3996 MHz, 0 %, 0 %
2026/03/24 06:22:01.888, 0, 672.27 W, 37, 2032 MHz, 3996 MHz, 100 %, 51 %
2026/03/24 06:22:01.888, 1, 685.11 W, 40, 2032 MHz, 3996 MHz, 100 %, 53 %
2026/03/24 06:22:01.889, 2, 683.35 W, 37, 2032 MHz, 3996 MHz, 100 %, 53 %
2026/03/24 06:22:01.889, 3, 676.56 W, 41, 2032 MHz, 3996 MHz, 100 %, 52 %
2026/03/24 06:22:01.889, 4, 178.81 W, 26, 120 MHz, 3996 MHz, 0 %, 0 %
2026/03/24 06:22:01.889, 5, 180.58 W, 28, 120 MHz, 3996 MHz, 0 %, 0 %
2026/03/24 06:22:01.889, 6, 178.21 W, 26, 120 MHz, 3996 MHz, 0 %, 0 %
2026/03/24 06:22:01.889, 7, 176.58 W, 27, 120 MHz, 3996 MHz, 0 %, 0 %
2026/03/24 06:22:02.889, 0, 670.16 W, 38, 2032 MHz, 3996 MHz, 100 %, 51 %
2026/03/24 06:22:02.889, 1, 686.68 W, 40, 2032 MHz, 3996 MHz, 100 %, 53 %
2026/03/24 06:22:02.889, 2, 683.55 W, 38, 2032 MHz, 3996 MHz, 100 %, 53 %
2026/03/24 06:22:02.889, 3, 676.98 W, 41, 2032 MHz, 3996 MHz, 100 %, 52 %
2026/03/24 06:22:02.889, 4, 178.96 W, 26, 120 MHz, 3996 MHz, 0 %, 0 %
2026/03/24 06:22:02.889, 5, 180.58 W, 28, 120 MHz, 3996 MHz, 0 %, 0 %
2026/03/24 06:22:02.889, 6, 178.30 W, 26, 120 MHz, 3996 MHz, 0 %, 0 %
2026/03/24 06:22:02.889, 7, 176.58 W, 27, 120 MHz, 3996 MHz, 0 %, 0 %
2026/03/24 06:22:03.889, 0, 888.91 W, 44, 2032 MHz, 3996 MHz, 99 %, 42 %
2026/03/24 06:22:03.889, 1, 872.14 W, 46, 2032 MHz, 3996 MHz, 100 %, 42 %
2026/03/24 06:22:03.889, 2, 897.88 W, 44, 2032 MHz, 3996 MHz, 99 %, 42 %
2026/03/24 06:22:03.889, 3, 879.42 W, 47, 2032 MHz, 3996 MHz, 100 %, 42 %
2026/03/24 06:22:03.889, 4, 178.93 W, 26, 120 MHz, 3996 MHz, 0 %, 0 %
2026/03/24 06:22:03.889, 5, 180.58 W, 28, 120 MHz, 3996 MHz, 0 %, 0 %
2026/03/24 06:22:03.889, 6, 178.48 W, 26, 120 MHz, 3996 MHz, 0 %, 0 %
2026/03/24 06:22:03.889, 7, 176.58 W, 27, 120 MHz, 3996 MHz, 0 %, 0 %
2026/03/24 06:22:04.889, 0, 793.92 W, 39, 2032 MHz, 3996 MHz, 100 %, 52 %
2026/03/24 06:22:04.889, 1, 818.32 W, 42, 2032 MHz, 3996 MHz, 100 %, 53 %
2026/03/24 06:22:04.889, 2, 804.73 W, 42, 2032 MHz, 3996 MHz, 98 %, 52 %
2026/03/24 06:22:04.889, 3, 822.54 W, 42, 2032 MHz, 3996 MHz, 100 %, 53 %
2026/03/24 06:22:04.889, 4, 179.04 W, 26, 120 MHz, 3996 MHz, 0 %, 0 %
2026/03/24 06:22:04.889, 5, 180.58 W, 28, 120 MHz, 3996 MHz, 0 %, 0 %
2026/03/24 06:22:04.889, 6, 178.49 W, 26, 120 MHz, 3996 MHz, 0 %, 0 %
2026/03/24 06:22:04.889, 7, 176.58 W, 27, 120 MHz, 3996 MHz, 0 %, 0 %
2026/03/24 06:22:05.889, 0, 893.34 W, 42, 2032 MHz, 3996 MHz, 99 %, 42 %
2026/03/24 06:22:05.889, 1, 873.63 W, 43, 2032 MHz, 3996 MHz, 100 %, 45 %
2026/03/24 06:22:05.889, 2, 895.42 W, 44, 2032 MHz, 3996 MHz, 96 %, 44 %
2026/03/24 06:22:05.889, 3, 877.04 W, 44, 2032 MHz, 3996 MHz, 100 %, 45 %
2026/03/24 06:22:05.889, 4, 179.03 W, 26, 120 MHz, 3996 MHz, 0 %, 0 %
2026/03/24 06:22:05.889, 5, 180.58 W, 28, 120 MHz, 3996 MHz, 0 %, 0 %
2026/03/24 06:22:05.889, 6, 178.29 W, 26, 120 MHz, 3996 MHz, 0 %, 0 %
2026/03/24 06:22:05.889, 7, 176.58 W, 27, 120 MHz, 3996 MHz, 0 %, 0 %
2026/03/24 06:22:06.889, 0, 880.49 W, 41, 2032 MHz, 3996 MHz, 100 %, 47 %
2026/03/24 06:22:06.889, 1, 884.79 W, 43, 2032 MHz, 3996 MHz, 100 %, 52 %
2026/03/24 06:22:06.889, 2, 883.23 W, 40, 2032 MHz, 3996 MHz, 100 %, 45 %
2026/03/24 06:22:06.889, 3, 886.52 W, 44, 2032 MHz, 3996 MHz, 100 %, 51 %
2026/03/24 06:22:06.889, 4, 178.94 W, 26, 120 MHz, 3996 MHz, 0 %, 0 %
2026/03/24 06:22:06.889, 5, 180.58 W, 28, 120 MHz, 3996 MHz, 0 %, 0 %
2026/03/24 06:22:06.889, 6, 178.33 W, 26, 120 MHz, 3996 MHz, 0 %, 0 %
2026/03/24 06:22:06.889, 7, 176.58 W, 27, 120 MHz, 3996 MHz, 0 %, 0 %
2026/03/24 06:22:07.889, 0, 713.87 W, 39, 2032 MHz, 3996 MHz, 100 %, 51 %
2026/03/24 06:22:07.889, 1, 726.13 W, 42, 2032 MHz, 3996 MHz, 100 %, 52 %
2026/03/24 06:22:07.889, 2, 722.37 W, 39, 2032 MHz, 3996 MHz, 100 %, 52 %
2026/03/24 06:22:07.889, 3, 718.58 W, 43, 2032 MHz, 3996 MHz, 100 %, 51 %
2026/03/24 06:22:07.889, 4, 179.02 W, 26, 120 MHz, 3996 MHz, 0 %, 0 %
2026/03/24 06:22:07.889, 5, 180.58 W, 28, 120 MHz, 3996 MHz, 0 %, 0 %
2026/03/24 06:22:07.889, 6, 178.37 W, 26, 120 MHz, 3996 MHz, 0 %, 0 %
2026/03/24 06:22:07.890, 7, 176.58 W, 27, 120 MHz, 3996 MHz, 0 %, 0 %
2026/03/24 06:22:08.890, 0, 673.70 W, 39, 2032 MHz, 3996 MHz, 100 %, 52 %
2026/03/24 06:22:08.890, 1, 684.28 W, 42, 2032 MHz, 3996 MHz, 100 %, 51 %
2026/03/24 06:22:08.890, 2, 681.94 W, 39, 2032 MHz, 3996 MHz, 100 %, 52 %
2026/03/24 06:22:08.890, 3, 673.86 W, 42, 2032 MHz, 3996 MHz, 100 %, 52 %
2026/03/24 06:22:08.890, 4, 179.03 W, 26, 120 MHz, 3996 MHz, 0 %, 0 %
2026/03/24 06:22:08.890, 5, 180.58 W, 28, 120 MHz, 3996 MHz, 0 %, 0 %
2026/03/24 06:22:08.890, 6, 178.49 W, 26, 120 MHz, 3996 MHz, 0 %, 0 %
2026/03/24 06:22:08.890, 7, 176.58 W, 27, 120 MHz, 3996 MHz, 0 %, 0 %
2026/03/24 06:22:09.890, 0, 673.34 W, 39, 2032 MHz, 3996 MHz, 100 %, 51 %
2026/03/24 06:22:09.890, 1, 684.79 W, 42, 2032 MHz, 3996 MHz, 100 %, 52 %
2026/03/24 06:22:09.890, 2, 683.49 W, 39, 2032 MHz, 3996 MHz, 100 %, 52 %
2026/03/24 06:22:09.890, 3, 674.36 W, 42, 2032 MHz, 3996 MHz, 100 %, 52 %
2026/03/24 06:22:09.890, 4, 178.86 W, 26, 120 MHz, 3996 MHz, 0 %, 0 %
2026/03/24 06:22:09.890, 5, 180.58 W, 28, 120 MHz, 3996 MHz, 0 %, 0 %
2026/03/24 06:22:09.890, 6, 178.45 W, 26, 120 MHz, 3996 MHz, 0 %, 0 %
2026/03/24 06:22:09.890, 7, 176.58 W, 27, 120 MHz, 3996 MHz, 0 %, 0 %
2026/03/24 06:22:10.890, 0, 675.30 W, 39, 2032 MHz, 3996 MHz, 100 %, 51 %
2026/03/24 06:22:10.890, 1, 687.91 W, 42, 2032 MHz, 3996 MHz, 100 %, 52 %
2026/03/24 06:22:10.890, 2, 685.77 W, 39, 2032 MHz, 3996 MHz, 100 %, 52 %
2026/03/24 06:22:10.890, 3, 675.75 W, 42, 2032 MHz, 3996 MHz, 100 %, 52 %
2026/03/24 06:22:10.890, 4, 178.99 W, 26, 120 MHz, 3996 MHz, 0 %, 0 %
2026/03/24 06:22:10.890, 5, 180.58 W, 28, 120 MHz, 3996 MHz, 0 %, 0 %
2026/03/24 06:22:10.890, 6, 178.34 W, 26, 120 MHz, 3996 MHz, 0 %, 0 %
2026/03/24 06:22:10.890, 7, 176.58 W, 27, 120 MHz, 3996 MHz, 0 %, 0 %
2026/03/24 06:22:11.890, 0, 677.33 W, 39, 2032 MHz, 3996 MHz, 100 %, 51 %
2026/03/24 06:22:11.890, 1, 690.25 W, 42, 2032 MHz, 3996 MHz, 100 %, 53 %
2026/03/24 06:22:11.890, 2, 686.89 W, 39, 2032 MHz, 3996 MHz, 100 %, 53 %
2026/03/24 06:22:11.890, 3, 675.55 W, 42, 2032 MHz, 3996 MHz, 100 %, 52 %
2026/03/24 06:22:11.890, 4, 179.11 W, 26, 120 MHz, 3996 MHz, 0 %, 0 %
2026/03/24 06:22:11.890, 5, 180.58 W, 28, 120 MHz, 3996 MHz, 0 %, 0 %
2026/03/24 06:22:11.890, 6, 178.33 W, 26, 120 MHz, 3996 MHz, 0 %, 0 %
2026/03/24 06:22:11.890, 7, 176.58 W, 27, 120 MHz, 3996 MHz, 0 %, 0 %
2026/03/24 06:22:12.890, 0, 673.78 W, 39, 2032 MHz, 3996 MHz, 100 %, 51 %
2026/03/24 06:22:12.890, 1, 689.57 W, 42, 2032 MHz, 3996 MHz, 100 %, 53 %
2026/03/24 06:22:12.890, 2, 686.38 W, 39, 2032 MHz, 3996 MHz, 100 %, 53 %
2026/03/24 06:22:12.890, 3, 676.82 W, 42, 2032 MHz, 3996 MHz, 100 %, 52 %
2026/03/24 06:22:12.890, 4, 179.01 W, 26, 120 MHz, 3996 MHz, 0 %, 0 %
2026/03/24 06:22:12.890, 5, 180.58 W, 28, 120 MHz, 3996 MHz, 0 %, 0 %
2026/03/24 06:22:12.890, 6, 178.41 W, 26, 120 MHz, 3996 MHz, 0 %, 0 %
2026/03/24 06:22:12.890, 7, 176.58 W, 27, 120 MHz, 3996 MHz, 0 %, 0 %
2026/03/24 06:22:13.890, 0, 673.56 W, 39, 2032 MHz, 3996 MHz, 100 %, 51 %
2026/03/24 06:22:13.896, 1, 688.44 W, 42, 2032 MHz, 3996 MHz, 100 %, 52 %
2026/03/24 06:22:13.896, 2, 682.93 W, 39, 2032 MHz, 3996 MHz, 100 %, 52 %
2026/03/24 06:22:13.896, 3, 676.42 W, 42, 2032 MHz, 3996 MHz, 100 %, 52 %
2026/03/24 06:22:13.896, 4, 179.01 W, 26, 120 MHz, 3996 MHz, 0 %, 0 %
2026/03/24 06:22:13.896, 5, 180.58 W, 28, 120 MHz, 3996 MHz, 0 %, 0 %
2026/03/24 06:22:13.896, 6, 178.45 W, 26, 120 MHz, 3996 MHz, 0 %, 0 %
2026/03/24 06:22:13.896, 7, 176.58 W, 27, 120 MHz, 3996 MHz, 0 %, 0 %
2026/03/24 06:22:14.896, 0, 673.37 W, 39, 2032 MHz, 3996 MHz, 100 %, 51 %
2026/03/24 06:22:14.896, 1, 687.07 W, 42, 2032 MHz, 3996 MHz, 100 %, 52 %
2026/03/24 06:22:14.896, 2, 684.63 W, 39, 2032 MHz, 3996 MHz, 100 %, 53 %
2026/03/24 06:22:14.896, 3, 674.49 W, 42, 2032 MHz, 3996 MHz, 100 %, 52 %
2026/03/24 06:22:14.896, 4, 179.04 W, 26, 120 MHz, 3996 MHz, 0 %, 0 %
2026/03/24 06:22:14.896, 5, 180.58 W, 28, 120 MHz, 3996 MHz, 0 %, 0 %
2026/03/24 06:22:14.896, 6, 178.45 W, 26, 120 MHz, 3996 MHz, 0 %, 0 %
2026/03/24 06:22:14.896, 7, 176.58 W, 27, 120 MHz, 3996 MHz, 0 %, 0 %
2026/03/24 06:22:15.896, 0, 672.60 W, 39, 2032 MHz, 3996 MHz, 100 %, 51 %
2026/03/24 06:22:15.896, 1, 687.98 W, 42, 2032 MHz, 3996 MHz, 100 %, 52 %
2026/03/24 06:22:15.896, 2, 683.91 W, 39, 2032 MHz, 3996 MHz, 100 %, 53 %
2026/03/24 06:22:15.896, 3, 678.39 W, 42, 2032 MHz, 3996 MHz, 100 %, 52 %
2026/03/24 06:22:15.896, 4, 178.96 W, 26, 120 MHz, 3996 MHz, 0 %, 0 %
2026/03/24 06:22:15.896, 5, 180.58 W, 28, 120 MHz, 3996 MHz, 0 %, 0 %
2026/03/24 06:22:15.896, 6, 178.57 W, 26, 120 MHz, 3996 MHz, 0 %, 0 %
2026/03/24 06:22:15.896, 7, 176.58 W, 27, 120 MHz, 3996 MHz, 0 %, 0 %
2026/03/24 06:22:16.897, 0, 782.78 W, 42, 2032 MHz, 3996 MHz, 100 %, 49 %
2026/03/24 06:22:16.897, 1, 786.78 W, 47, 2032 MHz, 3996 MHz, 99 %, 44 %
2026/03/24 06:22:16.897, 2, 787.00 W, 41, 2032 MHz, 3996 MHz, 100 %, 48 %
2026/03/24 06:22:16.897, 3, 784.13 W, 47, 2032 MHz, 3996 MHz, 99 %, 44 %
2026/03/24 06:22:16.897, 4, 179.03 W, 26, 120 MHz, 3996 MHz, 0 %, 0 %
2026/03/24 06:22:16.897, 5, 180.58 W, 28, 120 MHz, 3996 MHz, 0 %, 0 %
2026/03/24 06:22:16.897, 6, 178.17 W, 26, 120 MHz, 3996 MHz, 0 %, 0 %
2026/03/24 06:22:16.897, 7, 176.58 W, 27, 120 MHz, 3996 MHz, 0 %, 0 %
2026/03/24 06:22:17.897, 0, 786.78 W, 40, 2032 MHz, 3996 MHz, 100 %, 52 %
2026/03/24 06:22:17.897, 1, 802.35 W, 43, 2032 MHz, 3996 MHz, 100 %, 53 %
2026/03/24 06:22:17.897, 2, 790.02 W, 40, 2032 MHz, 3996 MHz, 100 %, 54 %
2026/03/24 06:22:17.897, 3, 794.30 W, 43, 2032 MHz, 3996 MHz, 100 %, 53 %
2026/03/24 06:22:17.897, 4, 179.15 W, 26, 120 MHz, 3996 MHz, 0 %, 0 %
2026/03/24 06:22:17.897, 5, 180.58 W, 28, 120 MHz, 3996 MHz, 0 %, 0 %
2026/03/24 06:22:17.897, 6, 178.41 W, 26, 120 MHz, 3996 MHz, 0 %, 0 %
2026/03/24 06:22:17.897, 7, 176.58 W, 27, 120 MHz, 3996 MHz, 0 %, 0 %
2026/03/24 06:22:18.897, 0, 834.80 W, 44, 2032 MHz, 3996 MHz, 100 %, 44 %
2026/03/24 06:22:18.897, 1, 820.20 W, 46, 2032 MHz, 3996 MHz, 97 %, 50 %
2026/03/24 06:22:18.897, 2, 842.28 W, 43, 2032 MHz, 3996 MHz, 99 %, 42 %
2026/03/24 06:22:18.897, 3, 821.08 W, 47, 2032 MHz, 3996 MHz, 98 %, 49 %
2026/03/24 06:22:18.897, 4, 178.88 W, 26, 120 MHz, 3996 MHz, 0 %, 0 %
2026/03/24 06:22:18.897, 5, 180.58 W, 28, 120 MHz, 3996 MHz, 0 %, 0 %
2026/03/24 06:22:18.897, 6, 178.38 W, 26, 120 MHz, 3996 MHz, 0 %, 0 %
2026/03/24 06:22:18.897, 7, 176.58 W, 27, 120 MHz, 3996 MHz, 0 %, 0 %
2026/03/24 06:22:19.897, 0, 864.35 W, 44, 2032 MHz, 3996 MHz, 98 %, 42 %
2026/03/24 06:22:19.897, 1, 867.17 W, 44, 2032 MHz, 3996 MHz, 100 %, 53 %
2026/03/24 06:22:19.897, 2, 871.44 W, 45, 2032 MHz, 3996 MHz, 98 %, 45 %
2026/03/24 06:22:19.897, 3, 873.98 W, 45, 2032 MHz, 3996 MHz, 100 %, 53 %
2026/03/24 06:22:19.897, 4, 178.96 W, 26, 120 MHz, 3996 MHz, 0 %, 0 %
2026/03/24 06:22:19.897, 5, 180.58 W, 28, 120 MHz, 3996 MHz, 0 %, 0 %
2026/03/24 06:22:19.897, 6, 178.52 W, 26, 120 MHz, 3996 MHz, 0 %, 0 %
2026/03/24 06:22:19.897, 7, 176.58 W, 27, 120 MHz, 3996 MHz, 0 %, 0 %
2026/03/24 06:22:20.897, 0, 795.07 W, 41, 2032 MHz, 3996 MHz, 100 %, 52 %
2026/03/24 06:22:20.897, 1, 831.63 W, 44, 2032 MHz, 3996 MHz, 100 %, 53 %
2026/03/24 06:22:20.897, 2, 809.32 W, 40, 2032 MHz, 3996 MHz, 100 %, 52 %
2026/03/24 06:22:20.897, 3, 831.56 W, 44, 2032 MHz, 3996 MHz, 100 %, 52 %
2026/03/24 06:22:20.897, 4, 178.84 W, 26, 120 MHz, 3996 MHz, 0 %, 0 %
2026/03/24 06:22:20.897, 5, 180.58 W, 28, 120 MHz, 3996 MHz, 0 %, 0 %
2026/03/24 06:22:20.897, 6, 178.52 W, 26, 120 MHz, 3996 MHz, 0 %, 0 %
2026/03/24 06:22:20.897, 7, 176.58 W, 27, 120 MHz, 3996 MHz, 0 %, 0 %
2026/03/24 06:22:21.897, 0, 775.46 W, 41, 2032 MHz, 3996 MHz, 100 %, 52 %
2026/03/24 06:22:21.897, 1, 783.70 W, 44, 2032 MHz, 3996 MHz, 100 %, 53 %
2026/03/24 06:22:21.897, 2, 776.23 W, 41, 2032 MHz, 3996 MHz, 100 %, 45 %
2026/03/24 06:22:21.897, 3, 780.86 W, 45, 2032 MHz, 3996 MHz, 100 %, 53 %
2026/03/24 06:22:21.897, 4, 178.99 W, 26, 120 MHz, 3996 MHz, 0 %, 0 %
2026/03/24 06:22:21.897, 5, 180.58 W, 28, 120 MHz, 3996 MHz, 0 %, 0 %
2026/03/24 06:22:21.897, 6, 178.34 W, 26, 120 MHz, 3996 MHz, 0 %, 0 %
2026/03/24 06:22:21.897, 7, 176.58 W, 27, 120 MHz, 3996 MHz, 0 %, 0 %
2026/03/24 06:22:22.897, 0, 724.25 W, 41, 2032 MHz, 3996 MHz, 100 %, 52 %
2026/03/24 06:22:22.897, 1, 729.08 W, 44, 2032 MHz, 3996 MHz, 100 %, 53 %
2026/03/24 06:22:22.897, 2, 729.20 W, 41, 2032 MHz, 3996 MHz, 100 %, 52 %
2026/03/24 06:22:22.897, 3, 726.08 W, 44, 2032 MHz, 3996 MHz, 100 %, 52 %
2026/03/24 06:22:22.897, 4, 178.87 W, 26, 120 MHz, 3996 MHz, 0 %, 0 %
2026/03/24 06:22:22.897, 5, 180.58 W, 28, 120 MHz, 3996 MHz, 0 %, 0 %
2026/03/24 06:22:22.897, 6, 178.21 W, 26, 120 MHz, 3996 MHz, 0 %, 0 %
2026/03/24 06:22:22.897, 7, 176.58 W, 27, 120 MHz, 3996 MHz, 0 %, 0 %
2026/03/24 06:22:23.898, 0, 678.78 W, 40, 2032 MHz, 3996 MHz, 100 %, 52 %
2026/03/24 06:22:23.898, 1, 691.31 W, 43, 2032 MHz, 3996 MHz, 100 %, 54 %
2026/03/24 06:22:23.898, 2, 686.60 W, 40, 2032 MHz, 3996 MHz, 100 %, 53 %
2026/03/24 06:22:23.898, 3, 679.35 W, 43, 2032 MHz, 3996 MHz, 100 %, 52 %
2026/03/24 06:22:23.898, 4, 178.80 W, 26, 120 MHz, 3996 MHz, 0 %, 0 %
2026/03/24 06:22:23.898, 5, 180.58 W, 28, 120 MHz, 3996 MHz, 0 %, 0 %
2026/03/24 06:22:23.898, 6, 178.34 W, 26, 120 MHz, 3996 MHz, 0 %, 0 %
2026/03/24 06:22:23.898, 7, 176.58 W, 27, 120 MHz, 3996 MHz, 0 %, 0 %
2026/03/24 06:22:24.898, 0, 678.22 W, 40, 2032 MHz, 3996 MHz, 100 %, 52 %
2026/03/24 06:22:24.898, 1, 692.16 W, 43, 2032 MHz, 3996 MHz, 100 %, 53 %
2026/03/24 06:22:24.898, 2, 684.46 W, 40, 2032 MHz, 3996 MHz, 100 %, 52 %
2026/03/24 06:22:24.898, 3, 678.81 W, 43, 2032 MHz, 3996 MHz, 100 %, 52 %
2026/03/24 06:22:24.898, 4, 179.08 W, 26, 120 MHz, 3996 MHz, 0 %, 0 %
2026/03/24 06:22:24.898, 5, 180.58 W, 28, 120 MHz, 3996 MHz, 0 %, 0 %
2026/03/24 06:22:24.898, 6, 178.26 W, 26, 120 MHz, 3996 MHz, 0 %, 0 %
2026/03/24 06:22:24.898, 7, 176.58 W, 27, 120 MHz, 3996 MHz, 0 %, 0 %
2026/03/24 06:22:25.898, 0, 677.70 W, 40, 2032 MHz, 3996 MHz, 100 %, 52 %
2026/03/24 06:22:25.898, 1, 693.27 W, 43, 2032 MHz, 3996 MHz, 100 %, 53 %
2026/03/24 06:22:25.898, 2, 686.69 W, 40, 2032 MHz, 3996 MHz, 100 %, 53 %
2026/03/24 06:22:25.898, 3, 680.03 W, 43, 2032 MHz, 3996 MHz, 100 %, 52 %
2026/03/24 06:22:25.898, 4, 178.92 W, 25, 120 MHz, 3996 MHz, 0 %, 0 %
2026/03/24 06:22:25.898, 5, 180.58 W, 28, 120 MHz, 3996 MHz, 0 %, 0 %
2026/03/24 06:22:25.898, 6, 178.37 W, 26, 120 MHz, 3996 MHz, 0 %, 0 %
2026/03/24 06:22:25.898, 7, 176.58 W, 27, 120 MHz, 3996 MHz, 0 %, 0 %
2026/03/24 06:22:26.898, 0, 678.41 W, 40, 2032 MHz, 3996 MHz, 100 %, 52 %
2026/03/24 06:22:26.898, 1, 694.19 W, 43, 2032 MHz, 3996 MHz, 100 %, 53 %
2026/03/24 06:22:26.898, 2, 685.26 W, 40, 2032 MHz, 3996 MHz, 100 %, 52 %
2026/03/24 06:22:26.898, 3, 678.64 W, 43, 2032 MHz, 3996 MHz, 100 %, 51 %
2026/03/24 06:22:26.898, 4, 178.79 W, 25, 120 MHz, 3996 MHz, 0 %, 0 %
2026/03/24 06:22:26.898, 5, 180.58 W, 28, 120 MHz, 3996 MHz, 0 %, 0 %
2026/03/24 06:22:26.898, 6, 178.45 W, 26, 120 MHz, 3996 MHz, 0 %, 0 %
2026/03/24 06:22:26.898, 7, 176.58 W, 27, 120 MHz, 3996 MHz, 0 %, 0 %
2026/03/24 06:22:27.898, 0, 678.89 W, 40, 2032 MHz, 3996 MHz, 100 %, 52 %
2026/03/24 06:22:27.898, 1, 692.87 W, 43, 2032 MHz, 3996 MHz, 100 %, 53 %
2026/03/24 06:22:27.898, 2, 687.87 W, 40, 2032 MHz, 3996 MHz, 100 %, 52 %
2026/03/24 06:22:27.898, 3, 680.90 W, 43, 2032 MHz, 3996 MHz, 100 %, 52 %
2026/03/24 06:22:27.898, 4, 179.02 W, 25, 120 MHz, 3996 MHz, 0 %, 0 %
2026/03/24 06:22:27.898, 5, 180.58 W, 28, 120 MHz, 3996 MHz, 0 %, 0 %
2026/03/24 06:22:27.898, 6, 178.33 W, 26, 120 MHz, 3996 MHz, 0 %, 0 %
2026/03/24 06:22:27.898, 7, 176.58 W, 27, 120 MHz, 3996 MHz, 0 %, 0 %
2026/03/24 06:22:28.898, 0, 677.92 W, 40, 2032 MHz, 3996 MHz, 100 %, 52 %
2026/03/24 06:22:28.898, 1, 691.01 W, 43, 2032 MHz, 3996 MHz, 100 %, 53 %
2026/03/24 06:22:28.898, 2, 686.66 W, 40, 2032 MHz, 3996 MHz, 100 %, 52 %
2026/03/24 06:22:28.898, 3, 680.09 W, 43, 2032 MHz, 3996 MHz, 100 %, 52 %
2026/03/24 06:22:28.898, 4, 178.84 W, 25, 120 MHz, 3996 MHz, 0 %, 0 %
2026/03/24 06:22:28.898, 5, 180.58 W, 28, 120 MHz, 3996 MHz, 0 %, 0 %
2026/03/24 06:22:28.898, 6, 178.49 W, 26, 120 MHz, 3996 MHz, 0 %, 0 %
2026/03/24 06:22:28.898, 7, 176.58 W, 27, 120 MHz, 3996 MHz, 0 %, 0 %
2026/03/24 06:22:29.898, 0, 729.36 W, 40, 2032 MHz, 3996 MHz, 100 %, 52 %
2026/03/24 06:22:29.898, 1, 739.93 W, 43, 2032 MHz, 3996 MHz, 100 %, 52 %
2026/03/24 06:22:29.898, 2, 734.00 W, 40, 2032 MHz, 3996 MHz, 100 %, 52 %
2026/03/24 06:22:29.898, 3, 733.61 W, 44, 2032 MHz, 3996 MHz, 100 %, 52 %
2026/03/24 06:22:29.898, 4, 178.73 W, 25, 120 MHz, 3996 MHz, 0 %, 0 %
2026/03/24 06:22:29.898, 5, 180.58 W, 28, 120 MHz, 3996 MHz, 0 %, 0 %
2026/03/24 06:22:29.898, 6, 178.41 W, 26, 120 MHz, 3996 MHz, 0 %, 0 %
2026/03/24 06:22:29.898, 7, 176.58 W, 27, 120 MHz, 3996 MHz, 0 %, 0 %
2026/03/24 06:22:30.899, 0, 724.52 W, 42, 2032 MHz, 3996 MHz, 100 %, 52 %
2026/03/24 06:22:30.899, 1, 735.60 W, 48, 2032 MHz, 3996 MHz, 94 %, 40 %
2026/03/24 06:22:30.899, 2, 729.85 W, 45, 2032 MHz, 3996 MHz, 96 %, 47 %
2026/03/24 06:22:30.899, 3, 730.52 W, 48, 2032 MHz, 3996 MHz, 97 %, 41 %
2026/03/24 06:22:30.899, 4, 179.01 W, 25, 120 MHz, 3996 MHz, 0 %, 0 %
2026/03/24 06:22:30.899, 5, 180.58 W, 28, 120 MHz, 3996 MHz, 0 %, 0 %
2026/03/24 06:22:30.899, 6, 178.29 W, 26, 120 MHz, 3996 MHz, 0 %, 0 %
2026/03/24 06:22:30.899, 7, 176.58 W, 27, 120 MHz, 3996 MHz, 0 %, 0 %
2026/03/24 06:22:31.899, 0, 794.42 W, 46, 2032 MHz, 3996 MHz, 98 %, 46 %
2026/03/24 06:22:31.899, 1, 787.46 W, 48, 2032 MHz, 3996 MHz, 98 %, 45 %
2026/03/24 06:22:31.899, 2, 789.09 W, 45, 2032 MHz, 3996 MHz, 100 %, 54 %
2026/03/24 06:22:31.899, 3, 789.47 W, 49, 2032 MHz, 3996 MHz, 98 %, 45 %
2026/03/24 06:22:31.899, 4, 178.88 W, 25, 120 MHz, 3996 MHz, 0 %, 0 %
2026/03/24 06:22:31.899, 5, 180.58 W, 28, 120 MHz, 3996 MHz, 0 %, 0 %
2026/03/24 06:22:31.899, 6, 178.38 W, 26, 120 MHz, 3996 MHz, 0 %, 0 %
2026/03/24 06:22:31.899, 7, 176.58 W, 27, 120 MHz, 3996 MHz, 0 %, 0 %
2026/03/24 06:22:32.899, 0, 776.82 W, 40, 2032 MHz, 3996 MHz, 100 %, 52 %
2026/03/24 06:22:32.899, 1, 803.58 W, 44, 2032 MHz, 3996 MHz, 100 %, 52 %
2026/03/24 06:22:32.899, 2, 798.75 W, 41, 2032 MHz, 3996 MHz, 100 %, 52 %
2026/03/24 06:22:32.899, 3, 804.64 W, 44, 2032 MHz, 3996 MHz, 100 %, 52 %
2026/03/24 06:22:32.899, 4, 178.94 W, 25, 120 MHz, 3996 MHz, 0 %, 0 %
2026/03/24 06:22:32.899, 5, 180.58 W, 28, 120 MHz, 3996 MHz, 0 %, 0 %
2026/03/24 06:22:32.899, 6, 178.57 W, 26, 120 MHz, 3996 MHz, 0 %, 0 %
2026/03/24 06:22:32.899, 7, 176.58 W, 27, 120 MHz, 3996 MHz, 0 %, 0 %
2026/03/24 06:22:33.899, 0, 855.81 W, 42, 2032 MHz, 3996 MHz, 100 %, 53 %
2026/03/24 06:22:33.899, 1, 861.05 W, 46, 2032 MHz, 3996 MHz, 77 %, 30 %
2026/03/24 06:22:33.899, 2, 858.49 W, 42, 2032 MHz, 3996 MHz, 91 %, 32 %
2026/03/24 06:22:33.899, 3, 875.02 W, 47, 2032 MHz, 3996 MHz, 100 %, 31 %
2026/03/24 06:22:33.899, 4, 178.99 W, 25, 120 MHz, 3996 MHz, 0 %, 0 %
2026/03/24 06:22:33.899, 5, 180.58 W, 28, 120 MHz, 3996 MHz, 0 %, 0 %
2026/03/24 06:22:33.899, 6, 178.29 W, 26, 120 MHz, 3996 MHz, 0 %, 0 %
2026/03/24 06:22:33.899, 7, 176.59 W, 27, 120 MHz, 3996 MHz, 0 %, 0 %
2026/03/24 06:22:34.899, 0, 795.26 W, 42, 2032 MHz, 3996 MHz, 100 %, 52 %
2026/03/24 06:22:34.899, 1, 802.08 W, 49, 2032 MHz, 3996 MHz, 99 %, 42 %
2026/03/24 06:22:34.899, 2, 803.07 W, 44, 2032 MHz, 3996 MHz, 96 %, 45 %
2026/03/24 06:22:34.899, 3, 804.40 W, 50, 2032 MHz, 3996 MHz, 99 %, 42 %
2026/03/24 06:22:34.899, 4, 178.80 W, 25, 120 MHz, 3996 MHz, 0 %, 0 %
2026/03/24 06:22:34.899, 5, 180.58 W, 28, 120 MHz, 3996 MHz, 0 %, 0 %
2026/03/24 06:22:34.899, 6, 178.37 W, 26, 120 MHz, 3996 MHz, 0 %, 0 %
2026/03/24 06:22:34.899, 7, 176.58 W, 27, 120 MHz, 3996 MHz, 0 %, 0 %
2026/03/24 06:22:35.899, 0, 775.35 W, 41, 2032 MHz, 3996 MHz, 100 %, 52 %
2026/03/24 06:22:35.899, 1, 785.72 W, 44, 2032 MHz, 3996 MHz, 100 %, 52 %
2026/03/24 06:22:35.899, 2, 782.83 W, 41, 2032 MHz, 3996 MHz, 100 %, 53 %
2026/03/24 06:22:35.899, 3, 781.05 W, 45, 2032 MHz, 3996 MHz, 100 %, 52 %
2026/03/24 06:22:35.899, 4, 178.95 W, 25, 120 MHz, 3996 MHz, 0 %, 0 %
2026/03/24 06:22:35.899, 5, 180.58 W, 28, 120 MHz, 3996 MHz, 0 %, 0 %
2026/03/24 06:22:35.899, 6, 178.13 W, 26, 120 MHz, 3996 MHz, 0 %, 0 %
2026/03/24 06:22:35.899, 7, 176.58 W, 27, 120 MHz, 3996 MHz, 0 %, 0 %
2026/03/24 06:22:36.899, 0, 771.54 W, 42, 2032 MHz, 3996 MHz, 100 %, 51 %
2026/03/24 06:22:36.899, 1, 779.47 W, 46, 2032 MHz, 3996 MHz, 99 %, 42 %
2026/03/24 06:22:36.899, 2, 774.31 W, 42, 2032 MHz, 3996 MHz, 98 %, 43 %
2026/03/24 06:22:36.899, 3, 780.17 W, 47, 2032 MHz, 3996 MHz, 99 %, 43 %
2026/03/24 06:22:36.900, 4, 179.08 W, 25, 120 MHz, 3996 MHz, 0 %, 0 %
2026/03/24 06:22:36.900, 5, 180.58 W, 28, 120 MHz, 3996 MHz, 0 %, 0 %
2026/03/24 06:22:36.900, 6, 178.38 W, 26, 120 MHz, 3996 MHz, 0 %, 0 %
2026/03/24 06:22:36.900, 7, 176.58 W, 27, 120 MHz, 3996 MHz, 0 %, 0 %
2026/03/24 06:22:37.900, 0, 672.58 W, 40, 2032 MHz, 3996 MHz, 100 %, 51 %
2026/03/24 06:22:37.900, 1, 683.38 W, 44, 2032 MHz, 3996 MHz, 100 %, 51 %
2026/03/24 06:22:37.900, 2, 681.95 W, 41, 2032 MHz, 3996 MHz, 100 %, 52 %
2026/03/24 06:22:37.900, 3, 675.42 W, 44, 2032 MHz, 3996 MHz, 100 %, 52 %
2026/03/24 06:22:37.900, 4, 178.68 W, 25, 120 MHz, 3996 MHz, 0 %, 0 %
2026/03/24 06:22:37.900, 5, 180.58 W, 28, 120 MHz, 3996 MHz, 0 %, 0 %
2026/03/24 06:22:37.900, 6, 178.29 W, 26, 120 MHz, 3996 MHz, 0 %, 0 %
2026/03/24 06:22:37.900, 7, 176.58 W, 27, 120 MHz, 3996 MHz, 0 %, 0 %
2026/03/24 06:22:38.900, 0, 673.66 W, 40, 2032 MHz, 3996 MHz, 100 %, 51 %
2026/03/24 06:22:38.900, 1, 683.46 W, 44, 2032 MHz, 3996 MHz, 100 %, 51 %
2026/03/24 06:22:38.900, 2, 682.28 W, 40, 2032 MHz, 3996 MHz, 100 %, 52 %
2026/03/24 06:22:38.900, 3, 676.94 W, 44, 2032 MHz, 3996 MHz, 100 %, 51 %
2026/03/24 06:22:38.900, 4, 178.88 W, 25, 120 MHz, 3996 MHz, 0 %, 0 %
2026/03/24 06:22:38.900, 5, 180.58 W, 28, 120 MHz, 3996 MHz, 0 %, 0 %
2026/03/24 06:22:38.900, 6, 178.38 W, 26, 120 MHz, 3996 MHz, 0 %, 0 %
2026/03/24 06:22:38.900, 7, 176.58 W, 27, 120 MHz, 3996 MHz, 0 %, 0 %
2026/03/24 06:22:39.900, 0, 673.17 W, 40, 2032 MHz, 3996 MHz, 100 %, 51 %
2026/03/24 06:22:39.900, 1, 685.17 W, 44, 2032 MHz, 3996 MHz, 100 %, 51 %
2026/03/24 06:22:39.900, 2, 684.42 W, 40, 2032 MHz, 3996 MHz, 100 %, 52 %
2026/03/24 06:22:39.900, 3, 676.21 W, 44, 2032 MHz, 3996 MHz, 100 %, 52 %
2026/03/24 06:22:39.900, 4, 178.95 W, 25, 120 MHz, 3996 MHz, 0 %, 0 %
2026/03/24 06:22:39.900, 5, 180.58 W, 28, 120 MHz, 3996 MHz, 0 %, 0 %
2026/03/24 06:22:39.900, 6, 178.37 W, 26, 120 MHz, 3996 MHz, 0 %, 0 %
2026/03/24 06:22:39.900, 7, 176.58 W, 27, 120 MHz, 3996 MHz, 0 %, 0 %
2026/03/24 06:22:40.900, 0, 672.49 W, 40, 2032 MHz, 3996 MHz, 100 %, 51 %
2026/03/24 06:22:40.900, 1, 683.18 W, 44, 2032 MHz, 3996 MHz, 100 %, 51 %
2026/03/24 06:22:40.900, 2, 684.19 W, 40, 2032 MHz, 3996 MHz, 100 %, 52 %
2026/03/24 06:22:40.900, 3, 674.17 W, 44, 2032 MHz, 3996 MHz, 100 %, 51 %
2026/03/24 06:22:40.900, 4, 178.99 W, 25, 120 MHz, 3996 MHz, 0 %, 0 %
2026/03/24 06:22:40.900, 5, 180.58 W, 28, 120 MHz, 3996 MHz, 0 %, 0 %
2026/03/24 06:22:40.900, 6, 178.18 W, 26, 120 MHz, 3996 MHz, 0 %, 0 %
2026/03/24 06:22:40.900, 7, 176.58 W, 27, 120 MHz, 3996 MHz, 0 %, 0 %
2026/03/24 06:22:41.900, 0, 673.43 W, 40, 2032 MHz, 3996 MHz, 100 %, 51 %
2026/03/24 06:22:41.900, 1, 684.63 W, 43, 2032 MHz, 3996 MHz, 100 %, 51 %
2026/03/24 06:22:41.900, 2, 682.58 W, 40, 2032 MHz, 3996 MHz, 100 %, 51 %
2026/03/24 06:22:41.900, 3, 674.18 W, 44, 2032 MHz, 3996 MHz, 100 %, 51 %
2026/03/24 06:22:41.900, 4, 178.88 W, 25, 120 MHz, 3996 MHz, 0 %, 0 %
2026/03/24 06:22:41.900, 5, 180.58 W, 28, 120 MHz, 3996 MHz, 0 %, 0 %
2026/03/24 06:22:41.900, 6, 177.98 W, 26, 120 MHz, 3996 MHz, 0 %, 0 %
2026/03/24 06:22:41.900, 7, 176.58 W, 27, 120 MHz, 3996 MHz, 0 %, 0 %
2026/03/24 06:22:42.900, 0, 727.29 W, 41, 2032 MHz, 3996 MHz, 100 %, 52 %
2026/03/24 06:22:42.900, 1, 736.43 W, 44, 2032 MHz, 3996 MHz, 100 %, 52 %
2026/03/24 06:22:42.900, 2, 735.42 W, 41, 2032 MHz, 3996 MHz, 100 %, 47 %
2026/03/24 06:22:42.900, 3, 733.48 W, 45, 2032 MHz, 3996 MHz, 100 %, 52 %
2026/03/24 06:22:42.900, 4, 178.91 W, 25, 120 MHz, 3996 MHz, 0 %, 0 %
2026/03/24 06:22:42.900, 5, 180.58 W, 28, 120 MHz, 3996 MHz, 0 %, 0 %
2026/03/24 06:22:42.900, 6, 178.38 W, 26, 120 MHz, 3996 MHz, 0 %, 0 %
2026/03/24 06:22:42.900, 7, 176.58 W, 27, 120 MHz, 3996 MHz, 0 %, 0 %
2026/03/24 06:22:43.901, 0, 733.32 W, 45, 2032 MHz, 3996 MHz, 100 %, 49 %
2026/03/24 06:22:43.901, 1, 741.73 W, 48, 2032 MHz, 3996 MHz, 98 %, 44 %
2026/03/24 06:22:43.901, 2, 735.10 W, 45, 2032 MHz, 3996 MHz, 100 %, 53 %
2026/03/24 06:22:43.901, 3, 730.71 W, 49, 2032 MHz, 3996 MHz, 99 %, 44 %
2026/03/24 06:22:43.901, 4, 179.04 W, 25, 120 MHz, 3996 MHz, 0 %, 0 %
2026/03/24 06:22:43.901, 5, 180.58 W, 28, 120 MHz, 3996 MHz, 0 %, 0 %
2026/03/24 06:22:43.901, 6, 178.37 W, 26, 120 MHz, 3996 MHz, 0 %, 0 %
2026/03/24 06:22:43.901, 7, 176.58 W, 27, 120 MHz, 3996 MHz, 0 %, 0 %
2026/03/24 06:22:44.901, 0, 729.15 W, 41, 2032 MHz, 3996 MHz, 100 %, 52 %
2026/03/24 06:22:44.901, 1, 741.20 W, 44, 2032 MHz, 3996 MHz, 100 %, 53 %
2026/03/24 06:22:44.901, 2, 747.20 W, 41, 2032 MHz, 3996 MHz, 100 %, 53 %
2026/03/24 06:22:44.901, 3, 743.50 W, 45, 2032 MHz, 3996 MHz, 100 %, 52 %
2026/03/24 06:22:44.901, 4, 178.97 W, 25, 120 MHz, 3996 MHz, 0 %, 0 %
2026/03/24 06:22:44.901, 5, 180.58 W, 28, 120 MHz, 3996 MHz, 0 %, 0 %
2026/03/24 06:22:44.901, 6, 177.99 W, 26, 120 MHz, 3996 MHz, 0 %, 0 %
2026/03/24 06:22:44.901, 7, 176.58 W, 27, 120 MHz, 3996 MHz, 0 %, 0 %
2026/03/24 06:22:45.901, 0, 782.92 W, 46, 2032 MHz, 3996 MHz, 100 %, 47 %
2026/03/24 06:22:45.901, 1, 781.90 W, 48, 2032 MHz, 3996 MHz, 97 %, 47 %
2026/03/24 06:22:45.901, 2, 776.85 W, 45, 2032 MHz, 3996 MHz, 100 %, 54 %
2026/03/24 06:22:45.901, 3, 780.92 W, 48, 2032 MHz, 3996 MHz, 98 %, 46 %
2026/03/24 06:22:45.901, 4, 179.15 W, 25, 120 MHz, 3996 MHz, 0 %, 0 %
2026/03/24 06:22:45.901, 5, 180.58 W, 28, 120 MHz, 3996 MHz, 0 %, 0 %
2026/03/24 06:22:45.901, 6, 177.99 W, 26, 120 MHz, 3996 MHz, 0 %, 0 %
2026/03/24 06:22:45.901, 7, 176.58 W, 27, 120 MHz, 3996 MHz, 0 %, 0 %
2026/03/24 06:22:46.901, 0, 823.54 W, 45, 2032 MHz, 3996 MHz, 99 %, 42 %
2026/03/24 06:22:46.901, 1, 821.40 W, 47, 2032 MHz, 3996 MHz, 100 %, 53 %
2026/03/24 06:22:46.901, 2, 823.26 W, 45, 2032 MHz, 3996 MHz, 100 %, 53 %
2026/03/24 06:22:46.901, 3, 823.83 W, 47, 2032 MHz, 3996 MHz, 100 %, 53 %
2026/03/24 06:22:46.901, 4, 178.96 W, 25, 120 MHz, 3996 MHz, 0 %, 0 %
2026/03/24 06:22:46.901, 5, 180.58 W, 28, 120 MHz, 3996 MHz, 0 %, 0 %
2026/03/24 06:22:46.901, 6, 178.10 W, 26, 120 MHz, 3996 MHz, 0 %, 0 %
2026/03/24 06:22:46.901, 7, 176.58 W, 27, 120 MHz, 3996 MHz, 0 %, 0 %
2026/03/24 06:22:47.901, 0, 836.22 W, 45, 2032 MHz, 3996 MHz, 100 %, 48 %
2026/03/24 06:22:47.901, 1, 864.06 W, 49, 2032 MHz, 3996 MHz, 97 %, 44 %
2026/03/24 06:22:47.901, 2, 867.34 W, 46, 2032 MHz, 3996 MHz, 100 %, 52 %
2026/03/24 06:22:47.901, 3, 874.24 W, 49, 2032 MHz, 3996 MHz, 98 %, 44 %
2026/03/24 06:22:47.901, 4, 178.85 W, 25, 120 MHz, 3996 MHz, 0 %, 0 %
2026/03/24 06:22:47.901, 5, 180.58 W, 28, 120 MHz, 3996 MHz, 0 %, 0 %
2026/03/24 06:22:47.901, 6, 178.07 W, 26, 120 MHz, 3996 MHz, 0 %, 0 %
2026/03/24 06:22:47.901, 7, 176.58 W, 27, 120 MHz, 3996 MHz, 0 %, 0 %
2026/03/24 06:22:48.901, 0, 679.20 W, 41, 2032 MHz, 3996 MHz, 100 %, 52 %
2026/03/24 06:22:48.901, 1, 701.07 W, 44, 2032 MHz, 3996 MHz, 100 %, 53 %
2026/03/24 06:22:48.901, 2, 695.33 W, 41, 2032 MHz, 3996 MHz, 100 %, 53 %
2026/03/24 06:22:48.901, 3, 690.46 W, 45, 2032 MHz, 3996 MHz, 100 %, 52 %
2026/03/24 06:22:48.901, 4, 179.01 W, 25, 120 MHz, 3996 MHz, 0 %, 0 %
2026/03/24 06:22:48.901, 5, 180.58 W, 28, 120 MHz, 3996 MHz, 0 %, 0 %
2026/03/24 06:22:48.901, 6, 178.18 W, 26, 120 MHz, 3996 MHz, 0 %, 0 %
2026/03/24 06:22:48.901, 7, 176.58 W, 27, 120 MHz, 3996 MHz, 0 %, 0 %
2026/03/24 06:22:49.901, 0, 825.92 W, 46, 2032 MHz, 3996 MHz, 99 %, 42 %
2026/03/24 06:22:49.901, 1, 811.38 W, 48, 2032 MHz, 3996 MHz, 100 %, 49 %
2026/03/24 06:22:49.901, 2, 801.00 W, 45, 2032 MHz, 3996 MHz, 99 %, 42 %
2026/03/24 06:22:49.901, 3, 808.42 W, 47, 2032 MHz, 3996 MHz, 100 %, 49 %
2026/03/24 06:22:49.901, 4, 178.92 W, 25, 120 MHz, 3996 MHz, 0 %, 0 %
2026/03/24 06:22:49.901, 5, 180.58 W, 28, 120 MHz, 3996 MHz, 0 %, 0 %
2026/03/24 06:22:49.901, 6, 178.21 W, 26, 120 MHz, 3996 MHz, 0 %, 0 %
2026/03/24 06:22:49.901, 7, 176.58 W, 27, 120 MHz, 3996 MHz, 0 %, 0 %
2026/03/24 06:22:50.902, 0, 779.36 W, 45, 2032 MHz, 3996 MHz, 100 %, 42 %
2026/03/24 06:22:50.902, 1, 786.25 W, 45, 2032 MHz, 3996 MHz, 100 %, 53 %
2026/03/24 06:22:50.902, 2, 781.09 W, 43, 2032 MHz, 3996 MHz, 100 %, 53 %
2026/03/24 06:22:50.902, 3, 785.28 W, 45, 2032 MHz, 3996 MHz, 100 %, 53 %
2026/03/24 06:22:50.902, 4, 178.92 W, 25, 120 MHz, 3996 MHz, 0 %, 0 %
2026/03/24 06:22:50.902, 5, 180.58 W, 28, 120 MHz, 3996 MHz, 0 %, 0 %
2026/03/24 06:22:50.902, 6, 178.41 W, 26, 120 MHz, 3996 MHz, 0 %, 0 %
2026/03/24 06:22:50.902, 7, 176.58 W, 27, 120 MHz, 3996 MHz, 0 %, 0 %
2026/03/24 06:22:51.902, 0, 706.38 W, 41, 2032 MHz, 3996 MHz, 100 %, 52 %
2026/03/24 06:22:51.902, 1, 736.24 W, 44, 2032 MHz, 3996 MHz, 100 %, 53 %
2026/03/24 06:22:51.902, 2, 741.26 W, 41, 2032 MHz, 3996 MHz, 100 %, 52 %
2026/03/24 06:22:51.902, 3, 734.74 W, 45, 2032 MHz, 3996 MHz, 100 %, 52 %
2026/03/24 06:22:51.902, 4, 178.78 W, 25, 120 MHz, 3996 MHz, 0 %, 0 %
2026/03/24 06:22:51.902, 5, 180.58 W, 28, 120 MHz, 3996 MHz, 0 %, 0 %
2026/03/24 06:22:51.902, 6, 178.11 W, 26, 120 MHz, 3996 MHz, 0 %, 0 %
2026/03/24 06:22:51.902, 7, 176.58 W, 27, 120 MHz, 3996 MHz, 0 %, 0 %
2026/03/24 06:22:52.902, 0, 679.11 W, 41, 2032 MHz, 3996 MHz, 100 %, 52 %
2026/03/24 06:22:52.902, 1, 693.28 W, 44, 2032 MHz, 3996 MHz, 100 %, 52 %
2026/03/24 06:22:52.902, 2, 690.38 W, 41, 2032 MHz, 3996 MHz, 100 %, 53 %
2026/03/24 06:22:52.902, 3, 684.31 W, 45, 2032 MHz, 3996 MHz, 100 %, 53 %
2026/03/24 06:22:52.902, 4, 178.88 W, 25, 120 MHz, 3996 MHz, 0 %, 0 %
2026/03/24 06:22:52.902, 5, 180.58 W, 28, 120 MHz, 3996 MHz, 0 %, 0 %
2026/03/24 06:22:52.902, 6, 178.18 W, 26, 120 MHz, 3996 MHz, 0 %, 0 %
2026/03/24 06:22:52.902, 7, 176.58 W, 27, 120 MHz, 3996 MHz, 0 %, 0 %
2026/03/24 06:22:53.902, 0, 679.34 W, 41, 2032 MHz, 3996 MHz, 100 %, 52 %
2026/03/24 06:22:53.902, 1, 691.98 W, 44, 2032 MHz, 3996 MHz, 100 %, 53 %
2026/03/24 06:22:53.902, 2, 689.49 W, 41, 2032 MHz, 3996 MHz, 100 %, 52 %
2026/03/24 06:22:53.902, 3, 685.87 W, 45, 2032 MHz, 3996 MHz, 100 %, 52 %
2026/03/24 06:22:53.902, 4, 179.03 W, 25, 120 MHz, 3996 MHz, 0 %, 0 %
2026/03/24 06:22:53.902, 5, 180.58 W, 28, 120 MHz, 3996 MHz, 0 %, 0 %
2026/03/24 06:22:53.902, 6, 178.11 W, 26, 120 MHz, 3996 MHz, 0 %, 0 %
2026/03/24 06:22:53.902, 7, 176.58 W, 27, 120 MHz, 3996 MHz, 0 %, 0 %
2026/03/24 06:22:54.902, 0, 676.73 W, 41, 2032 MHz, 3996 MHz, 100 %, 51 %
2026/03/24 06:22:54.902, 1, 693.54 W, 44, 2032 MHz, 3996 MHz, 100 %, 52 %
2026/03/24 06:22:54.902, 2, 689.86 W, 41, 2032 MHz, 3996 MHz, 100 %, 53 %
2026/03/24 06:22:54.902, 3, 683.36 W, 44, 2032 MHz, 3996 MHz, 100 %, 52 %
2026/03/24 06:22:54.902, 4, 179.07 W, 25, 120 MHz, 3996 MHz, 0 %, 0 %
2026/03/24 06:22:54.902, 5, 180.58 W, 27, 120 MHz, 3996 MHz, 0 %, 0 %
2026/03/24 06:22:54.902, 6, 178.41 W, 26, 120 MHz, 3996 MHz, 0 %, 0 %
2026/03/24 06:22:54.902, 7, 176.58 W, 27, 120 MHz, 3996 MHz, 0 %, 0 %
2026/03/24 06:22:55.902, 0, 677.37 W, 41, 2032 MHz, 3996 MHz, 100 %, 51 %
2026/03/24 06:22:55.902, 1, 694.41 W, 44, 2032 MHz, 3996 MHz, 100 %, 53 %
2026/03/24 06:22:55.902, 2, 690.48 W, 41, 2032 MHz, 3996 MHz, 100 %, 53 %
2026/03/24 06:22:55.902, 3, 684.46 W, 44, 2032 MHz, 3996 MHz, 100 %, 53 %
2026/03/24 06:22:55.902, 4, 179.07 W, 25, 120 MHz, 3996 MHz, 0 %, 0 %
2026/03/24 06:22:55.902, 5, 180.58 W, 28, 120 MHz, 3996 MHz, 0 %, 0 %
2026/03/24 06:22:55.902, 6, 178.26 W, 26, 120 MHz, 3996 MHz, 0 %, 0 %
2026/03/24 06:22:55.902, 7, 176.58 W, 27, 120 MHz, 3996 MHz, 0 %, 0 %
2026/03/24 06:22:56.902, 0, 728.16 W, 45, 2032 MHz, 3996 MHz, 100 %, 52 %
2026/03/24 06:22:56.902, 1, 744.26 W, 49, 2032 MHz, 3996 MHz, 99 %, 42 %
2026/03/24 06:22:56.902, 2, 740.34 W, 44, 2032 MHz, 3996 MHz, 98 %, 47 %
2026/03/24 06:22:56.902, 3, 739.04 W, 49, 2032 MHz, 3996 MHz, 99 %, 43 %
2026/03/24 06:22:56.902, 4, 179.11 W, 25, 120 MHz, 3996 MHz, 0 %, 0 %
2026/03/24 06:22:56.902, 5, 180.58 W, 27, 120 MHz, 3996 MHz, 0 %, 0 %
2026/03/24 06:22:56.902, 6, 178.33 W, 26, 120 MHz, 3996 MHz, 0 %, 0 %
2026/03/24 06:22:56.903, 7, 176.58 W, 27, 120 MHz, 3996 MHz, 0 %, 0 %
2026/03/24 06:22:57.903, 0, 729.81 W, 41, 2032 MHz, 3996 MHz, 100 %, 52 %
2026/03/24 06:22:57.903, 1, 743.41 W, 44, 2032 MHz, 3996 MHz, 100 %, 53 %
2026/03/24 06:22:57.903, 2, 742.37 W, 41, 2032 MHz, 3996 MHz, 100 %, 53 %
2026/03/24 06:22:57.903, 3, 739.76 W, 45, 2032 MHz, 3996 MHz, 100 %, 53 %
2026/03/24 06:22:57.903, 4, 178.88 W, 25, 120 MHz, 3996 MHz, 0 %, 0 %
2026/03/24 06:22:57.903, 5, 180.58 W, 27, 120 MHz, 3996 MHz, 0 %, 0 %
2026/03/24 06:22:57.903, 6, 178.11 W, 26, 120 MHz, 3996 MHz, 0 %, 0 %
2026/03/24 06:22:57.903, 7, 176.58 W, 27, 120 MHz, 3996 MHz, 0 %, 0 %
2026/03/24 06:22:58.903, 0, 794.12 W, 45, 2032 MHz, 3996 MHz, 100 %, 44 %
2026/03/24 06:22:58.903, 1, 814.80 W, 49, 2032 MHz, 3996 MHz, 98 %, 44 %
2026/03/24 06:22:58.903, 2, 810.12 W, 46, 2032 MHz, 3996 MHz, 99 %, 42 %
2026/03/24 06:22:58.903, 3, 822.04 W, 49, 2032 MHz, 3996 MHz, 98 %, 45 %
2026/03/24 06:22:58.903, 4, 178.86 W, 25, 120 MHz, 3996 MHz, 0 %, 0 %
2026/03/24 06:22:58.903, 5, 180.58 W, 28, 120 MHz, 3996 MHz, 0 %, 0 %
2026/03/24 06:22:58.903, 6, 178.14 W, 26, 120 MHz, 3996 MHz, 0 %, 0 %
2026/03/24 06:22:58.903, 7, 176.58 W, 27, 120 MHz, 3996 MHz, 0 %, 0 %
2026/03/24 06:22:59.903, 0, 787.52 W, 45, 2032 MHz, 3996 MHz, 100 %, 50 %
2026/03/24 06:22:59.903, 1, 797.35 W, 49, 2032 MHz, 3996 MHz, 99 %, 43 %
2026/03/24 06:22:59.903, 2, 796.86 W, 46, 2032 MHz, 3996 MHz, 100 %, 52 %
2026/03/24 06:22:59.903, 3, 794.72 W, 49, 2032 MHz, 3996 MHz, 98 %, 45 %
2026/03/24 06:22:59.903, 4, 178.73 W, 25, 120 MHz, 3996 MHz, 0 %, 0 %
2026/03/24 06:22:59.903, 5, 180.58 W, 27, 120 MHz, 3996 MHz, 0 %, 0 %
2026/03/24 06:22:59.903, 6, 178.34 W, 26, 120 MHz, 3996 MHz, 0 %, 0 %
2026/03/24 06:22:59.903, 7, 176.59 W, 27, 120 MHz, 3996 MHz, 0 %, 0 %
2026/03/24 06:23:00.903, 0, 744.20 W, 42, 2032 MHz, 3996 MHz, 100 %, 49 %
2026/03/24 06:23:00.903, 1, 751.66 W, 45, 2032 MHz, 3996 MHz, 100 %, 51 %
2026/03/24 06:23:00.903, 2, 750.95 W, 42, 2032 MHz, 3996 MHz, 100 %, 49 %
2026/03/24 06:23:00.903, 3, 751.03 W, 46, 2032 MHz, 3996 MHz, 100 %, 51 %
2026/03/24 06:23:00.903, 4, 178.96 W, 25, 120 MHz, 3996 MHz, 0 %, 0 %
2026/03/24 06:23:00.903, 5, 180.58 W, 27, 120 MHz, 3996 MHz, 0 %, 0 %
2026/03/24 06:23:00.903, 6, 178.10 W, 26, 120 MHz, 3996 MHz, 0 %, 0 %
2026/03/24 06:23:00.903, 7, 176.58 W, 27, 120 MHz, 3996 MHz, 0 %, 0 %
2026/03/24 06:23:01.903, 0, 716.31 W, 44, 2032 MHz, 3996 MHz, 99 %, 42 %
2026/03/24 06:23:01.903, 1, 727.66 W, 46, 2032 MHz, 3996 MHz, 100 %, 51 %
2026/03/24 06:23:01.903, 2, 730.03 W, 42, 2032 MHz, 3996 MHz, 98 %, 42 %
2026/03/24 06:23:01.903, 3, 729.74 W, 46, 2032 MHz, 3996 MHz, 100 %, 45 %
2026/03/24 06:23:01.903, 4, 178.70 W, 25, 120 MHz, 3996 MHz, 0 %, 0 %
2026/03/24 06:23:01.903, 5, 180.58 W, 27, 120 MHz, 3996 MHz, 0 %, 0 %
2026/03/24 06:23:01.903, 6, 178.25 W, 26, 120 MHz, 3996 MHz, 0 %, 0 %
2026/03/24 06:23:01.903, 7, 176.58 W, 27, 120 MHz, 3996 MHz, 0 %, 0 %
2026/03/24 06:23:02.903, 0, 845.77 W, 42, 2032 MHz, 3996 MHz, 100 %, 51 %
2026/03/24 06:23:02.903, 1, 865.94 W, 48, 2032 MHz, 3996 MHz, 98 %, 43 %
2026/03/24 06:23:02.903, 2, 861.05 W, 45, 2032 MHz, 3996 MHz, 100 %, 52 %
2026/03/24 06:23:02.903, 3, 874.95 W, 46, 2032 MHz, 3996 MHz, 100 %, 52 %
2026/03/24 06:23:02.903, 4, 178.94 W, 25, 120 MHz, 3996 MHz, 0 %, 0 %
2026/03/24 06:23:02.903, 5, 180.58 W, 27, 120 MHz, 3996 MHz, 0 %, 0 %
2026/03/24 06:23:02.903, 6, 178.49 W, 26, 120 MHz, 3996 MHz, 0 %, 0 %
2026/03/24 06:23:02.903, 7, 176.58 W, 27, 120 MHz, 3996 MHz, 0 %, 0 %
2026/03/24 06:23:03.903, 0, 753.10 W, 44, 2032 MHz, 3996 MHz, 100 %, 51 %
2026/03/24 06:23:03.904, 1, 770.75 W, 49, 2032 MHz, 3996 MHz, 99 %, 42 %
2026/03/24 06:23:03.904, 2, 765.18 W, 45, 2032 MHz, 3996 MHz, 100 %, 52 %
2026/03/24 06:23:03.904, 3, 769.14 W, 49, 2032 MHz, 3996 MHz, 98 %, 48 %
2026/03/24 06:23:03.904, 4, 178.89 W, 25, 120 MHz, 3996 MHz, 0 %, 0 %
2026/03/24 06:23:03.904, 5, 180.58 W, 27, 120 MHz, 3996 MHz, 0 %, 0 %
2026/03/24 06:23:03.904, 6, 177.98 W, 26, 120 MHz, 3996 MHz, 0 %, 0 %
2026/03/24 06:23:03.904, 7, 176.58 W, 27, 120 MHz, 3996 MHz, 0 %, 0 %
2026/03/24 06:23:04.904, 0, 756.97 W, 41, 2032 MHz, 3996 MHz, 100 %, 51 %
2026/03/24 06:23:04.904, 1, 766.65 W, 45, 2032 MHz, 3996 MHz, 100 %, 52 %
2026/03/24 06:23:04.904, 2, 764.46 W, 42, 2032 MHz, 3996 MHz, 100 %, 53 %
2026/03/24 06:23:04.904, 3, 762.45 W, 46, 2032 MHz, 3996 MHz, 100 %, 52 %
2026/03/24 06:23:04.904, 4, 178.75 W, 25, 120 MHz, 3996 MHz, 0 %, 0 %
2026/03/24 06:23:04.904, 5, 180.58 W, 27, 120 MHz, 3996 MHz, 0 %, 0 %
2026/03/24 06:23:04.904, 6, 178.21 W, 26, 120 MHz, 3996 MHz, 0 %, 0 %
2026/03/24 06:23:04.904, 7, 176.58 W, 27, 120 MHz, 3996 MHz, 0 %, 0 %
2026/03/24 06:23:05.904, 0, 693.52 W, 41, 2032 MHz, 3996 MHz, 100 %, 51 %
2026/03/24 06:23:05.904, 1, 720.48 W, 47, 2032 MHz, 3996 MHz, 98 %, 41 %
2026/03/24 06:23:05.904, 2, 715.15 W, 45, 2032 MHz, 3996 MHz, 100 %, 52 %
2026/03/24 06:23:05.904, 3, 713.10 W, 48, 2032 MHz, 3996 MHz, 99 %, 51 %
2026/03/24 06:23:05.904, 4, 178.84 W, 25, 120 MHz, 3996 MHz, 0 %, 0 %
2026/03/24 06:23:05.904, 5, 180.58 W, 27, 120 MHz, 3996 MHz, 0 %, 0 %
2026/03/24 06:23:05.904, 6, 178.41 W, 26, 120 MHz, 3996 MHz, 0 %, 0 %
2026/03/24 06:23:05.904, 7, 176.58 W, 27, 120 MHz, 3996 MHz, 0 %, 0 %
2026/03/24 06:23:06.904, 0, 713.96 W, 41, 2032 MHz, 3996 MHz, 100 %, 51 %
2026/03/24 06:23:06.904, 1, 724.00 W, 44, 2032 MHz, 3996 MHz, 100 %, 52 %
2026/03/24 06:23:06.904, 2, 719.40 W, 41, 2032 MHz, 3996 MHz, 100 %, 52 %
2026/03/24 06:23:06.904, 3, 715.36 W, 45, 2032 MHz, 3996 MHz, 100 %, 52 %
2026/03/24 06:23:06.904, 4, 178.76 W, 25, 120 MHz, 3996 MHz, 0 %, 0 %
2026/03/24 06:23:06.904, 5, 180.58 W, 27, 120 MHz, 3996 MHz, 0 %, 0 %
2026/03/24 06:23:06.904, 6, 178.38 W, 26, 120 MHz, 3996 MHz, 0 %, 0 %
2026/03/24 06:23:06.904, 7, 176.58 W, 27, 120 MHz, 3996 MHz, 0 %, 0 %
2026/03/24 06:23:07.904, 0, 676.88 W, 41, 2032 MHz, 3996 MHz, 100 %, 51 %
2026/03/24 06:23:07.904, 1, 693.48 W, 44, 2032 MHz, 3996 MHz, 100 %, 52 %
2026/03/24 06:23:07.904, 2, 688.63 W, 41, 2032 MHz, 3996 MHz, 100 %, 53 %
2026/03/24 06:23:07.904, 3, 686.13 W, 45, 2032 MHz, 3996 MHz, 100 %, 52 %
2026/03/24 06:23:07.904, 4, 178.73 W, 25, 120 MHz, 3996 MHz, 0 %, 0 %
2026/03/24 06:23:07.904, 5, 180.58 W, 27, 120 MHz, 3996 MHz, 0 %, 0 %
2026/03/24 06:23:07.904, 6, 178.28 W, 26, 120 MHz, 3996 MHz, 0 %, 0 %
2026/03/24 06:23:07.904, 7, 176.58 W, 27, 120 MHz, 3996 MHz, 0 %, 0 %
2026/03/24 06:23:08.904, 0, 678.85 W, 41, 2032 MHz, 3996 MHz, 100 %, 52 %
2026/03/24 06:23:08.904, 1, 692.44 W, 44, 2032 MHz, 3996 MHz, 100 %, 53 %
2026/03/24 06:23:08.904, 2, 686.67 W, 41, 2032 MHz, 3996 MHz, 100 %, 52 %
2026/03/24 06:23:08.904, 3, 686.58 W, 45, 2032 MHz, 3996 MHz, 100 %, 52 %
2026/03/24 06:23:08.904, 4, 179.01 W, 25, 120 MHz, 3996 MHz, 0 %, 0 %
2026/03/24 06:23:08.904, 5, 180.58 W, 27, 120 MHz, 3996 MHz, 0 %, 0 %
2026/03/24 06:23:08.904, 6, 178.41 W, 26, 120 MHz, 3996 MHz, 0 %, 0 %
2026/03/24 06:23:08.904, 7, 176.58 W, 27, 120 MHz, 3996 MHz, 0 %, 0 %
2026/03/24 06:23:09.904, 0, 678.33 W, 41, 2032 MHz, 3996 MHz, 100 %, 51 %
2026/03/24 06:23:09.904, 1, 693.47 W, 44, 2032 MHz, 3996 MHz, 100 %, 52 %
2026/03/24 06:23:09.905, 2, 687.69 W, 41, 2032 MHz, 3996 MHz, 100 %, 53 %
2026/03/24 06:23:09.905, 3, 683.81 W, 45, 2032 MHz, 3996 MHz, 100 %, 52 %
2026/03/24 06:23:09.905, 4, 178.81 W, 25, 120 MHz, 3996 MHz, 0 %, 0 %
2026/03/24 06:23:09.905, 5, 180.58 W, 27, 120 MHz, 3996 MHz, 0 %, 0 %
2026/03/24 06:23:09.905, 6, 178.13 W, 26, 120 MHz, 3996 MHz, 0 %, 0 %
2026/03/24 06:23:09.905, 7, 176.58 W, 27, 120 MHz, 3996 MHz, 0 %, 0 %
2026/03/24 06:23:10.905, 0, 678.21 W, 41, 2032 MHz, 3996 MHz, 100 %, 52 %
2026/03/24 06:23:10.905, 1, 696.04 W, 44, 2032 MHz, 3996 MHz, 97 %, 49 %
2026/03/24 06:23:10.905, 2, 693.37 W, 41, 2032 MHz, 3996 MHz, 100 %, 53 %
2026/03/24 06:23:10.905, 3, 689.23 W, 45, 2032 MHz, 3996 MHz, 98 %, 49 %
2026/03/24 06:23:10.905, 4, 178.95 W, 25, 120 MHz, 3996 MHz, 0 %, 0 %
2026/03/24 06:23:10.905, 5, 180.58 W, 27, 120 MHz, 3996 MHz, 0 %, 0 %
2026/03/24 06:23:10.905, 6, 178.02 W, 26, 120 MHz, 3996 MHz, 0 %, 0 %
2026/03/24 06:23:10.905, 7, 176.58 W, 27, 120 MHz, 3996 MHz, 0 %, 0 %
2026/03/24 06:23:11.905, 0, 841.23 W, 46, 2032 MHz, 3996 MHz, 98 %, 46 %
2026/03/24 06:23:11.905, 1, 844.82 W, 49, 2032 MHz, 3996 MHz, 100 %, 49 %
2026/03/24 06:23:11.905, 2, 841.87 W, 46, 2032 MHz, 3996 MHz, 98 %, 49 %
2026/03/24 06:23:11.905, 3, 851.23 W, 50, 2032 MHz, 3996 MHz, 100 %, 49 %
2026/03/24 06:23:11.905, 4, 178.73 W, 25, 120 MHz, 3996 MHz, 0 %, 0 %
2026/03/24 06:23:11.905, 5, 180.58 W, 27, 120 MHz, 3996 MHz, 0 %, 0 %
2026/03/24 06:23:11.905, 6, 178.29 W, 26, 120 MHz, 3996 MHz, 0 %, 0 %
2026/03/24 06:23:11.905, 7, 176.58 W, 27, 120 MHz, 3996 MHz, 0 %, 0 %
2026/03/24 06:23:12.905, 0, 763.51 W, 41, 2032 MHz, 3996 MHz, 100 %, 53 %
2026/03/24 06:23:12.905, 1, 772.62 W, 48, 2032 MHz, 3996 MHz, 99 %, 42 %
2026/03/24 06:23:12.905, 2, 769.29 W, 45, 2032 MHz, 3996 MHz, 100 %, 54 %
2026/03/24 06:23:12.905, 3, 774.35 W, 49, 2032 MHz, 3996 MHz, 99 %, 43 %
2026/03/24 06:23:12.905, 4, 178.85 W, 25, 120 MHz, 3996 MHz, 0 %, 0 %
2026/03/24 06:23:12.905, 5, 180.58 W, 27, 120 MHz, 3996 MHz, 0 %, 0 %
2026/03/24 06:23:12.905, 6, 177.99 W, 26, 120 MHz, 3996 MHz, 0 %, 0 %
2026/03/24 06:23:12.905, 7, 176.58 W, 27, 120 MHz, 3996 MHz, 0 %, 0 %
2026/03/24 06:23:13.905, 0, 816.27 W, 45, 2032 MHz, 3996 MHz, 98 %, 48 %
2026/03/24 06:23:13.905, 1, 827.89 W, 49, 2032 MHz, 3996 MHz, 100 %, 44 %
2026/03/24 06:23:13.905, 2, 823.84 W, 46, 2032 MHz, 3996 MHz, 100 %, 54 %
2026/03/24 06:23:13.905, 3, 824.88 W, 50, 2032 MHz, 3996 MHz, 100 %, 44 %
2026/03/24 06:23:13.905, 4, 179.05 W, 25, 120 MHz, 3996 MHz, 0 %, 0 %
2026/03/24 06:23:13.905, 5, 180.58 W, 27, 120 MHz, 3996 MHz, 0 %, 0 %
2026/03/24 06:23:13.905, 6, 178.41 W, 26, 120 MHz, 3996 MHz, 0 %, 0 %
2026/03/24 06:23:13.905, 7, 176.58 W, 27, 120 MHz, 3996 MHz, 0 %, 0 %
2026/03/24 06:23:14.905, 0, 747.07 W, 42, 2032 MHz, 3996 MHz, 100 %, 51 %
2026/03/24 06:23:14.905, 1, 750.36 W, 45, 2032 MHz, 3996 MHz, 100 %, 55 %
2026/03/24 06:23:14.905, 2, 742.78 W, 42, 2032 MHz, 3996 MHz, 100 %, 48 %
2026/03/24 06:23:14.905, 3, 748.15 W, 46, 2032 MHz, 3996 MHz, 100 %, 53 %
2026/03/24 06:23:14.905, 4, 179.08 W, 25, 120 MHz, 3996 MHz, 0 %, 0 %
2026/03/24 06:23:14.905, 5, 180.58 W, 27, 120 MHz, 3996 MHz, 0 %, 0 %
2026/03/24 06:23:14.905, 6, 178.03 W, 26, 120 MHz, 3996 MHz, 0 %, 0 %
2026/03/24 06:23:14.905, 7, 176.58 W, 27, 120 MHz, 3996 MHz, 0 %, 0 %
2026/03/24 06:23:15.905, 0, 799.37 W, 42, 2032 MHz, 3996 MHz, 100 %, 50 %
2026/03/24 06:23:15.905, 1, 809.98 W, 46, 2032 MHz, 3996 MHz, 100 %, 54 %
2026/03/24 06:23:15.905, 2, 803.91 W, 42, 2032 MHz, 3996 MHz, 100 %, 47 %
2026/03/24 06:23:15.905, 3, 804.96 W, 46, 2032 MHz, 3996 MHz, 100 %, 53 %
2026/03/24 06:23:15.905, 4, 178.95 W, 25, 120 MHz, 3996 MHz, 0 %, 0 %
2026/03/24 06:23:15.905, 5, 180.58 W, 27, 120 MHz, 3996 MHz, 0 %, 0 %
2026/03/24 06:23:15.905, 6, 178.06 W, 26, 120 MHz, 3996 MHz, 0 %, 0 %
2026/03/24 06:23:15.905, 7, 176.58 W, 27, 120 MHz, 3996 MHz, 0 %, 0 %
2026/03/24 06:23:16.906, 0, 726.91 W, 44, 2032 MHz, 3996 MHz, 100 %, 53 %
2026/03/24 06:23:16.906, 1, 748.26 W, 49, 2032 MHz, 3996 MHz, 99 %, 42 %
2026/03/24 06:23:16.906, 2, 736.84 W, 45, 2032 MHz, 3996 MHz, 100 %, 54 %
2026/03/24 06:23:16.906, 3, 733.24 W, 49, 2032 MHz, 3996 MHz, 99 %, 42 %
2026/03/24 06:23:16.906, 4, 178.88 W, 25, 120 MHz, 3996 MHz, 0 %, 0 %
2026/03/24 06:23:16.906, 5, 180.58 W, 27, 120 MHz, 3996 MHz, 0 %, 0 %
2026/03/24 06:23:16.906, 6, 178.14 W, 26, 120 MHz, 3996 MHz, 0 %, 0 %
2026/03/24 06:23:16.906, 7, 176.58 W, 27, 120 MHz, 3996 MHz, 0 %, 0 %
2026/03/24 06:23:17.906, 0, 516.55 W, 36, 2032 MHz, 3996 MHz, 0 %, 0 %
2026/03/24 06:23:17.906, 1, 502.19 W, 40, 2032 MHz, 3996 MHz, 0 %, 0 %
2026/03/24 06:23:17.906, 2, 512.98 W, 36, 2032 MHz, 3996 MHz, 0 %, 0 %
2026/03/24 06:23:17.906, 3, 517.86 W, 40, 2032 MHz, 3996 MHz, 0 %, 0 %
2026/03/24 06:23:17.906, 4, 178.83 W, 25, 120 MHz, 3996 MHz, 0 %, 0 %
2026/03/24 06:23:17.906, 5, 180.58 W, 27, 120 MHz, 3996 MHz, 0 %, 0 %
2026/03/24 06:23:17.906, 6, 178.17 W, 26, 120 MHz, 3996 MHz, 0 %, 0 %
2026/03/24 06:23:17.906, 7, 176.58 W, 27, 120 MHz, 3996 MHz, 0 %, 0 %
2026/03/24 06:23:18.906, 0, 234.07 W, 35, 2032 MHz, 3996 MHz, 0 %, 0 %
2026/03/24 06:23:18.906, 1, 241.08 W, 38, 2032 MHz, 3996 MHz, 0 %, 0 %
2026/03/24 06:23:18.906, 2, 239.82 W, 35, 2032 MHz, 3996 MHz, 0 %, 0 %
2026/03/24 06:23:18.906, 3, 242.72 W, 39, 2032 MHz, 3996 MHz, 0 %, 0 %
2026/03/24 06:23:18.906, 4, 178.80 W, 25, 120 MHz, 3996 MHz, 0 %, 0 %
2026/03/24 06:23:18.906, 5, 180.58 W, 27, 120 MHz, 3996 MHz, 0 %, 0 %
2026/03/24 06:23:18.906, 6, 178.02 W, 26, 120 MHz, 3996 MHz, 0 %, 0 %
2026/03/24 06:23:18.906, 7, 176.58 W, 27, 120 MHz, 3996 MHz, 0 %, 0 %
2026/03/24 06:23:19.906, 0, 233.89 W, 34, 2032 MHz, 3996 MHz, 0 %, 0 %
2026/03/24 06:23:19.906, 1, 240.82 W, 38, 2032 MHz, 3996 MHz, 0 %, 0 %
2026/03/24 06:23:19.906, 2, 238.79 W, 34, 2032 MHz, 3996 MHz, 0 %, 0 %
2026/03/24 06:23:19.906, 3, 241.26 W, 38, 2032 MHz, 3996 MHz, 0 %, 0 %
2026/03/24 06:23:19.906, 4, 178.88 W, 25, 120 MHz, 3996 MHz, 0 %, 0 %
2026/03/24 06:23:19.906, 5, 180.58 W, 27, 120 MHz, 3996 MHz, 0 %, 0 %
2026/03/24 06:23:19.906, 6, 178.11 W, 26, 120 MHz, 3996 MHz, 0 %, 0 %
2026/03/24 06:23:19.906, 7, 176.58 W, 27, 120 MHz, 3996 MHz, 0 %, 0 %
2026/03/24 06:23:20.906, 0, 376.21 W, 41, 2032 MHz, 3996 MHz, 72 %, 32 %
2026/03/24 06:23:20.906, 1, 386.39 W, 46, 2032 MHz, 3996 MHz, 98 %, 45 %
2026/03/24 06:23:20.906, 2, 389.84 W, 42, 2032 MHz, 3996 MHz, 97 %, 22 %
2026/03/24 06:23:20.906, 3, 387.89 W, 46, 2032 MHz, 3996 MHz, 98 %, 44 %
2026/03/24 06:23:20.906, 4, 178.78 W, 25, 120 MHz, 3996 MHz, 0 %, 0 %
2026/03/24 06:23:20.906, 5, 180.58 W, 27, 120 MHz, 3996 MHz, 0 %, 0 %
2026/03/24 06:23:20.906, 6, 178.02 W, 26, 120 MHz, 3996 MHz, 0 %, 0 %
2026/03/24 06:23:20.906, 7, 176.58 W, 27, 120 MHz, 3996 MHz, 0 %, 0 %
2026/03/24 06:23:21.906, 0, 823.07 W, 41, 2032 MHz, 3996 MHz, 100 %, 61 %
2026/03/24 06:23:21.906, 1, 781.72 W, 44, 2032 MHz, 3996 MHz, 100 %, 50 %
2026/03/24 06:23:21.906, 2, 778.12 W, 40, 2032 MHz, 3996 MHz, 100 %, 50 %
2026/03/24 06:23:21.906, 3, 780.81 W, 44, 2032 MHz, 3996 MHz, 100 %, 50 %
2026/03/24 06:23:21.906, 4, 178.85 W, 25, 120 MHz, 3996 MHz, 0 %, 0 %
2026/03/24 06:23:21.906, 5, 180.58 W, 27, 120 MHz, 3996 MHz, 0 %, 0 %
2026/03/24 06:23:21.906, 6, 178.17 W, 26, 120 MHz, 3996 MHz, 0 %, 0 %
2026/03/24 06:23:21.906, 7, 176.58 W, 27, 120 MHz, 3996 MHz, 0 %, 0 %
2026/03/24 06:23:22.906, 0, 773.38 W, 41, 2032 MHz, 3996 MHz, 100 %, 55 %
2026/03/24 06:23:22.906, 1, 719.58 W, 44, 2032 MHz, 3996 MHz, 100 %, 50 %
2026/03/24 06:23:22.906, 2, 721.36 W, 41, 2032 MHz, 3996 MHz, 100 %, 45 %
2026/03/24 06:23:22.906, 3, 719.79 W, 45, 2032 MHz, 3996 MHz, 100 %, 50 %
2026/03/24 06:23:22.906, 4, 178.91 W, 25, 120 MHz, 3996 MHz, 0 %, 0 %
2026/03/24 06:23:22.906, 5, 180.58 W, 27, 120 MHz, 3996 MHz, 0 %, 0 %
2026/03/24 06:23:22.906, 6, 178.14 W, 26, 120 MHz, 3996 MHz, 0 %, 0 %
2026/03/24 06:23:22.906, 7, 176.58 W, 27, 120 MHz, 3996 MHz, 0 %, 0 %
2026/03/24 06:23:23.907, 0, 734.76 W, 41, 2032 MHz, 3996 MHz, 100 %, 61 %
2026/03/24 06:23:23.907, 1, 668.74 W, 43, 2032 MHz, 3996 MHz, 100 %, 49 %
2026/03/24 06:23:23.907, 2, 668.29 W, 40, 2032 MHz, 3996 MHz, 100 %, 50 %
2026/03/24 06:23:23.907, 3, 663.39 W, 44, 2032 MHz, 3996 MHz, 100 %, 49 %
2026/03/24 06:23:23.907, 4, 178.85 W, 25, 120 MHz, 3996 MHz, 0 %, 0 %
2026/03/24 06:23:23.907, 5, 180.58 W, 27, 120 MHz, 3996 MHz, 0 %, 0 %
2026/03/24 06:23:23.907, 6, 178.18 W, 26, 120 MHz, 3996 MHz, 0 %, 0 %
2026/03/24 06:23:23.907, 7, 176.58 W, 27, 120 MHz, 3996 MHz, 0 %, 0 %
2026/03/24 06:23:24.907, 0, 734.22 W, 41, 2032 MHz, 3996 MHz, 100 %, 61 %
2026/03/24 06:23:24.907, 1, 667.55 W, 43, 2032 MHz, 3996 MHz, 100 %, 50 %
2026/03/24 06:23:24.907, 2, 668.70 W, 40, 2032 MHz, 3996 MHz, 100 %, 50 %
2026/03/24 06:23:24.907, 3, 662.58 W, 44, 2032 MHz, 3996 MHz, 100 %, 50 %
2026/03/24 06:23:24.907, 4, 178.97 W, 25, 120 MHz, 3996 MHz, 0 %, 0 %
2026/03/24 06:23:24.907, 5, 180.58 W, 27, 120 MHz, 3996 MHz, 0 %, 0 %
2026/03/24 06:23:24.907, 6, 178.02 W, 26, 120 MHz, 3996 MHz, 0 %, 0 %
2026/03/24 06:23:24.907, 7, 176.58 W, 27, 120 MHz, 3996 MHz, 0 %, 0 %
2026/03/24 06:23:25.907, 0, 734.72 W, 41, 2032 MHz, 3996 MHz, 100 %, 60 %
2026/03/24 06:23:25.907, 1, 670.67 W, 43, 2032 MHz, 3996 MHz, 100 %, 50 %
2026/03/24 06:23:25.907, 2, 669.07 W, 40, 2032 MHz, 3996 MHz, 100 %, 50 %
2026/03/24 06:23:25.907, 3, 661.97 W, 44, 2032 MHz, 3996 MHz, 100 %, 49 %
2026/03/24 06:23:25.907, 4, 178.80 W, 25, 120 MHz, 3996 MHz, 0 %, 0 %
2026/03/24 06:23:25.907, 5, 180.58 W, 27, 120 MHz, 3996 MHz, 0 %, 0 %
2026/03/24 06:23:25.907, 6, 177.99 W, 26, 120 MHz, 3996 MHz, 0 %, 0 %
2026/03/24 06:23:25.907, 7, 176.58 W, 27, 120 MHz, 3996 MHz, 0 %, 0 %
2026/03/24 06:23:26.907, 0, 733.31 W, 41, 2032 MHz, 3996 MHz, 100 %, 61 %
2026/03/24 06:23:26.907, 1, 671.35 W, 43, 2032 MHz, 3996 MHz, 100 %, 50 %
2026/03/24 06:23:26.907, 2, 668.96 W, 40, 2032 MHz, 3996 MHz, 100 %, 49 %
2026/03/24 06:23:26.907, 3, 661.39 W, 44, 2032 MHz, 3996 MHz, 100 %, 49 %
2026/03/24 06:23:26.907, 4, 178.89 W, 25, 120 MHz, 3996 MHz, 0 %, 0 %
2026/03/24 06:23:26.907, 5, 180.58 W, 27, 120 MHz, 3996 MHz, 0 %, 0 %
2026/03/24 06:23:26.907, 6, 178.09 W, 26, 120 MHz, 3996 MHz, 0 %, 0 %
2026/03/24 06:23:26.907, 7, 176.58 W, 27, 120 MHz, 3996 MHz, 0 %, 0 %
2026/03/24 06:23:27.907, 0, 732.25 W, 41, 2032 MHz, 3996 MHz, 100 %, 60 %
2026/03/24 06:23:27.907, 1, 672.26 W, 43, 2032 MHz, 3996 MHz, 100 %, 50 %
2026/03/24 06:23:27.907, 2, 668.13 W, 40, 2032 MHz, 3996 MHz, 100 %, 49 %
2026/03/24 06:23:27.907, 3, 662.34 W, 44, 2032 MHz, 3996 MHz, 100 %, 50 %
2026/03/24 06:23:27.907, 4, 178.69 W, 25, 120 MHz, 3996 MHz, 0 %, 0 %
2026/03/24 06:23:27.907, 5, 180.58 W, 27, 120 MHz, 3996 MHz, 0 %, 0 %
2026/03/24 06:23:27.907, 6, 178.03 W, 26, 120 MHz, 3996 MHz, 0 %, 0 %
2026/03/24 06:23:27.907, 7, 176.58 W, 27, 120 MHz, 3996 MHz, 0 %, 0 %
2026/03/24 06:23:28.907, 0, 814.18 W, 42, 2032 MHz, 3996 MHz, 100 %, 42 %
2026/03/24 06:23:28.907, 1, 770.38 W, 46, 2032 MHz, 3996 MHz, 100 %, 49 %
2026/03/24 06:23:28.907, 2, 772.66 W, 42, 2032 MHz, 3996 MHz, 100 %, 44 %
2026/03/24 06:23:28.907, 3, 775.25 W, 47, 2032 MHz, 3996 MHz, 100 %, 48 %
2026/03/24 06:23:28.907, 4, 179.10 W, 25, 120 MHz, 3996 MHz, 0 %, 0 %
2026/03/24 06:23:28.907, 5, 180.58 W, 27, 120 MHz, 3996 MHz, 0 %, 0 %
2026/03/24 06:23:28.907, 6, 177.98 W, 26, 120 MHz, 3996 MHz, 0 %, 0 %
2026/03/24 06:23:28.907, 7, 176.58 W, 27, 120 MHz, 3996 MHz, 0 %, 0 %
2026/03/24 06:23:29.907, 0, 771.05 W, 41, 2032 MHz, 3996 MHz, 100 %, 59 %
2026/03/24 06:23:29.907, 1, 717.07 W, 44, 2032 MHz, 3996 MHz, 100 %, 48 %
2026/03/24 06:23:29.907, 2, 717.86 W, 41, 2032 MHz, 3996 MHz, 100 %, 48 %
2026/03/24 06:23:29.907, 3, 710.39 W, 45, 2032 MHz, 3996 MHz, 100 %, 47 %
2026/03/24 06:23:29.907, 4, 178.81 W, 25, 120 MHz, 3996 MHz, 0 %, 0 %
2026/03/24 06:23:29.907, 5, 180.58 W, 27, 120 MHz, 3996 MHz, 0 %, 0 %
2026/03/24 06:23:29.908, 6, 178.03 W, 26, 120 MHz, 3996 MHz, 0 %, 0 %
2026/03/24 06:23:29.908, 7, 176.58 W, 27, 120 MHz, 3996 MHz, 0 %, 0 %
2026/03/24 06:23:30.908, 0, 808.82 W, 45, 2032 MHz, 3996 MHz, 98 %, 53 %
2026/03/24 06:23:30.908, 1, 763.43 W, 48, 2032 MHz, 3996 MHz, 100 %, 43 %
2026/03/24 06:23:30.908, 2, 759.81 W, 45, 2032 MHz, 3996 MHz, 98 %, 42 %
2026/03/24 06:23:30.908, 3, 763.48 W, 49, 2032 MHz, 3996 MHz, 100 %, 44 %
2026/03/24 06:23:30.908, 4, 178.75 W, 25, 120 MHz, 3996 MHz, 0 %, 0 %
2026/03/24 06:23:30.908, 5, 180.58 W, 27, 120 MHz, 3996 MHz, 0 %, 0 %
2026/03/24 06:23:30.908, 6, 178.13 W, 26, 120 MHz, 3996 MHz, 0 %, 0 %
2026/03/24 06:23:30.908, 7, 176.58 W, 27, 120 MHz, 3996 MHz, 0 %, 0 %
2026/03/24 06:23:31.908, 0, 787.18 W, 41, 2032 MHz, 3996 MHz, 100 %, 59 %
2026/03/24 06:23:31.908, 1, 745.61 W, 44, 2032 MHz, 3996 MHz, 100 %, 47 %
2026/03/24 06:23:31.908, 2, 751.28 W, 40, 2032 MHz, 3996 MHz, 100 %, 47 %
2026/03/24 06:23:31.908, 3, 750.69 W, 45, 2032 MHz, 3996 MHz, 100 %, 47 %
2026/03/24 06:23:31.908, 4, 178.81 W, 25, 120 MHz, 3996 MHz, 0 %, 0 %
2026/03/24 06:23:31.908, 5, 180.58 W, 27, 120 MHz, 3996 MHz, 0 %, 0 %
2026/03/24 06:23:31.908, 6, 177.99 W, 26, 120 MHz, 3996 MHz, 0 %, 0 %
2026/03/24 06:23:31.908, 7, 176.58 W, 27, 120 MHz, 3996 MHz, 0 %, 0 %
2026/03/24 06:23:32.908, 0, 812.16 W, 43, 2032 MHz, 3996 MHz, 99 %, 44 %
2026/03/24 06:23:32.908, 1, 771.41 W, 45, 2032 MHz, 3996 MHz, 100 %, 48 %
2026/03/24 06:23:32.908, 2, 772.29 W, 41, 2032 MHz, 3996 MHz, 100 %, 47 %
2026/03/24 06:23:32.908, 3, 770.47 W, 46, 2032 MHz, 3996 MHz, 100 %, 47 %
2026/03/24 06:23:32.908, 4, 178.87 W, 25, 120 MHz, 3996 MHz, 0 %, 0 %
2026/03/24 06:23:32.908, 5, 180.58 W, 27, 120 MHz, 3996 MHz, 0 %, 0 %
2026/03/24 06:23:32.908, 6, 178.02 W, 26, 120 MHz, 3996 MHz, 0 %, 0 %
2026/03/24 06:23:32.908, 7, 176.58 W, 27, 120 MHz, 3996 MHz, 0 %, 0 %
2026/03/24 06:23:33.908, 0, 815.69 W, 42, 2032 MHz, 3996 MHz, 100 %, 60 %
2026/03/24 06:23:33.908, 1, 765.67 W, 44, 2032 MHz, 3996 MHz, 100 %, 48 %
2026/03/24 06:23:33.908, 2, 765.20 W, 41, 2032 MHz, 3996 MHz, 100 %, 49 %
2026/03/24 06:23:33.908, 3, 768.76 W, 45, 2032 MHz, 3996 MHz, 100 %, 49 %
2026/03/24 06:23:33.908, 4, 179.01 W, 25, 120 MHz, 3996 MHz, 0 %, 0 %
2026/03/24 06:23:33.908, 5, 180.58 W, 27, 120 MHz, 3996 MHz, 0 %, 0 %
2026/03/24 06:23:33.908, 6, 178.11 W, 26, 120 MHz, 3996 MHz, 0 %, 0 %
2026/03/24 06:23:33.908, 7, 176.58 W, 27, 120 MHz, 3996 MHz, 0 %, 0 %
2026/03/24 06:23:34.908, 0, 778.52 W, 41, 2032 MHz, 3996 MHz, 100 %, 60 %
2026/03/24 06:23:34.908, 1, 725.54 W, 44, 2032 MHz, 3996 MHz, 100 %, 48 %
2026/03/24 06:23:34.908, 2, 722.14 W, 40, 2032 MHz, 3996 MHz, 100 %, 49 %
2026/03/24 06:23:34.908, 3, 722.54 W, 44, 2032 MHz, 3996 MHz, 100 %, 48 %
2026/03/24 06:23:34.908, 4, 178.78 W, 25, 120 MHz, 3996 MHz, 0 %, 0 %
2026/03/24 06:23:34.908, 5, 180.58 W, 27, 120 MHz, 3996 MHz, 0 %, 0 %
2026/03/24 06:23:34.908, 6, 177.97 W, 26, 120 MHz, 3996 MHz, 0 %, 0 %
2026/03/24 06:23:34.908, 7, 176.58 W, 27, 120 MHz, 3996 MHz, 0 %, 0 %
2026/03/24 06:23:35.908, 0, 769.19 W, 42, 2032 MHz, 3996 MHz, 99 %, 46 %
2026/03/24 06:23:35.908, 1, 710.47 W, 45, 2032 MHz, 3996 MHz, 100 %, 49 %
2026/03/24 06:23:35.908, 2, 711.17 W, 41, 2032 MHz, 3996 MHz, 100 %, 48 %
2026/03/24 06:23:35.908, 3, 707.88 W, 46, 2032 MHz, 3996 MHz, 100 %, 49 %
2026/03/24 06:23:35.908, 4, 178.92 W, 25, 120 MHz, 3996 MHz, 0 %, 0 %
2026/03/24 06:23:35.908, 5, 180.58 W, 27, 120 MHz, 3996 MHz, 0 %, 0 %
2026/03/24 06:23:35.908, 6, 178.19 W, 26, 120 MHz, 3996 MHz, 0 %, 0 %
2026/03/24 06:23:35.908, 7, 176.58 W, 27, 120 MHz, 3996 MHz, 0 %, 0 %
2026/03/24 06:23:36.909, 0, 773.24 W, 42, 2032 MHz, 3996 MHz, 100 %, 60 %
2026/03/24 06:23:36.909, 1, 719.58 W, 44, 2032 MHz, 3996 MHz, 100 %, 50 %
2026/03/24 06:23:36.909, 2, 714.47 W, 40, 2032 MHz, 3996 MHz, 100 %, 49 %
2026/03/24 06:23:36.909, 3, 715.85 W, 45, 2032 MHz, 3996 MHz, 100 %, 49 %
2026/03/24 06:23:36.909, 4, 178.81 W, 25, 120 MHz, 3996 MHz, 0 %, 0 %
2026/03/24 06:23:36.909, 5, 180.58 W, 27, 120 MHz, 3996 MHz, 0 %, 0 %
2026/03/24 06:23:36.909, 6, 178.01 W, 26, 120 MHz, 3996 MHz, 0 %, 0 %
2026/03/24 06:23:36.909, 7, 176.58 W, 27, 120 MHz, 3996 MHz, 0 %, 0 %
2026/03/24 06:23:37.909, 0, 796.08 W, 45, 2032 MHz, 3996 MHz, 100 %, 60 %
2026/03/24 06:23:37.909, 1, 754.72 W, 47, 2032 MHz, 3996 MHz, 98 %, 41 %
2026/03/24 06:23:37.909, 2, 746.30 W, 44, 2032 MHz, 3996 MHz, 98 %, 47 %
2026/03/24 06:23:37.909, 3, 751.18 W, 47, 2032 MHz, 3996 MHz, 98 %, 41 %
2026/03/24 06:23:37.909, 4, 178.99 W, 25, 120 MHz, 3996 MHz, 0 %, 0 %
2026/03/24 06:23:37.909, 5, 180.58 W, 27, 120 MHz, 3996 MHz, 0 %, 0 %
2026/03/24 06:23:37.909, 6, 177.76 W, 26, 120 MHz, 3996 MHz, 0 %, 0 %
2026/03/24 06:23:37.909, 7, 176.58 W, 27, 120 MHz, 3996 MHz, 0 %, 0 %
2026/03/24 06:23:38.909, 0, 763.94 W, 42, 2032 MHz, 3996 MHz, 100 %, 61 %
2026/03/24 06:23:38.909, 1, 692.54 W, 44, 2032 MHz, 3996 MHz, 100 %, 50 %
2026/03/24 06:23:38.909, 2, 699.58 W, 40, 2032 MHz, 3996 MHz, 100 %, 51 %
2026/03/24 06:23:38.909, 3, 685.61 W, 44, 2032 MHz, 3996 MHz, 100 %, 50 %
2026/03/24 06:23:38.909, 4, 178.99 W, 25, 120 MHz, 3996 MHz, 0 %, 0 %
2026/03/24 06:23:38.909, 5, 180.58 W, 27, 120 MHz, 3996 MHz, 0 %, 0 %
2026/03/24 06:23:38.909, 6, 177.86 W, 26, 120 MHz, 3996 MHz, 0 %, 0 %
2026/03/24 06:23:38.909, 7, 176.58 W, 27, 120 MHz, 3996 MHz, 0 %, 0 %
2026/03/24 06:23:39.909, 0, 737.99 W, 41, 2032 MHz, 3996 MHz, 100 %, 61 %
2026/03/24 06:23:39.909, 1, 677.41 W, 44, 2032 MHz, 3996 MHz, 100 %, 51 %
2026/03/24 06:23:39.909, 2, 673.72 W, 40, 2032 MHz, 3996 MHz, 100 %, 51 %
2026/03/24 06:23:39.909, 3, 665.67 W, 44, 2032 MHz, 3996 MHz, 100 %, 50 %
2026/03/24 06:23:39.909, 4, 179.05 W, 25, 120 MHz, 3996 MHz, 0 %, 0 %
2026/03/24 06:23:39.909, 5, 180.58 W, 27, 120 MHz, 3996 MHz, 0 %, 0 %
2026/03/24 06:23:39.909, 6, 177.98 W, 26, 120 MHz, 3996 MHz, 0 %, 0 %
2026/03/24 06:23:39.909, 7, 176.58 W, 27, 120 MHz, 3996 MHz, 0 %, 0 %
2026/03/24 06:23:40.909, 0, 737.11 W, 41, 2032 MHz, 3996 MHz, 100 %, 60 %
2026/03/24 06:23:40.909, 1, 677.71 W, 44, 2032 MHz, 3996 MHz, 100 %, 51 %
2026/03/24 06:23:40.909, 2, 676.80 W, 40, 2032 MHz, 3996 MHz, 100 %, 51 %
2026/03/24 06:23:40.909, 3, 669.16 W, 44, 2032 MHz, 3996 MHz, 100 %, 50 %
2026/03/24 06:23:40.909, 4, 179.08 W, 25, 120 MHz, 3996 MHz, 0 %, 0 %
2026/03/24 06:23:40.909, 5, 180.58 W, 27, 120 MHz, 3996 MHz, 0 %, 0 %
2026/03/24 06:23:40.909, 6, 177.95 W, 26, 120 MHz, 3996 MHz, 0 %, 0 %
2026/03/24 06:23:40.909, 7, 176.58 W, 27, 120 MHz, 3996 MHz, 0 %, 0 %
2026/03/24 06:23:41.909, 0, 737.95 W, 42, 2032 MHz, 3996 MHz, 100 %, 61 %
2026/03/24 06:23:41.909, 1, 677.12 W, 44, 2032 MHz, 3996 MHz, 100 %, 51 %
2026/03/24 06:23:41.909, 2, 675.28 W, 40, 2032 MHz, 3996 MHz, 100 %, 51 %
2026/03/24 06:23:41.909, 3, 669.80 W, 44, 2032 MHz, 3996 MHz, 100 %, 50 %
2026/03/24 06:23:41.909, 4, 179.00 W, 25, 120 MHz, 3996 MHz, 0 %, 0 %
2026/03/24 06:23:41.909, 5, 180.58 W, 27, 120 MHz, 3996 MHz, 0 %, 0 %
2026/03/24 06:23:41.909, 6, 178.07 W, 26, 120 MHz, 3996 MHz, 0 %, 0 %
2026/03/24 06:23:41.909, 7, 176.58 W, 27, 120 MHz, 3996 MHz, 0 %, 0 %
2026/03/24 06:23:42.909, 0, 785.50 W, 46, 2032 MHz, 3996 MHz, 100 %, 53 %
2026/03/24 06:23:42.909, 1, 773.35 W, 47, 2032 MHz, 3996 MHz, 98 %, 43 %
2026/03/24 06:23:42.909, 2, 768.57 W, 44, 2032 MHz, 3996 MHz, 98 %, 52 %
2026/03/24 06:23:42.909, 3, 774.45 W, 47, 2032 MHz, 3996 MHz, 98 %, 42 %
2026/03/24 06:23:42.909, 4, 178.86 W, 25, 120 MHz, 3996 MHz, 0 %, 0 %
2026/03/24 06:23:42.909, 5, 180.58 W, 27, 120 MHz, 3996 MHz, 0 %, 0 %
2026/03/24 06:23:42.910, 6, 178.18 W, 26, 120 MHz, 3996 MHz, 0 %, 0 %
2026/03/24 06:23:42.910, 7, 176.58 W, 27, 120 MHz, 3996 MHz, 0 %, 0 %
2026/03/24 06:23:43.910, 0, 765.86 W, 42, 2032 MHz, 3996 MHz, 100 %, 53 %
2026/03/24 06:23:43.910, 1, 775.82 W, 45, 2032 MHz, 3996 MHz, 100 %, 54 %
2026/03/24 06:23:43.910, 2, 773.35 W, 41, 2032 MHz, 3996 MHz, 100 %, 55 %
2026/03/24 06:23:43.910, 3, 776.36 W, 46, 2032 MHz, 3996 MHz, 100 %, 54 %
2026/03/24 06:23:43.910, 4, 179.00 W, 25, 120 MHz, 3996 MHz, 0 %, 0 %
2026/03/24 06:23:43.910, 5, 180.58 W, 27, 120 MHz, 3996 MHz, 0 %, 0 %
2026/03/24 06:23:43.910, 6, 178.26 W, 26, 120 MHz, 3996 MHz, 0 %, 0 %
2026/03/24 06:23:43.910, 7, 176.58 W, 27, 120 MHz, 3996 MHz, 0 %, 0 %
2026/03/24 06:23:44.910, 0, 780.33 W, 41, 2032 MHz, 3996 MHz, 100 %, 54 %
2026/03/24 06:23:44.910, 1, 790.54 W, 45, 2032 MHz, 3996 MHz, 100 %, 55 %
2026/03/24 06:23:44.910, 2, 793.33 W, 41, 2032 MHz, 3996 MHz, 100 %, 55 %
2026/03/24 06:23:44.910, 3, 789.63 W, 45, 2032 MHz, 3996 MHz, 100 %, 54 %
2026/03/24 06:23:44.910, 4, 178.93 W, 25, 120 MHz, 3996 MHz, 0 %, 0 %
2026/03/24 06:23:44.910, 5, 180.58 W, 27, 120 MHz, 3996 MHz, 0 %, 0 %
2026/03/24 06:23:44.910, 6, 178.25 W, 26, 120 MHz, 3996 MHz, 0 %, 0 %
2026/03/24 06:23:44.910, 7, 176.58 W, 27, 120 MHz, 3996 MHz, 0 %, 0 %
2026/03/24 06:23:45.910, 0, 793.90 W, 42, 2032 MHz, 3996 MHz, 100 %, 48 %
2026/03/24 06:23:45.910, 1, 802.11 W, 46, 2032 MHz, 3996 MHz, 100 %, 55 %
2026/03/24 06:23:45.910, 2, 800.27 W, 42, 2032 MHz, 3996 MHz, 100 %, 55 %
2026/03/24 06:23:45.910, 3, 802.00 W, 47, 2032 MHz, 3996 MHz, 100 %, 54 %
2026/03/24 06:23:45.910, 4, 178.80 W, 25, 120 MHz, 3996 MHz, 0 %, 0 %
2026/03/24 06:23:45.910, 5, 180.58 W, 27, 120 MHz, 3996 MHz, 0 %, 0 %
2026/03/24 06:23:45.910, 6, 178.06 W, 26, 120 MHz, 3996 MHz, 0 %, 0 %
2026/03/24 06:23:45.910, 7, 176.58 W, 27, 120 MHz, 3996 MHz, 0 %, 0 %
2026/03/24 06:23:46.910, 0, 781.18 W, 42, 2032 MHz, 3996 MHz, 100 %, 53 %
2026/03/24 06:23:46.910, 1, 791.51 W, 45, 2032 MHz, 3996 MHz, 100 %, 53 %
2026/03/24 06:23:46.910, 2, 788.98 W, 41, 2032 MHz, 3996 MHz, 100 %, 54 %
2026/03/24 06:23:46.910, 3, 788.92 W, 46, 2032 MHz, 3996 MHz, 100 %, 53 %
2026/03/24 06:23:46.910, 4, 178.82 W, 25, 120 MHz, 3996 MHz, 0 %, 0 %
2026/03/24 06:23:46.910, 5, 180.58 W, 27, 120 MHz, 3996 MHz, 0 %, 0 %
2026/03/24 06:23:46.910, 6, 178.02 W, 26, 120 MHz, 3996 MHz, 0 %, 0 %
2026/03/24 06:23:46.910, 7, 176.58 W, 27, 120 MHz, 3996 MHz, 0 %, 0 %
2026/03/24 06:23:47.910, 0, 789.59 W, 43, 2032 MHz, 3996 MHz, 98 %, 43 %
2026/03/24 06:23:47.910, 1, 799.54 W, 47, 2032 MHz, 3996 MHz, 100 %, 52 %
2026/03/24 06:23:47.910, 2, 793.79 W, 43, 2032 MHz, 3996 MHz, 99 %, 43 %
2026/03/24 06:23:47.910, 3, 799.40 W, 50, 2032 MHz, 3996 MHz, 100 %, 51 %
2026/03/24 06:23:47.910, 4, 178.90 W, 25, 120 MHz, 3996 MHz, 0 %, 0 %
2026/03/24 06:23:47.910, 5, 180.58 W, 27, 120 MHz, 3996 MHz, 0 %, 0 %
2026/03/24 06:23:47.910, 6, 178.03 W, 26, 120 MHz, 3996 MHz, 0 %, 0 %
2026/03/24 06:23:47.910, 7, 176.58 W, 27, 120 MHz, 3996 MHz, 0 %, 0 %
2026/03/24 06:23:48.910, 0, 685.50 W, 41, 2032 MHz, 3996 MHz, 100 %, 53 %
2026/03/24 06:23:48.910, 1, 698.32 W, 44, 2032 MHz, 3996 MHz, 100 %, 54 %
2026/03/24 06:23:48.910, 2, 694.92 W, 41, 2032 MHz, 3996 MHz, 100 %, 54 %
2026/03/24 06:23:48.910, 3, 690.84 W, 45, 2032 MHz, 3996 MHz, 100 %, 53 %
2026/03/24 06:23:48.910, 4, 178.85 W, 25, 120 MHz, 3996 MHz, 0 %, 0 %
2026/03/24 06:23:48.910, 5, 180.58 W, 27, 120 MHz, 3996 MHz, 0 %, 0 %
2026/03/24 06:23:48.910, 6, 178.11 W, 26, 120 MHz, 3996 MHz, 0 %, 0 %
2026/03/24 06:23:48.910, 7, 176.58 W, 27, 120 MHz, 3996 MHz, 0 %, 0 %
2026/03/24 06:23:49.910, 0, 753.82 W, 44, 2032 MHz, 3996 MHz, 100 %, 53 %
2026/03/24 06:23:49.910, 1, 766.61 W, 45, 2032 MHz, 3996 MHz, 98 %, 48 %
2026/03/24 06:23:49.910, 2, 763.53 W, 41, 2032 MHz, 3996 MHz, 100 %, 54 %
2026/03/24 06:23:49.910, 3, 764.39 W, 49, 2032 MHz, 3996 MHz, 98 %, 48 %
2026/03/24 06:23:49.911, 4, 178.86 W, 25, 120 MHz, 3996 MHz, 0 %, 0 %
2026/03/24 06:23:49.911, 5, 180.58 W, 27, 120 MHz, 3996 MHz, 0 %, 0 %
2026/03/24 06:23:49.911, 6, 178.10 W, 26, 120 MHz, 3996 MHz, 0 %, 0 %
2026/03/24 06:23:49.911, 7, 176.58 W, 27, 120 MHz, 3996 MHz, 0 %, 0 %
2026/03/24 06:23:50.911, 0, 739.06 W, 41, 2032 MHz, 3996 MHz, 100 %, 53 %
2026/03/24 06:23:50.911, 1, 748.00 W, 45, 2032 MHz, 3996 MHz, 100 %, 55 %
2026/03/24 06:23:50.911, 2, 742.27 W, 41, 2032 MHz, 3996 MHz, 100 %, 54 %
2026/03/24 06:23:50.911, 3, 738.95 W, 45, 2032 MHz, 3996 MHz, 100 %, 54 %
2026/03/24 06:23:50.911, 4, 178.82 W, 25, 120 MHz, 3996 MHz, 0 %, 0 %
2026/03/24 06:23:50.911, 5, 180.58 W, 27, 120 MHz, 3996 MHz, 0 %, 0 %
2026/03/24 06:23:50.911, 6, 178.22 W, 26, 120 MHz, 3996 MHz, 0 %, 0 %
2026/03/24 06:23:50.911, 7, 176.58 W, 27, 120 MHz, 3996 MHz, 0 %, 0 %
2026/03/24 06:23:51.911, 0, 736.02 W, 42, 2032 MHz, 3996 MHz, 100 %, 46 %
2026/03/24 06:23:51.911, 1, 756.74 W, 46, 2032 MHz, 3996 MHz, 100 %, 55 %
2026/03/24 06:23:51.911, 2, 748.54 W, 42, 2032 MHz, 3996 MHz, 100 %, 54 %
2026/03/24 06:23:51.911, 3, 747.00 W, 46, 2032 MHz, 3996 MHz, 100 %, 54 %
2026/03/24 06:23:51.911, 4, 178.81 W, 25, 120 MHz, 3996 MHz, 0 %, 0 %
2026/03/24 06:23:51.911, 5, 180.58 W, 27, 120 MHz, 3996 MHz, 0 %, 0 %
2026/03/24 06:23:51.911, 6, 178.17 W, 26, 120 MHz, 3996 MHz, 0 %, 0 %
2026/03/24 06:23:51.911, 7, 176.58 W, 27, 120 MHz, 3996 MHz, 0 %, 0 %
2026/03/24 06:23:52.911, 0, 740.45 W, 41, 2032 MHz, 3996 MHz, 100 %, 53 %
2026/03/24 06:23:52.911, 1, 755.95 W, 45, 2032 MHz, 3996 MHz, 100 %, 54 %
2026/03/24 06:23:52.911, 2, 750.25 W, 41, 2032 MHz, 3996 MHz, 100 %, 54 %
2026/03/24 06:23:52.911, 3, 750.41 W, 45, 2032 MHz, 3996 MHz, 100 %, 55 %
2026/03/24 06:23:52.911, 4, 178.68 W, 25, 120 MHz, 3996 MHz, 0 %, 0 %
2026/03/24 06:23:52.911, 5, 180.58 W, 27, 120 MHz, 3996 MHz, 0 %, 0 %
2026/03/24 06:23:52.911, 6, 178.11 W, 26, 120 MHz, 3996 MHz, 0 %, 0 %
2026/03/24 06:23:52.911, 7, 176.58 W, 27, 120 MHz, 3996 MHz, 0 %, 0 %
2026/03/24 06:23:53.911, 0, 737.67 W, 41, 2032 MHz, 3996 MHz, 100 %, 53 %
2026/03/24 06:23:53.911, 1, 749.67 W, 45, 2032 MHz, 3996 MHz, 100 %, 53 %
2026/03/24 06:23:53.911, 2, 745.91 W, 41, 2032 MHz, 3996 MHz, 100 %, 53 %
2026/03/24 06:23:53.911, 3, 745.65 W, 45, 2032 MHz, 3996 MHz, 100 %, 54 %
2026/03/24 06:23:53.911, 4, 178.91 W, 25, 120 MHz, 3996 MHz, 0 %, 0 %
2026/03/24 06:23:53.911, 5, 180.58 W, 27, 120 MHz, 3996 MHz, 0 %, 0 %
2026/03/24 06:23:53.911, 6, 178.37 W, 26, 120 MHz, 3996 MHz, 0 %, 0 %
2026/03/24 06:23:53.911, 7, 176.58 W, 27, 120 MHz, 3996 MHz, 0 %, 0 %
2026/03/24 06:23:54.911, 0, 686.92 W, 41, 2032 MHz, 3996 MHz, 100 %, 53 %
2026/03/24 06:23:54.911, 1, 700.45 W, 45, 2032 MHz, 3996 MHz, 100 %, 54 %
2026/03/24 06:23:54.911, 2, 695.55 W, 41, 2032 MHz, 3996 MHz, 100 %, 54 %
2026/03/24 06:23:54.911, 3, 690.14 W, 45, 2032 MHz, 3996 MHz, 100 %, 53 %
2026/03/24 06:23:54.911, 4, 178.81 W, 25, 120 MHz, 3996 MHz, 0 %, 0 %
2026/03/24 06:23:54.911, 5, 180.58 W, 27, 120 MHz, 3996 MHz, 0 %, 0 %
2026/03/24 06:23:54.911, 6, 177.88 W, 26, 120 MHz, 3996 MHz, 0 %, 0 %
2026/03/24 06:23:54.911, 7, 176.58 W, 27, 120 MHz, 3996 MHz, 0 %, 0 %
2026/03/24 06:23:55.911, 0, 686.96 W, 41, 2032 MHz, 3996 MHz, 100 %, 53 %
2026/03/24 06:23:55.911, 1, 700.20 W, 45, 2032 MHz, 3996 MHz, 100 %, 53 %
2026/03/24 06:23:55.911, 2, 693.93 W, 41, 2032 MHz, 3996 MHz, 100 %, 54 %
2026/03/24 06:23:55.911, 3, 689.94 W, 45, 2032 MHz, 3996 MHz, 100 %, 53 %
2026/03/24 06:23:55.911, 4, 178.94 W, 25, 120 MHz, 3996 MHz, 0 %, 0 %
2026/03/24 06:23:55.911, 5, 180.58 W, 27, 120 MHz, 3996 MHz, 0 %, 0 %
2026/03/24 06:23:55.911, 6, 177.99 W, 26, 120 MHz, 3996 MHz, 0 %, 0 %
2026/03/24 06:23:55.911, 7, 176.58 W, 27, 120 MHz, 3996 MHz, 0 %, 0 %
2026/03/24 06:23:56.911, 0, 735.45 W, 41, 2032 MHz, 3996 MHz, 100 %, 52 %
2026/03/24 06:23:56.912, 1, 744.59 W, 45, 2032 MHz, 3996 MHz, 100 %, 54 %
2026/03/24 06:23:56.912, 2, 741.86 W, 41, 2032 MHz, 3996 MHz, 100 %, 54 %
2026/03/24 06:23:56.912, 3, 739.61 W, 45, 2032 MHz, 3996 MHz, 100 %, 54 %
2026/03/24 06:23:56.912, 4, 178.75 W, 25, 120 MHz, 3996 MHz, 0 %, 0 %
2026/03/24 06:23:56.912, 5, 180.58 W, 27, 120 MHz, 3996 MHz, 0 %, 0 %
2026/03/24 06:23:56.912, 6, 178.02 W, 26, 120 MHz, 3996 MHz, 0 %, 0 %
2026/03/24 06:23:56.912, 7, 176.58 W, 27, 120 MHz, 3996 MHz, 0 %, 0 %
2026/03/24 06:23:57.912, 0, 689.81 W, 41, 2032 MHz, 3996 MHz, 100 %, 53 %
2026/03/24 06:23:57.912, 1, 702.36 W, 45, 2032 MHz, 3996 MHz, 100 %, 54 %
2026/03/24 06:23:57.912, 2, 698.49 W, 41, 2032 MHz, 3996 MHz, 100 %, 54 %
2026/03/24 06:23:57.912, 3, 696.13 W, 45, 2032 MHz, 3996 MHz, 100 %, 55 %
2026/03/24 06:23:57.912, 4, 178.93 W, 25, 120 MHz, 3996 MHz, 0 %, 0 %
2026/03/24 06:23:57.912, 5, 180.58 W, 27, 120 MHz, 3996 MHz, 0 %, 0 %
2026/03/24 06:23:57.912, 6, 177.80 W, 26, 120 MHz, 3996 MHz, 0 %, 0 %
2026/03/24 06:23:57.912, 7, 176.58 W, 27, 120 MHz, 3996 MHz, 0 %, 0 %
2026/03/24 06:23:58.912, 0, 858.10 W, 46, 2032 MHz, 3996 MHz, 100 %, 52 %
2026/03/24 06:23:58.912, 1, 866.92 W, 48, 2032 MHz, 3996 MHz, 97 %, 43 %
2026/03/24 06:23:58.912, 2, 865.38 W, 45, 2032 MHz, 3996 MHz, 100 %, 52 %
2026/03/24 06:23:58.912, 3, 885.79 W, 51, 2032 MHz, 3996 MHz, 98 %, 43 %
2026/03/24 06:23:58.912, 4, 178.83 W, 25, 120 MHz, 3996 MHz, 0 %, 0 %
2026/03/24 06:23:58.912, 5, 180.58 W, 27, 120 MHz, 3996 MHz, 0 %, 0 %
2026/03/24 06:23:58.912, 6, 178.33 W, 26, 120 MHz, 3996 MHz, 0 %, 0 %
2026/03/24 06:23:58.912, 7, 176.58 W, 27, 120 MHz, 3996 MHz, 0 %, 0 %
2026/03/24 06:23:59.912, 0, 776.04 W, 45, 2032 MHz, 3996 MHz, 100 %, 48 %
2026/03/24 06:23:59.912, 1, 784.09 W, 46, 2032 MHz, 3996 MHz, 98 %, 46 %
2026/03/24 06:23:59.912, 2, 777.02 W, 42, 2032 MHz, 3996 MHz, 100 %, 53 %
2026/03/24 06:23:59.912, 3, 778.76 W, 50, 2032 MHz, 3996 MHz, 97 %, 46 %
2026/03/24 06:23:59.912, 4, 178.76 W, 25, 120 MHz, 3996 MHz, 0 %, 0 %
2026/03/24 06:23:59.912, 5, 180.58 W, 27, 120 MHz, 3996 MHz, 0 %, 0 %
2026/03/24 06:23:59.912, 6, 178.21 W, 26, 120 MHz, 3996 MHz, 0 %, 0 %
2026/03/24 06:23:59.912, 7, 176.58 W, 27, 120 MHz, 3996 MHz, 0 %, 0 %
2026/03/24 06:24:00.912, 0, 822.39 W, 43, 2032 MHz, 3996 MHz, 99 %, 42 %
2026/03/24 06:24:00.912, 1, 830.66 W, 46, 2032 MHz, 3996 MHz, 100 %, 53 %
2026/03/24 06:24:00.912, 2, 825.99 W, 43, 2032 MHz, 3996 MHz, 100 %, 49 %
2026/03/24 06:24:00.912, 3, 830.01 W, 47, 2032 MHz, 3996 MHz, 100 %, 53 %
2026/03/24 06:24:00.912, 4, 178.81 W, 25, 120 MHz, 3996 MHz, 0 %, 0 %
2026/03/24 06:24:00.912, 5, 180.58 W, 27, 120 MHz, 3996 MHz, 0 %, 0 %
2026/03/24 06:24:00.912, 6, 177.90 W, 26, 120 MHz, 3996 MHz, 0 %, 0 %
2026/03/24 06:24:00.912, 7, 176.58 W, 27, 120 MHz, 3996 MHz, 0 %, 0 %
2026/03/24 06:24:01.912, 0, 687.04 W, 41, 2032 MHz, 3996 MHz, 100 %, 52 %
2026/03/24 06:24:01.912, 1, 701.78 W, 45, 2032 MHz, 3996 MHz, 98 %, 51 %
2026/03/24 06:24:01.912, 2, 698.68 W, 41, 2032 MHz, 3996 MHz, 100 %, 53 %
2026/03/24 06:24:01.912, 3, 699.72 W, 49, 2032 MHz, 3996 MHz, 98 %, 50 %
2026/03/24 06:24:01.912, 4, 179.07 W, 25, 120 MHz, 3996 MHz, 0 %, 0 %
2026/03/24 06:24:01.912, 5, 180.58 W, 27, 120 MHz, 3996 MHz, 0 %, 0 %
2026/03/24 06:24:01.912, 6, 178.18 W, 26, 120 MHz, 3996 MHz, 0 %, 0 %
2026/03/24 06:24:01.912, 7, 176.58 W, 27, 120 MHz, 3996 MHz, 0 %, 0 %
2026/03/24 06:24:02.912, 0, 828.34 W, 42, 2032 MHz, 3996 MHz, 100 %, 51 %
2026/03/24 06:24:02.912, 1, 836.75 W, 45, 2032 MHz, 3996 MHz, 100 %, 51 %
2026/03/24 06:24:02.912, 2, 834.57 W, 42, 2032 MHz, 3996 MHz, 100 %, 52 %
2026/03/24 06:24:02.912, 3, 826.81 W, 46, 2032 MHz, 3996 MHz, 100 %, 52 %
2026/03/24 06:24:02.912, 4, 178.69 W, 25, 120 MHz, 3996 MHz, 0 %, 0 %
2026/03/24 06:24:02.912, 5, 180.58 W, 27, 120 MHz, 3996 MHz, 0 %, 0 %
2026/03/24 06:24:02.912, 6, 178.21 W, 26, 120 MHz, 3996 MHz, 0 %, 0 %
2026/03/24 06:24:02.913, 7, 176.58 W, 27, 120 MHz, 3996 MHz, 0 %, 0 %
2026/03/24 06:24:03.913, 0, 677.53 W, 41, 2032 MHz, 3996 MHz, 100 %, 51 %
2026/03/24 06:24:03.913, 1, 688.65 W, 45, 2032 MHz, 3996 MHz, 100 %, 52 %
2026/03/24 06:24:03.913, 2, 686.61 W, 41, 2032 MHz, 3996 MHz, 100 %, 53 %
2026/03/24 06:24:03.913, 3, 680.47 W, 45, 2032 MHz, 3996 MHz, 100 %, 52 %
2026/03/24 06:24:03.913, 4, 178.94 W, 25, 120 MHz, 3996 MHz, 0 %, 0 %
2026/03/24 06:24:03.913, 5, 180.58 W, 27, 120 MHz, 3996 MHz, 0 %, 0 %
2026/03/24 06:24:03.913, 6, 178.33 W, 26, 120 MHz, 3996 MHz, 0 %, 0 %
2026/03/24 06:24:03.913, 7, 176.58 W, 27, 120 MHz, 3996 MHz, 0 %, 0 %
2026/03/24 06:24:04.913, 0, 731.27 W, 42, 2032 MHz, 3996 MHz, 100 %, 46 %
2026/03/24 06:24:04.913, 1, 741.97 W, 46, 2032 MHz, 3996 MHz, 100 %, 51 %
2026/03/24 06:24:04.913, 2, 740.38 W, 42, 2032 MHz, 3996 MHz, 100 %, 52 %
2026/03/24 06:24:04.913, 3, 739.04 W, 46, 2032 MHz, 3996 MHz, 100 %, 52 %
2026/03/24 06:24:04.913, 4, 178.95 W, 25, 120 MHz, 3996 MHz, 0 %, 0 %
2026/03/24 06:24:04.913, 5, 180.58 W, 27, 120 MHz, 3996 MHz, 0 %, 0 %
2026/03/24 06:24:04.913, 6, 178.03 W, 26, 120 MHz, 3996 MHz, 0 %, 0 %
2026/03/24 06:24:04.913, 7, 176.58 W, 27, 120 MHz, 3996 MHz, 0 %, 0 %
2026/03/24 06:24:05.913, 0, 794.46 W, 43, 2032 MHz, 3996 MHz, 98 %, 42 %
2026/03/24 06:24:05.913, 1, 800.53 W, 48, 2032 MHz, 3996 MHz, 100 %, 49 %
2026/03/24 06:24:05.913, 2, 797.80 W, 44, 2032 MHz, 3996 MHz, 99 %, 43 %
2026/03/24 06:24:05.913, 3, 805.37 W, 47, 2032 MHz, 3996 MHz, 100 %, 50 %
2026/03/24 06:24:05.913, 4, 178.82 W, 25, 120 MHz, 3996 MHz, 0 %, 0 %
2026/03/24 06:24:05.913, 5, 180.58 W, 27, 120 MHz, 3996 MHz, 0 %, 0 %
2026/03/24 06:24:05.913, 6, 177.99 W, 26, 120 MHz, 3996 MHz, 0 %, 0 %
2026/03/24 06:24:05.913, 7, 176.58 W, 27, 120 MHz, 3996 MHz, 0 %, 0 %
2026/03/24 06:24:06.913, 0, 677.39 W, 41, 2032 MHz, 3996 MHz, 100 %, 51 %
2026/03/24 06:24:06.913, 1, 692.98 W, 45, 2032 MHz, 3996 MHz, 100 %, 52 %
2026/03/24 06:24:06.913, 2, 690.86 W, 41, 2032 MHz, 3996 MHz, 100 %, 53 %
2026/03/24 06:24:06.913, 3, 686.54 W, 45, 2032 MHz, 3996 MHz, 100 %, 53 %
2026/03/24 06:24:06.913, 4, 178.86 W, 25, 120 MHz, 3996 MHz, 0 %, 0 %
2026/03/24 06:24:06.913, 5, 180.58 W, 27, 120 MHz, 3996 MHz, 0 %, 0 %
2026/03/24 06:24:06.913, 6, 178.17 W, 26, 120 MHz, 3996 MHz, 0 %, 0 %
2026/03/24 06:24:06.913, 7, 176.58 W, 27, 120 MHz, 3996 MHz, 0 %, 0 %
2026/03/24 06:24:07.913, 0, 733.62 W, 41, 2032 MHz, 3996 MHz, 100 %, 51 %
2026/03/24 06:24:07.913, 1, 748.41 W, 45, 2032 MHz, 3996 MHz, 100 %, 53 %
2026/03/24 06:24:07.913, 2, 745.15 W, 41, 2032 MHz, 3996 MHz, 100 %, 53 %
2026/03/24 06:24:07.913, 3, 739.90 W, 46, 2032 MHz, 3996 MHz, 100 %, 53 %
2026/03/24 06:24:07.913, 4, 178.77 W, 25, 120 MHz, 3996 MHz, 0 %, 0 %
2026/03/24 06:24:07.913, 5, 180.58 W, 27, 120 MHz, 3996 MHz, 0 %, 0 %
2026/03/24 06:24:07.913, 6, 178.21 W, 26, 120 MHz, 3996 MHz, 0 %, 0 %
2026/03/24 06:24:07.913, 7, 176.58 W, 27, 120 MHz, 3996 MHz, 0 %, 0 %
2026/03/24 06:24:08.913, 0, 677.93 W, 41, 2032 MHz, 3996 MHz, 100 %, 51 %
2026/03/24 06:24:08.913, 1, 695.56 W, 45, 2032 MHz, 3996 MHz, 100 %, 53 %
2026/03/24 06:24:08.913, 2, 691.86 W, 41, 2032 MHz, 3996 MHz, 100 %, 53 %
2026/03/24 06:24:08.913, 3, 686.49 W, 45, 2032 MHz, 3996 MHz, 100 %, 53 %
2026/03/24 06:24:08.913, 4, 178.96 W, 25, 120 MHz, 3996 MHz, 0 %, 0 %
2026/03/24 06:24:08.913, 5, 180.58 W, 27, 120 MHz, 3996 MHz, 0 %, 0 %
2026/03/24 06:24:08.913, 6, 177.84 W, 26, 120 MHz, 3996 MHz, 0 %, 0 %
2026/03/24 06:24:08.913, 7, 176.58 W, 27, 120 MHz, 3996 MHz, 0 %, 0 %
2026/03/24 06:24:09.913, 0, 677.02 W, 41, 2032 MHz, 3996 MHz, 100 %, 51 %
2026/03/24 06:24:09.913, 1, 691.26 W, 45, 2032 MHz, 3996 MHz, 100 %, 52 %
2026/03/24 06:24:09.913, 2, 689.33 W, 41, 2032 MHz, 3996 MHz, 100 %, 52 %
2026/03/24 06:24:09.914, 3, 682.98 W, 45, 2032 MHz, 3996 MHz, 100 %, 52 %
2026/03/24 06:24:09.914, 4, 178.73 W, 25, 120 MHz, 3996 MHz, 0 %, 0 %
2026/03/24 06:24:09.914, 5, 180.58 W, 27, 120 MHz, 3996 MHz, 0 %, 0 %
2026/03/24 06:24:09.914, 6, 178.18 W, 26, 120 MHz, 3996 MHz, 0 %, 0 %
2026/03/24 06:24:09.914, 7, 176.58 W, 27, 120 MHz, 3996 MHz, 0 %, 0 %
2026/03/24 06:24:10.914, 0, 675.48 W, 41, 2032 MHz, 3996 MHz, 100 %, 51 %
2026/03/24 06:24:10.914, 1, 688.48 W, 45, 2032 MHz, 3996 MHz, 100 %, 52 %
2026/03/24 06:24:10.914, 2, 686.68 W, 41, 2032 MHz, 3996 MHz, 100 %, 52 %
2026/03/24 06:24:10.914, 3, 680.92 W, 45, 2032 MHz, 3996 MHz, 100 %, 52 %
2026/03/24 06:24:10.914, 4, 178.89 W, 25, 120 MHz, 3996 MHz, 0 %, 0 %
2026/03/24 06:24:10.914, 5, 180.58 W, 27, 120 MHz, 3996 MHz, 0 %, 0 %
2026/03/24 06:24:10.914, 6, 177.82 W, 26, 120 MHz, 3996 MHz, 0 %, 0 %
2026/03/24 06:24:10.914, 7, 176.58 W, 27, 120 MHz, 3996 MHz, 0 %, 0 %
2026/03/24 06:24:11.914, 0, 670.20 W, 41, 2032 MHz, 3996 MHz, 100 %, 50 %
2026/03/24 06:24:11.914, 1, 685.17 W, 44, 2032 MHz, 3996 MHz, 100 %, 52 %
2026/03/24 06:24:11.914, 2, 680.91 W, 41, 2032 MHz, 3996 MHz, 100 %, 52 %
2026/03/24 06:24:11.914, 3, 674.47 W, 45, 2032 MHz, 3996 MHz, 100 %, 51 %
2026/03/24 06:24:11.914, 4, 178.94 W, 25, 120 MHz, 3996 MHz, 0 %, 0 %
2026/03/24 06:24:11.914, 5, 180.58 W, 27, 120 MHz, 3996 MHz, 0 %, 0 %
2026/03/24 06:24:11.914, 6, 177.97 W, 26, 120 MHz, 3996 MHz, 0 %, 0 %
2026/03/24 06:24:11.914, 7, 176.58 W, 27, 120 MHz, 3996 MHz, 0 %, 0 %
2026/03/24 06:24:12.914, 0, 652.59 W, 40, 2032 MHz, 3996 MHz, 100 %, 49 %
2026/03/24 06:24:12.914, 1, 668.16 W, 44, 2032 MHz, 3996 MHz, 100 %, 51 %
2026/03/24 06:24:12.914, 2, 667.84 W, 41, 2032 MHz, 3996 MHz, 100 %, 51 %
2026/03/24 06:24:12.914, 3, 662.07 W, 45, 2032 MHz, 3996 MHz, 100 %, 50 %
2026/03/24 06:24:12.914, 4, 178.95 W, 25, 120 MHz, 3996 MHz, 0 %, 0 %
2026/03/24 06:24:12.914, 5, 180.58 W, 27, 120 MHz, 3996 MHz, 0 %, 0 %
2026/03/24 06:24:12.914, 6, 178.07 W, 26, 120 MHz, 3996 MHz, 0 %, 0 %
2026/03/24 06:24:12.914, 7, 176.58 W, 27, 120 MHz, 3996 MHz, 0 %, 0 %
2026/03/24 06:24:13.914, 0, 589.10 W, 39, 2032 MHz, 3996 MHz, 100 %, 42 %
2026/03/24 06:24:13.914, 1, 601.59 W, 43, 2032 MHz, 3996 MHz, 100 %, 43 %
2026/03/24 06:24:13.914, 2, 605.89 W, 40, 2032 MHz, 3996 MHz, 100 %, 43 %
2026/03/24 06:24:13.914, 3, 604.24 W, 44, 2032 MHz, 3996 MHz, 100 %, 43 %
2026/03/24 06:24:13.914, 4, 178.80 W, 25, 120 MHz, 3996 MHz, 0 %, 0 %
2026/03/24 06:24:13.914, 5, 180.58 W, 27, 120 MHz, 3996 MHz, 0 %, 0 %
2026/03/24 06:24:13.914, 6, 177.89 W, 26, 120 MHz, 3996 MHz, 0 %, 0 %
2026/03/24 06:24:13.914, 7, 176.58 W, 27, 120 MHz, 3996 MHz, 0 %, 0 %
2026/03/24 06:24:14.914, 0, 556.18 W, 39, 2032 MHz, 3996 MHz, 100 %, 32 %
2026/03/24 06:24:14.914, 1, 566.74 W, 42, 2032 MHz, 3996 MHz, 100 %, 33 %
2026/03/24 06:24:14.914, 2, 571.66 W, 39, 2032 MHz, 3996 MHz, 100 %, 33 %
2026/03/24 06:24:14.914, 3, 567.62 W, 43, 2032 MHz, 3996 MHz, 100 %, 32 %
2026/03/24 06:24:14.914, 4, 178.84 W, 25, 120 MHz, 3996 MHz, 0 %, 0 %
2026/03/24 06:24:14.914, 5, 180.58 W, 27, 120 MHz, 3996 MHz, 0 %, 0 %
2026/03/24 06:24:14.914, 6, 177.92 W, 26, 120 MHz, 3996 MHz, 0 %, 0 %
2026/03/24 06:24:14.914, 7, 176.58 W, 27, 120 MHz, 3996 MHz, 0 %, 0 %
2026/03/24 06:24:15.914, 0, 499.86 W, 38, 2032 MHz, 3996 MHz, 100 %, 32 %
2026/03/24 06:24:15.914, 1, 512.61 W, 42, 2032 MHz, 3996 MHz, 100 %, 33 %
2026/03/24 06:24:15.914, 2, 525.61 W, 39, 2032 MHz, 3996 MHz, 100 %, 33 %
2026/03/24 06:24:15.914, 3, 512.14 W, 42, 2032 MHz, 3996 MHz, 100 %, 33 %
2026/03/24 06:24:15.914, 4, 178.91 W, 25, 120 MHz, 3996 MHz, 0 %, 0 %
2026/03/24 06:24:15.914, 5, 180.58 W, 27, 120 MHz, 3996 MHz, 0 %, 0 %
2026/03/24 06:24:15.914, 6, 178.29 W, 26, 120 MHz, 3996 MHz, 0 %, 0 %
2026/03/24 06:24:15.914, 7, 176.58 W, 27, 120 MHz, 3996 MHz, 0 %, 0 %
2026/03/24 06:24:16.915, 0, 439.80 W, 37, 2032 MHz, 3996 MHz, 100 %, 20 %
2026/03/24 06:24:16.915, 1, 451.46 W, 41, 2032 MHz, 3996 MHz, 100 %, 20 %
2026/03/24 06:24:16.915, 2, 456.77 W, 37, 2032 MHz, 3996 MHz, 100 %, 21 %
2026/03/24 06:24:16.915, 3, 446.99 W, 41, 2032 MHz, 3996 MHz, 100 %, 20 %
2026/03/24 06:24:16.915, 4, 178.85 W, 25, 120 MHz, 3996 MHz, 0 %, 0 %
2026/03/24 06:24:16.915, 5, 180.58 W, 27, 120 MHz, 3996 MHz, 0 %, 0 %
2026/03/24 06:24:16.915, 6, 177.99 W, 26, 120 MHz, 3996 MHz, 0 %, 0 %
2026/03/24 06:24:16.915, 7, 176.58 W, 27, 120 MHz, 3996 MHz, 0 %, 0 %
