timestamp, index, power.draw [W], temperature.gpu, clocks.current.sm [MHz], clocks.current.memory [MHz], utilization.gpu [%], utilization.memory [%]
2026/03/23 13:48:44.265, 0, 232.49 W, 33, 2032 MHz, 3996 MHz, 0 %, 0 %
2026/03/23 13:48:44.269, 1, 239.16 W, 37, 2032 MHz, 3996 MHz, 0 %, 0 %
2026/03/23 13:48:44.273, 2, 205.91 W, 32, 315 MHz, 3996 MHz, 0 %, 0 %
2026/03/23 13:48:44.313, 3, 234.73 W, 37, 810 MHz, 3996 MHz, 0 %, 0 %
2026/03/23 13:48:44.319, 4, 178.57 W, 25, 120 MHz, 3996 MHz, 0 %, 0 %
2026/03/23 13:48:44.328, 5, 180.58 W, 27, 120 MHz, 3996 MHz, 0 %, 0 %
2026/03/23 13:48:44.338, 6, 177.05 W, 26, 120 MHz, 3996 MHz, 0 %, 0 %
2026/03/23 13:48:44.348, 7, 176.59 W, 26, 120 MHz, 3996 MHz, 0 %, 0 %
2026/03/23 13:48:45.357, 0, 215.63 W, 32, 375 MHz, 3996 MHz, 0 %, 0 %
2026/03/23 13:48:45.357, 1, 195.90 W, 36, 615 MHz, 3996 MHz, 0 %, 0 %
2026/03/23 13:48:45.357, 2, 185.70 W, 32, 202 MHz, 3996 MHz, 0 %, 0 %
2026/03/23 13:48:45.357, 3, 189.99 W, 36, 510 MHz, 3996 MHz, 0 %, 0 %
2026/03/23 13:48:45.357, 4, 178.65 W, 25, 120 MHz, 3996 MHz, 0 %, 0 %
2026/03/23 13:48:45.357, 5, 180.58 W, 27, 120 MHz, 3996 MHz, 0 %, 0 %
2026/03/23 13:48:45.357, 6, 176.83 W, 26, 120 MHz, 3996 MHz, 0 %, 0 %
2026/03/23 13:48:45.357, 7, 176.58 W, 26, 120 MHz, 3996 MHz, 0 %, 0 %
2026/03/23 13:48:46.357, 0, 182.43 W, 31, 240 MHz, 3996 MHz, 0 %, 0 %
2026/03/23 13:48:46.357, 1, 188.35 W, 35, 390 MHz, 3996 MHz, 0 %, 0 %
2026/03/23 13:48:46.357, 2, 184.10 W, 32, 127 MHz, 3996 MHz, 0 %, 0 %
2026/03/23 13:48:46.357, 3, 187.60 W, 35, 322 MHz, 3996 MHz, 0 %, 0 %
2026/03/23 13:48:46.357, 4, 178.65 W, 25, 120 MHz, 3996 MHz, 0 %, 0 %
2026/03/23 13:48:46.357, 5, 180.58 W, 27, 120 MHz, 3996 MHz, 0 %, 0 %
2026/03/23 13:48:46.357, 6, 176.98 W, 26, 120 MHz, 3996 MHz, 0 %, 0 %
2026/03/23 13:48:46.357, 7, 176.59 W, 26, 120 MHz, 3996 MHz, 0 %, 0 %
2026/03/23 13:48:47.357, 0, 181.59 W, 31, 150 MHz, 3996 MHz, 0 %, 0 %
2026/03/23 13:48:47.357, 1, 186.55 W, 35, 247 MHz, 3996 MHz, 0 %, 0 %
2026/03/23 13:48:47.357, 2, 184.10 W, 31, 120 MHz, 3996 MHz, 0 %, 0 %
2026/03/23 13:48:47.357, 3, 185.88 W, 35, 202 MHz, 3996 MHz, 0 %, 0 %
2026/03/23 13:48:47.357, 4, 178.66 W, 25, 120 MHz, 3996 MHz, 0 %, 0 %
2026/03/23 13:48:47.357, 5, 180.58 W, 27, 120 MHz, 3996 MHz, 0 %, 0 %
2026/03/23 13:48:47.357, 6, 176.91 W, 26, 120 MHz, 3996 MHz, 0 %, 0 %
2026/03/23 13:48:47.357, 7, 176.59 W, 26, 120 MHz, 3996 MHz, 0 %, 0 %
2026/03/23 13:48:48.358, 0, 180.46 W, 31, 120 MHz, 3996 MHz, 0 %, 0 %
2026/03/23 13:48:48.358, 1, 184.98 W, 35, 157 MHz, 3996 MHz, 0 %, 0 %
2026/03/23 13:48:48.358, 2, 184.10 W, 31, 120 MHz, 3996 MHz, 0 %, 0 %
2026/03/23 13:48:48.358, 3, 185.15 W, 35, 135 MHz, 3996 MHz, 0 %, 0 %
2026/03/23 13:48:48.358, 4, 178.70 W, 25, 120 MHz, 3996 MHz, 0 %, 0 %
2026/03/23 13:48:48.358, 5, 180.58 W, 27, 120 MHz, 3996 MHz, 0 %, 0 %
2026/03/23 13:48:48.358, 6, 176.84 W, 26, 120 MHz, 3996 MHz, 0 %, 0 %
2026/03/23 13:48:48.358, 7, 176.59 W, 26, 120 MHz, 3996 MHz, 0 %, 0 %
2026/03/23 13:48:49.358, 0, 180.26 W, 30, 120 MHz, 3996 MHz, 0 %, 0 %
2026/03/23 13:48:49.358, 1, 185.00 W, 34, 120 MHz, 3996 MHz, 0 %, 0 %
2026/03/23 13:48:49.358, 2, 184.10 W, 31, 120 MHz, 3996 MHz, 0 %, 0 %
2026/03/23 13:48:49.358, 3, 185.03 W, 35, 120 MHz, 3996 MHz, 0 %, 0 %
2026/03/23 13:48:49.358, 4, 178.53 W, 25, 120 MHz, 3996 MHz, 0 %, 0 %
2026/03/23 13:48:49.358, 5, 180.58 W, 27, 120 MHz, 3996 MHz, 0 %, 0 %
2026/03/23 13:48:49.358, 6, 176.99 W, 26, 120 MHz, 3996 MHz, 0 %, 0 %
2026/03/23 13:48:49.358, 7, 176.59 W, 26, 120 MHz, 3996 MHz, 0 %, 0 %
2026/03/23 13:48:50.358, 0, 180.15 W, 30, 120 MHz, 3996 MHz, 0 %, 0 %
2026/03/23 13:48:50.358, 1, 184.99 W, 34, 120 MHz, 3996 MHz, 0 %, 0 %
2026/03/23 13:48:50.358, 2, 184.10 W, 31, 120 MHz, 3996 MHz, 0 %, 0 %
2026/03/23 13:48:50.358, 3, 185.00 W, 34, 120 MHz, 3996 MHz, 0 %, 0 %
2026/03/23 13:48:50.358, 4, 178.53 W, 25, 120 MHz, 3996 MHz, 0 %, 0 %
2026/03/23 13:48:50.358, 5, 180.58 W, 27, 120 MHz, 3996 MHz, 0 %, 0 %
2026/03/23 13:48:50.358, 6, 176.88 W, 26, 120 MHz, 3996 MHz, 0 %, 0 %
2026/03/23 13:48:50.358, 7, 176.60 W, 26, 120 MHz, 3996 MHz, 0 %, 0 %
2026/03/23 13:48:51.358, 0, 180.11 W, 30, 120 MHz, 3996 MHz, 0 %, 0 %
2026/03/23 13:48:51.358, 1, 184.98 W, 34, 120 MHz, 3996 MHz, 0 %, 0 %
2026/03/23 13:48:51.358, 2, 184.10 W, 30, 120 MHz, 3996 MHz, 0 %, 0 %
2026/03/23 13:48:51.358, 3, 184.99 W, 34, 120 MHz, 3996 MHz, 0 %, 0 %
2026/03/23 13:48:51.358, 4, 178.61 W, 25, 120 MHz, 3996 MHz, 0 %, 0 %
2026/03/23 13:48:51.358, 5, 180.58 W, 27, 120 MHz, 3996 MHz, 0 %, 0 %
2026/03/23 13:48:51.358, 6, 176.94 W, 26, 120 MHz, 3996 MHz, 0 %, 0 %
2026/03/23 13:48:51.358, 7, 176.59 W, 26, 120 MHz, 3996 MHz, 0 %, 0 %
2026/03/23 13:48:52.358, 0, 180.11 W, 30, 120 MHz, 3996 MHz, 0 %, 0 %
2026/03/23 13:48:52.358, 1, 184.98 W, 34, 120 MHz, 3996 MHz, 0 %, 0 %
2026/03/23 13:48:52.358, 2, 184.10 W, 30, 120 MHz, 3996 MHz, 0 %, 0 %
2026/03/23 13:48:52.358, 3, 185.00 W, 34, 120 MHz, 3996 MHz, 0 %, 0 %
2026/03/23 13:48:52.358, 4, 178.53 W, 25, 120 MHz, 3996 MHz, 0 %, 0 %
2026/03/23 13:48:52.358, 5, 180.58 W, 27, 120 MHz, 3996 MHz, 0 %, 0 %
2026/03/23 13:48:52.358, 6, 177.01 W, 26, 120 MHz, 3996 MHz, 0 %, 0 %
2026/03/23 13:48:52.358, 7, 176.59 W, 27, 120 MHz, 3996 MHz, 0 %, 0 %
2026/03/23 13:48:53.358, 0, 180.11 W, 30, 120 MHz, 3996 MHz, 0 %, 0 %
2026/03/23 13:48:53.358, 1, 184.85 W, 33, 120 MHz, 3996 MHz, 0 %, 0 %
2026/03/23 13:48:53.358, 2, 184.10 W, 30, 120 MHz, 3996 MHz, 0 %, 0 %
2026/03/23 13:48:53.358, 3, 185.01 W, 34, 120 MHz, 3996 MHz, 0 %, 0 %
2026/03/23 13:48:53.358, 4, 178.58 W, 25, 120 MHz, 3996 MHz, 0 %, 0 %
2026/03/23 13:48:53.358, 5, 180.58 W, 27, 120 MHz, 3996 MHz, 0 %, 0 %
2026/03/23 13:48:53.358, 6, 177.10 W, 26, 120 MHz, 3996 MHz, 0 %, 0 %
2026/03/23 13:48:53.358, 7, 176.59 W, 27, 120 MHz, 3996 MHz, 0 %, 0 %
2026/03/23 13:48:54.358, 0, 180.11 W, 30, 120 MHz, 3996 MHz, 0 %, 0 %
2026/03/23 13:48:54.358, 1, 184.34 W, 33, 120 MHz, 3996 MHz, 0 %, 0 %
2026/03/23 13:48:54.359, 2, 184.10 W, 30, 120 MHz, 3996 MHz, 0 %, 0 %
2026/03/23 13:48:54.359, 3, 184.99 W, 34, 120 MHz, 3996 MHz, 0 %, 0 %
2026/03/23 13:48:54.359, 4, 178.56 W, 25, 120 MHz, 3996 MHz, 0 %, 0 %
2026/03/23 13:48:54.359, 5, 180.59 W, 27, 120 MHz, 3996 MHz, 0 %, 0 %
2026/03/23 13:48:54.359, 6, 176.82 W, 26, 120 MHz, 3996 MHz, 0 %, 0 %
2026/03/23 13:48:54.359, 7, 176.60 W, 27, 120 MHz, 3996 MHz, 0 %, 0 %
2026/03/23 13:48:55.359, 0, 180.11 W, 29, 120 MHz, 3996 MHz, 0 %, 0 %
2026/03/23 13:48:55.359, 1, 184.05 W, 33, 120 MHz, 3996 MHz, 0 %, 0 %
2026/03/23 13:48:55.359, 2, 184.10 W, 30, 120 MHz, 3996 MHz, 0 %, 0 %
2026/03/23 13:48:55.359, 3, 185.01 W, 34, 120 MHz, 3996 MHz, 0 %, 0 %
2026/03/23 13:48:55.359, 4, 178.53 W, 25, 120 MHz, 3996 MHz, 0 %, 0 %
2026/03/23 13:48:55.359, 5, 180.58 W, 27, 120 MHz, 3996 MHz, 0 %, 0 %
2026/03/23 13:48:55.359, 6, 176.78 W, 26, 120 MHz, 3996 MHz, 0 %, 0 %
2026/03/23 13:48:55.359, 7, 176.59 W, 27, 120 MHz, 3996 MHz, 0 %, 0 %
2026/03/23 13:48:56.359, 0, 180.11 W, 29, 120 MHz, 3996 MHz, 0 %, 0 %
2026/03/23 13:48:56.359, 1, 183.74 W, 33, 120 MHz, 3996 MHz, 0 %, 0 %
2026/03/23 13:48:56.359, 2, 184.10 W, 30, 120 MHz, 3996 MHz, 0 %, 0 %
2026/03/23 13:48:56.359, 3, 185.01 W, 33, 120 MHz, 3996 MHz, 0 %, 0 %
2026/03/23 13:48:56.359, 4, 178.66 W, 25, 120 MHz, 3996 MHz, 0 %, 0 %
2026/03/23 13:48:56.359, 5, 180.58 W, 27, 120 MHz, 3996 MHz, 0 %, 0 %
2026/03/23 13:48:56.359, 6, 176.88 W, 26, 120 MHz, 3996 MHz, 0 %, 0 %
2026/03/23 13:48:56.359, 7, 176.60 W, 27, 120 MHz, 3996 MHz, 0 %, 0 %
2026/03/23 13:48:57.359, 0, 180.11 W, 29, 120 MHz, 3996 MHz, 0 %, 0 %
2026/03/23 13:48:57.359, 1, 183.31 W, 33, 120 MHz, 3996 MHz, 0 %, 0 %
2026/03/23 13:48:57.359, 2, 184.10 W, 29, 120 MHz, 3996 MHz, 0 %, 0 %
2026/03/23 13:48:57.359, 3, 184.99 W, 33, 120 MHz, 3996 MHz, 0 %, 0 %
2026/03/23 13:48:57.359, 4, 178.54 W, 25, 120 MHz, 3996 MHz, 0 %, 0 %
2026/03/23 13:48:57.359, 5, 180.58 W, 27, 120 MHz, 3996 MHz, 0 %, 0 %
2026/03/23 13:48:57.359, 6, 176.84 W, 26, 120 MHz, 3996 MHz, 0 %, 0 %
2026/03/23 13:48:57.359, 7, 176.58 W, 27, 120 MHz, 3996 MHz, 0 %, 0 %
2026/03/23 13:48:58.359, 0, 180.11 W, 29, 120 MHz, 3996 MHz, 0 %, 0 %
2026/03/23 13:48:58.359, 1, 183.13 W, 33, 120 MHz, 3996 MHz, 0 %, 0 %
2026/03/23 13:48:58.359, 2, 184.10 W, 29, 120 MHz, 3996 MHz, 0 %, 0 %
2026/03/23 13:48:58.359, 3, 185.03 W, 33, 120 MHz, 3996 MHz, 0 %, 0 %
2026/03/23 13:48:58.359, 4, 178.54 W, 25, 120 MHz, 3996 MHz, 0 %, 0 %
2026/03/23 13:48:58.359, 5, 180.58 W, 27, 120 MHz, 3996 MHz, 0 %, 0 %
2026/03/23 13:48:58.359, 6, 177.11 W, 26, 120 MHz, 3996 MHz, 0 %, 0 %
2026/03/23 13:48:58.359, 7, 176.58 W, 27, 120 MHz, 3996 MHz, 0 %, 0 %
2026/03/23 13:48:59.359, 0, 180.11 W, 29, 120 MHz, 3996 MHz, 0 %, 0 %
2026/03/23 13:48:59.359, 1, 183.06 W, 33, 120 MHz, 3996 MHz, 0 %, 0 %
2026/03/23 13:48:59.359, 2, 184.10 W, 29, 120 MHz, 3996 MHz, 0 %, 0 %
2026/03/23 13:48:59.359, 3, 185.01 W, 33, 120 MHz, 3996 MHz, 0 %, 0 %
2026/03/23 13:48:59.359, 4, 178.66 W, 25, 120 MHz, 3996 MHz, 0 %, 0 %
2026/03/23 13:48:59.359, 5, 180.58 W, 27, 120 MHz, 3996 MHz, 0 %, 0 %
2026/03/23 13:48:59.359, 6, 176.97 W, 26, 120 MHz, 3996 MHz, 0 %, 0 %
2026/03/23 13:48:59.359, 7, 176.59 W, 27, 120 MHz, 3996 MHz, 0 %, 0 %
2026/03/23 13:49:00.359, 0, 180.11 W, 29, 120 MHz, 3996 MHz, 0 %, 0 %
2026/03/23 13:49:00.359, 1, 183.05 W, 32, 120 MHz, 3996 MHz, 0 %, 0 %
2026/03/23 13:49:00.359, 2, 184.10 W, 29, 120 MHz, 3996 MHz, 0 %, 0 %
2026/03/23 13:49:00.359, 3, 184.98 W, 33, 120 MHz, 3996 MHz, 0 %, 0 %
2026/03/23 13:49:00.359, 4, 178.54 W, 25, 120 MHz, 3996 MHz, 0 %, 0 %
2026/03/23 13:49:00.359, 5, 180.58 W, 27, 120 MHz, 3996 MHz, 0 %, 0 %
2026/03/23 13:49:00.359, 6, 176.99 W, 26, 120 MHz, 3996 MHz, 0 %, 0 %
2026/03/23 13:49:00.360, 7, 176.59 W, 27, 120 MHz, 3996 MHz, 0 %, 0 %
2026/03/23 13:49:01.360, 0, 180.11 W, 29, 120 MHz, 3996 MHz, 0 %, 0 %
2026/03/23 13:49:01.360, 1, 183.07 W, 32, 120 MHz, 3996 MHz, 0 %, 0 %
2026/03/23 13:49:01.360, 2, 184.10 W, 29, 120 MHz, 3996 MHz, 0 %, 0 %
2026/03/23 13:49:01.360, 3, 184.85 W, 33, 120 MHz, 3996 MHz, 0 %, 0 %
2026/03/23 13:49:01.360, 4, 178.58 W, 25, 120 MHz, 3996 MHz, 0 %, 0 %
2026/03/23 13:49:01.360, 5, 180.59 W, 27, 120 MHz, 3996 MHz, 0 %, 0 %
2026/03/23 13:49:01.360, 6, 177.04 W, 26, 120 MHz, 3996 MHz, 0 %, 0 %
2026/03/23 13:49:01.360, 7, 176.60 W, 27, 120 MHz, 3996 MHz, 0 %, 0 %
2026/03/23 13:49:02.360, 0, 180.03 W, 29, 120 MHz, 3996 MHz, 0 %, 0 %
2026/03/23 13:49:02.360, 1, 183.05 W, 32, 120 MHz, 3996 MHz, 0 %, 0 %
2026/03/23 13:49:02.360, 2, 184.10 W, 29, 120 MHz, 3996 MHz, 0 %, 0 %
2026/03/23 13:49:02.360, 3, 184.87 W, 33, 120 MHz, 3996 MHz, 0 %, 0 %
2026/03/23 13:49:02.360, 4, 178.71 W, 25, 120 MHz, 3996 MHz, 0 %, 0 %
2026/03/23 13:49:02.360, 5, 180.58 W, 27, 120 MHz, 3996 MHz, 0 %, 0 %
2026/03/23 13:49:02.360, 6, 176.96 W, 26, 120 MHz, 3996 MHz, 0 %, 0 %
2026/03/23 13:49:02.360, 7, 176.59 W, 27, 120 MHz, 3996 MHz, 0 %, 0 %
2026/03/23 13:49:03.360, 0, 180.03 W, 28, 120 MHz, 3996 MHz, 0 %, 0 %
2026/03/23 13:49:03.360, 1, 183.07 W, 32, 120 MHz, 3996 MHz, 0 %, 0 %
2026/03/23 13:49:03.360, 2, 184.10 W, 29, 120 MHz, 3996 MHz, 0 %, 0 %
2026/03/23 13:49:03.360, 3, 184.78 W, 32, 120 MHz, 3996 MHz, 0 %, 0 %
2026/03/23 13:49:03.360, 4, 178.66 W, 25, 120 MHz, 3996 MHz, 0 %, 0 %
2026/03/23 13:49:03.360, 5, 180.58 W, 27, 120 MHz, 3996 MHz, 0 %, 0 %
2026/03/23 13:49:03.360, 6, 177.02 W, 26, 120 MHz, 3996 MHz, 0 %, 0 %
2026/03/23 13:49:03.360, 7, 176.58 W, 27, 120 MHz, 3996 MHz, 0 %, 0 %
2026/03/23 13:49:04.360, 0, 180.03 W, 28, 120 MHz, 3996 MHz, 0 %, 0 %
2026/03/23 13:49:04.360, 1, 183.04 W, 32, 120 MHz, 3996 MHz, 0 %, 0 %
2026/03/23 13:49:04.360, 2, 184.10 W, 29, 120 MHz, 3996 MHz, 0 %, 0 %
2026/03/23 13:49:04.360, 3, 184.43 W, 32, 120 MHz, 3996 MHz, 0 %, 0 %
2026/03/23 13:49:04.360, 4, 178.69 W, 25, 120 MHz, 3996 MHz, 0 %, 0 %
2026/03/23 13:49:04.360, 5, 180.58 W, 27, 120 MHz, 3996 MHz, 0 %, 0 %
2026/03/23 13:49:04.360, 6, 177.08 W, 26, 120 MHz, 3996 MHz, 0 %, 0 %
2026/03/23 13:49:04.360, 7, 176.58 W, 27, 120 MHz, 3996 MHz, 0 %, 0 %
2026/03/23 13:49:05.360, 0, 180.11 W, 28, 120 MHz, 3996 MHz, 0 %, 0 %
2026/03/23 13:49:05.360, 1, 183.04 W, 32, 120 MHz, 3996 MHz, 0 %, 0 %
2026/03/23 13:49:05.360, 2, 184.10 W, 29, 120 MHz, 3996 MHz, 0 %, 0 %
2026/03/23 13:49:05.360, 3, 184.67 W, 32, 120 MHz, 3996 MHz, 0 %, 0 %
2026/03/23 13:49:05.360, 4, 178.55 W, 25, 120 MHz, 3996 MHz, 0 %, 0 %
2026/03/23 13:49:05.360, 5, 180.58 W, 27, 120 MHz, 3996 MHz, 0 %, 0 %
2026/03/23 13:49:05.360, 6, 176.81 W, 26, 120 MHz, 3996 MHz, 0 %, 0 %
2026/03/23 13:49:05.360, 7, 176.58 W, 27, 120 MHz, 3996 MHz, 0 %, 0 %
2026/03/23 13:49:06.360, 0, 179.99 W, 28, 120 MHz, 3996 MHz, 0 %, 0 %
2026/03/23 13:49:06.360, 1, 183.05 W, 32, 120 MHz, 3996 MHz, 0 %, 0 %
2026/03/23 13:49:06.360, 2, 184.10 W, 28, 120 MHz, 3996 MHz, 0 %, 0 %
2026/03/23 13:49:06.360, 3, 184.29 W, 32, 120 MHz, 3996 MHz, 0 %, 0 %
2026/03/23 13:49:06.360, 4, 178.58 W, 25, 120 MHz, 3996 MHz, 0 %, 0 %
2026/03/23 13:49:06.360, 5, 180.58 W, 27, 120 MHz, 3996 MHz, 0 %, 0 %
2026/03/23 13:49:06.360, 6, 177.15 W, 26, 120 MHz, 3996 MHz, 0 %, 0 %
2026/03/23 13:49:06.360, 7, 176.58 W, 27, 120 MHz, 3996 MHz, 0 %, 0 %
2026/03/23 13:49:07.360, 0, 180.03 W, 28, 120 MHz, 3996 MHz, 0 %, 0 %
2026/03/23 13:49:07.360, 1, 183.05 W, 32, 120 MHz, 3996 MHz, 0 %, 0 %
2026/03/23 13:49:07.360, 2, 184.10 W, 28, 120 MHz, 3996 MHz, 0 %, 0 %
2026/03/23 13:49:07.360, 3, 184.11 W, 32, 120 MHz, 3996 MHz, 0 %, 0 %
2026/03/23 13:49:07.361, 4, 178.58 W, 25, 120 MHz, 3996 MHz, 0 %, 0 %
2026/03/23 13:49:07.361, 5, 180.58 W, 27, 120 MHz, 3996 MHz, 0 %, 0 %
2026/03/23 13:49:07.361, 6, 177.07 W, 26, 120 MHz, 3996 MHz, 0 %, 0 %
2026/03/23 13:49:07.361, 7, 176.58 W, 27, 120 MHz, 3996 MHz, 0 %, 0 %
2026/03/23 13:49:08.361, 0, 179.99 W, 28, 120 MHz, 3996 MHz, 0 %, 0 %
2026/03/23 13:49:08.361, 1, 183.07 W, 32, 120 MHz, 3996 MHz, 0 %, 0 %
2026/03/23 13:49:08.361, 2, 184.10 W, 28, 120 MHz, 3996 MHz, 0 %, 0 %
2026/03/23 13:49:08.361, 3, 184.08 W, 32, 120 MHz, 3996 MHz, 0 %, 0 %
2026/03/23 13:49:08.361, 4, 178.65 W, 25, 120 MHz, 3996 MHz, 0 %, 0 %
2026/03/23 13:49:08.361, 5, 180.58 W, 27, 120 MHz, 3996 MHz, 0 %, 0 %
2026/03/23 13:49:08.361, 6, 177.03 W, 26, 120 MHz, 3996 MHz, 0 %, 0 %
2026/03/23 13:49:08.361, 7, 176.59 W, 27, 120 MHz, 3996 MHz, 0 %, 0 %
2026/03/23 13:49:09.361, 0, 179.80 W, 28, 120 MHz, 3996 MHz, 0 %, 0 %
2026/03/23 13:49:09.361, 1, 183.05 W, 31, 120 MHz, 3996 MHz, 0 %, 0 %
2026/03/23 13:49:09.361, 2, 184.10 W, 28, 120 MHz, 3996 MHz, 0 %, 0 %
2026/03/23 13:49:09.361, 3, 183.92 W, 32, 120 MHz, 3996 MHz, 0 %, 0 %
2026/03/23 13:49:09.361, 4, 178.70 W, 25, 120 MHz, 3996 MHz, 0 %, 0 %
2026/03/23 13:49:09.361, 5, 180.58 W, 27, 120 MHz, 3996 MHz, 0 %, 0 %
2026/03/23 13:49:09.361, 6, 177.33 W, 26, 120 MHz, 3996 MHz, 0 %, 0 %
2026/03/23 13:49:09.361, 7, 176.58 W, 27, 120 MHz, 3996 MHz, 0 %, 0 %
2026/03/23 13:49:10.361, 0, 179.73 W, 28, 120 MHz, 3996 MHz, 0 %, 0 %
2026/03/23 13:49:10.361, 1, 183.03 W, 31, 120 MHz, 3996 MHz, 0 %, 0 %
2026/03/23 13:49:10.361, 2, 184.02 W, 28, 120 MHz, 3996 MHz, 0 %, 0 %
2026/03/23 13:49:10.361, 3, 183.68 W, 32, 120 MHz, 3996 MHz, 0 %, 0 %
2026/03/23 13:49:10.361, 4, 178.59 W, 25, 120 MHz, 3996 MHz, 0 %, 0 %
2026/03/23 13:49:10.361, 5, 180.58 W, 27, 120 MHz, 3996 MHz, 0 %, 0 %
2026/03/23 13:49:10.361, 6, 176.88 W, 26, 120 MHz, 3996 MHz, 0 %, 0 %
2026/03/23 13:49:10.361, 7, 176.58 W, 27, 120 MHz, 3996 MHz, 0 %, 0 %
2026/03/23 13:49:11.361, 0, 179.38 W, 28, 120 MHz, 3996 MHz, 0 %, 0 %
2026/03/23 13:49:11.361, 1, 183.07 W, 31, 120 MHz, 3996 MHz, 0 %, 0 %
2026/03/23 13:49:11.361, 2, 184.03 W, 28, 120 MHz, 3996 MHz, 0 %, 0 %
2026/03/23 13:49:11.361, 3, 183.66 W, 32, 120 MHz, 3996 MHz, 0 %, 0 %
2026/03/23 13:49:11.361, 4, 178.59 W, 25, 120 MHz, 3996 MHz, 0 %, 0 %
2026/03/23 13:49:11.361, 5, 180.58 W, 27, 120 MHz, 3996 MHz, 0 %, 0 %
2026/03/23 13:49:11.361, 6, 177.03 W, 26, 120 MHz, 3996 MHz, 0 %, 0 %
2026/03/23 13:49:11.361, 7, 176.59 W, 27, 120 MHz, 3996 MHz, 0 %, 0 %
2026/03/23 13:49:12.361, 0, 179.61 W, 28, 120 MHz, 3996 MHz, 0 %, 0 %
2026/03/23 13:49:12.361, 1, 183.04 W, 31, 120 MHz, 3996 MHz, 0 %, 0 %
2026/03/23 13:49:12.361, 2, 183.76 W, 28, 120 MHz, 3996 MHz, 0 %, 0 %
2026/03/23 13:49:12.361, 3, 183.23 W, 32, 120 MHz, 3996 MHz, 0 %, 0 %
2026/03/23 13:49:12.361, 4, 178.66 W, 25, 120 MHz, 3996 MHz, 0 %, 0 %
2026/03/23 13:49:12.361, 5, 180.58 W, 27, 120 MHz, 3996 MHz, 0 %, 0 %
2026/03/23 13:49:12.361, 6, 177.15 W, 26, 120 MHz, 3996 MHz, 0 %, 0 %
2026/03/23 13:49:12.361, 7, 176.59 W, 27, 120 MHz, 3996 MHz, 0 %, 0 %
2026/03/23 13:49:13.361, 0, 179.25 W, 28, 120 MHz, 3996 MHz, 0 %, 0 %
2026/03/23 13:49:13.361, 1, 183.02 W, 31, 120 MHz, 3996 MHz, 0 %, 0 %
2026/03/23 13:49:13.361, 2, 183.87 W, 28, 120 MHz, 3996 MHz, 0 %, 0 %
2026/03/23 13:49:13.361, 3, 183.35 W, 31, 120 MHz, 3996 MHz, 0 %, 0 %
2026/03/23 13:49:13.361, 4, 178.66 W, 25, 120 MHz, 3996 MHz, 0 %, 0 %
2026/03/23 13:49:13.361, 5, 180.58 W, 27, 120 MHz, 3996 MHz, 0 %, 0 %
2026/03/23 13:49:13.361, 6, 177.24 W, 26, 120 MHz, 3996 MHz, 0 %, 0 %
2026/03/23 13:49:13.361, 7, 176.59 W, 27, 120 MHz, 3996 MHz, 0 %, 0 %
2026/03/23 13:49:14.362, 0, 179.57 W, 28, 120 MHz, 3996 MHz, 0 %, 0 %
2026/03/23 13:49:14.362, 1, 183.02 W, 31, 120 MHz, 3996 MHz, 0 %, 0 %
2026/03/23 13:49:14.362, 2, 183.95 W, 28, 120 MHz, 3996 MHz, 0 %, 0 %
2026/03/23 13:49:14.362, 3, 183.34 W, 31, 120 MHz, 3996 MHz, 0 %, 0 %
2026/03/23 13:49:14.362, 4, 178.82 W, 25, 120 MHz, 3996 MHz, 0 %, 0 %
2026/03/23 13:49:14.362, 5, 180.58 W, 27, 120 MHz, 3996 MHz, 0 %, 0 %
2026/03/23 13:49:14.362, 6, 177.12 W, 26, 120 MHz, 3996 MHz, 0 %, 0 %
2026/03/23 13:49:14.362, 7, 176.58 W, 27, 120 MHz, 3996 MHz, 0 %, 0 %
2026/03/23 13:49:15.362, 0, 179.31 W, 28, 120 MHz, 3996 MHz, 0 %, 0 %
2026/03/23 13:49:15.362, 1, 183.05 W, 31, 120 MHz, 3996 MHz, 0 %, 0 %
2026/03/23 13:49:15.362, 2, 183.48 W, 28, 120 MHz, 3996 MHz, 0 %, 0 %
2026/03/23 13:49:15.362, 3, 183.16 W, 31, 120 MHz, 3996 MHz, 0 %, 0 %
2026/03/23 13:49:15.362, 4, 178.62 W, 25, 120 MHz, 3996 MHz, 0 %, 0 %
2026/03/23 13:49:15.362, 5, 180.58 W, 27, 120 MHz, 3996 MHz, 0 %, 0 %
2026/03/23 13:49:15.362, 6, 177.19 W, 26, 120 MHz, 3996 MHz, 0 %, 0 %
2026/03/23 13:49:15.362, 7, 176.58 W, 27, 120 MHz, 3996 MHz, 0 %, 0 %
2026/03/23 13:49:16.362, 0, 179.17 W, 27, 120 MHz, 3996 MHz, 0 %, 0 %
2026/03/23 13:49:16.362, 1, 183.03 W, 31, 120 MHz, 3996 MHz, 0 %, 0 %
2026/03/23 13:49:16.362, 2, 183.22 W, 28, 120 MHz, 3996 MHz, 0 %, 0 %
2026/03/23 13:49:16.362, 3, 183.11 W, 31, 120 MHz, 3996 MHz, 0 %, 0 %
2026/03/23 13:49:16.362, 4, 178.61 W, 25, 120 MHz, 3996 MHz, 0 %, 0 %
2026/03/23 13:49:16.362, 5, 180.58 W, 27, 120 MHz, 3996 MHz, 0 %, 0 %
2026/03/23 13:49:16.362, 6, 177.07 W, 26, 120 MHz, 3996 MHz, 0 %, 0 %
2026/03/23 13:49:16.362, 7, 176.58 W, 27, 120 MHz, 3996 MHz, 0 %, 0 %
2026/03/23 13:49:17.362, 0, 179.04 W, 27, 120 MHz, 3996 MHz, 0 %, 0 %
2026/03/23 13:49:17.362, 1, 183.02 W, 31, 120 MHz, 3996 MHz, 0 %, 0 %
2026/03/23 13:49:17.362, 2, 183.38 W, 27, 120 MHz, 3996 MHz, 0 %, 0 %
2026/03/23 13:49:17.362, 3, 183.06 W, 31, 120 MHz, 3996 MHz, 0 %, 0 %
2026/03/23 13:49:17.362, 4, 178.62 W, 25, 120 MHz, 3996 MHz, 0 %, 0 %
2026/03/23 13:49:17.362, 5, 180.58 W, 27, 120 MHz, 3996 MHz, 0 %, 0 %
2026/03/23 13:49:17.362, 6, 177.15 W, 26, 120 MHz, 3996 MHz, 0 %, 0 %
2026/03/23 13:49:17.362, 7, 176.58 W, 27, 120 MHz, 3996 MHz, 0 %, 0 %
2026/03/23 13:49:18.362, 0, 178.97 W, 27, 120 MHz, 3996 MHz, 0 %, 0 %
2026/03/23 13:49:18.362, 1, 183.02 W, 31, 120 MHz, 3996 MHz, 0 %, 0 %
2026/03/23 13:49:18.362, 2, 183.10 W, 27, 120 MHz, 3996 MHz, 0 %, 0 %
2026/03/23 13:49:18.362, 3, 183.17 W, 31, 120 MHz, 3996 MHz, 0 %, 0 %
2026/03/23 13:49:18.362, 4, 178.74 W, 25, 120 MHz, 3996 MHz, 0 %, 0 %
2026/03/23 13:49:18.362, 5, 180.58 W, 27, 120 MHz, 3996 MHz, 0 %, 0 %
2026/03/23 13:49:18.362, 6, 177.07 W, 26, 120 MHz, 3996 MHz, 0 %, 0 %
2026/03/23 13:49:18.362, 7, 176.58 W, 27, 120 MHz, 3996 MHz, 0 %, 0 %
2026/03/23 13:49:19.362, 0, 179.02 W, 27, 120 MHz, 3996 MHz, 0 %, 0 %
2026/03/23 13:49:19.362, 1, 183.04 W, 31, 120 MHz, 3996 MHz, 0 %, 0 %
2026/03/23 13:49:19.362, 2, 182.86 W, 27, 120 MHz, 3996 MHz, 0 %, 0 %
2026/03/23 13:49:19.363, 3, 183.09 W, 31, 120 MHz, 3996 MHz, 0 %, 0 %
2026/03/23 13:49:19.363, 4, 178.59 W, 25, 120 MHz, 3996 MHz, 0 %, 0 %
2026/03/23 13:49:19.363, 5, 180.58 W, 27, 120 MHz, 3996 MHz, 0 %, 0 %
2026/03/23 13:49:19.363, 6, 177.38 W, 26, 120 MHz, 3996 MHz, 0 %, 0 %
2026/03/23 13:49:19.363, 7, 176.59 W, 27, 120 MHz, 3996 MHz, 0 %, 0 %
2026/03/23 13:49:20.363, 0, 178.71 W, 27, 120 MHz, 3996 MHz, 0 %, 0 %
2026/03/23 13:49:20.363, 1, 183.03 W, 30, 120 MHz, 3996 MHz, 0 %, 0 %
2026/03/23 13:49:20.363, 2, 182.92 W, 27, 120 MHz, 3996 MHz, 0 %, 0 %
2026/03/23 13:49:20.363, 3, 183.04 W, 31, 120 MHz, 3996 MHz, 0 %, 0 %
2026/03/23 13:49:20.363, 4, 178.71 W, 25, 120 MHz, 3996 MHz, 0 %, 0 %
2026/03/23 13:49:20.363, 5, 180.58 W, 27, 120 MHz, 3996 MHz, 0 %, 0 %
2026/03/23 13:49:20.363, 6, 177.30 W, 26, 120 MHz, 3996 MHz, 0 %, 0 %
2026/03/23 13:49:20.363, 7, 176.58 W, 27, 120 MHz, 3996 MHz, 0 %, 0 %
2026/03/23 13:49:21.363, 0, 178.72 W, 27, 120 MHz, 3996 MHz, 0 %, 0 %
2026/03/23 13:49:21.363, 1, 186.60 W, 31, 2032 MHz, 3996 MHz, 0 %, 0 %
2026/03/23 13:49:21.363, 2, 190.85 W, 28, 2032 MHz, 3996 MHz, 0 %, 0 %
2026/03/23 13:49:21.363, 3, 196.80 W, 31, 2032 MHz, 3996 MHz, 0 %, 0 %
2026/03/23 13:49:21.363, 4, 178.73 W, 25, 120 MHz, 3996 MHz, 0 %, 0 %
2026/03/23 13:49:21.363, 5, 180.58 W, 27, 120 MHz, 3996 MHz, 0 %, 0 %
2026/03/23 13:49:21.363, 6, 177.46 W, 26, 120 MHz, 3996 MHz, 0 %, 0 %
2026/03/23 13:49:21.363, 7, 176.58 W, 27, 120 MHz, 3996 MHz, 0 %, 0 %
2026/03/23 13:49:22.363, 0, 181.49 W, 27, 2032 MHz, 3996 MHz, 0 %, 0 %
2026/03/23 13:49:22.363, 1, 235.26 W, 31, 2032 MHz, 3996 MHz, 0 %, 0 %
2026/03/23 13:49:22.363, 2, 234.44 W, 28, 2032 MHz, 3996 MHz, 0 %, 0 %
2026/03/23 13:49:22.363, 3, 235.68 W, 32, 2032 MHz, 3996 MHz, 0 %, 0 %
2026/03/23 13:49:22.363, 4, 178.58 W, 25, 120 MHz, 3996 MHz, 0 %, 0 %
2026/03/23 13:49:22.363, 5, 180.58 W, 27, 120 MHz, 3996 MHz, 0 %, 0 %
2026/03/23 13:49:22.363, 6, 177.18 W, 26, 120 MHz, 3996 MHz, 0 %, 0 %
2026/03/23 13:49:22.363, 7, 176.58 W, 27, 120 MHz, 3996 MHz, 0 %, 0 %
2026/03/23 13:49:23.363, 0, 229.03 W, 28, 2032 MHz, 3996 MHz, 0 %, 0 %
2026/03/23 13:49:23.363, 1, 235.11 W, 31, 2032 MHz, 3996 MHz, 0 %, 0 %
2026/03/23 13:49:23.363, 2, 234.13 W, 28, 2032 MHz, 3996 MHz, 0 %, 0 %
2026/03/23 13:49:23.363, 3, 235.28 W, 32, 2032 MHz, 3996 MHz, 0 %, 0 %
2026/03/23 13:49:23.363, 4, 178.71 W, 25, 120 MHz, 3996 MHz, 0 %, 0 %
2026/03/23 13:49:23.363, 5, 180.58 W, 27, 120 MHz, 3996 MHz, 0 %, 0 %
2026/03/23 13:49:23.363, 6, 177.28 W, 26, 120 MHz, 3996 MHz, 0 %, 0 %
2026/03/23 13:49:23.363, 7, 176.58 W, 27, 120 MHz, 3996 MHz, 0 %, 0 %
2026/03/23 13:49:24.363, 0, 228.41 W, 28, 2032 MHz, 3996 MHz, 0 %, 0 %
2026/03/23 13:49:24.363, 1, 234.00 W, 31, 2032 MHz, 3996 MHz, 0 %, 0 %
2026/03/23 13:49:24.363, 2, 234.14 W, 28, 2032 MHz, 3996 MHz, 0 %, 0 %
2026/03/23 13:49:24.363, 3, 235.27 W, 32, 2032 MHz, 3996 MHz, 0 %, 0 %
2026/03/23 13:49:24.363, 4, 178.74 W, 25, 120 MHz, 3996 MHz, 0 %, 0 %
2026/03/23 13:49:24.363, 5, 180.58 W, 27, 120 MHz, 3996 MHz, 0 %, 0 %
2026/03/23 13:49:24.363, 6, 177.32 W, 26, 120 MHz, 3996 MHz, 0 %, 0 %
2026/03/23 13:49:24.363, 7, 176.58 W, 27, 120 MHz, 3996 MHz, 0 %, 0 %
2026/03/23 13:49:25.363, 0, 228.29 W, 28, 2032 MHz, 3996 MHz, 0 %, 0 %
2026/03/23 13:49:25.363, 1, 234.29 W, 31, 2032 MHz, 3996 MHz, 0 %, 0 %
2026/03/23 13:49:25.363, 2, 234.10 W, 28, 2032 MHz, 3996 MHz, 0 %, 0 %
2026/03/23 13:49:25.363, 3, 235.26 W, 31, 2032 MHz, 3996 MHz, 0 %, 0 %
2026/03/23 13:49:25.364, 4, 178.66 W, 25, 120 MHz, 3996 MHz, 0 %, 0 %
2026/03/23 13:49:25.364, 5, 180.58 W, 27, 120 MHz, 3996 MHz, 0 %, 0 %
2026/03/23 13:49:25.364, 6, 177.11 W, 26, 120 MHz, 3996 MHz, 0 %, 0 %
2026/03/23 13:49:25.364, 7, 176.58 W, 27, 120 MHz, 3996 MHz, 0 %, 0 %
2026/03/23 13:49:26.364, 0, 228.86 W, 28, 2032 MHz, 3996 MHz, 0 %, 0 %
2026/03/23 13:49:26.364, 1, 234.38 W, 31, 2032 MHz, 3996 MHz, 0 %, 0 %
2026/03/23 13:49:26.364, 2, 234.10 W, 28, 2032 MHz, 3996 MHz, 0 %, 0 %
2026/03/23 13:49:26.364, 3, 235.26 W, 31, 2032 MHz, 3996 MHz, 0 %, 0 %
2026/03/23 13:49:26.364, 4, 178.59 W, 25, 120 MHz, 3996 MHz, 0 %, 0 %
2026/03/23 13:49:26.364, 5, 180.58 W, 27, 120 MHz, 3996 MHz, 0 %, 0 %
2026/03/23 13:49:26.364, 6, 177.19 W, 26, 120 MHz, 3996 MHz, 0 %, 0 %
2026/03/23 13:49:26.364, 7, 176.58 W, 27, 120 MHz, 3996 MHz, 0 %, 0 %
2026/03/23 13:49:27.364, 0, 229.05 W, 28, 2032 MHz, 3996 MHz, 0 %, 0 %
2026/03/23 13:49:27.364, 1, 234.37 W, 31, 2032 MHz, 3996 MHz, 0 %, 0 %
2026/03/23 13:49:27.364, 2, 234.10 W, 28, 2032 MHz, 3996 MHz, 0 %, 0 %
2026/03/23 13:49:27.364, 3, 235.26 W, 31, 2032 MHz, 3996 MHz, 0 %, 0 %
2026/03/23 13:49:27.364, 4, 178.62 W, 25, 120 MHz, 3996 MHz, 0 %, 0 %
2026/03/23 13:49:27.364, 5, 180.58 W, 27, 120 MHz, 3996 MHz, 0 %, 0 %
2026/03/23 13:49:27.364, 6, 177.33 W, 26, 120 MHz, 3996 MHz, 0 %, 0 %
2026/03/23 13:49:27.364, 7, 176.58 W, 27, 120 MHz, 3996 MHz, 0 %, 0 %
2026/03/23 13:49:28.364, 0, 229.14 W, 28, 2032 MHz, 3996 MHz, 0 %, 0 %
2026/03/23 13:49:28.364, 1, 234.72 W, 31, 2032 MHz, 3996 MHz, 0 %, 0 %
2026/03/23 13:49:28.364, 2, 234.09 W, 28, 2032 MHz, 3996 MHz, 0 %, 0 %
2026/03/23 13:49:28.364, 3, 235.28 W, 31, 2032 MHz, 3996 MHz, 0 %, 0 %
2026/03/23 13:49:28.364, 4, 178.57 W, 25, 120 MHz, 3996 MHz, 0 %, 0 %
2026/03/23 13:49:28.364, 5, 180.58 W, 27, 120 MHz, 3996 MHz, 0 %, 0 %
2026/03/23 13:49:28.364, 6, 177.14 W, 26, 120 MHz, 3996 MHz, 0 %, 0 %
2026/03/23 13:49:28.364, 7, 176.59 W, 27, 120 MHz, 3996 MHz, 0 %, 0 %
2026/03/23 13:49:29.364, 0, 229.11 W, 28, 2032 MHz, 3996 MHz, 0 %, 0 %
2026/03/23 13:49:29.364, 1, 234.25 W, 31, 2032 MHz, 3996 MHz, 0 %, 0 %
2026/03/23 13:49:29.364, 2, 234.05 W, 28, 2032 MHz, 3996 MHz, 0 %, 0 %
2026/03/23 13:49:29.364, 3, 235.31 W, 31, 2032 MHz, 3996 MHz, 0 %, 0 %
2026/03/23 13:49:29.364, 4, 178.62 W, 25, 120 MHz, 3996 MHz, 0 %, 0 %
2026/03/23 13:49:29.364, 5, 180.59 W, 27, 120 MHz, 3996 MHz, 0 %, 0 %
2026/03/23 13:49:29.364, 6, 177.16 W, 26, 120 MHz, 3996 MHz, 0 %, 0 %
2026/03/23 13:49:29.364, 7, 176.58 W, 27, 120 MHz, 3996 MHz, 0 %, 0 %
2026/03/23 13:49:30.364, 0, 229.23 W, 28, 2032 MHz, 3996 MHz, 0 %, 0 %
2026/03/23 13:49:30.364, 1, 234.25 W, 31, 2032 MHz, 3996 MHz, 0 %, 0 %
2026/03/23 13:49:30.364, 2, 234.07 W, 28, 2032 MHz, 3996 MHz, 0 %, 0 %
2026/03/23 13:49:30.364, 3, 235.27 W, 31, 2032 MHz, 3996 MHz, 0 %, 0 %
2026/03/23 13:49:30.364, 4, 178.69 W, 25, 120 MHz, 3996 MHz, 0 %, 0 %
2026/03/23 13:49:30.364, 5, 180.58 W, 27, 120 MHz, 3996 MHz, 0 %, 0 %
2026/03/23 13:49:30.364, 6, 177.31 W, 26, 120 MHz, 3996 MHz, 0 %, 0 %
2026/03/23 13:49:30.364, 7, 176.58 W, 27, 120 MHz, 3996 MHz, 0 %, 0 %
2026/03/23 13:49:31.364, 0, 228.96 W, 28, 2032 MHz, 3996 MHz, 0 %, 0 %
2026/03/23 13:49:31.364, 1, 234.16 W, 31, 2032 MHz, 3996 MHz, 0 %, 0 %
2026/03/23 13:49:31.364, 2, 234.06 W, 28, 2032 MHz, 3996 MHz, 0 %, 0 %
2026/03/23 13:49:31.364, 3, 235.26 W, 31, 2032 MHz, 3996 MHz, 0 %, 0 %
2026/03/23 13:49:31.364, 4, 178.82 W, 25, 120 MHz, 3996 MHz, 0 %, 0 %
2026/03/23 13:49:31.364, 5, 180.58 W, 27, 120 MHz, 3996 MHz, 0 %, 0 %
2026/03/23 13:49:31.364, 6, 177.29 W, 26, 120 MHz, 3996 MHz, 0 %, 0 %
2026/03/23 13:49:31.364, 7, 176.58 W, 27, 120 MHz, 3996 MHz, 0 %, 0 %
2026/03/23 13:49:32.365, 0, 229.18 W, 28, 2032 MHz, 3996 MHz, 0 %, 0 %
2026/03/23 13:49:32.365, 1, 234.10 W, 31, 2032 MHz, 3996 MHz, 0 %, 0 %
2026/03/23 13:49:32.365, 2, 234.04 W, 28, 2032 MHz, 3996 MHz, 0 %, 0 %
2026/03/23 13:49:32.365, 3, 235.27 W, 31, 2032 MHz, 3996 MHz, 0 %, 0 %
2026/03/23 13:49:32.365, 4, 178.74 W, 25, 120 MHz, 3996 MHz, 0 %, 0 %
2026/03/23 13:49:32.365, 5, 180.58 W, 27, 120 MHz, 3996 MHz, 0 %, 0 %
2026/03/23 13:49:32.365, 6, 177.07 W, 26, 120 MHz, 3996 MHz, 0 %, 0 %
2026/03/23 13:49:32.365, 7, 176.58 W, 27, 120 MHz, 3996 MHz, 0 %, 0 %
2026/03/23 13:49:33.365, 0, 229.42 W, 28, 2032 MHz, 3996 MHz, 0 %, 0 %
2026/03/23 13:49:33.365, 1, 234.46 W, 31, 2032 MHz, 3996 MHz, 0 %, 0 %
2026/03/23 13:49:33.365, 2, 234.04 W, 28, 2032 MHz, 3996 MHz, 0 %, 0 %
2026/03/23 13:49:33.365, 3, 235.30 W, 31, 2032 MHz, 3996 MHz, 0 %, 0 %
2026/03/23 13:49:33.365, 4, 178.60 W, 25, 120 MHz, 3996 MHz, 0 %, 0 %
2026/03/23 13:49:33.365, 5, 180.58 W, 27, 120 MHz, 3996 MHz, 0 %, 0 %
2026/03/23 13:49:33.365, 6, 177.40 W, 26, 120 MHz, 3996 MHz, 0 %, 0 %
2026/03/23 13:49:33.365, 7, 176.58 W, 27, 120 MHz, 3996 MHz, 0 %, 0 %
2026/03/23 13:49:34.365, 0, 229.23 W, 28, 2032 MHz, 3996 MHz, 0 %, 0 %
2026/03/23 13:49:34.365, 1, 234.42 W, 31, 2032 MHz, 3996 MHz, 0 %, 0 %
2026/03/23 13:49:34.365, 2, 234.03 W, 28, 2032 MHz, 3996 MHz, 0 %, 0 %
2026/03/23 13:49:34.365, 3, 235.29 W, 31, 2032 MHz, 3996 MHz, 0 %, 0 %
2026/03/23 13:49:34.365, 4, 178.69 W, 25, 120 MHz, 3996 MHz, 0 %, 0 %
2026/03/23 13:49:34.365, 5, 180.58 W, 27, 120 MHz, 3996 MHz, 0 %, 0 %
2026/03/23 13:49:34.365, 6, 177.12 W, 26, 120 MHz, 3996 MHz, 0 %, 0 %
2026/03/23 13:49:34.365, 7, 176.58 W, 27, 120 MHz, 3996 MHz, 0 %, 0 %
2026/03/23 13:49:35.365, 0, 229.09 W, 28, 2032 MHz, 3996 MHz, 0 %, 0 %
2026/03/23 13:49:35.365, 1, 234.38 W, 31, 2032 MHz, 3996 MHz, 0 %, 0 %
2026/03/23 13:49:35.365, 2, 234.06 W, 28, 2032 MHz, 3996 MHz, 0 %, 0 %
2026/03/23 13:49:35.365, 3, 235.24 W, 31, 2032 MHz, 3996 MHz, 0 %, 0 %
2026/03/23 13:49:35.365, 4, 178.84 W, 25, 120 MHz, 3996 MHz, 0 %, 0 %
2026/03/23 13:49:35.365, 5, 180.58 W, 27, 120 MHz, 3996 MHz, 0 %, 0 %
2026/03/23 13:49:35.365, 6, 177.28 W, 26, 120 MHz, 3996 MHz, 0 %, 0 %
2026/03/23 13:49:35.365, 7, 176.58 W, 27, 120 MHz, 3996 MHz, 0 %, 0 %
2026/03/23 13:49:36.365, 0, 229.04 W, 28, 2032 MHz, 3996 MHz, 0 %, 0 %
2026/03/23 13:49:36.365, 1, 234.33 W, 31, 2032 MHz, 3996 MHz, 0 %, 0 %
2026/03/23 13:49:36.365, 2, 234.04 W, 28, 2032 MHz, 3996 MHz, 0 %, 0 %
2026/03/23 13:49:36.365, 3, 235.27 W, 31, 2032 MHz, 3996 MHz, 0 %, 0 %
2026/03/23 13:49:36.365, 4, 178.63 W, 25, 120 MHz, 3996 MHz, 0 %, 0 %
2026/03/23 13:49:36.365, 5, 180.58 W, 27, 120 MHz, 3996 MHz, 0 %, 0 %
2026/03/23 13:49:36.365, 6, 177.38 W, 26, 120 MHz, 3996 MHz, 0 %, 0 %
2026/03/23 13:49:36.365, 7, 176.58 W, 27, 120 MHz, 3996 MHz, 0 %, 0 %
2026/03/23 13:49:37.365, 0, 228.79 W, 28, 2032 MHz, 3996 MHz, 0 %, 0 %
2026/03/23 13:49:37.365, 1, 234.08 W, 31, 2032 MHz, 3996 MHz, 0 %, 0 %
2026/03/23 13:49:37.365, 2, 234.04 W, 28, 2032 MHz, 3996 MHz, 0 %, 0 %
2026/03/23 13:49:37.365, 3, 235.26 W, 31, 2032 MHz, 3996 MHz, 0 %, 0 %
2026/03/23 13:49:37.365, 4, 178.66 W, 25, 120 MHz, 3996 MHz, 0 %, 0 %
2026/03/23 13:49:37.365, 5, 180.58 W, 27, 120 MHz, 3996 MHz, 0 %, 0 %
2026/03/23 13:49:37.365, 6, 177.48 W, 26, 120 MHz, 3996 MHz, 0 %, 0 %
2026/03/23 13:49:37.365, 7, 176.58 W, 27, 120 MHz, 3996 MHz, 0 %, 0 %
2026/03/23 13:49:38.366, 0, 228.85 W, 28, 2032 MHz, 3996 MHz, 0 %, 0 %
2026/03/23 13:49:38.366, 1, 233.90 W, 31, 2032 MHz, 3996 MHz, 0 %, 0 %
2026/03/23 13:49:38.366, 2, 234.03 W, 28, 2032 MHz, 3996 MHz, 0 %, 0 %
2026/03/23 13:49:38.366, 3, 235.27 W, 31, 2032 MHz, 3996 MHz, 0 %, 0 %
2026/03/23 13:49:38.366, 4, 178.77 W, 25, 120 MHz, 3996 MHz, 0 %, 0 %
2026/03/23 13:49:38.366, 5, 180.58 W, 27, 120 MHz, 3996 MHz, 0 %, 0 %
2026/03/23 13:49:38.366, 6, 177.27 W, 26, 120 MHz, 3996 MHz, 0 %, 0 %
2026/03/23 13:49:38.366, 7, 176.58 W, 27, 120 MHz, 3996 MHz, 0 %, 0 %
2026/03/23 13:49:39.366, 0, 228.90 W, 28, 2032 MHz, 3996 MHz, 0 %, 0 %
2026/03/23 13:49:39.366, 1, 235.18 W, 31, 2032 MHz, 3996 MHz, 0 %, 0 %
2026/03/23 13:49:39.366, 2, 234.03 W, 28, 2032 MHz, 3996 MHz, 0 %, 0 %
2026/03/23 13:49:39.366, 3, 235.29 W, 31, 2032 MHz, 3996 MHz, 0 %, 0 %
2026/03/23 13:49:39.366, 4, 178.84 W, 25, 120 MHz, 3996 MHz, 0 %, 0 %
2026/03/23 13:49:39.366, 5, 180.58 W, 27, 120 MHz, 3996 MHz, 0 %, 0 %
2026/03/23 13:49:39.366, 6, 177.27 W, 26, 120 MHz, 3996 MHz, 0 %, 0 %
2026/03/23 13:49:39.366, 7, 176.58 W, 27, 120 MHz, 3996 MHz, 0 %, 0 %
2026/03/23 13:49:40.366, 0, 229.01 W, 28, 2032 MHz, 3996 MHz, 0 %, 0 %
2026/03/23 13:49:40.366, 1, 235.26 W, 31, 2032 MHz, 3996 MHz, 0 %, 0 %
2026/03/23 13:49:40.366, 2, 234.02 W, 28, 2032 MHz, 3996 MHz, 0 %, 0 %
2026/03/23 13:49:40.366, 3, 235.27 W, 31, 2032 MHz, 3996 MHz, 0 %, 0 %
2026/03/23 13:49:40.366, 4, 178.71 W, 25, 120 MHz, 3996 MHz, 0 %, 0 %
2026/03/23 13:49:40.366, 5, 180.58 W, 27, 120 MHz, 3996 MHz, 0 %, 0 %
2026/03/23 13:49:40.366, 6, 177.39 W, 26, 120 MHz, 3996 MHz, 0 %, 0 %
2026/03/23 13:49:40.366, 7, 176.58 W, 27, 120 MHz, 3996 MHz, 0 %, 0 %
2026/03/23 13:49:41.366, 0, 228.89 W, 28, 2032 MHz, 3996 MHz, 0 %, 0 %
2026/03/23 13:49:41.366, 1, 235.22 W, 31, 2032 MHz, 3996 MHz, 0 %, 0 %
2026/03/23 13:49:41.366, 2, 234.02 W, 28, 2032 MHz, 3996 MHz, 0 %, 0 %
2026/03/23 13:49:41.366, 3, 235.24 W, 31, 2032 MHz, 3996 MHz, 0 %, 0 %
2026/03/23 13:49:41.366, 4, 178.71 W, 25, 120 MHz, 3996 MHz, 0 %, 0 %
2026/03/23 13:49:41.366, 5, 180.58 W, 27, 120 MHz, 3996 MHz, 0 %, 0 %
2026/03/23 13:49:41.366, 6, 177.24 W, 26, 120 MHz, 3996 MHz, 0 %, 0 %
2026/03/23 13:49:41.366, 7, 176.59 W, 27, 120 MHz, 3996 MHz, 0 %, 0 %
2026/03/23 13:49:42.366, 0, 228.76 W, 28, 2032 MHz, 3996 MHz, 0 %, 0 %
2026/03/23 13:49:42.366, 1, 235.19 W, 31, 2032 MHz, 3996 MHz, 0 %, 0 %
2026/03/23 13:49:42.366, 2, 234.02 W, 28, 2032 MHz, 3996 MHz, 0 %, 0 %
2026/03/23 13:49:42.366, 3, 235.20 W, 31, 2032 MHz, 3996 MHz, 0 %, 0 %
2026/03/23 13:49:42.366, 4, 178.71 W, 25, 120 MHz, 3996 MHz, 0 %, 0 %
2026/03/23 13:49:42.366, 5, 180.58 W, 27, 120 MHz, 3996 MHz, 0 %, 0 %
2026/03/23 13:49:42.366, 6, 177.40 W, 26, 120 MHz, 3996 MHz, 0 %, 0 %
2026/03/23 13:49:42.366, 7, 176.59 W, 27, 120 MHz, 3996 MHz, 0 %, 0 %
2026/03/23 13:49:43.366, 0, 228.82 W, 28, 2032 MHz, 3996 MHz, 0 %, 0 %
2026/03/23 13:49:43.366, 1, 235.07 W, 31, 2032 MHz, 3996 MHz, 0 %, 0 %
2026/03/23 13:49:43.366, 2, 234.03 W, 28, 2032 MHz, 3996 MHz, 0 %, 0 %
2026/03/23 13:49:43.366, 3, 235.25 W, 31, 2032 MHz, 3996 MHz, 0 %, 0 %
2026/03/23 13:49:43.366, 4, 178.70 W, 25, 120 MHz, 3996 MHz, 0 %, 0 %
2026/03/23 13:49:43.366, 5, 180.58 W, 27, 120 MHz, 3996 MHz, 0 %, 0 %
2026/03/23 13:49:43.366, 6, 177.53 W, 26, 120 MHz, 3996 MHz, 0 %, 0 %
2026/03/23 13:49:43.366, 7, 176.59 W, 27, 120 MHz, 3996 MHz, 0 %, 0 %
2026/03/23 13:49:44.367, 0, 228.60 W, 28, 2032 MHz, 3996 MHz, 0 %, 0 %
2026/03/23 13:49:44.367, 1, 235.15 W, 31, 2032 MHz, 3996 MHz, 0 %, 0 %
2026/03/23 13:49:44.367, 2, 234.03 W, 28, 2032 MHz, 3996 MHz, 0 %, 0 %
2026/03/23 13:49:44.367, 3, 235.23 W, 31, 2032 MHz, 3996 MHz, 0 %, 0 %
2026/03/23 13:49:44.367, 4, 178.72 W, 25, 120 MHz, 3996 MHz, 0 %, 0 %
2026/03/23 13:49:44.367, 5, 180.58 W, 27, 120 MHz, 3996 MHz, 0 %, 0 %
2026/03/23 13:49:44.367, 6, 177.38 W, 26, 120 MHz, 3996 MHz, 0 %, 0 %
2026/03/23 13:49:44.367, 7, 176.59 W, 27, 120 MHz, 3996 MHz, 0 %, 0 %
2026/03/23 13:49:45.367, 0, 228.61 W, 28, 2032 MHz, 3996 MHz, 0 %, 0 %
2026/03/23 13:49:45.367, 1, 235.00 W, 30, 2032 MHz, 3996 MHz, 0 %, 0 %
2026/03/23 13:49:45.367, 2, 234.02 W, 28, 2032 MHz, 3996 MHz, 0 %, 0 %
2026/03/23 13:49:45.367, 3, 235.27 W, 31, 2032 MHz, 3996 MHz, 0 %, 0 %
2026/03/23 13:49:45.367, 4, 178.58 W, 25, 120 MHz, 3996 MHz, 0 %, 0 %
2026/03/23 13:49:45.367, 5, 180.58 W, 27, 120 MHz, 3996 MHz, 0 %, 0 %
2026/03/23 13:49:45.367, 6, 177.54 W, 26, 120 MHz, 3996 MHz, 0 %, 0 %
2026/03/23 13:49:45.367, 7, 176.58 W, 27, 120 MHz, 3996 MHz, 0 %, 0 %
2026/03/23 13:49:46.367, 0, 229.34 W, 28, 2032 MHz, 3996 MHz, 0 %, 0 %
2026/03/23 13:49:46.367, 1, 234.45 W, 30, 2032 MHz, 3996 MHz, 0 %, 0 %
2026/03/23 13:49:46.367, 2, 234.02 W, 28, 2032 MHz, 3996 MHz, 0 %, 0 %
2026/03/23 13:49:46.367, 3, 235.09 W, 31, 2032 MHz, 3996 MHz, 0 %, 0 %
2026/03/23 13:49:46.367, 4, 178.71 W, 25, 120 MHz, 3996 MHz, 0 %, 0 %
2026/03/23 13:49:46.367, 5, 180.58 W, 27, 120 MHz, 3996 MHz, 0 %, 0 %
2026/03/23 13:49:46.367, 6, 177.38 W, 26, 120 MHz, 3996 MHz, 0 %, 0 %
2026/03/23 13:49:46.367, 7, 176.59 W, 27, 120 MHz, 3996 MHz, 0 %, 0 %
2026/03/23 13:49:47.367, 0, 228.47 W, 28, 2032 MHz, 3996 MHz, 0 %, 0 %
2026/03/23 13:49:47.367, 1, 233.62 W, 30, 2032 MHz, 3996 MHz, 1 %, 0 %
2026/03/23 13:49:47.367, 2, 234.07 W, 28, 2032 MHz, 3996 MHz, 0 %, 0 %
2026/03/23 13:49:47.367, 3, 235.09 W, 31, 2032 MHz, 3996 MHz, 1 %, 0 %
2026/03/23 13:49:47.367, 4, 178.62 W, 25, 120 MHz, 3996 MHz, 0 %, 0 %
2026/03/23 13:49:47.367, 5, 180.58 W, 27, 120 MHz, 3996 MHz, 0 %, 0 %
2026/03/23 13:49:47.367, 6, 177.75 W, 26, 120 MHz, 3996 MHz, 0 %, 0 %
2026/03/23 13:49:47.367, 7, 176.58 W, 27, 120 MHz, 3996 MHz, 0 %, 0 %
2026/03/23 13:49:48.367, 0, 228.39 W, 28, 2032 MHz, 3996 MHz, 0 %, 0 %
2026/03/23 13:49:48.367, 1, 233.86 W, 30, 2032 MHz, 3996 MHz, 0 %, 0 %
2026/03/23 13:49:48.367, 2, 234.07 W, 28, 2032 MHz, 3996 MHz, 0 %, 0 %
2026/03/23 13:49:48.367, 3, 235.20 W, 31, 2032 MHz, 3996 MHz, 0 %, 0 %
2026/03/23 13:49:48.367, 4, 178.83 W, 25, 120 MHz, 3996 MHz, 0 %, 0 %
2026/03/23 13:49:48.367, 5, 180.58 W, 27, 120 MHz, 3996 MHz, 0 %, 0 %
2026/03/23 13:49:48.367, 6, 177.51 W, 26, 120 MHz, 3996 MHz, 0 %, 0 %
2026/03/23 13:49:48.367, 7, 176.58 W, 27, 120 MHz, 3996 MHz, 0 %, 0 %
2026/03/23 13:49:49.367, 0, 228.34 W, 28, 2032 MHz, 3996 MHz, 0 %, 0 %
2026/03/23 13:49:49.367, 1, 234.06 W, 30, 2032 MHz, 3996 MHz, 0 %, 0 %
2026/03/23 13:49:49.367, 2, 234.07 W, 28, 2032 MHz, 3996 MHz, 0 %, 0 %
2026/03/23 13:49:49.367, 3, 235.02 W, 31, 2032 MHz, 3996 MHz, 0 %, 0 %
2026/03/23 13:49:49.367, 4, 178.72 W, 25, 120 MHz, 3996 MHz, 0 %, 0 %
2026/03/23 13:49:49.367, 5, 180.58 W, 27, 120 MHz, 3996 MHz, 0 %, 0 %
2026/03/23 13:49:49.368, 6, 177.67 W, 26, 120 MHz, 3996 MHz, 0 %, 0 %
2026/03/23 13:49:49.368, 7, 176.58 W, 27, 120 MHz, 3996 MHz, 0 %, 0 %
2026/03/23 13:49:50.368, 0, 228.22 W, 28, 2032 MHz, 3996 MHz, 0 %, 0 %
2026/03/23 13:49:50.368, 1, 233.36 W, 30, 2032 MHz, 3996 MHz, 0 %, 0 %
2026/03/23 13:49:50.368, 2, 234.02 W, 28, 2032 MHz, 3996 MHz, 0 %, 0 %
2026/03/23 13:49:50.368, 3, 234.56 W, 31, 2032 MHz, 3996 MHz, 0 %, 0 %
2026/03/23 13:49:50.368, 4, 178.62 W, 25, 120 MHz, 3996 MHz, 0 %, 0 %
2026/03/23 13:49:50.368, 5, 180.58 W, 27, 120 MHz, 3996 MHz, 0 %, 0 %
2026/03/23 13:49:50.368, 6, 177.60 W, 26, 120 MHz, 3996 MHz, 0 %, 0 %
2026/03/23 13:49:50.368, 7, 176.59 W, 27, 120 MHz, 3996 MHz, 0 %, 0 %
2026/03/23 13:49:51.368, 0, 228.24 W, 28, 2032 MHz, 3996 MHz, 0 %, 0 %
2026/03/23 13:49:51.368, 1, 233.36 W, 30, 2032 MHz, 3996 MHz, 0 %, 0 %
2026/03/23 13:49:51.368, 2, 234.02 W, 28, 2032 MHz, 3996 MHz, 0 %, 0 %
2026/03/23 13:49:51.368, 3, 234.85 W, 31, 2032 MHz, 3996 MHz, 0 %, 0 %
2026/03/23 13:49:51.368, 4, 178.69 W, 25, 120 MHz, 3996 MHz, 0 %, 0 %
2026/03/23 13:49:51.368, 5, 180.58 W, 27, 120 MHz, 3996 MHz, 0 %, 0 %
2026/03/23 13:49:51.368, 6, 177.55 W, 26, 120 MHz, 3996 MHz, 0 %, 0 %
2026/03/23 13:49:51.368, 7, 176.59 W, 27, 120 MHz, 3996 MHz, 0 %, 0 %
2026/03/23 13:49:52.368, 0, 228.15 W, 28, 2032 MHz, 3996 MHz, 0 %, 0 %
2026/03/23 13:49:52.368, 1, 233.32 W, 30, 2032 MHz, 3996 MHz, 0 %, 0 %
2026/03/23 13:49:52.368, 2, 234.03 W, 28, 2032 MHz, 3996 MHz, 0 %, 0 %
2026/03/23 13:49:52.368, 3, 234.38 W, 31, 2032 MHz, 3996 MHz, 0 %, 0 %
2026/03/23 13:49:52.368, 4, 178.57 W, 25, 120 MHz, 3996 MHz, 0 %, 0 %
2026/03/23 13:49:52.368, 5, 180.58 W, 27, 120 MHz, 3996 MHz, 0 %, 0 %
2026/03/23 13:49:52.368, 6, 177.63 W, 26, 120 MHz, 3996 MHz, 0 %, 0 %
2026/03/23 13:49:52.368, 7, 176.59 W, 27, 120 MHz, 3996 MHz, 0 %, 0 %
2026/03/23 13:49:53.368, 0, 228.14 W, 28, 2032 MHz, 3996 MHz, 0 %, 0 %
2026/03/23 13:49:53.368, 1, 233.32 W, 30, 2032 MHz, 3996 MHz, 0 %, 0 %
2026/03/23 13:49:53.368, 2, 234.02 W, 28, 2032 MHz, 3996 MHz, 0 %, 0 %
2026/03/23 13:49:53.368, 3, 234.30 W, 31, 2032 MHz, 3996 MHz, 0 %, 0 %
2026/03/23 13:49:53.368, 4, 178.73 W, 25, 120 MHz, 3996 MHz, 0 %, 0 %
2026/03/23 13:49:53.368, 5, 180.58 W, 27, 120 MHz, 3996 MHz, 0 %, 0 %
2026/03/23 13:49:53.368, 6, 177.55 W, 26, 120 MHz, 3996 MHz, 0 %, 0 %
2026/03/23 13:49:53.368, 7, 176.59 W, 27, 120 MHz, 3996 MHz, 0 %, 0 %
2026/03/23 13:49:54.368, 0, 228.18 W, 28, 2032 MHz, 3996 MHz, 0 %, 0 %
2026/03/23 13:49:54.368, 1, 233.32 W, 30, 2032 MHz, 3996 MHz, 0 %, 0 %
2026/03/23 13:49:54.368, 2, 234.02 W, 28, 2032 MHz, 3996 MHz, 0 %, 0 %
2026/03/23 13:49:54.368, 3, 234.57 W, 31, 2032 MHz, 3996 MHz, 0 %, 0 %
2026/03/23 13:49:54.368, 4, 178.66 W, 25, 120 MHz, 3996 MHz, 0 %, 0 %
2026/03/23 13:49:54.368, 5, 180.58 W, 27, 120 MHz, 3996 MHz, 0 %, 0 %
2026/03/23 13:49:54.368, 6, 177.62 W, 26, 120 MHz, 3996 MHz, 0 %, 0 %
2026/03/23 13:49:54.368, 7, 176.59 W, 27, 120 MHz, 3996 MHz, 0 %, 0 %
2026/03/23 13:49:55.368, 0, 228.12 W, 28, 2032 MHz, 3996 MHz, 0 %, 0 %
2026/03/23 13:49:55.368, 1, 233.32 W, 30, 2032 MHz, 3996 MHz, 0 %, 0 %
2026/03/23 13:49:55.368, 2, 234.03 W, 28, 2032 MHz, 3996 MHz, 0 %, 0 %
2026/03/23 13:49:55.369, 3, 234.61 W, 31, 2032 MHz, 3996 MHz, 0 %, 0 %
2026/03/23 13:49:55.369, 4, 178.62 W, 25, 120 MHz, 3996 MHz, 0 %, 0 %
2026/03/23 13:49:55.369, 5, 180.58 W, 27, 120 MHz, 3996 MHz, 0 %, 0 %
2026/03/23 13:49:55.369, 6, 177.50 W, 26, 120 MHz, 3996 MHz, 0 %, 0 %
2026/03/23 13:49:55.369, 7, 176.59 W, 27, 120 MHz, 3996 MHz, 0 %, 0 %
2026/03/23 13:49:56.369, 0, 228.12 W, 28, 2032 MHz, 3996 MHz, 0 %, 0 %
2026/03/23 13:49:56.369, 1, 233.36 W, 30, 2032 MHz, 3996 MHz, 0 %, 0 %
2026/03/23 13:49:56.369, 2, 234.02 W, 28, 2032 MHz, 3996 MHz, 0 %, 0 %
2026/03/23 13:49:56.369, 3, 234.20 W, 31, 2032 MHz, 3996 MHz, 0 %, 0 %
2026/03/23 13:49:56.369, 4, 178.70 W, 25, 120 MHz, 3996 MHz, 0 %, 0 %
2026/03/23 13:49:56.369, 5, 180.59 W, 27, 120 MHz, 3996 MHz, 0 %, 0 %
2026/03/23 13:49:56.369, 6, 177.43 W, 26, 120 MHz, 3996 MHz, 0 %, 0 %
2026/03/23 13:49:56.369, 7, 176.59 W, 27, 120 MHz, 3996 MHz, 0 %, 0 %
2026/03/23 13:49:57.369, 0, 228.14 W, 28, 2032 MHz, 3996 MHz, 0 %, 0 %
2026/03/23 13:49:57.369, 1, 233.32 W, 30, 2032 MHz, 3996 MHz, 0 %, 0 %
2026/03/23 13:49:57.369, 2, 234.02 W, 28, 2032 MHz, 3996 MHz, 0 %, 0 %
2026/03/23 13:49:57.369, 3, 234.02 W, 31, 2032 MHz, 3996 MHz, 0 %, 0 %
2026/03/23 13:49:57.369, 4, 178.69 W, 25, 120 MHz, 3996 MHz, 0 %, 0 %
2026/03/23 13:49:57.369, 5, 180.58 W, 27, 120 MHz, 3996 MHz, 0 %, 0 %
2026/03/23 13:49:57.369, 6, 177.32 W, 26, 120 MHz, 3996 MHz, 0 %, 0 %
2026/03/23 13:49:57.369, 7, 176.58 W, 27, 120 MHz, 3996 MHz, 0 %, 0 %
2026/03/23 13:49:58.369, 0, 228.09 W, 28, 2032 MHz, 3996 MHz, 0 %, 0 %
2026/03/23 13:49:58.369, 1, 233.32 W, 30, 2032 MHz, 3996 MHz, 0 %, 0 %
2026/03/23 13:49:58.369, 2, 234.02 W, 28, 2032 MHz, 3996 MHz, 0 %, 0 %
2026/03/23 13:49:58.369, 3, 234.25 W, 31, 2032 MHz, 3996 MHz, 0 %, 0 %
2026/03/23 13:49:58.369, 4, 178.74 W, 25, 120 MHz, 3996 MHz, 0 %, 0 %
2026/03/23 13:49:58.369, 5, 180.58 W, 27, 120 MHz, 3996 MHz, 0 %, 0 %
2026/03/23 13:49:58.369, 6, 177.23 W, 26, 120 MHz, 3996 MHz, 0 %, 0 %
2026/03/23 13:49:58.369, 7, 176.59 W, 27, 120 MHz, 3996 MHz, 0 %, 0 %
2026/03/23 13:49:59.369, 0, 228.13 W, 28, 2032 MHz, 3996 MHz, 0 %, 0 %
2026/03/23 13:49:59.369, 1, 233.32 W, 30, 2032 MHz, 3996 MHz, 0 %, 0 %
2026/03/23 13:49:59.369, 2, 234.02 W, 28, 2032 MHz, 3996 MHz, 0 %, 0 %
2026/03/23 13:49:59.369, 3, 234.15 W, 30, 2032 MHz, 3996 MHz, 0 %, 0 %
2026/03/23 13:49:59.369, 4, 178.58 W, 25, 120 MHz, 3996 MHz, 0 %, 0 %
2026/03/23 13:49:59.369, 5, 180.58 W, 27, 120 MHz, 3996 MHz, 0 %, 0 %
2026/03/23 13:49:59.369, 6, 177.55 W, 26, 120 MHz, 3996 MHz, 0 %, 0 %
2026/03/23 13:49:59.369, 7, 176.59 W, 27, 120 MHz, 3996 MHz, 0 %, 0 %
2026/03/23 13:50:00.369, 0, 228.17 W, 28, 2032 MHz, 3996 MHz, 0 %, 0 %
2026/03/23 13:50:00.369, 1, 233.32 W, 30, 2032 MHz, 3996 MHz, 0 %, 0 %
2026/03/23 13:50:00.369, 2, 234.03 W, 27, 2032 MHz, 3996 MHz, 0 %, 0 %
2026/03/23 13:50:00.369, 3, 234.44 W, 30, 2032 MHz, 3996 MHz, 0 %, 0 %
2026/03/23 13:50:00.369, 4, 178.66 W, 25, 120 MHz, 3996 MHz, 0 %, 0 %
2026/03/23 13:50:00.369, 5, 180.58 W, 27, 120 MHz, 3996 MHz, 0 %, 0 %
2026/03/23 13:50:00.369, 6, 177.45 W, 26, 120 MHz, 3996 MHz, 0 %, 0 %
2026/03/23 13:50:00.369, 7, 176.58 W, 27, 120 MHz, 3996 MHz, 0 %, 0 %
2026/03/23 13:50:01.370, 0, 228.63 W, 28, 2032 MHz, 3996 MHz, 0 %, 0 %
2026/03/23 13:50:01.370, 1, 233.63 W, 30, 2032 MHz, 3996 MHz, 0 %, 0 %
2026/03/23 13:50:01.370, 2, 234.06 W, 27, 2032 MHz, 3996 MHz, 0 %, 0 %
2026/03/23 13:50:01.370, 3, 235.09 W, 30, 2032 MHz, 3996 MHz, 0 %, 0 %
2026/03/23 13:50:01.370, 4, 178.79 W, 25, 120 MHz, 3996 MHz, 0 %, 0 %
2026/03/23 13:50:01.370, 5, 180.58 W, 27, 120 MHz, 3996 MHz, 0 %, 0 %
2026/03/23 13:50:01.370, 6, 177.50 W, 26, 120 MHz, 3996 MHz, 0 %, 0 %
2026/03/23 13:50:01.370, 7, 176.59 W, 27, 120 MHz, 3996 MHz, 0 %, 0 %
2026/03/23 13:50:02.370, 0, 228.18 W, 28, 2032 MHz, 3996 MHz, 1 %, 0 %
2026/03/23 13:50:02.370, 1, 233.47 W, 30, 2032 MHz, 3996 MHz, 1 %, 0 %
2026/03/23 13:50:02.370, 2, 234.06 W, 27, 2032 MHz, 3996 MHz, 1 %, 0 %
2026/03/23 13:50:02.370, 3, 235.06 W, 30, 2032 MHz, 3996 MHz, 1 %, 0 %
2026/03/23 13:50:02.370, 4, 178.70 W, 25, 120 MHz, 3996 MHz, 0 %, 0 %
2026/03/23 13:50:02.370, 5, 180.58 W, 27, 120 MHz, 3996 MHz, 0 %, 0 %
2026/03/23 13:50:02.370, 6, 177.42 W, 26, 120 MHz, 3996 MHz, 0 %, 0 %
2026/03/23 13:50:02.370, 7, 176.58 W, 27, 120 MHz, 3996 MHz, 0 %, 0 %
2026/03/23 13:50:03.370, 0, 228.95 W, 27, 2032 MHz, 3996 MHz, 6 %, 0 %
2026/03/23 13:50:03.370, 1, 234.37 W, 30, 2032 MHz, 3996 MHz, 6 %, 0 %
2026/03/23 13:50:03.370, 2, 234.40 W, 27, 2032 MHz, 3996 MHz, 7 %, 0 %
2026/03/23 13:50:03.370, 3, 235.27 W, 30, 2032 MHz, 3996 MHz, 7 %, 0 %
2026/03/23 13:50:03.370, 4, 178.79 W, 25, 120 MHz, 3996 MHz, 0 %, 0 %
2026/03/23 13:50:03.370, 5, 180.58 W, 27, 120 MHz, 3996 MHz, 0 %, 0 %
2026/03/23 13:50:03.370, 6, 177.54 W, 26, 120 MHz, 3996 MHz, 0 %, 0 %
2026/03/23 13:50:03.370, 7, 176.59 W, 27, 120 MHz, 3996 MHz, 0 %, 0 %
2026/03/23 13:50:04.370, 0, 229.36 W, 28, 2032 MHz, 3996 MHz, 7 %, 0 %
2026/03/23 13:50:04.370, 1, 234.84 W, 30, 2032 MHz, 3996 MHz, 6 %, 0 %
2026/03/23 13:50:04.370, 2, 234.06 W, 27, 2032 MHz, 3996 MHz, 7 %, 0 %
2026/03/23 13:50:04.370, 3, 235.26 W, 30, 2032 MHz, 3996 MHz, 7 %, 0 %
2026/03/23 13:50:04.370, 4, 178.84 W, 25, 120 MHz, 3996 MHz, 0 %, 0 %
2026/03/23 13:50:04.370, 5, 180.58 W, 27, 120 MHz, 3996 MHz, 0 %, 0 %
2026/03/23 13:50:04.370, 6, 177.49 W, 26, 120 MHz, 3996 MHz, 0 %, 0 %
2026/03/23 13:50:04.370, 7, 176.58 W, 27, 120 MHz, 3996 MHz, 0 %, 0 %
2026/03/23 13:50:05.370, 0, 229.13 W, 27, 2032 MHz, 3996 MHz, 6 %, 0 %
2026/03/23 13:50:05.370, 1, 234.75 W, 30, 2032 MHz, 3996 MHz, 5 %, 0 %
2026/03/23 13:50:05.370, 2, 234.06 W, 27, 2032 MHz, 3996 MHz, 7 %, 0 %
2026/03/23 13:50:05.370, 3, 235.27 W, 30, 2032 MHz, 3996 MHz, 8 %, 0 %
2026/03/23 13:50:05.370, 4, 178.75 W, 25, 120 MHz, 3996 MHz, 0 %, 0 %
2026/03/23 13:50:05.370, 5, 180.58 W, 27, 120 MHz, 3996 MHz, 0 %, 0 %
2026/03/23 13:50:05.370, 6, 177.38 W, 26, 120 MHz, 3996 MHz, 0 %, 0 %
2026/03/23 13:50:05.370, 7, 176.59 W, 27, 120 MHz, 3996 MHz, 0 %, 0 %
2026/03/23 13:50:06.370, 0, 229.32 W, 27, 2032 MHz, 3996 MHz, 8 %, 0 %
2026/03/23 13:50:06.370, 1, 234.61 W, 30, 2032 MHz, 3996 MHz, 5 %, 0 %
2026/03/23 13:50:06.370, 2, 234.10 W, 27, 2032 MHz, 3996 MHz, 8 %, 0 %
2026/03/23 13:50:06.370, 3, 235.26 W, 30, 2032 MHz, 3996 MHz, 7 %, 0 %
2026/03/23 13:50:06.370, 4, 178.81 W, 25, 120 MHz, 3996 MHz, 0 %, 0 %
2026/03/23 13:50:06.370, 5, 180.58 W, 27, 120 MHz, 3996 MHz, 0 %, 0 %
2026/03/23 13:50:06.370, 6, 177.38 W, 26, 120 MHz, 3996 MHz, 0 %, 0 %
2026/03/23 13:50:06.370, 7, 176.59 W, 27, 120 MHz, 3996 MHz, 0 %, 0 %
2026/03/23 13:50:07.371, 0, 229.23 W, 27, 2032 MHz, 3996 MHz, 7 %, 0 %
2026/03/23 13:50:07.371, 1, 235.11 W, 30, 2032 MHz, 3996 MHz, 6 %, 0 %
2026/03/23 13:50:07.371, 2, 234.18 W, 27, 2032 MHz, 3996 MHz, 7 %, 0 %
2026/03/23 13:50:07.371, 3, 235.25 W, 30, 2032 MHz, 3996 MHz, 7 %, 0 %
2026/03/23 13:50:07.371, 4, 178.63 W, 25, 120 MHz, 3996 MHz, 0 %, 0 %
2026/03/23 13:50:07.371, 5, 180.58 W, 27, 120 MHz, 3996 MHz, 0 %, 0 %
2026/03/23 13:50:07.371, 6, 177.35 W, 26, 120 MHz, 3996 MHz, 0 %, 0 %
2026/03/23 13:50:07.371, 7, 176.58 W, 27, 120 MHz, 3996 MHz, 0 %, 0 %
2026/03/23 13:50:08.371, 0, 229.13 W, 27, 2032 MHz, 3996 MHz, 7 %, 0 %
2026/03/23 13:50:08.371, 1, 234.76 W, 30, 2032 MHz, 3996 MHz, 6 %, 0 %
2026/03/23 13:50:08.371, 2, 234.14 W, 27, 2032 MHz, 3996 MHz, 7 %, 0 %
2026/03/23 13:50:08.371, 3, 235.22 W, 30, 2032 MHz, 3996 MHz, 7 %, 0 %
2026/03/23 13:50:08.371, 4, 178.70 W, 25, 120 MHz, 3996 MHz, 0 %, 0 %
2026/03/23 13:50:08.371, 5, 180.58 W, 27, 120 MHz, 3996 MHz, 0 %, 0 %
2026/03/23 13:50:08.371, 6, 177.25 W, 26, 120 MHz, 3996 MHz, 0 %, 0 %
2026/03/23 13:50:08.371, 7, 176.58 W, 27, 120 MHz, 3996 MHz, 0 %, 0 %
2026/03/23 13:50:09.371, 0, 229.04 W, 27, 2032 MHz, 3996 MHz, 7 %, 0 %
2026/03/23 13:50:09.371, 1, 235.00 W, 30, 2032 MHz, 3996 MHz, 6 %, 0 %
2026/03/23 13:50:09.371, 2, 234.10 W, 27, 2032 MHz, 3996 MHz, 7 %, 0 %
2026/03/23 13:50:09.371, 3, 235.25 W, 30, 2032 MHz, 3996 MHz, 7 %, 0 %
2026/03/23 13:50:09.371, 4, 178.70 W, 25, 120 MHz, 3996 MHz, 0 %, 0 %
2026/03/23 13:50:09.371, 5, 180.58 W, 27, 120 MHz, 3996 MHz, 0 %, 0 %
2026/03/23 13:50:09.371, 6, 177.62 W, 26, 120 MHz, 3996 MHz, 0 %, 0 %
2026/03/23 13:50:09.371, 7, 176.59 W, 27, 120 MHz, 3996 MHz, 0 %, 0 %
2026/03/23 13:50:10.371, 0, 229.02 W, 27, 2032 MHz, 3996 MHz, 6 %, 0 %
2026/03/23 13:50:10.371, 1, 234.37 W, 30, 2032 MHz, 3996 MHz, 5 %, 0 %
2026/03/23 13:50:10.371, 2, 234.10 W, 27, 2032 MHz, 3996 MHz, 7 %, 0 %
2026/03/23 13:50:10.371, 3, 235.26 W, 30, 2032 MHz, 3996 MHz, 8 %, 0 %
2026/03/23 13:50:10.371, 4, 178.82 W, 25, 120 MHz, 3996 MHz, 0 %, 0 %
2026/03/23 13:50:10.371, 5, 180.58 W, 27, 120 MHz, 3996 MHz, 0 %, 0 %
2026/03/23 13:50:10.371, 6, 177.36 W, 26, 120 MHz, 3996 MHz, 0 %, 0 %
2026/03/23 13:50:10.371, 7, 176.59 W, 27, 120 MHz, 3996 MHz, 0 %, 0 %
2026/03/23 13:50:11.371, 0, 229.18 W, 27, 2032 MHz, 3996 MHz, 6 %, 0 %
2026/03/23 13:50:11.371, 1, 234.16 W, 30, 2032 MHz, 3996 MHz, 6 %, 0 %
2026/03/23 13:50:11.371, 2, 234.06 W, 27, 2032 MHz, 3996 MHz, 7 %, 0 %
2026/03/23 13:50:11.371, 3, 235.26 W, 30, 2032 MHz, 3996 MHz, 8 %, 0 %
2026/03/23 13:50:11.371, 4, 178.71 W, 25, 120 MHz, 3996 MHz, 0 %, 0 %
2026/03/23 13:50:11.371, 5, 180.58 W, 27, 120 MHz, 3996 MHz, 0 %, 0 %
2026/03/23 13:50:11.371, 6, 177.55 W, 26, 120 MHz, 3996 MHz, 0 %, 0 %
2026/03/23 13:50:11.371, 7, 176.59 W, 27, 120 MHz, 3996 MHz, 0 %, 0 %
2026/03/23 13:50:12.371, 0, 229.20 W, 27, 2032 MHz, 3996 MHz, 7 %, 0 %
2026/03/23 13:50:12.371, 1, 234.88 W, 30, 2032 MHz, 3996 MHz, 7 %, 0 %
2026/03/23 13:50:12.371, 2, 234.26 W, 27, 2032 MHz, 3996 MHz, 8 %, 0 %
2026/03/23 13:50:12.371, 3, 235.26 W, 30, 2032 MHz, 3996 MHz, 8 %, 0 %
2026/03/23 13:50:12.371, 4, 178.98 W, 25, 120 MHz, 3996 MHz, 0 %, 0 %
2026/03/23 13:50:12.371, 5, 180.58 W, 27, 120 MHz, 3996 MHz, 0 %, 0 %
2026/03/23 13:50:12.371, 6, 177.38 W, 26, 120 MHz, 3996 MHz, 0 %, 0 %
2026/03/23 13:50:12.372, 7, 176.59 W, 27, 120 MHz, 3996 MHz, 0 %, 0 %
2026/03/23 13:50:13.372, 0, 229.21 W, 27, 2032 MHz, 3996 MHz, 6 %, 0 %
2026/03/23 13:50:13.372, 1, 234.91 W, 30, 2032 MHz, 3996 MHz, 7 %, 0 %
2026/03/23 13:50:13.372, 2, 234.06 W, 27, 2032 MHz, 3996 MHz, 6 %, 0 %
2026/03/23 13:50:13.372, 3, 235.22 W, 30, 2032 MHz, 3996 MHz, 6 %, 0 %
2026/03/23 13:50:13.372, 4, 178.72 W, 25, 120 MHz, 3996 MHz, 0 %, 0 %
2026/03/23 13:50:13.372, 5, 180.59 W, 27, 120 MHz, 3996 MHz, 0 %, 0 %
2026/03/23 13:50:13.372, 6, 177.82 W, 26, 120 MHz, 3996 MHz, 0 %, 0 %
2026/03/23 13:50:13.372, 7, 176.60 W, 27, 120 MHz, 3996 MHz, 0 %, 0 %
2026/03/23 13:50:14.372, 0, 229.36 W, 27, 2032 MHz, 3996 MHz, 6 %, 0 %
2026/03/23 13:50:14.372, 1, 234.10 W, 30, 2032 MHz, 3996 MHz, 5 %, 0 %
2026/03/23 13:50:14.372, 2, 234.10 W, 27, 2032 MHz, 3996 MHz, 5 %, 0 %
2026/03/23 13:50:14.372, 3, 235.25 W, 30, 2032 MHz, 3996 MHz, 6 %, 0 %
2026/03/23 13:50:14.372, 4, 178.79 W, 25, 120 MHz, 3996 MHz, 0 %, 0 %
2026/03/23 13:50:14.372, 5, 180.58 W, 27, 120 MHz, 3996 MHz, 0 %, 0 %
2026/03/23 13:50:14.372, 6, 177.28 W, 26, 120 MHz, 3996 MHz, 0 %, 0 %
2026/03/23 13:50:14.372, 7, 176.60 W, 27, 120 MHz, 3996 MHz, 0 %, 0 %
2026/03/23 13:50:15.372, 0, 228.81 W, 27, 2032 MHz, 3996 MHz, 6 %, 0 %
2026/03/23 13:50:15.372, 1, 234.42 W, 30, 2032 MHz, 3996 MHz, 5 %, 0 %
2026/03/23 13:50:15.372, 2, 234.06 W, 27, 2032 MHz, 3996 MHz, 5 %, 0 %
2026/03/23 13:50:15.372, 3, 235.25 W, 30, 2032 MHz, 3996 MHz, 5 %, 0 %
2026/03/23 13:50:15.372, 4, 178.84 W, 25, 120 MHz, 3996 MHz, 0 %, 0 %
2026/03/23 13:50:15.372, 5, 180.59 W, 27, 120 MHz, 3996 MHz, 0 %, 0 %
2026/03/23 13:50:15.372, 6, 177.59 W, 26, 120 MHz, 3996 MHz, 0 %, 0 %
2026/03/23 13:50:15.372, 7, 176.59 W, 27, 120 MHz, 3996 MHz, 0 %, 0 %
2026/03/23 13:50:16.372, 0, 229.22 W, 27, 2032 MHz, 3996 MHz, 6 %, 0 %
2026/03/23 13:50:16.372, 1, 234.64 W, 30, 2032 MHz, 3996 MHz, 6 %, 0 %
2026/03/23 13:50:16.372, 2, 234.02 W, 27, 2032 MHz, 3996 MHz, 6 %, 0 %
2026/03/23 13:50:16.372, 3, 235.21 W, 30, 2032 MHz, 3996 MHz, 7 %, 0 %
2026/03/23 13:50:16.372, 4, 178.67 W, 25, 120 MHz, 3996 MHz, 0 %, 0 %
2026/03/23 13:50:16.372, 5, 180.58 W, 27, 120 MHz, 3996 MHz, 0 %, 0 %
2026/03/23 13:50:16.372, 6, 177.57 W, 26, 120 MHz, 3996 MHz, 0 %, 0 %
2026/03/23 13:50:16.372, 7, 176.60 W, 27, 120 MHz, 3996 MHz, 0 %, 0 %
2026/03/23 13:50:17.372, 0, 229.04 W, 27, 2032 MHz, 3996 MHz, 6 %, 0 %
2026/03/23 13:50:17.372, 1, 234.27 W, 30, 2032 MHz, 3996 MHz, 6 %, 0 %
2026/03/23 13:50:17.372, 2, 234.06 W, 27, 2032 MHz, 3996 MHz, 6 %, 0 %
2026/03/23 13:50:17.372, 3, 235.25 W, 30, 2032 MHz, 3996 MHz, 6 %, 0 %
2026/03/23 13:50:17.372, 4, 178.75 W, 25, 120 MHz, 3996 MHz, 0 %, 0 %
2026/03/23 13:50:17.372, 5, 180.58 W, 27, 120 MHz, 3996 MHz, 0 %, 0 %
2026/03/23 13:50:17.372, 6, 177.86 W, 26, 120 MHz, 3996 MHz, 0 %, 0 %
2026/03/23 13:50:17.372, 7, 176.59 W, 27, 120 MHz, 3996 MHz, 0 %, 0 %
2026/03/23 13:50:18.372, 0, 229.04 W, 27, 2032 MHz, 3996 MHz, 6 %, 0 %
2026/03/23 13:50:18.372, 1, 234.37 W, 30, 2032 MHz, 3996 MHz, 6 %, 0 %
2026/03/23 13:50:18.372, 2, 234.02 W, 27, 2032 MHz, 3996 MHz, 6 %, 0 %
2026/03/23 13:50:18.372, 3, 235.27 W, 30, 2032 MHz, 3996 MHz, 6 %, 0 %
2026/03/23 13:50:18.372, 4, 178.74 W, 25, 120 MHz, 3996 MHz, 0 %, 0 %
2026/03/23 13:50:18.372, 5, 180.58 W, 27, 120 MHz, 3996 MHz, 0 %, 0 %
2026/03/23 13:50:18.372, 6, 177.26 W, 26, 120 MHz, 3996 MHz, 0 %, 0 %
2026/03/23 13:50:18.372, 7, 176.58 W, 27, 120 MHz, 3996 MHz, 0 %, 0 %
2026/03/23 13:50:19.373, 0, 229.24 W, 27, 2032 MHz, 3996 MHz, 6 %, 0 %
2026/03/23 13:50:19.373, 1, 234.68 W, 30, 2032 MHz, 3996 MHz, 6 %, 0 %
2026/03/23 13:50:19.373, 2, 234.06 W, 27, 2032 MHz, 3996 MHz, 6 %, 0 %
2026/03/23 13:50:19.373, 3, 235.26 W, 30, 2032 MHz, 3996 MHz, 6 %, 0 %
2026/03/23 13:50:19.373, 4, 178.61 W, 25, 120 MHz, 3996 MHz, 0 %, 0 %
2026/03/23 13:50:19.373, 5, 180.58 W, 27, 120 MHz, 3996 MHz, 0 %, 0 %
2026/03/23 13:50:19.373, 6, 177.45 W, 26, 120 MHz, 3996 MHz, 0 %, 0 %
2026/03/23 13:50:19.373, 7, 176.58 W, 27, 120 MHz, 3996 MHz, 0 %, 0 %
2026/03/23 13:50:20.373, 0, 228.85 W, 27, 2032 MHz, 3996 MHz, 6 %, 0 %
2026/03/23 13:50:20.373, 1, 234.37 W, 30, 2032 MHz, 3996 MHz, 6 %, 0 %
2026/03/23 13:50:20.373, 2, 234.06 W, 27, 2032 MHz, 3996 MHz, 6 %, 0 %
2026/03/23 13:50:20.373, 3, 235.23 W, 30, 2032 MHz, 3996 MHz, 6 %, 0 %
2026/03/23 13:50:20.373, 4, 178.79 W, 25, 120 MHz, 3996 MHz, 0 %, 0 %
2026/03/23 13:50:20.373, 5, 180.58 W, 27, 120 MHz, 3996 MHz, 0 %, 0 %
2026/03/23 13:50:20.373, 6, 177.78 W, 26, 120 MHz, 3996 MHz, 0 %, 0 %
2026/03/23 13:50:20.373, 7, 176.59 W, 27, 120 MHz, 3996 MHz, 0 %, 0 %
2026/03/23 13:50:21.373, 0, 229.36 W, 27, 2032 MHz, 3996 MHz, 6 %, 0 %
2026/03/23 13:50:21.373, 1, 234.16 W, 30, 2032 MHz, 3996 MHz, 7 %, 0 %
2026/03/23 13:50:21.373, 2, 234.06 W, 27, 2032 MHz, 3996 MHz, 6 %, 0 %
2026/03/23 13:50:21.373, 3, 235.21 W, 30, 2032 MHz, 3996 MHz, 6 %, 0 %
2026/03/23 13:50:21.373, 4, 178.66 W, 25, 120 MHz, 3996 MHz, 0 %, 0 %
2026/03/23 13:50:21.373, 5, 180.58 W, 27, 120 MHz, 3996 MHz, 0 %, 0 %
2026/03/23 13:50:21.373, 6, 177.43 W, 26, 120 MHz, 3996 MHz, 0 %, 0 %
2026/03/23 13:50:21.373, 7, 176.59 W, 27, 120 MHz, 3996 MHz, 0 %, 0 %
2026/03/23 13:50:22.373, 0, 228.88 W, 27, 2032 MHz, 3996 MHz, 6 %, 0 %
2026/03/23 13:50:22.373, 1, 234.42 W, 30, 2032 MHz, 3996 MHz, 6 %, 0 %
2026/03/23 13:50:22.373, 2, 234.02 W, 27, 2032 MHz, 3996 MHz, 6 %, 0 %
2026/03/23 13:50:22.373, 3, 235.26 W, 30, 2032 MHz, 3996 MHz, 6 %, 0 %
2026/03/23 13:50:22.373, 4, 178.64 W, 25, 120 MHz, 3996 MHz, 0 %, 0 %
2026/03/23 13:50:22.373, 5, 180.58 W, 27, 120 MHz, 3996 MHz, 0 %, 0 %
2026/03/23 13:50:22.373, 6, 177.42 W, 26, 120 MHz, 3996 MHz, 0 %, 0 %
2026/03/23 13:50:22.373, 7, 176.58 W, 27, 120 MHz, 3996 MHz, 0 %, 0 %
2026/03/23 13:50:23.373, 0, 228.79 W, 27, 2032 MHz, 3996 MHz, 6 %, 0 %
2026/03/23 13:50:23.373, 1, 234.29 W, 30, 2032 MHz, 3996 MHz, 6 %, 0 %
2026/03/23 13:50:23.373, 2, 234.02 W, 27, 2032 MHz, 3996 MHz, 6 %, 0 %
2026/03/23 13:50:23.373, 3, 235.18 W, 30, 2032 MHz, 3996 MHz, 6 %, 0 %
2026/03/23 13:50:23.373, 4, 178.66 W, 25, 120 MHz, 3996 MHz, 0 %, 0 %
2026/03/23 13:50:23.373, 5, 180.58 W, 27, 120 MHz, 3996 MHz, 0 %, 0 %
2026/03/23 13:50:23.373, 6, 177.71 W, 26, 120 MHz, 3996 MHz, 0 %, 0 %
2026/03/23 13:50:23.373, 7, 176.58 W, 27, 120 MHz, 3996 MHz, 0 %, 0 %
2026/03/23 13:50:24.373, 0, 228.92 W, 27, 2032 MHz, 3996 MHz, 6 %, 0 %
2026/03/23 13:50:24.373, 1, 234.16 W, 30, 2032 MHz, 3996 MHz, 6 %, 0 %
2026/03/23 13:50:24.373, 2, 234.06 W, 27, 2032 MHz, 3996 MHz, 6 %, 0 %
2026/03/23 13:50:24.373, 3, 235.18 W, 30, 2032 MHz, 3996 MHz, 6 %, 0 %
2026/03/23 13:50:24.373, 4, 178.63 W, 25, 120 MHz, 3996 MHz, 0 %, 0 %
2026/03/23 13:50:24.373, 5, 180.58 W, 27, 120 MHz, 3996 MHz, 0 %, 0 %
2026/03/23 13:50:24.373, 6, 177.43 W, 26, 120 MHz, 3996 MHz, 0 %, 0 %
2026/03/23 13:50:24.373, 7, 176.58 W, 27, 120 MHz, 3996 MHz, 0 %, 0 %
2026/03/23 13:50:25.373, 0, 229.10 W, 27, 2032 MHz, 3996 MHz, 7 %, 0 %
2026/03/23 13:50:25.374, 1, 233.94 W, 30, 2032 MHz, 3996 MHz, 5 %, 0 %
2026/03/23 13:50:25.374, 2, 234.02 W, 27, 2032 MHz, 3996 MHz, 6 %, 0 %
2026/03/23 13:50:25.374, 3, 235.26 W, 30, 2032 MHz, 3996 MHz, 6 %, 0 %
2026/03/23 13:50:25.374, 4, 178.68 W, 25, 120 MHz, 3996 MHz, 0 %, 0 %
2026/03/23 13:50:25.374, 5, 180.58 W, 27, 120 MHz, 3996 MHz, 0 %, 0 %
2026/03/23 13:50:25.374, 6, 177.66 W, 26, 120 MHz, 3996 MHz, 0 %, 0 %
2026/03/23 13:50:25.374, 7, 176.58 W, 27, 120 MHz, 3996 MHz, 0 %, 0 %
2026/03/23 13:50:26.374, 0, 229.14 W, 27, 2032 MHz, 3996 MHz, 7 %, 0 %
2026/03/23 13:50:26.374, 1, 234.50 W, 30, 2032 MHz, 3996 MHz, 5 %, 0 %
2026/03/23 13:50:26.374, 2, 234.02 W, 27, 2032 MHz, 3996 MHz, 6 %, 0 %
2026/03/23 13:50:26.374, 3, 235.15 W, 30, 2032 MHz, 3996 MHz, 6 %, 0 %
2026/03/23 13:50:26.374, 4, 178.69 W, 25, 120 MHz, 3996 MHz, 0 %, 0 %
2026/03/23 13:50:26.374, 5, 180.58 W, 27, 120 MHz, 3996 MHz, 0 %, 0 %
2026/03/23 13:50:26.374, 6, 177.42 W, 26, 120 MHz, 3996 MHz, 0 %, 0 %
2026/03/23 13:50:26.374, 7, 176.58 W, 27, 120 MHz, 3996 MHz, 0 %, 0 %
2026/03/23 13:50:27.374, 0, 228.80 W, 27, 2032 MHz, 3996 MHz, 6 %, 0 %
2026/03/23 13:50:27.374, 1, 234.36 W, 30, 2032 MHz, 3996 MHz, 6 %, 0 %
2026/03/23 13:50:27.374, 2, 234.02 W, 27, 2032 MHz, 3996 MHz, 6 %, 0 %
2026/03/23 13:50:27.374, 3, 235.24 W, 30, 2032 MHz, 3996 MHz, 6 %, 0 %
2026/03/23 13:50:27.374, 4, 178.69 W, 25, 120 MHz, 3996 MHz, 0 %, 0 %
2026/03/23 13:50:27.374, 5, 180.58 W, 27, 120 MHz, 3996 MHz, 0 %, 0 %
2026/03/23 13:50:27.374, 6, 177.50 W, 26, 120 MHz, 3996 MHz, 0 %, 0 %
2026/03/23 13:50:27.374, 7, 176.58 W, 27, 120 MHz, 3996 MHz, 0 %, 0 %
2026/03/23 13:50:28.374, 0, 228.94 W, 27, 2032 MHz, 3996 MHz, 6 %, 0 %
2026/03/23 13:50:28.374, 1, 234.24 W, 30, 2032 MHz, 3996 MHz, 6 %, 0 %
2026/03/23 13:50:28.374, 2, 234.02 W, 27, 2032 MHz, 3996 MHz, 6 %, 0 %
2026/03/23 13:50:28.374, 3, 235.23 W, 30, 2032 MHz, 3996 MHz, 6 %, 0 %
2026/03/23 13:50:28.374, 4, 178.94 W, 25, 120 MHz, 3996 MHz, 0 %, 0 %
2026/03/23 13:50:28.374, 5, 180.58 W, 27, 120 MHz, 3996 MHz, 0 %, 0 %
2026/03/23 13:50:28.374, 6, 177.46 W, 26, 120 MHz, 3996 MHz, 0 %, 0 %
2026/03/23 13:50:28.374, 7, 176.58 W, 27, 120 MHz, 3996 MHz, 0 %, 0 %
2026/03/23 13:50:29.374, 0, 228.86 W, 27, 2032 MHz, 3996 MHz, 6 %, 0 %
2026/03/23 13:50:29.374, 1, 234.11 W, 30, 2032 MHz, 3996 MHz, 6 %, 0 %
2026/03/23 13:50:29.374, 2, 234.06 W, 27, 2032 MHz, 3996 MHz, 6 %, 0 %
2026/03/23 13:50:29.374, 3, 235.26 W, 30, 2032 MHz, 3996 MHz, 6 %, 0 %
2026/03/23 13:50:29.374, 4, 178.68 W, 25, 120 MHz, 3996 MHz, 0 %, 0 %
2026/03/23 13:50:29.374, 5, 180.58 W, 27, 120 MHz, 3996 MHz, 0 %, 0 %
2026/03/23 13:50:29.374, 6, 177.36 W, 26, 120 MHz, 3996 MHz, 0 %, 0 %
2026/03/23 13:50:29.374, 7, 176.58 W, 27, 120 MHz, 3996 MHz, 0 %, 0 %
2026/03/23 13:50:30.374, 0, 228.85 W, 27, 2032 MHz, 3996 MHz, 7 %, 0 %
2026/03/23 13:50:30.374, 1, 234.04 W, 30, 2032 MHz, 3996 MHz, 6 %, 0 %
2026/03/23 13:50:30.374, 2, 234.06 W, 27, 2032 MHz, 3996 MHz, 6 %, 0 %
2026/03/23 13:50:30.374, 3, 235.21 W, 30, 2032 MHz, 3996 MHz, 6 %, 0 %
2026/03/23 13:50:30.374, 4, 178.80 W, 25, 120 MHz, 3996 MHz, 0 %, 0 %
2026/03/23 13:50:30.374, 5, 180.58 W, 27, 120 MHz, 3996 MHz, 0 %, 0 %
2026/03/23 13:50:30.374, 6, 177.42 W, 26, 120 MHz, 3996 MHz, 0 %, 0 %
2026/03/23 13:50:30.374, 7, 176.58 W, 27, 120 MHz, 3996 MHz, 0 %, 0 %
2026/03/23 13:50:31.374, 0, 229.09 W, 27, 2032 MHz, 3996 MHz, 7 %, 0 %
2026/03/23 13:50:31.374, 1, 234.29 W, 30, 2032 MHz, 3996 MHz, 6 %, 0 %
2026/03/23 13:50:31.374, 2, 234.10 W, 27, 2032 MHz, 3996 MHz, 6 %, 0 %
2026/03/23 13:50:31.374, 3, 235.15 W, 30, 2032 MHz, 3996 MHz, 6 %, 0 %
2026/03/23 13:50:31.374, 4, 178.68 W, 25, 120 MHz, 3996 MHz, 0 %, 0 %
2026/03/23 13:50:31.374, 5, 180.58 W, 27, 120 MHz, 3996 MHz, 0 %, 0 %
2026/03/23 13:50:31.374, 6, 177.40 W, 26, 120 MHz, 3996 MHz, 0 %, 0 %
2026/03/23 13:50:31.374, 7, 176.58 W, 27, 120 MHz, 3996 MHz, 0 %, 0 %
2026/03/23 13:50:32.375, 0, 228.79 W, 27, 2032 MHz, 3996 MHz, 6 %, 0 %
2026/03/23 13:50:32.375, 1, 233.81 W, 30, 2032 MHz, 3996 MHz, 6 %, 0 %
2026/03/23 13:50:32.375, 2, 234.02 W, 27, 2032 MHz, 3996 MHz, 6 %, 0 %
2026/03/23 13:50:32.375, 3, 235.18 W, 30, 2032 MHz, 3996 MHz, 6 %, 0 %
2026/03/23 13:50:32.375, 4, 178.67 W, 25, 120 MHz, 3996 MHz, 0 %, 0 %
2026/03/23 13:50:32.375, 5, 180.58 W, 27, 120 MHz, 3996 MHz, 0 %, 0 %
2026/03/23 13:50:32.375, 6, 177.31 W, 26, 120 MHz, 3996 MHz, 0 %, 0 %
2026/03/23 13:50:32.375, 7, 176.58 W, 27, 120 MHz, 3996 MHz, 0 %, 0 %
2026/03/23 13:50:33.375, 0, 228.83 W, 27, 2032 MHz, 3996 MHz, 7 %, 0 %
2026/03/23 13:50:33.375, 1, 233.67 W, 30, 2032 MHz, 3996 MHz, 7 %, 0 %
2026/03/23 13:50:33.375, 2, 234.02 W, 27, 2032 MHz, 3996 MHz, 6 %, 0 %
2026/03/23 13:50:33.375, 3, 235.18 W, 30, 2032 MHz, 3996 MHz, 6 %, 0 %
2026/03/23 13:50:33.375, 4, 178.70 W, 25, 120 MHz, 3996 MHz, 0 %, 0 %
2026/03/23 13:50:33.375, 5, 180.58 W, 27, 120 MHz, 3996 MHz, 0 %, 0 %
2026/03/23 13:50:33.375, 6, 177.61 W, 26, 120 MHz, 3996 MHz, 0 %, 0 %
2026/03/23 13:50:33.375, 7, 176.58 W, 27, 120 MHz, 3996 MHz, 0 %, 0 %
2026/03/23 13:50:34.375, 0, 229.02 W, 27, 2032 MHz, 3996 MHz, 7 %, 0 %
2026/03/23 13:50:34.375, 1, 233.85 W, 30, 2032 MHz, 3996 MHz, 6 %, 0 %
2026/03/23 13:50:34.375, 2, 234.02 W, 27, 2032 MHz, 3996 MHz, 6 %, 0 %
2026/03/23 13:50:34.375, 3, 235.20 W, 30, 2032 MHz, 3996 MHz, 6 %, 0 %
2026/03/23 13:50:34.375, 4, 178.59 W, 25, 120 MHz, 3996 MHz, 0 %, 0 %
2026/03/23 13:50:34.375, 5, 180.58 W, 27, 120 MHz, 3996 MHz, 0 %, 0 %
2026/03/23 13:50:34.375, 6, 177.50 W, 26, 120 MHz, 3996 MHz, 0 %, 0 %
2026/03/23 13:50:34.375, 7, 176.58 W, 27, 120 MHz, 3996 MHz, 0 %, 0 %
2026/03/23 13:50:35.375, 0, 228.49 W, 27, 2032 MHz, 3996 MHz, 7 %, 0 %
2026/03/23 13:50:35.375, 1, 233.58 W, 30, 2032 MHz, 3996 MHz, 7 %, 0 %
2026/03/23 13:50:35.375, 2, 234.02 W, 27, 2032 MHz, 3996 MHz, 7 %, 0 %
2026/03/23 13:50:35.375, 3, 234.97 W, 30, 2032 MHz, 3996 MHz, 6 %, 0 %
2026/03/23 13:50:35.375, 4, 178.78 W, 25, 120 MHz, 3996 MHz, 0 %, 0 %
2026/03/23 13:50:35.375, 5, 180.58 W, 27, 120 MHz, 3996 MHz, 0 %, 0 %
2026/03/23 13:50:35.375, 6, 177.45 W, 26, 120 MHz, 3996 MHz, 0 %, 0 %
2026/03/23 13:50:35.375, 7, 176.58 W, 27, 120 MHz, 3996 MHz, 0 %, 0 %
2026/03/23 13:50:36.375, 0, 228.72 W, 27, 2032 MHz, 3996 MHz, 7 %, 0 %
2026/03/23 13:50:36.375, 1, 233.59 W, 30, 2032 MHz, 3996 MHz, 5 %, 0 %
2026/03/23 13:50:36.375, 2, 234.06 W, 27, 2032 MHz, 3996 MHz, 7 %, 0 %
2026/03/23 13:50:36.375, 3, 235.19 W, 30, 2032 MHz, 3996 MHz, 6 %, 0 %
2026/03/23 13:50:36.375, 4, 178.71 W, 25, 120 MHz, 3996 MHz, 0 %, 0 %
2026/03/23 13:50:36.375, 5, 180.58 W, 27, 120 MHz, 3996 MHz, 0 %, 0 %
2026/03/23 13:50:36.375, 6, 177.19 W, 26, 120 MHz, 3996 MHz, 0 %, 0 %
2026/03/23 13:50:36.375, 7, 176.58 W, 27, 120 MHz, 3996 MHz, 0 %, 0 %
2026/03/23 13:50:37.375, 0, 228.81 W, 27, 2032 MHz, 3996 MHz, 7 %, 0 %
2026/03/23 13:50:37.375, 1, 233.58 W, 30, 2032 MHz, 3996 MHz, 5 %, 0 %
2026/03/23 13:50:37.375, 2, 234.06 W, 27, 2032 MHz, 3996 MHz, 7 %, 0 %
2026/03/23 13:50:37.375, 3, 235.15 W, 30, 2032 MHz, 3996 MHz, 6 %, 0 %
2026/03/23 13:50:37.375, 4, 178.64 W, 25, 120 MHz, 3996 MHz, 0 %, 0 %
2026/03/23 13:50:37.376, 5, 180.58 W, 27, 120 MHz, 3996 MHz, 0 %, 0 %
2026/03/23 13:50:37.376, 6, 177.38 W, 26, 120 MHz, 3996 MHz, 0 %, 0 %
2026/03/23 13:50:37.376, 7, 176.58 W, 27, 120 MHz, 3996 MHz, 0 %, 0 %
2026/03/23 13:50:38.376, 0, 228.84 W, 27, 2032 MHz, 3996 MHz, 7 %, 0 %
2026/03/23 13:50:38.376, 1, 233.66 W, 30, 2032 MHz, 3996 MHz, 6 %, 0 %
2026/03/23 13:50:38.376, 2, 234.02 W, 27, 2032 MHz, 3996 MHz, 7 %, 0 %
2026/03/23 13:50:38.376, 3, 235.18 W, 30, 2032 MHz, 3996 MHz, 6 %, 0 %
2026/03/23 13:50:38.376, 4, 178.74 W, 25, 120 MHz, 3996 MHz, 0 %, 0 %
2026/03/23 13:50:38.376, 5, 180.58 W, 27, 120 MHz, 3996 MHz, 0 %, 0 %
2026/03/23 13:50:38.376, 6, 177.24 W, 26, 120 MHz, 3996 MHz, 0 %, 0 %
2026/03/23 13:50:38.376, 7, 176.58 W, 27, 120 MHz, 3996 MHz, 0 %, 0 %
2026/03/23 13:50:39.376, 0, 228.69 W, 27, 2032 MHz, 3996 MHz, 7 %, 0 %
2026/03/23 13:50:39.376, 1, 233.80 W, 30, 2032 MHz, 3996 MHz, 6 %, 0 %
2026/03/23 13:50:39.376, 2, 234.06 W, 27, 2032 MHz, 3996 MHz, 7 %, 0 %
2026/03/23 13:50:39.376, 3, 235.18 W, 30, 2032 MHz, 3996 MHz, 6 %, 0 %
2026/03/23 13:50:39.376, 4, 178.82 W, 25, 120 MHz, 3996 MHz, 0 %, 0 %
2026/03/23 13:50:39.376, 5, 180.58 W, 27, 120 MHz, 3996 MHz, 0 %, 0 %
2026/03/23 13:50:39.376, 6, 177.32 W, 26, 120 MHz, 3996 MHz, 0 %, 0 %
2026/03/23 13:50:39.376, 7, 176.58 W, 27, 120 MHz, 3996 MHz, 0 %, 0 %
2026/03/23 13:50:40.376, 0, 228.90 W, 27, 2032 MHz, 3996 MHz, 6 %, 0 %
2026/03/23 13:50:40.376, 1, 233.78 W, 30, 2032 MHz, 3996 MHz, 6 %, 0 %
2026/03/23 13:50:40.376, 2, 234.06 W, 27, 2032 MHz, 3996 MHz, 6 %, 0 %
2026/03/23 13:50:40.376, 3, 235.27 W, 30, 2032 MHz, 3996 MHz, 6 %, 0 %
2026/03/23 13:50:40.376, 4, 178.75 W, 25, 120 MHz, 3996 MHz, 0 %, 0 %
2026/03/23 13:50:40.376, 5, 180.58 W, 27, 120 MHz, 3996 MHz, 0 %, 0 %
2026/03/23 13:50:40.376, 6, 177.54 W, 26, 120 MHz, 3996 MHz, 0 %, 0 %
2026/03/23 13:50:40.376, 7, 176.58 W, 27, 120 MHz, 3996 MHz, 0 %, 0 %
2026/03/23 13:50:41.376, 0, 228.81 W, 27, 2032 MHz, 3996 MHz, 7 %, 0 %
2026/03/23 13:50:41.376, 1, 233.77 W, 30, 2032 MHz, 3996 MHz, 6 %, 0 %
2026/03/23 13:50:41.376, 2, 234.06 W, 27, 2032 MHz, 3996 MHz, 7 %, 0 %
2026/03/23 13:50:41.376, 3, 235.07 W, 30, 2032 MHz, 3996 MHz, 6 %, 0 %
2026/03/23 13:50:41.376, 4, 178.83 W, 25, 120 MHz, 3996 MHz, 0 %, 0 %
2026/03/23 13:50:41.376, 5, 180.58 W, 27, 120 MHz, 3996 MHz, 0 %, 0 %
2026/03/23 13:50:41.376, 6, 177.31 W, 26, 120 MHz, 3996 MHz, 0 %, 0 %
2026/03/23 13:50:41.376, 7, 176.58 W, 27, 120 MHz, 3996 MHz, 0 %, 0 %
2026/03/23 13:50:42.376, 0, 228.83 W, 27, 2032 MHz, 3996 MHz, 6 %, 0 %
2026/03/23 13:50:42.376, 1, 233.66 W, 30, 2032 MHz, 3996 MHz, 7 %, 0 %
2026/03/23 13:50:42.376, 2, 234.02 W, 27, 2032 MHz, 3996 MHz, 6 %, 0 %
2026/03/23 13:50:42.376, 3, 235.18 W, 30, 2032 MHz, 3996 MHz, 6 %, 0 %
2026/03/23 13:50:42.376, 4, 178.64 W, 25, 120 MHz, 3996 MHz, 0 %, 0 %
2026/03/23 13:50:42.376, 5, 180.58 W, 27, 120 MHz, 3996 MHz, 0 %, 0 %
2026/03/23 13:50:42.376, 6, 177.12 W, 26, 120 MHz, 3996 MHz, 0 %, 0 %
2026/03/23 13:50:42.376, 7, 176.58 W, 27, 120 MHz, 3996 MHz, 0 %, 0 %
2026/03/23 13:50:43.376, 0, 229.00 W, 27, 2032 MHz, 3996 MHz, 7 %, 0 %
2026/03/23 13:50:43.376, 1, 233.78 W, 30, 2032 MHz, 3996 MHz, 7 %, 0 %
2026/03/23 13:50:43.376, 2, 234.02 W, 27, 2032 MHz, 3996 MHz, 7 %, 0 %
2026/03/23 13:50:43.376, 3, 235.03 W, 30, 2032 MHz, 3996 MHz, 7 %, 0 %
2026/03/23 13:50:43.376, 4, 178.81 W, 25, 120 MHz, 3996 MHz, 0 %, 0 %
2026/03/23 13:50:43.376, 5, 180.58 W, 27, 120 MHz, 3996 MHz, 0 %, 0 %
2026/03/23 13:50:43.376, 6, 177.19 W, 26, 120 MHz, 3996 MHz, 0 %, 0 %
2026/03/23 13:50:43.376, 7, 176.58 W, 27, 120 MHz, 3996 MHz, 0 %, 0 %
2026/03/23 13:50:44.377, 0, 229.00 W, 27, 2032 MHz, 3996 MHz, 8 %, 0 %
2026/03/23 13:50:44.377, 1, 233.62 W, 30, 2032 MHz, 3996 MHz, 6 %, 0 %
2026/03/23 13:50:44.377, 2, 234.02 W, 27, 2032 MHz, 3996 MHz, 7 %, 0 %
2026/03/23 13:50:44.377, 3, 235.18 W, 30, 2032 MHz, 3996 MHz, 7 %, 0 %
2026/03/23 13:50:44.377, 4, 178.65 W, 25, 120 MHz, 3996 MHz, 0 %, 0 %
2026/03/23 13:50:44.377, 5, 180.58 W, 27, 120 MHz, 3996 MHz, 0 %, 0 %
2026/03/23 13:50:44.377, 6, 177.48 W, 26, 120 MHz, 3996 MHz, 0 %, 0 %
2026/03/23 13:50:44.377, 7, 176.58 W, 27, 120 MHz, 3996 MHz, 0 %, 0 %
2026/03/23 13:50:45.377, 0, 229.13 W, 27, 2032 MHz, 3996 MHz, 7 %, 0 %
2026/03/23 13:50:45.377, 1, 233.58 W, 30, 2032 MHz, 3996 MHz, 7 %, 0 %
2026/03/23 13:50:45.377, 2, 234.06 W, 27, 2032 MHz, 3996 MHz, 7 %, 0 %
2026/03/23 13:50:45.377, 3, 235.07 W, 30, 2032 MHz, 3996 MHz, 7 %, 0 %
2026/03/23 13:50:45.377, 4, 178.71 W, 25, 120 MHz, 3996 MHz, 0 %, 0 %
2026/03/23 13:50:45.377, 5, 180.58 W, 27, 120 MHz, 3996 MHz, 0 %, 0 %
2026/03/23 13:50:45.377, 6, 177.23 W, 26, 120 MHz, 3996 MHz, 0 %, 0 %
2026/03/23 13:50:45.377, 7, 176.58 W, 27, 120 MHz, 3996 MHz, 0 %, 0 %
2026/03/23 13:50:46.377, 0, 228.96 W, 27, 2032 MHz, 3996 MHz, 7 %, 0 %
2026/03/23 13:50:46.377, 1, 233.55 W, 30, 2032 MHz, 3996 MHz, 7 %, 0 %
2026/03/23 13:50:46.377, 2, 234.02 W, 27, 2032 MHz, 3996 MHz, 7 %, 0 %
2026/03/23 13:50:46.377, 3, 235.17 W, 30, 2032 MHz, 3996 MHz, 6 %, 0 %
2026/03/23 13:50:46.377, 4, 178.81 W, 25, 120 MHz, 3996 MHz, 0 %, 0 %
2026/03/23 13:50:46.377, 5, 180.58 W, 27, 120 MHz, 3996 MHz, 0 %, 0 %
2026/03/23 13:50:46.377, 6, 177.04 W, 26, 120 MHz, 3996 MHz, 0 %, 0 %
2026/03/23 13:50:46.377, 7, 176.58 W, 27, 120 MHz, 3996 MHz, 0 %, 0 %
2026/03/23 13:50:47.377, 0, 228.96 W, 27, 2032 MHz, 3996 MHz, 7 %, 0 %
2026/03/23 13:50:47.377, 1, 233.55 W, 30, 2032 MHz, 3996 MHz, 5 %, 0 %
2026/03/23 13:50:47.377, 2, 234.02 W, 27, 2032 MHz, 3996 MHz, 7 %, 0 %
2026/03/23 13:50:47.377, 3, 235.18 W, 30, 2032 MHz, 3996 MHz, 6 %, 0 %
2026/03/23 13:50:47.377, 4, 178.71 W, 25, 120 MHz, 3996 MHz, 0 %, 0 %
2026/03/23 13:50:47.377, 5, 180.58 W, 27, 120 MHz, 3996 MHz, 0 %, 0 %
2026/03/23 13:50:47.377, 6, 177.68 W, 26, 120 MHz, 3996 MHz, 0 %, 0 %
2026/03/23 13:50:47.377, 7, 176.58 W, 27, 120 MHz, 3996 MHz, 0 %, 0 %
2026/03/23 13:50:48.377, 0, 228.87 W, 27, 2032 MHz, 3996 MHz, 6 %, 0 %
2026/03/23 13:50:48.377, 1, 233.78 W, 30, 2032 MHz, 3996 MHz, 6 %, 0 %
2026/03/23 13:50:48.377, 2, 234.02 W, 27, 2032 MHz, 3996 MHz, 6 %, 0 %
2026/03/23 13:50:48.377, 3, 235.26 W, 30, 2032 MHz, 3996 MHz, 7 %, 0 %
2026/03/23 13:50:48.377, 4, 178.69 W, 25, 120 MHz, 3996 MHz, 0 %, 0 %
2026/03/23 13:50:48.377, 5, 180.58 W, 27, 120 MHz, 3996 MHz, 0 %, 0 %
2026/03/23 13:50:48.377, 6, 177.47 W, 26, 120 MHz, 3996 MHz, 0 %, 0 %
2026/03/23 13:50:48.377, 7, 176.58 W, 27, 120 MHz, 3996 MHz, 0 %, 0 %
2026/03/23 13:50:49.377, 0, 228.87 W, 27, 2032 MHz, 3996 MHz, 6 %, 0 %
2026/03/23 13:50:49.377, 1, 233.55 W, 30, 2032 MHz, 3996 MHz, 6 %, 0 %
2026/03/23 13:50:49.377, 2, 234.02 W, 27, 2032 MHz, 3996 MHz, 6 %, 0 %
2026/03/23 13:50:49.377, 3, 235.13 W, 30, 2032 MHz, 3996 MHz, 7 %, 0 %
2026/03/23 13:50:49.377, 4, 178.89 W, 25, 120 MHz, 3996 MHz, 0 %, 0 %
2026/03/23 13:50:49.377, 5, 180.58 W, 27, 120 MHz, 3996 MHz, 0 %, 0 %
2026/03/23 13:50:49.377, 6, 177.19 W, 26, 120 MHz, 3996 MHz, 0 %, 0 %
2026/03/23 13:50:49.377, 7, 176.58 W, 27, 120 MHz, 3996 MHz, 0 %, 0 %
2026/03/23 13:50:50.378, 0, 228.92 W, 27, 2032 MHz, 3996 MHz, 6 %, 0 %
2026/03/23 13:50:50.378, 1, 233.58 W, 30, 2032 MHz, 3996 MHz, 6 %, 0 %
2026/03/23 13:50:50.378, 2, 234.06 W, 27, 2032 MHz, 3996 MHz, 6 %, 0 %
2026/03/23 13:50:50.378, 3, 235.21 W, 30, 2032 MHz, 3996 MHz, 7 %, 0 %
2026/03/23 13:50:50.378, 4, 178.76 W, 25, 120 MHz, 3996 MHz, 0 %, 0 %
2026/03/23 13:50:50.378, 5, 180.58 W, 27, 120 MHz, 3996 MHz, 0 %, 0 %
2026/03/23 13:50:50.378, 6, 177.32 W, 26, 120 MHz, 3996 MHz, 0 %, 0 %
2026/03/23 13:50:50.378, 7, 176.58 W, 27, 120 MHz, 3996 MHz, 0 %, 0 %
2026/03/23 13:50:51.378, 0, 229.04 W, 27, 2032 MHz, 3996 MHz, 6 %, 0 %
2026/03/23 13:50:51.378, 1, 233.71 W, 30, 2032 MHz, 3996 MHz, 6 %, 0 %
2026/03/23 13:50:51.378, 2, 234.02 W, 27, 2032 MHz, 3996 MHz, 6 %, 0 %
2026/03/23 13:50:51.378, 3, 235.06 W, 30, 2032 MHz, 3996 MHz, 7 %, 0 %
2026/03/23 13:50:51.378, 4, 178.60 W, 25, 120 MHz, 3996 MHz, 0 %, 0 %
2026/03/23 13:50:51.378, 5, 180.58 W, 27, 120 MHz, 3996 MHz, 0 %, 0 %
2026/03/23 13:50:51.378, 6, 177.43 W, 26, 120 MHz, 3996 MHz, 0 %, 0 %
2026/03/23 13:50:51.378, 7, 176.58 W, 27, 120 MHz, 3996 MHz, 0 %, 0 %
2026/03/23 13:50:52.378, 0, 228.87 W, 27, 2032 MHz, 3996 MHz, 6 %, 0 %
2026/03/23 13:50:52.378, 1, 233.59 W, 30, 2032 MHz, 3996 MHz, 6 %, 0 %
2026/03/23 13:50:52.378, 2, 234.02 W, 27, 2032 MHz, 3996 MHz, 6 %, 0 %
2026/03/23 13:50:52.378, 3, 235.15 W, 30, 2032 MHz, 3996 MHz, 7 %, 0 %
2026/03/23 13:50:52.378, 4, 178.60 W, 25, 120 MHz, 3996 MHz, 0 %, 0 %
2026/03/23 13:50:52.378, 5, 180.58 W, 27, 120 MHz, 3996 MHz, 0 %, 0 %
2026/03/23 13:50:52.378, 6, 177.32 W, 26, 120 MHz, 3996 MHz, 0 %, 0 %
2026/03/23 13:50:52.378, 7, 176.58 W, 27, 120 MHz, 3996 MHz, 0 %, 0 %
2026/03/23 13:50:53.378, 0, 228.73 W, 27, 2032 MHz, 3996 MHz, 6 %, 0 %
2026/03/23 13:50:53.378, 1, 233.66 W, 30, 2032 MHz, 3996 MHz, 6 %, 0 %
2026/03/23 13:50:53.378, 2, 234.02 W, 27, 2032 MHz, 3996 MHz, 5 %, 0 %
2026/03/23 13:50:53.378, 3, 235.18 W, 30, 2032 MHz, 3996 MHz, 7 %, 0 %
2026/03/23 13:50:53.378, 4, 178.74 W, 25, 120 MHz, 3996 MHz, 0 %, 0 %
2026/03/23 13:50:53.378, 5, 180.58 W, 27, 120 MHz, 3996 MHz, 0 %, 0 %
2026/03/23 13:50:53.378, 6, 177.34 W, 26, 120 MHz, 3996 MHz, 0 %, 0 %
2026/03/23 13:50:53.378, 7, 176.58 W, 27, 120 MHz, 3996 MHz, 0 %, 0 %
2026/03/23 13:50:54.378, 0, 228.79 W, 27, 2032 MHz, 3996 MHz, 6 %, 0 %
2026/03/23 13:50:54.378, 1, 233.51 W, 30, 2032 MHz, 3996 MHz, 6 %, 0 %
2026/03/23 13:50:54.378, 2, 234.02 W, 27, 2032 MHz, 3996 MHz, 6 %, 0 %
2026/03/23 13:50:54.378, 3, 235.21 W, 30, 2032 MHz, 3996 MHz, 7 %, 0 %
2026/03/23 13:50:54.378, 4, 178.79 W, 25, 120 MHz, 3996 MHz, 0 %, 0 %
2026/03/23 13:50:54.378, 5, 180.58 W, 27, 120 MHz, 3996 MHz, 0 %, 0 %
2026/03/23 13:50:54.378, 6, 177.36 W, 26, 120 MHz, 3996 MHz, 0 %, 0 %
2026/03/23 13:50:54.378, 7, 176.58 W, 27, 120 MHz, 3996 MHz, 0 %, 0 %
2026/03/23 13:50:55.379, 0, 229.05 W, 27, 2032 MHz, 3996 MHz, 6 %, 0 %
2026/03/23 13:50:55.379, 1, 233.59 W, 30, 2032 MHz, 3996 MHz, 6 %, 0 %
2026/03/23 13:50:55.379, 2, 234.02 W, 27, 2032 MHz, 3996 MHz, 6 %, 0 %
2026/03/23 13:50:55.379, 3, 235.14 W, 30, 2032 MHz, 3996 MHz, 7 %, 0 %
2026/03/23 13:50:55.379, 4, 178.72 W, 25, 120 MHz, 3996 MHz, 0 %, 0 %
2026/03/23 13:50:55.379, 5, 180.58 W, 27, 120 MHz, 3996 MHz, 0 %, 0 %
2026/03/23 13:50:55.379, 6, 177.38 W, 26, 120 MHz, 3996 MHz, 0 %, 0 %
2026/03/23 13:50:55.379, 7, 176.58 W, 27, 120 MHz, 3996 MHz, 0 %, 0 %
2026/03/23 13:50:56.379, 0, 228.80 W, 27, 2032 MHz, 3996 MHz, 6 %, 0 %
2026/03/23 13:50:56.379, 1, 233.43 W, 30, 2032 MHz, 3996 MHz, 7 %, 0 %
2026/03/23 13:50:56.379, 2, 234.02 W, 27, 2032 MHz, 3996 MHz, 6 %, 0 %
2026/03/23 13:50:56.379, 3, 235.18 W, 30, 2032 MHz, 3996 MHz, 7 %, 0 %
2026/03/23 13:50:56.379, 4, 178.71 W, 25, 120 MHz, 3996 MHz, 0 %, 0 %
2026/03/23 13:50:56.379, 5, 180.58 W, 27, 120 MHz, 3996 MHz, 0 %, 0 %
2026/03/23 13:50:56.379, 6, 177.59 W, 26, 120 MHz, 3996 MHz, 0 %, 0 %
2026/03/23 13:50:56.379, 7, 176.58 W, 27, 120 MHz, 3996 MHz, 0 %, 0 %
2026/03/23 13:50:57.379, 0, 229.15 W, 27, 2032 MHz, 3996 MHz, 6 %, 0 %
2026/03/23 13:50:57.379, 1, 233.66 W, 30, 2032 MHz, 3996 MHz, 7 %, 0 %
2026/03/23 13:50:57.379, 2, 234.02 W, 27, 2032 MHz, 3996 MHz, 6 %, 0 %
2026/03/23 13:50:57.379, 3, 234.99 W, 30, 2032 MHz, 3996 MHz, 7 %, 0 %
2026/03/23 13:50:57.379, 4, 178.71 W, 25, 120 MHz, 3996 MHz, 0 %, 0 %
2026/03/23 13:50:57.379, 5, 180.58 W, 27, 120 MHz, 3996 MHz, 0 %, 0 %
2026/03/23 13:50:57.379, 6, 177.51 W, 26, 120 MHz, 3996 MHz, 0 %, 0 %
2026/03/23 13:50:57.379, 7, 176.58 W, 27, 120 MHz, 3996 MHz, 0 %, 0 %
2026/03/23 13:50:58.379, 0, 229.13 W, 27, 2032 MHz, 3996 MHz, 6 %, 0 %
2026/03/23 13:50:58.379, 1, 233.58 W, 30, 2032 MHz, 3996 MHz, 7 %, 0 %
2026/03/23 13:50:58.379, 2, 234.02 W, 27, 2032 MHz, 3996 MHz, 6 %, 0 %
2026/03/23 13:50:58.379, 3, 235.07 W, 30, 2032 MHz, 3996 MHz, 7 %, 0 %
2026/03/23 13:50:58.379, 4, 178.87 W, 25, 120 MHz, 3996 MHz, 0 %, 0 %
2026/03/23 13:50:58.379, 5, 180.58 W, 27, 120 MHz, 3996 MHz, 0 %, 0 %
2026/03/23 13:50:58.379, 6, 177.69 W, 26, 120 MHz, 3996 MHz, 0 %, 0 %
2026/03/23 13:50:58.379, 7, 176.58 W, 27, 120 MHz, 3996 MHz, 0 %, 0 %
2026/03/23 13:50:59.379, 0, 229.17 W, 27, 2032 MHz, 3996 MHz, 6 %, 0 %
2026/03/23 13:50:59.379, 1, 233.54 W, 30, 2032 MHz, 3996 MHz, 7 %, 0 %
2026/03/23 13:50:59.379, 2, 234.02 W, 27, 2032 MHz, 3996 MHz, 6 %, 0 %
2026/03/23 13:50:59.379, 3, 235.10 W, 30, 2032 MHz, 3996 MHz, 7 %, 0 %
2026/03/23 13:50:59.379, 4, 178.86 W, 25, 120 MHz, 3996 MHz, 0 %, 0 %
2026/03/23 13:50:59.379, 5, 180.58 W, 27, 120 MHz, 3996 MHz, 0 %, 0 %
2026/03/23 13:50:59.379, 6, 177.47 W, 26, 120 MHz, 3996 MHz, 0 %, 0 %
2026/03/23 13:50:59.379, 7, 176.58 W, 27, 120 MHz, 3996 MHz, 0 %, 0 %
2026/03/23 13:51:00.379, 0, 228.96 W, 27, 2032 MHz, 3996 MHz, 7 %, 0 %
2026/03/23 13:51:00.379, 1, 233.43 W, 30, 2032 MHz, 3996 MHz, 7 %, 0 %
2026/03/23 13:51:00.379, 2, 234.02 W, 27, 2032 MHz, 3996 MHz, 7 %, 0 %
2026/03/23 13:51:00.379, 3, 235.11 W, 30, 2032 MHz, 3996 MHz, 7 %, 0 %
2026/03/23 13:51:00.379, 4, 178.76 W, 25, 120 MHz, 3996 MHz, 0 %, 0 %
2026/03/23 13:51:00.379, 5, 180.58 W, 27, 120 MHz, 3996 MHz, 0 %, 0 %
2026/03/23 13:51:00.379, 6, 177.27 W, 26, 120 MHz, 3996 MHz, 0 %, 0 %
2026/03/23 13:51:00.379, 7, 176.58 W, 27, 120 MHz, 3996 MHz, 0 %, 0 %
2026/03/23 13:51:01.379, 0, 228.68 W, 27, 2032 MHz, 3996 MHz, 7 %, 0 %
2026/03/23 13:51:01.379, 1, 233.55 W, 30, 2032 MHz, 3996 MHz, 7 %, 0 %
2026/03/23 13:51:01.379, 2, 234.06 W, 27, 2032 MHz, 3996 MHz, 6 %, 0 %
2026/03/23 13:51:01.379, 3, 234.69 W, 30, 2032 MHz, 3996 MHz, 7 %, 0 %
2026/03/23 13:51:01.379, 4, 178.71 W, 25, 120 MHz, 3996 MHz, 0 %, 0 %
2026/03/23 13:51:01.379, 5, 180.58 W, 27, 120 MHz, 3996 MHz, 0 %, 0 %
2026/03/23 13:51:01.379, 6, 177.31 W, 26, 120 MHz, 3996 MHz, 0 %, 0 %
2026/03/23 13:51:01.379, 7, 176.58 W, 27, 120 MHz, 3996 MHz, 0 %, 0 %
2026/03/23 13:51:02.380, 0, 229.15 W, 27, 2032 MHz, 3996 MHz, 7 %, 0 %
2026/03/23 13:51:02.380, 1, 233.39 W, 29, 2032 MHz, 3996 MHz, 6 %, 0 %
2026/03/23 13:51:02.380, 2, 234.10 W, 27, 2032 MHz, 3996 MHz, 6 %, 0 %
2026/03/23 13:51:02.380, 3, 234.99 W, 30, 2032 MHz, 3996 MHz, 7 %, 0 %
2026/03/23 13:51:02.380, 4, 178.64 W, 25, 120 MHz, 3996 MHz, 0 %, 0 %
2026/03/23 13:51:02.380, 5, 180.58 W, 27, 120 MHz, 3996 MHz, 0 %, 0 %
2026/03/23 13:51:02.380, 6, 177.35 W, 26, 120 MHz, 3996 MHz, 0 %, 0 %
2026/03/23 13:51:02.380, 7, 176.58 W, 27, 120 MHz, 3996 MHz, 0 %, 0 %
2026/03/23 13:51:03.380, 0, 228.76 W, 27, 2032 MHz, 3996 MHz, 7 %, 0 %
2026/03/23 13:51:03.380, 1, 233.35 W, 29, 2032 MHz, 3996 MHz, 6 %, 0 %
2026/03/23 13:51:03.380, 2, 234.02 W, 27, 2032 MHz, 3996 MHz, 7 %, 0 %
2026/03/23 13:51:03.380, 3, 234.99 W, 30, 2032 MHz, 3996 MHz, 6 %, 0 %
2026/03/23 13:51:03.380, 4, 178.81 W, 25, 120 MHz, 3996 MHz, 0 %, 0 %
2026/03/23 13:51:03.380, 5, 180.58 W, 27, 120 MHz, 3996 MHz, 0 %, 0 %
2026/03/23 13:51:03.380, 6, 177.19 W, 26, 120 MHz, 3996 MHz, 0 %, 0 %
2026/03/23 13:51:03.380, 7, 176.58 W, 27, 120 MHz, 3996 MHz, 0 %, 0 %
2026/03/23 13:51:04.380, 0, 228.80 W, 27, 2032 MHz, 3996 MHz, 6 %, 0 %
2026/03/23 13:51:04.380, 1, 233.46 W, 29, 2032 MHz, 3996 MHz, 5 %, 0 %
2026/03/23 13:51:04.380, 2, 234.02 W, 27, 2032 MHz, 3996 MHz, 7 %, 0 %
2026/03/23 13:51:04.380, 3, 234.84 W, 30, 2032 MHz, 3996 MHz, 6 %, 0 %
2026/03/23 13:51:04.380, 4, 178.95 W, 25, 120 MHz, 3996 MHz, 0 %, 0 %
2026/03/23 13:51:04.380, 5, 180.58 W, 27, 120 MHz, 3996 MHz, 0 %, 0 %
2026/03/23 13:51:04.380, 6, 177.12 W, 26, 120 MHz, 3996 MHz, 0 %, 0 %
2026/03/23 13:51:04.380, 7, 176.58 W, 27, 120 MHz, 3996 MHz, 0 %, 0 %
2026/03/23 13:51:05.380, 0, 228.53 W, 27, 2032 MHz, 3996 MHz, 0 %, 0 %
2026/03/23 13:51:05.380, 1, 233.46 W, 29, 2032 MHz, 3996 MHz, 6 %, 0 %
2026/03/23 13:51:05.380, 2, 234.18 W, 27, 2032 MHz, 3996 MHz, 0 %, 0 %
2026/03/23 13:51:05.380, 3, 233.51 W, 30, 2032 MHz, 3996 MHz, 0 %, 0 %
2026/03/23 13:51:05.380, 4, 178.68 W, 25, 120 MHz, 3996 MHz, 0 %, 0 %
2026/03/23 13:51:05.380, 5, 180.58 W, 27, 120 MHz, 3996 MHz, 0 %, 0 %
2026/03/23 13:51:05.380, 6, 177.36 W, 26, 120 MHz, 3996 MHz, 0 %, 0 %
2026/03/23 13:51:05.380, 7, 176.58 W, 27, 120 MHz, 3996 MHz, 0 %, 0 %
2026/03/23 13:51:06.380, 0, 228.07 W, 27, 2032 MHz, 3996 MHz, 0 %, 0 %
2026/03/23 13:51:06.380, 1, 233.50 W, 29, 2032 MHz, 3996 MHz, 6 %, 0 %
2026/03/23 13:51:06.380, 2, 233.99 W, 27, 2032 MHz, 3996 MHz, 0 %, 0 %
2026/03/23 13:51:06.380, 3, 233.43 W, 30, 2032 MHz, 3996 MHz, 0 %, 0 %
2026/03/23 13:51:06.380, 4, 178.62 W, 25, 120 MHz, 3996 MHz, 0 %, 0 %
2026/03/23 13:51:06.380, 5, 180.58 W, 27, 120 MHz, 3996 MHz, 0 %, 0 %
2026/03/23 13:51:06.380, 6, 177.43 W, 26, 120 MHz, 3996 MHz, 0 %, 0 %
2026/03/23 13:51:06.380, 7, 176.58 W, 27, 120 MHz, 3996 MHz, 0 %, 0 %
2026/03/23 13:51:07.380, 0, 228.07 W, 27, 2032 MHz, 3996 MHz, 0 %, 0 %
2026/03/23 13:51:07.380, 1, 233.42 W, 29, 2032 MHz, 3996 MHz, 6 %, 0 %
2026/03/23 13:51:07.380, 2, 234.02 W, 27, 2032 MHz, 3996 MHz, 0 %, 0 %
2026/03/23 13:51:07.380, 3, 233.39 W, 30, 2032 MHz, 3996 MHz, 0 %, 0 %
2026/03/23 13:51:07.380, 4, 178.59 W, 25, 120 MHz, 3996 MHz, 0 %, 0 %
2026/03/23 13:51:07.380, 5, 180.58 W, 27, 120 MHz, 3996 MHz, 0 %, 0 %
2026/03/23 13:51:07.380, 6, 177.34 W, 26, 120 MHz, 3996 MHz, 0 %, 0 %
2026/03/23 13:51:07.380, 7, 176.58 W, 27, 120 MHz, 3996 MHz, 0 %, 0 %
2026/03/23 13:51:08.380, 0, 228.07 W, 27, 2032 MHz, 3996 MHz, 0 %, 0 %
2026/03/23 13:51:08.380, 1, 233.43 W, 29, 2032 MHz, 3996 MHz, 6 %, 0 %
2026/03/23 13:51:08.380, 2, 233.99 W, 27, 2032 MHz, 3996 MHz, 0 %, 0 %
2026/03/23 13:51:08.380, 3, 233.46 W, 30, 2032 MHz, 3996 MHz, 0 %, 0 %
2026/03/23 13:51:08.381, 4, 178.69 W, 25, 120 MHz, 3996 MHz, 0 %, 0 %
2026/03/23 13:51:08.381, 5, 180.58 W, 27, 120 MHz, 3996 MHz, 0 %, 0 %
2026/03/23 13:51:08.381, 6, 177.54 W, 26, 120 MHz, 3996 MHz, 0 %, 0 %
2026/03/23 13:51:08.381, 7, 176.58 W, 27, 120 MHz, 3996 MHz, 0 %, 0 %
2026/03/23 13:51:09.381, 0, 228.07 W, 27, 2032 MHz, 3996 MHz, 0 %, 0 %
2026/03/23 13:51:09.381, 1, 233.51 W, 29, 2032 MHz, 3996 MHz, 0 %, 0 %
2026/03/23 13:51:09.381, 2, 233.99 W, 27, 2032 MHz, 3996 MHz, 0 %, 0 %
2026/03/23 13:51:09.381, 3, 233.35 W, 30, 2032 MHz, 3996 MHz, 0 %, 0 %
2026/03/23 13:51:09.381, 4, 178.89 W, 25, 120 MHz, 3996 MHz, 0 %, 0 %
2026/03/23 13:51:09.381, 5, 180.58 W, 27, 120 MHz, 3996 MHz, 0 %, 0 %
2026/03/23 13:51:09.381, 6, 177.54 W, 26, 120 MHz, 3996 MHz, 0 %, 0 %
2026/03/23 13:51:09.381, 7, 176.58 W, 27, 120 MHz, 3996 MHz, 0 %, 0 %
2026/03/23 13:51:10.381, 0, 228.07 W, 27, 2032 MHz, 3996 MHz, 0 %, 0 %
2026/03/23 13:51:10.381, 1, 233.31 W, 29, 2032 MHz, 3996 MHz, 0 %, 0 %
2026/03/23 13:51:10.381, 2, 233.91 W, 27, 2032 MHz, 3996 MHz, 0 %, 0 %
2026/03/23 13:51:10.381, 3, 235.80 W, 30, 2032 MHz, 3996 MHz, 6 %, 0 %
2026/03/23 13:51:10.381, 4, 178.80 W, 25, 120 MHz, 3996 MHz, 0 %, 0 %
2026/03/23 13:51:10.381, 5, 180.58 W, 27, 120 MHz, 3996 MHz, 0 %, 0 %
2026/03/23 13:51:10.381, 6, 177.11 W, 26, 120 MHz, 3996 MHz, 0 %, 0 %
2026/03/23 13:51:10.381, 7, 176.58 W, 27, 120 MHz, 3996 MHz, 0 %, 0 %
2026/03/23 13:51:11.381, 0, 260.27 W, 28, 2032 MHz, 3996 MHz, 19 %, 2 %
2026/03/23 13:51:11.381, 1, 250.09 W, 30, 2032 MHz, 3996 MHz, 32 %, 3 %
2026/03/23 13:51:11.381, 2, 271.87 W, 28, 2032 MHz, 3996 MHz, 31 %, 3 %
2026/03/23 13:51:11.381, 3, 276.46 W, 30, 2032 MHz, 3996 MHz, 30 %, 3 %
2026/03/23 13:51:11.381, 4, 178.86 W, 25, 120 MHz, 3996 MHz, 0 %, 0 %
2026/03/23 13:51:11.381, 5, 180.58 W, 27, 120 MHz, 3996 MHz, 0 %, 0 %
2026/03/23 13:51:11.381, 6, 177.39 W, 26, 120 MHz, 3996 MHz, 0 %, 0 %
2026/03/23 13:51:11.381, 7, 176.58 W, 27, 120 MHz, 3996 MHz, 0 %, 0 %
2026/03/23 13:51:12.381, 0, 274.62 W, 28, 2032 MHz, 3996 MHz, 22 %, 2 %
2026/03/23 13:51:12.381, 1, 280.17 W, 30, 2032 MHz, 3996 MHz, 32 %, 3 %
2026/03/23 13:51:12.381, 2, 280.54 W, 28, 2032 MHz, 3996 MHz, 31 %, 3 %
2026/03/23 13:51:12.381, 3, 280.26 W, 30, 2032 MHz, 3996 MHz, 30 %, 3 %
2026/03/23 13:51:12.381, 4, 178.84 W, 25, 120 MHz, 3996 MHz, 0 %, 0 %
2026/03/23 13:51:12.381, 5, 180.58 W, 27, 120 MHz, 3996 MHz, 0 %, 0 %
2026/03/23 13:51:12.381, 6, 177.33 W, 26, 120 MHz, 3996 MHz, 0 %, 0 %
2026/03/23 13:51:12.381, 7, 176.58 W, 27, 120 MHz, 3996 MHz, 0 %, 0 %
2026/03/23 13:51:13.381, 0, 274.58 W, 28, 2032 MHz, 3996 MHz, 25 %, 3 %
2026/03/23 13:51:13.381, 1, 279.69 W, 30, 2032 MHz, 3996 MHz, 30 %, 3 %
2026/03/23 13:51:13.381, 2, 280.61 W, 28, 2032 MHz, 3996 MHz, 31 %, 3 %
2026/03/23 13:51:13.381, 3, 282.63 W, 30, 2032 MHz, 3996 MHz, 30 %, 3 %
2026/03/23 13:51:13.381, 4, 178.66 W, 25, 120 MHz, 3996 MHz, 0 %, 0 %
2026/03/23 13:51:13.381, 5, 180.58 W, 27, 120 MHz, 3996 MHz, 0 %, 0 %
2026/03/23 13:51:13.381, 6, 177.26 W, 26, 120 MHz, 3996 MHz, 0 %, 0 %
2026/03/23 13:51:13.381, 7, 176.58 W, 27, 120 MHz, 3996 MHz, 0 %, 0 %
2026/03/23 13:51:14.381, 0, 273.64 W, 28, 2032 MHz, 3996 MHz, 28 %, 3 %
2026/03/23 13:51:14.381, 1, 279.70 W, 30, 2032 MHz, 3996 MHz, 25 %, 2 %
2026/03/23 13:51:14.381, 2, 280.75 W, 28, 2032 MHz, 3996 MHz, 33 %, 4 %
2026/03/23 13:51:14.381, 3, 278.64 W, 30, 2032 MHz, 3996 MHz, 30 %, 3 %
2026/03/23 13:51:14.381, 4, 178.75 W, 25, 120 MHz, 3996 MHz, 0 %, 0 %
2026/03/23 13:51:14.381, 5, 180.58 W, 27, 120 MHz, 3996 MHz, 0 %, 0 %
2026/03/23 13:51:14.381, 6, 177.47 W, 26, 120 MHz, 3996 MHz, 0 %, 0 %
2026/03/23 13:51:14.381, 7, 176.58 W, 27, 120 MHz, 3996 MHz, 0 %, 0 %
2026/03/23 13:51:15.382, 0, 256.93 W, 28, 2032 MHz, 3996 MHz, 3 %, 1 %
2026/03/23 13:51:15.382, 1, 276.72 W, 30, 2032 MHz, 3996 MHz, 13 %, 1 %
2026/03/23 13:51:15.382, 2, 255.38 W, 27, 2032 MHz, 3996 MHz, 3 %, 1 %
2026/03/23 13:51:15.382, 3, 251.04 W, 30, 2032 MHz, 3996 MHz, 0 %, 0 %
2026/03/23 13:51:15.382, 4, 179.03 W, 25, 120 MHz, 3996 MHz, 0 %, 0 %
2026/03/23 13:51:15.382, 5, 180.58 W, 27, 120 MHz, 3996 MHz, 0 %, 0 %
2026/03/23 13:51:15.382, 6, 177.36 W, 26, 120 MHz, 3996 MHz, 0 %, 0 %
2026/03/23 13:51:15.382, 7, 176.58 W, 27, 120 MHz, 3996 MHz, 0 %, 0 %
2026/03/23 13:51:16.382, 0, 229.12 W, 27, 2032 MHz, 3996 MHz, 1 %, 0 %
2026/03/23 13:51:16.382, 1, 234.99 W, 30, 2032 MHz, 3996 MHz, 0 %, 0 %
2026/03/23 13:51:16.382, 2, 234.48 W, 27, 2032 MHz, 3996 MHz, 1 %, 0 %
2026/03/23 13:51:16.382, 3, 234.80 W, 30, 2032 MHz, 3996 MHz, 1 %, 0 %
2026/03/23 13:51:16.382, 4, 178.79 W, 25, 120 MHz, 3996 MHz, 0 %, 0 %
2026/03/23 13:51:16.382, 5, 180.58 W, 27, 120 MHz, 3996 MHz, 0 %, 0 %
2026/03/23 13:51:16.382, 6, 177.26 W, 26, 120 MHz, 3996 MHz, 0 %, 0 %
2026/03/23 13:51:16.382, 7, 176.58 W, 27, 120 MHz, 3996 MHz, 0 %, 0 %
2026/03/23 13:51:17.382, 0, 228.26 W, 27, 2032 MHz, 3996 MHz, 0 %, 0 %
2026/03/23 13:51:17.382, 1, 233.32 W, 30, 2032 MHz, 3996 MHz, 0 %, 0 %
2026/03/23 13:51:17.382, 2, 234.02 W, 27, 2032 MHz, 3996 MHz, 0 %, 0 %
2026/03/23 13:51:17.382, 3, 234.00 W, 30, 2032 MHz, 3996 MHz, 0 %, 0 %
2026/03/23 13:51:17.382, 4, 178.79 W, 25, 120 MHz, 3996 MHz, 0 %, 0 %
2026/03/23 13:51:17.382, 5, 180.58 W, 27, 120 MHz, 3996 MHz, 0 %, 0 %
2026/03/23 13:51:17.382, 6, 177.37 W, 26, 120 MHz, 3996 MHz, 0 %, 0 %
2026/03/23 13:51:17.382, 7, 176.58 W, 27, 120 MHz, 3996 MHz, 0 %, 0 %
2026/03/23 13:51:18.382, 0, 228.30 W, 27, 2032 MHz, 3996 MHz, 0 %, 0 %
2026/03/23 13:51:18.382, 1, 233.31 W, 30, 2032 MHz, 3996 MHz, 0 %, 0 %
2026/03/23 13:51:18.382, 2, 234.02 W, 27, 2032 MHz, 3996 MHz, 0 %, 0 %
2026/03/23 13:51:18.382, 3, 233.82 W, 30, 2032 MHz, 3996 MHz, 0 %, 0 %
2026/03/23 13:51:18.382, 4, 178.67 W, 25, 120 MHz, 3996 MHz, 0 %, 0 %
2026/03/23 13:51:18.382, 5, 180.58 W, 27, 120 MHz, 3996 MHz, 0 %, 0 %
2026/03/23 13:51:18.382, 6, 177.32 W, 26, 120 MHz, 3996 MHz, 0 %, 0 %
2026/03/23 13:51:18.382, 7, 176.58 W, 27, 120 MHz, 3996 MHz, 0 %, 0 %
2026/03/23 13:51:19.382, 0, 228.22 W, 27, 2032 MHz, 3996 MHz, 0 %, 0 %
2026/03/23 13:51:19.382, 1, 233.32 W, 29, 2032 MHz, 3996 MHz, 0 %, 0 %
2026/03/23 13:51:19.382, 2, 234.02 W, 27, 2032 MHz, 3996 MHz, 0 %, 0 %
2026/03/23 13:51:19.382, 3, 233.58 W, 30, 2032 MHz, 3996 MHz, 0 %, 0 %
2026/03/23 13:51:19.382, 4, 178.74 W, 25, 120 MHz, 3996 MHz, 0 %, 0 %
2026/03/23 13:51:19.382, 5, 180.58 W, 27, 120 MHz, 3996 MHz, 0 %, 0 %
2026/03/23 13:51:19.382, 6, 177.18 W, 26, 120 MHz, 3996 MHz, 0 %, 0 %
2026/03/23 13:51:19.382, 7, 176.58 W, 27, 120 MHz, 3996 MHz, 0 %, 0 %
2026/03/23 13:51:20.382, 0, 228.07 W, 27, 2032 MHz, 3996 MHz, 0 %, 0 %
2026/03/23 13:51:20.382, 1, 233.31 W, 29, 2032 MHz, 3996 MHz, 0 %, 0 %
2026/03/23 13:51:20.382, 2, 234.02 W, 27, 2032 MHz, 3996 MHz, 0 %, 0 %
2026/03/23 13:51:20.382, 3, 233.71 W, 30, 2032 MHz, 3996 MHz, 0 %, 0 %
2026/03/23 13:51:20.382, 4, 178.59 W, 25, 120 MHz, 3996 MHz, 0 %, 0 %
2026/03/23 13:51:20.382, 5, 180.58 W, 27, 120 MHz, 3996 MHz, 0 %, 0 %
2026/03/23 13:51:20.382, 6, 177.36 W, 26, 120 MHz, 3996 MHz, 0 %, 0 %
2026/03/23 13:51:20.382, 7, 176.58 W, 27, 120 MHz, 3996 MHz, 0 %, 0 %
2026/03/23 13:51:21.383, 0, 242.10 W, 27, 2032 MHz, 3996 MHz, 0 %, 0 %
2026/03/23 13:51:21.383, 1, 247.47 W, 30, 2032 MHz, 3996 MHz, 0 %, 0 %
2026/03/23 13:51:21.383, 2, 248.08 W, 27, 2032 MHz, 3996 MHz, 0 %, 0 %
2026/03/23 13:51:21.383, 3, 247.15 W, 30, 2032 MHz, 3996 MHz, 0 %, 0 %
2026/03/23 13:51:21.383, 4, 178.84 W, 25, 120 MHz, 3996 MHz, 0 %, 0 %
2026/03/23 13:51:21.383, 5, 180.58 W, 27, 120 MHz, 3996 MHz, 0 %, 0 %
2026/03/23 13:51:21.383, 6, 177.35 W, 26, 120 MHz, 3996 MHz, 0 %, 0 %
2026/03/23 13:51:21.383, 7, 176.58 W, 27, 120 MHz, 3996 MHz, 0 %, 0 %
2026/03/23 13:51:22.383, 0, 228.49 W, 27, 2032 MHz, 3996 MHz, 0 %, 0 %
2026/03/23 13:51:22.383, 1, 233.31 W, 29, 2032 MHz, 3996 MHz, 0 %, 0 %
2026/03/23 13:51:22.383, 2, 234.02 W, 27, 2032 MHz, 3996 MHz, 0 %, 0 %
2026/03/23 13:51:22.383, 3, 234.88 W, 30, 2032 MHz, 3996 MHz, 0 %, 0 %
2026/03/23 13:51:22.383, 4, 178.68 W, 25, 120 MHz, 3996 MHz, 0 %, 0 %
2026/03/23 13:51:22.383, 5, 180.58 W, 27, 120 MHz, 3996 MHz, 0 %, 0 %
2026/03/23 13:51:22.383, 6, 177.23 W, 26, 120 MHz, 3996 MHz, 0 %, 0 %
2026/03/23 13:51:22.383, 7, 176.58 W, 27, 120 MHz, 3996 MHz, 0 %, 0 %
2026/03/23 13:51:23.383, 0, 228.68 W, 27, 2032 MHz, 3996 MHz, 0 %, 0 %
2026/03/23 13:51:23.383, 1, 233.30 W, 29, 2032 MHz, 3996 MHz, 0 %, 0 %
2026/03/23 13:51:23.383, 2, 234.02 W, 27, 2032 MHz, 3996 MHz, 0 %, 0 %
2026/03/23 13:51:23.383, 3, 234.84 W, 30, 2032 MHz, 3996 MHz, 0 %, 0 %
2026/03/23 13:51:23.383, 4, 178.78 W, 25, 120 MHz, 3996 MHz, 0 %, 0 %
2026/03/23 13:51:23.383, 5, 180.58 W, 27, 120 MHz, 3996 MHz, 0 %, 0 %
2026/03/23 13:51:23.383, 6, 177.35 W, 26, 120 MHz, 3996 MHz, 0 %, 0 %
2026/03/23 13:51:23.383, 7, 176.58 W, 27, 120 MHz, 3996 MHz, 0 %, 0 %
2026/03/23 13:51:24.383, 0, 228.46 W, 27, 2032 MHz, 3996 MHz, 0 %, 0 %
2026/03/23 13:51:24.383, 1, 233.32 W, 29, 2032 MHz, 3996 MHz, 0 %, 0 %
2026/03/23 13:51:24.383, 2, 234.02 W, 27, 2032 MHz, 3996 MHz, 0 %, 0 %
2026/03/23 13:51:24.383, 3, 234.42 W, 30, 2032 MHz, 3996 MHz, 0 %, 0 %
2026/03/23 13:51:24.383, 4, 178.83 W, 25, 120 MHz, 3996 MHz, 0 %, 0 %
2026/03/23 13:51:24.383, 5, 180.58 W, 27, 120 MHz, 3996 MHz, 0 %, 0 %
2026/03/23 13:51:24.383, 6, 177.01 W, 26, 120 MHz, 3996 MHz, 0 %, 0 %
2026/03/23 13:51:24.383, 7, 176.58 W, 27, 120 MHz, 3996 MHz, 0 %, 0 %
2026/03/23 13:51:25.383, 0, 228.68 W, 27, 2032 MHz, 3996 MHz, 0 %, 0 %
2026/03/23 13:51:25.383, 1, 233.37 W, 29, 2032 MHz, 3996 MHz, 0 %, 0 %
2026/03/23 13:51:25.383, 2, 234.06 W, 27, 2032 MHz, 3996 MHz, 0 %, 0 %
2026/03/23 13:51:25.383, 3, 234.43 W, 30, 2032 MHz, 3996 MHz, 0 %, 0 %
2026/03/23 13:51:25.383, 4, 178.67 W, 25, 120 MHz, 3996 MHz, 0 %, 0 %
2026/03/23 13:51:25.383, 5, 180.58 W, 27, 120 MHz, 3996 MHz, 0 %, 0 %
2026/03/23 13:51:25.383, 6, 177.38 W, 26, 120 MHz, 3996 MHz, 0 %, 0 %
2026/03/23 13:51:25.383, 7, 176.58 W, 27, 120 MHz, 3996 MHz, 0 %, 0 %
2026/03/23 13:51:26.383, 0, 228.49 W, 27, 2032 MHz, 3996 MHz, 0 %, 0 %
2026/03/23 13:51:26.383, 1, 233.34 W, 29, 2032 MHz, 3996 MHz, 0 %, 0 %
2026/03/23 13:51:26.383, 2, 234.06 W, 27, 2032 MHz, 3996 MHz, 0 %, 0 %
2026/03/23 13:51:26.383, 3, 234.13 W, 30, 2032 MHz, 3996 MHz, 0 %, 0 %
2026/03/23 13:51:26.383, 4, 178.74 W, 25, 120 MHz, 3996 MHz, 0 %, 0 %
2026/03/23 13:51:26.383, 5, 180.58 W, 27, 120 MHz, 3996 MHz, 0 %, 0 %
2026/03/23 13:51:26.383, 6, 177.19 W, 26, 120 MHz, 3996 MHz, 0 %, 0 %
2026/03/23 13:51:26.383, 7, 176.58 W, 27, 120 MHz, 3996 MHz, 0 %, 0 %
2026/03/23 13:51:27.384, 0, 228.56 W, 27, 2032 MHz, 3996 MHz, 0 %, 0 %
2026/03/23 13:51:27.384, 1, 233.30 W, 29, 2032 MHz, 3996 MHz, 0 %, 0 %
2026/03/23 13:51:27.384, 2, 234.02 W, 27, 2032 MHz, 3996 MHz, 0 %, 0 %
2026/03/23 13:51:27.384, 3, 234.29 W, 30, 2032 MHz, 3996 MHz, 0 %, 0 %
2026/03/23 13:51:27.384, 4, 178.63 W, 25, 120 MHz, 3996 MHz, 0 %, 0 %
2026/03/23 13:51:27.384, 5, 180.58 W, 27, 120 MHz, 3996 MHz, 0 %, 0 %
2026/03/23 13:51:27.384, 6, 177.43 W, 26, 120 MHz, 3996 MHz, 0 %, 0 %
2026/03/23 13:51:27.384, 7, 176.58 W, 27, 120 MHz, 3996 MHz, 0 %, 0 %
2026/03/23 13:51:28.384, 0, 228.22 W, 27, 2032 MHz, 3996 MHz, 0 %, 0 %
2026/03/23 13:51:28.384, 1, 233.26 W, 29, 2032 MHz, 3996 MHz, 0 %, 0 %
2026/03/23 13:51:28.384, 2, 234.02 W, 27, 2032 MHz, 3996 MHz, 0 %, 0 %
2026/03/23 13:51:28.384, 3, 233.97 W, 30, 2032 MHz, 3996 MHz, 0 %, 0 %
2026/03/23 13:51:28.384, 4, 178.63 W, 25, 120 MHz, 3996 MHz, 0 %, 0 %
2026/03/23 13:51:28.384, 5, 180.58 W, 27, 120 MHz, 3996 MHz, 0 %, 0 %
2026/03/23 13:51:28.384, 6, 177.23 W, 26, 120 MHz, 3996 MHz, 0 %, 0 %
2026/03/23 13:51:28.384, 7, 176.58 W, 27, 120 MHz, 3996 MHz, 0 %, 0 %
2026/03/23 13:51:29.384, 0, 228.18 W, 27, 2032 MHz, 3996 MHz, 0 %, 0 %
2026/03/23 13:51:29.384, 1, 233.30 W, 29, 2032 MHz, 3996 MHz, 0 %, 0 %
2026/03/23 13:51:29.384, 2, 234.02 W, 27, 2032 MHz, 3996 MHz, 0 %, 0 %
2026/03/23 13:51:29.384, 3, 233.88 W, 30, 2032 MHz, 3996 MHz, 0 %, 0 %
2026/03/23 13:51:29.384, 4, 178.79 W, 25, 120 MHz, 3996 MHz, 0 %, 0 %
2026/03/23 13:51:29.384, 5, 180.58 W, 27, 120 MHz, 3996 MHz, 0 %, 0 %
2026/03/23 13:51:29.384, 6, 177.43 W, 26, 120 MHz, 3996 MHz, 0 %, 0 %
2026/03/23 13:51:29.384, 7, 176.58 W, 27, 120 MHz, 3996 MHz, 0 %, 0 %
2026/03/23 13:51:30.384, 0, 228.42 W, 27, 2032 MHz, 3996 MHz, 0 %, 0 %
2026/03/23 13:51:30.384, 1, 233.30 W, 29, 2032 MHz, 3996 MHz, 0 %, 0 %
2026/03/23 13:51:30.384, 2, 234.02 W, 27, 2032 MHz, 3996 MHz, 0 %, 0 %
2026/03/23 13:51:30.384, 3, 233.61 W, 30, 2032 MHz, 3996 MHz, 0 %, 0 %
2026/03/23 13:51:30.384, 4, 178.61 W, 25, 120 MHz, 3996 MHz, 0 %, 0 %
2026/03/23 13:51:30.384, 5, 180.58 W, 27, 120 MHz, 3996 MHz, 0 %, 0 %
2026/03/23 13:51:30.384, 6, 177.51 W, 26, 120 MHz, 3996 MHz, 0 %, 0 %
2026/03/23 13:51:30.384, 7, 176.58 W, 27, 120 MHz, 3996 MHz, 0 %, 0 %
2026/03/23 13:51:31.384, 0, 228.37 W, 27, 2032 MHz, 3996 MHz, 0 %, 0 %
2026/03/23 13:51:31.384, 1, 233.30 W, 29, 2032 MHz, 3996 MHz, 0 %, 0 %
2026/03/23 13:51:31.384, 2, 234.02 W, 27, 2032 MHz, 3996 MHz, 0 %, 0 %
2026/03/23 13:51:31.384, 3, 234.03 W, 30, 2032 MHz, 3996 MHz, 0 %, 0 %
2026/03/23 13:51:31.384, 4, 178.55 W, 25, 120 MHz, 3996 MHz, 0 %, 0 %
2026/03/23 13:51:31.384, 5, 180.58 W, 27, 120 MHz, 3996 MHz, 0 %, 0 %
2026/03/23 13:51:31.384, 6, 177.23 W, 26, 120 MHz, 3996 MHz, 0 %, 0 %
2026/03/23 13:51:31.384, 7, 176.58 W, 27, 120 MHz, 3996 MHz, 0 %, 0 %
2026/03/23 13:51:32.384, 0, 228.23 W, 27, 2032 MHz, 3996 MHz, 0 %, 0 %
2026/03/23 13:51:32.384, 1, 233.28 W, 29, 2032 MHz, 3996 MHz, 0 %, 0 %
2026/03/23 13:51:32.384, 2, 234.02 W, 27, 2032 MHz, 3996 MHz, 0 %, 0 %
2026/03/23 13:51:32.384, 3, 233.87 W, 30, 2032 MHz, 3996 MHz, 0 %, 0 %
2026/03/23 13:51:32.384, 4, 178.64 W, 25, 120 MHz, 3996 MHz, 0 %, 0 %
2026/03/23 13:51:32.384, 5, 180.58 W, 27, 120 MHz, 3996 MHz, 0 %, 0 %
2026/03/23 13:51:32.384, 6, 177.13 W, 26, 120 MHz, 3996 MHz, 0 %, 0 %
2026/03/23 13:51:32.384, 7, 176.58 W, 27, 120 MHz, 3996 MHz, 0 %, 0 %
2026/03/23 13:51:33.384, 0, 228.26 W, 27, 2032 MHz, 3996 MHz, 0 %, 0 %
2026/03/23 13:51:33.384, 1, 233.27 W, 29, 2032 MHz, 3996 MHz, 0 %, 0 %
2026/03/23 13:51:33.384, 2, 234.02 W, 27, 2032 MHz, 3996 MHz, 0 %, 0 %
2026/03/23 13:51:33.384, 3, 233.69 W, 30, 2032 MHz, 3996 MHz, 0 %, 0 %
2026/03/23 13:51:33.384, 4, 178.63 W, 25, 120 MHz, 3996 MHz, 0 %, 0 %
2026/03/23 13:51:33.384, 5, 180.58 W, 27, 120 MHz, 3996 MHz, 0 %, 0 %
2026/03/23 13:51:33.384, 6, 177.28 W, 26, 120 MHz, 3996 MHz, 0 %, 0 %
2026/03/23 13:51:33.384, 7, 176.58 W, 27, 120 MHz, 3996 MHz, 0 %, 0 %
2026/03/23 13:51:34.385, 0, 228.18 W, 27, 2032 MHz, 3996 MHz, 0 %, 0 %
2026/03/23 13:51:34.385, 1, 233.27 W, 29, 2032 MHz, 3996 MHz, 0 %, 0 %
2026/03/23 13:51:34.385, 2, 234.02 W, 27, 2032 MHz, 3996 MHz, 0 %, 0 %
2026/03/23 13:51:34.385, 3, 233.88 W, 30, 2032 MHz, 3996 MHz, 0 %, 0 %
2026/03/23 13:51:34.385, 4, 178.76 W, 25, 120 MHz, 3996 MHz, 0 %, 0 %
2026/03/23 13:51:34.385, 5, 180.58 W, 27, 120 MHz, 3996 MHz, 0 %, 0 %
2026/03/23 13:51:34.385, 6, 177.35 W, 26, 120 MHz, 3996 MHz, 0 %, 0 %
2026/03/23 13:51:34.385, 7, 176.58 W, 27, 120 MHz, 3996 MHz, 0 %, 0 %
2026/03/23 13:51:35.385, 0, 228.46 W, 27, 2032 MHz, 3996 MHz, 0 %, 0 %
2026/03/23 13:51:35.385, 1, 233.37 W, 29, 2032 MHz, 3996 MHz, 0 %, 0 %
2026/03/23 13:51:35.385, 2, 234.06 W, 27, 2032 MHz, 3996 MHz, 0 %, 0 %
2026/03/23 13:51:35.385, 3, 234.09 W, 30, 2032 MHz, 3996 MHz, 0 %, 0 %
2026/03/23 13:51:35.385, 4, 178.71 W, 25, 120 MHz, 3996 MHz, 0 %, 0 %
2026/03/23 13:51:35.385, 5, 180.58 W, 27, 120 MHz, 3996 MHz, 0 %, 0 %
2026/03/23 13:51:35.385, 6, 177.23 W, 26, 120 MHz, 3996 MHz, 0 %, 0 %
2026/03/23 13:51:35.385, 7, 176.58 W, 27, 120 MHz, 3996 MHz, 0 %, 0 %
2026/03/23 13:51:36.385, 0, 228.15 W, 27, 2032 MHz, 3996 MHz, 0 %, 0 %
2026/03/23 13:51:36.385, 1, 233.31 W, 29, 2032 MHz, 3996 MHz, 0 %, 0 %
2026/03/23 13:51:36.385, 2, 234.02 W, 27, 2032 MHz, 3996 MHz, 0 %, 0 %
2026/03/23 13:51:36.385, 3, 233.73 W, 30, 2032 MHz, 3996 MHz, 0 %, 0 %
2026/03/23 13:51:36.385, 4, 178.84 W, 25, 120 MHz, 3996 MHz, 0 %, 0 %
2026/03/23 13:51:36.385, 5, 180.58 W, 27, 120 MHz, 3996 MHz, 0 %, 0 %
2026/03/23 13:51:36.385, 6, 177.15 W, 26, 120 MHz, 3996 MHz, 0 %, 0 %
2026/03/23 13:51:36.385, 7, 176.58 W, 27, 120 MHz, 3996 MHz, 0 %, 0 %
2026/03/23 13:51:37.385, 0, 228.11 W, 27, 2032 MHz, 3996 MHz, 0 %, 0 %
2026/03/23 13:51:37.385, 1, 233.29 W, 29, 2032 MHz, 3996 MHz, 0 %, 0 %
2026/03/23 13:51:37.385, 2, 234.02 W, 27, 2032 MHz, 3996 MHz, 0 %, 0 %
2026/03/23 13:51:37.385, 3, 233.47 W, 30, 2032 MHz, 3996 MHz, 0 %, 0 %
2026/03/23 13:51:37.385, 4, 178.62 W, 25, 120 MHz, 3996 MHz, 0 %, 0 %
2026/03/23 13:51:37.385, 5, 180.58 W, 27, 120 MHz, 3996 MHz, 0 %, 0 %
2026/03/23 13:51:37.385, 6, 177.26 W, 26, 120 MHz, 3996 MHz, 0 %, 0 %
2026/03/23 13:51:37.385, 7, 176.58 W, 27, 120 MHz, 3996 MHz, 0 %, 0 %
2026/03/23 13:51:38.385, 0, 228.07 W, 27, 2032 MHz, 3996 MHz, 0 %, 0 %
2026/03/23 13:51:38.385, 1, 233.27 W, 29, 2032 MHz, 3996 MHz, 0 %, 0 %
2026/03/23 13:51:38.385, 2, 234.02 W, 27, 2032 MHz, 3996 MHz, 0 %, 0 %
2026/03/23 13:51:38.385, 3, 233.35 W, 30, 2032 MHz, 3996 MHz, 0 %, 0 %
2026/03/23 13:51:38.385, 4, 178.59 W, 25, 120 MHz, 3996 MHz, 0 %, 0 %
2026/03/23 13:51:38.385, 5, 180.58 W, 27, 120 MHz, 3996 MHz, 0 %, 0 %
2026/03/23 13:51:38.385, 6, 177.26 W, 26, 120 MHz, 3996 MHz, 0 %, 0 %
2026/03/23 13:51:38.385, 7, 176.59 W, 27, 120 MHz, 3996 MHz, 0 %, 0 %
2026/03/23 13:51:39.385, 0, 228.07 W, 27, 2032 MHz, 3996 MHz, 0 %, 0 %
2026/03/23 13:51:39.385, 1, 233.28 W, 29, 2032 MHz, 3996 MHz, 0 %, 0 %
2026/03/23 13:51:39.385, 2, 234.02 W, 27, 2032 MHz, 3996 MHz, 0 %, 0 %
2026/03/23 13:51:39.385, 3, 233.39 W, 30, 2032 MHz, 3996 MHz, 0 %, 0 %
2026/03/23 13:51:39.385, 4, 178.60 W, 25, 120 MHz, 3996 MHz, 0 %, 0 %
2026/03/23 13:51:39.385, 5, 180.58 W, 27, 120 MHz, 3996 MHz, 0 %, 0 %
2026/03/23 13:51:39.385, 6, 176.97 W, 26, 120 MHz, 3996 MHz, 0 %, 0 %
2026/03/23 13:51:39.385, 7, 176.59 W, 27, 120 MHz, 3996 MHz, 0 %, 0 %
2026/03/23 13:51:40.386, 0, 233.98 W, 31, 2032 MHz, 3996 MHz, 0 %, 0 %
2026/03/23 13:51:40.386, 1, 249.92 W, 29, 2032 MHz, 3996 MHz, 22 %, 2 %
2026/03/23 13:51:40.386, 2, 254.65 W, 28, 2032 MHz, 3996 MHz, 90 %, 3 %
2026/03/23 13:51:40.386, 3, 234.75 W, 30, 2032 MHz, 3996 MHz, 0 %, 0 %
2026/03/23 13:51:40.386, 4, 178.72 W, 25, 120 MHz, 3996 MHz, 0 %, 0 %
2026/03/23 13:51:40.386, 5, 180.58 W, 27, 120 MHz, 3996 MHz, 0 %, 0 %
2026/03/23 13:51:40.386, 6, 177.12 W, 26, 120 MHz, 3996 MHz, 0 %, 0 %
2026/03/23 13:51:40.386, 7, 176.60 W, 27, 120 MHz, 3996 MHz, 0 %, 0 %
2026/03/23 13:51:41.386, 0, 246.52 W, 27, 2032 MHz, 3996 MHz, 0 %, 0 %
2026/03/23 13:51:41.386, 1, 246.15 W, 29, 2032 MHz, 3996 MHz, 0 %, 0 %
2026/03/23 13:51:41.386, 2, 235.56 W, 27, 2032 MHz, 3996 MHz, 1 %, 0 %
2026/03/23 13:51:41.386, 3, 252.92 W, 30, 2032 MHz, 3996 MHz, 0 %, 0 %
2026/03/23 13:51:41.386, 4, 178.68 W, 25, 120 MHz, 3996 MHz, 0 %, 0 %
2026/03/23 13:51:41.386, 5, 180.58 W, 27, 120 MHz, 3996 MHz, 0 %, 0 %
2026/03/23 13:51:41.386, 6, 177.23 W, 26, 120 MHz, 3996 MHz, 0 %, 0 %
2026/03/23 13:51:41.386, 7, 176.60 W, 27, 120 MHz, 3996 MHz, 0 %, 0 %
2026/03/23 13:51:42.386, 0, 228.88 W, 27, 2032 MHz, 3996 MHz, 0 %, 0 %
2026/03/23 13:51:42.386, 1, 233.62 W, 29, 2032 MHz, 3996 MHz, 0 %, 0 %
2026/03/23 13:51:42.386, 2, 234.02 W, 27, 2032 MHz, 3996 MHz, 0 %, 0 %
2026/03/23 13:51:42.386, 3, 235.09 W, 30, 2032 MHz, 3996 MHz, 0 %, 0 %
2026/03/23 13:51:42.386, 4, 178.62 W, 25, 120 MHz, 3996 MHz, 0 %, 0 %
2026/03/23 13:51:42.386, 5, 180.58 W, 27, 120 MHz, 3996 MHz, 0 %, 0 %
2026/03/23 13:51:42.386, 6, 177.40 W, 26, 120 MHz, 3996 MHz, 0 %, 0 %
2026/03/23 13:51:42.386, 7, 176.59 W, 27, 120 MHz, 3996 MHz, 0 %, 0 %
2026/03/23 13:51:43.386, 0, 228.41 W, 27, 2032 MHz, 3996 MHz, 0 %, 0 %
2026/03/23 13:51:43.386, 1, 233.30 W, 29, 2032 MHz, 3996 MHz, 0 %, 0 %
2026/03/23 13:51:43.386, 2, 234.02 W, 27, 2032 MHz, 3996 MHz, 0 %, 0 %
2026/03/23 13:51:43.386, 3, 234.66 W, 30, 2032 MHz, 3996 MHz, 0 %, 0 %
2026/03/23 13:51:43.386, 4, 178.67 W, 25, 120 MHz, 3996 MHz, 0 %, 0 %
2026/03/23 13:51:43.386, 5, 180.58 W, 27, 120 MHz, 3996 MHz, 0 %, 0 %
2026/03/23 13:51:43.386, 6, 177.31 W, 26, 120 MHz, 3996 MHz, 0 %, 0 %
2026/03/23 13:51:43.386, 7, 176.59 W, 27, 120 MHz, 3996 MHz, 0 %, 0 %
2026/03/23 13:51:44.386, 0, 228.26 W, 27, 2032 MHz, 3996 MHz, 0 %, 0 %
2026/03/23 13:51:44.386, 1, 233.27 W, 29, 2032 MHz, 3996 MHz, 0 %, 0 %
2026/03/23 13:51:44.386, 2, 234.02 W, 27, 2032 MHz, 3996 MHz, 0 %, 0 %
2026/03/23 13:51:44.386, 3, 234.93 W, 30, 2032 MHz, 3996 MHz, 0 %, 0 %
2026/03/23 13:51:44.386, 4, 178.80 W, 25, 120 MHz, 3996 MHz, 0 %, 0 %
2026/03/23 13:51:44.386, 5, 180.58 W, 27, 120 MHz, 3996 MHz, 0 %, 0 %
2026/03/23 13:51:44.386, 6, 177.23 W, 26, 120 MHz, 3996 MHz, 0 %, 0 %
2026/03/23 13:51:44.386, 7, 176.58 W, 27, 120 MHz, 3996 MHz, 0 %, 0 %
2026/03/23 13:51:45.386, 0, 228.18 W, 27, 2032 MHz, 3996 MHz, 0 %, 0 %
2026/03/23 13:51:45.386, 1, 233.27 W, 29, 2032 MHz, 3996 MHz, 0 %, 0 %
2026/03/23 13:51:45.386, 2, 234.02 W, 27, 2032 MHz, 3996 MHz, 0 %, 0 %
2026/03/23 13:51:45.386, 3, 234.85 W, 30, 2032 MHz, 3996 MHz, 0 %, 0 %
2026/03/23 13:51:45.386, 4, 178.66 W, 25, 120 MHz, 3996 MHz, 0 %, 0 %
2026/03/23 13:51:45.386, 5, 180.58 W, 27, 120 MHz, 3996 MHz, 0 %, 0 %
2026/03/23 13:51:45.386, 6, 177.30 W, 26, 120 MHz, 3996 MHz, 0 %, 0 %
2026/03/23 13:51:45.386, 7, 176.58 W, 27, 120 MHz, 3996 MHz, 0 %, 0 %
2026/03/23 13:51:46.387, 0, 228.30 W, 27, 2032 MHz, 3996 MHz, 0 %, 0 %
2026/03/23 13:51:46.387, 1, 233.25 W, 29, 2032 MHz, 3996 MHz, 0 %, 0 %
2026/03/23 13:51:46.387, 2, 234.02 W, 27, 2032 MHz, 3996 MHz, 0 %, 0 %
2026/03/23 13:51:46.387, 3, 234.28 W, 30, 2032 MHz, 3996 MHz, 0 %, 0 %
2026/03/23 13:51:46.387, 4, 178.90 W, 25, 120 MHz, 3996 MHz, 0 %, 0 %
2026/03/23 13:51:46.387, 5, 180.58 W, 27, 120 MHz, 3996 MHz, 0 %, 0 %
2026/03/23 13:51:46.387, 6, 177.32 W, 26, 120 MHz, 3996 MHz, 0 %, 0 %
2026/03/23 13:51:46.387, 7, 176.58 W, 27, 120 MHz, 3996 MHz, 0 %, 0 %
2026/03/23 13:51:47.387, 0, 228.18 W, 27, 2032 MHz, 3996 MHz, 0 %, 0 %
2026/03/23 13:51:47.387, 1, 233.21 W, 29, 2032 MHz, 3996 MHz, 0 %, 0 %
2026/03/23 13:51:47.387, 2, 234.02 W, 27, 2032 MHz, 3996 MHz, 0 %, 0 %
2026/03/23 13:51:47.387, 3, 234.75 W, 30, 2032 MHz, 3996 MHz, 0 %, 0 %
2026/03/23 13:51:47.387, 4, 178.59 W, 25, 120 MHz, 3996 MHz, 0 %, 0 %
2026/03/23 13:51:47.387, 5, 180.58 W, 27, 120 MHz, 3996 MHz, 0 %, 0 %
2026/03/23 13:51:47.387, 6, 177.23 W, 26, 120 MHz, 3996 MHz, 0 %, 0 %
2026/03/23 13:51:47.387, 7, 176.58 W, 27, 120 MHz, 3996 MHz, 0 %, 0 %
2026/03/23 13:51:48.387, 0, 228.45 W, 27, 2032 MHz, 3996 MHz, 0 %, 0 %
2026/03/23 13:51:48.387, 1, 233.28 W, 29, 2032 MHz, 3996 MHz, 0 %, 0 %
2026/03/23 13:51:48.387, 2, 234.02 W, 27, 2032 MHz, 3996 MHz, 0 %, 0 %
2026/03/23 13:51:48.387, 3, 234.64 W, 30, 2032 MHz, 3996 MHz, 0 %, 0 %
2026/03/23 13:51:48.387, 4, 178.67 W, 25, 120 MHz, 3996 MHz, 0 %, 0 %
2026/03/23 13:51:48.387, 5, 180.58 W, 27, 120 MHz, 3996 MHz, 0 %, 0 %
2026/03/23 13:51:48.387, 6, 177.20 W, 26, 120 MHz, 3996 MHz, 0 %, 0 %
2026/03/23 13:51:48.387, 7, 176.58 W, 27, 120 MHz, 3996 MHz, 0 %, 0 %
2026/03/23 13:51:49.387, 0, 228.42 W, 27, 2032 MHz, 3996 MHz, 0 %, 0 %
2026/03/23 13:51:49.387, 1, 233.26 W, 29, 2032 MHz, 3996 MHz, 0 %, 0 %
2026/03/23 13:51:49.387, 2, 234.02 W, 27, 2032 MHz, 3996 MHz, 0 %, 0 %
2026/03/23 13:51:49.387, 3, 234.49 W, 30, 2032 MHz, 3996 MHz, 0 %, 0 %
2026/03/23 13:51:49.387, 4, 178.83 W, 25, 120 MHz, 3996 MHz, 0 %, 0 %
2026/03/23 13:51:49.387, 5, 180.58 W, 27, 120 MHz, 3996 MHz, 0 %, 0 %
2026/03/23 13:51:49.387, 6, 177.53 W, 26, 120 MHz, 3996 MHz, 0 %, 0 %
2026/03/23 13:51:49.387, 7, 176.58 W, 27, 120 MHz, 3996 MHz, 0 %, 0 %
2026/03/23 13:51:50.387, 0, 228.49 W, 27, 2032 MHz, 3996 MHz, 0 %, 0 %
2026/03/23 13:51:50.387, 1, 233.33 W, 29, 2032 MHz, 3996 MHz, 0 %, 0 %
2026/03/23 13:51:50.387, 2, 234.02 W, 27, 2032 MHz, 3996 MHz, 0 %, 0 %
2026/03/23 13:51:50.387, 3, 234.52 W, 30, 2032 MHz, 3996 MHz, 0 %, 0 %
2026/03/23 13:51:50.387, 4, 178.62 W, 25, 120 MHz, 3996 MHz, 0 %, 0 %
2026/03/23 13:51:50.387, 5, 180.58 W, 27, 120 MHz, 3996 MHz, 0 %, 0 %
2026/03/23 13:51:50.387, 6, 177.13 W, 26, 120 MHz, 3996 MHz, 0 %, 0 %
2026/03/23 13:51:50.387, 7, 176.58 W, 27, 120 MHz, 3996 MHz, 0 %, 0 %
2026/03/23 13:51:51.387, 0, 228.38 W, 27, 2032 MHz, 3996 MHz, 0 %, 0 %
2026/03/23 13:51:51.387, 1, 233.28 W, 29, 2032 MHz, 3996 MHz, 0 %, 0 %
2026/03/23 13:51:51.387, 2, 234.02 W, 27, 2032 MHz, 3996 MHz, 0 %, 0 %
2026/03/23 13:51:51.387, 3, 234.82 W, 30, 2032 MHz, 3996 MHz, 0 %, 0 %
2026/03/23 13:51:51.387, 4, 178.67 W, 25, 120 MHz, 3996 MHz, 0 %, 0 %
2026/03/23 13:51:51.387, 5, 180.58 W, 27, 120 MHz, 3996 MHz, 0 %, 0 %
2026/03/23 13:51:51.387, 6, 177.34 W, 26, 120 MHz, 3996 MHz, 0 %, 0 %
2026/03/23 13:51:51.387, 7, 176.58 W, 27, 120 MHz, 3996 MHz, 0 %, 0 %
2026/03/23 13:51:52.387, 0, 228.56 W, 27, 2032 MHz, 3996 MHz, 0 %, 0 %
2026/03/23 13:51:52.387, 1, 233.26 W, 29, 2032 MHz, 3996 MHz, 0 %, 0 %
2026/03/23 13:51:52.387, 2, 236.43 W, 27, 2032 MHz, 3996 MHz, 0 %, 0 %
2026/03/23 13:51:52.387, 3, 234.79 W, 30, 2032 MHz, 3996 MHz, 0 %, 0 %
2026/03/23 13:51:52.388, 4, 178.70 W, 25, 120 MHz, 3996 MHz, 0 %, 0 %
2026/03/23 13:51:52.388, 5, 180.58 W, 27, 120 MHz, 3996 MHz, 0 %, 0 %
2026/03/23 13:51:52.388, 6, 177.12 W, 26, 120 MHz, 3996 MHz, 0 %, 0 %
2026/03/23 13:51:52.388, 7, 176.58 W, 27, 120 MHz, 3996 MHz, 0 %, 0 %
2026/03/23 13:51:53.388, 0, 249.93 W, 28, 2032 MHz, 3996 MHz, 10 %, 9 %
2026/03/23 13:51:53.388, 1, 255.18 W, 30, 2032 MHz, 3996 MHz, 8 %, 5 %
2026/03/23 13:51:53.388, 2, 255.75 W, 27, 2032 MHz, 3996 MHz, 12 %, 10 %
2026/03/23 13:51:53.388, 3, 258.93 W, 30, 2032 MHz, 3996 MHz, 0 %, 0 %
2026/03/23 13:51:53.388, 4, 178.78 W, 25, 120 MHz, 3996 MHz, 0 %, 0 %
2026/03/23 13:51:53.388, 5, 180.58 W, 27, 120 MHz, 3996 MHz, 0 %, 0 %
2026/03/23 13:51:53.388, 6, 177.07 W, 26, 120 MHz, 3996 MHz, 0 %, 0 %
2026/03/23 13:51:53.388, 7, 176.58 W, 27, 120 MHz, 3996 MHz, 0 %, 0 %
2026/03/23 13:51:54.388, 0, 228.70 W, 27, 2032 MHz, 3996 MHz, 0 %, 0 %
2026/03/23 13:51:54.388, 1, 238.02 W, 29, 2032 MHz, 3996 MHz, 0 %, 0 %
2026/03/23 13:51:54.388, 2, 236.63 W, 28, 2032 MHz, 3996 MHz, 0 %, 0 %
2026/03/23 13:51:54.388, 3, 255.62 W, 32, 2032 MHz, 3996 MHz, 36 %, 34 %
2026/03/23 13:51:54.388, 4, 178.79 W, 25, 120 MHz, 3996 MHz, 0 %, 0 %
2026/03/23 13:51:54.388, 5, 180.58 W, 27, 120 MHz, 3996 MHz, 0 %, 0 %
2026/03/23 13:51:54.388, 6, 177.23 W, 26, 120 MHz, 3996 MHz, 0 %, 0 %
2026/03/23 13:51:54.388, 7, 176.58 W, 27, 120 MHz, 3996 MHz, 0 %, 0 %
2026/03/23 13:51:55.388, 0, 261.54 W, 27, 2032 MHz, 3996 MHz, 0 %, 0 %
2026/03/23 13:51:55.388, 1, 266.78 W, 29, 2032 MHz, 3996 MHz, 0 %, 0 %
2026/03/23 13:51:55.388, 2, 266.88 W, 27, 2032 MHz, 3996 MHz, 0 %, 0 %
2026/03/23 13:51:55.388, 3, 251.95 W, 30, 2032 MHz, 3996 MHz, 0 %, 0 %
2026/03/23 13:51:55.388, 4, 178.68 W, 25, 120 MHz, 3996 MHz, 0 %, 0 %
2026/03/23 13:51:55.388, 5, 180.58 W, 27, 120 MHz, 3996 MHz, 0 %, 0 %
2026/03/23 13:51:55.388, 6, 177.31 W, 26, 120 MHz, 3996 MHz, 0 %, 0 %
2026/03/23 13:51:55.388, 7, 176.58 W, 27, 120 MHz, 3996 MHz, 0 %, 0 %
2026/03/23 13:51:56.388, 0, 229.11 W, 27, 2032 MHz, 3996 MHz, 0 %, 0 %
2026/03/23 13:51:56.388, 1, 233.30 W, 29, 2032 MHz, 3996 MHz, 0 %, 0 %
2026/03/23 13:51:56.388, 2, 234.02 W, 27, 2032 MHz, 3996 MHz, 0 %, 0 %
2026/03/23 13:51:56.388, 3, 233.94 W, 30, 2032 MHz, 3996 MHz, 0 %, 0 %
2026/03/23 13:51:56.388, 4, 178.62 W, 25, 120 MHz, 3996 MHz, 0 %, 0 %
2026/03/23 13:51:56.388, 5, 180.58 W, 27, 120 MHz, 3996 MHz, 0 %, 0 %
2026/03/23 13:51:56.388, 6, 177.50 W, 26, 120 MHz, 3996 MHz, 0 %, 0 %
2026/03/23 13:51:56.388, 7, 176.58 W, 27, 120 MHz, 3996 MHz, 0 %, 0 %
2026/03/23 13:51:57.388, 0, 297.08 W, 28, 2032 MHz, 3996 MHz, 81 %, 62 %
2026/03/23 13:51:57.388, 1, 296.90 W, 31, 2032 MHz, 3996 MHz, 21 %, 10 %
2026/03/23 13:51:57.388, 2, 302.51 W, 28, 2032 MHz, 3996 MHz, 0 %, 0 %
2026/03/23 13:51:57.388, 3, 301.66 W, 30, 2032 MHz, 3996 MHz, 0 %, 0 %
2026/03/23 13:51:57.388, 4, 178.68 W, 25, 120 MHz, 3996 MHz, 0 %, 0 %
2026/03/23 13:51:57.388, 5, 180.58 W, 27, 120 MHz, 3996 MHz, 0 %, 0 %
2026/03/23 13:51:57.388, 6, 177.27 W, 26, 120 MHz, 3996 MHz, 0 %, 0 %
2026/03/23 13:51:57.388, 7, 176.58 W, 27, 120 MHz, 3996 MHz, 0 %, 0 %
2026/03/23 13:51:58.388, 0, 229.73 W, 27, 2032 MHz, 3996 MHz, 0 %, 0 %
2026/03/23 13:51:58.388, 1, 234.35 W, 30, 2032 MHz, 3996 MHz, 0 %, 0 %
2026/03/23 13:51:58.388, 2, 234.17 W, 27, 2032 MHz, 3996 MHz, 0 %, 0 %
2026/03/23 13:51:58.388, 3, 234.91 W, 30, 2032 MHz, 3996 MHz, 0 %, 0 %
2026/03/23 13:51:58.388, 4, 178.77 W, 25, 120 MHz, 3996 MHz, 0 %, 0 %
2026/03/23 13:51:58.388, 5, 180.58 W, 27, 120 MHz, 3996 MHz, 0 %, 0 %
2026/03/23 13:51:58.388, 6, 177.35 W, 26, 120 MHz, 3996 MHz, 0 %, 0 %
2026/03/23 13:51:58.388, 7, 176.58 W, 27, 120 MHz, 3996 MHz, 0 %, 0 %
2026/03/23 13:51:59.389, 0, 229.04 W, 27, 2032 MHz, 3996 MHz, 0 %, 0 %
2026/03/23 13:51:59.389, 1, 233.21 W, 29, 2032 MHz, 3996 MHz, 0 %, 0 %
2026/03/23 13:51:59.389, 2, 234.02 W, 27, 2032 MHz, 3996 MHz, 0 %, 0 %
2026/03/23 13:51:59.389, 3, 234.42 W, 30, 2032 MHz, 3996 MHz, 0 %, 0 %
2026/03/23 13:51:59.389, 4, 178.66 W, 25, 120 MHz, 3996 MHz, 0 %, 0 %
2026/03/23 13:51:59.389, 5, 180.58 W, 27, 120 MHz, 3996 MHz, 0 %, 0 %
2026/03/23 13:51:59.389, 6, 177.32 W, 26, 120 MHz, 3996 MHz, 0 %, 0 %
2026/03/23 13:51:59.389, 7, 176.59 W, 27, 120 MHz, 3996 MHz, 0 %, 0 %
2026/03/23 13:52:00.389, 0, 331.29 W, 28, 2032 MHz, 3996 MHz, 0 %, 0 %
2026/03/23 13:52:00.389, 1, 336.43 W, 31, 2032 MHz, 3996 MHz, 0 %, 0 %
2026/03/23 13:52:00.389, 2, 338.69 W, 28, 2032 MHz, 3996 MHz, 0 %, 0 %
2026/03/23 13:52:00.389, 3, 339.38 W, 30, 2032 MHz, 3996 MHz, 0 %, 0 %
2026/03/23 13:52:00.389, 4, 178.59 W, 25, 120 MHz, 3996 MHz, 0 %, 0 %
2026/03/23 13:52:00.389, 5, 180.58 W, 27, 120 MHz, 3996 MHz, 0 %, 0 %
2026/03/23 13:52:00.389, 6, 177.15 W, 26, 120 MHz, 3996 MHz, 0 %, 0 %
2026/03/23 13:52:00.389, 7, 176.58 W, 27, 120 MHz, 3996 MHz, 0 %, 0 %
2026/03/23 13:52:01.389, 0, 229.69 W, 27, 2032 MHz, 3996 MHz, 0 %, 0 %
2026/03/23 13:52:01.389, 1, 233.95 W, 30, 2032 MHz, 3996 MHz, 0 %, 0 %
2026/03/23 13:52:01.389, 2, 234.10 W, 27, 2032 MHz, 3996 MHz, 0 %, 0 %
2026/03/23 13:52:01.389, 3, 235.18 W, 30, 2032 MHz, 3996 MHz, 0 %, 0 %
2026/03/23 13:52:01.389, 4, 178.68 W, 25, 120 MHz, 3996 MHz, 0 %, 0 %
2026/03/23 13:52:01.389, 5, 180.58 W, 27, 120 MHz, 3996 MHz, 0 %, 0 %
2026/03/23 13:52:01.389, 6, 177.31 W, 26, 120 MHz, 3996 MHz, 0 %, 0 %
2026/03/23 13:52:01.389, 7, 176.58 W, 27, 120 MHz, 3996 MHz, 0 %, 0 %
2026/03/23 13:52:02.389, 0, 229.08 W, 27, 2032 MHz, 3996 MHz, 0 %, 0 %
2026/03/23 13:52:02.389, 1, 233.27 W, 29, 2032 MHz, 3996 MHz, 0 %, 0 %
2026/03/23 13:52:02.389, 2, 234.02 W, 27, 2032 MHz, 3996 MHz, 0 %, 0 %
2026/03/23 13:52:02.389, 3, 235.17 W, 30, 2032 MHz, 3996 MHz, 0 %, 0 %
2026/03/23 13:52:02.389, 4, 178.70 W, 25, 120 MHz, 3996 MHz, 0 %, 0 %
2026/03/23 13:52:02.389, 5, 180.58 W, 27, 120 MHz, 3996 MHz, 0 %, 0 %
2026/03/23 13:52:02.389, 6, 177.04 W, 26, 120 MHz, 3996 MHz, 0 %, 0 %
2026/03/23 13:52:02.389, 7, 176.58 W, 27, 120 MHz, 3996 MHz, 0 %, 0 %
2026/03/23 13:52:03.389, 0, 228.64 W, 27, 2032 MHz, 3996 MHz, 0 %, 0 %
2026/03/23 13:52:03.389, 1, 233.21 W, 29, 2032 MHz, 3996 MHz, 0 %, 0 %
2026/03/23 13:52:03.389, 2, 234.02 W, 27, 2032 MHz, 3996 MHz, 0 %, 0 %
2026/03/23 13:52:03.389, 3, 234.32 W, 30, 2032 MHz, 3996 MHz, 0 %, 0 %
2026/03/23 13:52:03.389, 4, 178.69 W, 25, 120 MHz, 3996 MHz, 0 %, 0 %
2026/03/23 13:52:03.389, 5, 180.58 W, 27, 120 MHz, 3996 MHz, 0 %, 0 %
2026/03/23 13:52:03.389, 6, 177.23 W, 26, 120 MHz, 3996 MHz, 0 %, 0 %
2026/03/23 13:52:03.389, 7, 176.58 W, 27, 120 MHz, 3996 MHz, 0 %, 0 %
2026/03/23 13:52:04.389, 0, 319.68 W, 29, 2032 MHz, 3996 MHz, 68 %, 59 %
2026/03/23 13:52:04.389, 1, 323.82 W, 32, 2032 MHz, 3996 MHz, 37 %, 32 %
2026/03/23 13:52:04.389, 2, 326.83 W, 29, 2032 MHz, 3996 MHz, 0 %, 0 %
2026/03/23 13:52:04.389, 3, 325.05 W, 31, 2032 MHz, 3996 MHz, 0 %, 0 %
2026/03/23 13:52:04.389, 4, 178.77 W, 25, 120 MHz, 3996 MHz, 0 %, 0 %
2026/03/23 13:52:04.389, 5, 180.58 W, 27, 120 MHz, 3996 MHz, 0 %, 0 %
2026/03/23 13:52:04.389, 6, 177.13 W, 26, 120 MHz, 3996 MHz, 0 %, 0 %
2026/03/23 13:52:04.389, 7, 176.58 W, 27, 120 MHz, 3996 MHz, 0 %, 0 %
2026/03/23 13:52:05.389, 0, 229.65 W, 28, 2032 MHz, 3996 MHz, 0 %, 0 %
2026/03/23 13:52:05.389, 1, 234.29 W, 30, 2032 MHz, 3996 MHz, 0 %, 0 %
2026/03/23 13:52:05.389, 2, 234.13 W, 27, 2032 MHz, 3996 MHz, 0 %, 0 %
2026/03/23 13:52:05.389, 3, 235.21 W, 30, 2032 MHz, 3996 MHz, 0 %, 0 %
2026/03/23 13:52:05.389, 4, 178.60 W, 25, 120 MHz, 3996 MHz, 0 %, 0 %
2026/03/23 13:52:05.389, 5, 180.58 W, 27, 120 MHz, 3996 MHz, 0 %, 0 %
2026/03/23 13:52:05.389, 6, 177.27 W, 26, 120 MHz, 3996 MHz, 0 %, 0 %
2026/03/23 13:52:05.389, 7, 176.58 W, 27, 120 MHz, 3996 MHz, 0 %, 0 %
2026/03/23 13:52:06.390, 0, 229.32 W, 27, 2032 MHz, 3996 MHz, 0 %, 0 %
2026/03/23 13:52:06.390, 1, 233.37 W, 29, 2032 MHz, 3996 MHz, 0 %, 0 %
2026/03/23 13:52:06.390, 2, 234.02 W, 27, 2032 MHz, 3996 MHz, 0 %, 0 %
2026/03/23 13:52:06.390, 3, 235.20 W, 30, 2032 MHz, 3996 MHz, 0 %, 0 %
2026/03/23 13:52:06.390, 4, 178.68 W, 25, 120 MHz, 3996 MHz, 0 %, 0 %
2026/03/23 13:52:06.390, 5, 180.58 W, 27, 120 MHz, 3996 MHz, 0 %, 0 %
2026/03/23 13:52:06.390, 6, 177.20 W, 26, 120 MHz, 3996 MHz, 0 %, 0 %
2026/03/23 13:52:06.390, 7, 176.58 W, 27, 120 MHz, 3996 MHz, 0 %, 0 %
2026/03/23 13:52:07.390, 0, 255.90 W, 29, 2032 MHz, 3996 MHz, 0 %, 0 %
2026/03/23 13:52:07.390, 1, 252.38 W, 30, 2032 MHz, 3996 MHz, 38 %, 36 %
2026/03/23 13:52:07.390, 2, 263.14 W, 28, 2032 MHz, 3996 MHz, 66 %, 51 %
2026/03/23 13:52:07.390, 3, 262.98 W, 30, 2032 MHz, 3996 MHz, 87 %, 20 %
2026/03/23 13:52:07.390, 4, 178.65 W, 25, 120 MHz, 3996 MHz, 0 %, 0 %
2026/03/23 13:52:07.390, 5, 180.58 W, 27, 120 MHz, 3996 MHz, 0 %, 0 %
2026/03/23 13:52:07.390, 6, 177.23 W, 26, 120 MHz, 3996 MHz, 0 %, 0 %
2026/03/23 13:52:07.390, 7, 176.58 W, 27, 120 MHz, 3996 MHz, 0 %, 0 %
2026/03/23 13:52:08.390, 0, 249.34 W, 27, 2032 MHz, 3996 MHz, 0 %, 0 %
2026/03/23 13:52:08.390, 1, 264.39 W, 30, 2032 MHz, 3996 MHz, 0 %, 0 %
2026/03/23 13:52:08.390, 2, 250.96 W, 27, 2032 MHz, 3996 MHz, 0 %, 0 %
2026/03/23 13:52:08.390, 3, 251.56 W, 30, 2032 MHz, 3996 MHz, 0 %, 0 %
2026/03/23 13:52:08.390, 4, 178.75 W, 25, 120 MHz, 3996 MHz, 0 %, 0 %
2026/03/23 13:52:08.390, 5, 180.58 W, 27, 120 MHz, 3996 MHz, 0 %, 0 %
2026/03/23 13:52:08.390, 6, 177.42 W, 26, 120 MHz, 3996 MHz, 0 %, 0 %
2026/03/23 13:52:08.390, 7, 176.59 W, 27, 120 MHz, 3996 MHz, 0 %, 0 %
2026/03/23 13:52:09.390, 0, 228.57 W, 27, 2032 MHz, 3996 MHz, 0 %, 0 %
2026/03/23 13:52:09.390, 1, 233.24 W, 30, 2032 MHz, 3996 MHz, 0 %, 0 %
2026/03/23 13:52:09.390, 2, 234.02 W, 27, 2032 MHz, 3996 MHz, 0 %, 0 %
2026/03/23 13:52:09.390, 3, 234.60 W, 30, 2032 MHz, 3996 MHz, 0 %, 0 %
2026/03/23 13:52:09.390, 4, 178.59 W, 25, 120 MHz, 3996 MHz, 0 %, 0 %
2026/03/23 13:52:09.390, 5, 180.58 W, 27, 120 MHz, 3996 MHz, 0 %, 0 %
2026/03/23 13:52:09.390, 6, 177.28 W, 26, 120 MHz, 3996 MHz, 0 %, 0 %
2026/03/23 13:52:09.390, 7, 176.58 W, 27, 120 MHz, 3996 MHz, 0 %, 0 %
2026/03/23 13:52:10.390, 0, 228.30 W, 27, 2032 MHz, 3996 MHz, 0 %, 0 %
2026/03/23 13:52:10.390, 1, 233.18 W, 29, 2032 MHz, 3996 MHz, 0 %, 0 %
2026/03/23 13:52:10.390, 2, 234.02 W, 27, 2032 MHz, 3996 MHz, 0 %, 0 %
2026/03/23 13:52:10.390, 3, 233.97 W, 30, 2032 MHz, 3996 MHz, 0 %, 0 %
2026/03/23 13:52:10.390, 4, 178.64 W, 25, 120 MHz, 3996 MHz, 0 %, 0 %
2026/03/23 13:52:10.390, 5, 180.58 W, 27, 120 MHz, 3996 MHz, 0 %, 0 %
2026/03/23 13:52:10.390, 6, 177.31 W, 26, 120 MHz, 3996 MHz, 0 %, 0 %
2026/03/23 13:52:10.390, 7, 176.58 W, 27, 120 MHz, 3996 MHz, 0 %, 0 %
2026/03/23 13:52:11.390, 0, 228.26 W, 27, 2032 MHz, 3996 MHz, 0 %, 0 %
2026/03/23 13:52:11.390, 1, 233.18 W, 29, 2032 MHz, 3996 MHz, 0 %, 0 %
2026/03/23 13:52:11.390, 2, 234.02 W, 27, 2032 MHz, 3996 MHz, 0 %, 0 %
2026/03/23 13:52:11.390, 3, 233.59 W, 30, 2032 MHz, 3996 MHz, 0 %, 0 %
2026/03/23 13:52:11.390, 4, 178.71 W, 25, 120 MHz, 3996 MHz, 0 %, 0 %
2026/03/23 13:52:11.390, 5, 180.58 W, 27, 120 MHz, 3996 MHz, 0 %, 0 %
2026/03/23 13:52:11.390, 6, 177.22 W, 26, 120 MHz, 3996 MHz, 0 %, 0 %
2026/03/23 13:52:11.390, 7, 176.59 W, 27, 120 MHz, 3996 MHz, 0 %, 0 %
2026/03/23 13:52:12.391, 0, 228.34 W, 27, 2032 MHz, 3996 MHz, 0 %, 0 %
2026/03/23 13:52:12.391, 1, 233.16 W, 29, 2032 MHz, 3996 MHz, 0 %, 0 %
2026/03/23 13:52:12.391, 2, 234.02 W, 27, 2032 MHz, 3996 MHz, 0 %, 0 %
2026/03/23 13:52:12.391, 3, 234.04 W, 30, 2032 MHz, 3996 MHz, 0 %, 0 %
2026/03/23 13:52:12.391, 4, 178.64 W, 25, 120 MHz, 3996 MHz, 0 %, 0 %
2026/03/23 13:52:12.391, 5, 180.58 W, 27, 120 MHz, 3996 MHz, 0 %, 0 %
2026/03/23 13:52:12.391, 6, 177.32 W, 26, 120 MHz, 3996 MHz, 0 %, 0 %
2026/03/23 13:52:12.391, 7, 176.59 W, 27, 120 MHz, 3996 MHz, 0 %, 0 %
2026/03/23 13:52:13.391, 0, 228.22 W, 27, 2032 MHz, 3996 MHz, 0 %, 0 %
2026/03/23 13:52:13.391, 1, 233.17 W, 29, 2032 MHz, 3996 MHz, 0 %, 0 %
2026/03/23 13:52:13.391, 2, 234.02 W, 27, 2032 MHz, 3996 MHz, 0 %, 0 %
2026/03/23 13:52:13.391, 3, 234.08 W, 30, 2032 MHz, 3996 MHz, 0 %, 0 %
2026/03/23 13:52:13.391, 4, 178.79 W, 25, 120 MHz, 3996 MHz, 0 %, 0 %
2026/03/23 13:52:13.391, 5, 180.58 W, 27, 120 MHz, 3996 MHz, 0 %, 0 %
2026/03/23 13:52:13.391, 6, 177.05 W, 26, 120 MHz, 3996 MHz, 0 %, 0 %
2026/03/23 13:52:13.391, 7, 176.59 W, 27, 120 MHz, 3996 MHz, 0 %, 0 %
2026/03/23 13:52:14.391, 0, 228.68 W, 27, 2032 MHz, 3996 MHz, 0 %, 0 %
2026/03/23 13:52:14.391, 1, 233.18 W, 29, 2032 MHz, 3996 MHz, 0 %, 0 %
2026/03/23 13:52:14.391, 2, 234.02 W, 27, 2032 MHz, 3996 MHz, 0 %, 0 %
2026/03/23 13:52:14.391, 3, 233.90 W, 30, 2032 MHz, 3996 MHz, 0 %, 0 %
2026/03/23 13:52:14.391, 4, 178.64 W, 25, 120 MHz, 3996 MHz, 0 %, 0 %
2026/03/23 13:52:14.391, 5, 180.58 W, 27, 120 MHz, 3996 MHz, 0 %, 0 %
2026/03/23 13:52:14.391, 6, 177.34 W, 26, 120 MHz, 3996 MHz, 0 %, 0 %
2026/03/23 13:52:14.391, 7, 176.58 W, 27, 120 MHz, 3996 MHz, 0 %, 0 %
2026/03/23 13:52:15.391, 0, 228.49 W, 27, 2032 MHz, 3996 MHz, 0 %, 0 %
2026/03/23 13:52:15.391, 1, 233.18 W, 29, 2032 MHz, 3996 MHz, 0 %, 0 %
2026/03/23 13:52:15.391, 2, 234.02 W, 27, 2032 MHz, 3996 MHz, 0 %, 0 %
2026/03/23 13:52:15.391, 3, 233.85 W, 30, 2032 MHz, 3996 MHz, 0 %, 0 %
2026/03/23 13:52:15.391, 4, 178.92 W, 25, 120 MHz, 3996 MHz, 0 %, 0 %
2026/03/23 13:52:15.391, 5, 180.58 W, 27, 120 MHz, 3996 MHz, 0 %, 0 %
2026/03/23 13:52:15.391, 6, 177.15 W, 26, 120 MHz, 3996 MHz, 0 %, 0 %
2026/03/23 13:52:15.391, 7, 176.58 W, 27, 120 MHz, 3996 MHz, 0 %, 0 %
2026/03/23 13:52:16.391, 0, 228.56 W, 27, 2032 MHz, 3996 MHz, 0 %, 0 %
2026/03/23 13:52:16.391, 1, 233.19 W, 29, 2032 MHz, 3996 MHz, 0 %, 0 %
2026/03/23 13:52:16.391, 2, 234.02 W, 27, 2032 MHz, 3996 MHz, 0 %, 0 %
2026/03/23 13:52:16.391, 3, 234.92 W, 30, 2032 MHz, 3996 MHz, 0 %, 0 %
2026/03/23 13:52:16.391, 4, 178.67 W, 25, 120 MHz, 3996 MHz, 0 %, 0 %
2026/03/23 13:52:16.391, 5, 180.58 W, 27, 120 MHz, 3996 MHz, 0 %, 0 %
2026/03/23 13:52:16.391, 6, 177.19 W, 26, 120 MHz, 3996 MHz, 0 %, 0 %
2026/03/23 13:52:16.391, 7, 176.58 W, 27, 120 MHz, 3996 MHz, 0 %, 0 %
2026/03/23 13:52:17.391, 0, 229.00 W, 27, 2032 MHz, 3996 MHz, 0 %, 0 %
2026/03/23 13:52:17.391, 1, 233.19 W, 29, 2032 MHz, 3996 MHz, 0 %, 0 %
2026/03/23 13:52:17.391, 2, 234.02 W, 27, 2032 MHz, 3996 MHz, 0 %, 0 %
2026/03/23 13:52:17.391, 3, 235.04 W, 30, 2032 MHz, 3996 MHz, 0 %, 0 %
2026/03/23 13:52:17.391, 4, 178.75 W, 25, 120 MHz, 3996 MHz, 0 %, 0 %
2026/03/23 13:52:17.391, 5, 180.58 W, 27, 120 MHz, 3996 MHz, 0 %, 0 %
2026/03/23 13:52:17.391, 6, 177.37 W, 26, 120 MHz, 3996 MHz, 0 %, 0 %
2026/03/23 13:52:17.391, 7, 176.58 W, 27, 120 MHz, 3996 MHz, 0 %, 0 %
2026/03/23 13:52:18.391, 0, 229.02 W, 27, 2032 MHz, 3996 MHz, 0 %, 0 %
2026/03/23 13:52:18.391, 1, 233.19 W, 29, 2032 MHz, 3996 MHz, 0 %, 0 %
2026/03/23 13:52:18.391, 2, 234.02 W, 27, 2032 MHz, 3996 MHz, 0 %, 0 %
2026/03/23 13:52:18.392, 3, 234.77 W, 30, 2032 MHz, 3996 MHz, 0 %, 0 %
2026/03/23 13:52:18.392, 4, 178.86 W, 25, 120 MHz, 3996 MHz, 0 %, 0 %
2026/03/23 13:52:18.392, 5, 180.58 W, 27, 120 MHz, 3996 MHz, 0 %, 0 %
2026/03/23 13:52:18.392, 6, 177.15 W, 26, 120 MHz, 3996 MHz, 0 %, 0 %
2026/03/23 13:52:18.392, 7, 176.58 W, 27, 120 MHz, 3996 MHz, 0 %, 0 %
2026/03/23 13:52:19.392, 0, 229.07 W, 27, 2032 MHz, 3996 MHz, 0 %, 0 %
2026/03/23 13:52:19.392, 1, 233.18 W, 29, 2032 MHz, 3996 MHz, 0 %, 0 %
2026/03/23 13:52:19.392, 2, 234.02 W, 27, 2032 MHz, 3996 MHz, 0 %, 0 %
2026/03/23 13:52:19.392, 3, 234.89 W, 30, 2032 MHz, 3996 MHz, 0 %, 0 %
2026/03/23 13:52:19.392, 4, 178.71 W, 25, 120 MHz, 3996 MHz, 0 %, 0 %
2026/03/23 13:52:19.392, 5, 180.58 W, 27, 120 MHz, 3996 MHz, 0 %, 0 %
2026/03/23 13:52:19.392, 6, 177.28 W, 26, 120 MHz, 3996 MHz, 0 %, 0 %
2026/03/23 13:52:19.392, 7, 176.58 W, 27, 120 MHz, 3996 MHz, 0 %, 0 %
2026/03/23 13:52:20.392, 0, 229.24 W, 27, 2032 MHz, 3996 MHz, 0 %, 0 %
2026/03/23 13:52:20.392, 1, 233.18 W, 29, 2032 MHz, 3996 MHz, 0 %, 0 %
2026/03/23 13:52:20.392, 2, 234.02 W, 27, 2032 MHz, 3996 MHz, 0 %, 0 %
2026/03/23 13:52:20.392, 3, 234.46 W, 30, 2032 MHz, 3996 MHz, 0 %, 0 %
2026/03/23 13:52:20.392, 4, 178.75 W, 25, 120 MHz, 3996 MHz, 0 %, 0 %
2026/03/23 13:52:20.392, 5, 180.58 W, 27, 120 MHz, 3996 MHz, 0 %, 0 %
2026/03/23 13:52:20.392, 6, 177.26 W, 26, 120 MHz, 3996 MHz, 0 %, 0 %
2026/03/23 13:52:20.392, 7, 176.58 W, 27, 120 MHz, 3996 MHz, 0 %, 0 %
2026/03/23 13:52:21.392, 0, 229.15 W, 27, 2032 MHz, 3996 MHz, 0 %, 0 %
2026/03/23 13:52:21.392, 1, 233.17 W, 29, 2032 MHz, 3996 MHz, 0 %, 0 %
2026/03/23 13:52:21.392, 2, 234.01 W, 27, 2032 MHz, 3996 MHz, 0 %, 0 %
2026/03/23 13:52:21.392, 3, 234.71 W, 30, 2032 MHz, 3996 MHz, 0 %, 0 %
2026/03/23 13:52:21.392, 4, 178.73 W, 25, 120 MHz, 3996 MHz, 0 %, 0 %
2026/03/23 13:52:21.392, 5, 180.58 W, 27, 120 MHz, 3996 MHz, 0 %, 0 %
2026/03/23 13:52:21.392, 6, 177.34 W, 26, 120 MHz, 3996 MHz, 0 %, 0 %
2026/03/23 13:52:21.392, 7, 176.59 W, 27, 120 MHz, 3996 MHz, 0 %, 0 %
2026/03/23 13:52:22.392, 0, 229.04 W, 27, 2032 MHz, 3996 MHz, 0 %, 0 %
2026/03/23 13:52:22.392, 1, 233.19 W, 29, 2032 MHz, 3996 MHz, 0 %, 0 %
2026/03/23 13:52:22.392, 2, 234.01 W, 27, 2032 MHz, 3996 MHz, 0 %, 0 %
2026/03/23 13:52:22.392, 3, 234.71 W, 30, 2032 MHz, 3996 MHz, 0 %, 0 %
2026/03/23 13:52:22.392, 4, 178.67 W, 25, 120 MHz, 3996 MHz, 0 %, 0 %
2026/03/23 13:52:22.392, 5, 180.58 W, 27, 120 MHz, 3996 MHz, 0 %, 0 %
2026/03/23 13:52:22.392, 6, 177.27 W, 26, 120 MHz, 3996 MHz, 0 %, 0 %
2026/03/23 13:52:22.392, 7, 176.58 W, 27, 120 MHz, 3996 MHz, 0 %, 0 %
2026/03/23 13:52:23.392, 0, 228.98 W, 27, 2032 MHz, 3996 MHz, 0 %, 0 %
2026/03/23 13:52:23.392, 1, 233.18 W, 29, 2032 MHz, 3996 MHz, 0 %, 0 %
2026/03/23 13:52:23.392, 2, 234.02 W, 27, 2032 MHz, 3996 MHz, 0 %, 0 %
2026/03/23 13:52:23.392, 3, 234.56 W, 30, 2032 MHz, 3996 MHz, 0 %, 0 %
2026/03/23 13:52:23.392, 4, 178.68 W, 25, 120 MHz, 3996 MHz, 0 %, 0 %
2026/03/23 13:52:23.392, 5, 180.58 W, 27, 120 MHz, 3996 MHz, 0 %, 0 %
2026/03/23 13:52:23.392, 6, 177.03 W, 26, 120 MHz, 3996 MHz, 0 %, 0 %
2026/03/23 13:52:23.392, 7, 176.58 W, 27, 120 MHz, 3996 MHz, 0 %, 0 %
2026/03/23 13:52:24.392, 0, 229.04 W, 27, 2032 MHz, 3996 MHz, 0 %, 0 %
2026/03/23 13:52:24.392, 1, 233.20 W, 29, 2032 MHz, 3996 MHz, 0 %, 0 %
2026/03/23 13:52:24.393, 2, 234.02 W, 27, 2032 MHz, 3996 MHz, 0 %, 0 %
2026/03/23 13:52:24.393, 3, 234.67 W, 30, 2032 MHz, 3996 MHz, 0 %, 0 %
2026/03/23 13:52:24.393, 4, 178.77 W, 25, 120 MHz, 3996 MHz, 0 %, 0 %
2026/03/23 13:52:24.393, 5, 180.58 W, 27, 120 MHz, 3996 MHz, 0 %, 0 %
2026/03/23 13:52:24.393, 6, 177.19 W, 26, 120 MHz, 3996 MHz, 0 %, 0 %
2026/03/23 13:52:24.393, 7, 176.58 W, 27, 120 MHz, 3996 MHz, 0 %, 0 %
2026/03/23 13:52:25.393, 0, 229.09 W, 27, 2032 MHz, 3996 MHz, 0 %, 0 %
2026/03/23 13:52:25.393, 1, 233.19 W, 29, 2032 MHz, 3996 MHz, 0 %, 0 %
2026/03/23 13:52:25.393, 2, 234.02 W, 27, 2032 MHz, 3996 MHz, 0 %, 0 %
2026/03/23 13:52:25.393, 3, 234.70 W, 30, 2032 MHz, 3996 MHz, 0 %, 0 %
2026/03/23 13:52:25.393, 4, 178.74 W, 25, 120 MHz, 3996 MHz, 0 %, 0 %
2026/03/23 13:52:25.393, 5, 180.58 W, 27, 120 MHz, 3996 MHz, 0 %, 0 %
2026/03/23 13:52:25.393, 6, 177.34 W, 26, 120 MHz, 3996 MHz, 0 %, 0 %
2026/03/23 13:52:25.393, 7, 176.58 W, 27, 120 MHz, 3996 MHz, 0 %, 0 %
2026/03/23 13:52:26.393, 0, 229.28 W, 27, 2032 MHz, 3996 MHz, 0 %, 0 %
2026/03/23 13:52:26.393, 1, 233.17 W, 29, 2032 MHz, 3996 MHz, 0 %, 0 %
2026/03/23 13:52:26.393, 2, 234.01 W, 27, 2032 MHz, 3996 MHz, 0 %, 0 %
2026/03/23 13:52:26.393, 3, 234.58 W, 30, 2032 MHz, 3996 MHz, 0 %, 0 %
2026/03/23 13:52:26.393, 4, 178.79 W, 25, 120 MHz, 3996 MHz, 0 %, 0 %
2026/03/23 13:52:26.393, 5, 180.58 W, 27, 120 MHz, 3996 MHz, 0 %, 0 %
2026/03/23 13:52:26.393, 6, 177.24 W, 26, 120 MHz, 3996 MHz, 0 %, 0 %
2026/03/23 13:52:26.393, 7, 176.58 W, 27, 120 MHz, 3996 MHz, 0 %, 0 %
2026/03/23 13:52:27.393, 0, 228.64 W, 27, 2032 MHz, 3996 MHz, 0 %, 0 %
2026/03/23 13:52:27.393, 1, 233.20 W, 29, 2032 MHz, 3996 MHz, 0 %, 0 %
2026/03/23 13:52:27.393, 2, 234.02 W, 27, 2032 MHz, 3996 MHz, 0 %, 0 %
2026/03/23 13:52:27.393, 3, 234.81 W, 30, 2032 MHz, 3996 MHz, 0 %, 0 %
2026/03/23 13:52:27.393, 4, 178.71 W, 25, 120 MHz, 3996 MHz, 0 %, 0 %
2026/03/23 13:52:27.393, 5, 180.58 W, 27, 120 MHz, 3996 MHz, 0 %, 0 %
2026/03/23 13:52:27.393, 6, 177.26 W, 26, 120 MHz, 3996 MHz, 0 %, 0 %
2026/03/23 13:52:27.393, 7, 176.58 W, 27, 120 MHz, 3996 MHz, 0 %, 0 %
2026/03/23 13:52:28.393, 0, 229.15 W, 27, 2032 MHz, 3996 MHz, 0 %, 0 %
2026/03/23 13:52:28.393, 1, 233.22 W, 29, 2032 MHz, 3996 MHz, 0 %, 0 %
2026/03/23 13:52:28.393, 2, 234.02 W, 27, 2032 MHz, 3996 MHz, 0 %, 0 %
2026/03/23 13:52:28.393, 3, 234.77 W, 30, 2032 MHz, 3996 MHz, 0 %, 0 %
2026/03/23 13:52:28.393, 4, 178.79 W, 25, 120 MHz, 3996 MHz, 0 %, 0 %
2026/03/23 13:52:28.393, 5, 180.58 W, 27, 120 MHz, 3996 MHz, 0 %, 0 %
2026/03/23 13:52:28.393, 6, 177.47 W, 26, 120 MHz, 3996 MHz, 0 %, 0 %
2026/03/23 13:52:28.393, 7, 176.58 W, 27, 120 MHz, 3996 MHz, 0 %, 0 %
2026/03/23 13:52:29.393, 0, 229.27 W, 27, 2032 MHz, 3996 MHz, 0 %, 0 %
2026/03/23 13:52:29.393, 1, 233.22 W, 29, 2032 MHz, 3996 MHz, 0 %, 0 %
2026/03/23 13:52:29.393, 2, 234.02 W, 27, 2032 MHz, 3996 MHz, 0 %, 0 %
2026/03/23 13:52:29.393, 3, 234.56 W, 30, 2032 MHz, 3996 MHz, 0 %, 0 %
2026/03/23 13:52:29.393, 4, 178.74 W, 25, 120 MHz, 3996 MHz, 0 %, 0 %
2026/03/23 13:52:29.394, 5, 180.58 W, 27, 120 MHz, 3996 MHz, 0 %, 0 %
2026/03/23 13:52:29.394, 6, 177.07 W, 26, 120 MHz, 3996 MHz, 0 %, 0 %
2026/03/23 13:52:29.394, 7, 176.58 W, 27, 120 MHz, 3996 MHz, 0 %, 0 %
2026/03/23 13:52:30.394, 0, 228.98 W, 27, 2032 MHz, 3996 MHz, 0 %, 0 %
2026/03/23 13:52:30.394, 1, 233.25 W, 29, 2032 MHz, 3996 MHz, 0 %, 0 %
2026/03/23 13:52:30.394, 2, 234.02 W, 27, 2032 MHz, 3996 MHz, 0 %, 0 %
2026/03/23 13:52:30.394, 3, 234.90 W, 30, 2032 MHz, 3996 MHz, 0 %, 0 %
2026/03/23 13:52:30.394, 4, 178.73 W, 25, 120 MHz, 3996 MHz, 0 %, 0 %
2026/03/23 13:52:30.394, 5, 180.58 W, 27, 120 MHz, 3996 MHz, 0 %, 0 %
2026/03/23 13:52:30.394, 6, 177.14 W, 26, 120 MHz, 3996 MHz, 0 %, 0 %
2026/03/23 13:52:30.394, 7, 176.58 W, 27, 120 MHz, 3996 MHz, 0 %, 0 %
2026/03/23 13:52:31.394, 0, 228.56 W, 27, 2032 MHz, 3996 MHz, 0 %, 0 %
2026/03/23 13:52:31.394, 1, 233.19 W, 29, 2032 MHz, 3996 MHz, 0 %, 0 %
2026/03/23 13:52:31.394, 2, 234.02 W, 27, 2032 MHz, 3996 MHz, 0 %, 0 %
2026/03/23 13:52:31.394, 3, 234.26 W, 30, 2032 MHz, 3996 MHz, 0 %, 0 %
2026/03/23 13:52:31.394, 4, 178.76 W, 25, 120 MHz, 3996 MHz, 0 %, 0 %
2026/03/23 13:52:31.394, 5, 180.58 W, 27, 120 MHz, 3996 MHz, 0 %, 0 %
2026/03/23 13:52:31.394, 6, 177.42 W, 26, 120 MHz, 3996 MHz, 0 %, 0 %
2026/03/23 13:52:31.394, 7, 176.58 W, 27, 120 MHz, 3996 MHz, 0 %, 0 %
2026/03/23 13:52:32.394, 0, 228.94 W, 27, 2032 MHz, 3996 MHz, 0 %, 0 %
2026/03/23 13:52:32.394, 1, 233.19 W, 29, 2032 MHz, 3996 MHz, 0 %, 0 %
2026/03/23 13:52:32.394, 2, 234.02 W, 27, 2032 MHz, 3996 MHz, 0 %, 0 %
2026/03/23 13:52:32.394, 3, 234.51 W, 30, 2032 MHz, 3996 MHz, 0 %, 0 %
2026/03/23 13:52:32.394, 4, 178.78 W, 25, 120 MHz, 3996 MHz, 0 %, 0 %
2026/03/23 13:52:32.394, 5, 180.58 W, 27, 120 MHz, 3996 MHz, 0 %, 0 %
2026/03/23 13:52:32.394, 6, 177.31 W, 26, 120 MHz, 3996 MHz, 0 %, 0 %
2026/03/23 13:52:32.394, 7, 176.58 W, 27, 120 MHz, 3996 MHz, 0 %, 0 %
2026/03/23 13:52:33.394, 0, 228.76 W, 27, 2032 MHz, 3996 MHz, 0 %, 0 %
2026/03/23 13:52:33.394, 1, 233.19 W, 29, 2032 MHz, 3996 MHz, 0 %, 0 %
2026/03/23 13:52:33.394, 2, 234.02 W, 27, 2032 MHz, 3996 MHz, 0 %, 0 %
2026/03/23 13:52:33.394, 3, 234.61 W, 30, 2032 MHz, 3996 MHz, 0 %, 0 %
2026/03/23 13:52:33.394, 4, 178.86 W, 25, 120 MHz, 3996 MHz, 0 %, 0 %
2026/03/23 13:52:33.394, 5, 180.58 W, 27, 120 MHz, 3996 MHz, 0 %, 0 %
2026/03/23 13:52:33.394, 6, 177.43 W, 26, 120 MHz, 3996 MHz, 0 %, 0 %
2026/03/23 13:52:33.394, 7, 176.58 W, 27, 120 MHz, 3996 MHz, 0 %, 0 %
2026/03/23 13:52:34.394, 0, 228.83 W, 27, 2032 MHz, 3996 MHz, 0 %, 0 %
2026/03/23 13:52:34.394, 1, 233.18 W, 29, 2032 MHz, 3996 MHz, 0 %, 0 %
2026/03/23 13:52:34.394, 2, 234.01 W, 27, 2032 MHz, 3996 MHz, 0 %, 0 %
2026/03/23 13:52:34.394, 3, 234.54 W, 30, 2032 MHz, 3996 MHz, 0 %, 0 %
2026/03/23 13:52:34.394, 4, 178.69 W, 25, 120 MHz, 3996 MHz, 0 %, 0 %
2026/03/23 13:52:34.394, 5, 180.58 W, 27, 120 MHz, 3996 MHz, 0 %, 0 %
2026/03/23 13:52:34.394, 6, 177.30 W, 26, 120 MHz, 3996 MHz, 0 %, 0 %
2026/03/23 13:52:34.394, 7, 176.58 W, 27, 120 MHz, 3996 MHz, 0 %, 0 %
2026/03/23 13:52:35.394, 0, 228.92 W, 27, 2032 MHz, 3996 MHz, 0 %, 0 %
2026/03/23 13:52:35.394, 1, 233.17 W, 29, 2032 MHz, 3996 MHz, 0 %, 0 %
2026/03/23 13:52:35.394, 2, 234.02 W, 27, 2032 MHz, 3996 MHz, 0 %, 0 %
2026/03/23 13:52:35.394, 3, 234.44 W, 30, 2032 MHz, 3996 MHz, 0 %, 0 %
2026/03/23 13:52:35.394, 4, 178.68 W, 25, 120 MHz, 3996 MHz, 0 %, 0 %
2026/03/23 13:52:35.394, 5, 180.58 W, 27, 120 MHz, 3996 MHz, 0 %, 0 %
2026/03/23 13:52:35.394, 6, 177.31 W, 26, 120 MHz, 3996 MHz, 0 %, 0 %
2026/03/23 13:52:35.394, 7, 176.58 W, 27, 120 MHz, 3996 MHz, 0 %, 0 %
2026/03/23 13:52:36.395, 0, 228.79 W, 27, 2032 MHz, 3996 MHz, 0 %, 0 %
2026/03/23 13:52:36.395, 1, 233.19 W, 29, 2032 MHz, 3996 MHz, 0 %, 0 %
2026/03/23 13:52:36.395, 2, 234.02 W, 27, 2032 MHz, 3996 MHz, 0 %, 0 %
2026/03/23 13:52:36.395, 3, 234.75 W, 30, 2032 MHz, 3996 MHz, 0 %, 0 %
2026/03/23 13:52:36.395, 4, 178.68 W, 25, 120 MHz, 3996 MHz, 0 %, 0 %
2026/03/23 13:52:36.395, 5, 180.58 W, 27, 120 MHz, 3996 MHz, 0 %, 0 %
2026/03/23 13:52:36.395, 6, 177.59 W, 26, 120 MHz, 3996 MHz, 0 %, 0 %
2026/03/23 13:52:36.395, 7, 176.58 W, 27, 120 MHz, 3996 MHz, 0 %, 0 %
2026/03/23 13:52:37.395, 0, 229.05 W, 27, 2032 MHz, 3996 MHz, 0 %, 0 %
2026/03/23 13:52:37.395, 1, 233.19 W, 29, 2032 MHz, 3996 MHz, 0 %, 0 %
2026/03/23 13:52:37.395, 2, 234.02 W, 27, 2032 MHz, 3996 MHz, 0 %, 0 %
2026/03/23 13:52:37.395, 3, 234.62 W, 30, 2032 MHz, 3996 MHz, 0 %, 0 %
2026/03/23 13:52:37.395, 4, 178.76 W, 25, 120 MHz, 3996 MHz, 0 %, 0 %
2026/03/23 13:52:37.395, 5, 180.58 W, 27, 120 MHz, 3996 MHz, 0 %, 0 %
2026/03/23 13:52:37.395, 6, 177.27 W, 26, 120 MHz, 3996 MHz, 0 %, 0 %
2026/03/23 13:52:37.395, 7, 176.58 W, 27, 120 MHz, 3996 MHz, 0 %, 0 %
2026/03/23 13:52:38.395, 0, 229.00 W, 27, 2032 MHz, 3996 MHz, 0 %, 0 %
2026/03/23 13:52:38.395, 1, 233.17 W, 29, 2032 MHz, 3996 MHz, 0 %, 0 %
2026/03/23 13:52:38.395, 2, 234.02 W, 27, 2032 MHz, 3996 MHz, 0 %, 0 %
2026/03/23 13:52:38.395, 3, 234.66 W, 30, 2032 MHz, 3996 MHz, 0 %, 0 %
2026/03/23 13:52:38.395, 4, 178.68 W, 25, 120 MHz, 3996 MHz, 0 %, 0 %
2026/03/23 13:52:38.395, 5, 180.58 W, 27, 120 MHz, 3996 MHz, 0 %, 0 %
2026/03/23 13:52:38.395, 6, 177.27 W, 26, 120 MHz, 3996 MHz, 0 %, 0 %
2026/03/23 13:52:38.395, 7, 176.58 W, 27, 120 MHz, 3996 MHz, 0 %, 0 %
2026/03/23 13:52:39.395, 0, 228.94 W, 27, 2032 MHz, 3996 MHz, 0 %, 0 %
2026/03/23 13:52:39.395, 1, 233.18 W, 29, 2032 MHz, 3996 MHz, 0 %, 0 %
2026/03/23 13:52:39.395, 2, 234.02 W, 27, 2032 MHz, 3996 MHz, 0 %, 0 %
2026/03/23 13:52:39.395, 3, 234.65 W, 30, 2032 MHz, 3996 MHz, 0 %, 0 %
2026/03/23 13:52:39.395, 4, 178.74 W, 25, 120 MHz, 3996 MHz, 0 %, 0 %
2026/03/23 13:52:39.395, 5, 180.58 W, 27, 120 MHz, 3996 MHz, 0 %, 0 %
2026/03/23 13:52:39.395, 6, 177.38 W, 26, 120 MHz, 3996 MHz, 0 %, 0 %
2026/03/23 13:52:39.395, 7, 176.58 W, 27, 120 MHz, 3996 MHz, 0 %, 0 %
2026/03/23 13:52:40.395, 0, 228.77 W, 27, 2032 MHz, 3996 MHz, 0 %, 0 %
2026/03/23 13:52:40.395, 1, 233.21 W, 29, 2032 MHz, 3996 MHz, 0 %, 0 %
2026/03/23 13:52:40.395, 2, 234.02 W, 27, 2032 MHz, 3996 MHz, 0 %, 0 %
2026/03/23 13:52:40.395, 3, 234.98 W, 30, 2032 MHz, 3996 MHz, 0 %, 0 %
2026/03/23 13:52:40.395, 4, 178.83 W, 25, 120 MHz, 3996 MHz, 0 %, 0 %
2026/03/23 13:52:40.395, 5, 180.58 W, 27, 120 MHz, 3996 MHz, 0 %, 0 %
2026/03/23 13:52:40.395, 6, 177.27 W, 26, 120 MHz, 3996 MHz, 0 %, 0 %
2026/03/23 13:52:40.395, 7, 176.58 W, 27, 120 MHz, 3996 MHz, 0 %, 0 %
2026/03/23 13:52:41.396, 0, 228.84 W, 27, 2032 MHz, 3996 MHz, 0 %, 0 %
2026/03/23 13:52:41.396, 1, 233.17 W, 29, 2032 MHz, 3996 MHz, 0 %, 0 %
2026/03/23 13:52:41.396, 2, 234.02 W, 27, 2032 MHz, 3996 MHz, 0 %, 0 %
2026/03/23 13:52:41.396, 3, 234.80 W, 30, 2032 MHz, 3996 MHz, 0 %, 0 %
2026/03/23 13:52:41.396, 4, 179.14 W, 25, 120 MHz, 3996 MHz, 0 %, 0 %
2026/03/23 13:52:41.396, 5, 180.58 W, 27, 120 MHz, 3996 MHz, 0 %, 0 %
2026/03/23 13:52:41.396, 6, 177.16 W, 26, 120 MHz, 3996 MHz, 0 %, 0 %
2026/03/23 13:52:41.396, 7, 176.58 W, 27, 120 MHz, 3996 MHz, 0 %, 0 %
2026/03/23 13:52:42.396, 0, 228.64 W, 27, 2032 MHz, 3996 MHz, 0 %, 0 %
2026/03/23 13:52:42.396, 1, 233.18 W, 29, 2032 MHz, 3996 MHz, 0 %, 0 %
2026/03/23 13:52:42.396, 2, 234.02 W, 27, 2032 MHz, 3996 MHz, 0 %, 0 %
2026/03/23 13:52:42.396, 3, 234.95 W, 30, 2032 MHz, 3996 MHz, 0 %, 0 %
2026/03/23 13:52:42.396, 4, 178.94 W, 25, 120 MHz, 3996 MHz, 0 %, 0 %
2026/03/23 13:52:42.396, 5, 180.58 W, 27, 120 MHz, 3996 MHz, 0 %, 0 %
2026/03/23 13:52:42.396, 6, 177.43 W, 26, 120 MHz, 3996 MHz, 0 %, 0 %
2026/03/23 13:52:42.396, 7, 176.58 W, 27, 120 MHz, 3996 MHz, 0 %, 0 %
2026/03/23 13:52:43.396, 0, 229.07 W, 27, 2032 MHz, 3996 MHz, 0 %, 0 %
2026/03/23 13:52:43.396, 1, 233.17 W, 29, 2032 MHz, 3996 MHz, 0 %, 0 %
2026/03/23 13:52:43.396, 2, 234.02 W, 27, 2032 MHz, 3996 MHz, 0 %, 0 %
2026/03/23 13:52:43.396, 3, 235.06 W, 30, 2032 MHz, 3996 MHz, 0 %, 0 %
2026/03/23 13:52:43.396, 4, 178.79 W, 25, 120 MHz, 3996 MHz, 0 %, 0 %
2026/03/23 13:52:43.396, 5, 180.58 W, 27, 120 MHz, 3996 MHz, 0 %, 0 %
2026/03/23 13:52:43.396, 6, 177.77 W, 26, 120 MHz, 3996 MHz, 0 %, 0 %
2026/03/23 13:52:43.396, 7, 176.58 W, 27, 120 MHz, 3996 MHz, 0 %, 0 %
2026/03/23 13:52:44.396, 0, 228.88 W, 27, 2032 MHz, 3996 MHz, 0 %, 0 %
2026/03/23 13:52:44.396, 1, 233.18 W, 29, 2032 MHz, 3996 MHz, 0 %, 0 %
2026/03/23 13:52:44.396, 2, 234.01 W, 27, 2032 MHz, 3996 MHz, 0 %, 0 %
2026/03/23 13:52:44.396, 3, 234.75 W, 30, 2032 MHz, 3996 MHz, 0 %, 0 %
2026/03/23 13:52:44.396, 4, 178.91 W, 25, 120 MHz, 3996 MHz, 0 %, 0 %
2026/03/23 13:52:44.396, 5, 180.58 W, 27, 120 MHz, 3996 MHz, 0 %, 0 %
2026/03/23 13:52:44.396, 6, 177.35 W, 26, 120 MHz, 3996 MHz, 0 %, 0 %
2026/03/23 13:52:44.396, 7, 176.58 W, 27, 120 MHz, 3996 MHz, 0 %, 0 %
2026/03/23 13:52:45.396, 0, 228.87 W, 27, 2032 MHz, 3996 MHz, 0 %, 0 %
2026/03/23 13:52:45.396, 1, 233.18 W, 29, 2032 MHz, 3996 MHz, 0 %, 0 %
2026/03/23 13:52:45.396, 2, 234.02 W, 27, 2032 MHz, 3996 MHz, 0 %, 0 %
2026/03/23 13:52:45.396, 3, 234.75 W, 30, 2032 MHz, 3996 MHz, 0 %, 0 %
2026/03/23 13:52:45.396, 4, 178.79 W, 25, 120 MHz, 3996 MHz, 0 %, 0 %
2026/03/23 13:52:45.396, 5, 180.58 W, 27, 120 MHz, 3996 MHz, 0 %, 0 %
2026/03/23 13:52:45.396, 6, 177.43 W, 26, 120 MHz, 3996 MHz, 0 %, 0 %
2026/03/23 13:52:45.396, 7, 176.58 W, 27, 120 MHz, 3996 MHz, 0 %, 0 %
2026/03/23 13:52:46.396, 0, 229.09 W, 27, 2032 MHz, 3996 MHz, 0 %, 0 %
2026/03/23 13:52:46.396, 1, 233.18 W, 29, 2032 MHz, 3996 MHz, 0 %, 0 %
2026/03/23 13:52:46.397, 2, 234.02 W, 27, 2032 MHz, 3996 MHz, 0 %, 0 %
2026/03/23 13:52:46.397, 3, 234.36 W, 30, 2032 MHz, 3996 MHz, 0 %, 0 %
2026/03/23 13:52:46.397, 4, 178.96 W, 25, 120 MHz, 3996 MHz, 0 %, 0 %
2026/03/23 13:52:46.397, 5, 180.58 W, 27, 120 MHz, 3996 MHz, 0 %, 0 %
2026/03/23 13:52:46.397, 6, 177.62 W, 26, 120 MHz, 3996 MHz, 0 %, 0 %
2026/03/23 13:52:46.397, 7, 176.58 W, 27, 120 MHz, 3996 MHz, 0 %, 0 %
2026/03/23 13:52:47.397, 0, 229.00 W, 27, 2032 MHz, 3996 MHz, 0 %, 0 %
2026/03/23 13:52:47.397, 1, 233.23 W, 29, 2032 MHz, 3996 MHz, 0 %, 0 %
2026/03/23 13:52:47.397, 2, 234.02 W, 27, 2032 MHz, 3996 MHz, 0 %, 0 %
2026/03/23 13:52:47.397, 3, 234.44 W, 30, 2032 MHz, 3996 MHz, 0 %, 0 %
2026/03/23 13:52:47.397, 4, 178.64 W, 25, 120 MHz, 3996 MHz, 0 %, 0 %
2026/03/23 13:52:47.397, 5, 180.58 W, 27, 120 MHz, 3996 MHz, 0 %, 0 %
2026/03/23 13:52:47.397, 6, 177.72 W, 26, 120 MHz, 3996 MHz, 0 %, 0 %
2026/03/23 13:52:47.397, 7, 176.58 W, 27, 120 MHz, 3996 MHz, 0 %, 0 %
2026/03/23 13:52:48.397, 0, 228.76 W, 27, 2032 MHz, 3996 MHz, 0 %, 0 %
2026/03/23 13:52:48.397, 1, 233.25 W, 29, 2032 MHz, 3996 MHz, 0 %, 0 %
2026/03/23 13:52:48.397, 2, 234.02 W, 27, 2032 MHz, 3996 MHz, 0 %, 0 %
2026/03/23 13:52:48.397, 3, 234.76 W, 30, 2032 MHz, 3996 MHz, 0 %, 0 %
2026/03/23 13:52:48.397, 4, 178.90 W, 25, 120 MHz, 3996 MHz, 0 %, 0 %
2026/03/23 13:52:48.397, 5, 180.58 W, 27, 120 MHz, 3996 MHz, 0 %, 0 %
2026/03/23 13:52:48.397, 6, 177.63 W, 26, 120 MHz, 3996 MHz, 0 %, 0 %
2026/03/23 13:52:48.397, 7, 176.58 W, 27, 120 MHz, 3996 MHz, 0 %, 0 %
2026/03/23 13:52:49.397, 0, 229.02 W, 27, 2032 MHz, 3996 MHz, 0 %, 0 %
2026/03/23 13:52:49.397, 1, 233.17 W, 29, 2032 MHz, 3996 MHz, 0 %, 0 %
2026/03/23 13:52:49.397, 2, 234.00 W, 27, 2032 MHz, 3996 MHz, 0 %, 0 %
2026/03/23 13:52:49.397, 3, 234.40 W, 30, 2032 MHz, 3996 MHz, 0 %, 0 %
2026/03/23 13:52:49.397, 4, 178.79 W, 25, 120 MHz, 3996 MHz, 0 %, 0 %
2026/03/23 13:52:49.397, 5, 180.58 W, 27, 120 MHz, 3996 MHz, 0 %, 0 %
2026/03/23 13:52:49.397, 6, 177.57 W, 26, 120 MHz, 3996 MHz, 0 %, 0 %
2026/03/23 13:52:49.397, 7, 176.58 W, 27, 120 MHz, 3996 MHz, 0 %, 0 %
2026/03/23 13:52:50.397, 0, 229.02 W, 27, 2032 MHz, 3996 MHz, 0 %, 0 %
2026/03/23 13:52:50.397, 1, 233.18 W, 29, 2032 MHz, 3996 MHz, 0 %, 0 %
2026/03/23 13:52:50.397, 2, 234.01 W, 27, 2032 MHz, 3996 MHz, 0 %, 0 %
2026/03/23 13:52:50.397, 3, 234.87 W, 30, 2032 MHz, 3996 MHz, 0 %, 0 %
2026/03/23 13:52:50.397, 4, 178.85 W, 25, 120 MHz, 3996 MHz, 0 %, 0 %
2026/03/23 13:52:50.397, 5, 180.58 W, 27, 120 MHz, 3996 MHz, 0 %, 0 %
2026/03/23 13:52:50.397, 6, 177.49 W, 26, 120 MHz, 3996 MHz, 0 %, 0 %
2026/03/23 13:52:50.397, 7, 176.58 W, 27, 120 MHz, 3996 MHz, 0 %, 0 %
2026/03/23 13:52:51.397, 0, 228.92 W, 27, 2032 MHz, 3996 MHz, 0 %, 0 %
2026/03/23 13:52:51.397, 1, 233.17 W, 29, 2032 MHz, 3996 MHz, 0 %, 0 %
2026/03/23 13:52:51.397, 2, 234.02 W, 27, 2032 MHz, 3996 MHz, 0 %, 0 %
2026/03/23 13:52:51.397, 3, 234.70 W, 30, 2032 MHz, 3996 MHz, 0 %, 0 %
2026/03/23 13:52:51.397, 4, 178.76 W, 25, 120 MHz, 3996 MHz, 0 %, 0 %
2026/03/23 13:52:51.397, 5, 180.58 W, 27, 120 MHz, 3996 MHz, 0 %, 0 %
2026/03/23 13:52:51.397, 6, 177.35 W, 26, 120 MHz, 3996 MHz, 0 %, 0 %
2026/03/23 13:52:51.397, 7, 176.58 W, 27, 120 MHz, 3996 MHz, 0 %, 0 %
2026/03/23 13:52:52.397, 0, 229.24 W, 27, 2032 MHz, 3996 MHz, 0 %, 0 %
2026/03/23 13:52:52.398, 1, 233.18 W, 29, 2032 MHz, 3996 MHz, 0 %, 0 %
2026/03/23 13:52:52.398, 2, 234.02 W, 27, 2032 MHz, 3996 MHz, 0 %, 0 %
2026/03/23 13:52:52.398, 3, 234.65 W, 30, 2032 MHz, 3996 MHz, 0 %, 0 %
2026/03/23 13:52:52.398, 4, 178.83 W, 25, 120 MHz, 3996 MHz, 0 %, 0 %
2026/03/23 13:52:52.398, 5, 180.58 W, 27, 120 MHz, 3996 MHz, 0 %, 0 %
2026/03/23 13:52:52.398, 6, 177.46 W, 26, 120 MHz, 3996 MHz, 0 %, 0 %
2026/03/23 13:52:52.398, 7, 176.58 W, 27, 120 MHz, 3996 MHz, 0 %, 0 %
2026/03/23 13:52:53.398, 0, 228.88 W, 27, 2032 MHz, 3996 MHz, 0 %, 0 %
2026/03/23 13:52:53.398, 1, 233.18 W, 29, 2032 MHz, 3996 MHz, 0 %, 0 %
2026/03/23 13:52:53.398, 2, 234.02 W, 27, 2032 MHz, 3996 MHz, 0 %, 0 %
2026/03/23 13:52:53.398, 3, 234.82 W, 30, 2032 MHz, 3996 MHz, 0 %, 0 %
2026/03/23 13:52:53.398, 4, 178.70 W, 25, 120 MHz, 3996 MHz, 0 %, 0 %
2026/03/23 13:52:53.398, 5, 180.58 W, 27, 120 MHz, 3996 MHz, 0 %, 0 %
2026/03/23 13:52:53.398, 6, 177.38 W, 26, 120 MHz, 3996 MHz, 0 %, 0 %
2026/03/23 13:52:53.398, 7, 176.58 W, 27, 120 MHz, 3996 MHz, 0 %, 0 %
2026/03/23 13:52:54.398, 0, 229.13 W, 27, 2032 MHz, 3996 MHz, 0 %, 0 %
2026/03/23 13:52:54.398, 1, 233.17 W, 29, 2032 MHz, 3996 MHz, 0 %, 0 %
2026/03/23 13:52:54.398, 2, 234.02 W, 27, 2032 MHz, 3996 MHz, 0 %, 0 %
2026/03/23 13:52:54.398, 3, 234.60 W, 30, 2032 MHz, 3996 MHz, 0 %, 0 %
2026/03/23 13:52:54.398, 4, 178.86 W, 25, 120 MHz, 3996 MHz, 0 %, 0 %
2026/03/23 13:52:54.398, 5, 180.58 W, 27, 120 MHz, 3996 MHz, 0 %, 0 %
2026/03/23 13:52:54.398, 6, 177.55 W, 26, 120 MHz, 3996 MHz, 0 %, 0 %
2026/03/23 13:52:54.398, 7, 176.58 W, 27, 120 MHz, 3996 MHz, 0 %, 0 %
2026/03/23 13:52:55.398, 0, 228.88 W, 27, 2032 MHz, 3996 MHz, 0 %, 0 %
2026/03/23 13:52:55.398, 1, 233.18 W, 29, 2032 MHz, 3996 MHz, 0 %, 0 %
2026/03/23 13:52:55.398, 2, 234.02 W, 27, 2032 MHz, 3996 MHz, 0 %, 0 %
2026/03/23 13:52:55.398, 3, 234.64 W, 30, 2032 MHz, 3996 MHz, 0 %, 0 %
2026/03/23 13:52:55.398, 4, 178.87 W, 25, 120 MHz, 3996 MHz, 0 %, 0 %
2026/03/23 13:52:55.398, 5, 180.58 W, 27, 120 MHz, 3996 MHz, 0 %, 0 %
2026/03/23 13:52:55.398, 6, 177.46 W, 26, 120 MHz, 3996 MHz, 0 %, 0 %
2026/03/23 13:52:55.398, 7, 176.58 W, 27, 120 MHz, 3996 MHz, 0 %, 0 %
2026/03/23 13:52:56.398, 0, 228.98 W, 27, 2032 MHz, 3996 MHz, 0 %, 0 %
2026/03/23 13:52:56.398, 1, 233.17 W, 29, 2032 MHz, 3996 MHz, 0 %, 0 %
2026/03/23 13:52:56.398, 2, 234.02 W, 27, 2032 MHz, 3996 MHz, 0 %, 0 %
2026/03/23 13:52:56.398, 3, 234.67 W, 30, 2032 MHz, 3996 MHz, 0 %, 0 %
2026/03/23 13:52:56.398, 4, 178.64 W, 25, 120 MHz, 3996 MHz, 0 %, 0 %
2026/03/23 13:52:56.398, 5, 180.58 W, 27, 120 MHz, 3996 MHz, 0 %, 0 %
2026/03/23 13:52:56.398, 6, 177.35 W, 26, 120 MHz, 3996 MHz, 0 %, 0 %
2026/03/23 13:52:56.398, 7, 176.58 W, 27, 120 MHz, 3996 MHz, 0 %, 0 %
2026/03/23 13:52:57.399, 0, 228.68 W, 27, 2032 MHz, 3996 MHz, 0 %, 0 %
2026/03/23 13:52:57.399, 1, 233.17 W, 29, 2032 MHz, 3996 MHz, 0 %, 0 %
2026/03/23 13:52:57.399, 2, 234.02 W, 27, 2032 MHz, 3996 MHz, 0 %, 0 %
2026/03/23 13:52:57.399, 3, 234.48 W, 30, 2032 MHz, 3996 MHz, 0 %, 0 %
2026/03/23 13:52:57.399, 4, 178.84 W, 25, 120 MHz, 3996 MHz, 0 %, 0 %
2026/03/23 13:52:57.399, 5, 180.58 W, 27, 120 MHz, 3996 MHz, 0 %, 0 %
2026/03/23 13:52:57.399, 6, 177.40 W, 26, 120 MHz, 3996 MHz, 0 %, 0 %
2026/03/23 13:52:57.399, 7, 176.58 W, 27, 120 MHz, 3996 MHz, 0 %, 0 %
2026/03/23 13:52:58.399, 0, 228.96 W, 27, 2032 MHz, 3996 MHz, 0 %, 0 %
2026/03/23 13:52:58.399, 1, 233.17 W, 29, 2032 MHz, 3996 MHz, 0 %, 0 %
2026/03/23 13:52:58.399, 2, 234.02 W, 27, 2032 MHz, 3996 MHz, 0 %, 0 %
2026/03/23 13:52:58.399, 3, 234.68 W, 30, 2032 MHz, 3996 MHz, 0 %, 0 %
2026/03/23 13:52:58.399, 4, 178.74 W, 25, 120 MHz, 3996 MHz, 0 %, 0 %
2026/03/23 13:52:58.399, 5, 180.58 W, 27, 120 MHz, 3996 MHz, 0 %, 0 %
2026/03/23 13:52:58.399, 6, 177.65 W, 26, 120 MHz, 3996 MHz, 0 %, 0 %
2026/03/23 13:52:58.399, 7, 176.58 W, 27, 120 MHz, 3996 MHz, 0 %, 0 %
2026/03/23 13:52:59.399, 0, 228.69 W, 27, 2032 MHz, 3996 MHz, 0 %, 0 %
2026/03/23 13:52:59.399, 1, 233.17 W, 29, 2032 MHz, 3996 MHz, 0 %, 0 %
2026/03/23 13:52:59.399, 2, 234.01 W, 27, 2032 MHz, 3996 MHz, 0 %, 0 %
2026/03/23 13:52:59.399, 3, 234.76 W, 30, 2032 MHz, 3996 MHz, 0 %, 0 %
2026/03/23 13:52:59.399, 4, 178.72 W, 25, 120 MHz, 3996 MHz, 0 %, 0 %
2026/03/23 13:52:59.399, 5, 180.58 W, 27, 120 MHz, 3996 MHz, 0 %, 0 %
2026/03/23 13:52:59.399, 6, 177.36 W, 26, 120 MHz, 3996 MHz, 0 %, 0 %
2026/03/23 13:52:59.399, 7, 176.58 W, 27, 120 MHz, 3996 MHz, 0 %, 0 %
2026/03/23 13:53:00.399, 0, 228.90 W, 27, 2032 MHz, 3996 MHz, 0 %, 0 %
2026/03/23 13:53:00.399, 1, 233.17 W, 29, 2032 MHz, 3996 MHz, 0 %, 0 %
2026/03/23 13:53:00.399, 2, 234.02 W, 27, 2032 MHz, 3996 MHz, 0 %, 0 %
2026/03/23 13:53:00.399, 3, 234.45 W, 30, 2032 MHz, 3996 MHz, 0 %, 0 %
2026/03/23 13:53:00.399, 4, 178.60 W, 25, 120 MHz, 3996 MHz, 0 %, 0 %
2026/03/23 13:53:00.399, 5, 180.58 W, 27, 120 MHz, 3996 MHz, 0 %, 0 %
2026/03/23 13:53:00.399, 6, 177.52 W, 26, 120 MHz, 3996 MHz, 0 %, 0 %
2026/03/23 13:53:00.399, 7, 176.58 W, 27, 120 MHz, 3996 MHz, 0 %, 0 %
2026/03/23 13:53:01.399, 0, 228.61 W, 27, 2032 MHz, 3996 MHz, 0 %, 0 %
2026/03/23 13:53:01.399, 1, 233.16 W, 29, 2032 MHz, 3996 MHz, 0 %, 0 %
2026/03/23 13:53:01.399, 2, 234.02 W, 27, 2032 MHz, 3996 MHz, 0 %, 0 %
2026/03/23 13:53:01.399, 3, 234.57 W, 30, 2032 MHz, 3996 MHz, 0 %, 0 %
2026/03/23 13:53:01.399, 4, 178.76 W, 25, 120 MHz, 3996 MHz, 0 %, 0 %
2026/03/23 13:53:01.399, 5, 180.58 W, 27, 120 MHz, 3996 MHz, 0 %, 0 %
2026/03/23 13:53:01.399, 6, 177.38 W, 26, 120 MHz, 3996 MHz, 0 %, 0 %
2026/03/23 13:53:01.399, 7, 176.58 W, 27, 120 MHz, 3996 MHz, 0 %, 0 %
2026/03/23 13:53:02.399, 0, 228.68 W, 27, 2032 MHz, 3996 MHz, 0 %, 0 %
2026/03/23 13:53:02.399, 1, 233.16 W, 29, 2032 MHz, 3996 MHz, 0 %, 0 %
2026/03/23 13:53:02.399, 2, 234.01 W, 27, 2032 MHz, 3996 MHz, 0 %, 0 %
2026/03/23 13:53:02.399, 3, 234.52 W, 30, 2032 MHz, 3996 MHz, 0 %, 0 %
2026/03/23 13:53:02.399, 4, 178.76 W, 25, 120 MHz, 3996 MHz, 0 %, 0 %
2026/03/23 13:53:02.399, 5, 180.58 W, 27, 120 MHz, 3996 MHz, 0 %, 0 %
2026/03/23 13:53:02.399, 6, 177.27 W, 26, 120 MHz, 3996 MHz, 0 %, 0 %
2026/03/23 13:53:02.399, 7, 176.58 W, 27, 120 MHz, 3996 MHz, 0 %, 0 %
2026/03/23 13:53:03.400, 0, 228.69 W, 27, 2032 MHz, 3996 MHz, 0 %, 0 %
2026/03/23 13:53:03.400, 1, 233.16 W, 29, 2032 MHz, 3996 MHz, 0 %, 0 %
2026/03/23 13:53:03.400, 2, 234.02 W, 27, 2032 MHz, 3996 MHz, 0 %, 0 %
2026/03/23 13:53:03.400, 3, 234.44 W, 30, 2032 MHz, 3996 MHz, 0 %, 0 %
2026/03/23 13:53:03.400, 4, 178.63 W, 25, 120 MHz, 3996 MHz, 0 %, 0 %
2026/03/23 13:53:03.400, 5, 180.58 W, 27, 120 MHz, 3996 MHz, 0 %, 0 %
2026/03/23 13:53:03.400, 6, 177.51 W, 26, 120 MHz, 3996 MHz, 0 %, 0 %
2026/03/23 13:53:03.400, 7, 176.58 W, 27, 120 MHz, 3996 MHz, 0 %, 0 %
2026/03/23 13:53:04.400, 0, 228.69 W, 27, 2032 MHz, 3996 MHz, 0 %, 0 %
2026/03/23 13:53:04.400, 1, 233.17 W, 29, 2032 MHz, 3996 MHz, 0 %, 0 %
2026/03/23 13:53:04.400, 2, 234.02 W, 27, 2032 MHz, 3996 MHz, 0 %, 0 %
2026/03/23 13:53:04.400, 3, 234.59 W, 30, 2032 MHz, 3996 MHz, 0 %, 0 %
2026/03/23 13:53:04.400, 4, 178.90 W, 25, 120 MHz, 3996 MHz, 0 %, 0 %
2026/03/23 13:53:04.400, 5, 180.58 W, 27, 120 MHz, 3996 MHz, 0 %, 0 %
2026/03/23 13:53:04.400, 6, 177.53 W, 26, 120 MHz, 3996 MHz, 0 %, 0 %
2026/03/23 13:53:04.400, 7, 176.58 W, 27, 120 MHz, 3996 MHz, 0 %, 0 %
2026/03/23 13:53:05.400, 0, 229.04 W, 27, 2032 MHz, 3996 MHz, 0 %, 0 %
2026/03/23 13:53:05.400, 1, 233.17 W, 29, 2032 MHz, 3996 MHz, 0 %, 0 %
2026/03/23 13:53:05.400, 2, 234.02 W, 27, 2032 MHz, 3996 MHz, 0 %, 0 %
2026/03/23 13:53:05.400, 3, 234.39 W, 30, 2032 MHz, 3996 MHz, 0 %, 0 %
2026/03/23 13:53:05.400, 4, 178.74 W, 25, 120 MHz, 3996 MHz, 0 %, 0 %
2026/03/23 13:53:05.400, 5, 180.58 W, 27, 120 MHz, 3996 MHz, 0 %, 0 %
2026/03/23 13:53:05.400, 6, 177.39 W, 26, 120 MHz, 3996 MHz, 0 %, 0 %
2026/03/23 13:53:05.400, 7, 176.58 W, 27, 120 MHz, 3996 MHz, 0 %, 0 %
2026/03/23 13:53:06.400, 0, 228.68 W, 27, 2032 MHz, 3996 MHz, 0 %, 0 %
2026/03/23 13:53:06.400, 1, 233.16 W, 29, 2032 MHz, 3996 MHz, 0 %, 0 %
2026/03/23 13:53:06.400, 2, 234.01 W, 27, 2032 MHz, 3996 MHz, 0 %, 0 %
2026/03/23 13:53:06.400, 3, 234.66 W, 30, 2032 MHz, 3996 MHz, 0 %, 0 %
2026/03/23 13:53:06.400, 4, 178.71 W, 25, 120 MHz, 3996 MHz, 0 %, 0 %
2026/03/23 13:53:06.400, 5, 180.58 W, 27, 120 MHz, 3996 MHz, 0 %, 0 %
2026/03/23 13:53:06.400, 6, 177.48 W, 26, 120 MHz, 3996 MHz, 0 %, 0 %
2026/03/23 13:53:06.400, 7, 176.58 W, 27, 120 MHz, 3996 MHz, 0 %, 0 %
2026/03/23 13:53:07.400, 0, 228.83 W, 27, 2032 MHz, 3996 MHz, 0 %, 0 %
2026/03/23 13:53:07.400, 1, 233.17 W, 29, 2032 MHz, 3996 MHz, 0 %, 0 %
2026/03/23 13:53:07.400, 2, 234.01 W, 27, 2032 MHz, 3996 MHz, 0 %, 0 %
2026/03/23 13:53:07.400, 3, 234.60 W, 30, 2032 MHz, 3996 MHz, 0 %, 0 %
2026/03/23 13:53:07.400, 4, 178.59 W, 25, 120 MHz, 3996 MHz, 0 %, 0 %
2026/03/23 13:53:07.400, 5, 180.58 W, 27, 120 MHz, 3996 MHz, 0 %, 0 %
2026/03/23 13:53:07.400, 6, 177.82 W, 26, 120 MHz, 3996 MHz, 0 %, 0 %
2026/03/23 13:53:07.400, 7, 176.59 W, 27, 120 MHz, 3996 MHz, 0 %, 0 %
2026/03/23 13:53:08.400, 0, 228.88 W, 27, 2032 MHz, 3996 MHz, 0 %, 0 %
2026/03/23 13:53:08.400, 1, 233.17 W, 29, 2032 MHz, 3996 MHz, 0 %, 0 %
2026/03/23 13:53:08.400, 2, 234.02 W, 27, 2032 MHz, 3996 MHz, 0 %, 0 %
2026/03/23 13:53:08.400, 3, 234.46 W, 30, 2032 MHz, 3996 MHz, 0 %, 0 %
2026/03/23 13:53:08.400, 4, 178.73 W, 25, 120 MHz, 3996 MHz, 0 %, 0 %
2026/03/23 13:53:08.400, 5, 180.58 W, 27, 120 MHz, 3996 MHz, 0 %, 0 %
2026/03/23 13:53:08.400, 6, 177.45 W, 26, 120 MHz, 3996 MHz, 0 %, 0 %
2026/03/23 13:53:08.400, 7, 176.58 W, 27, 120 MHz, 3996 MHz, 0 %, 0 %
2026/03/23 13:53:09.401, 0, 228.68 W, 27, 2032 MHz, 3996 MHz, 0 %, 0 %
2026/03/23 13:53:09.401, 1, 233.16 W, 29, 2032 MHz, 3996 MHz, 0 %, 0 %
2026/03/23 13:53:09.401, 2, 234.02 W, 27, 2032 MHz, 3996 MHz, 0 %, 0 %
2026/03/23 13:53:09.401, 3, 234.73 W, 30, 2032 MHz, 3996 MHz, 0 %, 0 %
2026/03/23 13:53:09.401, 4, 178.67 W, 25, 120 MHz, 3996 MHz, 0 %, 0 %
2026/03/23 13:53:09.401, 5, 180.58 W, 27, 120 MHz, 3996 MHz, 0 %, 0 %
2026/03/23 13:53:09.401, 6, 177.42 W, 26, 120 MHz, 3996 MHz, 0 %, 0 %
2026/03/23 13:53:09.401, 7, 176.58 W, 27, 120 MHz, 3996 MHz, 0 %, 0 %
2026/03/23 13:53:10.401, 0, 228.92 W, 27, 2032 MHz, 3996 MHz, 0 %, 0 %
2026/03/23 13:53:10.401, 1, 233.17 W, 29, 2032 MHz, 3996 MHz, 0 %, 0 %
2026/03/23 13:53:10.401, 2, 234.02 W, 27, 2032 MHz, 3996 MHz, 0 %, 0 %
2026/03/23 13:53:10.401, 3, 234.62 W, 30, 2032 MHz, 3996 MHz, 0 %, 0 %
2026/03/23 13:53:10.401, 4, 178.74 W, 25, 120 MHz, 3996 MHz, 0 %, 0 %
2026/03/23 13:53:10.401, 5, 180.58 W, 27, 120 MHz, 3996 MHz, 0 %, 0 %
2026/03/23 13:53:10.401, 6, 177.77 W, 26, 120 MHz, 3996 MHz, 0 %, 0 %
2026/03/23 13:53:10.401, 7, 176.58 W, 27, 120 MHz, 3996 MHz, 0 %, 0 %
2026/03/23 13:53:11.401, 0, 228.38 W, 27, 2032 MHz, 3996 MHz, 0 %, 0 %
2026/03/23 13:53:11.401, 1, 233.16 W, 29, 2032 MHz, 3996 MHz, 0 %, 0 %
2026/03/23 13:53:11.401, 2, 234.02 W, 27, 2032 MHz, 3996 MHz, 0 %, 0 %
2026/03/23 13:53:11.401, 3, 234.57 W, 30, 2032 MHz, 3996 MHz, 0 %, 0 %
2026/03/23 13:53:11.401, 4, 178.76 W, 25, 120 MHz, 3996 MHz, 0 %, 0 %
2026/03/23 13:53:11.401, 5, 180.58 W, 27, 120 MHz, 3996 MHz, 0 %, 0 %
2026/03/23 13:53:11.401, 6, 177.30 W, 26, 120 MHz, 3996 MHz, 0 %, 0 %
2026/03/23 13:53:11.401, 7, 176.59 W, 27, 120 MHz, 3996 MHz, 0 %, 0 %
2026/03/23 13:53:12.401, 0, 228.57 W, 27, 2032 MHz, 3996 MHz, 0 %, 0 %
2026/03/23 13:53:12.401, 1, 233.17 W, 29, 2032 MHz, 3996 MHz, 0 %, 0 %
2026/03/23 13:53:12.401, 2, 234.02 W, 27, 2032 MHz, 3996 MHz, 0 %, 0 %
2026/03/23 13:53:12.401, 3, 234.20 W, 30, 2032 MHz, 3996 MHz, 0 %, 0 %
2026/03/23 13:53:12.401, 4, 178.74 W, 25, 120 MHz, 3996 MHz, 0 %, 0 %
2026/03/23 13:53:12.401, 5, 180.58 W, 27, 120 MHz, 3996 MHz, 0 %, 0 %
2026/03/23 13:53:12.401, 6, 177.38 W, 26, 120 MHz, 3996 MHz, 0 %, 0 %
2026/03/23 13:53:12.401, 7, 176.58 W, 27, 120 MHz, 3996 MHz, 0 %, 0 %
2026/03/23 13:53:13.401, 0, 228.64 W, 27, 2032 MHz, 3996 MHz, 0 %, 0 %
2026/03/23 13:53:13.401, 1, 233.17 W, 29, 2032 MHz, 3996 MHz, 0 %, 0 %
2026/03/23 13:53:13.401, 2, 234.02 W, 27, 2032 MHz, 3996 MHz, 0 %, 0 %
2026/03/23 13:53:13.401, 3, 234.54 W, 30, 2032 MHz, 3996 MHz, 0 %, 0 %
2026/03/23 13:53:13.401, 4, 178.71 W, 25, 120 MHz, 3996 MHz, 0 %, 0 %
2026/03/23 13:53:13.401, 5, 180.58 W, 27, 120 MHz, 3996 MHz, 0 %, 0 %
2026/03/23 13:53:13.401, 6, 177.29 W, 26, 120 MHz, 3996 MHz, 0 %, 0 %
2026/03/23 13:53:13.401, 7, 176.58 W, 27, 120 MHz, 3996 MHz, 0 %, 0 %
2026/03/23 13:53:14.401, 0, 228.79 W, 27, 2032 MHz, 3996 MHz, 0 %, 0 %
2026/03/23 13:53:14.401, 1, 233.16 W, 29, 2032 MHz, 3996 MHz, 0 %, 0 %
2026/03/23 13:53:14.401, 2, 234.02 W, 27, 2032 MHz, 3996 MHz, 0 %, 0 %
2026/03/23 13:53:14.401, 3, 234.36 W, 30, 2032 MHz, 3996 MHz, 0 %, 0 %
2026/03/23 13:53:14.401, 4, 178.65 W, 25, 120 MHz, 3996 MHz, 0 %, 0 %
2026/03/23 13:53:14.401, 5, 180.58 W, 27, 120 MHz, 3996 MHz, 0 %, 0 %
2026/03/23 13:53:14.401, 6, 177.57 W, 26, 120 MHz, 3996 MHz, 0 %, 0 %
2026/03/23 13:53:14.401, 7, 176.58 W, 27, 120 MHz, 3996 MHz, 0 %, 0 %
2026/03/23 13:53:15.401, 0, 232.22 W, 28, 2032 MHz, 3996 MHz, 0 %, 0 %
2026/03/23 13:53:15.401, 1, 238.68 W, 29, 2032 MHz, 3996 MHz, 89 %, 3 %
2026/03/23 13:53:15.401, 2, 234.56 W, 27, 2032 MHz, 3996 MHz, 0 %, 0 %
2026/03/23 13:53:15.401, 3, 234.44 W, 30, 2032 MHz, 3996 MHz, 0 %, 0 %
2026/03/23 13:53:15.401, 4, 178.66 W, 25, 120 MHz, 3996 MHz, 0 %, 0 %
2026/03/23 13:53:15.401, 5, 180.58 W, 27, 120 MHz, 3996 MHz, 0 %, 0 %
2026/03/23 13:53:15.402, 6, 177.26 W, 26, 120 MHz, 3996 MHz, 0 %, 0 %
2026/03/23 13:53:15.402, 7, 176.58 W, 27, 120 MHz, 3996 MHz, 0 %, 0 %
2026/03/23 13:53:16.402, 0, 291.98 W, 27, 2032 MHz, 3996 MHz, 0 %, 0 %
2026/03/23 13:53:16.402, 1, 296.47 W, 29, 2032 MHz, 3996 MHz, 0 %, 0 %
2026/03/23 13:53:16.402, 2, 299.13 W, 27, 2032 MHz, 3996 MHz, 0 %, 0 %
2026/03/23 13:53:16.402, 3, 298.39 W, 30, 2032 MHz, 3996 MHz, 0 %, 0 %
2026/03/23 13:53:16.402, 4, 178.70 W, 25, 120 MHz, 3996 MHz, 0 %, 0 %
2026/03/23 13:53:16.402, 5, 180.58 W, 27, 120 MHz, 3996 MHz, 0 %, 0 %
2026/03/23 13:53:16.402, 6, 177.52 W, 26, 120 MHz, 3996 MHz, 0 %, 0 %
2026/03/23 13:53:16.402, 7, 176.58 W, 27, 120 MHz, 3996 MHz, 0 %, 0 %
2026/03/23 13:53:17.402, 0, 228.18 W, 27, 2032 MHz, 3996 MHz, 0 %, 0 %
2026/03/23 13:53:17.402, 1, 233.17 W, 29, 2032 MHz, 3996 MHz, 0 %, 0 %
2026/03/23 13:53:17.402, 2, 234.01 W, 27, 2032 MHz, 3996 MHz, 0 %, 0 %
2026/03/23 13:53:17.402, 3, 233.30 W, 30, 2032 MHz, 3996 MHz, 0 %, 0 %
2026/03/23 13:53:17.402, 4, 178.70 W, 25, 120 MHz, 3996 MHz, 0 %, 0 %
2026/03/23 13:53:17.402, 5, 180.58 W, 27, 120 MHz, 3996 MHz, 0 %, 0 %
2026/03/23 13:53:17.402, 6, 177.15 W, 26, 120 MHz, 3996 MHz, 0 %, 0 %
2026/03/23 13:53:17.402, 7, 176.58 W, 27, 120 MHz, 3996 MHz, 0 %, 0 %
2026/03/23 13:53:18.402, 0, 228.15 W, 27, 2032 MHz, 3996 MHz, 0 %, 0 %
2026/03/23 13:53:18.402, 1, 233.18 W, 29, 2032 MHz, 3996 MHz, 0 %, 0 %
2026/03/23 13:53:18.402, 2, 234.02 W, 27, 2032 MHz, 3996 MHz, 0 %, 0 %
2026/03/23 13:53:18.402, 3, 233.43 W, 30, 2032 MHz, 3996 MHz, 0 %, 0 %
2026/03/23 13:53:18.402, 4, 178.66 W, 25, 120 MHz, 3996 MHz, 0 %, 0 %
2026/03/23 13:53:18.402, 5, 180.58 W, 27, 120 MHz, 3996 MHz, 0 %, 0 %
2026/03/23 13:53:18.402, 6, 177.22 W, 26, 120 MHz, 3996 MHz, 0 %, 0 %
2026/03/23 13:53:18.402, 7, 176.58 W, 27, 120 MHz, 3996 MHz, 0 %, 0 %
2026/03/23 13:53:19.402, 0, 228.07 W, 27, 2032 MHz, 3996 MHz, 0 %, 0 %
2026/03/23 13:53:19.402, 1, 233.18 W, 29, 2032 MHz, 3996 MHz, 0 %, 0 %
2026/03/23 13:53:19.402, 2, 234.02 W, 27, 2032 MHz, 3996 MHz, 0 %, 0 %
2026/03/23 13:53:19.402, 3, 233.41 W, 30, 2032 MHz, 3996 MHz, 0 %, 0 %
2026/03/23 13:53:19.402, 4, 178.70 W, 25, 120 MHz, 3996 MHz, 0 %, 0 %
2026/03/23 13:53:19.402, 5, 180.58 W, 27, 120 MHz, 3996 MHz, 0 %, 0 %
2026/03/23 13:53:19.402, 6, 177.12 W, 26, 120 MHz, 3996 MHz, 0 %, 0 %
2026/03/23 13:53:19.402, 7, 176.58 W, 27, 120 MHz, 3996 MHz, 0 %, 0 %
2026/03/23 13:53:20.402, 0, 234.04 W, 27, 2032 MHz, 3996 MHz, 0 %, 0 %
2026/03/23 13:53:20.402, 1, 237.67 W, 29, 2032 MHz, 3996 MHz, 0 %, 0 %
2026/03/23 13:53:20.402, 2, 237.55 W, 27, 2032 MHz, 3996 MHz, 0 %, 0 %
2026/03/23 13:53:20.402, 3, 237.55 W, 30, 2032 MHz, 3996 MHz, 3 %, 2 %
2026/03/23 13:53:20.402, 4, 178.71 W, 25, 120 MHz, 3996 MHz, 0 %, 0 %
2026/03/23 13:53:20.402, 5, 180.58 W, 27, 120 MHz, 3996 MHz, 0 %, 0 %
2026/03/23 13:53:20.402, 6, 177.15 W, 26, 120 MHz, 3996 MHz, 0 %, 0 %
2026/03/23 13:53:20.402, 7, 176.58 W, 27, 120 MHz, 3996 MHz, 0 %, 0 %
2026/03/23 13:53:21.402, 0, 228.07 W, 27, 2032 MHz, 3996 MHz, 0 %, 0 %
2026/03/23 13:53:21.402, 1, 233.18 W, 29, 2032 MHz, 3996 MHz, 0 %, 0 %
2026/03/23 13:53:21.402, 2, 234.01 W, 27, 2032 MHz, 3996 MHz, 0 %, 0 %
2026/03/23 13:53:21.402, 3, 233.52 W, 30, 2032 MHz, 3996 MHz, 0 %, 0 %
2026/03/23 13:53:21.402, 4, 178.67 W, 25, 120 MHz, 3996 MHz, 0 %, 0 %
2026/03/23 13:53:21.402, 5, 180.58 W, 27, 120 MHz, 3996 MHz, 0 %, 0 %
2026/03/23 13:53:21.402, 6, 177.54 W, 26, 120 MHz, 3996 MHz, 0 %, 0 %
2026/03/23 13:53:21.402, 7, 176.59 W, 27, 120 MHz, 3996 MHz, 0 %, 0 %
2026/03/23 13:53:22.402, 0, 228.07 W, 27, 2032 MHz, 3996 MHz, 0 %, 0 %
2026/03/23 13:53:22.402, 1, 233.17 W, 29, 2032 MHz, 3996 MHz, 0 %, 0 %
2026/03/23 13:53:22.402, 2, 234.02 W, 27, 2032 MHz, 3996 MHz, 0 %, 0 %
2026/03/23 13:53:22.402, 3, 233.34 W, 30, 2032 MHz, 3996 MHz, 0 %, 0 %
2026/03/23 13:53:22.402, 4, 178.72 W, 25, 120 MHz, 3996 MHz, 0 %, 0 %
2026/03/23 13:53:22.402, 5, 180.58 W, 27, 120 MHz, 3996 MHz, 0 %, 0 %
2026/03/23 13:53:22.402, 6, 177.42 W, 26, 120 MHz, 3996 MHz, 0 %, 0 %
2026/03/23 13:53:22.403, 7, 176.58 W, 27, 120 MHz, 3996 MHz, 0 %, 0 %
2026/03/23 13:53:23.403, 0, 361.35 W, 28, 2032 MHz, 3996 MHz, 0 %, 0 %
2026/03/23 13:53:23.403, 1, 364.34 W, 30, 2032 MHz, 3996 MHz, 0 %, 0 %
2026/03/23 13:53:23.403, 2, 369.33 W, 28, 2032 MHz, 3996 MHz, 0 %, 0 %
2026/03/23 13:53:23.403, 3, 362.58 W, 31, 2032 MHz, 3996 MHz, 0 %, 0 %
2026/03/23 13:53:23.403, 4, 178.65 W, 25, 120 MHz, 3996 MHz, 0 %, 0 %
2026/03/23 13:53:23.403, 5, 180.58 W, 27, 120 MHz, 3996 MHz, 0 %, 0 %
2026/03/23 13:53:23.403, 6, 177.27 W, 26, 120 MHz, 3996 MHz, 0 %, 0 %
2026/03/23 13:53:23.403, 7, 176.58 W, 27, 120 MHz, 3996 MHz, 0 %, 0 %
2026/03/23 13:53:24.403, 0, 229.70 W, 27, 2032 MHz, 3996 MHz, 0 %, 0 %
2026/03/23 13:53:24.403, 1, 234.34 W, 29, 2032 MHz, 3996 MHz, 0 %, 0 %
2026/03/23 13:53:24.403, 2, 234.33 W, 27, 2032 MHz, 3996 MHz, 0 %, 0 %
2026/03/23 13:53:24.403, 3, 235.20 W, 30, 2032 MHz, 3996 MHz, 0 %, 0 %
2026/03/23 13:53:24.403, 4, 178.75 W, 25, 120 MHz, 3996 MHz, 0 %, 0 %
2026/03/23 13:53:24.403, 5, 180.58 W, 27, 120 MHz, 3996 MHz, 0 %, 0 %
2026/03/23 13:53:24.403, 6, 177.34 W, 26, 120 MHz, 3996 MHz, 0 %, 0 %
2026/03/23 13:53:24.403, 7, 176.58 W, 27, 120 MHz, 3996 MHz, 0 %, 0 %
2026/03/23 13:53:25.403, 0, 228.22 W, 27, 2032 MHz, 3996 MHz, 0 %, 0 %
2026/03/23 13:53:25.403, 1, 233.21 W, 29, 2032 MHz, 3996 MHz, 0 %, 0 %
2026/03/23 13:53:25.403, 2, 234.01 W, 27, 2032 MHz, 3996 MHz, 0 %, 0 %
2026/03/23 13:53:25.403, 3, 233.53 W, 30, 2032 MHz, 3996 MHz, 0 %, 0 %
2026/03/23 13:53:25.403, 4, 178.60 W, 25, 120 MHz, 3996 MHz, 0 %, 0 %
2026/03/23 13:53:25.403, 5, 180.58 W, 27, 120 MHz, 3996 MHz, 0 %, 0 %
2026/03/23 13:53:25.403, 6, 177.27 W, 26, 120 MHz, 3996 MHz, 0 %, 0 %
2026/03/23 13:53:25.403, 7, 176.58 W, 27, 120 MHz, 3996 MHz, 0 %, 0 %
2026/03/23 13:53:26.403, 0, 228.15 W, 27, 2032 MHz, 3996 MHz, 0 %, 0 %
2026/03/23 13:53:26.403, 1, 233.16 W, 29, 2032 MHz, 3996 MHz, 0 %, 0 %
2026/03/23 13:53:26.403, 2, 234.00 W, 27, 2032 MHz, 3996 MHz, 0 %, 0 %
2026/03/23 13:53:26.403, 3, 233.52 W, 30, 2032 MHz, 3996 MHz, 0 %, 0 %
2026/03/23 13:53:26.403, 4, 178.68 W, 25, 120 MHz, 3996 MHz, 0 %, 0 %
2026/03/23 13:53:26.403, 5, 180.58 W, 27, 120 MHz, 3996 MHz, 0 %, 0 %
2026/03/23 13:53:26.403, 6, 177.35 W, 26, 120 MHz, 3996 MHz, 0 %, 0 %
2026/03/23 13:53:26.403, 7, 176.58 W, 27, 120 MHz, 3996 MHz, 0 %, 0 %
2026/03/23 13:53:27.403, 0, 228.11 W, 27, 2032 MHz, 3996 MHz, 0 %, 0 %
2026/03/23 13:53:27.403, 1, 233.16 W, 29, 2032 MHz, 3996 MHz, 0 %, 0 %
2026/03/23 13:53:27.403, 2, 234.01 W, 27, 2032 MHz, 3996 MHz, 0 %, 0 %
2026/03/23 13:53:27.403, 3, 233.58 W, 30, 2032 MHz, 3996 MHz, 0 %, 0 %
2026/03/23 13:53:27.403, 4, 178.69 W, 25, 120 MHz, 3996 MHz, 0 %, 0 %
2026/03/23 13:53:27.403, 5, 180.58 W, 27, 120 MHz, 3996 MHz, 0 %, 0 %
2026/03/23 13:53:27.403, 6, 177.42 W, 26, 120 MHz, 3996 MHz, 0 %, 0 %
2026/03/23 13:53:27.403, 7, 176.58 W, 27, 120 MHz, 3996 MHz, 0 %, 0 %
2026/03/23 13:53:28.403, 0, 228.07 W, 27, 2032 MHz, 3996 MHz, 0 %, 0 %
2026/03/23 13:53:28.403, 1, 233.18 W, 29, 2032 MHz, 3996 MHz, 0 %, 0 %
2026/03/23 13:53:28.403, 2, 234.02 W, 27, 2032 MHz, 3996 MHz, 0 %, 0 %
2026/03/23 13:53:28.403, 3, 233.29 W, 30, 2032 MHz, 3996 MHz, 0 %, 0 %
2026/03/23 13:53:28.403, 4, 178.78 W, 25, 120 MHz, 3996 MHz, 0 %, 0 %
2026/03/23 13:53:28.403, 5, 180.58 W, 27, 120 MHz, 3996 MHz, 0 %, 0 %
2026/03/23 13:53:28.403, 6, 177.45 W, 26, 120 MHz, 3996 MHz, 0 %, 0 %
2026/03/23 13:53:28.403, 7, 176.59 W, 27, 120 MHz, 3996 MHz, 0 %, 0 %
2026/03/23 13:53:29.404, 0, 228.07 W, 27, 2032 MHz, 3996 MHz, 0 %, 0 %
2026/03/23 13:53:29.404, 1, 233.19 W, 29, 2032 MHz, 3996 MHz, 0 %, 0 %
2026/03/23 13:53:29.404, 2, 234.01 W, 27, 2032 MHz, 3996 MHz, 0 %, 0 %
2026/03/23 13:53:29.404, 3, 233.37 W, 30, 2032 MHz, 3996 MHz, 0 %, 0 %
2026/03/23 13:53:29.404, 4, 178.68 W, 25, 120 MHz, 3996 MHz, 0 %, 0 %
2026/03/23 13:53:29.404, 5, 180.58 W, 27, 120 MHz, 3996 MHz, 0 %, 0 %
2026/03/23 13:53:29.404, 6, 177.25 W, 26, 120 MHz, 3996 MHz, 0 %, 0 %
2026/03/23 13:53:29.404, 7, 176.59 W, 27, 120 MHz, 3996 MHz, 0 %, 0 %
2026/03/23 13:53:30.404, 0, 228.07 W, 27, 2032 MHz, 3996 MHz, 0 %, 0 %
2026/03/23 13:53:30.404, 1, 233.17 W, 29, 2032 MHz, 3996 MHz, 0 %, 0 %
2026/03/23 13:53:30.404, 2, 233.98 W, 27, 2032 MHz, 3996 MHz, 0 %, 0 %
2026/03/23 13:53:30.404, 3, 233.39 W, 30, 2032 MHz, 3996 MHz, 0 %, 0 %
2026/03/23 13:53:30.404, 4, 178.73 W, 25, 120 MHz, 3996 MHz, 0 %, 0 %
2026/03/23 13:53:30.404, 5, 180.58 W, 27, 120 MHz, 3996 MHz, 0 %, 0 %
2026/03/23 13:53:30.404, 6, 177.51 W, 26, 120 MHz, 3996 MHz, 0 %, 0 %
2026/03/23 13:53:30.404, 7, 176.58 W, 27, 120 MHz, 3996 MHz, 0 %, 0 %
2026/03/23 13:53:31.404, 0, 228.38 W, 27, 2032 MHz, 3996 MHz, 0 %, 0 %
2026/03/23 13:53:31.404, 1, 233.36 W, 29, 2032 MHz, 3996 MHz, 0 %, 0 %
2026/03/23 13:53:31.404, 2, 234.10 W, 27, 2032 MHz, 3996 MHz, 0 %, 0 %
2026/03/23 13:53:31.404, 3, 234.10 W, 30, 2032 MHz, 3996 MHz, 0 %, 0 %
2026/03/23 13:53:31.404, 4, 178.79 W, 25, 120 MHz, 3996 MHz, 0 %, 0 %
2026/03/23 13:53:31.404, 5, 180.58 W, 27, 120 MHz, 3996 MHz, 0 %, 0 %
2026/03/23 13:53:31.404, 6, 177.08 W, 26, 120 MHz, 3996 MHz, 0 %, 0 %
2026/03/23 13:53:31.404, 7, 176.58 W, 27, 120 MHz, 3996 MHz, 0 %, 0 %
2026/03/23 13:53:32.404, 0, 228.30 W, 27, 2032 MHz, 3996 MHz, 0 %, 0 %
2026/03/23 13:53:32.404, 1, 233.17 W, 29, 2032 MHz, 3996 MHz, 0 %, 0 %
2026/03/23 13:53:32.404, 2, 234.06 W, 27, 2032 MHz, 3996 MHz, 0 %, 0 %
2026/03/23 13:53:32.404, 3, 233.99 W, 30, 2032 MHz, 3996 MHz, 0 %, 0 %
2026/03/23 13:53:32.404, 4, 178.68 W, 25, 120 MHz, 3996 MHz, 0 %, 0 %
2026/03/23 13:53:32.404, 5, 180.58 W, 27, 120 MHz, 3996 MHz, 0 %, 0 %
2026/03/23 13:53:32.404, 6, 177.35 W, 26, 120 MHz, 3996 MHz, 0 %, 0 %
2026/03/23 13:53:32.404, 7, 176.58 W, 27, 120 MHz, 3996 MHz, 0 %, 0 %
2026/03/23 13:53:33.404, 0, 228.84 W, 27, 2032 MHz, 3996 MHz, 0 %, 0 %
2026/03/23 13:53:33.404, 1, 233.29 W, 29, 2032 MHz, 3996 MHz, 0 %, 0 %
2026/03/23 13:53:33.404, 2, 234.10 W, 27, 2032 MHz, 3996 MHz, 0 %, 0 %
2026/03/23 13:53:33.404, 3, 234.39 W, 30, 2032 MHz, 3996 MHz, 0 %, 0 %
2026/03/23 13:53:33.404, 4, 178.74 W, 25, 120 MHz, 3996 MHz, 0 %, 0 %
2026/03/23 13:53:33.404, 5, 180.58 W, 27, 120 MHz, 3996 MHz, 0 %, 0 %
2026/03/23 13:53:33.404, 6, 177.15 W, 26, 120 MHz, 3996 MHz, 0 %, 0 %
2026/03/23 13:53:33.404, 7, 176.58 W, 27, 120 MHz, 3996 MHz, 0 %, 0 %
2026/03/23 13:53:34.404, 0, 235.30 W, 27, 2032 MHz, 3996 MHz, 5 %, 1 %
2026/03/23 13:53:34.404, 1, 239.74 W, 29, 2032 MHz, 3996 MHz, 4 %, 1 %
2026/03/23 13:53:34.404, 2, 240.84 W, 27, 2032 MHz, 3996 MHz, 9 %, 1 %
2026/03/23 13:53:34.404, 3, 237.96 W, 30, 2032 MHz, 3996 MHz, 4 %, 1 %
2026/03/23 13:53:34.404, 4, 178.67 W, 25, 120 MHz, 3996 MHz, 0 %, 0 %
2026/03/23 13:53:34.404, 5, 180.58 W, 27, 120 MHz, 3996 MHz, 0 %, 0 %
2026/03/23 13:53:34.404, 6, 177.26 W, 26, 120 MHz, 3996 MHz, 0 %, 0 %
2026/03/23 13:53:34.404, 7, 176.59 W, 27, 120 MHz, 3996 MHz, 0 %, 0 %
2026/03/23 13:53:35.404, 0, 229.42 W, 27, 2032 MHz, 3996 MHz, 0 %, 0 %
2026/03/23 13:53:35.404, 1, 237.95 W, 29, 2032 MHz, 3996 MHz, 3 %, 3 %
2026/03/23 13:53:35.404, 2, 237.05 W, 27, 2032 MHz, 3996 MHz, 0 %, 0 %
2026/03/23 13:53:35.404, 3, 240.46 W, 30, 2032 MHz, 3996 MHz, 11 %, 9 %
2026/03/23 13:53:35.404, 4, 178.74 W, 25, 120 MHz, 3996 MHz, 0 %, 0 %
2026/03/23 13:53:35.404, 5, 180.58 W, 27, 120 MHz, 3996 MHz, 0 %, 0 %
2026/03/23 13:53:35.404, 6, 177.16 W, 26, 120 MHz, 3996 MHz, 0 %, 0 %
2026/03/23 13:53:35.404, 7, 176.58 W, 27, 120 MHz, 3996 MHz, 0 %, 0 %
2026/03/23 13:53:36.405, 0, 236.51 W, 27, 2032 MHz, 3996 MHz, 0 %, 0 %
2026/03/23 13:53:36.405, 1, 237.62 W, 29, 2032 MHz, 3996 MHz, 0 %, 0 %
2026/03/23 13:53:36.405, 2, 237.91 W, 27, 2032 MHz, 3996 MHz, 0 %, 0 %
2026/03/23 13:53:36.405, 3, 238.39 W, 30, 2032 MHz, 3996 MHz, 0 %, 0 %
2026/03/23 13:53:36.405, 4, 178.60 W, 25, 120 MHz, 3996 MHz, 0 %, 0 %
2026/03/23 13:53:36.405, 5, 180.58 W, 27, 120 MHz, 3996 MHz, 0 %, 0 %
2026/03/23 13:53:36.405, 6, 177.30 W, 26, 120 MHz, 3996 MHz, 0 %, 0 %
2026/03/23 13:53:36.405, 7, 176.59 W, 27, 120 MHz, 3996 MHz, 0 %, 0 %
2026/03/23 13:53:37.405, 0, 231.18 W, 27, 2032 MHz, 3996 MHz, 0 %, 0 %
2026/03/23 13:53:37.405, 1, 236.84 W, 29, 2032 MHz, 3996 MHz, 1 %, 0 %
2026/03/23 13:53:37.405, 2, 234.00 W, 27, 2032 MHz, 3996 MHz, 0 %, 0 %
2026/03/23 13:53:37.405, 3, 234.68 W, 30, 2032 MHz, 3996 MHz, 0 %, 0 %
2026/03/23 13:53:37.405, 4, 178.86 W, 25, 120 MHz, 3996 MHz, 0 %, 0 %
2026/03/23 13:53:37.405, 5, 180.58 W, 27, 120 MHz, 3996 MHz, 0 %, 0 %
2026/03/23 13:53:37.405, 6, 177.22 W, 26, 120 MHz, 3996 MHz, 0 %, 0 %
2026/03/23 13:53:37.405, 7, 176.58 W, 27, 120 MHz, 3996 MHz, 0 %, 0 %
2026/03/23 13:53:38.405, 0, 653.81 W, 34, 2032 MHz, 3996 MHz, 100 %, 0 %
2026/03/23 13:53:38.405, 1, 650.27 W, 35, 2032 MHz, 3996 MHz, 100 %, 0 %
2026/03/23 13:53:38.405, 2, 637.50 W, 32, 2032 MHz, 3996 MHz, 100 %, 8 %
2026/03/23 13:53:38.405, 3, 643.01 W, 35, 2032 MHz, 3996 MHz, 100 %, 0 %
2026/03/23 13:53:38.405, 4, 178.71 W, 25, 120 MHz, 3996 MHz, 0 %, 0 %
2026/03/23 13:53:38.405, 5, 180.58 W, 27, 120 MHz, 3996 MHz, 0 %, 0 %
2026/03/23 13:53:38.405, 6, 177.32 W, 26, 120 MHz, 3996 MHz, 0 %, 0 %
2026/03/23 13:53:38.405, 7, 176.58 W, 27, 120 MHz, 3996 MHz, 0 %, 0 %
2026/03/23 13:53:39.405, 0, 438.84 W, 29, 2032 MHz, 3996 MHz, 100 %, 0 %
2026/03/23 13:53:39.405, 1, 441.39 W, 31, 2032 MHz, 3996 MHz, 100 %, 0 %
2026/03/23 13:53:39.405, 2, 457.03 W, 29, 2032 MHz, 3996 MHz, 100 %, 0 %
2026/03/23 13:53:39.405, 3, 453.60 W, 32, 2032 MHz, 3996 MHz, 100 %, 0 %
2026/03/23 13:53:39.405, 4, 178.66 W, 25, 120 MHz, 3996 MHz, 0 %, 0 %
2026/03/23 13:53:39.405, 5, 180.58 W, 27, 120 MHz, 3996 MHz, 0 %, 0 %
2026/03/23 13:53:39.405, 6, 177.32 W, 26, 120 MHz, 3996 MHz, 0 %, 0 %
2026/03/23 13:53:39.405, 7, 176.58 W, 27, 120 MHz, 3996 MHz, 0 %, 0 %
2026/03/23 13:53:40.405, 0, 273.11 W, 28, 2032 MHz, 3996 MHz, 100 %, 0 %
2026/03/23 13:53:40.405, 1, 277.32 W, 30, 2032 MHz, 3996 MHz, 100 %, 0 %
2026/03/23 13:53:40.405, 2, 278.09 W, 28, 2032 MHz, 3996 MHz, 100 %, 0 %
2026/03/23 13:53:40.405, 3, 276.58 W, 31, 2032 MHz, 3996 MHz, 100 %, 0 %
2026/03/23 13:53:40.405, 4, 178.68 W, 25, 120 MHz, 3996 MHz, 0 %, 0 %
2026/03/23 13:53:40.405, 5, 180.58 W, 27, 120 MHz, 3996 MHz, 0 %, 0 %
2026/03/23 13:53:40.405, 6, 177.32 W, 26, 120 MHz, 3996 MHz, 0 %, 0 %
2026/03/23 13:53:40.405, 7, 176.58 W, 27, 120 MHz, 3996 MHz, 0 %, 0 %
2026/03/23 13:53:41.405, 0, 229.67 W, 28, 2032 MHz, 3996 MHz, 10 %, 0 %
2026/03/23 13:53:41.405, 1, 234.34 W, 30, 2032 MHz, 3996 MHz, 11 %, 0 %
2026/03/23 13:53:41.405, 2, 234.91 W, 27, 2032 MHz, 3996 MHz, 23 %, 0 %
2026/03/23 13:53:41.405, 3, 235.14 W, 30, 2032 MHz, 3996 MHz, 11 %, 0 %
2026/03/23 13:53:41.405, 4, 178.75 W, 25, 120 MHz, 3996 MHz, 0 %, 0 %
2026/03/23 13:53:41.405, 5, 180.58 W, 27, 120 MHz, 3996 MHz, 0 %, 0 %
2026/03/23 13:53:41.405, 6, 177.41 W, 26, 120 MHz, 3996 MHz, 0 %, 0 %
2026/03/23 13:53:41.405, 7, 176.58 W, 27, 120 MHz, 3996 MHz, 0 %, 0 %
2026/03/23 13:53:42.405, 0, 232.63 W, 28, 2032 MHz, 3996 MHz, 10 %, 0 %
2026/03/23 13:53:42.405, 1, 237.24 W, 30, 2032 MHz, 3996 MHz, 12 %, 0 %
2026/03/23 13:53:42.405, 2, 237.93 W, 27, 2032 MHz, 3996 MHz, 9 %, 0 %
2026/03/23 13:53:42.405, 3, 238.04 W, 30, 2032 MHz, 3996 MHz, 11 %, 0 %
2026/03/23 13:53:42.405, 4, 178.68 W, 25, 120 MHz, 3996 MHz, 0 %, 0 %
2026/03/23 13:53:42.405, 5, 180.58 W, 27, 120 MHz, 3996 MHz, 0 %, 0 %
2026/03/23 13:53:42.405, 6, 177.19 W, 26, 120 MHz, 3996 MHz, 0 %, 0 %
2026/03/23 13:53:42.406, 7, 176.58 W, 27, 120 MHz, 3996 MHz, 0 %, 0 %
2026/03/23 13:53:43.406, 0, 232.75 W, 28, 2032 MHz, 3996 MHz, 10 %, 0 %
2026/03/23 13:53:43.406, 1, 237.62 W, 30, 2032 MHz, 3996 MHz, 11 %, 0 %
2026/03/23 13:53:43.406, 2, 238.26 W, 27, 2032 MHz, 3996 MHz, 5 %, 0 %
2026/03/23 13:53:43.406, 3, 238.32 W, 30, 2032 MHz, 3996 MHz, 11 %, 0 %
2026/03/23 13:53:43.406, 4, 178.66 W, 25, 120 MHz, 3996 MHz, 0 %, 0 %
2026/03/23 13:53:43.406, 5, 180.58 W, 27, 120 MHz, 3996 MHz, 0 %, 0 %
2026/03/23 13:53:43.406, 6, 177.09 W, 26, 120 MHz, 3996 MHz, 0 %, 0 %
2026/03/23 13:53:43.406, 7, 176.58 W, 27, 120 MHz, 3996 MHz, 0 %, 0 %
2026/03/23 13:53:44.406, 0, 238.22 W, 28, 2032 MHz, 3996 MHz, 6 %, 1 %
2026/03/23 13:53:44.406, 1, 242.17 W, 30, 2032 MHz, 3996 MHz, 9 %, 1 %
2026/03/23 13:53:44.406, 2, 242.10 W, 27, 2032 MHz, 3996 MHz, 7 %, 1 %
2026/03/23 13:53:44.406, 3, 242.62 W, 30, 2032 MHz, 3996 MHz, 4 %, 1 %
2026/03/23 13:53:44.406, 4, 178.71 W, 25, 120 MHz, 3996 MHz, 0 %, 0 %
2026/03/23 13:53:44.406, 5, 180.58 W, 27, 120 MHz, 3996 MHz, 0 %, 0 %
2026/03/23 13:53:44.406, 6, 177.19 W, 26, 120 MHz, 3996 MHz, 0 %, 0 %
2026/03/23 13:53:44.406, 7, 176.58 W, 27, 120 MHz, 3996 MHz, 0 %, 0 %
2026/03/23 13:53:45.406, 0, 249.01 W, 28, 2032 MHz, 3996 MHz, 15 %, 2 %
2026/03/23 13:53:45.406, 1, 253.18 W, 30, 2032 MHz, 3996 MHz, 10 %, 1 %
2026/03/23 13:53:45.406, 2, 254.19 W, 27, 2032 MHz, 3996 MHz, 14 %, 2 %
2026/03/23 13:53:45.406, 3, 253.43 W, 30, 2032 MHz, 3996 MHz, 14 %, 2 %
2026/03/23 13:53:45.406, 4, 178.63 W, 25, 120 MHz, 3996 MHz, 0 %, 0 %
2026/03/23 13:53:45.406, 5, 180.58 W, 27, 120 MHz, 3996 MHz, 0 %, 0 %
2026/03/23 13:53:45.406, 6, 177.35 W, 26, 120 MHz, 3996 MHz, 0 %, 0 %
2026/03/23 13:53:45.406, 7, 176.58 W, 27, 120 MHz, 3996 MHz, 0 %, 0 %
2026/03/23 13:53:46.406, 0, 249.89 W, 28, 2032 MHz, 3996 MHz, 16 %, 2 %
2026/03/23 13:53:46.406, 1, 254.06 W, 30, 2032 MHz, 3996 MHz, 16 %, 2 %
2026/03/23 13:53:46.406, 2, 253.49 W, 27, 2032 MHz, 3996 MHz, 15 %, 2 %
2026/03/23 13:53:46.406, 3, 253.50 W, 30, 2032 MHz, 3996 MHz, 16 %, 2 %
2026/03/23 13:53:46.406, 4, 178.76 W, 25, 120 MHz, 3996 MHz, 0 %, 0 %
2026/03/23 13:53:46.406, 5, 180.58 W, 27, 120 MHz, 3996 MHz, 0 %, 0 %
2026/03/23 13:53:46.406, 6, 177.35 W, 26, 120 MHz, 3996 MHz, 0 %, 0 %
2026/03/23 13:53:46.406, 7, 176.58 W, 27, 120 MHz, 3996 MHz, 0 %, 0 %
2026/03/23 13:53:47.406, 0, 261.38 W, 28, 2032 MHz, 3996 MHz, 18 %, 5 %
2026/03/23 13:53:47.406, 1, 263.81 W, 30, 2032 MHz, 3996 MHz, 18 %, 5 %
2026/03/23 13:53:47.406, 2, 263.97 W, 27, 2032 MHz, 3996 MHz, 17 %, 5 %
2026/03/23 13:53:47.406, 3, 264.02 W, 30, 2032 MHz, 3996 MHz, 17 %, 5 %
2026/03/23 13:53:47.406, 4, 179.05 W, 25, 120 MHz, 3996 MHz, 0 %, 0 %
2026/03/23 13:53:47.406, 5, 180.58 W, 27, 120 MHz, 3996 MHz, 0 %, 0 %
2026/03/23 13:53:47.406, 6, 177.15 W, 26, 120 MHz, 3996 MHz, 0 %, 0 %
2026/03/23 13:53:47.406, 7, 176.58 W, 27, 120 MHz, 3996 MHz, 0 %, 0 %
2026/03/23 13:53:48.406, 0, 262.36 W, 28, 2032 MHz, 3996 MHz, 18 %, 5 %
2026/03/23 13:53:48.406, 1, 266.06 W, 30, 2032 MHz, 3996 MHz, 17 %, 4 %
2026/03/23 13:53:48.406, 2, 266.56 W, 28, 2032 MHz, 3996 MHz, 17 %, 4 %
2026/03/23 13:53:48.406, 3, 266.72 W, 30, 2032 MHz, 3996 MHz, 17 %, 4 %
2026/03/23 13:53:48.406, 4, 178.72 W, 25, 120 MHz, 3996 MHz, 0 %, 0 %
2026/03/23 13:53:48.406, 5, 180.58 W, 27, 120 MHz, 3996 MHz, 0 %, 0 %
2026/03/23 13:53:48.406, 6, 177.36 W, 26, 120 MHz, 3996 MHz, 0 %, 0 %
2026/03/23 13:53:48.406, 7, 176.58 W, 27, 120 MHz, 3996 MHz, 0 %, 0 %
2026/03/23 13:53:49.406, 0, 278.70 W, 28, 2032 MHz, 3996 MHz, 8 %, 3 %
2026/03/23 13:53:49.406, 1, 277.82 W, 30, 2032 MHz, 3996 MHz, 19 %, 8 %
2026/03/23 13:53:49.406, 2, 273.79 W, 28, 2032 MHz, 3996 MHz, 15 %, 6 %
2026/03/23 13:53:49.406, 3, 274.38 W, 30, 2032 MHz, 3996 MHz, 9 %, 4 %
2026/03/23 13:53:49.406, 4, 178.77 W, 25, 120 MHz, 3996 MHz, 0 %, 0 %
2026/03/23 13:53:49.406, 5, 180.58 W, 27, 120 MHz, 3996 MHz, 0 %, 0 %
2026/03/23 13:53:49.406, 6, 177.32 W, 26, 120 MHz, 3996 MHz, 0 %, 0 %
2026/03/23 13:53:49.407, 7, 176.58 W, 27, 120 MHz, 3996 MHz, 0 %, 0 %
2026/03/23 13:53:50.407, 0, 294.24 W, 28, 2032 MHz, 3996 MHz, 24 %, 9 %
2026/03/23 13:53:50.407, 1, 299.43 W, 30, 2032 MHz, 3996 MHz, 15 %, 6 %
2026/03/23 13:53:50.407, 2, 299.15 W, 28, 2032 MHz, 3996 MHz, 22 %, 9 %
2026/03/23 13:53:50.407, 3, 296.98 W, 31, 2032 MHz, 3996 MHz, 18 %, 7 %
2026/03/23 13:53:50.407, 4, 178.64 W, 25, 120 MHz, 3996 MHz, 0 %, 0 %
2026/03/23 13:53:50.407, 5, 180.58 W, 27, 120 MHz, 3996 MHz, 0 %, 0 %
2026/03/23 13:53:50.407, 6, 177.13 W, 26, 120 MHz, 3996 MHz, 0 %, 0 %
2026/03/23 13:53:50.407, 7, 176.58 W, 27, 120 MHz, 3996 MHz, 0 %, 0 %
2026/03/23 13:53:51.407, 0, 295.04 W, 28, 2032 MHz, 3996 MHz, 25 %, 9 %
2026/03/23 13:53:51.407, 1, 297.43 W, 31, 2032 MHz, 3996 MHz, 24 %, 9 %
2026/03/23 13:53:51.407, 2, 295.18 W, 28, 2032 MHz, 3996 MHz, 23 %, 9 %
2026/03/23 13:53:51.407, 3, 294.76 W, 31, 2032 MHz, 3996 MHz, 23 %, 9 %
2026/03/23 13:53:51.407, 4, 178.78 W, 25, 120 MHz, 3996 MHz, 0 %, 0 %
2026/03/23 13:53:51.407, 5, 180.58 W, 27, 120 MHz, 3996 MHz, 0 %, 0 %
2026/03/23 13:53:51.407, 6, 177.15 W, 26, 120 MHz, 3996 MHz, 0 %, 0 %
2026/03/23 13:53:51.407, 7, 176.59 W, 27, 120 MHz, 3996 MHz, 0 %, 0 %
2026/03/23 13:53:52.407, 0, 309.63 W, 29, 2032 MHz, 3996 MHz, 27 %, 12 %
2026/03/23 13:53:52.407, 1, 312.38 W, 31, 2032 MHz, 3996 MHz, 29 %, 13 %
2026/03/23 13:53:52.407, 2, 307.24 W, 28, 2032 MHz, 3996 MHz, 27 %, 12 %
2026/03/23 13:53:52.407, 3, 305.21 W, 31, 2032 MHz, 3996 MHz, 27 %, 12 %
2026/03/23 13:53:52.407, 4, 178.75 W, 25, 120 MHz, 3996 MHz, 0 %, 0 %
2026/03/23 13:53:52.407, 5, 180.58 W, 27, 120 MHz, 3996 MHz, 0 %, 0 %
2026/03/23 13:53:52.407, 6, 177.31 W, 26, 120 MHz, 3996 MHz, 0 %, 0 %
2026/03/23 13:53:52.407, 7, 176.58 W, 27, 120 MHz, 3996 MHz, 0 %, 0 %
2026/03/23 13:53:53.407, 0, 309.18 W, 29, 2032 MHz, 3996 MHz, 27 %, 11 %
2026/03/23 13:53:53.407, 1, 315.39 W, 31, 2032 MHz, 3996 MHz, 26 %, 11 %
2026/03/23 13:53:53.407, 2, 314.18 W, 28, 2032 MHz, 3996 MHz, 26 %, 12 %
2026/03/23 13:53:53.407, 3, 311.50 W, 31, 2032 MHz, 3996 MHz, 28 %, 12 %
2026/03/23 13:53:53.407, 4, 178.71 W, 25, 120 MHz, 3996 MHz, 0 %, 0 %
2026/03/23 13:53:53.407, 5, 180.58 W, 27, 120 MHz, 3996 MHz, 0 %, 0 %
2026/03/23 13:53:53.407, 6, 177.26 W, 26, 120 MHz, 3996 MHz, 0 %, 0 %
2026/03/23 13:53:53.407, 7, 176.58 W, 27, 120 MHz, 3996 MHz, 0 %, 0 %
2026/03/23 13:53:54.407, 0, 314.66 W, 29, 2032 MHz, 3996 MHz, 13 %, 6 %
2026/03/23 13:53:54.407, 1, 312.60 W, 31, 2032 MHz, 3996 MHz, 24 %, 10 %
2026/03/23 13:53:54.407, 2, 313.88 W, 28, 2032 MHz, 3996 MHz, 16 %, 7 %
2026/03/23 13:53:54.407, 3, 309.38 W, 31, 2032 MHz, 3996 MHz, 10 %, 4 %
2026/03/23 13:53:54.407, 4, 178.60 W, 25, 120 MHz, 3996 MHz, 0 %, 0 %
2026/03/23 13:53:54.407, 5, 180.58 W, 27, 120 MHz, 3996 MHz, 0 %, 0 %
2026/03/23 13:53:54.407, 6, 177.18 W, 26, 120 MHz, 3996 MHz, 0 %, 0 %
2026/03/23 13:53:54.407, 7, 176.59 W, 27, 120 MHz, 3996 MHz, 0 %, 0 %
2026/03/23 13:53:55.407, 0, 346.18 W, 29, 2032 MHz, 3996 MHz, 33 %, 15 %
2026/03/23 13:53:55.407, 1, 353.20 W, 31, 2032 MHz, 3996 MHz, 25 %, 11 %
2026/03/23 13:53:55.407, 2, 341.98 W, 29, 2032 MHz, 3996 MHz, 34 %, 16 %
2026/03/23 13:53:55.407, 3, 340.71 W, 32, 2032 MHz, 3996 MHz, 28 %, 12 %
2026/03/23 13:53:55.407, 4, 178.62 W, 25, 120 MHz, 3996 MHz, 0 %, 0 %
2026/03/23 13:53:55.407, 5, 180.58 W, 27, 120 MHz, 3996 MHz, 0 %, 0 %
2026/03/23 13:53:55.407, 6, 177.20 W, 26, 120 MHz, 3996 MHz, 0 %, 0 %
2026/03/23 13:53:55.407, 7, 176.58 W, 27, 120 MHz, 3996 MHz, 0 %, 0 %
2026/03/23 13:53:56.407, 0, 344.30 W, 29, 2032 MHz, 3996 MHz, 34 %, 14 %
2026/03/23 13:53:56.407, 1, 346.15 W, 32, 2032 MHz, 3996 MHz, 34 %, 16 %
2026/03/23 13:53:56.407, 2, 339.52 W, 29, 2032 MHz, 3996 MHz, 33 %, 15 %
2026/03/23 13:53:56.407, 3, 343.60 W, 32, 2032 MHz, 3996 MHz, 33 %, 15 %
2026/03/23 13:53:56.408, 4, 178.82 W, 25, 120 MHz, 3996 MHz, 0 %, 0 %
2026/03/23 13:53:56.408, 5, 180.58 W, 27, 120 MHz, 3996 MHz, 0 %, 0 %
2026/03/23 13:53:56.408, 6, 177.03 W, 26, 120 MHz, 3996 MHz, 0 %, 0 %
2026/03/23 13:53:56.408, 7, 176.58 W, 27, 120 MHz, 3996 MHz, 0 %, 0 %
2026/03/23 13:53:57.408, 0, 338.19 W, 30, 2032 MHz, 3996 MHz, 36 %, 15 %
2026/03/23 13:53:57.408, 1, 339.77 W, 31, 2032 MHz, 3996 MHz, 36 %, 15 %
2026/03/23 13:53:57.408, 2, 339.29 W, 29, 2032 MHz, 3996 MHz, 32 %, 14 %
2026/03/23 13:53:57.408, 3, 334.32 W, 32, 2032 MHz, 3996 MHz, 31 %, 13 %
2026/03/23 13:53:57.408, 4, 178.71 W, 25, 120 MHz, 3996 MHz, 0 %, 0 %
2026/03/23 13:53:57.408, 5, 180.58 W, 27, 120 MHz, 3996 MHz, 0 %, 0 %
2026/03/23 13:53:57.408, 6, 177.31 W, 26, 120 MHz, 3996 MHz, 0 %, 0 %
2026/03/23 13:53:57.408, 7, 176.59 W, 27, 120 MHz, 3996 MHz, 0 %, 0 %
2026/03/23 13:53:58.408, 0, 344.39 W, 29, 2032 MHz, 3996 MHz, 39 %, 16 %
2026/03/23 13:53:58.408, 1, 349.33 W, 32, 2032 MHz, 3996 MHz, 39 %, 16 %
2026/03/23 13:53:58.408, 2, 347.27 W, 29, 2032 MHz, 3996 MHz, 39 %, 15 %
2026/03/23 13:53:58.408, 3, 342.26 W, 32, 2032 MHz, 3996 MHz, 40 %, 15 %
2026/03/23 13:53:58.408, 4, 178.76 W, 25, 120 MHz, 3996 MHz, 0 %, 0 %
2026/03/23 13:53:58.408, 5, 180.58 W, 27, 120 MHz, 3996 MHz, 0 %, 0 %
2026/03/23 13:53:58.408, 6, 177.53 W, 26, 120 MHz, 3996 MHz, 0 %, 0 %
2026/03/23 13:53:58.408, 7, 176.58 W, 27, 120 MHz, 3996 MHz, 0 %, 0 %
2026/03/23 13:53:59.408, 0, 339.44 W, 29, 2032 MHz, 3996 MHz, 16 %, 7 %
2026/03/23 13:53:59.408, 1, 341.15 W, 31, 2032 MHz, 3996 MHz, 39 %, 17 %
2026/03/23 13:53:59.408, 2, 350.71 W, 29, 2032 MHz, 3996 MHz, 21 %, 8 %
2026/03/23 13:53:59.408, 3, 343.70 W, 32, 2032 MHz, 3996 MHz, 27 %, 12 %
2026/03/23 13:53:59.408, 4, 178.83 W, 25, 120 MHz, 3996 MHz, 0 %, 0 %
2026/03/23 13:53:59.408, 5, 180.58 W, 27, 120 MHz, 3996 MHz, 0 %, 0 %
2026/03/23 13:53:59.408, 6, 177.21 W, 26, 120 MHz, 3996 MHz, 0 %, 0 %
2026/03/23 13:53:59.408, 7, 176.58 W, 27, 120 MHz, 3996 MHz, 0 %, 0 %
2026/03/23 13:54:00.408, 0, 347.76 W, 29, 2032 MHz, 3996 MHz, 36 %, 15 %
2026/03/23 13:54:00.408, 1, 354.67 W, 32, 2032 MHz, 3996 MHz, 24 %, 9 %
2026/03/23 13:54:00.408, 2, 354.89 W, 29, 2032 MHz, 3996 MHz, 38 %, 15 %
2026/03/23 13:54:00.408, 3, 352.53 W, 32, 2032 MHz, 3996 MHz, 23 %, 9 %
2026/03/23 13:54:00.408, 4, 178.79 W, 25, 120 MHz, 3996 MHz, 0 %, 0 %
2026/03/23 13:54:00.408, 5, 180.58 W, 27, 120 MHz, 3996 MHz, 0 %, 0 %
2026/03/23 13:54:00.408, 6, 177.12 W, 26, 120 MHz, 3996 MHz, 0 %, 0 %
2026/03/23 13:54:00.408, 7, 176.58 W, 27, 120 MHz, 3996 MHz, 0 %, 0 %
2026/03/23 13:54:01.408, 0, 381.44 W, 30, 2032 MHz, 3996 MHz, 47 %, 16 %
2026/03/23 13:54:01.408, 1, 377.98 W, 32, 2032 MHz, 3996 MHz, 45 %, 17 %
2026/03/23 13:54:01.408, 2, 357.65 W, 30, 2032 MHz, 3996 MHz, 45 %, 16 %
2026/03/23 13:54:01.408, 3, 354.37 W, 32, 2032 MHz, 3996 MHz, 44 %, 16 %
2026/03/23 13:54:01.408, 4, 178.76 W, 25, 120 MHz, 3996 MHz, 0 %, 0 %
2026/03/23 13:54:01.408, 5, 180.58 W, 27, 120 MHz, 3996 MHz, 0 %, 0 %
2026/03/23 13:54:01.408, 6, 177.08 W, 26, 120 MHz, 3996 MHz, 0 %, 0 %
2026/03/23 13:54:01.408, 7, 176.58 W, 27, 120 MHz, 3996 MHz, 0 %, 0 %
2026/03/23 13:54:02.408, 0, 360.93 W, 30, 2032 MHz, 3996 MHz, 40 %, 18 %
2026/03/23 13:54:02.408, 1, 366.38 W, 32, 2032 MHz, 3996 MHz, 42 %, 17 %
2026/03/23 13:54:02.408, 2, 374.35 W, 30, 2032 MHz, 3996 MHz, 42 %, 17 %
2026/03/23 13:54:02.408, 3, 370.47 W, 33, 2032 MHz, 3996 MHz, 43 %, 17 %
2026/03/23 13:54:02.408, 4, 178.62 W, 25, 120 MHz, 3996 MHz, 0 %, 0 %
2026/03/23 13:54:02.408, 5, 180.58 W, 27, 120 MHz, 3996 MHz, 0 %, 0 %
2026/03/23 13:54:02.408, 6, 177.50 W, 26, 120 MHz, 3996 MHz, 0 %, 0 %
2026/03/23 13:54:02.408, 7, 176.58 W, 27, 120 MHz, 3996 MHz, 0 %, 0 %
2026/03/23 13:54:03.408, 0, 348.23 W, 30, 2032 MHz, 3996 MHz, 39 %, 16 %
2026/03/23 13:54:03.408, 1, 357.04 W, 32, 2032 MHz, 3996 MHz, 38 %, 16 %
2026/03/23 13:54:03.408, 2, 361.04 W, 30, 2032 MHz, 3996 MHz, 41 %, 17 %
2026/03/23 13:54:03.409, 3, 358.02 W, 32, 2032 MHz, 3996 MHz, 39 %, 16 %
2026/03/23 13:54:03.409, 4, 178.72 W, 25, 120 MHz, 3996 MHz, 0 %, 0 %
2026/03/23 13:54:03.409, 5, 180.58 W, 27, 120 MHz, 3996 MHz, 0 %, 0 %
2026/03/23 13:54:03.409, 6, 177.35 W, 26, 120 MHz, 3996 MHz, 0 %, 0 %
2026/03/23 13:54:03.409, 7, 176.58 W, 27, 120 MHz, 3996 MHz, 0 %, 0 %
2026/03/23 13:54:04.409, 0, 366.84 W, 31, 2032 MHz, 3996 MHz, 31 %, 10 %
2026/03/23 13:54:04.409, 1, 351.66 W, 32, 2032 MHz, 3996 MHz, 37 %, 16 %
2026/03/23 13:54:04.409, 2, 347.74 W, 29, 2032 MHz, 3996 MHz, 12 %, 5 %
2026/03/23 13:54:04.409, 3, 345.90 W, 32, 2032 MHz, 3996 MHz, 34 %, 15 %
2026/03/23 13:54:04.409, 4, 178.93 W, 25, 120 MHz, 3996 MHz, 0 %, 0 %
2026/03/23 13:54:04.409, 5, 180.58 W, 27, 120 MHz, 3996 MHz, 0 %, 0 %
2026/03/23 13:54:04.409, 6, 177.30 W, 26, 120 MHz, 3996 MHz, 0 %, 0 %
2026/03/23 13:54:04.409, 7, 176.58 W, 27, 120 MHz, 3996 MHz, 0 %, 0 %
2026/03/23 13:54:05.409, 0, 413.55 W, 30, 2032 MHz, 3996 MHz, 37 %, 13 %
2026/03/23 13:54:05.409, 1, 416.58 W, 32, 2032 MHz, 3996 MHz, 38 %, 9 %
2026/03/23 13:54:05.409, 2, 390.91 W, 30, 2032 MHz, 3996 MHz, 52 %, 16 %
2026/03/23 13:54:05.409, 3, 377.13 W, 33, 2032 MHz, 3996 MHz, 32 %, 9 %
2026/03/23 13:54:05.409, 4, 178.64 W, 25, 120 MHz, 3996 MHz, 0 %, 0 %
2026/03/23 13:54:05.409, 5, 180.58 W, 27, 120 MHz, 3996 MHz, 0 %, 0 %
2026/03/23 13:54:05.409, 6, 177.28 W, 26, 120 MHz, 3996 MHz, 0 %, 0 %
2026/03/23 13:54:05.409, 7, 176.58 W, 27, 120 MHz, 3996 MHz, 0 %, 0 %
2026/03/23 13:54:06.409, 0, 401.89 W, 31, 2032 MHz, 3996 MHz, 44 %, 17 %
2026/03/23 13:54:06.409, 1, 409.79 W, 33, 2032 MHz, 3996 MHz, 46 %, 19 %
2026/03/23 13:54:06.409, 2, 412.88 W, 31, 2032 MHz, 3996 MHz, 46 %, 17 %
2026/03/23 13:54:06.409, 3, 414.66 W, 33, 2032 MHz, 3996 MHz, 48 %, 16 %
2026/03/23 13:54:06.409, 4, 178.62 W, 25, 120 MHz, 3996 MHz, 0 %, 0 %
2026/03/23 13:54:06.409, 5, 180.58 W, 27, 120 MHz, 3996 MHz, 0 %, 0 %
2026/03/23 13:54:06.409, 6, 177.35 W, 26, 120 MHz, 3996 MHz, 0 %, 0 %
2026/03/23 13:54:06.409, 7, 176.58 W, 27, 120 MHz, 3996 MHz, 0 %, 0 %
2026/03/23 13:54:07.409, 0, 360.64 W, 30, 2032 MHz, 3996 MHz, 40 %, 17 %
2026/03/23 13:54:07.409, 1, 374.48 W, 32, 2032 MHz, 3996 MHz, 37 %, 16 %
2026/03/23 13:54:07.409, 2, 384.33 W, 30, 2032 MHz, 3996 MHz, 45 %, 18 %
2026/03/23 13:54:07.409, 3, 381.36 W, 33, 2032 MHz, 3996 MHz, 46 %, 17 %
2026/03/23 13:54:07.409, 4, 178.71 W, 25, 120 MHz, 3996 MHz, 0 %, 0 %
2026/03/23 13:54:07.409, 5, 180.58 W, 27, 120 MHz, 3996 MHz, 0 %, 0 %
2026/03/23 13:54:07.409, 6, 177.39 W, 26, 120 MHz, 3996 MHz, 0 %, 0 %
2026/03/23 13:54:07.409, 7, 176.58 W, 27, 120 MHz, 3996 MHz, 0 %, 0 %
2026/03/23 13:54:08.409, 0, 383.89 W, 31, 2032 MHz, 3996 MHz, 60 %, 14 %
2026/03/23 13:54:08.409, 1, 363.76 W, 32, 2032 MHz, 3996 MHz, 42 %, 16 %
2026/03/23 13:54:08.409, 2, 360.96 W, 30, 2032 MHz, 3996 MHz, 36 %, 16 %
2026/03/23 13:54:08.409, 3, 364.23 W, 33, 2032 MHz, 3996 MHz, 41 %, 16 %
2026/03/23 13:54:08.409, 4, 178.76 W, 25, 120 MHz, 3996 MHz, 0 %, 0 %
2026/03/23 13:54:08.409, 5, 180.58 W, 27, 120 MHz, 3996 MHz, 0 %, 0 %
2026/03/23 13:54:08.409, 6, 177.27 W, 26, 120 MHz, 3996 MHz, 0 %, 0 %
2026/03/23 13:54:08.409, 7, 176.58 W, 27, 120 MHz, 3996 MHz, 0 %, 0 %
2026/03/23 13:54:09.409, 0, 443.11 W, 32, 2032 MHz, 3996 MHz, 56 %, 12 %
2026/03/23 13:54:09.409, 1, 445.91 W, 34, 2032 MHz, 3996 MHz, 65 %, 14 %
2026/03/23 13:54:09.409, 2, 399.35 W, 32, 2032 MHz, 3996 MHz, 24 %, 7 %
2026/03/23 13:54:09.409, 3, 373.62 W, 33, 2032 MHz, 3996 MHz, 67 %, 14 %
2026/03/23 13:54:09.409, 4, 178.65 W, 25, 120 MHz, 3996 MHz, 0 %, 0 %
2026/03/23 13:54:09.409, 5, 180.58 W, 27, 120 MHz, 3996 MHz, 0 %, 0 %
2026/03/23 13:54:09.409, 6, 177.36 W, 26, 120 MHz, 3996 MHz, 0 %, 0 %
2026/03/23 13:54:09.409, 7, 176.58 W, 27, 120 MHz, 3996 MHz, 0 %, 0 %
2026/03/23 13:54:10.409, 0, 433.34 W, 31, 2032 MHz, 3996 MHz, 40 %, 11 %
2026/03/23 13:54:10.409, 1, 445.42 W, 33, 2032 MHz, 3996 MHz, 30 %, 10 %
2026/03/23 13:54:10.409, 2, 460.35 W, 31, 2032 MHz, 3996 MHz, 68 %, 13 %
2026/03/23 13:54:10.409, 3, 459.21 W, 33, 2032 MHz, 3996 MHz, 45 %, 9 %
2026/03/23 13:54:10.410, 4, 178.78 W, 25, 120 MHz, 3996 MHz, 0 %, 0 %
2026/03/23 13:54:10.410, 5, 180.58 W, 27, 120 MHz, 3996 MHz, 0 %, 0 %
2026/03/23 13:54:10.410, 6, 177.34 W, 26, 120 MHz, 3996 MHz, 0 %, 0 %
2026/03/23 13:54:10.410, 7, 176.59 W, 27, 120 MHz, 3996 MHz, 0 %, 0 %
2026/03/23 13:54:11.410, 0, 431.72 W, 31, 2032 MHz, 3996 MHz, 47 %, 19 %
2026/03/23 13:54:11.410, 1, 453.45 W, 34, 2032 MHz, 3996 MHz, 56 %, 17 %
2026/03/23 13:54:11.410, 2, 439.92 W, 32, 2032 MHz, 3996 MHz, 57 %, 16 %
2026/03/23 13:54:11.410, 3, 445.26 W, 34, 2032 MHz, 3996 MHz, 56 %, 17 %
2026/03/23 13:54:11.410, 4, 178.88 W, 25, 120 MHz, 3996 MHz, 0 %, 0 %
2026/03/23 13:54:11.410, 5, 180.58 W, 27, 120 MHz, 3996 MHz, 0 %, 0 %
2026/03/23 13:54:11.410, 6, 177.23 W, 26, 120 MHz, 3996 MHz, 0 %, 0 %
2026/03/23 13:54:11.410, 7, 176.58 W, 27, 120 MHz, 3996 MHz, 0 %, 0 %
2026/03/23 13:54:12.410, 0, 397.04 W, 31, 2032 MHz, 3996 MHz, 49 %, 18 %
2026/03/23 13:54:12.410, 1, 399.91 W, 33, 2032 MHz, 3996 MHz, 47 %, 18 %
2026/03/23 13:54:12.410, 2, 409.02 W, 31, 2032 MHz, 3996 MHz, 49 %, 18 %
2026/03/23 13:54:12.410, 3, 418.96 W, 34, 2032 MHz, 3996 MHz, 52 %, 17 %
2026/03/23 13:54:12.410, 4, 178.75 W, 25, 120 MHz, 3996 MHz, 0 %, 0 %
2026/03/23 13:54:12.410, 5, 180.58 W, 27, 120 MHz, 3996 MHz, 0 %, 0 %
2026/03/23 13:54:12.410, 6, 177.62 W, 26, 120 MHz, 3996 MHz, 0 %, 0 %
2026/03/23 13:54:12.410, 7, 176.58 W, 27, 120 MHz, 3996 MHz, 0 %, 0 %
2026/03/23 13:54:13.410, 0, 422.32 W, 33, 2032 MHz, 3996 MHz, 65 %, 14 %
2026/03/23 13:54:13.410, 1, 403.61 W, 34, 2032 MHz, 3996 MHz, 60 %, 16 %
2026/03/23 13:54:13.410, 2, 401.54 W, 31, 2032 MHz, 3996 MHz, 48 %, 19 %
2026/03/23 13:54:13.410, 3, 396.96 W, 34, 2032 MHz, 3996 MHz, 47 %, 19 %
2026/03/23 13:54:13.410, 4, 178.73 W, 25, 120 MHz, 3996 MHz, 0 %, 0 %
2026/03/23 13:54:13.410, 5, 180.58 W, 27, 120 MHz, 3996 MHz, 0 %, 0 %
2026/03/23 13:54:13.410, 6, 177.61 W, 26, 120 MHz, 3996 MHz, 0 %, 0 %
2026/03/23 13:54:13.410, 7, 176.58 W, 27, 120 MHz, 3996 MHz, 0 %, 0 %
2026/03/23 13:54:14.410, 0, 449.08 W, 32, 2032 MHz, 3996 MHz, 62 %, 16 %
2026/03/23 13:54:14.410, 1, 449.60 W, 34, 2032 MHz, 3996 MHz, 62 %, 17 %
2026/03/23 13:54:14.410, 2, 433.09 W, 32, 2032 MHz, 3996 MHz, 33 %, 8 %
2026/03/23 13:54:14.410, 3, 417.17 W, 35, 2032 MHz, 3996 MHz, 61 %, 16 %
2026/03/23 13:54:14.410, 4, 178.65 W, 25, 120 MHz, 3996 MHz, 0 %, 0 %
2026/03/23 13:54:14.410, 5, 180.58 W, 27, 120 MHz, 3996 MHz, 0 %, 0 %
2026/03/23 13:54:14.410, 6, 177.38 W, 26, 120 MHz, 3996 MHz, 0 %, 0 %
2026/03/23 13:54:14.410, 7, 176.58 W, 27, 120 MHz, 3996 MHz, 0 %, 0 %
2026/03/23 13:54:15.410, 0, 446.66 W, 32, 2032 MHz, 3996 MHz, 36 %, 11 %
2026/03/23 13:54:15.410, 1, 447.56 W, 33, 2032 MHz, 3996 MHz, 28 %, 8 %
2026/03/23 13:54:15.410, 2, 463.11 W, 31, 2032 MHz, 3996 MHz, 60 %, 13 %
2026/03/23 13:54:15.410, 3, 458.33 W, 34, 2032 MHz, 3996 MHz, 40 %, 9 %
2026/03/23 13:54:15.410, 4, 178.77 W, 25, 120 MHz, 3996 MHz, 0 %, 0 %
2026/03/23 13:54:15.410, 5, 180.58 W, 27, 120 MHz, 3996 MHz, 0 %, 0 %
2026/03/23 13:54:15.410, 6, 177.12 W, 26, 120 MHz, 3996 MHz, 0 %, 0 %
2026/03/23 13:54:15.410, 7, 176.58 W, 27, 120 MHz, 3996 MHz, 0 %, 0 %
2026/03/23 13:54:16.410, 0, 465.14 W, 33, 2032 MHz, 3996 MHz, 60 %, 17 %
2026/03/23 13:54:16.410, 1, 471.75 W, 34, 2032 MHz, 3996 MHz, 55 %, 19 %
2026/03/23 13:54:16.410, 2, 461.11 W, 32, 2032 MHz, 3996 MHz, 54 %, 20 %
2026/03/23 13:54:16.410, 3, 465.03 W, 35, 2032 MHz, 3996 MHz, 52 %, 19 %
2026/03/23 13:54:16.410, 4, 178.64 W, 25, 120 MHz, 3996 MHz, 0 %, 0 %
2026/03/23 13:54:16.410, 5, 180.58 W, 27, 120 MHz, 3996 MHz, 0 %, 0 %
2026/03/23 13:54:16.410, 6, 177.27 W, 26, 120 MHz, 3996 MHz, 0 %, 0 %
2026/03/23 13:54:16.410, 7, 176.58 W, 27, 120 MHz, 3996 MHz, 0 %, 0 %
2026/03/23 13:54:17.411, 0, 454.95 W, 33, 2032 MHz, 3996 MHz, 64 %, 20 %
2026/03/23 13:54:17.411, 1, 438.03 W, 35, 2032 MHz, 3996 MHz, 71 %, 17 %
2026/03/23 13:54:17.411, 2, 438.31 W, 32, 2032 MHz, 3996 MHz, 56 %, 17 %
2026/03/23 13:54:17.411, 3, 441.66 W, 35, 2032 MHz, 3996 MHz, 53 %, 20 %
2026/03/23 13:54:17.411, 4, 178.81 W, 25, 120 MHz, 3996 MHz, 0 %, 0 %
2026/03/23 13:54:17.411, 5, 180.58 W, 27, 120 MHz, 3996 MHz, 0 %, 0 %
2026/03/23 13:54:17.411, 6, 177.28 W, 26, 120 MHz, 3996 MHz, 0 %, 0 %
2026/03/23 13:54:17.411, 7, 176.58 W, 27, 120 MHz, 3996 MHz, 0 %, 0 %
2026/03/23 13:54:18.411, 0, 482.74 W, 33, 2032 MHz, 3996 MHz, 70 %, 20 %
2026/03/23 13:54:18.411, 1, 482.80 W, 36, 2032 MHz, 3996 MHz, 66 %, 20 %
2026/03/23 13:54:18.411, 2, 456.48 W, 33, 2032 MHz, 3996 MHz, 65 %, 20 %
2026/03/23 13:54:18.411, 3, 447.07 W, 36, 2032 MHz, 3996 MHz, 70 %, 20 %
2026/03/23 13:54:18.411, 4, 178.76 W, 25, 120 MHz, 3996 MHz, 0 %, 0 %
2026/03/23 13:54:18.411, 5, 180.58 W, 27, 120 MHz, 3996 MHz, 0 %, 0 %
2026/03/23 13:54:18.411, 6, 177.36 W, 26, 120 MHz, 3996 MHz, 0 %, 0 %
2026/03/23 13:54:18.411, 7, 176.58 W, 27, 120 MHz, 3996 MHz, 0 %, 0 %
2026/03/23 13:54:19.411, 0, 468.20 W, 33, 2032 MHz, 3996 MHz, 59 %, 23 %
2026/03/23 13:54:19.411, 1, 482.57 W, 35, 2032 MHz, 3996 MHz, 65 %, 20 %
2026/03/23 13:54:19.411, 2, 499.11 W, 33, 2032 MHz, 3996 MHz, 43 %, 10 %
2026/03/23 13:54:19.411, 3, 488.11 W, 36, 2032 MHz, 3996 MHz, 62 %, 21 %
2026/03/23 13:54:19.411, 4, 178.80 W, 25, 120 MHz, 3996 MHz, 0 %, 0 %
2026/03/23 13:54:19.411, 5, 180.58 W, 27, 120 MHz, 3996 MHz, 0 %, 0 %
2026/03/23 13:54:19.411, 6, 177.46 W, 26, 120 MHz, 3996 MHz, 0 %, 0 %
2026/03/23 13:54:19.411, 7, 176.58 W, 27, 120 MHz, 3996 MHz, 0 %, 0 %
2026/03/23 13:54:20.411, 0, 358.53 W, 30, 2032 MHz, 3996 MHz, 100 %, 0 %
2026/03/23 13:54:20.411, 1, 475.60 W, 33, 2032 MHz, 3996 MHz, 100 %, 0 %
2026/03/23 13:54:20.411, 2, 483.36 W, 32, 2032 MHz, 3996 MHz, 52 %, 17 %
2026/03/23 13:54:20.411, 3, 492.86 W, 34, 2032 MHz, 3996 MHz, 40 %, 12 %
2026/03/23 13:54:20.411, 4, 178.79 W, 25, 120 MHz, 3996 MHz, 0 %, 0 %
2026/03/23 13:54:20.411, 5, 180.58 W, 27, 120 MHz, 3996 MHz, 0 %, 0 %
2026/03/23 13:54:20.411, 6, 177.35 W, 26, 120 MHz, 3996 MHz, 0 %, 0 %
2026/03/23 13:54:20.411, 7, 176.58 W, 27, 120 MHz, 3996 MHz, 0 %, 0 %
2026/03/23 13:54:21.411, 0, 296.82 W, 31, 2032 MHz, 3996 MHz, 96 %, 16 %
2026/03/23 13:54:21.411, 1, 299.97 W, 34, 2032 MHz, 3996 MHz, 96 %, 16 %
2026/03/23 13:54:21.411, 2, 460.30 W, 32, 2032 MHz, 3996 MHz, 96 %, 16 %
2026/03/23 13:54:21.411, 3, 495.59 W, 35, 2032 MHz, 3996 MHz, 46 %, 17 %
2026/03/23 13:54:21.411, 4, 178.79 W, 25, 120 MHz, 3996 MHz, 0 %, 0 %
2026/03/23 13:54:21.411, 5, 180.58 W, 27, 120 MHz, 3996 MHz, 0 %, 0 %
2026/03/23 13:54:21.411, 6, 177.27 W, 26, 120 MHz, 3996 MHz, 0 %, 0 %
2026/03/23 13:54:21.411, 7, 176.58 W, 27, 120 MHz, 3996 MHz, 0 %, 0 %
2026/03/23 13:54:22.411, 0, 268.89 W, 29, 2032 MHz, 3996 MHz, 6 %, 1 %
2026/03/23 13:54:22.411, 1, 276.11 W, 32, 2032 MHz, 3996 MHz, 4 %, 2 %
2026/03/23 13:54:22.411, 2, 287.15 W, 29, 2032 MHz, 3996 MHz, 10 %, 2 %
2026/03/23 13:54:22.411, 3, 282.01 W, 32, 2032 MHz, 3996 MHz, 4 %, 1 %
2026/03/23 13:54:22.411, 4, 178.61 W, 25, 120 MHz, 3996 MHz, 0 %, 0 %
2026/03/23 13:54:22.411, 5, 180.58 W, 27, 120 MHz, 3996 MHz, 0 %, 0 %
2026/03/23 13:54:22.411, 6, 177.59 W, 26, 120 MHz, 3996 MHz, 0 %, 0 %
2026/03/23 13:54:22.411, 7, 176.58 W, 27, 120 MHz, 3996 MHz, 0 %, 0 %
2026/03/23 13:54:23.411, 0, 243.79 W, 29, 2032 MHz, 3996 MHz, 4 %, 1 %
2026/03/23 13:54:23.411, 1, 248.04 W, 32, 2032 MHz, 3996 MHz, 10 %, 1 %
2026/03/23 13:54:23.411, 2, 247.49 W, 29, 2032 MHz, 3996 MHz, 5 %, 2 %
2026/03/23 13:54:23.411, 3, 247.37 W, 32, 2032 MHz, 3996 MHz, 7 %, 1 %
2026/03/23 13:54:23.411, 4, 178.84 W, 25, 120 MHz, 3996 MHz, 0 %, 0 %
2026/03/23 13:54:23.411, 5, 180.58 W, 27, 120 MHz, 3996 MHz, 0 %, 0 %
2026/03/23 13:54:23.411, 6, 177.34 W, 26, 120 MHz, 3996 MHz, 0 %, 0 %
2026/03/23 13:54:23.411, 7, 176.58 W, 27, 120 MHz, 3996 MHz, 0 %, 0 %
2026/03/23 13:54:24.412, 0, 239.22 W, 29, 2032 MHz, 3996 MHz, 8 %, 1 %
2026/03/23 13:54:24.412, 1, 243.87 W, 31, 2032 MHz, 3996 MHz, 8 %, 1 %
2026/03/23 13:54:24.412, 2, 245.58 W, 29, 2032 MHz, 3996 MHz, 4 %, 1 %
2026/03/23 13:54:24.412, 3, 245.97 W, 32, 2032 MHz, 3996 MHz, 10 %, 1 %
2026/03/23 13:54:24.412, 4, 178.86 W, 25, 120 MHz, 3996 MHz, 0 %, 0 %
2026/03/23 13:54:24.412, 5, 180.58 W, 27, 120 MHz, 3996 MHz, 0 %, 0 %
2026/03/23 13:54:24.412, 6, 177.61 W, 26, 120 MHz, 3996 MHz, 0 %, 0 %
2026/03/23 13:54:24.412, 7, 176.58 W, 27, 120 MHz, 3996 MHz, 0 %, 0 %
2026/03/23 13:54:25.412, 0, 239.33 W, 29, 2032 MHz, 3996 MHz, 4 %, 1 %
2026/03/23 13:54:25.412, 1, 244.10 W, 31, 2032 MHz, 3996 MHz, 4 %, 1 %
2026/03/23 13:54:25.412, 2, 244.92 W, 29, 2032 MHz, 3996 MHz, 8 %, 1 %
2026/03/23 13:54:25.412, 3, 243.51 W, 32, 2032 MHz, 3996 MHz, 3 %, 1 %
2026/03/23 13:54:25.412, 4, 178.68 W, 25, 120 MHz, 3996 MHz, 0 %, 0 %
2026/03/23 13:54:25.412, 5, 180.58 W, 27, 120 MHz, 3996 MHz, 0 %, 0 %
2026/03/23 13:54:25.412, 6, 177.59 W, 26, 120 MHz, 3996 MHz, 0 %, 0 %
2026/03/23 13:54:25.412, 7, 176.58 W, 27, 120 MHz, 3996 MHz, 0 %, 0 %
2026/03/23 13:54:26.412, 0, 237.30 W, 29, 2032 MHz, 3996 MHz, 4 %, 1 %
2026/03/23 13:54:26.412, 1, 241.92 W, 31, 2032 MHz, 3996 MHz, 4 %, 1 %
2026/03/23 13:54:26.412, 2, 242.01 W, 29, 2032 MHz, 3996 MHz, 5 %, 1 %
2026/03/23 13:54:26.412, 3, 242.67 W, 32, 2032 MHz, 3996 MHz, 3 %, 1 %
2026/03/23 13:54:26.412, 4, 178.69 W, 25, 120 MHz, 3996 MHz, 0 %, 0 %
2026/03/23 13:54:26.412, 5, 180.58 W, 27, 120 MHz, 3996 MHz, 0 %, 0 %
2026/03/23 13:54:26.412, 6, 177.42 W, 26, 120 MHz, 3996 MHz, 0 %, 0 %
2026/03/23 13:54:26.412, 7, 176.58 W, 27, 120 MHz, 3996 MHz, 0 %, 0 %
2026/03/23 13:54:27.412, 0, 235.31 W, 29, 2032 MHz, 3996 MHz, 7 %, 1 %
2026/03/23 13:54:27.412, 1, 240.87 W, 31, 2032 MHz, 3996 MHz, 6 %, 2 %
2026/03/23 13:54:27.412, 2, 241.16 W, 29, 2032 MHz, 3996 MHz, 4 %, 1 %
2026/03/23 13:54:27.412, 3, 241.74 W, 32, 2032 MHz, 3996 MHz, 8 %, 1 %
2026/03/23 13:54:27.412, 4, 178.66 W, 25, 120 MHz, 3996 MHz, 0 %, 0 %
2026/03/23 13:54:27.412, 5, 180.58 W, 27, 120 MHz, 3996 MHz, 0 %, 0 %
2026/03/23 13:54:27.412, 6, 177.43 W, 26, 120 MHz, 3996 MHz, 0 %, 0 %
2026/03/23 13:54:27.412, 7, 176.58 W, 27, 120 MHz, 3996 MHz, 0 %, 0 %
2026/03/23 13:54:28.412, 0, 235.45 W, 29, 2032 MHz, 3996 MHz, 0 %, 0 %
2026/03/23 13:54:28.412, 1, 240.05 W, 31, 2032 MHz, 3996 MHz, 0 %, 0 %
2026/03/23 13:54:28.412, 2, 241.48 W, 28, 2032 MHz, 3996 MHz, 0 %, 0 %
2026/03/23 13:54:28.412, 3, 241.05 W, 31, 2032 MHz, 3996 MHz, 0 %, 0 %
2026/03/23 13:54:28.412, 4, 178.79 W, 25, 120 MHz, 3996 MHz, 0 %, 0 %
2026/03/23 13:54:28.412, 5, 180.58 W, 27, 120 MHz, 3996 MHz, 0 %, 0 %
2026/03/23 13:54:28.412, 6, 177.51 W, 26, 120 MHz, 3996 MHz, 0 %, 0 %
2026/03/23 13:54:28.412, 7, 176.58 W, 27, 120 MHz, 3996 MHz, 0 %, 0 %
2026/03/23 13:54:29.412, 0, 230.00 W, 28, 2032 MHz, 3996 MHz, 0 %, 0 %
2026/03/23 13:54:29.412, 1, 235.12 W, 31, 2032 MHz, 3996 MHz, 0 %, 0 %
2026/03/23 13:54:29.412, 2, 235.72 W, 28, 2032 MHz, 3996 MHz, 0 %, 0 %
2026/03/23 13:54:29.412, 3, 235.19 W, 31, 2032 MHz, 3996 MHz, 0 %, 0 %
2026/03/23 13:54:29.412, 4, 178.98 W, 25, 120 MHz, 3996 MHz, 0 %, 0 %
2026/03/23 13:54:29.412, 5, 180.58 W, 27, 120 MHz, 3996 MHz, 0 %, 0 %
2026/03/23 13:54:29.412, 6, 177.50 W, 26, 120 MHz, 3996 MHz, 0 %, 0 %
2026/03/23 13:54:29.412, 7, 176.58 W, 27, 120 MHz, 3996 MHz, 0 %, 0 %
2026/03/23 13:54:30.413, 0, 230.00 W, 28, 2032 MHz, 3996 MHz, 0 %, 0 %
2026/03/23 13:54:30.413, 1, 235.11 W, 31, 2032 MHz, 3996 MHz, 0 %, 0 %
2026/03/23 13:54:30.413, 2, 235.36 W, 28, 2032 MHz, 3996 MHz, 0 %, 0 %
2026/03/23 13:54:30.413, 3, 235.38 W, 31, 2032 MHz, 3996 MHz, 0 %, 0 %
2026/03/23 13:54:30.413, 4, 178.71 W, 25, 120 MHz, 3996 MHz, 0 %, 0 %
2026/03/23 13:54:30.413, 5, 180.58 W, 27, 120 MHz, 3996 MHz, 0 %, 0 %
2026/03/23 13:54:30.413, 6, 177.57 W, 26, 120 MHz, 3996 MHz, 0 %, 0 %
2026/03/23 13:54:30.413, 7, 176.58 W, 27, 120 MHz, 3996 MHz, 0 %, 0 %
2026/03/23 13:54:31.413, 0, 231.76 W, 28, 2032 MHz, 3996 MHz, 2 %, 1 %
2026/03/23 13:54:31.413, 1, 237.28 W, 31, 2032 MHz, 3996 MHz, 2 %, 0 %
2026/03/23 13:54:31.413, 2, 238.08 W, 28, 2032 MHz, 3996 MHz, 4 %, 0 %
2026/03/23 13:54:31.413, 3, 237.74 W, 31, 2032 MHz, 3996 MHz, 0 %, 0 %
2026/03/23 13:54:31.413, 4, 179.01 W, 25, 120 MHz, 3996 MHz, 0 %, 0 %
2026/03/23 13:54:31.413, 5, 180.58 W, 27, 120 MHz, 3996 MHz, 0 %, 0 %
2026/03/23 13:54:31.413, 6, 177.53 W, 26, 120 MHz, 3996 MHz, 0 %, 0 %
2026/03/23 13:54:31.413, 7, 176.58 W, 27, 120 MHz, 3996 MHz, 0 %, 0 %
2026/03/23 13:54:32.413, 0, 236.17 W, 28, 2032 MHz, 3996 MHz, 6 %, 1 %
2026/03/23 13:54:32.413, 1, 241.42 W, 31, 2032 MHz, 3996 MHz, 8 %, 1 %
2026/03/23 13:54:32.413, 2, 241.51 W, 28, 2032 MHz, 3996 MHz, 4 %, 0 %
2026/03/23 13:54:32.413, 3, 242.10 W, 31, 2032 MHz, 3996 MHz, 8 %, 1 %
2026/03/23 13:54:32.413, 4, 178.77 W, 25, 120 MHz, 3996 MHz, 0 %, 0 %
2026/03/23 13:54:32.413, 5, 180.58 W, 27, 120 MHz, 3996 MHz, 0 %, 0 %
2026/03/23 13:54:32.413, 6, 177.47 W, 26, 120 MHz, 3996 MHz, 0 %, 0 %
2026/03/23 13:54:32.413, 7, 176.58 W, 27, 120 MHz, 3996 MHz, 0 %, 0 %
2026/03/23 13:54:33.413, 0, 239.83 W, 28, 2032 MHz, 3996 MHz, 8 %, 1 %
2026/03/23 13:54:33.413, 1, 243.90 W, 31, 2032 MHz, 3996 MHz, 7 %, 1 %
2026/03/23 13:54:33.413, 2, 245.00 W, 28, 2032 MHz, 3996 MHz, 0 %, 0 %
2026/03/23 13:54:33.413, 3, 245.39 W, 31, 2032 MHz, 3996 MHz, 7 %, 1 %
2026/03/23 13:54:33.413, 4, 178.90 W, 25, 120 MHz, 3996 MHz, 0 %, 0 %
2026/03/23 13:54:33.413, 5, 180.58 W, 27, 120 MHz, 3996 MHz, 0 %, 0 %
2026/03/23 13:54:33.413, 6, 177.70 W, 26, 120 MHz, 3996 MHz, 0 %, 0 %
2026/03/23 13:54:33.413, 7, 176.58 W, 27, 120 MHz, 3996 MHz, 0 %, 0 %
2026/03/23 13:54:34.413, 0, 232.61 W, 28, 2032 MHz, 3996 MHz, 7 %, 1 %
2026/03/23 13:54:34.413, 1, 236.94 W, 31, 2032 MHz, 3996 MHz, 0 %, 0 %
2026/03/23 13:54:34.413, 2, 236.96 W, 28, 2032 MHz, 3996 MHz, 3 %, 0 %
2026/03/23 13:54:34.413, 3, 237.21 W, 31, 2032 MHz, 3996 MHz, 0 %, 0 %
2026/03/23 13:54:34.413, 4, 178.66 W, 25, 120 MHz, 3996 MHz, 0 %, 0 %
2026/03/23 13:54:34.413, 5, 180.58 W, 27, 120 MHz, 3996 MHz, 0 %, 0 %
2026/03/23 13:54:34.413, 6, 177.41 W, 26, 120 MHz, 3996 MHz, 0 %, 0 %
2026/03/23 13:54:34.413, 7, 176.58 W, 27, 120 MHz, 3996 MHz, 0 %, 0 %
2026/03/23 13:54:35.413, 0, 231.60 W, 28, 2032 MHz, 3996 MHz, 0 %, 0 %
2026/03/23 13:54:35.413, 1, 237.01 W, 31, 2032 MHz, 3996 MHz, 0 %, 0 %
2026/03/23 13:54:35.413, 2, 237.01 W, 28, 2032 MHz, 3996 MHz, 23 %, 0 %
2026/03/23 13:54:35.413, 3, 237.87 W, 31, 2032 MHz, 3996 MHz, 0 %, 0 %
2026/03/23 13:54:35.413, 4, 178.80 W, 25, 120 MHz, 3996 MHz, 0 %, 0 %
2026/03/23 13:54:35.413, 5, 180.58 W, 27, 120 MHz, 3996 MHz, 0 %, 0 %
2026/03/23 13:54:35.413, 6, 177.35 W, 26, 120 MHz, 3996 MHz, 0 %, 0 %
2026/03/23 13:54:35.413, 7, 176.58 W, 27, 120 MHz, 3996 MHz, 0 %, 0 %
2026/03/23 13:54:36.413, 0, 229.42 W, 28, 2032 MHz, 3996 MHz, 0 %, 0 %
2026/03/23 13:54:36.413, 1, 234.20 W, 31, 2032 MHz, 3996 MHz, 0 %, 0 %
2026/03/23 13:54:36.413, 2, 234.01 W, 28, 2032 MHz, 3996 MHz, 0 %, 0 %
2026/03/23 13:54:36.413, 3, 235.16 W, 31, 2032 MHz, 3996 MHz, 0 %, 0 %
2026/03/23 13:54:36.413, 4, 178.93 W, 25, 120 MHz, 3996 MHz, 0 %, 0 %
2026/03/23 13:54:36.413, 5, 180.58 W, 27, 120 MHz, 3996 MHz, 0 %, 0 %
2026/03/23 13:54:36.413, 6, 177.55 W, 26, 120 MHz, 3996 MHz, 0 %, 0 %
2026/03/23 13:54:36.414, 7, 176.58 W, 27, 120 MHz, 3996 MHz, 0 %, 0 %
2026/03/23 13:54:37.414, 0, 229.21 W, 28, 2032 MHz, 3996 MHz, 0 %, 0 %
2026/03/23 13:54:37.414, 1, 233.82 W, 31, 2032 MHz, 3996 MHz, 0 %, 0 %
2026/03/23 13:54:37.414, 2, 234.02 W, 28, 2032 MHz, 3996 MHz, 0 %, 0 %
2026/03/23 13:54:37.414, 3, 235.14 W, 31, 2032 MHz, 3996 MHz, 0 %, 0 %
2026/03/23 13:54:37.414, 4, 178.92 W, 25, 120 MHz, 3996 MHz, 0 %, 0 %
2026/03/23 13:54:37.414, 5, 180.58 W, 27, 120 MHz, 3996 MHz, 0 %, 0 %
2026/03/23 13:54:37.414, 6, 177.72 W, 26, 120 MHz, 3996 MHz, 0 %, 0 %
2026/03/23 13:54:37.414, 7, 176.58 W, 27, 120 MHz, 3996 MHz, 0 %, 0 %
2026/03/23 13:54:38.414, 0, 228.26 W, 28, 2032 MHz, 3996 MHz, 0 %, 0 %
2026/03/23 13:54:38.414, 1, 233.28 W, 30, 2032 MHz, 3996 MHz, 0 %, 0 %
2026/03/23 13:54:38.414, 2, 234.02 W, 28, 2032 MHz, 3996 MHz, 0 %, 0 %
2026/03/23 13:54:38.414, 3, 235.14 W, 31, 2032 MHz, 3996 MHz, 0 %, 0 %
2026/03/23 13:54:38.414, 4, 178.89 W, 25, 120 MHz, 3996 MHz, 0 %, 0 %
2026/03/23 13:54:38.414, 5, 180.58 W, 27, 120 MHz, 3996 MHz, 0 %, 0 %
2026/03/23 13:54:38.414, 6, 177.38 W, 26, 120 MHz, 3996 MHz, 0 %, 0 %
2026/03/23 13:54:38.414, 7, 176.58 W, 27, 120 MHz, 3996 MHz, 0 %, 0 %
2026/03/23 13:54:39.414, 0, 228.60 W, 28, 2032 MHz, 3996 MHz, 0 %, 0 %
2026/03/23 13:54:39.414, 1, 233.30 W, 30, 2032 MHz, 3996 MHz, 0 %, 0 %
2026/03/23 13:54:39.414, 2, 234.02 W, 28, 2032 MHz, 3996 MHz, 0 %, 0 %
2026/03/23 13:54:39.414, 3, 235.11 W, 31, 2032 MHz, 3996 MHz, 0 %, 0 %
2026/03/23 13:54:39.414, 4, 179.05 W, 25, 120 MHz, 3996 MHz, 0 %, 0 %
2026/03/23 13:54:39.414, 5, 180.58 W, 27, 120 MHz, 3996 MHz, 0 %, 0 %
2026/03/23 13:54:39.414, 6, 177.47 W, 26, 120 MHz, 3996 MHz, 0 %, 0 %
2026/03/23 13:54:39.414, 7, 176.58 W, 27, 120 MHz, 3996 MHz, 0 %, 0 %
2026/03/23 13:54:40.414, 0, 228.77 W, 28, 2032 MHz, 3996 MHz, 0 %, 0 %
2026/03/23 13:54:40.414, 1, 233.27 W, 30, 2032 MHz, 3996 MHz, 0 %, 0 %
2026/03/23 13:54:40.414, 2, 233.99 W, 28, 2032 MHz, 3996 MHz, 0 %, 0 %
2026/03/23 13:54:40.414, 3, 235.10 W, 31, 2032 MHz, 3996 MHz, 0 %, 0 %
2026/03/23 13:54:40.414, 4, 178.91 W, 25, 120 MHz, 3996 MHz, 0 %, 0 %
2026/03/23 13:54:40.414, 5, 180.58 W, 27, 120 MHz, 3996 MHz, 0 %, 0 %
2026/03/23 13:54:40.414, 6, 177.50 W, 26, 120 MHz, 3996 MHz, 0 %, 0 %
2026/03/23 13:54:40.414, 7, 176.58 W, 27, 120 MHz, 3996 MHz, 0 %, 0 %
2026/03/23 13:54:41.414, 0, 228.42 W, 28, 2032 MHz, 3996 MHz, 0 %, 0 %
2026/03/23 13:54:41.414, 1, 233.19 W, 30, 2032 MHz, 3996 MHz, 0 %, 0 %
2026/03/23 13:54:41.414, 2, 234.02 W, 28, 2032 MHz, 3996 MHz, 0 %, 0 %
2026/03/23 13:54:41.414, 3, 235.10 W, 31, 2032 MHz, 3996 MHz, 0 %, 0 %
2026/03/23 13:54:41.414, 4, 178.88 W, 25, 120 MHz, 3996 MHz, 0 %, 0 %
2026/03/23 13:54:41.414, 5, 180.58 W, 27, 120 MHz, 3996 MHz, 0 %, 0 %
2026/03/23 13:54:41.414, 6, 177.57 W, 26, 120 MHz, 3996 MHz, 0 %, 0 %
2026/03/23 13:54:41.414, 7, 176.59 W, 27, 120 MHz, 3996 MHz, 0 %, 0 %
2026/03/23 13:54:42.414, 0, 228.65 W, 28, 2032 MHz, 3996 MHz, 0 %, 0 %
2026/03/23 13:54:42.414, 1, 233.22 W, 30, 2032 MHz, 3996 MHz, 0 %, 0 %
2026/03/23 13:54:42.414, 2, 234.02 W, 28, 2032 MHz, 3996 MHz, 0 %, 0 %
2026/03/23 13:54:42.414, 3, 235.10 W, 31, 2032 MHz, 3996 MHz, 0 %, 0 %
2026/03/23 13:54:42.414, 4, 179.00 W, 25, 120 MHz, 3996 MHz, 0 %, 0 %
2026/03/23 13:54:42.414, 5, 180.58 W, 27, 120 MHz, 3996 MHz, 0 %, 0 %
2026/03/23 13:54:42.414, 6, 177.63 W, 26, 120 MHz, 3996 MHz, 0 %, 0 %
2026/03/23 13:54:42.414, 7, 176.58 W, 27, 120 MHz, 3996 MHz, 0 %, 0 %
2026/03/23 13:54:43.414, 0, 228.26 W, 28, 2032 MHz, 3996 MHz, 0 %, 0 %
2026/03/23 13:54:43.414, 1, 233.20 W, 30, 2032 MHz, 3996 MHz, 0 %, 0 %
2026/03/23 13:54:43.414, 2, 234.01 W, 28, 2032 MHz, 3996 MHz, 0 %, 0 %
2026/03/23 13:54:43.414, 3, 234.87 W, 31, 2032 MHz, 3996 MHz, 0 %, 0 %
2026/03/23 13:54:43.414, 4, 178.94 W, 25, 120 MHz, 3996 MHz, 0 %, 0 %
2026/03/23 13:54:43.414, 5, 180.58 W, 27, 120 MHz, 3996 MHz, 0 %, 0 %
2026/03/23 13:54:43.414, 6, 177.34 W, 26, 120 MHz, 3996 MHz, 0 %, 0 %
2026/03/23 13:54:43.415, 7, 176.58 W, 27, 120 MHz, 3996 MHz, 0 %, 0 %
2026/03/23 13:54:44.415, 0, 228.30 W, 28, 2032 MHz, 3996 MHz, 0 %, 0 %
2026/03/23 13:54:44.415, 1, 233.20 W, 30, 2032 MHz, 3996 MHz, 0 %, 0 %
2026/03/23 13:54:44.415, 2, 234.02 W, 28, 2032 MHz, 3996 MHz, 0 %, 0 %
2026/03/23 13:54:44.415, 3, 235.13 W, 31, 2032 MHz, 3996 MHz, 0 %, 0 %
2026/03/23 13:54:44.415, 4, 178.63 W, 25, 120 MHz, 3996 MHz, 0 %, 0 %
2026/03/23 13:54:44.415, 5, 180.58 W, 27, 120 MHz, 3996 MHz, 0 %, 0 %
2026/03/23 13:54:44.415, 6, 177.63 W, 26, 120 MHz, 3996 MHz, 0 %, 0 %
2026/03/23 13:54:44.415, 7, 176.58 W, 27, 120 MHz, 3996 MHz, 0 %, 0 %
2026/03/23 13:54:45.415, 0, 228.46 W, 28, 2032 MHz, 3996 MHz, 0 %, 0 %
2026/03/23 13:54:45.415, 1, 233.19 W, 30, 2032 MHz, 3996 MHz, 0 %, 0 %
2026/03/23 13:54:45.415, 2, 234.02 W, 28, 2032 MHz, 3996 MHz, 0 %, 0 %
2026/03/23 13:54:45.415, 3, 235.04 W, 31, 2032 MHz, 3996 MHz, 0 %, 0 %
2026/03/23 13:54:45.415, 4, 178.73 W, 25, 120 MHz, 3996 MHz, 0 %, 0 %
2026/03/23 13:54:45.415, 5, 180.58 W, 27, 120 MHz, 3996 MHz, 0 %, 0 %
2026/03/23 13:54:45.415, 6, 177.66 W, 26, 120 MHz, 3996 MHz, 0 %, 0 %
2026/03/23 13:54:45.415, 7, 176.58 W, 27, 120 MHz, 3996 MHz, 0 %, 0 %
2026/03/23 13:54:46.415, 0, 228.15 W, 28, 2032 MHz, 3996 MHz, 0 %, 0 %
2026/03/23 13:54:46.415, 1, 233.19 W, 30, 2032 MHz, 3996 MHz, 0 %, 0 %
2026/03/23 13:54:46.415, 2, 234.01 W, 28, 2032 MHz, 3996 MHz, 0 %, 0 %
2026/03/23 13:54:46.415, 3, 234.98 W, 31, 2032 MHz, 3996 MHz, 0 %, 0 %
2026/03/23 13:54:46.415, 4, 178.83 W, 25, 120 MHz, 3996 MHz, 0 %, 0 %
2026/03/23 13:54:46.415, 5, 180.58 W, 27, 120 MHz, 3996 MHz, 0 %, 0 %
2026/03/23 13:54:46.415, 6, 177.31 W, 26, 120 MHz, 3996 MHz, 0 %, 0 %
2026/03/23 13:54:46.415, 7, 176.58 W, 27, 120 MHz, 3996 MHz, 0 %, 0 %
2026/03/23 13:54:47.415, 0, 228.37 W, 28, 2032 MHz, 3996 MHz, 0 %, 0 %
2026/03/23 13:54:47.415, 1, 233.19 W, 30, 2032 MHz, 3996 MHz, 0 %, 0 %
2026/03/23 13:54:47.415, 2, 234.02 W, 28, 2032 MHz, 3996 MHz, 0 %, 0 %
2026/03/23 13:54:47.415, 3, 235.00 W, 31, 2032 MHz, 3996 MHz, 0 %, 0 %
2026/03/23 13:54:47.415, 4, 178.76 W, 25, 120 MHz, 3996 MHz, 0 %, 0 %
2026/03/23 13:54:47.415, 5, 180.58 W, 27, 120 MHz, 3996 MHz, 0 %, 0 %
2026/03/23 13:54:47.415, 6, 177.52 W, 26, 120 MHz, 3996 MHz, 0 %, 0 %
2026/03/23 13:54:47.415, 7, 176.58 W, 27, 120 MHz, 3996 MHz, 0 %, 0 %
2026/03/23 13:54:48.415, 0, 228.15 W, 28, 2032 MHz, 3996 MHz, 0 %, 0 %
2026/03/23 13:54:48.415, 1, 233.18 W, 30, 2032 MHz, 3996 MHz, 0 %, 0 %
2026/03/23 13:54:48.415, 2, 234.02 W, 28, 2032 MHz, 3996 MHz, 0 %, 0 %
2026/03/23 13:54:48.415, 3, 235.02 W, 31, 2032 MHz, 3996 MHz, 0 %, 0 %
2026/03/23 13:54:48.415, 4, 178.76 W, 25, 120 MHz, 3996 MHz, 0 %, 0 %
2026/03/23 13:54:48.415, 5, 180.58 W, 27, 120 MHz, 3996 MHz, 0 %, 0 %
2026/03/23 13:54:48.415, 6, 177.42 W, 26, 120 MHz, 3996 MHz, 0 %, 0 %
2026/03/23 13:54:48.415, 7, 176.58 W, 27, 120 MHz, 3996 MHz, 0 %, 0 %
2026/03/23 13:54:49.415, 0, 228.18 W, 28, 2032 MHz, 3996 MHz, 0 %, 0 %
2026/03/23 13:54:49.415, 1, 233.18 W, 30, 2032 MHz, 3996 MHz, 0 %, 0 %
2026/03/23 13:54:49.415, 2, 234.02 W, 28, 2032 MHz, 3996 MHz, 0 %, 0 %
2026/03/23 13:54:49.415, 3, 234.91 W, 31, 2032 MHz, 3996 MHz, 0 %, 0 %
2026/03/23 13:54:49.415, 4, 178.95 W, 25, 120 MHz, 3996 MHz, 0 %, 0 %
2026/03/23 13:54:49.415, 5, 180.58 W, 27, 120 MHz, 3996 MHz, 0 %, 0 %
2026/03/23 13:54:49.415, 6, 177.55 W, 26, 120 MHz, 3996 MHz, 0 %, 0 %
2026/03/23 13:54:49.415, 7, 176.58 W, 27, 120 MHz, 3996 MHz, 0 %, 0 %
2026/03/23 13:54:50.416, 0, 228.18 W, 28, 2032 MHz, 3996 MHz, 0 %, 0 %
2026/03/23 13:54:50.416, 1, 233.21 W, 30, 2032 MHz, 3996 MHz, 0 %, 0 %
2026/03/23 13:54:50.416, 2, 234.02 W, 28, 2032 MHz, 3996 MHz, 0 %, 0 %
2026/03/23 13:54:50.416, 3, 234.96 W, 31, 2032 MHz, 3996 MHz, 0 %, 0 %
2026/03/23 13:54:50.416, 4, 178.88 W, 25, 120 MHz, 3996 MHz, 0 %, 0 %
2026/03/23 13:54:50.416, 5, 180.58 W, 27, 120 MHz, 3996 MHz, 0 %, 0 %
2026/03/23 13:54:50.416, 6, 177.54 W, 26, 120 MHz, 3996 MHz, 0 %, 0 %
2026/03/23 13:54:50.416, 7, 176.58 W, 27, 120 MHz, 3996 MHz, 0 %, 0 %
2026/03/23 13:54:51.416, 0, 228.15 W, 28, 2032 MHz, 3996 MHz, 0 %, 0 %
2026/03/23 13:54:51.416, 1, 233.21 W, 30, 2032 MHz, 3996 MHz, 0 %, 0 %
2026/03/23 13:54:51.416, 2, 234.02 W, 27, 2032 MHz, 3996 MHz, 0 %, 0 %
2026/03/23 13:54:51.416, 3, 234.77 W, 30, 2032 MHz, 3996 MHz, 0 %, 0 %
2026/03/23 13:54:51.416, 4, 178.74 W, 25, 120 MHz, 3996 MHz, 0 %, 0 %
2026/03/23 13:54:51.416, 5, 180.58 W, 27, 120 MHz, 3996 MHz, 0 %, 0 %
2026/03/23 13:54:51.416, 6, 177.44 W, 26, 120 MHz, 3996 MHz, 0 %, 0 %
2026/03/23 13:54:51.416, 7, 176.58 W, 27, 120 MHz, 3996 MHz, 0 %, 0 %
2026/03/23 13:54:52.416, 0, 228.22 W, 28, 2032 MHz, 3996 MHz, 0 %, 0 %
2026/03/23 13:54:52.416, 1, 233.21 W, 30, 2032 MHz, 3996 MHz, 0 %, 0 %
2026/03/23 13:54:52.416, 2, 234.01 W, 27, 2032 MHz, 3996 MHz, 0 %, 0 %
2026/03/23 13:54:52.416, 3, 234.59 W, 30, 2032 MHz, 3996 MHz, 0 %, 0 %
2026/03/23 13:54:52.416, 4, 179.04 W, 25, 120 MHz, 3996 MHz, 0 %, 0 %
2026/03/23 13:54:52.416, 5, 180.58 W, 27, 120 MHz, 3996 MHz, 0 %, 0 %
2026/03/23 13:54:52.416, 6, 177.31 W, 26, 120 MHz, 3996 MHz, 0 %, 0 %
2026/03/23 13:54:52.416, 7, 176.58 W, 27, 120 MHz, 3996 MHz, 0 %, 0 %
2026/03/23 13:54:53.416, 0, 228.15 W, 28, 2032 MHz, 3996 MHz, 0 %, 0 %
2026/03/23 13:54:53.416, 1, 233.24 W, 30, 2032 MHz, 3996 MHz, 0 %, 0 %
2026/03/23 13:54:53.416, 2, 234.02 W, 27, 2032 MHz, 3996 MHz, 0 %, 0 %
2026/03/23 13:54:53.416, 3, 234.60 W, 30, 2032 MHz, 3996 MHz, 0 %, 0 %
2026/03/23 13:54:53.416, 4, 178.94 W, 25, 120 MHz, 3996 MHz, 0 %, 0 %
2026/03/23 13:54:53.416, 5, 180.58 W, 27, 120 MHz, 3996 MHz, 0 %, 0 %
2026/03/23 13:54:53.416, 6, 177.88 W, 26, 120 MHz, 3996 MHz, 0 %, 0 %
2026/03/23 13:54:53.416, 7, 176.58 W, 27, 120 MHz, 3996 MHz, 0 %, 0 %
2026/03/23 13:54:54.416, 0, 228.11 W, 28, 2032 MHz, 3996 MHz, 0 %, 0 %
2026/03/23 13:54:54.416, 1, 233.23 W, 30, 2032 MHz, 3996 MHz, 0 %, 0 %
2026/03/23 13:54:54.416, 2, 234.01 W, 27, 2032 MHz, 3996 MHz, 0 %, 0 %
2026/03/23 13:54:54.416, 3, 234.85 W, 30, 2032 MHz, 3996 MHz, 0 %, 0 %
2026/03/23 13:54:54.416, 4, 178.92 W, 25, 120 MHz, 3996 MHz, 0 %, 0 %
2026/03/23 13:54:54.416, 5, 180.58 W, 27, 120 MHz, 3996 MHz, 0 %, 0 %
2026/03/23 13:54:54.416, 6, 177.51 W, 26, 120 MHz, 3996 MHz, 0 %, 0 %
2026/03/23 13:54:54.416, 7, 176.58 W, 27, 120 MHz, 3996 MHz, 0 %, 0 %
2026/03/23 13:54:55.416, 0, 228.15 W, 28, 2032 MHz, 3996 MHz, 0 %, 0 %
2026/03/23 13:54:55.416, 1, 233.20 W, 30, 2032 MHz, 3996 MHz, 0 %, 0 %
2026/03/23 13:54:55.416, 2, 234.02 W, 27, 2032 MHz, 3996 MHz, 0 %, 0 %
2026/03/23 13:54:55.416, 3, 234.55 W, 30, 2032 MHz, 3996 MHz, 0 %, 0 %
2026/03/23 13:54:55.416, 4, 178.67 W, 25, 120 MHz, 3996 MHz, 0 %, 0 %
2026/03/23 13:54:55.416, 5, 180.58 W, 27, 120 MHz, 3996 MHz, 0 %, 0 %
2026/03/23 13:54:55.416, 6, 177.42 W, 26, 120 MHz, 3996 MHz, 0 %, 0 %
2026/03/23 13:54:55.416, 7, 176.59 W, 27, 120 MHz, 3996 MHz, 0 %, 0 %
2026/03/23 13:54:56.416, 0, 230.79 W, 28, 2032 MHz, 3996 MHz, 0 %, 0 %
2026/03/23 13:54:56.416, 1, 236.79 W, 30, 2032 MHz, 3996 MHz, 0 %, 0 %
2026/03/23 13:54:56.416, 2, 236.99 W, 27, 2032 MHz, 3996 MHz, 0 %, 0 %
2026/03/23 13:54:56.417, 3, 238.28 W, 30, 2032 MHz, 3996 MHz, 0 %, 0 %
2026/03/23 13:54:56.417, 4, 178.60 W, 25, 120 MHz, 3996 MHz, 0 %, 0 %
2026/03/23 13:54:56.417, 5, 180.58 W, 27, 120 MHz, 3996 MHz, 0 %, 0 %
2026/03/23 13:54:56.417, 6, 177.40 W, 26, 120 MHz, 3996 MHz, 0 %, 0 %
2026/03/23 13:54:56.417, 7, 176.58 W, 27, 120 MHz, 3996 MHz, 0 %, 0 %
2026/03/23 13:54:57.417, 0, 228.15 W, 28, 2032 MHz, 3996 MHz, 0 %, 0 %
2026/03/23 13:54:57.417, 1, 233.17 W, 30, 2032 MHz, 3996 MHz, 0 %, 0 %
2026/03/23 13:54:57.417, 2, 234.01 W, 27, 2032 MHz, 3996 MHz, 0 %, 0 %
2026/03/23 13:54:57.417, 3, 234.57 W, 30, 2032 MHz, 3996 MHz, 0 %, 0 %
2026/03/23 13:54:57.417, 4, 178.82 W, 25, 120 MHz, 3996 MHz, 0 %, 0 %
2026/03/23 13:54:57.417, 5, 180.58 W, 27, 120 MHz, 3996 MHz, 0 %, 0 %
2026/03/23 13:54:57.417, 6, 177.61 W, 26, 120 MHz, 3996 MHz, 0 %, 0 %
2026/03/23 13:54:57.417, 7, 176.58 W, 27, 120 MHz, 3996 MHz, 0 %, 0 %
2026/03/23 13:54:58.417, 0, 228.18 W, 28, 2032 MHz, 3996 MHz, 0 %, 0 %
2026/03/23 13:54:58.417, 1, 233.22 W, 30, 2032 MHz, 3996 MHz, 0 %, 0 %
2026/03/23 13:54:58.417, 2, 234.02 W, 27, 2032 MHz, 3996 MHz, 0 %, 0 %
2026/03/23 13:54:58.417, 3, 234.25 W, 30, 2032 MHz, 3996 MHz, 0 %, 0 %
2026/03/23 13:54:58.417, 4, 178.59 W, 25, 120 MHz, 3996 MHz, 0 %, 0 %
2026/03/23 13:54:58.417, 5, 180.58 W, 27, 120 MHz, 3996 MHz, 0 %, 0 %
2026/03/23 13:54:58.417, 6, 177.42 W, 26, 120 MHz, 3996 MHz, 0 %, 0 %
2026/03/23 13:54:58.417, 7, 176.58 W, 27, 120 MHz, 3996 MHz, 0 %, 0 %
2026/03/23 13:54:59.417, 0, 228.07 W, 27, 2032 MHz, 3996 MHz, 0 %, 0 %
2026/03/23 13:54:59.417, 1, 233.22 W, 30, 2032 MHz, 3996 MHz, 0 %, 0 %
2026/03/23 13:54:59.417, 2, 234.01 W, 27, 2032 MHz, 3996 MHz, 0 %, 0 %
2026/03/23 13:54:59.417, 3, 234.01 W, 30, 2032 MHz, 3996 MHz, 0 %, 0 %
2026/03/23 13:54:59.417, 4, 178.88 W, 25, 120 MHz, 3996 MHz, 0 %, 0 %
2026/03/23 13:54:59.417, 5, 180.58 W, 27, 120 MHz, 3996 MHz, 0 %, 0 %
2026/03/23 13:54:59.417, 6, 177.13 W, 26, 120 MHz, 3996 MHz, 0 %, 0 %
2026/03/23 13:54:59.417, 7, 176.58 W, 27, 120 MHz, 3996 MHz, 0 %, 0 %
2026/03/23 13:55:00.417, 0, 228.07 W, 27, 2032 MHz, 3996 MHz, 0 %, 0 %
2026/03/23 13:55:00.417, 1, 233.21 W, 30, 2032 MHz, 3996 MHz, 0 %, 0 %
2026/03/23 13:55:00.417, 2, 234.02 W, 27, 2032 MHz, 3996 MHz, 0 %, 0 %
2026/03/23 13:55:00.417, 3, 234.44 W, 30, 2032 MHz, 3996 MHz, 0 %, 0 %
2026/03/23 13:55:00.417, 4, 178.89 W, 25, 120 MHz, 3996 MHz, 0 %, 0 %
2026/03/23 13:55:00.417, 5, 180.58 W, 27, 120 MHz, 3996 MHz, 0 %, 0 %
2026/03/23 13:55:00.417, 6, 177.38 W, 26, 120 MHz, 3996 MHz, 0 %, 0 %
2026/03/23 13:55:00.417, 7, 176.58 W, 27, 120 MHz, 3996 MHz, 0 %, 0 %
2026/03/23 13:55:01.417, 0, 230.83 W, 28, 2032 MHz, 3996 MHz, 15 %, 0 %
2026/03/23 13:55:01.417, 1, 235.36 W, 30, 2032 MHz, 3996 MHz, 12 %, 0 %
2026/03/23 13:55:01.417, 2, 244.79 W, 28, 2032 MHz, 3996 MHz, 23 %, 0 %
2026/03/23 13:55:01.417, 3, 233.95 W, 30, 2032 MHz, 3996 MHz, 0 %, 0 %
2026/03/23 13:55:01.417, 4, 178.59 W, 25, 120 MHz, 3996 MHz, 0 %, 0 %
2026/03/23 13:55:01.417, 5, 180.58 W, 27, 120 MHz, 3996 MHz, 0 %, 0 %
2026/03/23 13:55:01.417, 6, 177.24 W, 26, 120 MHz, 3996 MHz, 0 %, 0 %
2026/03/23 13:55:01.417, 7, 176.58 W, 27, 120 MHz, 3996 MHz, 0 %, 0 %
2026/03/23 13:55:02.418, 0, 229.21 W, 27, 2032 MHz, 3996 MHz, 0 %, 0 %
2026/03/23 13:55:02.418, 1, 234.01 W, 30, 2032 MHz, 3996 MHz, 0 %, 0 %
2026/03/23 13:55:02.418, 2, 234.12 W, 27, 2032 MHz, 3996 MHz, 0 %, 0 %
2026/03/23 13:55:02.418, 3, 235.13 W, 30, 2032 MHz, 3996 MHz, 0 %, 0 %
2026/03/23 13:55:02.418, 4, 178.76 W, 25, 120 MHz, 3996 MHz, 0 %, 0 %
2026/03/23 13:55:02.418, 5, 180.58 W, 27, 120 MHz, 3996 MHz, 0 %, 0 %
2026/03/23 13:55:02.418, 6, 177.39 W, 26, 120 MHz, 3996 MHz, 0 %, 0 %
2026/03/23 13:55:02.418, 7, 176.58 W, 27, 120 MHz, 3996 MHz, 0 %, 0 %
2026/03/23 13:55:03.418, 0, 229.02 W, 27, 2032 MHz, 3996 MHz, 0 %, 0 %
2026/03/23 13:55:03.418, 1, 233.81 W, 30, 2032 MHz, 3996 MHz, 0 %, 0 %
2026/03/23 13:55:03.418, 2, 234.02 W, 27, 2032 MHz, 3996 MHz, 0 %, 0 %
2026/03/23 13:55:03.418, 3, 235.21 W, 30, 2032 MHz, 3996 MHz, 0 %, 0 %
2026/03/23 13:55:03.418, 4, 178.67 W, 25, 120 MHz, 3996 MHz, 0 %, 0 %
2026/03/23 13:55:03.418, 5, 180.58 W, 27, 120 MHz, 3996 MHz, 0 %, 0 %
2026/03/23 13:55:03.418, 6, 177.35 W, 26, 120 MHz, 3996 MHz, 0 %, 0 %
2026/03/23 13:55:03.418, 7, 176.58 W, 27, 120 MHz, 3996 MHz, 0 %, 0 %
2026/03/23 13:55:04.418, 0, 228.73 W, 27, 2032 MHz, 3996 MHz, 0 %, 0 %
2026/03/23 13:55:04.418, 1, 233.25 W, 30, 2032 MHz, 3996 MHz, 0 %, 0 %
2026/03/23 13:55:04.418, 2, 234.02 W, 27, 2032 MHz, 3996 MHz, 0 %, 0 %
2026/03/23 13:55:04.418, 3, 235.24 W, 30, 2032 MHz, 3996 MHz, 0 %, 0 %
2026/03/23 13:55:04.418, 4, 178.63 W, 25, 120 MHz, 3996 MHz, 0 %, 0 %
2026/03/23 13:55:04.418, 5, 180.58 W, 27, 120 MHz, 3996 MHz, 0 %, 0 %
2026/03/23 13:55:04.418, 6, 177.23 W, 26, 120 MHz, 3996 MHz, 0 %, 0 %
2026/03/23 13:55:04.418, 7, 176.58 W, 27, 120 MHz, 3996 MHz, 0 %, 0 %
2026/03/23 13:55:05.418, 0, 228.52 W, 27, 2032 MHz, 3996 MHz, 0 %, 0 %
2026/03/23 13:55:05.418, 1, 233.20 W, 30, 2032 MHz, 3996 MHz, 0 %, 0 %
2026/03/23 13:55:05.418, 2, 234.02 W, 27, 2032 MHz, 3996 MHz, 0 %, 0 %
2026/03/23 13:55:05.418, 3, 235.01 W, 30, 2032 MHz, 3996 MHz, 0 %, 0 %
2026/03/23 13:55:05.418, 4, 178.63 W, 25, 120 MHz, 3996 MHz, 0 %, 0 %
2026/03/23 13:55:05.418, 5, 180.58 W, 27, 120 MHz, 3996 MHz, 0 %, 0 %
2026/03/23 13:55:05.418, 6, 177.46 W, 26, 120 MHz, 3996 MHz, 0 %, 0 %
2026/03/23 13:55:05.418, 7, 176.58 W, 27, 120 MHz, 3996 MHz, 0 %, 0 %
2026/03/23 13:55:06.418, 0, 228.34 W, 27, 2032 MHz, 3996 MHz, 0 %, 0 %
2026/03/23 13:55:06.418, 1, 233.18 W, 30, 2032 MHz, 3996 MHz, 0 %, 0 %
2026/03/23 13:55:06.418, 2, 234.02 W, 27, 2032 MHz, 3996 MHz, 0 %, 0 %
2026/03/23 13:55:06.418, 3, 234.89 W, 30, 2032 MHz, 3996 MHz, 0 %, 0 %
2026/03/23 13:55:06.418, 4, 178.58 W, 25, 120 MHz, 3996 MHz, 0 %, 0 %
2026/03/23 13:55:06.418, 5, 180.58 W, 27, 120 MHz, 3996 MHz, 0 %, 0 %
2026/03/23 13:55:06.418, 6, 177.41 W, 26, 120 MHz, 3996 MHz, 0 %, 0 %
2026/03/23 13:55:06.418, 7, 176.58 W, 27, 120 MHz, 3996 MHz, 0 %, 0 %
2026/03/23 13:55:07.418, 0, 231.35 W, 27, 2032 MHz, 3996 MHz, 0 %, 0 %
2026/03/23 13:55:07.418, 1, 240.74 W, 30, 2032 MHz, 3996 MHz, 19 %, 0 %
2026/03/23 13:55:07.418, 2, 234.02 W, 27, 2032 MHz, 3996 MHz, 0 %, 0 %
2026/03/23 13:55:07.418, 3, 236.92 W, 30, 2032 MHz, 3996 MHz, 0 %, 0 %
2026/03/23 13:55:07.418, 4, 178.82 W, 25, 120 MHz, 3996 MHz, 0 %, 0 %
2026/03/23 13:55:07.418, 5, 180.58 W, 27, 120 MHz, 3996 MHz, 0 %, 0 %
2026/03/23 13:55:07.418, 6, 177.20 W, 26, 120 MHz, 3996 MHz, 0 %, 0 %
2026/03/23 13:55:07.418, 7, 176.58 W, 27, 120 MHz, 3996 MHz, 0 %, 0 %
2026/03/23 13:55:08.419, 0, 281.04 W, 28, 2032 MHz, 3996 MHz, 0 %, 0 %
2026/03/23 13:55:08.419, 1, 290.47 W, 30, 2032 MHz, 3996 MHz, 0 %, 0 %
2026/03/23 13:55:08.419, 2, 277.44 W, 27, 2032 MHz, 3996 MHz, 0 %, 0 %
2026/03/23 13:55:08.419, 3, 276.98 W, 30, 2032 MHz, 3996 MHz, 0 %, 0 %
2026/03/23 13:55:08.419, 4, 178.78 W, 25, 120 MHz, 3996 MHz, 0 %, 0 %
2026/03/23 13:55:08.419, 5, 180.58 W, 27, 120 MHz, 3996 MHz, 0 %, 0 %
2026/03/23 13:55:08.419, 6, 177.22 W, 26, 120 MHz, 3996 MHz, 0 %, 0 %
2026/03/23 13:55:08.419, 7, 176.58 W, 27, 120 MHz, 3996 MHz, 0 %, 0 %
2026/03/23 13:55:09.419, 0, 229.38 W, 27, 2032 MHz, 3996 MHz, 0 %, 0 %
2026/03/23 13:55:09.419, 1, 233.49 W, 30, 2032 MHz, 3996 MHz, 0 %, 0 %
2026/03/23 13:55:09.419, 2, 233.99 W, 27, 2032 MHz, 3996 MHz, 0 %, 0 %
2026/03/23 13:55:09.419, 3, 235.22 W, 30, 2032 MHz, 3996 MHz, 0 %, 0 %
2026/03/23 13:55:09.419, 4, 178.88 W, 25, 120 MHz, 3996 MHz, 0 %, 0 %
2026/03/23 13:55:09.419, 5, 180.58 W, 27, 120 MHz, 3996 MHz, 0 %, 0 %
2026/03/23 13:55:09.419, 6, 177.39 W, 26, 120 MHz, 3996 MHz, 0 %, 0 %
2026/03/23 13:55:09.419, 7, 176.58 W, 27, 120 MHz, 3996 MHz, 0 %, 0 %
2026/03/23 13:55:10.419, 0, 228.83 W, 27, 2032 MHz, 3996 MHz, 0 %, 0 %
2026/03/23 13:55:10.419, 1, 233.37 W, 30, 2032 MHz, 3996 MHz, 0 %, 0 %
2026/03/23 13:55:10.419, 2, 234.04 W, 27, 2032 MHz, 3996 MHz, 0 %, 0 %
2026/03/23 13:55:10.419, 3, 235.18 W, 30, 2032 MHz, 3996 MHz, 0 %, 0 %
2026/03/23 13:55:10.419, 4, 178.56 W, 25, 120 MHz, 3996 MHz, 0 %, 0 %
2026/03/23 13:55:10.419, 5, 180.58 W, 27, 120 MHz, 3996 MHz, 0 %, 0 %
2026/03/23 13:55:10.419, 6, 177.51 W, 26, 120 MHz, 3996 MHz, 0 %, 0 %
2026/03/23 13:55:10.419, 7, 176.58 W, 27, 120 MHz, 3996 MHz, 0 %, 0 %
2026/03/23 13:55:11.419, 0, 228.76 W, 27, 2032 MHz, 3996 MHz, 0 %, 0 %
2026/03/23 13:55:11.419, 1, 233.17 W, 30, 2032 MHz, 3996 MHz, 0 %, 0 %
2026/03/23 13:55:11.419, 2, 234.01 W, 27, 2032 MHz, 3996 MHz, 0 %, 0 %
2026/03/23 13:55:11.419, 3, 235.12 W, 30, 2032 MHz, 3996 MHz, 0 %, 0 %
2026/03/23 13:55:11.419, 4, 178.67 W, 25, 120 MHz, 3996 MHz, 0 %, 0 %
2026/03/23 13:55:11.419, 5, 180.58 W, 27, 120 MHz, 3996 MHz, 0 %, 0 %
2026/03/23 13:55:11.419, 6, 177.24 W, 26, 120 MHz, 3996 MHz, 0 %, 0 %
2026/03/23 13:55:11.419, 7, 176.58 W, 27, 120 MHz, 3996 MHz, 0 %, 0 %
2026/03/23 13:55:12.419, 0, 228.56 W, 27, 2032 MHz, 3996 MHz, 0 %, 0 %
2026/03/23 13:55:12.419, 1, 233.21 W, 30, 2032 MHz, 3996 MHz, 0 %, 0 %
2026/03/23 13:55:12.419, 2, 234.01 W, 27, 2032 MHz, 3996 MHz, 0 %, 0 %
2026/03/23 13:55:12.419, 3, 235.13 W, 30, 2032 MHz, 3996 MHz, 0 %, 0 %
2026/03/23 13:55:12.419, 4, 178.73 W, 25, 120 MHz, 3996 MHz, 0 %, 0 %
2026/03/23 13:55:12.419, 5, 180.58 W, 27, 120 MHz, 3996 MHz, 0 %, 0 %
2026/03/23 13:55:12.419, 6, 177.46 W, 26, 120 MHz, 3996 MHz, 0 %, 0 %
2026/03/23 13:55:12.419, 7, 176.58 W, 27, 120 MHz, 3996 MHz, 0 %, 0 %
2026/03/23 13:55:13.419, 0, 228.42 W, 27, 2032 MHz, 3996 MHz, 0 %, 0 %
2026/03/23 13:55:13.419, 1, 233.36 W, 30, 2032 MHz, 3996 MHz, 0 %, 0 %
2026/03/23 13:55:13.419, 2, 234.05 W, 27, 2032 MHz, 3996 MHz, 0 %, 0 %
2026/03/23 13:55:13.419, 3, 235.17 W, 30, 2032 MHz, 3996 MHz, 0 %, 0 %
2026/03/23 13:55:13.419, 4, 178.76 W, 25, 120 MHz, 3996 MHz, 0 %, 0 %
2026/03/23 13:55:13.419, 5, 180.58 W, 27, 120 MHz, 3996 MHz, 0 %, 0 %
2026/03/23 13:55:13.419, 6, 177.62 W, 26, 120 MHz, 3996 MHz, 0 %, 0 %
2026/03/23 13:55:13.419, 7, 176.58 W, 27, 120 MHz, 3996 MHz, 0 %, 0 %
2026/03/23 13:55:14.420, 0, 228.38 W, 27, 2032 MHz, 3996 MHz, 0 %, 0 %
2026/03/23 13:55:14.420, 1, 233.33 W, 30, 2032 MHz, 3996 MHz, 0 %, 0 %
2026/03/23 13:55:14.420, 2, 234.01 W, 27, 2032 MHz, 3996 MHz, 0 %, 0 %
2026/03/23 13:55:14.420, 3, 234.52 W, 30, 2032 MHz, 3996 MHz, 0 %, 0 %
2026/03/23 13:55:14.420, 4, 178.66 W, 25, 120 MHz, 3996 MHz, 0 %, 0 %
2026/03/23 13:55:14.420, 5, 180.58 W, 27, 120 MHz, 3996 MHz, 0 %, 0 %
2026/03/23 13:55:14.420, 6, 177.75 W, 26, 120 MHz, 3996 MHz, 0 %, 0 %
2026/03/23 13:55:14.420, 7, 176.58 W, 27, 120 MHz, 3996 MHz, 0 %, 0 %
2026/03/23 13:55:15.420, 0, 228.22 W, 27, 2032 MHz, 3996 MHz, 0 %, 0 %
2026/03/23 13:55:15.420, 1, 233.19 W, 30, 2032 MHz, 3996 MHz, 0 %, 0 %
2026/03/23 13:55:15.420, 2, 234.01 W, 27, 2032 MHz, 3996 MHz, 0 %, 0 %
2026/03/23 13:55:15.420, 3, 234.78 W, 30, 2032 MHz, 3996 MHz, 0 %, 0 %
2026/03/23 13:55:15.420, 4, 178.59 W, 25, 120 MHz, 3996 MHz, 0 %, 0 %
2026/03/23 13:55:15.420, 5, 180.58 W, 27, 120 MHz, 3996 MHz, 0 %, 0 %
2026/03/23 13:55:15.420, 6, 177.50 W, 26, 120 MHz, 3996 MHz, 0 %, 0 %
2026/03/23 13:55:15.420, 7, 176.58 W, 27, 120 MHz, 3996 MHz, 0 %, 0 %
2026/03/23 13:55:16.420, 0, 228.18 W, 27, 2032 MHz, 3996 MHz, 0 %, 0 %
2026/03/23 13:55:16.420, 1, 233.18 W, 30, 2032 MHz, 3996 MHz, 0 %, 0 %
2026/03/23 13:55:16.420, 2, 234.01 W, 27, 2032 MHz, 3996 MHz, 0 %, 0 %
2026/03/23 13:55:16.420, 3, 234.23 W, 30, 2032 MHz, 3996 MHz, 0 %, 0 %
2026/03/23 13:55:16.420, 4, 178.74 W, 25, 120 MHz, 3996 MHz, 0 %, 0 %
2026/03/23 13:55:16.420, 5, 180.58 W, 27, 120 MHz, 3996 MHz, 0 %, 0 %
2026/03/23 13:55:16.420, 6, 177.44 W, 26, 120 MHz, 3996 MHz, 0 %, 0 %
2026/03/23 13:55:16.420, 7, 176.58 W, 27, 120 MHz, 3996 MHz, 0 %, 0 %
2026/03/23 13:55:17.420, 0, 315.73 W, 31, 2032 MHz, 3996 MHz, 83 %, 12 %
2026/03/23 13:55:17.420, 1, 315.59 W, 33, 2032 MHz, 3996 MHz, 99 %, 22 %
2026/03/23 13:55:17.420, 2, 304.53 W, 31, 2032 MHz, 3996 MHz, 23 %, 8 %
2026/03/23 13:55:17.420, 3, 309.46 W, 34, 2032 MHz, 3996 MHz, 84 %, 6 %
2026/03/23 13:55:17.420, 4, 178.75 W, 25, 120 MHz, 3996 MHz, 0 %, 0 %
2026/03/23 13:55:17.420, 5, 180.58 W, 27, 120 MHz, 3996 MHz, 0 %, 0 %
2026/03/23 13:55:17.420, 6, 177.66 W, 26, 120 MHz, 3996 MHz, 0 %, 0 %
2026/03/23 13:55:17.420, 7, 176.58 W, 27, 120 MHz, 3996 MHz, 0 %, 0 %
2026/03/23 13:55:18.420, 0, 702.10 W, 34, 2032 MHz, 3996 MHz, 100 %, 60 %
2026/03/23 13:55:18.420, 1, 705.29 W, 36, 2032 MHz, 3996 MHz, 100 %, 60 %
2026/03/23 13:55:18.420, 2, 702.04 W, 34, 2032 MHz, 3996 MHz, 100 %, 60 %
2026/03/23 13:55:18.420, 3, 703.39 W, 37, 2032 MHz, 3996 MHz, 100 %, 60 %
2026/03/23 13:55:18.420, 4, 178.82 W, 25, 120 MHz, 3996 MHz, 0 %, 0 %
2026/03/23 13:55:18.420, 5, 180.58 W, 27, 120 MHz, 3996 MHz, 0 %, 0 %
2026/03/23 13:55:18.420, 6, 177.68 W, 26, 120 MHz, 3996 MHz, 0 %, 0 %
2026/03/23 13:55:18.420, 7, 176.58 W, 27, 120 MHz, 3996 MHz, 0 %, 0 %
2026/03/23 13:55:19.420, 0, 740.06 W, 35, 2032 MHz, 3996 MHz, 100 %, 62 %
2026/03/23 13:55:19.420, 1, 744.54 W, 37, 2032 MHz, 3996 MHz, 100 %, 62 %
2026/03/23 13:55:19.420, 2, 749.91 W, 35, 2032 MHz, 3996 MHz, 100 %, 62 %
2026/03/23 13:55:19.420, 3, 746.79 W, 38, 2032 MHz, 3996 MHz, 100 %, 61 %
2026/03/23 13:55:19.420, 4, 178.79 W, 25, 120 MHz, 3996 MHz, 0 %, 0 %
2026/03/23 13:55:19.420, 5, 180.58 W, 27, 120 MHz, 3996 MHz, 0 %, 0 %
2026/03/23 13:55:19.420, 6, 177.79 W, 26, 120 MHz, 3996 MHz, 0 %, 0 %
2026/03/23 13:55:19.420, 7, 176.58 W, 27, 120 MHz, 3996 MHz, 0 %, 0 %
2026/03/23 13:55:20.420, 0, 745.89 W, 35, 2032 MHz, 3996 MHz, 100 %, 62 %
2026/03/23 13:55:20.421, 1, 750.68 W, 38, 2032 MHz, 3996 MHz, 100 %, 62 %
2026/03/23 13:55:20.421, 2, 755.78 W, 35, 2032 MHz, 3996 MHz, 100 %, 62 %
2026/03/23 13:55:20.421, 3, 749.58 W, 38, 2032 MHz, 3996 MHz, 100 %, 62 %
2026/03/23 13:55:20.421, 4, 178.64 W, 25, 120 MHz, 3996 MHz, 0 %, 0 %
2026/03/23 13:55:20.421, 5, 180.58 W, 27, 120 MHz, 3996 MHz, 0 %, 0 %
2026/03/23 13:55:20.421, 6, 177.27 W, 26, 120 MHz, 3996 MHz, 0 %, 0 %
2026/03/23 13:55:20.421, 7, 176.58 W, 27, 120 MHz, 3996 MHz, 0 %, 0 %
2026/03/23 13:55:21.421, 0, 746.81 W, 36, 2032 MHz, 3996 MHz, 100 %, 63 %
2026/03/23 13:55:21.421, 1, 754.00 W, 38, 2032 MHz, 3996 MHz, 100 %, 63 %
2026/03/23 13:55:21.421, 2, 757.37 W, 36, 2032 MHz, 3996 MHz, 100 %, 63 %
2026/03/23 13:55:21.421, 3, 754.59 W, 38, 2032 MHz, 3996 MHz, 100 %, 63 %
2026/03/23 13:55:21.421, 4, 178.79 W, 25, 120 MHz, 3996 MHz, 0 %, 0 %
2026/03/23 13:55:21.421, 5, 180.58 W, 27, 120 MHz, 3996 MHz, 0 %, 0 %
2026/03/23 13:55:21.421, 6, 177.46 W, 26, 120 MHz, 3996 MHz, 0 %, 0 %
2026/03/23 13:55:21.421, 7, 176.58 W, 27, 120 MHz, 3996 MHz, 0 %, 0 %
2026/03/23 13:55:22.421, 0, 748.83 W, 36, 2032 MHz, 3996 MHz, 100 %, 62 %
2026/03/23 13:55:22.421, 1, 755.33 W, 38, 2032 MHz, 3996 MHz, 100 %, 63 %
2026/03/23 13:55:22.421, 2, 761.02 W, 36, 2032 MHz, 3996 MHz, 100 %, 63 %
2026/03/23 13:55:22.421, 3, 756.71 W, 39, 2032 MHz, 3996 MHz, 100 %, 63 %
2026/03/23 13:55:22.421, 4, 178.79 W, 25, 120 MHz, 3996 MHz, 0 %, 0 %
2026/03/23 13:55:22.421, 5, 180.58 W, 27, 120 MHz, 3996 MHz, 0 %, 0 %
2026/03/23 13:55:22.421, 6, 177.46 W, 26, 120 MHz, 3996 MHz, 0 %, 0 %
2026/03/23 13:55:22.421, 7, 176.58 W, 27, 120 MHz, 3996 MHz, 0 %, 0 %
2026/03/23 13:55:23.421, 0, 751.82 W, 36, 2032 MHz, 3996 MHz, 100 %, 63 %
2026/03/23 13:55:23.421, 1, 757.65 W, 39, 2032 MHz, 3996 MHz, 100 %, 63 %
2026/03/23 13:55:23.421, 2, 762.98 W, 36, 2032 MHz, 3996 MHz, 100 %, 63 %
2026/03/23 13:55:23.421, 3, 756.48 W, 39, 2032 MHz, 3996 MHz, 100 %, 63 %
2026/03/23 13:55:23.421, 4, 178.72 W, 25, 120 MHz, 3996 MHz, 0 %, 0 %
2026/03/23 13:55:23.421, 5, 180.58 W, 27, 120 MHz, 3996 MHz, 0 %, 0 %
2026/03/23 13:55:23.421, 6, 177.75 W, 26, 120 MHz, 3996 MHz, 0 %, 0 %
2026/03/23 13:55:23.421, 7, 176.58 W, 27, 120 MHz, 3996 MHz, 0 %, 0 %
2026/03/23 13:55:24.421, 0, 753.60 W, 36, 2032 MHz, 3996 MHz, 100 %, 63 %
2026/03/23 13:55:24.421, 1, 759.57 W, 39, 2032 MHz, 3996 MHz, 100 %, 63 %
2026/03/23 13:55:24.421, 2, 764.88 W, 37, 2032 MHz, 3996 MHz, 100 %, 63 %
2026/03/23 13:55:24.421, 3, 761.06 W, 39, 2032 MHz, 3996 MHz, 100 %, 63 %
2026/03/23 13:55:24.421, 4, 178.68 W, 25, 120 MHz, 3996 MHz, 0 %, 0 %
2026/03/23 13:55:24.421, 5, 180.58 W, 27, 120 MHz, 3996 MHz, 0 %, 0 %
2026/03/23 13:55:24.421, 6, 177.59 W, 26, 120 MHz, 3996 MHz, 0 %, 0 %
2026/03/23 13:55:24.421, 7, 176.58 W, 27, 120 MHz, 3996 MHz, 0 %, 0 %
2026/03/23 13:55:25.421, 0, 753.32 W, 37, 2032 MHz, 3996 MHz, 100 %, 64 %
2026/03/23 13:55:25.421, 1, 759.17 W, 39, 2032 MHz, 3996 MHz, 100 %, 63 %
2026/03/23 13:55:25.421, 2, 765.23 W, 37, 2032 MHz, 3996 MHz, 100 %, 63 %
2026/03/23 13:55:25.421, 3, 762.92 W, 40, 2032 MHz, 3996 MHz, 100 %, 63 %
2026/03/23 13:55:25.421, 4, 178.69 W, 25, 120 MHz, 3996 MHz, 0 %, 0 %
2026/03/23 13:55:25.421, 5, 180.58 W, 27, 120 MHz, 3996 MHz, 0 %, 0 %
2026/03/23 13:55:25.421, 6, 177.53 W, 26, 120 MHz, 3996 MHz, 0 %, 0 %
2026/03/23 13:55:25.421, 7, 176.58 W, 27, 120 MHz, 3996 MHz, 0 %, 0 %
2026/03/23 13:55:26.421, 0, 755.09 W, 37, 2032 MHz, 3996 MHz, 100 %, 63 %
2026/03/23 13:55:26.421, 1, 760.07 W, 39, 2032 MHz, 3996 MHz, 100 %, 63 %
2026/03/23 13:55:26.421, 2, 767.10 W, 37, 2032 MHz, 3996 MHz, 100 %, 63 %
2026/03/23 13:55:26.421, 3, 761.72 W, 40, 2032 MHz, 3996 MHz, 100 %, 64 %
2026/03/23 13:55:26.421, 4, 178.71 W, 25, 120 MHz, 3996 MHz, 0 %, 0 %
2026/03/23 13:55:26.421, 5, 180.58 W, 27, 120 MHz, 3996 MHz, 0 %, 0 %
2026/03/23 13:55:26.421, 6, 177.46 W, 26, 120 MHz, 3996 MHz, 0 %, 0 %
2026/03/23 13:55:26.421, 7, 176.58 W, 27, 120 MHz, 3996 MHz, 0 %, 0 %
2026/03/23 13:55:27.422, 0, 752.42 W, 37, 2032 MHz, 3996 MHz, 100 %, 63 %
2026/03/23 13:55:27.422, 1, 759.66 W, 40, 2032 MHz, 3996 MHz, 100 %, 63 %
2026/03/23 13:55:27.422, 2, 764.56 W, 37, 2032 MHz, 3996 MHz, 100 %, 63 %
2026/03/23 13:55:27.422, 3, 760.90 W, 40, 2032 MHz, 3996 MHz, 100 %, 63 %
2026/03/23 13:55:27.422, 4, 178.80 W, 25, 120 MHz, 3996 MHz, 0 %, 0 %
2026/03/23 13:55:27.422, 5, 180.58 W, 27, 120 MHz, 3996 MHz, 0 %, 0 %
2026/03/23 13:55:27.422, 6, 177.53 W, 26, 120 MHz, 3996 MHz, 0 %, 0 %
2026/03/23 13:55:27.422, 7, 176.58 W, 27, 120 MHz, 3996 MHz, 0 %, 0 %
2026/03/23 13:55:28.422, 0, 755.42 W, 37, 2032 MHz, 3996 MHz, 100 %, 63 %
2026/03/23 13:55:28.422, 1, 760.09 W, 40, 2032 MHz, 3996 MHz, 100 %, 63 %
2026/03/23 13:55:28.422, 2, 767.95 W, 37, 2032 MHz, 3996 MHz, 100 %, 63 %
2026/03/23 13:55:28.422, 3, 761.89 W, 40, 2032 MHz, 3996 MHz, 100 %, 63 %
2026/03/23 13:55:28.422, 4, 178.80 W, 25, 120 MHz, 3996 MHz, 0 %, 0 %
2026/03/23 13:55:28.422, 5, 180.58 W, 27, 120 MHz, 3996 MHz, 0 %, 0 %
2026/03/23 13:55:28.422, 6, 177.50 W, 26, 120 MHz, 3996 MHz, 0 %, 0 %
2026/03/23 13:55:28.422, 7, 176.58 W, 27, 120 MHz, 3996 MHz, 0 %, 0 %
2026/03/23 13:55:29.422, 0, 756.93 W, 38, 2032 MHz, 3996 MHz, 100 %, 63 %
2026/03/23 13:55:29.422, 1, 763.65 W, 40, 2032 MHz, 3996 MHz, 100 %, 63 %
2026/03/23 13:55:29.422, 2, 767.89 W, 38, 2032 MHz, 3996 MHz, 100 %, 63 %
2026/03/23 13:55:29.422, 3, 761.91 W, 41, 2032 MHz, 3996 MHz, 100 %, 63 %
2026/03/23 13:55:29.422, 4, 178.59 W, 25, 120 MHz, 3996 MHz, 0 %, 0 %
2026/03/23 13:55:29.422, 5, 180.58 W, 27, 120 MHz, 3996 MHz, 0 %, 0 %
2026/03/23 13:55:29.422, 6, 177.33 W, 26, 120 MHz, 3996 MHz, 0 %, 0 %
2026/03/23 13:55:29.422, 7, 176.58 W, 27, 120 MHz, 3996 MHz, 0 %, 0 %
2026/03/23 13:55:30.422, 0, 756.28 W, 38, 2032 MHz, 3996 MHz, 100 %, 63 %
2026/03/23 13:55:30.422, 1, 764.69 W, 40, 2032 MHz, 3996 MHz, 100 %, 63 %
2026/03/23 13:55:30.422, 2, 767.36 W, 38, 2032 MHz, 3996 MHz, 100 %, 63 %
2026/03/23 13:55:30.422, 3, 764.24 W, 41, 2032 MHz, 3996 MHz, 100 %, 63 %
2026/03/23 13:55:30.422, 4, 178.73 W, 25, 120 MHz, 3996 MHz, 0 %, 0 %
2026/03/23 13:55:30.422, 5, 180.58 W, 27, 120 MHz, 3996 MHz, 0 %, 0 %
2026/03/23 13:55:30.422, 6, 177.89 W, 26, 120 MHz, 3996 MHz, 0 %, 0 %
2026/03/23 13:55:30.422, 7, 176.58 W, 27, 120 MHz, 3996 MHz, 0 %, 0 %
2026/03/23 13:55:31.422, 0, 755.96 W, 38, 2032 MHz, 3996 MHz, 100 %, 63 %
2026/03/23 13:55:31.422, 1, 762.08 W, 41, 2032 MHz, 3996 MHz, 100 %, 63 %
2026/03/23 13:55:31.422, 2, 768.06 W, 38, 2032 MHz, 3996 MHz, 100 %, 63 %
2026/03/23 13:55:31.422, 3, 768.95 W, 41, 2032 MHz, 3996 MHz, 100 %, 63 %
2026/03/23 13:55:31.422, 4, 178.71 W, 25, 120 MHz, 3996 MHz, 0 %, 0 %
2026/03/23 13:55:31.422, 5, 180.58 W, 27, 120 MHz, 3996 MHz, 0 %, 0 %
2026/03/23 13:55:31.422, 6, 177.75 W, 26, 120 MHz, 3996 MHz, 0 %, 0 %
2026/03/23 13:55:31.422, 7, 176.58 W, 27, 120 MHz, 3996 MHz, 0 %, 0 %
2026/03/23 13:55:32.422, 0, 758.47 W, 38, 2032 MHz, 3996 MHz, 100 %, 63 %
2026/03/23 13:55:32.422, 1, 765.13 W, 41, 2032 MHz, 3996 MHz, 100 %, 63 %
2026/03/23 13:55:32.422, 2, 772.23 W, 38, 2032 MHz, 3996 MHz, 100 %, 63 %
2026/03/23 13:55:32.422, 3, 764.74 W, 41, 2032 MHz, 3996 MHz, 100 %, 63 %
2026/03/23 13:55:32.422, 4, 178.72 W, 25, 120 MHz, 3996 MHz, 0 %, 0 %
2026/03/23 13:55:32.422, 5, 180.58 W, 27, 120 MHz, 3996 MHz, 0 %, 0 %
2026/03/23 13:55:32.422, 6, 177.60 W, 26, 120 MHz, 3996 MHz, 0 %, 0 %
2026/03/23 13:55:32.422, 7, 176.58 W, 27, 120 MHz, 3996 MHz, 0 %, 0 %
2026/03/23 13:55:33.422, 0, 758.14 W, 38, 2032 MHz, 3996 MHz, 100 %, 63 %
2026/03/23 13:55:33.422, 1, 768.03 W, 41, 2032 MHz, 3996 MHz, 100 %, 63 %
2026/03/23 13:55:33.423, 2, 769.85 W, 39, 2032 MHz, 3996 MHz, 100 %, 63 %
2026/03/23 13:55:33.423, 3, 766.58 W, 42, 2032 MHz, 3996 MHz, 100 %, 63 %
2026/03/23 13:55:33.423, 4, 178.90 W, 25, 120 MHz, 3996 MHz, 0 %, 0 %
2026/03/23 13:55:33.423, 5, 180.58 W, 27, 120 MHz, 3996 MHz, 0 %, 0 %
2026/03/23 13:55:33.423, 6, 177.72 W, 26, 120 MHz, 3996 MHz, 0 %, 0 %
2026/03/23 13:55:33.423, 7, 176.58 W, 27, 120 MHz, 3996 MHz, 0 %, 0 %
2026/03/23 13:55:34.423, 0, 757.87 W, 39, 2032 MHz, 3996 MHz, 100 %, 63 %
2026/03/23 13:55:34.423, 1, 764.09 W, 41, 2032 MHz, 3996 MHz, 100 %, 63 %
2026/03/23 13:55:34.423, 2, 770.60 W, 39, 2032 MHz, 3996 MHz, 100 %, 63 %
2026/03/23 13:55:34.423, 3, 768.13 W, 42, 2032 MHz, 3996 MHz, 100 %, 63 %
2026/03/23 13:55:34.423, 4, 178.68 W, 25, 120 MHz, 3996 MHz, 0 %, 0 %
2026/03/23 13:55:34.423, 5, 180.58 W, 27, 120 MHz, 3996 MHz, 0 %, 0 %
2026/03/23 13:55:34.423, 6, 177.55 W, 26, 120 MHz, 3996 MHz, 0 %, 0 %
2026/03/23 13:55:34.423, 7, 176.58 W, 27, 120 MHz, 3996 MHz, 0 %, 0 %
2026/03/23 13:55:35.423, 0, 759.67 W, 39, 2032 MHz, 3996 MHz, 100 %, 63 %
2026/03/23 13:55:35.423, 1, 765.69 W, 41, 2032 MHz, 3996 MHz, 100 %, 63 %
2026/03/23 13:55:35.423, 2, 771.01 W, 39, 2032 MHz, 3996 MHz, 100 %, 63 %
2026/03/23 13:55:35.423, 3, 766.78 W, 42, 2032 MHz, 3996 MHz, 100 %, 63 %
2026/03/23 13:55:35.423, 4, 178.79 W, 25, 120 MHz, 3996 MHz, 0 %, 0 %
2026/03/23 13:55:35.423, 5, 180.58 W, 27, 120 MHz, 3996 MHz, 0 %, 0 %
2026/03/23 13:55:35.423, 6, 177.34 W, 26, 120 MHz, 3996 MHz, 0 %, 0 %
2026/03/23 13:55:35.423, 7, 176.58 W, 27, 120 MHz, 3996 MHz, 0 %, 0 %
2026/03/23 13:55:36.423, 0, 759.87 W, 39, 2032 MHz, 3996 MHz, 100 %, 63 %
2026/03/23 13:55:36.423, 1, 765.65 W, 41, 2032 MHz, 3996 MHz, 100 %, 64 %
2026/03/23 13:55:36.423, 2, 772.23 W, 39, 2032 MHz, 3996 MHz, 100 %, 64 %
2026/03/23 13:55:36.423, 3, 765.16 W, 42, 2032 MHz, 3996 MHz, 100 %, 63 %
2026/03/23 13:55:36.423, 4, 178.74 W, 25, 120 MHz, 3996 MHz, 0 %, 0 %
2026/03/23 13:55:36.423, 5, 180.58 W, 27, 120 MHz, 3996 MHz, 0 %, 0 %
2026/03/23 13:55:36.423, 6, 177.23 W, 26, 120 MHz, 3996 MHz, 0 %, 0 %
2026/03/23 13:55:36.423, 7, 176.58 W, 27, 120 MHz, 3996 MHz, 0 %, 0 %
2026/03/23 13:55:37.423, 0, 324.94 W, 33, 2032 MHz, 3996 MHz, 0 %, 0 %
2026/03/23 13:55:37.423, 1, 339.19 W, 35, 2032 MHz, 3996 MHz, 0 %, 0 %
2026/03/23 13:55:37.423, 2, 360.56 W, 33, 2032 MHz, 3996 MHz, 0 %, 0 %
2026/03/23 13:55:37.423, 3, 349.91 W, 36, 2032 MHz, 3996 MHz, 0 %, 0 %
2026/03/23 13:55:37.423, 4, 178.67 W, 25, 120 MHz, 3996 MHz, 0 %, 0 %
2026/03/23 13:55:37.423, 5, 180.58 W, 27, 120 MHz, 3996 MHz, 0 %, 0 %
2026/03/23 13:55:37.423, 6, 177.54 W, 26, 120 MHz, 3996 MHz, 0 %, 0 %
2026/03/23 13:55:37.423, 7, 176.58 W, 27, 120 MHz, 3996 MHz, 0 %, 0 %
2026/03/23 13:55:38.423, 0, 256.31 W, 33, 2032 MHz, 3996 MHz, 0 %, 0 %
2026/03/23 13:55:38.423, 1, 261.50 W, 36, 2032 MHz, 3996 MHz, 76 %, 24 %
2026/03/23 13:55:38.423, 2, 258.58 W, 32, 2032 MHz, 3996 MHz, 38 %, 0 %
2026/03/23 13:55:38.423, 3, 261.68 W, 36, 2032 MHz, 3996 MHz, 20 %, 0 %
2026/03/23 13:55:38.423, 4, 178.78 W, 25, 120 MHz, 3996 MHz, 0 %, 0 %
2026/03/23 13:55:38.423, 5, 180.58 W, 27, 120 MHz, 3996 MHz, 0 %, 0 %
2026/03/23 13:55:38.423, 6, 177.64 W, 26, 120 MHz, 3996 MHz, 0 %, 0 %
2026/03/23 13:55:38.423, 7, 176.58 W, 27, 120 MHz, 3996 MHz, 0 %, 0 %
2026/03/23 13:55:39.423, 0, 489.02 W, 36, 2032 MHz, 3996 MHz, 100 %, 46 %
2026/03/23 13:55:39.423, 1, 468.77 W, 38, 2032 MHz, 3996 MHz, 100 %, 52 %
2026/03/23 13:55:39.423, 2, 480.30 W, 36, 2032 MHz, 3996 MHz, 100 %, 48 %
2026/03/23 13:55:39.423, 3, 478.56 W, 39, 2032 MHz, 3996 MHz, 100 %, 43 %
2026/03/23 13:55:39.423, 4, 178.71 W, 25, 120 MHz, 3996 MHz, 0 %, 0 %
2026/03/23 13:55:39.423, 5, 180.58 W, 27, 120 MHz, 3996 MHz, 0 %, 0 %
2026/03/23 13:55:39.423, 6, 177.50 W, 26, 120 MHz, 3996 MHz, 0 %, 0 %
2026/03/23 13:55:39.423, 7, 176.58 W, 27, 120 MHz, 3996 MHz, 0 %, 0 %
2026/03/23 13:55:40.424, 0, 715.16 W, 38, 2032 MHz, 3996 MHz, 100 %, 58 %
2026/03/23 13:55:40.424, 1, 718.10 W, 40, 2032 MHz, 3996 MHz, 100 %, 59 %
2026/03/23 13:55:40.424, 2, 721.60 W, 38, 2032 MHz, 3996 MHz, 100 %, 59 %
2026/03/23 13:55:40.424, 3, 719.36 W, 41, 2032 MHz, 3996 MHz, 100 %, 58 %
2026/03/23 13:55:40.424, 4, 178.67 W, 25, 120 MHz, 3996 MHz, 0 %, 0 %
2026/03/23 13:55:40.424, 5, 180.58 W, 27, 120 MHz, 3996 MHz, 0 %, 0 %
2026/03/23 13:55:40.424, 6, 177.90 W, 26, 120 MHz, 3996 MHz, 0 %, 0 %
2026/03/23 13:55:40.424, 7, 176.58 W, 27, 120 MHz, 3996 MHz, 0 %, 0 %
2026/03/23 13:55:41.424, 0, 724.05 W, 38, 2032 MHz, 3996 MHz, 100 %, 59 %
2026/03/23 13:55:41.424, 1, 731.48 W, 41, 2032 MHz, 3996 MHz, 100 %, 59 %
2026/03/23 13:55:41.424, 2, 735.40 W, 38, 2032 MHz, 3996 MHz, 100 %, 59 %
2026/03/23 13:55:41.424, 3, 731.13 W, 41, 2032 MHz, 3996 MHz, 100 %, 59 %
2026/03/23 13:55:41.424, 4, 178.67 W, 25, 120 MHz, 3996 MHz, 0 %, 0 %
2026/03/23 13:55:41.424, 5, 180.58 W, 27, 120 MHz, 3996 MHz, 0 %, 0 %
2026/03/23 13:55:41.424, 6, 177.90 W, 26, 120 MHz, 3996 MHz, 0 %, 0 %
2026/03/23 13:55:41.424, 7, 176.58 W, 27, 120 MHz, 3996 MHz, 0 %, 0 %
2026/03/23 13:55:42.424, 0, 729.05 W, 39, 2032 MHz, 3996 MHz, 100 %, 60 %
2026/03/23 13:55:42.424, 1, 733.93 W, 41, 2032 MHz, 3996 MHz, 100 %, 60 %
2026/03/23 13:55:42.424, 2, 739.42 W, 39, 2032 MHz, 3996 MHz, 100 %, 60 %
2026/03/23 13:55:42.424, 3, 736.89 W, 42, 2032 MHz, 3996 MHz, 100 %, 60 %
2026/03/23 13:55:42.424, 4, 178.67 W, 25, 120 MHz, 3996 MHz, 0 %, 0 %
2026/03/23 13:55:42.424, 5, 180.58 W, 27, 120 MHz, 3996 MHz, 0 %, 0 %
2026/03/23 13:55:42.424, 6, 177.66 W, 26, 120 MHz, 3996 MHz, 0 %, 0 %
2026/03/23 13:55:42.424, 7, 176.58 W, 27, 120 MHz, 3996 MHz, 0 %, 0 %
2026/03/23 13:55:43.424, 0, 731.47 W, 39, 2032 MHz, 3996 MHz, 100 %, 60 %
2026/03/23 13:55:43.424, 1, 739.14 W, 41, 2032 MHz, 3996 MHz, 100 %, 60 %
2026/03/23 13:55:43.424, 2, 742.11 W, 39, 2032 MHz, 3996 MHz, 100 %, 60 %
2026/03/23 13:55:43.424, 3, 739.62 W, 42, 2032 MHz, 3996 MHz, 100 %, 60 %
2026/03/23 13:55:43.424, 4, 178.85 W, 25, 120 MHz, 3996 MHz, 0 %, 0 %
2026/03/23 13:55:43.424, 5, 180.58 W, 27, 120 MHz, 3996 MHz, 0 %, 0 %
2026/03/23 13:55:43.424, 6, 177.70 W, 26, 120 MHz, 3996 MHz, 0 %, 0 %
2026/03/23 13:55:43.424, 7, 176.58 W, 27, 120 MHz, 3996 MHz, 0 %, 0 %
2026/03/23 13:55:44.424, 0, 732.35 W, 39, 2032 MHz, 3996 MHz, 100 %, 60 %
2026/03/23 13:55:44.424, 1, 737.97 W, 41, 2032 MHz, 3996 MHz, 100 %, 60 %
2026/03/23 13:55:44.424, 2, 743.29 W, 39, 2032 MHz, 3996 MHz, 100 %, 60 %
2026/03/23 13:55:44.424, 3, 740.32 W, 42, 2032 MHz, 3996 MHz, 100 %, 60 %
2026/03/23 13:55:44.424, 4, 178.70 W, 25, 120 MHz, 3996 MHz, 0 %, 0 %
2026/03/23 13:55:44.424, 5, 180.58 W, 27, 120 MHz, 3996 MHz, 0 %, 0 %
2026/03/23 13:55:44.424, 6, 177.73 W, 26, 120 MHz, 3996 MHz, 0 %, 0 %
2026/03/23 13:55:44.424, 7, 176.58 W, 27, 120 MHz, 3996 MHz, 0 %, 0 %
2026/03/23 13:55:45.424, 0, 733.74 W, 39, 2032 MHz, 3996 MHz, 100 %, 60 %
2026/03/23 13:55:45.424, 1, 740.08 W, 42, 2032 MHz, 3996 MHz, 100 %, 60 %
2026/03/23 13:55:45.424, 2, 744.49 W, 39, 2032 MHz, 3996 MHz, 100 %, 60 %
2026/03/23 13:55:45.424, 3, 741.24 W, 42, 2032 MHz, 3996 MHz, 100 %, 60 %
2026/03/23 13:55:45.424, 4, 178.71 W, 25, 120 MHz, 3996 MHz, 0 %, 0 %
2026/03/23 13:55:45.424, 5, 180.58 W, 27, 120 MHz, 3996 MHz, 0 %, 0 %
2026/03/23 13:55:45.424, 6, 177.74 W, 26, 120 MHz, 3996 MHz, 0 %, 0 %
2026/03/23 13:55:45.424, 7, 176.58 W, 27, 120 MHz, 3996 MHz, 0 %, 0 %
2026/03/23 13:55:46.424, 0, 733.95 W, 39, 2032 MHz, 3996 MHz, 100 %, 60 %
2026/03/23 13:55:46.424, 1, 741.54 W, 42, 2032 MHz, 3996 MHz, 100 %, 60 %
2026/03/23 13:55:46.424, 2, 745.67 W, 39, 2032 MHz, 3996 MHz, 100 %, 60 %
2026/03/23 13:55:46.424, 3, 743.41 W, 42, 2032 MHz, 3996 MHz, 100 %, 60 %
2026/03/23 13:55:46.424, 4, 178.79 W, 25, 120 MHz, 3996 MHz, 0 %, 0 %
2026/03/23 13:55:46.424, 5, 180.58 W, 27, 120 MHz, 3996 MHz, 0 %, 0 %
2026/03/23 13:55:46.425, 6, 177.54 W, 26, 120 MHz, 3996 MHz, 0 %, 0 %
2026/03/23 13:55:46.425, 7, 176.58 W, 27, 120 MHz, 3996 MHz, 0 %, 0 %
2026/03/23 13:55:47.425, 0, 736.99 W, 39, 2032 MHz, 3996 MHz, 100 %, 61 %
2026/03/23 13:55:47.425, 1, 743.43 W, 42, 2032 MHz, 3996 MHz, 100 %, 61 %
2026/03/23 13:55:47.425, 2, 748.34 W, 39, 2032 MHz, 3996 MHz, 100 %, 61 %
2026/03/23 13:55:47.425, 3, 744.05 W, 43, 2032 MHz, 3996 MHz, 100 %, 61 %
2026/03/23 13:55:47.425, 4, 178.66 W, 25, 120 MHz, 3996 MHz, 0 %, 0 %
2026/03/23 13:55:47.425, 5, 180.58 W, 27, 120 MHz, 3996 MHz, 0 %, 0 %
2026/03/23 13:55:47.425, 6, 177.75 W, 26, 120 MHz, 3996 MHz, 0 %, 0 %
2026/03/23 13:55:47.425, 7, 176.58 W, 27, 120 MHz, 3996 MHz, 0 %, 0 %
2026/03/23 13:55:48.425, 0, 734.73 W, 39, 2032 MHz, 3996 MHz, 100 %, 60 %
2026/03/23 13:55:48.425, 1, 742.77 W, 42, 2032 MHz, 3996 MHz, 100 %, 60 %
2026/03/23 13:55:48.425, 2, 746.83 W, 40, 2032 MHz, 3996 MHz, 100 %, 60 %
2026/03/23 13:55:48.425, 3, 743.66 W, 43, 2032 MHz, 3996 MHz, 100 %, 60 %
2026/03/23 13:55:48.425, 4, 178.87 W, 25, 120 MHz, 3996 MHz, 0 %, 0 %
2026/03/23 13:55:48.425, 5, 180.58 W, 27, 120 MHz, 3996 MHz, 0 %, 0 %
2026/03/23 13:55:48.425, 6, 177.64 W, 26, 120 MHz, 3996 MHz, 0 %, 0 %
2026/03/23 13:55:48.425, 7, 176.58 W, 27, 120 MHz, 3996 MHz, 0 %, 0 %
2026/03/23 13:55:49.425, 0, 737.85 W, 40, 2032 MHz, 3996 MHz, 100 %, 60 %
2026/03/23 13:55:49.425, 1, 744.60 W, 42, 2032 MHz, 3996 MHz, 100 %, 60 %
2026/03/23 13:55:49.425, 2, 748.25 W, 40, 2032 MHz, 3996 MHz, 100 %, 60 %
2026/03/23 13:55:49.425, 3, 745.52 W, 43, 2032 MHz, 3996 MHz, 100 %, 60 %
2026/03/23 13:55:49.425, 4, 178.75 W, 25, 120 MHz, 3996 MHz, 0 %, 0 %
2026/03/23 13:55:49.425, 5, 180.58 W, 28, 120 MHz, 3996 MHz, 0 %, 0 %
2026/03/23 13:55:49.425, 6, 177.90 W, 26, 120 MHz, 3996 MHz, 0 %, 0 %
2026/03/23 13:55:49.425, 7, 176.58 W, 27, 120 MHz, 3996 MHz, 0 %, 0 %
2026/03/23 13:55:50.425, 0, 738.26 W, 40, 2032 MHz, 3996 MHz, 100 %, 60 %
2026/03/23 13:55:50.425, 1, 744.92 W, 42, 2032 MHz, 3996 MHz, 100 %, 60 %
2026/03/23 13:55:50.425, 2, 749.43 W, 40, 2032 MHz, 3996 MHz, 100 %, 60 %
2026/03/23 13:55:50.425, 3, 746.01 W, 43, 2032 MHz, 3996 MHz, 100 %, 60 %
2026/03/23 13:55:50.425, 4, 178.70 W, 25, 120 MHz, 3996 MHz, 0 %, 0 %
2026/03/23 13:55:50.425, 5, 180.58 W, 28, 120 MHz, 3996 MHz, 0 %, 0 %
2026/03/23 13:55:50.425, 6, 177.85 W, 26, 120 MHz, 3996 MHz, 0 %, 0 %
2026/03/23 13:55:50.425, 7, 176.58 W, 27, 120 MHz, 3996 MHz, 0 %, 0 %
2026/03/23 13:55:51.425, 0, 738.60 W, 40, 2032 MHz, 3996 MHz, 100 %, 60 %
2026/03/23 13:55:51.425, 1, 745.91 W, 42, 2032 MHz, 3996 MHz, 100 %, 61 %
2026/03/23 13:55:51.425, 2, 749.59 W, 40, 2032 MHz, 3996 MHz, 100 %, 60 %
2026/03/23 13:55:51.425, 3, 747.08 W, 43, 2032 MHz, 3996 MHz, 100 %, 60 %
2026/03/23 13:55:51.425, 4, 178.68 W, 25, 120 MHz, 3996 MHz, 0 %, 0 %
2026/03/23 13:55:51.425, 5, 180.58 W, 28, 120 MHz, 3996 MHz, 0 %, 0 %
2026/03/23 13:55:51.425, 6, 177.66 W, 26, 120 MHz, 3996 MHz, 0 %, 0 %
2026/03/23 13:55:51.425, 7, 176.58 W, 27, 120 MHz, 3996 MHz, 0 %, 0 %
2026/03/23 13:55:52.425, 0, 737.04 W, 40, 2032 MHz, 3996 MHz, 100 %, 60 %
2026/03/23 13:55:52.425, 1, 745.82 W, 43, 2032 MHz, 3996 MHz, 100 %, 61 %
2026/03/23 13:55:52.425, 2, 749.85 W, 40, 2032 MHz, 3996 MHz, 100 %, 60 %
2026/03/23 13:55:52.425, 3, 747.70 W, 43, 2032 MHz, 3996 MHz, 100 %, 61 %
2026/03/23 13:55:52.425, 4, 178.80 W, 25, 120 MHz, 3996 MHz, 0 %, 0 %
2026/03/23 13:55:52.425, 5, 180.58 W, 28, 120 MHz, 3996 MHz, 0 %, 0 %
2026/03/23 13:55:52.425, 6, 177.73 W, 26, 120 MHz, 3996 MHz, 0 %, 0 %
2026/03/23 13:55:52.425, 7, 176.58 W, 27, 120 MHz, 3996 MHz, 0 %, 0 %
2026/03/23 13:55:53.426, 0, 739.19 W, 40, 2032 MHz, 3996 MHz, 100 %, 60 %
2026/03/23 13:55:53.426, 1, 745.93 W, 43, 2032 MHz, 3996 MHz, 100 %, 60 %
2026/03/23 13:55:53.426, 2, 750.08 W, 40, 2032 MHz, 3996 MHz, 100 %, 61 %
2026/03/23 13:55:53.426, 3, 748.75 W, 43, 2032 MHz, 3996 MHz, 100 %, 60 %
2026/03/23 13:55:53.426, 4, 178.87 W, 25, 120 MHz, 3996 MHz, 0 %, 0 %
2026/03/23 13:55:53.426, 5, 180.58 W, 28, 120 MHz, 3996 MHz, 0 %, 0 %
2026/03/23 13:55:53.426, 6, 177.90 W, 26, 120 MHz, 3996 MHz, 0 %, 0 %
2026/03/23 13:55:53.426, 7, 176.58 W, 27, 120 MHz, 3996 MHz, 0 %, 0 %
2026/03/23 13:55:54.426, 0, 738.06 W, 40, 2032 MHz, 3996 MHz, 100 %, 61 %
2026/03/23 13:55:54.426, 1, 746.08 W, 43, 2032 MHz, 3996 MHz, 100 %, 61 %
2026/03/23 13:55:54.426, 2, 749.98 W, 40, 2032 MHz, 3996 MHz, 100 %, 61 %
2026/03/23 13:55:54.426, 3, 746.73 W, 44, 2032 MHz, 3996 MHz, 100 %, 61 %
2026/03/23 13:55:54.426, 4, 178.74 W, 25, 120 MHz, 3996 MHz, 0 %, 0 %
2026/03/23 13:55:54.426, 5, 180.58 W, 28, 120 MHz, 3996 MHz, 0 %, 0 %
2026/03/23 13:55:54.426, 6, 177.62 W, 26, 120 MHz, 3996 MHz, 0 %, 0 %
2026/03/23 13:55:54.426, 7, 176.58 W, 27, 120 MHz, 3996 MHz, 0 %, 0 %
2026/03/23 13:55:55.426, 0, 740.03 W, 40, 2032 MHz, 3996 MHz, 100 %, 61 %
2026/03/23 13:55:55.426, 1, 747.76 W, 43, 2032 MHz, 3996 MHz, 100 %, 61 %
2026/03/23 13:55:55.426, 2, 751.92 W, 40, 2032 MHz, 3996 MHz, 100 %, 60 %
2026/03/23 13:55:55.426, 3, 749.15 W, 44, 2032 MHz, 3996 MHz, 100 %, 61 %
2026/03/23 13:55:55.426, 4, 178.77 W, 25, 120 MHz, 3996 MHz, 0 %, 0 %
2026/03/23 13:55:55.426, 5, 180.58 W, 28, 120 MHz, 3996 MHz, 0 %, 0 %
2026/03/23 13:55:55.426, 6, 177.92 W, 26, 120 MHz, 3996 MHz, 0 %, 0 %
2026/03/23 13:55:55.426, 7, 176.58 W, 27, 120 MHz, 3996 MHz, 0 %, 0 %
2026/03/23 13:55:56.426, 0, 738.87 W, 40, 2032 MHz, 3996 MHz, 100 %, 60 %
2026/03/23 13:55:56.426, 1, 746.88 W, 43, 2032 MHz, 3996 MHz, 100 %, 61 %
2026/03/23 13:55:56.426, 2, 750.90 W, 40, 2032 MHz, 3996 MHz, 100 %, 61 %
2026/03/23 13:55:56.426, 3, 749.06 W, 44, 2032 MHz, 3996 MHz, 100 %, 60 %
2026/03/23 13:55:56.426, 4, 178.72 W, 25, 120 MHz, 3996 MHz, 0 %, 0 %
2026/03/23 13:55:56.426, 5, 180.58 W, 28, 120 MHz, 3996 MHz, 0 %, 0 %
2026/03/23 13:55:56.426, 6, 178.11 W, 26, 120 MHz, 3996 MHz, 0 %, 0 %
2026/03/23 13:55:56.426, 7, 176.58 W, 27, 120 MHz, 3996 MHz, 0 %, 0 %
2026/03/23 13:55:57.426, 0, 739.29 W, 40, 2032 MHz, 3996 MHz, 100 %, 61 %
2026/03/23 13:55:57.426, 1, 748.27 W, 43, 2032 MHz, 3996 MHz, 100 %, 60 %
2026/03/23 13:55:57.426, 2, 751.40 W, 41, 2032 MHz, 3996 MHz, 100 %, 61 %
2026/03/23 13:55:57.426, 3, 749.02 W, 44, 2032 MHz, 3996 MHz, 100 %, 61 %
2026/03/23 13:55:57.426, 4, 178.65 W, 25, 120 MHz, 3996 MHz, 0 %, 0 %
2026/03/23 13:55:57.426, 5, 180.58 W, 28, 120 MHz, 3996 MHz, 0 %, 0 %
2026/03/23 13:55:57.426, 6, 177.77 W, 26, 120 MHz, 3996 MHz, 0 %, 0 %
2026/03/23 13:55:57.426, 7, 176.58 W, 27, 120 MHz, 3996 MHz, 0 %, 0 %
2026/03/23 13:55:58.426, 0, 402.15 W, 35, 2032 MHz, 3996 MHz, 0 %, 0 %
2026/03/23 13:55:58.426, 1, 405.50 W, 38, 2032 MHz, 3996 MHz, 0 %, 0 %
2026/03/23 13:55:58.426, 2, 428.93 W, 36, 2032 MHz, 3996 MHz, 0 %, 0 %
2026/03/23 13:55:58.426, 3, 422.60 W, 39, 2032 MHz, 3996 MHz, 0 %, 0 %
2026/03/23 13:55:58.426, 4, 178.78 W, 25, 120 MHz, 3996 MHz, 0 %, 0 %
2026/03/23 13:55:58.426, 5, 180.58 W, 28, 120 MHz, 3996 MHz, 0 %, 0 %
2026/03/23 13:55:58.426, 6, 177.78 W, 26, 120 MHz, 3996 MHz, 0 %, 0 %
2026/03/23 13:55:58.426, 7, 176.58 W, 27, 120 MHz, 3996 MHz, 0 %, 0 %
2026/03/23 13:55:59.426, 0, 233.22 W, 34, 2032 MHz, 3996 MHz, 0 %, 0 %
2026/03/23 13:55:59.426, 1, 239.11 W, 36, 2032 MHz, 3996 MHz, 0 %, 0 %
2026/03/23 13:55:59.427, 2, 237.98 W, 34, 2032 MHz, 3996 MHz, 0 %, 0 %
2026/03/23 13:55:59.427, 3, 240.87 W, 37, 2032 MHz, 3996 MHz, 0 %, 0 %
2026/03/23 13:55:59.427, 4, 178.83 W, 25, 120 MHz, 3996 MHz, 0 %, 0 %
2026/03/23 13:55:59.427, 5, 180.58 W, 28, 120 MHz, 3996 MHz, 0 %, 0 %
2026/03/23 13:55:59.427, 6, 177.72 W, 26, 120 MHz, 3996 MHz, 0 %, 0 %
2026/03/23 13:55:59.427, 7, 176.58 W, 27, 120 MHz, 3996 MHz, 0 %, 0 %
2026/03/23 13:56:00.427, 0, 232.12 W, 33, 2032 MHz, 3996 MHz, 0 %, 0 %
2026/03/23 13:56:00.427, 1, 238.92 W, 36, 2032 MHz, 3996 MHz, 0 %, 0 %
2026/03/23 13:56:00.427, 2, 237.89 W, 33, 2032 MHz, 3996 MHz, 0 %, 0 %
2026/03/23 13:56:00.427, 3, 239.65 W, 37, 2032 MHz, 3996 MHz, 0 %, 0 %
2026/03/23 13:56:00.427, 4, 178.84 W, 25, 120 MHz, 3996 MHz, 0 %, 0 %
2026/03/23 13:56:00.427, 5, 180.58 W, 28, 120 MHz, 3996 MHz, 0 %, 0 %
2026/03/23 13:56:00.427, 6, 177.85 W, 26, 120 MHz, 3996 MHz, 0 %, 0 %
2026/03/23 13:56:00.427, 7, 176.58 W, 27, 120 MHz, 3996 MHz, 0 %, 0 %
2026/03/23 13:56:01.427, 0, 231.94 W, 33, 2032 MHz, 3996 MHz, 0 %, 0 %
2026/03/23 13:56:01.427, 1, 237.76 W, 36, 2032 MHz, 3996 MHz, 0 %, 0 %
2026/03/23 13:56:01.427, 2, 237.89 W, 33, 2032 MHz, 3996 MHz, 0 %, 0 %
2026/03/23 13:56:01.427, 3, 239.12 W, 36, 2032 MHz, 3996 MHz, 0 %, 0 %
2026/03/23 13:56:01.427, 4, 178.60 W, 25, 120 MHz, 3996 MHz, 0 %, 0 %
2026/03/23 13:56:01.427, 5, 180.58 W, 28, 120 MHz, 3996 MHz, 0 %, 0 %
2026/03/23 13:56:01.427, 6, 177.90 W, 26, 120 MHz, 3996 MHz, 0 %, 0 %
2026/03/23 13:56:01.427, 7, 176.58 W, 27, 120 MHz, 3996 MHz, 0 %, 0 %
2026/03/23 13:56:02.427, 0, 231.93 W, 33, 2032 MHz, 3996 MHz, 0 %, 0 %
2026/03/23 13:56:02.427, 1, 237.20 W, 35, 2032 MHz, 3996 MHz, 0 %, 0 %
2026/03/23 13:56:02.427, 2, 237.66 W, 33, 2032 MHz, 3996 MHz, 0 %, 0 %
2026/03/23 13:56:02.427, 3, 239.02 W, 36, 2032 MHz, 3996 MHz, 0 %, 0 %
2026/03/23 13:56:02.427, 4, 178.87 W, 25, 120 MHz, 3996 MHz, 0 %, 0 %
2026/03/23 13:56:02.427, 5, 180.58 W, 28, 120 MHz, 3996 MHz, 0 %, 0 %
2026/03/23 13:56:02.427, 6, 177.48 W, 26, 120 MHz, 3996 MHz, 0 %, 0 %
2026/03/23 13:56:02.427, 7, 176.58 W, 27, 120 MHz, 3996 MHz, 0 %, 0 %
2026/03/23 13:56:03.427, 0, 231.94 W, 32, 2032 MHz, 3996 MHz, 0 %, 0 %
2026/03/23 13:56:03.427, 1, 237.13 W, 35, 2032 MHz, 3996 MHz, 0 %, 0 %
2026/03/23 13:56:03.427, 2, 237.27 W, 32, 2032 MHz, 3996 MHz, 0 %, 0 %
2026/03/23 13:56:03.427, 3, 239.01 W, 36, 2032 MHz, 3996 MHz, 0 %, 0 %
2026/03/23 13:56:03.427, 4, 178.74 W, 25, 120 MHz, 3996 MHz, 0 %, 0 %
2026/03/23 13:56:03.427, 5, 180.58 W, 28, 120 MHz, 3996 MHz, 0 %, 0 %
2026/03/23 13:56:03.427, 6, 177.97 W, 26, 120 MHz, 3996 MHz, 0 %, 0 %
2026/03/23 13:56:03.427, 7, 176.58 W, 27, 120 MHz, 3996 MHz, 0 %, 0 %
2026/03/23 13:56:04.427, 0, 231.90 W, 32, 2032 MHz, 3996 MHz, 0 %, 0 %
2026/03/23 13:56:04.427, 1, 237.34 W, 35, 2032 MHz, 3996 MHz, 0 %, 0 %
2026/03/23 13:56:04.427, 2, 236.71 W, 32, 2032 MHz, 3996 MHz, 0 %, 0 %
2026/03/23 13:56:04.427, 3, 239.11 W, 36, 2032 MHz, 3996 MHz, 0 %, 0 %
2026/03/23 13:56:04.427, 4, 178.84 W, 25, 120 MHz, 3996 MHz, 0 %, 0 %
2026/03/23 13:56:04.427, 5, 180.58 W, 28, 120 MHz, 3996 MHz, 0 %, 0 %
2026/03/23 13:56:04.427, 6, 178.00 W, 26, 120 MHz, 3996 MHz, 0 %, 0 %
2026/03/23 13:56:04.427, 7, 176.58 W, 27, 120 MHz, 3996 MHz, 0 %, 0 %
2026/03/23 13:56:05.428, 0, 231.94 W, 32, 2032 MHz, 3996 MHz, 0 %, 0 %
2026/03/23 13:56:05.428, 1, 238.04 W, 35, 2032 MHz, 3996 MHz, 0 %, 0 %
2026/03/23 13:56:05.428, 2, 237.85 W, 32, 2032 MHz, 3996 MHz, 0 %, 0 %
2026/03/23 13:56:05.428, 3, 239.03 W, 35, 2032 MHz, 3996 MHz, 0 %, 0 %
2026/03/23 13:56:05.428, 4, 178.71 W, 25, 120 MHz, 3996 MHz, 0 %, 0 %
2026/03/23 13:56:05.428, 5, 180.58 W, 28, 120 MHz, 3996 MHz, 0 %, 0 %
2026/03/23 13:56:05.428, 6, 177.83 W, 26, 120 MHz, 3996 MHz, 0 %, 0 %
2026/03/23 13:56:05.428, 7, 176.58 W, 27, 120 MHz, 3996 MHz, 0 %, 0 %
2026/03/23 13:56:06.428, 0, 231.94 W, 32, 2032 MHz, 3996 MHz, 0 %, 0 %
2026/03/23 13:56:06.428, 1, 237.29 W, 35, 2032 MHz, 3996 MHz, 0 %, 0 %
2026/03/23 13:56:06.428, 2, 237.70 W, 32, 2032 MHz, 3996 MHz, 0 %, 0 %
2026/03/23 13:56:06.428, 3, 239.01 W, 35, 2032 MHz, 3996 MHz, 0 %, 0 %
2026/03/23 13:56:06.428, 4, 178.63 W, 25, 120 MHz, 3996 MHz, 0 %, 0 %
2026/03/23 13:56:06.428, 5, 180.58 W, 28, 120 MHz, 3996 MHz, 0 %, 0 %
2026/03/23 13:56:06.428, 6, 177.76 W, 26, 120 MHz, 3996 MHz, 0 %, 0 %
2026/03/23 13:56:06.428, 7, 176.58 W, 27, 120 MHz, 3996 MHz, 0 %, 0 %
2026/03/23 13:56:07.428, 0, 231.78 W, 31, 2032 MHz, 3996 MHz, 0 %, 0 %
2026/03/23 13:56:07.428, 1, 237.07 W, 34, 2032 MHz, 3996 MHz, 0 %, 0 %
2026/03/23 13:56:07.428, 2, 237.50 W, 32, 2032 MHz, 3996 MHz, 0 %, 0 %
2026/03/23 13:56:07.428, 3, 239.04 W, 35, 2032 MHz, 3996 MHz, 0 %, 0 %
2026/03/23 13:56:07.428, 4, 178.90 W, 25, 120 MHz, 3996 MHz, 0 %, 0 %
2026/03/23 13:56:07.428, 5, 180.58 W, 28, 120 MHz, 3996 MHz, 0 %, 0 %
2026/03/23 13:56:07.428, 6, 177.82 W, 26, 120 MHz, 3996 MHz, 0 %, 0 %
2026/03/23 13:56:07.428, 7, 176.58 W, 27, 120 MHz, 3996 MHz, 0 %, 0 %
2026/03/23 13:56:08.428, 0, 231.85 W, 31, 2032 MHz, 3996 MHz, 0 %, 0 %
2026/03/23 13:56:08.428, 1, 237.08 W, 34, 2032 MHz, 3996 MHz, 0 %, 0 %
2026/03/23 13:56:08.428, 2, 236.56 W, 31, 2032 MHz, 3996 MHz, 0 %, 0 %
2026/03/23 13:56:08.428, 3, 239.03 W, 35, 2032 MHz, 3996 MHz, 0 %, 0 %
2026/03/23 13:56:08.428, 4, 178.83 W, 25, 120 MHz, 3996 MHz, 0 %, 0 %
2026/03/23 13:56:08.428, 5, 180.58 W, 28, 120 MHz, 3996 MHz, 0 %, 0 %
2026/03/23 13:56:08.428, 6, 177.67 W, 26, 120 MHz, 3996 MHz, 0 %, 0 %
2026/03/23 13:56:08.428, 7, 176.58 W, 27, 120 MHz, 3996 MHz, 0 %, 0 %
2026/03/23 13:56:09.428, 0, 603.51 W, 41, 2032 MHz, 3996 MHz, 99 %, 48 %
2026/03/23 13:56:09.428, 1, 591.04 W, 44, 2032 MHz, 3996 MHz, 97 %, 47 %
2026/03/23 13:56:09.428, 2, 559.09 W, 40, 2032 MHz, 3996 MHz, 99 %, 49 %
2026/03/23 13:56:09.428, 3, 574.89 W, 45, 2032 MHz, 3996 MHz, 97 %, 46 %
2026/03/23 13:56:09.428, 4, 178.92 W, 25, 120 MHz, 3996 MHz, 0 %, 0 %
2026/03/23 13:56:09.428, 5, 180.58 W, 28, 120 MHz, 3996 MHz, 0 %, 0 %
2026/03/23 13:56:09.428, 6, 177.89 W, 26, 120 MHz, 3996 MHz, 0 %, 0 %
2026/03/23 13:56:09.428, 7, 176.58 W, 27, 120 MHz, 3996 MHz, 0 %, 0 %
2026/03/23 13:56:10.428, 0, 836.38 W, 39, 2032 MHz, 3996 MHz, 100 %, 40 %
2026/03/23 13:56:10.428, 1, 831.41 W, 41, 2032 MHz, 3996 MHz, 100 %, 60 %
2026/03/23 13:56:10.428, 2, 858.12 W, 39, 2032 MHz, 3996 MHz, 100 %, 49 %
2026/03/23 13:56:10.428, 3, 854.58 W, 42, 2032 MHz, 3996 MHz, 100 %, 59 %
2026/03/23 13:56:10.428, 4, 178.76 W, 25, 120 MHz, 3996 MHz, 0 %, 0 %
2026/03/23 13:56:10.428, 5, 180.58 W, 28, 120 MHz, 3996 MHz, 0 %, 0 %
2026/03/23 13:56:10.428, 6, 177.76 W, 26, 120 MHz, 3996 MHz, 0 %, 0 %
2026/03/23 13:56:10.428, 7, 176.58 W, 27, 120 MHz, 3996 MHz, 0 %, 0 %
2026/03/23 13:56:11.429, 0, 765.02 W, 39, 2032 MHz, 3996 MHz, 100 %, 66 %
2026/03/23 13:56:11.429, 1, 773.55 W, 42, 2032 MHz, 3996 MHz, 100 %, 66 %
2026/03/23 13:56:11.429, 2, 774.43 W, 39, 2032 MHz, 3996 MHz, 100 %, 66 %
2026/03/23 13:56:11.429, 3, 774.06 W, 43, 2032 MHz, 3996 MHz, 100 %, 66 %
2026/03/23 13:56:11.429, 4, 179.00 W, 25, 120 MHz, 3996 MHz, 0 %, 0 %
2026/03/23 13:56:11.429, 5, 180.58 W, 28, 120 MHz, 3996 MHz, 0 %, 0 %
2026/03/23 13:56:11.429, 6, 177.82 W, 26, 120 MHz, 3996 MHz, 0 %, 0 %
2026/03/23 13:56:11.429, 7, 176.58 W, 27, 120 MHz, 3996 MHz, 0 %, 0 %
2026/03/23 13:56:12.429, 0, 781.96 W, 39, 2032 MHz, 3996 MHz, 100 %, 67 %
2026/03/23 13:56:12.429, 1, 788.71 W, 42, 2032 MHz, 3996 MHz, 100 %, 67 %
2026/03/23 13:56:12.429, 2, 793.91 W, 39, 2032 MHz, 3996 MHz, 100 %, 67 %
2026/03/23 13:56:12.429, 3, 789.51 W, 43, 2032 MHz, 3996 MHz, 100 %, 68 %
2026/03/23 13:56:12.429, 4, 178.84 W, 25, 120 MHz, 3996 MHz, 0 %, 0 %
2026/03/23 13:56:12.429, 5, 180.58 W, 28, 120 MHz, 3996 MHz, 0 %, 0 %
2026/03/23 13:56:12.429, 6, 177.84 W, 26, 120 MHz, 3996 MHz, 0 %, 0 %
2026/03/23 13:56:12.429, 7, 176.58 W, 27, 120 MHz, 3996 MHz, 0 %, 0 %
2026/03/23 13:56:13.429, 0, 786.11 W, 39, 2032 MHz, 3996 MHz, 100 %, 68 %
2026/03/23 13:56:13.429, 1, 793.43 W, 43, 2032 MHz, 3996 MHz, 100 %, 68 %
2026/03/23 13:56:13.429, 2, 798.48 W, 40, 2032 MHz, 3996 MHz, 100 %, 68 %
2026/03/23 13:56:13.429, 3, 795.07 W, 43, 2032 MHz, 3996 MHz, 100 %, 68 %
2026/03/23 13:56:13.429, 4, 178.85 W, 25, 120 MHz, 3996 MHz, 0 %, 0 %
2026/03/23 13:56:13.429, 5, 180.58 W, 28, 120 MHz, 3996 MHz, 0 %, 0 %
2026/03/23 13:56:13.429, 6, 177.65 W, 26, 120 MHz, 3996 MHz, 0 %, 0 %
2026/03/23 13:56:13.429, 7, 176.58 W, 27, 120 MHz, 3996 MHz, 0 %, 0 %
2026/03/23 13:56:14.429, 0, 790.02 W, 40, 2032 MHz, 3996 MHz, 100 %, 68 %
2026/03/23 13:56:14.429, 1, 796.44 W, 43, 2032 MHz, 3996 MHz, 100 %, 68 %
2026/03/23 13:56:14.429, 2, 800.53 W, 40, 2032 MHz, 3996 MHz, 100 %, 68 %
2026/03/23 13:56:14.429, 3, 797.66 W, 44, 2032 MHz, 3996 MHz, 100 %, 68 %
2026/03/23 13:56:14.429, 4, 179.04 W, 25, 120 MHz, 3996 MHz, 0 %, 0 %
2026/03/23 13:56:14.429, 5, 180.58 W, 28, 120 MHz, 3996 MHz, 0 %, 0 %
2026/03/23 13:56:14.429, 6, 178.13 W, 26, 120 MHz, 3996 MHz, 0 %, 0 %
2026/03/23 13:56:14.429, 7, 176.58 W, 27, 120 MHz, 3996 MHz, 0 %, 0 %
2026/03/23 13:56:15.429, 0, 791.49 W, 40, 2032 MHz, 3996 MHz, 100 %, 68 %
2026/03/23 13:56:15.429, 1, 797.91 W, 43, 2032 MHz, 3996 MHz, 100 %, 69 %
2026/03/23 13:56:15.429, 2, 802.65 W, 40, 2032 MHz, 3996 MHz, 100 %, 68 %
2026/03/23 13:56:15.429, 3, 798.89 W, 44, 2032 MHz, 3996 MHz, 100 %, 68 %
2026/03/23 13:56:15.429, 4, 178.63 W, 25, 120 MHz, 3996 MHz, 0 %, 0 %
2026/03/23 13:56:15.429, 5, 180.58 W, 28, 120 MHz, 3996 MHz, 0 %, 0 %
2026/03/23 13:56:15.429, 6, 177.70 W, 26, 120 MHz, 3996 MHz, 0 %, 0 %
2026/03/23 13:56:15.429, 7, 176.58 W, 27, 120 MHz, 3996 MHz, 0 %, 0 %
2026/03/23 13:56:16.429, 0, 789.42 W, 40, 2032 MHz, 3996 MHz, 100 %, 68 %
2026/03/23 13:56:16.429, 1, 797.66 W, 43, 2032 MHz, 3996 MHz, 100 %, 68 %
2026/03/23 13:56:16.429, 2, 802.30 W, 40, 2032 MHz, 3996 MHz, 100 %, 68 %
2026/03/23 13:56:16.429, 3, 799.15 W, 44, 2032 MHz, 3996 MHz, 100 %, 69 %
2026/03/23 13:56:16.429, 4, 178.79 W, 25, 120 MHz, 3996 MHz, 0 %, 0 %
2026/03/23 13:56:16.429, 5, 180.58 W, 28, 120 MHz, 3996 MHz, 0 %, 0 %
2026/03/23 13:56:16.429, 6, 177.68 W, 26, 120 MHz, 3996 MHz, 0 %, 0 %
2026/03/23 13:56:16.429, 7, 176.58 W, 27, 120 MHz, 3996 MHz, 0 %, 0 %
2026/03/23 13:56:17.429, 0, 789.43 W, 40, 2032 MHz, 3996 MHz, 100 %, 69 %
2026/03/23 13:56:17.429, 1, 799.11 W, 43, 2032 MHz, 3996 MHz, 100 %, 68 %
2026/03/23 13:56:17.429, 2, 803.79 W, 41, 2032 MHz, 3996 MHz, 100 %, 68 %
2026/03/23 13:56:17.429, 3, 800.70 W, 44, 2032 MHz, 3996 MHz, 100 %, 68 %
2026/03/23 13:56:17.429, 4, 178.68 W, 25, 120 MHz, 3996 MHz, 0 %, 0 %
2026/03/23 13:56:17.430, 5, 180.58 W, 28, 120 MHz, 3996 MHz, 0 %, 0 %
2026/03/23 13:56:17.430, 6, 177.76 W, 26, 120 MHz, 3996 MHz, 0 %, 0 %
2026/03/23 13:56:17.430, 7, 176.58 W, 27, 120 MHz, 3996 MHz, 0 %, 0 %
2026/03/23 13:56:18.430, 0, 792.52 W, 40, 2032 MHz, 3996 MHz, 100 %, 69 %
2026/03/23 13:56:18.430, 1, 800.85 W, 44, 2032 MHz, 3996 MHz, 100 %, 69 %
2026/03/23 13:56:18.430, 2, 806.05 W, 41, 2032 MHz, 3996 MHz, 100 %, 69 %
2026/03/23 13:56:18.430, 3, 801.76 W, 44, 2032 MHz, 3996 MHz, 100 %, 69 %
2026/03/23 13:56:18.430, 4, 178.70 W, 25, 120 MHz, 3996 MHz, 0 %, 0 %
2026/03/23 13:56:18.430, 5, 180.58 W, 28, 120 MHz, 3996 MHz, 0 %, 0 %
2026/03/23 13:56:18.430, 6, 177.98 W, 26, 120 MHz, 3996 MHz, 0 %, 0 %
2026/03/23 13:56:18.430, 7, 176.58 W, 27, 120 MHz, 3996 MHz, 0 %, 0 %
2026/03/23 13:56:19.430, 0, 793.49 W, 40, 2032 MHz, 3996 MHz, 100 %, 69 %
2026/03/23 13:56:19.430, 1, 801.46 W, 44, 2032 MHz, 3996 MHz, 100 %, 69 %
2026/03/23 13:56:19.430, 2, 805.41 W, 41, 2032 MHz, 3996 MHz, 100 %, 69 %
2026/03/23 13:56:19.430, 3, 803.32 W, 45, 2032 MHz, 3996 MHz, 100 %, 69 %
2026/03/23 13:56:19.430, 4, 178.80 W, 25, 120 MHz, 3996 MHz, 0 %, 0 %
2026/03/23 13:56:19.430, 5, 180.58 W, 27, 120 MHz, 3996 MHz, 0 %, 0 %
2026/03/23 13:56:19.430, 6, 177.95 W, 26, 120 MHz, 3996 MHz, 0 %, 0 %
2026/03/23 13:56:19.430, 7, 176.58 W, 27, 120 MHz, 3996 MHz, 0 %, 0 %
2026/03/23 13:56:20.430, 0, 792.21 W, 41, 2032 MHz, 3996 MHz, 100 %, 69 %
2026/03/23 13:56:20.430, 1, 801.64 W, 44, 2032 MHz, 3996 MHz, 100 %, 69 %
2026/03/23 13:56:20.430, 2, 805.84 W, 41, 2032 MHz, 3996 MHz, 100 %, 69 %
2026/03/23 13:56:20.430, 3, 801.27 W, 45, 2032 MHz, 3996 MHz, 100 %, 69 %
2026/03/23 13:56:20.430, 4, 178.76 W, 25, 120 MHz, 3996 MHz, 0 %, 0 %
2026/03/23 13:56:20.430, 5, 180.58 W, 28, 120 MHz, 3996 MHz, 0 %, 0 %
2026/03/23 13:56:20.430, 6, 177.78 W, 26, 120 MHz, 3996 MHz, 0 %, 0 %
2026/03/23 13:56:20.430, 7, 176.58 W, 27, 120 MHz, 3996 MHz, 0 %, 0 %
2026/03/23 13:56:21.430, 0, 792.77 W, 41, 2032 MHz, 3996 MHz, 100 %, 68 %
2026/03/23 13:56:21.430, 1, 800.11 W, 44, 2032 MHz, 3996 MHz, 100 %, 68 %
2026/03/23 13:56:21.430, 2, 805.51 W, 41, 2032 MHz, 3996 MHz, 100 %, 69 %
2026/03/23 13:56:21.430, 3, 802.45 W, 45, 2032 MHz, 3996 MHz, 100 %, 68 %
2026/03/23 13:56:21.430, 4, 178.74 W, 25, 120 MHz, 3996 MHz, 0 %, 0 %
2026/03/23 13:56:21.430, 5, 180.58 W, 28, 120 MHz, 3996 MHz, 0 %, 0 %
2026/03/23 13:56:21.430, 6, 177.84 W, 26, 120 MHz, 3996 MHz, 0 %, 0 %
2026/03/23 13:56:21.430, 7, 176.58 W, 27, 120 MHz, 3996 MHz, 0 %, 0 %
2026/03/23 13:56:22.430, 0, 793.17 W, 41, 2032 MHz, 3996 MHz, 100 %, 68 %
2026/03/23 13:56:22.430, 1, 800.49 W, 44, 2032 MHz, 3996 MHz, 100 %, 68 %
2026/03/23 13:56:22.430, 2, 805.87 W, 41, 2032 MHz, 3996 MHz, 100 %, 68 %
2026/03/23 13:56:22.430, 3, 802.49 W, 45, 2032 MHz, 3996 MHz, 100 %, 68 %
2026/03/23 13:56:22.430, 4, 178.86 W, 25, 120 MHz, 3996 MHz, 0 %, 0 %
2026/03/23 13:56:22.430, 5, 180.58 W, 28, 120 MHz, 3996 MHz, 0 %, 0 %
2026/03/23 13:56:22.430, 6, 177.62 W, 26, 120 MHz, 3996 MHz, 0 %, 0 %
2026/03/23 13:56:22.430, 7, 176.58 W, 27, 120 MHz, 3996 MHz, 0 %, 0 %
2026/03/23 13:56:23.430, 0, 794.41 W, 41, 2032 MHz, 3996 MHz, 100 %, 69 %
2026/03/23 13:56:23.430, 1, 802.28 W, 44, 2032 MHz, 3996 MHz, 100 %, 68 %
2026/03/23 13:56:23.430, 2, 806.55 W, 41, 2032 MHz, 3996 MHz, 100 %, 69 %
2026/03/23 13:56:23.430, 3, 803.77 W, 45, 2032 MHz, 3996 MHz, 100 %, 69 %
2026/03/23 13:56:23.430, 4, 178.82 W, 25, 120 MHz, 3996 MHz, 0 %, 0 %
2026/03/23 13:56:23.430, 5, 180.58 W, 28, 120 MHz, 3996 MHz, 0 %, 0 %
2026/03/23 13:56:23.430, 6, 177.74 W, 26, 120 MHz, 3996 MHz, 0 %, 0 %
2026/03/23 13:56:23.430, 7, 176.58 W, 27, 120 MHz, 3996 MHz, 0 %, 0 %
2026/03/23 13:56:24.431, 0, 796.26 W, 41, 2032 MHz, 3996 MHz, 100 %, 69 %
2026/03/23 13:56:24.431, 1, 803.65 W, 44, 2032 MHz, 3996 MHz, 100 %, 68 %
2026/03/23 13:56:24.431, 2, 808.79 W, 42, 2032 MHz, 3996 MHz, 100 %, 69 %
2026/03/23 13:56:24.431, 3, 806.33 W, 45, 2032 MHz, 3996 MHz, 100 %, 69 %
2026/03/23 13:56:24.431, 4, 178.94 W, 25, 120 MHz, 3996 MHz, 0 %, 0 %
2026/03/23 13:56:24.431, 5, 180.58 W, 28, 120 MHz, 3996 MHz, 0 %, 0 %
2026/03/23 13:56:24.431, 6, 177.80 W, 26, 120 MHz, 3996 MHz, 0 %, 0 %
2026/03/23 13:56:24.431, 7, 176.58 W, 27, 120 MHz, 3996 MHz, 0 %, 0 %
2026/03/23 13:56:25.431, 0, 796.98 W, 41, 2032 MHz, 3996 MHz, 100 %, 69 %
2026/03/23 13:56:25.431, 1, 805.97 W, 45, 2032 MHz, 3996 MHz, 100 %, 69 %
2026/03/23 13:56:25.431, 2, 810.25 W, 42, 2032 MHz, 3996 MHz, 100 %, 69 %
2026/03/23 13:56:25.431, 3, 807.71 W, 45, 2032 MHz, 3996 MHz, 100 %, 69 %
2026/03/23 13:56:25.431, 4, 178.64 W, 25, 120 MHz, 3996 MHz, 0 %, 0 %
2026/03/23 13:56:25.431, 5, 180.58 W, 28, 120 MHz, 3996 MHz, 0 %, 0 %
2026/03/23 13:56:25.431, 6, 177.86 W, 26, 120 MHz, 3996 MHz, 0 %, 0 %
2026/03/23 13:56:25.431, 7, 176.58 W, 27, 120 MHz, 3996 MHz, 0 %, 0 %
2026/03/23 13:56:26.431, 0, 796.97 W, 41, 2032 MHz, 3996 MHz, 100 %, 69 %
2026/03/23 13:56:26.431, 1, 805.27 W, 45, 2032 MHz, 3996 MHz, 100 %, 69 %
2026/03/23 13:56:26.431, 2, 809.93 W, 42, 2032 MHz, 3996 MHz, 100 %, 69 %
2026/03/23 13:56:26.431, 3, 805.91 W, 45, 2032 MHz, 3996 MHz, 100 %, 69 %
2026/03/23 13:56:26.431, 4, 178.73 W, 25, 120 MHz, 3996 MHz, 0 %, 0 %
2026/03/23 13:56:26.431, 5, 180.58 W, 28, 120 MHz, 3996 MHz, 0 %, 0 %
2026/03/23 13:56:26.431, 6, 177.63 W, 26, 120 MHz, 3996 MHz, 0 %, 0 %
2026/03/23 13:56:26.431, 7, 176.58 W, 27, 120 MHz, 3996 MHz, 0 %, 0 %
2026/03/23 13:56:27.431, 0, 797.38 W, 41, 2032 MHz, 3996 MHz, 100 %, 69 %
2026/03/23 13:56:27.431, 1, 804.98 W, 45, 2032 MHz, 3996 MHz, 100 %, 69 %
2026/03/23 13:56:27.431, 2, 809.23 W, 42, 2032 MHz, 3996 MHz, 100 %, 69 %
2026/03/23 13:56:27.431, 3, 807.23 W, 45, 2032 MHz, 3996 MHz, 100 %, 69 %
2026/03/23 13:56:27.431, 4, 178.68 W, 25, 120 MHz, 3996 MHz, 0 %, 0 %
2026/03/23 13:56:27.431, 5, 180.58 W, 27, 120 MHz, 3996 MHz, 0 %, 0 %
2026/03/23 13:56:27.431, 6, 177.65 W, 26, 120 MHz, 3996 MHz, 0 %, 0 %
2026/03/23 13:56:27.431, 7, 176.58 W, 27, 120 MHz, 3996 MHz, 0 %, 0 %
2026/03/23 13:56:28.431, 0, 719.36 W, 41, 2032 MHz, 3996 MHz, 88 %, 58 %
2026/03/23 13:56:28.431, 1, 716.22 W, 44, 2032 MHz, 3996 MHz, 100 %, 69 %
2026/03/23 13:56:28.431, 2, 734.60 W, 41, 2032 MHz, 3996 MHz, 100 %, 69 %
2026/03/23 13:56:28.431, 3, 705.46 W, 45, 2032 MHz, 3996 MHz, 100 %, 69 %
2026/03/23 13:56:28.431, 4, 178.95 W, 25, 120 MHz, 3996 MHz, 0 %, 0 %
2026/03/23 13:56:28.431, 5, 180.58 W, 28, 120 MHz, 3996 MHz, 0 %, 0 %
2026/03/23 13:56:28.431, 6, 177.71 W, 26, 120 MHz, 3996 MHz, 0 %, 0 %
2026/03/23 13:56:28.431, 7, 176.58 W, 27, 120 MHz, 3996 MHz, 0 %, 0 %
2026/03/23 13:56:29.431, 0, 607.66 W, 39, 2032 MHz, 3996 MHz, 97 %, 43 %
2026/03/23 13:56:29.431, 1, 549.90 W, 43, 2032 MHz, 3996 MHz, 38 %, 19 %
2026/03/23 13:56:29.431, 2, 619.70 W, 40, 2032 MHz, 3996 MHz, 91 %, 50 %
2026/03/23 13:56:29.431, 3, 604.94 W, 43, 2032 MHz, 3996 MHz, 76 %, 43 %
2026/03/23 13:56:29.431, 4, 178.84 W, 25, 120 MHz, 3996 MHz, 0 %, 0 %
2026/03/23 13:56:29.431, 5, 180.58 W, 27, 120 MHz, 3996 MHz, 0 %, 0 %
2026/03/23 13:56:29.431, 6, 177.32 W, 26, 120 MHz, 3996 MHz, 0 %, 0 %
2026/03/23 13:56:29.431, 7, 176.58 W, 27, 120 MHz, 3996 MHz, 0 %, 0 %
2026/03/23 13:56:30.431, 0, 676.20 W, 39, 2032 MHz, 3996 MHz, 71 %, 40 %
2026/03/23 13:56:30.431, 1, 659.52 W, 42, 2032 MHz, 3996 MHz, 50 %, 26 %
2026/03/23 13:56:30.431, 2, 692.27 W, 40, 2032 MHz, 3996 MHz, 95 %, 20 %
2026/03/23 13:56:30.431, 3, 683.78 W, 43, 2032 MHz, 3996 MHz, 95 %, 22 %
2026/03/23 13:56:30.431, 4, 178.77 W, 25, 120 MHz, 3996 MHz, 0 %, 0 %
2026/03/23 13:56:30.431, 5, 180.58 W, 27, 120 MHz, 3996 MHz, 0 %, 0 %
2026/03/23 13:56:30.431, 6, 177.42 W, 26, 120 MHz, 3996 MHz, 0 %, 0 %
2026/03/23 13:56:30.431, 7, 176.58 W, 27, 120 MHz, 3996 MHz, 0 %, 0 %
2026/03/23 13:56:31.432, 0, 601.93 W, 40, 2032 MHz, 3996 MHz, 63 %, 36 %
2026/03/23 13:56:31.432, 1, 580.95 W, 42, 2032 MHz, 3996 MHz, 73 %, 47 %
2026/03/23 13:56:31.432, 2, 630.01 W, 40, 2032 MHz, 3996 MHz, 99 %, 20 %
2026/03/23 13:56:31.432, 3, 580.21 W, 43, 2032 MHz, 3996 MHz, 46 %, 21 %
2026/03/23 13:56:31.432, 4, 178.76 W, 25, 120 MHz, 3996 MHz, 0 %, 0 %
2026/03/23 13:56:31.432, 5, 180.58 W, 27, 120 MHz, 3996 MHz, 0 %, 0 %
2026/03/23 13:56:31.432, 6, 177.87 W, 26, 120 MHz, 3996 MHz, 0 %, 0 %
2026/03/23 13:56:31.432, 7, 176.58 W, 27, 120 MHz, 3996 MHz, 0 %, 0 %
2026/03/23 13:56:32.432, 0, 577.26 W, 39, 2032 MHz, 3996 MHz, 71 %, 45 %
2026/03/23 13:56:32.432, 1, 546.86 W, 42, 2032 MHz, 3996 MHz, 54 %, 27 %
2026/03/23 13:56:32.432, 2, 602.85 W, 40, 2032 MHz, 3996 MHz, 72 %, 28 %
2026/03/23 13:56:32.432, 3, 560.05 W, 42, 2032 MHz, 3996 MHz, 38 %, 20 %
2026/03/23 13:56:32.432, 4, 178.69 W, 25, 120 MHz, 3996 MHz, 0 %, 0 %
2026/03/23 13:56:32.432, 5, 180.58 W, 27, 120 MHz, 3996 MHz, 0 %, 0 %
2026/03/23 13:56:32.432, 6, 177.49 W, 26, 120 MHz, 3996 MHz, 0 %, 0 %
2026/03/23 13:56:32.432, 7, 176.58 W, 27, 120 MHz, 3996 MHz, 0 %, 0 %
2026/03/23 13:56:33.432, 0, 637.59 W, 39, 2032 MHz, 3996 MHz, 95 %, 50 %
2026/03/23 13:56:33.432, 1, 608.29 W, 43, 2032 MHz, 3996 MHz, 40 %, 20 %
2026/03/23 13:56:33.432, 2, 649.23 W, 40, 2032 MHz, 3996 MHz, 98 %, 25 %
2026/03/23 13:56:33.432, 3, 624.46 W, 43, 2032 MHz, 3996 MHz, 98 %, 22 %
2026/03/23 13:56:33.432, 4, 178.76 W, 25, 120 MHz, 3996 MHz, 0 %, 0 %
2026/03/23 13:56:33.432, 5, 180.58 W, 27, 120 MHz, 3996 MHz, 0 %, 0 %
2026/03/23 13:56:33.432, 6, 177.78 W, 26, 120 MHz, 3996 MHz, 0 %, 0 %
2026/03/23 13:56:33.432, 7, 176.58 W, 27, 120 MHz, 3996 MHz, 0 %, 0 %
2026/03/23 13:56:34.432, 0, 576.19 W, 39, 2032 MHz, 3996 MHz, 76 %, 44 %
2026/03/23 13:56:34.432, 1, 582.99 W, 42, 2032 MHz, 3996 MHz, 100 %, 56 %
2026/03/23 13:56:34.432, 2, 629.31 W, 40, 2032 MHz, 3996 MHz, 99 %, 20 %
2026/03/23 13:56:34.432, 3, 589.33 W, 43, 2032 MHz, 3996 MHz, 100 %, 31 %
2026/03/23 13:56:34.432, 4, 178.87 W, 25, 120 MHz, 3996 MHz, 0 %, 0 %
2026/03/23 13:56:34.432, 5, 180.58 W, 27, 120 MHz, 3996 MHz, 0 %, 0 %
2026/03/23 13:56:34.432, 6, 177.74 W, 26, 120 MHz, 3996 MHz, 0 %, 0 %
2026/03/23 13:56:34.432, 7, 176.58 W, 27, 120 MHz, 3996 MHz, 0 %, 0 %
2026/03/23 13:56:35.432, 0, 596.07 W, 39, 2032 MHz, 3996 MHz, 82 %, 28 %
2026/03/23 13:56:35.432, 1, 572.49 W, 42, 2032 MHz, 3996 MHz, 44 %, 20 %
2026/03/23 13:56:35.432, 2, 628.06 W, 39, 2032 MHz, 3996 MHz, 90 %, 39 %
2026/03/23 13:56:35.432, 3, 576.15 W, 42, 2032 MHz, 3996 MHz, 40 %, 22 %
2026/03/23 13:56:35.432, 4, 178.69 W, 25, 120 MHz, 3996 MHz, 0 %, 0 %
2026/03/23 13:56:35.432, 5, 180.58 W, 27, 120 MHz, 3996 MHz, 0 %, 0 %
2026/03/23 13:56:35.432, 6, 177.86 W, 26, 120 MHz, 3996 MHz, 0 %, 0 %
2026/03/23 13:56:35.432, 7, 176.58 W, 27, 120 MHz, 3996 MHz, 0 %, 0 %
2026/03/23 13:56:36.432, 0, 578.96 W, 38, 2032 MHz, 3996 MHz, 89 %, 29 %
2026/03/23 13:56:36.432, 1, 543.70 W, 41, 2032 MHz, 3996 MHz, 99 %, 19 %
2026/03/23 13:56:36.433, 2, 587.83 W, 39, 2032 MHz, 3996 MHz, 91 %, 28 %
2026/03/23 13:56:36.433, 3, 542.88 W, 42, 2032 MHz, 3996 MHz, 39 %, 21 %
2026/03/23 13:56:36.433, 4, 178.65 W, 25, 120 MHz, 3996 MHz, 0 %, 0 %
2026/03/23 13:56:36.433, 5, 180.58 W, 27, 120 MHz, 3996 MHz, 0 %, 0 %
2026/03/23 13:56:36.433, 6, 178.10 W, 26, 120 MHz, 3996 MHz, 0 %, 0 %
2026/03/23 13:56:36.433, 7, 176.58 W, 27, 120 MHz, 3996 MHz, 0 %, 0 %
2026/03/23 13:56:37.433, 0, 598.41 W, 39, 2032 MHz, 3996 MHz, 84 %, 24 %
2026/03/23 13:56:37.433, 1, 565.02 W, 42, 2032 MHz, 3996 MHz, 80 %, 48 %
2026/03/23 13:56:37.433, 2, 615.09 W, 39, 2032 MHz, 3996 MHz, 100 %, 27 %
2026/03/23 13:56:37.433, 3, 587.24 W, 43, 2032 MHz, 3996 MHz, 98 %, 41 %
2026/03/23 13:56:37.433, 4, 178.83 W, 25, 120 MHz, 3996 MHz, 0 %, 0 %
2026/03/23 13:56:37.433, 5, 180.58 W, 27, 120 MHz, 3996 MHz, 0 %, 0 %
2026/03/23 13:56:37.433, 6, 177.88 W, 26, 120 MHz, 3996 MHz, 0 %, 0 %
2026/03/23 13:56:37.433, 7, 176.58 W, 27, 120 MHz, 3996 MHz, 0 %, 0 %
2026/03/23 13:56:38.433, 0, 614.55 W, 39, 2032 MHz, 3996 MHz, 67 %, 25 %
2026/03/23 13:56:38.433, 1, 576.00 W, 41, 2032 MHz, 3996 MHz, 96 %, 61 %
2026/03/23 13:56:38.433, 2, 634.45 W, 39, 2032 MHz, 3996 MHz, 99 %, 22 %
2026/03/23 13:56:38.433, 3, 589.58 W, 42, 2032 MHz, 3996 MHz, 68 %, 37 %
2026/03/23 13:56:38.433, 4, 178.65 W, 25, 120 MHz, 3996 MHz, 0 %, 0 %
2026/03/23 13:56:38.433, 5, 180.58 W, 27, 120 MHz, 3996 MHz, 0 %, 0 %
2026/03/23 13:56:38.433, 6, 177.92 W, 26, 120 MHz, 3996 MHz, 0 %, 0 %
2026/03/23 13:56:38.433, 7, 176.58 W, 27, 120 MHz, 3996 MHz, 0 %, 0 %
2026/03/23 13:56:39.433, 0, 697.08 W, 40, 2032 MHz, 3996 MHz, 100 %, 65 %
2026/03/23 13:56:39.433, 1, 664.10 W, 43, 2032 MHz, 3996 MHz, 100 %, 65 %
2026/03/23 13:56:39.433, 2, 699.79 W, 41, 2032 MHz, 3996 MHz, 100 %, 65 %
2026/03/23 13:56:39.433, 3, 673.10 W, 44, 2032 MHz, 3996 MHz, 100 %, 65 %
2026/03/23 13:56:39.433, 4, 178.72 W, 25, 120 MHz, 3996 MHz, 0 %, 0 %
2026/03/23 13:56:39.433, 5, 180.58 W, 27, 120 MHz, 3996 MHz, 0 %, 0 %
2026/03/23 13:56:39.433, 6, 177.51 W, 26, 120 MHz, 3996 MHz, 0 %, 0 %
2026/03/23 13:56:39.433, 7, 176.58 W, 27, 120 MHz, 3996 MHz, 0 %, 0 %
2026/03/23 13:56:40.433, 0, 771.10 W, 41, 2032 MHz, 3996 MHz, 100 %, 65 %
2026/03/23 13:56:40.433, 1, 780.28 W, 44, 2032 MHz, 3996 MHz, 100 %, 66 %
2026/03/23 13:56:40.433, 2, 783.51 W, 41, 2032 MHz, 3996 MHz, 100 %, 66 %
2026/03/23 13:56:40.433, 3, 781.03 W, 45, 2032 MHz, 3996 MHz, 100 %, 66 %
2026/03/23 13:56:40.433, 4, 178.85 W, 25, 120 MHz, 3996 MHz, 0 %, 0 %
2026/03/23 13:56:40.433, 5, 180.58 W, 27, 120 MHz, 3996 MHz, 0 %, 0 %
2026/03/23 13:56:40.433, 6, 177.59 W, 26, 120 MHz, 3996 MHz, 0 %, 0 %
2026/03/23 13:56:40.433, 7, 176.58 W, 27, 120 MHz, 3996 MHz, 0 %, 0 %
2026/03/23 13:56:41.433, 0, 775.30 W, 41, 2032 MHz, 3996 MHz, 100 %, 66 %
2026/03/23 13:56:41.433, 1, 782.58 W, 44, 2032 MHz, 3996 MHz, 100 %, 66 %
2026/03/23 13:56:41.433, 2, 787.68 W, 41, 2032 MHz, 3996 MHz, 100 %, 66 %
2026/03/23 13:56:41.433, 3, 784.29 W, 45, 2032 MHz, 3996 MHz, 100 %, 66 %
2026/03/23 13:56:41.433, 4, 178.81 W, 25, 120 MHz, 3996 MHz, 0 %, 0 %
2026/03/23 13:56:41.433, 5, 180.58 W, 27, 120 MHz, 3996 MHz, 0 %, 0 %
2026/03/23 13:56:41.433, 6, 177.61 W, 26, 120 MHz, 3996 MHz, 0 %, 0 %
2026/03/23 13:56:41.433, 7, 176.58 W, 27, 120 MHz, 3996 MHz, 0 %, 0 %
2026/03/23 13:56:42.433, 0, 776.28 W, 41, 2032 MHz, 3996 MHz, 100 %, 66 %
2026/03/23 13:56:42.433, 1, 782.98 W, 44, 2032 MHz, 3996 MHz, 100 %, 66 %
2026/03/23 13:56:42.433, 2, 787.99 W, 41, 2032 MHz, 3996 MHz, 100 %, 66 %
2026/03/23 13:56:42.433, 3, 785.14 W, 45, 2032 MHz, 3996 MHz, 100 %, 66 %
2026/03/23 13:56:42.433, 4, 178.74 W, 25, 120 MHz, 3996 MHz, 0 %, 0 %
2026/03/23 13:56:42.433, 5, 180.58 W, 27, 120 MHz, 3996 MHz, 0 %, 0 %
2026/03/23 13:56:42.433, 6, 177.71 W, 26, 120 MHz, 3996 MHz, 0 %, 0 %
2026/03/23 13:56:42.433, 7, 176.58 W, 27, 120 MHz, 3996 MHz, 0 %, 0 %
2026/03/23 13:56:43.434, 0, 777.65 W, 41, 2032 MHz, 3996 MHz, 100 %, 66 %
2026/03/23 13:56:43.434, 1, 786.38 W, 44, 2032 MHz, 3996 MHz, 100 %, 66 %
2026/03/23 13:56:43.434, 2, 790.48 W, 42, 2032 MHz, 3996 MHz, 100 %, 66 %
2026/03/23 13:56:43.434, 3, 786.41 W, 45, 2032 MHz, 3996 MHz, 100 %, 66 %
2026/03/23 13:56:43.434, 4, 178.60 W, 25, 120 MHz, 3996 MHz, 0 %, 0 %
2026/03/23 13:56:43.434, 5, 180.58 W, 27, 120 MHz, 3996 MHz, 0 %, 0 %
2026/03/23 13:56:43.434, 6, 177.94 W, 26, 120 MHz, 3996 MHz, 0 %, 0 %
2026/03/23 13:56:43.434, 7, 176.58 W, 27, 120 MHz, 3996 MHz, 0 %, 0 %
2026/03/23 13:56:44.434, 0, 778.46 W, 41, 2032 MHz, 3996 MHz, 100 %, 66 %
2026/03/23 13:56:44.434, 1, 786.95 W, 45, 2032 MHz, 3996 MHz, 100 %, 66 %
2026/03/23 13:56:44.434, 2, 790.49 W, 42, 2032 MHz, 3996 MHz, 100 %, 66 %
2026/03/23 13:56:44.434, 3, 786.13 W, 45, 2032 MHz, 3996 MHz, 100 %, 66 %
2026/03/23 13:56:44.434, 4, 178.90 W, 25, 120 MHz, 3996 MHz, 0 %, 0 %
2026/03/23 13:56:44.434, 5, 180.58 W, 27, 120 MHz, 3996 MHz, 0 %, 0 %
2026/03/23 13:56:44.434, 6, 178.02 W, 26, 120 MHz, 3996 MHz, 0 %, 0 %
2026/03/23 13:56:44.434, 7, 176.58 W, 27, 120 MHz, 3996 MHz, 0 %, 0 %
2026/03/23 13:56:45.434, 0, 777.75 W, 41, 2032 MHz, 3996 MHz, 100 %, 66 %
2026/03/23 13:56:45.434, 1, 785.90 W, 45, 2032 MHz, 3996 MHz, 100 %, 66 %
2026/03/23 13:56:45.434, 2, 789.52 W, 42, 2032 MHz, 3996 MHz, 100 %, 66 %
2026/03/23 13:56:45.434, 3, 788.72 W, 45, 2032 MHz, 3996 MHz, 100 %, 66 %
2026/03/23 13:56:45.434, 4, 178.62 W, 25, 120 MHz, 3996 MHz, 0 %, 0 %
2026/03/23 13:56:45.434, 5, 180.58 W, 27, 120 MHz, 3996 MHz, 0 %, 0 %
2026/03/23 13:56:45.434, 6, 177.41 W, 26, 120 MHz, 3996 MHz, 0 %, 0 %
2026/03/23 13:56:45.434, 7, 176.58 W, 27, 120 MHz, 3996 MHz, 0 %, 0 %
2026/03/23 13:56:46.434, 0, 779.53 W, 41, 2032 MHz, 3996 MHz, 100 %, 66 %
2026/03/23 13:56:46.434, 1, 785.56 W, 45, 2032 MHz, 3996 MHz, 100 %, 67 %
2026/03/23 13:56:46.434, 2, 790.45 W, 42, 2032 MHz, 3996 MHz, 100 %, 66 %
2026/03/23 13:56:46.434, 3, 788.25 W, 45, 2032 MHz, 3996 MHz, 100 %, 66 %
2026/03/23 13:56:46.434, 4, 178.80 W, 25, 120 MHz, 3996 MHz, 0 %, 0 %
2026/03/23 13:56:46.434, 5, 180.58 W, 27, 120 MHz, 3996 MHz, 0 %, 0 %
2026/03/23 13:56:46.434, 6, 177.62 W, 26, 120 MHz, 3996 MHz, 0 %, 0 %
2026/03/23 13:56:46.434, 7, 176.58 W, 27, 120 MHz, 3996 MHz, 0 %, 0 %
2026/03/23 13:56:47.434, 0, 777.19 W, 41, 2032 MHz, 3996 MHz, 100 %, 66 %
2026/03/23 13:56:47.434, 1, 786.34 W, 45, 2032 MHz, 3996 MHz, 100 %, 66 %
2026/03/23 13:56:47.434, 2, 790.51 W, 42, 2032 MHz, 3996 MHz, 100 %, 66 %
2026/03/23 13:56:47.434, 3, 785.89 W, 45, 2032 MHz, 3996 MHz, 100 %, 66 %
2026/03/23 13:56:47.434, 4, 178.90 W, 25, 120 MHz, 3996 MHz, 0 %, 0 %
2026/03/23 13:56:47.434, 5, 180.58 W, 27, 120 MHz, 3996 MHz, 0 %, 0 %
2026/03/23 13:56:47.434, 6, 177.80 W, 26, 120 MHz, 3996 MHz, 0 %, 0 %
2026/03/23 13:56:47.434, 7, 176.58 W, 27, 120 MHz, 3996 MHz, 0 %, 0 %
2026/03/23 13:56:48.434, 0, 776.53 W, 41, 2032 MHz, 3996 MHz, 100 %, 66 %
2026/03/23 13:56:48.434, 1, 784.95 W, 45, 2032 MHz, 3996 MHz, 100 %, 66 %
2026/03/23 13:56:48.434, 2, 789.46 W, 42, 2032 MHz, 3996 MHz, 100 %, 66 %
2026/03/23 13:56:48.434, 3, 788.90 W, 46, 2032 MHz, 3996 MHz, 100 %, 66 %
2026/03/23 13:56:48.434, 4, 178.80 W, 25, 120 MHz, 3996 MHz, 0 %, 0 %
2026/03/23 13:56:48.434, 5, 180.58 W, 27, 120 MHz, 3996 MHz, 0 %, 0 %
2026/03/23 13:56:48.434, 6, 177.27 W, 26, 120 MHz, 3996 MHz, 0 %, 0 %
2026/03/23 13:56:48.434, 7, 176.58 W, 27, 120 MHz, 3996 MHz, 0 %, 0 %
2026/03/23 13:56:49.435, 0, 777.96 W, 41, 2032 MHz, 3996 MHz, 100 %, 66 %
2026/03/23 13:56:49.435, 1, 788.78 W, 45, 2032 MHz, 3996 MHz, 100 %, 66 %
2026/03/23 13:56:49.435, 2, 791.59 W, 42, 2032 MHz, 3996 MHz, 100 %, 66 %
2026/03/23 13:56:49.435, 3, 789.72 W, 46, 2032 MHz, 3996 MHz, 100 %, 66 %
2026/03/23 13:56:49.435, 4, 178.61 W, 25, 120 MHz, 3996 MHz, 0 %, 0 %
2026/03/23 13:56:49.435, 5, 180.58 W, 27, 120 MHz, 3996 MHz, 0 %, 0 %
2026/03/23 13:56:49.435, 6, 177.57 W, 26, 120 MHz, 3996 MHz, 0 %, 0 %
2026/03/23 13:56:49.435, 7, 176.58 W, 27, 120 MHz, 3996 MHz, 0 %, 0 %
2026/03/23 13:56:50.435, 0, 780.80 W, 41, 2032 MHz, 3996 MHz, 100 %, 66 %
2026/03/23 13:56:50.435, 1, 789.67 W, 45, 2032 MHz, 3996 MHz, 100 %, 66 %
2026/03/23 13:56:50.435, 2, 793.48 W, 42, 2032 MHz, 3996 MHz, 100 %, 66 %
2026/03/23 13:56:50.435, 3, 791.50 W, 46, 2032 MHz, 3996 MHz, 100 %, 66 %
2026/03/23 13:56:50.435, 4, 178.67 W, 25, 120 MHz, 3996 MHz, 0 %, 0 %
2026/03/23 13:56:50.435, 5, 180.58 W, 27, 120 MHz, 3996 MHz, 0 %, 0 %
2026/03/23 13:56:50.435, 6, 177.38 W, 26, 120 MHz, 3996 MHz, 0 %, 0 %
2026/03/23 13:56:50.435, 7, 176.58 W, 27, 120 MHz, 3996 MHz, 0 %, 0 %
2026/03/23 13:56:51.435, 0, 780.68 W, 41, 2032 MHz, 3996 MHz, 100 %, 66 %
2026/03/23 13:56:51.435, 1, 789.34 W, 45, 2032 MHz, 3996 MHz, 100 %, 66 %
2026/03/23 13:56:51.435, 2, 792.31 W, 42, 2032 MHz, 3996 MHz, 100 %, 66 %
2026/03/23 13:56:51.435, 3, 790.92 W, 46, 2032 MHz, 3996 MHz, 100 %, 66 %
2026/03/23 13:56:51.435, 4, 178.76 W, 25, 120 MHz, 3996 MHz, 0 %, 0 %
2026/03/23 13:56:51.435, 5, 180.58 W, 27, 120 MHz, 3996 MHz, 0 %, 0 %
2026/03/23 13:56:51.435, 6, 177.49 W, 26, 120 MHz, 3996 MHz, 0 %, 0 %
2026/03/23 13:56:51.435, 7, 176.58 W, 27, 120 MHz, 3996 MHz, 0 %, 0 %
2026/03/23 13:56:52.435, 0, 780.58 W, 41, 2032 MHz, 3996 MHz, 100 %, 67 %
2026/03/23 13:56:52.435, 1, 789.61 W, 45, 2032 MHz, 3996 MHz, 100 %, 67 %
2026/03/23 13:56:52.435, 2, 792.61 W, 42, 2032 MHz, 3996 MHz, 100 %, 66 %
2026/03/23 13:56:52.435, 3, 791.36 W, 46, 2032 MHz, 3996 MHz, 100 %, 66 %
2026/03/23 13:56:52.435, 4, 178.72 W, 25, 120 MHz, 3996 MHz, 0 %, 0 %
2026/03/23 13:56:52.435, 5, 180.58 W, 27, 120 MHz, 3996 MHz, 0 %, 0 %
2026/03/23 13:56:52.435, 6, 177.47 W, 26, 120 MHz, 3996 MHz, 0 %, 0 %
2026/03/23 13:56:52.435, 7, 176.58 W, 27, 120 MHz, 3996 MHz, 0 %, 0 %
2026/03/23 13:56:53.435, 0, 782.43 W, 41, 2032 MHz, 3996 MHz, 100 %, 66 %
2026/03/23 13:56:53.435, 1, 791.04 W, 45, 2032 MHz, 3996 MHz, 100 %, 67 %
2026/03/23 13:56:53.435, 2, 794.91 W, 42, 2032 MHz, 3996 MHz, 100 %, 66 %
2026/03/23 13:56:53.435, 3, 792.38 W, 46, 2032 MHz, 3996 MHz, 100 %, 66 %
2026/03/23 13:56:53.435, 4, 179.03 W, 25, 120 MHz, 3996 MHz, 0 %, 0 %
2026/03/23 13:56:53.435, 5, 180.58 W, 27, 120 MHz, 3996 MHz, 0 %, 0 %
2026/03/23 13:56:53.435, 6, 177.65 W, 26, 120 MHz, 3996 MHz, 0 %, 0 %
2026/03/23 13:56:53.435, 7, 176.58 W, 27, 120 MHz, 3996 MHz, 0 %, 0 %
2026/03/23 13:56:54.435, 0, 726.00 W, 40, 2032 MHz, 3996 MHz, 100 %, 51 %
2026/03/23 13:56:54.435, 1, 689.27 W, 43, 2032 MHz, 3996 MHz, 46 %, 25 %
2026/03/23 13:56:54.435, 2, 734.13 W, 41, 2032 MHz, 3996 MHz, 95 %, 55 %
2026/03/23 13:56:54.435, 3, 724.68 W, 44, 2032 MHz, 3996 MHz, 85 %, 49 %
2026/03/23 13:56:54.435, 4, 178.63 W, 25, 120 MHz, 3996 MHz, 0 %, 0 %
2026/03/23 13:56:54.435, 5, 180.58 W, 27, 120 MHz, 3996 MHz, 0 %, 0 %
2026/03/23 13:56:54.435, 6, 177.39 W, 26, 120 MHz, 3996 MHz, 0 %, 0 %
2026/03/23 13:56:54.435, 7, 176.58 W, 27, 120 MHz, 3996 MHz, 0 %, 0 %
2026/03/23 13:56:55.435, 0, 603.72 W, 40, 2032 MHz, 3996 MHz, 77 %, 29 %
2026/03/23 13:56:55.435, 1, 563.01 W, 42, 2032 MHz, 3996 MHz, 53 %, 31 %
2026/03/23 13:56:55.435, 2, 611.88 W, 40, 2032 MHz, 3996 MHz, 89 %, 27 %
2026/03/23 13:56:55.435, 3, 602.70 W, 43, 2032 MHz, 3996 MHz, 50 %, 20 %
2026/03/23 13:56:55.435, 4, 178.56 W, 25, 120 MHz, 3996 MHz, 0 %, 0 %
2026/03/23 13:56:55.435, 5, 180.58 W, 27, 120 MHz, 3996 MHz, 0 %, 0 %
2026/03/23 13:56:55.435, 6, 177.59 W, 26, 120 MHz, 3996 MHz, 0 %, 0 %
2026/03/23 13:56:55.435, 7, 176.58 W, 27, 120 MHz, 3996 MHz, 0 %, 0 %
2026/03/23 13:56:56.436, 0, 639.05 W, 40, 2032 MHz, 3996 MHz, 76 %, 20 %
2026/03/23 13:56:56.436, 1, 627.17 W, 43, 2032 MHz, 3996 MHz, 75 %, 48 %
2026/03/23 13:56:56.436, 2, 664.20 W, 41, 2032 MHz, 3996 MHz, 99 %, 20 %
2026/03/23 13:56:56.436, 3, 645.17 W, 45, 2032 MHz, 3996 MHz, 99 %, 22 %
2026/03/23 13:56:56.436, 4, 178.68 W, 25, 120 MHz, 3996 MHz, 0 %, 0 %
2026/03/23 13:56:56.436, 5, 180.58 W, 27, 120 MHz, 3996 MHz, 0 %, 0 %
2026/03/23 13:56:56.436, 6, 177.41 W, 26, 120 MHz, 3996 MHz, 0 %, 0 %
2026/03/23 13:56:56.436, 7, 176.58 W, 27, 120 MHz, 3996 MHz, 0 %, 0 %
2026/03/23 13:56:57.436, 0, 658.14 W, 41, 2032 MHz, 3996 MHz, 100 %, 57 %
2026/03/23 13:56:57.436, 1, 617.03 W, 43, 2032 MHz, 3996 MHz, 100 %, 68 %
2026/03/23 13:56:57.436, 2, 664.96 W, 40, 2032 MHz, 3996 MHz, 100 %, 66 %
2026/03/23 13:56:57.436, 3, 628.53 W, 44, 2032 MHz, 3996 MHz, 100 %, 68 %
2026/03/23 13:56:57.436, 4, 178.71 W, 25, 120 MHz, 3996 MHz, 0 %, 0 %
2026/03/23 13:56:57.436, 5, 180.58 W, 27, 120 MHz, 3996 MHz, 0 %, 0 %
2026/03/23 13:56:57.436, 6, 177.08 W, 26, 120 MHz, 3996 MHz, 0 %, 0 %
2026/03/23 13:56:57.436, 7, 176.59 W, 27, 120 MHz, 3996 MHz, 0 %, 0 %
2026/03/23 13:56:58.436, 0, 632.94 W, 40, 2032 MHz, 3996 MHz, 99 %, 21 %
2026/03/23 13:56:58.436, 1, 594.80 W, 43, 2032 MHz, 3996 MHz, 56 %, 28 %
2026/03/23 13:56:58.436, 2, 627.70 W, 40, 2032 MHz, 3996 MHz, 97 %, 29 %
2026/03/23 13:56:58.436, 3, 616.53 W, 44, 2032 MHz, 3996 MHz, 58 %, 30 %
2026/03/23 13:56:58.436, 4, 178.74 W, 25, 120 MHz, 3996 MHz, 0 %, 0 %
2026/03/23 13:56:58.436, 5, 180.58 W, 27, 120 MHz, 3996 MHz, 0 %, 0 %
2026/03/23 13:56:58.436, 6, 177.41 W, 26, 120 MHz, 3996 MHz, 0 %, 0 %
2026/03/23 13:56:58.436, 7, 176.58 W, 27, 120 MHz, 3996 MHz, 0 %, 0 %
2026/03/23 13:56:59.436, 0, 606.83 W, 39, 2032 MHz, 3996 MHz, 100 %, 32 %
2026/03/23 13:56:59.436, 1, 564.77 W, 42, 2032 MHz, 3996 MHz, 53 %, 32 %
2026/03/23 13:56:59.436, 2, 620.86 W, 39, 2032 MHz, 3996 MHz, 100 %, 42 %
2026/03/23 13:56:59.436, 3, 576.85 W, 43, 2032 MHz, 3996 MHz, 92 %, 48 %
2026/03/23 13:56:59.436, 4, 178.59 W, 25, 120 MHz, 3996 MHz, 0 %, 0 %
2026/03/23 13:56:59.436, 5, 180.58 W, 27, 120 MHz, 3996 MHz, 0 %, 0 %
2026/03/23 13:56:59.436, 6, 177.49 W, 26, 120 MHz, 3996 MHz, 0 %, 0 %
2026/03/23 13:56:59.436, 7, 176.58 W, 27, 120 MHz, 3996 MHz, 0 %, 0 %
2026/03/23 13:57:00.436, 0, 624.21 W, 39, 2032 MHz, 3996 MHz, 69 %, 36 %
2026/03/23 13:57:00.436, 1, 576.11 W, 41, 2032 MHz, 3996 MHz, 42 %, 19 %
2026/03/23 13:57:00.436, 2, 635.89 W, 39, 2032 MHz, 3996 MHz, 92 %, 26 %
2026/03/23 13:57:00.436, 3, 592.96 W, 42, 2032 MHz, 3996 MHz, 37 %, 19 %
2026/03/23 13:57:00.436, 4, 178.70 W, 25, 120 MHz, 3996 MHz, 0 %, 0 %
2026/03/23 13:57:00.436, 5, 180.58 W, 27, 120 MHz, 3996 MHz, 0 %, 0 %
2026/03/23 13:57:00.436, 6, 177.44 W, 26, 120 MHz, 3996 MHz, 0 %, 0 %
2026/03/23 13:57:00.436, 7, 176.58 W, 27, 120 MHz, 3996 MHz, 0 %, 0 %
2026/03/23 13:57:01.436, 0, 627.82 W, 40, 2032 MHz, 3996 MHz, 100 %, 67 %
2026/03/23 13:57:01.436, 1, 590.34 W, 42, 2032 MHz, 3996 MHz, 42 %, 20 %
2026/03/23 13:57:01.436, 2, 639.49 W, 40, 2032 MHz, 3996 MHz, 91 %, 59 %
2026/03/23 13:57:01.436, 3, 600.10 W, 43, 2032 MHz, 3996 MHz, 68 %, 42 %
2026/03/23 13:57:01.436, 4, 178.86 W, 25, 120 MHz, 3996 MHz, 0 %, 0 %
2026/03/23 13:57:01.436, 5, 180.58 W, 27, 120 MHz, 3996 MHz, 0 %, 0 %
2026/03/23 13:57:01.436, 6, 177.31 W, 26, 120 MHz, 3996 MHz, 0 %, 0 %
2026/03/23 13:57:01.436, 7, 176.58 W, 27, 120 MHz, 3996 MHz, 0 %, 0 %
2026/03/23 13:57:02.437, 0, 616.39 W, 39, 2032 MHz, 3996 MHz, 100 %, 33 %
2026/03/23 13:57:02.437, 1, 582.30 W, 43, 2032 MHz, 3996 MHz, 67 %, 26 %
2026/03/23 13:57:02.437, 2, 629.57 W, 40, 2032 MHz, 3996 MHz, 94 %, 38 %
2026/03/23 13:57:02.437, 3, 587.23 W, 43, 2032 MHz, 3996 MHz, 66 %, 41 %
2026/03/23 13:57:02.437, 4, 178.78 W, 25, 120 MHz, 3996 MHz, 0 %, 0 %
2026/03/23 13:57:02.437, 5, 180.58 W, 27, 120 MHz, 3996 MHz, 0 %, 0 %
2026/03/23 13:57:02.437, 6, 177.53 W, 26, 120 MHz, 3996 MHz, 0 %, 0 %
2026/03/23 13:57:02.437, 7, 176.59 W, 27, 120 MHz, 3996 MHz, 0 %, 0 %
2026/03/23 13:57:03.437, 0, 568.85 W, 39, 2032 MHz, 3996 MHz, 47 %, 27 %
2026/03/23 13:57:03.437, 1, 569.53 W, 42, 2032 MHz, 3996 MHz, 76 %, 49 %
2026/03/23 13:57:03.437, 2, 605.40 W, 39, 2032 MHz, 3996 MHz, 100 %, 36 %
2026/03/23 13:57:03.437, 3, 592.80 W, 43, 2032 MHz, 3996 MHz, 100 %, 51 %
2026/03/23 13:57:03.437, 4, 178.78 W, 25, 120 MHz, 3996 MHz, 0 %, 0 %
2026/03/23 13:57:03.437, 5, 180.58 W, 27, 120 MHz, 3996 MHz, 0 %, 0 %
2026/03/23 13:57:03.437, 6, 177.15 W, 26, 120 MHz, 3996 MHz, 0 %, 0 %
2026/03/23 13:57:03.437, 7, 176.58 W, 27, 120 MHz, 3996 MHz, 0 %, 0 %
2026/03/23 13:57:04.437, 0, 584.02 W, 39, 2032 MHz, 3996 MHz, 76 %, 19 %
2026/03/23 13:57:04.437, 1, 533.12 W, 42, 2032 MHz, 3996 MHz, 73 %, 46 %
2026/03/23 13:57:04.437, 2, 599.14 W, 40, 2032 MHz, 3996 MHz, 98 %, 19 %
2026/03/23 13:57:04.437, 3, 564.78 W, 43, 2032 MHz, 3996 MHz, 55 %, 21 %
2026/03/23 13:57:04.437, 4, 178.67 W, 25, 120 MHz, 3996 MHz, 0 %, 0 %
2026/03/23 13:57:04.437, 5, 180.58 W, 27, 120 MHz, 3996 MHz, 0 %, 0 %
2026/03/23 13:57:04.437, 6, 177.38 W, 26, 120 MHz, 3996 MHz, 0 %, 0 %
2026/03/23 13:57:04.437, 7, 176.58 W, 27, 120 MHz, 3996 MHz, 0 %, 0 %
2026/03/23 13:57:05.437, 0, 634.68 W, 39, 2032 MHz, 3996 MHz, 100 %, 66 %
2026/03/23 13:57:05.437, 1, 605.38 W, 42, 2032 MHz, 3996 MHz, 88 %, 57 %
2026/03/23 13:57:05.437, 2, 653.59 W, 40, 2032 MHz, 3996 MHz, 100 %, 66 %
2026/03/23 13:57:05.437, 3, 617.74 W, 43, 2032 MHz, 3996 MHz, 100 %, 66 %
2026/03/23 13:57:05.437, 4, 178.72 W, 25, 120 MHz, 3996 MHz, 0 %, 0 %
2026/03/23 13:57:05.437, 5, 180.58 W, 27, 120 MHz, 3996 MHz, 0 %, 0 %
2026/03/23 13:57:05.437, 6, 177.43 W, 26, 120 MHz, 3996 MHz, 0 %, 0 %
2026/03/23 13:57:05.437, 7, 176.58 W, 27, 120 MHz, 3996 MHz, 0 %, 0 %
2026/03/23 13:57:06.437, 0, 713.68 W, 40, 2032 MHz, 3996 MHz, 100 %, 67 %
2026/03/23 13:57:06.437, 1, 702.69 W, 43, 2032 MHz, 3996 MHz, 91 %, 58 %
2026/03/23 13:57:06.437, 2, 726.19 W, 40, 2032 MHz, 3996 MHz, 100 %, 67 %
2026/03/23 13:57:06.437, 3, 702.08 W, 43, 2032 MHz, 3996 MHz, 100 %, 67 %
2026/03/23 13:57:06.437, 4, 178.79 W, 25, 120 MHz, 3996 MHz, 0 %, 0 %
2026/03/23 13:57:06.437, 5, 180.58 W, 27, 120 MHz, 3996 MHz, 0 %, 0 %
2026/03/23 13:57:06.437, 6, 177.47 W, 26, 120 MHz, 3996 MHz, 0 %, 0 %
2026/03/23 13:57:06.437, 7, 176.58 W, 27, 120 MHz, 3996 MHz, 0 %, 0 %
2026/03/23 13:57:07.437, 0, 747.19 W, 41, 2032 MHz, 3996 MHz, 100 %, 67 %
2026/03/23 13:57:07.437, 1, 772.57 W, 44, 2032 MHz, 3996 MHz, 100 %, 67 %
2026/03/23 13:57:07.437, 2, 776.73 W, 41, 2032 MHz, 3996 MHz, 100 %, 67 %
2026/03/23 13:57:07.437, 3, 768.95 W, 45, 2032 MHz, 3996 MHz, 100 %, 68 %
2026/03/23 13:57:07.437, 4, 178.75 W, 25, 120 MHz, 3996 MHz, 0 %, 0 %
2026/03/23 13:57:07.437, 5, 180.58 W, 27, 120 MHz, 3996 MHz, 0 %, 0 %
2026/03/23 13:57:07.437, 6, 177.61 W, 26, 120 MHz, 3996 MHz, 0 %, 0 %
2026/03/23 13:57:07.437, 7, 176.58 W, 27, 120 MHz, 3996 MHz, 0 %, 0 %
2026/03/23 13:57:08.437, 0, 784.90 W, 41, 2032 MHz, 3996 MHz, 100 %, 67 %
2026/03/23 13:57:08.437, 1, 790.56 W, 45, 2032 MHz, 3996 MHz, 100 %, 67 %
2026/03/23 13:57:08.437, 2, 798.25 W, 42, 2032 MHz, 3996 MHz, 100 %, 68 %
2026/03/23 13:57:08.438, 3, 795.66 W, 45, 2032 MHz, 3996 MHz, 100 %, 67 %
2026/03/23 13:57:08.438, 4, 178.68 W, 25, 120 MHz, 3996 MHz, 0 %, 0 %
2026/03/23 13:57:08.438, 5, 180.58 W, 27, 120 MHz, 3996 MHz, 0 %, 0 %
2026/03/23 13:57:08.438, 6, 177.42 W, 26, 120 MHz, 3996 MHz, 0 %, 0 %
2026/03/23 13:57:08.438, 7, 176.58 W, 27, 120 MHz, 3996 MHz, 0 %, 0 %
2026/03/23 13:57:09.438, 0, 786.84 W, 41, 2032 MHz, 3996 MHz, 100 %, 68 %
2026/03/23 13:57:09.438, 1, 794.66 W, 45, 2032 MHz, 3996 MHz, 100 %, 68 %
2026/03/23 13:57:09.438, 2, 800.28 W, 42, 2032 MHz, 3996 MHz, 100 %, 68 %
2026/03/23 13:57:09.438, 3, 796.42 W, 45, 2032 MHz, 3996 MHz, 100 %, 68 %
2026/03/23 13:57:09.438, 4, 178.68 W, 25, 120 MHz, 3996 MHz, 0 %, 0 %
2026/03/23 13:57:09.438, 5, 180.58 W, 27, 120 MHz, 3996 MHz, 0 %, 0 %
2026/03/23 13:57:09.438, 6, 177.54 W, 26, 120 MHz, 3996 MHz, 0 %, 0 %
2026/03/23 13:57:09.438, 7, 176.58 W, 27, 120 MHz, 3996 MHz, 0 %, 0 %
2026/03/23 13:57:10.438, 0, 787.86 W, 41, 2032 MHz, 3996 MHz, 100 %, 67 %
2026/03/23 13:57:10.438, 1, 793.41 W, 45, 2032 MHz, 3996 MHz, 100 %, 68 %
2026/03/23 13:57:10.438, 2, 801.14 W, 42, 2032 MHz, 3996 MHz, 100 %, 68 %
2026/03/23 13:57:10.438, 3, 797.51 W, 46, 2032 MHz, 3996 MHz, 100 %, 68 %
2026/03/23 13:57:10.438, 4, 178.59 W, 25, 120 MHz, 3996 MHz, 0 %, 0 %
2026/03/23 13:57:10.438, 5, 180.58 W, 27, 120 MHz, 3996 MHz, 0 %, 0 %
2026/03/23 13:57:10.438, 6, 177.37 W, 26, 120 MHz, 3996 MHz, 0 %, 0 %
2026/03/23 13:57:10.438, 7, 176.58 W, 27, 120 MHz, 3996 MHz, 0 %, 0 %
2026/03/23 13:57:11.438, 0, 788.62 W, 41, 2032 MHz, 3996 MHz, 100 %, 68 %
2026/03/23 13:57:11.438, 1, 797.39 W, 45, 2032 MHz, 3996 MHz, 100 %, 68 %
2026/03/23 13:57:11.438, 2, 800.58 W, 42, 2032 MHz, 3996 MHz, 100 %, 68 %
2026/03/23 13:57:11.438, 3, 797.66 W, 46, 2032 MHz, 3996 MHz, 100 %, 67 %
2026/03/23 13:57:11.438, 4, 178.86 W, 25, 120 MHz, 3996 MHz, 0 %, 0 %
2026/03/23 13:57:11.438, 5, 180.58 W, 27, 120 MHz, 3996 MHz, 0 %, 0 %
2026/03/23 13:57:11.438, 6, 177.35 W, 26, 120 MHz, 3996 MHz, 0 %, 0 %
2026/03/23 13:57:11.438, 7, 176.58 W, 27, 120 MHz, 3996 MHz, 0 %, 0 %
2026/03/23 13:57:12.438, 0, 787.94 W, 41, 2032 MHz, 3996 MHz, 100 %, 68 %
2026/03/23 13:57:12.438, 1, 797.41 W, 45, 2032 MHz, 3996 MHz, 100 %, 68 %
2026/03/23 13:57:12.438, 2, 801.67 W, 42, 2032 MHz, 3996 MHz, 100 %, 67 %
2026/03/23 13:57:12.438, 3, 799.14 W, 46, 2032 MHz, 3996 MHz, 100 %, 68 %
2026/03/23 13:57:12.438, 4, 178.68 W, 25, 120 MHz, 3996 MHz, 0 %, 0 %
2026/03/23 13:57:12.438, 5, 180.58 W, 27, 120 MHz, 3996 MHz, 0 %, 0 %
2026/03/23 13:57:12.438, 6, 177.42 W, 26, 120 MHz, 3996 MHz, 0 %, 0 %
2026/03/23 13:57:12.438, 7, 176.58 W, 27, 120 MHz, 3996 MHz, 0 %, 0 %
2026/03/23 13:57:13.438, 0, 786.64 W, 41, 2032 MHz, 3996 MHz, 100 %, 67 %
2026/03/23 13:57:13.438, 1, 793.80 W, 45, 2032 MHz, 3996 MHz, 100 %, 67 %
2026/03/23 13:57:13.438, 2, 799.00 W, 42, 2032 MHz, 3996 MHz, 100 %, 67 %
2026/03/23 13:57:13.438, 3, 796.96 W, 46, 2032 MHz, 3996 MHz, 100 %, 68 %
2026/03/23 13:57:13.438, 4, 178.65 W, 25, 120 MHz, 3996 MHz, 0 %, 0 %
2026/03/23 13:57:13.438, 5, 180.58 W, 27, 120 MHz, 3996 MHz, 0 %, 0 %
2026/03/23 13:57:13.438, 6, 177.34 W, 26, 120 MHz, 3996 MHz, 0 %, 0 %
2026/03/23 13:57:13.438, 7, 176.58 W, 27, 120 MHz, 3996 MHz, 0 %, 0 %
2026/03/23 13:57:14.438, 0, 786.05 W, 42, 2032 MHz, 3996 MHz, 100 %, 68 %
2026/03/23 13:57:14.438, 1, 794.75 W, 45, 2032 MHz, 3996 MHz, 100 %, 68 %
2026/03/23 13:57:14.438, 2, 799.84 W, 42, 2032 MHz, 3996 MHz, 100 %, 68 %
2026/03/23 13:57:14.438, 3, 797.17 W, 46, 2032 MHz, 3996 MHz, 100 %, 67 %
2026/03/23 13:57:14.438, 4, 178.68 W, 25, 120 MHz, 3996 MHz, 0 %, 0 %
2026/03/23 13:57:14.438, 5, 180.58 W, 27, 120 MHz, 3996 MHz, 0 %, 0 %
2026/03/23 13:57:14.438, 6, 177.55 W, 26, 120 MHz, 3996 MHz, 0 %, 0 %
2026/03/23 13:57:14.438, 7, 176.58 W, 27, 120 MHz, 3996 MHz, 0 %, 0 %
2026/03/23 13:57:15.439, 0, 787.55 W, 42, 2032 MHz, 3996 MHz, 100 %, 68 %
2026/03/23 13:57:15.439, 1, 796.69 W, 45, 2032 MHz, 3996 MHz, 100 %, 68 %
2026/03/23 13:57:15.439, 2, 801.48 W, 42, 2032 MHz, 3996 MHz, 100 %, 68 %
2026/03/23 13:57:15.439, 3, 798.39 W, 46, 2032 MHz, 3996 MHz, 100 %, 67 %
2026/03/23 13:57:15.439, 4, 178.71 W, 25, 120 MHz, 3996 MHz, 0 %, 0 %
2026/03/23 13:57:15.439, 5, 180.58 W, 27, 120 MHz, 3996 MHz, 0 %, 0 %
2026/03/23 13:57:15.439, 6, 177.40 W, 26, 120 MHz, 3996 MHz, 0 %, 0 %
2026/03/23 13:57:15.439, 7, 176.58 W, 27, 120 MHz, 3996 MHz, 0 %, 0 %
2026/03/23 13:57:16.439, 0, 788.21 W, 42, 2032 MHz, 3996 MHz, 100 %, 68 %
2026/03/23 13:57:16.439, 1, 797.53 W, 45, 2032 MHz, 3996 MHz, 100 %, 68 %
2026/03/23 13:57:16.439, 2, 800.46 W, 42, 2032 MHz, 3996 MHz, 100 %, 68 %
2026/03/23 13:57:16.439, 3, 798.45 W, 46, 2032 MHz, 3996 MHz, 100 %, 67 %
2026/03/23 13:57:16.439, 4, 178.68 W, 25, 120 MHz, 3996 MHz, 0 %, 0 %
2026/03/23 13:57:16.439, 5, 180.58 W, 27, 120 MHz, 3996 MHz, 0 %, 0 %
2026/03/23 13:57:16.439, 6, 177.51 W, 26, 120 MHz, 3996 MHz, 0 %, 0 %
2026/03/23 13:57:16.439, 7, 176.58 W, 27, 120 MHz, 3996 MHz, 0 %, 0 %
2026/03/23 13:57:17.439, 0, 789.60 W, 42, 2032 MHz, 3996 MHz, 100 %, 68 %
2026/03/23 13:57:17.439, 1, 799.29 W, 45, 2032 MHz, 3996 MHz, 100 %, 68 %
2026/03/23 13:57:17.439, 2, 802.08 W, 42, 2032 MHz, 3996 MHz, 100 %, 68 %
2026/03/23 13:57:17.439, 3, 801.00 W, 46, 2032 MHz, 3996 MHz, 100 %, 67 %
2026/03/23 13:57:17.439, 4, 178.68 W, 25, 120 MHz, 3996 MHz, 0 %, 0 %
2026/03/23 13:57:17.439, 5, 180.58 W, 27, 120 MHz, 3996 MHz, 0 %, 0 %
2026/03/23 13:57:17.439, 6, 177.49 W, 26, 120 MHz, 3996 MHz, 0 %, 0 %
2026/03/23 13:57:17.439, 7, 176.58 W, 27, 120 MHz, 3996 MHz, 0 %, 0 %
2026/03/23 13:57:18.439, 0, 790.15 W, 42, 2032 MHz, 3996 MHz, 100 %, 68 %
2026/03/23 13:57:18.439, 1, 799.38 W, 45, 2032 MHz, 3996 MHz, 100 %, 68 %
2026/03/23 13:57:18.439, 2, 804.35 W, 42, 2032 MHz, 3996 MHz, 100 %, 68 %
2026/03/23 13:57:18.439, 3, 801.46 W, 46, 2032 MHz, 3996 MHz, 100 %, 68 %
2026/03/23 13:57:18.439, 4, 178.77 W, 25, 120 MHz, 3996 MHz, 0 %, 0 %
2026/03/23 13:57:18.439, 5, 180.58 W, 27, 120 MHz, 3996 MHz, 0 %, 0 %
2026/03/23 13:57:18.439, 6, 177.36 W, 26, 120 MHz, 3996 MHz, 0 %, 0 %
2026/03/23 13:57:18.439, 7, 176.58 W, 27, 120 MHz, 3996 MHz, 0 %, 0 %
2026/03/23 13:57:19.439, 0, 710.46 W, 40, 2032 MHz, 3996 MHz, 60 %, 19 %
2026/03/23 13:57:19.439, 1, 703.46 W, 44, 2032 MHz, 3996 MHz, 99 %, 67 %
2026/03/23 13:57:19.439, 2, 728.14 W, 41, 2032 MHz, 3996 MHz, 89 %, 37 %
2026/03/23 13:57:19.439, 3, 717.69 W, 45, 2032 MHz, 3996 MHz, 42 %, 22 %
2026/03/23 13:57:19.439, 4, 178.76 W, 25, 120 MHz, 3996 MHz, 0 %, 0 %
2026/03/23 13:57:19.439, 5, 180.58 W, 27, 120 MHz, 3996 MHz, 0 %, 0 %
2026/03/23 13:57:19.439, 6, 177.54 W, 26, 120 MHz, 3996 MHz, 0 %, 0 %
2026/03/23 13:57:19.439, 7, 176.58 W, 27, 120 MHz, 3996 MHz, 0 %, 0 %
2026/03/23 13:57:20.439, 0, 760.81 W, 40, 2032 MHz, 3996 MHz, 74 %, 21 %
2026/03/23 13:57:20.439, 1, 752.60 W, 44, 2032 MHz, 3996 MHz, 73 %, 47 %
2026/03/23 13:57:20.439, 2, 767.89 W, 41, 2032 MHz, 3996 MHz, 94 %, 59 %
2026/03/23 13:57:20.439, 3, 758.77 W, 45, 2032 MHz, 3996 MHz, 77 %, 44 %
2026/03/23 13:57:20.439, 4, 178.90 W, 25, 120 MHz, 3996 MHz, 0 %, 0 %
2026/03/23 13:57:20.439, 5, 180.58 W, 27, 120 MHz, 3996 MHz, 0 %, 0 %
2026/03/23 13:57:20.439, 6, 177.27 W, 26, 120 MHz, 3996 MHz, 0 %, 0 %
2026/03/23 13:57:20.439, 7, 176.58 W, 27, 120 MHz, 3996 MHz, 0 %, 0 %
2026/03/23 13:57:21.439, 0, 636.97 W, 40, 2032 MHz, 3996 MHz, 94 %, 60 %
2026/03/23 13:57:21.440, 1, 595.74 W, 43, 2032 MHz, 3996 MHz, 99 %, 20 %
2026/03/23 13:57:21.440, 2, 648.11 W, 40, 2032 MHz, 3996 MHz, 100 %, 66 %
2026/03/23 13:57:21.440, 3, 604.51 W, 44, 2032 MHz, 3996 MHz, 100 %, 67 %
2026/03/23 13:57:21.440, 4, 178.77 W, 25, 120 MHz, 3996 MHz, 0 %, 0 %
2026/03/23 13:57:21.440, 5, 180.58 W, 27, 120 MHz, 3996 MHz, 0 %, 0 %
2026/03/23 13:57:21.440, 6, 177.33 W, 26, 120 MHz, 3996 MHz, 0 %, 0 %
2026/03/23 13:57:21.440, 7, 176.58 W, 27, 120 MHz, 3996 MHz, 0 %, 0 %
2026/03/23 13:57:22.440, 0, 634.56 W, 40, 2032 MHz, 3996 MHz, 99 %, 20 %
2026/03/23 13:57:22.440, 1, 602.45 W, 43, 2032 MHz, 3996 MHz, 79 %, 50 %
2026/03/23 13:57:22.440, 2, 653.10 W, 40, 2032 MHz, 3996 MHz, 98 %, 19 %
2026/03/23 13:57:22.440, 3, 619.65 W, 44, 2032 MHz, 3996 MHz, 74 %, 19 %
2026/03/23 13:57:22.440, 4, 178.56 W, 25, 120 MHz, 3996 MHz, 0 %, 0 %
2026/03/23 13:57:22.440, 5, 180.58 W, 27, 120 MHz, 3996 MHz, 0 %, 0 %
2026/03/23 13:57:22.440, 6, 177.34 W, 26, 120 MHz, 3996 MHz, 0 %, 0 %
2026/03/23 13:57:22.440, 7, 176.58 W, 27, 120 MHz, 3996 MHz, 0 %, 0 %
2026/03/23 13:57:23.440, 0, 651.36 W, 40, 2032 MHz, 3996 MHz, 91 %, 28 %
2026/03/23 13:57:23.440, 1, 615.05 W, 43, 2032 MHz, 3996 MHz, 66 %, 40 %
2026/03/23 13:57:23.440, 2, 666.49 W, 40, 2032 MHz, 3996 MHz, 99 %, 66 %
2026/03/23 13:57:23.440, 3, 634.02 W, 44, 2032 MHz, 3996 MHz, 81 %, 50 %
2026/03/23 13:57:23.440, 4, 178.74 W, 25, 120 MHz, 3996 MHz, 0 %, 0 %
2026/03/23 13:57:23.440, 5, 180.58 W, 27, 120 MHz, 3996 MHz, 0 %, 0 %
2026/03/23 13:57:23.440, 6, 177.25 W, 26, 120 MHz, 3996 MHz, 0 %, 0 %
2026/03/23 13:57:23.440, 7, 176.58 W, 27, 120 MHz, 3996 MHz, 0 %, 0 %
2026/03/23 13:57:24.440, 0, 635.13 W, 40, 2032 MHz, 3996 MHz, 100 %, 49 %
2026/03/23 13:57:24.440, 1, 622.38 W, 44, 2032 MHz, 3996 MHz, 86 %, 57 %
2026/03/23 13:57:24.440, 2, 659.87 W, 41, 2032 MHz, 3996 MHz, 98 %, 20 %
2026/03/23 13:57:24.440, 3, 634.35 W, 45, 2032 MHz, 3996 MHz, 52 %, 27 %
2026/03/23 13:57:24.440, 4, 178.85 W, 25, 120 MHz, 3996 MHz, 0 %, 0 %
2026/03/23 13:57:24.440, 5, 180.58 W, 27, 120 MHz, 3996 MHz, 0 %, 0 %
2026/03/23 13:57:24.440, 6, 177.41 W, 26, 120 MHz, 3996 MHz, 0 %, 0 %
2026/03/23 13:57:24.440, 7, 176.58 W, 27, 120 MHz, 3996 MHz, 0 %, 0 %
2026/03/23 13:57:25.440, 0, 628.15 W, 40, 2032 MHz, 3996 MHz, 99 %, 24 %
2026/03/23 13:57:25.440, 1, 609.06 W, 44, 2032 MHz, 3996 MHz, 88 %, 58 %
2026/03/23 13:57:25.440, 2, 646.65 W, 41, 2032 MHz, 3996 MHz, 92 %, 42 %
2026/03/23 13:57:25.440, 3, 617.83 W, 44, 2032 MHz, 3996 MHz, 72 %, 25 %
2026/03/23 13:57:25.440, 4, 178.75 W, 25, 120 MHz, 3996 MHz, 0 %, 0 %
2026/03/23 13:57:25.440, 5, 180.58 W, 27, 120 MHz, 3996 MHz, 0 %, 0 %
2026/03/23 13:57:25.440, 6, 177.43 W, 26, 120 MHz, 3996 MHz, 0 %, 0 %
2026/03/23 13:57:25.440, 7, 176.58 W, 27, 120 MHz, 3996 MHz, 0 %, 0 %
2026/03/23 13:57:26.440, 0, 691.64 W, 40, 2032 MHz, 3996 MHz, 85 %, 53 %
2026/03/23 13:57:26.440, 1, 675.95 W, 43, 2032 MHz, 3996 MHz, 38 %, 20 %
2026/03/23 13:57:26.440, 2, 704.12 W, 40, 2032 MHz, 3996 MHz, 100 %, 67 %
2026/03/23 13:57:26.440, 3, 675.29 W, 44, 2032 MHz, 3996 MHz, 100 %, 68 %
2026/03/23 13:57:26.440, 4, 178.62 W, 25, 120 MHz, 3996 MHz, 0 %, 0 %
2026/03/23 13:57:26.440, 5, 180.58 W, 27, 120 MHz, 3996 MHz, 0 %, 0 %
2026/03/23 13:57:26.440, 6, 177.51 W, 26, 120 MHz, 3996 MHz, 0 %, 0 %
2026/03/23 13:57:26.440, 7, 176.58 W, 27, 120 MHz, 3996 MHz, 0 %, 0 %
2026/03/23 13:57:27.440, 0, 651.05 W, 40, 2032 MHz, 3996 MHz, 86 %, 53 %
2026/03/23 13:57:27.440, 1, 636.16 W, 43, 2032 MHz, 3996 MHz, 47 %, 24 %
2026/03/23 13:57:27.440, 2, 646.59 W, 40, 2032 MHz, 3996 MHz, 100 %, 67 %
2026/03/23 13:57:27.440, 3, 648.21 W, 44, 2032 MHz, 3996 MHz, 100 %, 67 %
2026/03/23 13:57:27.440, 4, 178.60 W, 25, 120 MHz, 3996 MHz, 0 %, 0 %
2026/03/23 13:57:27.441, 5, 180.58 W, 27, 120 MHz, 3996 MHz, 0 %, 0 %
2026/03/23 13:57:27.441, 6, 177.51 W, 26, 120 MHz, 3996 MHz, 0 %, 0 %
2026/03/23 13:57:27.441, 7, 176.58 W, 27, 120 MHz, 3996 MHz, 0 %, 0 %
2026/03/23 13:57:28.441, 0, 621.78 W, 40, 2032 MHz, 3996 MHz, 100 %, 67 %
2026/03/23 13:57:28.441, 1, 613.78 W, 44, 2032 MHz, 3996 MHz, 100 %, 67 %
2026/03/23 13:57:28.441, 2, 648.58 W, 41, 2032 MHz, 3996 MHz, 100 %, 67 %
2026/03/23 13:57:28.441, 3, 616.76 W, 45, 2032 MHz, 3996 MHz, 100 %, 67 %
2026/03/23 13:57:28.441, 4, 178.69 W, 25, 120 MHz, 3996 MHz, 0 %, 0 %
2026/03/23 13:57:28.441, 5, 180.58 W, 27, 120 MHz, 3996 MHz, 0 %, 0 %
2026/03/23 13:57:28.441, 6, 177.26 W, 26, 120 MHz, 3996 MHz, 0 %, 0 %
2026/03/23 13:57:28.441, 7, 176.58 W, 27, 120 MHz, 3996 MHz, 0 %, 0 %
2026/03/23 13:57:29.441, 0, 625.87 W, 39, 2032 MHz, 3996 MHz, 99 %, 20 %
2026/03/23 13:57:29.441, 1, 581.60 W, 43, 2032 MHz, 3996 MHz, 80 %, 49 %
2026/03/23 13:57:29.441, 2, 634.89 W, 40, 2032 MHz, 3996 MHz, 91 %, 47 %
2026/03/23 13:57:29.441, 3, 621.28 W, 44, 2032 MHz, 3996 MHz, 66 %, 30 %
2026/03/23 13:57:29.441, 4, 178.66 W, 25, 120 MHz, 3996 MHz, 0 %, 0 %
2026/03/23 13:57:29.441, 5, 180.58 W, 27, 120 MHz, 3996 MHz, 0 %, 0 %
2026/03/23 13:57:29.441, 6, 177.24 W, 26, 120 MHz, 3996 MHz, 0 %, 0 %
2026/03/23 13:57:29.441, 7, 176.58 W, 27, 120 MHz, 3996 MHz, 0 %, 0 %
2026/03/23 13:57:30.441, 0, 603.62 W, 39, 2032 MHz, 3996 MHz, 92 %, 29 %
2026/03/23 13:57:30.441, 1, 549.80 W, 42, 2032 MHz, 3996 MHz, 40 %, 20 %
2026/03/23 13:57:30.441, 2, 603.59 W, 39, 2032 MHz, 3996 MHz, 92 %, 20 %
2026/03/23 13:57:30.441, 3, 574.59 W, 43, 2032 MHz, 3996 MHz, 44 %, 20 %
2026/03/23 13:57:30.441, 4, 178.82 W, 25, 120 MHz, 3996 MHz, 0 %, 0 %
2026/03/23 13:57:30.441, 5, 180.58 W, 27, 120 MHz, 3996 MHz, 0 %, 0 %
2026/03/23 13:57:30.441, 6, 177.62 W, 26, 120 MHz, 3996 MHz, 0 %, 0 %
2026/03/23 13:57:30.441, 7, 176.58 W, 27, 120 MHz, 3996 MHz, 0 %, 0 %
2026/03/23 13:57:31.441, 0, 686.43 W, 40, 2032 MHz, 3996 MHz, 100 %, 66 %
2026/03/23 13:57:31.441, 1, 692.34 W, 44, 2032 MHz, 3996 MHz, 100 %, 66 %
2026/03/23 13:57:31.441, 2, 707.95 W, 41, 2032 MHz, 3996 MHz, 100 %, 66 %
2026/03/23 13:57:31.441, 3, 694.63 W, 45, 2032 MHz, 3996 MHz, 100 %, 67 %
2026/03/23 13:57:31.441, 4, 178.63 W, 25, 120 MHz, 3996 MHz, 0 %, 0 %
2026/03/23 13:57:31.441, 5, 180.58 W, 27, 120 MHz, 3996 MHz, 0 %, 0 %
2026/03/23 13:57:31.441, 6, 177.44 W, 26, 120 MHz, 3996 MHz, 0 %, 0 %
2026/03/23 13:57:31.441, 7, 176.58 W, 27, 120 MHz, 3996 MHz, 0 %, 0 %
2026/03/23 13:57:32.441, 0, 652.21 W, 39, 2032 MHz, 3996 MHz, 77 %, 34 %
2026/03/23 13:57:32.441, 1, 641.48 W, 42, 2032 MHz, 3996 MHz, 55 %, 32 %
2026/03/23 13:57:32.441, 2, 668.95 W, 40, 2032 MHz, 3996 MHz, 100 %, 61 %
2026/03/23 13:57:32.441, 3, 637.13 W, 43, 2032 MHz, 3996 MHz, 88 %, 57 %
2026/03/23 13:57:32.441, 4, 178.54 W, 25, 120 MHz, 3996 MHz, 0 %, 0 %
2026/03/23 13:57:32.441, 5, 180.58 W, 27, 120 MHz, 3996 MHz, 0 %, 0 %
2026/03/23 13:57:32.441, 6, 177.57 W, 26, 120 MHz, 3996 MHz, 0 %, 0 %
2026/03/23 13:57:32.441, 7, 176.58 W, 27, 120 MHz, 3996 MHz, 0 %, 0 %
2026/03/23 13:57:33.441, 0, 700.70 W, 40, 2032 MHz, 3996 MHz, 99 %, 22 %
2026/03/23 13:57:33.441, 1, 695.58 W, 44, 2032 MHz, 3996 MHz, 100 %, 66 %
2026/03/23 13:57:33.441, 2, 721.99 W, 41, 2032 MHz, 3996 MHz, 89 %, 32 %
2026/03/23 13:57:33.441, 3, 707.73 W, 44, 2032 MHz, 3996 MHz, 61 %, 20 %
2026/03/23 13:57:33.441, 4, 178.62 W, 25, 120 MHz, 3996 MHz, 0 %, 0 %
2026/03/23 13:57:33.441, 5, 180.58 W, 27, 120 MHz, 3996 MHz, 0 %, 0 %
2026/03/23 13:57:33.441, 6, 177.25 W, 26, 120 MHz, 3996 MHz, 0 %, 0 %
2026/03/23 13:57:33.441, 7, 176.58 W, 27, 120 MHz, 3996 MHz, 0 %, 0 %
2026/03/23 13:57:34.441, 0, 744.89 W, 41, 2032 MHz, 3996 MHz, 100 %, 66 %
2026/03/23 13:57:34.441, 1, 741.44 W, 44, 2032 MHz, 3996 MHz, 100 %, 66 %
2026/03/23 13:57:34.441, 2, 760.03 W, 41, 2032 MHz, 3996 MHz, 100 %, 67 %
2026/03/23 13:57:34.441, 3, 745.12 W, 45, 2032 MHz, 3996 MHz, 100 %, 67 %
2026/03/23 13:57:34.441, 4, 178.74 W, 25, 120 MHz, 3996 MHz, 0 %, 0 %
2026/03/23 13:57:34.442, 5, 180.58 W, 27, 120 MHz, 3996 MHz, 0 %, 0 %
2026/03/23 13:57:34.442, 6, 177.45 W, 26, 120 MHz, 3996 MHz, 0 %, 0 %
2026/03/23 13:57:34.442, 7, 176.58 W, 27, 120 MHz, 3996 MHz, 0 %, 0 %
2026/03/23 13:57:35.442, 0, 780.22 W, 41, 2032 MHz, 3996 MHz, 100 %, 67 %
2026/03/23 13:57:35.442, 1, 788.81 W, 45, 2032 MHz, 3996 MHz, 100 %, 67 %
2026/03/23 13:57:35.442, 2, 792.10 W, 42, 2032 MHz, 3996 MHz, 100 %, 67 %
2026/03/23 13:57:35.442, 3, 790.23 W, 45, 2032 MHz, 3996 MHz, 100 %, 67 %
2026/03/23 13:57:35.442, 4, 178.70 W, 25, 120 MHz, 3996 MHz, 0 %, 0 %
2026/03/23 13:57:35.442, 5, 180.58 W, 27, 120 MHz, 3996 MHz, 0 %, 0 %
2026/03/23 13:57:35.442, 6, 177.51 W, 26, 120 MHz, 3996 MHz, 0 %, 0 %
2026/03/23 13:57:35.442, 7, 176.58 W, 27, 120 MHz, 3996 MHz, 0 %, 0 %
2026/03/23 13:57:36.442, 0, 780.70 W, 41, 2032 MHz, 3996 MHz, 100 %, 67 %
2026/03/23 13:57:36.442, 1, 788.92 W, 45, 2032 MHz, 3996 MHz, 100 %, 67 %
2026/03/23 13:57:36.442, 2, 794.00 W, 42, 2032 MHz, 3996 MHz, 100 %, 66 %
2026/03/23 13:57:36.442, 3, 789.55 W, 46, 2032 MHz, 3996 MHz, 100 %, 67 %
2026/03/23 13:57:36.442, 4, 178.57 W, 25, 120 MHz, 3996 MHz, 0 %, 0 %
2026/03/23 13:57:36.442, 5, 180.58 W, 27, 120 MHz, 3996 MHz, 0 %, 0 %
2026/03/23 13:57:36.442, 6, 177.36 W, 26, 120 MHz, 3996 MHz, 0 %, 0 %
2026/03/23 13:57:36.442, 7, 176.58 W, 27, 120 MHz, 3996 MHz, 0 %, 0 %
2026/03/23 13:57:37.442, 0, 780.83 W, 41, 2032 MHz, 3996 MHz, 100 %, 66 %
2026/03/23 13:57:37.442, 1, 789.09 W, 45, 2032 MHz, 3996 MHz, 100 %, 67 %
2026/03/23 13:57:37.442, 2, 793.48 W, 42, 2032 MHz, 3996 MHz, 100 %, 67 %
2026/03/23 13:57:37.442, 3, 792.09 W, 46, 2032 MHz, 3996 MHz, 100 %, 67 %
2026/03/23 13:57:37.442, 4, 178.76 W, 25, 120 MHz, 3996 MHz, 0 %, 0 %
2026/03/23 13:57:37.442, 5, 180.58 W, 27, 120 MHz, 3996 MHz, 0 %, 0 %
2026/03/23 13:57:37.442, 6, 177.41 W, 26, 120 MHz, 3996 MHz, 0 %, 0 %
2026/03/23 13:57:37.442, 7, 176.58 W, 27, 120 MHz, 3996 MHz, 0 %, 0 %
2026/03/23 13:57:38.442, 0, 780.66 W, 41, 2032 MHz, 3996 MHz, 100 %, 66 %
2026/03/23 13:57:38.442, 1, 790.06 W, 45, 2032 MHz, 3996 MHz, 100 %, 66 %
2026/03/23 13:57:38.442, 2, 793.01 W, 42, 2032 MHz, 3996 MHz, 100 %, 67 %
2026/03/23 13:57:38.442, 3, 790.80 W, 46, 2032 MHz, 3996 MHz, 100 %, 66 %
2026/03/23 13:57:38.442, 4, 178.77 W, 25, 120 MHz, 3996 MHz, 0 %, 0 %
2026/03/23 13:57:38.442, 5, 180.58 W, 27, 120 MHz, 3996 MHz, 0 %, 0 %
2026/03/23 13:57:38.442, 6, 177.29 W, 26, 120 MHz, 3996 MHz, 0 %, 0 %
2026/03/23 13:57:38.442, 7, 176.58 W, 27, 120 MHz, 3996 MHz, 0 %, 0 %
2026/03/23 13:57:39.442, 0, 780.24 W, 41, 2032 MHz, 3996 MHz, 100 %, 67 %
2026/03/23 13:57:39.442, 1, 788.05 W, 45, 2032 MHz, 3996 MHz, 100 %, 66 %
2026/03/23 13:57:39.442, 2, 792.55 W, 42, 2032 MHz, 3996 MHz, 100 %, 66 %
2026/03/23 13:57:39.442, 3, 790.06 W, 46, 2032 MHz, 3996 MHz, 100 %, 66 %
2026/03/23 13:57:39.442, 4, 178.68 W, 25, 120 MHz, 3996 MHz, 0 %, 0 %
2026/03/23 13:57:39.442, 5, 180.58 W, 27, 120 MHz, 3996 MHz, 0 %, 0 %
2026/03/23 13:57:39.442, 6, 177.26 W, 26, 120 MHz, 3996 MHz, 0 %, 0 %
2026/03/23 13:57:39.442, 7, 176.58 W, 27, 120 MHz, 3996 MHz, 0 %, 0 %
2026/03/23 13:57:40.442, 0, 781.33 W, 41, 2032 MHz, 3996 MHz, 100 %, 67 %
2026/03/23 13:57:40.442, 1, 789.89 W, 45, 2032 MHz, 3996 MHz, 100 %, 67 %
2026/03/23 13:57:40.442, 2, 794.01 W, 42, 2032 MHz, 3996 MHz, 100 %, 67 %
2026/03/23 13:57:40.442, 3, 792.02 W, 46, 2032 MHz, 3996 MHz, 100 %, 67 %
2026/03/23 13:57:40.442, 4, 178.66 W, 25, 120 MHz, 3996 MHz, 0 %, 0 %
2026/03/23 13:57:40.442, 5, 180.58 W, 27, 120 MHz, 3996 MHz, 0 %, 0 %
2026/03/23 13:57:40.442, 6, 177.19 W, 26, 120 MHz, 3996 MHz, 0 %, 0 %
2026/03/23 13:57:40.442, 7, 176.58 W, 27, 120 MHz, 3996 MHz, 0 %, 0 %
2026/03/23 13:57:41.443, 0, 782.04 W, 41, 2032 MHz, 3996 MHz, 100 %, 67 %
2026/03/23 13:57:41.443, 1, 790.23 W, 45, 2032 MHz, 3996 MHz, 100 %, 67 %
2026/03/23 13:57:41.443, 2, 793.90 W, 42, 2032 MHz, 3996 MHz, 100 %, 67 %
2026/03/23 13:57:41.443, 3, 789.83 W, 46, 2032 MHz, 3996 MHz, 100 %, 67 %
2026/03/23 13:57:41.443, 4, 178.62 W, 25, 120 MHz, 3996 MHz, 0 %, 0 %
2026/03/23 13:57:41.443, 5, 180.58 W, 27, 120 MHz, 3996 MHz, 0 %, 0 %
2026/03/23 13:57:41.443, 6, 177.29 W, 26, 120 MHz, 3996 MHz, 0 %, 0 %
2026/03/23 13:57:41.443, 7, 176.58 W, 27, 120 MHz, 3996 MHz, 0 %, 0 %
2026/03/23 13:57:42.443, 0, 779.38 W, 42, 2032 MHz, 3996 MHz, 100 %, 67 %
2026/03/23 13:57:42.443, 1, 789.49 W, 45, 2032 MHz, 3996 MHz, 100 %, 67 %
2026/03/23 13:57:42.443, 2, 793.45 W, 42, 2032 MHz, 3996 MHz, 100 %, 66 %
2026/03/23 13:57:42.443, 3, 791.00 W, 46, 2032 MHz, 3996 MHz, 100 %, 66 %
2026/03/23 13:57:42.443, 4, 178.63 W, 25, 120 MHz, 3996 MHz, 0 %, 0 %
2026/03/23 13:57:42.443, 5, 180.58 W, 27, 120 MHz, 3996 MHz, 0 %, 0 %
2026/03/23 13:57:42.443, 6, 176.95 W, 26, 120 MHz, 3996 MHz, 0 %, 0 %
2026/03/23 13:57:42.443, 7, 176.58 W, 27, 120 MHz, 3996 MHz, 0 %, 0 %
2026/03/23 13:57:43.443, 0, 782.80 W, 42, 2032 MHz, 3996 MHz, 100 %, 67 %
2026/03/23 13:57:43.443, 1, 791.42 W, 45, 2032 MHz, 3996 MHz, 100 %, 67 %
2026/03/23 13:57:43.443, 2, 795.45 W, 42, 2032 MHz, 3996 MHz, 100 %, 67 %
2026/03/23 13:57:43.443, 3, 793.45 W, 46, 2032 MHz, 3996 MHz, 100 %, 66 %
2026/03/23 13:57:43.443, 4, 178.66 W, 25, 120 MHz, 3996 MHz, 0 %, 0 %
2026/03/23 13:57:43.443, 5, 180.58 W, 27, 120 MHz, 3996 MHz, 0 %, 0 %
2026/03/23 13:57:43.443, 6, 177.40 W, 26, 120 MHz, 3996 MHz, 0 %, 0 %
2026/03/23 13:57:43.443, 7, 176.58 W, 27, 120 MHz, 3996 MHz, 0 %, 0 %
2026/03/23 13:57:44.443, 0, 738.08 W, 41, 2032 MHz, 3996 MHz, 100 %, 67 %
2026/03/23 13:57:44.443, 1, 757.74 W, 45, 2032 MHz, 3996 MHz, 100 %, 67 %
2026/03/23 13:57:44.443, 2, 754.97 W, 42, 2032 MHz, 3996 MHz, 100 %, 67 %
2026/03/23 13:57:44.443, 3, 756.46 W, 46, 2032 MHz, 3996 MHz, 100 %, 66 %
2026/03/23 13:57:44.443, 4, 178.56 W, 25, 120 MHz, 3996 MHz, 0 %, 0 %
2026/03/23 13:57:44.443, 5, 180.58 W, 27, 120 MHz, 3996 MHz, 0 %, 0 %
2026/03/23 13:57:44.443, 6, 177.30 W, 26, 120 MHz, 3996 MHz, 0 %, 0 %
2026/03/23 13:57:44.443, 7, 176.58 W, 27, 120 MHz, 3996 MHz, 0 %, 0 %
2026/03/23 13:57:45.443, 0, 716.16 W, 41, 2032 MHz, 3996 MHz, 91 %, 31 %
2026/03/23 13:57:45.443, 1, 701.45 W, 44, 2032 MHz, 3996 MHz, 50 %, 28 %
2026/03/23 13:57:45.443, 2, 728.79 W, 41, 2032 MHz, 3996 MHz, 91 %, 22 %
2026/03/23 13:57:45.443, 3, 717.21 W, 45, 2032 MHz, 3996 MHz, 44 %, 20 %
2026/03/23 13:57:45.443, 4, 178.59 W, 25, 120 MHz, 3996 MHz, 0 %, 0 %
2026/03/23 13:57:45.443, 5, 180.58 W, 27, 120 MHz, 3996 MHz, 0 %, 0 %
2026/03/23 13:57:45.443, 6, 177.20 W, 26, 120 MHz, 3996 MHz, 0 %, 0 %
2026/03/23 13:57:45.443, 7, 176.58 W, 27, 120 MHz, 3996 MHz, 0 %, 0 %
2026/03/23 13:57:46.443, 0, 731.09 W, 40, 2032 MHz, 3996 MHz, 100 %, 67 %
2026/03/23 13:57:46.443, 1, 726.69 W, 44, 2032 MHz, 3996 MHz, 100 %, 67 %
2026/03/23 13:57:46.443, 2, 724.63 W, 40, 2032 MHz, 3996 MHz, 100 %, 67 %
2026/03/23 13:57:46.443, 3, 704.64 W, 44, 2032 MHz, 3996 MHz, 95 %, 59 %
2026/03/23 13:57:46.443, 4, 178.62 W, 25, 120 MHz, 3996 MHz, 0 %, 0 %
2026/03/23 13:57:46.443, 5, 180.58 W, 27, 120 MHz, 3996 MHz, 0 %, 0 %
2026/03/23 13:57:46.443, 6, 177.15 W, 26, 120 MHz, 3996 MHz, 0 %, 0 %
2026/03/23 13:57:46.443, 7, 176.58 W, 27, 120 MHz, 3996 MHz, 0 %, 0 %
2026/03/23 13:57:47.443, 0, 710.52 W, 41, 2032 MHz, 3996 MHz, 100 %, 50 %
2026/03/23 13:57:47.443, 1, 683.95 W, 45, 2032 MHz, 3996 MHz, 82 %, 52 %
2026/03/23 13:57:47.443, 2, 734.90 W, 42, 2032 MHz, 3996 MHz, 100 %, 59 %
2026/03/23 13:57:47.443, 3, 709.30 W, 45, 2032 MHz, 3996 MHz, 100 %, 67 %
2026/03/23 13:57:47.443, 4, 178.65 W, 25, 120 MHz, 3996 MHz, 0 %, 0 %
2026/03/23 13:57:47.443, 5, 180.58 W, 27, 120 MHz, 3996 MHz, 0 %, 0 %
2026/03/23 13:57:47.443, 6, 177.36 W, 26, 120 MHz, 3996 MHz, 0 %, 0 %
2026/03/23 13:57:47.443, 7, 176.58 W, 27, 120 MHz, 3996 MHz, 0 %, 0 %
2026/03/23 13:57:48.444, 0, 705.86 W, 40, 2032 MHz, 3996 MHz, 100 %, 67 %
2026/03/23 13:57:48.444, 1, 700.95 W, 44, 2032 MHz, 3996 MHz, 100 %, 67 %
2026/03/23 13:57:48.444, 2, 705.27 W, 41, 2032 MHz, 3996 MHz, 100 %, 67 %
2026/03/23 13:57:48.444, 3, 673.79 W, 44, 2032 MHz, 3996 MHz, 100 %, 67 %
2026/03/23 13:57:48.444, 4, 178.56 W, 25, 120 MHz, 3996 MHz, 0 %, 0 %
2026/03/23 13:57:48.444, 5, 180.58 W, 27, 120 MHz, 3996 MHz, 0 %, 0 %
2026/03/23 13:57:48.444, 6, 177.37 W, 26, 120 MHz, 3996 MHz, 0 %, 0 %
2026/03/23 13:57:48.444, 7, 176.58 W, 27, 120 MHz, 3996 MHz, 0 %, 0 %
2026/03/23 13:57:49.444, 0, 630.55 W, 40, 2032 MHz, 3996 MHz, 86 %, 48 %
2026/03/23 13:57:49.444, 1, 581.89 W, 43, 2032 MHz, 3996 MHz, 70 %, 45 %
2026/03/23 13:57:49.444, 2, 655.44 W, 41, 2032 MHz, 3996 MHz, 89 %, 39 %
2026/03/23 13:57:49.444, 3, 616.84 W, 44, 2032 MHz, 3996 MHz, 44 %, 20 %
2026/03/23 13:57:49.444, 4, 178.65 W, 25, 120 MHz, 3996 MHz, 0 %, 0 %
2026/03/23 13:57:49.444, 5, 180.58 W, 27, 120 MHz, 3996 MHz, 0 %, 0 %
2026/03/23 13:57:49.444, 6, 177.18 W, 26, 120 MHz, 3996 MHz, 0 %, 0 %
2026/03/23 13:57:49.444, 7, 176.58 W, 27, 120 MHz, 3996 MHz, 0 %, 0 %
2026/03/23 13:57:50.444, 0, 603.54 W, 39, 2032 MHz, 3996 MHz, 82 %, 20 %
2026/03/23 13:57:50.444, 1, 570.69 W, 42, 2032 MHz, 3996 MHz, 40 %, 20 %
2026/03/23 13:57:50.444, 2, 608.35 W, 40, 2032 MHz, 3996 MHz, 98 %, 20 %
2026/03/23 13:57:50.444, 3, 531.86 W, 43, 2032 MHz, 3996 MHz, 54 %, 20 %
2026/03/23 13:57:50.444, 4, 178.69 W, 25, 120 MHz, 3996 MHz, 0 %, 0 %
2026/03/23 13:57:50.444, 5, 180.58 W, 27, 120 MHz, 3996 MHz, 0 %, 0 %
2026/03/23 13:57:50.444, 6, 177.58 W, 26, 120 MHz, 3996 MHz, 0 %, 0 %
2026/03/23 13:57:50.444, 7, 176.58 W, 27, 120 MHz, 3996 MHz, 0 %, 0 %
2026/03/23 13:57:51.444, 0, 631.69 W, 39, 2032 MHz, 3996 MHz, 92 %, 29 %
2026/03/23 13:57:51.444, 1, 601.86 W, 42, 2032 MHz, 3996 MHz, 50 %, 29 %
2026/03/23 13:57:51.444, 2, 660.02 W, 40, 2032 MHz, 3996 MHz, 92 %, 29 %
2026/03/23 13:57:51.444, 3, 621.47 W, 44, 2032 MHz, 3996 MHz, 61 %, 29 %
2026/03/23 13:57:51.444, 4, 178.63 W, 25, 120 MHz, 3996 MHz, 0 %, 0 %
2026/03/23 13:57:51.444, 5, 180.58 W, 27, 120 MHz, 3996 MHz, 0 %, 0 %
2026/03/23 13:57:51.444, 6, 177.30 W, 26, 120 MHz, 3996 MHz, 0 %, 0 %
2026/03/23 13:57:51.444, 7, 176.58 W, 26, 120 MHz, 3996 MHz, 0 %, 0 %
2026/03/23 13:57:52.444, 0, 615.93 W, 39, 2032 MHz, 3996 MHz, 99 %, 26 %
2026/03/23 13:57:52.444, 1, 576.94 W, 42, 2032 MHz, 3996 MHz, 51 %, 29 %
2026/03/23 13:57:52.444, 2, 626.70 W, 40, 2032 MHz, 3996 MHz, 92 %, 29 %
2026/03/23 13:57:52.444, 3, 574.37 W, 43, 2032 MHz, 3996 MHz, 54 %, 29 %
2026/03/23 13:57:52.444, 4, 178.71 W, 25, 120 MHz, 3996 MHz, 0 %, 0 %
2026/03/23 13:57:52.444, 5, 180.58 W, 27, 120 MHz, 3996 MHz, 0 %, 0 %
2026/03/23 13:57:52.444, 6, 176.89 W, 26, 120 MHz, 3996 MHz, 0 %, 0 %
2026/03/23 13:57:52.444, 7, 176.58 W, 27, 120 MHz, 3996 MHz, 0 %, 0 %
2026/03/23 13:57:53.444, 0, 638.36 W, 40, 2032 MHz, 3996 MHz, 83 %, 39 %
2026/03/23 13:57:53.444, 1, 612.04 W, 42, 2032 MHz, 3996 MHz, 61 %, 36 %
2026/03/23 13:57:53.444, 2, 645.74 W, 40, 2032 MHz, 3996 MHz, 90 %, 30 %
2026/03/23 13:57:53.444, 3, 602.60 W, 43, 2032 MHz, 3996 MHz, 42 %, 20 %
2026/03/23 13:57:53.444, 4, 178.70 W, 25, 120 MHz, 3996 MHz, 0 %, 0 %
2026/03/23 13:57:53.444, 5, 180.58 W, 27, 120 MHz, 3996 MHz, 0 %, 0 %
2026/03/23 13:57:53.444, 6, 177.61 W, 26, 120 MHz, 3996 MHz, 0 %, 0 %
2026/03/23 13:57:53.444, 7, 176.58 W, 27, 120 MHz, 3996 MHz, 0 %, 0 %
2026/03/23 13:57:54.444, 0, 645.00 W, 40, 2032 MHz, 3996 MHz, 99 %, 22 %
2026/03/23 13:57:54.444, 1, 624.00 W, 43, 2032 MHz, 3996 MHz, 52 %, 23 %
2026/03/23 13:57:54.444, 2, 672.35 W, 41, 2032 MHz, 3996 MHz, 99 %, 23 %
2026/03/23 13:57:54.444, 3, 639.36 W, 44, 2032 MHz, 3996 MHz, 52 %, 26 %
2026/03/23 13:57:54.444, 4, 178.74 W, 25, 120 MHz, 3996 MHz, 0 %, 0 %
2026/03/23 13:57:54.444, 5, 180.58 W, 27, 120 MHz, 3996 MHz, 0 %, 0 %
2026/03/23 13:57:54.444, 6, 177.37 W, 26, 120 MHz, 3996 MHz, 0 %, 0 %
2026/03/23 13:57:54.444, 7, 176.58 W, 26, 120 MHz, 3996 MHz, 0 %, 0 %
2026/03/23 13:57:55.445, 0, 627.86 W, 39, 2032 MHz, 3996 MHz, 98 %, 20 %
2026/03/23 13:57:55.445, 1, 583.15 W, 42, 2032 MHz, 3996 MHz, 37 %, 19 %
2026/03/23 13:57:55.445, 2, 635.38 W, 40, 2032 MHz, 3996 MHz, 99 %, 19 %
2026/03/23 13:57:55.445, 3, 586.11 W, 43, 2032 MHz, 3996 MHz, 53 %, 19 %
2026/03/23 13:57:55.445, 4, 178.64 W, 25, 120 MHz, 3996 MHz, 0 %, 0 %
2026/03/23 13:57:55.445, 5, 180.58 W, 27, 120 MHz, 3996 MHz, 0 %, 0 %
2026/03/23 13:57:55.445, 6, 177.45 W, 26, 120 MHz, 3996 MHz, 0 %, 0 %
2026/03/23 13:57:55.445, 7, 176.58 W, 26, 120 MHz, 3996 MHz, 0 %, 0 %
2026/03/23 13:57:56.445, 0, 647.75 W, 40, 2032 MHz, 3996 MHz, 98 %, 21 %
2026/03/23 13:57:56.445, 1, 612.27 W, 43, 2032 MHz, 3996 MHz, 44 %, 23 %
2026/03/23 13:57:56.445, 2, 660.12 W, 41, 2032 MHz, 3996 MHz, 99 %, 30 %
2026/03/23 13:57:56.445, 3, 607.24 W, 44, 2032 MHz, 3996 MHz, 75 %, 46 %
2026/03/23 13:57:56.445, 4, 178.71 W, 25, 120 MHz, 3996 MHz, 0 %, 0 %
2026/03/23 13:57:56.445, 5, 180.58 W, 27, 120 MHz, 3996 MHz, 0 %, 0 %
2026/03/23 13:57:56.445, 6, 177.22 W, 26, 120 MHz, 3996 MHz, 0 %, 0 %
2026/03/23 13:57:56.445, 7, 176.58 W, 26, 120 MHz, 3996 MHz, 0 %, 0 %
2026/03/23 13:57:57.445, 0, 643.78 W, 40, 2032 MHz, 3996 MHz, 82 %, 42 %
2026/03/23 13:57:57.445, 1, 612.66 W, 42, 2032 MHz, 3996 MHz, 64 %, 39 %
2026/03/23 13:57:57.445, 2, 663.67 W, 41, 2032 MHz, 3996 MHz, 90 %, 33 %
2026/03/23 13:57:57.445, 3, 621.90 W, 44, 2032 MHz, 3996 MHz, 39 %, 20 %
2026/03/23 13:57:57.445, 4, 178.74 W, 25, 120 MHz, 3996 MHz, 0 %, 0 %
2026/03/23 13:57:57.445, 5, 180.58 W, 27, 120 MHz, 3996 MHz, 0 %, 0 %
2026/03/23 13:57:57.445, 6, 177.40 W, 26, 120 MHz, 3996 MHz, 0 %, 0 %
2026/03/23 13:57:57.445, 7, 176.58 W, 26, 120 MHz, 3996 MHz, 0 %, 0 %
2026/03/23 13:57:58.445, 0, 682.57 W, 40, 2032 MHz, 3996 MHz, 100 %, 54 %
2026/03/23 13:57:58.445, 1, 675.29 W, 44, 2032 MHz, 3996 MHz, 100 %, 57 %
2026/03/23 13:57:58.445, 2, 692.80 W, 41, 2032 MHz, 3996 MHz, 100 %, 64 %
2026/03/23 13:57:58.445, 3, 655.25 W, 44, 2032 MHz, 3996 MHz, 100 %, 66 %
2026/03/23 13:57:58.445, 4, 178.72 W, 25, 120 MHz, 3996 MHz, 0 %, 0 %
2026/03/23 13:57:58.445, 5, 180.58 W, 27, 120 MHz, 3996 MHz, 0 %, 0 %
2026/03/23 13:57:58.445, 6, 177.07 W, 26, 120 MHz, 3996 MHz, 0 %, 0 %
2026/03/23 13:57:58.445, 7, 176.58 W, 26, 120 MHz, 3996 MHz, 0 %, 0 %
2026/03/23 13:57:59.445, 0, 616.96 W, 39, 2032 MHz, 3996 MHz, 97 %, 20 %
2026/03/23 13:57:59.445, 1, 591.19 W, 42, 2032 MHz, 3996 MHz, 44 %, 19 %
2026/03/23 13:57:59.445, 2, 627.80 W, 39, 2032 MHz, 3996 MHz, 99 %, 19 %
2026/03/23 13:57:59.445, 3, 579.82 W, 43, 2032 MHz, 3996 MHz, 36 %, 19 %
2026/03/23 13:57:59.445, 4, 178.64 W, 25, 120 MHz, 3996 MHz, 0 %, 0 %
2026/03/23 13:57:59.445, 5, 180.58 W, 27, 120 MHz, 3996 MHz, 0 %, 0 %
2026/03/23 13:57:59.445, 6, 177.37 W, 26, 120 MHz, 3996 MHz, 0 %, 0 %
2026/03/23 13:57:59.445, 7, 176.58 W, 26, 120 MHz, 3996 MHz, 0 %, 0 %
2026/03/23 13:58:00.445, 0, 775.24 W, 41, 2032 MHz, 3996 MHz, 100 %, 67 %
2026/03/23 13:58:00.445, 1, 775.92 W, 44, 2032 MHz, 3996 MHz, 100 %, 67 %
2026/03/23 13:58:00.445, 2, 785.75 W, 41, 2032 MHz, 3996 MHz, 100 %, 67 %
2026/03/23 13:58:00.445, 3, 775.30 W, 44, 2032 MHz, 3996 MHz, 100 %, 67 %
2026/03/23 13:58:00.445, 4, 178.64 W, 25, 120 MHz, 3996 MHz, 0 %, 0 %
2026/03/23 13:58:00.445, 5, 180.58 W, 27, 120 MHz, 3996 MHz, 0 %, 0 %
2026/03/23 13:58:00.445, 6, 177.11 W, 26, 120 MHz, 3996 MHz, 0 %, 0 %
2026/03/23 13:58:00.445, 7, 176.58 W, 26, 120 MHz, 3996 MHz, 0 %, 0 %
2026/03/23 13:58:01.445, 0, 693.02 W, 40, 2032 MHz, 3996 MHz, 100 %, 67 %
2026/03/23 13:58:01.445, 1, 685.54 W, 43, 2032 MHz, 3996 MHz, 58 %, 32 %
2026/03/23 13:58:01.445, 2, 705.15 W, 40, 2032 MHz, 3996 MHz, 100 %, 67 %
2026/03/23 13:58:01.445, 3, 667.18 W, 43, 2032 MHz, 3996 MHz, 88 %, 58 %
2026/03/23 13:58:01.445, 4, 178.65 W, 25, 120 MHz, 3996 MHz, 0 %, 0 %
2026/03/23 13:58:01.445, 5, 180.58 W, 27, 120 MHz, 3996 MHz, 0 %, 0 %
2026/03/23 13:58:01.445, 6, 177.19 W, 26, 120 MHz, 3996 MHz, 0 %, 0 %
2026/03/23 13:58:01.445, 7, 176.58 W, 26, 120 MHz, 3996 MHz, 0 %, 0 %
2026/03/23 13:58:02.446, 0, 772.82 W, 41, 2032 MHz, 3996 MHz, 100 %, 68 %
2026/03/23 13:58:02.446, 1, 764.68 W, 45, 2032 MHz, 3996 MHz, 100 %, 67 %
2026/03/23 13:58:02.446, 2, 797.29 W, 42, 2032 MHz, 3996 MHz, 100 %, 68 %
2026/03/23 13:58:02.446, 3, 792.64 W, 45, 2032 MHz, 3996 MHz, 100 %, 67 %
2026/03/23 13:58:02.446, 4, 178.68 W, 25, 120 MHz, 3996 MHz, 0 %, 0 %
2026/03/23 13:58:02.446, 5, 180.58 W, 27, 120 MHz, 3996 MHz, 0 %, 0 %
2026/03/23 13:58:02.446, 6, 177.39 W, 26, 120 MHz, 3996 MHz, 0 %, 0 %
2026/03/23 13:58:02.446, 7, 176.58 W, 26, 120 MHz, 3996 MHz, 0 %, 0 %
2026/03/23 13:58:03.446, 0, 787.13 W, 41, 2032 MHz, 3996 MHz, 100 %, 68 %
2026/03/23 13:58:03.446, 1, 793.29 W, 45, 2032 MHz, 3996 MHz, 100 %, 67 %
2026/03/23 13:58:03.446, 2, 798.88 W, 42, 2032 MHz, 3996 MHz, 100 %, 67 %
2026/03/23 13:58:03.446, 3, 794.51 W, 45, 2032 MHz, 3996 MHz, 100 %, 67 %
2026/03/23 13:58:03.446, 4, 178.73 W, 25, 120 MHz, 3996 MHz, 0 %, 0 %
2026/03/23 13:58:03.446, 5, 180.58 W, 27, 120 MHz, 3996 MHz, 0 %, 0 %
2026/03/23 13:58:03.446, 6, 177.27 W, 26, 120 MHz, 3996 MHz, 0 %, 0 %
2026/03/23 13:58:03.446, 7, 176.58 W, 26, 120 MHz, 3996 MHz, 0 %, 0 %
2026/03/23 13:58:04.446, 0, 786.42 W, 41, 2032 MHz, 3996 MHz, 100 %, 68 %
2026/03/23 13:58:04.446, 1, 795.73 W, 45, 2032 MHz, 3996 MHz, 100 %, 68 %
2026/03/23 13:58:04.446, 2, 797.65 W, 42, 2032 MHz, 3996 MHz, 100 %, 68 %
2026/03/23 13:58:04.446, 3, 797.16 W, 46, 2032 MHz, 3996 MHz, 100 %, 68 %
2026/03/23 13:58:04.446, 4, 178.63 W, 25, 120 MHz, 3996 MHz, 0 %, 0 %
2026/03/23 13:58:04.446, 5, 180.58 W, 27, 120 MHz, 3996 MHz, 0 %, 0 %
2026/03/23 13:58:04.446, 6, 176.95 W, 26, 120 MHz, 3996 MHz, 0 %, 0 %
2026/03/23 13:58:04.446, 7, 176.58 W, 26, 120 MHz, 3996 MHz, 0 %, 0 %
2026/03/23 13:58:05.446, 0, 786.47 W, 41, 2032 MHz, 3996 MHz, 100 %, 67 %
2026/03/23 13:58:05.446, 1, 793.20 W, 45, 2032 MHz, 3996 MHz, 100 %, 67 %
2026/03/23 13:58:05.446, 2, 799.31 W, 42, 2032 MHz, 3996 MHz, 100 %, 67 %
2026/03/23 13:58:05.446, 3, 795.50 W, 46, 2032 MHz, 3996 MHz, 100 %, 67 %
2026/03/23 13:58:05.446, 4, 178.78 W, 25, 120 MHz, 3996 MHz, 0 %, 0 %
2026/03/23 13:58:05.446, 5, 180.58 W, 27, 120 MHz, 3996 MHz, 0 %, 0 %
2026/03/23 13:58:05.446, 6, 177.37 W, 26, 120 MHz, 3996 MHz, 0 %, 0 %
2026/03/23 13:58:05.446, 7, 176.59 W, 26, 120 MHz, 3996 MHz, 0 %, 0 %
2026/03/23 13:58:06.446, 0, 785.52 W, 41, 2032 MHz, 3996 MHz, 100 %, 67 %
2026/03/23 13:58:06.446, 1, 794.22 W, 45, 2032 MHz, 3996 MHz, 100 %, 68 %
2026/03/23 13:58:06.446, 2, 797.37 W, 42, 2032 MHz, 3996 MHz, 100 %, 68 %
2026/03/23 13:58:06.446, 3, 796.30 W, 46, 2032 MHz, 3996 MHz, 100 %, 67 %
2026/03/23 13:58:06.446, 4, 178.69 W, 25, 120 MHz, 3996 MHz, 0 %, 0 %
2026/03/23 13:58:06.446, 5, 180.58 W, 27, 120 MHz, 3996 MHz, 0 %, 0 %
2026/03/23 13:58:06.446, 6, 177.48 W, 26, 120 MHz, 3996 MHz, 0 %, 0 %
2026/03/23 13:58:06.446, 7, 176.58 W, 26, 120 MHz, 3996 MHz, 0 %, 0 %
2026/03/23 13:58:07.446, 0, 785.71 W, 41, 2032 MHz, 3996 MHz, 100 %, 67 %
2026/03/23 13:58:07.446, 1, 794.60 W, 45, 2032 MHz, 3996 MHz, 100 %, 67 %
2026/03/23 13:58:07.446, 2, 797.65 W, 42, 2032 MHz, 3996 MHz, 100 %, 67 %
2026/03/23 13:58:07.446, 3, 796.15 W, 46, 2032 MHz, 3996 MHz, 100 %, 67 %
2026/03/23 13:58:07.446, 4, 178.76 W, 25, 120 MHz, 3996 MHz, 0 %, 0 %
2026/03/23 13:58:07.446, 5, 180.58 W, 27, 120 MHz, 3996 MHz, 0 %, 0 %
2026/03/23 13:58:07.446, 6, 177.30 W, 26, 120 MHz, 3996 MHz, 0 %, 0 %
2026/03/23 13:58:07.446, 7, 176.58 W, 26, 120 MHz, 3996 MHz, 0 %, 0 %
2026/03/23 13:58:08.446, 0, 786.72 W, 42, 2032 MHz, 3996 MHz, 100 %, 67 %
2026/03/23 13:58:08.446, 1, 794.04 W, 45, 2032 MHz, 3996 MHz, 100 %, 67 %
2026/03/23 13:58:08.446, 2, 799.80 W, 42, 2032 MHz, 3996 MHz, 100 %, 67 %
2026/03/23 13:58:08.446, 3, 796.52 W, 46, 2032 MHz, 3996 MHz, 100 %, 68 %
2026/03/23 13:58:08.446, 4, 178.64 W, 25, 120 MHz, 3996 MHz, 0 %, 0 %
2026/03/23 13:58:08.447, 5, 180.58 W, 27, 120 MHz, 3996 MHz, 0 %, 0 %
2026/03/23 13:58:08.447, 6, 177.20 W, 26, 120 MHz, 3996 MHz, 0 %, 0 %
2026/03/23 13:58:08.447, 7, 176.58 W, 26, 120 MHz, 3996 MHz, 0 %, 0 %
2026/03/23 13:58:09.447, 0, 788.60 W, 42, 2032 MHz, 3996 MHz, 100 %, 67 %
2026/03/23 13:58:09.447, 1, 796.88 W, 45, 2032 MHz, 3996 MHz, 100 %, 67 %
2026/03/23 13:58:09.447, 2, 801.41 W, 42, 2032 MHz, 3996 MHz, 100 %, 67 %
2026/03/23 13:58:09.447, 3, 798.61 W, 46, 2032 MHz, 3996 MHz, 100 %, 68 %
2026/03/23 13:58:09.447, 4, 178.72 W, 25, 120 MHz, 3996 MHz, 0 %, 0 %
2026/03/23 13:58:09.447, 5, 180.58 W, 27, 120 MHz, 3996 MHz, 0 %, 0 %
2026/03/23 13:58:09.447, 6, 176.99 W, 26, 120 MHz, 3996 MHz, 0 %, 0 %
2026/03/23 13:58:09.447, 7, 176.58 W, 26, 120 MHz, 3996 MHz, 0 %, 0 %
2026/03/23 13:58:10.447, 0, 784.09 W, 42, 2032 MHz, 3996 MHz, 100 %, 68 %
2026/03/23 13:58:10.447, 1, 796.99 W, 45, 2032 MHz, 3996 MHz, 100 %, 68 %
2026/03/23 13:58:10.447, 2, 789.74 W, 41, 2032 MHz, 3996 MHz, 100 %, 67 %
2026/03/23 13:58:10.447, 3, 798.80 W, 46, 2032 MHz, 3996 MHz, 100 %, 67 %
2026/03/23 13:58:10.447, 4, 178.70 W, 25, 120 MHz, 3996 MHz, 0 %, 0 %
2026/03/23 13:58:10.447, 5, 180.58 W, 27, 120 MHz, 3996 MHz, 0 %, 0 %
2026/03/23 13:58:10.447, 6, 177.23 W, 26, 120 MHz, 3996 MHz, 0 %, 0 %
2026/03/23 13:58:10.447, 7, 176.58 W, 26, 120 MHz, 3996 MHz, 0 %, 0 %
2026/03/23 13:58:11.447, 0, 704.31 W, 40, 2032 MHz, 3996 MHz, 100 %, 68 %
2026/03/23 13:58:11.447, 1, 705.89 W, 45, 2032 MHz, 3996 MHz, 87 %, 58 %
2026/03/23 13:58:11.447, 2, 720.14 W, 41, 2032 MHz, 3996 MHz, 100 %, 68 %
2026/03/23 13:58:11.447, 3, 695.92 W, 46, 2032 MHz, 3996 MHz, 100 %, 67 %
2026/03/23 13:58:11.447, 4, 178.64 W, 25, 120 MHz, 3996 MHz, 0 %, 0 %
2026/03/23 13:58:11.447, 5, 180.58 W, 27, 120 MHz, 3996 MHz, 0 %, 0 %
2026/03/23 13:58:11.447, 6, 177.12 W, 26, 120 MHz, 3996 MHz, 0 %, 0 %
2026/03/23 13:58:11.447, 7, 176.58 W, 26, 120 MHz, 3996 MHz, 0 %, 0 %
2026/03/23 13:58:12.447, 0, 735.56 W, 41, 2032 MHz, 3996 MHz, 91 %, 45 %
2026/03/23 13:58:12.447, 1, 717.90 W, 44, 2032 MHz, 3996 MHz, 44 %, 24 %
2026/03/23 13:58:12.447, 2, 757.27 W, 42, 2032 MHz, 3996 MHz, 90 %, 35 %
2026/03/23 13:58:12.447, 3, 711.38 W, 44, 2032 MHz, 3996 MHz, 39 %, 20 %
2026/03/23 13:58:12.447, 4, 178.62 W, 25, 120 MHz, 3996 MHz, 0 %, 0 %
2026/03/23 13:58:12.447, 5, 180.58 W, 27, 120 MHz, 3996 MHz, 0 %, 0 %
2026/03/23 13:58:12.447, 6, 177.42 W, 26, 120 MHz, 3996 MHz, 0 %, 0 %
2026/03/23 13:58:12.447, 7, 176.58 W, 26, 120 MHz, 3996 MHz, 0 %, 0 %
2026/03/23 13:58:13.447, 0, 718.56 W, 41, 2032 MHz, 3996 MHz, 97 %, 29 %
2026/03/23 13:58:13.447, 1, 705.30 W, 43, 2032 MHz, 3996 MHz, 61 %, 37 %
2026/03/23 13:58:13.447, 2, 731.36 W, 41, 2032 MHz, 3996 MHz, 97 %, 19 %
2026/03/23 13:58:13.447, 3, 717.82 W, 44, 2032 MHz, 3996 MHz, 100 %, 20 %
2026/03/23 13:58:13.447, 4, 178.73 W, 25, 120 MHz, 3996 MHz, 0 %, 0 %
2026/03/23 13:58:13.447, 5, 180.58 W, 27, 120 MHz, 3996 MHz, 0 %, 0 %
2026/03/23 13:58:13.447, 6, 177.46 W, 26, 120 MHz, 3996 MHz, 0 %, 0 %
2026/03/23 13:58:13.447, 7, 176.58 W, 26, 120 MHz, 3996 MHz, 0 %, 0 %
2026/03/23 13:58:14.447, 0, 669.26 W, 40, 2032 MHz, 3996 MHz, 100 %, 20 %
2026/03/23 13:58:14.447, 1, 645.29 W, 44, 2032 MHz, 3996 MHz, 76 %, 49 %
2026/03/23 13:58:14.447, 2, 677.67 W, 40, 2032 MHz, 3996 MHz, 99 %, 23 %
2026/03/23 13:58:14.447, 3, 659.79 W, 45, 2032 MHz, 3996 MHz, 94 %, 39 %
2026/03/23 13:58:14.447, 4, 178.61 W, 25, 120 MHz, 3996 MHz, 0 %, 0 %
2026/03/23 13:58:14.447, 5, 180.58 W, 27, 120 MHz, 3996 MHz, 0 %, 0 %
2026/03/23 13:58:14.447, 6, 177.26 W, 26, 120 MHz, 3996 MHz, 0 %, 0 %
2026/03/23 13:58:14.447, 7, 176.58 W, 26, 120 MHz, 3996 MHz, 0 %, 0 %
2026/03/23 13:58:15.447, 0, 693.89 W, 41, 2032 MHz, 3996 MHz, 99 %, 20 %
2026/03/23 13:58:15.447, 1, 675.12 W, 44, 2032 MHz, 3996 MHz, 100 %, 68 %
2026/03/23 13:58:15.447, 2, 710.98 W, 41, 2032 MHz, 3996 MHz, 100 %, 31 %
2026/03/23 13:58:15.447, 3, 680.53 W, 45, 2032 MHz, 3996 MHz, 73 %, 47 %
2026/03/23 13:58:15.447, 4, 178.60 W, 25, 120 MHz, 3996 MHz, 0 %, 0 %
2026/03/23 13:58:15.447, 5, 180.58 W, 27, 120 MHz, 3996 MHz, 0 %, 0 %
2026/03/23 13:58:15.447, 6, 177.24 W, 26, 120 MHz, 3996 MHz, 0 %, 0 %
2026/03/23 13:58:15.448, 7, 176.58 W, 26, 120 MHz, 3996 MHz, 0 %, 0 %
2026/03/23 13:58:16.448, 0, 690.30 W, 41, 2032 MHz, 3996 MHz, 100 %, 68 %
2026/03/23 13:58:16.448, 1, 665.73 W, 45, 2032 MHz, 3996 MHz, 100 %, 68 %
2026/03/23 13:58:16.448, 2, 712.52 W, 42, 2032 MHz, 3996 MHz, 100 %, 68 %
2026/03/23 13:58:16.448, 3, 682.37 W, 45, 2032 MHz, 3996 MHz, 100 %, 69 %
2026/03/23 13:58:16.448, 4, 178.63 W, 25, 120 MHz, 3996 MHz, 0 %, 0 %
2026/03/23 13:58:16.448, 5, 180.58 W, 27, 120 MHz, 3996 MHz, 0 %, 0 %
2026/03/23 13:58:16.448, 6, 177.37 W, 26, 120 MHz, 3996 MHz, 0 %, 0 %
2026/03/23 13:58:16.448, 7, 176.58 W, 26, 120 MHz, 3996 MHz, 0 %, 0 %
2026/03/23 13:58:17.448, 0, 644.45 W, 40, 2032 MHz, 3996 MHz, 82 %, 20 %
2026/03/23 13:58:17.448, 1, 620.72 W, 43, 2032 MHz, 3996 MHz, 67 %, 41 %
2026/03/23 13:58:17.448, 2, 651.98 W, 41, 2032 MHz, 3996 MHz, 99 %, 20 %
2026/03/23 13:58:17.448, 3, 625.62 W, 44, 2032 MHz, 3996 MHz, 66 %, 24 %
2026/03/23 13:58:17.448, 4, 178.67 W, 25, 120 MHz, 3996 MHz, 0 %, 0 %
2026/03/23 13:58:17.448, 5, 180.58 W, 27, 120 MHz, 3996 MHz, 0 %, 0 %
2026/03/23 13:58:17.448, 6, 177.57 W, 26, 120 MHz, 3996 MHz, 0 %, 0 %
2026/03/23 13:58:17.448, 7, 176.58 W, 26, 120 MHz, 3996 MHz, 0 %, 0 %
2026/03/23 13:58:18.448, 0, 653.39 W, 40, 2032 MHz, 3996 MHz, 83 %, 23 %
2026/03/23 13:58:18.448, 1, 623.96 W, 43, 2032 MHz, 3996 MHz, 51 %, 30 %
2026/03/23 13:58:18.448, 2, 666.14 W, 40, 2032 MHz, 3996 MHz, 96 %, 20 %
2026/03/23 13:58:18.448, 3, 651.21 W, 44, 2032 MHz, 3996 MHz, 39 %, 20 %
2026/03/23 13:58:18.448, 4, 178.60 W, 25, 120 MHz, 3996 MHz, 0 %, 0 %
2026/03/23 13:58:18.448, 5, 180.58 W, 27, 120 MHz, 3996 MHz, 0 %, 0 %
2026/03/23 13:58:18.448, 6, 177.29 W, 26, 120 MHz, 3996 MHz, 0 %, 0 %
2026/03/23 13:58:18.448, 7, 176.58 W, 26, 120 MHz, 3996 MHz, 0 %, 0 %
2026/03/23 13:58:19.448, 0, 631.51 W, 40, 2032 MHz, 3996 MHz, 72 %, 32 %
2026/03/23 13:58:19.448, 1, 587.90 W, 42, 2032 MHz, 3996 MHz, 62 %, 35 %
2026/03/23 13:58:19.448, 2, 651.13 W, 41, 2032 MHz, 3996 MHz, 90 %, 25 %
2026/03/23 13:58:19.448, 3, 602.29 W, 43, 2032 MHz, 3996 MHz, 38 %, 20 %
2026/03/23 13:58:19.448, 4, 178.65 W, 25, 120 MHz, 3996 MHz, 0 %, 0 %
2026/03/23 13:58:19.448, 5, 180.58 W, 27, 120 MHz, 3996 MHz, 0 %, 0 %
2026/03/23 13:58:19.448, 6, 177.57 W, 26, 120 MHz, 3996 MHz, 0 %, 0 %
2026/03/23 13:58:19.448, 7, 176.58 W, 26, 120 MHz, 3996 MHz, 0 %, 0 %
2026/03/23 13:58:20.448, 0, 688.05 W, 41, 2032 MHz, 3996 MHz, 99 %, 20 %
2026/03/23 13:58:20.448, 1, 674.70 W, 44, 2032 MHz, 3996 MHz, 98 %, 67 %
2026/03/23 13:58:20.448, 2, 699.20 W, 41, 2032 MHz, 3996 MHz, 99 %, 25 %
2026/03/23 13:58:20.448, 3, 678.32 W, 44, 2032 MHz, 3996 MHz, 81 %, 42 %
2026/03/23 13:58:20.448, 4, 178.67 W, 25, 120 MHz, 3996 MHz, 0 %, 0 %
2026/03/23 13:58:20.448, 5, 180.58 W, 27, 120 MHz, 3996 MHz, 0 %, 0 %
2026/03/23 13:58:20.448, 6, 177.14 W, 26, 120 MHz, 3996 MHz, 0 %, 0 %
2026/03/23 13:58:20.448, 7, 176.58 W, 26, 120 MHz, 3996 MHz, 0 %, 0 %
2026/03/23 13:58:21.448, 0, 617.14 W, 40, 2032 MHz, 3996 MHz, 79 %, 30 %
2026/03/23 13:58:21.448, 1, 578.64 W, 42, 2032 MHz, 3996 MHz, 44 %, 23 %
2026/03/23 13:58:21.448, 2, 643.53 W, 41, 2032 MHz, 3996 MHz, 90 %, 30 %
2026/03/23 13:58:21.448, 3, 601.96 W, 43, 2032 MHz, 3996 MHz, 56 %, 20 %
2026/03/23 13:58:21.448, 4, 178.66 W, 25, 120 MHz, 3996 MHz, 0 %, 0 %
2026/03/23 13:58:21.448, 5, 180.58 W, 27, 120 MHz, 3996 MHz, 0 %, 0 %
2026/03/23 13:58:21.448, 6, 177.34 W, 26, 120 MHz, 3996 MHz, 0 %, 0 %
2026/03/23 13:58:21.448, 7, 176.58 W, 26, 120 MHz, 3996 MHz, 0 %, 0 %
2026/03/23 13:58:22.448, 0, 660.75 W, 41, 2032 MHz, 3996 MHz, 100 %, 38 %
2026/03/23 13:58:22.448, 1, 649.02 W, 44, 2032 MHz, 3996 MHz, 100 %, 68 %
2026/03/23 13:58:22.448, 2, 683.71 W, 41, 2032 MHz, 3996 MHz, 100 %, 46 %
2026/03/23 13:58:22.448, 3, 653.89 W, 44, 2032 MHz, 3996 MHz, 94 %, 61 %
2026/03/23 13:58:22.448, 4, 178.59 W, 25, 120 MHz, 3996 MHz, 0 %, 0 %
2026/03/23 13:58:22.448, 5, 180.58 W, 27, 120 MHz, 3996 MHz, 0 %, 0 %
2026/03/23 13:58:22.448, 6, 177.23 W, 26, 120 MHz, 3996 MHz, 0 %, 0 %
2026/03/23 13:58:22.448, 7, 176.59 W, 27, 120 MHz, 3996 MHz, 0 %, 0 %
2026/03/23 13:58:23.449, 0, 704.42 W, 40, 2032 MHz, 3996 MHz, 97 %, 21 %
2026/03/23 13:58:23.449, 1, 704.59 W, 43, 2032 MHz, 3996 MHz, 77 %, 50 %
2026/03/23 13:58:23.449, 2, 707.23 W, 40, 2032 MHz, 3996 MHz, 99 %, 26 %
2026/03/23 13:58:23.449, 3, 712.05 W, 44, 2032 MHz, 3996 MHz, 85 %, 43 %
2026/03/23 13:58:23.449, 4, 178.74 W, 25, 120 MHz, 3996 MHz, 0 %, 0 %
2026/03/23 13:58:23.449, 5, 180.58 W, 27, 120 MHz, 3996 MHz, 0 %, 0 %
2026/03/23 13:58:23.449, 6, 177.34 W, 26, 120 MHz, 3996 MHz, 0 %, 0 %
2026/03/23 13:58:23.449, 7, 176.58 W, 26, 120 MHz, 3996 MHz, 0 %, 0 %
2026/03/23 13:58:24.449, 0, 620.40 W, 40, 2032 MHz, 3996 MHz, 76 %, 20 %
2026/03/23 13:58:24.449, 1, 582.70 W, 43, 2032 MHz, 3996 MHz, 85 %, 56 %
2026/03/23 13:58:24.449, 2, 641.75 W, 40, 2032 MHz, 3996 MHz, 99 %, 20 %
2026/03/23 13:58:24.449, 3, 591.05 W, 44, 2032 MHz, 3996 MHz, 66 %, 30 %
2026/03/23 13:58:24.449, 4, 178.70 W, 25, 120 MHz, 3996 MHz, 0 %, 0 %
2026/03/23 13:58:24.449, 5, 180.58 W, 27, 120 MHz, 3996 MHz, 0 %, 0 %
2026/03/23 13:58:24.449, 6, 177.35 W, 26, 120 MHz, 3996 MHz, 0 %, 0 %
2026/03/23 13:58:24.449, 7, 176.58 W, 27, 120 MHz, 3996 MHz, 0 %, 0 %
2026/03/23 13:58:25.449, 0, 647.72 W, 40, 2032 MHz, 3996 MHz, 99 %, 20 %
2026/03/23 13:58:25.449, 1, 609.32 W, 43, 2032 MHz, 3996 MHz, 77 %, 50 %
2026/03/23 13:58:25.449, 2, 661.38 W, 40, 2032 MHz, 3996 MHz, 99 %, 20 %
2026/03/23 13:58:25.449, 3, 637.10 W, 44, 2032 MHz, 3996 MHz, 99 %, 26 %
2026/03/23 13:58:25.449, 4, 178.62 W, 25, 120 MHz, 3996 MHz, 0 %, 0 %
2026/03/23 13:58:25.449, 5, 180.58 W, 27, 120 MHz, 3996 MHz, 0 %, 0 %
2026/03/23 13:58:25.449, 6, 177.41 W, 26, 120 MHz, 3996 MHz, 0 %, 0 %
2026/03/23 13:58:25.449, 7, 176.58 W, 27, 120 MHz, 3996 MHz, 0 %, 0 %
2026/03/23 13:58:26.449, 0, 694.20 W, 41, 2032 MHz, 3996 MHz, 100 %, 67 %
2026/03/23 13:58:26.449, 1, 675.20 W, 44, 2032 MHz, 3996 MHz, 100 %, 68 %
2026/03/23 13:58:26.449, 2, 723.38 W, 41, 2032 MHz, 3996 MHz, 100 %, 68 %
2026/03/23 13:58:26.449, 3, 667.77 W, 45, 2032 MHz, 3996 MHz, 100 %, 68 %
2026/03/23 13:58:26.449, 4, 178.59 W, 25, 120 MHz, 3996 MHz, 0 %, 0 %
2026/03/23 13:58:26.449, 5, 180.58 W, 27, 120 MHz, 3996 MHz, 0 %, 0 %
2026/03/23 13:58:26.449, 6, 177.41 W, 26, 120 MHz, 3996 MHz, 0 %, 0 %
2026/03/23 13:58:26.449, 7, 176.58 W, 27, 120 MHz, 3996 MHz, 0 %, 0 %
2026/03/23 13:58:27.449, 0, 751.77 W, 41, 2032 MHz, 3996 MHz, 100 %, 68 %
2026/03/23 13:58:27.449, 1, 749.08 W, 44, 2032 MHz, 3996 MHz, 100 %, 67 %
2026/03/23 13:58:27.449, 2, 764.33 W, 42, 2032 MHz, 3996 MHz, 100 %, 68 %
2026/03/23 13:58:27.449, 3, 749.57 W, 45, 2032 MHz, 3996 MHz, 100 %, 68 %
2026/03/23 13:58:27.449, 4, 178.59 W, 25, 120 MHz, 3996 MHz, 0 %, 0 %
2026/03/23 13:58:27.449, 5, 180.58 W, 27, 120 MHz, 3996 MHz, 0 %, 0 %
2026/03/23 13:58:27.449, 6, 177.40 W, 26, 120 MHz, 3996 MHz, 0 %, 0 %
2026/03/23 13:58:27.449, 7, 176.58 W, 27, 120 MHz, 3996 MHz, 0 %, 0 %
2026/03/23 13:58:28.449, 0, 681.38 W, 41, 2032 MHz, 3996 MHz, 100 %, 32 %
2026/03/23 13:58:28.449, 1, 660.46 W, 44, 2032 MHz, 3996 MHz, 100 %, 68 %
2026/03/23 13:58:28.449, 2, 696.66 W, 41, 2032 MHz, 3996 MHz, 100 %, 43 %
2026/03/23 13:58:28.449, 3, 666.78 W, 44, 2032 MHz, 3996 MHz, 89 %, 59 %
2026/03/23 13:58:28.449, 4, 178.66 W, 25, 120 MHz, 3996 MHz, 0 %, 0 %
2026/03/23 13:58:28.449, 5, 180.58 W, 27, 120 MHz, 3996 MHz, 0 %, 0 %
2026/03/23 13:58:28.449, 6, 177.34 W, 26, 120 MHz, 3996 MHz, 0 %, 0 %
2026/03/23 13:58:28.449, 7, 176.58 W, 27, 120 MHz, 3996 MHz, 0 %, 0 %
2026/03/23 13:58:29.449, 0, 787.44 W, 41, 2032 MHz, 3996 MHz, 100 %, 68 %
2026/03/23 13:58:29.449, 1, 794.86 W, 45, 2032 MHz, 3996 MHz, 100 %, 68 %
2026/03/23 13:58:29.449, 2, 800.04 W, 42, 2032 MHz, 3996 MHz, 100 %, 68 %
2026/03/23 13:58:29.449, 3, 797.29 W, 46, 2032 MHz, 3996 MHz, 100 %, 68 %
2026/03/23 13:58:29.449, 4, 178.72 W, 25, 120 MHz, 3996 MHz, 0 %, 0 %
2026/03/23 13:58:29.449, 5, 180.58 W, 27, 120 MHz, 3996 MHz, 0 %, 0 %
2026/03/23 13:58:29.449, 6, 177.20 W, 26, 120 MHz, 3996 MHz, 0 %, 0 %
2026/03/23 13:58:29.449, 7, 176.58 W, 27, 120 MHz, 3996 MHz, 0 %, 0 %
2026/03/23 13:58:30.450, 0, 754.05 W, 41, 2032 MHz, 3996 MHz, 100 %, 68 %
2026/03/23 13:58:30.450, 1, 761.95 W, 45, 2032 MHz, 3996 MHz, 100 %, 68 %
2026/03/23 13:58:30.450, 2, 769.92 W, 42, 2032 MHz, 3996 MHz, 100 %, 68 %
2026/03/23 13:58:30.450, 3, 752.22 W, 45, 2032 MHz, 3996 MHz, 100 %, 68 %
2026/03/23 13:58:30.450, 4, 178.60 W, 25, 120 MHz, 3996 MHz, 0 %, 0 %
2026/03/23 13:58:30.450, 5, 180.58 W, 27, 120 MHz, 3996 MHz, 0 %, 0 %
2026/03/23 13:58:30.450, 6, 177.22 W, 26, 120 MHz, 3996 MHz, 0 %, 0 %
2026/03/23 13:58:30.450, 7, 176.58 W, 27, 120 MHz, 3996 MHz, 0 %, 0 %
2026/03/23 13:58:31.450, 0, 788.88 W, 42, 2032 MHz, 3996 MHz, 100 %, 68 %
2026/03/23 13:58:31.450, 1, 797.42 W, 45, 2032 MHz, 3996 MHz, 100 %, 68 %
2026/03/23 13:58:31.450, 2, 802.78 W, 42, 2032 MHz, 3996 MHz, 100 %, 68 %
2026/03/23 13:58:31.450, 3, 799.38 W, 46, 2032 MHz, 3996 MHz, 100 %, 68 %
2026/03/23 13:58:31.450, 4, 178.71 W, 25, 120 MHz, 3996 MHz, 0 %, 0 %
2026/03/23 13:58:31.450, 5, 180.58 W, 27, 120 MHz, 3996 MHz, 0 %, 0 %
2026/03/23 13:58:31.450, 6, 177.27 W, 26, 120 MHz, 3996 MHz, 0 %, 0 %
2026/03/23 13:58:31.450, 7, 176.58 W, 27, 120 MHz, 3996 MHz, 0 %, 0 %
2026/03/23 13:58:32.450, 0, 792.49 W, 42, 2032 MHz, 3996 MHz, 100 %, 68 %
2026/03/23 13:58:32.450, 1, 799.64 W, 45, 2032 MHz, 3996 MHz, 100 %, 68 %
2026/03/23 13:58:32.450, 2, 802.98 W, 42, 2032 MHz, 3996 MHz, 100 %, 68 %
2026/03/23 13:58:32.450, 3, 800.96 W, 46, 2032 MHz, 3996 MHz, 100 %, 68 %
2026/03/23 13:58:32.450, 4, 178.66 W, 25, 120 MHz, 3996 MHz, 0 %, 0 %
2026/03/23 13:58:32.450, 5, 180.58 W, 27, 120 MHz, 3996 MHz, 0 %, 0 %
2026/03/23 13:58:32.450, 6, 177.43 W, 26, 120 MHz, 3996 MHz, 0 %, 0 %
2026/03/23 13:58:32.450, 7, 176.58 W, 27, 120 MHz, 3996 MHz, 0 %, 0 %
2026/03/23 13:58:33.450, 0, 789.97 W, 42, 2032 MHz, 3996 MHz, 100 %, 67 %
2026/03/23 13:58:33.450, 1, 797.46 W, 45, 2032 MHz, 3996 MHz, 100 %, 68 %
2026/03/23 13:58:33.450, 2, 801.50 W, 42, 2032 MHz, 3996 MHz, 100 %, 67 %
2026/03/23 13:58:33.450, 3, 798.75 W, 46, 2032 MHz, 3996 MHz, 100 %, 68 %
2026/03/23 13:58:33.450, 4, 178.63 W, 25, 120 MHz, 3996 MHz, 0 %, 0 %
2026/03/23 13:58:33.450, 5, 180.58 W, 27, 120 MHz, 3996 MHz, 0 %, 0 %
2026/03/23 13:58:33.450, 6, 177.34 W, 26, 120 MHz, 3996 MHz, 0 %, 0 %
2026/03/23 13:58:33.450, 7, 176.58 W, 26, 120 MHz, 3996 MHz, 0 %, 0 %
2026/03/23 13:58:34.450, 0, 789.34 W, 42, 2032 MHz, 3996 MHz, 100 %, 68 %
2026/03/23 13:58:34.450, 1, 797.09 W, 45, 2032 MHz, 3996 MHz, 100 %, 68 %
2026/03/23 13:58:34.450, 2, 800.73 W, 42, 2032 MHz, 3996 MHz, 100 %, 68 %
2026/03/23 13:58:34.450, 3, 798.39 W, 46, 2032 MHz, 3996 MHz, 100 %, 68 %
2026/03/23 13:58:34.450, 4, 178.65 W, 25, 120 MHz, 3996 MHz, 0 %, 0 %
2026/03/23 13:58:34.450, 5, 180.58 W, 27, 120 MHz, 3996 MHz, 0 %, 0 %
2026/03/23 13:58:34.450, 6, 177.30 W, 26, 120 MHz, 3996 MHz, 0 %, 0 %
2026/03/23 13:58:34.450, 7, 176.58 W, 27, 120 MHz, 3996 MHz, 0 %, 0 %
2026/03/23 13:58:35.450, 0, 788.55 W, 42, 2032 MHz, 3996 MHz, 100 %, 68 %
2026/03/23 13:58:35.450, 1, 798.76 W, 45, 2032 MHz, 3996 MHz, 100 %, 68 %
2026/03/23 13:58:35.450, 2, 801.79 W, 42, 2032 MHz, 3996 MHz, 100 %, 68 %
2026/03/23 13:58:35.450, 3, 800.91 W, 46, 2032 MHz, 3996 MHz, 100 %, 67 %
2026/03/23 13:58:35.450, 4, 178.85 W, 25, 120 MHz, 3996 MHz, 0 %, 0 %
2026/03/23 13:58:35.450, 5, 180.58 W, 27, 120 MHz, 3996 MHz, 0 %, 0 %
2026/03/23 13:58:35.450, 6, 177.33 W, 26, 120 MHz, 3996 MHz, 0 %, 0 %
2026/03/23 13:58:35.450, 7, 176.58 W, 27, 120 MHz, 3996 MHz, 0 %, 0 %
2026/03/23 13:58:36.450, 0, 791.28 W, 42, 2032 MHz, 3996 MHz, 100 %, 68 %
2026/03/23 13:58:36.450, 1, 799.05 W, 46, 2032 MHz, 3996 MHz, 100 %, 68 %
2026/03/23 13:58:36.450, 2, 804.33 W, 42, 2032 MHz, 3996 MHz, 100 %, 68 %
2026/03/23 13:58:36.450, 3, 801.98 W, 46, 2032 MHz, 3996 MHz, 100 %, 68 %
2026/03/23 13:58:36.450, 4, 178.62 W, 25, 120 MHz, 3996 MHz, 0 %, 0 %
2026/03/23 13:58:36.450, 5, 180.58 W, 27, 120 MHz, 3996 MHz, 0 %, 0 %
2026/03/23 13:58:36.450, 6, 177.03 W, 26, 120 MHz, 3996 MHz, 0 %, 0 %
2026/03/23 13:58:36.450, 7, 176.58 W, 26, 120 MHz, 3996 MHz, 0 %, 0 %
2026/03/23 13:58:37.451, 0, 772.00 W, 41, 2032 MHz, 3996 MHz, 100 %, 68 %
2026/03/23 13:58:37.451, 1, 781.77 W, 45, 2032 MHz, 3996 MHz, 98 %, 39 %
2026/03/23 13:58:37.451, 2, 773.47 W, 41, 2032 MHz, 3996 MHz, 100 %, 68 %
2026/03/23 13:58:37.451, 3, 780.53 W, 45, 2032 MHz, 3996 MHz, 97 %, 66 %
2026/03/23 13:58:37.451, 4, 178.75 W, 25, 120 MHz, 3996 MHz, 0 %, 0 %
2026/03/23 13:58:37.451, 5, 180.58 W, 27, 120 MHz, 3996 MHz, 0 %, 0 %
2026/03/23 13:58:37.451, 6, 177.23 W, 26, 120 MHz, 3996 MHz, 0 %, 0 %
2026/03/23 13:58:37.451, 7, 176.58 W, 26, 120 MHz, 3996 MHz, 0 %, 0 %
2026/03/23 13:58:38.451, 0, 780.16 W, 42, 2032 MHz, 3996 MHz, 100 %, 68 %
2026/03/23 13:58:38.451, 1, 785.19 W, 46, 2032 MHz, 3996 MHz, 100 %, 68 %
2026/03/23 13:58:38.451, 2, 803.78 W, 42, 2032 MHz, 3996 MHz, 100 %, 68 %
2026/03/23 13:58:38.451, 3, 777.29 W, 46, 2032 MHz, 3996 MHz, 100 %, 68 %
2026/03/23 13:58:38.451, 4, 178.71 W, 25, 120 MHz, 3996 MHz, 0 %, 0 %
2026/03/23 13:58:38.451, 5, 180.58 W, 27, 120 MHz, 3996 MHz, 0 %, 0 %
2026/03/23 13:58:38.451, 6, 177.20 W, 26, 120 MHz, 3996 MHz, 0 %, 0 %
2026/03/23 13:58:38.451, 7, 176.58 W, 26, 120 MHz, 3996 MHz, 0 %, 0 %
2026/03/23 13:58:39.451, 0, 696.29 W, 41, 2032 MHz, 3996 MHz, 100 %, 68 %
2026/03/23 13:58:39.451, 1, 673.92 W, 44, 2032 MHz, 3996 MHz, 54 %, 31 %
2026/03/23 13:58:39.451, 2, 695.40 W, 41, 2032 MHz, 3996 MHz, 100 %, 68 %
2026/03/23 13:58:39.451, 3, 691.30 W, 45, 2032 MHz, 3996 MHz, 85 %, 57 %
2026/03/23 13:58:39.451, 4, 178.54 W, 25, 120 MHz, 3996 MHz, 0 %, 0 %
2026/03/23 13:58:39.451, 5, 180.58 W, 27, 120 MHz, 3996 MHz, 0 %, 0 %
2026/03/23 13:58:39.451, 6, 177.22 W, 26, 120 MHz, 3996 MHz, 0 %, 0 %
2026/03/23 13:58:39.451, 7, 176.58 W, 26, 120 MHz, 3996 MHz, 0 %, 0 %
2026/03/23 13:58:40.451, 0, 648.17 W, 40, 2032 MHz, 3996 MHz, 96 %, 50 %
2026/03/23 13:58:40.451, 1, 605.09 W, 43, 2032 MHz, 3996 MHz, 39 %, 19 %
2026/03/23 13:58:40.451, 2, 673.37 W, 41, 2032 MHz, 3996 MHz, 91 %, 48 %
2026/03/23 13:58:40.451, 3, 614.84 W, 44, 2032 MHz, 3996 MHz, 63 %, 39 %
2026/03/23 13:58:40.451, 4, 178.67 W, 25, 120 MHz, 3996 MHz, 0 %, 0 %
2026/03/23 13:58:40.451, 5, 180.58 W, 27, 120 MHz, 3996 MHz, 0 %, 0 %
2026/03/23 13:58:40.451, 6, 177.40 W, 26, 120 MHz, 3996 MHz, 0 %, 0 %
2026/03/23 13:58:40.451, 7, 176.58 W, 26, 120 MHz, 3996 MHz, 0 %, 0 %
2026/03/23 13:58:41.451, 0, 682.96 W, 40, 2032 MHz, 3996 MHz, 100 %, 49 %
2026/03/23 13:58:41.451, 1, 655.48 W, 43, 2032 MHz, 3996 MHz, 37 %, 19 %
2026/03/23 13:58:41.451, 2, 698.40 W, 40, 2032 MHz, 3996 MHz, 94 %, 50 %
2026/03/23 13:58:41.451, 3, 671.58 W, 44, 2032 MHz, 3996 MHz, 72 %, 46 %
2026/03/23 13:58:41.451, 4, 178.62 W, 25, 120 MHz, 3996 MHz, 0 %, 0 %
2026/03/23 13:58:41.451, 5, 180.58 W, 27, 120 MHz, 3996 MHz, 0 %, 0 %
2026/03/23 13:58:41.451, 6, 177.69 W, 26, 120 MHz, 3996 MHz, 0 %, 0 %
2026/03/23 13:58:41.451, 7, 176.58 W, 26, 120 MHz, 3996 MHz, 0 %, 0 %
2026/03/23 13:58:42.451, 0, 652.54 W, 40, 2032 MHz, 3996 MHz, 97 %, 20 %
2026/03/23 13:58:42.451, 1, 627.53 W, 43, 2032 MHz, 3996 MHz, 51 %, 26 %
2026/03/23 13:58:42.451, 2, 666.69 W, 40, 2032 MHz, 3996 MHz, 99 %, 30 %
2026/03/23 13:58:42.451, 3, 620.11 W, 43, 2032 MHz, 3996 MHz, 50 %, 29 %
2026/03/23 13:58:42.451, 4, 178.63 W, 25, 120 MHz, 3996 MHz, 0 %, 0 %
2026/03/23 13:58:42.451, 5, 180.58 W, 27, 120 MHz, 3996 MHz, 0 %, 0 %
2026/03/23 13:58:42.451, 6, 177.11 W, 26, 120 MHz, 3996 MHz, 0 %, 0 %
2026/03/23 13:58:42.451, 7, 176.59 W, 26, 120 MHz, 3996 MHz, 0 %, 0 %
2026/03/23 13:58:43.451, 0, 679.32 W, 41, 2032 MHz, 3996 MHz, 100 %, 68 %
2026/03/23 13:58:43.451, 1, 664.28 W, 44, 2032 MHz, 3996 MHz, 100 %, 68 %
2026/03/23 13:58:43.451, 2, 704.65 W, 42, 2032 MHz, 3996 MHz, 100 %, 68 %
2026/03/23 13:58:43.451, 3, 650.58 W, 45, 2032 MHz, 3996 MHz, 100 %, 68 %
2026/03/23 13:58:43.451, 4, 178.67 W, 25, 120 MHz, 3996 MHz, 0 %, 0 %
2026/03/23 13:58:43.451, 5, 180.58 W, 27, 120 MHz, 3996 MHz, 0 %, 0 %
2026/03/23 13:58:43.451, 6, 177.29 W, 26, 120 MHz, 3996 MHz, 0 %, 0 %
2026/03/23 13:58:43.451, 7, 176.58 W, 26, 120 MHz, 3996 MHz, 0 %, 0 %
2026/03/23 13:58:44.452, 0, 688.45 W, 40, 2032 MHz, 3996 MHz, 100 %, 68 %
2026/03/23 13:58:44.452, 1, 683.06 W, 44, 2032 MHz, 3996 MHz, 75 %, 48 %
2026/03/23 13:58:44.452, 2, 699.48 W, 41, 2032 MHz, 3996 MHz, 100 %, 68 %
2026/03/23 13:58:44.452, 3, 683.03 W, 45, 2032 MHz, 3996 MHz, 100 %, 68 %
2026/03/23 13:58:44.452, 4, 178.58 W, 25, 120 MHz, 3996 MHz, 0 %, 0 %
2026/03/23 13:58:44.452, 5, 180.58 W, 27, 120 MHz, 3996 MHz, 0 %, 0 %
2026/03/23 13:58:44.452, 6, 177.12 W, 26, 120 MHz, 3996 MHz, 0 %, 0 %
2026/03/23 13:58:44.452, 7, 176.58 W, 26, 120 MHz, 3996 MHz, 0 %, 0 %
2026/03/23 13:58:45.452, 0, 583.36 W, 39, 2032 MHz, 3996 MHz, 99 %, 19 %
2026/03/23 13:58:45.452, 1, 552.83 W, 42, 2032 MHz, 3996 MHz, 98 %, 19 %
2026/03/23 13:58:45.452, 2, 604.75 W, 40, 2032 MHz, 3996 MHz, 98 %, 19 %
2026/03/23 13:58:45.452, 3, 561.14 W, 42, 2032 MHz, 3996 MHz, 38 %, 20 %
2026/03/23 13:58:45.452, 4, 178.61 W, 25, 120 MHz, 3996 MHz, 0 %, 0 %
2026/03/23 13:58:45.452, 5, 180.58 W, 27, 120 MHz, 3996 MHz, 0 %, 0 %
2026/03/23 13:58:45.452, 6, 177.26 W, 26, 120 MHz, 3996 MHz, 0 %, 0 %
2026/03/23 13:58:45.452, 7, 176.55 W, 26, 120 MHz, 3996 MHz, 0 %, 0 %
2026/03/23 13:58:46.452, 0, 668.38 W, 40, 2032 MHz, 3996 MHz, 100 %, 67 %
2026/03/23 13:58:46.452, 1, 656.79 W, 43, 2032 MHz, 3996 MHz, 65 %, 40 %
2026/03/23 13:58:46.452, 2, 692.13 W, 40, 2032 MHz, 3996 MHz, 92 %, 34 %
2026/03/23 13:58:46.452, 3, 657.55 W, 44, 2032 MHz, 3996 MHz, 99 %, 67 %
2026/03/23 13:58:46.452, 4, 178.65 W, 25, 120 MHz, 3996 MHz, 0 %, 0 %
2026/03/23 13:58:46.452, 5, 180.58 W, 27, 120 MHz, 3996 MHz, 0 %, 0 %
2026/03/23 13:58:46.452, 6, 177.36 W, 26, 120 MHz, 3996 MHz, 0 %, 0 %
2026/03/23 13:58:46.452, 7, 176.58 W, 26, 120 MHz, 3996 MHz, 0 %, 0 %
2026/03/23 13:58:47.452, 0, 636.53 W, 39, 2032 MHz, 3996 MHz, 99 %, 26 %
2026/03/23 13:58:47.452, 1, 606.54 W, 43, 2032 MHz, 3996 MHz, 53 %, 31 %
2026/03/23 13:58:47.452, 2, 661.58 W, 40, 2032 MHz, 3996 MHz, 90 %, 25 %
2026/03/23 13:58:47.452, 3, 624.58 W, 43, 2032 MHz, 3996 MHz, 87 %, 40 %
2026/03/23 13:58:47.452, 4, 178.53 W, 25, 120 MHz, 3996 MHz, 0 %, 0 %
2026/03/23 13:58:47.452, 5, 180.58 W, 27, 120 MHz, 3996 MHz, 0 %, 0 %
2026/03/23 13:58:47.452, 6, 177.29 W, 26, 120 MHz, 3996 MHz, 0 %, 0 %
2026/03/23 13:58:47.452, 7, 176.58 W, 26, 120 MHz, 3996 MHz, 0 %, 0 %
2026/03/23 13:58:48.452, 0, 674.26 W, 39, 2032 MHz, 3996 MHz, 100 %, 69 %
2026/03/23 13:58:48.452, 1, 659.08 W, 43, 2032 MHz, 3996 MHz, 59 %, 27 %
2026/03/23 13:58:48.452, 2, 700.51 W, 40, 2032 MHz, 3996 MHz, 92 %, 19 %
2026/03/23 13:58:48.452, 3, 663.69 W, 44, 2032 MHz, 3996 MHz, 82 %, 54 %
2026/03/23 13:58:48.452, 4, 178.66 W, 25, 120 MHz, 3996 MHz, 0 %, 0 %
2026/03/23 13:58:48.452, 5, 180.58 W, 27, 120 MHz, 3996 MHz, 0 %, 0 %
2026/03/23 13:58:48.452, 6, 177.08 W, 26, 120 MHz, 3996 MHz, 0 %, 0 %
2026/03/23 13:58:48.452, 7, 176.58 W, 26, 120 MHz, 3996 MHz, 0 %, 0 %
2026/03/23 13:58:49.452, 0, 651.83 W, 40, 2032 MHz, 3996 MHz, 100 %, 35 %
2026/03/23 13:58:49.452, 1, 634.77 W, 44, 2032 MHz, 3996 MHz, 100 %, 68 %
2026/03/23 13:58:49.452, 2, 672.09 W, 41, 2032 MHz, 3996 MHz, 100 %, 68 %
2026/03/23 13:58:49.452, 3, 619.30 W, 44, 2032 MHz, 3996 MHz, 100 %, 60 %
2026/03/23 13:58:49.452, 4, 178.74 W, 25, 120 MHz, 3996 MHz, 0 %, 0 %
2026/03/23 13:58:49.452, 5, 180.58 W, 27, 120 MHz, 3996 MHz, 0 %, 0 %
2026/03/23 13:58:49.452, 6, 177.68 W, 26, 120 MHz, 3996 MHz, 0 %, 0 %
2026/03/23 13:58:49.452, 7, 176.58 W, 26, 120 MHz, 3996 MHz, 0 %, 0 %
2026/03/23 13:58:50.452, 0, 676.85 W, 41, 2032 MHz, 3996 MHz, 100 %, 63 %
2026/03/23 13:58:50.452, 1, 668.48 W, 44, 2032 MHz, 3996 MHz, 100 %, 68 %
2026/03/23 13:58:50.452, 2, 681.94 W, 40, 2032 MHz, 3996 MHz, 100 %, 68 %
2026/03/23 13:58:50.452, 3, 672.79 W, 44, 2032 MHz, 3996 MHz, 100 %, 69 %
2026/03/23 13:58:50.452, 4, 178.62 W, 25, 120 MHz, 3996 MHz, 0 %, 0 %
2026/03/23 13:58:50.452, 5, 180.58 W, 27, 120 MHz, 3996 MHz, 0 %, 0 %
2026/03/23 13:58:50.452, 6, 177.12 W, 26, 120 MHz, 3996 MHz, 0 %, 0 %
2026/03/23 13:58:50.452, 7, 176.58 W, 26, 120 MHz, 3996 MHz, 0 %, 0 %
2026/03/23 13:58:51.453, 0, 632.94 W, 40, 2032 MHz, 3996 MHz, 100 %, 46 %
2026/03/23 13:58:51.453, 1, 611.80 W, 44, 2032 MHz, 3996 MHz, 94 %, 64 %
2026/03/23 13:58:51.453, 2, 659.09 W, 40, 2032 MHz, 3996 MHz, 93 %, 58 %
2026/03/23 13:58:51.453, 3, 624.48 W, 45, 2032 MHz, 3996 MHz, 100 %, 69 %
2026/03/23 13:58:51.453, 4, 178.74 W, 25, 120 MHz, 3996 MHz, 0 %, 0 %
2026/03/23 13:58:51.453, 5, 180.58 W, 27, 120 MHz, 3996 MHz, 0 %, 0 %
2026/03/23 13:58:51.453, 6, 177.37 W, 26, 120 MHz, 3996 MHz, 0 %, 0 %
2026/03/23 13:58:51.453, 7, 176.58 W, 26, 120 MHz, 3996 MHz, 0 %, 0 %
2026/03/23 13:58:52.453, 0, 666.02 W, 40, 2032 MHz, 3996 MHz, 72 %, 22 %
2026/03/23 13:58:52.453, 1, 637.09 W, 43, 2032 MHz, 3996 MHz, 73 %, 47 %
2026/03/23 13:58:52.453, 2, 688.95 W, 41, 2032 MHz, 3996 MHz, 100 %, 53 %
2026/03/23 13:58:52.453, 3, 633.16 W, 44, 2032 MHz, 3996 MHz, 65 %, 21 %
2026/03/23 13:58:52.453, 4, 178.73 W, 25, 120 MHz, 3996 MHz, 0 %, 0 %
2026/03/23 13:58:52.453, 5, 180.58 W, 27, 120 MHz, 3996 MHz, 0 %, 0 %
2026/03/23 13:58:52.453, 6, 177.42 W, 26, 120 MHz, 3996 MHz, 0 %, 0 %
2026/03/23 13:58:52.453, 7, 176.58 W, 26, 120 MHz, 3996 MHz, 0 %, 0 %
2026/03/23 13:58:53.453, 0, 642.66 W, 40, 2032 MHz, 3996 MHz, 70 %, 28 %
2026/03/23 13:58:53.453, 1, 637.15 W, 43, 2032 MHz, 3996 MHz, 70 %, 42 %
2026/03/23 13:58:53.453, 2, 658.71 W, 41, 2032 MHz, 3996 MHz, 100 %, 48 %
2026/03/23 13:58:53.453, 3, 638.35 W, 43, 2032 MHz, 3996 MHz, 40 %, 21 %
2026/03/23 13:58:53.453, 4, 178.71 W, 25, 120 MHz, 3996 MHz, 0 %, 0 %
2026/03/23 13:58:53.453, 5, 180.58 W, 27, 120 MHz, 3996 MHz, 0 %, 0 %
2026/03/23 13:58:53.453, 6, 177.38 W, 26, 120 MHz, 3996 MHz, 0 %, 0 %
2026/03/23 13:58:53.453, 7, 176.58 W, 26, 120 MHz, 3996 MHz, 0 %, 0 %
2026/03/23 13:58:54.453, 0, 719.37 W, 40, 2032 MHz, 3996 MHz, 73 %, 23 %
2026/03/23 13:58:54.453, 1, 707.05 W, 44, 2032 MHz, 3996 MHz, 68 %, 43 %
2026/03/23 13:58:54.453, 2, 741.52 W, 41, 2032 MHz, 3996 MHz, 100 %, 49 %
2026/03/23 13:58:54.453, 3, 710.15 W, 44, 2032 MHz, 3996 MHz, 43 %, 21 %
2026/03/23 13:58:54.453, 4, 178.66 W, 25, 120 MHz, 3996 MHz, 0 %, 0 %
2026/03/23 13:58:54.453, 5, 180.58 W, 27, 120 MHz, 3996 MHz, 0 %, 0 %
2026/03/23 13:58:54.453, 6, 177.46 W, 26, 120 MHz, 3996 MHz, 0 %, 0 %
2026/03/23 13:58:54.453, 7, 176.58 W, 26, 120 MHz, 3996 MHz, 0 %, 0 %
2026/03/23 13:58:55.453, 0, 707.41 W, 40, 2032 MHz, 3996 MHz, 89 %, 59 %
2026/03/23 13:58:55.453, 1, 709.22 W, 43, 2032 MHz, 3996 MHz, 65 %, 19 %
2026/03/23 13:58:55.453, 2, 721.46 W, 41, 2032 MHz, 3996 MHz, 99 %, 19 %
2026/03/23 13:58:55.453, 3, 704.50 W, 44, 2032 MHz, 3996 MHz, 54 %, 32 %
2026/03/23 13:58:55.453, 4, 178.64 W, 25, 120 MHz, 3996 MHz, 0 %, 0 %
2026/03/23 13:58:55.453, 5, 180.58 W, 27, 120 MHz, 3996 MHz, 0 %, 0 %
2026/03/23 13:58:55.453, 6, 177.35 W, 26, 120 MHz, 3996 MHz, 0 %, 0 %
2026/03/23 13:58:55.453, 7, 176.58 W, 26, 120 MHz, 3996 MHz, 0 %, 0 %
2026/03/23 13:58:56.453, 0, 754.35 W, 41, 2032 MHz, 3996 MHz, 100 %, 69 %
2026/03/23 13:58:56.453, 1, 749.85 W, 45, 2032 MHz, 3996 MHz, 100 %, 68 %
2026/03/23 13:58:56.453, 2, 783.80 W, 42, 2032 MHz, 3996 MHz, 100 %, 68 %
2026/03/23 13:58:56.453, 3, 753.62 W, 45, 2032 MHz, 3996 MHz, 100 %, 68 %
2026/03/23 13:58:56.453, 4, 178.74 W, 25, 120 MHz, 3996 MHz, 0 %, 0 %
2026/03/23 13:58:56.453, 5, 180.58 W, 27, 120 MHz, 3996 MHz, 0 %, 0 %
2026/03/23 13:58:56.453, 6, 177.54 W, 26, 120 MHz, 3996 MHz, 0 %, 0 %
2026/03/23 13:58:56.453, 7, 176.58 W, 26, 120 MHz, 3996 MHz, 0 %, 0 %
2026/03/23 13:58:57.453, 0, 715.61 W, 41, 2032 MHz, 3996 MHz, 100 %, 50 %
2026/03/23 13:58:57.453, 1, 709.98 W, 44, 2032 MHz, 3996 MHz, 100 %, 69 %
2026/03/23 13:58:57.453, 2, 734.18 W, 42, 2032 MHz, 3996 MHz, 100 %, 68 %
2026/03/23 13:58:57.453, 3, 704.81 W, 45, 2032 MHz, 3996 MHz, 100 %, 68 %
2026/03/23 13:58:57.453, 4, 178.67 W, 25, 120 MHz, 3996 MHz, 0 %, 0 %
2026/03/23 13:58:57.453, 5, 180.58 W, 27, 120 MHz, 3996 MHz, 0 %, 0 %
2026/03/23 13:58:57.453, 6, 177.47 W, 26, 120 MHz, 3996 MHz, 0 %, 0 %
2026/03/23 13:58:57.453, 7, 176.58 W, 26, 120 MHz, 3996 MHz, 0 %, 0 %
2026/03/23 13:58:58.454, 0, 791.36 W, 41, 2032 MHz, 3996 MHz, 100 %, 68 %
2026/03/23 13:58:58.454, 1, 798.59 W, 45, 2032 MHz, 3996 MHz, 100 %, 68 %
2026/03/23 13:58:58.454, 2, 804.10 W, 42, 2032 MHz, 3996 MHz, 100 %, 68 %
2026/03/23 13:58:58.454, 3, 800.47 W, 46, 2032 MHz, 3996 MHz, 100 %, 68 %
2026/03/23 13:58:58.454, 4, 178.57 W, 25, 120 MHz, 3996 MHz, 0 %, 0 %
2026/03/23 13:58:58.454, 5, 180.58 W, 27, 120 MHz, 3996 MHz, 0 %, 0 %
2026/03/23 13:58:58.454, 6, 177.54 W, 26, 120 MHz, 3996 MHz, 0 %, 0 %
2026/03/23 13:58:58.454, 7, 176.58 W, 26, 120 MHz, 3996 MHz, 0 %, 0 %
2026/03/23 13:58:59.454, 0, 791.84 W, 41, 2032 MHz, 3996 MHz, 100 %, 69 %
2026/03/23 13:58:59.454, 1, 799.70 W, 45, 2032 MHz, 3996 MHz, 100 %, 69 %
2026/03/23 13:58:59.454, 2, 804.19 W, 42, 2032 MHz, 3996 MHz, 100 %, 68 %
2026/03/23 13:58:59.454, 3, 801.71 W, 46, 2032 MHz, 3996 MHz, 100 %, 68 %
2026/03/23 13:58:59.454, 4, 178.64 W, 25, 120 MHz, 3996 MHz, 0 %, 0 %
2026/03/23 13:58:59.454, 5, 180.58 W, 27, 120 MHz, 3996 MHz, 0 %, 0 %
2026/03/23 13:58:59.454, 6, 177.50 W, 26, 120 MHz, 3996 MHz, 0 %, 0 %
2026/03/23 13:58:59.454, 7, 176.58 W, 26, 120 MHz, 3996 MHz, 0 %, 0 %
2026/03/23 13:59:00.454, 0, 793.69 W, 42, 2032 MHz, 3996 MHz, 100 %, 68 %
2026/03/23 13:59:00.454, 1, 801.49 W, 45, 2032 MHz, 3996 MHz, 100 %, 69 %
2026/03/23 13:59:00.454, 2, 804.67 W, 42, 2032 MHz, 3996 MHz, 100 %, 69 %
2026/03/23 13:59:00.454, 3, 802.43 W, 46, 2032 MHz, 3996 MHz, 100 %, 68 %
2026/03/23 13:59:00.454, 4, 178.62 W, 25, 120 MHz, 3996 MHz, 0 %, 0 %
2026/03/23 13:59:00.454, 5, 180.58 W, 27, 120 MHz, 3996 MHz, 0 %, 0 %
2026/03/23 13:59:00.454, 6, 177.68 W, 26, 120 MHz, 3996 MHz, 0 %, 0 %
2026/03/23 13:59:00.454, 7, 176.58 W, 26, 120 MHz, 3996 MHz, 0 %, 0 %
2026/03/23 13:59:01.454, 0, 792.41 W, 42, 2032 MHz, 3996 MHz, 100 %, 68 %
2026/03/23 13:59:01.454, 1, 800.50 W, 45, 2032 MHz, 3996 MHz, 100 %, 68 %
2026/03/23 13:59:01.454, 2, 804.73 W, 42, 2032 MHz, 3996 MHz, 100 %, 68 %
2026/03/23 13:59:01.454, 3, 801.39 W, 46, 2032 MHz, 3996 MHz, 100 %, 68 %
2026/03/23 13:59:01.454, 4, 178.76 W, 25, 120 MHz, 3996 MHz, 0 %, 0 %
2026/03/23 13:59:01.454, 5, 180.58 W, 27, 120 MHz, 3996 MHz, 0 %, 0 %
2026/03/23 13:59:01.454, 6, 177.57 W, 26, 120 MHz, 3996 MHz, 0 %, 0 %
2026/03/23 13:59:01.454, 7, 176.58 W, 26, 120 MHz, 3996 MHz, 0 %, 0 %
2026/03/23 13:59:02.454, 0, 791.70 W, 42, 2032 MHz, 3996 MHz, 100 %, 68 %
2026/03/23 13:59:02.454, 1, 800.28 W, 45, 2032 MHz, 3996 MHz, 100 %, 68 %
2026/03/23 13:59:02.454, 2, 804.61 W, 42, 2032 MHz, 3996 MHz, 100 %, 68 %
2026/03/23 13:59:02.454, 3, 802.10 W, 46, 2032 MHz, 3996 MHz, 100 %, 68 %
2026/03/23 13:59:02.454, 4, 178.84 W, 25, 120 MHz, 3996 MHz, 0 %, 0 %
2026/03/23 13:59:02.454, 5, 180.58 W, 27, 120 MHz, 3996 MHz, 0 %, 0 %
2026/03/23 13:59:02.454, 6, 177.39 W, 26, 120 MHz, 3996 MHz, 0 %, 0 %
2026/03/23 13:59:02.454, 7, 176.58 W, 26, 120 MHz, 3996 MHz, 0 %, 0 %
2026/03/23 13:59:03.454, 0, 793.31 W, 42, 2032 MHz, 3996 MHz, 100 %, 68 %
2026/03/23 13:59:03.454, 1, 801.59 W, 46, 2032 MHz, 3996 MHz, 100 %, 68 %
2026/03/23 13:59:03.454, 2, 805.41 W, 42, 2032 MHz, 3996 MHz, 100 %, 68 %
2026/03/23 13:59:03.454, 3, 803.05 W, 46, 2032 MHz, 3996 MHz, 100 %, 68 %
2026/03/23 13:59:03.454, 4, 178.77 W, 25, 120 MHz, 3996 MHz, 0 %, 0 %
2026/03/23 13:59:03.454, 5, 180.58 W, 27, 120 MHz, 3996 MHz, 0 %, 0 %
2026/03/23 13:59:03.454, 6, 177.16 W, 26, 120 MHz, 3996 MHz, 0 %, 0 %
2026/03/23 13:59:03.454, 7, 176.58 W, 26, 120 MHz, 3996 MHz, 0 %, 0 %
2026/03/23 13:59:04.454, 0, 794.32 W, 42, 2032 MHz, 3996 MHz, 100 %, 68 %
2026/03/23 13:59:04.454, 1, 802.86 W, 46, 2032 MHz, 3996 MHz, 100 %, 68 %
2026/03/23 13:59:04.454, 2, 807.45 W, 42, 2032 MHz, 3996 MHz, 100 %, 69 %
2026/03/23 13:59:04.454, 3, 803.89 W, 46, 2032 MHz, 3996 MHz, 100 %, 68 %
2026/03/23 13:59:04.454, 4, 178.77 W, 25, 120 MHz, 3996 MHz, 0 %, 0 %
2026/03/23 13:59:04.454, 5, 180.58 W, 27, 120 MHz, 3996 MHz, 0 %, 0 %
2026/03/23 13:59:04.454, 6, 177.42 W, 26, 120 MHz, 3996 MHz, 0 %, 0 %
2026/03/23 13:59:04.454, 7, 176.58 W, 26, 120 MHz, 3996 MHz, 0 %, 0 %
2026/03/23 13:59:05.455, 0, 724.76 W, 42, 2032 MHz, 3996 MHz, 100 %, 68 %
2026/03/23 13:59:05.455, 1, 728.69 W, 45, 2032 MHz, 3996 MHz, 100 %, 68 %
2026/03/23 13:59:05.455, 2, 739.71 W, 42, 2032 MHz, 3996 MHz, 100 %, 68 %
2026/03/23 13:59:05.455, 3, 711.04 W, 46, 2032 MHz, 3996 MHz, 100 %, 68 %
2026/03/23 13:59:05.455, 4, 178.68 W, 25, 120 MHz, 3996 MHz, 0 %, 0 %
2026/03/23 13:59:05.455, 5, 180.58 W, 27, 120 MHz, 3996 MHz, 0 %, 0 %
2026/03/23 13:59:05.455, 6, 177.20 W, 26, 120 MHz, 3996 MHz, 0 %, 0 %
2026/03/23 13:59:05.455, 7, 176.58 W, 26, 120 MHz, 3996 MHz, 0 %, 0 %
2026/03/23 13:59:06.455, 0, 756.92 W, 42, 2032 MHz, 3996 MHz, 100 %, 69 %
2026/03/23 13:59:06.455, 1, 754.57 W, 45, 2032 MHz, 3996 MHz, 100 %, 68 %
2026/03/23 13:59:06.455, 2, 774.53 W, 42, 2032 MHz, 3996 MHz, 100 %, 68 %
2026/03/23 13:59:06.455, 3, 757.95 W, 46, 2032 MHz, 3996 MHz, 100 %, 68 %
2026/03/23 13:59:06.455, 4, 178.67 W, 25, 120 MHz, 3996 MHz, 0 %, 0 %
2026/03/23 13:59:06.455, 5, 180.58 W, 27, 120 MHz, 3996 MHz, 0 %, 0 %
2026/03/23 13:59:06.455, 6, 177.49 W, 26, 120 MHz, 3996 MHz, 0 %, 0 %
2026/03/23 13:59:06.455, 7, 176.58 W, 26, 120 MHz, 3996 MHz, 0 %, 0 %
2026/03/23 13:59:07.455, 0, 676.80 W, 40, 2032 MHz, 3996 MHz, 91 %, 60 %
2026/03/23 13:59:07.455, 1, 667.92 W, 44, 2032 MHz, 3996 MHz, 83 %, 20 %
2026/03/23 13:59:07.455, 2, 706.03 W, 41, 2032 MHz, 3996 MHz, 99 %, 20 %
2026/03/23 13:59:07.455, 3, 660.99 W, 44, 2032 MHz, 3996 MHz, 54 %, 32 %
2026/03/23 13:59:07.455, 4, 178.72 W, 25, 120 MHz, 3996 MHz, 0 %, 0 %
2026/03/23 13:59:07.455, 5, 180.58 W, 27, 120 MHz, 3996 MHz, 0 %, 0 %
2026/03/23 13:59:07.455, 6, 177.26 W, 26, 120 MHz, 3996 MHz, 0 %, 0 %
2026/03/23 13:59:07.455, 7, 176.58 W, 26, 120 MHz, 3996 MHz, 0 %, 0 %
2026/03/23 13:59:08.455, 0, 724.79 W, 40, 2032 MHz, 3996 MHz, 100 %, 68 %
2026/03/23 13:59:08.455, 1, 727.32 W, 44, 2032 MHz, 3996 MHz, 59 %, 19 %
2026/03/23 13:59:08.455, 2, 740.05 W, 41, 2032 MHz, 3996 MHz, 99 %, 20 %
2026/03/23 13:59:08.455, 3, 710.28 W, 44, 2032 MHz, 3996 MHz, 64 %, 40 %
2026/03/23 13:59:08.455, 4, 178.82 W, 25, 120 MHz, 3996 MHz, 0 %, 0 %
2026/03/23 13:59:08.455, 5, 180.58 W, 27, 120 MHz, 3996 MHz, 0 %, 0 %
2026/03/23 13:59:08.455, 6, 177.27 W, 26, 120 MHz, 3996 MHz, 0 %, 0 %
2026/03/23 13:59:08.455, 7, 176.58 W, 26, 120 MHz, 3996 MHz, 0 %, 0 %
2026/03/23 13:59:09.455, 0, 708.63 W, 42, 2032 MHz, 3996 MHz, 100 %, 68 %
2026/03/23 13:59:09.455, 1, 710.41 W, 45, 2032 MHz, 3996 MHz, 86 %, 47 %
2026/03/23 13:59:09.455, 2, 723.98 W, 42, 2032 MHz, 3996 MHz, 95 %, 42 %
2026/03/23 13:59:09.455, 3, 692.25 W, 45, 2032 MHz, 3996 MHz, 61 %, 30 %
2026/03/23 13:59:09.455, 4, 178.68 W, 25, 120 MHz, 3996 MHz, 0 %, 0 %
2026/03/23 13:59:09.455, 5, 180.58 W, 27, 120 MHz, 3996 MHz, 0 %, 0 %
2026/03/23 13:59:09.455, 6, 177.59 W, 26, 120 MHz, 3996 MHz, 0 %, 0 %
2026/03/23 13:59:09.455, 7, 176.58 W, 26, 120 MHz, 3996 MHz, 0 %, 0 %
2026/03/23 13:59:10.455, 0, 599.56 W, 40, 2032 MHz, 3996 MHz, 96 %, 51 %
2026/03/23 13:59:10.455, 1, 569.22 W, 43, 2032 MHz, 3996 MHz, 43 %, 20 %
2026/03/23 13:59:10.455, 2, 628.62 W, 40, 2032 MHz, 3996 MHz, 99 %, 20 %
2026/03/23 13:59:10.455, 3, 567.58 W, 43, 2032 MHz, 3996 MHz, 46 %, 26 %
2026/03/23 13:59:10.455, 4, 178.63 W, 25, 120 MHz, 3996 MHz, 0 %, 0 %
2026/03/23 13:59:10.455, 5, 180.58 W, 27, 120 MHz, 3996 MHz, 0 %, 0 %
2026/03/23 13:59:10.455, 6, 177.42 W, 26, 120 MHz, 3996 MHz, 0 %, 0 %
2026/03/23 13:59:10.455, 7, 176.58 W, 26, 120 MHz, 3996 MHz, 0 %, 0 %
2026/03/23 13:59:11.456, 0, 722.25 W, 40, 2032 MHz, 3996 MHz, 93 %, 59 %
2026/03/23 13:59:11.456, 1, 728.90 W, 44, 2032 MHz, 3996 MHz, 97 %, 20 %
2026/03/23 13:59:11.456, 2, 727.30 W, 41, 2032 MHz, 3996 MHz, 99 %, 20 %
2026/03/23 13:59:11.456, 3, 704.34 W, 44, 2032 MHz, 3996 MHz, 55 %, 33 %
2026/03/23 13:59:11.456, 4, 178.67 W, 25, 120 MHz, 3996 MHz, 0 %, 0 %
2026/03/23 13:59:11.456, 5, 180.58 W, 27, 120 MHz, 3996 MHz, 0 %, 0 %
2026/03/23 13:59:11.456, 6, 177.43 W, 26, 120 MHz, 3996 MHz, 0 %, 0 %
2026/03/23 13:59:11.456, 7, 176.58 W, 26, 120 MHz, 3996 MHz, 0 %, 0 %
2026/03/23 13:59:12.456, 0, 673.24 W, 41, 2032 MHz, 3996 MHz, 99 %, 24 %
2026/03/23 13:59:12.456, 1, 657.72 W, 44, 2032 MHz, 3996 MHz, 100 %, 68 %
2026/03/23 13:59:12.456, 2, 699.79 W, 41, 2032 MHz, 3996 MHz, 100 %, 69 %
2026/03/23 13:59:12.456, 3, 659.41 W, 45, 2032 MHz, 3996 MHz, 83 %, 54 %
2026/03/23 13:59:12.456, 4, 178.64 W, 25, 120 MHz, 3996 MHz, 0 %, 0 %
2026/03/23 13:59:12.456, 5, 180.58 W, 27, 120 MHz, 3996 MHz, 0 %, 0 %
2026/03/23 13:59:12.456, 6, 177.32 W, 26, 120 MHz, 3996 MHz, 0 %, 0 %
2026/03/23 13:59:12.456, 7, 176.58 W, 26, 120 MHz, 3996 MHz, 0 %, 0 %
2026/03/23 13:59:13.456, 0, 642.15 W, 40, 2032 MHz, 3996 MHz, 100 %, 61 %
2026/03/23 13:59:13.456, 1, 612.77 W, 43, 2032 MHz, 3996 MHz, 63 %, 37 %
2026/03/23 13:59:13.456, 2, 653.76 W, 41, 2032 MHz, 3996 MHz, 92 %, 31 %
2026/03/23 13:59:13.456, 3, 634.02 W, 44, 2032 MHz, 3996 MHz, 37 %, 19 %
2026/03/23 13:59:13.456, 4, 178.72 W, 25, 120 MHz, 3996 MHz, 0 %, 0 %
2026/03/23 13:59:13.456, 5, 180.58 W, 27, 120 MHz, 3996 MHz, 0 %, 0 %
2026/03/23 13:59:13.456, 6, 177.46 W, 26, 120 MHz, 3996 MHz, 0 %, 0 %
2026/03/23 13:59:13.456, 7, 176.58 W, 26, 120 MHz, 3996 MHz, 0 %, 0 %
2026/03/23 13:59:14.456, 0, 645.51 W, 40, 2032 MHz, 3996 MHz, 98 %, 30 %
2026/03/23 13:59:14.456, 1, 621.82 W, 43, 2032 MHz, 3996 MHz, 100 %, 25 %
2026/03/23 13:59:14.456, 2, 652.82 W, 40, 2032 MHz, 3996 MHz, 100 %, 25 %
2026/03/23 13:59:14.456, 3, 610.79 W, 44, 2032 MHz, 3996 MHz, 58 %, 32 %
2026/03/23 13:59:14.456, 4, 178.77 W, 25, 120 MHz, 3996 MHz, 0 %, 0 %
2026/03/23 13:59:14.456, 5, 180.58 W, 27, 120 MHz, 3996 MHz, 0 %, 0 %
2026/03/23 13:59:14.456, 6, 177.16 W, 26, 120 MHz, 3996 MHz, 0 %, 0 %
2026/03/23 13:59:14.456, 7, 176.58 W, 26, 120 MHz, 3996 MHz, 0 %, 0 %
2026/03/23 13:59:15.456, 0, 680.91 W, 40, 2032 MHz, 3996 MHz, 100 %, 68 %
2026/03/23 13:59:15.456, 1, 662.73 W, 43, 2032 MHz, 3996 MHz, 41 %, 20 %
2026/03/23 13:59:15.456, 2, 703.19 W, 40, 2032 MHz, 3996 MHz, 98 %, 20 %
2026/03/23 13:59:15.456, 3, 662.34 W, 43, 2032 MHz, 3996 MHz, 46 %, 22 %
2026/03/23 13:59:15.456, 4, 178.71 W, 25, 120 MHz, 3996 MHz, 0 %, 0 %
2026/03/23 13:59:15.456, 5, 180.58 W, 27, 120 MHz, 3996 MHz, 0 %, 0 %
2026/03/23 13:59:15.456, 6, 177.37 W, 26, 120 MHz, 3996 MHz, 0 %, 0 %
2026/03/23 13:59:15.456, 7, 176.58 W, 26, 120 MHz, 3996 MHz, 0 %, 0 %
2026/03/23 13:59:16.456, 0, 616.65 W, 39, 2032 MHz, 3996 MHz, 99 %, 59 %
2026/03/23 13:59:16.456, 1, 575.94 W, 42, 2032 MHz, 3996 MHz, 38 %, 20 %
2026/03/23 13:59:16.456, 2, 634.89 W, 40, 2032 MHz, 3996 MHz, 99 %, 20 %
2026/03/23 13:59:16.456, 3, 577.10 W, 43, 2032 MHz, 3996 MHz, 49 %, 26 %
2026/03/23 13:59:16.456, 4, 178.86 W, 25, 120 MHz, 3996 MHz, 0 %, 0 %
2026/03/23 13:59:16.456, 5, 180.58 W, 27, 120 MHz, 3996 MHz, 0 %, 0 %
2026/03/23 13:59:16.456, 6, 177.34 W, 26, 120 MHz, 3996 MHz, 0 %, 0 %
2026/03/23 13:59:16.456, 7, 176.58 W, 26, 120 MHz, 3996 MHz, 0 %, 0 %
2026/03/23 13:59:17.456, 0, 677.49 W, 41, 2032 MHz, 3996 MHz, 100 %, 67 %
2026/03/23 13:59:17.456, 1, 661.45 W, 44, 2032 MHz, 3996 MHz, 100 %, 67 %
2026/03/23 13:59:17.456, 2, 692.67 W, 41, 2032 MHz, 3996 MHz, 100 %, 67 %
2026/03/23 13:59:17.456, 3, 654.71 W, 45, 2032 MHz, 3996 MHz, 100 %, 66 %
2026/03/23 13:59:17.456, 4, 178.59 W, 25, 120 MHz, 3996 MHz, 0 %, 0 %
2026/03/23 13:59:17.456, 5, 180.58 W, 27, 120 MHz, 3996 MHz, 0 %, 0 %
2026/03/23 13:59:17.456, 6, 177.53 W, 26, 120 MHz, 3996 MHz, 0 %, 0 %
2026/03/23 13:59:17.456, 7, 176.58 W, 26, 120 MHz, 3996 MHz, 0 %, 0 %
2026/03/23 13:59:18.456, 0, 707.30 W, 41, 2032 MHz, 3996 MHz, 100 %, 67 %
2026/03/23 13:59:18.456, 1, 703.49 W, 44, 2032 MHz, 3996 MHz, 100 %, 67 %
2026/03/23 13:59:18.457, 2, 727.66 W, 41, 2032 MHz, 3996 MHz, 100 %, 67 %
2026/03/23 13:59:18.457, 3, 705.33 W, 45, 2032 MHz, 3996 MHz, 95 %, 63 %
2026/03/23 13:59:18.457, 4, 178.65 W, 25, 120 MHz, 3996 MHz, 0 %, 0 %
2026/03/23 13:59:18.457, 5, 180.58 W, 27, 120 MHz, 3996 MHz, 0 %, 0 %
2026/03/23 13:59:18.457, 6, 177.19 W, 26, 120 MHz, 3996 MHz, 0 %, 0 %
2026/03/23 13:59:18.457, 7, 176.58 W, 26, 120 MHz, 3996 MHz, 0 %, 0 %
2026/03/23 13:59:19.457, 0, 643.52 W, 40, 2032 MHz, 3996 MHz, 64 %, 19 %
2026/03/23 13:59:19.457, 1, 621.08 W, 43, 2032 MHz, 3996 MHz, 81 %, 52 %
2026/03/23 13:59:19.457, 2, 662.56 W, 40, 2032 MHz, 3996 MHz, 100 %, 59 %
2026/03/23 13:59:19.457, 3, 615.87 W, 44, 2032 MHz, 3996 MHz, 100 %, 67 %
2026/03/23 13:59:19.457, 4, 178.63 W, 25, 120 MHz, 3996 MHz, 0 %, 0 %
2026/03/23 13:59:19.457, 5, 180.58 W, 27, 120 MHz, 3996 MHz, 0 %, 0 %
2026/03/23 13:59:19.457, 6, 177.41 W, 26, 120 MHz, 3996 MHz, 0 %, 0 %
2026/03/23 13:59:19.457, 7, 176.58 W, 26, 120 MHz, 3996 MHz, 0 %, 0 %
2026/03/23 13:59:20.457, 0, 715.48 W, 40, 2032 MHz, 3996 MHz, 100 %, 67 %
2026/03/23 13:59:20.457, 1, 715.19 W, 44, 2032 MHz, 3996 MHz, 60 %, 37 %
2026/03/23 13:59:20.457, 2, 746.22 W, 41, 2032 MHz, 3996 MHz, 94 %, 28 %
2026/03/23 13:59:20.457, 3, 715.72 W, 44, 2032 MHz, 3996 MHz, 45 %, 20 %
2026/03/23 13:59:20.457, 4, 178.72 W, 25, 120 MHz, 3996 MHz, 0 %, 0 %
2026/03/23 13:59:20.457, 5, 180.58 W, 27, 120 MHz, 3996 MHz, 0 %, 0 %
2026/03/23 13:59:20.457, 6, 177.37 W, 26, 120 MHz, 3996 MHz, 0 %, 0 %
2026/03/23 13:59:20.457, 7, 176.58 W, 26, 120 MHz, 3996 MHz, 0 %, 0 %
2026/03/23 13:59:21.457, 0, 667.12 W, 41, 2032 MHz, 3996 MHz, 100 %, 67 %
2026/03/23 13:59:21.457, 1, 638.39 W, 44, 2032 MHz, 3996 MHz, 100 %, 67 %
2026/03/23 13:59:21.457, 2, 686.24 W, 41, 2032 MHz, 3996 MHz, 100 %, 67 %
2026/03/23 13:59:21.457, 3, 648.92 W, 45, 2032 MHz, 3996 MHz, 86 %, 56 %
2026/03/23 13:59:21.457, 4, 178.85 W, 25, 120 MHz, 3996 MHz, 0 %, 0 %
2026/03/23 13:59:21.457, 5, 180.58 W, 27, 120 MHz, 3996 MHz, 0 %, 0 %
2026/03/23 13:59:21.457, 6, 177.50 W, 26, 120 MHz, 3996 MHz, 0 %, 0 %
2026/03/23 13:59:21.457, 7, 176.58 W, 26, 120 MHz, 3996 MHz, 0 %, 0 %
2026/03/23 13:59:22.457, 0, 654.26 W, 40, 2032 MHz, 3996 MHz, 70 %, 19 %
2026/03/23 13:59:22.457, 1, 628.23 W, 44, 2032 MHz, 3996 MHz, 76 %, 49 %
2026/03/23 13:59:22.457, 2, 666.25 W, 40, 2032 MHz, 3996 MHz, 100 %, 55 %
2026/03/23 13:59:22.457, 3, 625.35 W, 44, 2032 MHz, 3996 MHz, 100 %, 67 %
2026/03/23 13:59:22.457, 4, 178.70 W, 25, 120 MHz, 3996 MHz, 0 %, 0 %
2026/03/23 13:59:22.457, 5, 180.58 W, 27, 120 MHz, 3996 MHz, 0 %, 0 %
2026/03/23 13:59:22.457, 6, 177.32 W, 26, 120 MHz, 3996 MHz, 0 %, 0 %
2026/03/23 13:59:22.457, 7, 176.59 W, 26, 120 MHz, 3996 MHz, 0 %, 0 %
2026/03/23 13:59:23.457, 0, 750.66 W, 41, 2032 MHz, 3996 MHz, 100 %, 67 %
2026/03/23 13:59:23.457, 1, 751.09 W, 45, 2032 MHz, 3996 MHz, 100 %, 67 %
2026/03/23 13:59:23.457, 2, 762.64 W, 42, 2032 MHz, 3996 MHz, 100 %, 67 %
2026/03/23 13:59:23.457, 3, 748.87 W, 45, 2032 MHz, 3996 MHz, 100 %, 67 %
2026/03/23 13:59:23.457, 4, 178.63 W, 25, 120 MHz, 3996 MHz, 0 %, 0 %
2026/03/23 13:59:23.457, 5, 180.58 W, 27, 120 MHz, 3996 MHz, 0 %, 0 %
2026/03/23 13:59:23.457, 6, 177.74 W, 26, 120 MHz, 3996 MHz, 0 %, 0 %
2026/03/23 13:59:23.457, 7, 176.59 W, 26, 120 MHz, 3996 MHz, 0 %, 0 %
2026/03/23 13:59:24.457, 0, 750.01 W, 41, 2032 MHz, 3996 MHz, 100 %, 67 %
2026/03/23 13:59:24.457, 1, 751.87 W, 45, 2032 MHz, 3996 MHz, 100 %, 68 %
2026/03/23 13:59:24.457, 2, 765.87 W, 42, 2032 MHz, 3996 MHz, 100 %, 67 %
2026/03/23 13:59:24.457, 3, 752.64 W, 45, 2032 MHz, 3996 MHz, 100 %, 68 %
2026/03/23 13:59:24.457, 4, 178.77 W, 25, 120 MHz, 3996 MHz, 0 %, 0 %
2026/03/23 13:59:24.457, 5, 180.58 W, 27, 120 MHz, 3996 MHz, 0 %, 0 %
2026/03/23 13:59:24.457, 6, 177.38 W, 26, 120 MHz, 3996 MHz, 0 %, 0 %
2026/03/23 13:59:24.457, 7, 176.59 W, 26, 120 MHz, 3996 MHz, 0 %, 0 %
2026/03/23 13:59:25.457, 0, 747.29 W, 41, 2032 MHz, 3996 MHz, 100 %, 67 %
2026/03/23 13:59:25.457, 1, 748.59 W, 45, 2032 MHz, 3996 MHz, 100 %, 67 %
2026/03/23 13:59:25.458, 2, 764.33 W, 42, 2032 MHz, 3996 MHz, 100 %, 67 %
2026/03/23 13:59:25.458, 3, 747.33 W, 45, 2032 MHz, 3996 MHz, 100 %, 67 %
2026/03/23 13:59:25.458, 4, 178.71 W, 25, 120 MHz, 3996 MHz, 0 %, 0 %
2026/03/23 13:59:25.458, 5, 180.58 W, 27, 120 MHz, 3996 MHz, 0 %, 0 %
2026/03/23 13:59:25.458, 6, 177.40 W, 26, 120 MHz, 3996 MHz, 0 %, 0 %
2026/03/23 13:59:25.458, 7, 176.58 W, 26, 120 MHz, 3996 MHz, 0 %, 0 %
2026/03/23 13:59:26.458, 0, 785.37 W, 41, 2032 MHz, 3996 MHz, 100 %, 67 %
2026/03/23 13:59:26.458, 1, 793.98 W, 45, 2032 MHz, 3996 MHz, 100 %, 68 %
2026/03/23 13:59:26.458, 2, 797.28 W, 42, 2032 MHz, 3996 MHz, 100 %, 68 %
2026/03/23 13:59:26.458, 3, 795.21 W, 46, 2032 MHz, 3996 MHz, 100 %, 68 %
2026/03/23 13:59:26.458, 4, 178.62 W, 25, 120 MHz, 3996 MHz, 0 %, 0 %
2026/03/23 13:59:26.458, 5, 180.58 W, 27, 120 MHz, 3996 MHz, 0 %, 0 %
2026/03/23 13:59:26.458, 6, 177.13 W, 26, 120 MHz, 3996 MHz, 0 %, 0 %
2026/03/23 13:59:26.458, 7, 176.58 W, 26, 120 MHz, 3996 MHz, 0 %, 0 %
2026/03/23 13:59:27.458, 0, 786.39 W, 41, 2032 MHz, 3996 MHz, 100 %, 68 %
2026/03/23 13:59:27.458, 1, 793.93 W, 45, 2032 MHz, 3996 MHz, 100 %, 67 %
2026/03/23 13:59:27.458, 2, 798.36 W, 42, 2032 MHz, 3996 MHz, 100 %, 67 %
2026/03/23 13:59:27.458, 3, 795.71 W, 46, 2032 MHz, 3996 MHz, 100 %, 67 %
2026/03/23 13:59:27.458, 4, 178.60 W, 25, 120 MHz, 3996 MHz, 0 %, 0 %
2026/03/23 13:59:27.458, 5, 180.58 W, 27, 120 MHz, 3996 MHz, 0 %, 0 %
2026/03/23 13:59:27.458, 6, 177.30 W, 26, 120 MHz, 3996 MHz, 0 %, 0 %
2026/03/23 13:59:27.458, 7, 176.58 W, 26, 120 MHz, 3996 MHz, 0 %, 0 %
2026/03/23 13:59:28.458, 0, 785.43 W, 42, 2032 MHz, 3996 MHz, 100 %, 67 %
2026/03/23 13:59:28.458, 1, 795.10 W, 45, 2032 MHz, 3996 MHz, 100 %, 67 %
2026/03/23 13:59:28.458, 2, 798.60 W, 42, 2032 MHz, 3996 MHz, 100 %, 67 %
2026/03/23 13:59:28.458, 3, 795.50 W, 46, 2032 MHz, 3996 MHz, 100 %, 67 %
2026/03/23 13:59:28.458, 4, 178.58 W, 25, 120 MHz, 3996 MHz, 0 %, 0 %
2026/03/23 13:59:28.458, 5, 180.58 W, 27, 120 MHz, 3996 MHz, 0 %, 0 %
2026/03/23 13:59:28.458, 6, 177.49 W, 26, 120 MHz, 3996 MHz, 0 %, 0 %
2026/03/23 13:59:28.458, 7, 176.58 W, 26, 120 MHz, 3996 MHz, 0 %, 0 %
2026/03/23 13:59:29.458, 0, 788.00 W, 42, 2032 MHz, 3996 MHz, 100 %, 67 %
2026/03/23 13:59:29.458, 1, 795.62 W, 45, 2032 MHz, 3996 MHz, 100 %, 68 %
2026/03/23 13:59:29.458, 2, 800.26 W, 42, 2032 MHz, 3996 MHz, 100 %, 68 %
2026/03/23 13:59:29.458, 3, 797.52 W, 46, 2032 MHz, 3996 MHz, 100 %, 68 %
2026/03/23 13:59:29.458, 4, 178.55 W, 25, 120 MHz, 3996 MHz, 0 %, 0 %
2026/03/23 13:59:29.458, 5, 180.58 W, 27, 120 MHz, 3996 MHz, 0 %, 0 %
2026/03/23 13:59:29.458, 6, 177.38 W, 26, 120 MHz, 3996 MHz, 0 %, 0 %
2026/03/23 13:59:29.458, 7, 176.58 W, 26, 120 MHz, 3996 MHz, 0 %, 0 %
2026/03/23 13:59:30.458, 0, 758.52 W, 41, 2032 MHz, 3996 MHz, 100 %, 68 %
2026/03/23 13:59:30.458, 1, 753.01 W, 45, 2032 MHz, 3996 MHz, 100 %, 68 %
2026/03/23 13:59:30.458, 2, 770.59 W, 42, 2032 MHz, 3996 MHz, 100 %, 68 %
2026/03/23 13:59:30.458, 3, 755.27 W, 46, 2032 MHz, 3996 MHz, 100 %, 68 %
2026/03/23 13:59:30.458, 4, 178.69 W, 25, 120 MHz, 3996 MHz, 0 %, 0 %
2026/03/23 13:59:30.458, 5, 180.58 W, 27, 120 MHz, 3996 MHz, 0 %, 0 %
2026/03/23 13:59:30.458, 6, 177.22 W, 26, 120 MHz, 3996 MHz, 0 %, 0 %
2026/03/23 13:59:30.458, 7, 176.58 W, 26, 120 MHz, 3996 MHz, 0 %, 0 %
2026/03/23 13:59:31.458, 0, 789.28 W, 42, 2032 MHz, 3996 MHz, 100 %, 68 %
2026/03/23 13:59:31.458, 1, 797.93 W, 46, 2032 MHz, 3996 MHz, 100 %, 68 %
2026/03/23 13:59:31.458, 2, 803.39 W, 42, 2032 MHz, 3996 MHz, 100 %, 68 %
2026/03/23 13:59:31.458, 3, 799.89 W, 46, 2032 MHz, 3996 MHz, 100 %, 68 %
2026/03/23 13:59:31.458, 4, 178.56 W, 25, 120 MHz, 3996 MHz, 0 %, 0 %
2026/03/23 13:59:31.458, 5, 180.58 W, 27, 120 MHz, 3996 MHz, 0 %, 0 %
2026/03/23 13:59:31.458, 6, 177.55 W, 26, 120 MHz, 3996 MHz, 0 %, 0 %
2026/03/23 13:59:31.458, 7, 176.59 W, 26, 120 MHz, 3996 MHz, 0 %, 0 %
2026/03/23 13:59:32.458, 0, 755.81 W, 40, 2032 MHz, 3996 MHz, 93 %, 61 %
2026/03/23 13:59:32.458, 1, 753.84 W, 45, 2032 MHz, 3996 MHz, 45 %, 19 %
2026/03/23 13:59:32.458, 2, 771.49 W, 41, 2032 MHz, 3996 MHz, 99 %, 19 %
2026/03/23 13:59:32.458, 3, 763.29 W, 45, 2032 MHz, 3996 MHz, 100 %, 31 %
2026/03/23 13:59:32.458, 4, 178.75 W, 25, 120 MHz, 3996 MHz, 0 %, 0 %
2026/03/23 13:59:32.458, 5, 180.58 W, 27, 120 MHz, 3996 MHz, 0 %, 0 %
2026/03/23 13:59:32.459, 6, 177.48 W, 26, 120 MHz, 3996 MHz, 0 %, 0 %
2026/03/23 13:59:32.459, 7, 176.59 W, 26, 120 MHz, 3996 MHz, 0 %, 0 %
2026/03/23 13:59:33.459, 0, 721.29 W, 40, 2032 MHz, 3996 MHz, 100 %, 68 %
2026/03/23 13:59:33.459, 1, 723.54 W, 44, 2032 MHz, 3996 MHz, 66 %, 40 %
2026/03/23 13:59:33.459, 2, 750.85 W, 42, 2032 MHz, 3996 MHz, 92 %, 33 %
2026/03/23 13:59:33.459, 3, 724.43 W, 45, 2032 MHz, 3996 MHz, 43 %, 19 %
2026/03/23 13:59:33.459, 4, 178.57 W, 25, 120 MHz, 3996 MHz, 0 %, 0 %
2026/03/23 13:59:33.459, 5, 180.58 W, 27, 120 MHz, 3996 MHz, 0 %, 0 %
2026/03/23 13:59:33.459, 6, 177.37 W, 26, 120 MHz, 3996 MHz, 0 %, 0 %
2026/03/23 13:59:33.459, 7, 176.58 W, 26, 120 MHz, 3996 MHz, 0 %, 0 %
2026/03/23 13:59:34.459, 0, 679.67 W, 41, 2032 MHz, 3996 MHz, 100 %, 42 %
2026/03/23 13:59:34.459, 1, 669.36 W, 45, 2032 MHz, 3996 MHz, 100 %, 68 %
2026/03/23 13:59:34.459, 2, 678.34 W, 41, 2032 MHz, 3996 MHz, 100 %, 68 %
2026/03/23 13:59:34.459, 3, 646.57 W, 45, 2032 MHz, 3996 MHz, 100 %, 68 %
2026/03/23 13:59:34.459, 4, 178.66 W, 25, 120 MHz, 3996 MHz, 0 %, 0 %
2026/03/23 13:59:34.459, 5, 180.58 W, 27, 120 MHz, 3996 MHz, 0 %, 0 %
2026/03/23 13:59:34.459, 6, 177.66 W, 26, 120 MHz, 3996 MHz, 0 %, 0 %
2026/03/23 13:59:34.459, 7, 176.58 W, 26, 120 MHz, 3996 MHz, 0 %, 0 %
2026/03/23 13:59:35.459, 0, 697.61 W, 40, 2032 MHz, 3996 MHz, 79 %, 20 %
2026/03/23 13:59:35.459, 1, 690.70 W, 43, 2032 MHz, 3996 MHz, 91 %, 61 %
2026/03/23 13:59:35.459, 2, 728.07 W, 41, 2032 MHz, 3996 MHz, 92 %, 56 %
2026/03/23 13:59:35.459, 3, 691.06 W, 45, 2032 MHz, 3996 MHz, 64 %, 39 %
2026/03/23 13:59:35.459, 4, 178.73 W, 25, 120 MHz, 3996 MHz, 0 %, 0 %
2026/03/23 13:59:35.459, 5, 180.58 W, 27, 120 MHz, 3996 MHz, 0 %, 0 %
2026/03/23 13:59:35.459, 6, 177.36 W, 26, 120 MHz, 3996 MHz, 0 %, 0 %
2026/03/23 13:59:35.459, 7, 176.58 W, 26, 120 MHz, 3996 MHz, 0 %, 0 %
2026/03/23 13:59:36.459, 0, 718.18 W, 40, 2032 MHz, 3996 MHz, 92 %, 21 %
2026/03/23 13:59:36.459, 1, 697.12 W, 43, 2032 MHz, 3996 MHz, 37 %, 19 %
2026/03/23 13:59:36.459, 2, 726.12 W, 41, 2032 MHz, 3996 MHz, 98 %, 19 %
2026/03/23 13:59:36.459, 3, 714.67 W, 44, 2032 MHz, 3996 MHz, 99 %, 20 %
2026/03/23 13:59:36.459, 4, 178.66 W, 25, 120 MHz, 3996 MHz, 0 %, 0 %
2026/03/23 13:59:36.459, 5, 180.58 W, 27, 120 MHz, 3996 MHz, 0 %, 0 %
2026/03/23 13:59:36.459, 6, 177.30 W, 26, 120 MHz, 3996 MHz, 0 %, 0 %
2026/03/23 13:59:36.459, 7, 176.58 W, 26, 120 MHz, 3996 MHz, 0 %, 0 %
2026/03/23 13:59:37.459, 0, 678.33 W, 40, 2032 MHz, 3996 MHz, 80 %, 47 %
2026/03/23 13:59:37.459, 1, 666.97 W, 44, 2032 MHz, 3996 MHz, 41 %, 22 %
2026/03/23 13:59:37.459, 2, 679.52 W, 41, 2032 MHz, 3996 MHz, 90 %, 38 %
2026/03/23 13:59:37.459, 3, 653.98 W, 44, 2032 MHz, 3996 MHz, 73 %, 46 %
2026/03/23 13:59:37.459, 4, 178.59 W, 25, 120 MHz, 3996 MHz, 0 %, 0 %
2026/03/23 13:59:37.459, 5, 180.58 W, 27, 120 MHz, 3996 MHz, 0 %, 0 %
2026/03/23 13:59:37.459, 6, 177.46 W, 26, 120 MHz, 3996 MHz, 0 %, 0 %
2026/03/23 13:59:37.459, 7, 176.59 W, 26, 120 MHz, 3996 MHz, 0 %, 0 %
2026/03/23 13:59:38.459, 0, 667.33 W, 40, 2032 MHz, 3996 MHz, 56 %, 33 %
2026/03/23 13:59:38.459, 1, 648.77 W, 43, 2032 MHz, 3996 MHz, 59 %, 36 %
2026/03/23 13:59:38.459, 2, 700.61 W, 41, 2032 MHz, 3996 MHz, 93 %, 24 %
2026/03/23 13:59:38.459, 3, 656.66 W, 44, 2032 MHz, 3996 MHz, 63 %, 39 %
2026/03/23 13:59:38.459, 4, 178.65 W, 25, 120 MHz, 3996 MHz, 0 %, 0 %
2026/03/23 13:59:38.459, 5, 180.58 W, 27, 120 MHz, 3996 MHz, 0 %, 0 %
2026/03/23 13:59:38.459, 6, 176.95 W, 26, 120 MHz, 3996 MHz, 0 %, 0 %
2026/03/23 13:59:38.459, 7, 176.58 W, 26, 120 MHz, 3996 MHz, 0 %, 0 %
2026/03/23 13:59:39.459, 0, 607.09 W, 39, 2032 MHz, 3996 MHz, 77 %, 35 %
2026/03/23 13:59:39.460, 1, 561.82 W, 42, 2032 MHz, 3996 MHz, 37 %, 20 %
2026/03/23 13:59:39.460, 2, 628.13 W, 40, 2032 MHz, 3996 MHz, 92 %, 29 %
2026/03/23 13:59:39.460, 3, 600.68 W, 44, 2032 MHz, 3996 MHz, 99 %, 19 %
2026/03/23 13:59:39.460, 4, 178.58 W, 25, 120 MHz, 3996 MHz, 0 %, 0 %
2026/03/23 13:59:39.460, 5, 180.58 W, 27, 120 MHz, 3996 MHz, 0 %, 0 %
2026/03/23 13:59:39.460, 6, 177.25 W, 26, 120 MHz, 3996 MHz, 0 %, 0 %
2026/03/23 13:59:39.460, 7, 176.59 W, 26, 120 MHz, 3996 MHz, 0 %, 0 %
2026/03/23 13:59:40.460, 0, 627.23 W, 40, 2032 MHz, 3996 MHz, 90 %, 25 %
2026/03/23 13:59:40.460, 1, 613.00 W, 43, 2032 MHz, 3996 MHz, 69 %, 29 %
2026/03/23 13:59:40.460, 2, 648.85 W, 41, 2032 MHz, 3996 MHz, 90 %, 29 %
2026/03/23 13:59:40.460, 3, 618.67 W, 43, 2032 MHz, 3996 MHz, 74 %, 48 %
2026/03/23 13:59:40.460, 4, 178.59 W, 25, 120 MHz, 3996 MHz, 0 %, 0 %
2026/03/23 13:59:40.460, 5, 180.58 W, 27, 120 MHz, 3996 MHz, 0 %, 0 %
2026/03/23 13:59:40.460, 6, 177.41 W, 26, 120 MHz, 3996 MHz, 0 %, 0 %
2026/03/23 13:59:40.460, 7, 176.58 W, 26, 120 MHz, 3996 MHz, 0 %, 0 %
2026/03/23 13:59:41.460, 0, 618.49 W, 40, 2032 MHz, 3996 MHz, 87 %, 25 %
2026/03/23 13:59:41.460, 1, 605.00 W, 44, 2032 MHz, 3996 MHz, 75 %, 46 %
2026/03/23 13:59:41.460, 2, 646.52 W, 41, 2032 MHz, 3996 MHz, 100 %, 65 %
2026/03/23 13:59:41.460, 3, 602.23 W, 44, 2032 MHz, 3996 MHz, 59 %, 26 %
2026/03/23 13:59:41.460, 4, 178.62 W, 25, 120 MHz, 3996 MHz, 0 %, 0 %
2026/03/23 13:59:41.460, 5, 180.58 W, 27, 120 MHz, 3996 MHz, 0 %, 0 %
2026/03/23 13:59:41.460, 6, 177.12 W, 26, 120 MHz, 3996 MHz, 0 %, 0 %
2026/03/23 13:59:41.460, 7, 176.58 W, 26, 120 MHz, 3996 MHz, 0 %, 0 %
2026/03/23 13:59:42.460, 0, 655.08 W, 39, 2032 MHz, 3996 MHz, 100 %, 62 %
2026/03/23 13:59:42.460, 1, 614.95 W, 43, 2032 MHz, 3996 MHz, 52 %, 20 %
2026/03/23 13:59:42.460, 2, 663.04 W, 41, 2032 MHz, 3996 MHz, 92 %, 30 %
2026/03/23 13:59:42.460, 3, 641.66 W, 44, 2032 MHz, 3996 MHz, 65 %, 42 %
2026/03/23 13:59:42.460, 4, 178.57 W, 25, 120 MHz, 3996 MHz, 0 %, 0 %
2026/03/23 13:59:42.460, 5, 180.58 W, 27, 120 MHz, 3996 MHz, 0 %, 0 %
2026/03/23 13:59:42.460, 6, 177.36 W, 26, 120 MHz, 3996 MHz, 0 %, 0 %
2026/03/23 13:59:42.460, 7, 176.58 W, 26, 120 MHz, 3996 MHz, 0 %, 0 %
2026/03/23 13:59:43.460, 0, 657.08 W, 40, 2032 MHz, 3996 MHz, 99 %, 24 %
2026/03/23 13:59:43.460, 1, 659.09 W, 43, 2032 MHz, 3996 MHz, 99 %, 19 %
2026/03/23 13:59:43.460, 2, 682.54 W, 40, 2032 MHz, 3996 MHz, 99 %, 20 %
2026/03/23 13:59:43.460, 3, 633.67 W, 43, 2032 MHz, 3996 MHz, 39 %, 20 %
2026/03/23 13:59:43.460, 4, 178.73 W, 25, 120 MHz, 3996 MHz, 0 %, 0 %
2026/03/23 13:59:43.460, 5, 180.58 W, 27, 120 MHz, 3996 MHz, 0 %, 0 %
2026/03/23 13:59:43.460, 6, 177.37 W, 26, 120 MHz, 3996 MHz, 0 %, 0 %
2026/03/23 13:59:43.460, 7, 176.58 W, 26, 120 MHz, 3996 MHz, 0 %, 0 %
2026/03/23 13:59:44.460, 0, 736.68 W, 41, 2032 MHz, 3996 MHz, 82 %, 20 %
2026/03/23 13:59:44.460, 1, 732.59 W, 43, 2032 MHz, 3996 MHz, 97 %, 66 %
2026/03/23 13:59:44.460, 2, 748.84 W, 41, 2032 MHz, 3996 MHz, 100 %, 69 %
2026/03/23 13:59:44.460, 3, 730.49 W, 44, 2032 MHz, 3996 MHz, 68 %, 43 %
2026/03/23 13:59:44.460, 4, 178.71 W, 25, 120 MHz, 3996 MHz, 0 %, 0 %
2026/03/23 13:59:44.460, 5, 180.58 W, 27, 120 MHz, 3996 MHz, 0 %, 0 %
2026/03/23 13:59:44.460, 6, 177.46 W, 26, 120 MHz, 3996 MHz, 0 %, 0 %
2026/03/23 13:59:44.460, 7, 176.58 W, 26, 120 MHz, 3996 MHz, 0 %, 0 %
2026/03/23 13:59:45.460, 0, 705.76 W, 41, 2032 MHz, 3996 MHz, 100 %, 69 %
2026/03/23 13:59:45.460, 1, 684.39 W, 44, 2032 MHz, 3996 MHz, 100 %, 69 %
2026/03/23 13:59:45.460, 2, 715.42 W, 42, 2032 MHz, 3996 MHz, 100 %, 44 %
2026/03/23 13:59:45.460, 3, 680.27 W, 45, 2032 MHz, 3996 MHz, 100 %, 69 %
2026/03/23 13:59:45.460, 4, 178.61 W, 25, 120 MHz, 3996 MHz, 0 %, 0 %
2026/03/23 13:59:45.460, 5, 180.58 W, 27, 120 MHz, 3996 MHz, 0 %, 0 %
2026/03/23 13:59:45.460, 6, 177.29 W, 26, 120 MHz, 3996 MHz, 0 %, 0 %
2026/03/23 13:59:45.460, 7, 176.58 W, 26, 120 MHz, 3996 MHz, 0 %, 0 %
2026/03/23 13:59:46.461, 0, 659.02 W, 40, 2032 MHz, 3996 MHz, 100 %, 19 %
2026/03/23 13:59:46.461, 1, 640.66 W, 43, 2032 MHz, 3996 MHz, 77 %, 47 %
2026/03/23 13:59:46.461, 2, 685.09 W, 40, 2032 MHz, 3996 MHz, 100 %, 53 %
2026/03/23 13:59:46.461, 3, 647.64 W, 43, 2032 MHz, 3996 MHz, 43 %, 25 %
2026/03/23 13:59:46.461, 4, 178.73 W, 25, 120 MHz, 3996 MHz, 0 %, 0 %
2026/03/23 13:59:46.461, 5, 180.58 W, 27, 120 MHz, 3996 MHz, 0 %, 0 %
2026/03/23 13:59:46.461, 6, 177.48 W, 26, 120 MHz, 3996 MHz, 0 %, 0 %
2026/03/23 13:59:46.461, 7, 176.58 W, 26, 120 MHz, 3996 MHz, 0 %, 0 %
2026/03/23 13:59:47.461, 0, 749.64 W, 41, 2032 MHz, 3996 MHz, 100 %, 69 %
2026/03/23 13:59:47.461, 1, 747.60 W, 45, 2032 MHz, 3996 MHz, 100 %, 69 %
2026/03/23 13:59:47.461, 2, 753.97 W, 42, 2032 MHz, 3996 MHz, 100 %, 69 %
2026/03/23 13:59:47.461, 3, 737.51 W, 46, 2032 MHz, 3996 MHz, 100 %, 69 %
2026/03/23 13:59:47.461, 4, 178.69 W, 25, 120 MHz, 3996 MHz, 0 %, 0 %
2026/03/23 13:59:47.461, 5, 180.58 W, 27, 120 MHz, 3996 MHz, 0 %, 0 %
2026/03/23 13:59:47.461, 6, 177.65 W, 26, 120 MHz, 3996 MHz, 0 %, 0 %
2026/03/23 13:59:47.461, 7, 176.58 W, 26, 120 MHz, 3996 MHz, 0 %, 0 %
2026/03/23 13:59:48.461, 0, 724.22 W, 41, 2032 MHz, 3996 MHz, 100 %, 69 %
2026/03/23 13:59:48.461, 1, 713.83 W, 44, 2032 MHz, 3996 MHz, 61 %, 37 %
2026/03/23 13:59:48.461, 2, 738.05 W, 41, 2032 MHz, 3996 MHz, 92 %, 22 %
2026/03/23 13:59:48.461, 3, 714.67 W, 45, 2032 MHz, 3996 MHz, 89 %, 60 %
2026/03/23 13:59:48.461, 4, 178.70 W, 25, 120 MHz, 3996 MHz, 0 %, 0 %
2026/03/23 13:59:48.461, 5, 180.58 W, 27, 120 MHz, 3996 MHz, 0 %, 0 %
2026/03/23 13:59:48.461, 6, 177.41 W, 26, 120 MHz, 3996 MHz, 0 %, 0 %
2026/03/23 13:59:48.461, 7, 176.58 W, 26, 120 MHz, 3996 MHz, 0 %, 0 %
2026/03/23 13:59:49.461, 0, 692.27 W, 41, 2032 MHz, 3996 MHz, 100 %, 69 %
2026/03/23 13:59:49.461, 1, 669.44 W, 45, 2032 MHz, 3996 MHz, 100 %, 69 %
2026/03/23 13:59:49.461, 2, 703.61 W, 42, 2032 MHz, 3996 MHz, 100 %, 69 %
2026/03/23 13:59:49.461, 3, 681.76 W, 45, 2032 MHz, 3996 MHz, 100 %, 69 %
2026/03/23 13:59:49.461, 4, 178.79 W, 25, 120 MHz, 3996 MHz, 0 %, 0 %
2026/03/23 13:59:49.461, 5, 180.58 W, 27, 120 MHz, 3996 MHz, 0 %, 0 %
2026/03/23 13:59:49.461, 6, 177.16 W, 26, 120 MHz, 3996 MHz, 0 %, 0 %
2026/03/23 13:59:49.461, 7, 176.58 W, 26, 120 MHz, 3996 MHz, 0 %, 0 %
2026/03/23 13:59:50.461, 0, 761.84 W, 41, 2032 MHz, 3996 MHz, 100 %, 69 %
2026/03/23 13:59:50.461, 1, 760.46 W, 45, 2032 MHz, 3996 MHz, 100 %, 69 %
2026/03/23 13:59:50.461, 2, 775.81 W, 42, 2032 MHz, 3996 MHz, 100 %, 69 %
2026/03/23 13:59:50.461, 3, 761.34 W, 46, 2032 MHz, 3996 MHz, 100 %, 69 %
2026/03/23 13:59:50.461, 4, 178.83 W, 25, 120 MHz, 3996 MHz, 0 %, 0 %
2026/03/23 13:59:50.461, 5, 180.58 W, 27, 120 MHz, 3996 MHz, 0 %, 0 %
2026/03/23 13:59:50.461, 6, 177.59 W, 26, 120 MHz, 3996 MHz, 0 %, 0 %
2026/03/23 13:59:50.461, 7, 176.58 W, 26, 120 MHz, 3996 MHz, 0 %, 0 %
2026/03/23 13:59:51.461, 0, 664.04 W, 40, 2032 MHz, 3996 MHz, 64 %, 30 %
2026/03/23 13:59:51.461, 1, 657.00 W, 43, 2032 MHz, 3996 MHz, 100 %, 69 %
2026/03/23 13:59:51.461, 2, 696.60 W, 41, 2032 MHz, 3996 MHz, 100 %, 65 %
2026/03/23 13:59:51.461, 3, 657.49 W, 44, 2032 MHz, 3996 MHz, 80 %, 51 %
2026/03/23 13:59:51.461, 4, 178.83 W, 25, 120 MHz, 3996 MHz, 0 %, 0 %
2026/03/23 13:59:51.461, 5, 180.58 W, 27, 120 MHz, 3996 MHz, 0 %, 0 %
2026/03/23 13:59:51.461, 6, 177.41 W, 26, 120 MHz, 3996 MHz, 0 %, 0 %
2026/03/23 13:59:51.461, 7, 176.58 W, 26, 120 MHz, 3996 MHz, 0 %, 0 %
2026/03/23 13:59:52.461, 0, 738.42 W, 41, 2032 MHz, 3996 MHz, 100 %, 68 %
2026/03/23 13:59:52.461, 1, 729.71 W, 45, 2032 MHz, 3996 MHz, 100 %, 69 %
2026/03/23 13:59:52.461, 2, 740.96 W, 42, 2032 MHz, 3996 MHz, 100 %, 61 %
2026/03/23 13:59:52.461, 3, 719.73 W, 45, 2032 MHz, 3996 MHz, 100 %, 69 %
2026/03/23 13:59:52.461, 4, 178.71 W, 25, 120 MHz, 3996 MHz, 0 %, 0 %
2026/03/23 13:59:52.461, 5, 180.58 W, 27, 120 MHz, 3996 MHz, 0 %, 0 %
2026/03/23 13:59:52.461, 6, 177.49 W, 26, 120 MHz, 3996 MHz, 0 %, 0 %
2026/03/23 13:59:52.461, 7, 176.58 W, 26, 120 MHz, 3996 MHz, 0 %, 0 %
2026/03/23 13:59:53.461, 0, 756.36 W, 41, 2032 MHz, 3996 MHz, 100 %, 69 %
2026/03/23 13:59:53.461, 1, 758.46 W, 45, 2032 MHz, 3996 MHz, 100 %, 69 %
2026/03/23 13:59:53.462, 2, 772.63 W, 42, 2032 MHz, 3996 MHz, 100 %, 68 %
2026/03/23 13:59:53.462, 3, 761.74 W, 45, 2032 MHz, 3996 MHz, 100 %, 68 %
2026/03/23 13:59:53.462, 4, 178.62 W, 25, 120 MHz, 3996 MHz, 0 %, 0 %
2026/03/23 13:59:53.462, 5, 180.58 W, 27, 120 MHz, 3996 MHz, 0 %, 0 %
2026/03/23 13:59:53.462, 6, 177.34 W, 26, 120 MHz, 3996 MHz, 0 %, 0 %
2026/03/23 13:59:53.462, 7, 176.58 W, 26, 120 MHz, 3996 MHz, 0 %, 0 %
2026/03/23 13:59:54.462, 0, 793.83 W, 42, 2032 MHz, 3996 MHz, 100 %, 69 %
2026/03/23 13:59:54.462, 1, 802.05 W, 45, 2032 MHz, 3996 MHz, 100 %, 68 %
2026/03/23 13:59:54.462, 2, 806.54 W, 42, 2032 MHz, 3996 MHz, 100 %, 69 %
2026/03/23 13:59:54.462, 3, 804.20 W, 46, 2032 MHz, 3996 MHz, 100 %, 68 %
2026/03/23 13:59:54.462, 4, 178.78 W, 25, 120 MHz, 3996 MHz, 0 %, 0 %
2026/03/23 13:59:54.462, 5, 180.58 W, 27, 120 MHz, 3996 MHz, 0 %, 0 %
2026/03/23 13:59:54.462, 6, 177.60 W, 26, 120 MHz, 3996 MHz, 0 %, 0 %
2026/03/23 13:59:54.462, 7, 176.58 W, 26, 120 MHz, 3996 MHz, 0 %, 0 %
2026/03/23 13:59:55.462, 0, 794.53 W, 42, 2032 MHz, 3996 MHz, 100 %, 69 %
2026/03/23 13:59:55.462, 1, 802.15 W, 46, 2032 MHz, 3996 MHz, 100 %, 69 %
2026/03/23 13:59:55.462, 2, 807.11 W, 42, 2032 MHz, 3996 MHz, 100 %, 68 %
2026/03/23 13:59:55.462, 3, 803.68 W, 46, 2032 MHz, 3996 MHz, 100 %, 68 %
2026/03/23 13:59:55.462, 4, 178.71 W, 25, 120 MHz, 3996 MHz, 0 %, 0 %
2026/03/23 13:59:55.462, 5, 180.58 W, 27, 120 MHz, 3996 MHz, 0 %, 0 %
2026/03/23 13:59:55.462, 6, 177.10 W, 26, 120 MHz, 3996 MHz, 0 %, 0 %
2026/03/23 13:59:55.462, 7, 176.58 W, 26, 120 MHz, 3996 MHz, 0 %, 0 %
2026/03/23 13:59:56.462, 0, 795.34 W, 42, 2032 MHz, 3996 MHz, 100 %, 68 %
2026/03/23 13:59:56.462, 1, 802.49 W, 46, 2032 MHz, 3996 MHz, 100 %, 69 %
2026/03/23 13:59:56.462, 2, 807.99 W, 42, 2032 MHz, 3996 MHz, 100 %, 69 %
2026/03/23 13:59:56.462, 3, 804.97 W, 46, 2032 MHz, 3996 MHz, 100 %, 68 %
2026/03/23 13:59:56.462, 4, 178.78 W, 25, 120 MHz, 3996 MHz, 0 %, 0 %
2026/03/23 13:59:56.462, 5, 180.58 W, 27, 120 MHz, 3996 MHz, 0 %, 0 %
2026/03/23 13:59:56.462, 6, 177.39 W, 26, 120 MHz, 3996 MHz, 0 %, 0 %
2026/03/23 13:59:56.462, 7, 176.58 W, 26, 120 MHz, 3996 MHz, 0 %, 0 %
2026/03/23 13:59:57.462, 0, 795.61 W, 42, 2032 MHz, 3996 MHz, 100 %, 68 %
2026/03/23 13:59:57.462, 1, 804.33 W, 46, 2032 MHz, 3996 MHz, 100 %, 69 %
2026/03/23 13:59:57.462, 2, 807.37 W, 42, 2032 MHz, 3996 MHz, 100 %, 69 %
2026/03/23 13:59:57.462, 3, 805.42 W, 46, 2032 MHz, 3996 MHz, 100 %, 68 %
2026/03/23 13:59:57.462, 4, 178.64 W, 25, 120 MHz, 3996 MHz, 0 %, 0 %
2026/03/23 13:59:57.462, 5, 180.58 W, 27, 120 MHz, 3996 MHz, 0 %, 0 %
2026/03/23 13:59:57.462, 6, 177.37 W, 26, 120 MHz, 3996 MHz, 0 %, 0 %
2026/03/23 13:59:57.462, 7, 176.58 W, 26, 120 MHz, 3996 MHz, 0 %, 0 %
2026/03/23 13:59:58.462, 0, 796.31 W, 42, 2032 MHz, 3996 MHz, 100 %, 69 %
2026/03/23 13:59:58.462, 1, 805.11 W, 46, 2032 MHz, 3996 MHz, 100 %, 69 %
2026/03/23 13:59:58.462, 2, 808.85 W, 43, 2032 MHz, 3996 MHz, 100 %, 68 %
2026/03/23 13:59:58.462, 3, 806.96 W, 46, 2032 MHz, 3996 MHz, 100 %, 69 %
2026/03/23 13:59:58.462, 4, 178.76 W, 25, 120 MHz, 3996 MHz, 0 %, 0 %
2026/03/23 13:59:58.462, 5, 180.58 W, 27, 120 MHz, 3996 MHz, 0 %, 0 %
2026/03/23 13:59:58.462, 6, 177.35 W, 26, 120 MHz, 3996 MHz, 0 %, 0 %
2026/03/23 13:59:58.462, 7, 176.58 W, 26, 120 MHz, 3996 MHz, 0 %, 0 %
2026/03/23 13:59:59.462, 0, 796.22 W, 42, 2032 MHz, 3996 MHz, 100 %, 68 %
2026/03/23 13:59:59.462, 1, 804.89 W, 46, 2032 MHz, 3996 MHz, 100 %, 69 %
2026/03/23 13:59:59.462, 2, 809.86 W, 43, 2032 MHz, 3996 MHz, 100 %, 68 %
2026/03/23 13:59:59.462, 3, 808.85 W, 46, 2032 MHz, 3996 MHz, 100 %, 68 %
2026/03/23 13:59:59.462, 4, 178.70 W, 25, 120 MHz, 3996 MHz, 0 %, 0 %
2026/03/23 13:59:59.462, 5, 180.58 W, 27, 120 MHz, 3996 MHz, 0 %, 0 %
2026/03/23 13:59:59.462, 6, 177.48 W, 26, 120 MHz, 3996 MHz, 0 %, 0 %
2026/03/23 13:59:59.462, 7, 176.58 W, 26, 120 MHz, 3996 MHz, 0 %, 0 %
2026/03/23 14:00:00.462, 0, 720.81 W, 41, 2032 MHz, 3996 MHz, 100 %, 63 %
2026/03/23 14:00:00.462, 1, 722.79 W, 45, 2032 MHz, 3996 MHz, 75 %, 20 %
2026/03/23 14:00:00.462, 2, 733.71 W, 42, 2032 MHz, 3996 MHz, 91 %, 41 %
2026/03/23 14:00:00.462, 3, 722.47 W, 45, 2032 MHz, 3996 MHz, 67 %, 43 %
2026/03/23 14:00:00.462, 4, 178.64 W, 25, 120 MHz, 3996 MHz, 0 %, 0 %
2026/03/23 14:00:00.462, 5, 180.58 W, 27, 120 MHz, 3996 MHz, 0 %, 0 %
2026/03/23 14:00:00.463, 6, 177.51 W, 26, 120 MHz, 3996 MHz, 0 %, 0 %
2026/03/23 14:00:00.463, 7, 176.58 W, 26, 120 MHz, 3996 MHz, 0 %, 0 %
2026/03/23 14:00:01.463, 0, 683.95 W, 40, 2032 MHz, 3996 MHz, 85 %, 20 %
2026/03/23 14:00:01.463, 1, 673.10 W, 44, 2032 MHz, 3996 MHz, 75 %, 48 %
2026/03/23 14:00:01.463, 2, 719.25 W, 41, 2032 MHz, 3996 MHz, 100 %, 68 %
2026/03/23 14:00:01.463, 3, 679.42 W, 44, 2032 MHz, 3996 MHz, 59 %, 25 %
2026/03/23 14:00:01.463, 4, 178.63 W, 25, 120 MHz, 3996 MHz, 0 %, 0 %
2026/03/23 14:00:01.463, 5, 180.58 W, 27, 120 MHz, 3996 MHz, 0 %, 0 %
2026/03/23 14:00:01.463, 6, 177.42 W, 26, 120 MHz, 3996 MHz, 0 %, 0 %
2026/03/23 14:00:01.463, 7, 176.58 W, 26, 120 MHz, 3996 MHz, 0 %, 0 %
2026/03/23 14:00:02.463, 0, 729.76 W, 40, 2032 MHz, 3996 MHz, 78 %, 24 %
2026/03/23 14:00:02.463, 1, 718.82 W, 44, 2032 MHz, 3996 MHz, 100 %, 69 %
2026/03/23 14:00:02.463, 2, 747.01 W, 41, 2032 MHz, 3996 MHz, 100 %, 68 %
2026/03/23 14:00:02.463, 3, 733.59 W, 45, 2032 MHz, 3996 MHz, 75 %, 47 %
2026/03/23 14:00:02.463, 4, 178.55 W, 25, 120 MHz, 3996 MHz, 0 %, 0 %
2026/03/23 14:00:02.463, 5, 180.58 W, 27, 120 MHz, 3996 MHz, 0 %, 0 %
2026/03/23 14:00:02.463, 6, 177.00 W, 26, 120 MHz, 3996 MHz, 0 %, 0 %
2026/03/23 14:00:02.463, 7, 176.58 W, 26, 120 MHz, 3996 MHz, 0 %, 0 %
2026/03/23 14:00:03.463, 0, 616.78 W, 40, 2032 MHz, 3996 MHz, 74 %, 30 %
2026/03/23 14:00:03.463, 1, 590.15 W, 43, 2032 MHz, 3996 MHz, 45 %, 20 %
2026/03/23 14:00:03.463, 2, 642.34 W, 41, 2032 MHz, 3996 MHz, 90 %, 52 %
2026/03/23 14:00:03.463, 3, 593.50 W, 44, 2032 MHz, 3996 MHz, 50 %, 30 %
2026/03/23 14:00:03.463, 4, 178.70 W, 25, 120 MHz, 3996 MHz, 0 %, 0 %
2026/03/23 14:00:03.463, 5, 180.58 W, 27, 120 MHz, 3996 MHz, 0 %, 0 %
2026/03/23 14:00:03.463, 6, 177.23 W, 26, 120 MHz, 3996 MHz, 0 %, 0 %
2026/03/23 14:00:03.463, 7, 176.58 W, 26, 120 MHz, 3996 MHz, 0 %, 0 %
2026/03/23 14:00:04.463, 0, 670.73 W, 40, 2032 MHz, 3996 MHz, 94 %, 21 %
2026/03/23 14:00:04.463, 1, 639.51 W, 43, 2032 MHz, 3996 MHz, 88 %, 59 %
2026/03/23 14:00:04.463, 2, 693.22 W, 41, 2032 MHz, 3996 MHz, 100 %, 68 %
2026/03/23 14:00:04.463, 3, 651.57 W, 44, 2032 MHz, 3996 MHz, 65 %, 37 %
2026/03/23 14:00:04.463, 4, 178.71 W, 25, 120 MHz, 3996 MHz, 0 %, 0 %
2026/03/23 14:00:04.463, 5, 180.58 W, 27, 120 MHz, 3996 MHz, 0 %, 0 %
2026/03/23 14:00:04.463, 6, 177.58 W, 26, 120 MHz, 3996 MHz, 0 %, 0 %
2026/03/23 14:00:04.463, 7, 176.58 W, 26, 120 MHz, 3996 MHz, 0 %, 0 %
2026/03/23 14:00:05.463, 0, 724.23 W, 41, 2032 MHz, 3996 MHz, 100 %, 55 %
2026/03/23 14:00:05.463, 1, 711.82 W, 44, 2032 MHz, 3996 MHz, 54 %, 25 %
2026/03/23 14:00:05.463, 2, 722.76 W, 41, 2032 MHz, 3996 MHz, 94 %, 53 %
2026/03/23 14:00:05.463, 3, 721.37 W, 45, 2032 MHz, 3996 MHz, 72 %, 35 %
2026/03/23 14:00:05.463, 4, 178.62 W, 25, 120 MHz, 3996 MHz, 0 %, 0 %
2026/03/23 14:00:05.463, 5, 180.58 W, 27, 120 MHz, 3996 MHz, 0 %, 0 %
2026/03/23 14:00:05.463, 6, 177.29 W, 26, 120 MHz, 3996 MHz, 0 %, 0 %
2026/03/23 14:00:05.463, 7, 176.58 W, 26, 120 MHz, 3996 MHz, 0 %, 0 %
2026/03/23 14:00:06.463, 0, 689.67 W, 41, 2032 MHz, 3996 MHz, 100 %, 34 %
2026/03/23 14:00:06.463, 1, 670.31 W, 44, 2032 MHz, 3996 MHz, 50 %, 29 %
2026/03/23 14:00:06.463, 2, 710.51 W, 41, 2032 MHz, 3996 MHz, 100 %, 69 %
2026/03/23 14:00:06.463, 3, 671.68 W, 44, 2032 MHz, 3996 MHz, 43 %, 20 %
2026/03/23 14:00:06.463, 4, 178.70 W, 25, 120 MHz, 3996 MHz, 0 %, 0 %
2026/03/23 14:00:06.463, 5, 180.58 W, 27, 120 MHz, 3996 MHz, 0 %, 0 %
2026/03/23 14:00:06.463, 6, 177.55 W, 26, 120 MHz, 3996 MHz, 0 %, 0 %
2026/03/23 14:00:06.463, 7, 176.58 W, 26, 120 MHz, 3996 MHz, 0 %, 0 %
2026/03/23 14:00:07.463, 0, 672.78 W, 40, 2032 MHz, 3996 MHz, 91 %, 33 %
2026/03/23 14:00:07.463, 1, 657.73 W, 44, 2032 MHz, 3996 MHz, 82 %, 54 %
2026/03/23 14:00:07.463, 2, 695.29 W, 41, 2032 MHz, 3996 MHz, 99 %, 20 %
2026/03/23 14:00:07.463, 3, 657.89 W, 45, 2032 MHz, 3996 MHz, 84 %, 52 %
2026/03/23 14:00:07.463, 4, 178.68 W, 25, 120 MHz, 3996 MHz, 0 %, 0 %
2026/03/23 14:00:07.463, 5, 180.58 W, 27, 120 MHz, 3996 MHz, 0 %, 0 %
2026/03/23 14:00:07.463, 6, 177.31 W, 26, 120 MHz, 3996 MHz, 0 %, 0 %
2026/03/23 14:00:07.463, 7, 176.58 W, 26, 120 MHz, 3996 MHz, 0 %, 0 %
2026/03/23 14:00:08.464, 0, 668.84 W, 40, 2032 MHz, 3996 MHz, 89 %, 52 %
2026/03/23 14:00:08.464, 1, 646.59 W, 44, 2032 MHz, 3996 MHz, 38 %, 20 %
2026/03/23 14:00:08.464, 2, 678.60 W, 41, 2032 MHz, 3996 MHz, 97 %, 44 %
2026/03/23 14:00:08.464, 3, 662.11 W, 45, 2032 MHz, 3996 MHz, 100 %, 37 %
2026/03/23 14:00:08.464, 4, 178.65 W, 25, 120 MHz, 3996 MHz, 0 %, 0 %
2026/03/23 14:00:08.464, 5, 180.58 W, 27, 120 MHz, 3996 MHz, 0 %, 0 %
2026/03/23 14:00:08.464, 6, 177.37 W, 26, 120 MHz, 3996 MHz, 0 %, 0 %
2026/03/23 14:00:08.464, 7, 176.58 W, 26, 120 MHz, 3996 MHz, 0 %, 0 %
2026/03/23 14:00:09.464, 0, 696.19 W, 40, 2032 MHz, 3996 MHz, 97 %, 21 %
2026/03/23 14:00:09.464, 1, 685.89 W, 43, 2032 MHz, 3996 MHz, 71 %, 45 %
2026/03/23 14:00:09.464, 2, 715.20 W, 41, 2032 MHz, 3996 MHz, 100 %, 69 %
2026/03/23 14:00:09.464, 3, 679.92 W, 44, 2032 MHz, 3996 MHz, 57 %, 23 %
2026/03/23 14:00:09.464, 4, 178.62 W, 25, 120 MHz, 3996 MHz, 0 %, 0 %
2026/03/23 14:00:09.464, 5, 180.58 W, 27, 120 MHz, 3996 MHz, 0 %, 0 %
2026/03/23 14:00:09.464, 6, 177.38 W, 26, 120 MHz, 3996 MHz, 0 %, 0 %
2026/03/23 14:00:09.464, 7, 176.58 W, 26, 120 MHz, 3996 MHz, 0 %, 0 %
2026/03/23 14:00:10.464, 0, 614.65 W, 40, 2032 MHz, 3996 MHz, 100 %, 27 %
2026/03/23 14:00:10.464, 1, 574.18 W, 42, 2032 MHz, 3996 MHz, 58 %, 36 %
2026/03/23 14:00:10.464, 2, 634.50 W, 40, 2032 MHz, 3996 MHz, 100 %, 61 %
2026/03/23 14:00:10.464, 3, 587.63 W, 43, 2032 MHz, 3996 MHz, 52 %, 20 %
2026/03/23 14:00:10.464, 4, 178.65 W, 25, 120 MHz, 3996 MHz, 0 %, 0 %
2026/03/23 14:00:10.464, 5, 180.58 W, 27, 120 MHz, 3996 MHz, 0 %, 0 %
2026/03/23 14:00:10.464, 6, 177.33 W, 26, 120 MHz, 3996 MHz, 0 %, 0 %
2026/03/23 14:00:10.464, 7, 176.58 W, 26, 120 MHz, 3996 MHz, 0 %, 0 %
2026/03/23 14:00:11.464, 0, 649.09 W, 41, 2032 MHz, 3996 MHz, 100 %, 67 %
2026/03/23 14:00:11.464, 1, 628.50 W, 44, 2032 MHz, 3996 MHz, 100 %, 67 %
2026/03/23 14:00:11.464, 2, 660.44 W, 41, 2032 MHz, 3996 MHz, 100 %, 40 %
2026/03/23 14:00:11.464, 3, 633.81 W, 45, 2032 MHz, 3996 MHz, 100 %, 67 %
2026/03/23 14:00:11.464, 4, 178.73 W, 25, 120 MHz, 3996 MHz, 0 %, 0 %
2026/03/23 14:00:11.464, 5, 180.58 W, 27, 120 MHz, 3996 MHz, 0 %, 0 %
2026/03/23 14:00:11.464, 6, 177.45 W, 26, 120 MHz, 3996 MHz, 0 %, 0 %
2026/03/23 14:00:11.464, 7, 176.58 W, 26, 120 MHz, 3996 MHz, 0 %, 0 %
2026/03/23 14:00:12.464, 0, 649.79 W, 39, 2032 MHz, 3996 MHz, 99 %, 19 %
2026/03/23 14:00:12.464, 1, 658.12 W, 43, 2032 MHz, 3996 MHz, 98 %, 20 %
2026/03/23 14:00:12.464, 2, 667.32 W, 40, 2032 MHz, 3996 MHz, 100 %, 19 %
2026/03/23 14:00:12.464, 3, 637.51 W, 43, 2032 MHz, 3996 MHz, 40 %, 20 %
2026/03/23 14:00:12.464, 4, 178.77 W, 25, 120 MHz, 3996 MHz, 0 %, 0 %
2026/03/23 14:00:12.464, 5, 180.58 W, 27, 120 MHz, 3996 MHz, 0 %, 0 %
2026/03/23 14:00:12.464, 6, 177.54 W, 26, 120 MHz, 3996 MHz, 0 %, 0 %
2026/03/23 14:00:12.464, 7, 176.58 W, 26, 120 MHz, 3996 MHz, 0 %, 0 %
2026/03/23 14:00:13.464, 0, 693.27 W, 41, 2032 MHz, 3996 MHz, 100 %, 67 %
2026/03/23 14:00:13.464, 1, 678.08 W, 44, 2032 MHz, 3996 MHz, 100 %, 67 %
2026/03/23 14:00:13.464, 2, 698.09 W, 41, 2032 MHz, 3996 MHz, 100 %, 56 %
2026/03/23 14:00:13.464, 3, 667.96 W, 45, 2032 MHz, 3996 MHz, 100 %, 67 %
2026/03/23 14:00:13.464, 4, 178.58 W, 25, 120 MHz, 3996 MHz, 0 %, 0 %
2026/03/23 14:00:13.464, 5, 180.58 W, 27, 120 MHz, 3996 MHz, 0 %, 0 %
2026/03/23 14:00:13.464, 6, 177.10 W, 26, 120 MHz, 3996 MHz, 0 %, 0 %
2026/03/23 14:00:13.464, 7, 176.58 W, 26, 120 MHz, 3996 MHz, 0 %, 0 %
2026/03/23 14:00:14.465, 0, 719.37 W, 40, 2032 MHz, 3996 MHz, 94 %, 20 %
2026/03/23 14:00:14.465, 1, 711.83 W, 43, 2032 MHz, 3996 MHz, 40 %, 20 %
2026/03/23 14:00:14.465, 2, 744.76 W, 41, 2032 MHz, 3996 MHz, 100 %, 68 %
2026/03/23 14:00:14.465, 3, 725.15 W, 44, 2032 MHz, 3996 MHz, 60 %, 25 %
2026/03/23 14:00:14.465, 4, 178.81 W, 25, 120 MHz, 3996 MHz, 0 %, 0 %
2026/03/23 14:00:14.465, 5, 180.58 W, 27, 120 MHz, 3996 MHz, 0 %, 0 %
2026/03/23 14:00:14.465, 6, 177.35 W, 26, 120 MHz, 3996 MHz, 0 %, 0 %
2026/03/23 14:00:14.465, 7, 176.58 W, 26, 120 MHz, 3996 MHz, 0 %, 0 %
2026/03/23 14:00:15.465, 0, 734.37 W, 40, 2032 MHz, 3996 MHz, 92 %, 39 %
2026/03/23 14:00:15.465, 1, 728.72 W, 44, 2032 MHz, 3996 MHz, 76 %, 36 %
2026/03/23 14:00:15.465, 2, 748.14 W, 41, 2032 MHz, 3996 MHz, 99 %, 19 %
2026/03/23 14:00:15.465, 3, 731.36 W, 44, 2032 MHz, 3996 MHz, 89 %, 59 %
2026/03/23 14:00:15.465, 4, 178.69 W, 25, 120 MHz, 3996 MHz, 0 %, 0 %
2026/03/23 14:00:15.465, 5, 180.58 W, 27, 120 MHz, 3996 MHz, 0 %, 0 %
2026/03/23 14:00:15.465, 6, 177.32 W, 26, 120 MHz, 3996 MHz, 0 %, 0 %
2026/03/23 14:00:15.465, 7, 176.58 W, 26, 120 MHz, 3996 MHz, 0 %, 0 %
2026/03/23 14:00:16.465, 0, 694.02 W, 41, 2032 MHz, 3996 MHz, 100 %, 55 %
2026/03/23 14:00:16.465, 1, 679.63 W, 44, 2032 MHz, 3996 MHz, 88 %, 58 %
2026/03/23 14:00:16.465, 2, 699.80 W, 41, 2032 MHz, 3996 MHz, 91 %, 47 %
2026/03/23 14:00:16.465, 3, 668.17 W, 44, 2032 MHz, 3996 MHz, 60 %, 35 %
2026/03/23 14:00:16.465, 4, 178.74 W, 25, 120 MHz, 3996 MHz, 0 %, 0 %
2026/03/23 14:00:16.465, 5, 180.58 W, 27, 120 MHz, 3996 MHz, 0 %, 0 %
2026/03/23 14:00:16.465, 6, 177.07 W, 26, 120 MHz, 3996 MHz, 0 %, 0 %
2026/03/23 14:00:16.465, 7, 176.58 W, 26, 120 MHz, 3996 MHz, 0 %, 0 %
2026/03/23 14:00:17.465, 0, 721.20 W, 40, 2032 MHz, 3996 MHz, 96 %, 21 %
2026/03/23 14:00:17.465, 1, 710.55 W, 43, 2032 MHz, 3996 MHz, 45 %, 24 %
2026/03/23 14:00:17.465, 2, 741.65 W, 41, 2032 MHz, 3996 MHz, 100 %, 67 %
2026/03/23 14:00:17.465, 3, 715.27 W, 44, 2032 MHz, 3996 MHz, 44 %, 20 %
2026/03/23 14:00:17.465, 4, 178.67 W, 25, 120 MHz, 3996 MHz, 0 %, 0 %
2026/03/23 14:00:17.465, 5, 180.58 W, 27, 120 MHz, 3996 MHz, 0 %, 0 %
2026/03/23 14:00:17.465, 6, 177.10 W, 26, 120 MHz, 3996 MHz, 0 %, 0 %
2026/03/23 14:00:17.465, 7, 176.58 W, 26, 120 MHz, 3996 MHz, 0 %, 0 %
2026/03/23 14:00:18.465, 0, 715.66 W, 41, 2032 MHz, 3996 MHz, 100 %, 67 %
2026/03/23 14:00:18.465, 1, 695.34 W, 45, 2032 MHz, 3996 MHz, 100 %, 67 %
2026/03/23 14:00:18.465, 2, 723.57 W, 42, 2032 MHz, 3996 MHz, 100 %, 67 %
2026/03/23 14:00:18.465, 3, 705.28 W, 45, 2032 MHz, 3996 MHz, 100 %, 67 %
2026/03/23 14:00:18.465, 4, 178.74 W, 25, 120 MHz, 3996 MHz, 0 %, 0 %
2026/03/23 14:00:18.465, 5, 180.58 W, 27, 120 MHz, 3996 MHz, 0 %, 0 %
2026/03/23 14:00:18.465, 6, 177.25 W, 26, 120 MHz, 3996 MHz, 0 %, 0 %
2026/03/23 14:00:18.465, 7, 176.58 W, 26, 120 MHz, 3996 MHz, 0 %, 0 %
2026/03/23 14:00:19.465, 0, 750.20 W, 41, 2032 MHz, 3996 MHz, 100 %, 53 %
2026/03/23 14:00:19.465, 1, 757.47 W, 45, 2032 MHz, 3996 MHz, 100 %, 56 %
2026/03/23 14:00:19.465, 2, 762.74 W, 41, 2032 MHz, 3996 MHz, 81 %, 48 %
2026/03/23 14:00:19.465, 3, 752.42 W, 45, 2032 MHz, 3996 MHz, 53 %, 31 %
2026/03/23 14:00:19.465, 4, 178.64 W, 25, 120 MHz, 3996 MHz, 0 %, 0 %
2026/03/23 14:00:19.465, 5, 180.58 W, 27, 120 MHz, 3996 MHz, 0 %, 0 %
2026/03/23 14:00:19.465, 6, 177.23 W, 26, 120 MHz, 3996 MHz, 0 %, 0 %
2026/03/23 14:00:19.465, 7, 176.58 W, 26, 120 MHz, 3996 MHz, 0 %, 0 %
2026/03/23 14:00:20.465, 0, 749.78 W, 41, 2032 MHz, 3996 MHz, 100 %, 67 %
2026/03/23 14:00:20.465, 1, 746.89 W, 45, 2032 MHz, 3996 MHz, 100 %, 67 %
2026/03/23 14:00:20.465, 2, 762.48 W, 42, 2032 MHz, 3996 MHz, 99 %, 24 %
2026/03/23 14:00:20.465, 3, 748.54 W, 45, 2032 MHz, 3996 MHz, 100 %, 67 %
2026/03/23 14:00:20.465, 4, 178.61 W, 25, 120 MHz, 3996 MHz, 0 %, 0 %
2026/03/23 14:00:20.465, 5, 180.58 W, 27, 120 MHz, 3996 MHz, 0 %, 0 %
2026/03/23 14:00:20.465, 6, 177.34 W, 26, 120 MHz, 3996 MHz, 0 %, 0 %
2026/03/23 14:00:20.465, 7, 176.58 W, 26, 120 MHz, 3996 MHz, 0 %, 0 %
2026/03/23 14:00:21.466, 0, 783.06 W, 42, 2032 MHz, 3996 MHz, 100 %, 67 %
2026/03/23 14:00:21.466, 1, 791.69 W, 45, 2032 MHz, 3996 MHz, 100 %, 67 %
2026/03/23 14:00:21.466, 2, 795.29 W, 42, 2032 MHz, 3996 MHz, 100 %, 67 %
2026/03/23 14:00:21.466, 3, 793.37 W, 46, 2032 MHz, 3996 MHz, 100 %, 67 %
2026/03/23 14:00:21.466, 4, 178.66 W, 25, 120 MHz, 3996 MHz, 0 %, 0 %
2026/03/23 14:00:21.466, 5, 180.58 W, 27, 120 MHz, 3996 MHz, 0 %, 0 %
2026/03/23 14:00:21.466, 6, 177.15 W, 26, 120 MHz, 3996 MHz, 0 %, 0 %
2026/03/23 14:00:21.466, 7, 176.58 W, 26, 120 MHz, 3996 MHz, 0 %, 0 %
2026/03/23 14:00:22.466, 0, 786.08 W, 42, 2032 MHz, 3996 MHz, 100 %, 67 %
2026/03/23 14:00:22.466, 1, 792.95 W, 45, 2032 MHz, 3996 MHz, 100 %, 67 %
2026/03/23 14:00:22.466, 2, 797.41 W, 42, 2032 MHz, 3996 MHz, 100 %, 67 %
2026/03/23 14:00:22.466, 3, 794.84 W, 46, 2032 MHz, 3996 MHz, 100 %, 67 %
2026/03/23 14:00:22.466, 4, 178.57 W, 25, 120 MHz, 3996 MHz, 0 %, 0 %
2026/03/23 14:00:22.466, 5, 180.58 W, 27, 120 MHz, 3996 MHz, 0 %, 0 %
2026/03/23 14:00:22.466, 6, 177.42 W, 26, 120 MHz, 3996 MHz, 0 %, 0 %
2026/03/23 14:00:22.466, 7, 176.58 W, 26, 120 MHz, 3996 MHz, 0 %, 0 %
2026/03/23 14:00:23.466, 0, 784.65 W, 42, 2032 MHz, 3996 MHz, 100 %, 67 %
2026/03/23 14:00:23.466, 1, 793.67 W, 45, 2032 MHz, 3996 MHz, 100 %, 67 %
2026/03/23 14:00:23.466, 2, 796.84 W, 42, 2032 MHz, 3996 MHz, 100 %, 67 %
2026/03/23 14:00:23.466, 3, 795.63 W, 46, 2032 MHz, 3996 MHz, 100 %, 67 %
2026/03/23 14:00:23.466, 4, 178.94 W, 25, 120 MHz, 3996 MHz, 0 %, 0 %
2026/03/23 14:00:23.466, 5, 180.58 W, 27, 120 MHz, 3996 MHz, 0 %, 0 %
2026/03/23 14:00:23.466, 6, 177.41 W, 26, 120 MHz, 3996 MHz, 0 %, 0 %
2026/03/23 14:00:23.466, 7, 176.58 W, 26, 120 MHz, 3996 MHz, 0 %, 0 %
2026/03/23 14:00:24.466, 0, 786.84 W, 42, 2032 MHz, 3996 MHz, 100 %, 67 %
2026/03/23 14:00:24.466, 1, 795.05 W, 46, 2032 MHz, 3996 MHz, 100 %, 67 %
2026/03/23 14:00:24.466, 2, 799.54 W, 42, 2032 MHz, 3996 MHz, 100 %, 67 %
2026/03/23 14:00:24.466, 3, 796.22 W, 46, 2032 MHz, 3996 MHz, 100 %, 67 %
2026/03/23 14:00:24.466, 4, 178.66 W, 25, 120 MHz, 3996 MHz, 0 %, 0 %
2026/03/23 14:00:24.466, 5, 180.58 W, 27, 120 MHz, 3996 MHz, 0 %, 0 %
2026/03/23 14:00:24.466, 6, 177.30 W, 26, 120 MHz, 3996 MHz, 0 %, 0 %
2026/03/23 14:00:24.466, 7, 176.58 W, 26, 120 MHz, 3996 MHz, 0 %, 0 %
2026/03/23 14:00:25.466, 0, 784.95 W, 42, 2032 MHz, 3996 MHz, 100 %, 67 %
2026/03/23 14:00:25.466, 1, 796.62 W, 46, 2032 MHz, 3996 MHz, 100 %, 67 %
2026/03/23 14:00:25.466, 2, 797.32 W, 42, 2032 MHz, 3996 MHz, 100 %, 67 %
2026/03/23 14:00:25.466, 3, 796.58 W, 46, 2032 MHz, 3996 MHz, 100 %, 67 %
2026/03/23 14:00:25.466, 4, 178.71 W, 25, 120 MHz, 3996 MHz, 0 %, 0 %
2026/03/23 14:00:25.466, 5, 180.58 W, 27, 120 MHz, 3996 MHz, 0 %, 0 %
2026/03/23 14:00:25.466, 6, 177.33 W, 26, 120 MHz, 3996 MHz, 0 %, 0 %
2026/03/23 14:00:25.466, 7, 176.58 W, 26, 120 MHz, 3996 MHz, 0 %, 0 %
2026/03/23 14:00:26.466, 0, 786.85 W, 42, 2032 MHz, 3996 MHz, 100 %, 67 %
2026/03/23 14:00:26.466, 1, 794.96 W, 46, 2032 MHz, 3996 MHz, 100 %, 67 %
2026/03/23 14:00:26.466, 2, 799.32 W, 42, 2032 MHz, 3996 MHz, 100 %, 67 %
2026/03/23 14:00:26.466, 3, 796.90 W, 46, 2032 MHz, 3996 MHz, 100 %, 67 %
2026/03/23 14:00:26.466, 4, 178.79 W, 25, 120 MHz, 3996 MHz, 0 %, 0 %
2026/03/23 14:00:26.466, 5, 180.58 W, 27, 120 MHz, 3996 MHz, 0 %, 0 %
2026/03/23 14:00:26.466, 6, 177.53 W, 26, 120 MHz, 3996 MHz, 0 %, 0 %
2026/03/23 14:00:26.466, 7, 176.58 W, 26, 120 MHz, 3996 MHz, 0 %, 0 %
2026/03/23 14:00:27.466, 0, 784.42 W, 42, 2032 MHz, 3996 MHz, 100 %, 67 %
2026/03/23 14:00:27.466, 1, 794.20 W, 46, 2032 MHz, 3996 MHz, 100 %, 66 %
2026/03/23 14:00:27.466, 2, 796.47 W, 42, 2032 MHz, 3996 MHz, 100 %, 67 %
2026/03/23 14:00:27.466, 3, 794.44 W, 46, 2032 MHz, 3996 MHz, 100 %, 66 %
2026/03/23 14:00:27.466, 4, 178.70 W, 25, 120 MHz, 3996 MHz, 0 %, 0 %
2026/03/23 14:00:27.466, 5, 180.58 W, 27, 120 MHz, 3996 MHz, 0 %, 0 %
2026/03/23 14:00:27.466, 6, 177.12 W, 26, 120 MHz, 3996 MHz, 0 %, 0 %
2026/03/23 14:00:27.466, 7, 176.58 W, 26, 120 MHz, 3996 MHz, 0 %, 0 %
2026/03/23 14:00:28.467, 0, 770.71 W, 41, 2032 MHz, 3996 MHz, 100 %, 66 %
2026/03/23 14:00:28.467, 1, 781.41 W, 45, 2032 MHz, 3996 MHz, 100 %, 66 %
2026/03/23 14:00:28.467, 2, 785.24 W, 42, 2032 MHz, 3996 MHz, 100 %, 66 %
2026/03/23 14:00:28.467, 3, 779.09 W, 46, 2032 MHz, 3996 MHz, 100 %, 66 %
2026/03/23 14:00:28.467, 4, 178.62 W, 25, 120 MHz, 3996 MHz, 0 %, 0 %
2026/03/23 14:00:28.467, 5, 180.58 W, 27, 120 MHz, 3996 MHz, 0 %, 0 %
2026/03/23 14:00:28.467, 6, 177.59 W, 26, 120 MHz, 3996 MHz, 0 %, 0 %
2026/03/23 14:00:28.467, 7, 176.58 W, 26, 120 MHz, 3996 MHz, 0 %, 0 %
2026/03/23 14:00:29.467, 0, 760.16 W, 41, 2032 MHz, 3996 MHz, 100 %, 63 %
2026/03/23 14:00:29.467, 1, 767.28 W, 45, 2032 MHz, 3996 MHz, 100 %, 63 %
2026/03/23 14:00:29.467, 2, 774.55 W, 42, 2032 MHz, 3996 MHz, 100 %, 66 %
2026/03/23 14:00:29.467, 3, 771.25 W, 46, 2032 MHz, 3996 MHz, 100 %, 63 %
2026/03/23 14:00:29.467, 4, 178.67 W, 25, 120 MHz, 3996 MHz, 0 %, 0 %
2026/03/23 14:00:29.467, 5, 180.58 W, 27, 120 MHz, 3996 MHz, 0 %, 0 %
2026/03/23 14:00:29.467, 6, 177.33 W, 26, 120 MHz, 3996 MHz, 0 %, 0 %
2026/03/23 14:00:29.467, 7, 176.58 W, 26, 120 MHz, 3996 MHz, 0 %, 0 %
2026/03/23 14:00:30.467, 0, 734.90 W, 41, 2032 MHz, 3996 MHz, 100 %, 61 %
2026/03/23 14:00:30.467, 1, 743.62 W, 45, 2032 MHz, 3996 MHz, 100 %, 61 %
2026/03/23 14:00:30.467, 2, 748.75 W, 42, 2032 MHz, 3996 MHz, 100 %, 61 %
2026/03/23 14:00:30.467, 3, 747.08 W, 46, 2032 MHz, 3996 MHz, 100 %, 62 %
2026/03/23 14:00:30.467, 4, 178.69 W, 25, 120 MHz, 3996 MHz, 0 %, 0 %
2026/03/23 14:00:30.467, 5, 180.58 W, 27, 120 MHz, 3996 MHz, 0 %, 0 %
2026/03/23 14:00:30.467, 6, 177.46 W, 26, 120 MHz, 3996 MHz, 0 %, 0 %
2026/03/23 14:00:30.467, 7, 176.58 W, 26, 120 MHz, 3996 MHz, 0 %, 0 %
2026/03/23 14:00:31.467, 0, 728.47 W, 41, 2032 MHz, 3996 MHz, 100 %, 62 %
2026/03/23 14:00:31.467, 1, 739.03 W, 45, 2032 MHz, 3996 MHz, 100 %, 62 %
2026/03/23 14:00:31.467, 2, 743.35 W, 42, 2032 MHz, 3996 MHz, 100 %, 63 %
2026/03/23 14:00:31.467, 3, 740.67 W, 46, 2032 MHz, 3996 MHz, 100 %, 62 %
2026/03/23 14:00:31.467, 4, 178.71 W, 25, 120 MHz, 3996 MHz, 0 %, 0 %
2026/03/23 14:00:31.467, 5, 180.58 W, 27, 120 MHz, 3996 MHz, 0 %, 0 %
2026/03/23 14:00:31.467, 6, 177.40 W, 26, 120 MHz, 3996 MHz, 0 %, 0 %
2026/03/23 14:00:31.467, 7, 176.58 W, 26, 120 MHz, 3996 MHz, 0 %, 0 %
2026/03/23 14:00:32.467, 0, 703.72 W, 41, 2032 MHz, 3996 MHz, 100 %, 57 %
2026/03/23 14:00:32.467, 1, 713.28 W, 45, 2032 MHz, 3996 MHz, 100 %, 57 %
2026/03/23 14:00:32.467, 2, 718.34 W, 41, 2032 MHz, 3996 MHz, 100 %, 57 %
2026/03/23 14:00:32.467, 3, 714.63 W, 45, 2032 MHz, 3996 MHz, 100 %, 57 %
2026/03/23 14:00:32.467, 4, 178.67 W, 25, 120 MHz, 3996 MHz, 0 %, 0 %
2026/03/23 14:00:32.467, 5, 180.58 W, 27, 120 MHz, 3996 MHz, 0 %, 0 %
2026/03/23 14:00:32.467, 6, 177.37 W, 26, 120 MHz, 3996 MHz, 0 %, 0 %
2026/03/23 14:00:32.467, 7, 176.58 W, 26, 120 MHz, 3996 MHz, 0 %, 0 %
2026/03/23 14:00:33.467, 0, 655.44 W, 40, 2032 MHz, 3996 MHz, 100 %, 48 %
2026/03/23 14:00:33.467, 1, 664.22 W, 44, 2032 MHz, 3996 MHz, 100 %, 48 %
2026/03/23 14:00:33.467, 2, 665.62 W, 41, 2032 MHz, 3996 MHz, 100 %, 51 %
2026/03/23 14:00:33.467, 3, 664.75 W, 45, 2032 MHz, 3996 MHz, 100 %, 49 %
2026/03/23 14:00:33.467, 4, 178.74 W, 25, 120 MHz, 3996 MHz, 0 %, 0 %
2026/03/23 14:00:33.467, 5, 180.58 W, 27, 120 MHz, 3996 MHz, 0 %, 0 %
2026/03/23 14:00:33.467, 6, 177.52 W, 26, 120 MHz, 3996 MHz, 0 %, 0 %
2026/03/23 14:00:33.467, 7, 176.59 W, 26, 120 MHz, 3996 MHz, 0 %, 0 %
2026/03/23 14:00:34.467, 0, 581.96 W, 39, 2032 MHz, 3996 MHz, 100 %, 37 %
2026/03/23 14:00:34.467, 1, 594.44 W, 43, 2032 MHz, 3996 MHz, 100 %, 37 %
2026/03/23 14:00:34.467, 2, 600.33 W, 39, 2032 MHz, 3996 MHz, 100 %, 38 %
2026/03/23 14:00:34.467, 3, 596.26 W, 43, 2032 MHz, 3996 MHz, 100 %, 38 %
2026/03/23 14:00:34.467, 4, 178.80 W, 25, 120 MHz, 3996 MHz, 0 %, 0 %
2026/03/23 14:00:34.467, 5, 180.58 W, 27, 120 MHz, 3996 MHz, 0 %, 0 %
2026/03/23 14:00:34.467, 6, 177.36 W, 26, 120 MHz, 3996 MHz, 0 %, 0 %
2026/03/23 14:00:34.467, 7, 176.58 W, 26, 120 MHz, 3996 MHz, 0 %, 0 %
2026/03/23 14:00:35.468, 0, 451.32 W, 37, 2032 MHz, 3996 MHz, 100 %, 20 %
2026/03/23 14:00:35.468, 1, 461.32 W, 41, 2032 MHz, 3996 MHz, 100 %, 21 %
2026/03/23 14:00:35.468, 2, 469.61 W, 38, 2032 MHz, 3996 MHz, 100 %, 20 %
2026/03/23 14:00:35.468, 3, 461.41 W, 41, 2032 MHz, 3996 MHz, 100 %, 20 %
2026/03/23 14:00:35.468, 4, 178.66 W, 25, 120 MHz, 3996 MHz, 0 %, 0 %
2026/03/23 14:00:35.468, 5, 180.58 W, 27, 120 MHz, 3996 MHz, 0 %, 0 %
2026/03/23 14:00:35.468, 6, 177.32 W, 26, 120 MHz, 3996 MHz, 0 %, 0 %
2026/03/23 14:00:35.468, 7, 176.58 W, 26, 120 MHz, 3996 MHz, 0 %, 0 %
