timestamp, index, power.draw [W], temperature.gpu, clocks.current.sm [MHz], clocks.current.memory [MHz], utilization.gpu [%], utilization.memory [%]
2026/03/23 13:20:45.071, 0, 231.75 W, 31, 2032 MHz, 3996 MHz, 0 %, 0 %
2026/03/23 13:20:45.075, 1, 205.99 W, 33, 900 MHz, 3996 MHz, 0 %, 0 %
2026/03/23 13:20:45.080, 2, 223.78 W, 30, 892 MHz, 3996 MHz, 0 %, 0 %
2026/03/23 13:20:45.085, 3, 191.32 W, 33, 562 MHz, 3996 MHz, 0 %, 0 %
2026/03/23 13:20:45.090, 4, 179.04 W, 25, 120 MHz, 3996 MHz, 0 %, 0 %
2026/03/23 13:20:45.098, 5, 180.58 W, 28, 120 MHz, 3996 MHz, 0 %, 0 %
2026/03/23 13:20:45.107, 6, 178.34 W, 26, 120 MHz, 3996 MHz, 0 %, 0 %
2026/03/23 13:20:45.115, 7, 176.58 W, 27, 120 MHz, 3996 MHz, 0 %, 0 %
2026/03/23 13:20:46.123, 0, 218.03 W, 30, 390 MHz, 3996 MHz, 0 %, 0 %
2026/03/23 13:20:46.123, 1, 188.81 W, 33, 562 MHz, 3996 MHz, 0 %, 0 %
2026/03/23 13:20:46.123, 2, 190.28 W, 30, 562 MHz, 3996 MHz, 0 %, 0 %
2026/03/23 13:20:46.123, 3, 187.56 W, 33, 352 MHz, 3996 MHz, 0 %, 0 %
2026/03/23 13:20:46.123, 4, 178.87 W, 25, 120 MHz, 3996 MHz, 0 %, 0 %
2026/03/23 13:20:46.123, 5, 180.58 W, 28, 120 MHz, 3996 MHz, 0 %, 0 %
2026/03/23 13:20:46.123, 6, 178.33 W, 26, 120 MHz, 3996 MHz, 0 %, 0 %
2026/03/23 13:20:46.123, 7, 176.58 W, 27, 120 MHz, 3996 MHz, 0 %, 0 %
2026/03/23 13:20:47.123, 0, 181.73 W, 30, 247 MHz, 3996 MHz, 0 %, 0 %
2026/03/23 13:20:47.123, 1, 185.93 W, 32, 360 MHz, 3996 MHz, 0 %, 0 %
2026/03/23 13:20:47.123, 2, 187.08 W, 29, 352 MHz, 3996 MHz, 0 %, 0 %
2026/03/23 13:20:47.123, 3, 185.87 W, 33, 225 MHz, 3996 MHz, 0 %, 0 %
2026/03/23 13:20:47.123, 4, 179.04 W, 25, 120 MHz, 3996 MHz, 0 %, 0 %
2026/03/23 13:20:47.123, 5, 180.58 W, 28, 120 MHz, 3996 MHz, 0 %, 0 %
2026/03/23 13:20:47.123, 6, 178.41 W, 26, 120 MHz, 3996 MHz, 0 %, 0 %
2026/03/23 13:20:47.123, 7, 176.58 W, 27, 120 MHz, 3996 MHz, 0 %, 0 %
2026/03/23 13:20:48.123, 0, 180.15 W, 29, 157 MHz, 3996 MHz, 0 %, 0 %
2026/03/23 13:20:48.123, 1, 184.64 W, 32, 225 MHz, 3996 MHz, 0 %, 0 %
2026/03/23 13:20:48.123, 2, 185.38 W, 29, 225 MHz, 3996 MHz, 0 %, 0 %
2026/03/23 13:20:48.123, 3, 184.84 W, 33, 142 MHz, 3996 MHz, 0 %, 0 %
2026/03/23 13:20:48.123, 4, 178.96 W, 25, 120 MHz, 3996 MHz, 0 %, 0 %
2026/03/23 13:20:48.123, 5, 180.58 W, 28, 120 MHz, 3996 MHz, 0 %, 0 %
2026/03/23 13:20:48.123, 6, 178.29 W, 26, 120 MHz, 3996 MHz, 0 %, 0 %
2026/03/23 13:20:48.123, 7, 176.58 W, 27, 120 MHz, 3996 MHz, 0 %, 0 %
2026/03/23 13:20:49.123, 0, 180.00 W, 29, 120 MHz, 3996 MHz, 0 %, 0 %
2026/03/23 13:20:49.123, 1, 183.01 W, 32, 142 MHz, 3996 MHz, 0 %, 0 %
2026/03/23 13:20:49.123, 2, 183.98 W, 29, 142 MHz, 3996 MHz, 0 %, 0 %
2026/03/23 13:20:49.123, 3, 184.84 W, 33, 120 MHz, 3996 MHz, 0 %, 0 %
2026/03/23 13:20:49.124, 4, 178.82 W, 25, 120 MHz, 3996 MHz, 0 %, 0 %
2026/03/23 13:20:49.124, 5, 180.58 W, 28, 120 MHz, 3996 MHz, 0 %, 0 %
2026/03/23 13:20:49.124, 6, 178.52 W, 26, 120 MHz, 3996 MHz, 0 %, 0 %
2026/03/23 13:20:49.124, 7, 176.58 W, 27, 120 MHz, 3996 MHz, 0 %, 0 %
2026/03/23 13:20:50.124, 0, 180.01 W, 29, 120 MHz, 3996 MHz, 0 %, 0 %
2026/03/23 13:20:50.124, 1, 183.01 W, 32, 120 MHz, 3996 MHz, 0 %, 0 %
2026/03/23 13:20:50.124, 2, 183.98 W, 29, 120 MHz, 3996 MHz, 0 %, 0 %
2026/03/23 13:20:50.124, 3, 184.84 W, 32, 120 MHz, 3996 MHz, 0 %, 0 %
2026/03/23 13:20:50.124, 4, 178.92 W, 25, 120 MHz, 3996 MHz, 0 %, 0 %
2026/03/23 13:20:50.124, 5, 180.58 W, 28, 120 MHz, 3996 MHz, 0 %, 0 %
2026/03/23 13:20:50.124, 6, 178.33 W, 26, 120 MHz, 3996 MHz, 0 %, 0 %
2026/03/23 13:20:50.124, 7, 176.58 W, 27, 120 MHz, 3996 MHz, 0 %, 0 %
2026/03/23 13:20:51.124, 0, 180.01 W, 29, 120 MHz, 3996 MHz, 0 %, 0 %
2026/03/23 13:20:51.124, 1, 183.01 W, 32, 120 MHz, 3996 MHz, 0 %, 0 %
2026/03/23 13:20:51.124, 2, 183.98 W, 29, 120 MHz, 3996 MHz, 0 %, 0 %
2026/03/23 13:20:51.124, 3, 184.85 W, 32, 120 MHz, 3996 MHz, 0 %, 0 %
2026/03/23 13:20:51.124, 4, 178.79 W, 25, 120 MHz, 3996 MHz, 0 %, 0 %
2026/03/23 13:20:51.124, 5, 180.58 W, 28, 120 MHz, 3996 MHz, 0 %, 0 %
2026/03/23 13:20:51.124, 6, 178.26 W, 26, 120 MHz, 3996 MHz, 0 %, 0 %
2026/03/23 13:20:51.124, 7, 176.58 W, 27, 120 MHz, 3996 MHz, 0 %, 0 %
2026/03/23 13:20:52.124, 0, 180.00 W, 29, 120 MHz, 3996 MHz, 0 %, 0 %
2026/03/23 13:20:52.124, 1, 183.01 W, 32, 120 MHz, 3996 MHz, 0 %, 0 %
2026/03/23 13:20:52.124, 2, 183.98 W, 29, 120 MHz, 3996 MHz, 0 %, 0 %
2026/03/23 13:20:52.124, 3, 184.85 W, 32, 120 MHz, 3996 MHz, 0 %, 0 %
2026/03/23 13:20:52.124, 4, 179.24 W, 25, 120 MHz, 3996 MHz, 0 %, 0 %
2026/03/23 13:20:52.124, 5, 180.58 W, 28, 120 MHz, 3996 MHz, 0 %, 0 %
2026/03/23 13:20:52.124, 6, 178.40 W, 26, 120 MHz, 3996 MHz, 0 %, 0 %
2026/03/23 13:20:52.124, 7, 176.58 W, 27, 120 MHz, 3996 MHz, 0 %, 0 %
2026/03/23 13:20:53.124, 0, 180.00 W, 29, 120 MHz, 3996 MHz, 0 %, 0 %
2026/03/23 13:20:53.124, 1, 183.01 W, 31, 120 MHz, 3996 MHz, 0 %, 0 %
2026/03/23 13:20:53.124, 2, 183.98 W, 29, 120 MHz, 3996 MHz, 0 %, 0 %
2026/03/23 13:20:53.124, 3, 184.86 W, 32, 120 MHz, 3996 MHz, 0 %, 0 %
2026/03/23 13:20:53.124, 4, 178.95 W, 25, 120 MHz, 3996 MHz, 0 %, 0 %
2026/03/23 13:20:53.124, 5, 180.58 W, 28, 120 MHz, 3996 MHz, 0 %, 0 %
2026/03/23 13:20:53.124, 6, 178.37 W, 26, 120 MHz, 3996 MHz, 0 %, 0 %
2026/03/23 13:20:53.124, 7, 176.58 W, 27, 120 MHz, 3996 MHz, 0 %, 0 %
2026/03/23 13:20:54.124, 0, 179.99 W, 29, 120 MHz, 3996 MHz, 0 %, 0 %
2026/03/23 13:20:54.124, 1, 183.01 W, 31, 120 MHz, 3996 MHz, 0 %, 0 %
2026/03/23 13:20:54.124, 2, 183.98 W, 28, 120 MHz, 3996 MHz, 0 %, 0 %
2026/03/23 13:20:54.124, 3, 184.85 W, 32, 120 MHz, 3996 MHz, 0 %, 0 %
2026/03/23 13:20:54.124, 4, 178.83 W, 25, 120 MHz, 3996 MHz, 0 %, 0 %
2026/03/23 13:20:54.124, 5, 180.58 W, 28, 120 MHz, 3996 MHz, 0 %, 0 %
2026/03/23 13:20:54.124, 6, 178.48 W, 26, 120 MHz, 3996 MHz, 0 %, 0 %
2026/03/23 13:20:54.124, 7, 176.58 W, 27, 120 MHz, 3996 MHz, 0 %, 0 %
2026/03/23 13:20:55.124, 0, 180.00 W, 29, 120 MHz, 3996 MHz, 0 %, 0 %
2026/03/23 13:20:55.124, 1, 183.01 W, 31, 120 MHz, 3996 MHz, 0 %, 0 %
2026/03/23 13:20:55.124, 2, 183.98 W, 28, 120 MHz, 3996 MHz, 0 %, 0 %
2026/03/23 13:20:55.124, 3, 184.88 W, 32, 120 MHz, 3996 MHz, 0 %, 0 %
2026/03/23 13:20:55.124, 4, 178.85 W, 25, 120 MHz, 3996 MHz, 0 %, 0 %
2026/03/23 13:20:55.124, 5, 180.58 W, 28, 120 MHz, 3996 MHz, 0 %, 0 %
2026/03/23 13:20:55.124, 6, 178.34 W, 26, 120 MHz, 3996 MHz, 0 %, 0 %
2026/03/23 13:20:55.124, 7, 176.58 W, 27, 120 MHz, 3996 MHz, 0 %, 0 %
2026/03/23 13:20:56.125, 0, 179.95 W, 28, 120 MHz, 3996 MHz, 0 %, 0 %
2026/03/23 13:20:56.125, 1, 183.01 W, 31, 120 MHz, 3996 MHz, 0 %, 0 %
2026/03/23 13:20:56.125, 2, 183.98 W, 28, 120 MHz, 3996 MHz, 0 %, 0 %
2026/03/23 13:20:56.125, 3, 184.85 W, 32, 120 MHz, 3996 MHz, 0 %, 0 %
2026/03/23 13:20:56.125, 4, 178.91 W, 25, 120 MHz, 3996 MHz, 0 %, 0 %
2026/03/23 13:20:56.125, 5, 180.58 W, 28, 120 MHz, 3996 MHz, 0 %, 0 %
2026/03/23 13:20:56.125, 6, 178.40 W, 26, 120 MHz, 3996 MHz, 0 %, 0 %
2026/03/23 13:20:56.125, 7, 176.58 W, 27, 120 MHz, 3996 MHz, 0 %, 0 %
2026/03/23 13:20:57.125, 0, 179.92 W, 28, 120 MHz, 3996 MHz, 0 %, 0 %
2026/03/23 13:20:57.125, 1, 183.01 W, 31, 120 MHz, 3996 MHz, 0 %, 0 %
2026/03/23 13:20:57.125, 2, 183.98 W, 28, 120 MHz, 3996 MHz, 0 %, 0 %
2026/03/23 13:20:57.125, 3, 184.85 W, 32, 120 MHz, 3996 MHz, 0 %, 0 %
2026/03/23 13:20:57.125, 4, 179.04 W, 25, 120 MHz, 3996 MHz, 0 %, 0 %
2026/03/23 13:20:57.125, 5, 180.58 W, 28, 120 MHz, 3996 MHz, 0 %, 0 %
2026/03/23 13:20:57.125, 6, 178.45 W, 26, 120 MHz, 3996 MHz, 0 %, 0 %
2026/03/23 13:20:57.125, 7, 176.58 W, 27, 120 MHz, 3996 MHz, 0 %, 0 %
2026/03/23 13:20:58.125, 0, 179.92 W, 28, 120 MHz, 3996 MHz, 0 %, 0 %
2026/03/23 13:20:58.125, 1, 183.01 W, 31, 120 MHz, 3996 MHz, 0 %, 0 %
2026/03/23 13:20:58.125, 2, 183.98 W, 28, 120 MHz, 3996 MHz, 0 %, 0 %
2026/03/23 13:20:58.125, 3, 184.85 W, 32, 120 MHz, 3996 MHz, 0 %, 0 %
2026/03/23 13:20:58.125, 4, 179.07 W, 25, 120 MHz, 3996 MHz, 0 %, 0 %
2026/03/23 13:20:58.125, 5, 180.58 W, 28, 120 MHz, 3996 MHz, 0 %, 0 %
2026/03/23 13:20:58.125, 6, 178.45 W, 26, 120 MHz, 3996 MHz, 0 %, 0 %
2026/03/23 13:20:58.125, 7, 176.58 W, 27, 120 MHz, 3996 MHz, 0 %, 0 %
2026/03/23 13:20:59.125, 0, 179.80 W, 28, 120 MHz, 3996 MHz, 0 %, 0 %
2026/03/23 13:20:59.125, 1, 183.01 W, 31, 120 MHz, 3996 MHz, 0 %, 0 %
2026/03/23 13:20:59.125, 2, 183.90 W, 28, 120 MHz, 3996 MHz, 0 %, 0 %
2026/03/23 13:20:59.125, 3, 184.80 W, 31, 120 MHz, 3996 MHz, 0 %, 0 %
2026/03/23 13:20:59.125, 4, 179.27 W, 25, 120 MHz, 3996 MHz, 0 %, 0 %
2026/03/23 13:20:59.125, 5, 180.58 W, 28, 120 MHz, 3996 MHz, 0 %, 0 %
2026/03/23 13:20:59.125, 6, 178.29 W, 26, 120 MHz, 3996 MHz, 0 %, 0 %
2026/03/23 13:20:59.125, 7, 176.58 W, 27, 120 MHz, 3996 MHz, 0 %, 0 %
2026/03/23 13:21:00.125, 0, 179.87 W, 28, 120 MHz, 3996 MHz, 0 %, 0 %
2026/03/23 13:21:00.125, 1, 183.01 W, 31, 120 MHz, 3996 MHz, 0 %, 0 %
2026/03/23 13:21:00.125, 2, 183.79 W, 28, 120 MHz, 3996 MHz, 0 %, 0 %
2026/03/23 13:21:00.125, 3, 184.85 W, 31, 120 MHz, 3996 MHz, 0 %, 0 %
2026/03/23 13:21:00.125, 4, 179.23 W, 25, 120 MHz, 3996 MHz, 0 %, 0 %
2026/03/23 13:21:00.125, 5, 180.58 W, 28, 120 MHz, 3996 MHz, 0 %, 0 %
2026/03/23 13:21:00.125, 6, 178.38 W, 26, 120 MHz, 3996 MHz, 0 %, 0 %
2026/03/23 13:21:00.125, 7, 176.58 W, 27, 120 MHz, 3996 MHz, 0 %, 0 %
2026/03/23 13:21:01.125, 0, 179.76 W, 28, 120 MHz, 3996 MHz, 0 %, 0 %
2026/03/23 13:21:01.125, 1, 183.01 W, 31, 120 MHz, 3996 MHz, 0 %, 0 %
2026/03/23 13:21:01.125, 2, 183.56 W, 28, 120 MHz, 3996 MHz, 0 %, 0 %
2026/03/23 13:21:01.125, 3, 184.68 W, 31, 120 MHz, 3996 MHz, 0 %, 0 %
2026/03/23 13:21:01.125, 4, 179.07 W, 25, 120 MHz, 3996 MHz, 0 %, 0 %
2026/03/23 13:21:01.125, 5, 180.58 W, 28, 120 MHz, 3996 MHz, 0 %, 0 %
2026/03/23 13:21:01.125, 6, 178.53 W, 26, 120 MHz, 3996 MHz, 0 %, 0 %
2026/03/23 13:21:01.125, 7, 176.58 W, 27, 120 MHz, 3996 MHz, 0 %, 0 %
2026/03/23 13:21:02.125, 0, 179.68 W, 28, 120 MHz, 3996 MHz, 0 %, 0 %
2026/03/23 13:21:02.125, 1, 183.01 W, 31, 120 MHz, 3996 MHz, 0 %, 0 %
2026/03/23 13:21:02.125, 2, 183.36 W, 28, 120 MHz, 3996 MHz, 0 %, 0 %
2026/03/23 13:21:02.125, 3, 184.71 W, 31, 120 MHz, 3996 MHz, 0 %, 0 %
2026/03/23 13:21:02.125, 4, 178.88 W, 25, 120 MHz, 3996 MHz, 0 %, 0 %
2026/03/23 13:21:02.125, 5, 180.58 W, 28, 120 MHz, 3996 MHz, 0 %, 0 %
2026/03/23 13:21:02.126, 6, 178.37 W, 26, 120 MHz, 3996 MHz, 0 %, 0 %
2026/03/23 13:21:02.126, 7, 176.58 W, 27, 120 MHz, 3996 MHz, 0 %, 0 %
2026/03/23 13:21:03.126, 0, 179.65 W, 28, 120 MHz, 3996 MHz, 0 %, 0 %
2026/03/23 13:21:03.126, 1, 183.01 W, 30, 120 MHz, 3996 MHz, 0 %, 0 %
2026/03/23 13:21:03.126, 2, 183.41 W, 28, 120 MHz, 3996 MHz, 0 %, 0 %
2026/03/23 13:21:03.126, 3, 184.55 W, 31, 120 MHz, 3996 MHz, 0 %, 0 %
2026/03/23 13:21:03.126, 4, 178.99 W, 25, 120 MHz, 3996 MHz, 0 %, 0 %
2026/03/23 13:21:03.126, 5, 180.58 W, 28, 120 MHz, 3996 MHz, 0 %, 0 %
2026/03/23 13:21:03.126, 6, 178.49 W, 26, 120 MHz, 3996 MHz, 0 %, 0 %
2026/03/23 13:21:03.126, 7, 176.58 W, 27, 120 MHz, 3996 MHz, 0 %, 0 %
2026/03/23 13:21:04.126, 0, 179.77 W, 28, 120 MHz, 3996 MHz, 0 %, 0 %
2026/03/23 13:21:04.126, 1, 183.01 W, 30, 120 MHz, 3996 MHz, 0 %, 0 %
2026/03/23 13:21:04.126, 2, 183.32 W, 27, 120 MHz, 3996 MHz, 0 %, 0 %
2026/03/23 13:21:04.126, 3, 184.40 W, 31, 120 MHz, 3996 MHz, 0 %, 0 %
2026/03/23 13:21:04.126, 4, 179.05 W, 25, 120 MHz, 3996 MHz, 0 %, 0 %
2026/03/23 13:21:04.126, 5, 180.58 W, 28, 120 MHz, 3996 MHz, 0 %, 0 %
2026/03/23 13:21:04.126, 6, 178.41 W, 26, 120 MHz, 3996 MHz, 0 %, 0 %
2026/03/23 13:21:04.126, 7, 176.58 W, 27, 120 MHz, 3996 MHz, 0 %, 0 %
2026/03/23 13:21:05.126, 0, 179.18 W, 28, 120 MHz, 3996 MHz, 0 %, 0 %
2026/03/23 13:21:05.126, 1, 183.01 W, 30, 120 MHz, 3996 MHz, 0 %, 0 %
2026/03/23 13:21:05.126, 2, 182.76 W, 27, 120 MHz, 3996 MHz, 0 %, 0 %
2026/03/23 13:21:05.126, 3, 184.17 W, 31, 120 MHz, 3996 MHz, 0 %, 0 %
2026/03/23 13:21:05.126, 4, 179.27 W, 25, 120 MHz, 3996 MHz, 0 %, 0 %
2026/03/23 13:21:05.126, 5, 180.58 W, 28, 120 MHz, 3996 MHz, 0 %, 0 %
2026/03/23 13:21:05.126, 6, 178.52 W, 26, 120 MHz, 3996 MHz, 0 %, 0 %
2026/03/23 13:21:05.126, 7, 176.58 W, 27, 120 MHz, 3996 MHz, 0 %, 0 %
2026/03/23 13:21:06.126, 0, 179.42 W, 28, 120 MHz, 3996 MHz, 0 %, 0 %
2026/03/23 13:21:06.126, 1, 183.01 W, 30, 120 MHz, 3996 MHz, 0 %, 0 %
2026/03/23 13:21:06.126, 2, 182.78 W, 27, 120 MHz, 3996 MHz, 0 %, 0 %
2026/03/23 13:21:06.126, 3, 184.21 W, 31, 120 MHz, 3996 MHz, 0 %, 0 %
2026/03/23 13:21:06.126, 4, 179.03 W, 25, 120 MHz, 3996 MHz, 0 %, 0 %
2026/03/23 13:21:06.126, 5, 180.58 W, 28, 120 MHz, 3996 MHz, 0 %, 0 %
2026/03/23 13:21:06.126, 6, 178.41 W, 26, 120 MHz, 3996 MHz, 0 %, 0 %
2026/03/23 13:21:06.126, 7, 176.58 W, 27, 120 MHz, 3996 MHz, 0 %, 0 %
2026/03/23 13:21:07.126, 0, 179.33 W, 27, 120 MHz, 3996 MHz, 0 %, 0 %
2026/03/23 13:21:07.126, 1, 183.01 W, 30, 120 MHz, 3996 MHz, 0 %, 0 %
2026/03/23 13:21:07.126, 2, 182.65 W, 27, 120 MHz, 3996 MHz, 0 %, 0 %
2026/03/23 13:21:07.126, 3, 184.06 W, 31, 120 MHz, 3996 MHz, 0 %, 0 %
2026/03/23 13:21:07.126, 4, 178.90 W, 25, 120 MHz, 3996 MHz, 0 %, 0 %
2026/03/23 13:21:07.126, 5, 180.58 W, 28, 120 MHz, 3996 MHz, 0 %, 0 %
2026/03/23 13:21:07.126, 6, 178.57 W, 26, 120 MHz, 3996 MHz, 0 %, 0 %
2026/03/23 13:21:07.126, 7, 176.58 W, 27, 120 MHz, 3996 MHz, 0 %, 0 %
2026/03/23 13:21:08.126, 0, 179.45 W, 27, 120 MHz, 3996 MHz, 0 %, 0 %
2026/03/23 13:21:08.126, 1, 182.97 W, 30, 120 MHz, 3996 MHz, 0 %, 0 %
2026/03/23 13:21:08.126, 2, 182.42 W, 27, 120 MHz, 3996 MHz, 0 %, 0 %
2026/03/23 13:21:08.127, 3, 183.99 W, 31, 120 MHz, 3996 MHz, 0 %, 0 %
2026/03/23 13:21:08.127, 4, 178.93 W, 25, 120 MHz, 3996 MHz, 0 %, 0 %
2026/03/23 13:21:08.127, 5, 180.58 W, 28, 120 MHz, 3996 MHz, 0 %, 0 %
2026/03/23 13:21:08.127, 6, 178.60 W, 26, 120 MHz, 3996 MHz, 0 %, 0 %
2026/03/23 13:21:08.127, 7, 176.58 W, 27, 120 MHz, 3996 MHz, 0 %, 0 %
2026/03/23 13:21:09.127, 0, 179.28 W, 27, 120 MHz, 3996 MHz, 0 %, 0 %
2026/03/23 13:21:09.127, 1, 182.93 W, 30, 120 MHz, 3996 MHz, 0 %, 0 %
2026/03/23 13:21:09.127, 2, 182.43 W, 27, 120 MHz, 3996 MHz, 0 %, 0 %
2026/03/23 13:21:09.127, 3, 183.66 W, 31, 120 MHz, 3996 MHz, 0 %, 0 %
2026/03/23 13:21:09.127, 4, 179.08 W, 25, 120 MHz, 3996 MHz, 0 %, 0 %
2026/03/23 13:21:09.127, 5, 180.58 W, 28, 120 MHz, 3996 MHz, 0 %, 0 %
2026/03/23 13:21:09.127, 6, 178.64 W, 26, 120 MHz, 3996 MHz, 0 %, 0 %
2026/03/23 13:21:09.127, 7, 176.58 W, 27, 120 MHz, 3996 MHz, 0 %, 0 %
2026/03/23 13:21:10.127, 0, 179.04 W, 27, 120 MHz, 3996 MHz, 0 %, 0 %
2026/03/23 13:21:10.127, 1, 182.74 W, 30, 120 MHz, 3996 MHz, 0 %, 0 %
2026/03/23 13:21:10.127, 2, 182.28 W, 27, 120 MHz, 3996 MHz, 0 %, 0 %
2026/03/23 13:21:10.127, 3, 183.70 W, 30, 120 MHz, 3996 MHz, 0 %, 0 %
2026/03/23 13:21:10.127, 4, 179.24 W, 25, 120 MHz, 3996 MHz, 0 %, 0 %
2026/03/23 13:21:10.127, 5, 180.58 W, 28, 120 MHz, 3996 MHz, 0 %, 0 %
2026/03/23 13:21:10.127, 6, 178.33 W, 26, 120 MHz, 3996 MHz, 0 %, 0 %
2026/03/23 13:21:10.127, 7, 176.58 W, 27, 120 MHz, 3996 MHz, 0 %, 0 %
2026/03/23 13:21:11.127, 0, 179.15 W, 27, 120 MHz, 3996 MHz, 0 %, 0 %
2026/03/23 13:21:11.127, 1, 182.74 W, 30, 120 MHz, 3996 MHz, 0 %, 0 %
2026/03/23 13:21:11.127, 2, 182.27 W, 27, 120 MHz, 3996 MHz, 0 %, 0 %
2026/03/23 13:21:11.127, 3, 183.63 W, 30, 120 MHz, 3996 MHz, 0 %, 0 %
2026/03/23 13:21:11.127, 4, 179.06 W, 25, 120 MHz, 3996 MHz, 0 %, 0 %
2026/03/23 13:21:11.127, 5, 180.58 W, 28, 120 MHz, 3996 MHz, 0 %, 0 %
2026/03/23 13:21:11.127, 6, 178.44 W, 26, 120 MHz, 3996 MHz, 0 %, 0 %
2026/03/23 13:21:11.127, 7, 176.58 W, 27, 120 MHz, 3996 MHz, 0 %, 0 %
2026/03/23 13:21:12.127, 0, 178.99 W, 27, 120 MHz, 3996 MHz, 0 %, 0 %
2026/03/23 13:21:12.127, 1, 182.58 W, 30, 120 MHz, 3996 MHz, 0 %, 0 %
2026/03/23 13:21:12.127, 2, 182.08 W, 27, 120 MHz, 3996 MHz, 0 %, 0 %
2026/03/23 13:21:12.127, 3, 183.48 W, 30, 120 MHz, 3996 MHz, 0 %, 0 %
2026/03/23 13:21:12.127, 4, 179.09 W, 25, 120 MHz, 3996 MHz, 0 %, 0 %
2026/03/23 13:21:12.127, 5, 180.58 W, 28, 120 MHz, 3996 MHz, 0 %, 0 %
2026/03/23 13:21:12.127, 6, 178.48 W, 26, 120 MHz, 3996 MHz, 0 %, 0 %
2026/03/23 13:21:12.127, 7, 176.58 W, 27, 120 MHz, 3996 MHz, 0 %, 0 %
2026/03/23 13:21:13.127, 0, 179.09 W, 27, 120 MHz, 3996 MHz, 0 %, 0 %
2026/03/23 13:21:13.127, 1, 182.36 W, 30, 120 MHz, 3996 MHz, 0 %, 0 %
2026/03/23 13:21:13.127, 2, 182.12 W, 27, 120 MHz, 3996 MHz, 0 %, 0 %
2026/03/23 13:21:13.127, 3, 183.24 W, 30, 120 MHz, 3996 MHz, 0 %, 0 %
2026/03/23 13:21:13.127, 4, 178.99 W, 25, 120 MHz, 3996 MHz, 0 %, 0 %
2026/03/23 13:21:13.127, 5, 180.58 W, 28, 120 MHz, 3996 MHz, 0 %, 0 %
2026/03/23 13:21:13.127, 6, 178.45 W, 26, 120 MHz, 3996 MHz, 0 %, 0 %
2026/03/23 13:21:13.127, 7, 176.58 W, 27, 120 MHz, 3996 MHz, 0 %, 0 %
2026/03/23 13:21:14.127, 0, 178.60 W, 27, 120 MHz, 3996 MHz, 0 %, 0 %
2026/03/23 13:21:14.127, 1, 182.42 W, 30, 120 MHz, 3996 MHz, 0 %, 0 %
2026/03/23 13:21:14.127, 2, 182.08 W, 27, 120 MHz, 3996 MHz, 0 %, 0 %
2026/03/23 13:21:14.127, 3, 183.13 W, 30, 120 MHz, 3996 MHz, 0 %, 0 %
2026/03/23 13:21:14.127, 4, 179.02 W, 25, 120 MHz, 3996 MHz, 0 %, 0 %
2026/03/23 13:21:14.127, 5, 180.58 W, 28, 120 MHz, 3996 MHz, 0 %, 0 %
2026/03/23 13:21:14.127, 6, 178.48 W, 26, 120 MHz, 3996 MHz, 0 %, 0 %
2026/03/23 13:21:14.127, 7, 176.58 W, 27, 120 MHz, 3996 MHz, 0 %, 0 %
2026/03/23 13:21:15.128, 0, 178.93 W, 27, 120 MHz, 3996 MHz, 0 %, 0 %
2026/03/23 13:21:15.128, 1, 182.43 W, 30, 120 MHz, 3996 MHz, 0 %, 0 %
2026/03/23 13:21:15.128, 2, 182.04 W, 27, 120 MHz, 3996 MHz, 0 %, 0 %
2026/03/23 13:21:15.128, 3, 183.24 W, 30, 120 MHz, 3996 MHz, 0 %, 0 %
2026/03/23 13:21:15.128, 4, 179.26 W, 25, 120 MHz, 3996 MHz, 0 %, 0 %
2026/03/23 13:21:15.128, 5, 180.58 W, 28, 120 MHz, 3996 MHz, 0 %, 0 %
2026/03/23 13:21:15.128, 6, 178.45 W, 26, 120 MHz, 3996 MHz, 0 %, 0 %
2026/03/23 13:21:15.128, 7, 176.58 W, 27, 120 MHz, 3996 MHz, 0 %, 0 %
2026/03/23 13:21:16.128, 0, 178.60 W, 27, 120 MHz, 3996 MHz, 0 %, 0 %
2026/03/23 13:21:16.128, 1, 182.09 W, 30, 120 MHz, 3996 MHz, 0 %, 0 %
2026/03/23 13:21:16.128, 2, 182.08 W, 27, 120 MHz, 3996 MHz, 0 %, 0 %
2026/03/23 13:21:16.128, 3, 183.04 W, 30, 120 MHz, 3996 MHz, 0 %, 0 %
2026/03/23 13:21:16.128, 4, 178.95 W, 25, 120 MHz, 3996 MHz, 0 %, 0 %
2026/03/23 13:21:16.128, 5, 180.58 W, 28, 120 MHz, 3996 MHz, 0 %, 0 %
2026/03/23 13:21:16.128, 6, 178.52 W, 26, 120 MHz, 3996 MHz, 0 %, 0 %
2026/03/23 13:21:16.128, 7, 176.58 W, 27, 120 MHz, 3996 MHz, 0 %, 0 %
2026/03/23 13:21:17.128, 0, 178.66 W, 27, 120 MHz, 3996 MHz, 0 %, 0 %
2026/03/23 13:21:17.128, 1, 181.64 W, 29, 120 MHz, 3996 MHz, 0 %, 0 %
2026/03/23 13:21:17.128, 2, 182.08 W, 27, 120 MHz, 3996 MHz, 0 %, 0 %
2026/03/23 13:21:17.128, 3, 183.02 W, 30, 120 MHz, 3996 MHz, 0 %, 0 %
2026/03/23 13:21:17.128, 4, 179.21 W, 25, 120 MHz, 3996 MHz, 0 %, 0 %
2026/03/23 13:21:17.128, 5, 180.58 W, 28, 120 MHz, 3996 MHz, 0 %, 0 %
2026/03/23 13:21:17.128, 6, 178.52 W, 26, 120 MHz, 3996 MHz, 0 %, 0 %
2026/03/23 13:21:17.128, 7, 176.58 W, 27, 120 MHz, 3996 MHz, 0 %, 0 %
2026/03/23 13:21:18.128, 0, 178.43 W, 27, 120 MHz, 3996 MHz, 0 %, 0 %
2026/03/23 13:21:18.128, 1, 181.99 W, 29, 120 MHz, 3996 MHz, 0 %, 0 %
2026/03/23 13:21:18.128, 2, 182.04 W, 27, 120 MHz, 3996 MHz, 0 %, 0 %
2026/03/23 13:21:18.128, 3, 183.06 W, 30, 120 MHz, 3996 MHz, 0 %, 0 %
2026/03/23 13:21:18.128, 4, 178.84 W, 25, 120 MHz, 3996 MHz, 0 %, 0 %
2026/03/23 13:21:18.128, 5, 180.58 W, 28, 120 MHz, 3996 MHz, 0 %, 0 %
2026/03/23 13:21:18.128, 6, 178.41 W, 26, 120 MHz, 3996 MHz, 0 %, 0 %
2026/03/23 13:21:18.128, 7, 176.58 W, 27, 120 MHz, 3996 MHz, 0 %, 0 %
2026/03/23 13:21:19.128, 0, 178.49 W, 27, 120 MHz, 3996 MHz, 0 %, 0 %
2026/03/23 13:21:19.128, 1, 181.22 W, 29, 120 MHz, 3996 MHz, 0 %, 0 %
2026/03/23 13:21:19.128, 2, 182.04 W, 27, 120 MHz, 3996 MHz, 0 %, 0 %
2026/03/23 13:21:19.128, 3, 182.93 W, 30, 120 MHz, 3996 MHz, 0 %, 0 %
2026/03/23 13:21:19.128, 4, 179.22 W, 25, 120 MHz, 3996 MHz, 0 %, 0 %
2026/03/23 13:21:19.128, 5, 180.58 W, 28, 120 MHz, 3996 MHz, 0 %, 0 %
2026/03/23 13:21:19.128, 6, 178.36 W, 26, 120 MHz, 3996 MHz, 0 %, 0 %
2026/03/23 13:21:19.128, 7, 176.58 W, 27, 120 MHz, 3996 MHz, 0 %, 0 %
2026/03/23 13:21:20.129, 0, 178.49 W, 27, 120 MHz, 3996 MHz, 0 %, 0 %
2026/03/23 13:21:20.129, 1, 181.48 W, 29, 120 MHz, 3996 MHz, 0 %, 0 %
2026/03/23 13:21:20.129, 2, 182.04 W, 27, 120 MHz, 3996 MHz, 0 %, 0 %
2026/03/23 13:21:20.129, 3, 182.98 W, 30, 120 MHz, 3996 MHz, 0 %, 0 %
2026/03/23 13:21:20.129, 4, 179.22 W, 25, 120 MHz, 3996 MHz, 0 %, 0 %
2026/03/23 13:21:20.129, 5, 180.58 W, 28, 120 MHz, 3996 MHz, 0 %, 0 %
2026/03/23 13:21:20.129, 6, 178.34 W, 26, 120 MHz, 3996 MHz, 0 %, 0 %
2026/03/23 13:21:20.129, 7, 176.58 W, 27, 120 MHz, 3996 MHz, 0 %, 0 %
2026/03/23 13:21:21.129, 0, 178.36 W, 27, 120 MHz, 3996 MHz, 0 %, 0 %
2026/03/23 13:21:21.129, 1, 190.19 W, 30, 2032 MHz, 3996 MHz, 0 %, 0 %
2026/03/23 13:21:21.129, 2, 199.50 W, 27, 2032 MHz, 3996 MHz, 0 %, 0 %
2026/03/23 13:21:21.129, 3, 191.12 W, 30, 2032 MHz, 3996 MHz, 0 %, 0 %
2026/03/23 13:21:21.129, 4, 179.18 W, 25, 120 MHz, 3996 MHz, 0 %, 0 %
2026/03/23 13:21:21.129, 5, 180.58 W, 28, 120 MHz, 3996 MHz, 0 %, 0 %
2026/03/23 13:21:21.129, 6, 178.49 W, 26, 120 MHz, 3996 MHz, 0 %, 0 %
2026/03/23 13:21:21.129, 7, 176.58 W, 27, 120 MHz, 3996 MHz, 0 %, 0 %
2026/03/23 13:21:22.129, 0, 186.33 W, 27, 2032 MHz, 3996 MHz, 0 %, 0 %
2026/03/23 13:21:22.129, 1, 233.85 W, 30, 2032 MHz, 3996 MHz, 0 %, 0 %
2026/03/23 13:21:22.129, 2, 234.15 W, 27, 2032 MHz, 3996 MHz, 0 %, 0 %
2026/03/23 13:21:22.129, 3, 235.21 W, 31, 2032 MHz, 3996 MHz, 0 %, 0 %
2026/03/23 13:21:22.129, 4, 179.12 W, 25, 120 MHz, 3996 MHz, 0 %, 0 %
2026/03/23 13:21:22.129, 5, 180.58 W, 28, 120 MHz, 3996 MHz, 0 %, 0 %
2026/03/23 13:21:22.129, 6, 178.48 W, 26, 120 MHz, 3996 MHz, 0 %, 0 %
2026/03/23 13:21:22.129, 7, 176.58 W, 27, 120 MHz, 3996 MHz, 0 %, 0 %
2026/03/23 13:21:23.129, 0, 228.41 W, 28, 2032 MHz, 3996 MHz, 0 %, 0 %
2026/03/23 13:21:23.129, 1, 233.24 W, 30, 2032 MHz, 3996 MHz, 0 %, 0 %
2026/03/23 13:21:23.129, 2, 234.02 W, 27, 2032 MHz, 3996 MHz, 0 %, 0 %
2026/03/23 13:21:23.129, 3, 234.92 W, 31, 2032 MHz, 3996 MHz, 0 %, 0 %
2026/03/23 13:21:23.129, 4, 178.96 W, 25, 120 MHz, 3996 MHz, 0 %, 0 %
2026/03/23 13:21:23.129, 5, 180.58 W, 28, 120 MHz, 3996 MHz, 0 %, 0 %
2026/03/23 13:21:23.129, 6, 178.33 W, 26, 120 MHz, 3996 MHz, 0 %, 0 %
2026/03/23 13:21:23.129, 7, 176.58 W, 27, 120 MHz, 3996 MHz, 0 %, 0 %
2026/03/23 13:21:24.129, 0, 228.15 W, 28, 2032 MHz, 3996 MHz, 0 %, 0 %
2026/03/23 13:21:24.129, 1, 233.28 W, 30, 2032 MHz, 3996 MHz, 0 %, 0 %
2026/03/23 13:21:24.129, 2, 234.02 W, 27, 2032 MHz, 3996 MHz, 0 %, 0 %
2026/03/23 13:21:24.129, 3, 234.73 W, 31, 2032 MHz, 3996 MHz, 0 %, 0 %
2026/03/23 13:21:24.129, 4, 179.11 W, 25, 120 MHz, 3996 MHz, 0 %, 0 %
2026/03/23 13:21:24.129, 5, 180.58 W, 28, 120 MHz, 3996 MHz, 0 %, 0 %
2026/03/23 13:21:24.129, 6, 178.29 W, 26, 120 MHz, 3996 MHz, 0 %, 0 %
2026/03/23 13:21:24.129, 7, 176.58 W, 27, 120 MHz, 3996 MHz, 0 %, 0 %
2026/03/23 13:21:25.129, 0, 228.22 W, 28, 2032 MHz, 3996 MHz, 0 %, 0 %
2026/03/23 13:21:25.129, 1, 233.29 W, 30, 2032 MHz, 3996 MHz, 0 %, 0 %
2026/03/23 13:21:25.129, 2, 234.02 W, 27, 2032 MHz, 3996 MHz, 0 %, 0 %
2026/03/23 13:21:25.129, 3, 234.73 W, 31, 2032 MHz, 3996 MHz, 0 %, 0 %
2026/03/23 13:21:25.129, 4, 179.03 W, 25, 120 MHz, 3996 MHz, 0 %, 0 %
2026/03/23 13:21:25.129, 5, 180.58 W, 28, 120 MHz, 3996 MHz, 0 %, 0 %
2026/03/23 13:21:25.129, 6, 178.13 W, 26, 120 MHz, 3996 MHz, 0 %, 0 %
2026/03/23 13:21:25.129, 7, 176.58 W, 27, 120 MHz, 3996 MHz, 0 %, 0 %
2026/03/23 13:21:26.129, 0, 228.26 W, 28, 2032 MHz, 3996 MHz, 0 %, 0 %
2026/03/23 13:21:26.130, 1, 233.30 W, 30, 2032 MHz, 3996 MHz, 0 %, 0 %
2026/03/23 13:21:26.130, 2, 234.02 W, 27, 2032 MHz, 3996 MHz, 0 %, 0 %
2026/03/23 13:21:26.130, 3, 234.82 W, 31, 2032 MHz, 3996 MHz, 0 %, 0 %
2026/03/23 13:21:26.130, 4, 179.00 W, 25, 120 MHz, 3996 MHz, 0 %, 0 %
2026/03/23 13:21:26.130, 5, 180.58 W, 28, 120 MHz, 3996 MHz, 0 %, 0 %
2026/03/23 13:21:26.130, 6, 177.99 W, 26, 120 MHz, 3996 MHz, 0 %, 0 %
2026/03/23 13:21:26.130, 7, 176.58 W, 27, 120 MHz, 3996 MHz, 0 %, 0 %
2026/03/23 13:21:27.130, 0, 228.22 W, 28, 2032 MHz, 3996 MHz, 0 %, 0 %
2026/03/23 13:21:27.130, 1, 233.29 W, 30, 2032 MHz, 3996 MHz, 0 %, 0 %
2026/03/23 13:21:27.130, 2, 234.02 W, 27, 2032 MHz, 3996 MHz, 0 %, 0 %
2026/03/23 13:21:27.130, 3, 234.53 W, 31, 2032 MHz, 3996 MHz, 0 %, 0 %
2026/03/23 13:21:27.130, 4, 179.02 W, 25, 120 MHz, 3996 MHz, 0 %, 0 %
2026/03/23 13:21:27.130, 5, 180.58 W, 28, 120 MHz, 3996 MHz, 0 %, 0 %
2026/03/23 13:21:27.130, 6, 178.21 W, 26, 120 MHz, 3996 MHz, 0 %, 0 %
2026/03/23 13:21:27.130, 7, 176.58 W, 27, 120 MHz, 3996 MHz, 0 %, 0 %
2026/03/23 13:21:28.130, 0, 228.22 W, 28, 2032 MHz, 3996 MHz, 0 %, 0 %
2026/03/23 13:21:28.130, 1, 233.27 W, 30, 2032 MHz, 3996 MHz, 0 %, 0 %
2026/03/23 13:21:28.130, 2, 234.02 W, 27, 2032 MHz, 3996 MHz, 0 %, 0 %
2026/03/23 13:21:28.130, 3, 234.96 W, 31, 2032 MHz, 3996 MHz, 0 %, 0 %
2026/03/23 13:21:28.130, 4, 179.14 W, 25, 120 MHz, 3996 MHz, 0 %, 0 %
2026/03/23 13:21:28.130, 5, 180.58 W, 28, 120 MHz, 3996 MHz, 0 %, 0 %
2026/03/23 13:21:28.130, 6, 178.52 W, 26, 120 MHz, 3996 MHz, 0 %, 0 %
2026/03/23 13:21:28.130, 7, 176.58 W, 27, 120 MHz, 3996 MHz, 0 %, 0 %
2026/03/23 13:21:29.130, 0, 228.30 W, 28, 2032 MHz, 3996 MHz, 0 %, 0 %
2026/03/23 13:21:29.130, 1, 233.28 W, 30, 2032 MHz, 3996 MHz, 0 %, 0 %
2026/03/23 13:21:29.130, 2, 234.02 W, 27, 2032 MHz, 3996 MHz, 0 %, 0 %
2026/03/23 13:21:29.130, 3, 234.88 W, 31, 2032 MHz, 3996 MHz, 0 %, 0 %
2026/03/23 13:21:29.130, 4, 178.97 W, 25, 120 MHz, 3996 MHz, 0 %, 0 %
2026/03/23 13:21:29.130, 5, 180.58 W, 28, 120 MHz, 3996 MHz, 0 %, 0 %
2026/03/23 13:21:29.130, 6, 178.02 W, 26, 120 MHz, 3996 MHz, 0 %, 0 %
2026/03/23 13:21:29.130, 7, 176.58 W, 27, 120 MHz, 3996 MHz, 0 %, 0 %
2026/03/23 13:21:30.130, 0, 228.41 W, 28, 2032 MHz, 3996 MHz, 0 %, 0 %
2026/03/23 13:21:30.130, 1, 233.27 W, 30, 2032 MHz, 3996 MHz, 0 %, 0 %
2026/03/23 13:21:30.130, 2, 234.02 W, 27, 2032 MHz, 3996 MHz, 0 %, 0 %
2026/03/23 13:21:30.130, 3, 234.87 W, 31, 2032 MHz, 3996 MHz, 0 %, 0 %
2026/03/23 13:21:30.130, 4, 178.92 W, 25, 120 MHz, 3996 MHz, 0 %, 0 %
2026/03/23 13:21:30.130, 5, 180.58 W, 28, 120 MHz, 3996 MHz, 0 %, 0 %
2026/03/23 13:21:30.130, 6, 178.41 W, 26, 120 MHz, 3996 MHz, 0 %, 0 %
2026/03/23 13:21:30.130, 7, 176.58 W, 27, 120 MHz, 3996 MHz, 0 %, 0 %
2026/03/23 13:21:31.130, 0, 228.49 W, 28, 2032 MHz, 3996 MHz, 0 %, 0 %
2026/03/23 13:21:31.130, 1, 233.24 W, 30, 2032 MHz, 3996 MHz, 0 %, 0 %
2026/03/23 13:21:31.130, 2, 234.02 W, 27, 2032 MHz, 3996 MHz, 0 %, 0 %
2026/03/23 13:21:31.130, 3, 235.23 W, 31, 2032 MHz, 3996 MHz, 0 %, 0 %
2026/03/23 13:21:31.130, 4, 179.01 W, 25, 120 MHz, 3996 MHz, 0 %, 0 %
2026/03/23 13:21:31.130, 5, 180.58 W, 28, 120 MHz, 3996 MHz, 0 %, 0 %
2026/03/23 13:21:31.130, 6, 178.21 W, 26, 120 MHz, 3996 MHz, 0 %, 0 %
2026/03/23 13:21:31.130, 7, 176.58 W, 27, 120 MHz, 3996 MHz, 0 %, 0 %
2026/03/23 13:21:32.130, 0, 228.22 W, 28, 2032 MHz, 3996 MHz, 0 %, 0 %
2026/03/23 13:21:32.130, 1, 233.24 W, 30, 2032 MHz, 3996 MHz, 0 %, 0 %
2026/03/23 13:21:32.130, 2, 234.02 W, 27, 2032 MHz, 3996 MHz, 0 %, 0 %
2026/03/23 13:21:32.130, 3, 235.20 W, 30, 2032 MHz, 3996 MHz, 0 %, 0 %
2026/03/23 13:21:32.130, 4, 178.96 W, 25, 120 MHz, 3996 MHz, 0 %, 0 %
2026/03/23 13:21:32.130, 5, 180.58 W, 28, 120 MHz, 3996 MHz, 0 %, 0 %
2026/03/23 13:21:32.130, 6, 178.14 W, 26, 120 MHz, 3996 MHz, 0 %, 0 %
2026/03/23 13:21:32.130, 7, 176.59 W, 27, 120 MHz, 3996 MHz, 0 %, 0 %
2026/03/23 13:21:33.130, 0, 228.34 W, 28, 2032 MHz, 3996 MHz, 0 %, 0 %
2026/03/23 13:21:33.131, 1, 233.22 W, 30, 2032 MHz, 3996 MHz, 0 %, 0 %
2026/03/23 13:21:33.131, 2, 234.02 W, 27, 2032 MHz, 3996 MHz, 0 %, 0 %
2026/03/23 13:21:33.131, 3, 235.19 W, 30, 2032 MHz, 3996 MHz, 0 %, 0 %
2026/03/23 13:21:33.131, 4, 179.02 W, 25, 120 MHz, 3996 MHz, 0 %, 0 %
2026/03/23 13:21:33.131, 5, 180.58 W, 28, 120 MHz, 3996 MHz, 0 %, 0 %
2026/03/23 13:21:33.131, 6, 178.26 W, 26, 120 MHz, 3996 MHz, 0 %, 0 %
2026/03/23 13:21:33.131, 7, 176.59 W, 27, 120 MHz, 3996 MHz, 0 %, 0 %
2026/03/23 13:21:34.131, 0, 228.49 W, 28, 2032 MHz, 3996 MHz, 0 %, 0 %
2026/03/23 13:21:34.131, 1, 233.25 W, 30, 2032 MHz, 3996 MHz, 0 %, 0 %
2026/03/23 13:21:34.131, 2, 234.02 W, 27, 2032 MHz, 3996 MHz, 0 %, 0 %
2026/03/23 13:21:34.131, 3, 235.18 W, 30, 2032 MHz, 3996 MHz, 0 %, 0 %
2026/03/23 13:21:34.131, 4, 179.08 W, 25, 120 MHz, 3996 MHz, 0 %, 0 %
2026/03/23 13:21:34.131, 5, 180.58 W, 28, 120 MHz, 3996 MHz, 0 %, 0 %
2026/03/23 13:21:34.131, 6, 178.21 W, 26, 120 MHz, 3996 MHz, 0 %, 0 %
2026/03/23 13:21:34.131, 7, 176.58 W, 27, 120 MHz, 3996 MHz, 0 %, 0 %
2026/03/23 13:21:35.131, 0, 228.34 W, 28, 2032 MHz, 3996 MHz, 0 %, 0 %
2026/03/23 13:21:35.131, 1, 233.24 W, 30, 2032 MHz, 3996 MHz, 0 %, 0 %
2026/03/23 13:21:35.131, 2, 234.02 W, 27, 2032 MHz, 3996 MHz, 0 %, 0 %
2026/03/23 13:21:35.131, 3, 235.24 W, 30, 2032 MHz, 3996 MHz, 0 %, 0 %
2026/03/23 13:21:35.131, 4, 178.93 W, 25, 120 MHz, 3996 MHz, 0 %, 0 %
2026/03/23 13:21:35.131, 5, 180.58 W, 28, 120 MHz, 3996 MHz, 0 %, 0 %
2026/03/23 13:21:35.131, 6, 178.21 W, 26, 120 MHz, 3996 MHz, 0 %, 0 %
2026/03/23 13:21:35.131, 7, 176.59 W, 27, 120 MHz, 3996 MHz, 0 %, 0 %
2026/03/23 13:21:36.131, 0, 228.37 W, 28, 2032 MHz, 3996 MHz, 0 %, 0 %
2026/03/23 13:21:36.131, 1, 233.21 W, 30, 2032 MHz, 3996 MHz, 0 %, 0 %
2026/03/23 13:21:36.131, 2, 234.02 W, 27, 2032 MHz, 3996 MHz, 0 %, 0 %
2026/03/23 13:21:36.131, 3, 235.23 W, 30, 2032 MHz, 3996 MHz, 0 %, 0 %
2026/03/23 13:21:36.131, 4, 178.95 W, 25, 120 MHz, 3996 MHz, 0 %, 0 %
2026/03/23 13:21:36.131, 5, 180.58 W, 28, 120 MHz, 3996 MHz, 0 %, 0 %
2026/03/23 13:21:36.131, 6, 178.32 W, 26, 120 MHz, 3996 MHz, 0 %, 0 %
2026/03/23 13:21:36.131, 7, 176.59 W, 27, 120 MHz, 3996 MHz, 0 %, 0 %
2026/03/23 13:21:37.131, 0, 229.23 W, 28, 2032 MHz, 3996 MHz, 0 %, 0 %
2026/03/23 13:21:37.131, 1, 233.24 W, 30, 2032 MHz, 3996 MHz, 0 %, 0 %
2026/03/23 13:21:37.131, 2, 234.02 W, 27, 2032 MHz, 3996 MHz, 0 %, 0 %
2026/03/23 13:21:37.131, 3, 235.16 W, 30, 2032 MHz, 3996 MHz, 0 %, 0 %
2026/03/23 13:21:37.131, 4, 178.95 W, 25, 120 MHz, 3996 MHz, 0 %, 0 %
2026/03/23 13:21:37.131, 5, 180.58 W, 28, 120 MHz, 3996 MHz, 0 %, 0 %
2026/03/23 13:21:37.131, 6, 178.41 W, 26, 120 MHz, 3996 MHz, 0 %, 0 %
2026/03/23 13:21:37.131, 7, 176.59 W, 27, 120 MHz, 3996 MHz, 0 %, 0 %
2026/03/23 13:21:38.131, 0, 229.11 W, 28, 2032 MHz, 3996 MHz, 0 %, 0 %
2026/03/23 13:21:38.131, 1, 233.22 W, 30, 2032 MHz, 3996 MHz, 0 %, 0 %
2026/03/23 13:21:38.131, 2, 234.02 W, 27, 2032 MHz, 3996 MHz, 0 %, 0 %
2026/03/23 13:21:38.131, 3, 235.01 W, 30, 2032 MHz, 3996 MHz, 0 %, 0 %
2026/03/23 13:21:38.131, 4, 179.01 W, 25, 120 MHz, 3996 MHz, 0 %, 0 %
2026/03/23 13:21:38.131, 5, 180.58 W, 28, 120 MHz, 3996 MHz, 0 %, 0 %
2026/03/23 13:21:38.131, 6, 178.25 W, 26, 120 MHz, 3996 MHz, 0 %, 0 %
2026/03/23 13:21:38.131, 7, 176.59 W, 27, 120 MHz, 3996 MHz, 0 %, 0 %
2026/03/23 13:21:39.131, 0, 229.25 W, 28, 2032 MHz, 3996 MHz, 0 %, 0 %
2026/03/23 13:21:39.131, 1, 233.26 W, 30, 2032 MHz, 3996 MHz, 0 %, 0 %
2026/03/23 13:21:39.131, 2, 234.02 W, 27, 2032 MHz, 3996 MHz, 0 %, 0 %
2026/03/23 13:21:39.131, 3, 235.14 W, 30, 2032 MHz, 3996 MHz, 0 %, 0 %
2026/03/23 13:21:39.131, 4, 179.20 W, 25, 120 MHz, 3996 MHz, 0 %, 0 %
2026/03/23 13:21:39.131, 5, 180.58 W, 28, 120 MHz, 3996 MHz, 0 %, 0 %
2026/03/23 13:21:39.131, 6, 178.10 W, 26, 120 MHz, 3996 MHz, 0 %, 0 %
2026/03/23 13:21:39.131, 7, 176.58 W, 27, 120 MHz, 3996 MHz, 0 %, 0 %
2026/03/23 13:21:40.131, 0, 229.31 W, 28, 2032 MHz, 3996 MHz, 0 %, 0 %
2026/03/23 13:21:40.132, 1, 233.20 W, 30, 2032 MHz, 3996 MHz, 0 %, 0 %
2026/03/23 13:21:40.132, 2, 234.02 W, 27, 2032 MHz, 3996 MHz, 0 %, 0 %
2026/03/23 13:21:40.132, 3, 235.07 W, 30, 2032 MHz, 3996 MHz, 0 %, 0 %
2026/03/23 13:21:40.132, 4, 179.24 W, 25, 120 MHz, 3996 MHz, 0 %, 0 %
2026/03/23 13:21:40.132, 5, 180.58 W, 28, 120 MHz, 3996 MHz, 0 %, 0 %
2026/03/23 13:21:40.132, 6, 178.37 W, 26, 120 MHz, 3996 MHz, 0 %, 0 %
2026/03/23 13:21:40.132, 7, 176.58 W, 27, 120 MHz, 3996 MHz, 0 %, 0 %
2026/03/23 13:21:41.132, 0, 229.05 W, 28, 2032 MHz, 3996 MHz, 0 %, 0 %
2026/03/23 13:21:41.132, 1, 233.23 W, 30, 2032 MHz, 3996 MHz, 0 %, 0 %
2026/03/23 13:21:41.132, 2, 234.02 W, 27, 2032 MHz, 3996 MHz, 0 %, 0 %
2026/03/23 13:21:41.132, 3, 235.21 W, 30, 2032 MHz, 3996 MHz, 0 %, 0 %
2026/03/23 13:21:41.132, 4, 179.00 W, 25, 120 MHz, 3996 MHz, 0 %, 0 %
2026/03/23 13:21:41.132, 5, 180.58 W, 28, 120 MHz, 3996 MHz, 0 %, 0 %
2026/03/23 13:21:41.132, 6, 178.33 W, 26, 120 MHz, 3996 MHz, 0 %, 0 %
2026/03/23 13:21:41.132, 7, 176.58 W, 27, 120 MHz, 3996 MHz, 0 %, 0 %
2026/03/23 13:21:42.132, 0, 229.02 W, 28, 2032 MHz, 3996 MHz, 0 %, 0 %
2026/03/23 13:21:42.132, 1, 233.36 W, 30, 2032 MHz, 3996 MHz, 0 %, 0 %
2026/03/23 13:21:42.132, 2, 234.02 W, 27, 2032 MHz, 3996 MHz, 0 %, 0 %
2026/03/23 13:21:42.132, 3, 235.15 W, 30, 2032 MHz, 3996 MHz, 0 %, 0 %
2026/03/23 13:21:42.132, 4, 178.93 W, 25, 120 MHz, 3996 MHz, 0 %, 0 %
2026/03/23 13:21:42.132, 5, 180.58 W, 28, 120 MHz, 3996 MHz, 0 %, 0 %
2026/03/23 13:21:42.132, 6, 178.22 W, 26, 120 MHz, 3996 MHz, 0 %, 0 %
2026/03/23 13:21:42.132, 7, 176.58 W, 27, 120 MHz, 3996 MHz, 0 %, 0 %
2026/03/23 13:21:43.132, 0, 229.19 W, 28, 2032 MHz, 3996 MHz, 0 %, 0 %
2026/03/23 13:21:43.132, 1, 233.19 W, 30, 2032 MHz, 3996 MHz, 0 %, 0 %
2026/03/23 13:21:43.132, 2, 234.02 W, 27, 2032 MHz, 3996 MHz, 0 %, 0 %
2026/03/23 13:21:43.132, 3, 235.11 W, 30, 2032 MHz, 3996 MHz, 0 %, 0 %
2026/03/23 13:21:43.132, 4, 179.21 W, 25, 120 MHz, 3996 MHz, 0 %, 0 %
2026/03/23 13:21:43.132, 5, 180.58 W, 28, 120 MHz, 3996 MHz, 0 %, 0 %
2026/03/23 13:21:43.132, 6, 178.18 W, 26, 120 MHz, 3996 MHz, 0 %, 0 %
2026/03/23 13:21:43.132, 7, 176.58 W, 27, 120 MHz, 3996 MHz, 0 %, 0 %
2026/03/23 13:21:44.132, 0, 229.21 W, 28, 2032 MHz, 3996 MHz, 0 %, 0 %
2026/03/23 13:21:44.132, 1, 233.30 W, 30, 2032 MHz, 3996 MHz, 0 %, 0 %
2026/03/23 13:21:44.132, 2, 234.02 W, 27, 2032 MHz, 3996 MHz, 0 %, 0 %
2026/03/23 13:21:44.132, 3, 235.08 W, 30, 2032 MHz, 3996 MHz, 0 %, 0 %
2026/03/23 13:21:44.132, 4, 179.14 W, 25, 120 MHz, 3996 MHz, 0 %, 0 %
2026/03/23 13:21:44.132, 5, 180.58 W, 28, 120 MHz, 3996 MHz, 0 %, 0 %
2026/03/23 13:21:44.132, 6, 178.25 W, 26, 120 MHz, 3996 MHz, 0 %, 0 %
2026/03/23 13:21:44.132, 7, 176.58 W, 27, 120 MHz, 3996 MHz, 0 %, 0 %
2026/03/23 13:21:45.132, 0, 229.36 W, 28, 2032 MHz, 3996 MHz, 0 %, 0 %
2026/03/23 13:21:45.132, 1, 233.21 W, 30, 2032 MHz, 3996 MHz, 0 %, 0 %
2026/03/23 13:21:45.132, 2, 234.02 W, 27, 2032 MHz, 3996 MHz, 0 %, 0 %
2026/03/23 13:21:45.132, 3, 234.93 W, 30, 2032 MHz, 3996 MHz, 0 %, 0 %
2026/03/23 13:21:45.132, 4, 178.97 W, 25, 120 MHz, 3996 MHz, 0 %, 0 %
2026/03/23 13:21:45.132, 5, 180.58 W, 28, 120 MHz, 3996 MHz, 0 %, 0 %
2026/03/23 13:21:45.132, 6, 178.29 W, 26, 120 MHz, 3996 MHz, 0 %, 0 %
2026/03/23 13:21:45.132, 7, 176.58 W, 27, 120 MHz, 3996 MHz, 0 %, 0 %
2026/03/23 13:21:46.132, 0, 228.87 W, 28, 2032 MHz, 3996 MHz, 0 %, 0 %
2026/03/23 13:21:46.132, 1, 233.29 W, 30, 2032 MHz, 3996 MHz, 0 %, 0 %
2026/03/23 13:21:46.132, 2, 234.06 W, 27, 2032 MHz, 3996 MHz, 0 %, 0 %
2026/03/23 13:21:46.132, 3, 235.11 W, 30, 2032 MHz, 3996 MHz, 0 %, 0 %
2026/03/23 13:21:46.132, 4, 178.99 W, 25, 120 MHz, 3996 MHz, 0 %, 0 %
2026/03/23 13:21:46.132, 5, 180.58 W, 28, 120 MHz, 3996 MHz, 0 %, 0 %
2026/03/23 13:21:46.132, 6, 178.49 W, 26, 120 MHz, 3996 MHz, 0 %, 0 %
2026/03/23 13:21:46.132, 7, 176.58 W, 27, 120 MHz, 3996 MHz, 0 %, 0 %
2026/03/23 13:21:47.133, 0, 228.26 W, 28, 2032 MHz, 3996 MHz, 0 %, 0 %
2026/03/23 13:21:47.133, 1, 233.36 W, 30, 2032 MHz, 3996 MHz, 0 %, 0 %
2026/03/23 13:21:47.133, 2, 234.02 W, 27, 2032 MHz, 3996 MHz, 0 %, 0 %
2026/03/23 13:21:47.133, 3, 234.05 W, 30, 2032 MHz, 3996 MHz, 0 %, 0 %
2026/03/23 13:21:47.133, 4, 178.92 W, 25, 120 MHz, 3996 MHz, 0 %, 0 %
2026/03/23 13:21:47.133, 5, 180.58 W, 28, 120 MHz, 3996 MHz, 0 %, 0 %
2026/03/23 13:21:47.133, 6, 178.26 W, 26, 120 MHz, 3996 MHz, 0 %, 0 %
2026/03/23 13:21:47.133, 7, 176.58 W, 27, 120 MHz, 3996 MHz, 0 %, 0 %
2026/03/23 13:21:48.133, 0, 228.90 W, 28, 2032 MHz, 3996 MHz, 0 %, 0 %
2026/03/23 13:21:48.133, 1, 233.40 W, 30, 2032 MHz, 3996 MHz, 0 %, 0 %
2026/03/23 13:21:48.133, 2, 234.06 W, 27, 2032 MHz, 3996 MHz, 0 %, 0 %
2026/03/23 13:21:48.133, 3, 234.79 W, 30, 2032 MHz, 3996 MHz, 0 %, 0 %
2026/03/23 13:21:48.133, 4, 178.91 W, 25, 120 MHz, 3996 MHz, 0 %, 0 %
2026/03/23 13:21:48.133, 5, 180.58 W, 28, 120 MHz, 3996 MHz, 0 %, 0 %
2026/03/23 13:21:48.133, 6, 178.25 W, 26, 120 MHz, 3996 MHz, 0 %, 0 %
2026/03/23 13:21:48.133, 7, 176.58 W, 27, 120 MHz, 3996 MHz, 0 %, 0 %
2026/03/23 13:21:49.133, 0, 228.37 W, 28, 2032 MHz, 3996 MHz, 0 %, 0 %
2026/03/23 13:21:49.133, 1, 233.33 W, 30, 2032 MHz, 3996 MHz, 0 %, 0 %
2026/03/23 13:21:49.133, 2, 234.02 W, 27, 2032 MHz, 3996 MHz, 0 %, 0 %
2026/03/23 13:21:49.133, 3, 234.17 W, 30, 2032 MHz, 3996 MHz, 0 %, 0 %
2026/03/23 13:21:49.133, 4, 178.93 W, 25, 120 MHz, 3996 MHz, 0 %, 0 %
2026/03/23 13:21:49.133, 5, 180.58 W, 28, 120 MHz, 3996 MHz, 0 %, 0 %
2026/03/23 13:21:49.133, 6, 178.26 W, 26, 120 MHz, 3996 MHz, 0 %, 0 %
2026/03/23 13:21:49.133, 7, 176.58 W, 27, 120 MHz, 3996 MHz, 0 %, 0 %
2026/03/23 13:21:50.133, 0, 228.18 W, 27, 2032 MHz, 3996 MHz, 0 %, 0 %
2026/03/23 13:21:50.133, 1, 233.27 W, 30, 2032 MHz, 3996 MHz, 0 %, 0 %
2026/03/23 13:21:50.133, 2, 234.02 W, 27, 2032 MHz, 3996 MHz, 0 %, 0 %
2026/03/23 13:21:50.133, 3, 233.80 W, 30, 2032 MHz, 3996 MHz, 1 %, 0 %
2026/03/23 13:21:50.133, 4, 178.89 W, 25, 120 MHz, 3996 MHz, 0 %, 0 %
2026/03/23 13:21:50.133, 5, 180.58 W, 28, 120 MHz, 3996 MHz, 0 %, 0 %
2026/03/23 13:21:50.133, 6, 178.18 W, 26, 120 MHz, 3996 MHz, 0 %, 0 %
2026/03/23 13:21:50.133, 7, 176.58 W, 27, 120 MHz, 3996 MHz, 0 %, 0 %
2026/03/23 13:21:51.133, 0, 228.15 W, 28, 2032 MHz, 3996 MHz, 0 %, 0 %
2026/03/23 13:21:51.133, 1, 233.26 W, 30, 2032 MHz, 3996 MHz, 0 %, 0 %
2026/03/23 13:21:51.133, 2, 234.02 W, 27, 2032 MHz, 3996 MHz, 0 %, 0 %
2026/03/23 13:21:51.133, 3, 233.57 W, 30, 2032 MHz, 3996 MHz, 0 %, 0 %
2026/03/23 13:21:51.133, 4, 179.20 W, 25, 120 MHz, 3996 MHz, 0 %, 0 %
2026/03/23 13:21:51.133, 5, 180.58 W, 28, 120 MHz, 3996 MHz, 0 %, 0 %
2026/03/23 13:21:51.133, 6, 178.10 W, 26, 120 MHz, 3996 MHz, 0 %, 0 %
2026/03/23 13:21:51.133, 7, 176.59 W, 27, 120 MHz, 3996 MHz, 0 %, 0 %
2026/03/23 13:21:52.134, 0, 228.07 W, 27, 2032 MHz, 3996 MHz, 0 %, 0 %
2026/03/23 13:21:52.134, 1, 233.24 W, 30, 2032 MHz, 3996 MHz, 0 %, 0 %
2026/03/23 13:21:52.134, 2, 234.02 W, 27, 2032 MHz, 3996 MHz, 0 %, 0 %
2026/03/23 13:21:52.134, 3, 233.50 W, 30, 2032 MHz, 3996 MHz, 0 %, 0 %
2026/03/23 13:21:52.134, 4, 179.40 W, 25, 120 MHz, 3996 MHz, 0 %, 0 %
2026/03/23 13:21:52.134, 5, 180.58 W, 28, 120 MHz, 3996 MHz, 0 %, 0 %
2026/03/23 13:21:52.134, 6, 178.22 W, 26, 120 MHz, 3996 MHz, 0 %, 0 %
2026/03/23 13:21:52.134, 7, 176.58 W, 27, 120 MHz, 3996 MHz, 0 %, 0 %
2026/03/23 13:21:53.134, 0, 228.11 W, 27, 2032 MHz, 3996 MHz, 0 %, 0 %
2026/03/23 13:21:53.134, 1, 233.27 W, 30, 2032 MHz, 3996 MHz, 0 %, 0 %
2026/03/23 13:21:53.134, 2, 234.02 W, 27, 2032 MHz, 3996 MHz, 0 %, 0 %
2026/03/23 13:21:53.134, 3, 233.49 W, 30, 2032 MHz, 3996 MHz, 0 %, 0 %
2026/03/23 13:21:53.134, 4, 179.18 W, 25, 120 MHz, 3996 MHz, 0 %, 0 %
2026/03/23 13:21:53.134, 5, 180.58 W, 28, 120 MHz, 3996 MHz, 0 %, 0 %
2026/03/23 13:21:53.134, 6, 178.29 W, 26, 120 MHz, 3996 MHz, 0 %, 0 %
2026/03/23 13:21:53.134, 7, 176.59 W, 27, 120 MHz, 3996 MHz, 0 %, 0 %
2026/03/23 13:21:54.134, 0, 228.15 W, 27, 2032 MHz, 3996 MHz, 0 %, 0 %
2026/03/23 13:21:54.134, 1, 233.28 W, 30, 2032 MHz, 3996 MHz, 0 %, 0 %
2026/03/23 13:21:54.134, 2, 234.02 W, 27, 2032 MHz, 3996 MHz, 0 %, 0 %
2026/03/23 13:21:54.134, 3, 233.54 W, 30, 2032 MHz, 3996 MHz, 0 %, 0 %
2026/03/23 13:21:54.134, 4, 179.23 W, 25, 120 MHz, 3996 MHz, 0 %, 0 %
2026/03/23 13:21:54.134, 5, 180.58 W, 28, 120 MHz, 3996 MHz, 0 %, 0 %
2026/03/23 13:21:54.134, 6, 178.29 W, 26, 120 MHz, 3996 MHz, 0 %, 0 %
2026/03/23 13:21:54.134, 7, 176.58 W, 27, 120 MHz, 3996 MHz, 0 %, 0 %
2026/03/23 13:21:55.134, 0, 228.18 W, 27, 2032 MHz, 3996 MHz, 0 %, 0 %
2026/03/23 13:21:55.134, 1, 233.22 W, 30, 2032 MHz, 3996 MHz, 0 %, 0 %
2026/03/23 13:21:55.134, 2, 234.02 W, 27, 2032 MHz, 3996 MHz, 0 %, 0 %
2026/03/23 13:21:55.134, 3, 233.63 W, 30, 2032 MHz, 3996 MHz, 0 %, 0 %
2026/03/23 13:21:55.134, 4, 178.94 W, 25, 120 MHz, 3996 MHz, 0 %, 0 %
2026/03/23 13:21:55.134, 5, 180.58 W, 28, 120 MHz, 3996 MHz, 0 %, 0 %
2026/03/23 13:21:55.134, 6, 178.41 W, 26, 120 MHz, 3996 MHz, 0 %, 0 %
2026/03/23 13:21:55.134, 7, 176.58 W, 27, 120 MHz, 3996 MHz, 0 %, 0 %
2026/03/23 13:21:56.134, 0, 228.15 W, 27, 2032 MHz, 3996 MHz, 0 %, 0 %
2026/03/23 13:21:56.134, 1, 233.27 W, 30, 2032 MHz, 3996 MHz, 0 %, 0 %
2026/03/23 13:21:56.134, 2, 234.02 W, 27, 2032 MHz, 3996 MHz, 0 %, 0 %
2026/03/23 13:21:56.134, 3, 233.70 W, 30, 2032 MHz, 3996 MHz, 0 %, 0 %
2026/03/23 13:21:56.134, 4, 178.97 W, 25, 120 MHz, 3996 MHz, 0 %, 0 %
2026/03/23 13:21:56.134, 5, 180.58 W, 28, 120 MHz, 3996 MHz, 0 %, 0 %
2026/03/23 13:21:56.134, 6, 178.25 W, 26, 120 MHz, 3996 MHz, 0 %, 0 %
2026/03/23 13:21:56.134, 7, 176.59 W, 27, 120 MHz, 3996 MHz, 0 %, 0 %
2026/03/23 13:21:57.134, 0, 228.07 W, 27, 2032 MHz, 3996 MHz, 0 %, 0 %
2026/03/23 13:21:57.134, 1, 233.23 W, 30, 2032 MHz, 3996 MHz, 0 %, 0 %
2026/03/23 13:21:57.134, 2, 233.99 W, 27, 2032 MHz, 3996 MHz, 0 %, 0 %
2026/03/23 13:21:57.134, 3, 233.46 W, 30, 2032 MHz, 3996 MHz, 0 %, 0 %
2026/03/23 13:21:57.134, 4, 179.02 W, 25, 120 MHz, 3996 MHz, 0 %, 0 %
2026/03/23 13:21:57.134, 5, 180.58 W, 28, 120 MHz, 3996 MHz, 0 %, 0 %
2026/03/23 13:21:57.134, 6, 178.53 W, 26, 120 MHz, 3996 MHz, 0 %, 0 %
2026/03/23 13:21:57.134, 7, 176.58 W, 27, 120 MHz, 3996 MHz, 0 %, 0 %
2026/03/23 13:21:58.134, 0, 228.07 W, 27, 2032 MHz, 3996 MHz, 0 %, 0 %
2026/03/23 13:21:58.134, 1, 233.25 W, 30, 2032 MHz, 3996 MHz, 0 %, 0 %
2026/03/23 13:21:58.134, 2, 234.02 W, 27, 2032 MHz, 3996 MHz, 0 %, 0 %
2026/03/23 13:21:58.134, 3, 233.61 W, 30, 2032 MHz, 3996 MHz, 0 %, 0 %
2026/03/23 13:21:58.134, 4, 179.11 W, 25, 120 MHz, 3996 MHz, 0 %, 0 %
2026/03/23 13:21:58.134, 5, 180.58 W, 28, 120 MHz, 3996 MHz, 0 %, 0 %
2026/03/23 13:21:58.135, 6, 178.38 W, 26, 120 MHz, 3996 MHz, 0 %, 0 %
2026/03/23 13:21:58.135, 7, 176.58 W, 27, 120 MHz, 3996 MHz, 0 %, 0 %
2026/03/23 13:21:59.135, 0, 228.15 W, 27, 2032 MHz, 3996 MHz, 0 %, 0 %
2026/03/23 13:21:59.135, 1, 233.25 W, 30, 2032 MHz, 3996 MHz, 0 %, 0 %
2026/03/23 13:21:59.135, 2, 234.02 W, 27, 2032 MHz, 3996 MHz, 0 %, 0 %
2026/03/23 13:21:59.135, 3, 233.94 W, 30, 2032 MHz, 3996 MHz, 0 %, 0 %
2026/03/23 13:21:59.135, 4, 178.96 W, 25, 120 MHz, 3996 MHz, 0 %, 0 %
2026/03/23 13:21:59.135, 5, 180.58 W, 28, 120 MHz, 3996 MHz, 0 %, 0 %
2026/03/23 13:21:59.135, 6, 178.41 W, 26, 120 MHz, 3996 MHz, 0 %, 0 %
2026/03/23 13:21:59.135, 7, 176.58 W, 27, 120 MHz, 3996 MHz, 0 %, 0 %
2026/03/23 13:22:00.135, 0, 228.34 W, 27, 2032 MHz, 3996 MHz, 0 %, 0 %
2026/03/23 13:22:00.135, 1, 233.29 W, 30, 2032 MHz, 3996 MHz, 0 %, 0 %
2026/03/23 13:22:00.135, 2, 234.02 W, 27, 2032 MHz, 3996 MHz, 0 %, 0 %
2026/03/23 13:22:00.135, 3, 233.83 W, 30, 2032 MHz, 3996 MHz, 0 %, 0 %
2026/03/23 13:22:00.135, 4, 179.18 W, 25, 120 MHz, 3996 MHz, 0 %, 0 %
2026/03/23 13:22:00.135, 5, 180.58 W, 28, 120 MHz, 3996 MHz, 0 %, 0 %
2026/03/23 13:22:00.135, 6, 178.41 W, 26, 120 MHz, 3996 MHz, 0 %, 0 %
2026/03/23 13:22:00.135, 7, 176.58 W, 27, 120 MHz, 3996 MHz, 0 %, 0 %
2026/03/23 13:22:01.135, 0, 228.49 W, 27, 2032 MHz, 3996 MHz, 1 %, 0 %
2026/03/23 13:22:01.135, 1, 233.31 W, 30, 2032 MHz, 3996 MHz, 1 %, 0 %
2026/03/23 13:22:01.135, 2, 234.02 W, 27, 2032 MHz, 3996 MHz, 0 %, 0 %
2026/03/23 13:22:01.135, 3, 234.74 W, 30, 2032 MHz, 3996 MHz, 0 %, 0 %
2026/03/23 13:22:01.135, 4, 179.19 W, 25, 120 MHz, 3996 MHz, 0 %, 0 %
2026/03/23 13:22:01.135, 5, 180.58 W, 28, 120 MHz, 3996 MHz, 0 %, 0 %
2026/03/23 13:22:01.135, 6, 178.29 W, 26, 120 MHz, 3996 MHz, 0 %, 0 %
2026/03/23 13:22:01.135, 7, 176.58 W, 27, 120 MHz, 3996 MHz, 0 %, 0 %
2026/03/23 13:22:02.135, 0, 228.49 W, 27, 2032 MHz, 3996 MHz, 15 %, 0 %
2026/03/23 13:22:02.135, 1, 233.41 W, 30, 2032 MHz, 3996 MHz, 15 %, 0 %
2026/03/23 13:22:02.135, 2, 234.18 W, 27, 2032 MHz, 3996 MHz, 0 %, 0 %
2026/03/23 13:22:02.135, 3, 233.95 W, 30, 2032 MHz, 3996 MHz, 7 %, 0 %
2026/03/23 13:22:02.135, 4, 179.04 W, 25, 120 MHz, 3996 MHz, 0 %, 0 %
2026/03/23 13:22:02.135, 5, 180.58 W, 28, 120 MHz, 3996 MHz, 0 %, 0 %
2026/03/23 13:22:02.135, 6, 178.14 W, 26, 120 MHz, 3996 MHz, 0 %, 0 %
2026/03/23 13:22:02.135, 7, 176.58 W, 27, 120 MHz, 3996 MHz, 0 %, 0 %
2026/03/23 13:22:03.135, 0, 229.73 W, 27, 2032 MHz, 3996 MHz, 7 %, 0 %
2026/03/23 13:22:03.135, 1, 234.18 W, 30, 2032 MHz, 3996 MHz, 8 %, 0 %
2026/03/23 13:22:03.135, 2, 234.29 W, 27, 2032 MHz, 3996 MHz, 7 %, 0 %
2026/03/23 13:22:03.135, 3, 235.17 W, 30, 2032 MHz, 3996 MHz, 8 %, 0 %
2026/03/23 13:22:03.135, 4, 179.20 W, 25, 120 MHz, 3996 MHz, 0 %, 0 %
2026/03/23 13:22:03.135, 5, 180.58 W, 28, 120 MHz, 3996 MHz, 0 %, 0 %
2026/03/23 13:22:03.135, 6, 178.29 W, 26, 120 MHz, 3996 MHz, 0 %, 0 %
2026/03/23 13:22:03.135, 7, 176.58 W, 27, 120 MHz, 3996 MHz, 0 %, 0 %
2026/03/23 13:22:04.135, 0, 229.70 W, 27, 2032 MHz, 3996 MHz, 7 %, 0 %
2026/03/23 13:22:04.135, 1, 233.89 W, 30, 2032 MHz, 3996 MHz, 7 %, 0 %
2026/03/23 13:22:04.135, 2, 234.10 W, 27, 2032 MHz, 3996 MHz, 7 %, 0 %
2026/03/23 13:22:04.135, 3, 235.16 W, 30, 2032 MHz, 3996 MHz, 7 %, 0 %
2026/03/23 13:22:04.135, 4, 178.92 W, 25, 120 MHz, 3996 MHz, 0 %, 0 %
2026/03/23 13:22:04.135, 5, 180.58 W, 28, 120 MHz, 3996 MHz, 0 %, 0 %
2026/03/23 13:22:04.135, 6, 178.29 W, 26, 120 MHz, 3996 MHz, 0 %, 0 %
2026/03/23 13:22:04.135, 7, 176.58 W, 27, 120 MHz, 3996 MHz, 0 %, 0 %
2026/03/23 13:22:05.136, 0, 229.74 W, 27, 2032 MHz, 3996 MHz, 7 %, 0 %
2026/03/23 13:22:05.136, 1, 233.61 W, 30, 2032 MHz, 3996 MHz, 7 %, 0 %
2026/03/23 13:22:05.136, 2, 234.06 W, 27, 2032 MHz, 3996 MHz, 6 %, 0 %
2026/03/23 13:22:05.136, 3, 235.13 W, 30, 2032 MHz, 3996 MHz, 7 %, 0 %
2026/03/23 13:22:05.136, 4, 178.96 W, 25, 120 MHz, 3996 MHz, 0 %, 0 %
2026/03/23 13:22:05.136, 5, 180.58 W, 28, 120 MHz, 3996 MHz, 0 %, 0 %
2026/03/23 13:22:05.136, 6, 178.41 W, 26, 120 MHz, 3996 MHz, 0 %, 0 %
2026/03/23 13:22:05.136, 7, 176.59 W, 27, 120 MHz, 3996 MHz, 0 %, 0 %
2026/03/23 13:22:06.136, 0, 229.81 W, 27, 2032 MHz, 3996 MHz, 7 %, 0 %
2026/03/23 13:22:06.136, 1, 233.82 W, 30, 2032 MHz, 3996 MHz, 7 %, 0 %
2026/03/23 13:22:06.136, 2, 234.06 W, 27, 2032 MHz, 3996 MHz, 7 %, 0 %
2026/03/23 13:22:06.136, 3, 235.21 W, 30, 2032 MHz, 3996 MHz, 7 %, 0 %
2026/03/23 13:22:06.136, 4, 179.00 W, 25, 120 MHz, 3996 MHz, 0 %, 0 %
2026/03/23 13:22:06.136, 5, 180.58 W, 28, 120 MHz, 3996 MHz, 0 %, 0 %
2026/03/23 13:22:06.136, 6, 178.45 W, 26, 120 MHz, 3996 MHz, 0 %, 0 %
2026/03/23 13:22:06.136, 7, 176.58 W, 27, 120 MHz, 3996 MHz, 0 %, 0 %
2026/03/23 13:22:07.136, 0, 229.62 W, 27, 2032 MHz, 3996 MHz, 7 %, 0 %
2026/03/23 13:22:07.136, 1, 233.85 W, 30, 2032 MHz, 3996 MHz, 7 %, 0 %
2026/03/23 13:22:07.136, 2, 234.10 W, 27, 2032 MHz, 3996 MHz, 7 %, 0 %
2026/03/23 13:22:07.136, 3, 235.18 W, 30, 2032 MHz, 3996 MHz, 7 %, 0 %
2026/03/23 13:22:07.136, 4, 178.93 W, 25, 120 MHz, 3996 MHz, 0 %, 0 %
2026/03/23 13:22:07.136, 5, 180.58 W, 28, 120 MHz, 3996 MHz, 0 %, 0 %
2026/03/23 13:22:07.136, 6, 178.37 W, 26, 120 MHz, 3996 MHz, 0 %, 0 %
2026/03/23 13:22:07.136, 7, 176.58 W, 27, 120 MHz, 3996 MHz, 0 %, 0 %
2026/03/23 13:22:08.136, 0, 229.77 W, 27, 2032 MHz, 3996 MHz, 7 %, 0 %
2026/03/23 13:22:08.136, 1, 233.57 W, 30, 2032 MHz, 3996 MHz, 7 %, 0 %
2026/03/23 13:22:08.136, 2, 234.06 W, 27, 2032 MHz, 3996 MHz, 7 %, 0 %
2026/03/23 13:22:08.136, 3, 235.21 W, 30, 2032 MHz, 3996 MHz, 6 %, 0 %
2026/03/23 13:22:08.136, 4, 178.96 W, 25, 120 MHz, 3996 MHz, 0 %, 0 %
2026/03/23 13:22:08.136, 5, 180.58 W, 28, 120 MHz, 3996 MHz, 0 %, 0 %
2026/03/23 13:22:08.136, 6, 178.40 W, 26, 120 MHz, 3996 MHz, 0 %, 0 %
2026/03/23 13:22:08.136, 7, 176.58 W, 27, 120 MHz, 3996 MHz, 0 %, 0 %
2026/03/23 13:22:09.136, 0, 229.73 W, 27, 2032 MHz, 3996 MHz, 6 %, 0 %
2026/03/23 13:22:09.136, 1, 233.82 W, 30, 2032 MHz, 3996 MHz, 6 %, 0 %
2026/03/23 13:22:09.136, 2, 234.02 W, 27, 2032 MHz, 3996 MHz, 6 %, 0 %
2026/03/23 13:22:09.136, 3, 235.19 W, 30, 2032 MHz, 3996 MHz, 6 %, 0 %
2026/03/23 13:22:09.136, 4, 178.95 W, 25, 120 MHz, 3996 MHz, 0 %, 0 %
2026/03/23 13:22:09.136, 5, 180.58 W, 28, 120 MHz, 3996 MHz, 0 %, 0 %
2026/03/23 13:22:09.136, 6, 178.33 W, 26, 120 MHz, 3996 MHz, 0 %, 0 %
2026/03/23 13:22:09.136, 7, 176.58 W, 27, 120 MHz, 3996 MHz, 0 %, 0 %
2026/03/23 13:22:10.136, 0, 229.89 W, 27, 2032 MHz, 3996 MHz, 6 %, 0 %
2026/03/23 13:22:10.136, 1, 233.64 W, 30, 2032 MHz, 3996 MHz, 6 %, 0 %
2026/03/23 13:22:10.136, 2, 234.14 W, 27, 2032 MHz, 3996 MHz, 6 %, 0 %
2026/03/23 13:22:10.136, 3, 235.20 W, 30, 2032 MHz, 3996 MHz, 6 %, 0 %
2026/03/23 13:22:10.136, 4, 179.07 W, 25, 120 MHz, 3996 MHz, 0 %, 0 %
2026/03/23 13:22:10.136, 5, 180.58 W, 28, 120 MHz, 3996 MHz, 0 %, 0 %
2026/03/23 13:22:10.136, 6, 178.36 W, 26, 120 MHz, 3996 MHz, 0 %, 0 %
2026/03/23 13:22:10.136, 7, 176.58 W, 27, 120 MHz, 3996 MHz, 0 %, 0 %
2026/03/23 13:22:11.136, 0, 229.62 W, 27, 2032 MHz, 3996 MHz, 6 %, 0 %
2026/03/23 13:22:11.136, 1, 233.64 W, 30, 2032 MHz, 3996 MHz, 6 %, 0 %
2026/03/23 13:22:11.137, 2, 234.14 W, 27, 2032 MHz, 3996 MHz, 7 %, 0 %
2026/03/23 13:22:11.137, 3, 235.24 W, 30, 2032 MHz, 3996 MHz, 6 %, 0 %
2026/03/23 13:22:11.137, 4, 179.38 W, 25, 120 MHz, 3996 MHz, 0 %, 0 %
2026/03/23 13:22:11.137, 5, 180.58 W, 28, 120 MHz, 3996 MHz, 0 %, 0 %
2026/03/23 13:22:11.137, 6, 178.48 W, 26, 120 MHz, 3996 MHz, 0 %, 0 %
2026/03/23 13:22:11.137, 7, 176.58 W, 27, 120 MHz, 3996 MHz, 0 %, 0 %
2026/03/23 13:22:12.137, 0, 229.27 W, 27, 2032 MHz, 3996 MHz, 6 %, 0 %
2026/03/23 13:22:12.137, 1, 233.50 W, 30, 2032 MHz, 3996 MHz, 6 %, 0 %
2026/03/23 13:22:12.137, 2, 234.02 W, 27, 2032 MHz, 3996 MHz, 6 %, 0 %
2026/03/23 13:22:12.137, 3, 235.13 W, 30, 2032 MHz, 3996 MHz, 6 %, 0 %
2026/03/23 13:22:12.137, 4, 179.30 W, 25, 120 MHz, 3996 MHz, 0 %, 0 %
2026/03/23 13:22:12.137, 5, 180.58 W, 28, 120 MHz, 3996 MHz, 0 %, 0 %
2026/03/23 13:22:12.137, 6, 178.41 W, 26, 120 MHz, 3996 MHz, 0 %, 0 %
2026/03/23 13:22:12.137, 7, 176.58 W, 27, 120 MHz, 3996 MHz, 0 %, 0 %
2026/03/23 13:22:13.137, 0, 229.70 W, 27, 2032 MHz, 3996 MHz, 6 %, 0 %
2026/03/23 13:22:13.137, 1, 233.87 W, 30, 2032 MHz, 3996 MHz, 6 %, 0 %
2026/03/23 13:22:13.137, 2, 234.14 W, 27, 2032 MHz, 3996 MHz, 5 %, 0 %
2026/03/23 13:22:13.137, 3, 235.21 W, 30, 2032 MHz, 3996 MHz, 6 %, 0 %
2026/03/23 13:22:13.137, 4, 179.12 W, 25, 120 MHz, 3996 MHz, 0 %, 0 %
2026/03/23 13:22:13.137, 5, 180.58 W, 28, 120 MHz, 3996 MHz, 0 %, 0 %
2026/03/23 13:22:13.137, 6, 178.41 W, 26, 120 MHz, 3996 MHz, 0 %, 0 %
2026/03/23 13:22:13.137, 7, 176.58 W, 27, 120 MHz, 3996 MHz, 0 %, 0 %
2026/03/23 13:22:14.137, 0, 229.50 W, 27, 2032 MHz, 3996 MHz, 6 %, 0 %
2026/03/23 13:22:14.137, 1, 233.52 W, 30, 2032 MHz, 3996 MHz, 6 %, 0 %
2026/03/23 13:22:14.137, 2, 234.06 W, 27, 2032 MHz, 3996 MHz, 6 %, 0 %
2026/03/23 13:22:14.137, 3, 235.13 W, 30, 2032 MHz, 3996 MHz, 6 %, 0 %
2026/03/23 13:22:14.137, 4, 179.28 W, 25, 120 MHz, 3996 MHz, 0 %, 0 %
2026/03/23 13:22:14.137, 5, 180.58 W, 28, 120 MHz, 3996 MHz, 0 %, 0 %
2026/03/23 13:22:14.137, 6, 178.56 W, 26, 120 MHz, 3996 MHz, 0 %, 0 %
2026/03/23 13:22:14.137, 7, 176.59 W, 27, 120 MHz, 3996 MHz, 0 %, 0 %
2026/03/23 13:22:15.137, 0, 229.62 W, 27, 2032 MHz, 3996 MHz, 7 %, 0 %
2026/03/23 13:22:15.137, 1, 233.83 W, 30, 2032 MHz, 3996 MHz, 6 %, 0 %
2026/03/23 13:22:15.137, 2, 234.02 W, 27, 2032 MHz, 3996 MHz, 7 %, 0 %
2026/03/23 13:22:15.137, 3, 235.05 W, 30, 2032 MHz, 3996 MHz, 7 %, 0 %
2026/03/23 13:22:15.137, 4, 178.88 W, 25, 120 MHz, 3996 MHz, 0 %, 0 %
2026/03/23 13:22:15.137, 5, 180.58 W, 28, 120 MHz, 3996 MHz, 0 %, 0 %
2026/03/23 13:22:15.137, 6, 178.34 W, 26, 120 MHz, 3996 MHz, 0 %, 0 %
2026/03/23 13:22:15.137, 7, 176.59 W, 27, 120 MHz, 3996 MHz, 0 %, 0 %
2026/03/23 13:22:16.137, 0, 229.74 W, 27, 2032 MHz, 3996 MHz, 6 %, 0 %
2026/03/23 13:22:16.137, 1, 233.65 W, 30, 2032 MHz, 3996 MHz, 6 %, 0 %
2026/03/23 13:22:16.137, 2, 234.06 W, 27, 2032 MHz, 3996 MHz, 5 %, 0 %
2026/03/23 13:22:16.137, 3, 235.08 W, 30, 2032 MHz, 3996 MHz, 6 %, 0 %
2026/03/23 13:22:16.137, 4, 179.02 W, 25, 120 MHz, 3996 MHz, 0 %, 0 %
2026/03/23 13:22:16.137, 5, 180.58 W, 28, 120 MHz, 3996 MHz, 0 %, 0 %
2026/03/23 13:22:16.137, 6, 178.49 W, 26, 120 MHz, 3996 MHz, 0 %, 0 %
2026/03/23 13:22:16.137, 7, 176.58 W, 27, 120 MHz, 3996 MHz, 0 %, 0 %
2026/03/23 13:22:17.137, 0, 229.58 W, 27, 2032 MHz, 3996 MHz, 6 %, 0 %
2026/03/23 13:22:17.137, 1, 233.55 W, 30, 2032 MHz, 3996 MHz, 6 %, 0 %
2026/03/23 13:22:17.137, 2, 234.14 W, 27, 2032 MHz, 3996 MHz, 6 %, 0 %
2026/03/23 13:22:17.137, 3, 235.17 W, 30, 2032 MHz, 3996 MHz, 6 %, 0 %
2026/03/23 13:22:17.137, 4, 178.85 W, 25, 120 MHz, 3996 MHz, 0 %, 0 %
2026/03/23 13:22:17.137, 5, 180.58 W, 28, 120 MHz, 3996 MHz, 0 %, 0 %
2026/03/23 13:22:17.137, 6, 178.45 W, 26, 120 MHz, 3996 MHz, 0 %, 0 %
2026/03/23 13:22:17.137, 7, 176.58 W, 27, 120 MHz, 3996 MHz, 0 %, 0 %
2026/03/23 13:22:18.138, 0, 229.66 W, 27, 2032 MHz, 3996 MHz, 6 %, 0 %
2026/03/23 13:22:18.138, 1, 233.51 W, 30, 2032 MHz, 3996 MHz, 6 %, 0 %
2026/03/23 13:22:18.138, 2, 234.10 W, 27, 2032 MHz, 3996 MHz, 6 %, 0 %
2026/03/23 13:22:18.138, 3, 235.17 W, 30, 2032 MHz, 3996 MHz, 7 %, 0 %
2026/03/23 13:22:18.138, 4, 179.07 W, 25, 120 MHz, 3996 MHz, 0 %, 0 %
2026/03/23 13:22:18.138, 5, 180.58 W, 28, 120 MHz, 3996 MHz, 0 %, 0 %
2026/03/23 13:22:18.138, 6, 178.45 W, 26, 120 MHz, 3996 MHz, 0 %, 0 %
2026/03/23 13:22:18.138, 7, 176.58 W, 27, 120 MHz, 3996 MHz, 0 %, 0 %
2026/03/23 13:22:19.138, 0, 229.62 W, 27, 2032 MHz, 3996 MHz, 6 %, 0 %
2026/03/23 13:22:19.138, 1, 233.68 W, 30, 2032 MHz, 3996 MHz, 6 %, 0 %
2026/03/23 13:22:19.138, 2, 234.06 W, 27, 2032 MHz, 3996 MHz, 6 %, 0 %
2026/03/23 13:22:19.138, 3, 235.18 W, 30, 2032 MHz, 3996 MHz, 6 %, 0 %
2026/03/23 13:22:19.138, 4, 179.08 W, 25, 120 MHz, 3996 MHz, 0 %, 0 %
2026/03/23 13:22:19.138, 5, 180.58 W, 28, 120 MHz, 3996 MHz, 0 %, 0 %
2026/03/23 13:22:19.138, 6, 178.48 W, 26, 120 MHz, 3996 MHz, 0 %, 0 %
2026/03/23 13:22:19.138, 7, 176.58 W, 27, 120 MHz, 3996 MHz, 0 %, 0 %
2026/03/23 13:22:20.138, 0, 229.31 W, 27, 2032 MHz, 3996 MHz, 6 %, 0 %
2026/03/23 13:22:20.138, 1, 233.78 W, 29, 2032 MHz, 3996 MHz, 6 %, 0 %
2026/03/23 13:22:20.138, 2, 234.02 W, 27, 2032 MHz, 3996 MHz, 6 %, 0 %
2026/03/23 13:22:20.138, 3, 235.21 W, 30, 2032 MHz, 3996 MHz, 6 %, 0 %
2026/03/23 13:22:20.138, 4, 179.05 W, 25, 120 MHz, 3996 MHz, 0 %, 0 %
2026/03/23 13:22:20.138, 5, 180.58 W, 28, 120 MHz, 3996 MHz, 0 %, 0 %
2026/03/23 13:22:20.138, 6, 178.41 W, 26, 120 MHz, 3996 MHz, 0 %, 0 %
2026/03/23 13:22:20.138, 7, 176.58 W, 27, 120 MHz, 3996 MHz, 0 %, 0 %
2026/03/23 13:22:21.138, 0, 229.47 W, 27, 2032 MHz, 3996 MHz, 6 %, 0 %
2026/03/23 13:22:21.138, 1, 233.43 W, 30, 2032 MHz, 3996 MHz, 6 %, 0 %
2026/03/23 13:22:21.138, 2, 234.02 W, 27, 2032 MHz, 3996 MHz, 6 %, 0 %
2026/03/23 13:22:21.138, 3, 235.12 W, 30, 2032 MHz, 3996 MHz, 7 %, 0 %
2026/03/23 13:22:21.138, 4, 179.08 W, 25, 120 MHz, 3996 MHz, 0 %, 0 %
2026/03/23 13:22:21.138, 5, 180.58 W, 28, 120 MHz, 3996 MHz, 0 %, 0 %
2026/03/23 13:22:21.138, 6, 178.33 W, 26, 120 MHz, 3996 MHz, 0 %, 0 %
2026/03/23 13:22:21.138, 7, 176.58 W, 27, 120 MHz, 3996 MHz, 0 %, 0 %
2026/03/23 13:22:22.138, 0, 229.77 W, 27, 2032 MHz, 3996 MHz, 6 %, 0 %
2026/03/23 13:22:22.138, 1, 233.44 W, 29, 2032 MHz, 3996 MHz, 6 %, 0 %
2026/03/23 13:22:22.138, 2, 234.06 W, 27, 2032 MHz, 3996 MHz, 8 %, 0 %
2026/03/23 13:22:22.138, 3, 235.22 W, 30, 2032 MHz, 3996 MHz, 6 %, 0 %
2026/03/23 13:22:22.138, 4, 179.15 W, 25, 120 MHz, 3996 MHz, 0 %, 0 %
2026/03/23 13:22:22.138, 5, 180.58 W, 28, 120 MHz, 3996 MHz, 0 %, 0 %
2026/03/23 13:22:22.138, 6, 178.52 W, 26, 120 MHz, 3996 MHz, 0 %, 0 %
2026/03/23 13:22:22.138, 7, 176.58 W, 27, 120 MHz, 3996 MHz, 0 %, 0 %
2026/03/23 13:22:23.138, 0, 229.62 W, 27, 2032 MHz, 3996 MHz, 6 %, 0 %
2026/03/23 13:22:23.138, 1, 233.32 W, 29, 2032 MHz, 3996 MHz, 6 %, 0 %
2026/03/23 13:22:23.138, 2, 234.02 W, 27, 2032 MHz, 3996 MHz, 8 %, 0 %
2026/03/23 13:22:23.138, 3, 235.19 W, 30, 2032 MHz, 3996 MHz, 6 %, 0 %
2026/03/23 13:22:23.138, 4, 179.07 W, 25, 120 MHz, 3996 MHz, 0 %, 0 %
2026/03/23 13:22:23.138, 5, 180.58 W, 28, 120 MHz, 3996 MHz, 0 %, 0 %
2026/03/23 13:22:23.138, 6, 178.44 W, 26, 120 MHz, 3996 MHz, 0 %, 0 %
2026/03/23 13:22:23.138, 7, 176.58 W, 27, 120 MHz, 3996 MHz, 0 %, 0 %
2026/03/23 13:22:24.138, 0, 229.73 W, 27, 2032 MHz, 3996 MHz, 6 %, 0 %
2026/03/23 13:22:24.138, 1, 233.44 W, 29, 2032 MHz, 3996 MHz, 6 %, 0 %
2026/03/23 13:22:24.138, 2, 234.14 W, 27, 2032 MHz, 3996 MHz, 8 %, 0 %
2026/03/23 13:22:24.138, 3, 235.17 W, 30, 2032 MHz, 3996 MHz, 6 %, 0 %
2026/03/23 13:22:24.139, 4, 178.89 W, 25, 120 MHz, 3996 MHz, 0 %, 0 %
2026/03/23 13:22:24.139, 5, 180.58 W, 28, 120 MHz, 3996 MHz, 0 %, 0 %
2026/03/23 13:22:24.139, 6, 178.41 W, 26, 120 MHz, 3996 MHz, 0 %, 0 %
2026/03/23 13:22:24.139, 7, 176.58 W, 27, 120 MHz, 3996 MHz, 0 %, 0 %
2026/03/23 13:22:25.139, 0, 229.51 W, 27, 2032 MHz, 3996 MHz, 6 %, 0 %
2026/03/23 13:22:25.139, 1, 233.48 W, 29, 2032 MHz, 3996 MHz, 5 %, 0 %
2026/03/23 13:22:25.139, 2, 234.10 W, 27, 2032 MHz, 3996 MHz, 8 %, 0 %
2026/03/23 13:22:25.139, 3, 235.20 W, 30, 2032 MHz, 3996 MHz, 6 %, 0 %
2026/03/23 13:22:25.139, 4, 179.08 W, 25, 120 MHz, 3996 MHz, 0 %, 0 %
2026/03/23 13:22:25.139, 5, 180.58 W, 28, 120 MHz, 3996 MHz, 0 %, 0 %
2026/03/23 13:22:25.139, 6, 178.29 W, 26, 120 MHz, 3996 MHz, 0 %, 0 %
2026/03/23 13:22:25.139, 7, 176.59 W, 27, 120 MHz, 3996 MHz, 0 %, 0 %
2026/03/23 13:22:26.139, 0, 229.46 W, 27, 2032 MHz, 3996 MHz, 6 %, 0 %
2026/03/23 13:22:26.139, 1, 233.40 W, 29, 2032 MHz, 3996 MHz, 5 %, 0 %
2026/03/23 13:22:26.139, 2, 234.02 W, 27, 2032 MHz, 3996 MHz, 7 %, 0 %
2026/03/23 13:22:26.139, 3, 235.21 W, 30, 2032 MHz, 3996 MHz, 6 %, 0 %
2026/03/23 13:22:26.139, 4, 179.04 W, 25, 120 MHz, 3996 MHz, 0 %, 0 %
2026/03/23 13:22:26.139, 5, 180.62 W, 28, 120 MHz, 3996 MHz, 0 %, 0 %
2026/03/23 13:22:26.139, 6, 178.45 W, 26, 120 MHz, 3996 MHz, 0 %, 0 %
2026/03/23 13:22:26.139, 7, 176.58 W, 27, 120 MHz, 3996 MHz, 0 %, 0 %
2026/03/23 13:22:27.139, 0, 229.58 W, 27, 2032 MHz, 3996 MHz, 6 %, 0 %
2026/03/23 13:22:27.139, 1, 233.56 W, 29, 2032 MHz, 3996 MHz, 6 %, 0 %
2026/03/23 13:22:27.139, 2, 234.02 W, 27, 2032 MHz, 3996 MHz, 6 %, 0 %
2026/03/23 13:22:27.139, 3, 235.18 W, 30, 2032 MHz, 3996 MHz, 6 %, 0 %
2026/03/23 13:22:27.139, 4, 178.95 W, 25, 120 MHz, 3996 MHz, 0 %, 0 %
2026/03/23 13:22:27.139, 5, 180.58 W, 28, 120 MHz, 3996 MHz, 0 %, 0 %
2026/03/23 13:22:27.139, 6, 178.49 W, 26, 120 MHz, 3996 MHz, 0 %, 0 %
2026/03/23 13:22:27.139, 7, 176.58 W, 27, 120 MHz, 3996 MHz, 0 %, 0 %
2026/03/23 13:22:28.139, 0, 229.62 W, 27, 2032 MHz, 3996 MHz, 7 %, 0 %
2026/03/23 13:22:28.139, 1, 233.39 W, 29, 2032 MHz, 3996 MHz, 7 %, 0 %
2026/03/23 13:22:28.139, 2, 234.06 W, 27, 2032 MHz, 3996 MHz, 8 %, 0 %
2026/03/23 13:22:28.139, 3, 235.15 W, 30, 2032 MHz, 3996 MHz, 6 %, 0 %
2026/03/23 13:22:28.139, 4, 179.02 W, 25, 120 MHz, 3996 MHz, 0 %, 0 %
2026/03/23 13:22:28.139, 5, 180.58 W, 28, 120 MHz, 3996 MHz, 0 %, 0 %
2026/03/23 13:22:28.139, 6, 178.25 W, 26, 120 MHz, 3996 MHz, 0 %, 0 %
2026/03/23 13:22:28.139, 7, 176.58 W, 27, 120 MHz, 3996 MHz, 0 %, 0 %
2026/03/23 13:22:29.139, 0, 229.54 W, 27, 2032 MHz, 3996 MHz, 7 %, 0 %
2026/03/23 13:22:29.139, 1, 233.36 W, 29, 2032 MHz, 3996 MHz, 7 %, 0 %
2026/03/23 13:22:29.139, 2, 234.02 W, 27, 2032 MHz, 3996 MHz, 7 %, 0 %
2026/03/23 13:22:29.139, 3, 235.12 W, 30, 2032 MHz, 3996 MHz, 7 %, 0 %
2026/03/23 13:22:29.139, 4, 179.04 W, 25, 120 MHz, 3996 MHz, 0 %, 0 %
2026/03/23 13:22:29.139, 5, 180.58 W, 28, 120 MHz, 3996 MHz, 0 %, 0 %
2026/03/23 13:22:29.139, 6, 178.60 W, 26, 120 MHz, 3996 MHz, 0 %, 0 %
2026/03/23 13:22:29.139, 7, 176.58 W, 27, 120 MHz, 3996 MHz, 0 %, 0 %
2026/03/23 13:22:30.139, 0, 229.36 W, 27, 2032 MHz, 3996 MHz, 6 %, 0 %
2026/03/23 13:22:30.139, 1, 233.59 W, 29, 2032 MHz, 3996 MHz, 7 %, 0 %
2026/03/23 13:22:30.139, 2, 234.06 W, 27, 2032 MHz, 3996 MHz, 8 %, 0 %
2026/03/23 13:22:30.139, 3, 235.06 W, 30, 2032 MHz, 3996 MHz, 7 %, 0 %
2026/03/23 13:22:30.139, 4, 178.77 W, 25, 120 MHz, 3996 MHz, 0 %, 0 %
2026/03/23 13:22:30.139, 5, 180.58 W, 28, 120 MHz, 3996 MHz, 0 %, 0 %
2026/03/23 13:22:30.139, 6, 178.45 W, 26, 120 MHz, 3996 MHz, 0 %, 0 %
2026/03/23 13:22:30.139, 7, 176.58 W, 27, 120 MHz, 3996 MHz, 0 %, 0 %
2026/03/23 13:22:31.140, 0, 229.62 W, 27, 2032 MHz, 3996 MHz, 6 %, 0 %
2026/03/23 13:22:31.140, 1, 233.51 W, 29, 2032 MHz, 3996 MHz, 6 %, 0 %
2026/03/23 13:22:31.140, 2, 234.02 W, 27, 2032 MHz, 3996 MHz, 7 %, 0 %
2026/03/23 13:22:31.140, 3, 235.14 W, 30, 2032 MHz, 3996 MHz, 6 %, 0 %
2026/03/23 13:22:31.140, 4, 178.98 W, 25, 120 MHz, 3996 MHz, 0 %, 0 %
2026/03/23 13:22:31.140, 5, 180.58 W, 28, 120 MHz, 3996 MHz, 0 %, 0 %
2026/03/23 13:22:31.140, 6, 178.45 W, 26, 120 MHz, 3996 MHz, 0 %, 0 %
2026/03/23 13:22:31.140, 7, 176.58 W, 27, 120 MHz, 3996 MHz, 0 %, 0 %
2026/03/23 13:22:32.140, 0, 229.43 W, 27, 2032 MHz, 3996 MHz, 6 %, 0 %
2026/03/23 13:22:32.140, 1, 233.36 W, 29, 2032 MHz, 3996 MHz, 6 %, 0 %
2026/03/23 13:22:32.140, 2, 234.02 W, 27, 2032 MHz, 3996 MHz, 8 %, 0 %
2026/03/23 13:22:32.140, 3, 235.02 W, 30, 2032 MHz, 3996 MHz, 7 %, 0 %
2026/03/23 13:22:32.140, 4, 179.06 W, 25, 120 MHz, 3996 MHz, 0 %, 0 %
2026/03/23 13:22:32.140, 5, 180.58 W, 28, 120 MHz, 3996 MHz, 0 %, 0 %
2026/03/23 13:22:32.140, 6, 178.49 W, 26, 120 MHz, 3996 MHz, 0 %, 0 %
2026/03/23 13:22:32.140, 7, 176.58 W, 27, 120 MHz, 3996 MHz, 0 %, 0 %
2026/03/23 13:22:33.140, 0, 229.85 W, 27, 2032 MHz, 3996 MHz, 7 %, 0 %
2026/03/23 13:22:33.140, 1, 233.54 W, 29, 2032 MHz, 3996 MHz, 7 %, 0 %
2026/03/23 13:22:33.140, 2, 234.06 W, 27, 2032 MHz, 3996 MHz, 7 %, 0 %
2026/03/23 13:22:33.140, 3, 235.12 W, 30, 2032 MHz, 3996 MHz, 7 %, 0 %
2026/03/23 13:22:33.140, 4, 179.21 W, 25, 120 MHz, 3996 MHz, 0 %, 0 %
2026/03/23 13:22:33.140, 5, 180.58 W, 28, 120 MHz, 3996 MHz, 0 %, 0 %
2026/03/23 13:22:33.140, 6, 178.52 W, 26, 120 MHz, 3996 MHz, 0 %, 0 %
2026/03/23 13:22:33.140, 7, 176.58 W, 27, 120 MHz, 3996 MHz, 0 %, 0 %
2026/03/23 13:22:34.140, 0, 229.54 W, 27, 2032 MHz, 3996 MHz, 7 %, 0 %
2026/03/23 13:22:34.140, 1, 233.47 W, 29, 2032 MHz, 3996 MHz, 7 %, 0 %
2026/03/23 13:22:34.140, 2, 234.06 W, 27, 2032 MHz, 3996 MHz, 8 %, 0 %
2026/03/23 13:22:34.140, 3, 235.11 W, 30, 2032 MHz, 3996 MHz, 7 %, 0 %
2026/03/23 13:22:34.140, 4, 179.29 W, 25, 120 MHz, 3996 MHz, 0 %, 0 %
2026/03/23 13:22:34.140, 5, 180.58 W, 28, 120 MHz, 3996 MHz, 0 %, 0 %
2026/03/23 13:22:34.140, 6, 178.38 W, 26, 120 MHz, 3996 MHz, 0 %, 0 %
2026/03/23 13:22:34.140, 7, 176.58 W, 27, 120 MHz, 3996 MHz, 0 %, 0 %
2026/03/23 13:22:35.140, 0, 229.74 W, 27, 2032 MHz, 3996 MHz, 6 %, 0 %
2026/03/23 13:22:35.140, 1, 233.44 W, 29, 2032 MHz, 3996 MHz, 7 %, 0 %
2026/03/23 13:22:35.140, 2, 234.02 W, 27, 2032 MHz, 3996 MHz, 8 %, 0 %
2026/03/23 13:22:35.140, 3, 235.05 W, 30, 2032 MHz, 3996 MHz, 7 %, 0 %
2026/03/23 13:22:35.140, 4, 179.28 W, 25, 120 MHz, 3996 MHz, 0 %, 0 %
2026/03/23 13:22:35.140, 5, 180.58 W, 28, 120 MHz, 3996 MHz, 0 %, 0 %
2026/03/23 13:22:35.140, 6, 178.41 W, 26, 120 MHz, 3996 MHz, 0 %, 0 %
2026/03/23 13:22:35.140, 7, 176.58 W, 27, 120 MHz, 3996 MHz, 0 %, 0 %
2026/03/23 13:22:36.140, 0, 229.73 W, 27, 2032 MHz, 3996 MHz, 6 %, 0 %
2026/03/23 13:22:36.140, 1, 233.64 W, 29, 2032 MHz, 3996 MHz, 6 %, 0 %
2026/03/23 13:22:36.140, 2, 234.02 W, 27, 2032 MHz, 3996 MHz, 7 %, 0 %
2026/03/23 13:22:36.140, 3, 235.15 W, 30, 2032 MHz, 3996 MHz, 6 %, 0 %
2026/03/23 13:22:36.140, 4, 179.09 W, 25, 120 MHz, 3996 MHz, 0 %, 0 %
2026/03/23 13:22:36.140, 5, 180.58 W, 28, 120 MHz, 3996 MHz, 0 %, 0 %
2026/03/23 13:22:36.140, 6, 178.45 W, 26, 120 MHz, 3996 MHz, 0 %, 0 %
2026/03/23 13:22:36.140, 7, 176.58 W, 27, 120 MHz, 3996 MHz, 0 %, 0 %
2026/03/23 13:22:37.140, 0, 229.55 W, 27, 2032 MHz, 3996 MHz, 7 %, 0 %
2026/03/23 13:22:37.140, 1, 233.51 W, 29, 2032 MHz, 3996 MHz, 7 %, 0 %
2026/03/23 13:22:37.140, 2, 234.06 W, 27, 2032 MHz, 3996 MHz, 8 %, 0 %
2026/03/23 13:22:37.140, 3, 235.09 W, 30, 2032 MHz, 3996 MHz, 6 %, 0 %
2026/03/23 13:22:37.140, 4, 179.19 W, 25, 120 MHz, 3996 MHz, 0 %, 0 %
2026/03/23 13:22:37.141, 5, 180.58 W, 28, 120 MHz, 3996 MHz, 0 %, 0 %
2026/03/23 13:22:37.141, 6, 178.57 W, 26, 120 MHz, 3996 MHz, 0 %, 0 %
2026/03/23 13:22:37.141, 7, 176.58 W, 27, 120 MHz, 3996 MHz, 0 %, 0 %
2026/03/23 13:22:38.141, 0, 229.66 W, 27, 2032 MHz, 3996 MHz, 7 %, 0 %
2026/03/23 13:22:38.141, 1, 233.66 W, 29, 2032 MHz, 3996 MHz, 7 %, 0 %
2026/03/23 13:22:38.141, 2, 234.10 W, 27, 2032 MHz, 3996 MHz, 7 %, 0 %
2026/03/23 13:22:38.141, 3, 235.12 W, 30, 2032 MHz, 3996 MHz, 7 %, 0 %
2026/03/23 13:22:38.141, 4, 179.16 W, 25, 120 MHz, 3996 MHz, 0 %, 0 %
2026/03/23 13:22:38.141, 5, 180.58 W, 28, 120 MHz, 3996 MHz, 0 %, 0 %
2026/03/23 13:22:38.141, 6, 178.49 W, 26, 120 MHz, 3996 MHz, 0 %, 0 %
2026/03/23 13:22:38.141, 7, 176.58 W, 27, 120 MHz, 3996 MHz, 0 %, 0 %
2026/03/23 13:22:39.141, 0, 229.73 W, 27, 2032 MHz, 3996 MHz, 7 %, 0 %
2026/03/23 13:22:39.141, 1, 233.48 W, 29, 2032 MHz, 3996 MHz, 7 %, 0 %
2026/03/23 13:22:39.141, 2, 234.06 W, 27, 2032 MHz, 3996 MHz, 8 %, 0 %
2026/03/23 13:22:39.141, 3, 235.16 W, 30, 2032 MHz, 3996 MHz, 7 %, 0 %
2026/03/23 13:22:39.141, 4, 179.00 W, 25, 120 MHz, 3996 MHz, 0 %, 0 %
2026/03/23 13:22:39.141, 5, 180.58 W, 28, 120 MHz, 3996 MHz, 0 %, 0 %
2026/03/23 13:22:39.141, 6, 178.33 W, 26, 120 MHz, 3996 MHz, 0 %, 0 %
2026/03/23 13:22:39.141, 7, 176.58 W, 27, 120 MHz, 3996 MHz, 0 %, 0 %
2026/03/23 13:22:40.141, 0, 229.81 W, 27, 2032 MHz, 3996 MHz, 6 %, 0 %
2026/03/23 13:22:40.141, 1, 233.59 W, 29, 2032 MHz, 3996 MHz, 6 %, 0 %
2026/03/23 13:22:40.141, 2, 234.02 W, 27, 2032 MHz, 3996 MHz, 6 %, 0 %
2026/03/23 13:22:40.141, 3, 235.10 W, 30, 2032 MHz, 3996 MHz, 6 %, 0 %
2026/03/23 13:22:40.141, 4, 179.26 W, 25, 120 MHz, 3996 MHz, 0 %, 0 %
2026/03/23 13:22:40.141, 5, 180.58 W, 28, 120 MHz, 3996 MHz, 0 %, 0 %
2026/03/23 13:22:40.141, 6, 178.37 W, 26, 120 MHz, 3996 MHz, 0 %, 0 %
2026/03/23 13:22:40.141, 7, 176.58 W, 27, 120 MHz, 3996 MHz, 0 %, 0 %
2026/03/23 13:22:41.141, 0, 229.50 W, 27, 2032 MHz, 3996 MHz, 6 %, 0 %
2026/03/23 13:22:41.141, 1, 233.43 W, 29, 2032 MHz, 3996 MHz, 6 %, 0 %
2026/03/23 13:22:41.141, 2, 234.02 W, 27, 2032 MHz, 3996 MHz, 7 %, 0 %
2026/03/23 13:22:41.141, 3, 235.15 W, 30, 2032 MHz, 3996 MHz, 7 %, 0 %
2026/03/23 13:22:41.141, 4, 179.36 W, 25, 120 MHz, 3996 MHz, 0 %, 0 %
2026/03/23 13:22:41.141, 5, 180.58 W, 28, 120 MHz, 3996 MHz, 0 %, 0 %
2026/03/23 13:22:41.141, 6, 178.41 W, 26, 120 MHz, 3996 MHz, 0 %, 0 %
2026/03/23 13:22:41.141, 7, 176.58 W, 27, 120 MHz, 3996 MHz, 0 %, 0 %
2026/03/23 13:22:42.141, 0, 229.51 W, 27, 2032 MHz, 3996 MHz, 7 %, 0 %
2026/03/23 13:22:42.141, 1, 233.47 W, 29, 2032 MHz, 3996 MHz, 7 %, 0 %
2026/03/23 13:22:42.141, 2, 234.06 W, 27, 2032 MHz, 3996 MHz, 7 %, 0 %
2026/03/23 13:22:42.141, 3, 235.10 W, 30, 2032 MHz, 3996 MHz, 7 %, 0 %
2026/03/23 13:22:42.141, 4, 179.14 W, 25, 120 MHz, 3996 MHz, 0 %, 0 %
2026/03/23 13:22:42.141, 5, 180.58 W, 28, 120 MHz, 3996 MHz, 0 %, 0 %
2026/03/23 13:22:42.141, 6, 178.53 W, 26, 120 MHz, 3996 MHz, 0 %, 0 %
2026/03/23 13:22:42.141, 7, 176.58 W, 27, 120 MHz, 3996 MHz, 0 %, 0 %
2026/03/23 13:22:43.141, 0, 229.62 W, 27, 2032 MHz, 3996 MHz, 7 %, 0 %
2026/03/23 13:22:43.141, 1, 233.52 W, 29, 2032 MHz, 3996 MHz, 7 %, 0 %
2026/03/23 13:22:43.141, 2, 234.06 W, 27, 2032 MHz, 3996 MHz, 7 %, 0 %
2026/03/23 13:22:43.141, 3, 235.16 W, 30, 2032 MHz, 3996 MHz, 7 %, 0 %
2026/03/23 13:22:43.141, 4, 179.39 W, 25, 120 MHz, 3996 MHz, 0 %, 0 %
2026/03/23 13:22:43.141, 5, 180.58 W, 28, 120 MHz, 3996 MHz, 0 %, 0 %
2026/03/23 13:22:43.141, 6, 178.41 W, 26, 120 MHz, 3996 MHz, 0 %, 0 %
2026/03/23 13:22:43.141, 7, 176.58 W, 27, 120 MHz, 3996 MHz, 0 %, 0 %
2026/03/23 13:22:44.142, 0, 229.55 W, 27, 2032 MHz, 3996 MHz, 8 %, 0 %
2026/03/23 13:22:44.142, 1, 233.49 W, 29, 2032 MHz, 3996 MHz, 7 %, 0 %
2026/03/23 13:22:44.142, 2, 234.02 W, 27, 2032 MHz, 3996 MHz, 6 %, 0 %
2026/03/23 13:22:44.142, 3, 235.17 W, 30, 2032 MHz, 3996 MHz, 7 %, 0 %
2026/03/23 13:22:44.142, 4, 179.10 W, 25, 120 MHz, 3996 MHz, 0 %, 0 %
2026/03/23 13:22:44.142, 5, 180.58 W, 28, 120 MHz, 3996 MHz, 0 %, 0 %
2026/03/23 13:22:44.142, 6, 178.41 W, 26, 120 MHz, 3996 MHz, 0 %, 0 %
2026/03/23 13:22:44.142, 7, 176.58 W, 27, 120 MHz, 3996 MHz, 0 %, 0 %
2026/03/23 13:22:45.142, 0, 229.59 W, 27, 2032 MHz, 3996 MHz, 6 %, 0 %
2026/03/23 13:22:45.142, 1, 233.28 W, 29, 2032 MHz, 3996 MHz, 6 %, 0 %
2026/03/23 13:22:45.142, 2, 234.02 W, 27, 2032 MHz, 3996 MHz, 7 %, 0 %
2026/03/23 13:22:45.142, 3, 235.09 W, 30, 2032 MHz, 3996 MHz, 7 %, 0 %
2026/03/23 13:22:45.142, 4, 179.09 W, 25, 120 MHz, 3996 MHz, 0 %, 0 %
2026/03/23 13:22:45.142, 5, 180.58 W, 28, 120 MHz, 3996 MHz, 0 %, 0 %
2026/03/23 13:22:45.142, 6, 178.41 W, 26, 120 MHz, 3996 MHz, 0 %, 0 %
2026/03/23 13:22:45.142, 7, 176.58 W, 27, 120 MHz, 3996 MHz, 0 %, 0 %
2026/03/23 13:22:46.142, 0, 229.81 W, 27, 2032 MHz, 3996 MHz, 6 %, 0 %
2026/03/23 13:22:46.142, 1, 233.48 W, 29, 2032 MHz, 3996 MHz, 6 %, 0 %
2026/03/23 13:22:46.142, 2, 234.10 W, 27, 2032 MHz, 3996 MHz, 7 %, 0 %
2026/03/23 13:22:46.142, 3, 235.03 W, 30, 2032 MHz, 3996 MHz, 6 %, 0 %
2026/03/23 13:22:46.142, 4, 179.15 W, 25, 120 MHz, 3996 MHz, 0 %, 0 %
2026/03/23 13:22:46.142, 5, 180.59 W, 28, 120 MHz, 3996 MHz, 0 %, 0 %
2026/03/23 13:22:46.142, 6, 178.45 W, 26, 120 MHz, 3996 MHz, 0 %, 0 %
2026/03/23 13:22:46.142, 7, 176.58 W, 27, 120 MHz, 3996 MHz, 0 %, 0 %
2026/03/23 13:22:47.142, 0, 229.69 W, 27, 2032 MHz, 3996 MHz, 7 %, 0 %
2026/03/23 13:22:47.142, 1, 233.44 W, 29, 2032 MHz, 3996 MHz, 7 %, 0 %
2026/03/23 13:22:47.142, 2, 234.06 W, 27, 2032 MHz, 3996 MHz, 7 %, 0 %
2026/03/23 13:22:47.142, 3, 235.13 W, 30, 2032 MHz, 3996 MHz, 7 %, 0 %
2026/03/23 13:22:47.142, 4, 179.05 W, 25, 120 MHz, 3996 MHz, 0 %, 0 %
2026/03/23 13:22:47.142, 5, 180.58 W, 28, 120 MHz, 3996 MHz, 0 %, 0 %
2026/03/23 13:22:47.142, 6, 178.52 W, 26, 120 MHz, 3996 MHz, 0 %, 0 %
2026/03/23 13:22:47.142, 7, 176.58 W, 27, 120 MHz, 3996 MHz, 0 %, 0 %
2026/03/23 13:22:48.142, 0, 229.73 W, 27, 2032 MHz, 3996 MHz, 6 %, 0 %
2026/03/23 13:22:48.142, 1, 233.32 W, 29, 2032 MHz, 3996 MHz, 7 %, 0 %
2026/03/23 13:22:48.142, 2, 234.10 W, 27, 2032 MHz, 3996 MHz, 7 %, 0 %
2026/03/23 13:22:48.142, 3, 235.04 W, 30, 2032 MHz, 3996 MHz, 7 %, 0 %
2026/03/23 13:22:48.142, 4, 179.09 W, 25, 120 MHz, 3996 MHz, 0 %, 0 %
2026/03/23 13:22:48.142, 5, 180.58 W, 28, 120 MHz, 3996 MHz, 0 %, 0 %
2026/03/23 13:22:48.142, 6, 178.41 W, 26, 120 MHz, 3996 MHz, 0 %, 0 %
2026/03/23 13:22:48.142, 7, 176.58 W, 27, 120 MHz, 3996 MHz, 0 %, 0 %
2026/03/23 13:22:49.142, 0, 229.66 W, 27, 2032 MHz, 3996 MHz, 6 %, 0 %
2026/03/23 13:22:49.142, 1, 233.56 W, 29, 2032 MHz, 3996 MHz, 7 %, 0 %
2026/03/23 13:22:49.142, 2, 234.02 W, 27, 2032 MHz, 3996 MHz, 6 %, 0 %
2026/03/23 13:22:49.142, 3, 235.16 W, 30, 2032 MHz, 3996 MHz, 7 %, 0 %
2026/03/23 13:22:49.142, 4, 179.09 W, 25, 120 MHz, 3996 MHz, 0 %, 0 %
2026/03/23 13:22:49.142, 5, 180.58 W, 28, 120 MHz, 3996 MHz, 0 %, 0 %
2026/03/23 13:22:49.142, 6, 178.49 W, 26, 120 MHz, 3996 MHz, 0 %, 0 %
2026/03/23 13:22:49.143, 7, 176.58 W, 27, 120 MHz, 3996 MHz, 0 %, 0 %
2026/03/23 13:22:50.143, 0, 229.62 W, 27, 2032 MHz, 3996 MHz, 6 %, 0 %
2026/03/23 13:22:50.143, 1, 233.55 W, 29, 2032 MHz, 3996 MHz, 7 %, 0 %
2026/03/23 13:22:50.143, 2, 234.14 W, 27, 2032 MHz, 3996 MHz, 7 %, 0 %
2026/03/23 13:22:50.143, 3, 235.15 W, 30, 2032 MHz, 3996 MHz, 7 %, 0 %
2026/03/23 13:22:50.143, 4, 179.48 W, 25, 120 MHz, 3996 MHz, 0 %, 0 %
2026/03/23 13:22:50.143, 5, 180.58 W, 28, 120 MHz, 3996 MHz, 0 %, 0 %
2026/03/23 13:22:50.143, 6, 178.41 W, 26, 120 MHz, 3996 MHz, 0 %, 0 %
2026/03/23 13:22:50.143, 7, 176.58 W, 27, 120 MHz, 3996 MHz, 0 %, 0 %
2026/03/23 13:22:51.143, 0, 229.47 W, 27, 2032 MHz, 3996 MHz, 7 %, 0 %
2026/03/23 13:22:51.143, 1, 233.63 W, 29, 2032 MHz, 3996 MHz, 7 %, 0 %
2026/03/23 13:22:51.143, 2, 234.06 W, 27, 2032 MHz, 3996 MHz, 7 %, 0 %
2026/03/23 13:22:51.143, 3, 235.16 W, 30, 2032 MHz, 3996 MHz, 7 %, 0 %
2026/03/23 13:22:51.143, 4, 179.04 W, 25, 120 MHz, 3996 MHz, 0 %, 0 %
2026/03/23 13:22:51.143, 5, 180.58 W, 28, 120 MHz, 3996 MHz, 0 %, 0 %
2026/03/23 13:22:51.143, 6, 178.36 W, 26, 120 MHz, 3996 MHz, 0 %, 0 %
2026/03/23 13:22:51.143, 7, 176.58 W, 27, 120 MHz, 3996 MHz, 0 %, 0 %
2026/03/23 13:22:52.143, 0, 229.62 W, 27, 2032 MHz, 3996 MHz, 7 %, 0 %
2026/03/23 13:22:52.143, 1, 233.60 W, 29, 2032 MHz, 3996 MHz, 7 %, 0 %
2026/03/23 13:22:52.143, 2, 234.02 W, 27, 2032 MHz, 3996 MHz, 7 %, 0 %
2026/03/23 13:22:52.143, 3, 235.18 W, 30, 2032 MHz, 3996 MHz, 7 %, 0 %
2026/03/23 13:22:52.143, 4, 179.26 W, 25, 120 MHz, 3996 MHz, 0 %, 0 %
2026/03/23 13:22:52.143, 5, 180.58 W, 28, 120 MHz, 3996 MHz, 0 %, 0 %
2026/03/23 13:22:52.143, 6, 178.33 W, 26, 120 MHz, 3996 MHz, 0 %, 0 %
2026/03/23 13:22:52.143, 7, 176.58 W, 27, 120 MHz, 3996 MHz, 0 %, 0 %
2026/03/23 13:22:53.143, 0, 229.62 W, 27, 2032 MHz, 3996 MHz, 7 %, 0 %
2026/03/23 13:22:53.143, 1, 233.20 W, 29, 2032 MHz, 3996 MHz, 7 %, 0 %
2026/03/23 13:22:53.143, 2, 234.01 W, 27, 2032 MHz, 3996 MHz, 7 %, 0 %
2026/03/23 13:22:53.143, 3, 235.11 W, 30, 2032 MHz, 3996 MHz, 7 %, 0 %
2026/03/23 13:22:53.143, 4, 179.33 W, 25, 120 MHz, 3996 MHz, 0 %, 0 %
2026/03/23 13:22:53.143, 5, 180.58 W, 28, 120 MHz, 3996 MHz, 0 %, 0 %
2026/03/23 13:22:53.143, 6, 178.56 W, 26, 120 MHz, 3996 MHz, 0 %, 0 %
2026/03/23 13:22:53.143, 7, 176.58 W, 27, 120 MHz, 3996 MHz, 0 %, 0 %
2026/03/23 13:22:54.143, 0, 229.47 W, 27, 2032 MHz, 3996 MHz, 6 %, 0 %
2026/03/23 13:22:54.143, 1, 233.25 W, 29, 2032 MHz, 3996 MHz, 7 %, 0 %
2026/03/23 13:22:54.143, 2, 234.01 W, 27, 2032 MHz, 3996 MHz, 7 %, 0 %
2026/03/23 13:22:54.143, 3, 235.09 W, 30, 2032 MHz, 3996 MHz, 7 %, 0 %
2026/03/23 13:22:54.143, 4, 179.23 W, 25, 120 MHz, 3996 MHz, 0 %, 0 %
2026/03/23 13:22:54.143, 5, 180.58 W, 28, 120 MHz, 3996 MHz, 0 %, 0 %
2026/03/23 13:22:54.143, 6, 178.64 W, 26, 120 MHz, 3996 MHz, 0 %, 0 %
2026/03/23 13:22:54.143, 7, 176.58 W, 27, 120 MHz, 3996 MHz, 0 %, 0 %
2026/03/23 13:22:55.144, 0, 229.54 W, 27, 2032 MHz, 3996 MHz, 5 %, 0 %
2026/03/23 13:22:55.144, 1, 233.16 W, 29, 2032 MHz, 3996 MHz, 7 %, 0 %
2026/03/23 13:22:55.144, 2, 234.08 W, 27, 2032 MHz, 3996 MHz, 7 %, 0 %
2026/03/23 13:22:55.144, 3, 235.11 W, 30, 2032 MHz, 3996 MHz, 7 %, 0 %
2026/03/23 13:22:55.144, 4, 179.27 W, 25, 120 MHz, 3996 MHz, 0 %, 0 %
2026/03/23 13:22:55.144, 5, 180.58 W, 28, 120 MHz, 3996 MHz, 0 %, 0 %
2026/03/23 13:22:55.144, 6, 178.29 W, 26, 120 MHz, 3996 MHz, 0 %, 0 %
2026/03/23 13:22:55.144, 7, 176.58 W, 27, 120 MHz, 3996 MHz, 0 %, 0 %
2026/03/23 13:22:56.144, 0, 229.77 W, 27, 2032 MHz, 3996 MHz, 5 %, 0 %
2026/03/23 13:22:56.144, 1, 233.32 W, 29, 2032 MHz, 3996 MHz, 7 %, 0 %
2026/03/23 13:22:56.144, 2, 234.06 W, 27, 2032 MHz, 3996 MHz, 7 %, 0 %
2026/03/23 13:22:56.144, 3, 235.15 W, 30, 2032 MHz, 3996 MHz, 7 %, 0 %
2026/03/23 13:22:56.144, 4, 179.31 W, 25, 120 MHz, 3996 MHz, 0 %, 0 %
2026/03/23 13:22:56.144, 5, 180.58 W, 28, 120 MHz, 3996 MHz, 0 %, 0 %
2026/03/23 13:22:56.144, 6, 178.49 W, 26, 120 MHz, 3996 MHz, 0 %, 0 %
2026/03/23 13:22:56.144, 7, 176.58 W, 27, 120 MHz, 3996 MHz, 0 %, 0 %
2026/03/23 13:22:57.144, 0, 229.74 W, 27, 2032 MHz, 3996 MHz, 6 %, 0 %
2026/03/23 13:22:57.144, 1, 233.48 W, 29, 2032 MHz, 3996 MHz, 6 %, 0 %
2026/03/23 13:22:57.144, 2, 234.02 W, 27, 2032 MHz, 3996 MHz, 6 %, 0 %
2026/03/23 13:22:57.144, 3, 235.12 W, 30, 2032 MHz, 3996 MHz, 7 %, 0 %
2026/03/23 13:22:57.144, 4, 179.11 W, 25, 120 MHz, 3996 MHz, 0 %, 0 %
2026/03/23 13:22:57.144, 5, 180.58 W, 28, 120 MHz, 3996 MHz, 0 %, 0 %
2026/03/23 13:22:57.144, 6, 178.49 W, 26, 120 MHz, 3996 MHz, 0 %, 0 %
2026/03/23 13:22:57.144, 7, 176.58 W, 27, 120 MHz, 3996 MHz, 0 %, 0 %
2026/03/23 13:22:58.144, 0, 229.42 W, 27, 2032 MHz, 3996 MHz, 6 %, 0 %
2026/03/23 13:22:58.144, 1, 233.32 W, 29, 2032 MHz, 3996 MHz, 6 %, 0 %
2026/03/23 13:22:58.144, 2, 234.02 W, 27, 2032 MHz, 3996 MHz, 6 %, 0 %
2026/03/23 13:22:58.144, 3, 235.12 W, 30, 2032 MHz, 3996 MHz, 7 %, 0 %
2026/03/23 13:22:58.144, 4, 179.19 W, 25, 120 MHz, 3996 MHz, 0 %, 0 %
2026/03/23 13:22:58.144, 5, 180.58 W, 28, 120 MHz, 3996 MHz, 0 %, 0 %
2026/03/23 13:22:58.144, 6, 178.21 W, 26, 120 MHz, 3996 MHz, 0 %, 0 %
2026/03/23 13:22:58.144, 7, 176.58 W, 27, 120 MHz, 3996 MHz, 0 %, 0 %
2026/03/23 13:22:59.144, 0, 229.62 W, 27, 2032 MHz, 3996 MHz, 6 %, 0 %
2026/03/23 13:22:59.144, 1, 233.60 W, 29, 2032 MHz, 3996 MHz, 7 %, 0 %
2026/03/23 13:22:59.144, 2, 234.02 W, 27, 2032 MHz, 3996 MHz, 6 %, 0 %
2026/03/23 13:22:59.144, 3, 235.10 W, 30, 2032 MHz, 3996 MHz, 7 %, 0 %
2026/03/23 13:22:59.144, 4, 179.22 W, 25, 120 MHz, 3996 MHz, 0 %, 0 %
2026/03/23 13:22:59.144, 5, 180.58 W, 28, 120 MHz, 3996 MHz, 0 %, 0 %
2026/03/23 13:22:59.144, 6, 178.48 W, 26, 120 MHz, 3996 MHz, 0 %, 0 %
2026/03/23 13:22:59.144, 7, 176.58 W, 27, 120 MHz, 3996 MHz, 0 %, 0 %
2026/03/23 13:23:00.144, 0, 229.54 W, 27, 2032 MHz, 3996 MHz, 6 %, 0 %
2026/03/23 13:23:00.144, 1, 233.51 W, 29, 2032 MHz, 3996 MHz, 6 %, 0 %
2026/03/23 13:23:00.144, 2, 234.09 W, 27, 2032 MHz, 3996 MHz, 7 %, 0 %
2026/03/23 13:23:00.144, 3, 235.14 W, 30, 2032 MHz, 3996 MHz, 7 %, 0 %
2026/03/23 13:23:00.144, 4, 179.36 W, 25, 120 MHz, 3996 MHz, 0 %, 0 %
2026/03/23 13:23:00.144, 5, 180.62 W, 28, 120 MHz, 3996 MHz, 0 %, 0 %
2026/03/23 13:23:00.144, 6, 178.53 W, 26, 120 MHz, 3996 MHz, 0 %, 0 %
2026/03/23 13:23:00.144, 7, 176.58 W, 27, 120 MHz, 3996 MHz, 0 %, 0 %
2026/03/23 13:23:01.144, 0, 229.70 W, 27, 2032 MHz, 3996 MHz, 6 %, 0 %
2026/03/23 13:23:01.144, 1, 233.40 W, 29, 2032 MHz, 3996 MHz, 6 %, 0 %
2026/03/23 13:23:01.144, 2, 233.99 W, 27, 2032 MHz, 3996 MHz, 6 %, 0 %
2026/03/23 13:23:01.144, 3, 235.13 W, 30, 2032 MHz, 3996 MHz, 6 %, 0 %
2026/03/23 13:23:01.145, 4, 179.38 W, 25, 120 MHz, 3996 MHz, 0 %, 0 %
2026/03/23 13:23:01.145, 5, 180.58 W, 28, 120 MHz, 3996 MHz, 0 %, 0 %
2026/03/23 13:23:01.145, 6, 178.30 W, 26, 120 MHz, 3996 MHz, 0 %, 0 %
2026/03/23 13:23:01.145, 7, 176.58 W, 27, 120 MHz, 3996 MHz, 0 %, 0 %
2026/03/23 13:23:02.145, 0, 229.59 W, 27, 2032 MHz, 3996 MHz, 7 %, 0 %
2026/03/23 13:23:02.145, 1, 233.24 W, 29, 2032 MHz, 3996 MHz, 6 %, 0 %
2026/03/23 13:23:02.145, 2, 234.21 W, 27, 2032 MHz, 3996 MHz, 4 %, 0 %
2026/03/23 13:23:02.145, 3, 235.16 W, 30, 2032 MHz, 3996 MHz, 6 %, 0 %
2026/03/23 13:23:02.145, 4, 178.96 W, 25, 120 MHz, 3996 MHz, 0 %, 0 %
2026/03/23 13:23:02.145, 5, 180.58 W, 28, 120 MHz, 3996 MHz, 0 %, 0 %
2026/03/23 13:23:02.145, 6, 178.45 W, 26, 120 MHz, 3996 MHz, 0 %, 0 %
2026/03/23 13:23:02.145, 7, 176.58 W, 27, 120 MHz, 3996 MHz, 0 %, 0 %
2026/03/23 13:23:03.145, 0, 229.42 W, 27, 2032 MHz, 3996 MHz, 6 %, 0 %
2026/03/23 13:23:03.145, 1, 233.36 W, 29, 2032 MHz, 3996 MHz, 6 %, 0 %
2026/03/23 13:23:03.145, 2, 234.02 W, 27, 2032 MHz, 3996 MHz, 0 %, 0 %
2026/03/23 13:23:03.145, 3, 235.01 W, 30, 2032 MHz, 3996 MHz, 6 %, 0 %
2026/03/23 13:23:03.145, 4, 179.14 W, 25, 120 MHz, 3996 MHz, 0 %, 0 %
2026/03/23 13:23:03.145, 5, 180.58 W, 28, 120 MHz, 3996 MHz, 0 %, 0 %
2026/03/23 13:23:03.145, 6, 178.41 W, 26, 120 MHz, 3996 MHz, 0 %, 0 %
2026/03/23 13:23:03.145, 7, 176.58 W, 27, 120 MHz, 3996 MHz, 0 %, 0 %
2026/03/23 13:23:04.145, 0, 229.05 W, 27, 2032 MHz, 3996 MHz, 0 %, 0 %
2026/03/23 13:23:04.145, 1, 233.36 W, 29, 2032 MHz, 3996 MHz, 0 %, 0 %
2026/03/23 13:23:04.145, 2, 234.02 W, 27, 2032 MHz, 3996 MHz, 0 %, 0 %
2026/03/23 13:23:04.145, 3, 233.78 W, 30, 2032 MHz, 3996 MHz, 0 %, 0 %
2026/03/23 13:23:04.145, 4, 178.97 W, 25, 120 MHz, 3996 MHz, 0 %, 0 %
2026/03/23 13:23:04.145, 5, 180.58 W, 28, 120 MHz, 3996 MHz, 0 %, 0 %
2026/03/23 13:23:04.145, 6, 178.41 W, 26, 120 MHz, 3996 MHz, 0 %, 0 %
2026/03/23 13:23:04.145, 7, 176.58 W, 27, 120 MHz, 3996 MHz, 0 %, 0 %
2026/03/23 13:23:05.145, 0, 228.19 W, 27, 2032 MHz, 3996 MHz, 0 %, 0 %
2026/03/23 13:23:05.145, 1, 233.16 W, 29, 2032 MHz, 3996 MHz, 0 %, 0 %
2026/03/23 13:23:05.145, 2, 234.02 W, 27, 2032 MHz, 3996 MHz, 0 %, 0 %
2026/03/23 13:23:05.145, 3, 233.68 W, 30, 2032 MHz, 3996 MHz, 0 %, 0 %
2026/03/23 13:23:05.145, 4, 179.02 W, 25, 120 MHz, 3996 MHz, 0 %, 0 %
2026/03/23 13:23:05.145, 5, 180.58 W, 28, 120 MHz, 3996 MHz, 0 %, 0 %
2026/03/23 13:23:05.145, 6, 178.56 W, 26, 120 MHz, 3996 MHz, 0 %, 0 %
2026/03/23 13:23:05.145, 7, 176.58 W, 27, 120 MHz, 3996 MHz, 0 %, 0 %
2026/03/23 13:23:06.145, 0, 228.07 W, 27, 2032 MHz, 3996 MHz, 0 %, 0 %
2026/03/23 13:23:06.145, 1, 233.17 W, 29, 2032 MHz, 3996 MHz, 0 %, 0 %
2026/03/23 13:23:06.145, 2, 234.02 W, 27, 2032 MHz, 3996 MHz, 0 %, 0 %
2026/03/23 13:23:06.145, 3, 233.54 W, 30, 2032 MHz, 3996 MHz, 0 %, 0 %
2026/03/23 13:23:06.145, 4, 179.32 W, 25, 120 MHz, 3996 MHz, 0 %, 0 %
2026/03/23 13:23:06.145, 5, 180.58 W, 28, 120 MHz, 3996 MHz, 0 %, 0 %
2026/03/23 13:23:06.145, 6, 178.49 W, 26, 120 MHz, 3996 MHz, 0 %, 0 %
2026/03/23 13:23:06.145, 7, 176.58 W, 27, 120 MHz, 3996 MHz, 0 %, 0 %
2026/03/23 13:23:07.145, 0, 228.07 W, 27, 2032 MHz, 3996 MHz, 0 %, 0 %
2026/03/23 13:23:07.145, 1, 233.16 W, 29, 2032 MHz, 3996 MHz, 0 %, 0 %
2026/03/23 13:23:07.145, 2, 234.02 W, 27, 2032 MHz, 3996 MHz, 0 %, 0 %
2026/03/23 13:23:07.145, 3, 233.33 W, 30, 2032 MHz, 3996 MHz, 0 %, 0 %
2026/03/23 13:23:07.145, 4, 179.35 W, 25, 120 MHz, 3996 MHz, 0 %, 0 %
2026/03/23 13:23:07.145, 5, 180.58 W, 28, 120 MHz, 3996 MHz, 0 %, 0 %
2026/03/23 13:23:07.145, 6, 178.56 W, 26, 120 MHz, 3996 MHz, 0 %, 0 %
2026/03/23 13:23:07.145, 7, 176.58 W, 27, 120 MHz, 3996 MHz, 0 %, 0 %
2026/03/23 13:23:08.146, 0, 228.08 W, 27, 2032 MHz, 3996 MHz, 0 %, 0 %
2026/03/23 13:23:08.146, 1, 235.26 W, 30, 2032 MHz, 3996 MHz, 0 %, 0 %
2026/03/23 13:23:08.146, 2, 239.15 W, 27, 2032 MHz, 3996 MHz, 22 %, 2 %
2026/03/23 13:23:08.146, 3, 236.14 W, 30, 2032 MHz, 3996 MHz, 0 %, 0 %
2026/03/23 13:23:08.146, 4, 179.32 W, 25, 120 MHz, 3996 MHz, 0 %, 0 %
2026/03/23 13:23:08.146, 5, 180.58 W, 28, 120 MHz, 3996 MHz, 0 %, 0 %
2026/03/23 13:23:08.146, 6, 178.49 W, 26, 120 MHz, 3996 MHz, 0 %, 0 %
2026/03/23 13:23:08.146, 7, 176.58 W, 27, 120 MHz, 3996 MHz, 0 %, 0 %
2026/03/23 13:23:09.146, 0, 250.67 W, 28, 2032 MHz, 3996 MHz, 19 %, 2 %
2026/03/23 13:23:09.146, 1, 279.40 W, 30, 2032 MHz, 3996 MHz, 23 %, 2 %
2026/03/23 13:23:09.146, 2, 279.37 W, 28, 2032 MHz, 3996 MHz, 22 %, 2 %
2026/03/23 13:23:09.146, 3, 277.02 W, 30, 2032 MHz, 3996 MHz, 30 %, 3 %
2026/03/23 13:23:09.146, 4, 179.15 W, 25, 120 MHz, 3996 MHz, 0 %, 0 %
2026/03/23 13:23:09.146, 5, 180.58 W, 28, 120 MHz, 3996 MHz, 0 %, 0 %
2026/03/23 13:23:09.146, 6, 178.41 W, 26, 120 MHz, 3996 MHz, 0 %, 0 %
2026/03/23 13:23:09.146, 7, 176.58 W, 27, 120 MHz, 3996 MHz, 0 %, 0 %
2026/03/23 13:23:10.146, 0, 275.06 W, 28, 2032 MHz, 3996 MHz, 19 %, 2 %
2026/03/23 13:23:10.146, 1, 280.43 W, 30, 2032 MHz, 3996 MHz, 20 %, 2 %
2026/03/23 13:23:10.146, 2, 279.84 W, 28, 2032 MHz, 3996 MHz, 29 %, 3 %
2026/03/23 13:23:10.146, 3, 277.86 W, 31, 2032 MHz, 3996 MHz, 21 %, 2 %
2026/03/23 13:23:10.146, 4, 179.16 W, 25, 120 MHz, 3996 MHz, 0 %, 0 %
2026/03/23 13:23:10.146, 5, 180.58 W, 28, 120 MHz, 3996 MHz, 0 %, 0 %
2026/03/23 13:23:10.146, 6, 178.41 W, 26, 120 MHz, 3996 MHz, 0 %, 0 %
2026/03/23 13:23:10.146, 7, 176.58 W, 27, 120 MHz, 3996 MHz, 0 %, 0 %
2026/03/23 13:23:11.146, 0, 274.66 W, 28, 2032 MHz, 3996 MHz, 19 %, 2 %
2026/03/23 13:23:11.146, 1, 279.14 W, 30, 2032 MHz, 3996 MHz, 20 %, 2 %
2026/03/23 13:23:11.146, 2, 278.18 W, 28, 2032 MHz, 3996 MHz, 19 %, 2 %
2026/03/23 13:23:11.146, 3, 278.66 W, 30, 2032 MHz, 3996 MHz, 27 %, 3 %
2026/03/23 13:23:11.146, 4, 179.24 W, 25, 120 MHz, 3996 MHz, 0 %, 0 %
2026/03/23 13:23:11.146, 5, 180.58 W, 28, 120 MHz, 3996 MHz, 0 %, 0 %
2026/03/23 13:23:11.146, 6, 178.49 W, 26, 120 MHz, 3996 MHz, 0 %, 0 %
2026/03/23 13:23:11.146, 7, 176.58 W, 27, 120 MHz, 3996 MHz, 0 %, 0 %
2026/03/23 13:23:12.146, 0, 274.30 W, 28, 2032 MHz, 3996 MHz, 19 %, 2 %
2026/03/23 13:23:12.146, 1, 279.17 W, 30, 2032 MHz, 3996 MHz, 21 %, 2 %
2026/03/23 13:23:12.146, 2, 280.12 W, 28, 2032 MHz, 3996 MHz, 29 %, 3 %
2026/03/23 13:23:12.146, 3, 279.12 W, 31, 2032 MHz, 3996 MHz, 29 %, 2 %
2026/03/23 13:23:12.146, 4, 179.47 W, 25, 120 MHz, 3996 MHz, 0 %, 0 %
2026/03/23 13:23:12.146, 5, 180.58 W, 28, 120 MHz, 3996 MHz, 0 %, 0 %
2026/03/23 13:23:12.146, 6, 178.41 W, 26, 120 MHz, 3996 MHz, 0 %, 0 %
2026/03/23 13:23:12.146, 7, 176.58 W, 27, 120 MHz, 3996 MHz, 0 %, 0 %
2026/03/23 13:23:13.146, 0, 266.44 W, 28, 2032 MHz, 3996 MHz, 0 %, 0 %
2026/03/23 13:23:13.146, 1, 247.17 W, 30, 2032 MHz, 3996 MHz, 0 %, 0 %
2026/03/23 13:23:13.146, 2, 248.89 W, 27, 2032 MHz, 3996 MHz, 0 %, 0 %
2026/03/23 13:23:13.146, 3, 252.85 W, 30, 2032 MHz, 3996 MHz, 0 %, 0 %
2026/03/23 13:23:13.146, 4, 179.28 W, 25, 120 MHz, 3996 MHz, 0 %, 0 %
2026/03/23 13:23:13.146, 5, 180.58 W, 28, 120 MHz, 3996 MHz, 0 %, 0 %
2026/03/23 13:23:13.146, 6, 178.53 W, 26, 120 MHz, 3996 MHz, 0 %, 0 %
2026/03/23 13:23:13.146, 7, 176.58 W, 27, 120 MHz, 3996 MHz, 0 %, 0 %
2026/03/23 13:23:14.146, 0, 229.92 W, 28, 2032 MHz, 3996 MHz, 0 %, 0 %
2026/03/23 13:23:14.146, 1, 233.67 W, 29, 2032 MHz, 3996 MHz, 1 %, 0 %
2026/03/23 13:23:14.146, 2, 234.17 W, 27, 2032 MHz, 3996 MHz, 0 %, 0 %
2026/03/23 13:23:14.146, 3, 235.41 W, 30, 2032 MHz, 3996 MHz, 0 %, 0 %
2026/03/23 13:23:14.146, 4, 179.32 W, 25, 120 MHz, 3996 MHz, 0 %, 0 %
2026/03/23 13:23:14.146, 5, 180.58 W, 28, 120 MHz, 3996 MHz, 0 %, 0 %
2026/03/23 13:23:14.146, 6, 178.53 W, 26, 120 MHz, 3996 MHz, 0 %, 0 %
2026/03/23 13:23:14.147, 7, 176.58 W, 27, 120 MHz, 3996 MHz, 0 %, 0 %
2026/03/23 13:23:15.147, 0, 228.07 W, 27, 2032 MHz, 3996 MHz, 0 %, 0 %
2026/03/23 13:23:15.147, 1, 233.16 W, 29, 2032 MHz, 3996 MHz, 0 %, 0 %
2026/03/23 13:23:15.147, 2, 233.99 W, 27, 2032 MHz, 3996 MHz, 0 %, 0 %
2026/03/23 13:23:15.147, 3, 234.53 W, 30, 2032 MHz, 3996 MHz, 0 %, 0 %
2026/03/23 13:23:15.147, 4, 179.05 W, 25, 120 MHz, 3996 MHz, 0 %, 0 %
2026/03/23 13:23:15.147, 5, 180.58 W, 28, 120 MHz, 3996 MHz, 0 %, 0 %
2026/03/23 13:23:15.147, 6, 178.29 W, 26, 120 MHz, 3996 MHz, 0 %, 0 %
2026/03/23 13:23:15.147, 7, 176.58 W, 27, 120 MHz, 3996 MHz, 0 %, 0 %
2026/03/23 13:23:16.147, 0, 228.11 W, 27, 2032 MHz, 3996 MHz, 0 %, 0 %
2026/03/23 13:23:16.147, 1, 233.16 W, 29, 2032 MHz, 3996 MHz, 0 %, 0 %
2026/03/23 13:23:16.147, 2, 234.01 W, 27, 2032 MHz, 3996 MHz, 0 %, 0 %
2026/03/23 13:23:16.147, 3, 233.94 W, 30, 2032 MHz, 3996 MHz, 0 %, 0 %
2026/03/23 13:23:16.147, 4, 179.38 W, 25, 120 MHz, 3996 MHz, 0 %, 0 %
2026/03/23 13:23:16.147, 5, 180.58 W, 28, 120 MHz, 3996 MHz, 0 %, 0 %
2026/03/23 13:23:16.147, 6, 178.22 W, 26, 120 MHz, 3996 MHz, 0 %, 0 %
2026/03/23 13:23:16.147, 7, 176.58 W, 27, 120 MHz, 3996 MHz, 0 %, 0 %
2026/03/23 13:23:17.147, 0, 228.07 W, 27, 2032 MHz, 3996 MHz, 0 %, 0 %
2026/03/23 13:23:17.147, 1, 233.16 W, 29, 2032 MHz, 3996 MHz, 0 %, 0 %
2026/03/23 13:23:17.147, 2, 234.01 W, 27, 2032 MHz, 3996 MHz, 0 %, 0 %
2026/03/23 13:23:17.147, 3, 233.72 W, 30, 2032 MHz, 3996 MHz, 0 %, 0 %
2026/03/23 13:23:17.147, 4, 179.44 W, 25, 120 MHz, 3996 MHz, 0 %, 0 %
2026/03/23 13:23:17.147, 5, 180.58 W, 28, 120 MHz, 3996 MHz, 0 %, 0 %
2026/03/23 13:23:17.147, 6, 178.37 W, 26, 120 MHz, 3996 MHz, 0 %, 0 %
2026/03/23 13:23:17.147, 7, 176.58 W, 27, 120 MHz, 3996 MHz, 0 %, 0 %
2026/03/23 13:23:18.147, 0, 228.07 W, 27, 2032 MHz, 3996 MHz, 0 %, 0 %
2026/03/23 13:23:18.147, 1, 233.16 W, 29, 2032 MHz, 3996 MHz, 0 %, 0 %
2026/03/23 13:23:18.147, 2, 234.02 W, 27, 2032 MHz, 3996 MHz, 0 %, 0 %
2026/03/23 13:23:18.147, 3, 233.74 W, 30, 2032 MHz, 3996 MHz, 0 %, 0 %
2026/03/23 13:23:18.147, 4, 179.36 W, 25, 120 MHz, 3996 MHz, 0 %, 0 %
2026/03/23 13:23:18.147, 5, 180.58 W, 28, 120 MHz, 3996 MHz, 0 %, 0 %
2026/03/23 13:23:18.147, 6, 178.21 W, 26, 120 MHz, 3996 MHz, 0 %, 0 %
2026/03/23 13:23:18.147, 7, 176.58 W, 27, 120 MHz, 3996 MHz, 0 %, 0 %
2026/03/23 13:23:19.147, 0, 228.76 W, 27, 2032 MHz, 3996 MHz, 0 %, 0 %
2026/03/23 13:23:19.147, 1, 233.16 W, 29, 2032 MHz, 3996 MHz, 0 %, 0 %
2026/03/23 13:23:19.147, 2, 239.43 W, 27, 2032 MHz, 3996 MHz, 19 %, 3 %
2026/03/23 13:23:19.147, 3, 236.52 W, 30, 2032 MHz, 3996 MHz, 0 %, 0 %
2026/03/23 13:23:19.147, 4, 179.14 W, 25, 120 MHz, 3996 MHz, 0 %, 0 %
2026/03/23 13:23:19.147, 5, 180.62 W, 28, 120 MHz, 3996 MHz, 0 %, 0 %
2026/03/23 13:23:19.147, 6, 178.52 W, 26, 120 MHz, 3996 MHz, 0 %, 0 %
2026/03/23 13:23:19.147, 7, 176.58 W, 27, 120 MHz, 3996 MHz, 0 %, 0 %
2026/03/23 13:23:20.147, 0, 241.13 W, 27, 2032 MHz, 3996 MHz, 0 %, 0 %
2026/03/23 13:23:20.147, 1, 247.24 W, 29, 2032 MHz, 3996 MHz, 0 %, 0 %
2026/03/23 13:23:20.147, 2, 245.64 W, 27, 2032 MHz, 3996 MHz, 0 %, 0 %
2026/03/23 13:23:20.147, 3, 245.50 W, 30, 2032 MHz, 3996 MHz, 0 %, 0 %
2026/03/23 13:23:20.147, 4, 179.56 W, 25, 120 MHz, 3996 MHz, 0 %, 0 %
2026/03/23 13:23:20.147, 5, 180.58 W, 28, 120 MHz, 3996 MHz, 0 %, 0 %
2026/03/23 13:23:20.147, 6, 178.49 W, 26, 120 MHz, 3996 MHz, 0 %, 0 %
2026/03/23 13:23:20.147, 7, 176.58 W, 27, 120 MHz, 3996 MHz, 0 %, 0 %
2026/03/23 13:23:21.148, 0, 228.49 W, 27, 2032 MHz, 3996 MHz, 0 %, 0 %
2026/03/23 13:23:21.148, 1, 233.17 W, 29, 2032 MHz, 3996 MHz, 0 %, 0 %
2026/03/23 13:23:21.148, 2, 234.01 W, 27, 2032 MHz, 3996 MHz, 0 %, 0 %
2026/03/23 13:23:21.148, 3, 234.98 W, 30, 2032 MHz, 3996 MHz, 0 %, 0 %
2026/03/23 13:23:21.148, 4, 179.05 W, 25, 120 MHz, 3996 MHz, 0 %, 0 %
2026/03/23 13:23:21.148, 5, 180.58 W, 28, 120 MHz, 3996 MHz, 0 %, 0 %
2026/03/23 13:23:21.148, 6, 178.56 W, 26, 120 MHz, 3996 MHz, 0 %, 0 %
2026/03/23 13:23:21.148, 7, 176.58 W, 27, 120 MHz, 3996 MHz, 0 %, 0 %
2026/03/23 13:23:22.148, 0, 228.26 W, 27, 2032 MHz, 3996 MHz, 0 %, 0 %
2026/03/23 13:23:22.148, 1, 233.20 W, 29, 2032 MHz, 3996 MHz, 0 %, 0 %
2026/03/23 13:23:22.148, 2, 234.01 W, 27, 2032 MHz, 3996 MHz, 0 %, 0 %
2026/03/23 13:23:22.148, 3, 234.51 W, 30, 2032 MHz, 3996 MHz, 0 %, 0 %
2026/03/23 13:23:22.148, 4, 179.04 W, 25, 120 MHz, 3996 MHz, 0 %, 0 %
2026/03/23 13:23:22.148, 5, 180.58 W, 28, 120 MHz, 3996 MHz, 0 %, 0 %
2026/03/23 13:23:22.148, 6, 178.41 W, 26, 120 MHz, 3996 MHz, 0 %, 0 %
2026/03/23 13:23:22.148, 7, 176.58 W, 27, 120 MHz, 3996 MHz, 0 %, 0 %
2026/03/23 13:23:23.148, 0, 228.34 W, 27, 2032 MHz, 3996 MHz, 0 %, 0 %
2026/03/23 13:23:23.148, 1, 233.16 W, 29, 2032 MHz, 3996 MHz, 0 %, 0 %
2026/03/23 13:23:23.148, 2, 234.06 W, 27, 2032 MHz, 3996 MHz, 0 %, 0 %
2026/03/23 13:23:23.148, 3, 234.57 W, 30, 2032 MHz, 3996 MHz, 0 %, 0 %
2026/03/23 13:23:23.148, 4, 179.41 W, 25, 120 MHz, 3996 MHz, 0 %, 0 %
2026/03/23 13:23:23.148, 5, 180.58 W, 28, 120 MHz, 3996 MHz, 0 %, 0 %
2026/03/23 13:23:23.148, 6, 178.60 W, 26, 120 MHz, 3996 MHz, 0 %, 0 %
2026/03/23 13:23:23.148, 7, 176.58 W, 27, 120 MHz, 3996 MHz, 0 %, 0 %
2026/03/23 13:23:24.148, 0, 228.46 W, 27, 2032 MHz, 3996 MHz, 0 %, 0 %
2026/03/23 13:23:24.148, 1, 233.32 W, 29, 2032 MHz, 3996 MHz, 0 %, 0 %
2026/03/23 13:23:24.148, 2, 234.05 W, 27, 2032 MHz, 3996 MHz, 0 %, 0 %
2026/03/23 13:23:24.148, 3, 234.83 W, 30, 2032 MHz, 3996 MHz, 0 %, 0 %
2026/03/23 13:23:24.148, 4, 179.16 W, 25, 120 MHz, 3996 MHz, 0 %, 0 %
2026/03/23 13:23:24.148, 5, 180.58 W, 28, 120 MHz, 3996 MHz, 0 %, 0 %
2026/03/23 13:23:24.148, 6, 178.52 W, 26, 120 MHz, 3996 MHz, 0 %, 0 %
2026/03/23 13:23:24.148, 7, 176.58 W, 27, 120 MHz, 3996 MHz, 0 %, 0 %
2026/03/23 13:23:25.148, 0, 228.49 W, 27, 2032 MHz, 3996 MHz, 0 %, 0 %
2026/03/23 13:23:25.148, 1, 233.20 W, 29, 2032 MHz, 3996 MHz, 0 %, 0 %
2026/03/23 13:23:25.148, 2, 234.02 W, 27, 2032 MHz, 3996 MHz, 0 %, 0 %
2026/03/23 13:23:25.148, 3, 234.31 W, 30, 2032 MHz, 3996 MHz, 0 %, 0 %
2026/03/23 13:23:25.148, 4, 179.18 W, 25, 120 MHz, 3996 MHz, 0 %, 0 %
2026/03/23 13:23:25.148, 5, 180.58 W, 28, 120 MHz, 3996 MHz, 0 %, 0 %
2026/03/23 13:23:25.148, 6, 178.53 W, 26, 120 MHz, 3996 MHz, 0 %, 0 %
2026/03/23 13:23:25.148, 7, 176.58 W, 27, 120 MHz, 3996 MHz, 0 %, 0 %
2026/03/23 13:23:26.148, 0, 228.11 W, 27, 2032 MHz, 3996 MHz, 0 %, 0 %
2026/03/23 13:23:26.148, 1, 233.17 W, 29, 2032 MHz, 3996 MHz, 0 %, 0 %
2026/03/23 13:23:26.148, 2, 234.02 W, 27, 2032 MHz, 3996 MHz, 0 %, 0 %
2026/03/23 13:23:26.148, 3, 234.31 W, 30, 2032 MHz, 3996 MHz, 0 %, 0 %
2026/03/23 13:23:26.148, 4, 179.17 W, 25, 120 MHz, 3996 MHz, 0 %, 0 %
2026/03/23 13:23:26.148, 5, 180.58 W, 28, 120 MHz, 3996 MHz, 0 %, 0 %
2026/03/23 13:23:26.148, 6, 178.49 W, 26, 120 MHz, 3996 MHz, 0 %, 0 %
2026/03/23 13:23:26.148, 7, 176.58 W, 27, 120 MHz, 3996 MHz, 0 %, 0 %
2026/03/23 13:23:27.149, 0, 228.30 W, 27, 2032 MHz, 3996 MHz, 0 %, 0 %
2026/03/23 13:23:27.149, 1, 233.16 W, 29, 2032 MHz, 3996 MHz, 0 %, 0 %
2026/03/23 13:23:27.149, 2, 234.00 W, 27, 2032 MHz, 3996 MHz, 0 %, 0 %
2026/03/23 13:23:27.149, 3, 234.33 W, 30, 2032 MHz, 3996 MHz, 0 %, 0 %
2026/03/23 13:23:27.149, 4, 179.10 W, 25, 120 MHz, 3996 MHz, 0 %, 0 %
2026/03/23 13:23:27.149, 5, 180.58 W, 28, 120 MHz, 3996 MHz, 0 %, 0 %
2026/03/23 13:23:27.149, 6, 178.56 W, 26, 120 MHz, 3996 MHz, 0 %, 0 %
2026/03/23 13:23:27.149, 7, 176.58 W, 27, 120 MHz, 3996 MHz, 0 %, 0 %
2026/03/23 13:23:28.149, 0, 228.34 W, 27, 2032 MHz, 3996 MHz, 0 %, 0 %
2026/03/23 13:23:28.149, 1, 233.16 W, 29, 2032 MHz, 3996 MHz, 0 %, 0 %
2026/03/23 13:23:28.149, 2, 234.01 W, 27, 2032 MHz, 3996 MHz, 0 %, 0 %
2026/03/23 13:23:28.149, 3, 234.04 W, 30, 2032 MHz, 3996 MHz, 0 %, 0 %
2026/03/23 13:23:28.149, 4, 179.55 W, 25, 120 MHz, 3996 MHz, 0 %, 0 %
2026/03/23 13:23:28.149, 5, 180.58 W, 28, 120 MHz, 3996 MHz, 0 %, 0 %
2026/03/23 13:23:28.149, 6, 178.53 W, 26, 120 MHz, 3996 MHz, 0 %, 0 %
2026/03/23 13:23:28.149, 7, 176.58 W, 27, 120 MHz, 3996 MHz, 0 %, 0 %
2026/03/23 13:23:29.149, 0, 228.68 W, 27, 2032 MHz, 3996 MHz, 0 %, 0 %
2026/03/23 13:23:29.149, 1, 233.16 W, 29, 2032 MHz, 3996 MHz, 0 %, 0 %
2026/03/23 13:23:29.149, 2, 234.01 W, 27, 2032 MHz, 3996 MHz, 0 %, 0 %
2026/03/23 13:23:29.149, 3, 234.56 W, 30, 2032 MHz, 3996 MHz, 0 %, 0 %
2026/03/23 13:23:29.149, 4, 179.16 W, 25, 120 MHz, 3996 MHz, 0 %, 0 %
2026/03/23 13:23:29.149, 5, 180.58 W, 28, 120 MHz, 3996 MHz, 0 %, 0 %
2026/03/23 13:23:29.149, 6, 178.56 W, 26, 120 MHz, 3996 MHz, 0 %, 0 %
2026/03/23 13:23:29.149, 7, 176.58 W, 27, 120 MHz, 3996 MHz, 0 %, 0 %
2026/03/23 13:23:30.149, 0, 228.71 W, 27, 2032 MHz, 3996 MHz, 0 %, 0 %
2026/03/23 13:23:30.149, 1, 233.16 W, 29, 2032 MHz, 3996 MHz, 0 %, 0 %
2026/03/23 13:23:30.149, 2, 234.02 W, 27, 2032 MHz, 3996 MHz, 0 %, 0 %
2026/03/23 13:23:30.149, 3, 234.31 W, 30, 2032 MHz, 3996 MHz, 0 %, 0 %
2026/03/23 13:23:30.149, 4, 179.13 W, 25, 120 MHz, 3996 MHz, 0 %, 0 %
2026/03/23 13:23:30.149, 5, 180.58 W, 28, 120 MHz, 3996 MHz, 0 %, 0 %
2026/03/23 13:23:30.149, 6, 178.57 W, 26, 120 MHz, 3996 MHz, 0 %, 0 %
2026/03/23 13:23:30.149, 7, 176.58 W, 27, 120 MHz, 3996 MHz, 0 %, 0 %
2026/03/23 13:23:31.149, 0, 228.30 W, 27, 2032 MHz, 3996 MHz, 0 %, 0 %
2026/03/23 13:23:31.149, 1, 233.17 W, 29, 2032 MHz, 3996 MHz, 0 %, 0 %
2026/03/23 13:23:31.149, 2, 234.01 W, 27, 2032 MHz, 3996 MHz, 0 %, 0 %
2026/03/23 13:23:31.149, 3, 234.02 W, 30, 2032 MHz, 3996 MHz, 0 %, 0 %
2026/03/23 13:23:31.149, 4, 179.33 W, 25, 120 MHz, 3996 MHz, 0 %, 0 %
2026/03/23 13:23:31.149, 5, 180.58 W, 28, 120 MHz, 3996 MHz, 0 %, 0 %
2026/03/23 13:23:31.149, 6, 178.37 W, 26, 120 MHz, 3996 MHz, 0 %, 0 %
2026/03/23 13:23:31.149, 7, 176.58 W, 27, 120 MHz, 3996 MHz, 0 %, 0 %
2026/03/23 13:23:32.149, 0, 228.26 W, 27, 2032 MHz, 3996 MHz, 0 %, 0 %
2026/03/23 13:23:32.149, 1, 233.16 W, 29, 2032 MHz, 3996 MHz, 0 %, 0 %
2026/03/23 13:23:32.149, 2, 234.01 W, 27, 2032 MHz, 3996 MHz, 0 %, 0 %
2026/03/23 13:23:32.149, 3, 234.33 W, 30, 2032 MHz, 3996 MHz, 0 %, 0 %
2026/03/23 13:23:32.149, 4, 179.32 W, 25, 120 MHz, 3996 MHz, 0 %, 0 %
2026/03/23 13:23:32.149, 5, 180.58 W, 28, 120 MHz, 3996 MHz, 0 %, 0 %
2026/03/23 13:23:32.149, 6, 178.57 W, 26, 120 MHz, 3996 MHz, 0 %, 0 %
2026/03/23 13:23:32.149, 7, 176.58 W, 27, 120 MHz, 3996 MHz, 0 %, 0 %
2026/03/23 13:23:33.149, 0, 228.22 W, 27, 2032 MHz, 3996 MHz, 0 %, 0 %
2026/03/23 13:23:33.149, 1, 233.16 W, 29, 2032 MHz, 3996 MHz, 0 %, 0 %
2026/03/23 13:23:33.149, 2, 234.06 W, 27, 2032 MHz, 3996 MHz, 0 %, 0 %
2026/03/23 13:23:33.149, 3, 234.32 W, 30, 2032 MHz, 3996 MHz, 0 %, 0 %
2026/03/23 13:23:33.149, 4, 179.65 W, 25, 120 MHz, 3996 MHz, 0 %, 0 %
2026/03/23 13:23:33.149, 5, 180.58 W, 28, 120 MHz, 3996 MHz, 0 %, 0 %
2026/03/23 13:23:33.149, 6, 178.60 W, 26, 120 MHz, 3996 MHz, 0 %, 0 %
2026/03/23 13:23:33.149, 7, 176.59 W, 27, 120 MHz, 3996 MHz, 0 %, 0 %
2026/03/23 13:23:34.150, 0, 228.34 W, 27, 2032 MHz, 3996 MHz, 0 %, 0 %
2026/03/23 13:23:34.150, 1, 233.20 W, 29, 2032 MHz, 3996 MHz, 0 %, 0 %
2026/03/23 13:23:34.150, 2, 234.02 W, 27, 2032 MHz, 3996 MHz, 0 %, 0 %
2026/03/23 13:23:34.150, 3, 234.38 W, 30, 2032 MHz, 3996 MHz, 0 %, 0 %
2026/03/23 13:23:34.150, 4, 179.17 W, 25, 120 MHz, 3996 MHz, 0 %, 0 %
2026/03/23 13:23:34.150, 5, 180.62 W, 28, 120 MHz, 3996 MHz, 0 %, 0 %
2026/03/23 13:23:34.150, 6, 178.45 W, 26, 120 MHz, 3996 MHz, 0 %, 0 %
2026/03/23 13:23:34.150, 7, 176.58 W, 27, 120 MHz, 3996 MHz, 0 %, 0 %
2026/03/23 13:23:35.150, 0, 228.15 W, 27, 2032 MHz, 3996 MHz, 0 %, 0 %
2026/03/23 13:23:35.150, 1, 233.16 W, 29, 2032 MHz, 3996 MHz, 0 %, 0 %
2026/03/23 13:23:35.150, 2, 234.02 W, 27, 2032 MHz, 3996 MHz, 0 %, 0 %
2026/03/23 13:23:35.150, 3, 233.81 W, 30, 2032 MHz, 3996 MHz, 0 %, 0 %
2026/03/23 13:23:35.150, 4, 179.33 W, 25, 120 MHz, 3996 MHz, 0 %, 0 %
2026/03/23 13:23:35.150, 5, 180.58 W, 28, 120 MHz, 3996 MHz, 0 %, 0 %
2026/03/23 13:23:35.150, 6, 178.52 W, 26, 120 MHz, 3996 MHz, 0 %, 0 %
2026/03/23 13:23:35.150, 7, 176.58 W, 27, 120 MHz, 3996 MHz, 0 %, 0 %
2026/03/23 13:23:36.150, 0, 228.07 W, 27, 2032 MHz, 3996 MHz, 0 %, 0 %
2026/03/23 13:23:36.150, 1, 233.16 W, 29, 2032 MHz, 3996 MHz, 0 %, 0 %
2026/03/23 13:23:36.150, 2, 234.02 W, 27, 2032 MHz, 3996 MHz, 0 %, 0 %
2026/03/23 13:23:36.150, 3, 233.69 W, 30, 2032 MHz, 3996 MHz, 0 %, 0 %
2026/03/23 13:23:36.150, 4, 179.19 W, 25, 120 MHz, 3996 MHz, 0 %, 0 %
2026/03/23 13:23:36.150, 5, 180.58 W, 28, 120 MHz, 3996 MHz, 0 %, 0 %
2026/03/23 13:23:36.150, 6, 178.45 W, 26, 120 MHz, 3996 MHz, 0 %, 0 %
2026/03/23 13:23:36.150, 7, 176.58 W, 27, 120 MHz, 3996 MHz, 0 %, 0 %
2026/03/23 13:23:37.150, 0, 228.07 W, 27, 2032 MHz, 3996 MHz, 0 %, 0 %
2026/03/23 13:23:37.150, 1, 233.16 W, 29, 2032 MHz, 3996 MHz, 0 %, 0 %
2026/03/23 13:23:37.150, 2, 234.02 W, 27, 2032 MHz, 3996 MHz, 0 %, 0 %
2026/03/23 13:23:37.150, 3, 233.66 W, 30, 2032 MHz, 3996 MHz, 0 %, 0 %
2026/03/23 13:23:37.150, 4, 179.18 W, 25, 120 MHz, 3996 MHz, 0 %, 0 %
2026/03/23 13:23:37.150, 5, 180.58 W, 28, 120 MHz, 3996 MHz, 0 %, 0 %
2026/03/23 13:23:37.150, 6, 178.41 W, 26, 120 MHz, 3996 MHz, 0 %, 0 %
2026/03/23 13:23:37.150, 7, 176.58 W, 27, 120 MHz, 3996 MHz, 0 %, 0 %
2026/03/23 13:23:38.150, 0, 228.97 W, 27, 2032 MHz, 3996 MHz, 0 %, 0 %
2026/03/23 13:23:38.150, 1, 233.96 W, 29, 2032 MHz, 3996 MHz, 18 %, 0 %
2026/03/23 13:23:38.150, 2, 235.14 W, 27, 2032 MHz, 3996 MHz, 63 %, 0 %
2026/03/23 13:23:38.150, 3, 234.51 W, 30, 2032 MHz, 3996 MHz, 1 %, 0 %
2026/03/23 13:23:38.150, 4, 179.43 W, 25, 120 MHz, 3996 MHz, 0 %, 0 %
2026/03/23 13:23:38.150, 5, 180.58 W, 28, 120 MHz, 3996 MHz, 0 %, 0 %
2026/03/23 13:23:38.150, 6, 178.64 W, 26, 120 MHz, 3996 MHz, 0 %, 0 %
2026/03/23 13:23:38.150, 7, 176.58 W, 27, 120 MHz, 3996 MHz, 0 %, 0 %
2026/03/23 13:23:39.150, 0, 248.63 W, 28, 2032 MHz, 3996 MHz, 0 %, 0 %
2026/03/23 13:23:39.150, 1, 253.59 W, 30, 2032 MHz, 3996 MHz, 0 %, 0 %
2026/03/23 13:23:39.151, 2, 252.91 W, 27, 2032 MHz, 3996 MHz, 0 %, 0 %
2026/03/23 13:23:39.151, 3, 252.55 W, 30, 2032 MHz, 3996 MHz, 0 %, 0 %
2026/03/23 13:23:39.151, 4, 179.20 W, 25, 120 MHz, 3996 MHz, 0 %, 0 %
2026/03/23 13:23:39.151, 5, 180.58 W, 28, 120 MHz, 3996 MHz, 0 %, 0 %
2026/03/23 13:23:39.151, 6, 178.56 W, 26, 120 MHz, 3996 MHz, 0 %, 0 %
2026/03/23 13:23:39.151, 7, 176.58 W, 27, 120 MHz, 3996 MHz, 0 %, 0 %
2026/03/23 13:23:40.151, 0, 228.67 W, 27, 2032 MHz, 3996 MHz, 0 %, 0 %
2026/03/23 13:23:40.151, 1, 233.55 W, 29, 2032 MHz, 3996 MHz, 0 %, 0 %
2026/03/23 13:23:40.151, 2, 234.67 W, 27, 2032 MHz, 3996 MHz, 0 %, 0 %
2026/03/23 13:23:40.151, 3, 234.98 W, 30, 2032 MHz, 3996 MHz, 0 %, 0 %
2026/03/23 13:23:40.151, 4, 179.22 W, 25, 120 MHz, 3996 MHz, 0 %, 0 %
2026/03/23 13:23:40.151, 5, 180.58 W, 28, 120 MHz, 3996 MHz, 0 %, 0 %
2026/03/23 13:23:40.151, 6, 178.49 W, 26, 120 MHz, 3996 MHz, 0 %, 0 %
2026/03/23 13:23:40.151, 7, 176.58 W, 27, 120 MHz, 3996 MHz, 0 %, 0 %
2026/03/23 13:23:41.151, 0, 228.60 W, 27, 2032 MHz, 3996 MHz, 0 %, 0 %
2026/03/23 13:23:41.151, 1, 233.28 W, 29, 2032 MHz, 3996 MHz, 0 %, 0 %
2026/03/23 13:23:41.151, 2, 234.01 W, 27, 2032 MHz, 3996 MHz, 0 %, 0 %
2026/03/23 13:23:41.151, 3, 235.03 W, 30, 2032 MHz, 3996 MHz, 0 %, 0 %
2026/03/23 13:23:41.151, 4, 179.68 W, 25, 120 MHz, 3996 MHz, 0 %, 0 %
2026/03/23 13:23:41.151, 5, 180.62 W, 28, 120 MHz, 3996 MHz, 0 %, 0 %
2026/03/23 13:23:41.151, 6, 178.56 W, 26, 120 MHz, 3996 MHz, 0 %, 0 %
2026/03/23 13:23:41.151, 7, 176.58 W, 27, 120 MHz, 3996 MHz, 0 %, 0 %
2026/03/23 13:23:42.151, 0, 228.57 W, 27, 2032 MHz, 3996 MHz, 0 %, 0 %
2026/03/23 13:23:42.151, 1, 233.24 W, 29, 2032 MHz, 3996 MHz, 0 %, 0 %
2026/03/23 13:23:42.151, 2, 233.99 W, 27, 2032 MHz, 3996 MHz, 0 %, 0 %
2026/03/23 13:23:42.151, 3, 234.80 W, 30, 2032 MHz, 3996 MHz, 0 %, 0 %
2026/03/23 13:23:42.151, 4, 179.10 W, 25, 120 MHz, 3996 MHz, 0 %, 0 %
2026/03/23 13:23:42.151, 5, 180.58 W, 28, 120 MHz, 3996 MHz, 0 %, 0 %
2026/03/23 13:23:42.151, 6, 178.49 W, 26, 120 MHz, 3996 MHz, 0 %, 0 %
2026/03/23 13:23:42.151, 7, 176.59 W, 27, 120 MHz, 3996 MHz, 0 %, 0 %
2026/03/23 13:23:43.151, 0, 228.60 W, 27, 2032 MHz, 3996 MHz, 0 %, 0 %
2026/03/23 13:23:43.151, 1, 233.16 W, 29, 2032 MHz, 3996 MHz, 0 %, 0 %
2026/03/23 13:23:43.151, 2, 233.99 W, 27, 2032 MHz, 3996 MHz, 0 %, 0 %
2026/03/23 13:23:43.151, 3, 234.65 W, 30, 2032 MHz, 3996 MHz, 0 %, 0 %
2026/03/23 13:23:43.151, 4, 179.30 W, 25, 120 MHz, 3996 MHz, 0 %, 0 %
2026/03/23 13:23:43.151, 5, 180.58 W, 28, 120 MHz, 3996 MHz, 0 %, 0 %
2026/03/23 13:23:43.151, 6, 178.52 W, 26, 120 MHz, 3996 MHz, 0 %, 0 %
2026/03/23 13:23:43.151, 7, 176.58 W, 27, 120 MHz, 3996 MHz, 0 %, 0 %
2026/03/23 13:23:44.151, 0, 228.61 W, 27, 2032 MHz, 3996 MHz, 0 %, 0 %
2026/03/23 13:23:44.151, 1, 233.16 W, 29, 2032 MHz, 3996 MHz, 0 %, 0 %
2026/03/23 13:23:44.151, 2, 234.01 W, 27, 2032 MHz, 3996 MHz, 0 %, 0 %
2026/03/23 13:23:44.151, 3, 234.84 W, 30, 2032 MHz, 3996 MHz, 0 %, 0 %
2026/03/23 13:23:44.151, 4, 179.43 W, 25, 120 MHz, 3996 MHz, 0 %, 0 %
2026/03/23 13:23:44.151, 5, 180.58 W, 28, 120 MHz, 3996 MHz, 0 %, 0 %
2026/03/23 13:23:44.151, 6, 178.52 W, 26, 120 MHz, 3996 MHz, 0 %, 0 %
2026/03/23 13:23:44.151, 7, 176.58 W, 27, 120 MHz, 3996 MHz, 0 %, 0 %
2026/03/23 13:23:45.151, 0, 228.57 W, 27, 2032 MHz, 3996 MHz, 0 %, 0 %
2026/03/23 13:23:45.151, 1, 233.16 W, 29, 2032 MHz, 3996 MHz, 0 %, 0 %
2026/03/23 13:23:45.151, 2, 233.99 W, 27, 2032 MHz, 3996 MHz, 0 %, 0 %
2026/03/23 13:23:45.151, 3, 235.00 W, 30, 2032 MHz, 3996 MHz, 0 %, 0 %
2026/03/23 13:23:45.151, 4, 179.15 W, 25, 120 MHz, 3996 MHz, 0 %, 0 %
2026/03/23 13:23:45.152, 5, 180.58 W, 28, 120 MHz, 3996 MHz, 0 %, 0 %
2026/03/23 13:23:45.152, 6, 178.53 W, 26, 120 MHz, 3996 MHz, 0 %, 0 %
2026/03/23 13:23:45.152, 7, 176.58 W, 27, 120 MHz, 3996 MHz, 0 %, 0 %
2026/03/23 13:23:46.152, 0, 228.61 W, 27, 2032 MHz, 3996 MHz, 0 %, 0 %
2026/03/23 13:23:46.152, 1, 233.16 W, 29, 2032 MHz, 3996 MHz, 0 %, 0 %
2026/03/23 13:23:46.152, 2, 233.98 W, 27, 2032 MHz, 3996 MHz, 0 %, 0 %
2026/03/23 13:23:46.152, 3, 235.10 W, 30, 2032 MHz, 3996 MHz, 0 %, 0 %
2026/03/23 13:23:46.152, 4, 179.10 W, 25, 120 MHz, 3996 MHz, 0 %, 0 %
2026/03/23 13:23:46.152, 5, 180.58 W, 28, 120 MHz, 3996 MHz, 0 %, 0 %
2026/03/23 13:23:46.152, 6, 178.56 W, 26, 120 MHz, 3996 MHz, 0 %, 0 %
2026/03/23 13:23:46.152, 7, 176.58 W, 27, 120 MHz, 3996 MHz, 0 %, 0 %
2026/03/23 13:23:47.152, 0, 228.71 W, 27, 2032 MHz, 3996 MHz, 0 %, 0 %
2026/03/23 13:23:47.152, 1, 233.16 W, 29, 2032 MHz, 3996 MHz, 0 %, 0 %
2026/03/23 13:23:47.152, 2, 233.98 W, 27, 2032 MHz, 3996 MHz, 0 %, 0 %
2026/03/23 13:23:47.152, 3, 235.12 W, 30, 2032 MHz, 3996 MHz, 0 %, 0 %
2026/03/23 13:23:47.152, 4, 179.68 W, 25, 120 MHz, 3996 MHz, 0 %, 0 %
2026/03/23 13:23:47.152, 5, 180.62 W, 28, 120 MHz, 3996 MHz, 0 %, 0 %
2026/03/23 13:23:47.152, 6, 178.49 W, 26, 120 MHz, 3996 MHz, 0 %, 0 %
2026/03/23 13:23:47.152, 7, 176.58 W, 27, 120 MHz, 3996 MHz, 0 %, 0 %
2026/03/23 13:23:48.152, 0, 228.80 W, 27, 2032 MHz, 3996 MHz, 0 %, 0 %
2026/03/23 13:23:48.152, 1, 233.16 W, 29, 2032 MHz, 3996 MHz, 0 %, 0 %
2026/03/23 13:23:48.152, 2, 233.98 W, 27, 2032 MHz, 3996 MHz, 0 %, 0 %
2026/03/23 13:23:48.152, 3, 235.10 W, 30, 2032 MHz, 3996 MHz, 0 %, 0 %
2026/03/23 13:23:48.152, 4, 179.45 W, 25, 120 MHz, 3996 MHz, 0 %, 0 %
2026/03/23 13:23:48.152, 5, 180.58 W, 28, 120 MHz, 3996 MHz, 0 %, 0 %
2026/03/23 13:23:48.152, 6, 178.56 W, 26, 120 MHz, 3996 MHz, 0 %, 0 %
2026/03/23 13:23:48.152, 7, 176.58 W, 27, 120 MHz, 3996 MHz, 0 %, 0 %
2026/03/23 13:23:49.152, 0, 228.68 W, 27, 2032 MHz, 3996 MHz, 0 %, 0 %
2026/03/23 13:23:49.152, 1, 233.20 W, 29, 2032 MHz, 3996 MHz, 0 %, 0 %
2026/03/23 13:23:49.152, 2, 233.97 W, 27, 2032 MHz, 3996 MHz, 0 %, 0 %
2026/03/23 13:23:49.152, 3, 235.05 W, 30, 2032 MHz, 3996 MHz, 0 %, 0 %
2026/03/23 13:23:49.152, 4, 179.38 W, 25, 120 MHz, 3996 MHz, 0 %, 0 %
2026/03/23 13:23:49.152, 5, 180.58 W, 28, 120 MHz, 3996 MHz, 0 %, 0 %
2026/03/23 13:23:49.152, 6, 178.45 W, 26, 120 MHz, 3996 MHz, 0 %, 0 %
2026/03/23 13:23:49.152, 7, 176.59 W, 27, 120 MHz, 3996 MHz, 0 %, 0 %
2026/03/23 13:23:50.152, 0, 228.83 W, 27, 2032 MHz, 3996 MHz, 0 %, 0 %
2026/03/23 13:23:50.152, 1, 233.16 W, 29, 2032 MHz, 3996 MHz, 0 %, 0 %
2026/03/23 13:23:50.152, 2, 233.99 W, 27, 2032 MHz, 3996 MHz, 0 %, 0 %
2026/03/23 13:23:50.152, 3, 234.99 W, 30, 2032 MHz, 3996 MHz, 0 %, 0 %
2026/03/23 13:23:50.152, 4, 179.31 W, 25, 120 MHz, 3996 MHz, 0 %, 0 %
2026/03/23 13:23:50.152, 5, 180.58 W, 28, 120 MHz, 3996 MHz, 0 %, 0 %
2026/03/23 13:23:50.152, 6, 178.56 W, 26, 120 MHz, 3996 MHz, 0 %, 0 %
2026/03/23 13:23:50.152, 7, 176.58 W, 27, 120 MHz, 3996 MHz, 0 %, 0 %
2026/03/23 13:23:51.152, 0, 238.25 W, 28, 2032 MHz, 3996 MHz, 0 %, 0 %
2026/03/23 13:23:51.152, 1, 234.59 W, 29, 2032 MHz, 3996 MHz, 0 %, 0 %
2026/03/23 13:23:51.152, 2, 236.26 W, 27, 2032 MHz, 3996 MHz, 0 %, 0 %
2026/03/23 13:23:51.152, 3, 236.60 W, 30, 2032 MHz, 3996 MHz, 0 %, 0 %
2026/03/23 13:23:51.152, 4, 179.36 W, 25, 120 MHz, 3996 MHz, 0 %, 0 %
2026/03/23 13:23:51.152, 5, 180.58 W, 28, 120 MHz, 3996 MHz, 0 %, 0 %
2026/03/23 13:23:51.152, 6, 178.60 W, 26, 120 MHz, 3996 MHz, 0 %, 0 %
2026/03/23 13:23:51.152, 7, 176.58 W, 27, 120 MHz, 3996 MHz, 0 %, 0 %
2026/03/23 13:23:52.153, 0, 244.59 W, 27, 2032 MHz, 3996 MHz, 0 %, 0 %
2026/03/23 13:23:52.153, 1, 255.08 W, 30, 2032 MHz, 3996 MHz, 0 %, 0 %
2026/03/23 13:23:52.153, 2, 251.57 W, 27, 2032 MHz, 3996 MHz, 1 %, 0 %
2026/03/23 13:23:52.153, 3, 256.03 W, 30, 2032 MHz, 3996 MHz, 0 %, 0 %
2026/03/23 13:23:52.153, 4, 179.18 W, 25, 120 MHz, 3996 MHz, 0 %, 0 %
2026/03/23 13:23:52.153, 5, 180.58 W, 28, 120 MHz, 3996 MHz, 0 %, 0 %
2026/03/23 13:23:52.153, 6, 178.57 W, 26, 120 MHz, 3996 MHz, 0 %, 0 %
2026/03/23 13:23:52.153, 7, 176.58 W, 27, 120 MHz, 3996 MHz, 0 %, 0 %
2026/03/23 13:23:53.153, 0, 262.47 W, 28, 2032 MHz, 3996 MHz, 0 %, 0 %
2026/03/23 13:23:53.153, 1, 266.30 W, 30, 2032 MHz, 3996 MHz, 51 %, 45 %
2026/03/23 13:23:53.153, 2, 267.04 W, 29, 2032 MHz, 3996 MHz, 11 %, 9 %
2026/03/23 13:23:53.153, 3, 267.20 W, 30, 2032 MHz, 3996 MHz, 0 %, 0 %
2026/03/23 13:23:53.153, 4, 179.46 W, 25, 120 MHz, 3996 MHz, 0 %, 0 %
2026/03/23 13:23:53.153, 5, 180.58 W, 28, 120 MHz, 3996 MHz, 0 %, 0 %
2026/03/23 13:23:53.153, 6, 178.52 W, 26, 120 MHz, 3996 MHz, 0 %, 0 %
2026/03/23 13:23:53.153, 7, 176.58 W, 27, 120 MHz, 3996 MHz, 0 %, 0 %
2026/03/23 13:23:54.153, 0, 229.20 W, 27, 2032 MHz, 3996 MHz, 0 %, 0 %
2026/03/23 13:23:54.153, 1, 233.51 W, 29, 2032 MHz, 3996 MHz, 0 %, 0 %
2026/03/23 13:23:54.153, 2, 234.41 W, 27, 2032 MHz, 3996 MHz, 0 %, 0 %
2026/03/23 13:23:54.153, 3, 235.13 W, 30, 2032 MHz, 3996 MHz, 0 %, 0 %
2026/03/23 13:23:54.153, 4, 179.20 W, 25, 120 MHz, 3996 MHz, 0 %, 0 %
2026/03/23 13:23:54.153, 5, 180.58 W, 28, 120 MHz, 3996 MHz, 0 %, 0 %
2026/03/23 13:23:54.153, 6, 178.60 W, 26, 120 MHz, 3996 MHz, 0 %, 0 %
2026/03/23 13:23:54.153, 7, 176.58 W, 27, 120 MHz, 3996 MHz, 0 %, 0 %
2026/03/23 13:23:55.153, 0, 228.57 W, 27, 2032 MHz, 3996 MHz, 0 %, 0 %
2026/03/23 13:23:55.153, 1, 233.20 W, 29, 2032 MHz, 3996 MHz, 0 %, 0 %
2026/03/23 13:23:55.153, 2, 234.00 W, 27, 2032 MHz, 3996 MHz, 0 %, 0 %
2026/03/23 13:23:55.153, 3, 235.02 W, 30, 2032 MHz, 3996 MHz, 0 %, 0 %
2026/03/23 13:23:55.153, 4, 179.60 W, 25, 120 MHz, 3996 MHz, 0 %, 0 %
2026/03/23 13:23:55.153, 5, 180.58 W, 28, 120 MHz, 3996 MHz, 0 %, 0 %
2026/03/23 13:23:55.153, 6, 178.60 W, 26, 120 MHz, 3996 MHz, 0 %, 0 %
2026/03/23 13:23:55.153, 7, 176.58 W, 27, 120 MHz, 3996 MHz, 0 %, 0 %
2026/03/23 13:23:56.153, 0, 297.10 W, 28, 2032 MHz, 3996 MHz, 0 %, 0 %
2026/03/23 13:23:56.153, 1, 301.18 W, 30, 2032 MHz, 3996 MHz, 0 %, 0 %
2026/03/23 13:23:56.153, 2, 303.50 W, 29, 2032 MHz, 3996 MHz, 56 %, 42 %
2026/03/23 13:23:56.153, 3, 299.92 W, 30, 2032 MHz, 3996 MHz, 0 %, 0 %
2026/03/23 13:23:56.153, 4, 179.34 W, 25, 120 MHz, 3996 MHz, 0 %, 0 %
2026/03/23 13:23:56.153, 5, 180.58 W, 28, 120 MHz, 3996 MHz, 0 %, 0 %
2026/03/23 13:23:56.153, 6, 178.49 W, 26, 120 MHz, 3996 MHz, 0 %, 0 %
2026/03/23 13:23:56.153, 7, 176.58 W, 27, 120 MHz, 3996 MHz, 0 %, 0 %
2026/03/23 13:23:57.153, 0, 229.46 W, 27, 2032 MHz, 3996 MHz, 0 %, 0 %
2026/03/23 13:23:57.153, 1, 233.52 W, 29, 2032 MHz, 3996 MHz, 0 %, 0 %
2026/03/23 13:23:57.153, 2, 234.06 W, 27, 2032 MHz, 3996 MHz, 0 %, 0 %
2026/03/23 13:23:57.153, 3, 235.10 W, 30, 2032 MHz, 3996 MHz, 0 %, 0 %
2026/03/23 13:23:57.153, 4, 179.23 W, 25, 120 MHz, 3996 MHz, 0 %, 0 %
2026/03/23 13:23:57.153, 5, 180.58 W, 28, 120 MHz, 3996 MHz, 0 %, 0 %
2026/03/23 13:23:57.153, 6, 178.60 W, 26, 120 MHz, 3996 MHz, 0 %, 0 %
2026/03/23 13:23:57.153, 7, 176.58 W, 27, 120 MHz, 3996 MHz, 0 %, 0 %
2026/03/23 13:23:58.153, 0, 232.82 W, 27, 2032 MHz, 3996 MHz, 0 %, 0 %
2026/03/23 13:23:58.153, 1, 233.16 W, 29, 2032 MHz, 3996 MHz, 0 %, 0 %
2026/03/23 13:23:58.153, 2, 234.00 W, 27, 2032 MHz, 3996 MHz, 0 %, 0 %
2026/03/23 13:23:58.153, 3, 234.88 W, 30, 2032 MHz, 3996 MHz, 0 %, 0 %
2026/03/23 13:23:58.153, 4, 179.21 W, 25, 120 MHz, 3996 MHz, 0 %, 0 %
2026/03/23 13:23:58.153, 5, 180.58 W, 28, 120 MHz, 3996 MHz, 0 %, 0 %
2026/03/23 13:23:58.153, 6, 178.60 W, 26, 120 MHz, 3996 MHz, 0 %, 0 %
2026/03/23 13:23:58.154, 7, 176.58 W, 27, 120 MHz, 3996 MHz, 0 %, 0 %
2026/03/23 13:23:59.154, 0, 327.52 W, 28, 2032 MHz, 3996 MHz, 0 %, 0 %
2026/03/23 13:23:59.154, 1, 337.94 W, 30, 2032 MHz, 3996 MHz, 0 %, 0 %
2026/03/23 13:23:59.154, 2, 339.96 W, 29, 2032 MHz, 3996 MHz, 37 %, 24 %
2026/03/23 13:23:59.154, 3, 339.40 W, 30, 2032 MHz, 3996 MHz, 0 %, 0 %
2026/03/23 13:23:59.154, 4, 179.48 W, 25, 120 MHz, 3996 MHz, 0 %, 0 %
2026/03/23 13:23:59.154, 5, 180.58 W, 28, 120 MHz, 3996 MHz, 0 %, 0 %
2026/03/23 13:23:59.154, 6, 178.52 W, 26, 120 MHz, 3996 MHz, 0 %, 0 %
2026/03/23 13:23:59.154, 7, 176.58 W, 27, 120 MHz, 3996 MHz, 0 %, 0 %
2026/03/23 13:24:00.154, 0, 229.24 W, 28, 2032 MHz, 3996 MHz, 0 %, 0 %
2026/03/23 13:24:00.154, 1, 233.63 W, 30, 2032 MHz, 3996 MHz, 0 %, 0 %
2026/03/23 13:24:00.154, 2, 234.29 W, 27, 2032 MHz, 3996 MHz, 0 %, 0 %
2026/03/23 13:24:00.154, 3, 235.12 W, 30, 2032 MHz, 3996 MHz, 0 %, 0 %
2026/03/23 13:24:00.154, 4, 179.39 W, 25, 120 MHz, 3996 MHz, 0 %, 0 %
2026/03/23 13:24:00.154, 5, 180.58 W, 28, 120 MHz, 3996 MHz, 0 %, 0 %
2026/03/23 13:24:00.154, 6, 178.41 W, 26, 120 MHz, 3996 MHz, 0 %, 0 %
2026/03/23 13:24:00.154, 7, 176.59 W, 27, 120 MHz, 3996 MHz, 0 %, 0 %
2026/03/23 13:24:01.154, 0, 229.31 W, 28, 2032 MHz, 3996 MHz, 0 %, 0 %
2026/03/23 13:24:01.154, 1, 233.35 W, 29, 2032 MHz, 3996 MHz, 0 %, 0 %
2026/03/23 13:24:01.154, 2, 233.96 W, 27, 2032 MHz, 3996 MHz, 0 %, 0 %
2026/03/23 13:24:01.154, 3, 235.03 W, 30, 2032 MHz, 3996 MHz, 0 %, 0 %
2026/03/23 13:24:01.154, 4, 179.24 W, 25, 120 MHz, 3996 MHz, 0 %, 0 %
2026/03/23 13:24:01.154, 5, 180.58 W, 28, 120 MHz, 3996 MHz, 0 %, 0 %
2026/03/23 13:24:01.154, 6, 178.53 W, 26, 120 MHz, 3996 MHz, 0 %, 0 %
2026/03/23 13:24:01.154, 7, 176.58 W, 27, 120 MHz, 3996 MHz, 0 %, 0 %
2026/03/23 13:24:02.154, 0, 228.76 W, 28, 2032 MHz, 3996 MHz, 0 %, 0 %
2026/03/23 13:24:02.154, 1, 233.16 W, 29, 2032 MHz, 3996 MHz, 0 %, 0 %
2026/03/23 13:24:02.154, 2, 233.98 W, 27, 2032 MHz, 3996 MHz, 0 %, 0 %
2026/03/23 13:24:02.154, 3, 234.94 W, 30, 2032 MHz, 3996 MHz, 0 %, 0 %
2026/03/23 13:24:02.154, 4, 179.36 W, 25, 120 MHz, 3996 MHz, 0 %, 0 %
2026/03/23 13:24:02.154, 5, 180.58 W, 28, 120 MHz, 3996 MHz, 0 %, 0 %
2026/03/23 13:24:02.154, 6, 178.49 W, 26, 120 MHz, 3996 MHz, 0 %, 0 %
2026/03/23 13:24:02.154, 7, 176.58 W, 27, 120 MHz, 3996 MHz, 0 %, 0 %
2026/03/23 13:24:03.154, 0, 321.99 W, 28, 2032 MHz, 3996 MHz, 0 %, 0 %
2026/03/23 13:24:03.154, 1, 326.68 W, 31, 2032 MHz, 3996 MHz, 0 %, 0 %
2026/03/23 13:24:03.154, 2, 315.55 W, 31, 2032 MHz, 3996 MHz, 90 %, 82 %
2026/03/23 13:24:03.154, 3, 328.33 W, 31, 2032 MHz, 3996 MHz, 0 %, 0 %
2026/03/23 13:24:03.154, 4, 179.53 W, 25, 120 MHz, 3996 MHz, 0 %, 0 %
2026/03/23 13:24:03.154, 5, 180.58 W, 28, 120 MHz, 3996 MHz, 0 %, 0 %
2026/03/23 13:24:03.154, 6, 178.56 W, 26, 120 MHz, 3996 MHz, 0 %, 0 %
2026/03/23 13:24:03.154, 7, 176.58 W, 27, 120 MHz, 3996 MHz, 0 %, 0 %
2026/03/23 13:24:04.154, 0, 229.72 W, 28, 2032 MHz, 3996 MHz, 0 %, 0 %
2026/03/23 13:24:04.154, 1, 234.17 W, 30, 2032 MHz, 3996 MHz, 0 %, 0 %
2026/03/23 13:24:04.154, 2, 256.97 W, 27, 2032 MHz, 3996 MHz, 0 %, 0 %
2026/03/23 13:24:04.154, 3, 235.16 W, 30, 2032 MHz, 3996 MHz, 0 %, 0 %
2026/03/23 13:24:04.154, 4, 179.26 W, 25, 120 MHz, 3996 MHz, 0 %, 0 %
2026/03/23 13:24:04.154, 5, 180.58 W, 28, 120 MHz, 3996 MHz, 0 %, 0 %
2026/03/23 13:24:04.154, 6, 178.37 W, 26, 120 MHz, 3996 MHz, 0 %, 0 %
2026/03/23 13:24:04.154, 7, 176.58 W, 27, 120 MHz, 3996 MHz, 0 %, 0 %
2026/03/23 13:24:05.154, 0, 229.66 W, 28, 2032 MHz, 3996 MHz, 0 %, 0 %
2026/03/23 13:24:05.154, 1, 233.44 W, 30, 2032 MHz, 3996 MHz, 0 %, 0 %
2026/03/23 13:24:05.154, 2, 234.01 W, 27, 2032 MHz, 3996 MHz, 0 %, 0 %
2026/03/23 13:24:05.154, 3, 235.13 W, 30, 2032 MHz, 3996 MHz, 0 %, 0 %
2026/03/23 13:24:05.154, 4, 179.03 W, 25, 120 MHz, 3996 MHz, 0 %, 0 %
2026/03/23 13:24:05.155, 5, 180.58 W, 28, 120 MHz, 3996 MHz, 0 %, 0 %
2026/03/23 13:24:05.155, 6, 178.56 W, 26, 120 MHz, 3996 MHz, 0 %, 0 %
2026/03/23 13:24:05.155, 7, 176.58 W, 27, 120 MHz, 3996 MHz, 0 %, 0 %
2026/03/23 13:24:06.155, 0, 256.90 W, 28, 2032 MHz, 3996 MHz, 100 %, 0 %
2026/03/23 13:24:06.155, 1, 262.12 W, 30, 2032 MHz, 3996 MHz, 88 %, 19 %
2026/03/23 13:24:06.155, 2, 235.15 W, 27, 2032 MHz, 3996 MHz, 0 %, 0 %
2026/03/23 13:24:06.155, 3, 264.60 W, 30, 2032 MHz, 3996 MHz, 100 %, 0 %
2026/03/23 13:24:06.155, 4, 179.42 W, 25, 120 MHz, 3996 MHz, 0 %, 0 %
2026/03/23 13:24:06.155, 5, 180.58 W, 28, 120 MHz, 3996 MHz, 0 %, 0 %
2026/03/23 13:24:06.155, 6, 178.53 W, 26, 120 MHz, 3996 MHz, 0 %, 0 %
2026/03/23 13:24:06.155, 7, 176.58 W, 27, 120 MHz, 3996 MHz, 0 %, 0 %
2026/03/23 13:24:07.155, 0, 245.81 W, 28, 2032 MHz, 3996 MHz, 0 %, 0 %
2026/03/23 13:24:07.155, 1, 251.40 W, 30, 2032 MHz, 3996 MHz, 0 %, 0 %
2026/03/23 13:24:07.155, 2, 276.06 W, 27, 2032 MHz, 3996 MHz, 0 %, 0 %
2026/03/23 13:24:07.155, 3, 251.27 W, 30, 2032 MHz, 3996 MHz, 0 %, 0 %
2026/03/23 13:24:07.155, 4, 179.46 W, 25, 120 MHz, 3996 MHz, 0 %, 0 %
2026/03/23 13:24:07.155, 5, 180.58 W, 28, 120 MHz, 3996 MHz, 0 %, 0 %
2026/03/23 13:24:07.155, 6, 178.56 W, 26, 120 MHz, 3996 MHz, 0 %, 0 %
2026/03/23 13:24:07.155, 7, 176.58 W, 27, 120 MHz, 3996 MHz, 0 %, 0 %
2026/03/23 13:24:08.155, 0, 228.56 W, 28, 2032 MHz, 3996 MHz, 0 %, 0 %
2026/03/23 13:24:08.155, 1, 233.16 W, 30, 2032 MHz, 3996 MHz, 0 %, 0 %
2026/03/23 13:24:08.155, 2, 234.00 W, 27, 2032 MHz, 3996 MHz, 0 %, 0 %
2026/03/23 13:24:08.155, 3, 234.21 W, 30, 2032 MHz, 3996 MHz, 0 %, 0 %
2026/03/23 13:24:08.155, 4, 179.47 W, 25, 120 MHz, 3996 MHz, 0 %, 0 %
2026/03/23 13:24:08.155, 5, 180.58 W, 28, 120 MHz, 3996 MHz, 0 %, 0 %
2026/03/23 13:24:08.155, 6, 178.45 W, 26, 120 MHz, 3996 MHz, 0 %, 0 %
2026/03/23 13:24:08.155, 7, 176.58 W, 27, 120 MHz, 3996 MHz, 0 %, 0 %
2026/03/23 13:24:09.155, 0, 228.34 W, 28, 2032 MHz, 3996 MHz, 0 %, 0 %
2026/03/23 13:24:09.155, 1, 233.20 W, 30, 2032 MHz, 3996 MHz, 0 %, 0 %
2026/03/23 13:24:09.155, 2, 233.99 W, 27, 2032 MHz, 3996 MHz, 0 %, 0 %
2026/03/23 13:24:09.155, 3, 234.26 W, 30, 2032 MHz, 3996 MHz, 0 %, 0 %
2026/03/23 13:24:09.155, 4, 179.01 W, 25, 120 MHz, 3996 MHz, 0 %, 0 %
2026/03/23 13:24:09.155, 5, 180.58 W, 28, 120 MHz, 3996 MHz, 0 %, 0 %
2026/03/23 13:24:09.155, 6, 178.57 W, 26, 120 MHz, 3996 MHz, 0 %, 0 %
2026/03/23 13:24:09.155, 7, 176.59 W, 27, 120 MHz, 3996 MHz, 0 %, 0 %
2026/03/23 13:24:10.155, 0, 228.15 W, 27, 2032 MHz, 3996 MHz, 0 %, 0 %
2026/03/23 13:24:10.155, 1, 233.16 W, 29, 2032 MHz, 3996 MHz, 0 %, 0 %
2026/03/23 13:24:10.155, 2, 234.01 W, 27, 2032 MHz, 3996 MHz, 0 %, 0 %
2026/03/23 13:24:10.155, 3, 233.96 W, 30, 2032 MHz, 3996 MHz, 0 %, 0 %
2026/03/23 13:24:10.155, 4, 179.62 W, 25, 120 MHz, 3996 MHz, 0 %, 0 %
2026/03/23 13:24:10.155, 5, 180.58 W, 28, 120 MHz, 3996 MHz, 0 %, 0 %
2026/03/23 13:24:10.155, 6, 178.52 W, 26, 120 MHz, 3996 MHz, 0 %, 0 %
2026/03/23 13:24:10.155, 7, 176.58 W, 27, 120 MHz, 3996 MHz, 0 %, 0 %
2026/03/23 13:24:11.156, 0, 228.26 W, 27, 2032 MHz, 3996 MHz, 0 %, 0 %
2026/03/23 13:24:11.156, 1, 233.16 W, 29, 2032 MHz, 3996 MHz, 0 %, 0 %
2026/03/23 13:24:11.156, 2, 233.99 W, 27, 2032 MHz, 3996 MHz, 0 %, 0 %
2026/03/23 13:24:11.156, 3, 234.44 W, 30, 2032 MHz, 3996 MHz, 0 %, 0 %
2026/03/23 13:24:11.156, 4, 179.72 W, 25, 120 MHz, 3996 MHz, 0 %, 0 %
2026/03/23 13:24:11.156, 5, 180.62 W, 28, 120 MHz, 3996 MHz, 0 %, 0 %
2026/03/23 13:24:11.156, 6, 178.53 W, 26, 120 MHz, 3996 MHz, 0 %, 0 %
2026/03/23 13:24:11.156, 7, 176.58 W, 27, 120 MHz, 3996 MHz, 0 %, 0 %
2026/03/23 13:24:12.156, 0, 228.45 W, 27, 2032 MHz, 3996 MHz, 0 %, 0 %
2026/03/23 13:24:12.156, 1, 233.16 W, 29, 2032 MHz, 3996 MHz, 0 %, 0 %
2026/03/23 13:24:12.156, 2, 234.01 W, 27, 2032 MHz, 3996 MHz, 0 %, 0 %
2026/03/23 13:24:12.156, 3, 234.47 W, 30, 2032 MHz, 3996 MHz, 0 %, 0 %
2026/03/23 13:24:12.156, 4, 179.41 W, 25, 120 MHz, 3996 MHz, 0 %, 0 %
2026/03/23 13:24:12.156, 5, 180.58 W, 28, 120 MHz, 3996 MHz, 0 %, 0 %
2026/03/23 13:24:12.156, 6, 178.56 W, 26, 120 MHz, 3996 MHz, 0 %, 0 %
2026/03/23 13:24:12.156, 7, 176.58 W, 27, 120 MHz, 3996 MHz, 0 %, 0 %
2026/03/23 13:24:13.156, 0, 228.49 W, 27, 2032 MHz, 3996 MHz, 0 %, 0 %
2026/03/23 13:24:13.156, 1, 233.16 W, 29, 2032 MHz, 3996 MHz, 0 %, 0 %
2026/03/23 13:24:13.156, 2, 234.01 W, 27, 2032 MHz, 3996 MHz, 0 %, 0 %
2026/03/23 13:24:13.156, 3, 234.54 W, 30, 2032 MHz, 3996 MHz, 0 %, 0 %
2026/03/23 13:24:13.156, 4, 179.16 W, 25, 120 MHz, 3996 MHz, 0 %, 0 %
2026/03/23 13:24:13.156, 5, 180.62 W, 28, 120 MHz, 3996 MHz, 0 %, 0 %
2026/03/23 13:24:13.156, 6, 178.64 W, 26, 120 MHz, 3996 MHz, 0 %, 0 %
2026/03/23 13:24:13.156, 7, 176.58 W, 27, 120 MHz, 3996 MHz, 0 %, 0 %
2026/03/23 13:24:14.156, 0, 228.84 W, 27, 2032 MHz, 3996 MHz, 0 %, 0 %
2026/03/23 13:24:14.156, 1, 233.16 W, 29, 2032 MHz, 3996 MHz, 0 %, 0 %
2026/03/23 13:24:14.156, 2, 234.01 W, 27, 2032 MHz, 3996 MHz, 0 %, 0 %
2026/03/23 13:24:14.156, 3, 234.99 W, 30, 2032 MHz, 3996 MHz, 0 %, 0 %
2026/03/23 13:24:14.156, 4, 179.36 W, 25, 120 MHz, 3996 MHz, 0 %, 0 %
2026/03/23 13:24:14.156, 5, 180.62 W, 28, 120 MHz, 3996 MHz, 0 %, 0 %
2026/03/23 13:24:14.156, 6, 178.60 W, 26, 120 MHz, 3996 MHz, 0 %, 0 %
2026/03/23 13:24:14.156, 7, 176.58 W, 27, 120 MHz, 3996 MHz, 0 %, 0 %
2026/03/23 13:24:15.156, 0, 228.71 W, 27, 2032 MHz, 3996 MHz, 0 %, 0 %
2026/03/23 13:24:15.156, 1, 233.16 W, 29, 2032 MHz, 3996 MHz, 0 %, 0 %
2026/03/23 13:24:15.156, 2, 234.00 W, 27, 2032 MHz, 3996 MHz, 0 %, 0 %
2026/03/23 13:24:15.156, 3, 234.60 W, 30, 2032 MHz, 3996 MHz, 0 %, 0 %
2026/03/23 13:24:15.156, 4, 179.40 W, 25, 120 MHz, 3996 MHz, 0 %, 0 %
2026/03/23 13:24:15.156, 5, 180.58 W, 28, 120 MHz, 3996 MHz, 0 %, 0 %
2026/03/23 13:24:15.156, 6, 178.60 W, 26, 120 MHz, 3996 MHz, 0 %, 0 %
2026/03/23 13:24:15.156, 7, 176.58 W, 27, 120 MHz, 3996 MHz, 0 %, 0 %
2026/03/23 13:24:16.156, 0, 228.88 W, 27, 2032 MHz, 3996 MHz, 0 %, 0 %
2026/03/23 13:24:16.156, 1, 233.16 W, 29, 2032 MHz, 3996 MHz, 0 %, 0 %
2026/03/23 13:24:16.156, 2, 233.95 W, 27, 2032 MHz, 3996 MHz, 0 %, 0 %
2026/03/23 13:24:16.156, 3, 234.81 W, 30, 2032 MHz, 3996 MHz, 0 %, 0 %
2026/03/23 13:24:16.156, 4, 179.51 W, 25, 120 MHz, 3996 MHz, 0 %, 0 %
2026/03/23 13:24:16.156, 5, 180.66 W, 28, 120 MHz, 3996 MHz, 0 %, 0 %
2026/03/23 13:24:16.156, 6, 178.53 W, 26, 120 MHz, 3996 MHz, 0 %, 0 %
2026/03/23 13:24:16.157, 7, 176.58 W, 27, 120 MHz, 3996 MHz, 0 %, 0 %
2026/03/23 13:24:17.157, 0, 228.68 W, 27, 2032 MHz, 3996 MHz, 0 %, 0 %
2026/03/23 13:24:17.157, 1, 233.16 W, 29, 2032 MHz, 3996 MHz, 0 %, 0 %
2026/03/23 13:24:17.157, 2, 233.95 W, 27, 2032 MHz, 3996 MHz, 0 %, 0 %
2026/03/23 13:24:17.157, 3, 234.85 W, 30, 2032 MHz, 3996 MHz, 0 %, 0 %
2026/03/23 13:24:17.157, 4, 179.54 W, 25, 120 MHz, 3996 MHz, 0 %, 0 %
2026/03/23 13:24:17.157, 5, 180.58 W, 28, 120 MHz, 3996 MHz, 0 %, 0 %
2026/03/23 13:24:17.157, 6, 178.57 W, 26, 120 MHz, 3996 MHz, 0 %, 0 %
2026/03/23 13:24:17.157, 7, 176.58 W, 27, 120 MHz, 3996 MHz, 0 %, 0 %
2026/03/23 13:24:18.157, 0, 228.98 W, 27, 2032 MHz, 3996 MHz, 0 %, 0 %
2026/03/23 13:24:18.157, 1, 233.16 W, 29, 2032 MHz, 3996 MHz, 0 %, 0 %
2026/03/23 13:24:18.157, 2, 233.96 W, 27, 2032 MHz, 3996 MHz, 0 %, 0 %
2026/03/23 13:24:18.157, 3, 234.87 W, 30, 2032 MHz, 3996 MHz, 0 %, 0 %
2026/03/23 13:24:18.157, 4, 179.52 W, 25, 120 MHz, 3996 MHz, 0 %, 0 %
2026/03/23 13:24:18.157, 5, 180.58 W, 28, 120 MHz, 3996 MHz, 0 %, 0 %
2026/03/23 13:24:18.157, 6, 178.60 W, 26, 120 MHz, 3996 MHz, 0 %, 0 %
2026/03/23 13:24:18.157, 7, 176.58 W, 27, 120 MHz, 3996 MHz, 0 %, 0 %
2026/03/23 13:24:19.157, 0, 229.11 W, 27, 2032 MHz, 3996 MHz, 0 %, 0 %
2026/03/23 13:24:19.157, 1, 233.16 W, 29, 2032 MHz, 3996 MHz, 0 %, 0 %
2026/03/23 13:24:19.157, 2, 234.00 W, 27, 2032 MHz, 3996 MHz, 0 %, 0 %
2026/03/23 13:24:19.157, 3, 234.89 W, 30, 2032 MHz, 3996 MHz, 0 %, 0 %
2026/03/23 13:24:19.157, 4, 179.18 W, 25, 120 MHz, 3996 MHz, 0 %, 0 %
2026/03/23 13:24:19.157, 5, 180.58 W, 28, 120 MHz, 3996 MHz, 0 %, 0 %
2026/03/23 13:24:19.157, 6, 178.37 W, 26, 120 MHz, 3996 MHz, 0 %, 0 %
2026/03/23 13:24:19.157, 7, 176.58 W, 27, 120 MHz, 3996 MHz, 0 %, 0 %
2026/03/23 13:24:20.157, 0, 228.80 W, 27, 2032 MHz, 3996 MHz, 0 %, 0 %
2026/03/23 13:24:20.157, 1, 233.16 W, 29, 2032 MHz, 3996 MHz, 0 %, 0 %
2026/03/23 13:24:20.157, 2, 233.94 W, 27, 2032 MHz, 3996 MHz, 0 %, 0 %
2026/03/23 13:24:20.157, 3, 234.96 W, 30, 2032 MHz, 3996 MHz, 0 %, 0 %
2026/03/23 13:24:20.157, 4, 179.37 W, 25, 120 MHz, 3996 MHz, 0 %, 0 %
2026/03/23 13:24:20.157, 5, 180.58 W, 28, 120 MHz, 3996 MHz, 0 %, 0 %
2026/03/23 13:24:20.157, 6, 178.64 W, 26, 120 MHz, 3996 MHz, 0 %, 0 %
2026/03/23 13:24:20.157, 7, 176.58 W, 27, 120 MHz, 3996 MHz, 0 %, 0 %
2026/03/23 13:24:21.157, 0, 228.94 W, 27, 2032 MHz, 3996 MHz, 0 %, 0 %
2026/03/23 13:24:21.157, 1, 233.20 W, 29, 2032 MHz, 3996 MHz, 0 %, 0 %
2026/03/23 13:24:21.157, 2, 233.91 W, 27, 2032 MHz, 3996 MHz, 0 %, 0 %
2026/03/23 13:24:21.157, 3, 234.99 W, 30, 2032 MHz, 3996 MHz, 0 %, 0 %
2026/03/23 13:24:21.157, 4, 179.40 W, 25, 120 MHz, 3996 MHz, 0 %, 0 %
2026/03/23 13:24:21.157, 5, 180.58 W, 28, 120 MHz, 3996 MHz, 0 %, 0 %
2026/03/23 13:24:21.157, 6, 178.49 W, 26, 120 MHz, 3996 MHz, 0 %, 0 %
2026/03/23 13:24:21.157, 7, 176.58 W, 27, 120 MHz, 3996 MHz, 0 %, 0 %
2026/03/23 13:24:22.157, 0, 228.92 W, 27, 2032 MHz, 3996 MHz, 0 %, 0 %
2026/03/23 13:24:22.157, 1, 233.16 W, 29, 2032 MHz, 3996 MHz, 0 %, 0 %
2026/03/23 13:24:22.157, 2, 233.94 W, 27, 2032 MHz, 3996 MHz, 0 %, 0 %
2026/03/23 13:24:22.157, 3, 235.05 W, 30, 2032 MHz, 3996 MHz, 0 %, 0 %
2026/03/23 13:24:22.157, 4, 179.52 W, 25, 120 MHz, 3996 MHz, 0 %, 0 %
2026/03/23 13:24:22.157, 5, 180.58 W, 28, 120 MHz, 3996 MHz, 0 %, 0 %
2026/03/23 13:24:22.157, 6, 178.49 W, 26, 120 MHz, 3996 MHz, 0 %, 0 %
2026/03/23 13:24:22.157, 7, 176.58 W, 27, 120 MHz, 3996 MHz, 0 %, 0 %
2026/03/23 13:24:23.158, 0, 228.87 W, 27, 2032 MHz, 3996 MHz, 0 %, 0 %
2026/03/23 13:24:23.158, 1, 233.16 W, 29, 2032 MHz, 3996 MHz, 0 %, 0 %
2026/03/23 13:24:23.158, 2, 233.97 W, 27, 2032 MHz, 3996 MHz, 0 %, 0 %
2026/03/23 13:24:23.158, 3, 235.05 W, 30, 2032 MHz, 3996 MHz, 0 %, 0 %
2026/03/23 13:24:23.158, 4, 179.32 W, 25, 120 MHz, 3996 MHz, 0 %, 0 %
2026/03/23 13:24:23.158, 5, 180.58 W, 28, 120 MHz, 3996 MHz, 0 %, 0 %
2026/03/23 13:24:23.158, 6, 178.57 W, 26, 120 MHz, 3996 MHz, 0 %, 0 %
2026/03/23 13:24:23.158, 7, 176.58 W, 27, 120 MHz, 3996 MHz, 0 %, 0 %
2026/03/23 13:24:24.158, 0, 228.68 W, 27, 2032 MHz, 3996 MHz, 0 %, 0 %
2026/03/23 13:24:24.158, 1, 233.16 W, 29, 2032 MHz, 3996 MHz, 0 %, 0 %
2026/03/23 13:24:24.158, 2, 233.96 W, 27, 2032 MHz, 3996 MHz, 0 %, 0 %
2026/03/23 13:24:24.158, 3, 235.09 W, 30, 2032 MHz, 3996 MHz, 0 %, 0 %
2026/03/23 13:24:24.158, 4, 179.40 W, 25, 120 MHz, 3996 MHz, 0 %, 0 %
2026/03/23 13:24:24.158, 5, 180.58 W, 28, 120 MHz, 3996 MHz, 0 %, 0 %
2026/03/23 13:24:24.158, 6, 178.53 W, 26, 120 MHz, 3996 MHz, 0 %, 0 %
2026/03/23 13:24:24.158, 7, 176.58 W, 27, 120 MHz, 3996 MHz, 0 %, 0 %
2026/03/23 13:24:25.158, 0, 228.83 W, 27, 2032 MHz, 3996 MHz, 0 %, 0 %
2026/03/23 13:24:25.158, 1, 233.16 W, 29, 2032 MHz, 3996 MHz, 0 %, 0 %
2026/03/23 13:24:25.158, 2, 234.01 W, 27, 2032 MHz, 3996 MHz, 0 %, 0 %
2026/03/23 13:24:25.158, 3, 235.13 W, 30, 2032 MHz, 3996 MHz, 0 %, 0 %
2026/03/23 13:24:25.158, 4, 179.52 W, 25, 120 MHz, 3996 MHz, 0 %, 0 %
2026/03/23 13:24:25.158, 5, 180.58 W, 28, 120 MHz, 3996 MHz, 0 %, 0 %
2026/03/23 13:24:25.158, 6, 178.57 W, 26, 120 MHz, 3996 MHz, 0 %, 0 %
2026/03/23 13:24:25.158, 7, 176.58 W, 27, 120 MHz, 3996 MHz, 0 %, 0 %
2026/03/23 13:24:26.158, 0, 228.34 W, 27, 2032 MHz, 3996 MHz, 0 %, 0 %
2026/03/23 13:24:26.158, 1, 233.16 W, 29, 2032 MHz, 3996 MHz, 0 %, 0 %
2026/03/23 13:24:26.158, 2, 233.98 W, 27, 2032 MHz, 3996 MHz, 0 %, 0 %
2026/03/23 13:24:26.158, 3, 235.09 W, 30, 2032 MHz, 3996 MHz, 0 %, 0 %
2026/03/23 13:24:26.158, 4, 179.41 W, 25, 120 MHz, 3996 MHz, 0 %, 0 %
2026/03/23 13:24:26.158, 5, 180.58 W, 28, 120 MHz, 3996 MHz, 0 %, 0 %
2026/03/23 13:24:26.158, 6, 178.56 W, 26, 120 MHz, 3996 MHz, 0 %, 0 %
2026/03/23 13:24:26.158, 7, 176.59 W, 27, 120 MHz, 3996 MHz, 0 %, 0 %
2026/03/23 13:24:27.158, 0, 228.69 W, 27, 2032 MHz, 3996 MHz, 0 %, 0 %
2026/03/23 13:24:27.158, 1, 233.16 W, 29, 2032 MHz, 3996 MHz, 0 %, 0 %
2026/03/23 13:24:27.158, 2, 234.00 W, 27, 2032 MHz, 3996 MHz, 0 %, 0 %
2026/03/23 13:24:27.158, 3, 235.09 W, 30, 2032 MHz, 3996 MHz, 0 %, 0 %
2026/03/23 13:24:27.158, 4, 179.35 W, 25, 120 MHz, 3996 MHz, 0 %, 0 %
2026/03/23 13:24:27.158, 5, 180.58 W, 28, 120 MHz, 3996 MHz, 0 %, 0 %
2026/03/23 13:24:27.158, 6, 178.60 W, 26, 120 MHz, 3996 MHz, 0 %, 0 %
2026/03/23 13:24:27.158, 7, 176.58 W, 27, 120 MHz, 3996 MHz, 0 %, 0 %
2026/03/23 13:24:28.158, 0, 228.79 W, 27, 2032 MHz, 3996 MHz, 0 %, 0 %
2026/03/23 13:24:28.158, 1, 233.16 W, 29, 2032 MHz, 3996 MHz, 0 %, 0 %
2026/03/23 13:24:28.158, 2, 234.01 W, 27, 2032 MHz, 3996 MHz, 0 %, 0 %
2026/03/23 13:24:28.158, 3, 235.00 W, 30, 2032 MHz, 3996 MHz, 0 %, 0 %
2026/03/23 13:24:28.158, 4, 179.33 W, 25, 120 MHz, 3996 MHz, 0 %, 0 %
2026/03/23 13:24:28.158, 5, 180.66 W, 28, 120 MHz, 3996 MHz, 0 %, 0 %
2026/03/23 13:24:28.158, 6, 178.53 W, 26, 120 MHz, 3996 MHz, 0 %, 0 %
2026/03/23 13:24:28.158, 7, 176.58 W, 27, 120 MHz, 3996 MHz, 0 %, 0 %
2026/03/23 13:24:29.158, 0, 228.53 W, 27, 2032 MHz, 3996 MHz, 0 %, 0 %
2026/03/23 13:24:29.159, 1, 233.16 W, 29, 2032 MHz, 3996 MHz, 0 %, 0 %
2026/03/23 13:24:29.159, 2, 234.00 W, 27, 2032 MHz, 3996 MHz, 0 %, 0 %
2026/03/23 13:24:29.159, 3, 234.97 W, 30, 2032 MHz, 3996 MHz, 0 %, 0 %
2026/03/23 13:24:29.159, 4, 179.17 W, 25, 120 MHz, 3996 MHz, 0 %, 0 %
2026/03/23 13:24:29.159, 5, 180.62 W, 28, 120 MHz, 3996 MHz, 0 %, 0 %
2026/03/23 13:24:29.159, 6, 178.56 W, 26, 120 MHz, 3996 MHz, 0 %, 0 %
2026/03/23 13:24:29.159, 7, 176.58 W, 27, 120 MHz, 3996 MHz, 0 %, 0 %
2026/03/23 13:24:30.159, 0, 228.83 W, 27, 2032 MHz, 3996 MHz, 0 %, 0 %
2026/03/23 13:24:30.159, 1, 233.16 W, 29, 2032 MHz, 3996 MHz, 0 %, 0 %
2026/03/23 13:24:30.159, 2, 233.98 W, 27, 2032 MHz, 3996 MHz, 0 %, 0 %
2026/03/23 13:24:30.159, 3, 235.06 W, 30, 2032 MHz, 3996 MHz, 0 %, 0 %
2026/03/23 13:24:30.159, 4, 179.26 W, 25, 120 MHz, 3996 MHz, 0 %, 0 %
2026/03/23 13:24:30.159, 5, 180.70 W, 28, 120 MHz, 3996 MHz, 0 %, 0 %
2026/03/23 13:24:30.159, 6, 178.64 W, 26, 120 MHz, 3996 MHz, 0 %, 0 %
2026/03/23 13:24:30.159, 7, 176.58 W, 27, 120 MHz, 3996 MHz, 0 %, 0 %
2026/03/23 13:24:31.159, 0, 228.83 W, 27, 2032 MHz, 3996 MHz, 0 %, 0 %
2026/03/23 13:24:31.159, 1, 233.16 W, 29, 2032 MHz, 3996 MHz, 0 %, 0 %
2026/03/23 13:24:31.159, 2, 233.99 W, 27, 2032 MHz, 3996 MHz, 0 %, 0 %
2026/03/23 13:24:31.159, 3, 235.00 W, 30, 2032 MHz, 3996 MHz, 0 %, 0 %
2026/03/23 13:24:31.159, 4, 179.37 W, 25, 120 MHz, 3996 MHz, 0 %, 0 %
2026/03/23 13:24:31.159, 5, 180.58 W, 28, 120 MHz, 3996 MHz, 0 %, 0 %
2026/03/23 13:24:31.159, 6, 178.60 W, 26, 120 MHz, 3996 MHz, 0 %, 0 %
2026/03/23 13:24:31.159, 7, 176.58 W, 27, 120 MHz, 3996 MHz, 0 %, 0 %
2026/03/23 13:24:32.159, 0, 228.53 W, 27, 2032 MHz, 3996 MHz, 0 %, 0 %
2026/03/23 13:24:32.159, 1, 233.16 W, 29, 2032 MHz, 3996 MHz, 0 %, 0 %
2026/03/23 13:24:32.159, 2, 233.98 W, 27, 2032 MHz, 3996 MHz, 0 %, 0 %
2026/03/23 13:24:32.159, 3, 235.04 W, 30, 2032 MHz, 3996 MHz, 0 %, 0 %
2026/03/23 13:24:32.159, 4, 179.32 W, 25, 120 MHz, 3996 MHz, 0 %, 0 %
2026/03/23 13:24:32.159, 5, 180.62 W, 28, 120 MHz, 3996 MHz, 0 %, 0 %
2026/03/23 13:24:32.159, 6, 178.64 W, 26, 120 MHz, 3996 MHz, 0 %, 0 %
2026/03/23 13:24:32.159, 7, 176.58 W, 27, 120 MHz, 3996 MHz, 0 %, 0 %
2026/03/23 13:24:33.159, 0, 228.79 W, 27, 2032 MHz, 3996 MHz, 0 %, 0 %
2026/03/23 13:24:33.159, 1, 233.16 W, 29, 2032 MHz, 3996 MHz, 0 %, 0 %
2026/03/23 13:24:33.159, 2, 233.99 W, 27, 2032 MHz, 3996 MHz, 0 %, 0 %
2026/03/23 13:24:33.159, 3, 235.10 W, 30, 2032 MHz, 3996 MHz, 0 %, 0 %
2026/03/23 13:24:33.159, 4, 179.35 W, 25, 120 MHz, 3996 MHz, 0 %, 0 %
2026/03/23 13:24:33.159, 5, 180.58 W, 28, 120 MHz, 3996 MHz, 0 %, 0 %
2026/03/23 13:24:33.159, 6, 178.60 W, 26, 120 MHz, 3996 MHz, 0 %, 0 %
2026/03/23 13:24:33.159, 7, 176.58 W, 27, 120 MHz, 3996 MHz, 0 %, 0 %
2026/03/23 13:24:34.159, 0, 229.23 W, 27, 2032 MHz, 3996 MHz, 0 %, 0 %
2026/03/23 13:24:34.159, 1, 233.16 W, 29, 2032 MHz, 3996 MHz, 0 %, 0 %
2026/03/23 13:24:34.159, 2, 233.99 W, 27, 2032 MHz, 3996 MHz, 0 %, 0 %
2026/03/23 13:24:34.159, 3, 235.15 W, 30, 2032 MHz, 3996 MHz, 0 %, 0 %
2026/03/23 13:24:34.159, 4, 179.44 W, 25, 120 MHz, 3996 MHz, 0 %, 0 %
2026/03/23 13:24:34.159, 5, 180.58 W, 28, 120 MHz, 3996 MHz, 0 %, 0 %
2026/03/23 13:24:34.159, 6, 178.56 W, 26, 120 MHz, 3996 MHz, 0 %, 0 %
2026/03/23 13:24:34.159, 7, 176.58 W, 27, 120 MHz, 3996 MHz, 0 %, 0 %
2026/03/23 13:24:35.160, 0, 229.21 W, 27, 2032 MHz, 3996 MHz, 0 %, 0 %
2026/03/23 13:24:35.160, 1, 233.16 W, 29, 2032 MHz, 3996 MHz, 0 %, 0 %
2026/03/23 13:24:35.160, 2, 234.00 W, 27, 2032 MHz, 3996 MHz, 0 %, 0 %
2026/03/23 13:24:35.160, 3, 234.97 W, 30, 2032 MHz, 3996 MHz, 0 %, 0 %
2026/03/23 13:24:35.160, 4, 179.58 W, 25, 120 MHz, 3996 MHz, 0 %, 0 %
2026/03/23 13:24:35.160, 5, 180.58 W, 28, 120 MHz, 3996 MHz, 0 %, 0 %
2026/03/23 13:24:35.160, 6, 178.60 W, 26, 120 MHz, 3996 MHz, 0 %, 0 %
2026/03/23 13:24:35.160, 7, 176.58 W, 27, 120 MHz, 3996 MHz, 0 %, 0 %
2026/03/23 13:24:36.160, 0, 229.11 W, 27, 2032 MHz, 3996 MHz, 0 %, 0 %
2026/03/23 13:24:36.160, 1, 233.16 W, 29, 2032 MHz, 3996 MHz, 0 %, 0 %
2026/03/23 13:24:36.160, 2, 233.96 W, 27, 2032 MHz, 3996 MHz, 0 %, 0 %
2026/03/23 13:24:36.160, 3, 234.99 W, 30, 2032 MHz, 3996 MHz, 0 %, 0 %
2026/03/23 13:24:36.160, 4, 179.49 W, 25, 120 MHz, 3996 MHz, 0 %, 0 %
2026/03/23 13:24:36.160, 5, 180.62 W, 28, 120 MHz, 3996 MHz, 0 %, 0 %
2026/03/23 13:24:36.160, 6, 178.64 W, 26, 120 MHz, 3996 MHz, 0 %, 0 %
2026/03/23 13:24:36.160, 7, 176.58 W, 27, 120 MHz, 3996 MHz, 0 %, 0 %
2026/03/23 13:24:37.160, 0, 229.02 W, 27, 2032 MHz, 3996 MHz, 0 %, 0 %
2026/03/23 13:24:37.160, 1, 233.16 W, 29, 2032 MHz, 3996 MHz, 0 %, 0 %
2026/03/23 13:24:37.160, 2, 233.96 W, 27, 2032 MHz, 3996 MHz, 0 %, 0 %
2026/03/23 13:24:37.160, 3, 234.96 W, 30, 2032 MHz, 3996 MHz, 0 %, 0 %
2026/03/23 13:24:37.160, 4, 179.45 W, 25, 120 MHz, 3996 MHz, 0 %, 0 %
2026/03/23 13:24:37.160, 5, 180.58 W, 28, 120 MHz, 3996 MHz, 0 %, 0 %
2026/03/23 13:24:37.160, 6, 178.60 W, 26, 120 MHz, 3996 MHz, 0 %, 0 %
2026/03/23 13:24:37.160, 7, 176.58 W, 27, 120 MHz, 3996 MHz, 0 %, 0 %
2026/03/23 13:24:38.160, 0, 229.21 W, 27, 2032 MHz, 3996 MHz, 0 %, 0 %
2026/03/23 13:24:38.160, 1, 233.16 W, 29, 2032 MHz, 3996 MHz, 0 %, 0 %
2026/03/23 13:24:38.160, 2, 233.98 W, 27, 2032 MHz, 3996 MHz, 0 %, 0 %
2026/03/23 13:24:38.160, 3, 235.12 W, 30, 2032 MHz, 3996 MHz, 0 %, 0 %
2026/03/23 13:24:38.160, 4, 179.36 W, 25, 120 MHz, 3996 MHz, 0 %, 0 %
2026/03/23 13:24:38.160, 5, 180.62 W, 28, 120 MHz, 3996 MHz, 0 %, 0 %
2026/03/23 13:24:38.160, 6, 178.57 W, 26, 120 MHz, 3996 MHz, 0 %, 0 %
2026/03/23 13:24:38.160, 7, 176.58 W, 27, 120 MHz, 3996 MHz, 0 %, 0 %
2026/03/23 13:24:39.160, 0, 228.88 W, 27, 2032 MHz, 3996 MHz, 0 %, 0 %
2026/03/23 13:24:39.160, 1, 233.20 W, 29, 2032 MHz, 3996 MHz, 0 %, 0 %
2026/03/23 13:24:39.160, 2, 233.99 W, 27, 2032 MHz, 3996 MHz, 0 %, 0 %
2026/03/23 13:24:39.160, 3, 234.84 W, 30, 2032 MHz, 3996 MHz, 0 %, 0 %
2026/03/23 13:24:39.160, 4, 179.52 W, 25, 120 MHz, 3996 MHz, 0 %, 0 %
2026/03/23 13:24:39.160, 5, 180.62 W, 28, 120 MHz, 3996 MHz, 0 %, 0 %
2026/03/23 13:24:39.160, 6, 178.60 W, 26, 120 MHz, 3996 MHz, 0 %, 0 %
2026/03/23 13:24:39.160, 7, 176.58 W, 27, 120 MHz, 3996 MHz, 0 %, 0 %
2026/03/23 13:24:40.160, 0, 228.90 W, 27, 2032 MHz, 3996 MHz, 0 %, 0 %
2026/03/23 13:24:40.160, 1, 233.20 W, 29, 2032 MHz, 3996 MHz, 0 %, 0 %
2026/03/23 13:24:40.160, 2, 233.96 W, 27, 2032 MHz, 3996 MHz, 0 %, 0 %
2026/03/23 13:24:40.160, 3, 234.85 W, 30, 2032 MHz, 3996 MHz, 0 %, 0 %
2026/03/23 13:24:40.160, 4, 179.12 W, 25, 120 MHz, 3996 MHz, 0 %, 0 %
2026/03/23 13:24:40.160, 5, 180.58 W, 28, 120 MHz, 3996 MHz, 0 %, 0 %
2026/03/23 13:24:40.160, 6, 178.60 W, 26, 120 MHz, 3996 MHz, 0 %, 0 %
2026/03/23 13:24:40.160, 7, 176.58 W, 27, 120 MHz, 3996 MHz, 0 %, 0 %
2026/03/23 13:24:41.161, 0, 229.02 W, 27, 2032 MHz, 3996 MHz, 0 %, 0 %
2026/03/23 13:24:41.161, 1, 233.16 W, 29, 2032 MHz, 3996 MHz, 0 %, 0 %
2026/03/23 13:24:41.161, 2, 233.98 W, 27, 2032 MHz, 3996 MHz, 0 %, 0 %
2026/03/23 13:24:41.161, 3, 234.92 W, 30, 2032 MHz, 3996 MHz, 0 %, 0 %
2026/03/23 13:24:41.161, 4, 179.35 W, 25, 120 MHz, 3996 MHz, 0 %, 0 %
2026/03/23 13:24:41.161, 5, 180.58 W, 28, 120 MHz, 3996 MHz, 0 %, 0 %
2026/03/23 13:24:41.161, 6, 178.56 W, 26, 120 MHz, 3996 MHz, 0 %, 0 %
2026/03/23 13:24:41.161, 7, 176.58 W, 27, 120 MHz, 3996 MHz, 0 %, 0 %
2026/03/23 13:24:42.161, 0, 229.15 W, 27, 2032 MHz, 3996 MHz, 0 %, 0 %
2026/03/23 13:24:42.161, 1, 233.16 W, 29, 2032 MHz, 3996 MHz, 0 %, 0 %
2026/03/23 13:24:42.161, 2, 234.00 W, 27, 2032 MHz, 3996 MHz, 0 %, 0 %
2026/03/23 13:24:42.161, 3, 234.92 W, 30, 2032 MHz, 3996 MHz, 0 %, 0 %
2026/03/23 13:24:42.161, 4, 179.11 W, 25, 120 MHz, 3996 MHz, 0 %, 0 %
2026/03/23 13:24:42.161, 5, 180.58 W, 28, 120 MHz, 3996 MHz, 0 %, 0 %
2026/03/23 13:24:42.161, 6, 178.49 W, 26, 120 MHz, 3996 MHz, 0 %, 0 %
2026/03/23 13:24:42.161, 7, 176.58 W, 27, 120 MHz, 3996 MHz, 0 %, 0 %
2026/03/23 13:24:43.161, 0, 229.09 W, 27, 2032 MHz, 3996 MHz, 0 %, 0 %
2026/03/23 13:24:43.161, 1, 233.16 W, 29, 2032 MHz, 3996 MHz, 0 %, 0 %
2026/03/23 13:24:43.161, 2, 233.97 W, 27, 2032 MHz, 3996 MHz, 0 %, 0 %
2026/03/23 13:24:43.161, 3, 234.96 W, 30, 2032 MHz, 3996 MHz, 0 %, 0 %
2026/03/23 13:24:43.161, 4, 179.43 W, 25, 120 MHz, 3996 MHz, 0 %, 0 %
2026/03/23 13:24:43.161, 5, 180.58 W, 28, 120 MHz, 3996 MHz, 0 %, 0 %
2026/03/23 13:24:43.161, 6, 178.60 W, 26, 120 MHz, 3996 MHz, 0 %, 0 %
2026/03/23 13:24:43.161, 7, 176.58 W, 27, 120 MHz, 3996 MHz, 0 %, 0 %
2026/03/23 13:24:44.161, 0, 229.09 W, 27, 2032 MHz, 3996 MHz, 0 %, 0 %
2026/03/23 13:24:44.161, 1, 233.16 W, 29, 2032 MHz, 3996 MHz, 0 %, 0 %
2026/03/23 13:24:44.161, 2, 233.93 W, 27, 2032 MHz, 3996 MHz, 0 %, 0 %
2026/03/23 13:24:44.161, 3, 234.88 W, 30, 2032 MHz, 3996 MHz, 0 %, 0 %
2026/03/23 13:24:44.161, 4, 179.35 W, 25, 120 MHz, 3996 MHz, 0 %, 0 %
2026/03/23 13:24:44.161, 5, 180.58 W, 28, 120 MHz, 3996 MHz, 0 %, 0 %
2026/03/23 13:24:44.161, 6, 178.57 W, 26, 120 MHz, 3996 MHz, 0 %, 0 %
2026/03/23 13:24:44.161, 7, 176.58 W, 27, 120 MHz, 3996 MHz, 0 %, 0 %
2026/03/23 13:24:45.161, 0, 229.07 W, 27, 2032 MHz, 3996 MHz, 0 %, 0 %
2026/03/23 13:24:45.161, 1, 233.16 W, 29, 2032 MHz, 3996 MHz, 0 %, 0 %
2026/03/23 13:24:45.161, 2, 233.96 W, 27, 2032 MHz, 3996 MHz, 0 %, 0 %
2026/03/23 13:24:45.161, 3, 234.91 W, 30, 2032 MHz, 3996 MHz, 0 %, 0 %
2026/03/23 13:24:45.161, 4, 179.09 W, 25, 120 MHz, 3996 MHz, 0 %, 0 %
2026/03/23 13:24:45.161, 5, 180.62 W, 28, 120 MHz, 3996 MHz, 0 %, 0 %
2026/03/23 13:24:45.161, 6, 178.52 W, 26, 120 MHz, 3996 MHz, 0 %, 0 %
2026/03/23 13:24:45.161, 7, 176.58 W, 27, 120 MHz, 3996 MHz, 0 %, 0 %
2026/03/23 13:24:46.161, 0, 229.07 W, 27, 2032 MHz, 3996 MHz, 0 %, 0 %
2026/03/23 13:24:46.162, 1, 233.16 W, 29, 2032 MHz, 3996 MHz, 0 %, 0 %
2026/03/23 13:24:46.162, 2, 233.96 W, 27, 2032 MHz, 3996 MHz, 0 %, 0 %
2026/03/23 13:24:46.162, 3, 234.95 W, 30, 2032 MHz, 3996 MHz, 0 %, 0 %
2026/03/23 13:24:46.162, 4, 179.24 W, 25, 120 MHz, 3996 MHz, 0 %, 0 %
2026/03/23 13:24:46.162, 5, 180.62 W, 28, 120 MHz, 3996 MHz, 0 %, 0 %
2026/03/23 13:24:46.162, 6, 178.56 W, 26, 120 MHz, 3996 MHz, 0 %, 0 %
2026/03/23 13:24:46.162, 7, 176.58 W, 27, 120 MHz, 3996 MHz, 0 %, 0 %
2026/03/23 13:24:47.162, 0, 228.87 W, 27, 2032 MHz, 3996 MHz, 0 %, 0 %
2026/03/23 13:24:47.162, 1, 233.16 W, 29, 2032 MHz, 3996 MHz, 0 %, 0 %
2026/03/23 13:24:47.162, 2, 233.99 W, 27, 2032 MHz, 3996 MHz, 0 %, 0 %
2026/03/23 13:24:47.162, 3, 234.69 W, 30, 2032 MHz, 3996 MHz, 0 %, 0 %
2026/03/23 13:24:47.162, 4, 179.29 W, 25, 120 MHz, 3996 MHz, 0 %, 0 %
2026/03/23 13:24:47.162, 5, 180.58 W, 28, 120 MHz, 3996 MHz, 0 %, 0 %
2026/03/23 13:24:47.162, 6, 178.49 W, 26, 120 MHz, 3996 MHz, 0 %, 0 %
2026/03/23 13:24:47.162, 7, 176.58 W, 27, 120 MHz, 3996 MHz, 0 %, 0 %
2026/03/23 13:24:48.162, 0, 229.23 W, 27, 2032 MHz, 3996 MHz, 0 %, 0 %
2026/03/23 13:24:48.162, 1, 233.16 W, 29, 2032 MHz, 3996 MHz, 0 %, 0 %
2026/03/23 13:24:48.162, 2, 233.97 W, 27, 2032 MHz, 3996 MHz, 0 %, 0 %
2026/03/23 13:24:48.162, 3, 234.61 W, 30, 2032 MHz, 3996 MHz, 0 %, 0 %
2026/03/23 13:24:48.162, 4, 179.17 W, 25, 120 MHz, 3996 MHz, 0 %, 0 %
2026/03/23 13:24:48.162, 5, 180.58 W, 28, 120 MHz, 3996 MHz, 0 %, 0 %
2026/03/23 13:24:48.162, 6, 178.60 W, 26, 120 MHz, 3996 MHz, 0 %, 0 %
2026/03/23 13:24:48.162, 7, 176.58 W, 27, 120 MHz, 3996 MHz, 0 %, 0 %
2026/03/23 13:24:49.162, 0, 229.07 W, 27, 2032 MHz, 3996 MHz, 0 %, 0 %
2026/03/23 13:24:49.162, 1, 233.16 W, 29, 2032 MHz, 3996 MHz, 0 %, 0 %
2026/03/23 13:24:49.162, 2, 233.99 W, 27, 2032 MHz, 3996 MHz, 0 %, 0 %
2026/03/23 13:24:49.162, 3, 234.45 W, 30, 2032 MHz, 3996 MHz, 0 %, 0 %
2026/03/23 13:24:49.162, 4, 179.35 W, 25, 120 MHz, 3996 MHz, 0 %, 0 %
2026/03/23 13:24:49.162, 5, 180.58 W, 28, 120 MHz, 3996 MHz, 0 %, 0 %
2026/03/23 13:24:49.162, 6, 178.57 W, 26, 120 MHz, 3996 MHz, 0 %, 0 %
2026/03/23 13:24:49.162, 7, 176.58 W, 27, 120 MHz, 3996 MHz, 0 %, 0 %
2026/03/23 13:24:50.162, 0, 228.80 W, 27, 2032 MHz, 3996 MHz, 0 %, 0 %
2026/03/23 13:24:50.162, 1, 233.16 W, 29, 2032 MHz, 3996 MHz, 0 %, 0 %
2026/03/23 13:24:50.162, 2, 233.98 W, 27, 2032 MHz, 3996 MHz, 0 %, 0 %
2026/03/23 13:24:50.162, 3, 234.81 W, 30, 2032 MHz, 3996 MHz, 0 %, 0 %
2026/03/23 13:24:50.162, 4, 179.34 W, 25, 120 MHz, 3996 MHz, 0 %, 0 %
2026/03/23 13:24:50.162, 5, 180.62 W, 28, 120 MHz, 3996 MHz, 0 %, 0 %
2026/03/23 13:24:50.162, 6, 178.49 W, 26, 120 MHz, 3996 MHz, 0 %, 0 %
2026/03/23 13:24:50.162, 7, 176.58 W, 27, 120 MHz, 3996 MHz, 0 %, 0 %
2026/03/23 13:24:51.162, 0, 229.05 W, 27, 2032 MHz, 3996 MHz, 0 %, 0 %
2026/03/23 13:24:51.163, 1, 233.16 W, 29, 2032 MHz, 3996 MHz, 0 %, 0 %
2026/03/23 13:24:51.163, 2, 233.96 W, 27, 2032 MHz, 3996 MHz, 0 %, 0 %
2026/03/23 13:24:51.163, 3, 234.66 W, 30, 2032 MHz, 3996 MHz, 0 %, 0 %
2026/03/23 13:24:51.163, 4, 179.42 W, 25, 120 MHz, 3996 MHz, 0 %, 0 %
2026/03/23 13:24:51.163, 5, 180.58 W, 28, 120 MHz, 3996 MHz, 0 %, 0 %
2026/03/23 13:24:51.163, 6, 178.52 W, 26, 120 MHz, 3996 MHz, 0 %, 0 %
2026/03/23 13:24:51.163, 7, 176.58 W, 27, 120 MHz, 3996 MHz, 0 %, 0 %
2026/03/23 13:24:52.163, 0, 228.88 W, 27, 2032 MHz, 3996 MHz, 0 %, 0 %
2026/03/23 13:24:52.163, 1, 233.16 W, 29, 2032 MHz, 3996 MHz, 0 %, 0 %
2026/03/23 13:24:52.163, 2, 233.97 W, 27, 2032 MHz, 3996 MHz, 0 %, 0 %
2026/03/23 13:24:52.163, 3, 234.61 W, 30, 2032 MHz, 3996 MHz, 0 %, 0 %
2026/03/23 13:24:52.163, 4, 179.22 W, 25, 120 MHz, 3996 MHz, 0 %, 0 %
2026/03/23 13:24:52.163, 5, 180.58 W, 28, 120 MHz, 3996 MHz, 0 %, 0 %
2026/03/23 13:24:52.163, 6, 178.60 W, 26, 120 MHz, 3996 MHz, 0 %, 0 %
2026/03/23 13:24:52.163, 7, 176.58 W, 27, 120 MHz, 3996 MHz, 0 %, 0 %
2026/03/23 13:24:53.163, 0, 228.98 W, 27, 2032 MHz, 3996 MHz, 0 %, 0 %
2026/03/23 13:24:53.163, 1, 233.16 W, 29, 2032 MHz, 3996 MHz, 0 %, 0 %
2026/03/23 13:24:53.163, 2, 233.94 W, 27, 2032 MHz, 3996 MHz, 0 %, 0 %
2026/03/23 13:24:53.163, 3, 234.68 W, 30, 2032 MHz, 3996 MHz, 0 %, 0 %
2026/03/23 13:24:53.163, 4, 179.33 W, 25, 120 MHz, 3996 MHz, 0 %, 0 %
2026/03/23 13:24:53.163, 5, 180.58 W, 28, 120 MHz, 3996 MHz, 0 %, 0 %
2026/03/23 13:24:53.163, 6, 178.60 W, 26, 120 MHz, 3996 MHz, 0 %, 0 %
2026/03/23 13:24:53.163, 7, 176.58 W, 27, 120 MHz, 3996 MHz, 0 %, 0 %
2026/03/23 13:24:54.163, 0, 229.19 W, 27, 2032 MHz, 3996 MHz, 0 %, 0 %
2026/03/23 13:24:54.163, 1, 233.16 W, 29, 2032 MHz, 3996 MHz, 0 %, 0 %
2026/03/23 13:24:54.163, 2, 233.94 W, 27, 2032 MHz, 3996 MHz, 0 %, 0 %
2026/03/23 13:24:54.163, 3, 234.63 W, 30, 2032 MHz, 3996 MHz, 0 %, 0 %
2026/03/23 13:24:54.163, 4, 179.36 W, 25, 120 MHz, 3996 MHz, 0 %, 0 %
2026/03/23 13:24:54.163, 5, 180.58 W, 28, 120 MHz, 3996 MHz, 0 %, 0 %
2026/03/23 13:24:54.163, 6, 178.64 W, 26, 120 MHz, 3996 MHz, 0 %, 0 %
2026/03/23 13:24:54.163, 7, 176.58 W, 27, 120 MHz, 3996 MHz, 0 %, 0 %
2026/03/23 13:24:55.163, 0, 229.01 W, 27, 2032 MHz, 3996 MHz, 0 %, 0 %
2026/03/23 13:24:55.163, 1, 233.16 W, 29, 2032 MHz, 3996 MHz, 0 %, 0 %
2026/03/23 13:24:55.163, 2, 233.97 W, 27, 2032 MHz, 3996 MHz, 0 %, 0 %
2026/03/23 13:24:55.163, 3, 234.82 W, 30, 2032 MHz, 3996 MHz, 0 %, 0 %
2026/03/23 13:24:55.163, 4, 179.31 W, 25, 120 MHz, 3996 MHz, 0 %, 0 %
2026/03/23 13:24:55.163, 5, 180.58 W, 28, 120 MHz, 3996 MHz, 0 %, 0 %
2026/03/23 13:24:55.163, 6, 178.60 W, 26, 120 MHz, 3996 MHz, 0 %, 0 %
2026/03/23 13:24:55.163, 7, 176.58 W, 27, 120 MHz, 3996 MHz, 0 %, 0 %
2026/03/23 13:24:56.163, 0, 229.21 W, 27, 2032 MHz, 3996 MHz, 0 %, 0 %
2026/03/23 13:24:56.164, 1, 233.16 W, 29, 2032 MHz, 3996 MHz, 0 %, 0 %
2026/03/23 13:24:56.164, 2, 233.98 W, 27, 2032 MHz, 3996 MHz, 0 %, 0 %
2026/03/23 13:24:56.164, 3, 234.66 W, 30, 2032 MHz, 3996 MHz, 0 %, 0 %
2026/03/23 13:24:56.164, 4, 179.27 W, 25, 120 MHz, 3996 MHz, 0 %, 0 %
2026/03/23 13:24:56.164, 5, 180.62 W, 28, 120 MHz, 3996 MHz, 0 %, 0 %
2026/03/23 13:24:56.164, 6, 178.52 W, 26, 120 MHz, 3996 MHz, 0 %, 0 %
2026/03/23 13:24:56.164, 7, 176.58 W, 27, 120 MHz, 3996 MHz, 0 %, 0 %
2026/03/23 13:24:57.164, 0, 229.04 W, 27, 2032 MHz, 3996 MHz, 0 %, 0 %
2026/03/23 13:24:57.164, 1, 233.16 W, 29, 2032 MHz, 3996 MHz, 0 %, 0 %
2026/03/23 13:24:57.164, 2, 233.99 W, 27, 2032 MHz, 3996 MHz, 0 %, 0 %
2026/03/23 13:24:57.164, 3, 234.77 W, 30, 2032 MHz, 3996 MHz, 0 %, 0 %
2026/03/23 13:24:57.164, 4, 179.36 W, 25, 120 MHz, 3996 MHz, 0 %, 0 %
2026/03/23 13:24:57.164, 5, 180.62 W, 28, 120 MHz, 3996 MHz, 0 %, 0 %
2026/03/23 13:24:57.164, 6, 178.41 W, 26, 120 MHz, 3996 MHz, 0 %, 0 %
2026/03/23 13:24:57.164, 7, 176.58 W, 27, 120 MHz, 3996 MHz, 0 %, 0 %
2026/03/23 13:24:58.164, 0, 229.05 W, 27, 2032 MHz, 3996 MHz, 0 %, 0 %
2026/03/23 13:24:58.164, 1, 233.16 W, 29, 2032 MHz, 3996 MHz, 0 %, 0 %
2026/03/23 13:24:58.164, 2, 233.99 W, 27, 2032 MHz, 3996 MHz, 0 %, 0 %
2026/03/23 13:24:58.164, 3, 234.96 W, 30, 2032 MHz, 3996 MHz, 0 %, 0 %
2026/03/23 13:24:58.164, 4, 179.30 W, 25, 120 MHz, 3996 MHz, 0 %, 0 %
2026/03/23 13:24:58.164, 5, 180.58 W, 28, 120 MHz, 3996 MHz, 0 %, 0 %
2026/03/23 13:24:58.164, 6, 178.60 W, 26, 120 MHz, 3996 MHz, 0 %, 0 %
2026/03/23 13:24:58.164, 7, 176.58 W, 27, 120 MHz, 3996 MHz, 0 %, 0 %
2026/03/23 13:24:59.164, 0, 228.69 W, 27, 2032 MHz, 3996 MHz, 0 %, 0 %
2026/03/23 13:24:59.164, 1, 233.16 W, 29, 2032 MHz, 3996 MHz, 0 %, 0 %
2026/03/23 13:24:59.164, 2, 233.98 W, 27, 2032 MHz, 3996 MHz, 0 %, 0 %
2026/03/23 13:24:59.164, 3, 234.88 W, 30, 2032 MHz, 3996 MHz, 0 %, 0 %
2026/03/23 13:24:59.164, 4, 179.29 W, 25, 120 MHz, 3996 MHz, 0 %, 0 %
2026/03/23 13:24:59.164, 5, 180.62 W, 28, 120 MHz, 3996 MHz, 0 %, 0 %
2026/03/23 13:24:59.164, 6, 178.52 W, 26, 120 MHz, 3996 MHz, 0 %, 0 %
2026/03/23 13:24:59.164, 7, 176.58 W, 27, 120 MHz, 3996 MHz, 0 %, 0 %
2026/03/23 13:25:00.164, 0, 228.68 W, 27, 2032 MHz, 3996 MHz, 0 %, 0 %
2026/03/23 13:25:00.164, 1, 233.16 W, 29, 2032 MHz, 3996 MHz, 0 %, 0 %
2026/03/23 13:25:00.164, 2, 233.96 W, 27, 2032 MHz, 3996 MHz, 0 %, 0 %
2026/03/23 13:25:00.164, 3, 234.84 W, 30, 2032 MHz, 3996 MHz, 0 %, 0 %
2026/03/23 13:25:00.164, 4, 179.55 W, 25, 120 MHz, 3996 MHz, 0 %, 0 %
2026/03/23 13:25:00.164, 5, 180.62 W, 28, 120 MHz, 3996 MHz, 0 %, 0 %
2026/03/23 13:25:00.164, 6, 178.56 W, 26, 120 MHz, 3996 MHz, 0 %, 0 %
2026/03/23 13:25:00.164, 7, 176.58 W, 27, 120 MHz, 3996 MHz, 0 %, 0 %
2026/03/23 13:25:01.164, 0, 228.90 W, 27, 2032 MHz, 3996 MHz, 0 %, 0 %
2026/03/23 13:25:01.165, 1, 233.16 W, 29, 2032 MHz, 3996 MHz, 0 %, 0 %
2026/03/23 13:25:01.165, 2, 233.98 W, 27, 2032 MHz, 3996 MHz, 0 %, 0 %
2026/03/23 13:25:01.165, 3, 234.98 W, 30, 2032 MHz, 3996 MHz, 0 %, 0 %
2026/03/23 13:25:01.165, 4, 179.39 W, 25, 120 MHz, 3996 MHz, 0 %, 0 %
2026/03/23 13:25:01.165, 5, 180.58 W, 28, 120 MHz, 3996 MHz, 0 %, 0 %
2026/03/23 13:25:01.165, 6, 178.60 W, 26, 120 MHz, 3996 MHz, 0 %, 0 %
2026/03/23 13:25:01.165, 7, 176.58 W, 27, 120 MHz, 3996 MHz, 0 %, 0 %
2026/03/23 13:25:02.165, 0, 228.83 W, 27, 2032 MHz, 3996 MHz, 0 %, 0 %
2026/03/23 13:25:02.165, 1, 233.16 W, 29, 2032 MHz, 3996 MHz, 0 %, 0 %
2026/03/23 13:25:02.165, 2, 234.00 W, 27, 2032 MHz, 3996 MHz, 0 %, 0 %
2026/03/23 13:25:02.165, 3, 234.85 W, 30, 2032 MHz, 3996 MHz, 0 %, 0 %
2026/03/23 13:25:02.165, 4, 179.21 W, 25, 120 MHz, 3996 MHz, 0 %, 0 %
2026/03/23 13:25:02.165, 5, 180.58 W, 28, 120 MHz, 3996 MHz, 0 %, 0 %
2026/03/23 13:25:02.165, 6, 178.56 W, 26, 120 MHz, 3996 MHz, 0 %, 0 %
2026/03/23 13:25:02.165, 7, 176.58 W, 27, 120 MHz, 3996 MHz, 0 %, 0 %
2026/03/23 13:25:03.165, 0, 228.88 W, 27, 2032 MHz, 3996 MHz, 0 %, 0 %
2026/03/23 13:25:03.165, 1, 233.16 W, 29, 2032 MHz, 3996 MHz, 0 %, 0 %
2026/03/23 13:25:03.165, 2, 233.98 W, 27, 2032 MHz, 3996 MHz, 0 %, 0 %
2026/03/23 13:25:03.165, 3, 234.95 W, 30, 2032 MHz, 3996 MHz, 0 %, 0 %
2026/03/23 13:25:03.165, 4, 179.37 W, 25, 120 MHz, 3996 MHz, 0 %, 0 %
2026/03/23 13:25:03.165, 5, 180.58 W, 28, 120 MHz, 3996 MHz, 0 %, 0 %
2026/03/23 13:25:03.165, 6, 178.57 W, 26, 120 MHz, 3996 MHz, 0 %, 0 %
2026/03/23 13:25:03.165, 7, 176.58 W, 27, 120 MHz, 3996 MHz, 0 %, 0 %
2026/03/23 13:25:04.165, 0, 228.94 W, 27, 2032 MHz, 3996 MHz, 0 %, 0 %
2026/03/23 13:25:04.165, 1, 233.16 W, 29, 2032 MHz, 3996 MHz, 0 %, 0 %
2026/03/23 13:25:04.165, 2, 234.01 W, 27, 2032 MHz, 3996 MHz, 0 %, 0 %
2026/03/23 13:25:04.165, 3, 234.96 W, 30, 2032 MHz, 3996 MHz, 0 %, 0 %
2026/03/23 13:25:04.165, 4, 179.59 W, 25, 120 MHz, 3996 MHz, 0 %, 0 %
2026/03/23 13:25:04.165, 5, 180.58 W, 28, 120 MHz, 3996 MHz, 0 %, 0 %
2026/03/23 13:25:04.165, 6, 178.49 W, 26, 120 MHz, 3996 MHz, 0 %, 0 %
2026/03/23 13:25:04.165, 7, 176.58 W, 27, 120 MHz, 3996 MHz, 0 %, 0 %
2026/03/23 13:25:05.165, 0, 229.00 W, 27, 2032 MHz, 3996 MHz, 0 %, 0 %
2026/03/23 13:25:05.165, 1, 233.16 W, 29, 2032 MHz, 3996 MHz, 0 %, 0 %
2026/03/23 13:25:05.165, 2, 233.94 W, 27, 2032 MHz, 3996 MHz, 0 %, 0 %
2026/03/23 13:25:05.165, 3, 234.70 W, 30, 2032 MHz, 3996 MHz, 0 %, 0 %
2026/03/23 13:25:05.165, 4, 179.51 W, 25, 120 MHz, 3996 MHz, 0 %, 0 %
2026/03/23 13:25:05.165, 5, 180.58 W, 28, 120 MHz, 3996 MHz, 0 %, 0 %
2026/03/23 13:25:05.165, 6, 178.52 W, 26, 120 MHz, 3996 MHz, 0 %, 0 %
2026/03/23 13:25:05.165, 7, 176.58 W, 27, 120 MHz, 3996 MHz, 0 %, 0 %
2026/03/23 13:25:06.165, 0, 229.13 W, 27, 2032 MHz, 3996 MHz, 0 %, 0 %
2026/03/23 13:25:06.165, 1, 233.16 W, 29, 2032 MHz, 3996 MHz, 0 %, 0 %
2026/03/23 13:25:06.165, 2, 233.99 W, 27, 2032 MHz, 3996 MHz, 0 %, 0 %
2026/03/23 13:25:06.165, 3, 234.79 W, 30, 2032 MHz, 3996 MHz, 0 %, 0 %
2026/03/23 13:25:06.165, 4, 179.32 W, 25, 120 MHz, 3996 MHz, 0 %, 0 %
2026/03/23 13:25:06.165, 5, 180.58 W, 28, 120 MHz, 3996 MHz, 0 %, 0 %
2026/03/23 13:25:06.166, 6, 178.60 W, 26, 120 MHz, 3996 MHz, 0 %, 0 %
2026/03/23 13:25:06.166, 7, 176.58 W, 27, 120 MHz, 3996 MHz, 0 %, 0 %
2026/03/23 13:25:07.166, 0, 229.43 W, 27, 2032 MHz, 3996 MHz, 0 %, 0 %
2026/03/23 13:25:07.166, 1, 233.16 W, 29, 2032 MHz, 3996 MHz, 0 %, 0 %
2026/03/23 13:25:07.166, 2, 233.98 W, 27, 2032 MHz, 3996 MHz, 0 %, 0 %
2026/03/23 13:25:07.166, 3, 234.75 W, 30, 2032 MHz, 3996 MHz, 0 %, 0 %
2026/03/23 13:25:07.166, 4, 179.33 W, 25, 120 MHz, 3996 MHz, 0 %, 0 %
2026/03/23 13:25:07.166, 5, 180.58 W, 28, 120 MHz, 3996 MHz, 0 %, 0 %
2026/03/23 13:25:07.166, 6, 178.60 W, 26, 120 MHz, 3996 MHz, 0 %, 0 %
2026/03/23 13:25:07.166, 7, 176.58 W, 27, 120 MHz, 3996 MHz, 0 %, 0 %
2026/03/23 13:25:08.166, 0, 228.96 W, 27, 2032 MHz, 3996 MHz, 0 %, 0 %
2026/03/23 13:25:08.166, 1, 233.16 W, 29, 2032 MHz, 3996 MHz, 0 %, 0 %
2026/03/23 13:25:08.166, 2, 233.97 W, 27, 2032 MHz, 3996 MHz, 0 %, 0 %
2026/03/23 13:25:08.166, 3, 234.99 W, 30, 2032 MHz, 3996 MHz, 0 %, 0 %
2026/03/23 13:25:08.166, 4, 179.09 W, 25, 120 MHz, 3996 MHz, 0 %, 0 %
2026/03/23 13:25:08.166, 5, 180.62 W, 28, 120 MHz, 3996 MHz, 0 %, 0 %
2026/03/23 13:25:08.166, 6, 178.60 W, 26, 120 MHz, 3996 MHz, 0 %, 0 %
2026/03/23 13:25:08.166, 7, 176.58 W, 27, 120 MHz, 3996 MHz, 0 %, 0 %
2026/03/23 13:25:09.166, 0, 229.05 W, 27, 2032 MHz, 3996 MHz, 0 %, 0 %
2026/03/23 13:25:09.166, 1, 233.20 W, 29, 2032 MHz, 3996 MHz, 0 %, 0 %
2026/03/23 13:25:09.166, 2, 233.96 W, 27, 2032 MHz, 3996 MHz, 0 %, 0 %
2026/03/23 13:25:09.166, 3, 234.77 W, 30, 2032 MHz, 3996 MHz, 0 %, 0 %
2026/03/23 13:25:09.166, 4, 179.27 W, 25, 120 MHz, 3996 MHz, 0 %, 0 %
2026/03/23 13:25:09.166, 5, 180.58 W, 28, 120 MHz, 3996 MHz, 0 %, 0 %
2026/03/23 13:25:09.166, 6, 178.53 W, 26, 120 MHz, 3996 MHz, 0 %, 0 %
2026/03/23 13:25:09.166, 7, 176.58 W, 27, 120 MHz, 3996 MHz, 0 %, 0 %
2026/03/23 13:25:10.166, 0, 229.05 W, 27, 2032 MHz, 3996 MHz, 0 %, 0 %
2026/03/23 13:25:10.166, 1, 233.20 W, 29, 2032 MHz, 3996 MHz, 0 %, 0 %
2026/03/23 13:25:10.166, 2, 233.94 W, 27, 2032 MHz, 3996 MHz, 0 %, 0 %
2026/03/23 13:25:10.166, 3, 234.93 W, 30, 2032 MHz, 3996 MHz, 0 %, 0 %
2026/03/23 13:25:10.166, 4, 179.33 W, 25, 120 MHz, 3996 MHz, 0 %, 0 %
2026/03/23 13:25:10.166, 5, 180.62 W, 28, 120 MHz, 3996 MHz, 0 %, 0 %
2026/03/23 13:25:10.166, 6, 178.57 W, 26, 120 MHz, 3996 MHz, 0 %, 0 %
2026/03/23 13:25:10.166, 7, 176.58 W, 27, 120 MHz, 3996 MHz, 0 %, 0 %
2026/03/23 13:25:11.166, 0, 228.84 W, 27, 2032 MHz, 3996 MHz, 0 %, 0 %
2026/03/23 13:25:11.166, 1, 233.16 W, 29, 2032 MHz, 3996 MHz, 0 %, 0 %
2026/03/23 13:25:11.166, 2, 233.97 W, 27, 2032 MHz, 3996 MHz, 0 %, 0 %
2026/03/23 13:25:11.166, 3, 234.75 W, 30, 2032 MHz, 3996 MHz, 0 %, 0 %
2026/03/23 13:25:11.166, 4, 179.43 W, 25, 120 MHz, 3996 MHz, 0 %, 0 %
2026/03/23 13:25:11.166, 5, 180.58 W, 28, 120 MHz, 3996 MHz, 0 %, 0 %
2026/03/23 13:25:11.166, 6, 178.56 W, 26, 120 MHz, 3996 MHz, 0 %, 0 %
2026/03/23 13:25:11.166, 7, 176.58 W, 27, 120 MHz, 3996 MHz, 0 %, 0 %
2026/03/23 13:25:12.166, 0, 228.98 W, 27, 2032 MHz, 3996 MHz, 0 %, 0 %
2026/03/23 13:25:12.166, 1, 233.16 W, 29, 2032 MHz, 3996 MHz, 0 %, 0 %
2026/03/23 13:25:12.166, 2, 233.92 W, 27, 2032 MHz, 3996 MHz, 0 %, 0 %
2026/03/23 13:25:12.166, 3, 234.84 W, 30, 2032 MHz, 3996 MHz, 0 %, 0 %
2026/03/23 13:25:12.167, 4, 179.27 W, 25, 120 MHz, 3996 MHz, 0 %, 0 %
2026/03/23 13:25:12.167, 5, 180.62 W, 28, 120 MHz, 3996 MHz, 0 %, 0 %
2026/03/23 13:25:12.167, 6, 178.60 W, 26, 120 MHz, 3996 MHz, 0 %, 0 %
2026/03/23 13:25:12.167, 7, 176.58 W, 27, 120 MHz, 3996 MHz, 0 %, 0 %
2026/03/23 13:25:13.167, 0, 229.00 W, 27, 2032 MHz, 3996 MHz, 0 %, 0 %
2026/03/23 13:25:13.167, 1, 233.20 W, 29, 2032 MHz, 3996 MHz, 0 %, 0 %
2026/03/23 13:25:13.167, 2, 233.97 W, 27, 2032 MHz, 3996 MHz, 0 %, 0 %
2026/03/23 13:25:13.167, 3, 234.82 W, 30, 2032 MHz, 3996 MHz, 0 %, 0 %
2026/03/23 13:25:13.167, 4, 179.42 W, 25, 120 MHz, 3996 MHz, 0 %, 0 %
2026/03/23 13:25:13.167, 5, 180.70 W, 28, 120 MHz, 3996 MHz, 0 %, 0 %
2026/03/23 13:25:13.167, 6, 178.60 W, 26, 120 MHz, 3996 MHz, 0 %, 0 %
2026/03/23 13:25:13.167, 7, 176.58 W, 27, 120 MHz, 3996 MHz, 0 %, 0 %
2026/03/23 13:25:14.167, 0, 294.97 W, 28, 2032 MHz, 3996 MHz, 0 %, 0 %
2026/03/23 13:25:14.167, 1, 298.81 W, 30, 2032 MHz, 3996 MHz, 0 %, 0 %
2026/03/23 13:25:14.167, 2, 299.01 W, 27, 2032 MHz, 3996 MHz, 0 %, 0 %
2026/03/23 13:25:14.167, 3, 294.96 W, 30, 2032 MHz, 3996 MHz, 0 %, 0 %
2026/03/23 13:25:14.167, 4, 179.28 W, 25, 120 MHz, 3996 MHz, 0 %, 0 %
2026/03/23 13:25:14.167, 5, 180.62 W, 28, 120 MHz, 3996 MHz, 0 %, 0 %
2026/03/23 13:25:14.167, 6, 178.64 W, 26, 120 MHz, 3996 MHz, 0 %, 0 %
2026/03/23 13:25:14.167, 7, 176.58 W, 27, 120 MHz, 3996 MHz, 0 %, 0 %
2026/03/23 13:25:15.167, 0, 228.55 W, 27, 2032 MHz, 3996 MHz, 0 %, 0 %
2026/03/23 13:25:15.167, 1, 233.16 W, 29, 2032 MHz, 3996 MHz, 0 %, 0 %
2026/03/23 13:25:15.167, 2, 233.93 W, 27, 2032 MHz, 3996 MHz, 0 %, 0 %
2026/03/23 13:25:15.167, 3, 233.98 W, 30, 2032 MHz, 3996 MHz, 0 %, 0 %
2026/03/23 13:25:15.167, 4, 179.39 W, 25, 120 MHz, 3996 MHz, 0 %, 0 %
2026/03/23 13:25:15.167, 5, 180.58 W, 28, 120 MHz, 3996 MHz, 0 %, 0 %
2026/03/23 13:25:15.167, 6, 178.49 W, 26, 120 MHz, 3996 MHz, 0 %, 0 %
2026/03/23 13:25:15.167, 7, 176.58 W, 27, 120 MHz, 3996 MHz, 0 %, 0 %
2026/03/23 13:25:16.167, 0, 228.14 W, 27, 2032 MHz, 3996 MHz, 0 %, 0 %
2026/03/23 13:25:16.167, 1, 233.16 W, 29, 2032 MHz, 3996 MHz, 0 %, 0 %
2026/03/23 13:25:16.167, 2, 233.95 W, 27, 2032 MHz, 3996 MHz, 0 %, 0 %
2026/03/23 13:25:16.167, 3, 233.84 W, 30, 2032 MHz, 3996 MHz, 0 %, 0 %
2026/03/23 13:25:16.167, 4, 179.41 W, 25, 120 MHz, 3996 MHz, 0 %, 0 %
2026/03/23 13:25:16.167, 5, 180.62 W, 28, 120 MHz, 3996 MHz, 0 %, 0 %
2026/03/23 13:25:16.167, 6, 178.56 W, 26, 120 MHz, 3996 MHz, 0 %, 0 %
2026/03/23 13:25:16.167, 7, 176.59 W, 27, 120 MHz, 3996 MHz, 0 %, 0 %
2026/03/23 13:25:17.167, 0, 228.07 W, 27, 2032 MHz, 3996 MHz, 0 %, 0 %
2026/03/23 13:25:17.167, 1, 233.16 W, 29, 2032 MHz, 3996 MHz, 0 %, 0 %
2026/03/23 13:25:17.167, 2, 233.98 W, 27, 2032 MHz, 3996 MHz, 0 %, 0 %
2026/03/23 13:25:17.167, 3, 233.66 W, 30, 2032 MHz, 3996 MHz, 0 %, 0 %
2026/03/23 13:25:17.167, 4, 179.41 W, 25, 120 MHz, 3996 MHz, 0 %, 0 %
2026/03/23 13:25:17.167, 5, 180.58 W, 28, 120 MHz, 3996 MHz, 0 %, 0 %
2026/03/23 13:25:17.167, 6, 178.64 W, 26, 120 MHz, 3996 MHz, 0 %, 0 %
2026/03/23 13:25:17.167, 7, 176.59 W, 27, 120 MHz, 3996 MHz, 0 %, 0 %
2026/03/23 13:25:18.167, 0, 228.88 W, 27, 2032 MHz, 3996 MHz, 0 %, 0 %
2026/03/23 13:25:18.167, 1, 233.20 W, 29, 2032 MHz, 3996 MHz, 0 %, 0 %
2026/03/23 13:25:18.167, 2, 234.06 W, 27, 2032 MHz, 3996 MHz, 0 %, 0 %
2026/03/23 13:25:18.167, 3, 234.24 W, 30, 2032 MHz, 3996 MHz, 0 %, 0 %
2026/03/23 13:25:18.167, 4, 179.39 W, 25, 120 MHz, 3996 MHz, 0 %, 0 %
2026/03/23 13:25:18.167, 5, 180.58 W, 28, 120 MHz, 3996 MHz, 0 %, 0 %
2026/03/23 13:25:18.167, 6, 178.60 W, 26, 120 MHz, 3996 MHz, 0 %, 0 %
2026/03/23 13:25:18.168, 7, 176.58 W, 27, 120 MHz, 3996 MHz, 0 %, 0 %
2026/03/23 13:25:19.168, 0, 232.68 W, 27, 2032 MHz, 3996 MHz, 0 %, 0 %
2026/03/23 13:25:19.168, 1, 237.94 W, 29, 2032 MHz, 3996 MHz, 0 %, 0 %
2026/03/23 13:25:19.168, 2, 239.03 W, 27, 2032 MHz, 3996 MHz, 0 %, 0 %
2026/03/23 13:25:19.168, 3, 238.50 W, 30, 2032 MHz, 3996 MHz, 0 %, 0 %
2026/03/23 13:25:19.168, 4, 179.36 W, 25, 120 MHz, 3996 MHz, 0 %, 0 %
2026/03/23 13:25:19.168, 5, 180.58 W, 28, 120 MHz, 3996 MHz, 0 %, 0 %
2026/03/23 13:25:19.168, 6, 178.52 W, 26, 120 MHz, 3996 MHz, 0 %, 0 %
2026/03/23 13:25:19.168, 7, 176.58 W, 27, 120 MHz, 3996 MHz, 0 %, 0 %
2026/03/23 13:25:20.168, 0, 228.11 W, 27, 2032 MHz, 3996 MHz, 0 %, 0 %
2026/03/23 13:25:20.168, 1, 233.16 W, 29, 2032 MHz, 3996 MHz, 0 %, 0 %
2026/03/23 13:25:20.168, 2, 233.97 W, 27, 2032 MHz, 3996 MHz, 0 %, 0 %
2026/03/23 13:25:20.168, 3, 233.71 W, 30, 2032 MHz, 3996 MHz, 0 %, 0 %
2026/03/23 13:25:20.168, 4, 179.37 W, 25, 120 MHz, 3996 MHz, 0 %, 0 %
2026/03/23 13:25:20.168, 5, 180.58 W, 28, 120 MHz, 3996 MHz, 0 %, 0 %
2026/03/23 13:25:20.168, 6, 178.45 W, 26, 120 MHz, 3996 MHz, 0 %, 0 %
2026/03/23 13:25:20.168, 7, 176.58 W, 27, 120 MHz, 3996 MHz, 0 %, 0 %
2026/03/23 13:25:21.168, 0, 241.81 W, 28, 2032 MHz, 3996 MHz, 0 %, 0 %
2026/03/23 13:25:21.168, 1, 233.14 W, 29, 2032 MHz, 3996 MHz, 0 %, 0 %
2026/03/23 13:25:21.168, 2, 233.98 W, 27, 2032 MHz, 3996 MHz, 0 %, 0 %
2026/03/23 13:25:21.168, 3, 234.76 W, 30, 2032 MHz, 3996 MHz, 0 %, 0 %
2026/03/23 13:25:21.168, 4, 179.56 W, 25, 120 MHz, 3996 MHz, 0 %, 0 %
2026/03/23 13:25:21.168, 5, 180.66 W, 28, 120 MHz, 3996 MHz, 0 %, 0 %
2026/03/23 13:25:21.168, 6, 178.64 W, 26, 120 MHz, 3996 MHz, 0 %, 0 %
2026/03/23 13:25:21.168, 7, 176.58 W, 27, 120 MHz, 3996 MHz, 0 %, 0 %
2026/03/23 13:25:22.168, 0, 345.74 W, 28, 2032 MHz, 3996 MHz, 0 %, 0 %
2026/03/23 13:25:22.168, 1, 363.85 W, 30, 2032 MHz, 3996 MHz, 0 %, 0 %
2026/03/23 13:25:22.168, 2, 366.69 W, 28, 2032 MHz, 3996 MHz, 0 %, 0 %
2026/03/23 13:25:22.168, 3, 362.24 W, 30, 2032 MHz, 3996 MHz, 0 %, 0 %
2026/03/23 13:25:22.168, 4, 179.41 W, 25, 120 MHz, 3996 MHz, 0 %, 0 %
2026/03/23 13:25:22.168, 5, 180.58 W, 28, 120 MHz, 3996 MHz, 0 %, 0 %
2026/03/23 13:25:22.168, 6, 178.56 W, 26, 120 MHz, 3996 MHz, 0 %, 0 %
2026/03/23 13:25:22.168, 7, 176.58 W, 27, 120 MHz, 3996 MHz, 0 %, 0 %
2026/03/23 13:25:23.168, 0, 229.57 W, 27, 2032 MHz, 3996 MHz, 0 %, 0 %
2026/03/23 13:25:23.168, 1, 233.81 W, 29, 2032 MHz, 3996 MHz, 0 %, 0 %
2026/03/23 13:25:23.168, 2, 233.93 W, 27, 2032 MHz, 3996 MHz, 0 %, 0 %
2026/03/23 13:25:23.168, 3, 235.15 W, 30, 2032 MHz, 3996 MHz, 0 %, 0 %
2026/03/23 13:25:23.168, 4, 179.53 W, 25, 120 MHz, 3996 MHz, 0 %, 0 %
2026/03/23 13:25:23.168, 5, 180.58 W, 28, 120 MHz, 3996 MHz, 0 %, 0 %
2026/03/23 13:25:23.168, 6, 178.56 W, 26, 120 MHz, 3996 MHz, 0 %, 0 %
2026/03/23 13:25:23.168, 7, 176.58 W, 27, 120 MHz, 3996 MHz, 0 %, 0 %
2026/03/23 13:25:24.168, 0, 229.65 W, 27, 2032 MHz, 3996 MHz, 0 %, 0 %
2026/03/23 13:25:24.168, 1, 233.89 W, 29, 2032 MHz, 3996 MHz, 0 %, 0 %
2026/03/23 13:25:24.168, 2, 234.01 W, 27, 2032 MHz, 3996 MHz, 0 %, 0 %
2026/03/23 13:25:24.168, 3, 235.11 W, 30, 2032 MHz, 3996 MHz, 0 %, 0 %
2026/03/23 13:25:24.168, 4, 179.21 W, 25, 120 MHz, 3996 MHz, 0 %, 0 %
2026/03/23 13:25:24.168, 5, 180.58 W, 28, 120 MHz, 3996 MHz, 0 %, 0 %
2026/03/23 13:25:24.168, 6, 178.64 W, 26, 120 MHz, 3996 MHz, 0 %, 0 %
2026/03/23 13:25:24.168, 7, 176.58 W, 27, 120 MHz, 3996 MHz, 0 %, 0 %
2026/03/23 13:25:25.169, 0, 228.79 W, 27, 2032 MHz, 3996 MHz, 0 %, 0 %
2026/03/23 13:25:25.169, 1, 233.24 W, 29, 2032 MHz, 3996 MHz, 0 %, 0 %
2026/03/23 13:25:25.169, 2, 233.89 W, 27, 2032 MHz, 3996 MHz, 0 %, 0 %
2026/03/23 13:25:25.169, 3, 235.12 W, 30, 2032 MHz, 3996 MHz, 0 %, 0 %
2026/03/23 13:25:25.169, 4, 179.57 W, 25, 120 MHz, 3996 MHz, 0 %, 0 %
2026/03/23 13:25:25.169, 5, 180.62 W, 28, 120 MHz, 3996 MHz, 0 %, 0 %
2026/03/23 13:25:25.169, 6, 178.64 W, 26, 120 MHz, 3996 MHz, 0 %, 0 %
2026/03/23 13:25:25.169, 7, 176.58 W, 27, 120 MHz, 3996 MHz, 0 %, 0 %
2026/03/23 13:25:26.169, 0, 228.53 W, 27, 2032 MHz, 3996 MHz, 0 %, 0 %
2026/03/23 13:25:26.169, 1, 233.16 W, 29, 2032 MHz, 3996 MHz, 0 %, 0 %
2026/03/23 13:25:26.169, 2, 233.95 W, 27, 2032 MHz, 3996 MHz, 0 %, 0 %
2026/03/23 13:25:26.169, 3, 235.01 W, 30, 2032 MHz, 3996 MHz, 0 %, 0 %
2026/03/23 13:25:26.169, 4, 179.43 W, 25, 120 MHz, 3996 MHz, 0 %, 0 %
2026/03/23 13:25:26.169, 5, 180.62 W, 28, 120 MHz, 3996 MHz, 0 %, 0 %
2026/03/23 13:25:26.169, 6, 178.60 W, 26, 120 MHz, 3996 MHz, 0 %, 0 %
2026/03/23 13:25:26.169, 7, 176.58 W, 27, 120 MHz, 3996 MHz, 0 %, 0 %
2026/03/23 13:25:27.169, 0, 228.11 W, 27, 2032 MHz, 3996 MHz, 0 %, 0 %
2026/03/23 13:25:27.169, 1, 233.16 W, 29, 2032 MHz, 3996 MHz, 0 %, 0 %
2026/03/23 13:25:27.169, 2, 233.95 W, 27, 2032 MHz, 3996 MHz, 0 %, 0 %
2026/03/23 13:25:27.169, 3, 234.83 W, 30, 2032 MHz, 3996 MHz, 0 %, 0 %
2026/03/23 13:25:27.169, 4, 179.53 W, 25, 120 MHz, 3996 MHz, 0 %, 0 %
2026/03/23 13:25:27.169, 5, 180.58 W, 28, 120 MHz, 3996 MHz, 0 %, 0 %
2026/03/23 13:25:27.169, 6, 178.64 W, 26, 120 MHz, 3996 MHz, 0 %, 0 %
2026/03/23 13:25:27.169, 7, 176.58 W, 27, 120 MHz, 3996 MHz, 0 %, 0 %
2026/03/23 13:25:28.169, 0, 228.11 W, 27, 2032 MHz, 3996 MHz, 0 %, 0 %
2026/03/23 13:25:28.169, 1, 233.16 W, 29, 2032 MHz, 3996 MHz, 0 %, 0 %
2026/03/23 13:25:28.169, 2, 233.97 W, 27, 2032 MHz, 3996 MHz, 0 %, 0 %
2026/03/23 13:25:28.169, 3, 234.87 W, 30, 2032 MHz, 3996 MHz, 0 %, 0 %
2026/03/23 13:25:28.169, 4, 179.40 W, 25, 120 MHz, 3996 MHz, 0 %, 0 %
2026/03/23 13:25:28.169, 5, 180.58 W, 28, 120 MHz, 3996 MHz, 0 %, 0 %
2026/03/23 13:25:28.169, 6, 178.52 W, 26, 120 MHz, 3996 MHz, 0 %, 0 %
2026/03/23 13:25:28.169, 7, 176.58 W, 27, 120 MHz, 3996 MHz, 0 %, 0 %
2026/03/23 13:25:29.169, 0, 228.22 W, 27, 2032 MHz, 3996 MHz, 0 %, 0 %
2026/03/23 13:25:29.169, 1, 233.16 W, 29, 2032 MHz, 3996 MHz, 0 %, 0 %
2026/03/23 13:25:29.169, 2, 234.01 W, 27, 2032 MHz, 3996 MHz, 0 %, 0 %
2026/03/23 13:25:29.169, 3, 234.97 W, 30, 2032 MHz, 3996 MHz, 0 %, 0 %
2026/03/23 13:25:29.169, 4, 179.33 W, 25, 120 MHz, 3996 MHz, 0 %, 0 %
2026/03/23 13:25:29.169, 5, 180.58 W, 28, 120 MHz, 3996 MHz, 0 %, 0 %
2026/03/23 13:25:29.169, 6, 178.49 W, 26, 120 MHz, 3996 MHz, 0 %, 0 %
2026/03/23 13:25:29.169, 7, 176.58 W, 27, 120 MHz, 3996 MHz, 0 %, 0 %
2026/03/23 13:25:30.169, 0, 228.15 W, 27, 2032 MHz, 3996 MHz, 0 %, 0 %
2026/03/23 13:25:30.169, 1, 233.16 W, 29, 2032 MHz, 3996 MHz, 0 %, 0 %
2026/03/23 13:25:30.169, 2, 233.98 W, 27, 2032 MHz, 3996 MHz, 0 %, 0 %
2026/03/23 13:25:30.169, 3, 234.79 W, 30, 2032 MHz, 3996 MHz, 0 %, 0 %
2026/03/23 13:25:30.169, 4, 179.50 W, 25, 120 MHz, 3996 MHz, 0 %, 0 %
2026/03/23 13:25:30.169, 5, 180.58 W, 28, 120 MHz, 3996 MHz, 0 %, 0 %
2026/03/23 13:25:30.169, 6, 178.56 W, 26, 120 MHz, 3996 MHz, 0 %, 0 %
2026/03/23 13:25:30.169, 7, 176.58 W, 27, 120 MHz, 3996 MHz, 0 %, 0 %
2026/03/23 13:25:31.170, 0, 228.65 W, 27, 2032 MHz, 3996 MHz, 0 %, 0 %
2026/03/23 13:25:31.170, 1, 233.24 W, 29, 2032 MHz, 3996 MHz, 0 %, 0 %
2026/03/23 13:25:31.170, 2, 233.96 W, 27, 2032 MHz, 3996 MHz, 0 %, 0 %
2026/03/23 13:25:31.170, 3, 234.86 W, 30, 2032 MHz, 3996 MHz, 0 %, 0 %
2026/03/23 13:25:31.170, 4, 179.26 W, 25, 120 MHz, 3996 MHz, 0 %, 0 %
2026/03/23 13:25:31.170, 5, 180.58 W, 28, 120 MHz, 3996 MHz, 0 %, 0 %
2026/03/23 13:25:31.170, 6, 178.64 W, 26, 120 MHz, 3996 MHz, 0 %, 0 %
2026/03/23 13:25:31.170, 7, 176.58 W, 27, 120 MHz, 3996 MHz, 0 %, 0 %
2026/03/23 13:25:32.170, 0, 228.46 W, 27, 2032 MHz, 3996 MHz, 0 %, 0 %
2026/03/23 13:25:32.170, 1, 233.16 W, 29, 2032 MHz, 3996 MHz, 0 %, 0 %
2026/03/23 13:25:32.170, 2, 233.99 W, 27, 2032 MHz, 3996 MHz, 0 %, 0 %
2026/03/23 13:25:32.170, 3, 234.77 W, 30, 2032 MHz, 3996 MHz, 0 %, 0 %
2026/03/23 13:25:32.170, 4, 179.47 W, 25, 120 MHz, 3996 MHz, 0 %, 0 %
2026/03/23 13:25:32.170, 5, 180.58 W, 28, 120 MHz, 3996 MHz, 0 %, 0 %
2026/03/23 13:25:32.170, 6, 178.53 W, 26, 120 MHz, 3996 MHz, 0 %, 0 %
2026/03/23 13:25:32.170, 7, 176.58 W, 27, 120 MHz, 3996 MHz, 0 %, 0 %
2026/03/23 13:25:33.170, 0, 232.46 W, 27, 2032 MHz, 3996 MHz, 3 %, 1 %
2026/03/23 13:25:33.170, 1, 237.17 W, 29, 2032 MHz, 3996 MHz, 6 %, 2 %
2026/03/23 13:25:33.170, 2, 237.44 W, 27, 2032 MHz, 3996 MHz, 5 %, 1 %
2026/03/23 13:25:33.170, 3, 238.09 W, 30, 2032 MHz, 3996 MHz, 5 %, 1 %
2026/03/23 13:25:33.170, 4, 179.36 W, 25, 120 MHz, 3996 MHz, 0 %, 0 %
2026/03/23 13:25:33.170, 5, 180.62 W, 28, 120 MHz, 3996 MHz, 0 %, 0 %
2026/03/23 13:25:33.170, 6, 178.60 W, 26, 120 MHz, 3996 MHz, 0 %, 0 %
2026/03/23 13:25:33.170, 7, 176.58 W, 27, 120 MHz, 3996 MHz, 0 %, 0 %
2026/03/23 13:25:34.170, 0, 233.88 W, 27, 2032 MHz, 3996 MHz, 10 %, 9 %
2026/03/23 13:25:34.170, 1, 238.06 W, 29, 2032 MHz, 3996 MHz, 0 %, 0 %
2026/03/23 13:25:34.170, 2, 238.05 W, 27, 2032 MHz, 3996 MHz, 0 %, 0 %
2026/03/23 13:25:34.170, 3, 237.84 W, 30, 2032 MHz, 3996 MHz, 0 %, 0 %
2026/03/23 13:25:34.170, 4, 179.53 W, 25, 120 MHz, 3996 MHz, 0 %, 0 %
2026/03/23 13:25:34.170, 5, 180.62 W, 28, 120 MHz, 3996 MHz, 0 %, 0 %
2026/03/23 13:25:34.170, 6, 178.60 W, 26, 120 MHz, 3996 MHz, 0 %, 0 %
2026/03/23 13:25:34.170, 7, 176.58 W, 27, 120 MHz, 3996 MHz, 0 %, 0 %
2026/03/23 13:25:35.170, 0, 230.28 W, 27, 2032 MHz, 3996 MHz, 0 %, 0 %
2026/03/23 13:25:35.170, 1, 235.11 W, 29, 2032 MHz, 3996 MHz, 0 %, 0 %
2026/03/23 13:25:35.170, 2, 235.99 W, 27, 2032 MHz, 3996 MHz, 0 %, 0 %
2026/03/23 13:25:35.170, 3, 236.88 W, 30, 2032 MHz, 3996 MHz, 0 %, 0 %
2026/03/23 13:25:35.170, 4, 179.48 W, 25, 120 MHz, 3996 MHz, 0 %, 0 %
2026/03/23 13:25:35.170, 5, 180.58 W, 28, 120 MHz, 3996 MHz, 0 %, 0 %
2026/03/23 13:25:35.170, 6, 178.56 W, 26, 120 MHz, 3996 MHz, 0 %, 0 %
2026/03/23 13:25:35.170, 7, 176.58 W, 27, 120 MHz, 3996 MHz, 0 %, 0 %
2026/03/23 13:25:36.170, 0, 235.71 W, 28, 2032 MHz, 3996 MHz, 0 %, 0 %
2026/03/23 13:25:36.170, 1, 233.35 W, 29, 2032 MHz, 3996 MHz, 0 %, 0 %
2026/03/23 13:25:36.170, 2, 233.99 W, 27, 2032 MHz, 3996 MHz, 0 %, 0 %
2026/03/23 13:25:36.170, 3, 234.92 W, 30, 2032 MHz, 3996 MHz, 0 %, 0 %
2026/03/23 13:25:36.170, 4, 179.62 W, 25, 120 MHz, 3996 MHz, 0 %, 0 %
2026/03/23 13:25:36.170, 5, 180.58 W, 28, 120 MHz, 3996 MHz, 0 %, 0 %
2026/03/23 13:25:36.170, 6, 178.57 W, 26, 120 MHz, 3996 MHz, 0 %, 0 %
2026/03/23 13:25:36.170, 7, 176.58 W, 27, 120 MHz, 3996 MHz, 0 %, 0 %
2026/03/23 13:25:37.171, 0, 658.22 W, 35, 2032 MHz, 3996 MHz, 100 %, 0 %
2026/03/23 13:25:37.171, 1, 633.41 W, 35, 2032 MHz, 3996 MHz, 100 %, 6 %
2026/03/23 13:25:37.171, 2, 642.25 W, 32, 2032 MHz, 3996 MHz, 100 %, 3 %
2026/03/23 13:25:37.171, 3, 638.25 W, 36, 2032 MHz, 3996 MHz, 100 %, 0 %
2026/03/23 13:25:37.171, 4, 179.17 W, 25, 120 MHz, 3996 MHz, 0 %, 0 %
2026/03/23 13:25:37.171, 5, 180.70 W, 28, 120 MHz, 3996 MHz, 0 %, 0 %
2026/03/23 13:25:37.171, 6, 178.56 W, 26, 120 MHz, 3996 MHz, 0 %, 0 %
2026/03/23 13:25:37.171, 7, 176.58 W, 27, 120 MHz, 3996 MHz, 0 %, 0 %
2026/03/23 13:25:38.171, 0, 418.22 W, 29, 2032 MHz, 3996 MHz, 100 %, 0 %
2026/03/23 13:25:38.171, 1, 451.00 W, 31, 2032 MHz, 3996 MHz, 100 %, 0 %
2026/03/23 13:25:38.171, 2, 455.63 W, 29, 2032 MHz, 3996 MHz, 100 %, 0 %
2026/03/23 13:25:38.171, 3, 458.56 W, 32, 2032 MHz, 3996 MHz, 100 %, 0 %
2026/03/23 13:25:38.171, 4, 179.55 W, 25, 120 MHz, 3996 MHz, 0 %, 0 %
2026/03/23 13:25:38.171, 5, 180.66 W, 28, 120 MHz, 3996 MHz, 0 %, 0 %
2026/03/23 13:25:38.171, 6, 178.49 W, 26, 120 MHz, 3996 MHz, 0 %, 0 %
2026/03/23 13:25:38.171, 7, 176.58 W, 27, 120 MHz, 3996 MHz, 0 %, 0 %
2026/03/23 13:25:39.171, 0, 270.33 W, 28, 2032 MHz, 3996 MHz, 100 %, 0 %
2026/03/23 13:25:39.171, 1, 277.05 W, 30, 2032 MHz, 3996 MHz, 100 %, 0 %
2026/03/23 13:25:39.171, 2, 275.96 W, 28, 2032 MHz, 3996 MHz, 100 %, 0 %
2026/03/23 13:25:39.171, 3, 277.62 W, 31, 2032 MHz, 3996 MHz, 100 %, 0 %
2026/03/23 13:25:39.171, 4, 179.52 W, 25, 120 MHz, 3996 MHz, 0 %, 0 %
2026/03/23 13:25:39.171, 5, 180.74 W, 28, 120 MHz, 3996 MHz, 0 %, 0 %
2026/03/23 13:25:39.171, 6, 178.60 W, 26, 120 MHz, 3996 MHz, 0 %, 0 %
2026/03/23 13:25:39.171, 7, 176.58 W, 27, 120 MHz, 3996 MHz, 0 %, 0 %
2026/03/23 13:25:40.171, 0, 229.79 W, 28, 2032 MHz, 3996 MHz, 9 %, 0 %
2026/03/23 13:25:40.171, 1, 234.31 W, 30, 2032 MHz, 3996 MHz, 13 %, 0 %
2026/03/23 13:25:40.171, 2, 234.87 W, 28, 2032 MHz, 3996 MHz, 6 %, 0 %
2026/03/23 13:25:40.171, 3, 235.46 W, 30, 2032 MHz, 3996 MHz, 6 %, 0 %
2026/03/23 13:25:40.171, 4, 179.60 W, 25, 120 MHz, 3996 MHz, 0 %, 0 %
2026/03/23 13:25:40.171, 5, 180.66 W, 28, 120 MHz, 3996 MHz, 0 %, 0 %
2026/03/23 13:25:40.171, 6, 178.64 W, 26, 120 MHz, 3996 MHz, 0 %, 0 %
2026/03/23 13:25:40.171, 7, 176.58 W, 27, 120 MHz, 3996 MHz, 0 %, 0 %
2026/03/23 13:25:41.171, 0, 232.72 W, 28, 2032 MHz, 3996 MHz, 12 %, 0 %
2026/03/23 13:25:41.171, 1, 237.67 W, 30, 2032 MHz, 3996 MHz, 10 %, 0 %
2026/03/23 13:25:41.171, 2, 237.98 W, 28, 2032 MHz, 3996 MHz, 10 %, 0 %
2026/03/23 13:25:41.171, 3, 238.54 W, 30, 2032 MHz, 3996 MHz, 12 %, 0 %
2026/03/23 13:25:41.171, 4, 179.24 W, 25, 120 MHz, 3996 MHz, 0 %, 0 %
2026/03/23 13:25:41.171, 5, 180.66 W, 28, 120 MHz, 3996 MHz, 0 %, 0 %
2026/03/23 13:25:41.171, 6, 178.64 W, 26, 120 MHz, 3996 MHz, 0 %, 0 %
2026/03/23 13:25:41.171, 7, 176.58 W, 27, 120 MHz, 3996 MHz, 0 %, 0 %
2026/03/23 13:25:42.171, 0, 232.87 W, 28, 2032 MHz, 3996 MHz, 10 %, 0 %
2026/03/23 13:25:42.171, 1, 237.55 W, 30, 2032 MHz, 3996 MHz, 5 %, 0 %
2026/03/23 13:25:42.171, 2, 238.21 W, 27, 2032 MHz, 3996 MHz, 6 %, 0 %
2026/03/23 13:25:42.171, 3, 238.21 W, 30, 2032 MHz, 3996 MHz, 7 %, 0 %
2026/03/23 13:25:42.171, 4, 179.51 W, 25, 120 MHz, 3996 MHz, 0 %, 0 %
2026/03/23 13:25:42.171, 5, 180.58 W, 28, 120 MHz, 3996 MHz, 0 %, 0 %
2026/03/23 13:25:42.171, 6, 178.56 W, 26, 120 MHz, 3996 MHz, 0 %, 0 %
2026/03/23 13:25:42.171, 7, 176.58 W, 27, 120 MHz, 3996 MHz, 0 %, 0 %
2026/03/23 13:25:43.171, 0, 238.09 W, 28, 2032 MHz, 3996 MHz, 13 %, 1 %
2026/03/23 13:25:43.171, 1, 241.58 W, 30, 2032 MHz, 3996 MHz, 4 %, 0 %
2026/03/23 13:25:43.171, 2, 242.36 W, 28, 2032 MHz, 3996 MHz, 6 %, 1 %
2026/03/23 13:25:43.171, 3, 242.06 W, 30, 2032 MHz, 3996 MHz, 7 %, 1 %
2026/03/23 13:25:43.171, 4, 179.32 W, 25, 120 MHz, 3996 MHz, 0 %, 0 %
2026/03/23 13:25:43.171, 5, 180.62 W, 28, 120 MHz, 3996 MHz, 0 %, 0 %
2026/03/23 13:25:43.171, 6, 178.64 W, 26, 120 MHz, 3996 MHz, 0 %, 0 %
2026/03/23 13:25:43.171, 7, 176.58 W, 27, 120 MHz, 3996 MHz, 0 %, 0 %
2026/03/23 13:25:44.172, 0, 244.31 W, 28, 2032 MHz, 3996 MHz, 9 %, 1 %
2026/03/23 13:25:44.172, 1, 250.03 W, 30, 2032 MHz, 3996 MHz, 15 %, 1 %
2026/03/23 13:25:44.172, 2, 250.92 W, 28, 2032 MHz, 3996 MHz, 12 %, 1 %
2026/03/23 13:25:44.172, 3, 250.85 W, 30, 2032 MHz, 3996 MHz, 9 %, 1 %
2026/03/23 13:25:44.172, 4, 179.51 W, 25, 120 MHz, 3996 MHz, 0 %, 0 %
2026/03/23 13:25:44.172, 5, 180.58 W, 28, 120 MHz, 3996 MHz, 0 %, 0 %
2026/03/23 13:25:44.172, 6, 178.60 W, 26, 120 MHz, 3996 MHz, 0 %, 0 %
2026/03/23 13:25:44.172, 7, 176.58 W, 27, 120 MHz, 3996 MHz, 0 %, 0 %
2026/03/23 13:25:45.172, 0, 248.92 W, 28, 2032 MHz, 3996 MHz, 17 %, 1 %
2026/03/23 13:25:45.172, 1, 251.84 W, 30, 2032 MHz, 3996 MHz, 17 %, 2 %
2026/03/23 13:25:45.172, 2, 252.22 W, 28, 2032 MHz, 3996 MHz, 16 %, 1 %
2026/03/23 13:25:45.172, 3, 251.38 W, 30, 2032 MHz, 3996 MHz, 16 %, 1 %
2026/03/23 13:25:45.172, 4, 179.36 W, 25, 120 MHz, 3996 MHz, 0 %, 0 %
2026/03/23 13:25:45.172, 5, 180.58 W, 28, 120 MHz, 3996 MHz, 0 %, 0 %
2026/03/23 13:25:45.172, 6, 178.64 W, 26, 120 MHz, 3996 MHz, 0 %, 0 %
2026/03/23 13:25:45.172, 7, 176.58 W, 27, 120 MHz, 3996 MHz, 0 %, 0 %
2026/03/23 13:25:46.172, 0, 268.95 W, 28, 2032 MHz, 3996 MHz, 18 %, 6 %
2026/03/23 13:25:46.172, 1, 275.40 W, 30, 2032 MHz, 3996 MHz, 18 %, 6 %
2026/03/23 13:25:46.172, 2, 274.84 W, 28, 2032 MHz, 3996 MHz, 18 %, 6 %
2026/03/23 13:25:46.172, 3, 272.10 W, 31, 2032 MHz, 3996 MHz, 19 %, 6 %
2026/03/23 13:25:46.172, 4, 179.70 W, 25, 120 MHz, 3996 MHz, 0 %, 0 %
2026/03/23 13:25:46.172, 5, 180.66 W, 28, 120 MHz, 3996 MHz, 0 %, 0 %
2026/03/23 13:25:46.172, 6, 178.64 W, 26, 120 MHz, 3996 MHz, 0 %, 0 %
2026/03/23 13:25:46.172, 7, 176.58 W, 27, 120 MHz, 3996 MHz, 0 %, 0 %
2026/03/23 13:25:47.172, 0, 271.82 W, 28, 2032 MHz, 3996 MHz, 20 %, 6 %
2026/03/23 13:25:47.172, 1, 277.22 W, 30, 2032 MHz, 3996 MHz, 20 %, 7 %
2026/03/23 13:25:47.172, 2, 277.80 W, 28, 2032 MHz, 3996 MHz, 20 %, 7 %
2026/03/23 13:25:47.172, 3, 277.20 W, 31, 2032 MHz, 3996 MHz, 19 %, 6 %
2026/03/23 13:25:47.172, 4, 179.64 W, 25, 120 MHz, 3996 MHz, 0 %, 0 %
2026/03/23 13:25:47.172, 5, 180.62 W, 28, 120 MHz, 3996 MHz, 0 %, 0 %
2026/03/23 13:25:47.172, 6, 178.60 W, 26, 120 MHz, 3996 MHz, 0 %, 0 %
2026/03/23 13:25:47.172, 7, 176.58 W, 27, 120 MHz, 3996 MHz, 0 %, 0 %
2026/03/23 13:25:48.172, 0, 283.14 W, 29, 2032 MHz, 3996 MHz, 21 %, 9 %
2026/03/23 13:25:48.172, 1, 288.40 W, 30, 2032 MHz, 3996 MHz, 8 %, 3 %
2026/03/23 13:25:48.172, 2, 286.21 W, 28, 2032 MHz, 3996 MHz, 11 %, 4 %
2026/03/23 13:25:48.172, 3, 284.23 W, 31, 2032 MHz, 3996 MHz, 13 %, 6 %
2026/03/23 13:25:48.172, 4, 179.51 W, 25, 120 MHz, 3996 MHz, 0 %, 0 %
2026/03/23 13:25:48.172, 5, 180.78 W, 28, 120 MHz, 3996 MHz, 0 %, 0 %
2026/03/23 13:25:48.172, 6, 178.64 W, 26, 120 MHz, 3996 MHz, 0 %, 0 %
2026/03/23 13:25:48.172, 7, 176.58 W, 27, 120 MHz, 3996 MHz, 0 %, 0 %
2026/03/23 13:25:49.172, 0, 298.53 W, 28, 2032 MHz, 3996 MHz, 16 %, 6 %
2026/03/23 13:25:49.172, 1, 304.72 W, 30, 2032 MHz, 3996 MHz, 24 %, 10 %
2026/03/23 13:25:49.172, 2, 305.20 W, 28, 2032 MHz, 3996 MHz, 20 %, 8 %
2026/03/23 13:25:49.172, 3, 304.69 W, 31, 2032 MHz, 3996 MHz, 16 %, 7 %
2026/03/23 13:25:49.172, 4, 179.69 W, 25, 120 MHz, 3996 MHz, 0 %, 0 %
2026/03/23 13:25:49.172, 5, 180.70 W, 28, 120 MHz, 3996 MHz, 0 %, 0 %
2026/03/23 13:25:49.172, 6, 178.64 W, 26, 120 MHz, 3996 MHz, 0 %, 0 %
2026/03/23 13:25:49.172, 7, 176.58 W, 27, 120 MHz, 3996 MHz, 0 %, 0 %
2026/03/23 13:25:50.172, 0, 306.20 W, 29, 2032 MHz, 3996 MHz, 25 %, 10 %
2026/03/23 13:25:50.172, 1, 307.30 W, 31, 2032 MHz, 3996 MHz, 26 %, 10 %
2026/03/23 13:25:50.172, 2, 308.33 W, 28, 2032 MHz, 3996 MHz, 26 %, 10 %
2026/03/23 13:25:50.172, 3, 304.52 W, 31, 2032 MHz, 3996 MHz, 23 %, 9 %
2026/03/23 13:25:50.172, 4, 179.53 W, 25, 120 MHz, 3996 MHz, 0 %, 0 %
2026/03/23 13:25:50.172, 5, 180.66 W, 28, 120 MHz, 3996 MHz, 0 %, 0 %
2026/03/23 13:25:50.173, 6, 178.52 W, 26, 120 MHz, 3996 MHz, 0 %, 0 %
2026/03/23 13:25:50.173, 7, 176.58 W, 27, 120 MHz, 3996 MHz, 0 %, 0 %
2026/03/23 13:25:51.173, 0, 327.59 W, 29, 2032 MHz, 3996 MHz, 31 %, 15 %
2026/03/23 13:25:51.173, 1, 332.70 W, 31, 2032 MHz, 3996 MHz, 31 %, 15 %
2026/03/23 13:25:51.173, 2, 332.57 W, 29, 2032 MHz, 3996 MHz, 30 %, 15 %
2026/03/23 13:25:51.173, 3, 324.73 W, 32, 2032 MHz, 3996 MHz, 30 %, 14 %
2026/03/23 13:25:51.173, 4, 179.61 W, 25, 120 MHz, 3996 MHz, 0 %, 0 %
2026/03/23 13:25:51.173, 5, 180.66 W, 28, 120 MHz, 3996 MHz, 0 %, 0 %
2026/03/23 13:25:51.173, 6, 178.60 W, 26, 120 MHz, 3996 MHz, 0 %, 0 %
2026/03/23 13:25:51.173, 7, 176.58 W, 27, 120 MHz, 3996 MHz, 0 %, 0 %
2026/03/23 13:25:52.173, 0, 330.61 W, 29, 2032 MHz, 3996 MHz, 30 %, 14 %
2026/03/23 13:25:52.173, 1, 330.60 W, 31, 2032 MHz, 3996 MHz, 30 %, 15 %
2026/03/23 13:25:52.173, 2, 333.50 W, 29, 2032 MHz, 3996 MHz, 29 %, 14 %
2026/03/23 13:25:52.173, 3, 330.96 W, 32, 2032 MHz, 3996 MHz, 29 %, 14 %
2026/03/23 13:25:52.173, 4, 179.70 W, 25, 120 MHz, 3996 MHz, 0 %, 0 %
2026/03/23 13:25:52.173, 5, 180.70 W, 28, 120 MHz, 3996 MHz, 0 %, 0 %
2026/03/23 13:25:52.173, 6, 178.64 W, 26, 120 MHz, 3996 MHz, 0 %, 0 %
2026/03/23 13:25:52.173, 7, 176.58 W, 27, 120 MHz, 3996 MHz, 0 %, 0 %
2026/03/23 13:25:53.173, 0, 325.02 W, 29, 2032 MHz, 3996 MHz, 29 %, 14 %
2026/03/23 13:25:53.173, 1, 329.96 W, 31, 2032 MHz, 3996 MHz, 9 %, 4 %
2026/03/23 13:25:53.173, 2, 328.93 W, 29, 2032 MHz, 3996 MHz, 16 %, 7 %
2026/03/23 13:25:53.173, 3, 329.94 W, 32, 2032 MHz, 3996 MHz, 19 %, 9 %
2026/03/23 13:25:53.173, 4, 179.46 W, 25, 120 MHz, 3996 MHz, 0 %, 0 %
2026/03/23 13:25:53.173, 5, 180.66 W, 28, 120 MHz, 3996 MHz, 0 %, 0 %
2026/03/23 13:25:53.173, 6, 178.64 W, 26, 120 MHz, 3996 MHz, 0 %, 0 %
2026/03/23 13:25:53.173, 7, 176.58 W, 27, 120 MHz, 3996 MHz, 0 %, 0 %
2026/03/23 13:25:54.173, 0, 344.42 W, 29, 2032 MHz, 3996 MHz, 26 %, 11 %
2026/03/23 13:25:54.173, 1, 356.75 W, 31, 2032 MHz, 3996 MHz, 37 %, 17 %
2026/03/23 13:25:54.173, 2, 358.53 W, 29, 2032 MHz, 3996 MHz, 33 %, 15 %
2026/03/23 13:25:54.173, 3, 351.69 W, 32, 2032 MHz, 3996 MHz, 27 %, 13 %
2026/03/23 13:25:54.173, 4, 179.54 W, 25, 120 MHz, 3996 MHz, 0 %, 0 %
2026/03/23 13:25:54.173, 5, 180.66 W, 28, 120 MHz, 3996 MHz, 0 %, 0 %
2026/03/23 13:25:54.173, 6, 178.64 W, 26, 120 MHz, 3996 MHz, 0 %, 0 %
2026/03/23 13:25:54.173, 7, 176.58 W, 27, 120 MHz, 3996 MHz, 0 %, 0 %
2026/03/23 13:25:55.173, 0, 354.33 W, 30, 2032 MHz, 3996 MHz, 33 %, 15 %
2026/03/23 13:25:55.173, 1, 354.64 W, 32, 2032 MHz, 3996 MHz, 35 %, 16 %
2026/03/23 13:25:55.173, 2, 354.49 W, 29, 2032 MHz, 3996 MHz, 34 %, 15 %
2026/03/23 13:25:55.173, 3, 354.39 W, 32, 2032 MHz, 3996 MHz, 36 %, 16 %
2026/03/23 13:25:55.173, 4, 179.66 W, 25, 120 MHz, 3996 MHz, 0 %, 0 %
2026/03/23 13:25:55.173, 5, 180.58 W, 28, 120 MHz, 3996 MHz, 0 %, 0 %
2026/03/23 13:25:55.173, 6, 178.60 W, 26, 120 MHz, 3996 MHz, 0 %, 0 %
2026/03/23 13:25:55.173, 7, 176.58 W, 27, 120 MHz, 3996 MHz, 0 %, 0 %
2026/03/23 13:25:56.173, 0, 333.38 W, 30, 2032 MHz, 3996 MHz, 34 %, 16 %
2026/03/23 13:25:56.173, 1, 338.99 W, 32, 2032 MHz, 3996 MHz, 34 %, 15 %
2026/03/23 13:25:56.173, 2, 337.22 W, 29, 2032 MHz, 3996 MHz, 34 %, 15 %
2026/03/23 13:25:56.173, 3, 336.26 W, 32, 2032 MHz, 3996 MHz, 33 %, 15 %
2026/03/23 13:25:56.173, 4, 179.42 W, 25, 120 MHz, 3996 MHz, 0 %, 0 %
2026/03/23 13:25:56.173, 5, 180.66 W, 28, 120 MHz, 3996 MHz, 0 %, 0 %
2026/03/23 13:25:56.174, 6, 178.60 W, 26, 120 MHz, 3996 MHz, 0 %, 0 %
2026/03/23 13:25:56.174, 7, 176.58 W, 27, 120 MHz, 3996 MHz, 0 %, 0 %
2026/03/23 13:25:57.174, 0, 345.50 W, 30, 2032 MHz, 3996 MHz, 40 %, 17 %
2026/03/23 13:25:57.174, 1, 349.53 W, 32, 2032 MHz, 3996 MHz, 41 %, 16 %
2026/03/23 13:25:57.174, 2, 353.38 W, 30, 2032 MHz, 3996 MHz, 41 %, 15 %
2026/03/23 13:25:57.174, 3, 348.14 W, 32, 2032 MHz, 3996 MHz, 42 %, 16 %
2026/03/23 13:25:57.174, 4, 179.44 W, 25, 120 MHz, 3996 MHz, 0 %, 0 %
2026/03/23 13:25:57.174, 5, 180.62 W, 28, 120 MHz, 3996 MHz, 0 %, 0 %
2026/03/23 13:25:57.174, 6, 178.60 W, 26, 120 MHz, 3996 MHz, 0 %, 0 %
2026/03/23 13:25:57.174, 7, 176.59 W, 27, 120 MHz, 3996 MHz, 0 %, 0 %
2026/03/23 13:25:58.174, 0, 332.84 W, 30, 2032 MHz, 3996 MHz, 38 %, 16 %
2026/03/23 13:25:58.174, 1, 337.71 W, 31, 2032 MHz, 3996 MHz, 12 %, 6 %
2026/03/23 13:25:58.174, 2, 341.66 W, 29, 2032 MHz, 3996 MHz, 18 %, 8 %
2026/03/23 13:25:58.174, 3, 341.24 W, 32, 2032 MHz, 3996 MHz, 26 %, 11 %
2026/03/23 13:25:58.174, 4, 179.32 W, 25, 120 MHz, 3996 MHz, 0 %, 0 %
2026/03/23 13:25:58.174, 5, 180.66 W, 28, 120 MHz, 3996 MHz, 0 %, 0 %
2026/03/23 13:25:58.174, 6, 178.64 W, 26, 120 MHz, 3996 MHz, 0 %, 0 %
2026/03/23 13:25:58.174, 7, 176.58 W, 27, 120 MHz, 3996 MHz, 0 %, 0 %
2026/03/23 13:25:59.174, 0, 335.44 W, 29, 2032 MHz, 3996 MHz, 22 %, 10 %
2026/03/23 13:25:59.174, 1, 346.57 W, 32, 2032 MHz, 3996 MHz, 40 %, 16 %
2026/03/23 13:25:59.174, 2, 350.02 W, 29, 2032 MHz, 3996 MHz, 31 %, 13 %
2026/03/23 13:25:59.174, 3, 347.30 W, 32, 2032 MHz, 3996 MHz, 26 %, 11 %
2026/03/23 13:25:59.174, 4, 179.71 W, 25, 120 MHz, 3996 MHz, 0 %, 0 %
2026/03/23 13:25:59.174, 5, 180.74 W, 28, 120 MHz, 3996 MHz, 0 %, 0 %
2026/03/23 13:25:59.174, 6, 178.64 W, 26, 120 MHz, 3996 MHz, 0 %, 0 %
2026/03/23 13:25:59.174, 7, 176.58 W, 27, 120 MHz, 3996 MHz, 0 %, 0 %
2026/03/23 13:26:00.174, 0, 369.16 W, 31, 2032 MHz, 3996 MHz, 46 %, 17 %
2026/03/23 13:26:00.174, 1, 364.14 W, 33, 2032 MHz, 3996 MHz, 43 %, 17 %
2026/03/23 13:26:00.174, 2, 363.53 W, 30, 2032 MHz, 3996 MHz, 43 %, 16 %
2026/03/23 13:26:00.174, 3, 353.96 W, 33, 2032 MHz, 3996 MHz, 40 %, 15 %
2026/03/23 13:26:00.174, 4, 179.40 W, 25, 120 MHz, 3996 MHz, 0 %, 0 %
2026/03/23 13:26:00.174, 5, 180.66 W, 28, 120 MHz, 3996 MHz, 0 %, 0 %
2026/03/23 13:26:00.174, 6, 178.64 W, 26, 120 MHz, 3996 MHz, 0 %, 0 %
2026/03/23 13:26:00.174, 7, 176.58 W, 27, 120 MHz, 3996 MHz, 0 %, 0 %
2026/03/23 13:26:01.174, 0, 358.76 W, 30, 2032 MHz, 3996 MHz, 39 %, 16 %
2026/03/23 13:26:01.174, 1, 364.66 W, 32, 2032 MHz, 3996 MHz, 39 %, 17 %
2026/03/23 13:26:01.174, 2, 372.40 W, 30, 2032 MHz, 3996 MHz, 40 %, 18 %
2026/03/23 13:26:01.174, 3, 372.25 W, 33, 2032 MHz, 3996 MHz, 44 %, 17 %
2026/03/23 13:26:01.174, 4, 179.74 W, 25, 120 MHz, 3996 MHz, 0 %, 0 %
2026/03/23 13:26:01.174, 5, 180.70 W, 28, 120 MHz, 3996 MHz, 0 %, 0 %
2026/03/23 13:26:01.174, 6, 178.60 W, 26, 120 MHz, 3996 MHz, 0 %, 0 %
2026/03/23 13:26:01.174, 7, 176.58 W, 27, 120 MHz, 3996 MHz, 0 %, 0 %
2026/03/23 13:26:02.174, 0, 350.72 W, 30, 2032 MHz, 3996 MHz, 41 %, 17 %
2026/03/23 13:26:02.174, 1, 354.43 W, 32, 2032 MHz, 3996 MHz, 40 %, 16 %
2026/03/23 13:26:02.174, 2, 358.50 W, 30, 2032 MHz, 3996 MHz, 41 %, 17 %
2026/03/23 13:26:02.174, 3, 353.27 W, 33, 2032 MHz, 3996 MHz, 41 %, 17 %
2026/03/23 13:26:02.174, 4, 179.16 W, 25, 120 MHz, 3996 MHz, 0 %, 0 %
2026/03/23 13:26:02.174, 5, 180.66 W, 28, 120 MHz, 3996 MHz, 0 %, 0 %
2026/03/23 13:26:02.174, 6, 178.60 W, 26, 120 MHz, 3996 MHz, 0 %, 0 %
2026/03/23 13:26:02.174, 7, 176.58 W, 27, 120 MHz, 3996 MHz, 0 %, 0 %
2026/03/23 13:26:03.175, 0, 344.10 W, 30, 2032 MHz, 3996 MHz, 39 %, 16 %
2026/03/23 13:26:03.175, 1, 351.56 W, 32, 2032 MHz, 3996 MHz, 12 %, 5 %
2026/03/23 13:26:03.175, 2, 349.49 W, 30, 2032 MHz, 3996 MHz, 19 %, 8 %
2026/03/23 13:26:03.175, 3, 346.42 W, 33, 2032 MHz, 3996 MHz, 22 %, 10 %
2026/03/23 13:26:03.175, 4, 179.60 W, 25, 120 MHz, 3996 MHz, 0 %, 0 %
2026/03/23 13:26:03.175, 5, 180.66 W, 28, 120 MHz, 3996 MHz, 0 %, 0 %
2026/03/23 13:26:03.175, 6, 178.60 W, 26, 120 MHz, 3996 MHz, 0 %, 0 %
2026/03/23 13:26:03.175, 7, 176.58 W, 27, 120 MHz, 3996 MHz, 0 %, 0 %
2026/03/23 13:26:04.175, 0, 400.23 W, 30, 2032 MHz, 3996 MHz, 34 %, 10 %
2026/03/23 13:26:04.175, 1, 404.13 W, 32, 2032 MHz, 3996 MHz, 54 %, 16 %
2026/03/23 13:26:04.175, 2, 396.71 W, 30, 2032 MHz, 3996 MHz, 45 %, 14 %
2026/03/23 13:26:04.175, 3, 381.68 W, 33, 2032 MHz, 3996 MHz, 38 %, 11 %
2026/03/23 13:26:04.175, 4, 179.79 W, 25, 120 MHz, 3996 MHz, 0 %, 0 %
2026/03/23 13:26:04.175, 5, 180.74 W, 28, 120 MHz, 3996 MHz, 0 %, 0 %
2026/03/23 13:26:04.175, 6, 178.64 W, 26, 120 MHz, 3996 MHz, 0 %, 0 %
2026/03/23 13:26:04.175, 7, 176.58 W, 27, 120 MHz, 3996 MHz, 0 %, 0 %
2026/03/23 13:26:05.175, 0, 407.36 W, 31, 2032 MHz, 3996 MHz, 46 %, 17 %
2026/03/23 13:26:05.175, 1, 411.62 W, 33, 2032 MHz, 3996 MHz, 45 %, 18 %
2026/03/23 13:26:05.175, 2, 416.86 W, 31, 2032 MHz, 3996 MHz, 47 %, 17 %
2026/03/23 13:26:05.175, 3, 417.13 W, 34, 2032 MHz, 3996 MHz, 45 %, 16 %
2026/03/23 13:26:05.175, 4, 179.24 W, 25, 120 MHz, 3996 MHz, 0 %, 0 %
2026/03/23 13:26:05.175, 5, 180.66 W, 28, 120 MHz, 3996 MHz, 0 %, 0 %
2026/03/23 13:26:05.175, 6, 178.63 W, 26, 120 MHz, 3996 MHz, 0 %, 0 %
2026/03/23 13:26:05.175, 7, 176.58 W, 27, 120 MHz, 3996 MHz, 0 %, 0 %
2026/03/23 13:26:06.175, 0, 370.80 W, 31, 2032 MHz, 3996 MHz, 41 %, 18 %
2026/03/23 13:26:06.175, 1, 376.39 W, 33, 2032 MHz, 3996 MHz, 45 %, 18 %
2026/03/23 13:26:06.175, 2, 383.83 W, 31, 2032 MHz, 3996 MHz, 47 %, 17 %
2026/03/23 13:26:06.175, 3, 381.95 W, 33, 2032 MHz, 3996 MHz, 46 %, 17 %
2026/03/23 13:26:06.175, 4, 179.76 W, 25, 120 MHz, 3996 MHz, 0 %, 0 %
2026/03/23 13:26:06.175, 5, 180.62 W, 28, 120 MHz, 3996 MHz, 0 %, 0 %
2026/03/23 13:26:06.175, 6, 178.64 W, 26, 120 MHz, 3996 MHz, 0 %, 0 %
2026/03/23 13:26:06.175, 7, 176.58 W, 27, 120 MHz, 3996 MHz, 0 %, 0 %
2026/03/23 13:26:07.175, 0, 366.53 W, 31, 2032 MHz, 3996 MHz, 40 %, 17 %
2026/03/23 13:26:07.175, 1, 369.65 W, 33, 2032 MHz, 3996 MHz, 42 %, 18 %
2026/03/23 13:26:07.175, 2, 367.15 W, 30, 2032 MHz, 3996 MHz, 42 %, 18 %
2026/03/23 13:26:07.175, 3, 366.87 W, 33, 2032 MHz, 3996 MHz, 40 %, 17 %
2026/03/23 13:26:07.175, 4, 179.57 W, 25, 120 MHz, 3996 MHz, 0 %, 0 %
2026/03/23 13:26:07.175, 5, 180.66 W, 28, 120 MHz, 3996 MHz, 0 %, 0 %
2026/03/23 13:26:07.175, 6, 178.63 W, 26, 120 MHz, 3996 MHz, 0 %, 0 %
2026/03/23 13:26:07.175, 7, 176.58 W, 27, 120 MHz, 3996 MHz, 0 %, 0 %
2026/03/23 13:26:08.175, 0, 426.02 W, 32, 2032 MHz, 3996 MHz, 63 %, 14 %
2026/03/23 13:26:08.175, 1, 424.98 W, 34, 2032 MHz, 3996 MHz, 27 %, 6 %
2026/03/23 13:26:08.175, 2, 413.09 W, 31, 2032 MHz, 3996 MHz, 36 %, 8 %
2026/03/23 13:26:08.175, 3, 389.47 W, 34, 2032 MHz, 3996 MHz, 50 %, 11 %
2026/03/23 13:26:08.175, 4, 179.77 W, 25, 120 MHz, 3996 MHz, 0 %, 0 %
2026/03/23 13:26:08.175, 5, 180.66 W, 28, 120 MHz, 3996 MHz, 0 %, 0 %
2026/03/23 13:26:08.175, 6, 178.60 W, 26, 120 MHz, 3996 MHz, 0 %, 0 %
2026/03/23 13:26:08.175, 7, 176.62 W, 27, 120 MHz, 3996 MHz, 0 %, 0 %
2026/03/23 13:26:09.175, 0, 427.72 W, 31, 2032 MHz, 3996 MHz, 18 %, 6 %
2026/03/23 13:26:09.175, 1, 438.48 W, 33, 2032 MHz, 3996 MHz, 59 %, 13 %
2026/03/23 13:26:09.175, 2, 441.52 W, 31, 2032 MHz, 3996 MHz, 48 %, 11 %
2026/03/23 13:26:09.175, 3, 439.75 W, 34, 2032 MHz, 3996 MHz, 44 %, 9 %
2026/03/23 13:26:09.175, 4, 179.76 W, 25, 120 MHz, 3996 MHz, 0 %, 0 %
2026/03/23 13:26:09.175, 5, 180.62 W, 28, 120 MHz, 3996 MHz, 0 %, 0 %
2026/03/23 13:26:09.176, 6, 178.64 W, 26, 120 MHz, 3996 MHz, 0 %, 0 %
2026/03/23 13:26:09.176, 7, 176.58 W, 27, 120 MHz, 3996 MHz, 0 %, 0 %
2026/03/23 13:26:10.176, 0, 439.47 W, 32, 2032 MHz, 3996 MHz, 55 %, 17 %
2026/03/23 13:26:10.176, 1, 435.88 W, 34, 2032 MHz, 3996 MHz, 48 %, 17 %
2026/03/23 13:26:10.176, 2, 437.29 W, 32, 2032 MHz, 3996 MHz, 51 %, 17 %
2026/03/23 13:26:10.176, 3, 440.18 W, 34, 2032 MHz, 3996 MHz, 50 %, 17 %
2026/03/23 13:26:10.176, 4, 179.53 W, 25, 120 MHz, 3996 MHz, 0 %, 0 %
2026/03/23 13:26:10.176, 5, 180.77 W, 28, 120 MHz, 3996 MHz, 0 %, 0 %
2026/03/23 13:26:10.176, 6, 178.64 W, 26, 120 MHz, 3996 MHz, 0 %, 0 %
2026/03/23 13:26:10.176, 7, 176.58 W, 27, 120 MHz, 3996 MHz, 0 %, 0 %
2026/03/23 13:26:11.176, 0, 400.23 W, 31, 2032 MHz, 3996 MHz, 45 %, 18 %
2026/03/23 13:26:11.176, 1, 403.94 W, 34, 2032 MHz, 3996 MHz, 48 %, 18 %
2026/03/23 13:26:11.176, 2, 409.25 W, 31, 2032 MHz, 3996 MHz, 46 %, 19 %
2026/03/23 13:26:11.176, 3, 409.20 W, 35, 2032 MHz, 3996 MHz, 52 %, 16 %
2026/03/23 13:26:11.176, 4, 179.76 W, 25, 120 MHz, 3996 MHz, 0 %, 0 %
2026/03/23 13:26:11.176, 5, 180.70 W, 28, 120 MHz, 3996 MHz, 0 %, 0 %
2026/03/23 13:26:11.176, 6, 178.64 W, 26, 120 MHz, 3996 MHz, 0 %, 0 %
2026/03/23 13:26:11.176, 7, 176.58 W, 27, 120 MHz, 3996 MHz, 0 %, 0 %
2026/03/23 13:26:12.176, 0, 386.38 W, 31, 2032 MHz, 3996 MHz, 35 %, 14 %
2026/03/23 13:26:12.176, 1, 396.21 W, 33, 2032 MHz, 3996 MHz, 46 %, 18 %
2026/03/23 13:26:12.176, 2, 405.15 W, 32, 2032 MHz, 3996 MHz, 47 %, 17 %
2026/03/23 13:26:12.176, 3, 393.52 W, 34, 2032 MHz, 3996 MHz, 48 %, 18 %
2026/03/23 13:26:12.176, 4, 179.52 W, 25, 120 MHz, 3996 MHz, 0 %, 0 %
2026/03/23 13:26:12.176, 5, 180.58 W, 28, 120 MHz, 3996 MHz, 0 %, 0 %
2026/03/23 13:26:12.176, 6, 178.60 W, 26, 120 MHz, 3996 MHz, 0 %, 0 %
2026/03/23 13:26:12.176, 7, 176.58 W, 27, 120 MHz, 3996 MHz, 0 %, 0 %
2026/03/23 13:26:13.176, 0, 438.68 W, 33, 2032 MHz, 3996 MHz, 67 %, 15 %
2026/03/23 13:26:13.176, 1, 435.35 W, 35, 2032 MHz, 3996 MHz, 33 %, 8 %
2026/03/23 13:26:13.176, 2, 446.90 W, 33, 2032 MHz, 3996 MHz, 44 %, 11 %
2026/03/23 13:26:13.176, 3, 416.33 W, 35, 2032 MHz, 3996 MHz, 52 %, 13 %
2026/03/23 13:26:13.176, 4, 179.68 W, 25, 120 MHz, 3996 MHz, 0 %, 0 %
2026/03/23 13:26:13.176, 5, 180.62 W, 28, 120 MHz, 3996 MHz, 0 %, 0 %
2026/03/23 13:26:13.176, 6, 178.60 W, 26, 120 MHz, 3996 MHz, 0 %, 0 %
2026/03/23 13:26:13.176, 7, 176.58 W, 27, 120 MHz, 3996 MHz, 0 %, 0 %
2026/03/23 13:26:14.176, 0, 446.35 W, 32, 2032 MHz, 3996 MHz, 24 %, 6 %
2026/03/23 13:26:14.176, 1, 458.52 W, 34, 2032 MHz, 3996 MHz, 53 %, 14 %
2026/03/23 13:26:14.176, 2, 461.01 W, 32, 2032 MHz, 3996 MHz, 40 %, 11 %
2026/03/23 13:26:14.176, 3, 460.25 W, 34, 2032 MHz, 3996 MHz, 37 %, 11 %
2026/03/23 13:26:14.176, 4, 179.54 W, 25, 120 MHz, 3996 MHz, 0 %, 0 %
2026/03/23 13:26:14.176, 5, 180.66 W, 28, 120 MHz, 3996 MHz, 0 %, 0 %
2026/03/23 13:26:14.176, 6, 178.64 W, 26, 120 MHz, 3996 MHz, 0 %, 0 %
2026/03/23 13:26:14.176, 7, 176.58 W, 27, 120 MHz, 3996 MHz, 0 %, 0 %
2026/03/23 13:26:15.176, 0, 465.31 W, 33, 2032 MHz, 3996 MHz, 56 %, 18 %
2026/03/23 13:26:15.176, 1, 467.89 W, 35, 2032 MHz, 3996 MHz, 53 %, 19 %
2026/03/23 13:26:15.176, 2, 465.85 W, 33, 2032 MHz, 3996 MHz, 54 %, 19 %
2026/03/23 13:26:15.176, 3, 461.79 W, 36, 2032 MHz, 3996 MHz, 58 %, 17 %
2026/03/23 13:26:15.176, 4, 179.36 W, 25, 120 MHz, 3996 MHz, 0 %, 0 %
2026/03/23 13:26:15.176, 5, 180.66 W, 28, 120 MHz, 3996 MHz, 0 %, 0 %
2026/03/23 13:26:15.176, 6, 178.64 W, 26, 120 MHz, 3996 MHz, 0 %, 0 %
2026/03/23 13:26:15.176, 7, 176.58 W, 27, 120 MHz, 3996 MHz, 0 %, 0 %
2026/03/23 13:26:16.176, 0, 425.81 W, 33, 2032 MHz, 3996 MHz, 48 %, 17 %
2026/03/23 13:26:16.176, 1, 430.75 W, 35, 2032 MHz, 3996 MHz, 61 %, 18 %
2026/03/23 13:26:16.176, 2, 431.55 W, 32, 2032 MHz, 3996 MHz, 60 %, 18 %
2026/03/23 13:26:16.176, 3, 432.79 W, 35, 2032 MHz, 3996 MHz, 54 %, 18 %
2026/03/23 13:26:16.177, 4, 179.16 W, 25, 120 MHz, 3996 MHz, 0 %, 0 %
2026/03/23 13:26:16.177, 5, 180.58 W, 28, 120 MHz, 3996 MHz, 0 %, 0 %
2026/03/23 13:26:16.177, 6, 178.64 W, 26, 120 MHz, 3996 MHz, 0 %, 0 %
2026/03/23 13:26:16.177, 7, 176.58 W, 27, 120 MHz, 3996 MHz, 0 %, 0 %
2026/03/23 13:26:17.177, 0, 457.98 W, 34, 2032 MHz, 3996 MHz, 62 %, 18 %
2026/03/23 13:26:17.177, 1, 469.49 W, 36, 2032 MHz, 3996 MHz, 67 %, 21 %
2026/03/23 13:26:17.177, 2, 456.58 W, 33, 2032 MHz, 3996 MHz, 64 %, 20 %
2026/03/23 13:26:17.177, 3, 432.89 W, 36, 2032 MHz, 3996 MHz, 53 %, 21 %
2026/03/23 13:26:17.177, 4, 179.75 W, 25, 120 MHz, 3996 MHz, 0 %, 0 %
2026/03/23 13:26:17.177, 5, 180.78 W, 28, 120 MHz, 3996 MHz, 0 %, 0 %
2026/03/23 13:26:17.177, 6, 178.60 W, 26, 120 MHz, 3996 MHz, 0 %, 0 %
2026/03/23 13:26:17.177, 7, 176.58 W, 27, 120 MHz, 3996 MHz, 0 %, 0 %
2026/03/23 13:26:18.177, 0, 489.44 W, 34, 2032 MHz, 3996 MHz, 66 %, 21 %
2026/03/23 13:26:18.177, 1, 483.19 W, 36, 2032 MHz, 3996 MHz, 22 %, 7 %
2026/03/23 13:26:18.177, 2, 495.00 W, 33, 2032 MHz, 3996 MHz, 39 %, 12 %
2026/03/23 13:26:18.177, 3, 489.49 W, 36, 2032 MHz, 3996 MHz, 44 %, 13 %
2026/03/23 13:26:18.177, 4, 179.54 W, 25, 120 MHz, 3996 MHz, 0 %, 0 %
2026/03/23 13:26:18.177, 5, 180.74 W, 28, 120 MHz, 3996 MHz, 0 %, 0 %
2026/03/23 13:26:18.177, 6, 178.64 W, 26, 120 MHz, 3996 MHz, 0 %, 0 %
2026/03/23 13:26:18.177, 7, 176.58 W, 27, 120 MHz, 3996 MHz, 0 %, 0 %
2026/03/23 13:26:19.177, 0, 484.37 W, 32, 2032 MHz, 3996 MHz, 30 %, 13 %
2026/03/23 13:26:19.177, 1, 488.31 W, 34, 2032 MHz, 3996 MHz, 54 %, 24 %
2026/03/23 13:26:19.177, 2, 494.52 W, 33, 2032 MHz, 3996 MHz, 46 %, 21 %
2026/03/23 13:26:19.177, 3, 489.63 W, 35, 2032 MHz, 3996 MHz, 43 %, 14 %
2026/03/23 13:26:19.177, 4, 179.56 W, 25, 120 MHz, 3996 MHz, 0 %, 0 %
2026/03/23 13:26:19.177, 5, 180.66 W, 28, 120 MHz, 3996 MHz, 0 %, 0 %
2026/03/23 13:26:19.177, 6, 178.60 W, 26, 120 MHz, 3996 MHz, 0 %, 0 %
2026/03/23 13:26:19.177, 7, 176.59 W, 27, 120 MHz, 3996 MHz, 0 %, 0 %
2026/03/23 13:26:20.177, 0, 382.36 W, 32, 2032 MHz, 3996 MHz, 96 %, 17 %
2026/03/23 13:26:20.177, 1, 387.69 W, 34, 2032 MHz, 3996 MHz, 100 %, 2 %
2026/03/23 13:26:20.177, 2, 392.22 W, 31, 2032 MHz, 3996 MHz, 99 %, 5 %
2026/03/23 13:26:20.177, 3, 510.20 W, 36, 2032 MHz, 3996 MHz, 54 %, 25 %
2026/03/23 13:26:20.177, 4, 179.51 W, 25, 120 MHz, 3996 MHz, 0 %, 0 %
2026/03/23 13:26:20.177, 5, 180.66 W, 28, 120 MHz, 3996 MHz, 0 %, 0 %
2026/03/23 13:26:20.177, 6, 178.63 W, 26, 120 MHz, 3996 MHz, 0 %, 0 %
2026/03/23 13:26:20.177, 7, 176.58 W, 27, 120 MHz, 3996 MHz, 0 %, 0 %
2026/03/23 13:26:21.177, 0, 291.47 W, 30, 2032 MHz, 3996 MHz, 9 %, 1 %
2026/03/23 13:26:21.177, 1, 305.57 W, 32, 2032 MHz, 3996 MHz, 0 %, 0 %
2026/03/23 13:26:21.177, 2, 310.58 W, 30, 2032 MHz, 3996 MHz, 0 %, 0 %
2026/03/23 13:26:21.177, 3, 308.33 W, 33, 2032 MHz, 3996 MHz, 0 %, 0 %
2026/03/23 13:26:21.177, 4, 179.29 W, 25, 120 MHz, 3996 MHz, 0 %, 0 %
2026/03/23 13:26:21.177, 5, 180.66 W, 28, 120 MHz, 3996 MHz, 0 %, 0 %
2026/03/23 13:26:21.177, 6, 178.63 W, 26, 120 MHz, 3996 MHz, 0 %, 0 %
2026/03/23 13:26:21.177, 7, 176.58 W, 27, 120 MHz, 3996 MHz, 0 %, 0 %
2026/03/23 13:26:22.177, 0, 235.41 W, 29, 2032 MHz, 3996 MHz, 6 %, 2 %
2026/03/23 13:26:22.177, 1, 240.93 W, 32, 2032 MHz, 3996 MHz, 4 %, 2 %
2026/03/23 13:26:22.177, 2, 241.02 W, 29, 2032 MHz, 3996 MHz, 4 %, 2 %
2026/03/23 13:26:22.177, 3, 241.38 W, 32, 2032 MHz, 3996 MHz, 4 %, 1 %
2026/03/23 13:26:22.178, 4, 179.74 W, 25, 120 MHz, 3996 MHz, 0 %, 0 %
2026/03/23 13:26:22.178, 5, 180.78 W, 28, 120 MHz, 3996 MHz, 0 %, 0 %
2026/03/23 13:26:22.178, 6, 178.60 W, 26, 120 MHz, 3996 MHz, 0 %, 0 %
2026/03/23 13:26:22.178, 7, 176.58 W, 27, 120 MHz, 3996 MHz, 0 %, 0 %
2026/03/23 13:26:23.178, 0, 235.39 W, 29, 2032 MHz, 3996 MHz, 0 %, 0 %
2026/03/23 13:26:23.178, 1, 240.06 W, 31, 2032 MHz, 3996 MHz, 0 %, 0 %
2026/03/23 13:26:23.178, 2, 241.41 W, 29, 2032 MHz, 3996 MHz, 0 %, 0 %
2026/03/23 13:26:23.178, 3, 241.35 W, 32, 2032 MHz, 3996 MHz, 0 %, 0 %
2026/03/23 13:26:23.178, 4, 179.39 W, 25, 120 MHz, 3996 MHz, 0 %, 0 %
2026/03/23 13:26:23.178, 5, 180.58 W, 28, 120 MHz, 3996 MHz, 0 %, 0 %
2026/03/23 13:26:23.178, 6, 178.60 W, 26, 120 MHz, 3996 MHz, 0 %, 0 %
2026/03/23 13:26:23.178, 7, 176.59 W, 27, 120 MHz, 3996 MHz, 0 %, 0 %
2026/03/23 13:26:24.178, 0, 230.00 W, 29, 2032 MHz, 3996 MHz, 0 %, 0 %
2026/03/23 13:26:24.178, 1, 235.11 W, 31, 2032 MHz, 3996 MHz, 0 %, 0 %
2026/03/23 13:26:24.178, 2, 235.85 W, 29, 2032 MHz, 3996 MHz, 0 %, 0 %
2026/03/23 13:26:24.178, 3, 236.41 W, 32, 2032 MHz, 3996 MHz, 0 %, 0 %
2026/03/23 13:26:24.178, 4, 179.51 W, 25, 120 MHz, 3996 MHz, 0 %, 0 %
2026/03/23 13:26:24.178, 5, 180.62 W, 28, 120 MHz, 3996 MHz, 0 %, 0 %
2026/03/23 13:26:24.178, 6, 178.64 W, 26, 120 MHz, 3996 MHz, 0 %, 0 %
2026/03/23 13:26:24.178, 7, 176.58 W, 27, 120 MHz, 3996 MHz, 0 %, 0 %
2026/03/23 13:26:25.178, 0, 230.00 W, 29, 2032 MHz, 3996 MHz, 0 %, 0 %
2026/03/23 13:26:25.178, 1, 235.11 W, 31, 2032 MHz, 3996 MHz, 0 %, 0 %
2026/03/23 13:26:25.178, 2, 235.84 W, 29, 2032 MHz, 3996 MHz, 0 %, 0 %
2026/03/23 13:26:25.178, 3, 235.80 W, 32, 2032 MHz, 3996 MHz, 0 %, 0 %
2026/03/23 13:26:25.178, 4, 179.83 W, 25, 120 MHz, 3996 MHz, 0 %, 0 %
2026/03/23 13:26:25.178, 5, 180.70 W, 28, 120 MHz, 3996 MHz, 0 %, 0 %
2026/03/23 13:26:25.178, 6, 178.63 W, 26, 120 MHz, 3996 MHz, 0 %, 0 %
2026/03/23 13:26:25.178, 7, 176.58 W, 27, 120 MHz, 3996 MHz, 0 %, 0 %
2026/03/23 13:26:26.178, 0, 232.71 W, 29, 2032 MHz, 3996 MHz, 8 %, 1 %
2026/03/23 13:26:26.178, 1, 236.82 W, 31, 2032 MHz, 3996 MHz, 5 %, 2 %
2026/03/23 13:26:26.178, 2, 238.17 W, 29, 2032 MHz, 3996 MHz, 0 %, 0 %
2026/03/23 13:26:26.178, 3, 237.80 W, 32, 2032 MHz, 3996 MHz, 8 %, 1 %
2026/03/23 13:26:26.178, 4, 179.49 W, 25, 120 MHz, 3996 MHz, 0 %, 0 %
2026/03/23 13:26:26.178, 5, 180.66 W, 28, 120 MHz, 3996 MHz, 0 %, 0 %
2026/03/23 13:26:26.178, 6, 178.64 W, 26, 120 MHz, 3996 MHz, 0 %, 0 %
2026/03/23 13:26:26.178, 7, 176.58 W, 27, 120 MHz, 3996 MHz, 0 %, 0 %
2026/03/23 13:26:27.178, 0, 231.92 W, 29, 2032 MHz, 3996 MHz, 0 %, 0 %
2026/03/23 13:26:27.178, 1, 237.94 W, 31, 2032 MHz, 3996 MHz, 1 %, 0 %
2026/03/23 13:26:27.178, 2, 237.51 W, 29, 2032 MHz, 3996 MHz, 0 %, 0 %
2026/03/23 13:26:27.178, 3, 238.74 W, 32, 2032 MHz, 3996 MHz, 7 %, 1 %
2026/03/23 13:26:27.178, 4, 179.24 W, 25, 120 MHz, 3996 MHz, 0 %, 0 %
2026/03/23 13:26:27.178, 5, 180.66 W, 28, 120 MHz, 3996 MHz, 0 %, 0 %
2026/03/23 13:26:27.178, 6, 178.64 W, 26, 120 MHz, 3996 MHz, 0 %, 0 %
2026/03/23 13:26:27.178, 7, 176.59 W, 27, 120 MHz, 3996 MHz, 0 %, 0 %
2026/03/23 13:26:28.179, 0, 231.17 W, 29, 2032 MHz, 3996 MHz, 0 %, 0 %
2026/03/23 13:26:28.179, 1, 236.59 W, 31, 2032 MHz, 3996 MHz, 0 %, 0 %
2026/03/23 13:26:28.179, 2, 236.95 W, 29, 2032 MHz, 3996 MHz, 0 %, 0 %
2026/03/23 13:26:28.179, 3, 237.29 W, 32, 2032 MHz, 3996 MHz, 0 %, 0 %
2026/03/23 13:26:28.179, 4, 179.68 W, 25, 120 MHz, 3996 MHz, 0 %, 0 %
2026/03/23 13:26:28.179, 5, 180.74 W, 28, 120 MHz, 3996 MHz, 0 %, 0 %
2026/03/23 13:26:28.179, 6, 178.64 W, 26, 120 MHz, 3996 MHz, 0 %, 0 %
2026/03/23 13:26:28.179, 7, 176.59 W, 27, 120 MHz, 3996 MHz, 0 %, 0 %
2026/03/23 13:26:29.179, 0, 229.96 W, 29, 2032 MHz, 3996 MHz, 0 %, 0 %
2026/03/23 13:26:29.179, 1, 235.11 W, 31, 2032 MHz, 3996 MHz, 0 %, 0 %
2026/03/23 13:26:29.179, 2, 235.63 W, 28, 2032 MHz, 3996 MHz, 0 %, 0 %
2026/03/23 13:26:29.179, 3, 236.04 W, 31, 2032 MHz, 3996 MHz, 0 %, 0 %
2026/03/23 13:26:29.179, 4, 179.80 W, 25, 120 MHz, 3996 MHz, 0 %, 0 %
2026/03/23 13:26:29.179, 5, 180.82 W, 28, 120 MHz, 3996 MHz, 0 %, 0 %
2026/03/23 13:26:29.179, 6, 178.64 W, 26, 120 MHz, 3996 MHz, 0 %, 0 %
2026/03/23 13:26:29.179, 7, 176.58 W, 27, 120 MHz, 3996 MHz, 0 %, 0 %
2026/03/23 13:26:30.179, 0, 230.00 W, 29, 2032 MHz, 3996 MHz, 0 %, 0 %
2026/03/23 13:26:30.179, 1, 235.11 W, 31, 2032 MHz, 3996 MHz, 0 %, 0 %
2026/03/23 13:26:30.179, 2, 235.53 W, 28, 2032 MHz, 3996 MHz, 0 %, 0 %
2026/03/23 13:26:30.179, 3, 235.30 W, 31, 2032 MHz, 3996 MHz, 0 %, 0 %
2026/03/23 13:26:30.179, 4, 179.93 W, 25, 120 MHz, 3996 MHz, 0 %, 0 %
2026/03/23 13:26:30.179, 5, 180.58 W, 28, 120 MHz, 3996 MHz, 0 %, 0 %
2026/03/23 13:26:30.179, 6, 178.56 W, 26, 120 MHz, 3996 MHz, 0 %, 0 %
2026/03/23 13:26:30.179, 7, 176.58 W, 27, 120 MHz, 3996 MHz, 0 %, 0 %
2026/03/23 13:26:31.179, 0, 229.89 W, 29, 2032 MHz, 3996 MHz, 0 %, 0 %
2026/03/23 13:26:31.179, 1, 234.95 W, 31, 2032 MHz, 3996 MHz, 0 %, 0 %
2026/03/23 13:26:31.179, 2, 234.39 W, 28, 2032 MHz, 3996 MHz, 0 %, 0 %
2026/03/23 13:26:31.179, 3, 235.19 W, 31, 2032 MHz, 3996 MHz, 0 %, 0 %
2026/03/23 13:26:31.179, 4, 179.41 W, 25, 120 MHz, 3996 MHz, 0 %, 0 %
2026/03/23 13:26:31.179, 5, 180.66 W, 28, 120 MHz, 3996 MHz, 0 %, 0 %
2026/03/23 13:26:31.179, 6, 178.64 W, 26, 120 MHz, 3996 MHz, 0 %, 0 %
2026/03/23 13:26:31.179, 7, 176.58 W, 27, 120 MHz, 3996 MHz, 0 %, 0 %
2026/03/23 13:26:32.179, 0, 229.85 W, 29, 2032 MHz, 3996 MHz, 0 %, 0 %
2026/03/23 13:26:32.179, 1, 234.65 W, 31, 2032 MHz, 3996 MHz, 0 %, 0 %
2026/03/23 13:26:32.179, 2, 234.03 W, 28, 2032 MHz, 3996 MHz, 0 %, 0 %
2026/03/23 13:26:32.179, 3, 235.12 W, 31, 2032 MHz, 3996 MHz, 0 %, 0 %
2026/03/23 13:26:32.180, 4, 179.64 W, 25, 120 MHz, 3996 MHz, 0 %, 0 %
2026/03/23 13:26:32.180, 5, 180.70 W, 28, 120 MHz, 3996 MHz, 0 %, 0 %
2026/03/23 13:26:32.180, 6, 178.60 W, 26, 120 MHz, 3996 MHz, 0 %, 0 %
2026/03/23 13:26:32.180, 7, 176.58 W, 27, 120 MHz, 3996 MHz, 0 %, 0 %
2026/03/23 13:26:33.180, 0, 229.65 W, 29, 2032 MHz, 3996 MHz, 0 %, 0 %
2026/03/23 13:26:33.180, 1, 234.33 W, 31, 2032 MHz, 3996 MHz, 0 %, 0 %
2026/03/23 13:26:33.180, 2, 233.96 W, 28, 2032 MHz, 3996 MHz, 0 %, 0 %
2026/03/23 13:26:33.180, 3, 235.15 W, 31, 2032 MHz, 3996 MHz, 0 %, 0 %
2026/03/23 13:26:33.180, 4, 179.59 W, 25, 120 MHz, 3996 MHz, 0 %, 0 %
2026/03/23 13:26:33.180, 5, 180.62 W, 28, 120 MHz, 3996 MHz, 0 %, 0 %
2026/03/23 13:26:33.180, 6, 178.63 W, 26, 120 MHz, 3996 MHz, 0 %, 0 %
2026/03/23 13:26:33.180, 7, 176.58 W, 27, 120 MHz, 3996 MHz, 0 %, 0 %
2026/03/23 13:26:34.180, 0, 229.70 W, 28, 2032 MHz, 3996 MHz, 0 %, 0 %
2026/03/23 13:26:34.180, 1, 234.35 W, 31, 2032 MHz, 3996 MHz, 0 %, 0 %
2026/03/23 13:26:34.180, 2, 233.97 W, 28, 2032 MHz, 3996 MHz, 0 %, 0 %
2026/03/23 13:26:34.180, 3, 235.12 W, 31, 2032 MHz, 3996 MHz, 0 %, 0 %
2026/03/23 13:26:34.180, 4, 179.58 W, 25, 120 MHz, 3996 MHz, 0 %, 0 %
2026/03/23 13:26:34.180, 5, 180.78 W, 28, 120 MHz, 3996 MHz, 0 %, 0 %
2026/03/23 13:26:34.180, 6, 178.64 W, 26, 120 MHz, 3996 MHz, 0 %, 0 %
2026/03/23 13:26:34.180, 7, 176.58 W, 27, 120 MHz, 3996 MHz, 0 %, 0 %
2026/03/23 13:26:35.180, 0, 229.51 W, 28, 2032 MHz, 3996 MHz, 0 %, 0 %
2026/03/23 13:26:35.180, 1, 234.56 W, 31, 2032 MHz, 3996 MHz, 0 %, 0 %
2026/03/23 13:26:35.180, 2, 233.99 W, 28, 2032 MHz, 3996 MHz, 0 %, 0 %
2026/03/23 13:26:35.180, 3, 235.13 W, 31, 2032 MHz, 3996 MHz, 0 %, 0 %
2026/03/23 13:26:35.180, 4, 179.50 W, 25, 120 MHz, 3996 MHz, 0 %, 0 %
2026/03/23 13:26:35.180, 5, 180.74 W, 28, 120 MHz, 3996 MHz, 0 %, 0 %
2026/03/23 13:26:35.180, 6, 178.60 W, 26, 120 MHz, 3996 MHz, 0 %, 0 %
2026/03/23 13:26:35.180, 7, 176.58 W, 27, 120 MHz, 3996 MHz, 0 %, 0 %
2026/03/23 13:26:36.180, 0, 229.69 W, 28, 2032 MHz, 3996 MHz, 0 %, 0 %
2026/03/23 13:26:36.180, 1, 233.74 W, 31, 2032 MHz, 3996 MHz, 0 %, 0 %
2026/03/23 13:26:36.180, 2, 233.97 W, 28, 2032 MHz, 3996 MHz, 0 %, 0 %
2026/03/23 13:26:36.180, 3, 235.13 W, 31, 2032 MHz, 3996 MHz, 0 %, 0 %
2026/03/23 13:26:36.180, 4, 179.65 W, 25, 120 MHz, 3996 MHz, 0 %, 0 %
2026/03/23 13:26:36.180, 5, 180.77 W, 28, 120 MHz, 3996 MHz, 0 %, 0 %
2026/03/23 13:26:36.180, 6, 178.64 W, 26, 120 MHz, 3996 MHz, 0 %, 0 %
2026/03/23 13:26:36.180, 7, 176.58 W, 27, 120 MHz, 3996 MHz, 0 %, 0 %
2026/03/23 13:26:37.180, 0, 229.09 W, 28, 2032 MHz, 3996 MHz, 0 %, 0 %
2026/03/23 13:26:37.180, 1, 233.52 W, 31, 2032 MHz, 3996 MHz, 0 %, 0 %
2026/03/23 13:26:37.180, 2, 233.98 W, 28, 2032 MHz, 3996 MHz, 0 %, 0 %
2026/03/23 13:26:37.180, 3, 235.12 W, 31, 2032 MHz, 3996 MHz, 0 %, 0 %
2026/03/23 13:26:37.180, 4, 180.06 W, 25, 120 MHz, 3996 MHz, 0 %, 0 %
2026/03/23 13:26:37.180, 5, 180.74 W, 28, 120 MHz, 3996 MHz, 0 %, 0 %
2026/03/23 13:26:37.180, 6, 178.64 W, 26, 120 MHz, 3996 MHz, 0 %, 0 %
2026/03/23 13:26:37.180, 7, 176.58 W, 27, 120 MHz, 3996 MHz, 0 %, 0 %
2026/03/23 13:26:38.180, 0, 229.23 W, 28, 2032 MHz, 3996 MHz, 0 %, 0 %
2026/03/23 13:26:38.180, 1, 233.36 W, 31, 2032 MHz, 3996 MHz, 0 %, 0 %
2026/03/23 13:26:38.180, 2, 233.96 W, 28, 2032 MHz, 3996 MHz, 0 %, 0 %
2026/03/23 13:26:38.180, 3, 235.12 W, 31, 2032 MHz, 3996 MHz, 0 %, 0 %
2026/03/23 13:26:38.180, 4, 179.26 W, 25, 120 MHz, 3996 MHz, 0 %, 0 %
2026/03/23 13:26:38.180, 5, 180.66 W, 28, 120 MHz, 3996 MHz, 0 %, 0 %
2026/03/23 13:26:38.180, 6, 178.64 W, 26, 120 MHz, 3996 MHz, 0 %, 0 %
2026/03/23 13:26:38.180, 7, 176.58 W, 27, 120 MHz, 3996 MHz, 0 %, 0 %
2026/03/23 13:26:39.181, 0, 229.38 W, 28, 2032 MHz, 3996 MHz, 0 %, 0 %
2026/03/23 13:26:39.181, 1, 233.70 W, 31, 2032 MHz, 3996 MHz, 0 %, 0 %
2026/03/23 13:26:39.181, 2, 234.00 W, 28, 2032 MHz, 3996 MHz, 0 %, 0 %
2026/03/23 13:26:39.181, 3, 235.13 W, 31, 2032 MHz, 3996 MHz, 0 %, 0 %
2026/03/23 13:26:39.181, 4, 179.32 W, 25, 120 MHz, 3996 MHz, 0 %, 0 %
2026/03/23 13:26:39.181, 5, 180.62 W, 28, 120 MHz, 3996 MHz, 0 %, 0 %
2026/03/23 13:26:39.181, 6, 178.64 W, 26, 120 MHz, 3996 MHz, 0 %, 0 %
2026/03/23 13:26:39.181, 7, 176.58 W, 27, 120 MHz, 3996 MHz, 0 %, 0 %
2026/03/23 13:26:40.181, 0, 228.94 W, 28, 2032 MHz, 3996 MHz, 0 %, 0 %
2026/03/23 13:26:40.181, 1, 233.62 W, 30, 2032 MHz, 3996 MHz, 0 %, 0 %
2026/03/23 13:26:40.181, 2, 234.00 W, 28, 2032 MHz, 3996 MHz, 0 %, 0 %
2026/03/23 13:26:40.181, 3, 235.13 W, 31, 2032 MHz, 3996 MHz, 0 %, 0 %
2026/03/23 13:26:40.181, 4, 179.53 W, 25, 120 MHz, 3996 MHz, 0 %, 0 %
2026/03/23 13:26:40.181, 5, 180.66 W, 28, 120 MHz, 3996 MHz, 0 %, 0 %
2026/03/23 13:26:40.181, 6, 178.64 W, 26, 120 MHz, 3996 MHz, 0 %, 0 %
2026/03/23 13:26:40.181, 7, 176.58 W, 27, 120 MHz, 3996 MHz, 0 %, 0 %
2026/03/23 13:26:41.181, 0, 228.90 W, 28, 2032 MHz, 3996 MHz, 0 %, 0 %
2026/03/23 13:26:41.181, 1, 233.93 W, 30, 2032 MHz, 3996 MHz, 0 %, 0 %
2026/03/23 13:26:41.181, 2, 233.96 W, 28, 2032 MHz, 3996 MHz, 0 %, 0 %
2026/03/23 13:26:41.181, 3, 235.11 W, 31, 2032 MHz, 3996 MHz, 0 %, 0 %
2026/03/23 13:26:41.181, 4, 179.55 W, 25, 120 MHz, 3996 MHz, 0 %, 0 %
2026/03/23 13:26:41.181, 5, 180.74 W, 28, 120 MHz, 3996 MHz, 0 %, 0 %
2026/03/23 13:26:41.181, 6, 178.64 W, 26, 120 MHz, 3996 MHz, 0 %, 0 %
2026/03/23 13:26:41.181, 7, 176.58 W, 27, 120 MHz, 3996 MHz, 0 %, 0 %
2026/03/23 13:26:42.181, 0, 229.20 W, 28, 2032 MHz, 3996 MHz, 0 %, 0 %
2026/03/23 13:26:42.181, 1, 233.43 W, 30, 2032 MHz, 3996 MHz, 0 %, 0 %
2026/03/23 13:26:42.181, 2, 233.93 W, 28, 2032 MHz, 3996 MHz, 0 %, 0 %
2026/03/23 13:26:42.181, 3, 235.04 W, 31, 2032 MHz, 3996 MHz, 0 %, 0 %
2026/03/23 13:26:42.181, 4, 179.49 W, 25, 120 MHz, 3996 MHz, 0 %, 0 %
2026/03/23 13:26:42.181, 5, 180.62 W, 28, 120 MHz, 3996 MHz, 0 %, 0 %
2026/03/23 13:26:42.181, 6, 178.64 W, 26, 120 MHz, 3996 MHz, 0 %, 0 %
2026/03/23 13:26:42.181, 7, 176.58 W, 27, 120 MHz, 3996 MHz, 0 %, 0 %
2026/03/23 13:26:43.181, 0, 233.13 W, 28, 2032 MHz, 3996 MHz, 0 %, 0 %
2026/03/23 13:26:43.181, 1, 236.66 W, 30, 2032 MHz, 3996 MHz, 0 %, 0 %
2026/03/23 13:26:43.181, 2, 237.39 W, 28, 2032 MHz, 3996 MHz, 0 %, 0 %
2026/03/23 13:26:43.181, 3, 237.53 W, 31, 2032 MHz, 3996 MHz, 0 %, 0 %
2026/03/23 13:26:43.181, 4, 179.92 W, 25, 120 MHz, 3996 MHz, 0 %, 0 %
2026/03/23 13:26:43.181, 5, 180.74 W, 28, 120 MHz, 3996 MHz, 0 %, 0 %
2026/03/23 13:26:43.181, 6, 178.60 W, 26, 120 MHz, 3996 MHz, 0 %, 0 %
2026/03/23 13:26:43.181, 7, 176.58 W, 27, 120 MHz, 3996 MHz, 0 %, 0 %
2026/03/23 13:26:44.181, 0, 228.44 W, 28, 2032 MHz, 3996 MHz, 0 %, 0 %
2026/03/23 13:26:44.181, 1, 233.28 W, 30, 2032 MHz, 3996 MHz, 0 %, 0 %
2026/03/23 13:26:44.181, 2, 233.96 W, 28, 2032 MHz, 3996 MHz, 0 %, 0 %
2026/03/23 13:26:44.181, 3, 235.04 W, 31, 2032 MHz, 3996 MHz, 0 %, 0 %
2026/03/23 13:26:44.181, 4, 179.64 W, 25, 120 MHz, 3996 MHz, 0 %, 0 %
2026/03/23 13:26:44.181, 5, 180.74 W, 28, 120 MHz, 3996 MHz, 0 %, 0 %
2026/03/23 13:26:44.181, 6, 178.64 W, 26, 120 MHz, 3996 MHz, 0 %, 0 %
2026/03/23 13:26:44.181, 7, 176.58 W, 27, 120 MHz, 3996 MHz, 0 %, 0 %
2026/03/23 13:26:45.182, 0, 228.38 W, 28, 2032 MHz, 3996 MHz, 0 %, 0 %
2026/03/23 13:26:45.182, 1, 233.20 W, 30, 2032 MHz, 3996 MHz, 0 %, 0 %
2026/03/23 13:26:45.182, 2, 233.99 W, 28, 2032 MHz, 3996 MHz, 0 %, 0 %
2026/03/23 13:26:45.182, 3, 235.12 W, 31, 2032 MHz, 3996 MHz, 0 %, 0 %
2026/03/23 13:26:45.182, 4, 179.40 W, 25, 120 MHz, 3996 MHz, 0 %, 0 %
2026/03/23 13:26:45.182, 5, 180.70 W, 28, 120 MHz, 3996 MHz, 0 %, 0 %
2026/03/23 13:26:45.182, 6, 178.64 W, 26, 120 MHz, 3996 MHz, 0 %, 0 %
2026/03/23 13:26:45.182, 7, 176.58 W, 27, 120 MHz, 3996 MHz, 0 %, 0 %
2026/03/23 13:26:46.182, 0, 228.14 W, 28, 2032 MHz, 3996 MHz, 0 %, 0 %
2026/03/23 13:26:46.182, 1, 233.28 W, 30, 2032 MHz, 3996 MHz, 0 %, 0 %
2026/03/23 13:26:46.182, 2, 234.00 W, 28, 2032 MHz, 3996 MHz, 0 %, 0 %
2026/03/23 13:26:46.182, 3, 235.15 W, 31, 2032 MHz, 3996 MHz, 0 %, 0 %
2026/03/23 13:26:46.182, 4, 179.58 W, 25, 120 MHz, 3996 MHz, 0 %, 0 %
2026/03/23 13:26:46.182, 5, 180.74 W, 28, 120 MHz, 3996 MHz, 0 %, 0 %
2026/03/23 13:26:46.182, 6, 178.60 W, 26, 120 MHz, 3996 MHz, 0 %, 0 %
2026/03/23 13:26:46.182, 7, 176.58 W, 27, 120 MHz, 3996 MHz, 0 %, 0 %
2026/03/23 13:26:47.182, 0, 228.34 W, 28, 2032 MHz, 3996 MHz, 0 %, 0 %
2026/03/23 13:26:47.182, 1, 233.16 W, 30, 2032 MHz, 3996 MHz, 0 %, 0 %
2026/03/23 13:26:47.182, 2, 234.01 W, 28, 2032 MHz, 3996 MHz, 0 %, 0 %
2026/03/23 13:26:47.182, 3, 234.99 W, 31, 2032 MHz, 3996 MHz, 0 %, 0 %
2026/03/23 13:26:47.182, 4, 179.51 W, 25, 120 MHz, 3996 MHz, 0 %, 0 %
2026/03/23 13:26:47.182, 5, 180.78 W, 28, 120 MHz, 3996 MHz, 0 %, 0 %
2026/03/23 13:26:47.182, 6, 178.57 W, 26, 120 MHz, 3996 MHz, 0 %, 0 %
2026/03/23 13:26:47.182, 7, 176.58 W, 27, 120 MHz, 3996 MHz, 0 %, 0 %
2026/03/23 13:26:48.182, 0, 228.37 W, 28, 2032 MHz, 3996 MHz, 0 %, 0 %
2026/03/23 13:26:48.182, 1, 233.16 W, 30, 2032 MHz, 3996 MHz, 0 %, 0 %
2026/03/23 13:26:48.182, 2, 234.01 W, 28, 2032 MHz, 3996 MHz, 0 %, 0 %
2026/03/23 13:26:48.182, 3, 235.08 W, 31, 2032 MHz, 3996 MHz, 0 %, 0 %
2026/03/23 13:26:48.182, 4, 179.34 W, 25, 120 MHz, 3996 MHz, 0 %, 0 %
2026/03/23 13:26:48.182, 5, 180.70 W, 28, 120 MHz, 3996 MHz, 0 %, 0 %
2026/03/23 13:26:48.182, 6, 178.64 W, 26, 120 MHz, 3996 MHz, 0 %, 0 %
2026/03/23 13:26:48.182, 7, 176.58 W, 27, 120 MHz, 3996 MHz, 0 %, 0 %
2026/03/23 13:26:49.182, 0, 229.66 W, 28, 2032 MHz, 3996 MHz, 0 %, 0 %
2026/03/23 13:26:49.182, 1, 235.15 W, 30, 2032 MHz, 3996 MHz, 0 %, 0 %
2026/03/23 13:26:49.182, 2, 245.64 W, 28, 2032 MHz, 3996 MHz, 0 %, 0 %
2026/03/23 13:26:49.182, 3, 235.31 W, 31, 2032 MHz, 3996 MHz, 0 %, 0 %
2026/03/23 13:26:49.182, 4, 179.34 W, 25, 120 MHz, 3996 MHz, 0 %, 0 %
2026/03/23 13:26:49.182, 5, 180.74 W, 28, 120 MHz, 3996 MHz, 0 %, 0 %
2026/03/23 13:26:49.182, 6, 178.64 W, 26, 120 MHz, 3996 MHz, 0 %, 0 %
2026/03/23 13:26:49.182, 7, 176.58 W, 27, 120 MHz, 3996 MHz, 0 %, 0 %
2026/03/23 13:26:50.182, 0, 229.65 W, 28, 2032 MHz, 3996 MHz, 0 %, 0 %
2026/03/23 13:26:50.182, 1, 235.03 W, 30, 2032 MHz, 3996 MHz, 0 %, 0 %
2026/03/23 13:26:50.182, 2, 233.99 W, 28, 2032 MHz, 3996 MHz, 0 %, 0 %
2026/03/23 13:26:50.182, 3, 235.13 W, 31, 2032 MHz, 3996 MHz, 0 %, 0 %
2026/03/23 13:26:50.182, 4, 179.67 W, 25, 120 MHz, 3996 MHz, 0 %, 0 %
2026/03/23 13:26:50.182, 5, 180.66 W, 28, 120 MHz, 3996 MHz, 0 %, 0 %
2026/03/23 13:26:50.182, 6, 178.60 W, 26, 120 MHz, 3996 MHz, 0 %, 0 %
2026/03/23 13:26:50.182, 7, 176.58 W, 27, 120 MHz, 3996 MHz, 0 %, 0 %
2026/03/23 13:26:51.182, 0, 229.46 W, 28, 2032 MHz, 3996 MHz, 0 %, 0 %
2026/03/23 13:26:51.182, 1, 234.50 W, 30, 2032 MHz, 3996 MHz, 0 %, 0 %
2026/03/23 13:26:51.182, 2, 234.07 W, 28, 2032 MHz, 3996 MHz, 0 %, 0 %
2026/03/23 13:26:51.182, 3, 235.20 W, 31, 2032 MHz, 3996 MHz, 0 %, 0 %
2026/03/23 13:26:51.182, 4, 179.82 W, 25, 120 MHz, 3996 MHz, 0 %, 0 %
2026/03/23 13:26:51.182, 5, 180.66 W, 28, 120 MHz, 3996 MHz, 0 %, 0 %
2026/03/23 13:26:51.182, 6, 178.64 W, 26, 120 MHz, 3996 MHz, 0 %, 0 %
2026/03/23 13:26:51.182, 7, 176.58 W, 27, 120 MHz, 3996 MHz, 0 %, 0 %
2026/03/23 13:26:52.183, 0, 229.20 W, 28, 2032 MHz, 3996 MHz, 0 %, 0 %
2026/03/23 13:26:52.183, 1, 234.46 W, 30, 2032 MHz, 3996 MHz, 0 %, 0 %
2026/03/23 13:26:52.183, 2, 234.12 W, 28, 2032 MHz, 3996 MHz, 0 %, 0 %
2026/03/23 13:26:52.183, 3, 235.13 W, 31, 2032 MHz, 3996 MHz, 0 %, 0 %
2026/03/23 13:26:52.183, 4, 179.80 W, 25, 120 MHz, 3996 MHz, 0 %, 0 %
2026/03/23 13:26:52.183, 5, 180.70 W, 28, 120 MHz, 3996 MHz, 0 %, 0 %
2026/03/23 13:26:52.183, 6, 178.64 W, 26, 120 MHz, 3996 MHz, 0 %, 0 %
2026/03/23 13:26:52.183, 7, 176.58 W, 27, 120 MHz, 3996 MHz, 0 %, 0 %
2026/03/23 13:26:53.183, 0, 229.46 W, 28, 2032 MHz, 3996 MHz, 0 %, 0 %
2026/03/23 13:26:53.183, 1, 234.56 W, 30, 2032 MHz, 3996 MHz, 0 %, 0 %
2026/03/23 13:26:53.183, 2, 234.06 W, 28, 2032 MHz, 3996 MHz, 0 %, 0 %
2026/03/23 13:26:53.183, 3, 235.14 W, 31, 2032 MHz, 3996 MHz, 0 %, 0 %
2026/03/23 13:26:53.183, 4, 179.46 W, 25, 120 MHz, 3996 MHz, 0 %, 0 %
2026/03/23 13:26:53.183, 5, 180.77 W, 28, 120 MHz, 3996 MHz, 0 %, 0 %
2026/03/23 13:26:53.183, 6, 178.64 W, 26, 120 MHz, 3996 MHz, 0 %, 0 %
2026/03/23 13:26:53.183, 7, 176.58 W, 27, 120 MHz, 3996 MHz, 0 %, 0 %
2026/03/23 13:26:54.183, 0, 229.31 W, 28, 2032 MHz, 3996 MHz, 0 %, 0 %
2026/03/23 13:26:54.183, 1, 234.65 W, 30, 2032 MHz, 3996 MHz, 0 %, 0 %
2026/03/23 13:26:54.183, 2, 234.08 W, 28, 2032 MHz, 3996 MHz, 0 %, 0 %
2026/03/23 13:26:54.183, 3, 235.12 W, 31, 2032 MHz, 3996 MHz, 0 %, 0 %
2026/03/23 13:26:54.183, 4, 179.65 W, 25, 120 MHz, 3996 MHz, 0 %, 0 %
2026/03/23 13:26:54.183, 5, 180.66 W, 28, 120 MHz, 3996 MHz, 0 %, 0 %
2026/03/23 13:26:54.183, 6, 178.64 W, 26, 120 MHz, 3996 MHz, 0 %, 0 %
2026/03/23 13:26:54.183, 7, 176.58 W, 27, 120 MHz, 3996 MHz, 0 %, 0 %
2026/03/23 13:26:55.183, 0, 262.12 W, 28, 2032 MHz, 3996 MHz, 0 %, 0 %
2026/03/23 13:26:55.183, 1, 284.49 W, 30, 2032 MHz, 3996 MHz, 0 %, 0 %
2026/03/23 13:26:55.183, 2, 283.27 W, 28, 2032 MHz, 3996 MHz, 0 %, 0 %
2026/03/23 13:26:55.183, 3, 282.08 W, 31, 2032 MHz, 3996 MHz, 0 %, 0 %
2026/03/23 13:26:55.183, 4, 179.71 W, 25, 120 MHz, 3996 MHz, 0 %, 0 %
2026/03/23 13:26:55.183, 5, 180.66 W, 28, 120 MHz, 3996 MHz, 0 %, 0 %
2026/03/23 13:26:55.183, 6, 178.56 W, 26, 120 MHz, 3996 MHz, 0 %, 0 %
2026/03/23 13:26:55.183, 7, 176.58 W, 27, 120 MHz, 3996 MHz, 0 %, 0 %
2026/03/23 13:26:56.183, 0, 229.51 W, 28, 2032 MHz, 3996 MHz, 0 %, 0 %
2026/03/23 13:26:56.183, 1, 234.72 W, 30, 2032 MHz, 3996 MHz, 0 %, 0 %
2026/03/23 13:26:56.183, 2, 234.35 W, 28, 2032 MHz, 3996 MHz, 0 %, 0 %
2026/03/23 13:26:56.183, 3, 235.14 W, 31, 2032 MHz, 3996 MHz, 0 %, 0 %
2026/03/23 13:26:56.183, 4, 179.86 W, 25, 120 MHz, 3996 MHz, 0 %, 0 %
2026/03/23 13:26:56.183, 5, 180.89 W, 28, 120 MHz, 3996 MHz, 0 %, 0 %
2026/03/23 13:26:56.183, 6, 178.63 W, 26, 120 MHz, 3996 MHz, 0 %, 0 %
2026/03/23 13:26:56.183, 7, 176.58 W, 27, 120 MHz, 3996 MHz, 0 %, 0 %
2026/03/23 13:26:57.183, 0, 229.54 W, 28, 2032 MHz, 3996 MHz, 0 %, 0 %
2026/03/23 13:26:57.183, 1, 234.61 W, 30, 2032 MHz, 3996 MHz, 0 %, 0 %
2026/03/23 13:26:57.183, 2, 234.05 W, 28, 2032 MHz, 3996 MHz, 0 %, 0 %
2026/03/23 13:26:57.183, 3, 235.09 W, 31, 2032 MHz, 3996 MHz, 0 %, 0 %
2026/03/23 13:26:57.183, 4, 179.57 W, 25, 120 MHz, 3996 MHz, 0 %, 0 %
2026/03/23 13:26:57.183, 5, 180.70 W, 28, 120 MHz, 3996 MHz, 0 %, 0 %
2026/03/23 13:26:57.183, 6, 178.64 W, 26, 120 MHz, 3996 MHz, 0 %, 0 %
2026/03/23 13:26:57.183, 7, 176.58 W, 27, 120 MHz, 3996 MHz, 0 %, 0 %
2026/03/23 13:26:58.184, 0, 229.31 W, 28, 2032 MHz, 3996 MHz, 0 %, 0 %
2026/03/23 13:26:58.184, 1, 234.42 W, 30, 2032 MHz, 3996 MHz, 0 %, 0 %
2026/03/23 13:26:58.184, 2, 234.06 W, 28, 2032 MHz, 3996 MHz, 0 %, 0 %
2026/03/23 13:26:58.184, 3, 235.12 W, 31, 2032 MHz, 3996 MHz, 0 %, 0 %
2026/03/23 13:26:58.184, 4, 179.71 W, 25, 120 MHz, 3996 MHz, 0 %, 0 %
2026/03/23 13:26:58.184, 5, 180.66 W, 28, 120 MHz, 3996 MHz, 0 %, 0 %
2026/03/23 13:26:58.184, 6, 178.63 W, 26, 120 MHz, 3996 MHz, 0 %, 0 %
2026/03/23 13:26:58.184, 7, 176.58 W, 27, 120 MHz, 3996 MHz, 0 %, 0 %
2026/03/23 13:26:59.184, 0, 229.47 W, 28, 2032 MHz, 3996 MHz, 0 %, 0 %
2026/03/23 13:26:59.184, 1, 234.23 W, 30, 2032 MHz, 3996 MHz, 0 %, 0 %
2026/03/23 13:26:59.184, 2, 234.01 W, 28, 2032 MHz, 3996 MHz, 0 %, 0 %
2026/03/23 13:26:59.184, 3, 235.13 W, 31, 2032 MHz, 3996 MHz, 0 %, 0 %
2026/03/23 13:26:59.184, 4, 179.39 W, 25, 120 MHz, 3996 MHz, 0 %, 0 %
2026/03/23 13:26:59.184, 5, 180.70 W, 28, 120 MHz, 3996 MHz, 0 %, 0 %
2026/03/23 13:26:59.184, 6, 178.60 W, 26, 120 MHz, 3996 MHz, 0 %, 0 %
2026/03/23 13:26:59.184, 7, 176.58 W, 27, 120 MHz, 3996 MHz, 0 %, 0 %
2026/03/23 13:27:00.184, 0, 229.47 W, 28, 2032 MHz, 3996 MHz, 0 %, 0 %
2026/03/23 13:27:00.184, 1, 233.59 W, 30, 2032 MHz, 3996 MHz, 0 %, 0 %
2026/03/23 13:27:00.184, 2, 234.02 W, 28, 2032 MHz, 3996 MHz, 0 %, 0 %
2026/03/23 13:27:00.184, 3, 235.12 W, 31, 2032 MHz, 3996 MHz, 0 %, 0 %
2026/03/23 13:27:00.184, 4, 179.62 W, 25, 120 MHz, 3996 MHz, 0 %, 0 %
2026/03/23 13:27:00.184, 5, 180.70 W, 28, 120 MHz, 3996 MHz, 0 %, 0 %
2026/03/23 13:27:00.184, 6, 178.64 W, 26, 120 MHz, 3996 MHz, 0 %, 0 %
2026/03/23 13:27:00.184, 7, 176.58 W, 27, 120 MHz, 3996 MHz, 0 %, 0 %
2026/03/23 13:27:01.184, 0, 228.61 W, 28, 2032 MHz, 3996 MHz, 0 %, 0 %
2026/03/23 13:27:01.184, 1, 233.24 W, 30, 2032 MHz, 3996 MHz, 0 %, 0 %
2026/03/23 13:27:01.184, 2, 234.10 W, 28, 2032 MHz, 3996 MHz, 0 %, 0 %
2026/03/23 13:27:01.184, 3, 234.98 W, 30, 2032 MHz, 3996 MHz, 0 %, 0 %
2026/03/23 13:27:01.184, 4, 179.79 W, 25, 120 MHz, 3996 MHz, 0 %, 0 %
2026/03/23 13:27:01.184, 5, 180.85 W, 28, 120 MHz, 3996 MHz, 0 %, 0 %
2026/03/23 13:27:01.184, 6, 178.52 W, 26, 120 MHz, 3996 MHz, 0 %, 0 %
2026/03/23 13:27:01.184, 7, 176.58 W, 27, 120 MHz, 3996 MHz, 0 %, 0 %
2026/03/23 13:27:02.184, 0, 228.26 W, 28, 2032 MHz, 3996 MHz, 0 %, 0 %
2026/03/23 13:27:02.184, 1, 233.20 W, 30, 2032 MHz, 3996 MHz, 0 %, 0 %
2026/03/23 13:27:02.184, 2, 234.01 W, 27, 2032 MHz, 3996 MHz, 0 %, 0 %
2026/03/23 13:27:02.184, 3, 234.80 W, 30, 2032 MHz, 3996 MHz, 0 %, 0 %
2026/03/23 13:27:02.184, 4, 179.39 W, 25, 120 MHz, 3996 MHz, 0 %, 0 %
2026/03/23 13:27:02.184, 5, 180.70 W, 28, 120 MHz, 3996 MHz, 0 %, 0 %
2026/03/23 13:27:02.184, 6, 178.64 W, 26, 120 MHz, 3996 MHz, 0 %, 0 %
2026/03/23 13:27:02.184, 7, 176.58 W, 27, 120 MHz, 3996 MHz, 0 %, 0 %
2026/03/23 13:27:03.185, 0, 228.15 W, 28, 2032 MHz, 3996 MHz, 0 %, 0 %
2026/03/23 13:27:03.185, 1, 233.20 W, 30, 2032 MHz, 3996 MHz, 0 %, 0 %
2026/03/23 13:27:03.185, 2, 234.02 W, 27, 2032 MHz, 3996 MHz, 0 %, 0 %
2026/03/23 13:27:03.185, 3, 234.79 W, 30, 2032 MHz, 3996 MHz, 0 %, 0 %
2026/03/23 13:27:03.185, 4, 179.84 W, 25, 120 MHz, 3996 MHz, 0 %, 0 %
2026/03/23 13:27:03.185, 5, 180.70 W, 28, 120 MHz, 3996 MHz, 0 %, 0 %
2026/03/23 13:27:03.185, 6, 178.60 W, 26, 120 MHz, 3996 MHz, 0 %, 0 %
2026/03/23 13:27:03.185, 7, 176.58 W, 27, 120 MHz, 3996 MHz, 0 %, 0 %
2026/03/23 13:27:04.185, 0, 243.51 W, 28, 2032 MHz, 3996 MHz, 99 %, 6 %
2026/03/23 13:27:04.185, 1, 242.60 W, 31, 2032 MHz, 3996 MHz, 99 %, 5 %
2026/03/23 13:27:04.185, 2, 243.43 W, 28, 2032 MHz, 3996 MHz, 11 %, 3 %
2026/03/23 13:27:04.185, 3, 242.65 W, 31, 2032 MHz, 3996 MHz, 0 %, 0 %
2026/03/23 13:27:04.185, 4, 179.75 W, 25, 120 MHz, 3996 MHz, 0 %, 0 %
2026/03/23 13:27:04.185, 5, 180.70 W, 28, 120 MHz, 3996 MHz, 0 %, 0 %
2026/03/23 13:27:04.185, 6, 178.64 W, 26, 120 MHz, 3996 MHz, 0 %, 0 %
2026/03/23 13:27:04.185, 7, 176.58 W, 27, 120 MHz, 3996 MHz, 0 %, 0 %
2026/03/23 13:27:05.185, 0, 438.06 W, 31, 2032 MHz, 3996 MHz, 100 %, 24 %
2026/03/23 13:27:05.185, 1, 442.88 W, 33, 2032 MHz, 3996 MHz, 100 %, 24 %
2026/03/23 13:27:05.185, 2, 434.35 W, 30, 2032 MHz, 3996 MHz, 100 %, 24 %
2026/03/23 13:27:05.185, 3, 432.74 W, 33, 2032 MHz, 3996 MHz, 100 %, 24 %
2026/03/23 13:27:05.185, 4, 179.37 W, 25, 120 MHz, 3996 MHz, 0 %, 0 %
2026/03/23 13:27:05.185, 5, 180.70 W, 28, 120 MHz, 3996 MHz, 0 %, 0 %
2026/03/23 13:27:05.185, 6, 178.63 W, 26, 120 MHz, 3996 MHz, 0 %, 0 %
2026/03/23 13:27:05.185, 7, 176.58 W, 27, 120 MHz, 3996 MHz, 0 %, 0 %
2026/03/23 13:27:06.185, 0, 441.58 W, 31, 2032 MHz, 3996 MHz, 100 %, 24 %
2026/03/23 13:27:06.185, 1, 450.02 W, 33, 2032 MHz, 3996 MHz, 100 %, 24 %
2026/03/23 13:27:06.185, 2, 443.13 W, 31, 2032 MHz, 3996 MHz, 100 %, 24 %
2026/03/23 13:27:06.185, 3, 441.50 W, 34, 2032 MHz, 3996 MHz, 100 %, 24 %
2026/03/23 13:27:06.185, 4, 179.52 W, 25, 120 MHz, 3996 MHz, 0 %, 0 %
2026/03/23 13:27:06.185, 5, 180.74 W, 28, 120 MHz, 3996 MHz, 0 %, 0 %
2026/03/23 13:27:06.185, 6, 178.64 W, 26, 120 MHz, 3996 MHz, 0 %, 0 %
2026/03/23 13:27:06.185, 7, 176.58 W, 27, 120 MHz, 3996 MHz, 0 %, 0 %
2026/03/23 13:27:07.185, 0, 442.89 W, 31, 2032 MHz, 3996 MHz, 100 %, 24 %
2026/03/23 13:27:07.185, 1, 450.07 W, 33, 2032 MHz, 3996 MHz, 100 %, 24 %
2026/03/23 13:27:07.185, 2, 445.07 W, 31, 2032 MHz, 3996 MHz, 100 %, 24 %
2026/03/23 13:27:07.185, 3, 442.67 W, 34, 2032 MHz, 3996 MHz, 100 %, 24 %
2026/03/23 13:27:07.185, 4, 179.48 W, 25, 120 MHz, 3996 MHz, 0 %, 0 %
2026/03/23 13:27:07.185, 5, 180.70 W, 28, 120 MHz, 3996 MHz, 0 %, 0 %
2026/03/23 13:27:07.185, 6, 178.64 W, 26, 120 MHz, 3996 MHz, 0 %, 0 %
2026/03/23 13:27:07.185, 7, 176.58 W, 27, 120 MHz, 3996 MHz, 0 %, 0 %
2026/03/23 13:27:08.185, 0, 443.55 W, 31, 2032 MHz, 3996 MHz, 100 %, 24 %
2026/03/23 13:27:08.185, 1, 451.20 W, 34, 2032 MHz, 3996 MHz, 100 %, 24 %
2026/03/23 13:27:08.185, 2, 445.61 W, 31, 2032 MHz, 3996 MHz, 100 %, 24 %
2026/03/23 13:27:08.185, 3, 443.40 W, 34, 2032 MHz, 3996 MHz, 100 %, 24 %
2026/03/23 13:27:08.185, 4, 179.40 W, 25, 120 MHz, 3996 MHz, 0 %, 0 %
2026/03/23 13:27:08.185, 5, 180.74 W, 28, 120 MHz, 3996 MHz, 0 %, 0 %
2026/03/23 13:27:08.185, 6, 178.64 W, 26, 120 MHz, 3996 MHz, 0 %, 0 %
2026/03/23 13:27:08.185, 7, 176.58 W, 27, 120 MHz, 3996 MHz, 0 %, 0 %
2026/03/23 13:27:09.185, 0, 444.40 W, 32, 2032 MHz, 3996 MHz, 100 %, 24 %
2026/03/23 13:27:09.185, 1, 452.06 W, 34, 2032 MHz, 3996 MHz, 100 %, 24 %
2026/03/23 13:27:09.185, 2, 445.87 W, 31, 2032 MHz, 3996 MHz, 100 %, 24 %
2026/03/23 13:27:09.185, 3, 444.68 W, 34, 2032 MHz, 3996 MHz, 100 %, 24 %
2026/03/23 13:27:09.185, 4, 179.62 W, 25, 120 MHz, 3996 MHz, 0 %, 0 %
2026/03/23 13:27:09.185, 5, 180.74 W, 28, 120 MHz, 3996 MHz, 0 %, 0 %
2026/03/23 13:27:09.186, 6, 178.64 W, 26, 120 MHz, 3996 MHz, 0 %, 0 %
2026/03/23 13:27:09.186, 7, 176.58 W, 27, 120 MHz, 3996 MHz, 0 %, 0 %
2026/03/23 13:27:10.186, 0, 445.49 W, 32, 2032 MHz, 3996 MHz, 100 %, 24 %
2026/03/23 13:27:10.186, 1, 453.34 W, 34, 2032 MHz, 3996 MHz, 100 %, 24 %
2026/03/23 13:27:10.186, 2, 446.89 W, 31, 2032 MHz, 3996 MHz, 100 %, 24 %
2026/03/23 13:27:10.186, 3, 445.25 W, 34, 2032 MHz, 3996 MHz, 100 %, 24 %
2026/03/23 13:27:10.186, 4, 179.56 W, 25, 120 MHz, 3996 MHz, 0 %, 0 %
2026/03/23 13:27:10.186, 5, 180.70 W, 28, 120 MHz, 3996 MHz, 0 %, 0 %
2026/03/23 13:27:10.186, 6, 178.60 W, 26, 120 MHz, 3996 MHz, 0 %, 0 %
2026/03/23 13:27:10.186, 7, 176.58 W, 27, 120 MHz, 3996 MHz, 0 %, 0 %
2026/03/23 13:27:11.186, 0, 446.38 W, 32, 2032 MHz, 3996 MHz, 100 %, 24 %
2026/03/23 13:27:11.186, 1, 454.13 W, 34, 2032 MHz, 3996 MHz, 100 %, 24 %
2026/03/23 13:27:11.186, 2, 447.88 W, 31, 2032 MHz, 3996 MHz, 100 %, 24 %
2026/03/23 13:27:11.186, 3, 446.06 W, 34, 2032 MHz, 3996 MHz, 100 %, 24 %
2026/03/23 13:27:11.186, 4, 179.32 W, 25, 120 MHz, 3996 MHz, 0 %, 0 %
2026/03/23 13:27:11.186, 5, 180.70 W, 28, 120 MHz, 3996 MHz, 0 %, 0 %
2026/03/23 13:27:11.186, 6, 178.60 W, 26, 120 MHz, 3996 MHz, 0 %, 0 %
2026/03/23 13:27:11.186, 7, 176.58 W, 27, 120 MHz, 3996 MHz, 0 %, 0 %
2026/03/23 13:27:12.186, 0, 373.67 W, 30, 2032 MHz, 3996 MHz, 0 %, 0 %
2026/03/23 13:27:12.186, 1, 392.39 W, 32, 2032 MHz, 3996 MHz, 0 %, 0 %
2026/03/23 13:27:12.186, 2, 387.26 W, 29, 2032 MHz, 3996 MHz, 0 %, 0 %
2026/03/23 13:27:12.186, 3, 385.95 W, 32, 2032 MHz, 3996 MHz, 0 %, 0 %
2026/03/23 13:27:12.186, 4, 179.53 W, 25, 120 MHz, 3996 MHz, 0 %, 0 %
2026/03/23 13:27:12.186, 5, 180.81 W, 28, 120 MHz, 3996 MHz, 0 %, 0 %
2026/03/23 13:27:12.186, 6, 178.64 W, 26, 120 MHz, 3996 MHz, 0 %, 0 %
2026/03/23 13:27:12.186, 7, 176.58 W, 27, 120 MHz, 3996 MHz, 0 %, 0 %
2026/03/23 13:27:13.186, 0, 230.04 W, 29, 2032 MHz, 3996 MHz, 0 %, 0 %
2026/03/23 13:27:13.186, 1, 235.11 W, 31, 2032 MHz, 3996 MHz, 0 %, 0 %
2026/03/23 13:27:13.186, 2, 235.82 W, 28, 2032 MHz, 3996 MHz, 0 %, 0 %
2026/03/23 13:27:13.186, 3, 236.33 W, 31, 2032 MHz, 3996 MHz, 0 %, 0 %
2026/03/23 13:27:13.186, 4, 179.71 W, 25, 120 MHz, 3996 MHz, 0 %, 0 %
2026/03/23 13:27:13.186, 5, 180.86 W, 28, 120 MHz, 3996 MHz, 0 %, 0 %
2026/03/23 13:27:13.186, 6, 178.64 W, 26, 120 MHz, 3996 MHz, 0 %, 0 %
2026/03/23 13:27:13.186, 7, 176.58 W, 27, 120 MHz, 3996 MHz, 0 %, 0 %
2026/03/23 13:27:14.186, 0, 307.57 W, 31, 2032 MHz, 3996 MHz, 100 %, 23 %
2026/03/23 13:27:14.186, 1, 306.66 W, 33, 2032 MHz, 3996 MHz, 100 %, 23 %
2026/03/23 13:27:14.186, 2, 305.58 W, 30, 2032 MHz, 3996 MHz, 100 %, 23 %
2026/03/23 13:27:14.186, 3, 301.22 W, 33, 2032 MHz, 3996 MHz, 75 %, 17 %
2026/03/23 13:27:14.186, 4, 179.57 W, 25, 120 MHz, 3996 MHz, 0 %, 0 %
2026/03/23 13:27:14.186, 5, 180.77 W, 28, 120 MHz, 3996 MHz, 0 %, 0 %
2026/03/23 13:27:14.186, 6, 178.64 W, 26, 120 MHz, 3996 MHz, 0 %, 0 %
2026/03/23 13:27:14.186, 7, 176.58 W, 27, 120 MHz, 3996 MHz, 0 %, 0 %
2026/03/23 13:27:15.186, 0, 441.54 W, 32, 2032 MHz, 3996 MHz, 100 %, 24 %
2026/03/23 13:27:15.186, 1, 447.79 W, 34, 2032 MHz, 3996 MHz, 100 %, 24 %
2026/03/23 13:27:15.186, 2, 442.63 W, 31, 2032 MHz, 3996 MHz, 100 %, 24 %
2026/03/23 13:27:15.186, 3, 441.42 W, 34, 2032 MHz, 3996 MHz, 100 %, 24 %
2026/03/23 13:27:15.186, 4, 179.46 W, 25, 120 MHz, 3996 MHz, 0 %, 0 %
2026/03/23 13:27:15.186, 5, 180.70 W, 28, 120 MHz, 3996 MHz, 0 %, 0 %
2026/03/23 13:27:15.186, 6, 178.63 W, 26, 120 MHz, 3996 MHz, 0 %, 0 %
2026/03/23 13:27:15.186, 7, 176.58 W, 27, 120 MHz, 3996 MHz, 0 %, 0 %
2026/03/23 13:27:16.186, 0, 442.05 W, 32, 2032 MHz, 3996 MHz, 100 %, 24 %
2026/03/23 13:27:16.186, 1, 448.40 W, 34, 2032 MHz, 3996 MHz, 100 %, 24 %
2026/03/23 13:27:16.186, 2, 444.79 W, 31, 2032 MHz, 3996 MHz, 100 %, 24 %
2026/03/23 13:27:16.186, 3, 442.18 W, 34, 2032 MHz, 3996 MHz, 100 %, 24 %
2026/03/23 13:27:16.186, 4, 179.60 W, 25, 120 MHz, 3996 MHz, 0 %, 0 %
2026/03/23 13:27:16.186, 5, 180.81 W, 28, 120 MHz, 3996 MHz, 0 %, 0 %
2026/03/23 13:27:16.187, 6, 178.64 W, 26, 120 MHz, 3996 MHz, 0 %, 0 %
2026/03/23 13:27:16.187, 7, 176.58 W, 27, 120 MHz, 3996 MHz, 0 %, 0 %
2026/03/23 13:27:17.187, 0, 443.67 W, 32, 2032 MHz, 3996 MHz, 100 %, 24 %
2026/03/23 13:27:17.187, 1, 450.90 W, 34, 2032 MHz, 3996 MHz, 100 %, 24 %
2026/03/23 13:27:17.187, 2, 445.75 W, 32, 2032 MHz, 3996 MHz, 100 %, 24 %
2026/03/23 13:27:17.187, 3, 443.82 W, 34, 2032 MHz, 3996 MHz, 100 %, 24 %
2026/03/23 13:27:17.187, 4, 179.68 W, 25, 120 MHz, 3996 MHz, 0 %, 0 %
2026/03/23 13:27:17.187, 5, 180.70 W, 28, 120 MHz, 3996 MHz, 0 %, 0 %
2026/03/23 13:27:17.187, 6, 178.64 W, 26, 120 MHz, 3996 MHz, 0 %, 0 %
2026/03/23 13:27:17.187, 7, 176.58 W, 27, 120 MHz, 3996 MHz, 0 %, 0 %
2026/03/23 13:27:18.187, 0, 444.40 W, 32, 2032 MHz, 3996 MHz, 100 %, 24 %
2026/03/23 13:27:18.187, 1, 452.11 W, 34, 2032 MHz, 3996 MHz, 100 %, 24 %
2026/03/23 13:27:18.187, 2, 446.28 W, 32, 2032 MHz, 3996 MHz, 100 %, 24 %
2026/03/23 13:27:18.187, 3, 443.92 W, 35, 2032 MHz, 3996 MHz, 100 %, 24 %
2026/03/23 13:27:18.187, 4, 179.61 W, 25, 120 MHz, 3996 MHz, 0 %, 0 %
2026/03/23 13:27:18.187, 5, 180.78 W, 28, 120 MHz, 3996 MHz, 0 %, 0 %
2026/03/23 13:27:18.187, 6, 178.64 W, 26, 120 MHz, 3996 MHz, 0 %, 0 %
2026/03/23 13:27:18.187, 7, 176.58 W, 27, 120 MHz, 3996 MHz, 0 %, 0 %
2026/03/23 13:27:19.187, 0, 445.57 W, 32, 2032 MHz, 3996 MHz, 100 %, 24 %
2026/03/23 13:27:19.187, 1, 453.20 W, 34, 2032 MHz, 3996 MHz, 100 %, 24 %
2026/03/23 13:27:19.187, 2, 446.67 W, 32, 2032 MHz, 3996 MHz, 100 %, 24 %
2026/03/23 13:27:19.187, 3, 445.58 W, 35, 2032 MHz, 3996 MHz, 100 %, 24 %
2026/03/23 13:27:19.187, 4, 179.60 W, 25, 120 MHz, 3996 MHz, 0 %, 0 %
2026/03/23 13:27:19.187, 5, 180.89 W, 28, 120 MHz, 3996 MHz, 0 %, 0 %
2026/03/23 13:27:19.187, 6, 178.60 W, 26, 120 MHz, 3996 MHz, 0 %, 0 %
2026/03/23 13:27:19.187, 7, 176.58 W, 27, 120 MHz, 3996 MHz, 0 %, 0 %
2026/03/23 13:27:20.187, 0, 445.98 W, 32, 2032 MHz, 3996 MHz, 100 %, 24 %
2026/03/23 13:27:20.187, 1, 454.35 W, 34, 2032 MHz, 3996 MHz, 100 %, 24 %
2026/03/23 13:27:20.187, 2, 447.72 W, 32, 2032 MHz, 3996 MHz, 100 %, 24 %
2026/03/23 13:27:20.187, 3, 446.23 W, 35, 2032 MHz, 3996 MHz, 100 %, 24 %
2026/03/23 13:27:20.187, 4, 179.60 W, 25, 120 MHz, 3996 MHz, 0 %, 0 %
2026/03/23 13:27:20.187, 5, 180.85 W, 28, 120 MHz, 3996 MHz, 0 %, 0 %
2026/03/23 13:27:20.187, 6, 178.64 W, 26, 120 MHz, 3996 MHz, 0 %, 0 %
2026/03/23 13:27:20.187, 7, 176.58 W, 27, 120 MHz, 3996 MHz, 0 %, 0 %
2026/03/23 13:27:21.187, 0, 447.08 W, 32, 2032 MHz, 3996 MHz, 100 %, 24 %
2026/03/23 13:27:21.187, 1, 455.18 W, 34, 2032 MHz, 3996 MHz, 100 %, 24 %
2026/03/23 13:27:21.187, 2, 449.26 W, 32, 2032 MHz, 3996 MHz, 100 %, 24 %
2026/03/23 13:27:21.187, 3, 447.14 W, 35, 2032 MHz, 3996 MHz, 100 %, 24 %
2026/03/23 13:27:21.187, 4, 179.75 W, 25, 120 MHz, 3996 MHz, 0 %, 0 %
2026/03/23 13:27:21.187, 5, 181.01 W, 28, 120 MHz, 3996 MHz, 0 %, 0 %
2026/03/23 13:27:21.187, 6, 178.63 W, 26, 120 MHz, 3996 MHz, 0 %, 0 %
2026/03/23 13:27:21.187, 7, 176.58 W, 27, 120 MHz, 3996 MHz, 0 %, 0 %
2026/03/23 13:27:22.187, 0, 504.45 W, 34, 2032 MHz, 3996 MHz, 100 %, 35 %
2026/03/23 13:27:22.187, 1, 505.65 W, 36, 2032 MHz, 3996 MHz, 100 %, 37 %
2026/03/23 13:27:22.187, 2, 504.59 W, 33, 2032 MHz, 3996 MHz, 100 %, 36 %
2026/03/23 13:27:22.187, 3, 500.03 W, 36, 2032 MHz, 3996 MHz, 97 %, 44 %
2026/03/23 13:27:22.187, 4, 179.63 W, 25, 120 MHz, 3996 MHz, 0 %, 0 %
2026/03/23 13:27:22.187, 5, 180.66 W, 28, 120 MHz, 3996 MHz, 0 %, 0 %
2026/03/23 13:27:22.187, 6, 178.64 W, 26, 120 MHz, 3996 MHz, 0 %, 0 %
2026/03/23 13:27:22.187, 7, 176.58 W, 27, 120 MHz, 3996 MHz, 0 %, 0 %
2026/03/23 13:27:23.187, 0, 548.54 W, 34, 2032 MHz, 3996 MHz, 100 %, 40 %
2026/03/23 13:27:23.187, 1, 555.55 W, 36, 2032 MHz, 3996 MHz, 100 %, 40 %
2026/03/23 13:27:23.187, 2, 551.00 W, 33, 2032 MHz, 3996 MHz, 100 %, 40 %
2026/03/23 13:27:23.187, 3, 550.07 W, 36, 2032 MHz, 3996 MHz, 100 %, 40 %
2026/03/23 13:27:23.187, 4, 179.89 W, 25, 120 MHz, 3996 MHz, 0 %, 0 %
2026/03/23 13:27:23.188, 5, 180.74 W, 28, 120 MHz, 3996 MHz, 0 %, 0 %
2026/03/23 13:27:23.188, 6, 178.64 W, 26, 120 MHz, 3996 MHz, 0 %, 0 %
2026/03/23 13:27:23.188, 7, 176.58 W, 27, 120 MHz, 3996 MHz, 0 %, 0 %
2026/03/23 13:27:24.188, 0, 555.22 W, 34, 2032 MHz, 3996 MHz, 100 %, 41 %
2026/03/23 13:27:24.188, 1, 563.73 W, 36, 2032 MHz, 3996 MHz, 100 %, 41 %
2026/03/23 13:27:24.188, 2, 560.51 W, 34, 2032 MHz, 3996 MHz, 100 %, 41 %
2026/03/23 13:27:24.188, 3, 557.10 W, 37, 2032 MHz, 3996 MHz, 100 %, 41 %
2026/03/23 13:27:24.188, 4, 179.67 W, 25, 120 MHz, 3996 MHz, 0 %, 0 %
2026/03/23 13:27:24.188, 5, 180.89 W, 28, 120 MHz, 3996 MHz, 0 %, 0 %
2026/03/23 13:27:24.188, 6, 178.64 W, 26, 120 MHz, 3996 MHz, 0 %, 0 %
2026/03/23 13:27:24.188, 7, 176.58 W, 27, 120 MHz, 3996 MHz, 0 %, 0 %
2026/03/23 13:27:25.188, 0, 556.48 W, 34, 2032 MHz, 3996 MHz, 100 %, 41 %
2026/03/23 13:27:25.188, 1, 565.66 W, 36, 2032 MHz, 3996 MHz, 100 %, 41 %
2026/03/23 13:27:25.188, 2, 561.69 W, 34, 2032 MHz, 3996 MHz, 100 %, 41 %
2026/03/23 13:27:25.188, 3, 558.91 W, 37, 2032 MHz, 3996 MHz, 100 %, 41 %
2026/03/23 13:27:25.188, 4, 179.77 W, 25, 120 MHz, 3996 MHz, 0 %, 0 %
2026/03/23 13:27:25.188, 5, 180.89 W, 28, 120 MHz, 3996 MHz, 0 %, 0 %
2026/03/23 13:27:25.188, 6, 178.60 W, 26, 120 MHz, 3996 MHz, 0 %, 0 %
2026/03/23 13:27:25.188, 7, 176.58 W, 27, 120 MHz, 3996 MHz, 0 %, 0 %
2026/03/23 13:27:26.188, 0, 557.13 W, 34, 2032 MHz, 3996 MHz, 100 %, 41 %
2026/03/23 13:27:26.188, 1, 566.11 W, 36, 2032 MHz, 3996 MHz, 100 %, 41 %
2026/03/23 13:27:26.188, 2, 562.88 W, 34, 2032 MHz, 3996 MHz, 100 %, 41 %
2026/03/23 13:27:26.188, 3, 560.80 W, 37, 2032 MHz, 3996 MHz, 100 %, 41 %
2026/03/23 13:27:26.188, 4, 179.67 W, 25, 120 MHz, 3996 MHz, 0 %, 0 %
2026/03/23 13:27:26.188, 5, 180.70 W, 28, 120 MHz, 3996 MHz, 0 %, 0 %
2026/03/23 13:27:26.188, 6, 178.64 W, 26, 120 MHz, 3996 MHz, 0 %, 0 %
2026/03/23 13:27:26.188, 7, 176.58 W, 27, 120 MHz, 3996 MHz, 0 %, 0 %
2026/03/23 13:27:27.188, 0, 559.73 W, 34, 2032 MHz, 3996 MHz, 100 %, 41 %
2026/03/23 13:27:27.188, 1, 566.72 W, 37, 2032 MHz, 3996 MHz, 100 %, 41 %
2026/03/23 13:27:27.188, 2, 563.89 W, 34, 2032 MHz, 3996 MHz, 100 %, 41 %
2026/03/23 13:27:27.188, 3, 563.09 W, 37, 2032 MHz, 3996 MHz, 100 %, 41 %
2026/03/23 13:27:27.188, 4, 179.39 W, 25, 120 MHz, 3996 MHz, 0 %, 0 %
2026/03/23 13:27:27.188, 5, 180.89 W, 28, 120 MHz, 3996 MHz, 0 %, 0 %
2026/03/23 13:27:27.188, 6, 178.60 W, 26, 120 MHz, 3996 MHz, 0 %, 0 %
2026/03/23 13:27:27.188, 7, 176.58 W, 27, 120 MHz, 3996 MHz, 0 %, 0 %
2026/03/23 13:27:28.188, 0, 560.58 W, 34, 2032 MHz, 3996 MHz, 100 %, 41 %
2026/03/23 13:27:28.188, 1, 568.49 W, 37, 2032 MHz, 3996 MHz, 100 %, 41 %
2026/03/23 13:27:28.188, 2, 563.48 W, 34, 2032 MHz, 3996 MHz, 100 %, 41 %
2026/03/23 13:27:28.188, 3, 561.91 W, 37, 2032 MHz, 3996 MHz, 100 %, 41 %
2026/03/23 13:27:28.188, 4, 179.45 W, 25, 120 MHz, 3996 MHz, 0 %, 0 %
2026/03/23 13:27:28.188, 5, 180.70 W, 28, 120 MHz, 3996 MHz, 0 %, 0 %
2026/03/23 13:27:28.188, 6, 178.60 W, 26, 120 MHz, 3996 MHz, 0 %, 0 %
2026/03/23 13:27:28.188, 7, 176.58 W, 27, 120 MHz, 3996 MHz, 0 %, 0 %
2026/03/23 13:27:29.188, 0, 559.41 W, 35, 2032 MHz, 3996 MHz, 100 %, 41 %
2026/03/23 13:27:29.188, 1, 567.50 W, 37, 2032 MHz, 3996 MHz, 100 %, 41 %
2026/03/23 13:27:29.188, 2, 564.73 W, 34, 2032 MHz, 3996 MHz, 100 %, 41 %
2026/03/23 13:27:29.188, 3, 563.71 W, 37, 2032 MHz, 3996 MHz, 100 %, 41 %
2026/03/23 13:27:29.188, 4, 179.63 W, 25, 120 MHz, 3996 MHz, 0 %, 0 %
2026/03/23 13:27:29.188, 5, 181.00 W, 28, 120 MHz, 3996 MHz, 0 %, 0 %
2026/03/23 13:27:29.188, 6, 178.64 W, 26, 120 MHz, 3996 MHz, 0 %, 0 %
2026/03/23 13:27:29.188, 7, 176.62 W, 27, 120 MHz, 3996 MHz, 0 %, 0 %
2026/03/23 13:27:30.189, 0, 561.06 W, 35, 2032 MHz, 3996 MHz, 100 %, 41 %
2026/03/23 13:27:30.189, 1, 569.01 W, 37, 2032 MHz, 3996 MHz, 100 %, 41 %
2026/03/23 13:27:30.189, 2, 563.65 W, 34, 2032 MHz, 3996 MHz, 100 %, 41 %
2026/03/23 13:27:30.189, 3, 562.43 W, 37, 2032 MHz, 3996 MHz, 100 %, 41 %
2026/03/23 13:27:30.189, 4, 179.51 W, 25, 120 MHz, 3996 MHz, 0 %, 0 %
2026/03/23 13:27:30.189, 5, 180.70 W, 28, 120 MHz, 3996 MHz, 0 %, 0 %
2026/03/23 13:27:30.189, 6, 178.64 W, 26, 120 MHz, 3996 MHz, 0 %, 0 %
2026/03/23 13:27:30.189, 7, 176.58 W, 27, 120 MHz, 3996 MHz, 0 %, 0 %
2026/03/23 13:27:31.189, 0, 551.60 W, 34, 2032 MHz, 3996 MHz, 100 %, 41 %
2026/03/23 13:27:31.189, 1, 555.96 W, 37, 2032 MHz, 3996 MHz, 94 %, 38 %
2026/03/23 13:27:31.189, 2, 557.78 W, 34, 2032 MHz, 3996 MHz, 100 %, 41 %
2026/03/23 13:27:31.189, 3, 537.63 W, 37, 2032 MHz, 3996 MHz, 100 %, 41 %
2026/03/23 13:27:31.189, 4, 179.58 W, 25, 120 MHz, 3996 MHz, 0 %, 0 %
2026/03/23 13:27:31.189, 5, 180.82 W, 28, 120 MHz, 3996 MHz, 0 %, 0 %
2026/03/23 13:27:31.189, 6, 178.60 W, 26, 120 MHz, 3996 MHz, 0 %, 0 %
2026/03/23 13:27:31.189, 7, 176.58 W, 27, 120 MHz, 3996 MHz, 0 %, 0 %
2026/03/23 13:27:32.189, 0, 544.70 W, 35, 2032 MHz, 3996 MHz, 94 %, 29 %
2026/03/23 13:27:32.189, 1, 548.52 W, 37, 2032 MHz, 3996 MHz, 99 %, 18 %
2026/03/23 13:27:32.189, 2, 549.19 W, 35, 2032 MHz, 3996 MHz, 92 %, 26 %
2026/03/23 13:27:32.189, 3, 491.08 W, 37, 2032 MHz, 3996 MHz, 56 %, 26 %
2026/03/23 13:27:32.189, 4, 179.62 W, 25, 120 MHz, 3996 MHz, 0 %, 0 %
2026/03/23 13:27:32.189, 5, 180.81 W, 28, 120 MHz, 3996 MHz, 0 %, 0 %
2026/03/23 13:27:32.189, 6, 178.60 W, 26, 120 MHz, 3996 MHz, 0 %, 0 %
2026/03/23 13:27:32.189, 7, 176.58 W, 27, 120 MHz, 3996 MHz, 0 %, 0 %
2026/03/23 13:27:33.189, 0, 534.17 W, 35, 2032 MHz, 3996 MHz, 56 %, 26 %
2026/03/23 13:27:33.189, 1, 554.13 W, 37, 2032 MHz, 3996 MHz, 100 %, 41 %
2026/03/23 13:27:33.189, 2, 552.22 W, 35, 2032 MHz, 3996 MHz, 100 %, 31 %
2026/03/23 13:27:33.189, 3, 521.18 W, 37, 2032 MHz, 3996 MHz, 80 %, 18 %
2026/03/23 13:27:33.189, 4, 179.61 W, 25, 120 MHz, 3996 MHz, 0 %, 0 %
2026/03/23 13:27:33.189, 5, 180.78 W, 28, 120 MHz, 3996 MHz, 0 %, 0 %
2026/03/23 13:27:33.189, 6, 178.64 W, 26, 120 MHz, 3996 MHz, 0 %, 0 %
2026/03/23 13:27:33.189, 7, 176.58 W, 27, 120 MHz, 3996 MHz, 0 %, 0 %
2026/03/23 13:27:34.189, 0, 561.73 W, 35, 2032 MHz, 3996 MHz, 100 %, 42 %
2026/03/23 13:27:34.189, 1, 569.32 W, 37, 2032 MHz, 3996 MHz, 100 %, 42 %
2026/03/23 13:27:34.189, 2, 564.89 W, 35, 2032 MHz, 3996 MHz, 100 %, 42 %
2026/03/23 13:27:34.189, 3, 563.78 W, 38, 2032 MHz, 3996 MHz, 100 %, 42 %
2026/03/23 13:27:34.189, 4, 179.60 W, 25, 120 MHz, 3996 MHz, 0 %, 0 %
2026/03/23 13:27:34.189, 5, 180.85 W, 28, 120 MHz, 3996 MHz, 0 %, 0 %
2026/03/23 13:27:34.189, 6, 178.64 W, 26, 120 MHz, 3996 MHz, 0 %, 0 %
2026/03/23 13:27:34.189, 7, 176.58 W, 27, 120 MHz, 3996 MHz, 0 %, 0 %
2026/03/23 13:27:35.189, 0, 565.38 W, 35, 2032 MHz, 3996 MHz, 100 %, 42 %
2026/03/23 13:27:35.189, 1, 572.85 W, 37, 2032 MHz, 3996 MHz, 100 %, 42 %
2026/03/23 13:27:35.189, 2, 569.32 W, 35, 2032 MHz, 3996 MHz, 100 %, 42 %
2026/03/23 13:27:35.189, 3, 568.17 W, 38, 2032 MHz, 3996 MHz, 100 %, 42 %
2026/03/23 13:27:35.189, 4, 179.80 W, 25, 120 MHz, 3996 MHz, 0 %, 0 %
2026/03/23 13:27:35.189, 5, 180.66 W, 28, 120 MHz, 3996 MHz, 0 %, 0 %
2026/03/23 13:27:35.189, 6, 178.64 W, 26, 120 MHz, 3996 MHz, 0 %, 0 %
2026/03/23 13:27:35.189, 7, 176.58 W, 27, 120 MHz, 3996 MHz, 0 %, 0 %
2026/03/23 13:27:36.189, 0, 566.47 W, 35, 2032 MHz, 3996 MHz, 100 %, 42 %
2026/03/23 13:27:36.189, 1, 573.17 W, 38, 2032 MHz, 3996 MHz, 100 %, 42 %
2026/03/23 13:27:36.189, 2, 569.94 W, 35, 2032 MHz, 3996 MHz, 100 %, 42 %
2026/03/23 13:27:36.189, 3, 568.89 W, 38, 2032 MHz, 3996 MHz, 100 %, 42 %
2026/03/23 13:27:36.189, 4, 179.32 W, 25, 120 MHz, 3996 MHz, 0 %, 0 %
2026/03/23 13:27:36.189, 5, 180.85 W, 28, 120 MHz, 3996 MHz, 0 %, 0 %
2026/03/23 13:27:36.189, 6, 178.64 W, 26, 120 MHz, 3996 MHz, 0 %, 0 %
2026/03/23 13:27:36.189, 7, 176.58 W, 27, 120 MHz, 3996 MHz, 0 %, 0 %
2026/03/23 13:27:37.190, 0, 568.13 W, 35, 2032 MHz, 3996 MHz, 100 %, 42 %
2026/03/23 13:27:37.190, 1, 576.05 W, 38, 2032 MHz, 3996 MHz, 100 %, 42 %
2026/03/23 13:27:37.190, 2, 572.30 W, 35, 2032 MHz, 3996 MHz, 100 %, 42 %
2026/03/23 13:27:37.190, 3, 570.83 W, 38, 2032 MHz, 3996 MHz, 100 %, 42 %
2026/03/23 13:27:37.190, 4, 179.55 W, 25, 120 MHz, 3996 MHz, 0 %, 0 %
2026/03/23 13:27:37.190, 5, 180.89 W, 28, 120 MHz, 3996 MHz, 0 %, 0 %
2026/03/23 13:27:37.190, 6, 178.64 W, 26, 120 MHz, 3996 MHz, 0 %, 0 %
2026/03/23 13:27:37.190, 7, 176.58 W, 27, 120 MHz, 3996 MHz, 0 %, 0 %
2026/03/23 13:27:38.190, 0, 568.61 W, 35, 2032 MHz, 3996 MHz, 100 %, 42 %
2026/03/23 13:27:38.190, 1, 576.43 W, 38, 2032 MHz, 3996 MHz, 100 %, 42 %
2026/03/23 13:27:38.190, 2, 572.06 W, 35, 2032 MHz, 3996 MHz, 100 %, 42 %
2026/03/23 13:27:38.190, 3, 571.36 W, 38, 2032 MHz, 3996 MHz, 100 %, 42 %
2026/03/23 13:27:38.190, 4, 179.53 W, 25, 120 MHz, 3996 MHz, 0 %, 0 %
2026/03/23 13:27:38.190, 5, 180.78 W, 28, 120 MHz, 3996 MHz, 0 %, 0 %
2026/03/23 13:27:38.190, 6, 178.64 W, 26, 120 MHz, 3996 MHz, 0 %, 0 %
2026/03/23 13:27:38.190, 7, 176.58 W, 27, 120 MHz, 3996 MHz, 0 %, 0 %
2026/03/23 13:27:39.190, 0, 569.97 W, 35, 2032 MHz, 3996 MHz, 100 %, 42 %
2026/03/23 13:27:39.190, 1, 577.39 W, 38, 2032 MHz, 3996 MHz, 100 %, 42 %
2026/03/23 13:27:39.190, 2, 573.73 W, 35, 2032 MHz, 3996 MHz, 100 %, 42 %
2026/03/23 13:27:39.190, 3, 572.62 W, 38, 2032 MHz, 3996 MHz, 100 %, 42 %
2026/03/23 13:27:39.190, 4, 179.44 W, 25, 120 MHz, 3996 MHz, 0 %, 0 %
2026/03/23 13:27:39.190, 5, 180.81 W, 28, 120 MHz, 3996 MHz, 0 %, 0 %
2026/03/23 13:27:39.190, 6, 178.64 W, 26, 120 MHz, 3996 MHz, 0 %, 0 %
2026/03/23 13:27:39.190, 7, 176.58 W, 27, 120 MHz, 3996 MHz, 0 %, 0 %
2026/03/23 13:27:40.190, 0, 571.07 W, 36, 2032 MHz, 3996 MHz, 100 %, 42 %
2026/03/23 13:27:40.190, 1, 579.00 W, 38, 2032 MHz, 3996 MHz, 100 %, 42 %
2026/03/23 13:27:40.190, 2, 575.02 W, 35, 2032 MHz, 3996 MHz, 100 %, 42 %
2026/03/23 13:27:40.190, 3, 573.58 W, 38, 2032 MHz, 3996 MHz, 100 %, 42 %
2026/03/23 13:27:40.190, 4, 179.89 W, 25, 120 MHz, 3996 MHz, 0 %, 0 %
2026/03/23 13:27:40.190, 5, 180.82 W, 28, 120 MHz, 3996 MHz, 0 %, 0 %
2026/03/23 13:27:40.190, 6, 178.64 W, 26, 120 MHz, 3996 MHz, 0 %, 0 %
2026/03/23 13:27:40.190, 7, 176.58 W, 27, 120 MHz, 3996 MHz, 0 %, 0 %
2026/03/23 13:27:41.190, 0, 561.61 W, 36, 2032 MHz, 3996 MHz, 100 %, 42 %
2026/03/23 13:27:41.190, 1, 569.83 W, 38, 2032 MHz, 3996 MHz, 100 %, 42 %
2026/03/23 13:27:41.190, 2, 566.37 W, 35, 2032 MHz, 3996 MHz, 100 %, 42 %
2026/03/23 13:27:41.190, 3, 550.43 W, 38, 2032 MHz, 3996 MHz, 88 %, 37 %
2026/03/23 13:27:41.190, 4, 179.62 W, 25, 120 MHz, 3996 MHz, 0 %, 0 %
2026/03/23 13:27:41.190, 5, 180.81 W, 28, 120 MHz, 3996 MHz, 0 %, 0 %
2026/03/23 13:27:41.190, 6, 178.60 W, 26, 120 MHz, 3996 MHz, 0 %, 0 %
2026/03/23 13:27:41.190, 7, 176.62 W, 27, 120 MHz, 3996 MHz, 0 %, 0 %
2026/03/23 13:27:42.190, 0, 564.68 W, 36, 2032 MHz, 3996 MHz, 100 %, 42 %
2026/03/23 13:27:42.190, 1, 565.47 W, 38, 2032 MHz, 3996 MHz, 100 %, 42 %
2026/03/23 13:27:42.190, 2, 565.88 W, 35, 2032 MHz, 3996 MHz, 100 %, 42 %
2026/03/23 13:27:42.190, 3, 535.22 W, 38, 2032 MHz, 3996 MHz, 91 %, 39 %
2026/03/23 13:27:42.190, 4, 179.68 W, 25, 120 MHz, 3996 MHz, 0 %, 0 %
2026/03/23 13:27:42.190, 5, 180.74 W, 28, 120 MHz, 3996 MHz, 0 %, 0 %
2026/03/23 13:27:42.190, 6, 178.64 W, 26, 120 MHz, 3996 MHz, 0 %, 0 %
2026/03/23 13:27:42.190, 7, 176.58 W, 27, 120 MHz, 3996 MHz, 0 %, 0 %
2026/03/23 13:27:43.190, 0, 550.10 W, 36, 2032 MHz, 3996 MHz, 94 %, 30 %
2026/03/23 13:27:43.190, 1, 563.24 W, 38, 2032 MHz, 3996 MHz, 99 %, 17 %
2026/03/23 13:27:43.190, 2, 562.77 W, 35, 2032 MHz, 3996 MHz, 100 %, 20 %
2026/03/23 13:27:43.190, 3, 534.28 W, 38, 2032 MHz, 3996 MHz, 96 %, 41 %
2026/03/23 13:27:43.190, 4, 179.37 W, 25, 120 MHz, 3996 MHz, 0 %, 0 %
2026/03/23 13:27:43.191, 5, 180.81 W, 28, 120 MHz, 3996 MHz, 0 %, 0 %
2026/03/23 13:27:43.191, 6, 178.60 W, 26, 120 MHz, 3996 MHz, 0 %, 0 %
2026/03/23 13:27:43.191, 7, 176.58 W, 27, 120 MHz, 3996 MHz, 0 %, 0 %
2026/03/23 13:27:44.191, 0, 551.93 W, 36, 2032 MHz, 3996 MHz, 100 %, 41 %
2026/03/23 13:27:44.191, 1, 556.11 W, 38, 2032 MHz, 3996 MHz, 100 %, 40 %
2026/03/23 13:27:44.191, 2, 552.83 W, 35, 2032 MHz, 3996 MHz, 100 %, 40 %
2026/03/23 13:27:44.191, 3, 524.10 W, 38, 2032 MHz, 3996 MHz, 71 %, 30 %
2026/03/23 13:27:44.191, 4, 179.56 W, 25, 120 MHz, 3996 MHz, 0 %, 0 %
2026/03/23 13:27:44.191, 5, 180.70 W, 28, 120 MHz, 3996 MHz, 0 %, 0 %
2026/03/23 13:27:44.191, 6, 178.60 W, 26, 120 MHz, 3996 MHz, 0 %, 0 %
2026/03/23 13:27:44.191, 7, 176.58 W, 27, 120 MHz, 3996 MHz, 0 %, 0 %
2026/03/23 13:27:45.191, 0, 555.91 W, 36, 2032 MHz, 3996 MHz, 100 %, 40 %
2026/03/23 13:27:45.191, 1, 558.33 W, 38, 2032 MHz, 3996 MHz, 100 %, 40 %
2026/03/23 13:27:45.191, 2, 555.94 W, 35, 2032 MHz, 3996 MHz, 100 %, 40 %
2026/03/23 13:27:45.191, 3, 542.90 W, 38, 2032 MHz, 3996 MHz, 100 %, 40 %
2026/03/23 13:27:45.191, 4, 179.42 W, 25, 120 MHz, 3996 MHz, 0 %, 0 %
2026/03/23 13:27:45.191, 5, 180.85 W, 28, 120 MHz, 3996 MHz, 0 %, 0 %
2026/03/23 13:27:45.191, 6, 178.64 W, 26, 120 MHz, 3996 MHz, 0 %, 0 %
2026/03/23 13:27:45.191, 7, 176.58 W, 27, 120 MHz, 3996 MHz, 0 %, 0 %
2026/03/23 13:27:46.191, 0, 556.24 W, 36, 2032 MHz, 3996 MHz, 100 %, 41 %
2026/03/23 13:27:46.191, 1, 563.74 W, 38, 2032 MHz, 3996 MHz, 100 %, 40 %
2026/03/23 13:27:46.191, 2, 560.96 W, 35, 2032 MHz, 3996 MHz, 100 %, 40 %
2026/03/23 13:27:46.191, 3, 561.12 W, 38, 2032 MHz, 3996 MHz, 100 %, 41 %
2026/03/23 13:27:46.191, 4, 179.65 W, 25, 120 MHz, 3996 MHz, 0 %, 0 %
2026/03/23 13:27:46.191, 5, 180.86 W, 28, 120 MHz, 3996 MHz, 0 %, 0 %
2026/03/23 13:27:46.191, 6, 178.56 W, 26, 120 MHz, 3996 MHz, 0 %, 0 %
2026/03/23 13:27:46.191, 7, 176.58 W, 27, 120 MHz, 3996 MHz, 0 %, 0 %
2026/03/23 13:27:47.191, 0, 557.67 W, 36, 2032 MHz, 3996 MHz, 100 %, 40 %
2026/03/23 13:27:47.191, 1, 567.10 W, 38, 2032 MHz, 3996 MHz, 100 %, 40 %
2026/03/23 13:27:47.191, 2, 562.69 W, 36, 2032 MHz, 3996 MHz, 100 %, 40 %
2026/03/23 13:27:47.191, 3, 559.83 W, 39, 2032 MHz, 3996 MHz, 100 %, 40 %
2026/03/23 13:27:47.191, 4, 179.77 W, 25, 120 MHz, 3996 MHz, 0 %, 0 %
2026/03/23 13:27:47.191, 5, 181.17 W, 28, 120 MHz, 3996 MHz, 0 %, 0 %
2026/03/23 13:27:47.191, 6, 178.63 W, 26, 120 MHz, 3996 MHz, 0 %, 0 %
2026/03/23 13:27:47.191, 7, 176.58 W, 27, 120 MHz, 3996 MHz, 0 %, 0 %
2026/03/23 13:27:48.191, 0, 558.86 W, 36, 2032 MHz, 3996 MHz, 100 %, 40 %
2026/03/23 13:27:48.191, 1, 565.85 W, 38, 2032 MHz, 3996 MHz, 100 %, 41 %
2026/03/23 13:27:48.191, 2, 561.24 W, 36, 2032 MHz, 3996 MHz, 100 %, 40 %
2026/03/23 13:27:48.191, 3, 560.41 W, 39, 2032 MHz, 3996 MHz, 100 %, 41 %
2026/03/23 13:27:48.191, 4, 179.62 W, 25, 120 MHz, 3996 MHz, 0 %, 0 %
2026/03/23 13:27:48.191, 5, 181.00 W, 28, 120 MHz, 3996 MHz, 0 %, 0 %
2026/03/23 13:27:48.191, 6, 178.60 W, 26, 120 MHz, 3996 MHz, 0 %, 0 %
2026/03/23 13:27:48.191, 7, 176.62 W, 27, 120 MHz, 3996 MHz, 0 %, 0 %
2026/03/23 13:27:49.191, 0, 558.57 W, 36, 2032 MHz, 3996 MHz, 100 %, 41 %
2026/03/23 13:27:49.191, 1, 565.87 W, 38, 2032 MHz, 3996 MHz, 100 %, 41 %
2026/03/23 13:27:49.191, 2, 561.08 W, 36, 2032 MHz, 3996 MHz, 100 %, 41 %
2026/03/23 13:27:49.191, 3, 560.15 W, 39, 2032 MHz, 3996 MHz, 100 %, 41 %
2026/03/23 13:27:49.191, 4, 179.45 W, 25, 120 MHz, 3996 MHz, 0 %, 0 %
2026/03/23 13:27:49.191, 5, 180.62 W, 28, 120 MHz, 3996 MHz, 0 %, 0 %
2026/03/23 13:27:49.191, 6, 178.64 W, 26, 120 MHz, 3996 MHz, 0 %, 0 %
2026/03/23 13:27:49.191, 7, 176.58 W, 27, 120 MHz, 3996 MHz, 0 %, 0 %
2026/03/23 13:27:50.191, 0, 558.59 W, 36, 2032 MHz, 3996 MHz, 100 %, 40 %
2026/03/23 13:27:50.191, 1, 565.44 W, 38, 2032 MHz, 3996 MHz, 100 %, 40 %
2026/03/23 13:27:50.191, 2, 561.36 W, 36, 2032 MHz, 3996 MHz, 100 %, 40 %
2026/03/23 13:27:50.191, 3, 563.66 W, 39, 2032 MHz, 3996 MHz, 100 %, 41 %
2026/03/23 13:27:50.192, 4, 179.36 W, 25, 120 MHz, 3996 MHz, 0 %, 0 %
2026/03/23 13:27:50.192, 5, 180.82 W, 28, 120 MHz, 3996 MHz, 0 %, 0 %
2026/03/23 13:27:50.192, 6, 178.64 W, 26, 120 MHz, 3996 MHz, 0 %, 0 %
2026/03/23 13:27:50.192, 7, 176.58 W, 27, 120 MHz, 3996 MHz, 0 %, 0 %
2026/03/23 13:27:51.192, 0, 554.10 W, 36, 2032 MHz, 3996 MHz, 100 %, 41 %
2026/03/23 13:27:51.192, 1, 565.83 W, 38, 2032 MHz, 3996 MHz, 98 %, 33 %
2026/03/23 13:27:51.192, 2, 563.20 W, 36, 2032 MHz, 3996 MHz, 97 %, 28 %
2026/03/23 13:27:51.192, 3, 559.21 W, 39, 2032 MHz, 3996 MHz, 100 %, 41 %
2026/03/23 13:27:51.192, 4, 179.82 W, 25, 120 MHz, 3996 MHz, 0 %, 0 %
2026/03/23 13:27:51.192, 5, 180.90 W, 28, 120 MHz, 3996 MHz, 0 %, 0 %
2026/03/23 13:27:51.192, 6, 178.60 W, 26, 120 MHz, 3996 MHz, 0 %, 0 %
2026/03/23 13:27:51.192, 7, 176.58 W, 27, 120 MHz, 3996 MHz, 0 %, 0 %
2026/03/23 13:27:52.192, 0, 557.66 W, 36, 2032 MHz, 3996 MHz, 100 %, 42 %
2026/03/23 13:27:52.192, 1, 548.86 W, 38, 2032 MHz, 3996 MHz, 100 %, 41 %
2026/03/23 13:27:52.192, 2, 559.86 W, 36, 2032 MHz, 3996 MHz, 100 %, 41 %
2026/03/23 13:27:52.192, 3, 548.65 W, 39, 2032 MHz, 3996 MHz, 100 %, 41 %
2026/03/23 13:27:52.192, 4, 179.65 W, 25, 120 MHz, 3996 MHz, 0 %, 0 %
2026/03/23 13:27:52.192, 5, 180.66 W, 28, 120 MHz, 3996 MHz, 0 %, 0 %
2026/03/23 13:27:52.192, 6, 178.64 W, 26, 120 MHz, 3996 MHz, 0 %, 0 %
2026/03/23 13:27:52.192, 7, 176.58 W, 27, 120 MHz, 3996 MHz, 0 %, 0 %
2026/03/23 13:27:53.192, 0, 556.30 W, 36, 2032 MHz, 3996 MHz, 99 %, 18 %
2026/03/23 13:27:53.192, 1, 563.62 W, 39, 2032 MHz, 3996 MHz, 100 %, 38 %
2026/03/23 13:27:53.192, 2, 553.73 W, 36, 2032 MHz, 3996 MHz, 100 %, 40 %
2026/03/23 13:27:53.192, 3, 534.84 W, 39, 2032 MHz, 3996 MHz, 44 %, 20 %
2026/03/23 13:27:53.192, 4, 179.55 W, 25, 120 MHz, 3996 MHz, 0 %, 0 %
2026/03/23 13:27:53.192, 5, 180.86 W, 28, 120 MHz, 3996 MHz, 0 %, 0 %
2026/03/23 13:27:53.192, 6, 178.64 W, 26, 120 MHz, 3996 MHz, 0 %, 0 %
2026/03/23 13:27:53.192, 7, 176.58 W, 27, 120 MHz, 3996 MHz, 0 %, 0 %
2026/03/23 13:27:54.192, 0, 555.29 W, 36, 2032 MHz, 3996 MHz, 96 %, 18 %
2026/03/23 13:27:54.192, 1, 562.06 W, 39, 2032 MHz, 3996 MHz, 100 %, 33 %
2026/03/23 13:27:54.192, 2, 559.76 W, 36, 2032 MHz, 3996 MHz, 100 %, 37 %
2026/03/23 13:27:54.192, 3, 531.66 W, 39, 2032 MHz, 3996 MHz, 62 %, 27 %
2026/03/23 13:27:54.192, 4, 179.56 W, 25, 120 MHz, 3996 MHz, 0 %, 0 %
2026/03/23 13:27:54.192, 5, 180.93 W, 28, 120 MHz, 3996 MHz, 0 %, 0 %
2026/03/23 13:27:54.192, 6, 178.60 W, 26, 120 MHz, 3996 MHz, 0 %, 0 %
2026/03/23 13:27:54.192, 7, 176.58 W, 27, 120 MHz, 3996 MHz, 0 %, 0 %
2026/03/23 13:27:55.192, 0, 559.49 W, 36, 2032 MHz, 3996 MHz, 100 %, 41 %
2026/03/23 13:27:55.192, 1, 564.33 W, 39, 2032 MHz, 3996 MHz, 100 %, 41 %
2026/03/23 13:27:55.192, 2, 562.56 W, 36, 2032 MHz, 3996 MHz, 100 %, 41 %
2026/03/23 13:27:55.192, 3, 549.68 W, 39, 2032 MHz, 3996 MHz, 100 %, 41 %
2026/03/23 13:27:55.192, 4, 179.46 W, 25, 120 MHz, 3996 MHz, 0 %, 0 %
2026/03/23 13:27:55.192, 5, 180.89 W, 28, 120 MHz, 3996 MHz, 0 %, 0 %
2026/03/23 13:27:55.192, 6, 178.63 W, 26, 120 MHz, 3996 MHz, 0 %, 0 %
2026/03/23 13:27:55.192, 7, 176.58 W, 27, 120 MHz, 3996 MHz, 0 %, 0 %
2026/03/23 13:27:56.192, 0, 559.85 W, 36, 2032 MHz, 3996 MHz, 100 %, 41 %
2026/03/23 13:27:56.192, 1, 557.23 W, 39, 2032 MHz, 3996 MHz, 100 %, 41 %
2026/03/23 13:27:56.192, 2, 561.95 W, 36, 2032 MHz, 3996 MHz, 100 %, 41 %
2026/03/23 13:27:56.192, 3, 555.22 W, 39, 2032 MHz, 3996 MHz, 100 %, 41 %
2026/03/23 13:27:56.192, 4, 179.49 W, 25, 120 MHz, 3996 MHz, 0 %, 0 %
2026/03/23 13:27:56.192, 5, 180.77 W, 28, 120 MHz, 3996 MHz, 0 %, 0 %
2026/03/23 13:27:56.192, 6, 178.64 W, 26, 120 MHz, 3996 MHz, 0 %, 0 %
2026/03/23 13:27:56.192, 7, 176.58 W, 27, 120 MHz, 3996 MHz, 0 %, 0 %
2026/03/23 13:27:57.192, 0, 561.54 W, 36, 2032 MHz, 3996 MHz, 100 %, 41 %
2026/03/23 13:27:57.193, 1, 567.93 W, 39, 2032 MHz, 3996 MHz, 100 %, 41 %
2026/03/23 13:27:57.193, 2, 564.80 W, 36, 2032 MHz, 3996 MHz, 100 %, 41 %
2026/03/23 13:27:57.193, 3, 564.60 W, 39, 2032 MHz, 3996 MHz, 100 %, 41 %
2026/03/23 13:27:57.193, 4, 179.54 W, 25, 120 MHz, 3996 MHz, 0 %, 0 %
2026/03/23 13:27:57.193, 5, 180.82 W, 28, 120 MHz, 3996 MHz, 0 %, 0 %
2026/03/23 13:27:57.193, 6, 178.64 W, 26, 120 MHz, 3996 MHz, 0 %, 0 %
2026/03/23 13:27:57.193, 7, 176.58 W, 27, 120 MHz, 3996 MHz, 0 %, 0 %
2026/03/23 13:27:58.193, 0, 561.04 W, 36, 2032 MHz, 3996 MHz, 100 %, 41 %
2026/03/23 13:27:58.193, 1, 569.52 W, 39, 2032 MHz, 3996 MHz, 100 %, 41 %
2026/03/23 13:27:58.193, 2, 564.87 W, 36, 2032 MHz, 3996 MHz, 100 %, 41 %
2026/03/23 13:27:58.193, 3, 562.87 W, 39, 2032 MHz, 3996 MHz, 100 %, 41 %
2026/03/23 13:27:58.193, 4, 179.85 W, 25, 120 MHz, 3996 MHz, 0 %, 0 %
2026/03/23 13:27:58.193, 5, 180.85 W, 28, 120 MHz, 3996 MHz, 0 %, 0 %
2026/03/23 13:27:58.193, 6, 178.64 W, 26, 120 MHz, 3996 MHz, 0 %, 0 %
2026/03/23 13:27:58.193, 7, 176.58 W, 27, 120 MHz, 3996 MHz, 0 %, 0 %
2026/03/23 13:27:59.193, 0, 563.32 W, 36, 2032 MHz, 3996 MHz, 100 %, 41 %
2026/03/23 13:27:59.193, 1, 569.89 W, 39, 2032 MHz, 3996 MHz, 100 %, 41 %
2026/03/23 13:27:59.193, 2, 565.82 W, 36, 2032 MHz, 3996 MHz, 100 %, 41 %
2026/03/23 13:27:59.193, 3, 566.65 W, 39, 2032 MHz, 3996 MHz, 100 %, 41 %
2026/03/23 13:27:59.193, 4, 179.43 W, 25, 120 MHz, 3996 MHz, 0 %, 0 %
2026/03/23 13:27:59.193, 5, 180.78 W, 28, 120 MHz, 3996 MHz, 0 %, 0 %
2026/03/23 13:27:59.193, 6, 178.60 W, 26, 120 MHz, 3996 MHz, 0 %, 0 %
2026/03/23 13:27:59.193, 7, 176.58 W, 27, 120 MHz, 3996 MHz, 0 %, 0 %
2026/03/23 13:28:00.193, 0, 562.08 W, 36, 2032 MHz, 3996 MHz, 100 %, 41 %
2026/03/23 13:28:00.193, 1, 571.04 W, 39, 2032 MHz, 3996 MHz, 100 %, 41 %
2026/03/23 13:28:00.193, 2, 567.49 W, 36, 2032 MHz, 3996 MHz, 100 %, 41 %
2026/03/23 13:28:00.193, 3, 565.51 W, 39, 2032 MHz, 3996 MHz, 100 %, 41 %
2026/03/23 13:28:00.193, 4, 179.64 W, 25, 120 MHz, 3996 MHz, 0 %, 0 %
2026/03/23 13:28:00.193, 5, 180.89 W, 28, 120 MHz, 3996 MHz, 0 %, 0 %
2026/03/23 13:28:00.193, 6, 178.60 W, 26, 120 MHz, 3996 MHz, 0 %, 0 %
2026/03/23 13:28:00.193, 7, 176.58 W, 27, 120 MHz, 3996 MHz, 0 %, 0 %
2026/03/23 13:28:01.193, 0, 562.74 W, 36, 2032 MHz, 3996 MHz, 100 %, 41 %
2026/03/23 13:28:01.193, 1, 571.35 W, 39, 2032 MHz, 3996 MHz, 100 %, 41 %
2026/03/23 13:28:01.193, 2, 566.42 W, 36, 2032 MHz, 3996 MHz, 100 %, 41 %
2026/03/23 13:28:01.193, 3, 566.12 W, 39, 2032 MHz, 3996 MHz, 100 %, 41 %
2026/03/23 13:28:01.193, 4, 179.48 W, 25, 120 MHz, 3996 MHz, 0 %, 0 %
2026/03/23 13:28:01.193, 5, 180.82 W, 28, 120 MHz, 3996 MHz, 0 %, 0 %
2026/03/23 13:28:01.193, 6, 178.64 W, 26, 120 MHz, 3996 MHz, 0 %, 0 %
2026/03/23 13:28:01.193, 7, 176.58 W, 27, 120 MHz, 3996 MHz, 0 %, 0 %
2026/03/23 13:28:02.193, 0, 559.18 W, 36, 2032 MHz, 3996 MHz, 96 %, 20 %
2026/03/23 13:28:02.193, 1, 564.03 W, 39, 2032 MHz, 3996 MHz, 100 %, 27 %
2026/03/23 13:28:02.193, 2, 563.01 W, 36, 2032 MHz, 3996 MHz, 100 %, 33 %
2026/03/23 13:28:02.193, 3, 534.37 W, 39, 2032 MHz, 3996 MHz, 77 %, 33 %
2026/03/23 13:28:02.193, 4, 179.56 W, 25, 120 MHz, 3996 MHz, 0 %, 0 %
2026/03/23 13:28:02.193, 5, 180.74 W, 28, 120 MHz, 3996 MHz, 0 %, 0 %
2026/03/23 13:28:02.193, 6, 178.60 W, 26, 120 MHz, 3996 MHz, 0 %, 0 %
2026/03/23 13:28:02.193, 7, 176.58 W, 27, 120 MHz, 3996 MHz, 0 %, 0 %
2026/03/23 13:28:03.194, 0, 557.88 W, 36, 2032 MHz, 3996 MHz, 100 %, 42 %
2026/03/23 13:28:03.194, 1, 566.86 W, 39, 2032 MHz, 3996 MHz, 100 %, 42 %
2026/03/23 13:28:03.194, 2, 564.83 W, 36, 2032 MHz, 3996 MHz, 100 %, 42 %
2026/03/23 13:28:03.194, 3, 536.11 W, 39, 2032 MHz, 3996 MHz, 83 %, 35 %
2026/03/23 13:28:03.194, 4, 179.78 W, 25, 120 MHz, 3996 MHz, 0 %, 0 %
2026/03/23 13:28:03.194, 5, 180.97 W, 28, 120 MHz, 3996 MHz, 0 %, 0 %
2026/03/23 13:28:03.194, 6, 178.64 W, 26, 120 MHz, 3996 MHz, 0 %, 0 %
2026/03/23 13:28:03.194, 7, 176.58 W, 27, 120 MHz, 3996 MHz, 0 %, 0 %
2026/03/23 13:28:04.194, 0, 565.42 W, 37, 2032 MHz, 3996 MHz, 100 %, 42 %
2026/03/23 13:28:04.194, 1, 574.50 W, 39, 2032 MHz, 3996 MHz, 100 %, 42 %
2026/03/23 13:28:04.194, 2, 571.40 W, 36, 2032 MHz, 3996 MHz, 100 %, 42 %
2026/03/23 13:28:04.194, 3, 553.67 W, 39, 2032 MHz, 3996 MHz, 100 %, 43 %
2026/03/23 13:28:04.194, 4, 179.82 W, 25, 120 MHz, 3996 MHz, 0 %, 0 %
2026/03/23 13:28:04.194, 5, 180.82 W, 28, 120 MHz, 3996 MHz, 0 %, 0 %
2026/03/23 13:28:04.194, 6, 178.64 W, 26, 120 MHz, 3996 MHz, 0 %, 0 %
2026/03/23 13:28:04.194, 7, 176.58 W, 27, 120 MHz, 3996 MHz, 0 %, 0 %
2026/03/23 13:28:05.194, 0, 571.30 W, 37, 2032 MHz, 3996 MHz, 100 %, 43 %
2026/03/23 13:28:05.194, 1, 577.05 W, 39, 2032 MHz, 3996 MHz, 98 %, 18 %
2026/03/23 13:28:05.194, 2, 572.62 W, 36, 2032 MHz, 3996 MHz, 99 %, 17 %
2026/03/23 13:28:05.194, 3, 560.73 W, 39, 2032 MHz, 3996 MHz, 100 %, 43 %
2026/03/23 13:28:05.194, 4, 179.70 W, 25, 120 MHz, 3996 MHz, 0 %, 0 %
2026/03/23 13:28:05.194, 5, 180.70 W, 28, 120 MHz, 3996 MHz, 0 %, 0 %
2026/03/23 13:28:05.194, 6, 178.64 W, 26, 120 MHz, 3996 MHz, 0 %, 0 %
2026/03/23 13:28:05.194, 7, 176.58 W, 27, 120 MHz, 3996 MHz, 0 %, 0 %
2026/03/23 13:28:06.194, 0, 564.49 W, 37, 2032 MHz, 3996 MHz, 100 %, 42 %
2026/03/23 13:28:06.194, 1, 571.89 W, 39, 2032 MHz, 3996 MHz, 100 %, 42 %
2026/03/23 13:28:06.194, 2, 566.69 W, 36, 2032 MHz, 3996 MHz, 100 %, 42 %
2026/03/23 13:28:06.194, 3, 548.49 W, 40, 2032 MHz, 3996 MHz, 100 %, 42 %
2026/03/23 13:28:06.194, 4, 179.80 W, 25, 120 MHz, 3996 MHz, 0 %, 0 %
2026/03/23 13:28:06.194, 5, 180.77 W, 28, 120 MHz, 3996 MHz, 0 %, 0 %
2026/03/23 13:28:06.194, 6, 178.60 W, 26, 120 MHz, 3996 MHz, 0 %, 0 %
2026/03/23 13:28:06.194, 7, 176.58 W, 27, 120 MHz, 3996 MHz, 0 %, 0 %
2026/03/23 13:28:07.194, 0, 563.91 W, 37, 2032 MHz, 3996 MHz, 100 %, 41 %
2026/03/23 13:28:07.194, 1, 569.47 W, 39, 2032 MHz, 3996 MHz, 100 %, 42 %
2026/03/23 13:28:07.194, 2, 566.69 W, 36, 2032 MHz, 3996 MHz, 100 %, 41 %
2026/03/23 13:28:07.194, 3, 553.05 W, 40, 2032 MHz, 3996 MHz, 100 %, 41 %
2026/03/23 13:28:07.194, 4, 179.44 W, 25, 120 MHz, 3996 MHz, 0 %, 0 %
2026/03/23 13:28:07.194, 5, 180.77 W, 28, 120 MHz, 3996 MHz, 0 %, 0 %
2026/03/23 13:28:07.194, 6, 178.63 W, 26, 120 MHz, 3996 MHz, 0 %, 0 %
2026/03/23 13:28:07.194, 7, 176.58 W, 27, 120 MHz, 3996 MHz, 0 %, 0 %
2026/03/23 13:28:08.194, 0, 566.39 W, 37, 2032 MHz, 3996 MHz, 100 %, 41 %
2026/03/23 13:28:08.194, 1, 574.89 W, 39, 2032 MHz, 3996 MHz, 100 %, 42 %
2026/03/23 13:28:08.194, 2, 569.93 W, 36, 2032 MHz, 3996 MHz, 100 %, 42 %
2026/03/23 13:28:08.194, 3, 570.17 W, 40, 2032 MHz, 3996 MHz, 100 %, 42 %
2026/03/23 13:28:08.194, 4, 179.57 W, 25, 120 MHz, 3996 MHz, 0 %, 0 %
2026/03/23 13:28:08.194, 5, 180.70 W, 28, 120 MHz, 3996 MHz, 0 %, 0 %
2026/03/23 13:28:08.194, 6, 178.64 W, 26, 120 MHz, 3996 MHz, 0 %, 0 %
2026/03/23 13:28:08.194, 7, 176.58 W, 27, 120 MHz, 3996 MHz, 0 %, 0 %
2026/03/23 13:28:09.195, 0, 568.16 W, 37, 2032 MHz, 3996 MHz, 100 %, 42 %
2026/03/23 13:28:09.195, 1, 575.32 W, 39, 2032 MHz, 3996 MHz, 100 %, 42 %
2026/03/23 13:28:09.195, 2, 571.11 W, 36, 2032 MHz, 3996 MHz, 100 %, 42 %
2026/03/23 13:28:09.195, 3, 570.71 W, 40, 2032 MHz, 3996 MHz, 100 %, 42 %
2026/03/23 13:28:09.195, 4, 179.91 W, 25, 120 MHz, 3996 MHz, 0 %, 0 %
2026/03/23 13:28:09.195, 5, 180.81 W, 28, 120 MHz, 3996 MHz, 0 %, 0 %
2026/03/23 13:28:09.195, 6, 178.64 W, 26, 120 MHz, 3996 MHz, 0 %, 0 %
2026/03/23 13:28:09.195, 7, 176.62 W, 27, 120 MHz, 3996 MHz, 0 %, 0 %
2026/03/23 13:28:10.195, 0, 569.06 W, 37, 2032 MHz, 3996 MHz, 100 %, 42 %
2026/03/23 13:28:10.195, 1, 576.28 W, 39, 2032 MHz, 3996 MHz, 100 %, 42 %
2026/03/23 13:28:10.195, 2, 571.90 W, 36, 2032 MHz, 3996 MHz, 100 %, 42 %
2026/03/23 13:28:10.195, 3, 571.74 W, 40, 2032 MHz, 3996 MHz, 100 %, 42 %
2026/03/23 13:28:10.195, 4, 179.68 W, 25, 120 MHz, 3996 MHz, 0 %, 0 %
2026/03/23 13:28:10.195, 5, 180.89 W, 28, 120 MHz, 3996 MHz, 0 %, 0 %
2026/03/23 13:28:10.195, 6, 178.52 W, 26, 120 MHz, 3996 MHz, 0 %, 0 %
2026/03/23 13:28:10.195, 7, 176.58 W, 27, 120 MHz, 3996 MHz, 0 %, 0 %
2026/03/23 13:28:11.195, 0, 568.58 W, 37, 2032 MHz, 3996 MHz, 100 %, 42 %
2026/03/23 13:28:11.195, 1, 577.03 W, 39, 2032 MHz, 3996 MHz, 100 %, 42 %
2026/03/23 13:28:11.195, 2, 572.03 W, 36, 2032 MHz, 3996 MHz, 100 %, 42 %
2026/03/23 13:28:11.195, 3, 572.57 W, 40, 2032 MHz, 3996 MHz, 100 %, 42 %
2026/03/23 13:28:11.195, 4, 179.54 W, 25, 120 MHz, 3996 MHz, 0 %, 0 %
2026/03/23 13:28:11.195, 5, 180.81 W, 28, 120 MHz, 3996 MHz, 0 %, 0 %
2026/03/23 13:28:11.195, 6, 178.64 W, 26, 120 MHz, 3996 MHz, 0 %, 0 %
2026/03/23 13:28:11.195, 7, 176.58 W, 27, 120 MHz, 3996 MHz, 0 %, 0 %
2026/03/23 13:28:12.195, 0, 560.67 W, 37, 2032 MHz, 3996 MHz, 97 %, 19 %
2026/03/23 13:28:12.195, 1, 569.06 W, 39, 2032 MHz, 3996 MHz, 100 %, 42 %
2026/03/23 13:28:12.195, 2, 553.83 W, 36, 2032 MHz, 3996 MHz, 100 %, 42 %
2026/03/23 13:28:12.195, 3, 556.16 W, 40, 2032 MHz, 3996 MHz, 46 %, 17 %
2026/03/23 13:28:12.195, 4, 179.43 W, 25, 120 MHz, 3996 MHz, 0 %, 0 %
2026/03/23 13:28:12.195, 5, 180.93 W, 28, 120 MHz, 3996 MHz, 0 %, 0 %
2026/03/23 13:28:12.195, 6, 178.64 W, 26, 120 MHz, 3996 MHz, 0 %, 0 %
2026/03/23 13:28:12.195, 7, 176.62 W, 27, 120 MHz, 3996 MHz, 0 %, 0 %
2026/03/23 13:28:13.195, 0, 557.04 W, 37, 2032 MHz, 3996 MHz, 100 %, 41 %
2026/03/23 13:28:13.195, 1, 556.03 W, 39, 2032 MHz, 3996 MHz, 37 %, 19 %
2026/03/23 13:28:13.195, 2, 558.50 W, 36, 2032 MHz, 3996 MHz, 100 %, 24 %
2026/03/23 13:28:13.195, 3, 544.48 W, 40, 2032 MHz, 3996 MHz, 100 %, 41 %
2026/03/23 13:28:13.195, 4, 179.79 W, 25, 120 MHz, 3996 MHz, 0 %, 0 %
2026/03/23 13:28:13.195, 5, 180.82 W, 28, 120 MHz, 3996 MHz, 0 %, 0 %
2026/03/23 13:28:13.195, 6, 178.64 W, 26, 120 MHz, 3996 MHz, 0 %, 0 %
2026/03/23 13:28:13.195, 7, 176.58 W, 27, 120 MHz, 3996 MHz, 0 %, 0 %
2026/03/23 13:28:14.195, 0, 564.07 W, 37, 2032 MHz, 3996 MHz, 100 %, 31 %
2026/03/23 13:28:14.195, 1, 569.73 W, 39, 2032 MHz, 3996 MHz, 100 %, 42 %
2026/03/23 13:28:14.195, 2, 569.55 W, 37, 2032 MHz, 3996 MHz, 100 %, 42 %
2026/03/23 13:28:14.195, 3, 556.55 W, 40, 2032 MHz, 3996 MHz, 100 %, 42 %
2026/03/23 13:28:14.195, 4, 179.51 W, 25, 120 MHz, 3996 MHz, 0 %, 0 %
2026/03/23 13:28:14.195, 5, 180.81 W, 28, 120 MHz, 3996 MHz, 0 %, 0 %
2026/03/23 13:28:14.195, 6, 178.64 W, 26, 120 MHz, 3996 MHz, 0 %, 0 %
2026/03/23 13:28:14.195, 7, 176.62 W, 27, 120 MHz, 3996 MHz, 0 %, 0 %
2026/03/23 13:28:15.195, 0, 563.60 W, 37, 2032 MHz, 3996 MHz, 100 %, 42 %
2026/03/23 13:28:15.195, 1, 570.95 W, 40, 2032 MHz, 3996 MHz, 100 %, 42 %
2026/03/23 13:28:15.195, 2, 557.20 W, 36, 2032 MHz, 3996 MHz, 100 %, 42 %
2026/03/23 13:28:15.195, 3, 565.37 W, 40, 2032 MHz, 3996 MHz, 100 %, 42 %
2026/03/23 13:28:15.195, 4, 179.61 W, 25, 120 MHz, 3996 MHz, 0 %, 0 %
2026/03/23 13:28:15.195, 5, 180.74 W, 28, 120 MHz, 3996 MHz, 0 %, 0 %
2026/03/23 13:28:15.195, 6, 178.64 W, 26, 120 MHz, 3996 MHz, 0 %, 0 %
2026/03/23 13:28:15.195, 7, 176.58 W, 27, 120 MHz, 3996 MHz, 0 %, 0 %
2026/03/23 13:28:16.196, 0, 560.22 W, 37, 2032 MHz, 3996 MHz, 100 %, 42 %
2026/03/23 13:28:16.196, 1, 570.39 W, 40, 2032 MHz, 3996 MHz, 100 %, 42 %
2026/03/23 13:28:16.196, 2, 566.32 W, 37, 2032 MHz, 3996 MHz, 100 %, 42 %
2026/03/23 13:28:16.196, 3, 553.06 W, 40, 2032 MHz, 3996 MHz, 100 %, 41 %
2026/03/23 13:28:16.196, 4, 179.78 W, 25, 120 MHz, 3996 MHz, 0 %, 0 %
2026/03/23 13:28:16.196, 5, 180.82 W, 28, 120 MHz, 3996 MHz, 0 %, 0 %
2026/03/23 13:28:16.196, 6, 178.64 W, 26, 120 MHz, 3996 MHz, 0 %, 0 %
2026/03/23 13:28:16.196, 7, 176.58 W, 27, 120 MHz, 3996 MHz, 0 %, 0 %
2026/03/23 13:28:17.196, 0, 561.18 W, 37, 2032 MHz, 3996 MHz, 100 %, 42 %
2026/03/23 13:28:17.196, 1, 568.98 W, 40, 2032 MHz, 3996 MHz, 100 %, 41 %
2026/03/23 13:28:17.196, 2, 564.28 W, 37, 2032 MHz, 3996 MHz, 100 %, 41 %
2026/03/23 13:28:17.196, 3, 550.36 W, 40, 2032 MHz, 3996 MHz, 100 %, 41 %
2026/03/23 13:28:17.196, 4, 179.35 W, 25, 120 MHz, 3996 MHz, 0 %, 0 %
2026/03/23 13:28:17.196, 5, 180.81 W, 28, 120 MHz, 3996 MHz, 0 %, 0 %
2026/03/23 13:28:17.196, 6, 178.64 W, 26, 120 MHz, 3996 MHz, 0 %, 0 %
2026/03/23 13:28:17.196, 7, 176.58 W, 27, 120 MHz, 3996 MHz, 0 %, 0 %
2026/03/23 13:28:18.196, 0, 559.25 W, 37, 2032 MHz, 3996 MHz, 100 %, 39 %
2026/03/23 13:28:18.196, 1, 566.68 W, 40, 2032 MHz, 3996 MHz, 100 %, 41 %
2026/03/23 13:28:18.196, 2, 563.72 W, 37, 2032 MHz, 3996 MHz, 100 %, 41 %
2026/03/23 13:28:18.196, 3, 551.63 W, 40, 2032 MHz, 3996 MHz, 100 %, 41 %
2026/03/23 13:28:18.196, 4, 179.61 W, 25, 120 MHz, 3996 MHz, 0 %, 0 %
2026/03/23 13:28:18.196, 5, 180.93 W, 28, 120 MHz, 3996 MHz, 0 %, 0 %
2026/03/23 13:28:18.196, 6, 178.64 W, 26, 120 MHz, 3996 MHz, 0 %, 0 %
2026/03/23 13:28:18.196, 7, 176.58 W, 27, 120 MHz, 3996 MHz, 0 %, 0 %
2026/03/23 13:28:19.196, 0, 564.46 W, 37, 2032 MHz, 3996 MHz, 100 %, 41 %
2026/03/23 13:28:19.196, 1, 572.05 W, 40, 2032 MHz, 3996 MHz, 100 %, 42 %
2026/03/23 13:28:19.196, 2, 566.85 W, 37, 2032 MHz, 3996 MHz, 100 %, 41 %
2026/03/23 13:28:19.196, 3, 567.18 W, 40, 2032 MHz, 3996 MHz, 100 %, 41 %
2026/03/23 13:28:19.196, 4, 179.59 W, 25, 120 MHz, 3996 MHz, 0 %, 0 %
2026/03/23 13:28:19.196, 5, 181.09 W, 28, 120 MHz, 3996 MHz, 0 %, 0 %
2026/03/23 13:28:19.196, 6, 178.64 W, 26, 120 MHz, 3996 MHz, 0 %, 0 %
2026/03/23 13:28:19.196, 7, 176.58 W, 27, 120 MHz, 3996 MHz, 0 %, 0 %
2026/03/23 13:28:20.196, 0, 565.02 W, 37, 2032 MHz, 3996 MHz, 100 %, 41 %
2026/03/23 13:28:20.196, 1, 572.50 W, 40, 2032 MHz, 3996 MHz, 100 %, 41 %
2026/03/23 13:28:20.196, 2, 568.55 W, 37, 2032 MHz, 3996 MHz, 100 %, 41 %
2026/03/23 13:28:20.196, 3, 568.46 W, 40, 2032 MHz, 3996 MHz, 100 %, 41 %
2026/03/23 13:28:20.196, 4, 179.77 W, 25, 120 MHz, 3996 MHz, 0 %, 0 %
2026/03/23 13:28:20.196, 5, 180.93 W, 28, 120 MHz, 3996 MHz, 0 %, 0 %
2026/03/23 13:28:20.196, 6, 178.60 W, 26, 120 MHz, 3996 MHz, 0 %, 0 %
2026/03/23 13:28:20.196, 7, 176.58 W, 27, 120 MHz, 3996 MHz, 0 %, 0 %
2026/03/23 13:28:21.196, 0, 565.86 W, 37, 2032 MHz, 3996 MHz, 100 %, 41 %
2026/03/23 13:28:21.196, 1, 573.65 W, 40, 2032 MHz, 3996 MHz, 100 %, 41 %
2026/03/23 13:28:21.196, 2, 568.96 W, 37, 2032 MHz, 3996 MHz, 100 %, 42 %
2026/03/23 13:28:21.196, 3, 568.33 W, 40, 2032 MHz, 3996 MHz, 100 %, 41 %
2026/03/23 13:28:21.196, 4, 179.79 W, 25, 120 MHz, 3996 MHz, 0 %, 0 %
2026/03/23 13:28:21.196, 5, 180.89 W, 28, 120 MHz, 3996 MHz, 0 %, 0 %
2026/03/23 13:28:21.196, 6, 178.64 W, 26, 120 MHz, 3996 MHz, 0 %, 0 %
2026/03/23 13:28:21.196, 7, 176.58 W, 27, 120 MHz, 3996 MHz, 0 %, 0 %
2026/03/23 13:28:22.196, 0, 564.04 W, 37, 2032 MHz, 3996 MHz, 99 %, 22 %
2026/03/23 13:28:22.196, 1, 571.21 W, 40, 2032 MHz, 3996 MHz, 100 %, 42 %
2026/03/23 13:28:22.196, 2, 568.52 W, 37, 2032 MHz, 3996 MHz, 100 %, 41 %
2026/03/23 13:28:22.196, 3, 552.07 W, 40, 2032 MHz, 3996 MHz, 76 %, 33 %
2026/03/23 13:28:22.196, 4, 179.51 W, 25, 120 MHz, 3996 MHz, 0 %, 0 %
2026/03/23 13:28:22.196, 5, 180.93 W, 28, 120 MHz, 3996 MHz, 0 %, 0 %
2026/03/23 13:28:22.196, 6, 178.64 W, 26, 120 MHz, 3996 MHz, 0 %, 0 %
2026/03/23 13:28:22.196, 7, 176.58 W, 27, 120 MHz, 3996 MHz, 0 %, 0 %
2026/03/23 13:28:23.197, 0, 550.02 W, 37, 2032 MHz, 3996 MHz, 100 %, 41 %
2026/03/23 13:28:23.197, 1, 571.45 W, 40, 2032 MHz, 3996 MHz, 100 %, 41 %
2026/03/23 13:28:23.197, 2, 567.69 W, 37, 2032 MHz, 3996 MHz, 100 %, 41 %
2026/03/23 13:28:23.197, 3, 567.76 W, 40, 2032 MHz, 3996 MHz, 100 %, 41 %
2026/03/23 13:28:23.197, 4, 179.98 W, 25, 120 MHz, 3996 MHz, 0 %, 0 %
2026/03/23 13:28:23.197, 5, 180.78 W, 28, 120 MHz, 3996 MHz, 0 %, 0 %
2026/03/23 13:28:23.197, 6, 178.60 W, 26, 120 MHz, 3996 MHz, 0 %, 0 %
2026/03/23 13:28:23.197, 7, 176.58 W, 27, 120 MHz, 3996 MHz, 0 %, 0 %
2026/03/23 13:28:24.197, 0, 561.47 W, 37, 2032 MHz, 3996 MHz, 100 %, 27 %
2026/03/23 13:28:24.197, 1, 565.00 W, 40, 2032 MHz, 3996 MHz, 86 %, 24 %
2026/03/23 13:28:24.197, 2, 567.10 W, 37, 2032 MHz, 3996 MHz, 86 %, 19 %
2026/03/23 13:28:24.197, 3, 545.48 W, 40, 2032 MHz, 3996 MHz, 91 %, 38 %
2026/03/23 13:28:24.197, 4, 179.80 W, 25, 120 MHz, 3996 MHz, 0 %, 0 %
2026/03/23 13:28:24.197, 5, 180.81 W, 28, 120 MHz, 3996 MHz, 0 %, 0 %
2026/03/23 13:28:24.197, 6, 178.64 W, 26, 120 MHz, 3996 MHz, 0 %, 0 %
2026/03/23 13:28:24.197, 7, 176.58 W, 27, 120 MHz, 3996 MHz, 0 %, 0 %
2026/03/23 13:28:25.197, 0, 563.64 W, 37, 2032 MHz, 3996 MHz, 100 %, 41 %
2026/03/23 13:28:25.197, 1, 567.94 W, 40, 2032 MHz, 3996 MHz, 100 %, 41 %
2026/03/23 13:28:25.197, 2, 565.23 W, 37, 2032 MHz, 3996 MHz, 100 %, 41 %
2026/03/23 13:28:25.197, 3, 546.31 W, 40, 2032 MHz, 3996 MHz, 100 %, 41 %
2026/03/23 13:28:25.197, 4, 179.53 W, 25, 120 MHz, 3996 MHz, 0 %, 0 %
2026/03/23 13:28:25.197, 5, 180.74 W, 28, 120 MHz, 3996 MHz, 0 %, 0 %
2026/03/23 13:28:25.197, 6, 178.63 W, 26, 120 MHz, 3996 MHz, 0 %, 0 %
2026/03/23 13:28:25.197, 7, 176.58 W, 27, 120 MHz, 3996 MHz, 0 %, 0 %
2026/03/23 13:28:26.197, 0, 565.82 W, 37, 2032 MHz, 3996 MHz, 100 %, 41 %
2026/03/23 13:28:26.197, 1, 573.78 W, 40, 2032 MHz, 3996 MHz, 100 %, 42 %
2026/03/23 13:28:26.197, 2, 568.03 W, 37, 2032 MHz, 3996 MHz, 100 %, 42 %
2026/03/23 13:28:26.197, 3, 568.93 W, 40, 2032 MHz, 3996 MHz, 100 %, 41 %
2026/03/23 13:28:26.197, 4, 179.66 W, 25, 120 MHz, 3996 MHz, 0 %, 0 %
2026/03/23 13:28:26.197, 5, 181.01 W, 28, 120 MHz, 3996 MHz, 0 %, 0 %
2026/03/23 13:28:26.197, 6, 178.64 W, 26, 120 MHz, 3996 MHz, 0 %, 0 %
2026/03/23 13:28:26.197, 7, 176.58 W, 27, 120 MHz, 3996 MHz, 0 %, 0 %
2026/03/23 13:28:27.197, 0, 557.93 W, 37, 2032 MHz, 3996 MHz, 100 %, 19 %
2026/03/23 13:28:27.197, 1, 565.39 W, 40, 2032 MHz, 3996 MHz, 92 %, 18 %
2026/03/23 13:28:27.197, 2, 562.23 W, 37, 2032 MHz, 3996 MHz, 97 %, 18 %
2026/03/23 13:28:27.197, 3, 537.87 W, 40, 2032 MHz, 3996 MHz, 71 %, 31 %
2026/03/23 13:28:27.197, 4, 179.87 W, 25, 120 MHz, 3996 MHz, 0 %, 0 %
2026/03/23 13:28:27.197, 5, 180.89 W, 28, 120 MHz, 3996 MHz, 0 %, 0 %
2026/03/23 13:28:27.197, 6, 178.64 W, 26, 120 MHz, 3996 MHz, 0 %, 0 %
2026/03/23 13:28:27.197, 7, 176.58 W, 27, 120 MHz, 3996 MHz, 0 %, 0 %
2026/03/23 13:28:28.197, 0, 565.06 W, 37, 2032 MHz, 3996 MHz, 100 %, 42 %
2026/03/23 13:28:28.197, 1, 573.93 W, 40, 2032 MHz, 3996 MHz, 100 %, 42 %
2026/03/23 13:28:28.197, 2, 570.49 W, 37, 2032 MHz, 3996 MHz, 100 %, 42 %
2026/03/23 13:28:28.197, 3, 564.93 W, 40, 2032 MHz, 3996 MHz, 100 %, 42 %
2026/03/23 13:28:28.197, 4, 179.73 W, 25, 120 MHz, 3996 MHz, 0 %, 0 %
2026/03/23 13:28:28.197, 5, 180.82 W, 28, 120 MHz, 3996 MHz, 0 %, 0 %
2026/03/23 13:28:28.197, 6, 178.64 W, 26, 120 MHz, 3996 MHz, 0 %, 0 %
2026/03/23 13:28:28.197, 7, 176.62 W, 27, 120 MHz, 3996 MHz, 0 %, 0 %
2026/03/23 13:28:29.197, 0, 562.66 W, 37, 2032 MHz, 3996 MHz, 100 %, 42 %
2026/03/23 13:28:29.197, 1, 569.90 W, 40, 2032 MHz, 3996 MHz, 100 %, 42 %
2026/03/23 13:28:29.197, 2, 567.23 W, 37, 2032 MHz, 3996 MHz, 100 %, 42 %
2026/03/23 13:28:29.197, 3, 556.41 W, 40, 2032 MHz, 3996 MHz, 100 %, 42 %
2026/03/23 13:28:29.197, 4, 179.71 W, 25, 120 MHz, 3996 MHz, 0 %, 0 %
2026/03/23 13:28:29.197, 5, 180.81 W, 28, 120 MHz, 3996 MHz, 0 %, 0 %
2026/03/23 13:28:29.198, 6, 178.64 W, 26, 120 MHz, 3996 MHz, 0 %, 0 %
2026/03/23 13:28:29.198, 7, 176.58 W, 27, 120 MHz, 3996 MHz, 0 %, 0 %
2026/03/23 13:28:30.198, 0, 570.17 W, 37, 2032 MHz, 3996 MHz, 100 %, 42 %
2026/03/23 13:28:30.198, 1, 577.90 W, 40, 2032 MHz, 3996 MHz, 100 %, 42 %
2026/03/23 13:28:30.198, 2, 573.43 W, 37, 2032 MHz, 3996 MHz, 100 %, 42 %
2026/03/23 13:28:30.198, 3, 573.24 W, 40, 2032 MHz, 3996 MHz, 100 %, 42 %
2026/03/23 13:28:30.198, 4, 179.83 W, 25, 120 MHz, 3996 MHz, 0 %, 0 %
2026/03/23 13:28:30.198, 5, 180.78 W, 28, 120 MHz, 3996 MHz, 0 %, 0 %
2026/03/23 13:28:30.198, 6, 178.64 W, 26, 120 MHz, 3996 MHz, 0 %, 0 %
2026/03/23 13:28:30.198, 7, 176.62 W, 27, 120 MHz, 3996 MHz, 0 %, 0 %
2026/03/23 13:28:31.198, 0, 567.95 W, 37, 2032 MHz, 3996 MHz, 100 %, 42 %
2026/03/23 13:28:31.198, 1, 577.28 W, 40, 2032 MHz, 3996 MHz, 100 %, 42 %
2026/03/23 13:28:31.198, 2, 572.43 W, 37, 2032 MHz, 3996 MHz, 100 %, 42 %
2026/03/23 13:28:31.198, 3, 572.50 W, 41, 2032 MHz, 3996 MHz, 100 %, 42 %
2026/03/23 13:28:31.198, 4, 179.49 W, 25, 120 MHz, 3996 MHz, 0 %, 0 %
2026/03/23 13:28:31.198, 5, 180.85 W, 28, 120 MHz, 3996 MHz, 0 %, 0 %
2026/03/23 13:28:31.198, 6, 178.60 W, 26, 120 MHz, 3996 MHz, 0 %, 0 %
2026/03/23 13:28:31.198, 7, 176.58 W, 27, 120 MHz, 3996 MHz, 0 %, 0 %
2026/03/23 13:28:32.198, 0, 570.38 W, 37, 2032 MHz, 3996 MHz, 100 %, 42 %
2026/03/23 13:28:32.198, 1, 578.50 W, 40, 2032 MHz, 3996 MHz, 100 %, 42 %
2026/03/23 13:28:32.198, 2, 573.74 W, 37, 2032 MHz, 3996 MHz, 100 %, 42 %
2026/03/23 13:28:32.198, 3, 573.41 W, 41, 2032 MHz, 3996 MHz, 100 %, 42 %
2026/03/23 13:28:32.198, 4, 179.78 W, 25, 120 MHz, 3996 MHz, 0 %, 0 %
2026/03/23 13:28:32.198, 5, 181.19 W, 28, 120 MHz, 3996 MHz, 0 %, 0 %
2026/03/23 13:28:32.198, 6, 178.64 W, 26, 120 MHz, 3996 MHz, 0 %, 0 %
2026/03/23 13:28:32.198, 7, 176.58 W, 27, 120 MHz, 3996 MHz, 0 %, 0 %
2026/03/23 13:28:33.198, 0, 566.69 W, 37, 2032 MHz, 3996 MHz, 100 %, 42 %
2026/03/23 13:28:33.198, 1, 573.36 W, 40, 2032 MHz, 3996 MHz, 100 %, 28 %
2026/03/23 13:28:33.198, 2, 571.47 W, 37, 2032 MHz, 3996 MHz, 100 %, 33 %
2026/03/23 13:28:33.198, 3, 555.29 W, 40, 2032 MHz, 3996 MHz, 75 %, 32 %
2026/03/23 13:28:33.198, 4, 179.86 W, 25, 120 MHz, 3996 MHz, 0 %, 0 %
2026/03/23 13:28:33.198, 5, 180.81 W, 28, 120 MHz, 3996 MHz, 0 %, 0 %
2026/03/23 13:28:33.198, 6, 178.64 W, 26, 120 MHz, 3996 MHz, 0 %, 0 %
2026/03/23 13:28:33.198, 7, 176.58 W, 27, 120 MHz, 3996 MHz, 0 %, 0 %
2026/03/23 13:28:34.198, 0, 563.27 W, 37, 2032 MHz, 3996 MHz, 100 %, 42 %
2026/03/23 13:28:34.198, 1, 568.32 W, 40, 2032 MHz, 3996 MHz, 100 %, 42 %
2026/03/23 13:28:34.198, 2, 567.74 W, 37, 2032 MHz, 3996 MHz, 100 %, 42 %
2026/03/23 13:28:34.198, 3, 540.14 W, 40, 2032 MHz, 3996 MHz, 100 %, 42 %
2026/03/23 13:28:34.198, 4, 179.78 W, 25, 120 MHz, 3996 MHz, 0 %, 0 %
2026/03/23 13:28:34.198, 5, 180.74 W, 28, 120 MHz, 3996 MHz, 0 %, 0 %
2026/03/23 13:28:34.198, 6, 178.64 W, 26, 120 MHz, 3996 MHz, 0 %, 0 %
2026/03/23 13:28:34.198, 7, 176.58 W, 27, 120 MHz, 3996 MHz, 0 %, 0 %
2026/03/23 13:28:35.198, 0, 564.59 W, 37, 2032 MHz, 3996 MHz, 99 %, 18 %
2026/03/23 13:28:35.198, 1, 553.99 W, 40, 2032 MHz, 3996 MHz, 83 %, 31 %
2026/03/23 13:28:35.198, 2, 567.87 W, 37, 2032 MHz, 3996 MHz, 79 %, 26 %
2026/03/23 13:28:35.198, 3, 561.59 W, 40, 2032 MHz, 3996 MHz, 100 %, 25 %
2026/03/23 13:28:35.198, 4, 179.74 W, 25, 120 MHz, 3996 MHz, 0 %, 0 %
2026/03/23 13:28:35.198, 5, 180.85 W, 28, 120 MHz, 3996 MHz, 0 %, 0 %
2026/03/23 13:28:35.199, 6, 178.64 W, 26, 120 MHz, 3996 MHz, 0 %, 0 %
2026/03/23 13:28:35.199, 7, 176.62 W, 27, 120 MHz, 3996 MHz, 0 %, 0 %
2026/03/23 13:28:36.199, 0, 559.22 W, 37, 2032 MHz, 3996 MHz, 100 %, 41 %
2026/03/23 13:28:36.199, 1, 569.43 W, 40, 2032 MHz, 3996 MHz, 100 %, 41 %
2026/03/23 13:28:36.199, 2, 564.45 W, 37, 2032 MHz, 3996 MHz, 100 %, 41 %
2026/03/23 13:28:36.199, 3, 554.82 W, 41, 2032 MHz, 3996 MHz, 100 %, 41 %
2026/03/23 13:28:36.199, 4, 179.68 W, 25, 120 MHz, 3996 MHz, 0 %, 0 %
2026/03/23 13:28:36.199, 5, 181.08 W, 28, 120 MHz, 3996 MHz, 0 %, 0 %
2026/03/23 13:28:36.199, 6, 178.60 W, 26, 120 MHz, 3996 MHz, 0 %, 0 %
2026/03/23 13:28:36.199, 7, 176.58 W, 27, 120 MHz, 3996 MHz, 0 %, 0 %
2026/03/23 13:28:37.199, 0, 554.62 W, 37, 2032 MHz, 3996 MHz, 100 %, 40 %
2026/03/23 13:28:37.199, 1, 564.03 W, 40, 2032 MHz, 3996 MHz, 100 %, 41 %
2026/03/23 13:28:37.199, 2, 561.47 W, 37, 2032 MHz, 3996 MHz, 100 %, 41 %
2026/03/23 13:28:37.199, 3, 547.71 W, 40, 2032 MHz, 3996 MHz, 100 %, 41 %
2026/03/23 13:28:37.199, 4, 179.78 W, 25, 120 MHz, 3996 MHz, 0 %, 0 %
2026/03/23 13:28:37.199, 5, 181.13 W, 28, 120 MHz, 3996 MHz, 0 %, 0 %
2026/03/23 13:28:37.199, 6, 178.64 W, 26, 120 MHz, 3996 MHz, 0 %, 0 %
2026/03/23 13:28:37.199, 7, 176.58 W, 27, 120 MHz, 3996 MHz, 0 %, 0 %
2026/03/23 13:28:38.199, 0, 559.58 W, 37, 2032 MHz, 3996 MHz, 100 %, 41 %
2026/03/23 13:28:38.199, 1, 569.42 W, 40, 2032 MHz, 3996 MHz, 100 %, 41 %
2026/03/23 13:28:38.199, 2, 565.26 W, 37, 2032 MHz, 3996 MHz, 100 %, 40 %
2026/03/23 13:28:38.199, 3, 563.57 W, 41, 2032 MHz, 3996 MHz, 100 %, 41 %
2026/03/23 13:28:38.199, 4, 179.66 W, 25, 120 MHz, 3996 MHz, 0 %, 0 %
2026/03/23 13:28:38.199, 5, 180.85 W, 28, 120 MHz, 3996 MHz, 0 %, 0 %
2026/03/23 13:28:38.199, 6, 178.60 W, 26, 120 MHz, 3996 MHz, 0 %, 0 %
2026/03/23 13:28:38.199, 7, 176.62 W, 27, 120 MHz, 3996 MHz, 0 %, 0 %
2026/03/23 13:28:39.199, 0, 549.72 W, 37, 2032 MHz, 3996 MHz, 100 %, 41 %
2026/03/23 13:28:39.199, 1, 560.77 W, 40, 2032 MHz, 3996 MHz, 100 %, 41 %
2026/03/23 13:28:39.199, 2, 561.76 W, 37, 2032 MHz, 3996 MHz, 100 %, 41 %
2026/03/23 13:28:39.199, 3, 551.71 W, 41, 2032 MHz, 3996 MHz, 100 %, 41 %
2026/03/23 13:28:39.199, 4, 179.55 W, 25, 120 MHz, 3996 MHz, 0 %, 0 %
2026/03/23 13:28:39.199, 5, 181.04 W, 28, 120 MHz, 3996 MHz, 0 %, 0 %
2026/03/23 13:28:39.199, 6, 178.60 W, 26, 120 MHz, 3996 MHz, 0 %, 0 %
2026/03/23 13:28:39.199, 7, 176.58 W, 27, 120 MHz, 3996 MHz, 0 %, 0 %
2026/03/23 13:28:40.199, 0, 548.17 W, 37, 2032 MHz, 3996 MHz, 100 %, 41 %
2026/03/23 13:28:40.199, 1, 564.54 W, 40, 2032 MHz, 3996 MHz, 100 %, 41 %
2026/03/23 13:28:40.199, 2, 560.49 W, 37, 2032 MHz, 3996 MHz, 100 %, 40 %
2026/03/23 13:28:40.199, 3, 550.95 W, 41, 2032 MHz, 3996 MHz, 100 %, 41 %
2026/03/23 13:28:40.199, 4, 179.67 W, 25, 120 MHz, 3996 MHz, 0 %, 0 %
2026/03/23 13:28:40.199, 5, 181.00 W, 28, 120 MHz, 3996 MHz, 0 %, 0 %
2026/03/23 13:28:40.199, 6, 178.60 W, 26, 120 MHz, 3996 MHz, 0 %, 0 %
2026/03/23 13:28:40.199, 7, 176.58 W, 27, 120 MHz, 3996 MHz, 0 %, 0 %
2026/03/23 13:28:41.199, 0, 558.21 W, 37, 2032 MHz, 3996 MHz, 100 %, 40 %
2026/03/23 13:28:41.199, 1, 566.59 W, 40, 2032 MHz, 3996 MHz, 100 %, 40 %
2026/03/23 13:28:41.199, 2, 561.53 W, 37, 2032 MHz, 3996 MHz, 100 %, 40 %
2026/03/23 13:28:41.199, 3, 561.07 W, 41, 2032 MHz, 3996 MHz, 100 %, 40 %
2026/03/23 13:28:41.199, 4, 179.70 W, 25, 120 MHz, 3996 MHz, 0 %, 0 %
2026/03/23 13:28:41.199, 5, 180.70 W, 28, 120 MHz, 3996 MHz, 0 %, 0 %
2026/03/23 13:28:41.199, 6, 178.60 W, 26, 120 MHz, 3996 MHz, 0 %, 0 %
2026/03/23 13:28:41.199, 7, 176.58 W, 27, 120 MHz, 3996 MHz, 0 %, 0 %
2026/03/23 13:28:42.199, 0, 557.63 W, 37, 2032 MHz, 3996 MHz, 100 %, 40 %
2026/03/23 13:28:42.199, 1, 566.81 W, 40, 2032 MHz, 3996 MHz, 100 %, 40 %
2026/03/23 13:28:42.199, 2, 562.33 W, 37, 2032 MHz, 3996 MHz, 100 %, 41 %
2026/03/23 13:28:42.199, 3, 561.75 W, 41, 2032 MHz, 3996 MHz, 100 %, 40 %
2026/03/23 13:28:42.199, 4, 179.70 W, 25, 120 MHz, 3996 MHz, 0 %, 0 %
2026/03/23 13:28:42.199, 5, 180.66 W, 28, 120 MHz, 3996 MHz, 0 %, 0 %
2026/03/23 13:28:42.199, 6, 178.60 W, 26, 120 MHz, 3996 MHz, 0 %, 0 %
2026/03/23 13:28:42.200, 7, 176.58 W, 27, 120 MHz, 3996 MHz, 0 %, 0 %
2026/03/23 13:28:43.200, 0, 544.41 W, 37, 2032 MHz, 3996 MHz, 100 %, 42 %
2026/03/23 13:28:43.200, 1, 566.44 W, 40, 2032 MHz, 3996 MHz, 100 %, 42 %
2026/03/23 13:28:43.200, 2, 564.20 W, 37, 2032 MHz, 3996 MHz, 100 %, 42 %
2026/03/23 13:28:43.200, 3, 564.08 W, 41, 2032 MHz, 3996 MHz, 100 %, 42 %
2026/03/23 13:28:43.200, 4, 179.69 W, 25, 120 MHz, 3996 MHz, 0 %, 0 %
2026/03/23 13:28:43.200, 5, 180.78 W, 28, 120 MHz, 3996 MHz, 0 %, 0 %
2026/03/23 13:28:43.200, 6, 178.60 W, 26, 120 MHz, 3996 MHz, 0 %, 0 %
2026/03/23 13:28:43.200, 7, 176.58 W, 27, 120 MHz, 3996 MHz, 0 %, 0 %
2026/03/23 13:28:44.200, 0, 562.08 W, 37, 2032 MHz, 3996 MHz, 100 %, 41 %
2026/03/23 13:28:44.200, 1, 572.59 W, 40, 2032 MHz, 3996 MHz, 100 %, 41 %
2026/03/23 13:28:44.200, 2, 568.94 W, 37, 2032 MHz, 3996 MHz, 94 %, 19 %
2026/03/23 13:28:44.200, 3, 559.10 W, 40, 2032 MHz, 3996 MHz, 100 %, 41 %
2026/03/23 13:28:44.200, 4, 179.83 W, 25, 120 MHz, 3996 MHz, 0 %, 0 %
2026/03/23 13:28:44.200, 5, 180.81 W, 28, 120 MHz, 3996 MHz, 0 %, 0 %
2026/03/23 13:28:44.200, 6, 178.60 W, 26, 120 MHz, 3996 MHz, 0 %, 0 %
2026/03/23 13:28:44.200, 7, 176.58 W, 27, 120 MHz, 3996 MHz, 0 %, 0 %
2026/03/23 13:28:45.200, 0, 561.63 W, 37, 2032 MHz, 3996 MHz, 100 %, 42 %
2026/03/23 13:28:45.200, 1, 574.80 W, 40, 2032 MHz, 3996 MHz, 100 %, 42 %
2026/03/23 13:28:45.200, 2, 571.07 W, 37, 2032 MHz, 3996 MHz, 100 %, 42 %
2026/03/23 13:28:45.200, 3, 549.37 W, 41, 2032 MHz, 3996 MHz, 67 %, 30 %
2026/03/23 13:28:45.200, 4, 179.97 W, 25, 120 MHz, 3996 MHz, 0 %, 0 %
2026/03/23 13:28:45.200, 5, 181.01 W, 28, 120 MHz, 3996 MHz, 0 %, 0 %
2026/03/23 13:28:45.200, 6, 178.64 W, 26, 120 MHz, 3996 MHz, 0 %, 0 %
2026/03/23 13:28:45.200, 7, 176.58 W, 27, 120 MHz, 3996 MHz, 0 %, 0 %
2026/03/23 13:28:46.200, 0, 556.62 W, 37, 2032 MHz, 3996 MHz, 100 %, 41 %
2026/03/23 13:28:46.200, 1, 553.04 W, 40, 2032 MHz, 3996 MHz, 100 %, 41 %
2026/03/23 13:28:46.200, 2, 558.79 W, 37, 2032 MHz, 3996 MHz, 100 %, 42 %
2026/03/23 13:28:46.200, 3, 543.41 W, 41, 2032 MHz, 3996 MHz, 100 %, 41 %
2026/03/23 13:28:46.200, 4, 179.64 W, 25, 120 MHz, 3996 MHz, 0 %, 0 %
2026/03/23 13:28:46.200, 5, 180.93 W, 28, 120 MHz, 3996 MHz, 0 %, 0 %
2026/03/23 13:28:46.200, 6, 178.64 W, 26, 120 MHz, 3996 MHz, 0 %, 0 %
2026/03/23 13:28:46.200, 7, 176.58 W, 27, 120 MHz, 3996 MHz, 0 %, 0 %
2026/03/23 13:28:47.200, 0, 558.19 W, 37, 2032 MHz, 3996 MHz, 100 %, 41 %
2026/03/23 13:28:47.200, 1, 566.78 W, 40, 2032 MHz, 3996 MHz, 100 %, 41 %
2026/03/23 13:28:47.200, 2, 562.27 W, 37, 2032 MHz, 3996 MHz, 100 %, 42 %
2026/03/23 13:28:47.200, 3, 550.65 W, 41, 2032 MHz, 3996 MHz, 100 %, 41 %
2026/03/23 13:28:47.200, 4, 180.06 W, 25, 120 MHz, 3996 MHz, 0 %, 0 %
2026/03/23 13:28:47.200, 5, 181.08 W, 28, 120 MHz, 3996 MHz, 0 %, 0 %
2026/03/23 13:28:47.200, 6, 178.56 W, 26, 120 MHz, 3996 MHz, 0 %, 0 %
2026/03/23 13:28:47.200, 7, 176.58 W, 27, 120 MHz, 3996 MHz, 0 %, 0 %
2026/03/23 13:28:48.200, 0, 566.76 W, 37, 2032 MHz, 3996 MHz, 100 %, 42 %
2026/03/23 13:28:48.200, 1, 575.18 W, 40, 2032 MHz, 3996 MHz, 100 %, 42 %
2026/03/23 13:28:48.200, 2, 569.86 W, 37, 2032 MHz, 3996 MHz, 100 %, 42 %
2026/03/23 13:28:48.200, 3, 570.57 W, 41, 2032 MHz, 3996 MHz, 100 %, 42 %
2026/03/23 13:28:48.200, 4, 179.73 W, 25, 120 MHz, 3996 MHz, 0 %, 0 %
2026/03/23 13:28:48.200, 5, 181.09 W, 28, 120 MHz, 3996 MHz, 0 %, 0 %
2026/03/23 13:28:48.200, 6, 178.64 W, 26, 120 MHz, 3996 MHz, 0 %, 0 %
2026/03/23 13:28:48.200, 7, 176.58 W, 27, 120 MHz, 3996 MHz, 0 %, 0 %
2026/03/23 13:28:49.200, 0, 566.87 W, 37, 2032 MHz, 3996 MHz, 100 %, 42 %
2026/03/23 13:28:49.200, 1, 575.71 W, 40, 2032 MHz, 3996 MHz, 100 %, 42 %
2026/03/23 13:28:49.200, 2, 570.37 W, 37, 2032 MHz, 3996 MHz, 100 %, 42 %
2026/03/23 13:28:49.200, 3, 570.19 W, 41, 2032 MHz, 3996 MHz, 100 %, 42 %
2026/03/23 13:28:49.200, 4, 179.86 W, 25, 120 MHz, 3996 MHz, 0 %, 0 %
2026/03/23 13:28:49.201, 5, 180.96 W, 28, 120 MHz, 3996 MHz, 0 %, 0 %
2026/03/23 13:28:49.201, 6, 178.64 W, 26, 120 MHz, 3996 MHz, 0 %, 0 %
2026/03/23 13:28:49.201, 7, 176.58 W, 27, 120 MHz, 3996 MHz, 0 %, 0 %
2026/03/23 13:28:50.201, 0, 545.37 W, 37, 2032 MHz, 3996 MHz, 92 %, 29 %
2026/03/23 13:28:50.201, 1, 565.16 W, 40, 2032 MHz, 3996 MHz, 99 %, 19 %
2026/03/23 13:28:50.201, 2, 559.89 W, 37, 2032 MHz, 3996 MHz, 100 %, 24 %
2026/03/23 13:28:50.201, 3, 551.93 W, 40, 2032 MHz, 3996 MHz, 100 %, 41 %
2026/03/23 13:28:50.201, 4, 179.60 W, 25, 120 MHz, 3996 MHz, 0 %, 0 %
2026/03/23 13:28:50.201, 5, 181.05 W, 28, 120 MHz, 3996 MHz, 0 %, 0 %
2026/03/23 13:28:50.201, 6, 178.64 W, 26, 120 MHz, 3996 MHz, 0 %, 0 %
2026/03/23 13:28:50.201, 7, 176.58 W, 27, 120 MHz, 3996 MHz, 0 %, 0 %
2026/03/23 13:28:51.201, 0, 564.36 W, 37, 2032 MHz, 3996 MHz, 100 %, 41 %
2026/03/23 13:28:51.201, 1, 573.86 W, 40, 2032 MHz, 3996 MHz, 100 %, 41 %
2026/03/23 13:28:51.201, 2, 568.41 W, 37, 2032 MHz, 3996 MHz, 100 %, 41 %
2026/03/23 13:28:51.201, 3, 567.57 W, 41, 2032 MHz, 3996 MHz, 100 %, 41 %
2026/03/23 13:28:51.201, 4, 179.44 W, 25, 120 MHz, 3996 MHz, 0 %, 0 %
2026/03/23 13:28:51.201, 5, 180.86 W, 28, 120 MHz, 3996 MHz, 0 %, 0 %
2026/03/23 13:28:51.201, 6, 178.64 W, 26, 120 MHz, 3996 MHz, 0 %, 0 %
2026/03/23 13:28:51.201, 7, 176.62 W, 27, 120 MHz, 3996 MHz, 0 %, 0 %
2026/03/23 13:28:52.201, 0, 564.37 W, 37, 2032 MHz, 3996 MHz, 100 %, 41 %
2026/03/23 13:28:52.201, 1, 572.96 W, 40, 2032 MHz, 3996 MHz, 100 %, 41 %
2026/03/23 13:28:52.201, 2, 567.67 W, 37, 2032 MHz, 3996 MHz, 100 %, 41 %
2026/03/23 13:28:52.201, 3, 568.78 W, 41, 2032 MHz, 3996 MHz, 100 %, 41 %
2026/03/23 13:28:52.201, 4, 179.59 W, 25, 120 MHz, 3996 MHz, 0 %, 0 %
2026/03/23 13:28:52.201, 5, 180.85 W, 28, 120 MHz, 3996 MHz, 0 %, 0 %
2026/03/23 13:28:52.201, 6, 178.64 W, 26, 120 MHz, 3996 MHz, 0 %, 0 %
2026/03/23 13:28:52.201, 7, 176.58 W, 27, 120 MHz, 3996 MHz, 0 %, 0 %
2026/03/23 13:28:53.201, 0, 565.02 W, 37, 2032 MHz, 3996 MHz, 100 %, 41 %
2026/03/23 13:28:53.201, 1, 572.74 W, 40, 2032 MHz, 3996 MHz, 100 %, 41 %
2026/03/23 13:28:53.201, 2, 568.29 W, 37, 2032 MHz, 3996 MHz, 100 %, 41 %
2026/03/23 13:28:53.201, 3, 568.73 W, 41, 2032 MHz, 3996 MHz, 100 %, 41 %
2026/03/23 13:28:53.201, 4, 180.21 W, 25, 120 MHz, 3996 MHz, 0 %, 0 %
2026/03/23 13:28:53.201, 5, 180.89 W, 28, 120 MHz, 3996 MHz, 0 %, 0 %
2026/03/23 13:28:53.201, 6, 178.64 W, 26, 120 MHz, 3996 MHz, 0 %, 0 %
2026/03/23 13:28:53.201, 7, 176.58 W, 27, 120 MHz, 3996 MHz, 0 %, 0 %
2026/03/23 13:28:54.201, 0, 558.28 W, 37, 2032 MHz, 3996 MHz, 98 %, 17 %
2026/03/23 13:28:54.201, 1, 566.34 W, 40, 2032 MHz, 3996 MHz, 100 %, 34 %
2026/03/23 13:28:54.201, 2, 564.79 W, 37, 2032 MHz, 3996 MHz, 100 %, 39 %
2026/03/23 13:28:54.201, 3, 551.85 W, 41, 2032 MHz, 3996 MHz, 55 %, 25 %
2026/03/23 13:28:54.201, 4, 179.56 W, 25, 120 MHz, 3996 MHz, 0 %, 0 %
2026/03/23 13:28:54.201, 5, 180.93 W, 28, 120 MHz, 3996 MHz, 0 %, 0 %
2026/03/23 13:28:54.201, 6, 178.64 W, 26, 120 MHz, 3996 MHz, 0 %, 0 %
2026/03/23 13:28:54.201, 7, 176.59 W, 27, 120 MHz, 3996 MHz, 0 %, 0 %
2026/03/23 13:28:55.201, 0, 556.68 W, 37, 2032 MHz, 3996 MHz, 100 %, 41 %
2026/03/23 13:28:55.201, 1, 563.99 W, 40, 2032 MHz, 3996 MHz, 98 %, 40 %
2026/03/23 13:28:55.201, 2, 558.06 W, 37, 2032 MHz, 3996 MHz, 93 %, 34 %
2026/03/23 13:28:55.201, 3, 542.04 W, 41, 2032 MHz, 3996 MHz, 100 %, 41 %
2026/03/23 13:28:55.201, 4, 179.61 W, 25, 120 MHz, 3996 MHz, 0 %, 0 %
2026/03/23 13:28:55.201, 5, 181.04 W, 28, 120 MHz, 3996 MHz, 0 %, 0 %
2026/03/23 13:28:55.201, 6, 178.60 W, 26, 120 MHz, 3996 MHz, 0 %, 0 %
2026/03/23 13:28:55.201, 7, 176.58 W, 27, 120 MHz, 3996 MHz, 0 %, 0 %
2026/03/23 13:28:56.201, 0, 551.03 W, 37, 2032 MHz, 3996 MHz, 100 %, 41 %
2026/03/23 13:28:56.201, 1, 559.83 W, 40, 2032 MHz, 3996 MHz, 76 %, 28 %
2026/03/23 13:28:56.201, 2, 563.72 W, 37, 2032 MHz, 3996 MHz, 94 %, 23 %
2026/03/23 13:28:56.201, 3, 547.08 W, 41, 2032 MHz, 3996 MHz, 100 %, 41 %
2026/03/23 13:28:56.201, 4, 179.37 W, 25, 120 MHz, 3996 MHz, 0 %, 0 %
2026/03/23 13:28:56.201, 5, 180.89 W, 28, 120 MHz, 3996 MHz, 0 %, 0 %
2026/03/23 13:28:56.202, 6, 178.60 W, 26, 120 MHz, 3996 MHz, 0 %, 0 %
2026/03/23 13:28:56.202, 7, 176.58 W, 27, 120 MHz, 3996 MHz, 0 %, 0 %
2026/03/23 13:28:57.202, 0, 559.02 W, 37, 2032 MHz, 3996 MHz, 100 %, 42 %
2026/03/23 13:28:57.202, 1, 560.77 W, 40, 2032 MHz, 3996 MHz, 100 %, 41 %
2026/03/23 13:28:57.202, 2, 563.74 W, 37, 2032 MHz, 3996 MHz, 100 %, 41 %
2026/03/23 13:28:57.202, 3, 545.87 W, 41, 2032 MHz, 3996 MHz, 100 %, 41 %
2026/03/23 13:28:57.202, 4, 179.39 W, 25, 120 MHz, 3996 MHz, 0 %, 0 %
2026/03/23 13:28:57.202, 5, 180.70 W, 28, 120 MHz, 3996 MHz, 0 %, 0 %
2026/03/23 13:28:57.202, 6, 178.60 W, 26, 120 MHz, 3996 MHz, 0 %, 0 %
2026/03/23 13:28:57.202, 7, 176.58 W, 27, 120 MHz, 3996 MHz, 0 %, 0 %
2026/03/23 13:28:58.202, 0, 550.80 W, 37, 2032 MHz, 3996 MHz, 100 %, 41 %
2026/03/23 13:28:58.202, 1, 572.71 W, 40, 2032 MHz, 3996 MHz, 100 %, 41 %
2026/03/23 13:28:58.202, 2, 567.40 W, 37, 2032 MHz, 3996 MHz, 100 %, 41 %
2026/03/23 13:28:58.202, 3, 568.97 W, 41, 2032 MHz, 3996 MHz, 100 %, 41 %
2026/03/23 13:28:58.202, 4, 179.99 W, 25, 120 MHz, 3996 MHz, 0 %, 0 %
2026/03/23 13:28:58.202, 5, 181.00 W, 28, 120 MHz, 3996 MHz, 0 %, 0 %
2026/03/23 13:28:58.202, 6, 178.64 W, 26, 120 MHz, 3996 MHz, 0 %, 0 %
2026/03/23 13:28:58.202, 7, 176.58 W, 27, 120 MHz, 3996 MHz, 0 %, 0 %
2026/03/23 13:28:59.202, 0, 561.16 W, 37, 2032 MHz, 3996 MHz, 99 %, 17 %
2026/03/23 13:28:59.202, 1, 570.26 W, 40, 2032 MHz, 3996 MHz, 100 %, 34 %
2026/03/23 13:28:59.202, 2, 566.92 W, 37, 2032 MHz, 3996 MHz, 100 %, 39 %
2026/03/23 13:28:59.202, 3, 553.42 W, 41, 2032 MHz, 3996 MHz, 57 %, 25 %
2026/03/23 13:28:59.202, 4, 179.67 W, 25, 120 MHz, 3996 MHz, 0 %, 0 %
2026/03/23 13:28:59.202, 5, 181.01 W, 28, 120 MHz, 3996 MHz, 0 %, 0 %
2026/03/23 13:28:59.202, 6, 178.64 W, 26, 120 MHz, 3996 MHz, 0 %, 0 %
2026/03/23 13:28:59.202, 7, 176.58 W, 27, 120 MHz, 3996 MHz, 0 %, 0 %
2026/03/23 13:29:00.202, 0, 562.47 W, 37, 2032 MHz, 3996 MHz, 100 %, 41 %
2026/03/23 13:29:00.202, 1, 568.92 W, 40, 2032 MHz, 3996 MHz, 100 %, 42 %
2026/03/23 13:29:00.202, 2, 565.45 W, 37, 2032 MHz, 3996 MHz, 100 %, 42 %
2026/03/23 13:29:00.202, 3, 552.10 W, 41, 2032 MHz, 3996 MHz, 67 %, 29 %
2026/03/23 13:29:00.202, 4, 179.75 W, 25, 120 MHz, 3996 MHz, 0 %, 0 %
2026/03/23 13:29:00.202, 5, 181.20 W, 28, 120 MHz, 3996 MHz, 0 %, 0 %
2026/03/23 13:29:00.202, 6, 178.64 W, 26, 120 MHz, 3996 MHz, 0 %, 0 %
2026/03/23 13:29:00.202, 7, 176.58 W, 27, 120 MHz, 3996 MHz, 0 %, 0 %
2026/03/23 13:29:01.202, 0, 568.09 W, 37, 2032 MHz, 3996 MHz, 100 %, 42 %
2026/03/23 13:29:01.202, 1, 575.97 W, 40, 2032 MHz, 3996 MHz, 100 %, 42 %
2026/03/23 13:29:01.202, 2, 571.92 W, 37, 2032 MHz, 3996 MHz, 100 %, 42 %
2026/03/23 13:29:01.202, 3, 571.35 W, 41, 2032 MHz, 3996 MHz, 100 %, 42 %
2026/03/23 13:29:01.202, 4, 179.94 W, 25, 120 MHz, 3996 MHz, 0 %, 0 %
2026/03/23 13:29:01.202, 5, 180.77 W, 28, 120 MHz, 3996 MHz, 0 %, 0 %
2026/03/23 13:29:01.202, 6, 178.64 W, 26, 120 MHz, 3996 MHz, 0 %, 0 %
2026/03/23 13:29:01.202, 7, 176.58 W, 27, 120 MHz, 3996 MHz, 0 %, 0 %
2026/03/23 13:29:02.202, 0, 567.19 W, 37, 2032 MHz, 3996 MHz, 100 %, 42 %
2026/03/23 13:29:02.202, 1, 576.29 W, 40, 2032 MHz, 3996 MHz, 100 %, 42 %
2026/03/23 13:29:02.202, 2, 572.21 W, 37, 2032 MHz, 3996 MHz, 100 %, 42 %
2026/03/23 13:29:02.202, 3, 571.93 W, 41, 2032 MHz, 3996 MHz, 100 %, 42 %
2026/03/23 13:29:02.202, 4, 179.50 W, 25, 120 MHz, 3996 MHz, 0 %, 0 %
2026/03/23 13:29:02.202, 5, 181.15 W, 28, 120 MHz, 3996 MHz, 0 %, 0 %
2026/03/23 13:29:02.202, 6, 178.64 W, 26, 120 MHz, 3996 MHz, 0 %, 0 %
2026/03/23 13:29:02.202, 7, 176.58 W, 27, 120 MHz, 3996 MHz, 0 %, 0 %
2026/03/23 13:29:03.202, 0, 569.13 W, 37, 2032 MHz, 3996 MHz, 100 %, 42 %
2026/03/23 13:29:03.202, 1, 577.63 W, 40, 2032 MHz, 3996 MHz, 100 %, 42 %
2026/03/23 13:29:03.202, 2, 573.04 W, 37, 2032 MHz, 3996 MHz, 100 %, 42 %
2026/03/23 13:29:03.202, 3, 572.22 W, 41, 2032 MHz, 3996 MHz, 100 %, 42 %
2026/03/23 13:29:03.202, 4, 179.84 W, 25, 120 MHz, 3996 MHz, 0 %, 0 %
2026/03/23 13:29:03.202, 5, 181.21 W, 28, 120 MHz, 3996 MHz, 0 %, 0 %
2026/03/23 13:29:03.202, 6, 178.64 W, 26, 120 MHz, 3996 MHz, 0 %, 0 %
2026/03/23 13:29:03.202, 7, 176.58 W, 27, 120 MHz, 3996 MHz, 0 %, 0 %
2026/03/23 13:29:04.203, 0, 569.38 W, 37, 2032 MHz, 3996 MHz, 100 %, 42 %
2026/03/23 13:29:04.203, 1, 577.85 W, 40, 2032 MHz, 3996 MHz, 100 %, 42 %
2026/03/23 13:29:04.203, 2, 573.25 W, 37, 2032 MHz, 3996 MHz, 100 %, 42 %
2026/03/23 13:29:04.203, 3, 572.56 W, 41, 2032 MHz, 3996 MHz, 100 %, 42 %
2026/03/23 13:29:04.203, 4, 179.57 W, 25, 120 MHz, 3996 MHz, 0 %, 0 %
2026/03/23 13:29:04.203, 5, 181.00 W, 28, 120 MHz, 3996 MHz, 0 %, 0 %
2026/03/23 13:29:04.203, 6, 178.64 W, 26, 120 MHz, 3996 MHz, 0 %, 0 %
2026/03/23 13:29:04.203, 7, 176.58 W, 27, 120 MHz, 3996 MHz, 0 %, 0 %
2026/03/23 13:29:05.203, 0, 569.84 W, 37, 2032 MHz, 3996 MHz, 100 %, 42 %
2026/03/23 13:29:05.203, 1, 578.56 W, 40, 2032 MHz, 3996 MHz, 100 %, 42 %
2026/03/23 13:29:05.203, 2, 573.79 W, 37, 2032 MHz, 3996 MHz, 100 %, 42 %
2026/03/23 13:29:05.203, 3, 573.61 W, 41, 2032 MHz, 3996 MHz, 100 %, 42 %
2026/03/23 13:29:05.203, 4, 179.82 W, 25, 120 MHz, 3996 MHz, 0 %, 0 %
2026/03/23 13:29:05.203, 5, 181.01 W, 28, 120 MHz, 3996 MHz, 0 %, 0 %
2026/03/23 13:29:05.203, 6, 178.64 W, 26, 120 MHz, 3996 MHz, 0 %, 0 %
2026/03/23 13:29:05.203, 7, 176.58 W, 27, 120 MHz, 3996 MHz, 0 %, 0 %
2026/03/23 13:29:06.203, 0, 530.79 W, 36, 2032 MHz, 3996 MHz, 100 %, 33 %
2026/03/23 13:29:06.203, 1, 536.40 W, 40, 2032 MHz, 3996 MHz, 100 %, 33 %
2026/03/23 13:29:06.203, 2, 535.05 W, 37, 2032 MHz, 3996 MHz, 100 %, 33 %
2026/03/23 13:29:06.203, 3, 535.11 W, 40, 2032 MHz, 3996 MHz, 100 %, 33 %
2026/03/23 13:29:06.203, 4, 179.83 W, 25, 120 MHz, 3996 MHz, 0 %, 0 %
2026/03/23 13:29:06.203, 5, 180.96 W, 28, 120 MHz, 3996 MHz, 0 %, 0 %
2026/03/23 13:29:06.203, 6, 178.60 W, 26, 120 MHz, 3996 MHz, 0 %, 0 %
2026/03/23 13:29:06.203, 7, 176.58 W, 27, 120 MHz, 3996 MHz, 0 %, 0 %
2026/03/23 13:29:07.203, 0, 469.73 W, 36, 2032 MHz, 3996 MHz, 100 %, 26 %
2026/03/23 13:29:07.203, 1, 474.03 W, 39, 2032 MHz, 3996 MHz, 100 %, 26 %
2026/03/23 13:29:07.203, 2, 473.23 W, 36, 2032 MHz, 3996 MHz, 100 %, 26 %
2026/03/23 13:29:07.203, 3, 471.64 W, 40, 2032 MHz, 3996 MHz, 100 %, 26 %
2026/03/23 13:29:07.203, 4, 179.57 W, 25, 120 MHz, 3996 MHz, 0 %, 0 %
2026/03/23 13:29:07.203, 5, 180.89 W, 28, 120 MHz, 3996 MHz, 0 %, 0 %
2026/03/23 13:29:07.203, 6, 178.64 W, 26, 120 MHz, 3996 MHz, 0 %, 0 %
2026/03/23 13:29:07.203, 7, 176.58 W, 27, 120 MHz, 3996 MHz, 0 %, 0 %
