timestamp, index, power.draw [W], temperature.gpu, clocks.current.sm [MHz], clocks.current.memory [MHz], utilization.gpu [%], utilization.memory [%]
2026/03/23 13:29:12.142, 0, 230.80 W, 32, 412 MHz, 3996 MHz, 0 %, 0 %
2026/03/23 13:29:12.147, 1, 198.53 W, 34, 660 MHz, 3996 MHz, 0 %, 0 %
2026/03/23 13:29:12.152, 2, 185.57 W, 31, 240 MHz, 3996 MHz, 0 %, 0 %
2026/03/23 13:29:12.158, 3, 199.42 W, 35, 315 MHz, 3996 MHz, 0 %, 0 %
2026/03/23 13:29:12.163, 4, 178.78 W, 25, 120 MHz, 3996 MHz, 0 %, 0 %
2026/03/23 13:29:12.172, 5, 180.58 W, 28, 120 MHz, 3996 MHz, 0 %, 0 %
2026/03/23 13:29:12.180, 6, 177.90 W, 26, 120 MHz, 3996 MHz, 0 %, 0 %
2026/03/23 13:29:12.188, 7, 176.58 W, 27, 120 MHz, 3996 MHz, 0 %, 0 %
2026/03/23 13:29:13.196, 0, 182.68 W, 31, 262 MHz, 3996 MHz, 0 %, 0 %
2026/03/23 13:29:13.197, 1, 187.64 W, 34, 420 MHz, 3996 MHz, 0 %, 0 %
2026/03/23 13:29:13.197, 2, 184.02 W, 31, 150 MHz, 3996 MHz, 0 %, 0 %
2026/03/23 13:29:13.197, 3, 185.89 W, 35, 180 MHz, 3996 MHz, 0 %, 0 %
2026/03/23 13:29:13.197, 4, 179.02 W, 25, 120 MHz, 3996 MHz, 0 %, 0 %
2026/03/23 13:29:13.197, 5, 180.58 W, 28, 120 MHz, 3996 MHz, 0 %, 0 %
2026/03/23 13:29:13.197, 6, 177.90 W, 26, 120 MHz, 3996 MHz, 0 %, 0 %
2026/03/23 13:29:13.197, 7, 176.58 W, 27, 120 MHz, 3996 MHz, 0 %, 0 %
2026/03/23 13:29:14.197, 0, 181.50 W, 31, 180 MHz, 3996 MHz, 0 %, 0 %
2026/03/23 13:29:14.197, 1, 185.72 W, 34, 262 MHz, 3996 MHz, 0 %, 0 %
2026/03/23 13:29:14.197, 2, 183.99 W, 31, 120 MHz, 3996 MHz, 0 %, 0 %
2026/03/23 13:29:14.197, 3, 184.99 W, 34, 127 MHz, 3996 MHz, 0 %, 0 %
2026/03/23 13:29:14.197, 4, 178.79 W, 25, 120 MHz, 3996 MHz, 0 %, 0 %
2026/03/23 13:29:14.197, 5, 180.58 W, 28, 120 MHz, 3996 MHz, 0 %, 0 %
2026/03/23 13:29:14.197, 6, 177.84 W, 26, 120 MHz, 3996 MHz, 0 %, 0 %
2026/03/23 13:29:14.197, 7, 176.58 W, 27, 120 MHz, 3996 MHz, 0 %, 0 %
2026/03/23 13:29:15.197, 0, 180.45 W, 30, 120 MHz, 3996 MHz, 0 %, 0 %
2026/03/23 13:29:15.197, 1, 184.95 W, 34, 165 MHz, 3996 MHz, 0 %, 0 %
2026/03/23 13:29:15.197, 2, 183.99 W, 30, 120 MHz, 3996 MHz, 0 %, 0 %
2026/03/23 13:29:15.197, 3, 184.96 W, 34, 120 MHz, 3996 MHz, 0 %, 0 %
2026/03/23 13:29:15.197, 4, 178.88 W, 25, 120 MHz, 3996 MHz, 0 %, 0 %
2026/03/23 13:29:15.197, 5, 180.58 W, 28, 120 MHz, 3996 MHz, 0 %, 0 %
2026/03/23 13:29:15.197, 6, 177.80 W, 26, 120 MHz, 3996 MHz, 0 %, 0 %
2026/03/23 13:29:15.197, 7, 176.58 W, 27, 120 MHz, 3996 MHz, 0 %, 0 %
2026/03/23 13:29:16.197, 0, 180.09 W, 30, 120 MHz, 3996 MHz, 0 %, 0 %
2026/03/23 13:29:16.197, 1, 184.46 W, 33, 120 MHz, 3996 MHz, 0 %, 0 %
2026/03/23 13:29:16.197, 2, 183.98 W, 30, 120 MHz, 3996 MHz, 0 %, 0 %
2026/03/23 13:29:16.197, 3, 184.96 W, 34, 120 MHz, 3996 MHz, 0 %, 0 %
2026/03/23 13:29:16.197, 4, 178.86 W, 25, 120 MHz, 3996 MHz, 0 %, 0 %
2026/03/23 13:29:16.197, 5, 180.58 W, 28, 120 MHz, 3996 MHz, 0 %, 0 %
2026/03/23 13:29:16.197, 6, 177.86 W, 26, 120 MHz, 3996 MHz, 0 %, 0 %
2026/03/23 13:29:16.197, 7, 176.58 W, 27, 120 MHz, 3996 MHz, 0 %, 0 %
2026/03/23 13:29:17.197, 0, 180.10 W, 30, 120 MHz, 3996 MHz, 0 %, 0 %
2026/03/23 13:29:17.197, 1, 183.63 W, 33, 120 MHz, 3996 MHz, 0 %, 0 %
2026/03/23 13:29:17.197, 2, 183.98 W, 30, 120 MHz, 3996 MHz, 0 %, 0 %
2026/03/23 13:29:17.197, 3, 184.95 W, 34, 120 MHz, 3996 MHz, 0 %, 0 %
2026/03/23 13:29:17.197, 4, 178.70 W, 25, 120 MHz, 3996 MHz, 0 %, 0 %
2026/03/23 13:29:17.197, 5, 180.58 W, 28, 120 MHz, 3996 MHz, 0 %, 0 %
2026/03/23 13:29:17.197, 6, 178.02 W, 26, 120 MHz, 3996 MHz, 0 %, 0 %
2026/03/23 13:29:17.197, 7, 176.58 W, 27, 120 MHz, 3996 MHz, 0 %, 0 %
2026/03/23 13:29:18.197, 0, 180.09 W, 30, 120 MHz, 3996 MHz, 0 %, 0 %
2026/03/23 13:29:18.197, 1, 183.16 W, 33, 120 MHz, 3996 MHz, 0 %, 0 %
2026/03/23 13:29:18.197, 2, 183.99 W, 30, 120 MHz, 3996 MHz, 0 %, 0 %
2026/03/23 13:29:18.197, 3, 184.95 W, 34, 120 MHz, 3996 MHz, 0 %, 0 %
2026/03/23 13:29:18.197, 4, 178.80 W, 25, 120 MHz, 3996 MHz, 0 %, 0 %
2026/03/23 13:29:18.197, 5, 180.58 W, 28, 120 MHz, 3996 MHz, 0 %, 0 %
2026/03/23 13:29:18.197, 6, 177.76 W, 26, 120 MHz, 3996 MHz, 0 %, 0 %
2026/03/23 13:29:18.197, 7, 176.59 W, 27, 120 MHz, 3996 MHz, 0 %, 0 %
2026/03/23 13:29:19.197, 0, 180.09 W, 30, 120 MHz, 3996 MHz, 0 %, 0 %
2026/03/23 13:29:19.197, 1, 183.04 W, 33, 120 MHz, 3996 MHz, 0 %, 0 %
2026/03/23 13:29:19.197, 2, 183.98 W, 30, 120 MHz, 3996 MHz, 0 %, 0 %
2026/03/23 13:29:19.197, 3, 184.96 W, 33, 120 MHz, 3996 MHz, 0 %, 0 %
2026/03/23 13:29:19.197, 4, 178.91 W, 25, 120 MHz, 3996 MHz, 0 %, 0 %
2026/03/23 13:29:19.197, 5, 180.58 W, 28, 120 MHz, 3996 MHz, 0 %, 0 %
2026/03/23 13:29:19.197, 6, 177.59 W, 26, 120 MHz, 3996 MHz, 0 %, 0 %
2026/03/23 13:29:19.198, 7, 176.58 W, 27, 120 MHz, 3996 MHz, 0 %, 0 %
2026/03/23 13:29:20.198, 0, 180.10 W, 30, 120 MHz, 3996 MHz, 0 %, 0 %
2026/03/23 13:29:20.198, 1, 183.01 W, 33, 120 MHz, 3996 MHz, 0 %, 0 %
2026/03/23 13:29:20.198, 2, 183.99 W, 29, 120 MHz, 3996 MHz, 0 %, 0 %
2026/03/23 13:29:20.198, 3, 184.96 W, 33, 120 MHz, 3996 MHz, 0 %, 0 %
2026/03/23 13:29:20.198, 4, 178.86 W, 25, 120 MHz, 3996 MHz, 0 %, 0 %
2026/03/23 13:29:20.198, 5, 180.58 W, 28, 120 MHz, 3996 MHz, 0 %, 0 %
2026/03/23 13:29:20.198, 6, 177.54 W, 26, 120 MHz, 3996 MHz, 0 %, 0 %
2026/03/23 13:29:20.198, 7, 176.58 W, 27, 120 MHz, 3996 MHz, 0 %, 0 %
2026/03/23 13:29:21.198, 0, 180.09 W, 29, 120 MHz, 3996 MHz, 0 %, 0 %
2026/03/23 13:29:21.198, 1, 183.01 W, 32, 120 MHz, 3996 MHz, 0 %, 0 %
2026/03/23 13:29:21.198, 2, 184.00 W, 29, 120 MHz, 3996 MHz, 0 %, 0 %
2026/03/23 13:29:21.198, 3, 184.95 W, 33, 120 MHz, 3996 MHz, 0 %, 0 %
2026/03/23 13:29:21.198, 4, 178.93 W, 25, 120 MHz, 3996 MHz, 0 %, 0 %
2026/03/23 13:29:21.198, 5, 180.58 W, 28, 120 MHz, 3996 MHz, 0 %, 0 %
2026/03/23 13:29:21.198, 6, 178.06 W, 26, 120 MHz, 3996 MHz, 0 %, 0 %
2026/03/23 13:29:21.198, 7, 176.58 W, 27, 120 MHz, 3996 MHz, 0 %, 0 %
2026/03/23 13:29:22.198, 0, 180.10 W, 29, 120 MHz, 3996 MHz, 0 %, 0 %
2026/03/23 13:29:22.198, 1, 183.01 W, 32, 120 MHz, 3996 MHz, 0 %, 0 %
2026/03/23 13:29:22.198, 2, 183.99 W, 29, 120 MHz, 3996 MHz, 0 %, 0 %
2026/03/23 13:29:22.198, 3, 184.95 W, 33, 120 MHz, 3996 MHz, 0 %, 0 %
2026/03/23 13:29:22.198, 4, 178.77 W, 25, 120 MHz, 3996 MHz, 0 %, 0 %
2026/03/23 13:29:22.198, 5, 180.58 W, 28, 120 MHz, 3996 MHz, 0 %, 0 %
2026/03/23 13:29:22.198, 6, 177.88 W, 26, 120 MHz, 3996 MHz, 0 %, 0 %
2026/03/23 13:29:22.198, 7, 176.58 W, 27, 120 MHz, 3996 MHz, 0 %, 0 %
2026/03/23 13:29:23.198, 0, 180.09 W, 29, 120 MHz, 3996 MHz, 0 %, 0 %
2026/03/23 13:29:23.198, 1, 183.01 W, 32, 120 MHz, 3996 MHz, 0 %, 0 %
2026/03/23 13:29:23.198, 2, 183.99 W, 29, 120 MHz, 3996 MHz, 0 %, 0 %
2026/03/23 13:29:23.198, 3, 184.95 W, 33, 120 MHz, 3996 MHz, 0 %, 0 %
2026/03/23 13:29:23.198, 4, 178.94 W, 25, 120 MHz, 3996 MHz, 0 %, 0 %
2026/03/23 13:29:23.198, 5, 180.58 W, 28, 120 MHz, 3996 MHz, 0 %, 0 %
2026/03/23 13:29:23.198, 6, 177.94 W, 26, 120 MHz, 3996 MHz, 0 %, 0 %
2026/03/23 13:29:23.198, 7, 176.58 W, 27, 120 MHz, 3996 MHz, 0 %, 0 %
2026/03/23 13:29:24.198, 0, 180.10 W, 29, 120 MHz, 3996 MHz, 0 %, 0 %
2026/03/23 13:29:24.198, 1, 183.01 W, 32, 120 MHz, 3996 MHz, 0 %, 0 %
2026/03/23 13:29:24.198, 2, 183.99 W, 29, 120 MHz, 3996 MHz, 0 %, 0 %
2026/03/23 13:29:24.198, 3, 184.80 W, 33, 120 MHz, 3996 MHz, 0 %, 0 %
2026/03/23 13:29:24.198, 4, 178.71 W, 25, 120 MHz, 3996 MHz, 0 %, 0 %
2026/03/23 13:29:24.198, 5, 180.58 W, 28, 120 MHz, 3996 MHz, 0 %, 0 %
2026/03/23 13:29:24.198, 6, 178.19 W, 26, 120 MHz, 3996 MHz, 0 %, 0 %
2026/03/23 13:29:24.198, 7, 176.58 W, 27, 120 MHz, 3996 MHz, 0 %, 0 %
2026/03/23 13:29:25.198, 0, 180.09 W, 29, 120 MHz, 3996 MHz, 0 %, 0 %
2026/03/23 13:29:25.198, 1, 183.01 W, 32, 120 MHz, 3996 MHz, 0 %, 0 %
2026/03/23 13:29:25.198, 2, 183.99 W, 29, 120 MHz, 3996 MHz, 0 %, 0 %
2026/03/23 13:29:25.198, 3, 184.84 W, 33, 120 MHz, 3996 MHz, 0 %, 0 %
2026/03/23 13:29:25.198, 4, 178.85 W, 25, 120 MHz, 3996 MHz, 0 %, 0 %
2026/03/23 13:29:25.198, 5, 180.58 W, 28, 120 MHz, 3996 MHz, 0 %, 0 %
2026/03/23 13:29:25.198, 6, 178.03 W, 26, 120 MHz, 3996 MHz, 0 %, 0 %
2026/03/23 13:29:25.198, 7, 176.58 W, 27, 120 MHz, 3996 MHz, 0 %, 0 %
2026/03/23 13:29:26.198, 0, 180.10 W, 29, 120 MHz, 3996 MHz, 0 %, 0 %
2026/03/23 13:29:26.198, 1, 183.01 W, 32, 120 MHz, 3996 MHz, 0 %, 0 %
2026/03/23 13:29:26.198, 2, 183.98 W, 29, 120 MHz, 3996 MHz, 0 %, 0 %
2026/03/23 13:29:26.199, 3, 184.84 W, 32, 120 MHz, 3996 MHz, 0 %, 0 %
2026/03/23 13:29:26.199, 4, 178.88 W, 25, 120 MHz, 3996 MHz, 0 %, 0 %
2026/03/23 13:29:26.199, 5, 180.58 W, 28, 120 MHz, 3996 MHz, 0 %, 0 %
2026/03/23 13:29:26.199, 6, 178.13 W, 26, 120 MHz, 3996 MHz, 0 %, 0 %
2026/03/23 13:29:26.199, 7, 176.58 W, 27, 120 MHz, 3996 MHz, 0 %, 0 %
2026/03/23 13:29:27.199, 0, 180.08 W, 29, 120 MHz, 3996 MHz, 0 %, 0 %
2026/03/23 13:29:27.199, 1, 183.01 W, 32, 120 MHz, 3996 MHz, 0 %, 0 %
2026/03/23 13:29:27.199, 2, 183.98 W, 29, 120 MHz, 3996 MHz, 0 %, 0 %
2026/03/23 13:29:27.199, 3, 184.80 W, 32, 120 MHz, 3996 MHz, 0 %, 0 %
2026/03/23 13:29:27.199, 4, 178.69 W, 25, 120 MHz, 3996 MHz, 0 %, 0 %
2026/03/23 13:29:27.199, 5, 180.58 W, 28, 120 MHz, 3996 MHz, 0 %, 0 %
2026/03/23 13:29:27.199, 6, 177.86 W, 26, 120 MHz, 3996 MHz, 0 %, 0 %
2026/03/23 13:29:27.199, 7, 176.58 W, 27, 120 MHz, 3996 MHz, 0 %, 0 %
2026/03/23 13:29:28.199, 0, 180.06 W, 29, 120 MHz, 3996 MHz, 0 %, 0 %
2026/03/23 13:29:28.199, 1, 183.01 W, 32, 120 MHz, 3996 MHz, 0 %, 0 %
2026/03/23 13:29:28.199, 2, 183.98 W, 28, 120 MHz, 3996 MHz, 0 %, 0 %
2026/03/23 13:29:28.199, 3, 184.77 W, 32, 120 MHz, 3996 MHz, 0 %, 0 %
2026/03/23 13:29:28.199, 4, 178.78 W, 25, 120 MHz, 3996 MHz, 0 %, 0 %
2026/03/23 13:29:28.199, 5, 180.58 W, 28, 120 MHz, 3996 MHz, 0 %, 0 %
2026/03/23 13:29:28.199, 6, 177.84 W, 26, 120 MHz, 3996 MHz, 0 %, 0 %
2026/03/23 13:29:28.199, 7, 176.58 W, 27, 120 MHz, 3996 MHz, 0 %, 0 %
2026/03/23 13:29:29.199, 0, 180.07 W, 28, 120 MHz, 3996 MHz, 0 %, 0 %
2026/03/23 13:29:29.199, 1, 183.01 W, 32, 120 MHz, 3996 MHz, 0 %, 0 %
2026/03/23 13:29:29.199, 2, 183.98 W, 28, 120 MHz, 3996 MHz, 0 %, 0 %
2026/03/23 13:29:29.199, 3, 184.49 W, 32, 120 MHz, 3996 MHz, 0 %, 0 %
2026/03/23 13:29:29.199, 4, 178.67 W, 25, 120 MHz, 3996 MHz, 0 %, 0 %
2026/03/23 13:29:29.199, 5, 180.58 W, 28, 120 MHz, 3996 MHz, 0 %, 0 %
2026/03/23 13:29:29.199, 6, 177.79 W, 26, 120 MHz, 3996 MHz, 0 %, 0 %
2026/03/23 13:29:29.199, 7, 176.58 W, 27, 120 MHz, 3996 MHz, 0 %, 0 %
2026/03/23 13:29:30.199, 0, 179.96 W, 28, 120 MHz, 3996 MHz, 0 %, 0 %
2026/03/23 13:29:30.199, 1, 183.01 W, 31, 120 MHz, 3996 MHz, 0 %, 0 %
2026/03/23 13:29:30.199, 2, 183.98 W, 28, 120 MHz, 3996 MHz, 0 %, 0 %
2026/03/23 13:29:30.199, 3, 184.08 W, 32, 120 MHz, 3996 MHz, 0 %, 0 %
2026/03/23 13:29:30.199, 4, 178.83 W, 25, 120 MHz, 3996 MHz, 0 %, 0 %
2026/03/23 13:29:30.199, 5, 180.58 W, 28, 120 MHz, 3996 MHz, 0 %, 0 %
2026/03/23 13:29:30.199, 6, 178.02 W, 26, 120 MHz, 3996 MHz, 0 %, 0 %
2026/03/23 13:29:30.199, 7, 176.58 W, 27, 120 MHz, 3996 MHz, 0 %, 0 %
2026/03/23 13:29:31.199, 0, 180.07 W, 28, 120 MHz, 3996 MHz, 0 %, 0 %
2026/03/23 13:29:31.199, 1, 183.01 W, 31, 120 MHz, 3996 MHz, 0 %, 0 %
2026/03/23 13:29:31.199, 2, 183.87 W, 28, 120 MHz, 3996 MHz, 0 %, 0 %
2026/03/23 13:29:31.199, 3, 183.85 W, 32, 120 MHz, 3996 MHz, 0 %, 0 %
2026/03/23 13:29:31.199, 4, 178.68 W, 25, 120 MHz, 3996 MHz, 0 %, 0 %
2026/03/23 13:29:31.199, 5, 180.58 W, 28, 120 MHz, 3996 MHz, 0 %, 0 %
2026/03/23 13:29:31.199, 6, 177.99 W, 26, 120 MHz, 3996 MHz, 0 %, 0 %
2026/03/23 13:29:31.199, 7, 176.58 W, 27, 120 MHz, 3996 MHz, 0 %, 0 %
2026/03/23 13:29:32.200, 0, 179.98 W, 28, 120 MHz, 3996 MHz, 0 %, 0 %
2026/03/23 13:29:32.200, 1, 183.01 W, 31, 120 MHz, 3996 MHz, 0 %, 0 %
2026/03/23 13:29:32.200, 2, 183.83 W, 28, 120 MHz, 3996 MHz, 0 %, 0 %
2026/03/23 13:29:32.200, 3, 184.10 W, 32, 120 MHz, 3996 MHz, 0 %, 0 %
2026/03/23 13:29:32.200, 4, 178.80 W, 25, 120 MHz, 3996 MHz, 0 %, 0 %
2026/03/23 13:29:32.200, 5, 180.58 W, 28, 120 MHz, 3996 MHz, 0 %, 0 %
2026/03/23 13:29:32.200, 6, 177.94 W, 26, 120 MHz, 3996 MHz, 0 %, 0 %
2026/03/23 13:29:32.200, 7, 176.58 W, 27, 120 MHz, 3996 MHz, 0 %, 0 %
2026/03/23 13:29:33.200, 0, 179.81 W, 28, 120 MHz, 3996 MHz, 0 %, 0 %
2026/03/23 13:29:33.200, 1, 183.01 W, 31, 120 MHz, 3996 MHz, 0 %, 0 %
2026/03/23 13:29:33.200, 2, 183.87 W, 28, 120 MHz, 3996 MHz, 0 %, 0 %
2026/03/23 13:29:33.200, 3, 183.77 W, 32, 120 MHz, 3996 MHz, 0 %, 0 %
2026/03/23 13:29:33.200, 4, 178.80 W, 25, 120 MHz, 3996 MHz, 0 %, 0 %
2026/03/23 13:29:33.200, 5, 180.58 W, 28, 120 MHz, 3996 MHz, 0 %, 0 %
2026/03/23 13:29:33.200, 6, 177.76 W, 26, 120 MHz, 3996 MHz, 0 %, 0 %
2026/03/23 13:29:33.200, 7, 176.58 W, 27, 120 MHz, 3996 MHz, 0 %, 0 %
2026/03/23 13:29:34.200, 0, 179.79 W, 28, 120 MHz, 3996 MHz, 0 %, 0 %
2026/03/23 13:29:34.200, 1, 183.01 W, 31, 120 MHz, 3996 MHz, 0 %, 0 %
2026/03/23 13:29:34.200, 2, 183.80 W, 28, 120 MHz, 3996 MHz, 0 %, 0 %
2026/03/23 13:29:34.200, 3, 183.75 W, 32, 120 MHz, 3996 MHz, 0 %, 0 %
2026/03/23 13:29:34.200, 4, 178.87 W, 25, 120 MHz, 3996 MHz, 0 %, 0 %
2026/03/23 13:29:34.200, 5, 180.58 W, 28, 120 MHz, 3996 MHz, 0 %, 0 %
2026/03/23 13:29:34.200, 6, 177.98 W, 26, 120 MHz, 3996 MHz, 0 %, 0 %
2026/03/23 13:29:34.200, 7, 176.58 W, 27, 120 MHz, 3996 MHz, 0 %, 0 %
2026/03/23 13:29:35.200, 0, 179.84 W, 28, 120 MHz, 3996 MHz, 0 %, 0 %
2026/03/23 13:29:35.200, 1, 183.01 W, 31, 120 MHz, 3996 MHz, 0 %, 0 %
2026/03/23 13:29:35.200, 2, 183.60 W, 28, 120 MHz, 3996 MHz, 0 %, 0 %
2026/03/23 13:29:35.200, 3, 183.44 W, 31, 120 MHz, 3996 MHz, 0 %, 0 %
2026/03/23 13:29:35.200, 4, 178.78 W, 25, 120 MHz, 3996 MHz, 0 %, 0 %
2026/03/23 13:29:35.200, 5, 180.58 W, 28, 120 MHz, 3996 MHz, 0 %, 0 %
2026/03/23 13:29:35.200, 6, 177.86 W, 26, 120 MHz, 3996 MHz, 0 %, 0 %
2026/03/23 13:29:35.200, 7, 176.58 W, 27, 120 MHz, 3996 MHz, 0 %, 0 %
2026/03/23 13:29:36.200, 0, 179.76 W, 28, 120 MHz, 3996 MHz, 0 %, 0 %
2026/03/23 13:29:36.200, 1, 183.01 W, 31, 120 MHz, 3996 MHz, 0 %, 0 %
2026/03/23 13:29:36.200, 2, 183.64 W, 28, 120 MHz, 3996 MHz, 0 %, 0 %
2026/03/23 13:29:36.200, 3, 183.12 W, 31, 120 MHz, 3996 MHz, 0 %, 0 %
2026/03/23 13:29:36.200, 4, 178.75 W, 25, 120 MHz, 3996 MHz, 0 %, 0 %
2026/03/23 13:29:36.200, 5, 180.58 W, 28, 120 MHz, 3996 MHz, 0 %, 0 %
2026/03/23 13:29:36.200, 6, 177.96 W, 26, 120 MHz, 3996 MHz, 0 %, 0 %
2026/03/23 13:29:36.200, 7, 176.58 W, 27, 120 MHz, 3996 MHz, 0 %, 0 %
2026/03/23 13:29:37.200, 0, 179.43 W, 28, 120 MHz, 3996 MHz, 0 %, 0 %
2026/03/23 13:29:37.200, 1, 183.01 W, 31, 120 MHz, 3996 MHz, 0 %, 0 %
2026/03/23 13:29:37.200, 2, 183.36 W, 28, 120 MHz, 3996 MHz, 0 %, 0 %
2026/03/23 13:29:37.200, 3, 183.12 W, 31, 120 MHz, 3996 MHz, 0 %, 0 %
2026/03/23 13:29:37.200, 4, 178.81 W, 25, 120 MHz, 3996 MHz, 0 %, 0 %
2026/03/23 13:29:37.200, 5, 180.58 W, 28, 120 MHz, 3996 MHz, 0 %, 0 %
2026/03/23 13:29:37.200, 6, 177.88 W, 26, 120 MHz, 3996 MHz, 0 %, 0 %
2026/03/23 13:29:37.200, 7, 176.58 W, 27, 120 MHz, 3996 MHz, 0 %, 0 %
2026/03/23 13:29:38.200, 0, 179.63 W, 28, 120 MHz, 3996 MHz, 0 %, 0 %
2026/03/23 13:29:38.200, 1, 183.01 W, 31, 120 MHz, 3996 MHz, 0 %, 0 %
2026/03/23 13:29:38.200, 2, 183.33 W, 28, 120 MHz, 3996 MHz, 0 %, 0 %
2026/03/23 13:29:38.200, 3, 183.20 W, 31, 120 MHz, 3996 MHz, 0 %, 0 %
2026/03/23 13:29:38.201, 4, 178.89 W, 25, 120 MHz, 3996 MHz, 0 %, 0 %
2026/03/23 13:29:38.201, 5, 180.58 W, 28, 120 MHz, 3996 MHz, 0 %, 0 %
2026/03/23 13:29:38.201, 6, 177.98 W, 26, 120 MHz, 3996 MHz, 0 %, 0 %
2026/03/23 13:29:38.201, 7, 176.58 W, 27, 120 MHz, 3996 MHz, 0 %, 0 %
2026/03/23 13:29:39.201, 0, 179.37 W, 28, 120 MHz, 3996 MHz, 0 %, 0 %
2026/03/23 13:29:39.201, 1, 183.01 W, 31, 120 MHz, 3996 MHz, 0 %, 0 %
2026/03/23 13:29:39.201, 2, 183.10 W, 27, 120 MHz, 3996 MHz, 0 %, 0 %
2026/03/23 13:29:39.201, 3, 183.09 W, 31, 120 MHz, 3996 MHz, 0 %, 0 %
2026/03/23 13:29:39.201, 4, 178.71 W, 25, 120 MHz, 3996 MHz, 0 %, 0 %
2026/03/23 13:29:39.201, 5, 180.58 W, 28, 120 MHz, 3996 MHz, 0 %, 0 %
2026/03/23 13:29:39.201, 6, 177.86 W, 26, 120 MHz, 3996 MHz, 0 %, 0 %
2026/03/23 13:29:39.201, 7, 176.58 W, 27, 120 MHz, 3996 MHz, 0 %, 0 %
2026/03/23 13:29:40.201, 0, 179.59 W, 28, 120 MHz, 3996 MHz, 0 %, 0 %
2026/03/23 13:29:40.201, 1, 183.01 W, 30, 120 MHz, 3996 MHz, 0 %, 0 %
2026/03/23 13:29:40.201, 2, 182.93 W, 27, 120 MHz, 3996 MHz, 0 %, 0 %
2026/03/23 13:29:40.201, 3, 183.01 W, 31, 120 MHz, 3996 MHz, 0 %, 0 %
2026/03/23 13:29:40.201, 4, 178.81 W, 25, 120 MHz, 3996 MHz, 0 %, 0 %
2026/03/23 13:29:40.201, 5, 180.58 W, 28, 120 MHz, 3996 MHz, 0 %, 0 %
2026/03/23 13:29:40.201, 6, 178.14 W, 26, 120 MHz, 3996 MHz, 0 %, 0 %
2026/03/23 13:29:40.201, 7, 176.58 W, 27, 120 MHz, 3996 MHz, 0 %, 0 %
2026/03/23 13:29:41.201, 0, 179.03 W, 28, 120 MHz, 3996 MHz, 0 %, 0 %
2026/03/23 13:29:41.201, 1, 183.01 W, 30, 120 MHz, 3996 MHz, 0 %, 0 %
2026/03/23 13:29:41.201, 2, 182.61 W, 27, 120 MHz, 3996 MHz, 0 %, 0 %
2026/03/23 13:29:41.201, 3, 183.01 W, 31, 120 MHz, 3996 MHz, 0 %, 0 %
2026/03/23 13:29:41.201, 4, 178.94 W, 25, 120 MHz, 3996 MHz, 0 %, 0 %
2026/03/23 13:29:41.201, 5, 180.58 W, 28, 120 MHz, 3996 MHz, 0 %, 0 %
2026/03/23 13:29:41.201, 6, 177.92 W, 26, 120 MHz, 3996 MHz, 0 %, 0 %
2026/03/23 13:29:41.201, 7, 176.58 W, 27, 120 MHz, 3996 MHz, 0 %, 0 %
2026/03/23 13:29:42.201, 0, 179.26 W, 27, 120 MHz, 3996 MHz, 0 %, 0 %
2026/03/23 13:29:42.201, 1, 183.01 W, 30, 120 MHz, 3996 MHz, 0 %, 0 %
2026/03/23 13:29:42.201, 2, 182.51 W, 27, 120 MHz, 3996 MHz, 0 %, 0 %
2026/03/23 13:29:42.201, 3, 183.09 W, 31, 120 MHz, 3996 MHz, 0 %, 0 %
2026/03/23 13:29:42.201, 4, 178.84 W, 25, 120 MHz, 3996 MHz, 0 %, 0 %
2026/03/23 13:29:42.201, 5, 180.58 W, 28, 120 MHz, 3996 MHz, 0 %, 0 %
2026/03/23 13:29:42.201, 6, 178.11 W, 26, 120 MHz, 3996 MHz, 0 %, 0 %
2026/03/23 13:29:42.201, 7, 176.58 W, 27, 120 MHz, 3996 MHz, 0 %, 0 %
2026/03/23 13:29:43.201, 0, 179.04 W, 27, 120 MHz, 3996 MHz, 0 %, 0 %
2026/03/23 13:29:43.201, 1, 183.01 W, 30, 120 MHz, 3996 MHz, 0 %, 0 %
2026/03/23 13:29:43.201, 2, 182.65 W, 27, 120 MHz, 3996 MHz, 0 %, 0 %
2026/03/23 13:29:43.201, 3, 183.01 W, 31, 120 MHz, 3996 MHz, 0 %, 0 %
2026/03/23 13:29:43.201, 4, 178.86 W, 25, 120 MHz, 3996 MHz, 0 %, 0 %
2026/03/23 13:29:43.201, 5, 180.58 W, 28, 120 MHz, 3996 MHz, 0 %, 0 %
2026/03/23 13:29:43.201, 6, 178.33 W, 26, 120 MHz, 3996 MHz, 0 %, 0 %
2026/03/23 13:29:43.201, 7, 176.59 W, 27, 120 MHz, 3996 MHz, 0 %, 0 %
2026/03/23 13:29:44.201, 0, 178.90 W, 27, 120 MHz, 3996 MHz, 0 %, 0 %
2026/03/23 13:29:44.201, 1, 182.97 W, 30, 120 MHz, 3996 MHz, 0 %, 0 %
2026/03/23 13:29:44.201, 2, 182.39 W, 27, 120 MHz, 3996 MHz, 0 %, 0 %
2026/03/23 13:29:44.201, 3, 183.04 W, 31, 120 MHz, 3996 MHz, 0 %, 0 %
2026/03/23 13:29:44.202, 4, 178.72 W, 25, 120 MHz, 3996 MHz, 0 %, 0 %
2026/03/23 13:29:44.202, 5, 180.58 W, 28, 120 MHz, 3996 MHz, 0 %, 0 %
2026/03/23 13:29:44.202, 6, 177.87 W, 26, 120 MHz, 3996 MHz, 0 %, 0 %
2026/03/23 13:29:44.202, 7, 176.59 W, 27, 120 MHz, 3996 MHz, 0 %, 0 %
2026/03/23 13:29:45.202, 0, 178.58 W, 27, 120 MHz, 3996 MHz, 0 %, 0 %
2026/03/23 13:29:45.202, 1, 182.97 W, 30, 120 MHz, 3996 MHz, 0 %, 0 %
2026/03/23 13:29:45.202, 2, 182.08 W, 27, 120 MHz, 3996 MHz, 0 %, 0 %
2026/03/23 13:29:45.202, 3, 183.01 W, 31, 120 MHz, 3996 MHz, 0 %, 0 %
2026/03/23 13:29:45.202, 4, 178.89 W, 25, 120 MHz, 3996 MHz, 0 %, 0 %
2026/03/23 13:29:45.202, 5, 180.58 W, 28, 120 MHz, 3996 MHz, 0 %, 0 %
2026/03/23 13:29:45.202, 6, 177.90 W, 26, 120 MHz, 3996 MHz, 0 %, 0 %
2026/03/23 13:29:45.202, 7, 176.59 W, 27, 120 MHz, 3996 MHz, 0 %, 0 %
2026/03/23 13:29:46.202, 0, 178.43 W, 27, 120 MHz, 3996 MHz, 0 %, 0 %
2026/03/23 13:29:46.202, 1, 182.97 W, 30, 120 MHz, 3996 MHz, 0 %, 0 %
2026/03/23 13:29:46.202, 2, 182.27 W, 27, 120 MHz, 3996 MHz, 0 %, 0 %
2026/03/23 13:29:46.202, 3, 183.01 W, 31, 120 MHz, 3996 MHz, 0 %, 0 %
2026/03/23 13:29:46.202, 4, 178.74 W, 25, 120 MHz, 3996 MHz, 0 %, 0 %
2026/03/23 13:29:46.202, 5, 180.58 W, 28, 120 MHz, 3996 MHz, 0 %, 0 %
2026/03/23 13:29:46.202, 6, 178.22 W, 26, 120 MHz, 3996 MHz, 0 %, 0 %
2026/03/23 13:29:46.202, 7, 176.59 W, 27, 120 MHz, 3996 MHz, 0 %, 0 %
2026/03/23 13:29:47.202, 0, 178.41 W, 27, 120 MHz, 3996 MHz, 0 %, 0 %
2026/03/23 13:29:47.202, 1, 182.89 W, 30, 120 MHz, 3996 MHz, 0 %, 0 %
2026/03/23 13:29:47.202, 2, 182.04 W, 27, 120 MHz, 3996 MHz, 0 %, 0 %
2026/03/23 13:29:47.202, 3, 183.04 W, 30, 120 MHz, 3996 MHz, 0 %, 0 %
2026/03/23 13:29:47.202, 4, 178.85 W, 25, 120 MHz, 3996 MHz, 0 %, 0 %
2026/03/23 13:29:47.202, 5, 180.58 W, 28, 120 MHz, 3996 MHz, 0 %, 0 %
2026/03/23 13:29:47.202, 6, 178.14 W, 26, 120 MHz, 3996 MHz, 0 %, 0 %
2026/03/23 13:29:47.202, 7, 176.58 W, 27, 120 MHz, 3996 MHz, 0 %, 0 %
2026/03/23 13:29:48.202, 0, 178.62 W, 27, 120 MHz, 3996 MHz, 0 %, 0 %
2026/03/23 13:29:48.202, 1, 182.89 W, 30, 120 MHz, 3996 MHz, 0 %, 0 %
2026/03/23 13:29:48.202, 2, 182.12 W, 27, 120 MHz, 3996 MHz, 0 %, 0 %
2026/03/23 13:29:48.202, 3, 183.01 W, 30, 120 MHz, 3996 MHz, 0 %, 0 %
2026/03/23 13:29:48.202, 4, 178.88 W, 25, 120 MHz, 3996 MHz, 0 %, 0 %
2026/03/23 13:29:48.202, 5, 180.58 W, 28, 120 MHz, 3996 MHz, 0 %, 0 %
2026/03/23 13:29:48.202, 6, 177.90 W, 26, 120 MHz, 3996 MHz, 0 %, 0 %
2026/03/23 13:29:48.202, 7, 176.59 W, 27, 120 MHz, 3996 MHz, 0 %, 0 %
2026/03/23 13:29:49.202, 0, 178.77 W, 27, 120 MHz, 3996 MHz, 0 %, 0 %
2026/03/23 13:29:49.202, 1, 197.62 W, 31, 2032 MHz, 3996 MHz, 0 %, 0 %
2026/03/23 13:29:49.202, 2, 191.08 W, 27, 2032 MHz, 3996 MHz, 0 %, 0 %
2026/03/23 13:29:49.202, 3, 192.18 W, 31, 2032 MHz, 3996 MHz, 0 %, 0 %
2026/03/23 13:29:49.202, 4, 179.01 W, 25, 120 MHz, 3996 MHz, 0 %, 0 %
2026/03/23 13:29:49.202, 5, 180.58 W, 28, 120 MHz, 3996 MHz, 0 %, 0 %
2026/03/23 13:29:49.202, 6, 178.06 W, 26, 120 MHz, 3996 MHz, 0 %, 0 %
2026/03/23 13:29:49.202, 7, 176.59 W, 27, 120 MHz, 3996 MHz, 0 %, 0 %
2026/03/23 13:29:50.203, 0, 186.31 W, 27, 2032 MHz, 3996 MHz, 0 %, 0 %
2026/03/23 13:29:50.203, 1, 234.93 W, 31, 2032 MHz, 3996 MHz, 0 %, 0 %
2026/03/23 13:29:50.203, 2, 234.19 W, 28, 2032 MHz, 3996 MHz, 0 %, 0 %
2026/03/23 13:29:50.203, 3, 235.25 W, 31, 2032 MHz, 3996 MHz, 0 %, 0 %
2026/03/23 13:29:50.203, 4, 178.91 W, 25, 120 MHz, 3996 MHz, 0 %, 0 %
2026/03/23 13:29:50.203, 5, 180.58 W, 28, 120 MHz, 3996 MHz, 0 %, 0 %
2026/03/23 13:29:50.203, 6, 177.98 W, 26, 120 MHz, 3996 MHz, 0 %, 0 %
2026/03/23 13:29:50.203, 7, 176.59 W, 27, 120 MHz, 3996 MHz, 0 %, 0 %
2026/03/23 13:29:51.203, 0, 229.15 W, 28, 2032 MHz, 3996 MHz, 0 %, 0 %
2026/03/23 13:29:51.203, 1, 233.81 W, 31, 2032 MHz, 3996 MHz, 0 %, 0 %
2026/03/23 13:29:51.203, 2, 234.02 W, 28, 2032 MHz, 3996 MHz, 0 %, 0 %
2026/03/23 13:29:51.203, 3, 235.15 W, 31, 2032 MHz, 3996 MHz, 0 %, 0 %
2026/03/23 13:29:51.203, 4, 178.93 W, 25, 120 MHz, 3996 MHz, 0 %, 0 %
2026/03/23 13:29:51.203, 5, 180.58 W, 28, 120 MHz, 3996 MHz, 0 %, 0 %
2026/03/23 13:29:51.203, 6, 178.14 W, 26, 120 MHz, 3996 MHz, 0 %, 0 %
2026/03/23 13:29:51.203, 7, 176.58 W, 27, 120 MHz, 3996 MHz, 0 %, 0 %
2026/03/23 13:29:52.203, 0, 228.34 W, 28, 2032 MHz, 3996 MHz, 0 %, 0 %
2026/03/23 13:29:52.203, 1, 233.39 W, 31, 2032 MHz, 3996 MHz, 0 %, 0 %
2026/03/23 13:29:52.203, 2, 234.02 W, 28, 2032 MHz, 3996 MHz, 0 %, 0 %
2026/03/23 13:29:52.203, 3, 235.12 W, 31, 2032 MHz, 3996 MHz, 0 %, 0 %
2026/03/23 13:29:52.203, 4, 178.81 W, 25, 120 MHz, 3996 MHz, 0 %, 0 %
2026/03/23 13:29:52.203, 5, 180.58 W, 28, 120 MHz, 3996 MHz, 0 %, 0 %
2026/03/23 13:29:52.203, 6, 178.18 W, 26, 120 MHz, 3996 MHz, 0 %, 0 %
2026/03/23 13:29:52.203, 7, 176.59 W, 27, 120 MHz, 3996 MHz, 0 %, 0 %
2026/03/23 13:29:53.203, 0, 228.19 W, 28, 2032 MHz, 3996 MHz, 0 %, 0 %
2026/03/23 13:29:53.203, 1, 233.36 W, 31, 2032 MHz, 3996 MHz, 0 %, 0 %
2026/03/23 13:29:53.203, 2, 234.02 W, 28, 2032 MHz, 3996 MHz, 0 %, 0 %
2026/03/23 13:29:53.203, 3, 235.22 W, 31, 2032 MHz, 3996 MHz, 0 %, 0 %
2026/03/23 13:29:53.203, 4, 179.04 W, 25, 120 MHz, 3996 MHz, 0 %, 0 %
2026/03/23 13:29:53.203, 5, 180.58 W, 28, 120 MHz, 3996 MHz, 0 %, 0 %
2026/03/23 13:29:53.203, 6, 177.84 W, 26, 120 MHz, 3996 MHz, 0 %, 0 %
2026/03/23 13:29:53.203, 7, 176.59 W, 27, 120 MHz, 3996 MHz, 0 %, 0 %
2026/03/23 13:29:54.203, 0, 228.22 W, 28, 2032 MHz, 3996 MHz, 0 %, 0 %
2026/03/23 13:29:54.203, 1, 233.35 W, 31, 2032 MHz, 3996 MHz, 0 %, 0 %
2026/03/23 13:29:54.203, 2, 234.02 W, 28, 2032 MHz, 3996 MHz, 0 %, 0 %
2026/03/23 13:29:54.203, 3, 235.20 W, 31, 2032 MHz, 3996 MHz, 0 %, 0 %
2026/03/23 13:29:54.203, 4, 178.92 W, 25, 120 MHz, 3996 MHz, 0 %, 0 %
2026/03/23 13:29:54.203, 5, 180.58 W, 28, 120 MHz, 3996 MHz, 0 %, 0 %
2026/03/23 13:29:54.203, 6, 178.14 W, 26, 120 MHz, 3996 MHz, 0 %, 0 %
2026/03/23 13:29:54.203, 7, 176.58 W, 27, 120 MHz, 3996 MHz, 0 %, 0 %
2026/03/23 13:29:55.203, 0, 228.38 W, 28, 2032 MHz, 3996 MHz, 0 %, 0 %
2026/03/23 13:29:55.203, 1, 233.35 W, 31, 2032 MHz, 3996 MHz, 0 %, 0 %
2026/03/23 13:29:55.203, 2, 234.02 W, 28, 2032 MHz, 3996 MHz, 0 %, 0 %
2026/03/23 13:29:55.203, 3, 235.20 W, 31, 2032 MHz, 3996 MHz, 0 %, 0 %
2026/03/23 13:29:55.203, 4, 178.90 W, 25, 120 MHz, 3996 MHz, 0 %, 0 %
2026/03/23 13:29:55.204, 5, 180.58 W, 28, 120 MHz, 3996 MHz, 0 %, 0 %
2026/03/23 13:29:55.204, 6, 177.98 W, 26, 120 MHz, 3996 MHz, 0 %, 0 %
2026/03/23 13:29:55.204, 7, 176.58 W, 27, 120 MHz, 3996 MHz, 0 %, 0 %
2026/03/23 13:29:56.204, 0, 228.52 W, 28, 2032 MHz, 3996 MHz, 0 %, 0 %
2026/03/23 13:29:56.204, 1, 233.35 W, 31, 2032 MHz, 3996 MHz, 0 %, 0 %
2026/03/23 13:29:56.204, 2, 234.02 W, 28, 2032 MHz, 3996 MHz, 0 %, 0 %
2026/03/23 13:29:56.204, 3, 235.14 W, 31, 2032 MHz, 3996 MHz, 0 %, 0 %
2026/03/23 13:29:56.204, 4, 178.80 W, 25, 120 MHz, 3996 MHz, 0 %, 0 %
2026/03/23 13:29:56.204, 5, 180.58 W, 28, 120 MHz, 3996 MHz, 0 %, 0 %
2026/03/23 13:29:56.204, 6, 177.96 W, 26, 120 MHz, 3996 MHz, 0 %, 0 %
2026/03/23 13:29:56.204, 7, 176.58 W, 27, 120 MHz, 3996 MHz, 0 %, 0 %
2026/03/23 13:29:57.204, 0, 228.57 W, 28, 2032 MHz, 3996 MHz, 0 %, 0 %
2026/03/23 13:29:57.204, 1, 233.40 W, 31, 2032 MHz, 3996 MHz, 0 %, 0 %
2026/03/23 13:29:57.204, 2, 234.02 W, 28, 2032 MHz, 3996 MHz, 0 %, 0 %
2026/03/23 13:29:57.204, 3, 235.07 W, 31, 2032 MHz, 3996 MHz, 0 %, 0 %
2026/03/23 13:29:57.204, 4, 178.79 W, 25, 120 MHz, 3996 MHz, 0 %, 0 %
2026/03/23 13:29:57.204, 5, 180.58 W, 28, 120 MHz, 3996 MHz, 0 %, 0 %
2026/03/23 13:29:57.204, 6, 178.10 W, 26, 120 MHz, 3996 MHz, 0 %, 0 %
2026/03/23 13:29:57.204, 7, 176.59 W, 27, 120 MHz, 3996 MHz, 0 %, 0 %
2026/03/23 13:29:58.204, 0, 228.56 W, 28, 2032 MHz, 3996 MHz, 0 %, 0 %
2026/03/23 13:29:58.204, 1, 233.35 W, 30, 2032 MHz, 3996 MHz, 0 %, 0 %
2026/03/23 13:29:58.204, 2, 234.02 W, 28, 2032 MHz, 3996 MHz, 0 %, 0 %
2026/03/23 13:29:58.204, 3, 235.20 W, 31, 2032 MHz, 3996 MHz, 0 %, 0 %
2026/03/23 13:29:58.204, 4, 178.95 W, 25, 120 MHz, 3996 MHz, 0 %, 0 %
2026/03/23 13:29:58.204, 5, 180.58 W, 28, 120 MHz, 3996 MHz, 0 %, 0 %
2026/03/23 13:29:58.204, 6, 178.26 W, 26, 120 MHz, 3996 MHz, 0 %, 0 %
2026/03/23 13:29:58.204, 7, 176.59 W, 27, 120 MHz, 3996 MHz, 0 %, 0 %
2026/03/23 13:29:59.204, 0, 228.57 W, 28, 2032 MHz, 3996 MHz, 0 %, 0 %
2026/03/23 13:29:59.204, 1, 233.35 W, 30, 2032 MHz, 3996 MHz, 0 %, 0 %
2026/03/23 13:29:59.204, 2, 234.02 W, 28, 2032 MHz, 3996 MHz, 0 %, 0 %
2026/03/23 13:29:59.204, 3, 235.19 W, 31, 2032 MHz, 3996 MHz, 0 %, 0 %
2026/03/23 13:29:59.204, 4, 178.78 W, 25, 120 MHz, 3996 MHz, 0 %, 0 %
2026/03/23 13:29:59.204, 5, 180.58 W, 28, 120 MHz, 3996 MHz, 0 %, 0 %
2026/03/23 13:29:59.204, 6, 178.21 W, 26, 120 MHz, 3996 MHz, 0 %, 0 %
2026/03/23 13:29:59.204, 7, 176.59 W, 27, 120 MHz, 3996 MHz, 0 %, 0 %
2026/03/23 13:30:00.204, 0, 229.62 W, 28, 2032 MHz, 3996 MHz, 0 %, 0 %
2026/03/23 13:30:00.204, 1, 233.43 W, 30, 2032 MHz, 3996 MHz, 0 %, 0 %
2026/03/23 13:30:00.204, 2, 234.02 W, 28, 2032 MHz, 3996 MHz, 0 %, 0 %
2026/03/23 13:30:00.204, 3, 235.14 W, 31, 2032 MHz, 3996 MHz, 0 %, 0 %
2026/03/23 13:30:00.204, 4, 178.93 W, 25, 120 MHz, 3996 MHz, 0 %, 0 %
2026/03/23 13:30:00.204, 5, 180.58 W, 28, 120 MHz, 3996 MHz, 0 %, 0 %
2026/03/23 13:30:00.204, 6, 177.92 W, 26, 120 MHz, 3996 MHz, 0 %, 0 %
2026/03/23 13:30:00.204, 7, 176.58 W, 27, 120 MHz, 3996 MHz, 0 %, 0 %
2026/03/23 13:30:01.204, 0, 229.73 W, 28, 2032 MHz, 3996 MHz, 0 %, 0 %
2026/03/23 13:30:01.204, 1, 233.42 W, 30, 2032 MHz, 3996 MHz, 0 %, 0 %
2026/03/23 13:30:01.204, 2, 234.02 W, 28, 2032 MHz, 3996 MHz, 0 %, 0 %
2026/03/23 13:30:01.204, 3, 235.10 W, 31, 2032 MHz, 3996 MHz, 0 %, 0 %
2026/03/23 13:30:01.204, 4, 178.88 W, 25, 120 MHz, 3996 MHz, 0 %, 0 %
2026/03/23 13:30:01.204, 5, 180.58 W, 28, 120 MHz, 3996 MHz, 0 %, 0 %
2026/03/23 13:30:01.204, 6, 178.06 W, 26, 120 MHz, 3996 MHz, 0 %, 0 %
2026/03/23 13:30:01.204, 7, 176.59 W, 27, 120 MHz, 3996 MHz, 0 %, 0 %
2026/03/23 13:30:02.204, 0, 229.51 W, 28, 2032 MHz, 3996 MHz, 0 %, 0 %
2026/03/23 13:30:02.205, 1, 233.47 W, 30, 2032 MHz, 3996 MHz, 0 %, 0 %
2026/03/23 13:30:02.205, 2, 234.02 W, 28, 2032 MHz, 3996 MHz, 0 %, 0 %
2026/03/23 13:30:02.205, 3, 235.14 W, 31, 2032 MHz, 3996 MHz, 0 %, 0 %
2026/03/23 13:30:02.205, 4, 178.97 W, 25, 120 MHz, 3996 MHz, 0 %, 0 %
2026/03/23 13:30:02.205, 5, 180.58 W, 28, 120 MHz, 3996 MHz, 0 %, 0 %
2026/03/23 13:30:02.205, 6, 177.98 W, 26, 120 MHz, 3996 MHz, 0 %, 0 %
2026/03/23 13:30:02.205, 7, 176.58 W, 27, 120 MHz, 3996 MHz, 0 %, 0 %
2026/03/23 13:30:03.205, 0, 229.77 W, 28, 2032 MHz, 3996 MHz, 0 %, 0 %
2026/03/23 13:30:03.205, 1, 233.54 W, 30, 2032 MHz, 3996 MHz, 0 %, 0 %
2026/03/23 13:30:03.205, 2, 234.02 W, 28, 2032 MHz, 3996 MHz, 0 %, 0 %
2026/03/23 13:30:03.205, 3, 235.10 W, 31, 2032 MHz, 3996 MHz, 0 %, 0 %
2026/03/23 13:30:03.205, 4, 178.98 W, 25, 120 MHz, 3996 MHz, 0 %, 0 %
2026/03/23 13:30:03.205, 5, 180.58 W, 28, 120 MHz, 3996 MHz, 0 %, 0 %
2026/03/23 13:30:03.205, 6, 177.80 W, 26, 120 MHz, 3996 MHz, 0 %, 0 %
2026/03/23 13:30:03.205, 7, 176.58 W, 27, 120 MHz, 3996 MHz, 0 %, 0 %
2026/03/23 13:30:04.205, 0, 229.43 W, 28, 2032 MHz, 3996 MHz, 0 %, 0 %
2026/03/23 13:30:04.205, 1, 233.65 W, 30, 2032 MHz, 3996 MHz, 0 %, 0 %
2026/03/23 13:30:04.205, 2, 234.02 W, 28, 2032 MHz, 3996 MHz, 0 %, 0 %
2026/03/23 13:30:04.205, 3, 235.18 W, 31, 2032 MHz, 3996 MHz, 0 %, 0 %
2026/03/23 13:30:04.205, 4, 178.94 W, 25, 120 MHz, 3996 MHz, 0 %, 0 %
2026/03/23 13:30:04.205, 5, 180.58 W, 28, 120 MHz, 3996 MHz, 0 %, 0 %
2026/03/23 13:30:04.205, 6, 177.98 W, 26, 120 MHz, 3996 MHz, 0 %, 0 %
2026/03/23 13:30:04.205, 7, 176.58 W, 27, 120 MHz, 3996 MHz, 0 %, 0 %
2026/03/23 13:30:05.205, 0, 229.66 W, 28, 2032 MHz, 3996 MHz, 0 %, 0 %
2026/03/23 13:30:05.205, 1, 233.62 W, 30, 2032 MHz, 3996 MHz, 0 %, 0 %
2026/03/23 13:30:05.205, 2, 234.02 W, 28, 2032 MHz, 3996 MHz, 0 %, 0 %
2026/03/23 13:30:05.205, 3, 235.12 W, 31, 2032 MHz, 3996 MHz, 0 %, 0 %
2026/03/23 13:30:05.205, 4, 178.75 W, 25, 120 MHz, 3996 MHz, 0 %, 0 %
2026/03/23 13:30:05.205, 5, 180.58 W, 28, 120 MHz, 3996 MHz, 0 %, 0 %
2026/03/23 13:30:05.205, 6, 177.87 W, 26, 120 MHz, 3996 MHz, 0 %, 0 %
2026/03/23 13:30:05.205, 7, 176.58 W, 27, 120 MHz, 3996 MHz, 0 %, 0 %
2026/03/23 13:30:06.205, 0, 229.69 W, 28, 2032 MHz, 3996 MHz, 0 %, 0 %
2026/03/23 13:30:06.205, 1, 234.13 W, 30, 2032 MHz, 3996 MHz, 0 %, 0 %
2026/03/23 13:30:06.205, 2, 234.02 W, 28, 2032 MHz, 3996 MHz, 0 %, 0 %
2026/03/23 13:30:06.205, 3, 235.14 W, 31, 2032 MHz, 3996 MHz, 0 %, 0 %
2026/03/23 13:30:06.205, 4, 178.81 W, 25, 120 MHz, 3996 MHz, 0 %, 0 %
2026/03/23 13:30:06.205, 5, 180.58 W, 28, 120 MHz, 3996 MHz, 0 %, 0 %
2026/03/23 13:30:06.205, 6, 178.30 W, 26, 120 MHz, 3996 MHz, 0 %, 0 %
2026/03/23 13:30:06.205, 7, 176.58 W, 27, 120 MHz, 3996 MHz, 0 %, 0 %
2026/03/23 13:30:07.205, 0, 229.42 W, 28, 2032 MHz, 3996 MHz, 0 %, 0 %
2026/03/23 13:30:07.205, 1, 234.62 W, 30, 2032 MHz, 3996 MHz, 0 %, 0 %
2026/03/23 13:30:07.205, 2, 234.02 W, 28, 2032 MHz, 3996 MHz, 0 %, 0 %
2026/03/23 13:30:07.205, 3, 235.26 W, 31, 2032 MHz, 3996 MHz, 0 %, 0 %
2026/03/23 13:30:07.205, 4, 178.73 W, 25, 120 MHz, 3996 MHz, 0 %, 0 %
2026/03/23 13:30:07.205, 5, 180.58 W, 28, 120 MHz, 3996 MHz, 0 %, 0 %
2026/03/23 13:30:07.205, 6, 178.14 W, 26, 120 MHz, 3996 MHz, 0 %, 0 %
2026/03/23 13:30:07.205, 7, 176.58 W, 27, 120 MHz, 3996 MHz, 0 %, 0 %
2026/03/23 13:30:08.205, 0, 229.43 W, 28, 2032 MHz, 3996 MHz, 0 %, 0 %
2026/03/23 13:30:08.205, 1, 234.57 W, 30, 2032 MHz, 3996 MHz, 0 %, 0 %
2026/03/23 13:30:08.205, 2, 234.02 W, 28, 2032 MHz, 3996 MHz, 0 %, 0 %
2026/03/23 13:30:08.205, 3, 235.21 W, 31, 2032 MHz, 3996 MHz, 0 %, 0 %
2026/03/23 13:30:08.205, 4, 178.85 W, 25, 120 MHz, 3996 MHz, 0 %, 0 %
2026/03/23 13:30:08.205, 5, 180.58 W, 28, 120 MHz, 3996 MHz, 0 %, 0 %
2026/03/23 13:30:08.205, 6, 178.25 W, 26, 120 MHz, 3996 MHz, 0 %, 0 %
2026/03/23 13:30:08.205, 7, 176.59 W, 27, 120 MHz, 3996 MHz, 0 %, 0 %
2026/03/23 13:30:09.206, 0, 229.65 W, 28, 2032 MHz, 3996 MHz, 0 %, 0 %
2026/03/23 13:30:09.206, 1, 234.90 W, 30, 2032 MHz, 3996 MHz, 0 %, 0 %
2026/03/23 13:30:09.206, 2, 234.02 W, 28, 2032 MHz, 3996 MHz, 0 %, 0 %
2026/03/23 13:30:09.206, 3, 235.21 W, 31, 2032 MHz, 3996 MHz, 0 %, 0 %
2026/03/23 13:30:09.206, 4, 179.08 W, 25, 120 MHz, 3996 MHz, 0 %, 0 %
2026/03/23 13:30:09.206, 5, 180.58 W, 28, 120 MHz, 3996 MHz, 0 %, 0 %
2026/03/23 13:30:09.206, 6, 178.11 W, 26, 120 MHz, 3996 MHz, 0 %, 0 %
2026/03/23 13:30:09.206, 7, 176.59 W, 27, 120 MHz, 3996 MHz, 0 %, 0 %
2026/03/23 13:30:10.206, 0, 229.43 W, 28, 2032 MHz, 3996 MHz, 0 %, 0 %
2026/03/23 13:30:10.206, 1, 234.61 W, 30, 2032 MHz, 3996 MHz, 0 %, 0 %
2026/03/23 13:30:10.206, 2, 234.02 W, 28, 2032 MHz, 3996 MHz, 0 %, 0 %
2026/03/23 13:30:10.206, 3, 235.19 W, 31, 2032 MHz, 3996 MHz, 0 %, 0 %
2026/03/23 13:30:10.206, 4, 178.71 W, 25, 120 MHz, 3996 MHz, 0 %, 0 %
2026/03/23 13:30:10.206, 5, 180.58 W, 28, 120 MHz, 3996 MHz, 0 %, 0 %
2026/03/23 13:30:10.206, 6, 178.02 W, 26, 120 MHz, 3996 MHz, 0 %, 0 %
2026/03/23 13:30:10.206, 7, 176.58 W, 27, 120 MHz, 3996 MHz, 0 %, 0 %
2026/03/23 13:30:11.206, 0, 229.51 W, 28, 2032 MHz, 3996 MHz, 0 %, 0 %
2026/03/23 13:30:11.206, 1, 234.28 W, 30, 2032 MHz, 3996 MHz, 0 %, 0 %
2026/03/23 13:30:11.206, 2, 234.02 W, 28, 2032 MHz, 3996 MHz, 0 %, 0 %
2026/03/23 13:30:11.206, 3, 235.11 W, 31, 2032 MHz, 3996 MHz, 0 %, 0 %
2026/03/23 13:30:11.206, 4, 178.97 W, 25, 120 MHz, 3996 MHz, 0 %, 0 %
2026/03/23 13:30:11.206, 5, 180.58 W, 28, 120 MHz, 3996 MHz, 0 %, 0 %
2026/03/23 13:30:11.206, 6, 178.26 W, 26, 120 MHz, 3996 MHz, 0 %, 0 %
2026/03/23 13:30:11.206, 7, 176.58 W, 27, 120 MHz, 3996 MHz, 0 %, 0 %
2026/03/23 13:30:12.206, 0, 229.73 W, 28, 2032 MHz, 3996 MHz, 0 %, 0 %
2026/03/23 13:30:12.206, 1, 234.33 W, 30, 2032 MHz, 3996 MHz, 0 %, 0 %
2026/03/23 13:30:12.206, 2, 234.02 W, 28, 2032 MHz, 3996 MHz, 0 %, 0 %
2026/03/23 13:30:12.206, 3, 235.06 W, 31, 2032 MHz, 3996 MHz, 0 %, 0 %
2026/03/23 13:30:12.206, 4, 178.78 W, 25, 120 MHz, 3996 MHz, 0 %, 0 %
2026/03/23 13:30:12.206, 5, 180.58 W, 28, 120 MHz, 3996 MHz, 0 %, 0 %
2026/03/23 13:30:12.206, 6, 177.98 W, 26, 120 MHz, 3996 MHz, 0 %, 0 %
2026/03/23 13:30:12.206, 7, 176.58 W, 27, 120 MHz, 3996 MHz, 0 %, 0 %
2026/03/23 13:30:13.206, 0, 229.31 W, 28, 2032 MHz, 3996 MHz, 0 %, 0 %
2026/03/23 13:30:13.206, 1, 234.39 W, 30, 2032 MHz, 3996 MHz, 0 %, 0 %
2026/03/23 13:30:13.206, 2, 234.02 W, 28, 2032 MHz, 3996 MHz, 0 %, 0 %
2026/03/23 13:30:13.206, 3, 235.22 W, 31, 2032 MHz, 3996 MHz, 0 %, 0 %
2026/03/23 13:30:13.206, 4, 178.91 W, 25, 120 MHz, 3996 MHz, 0 %, 0 %
2026/03/23 13:30:13.206, 5, 180.58 W, 28, 120 MHz, 3996 MHz, 0 %, 0 %
2026/03/23 13:30:13.206, 6, 178.14 W, 26, 120 MHz, 3996 MHz, 0 %, 0 %
2026/03/23 13:30:13.206, 7, 176.58 W, 27, 120 MHz, 3996 MHz, 0 %, 0 %
2026/03/23 13:30:14.206, 0, 229.47 W, 28, 2032 MHz, 3996 MHz, 0 %, 0 %
2026/03/23 13:30:14.206, 1, 233.97 W, 30, 2032 MHz, 3996 MHz, 0 %, 0 %
2026/03/23 13:30:14.206, 2, 234.02 W, 27, 2032 MHz, 3996 MHz, 0 %, 0 %
2026/03/23 13:30:14.206, 3, 235.22 W, 31, 2032 MHz, 3996 MHz, 0 %, 0 %
2026/03/23 13:30:14.206, 4, 178.90 W, 25, 120 MHz, 3996 MHz, 0 %, 0 %
2026/03/23 13:30:14.206, 5, 180.58 W, 28, 120 MHz, 3996 MHz, 0 %, 0 %
2026/03/23 13:30:14.206, 6, 178.21 W, 26, 120 MHz, 3996 MHz, 0 %, 0 %
2026/03/23 13:30:14.206, 7, 176.59 W, 27, 120 MHz, 3996 MHz, 0 %, 0 %
2026/03/23 13:30:15.206, 0, 228.45 W, 28, 2032 MHz, 3996 MHz, 0 %, 0 %
2026/03/23 13:30:15.206, 1, 233.34 W, 30, 2032 MHz, 3996 MHz, 0 %, 0 %
2026/03/23 13:30:15.206, 2, 234.02 W, 27, 2032 MHz, 3996 MHz, 0 %, 0 %
2026/03/23 13:30:15.206, 3, 234.84 W, 31, 2032 MHz, 3996 MHz, 1 %, 0 %
2026/03/23 13:30:15.207, 4, 178.93 W, 25, 120 MHz, 3996 MHz, 0 %, 0 %
2026/03/23 13:30:15.207, 5, 180.58 W, 28, 120 MHz, 3996 MHz, 0 %, 0 %
2026/03/23 13:30:15.207, 6, 178.26 W, 26, 120 MHz, 3996 MHz, 0 %, 0 %
2026/03/23 13:30:15.207, 7, 176.59 W, 27, 120 MHz, 3996 MHz, 0 %, 0 %
2026/03/23 13:30:16.207, 0, 228.26 W, 28, 2032 MHz, 3996 MHz, 0 %, 0 %
2026/03/23 13:30:16.207, 1, 233.32 W, 30, 2032 MHz, 3996 MHz, 0 %, 0 %
2026/03/23 13:30:16.207, 2, 234.02 W, 27, 2032 MHz, 3996 MHz, 0 %, 0 %
2026/03/23 13:30:16.207, 3, 234.32 W, 31, 2032 MHz, 3996 MHz, 0 %, 0 %
2026/03/23 13:30:16.207, 4, 179.03 W, 25, 120 MHz, 3996 MHz, 0 %, 0 %
2026/03/23 13:30:16.207, 5, 180.58 W, 28, 120 MHz, 3996 MHz, 0 %, 0 %
2026/03/23 13:30:16.207, 6, 177.88 W, 26, 120 MHz, 3996 MHz, 0 %, 0 %
2026/03/23 13:30:16.207, 7, 176.58 W, 27, 120 MHz, 3996 MHz, 0 %, 0 %
2026/03/23 13:30:17.207, 0, 228.34 W, 28, 2032 MHz, 3996 MHz, 0 %, 0 %
2026/03/23 13:30:17.207, 1, 233.40 W, 30, 2032 MHz, 3996 MHz, 0 %, 0 %
2026/03/23 13:30:17.207, 2, 234.02 W, 27, 2032 MHz, 3996 MHz, 0 %, 0 %
2026/03/23 13:30:17.207, 3, 235.11 W, 30, 2032 MHz, 3996 MHz, 0 %, 0 %
2026/03/23 13:30:17.207, 4, 178.80 W, 25, 120 MHz, 3996 MHz, 0 %, 0 %
2026/03/23 13:30:17.207, 5, 180.58 W, 28, 120 MHz, 3996 MHz, 0 %, 0 %
2026/03/23 13:30:17.207, 6, 177.99 W, 26, 120 MHz, 3996 MHz, 0 %, 0 %
2026/03/23 13:30:17.207, 7, 176.58 W, 27, 120 MHz, 3996 MHz, 0 %, 0 %
2026/03/23 13:30:18.207, 0, 228.68 W, 28, 2032 MHz, 3996 MHz, 0 %, 0 %
2026/03/23 13:30:18.207, 1, 233.53 W, 30, 2032 MHz, 3996 MHz, 0 %, 0 %
2026/03/23 13:30:18.207, 2, 234.02 W, 27, 2032 MHz, 3996 MHz, 0 %, 0 %
2026/03/23 13:30:18.207, 3, 235.14 W, 30, 2032 MHz, 3996 MHz, 0 %, 0 %
2026/03/23 13:30:18.207, 4, 179.19 W, 25, 120 MHz, 3996 MHz, 0 %, 0 %
2026/03/23 13:30:18.207, 5, 180.58 W, 28, 120 MHz, 3996 MHz, 0 %, 0 %
2026/03/23 13:30:18.207, 6, 178.06 W, 26, 120 MHz, 3996 MHz, 0 %, 0 %
2026/03/23 13:30:18.207, 7, 176.58 W, 27, 120 MHz, 3996 MHz, 0 %, 0 %
2026/03/23 13:30:19.207, 0, 228.11 W, 28, 2032 MHz, 3996 MHz, 0 %, 0 %
2026/03/23 13:30:19.207, 1, 233.31 W, 30, 2032 MHz, 3996 MHz, 0 %, 0 %
2026/03/23 13:30:19.207, 2, 234.02 W, 27, 2032 MHz, 3996 MHz, 0 %, 0 %
2026/03/23 13:30:19.207, 3, 234.77 W, 30, 2032 MHz, 3996 MHz, 0 %, 0 %
2026/03/23 13:30:19.207, 4, 178.80 W, 25, 120 MHz, 3996 MHz, 0 %, 0 %
2026/03/23 13:30:19.207, 5, 180.58 W, 28, 120 MHz, 3996 MHz, 0 %, 0 %
2026/03/23 13:30:19.207, 6, 178.07 W, 26, 120 MHz, 3996 MHz, 0 %, 0 %
2026/03/23 13:30:19.207, 7, 176.58 W, 27, 120 MHz, 3996 MHz, 0 %, 0 %
2026/03/23 13:30:20.207, 0, 228.26 W, 28, 2032 MHz, 3996 MHz, 0 %, 0 %
2026/03/23 13:30:20.207, 1, 233.30 W, 30, 2032 MHz, 3996 MHz, 0 %, 0 %
2026/03/23 13:30:20.207, 2, 234.02 W, 27, 2032 MHz, 3996 MHz, 0 %, 0 %
2026/03/23 13:30:20.207, 3, 234.93 W, 30, 2032 MHz, 3996 MHz, 0 %, 0 %
2026/03/23 13:30:20.207, 4, 179.01 W, 25, 120 MHz, 3996 MHz, 0 %, 0 %
2026/03/23 13:30:20.207, 5, 180.58 W, 28, 120 MHz, 3996 MHz, 0 %, 0 %
2026/03/23 13:30:20.207, 6, 178.10 W, 26, 120 MHz, 3996 MHz, 0 %, 0 %
2026/03/23 13:30:20.207, 7, 176.58 W, 27, 120 MHz, 3996 MHz, 0 %, 0 %
2026/03/23 13:30:21.207, 0, 228.11 W, 28, 2032 MHz, 3996 MHz, 0 %, 0 %
2026/03/23 13:30:21.207, 1, 233.29 W, 30, 2032 MHz, 3996 MHz, 0 %, 0 %
2026/03/23 13:30:21.207, 2, 234.02 W, 27, 2032 MHz, 3996 MHz, 0 %, 0 %
2026/03/23 13:30:21.207, 3, 234.44 W, 30, 2032 MHz, 3996 MHz, 0 %, 0 %
2026/03/23 13:30:21.208, 4, 178.90 W, 25, 120 MHz, 3996 MHz, 0 %, 0 %
2026/03/23 13:30:21.208, 5, 180.58 W, 28, 120 MHz, 3996 MHz, 0 %, 0 %
2026/03/23 13:30:21.208, 6, 178.13 W, 26, 120 MHz, 3996 MHz, 0 %, 0 %
2026/03/23 13:30:21.208, 7, 176.58 W, 27, 120 MHz, 3996 MHz, 0 %, 0 %
2026/03/23 13:30:22.208, 0, 228.07 W, 28, 2032 MHz, 3996 MHz, 0 %, 0 %
2026/03/23 13:30:22.208, 1, 233.31 W, 30, 2032 MHz, 3996 MHz, 0 %, 0 %
2026/03/23 13:30:22.208, 2, 234.02 W, 27, 2032 MHz, 3996 MHz, 0 %, 0 %
2026/03/23 13:30:22.208, 3, 234.46 W, 30, 2032 MHz, 3996 MHz, 0 %, 0 %
2026/03/23 13:30:22.208, 4, 178.75 W, 25, 120 MHz, 3996 MHz, 0 %, 0 %
2026/03/23 13:30:22.208, 5, 180.58 W, 28, 120 MHz, 3996 MHz, 0 %, 0 %
2026/03/23 13:30:22.208, 6, 178.07 W, 26, 120 MHz, 3996 MHz, 0 %, 0 %
2026/03/23 13:30:22.208, 7, 176.58 W, 27, 120 MHz, 3996 MHz, 0 %, 0 %
2026/03/23 13:30:23.208, 0, 228.18 W, 28, 2032 MHz, 3996 MHz, 0 %, 0 %
2026/03/23 13:30:23.208, 1, 233.31 W, 30, 2032 MHz, 3996 MHz, 0 %, 0 %
2026/03/23 13:30:23.208, 2, 234.02 W, 27, 2032 MHz, 3996 MHz, 0 %, 0 %
2026/03/23 13:30:23.208, 3, 234.62 W, 30, 2032 MHz, 3996 MHz, 0 %, 0 %
2026/03/23 13:30:23.208, 4, 178.75 W, 25, 120 MHz, 3996 MHz, 0 %, 0 %
2026/03/23 13:30:23.208, 5, 180.58 W, 28, 120 MHz, 3996 MHz, 0 %, 0 %
2026/03/23 13:30:23.208, 6, 177.96 W, 26, 120 MHz, 3996 MHz, 0 %, 0 %
2026/03/23 13:30:23.208, 7, 176.58 W, 27, 120 MHz, 3996 MHz, 0 %, 0 %
2026/03/23 13:30:24.208, 0, 228.11 W, 28, 2032 MHz, 3996 MHz, 0 %, 0 %
2026/03/23 13:30:24.208, 1, 233.29 W, 30, 2032 MHz, 3996 MHz, 0 %, 0 %
2026/03/23 13:30:24.208, 2, 234.02 W, 27, 2032 MHz, 3996 MHz, 0 %, 0 %
2026/03/23 13:30:24.208, 3, 234.43 W, 30, 2032 MHz, 3996 MHz, 0 %, 0 %
2026/03/23 13:30:24.208, 4, 179.18 W, 25, 120 MHz, 3996 MHz, 0 %, 0 %
2026/03/23 13:30:24.208, 5, 180.58 W, 28, 120 MHz, 3996 MHz, 0 %, 0 %
2026/03/23 13:30:24.208, 6, 178.18 W, 26, 120 MHz, 3996 MHz, 0 %, 0 %
2026/03/23 13:30:24.208, 7, 176.58 W, 27, 120 MHz, 3996 MHz, 0 %, 0 %
2026/03/23 13:30:25.208, 0, 228.22 W, 28, 2032 MHz, 3996 MHz, 0 %, 0 %
2026/03/23 13:30:25.208, 1, 233.29 W, 30, 2032 MHz, 3996 MHz, 0 %, 0 %
2026/03/23 13:30:25.208, 2, 234.02 W, 27, 2032 MHz, 3996 MHz, 0 %, 0 %
2026/03/23 13:30:25.208, 3, 233.99 W, 30, 2032 MHz, 3996 MHz, 0 %, 0 %
2026/03/23 13:30:25.208, 4, 178.91 W, 25, 120 MHz, 3996 MHz, 0 %, 0 %
2026/03/23 13:30:25.208, 5, 180.58 W, 28, 120 MHz, 3996 MHz, 0 %, 0 %
2026/03/23 13:30:25.208, 6, 178.17 W, 26, 120 MHz, 3996 MHz, 0 %, 0 %
2026/03/23 13:30:25.208, 7, 176.58 W, 27, 120 MHz, 3996 MHz, 0 %, 0 %
2026/03/23 13:30:26.208, 0, 228.19 W, 28, 2032 MHz, 3996 MHz, 0 %, 0 %
2026/03/23 13:30:26.208, 1, 233.27 W, 30, 2032 MHz, 3996 MHz, 0 %, 0 %
2026/03/23 13:30:26.208, 2, 234.02 W, 27, 2032 MHz, 3996 MHz, 0 %, 0 %
2026/03/23 13:30:26.208, 3, 234.41 W, 30, 2032 MHz, 3996 MHz, 0 %, 0 %
2026/03/23 13:30:26.208, 4, 178.94 W, 25, 120 MHz, 3996 MHz, 0 %, 0 %
2026/03/23 13:30:26.208, 5, 180.58 W, 28, 120 MHz, 3996 MHz, 0 %, 0 %
2026/03/23 13:30:26.208, 6, 177.98 W, 26, 120 MHz, 3996 MHz, 0 %, 0 %
2026/03/23 13:30:26.208, 7, 176.58 W, 27, 120 MHz, 3996 MHz, 0 %, 0 %
2026/03/23 13:30:27.208, 0, 228.15 W, 28, 2032 MHz, 3996 MHz, 0 %, 0 %
2026/03/23 13:30:27.208, 1, 233.29 W, 30, 2032 MHz, 3996 MHz, 0 %, 0 %
2026/03/23 13:30:27.208, 2, 234.02 W, 27, 2032 MHz, 3996 MHz, 0 %, 0 %
2026/03/23 13:30:27.208, 3, 234.52 W, 30, 2032 MHz, 3996 MHz, 0 %, 0 %
2026/03/23 13:30:27.208, 4, 179.02 W, 25, 120 MHz, 3996 MHz, 0 %, 0 %
2026/03/23 13:30:27.208, 5, 180.58 W, 28, 120 MHz, 3996 MHz, 0 %, 0 %
2026/03/23 13:30:27.208, 6, 178.06 W, 26, 120 MHz, 3996 MHz, 0 %, 0 %
2026/03/23 13:30:27.208, 7, 176.58 W, 27, 120 MHz, 3996 MHz, 0 %, 0 %
2026/03/23 13:30:28.208, 0, 228.07 W, 28, 2032 MHz, 3996 MHz, 0 %, 0 %
2026/03/23 13:30:28.209, 1, 233.29 W, 30, 2032 MHz, 3996 MHz, 0 %, 0 %
2026/03/23 13:30:28.209, 2, 234.02 W, 27, 2032 MHz, 3996 MHz, 0 %, 0 %
2026/03/23 13:30:28.209, 3, 234.49 W, 30, 2032 MHz, 3996 MHz, 0 %, 0 %
2026/03/23 13:30:28.209, 4, 179.13 W, 25, 120 MHz, 3996 MHz, 0 %, 0 %
2026/03/23 13:30:28.209, 5, 180.58 W, 28, 120 MHz, 3996 MHz, 0 %, 0 %
2026/03/23 13:30:28.209, 6, 178.21 W, 26, 120 MHz, 3996 MHz, 0 %, 0 %
2026/03/23 13:30:28.209, 7, 176.58 W, 27, 120 MHz, 3996 MHz, 0 %, 0 %
2026/03/23 13:30:29.209, 0, 228.07 W, 27, 2032 MHz, 3996 MHz, 0 %, 0 %
2026/03/23 13:30:29.209, 1, 233.28 W, 30, 2032 MHz, 3996 MHz, 0 %, 0 %
2026/03/23 13:30:29.209, 2, 234.02 W, 27, 2032 MHz, 3996 MHz, 0 %, 0 %
2026/03/23 13:30:29.209, 3, 234.24 W, 30, 2032 MHz, 3996 MHz, 0 %, 0 %
2026/03/23 13:30:29.209, 4, 178.99 W, 25, 120 MHz, 3996 MHz, 0 %, 0 %
2026/03/23 13:30:29.209, 5, 180.58 W, 28, 120 MHz, 3996 MHz, 0 %, 0 %
2026/03/23 13:30:29.209, 6, 178.22 W, 26, 120 MHz, 3996 MHz, 0 %, 0 %
2026/03/23 13:30:29.209, 7, 176.58 W, 27, 120 MHz, 3996 MHz, 0 %, 0 %
2026/03/23 13:30:30.209, 0, 228.49 W, 28, 2032 MHz, 3996 MHz, 0 %, 0 %
2026/03/23 13:30:30.209, 1, 233.36 W, 30, 2032 MHz, 3996 MHz, 0 %, 0 %
2026/03/23 13:30:30.209, 2, 234.06 W, 27, 2032 MHz, 3996 MHz, 0 %, 0 %
2026/03/23 13:30:30.209, 3, 235.01 W, 30, 2032 MHz, 3996 MHz, 0 %, 0 %
2026/03/23 13:30:30.209, 4, 178.73 W, 25, 120 MHz, 3996 MHz, 0 %, 0 %
2026/03/23 13:30:30.209, 5, 180.58 W, 28, 120 MHz, 3996 MHz, 0 %, 0 %
2026/03/23 13:30:30.209, 6, 177.96 W, 26, 120 MHz, 3996 MHz, 0 %, 0 %
2026/03/23 13:30:30.209, 7, 176.58 W, 27, 120 MHz, 3996 MHz, 0 %, 0 %
2026/03/23 13:30:31.209, 0, 228.37 W, 27, 2032 MHz, 3996 MHz, 1 %, 0 %
2026/03/23 13:30:31.209, 1, 233.31 W, 30, 2032 MHz, 3996 MHz, 1 %, 0 %
2026/03/23 13:30:31.209, 2, 234.02 W, 27, 2032 MHz, 3996 MHz, 1 %, 0 %
2026/03/23 13:30:31.209, 3, 234.68 W, 30, 2032 MHz, 3996 MHz, 1 %, 0 %
2026/03/23 13:30:31.209, 4, 178.68 W, 25, 120 MHz, 3996 MHz, 0 %, 0 %
2026/03/23 13:30:31.209, 5, 180.58 W, 28, 120 MHz, 3996 MHz, 0 %, 0 %
2026/03/23 13:30:31.209, 6, 178.18 W, 26, 120 MHz, 3996 MHz, 0 %, 0 %
2026/03/23 13:30:31.209, 7, 176.58 W, 27, 120 MHz, 3996 MHz, 0 %, 0 %
2026/03/23 13:30:32.209, 0, 229.27 W, 27, 2032 MHz, 3996 MHz, 7 %, 0 %
2026/03/23 13:30:32.209, 1, 234.27 W, 30, 2032 MHz, 3996 MHz, 7 %, 0 %
2026/03/23 13:30:32.209, 2, 234.52 W, 27, 2032 MHz, 3996 MHz, 7 %, 0 %
2026/03/23 13:30:32.209, 3, 234.93 W, 30, 2032 MHz, 3996 MHz, 7 %, 0 %
2026/03/23 13:30:32.209, 4, 179.08 W, 25, 120 MHz, 3996 MHz, 0 %, 0 %
2026/03/23 13:30:32.209, 5, 180.58 W, 28, 120 MHz, 3996 MHz, 0 %, 0 %
2026/03/23 13:30:32.209, 6, 178.29 W, 26, 120 MHz, 3996 MHz, 0 %, 0 %
2026/03/23 13:30:32.209, 7, 176.58 W, 27, 120 MHz, 3996 MHz, 0 %, 0 %
2026/03/23 13:30:33.209, 0, 229.93 W, 27, 2032 MHz, 3996 MHz, 7 %, 0 %
2026/03/23 13:30:33.209, 1, 234.71 W, 30, 2032 MHz, 3996 MHz, 7 %, 0 %
2026/03/23 13:30:33.209, 2, 234.02 W, 27, 2032 MHz, 3996 MHz, 7 %, 0 %
2026/03/23 13:30:33.209, 3, 235.17 W, 30, 2032 MHz, 3996 MHz, 7 %, 0 %
2026/03/23 13:30:33.209, 4, 178.96 W, 25, 120 MHz, 3996 MHz, 0 %, 0 %
2026/03/23 13:30:33.209, 5, 180.58 W, 28, 120 MHz, 3996 MHz, 0 %, 0 %
2026/03/23 13:30:33.209, 6, 178.26 W, 26, 120 MHz, 3996 MHz, 0 %, 0 %
2026/03/23 13:30:33.209, 7, 176.58 W, 27, 120 MHz, 3996 MHz, 0 %, 0 %
2026/03/23 13:30:34.209, 0, 229.77 W, 27, 2032 MHz, 3996 MHz, 8 %, 0 %
2026/03/23 13:30:34.209, 1, 234.27 W, 30, 2032 MHz, 3996 MHz, 9 %, 0 %
2026/03/23 13:30:34.209, 2, 234.02 W, 27, 2032 MHz, 3996 MHz, 9 %, 0 %
2026/03/23 13:30:34.209, 3, 235.21 W, 30, 2032 MHz, 3996 MHz, 9 %, 0 %
2026/03/23 13:30:34.209, 4, 178.78 W, 25, 120 MHz, 3996 MHz, 0 %, 0 %
2026/03/23 13:30:34.209, 5, 180.58 W, 28, 120 MHz, 3996 MHz, 0 %, 0 %
2026/03/23 13:30:34.210, 6, 178.02 W, 26, 120 MHz, 3996 MHz, 0 %, 0 %
2026/03/23 13:30:34.210, 7, 176.58 W, 27, 120 MHz, 3996 MHz, 0 %, 0 %
2026/03/23 13:30:35.210, 0, 229.73 W, 27, 2032 MHz, 3996 MHz, 9 %, 0 %
2026/03/23 13:30:35.210, 1, 234.38 W, 30, 2032 MHz, 3996 MHz, 9 %, 0 %
2026/03/23 13:30:35.210, 2, 234.02 W, 27, 2032 MHz, 3996 MHz, 9 %, 0 %
2026/03/23 13:30:35.210, 3, 235.20 W, 30, 2032 MHz, 3996 MHz, 9 %, 0 %
2026/03/23 13:30:35.210, 4, 178.99 W, 25, 120 MHz, 3996 MHz, 0 %, 0 %
2026/03/23 13:30:35.210, 5, 180.58 W, 28, 120 MHz, 3996 MHz, 0 %, 0 %
2026/03/23 13:30:35.210, 6, 178.19 W, 26, 120 MHz, 3996 MHz, 0 %, 0 %
2026/03/23 13:30:35.210, 7, 176.58 W, 27, 120 MHz, 3996 MHz, 0 %, 0 %
2026/03/23 13:30:36.210, 0, 229.81 W, 27, 2032 MHz, 3996 MHz, 7 %, 0 %
2026/03/23 13:30:36.210, 1, 234.60 W, 30, 2032 MHz, 3996 MHz, 8 %, 0 %
2026/03/23 13:30:36.210, 2, 234.10 W, 27, 2032 MHz, 3996 MHz, 8 %, 0 %
2026/03/23 13:30:36.210, 3, 235.17 W, 30, 2032 MHz, 3996 MHz, 7 %, 0 %
2026/03/23 13:30:36.210, 4, 178.89 W, 25, 120 MHz, 3996 MHz, 0 %, 0 %
2026/03/23 13:30:36.210, 5, 180.58 W, 28, 120 MHz, 3996 MHz, 0 %, 0 %
2026/03/23 13:30:36.210, 6, 178.26 W, 26, 120 MHz, 3996 MHz, 0 %, 0 %
2026/03/23 13:30:36.210, 7, 176.58 W, 27, 120 MHz, 3996 MHz, 0 %, 0 %
2026/03/23 13:30:37.210, 0, 229.69 W, 27, 2032 MHz, 3996 MHz, 8 %, 0 %
2026/03/23 13:30:37.210, 1, 234.64 W, 30, 2032 MHz, 3996 MHz, 9 %, 0 %
2026/03/23 13:30:37.210, 2, 234.18 W, 27, 2032 MHz, 3996 MHz, 8 %, 0 %
2026/03/23 13:30:37.210, 3, 235.24 W, 30, 2032 MHz, 3996 MHz, 9 %, 0 %
2026/03/23 13:30:37.210, 4, 178.76 W, 25, 120 MHz, 3996 MHz, 0 %, 0 %
2026/03/23 13:30:37.210, 5, 180.58 W, 28, 120 MHz, 3996 MHz, 0 %, 0 %
2026/03/23 13:30:37.210, 6, 178.10 W, 26, 120 MHz, 3996 MHz, 0 %, 0 %
2026/03/23 13:30:37.210, 7, 176.58 W, 27, 120 MHz, 3996 MHz, 0 %, 0 %
2026/03/23 13:30:38.210, 0, 229.47 W, 27, 2032 MHz, 3996 MHz, 7 %, 0 %
2026/03/23 13:30:38.210, 1, 234.15 W, 30, 2032 MHz, 3996 MHz, 9 %, 0 %
2026/03/23 13:30:38.210, 2, 234.02 W, 27, 2032 MHz, 3996 MHz, 8 %, 0 %
2026/03/23 13:30:38.210, 3, 235.20 W, 30, 2032 MHz, 3996 MHz, 8 %, 0 %
2026/03/23 13:30:38.210, 4, 178.92 W, 25, 120 MHz, 3996 MHz, 0 %, 0 %
2026/03/23 13:30:38.210, 5, 180.58 W, 28, 120 MHz, 3996 MHz, 0 %, 0 %
2026/03/23 13:30:38.210, 6, 177.84 W, 26, 120 MHz, 3996 MHz, 0 %, 0 %
2026/03/23 13:30:38.210, 7, 176.58 W, 27, 120 MHz, 3996 MHz, 0 %, 0 %
2026/03/23 13:30:39.210, 0, 229.85 W, 27, 2032 MHz, 3996 MHz, 7 %, 0 %
2026/03/23 13:30:39.210, 1, 234.43 W, 30, 2032 MHz, 3996 MHz, 8 %, 0 %
2026/03/23 13:30:39.210, 2, 234.06 W, 27, 2032 MHz, 3996 MHz, 8 %, 0 %
2026/03/23 13:30:39.210, 3, 235.18 W, 30, 2032 MHz, 3996 MHz, 8 %, 0 %
2026/03/23 13:30:39.210, 4, 178.91 W, 25, 120 MHz, 3996 MHz, 0 %, 0 %
2026/03/23 13:30:39.210, 5, 180.58 W, 28, 120 MHz, 3996 MHz, 0 %, 0 %
2026/03/23 13:30:39.210, 6, 178.11 W, 26, 120 MHz, 3996 MHz, 0 %, 0 %
2026/03/23 13:30:39.210, 7, 176.58 W, 27, 120 MHz, 3996 MHz, 0 %, 0 %
2026/03/23 13:30:40.210, 0, 229.66 W, 27, 2032 MHz, 3996 MHz, 7 %, 0 %
2026/03/23 13:30:40.210, 1, 234.12 W, 30, 2032 MHz, 3996 MHz, 10 %, 0 %
2026/03/23 13:30:40.210, 2, 234.02 W, 27, 2032 MHz, 3996 MHz, 9 %, 0 %
2026/03/23 13:30:40.210, 3, 235.20 W, 30, 2032 MHz, 3996 MHz, 10 %, 0 %
2026/03/23 13:30:40.210, 4, 178.88 W, 25, 120 MHz, 3996 MHz, 0 %, 0 %
2026/03/23 13:30:40.210, 5, 180.58 W, 28, 120 MHz, 3996 MHz, 0 %, 0 %
2026/03/23 13:30:40.210, 6, 178.14 W, 26, 120 MHz, 3996 MHz, 0 %, 0 %
2026/03/23 13:30:40.210, 7, 176.58 W, 27, 120 MHz, 3996 MHz, 0 %, 0 %
2026/03/23 13:30:41.211, 0, 229.85 W, 27, 2032 MHz, 3996 MHz, 8 %, 0 %
2026/03/23 13:30:41.211, 1, 233.88 W, 30, 2032 MHz, 3996 MHz, 7 %, 0 %
2026/03/23 13:30:41.211, 2, 234.02 W, 27, 2032 MHz, 3996 MHz, 8 %, 0 %
2026/03/23 13:30:41.211, 3, 235.21 W, 30, 2032 MHz, 3996 MHz, 8 %, 0 %
2026/03/23 13:30:41.211, 4, 178.90 W, 25, 120 MHz, 3996 MHz, 0 %, 0 %
2026/03/23 13:30:41.211, 5, 180.58 W, 28, 120 MHz, 3996 MHz, 0 %, 0 %
2026/03/23 13:30:41.211, 6, 178.07 W, 26, 120 MHz, 3996 MHz, 0 %, 0 %
2026/03/23 13:30:41.211, 7, 176.58 W, 27, 120 MHz, 3996 MHz, 0 %, 0 %
2026/03/23 13:30:42.211, 0, 229.93 W, 27, 2032 MHz, 3996 MHz, 10 %, 0 %
2026/03/23 13:30:42.211, 1, 233.84 W, 30, 2032 MHz, 3996 MHz, 10 %, 0 %
2026/03/23 13:30:42.211, 2, 234.02 W, 27, 2032 MHz, 3996 MHz, 10 %, 0 %
2026/03/23 13:30:42.211, 3, 235.18 W, 30, 2032 MHz, 3996 MHz, 10 %, 0 %
2026/03/23 13:30:42.211, 4, 178.71 W, 25, 120 MHz, 3996 MHz, 0 %, 0 %
2026/03/23 13:30:42.211, 5, 180.58 W, 28, 120 MHz, 3996 MHz, 0 %, 0 %
2026/03/23 13:30:42.211, 6, 178.11 W, 26, 120 MHz, 3996 MHz, 0 %, 0 %
2026/03/23 13:30:42.211, 7, 176.58 W, 27, 120 MHz, 3996 MHz, 0 %, 0 %
2026/03/23 13:30:43.211, 0, 229.59 W, 27, 2032 MHz, 3996 MHz, 9 %, 0 %
2026/03/23 13:30:43.211, 1, 234.10 W, 30, 2032 MHz, 3996 MHz, 9 %, 0 %
2026/03/23 13:30:43.211, 2, 234.06 W, 27, 2032 MHz, 3996 MHz, 9 %, 0 %
2026/03/23 13:30:43.211, 3, 235.21 W, 30, 2032 MHz, 3996 MHz, 9 %, 0 %
2026/03/23 13:30:43.211, 4, 179.06 W, 25, 120 MHz, 3996 MHz, 0 %, 0 %
2026/03/23 13:30:43.211, 5, 180.58 W, 28, 120 MHz, 3996 MHz, 0 %, 0 %
2026/03/23 13:30:43.211, 6, 178.14 W, 26, 120 MHz, 3996 MHz, 0 %, 0 %
2026/03/23 13:30:43.211, 7, 176.58 W, 27, 120 MHz, 3996 MHz, 0 %, 0 %
2026/03/23 13:30:44.211, 0, 229.65 W, 27, 2032 MHz, 3996 MHz, 9 %, 0 %
2026/03/23 13:30:44.211, 1, 233.97 W, 30, 2032 MHz, 3996 MHz, 10 %, 0 %
2026/03/23 13:30:44.211, 2, 234.06 W, 27, 2032 MHz, 3996 MHz, 9 %, 0 %
2026/03/23 13:30:44.211, 3, 235.20 W, 30, 2032 MHz, 3996 MHz, 10 %, 0 %
2026/03/23 13:30:44.211, 4, 178.79 W, 25, 120 MHz, 3996 MHz, 0 %, 0 %
2026/03/23 13:30:44.211, 5, 180.58 W, 28, 120 MHz, 3996 MHz, 0 %, 0 %
2026/03/23 13:30:44.211, 6, 177.99 W, 26, 120 MHz, 3996 MHz, 0 %, 0 %
2026/03/23 13:30:44.211, 7, 176.58 W, 27, 120 MHz, 3996 MHz, 0 %, 0 %
2026/03/23 13:30:45.211, 0, 229.59 W, 27, 2032 MHz, 3996 MHz, 10 %, 0 %
2026/03/23 13:30:45.211, 1, 234.07 W, 30, 2032 MHz, 3996 MHz, 10 %, 0 %
2026/03/23 13:30:45.211, 2, 234.06 W, 27, 2032 MHz, 3996 MHz, 9 %, 0 %
2026/03/23 13:30:45.211, 3, 235.20 W, 30, 2032 MHz, 3996 MHz, 10 %, 0 %
2026/03/23 13:30:45.211, 4, 179.01 W, 25, 120 MHz, 3996 MHz, 0 %, 0 %
2026/03/23 13:30:45.211, 5, 180.58 W, 28, 120 MHz, 3996 MHz, 0 %, 0 %
2026/03/23 13:30:45.211, 6, 178.06 W, 26, 120 MHz, 3996 MHz, 0 %, 0 %
2026/03/23 13:30:45.211, 7, 176.58 W, 27, 120 MHz, 3996 MHz, 0 %, 0 %
2026/03/23 13:30:46.211, 0, 229.11 W, 27, 2032 MHz, 3996 MHz, 9 %, 0 %
2026/03/23 13:30:46.211, 1, 233.88 W, 30, 2032 MHz, 3996 MHz, 9 %, 0 %
2026/03/23 13:30:46.211, 2, 234.06 W, 27, 2032 MHz, 3996 MHz, 9 %, 0 %
2026/03/23 13:30:46.211, 3, 235.21 W, 30, 2032 MHz, 3996 MHz, 9 %, 0 %
2026/03/23 13:30:46.211, 4, 178.90 W, 25, 120 MHz, 3996 MHz, 0 %, 0 %
2026/03/23 13:30:46.212, 5, 180.58 W, 28, 120 MHz, 3996 MHz, 0 %, 0 %
2026/03/23 13:30:46.212, 6, 178.25 W, 26, 120 MHz, 3996 MHz, 0 %, 0 %
2026/03/23 13:30:46.212, 7, 176.58 W, 27, 120 MHz, 3996 MHz, 0 %, 0 %
2026/03/23 13:30:47.212, 0, 229.17 W, 27, 2032 MHz, 3996 MHz, 8 %, 0 %
2026/03/23 13:30:47.212, 1, 234.03 W, 30, 2032 MHz, 3996 MHz, 8 %, 0 %
2026/03/23 13:30:47.212, 2, 234.10 W, 27, 2032 MHz, 3996 MHz, 8 %, 0 %
2026/03/23 13:30:47.212, 3, 235.19 W, 30, 2032 MHz, 3996 MHz, 8 %, 0 %
2026/03/23 13:30:47.212, 4, 178.94 W, 25, 120 MHz, 3996 MHz, 0 %, 0 %
2026/03/23 13:30:47.212, 5, 180.58 W, 28, 120 MHz, 3996 MHz, 0 %, 0 %
2026/03/23 13:30:47.212, 6, 178.22 W, 26, 120 MHz, 3996 MHz, 0 %, 0 %
2026/03/23 13:30:47.212, 7, 176.58 W, 27, 120 MHz, 3996 MHz, 0 %, 0 %
2026/03/23 13:30:48.212, 0, 229.35 W, 27, 2032 MHz, 3996 MHz, 9 %, 0 %
2026/03/23 13:30:48.212, 1, 233.81 W, 30, 2032 MHz, 3996 MHz, 9 %, 0 %
2026/03/23 13:30:48.212, 2, 234.06 W, 27, 2032 MHz, 3996 MHz, 7 %, 0 %
2026/03/23 13:30:48.212, 3, 235.19 W, 30, 2032 MHz, 3996 MHz, 8 %, 0 %
2026/03/23 13:30:48.212, 4, 179.02 W, 25, 120 MHz, 3996 MHz, 0 %, 0 %
2026/03/23 13:30:48.212, 5, 180.58 W, 28, 120 MHz, 3996 MHz, 0 %, 0 %
2026/03/23 13:30:48.212, 6, 178.18 W, 26, 120 MHz, 3996 MHz, 0 %, 0 %
2026/03/23 13:30:48.212, 7, 176.58 W, 27, 120 MHz, 3996 MHz, 0 %, 0 %
2026/03/23 13:30:49.212, 0, 229.51 W, 27, 2032 MHz, 3996 MHz, 6 %, 0 %
2026/03/23 13:30:49.212, 1, 233.98 W, 30, 2032 MHz, 3996 MHz, 7 %, 0 %
2026/03/23 13:30:49.212, 2, 234.06 W, 27, 2032 MHz, 3996 MHz, 9 %, 0 %
2026/03/23 13:30:49.212, 3, 235.22 W, 30, 2032 MHz, 3996 MHz, 8 %, 0 %
2026/03/23 13:30:49.212, 4, 178.91 W, 25, 120 MHz, 3996 MHz, 0 %, 0 %
2026/03/23 13:30:49.212, 5, 180.58 W, 28, 120 MHz, 3996 MHz, 0 %, 0 %
2026/03/23 13:30:49.212, 6, 178.30 W, 26, 120 MHz, 3996 MHz, 0 %, 0 %
2026/03/23 13:30:49.212, 7, 176.58 W, 27, 120 MHz, 3996 MHz, 0 %, 0 %
2026/03/23 13:30:50.212, 0, 229.62 W, 27, 2032 MHz, 3996 MHz, 7 %, 0 %
2026/03/23 13:30:50.212, 1, 234.03 W, 30, 2032 MHz, 3996 MHz, 7 %, 0 %
2026/03/23 13:30:50.212, 2, 234.14 W, 27, 2032 MHz, 3996 MHz, 8 %, 0 %
2026/03/23 13:30:50.212, 3, 235.19 W, 30, 2032 MHz, 3996 MHz, 8 %, 0 %
2026/03/23 13:30:50.212, 4, 179.17 W, 25, 120 MHz, 3996 MHz, 0 %, 0 %
2026/03/23 13:30:50.212, 5, 180.58 W, 28, 120 MHz, 3996 MHz, 0 %, 0 %
2026/03/23 13:30:50.212, 6, 178.33 W, 26, 120 MHz, 3996 MHz, 0 %, 0 %
2026/03/23 13:30:50.212, 7, 176.58 W, 27, 120 MHz, 3996 MHz, 0 %, 0 %
2026/03/23 13:30:51.212, 0, 229.62 W, 27, 2032 MHz, 3996 MHz, 9 %, 0 %
2026/03/23 13:30:51.212, 1, 233.79 W, 30, 2032 MHz, 3996 MHz, 9 %, 0 %
2026/03/23 13:30:51.212, 2, 234.02 W, 27, 2032 MHz, 3996 MHz, 8 %, 0 %
2026/03/23 13:30:51.212, 3, 235.21 W, 30, 2032 MHz, 3996 MHz, 8 %, 0 %
2026/03/23 13:30:51.212, 4, 179.03 W, 25, 120 MHz, 3996 MHz, 0 %, 0 %
2026/03/23 13:30:51.212, 5, 180.58 W, 28, 120 MHz, 3996 MHz, 0 %, 0 %
2026/03/23 13:30:51.212, 6, 178.22 W, 26, 120 MHz, 3996 MHz, 0 %, 0 %
2026/03/23 13:30:51.212, 7, 176.58 W, 27, 120 MHz, 3996 MHz, 0 %, 0 %
2026/03/23 13:30:52.212, 0, 229.55 W, 27, 2032 MHz, 3996 MHz, 6 %, 0 %
2026/03/23 13:30:52.212, 1, 233.68 W, 30, 2032 MHz, 3996 MHz, 9 %, 0 %
2026/03/23 13:30:52.212, 2, 234.06 W, 27, 2032 MHz, 3996 MHz, 9 %, 0 %
2026/03/23 13:30:52.212, 3, 235.20 W, 30, 2032 MHz, 3996 MHz, 9 %, 0 %
2026/03/23 13:30:52.212, 4, 178.84 W, 25, 120 MHz, 3996 MHz, 0 %, 0 %
2026/03/23 13:30:52.212, 5, 180.58 W, 28, 120 MHz, 3996 MHz, 0 %, 0 %
2026/03/23 13:30:52.212, 6, 177.79 W, 26, 120 MHz, 3996 MHz, 0 %, 0 %
2026/03/23 13:30:52.212, 7, 176.58 W, 27, 120 MHz, 3996 MHz, 0 %, 0 %
2026/03/23 13:30:53.213, 0, 229.58 W, 27, 2032 MHz, 3996 MHz, 7 %, 0 %
2026/03/23 13:30:53.213, 1, 233.61 W, 30, 2032 MHz, 3996 MHz, 7 %, 0 %
2026/03/23 13:30:53.213, 2, 234.06 W, 27, 2032 MHz, 3996 MHz, 8 %, 0 %
2026/03/23 13:30:53.213, 3, 235.25 W, 30, 2032 MHz, 3996 MHz, 8 %, 0 %
2026/03/23 13:30:53.213, 4, 178.93 W, 25, 120 MHz, 3996 MHz, 0 %, 0 %
2026/03/23 13:30:53.213, 5, 180.58 W, 28, 120 MHz, 3996 MHz, 0 %, 0 %
2026/03/23 13:30:53.213, 6, 178.18 W, 26, 120 MHz, 3996 MHz, 0 %, 0 %
2026/03/23 13:30:53.213, 7, 176.58 W, 27, 120 MHz, 3996 MHz, 0 %, 0 %
2026/03/23 13:30:54.213, 0, 229.28 W, 27, 2032 MHz, 3996 MHz, 7 %, 0 %
2026/03/23 13:30:54.213, 1, 233.75 W, 30, 2032 MHz, 3996 MHz, 7 %, 0 %
2026/03/23 13:30:54.213, 2, 234.02 W, 27, 2032 MHz, 3996 MHz, 8 %, 0 %
2026/03/23 13:30:54.213, 3, 235.25 W, 30, 2032 MHz, 3996 MHz, 8 %, 0 %
2026/03/23 13:30:54.213, 4, 178.84 W, 25, 120 MHz, 3996 MHz, 0 %, 0 %
2026/03/23 13:30:54.213, 5, 180.58 W, 28, 120 MHz, 3996 MHz, 0 %, 0 %
2026/03/23 13:30:54.213, 6, 178.14 W, 26, 120 MHz, 3996 MHz, 0 %, 0 %
2026/03/23 13:30:54.213, 7, 176.58 W, 27, 120 MHz, 3996 MHz, 0 %, 0 %
2026/03/23 13:30:55.213, 0, 229.62 W, 27, 2032 MHz, 3996 MHz, 7 %, 0 %
2026/03/23 13:30:55.213, 1, 233.46 W, 30, 2032 MHz, 3996 MHz, 7 %, 0 %
2026/03/23 13:30:55.213, 2, 234.02 W, 27, 2032 MHz, 3996 MHz, 7 %, 0 %
2026/03/23 13:30:55.213, 3, 235.16 W, 30, 2032 MHz, 3996 MHz, 8 %, 0 %
2026/03/23 13:30:55.213, 4, 178.71 W, 25, 120 MHz, 3996 MHz, 0 %, 0 %
2026/03/23 13:30:55.213, 5, 180.58 W, 28, 120 MHz, 3996 MHz, 0 %, 0 %
2026/03/23 13:30:55.213, 6, 177.94 W, 26, 120 MHz, 3996 MHz, 0 %, 0 %
2026/03/23 13:30:55.213, 7, 176.58 W, 27, 120 MHz, 3996 MHz, 0 %, 0 %
2026/03/23 13:30:56.213, 0, 229.13 W, 27, 2032 MHz, 3996 MHz, 7 %, 0 %
2026/03/23 13:30:56.213, 1, 233.53 W, 30, 2032 MHz, 3996 MHz, 8 %, 0 %
2026/03/23 13:30:56.213, 2, 234.10 W, 27, 2032 MHz, 3996 MHz, 8 %, 0 %
2026/03/23 13:30:56.213, 3, 235.23 W, 30, 2032 MHz, 3996 MHz, 8 %, 0 %
2026/03/23 13:30:56.213, 4, 178.90 W, 25, 120 MHz, 3996 MHz, 0 %, 0 %
2026/03/23 13:30:56.213, 5, 180.58 W, 28, 120 MHz, 3996 MHz, 0 %, 0 %
2026/03/23 13:30:56.213, 6, 178.25 W, 26, 120 MHz, 3996 MHz, 0 %, 0 %
2026/03/23 13:30:56.213, 7, 176.58 W, 27, 120 MHz, 3996 MHz, 0 %, 0 %
2026/03/23 13:30:57.213, 0, 229.23 W, 27, 2032 MHz, 3996 MHz, 7 %, 0 %
2026/03/23 13:30:57.213, 1, 233.66 W, 30, 2032 MHz, 3996 MHz, 7 %, 0 %
2026/03/23 13:30:57.213, 2, 234.02 W, 27, 2032 MHz, 3996 MHz, 7 %, 0 %
2026/03/23 13:30:57.213, 3, 235.17 W, 30, 2032 MHz, 3996 MHz, 7 %, 0 %
2026/03/23 13:30:57.213, 4, 178.82 W, 25, 120 MHz, 3996 MHz, 0 %, 0 %
2026/03/23 13:30:57.213, 5, 180.58 W, 28, 120 MHz, 3996 MHz, 0 %, 0 %
2026/03/23 13:30:57.213, 6, 178.03 W, 26, 120 MHz, 3996 MHz, 0 %, 0 %
2026/03/23 13:30:57.213, 7, 176.58 W, 27, 120 MHz, 3996 MHz, 0 %, 0 %
2026/03/23 13:30:58.213, 0, 229.50 W, 27, 2032 MHz, 3996 MHz, 7 %, 0 %
2026/03/23 13:30:58.213, 1, 233.65 W, 30, 2032 MHz, 3996 MHz, 8 %, 0 %
2026/03/23 13:30:58.213, 2, 234.02 W, 27, 2032 MHz, 3996 MHz, 8 %, 0 %
2026/03/23 13:30:58.213, 3, 235.21 W, 30, 2032 MHz, 3996 MHz, 8 %, 0 %
2026/03/23 13:30:58.213, 4, 178.94 W, 25, 120 MHz, 3996 MHz, 0 %, 0 %
2026/03/23 13:30:58.213, 5, 180.58 W, 28, 120 MHz, 3996 MHz, 0 %, 0 %
2026/03/23 13:30:58.213, 6, 178.18 W, 26, 120 MHz, 3996 MHz, 0 %, 0 %
2026/03/23 13:30:58.213, 7, 176.58 W, 27, 120 MHz, 3996 MHz, 0 %, 0 %
2026/03/23 13:30:59.213, 0, 229.36 W, 27, 2032 MHz, 3996 MHz, 7 %, 0 %
2026/03/23 13:30:59.213, 1, 233.86 W, 30, 2032 MHz, 3996 MHz, 7 %, 0 %
2026/03/23 13:30:59.213, 2, 234.02 W, 27, 2032 MHz, 3996 MHz, 7 %, 0 %
2026/03/23 13:30:59.213, 3, 235.25 W, 30, 2032 MHz, 3996 MHz, 7 %, 0 %
2026/03/23 13:30:59.213, 4, 178.81 W, 25, 120 MHz, 3996 MHz, 0 %, 0 %
2026/03/23 13:30:59.213, 5, 180.58 W, 28, 120 MHz, 3996 MHz, 0 %, 0 %
2026/03/23 13:30:59.214, 6, 178.30 W, 26, 120 MHz, 3996 MHz, 0 %, 0 %
2026/03/23 13:30:59.214, 7, 176.58 W, 27, 120 MHz, 3996 MHz, 0 %, 0 %
2026/03/23 13:31:00.214, 0, 229.23 W, 27, 2032 MHz, 3996 MHz, 6 %, 0 %
2026/03/23 13:31:00.214, 1, 233.54 W, 30, 2032 MHz, 3996 MHz, 8 %, 0 %
2026/03/23 13:31:00.214, 2, 234.06 W, 27, 2032 MHz, 3996 MHz, 8 %, 0 %
2026/03/23 13:31:00.214, 3, 235.19 W, 30, 2032 MHz, 3996 MHz, 8 %, 0 %
2026/03/23 13:31:00.214, 4, 178.94 W, 25, 120 MHz, 3996 MHz, 0 %, 0 %
2026/03/23 13:31:00.214, 5, 180.58 W, 28, 120 MHz, 3996 MHz, 0 %, 0 %
2026/03/23 13:31:00.214, 6, 178.21 W, 26, 120 MHz, 3996 MHz, 0 %, 0 %
2026/03/23 13:31:00.214, 7, 176.58 W, 27, 120 MHz, 3996 MHz, 0 %, 0 %
2026/03/23 13:31:01.214, 0, 229.15 W, 27, 2032 MHz, 3996 MHz, 7 %, 0 %
2026/03/23 13:31:01.214, 1, 233.56 W, 30, 2032 MHz, 3996 MHz, 7 %, 0 %
2026/03/23 13:31:01.214, 2, 234.02 W, 27, 2032 MHz, 3996 MHz, 7 %, 0 %
2026/03/23 13:31:01.214, 3, 235.20 W, 30, 2032 MHz, 3996 MHz, 7 %, 0 %
2026/03/23 13:31:01.214, 4, 178.89 W, 25, 120 MHz, 3996 MHz, 0 %, 0 %
2026/03/23 13:31:01.214, 5, 180.58 W, 28, 120 MHz, 3996 MHz, 0 %, 0 %
2026/03/23 13:31:01.214, 6, 178.11 W, 26, 120 MHz, 3996 MHz, 0 %, 0 %
2026/03/23 13:31:01.214, 7, 176.58 W, 27, 120 MHz, 3996 MHz, 0 %, 0 %
2026/03/23 13:31:02.214, 0, 229.46 W, 27, 2032 MHz, 3996 MHz, 8 %, 0 %
2026/03/23 13:31:02.214, 1, 233.58 W, 30, 2032 MHz, 3996 MHz, 8 %, 0 %
2026/03/23 13:31:02.214, 2, 234.06 W, 27, 2032 MHz, 3996 MHz, 8 %, 0 %
2026/03/23 13:31:02.214, 3, 235.16 W, 30, 2032 MHz, 3996 MHz, 8 %, 0 %
2026/03/23 13:31:02.214, 4, 178.92 W, 25, 120 MHz, 3996 MHz, 0 %, 0 %
2026/03/23 13:31:02.214, 5, 180.58 W, 28, 120 MHz, 3996 MHz, 0 %, 0 %
2026/03/23 13:31:02.214, 6, 178.30 W, 26, 120 MHz, 3996 MHz, 0 %, 0 %
2026/03/23 13:31:02.214, 7, 176.58 W, 27, 120 MHz, 3996 MHz, 0 %, 0 %
2026/03/23 13:31:03.214, 0, 229.32 W, 27, 2032 MHz, 3996 MHz, 7 %, 0 %
2026/03/23 13:31:03.214, 1, 233.37 W, 30, 2032 MHz, 3996 MHz, 7 %, 0 %
2026/03/23 13:31:03.214, 2, 234.02 W, 27, 2032 MHz, 3996 MHz, 7 %, 0 %
2026/03/23 13:31:03.214, 3, 235.12 W, 30, 2032 MHz, 3996 MHz, 7 %, 0 %
2026/03/23 13:31:03.214, 4, 179.13 W, 25, 120 MHz, 3996 MHz, 0 %, 0 %
2026/03/23 13:31:03.214, 5, 180.58 W, 28, 120 MHz, 3996 MHz, 0 %, 0 %
2026/03/23 13:31:03.214, 6, 178.21 W, 26, 120 MHz, 3996 MHz, 0 %, 0 %
2026/03/23 13:31:03.214, 7, 176.58 W, 27, 120 MHz, 3996 MHz, 0 %, 0 %
2026/03/23 13:31:04.214, 0, 229.66 W, 27, 2032 MHz, 3996 MHz, 7 %, 0 %
2026/03/23 13:31:04.214, 1, 233.62 W, 30, 2032 MHz, 3996 MHz, 8 %, 0 %
2026/03/23 13:31:04.214, 2, 234.06 W, 27, 2032 MHz, 3996 MHz, 8 %, 0 %
2026/03/23 13:31:04.214, 3, 235.21 W, 30, 2032 MHz, 3996 MHz, 7 %, 0 %
2026/03/23 13:31:04.214, 4, 178.99 W, 25, 120 MHz, 3996 MHz, 0 %, 0 %
2026/03/23 13:31:04.214, 5, 180.58 W, 28, 120 MHz, 3996 MHz, 0 %, 0 %
2026/03/23 13:31:04.214, 6, 178.14 W, 26, 120 MHz, 3996 MHz, 0 %, 0 %
2026/03/23 13:31:04.214, 7, 176.58 W, 27, 120 MHz, 3996 MHz, 0 %, 0 %
2026/03/23 13:31:05.214, 0, 229.35 W, 27, 2032 MHz, 3996 MHz, 6 %, 0 %
2026/03/23 13:31:05.214, 1, 233.47 W, 30, 2032 MHz, 3996 MHz, 8 %, 0 %
2026/03/23 13:31:05.214, 2, 234.02 W, 27, 2032 MHz, 3996 MHz, 8 %, 0 %
2026/03/23 13:31:05.214, 3, 235.19 W, 30, 2032 MHz, 3996 MHz, 7 %, 0 %
2026/03/23 13:31:05.214, 4, 179.02 W, 25, 120 MHz, 3996 MHz, 0 %, 0 %
2026/03/23 13:31:05.214, 5, 180.58 W, 28, 120 MHz, 3996 MHz, 0 %, 0 %
2026/03/23 13:31:05.214, 6, 178.15 W, 26, 120 MHz, 3996 MHz, 0 %, 0 %
2026/03/23 13:31:05.214, 7, 176.58 W, 27, 120 MHz, 3996 MHz, 0 %, 0 %
2026/03/23 13:31:06.214, 0, 229.43 W, 27, 2032 MHz, 3996 MHz, 7 %, 0 %
2026/03/23 13:31:06.214, 1, 233.43 W, 30, 2032 MHz, 3996 MHz, 7 %, 0 %
2026/03/23 13:31:06.214, 2, 234.02 W, 27, 2032 MHz, 3996 MHz, 7 %, 0 %
2026/03/23 13:31:06.214, 3, 235.15 W, 30, 2032 MHz, 3996 MHz, 7 %, 0 %
2026/03/23 13:31:06.214, 4, 178.99 W, 25, 120 MHz, 3996 MHz, 0 %, 0 %
2026/03/23 13:31:06.215, 5, 180.58 W, 28, 120 MHz, 3996 MHz, 0 %, 0 %
2026/03/23 13:31:06.215, 6, 178.10 W, 26, 120 MHz, 3996 MHz, 0 %, 0 %
2026/03/23 13:31:06.215, 7, 176.58 W, 27, 120 MHz, 3996 MHz, 0 %, 0 %
2026/03/23 13:31:07.215, 0, 229.13 W, 27, 2032 MHz, 3996 MHz, 7 %, 0 %
2026/03/23 13:31:07.215, 1, 233.51 W, 30, 2032 MHz, 3996 MHz, 7 %, 0 %
2026/03/23 13:31:07.215, 2, 234.14 W, 27, 2032 MHz, 3996 MHz, 7 %, 0 %
2026/03/23 13:31:07.215, 3, 235.19 W, 30, 2032 MHz, 3996 MHz, 7 %, 0 %
2026/03/23 13:31:07.215, 4, 178.83 W, 25, 120 MHz, 3996 MHz, 0 %, 0 %
2026/03/23 13:31:07.215, 5, 180.58 W, 28, 120 MHz, 3996 MHz, 0 %, 0 %
2026/03/23 13:31:07.215, 6, 178.15 W, 26, 120 MHz, 3996 MHz, 0 %, 0 %
2026/03/23 13:31:07.215, 7, 176.58 W, 27, 120 MHz, 3996 MHz, 0 %, 0 %
2026/03/23 13:31:08.215, 0, 229.54 W, 27, 2032 MHz, 3996 MHz, 7 %, 0 %
2026/03/23 13:31:08.215, 1, 233.65 W, 30, 2032 MHz, 3996 MHz, 7 %, 0 %
2026/03/23 13:31:08.215, 2, 234.10 W, 27, 2032 MHz, 3996 MHz, 6 %, 0 %
2026/03/23 13:31:08.215, 3, 235.17 W, 30, 2032 MHz, 3996 MHz, 7 %, 0 %
2026/03/23 13:31:08.215, 4, 178.88 W, 25, 120 MHz, 3996 MHz, 0 %, 0 %
2026/03/23 13:31:08.215, 5, 180.58 W, 28, 120 MHz, 3996 MHz, 0 %, 0 %
2026/03/23 13:31:08.215, 6, 178.02 W, 26, 120 MHz, 3996 MHz, 0 %, 0 %
2026/03/23 13:31:08.215, 7, 176.58 W, 27, 120 MHz, 3996 MHz, 0 %, 0 %
2026/03/23 13:31:09.215, 0, 229.32 W, 27, 2032 MHz, 3996 MHz, 7 %, 0 %
2026/03/23 13:31:09.215, 1, 233.87 W, 30, 2032 MHz, 3996 MHz, 7 %, 0 %
2026/03/23 13:31:09.215, 2, 234.02 W, 27, 2032 MHz, 3996 MHz, 7 %, 0 %
2026/03/23 13:31:09.215, 3, 235.15 W, 30, 2032 MHz, 3996 MHz, 7 %, 0 %
2026/03/23 13:31:09.215, 4, 178.76 W, 25, 120 MHz, 3996 MHz, 0 %, 0 %
2026/03/23 13:31:09.215, 5, 180.58 W, 28, 120 MHz, 3996 MHz, 0 %, 0 %
2026/03/23 13:31:09.215, 6, 178.15 W, 26, 120 MHz, 3996 MHz, 0 %, 0 %
2026/03/23 13:31:09.215, 7, 176.58 W, 27, 120 MHz, 3996 MHz, 0 %, 0 %
2026/03/23 13:31:10.215, 0, 229.31 W, 27, 2032 MHz, 3996 MHz, 7 %, 0 %
2026/03/23 13:31:10.215, 1, 233.48 W, 30, 2032 MHz, 3996 MHz, 7 %, 0 %
2026/03/23 13:31:10.215, 2, 234.06 W, 27, 2032 MHz, 3996 MHz, 6 %, 0 %
2026/03/23 13:31:10.215, 3, 235.19 W, 30, 2032 MHz, 3996 MHz, 7 %, 0 %
2026/03/23 13:31:10.215, 4, 178.84 W, 25, 120 MHz, 3996 MHz, 0 %, 0 %
2026/03/23 13:31:10.215, 5, 180.58 W, 28, 120 MHz, 3996 MHz, 0 %, 0 %
2026/03/23 13:31:10.215, 6, 178.30 W, 26, 120 MHz, 3996 MHz, 0 %, 0 %
2026/03/23 13:31:10.215, 7, 176.58 W, 27, 120 MHz, 3996 MHz, 0 %, 0 %
2026/03/23 13:31:11.215, 0, 229.40 W, 27, 2032 MHz, 3996 MHz, 7 %, 0 %
2026/03/23 13:31:11.215, 1, 233.27 W, 30, 2032 MHz, 3996 MHz, 7 %, 0 %
2026/03/23 13:31:11.215, 2, 234.06 W, 27, 2032 MHz, 3996 MHz, 7 %, 0 %
2026/03/23 13:31:11.215, 3, 235.19 W, 30, 2032 MHz, 3996 MHz, 7 %, 0 %
2026/03/23 13:31:11.215, 4, 178.76 W, 25, 120 MHz, 3996 MHz, 0 %, 0 %
2026/03/23 13:31:11.215, 5, 180.58 W, 28, 120 MHz, 3996 MHz, 0 %, 0 %
2026/03/23 13:31:11.215, 6, 178.29 W, 26, 120 MHz, 3996 MHz, 0 %, 0 %
2026/03/23 13:31:11.215, 7, 176.58 W, 27, 120 MHz, 3996 MHz, 0 %, 0 %
2026/03/23 13:31:12.215, 0, 229.27 W, 27, 2032 MHz, 3996 MHz, 7 %, 0 %
2026/03/23 13:31:12.215, 1, 233.54 W, 30, 2032 MHz, 3996 MHz, 7 %, 0 %
2026/03/23 13:31:12.215, 2, 234.02 W, 27, 2032 MHz, 3996 MHz, 7 %, 0 %
2026/03/23 13:31:12.215, 3, 235.16 W, 30, 2032 MHz, 3996 MHz, 7 %, 0 %
2026/03/23 13:31:12.215, 4, 178.83 W, 25, 120 MHz, 3996 MHz, 0 %, 0 %
2026/03/23 13:31:12.215, 5, 180.58 W, 28, 120 MHz, 3996 MHz, 0 %, 0 %
2026/03/23 13:31:12.215, 6, 177.71 W, 26, 120 MHz, 3996 MHz, 0 %, 0 %
2026/03/23 13:31:12.215, 7, 176.58 W, 27, 120 MHz, 3996 MHz, 0 %, 0 %
2026/03/23 13:31:13.216, 0, 229.42 W, 27, 2032 MHz, 3996 MHz, 7 %, 0 %
2026/03/23 13:31:13.216, 1, 233.38 W, 30, 2032 MHz, 3996 MHz, 7 %, 0 %
2026/03/23 13:31:13.216, 2, 234.06 W, 27, 2032 MHz, 3996 MHz, 7 %, 0 %
2026/03/23 13:31:13.216, 3, 235.18 W, 30, 2032 MHz, 3996 MHz, 7 %, 0 %
2026/03/23 13:31:13.216, 4, 178.80 W, 25, 120 MHz, 3996 MHz, 0 %, 0 %
2026/03/23 13:31:13.216, 5, 180.58 W, 28, 120 MHz, 3996 MHz, 0 %, 0 %
2026/03/23 13:31:13.216, 6, 178.03 W, 26, 120 MHz, 3996 MHz, 0 %, 0 %
2026/03/23 13:31:13.216, 7, 176.58 W, 27, 120 MHz, 3996 MHz, 0 %, 0 %
2026/03/23 13:31:14.216, 0, 229.17 W, 27, 2032 MHz, 3996 MHz, 7 %, 0 %
2026/03/23 13:31:14.216, 1, 233.52 W, 30, 2032 MHz, 3996 MHz, 7 %, 0 %
2026/03/23 13:31:14.216, 2, 234.06 W, 27, 2032 MHz, 3996 MHz, 7 %, 0 %
2026/03/23 13:31:14.216, 3, 235.13 W, 30, 2032 MHz, 3996 MHz, 7 %, 0 %
2026/03/23 13:31:14.216, 4, 178.95 W, 25, 120 MHz, 3996 MHz, 0 %, 0 %
2026/03/23 13:31:14.216, 5, 180.58 W, 28, 120 MHz, 3996 MHz, 0 %, 0 %
2026/03/23 13:31:14.216, 6, 178.22 W, 26, 120 MHz, 3996 MHz, 0 %, 0 %
2026/03/23 13:31:14.216, 7, 176.58 W, 27, 120 MHz, 3996 MHz, 0 %, 0 %
2026/03/23 13:31:15.216, 0, 229.21 W, 27, 2032 MHz, 3996 MHz, 7 %, 0 %
2026/03/23 13:31:15.216, 1, 233.28 W, 30, 2032 MHz, 3996 MHz, 7 %, 0 %
2026/03/23 13:31:15.216, 2, 234.10 W, 27, 2032 MHz, 3996 MHz, 6 %, 0 %
2026/03/23 13:31:15.216, 3, 235.18 W, 30, 2032 MHz, 3996 MHz, 8 %, 0 %
2026/03/23 13:31:15.216, 4, 178.88 W, 25, 120 MHz, 3996 MHz, 0 %, 0 %
2026/03/23 13:31:15.216, 5, 180.58 W, 28, 120 MHz, 3996 MHz, 0 %, 0 %
2026/03/23 13:31:15.216, 6, 177.87 W, 26, 120 MHz, 3996 MHz, 0 %, 0 %
2026/03/23 13:31:15.216, 7, 176.58 W, 27, 120 MHz, 3996 MHz, 0 %, 0 %
2026/03/23 13:31:16.216, 0, 229.15 W, 27, 2032 MHz, 3996 MHz, 6 %, 0 %
2026/03/23 13:31:16.216, 1, 233.61 W, 30, 2032 MHz, 3996 MHz, 7 %, 0 %
2026/03/23 13:31:16.216, 2, 234.02 W, 27, 2032 MHz, 3996 MHz, 7 %, 0 %
2026/03/23 13:31:16.216, 3, 235.21 W, 30, 2032 MHz, 3996 MHz, 7 %, 0 %
2026/03/23 13:31:16.216, 4, 178.88 W, 25, 120 MHz, 3996 MHz, 0 %, 0 %
2026/03/23 13:31:16.216, 5, 180.58 W, 28, 120 MHz, 3996 MHz, 0 %, 0 %
2026/03/23 13:31:16.216, 6, 178.26 W, 26, 120 MHz, 3996 MHz, 0 %, 0 %
2026/03/23 13:31:16.216, 7, 176.58 W, 27, 120 MHz, 3996 MHz, 0 %, 0 %
2026/03/23 13:31:17.216, 0, 228.94 W, 27, 2032 MHz, 3996 MHz, 6 %, 0 %
2026/03/23 13:31:17.216, 1, 233.76 W, 30, 2032 MHz, 3996 MHz, 7 %, 0 %
2026/03/23 13:31:17.216, 2, 234.06 W, 27, 2032 MHz, 3996 MHz, 7 %, 0 %
2026/03/23 13:31:17.216, 3, 235.19 W, 30, 2032 MHz, 3996 MHz, 7 %, 0 %
2026/03/23 13:31:17.216, 4, 179.15 W, 25, 120 MHz, 3996 MHz, 0 %, 0 %
2026/03/23 13:31:17.216, 5, 180.58 W, 28, 120 MHz, 3996 MHz, 0 %, 0 %
2026/03/23 13:31:17.216, 6, 177.86 W, 26, 120 MHz, 3996 MHz, 0 %, 0 %
2026/03/23 13:31:17.216, 7, 176.58 W, 27, 120 MHz, 3996 MHz, 0 %, 0 %
2026/03/23 13:31:18.216, 0, 229.04 W, 27, 2032 MHz, 3996 MHz, 6 %, 0 %
2026/03/23 13:31:18.216, 1, 233.55 W, 29, 2032 MHz, 3996 MHz, 8 %, 0 %
2026/03/23 13:31:18.216, 2, 234.02 W, 27, 2032 MHz, 3996 MHz, 8 %, 0 %
2026/03/23 13:31:18.216, 3, 235.23 W, 30, 2032 MHz, 3996 MHz, 8 %, 0 %
2026/03/23 13:31:18.217, 4, 178.86 W, 25, 120 MHz, 3996 MHz, 0 %, 0 %
2026/03/23 13:31:18.217, 5, 180.58 W, 28, 120 MHz, 3996 MHz, 0 %, 0 %
2026/03/23 13:31:18.217, 6, 178.33 W, 26, 120 MHz, 3996 MHz, 0 %, 0 %
2026/03/23 13:31:18.217, 7, 176.58 W, 27, 120 MHz, 3996 MHz, 0 %, 0 %
2026/03/23 13:31:19.217, 0, 229.47 W, 27, 2032 MHz, 3996 MHz, 6 %, 0 %
2026/03/23 13:31:19.217, 1, 233.91 W, 30, 2032 MHz, 3996 MHz, 8 %, 0 %
2026/03/23 13:31:19.217, 2, 234.14 W, 27, 2032 MHz, 3996 MHz, 7 %, 0 %
2026/03/23 13:31:19.217, 3, 235.16 W, 30, 2032 MHz, 3996 MHz, 8 %, 0 %
2026/03/23 13:31:19.217, 4, 178.82 W, 25, 120 MHz, 3996 MHz, 0 %, 0 %
2026/03/23 13:31:19.217, 5, 180.58 W, 28, 120 MHz, 3996 MHz, 0 %, 0 %
2026/03/23 13:31:19.217, 6, 178.10 W, 26, 120 MHz, 3996 MHz, 0 %, 0 %
2026/03/23 13:31:19.217, 7, 176.58 W, 27, 120 MHz, 3996 MHz, 0 %, 0 %
2026/03/23 13:31:20.217, 0, 229.27 W, 27, 2032 MHz, 3996 MHz, 5 %, 0 %
2026/03/23 13:31:20.217, 1, 233.60 W, 29, 2032 MHz, 3996 MHz, 7 %, 0 %
2026/03/23 13:31:20.217, 2, 234.06 W, 27, 2032 MHz, 3996 MHz, 7 %, 0 %
2026/03/23 13:31:20.217, 3, 235.05 W, 30, 2032 MHz, 3996 MHz, 7 %, 0 %
2026/03/23 13:31:20.217, 4, 178.96 W, 25, 120 MHz, 3996 MHz, 0 %, 0 %
2026/03/23 13:31:20.217, 5, 180.58 W, 28, 120 MHz, 3996 MHz, 0 %, 0 %
2026/03/23 13:31:20.217, 6, 178.37 W, 26, 120 MHz, 3996 MHz, 0 %, 0 %
2026/03/23 13:31:20.217, 7, 176.58 W, 27, 120 MHz, 3996 MHz, 0 %, 0 %
2026/03/23 13:31:21.217, 0, 229.36 W, 27, 2032 MHz, 3996 MHz, 6 %, 0 %
2026/03/23 13:31:21.217, 1, 233.56 W, 29, 2032 MHz, 3996 MHz, 7 %, 0 %
2026/03/23 13:31:21.217, 2, 234.02 W, 27, 2032 MHz, 3996 MHz, 7 %, 0 %
2026/03/23 13:31:21.217, 3, 235.21 W, 30, 2032 MHz, 3996 MHz, 7 %, 0 %
2026/03/23 13:31:21.217, 4, 178.77 W, 25, 120 MHz, 3996 MHz, 0 %, 0 %
2026/03/23 13:31:21.217, 5, 180.58 W, 28, 120 MHz, 3996 MHz, 0 %, 0 %
2026/03/23 13:31:21.217, 6, 178.29 W, 26, 120 MHz, 3996 MHz, 0 %, 0 %
2026/03/23 13:31:21.217, 7, 176.58 W, 27, 120 MHz, 3996 MHz, 0 %, 0 %
2026/03/23 13:31:22.217, 0, 229.04 W, 27, 2032 MHz, 3996 MHz, 5 %, 0 %
2026/03/23 13:31:22.217, 1, 233.21 W, 29, 2032 MHz, 3996 MHz, 7 %, 0 %
2026/03/23 13:31:22.217, 2, 234.02 W, 27, 2032 MHz, 3996 MHz, 7 %, 0 %
2026/03/23 13:31:22.217, 3, 235.15 W, 30, 2032 MHz, 3996 MHz, 7 %, 0 %
2026/03/23 13:31:22.217, 4, 179.05 W, 25, 120 MHz, 3996 MHz, 0 %, 0 %
2026/03/23 13:31:22.217, 5, 180.58 W, 28, 120 MHz, 3996 MHz, 0 %, 0 %
2026/03/23 13:31:22.217, 6, 178.38 W, 26, 120 MHz, 3996 MHz, 0 %, 0 %
2026/03/23 13:31:22.217, 7, 176.58 W, 27, 120 MHz, 3996 MHz, 0 %, 0 %
2026/03/23 13:31:23.217, 0, 229.04 W, 27, 2032 MHz, 3996 MHz, 6 %, 0 %
2026/03/23 13:31:23.217, 1, 233.33 W, 29, 2032 MHz, 3996 MHz, 7 %, 0 %
2026/03/23 13:31:23.217, 2, 234.02 W, 27, 2032 MHz, 3996 MHz, 7 %, 0 %
2026/03/23 13:31:23.217, 3, 235.19 W, 30, 2032 MHz, 3996 MHz, 8 %, 0 %
2026/03/23 13:31:23.217, 4, 178.80 W, 25, 120 MHz, 3996 MHz, 0 %, 0 %
2026/03/23 13:31:23.217, 5, 180.58 W, 28, 120 MHz, 3996 MHz, 0 %, 0 %
2026/03/23 13:31:23.218, 6, 178.33 W, 26, 120 MHz, 3996 MHz, 0 %, 0 %
2026/03/23 13:31:23.218, 7, 176.58 W, 27, 120 MHz, 3996 MHz, 0 %, 0 %
2026/03/23 13:31:24.218, 0, 229.19 W, 27, 2032 MHz, 3996 MHz, 6 %, 0 %
2026/03/23 13:31:24.218, 1, 233.37 W, 29, 2032 MHz, 3996 MHz, 7 %, 0 %
2026/03/23 13:31:24.218, 2, 234.02 W, 27, 2032 MHz, 3996 MHz, 7 %, 0 %
2026/03/23 13:31:24.218, 3, 235.15 W, 30, 2032 MHz, 3996 MHz, 7 %, 0 %
2026/03/23 13:31:24.218, 4, 178.94 W, 25, 120 MHz, 3996 MHz, 0 %, 0 %
2026/03/23 13:31:24.218, 5, 180.58 W, 28, 120 MHz, 3996 MHz, 0 %, 0 %
2026/03/23 13:31:24.218, 6, 178.37 W, 26, 120 MHz, 3996 MHz, 0 %, 0 %
2026/03/23 13:31:24.218, 7, 176.58 W, 27, 120 MHz, 3996 MHz, 0 %, 0 %
2026/03/23 13:31:25.218, 0, 229.28 W, 27, 2032 MHz, 3996 MHz, 7 %, 0 %
2026/03/23 13:31:25.218, 1, 233.44 W, 29, 2032 MHz, 3996 MHz, 7 %, 0 %
2026/03/23 13:31:25.218, 2, 234.10 W, 27, 2032 MHz, 3996 MHz, 8 %, 0 %
2026/03/23 13:31:25.218, 3, 235.18 W, 30, 2032 MHz, 3996 MHz, 8 %, 0 %
2026/03/23 13:31:25.218, 4, 178.88 W, 25, 120 MHz, 3996 MHz, 0 %, 0 %
2026/03/23 13:31:25.218, 5, 180.58 W, 28, 120 MHz, 3996 MHz, 0 %, 0 %
2026/03/23 13:31:25.218, 6, 178.02 W, 26, 120 MHz, 3996 MHz, 0 %, 0 %
2026/03/23 13:31:25.218, 7, 176.58 W, 27, 120 MHz, 3996 MHz, 0 %, 0 %
2026/03/23 13:31:26.218, 0, 229.28 W, 27, 2032 MHz, 3996 MHz, 7 %, 0 %
2026/03/23 13:31:26.218, 1, 233.52 W, 29, 2032 MHz, 3996 MHz, 7 %, 0 %
2026/03/23 13:31:26.218, 2, 234.02 W, 27, 2032 MHz, 3996 MHz, 7 %, 0 %
2026/03/23 13:31:26.218, 3, 235.13 W, 30, 2032 MHz, 3996 MHz, 8 %, 0 %
2026/03/23 13:31:26.218, 4, 178.99 W, 25, 120 MHz, 3996 MHz, 0 %, 0 %
2026/03/23 13:31:26.218, 5, 180.58 W, 28, 120 MHz, 3996 MHz, 0 %, 0 %
2026/03/23 13:31:26.218, 6, 178.29 W, 26, 120 MHz, 3996 MHz, 0 %, 0 %
2026/03/23 13:31:26.218, 7, 176.58 W, 27, 120 MHz, 3996 MHz, 0 %, 0 %
2026/03/23 13:31:27.218, 0, 229.09 W, 27, 2032 MHz, 3996 MHz, 6 %, 0 %
2026/03/23 13:31:27.218, 1, 233.55 W, 29, 2032 MHz, 3996 MHz, 6 %, 0 %
2026/03/23 13:31:27.218, 2, 234.02 W, 27, 2032 MHz, 3996 MHz, 6 %, 0 %
2026/03/23 13:31:27.218, 3, 235.16 W, 30, 2032 MHz, 3996 MHz, 7 %, 0 %
2026/03/23 13:31:27.218, 4, 179.04 W, 25, 120 MHz, 3996 MHz, 0 %, 0 %
2026/03/23 13:31:27.218, 5, 180.58 W, 28, 120 MHz, 3996 MHz, 0 %, 0 %
2026/03/23 13:31:27.218, 6, 178.03 W, 26, 120 MHz, 3996 MHz, 0 %, 0 %
2026/03/23 13:31:27.218, 7, 176.58 W, 27, 120 MHz, 3996 MHz, 0 %, 0 %
2026/03/23 13:31:28.218, 0, 229.31 W, 27, 2032 MHz, 3996 MHz, 7 %, 0 %
2026/03/23 13:31:28.218, 1, 233.44 W, 29, 2032 MHz, 3996 MHz, 7 %, 0 %
2026/03/23 13:31:28.218, 2, 234.06 W, 27, 2032 MHz, 3996 MHz, 8 %, 0 %
2026/03/23 13:31:28.218, 3, 235.04 W, 30, 2032 MHz, 3996 MHz, 8 %, 0 %
2026/03/23 13:31:28.218, 4, 178.76 W, 25, 120 MHz, 3996 MHz, 0 %, 0 %
2026/03/23 13:31:28.218, 5, 180.58 W, 28, 120 MHz, 3996 MHz, 0 %, 0 %
2026/03/23 13:31:28.218, 6, 178.18 W, 26, 120 MHz, 3996 MHz, 0 %, 0 %
2026/03/23 13:31:28.218, 7, 176.58 W, 27, 120 MHz, 3996 MHz, 0 %, 0 %
2026/03/23 13:31:29.218, 0, 229.36 W, 27, 2032 MHz, 3996 MHz, 6 %, 0 %
2026/03/23 13:31:29.218, 1, 233.48 W, 29, 2032 MHz, 3996 MHz, 7 %, 0 %
2026/03/23 13:31:29.218, 2, 234.06 W, 27, 2032 MHz, 3996 MHz, 7 %, 0 %
2026/03/23 13:31:29.218, 3, 235.15 W, 30, 2032 MHz, 3996 MHz, 8 %, 0 %
2026/03/23 13:31:29.218, 4, 179.10 W, 25, 120 MHz, 3996 MHz, 0 %, 0 %
2026/03/23 13:31:29.218, 5, 180.58 W, 28, 120 MHz, 3996 MHz, 0 %, 0 %
2026/03/23 13:31:29.218, 6, 178.33 W, 26, 120 MHz, 3996 MHz, 0 %, 0 %
2026/03/23 13:31:29.218, 7, 176.58 W, 27, 120 MHz, 3996 MHz, 0 %, 0 %
2026/03/23 13:31:30.219, 0, 229.23 W, 27, 2032 MHz, 3996 MHz, 6 %, 0 %
2026/03/23 13:31:30.219, 1, 233.28 W, 29, 2032 MHz, 3996 MHz, 6 %, 0 %
2026/03/23 13:31:30.219, 2, 234.02 W, 27, 2032 MHz, 3996 MHz, 6 %, 0 %
2026/03/23 13:31:30.219, 3, 235.12 W, 30, 2032 MHz, 3996 MHz, 6 %, 0 %
2026/03/23 13:31:30.219, 4, 178.76 W, 25, 120 MHz, 3996 MHz, 0 %, 0 %
2026/03/23 13:31:30.219, 5, 180.58 W, 28, 120 MHz, 3996 MHz, 0 %, 0 %
2026/03/23 13:31:30.219, 6, 178.34 W, 26, 120 MHz, 3996 MHz, 0 %, 0 %
2026/03/23 13:31:30.219, 7, 176.58 W, 27, 120 MHz, 3996 MHz, 0 %, 0 %
2026/03/23 13:31:31.219, 0, 229.09 W, 27, 2032 MHz, 3996 MHz, 7 %, 0 %
2026/03/23 13:31:31.219, 1, 233.38 W, 29, 2032 MHz, 3996 MHz, 6 %, 0 %
2026/03/23 13:31:31.219, 2, 234.06 W, 27, 2032 MHz, 3996 MHz, 6 %, 0 %
2026/03/23 13:31:31.219, 3, 235.05 W, 30, 2032 MHz, 3996 MHz, 6 %, 0 %
2026/03/23 13:31:31.219, 4, 178.96 W, 25, 120 MHz, 3996 MHz, 0 %, 0 %
2026/03/23 13:31:31.219, 5, 180.58 W, 28, 120 MHz, 3996 MHz, 0 %, 0 %
2026/03/23 13:31:31.219, 6, 178.29 W, 26, 120 MHz, 3996 MHz, 0 %, 0 %
2026/03/23 13:31:31.219, 7, 176.58 W, 27, 120 MHz, 3996 MHz, 0 %, 0 %
2026/03/23 13:31:32.219, 0, 229.11 W, 27, 2032 MHz, 3996 MHz, 7 %, 0 %
2026/03/23 13:31:32.219, 1, 233.40 W, 29, 2032 MHz, 3996 MHz, 7 %, 0 %
2026/03/23 13:31:32.219, 2, 234.02 W, 27, 2032 MHz, 3996 MHz, 6 %, 0 %
2026/03/23 13:31:32.219, 3, 235.19 W, 30, 2032 MHz, 3996 MHz, 7 %, 0 %
2026/03/23 13:31:32.219, 4, 179.02 W, 25, 120 MHz, 3996 MHz, 0 %, 0 %
2026/03/23 13:31:32.219, 5, 180.58 W, 28, 120 MHz, 3996 MHz, 0 %, 0 %
2026/03/23 13:31:32.219, 6, 178.45 W, 26, 120 MHz, 3996 MHz, 0 %, 0 %
2026/03/23 13:31:32.219, 7, 176.58 W, 27, 120 MHz, 3996 MHz, 0 %, 0 %
2026/03/23 13:31:33.219, 0, 228.65 W, 27, 2032 MHz, 3996 MHz, 0 %, 0 %
2026/03/23 13:31:33.219, 1, 233.33 W, 29, 2032 MHz, 3996 MHz, 0 %, 0 %
2026/03/23 13:31:33.219, 2, 234.18 W, 27, 2032 MHz, 3996 MHz, 0 %, 0 %
2026/03/23 13:31:33.219, 3, 234.01 W, 30, 2032 MHz, 3996 MHz, 0 %, 0 %
2026/03/23 13:31:33.219, 4, 178.98 W, 25, 120 MHz, 3996 MHz, 0 %, 0 %
2026/03/23 13:31:33.219, 5, 180.58 W, 28, 120 MHz, 3996 MHz, 0 %, 0 %
2026/03/23 13:31:33.219, 6, 178.11 W, 26, 120 MHz, 3996 MHz, 0 %, 0 %
2026/03/23 13:31:33.219, 7, 176.58 W, 27, 120 MHz, 3996 MHz, 0 %, 0 %
2026/03/23 13:31:34.219, 0, 228.07 W, 27, 2032 MHz, 3996 MHz, 0 %, 0 %
2026/03/23 13:31:34.219, 1, 233.17 W, 29, 2032 MHz, 3996 MHz, 0 %, 0 %
2026/03/23 13:31:34.219, 2, 233.95 W, 27, 2032 MHz, 3996 MHz, 0 %, 0 %
2026/03/23 13:31:34.219, 3, 233.46 W, 30, 2032 MHz, 3996 MHz, 0 %, 0 %
2026/03/23 13:31:34.219, 4, 178.90 W, 25, 120 MHz, 3996 MHz, 0 %, 0 %
2026/03/23 13:31:34.219, 5, 180.58 W, 28, 120 MHz, 3996 MHz, 0 %, 0 %
2026/03/23 13:31:34.219, 6, 178.17 W, 26, 120 MHz, 3996 MHz, 0 %, 0 %
2026/03/23 13:31:34.219, 7, 176.58 W, 27, 120 MHz, 3996 MHz, 0 %, 0 %
2026/03/23 13:31:35.219, 0, 228.11 W, 27, 2032 MHz, 3996 MHz, 0 %, 0 %
2026/03/23 13:31:35.219, 1, 233.17 W, 29, 2032 MHz, 3996 MHz, 0 %, 0 %
2026/03/23 13:31:35.219, 2, 234.02 W, 27, 2032 MHz, 3996 MHz, 0 %, 0 %
2026/03/23 13:31:35.219, 3, 233.47 W, 30, 2032 MHz, 3996 MHz, 0 %, 0 %
2026/03/23 13:31:35.219, 4, 179.25 W, 25, 120 MHz, 3996 MHz, 0 %, 0 %
2026/03/23 13:31:35.219, 5, 180.58 W, 28, 120 MHz, 3996 MHz, 0 %, 0 %
2026/03/23 13:31:35.219, 6, 178.06 W, 26, 120 MHz, 3996 MHz, 0 %, 0 %
2026/03/23 13:31:35.219, 7, 176.58 W, 27, 120 MHz, 3996 MHz, 0 %, 0 %
2026/03/23 13:31:36.219, 0, 228.07 W, 27, 2032 MHz, 3996 MHz, 0 %, 0 %
2026/03/23 13:31:36.219, 1, 233.19 W, 29, 2032 MHz, 3996 MHz, 0 %, 0 %
2026/03/23 13:31:36.219, 2, 234.02 W, 27, 2032 MHz, 3996 MHz, 0 %, 0 %
2026/03/23 13:31:36.220, 3, 233.32 W, 30, 2032 MHz, 3996 MHz, 0 %, 0 %
2026/03/23 13:31:36.220, 4, 178.96 W, 25, 120 MHz, 3996 MHz, 0 %, 0 %
2026/03/23 13:31:36.220, 5, 180.58 W, 28, 120 MHz, 3996 MHz, 0 %, 0 %
2026/03/23 13:31:36.220, 6, 178.22 W, 26, 120 MHz, 3996 MHz, 0 %, 0 %
2026/03/23 13:31:36.220, 7, 176.58 W, 27, 120 MHz, 3996 MHz, 0 %, 0 %
2026/03/23 13:31:37.220, 0, 228.11 W, 27, 2032 MHz, 3996 MHz, 0 %, 0 %
2026/03/23 13:31:37.220, 1, 233.17 W, 29, 2032 MHz, 3996 MHz, 0 %, 0 %
2026/03/23 13:31:37.220, 2, 234.02 W, 27, 2032 MHz, 3996 MHz, 0 %, 0 %
2026/03/23 13:31:37.220, 3, 233.54 W, 30, 2032 MHz, 3996 MHz, 0 %, 0 %
2026/03/23 13:31:37.220, 4, 179.03 W, 25, 120 MHz, 3996 MHz, 0 %, 0 %
2026/03/23 13:31:37.220, 5, 180.58 W, 28, 120 MHz, 3996 MHz, 0 %, 0 %
2026/03/23 13:31:37.220, 6, 178.29 W, 26, 120 MHz, 3996 MHz, 0 %, 0 %
2026/03/23 13:31:37.220, 7, 176.58 W, 27, 120 MHz, 3996 MHz, 0 %, 0 %
2026/03/23 13:31:38.220, 0, 228.06 W, 27, 2032 MHz, 3996 MHz, 0 %, 0 %
2026/03/23 13:31:38.220, 1, 233.17 W, 29, 2032 MHz, 3996 MHz, 0 %, 0 %
2026/03/23 13:31:38.220, 2, 233.99 W, 27, 2032 MHz, 3996 MHz, 0 %, 0 %
2026/03/23 13:31:38.220, 3, 233.46 W, 30, 2032 MHz, 3996 MHz, 0 %, 0 %
2026/03/23 13:31:38.220, 4, 178.89 W, 25, 120 MHz, 3996 MHz, 0 %, 0 %
2026/03/23 13:31:38.220, 5, 180.58 W, 28, 120 MHz, 3996 MHz, 0 %, 0 %
2026/03/23 13:31:38.220, 6, 178.18 W, 26, 120 MHz, 3996 MHz, 0 %, 0 %
2026/03/23 13:31:38.220, 7, 176.58 W, 27, 120 MHz, 3996 MHz, 0 %, 0 %
2026/03/23 13:31:39.220, 0, 269.52 W, 28, 2032 MHz, 3996 MHz, 30 %, 3 %
2026/03/23 13:31:39.220, 1, 270.95 W, 30, 2032 MHz, 3996 MHz, 31 %, 3 %
2026/03/23 13:31:39.220, 2, 275.95 W, 28, 2032 MHz, 3996 MHz, 26 %, 2 %
2026/03/23 13:31:39.220, 3, 272.14 W, 30, 2032 MHz, 3996 MHz, 31 %, 4 %
2026/03/23 13:31:39.220, 4, 178.91 W, 25, 120 MHz, 3996 MHz, 0 %, 0 %
2026/03/23 13:31:39.220, 5, 180.58 W, 28, 120 MHz, 3996 MHz, 0 %, 0 %
2026/03/23 13:31:39.220, 6, 177.94 W, 26, 120 MHz, 3996 MHz, 0 %, 0 %
2026/03/23 13:31:39.220, 7, 176.58 W, 27, 120 MHz, 3996 MHz, 0 %, 0 %
2026/03/23 13:31:40.220, 0, 275.54 W, 28, 2032 MHz, 3996 MHz, 28 %, 2 %
2026/03/23 13:31:40.220, 1, 281.26 W, 31, 2032 MHz, 3996 MHz, 33 %, 4 %
2026/03/23 13:31:40.220, 2, 281.47 W, 28, 2032 MHz, 3996 MHz, 29 %, 2 %
2026/03/23 13:31:40.220, 3, 280.50 W, 30, 2032 MHz, 3996 MHz, 30 %, 3 %
2026/03/23 13:31:40.220, 4, 179.02 W, 25, 120 MHz, 3996 MHz, 0 %, 0 %
2026/03/23 13:31:40.220, 5, 180.58 W, 28, 120 MHz, 3996 MHz, 0 %, 0 %
2026/03/23 13:31:40.220, 6, 178.26 W, 26, 120 MHz, 3996 MHz, 0 %, 0 %
2026/03/23 13:31:40.220, 7, 176.58 W, 27, 120 MHz, 3996 MHz, 0 %, 0 %
2026/03/23 13:31:41.220, 0, 274.97 W, 28, 2032 MHz, 3996 MHz, 26 %, 2 %
2026/03/23 13:31:41.220, 1, 279.45 W, 30, 2032 MHz, 3996 MHz, 30 %, 3 %
2026/03/23 13:31:41.220, 2, 281.24 W, 28, 2032 MHz, 3996 MHz, 30 %, 3 %
2026/03/23 13:31:41.220, 3, 280.96 W, 31, 2032 MHz, 3996 MHz, 28 %, 3 %
2026/03/23 13:31:41.220, 4, 179.20 W, 25, 120 MHz, 3996 MHz, 0 %, 0 %
2026/03/23 13:31:41.220, 5, 180.58 W, 28, 120 MHz, 3996 MHz, 0 %, 0 %
2026/03/23 13:31:41.220, 6, 178.21 W, 26, 120 MHz, 3996 MHz, 0 %, 0 %
2026/03/23 13:31:41.220, 7, 176.58 W, 27, 120 MHz, 3996 MHz, 0 %, 0 %
2026/03/23 13:31:42.220, 0, 273.90 W, 29, 2032 MHz, 3996 MHz, 21 %, 2 %
2026/03/23 13:31:42.220, 1, 278.60 W, 30, 2032 MHz, 3996 MHz, 27 %, 3 %
2026/03/23 13:31:42.220, 2, 280.69 W, 28, 2032 MHz, 3996 MHz, 30 %, 3 %
2026/03/23 13:31:42.220, 3, 280.68 W, 31, 2032 MHz, 3996 MHz, 30 %, 3 %
2026/03/23 13:31:42.220, 4, 179.02 W, 25, 120 MHz, 3996 MHz, 0 %, 0 %
2026/03/23 13:31:42.220, 5, 180.58 W, 28, 120 MHz, 3996 MHz, 0 %, 0 %
2026/03/23 13:31:42.220, 6, 178.22 W, 26, 120 MHz, 3996 MHz, 0 %, 0 %
2026/03/23 13:31:42.220, 7, 176.58 W, 27, 120 MHz, 3996 MHz, 0 %, 0 %
2026/03/23 13:31:43.221, 0, 251.77 W, 28, 2032 MHz, 3996 MHz, 1 %, 0 %
2026/03/23 13:31:43.221, 1, 255.11 W, 30, 2032 MHz, 3996 MHz, 0 %, 0 %
2026/03/23 13:31:43.221, 2, 251.57 W, 27, 2032 MHz, 3996 MHz, 0 %, 0 %
2026/03/23 13:31:43.221, 3, 258.00 W, 30, 2032 MHz, 3996 MHz, 0 %, 0 %
2026/03/23 13:31:43.221, 4, 179.11 W, 25, 120 MHz, 3996 MHz, 0 %, 0 %
2026/03/23 13:31:43.221, 5, 180.58 W, 28, 120 MHz, 3996 MHz, 0 %, 0 %
2026/03/23 13:31:43.221, 6, 178.26 W, 26, 120 MHz, 3996 MHz, 0 %, 0 %
2026/03/23 13:31:43.221, 7, 176.58 W, 27, 120 MHz, 3996 MHz, 0 %, 0 %
2026/03/23 13:31:44.221, 0, 229.07 W, 28, 2032 MHz, 3996 MHz, 0 %, 0 %
2026/03/23 13:31:44.221, 1, 233.90 W, 30, 2032 MHz, 3996 MHz, 0 %, 0 %
2026/03/23 13:31:44.221, 2, 234.37 W, 27, 2032 MHz, 3996 MHz, 0 %, 0 %
2026/03/23 13:31:44.221, 3, 235.21 W, 30, 2032 MHz, 3996 MHz, 0 %, 0 %
2026/03/23 13:31:44.221, 4, 178.83 W, 25, 120 MHz, 3996 MHz, 0 %, 0 %
2026/03/23 13:31:44.221, 5, 180.58 W, 28, 120 MHz, 3996 MHz, 0 %, 0 %
2026/03/23 13:31:44.221, 6, 178.37 W, 26, 120 MHz, 3996 MHz, 0 %, 0 %
2026/03/23 13:31:44.221, 7, 176.58 W, 27, 120 MHz, 3996 MHz, 0 %, 0 %
2026/03/23 13:31:45.221, 0, 228.22 W, 28, 2032 MHz, 3996 MHz, 0 %, 0 %
2026/03/23 13:31:45.221, 1, 233.16 W, 30, 2032 MHz, 3996 MHz, 0 %, 0 %
2026/03/23 13:31:45.221, 2, 234.02 W, 27, 2032 MHz, 3996 MHz, 0 %, 0 %
2026/03/23 13:31:45.221, 3, 234.34 W, 30, 2032 MHz, 3996 MHz, 0 %, 0 %
2026/03/23 13:31:45.221, 4, 178.88 W, 25, 120 MHz, 3996 MHz, 0 %, 0 %
2026/03/23 13:31:45.221, 5, 180.58 W, 28, 120 MHz, 3996 MHz, 0 %, 0 %
2026/03/23 13:31:45.221, 6, 178.45 W, 26, 120 MHz, 3996 MHz, 0 %, 0 %
2026/03/23 13:31:45.221, 7, 176.58 W, 27, 120 MHz, 3996 MHz, 0 %, 0 %
2026/03/23 13:31:46.221, 0, 228.22 W, 27, 2032 MHz, 3996 MHz, 0 %, 0 %
2026/03/23 13:31:46.221, 1, 233.17 W, 30, 2032 MHz, 3996 MHz, 0 %, 0 %
2026/03/23 13:31:46.221, 2, 234.02 W, 27, 2032 MHz, 3996 MHz, 0 %, 0 %
2026/03/23 13:31:46.221, 3, 234.54 W, 30, 2032 MHz, 3996 MHz, 0 %, 0 %
2026/03/23 13:31:46.221, 4, 179.02 W, 25, 120 MHz, 3996 MHz, 0 %, 0 %
2026/03/23 13:31:46.221, 5, 180.58 W, 28, 120 MHz, 3996 MHz, 0 %, 0 %
2026/03/23 13:31:46.221, 6, 178.21 W, 26, 120 MHz, 3996 MHz, 0 %, 0 %
2026/03/23 13:31:46.221, 7, 176.58 W, 27, 120 MHz, 3996 MHz, 0 %, 0 %
2026/03/23 13:31:47.221, 0, 228.11 W, 27, 2032 MHz, 3996 MHz, 0 %, 0 %
2026/03/23 13:31:47.221, 1, 233.18 W, 30, 2032 MHz, 3996 MHz, 0 %, 0 %
2026/03/23 13:31:47.221, 2, 234.02 W, 27, 2032 MHz, 3996 MHz, 0 %, 0 %
2026/03/23 13:31:47.221, 3, 234.22 W, 30, 2032 MHz, 3996 MHz, 0 %, 0 %
2026/03/23 13:31:47.221, 4, 178.81 W, 25, 120 MHz, 3996 MHz, 0 %, 0 %
2026/03/23 13:31:47.221, 5, 180.58 W, 28, 120 MHz, 3996 MHz, 0 %, 0 %
2026/03/23 13:31:47.221, 6, 178.18 W, 26, 120 MHz, 3996 MHz, 0 %, 0 %
2026/03/23 13:31:47.221, 7, 176.58 W, 27, 120 MHz, 3996 MHz, 0 %, 0 %
2026/03/23 13:31:48.221, 0, 228.11 W, 27, 2032 MHz, 3996 MHz, 0 %, 0 %
2026/03/23 13:31:48.221, 1, 233.18 W, 29, 2032 MHz, 3996 MHz, 0 %, 0 %
2026/03/23 13:31:48.221, 2, 234.02 W, 27, 2032 MHz, 3996 MHz, 0 %, 0 %
2026/03/23 13:31:48.221, 3, 233.69 W, 30, 2032 MHz, 3996 MHz, 0 %, 0 %
2026/03/23 13:31:48.221, 4, 179.02 W, 25, 120 MHz, 3996 MHz, 0 %, 0 %
2026/03/23 13:31:48.221, 5, 180.58 W, 28, 120 MHz, 3996 MHz, 0 %, 0 %
2026/03/23 13:31:48.221, 6, 178.41 W, 26, 120 MHz, 3996 MHz, 0 %, 0 %
2026/03/23 13:31:48.221, 7, 176.58 W, 27, 120 MHz, 3996 MHz, 0 %, 0 %
2026/03/23 13:31:49.222, 0, 241.81 W, 28, 2032 MHz, 3996 MHz, 0 %, 0 %
2026/03/23 13:31:49.222, 1, 246.41 W, 30, 2032 MHz, 3996 MHz, 0 %, 0 %
2026/03/23 13:31:49.222, 2, 247.22 W, 27, 2032 MHz, 3996 MHz, 0 %, 0 %
2026/03/23 13:31:49.222, 3, 247.88 W, 30, 2032 MHz, 3996 MHz, 0 %, 0 %
2026/03/23 13:31:49.222, 4, 179.01 W, 25, 120 MHz, 3996 MHz, 0 %, 0 %
2026/03/23 13:31:49.222, 5, 180.58 W, 28, 120 MHz, 3996 MHz, 0 %, 0 %
2026/03/23 13:31:49.222, 6, 178.41 W, 26, 120 MHz, 3996 MHz, 0 %, 0 %
2026/03/23 13:31:49.222, 7, 176.58 W, 27, 120 MHz, 3996 MHz, 0 %, 0 %
2026/03/23 13:31:50.222, 0, 228.49 W, 27, 2032 MHz, 3996 MHz, 0 %, 0 %
2026/03/23 13:31:50.222, 1, 233.20 W, 30, 2032 MHz, 3996 MHz, 0 %, 0 %
2026/03/23 13:31:50.222, 2, 234.02 W, 27, 2032 MHz, 3996 MHz, 0 %, 0 %
2026/03/23 13:31:50.222, 3, 235.05 W, 30, 2032 MHz, 3996 MHz, 0 %, 0 %
2026/03/23 13:31:50.222, 4, 178.84 W, 25, 120 MHz, 3996 MHz, 0 %, 0 %
2026/03/23 13:31:50.222, 5, 180.58 W, 28, 120 MHz, 3996 MHz, 0 %, 0 %
2026/03/23 13:31:50.222, 6, 178.30 W, 26, 120 MHz, 3996 MHz, 0 %, 0 %
2026/03/23 13:31:50.222, 7, 176.58 W, 27, 120 MHz, 3996 MHz, 0 %, 0 %
2026/03/23 13:31:51.222, 0, 228.60 W, 27, 2032 MHz, 3996 MHz, 0 %, 0 %
2026/03/23 13:31:51.222, 1, 233.18 W, 29, 2032 MHz, 3996 MHz, 0 %, 0 %
2026/03/23 13:31:51.222, 2, 234.02 W, 27, 2032 MHz, 3996 MHz, 0 %, 0 %
2026/03/23 13:31:51.222, 3, 234.74 W, 30, 2032 MHz, 3996 MHz, 0 %, 0 %
2026/03/23 13:31:51.222, 4, 179.04 W, 25, 120 MHz, 3996 MHz, 0 %, 0 %
2026/03/23 13:31:51.222, 5, 180.58 W, 28, 120 MHz, 3996 MHz, 0 %, 0 %
2026/03/23 13:31:51.222, 6, 178.45 W, 26, 120 MHz, 3996 MHz, 0 %, 0 %
2026/03/23 13:31:51.222, 7, 176.58 W, 27, 120 MHz, 3996 MHz, 0 %, 0 %
2026/03/23 13:31:52.222, 0, 228.18 W, 27, 2032 MHz, 3996 MHz, 0 %, 0 %
2026/03/23 13:31:52.222, 1, 233.16 W, 29, 2032 MHz, 3996 MHz, 0 %, 0 %
2026/03/23 13:31:52.222, 2, 234.02 W, 27, 2032 MHz, 3996 MHz, 0 %, 0 %
2026/03/23 13:31:52.222, 3, 234.58 W, 30, 2032 MHz, 3996 MHz, 0 %, 0 %
2026/03/23 13:31:52.222, 4, 178.86 W, 25, 120 MHz, 3996 MHz, 0 %, 0 %
2026/03/23 13:31:52.222, 5, 180.58 W, 28, 120 MHz, 3996 MHz, 0 %, 0 %
2026/03/23 13:31:52.222, 6, 178.26 W, 26, 120 MHz, 3996 MHz, 0 %, 0 %
2026/03/23 13:31:52.222, 7, 176.58 W, 27, 120 MHz, 3996 MHz, 0 %, 0 %
2026/03/23 13:31:53.222, 0, 228.34 W, 27, 2032 MHz, 3996 MHz, 0 %, 0 %
2026/03/23 13:31:53.222, 1, 233.30 W, 29, 2032 MHz, 3996 MHz, 0 %, 0 %
2026/03/23 13:31:53.222, 2, 234.06 W, 27, 2032 MHz, 3996 MHz, 0 %, 0 %
2026/03/23 13:31:53.222, 3, 234.53 W, 30, 2032 MHz, 3996 MHz, 0 %, 0 %
2026/03/23 13:31:53.222, 4, 178.95 W, 25, 120 MHz, 3996 MHz, 0 %, 0 %
2026/03/23 13:31:53.222, 5, 180.58 W, 28, 120 MHz, 3996 MHz, 0 %, 0 %
2026/03/23 13:31:53.222, 6, 178.29 W, 26, 120 MHz, 3996 MHz, 0 %, 0 %
2026/03/23 13:31:53.222, 7, 176.58 W, 27, 120 MHz, 3996 MHz, 0 %, 0 %
2026/03/23 13:31:54.222, 0, 228.42 W, 27, 2032 MHz, 3996 MHz, 0 %, 0 %
2026/03/23 13:31:54.222, 1, 233.17 W, 29, 2032 MHz, 3996 MHz, 0 %, 0 %
2026/03/23 13:31:54.222, 2, 234.02 W, 27, 2032 MHz, 3996 MHz, 0 %, 0 %
2026/03/23 13:31:54.222, 3, 234.87 W, 30, 2032 MHz, 3996 MHz, 0 %, 0 %
2026/03/23 13:31:54.222, 4, 178.89 W, 25, 120 MHz, 3996 MHz, 0 %, 0 %
2026/03/23 13:31:54.222, 5, 180.58 W, 28, 120 MHz, 3996 MHz, 0 %, 0 %
2026/03/23 13:31:54.222, 6, 178.07 W, 26, 120 MHz, 3996 MHz, 0 %, 0 %
2026/03/23 13:31:54.222, 7, 176.58 W, 27, 120 MHz, 3996 MHz, 0 %, 0 %
2026/03/23 13:31:55.222, 0, 228.19 W, 27, 2032 MHz, 3996 MHz, 0 %, 0 %
2026/03/23 13:31:55.222, 1, 233.17 W, 29, 2032 MHz, 3996 MHz, 0 %, 0 %
2026/03/23 13:31:55.222, 2, 234.02 W, 27, 2032 MHz, 3996 MHz, 0 %, 0 %
2026/03/23 13:31:55.222, 3, 234.29 W, 30, 2032 MHz, 3996 MHz, 0 %, 0 %
2026/03/23 13:31:55.222, 4, 179.16 W, 25, 120 MHz, 3996 MHz, 0 %, 0 %
2026/03/23 13:31:55.222, 5, 180.58 W, 28, 120 MHz, 3996 MHz, 0 %, 0 %
2026/03/23 13:31:55.222, 6, 177.99 W, 26, 120 MHz, 3996 MHz, 0 %, 0 %
2026/03/23 13:31:55.222, 7, 176.58 W, 27, 120 MHz, 3996 MHz, 0 %, 0 %
2026/03/23 13:31:56.223, 0, 228.22 W, 27, 2032 MHz, 3996 MHz, 0 %, 0 %
2026/03/23 13:31:56.223, 1, 233.17 W, 29, 2032 MHz, 3996 MHz, 0 %, 0 %
2026/03/23 13:31:56.223, 2, 234.02 W, 27, 2032 MHz, 3996 MHz, 0 %, 0 %
2026/03/23 13:31:56.223, 3, 234.39 W, 30, 2032 MHz, 3996 MHz, 0 %, 0 %
2026/03/23 13:31:56.223, 4, 178.87 W, 25, 120 MHz, 3996 MHz, 0 %, 0 %
2026/03/23 13:31:56.223, 5, 180.58 W, 28, 120 MHz, 3996 MHz, 0 %, 0 %
2026/03/23 13:31:56.223, 6, 178.18 W, 26, 120 MHz, 3996 MHz, 0 %, 0 %
2026/03/23 13:31:56.223, 7, 176.58 W, 27, 120 MHz, 3996 MHz, 0 %, 0 %
2026/03/23 13:31:57.223, 0, 228.07 W, 27, 2032 MHz, 3996 MHz, 0 %, 0 %
2026/03/23 13:31:57.223, 1, 233.17 W, 29, 2032 MHz, 3996 MHz, 0 %, 0 %
2026/03/23 13:31:57.223, 2, 234.02 W, 27, 2032 MHz, 3996 MHz, 0 %, 0 %
2026/03/23 13:31:57.223, 3, 234.32 W, 30, 2032 MHz, 3996 MHz, 0 %, 0 %
2026/03/23 13:31:57.223, 4, 178.81 W, 25, 120 MHz, 3996 MHz, 0 %, 0 %
2026/03/23 13:31:57.223, 5, 180.58 W, 28, 120 MHz, 3996 MHz, 0 %, 0 %
2026/03/23 13:31:57.223, 6, 178.41 W, 26, 120 MHz, 3996 MHz, 0 %, 0 %
2026/03/23 13:31:57.223, 7, 176.58 W, 27, 120 MHz, 3996 MHz, 0 %, 0 %
2026/03/23 13:31:58.223, 0, 228.42 W, 27, 2032 MHz, 3996 MHz, 0 %, 0 %
2026/03/23 13:31:58.223, 1, 233.17 W, 29, 2032 MHz, 3996 MHz, 0 %, 0 %
2026/03/23 13:31:58.223, 2, 234.02 W, 27, 2032 MHz, 3996 MHz, 0 %, 0 %
2026/03/23 13:31:58.223, 3, 235.01 W, 30, 2032 MHz, 3996 MHz, 0 %, 0 %
2026/03/23 13:31:58.223, 4, 178.98 W, 25, 120 MHz, 3996 MHz, 0 %, 0 %
2026/03/23 13:31:58.223, 5, 180.58 W, 28, 120 MHz, 3996 MHz, 0 %, 0 %
2026/03/23 13:31:58.223, 6, 178.14 W, 26, 120 MHz, 3996 MHz, 0 %, 0 %
2026/03/23 13:31:58.223, 7, 176.58 W, 27, 120 MHz, 3996 MHz, 0 %, 0 %
2026/03/23 13:31:59.223, 0, 228.46 W, 27, 2032 MHz, 3996 MHz, 0 %, 0 %
2026/03/23 13:31:59.223, 1, 233.17 W, 29, 2032 MHz, 3996 MHz, 0 %, 0 %
2026/03/23 13:31:59.223, 2, 234.02 W, 27, 2032 MHz, 3996 MHz, 0 %, 0 %
2026/03/23 13:31:59.223, 3, 234.53 W, 30, 2032 MHz, 3996 MHz, 0 %, 0 %
2026/03/23 13:31:59.223, 4, 178.93 W, 25, 120 MHz, 3996 MHz, 0 %, 0 %
2026/03/23 13:31:59.223, 5, 180.58 W, 28, 120 MHz, 3996 MHz, 0 %, 0 %
2026/03/23 13:31:59.223, 6, 178.18 W, 26, 120 MHz, 3996 MHz, 0 %, 0 %
2026/03/23 13:31:59.223, 7, 176.58 W, 27, 120 MHz, 3996 MHz, 0 %, 0 %
2026/03/23 13:32:00.223, 0, 228.15 W, 27, 2032 MHz, 3996 MHz, 0 %, 0 %
2026/03/23 13:32:00.223, 1, 233.16 W, 29, 2032 MHz, 3996 MHz, 0 %, 0 %
2026/03/23 13:32:00.223, 2, 234.02 W, 27, 2032 MHz, 3996 MHz, 0 %, 0 %
2026/03/23 13:32:00.223, 3, 234.69 W, 30, 2032 MHz, 3996 MHz, 0 %, 0 %
2026/03/23 13:32:00.223, 4, 179.11 W, 25, 120 MHz, 3996 MHz, 0 %, 0 %
2026/03/23 13:32:00.223, 5, 180.58 W, 28, 120 MHz, 3996 MHz, 0 %, 0 %
2026/03/23 13:32:00.223, 6, 178.38 W, 26, 120 MHz, 3996 MHz, 0 %, 0 %
2026/03/23 13:32:00.223, 7, 176.58 W, 27, 120 MHz, 3996 MHz, 0 %, 0 %
2026/03/23 13:32:01.223, 0, 228.26 W, 27, 2032 MHz, 3996 MHz, 0 %, 0 %
2026/03/23 13:32:01.223, 1, 233.17 W, 29, 2032 MHz, 3996 MHz, 0 %, 0 %
2026/03/23 13:32:01.223, 2, 234.02 W, 27, 2032 MHz, 3996 MHz, 0 %, 0 %
2026/03/23 13:32:01.223, 3, 234.15 W, 30, 2032 MHz, 3996 MHz, 0 %, 0 %
2026/03/23 13:32:01.223, 4, 178.95 W, 25, 120 MHz, 3996 MHz, 0 %, 0 %
2026/03/23 13:32:01.223, 5, 180.58 W, 28, 120 MHz, 3996 MHz, 0 %, 0 %
2026/03/23 13:32:01.223, 6, 178.21 W, 26, 120 MHz, 3996 MHz, 0 %, 0 %
2026/03/23 13:32:01.223, 7, 176.58 W, 27, 120 MHz, 3996 MHz, 0 %, 0 %
2026/03/23 13:32:02.223, 0, 228.37 W, 27, 2032 MHz, 3996 MHz, 0 %, 0 %
2026/03/23 13:32:02.223, 1, 233.16 W, 29, 2032 MHz, 3996 MHz, 0 %, 0 %
2026/03/23 13:32:02.223, 2, 234.02 W, 27, 2032 MHz, 3996 MHz, 0 %, 0 %
2026/03/23 13:32:02.223, 3, 234.05 W, 30, 2032 MHz, 3996 MHz, 0 %, 0 %
2026/03/23 13:32:02.223, 4, 178.91 W, 25, 120 MHz, 3996 MHz, 0 %, 0 %
2026/03/23 13:32:02.224, 5, 180.58 W, 28, 120 MHz, 3996 MHz, 0 %, 0 %
2026/03/23 13:32:02.224, 6, 178.41 W, 26, 120 MHz, 3996 MHz, 0 %, 0 %
2026/03/23 13:32:02.224, 7, 176.58 W, 27, 120 MHz, 3996 MHz, 0 %, 0 %
2026/03/23 13:32:03.224, 0, 228.26 W, 27, 2032 MHz, 3996 MHz, 0 %, 0 %
2026/03/23 13:32:03.224, 1, 233.28 W, 29, 2032 MHz, 3996 MHz, 0 %, 0 %
2026/03/23 13:32:03.224, 2, 234.06 W, 27, 2032 MHz, 3996 MHz, 0 %, 0 %
2026/03/23 13:32:03.224, 3, 234.40 W, 30, 2032 MHz, 3996 MHz, 0 %, 0 %
2026/03/23 13:32:03.224, 4, 178.92 W, 25, 120 MHz, 3996 MHz, 0 %, 0 %
2026/03/23 13:32:03.224, 5, 180.58 W, 28, 120 MHz, 3996 MHz, 0 %, 0 %
2026/03/23 13:32:03.224, 6, 178.18 W, 26, 120 MHz, 3996 MHz, 0 %, 0 %
2026/03/23 13:32:03.224, 7, 176.58 W, 27, 120 MHz, 3996 MHz, 0 %, 0 %
2026/03/23 13:32:04.224, 0, 228.15 W, 27, 2032 MHz, 3996 MHz, 0 %, 0 %
2026/03/23 13:32:04.224, 1, 233.16 W, 29, 2032 MHz, 3996 MHz, 0 %, 0 %
2026/03/23 13:32:04.224, 2, 234.02 W, 27, 2032 MHz, 3996 MHz, 0 %, 0 %
2026/03/23 13:32:04.224, 3, 234.13 W, 30, 2032 MHz, 3996 MHz, 0 %, 0 %
2026/03/23 13:32:04.224, 4, 179.24 W, 25, 120 MHz, 3996 MHz, 0 %, 0 %
2026/03/23 13:32:04.224, 5, 180.58 W, 28, 120 MHz, 3996 MHz, 0 %, 0 %
2026/03/23 13:32:04.224, 6, 178.25 W, 26, 120 MHz, 3996 MHz, 0 %, 0 %
2026/03/23 13:32:04.224, 7, 176.58 W, 27, 120 MHz, 3996 MHz, 0 %, 0 %
2026/03/23 13:32:05.224, 0, 228.11 W, 27, 2032 MHz, 3996 MHz, 0 %, 0 %
2026/03/23 13:32:05.224, 1, 233.17 W, 29, 2032 MHz, 3996 MHz, 0 %, 0 %
2026/03/23 13:32:05.224, 2, 234.02 W, 27, 2032 MHz, 3996 MHz, 0 %, 0 %
2026/03/23 13:32:05.224, 3, 233.91 W, 30, 2032 MHz, 3996 MHz, 0 %, 0 %
2026/03/23 13:32:05.224, 4, 179.11 W, 25, 120 MHz, 3996 MHz, 0 %, 0 %
2026/03/23 13:32:05.224, 5, 180.58 W, 28, 120 MHz, 3996 MHz, 0 %, 0 %
2026/03/23 13:32:05.224, 6, 178.38 W, 26, 120 MHz, 3996 MHz, 0 %, 0 %
2026/03/23 13:32:05.224, 7, 176.58 W, 27, 120 MHz, 3996 MHz, 0 %, 0 %
2026/03/23 13:32:06.224, 0, 228.07 W, 27, 2032 MHz, 3996 MHz, 0 %, 0 %
2026/03/23 13:32:06.224, 1, 233.16 W, 29, 2032 MHz, 3996 MHz, 0 %, 0 %
2026/03/23 13:32:06.224, 2, 234.02 W, 27, 2032 MHz, 3996 MHz, 0 %, 0 %
2026/03/23 13:32:06.224, 3, 233.76 W, 30, 2032 MHz, 3996 MHz, 0 %, 0 %
2026/03/23 13:32:06.224, 4, 178.99 W, 25, 120 MHz, 3996 MHz, 0 %, 0 %
2026/03/23 13:32:06.224, 5, 180.58 W, 28, 120 MHz, 3996 MHz, 0 %, 0 %
2026/03/23 13:32:06.224, 6, 178.26 W, 26, 120 MHz, 3996 MHz, 0 %, 0 %
2026/03/23 13:32:06.224, 7, 176.58 W, 27, 120 MHz, 3996 MHz, 0 %, 0 %
2026/03/23 13:32:07.224, 0, 228.61 W, 27, 2032 MHz, 3996 MHz, 0 %, 0 %
2026/03/23 13:32:07.224, 1, 233.67 W, 30, 2032 MHz, 3996 MHz, 0 %, 0 %
2026/03/23 13:32:07.224, 2, 234.48 W, 27, 2032 MHz, 3996 MHz, 0 %, 0 %
2026/03/23 13:32:07.224, 3, 233.39 W, 30, 2032 MHz, 3996 MHz, 0 %, 0 %
2026/03/23 13:32:07.224, 4, 178.79 W, 25, 120 MHz, 3996 MHz, 0 %, 0 %
2026/03/23 13:32:07.224, 5, 180.58 W, 28, 120 MHz, 3996 MHz, 0 %, 0 %
2026/03/23 13:32:07.224, 6, 178.25 W, 26, 120 MHz, 3996 MHz, 0 %, 0 %
2026/03/23 13:32:07.224, 7, 176.58 W, 27, 120 MHz, 3996 MHz, 0 %, 0 %
2026/03/23 13:32:08.224, 0, 249.23 W, 28, 2032 MHz, 3996 MHz, 0 %, 0 %
2026/03/23 13:32:08.224, 1, 252.85 W, 30, 2032 MHz, 3996 MHz, 0 %, 0 %
2026/03/23 13:32:08.224, 2, 252.71 W, 28, 2032 MHz, 3996 MHz, 0 %, 0 %
2026/03/23 13:32:08.224, 3, 253.96 W, 30, 2032 MHz, 3996 MHz, 0 %, 0 %
2026/03/23 13:32:08.224, 4, 179.08 W, 25, 120 MHz, 3996 MHz, 0 %, 0 %
2026/03/23 13:32:08.224, 5, 180.58 W, 28, 120 MHz, 3996 MHz, 0 %, 0 %
2026/03/23 13:32:08.224, 6, 178.41 W, 26, 120 MHz, 3996 MHz, 0 %, 0 %
2026/03/23 13:32:08.224, 7, 176.58 W, 27, 120 MHz, 3996 MHz, 0 %, 0 %
2026/03/23 13:32:09.225, 0, 228.97 W, 27, 2032 MHz, 3996 MHz, 0 %, 0 %
2026/03/23 13:32:09.225, 1, 233.75 W, 29, 2032 MHz, 3996 MHz, 1 %, 0 %
2026/03/23 13:32:09.225, 2, 234.50 W, 27, 2032 MHz, 3996 MHz, 0 %, 0 %
2026/03/23 13:32:09.225, 3, 234.53 W, 30, 2032 MHz, 3996 MHz, 0 %, 0 %
2026/03/23 13:32:09.225, 4, 179.07 W, 25, 120 MHz, 3996 MHz, 0 %, 0 %
2026/03/23 13:32:09.225, 5, 180.58 W, 28, 120 MHz, 3996 MHz, 0 %, 0 %
2026/03/23 13:32:09.225, 6, 178.41 W, 26, 120 MHz, 3996 MHz, 0 %, 0 %
2026/03/23 13:32:09.225, 7, 176.58 W, 27, 120 MHz, 3996 MHz, 0 %, 0 %
2026/03/23 13:32:10.225, 0, 228.94 W, 27, 2032 MHz, 3996 MHz, 0 %, 0 %
2026/03/23 13:32:10.225, 1, 233.62 W, 29, 2032 MHz, 3996 MHz, 0 %, 0 %
2026/03/23 13:32:10.225, 2, 234.01 W, 27, 2032 MHz, 3996 MHz, 0 %, 0 %
2026/03/23 13:32:10.225, 3, 234.94 W, 30, 2032 MHz, 3996 MHz, 0 %, 0 %
2026/03/23 13:32:10.225, 4, 179.03 W, 25, 120 MHz, 3996 MHz, 0 %, 0 %
2026/03/23 13:32:10.225, 5, 180.58 W, 28, 120 MHz, 3996 MHz, 0 %, 0 %
2026/03/23 13:32:10.225, 6, 178.06 W, 26, 120 MHz, 3996 MHz, 0 %, 0 %
2026/03/23 13:32:10.225, 7, 176.58 W, 27, 120 MHz, 3996 MHz, 0 %, 0 %
2026/03/23 13:32:11.225, 0, 228.84 W, 27, 2032 MHz, 3996 MHz, 0 %, 0 %
2026/03/23 13:32:11.225, 1, 233.44 W, 29, 2032 MHz, 3996 MHz, 0 %, 0 %
2026/03/23 13:32:11.225, 2, 234.01 W, 27, 2032 MHz, 3996 MHz, 0 %, 0 %
2026/03/23 13:32:11.225, 3, 234.89 W, 30, 2032 MHz, 3996 MHz, 0 %, 0 %
2026/03/23 13:32:11.225, 4, 178.97 W, 25, 120 MHz, 3996 MHz, 0 %, 0 %
2026/03/23 13:32:11.225, 5, 180.58 W, 28, 120 MHz, 3996 MHz, 0 %, 0 %
2026/03/23 13:32:11.225, 6, 178.18 W, 26, 120 MHz, 3996 MHz, 0 %, 0 %
2026/03/23 13:32:11.225, 7, 176.58 W, 27, 120 MHz, 3996 MHz, 0 %, 0 %
2026/03/23 13:32:12.225, 0, 228.68 W, 27, 2032 MHz, 3996 MHz, 0 %, 0 %
2026/03/23 13:32:12.225, 1, 233.36 W, 29, 2032 MHz, 3996 MHz, 0 %, 0 %
2026/03/23 13:32:12.225, 2, 234.02 W, 27, 2032 MHz, 3996 MHz, 0 %, 0 %
2026/03/23 13:32:12.225, 3, 234.96 W, 30, 2032 MHz, 3996 MHz, 0 %, 0 %
2026/03/23 13:32:12.225, 4, 178.89 W, 25, 120 MHz, 3996 MHz, 0 %, 0 %
2026/03/23 13:32:12.225, 5, 180.58 W, 28, 120 MHz, 3996 MHz, 0 %, 0 %
2026/03/23 13:32:12.225, 6, 178.41 W, 26, 120 MHz, 3996 MHz, 0 %, 0 %
2026/03/23 13:32:12.225, 7, 176.58 W, 27, 120 MHz, 3996 MHz, 0 %, 0 %
2026/03/23 13:32:13.225, 0, 228.37 W, 27, 2032 MHz, 3996 MHz, 0 %, 0 %
2026/03/23 13:32:13.225, 1, 233.24 W, 29, 2032 MHz, 3996 MHz, 0 %, 0 %
2026/03/23 13:32:13.225, 2, 234.00 W, 27, 2032 MHz, 3996 MHz, 0 %, 0 %
2026/03/23 13:32:13.225, 3, 234.90 W, 30, 2032 MHz, 3996 MHz, 0 %, 0 %
2026/03/23 13:32:13.225, 4, 178.82 W, 25, 120 MHz, 3996 MHz, 0 %, 0 %
2026/03/23 13:32:13.225, 5, 180.58 W, 28, 120 MHz, 3996 MHz, 0 %, 0 %
2026/03/23 13:32:13.225, 6, 178.13 W, 26, 120 MHz, 3996 MHz, 0 %, 0 %
2026/03/23 13:32:13.225, 7, 176.58 W, 27, 120 MHz, 3996 MHz, 0 %, 0 %
2026/03/23 13:32:14.225, 0, 228.52 W, 27, 2032 MHz, 3996 MHz, 0 %, 0 %
2026/03/23 13:32:14.225, 1, 233.47 W, 29, 2032 MHz, 3996 MHz, 0 %, 0 %
2026/03/23 13:32:14.225, 2, 234.00 W, 27, 2032 MHz, 3996 MHz, 0 %, 0 %
2026/03/23 13:32:14.225, 3, 235.04 W, 30, 2032 MHz, 3996 MHz, 0 %, 0 %
2026/03/23 13:32:14.225, 4, 178.93 W, 25, 120 MHz, 3996 MHz, 0 %, 0 %
2026/03/23 13:32:14.225, 5, 180.58 W, 28, 120 MHz, 3996 MHz, 0 %, 0 %
2026/03/23 13:32:14.225, 6, 178.22 W, 26, 120 MHz, 3996 MHz, 0 %, 0 %
2026/03/23 13:32:14.225, 7, 176.58 W, 27, 120 MHz, 3996 MHz, 0 %, 0 %
2026/03/23 13:32:15.225, 0, 228.80 W, 27, 2032 MHz, 3996 MHz, 0 %, 0 %
2026/03/23 13:32:15.225, 1, 233.44 W, 29, 2032 MHz, 3996 MHz, 0 %, 0 %
2026/03/23 13:32:15.225, 2, 234.01 W, 27, 2032 MHz, 3996 MHz, 0 %, 0 %
2026/03/23 13:32:15.225, 3, 234.96 W, 30, 2032 MHz, 3996 MHz, 0 %, 0 %
2026/03/23 13:32:15.225, 4, 178.92 W, 25, 120 MHz, 3996 MHz, 0 %, 0 %
2026/03/23 13:32:15.225, 5, 180.58 W, 28, 120 MHz, 3996 MHz, 0 %, 0 %
2026/03/23 13:32:15.225, 6, 178.11 W, 26, 120 MHz, 3996 MHz, 0 %, 0 %
2026/03/23 13:32:15.225, 7, 176.58 W, 27, 120 MHz, 3996 MHz, 0 %, 0 %
2026/03/23 13:32:16.226, 0, 228.64 W, 27, 2032 MHz, 3996 MHz, 0 %, 0 %
2026/03/23 13:32:16.226, 1, 233.28 W, 29, 2032 MHz, 3996 MHz, 0 %, 0 %
2026/03/23 13:32:16.226, 2, 234.01 W, 27, 2032 MHz, 3996 MHz, 0 %, 0 %
2026/03/23 13:32:16.226, 3, 234.80 W, 30, 2032 MHz, 3996 MHz, 0 %, 0 %
2026/03/23 13:32:16.226, 4, 179.22 W, 25, 120 MHz, 3996 MHz, 0 %, 0 %
2026/03/23 13:32:16.226, 5, 180.58 W, 28, 120 MHz, 3996 MHz, 0 %, 0 %
2026/03/23 13:32:16.226, 6, 178.26 W, 26, 120 MHz, 3996 MHz, 0 %, 0 %
2026/03/23 13:32:16.226, 7, 176.58 W, 27, 120 MHz, 3996 MHz, 0 %, 0 %
2026/03/23 13:32:17.226, 0, 229.15 W, 27, 2032 MHz, 3996 MHz, 0 %, 0 %
2026/03/23 13:32:17.226, 1, 233.16 W, 29, 2032 MHz, 3996 MHz, 0 %, 0 %
2026/03/23 13:32:17.226, 2, 234.01 W, 27, 2032 MHz, 3996 MHz, 0 %, 0 %
2026/03/23 13:32:17.226, 3, 235.16 W, 30, 2032 MHz, 3996 MHz, 0 %, 0 %
2026/03/23 13:32:17.226, 4, 179.09 W, 25, 120 MHz, 3996 MHz, 0 %, 0 %
2026/03/23 13:32:17.226, 5, 180.58 W, 28, 120 MHz, 3996 MHz, 0 %, 0 %
2026/03/23 13:32:17.226, 6, 178.25 W, 26, 120 MHz, 3996 MHz, 0 %, 0 %
2026/03/23 13:32:17.226, 7, 176.58 W, 27, 120 MHz, 3996 MHz, 0 %, 0 %
2026/03/23 13:32:18.226, 0, 229.11 W, 27, 2032 MHz, 3996 MHz, 0 %, 0 %
2026/03/23 13:32:18.226, 1, 233.20 W, 29, 2032 MHz, 3996 MHz, 0 %, 0 %
2026/03/23 13:32:18.226, 2, 233.99 W, 27, 2032 MHz, 3996 MHz, 0 %, 0 %
2026/03/23 13:32:18.226, 3, 235.02 W, 30, 2032 MHz, 3996 MHz, 0 %, 0 %
2026/03/23 13:32:18.226, 4, 178.91 W, 25, 120 MHz, 3996 MHz, 0 %, 0 %
2026/03/23 13:32:18.226, 5, 180.58 W, 28, 120 MHz, 3996 MHz, 0 %, 0 %
2026/03/23 13:32:18.226, 6, 178.37 W, 26, 120 MHz, 3996 MHz, 0 %, 0 %
2026/03/23 13:32:18.226, 7, 176.59 W, 27, 120 MHz, 3996 MHz, 0 %, 0 %
2026/03/23 13:32:19.226, 0, 228.75 W, 27, 2032 MHz, 3996 MHz, 0 %, 0 %
2026/03/23 13:32:19.226, 1, 233.16 W, 29, 2032 MHz, 3996 MHz, 0 %, 0 %
2026/03/23 13:32:19.226, 2, 234.00 W, 27, 2032 MHz, 3996 MHz, 0 %, 0 %
2026/03/23 13:32:19.226, 3, 235.08 W, 30, 2032 MHz, 3996 MHz, 0 %, 0 %
2026/03/23 13:32:19.226, 4, 179.20 W, 25, 120 MHz, 3996 MHz, 0 %, 0 %
2026/03/23 13:32:19.226, 5, 180.58 W, 28, 120 MHz, 3996 MHz, 0 %, 0 %
2026/03/23 13:32:19.226, 6, 178.49 W, 26, 120 MHz, 3996 MHz, 0 %, 0 %
2026/03/23 13:32:19.226, 7, 176.58 W, 27, 120 MHz, 3996 MHz, 0 %, 0 %
2026/03/23 13:32:20.226, 0, 230.46 W, 27, 2032 MHz, 3996 MHz, 5 %, 5 %
2026/03/23 13:32:20.226, 1, 234.59 W, 29, 2032 MHz, 3996 MHz, 5 %, 5 %
2026/03/23 13:32:20.226, 2, 235.20 W, 27, 2032 MHz, 3996 MHz, 0 %, 0 %
2026/03/23 13:32:20.226, 3, 236.62 W, 30, 2032 MHz, 3996 MHz, 0 %, 0 %
2026/03/23 13:32:20.226, 4, 178.84 W, 25, 120 MHz, 3996 MHz, 0 %, 0 %
2026/03/23 13:32:20.226, 5, 180.58 W, 28, 120 MHz, 3996 MHz, 0 %, 0 %
2026/03/23 13:32:20.226, 6, 178.11 W, 26, 120 MHz, 3996 MHz, 0 %, 0 %
2026/03/23 13:32:20.226, 7, 176.59 W, 27, 120 MHz, 3996 MHz, 0 %, 0 %
2026/03/23 13:32:21.226, 0, 250.67 W, 27, 2032 MHz, 3996 MHz, 0 %, 0 %
2026/03/23 13:32:21.226, 1, 256.40 W, 30, 2032 MHz, 3996 MHz, 0 %, 0 %
2026/03/23 13:32:21.226, 2, 257.39 W, 27, 2032 MHz, 3996 MHz, 0 %, 0 %
2026/03/23 13:32:21.226, 3, 256.44 W, 30, 2032 MHz, 3996 MHz, 0 %, 0 %
2026/03/23 13:32:21.226, 4, 178.81 W, 25, 120 MHz, 3996 MHz, 0 %, 0 %
2026/03/23 13:32:21.226, 5, 180.58 W, 28, 120 MHz, 3996 MHz, 0 %, 0 %
2026/03/23 13:32:21.226, 6, 178.33 W, 26, 120 MHz, 3996 MHz, 0 %, 0 %
2026/03/23 13:32:21.227, 7, 176.58 W, 27, 120 MHz, 3996 MHz, 0 %, 0 %
2026/03/23 13:32:22.227, 0, 261.77 W, 28, 2032 MHz, 3996 MHz, 51 %, 39 %
2026/03/23 13:32:22.227, 1, 264.80 W, 30, 2032 MHz, 3996 MHz, 50 %, 37 %
2026/03/23 13:32:22.227, 2, 266.99 W, 30, 2032 MHz, 3996 MHz, 44 %, 41 %
2026/03/23 13:32:22.227, 3, 266.85 W, 32, 2032 MHz, 3996 MHz, 32 %, 31 %
2026/03/23 13:32:22.227, 4, 179.11 W, 25, 120 MHz, 3996 MHz, 0 %, 0 %
2026/03/23 13:32:22.227, 5, 180.58 W, 28, 120 MHz, 3996 MHz, 0 %, 0 %
2026/03/23 13:32:22.227, 6, 178.25 W, 26, 120 MHz, 3996 MHz, 0 %, 0 %
2026/03/23 13:32:22.227, 7, 176.58 W, 27, 120 MHz, 3996 MHz, 0 %, 0 %
2026/03/23 13:32:23.227, 0, 229.44 W, 27, 2032 MHz, 3996 MHz, 0 %, 0 %
2026/03/23 13:32:23.227, 1, 233.40 W, 29, 2032 MHz, 3996 MHz, 0 %, 0 %
2026/03/23 13:32:23.227, 2, 234.12 W, 27, 2032 MHz, 3996 MHz, 0 %, 0 %
2026/03/23 13:32:23.227, 3, 235.35 W, 30, 2032 MHz, 3996 MHz, 0 %, 0 %
2026/03/23 13:32:23.227, 4, 178.93 W, 25, 120 MHz, 3996 MHz, 0 %, 0 %
2026/03/23 13:32:23.227, 5, 180.58 W, 28, 120 MHz, 3996 MHz, 0 %, 0 %
2026/03/23 13:32:23.227, 6, 178.22 W, 26, 120 MHz, 3996 MHz, 0 %, 0 %
2026/03/23 13:32:23.227, 7, 176.58 W, 27, 120 MHz, 3996 MHz, 0 %, 0 %
2026/03/23 13:32:24.227, 0, 228.98 W, 27, 2032 MHz, 3996 MHz, 0 %, 0 %
2026/03/23 13:32:24.227, 1, 233.20 W, 29, 2032 MHz, 3996 MHz, 0 %, 0 %
2026/03/23 13:32:24.227, 2, 234.00 W, 27, 2032 MHz, 3996 MHz, 0 %, 0 %
2026/03/23 13:32:24.227, 3, 234.91 W, 30, 2032 MHz, 3996 MHz, 0 %, 0 %
2026/03/23 13:32:24.227, 4, 178.85 W, 25, 120 MHz, 3996 MHz, 0 %, 0 %
2026/03/23 13:32:24.227, 5, 180.58 W, 28, 120 MHz, 3996 MHz, 0 %, 0 %
2026/03/23 13:32:24.227, 6, 178.18 W, 26, 120 MHz, 3996 MHz, 0 %, 0 %
2026/03/23 13:32:24.227, 7, 176.58 W, 27, 120 MHz, 3996 MHz, 0 %, 0 %
2026/03/23 13:32:25.227, 0, 294.78 W, 28, 2032 MHz, 3996 MHz, 0 %, 0 %
2026/03/23 13:32:25.227, 1, 303.02 W, 30, 2032 MHz, 3996 MHz, 0 %, 0 %
2026/03/23 13:32:25.227, 2, 299.64 W, 28, 2032 MHz, 3996 MHz, 0 %, 0 %
2026/03/23 13:32:25.227, 3, 297.99 W, 31, 2032 MHz, 3996 MHz, 0 %, 0 %
2026/03/23 13:32:25.227, 4, 179.16 W, 25, 120 MHz, 3996 MHz, 0 %, 0 %
2026/03/23 13:32:25.227, 5, 180.58 W, 28, 120 MHz, 3996 MHz, 0 %, 0 %
2026/03/23 13:32:25.227, 6, 178.30 W, 26, 120 MHz, 3996 MHz, 0 %, 0 %
2026/03/23 13:32:25.227, 7, 176.58 W, 27, 120 MHz, 3996 MHz, 0 %, 0 %
2026/03/23 13:32:26.227, 0, 229.77 W, 27, 2032 MHz, 3996 MHz, 0 %, 0 %
2026/03/23 13:32:26.227, 1, 233.39 W, 30, 2032 MHz, 3996 MHz, 0 %, 0 %
2026/03/23 13:32:26.227, 2, 234.03 W, 27, 2032 MHz, 3996 MHz, 0 %, 0 %
2026/03/23 13:32:26.227, 3, 235.18 W, 30, 2032 MHz, 3996 MHz, 0 %, 0 %
2026/03/23 13:32:26.227, 4, 179.09 W, 25, 120 MHz, 3996 MHz, 0 %, 0 %
2026/03/23 13:32:26.227, 5, 180.58 W, 28, 120 MHz, 3996 MHz, 0 %, 0 %
2026/03/23 13:32:26.227, 6, 178.57 W, 26, 120 MHz, 3996 MHz, 0 %, 0 %
2026/03/23 13:32:26.227, 7, 176.58 W, 27, 120 MHz, 3996 MHz, 0 %, 0 %
2026/03/23 13:32:27.227, 0, 229.38 W, 27, 2032 MHz, 3996 MHz, 0 %, 0 %
2026/03/23 13:32:27.227, 1, 233.16 W, 29, 2032 MHz, 3996 MHz, 0 %, 0 %
2026/03/23 13:32:27.227, 2, 234.00 W, 27, 2032 MHz, 3996 MHz, 0 %, 0 %
2026/03/23 13:32:27.227, 3, 235.02 W, 30, 2032 MHz, 3996 MHz, 0 %, 0 %
2026/03/23 13:32:27.227, 4, 178.79 W, 25, 120 MHz, 3996 MHz, 0 %, 0 %
2026/03/23 13:32:27.227, 5, 180.58 W, 28, 120 MHz, 3996 MHz, 0 %, 0 %
2026/03/23 13:32:27.227, 6, 178.29 W, 26, 120 MHz, 3996 MHz, 0 %, 0 %
2026/03/23 13:32:27.227, 7, 176.58 W, 27, 120 MHz, 3996 MHz, 0 %, 0 %
2026/03/23 13:32:28.227, 0, 331.52 W, 28, 2032 MHz, 3996 MHz, 0 %, 0 %
2026/03/23 13:32:28.228, 1, 332.09 W, 30, 2032 MHz, 3996 MHz, 0 %, 0 %
2026/03/23 13:32:28.228, 2, 337.98 W, 28, 2032 MHz, 3996 MHz, 0 %, 0 %
2026/03/23 13:32:28.228, 3, 335.04 W, 31, 2032 MHz, 3996 MHz, 0 %, 0 %
2026/03/23 13:32:28.228, 4, 179.10 W, 25, 120 MHz, 3996 MHz, 0 %, 0 %
2026/03/23 13:32:28.228, 5, 180.58 W, 28, 120 MHz, 3996 MHz, 0 %, 0 %
2026/03/23 13:32:28.228, 6, 178.10 W, 26, 120 MHz, 3996 MHz, 0 %, 0 %
2026/03/23 13:32:28.228, 7, 176.58 W, 27, 120 MHz, 3996 MHz, 0 %, 0 %
2026/03/23 13:32:29.228, 0, 229.44 W, 28, 2032 MHz, 3996 MHz, 0 %, 0 %
2026/03/23 13:32:29.228, 1, 233.43 W, 30, 2032 MHz, 3996 MHz, 0 %, 0 %
2026/03/23 13:32:29.228, 2, 234.08 W, 27, 2032 MHz, 3996 MHz, 0 %, 0 %
2026/03/23 13:32:29.228, 3, 235.16 W, 30, 2032 MHz, 3996 MHz, 0 %, 0 %
2026/03/23 13:32:29.228, 4, 178.99 W, 25, 120 MHz, 3996 MHz, 0 %, 0 %
2026/03/23 13:32:29.228, 5, 180.58 W, 28, 120 MHz, 3996 MHz, 0 %, 0 %
2026/03/23 13:32:29.228, 6, 178.26 W, 26, 120 MHz, 3996 MHz, 0 %, 0 %
2026/03/23 13:32:29.228, 7, 176.58 W, 27, 120 MHz, 3996 MHz, 0 %, 0 %
2026/03/23 13:32:30.228, 0, 229.07 W, 27, 2032 MHz, 3996 MHz, 0 %, 0 %
2026/03/23 13:32:30.228, 1, 233.24 W, 30, 2032 MHz, 3996 MHz, 0 %, 0 %
2026/03/23 13:32:30.228, 2, 234.00 W, 27, 2032 MHz, 3996 MHz, 0 %, 0 %
2026/03/23 13:32:30.228, 3, 235.02 W, 30, 2032 MHz, 3996 MHz, 0 %, 0 %
2026/03/23 13:32:30.228, 4, 179.16 W, 25, 120 MHz, 3996 MHz, 0 %, 0 %
2026/03/23 13:32:30.228, 5, 180.58 W, 28, 120 MHz, 3996 MHz, 0 %, 0 %
2026/03/23 13:32:30.228, 6, 178.33 W, 26, 120 MHz, 3996 MHz, 0 %, 0 %
2026/03/23 13:32:30.228, 7, 176.58 W, 27, 120 MHz, 3996 MHz, 0 %, 0 %
2026/03/23 13:32:31.228, 0, 229.05 W, 27, 2032 MHz, 3996 MHz, 0 %, 0 %
2026/03/23 13:32:31.228, 1, 233.16 W, 30, 2032 MHz, 3996 MHz, 0 %, 0 %
2026/03/23 13:32:31.228, 2, 233.99 W, 27, 2032 MHz, 3996 MHz, 0 %, 0 %
2026/03/23 13:32:31.228, 3, 234.85 W, 30, 2032 MHz, 3996 MHz, 0 %, 0 %
2026/03/23 13:32:31.228, 4, 179.10 W, 25, 120 MHz, 3996 MHz, 0 %, 0 %
2026/03/23 13:32:31.228, 5, 180.58 W, 28, 120 MHz, 3996 MHz, 0 %, 0 %
2026/03/23 13:32:31.228, 6, 178.10 W, 26, 120 MHz, 3996 MHz, 0 %, 0 %
2026/03/23 13:32:31.228, 7, 176.58 W, 27, 120 MHz, 3996 MHz, 0 %, 0 %
2026/03/23 13:32:32.228, 0, 319.03 W, 28, 2032 MHz, 3996 MHz, 0 %, 0 %
2026/03/23 13:32:32.228, 1, 325.46 W, 30, 2032 MHz, 3996 MHz, 0 %, 0 %
2026/03/23 13:32:32.228, 2, 327.06 W, 29, 2032 MHz, 3996 MHz, 0 %, 0 %
2026/03/23 13:32:32.228, 3, 329.01 W, 32, 2032 MHz, 3996 MHz, 0 %, 0 %
2026/03/23 13:32:32.228, 4, 178.99 W, 25, 120 MHz, 3996 MHz, 0 %, 0 %
2026/03/23 13:32:32.228, 5, 180.58 W, 28, 120 MHz, 3996 MHz, 0 %, 0 %
2026/03/23 13:32:32.228, 6, 178.03 W, 26, 120 MHz, 3996 MHz, 0 %, 0 %
2026/03/23 13:32:32.228, 7, 176.58 W, 27, 120 MHz, 3996 MHz, 0 %, 0 %
2026/03/23 13:32:33.228, 0, 229.85 W, 28, 2032 MHz, 3996 MHz, 0 %, 0 %
2026/03/23 13:32:33.228, 1, 233.94 W, 30, 2032 MHz, 3996 MHz, 0 %, 0 %
2026/03/23 13:32:33.228, 2, 234.16 W, 27, 2032 MHz, 3996 MHz, 0 %, 0 %
2026/03/23 13:32:33.228, 3, 235.15 W, 30, 2032 MHz, 3996 MHz, 0 %, 0 %
2026/03/23 13:32:33.228, 4, 178.91 W, 25, 120 MHz, 3996 MHz, 0 %, 0 %
2026/03/23 13:32:33.228, 5, 180.58 W, 28, 120 MHz, 3996 MHz, 0 %, 0 %
2026/03/23 13:32:33.228, 6, 177.83 W, 26, 120 MHz, 3996 MHz, 0 %, 0 %
2026/03/23 13:32:33.228, 7, 176.58 W, 27, 120 MHz, 3996 MHz, 0 %, 0 %
2026/03/23 13:32:34.228, 0, 229.42 W, 28, 2032 MHz, 3996 MHz, 0 %, 0 %
2026/03/23 13:32:34.228, 1, 233.20 W, 30, 2032 MHz, 3996 MHz, 0 %, 0 %
2026/03/23 13:32:34.228, 2, 234.00 W, 27, 2032 MHz, 3996 MHz, 0 %, 0 %
2026/03/23 13:32:34.228, 3, 235.14 W, 30, 2032 MHz, 3996 MHz, 0 %, 0 %
2026/03/23 13:32:34.228, 4, 178.94 W, 25, 120 MHz, 3996 MHz, 0 %, 0 %
2026/03/23 13:32:34.228, 5, 180.58 W, 28, 120 MHz, 3996 MHz, 0 %, 0 %
2026/03/23 13:32:34.228, 6, 178.14 W, 26, 120 MHz, 3996 MHz, 0 %, 0 %
2026/03/23 13:32:34.229, 7, 176.58 W, 27, 120 MHz, 3996 MHz, 0 %, 0 %
2026/03/23 13:32:35.229, 0, 274.09 W, 28, 2032 MHz, 3996 MHz, 78 %, 60 %
2026/03/23 13:32:35.229, 1, 275.73 W, 31, 2032 MHz, 3996 MHz, 89 %, 14 %
2026/03/23 13:32:35.229, 2, 277.59 W, 28, 2032 MHz, 3996 MHz, 67 %, 50 %
2026/03/23 13:32:35.229, 3, 278.38 W, 32, 2032 MHz, 3996 MHz, 64 %, 52 %
2026/03/23 13:32:35.229, 4, 179.15 W, 25, 120 MHz, 3996 MHz, 0 %, 0 %
2026/03/23 13:32:35.229, 5, 180.58 W, 28, 120 MHz, 3996 MHz, 0 %, 0 %
2026/03/23 13:32:35.229, 6, 178.26 W, 26, 120 MHz, 3996 MHz, 0 %, 0 %
2026/03/23 13:32:35.229, 7, 176.58 W, 27, 120 MHz, 3996 MHz, 0 %, 0 %
2026/03/23 13:32:36.229, 0, 228.84 W, 28, 2032 MHz, 3996 MHz, 0 %, 0 %
2026/03/23 13:32:36.229, 1, 239.17 W, 30, 2032 MHz, 3996 MHz, 0 %, 0 %
2026/03/23 13:32:36.229, 2, 235.17 W, 27, 2032 MHz, 3996 MHz, 0 %, 0 %
2026/03/23 13:32:36.229, 3, 235.90 W, 30, 2032 MHz, 3996 MHz, 0 %, 0 %
2026/03/23 13:32:36.229, 4, 179.32 W, 25, 120 MHz, 3996 MHz, 0 %, 0 %
2026/03/23 13:32:36.229, 5, 180.58 W, 28, 120 MHz, 3996 MHz, 0 %, 0 %
2026/03/23 13:32:36.229, 6, 178.25 W, 26, 120 MHz, 3996 MHz, 0 %, 0 %
2026/03/23 13:32:36.229, 7, 176.58 W, 27, 120 MHz, 3996 MHz, 0 %, 0 %
2026/03/23 13:32:37.229, 0, 228.40 W, 28, 2032 MHz, 3996 MHz, 0 %, 0 %
2026/03/23 13:32:37.229, 1, 233.16 W, 30, 2032 MHz, 3996 MHz, 0 %, 0 %
2026/03/23 13:32:37.229, 2, 234.01 W, 27, 2032 MHz, 3996 MHz, 0 %, 0 %
2026/03/23 13:32:37.229, 3, 234.17 W, 30, 2032 MHz, 3996 MHz, 0 %, 0 %
2026/03/23 13:32:37.229, 4, 178.96 W, 25, 120 MHz, 3996 MHz, 0 %, 0 %
2026/03/23 13:32:37.229, 5, 180.58 W, 28, 120 MHz, 3996 MHz, 0 %, 0 %
2026/03/23 13:32:37.229, 6, 178.30 W, 26, 120 MHz, 3996 MHz, 0 %, 0 %
2026/03/23 13:32:37.229, 7, 176.58 W, 27, 120 MHz, 3996 MHz, 0 %, 0 %
2026/03/23 13:32:38.229, 0, 228.26 W, 27, 2032 MHz, 3996 MHz, 0 %, 0 %
2026/03/23 13:32:38.229, 1, 233.16 W, 30, 2032 MHz, 3996 MHz, 0 %, 0 %
2026/03/23 13:32:38.229, 2, 234.01 W, 27, 2032 MHz, 3996 MHz, 0 %, 0 %
2026/03/23 13:32:38.229, 3, 233.93 W, 30, 2032 MHz, 3996 MHz, 0 %, 0 %
2026/03/23 13:32:38.229, 4, 179.15 W, 25, 120 MHz, 3996 MHz, 0 %, 0 %
2026/03/23 13:32:38.229, 5, 180.58 W, 28, 120 MHz, 3996 MHz, 0 %, 0 %
2026/03/23 13:32:38.229, 6, 178.25 W, 26, 120 MHz, 3996 MHz, 0 %, 0 %
2026/03/23 13:32:38.229, 7, 176.58 W, 27, 120 MHz, 3996 MHz, 0 %, 0 %
2026/03/23 13:32:39.229, 0, 228.26 W, 27, 2032 MHz, 3996 MHz, 0 %, 0 %
2026/03/23 13:32:39.229, 1, 233.16 W, 30, 2032 MHz, 3996 MHz, 0 %, 0 %
2026/03/23 13:32:39.229, 2, 234.00 W, 27, 2032 MHz, 3996 MHz, 0 %, 0 %
2026/03/23 13:32:39.229, 3, 233.76 W, 30, 2032 MHz, 3996 MHz, 0 %, 0 %
2026/03/23 13:32:39.229, 4, 179.03 W, 25, 120 MHz, 3996 MHz, 0 %, 0 %
2026/03/23 13:32:39.229, 5, 180.58 W, 28, 120 MHz, 3996 MHz, 0 %, 0 %
2026/03/23 13:32:39.229, 6, 178.25 W, 26, 120 MHz, 3996 MHz, 0 %, 0 %
2026/03/23 13:32:39.229, 7, 176.58 W, 27, 120 MHz, 3996 MHz, 0 %, 0 %
2026/03/23 13:32:40.229, 0, 228.57 W, 27, 2032 MHz, 3996 MHz, 0 %, 0 %
2026/03/23 13:32:40.229, 1, 233.20 W, 30, 2032 MHz, 3996 MHz, 0 %, 0 %
2026/03/23 13:32:40.229, 2, 233.99 W, 27, 2032 MHz, 3996 MHz, 0 %, 0 %
2026/03/23 13:32:40.229, 3, 234.22 W, 30, 2032 MHz, 3996 MHz, 0 %, 0 %
2026/03/23 13:32:40.230, 4, 179.07 W, 25, 120 MHz, 3996 MHz, 0 %, 0 %
2026/03/23 13:32:40.230, 5, 180.58 W, 28, 120 MHz, 3996 MHz, 0 %, 0 %
2026/03/23 13:32:40.230, 6, 178.34 W, 26, 120 MHz, 3996 MHz, 0 %, 0 %
2026/03/23 13:32:40.230, 7, 176.58 W, 27, 120 MHz, 3996 MHz, 0 %, 0 %
2026/03/23 13:32:41.230, 0, 229.02 W, 27, 2032 MHz, 3996 MHz, 0 %, 0 %
2026/03/23 13:32:41.230, 1, 233.20 W, 30, 2032 MHz, 3996 MHz, 0 %, 0 %
2026/03/23 13:32:41.230, 2, 233.96 W, 27, 2032 MHz, 3996 MHz, 0 %, 0 %
2026/03/23 13:32:41.230, 3, 234.30 W, 30, 2032 MHz, 3996 MHz, 0 %, 0 %
2026/03/23 13:32:41.230, 4, 179.06 W, 25, 120 MHz, 3996 MHz, 0 %, 0 %
2026/03/23 13:32:41.230, 5, 180.58 W, 28, 120 MHz, 3996 MHz, 0 %, 0 %
2026/03/23 13:32:41.230, 6, 178.52 W, 26, 120 MHz, 3996 MHz, 0 %, 0 %
2026/03/23 13:32:41.230, 7, 176.58 W, 27, 120 MHz, 3996 MHz, 0 %, 0 %
2026/03/23 13:32:42.230, 0, 229.35 W, 27, 2032 MHz, 3996 MHz, 0 %, 0 %
2026/03/23 13:32:42.230, 1, 233.16 W, 29, 2032 MHz, 3996 MHz, 0 %, 0 %
2026/03/23 13:32:42.230, 2, 233.98 W, 27, 2032 MHz, 3996 MHz, 0 %, 0 %
2026/03/23 13:32:42.230, 3, 234.99 W, 30, 2032 MHz, 3996 MHz, 0 %, 0 %
2026/03/23 13:32:42.230, 4, 179.03 W, 25, 120 MHz, 3996 MHz, 0 %, 0 %
2026/03/23 13:32:42.230, 5, 180.58 W, 28, 120 MHz, 3996 MHz, 0 %, 0 %
2026/03/23 13:32:42.230, 6, 178.45 W, 26, 120 MHz, 3996 MHz, 0 %, 0 %
2026/03/23 13:32:42.230, 7, 176.58 W, 27, 120 MHz, 3996 MHz, 0 %, 0 %
2026/03/23 13:32:43.230, 0, 228.98 W, 27, 2032 MHz, 3996 MHz, 0 %, 0 %
2026/03/23 13:32:43.230, 1, 233.20 W, 29, 2032 MHz, 3996 MHz, 0 %, 0 %
2026/03/23 13:32:43.230, 2, 233.96 W, 27, 2032 MHz, 3996 MHz, 0 %, 0 %
2026/03/23 13:32:43.230, 3, 235.06 W, 30, 2032 MHz, 3996 MHz, 0 %, 0 %
2026/03/23 13:32:43.230, 4, 179.12 W, 25, 120 MHz, 3996 MHz, 0 %, 0 %
2026/03/23 13:32:43.230, 5, 180.58 W, 28, 120 MHz, 3996 MHz, 0 %, 0 %
2026/03/23 13:32:43.230, 6, 178.38 W, 26, 120 MHz, 3996 MHz, 0 %, 0 %
2026/03/23 13:32:43.230, 7, 176.58 W, 27, 120 MHz, 3996 MHz, 0 %, 0 %
2026/03/23 13:32:44.230, 0, 229.13 W, 27, 2032 MHz, 3996 MHz, 0 %, 0 %
2026/03/23 13:32:44.230, 1, 233.28 W, 29, 2032 MHz, 3996 MHz, 0 %, 0 %
2026/03/23 13:32:44.230, 2, 233.95 W, 27, 2032 MHz, 3996 MHz, 0 %, 0 %
2026/03/23 13:32:44.230, 3, 235.07 W, 30, 2032 MHz, 3996 MHz, 0 %, 0 %
2026/03/23 13:32:44.230, 4, 179.14 W, 25, 120 MHz, 3996 MHz, 0 %, 0 %
2026/03/23 13:32:44.230, 5, 180.58 W, 28, 120 MHz, 3996 MHz, 0 %, 0 %
2026/03/23 13:32:44.230, 6, 178.21 W, 26, 120 MHz, 3996 MHz, 0 %, 0 %
2026/03/23 13:32:44.230, 7, 176.58 W, 27, 120 MHz, 3996 MHz, 0 %, 0 %
2026/03/23 13:32:45.230, 0, 228.94 W, 27, 2032 MHz, 3996 MHz, 0 %, 0 %
2026/03/23 13:32:45.230, 1, 233.16 W, 29, 2032 MHz, 3996 MHz, 0 %, 0 %
2026/03/23 13:32:45.230, 2, 233.96 W, 27, 2032 MHz, 3996 MHz, 0 %, 0 %
2026/03/23 13:32:45.230, 3, 235.12 W, 30, 2032 MHz, 3996 MHz, 0 %, 0 %
2026/03/23 13:32:45.230, 4, 179.17 W, 25, 120 MHz, 3996 MHz, 0 %, 0 %
2026/03/23 13:32:45.230, 5, 180.58 W, 28, 120 MHz, 3996 MHz, 0 %, 0 %
2026/03/23 13:32:45.230, 6, 178.25 W, 26, 120 MHz, 3996 MHz, 0 %, 0 %
2026/03/23 13:32:45.230, 7, 176.58 W, 27, 120 MHz, 3996 MHz, 0 %, 0 %
2026/03/23 13:32:46.230, 0, 228.79 W, 27, 2032 MHz, 3996 MHz, 0 %, 0 %
2026/03/23 13:32:46.230, 1, 233.16 W, 29, 2032 MHz, 3996 MHz, 0 %, 0 %
2026/03/23 13:32:46.230, 2, 234.00 W, 27, 2032 MHz, 3996 MHz, 0 %, 0 %
2026/03/23 13:32:46.230, 3, 234.87 W, 30, 2032 MHz, 3996 MHz, 0 %, 0 %
2026/03/23 13:32:46.230, 4, 179.02 W, 25, 120 MHz, 3996 MHz, 0 %, 0 %
2026/03/23 13:32:46.230, 5, 180.58 W, 28, 120 MHz, 3996 MHz, 0 %, 0 %
2026/03/23 13:32:46.230, 6, 178.21 W, 26, 120 MHz, 3996 MHz, 0 %, 0 %
2026/03/23 13:32:46.231, 7, 176.58 W, 27, 120 MHz, 3996 MHz, 0 %, 0 %
2026/03/23 13:32:47.231, 0, 228.80 W, 27, 2032 MHz, 3996 MHz, 0 %, 0 %
2026/03/23 13:32:47.231, 1, 233.20 W, 29, 2032 MHz, 3996 MHz, 0 %, 0 %
2026/03/23 13:32:47.231, 2, 233.98 W, 27, 2032 MHz, 3996 MHz, 0 %, 0 %
2026/03/23 13:32:47.231, 3, 235.01 W, 30, 2032 MHz, 3996 MHz, 0 %, 0 %
2026/03/23 13:32:47.231, 4, 179.10 W, 25, 120 MHz, 3996 MHz, 0 %, 0 %
2026/03/23 13:32:47.231, 5, 180.58 W, 28, 120 MHz, 3996 MHz, 0 %, 0 %
2026/03/23 13:32:47.231, 6, 178.41 W, 26, 120 MHz, 3996 MHz, 0 %, 0 %
2026/03/23 13:32:47.231, 7, 176.58 W, 27, 120 MHz, 3996 MHz, 0 %, 0 %
2026/03/23 13:32:48.231, 0, 229.07 W, 27, 2032 MHz, 3996 MHz, 0 %, 0 %
2026/03/23 13:32:48.231, 1, 233.16 W, 29, 2032 MHz, 3996 MHz, 0 %, 0 %
2026/03/23 13:32:48.231, 2, 233.97 W, 27, 2032 MHz, 3996 MHz, 0 %, 0 %
2026/03/23 13:32:48.231, 3, 235.11 W, 30, 2032 MHz, 3996 MHz, 0 %, 0 %
2026/03/23 13:32:48.231, 4, 179.02 W, 25, 120 MHz, 3996 MHz, 0 %, 0 %
2026/03/23 13:32:48.231, 5, 180.58 W, 28, 120 MHz, 3996 MHz, 0 %, 0 %
2026/03/23 13:32:48.231, 6, 178.45 W, 26, 120 MHz, 3996 MHz, 0 %, 0 %
2026/03/23 13:32:48.231, 7, 176.58 W, 27, 120 MHz, 3996 MHz, 0 %, 0 %
2026/03/23 13:32:49.231, 0, 228.87 W, 27, 2032 MHz, 3996 MHz, 0 %, 0 %
2026/03/23 13:32:49.231, 1, 233.16 W, 29, 2032 MHz, 3996 MHz, 0 %, 0 %
2026/03/23 13:32:49.231, 2, 233.98 W, 27, 2032 MHz, 3996 MHz, 0 %, 0 %
2026/03/23 13:32:49.231, 3, 234.92 W, 30, 2032 MHz, 3996 MHz, 0 %, 0 %
2026/03/23 13:32:49.231, 4, 179.10 W, 25, 120 MHz, 3996 MHz, 0 %, 0 %
2026/03/23 13:32:49.231, 5, 180.58 W, 28, 120 MHz, 3996 MHz, 0 %, 0 %
2026/03/23 13:32:49.231, 6, 178.22 W, 26, 120 MHz, 3996 MHz, 0 %, 0 %
2026/03/23 13:32:49.231, 7, 176.58 W, 27, 120 MHz, 3996 MHz, 0 %, 0 %
2026/03/23 13:32:50.231, 0, 229.04 W, 27, 2032 MHz, 3996 MHz, 0 %, 0 %
2026/03/23 13:32:50.231, 1, 233.16 W, 29, 2032 MHz, 3996 MHz, 0 %, 0 %
2026/03/23 13:32:50.231, 2, 233.99 W, 27, 2032 MHz, 3996 MHz, 0 %, 0 %
2026/03/23 13:32:50.231, 3, 235.13 W, 30, 2032 MHz, 3996 MHz, 0 %, 0 %
2026/03/23 13:32:50.231, 4, 179.55 W, 25, 120 MHz, 3996 MHz, 0 %, 0 %
2026/03/23 13:32:50.231, 5, 180.58 W, 28, 120 MHz, 3996 MHz, 0 %, 0 %
2026/03/23 13:32:50.231, 6, 178.45 W, 26, 120 MHz, 3996 MHz, 0 %, 0 %
2026/03/23 13:32:50.231, 7, 176.58 W, 27, 120 MHz, 3996 MHz, 0 %, 0 %
2026/03/23 13:32:51.231, 0, 228.88 W, 27, 2032 MHz, 3996 MHz, 0 %, 0 %
2026/03/23 13:32:51.231, 1, 233.16 W, 29, 2032 MHz, 3996 MHz, 0 %, 0 %
2026/03/23 13:32:51.231, 2, 234.00 W, 27, 2032 MHz, 3996 MHz, 0 %, 0 %
2026/03/23 13:32:51.231, 3, 235.13 W, 30, 2032 MHz, 3996 MHz, 0 %, 0 %
2026/03/23 13:32:51.231, 4, 179.02 W, 25, 120 MHz, 3996 MHz, 0 %, 0 %
2026/03/23 13:32:51.231, 5, 180.58 W, 28, 120 MHz, 3996 MHz, 0 %, 0 %
2026/03/23 13:32:51.231, 6, 178.30 W, 26, 120 MHz, 3996 MHz, 0 %, 0 %
2026/03/23 13:32:51.231, 7, 176.58 W, 27, 120 MHz, 3996 MHz, 0 %, 0 %
2026/03/23 13:32:52.231, 0, 229.17 W, 27, 2032 MHz, 3996 MHz, 0 %, 0 %
2026/03/23 13:32:52.231, 1, 233.16 W, 29, 2032 MHz, 3996 MHz, 0 %, 0 %
2026/03/23 13:32:52.232, 2, 233.96 W, 27, 2032 MHz, 3996 MHz, 0 %, 0 %
2026/03/23 13:32:52.232, 3, 234.96 W, 30, 2032 MHz, 3996 MHz, 0 %, 0 %
2026/03/23 13:32:52.232, 4, 179.23 W, 25, 120 MHz, 3996 MHz, 0 %, 0 %
2026/03/23 13:32:52.232, 5, 180.58 W, 28, 120 MHz, 3996 MHz, 0 %, 0 %
2026/03/23 13:32:52.232, 6, 178.57 W, 26, 120 MHz, 3996 MHz, 0 %, 0 %
2026/03/23 13:32:52.232, 7, 176.58 W, 27, 120 MHz, 3996 MHz, 0 %, 0 %
2026/03/23 13:32:53.232, 0, 229.13 W, 27, 2032 MHz, 3996 MHz, 0 %, 0 %
2026/03/23 13:32:53.232, 1, 233.16 W, 29, 2032 MHz, 3996 MHz, 0 %, 0 %
2026/03/23 13:32:53.232, 2, 233.99 W, 27, 2032 MHz, 3996 MHz, 0 %, 0 %
2026/03/23 13:32:53.232, 3, 235.10 W, 30, 2032 MHz, 3996 MHz, 0 %, 0 %
2026/03/23 13:32:53.232, 4, 179.07 W, 25, 120 MHz, 3996 MHz, 0 %, 0 %
2026/03/23 13:32:53.232, 5, 180.58 W, 28, 120 MHz, 3996 MHz, 0 %, 0 %
2026/03/23 13:32:53.232, 6, 178.41 W, 26, 120 MHz, 3996 MHz, 0 %, 0 %
2026/03/23 13:32:53.232, 7, 176.58 W, 27, 120 MHz, 3996 MHz, 0 %, 0 %
2026/03/23 13:32:54.232, 0, 228.84 W, 27, 2032 MHz, 3996 MHz, 0 %, 0 %
2026/03/23 13:32:54.232, 1, 233.16 W, 29, 2032 MHz, 3996 MHz, 0 %, 0 %
2026/03/23 13:32:54.232, 2, 233.99 W, 27, 2032 MHz, 3996 MHz, 0 %, 0 %
2026/03/23 13:32:54.232, 3, 235.06 W, 30, 2032 MHz, 3996 MHz, 0 %, 0 %
2026/03/23 13:32:54.232, 4, 179.13 W, 25, 120 MHz, 3996 MHz, 0 %, 0 %
2026/03/23 13:32:54.232, 5, 180.58 W, 28, 120 MHz, 3996 MHz, 0 %, 0 %
2026/03/23 13:32:54.232, 6, 178.49 W, 26, 120 MHz, 3996 MHz, 0 %, 0 %
2026/03/23 13:32:54.232, 7, 176.58 W, 27, 120 MHz, 3996 MHz, 0 %, 0 %
2026/03/23 13:32:55.232, 0, 228.87 W, 27, 2032 MHz, 3996 MHz, 0 %, 0 %
2026/03/23 13:32:55.232, 1, 233.16 W, 29, 2032 MHz, 3996 MHz, 0 %, 0 %
2026/03/23 13:32:55.232, 2, 233.97 W, 27, 2032 MHz, 3996 MHz, 0 %, 0 %
2026/03/23 13:32:55.232, 3, 235.01 W, 30, 2032 MHz, 3996 MHz, 0 %, 0 %
2026/03/23 13:32:55.232, 4, 179.13 W, 25, 120 MHz, 3996 MHz, 0 %, 0 %
2026/03/23 13:32:55.232, 5, 180.58 W, 28, 120 MHz, 3996 MHz, 0 %, 0 %
2026/03/23 13:32:55.232, 6, 178.52 W, 26, 120 MHz, 3996 MHz, 0 %, 0 %
2026/03/23 13:32:55.232, 7, 176.58 W, 27, 120 MHz, 3996 MHz, 0 %, 0 %
2026/03/23 13:32:56.232, 0, 228.84 W, 27, 2032 MHz, 3996 MHz, 0 %, 0 %
2026/03/23 13:32:56.232, 1, 233.16 W, 29, 2032 MHz, 3996 MHz, 0 %, 0 %
2026/03/23 13:32:56.232, 2, 234.00 W, 27, 2032 MHz, 3996 MHz, 0 %, 0 %
2026/03/23 13:32:56.232, 3, 234.78 W, 30, 2032 MHz, 3996 MHz, 0 %, 0 %
2026/03/23 13:32:56.232, 4, 179.10 W, 25, 120 MHz, 3996 MHz, 0 %, 0 %
2026/03/23 13:32:56.232, 5, 180.58 W, 28, 120 MHz, 3996 MHz, 0 %, 0 %
2026/03/23 13:32:56.232, 6, 178.41 W, 26, 120 MHz, 3996 MHz, 0 %, 0 %
2026/03/23 13:32:56.232, 7, 176.58 W, 27, 120 MHz, 3996 MHz, 0 %, 0 %
2026/03/23 13:32:57.232, 0, 229.32 W, 27, 2032 MHz, 3996 MHz, 0 %, 0 %
2026/03/23 13:32:57.232, 1, 233.16 W, 29, 2032 MHz, 3996 MHz, 0 %, 0 %
2026/03/23 13:32:57.232, 2, 234.02 W, 27, 2032 MHz, 3996 MHz, 0 %, 0 %
2026/03/23 13:32:57.232, 3, 234.77 W, 30, 2032 MHz, 3996 MHz, 0 %, 0 %
2026/03/23 13:32:57.232, 4, 178.94 W, 25, 120 MHz, 3996 MHz, 0 %, 0 %
2026/03/23 13:32:57.232, 5, 180.58 W, 28, 120 MHz, 3996 MHz, 0 %, 0 %
2026/03/23 13:32:57.232, 6, 178.25 W, 26, 120 MHz, 3996 MHz, 0 %, 0 %
2026/03/23 13:32:57.232, 7, 176.58 W, 27, 120 MHz, 3996 MHz, 0 %, 0 %
2026/03/23 13:32:58.232, 0, 229.02 W, 27, 2032 MHz, 3996 MHz, 0 %, 0 %
2026/03/23 13:32:58.232, 1, 233.16 W, 29, 2032 MHz, 3996 MHz, 0 %, 0 %
2026/03/23 13:32:58.232, 2, 234.01 W, 27, 2032 MHz, 3996 MHz, 0 %, 0 %
2026/03/23 13:32:58.232, 3, 234.88 W, 30, 2032 MHz, 3996 MHz, 0 %, 0 %
2026/03/23 13:32:58.232, 4, 179.17 W, 25, 120 MHz, 3996 MHz, 0 %, 0 %
2026/03/23 13:32:58.232, 5, 180.58 W, 28, 120 MHz, 3996 MHz, 0 %, 0 %
2026/03/23 13:32:58.232, 6, 178.45 W, 26, 120 MHz, 3996 MHz, 0 %, 0 %
2026/03/23 13:32:58.233, 7, 176.58 W, 27, 120 MHz, 3996 MHz, 0 %, 0 %
2026/03/23 13:32:59.233, 0, 228.88 W, 27, 2032 MHz, 3996 MHz, 0 %, 0 %
2026/03/23 13:32:59.233, 1, 233.16 W, 29, 2032 MHz, 3996 MHz, 0 %, 0 %
2026/03/23 13:32:59.233, 2, 233.99 W, 27, 2032 MHz, 3996 MHz, 0 %, 0 %
2026/03/23 13:32:59.233, 3, 234.90 W, 30, 2032 MHz, 3996 MHz, 0 %, 0 %
2026/03/23 13:32:59.233, 4, 178.82 W, 25, 120 MHz, 3996 MHz, 0 %, 0 %
2026/03/23 13:32:59.233, 5, 180.58 W, 28, 120 MHz, 3996 MHz, 0 %, 0 %
2026/03/23 13:32:59.233, 6, 178.37 W, 26, 120 MHz, 3996 MHz, 0 %, 0 %
2026/03/23 13:32:59.233, 7, 176.58 W, 27, 120 MHz, 3996 MHz, 0 %, 0 %
2026/03/23 13:33:00.233, 0, 228.94 W, 27, 2032 MHz, 3996 MHz, 0 %, 0 %
2026/03/23 13:33:00.233, 1, 233.16 W, 29, 2032 MHz, 3996 MHz, 0 %, 0 %
2026/03/23 13:33:00.233, 2, 234.02 W, 27, 2032 MHz, 3996 MHz, 0 %, 0 %
2026/03/23 13:33:00.233, 3, 234.65 W, 30, 2032 MHz, 3996 MHz, 0 %, 0 %
2026/03/23 13:33:00.233, 4, 179.02 W, 25, 120 MHz, 3996 MHz, 0 %, 0 %
2026/03/23 13:33:00.233, 5, 180.58 W, 28, 120 MHz, 3996 MHz, 0 %, 0 %
2026/03/23 13:33:00.233, 6, 178.18 W, 26, 120 MHz, 3996 MHz, 0 %, 0 %
2026/03/23 13:33:00.233, 7, 176.58 W, 27, 120 MHz, 3996 MHz, 0 %, 0 %
2026/03/23 13:33:01.233, 0, 229.02 W, 27, 2032 MHz, 3996 MHz, 0 %, 0 %
2026/03/23 13:33:01.233, 1, 233.16 W, 29, 2032 MHz, 3996 MHz, 0 %, 0 %
2026/03/23 13:33:01.233, 2, 234.00 W, 27, 2032 MHz, 3996 MHz, 0 %, 0 %
2026/03/23 13:33:01.233, 3, 234.79 W, 30, 2032 MHz, 3996 MHz, 0 %, 0 %
2026/03/23 13:33:01.233, 4, 179.12 W, 25, 120 MHz, 3996 MHz, 0 %, 0 %
2026/03/23 13:33:01.233, 5, 180.58 W, 28, 120 MHz, 3996 MHz, 0 %, 0 %
2026/03/23 13:33:01.233, 6, 178.45 W, 26, 120 MHz, 3996 MHz, 0 %, 0 %
2026/03/23 13:33:01.233, 7, 176.58 W, 27, 120 MHz, 3996 MHz, 0 %, 0 %
2026/03/23 13:33:02.233, 0, 229.15 W, 27, 2032 MHz, 3996 MHz, 0 %, 0 %
2026/03/23 13:33:02.233, 1, 233.16 W, 29, 2032 MHz, 3996 MHz, 0 %, 0 %
2026/03/23 13:33:02.233, 2, 234.00 W, 27, 2032 MHz, 3996 MHz, 0 %, 0 %
2026/03/23 13:33:02.233, 3, 234.79 W, 30, 2032 MHz, 3996 MHz, 0 %, 0 %
2026/03/23 13:33:02.233, 4, 178.97 W, 25, 120 MHz, 3996 MHz, 0 %, 0 %
2026/03/23 13:33:02.233, 5, 180.58 W, 28, 120 MHz, 3996 MHz, 0 %, 0 %
2026/03/23 13:33:02.233, 6, 178.25 W, 26, 120 MHz, 3996 MHz, 0 %, 0 %
2026/03/23 13:33:02.233, 7, 176.58 W, 27, 120 MHz, 3996 MHz, 0 %, 0 %
2026/03/23 13:33:03.233, 0, 229.13 W, 27, 2032 MHz, 3996 MHz, 0 %, 0 %
2026/03/23 13:33:03.233, 1, 233.16 W, 29, 2032 MHz, 3996 MHz, 0 %, 0 %
2026/03/23 13:33:03.233, 2, 234.01 W, 27, 2032 MHz, 3996 MHz, 0 %, 0 %
2026/03/23 13:33:03.233, 3, 234.76 W, 30, 2032 MHz, 3996 MHz, 0 %, 0 %
2026/03/23 13:33:03.233, 4, 179.03 W, 25, 120 MHz, 3996 MHz, 0 %, 0 %
2026/03/23 13:33:03.233, 5, 180.58 W, 28, 120 MHz, 3996 MHz, 0 %, 0 %
2026/03/23 13:33:03.233, 6, 178.49 W, 26, 120 MHz, 3996 MHz, 0 %, 0 %
2026/03/23 13:33:03.233, 7, 176.58 W, 27, 120 MHz, 3996 MHz, 0 %, 0 %
2026/03/23 13:33:04.233, 0, 228.94 W, 27, 2032 MHz, 3996 MHz, 0 %, 0 %
2026/03/23 13:33:04.233, 1, 233.16 W, 29, 2032 MHz, 3996 MHz, 0 %, 0 %
2026/03/23 13:33:04.233, 2, 234.00 W, 27, 2032 MHz, 3996 MHz, 0 %, 0 %
2026/03/23 13:33:04.233, 3, 234.46 W, 30, 2032 MHz, 3996 MHz, 0 %, 0 %
2026/03/23 13:33:04.233, 4, 179.38 W, 25, 120 MHz, 3996 MHz, 0 %, 0 %
2026/03/23 13:33:04.233, 5, 180.58 W, 28, 120 MHz, 3996 MHz, 0 %, 0 %
2026/03/23 13:33:04.233, 6, 178.34 W, 26, 120 MHz, 3996 MHz, 0 %, 0 %
2026/03/23 13:33:04.233, 7, 176.58 W, 27, 120 MHz, 3996 MHz, 0 %, 0 %
2026/03/23 13:33:05.234, 0, 229.07 W, 27, 2032 MHz, 3996 MHz, 0 %, 0 %
2026/03/23 13:33:05.234, 1, 233.16 W, 29, 2032 MHz, 3996 MHz, 0 %, 0 %
2026/03/23 13:33:05.234, 2, 233.97 W, 27, 2032 MHz, 3996 MHz, 0 %, 0 %
2026/03/23 13:33:05.234, 3, 234.83 W, 30, 2032 MHz, 3996 MHz, 0 %, 0 %
2026/03/23 13:33:05.234, 4, 178.98 W, 25, 120 MHz, 3996 MHz, 0 %, 0 %
2026/03/23 13:33:05.234, 5, 180.58 W, 28, 120 MHz, 3996 MHz, 0 %, 0 %
2026/03/23 13:33:05.234, 6, 178.25 W, 26, 120 MHz, 3996 MHz, 0 %, 0 %
2026/03/23 13:33:05.234, 7, 176.58 W, 27, 120 MHz, 3996 MHz, 0 %, 0 %
2026/03/23 13:33:06.234, 0, 228.88 W, 27, 2032 MHz, 3996 MHz, 0 %, 0 %
2026/03/23 13:33:06.234, 1, 233.16 W, 29, 2032 MHz, 3996 MHz, 0 %, 0 %
2026/03/23 13:33:06.234, 2, 233.95 W, 27, 2032 MHz, 3996 MHz, 0 %, 0 %
2026/03/23 13:33:06.234, 3, 234.70 W, 30, 2032 MHz, 3996 MHz, 0 %, 0 %
2026/03/23 13:33:06.234, 4, 179.15 W, 25, 120 MHz, 3996 MHz, 0 %, 0 %
2026/03/23 13:33:06.234, 5, 180.58 W, 28, 120 MHz, 3996 MHz, 0 %, 0 %
2026/03/23 13:33:06.234, 6, 178.44 W, 26, 120 MHz, 3996 MHz, 0 %, 0 %
2026/03/23 13:33:06.234, 7, 176.58 W, 27, 120 MHz, 3996 MHz, 0 %, 0 %
2026/03/23 13:33:07.234, 0, 229.06 W, 27, 2032 MHz, 3996 MHz, 0 %, 0 %
2026/03/23 13:33:07.234, 1, 233.20 W, 29, 2032 MHz, 3996 MHz, 0 %, 0 %
2026/03/23 13:33:07.234, 2, 233.92 W, 27, 2032 MHz, 3996 MHz, 0 %, 0 %
2026/03/23 13:33:07.234, 3, 234.93 W, 30, 2032 MHz, 3996 MHz, 0 %, 0 %
2026/03/23 13:33:07.234, 4, 178.92 W, 25, 120 MHz, 3996 MHz, 0 %, 0 %
2026/03/23 13:33:07.234, 5, 180.58 W, 28, 120 MHz, 3996 MHz, 0 %, 0 %
2026/03/23 13:33:07.234, 6, 178.15 W, 26, 120 MHz, 3996 MHz, 0 %, 0 %
2026/03/23 13:33:07.234, 7, 176.58 W, 27, 120 MHz, 3996 MHz, 0 %, 0 %
2026/03/23 13:33:08.234, 0, 229.06 W, 27, 2032 MHz, 3996 MHz, 0 %, 0 %
2026/03/23 13:33:08.234, 1, 233.16 W, 29, 2032 MHz, 3996 MHz, 0 %, 0 %
2026/03/23 13:33:08.234, 2, 233.95 W, 27, 2032 MHz, 3996 MHz, 0 %, 0 %
2026/03/23 13:33:08.234, 3, 234.73 W, 30, 2032 MHz, 3996 MHz, 0 %, 0 %
2026/03/23 13:33:08.234, 4, 179.17 W, 25, 120 MHz, 3996 MHz, 0 %, 0 %
2026/03/23 13:33:08.234, 5, 180.58 W, 28, 120 MHz, 3996 MHz, 0 %, 0 %
2026/03/23 13:33:08.234, 6, 178.56 W, 26, 120 MHz, 3996 MHz, 0 %, 0 %
2026/03/23 13:33:08.234, 7, 176.58 W, 27, 120 MHz, 3996 MHz, 0 %, 0 %
2026/03/23 13:33:09.234, 0, 229.05 W, 27, 2032 MHz, 3996 MHz, 0 %, 0 %
2026/03/23 13:33:09.234, 1, 233.16 W, 29, 2032 MHz, 3996 MHz, 0 %, 0 %
2026/03/23 13:33:09.234, 2, 233.99 W, 27, 2032 MHz, 3996 MHz, 0 %, 0 %
2026/03/23 13:33:09.234, 3, 234.94 W, 30, 2032 MHz, 3996 MHz, 0 %, 0 %
2026/03/23 13:33:09.234, 4, 179.05 W, 25, 120 MHz, 3996 MHz, 0 %, 0 %
2026/03/23 13:33:09.234, 5, 180.58 W, 28, 120 MHz, 3996 MHz, 0 %, 0 %
2026/03/23 13:33:09.234, 6, 178.38 W, 26, 120 MHz, 3996 MHz, 0 %, 0 %
2026/03/23 13:33:09.234, 7, 176.58 W, 27, 120 MHz, 3996 MHz, 0 %, 0 %
2026/03/23 13:33:10.234, 0, 229.00 W, 27, 2032 MHz, 3996 MHz, 0 %, 0 %
2026/03/23 13:33:10.234, 1, 233.16 W, 29, 2032 MHz, 3996 MHz, 0 %, 0 %
2026/03/23 13:33:10.234, 2, 234.00 W, 27, 2032 MHz, 3996 MHz, 0 %, 0 %
2026/03/23 13:33:10.234, 3, 234.77 W, 30, 2032 MHz, 3996 MHz, 0 %, 0 %
2026/03/23 13:33:10.234, 4, 179.02 W, 25, 120 MHz, 3996 MHz, 0 %, 0 %
2026/03/23 13:33:10.234, 5, 180.58 W, 28, 120 MHz, 3996 MHz, 0 %, 0 %
2026/03/23 13:33:10.234, 6, 178.18 W, 26, 120 MHz, 3996 MHz, 0 %, 0 %
2026/03/23 13:33:10.234, 7, 176.58 W, 27, 120 MHz, 3996 MHz, 0 %, 0 %
2026/03/23 13:33:11.234, 0, 229.05 W, 27, 2032 MHz, 3996 MHz, 0 %, 0 %
2026/03/23 13:33:11.234, 1, 233.16 W, 29, 2032 MHz, 3996 MHz, 0 %, 0 %
2026/03/23 13:33:11.234, 2, 233.96 W, 27, 2032 MHz, 3996 MHz, 0 %, 0 %
2026/03/23 13:33:11.234, 3, 234.96 W, 30, 2032 MHz, 3996 MHz, 0 %, 0 %
2026/03/23 13:33:11.234, 4, 179.08 W, 25, 120 MHz, 3996 MHz, 0 %, 0 %
2026/03/23 13:33:11.234, 5, 180.58 W, 28, 120 MHz, 3996 MHz, 0 %, 0 %
2026/03/23 13:33:11.235, 6, 178.40 W, 26, 120 MHz, 3996 MHz, 0 %, 0 %
2026/03/23 13:33:11.235, 7, 176.58 W, 27, 120 MHz, 3996 MHz, 0 %, 0 %
2026/03/23 13:33:12.235, 0, 228.80 W, 27, 2032 MHz, 3996 MHz, 0 %, 0 %
2026/03/23 13:33:12.235, 1, 233.16 W, 29, 2032 MHz, 3996 MHz, 0 %, 0 %
2026/03/23 13:33:12.235, 2, 233.98 W, 27, 2032 MHz, 3996 MHz, 0 %, 0 %
2026/03/23 13:33:12.235, 3, 235.01 W, 30, 2032 MHz, 3996 MHz, 0 %, 0 %
2026/03/23 13:33:12.235, 4, 179.50 W, 25, 120 MHz, 3996 MHz, 0 %, 0 %
2026/03/23 13:33:12.235, 5, 180.58 W, 28, 120 MHz, 3996 MHz, 0 %, 0 %
2026/03/23 13:33:12.235, 6, 178.41 W, 26, 120 MHz, 3996 MHz, 0 %, 0 %
2026/03/23 13:33:12.235, 7, 176.58 W, 27, 120 MHz, 3996 MHz, 0 %, 0 %
2026/03/23 13:33:13.235, 0, 229.28 W, 27, 2032 MHz, 3996 MHz, 0 %, 0 %
2026/03/23 13:33:13.235, 1, 233.16 W, 29, 2032 MHz, 3996 MHz, 0 %, 0 %
2026/03/23 13:33:13.235, 2, 233.99 W, 27, 2032 MHz, 3996 MHz, 0 %, 0 %
2026/03/23 13:33:13.235, 3, 235.02 W, 30, 2032 MHz, 3996 MHz, 0 %, 0 %
2026/03/23 13:33:13.235, 4, 179.17 W, 25, 120 MHz, 3996 MHz, 0 %, 0 %
2026/03/23 13:33:13.235, 5, 180.58 W, 28, 120 MHz, 3996 MHz, 0 %, 0 %
2026/03/23 13:33:13.235, 6, 178.49 W, 26, 120 MHz, 3996 MHz, 0 %, 0 %
2026/03/23 13:33:13.235, 7, 176.58 W, 27, 120 MHz, 3996 MHz, 0 %, 0 %
2026/03/23 13:33:14.235, 0, 229.05 W, 27, 2032 MHz, 3996 MHz, 0 %, 0 %
2026/03/23 13:33:14.235, 1, 233.16 W, 29, 2032 MHz, 3996 MHz, 0 %, 0 %
2026/03/23 13:33:14.235, 2, 233.97 W, 27, 2032 MHz, 3996 MHz, 0 %, 0 %
2026/03/23 13:33:14.235, 3, 234.92 W, 30, 2032 MHz, 3996 MHz, 0 %, 0 %
2026/03/23 13:33:14.235, 4, 179.35 W, 25, 120 MHz, 3996 MHz, 0 %, 0 %
2026/03/23 13:33:14.235, 5, 180.58 W, 28, 120 MHz, 3996 MHz, 0 %, 0 %
2026/03/23 13:33:14.235, 6, 178.37 W, 26, 120 MHz, 3996 MHz, 0 %, 0 %
2026/03/23 13:33:14.235, 7, 176.58 W, 27, 120 MHz, 3996 MHz, 0 %, 0 %
2026/03/23 13:33:15.235, 0, 228.98 W, 27, 2032 MHz, 3996 MHz, 0 %, 0 %
2026/03/23 13:33:15.235, 1, 233.16 W, 29, 2032 MHz, 3996 MHz, 0 %, 0 %
2026/03/23 13:33:15.235, 2, 233.98 W, 27, 2032 MHz, 3996 MHz, 0 %, 0 %
2026/03/23 13:33:15.235, 3, 234.74 W, 30, 2032 MHz, 3996 MHz, 0 %, 0 %
2026/03/23 13:33:15.235, 4, 179.05 W, 25, 120 MHz, 3996 MHz, 0 %, 0 %
2026/03/23 13:33:15.235, 5, 180.58 W, 28, 120 MHz, 3996 MHz, 0 %, 0 %
2026/03/23 13:33:15.235, 6, 178.30 W, 26, 120 MHz, 3996 MHz, 0 %, 0 %
2026/03/23 13:33:15.235, 7, 176.58 W, 27, 120 MHz, 3996 MHz, 0 %, 0 %
2026/03/23 13:33:16.235, 0, 228.88 W, 27, 2032 MHz, 3996 MHz, 0 %, 0 %
2026/03/23 13:33:16.235, 1, 233.16 W, 29, 2032 MHz, 3996 MHz, 0 %, 0 %
2026/03/23 13:33:16.235, 2, 234.00 W, 27, 2032 MHz, 3996 MHz, 0 %, 0 %
2026/03/23 13:33:16.235, 3, 235.05 W, 30, 2032 MHz, 3996 MHz, 0 %, 0 %
2026/03/23 13:33:16.235, 4, 178.99 W, 25, 120 MHz, 3996 MHz, 0 %, 0 %
2026/03/23 13:33:16.235, 5, 180.58 W, 28, 120 MHz, 3996 MHz, 0 %, 0 %
2026/03/23 13:33:16.235, 6, 178.37 W, 26, 120 MHz, 3996 MHz, 0 %, 0 %
2026/03/23 13:33:16.235, 7, 176.58 W, 27, 120 MHz, 3996 MHz, 0 %, 0 %
2026/03/23 13:33:17.235, 0, 228.80 W, 27, 2032 MHz, 3996 MHz, 0 %, 0 %
2026/03/23 13:33:17.235, 1, 233.16 W, 29, 2032 MHz, 3996 MHz, 0 %, 0 %
2026/03/23 13:33:17.236, 2, 234.01 W, 27, 2032 MHz, 3996 MHz, 0 %, 0 %
2026/03/23 13:33:17.236, 3, 234.95 W, 30, 2032 MHz, 3996 MHz, 0 %, 0 %
2026/03/23 13:33:17.236, 4, 179.06 W, 25, 120 MHz, 3996 MHz, 0 %, 0 %
2026/03/23 13:33:17.236, 5, 180.58 W, 28, 120 MHz, 3996 MHz, 0 %, 0 %
2026/03/23 13:33:17.236, 6, 178.29 W, 26, 120 MHz, 3996 MHz, 0 %, 0 %
2026/03/23 13:33:17.236, 7, 176.58 W, 27, 120 MHz, 3996 MHz, 0 %, 0 %
2026/03/23 13:33:18.236, 0, 228.92 W, 27, 2032 MHz, 3996 MHz, 0 %, 0 %
2026/03/23 13:33:18.236, 1, 233.16 W, 29, 2032 MHz, 3996 MHz, 0 %, 0 %
2026/03/23 13:33:18.236, 2, 234.01 W, 27, 2032 MHz, 3996 MHz, 0 %, 0 %
2026/03/23 13:33:18.236, 3, 235.03 W, 30, 2032 MHz, 3996 MHz, 0 %, 0 %
2026/03/23 13:33:18.236, 4, 178.90 W, 25, 120 MHz, 3996 MHz, 0 %, 0 %
2026/03/23 13:33:18.236, 5, 180.58 W, 28, 120 MHz, 3996 MHz, 0 %, 0 %
2026/03/23 13:33:18.236, 6, 178.45 W, 26, 120 MHz, 3996 MHz, 0 %, 0 %
2026/03/23 13:33:18.236, 7, 176.58 W, 27, 120 MHz, 3996 MHz, 0 %, 0 %
2026/03/23 13:33:19.236, 0, 228.90 W, 27, 2032 MHz, 3996 MHz, 0 %, 0 %
2026/03/23 13:33:19.236, 1, 233.16 W, 29, 2032 MHz, 3996 MHz, 0 %, 0 %
2026/03/23 13:33:19.236, 2, 234.01 W, 27, 2032 MHz, 3996 MHz, 0 %, 0 %
2026/03/23 13:33:19.236, 3, 234.90 W, 30, 2032 MHz, 3996 MHz, 0 %, 0 %
2026/03/23 13:33:19.236, 4, 179.12 W, 25, 120 MHz, 3996 MHz, 0 %, 0 %
2026/03/23 13:33:19.236, 5, 180.58 W, 28, 120 MHz, 3996 MHz, 0 %, 0 %
2026/03/23 13:33:19.236, 6, 178.41 W, 26, 120 MHz, 3996 MHz, 0 %, 0 %
2026/03/23 13:33:19.236, 7, 176.58 W, 27, 120 MHz, 3996 MHz, 0 %, 0 %
2026/03/23 13:33:20.236, 0, 229.15 W, 27, 2032 MHz, 3996 MHz, 0 %, 0 %
2026/03/23 13:33:20.236, 1, 233.16 W, 29, 2032 MHz, 3996 MHz, 0 %, 0 %
2026/03/23 13:33:20.236, 2, 234.00 W, 27, 2032 MHz, 3996 MHz, 0 %, 0 %
2026/03/23 13:33:20.236, 3, 234.98 W, 30, 2032 MHz, 3996 MHz, 0 %, 0 %
2026/03/23 13:33:20.236, 4, 179.06 W, 25, 120 MHz, 3996 MHz, 0 %, 0 %
2026/03/23 13:33:20.236, 5, 180.58 W, 28, 120 MHz, 3996 MHz, 0 %, 0 %
2026/03/23 13:33:20.236, 6, 178.41 W, 26, 120 MHz, 3996 MHz, 0 %, 0 %
2026/03/23 13:33:20.236, 7, 176.58 W, 27, 120 MHz, 3996 MHz, 0 %, 0 %
2026/03/23 13:33:21.236, 0, 229.00 W, 27, 2032 MHz, 3996 MHz, 0 %, 0 %
2026/03/23 13:33:21.236, 1, 233.16 W, 29, 2032 MHz, 3996 MHz, 0 %, 0 %
2026/03/23 13:33:21.236, 2, 234.00 W, 27, 2032 MHz, 3996 MHz, 0 %, 0 %
2026/03/23 13:33:21.236, 3, 235.08 W, 30, 2032 MHz, 3996 MHz, 0 %, 0 %
2026/03/23 13:33:21.236, 4, 179.18 W, 25, 120 MHz, 3996 MHz, 0 %, 0 %
2026/03/23 13:33:21.236, 5, 180.58 W, 28, 120 MHz, 3996 MHz, 0 %, 0 %
2026/03/23 13:33:21.236, 6, 178.30 W, 26, 120 MHz, 3996 MHz, 0 %, 0 %
2026/03/23 13:33:21.236, 7, 176.59 W, 27, 120 MHz, 3996 MHz, 0 %, 0 %
2026/03/23 13:33:22.236, 0, 229.13 W, 27, 2032 MHz, 3996 MHz, 0 %, 0 %
2026/03/23 13:33:22.236, 1, 233.16 W, 29, 2032 MHz, 3996 MHz, 0 %, 0 %
2026/03/23 13:33:22.236, 2, 234.00 W, 27, 2032 MHz, 3996 MHz, 0 %, 0 %
2026/03/23 13:33:22.236, 3, 234.93 W, 30, 2032 MHz, 3996 MHz, 0 %, 0 %
2026/03/23 13:33:22.237, 4, 179.18 W, 25, 120 MHz, 3996 MHz, 0 %, 0 %
2026/03/23 13:33:22.237, 5, 180.58 W, 28, 120 MHz, 3996 MHz, 0 %, 0 %
2026/03/23 13:33:22.237, 6, 178.34 W, 26, 120 MHz, 3996 MHz, 0 %, 0 %
2026/03/23 13:33:22.237, 7, 176.58 W, 27, 120 MHz, 3996 MHz, 0 %, 0 %
2026/03/23 13:33:23.237, 0, 228.98 W, 27, 2032 MHz, 3996 MHz, 0 %, 0 %
2026/03/23 13:33:23.237, 1, 233.16 W, 29, 2032 MHz, 3996 MHz, 0 %, 0 %
2026/03/23 13:33:23.237, 2, 233.98 W, 27, 2032 MHz, 3996 MHz, 0 %, 0 %
2026/03/23 13:33:23.237, 3, 234.89 W, 30, 2032 MHz, 3996 MHz, 0 %, 0 %
2026/03/23 13:33:23.237, 4, 179.06 W, 25, 120 MHz, 3996 MHz, 0 %, 0 %
2026/03/23 13:33:23.237, 5, 180.58 W, 28, 120 MHz, 3996 MHz, 0 %, 0 %
2026/03/23 13:33:23.237, 6, 178.56 W, 26, 120 MHz, 3996 MHz, 0 %, 0 %
2026/03/23 13:33:23.237, 7, 176.58 W, 27, 120 MHz, 3996 MHz, 0 %, 0 %
2026/03/23 13:33:24.237, 0, 229.09 W, 27, 2032 MHz, 3996 MHz, 0 %, 0 %
2026/03/23 13:33:24.237, 1, 233.20 W, 29, 2032 MHz, 3996 MHz, 0 %, 0 %
2026/03/23 13:33:24.237, 2, 234.01 W, 27, 2032 MHz, 3996 MHz, 0 %, 0 %
2026/03/23 13:33:24.237, 3, 234.67 W, 30, 2032 MHz, 3996 MHz, 0 %, 0 %
2026/03/23 13:33:24.237, 4, 179.25 W, 25, 120 MHz, 3996 MHz, 0 %, 0 %
2026/03/23 13:33:24.237, 5, 180.58 W, 28, 120 MHz, 3996 MHz, 0 %, 0 %
2026/03/23 13:33:24.237, 6, 178.45 W, 26, 120 MHz, 3996 MHz, 0 %, 0 %
2026/03/23 13:33:24.237, 7, 176.58 W, 27, 120 MHz, 3996 MHz, 0 %, 0 %
2026/03/23 13:33:25.237, 0, 228.94 W, 27, 2032 MHz, 3996 MHz, 0 %, 0 %
2026/03/23 13:33:25.237, 1, 233.20 W, 29, 2032 MHz, 3996 MHz, 0 %, 0 %
2026/03/23 13:33:25.237, 2, 233.98 W, 27, 2032 MHz, 3996 MHz, 0 %, 0 %
2026/03/23 13:33:25.237, 3, 234.83 W, 30, 2032 MHz, 3996 MHz, 0 %, 0 %
2026/03/23 13:33:25.237, 4, 179.15 W, 26, 120 MHz, 3996 MHz, 0 %, 0 %
2026/03/23 13:33:25.237, 5, 180.58 W, 28, 120 MHz, 3996 MHz, 0 %, 0 %
2026/03/23 13:33:25.237, 6, 178.45 W, 26, 120 MHz, 3996 MHz, 0 %, 0 %
2026/03/23 13:33:25.237, 7, 176.59 W, 27, 120 MHz, 3996 MHz, 0 %, 0 %
2026/03/23 13:33:26.237, 0, 229.19 W, 27, 2032 MHz, 3996 MHz, 0 %, 0 %
2026/03/23 13:33:26.237, 1, 233.16 W, 29, 2032 MHz, 3996 MHz, 0 %, 0 %
2026/03/23 13:33:26.237, 2, 233.99 W, 27, 2032 MHz, 3996 MHz, 0 %, 0 %
2026/03/23 13:33:26.237, 3, 234.62 W, 30, 2032 MHz, 3996 MHz, 0 %, 0 %
2026/03/23 13:33:26.237, 4, 179.05 W, 25, 120 MHz, 3996 MHz, 0 %, 0 %
2026/03/23 13:33:26.237, 5, 180.58 W, 28, 120 MHz, 3996 MHz, 0 %, 0 %
2026/03/23 13:33:26.237, 6, 178.64 W, 26, 120 MHz, 3996 MHz, 0 %, 0 %
2026/03/23 13:33:26.237, 7, 176.59 W, 27, 120 MHz, 3996 MHz, 0 %, 0 %
2026/03/23 13:33:27.237, 0, 228.87 W, 27, 2032 MHz, 3996 MHz, 0 %, 0 %
2026/03/23 13:33:27.237, 1, 233.16 W, 29, 2032 MHz, 3996 MHz, 0 %, 0 %
2026/03/23 13:33:27.237, 2, 233.96 W, 27, 2032 MHz, 3996 MHz, 0 %, 0 %
2026/03/23 13:33:27.237, 3, 235.03 W, 30, 2032 MHz, 3996 MHz, 0 %, 0 %
2026/03/23 13:33:27.237, 4, 179.06 W, 25, 120 MHz, 3996 MHz, 0 %, 0 %
2026/03/23 13:33:27.237, 5, 180.58 W, 28, 120 MHz, 3996 MHz, 0 %, 0 %
2026/03/23 13:33:27.237, 6, 178.37 W, 26, 120 MHz, 3996 MHz, 0 %, 0 %
2026/03/23 13:33:27.237, 7, 176.58 W, 27, 120 MHz, 3996 MHz, 0 %, 0 %
2026/03/23 13:33:28.238, 0, 228.57 W, 27, 2032 MHz, 3996 MHz, 0 %, 0 %
2026/03/23 13:33:28.238, 1, 233.16 W, 29, 2032 MHz, 3996 MHz, 0 %, 0 %
2026/03/23 13:33:28.238, 2, 233.98 W, 27, 2032 MHz, 3996 MHz, 0 %, 0 %
2026/03/23 13:33:28.238, 3, 234.79 W, 30, 2032 MHz, 3996 MHz, 0 %, 0 %
2026/03/23 13:33:28.238, 4, 179.30 W, 25, 120 MHz, 3996 MHz, 0 %, 0 %
2026/03/23 13:33:28.238, 5, 180.58 W, 28, 120 MHz, 3996 MHz, 0 %, 0 %
2026/03/23 13:33:28.238, 6, 178.33 W, 26, 120 MHz, 3996 MHz, 0 %, 0 %
2026/03/23 13:33:28.238, 7, 176.58 W, 27, 120 MHz, 3996 MHz, 0 %, 0 %
2026/03/23 13:33:29.238, 0, 228.94 W, 27, 2032 MHz, 3996 MHz, 0 %, 0 %
2026/03/23 13:33:29.238, 1, 233.16 W, 29, 2032 MHz, 3996 MHz, 0 %, 0 %
2026/03/23 13:33:29.238, 2, 233.96 W, 27, 2032 MHz, 3996 MHz, 0 %, 0 %
2026/03/23 13:33:29.238, 3, 234.74 W, 30, 2032 MHz, 3996 MHz, 0 %, 0 %
2026/03/23 13:33:29.238, 4, 179.19 W, 25, 120 MHz, 3996 MHz, 0 %, 0 %
2026/03/23 13:33:29.238, 5, 180.58 W, 28, 120 MHz, 3996 MHz, 0 %, 0 %
2026/03/23 13:33:29.238, 6, 178.52 W, 26, 120 MHz, 3996 MHz, 0 %, 0 %
2026/03/23 13:33:29.238, 7, 176.59 W, 27, 120 MHz, 3996 MHz, 0 %, 0 %
2026/03/23 13:33:30.238, 0, 228.94 W, 27, 2032 MHz, 3996 MHz, 0 %, 0 %
2026/03/23 13:33:30.238, 1, 233.16 W, 29, 2032 MHz, 3996 MHz, 0 %, 0 %
2026/03/23 13:33:30.238, 2, 233.98 W, 27, 2032 MHz, 3996 MHz, 0 %, 0 %
2026/03/23 13:33:30.238, 3, 234.71 W, 30, 2032 MHz, 3996 MHz, 0 %, 0 %
2026/03/23 13:33:30.238, 4, 179.11 W, 25, 120 MHz, 3996 MHz, 0 %, 0 %
2026/03/23 13:33:30.238, 5, 180.58 W, 28, 120 MHz, 3996 MHz, 0 %, 0 %
2026/03/23 13:33:30.238, 6, 178.49 W, 26, 120 MHz, 3996 MHz, 0 %, 0 %
2026/03/23 13:33:30.238, 7, 176.58 W, 27, 120 MHz, 3996 MHz, 0 %, 0 %
2026/03/23 13:33:31.238, 0, 228.92 W, 27, 2032 MHz, 3996 MHz, 0 %, 0 %
2026/03/23 13:33:31.238, 1, 233.16 W, 29, 2032 MHz, 3996 MHz, 0 %, 0 %
2026/03/23 13:33:31.238, 2, 233.99 W, 27, 2032 MHz, 3996 MHz, 0 %, 0 %
2026/03/23 13:33:31.238, 3, 234.76 W, 30, 2032 MHz, 3996 MHz, 0 %, 0 %
2026/03/23 13:33:31.238, 4, 179.27 W, 25, 120 MHz, 3996 MHz, 0 %, 0 %
2026/03/23 13:33:31.238, 5, 180.58 W, 28, 120 MHz, 3996 MHz, 0 %, 0 %
2026/03/23 13:33:31.238, 6, 178.56 W, 26, 120 MHz, 3996 MHz, 0 %, 0 %
2026/03/23 13:33:31.238, 7, 176.58 W, 27, 120 MHz, 3996 MHz, 0 %, 0 %
2026/03/23 13:33:32.238, 0, 228.76 W, 27, 2032 MHz, 3996 MHz, 0 %, 0 %
2026/03/23 13:33:32.238, 1, 233.16 W, 29, 2032 MHz, 3996 MHz, 0 %, 0 %
2026/03/23 13:33:32.238, 2, 233.95 W, 27, 2032 MHz, 3996 MHz, 0 %, 0 %
2026/03/23 13:33:32.238, 3, 235.06 W, 30, 2032 MHz, 3996 MHz, 0 %, 0 %
2026/03/23 13:33:32.238, 4, 178.88 W, 25, 120 MHz, 3996 MHz, 0 %, 0 %
2026/03/23 13:33:32.238, 5, 180.58 W, 28, 120 MHz, 3996 MHz, 0 %, 0 %
2026/03/23 13:33:32.238, 6, 178.41 W, 26, 120 MHz, 3996 MHz, 0 %, 0 %
2026/03/23 13:33:32.238, 7, 176.58 W, 27, 120 MHz, 3996 MHz, 0 %, 0 %
2026/03/23 13:33:33.238, 0, 228.83 W, 27, 2032 MHz, 3996 MHz, 0 %, 0 %
2026/03/23 13:33:33.238, 1, 233.16 W, 29, 2032 MHz, 3996 MHz, 0 %, 0 %
2026/03/23 13:33:33.238, 2, 233.99 W, 27, 2032 MHz, 3996 MHz, 0 %, 0 %
2026/03/23 13:33:33.238, 3, 234.95 W, 30, 2032 MHz, 3996 MHz, 0 %, 0 %
2026/03/23 13:33:33.238, 4, 179.42 W, 25, 120 MHz, 3996 MHz, 0 %, 0 %
2026/03/23 13:33:33.238, 5, 180.58 W, 28, 120 MHz, 3996 MHz, 0 %, 0 %
2026/03/23 13:33:33.238, 6, 178.57 W, 26, 120 MHz, 3996 MHz, 0 %, 0 %
2026/03/23 13:33:33.238, 7, 176.58 W, 27, 120 MHz, 3996 MHz, 0 %, 0 %
2026/03/23 13:33:34.238, 0, 228.84 W, 27, 2032 MHz, 3996 MHz, 0 %, 0 %
2026/03/23 13:33:34.239, 1, 233.16 W, 29, 2032 MHz, 3996 MHz, 0 %, 0 %
2026/03/23 13:33:34.239, 2, 233.98 W, 27, 2032 MHz, 3996 MHz, 0 %, 0 %
2026/03/23 13:33:34.239, 3, 235.06 W, 30, 2032 MHz, 3996 MHz, 0 %, 0 %
2026/03/23 13:33:34.239, 4, 178.80 W, 25, 120 MHz, 3996 MHz, 0 %, 0 %
2026/03/23 13:33:34.239, 5, 180.58 W, 28, 120 MHz, 3996 MHz, 0 %, 0 %
2026/03/23 13:33:34.239, 6, 178.53 W, 26, 120 MHz, 3996 MHz, 0 %, 0 %
2026/03/23 13:33:34.239, 7, 176.58 W, 27, 120 MHz, 3996 MHz, 0 %, 0 %
2026/03/23 13:33:35.239, 0, 228.75 W, 27, 2032 MHz, 3996 MHz, 0 %, 0 %
2026/03/23 13:33:35.239, 1, 233.16 W, 29, 2032 MHz, 3996 MHz, 0 %, 0 %
2026/03/23 13:33:35.239, 2, 233.97 W, 27, 2032 MHz, 3996 MHz, 0 %, 0 %
2026/03/23 13:33:35.239, 3, 234.92 W, 30, 2032 MHz, 3996 MHz, 0 %, 0 %
2026/03/23 13:33:35.239, 4, 179.03 W, 25, 120 MHz, 3996 MHz, 0 %, 0 %
2026/03/23 13:33:35.239, 5, 180.58 W, 28, 120 MHz, 3996 MHz, 0 %, 0 %
2026/03/23 13:33:35.239, 6, 178.41 W, 26, 120 MHz, 3996 MHz, 0 %, 0 %
2026/03/23 13:33:35.239, 7, 176.58 W, 27, 120 MHz, 3996 MHz, 0 %, 0 %
2026/03/23 13:33:36.239, 0, 228.80 W, 27, 2032 MHz, 3996 MHz, 0 %, 0 %
2026/03/23 13:33:36.239, 1, 233.16 W, 29, 2032 MHz, 3996 MHz, 0 %, 0 %
2026/03/23 13:33:36.239, 2, 233.97 W, 27, 2032 MHz, 3996 MHz, 0 %, 0 %
2026/03/23 13:33:36.239, 3, 234.99 W, 30, 2032 MHz, 3996 MHz, 0 %, 0 %
2026/03/23 13:33:36.239, 4, 179.42 W, 25, 120 MHz, 3996 MHz, 0 %, 0 %
2026/03/23 13:33:36.239, 5, 180.58 W, 28, 120 MHz, 3996 MHz, 0 %, 0 %
2026/03/23 13:33:36.239, 6, 178.53 W, 26, 120 MHz, 3996 MHz, 0 %, 0 %
2026/03/23 13:33:36.239, 7, 176.58 W, 27, 120 MHz, 3996 MHz, 0 %, 0 %
2026/03/23 13:33:37.239, 0, 228.88 W, 27, 2032 MHz, 3996 MHz, 0 %, 0 %
2026/03/23 13:33:37.239, 1, 233.16 W, 29, 2032 MHz, 3996 MHz, 0 %, 0 %
2026/03/23 13:33:37.239, 2, 233.97 W, 27, 2032 MHz, 3996 MHz, 0 %, 0 %
2026/03/23 13:33:37.239, 3, 235.00 W, 30, 2032 MHz, 3996 MHz, 0 %, 0 %
2026/03/23 13:33:37.239, 4, 179.30 W, 25, 120 MHz, 3996 MHz, 0 %, 0 %
2026/03/23 13:33:37.239, 5, 180.58 W, 28, 120 MHz, 3996 MHz, 0 %, 0 %
2026/03/23 13:33:37.239, 6, 178.56 W, 26, 120 MHz, 3996 MHz, 0 %, 0 %
2026/03/23 13:33:37.239, 7, 176.58 W, 27, 120 MHz, 3996 MHz, 0 %, 0 %
2026/03/23 13:33:38.239, 0, 229.16 W, 27, 2032 MHz, 3996 MHz, 0 %, 0 %
2026/03/23 13:33:38.239, 1, 233.16 W, 29, 2032 MHz, 3996 MHz, 0 %, 0 %
2026/03/23 13:33:38.239, 2, 233.95 W, 27, 2032 MHz, 3996 MHz, 0 %, 0 %
2026/03/23 13:33:38.239, 3, 234.85 W, 30, 2032 MHz, 3996 MHz, 0 %, 0 %
2026/03/23 13:33:38.239, 4, 179.01 W, 25, 120 MHz, 3996 MHz, 0 %, 0 %
2026/03/23 13:33:38.239, 5, 180.58 W, 28, 120 MHz, 3996 MHz, 0 %, 0 %
2026/03/23 13:33:38.239, 6, 178.45 W, 26, 120 MHz, 3996 MHz, 0 %, 0 %
2026/03/23 13:33:38.239, 7, 176.58 W, 27, 120 MHz, 3996 MHz, 0 %, 0 %
2026/03/23 13:33:39.239, 0, 229.15 W, 27, 2032 MHz, 3996 MHz, 0 %, 0 %
2026/03/23 13:33:39.239, 1, 233.16 W, 29, 2032 MHz, 3996 MHz, 0 %, 0 %
2026/03/23 13:33:39.239, 2, 233.97 W, 27, 2032 MHz, 3996 MHz, 0 %, 0 %
2026/03/23 13:33:39.239, 3, 235.03 W, 30, 2032 MHz, 3996 MHz, 0 %, 0 %
2026/03/23 13:33:39.239, 4, 179.26 W, 25, 120 MHz, 3996 MHz, 0 %, 0 %
2026/03/23 13:33:39.239, 5, 180.58 W, 28, 120 MHz, 3996 MHz, 0 %, 0 %
2026/03/23 13:33:39.239, 6, 178.52 W, 26, 120 MHz, 3996 MHz, 0 %, 0 %
2026/03/23 13:33:39.239, 7, 176.58 W, 27, 120 MHz, 3996 MHz, 0 %, 0 %
2026/03/23 13:33:40.239, 0, 228.96 W, 27, 2032 MHz, 3996 MHz, 0 %, 0 %
2026/03/23 13:33:40.239, 1, 233.16 W, 29, 2032 MHz, 3996 MHz, 0 %, 0 %
2026/03/23 13:33:40.239, 2, 233.94 W, 27, 2032 MHz, 3996 MHz, 0 %, 0 %
2026/03/23 13:33:40.240, 3, 234.92 W, 30, 2032 MHz, 3996 MHz, 0 %, 0 %
2026/03/23 13:33:40.240, 4, 179.20 W, 25, 120 MHz, 3996 MHz, 0 %, 0 %
2026/03/23 13:33:40.240, 5, 180.58 W, 28, 120 MHz, 3996 MHz, 0 %, 0 %
2026/03/23 13:33:40.240, 6, 178.45 W, 26, 120 MHz, 3996 MHz, 0 %, 0 %
2026/03/23 13:33:40.240, 7, 176.58 W, 27, 120 MHz, 3996 MHz, 0 %, 0 %
2026/03/23 13:33:41.240, 0, 229.01 W, 27, 2032 MHz, 3996 MHz, 0 %, 0 %
2026/03/23 13:33:41.240, 1, 233.20 W, 29, 2032 MHz, 3996 MHz, 0 %, 0 %
2026/03/23 13:33:41.240, 2, 233.94 W, 27, 2032 MHz, 3996 MHz, 0 %, 0 %
2026/03/23 13:33:41.240, 3, 235.07 W, 30, 2032 MHz, 3996 MHz, 0 %, 0 %
2026/03/23 13:33:41.240, 4, 178.95 W, 25, 120 MHz, 3996 MHz, 0 %, 0 %
2026/03/23 13:33:41.240, 5, 180.58 W, 28, 120 MHz, 3996 MHz, 0 %, 0 %
2026/03/23 13:33:41.240, 6, 178.45 W, 26, 120 MHz, 3996 MHz, 0 %, 0 %
2026/03/23 13:33:41.240, 7, 176.58 W, 27, 120 MHz, 3996 MHz, 0 %, 0 %
2026/03/23 13:33:42.240, 0, 229.16 W, 27, 2032 MHz, 3996 MHz, 0 %, 0 %
2026/03/23 13:33:42.240, 1, 233.16 W, 29, 2032 MHz, 3996 MHz, 0 %, 0 %
2026/03/23 13:33:42.240, 2, 233.95 W, 27, 2032 MHz, 3996 MHz, 0 %, 0 %
2026/03/23 13:33:42.240, 3, 235.10 W, 30, 2032 MHz, 3996 MHz, 0 %, 0 %
2026/03/23 13:33:42.240, 4, 179.11 W, 25, 120 MHz, 3996 MHz, 0 %, 0 %
2026/03/23 13:33:42.240, 5, 180.58 W, 28, 120 MHz, 3996 MHz, 0 %, 0 %
2026/03/23 13:33:42.240, 6, 178.49 W, 26, 120 MHz, 3996 MHz, 0 %, 0 %
2026/03/23 13:33:42.240, 7, 176.58 W, 27, 120 MHz, 3996 MHz, 0 %, 0 %
2026/03/23 13:33:43.240, 0, 293.41 W, 29, 2032 MHz, 3996 MHz, 88 %, 71 %
2026/03/23 13:33:43.240, 1, 280.07 W, 32, 2032 MHz, 3996 MHz, 100 %, 13 %
2026/03/23 13:33:43.240, 2, 282.92 W, 29, 2032 MHz, 3996 MHz, 88 %, 71 %
2026/03/23 13:33:43.240, 3, 299.76 W, 32, 2032 MHz, 3996 MHz, 84 %, 71 %
2026/03/23 13:33:43.240, 4, 179.15 W, 25, 120 MHz, 3996 MHz, 0 %, 0 %
2026/03/23 13:33:43.240, 5, 180.58 W, 28, 120 MHz, 3996 MHz, 0 %, 0 %
2026/03/23 13:33:43.240, 6, 178.52 W, 26, 120 MHz, 3996 MHz, 0 %, 0 %
2026/03/23 13:33:43.240, 7, 176.58 W, 27, 120 MHz, 3996 MHz, 0 %, 0 %
2026/03/23 13:33:44.240, 0, 228.58 W, 27, 2032 MHz, 3996 MHz, 0 %, 0 %
2026/03/23 13:33:44.240, 1, 259.33 W, 30, 2032 MHz, 3996 MHz, 0 %, 0 %
2026/03/23 13:33:44.240, 2, 260.41 W, 27, 2032 MHz, 3996 MHz, 0 %, 0 %
2026/03/23 13:33:44.240, 3, 240.39 W, 30, 2032 MHz, 3996 MHz, 0 %, 0 %
2026/03/23 13:33:44.240, 4, 178.93 W, 25, 120 MHz, 3996 MHz, 0 %, 0 %
2026/03/23 13:33:44.240, 5, 180.58 W, 28, 120 MHz, 3996 MHz, 0 %, 0 %
2026/03/23 13:33:44.240, 6, 178.53 W, 26, 120 MHz, 3996 MHz, 0 %, 0 %
2026/03/23 13:33:44.240, 7, 176.58 W, 27, 120 MHz, 3996 MHz, 0 %, 0 %
2026/03/23 13:33:45.240, 0, 228.19 W, 27, 2032 MHz, 3996 MHz, 0 %, 0 %
2026/03/23 13:33:45.240, 1, 233.16 W, 29, 2032 MHz, 3996 MHz, 0 %, 0 %
2026/03/23 13:33:45.240, 2, 234.00 W, 27, 2032 MHz, 3996 MHz, 0 %, 0 %
2026/03/23 13:33:45.240, 3, 233.88 W, 30, 2032 MHz, 3996 MHz, 0 %, 0 %
2026/03/23 13:33:45.240, 4, 179.21 W, 25, 120 MHz, 3996 MHz, 0 %, 0 %
2026/03/23 13:33:45.240, 5, 180.58 W, 28, 120 MHz, 3996 MHz, 0 %, 0 %
2026/03/23 13:33:45.240, 6, 178.37 W, 26, 120 MHz, 3996 MHz, 0 %, 0 %
2026/03/23 13:33:45.240, 7, 176.58 W, 27, 120 MHz, 3996 MHz, 0 %, 0 %
2026/03/23 13:33:46.240, 0, 228.11 W, 27, 2032 MHz, 3996 MHz, 0 %, 0 %
2026/03/23 13:33:46.240, 1, 233.16 W, 29, 2032 MHz, 3996 MHz, 0 %, 0 %
2026/03/23 13:33:46.240, 2, 233.99 W, 27, 2032 MHz, 3996 MHz, 0 %, 0 %
2026/03/23 13:33:46.240, 3, 233.62 W, 30, 2032 MHz, 3996 MHz, 0 %, 0 %
2026/03/23 13:33:46.240, 4, 179.23 W, 25, 120 MHz, 3996 MHz, 0 %, 0 %
2026/03/23 13:33:46.240, 5, 180.58 W, 28, 120 MHz, 3996 MHz, 0 %, 0 %
2026/03/23 13:33:46.241, 6, 178.29 W, 26, 120 MHz, 3996 MHz, 0 %, 0 %
2026/03/23 13:33:46.241, 7, 176.58 W, 27, 120 MHz, 3996 MHz, 0 %, 0 %
2026/03/23 13:33:47.241, 0, 228.34 W, 27, 2032 MHz, 3996 MHz, 0 %, 0 %
2026/03/23 13:33:47.241, 1, 233.20 W, 29, 2032 MHz, 3996 MHz, 0 %, 0 %
2026/03/23 13:33:47.241, 2, 233.98 W, 27, 2032 MHz, 3996 MHz, 0 %, 0 %
2026/03/23 13:33:47.241, 3, 233.58 W, 30, 2032 MHz, 3996 MHz, 0 %, 0 %
2026/03/23 13:33:47.241, 4, 178.89 W, 25, 120 MHz, 3996 MHz, 0 %, 0 %
2026/03/23 13:33:47.241, 5, 180.58 W, 28, 120 MHz, 3996 MHz, 0 %, 0 %
2026/03/23 13:33:47.241, 6, 178.37 W, 26, 120 MHz, 3996 MHz, 0 %, 0 %
2026/03/23 13:33:47.241, 7, 176.58 W, 27, 120 MHz, 3996 MHz, 0 %, 0 %
2026/03/23 13:33:48.241, 0, 233.58 W, 27, 2032 MHz, 3996 MHz, 0 %, 0 %
2026/03/23 13:33:48.241, 1, 238.36 W, 29, 2032 MHz, 3996 MHz, 0 %, 0 %
2026/03/23 13:33:48.241, 2, 238.72 W, 27, 2032 MHz, 3996 MHz, 0 %, 0 %
2026/03/23 13:33:48.241, 3, 239.10 W, 30, 2032 MHz, 3996 MHz, 0 %, 0 %
2026/03/23 13:33:48.241, 4, 178.84 W, 25, 120 MHz, 3996 MHz, 0 %, 0 %
2026/03/23 13:33:48.241, 5, 180.58 W, 28, 120 MHz, 3996 MHz, 0 %, 0 %
2026/03/23 13:33:48.241, 6, 178.37 W, 26, 120 MHz, 3996 MHz, 0 %, 0 %
2026/03/23 13:33:48.241, 7, 176.58 W, 27, 120 MHz, 3996 MHz, 0 %, 0 %
2026/03/23 13:33:49.241, 0, 228.11 W, 27, 2032 MHz, 3996 MHz, 0 %, 0 %
2026/03/23 13:33:49.241, 1, 233.16 W, 29, 2032 MHz, 3996 MHz, 0 %, 0 %
2026/03/23 13:33:49.241, 2, 233.98 W, 27, 2032 MHz, 3996 MHz, 0 %, 0 %
2026/03/23 13:33:49.241, 3, 233.76 W, 30, 2032 MHz, 3996 MHz, 0 %, 0 %
2026/03/23 13:33:49.241, 4, 179.20 W, 25, 120 MHz, 3996 MHz, 0 %, 0 %
2026/03/23 13:33:49.241, 5, 180.58 W, 28, 120 MHz, 3996 MHz, 0 %, 0 %
2026/03/23 13:33:49.241, 6, 178.49 W, 26, 120 MHz, 3996 MHz, 0 %, 0 %
2026/03/23 13:33:49.241, 7, 176.58 W, 27, 120 MHz, 3996 MHz, 0 %, 0 %
2026/03/23 13:33:50.241, 0, 228.07 W, 27, 2032 MHz, 3996 MHz, 0 %, 0 %
2026/03/23 13:33:50.241, 1, 233.16 W, 29, 2032 MHz, 3996 MHz, 0 %, 0 %
2026/03/23 13:33:50.241, 2, 233.98 W, 27, 2032 MHz, 3996 MHz, 0 %, 0 %
2026/03/23 13:33:50.241, 3, 234.00 W, 30, 2032 MHz, 3996 MHz, 0 %, 0 %
2026/03/23 13:33:50.241, 4, 179.33 W, 25, 120 MHz, 3996 MHz, 0 %, 0 %
2026/03/23 13:33:50.241, 5, 180.58 W, 28, 120 MHz, 3996 MHz, 0 %, 0 %
2026/03/23 13:33:50.241, 6, 178.45 W, 26, 120 MHz, 3996 MHz, 0 %, 0 %
2026/03/23 13:33:50.241, 7, 176.58 W, 27, 120 MHz, 3996 MHz, 0 %, 0 %
2026/03/23 13:33:51.241, 0, 361.59 W, 29, 2032 MHz, 3996 MHz, 0 %, 0 %
2026/03/23 13:33:51.241, 1, 366.46 W, 31, 2032 MHz, 3996 MHz, 90 %, 65 %
2026/03/23 13:33:51.241, 2, 366.25 W, 29, 2032 MHz, 3996 MHz, 0 %, 0 %
2026/03/23 13:33:51.241, 3, 365.04 W, 32, 2032 MHz, 3996 MHz, 0 %, 0 %
2026/03/23 13:33:51.241, 4, 178.86 W, 25, 120 MHz, 3996 MHz, 0 %, 0 %
2026/03/23 13:33:51.241, 5, 180.58 W, 28, 120 MHz, 3996 MHz, 0 %, 0 %
2026/03/23 13:33:51.241, 6, 178.45 W, 26, 120 MHz, 3996 MHz, 0 %, 0 %
2026/03/23 13:33:51.241, 7, 176.58 W, 27, 120 MHz, 3996 MHz, 0 %, 0 %
2026/03/23 13:33:52.242, 0, 229.84 W, 28, 2032 MHz, 3996 MHz, 0 %, 0 %
2026/03/23 13:33:52.242, 1, 234.50 W, 30, 2032 MHz, 3996 MHz, 0 %, 0 %
2026/03/23 13:33:52.242, 2, 234.47 W, 27, 2032 MHz, 3996 MHz, 0 %, 0 %
2026/03/23 13:33:52.242, 3, 235.15 W, 30, 2032 MHz, 3996 MHz, 0 %, 0 %
2026/03/23 13:33:52.242, 4, 179.34 W, 25, 120 MHz, 3996 MHz, 0 %, 0 %
2026/03/23 13:33:52.242, 5, 180.58 W, 28, 120 MHz, 3996 MHz, 0 %, 0 %
2026/03/23 13:33:52.242, 6, 178.37 W, 26, 120 MHz, 3996 MHz, 0 %, 0 %
2026/03/23 13:33:52.242, 7, 176.58 W, 27, 120 MHz, 3996 MHz, 0 %, 0 %
2026/03/23 13:33:53.242, 0, 229.76 W, 27, 2032 MHz, 3996 MHz, 1 %, 0 %
2026/03/23 13:33:53.242, 1, 234.20 W, 29, 2032 MHz, 3996 MHz, 1 %, 0 %
2026/03/23 13:33:53.242, 2, 234.16 W, 27, 2032 MHz, 3996 MHz, 1 %, 0 %
2026/03/23 13:33:53.242, 3, 235.15 W, 30, 2032 MHz, 3996 MHz, 0 %, 0 %
2026/03/23 13:33:53.242, 4, 179.38 W, 25, 120 MHz, 3996 MHz, 0 %, 0 %
2026/03/23 13:33:53.242, 5, 180.58 W, 28, 120 MHz, 3996 MHz, 0 %, 0 %
2026/03/23 13:33:53.242, 6, 178.33 W, 26, 120 MHz, 3996 MHz, 0 %, 0 %
2026/03/23 13:33:53.242, 7, 176.58 W, 27, 120 MHz, 3996 MHz, 0 %, 0 %
2026/03/23 13:33:54.242, 0, 229.22 W, 27, 2032 MHz, 3996 MHz, 0 %, 0 %
2026/03/23 13:33:54.242, 1, 233.63 W, 29, 2032 MHz, 3996 MHz, 0 %, 0 %
2026/03/23 13:33:54.242, 2, 233.95 W, 27, 2032 MHz, 3996 MHz, 0 %, 0 %
2026/03/23 13:33:54.242, 3, 234.83 W, 30, 2032 MHz, 3996 MHz, 0 %, 0 %
2026/03/23 13:33:54.242, 4, 179.00 W, 25, 120 MHz, 3996 MHz, 0 %, 0 %
2026/03/23 13:33:54.242, 5, 180.58 W, 28, 120 MHz, 3996 MHz, 0 %, 0 %
2026/03/23 13:33:54.242, 6, 178.45 W, 26, 120 MHz, 3996 MHz, 0 %, 0 %
2026/03/23 13:33:54.242, 7, 176.58 W, 27, 120 MHz, 3996 MHz, 0 %, 0 %
2026/03/23 13:33:55.242, 0, 228.60 W, 27, 2032 MHz, 3996 MHz, 0 %, 0 %
2026/03/23 13:33:55.242, 1, 233.20 W, 29, 2032 MHz, 3996 MHz, 0 %, 0 %
2026/03/23 13:33:55.242, 2, 233.92 W, 27, 2032 MHz, 3996 MHz, 0 %, 0 %
2026/03/23 13:33:55.242, 3, 234.55 W, 30, 2032 MHz, 3996 MHz, 0 %, 0 %
2026/03/23 13:33:55.242, 4, 179.34 W, 25, 120 MHz, 3996 MHz, 0 %, 0 %
2026/03/23 13:33:55.242, 5, 180.58 W, 28, 120 MHz, 3996 MHz, 0 %, 0 %
2026/03/23 13:33:55.242, 6, 178.38 W, 26, 120 MHz, 3996 MHz, 0 %, 0 %
2026/03/23 13:33:55.242, 7, 176.58 W, 27, 120 MHz, 3996 MHz, 0 %, 0 %
2026/03/23 13:33:56.242, 0, 228.30 W, 27, 2032 MHz, 3996 MHz, 0 %, 0 %
2026/03/23 13:33:56.242, 1, 233.16 W, 29, 2032 MHz, 3996 MHz, 0 %, 0 %
2026/03/23 13:33:56.242, 2, 233.95 W, 27, 2032 MHz, 3996 MHz, 0 %, 0 %
2026/03/23 13:33:56.242, 3, 234.38 W, 30, 2032 MHz, 3996 MHz, 0 %, 0 %
2026/03/23 13:33:56.242, 4, 179.03 W, 25, 120 MHz, 3996 MHz, 0 %, 0 %
2026/03/23 13:33:56.242, 5, 180.58 W, 28, 120 MHz, 3996 MHz, 0 %, 0 %
2026/03/23 13:33:56.242, 6, 178.34 W, 26, 120 MHz, 3996 MHz, 0 %, 0 %
2026/03/23 13:33:56.242, 7, 176.58 W, 27, 120 MHz, 3996 MHz, 0 %, 0 %
2026/03/23 13:33:57.242, 0, 228.15 W, 27, 2032 MHz, 3996 MHz, 0 %, 0 %
2026/03/23 13:33:57.242, 1, 233.16 W, 29, 2032 MHz, 3996 MHz, 0 %, 0 %
2026/03/23 13:33:57.242, 2, 233.98 W, 27, 2032 MHz, 3996 MHz, 0 %, 0 %
2026/03/23 13:33:57.242, 3, 234.33 W, 30, 2032 MHz, 3996 MHz, 0 %, 0 %
2026/03/23 13:33:57.242, 4, 178.97 W, 25, 120 MHz, 3996 MHz, 0 %, 0 %
2026/03/23 13:33:57.242, 5, 180.58 W, 28, 120 MHz, 3996 MHz, 0 %, 0 %
2026/03/23 13:33:57.242, 6, 178.45 W, 26, 120 MHz, 3996 MHz, 0 %, 0 %
2026/03/23 13:33:57.242, 7, 176.58 W, 27, 120 MHz, 3996 MHz, 0 %, 0 %
2026/03/23 13:33:58.243, 0, 228.07 W, 27, 2032 MHz, 3996 MHz, 0 %, 0 %
2026/03/23 13:33:58.243, 1, 233.16 W, 29, 2032 MHz, 3996 MHz, 0 %, 0 %
2026/03/23 13:33:58.243, 2, 234.00 W, 27, 2032 MHz, 3996 MHz, 0 %, 0 %
2026/03/23 13:33:58.243, 3, 234.12 W, 30, 2032 MHz, 3996 MHz, 0 %, 0 %
2026/03/23 13:33:58.243, 4, 179.04 W, 25, 120 MHz, 3996 MHz, 0 %, 0 %
2026/03/23 13:33:58.243, 5, 180.58 W, 28, 120 MHz, 3996 MHz, 0 %, 0 %
2026/03/23 13:33:58.243, 6, 178.33 W, 26, 120 MHz, 3996 MHz, 0 %, 0 %
2026/03/23 13:33:58.243, 7, 176.58 W, 27, 120 MHz, 3996 MHz, 0 %, 0 %
2026/03/23 13:33:59.243, 0, 228.11 W, 27, 2032 MHz, 3996 MHz, 0 %, 0 %
2026/03/23 13:33:59.243, 1, 233.16 W, 29, 2032 MHz, 3996 MHz, 0 %, 0 %
2026/03/23 13:33:59.243, 2, 233.98 W, 27, 2032 MHz, 3996 MHz, 0 %, 0 %
2026/03/23 13:33:59.243, 3, 233.92 W, 30, 2032 MHz, 3996 MHz, 0 %, 0 %
2026/03/23 13:33:59.243, 4, 179.19 W, 25, 120 MHz, 3996 MHz, 0 %, 0 %
2026/03/23 13:33:59.243, 5, 180.58 W, 28, 120 MHz, 3996 MHz, 0 %, 0 %
2026/03/23 13:33:59.243, 6, 178.38 W, 26, 120 MHz, 3996 MHz, 0 %, 0 %
2026/03/23 13:33:59.243, 7, 176.58 W, 27, 120 MHz, 3996 MHz, 0 %, 0 %
2026/03/23 13:34:00.243, 0, 228.26 W, 27, 2032 MHz, 3996 MHz, 0 %, 0 %
2026/03/23 13:34:00.243, 1, 233.16 W, 29, 2032 MHz, 3996 MHz, 0 %, 0 %
2026/03/23 13:34:00.243, 2, 234.01 W, 27, 2032 MHz, 3996 MHz, 0 %, 0 %
2026/03/23 13:34:00.243, 3, 234.40 W, 30, 2032 MHz, 3996 MHz, 0 %, 0 %
2026/03/23 13:34:00.243, 4, 179.00 W, 25, 120 MHz, 3996 MHz, 0 %, 0 %
2026/03/23 13:34:00.243, 5, 180.58 W, 28, 120 MHz, 3996 MHz, 0 %, 0 %
2026/03/23 13:34:00.243, 6, 178.45 W, 26, 120 MHz, 3996 MHz, 0 %, 0 %
2026/03/23 13:34:00.243, 7, 176.58 W, 27, 120 MHz, 3996 MHz, 0 %, 0 %
2026/03/23 13:34:01.243, 0, 228.15 W, 27, 2032 MHz, 3996 MHz, 0 %, 0 %
2026/03/23 13:34:01.243, 1, 233.16 W, 29, 2032 MHz, 3996 MHz, 0 %, 0 %
2026/03/23 13:34:01.243, 2, 233.95 W, 27, 2032 MHz, 3996 MHz, 0 %, 0 %
2026/03/23 13:34:01.243, 3, 234.39 W, 30, 2032 MHz, 3996 MHz, 0 %, 0 %
2026/03/23 13:34:01.243, 4, 179.07 W, 25, 120 MHz, 3996 MHz, 0 %, 0 %
2026/03/23 13:34:01.243, 5, 180.58 W, 28, 120 MHz, 3996 MHz, 0 %, 0 %
2026/03/23 13:34:01.243, 6, 178.45 W, 26, 120 MHz, 3996 MHz, 0 %, 0 %
2026/03/23 13:34:01.243, 7, 176.58 W, 27, 120 MHz, 3996 MHz, 0 %, 0 %
2026/03/23 13:34:02.243, 0, 229.83 W, 27, 2032 MHz, 3996 MHz, 8 %, 1 %
2026/03/23 13:34:02.243, 1, 234.99 W, 29, 2032 MHz, 3996 MHz, 5 %, 1 %
2026/03/23 13:34:02.243, 2, 235.63 W, 27, 2032 MHz, 3996 MHz, 6 %, 1 %
2026/03/23 13:34:02.243, 3, 235.97 W, 30, 2032 MHz, 3996 MHz, 7 %, 1 %
2026/03/23 13:34:02.243, 4, 179.10 W, 25, 120 MHz, 3996 MHz, 0 %, 0 %
2026/03/23 13:34:02.243, 5, 180.58 W, 28, 120 MHz, 3996 MHz, 0 %, 0 %
2026/03/23 13:34:02.243, 6, 178.38 W, 26, 120 MHz, 3996 MHz, 0 %, 0 %
2026/03/23 13:34:02.243, 7, 176.58 W, 27, 120 MHz, 3996 MHz, 0 %, 0 %
2026/03/23 13:34:03.243, 0, 231.67 W, 27, 2032 MHz, 3996 MHz, 0 %, 0 %
2026/03/23 13:34:03.243, 1, 235.98 W, 29, 2032 MHz, 3996 MHz, 0 %, 0 %
2026/03/23 13:34:03.243, 2, 236.63 W, 27, 2032 MHz, 3996 MHz, 0 %, 0 %
2026/03/23 13:34:03.243, 3, 237.34 W, 30, 2032 MHz, 3996 MHz, 0 %, 0 %
2026/03/23 13:34:03.243, 4, 179.16 W, 25, 120 MHz, 3996 MHz, 0 %, 0 %
2026/03/23 13:34:03.243, 5, 180.58 W, 28, 120 MHz, 3996 MHz, 0 %, 0 %
2026/03/23 13:34:03.243, 6, 178.37 W, 26, 120 MHz, 3996 MHz, 0 %, 0 %
2026/03/23 13:34:03.243, 7, 176.58 W, 27, 120 MHz, 3996 MHz, 0 %, 0 %
2026/03/23 13:34:04.243, 0, 236.00 W, 27, 2032 MHz, 3996 MHz, 1 %, 0 %
2026/03/23 13:34:04.244, 1, 239.47 W, 29, 2032 MHz, 3996 MHz, 7 %, 1 %
2026/03/23 13:34:04.244, 2, 240.20 W, 27, 2032 MHz, 3996 MHz, 0 %, 0 %
2026/03/23 13:34:04.244, 3, 240.36 W, 30, 2032 MHz, 3996 MHz, 0 %, 0 %
2026/03/23 13:34:04.244, 4, 179.12 W, 25, 120 MHz, 3996 MHz, 0 %, 0 %
2026/03/23 13:34:04.244, 5, 180.58 W, 28, 120 MHz, 3996 MHz, 0 %, 0 %
2026/03/23 13:34:04.244, 6, 178.34 W, 26, 120 MHz, 3996 MHz, 0 %, 0 %
2026/03/23 13:34:04.244, 7, 176.58 W, 27, 120 MHz, 3996 MHz, 0 %, 0 %
2026/03/23 13:34:05.244, 0, 228.98 W, 27, 2032 MHz, 3996 MHz, 0 %, 0 %
2026/03/23 13:34:05.244, 1, 233.51 W, 29, 2032 MHz, 3996 MHz, 0 %, 0 %
2026/03/23 13:34:05.244, 2, 233.90 W, 27, 2032 MHz, 3996 MHz, 0 %, 0 %
2026/03/23 13:34:05.244, 3, 234.98 W, 30, 2032 MHz, 3996 MHz, 0 %, 0 %
2026/03/23 13:34:05.244, 4, 179.07 W, 25, 120 MHz, 3996 MHz, 0 %, 0 %
2026/03/23 13:34:05.244, 5, 180.58 W, 28, 120 MHz, 3996 MHz, 0 %, 0 %
2026/03/23 13:34:05.244, 6, 178.41 W, 26, 120 MHz, 3996 MHz, 0 %, 0 %
2026/03/23 13:34:05.244, 7, 176.58 W, 27, 120 MHz, 3996 MHz, 0 %, 0 %
2026/03/23 13:34:06.244, 0, 591.12 W, 41, 1987 MHz, 3996 MHz, 100 %, 14 %
2026/03/23 13:34:06.244, 1, 609.00 W, 44, 1965 MHz, 3996 MHz, 100 %, 12 %
2026/03/23 13:34:06.244, 2, 604.68 W, 41, 1860 MHz, 3996 MHz, 100 %, 15 %
2026/03/23 13:34:06.244, 3, 625.64 W, 38, 1995 MHz, 3996 MHz, 100 %, 13 %
2026/03/23 13:34:06.244, 4, 178.97 W, 25, 120 MHz, 3996 MHz, 0 %, 0 %
2026/03/23 13:34:06.244, 5, 180.58 W, 28, 120 MHz, 3996 MHz, 0 %, 0 %
2026/03/23 13:34:06.244, 6, 178.52 W, 26, 120 MHz, 3996 MHz, 0 %, 0 %
2026/03/23 13:34:06.244, 7, 176.58 W, 27, 120 MHz, 3996 MHz, 0 %, 0 %
2026/03/23 13:34:07.244, 0, 498.08 W, 32, 2032 MHz, 3996 MHz, 100 %, 0 %
2026/03/23 13:34:07.244, 1, 484.27 W, 33, 2032 MHz, 3996 MHz, 100 %, 0 %
2026/03/23 13:34:07.244, 2, 493.80 W, 31, 2032 MHz, 3996 MHz, 100 %, 0 %
2026/03/23 13:34:07.244, 3, 474.07 W, 33, 2032 MHz, 3996 MHz, 100 %, 0 %
2026/03/23 13:34:07.244, 4, 179.06 W, 25, 120 MHz, 3996 MHz, 0 %, 0 %
2026/03/23 13:34:07.244, 5, 180.58 W, 28, 120 MHz, 3996 MHz, 0 %, 0 %
2026/03/23 13:34:07.244, 6, 178.45 W, 26, 120 MHz, 3996 MHz, 0 %, 0 %
2026/03/23 13:34:07.244, 7, 176.58 W, 27, 120 MHz, 3996 MHz, 0 %, 0 %
2026/03/23 13:34:08.244, 0, 282.53 W, 29, 2032 MHz, 3996 MHz, 100 %, 15 %
2026/03/23 13:34:08.244, 1, 286.82 W, 32, 2032 MHz, 3996 MHz, 100 %, 4 %
2026/03/23 13:34:08.244, 2, 290.53 W, 31, 2032 MHz, 3996 MHz, 100 %, 8 %
2026/03/23 13:34:08.244, 3, 284.94 W, 31, 2032 MHz, 3996 MHz, 100 %, 3 %
2026/03/23 13:34:08.244, 4, 179.30 W, 25, 120 MHz, 3996 MHz, 0 %, 0 %
2026/03/23 13:34:08.244, 5, 180.58 W, 28, 120 MHz, 3996 MHz, 0 %, 0 %
2026/03/23 13:34:08.244, 6, 178.37 W, 26, 120 MHz, 3996 MHz, 0 %, 0 %
2026/03/23 13:34:08.244, 7, 176.58 W, 27, 120 MHz, 3996 MHz, 0 %, 0 %
2026/03/23 13:34:09.244, 0, 228.93 W, 28, 2032 MHz, 3996 MHz, 100 %, 0 %
2026/03/23 13:34:09.244, 1, 234.12 W, 30, 2032 MHz, 3996 MHz, 100 %, 0 %
2026/03/23 13:34:09.244, 2, 233.98 W, 28, 2032 MHz, 3996 MHz, 86 %, 0 %
2026/03/23 13:34:09.244, 3, 235.20 W, 30, 2032 MHz, 3996 MHz, 62 %, 0 %
2026/03/23 13:34:09.244, 4, 178.92 W, 25, 120 MHz, 3996 MHz, 0 %, 0 %
2026/03/23 13:34:09.244, 5, 180.62 W, 28, 120 MHz, 3996 MHz, 0 %, 0 %
2026/03/23 13:34:09.244, 6, 178.49 W, 26, 120 MHz, 3996 MHz, 0 %, 0 %
2026/03/23 13:34:09.244, 7, 176.58 W, 27, 120 MHz, 3996 MHz, 0 %, 0 %
2026/03/23 13:34:10.244, 0, 232.40 W, 28, 2032 MHz, 3996 MHz, 5 %, 0 %
2026/03/23 13:34:10.244, 1, 237.55 W, 30, 2032 MHz, 3996 MHz, 9 %, 0 %
2026/03/23 13:34:10.244, 2, 237.78 W, 28, 2032 MHz, 3996 MHz, 5 %, 0 %
2026/03/23 13:34:10.244, 3, 238.37 W, 30, 2032 MHz, 3996 MHz, 7 %, 0 %
2026/03/23 13:34:10.244, 4, 179.08 W, 25, 120 MHz, 3996 MHz, 0 %, 0 %
2026/03/23 13:34:10.244, 5, 180.58 W, 28, 120 MHz, 3996 MHz, 0 %, 0 %
2026/03/23 13:34:10.244, 6, 178.37 W, 26, 120 MHz, 3996 MHz, 0 %, 0 %
2026/03/23 13:34:10.244, 7, 176.58 W, 27, 120 MHz, 3996 MHz, 0 %, 0 %
2026/03/23 13:34:11.245, 0, 232.90 W, 28, 2032 MHz, 3996 MHz, 3 %, 0 %
2026/03/23 13:34:11.245, 1, 238.16 W, 30, 2032 MHz, 3996 MHz, 4 %, 0 %
2026/03/23 13:34:11.245, 2, 238.35 W, 27, 2032 MHz, 3996 MHz, 3 %, 0 %
2026/03/23 13:34:11.245, 3, 238.36 W, 30, 2032 MHz, 3996 MHz, 3 %, 0 %
2026/03/23 13:34:11.245, 4, 179.31 W, 25, 120 MHz, 3996 MHz, 0 %, 0 %
2026/03/23 13:34:11.245, 5, 180.58 W, 28, 120 MHz, 3996 MHz, 0 %, 0 %
2026/03/23 13:34:11.245, 6, 178.45 W, 26, 120 MHz, 3996 MHz, 0 %, 0 %
2026/03/23 13:34:11.245, 7, 176.58 W, 27, 120 MHz, 3996 MHz, 0 %, 0 %
2026/03/23 13:34:12.245, 0, 235.13 W, 28, 2032 MHz, 3996 MHz, 13 %, 1 %
2026/03/23 13:34:12.245, 1, 240.70 W, 30, 2032 MHz, 3996 MHz, 14 %, 1 %
2026/03/23 13:34:12.245, 2, 240.48 W, 28, 2032 MHz, 3996 MHz, 12 %, 1 %
2026/03/23 13:34:12.245, 3, 240.96 W, 30, 2032 MHz, 3996 MHz, 10 %, 1 %
2026/03/23 13:34:12.245, 4, 178.97 W, 25, 120 MHz, 3996 MHz, 0 %, 0 %
2026/03/23 13:34:12.245, 5, 180.58 W, 28, 120 MHz, 3996 MHz, 0 %, 0 %
2026/03/23 13:34:12.245, 6, 178.34 W, 26, 120 MHz, 3996 MHz, 0 %, 0 %
2026/03/23 13:34:12.245, 7, 176.58 W, 27, 120 MHz, 3996 MHz, 0 %, 0 %
2026/03/23 13:34:13.245, 0, 239.90 W, 28, 2032 MHz, 3996 MHz, 13 %, 1 %
2026/03/23 13:34:13.245, 1, 245.18 W, 30, 2032 MHz, 3996 MHz, 14 %, 1 %
2026/03/23 13:34:13.245, 2, 245.19 W, 28, 2032 MHz, 3996 MHz, 14 %, 1 %
2026/03/23 13:34:13.245, 3, 246.35 W, 30, 2032 MHz, 3996 MHz, 14 %, 1 %
2026/03/23 13:34:13.245, 4, 179.38 W, 25, 120 MHz, 3996 MHz, 0 %, 0 %
2026/03/23 13:34:13.245, 5, 180.58 W, 28, 120 MHz, 3996 MHz, 0 %, 0 %
2026/03/23 13:34:13.245, 6, 178.38 W, 26, 120 MHz, 3996 MHz, 0 %, 0 %
2026/03/23 13:34:13.245, 7, 176.58 W, 27, 120 MHz, 3996 MHz, 0 %, 0 %
2026/03/23 13:34:14.245, 0, 241.45 W, 28, 2032 MHz, 3996 MHz, 15 %, 1 %
2026/03/23 13:34:14.245, 1, 246.28 W, 30, 2032 MHz, 3996 MHz, 15 %, 1 %
2026/03/23 13:34:14.245, 2, 246.99 W, 28, 2032 MHz, 3996 MHz, 14 %, 1 %
2026/03/23 13:34:14.245, 3, 246.20 W, 30, 2032 MHz, 3996 MHz, 15 %, 1 %
2026/03/23 13:34:14.245, 4, 179.07 W, 25, 120 MHz, 3996 MHz, 0 %, 0 %
2026/03/23 13:34:14.245, 5, 180.58 W, 28, 120 MHz, 3996 MHz, 0 %, 0 %
2026/03/23 13:34:14.245, 6, 178.53 W, 26, 120 MHz, 3996 MHz, 0 %, 0 %
2026/03/23 13:34:14.245, 7, 176.58 W, 27, 120 MHz, 3996 MHz, 0 %, 0 %
2026/03/23 13:34:15.245, 0, 262.60 W, 28, 2032 MHz, 3996 MHz, 20 %, 7 %
2026/03/23 13:34:15.245, 1, 272.30 W, 30, 2032 MHz, 3996 MHz, 20 %, 7 %
2026/03/23 13:34:15.245, 2, 271.16 W, 28, 2032 MHz, 3996 MHz, 19 %, 7 %
2026/03/23 13:34:15.245, 3, 271.53 W, 31, 2032 MHz, 3996 MHz, 20 %, 7 %
2026/03/23 13:34:15.245, 4, 179.16 W, 25, 120 MHz, 3996 MHz, 0 %, 0 %
2026/03/23 13:34:15.245, 5, 180.58 W, 28, 120 MHz, 3996 MHz, 0 %, 0 %
2026/03/23 13:34:15.245, 6, 178.49 W, 26, 120 MHz, 3996 MHz, 0 %, 0 %
2026/03/23 13:34:15.245, 7, 176.58 W, 27, 120 MHz, 3996 MHz, 0 %, 0 %
2026/03/23 13:34:16.245, 0, 269.96 W, 28, 2032 MHz, 3996 MHz, 5 %, 2 %
2026/03/23 13:34:16.245, 1, 278.62 W, 30, 2032 MHz, 3996 MHz, 13 %, 4 %
2026/03/23 13:34:16.245, 2, 277.12 W, 28, 2032 MHz, 3996 MHz, 9 %, 3 %
2026/03/23 13:34:16.245, 3, 276.91 W, 31, 2032 MHz, 3996 MHz, 12 %, 4 %
2026/03/23 13:34:16.245, 4, 179.33 W, 25, 120 MHz, 3996 MHz, 0 %, 0 %
2026/03/23 13:34:16.245, 5, 180.58 W, 28, 120 MHz, 3996 MHz, 0 %, 0 %
2026/03/23 13:34:16.245, 6, 178.60 W, 26, 120 MHz, 3996 MHz, 0 %, 0 %
2026/03/23 13:34:16.245, 7, 176.58 W, 27, 120 MHz, 3996 MHz, 0 %, 0 %
2026/03/23 13:34:17.245, 0, 286.62 W, 29, 2032 MHz, 3996 MHz, 25 %, 11 %
2026/03/23 13:34:17.245, 1, 297.28 W, 31, 2032 MHz, 3996 MHz, 25 %, 11 %
2026/03/23 13:34:17.245, 2, 293.99 W, 28, 2032 MHz, 3996 MHz, 22 %, 10 %
2026/03/23 13:34:17.245, 3, 293.35 W, 31, 2032 MHz, 3996 MHz, 18 %, 8 %
2026/03/23 13:34:17.245, 4, 179.23 W, 25, 120 MHz, 3996 MHz, 0 %, 0 %
2026/03/23 13:34:17.246, 5, 180.58 W, 28, 120 MHz, 3996 MHz, 0 %, 0 %
2026/03/23 13:34:17.246, 6, 178.49 W, 26, 120 MHz, 3996 MHz, 0 %, 0 %
2026/03/23 13:34:17.246, 7, 176.58 W, 27, 120 MHz, 3996 MHz, 0 %, 0 %
2026/03/23 13:34:18.246, 0, 301.84 W, 29, 2032 MHz, 3996 MHz, 25 %, 11 %
2026/03/23 13:34:18.246, 1, 310.19 W, 31, 2032 MHz, 3996 MHz, 26 %, 11 %
2026/03/23 13:34:18.246, 2, 309.30 W, 29, 2032 MHz, 3996 MHz, 24 %, 11 %
2026/03/23 13:34:18.246, 3, 310.10 W, 31, 2032 MHz, 3996 MHz, 25 %, 11 %
2026/03/23 13:34:18.246, 4, 179.04 W, 25, 120 MHz, 3996 MHz, 0 %, 0 %
2026/03/23 13:34:18.246, 5, 180.58 W, 28, 120 MHz, 3996 MHz, 0 %, 0 %
2026/03/23 13:34:18.246, 6, 178.38 W, 26, 120 MHz, 3996 MHz, 0 %, 0 %
2026/03/23 13:34:18.246, 7, 176.58 W, 27, 120 MHz, 3996 MHz, 0 %, 0 %
2026/03/23 13:34:19.246, 0, 304.16 W, 29, 2032 MHz, 3996 MHz, 27 %, 11 %
2026/03/23 13:34:19.246, 1, 312.79 W, 31, 2032 MHz, 3996 MHz, 27 %, 11 %
2026/03/23 13:34:19.246, 2, 310.93 W, 29, 2032 MHz, 3996 MHz, 26 %, 11 %
2026/03/23 13:34:19.246, 3, 309.96 W, 31, 2032 MHz, 3996 MHz, 26 %, 11 %
2026/03/23 13:34:19.246, 4, 179.26 W, 25, 120 MHz, 3996 MHz, 0 %, 0 %
2026/03/23 13:34:19.246, 5, 180.58 W, 28, 120 MHz, 3996 MHz, 0 %, 0 %
2026/03/23 13:34:19.246, 6, 178.45 W, 26, 120 MHz, 3996 MHz, 0 %, 0 %
2026/03/23 13:34:19.246, 7, 176.58 W, 27, 120 MHz, 3996 MHz, 0 %, 0 %
2026/03/23 13:34:20.246, 0, 313.76 W, 29, 2032 MHz, 3996 MHz, 29 %, 13 %
2026/03/23 13:34:20.246, 1, 323.10 W, 31, 2032 MHz, 3996 MHz, 31 %, 14 %
2026/03/23 13:34:20.246, 2, 320.77 W, 29, 2032 MHz, 3996 MHz, 30 %, 14 %
2026/03/23 13:34:20.246, 3, 318.35 W, 32, 2032 MHz, 3996 MHz, 29 %, 13 %
2026/03/23 13:34:20.246, 4, 179.24 W, 25, 120 MHz, 3996 MHz, 0 %, 0 %
2026/03/23 13:34:20.246, 5, 180.58 W, 28, 120 MHz, 3996 MHz, 0 %, 0 %
2026/03/23 13:34:20.246, 6, 178.49 W, 26, 120 MHz, 3996 MHz, 0 %, 0 %
2026/03/23 13:34:20.246, 7, 176.58 W, 27, 120 MHz, 3996 MHz, 0 %, 0 %
2026/03/23 13:34:21.246, 0, 320.18 W, 29, 2032 MHz, 3996 MHz, 11 %, 5 %
2026/03/23 13:34:21.246, 1, 324.53 W, 31, 2032 MHz, 3996 MHz, 19 %, 9 %
2026/03/23 13:34:21.246, 2, 325.91 W, 29, 2032 MHz, 3996 MHz, 16 %, 7 %
2026/03/23 13:34:21.246, 3, 324.41 W, 32, 2032 MHz, 3996 MHz, 21 %, 9 %
2026/03/23 13:34:21.246, 4, 179.31 W, 25, 120 MHz, 3996 MHz, 0 %, 0 %
2026/03/23 13:34:21.246, 5, 180.58 W, 28, 120 MHz, 3996 MHz, 0 %, 0 %
2026/03/23 13:34:21.246, 6, 178.26 W, 26, 120 MHz, 3996 MHz, 0 %, 0 %
2026/03/23 13:34:21.246, 7, 176.58 W, 27, 120 MHz, 3996 MHz, 0 %, 0 %
2026/03/23 13:34:22.246, 0, 319.68 W, 29, 2032 MHz, 3996 MHz, 28 %, 12 %
2026/03/23 13:34:22.246, 1, 327.56 W, 31, 2032 MHz, 3996 MHz, 26 %, 11 %
2026/03/23 13:34:22.246, 2, 328.92 W, 29, 2032 MHz, 3996 MHz, 22 %, 10 %
2026/03/23 13:34:22.246, 3, 326.21 W, 32, 2032 MHz, 3996 MHz, 17 %, 7 %
2026/03/23 13:34:22.246, 4, 179.30 W, 25, 120 MHz, 3996 MHz, 0 %, 0 %
2026/03/23 13:34:22.246, 5, 180.58 W, 28, 120 MHz, 3996 MHz, 0 %, 0 %
2026/03/23 13:34:22.246, 6, 178.41 W, 26, 120 MHz, 3996 MHz, 0 %, 0 %
2026/03/23 13:34:22.246, 7, 176.58 W, 27, 120 MHz, 3996 MHz, 0 %, 0 %
2026/03/23 13:34:23.246, 0, 342.52 W, 30, 2032 MHz, 3996 MHz, 39 %, 18 %
2026/03/23 13:34:23.246, 1, 353.11 W, 32, 2032 MHz, 3996 MHz, 38 %, 18 %
2026/03/23 13:34:23.246, 2, 348.53 W, 29, 2032 MHz, 3996 MHz, 37 %, 18 %
2026/03/23 13:34:23.246, 3, 350.95 W, 32, 2032 MHz, 3996 MHz, 36 %, 18 %
2026/03/23 13:34:23.246, 4, 179.27 W, 25, 120 MHz, 3996 MHz, 0 %, 0 %
2026/03/23 13:34:23.246, 5, 180.58 W, 28, 120 MHz, 3996 MHz, 0 %, 0 %
2026/03/23 13:34:23.246, 6, 178.49 W, 26, 120 MHz, 3996 MHz, 0 %, 0 %
2026/03/23 13:34:23.246, 7, 176.58 W, 27, 120 MHz, 3996 MHz, 0 %, 0 %
2026/03/23 13:34:24.247, 0, 336.91 W, 30, 2032 MHz, 3996 MHz, 36 %, 17 %
2026/03/23 13:34:24.247, 1, 346.30 W, 32, 2032 MHz, 3996 MHz, 35 %, 16 %
2026/03/23 13:34:24.247, 2, 347.74 W, 29, 2032 MHz, 3996 MHz, 35 %, 17 %
2026/03/23 13:34:24.247, 3, 343.28 W, 32, 2032 MHz, 3996 MHz, 33 %, 16 %
2026/03/23 13:34:24.247, 4, 179.09 W, 25, 120 MHz, 3996 MHz, 0 %, 0 %
2026/03/23 13:34:24.247, 5, 180.58 W, 28, 120 MHz, 3996 MHz, 0 %, 0 %
2026/03/23 13:34:24.247, 6, 178.49 W, 26, 120 MHz, 3996 MHz, 0 %, 0 %
2026/03/23 13:34:24.247, 7, 176.58 W, 27, 120 MHz, 3996 MHz, 0 %, 0 %
2026/03/23 13:34:25.247, 0, 338.71 W, 30, 2032 MHz, 3996 MHz, 34 %, 15 %
2026/03/23 13:34:25.247, 1, 339.81 W, 32, 2032 MHz, 3996 MHz, 35 %, 15 %
2026/03/23 13:34:25.247, 2, 343.04 W, 29, 2032 MHz, 3996 MHz, 35 %, 16 %
2026/03/23 13:34:25.247, 3, 341.44 W, 32, 2032 MHz, 3996 MHz, 34 %, 15 %
2026/03/23 13:34:25.247, 4, 179.08 W, 25, 120 MHz, 3996 MHz, 0 %, 0 %
2026/03/23 13:34:25.247, 5, 180.58 W, 28, 120 MHz, 3996 MHz, 0 %, 0 %
2026/03/23 13:34:25.247, 6, 178.41 W, 26, 120 MHz, 3996 MHz, 0 %, 0 %
2026/03/23 13:34:25.247, 7, 176.58 W, 27, 120 MHz, 3996 MHz, 0 %, 0 %
2026/03/23 13:34:26.247, 0, 342.48 W, 29, 2032 MHz, 3996 MHz, 14 %, 6 %
2026/03/23 13:34:26.247, 1, 353.25 W, 31, 2032 MHz, 3996 MHz, 28 %, 11 %
2026/03/23 13:34:26.247, 2, 349.26 W, 29, 2032 MHz, 3996 MHz, 22 %, 8 %
2026/03/23 13:34:26.247, 3, 346.04 W, 32, 2032 MHz, 3996 MHz, 24 %, 10 %
2026/03/23 13:34:26.247, 4, 179.33 W, 25, 120 MHz, 3996 MHz, 0 %, 0 %
2026/03/23 13:34:26.247, 5, 180.58 W, 28, 120 MHz, 3996 MHz, 0 %, 0 %
2026/03/23 13:34:26.247, 6, 178.41 W, 26, 120 MHz, 3996 MHz, 0 %, 0 %
2026/03/23 13:34:26.247, 7, 176.58 W, 27, 120 MHz, 3996 MHz, 0 %, 0 %
2026/03/23 13:34:27.247, 0, 351.06 W, 30, 2032 MHz, 3996 MHz, 40 %, 16 %
2026/03/23 13:34:27.247, 1, 356.83 W, 32, 2032 MHz, 3996 MHz, 37 %, 16 %
2026/03/23 13:34:27.247, 2, 361.01 W, 30, 2032 MHz, 3996 MHz, 34 %, 14 %
2026/03/23 13:34:27.247, 3, 356.68 W, 32, 2032 MHz, 3996 MHz, 27 %, 11 %
2026/03/23 13:34:27.247, 4, 179.11 W, 25, 120 MHz, 3996 MHz, 0 %, 0 %
2026/03/23 13:34:27.247, 5, 180.58 W, 28, 120 MHz, 3996 MHz, 0 %, 0 %
2026/03/23 13:34:27.247, 6, 178.49 W, 26, 120 MHz, 3996 MHz, 0 %, 0 %
2026/03/23 13:34:27.247, 7, 176.58 W, 27, 120 MHz, 3996 MHz, 0 %, 0 %
2026/03/23 13:34:28.247, 0, 337.60 W, 30, 2032 MHz, 3996 MHz, 39 %, 16 %
2026/03/23 13:34:28.247, 1, 341.23 W, 32, 2032 MHz, 3996 MHz, 39 %, 16 %
2026/03/23 13:34:28.247, 2, 340.37 W, 30, 2032 MHz, 3996 MHz, 39 %, 16 %
2026/03/23 13:34:28.247, 3, 343.04 W, 32, 2032 MHz, 3996 MHz, 38 %, 16 %
2026/03/23 13:34:28.247, 4, 179.25 W, 25, 120 MHz, 3996 MHz, 0 %, 0 %
2026/03/23 13:34:28.247, 5, 180.58 W, 28, 120 MHz, 3996 MHz, 0 %, 0 %
2026/03/23 13:34:28.247, 6, 178.57 W, 26, 120 MHz, 3996 MHz, 0 %, 0 %
2026/03/23 13:34:28.247, 7, 176.58 W, 27, 120 MHz, 3996 MHz, 0 %, 0 %
2026/03/23 13:34:29.247, 0, 335.94 W, 30, 2032 MHz, 3996 MHz, 36 %, 16 %
2026/03/23 13:34:29.247, 1, 354.59 W, 32, 2032 MHz, 3996 MHz, 44 %, 17 %
2026/03/23 13:34:29.247, 2, 347.01 W, 30, 2032 MHz, 3996 MHz, 41 %, 16 %
2026/03/23 13:34:29.247, 3, 342.51 W, 33, 2032 MHz, 3996 MHz, 39 %, 16 %
2026/03/23 13:34:29.247, 4, 179.07 W, 25, 120 MHz, 3996 MHz, 0 %, 0 %
2026/03/23 13:34:29.247, 5, 180.58 W, 28, 120 MHz, 3996 MHz, 0 %, 0 %
2026/03/23 13:34:29.247, 6, 178.53 W, 26, 120 MHz, 3996 MHz, 0 %, 0 %
2026/03/23 13:34:29.247, 7, 176.58 W, 27, 120 MHz, 3996 MHz, 0 %, 0 %
2026/03/23 13:34:30.247, 0, 371.02 W, 30, 2032 MHz, 3996 MHz, 45 %, 16 %
2026/03/23 13:34:30.247, 1, 375.11 W, 32, 2032 MHz, 3996 MHz, 42 %, 17 %
2026/03/23 13:34:30.247, 2, 375.71 W, 30, 2032 MHz, 3996 MHz, 43 %, 18 %
2026/03/23 13:34:30.247, 3, 375.77 W, 33, 2032 MHz, 3996 MHz, 44 %, 16 %
2026/03/23 13:34:30.247, 4, 179.23 W, 25, 120 MHz, 3996 MHz, 0 %, 0 %
2026/03/23 13:34:30.247, 5, 180.58 W, 28, 120 MHz, 3996 MHz, 0 %, 0 %
2026/03/23 13:34:30.247, 6, 178.49 W, 26, 120 MHz, 3996 MHz, 0 %, 0 %
2026/03/23 13:34:30.247, 7, 176.58 W, 27, 120 MHz, 3996 MHz, 0 %, 0 %
2026/03/23 13:34:31.248, 0, 357.42 W, 30, 2032 MHz, 3996 MHz, 16 %, 7 %
2026/03/23 13:34:31.248, 1, 361.33 W, 32, 2032 MHz, 3996 MHz, 24 %, 11 %
2026/03/23 13:34:31.248, 2, 364.12 W, 29, 2032 MHz, 3996 MHz, 14 %, 6 %
2026/03/23 13:34:31.248, 3, 361.90 W, 33, 2032 MHz, 3996 MHz, 17 %, 7 %
2026/03/23 13:34:31.248, 4, 179.26 W, 25, 120 MHz, 3996 MHz, 0 %, 0 %
2026/03/23 13:34:31.248, 5, 180.58 W, 28, 120 MHz, 3996 MHz, 0 %, 0 %
2026/03/23 13:34:31.248, 6, 178.52 W, 26, 120 MHz, 3996 MHz, 0 %, 0 %
2026/03/23 13:34:31.248, 7, 176.58 W, 27, 120 MHz, 3996 MHz, 0 %, 0 %
2026/03/23 13:34:32.248, 0, 371.16 W, 30, 2032 MHz, 3996 MHz, 40 %, 17 %
2026/03/23 13:34:32.248, 1, 372.94 W, 32, 2032 MHz, 3996 MHz, 39 %, 17 %
2026/03/23 13:34:32.248, 2, 377.42 W, 30, 2032 MHz, 3996 MHz, 41 %, 18 %
2026/03/23 13:34:32.248, 3, 372.50 W, 33, 2032 MHz, 3996 MHz, 33 %, 14 %
2026/03/23 13:34:32.248, 4, 179.08 W, 25, 120 MHz, 3996 MHz, 0 %, 0 %
2026/03/23 13:34:32.248, 5, 180.58 W, 28, 120 MHz, 3996 MHz, 0 %, 0 %
2026/03/23 13:34:32.248, 6, 178.45 W, 26, 120 MHz, 3996 MHz, 0 %, 0 %
2026/03/23 13:34:32.248, 7, 176.58 W, 27, 120 MHz, 3996 MHz, 0 %, 0 %
2026/03/23 13:34:33.248, 0, 367.33 W, 31, 2032 MHz, 3996 MHz, 52 %, 16 %
2026/03/23 13:34:33.248, 1, 384.71 W, 33, 2032 MHz, 3996 MHz, 51 %, 15 %
2026/03/23 13:34:33.248, 2, 373.85 W, 31, 2032 MHz, 3996 MHz, 53 %, 15 %
2026/03/23 13:34:33.248, 3, 372.61 W, 34, 2032 MHz, 3996 MHz, 51 %, 15 %
2026/03/23 13:34:33.248, 4, 179.07 W, 25, 120 MHz, 3996 MHz, 0 %, 0 %
2026/03/23 13:34:33.248, 5, 180.58 W, 28, 120 MHz, 3996 MHz, 0 %, 0 %
2026/03/23 13:34:33.248, 6, 178.38 W, 26, 120 MHz, 3996 MHz, 0 %, 0 %
2026/03/23 13:34:33.248, 7, 176.58 W, 27, 120 MHz, 3996 MHz, 0 %, 0 %
2026/03/23 13:34:34.248, 0, 396.32 W, 31, 2032 MHz, 3996 MHz, 49 %, 16 %
2026/03/23 13:34:34.248, 1, 392.19 W, 33, 2032 MHz, 3996 MHz, 46 %, 17 %
2026/03/23 13:34:34.248, 2, 399.66 W, 31, 2032 MHz, 3996 MHz, 51 %, 16 %
2026/03/23 13:34:34.248, 3, 406.62 W, 34, 2032 MHz, 3996 MHz, 52 %, 15 %
2026/03/23 13:34:34.248, 4, 179.16 W, 25, 120 MHz, 3996 MHz, 0 %, 0 %
2026/03/23 13:34:34.248, 5, 180.58 W, 28, 120 MHz, 3996 MHz, 0 %, 0 %
2026/03/23 13:34:34.248, 6, 178.52 W, 26, 120 MHz, 3996 MHz, 0 %, 0 %
2026/03/23 13:34:34.248, 7, 176.58 W, 27, 120 MHz, 3996 MHz, 0 %, 0 %
2026/03/23 13:34:35.248, 0, 377.19 W, 31, 2032 MHz, 3996 MHz, 43 %, 17 %
2026/03/23 13:34:35.248, 1, 384.39 W, 33, 2032 MHz, 3996 MHz, 44 %, 17 %
2026/03/23 13:34:35.248, 2, 382.77 W, 31, 2032 MHz, 3996 MHz, 47 %, 17 %
2026/03/23 13:34:35.248, 3, 382.12 W, 33, 2032 MHz, 3996 MHz, 42 %, 17 %
2026/03/23 13:34:35.248, 4, 179.29 W, 25, 120 MHz, 3996 MHz, 0 %, 0 %
2026/03/23 13:34:35.248, 5, 180.58 W, 28, 120 MHz, 3996 MHz, 0 %, 0 %
2026/03/23 13:34:35.248, 6, 178.53 W, 26, 120 MHz, 3996 MHz, 0 %, 0 %
2026/03/23 13:34:35.248, 7, 176.58 W, 27, 120 MHz, 3996 MHz, 0 %, 0 %
2026/03/23 13:34:36.248, 0, 358.18 W, 30, 2032 MHz, 3996 MHz, 12 %, 6 %
2026/03/23 13:34:36.248, 1, 361.37 W, 32, 2032 MHz, 3996 MHz, 26 %, 10 %
2026/03/23 13:34:36.248, 2, 367.94 W, 30, 2032 MHz, 3996 MHz, 11 %, 4 %
2026/03/23 13:34:36.248, 3, 363.25 W, 33, 2032 MHz, 3996 MHz, 16 %, 7 %
2026/03/23 13:34:36.248, 4, 179.19 W, 25, 120 MHz, 3996 MHz, 0 %, 0 %
2026/03/23 13:34:36.248, 5, 180.58 W, 28, 120 MHz, 3996 MHz, 0 %, 0 %
2026/03/23 13:34:36.248, 6, 178.49 W, 26, 120 MHz, 3996 MHz, 0 %, 0 %
2026/03/23 13:34:36.248, 7, 176.58 W, 27, 120 MHz, 3996 MHz, 0 %, 0 %
2026/03/23 13:34:37.248, 0, 388.70 W, 32, 2032 MHz, 3996 MHz, 65 %, 13 %
2026/03/23 13:34:37.248, 1, 423.13 W, 34, 2032 MHz, 3996 MHz, 64 %, 13 %
2026/03/23 13:34:37.248, 2, 405.00 W, 31, 2032 MHz, 3996 MHz, 63 %, 15 %
2026/03/23 13:34:37.248, 3, 385.55 W, 33, 2032 MHz, 3996 MHz, 53 %, 11 %
2026/03/23 13:34:37.248, 4, 179.29 W, 25, 120 MHz, 3996 MHz, 0 %, 0 %
2026/03/23 13:34:37.248, 5, 180.58 W, 28, 120 MHz, 3996 MHz, 0 %, 0 %
2026/03/23 13:34:37.248, 6, 178.41 W, 26, 120 MHz, 3996 MHz, 0 %, 0 %
2026/03/23 13:34:37.248, 7, 176.58 W, 27, 120 MHz, 3996 MHz, 0 %, 0 %
2026/03/23 13:34:38.249, 0, 437.85 W, 32, 2032 MHz, 3996 MHz, 65 %, 14 %
2026/03/23 13:34:38.249, 1, 435.18 W, 34, 2032 MHz, 3996 MHz, 65 %, 12 %
2026/03/23 13:34:38.249, 2, 439.44 W, 32, 2032 MHz, 3996 MHz, 65 %, 13 %
2026/03/23 13:34:38.249, 3, 442.77 W, 35, 2032 MHz, 3996 MHz, 64 %, 14 %
2026/03/23 13:34:38.249, 4, 179.27 W, 25, 120 MHz, 3996 MHz, 0 %, 0 %
2026/03/23 13:34:38.249, 5, 180.58 W, 28, 120 MHz, 3996 MHz, 0 %, 0 %
2026/03/23 13:34:38.249, 6, 178.52 W, 26, 120 MHz, 3996 MHz, 0 %, 0 %
2026/03/23 13:34:38.249, 7, 176.58 W, 27, 120 MHz, 3996 MHz, 0 %, 0 %
2026/03/23 13:34:39.249, 0, 434.58 W, 32, 2032 MHz, 3996 MHz, 53 %, 17 %
2026/03/23 13:34:39.249, 1, 420.59 W, 34, 2032 MHz, 3996 MHz, 55 %, 16 %
2026/03/23 13:34:39.249, 2, 427.38 W, 32, 2032 MHz, 3996 MHz, 51 %, 17 %
2026/03/23 13:34:39.249, 3, 427.43 W, 35, 2032 MHz, 3996 MHz, 53 %, 18 %
2026/03/23 13:34:39.249, 4, 179.23 W, 25, 120 MHz, 3996 MHz, 0 %, 0 %
2026/03/23 13:34:39.249, 5, 180.58 W, 28, 120 MHz, 3996 MHz, 0 %, 0 %
2026/03/23 13:34:39.249, 6, 178.37 W, 26, 120 MHz, 3996 MHz, 0 %, 0 %
2026/03/23 13:34:39.249, 7, 176.58 W, 27, 120 MHz, 3996 MHz, 0 %, 0 %
2026/03/23 13:34:40.249, 0, 411.80 W, 32, 2032 MHz, 3996 MHz, 58 %, 16 %
2026/03/23 13:34:40.249, 1, 416.28 W, 34, 2032 MHz, 3996 MHz, 49 %, 19 %
2026/03/23 13:34:40.249, 2, 411.73 W, 32, 2032 MHz, 3996 MHz, 57 %, 17 %
2026/03/23 13:34:40.249, 3, 417.50 W, 35, 2032 MHz, 3996 MHz, 55 %, 16 %
2026/03/23 13:34:40.249, 4, 179.34 W, 25, 120 MHz, 3996 MHz, 0 %, 0 %
2026/03/23 13:34:40.249, 5, 180.58 W, 28, 120 MHz, 3996 MHz, 0 %, 0 %
2026/03/23 13:34:40.249, 6, 178.49 W, 26, 120 MHz, 3996 MHz, 0 %, 0 %
2026/03/23 13:34:40.249, 7, 176.58 W, 27, 120 MHz, 3996 MHz, 0 %, 0 %
2026/03/23 13:34:41.249, 0, 399.61 W, 31, 2032 MHz, 3996 MHz, 21 %, 7 %
2026/03/23 13:34:41.249, 1, 401.13 W, 33, 2032 MHz, 3996 MHz, 21 %, 7 %
2026/03/23 13:34:41.249, 2, 409.40 W, 30, 2032 MHz, 3996 MHz, 17 %, 7 %
2026/03/23 13:34:41.249, 3, 412.75 W, 34, 2032 MHz, 3996 MHz, 22 %, 9 %
2026/03/23 13:34:41.249, 4, 179.15 W, 25, 120 MHz, 3996 MHz, 0 %, 0 %
2026/03/23 13:34:41.249, 5, 180.58 W, 28, 120 MHz, 3996 MHz, 0 %, 0 %
2026/03/23 13:34:41.249, 6, 178.56 W, 26, 120 MHz, 3996 MHz, 0 %, 0 %
2026/03/23 13:34:41.249, 7, 176.58 W, 27, 120 MHz, 3996 MHz, 0 %, 0 %
2026/03/23 13:34:42.249, 0, 441.27 W, 33, 2032 MHz, 3996 MHz, 61 %, 15 %
2026/03/23 13:34:42.249, 1, 437.87 W, 35, 2032 MHz, 3996 MHz, 61 %, 16 %
2026/03/23 13:34:42.249, 2, 445.51 W, 33, 2032 MHz, 3996 MHz, 61 %, 16 %
2026/03/23 13:34:42.249, 3, 434.63 W, 34, 2032 MHz, 3996 MHz, 59 %, 14 %
2026/03/23 13:34:42.249, 4, 179.26 W, 25, 120 MHz, 3996 MHz, 0 %, 0 %
2026/03/23 13:34:42.249, 5, 180.58 W, 28, 120 MHz, 3996 MHz, 0 %, 0 %
2026/03/23 13:34:42.249, 6, 178.64 W, 26, 120 MHz, 3996 MHz, 0 %, 0 %
2026/03/23 13:34:42.249, 7, 176.58 W, 27, 120 MHz, 3996 MHz, 0 %, 0 %
2026/03/23 13:34:43.249, 0, 443.17 W, 33, 2032 MHz, 3996 MHz, 62 %, 16 %
2026/03/23 13:34:43.249, 1, 449.82 W, 35, 2032 MHz, 3996 MHz, 64 %, 14 %
2026/03/23 13:34:43.249, 2, 445.75 W, 33, 2032 MHz, 3996 MHz, 64 %, 16 %
2026/03/23 13:34:43.249, 3, 445.45 W, 36, 2032 MHz, 3996 MHz, 62 %, 16 %
2026/03/23 13:34:43.249, 4, 179.31 W, 25, 120 MHz, 3996 MHz, 0 %, 0 %
2026/03/23 13:34:43.249, 5, 180.58 W, 28, 120 MHz, 3996 MHz, 0 %, 0 %
2026/03/23 13:34:43.249, 6, 178.52 W, 26, 120 MHz, 3996 MHz, 0 %, 0 %
2026/03/23 13:34:43.249, 7, 176.58 W, 27, 120 MHz, 3996 MHz, 0 %, 0 %
2026/03/23 13:34:44.249, 0, 439.61 W, 33, 2032 MHz, 3996 MHz, 59 %, 17 %
2026/03/23 13:34:44.249, 1, 443.72 W, 35, 2032 MHz, 3996 MHz, 60 %, 19 %
2026/03/23 13:34:44.249, 2, 449.61 W, 33, 2032 MHz, 3996 MHz, 56 %, 18 %
2026/03/23 13:34:44.250, 3, 449.89 W, 35, 2032 MHz, 3996 MHz, 59 %, 17 %
2026/03/23 13:34:44.250, 4, 179.09 W, 25, 120 MHz, 3996 MHz, 0 %, 0 %
2026/03/23 13:34:44.250, 5, 180.58 W, 28, 120 MHz, 3996 MHz, 0 %, 0 %
2026/03/23 13:34:44.250, 6, 178.56 W, 26, 120 MHz, 3996 MHz, 0 %, 0 %
2026/03/23 13:34:44.250, 7, 176.58 W, 27, 120 MHz, 3996 MHz, 0 %, 0 %
2026/03/23 13:34:45.250, 0, 422.88 W, 32, 2032 MHz, 3996 MHz, 57 %, 17 %
2026/03/23 13:34:45.250, 1, 425.63 W, 34, 2032 MHz, 3996 MHz, 55 %, 18 %
2026/03/23 13:34:45.250, 2, 430.45 W, 32, 2032 MHz, 3996 MHz, 54 %, 19 %
2026/03/23 13:34:45.250, 3, 429.61 W, 35, 2032 MHz, 3996 MHz, 58 %, 18 %
2026/03/23 13:34:45.250, 4, 179.14 W, 25, 120 MHz, 3996 MHz, 0 %, 0 %
2026/03/23 13:34:45.250, 5, 180.58 W, 28, 120 MHz, 3996 MHz, 0 %, 0 %
2026/03/23 13:34:45.250, 6, 178.45 W, 26, 120 MHz, 3996 MHz, 0 %, 0 %
2026/03/23 13:34:45.250, 7, 176.58 W, 27, 120 MHz, 3996 MHz, 0 %, 0 %
2026/03/23 13:34:46.250, 0, 428.26 W, 31, 2032 MHz, 3996 MHz, 26 %, 7 %
2026/03/23 13:34:46.250, 1, 447.98 W, 34, 2032 MHz, 3996 MHz, 27 %, 9 %
2026/03/23 13:34:46.250, 2, 437.54 W, 32, 2032 MHz, 3996 MHz, 34 %, 8 %
2026/03/23 13:34:46.250, 3, 430.53 W, 34, 2032 MHz, 3996 MHz, 11 %, 5 %
2026/03/23 13:34:46.250, 4, 179.21 W, 25, 120 MHz, 3996 MHz, 0 %, 0 %
2026/03/23 13:34:46.250, 5, 180.58 W, 28, 120 MHz, 3996 MHz, 0 %, 0 %
2026/03/23 13:34:46.250, 6, 178.56 W, 26, 120 MHz, 3996 MHz, 0 %, 0 %
2026/03/23 13:34:46.250, 7, 176.58 W, 27, 120 MHz, 3996 MHz, 0 %, 0 %
2026/03/23 13:34:47.250, 0, 514.91 W, 34, 2032 MHz, 3996 MHz, 66 %, 20 %
2026/03/23 13:34:47.250, 1, 521.72 W, 36, 2032 MHz, 3996 MHz, 66 %, 20 %
2026/03/23 13:34:47.250, 2, 520.09 W, 34, 2032 MHz, 3996 MHz, 65 %, 21 %
2026/03/23 13:34:47.250, 3, 515.56 W, 35, 2032 MHz, 3996 MHz, 62 %, 20 %
2026/03/23 13:34:47.250, 4, 179.07 W, 25, 120 MHz, 3996 MHz, 0 %, 0 %
2026/03/23 13:34:47.250, 5, 180.58 W, 28, 120 MHz, 3996 MHz, 0 %, 0 %
2026/03/23 13:34:47.250, 6, 178.45 W, 26, 120 MHz, 3996 MHz, 0 %, 0 %
2026/03/23 13:34:47.250, 7, 176.58 W, 27, 120 MHz, 3996 MHz, 0 %, 0 %
2026/03/23 13:34:48.250, 0, 475.40 W, 34, 2032 MHz, 3996 MHz, 66 %, 20 %
2026/03/23 13:34:48.250, 1, 481.36 W, 37, 2032 MHz, 3996 MHz, 60 %, 24 %
2026/03/23 13:34:48.250, 2, 485.51 W, 34, 2032 MHz, 3996 MHz, 66 %, 22 %
2026/03/23 13:34:48.250, 3, 485.45 W, 36, 2032 MHz, 3996 MHz, 65 %, 20 %
2026/03/23 13:34:48.250, 4, 179.38 W, 25, 120 MHz, 3996 MHz, 0 %, 0 %
2026/03/23 13:34:48.250, 5, 180.58 W, 28, 120 MHz, 3996 MHz, 0 %, 0 %
2026/03/23 13:34:48.250, 6, 178.53 W, 26, 120 MHz, 3996 MHz, 0 %, 0 %
2026/03/23 13:34:48.250, 7, 176.58 W, 27, 120 MHz, 3996 MHz, 0 %, 0 %
2026/03/23 13:34:49.250, 0, 486.68 W, 33, 2032 MHz, 3996 MHz, 77 %, 29 %
2026/03/23 13:34:49.250, 1, 413.90 W, 33, 2032 MHz, 3996 MHz, 100 %, 0 %
2026/03/23 13:34:49.250, 2, 488.13 W, 32, 2032 MHz, 3996 MHz, 100 %, 0 %
2026/03/23 13:34:49.250, 3, 502.99 W, 36, 2032 MHz, 3996 MHz, 67 %, 34 %
2026/03/23 13:34:49.250, 4, 179.17 W, 25, 120 MHz, 3996 MHz, 0 %, 0 %
2026/03/23 13:34:49.250, 5, 180.58 W, 28, 120 MHz, 3996 MHz, 0 %, 0 %
2026/03/23 13:34:49.250, 6, 178.49 W, 26, 120 MHz, 3996 MHz, 0 %, 0 %
2026/03/23 13:34:49.250, 7, 176.58 W, 27, 120 MHz, 3996 MHz, 0 %, 0 %
2026/03/23 13:34:50.250, 0, 336.69 W, 30, 2032 MHz, 3996 MHz, 0 %, 0 %
2026/03/23 13:34:50.250, 1, 332.51 W, 32, 2032 MHz, 3996 MHz, 0 %, 0 %
2026/03/23 13:34:50.250, 2, 331.88 W, 30, 2032 MHz, 3996 MHz, 0 %, 0 %
2026/03/23 13:34:50.250, 3, 337.29 W, 33, 2032 MHz, 3996 MHz, 0 %, 0 %
2026/03/23 13:34:50.250, 4, 178.95 W, 25, 120 MHz, 3996 MHz, 0 %, 0 %
2026/03/23 13:34:50.251, 5, 180.58 W, 28, 120 MHz, 3996 MHz, 0 %, 0 %
2026/03/23 13:34:50.251, 6, 178.41 W, 26, 120 MHz, 3996 MHz, 0 %, 0 %
2026/03/23 13:34:50.251, 7, 176.58 W, 27, 120 MHz, 3996 MHz, 0 %, 0 %
2026/03/23 13:34:51.251, 0, 235.91 W, 30, 2032 MHz, 3996 MHz, 5 %, 1 %
2026/03/23 13:34:51.251, 1, 241.34 W, 32, 2032 MHz, 3996 MHz, 1 %, 0 %
2026/03/23 13:34:51.251, 2, 241.32 W, 29, 2032 MHz, 3996 MHz, 1 %, 1 %
2026/03/23 13:34:51.251, 3, 242.67 W, 32, 2032 MHz, 3996 MHz, 2 %, 1 %
2026/03/23 13:34:51.251, 4, 179.03 W, 25, 120 MHz, 3996 MHz, 0 %, 0 %
2026/03/23 13:34:51.251, 5, 180.58 W, 28, 120 MHz, 3996 MHz, 0 %, 0 %
2026/03/23 13:34:51.251, 6, 178.49 W, 26, 120 MHz, 3996 MHz, 0 %, 0 %
2026/03/23 13:34:51.251, 7, 176.58 W, 27, 120 MHz, 3996 MHz, 0 %, 0 %
2026/03/23 13:34:52.251, 0, 235.66 W, 29, 2032 MHz, 3996 MHz, 4 %, 1 %
2026/03/23 13:34:52.251, 1, 240.51 W, 31, 2032 MHz, 3996 MHz, 0 %, 0 %
2026/03/23 13:34:52.251, 2, 240.56 W, 29, 2032 MHz, 3996 MHz, 0 %, 0 %
2026/03/23 13:34:52.251, 3, 241.22 W, 32, 2032 MHz, 3996 MHz, 0 %, 0 %
2026/03/23 13:34:52.251, 4, 179.39 W, 25, 120 MHz, 3996 MHz, 0 %, 0 %
2026/03/23 13:34:52.251, 5, 180.58 W, 28, 120 MHz, 3996 MHz, 0 %, 0 %
2026/03/23 13:34:52.251, 6, 178.57 W, 26, 120 MHz, 3996 MHz, 0 %, 0 %
2026/03/23 13:34:52.251, 7, 176.58 W, 27, 120 MHz, 3996 MHz, 0 %, 0 %
2026/03/23 13:34:53.251, 0, 233.93 W, 29, 2032 MHz, 3996 MHz, 0 %, 0 %
2026/03/23 13:34:53.251, 1, 240.37 W, 31, 2032 MHz, 3996 MHz, 0 %, 0 %
2026/03/23 13:34:53.251, 2, 241.09 W, 29, 2032 MHz, 3996 MHz, 0 %, 0 %
2026/03/23 13:34:53.251, 3, 240.96 W, 32, 2032 MHz, 3996 MHz, 0 %, 0 %
2026/03/23 13:34:53.251, 4, 178.99 W, 25, 120 MHz, 3996 MHz, 0 %, 0 %
2026/03/23 13:34:53.251, 5, 180.58 W, 28, 120 MHz, 3996 MHz, 0 %, 0 %
2026/03/23 13:34:53.251, 6, 178.57 W, 26, 120 MHz, 3996 MHz, 0 %, 0 %
2026/03/23 13:34:53.251, 7, 176.58 W, 27, 120 MHz, 3996 MHz, 0 %, 0 %
2026/03/23 13:34:54.251, 0, 230.00 W, 29, 2032 MHz, 3996 MHz, 0 %, 0 %
2026/03/23 13:34:54.251, 1, 235.11 W, 31, 2032 MHz, 3996 MHz, 0 %, 0 %
2026/03/23 13:34:54.251, 2, 235.86 W, 29, 2032 MHz, 3996 MHz, 0 %, 0 %
2026/03/23 13:34:54.251, 3, 236.07 W, 32, 2032 MHz, 3996 MHz, 0 %, 0 %
2026/03/23 13:34:54.251, 4, 179.07 W, 25, 120 MHz, 3996 MHz, 0 %, 0 %
2026/03/23 13:34:54.251, 5, 180.58 W, 28, 120 MHz, 3996 MHz, 0 %, 0 %
2026/03/23 13:34:54.251, 6, 178.41 W, 26, 120 MHz, 3996 MHz, 0 %, 0 %
2026/03/23 13:34:54.251, 7, 176.58 W, 27, 120 MHz, 3996 MHz, 0 %, 0 %
2026/03/23 13:34:55.251, 0, 230.00 W, 29, 2032 MHz, 3996 MHz, 0 %, 0 %
2026/03/23 13:34:55.251, 1, 235.11 W, 31, 2032 MHz, 3996 MHz, 0 %, 0 %
2026/03/23 13:34:55.251, 2, 235.91 W, 29, 2032 MHz, 3996 MHz, 0 %, 0 %
2026/03/23 13:34:55.251, 3, 235.62 W, 32, 2032 MHz, 3996 MHz, 0 %, 0 %
2026/03/23 13:34:55.251, 4, 179.16 W, 25, 120 MHz, 3996 MHz, 0 %, 0 %
2026/03/23 13:34:55.251, 5, 180.58 W, 28, 120 MHz, 3996 MHz, 0 %, 0 %
2026/03/23 13:34:55.251, 6, 178.60 W, 26, 120 MHz, 3996 MHz, 0 %, 0 %
2026/03/23 13:34:55.251, 7, 176.58 W, 27, 120 MHz, 3996 MHz, 0 %, 0 %
2026/03/23 13:34:56.251, 0, 233.19 W, 29, 2032 MHz, 3996 MHz, 0 %, 0 %
2026/03/23 13:34:56.251, 1, 239.00 W, 31, 2032 MHz, 3996 MHz, 6 %, 1 %
2026/03/23 13:34:56.251, 2, 239.07 W, 29, 2032 MHz, 3996 MHz, 6 %, 1 %
2026/03/23 13:34:56.251, 3, 238.68 W, 32, 2032 MHz, 3996 MHz, 1 %, 0 %
2026/03/23 13:34:56.251, 4, 179.12 W, 25, 120 MHz, 3996 MHz, 0 %, 0 %
2026/03/23 13:34:56.251, 5, 180.58 W, 28, 120 MHz, 3996 MHz, 0 %, 0 %
2026/03/23 13:34:56.251, 6, 178.45 W, 26, 120 MHz, 3996 MHz, 0 %, 0 %
2026/03/23 13:34:56.251, 7, 176.58 W, 27, 120 MHz, 3996 MHz, 0 %, 0 %
2026/03/23 13:34:57.252, 0, 232.88 W, 29, 2032 MHz, 3996 MHz, 2 %, 0 %
2026/03/23 13:34:57.252, 1, 236.90 W, 31, 2032 MHz, 3996 MHz, 0 %, 0 %
2026/03/23 13:34:57.252, 2, 238.06 W, 29, 2032 MHz, 3996 MHz, 0 %, 0 %
2026/03/23 13:34:57.252, 3, 238.43 W, 32, 2032 MHz, 3996 MHz, 2 %, 0 %
2026/03/23 13:34:57.252, 4, 179.07 W, 25, 120 MHz, 3996 MHz, 0 %, 0 %
2026/03/23 13:34:57.252, 5, 180.58 W, 28, 120 MHz, 3996 MHz, 0 %, 0 %
2026/03/23 13:34:57.252, 6, 178.56 W, 26, 120 MHz, 3996 MHz, 0 %, 0 %
2026/03/23 13:34:57.252, 7, 176.58 W, 27, 120 MHz, 3996 MHz, 0 %, 0 %
2026/03/23 13:34:58.252, 0, 231.30 W, 29, 2032 MHz, 3996 MHz, 0 %, 0 %
2026/03/23 13:34:58.252, 1, 236.74 W, 31, 2032 MHz, 3996 MHz, 0 %, 0 %
2026/03/23 13:34:58.252, 2, 236.85 W, 29, 2032 MHz, 3996 MHz, 0 %, 0 %
2026/03/23 13:34:58.252, 3, 236.99 W, 32, 2032 MHz, 3996 MHz, 0 %, 0 %
2026/03/23 13:34:58.252, 4, 179.14 W, 25, 120 MHz, 3996 MHz, 0 %, 0 %
2026/03/23 13:34:58.252, 5, 180.58 W, 28, 120 MHz, 3996 MHz, 0 %, 0 %
2026/03/23 13:34:58.252, 6, 178.52 W, 26, 120 MHz, 3996 MHz, 0 %, 0 %
2026/03/23 13:34:58.252, 7, 176.58 W, 27, 120 MHz, 3996 MHz, 0 %, 0 %
2026/03/23 13:34:59.252, 0, 229.77 W, 29, 2032 MHz, 3996 MHz, 0 %, 0 %
2026/03/23 13:34:59.252, 1, 234.80 W, 31, 2032 MHz, 3996 MHz, 0 %, 0 %
2026/03/23 13:34:59.252, 2, 234.25 W, 28, 2032 MHz, 3996 MHz, 0 %, 0 %
2026/03/23 13:34:59.252, 3, 235.23 W, 31, 2032 MHz, 3996 MHz, 0 %, 0 %
2026/03/23 13:34:59.252, 4, 179.00 W, 25, 120 MHz, 3996 MHz, 0 %, 0 %
2026/03/23 13:34:59.252, 5, 180.58 W, 28, 120 MHz, 3996 MHz, 0 %, 0 %
2026/03/23 13:34:59.252, 6, 178.49 W, 26, 120 MHz, 3996 MHz, 0 %, 0 %
2026/03/23 13:34:59.252, 7, 176.59 W, 27, 120 MHz, 3996 MHz, 0 %, 0 %
2026/03/23 13:35:00.252, 0, 229.43 W, 29, 2032 MHz, 3996 MHz, 0 %, 0 %
2026/03/23 13:35:00.252, 1, 234.41 W, 31, 2032 MHz, 3996 MHz, 0 %, 0 %
2026/03/23 13:35:00.252, 2, 234.01 W, 28, 2032 MHz, 3996 MHz, 0 %, 0 %
2026/03/23 13:35:00.252, 3, 235.13 W, 31, 2032 MHz, 3996 MHz, 0 %, 0 %
2026/03/23 13:35:00.252, 4, 179.37 W, 25, 120 MHz, 3996 MHz, 0 %, 0 %
2026/03/23 13:35:00.252, 5, 180.58 W, 28, 120 MHz, 3996 MHz, 0 %, 0 %
2026/03/23 13:35:00.252, 6, 178.57 W, 26, 120 MHz, 3996 MHz, 0 %, 0 %
2026/03/23 13:35:00.252, 7, 176.58 W, 27, 120 MHz, 3996 MHz, 0 %, 0 %
2026/03/23 13:35:01.252, 0, 229.09 W, 29, 2032 MHz, 3996 MHz, 0 %, 0 %
2026/03/23 13:35:01.252, 1, 233.77 W, 31, 2032 MHz, 3996 MHz, 0 %, 0 %
2026/03/23 13:35:01.252, 2, 234.01 W, 28, 2032 MHz, 3996 MHz, 0 %, 0 %
2026/03/23 13:35:01.252, 3, 235.20 W, 31, 2032 MHz, 3996 MHz, 0 %, 0 %
2026/03/23 13:35:01.252, 4, 179.22 W, 25, 120 MHz, 3996 MHz, 0 %, 0 %
2026/03/23 13:35:01.252, 5, 180.58 W, 28, 120 MHz, 3996 MHz, 0 %, 0 %
2026/03/23 13:35:01.252, 6, 178.45 W, 26, 120 MHz, 3996 MHz, 0 %, 0 %
2026/03/23 13:35:01.252, 7, 176.58 W, 27, 120 MHz, 3996 MHz, 0 %, 0 %
2026/03/23 13:35:02.252, 0, 228.92 W, 29, 2032 MHz, 3996 MHz, 0 %, 0 %
2026/03/23 13:35:02.252, 1, 233.55 W, 31, 2032 MHz, 3996 MHz, 0 %, 0 %
2026/03/23 13:35:02.252, 2, 234.00 W, 28, 2032 MHz, 3996 MHz, 0 %, 0 %
2026/03/23 13:35:02.252, 3, 235.18 W, 31, 2032 MHz, 3996 MHz, 0 %, 0 %
2026/03/23 13:35:02.252, 4, 179.16 W, 25, 120 MHz, 3996 MHz, 0 %, 0 %
2026/03/23 13:35:02.252, 5, 180.58 W, 28, 120 MHz, 3996 MHz, 0 %, 0 %
2026/03/23 13:35:02.252, 6, 178.45 W, 26, 120 MHz, 3996 MHz, 0 %, 0 %
2026/03/23 13:35:02.252, 7, 176.58 W, 27, 120 MHz, 3996 MHz, 0 %, 0 %
2026/03/23 13:35:03.253, 0, 228.86 W, 29, 2032 MHz, 3996 MHz, 0 %, 0 %
2026/03/23 13:35:03.253, 1, 233.59 W, 31, 2032 MHz, 3996 MHz, 0 %, 0 %
2026/03/23 13:35:03.253, 2, 234.02 W, 28, 2032 MHz, 3996 MHz, 0 %, 0 %
2026/03/23 13:35:03.253, 3, 235.16 W, 31, 2032 MHz, 3996 MHz, 0 %, 0 %
2026/03/23 13:35:03.253, 4, 179.24 W, 25, 120 MHz, 3996 MHz, 0 %, 0 %
2026/03/23 13:35:03.253, 5, 180.58 W, 28, 120 MHz, 3996 MHz, 0 %, 0 %
2026/03/23 13:35:03.253, 6, 178.57 W, 26, 120 MHz, 3996 MHz, 0 %, 0 %
2026/03/23 13:35:03.253, 7, 176.58 W, 27, 120 MHz, 3996 MHz, 0 %, 0 %
2026/03/23 13:35:04.253, 0, 228.57 W, 29, 2032 MHz, 3996 MHz, 0 %, 0 %
2026/03/23 13:35:04.253, 1, 233.24 W, 31, 2032 MHz, 3996 MHz, 0 %, 0 %
2026/03/23 13:35:04.253, 2, 234.01 W, 28, 2032 MHz, 3996 MHz, 0 %, 0 %
2026/03/23 13:35:04.253, 3, 235.18 W, 31, 2032 MHz, 3996 MHz, 0 %, 0 %
2026/03/23 13:35:04.253, 4, 179.15 W, 25, 120 MHz, 3996 MHz, 0 %, 0 %
2026/03/23 13:35:04.253, 5, 180.58 W, 28, 120 MHz, 3996 MHz, 0 %, 0 %
2026/03/23 13:35:04.253, 6, 178.45 W, 26, 120 MHz, 3996 MHz, 0 %, 0 %
2026/03/23 13:35:04.253, 7, 176.58 W, 27, 120 MHz, 3996 MHz, 0 %, 0 %
2026/03/23 13:35:05.253, 0, 228.79 W, 28, 2032 MHz, 3996 MHz, 0 %, 0 %
2026/03/23 13:35:05.253, 1, 233.48 W, 31, 2032 MHz, 3996 MHz, 0 %, 0 %
2026/03/23 13:35:05.253, 2, 234.01 W, 28, 2032 MHz, 3996 MHz, 0 %, 0 %
2026/03/23 13:35:05.253, 3, 235.19 W, 31, 2032 MHz, 3996 MHz, 0 %, 0 %
2026/03/23 13:35:05.253, 4, 179.27 W, 25, 120 MHz, 3996 MHz, 0 %, 0 %
2026/03/23 13:35:05.253, 5, 180.62 W, 28, 120 MHz, 3996 MHz, 0 %, 0 %
2026/03/23 13:35:05.253, 6, 178.57 W, 26, 120 MHz, 3996 MHz, 0 %, 0 %
2026/03/23 13:35:05.253, 7, 176.58 W, 27, 120 MHz, 3996 MHz, 0 %, 0 %
2026/03/23 13:35:06.253, 0, 228.56 W, 28, 2032 MHz, 3996 MHz, 0 %, 0 %
2026/03/23 13:35:06.253, 1, 233.28 W, 31, 2032 MHz, 3996 MHz, 0 %, 0 %
2026/03/23 13:35:06.253, 2, 234.02 W, 28, 2032 MHz, 3996 MHz, 0 %, 0 %
2026/03/23 13:35:06.253, 3, 235.19 W, 31, 2032 MHz, 3996 MHz, 0 %, 0 %
2026/03/23 13:35:06.253, 4, 179.32 W, 25, 120 MHz, 3996 MHz, 0 %, 0 %
2026/03/23 13:35:06.253, 5, 180.58 W, 28, 120 MHz, 3996 MHz, 0 %, 0 %
2026/03/23 13:35:06.253, 6, 178.45 W, 26, 120 MHz, 3996 MHz, 0 %, 0 %
2026/03/23 13:35:06.253, 7, 176.58 W, 27, 120 MHz, 3996 MHz, 0 %, 0 %
2026/03/23 13:35:07.253, 0, 228.65 W, 28, 2032 MHz, 3996 MHz, 0 %, 0 %
2026/03/23 13:35:07.253, 1, 233.28 W, 31, 2032 MHz, 3996 MHz, 0 %, 0 %
2026/03/23 13:35:07.253, 2, 234.02 W, 28, 2032 MHz, 3996 MHz, 0 %, 0 %
2026/03/23 13:35:07.253, 3, 235.17 W, 31, 2032 MHz, 3996 MHz, 0 %, 0 %
2026/03/23 13:35:07.253, 4, 179.45 W, 25, 120 MHz, 3996 MHz, 0 %, 0 %
2026/03/23 13:35:07.253, 5, 180.58 W, 28, 120 MHz, 3996 MHz, 0 %, 0 %
2026/03/23 13:35:07.253, 6, 178.53 W, 26, 120 MHz, 3996 MHz, 0 %, 0 %
2026/03/23 13:35:07.253, 7, 176.58 W, 27, 120 MHz, 3996 MHz, 0 %, 0 %
2026/03/23 13:35:08.253, 0, 228.57 W, 28, 2032 MHz, 3996 MHz, 0 %, 0 %
2026/03/23 13:35:08.253, 1, 233.21 W, 31, 2032 MHz, 3996 MHz, 0 %, 0 %
2026/03/23 13:35:08.253, 2, 234.02 W, 28, 2032 MHz, 3996 MHz, 0 %, 0 %
2026/03/23 13:35:08.253, 3, 235.15 W, 31, 2032 MHz, 3996 MHz, 0 %, 0 %
2026/03/23 13:35:08.253, 4, 179.54 W, 26, 120 MHz, 3996 MHz, 0 %, 0 %
2026/03/23 13:35:08.253, 5, 180.58 W, 28, 120 MHz, 3996 MHz, 0 %, 0 %
2026/03/23 13:35:08.254, 6, 178.41 W, 26, 120 MHz, 3996 MHz, 0 %, 0 %
2026/03/23 13:35:08.254, 7, 176.58 W, 27, 120 MHz, 3996 MHz, 0 %, 0 %
2026/03/23 13:35:09.254, 0, 228.41 W, 28, 2032 MHz, 3996 MHz, 0 %, 0 %
2026/03/23 13:35:09.254, 1, 233.28 W, 31, 2032 MHz, 3996 MHz, 0 %, 0 %
2026/03/23 13:35:09.254, 2, 234.02 W, 28, 2032 MHz, 3996 MHz, 0 %, 0 %
2026/03/23 13:35:09.254, 3, 235.10 W, 31, 2032 MHz, 3996 MHz, 0 %, 0 %
2026/03/23 13:35:09.254, 4, 179.36 W, 25, 120 MHz, 3996 MHz, 0 %, 0 %
2026/03/23 13:35:09.254, 5, 180.58 W, 28, 120 MHz, 3996 MHz, 0 %, 0 %
2026/03/23 13:35:09.254, 6, 178.41 W, 26, 120 MHz, 3996 MHz, 0 %, 0 %
2026/03/23 13:35:09.254, 7, 176.58 W, 27, 120 MHz, 3996 MHz, 0 %, 0 %
2026/03/23 13:35:10.254, 0, 228.38 W, 28, 2032 MHz, 3996 MHz, 0 %, 0 %
2026/03/23 13:35:10.254, 1, 233.16 W, 31, 2032 MHz, 3996 MHz, 0 %, 0 %
2026/03/23 13:35:10.254, 2, 234.02 W, 28, 2032 MHz, 3996 MHz, 0 %, 0 %
2026/03/23 13:35:10.254, 3, 235.15 W, 31, 2032 MHz, 3996 MHz, 0 %, 0 %
2026/03/23 13:35:10.254, 4, 179.24 W, 26, 120 MHz, 3996 MHz, 0 %, 0 %
2026/03/23 13:35:10.254, 5, 180.58 W, 28, 120 MHz, 3996 MHz, 0 %, 0 %
2026/03/23 13:35:10.254, 6, 178.37 W, 26, 120 MHz, 3996 MHz, 0 %, 0 %
2026/03/23 13:35:10.254, 7, 176.58 W, 27, 120 MHz, 3996 MHz, 0 %, 0 %
2026/03/23 13:35:11.254, 0, 228.46 W, 28, 2032 MHz, 3996 MHz, 0 %, 0 %
2026/03/23 13:35:11.254, 1, 233.24 W, 30, 2032 MHz, 3996 MHz, 0 %, 0 %
2026/03/23 13:35:11.254, 2, 234.01 W, 28, 2032 MHz, 3996 MHz, 0 %, 0 %
2026/03/23 13:35:11.254, 3, 235.17 W, 31, 2032 MHz, 3996 MHz, 0 %, 0 %
2026/03/23 13:35:11.254, 4, 179.22 W, 26, 120 MHz, 3996 MHz, 0 %, 0 %
2026/03/23 13:35:11.254, 5, 180.58 W, 28, 120 MHz, 3996 MHz, 0 %, 0 %
2026/03/23 13:35:11.254, 6, 178.41 W, 26, 120 MHz, 3996 MHz, 0 %, 0 %
2026/03/23 13:35:11.254, 7, 176.58 W, 27, 120 MHz, 3996 MHz, 0 %, 0 %
2026/03/23 13:35:12.254, 0, 228.37 W, 28, 2032 MHz, 3996 MHz, 0 %, 0 %
2026/03/23 13:35:12.254, 1, 233.24 W, 30, 2032 MHz, 3996 MHz, 0 %, 0 %
2026/03/23 13:35:12.254, 2, 234.02 W, 28, 2032 MHz, 3996 MHz, 0 %, 0 %
2026/03/23 13:35:12.254, 3, 235.14 W, 31, 2032 MHz, 3996 MHz, 0 %, 0 %
2026/03/23 13:35:12.254, 4, 179.53 W, 25, 120 MHz, 3996 MHz, 0 %, 0 %
2026/03/23 13:35:12.254, 5, 180.58 W, 28, 120 MHz, 3996 MHz, 0 %, 0 %
2026/03/23 13:35:12.254, 6, 178.49 W, 26, 120 MHz, 3996 MHz, 0 %, 0 %
2026/03/23 13:35:12.254, 7, 176.58 W, 27, 120 MHz, 3996 MHz, 0 %, 0 %
2026/03/23 13:35:13.254, 0, 228.34 W, 28, 2032 MHz, 3996 MHz, 0 %, 0 %
2026/03/23 13:35:13.254, 1, 233.24 W, 30, 2032 MHz, 3996 MHz, 0 %, 0 %
2026/03/23 13:35:13.254, 2, 234.02 W, 28, 2032 MHz, 3996 MHz, 0 %, 0 %
2026/03/23 13:35:13.254, 3, 235.12 W, 31, 2032 MHz, 3996 MHz, 0 %, 0 %
2026/03/23 13:35:13.254, 4, 179.28 W, 26, 120 MHz, 3996 MHz, 0 %, 0 %
2026/03/23 13:35:13.254, 5, 180.58 W, 28, 120 MHz, 3996 MHz, 0 %, 0 %
2026/03/23 13:35:13.254, 6, 178.60 W, 26, 120 MHz, 3996 MHz, 0 %, 0 %
2026/03/23 13:35:13.254, 7, 176.59 W, 27, 120 MHz, 3996 MHz, 0 %, 0 %
2026/03/23 13:35:14.254, 0, 228.34 W, 28, 2032 MHz, 3996 MHz, 0 %, 0 %
2026/03/23 13:35:14.254, 1, 233.16 W, 30, 2032 MHz, 3996 MHz, 0 %, 0 %
2026/03/23 13:35:14.254, 2, 234.02 W, 28, 2032 MHz, 3996 MHz, 0 %, 0 %
2026/03/23 13:35:14.254, 3, 235.13 W, 31, 2032 MHz, 3996 MHz, 0 %, 0 %
2026/03/23 13:35:14.254, 4, 179.12 W, 26, 120 MHz, 3996 MHz, 0 %, 0 %
2026/03/23 13:35:14.254, 5, 180.58 W, 28, 120 MHz, 3996 MHz, 0 %, 0 %
2026/03/23 13:35:14.254, 6, 178.64 W, 26, 120 MHz, 3996 MHz, 0 %, 0 %
2026/03/23 13:35:14.254, 7, 176.59 W, 27, 120 MHz, 3996 MHz, 0 %, 0 %
2026/03/23 13:35:15.255, 0, 228.26 W, 28, 2032 MHz, 3996 MHz, 0 %, 0 %
2026/03/23 13:35:15.255, 1, 233.16 W, 30, 2032 MHz, 3996 MHz, 0 %, 0 %
2026/03/23 13:35:15.255, 2, 234.01 W, 28, 2032 MHz, 3996 MHz, 0 %, 0 %
2026/03/23 13:35:15.255, 3, 235.00 W, 31, 2032 MHz, 3996 MHz, 0 %, 0 %
2026/03/23 13:35:15.255, 4, 179.24 W, 25, 120 MHz, 3996 MHz, 0 %, 0 %
2026/03/23 13:35:15.255, 5, 180.58 W, 28, 120 MHz, 3996 MHz, 0 %, 0 %
2026/03/23 13:35:15.255, 6, 178.33 W, 26, 120 MHz, 3996 MHz, 0 %, 0 %
2026/03/23 13:35:15.255, 7, 176.58 W, 27, 120 MHz, 3996 MHz, 0 %, 0 %
2026/03/23 13:35:16.255, 0, 228.22 W, 28, 2032 MHz, 3996 MHz, 0 %, 0 %
2026/03/23 13:35:16.255, 1, 233.16 W, 30, 2032 MHz, 3996 MHz, 0 %, 0 %
2026/03/23 13:35:16.255, 2, 234.02 W, 28, 2032 MHz, 3996 MHz, 0 %, 0 %
2026/03/23 13:35:16.255, 3, 235.04 W, 31, 2032 MHz, 3996 MHz, 0 %, 0 %
2026/03/23 13:35:16.255, 4, 179.26 W, 25, 120 MHz, 3996 MHz, 0 %, 0 %
2026/03/23 13:35:16.255, 5, 180.58 W, 28, 120 MHz, 3996 MHz, 0 %, 0 %
2026/03/23 13:35:16.255, 6, 178.53 W, 26, 120 MHz, 3996 MHz, 0 %, 0 %
2026/03/23 13:35:16.255, 7, 176.58 W, 27, 120 MHz, 3996 MHz, 0 %, 0 %
2026/03/23 13:35:17.255, 0, 230.82 W, 28, 2032 MHz, 3996 MHz, 0 %, 0 %
2026/03/23 13:35:17.255, 1, 237.45 W, 30, 2032 MHz, 3996 MHz, 0 %, 0 %
2026/03/23 13:35:17.255, 2, 238.44 W, 28, 2032 MHz, 3996 MHz, 0 %, 0 %
2026/03/23 13:35:17.255, 3, 238.99 W, 31, 2032 MHz, 3996 MHz, 0 %, 0 %
2026/03/23 13:35:17.255, 4, 179.39 W, 25, 120 MHz, 3996 MHz, 0 %, 0 %
2026/03/23 13:35:17.255, 5, 180.58 W, 28, 120 MHz, 3996 MHz, 0 %, 0 %
2026/03/23 13:35:17.255, 6, 178.53 W, 26, 120 MHz, 3996 MHz, 0 %, 0 %
2026/03/23 13:35:17.255, 7, 176.58 W, 27, 120 MHz, 3996 MHz, 0 %, 0 %
2026/03/23 13:35:18.255, 0, 228.45 W, 28, 2032 MHz, 3996 MHz, 0 %, 0 %
2026/03/23 13:35:18.255, 1, 233.24 W, 30, 2032 MHz, 3996 MHz, 0 %, 0 %
2026/03/23 13:35:18.255, 2, 234.01 W, 28, 2032 MHz, 3996 MHz, 0 %, 0 %
2026/03/23 13:35:18.255, 3, 235.13 W, 31, 2032 MHz, 3996 MHz, 0 %, 0 %
2026/03/23 13:35:18.255, 4, 179.18 W, 25, 120 MHz, 3996 MHz, 0 %, 0 %
2026/03/23 13:35:18.255, 5, 180.58 W, 28, 120 MHz, 3996 MHz, 0 %, 0 %
2026/03/23 13:35:18.255, 6, 178.45 W, 26, 120 MHz, 3996 MHz, 0 %, 0 %
2026/03/23 13:35:18.255, 7, 176.59 W, 27, 120 MHz, 3996 MHz, 0 %, 0 %
2026/03/23 13:35:19.255, 0, 228.49 W, 28, 2032 MHz, 3996 MHz, 0 %, 0 %
2026/03/23 13:35:19.255, 1, 233.16 W, 30, 2032 MHz, 3996 MHz, 0 %, 0 %
2026/03/23 13:35:19.255, 2, 233.95 W, 28, 2032 MHz, 3996 MHz, 0 %, 0 %
2026/03/23 13:35:19.255, 3, 234.81 W, 31, 2032 MHz, 3996 MHz, 0 %, 0 %
2026/03/23 13:35:19.255, 4, 179.19 W, 25, 120 MHz, 3996 MHz, 0 %, 0 %
2026/03/23 13:35:19.255, 5, 180.58 W, 28, 120 MHz, 3996 MHz, 0 %, 0 %
2026/03/23 13:35:19.255, 6, 178.57 W, 26, 120 MHz, 3996 MHz, 0 %, 0 %
2026/03/23 13:35:19.255, 7, 176.58 W, 27, 120 MHz, 3996 MHz, 0 %, 0 %
2026/03/23 13:35:20.255, 0, 228.42 W, 28, 2032 MHz, 3996 MHz, 0 %, 0 %
2026/03/23 13:35:20.255, 1, 233.16 W, 30, 2032 MHz, 3996 MHz, 0 %, 0 %
2026/03/23 13:35:20.255, 2, 233.95 W, 28, 2032 MHz, 3996 MHz, 0 %, 0 %
2026/03/23 13:35:20.255, 3, 234.78 W, 31, 2032 MHz, 3996 MHz, 0 %, 0 %
2026/03/23 13:35:20.255, 4, 179.11 W, 25, 120 MHz, 3996 MHz, 0 %, 0 %
2026/03/23 13:35:20.255, 5, 180.58 W, 28, 120 MHz, 3996 MHz, 0 %, 0 %
2026/03/23 13:35:20.255, 6, 178.48 W, 26, 120 MHz, 3996 MHz, 0 %, 0 %
2026/03/23 13:35:20.255, 7, 176.58 W, 27, 120 MHz, 3996 MHz, 0 %, 0 %
2026/03/23 13:35:21.255, 0, 228.30 W, 28, 2032 MHz, 3996 MHz, 0 %, 0 %
2026/03/23 13:35:21.255, 1, 233.20 W, 30, 2032 MHz, 3996 MHz, 0 %, 0 %
2026/03/23 13:35:21.255, 2, 234.01 W, 28, 2032 MHz, 3996 MHz, 0 %, 0 %
2026/03/23 13:35:21.255, 3, 235.05 W, 31, 2032 MHz, 3996 MHz, 0 %, 0 %
2026/03/23 13:35:21.255, 4, 179.13 W, 25, 120 MHz, 3996 MHz, 0 %, 0 %
2026/03/23 13:35:21.255, 5, 180.58 W, 28, 120 MHz, 3996 MHz, 0 %, 0 %
2026/03/23 13:35:21.255, 6, 178.34 W, 26, 120 MHz, 3996 MHz, 0 %, 0 %
2026/03/23 13:35:21.256, 7, 176.58 W, 27, 120 MHz, 3996 MHz, 0 %, 0 %
2026/03/23 13:35:22.256, 0, 228.29 W, 28, 2032 MHz, 3996 MHz, 0 %, 0 %
2026/03/23 13:35:22.256, 1, 241.63 W, 30, 2032 MHz, 3996 MHz, 71 %, 0 %
2026/03/23 13:35:22.256, 2, 234.00 W, 28, 2032 MHz, 3996 MHz, 0 %, 0 %
2026/03/23 13:35:22.256, 3, 238.69 W, 31, 2032 MHz, 3996 MHz, 0 %, 0 %
2026/03/23 13:35:22.256, 4, 179.25 W, 25, 120 MHz, 3996 MHz, 0 %, 0 %
2026/03/23 13:35:22.256, 5, 180.58 W, 28, 120 MHz, 3996 MHz, 0 %, 0 %
2026/03/23 13:35:22.256, 6, 178.33 W, 26, 120 MHz, 3996 MHz, 0 %, 0 %
2026/03/23 13:35:22.256, 7, 176.58 W, 27, 120 MHz, 3996 MHz, 0 %, 0 %
2026/03/23 13:35:23.256, 0, 229.58 W, 28, 2032 MHz, 3996 MHz, 0 %, 0 %
2026/03/23 13:35:23.256, 1, 248.19 W, 30, 2032 MHz, 3996 MHz, 0 %, 0 %
2026/03/23 13:35:23.256, 2, 247.15 W, 28, 2032 MHz, 3996 MHz, 0 %, 0 %
2026/03/23 13:35:23.256, 3, 243.03 W, 31, 2032 MHz, 3996 MHz, 0 %, 0 %
2026/03/23 13:35:23.256, 4, 178.93 W, 25, 120 MHz, 3996 MHz, 0 %, 0 %
2026/03/23 13:35:23.256, 5, 180.58 W, 28, 120 MHz, 3996 MHz, 0 %, 0 %
2026/03/23 13:35:23.256, 6, 178.53 W, 26, 120 MHz, 3996 MHz, 0 %, 0 %
2026/03/23 13:35:23.256, 7, 176.58 W, 27, 120 MHz, 3996 MHz, 0 %, 0 %
2026/03/23 13:35:24.256, 0, 229.51 W, 28, 2032 MHz, 3996 MHz, 0 %, 0 %
2026/03/23 13:35:24.256, 1, 234.57 W, 30, 2032 MHz, 3996 MHz, 0 %, 0 %
2026/03/23 13:35:24.256, 2, 234.19 W, 28, 2032 MHz, 3996 MHz, 0 %, 0 %
2026/03/23 13:35:24.256, 3, 235.19 W, 31, 2032 MHz, 3996 MHz, 0 %, 0 %
2026/03/23 13:35:24.256, 4, 179.10 W, 25, 120 MHz, 3996 MHz, 0 %, 0 %
2026/03/23 13:35:24.256, 5, 180.58 W, 28, 120 MHz, 3996 MHz, 0 %, 0 %
2026/03/23 13:35:24.256, 6, 178.41 W, 26, 120 MHz, 3996 MHz, 0 %, 0 %
2026/03/23 13:35:24.256, 7, 176.58 W, 27, 120 MHz, 3996 MHz, 0 %, 0 %
2026/03/23 13:35:25.256, 0, 229.28 W, 28, 2032 MHz, 3996 MHz, 0 %, 0 %
2026/03/23 13:35:25.256, 1, 234.10 W, 30, 2032 MHz, 3996 MHz, 0 %, 0 %
2026/03/23 13:35:25.256, 2, 234.04 W, 28, 2032 MHz, 3996 MHz, 0 %, 0 %
2026/03/23 13:35:25.256, 3, 235.15 W, 31, 2032 MHz, 3996 MHz, 0 %, 0 %
2026/03/23 13:35:25.256, 4, 179.19 W, 25, 120 MHz, 3996 MHz, 0 %, 0 %
2026/03/23 13:35:25.256, 5, 180.58 W, 28, 120 MHz, 3996 MHz, 0 %, 0 %
2026/03/23 13:35:25.256, 6, 178.34 W, 26, 120 MHz, 3996 MHz, 0 %, 0 %
2026/03/23 13:35:25.256, 7, 176.58 W, 27, 120 MHz, 3996 MHz, 0 %, 0 %
2026/03/23 13:35:26.256, 0, 228.92 W, 28, 2032 MHz, 3996 MHz, 0 %, 0 %
2026/03/23 13:35:26.256, 1, 233.54 W, 30, 2032 MHz, 3996 MHz, 0 %, 0 %
2026/03/23 13:35:26.256, 2, 234.01 W, 28, 2032 MHz, 3996 MHz, 0 %, 0 %
2026/03/23 13:35:26.256, 3, 235.19 W, 31, 2032 MHz, 3996 MHz, 0 %, 0 %
2026/03/23 13:35:26.256, 4, 178.85 W, 25, 120 MHz, 3996 MHz, 0 %, 0 %
2026/03/23 13:35:26.256, 5, 180.62 W, 28, 120 MHz, 3996 MHz, 0 %, 0 %
2026/03/23 13:35:26.256, 6, 178.26 W, 26, 120 MHz, 3996 MHz, 0 %, 0 %
2026/03/23 13:35:26.256, 7, 176.58 W, 27, 120 MHz, 3996 MHz, 0 %, 0 %
2026/03/23 13:35:27.257, 0, 228.64 W, 28, 2032 MHz, 3996 MHz, 0 %, 0 %
2026/03/23 13:35:27.257, 1, 233.44 W, 30, 2032 MHz, 3996 MHz, 0 %, 0 %
2026/03/23 13:35:27.257, 2, 234.02 W, 28, 2032 MHz, 3996 MHz, 0 %, 0 %
2026/03/23 13:35:27.257, 3, 235.17 W, 31, 2032 MHz, 3996 MHz, 0 %, 0 %
2026/03/23 13:35:27.257, 4, 179.44 W, 25, 120 MHz, 3996 MHz, 0 %, 0 %
2026/03/23 13:35:27.257, 5, 180.58 W, 28, 120 MHz, 3996 MHz, 0 %, 0 %
2026/03/23 13:35:27.257, 6, 178.45 W, 26, 120 MHz, 3996 MHz, 0 %, 0 %
2026/03/23 13:35:27.257, 7, 176.58 W, 27, 120 MHz, 3996 MHz, 0 %, 0 %
2026/03/23 13:35:28.257, 0, 228.49 W, 28, 2032 MHz, 3996 MHz, 0 %, 0 %
2026/03/23 13:35:28.257, 1, 233.44 W, 30, 2032 MHz, 3996 MHz, 0 %, 0 %
2026/03/23 13:35:28.257, 2, 234.02 W, 28, 2032 MHz, 3996 MHz, 0 %, 0 %
2026/03/23 13:35:28.257, 3, 235.15 W, 31, 2032 MHz, 3996 MHz, 0 %, 0 %
2026/03/23 13:35:28.257, 4, 179.29 W, 25, 120 MHz, 3996 MHz, 0 %, 0 %
2026/03/23 13:35:28.257, 5, 180.58 W, 28, 120 MHz, 3996 MHz, 0 %, 0 %
2026/03/23 13:35:28.257, 6, 178.41 W, 26, 120 MHz, 3996 MHz, 0 %, 0 %
2026/03/23 13:35:28.257, 7, 176.58 W, 27, 120 MHz, 3996 MHz, 0 %, 0 %
2026/03/23 13:35:29.257, 0, 228.94 W, 28, 2032 MHz, 3996 MHz, 0 %, 0 %
2026/03/23 13:35:29.257, 1, 233.51 W, 30, 2032 MHz, 3996 MHz, 0 %, 0 %
2026/03/23 13:35:29.257, 2, 234.00 W, 28, 2032 MHz, 3996 MHz, 0 %, 0 %
2026/03/23 13:35:29.257, 3, 235.02 W, 31, 2032 MHz, 3996 MHz, 0 %, 0 %
2026/03/23 13:35:29.257, 4, 178.98 W, 25, 120 MHz, 3996 MHz, 0 %, 0 %
2026/03/23 13:35:29.257, 5, 180.58 W, 28, 120 MHz, 3996 MHz, 0 %, 0 %
2026/03/23 13:35:29.257, 6, 178.45 W, 26, 120 MHz, 3996 MHz, 0 %, 0 %
2026/03/23 13:35:29.257, 7, 176.58 W, 27, 120 MHz, 3996 MHz, 0 %, 0 %
2026/03/23 13:35:30.257, 0, 228.46 W, 28, 2032 MHz, 3996 MHz, 0 %, 0 %
2026/03/23 13:35:30.257, 1, 233.51 W, 30, 2032 MHz, 3996 MHz, 0 %, 0 %
2026/03/23 13:35:30.257, 2, 234.02 W, 28, 2032 MHz, 3996 MHz, 0 %, 0 %
2026/03/23 13:35:30.257, 3, 235.14 W, 30, 2032 MHz, 3996 MHz, 0 %, 0 %
2026/03/23 13:35:30.257, 4, 179.11 W, 25, 120 MHz, 3996 MHz, 0 %, 0 %
2026/03/23 13:35:30.257, 5, 180.58 W, 28, 120 MHz, 3996 MHz, 0 %, 0 %
2026/03/23 13:35:30.257, 6, 178.60 W, 26, 120 MHz, 3996 MHz, 0 %, 0 %
2026/03/23 13:35:30.257, 7, 176.58 W, 27, 120 MHz, 3996 MHz, 0 %, 0 %
2026/03/23 13:35:31.257, 0, 228.37 W, 28, 2032 MHz, 3996 MHz, 0 %, 0 %
2026/03/23 13:35:31.257, 1, 233.16 W, 30, 2032 MHz, 3996 MHz, 0 %, 0 %
2026/03/23 13:35:31.257, 2, 234.01 W, 28, 2032 MHz, 3996 MHz, 0 %, 0 %
2026/03/23 13:35:31.257, 3, 234.98 W, 30, 2032 MHz, 3996 MHz, 0 %, 0 %
2026/03/23 13:35:31.257, 4, 179.41 W, 25, 120 MHz, 3996 MHz, 0 %, 0 %
2026/03/23 13:35:31.257, 5, 180.58 W, 28, 120 MHz, 3996 MHz, 0 %, 0 %
2026/03/23 13:35:31.257, 6, 178.21 W, 26, 120 MHz, 3996 MHz, 0 %, 0 %
2026/03/23 13:35:31.257, 7, 176.58 W, 27, 120 MHz, 3996 MHz, 0 %, 0 %
2026/03/23 13:35:32.257, 0, 228.33 W, 28, 2032 MHz, 3996 MHz, 0 %, 0 %
2026/03/23 13:35:32.257, 1, 233.16 W, 30, 2032 MHz, 3996 MHz, 0 %, 0 %
2026/03/23 13:35:32.257, 2, 234.01 W, 27, 2032 MHz, 3996 MHz, 0 %, 0 %
2026/03/23 13:35:32.257, 3, 234.85 W, 30, 2032 MHz, 3996 MHz, 0 %, 0 %
2026/03/23 13:35:32.257, 4, 179.16 W, 25, 120 MHz, 3996 MHz, 0 %, 0 %
2026/03/23 13:35:32.257, 5, 180.58 W, 28, 120 MHz, 3996 MHz, 0 %, 0 %
2026/03/23 13:35:32.257, 6, 178.41 W, 26, 120 MHz, 3996 MHz, 0 %, 0 %
2026/03/23 13:35:32.257, 7, 176.58 W, 27, 120 MHz, 3996 MHz, 0 %, 0 %
2026/03/23 13:35:33.257, 0, 280.42 W, 30, 2032 MHz, 3996 MHz, 97 %, 16 %
2026/03/23 13:35:33.257, 1, 278.09 W, 32, 2032 MHz, 3996 MHz, 98 %, 16 %
2026/03/23 13:35:33.257, 2, 261.57 W, 29, 2032 MHz, 3996 MHz, 38 %, 18 %
2026/03/23 13:35:33.257, 3, 286.55 W, 33, 2032 MHz, 3996 MHz, 99 %, 18 %
2026/03/23 13:35:33.258, 4, 179.10 W, 25, 120 MHz, 3996 MHz, 0 %, 0 %
2026/03/23 13:35:33.258, 5, 180.58 W, 28, 120 MHz, 3996 MHz, 0 %, 0 %
2026/03/23 13:35:33.258, 6, 178.49 W, 26, 120 MHz, 3996 MHz, 0 %, 0 %
2026/03/23 13:35:33.258, 7, 176.58 W, 27, 120 MHz, 3996 MHz, 0 %, 0 %
2026/03/23 13:35:34.258, 0, 230.90 W, 28, 2032 MHz, 3996 MHz, 0 %, 0 %
2026/03/23 13:35:34.258, 1, 245.02 W, 30, 2032 MHz, 3996 MHz, 0 %, 0 %
2026/03/23 13:35:34.258, 2, 242.51 W, 28, 2032 MHz, 3996 MHz, 0 %, 0 %
2026/03/23 13:35:34.258, 3, 235.88 W, 31, 2032 MHz, 3996 MHz, 0 %, 0 %
2026/03/23 13:35:34.258, 4, 179.04 W, 25, 120 MHz, 3996 MHz, 0 %, 0 %
2026/03/23 13:35:34.258, 5, 180.58 W, 28, 120 MHz, 3996 MHz, 0 %, 0 %
2026/03/23 13:35:34.258, 6, 178.53 W, 26, 120 MHz, 3996 MHz, 0 %, 0 %
2026/03/23 13:35:34.258, 7, 176.58 W, 27, 120 MHz, 3996 MHz, 0 %, 0 %
2026/03/23 13:35:35.258, 0, 229.11 W, 28, 2032 MHz, 3996 MHz, 0 %, 0 %
2026/03/23 13:35:35.258, 1, 233.96 W, 30, 2032 MHz, 3996 MHz, 0 %, 0 %
2026/03/23 13:35:35.258, 2, 234.00 W, 27, 2032 MHz, 3996 MHz, 0 %, 0 %
2026/03/23 13:35:35.258, 3, 235.21 W, 30, 2032 MHz, 3996 MHz, 0 %, 0 %
2026/03/23 13:35:35.258, 4, 179.24 W, 25, 120 MHz, 3996 MHz, 0 %, 0 %
2026/03/23 13:35:35.258, 5, 180.58 W, 28, 120 MHz, 3996 MHz, 0 %, 0 %
2026/03/23 13:35:35.258, 6, 178.41 W, 26, 120 MHz, 3996 MHz, 0 %, 0 %
2026/03/23 13:35:35.258, 7, 176.58 W, 27, 120 MHz, 3996 MHz, 0 %, 0 %
2026/03/23 13:35:36.258, 0, 229.28 W, 28, 2032 MHz, 3996 MHz, 0 %, 0 %
2026/03/23 13:35:36.258, 1, 233.67 W, 30, 2032 MHz, 3996 MHz, 0 %, 0 %
2026/03/23 13:35:36.258, 2, 233.99 W, 27, 2032 MHz, 3996 MHz, 0 %, 0 %
2026/03/23 13:35:36.258, 3, 235.17 W, 30, 2032 MHz, 3996 MHz, 0 %, 0 %
2026/03/23 13:35:36.258, 4, 179.26 W, 25, 120 MHz, 3996 MHz, 0 %, 0 %
2026/03/23 13:35:36.258, 5, 180.58 W, 28, 120 MHz, 3996 MHz, 0 %, 0 %
2026/03/23 13:35:36.258, 6, 178.34 W, 26, 120 MHz, 3996 MHz, 0 %, 0 %
2026/03/23 13:35:36.258, 7, 176.58 W, 27, 120 MHz, 3996 MHz, 0 %, 0 %
2026/03/23 13:35:37.258, 0, 228.64 W, 28, 2032 MHz, 3996 MHz, 0 %, 0 %
2026/03/23 13:35:37.258, 1, 233.77 W, 30, 2032 MHz, 3996 MHz, 0 %, 0 %
2026/03/23 13:35:37.258, 2, 234.01 W, 27, 2032 MHz, 3996 MHz, 0 %, 0 %
2026/03/23 13:35:37.258, 3, 235.22 W, 30, 2032 MHz, 3996 MHz, 0 %, 0 %
2026/03/23 13:35:37.258, 4, 179.38 W, 25, 120 MHz, 3996 MHz, 0 %, 0 %
2026/03/23 13:35:37.258, 5, 180.58 W, 28, 120 MHz, 3996 MHz, 0 %, 0 %
2026/03/23 13:35:37.258, 6, 178.44 W, 26, 120 MHz, 3996 MHz, 0 %, 0 %
2026/03/23 13:35:37.258, 7, 176.58 W, 27, 120 MHz, 3996 MHz, 0 %, 0 %
2026/03/23 13:35:38.258, 0, 228.57 W, 28, 2032 MHz, 3996 MHz, 0 %, 0 %
2026/03/23 13:35:38.258, 1, 233.83 W, 30, 2032 MHz, 3996 MHz, 0 %, 0 %
2026/03/23 13:35:38.258, 2, 233.99 W, 27, 2032 MHz, 3996 MHz, 0 %, 0 %
2026/03/23 13:35:38.258, 3, 235.19 W, 30, 2032 MHz, 3996 MHz, 0 %, 0 %
2026/03/23 13:35:38.258, 4, 179.07 W, 25, 120 MHz, 3996 MHz, 0 %, 0 %
2026/03/23 13:35:38.258, 5, 180.58 W, 28, 120 MHz, 3996 MHz, 0 %, 0 %
2026/03/23 13:35:38.258, 6, 178.45 W, 26, 120 MHz, 3996 MHz, 0 %, 0 %
2026/03/23 13:35:38.258, 7, 176.58 W, 27, 120 MHz, 3996 MHz, 0 %, 0 %
2026/03/23 13:35:39.258, 0, 228.52 W, 28, 2032 MHz, 3996 MHz, 0 %, 0 %
2026/03/23 13:35:39.258, 1, 233.71 W, 30, 2032 MHz, 3996 MHz, 0 %, 0 %
2026/03/23 13:35:39.258, 2, 234.15 W, 27, 2032 MHz, 3996 MHz, 0 %, 0 %
2026/03/23 13:35:39.258, 3, 234.89 W, 30, 2032 MHz, 3996 MHz, 0 %, 0 %
2026/03/23 13:35:39.258, 4, 178.96 W, 25, 120 MHz, 3996 MHz, 0 %, 0 %
2026/03/23 13:35:39.258, 5, 180.58 W, 28, 120 MHz, 3996 MHz, 0 %, 0 %
2026/03/23 13:35:39.258, 6, 178.29 W, 26, 120 MHz, 3996 MHz, 0 %, 0 %
2026/03/23 13:35:39.258, 7, 176.58 W, 27, 120 MHz, 3996 MHz, 0 %, 0 %
2026/03/23 13:35:40.258, 0, 228.38 W, 28, 2032 MHz, 3996 MHz, 0 %, 0 %
2026/03/23 13:35:40.258, 1, 233.16 W, 30, 2032 MHz, 3996 MHz, 0 %, 0 %
2026/03/23 13:35:40.258, 2, 234.01 W, 27, 2032 MHz, 3996 MHz, 0 %, 0 %
2026/03/23 13:35:40.259, 3, 234.41 W, 30, 2032 MHz, 3996 MHz, 0 %, 0 %
2026/03/23 13:35:40.259, 4, 179.56 W, 25, 120 MHz, 3996 MHz, 0 %, 0 %
2026/03/23 13:35:40.259, 5, 180.62 W, 28, 120 MHz, 3996 MHz, 0 %, 0 %
2026/03/23 13:35:40.259, 6, 178.37 W, 26, 120 MHz, 3996 MHz, 0 %, 0 %
2026/03/23 13:35:40.259, 7, 176.58 W, 27, 120 MHz, 3996 MHz, 0 %, 0 %
2026/03/23 13:35:41.259, 0, 228.26 W, 28, 2032 MHz, 3996 MHz, 0 %, 0 %
2026/03/23 13:35:41.259, 1, 233.16 W, 30, 2032 MHz, 3996 MHz, 0 %, 0 %
2026/03/23 13:35:41.259, 2, 234.01 W, 27, 2032 MHz, 3996 MHz, 0 %, 0 %
2026/03/23 13:35:41.259, 3, 234.08 W, 30, 2032 MHz, 3996 MHz, 0 %, 0 %
2026/03/23 13:35:41.259, 4, 179.10 W, 25, 120 MHz, 3996 MHz, 0 %, 0 %
2026/03/23 13:35:41.259, 5, 180.58 W, 28, 120 MHz, 3996 MHz, 0 %, 0 %
2026/03/23 13:35:41.259, 6, 178.49 W, 26, 120 MHz, 3996 MHz, 0 %, 0 %
2026/03/23 13:35:41.259, 7, 176.58 W, 27, 120 MHz, 3996 MHz, 0 %, 0 %
2026/03/23 13:35:42.259, 0, 228.26 W, 28, 2032 MHz, 3996 MHz, 0 %, 0 %
2026/03/23 13:35:42.259, 1, 233.16 W, 30, 2032 MHz, 3996 MHz, 0 %, 0 %
2026/03/23 13:35:42.259, 2, 234.02 W, 27, 2032 MHz, 3996 MHz, 0 %, 0 %
2026/03/23 13:35:42.259, 3, 234.08 W, 30, 2032 MHz, 3996 MHz, 0 %, 0 %
2026/03/23 13:35:42.259, 4, 179.16 W, 25, 120 MHz, 3996 MHz, 0 %, 0 %
2026/03/23 13:35:42.259, 5, 180.62 W, 28, 120 MHz, 3996 MHz, 0 %, 0 %
2026/03/23 13:35:42.259, 6, 178.38 W, 26, 120 MHz, 3996 MHz, 0 %, 0 %
2026/03/23 13:35:42.259, 7, 176.58 W, 27, 120 MHz, 3996 MHz, 0 %, 0 %
2026/03/23 13:35:43.259, 0, 396.24 W, 31, 2032 MHz, 3996 MHz, 100 %, 26 %
2026/03/23 13:35:43.259, 1, 397.30 W, 33, 2032 MHz, 3996 MHz, 100 %, 26 %
2026/03/23 13:35:43.259, 2, 395.95 W, 31, 2032 MHz, 3996 MHz, 100 %, 26 %
2026/03/23 13:35:43.259, 3, 408.71 W, 34, 2032 MHz, 3996 MHz, 100 %, 26 %
2026/03/23 13:35:43.259, 4, 179.02 W, 25, 120 MHz, 3996 MHz, 0 %, 0 %
2026/03/23 13:35:43.259, 5, 180.58 W, 28, 120 MHz, 3996 MHz, 0 %, 0 %
2026/03/23 13:35:43.259, 6, 178.56 W, 26, 120 MHz, 3996 MHz, 0 %, 0 %
2026/03/23 13:35:43.259, 7, 176.58 W, 27, 120 MHz, 3996 MHz, 0 %, 0 %
2026/03/23 13:35:44.259, 0, 486.28 W, 31, 2032 MHz, 3996 MHz, 100 %, 27 %
2026/03/23 13:35:44.259, 1, 489.28 W, 34, 2032 MHz, 3996 MHz, 100 %, 27 %
2026/03/23 13:35:44.259, 2, 491.86 W, 31, 2032 MHz, 3996 MHz, 100 %, 27 %
2026/03/23 13:35:44.259, 3, 485.10 W, 34, 2032 MHz, 3996 MHz, 100 %, 27 %
2026/03/23 13:35:44.259, 4, 179.20 W, 25, 120 MHz, 3996 MHz, 0 %, 0 %
2026/03/23 13:35:44.259, 5, 180.58 W, 28, 120 MHz, 3996 MHz, 0 %, 0 %
2026/03/23 13:35:44.259, 6, 178.41 W, 26, 120 MHz, 3996 MHz, 0 %, 0 %
2026/03/23 13:35:44.259, 7, 176.58 W, 27, 120 MHz, 3996 MHz, 0 %, 0 %
2026/03/23 13:35:45.259, 0, 490.73 W, 32, 2032 MHz, 3996 MHz, 100 %, 27 %
2026/03/23 13:35:45.259, 1, 490.37 W, 34, 2032 MHz, 3996 MHz, 100 %, 27 %
2026/03/23 13:35:45.259, 2, 493.14 W, 32, 2032 MHz, 3996 MHz, 100 %, 27 %
2026/03/23 13:35:45.259, 3, 486.63 W, 34, 2032 MHz, 3996 MHz, 100 %, 27 %
2026/03/23 13:35:45.259, 4, 179.11 W, 25, 120 MHz, 3996 MHz, 0 %, 0 %
2026/03/23 13:35:45.259, 5, 180.58 W, 28, 120 MHz, 3996 MHz, 0 %, 0 %
2026/03/23 13:35:45.259, 6, 178.37 W, 26, 120 MHz, 3996 MHz, 0 %, 0 %
2026/03/23 13:35:45.259, 7, 176.58 W, 27, 120 MHz, 3996 MHz, 0 %, 0 %
2026/03/23 13:35:46.259, 0, 488.30 W, 32, 2032 MHz, 3996 MHz, 100 %, 27 %
2026/03/23 13:35:46.259, 1, 491.99 W, 34, 2032 MHz, 3996 MHz, 100 %, 27 %
2026/03/23 13:35:46.259, 2, 494.24 W, 32, 2032 MHz, 3996 MHz, 100 %, 27 %
2026/03/23 13:35:46.259, 3, 488.04 W, 35, 2032 MHz, 3996 MHz, 100 %, 27 %
2026/03/23 13:35:46.259, 4, 179.05 W, 25, 120 MHz, 3996 MHz, 0 %, 0 %
2026/03/23 13:35:46.259, 5, 180.58 W, 28, 120 MHz, 3996 MHz, 0 %, 0 %
2026/03/23 13:35:46.259, 6, 178.26 W, 26, 120 MHz, 3996 MHz, 0 %, 0 %
2026/03/23 13:35:46.259, 7, 176.58 W, 27, 120 MHz, 3996 MHz, 0 %, 0 %
2026/03/23 13:35:47.260, 0, 488.99 W, 32, 2032 MHz, 3996 MHz, 100 %, 27 %
2026/03/23 13:35:47.260, 1, 492.95 W, 34, 2032 MHz, 3996 MHz, 100 %, 27 %
2026/03/23 13:35:47.260, 2, 495.41 W, 32, 2032 MHz, 3996 MHz, 100 %, 27 %
2026/03/23 13:35:47.260, 3, 488.95 W, 35, 2032 MHz, 3996 MHz, 100 %, 27 %
2026/03/23 13:35:47.260, 4, 179.25 W, 25, 120 MHz, 3996 MHz, 0 %, 0 %
2026/03/23 13:35:47.260, 5, 180.58 W, 28, 120 MHz, 3996 MHz, 0 %, 0 %
2026/03/23 13:35:47.260, 6, 178.33 W, 26, 120 MHz, 3996 MHz, 0 %, 0 %
2026/03/23 13:35:47.260, 7, 176.58 W, 27, 120 MHz, 3996 MHz, 0 %, 0 %
2026/03/23 13:35:48.260, 0, 490.68 W, 32, 2032 MHz, 3996 MHz, 100 %, 27 %
2026/03/23 13:35:48.260, 1, 494.68 W, 34, 2032 MHz, 3996 MHz, 100 %, 27 %
2026/03/23 13:35:48.260, 2, 497.12 W, 32, 2032 MHz, 3996 MHz, 100 %, 27 %
2026/03/23 13:35:48.260, 3, 490.75 W, 35, 2032 MHz, 3996 MHz, 100 %, 27 %
2026/03/23 13:35:48.260, 4, 179.46 W, 25, 120 MHz, 3996 MHz, 0 %, 0 %
2026/03/23 13:35:48.260, 5, 180.58 W, 28, 120 MHz, 3996 MHz, 0 %, 0 %
2026/03/23 13:35:48.260, 6, 178.33 W, 26, 120 MHz, 3996 MHz, 0 %, 0 %
2026/03/23 13:35:48.260, 7, 176.58 W, 27, 120 MHz, 3996 MHz, 0 %, 0 %
2026/03/23 13:35:49.260, 0, 491.72 W, 32, 2032 MHz, 3996 MHz, 100 %, 27 %
2026/03/23 13:35:49.260, 1, 495.40 W, 35, 2032 MHz, 3996 MHz, 100 %, 27 %
2026/03/23 13:35:49.260, 2, 498.02 W, 32, 2032 MHz, 3996 MHz, 100 %, 27 %
2026/03/23 13:35:49.260, 3, 491.65 W, 35, 2032 MHz, 3996 MHz, 100 %, 27 %
2026/03/23 13:35:49.260, 4, 179.22 W, 25, 120 MHz, 3996 MHz, 0 %, 0 %
2026/03/23 13:35:49.260, 5, 180.58 W, 28, 120 MHz, 3996 MHz, 0 %, 0 %
2026/03/23 13:35:49.260, 6, 178.45 W, 26, 120 MHz, 3996 MHz, 0 %, 0 %
2026/03/23 13:35:49.260, 7, 176.58 W, 27, 120 MHz, 3996 MHz, 0 %, 0 %
2026/03/23 13:35:50.260, 0, 448.28 W, 31, 2032 MHz, 3996 MHz, 95 %, 26 %
2026/03/23 13:35:50.260, 1, 457.67 W, 33, 2032 MHz, 3996 MHz, 0 %, 0 %
2026/03/23 13:35:50.260, 2, 465.11 W, 30, 2032 MHz, 3996 MHz, 0 %, 0 %
2026/03/23 13:35:50.260, 3, 443.59 W, 33, 2032 MHz, 3996 MHz, 0 %, 0 %
2026/03/23 13:35:50.260, 4, 179.09 W, 25, 120 MHz, 3996 MHz, 0 %, 0 %
2026/03/23 13:35:50.260, 5, 180.58 W, 28, 120 MHz, 3996 MHz, 0 %, 0 %
2026/03/23 13:35:50.260, 6, 178.38 W, 26, 120 MHz, 3996 MHz, 0 %, 0 %
2026/03/23 13:35:50.260, 7, 176.58 W, 27, 120 MHz, 3996 MHz, 0 %, 0 %
2026/03/23 13:35:51.260, 0, 230.23 W, 29, 2032 MHz, 3996 MHz, 0 %, 0 %
2026/03/23 13:35:51.260, 1, 235.15 W, 31, 2032 MHz, 3996 MHz, 0 %, 0 %
2026/03/23 13:35:51.260, 2, 235.90 W, 29, 2032 MHz, 3996 MHz, 0 %, 0 %
2026/03/23 13:35:51.260, 3, 236.04 W, 32, 2032 MHz, 3996 MHz, 0 %, 0 %
2026/03/23 13:35:51.260, 4, 179.26 W, 25, 120 MHz, 3996 MHz, 0 %, 0 %
2026/03/23 13:35:51.260, 5, 180.58 W, 28, 120 MHz, 3996 MHz, 0 %, 0 %
2026/03/23 13:35:51.260, 6, 178.29 W, 26, 120 MHz, 3996 MHz, 0 %, 0 %
2026/03/23 13:35:51.260, 7, 176.58 W, 27, 120 MHz, 3996 MHz, 0 %, 0 %
2026/03/23 13:35:52.260, 0, 274.26 W, 30, 2032 MHz, 3996 MHz, 98 %, 6 %
2026/03/23 13:35:52.260, 1, 275.42 W, 32, 2032 MHz, 3996 MHz, 99 %, 8 %
2026/03/23 13:35:52.260, 2, 271.01 W, 30, 2032 MHz, 3996 MHz, 29 %, 8 %
2026/03/23 13:35:52.260, 3, 284.96 W, 33, 2032 MHz, 3996 MHz, 100 %, 11 %
2026/03/23 13:35:52.260, 4, 178.95 W, 25, 120 MHz, 3996 MHz, 0 %, 0 %
2026/03/23 13:35:52.260, 5, 180.58 W, 28, 120 MHz, 3996 MHz, 0 %, 0 %
2026/03/23 13:35:52.260, 6, 178.45 W, 26, 120 MHz, 3996 MHz, 0 %, 0 %
2026/03/23 13:35:52.260, 7, 176.58 W, 27, 120 MHz, 3996 MHz, 0 %, 0 %
2026/03/23 13:35:53.260, 0, 456.29 W, 32, 2032 MHz, 3996 MHz, 100 %, 22 %
2026/03/23 13:35:53.260, 1, 459.83 W, 34, 2032 MHz, 3996 MHz, 100 %, 22 %
2026/03/23 13:35:53.260, 2, 461.67 W, 32, 2032 MHz, 3996 MHz, 100 %, 22 %
2026/03/23 13:35:53.260, 3, 454.36 W, 34, 2032 MHz, 3996 MHz, 100 %, 22 %
2026/03/23 13:35:53.260, 4, 179.22 W, 25, 120 MHz, 3996 MHz, 0 %, 0 %
2026/03/23 13:35:53.260, 5, 180.58 W, 28, 120 MHz, 3996 MHz, 0 %, 0 %
2026/03/23 13:35:53.260, 6, 178.33 W, 26, 120 MHz, 3996 MHz, 0 %, 0 %
2026/03/23 13:35:53.260, 7, 176.58 W, 27, 120 MHz, 3996 MHz, 0 %, 0 %
2026/03/23 13:35:54.261, 0, 458.57 W, 32, 2032 MHz, 3996 MHz, 100 %, 22 %
2026/03/23 13:35:54.261, 1, 462.13 W, 34, 2032 MHz, 3996 MHz, 100 %, 22 %
2026/03/23 13:35:54.261, 2, 464.46 W, 32, 2032 MHz, 3996 MHz, 100 %, 22 %
2026/03/23 13:35:54.261, 3, 456.25 W, 35, 2032 MHz, 3996 MHz, 100 %, 23 %
2026/03/23 13:35:54.261, 4, 179.18 W, 25, 120 MHz, 3996 MHz, 0 %, 0 %
2026/03/23 13:35:54.261, 5, 180.58 W, 28, 120 MHz, 3996 MHz, 0 %, 0 %
2026/03/23 13:35:54.261, 6, 178.48 W, 26, 120 MHz, 3996 MHz, 0 %, 0 %
2026/03/23 13:35:54.261, 7, 176.58 W, 27, 120 MHz, 3996 MHz, 0 %, 0 %
2026/03/23 13:35:55.261, 0, 459.91 W, 32, 2032 MHz, 3996 MHz, 100 %, 23 %
2026/03/23 13:35:55.261, 1, 463.87 W, 34, 2032 MHz, 3996 MHz, 100 %, 23 %
2026/03/23 13:35:55.261, 2, 465.79 W, 32, 2032 MHz, 3996 MHz, 100 %, 23 %
2026/03/23 13:35:55.261, 3, 457.35 W, 35, 2032 MHz, 3996 MHz, 100 %, 22 %
2026/03/23 13:35:55.261, 4, 179.43 W, 25, 120 MHz, 3996 MHz, 0 %, 0 %
2026/03/23 13:35:55.261, 5, 180.62 W, 28, 120 MHz, 3996 MHz, 0 %, 0 %
2026/03/23 13:35:55.261, 6, 178.41 W, 26, 120 MHz, 3996 MHz, 0 %, 0 %
2026/03/23 13:35:55.261, 7, 176.58 W, 27, 120 MHz, 3996 MHz, 0 %, 0 %
2026/03/23 13:35:56.261, 0, 461.82 W, 32, 2032 MHz, 3996 MHz, 100 %, 23 %
2026/03/23 13:35:56.261, 1, 465.26 W, 34, 2032 MHz, 3996 MHz, 100 %, 23 %
2026/03/23 13:35:56.261, 2, 467.28 W, 32, 2032 MHz, 3996 MHz, 100 %, 23 %
2026/03/23 13:35:56.261, 3, 459.11 W, 35, 2032 MHz, 3996 MHz, 100 %, 23 %
2026/03/23 13:35:56.261, 4, 179.31 W, 25, 120 MHz, 3996 MHz, 0 %, 0 %
2026/03/23 13:35:56.261, 5, 180.58 W, 28, 120 MHz, 3996 MHz, 0 %, 0 %
2026/03/23 13:35:56.261, 6, 178.41 W, 26, 120 MHz, 3996 MHz, 0 %, 0 %
2026/03/23 13:35:56.261, 7, 176.58 W, 27, 120 MHz, 3996 MHz, 0 %, 0 %
2026/03/23 13:35:57.261, 0, 462.57 W, 33, 2032 MHz, 3996 MHz, 100 %, 23 %
2026/03/23 13:35:57.261, 1, 466.74 W, 35, 2032 MHz, 3996 MHz, 100 %, 23 %
2026/03/23 13:35:57.261, 2, 468.26 W, 32, 2032 MHz, 3996 MHz, 100 %, 23 %
2026/03/23 13:35:57.261, 3, 460.27 W, 35, 2032 MHz, 3996 MHz, 100 %, 23 %
2026/03/23 13:35:57.261, 4, 179.28 W, 25, 120 MHz, 3996 MHz, 0 %, 0 %
2026/03/23 13:35:57.261, 5, 180.58 W, 28, 120 MHz, 3996 MHz, 0 %, 0 %
2026/03/23 13:35:57.261, 6, 178.49 W, 26, 120 MHz, 3996 MHz, 0 %, 0 %
2026/03/23 13:35:57.261, 7, 176.58 W, 27, 120 MHz, 3996 MHz, 0 %, 0 %
2026/03/23 13:35:58.261, 0, 463.96 W, 33, 2032 MHz, 3996 MHz, 100 %, 23 %
2026/03/23 13:35:58.261, 1, 468.14 W, 35, 2032 MHz, 3996 MHz, 100 %, 23 %
2026/03/23 13:35:58.261, 2, 470.25 W, 32, 2032 MHz, 3996 MHz, 100 %, 23 %
2026/03/23 13:35:58.261, 3, 461.69 W, 35, 2032 MHz, 3996 MHz, 100 %, 23 %
2026/03/23 13:35:58.261, 4, 179.16 W, 25, 120 MHz, 3996 MHz, 0 %, 0 %
2026/03/23 13:35:58.261, 5, 180.58 W, 28, 120 MHz, 3996 MHz, 0 %, 0 %
2026/03/23 13:35:58.261, 6, 178.57 W, 26, 120 MHz, 3996 MHz, 0 %, 0 %
2026/03/23 13:35:58.261, 7, 176.58 W, 27, 120 MHz, 3996 MHz, 0 %, 0 %
2026/03/23 13:35:59.261, 0, 465.27 W, 33, 2032 MHz, 3996 MHz, 100 %, 23 %
2026/03/23 13:35:59.261, 1, 468.78 W, 35, 2032 MHz, 3996 MHz, 100 %, 23 %
2026/03/23 13:35:59.261, 2, 470.38 W, 32, 2032 MHz, 3996 MHz, 100 %, 23 %
2026/03/23 13:35:59.261, 3, 462.20 W, 35, 2032 MHz, 3996 MHz, 100 %, 23 %
2026/03/23 13:35:59.261, 4, 179.20 W, 25, 120 MHz, 3996 MHz, 0 %, 0 %
2026/03/23 13:35:59.261, 5, 180.58 W, 28, 120 MHz, 3996 MHz, 0 %, 0 %
2026/03/23 13:35:59.261, 6, 178.21 W, 26, 120 MHz, 3996 MHz, 0 %, 0 %
2026/03/23 13:35:59.261, 7, 176.58 W, 27, 120 MHz, 3996 MHz, 0 %, 0 %
2026/03/23 13:36:00.261, 0, 275.38 W, 30, 2032 MHz, 3996 MHz, 0 %, 0 %
2026/03/23 13:36:00.262, 1, 288.32 W, 32, 2032 MHz, 3996 MHz, 0 %, 0 %
2026/03/23 13:36:00.262, 2, 284.95 W, 29, 2032 MHz, 3996 MHz, 0 %, 0 %
2026/03/23 13:36:00.262, 3, 277.58 W, 32, 2032 MHz, 3996 MHz, 0 %, 0 %
2026/03/23 13:36:00.262, 4, 179.11 W, 25, 120 MHz, 3996 MHz, 0 %, 0 %
2026/03/23 13:36:00.262, 5, 180.58 W, 28, 120 MHz, 3996 MHz, 0 %, 0 %
2026/03/23 13:36:00.262, 6, 178.49 W, 26, 120 MHz, 3996 MHz, 0 %, 0 %
2026/03/23 13:36:00.262, 7, 176.58 W, 27, 120 MHz, 3996 MHz, 0 %, 0 %
2026/03/23 13:36:01.262, 0, 230.00 W, 29, 2032 MHz, 3996 MHz, 0 %, 0 %
2026/03/23 13:36:01.262, 1, 235.11 W, 31, 2032 MHz, 3996 MHz, 0 %, 0 %
2026/03/23 13:36:01.262, 2, 235.89 W, 29, 2032 MHz, 3996 MHz, 0 %, 0 %
2026/03/23 13:36:01.262, 3, 235.96 W, 32, 2032 MHz, 3996 MHz, 0 %, 0 %
2026/03/23 13:36:01.262, 4, 179.26 W, 25, 120 MHz, 3996 MHz, 0 %, 0 %
2026/03/23 13:36:01.262, 5, 180.58 W, 28, 120 MHz, 3996 MHz, 0 %, 0 %
2026/03/23 13:36:01.262, 6, 178.37 W, 26, 120 MHz, 3996 MHz, 0 %, 0 %
2026/03/23 13:36:01.262, 7, 176.58 W, 27, 120 MHz, 3996 MHz, 0 %, 0 %
2026/03/23 13:36:02.262, 0, 230.00 W, 29, 2032 MHz, 3996 MHz, 0 %, 0 %
2026/03/23 13:36:02.262, 1, 235.11 W, 31, 2032 MHz, 3996 MHz, 0 %, 0 %
2026/03/23 13:36:02.262, 2, 235.51 W, 29, 2032 MHz, 3996 MHz, 0 %, 0 %
2026/03/23 13:36:02.262, 3, 235.52 W, 32, 2032 MHz, 3996 MHz, 0 %, 0 %
2026/03/23 13:36:02.262, 4, 179.19 W, 25, 120 MHz, 3996 MHz, 0 %, 0 %
2026/03/23 13:36:02.262, 5, 180.58 W, 28, 120 MHz, 3996 MHz, 0 %, 0 %
2026/03/23 13:36:02.262, 6, 178.45 W, 26, 120 MHz, 3996 MHz, 0 %, 0 %
2026/03/23 13:36:02.262, 7, 176.59 W, 27, 120 MHz, 3996 MHz, 0 %, 0 %
2026/03/23 13:36:03.262, 0, 230.00 W, 29, 2032 MHz, 3996 MHz, 0 %, 0 %
2026/03/23 13:36:03.262, 1, 235.11 W, 31, 2032 MHz, 3996 MHz, 0 %, 0 %
2026/03/23 13:36:03.262, 2, 235.20 W, 29, 2032 MHz, 3996 MHz, 0 %, 0 %
2026/03/23 13:36:03.262, 3, 235.71 W, 32, 2032 MHz, 3996 MHz, 0 %, 0 %
2026/03/23 13:36:03.262, 4, 179.21 W, 25, 120 MHz, 3996 MHz, 0 %, 0 %
2026/03/23 13:36:03.262, 5, 180.58 W, 28, 120 MHz, 3996 MHz, 0 %, 0 %
2026/03/23 13:36:03.262, 6, 178.53 W, 26, 120 MHz, 3996 MHz, 0 %, 0 %
2026/03/23 13:36:03.262, 7, 176.58 W, 27, 120 MHz, 3996 MHz, 0 %, 0 %
2026/03/23 13:36:04.262, 0, 230.00 W, 29, 2032 MHz, 3996 MHz, 0 %, 0 %
2026/03/23 13:36:04.262, 1, 235.11 W, 31, 2032 MHz, 3996 MHz, 0 %, 0 %
2026/03/23 13:36:04.262, 2, 234.85 W, 29, 2032 MHz, 3996 MHz, 0 %, 0 %
2026/03/23 13:36:04.262, 3, 235.30 W, 32, 2032 MHz, 3996 MHz, 0 %, 0 %
2026/03/23 13:36:04.262, 4, 179.06 W, 25, 120 MHz, 3996 MHz, 0 %, 0 %
2026/03/23 13:36:04.262, 5, 180.58 W, 28, 120 MHz, 3996 MHz, 0 %, 0 %
2026/03/23 13:36:04.262, 6, 178.49 W, 26, 120 MHz, 3996 MHz, 0 %, 0 %
2026/03/23 13:36:04.262, 7, 176.58 W, 27, 120 MHz, 3996 MHz, 0 %, 0 %
2026/03/23 13:36:05.262, 0, 229.96 W, 29, 2032 MHz, 3996 MHz, 0 %, 0 %
2026/03/23 13:36:05.262, 1, 235.03 W, 31, 2032 MHz, 3996 MHz, 0 %, 0 %
2026/03/23 13:36:05.262, 2, 234.90 W, 28, 2032 MHz, 3996 MHz, 0 %, 0 %
2026/03/23 13:36:05.262, 3, 235.33 W, 31, 2032 MHz, 3996 MHz, 0 %, 0 %
2026/03/23 13:36:05.262, 4, 179.22 W, 25, 120 MHz, 3996 MHz, 0 %, 0 %
2026/03/23 13:36:05.262, 5, 180.58 W, 28, 120 MHz, 3996 MHz, 0 %, 0 %
2026/03/23 13:36:05.262, 6, 178.41 W, 26, 120 MHz, 3996 MHz, 0 %, 0 %
2026/03/23 13:36:05.262, 7, 176.58 W, 27, 120 MHz, 3996 MHz, 0 %, 0 %
2026/03/23 13:36:06.262, 0, 467.29 W, 36, 2032 MHz, 3996 MHz, 100 %, 46 %
2026/03/23 13:36:06.262, 1, 459.96 W, 39, 2032 MHz, 3996 MHz, 91 %, 42 %
2026/03/23 13:36:06.262, 2, 438.62 W, 35, 2032 MHz, 3996 MHz, 75 %, 38 %
2026/03/23 13:36:06.262, 3, 493.30 W, 39, 2032 MHz, 3996 MHz, 91 %, 34 %
2026/03/23 13:36:06.262, 4, 179.36 W, 25, 120 MHz, 3996 MHz, 0 %, 0 %
2026/03/23 13:36:06.262, 5, 180.58 W, 28, 120 MHz, 3996 MHz, 0 %, 0 %
2026/03/23 13:36:06.263, 6, 178.49 W, 26, 120 MHz, 3996 MHz, 0 %, 0 %
2026/03/23 13:36:06.263, 7, 176.58 W, 27, 120 MHz, 3996 MHz, 0 %, 0 %
2026/03/23 13:36:07.263, 0, 640.53 W, 34, 2032 MHz, 3996 MHz, 100 %, 51 %
2026/03/23 13:36:07.263, 1, 647.91 W, 37, 2032 MHz, 3996 MHz, 100 %, 52 %
2026/03/23 13:36:07.263, 2, 650.44 W, 34, 2032 MHz, 3996 MHz, 100 %, 52 %
2026/03/23 13:36:07.263, 3, 654.47 W, 37, 2032 MHz, 3996 MHz, 100 %, 52 %
2026/03/23 13:36:07.263, 4, 179.29 W, 25, 120 MHz, 3996 MHz, 0 %, 0 %
2026/03/23 13:36:07.263, 5, 180.58 W, 28, 120 MHz, 3996 MHz, 0 %, 0 %
2026/03/23 13:36:07.263, 6, 178.53 W, 26, 120 MHz, 3996 MHz, 0 %, 0 %
2026/03/23 13:36:07.263, 7, 176.58 W, 27, 120 MHz, 3996 MHz, 0 %, 0 %
2026/03/23 13:36:08.263, 0, 647.43 W, 35, 2032 MHz, 3996 MHz, 100 %, 53 %
2026/03/23 13:36:08.263, 1, 653.96 W, 37, 2032 MHz, 3996 MHz, 100 %, 52 %
2026/03/23 13:36:08.263, 2, 657.42 W, 35, 2032 MHz, 3996 MHz, 100 %, 52 %
2026/03/23 13:36:08.263, 3, 665.89 W, 38, 2032 MHz, 3996 MHz, 100 %, 53 %
2026/03/23 13:36:08.263, 4, 179.17 W, 25, 120 MHz, 3996 MHz, 0 %, 0 %
2026/03/23 13:36:08.263, 5, 180.58 W, 28, 120 MHz, 3996 MHz, 0 %, 0 %
2026/03/23 13:36:08.263, 6, 178.33 W, 26, 120 MHz, 3996 MHz, 0 %, 0 %
2026/03/23 13:36:08.263, 7, 176.58 W, 27, 120 MHz, 3996 MHz, 0 %, 0 %
2026/03/23 13:36:09.263, 0, 648.84 W, 35, 2032 MHz, 3996 MHz, 100 %, 52 %
2026/03/23 13:36:09.263, 1, 655.41 W, 37, 2032 MHz, 3996 MHz, 100 %, 52 %
2026/03/23 13:36:09.263, 2, 658.42 W, 35, 2032 MHz, 3996 MHz, 100 %, 52 %
2026/03/23 13:36:09.263, 3, 666.36 W, 38, 2032 MHz, 3996 MHz, 100 %, 52 %
2026/03/23 13:36:09.263, 4, 179.57 W, 25, 120 MHz, 3996 MHz, 0 %, 0 %
2026/03/23 13:36:09.263, 5, 180.58 W, 28, 120 MHz, 3996 MHz, 0 %, 0 %
2026/03/23 13:36:09.263, 6, 178.41 W, 26, 120 MHz, 3996 MHz, 0 %, 0 %
2026/03/23 13:36:09.263, 7, 176.58 W, 27, 120 MHz, 3996 MHz, 0 %, 0 %
2026/03/23 13:36:10.263, 0, 650.70 W, 35, 2032 MHz, 3996 MHz, 100 %, 52 %
2026/03/23 13:36:10.263, 1, 656.55 W, 37, 2032 MHz, 3996 MHz, 100 %, 53 %
2026/03/23 13:36:10.263, 2, 658.77 W, 35, 2032 MHz, 3996 MHz, 100 %, 53 %
2026/03/23 13:36:10.263, 3, 667.15 W, 38, 2032 MHz, 3996 MHz, 100 %, 53 %
2026/03/23 13:36:10.263, 4, 179.42 W, 25, 120 MHz, 3996 MHz, 0 %, 0 %
2026/03/23 13:36:10.263, 5, 180.58 W, 28, 120 MHz, 3996 MHz, 0 %, 0 %
2026/03/23 13:36:10.263, 6, 178.41 W, 26, 120 MHz, 3996 MHz, 0 %, 0 %
2026/03/23 13:36:10.263, 7, 176.58 W, 27, 120 MHz, 3996 MHz, 0 %, 0 %
2026/03/23 13:36:11.263, 0, 650.67 W, 35, 2032 MHz, 3996 MHz, 100 %, 52 %
2026/03/23 13:36:11.263, 1, 655.05 W, 38, 2032 MHz, 3996 MHz, 100 %, 52 %
2026/03/23 13:36:11.263, 2, 658.66 W, 35, 2032 MHz, 3996 MHz, 100 %, 52 %
2026/03/23 13:36:11.263, 3, 669.33 W, 39, 2032 MHz, 3996 MHz, 100 %, 53 %
2026/03/23 13:36:11.263, 4, 179.29 W, 25, 120 MHz, 3996 MHz, 0 %, 0 %
2026/03/23 13:36:11.263, 5, 180.58 W, 28, 120 MHz, 3996 MHz, 0 %, 0 %
2026/03/23 13:36:11.263, 6, 178.41 W, 26, 120 MHz, 3996 MHz, 0 %, 0 %
2026/03/23 13:36:11.263, 7, 176.58 W, 27, 120 MHz, 3996 MHz, 0 %, 0 %
2026/03/23 13:36:12.263, 0, 651.26 W, 36, 2032 MHz, 3996 MHz, 100 %, 52 %
2026/03/23 13:36:12.264, 1, 657.13 W, 38, 2032 MHz, 3996 MHz, 100 %, 52 %
2026/03/23 13:36:12.264, 2, 660.74 W, 36, 2032 MHz, 3996 MHz, 100 %, 53 %
2026/03/23 13:36:12.264, 3, 669.69 W, 39, 2032 MHz, 3996 MHz, 100 %, 53 %
2026/03/23 13:36:12.264, 4, 179.39 W, 25, 120 MHz, 3996 MHz, 0 %, 0 %
2026/03/23 13:36:12.264, 5, 180.58 W, 28, 120 MHz, 3996 MHz, 0 %, 0 %
2026/03/23 13:36:12.264, 6, 178.57 W, 26, 120 MHz, 3996 MHz, 0 %, 0 %
2026/03/23 13:36:12.264, 7, 176.58 W, 27, 120 MHz, 3996 MHz, 0 %, 0 %
2026/03/23 13:36:13.264, 0, 652.07 W, 36, 2032 MHz, 3996 MHz, 100 %, 52 %
2026/03/23 13:36:13.264, 1, 657.96 W, 38, 2032 MHz, 3996 MHz, 100 %, 53 %
2026/03/23 13:36:13.264, 2, 662.22 W, 36, 2032 MHz, 3996 MHz, 100 %, 53 %
2026/03/23 13:36:13.264, 3, 670.75 W, 39, 2032 MHz, 3996 MHz, 100 %, 53 %
2026/03/23 13:36:13.264, 4, 179.18 W, 25, 120 MHz, 3996 MHz, 0 %, 0 %
2026/03/23 13:36:13.264, 5, 180.58 W, 28, 120 MHz, 3996 MHz, 0 %, 0 %
2026/03/23 13:36:13.264, 6, 178.60 W, 26, 120 MHz, 3996 MHz, 0 %, 0 %
2026/03/23 13:36:13.264, 7, 176.58 W, 27, 120 MHz, 3996 MHz, 0 %, 0 %
2026/03/23 13:36:14.264, 0, 652.18 W, 36, 2032 MHz, 3996 MHz, 100 %, 53 %
2026/03/23 13:36:14.264, 1, 658.25 W, 38, 2032 MHz, 3996 MHz, 100 %, 53 %
2026/03/23 13:36:14.264, 2, 662.81 W, 36, 2032 MHz, 3996 MHz, 100 %, 53 %
2026/03/23 13:36:14.264, 3, 671.30 W, 39, 2032 MHz, 3996 MHz, 100 %, 53 %
2026/03/23 13:36:14.264, 4, 179.26 W, 25, 120 MHz, 3996 MHz, 0 %, 0 %
2026/03/23 13:36:14.264, 5, 180.58 W, 28, 120 MHz, 3996 MHz, 0 %, 0 %
2026/03/23 13:36:14.264, 6, 178.52 W, 26, 120 MHz, 3996 MHz, 0 %, 0 %
2026/03/23 13:36:14.264, 7, 176.58 W, 27, 120 MHz, 3996 MHz, 0 %, 0 %
2026/03/23 13:36:15.264, 0, 651.75 W, 36, 2032 MHz, 3996 MHz, 100 %, 53 %
2026/03/23 13:36:15.264, 1, 659.60 W, 38, 2032 MHz, 3996 MHz, 100 %, 53 %
2026/03/23 13:36:15.264, 2, 663.31 W, 36, 2032 MHz, 3996 MHz, 100 %, 53 %
2026/03/23 13:36:15.264, 3, 672.58 W, 39, 2032 MHz, 3996 MHz, 100 %, 53 %
2026/03/23 13:36:15.264, 4, 179.19 W, 25, 120 MHz, 3996 MHz, 0 %, 0 %
2026/03/23 13:36:15.264, 5, 180.58 W, 28, 120 MHz, 3996 MHz, 0 %, 0 %
2026/03/23 13:36:15.264, 6, 178.45 W, 26, 120 MHz, 3996 MHz, 0 %, 0 %
2026/03/23 13:36:15.264, 7, 176.58 W, 27, 120 MHz, 3996 MHz, 0 %, 0 %
2026/03/23 13:36:16.264, 0, 652.06 W, 36, 2032 MHz, 3996 MHz, 100 %, 53 %
2026/03/23 13:36:16.264, 1, 658.82 W, 39, 2032 MHz, 3996 MHz, 100 %, 52 %
2026/03/23 13:36:16.264, 2, 663.72 W, 36, 2032 MHz, 3996 MHz, 100 %, 53 %
2026/03/23 13:36:16.264, 3, 671.83 W, 40, 2032 MHz, 3996 MHz, 100 %, 52 %
2026/03/23 13:36:16.264, 4, 179.42 W, 25, 120 MHz, 3996 MHz, 0 %, 0 %
2026/03/23 13:36:16.264, 5, 180.58 W, 28, 120 MHz, 3996 MHz, 0 %, 0 %
2026/03/23 13:36:16.264, 6, 178.49 W, 26, 120 MHz, 3996 MHz, 0 %, 0 %
2026/03/23 13:36:16.264, 7, 176.58 W, 27, 120 MHz, 3996 MHz, 0 %, 0 %
2026/03/23 13:36:17.264, 0, 586.88 W, 36, 2032 MHz, 3996 MHz, 89 %, 37 %
2026/03/23 13:36:17.264, 1, 588.42 W, 38, 2032 MHz, 3996 MHz, 99 %, 18 %
2026/03/23 13:36:17.264, 2, 561.27 W, 35, 2032 MHz, 3996 MHz, 35 %, 18 %
2026/03/23 13:36:17.264, 3, 599.81 W, 39, 2032 MHz, 3996 MHz, 100 %, 22 %
2026/03/23 13:36:17.264, 4, 179.26 W, 25, 120 MHz, 3996 MHz, 0 %, 0 %
2026/03/23 13:36:17.264, 5, 180.58 W, 28, 120 MHz, 3996 MHz, 0 %, 0 %
2026/03/23 13:36:17.264, 6, 178.39 W, 26, 120 MHz, 3996 MHz, 0 %, 0 %
2026/03/23 13:36:17.264, 7, 176.58 W, 27, 120 MHz, 3996 MHz, 0 %, 0 %
2026/03/23 13:36:18.264, 0, 559.60 W, 36, 2032 MHz, 3996 MHz, 93 %, 41 %
2026/03/23 13:36:18.264, 1, 558.53 W, 38, 2032 MHz, 3996 MHz, 100 %, 17 %
2026/03/23 13:36:18.265, 2, 500.95 W, 35, 2032 MHz, 3996 MHz, 33 %, 17 %
2026/03/23 13:36:18.265, 3, 559.51 W, 39, 2032 MHz, 3996 MHz, 99 %, 19 %
2026/03/23 13:36:18.265, 4, 179.11 W, 25, 120 MHz, 3996 MHz, 0 %, 0 %
2026/03/23 13:36:18.265, 5, 180.58 W, 28, 120 MHz, 3996 MHz, 0 %, 0 %
2026/03/23 13:36:18.265, 6, 178.33 W, 26, 120 MHz, 3996 MHz, 0 %, 0 %
2026/03/23 13:36:18.265, 7, 176.58 W, 27, 120 MHz, 3996 MHz, 0 %, 0 %
2026/03/23 13:36:19.265, 0, 605.74 W, 36, 2032 MHz, 3996 MHz, 100 %, 51 %
2026/03/23 13:36:19.265, 1, 613.66 W, 38, 2032 MHz, 3996 MHz, 100 %, 51 %
2026/03/23 13:36:19.265, 2, 585.02 W, 36, 2032 MHz, 3996 MHz, 100 %, 51 %
2026/03/23 13:36:19.265, 3, 623.42 W, 39, 2032 MHz, 3996 MHz, 100 %, 51 %
2026/03/23 13:36:19.265, 4, 179.25 W, 25, 120 MHz, 3996 MHz, 0 %, 0 %
2026/03/23 13:36:19.265, 5, 180.58 W, 28, 120 MHz, 3996 MHz, 0 %, 0 %
2026/03/23 13:36:19.265, 6, 178.45 W, 26, 120 MHz, 3996 MHz, 0 %, 0 %
2026/03/23 13:36:19.265, 7, 176.58 W, 27, 120 MHz, 3996 MHz, 0 %, 0 %
2026/03/23 13:36:20.265, 0, 609.64 W, 36, 2032 MHz, 3996 MHz, 100 %, 51 %
2026/03/23 13:36:20.265, 1, 618.26 W, 39, 2032 MHz, 3996 MHz, 100 %, 51 %
2026/03/23 13:36:20.265, 2, 588.02 W, 36, 2032 MHz, 3996 MHz, 100 %, 51 %
2026/03/23 13:36:20.265, 3, 625.40 W, 40, 2032 MHz, 3996 MHz, 100 %, 51 %
2026/03/23 13:36:20.265, 4, 179.16 W, 25, 120 MHz, 3996 MHz, 0 %, 0 %
2026/03/23 13:36:20.265, 5, 180.58 W, 28, 120 MHz, 3996 MHz, 0 %, 0 %
2026/03/23 13:36:20.265, 6, 178.48 W, 26, 120 MHz, 3996 MHz, 0 %, 0 %
2026/03/23 13:36:20.265, 7, 176.58 W, 27, 120 MHz, 3996 MHz, 0 %, 0 %
2026/03/23 13:36:21.265, 0, 566.10 W, 36, 2032 MHz, 3996 MHz, 99 %, 17 %
2026/03/23 13:36:21.265, 1, 579.48 W, 38, 2032 MHz, 3996 MHz, 100 %, 47 %
2026/03/23 13:36:21.265, 2, 520.87 W, 35, 2032 MHz, 3996 MHz, 100 %, 52 %
2026/03/23 13:36:21.265, 3, 587.36 W, 40, 2032 MHz, 3996 MHz, 100 %, 52 %
2026/03/23 13:36:21.265, 4, 179.50 W, 25, 120 MHz, 3996 MHz, 0 %, 0 %
2026/03/23 13:36:21.265, 5, 180.58 W, 28, 120 MHz, 3996 MHz, 0 %, 0 %
2026/03/23 13:36:21.265, 6, 178.57 W, 26, 120 MHz, 3996 MHz, 0 %, 0 %
2026/03/23 13:36:21.265, 7, 176.58 W, 27, 120 MHz, 3996 MHz, 0 %, 0 %
2026/03/23 13:36:22.265, 0, 648.91 W, 37, 2032 MHz, 3996 MHz, 100 %, 52 %
2026/03/23 13:36:22.265, 1, 654.85 W, 39, 2032 MHz, 3996 MHz, 100 %, 52 %
2026/03/23 13:36:22.265, 2, 660.10 W, 36, 2032 MHz, 3996 MHz, 100 %, 53 %
2026/03/23 13:36:22.265, 3, 669.88 W, 40, 2032 MHz, 3996 MHz, 100 %, 53 %
2026/03/23 13:36:22.265, 4, 179.17 W, 25, 120 MHz, 3996 MHz, 0 %, 0 %
2026/03/23 13:36:22.265, 5, 180.58 W, 28, 120 MHz, 3996 MHz, 0 %, 0 %
2026/03/23 13:36:22.265, 6, 178.57 W, 26, 120 MHz, 3996 MHz, 0 %, 0 %
2026/03/23 13:36:22.265, 7, 176.58 W, 27, 120 MHz, 3996 MHz, 0 %, 0 %
2026/03/23 13:36:23.265, 0, 653.32 W, 37, 2032 MHz, 3996 MHz, 100 %, 53 %
2026/03/23 13:36:23.265, 1, 658.90 W, 39, 2032 MHz, 3996 MHz, 100 %, 53 %
2026/03/23 13:36:23.265, 2, 662.84 W, 37, 2032 MHz, 3996 MHz, 100 %, 53 %
2026/03/23 13:36:23.265, 3, 673.89 W, 40, 2032 MHz, 3996 MHz, 100 %, 53 %
2026/03/23 13:36:23.265, 4, 179.19 W, 25, 120 MHz, 3996 MHz, 0 %, 0 %
2026/03/23 13:36:23.265, 5, 180.62 W, 28, 120 MHz, 3996 MHz, 0 %, 0 %
2026/03/23 13:36:23.265, 6, 178.41 W, 26, 120 MHz, 3996 MHz, 0 %, 0 %
2026/03/23 13:36:23.265, 7, 176.58 W, 27, 120 MHz, 3996 MHz, 0 %, 0 %
2026/03/23 13:36:24.265, 0, 654.60 W, 37, 2032 MHz, 3996 MHz, 100 %, 53 %
2026/03/23 13:36:24.265, 1, 660.77 W, 39, 2032 MHz, 3996 MHz, 100 %, 53 %
2026/03/23 13:36:24.265, 2, 664.43 W, 37, 2032 MHz, 3996 MHz, 100 %, 53 %
2026/03/23 13:36:24.265, 3, 675.18 W, 40, 2032 MHz, 3996 MHz, 100 %, 53 %
2026/03/23 13:36:24.265, 4, 179.25 W, 25, 120 MHz, 3996 MHz, 0 %, 0 %
2026/03/23 13:36:24.265, 5, 180.58 W, 28, 120 MHz, 3996 MHz, 0 %, 0 %
2026/03/23 13:36:24.266, 6, 178.52 W, 26, 120 MHz, 3996 MHz, 0 %, 0 %
2026/03/23 13:36:24.266, 7, 176.58 W, 27, 120 MHz, 3996 MHz, 0 %, 0 %
2026/03/23 13:36:25.266, 0, 654.14 W, 37, 2032 MHz, 3996 MHz, 100 %, 53 %
2026/03/23 13:36:25.266, 1, 661.32 W, 40, 2032 MHz, 3996 MHz, 100 %, 53 %
2026/03/23 13:36:25.266, 2, 665.91 W, 37, 2032 MHz, 3996 MHz, 100 %, 53 %
2026/03/23 13:36:25.266, 3, 675.29 W, 41, 2032 MHz, 3996 MHz, 100 %, 53 %
2026/03/23 13:36:25.266, 4, 179.38 W, 25, 120 MHz, 3996 MHz, 0 %, 0 %
2026/03/23 13:36:25.266, 5, 180.58 W, 28, 120 MHz, 3996 MHz, 0 %, 0 %
2026/03/23 13:36:25.266, 6, 178.56 W, 26, 120 MHz, 3996 MHz, 0 %, 0 %
2026/03/23 13:36:25.266, 7, 176.58 W, 27, 120 MHz, 3996 MHz, 0 %, 0 %
2026/03/23 13:36:26.266, 0, 656.79 W, 37, 2032 MHz, 3996 MHz, 100 %, 53 %
2026/03/23 13:36:26.266, 1, 662.90 W, 40, 2032 MHz, 3996 MHz, 100 %, 53 %
2026/03/23 13:36:26.266, 2, 667.09 W, 37, 2032 MHz, 3996 MHz, 100 %, 53 %
2026/03/23 13:36:26.266, 3, 676.55 W, 41, 2032 MHz, 3996 MHz, 100 %, 53 %
2026/03/23 13:36:26.266, 4, 179.02 W, 25, 120 MHz, 3996 MHz, 0 %, 0 %
2026/03/23 13:36:26.266, 5, 180.58 W, 28, 120 MHz, 3996 MHz, 0 %, 0 %
2026/03/23 13:36:26.266, 6, 178.53 W, 26, 120 MHz, 3996 MHz, 0 %, 0 %
2026/03/23 13:36:26.266, 7, 176.58 W, 27, 120 MHz, 3996 MHz, 0 %, 0 %
2026/03/23 13:36:27.266, 0, 657.66 W, 37, 2032 MHz, 3996 MHz, 100 %, 53 %
2026/03/23 13:36:27.266, 1, 663.95 W, 40, 2032 MHz, 3996 MHz, 100 %, 53 %
2026/03/23 13:36:27.266, 2, 667.22 W, 37, 2032 MHz, 3996 MHz, 100 %, 53 %
2026/03/23 13:36:27.266, 3, 677.24 W, 41, 2032 MHz, 3996 MHz, 100 %, 53 %
2026/03/23 13:36:27.266, 4, 179.02 W, 25, 120 MHz, 3996 MHz, 0 %, 0 %
2026/03/23 13:36:27.266, 5, 180.58 W, 28, 120 MHz, 3996 MHz, 0 %, 0 %
2026/03/23 13:36:27.266, 6, 178.28 W, 26, 120 MHz, 3996 MHz, 0 %, 0 %
2026/03/23 13:36:27.266, 7, 176.58 W, 27, 120 MHz, 3996 MHz, 0 %, 0 %
2026/03/23 13:36:28.266, 0, 657.27 W, 37, 2032 MHz, 3996 MHz, 100 %, 53 %
2026/03/23 13:36:28.266, 1, 664.55 W, 40, 2032 MHz, 3996 MHz, 100 %, 53 %
2026/03/23 13:36:28.266, 2, 668.53 W, 37, 2032 MHz, 3996 MHz, 100 %, 53 %
2026/03/23 13:36:28.266, 3, 675.93 W, 41, 2032 MHz, 3996 MHz, 100 %, 53 %
2026/03/23 13:36:28.266, 4, 179.15 W, 25, 120 MHz, 3996 MHz, 0 %, 0 %
2026/03/23 13:36:28.266, 5, 180.58 W, 28, 120 MHz, 3996 MHz, 0 %, 0 %
2026/03/23 13:36:28.266, 6, 178.53 W, 26, 120 MHz, 3996 MHz, 0 %, 0 %
2026/03/23 13:36:28.266, 7, 176.58 W, 27, 120 MHz, 3996 MHz, 0 %, 0 %
2026/03/23 13:36:29.266, 0, 647.74 W, 38, 2032 MHz, 3996 MHz, 100 %, 53 %
2026/03/23 13:36:29.266, 1, 661.31 W, 40, 2032 MHz, 3996 MHz, 100 %, 53 %
2026/03/23 13:36:29.266, 2, 663.91 W, 37, 2032 MHz, 3996 MHz, 100 %, 53 %
2026/03/23 13:36:29.266, 3, 663.39 W, 40, 2032 MHz, 3996 MHz, 97 %, 50 %
2026/03/23 13:36:29.266, 4, 179.11 W, 25, 120 MHz, 3996 MHz, 0 %, 0 %
2026/03/23 13:36:29.266, 5, 180.58 W, 28, 120 MHz, 3996 MHz, 0 %, 0 %
2026/03/23 13:36:29.266, 6, 178.55 W, 26, 120 MHz, 3996 MHz, 0 %, 0 %
2026/03/23 13:36:29.266, 7, 176.58 W, 27, 120 MHz, 3996 MHz, 0 %, 0 %
2026/03/23 13:36:30.266, 0, 601.57 W, 37, 2032 MHz, 3996 MHz, 100 %, 23 %
2026/03/23 13:36:30.266, 1, 605.07 W, 40, 2032 MHz, 3996 MHz, 100 %, 53 %
2026/03/23 13:36:30.266, 2, 557.67 W, 37, 2032 MHz, 3996 MHz, 100 %, 53 %
2026/03/23 13:36:30.266, 3, 618.84 W, 41, 2032 MHz, 3996 MHz, 100 %, 53 %
2026/03/23 13:36:30.266, 4, 179.13 W, 25, 120 MHz, 3996 MHz, 0 %, 0 %
2026/03/23 13:36:30.266, 5, 180.58 W, 28, 120 MHz, 3996 MHz, 0 %, 0 %
2026/03/23 13:36:30.266, 6, 178.48 W, 26, 120 MHz, 3996 MHz, 0 %, 0 %
2026/03/23 13:36:30.266, 7, 176.58 W, 27, 120 MHz, 3996 MHz, 0 %, 0 %
2026/03/23 13:36:31.266, 0, 619.12 W, 38, 2032 MHz, 3996 MHz, 100 %, 54 %
2026/03/23 13:36:31.266, 1, 626.68 W, 40, 2032 MHz, 3996 MHz, 100 %, 54 %
2026/03/23 13:36:31.266, 2, 600.06 W, 37, 2032 MHz, 3996 MHz, 100 %, 54 %
2026/03/23 13:36:31.266, 3, 637.03 W, 41, 2032 MHz, 3996 MHz, 100 %, 54 %
2026/03/23 13:36:31.267, 4, 179.52 W, 25, 120 MHz, 3996 MHz, 0 %, 0 %
2026/03/23 13:36:31.267, 5, 180.58 W, 28, 120 MHz, 3996 MHz, 0 %, 0 %
2026/03/23 13:36:31.267, 6, 178.55 W, 26, 120 MHz, 3996 MHz, 0 %, 0 %
2026/03/23 13:36:31.267, 7, 176.58 W, 27, 120 MHz, 3996 MHz, 0 %, 0 %
2026/03/23 13:36:32.267, 0, 578.01 W, 37, 2032 MHz, 3996 MHz, 97 %, 35 %
2026/03/23 13:36:32.267, 1, 593.03 W, 39, 2032 MHz, 3996 MHz, 99 %, 19 %
2026/03/23 13:36:32.267, 2, 529.88 W, 36, 2032 MHz, 3996 MHz, 49 %, 26 %
2026/03/23 13:36:32.267, 3, 588.92 W, 40, 2032 MHz, 3996 MHz, 97 %, 29 %
2026/03/23 13:36:32.267, 4, 179.18 W, 25, 120 MHz, 3996 MHz, 0 %, 0 %
2026/03/23 13:36:32.267, 5, 180.58 W, 28, 120 MHz, 3996 MHz, 0 %, 0 %
2026/03/23 13:36:32.267, 6, 178.40 W, 26, 120 MHz, 3996 MHz, 0 %, 0 %
2026/03/23 13:36:32.267, 7, 176.58 W, 27, 120 MHz, 3996 MHz, 0 %, 0 %
2026/03/23 13:36:33.267, 0, 626.01 W, 38, 2032 MHz, 3996 MHz, 100 %, 17 %
2026/03/23 13:36:33.267, 1, 622.70 W, 40, 2032 MHz, 3996 MHz, 100 %, 48 %
2026/03/23 13:36:33.267, 2, 596.18 W, 36, 2032 MHz, 3996 MHz, 100 %, 54 %
2026/03/23 13:36:33.267, 3, 632.40 W, 41, 2032 MHz, 3996 MHz, 97 %, 49 %
2026/03/23 13:36:33.267, 4, 178.96 W, 25, 120 MHz, 3996 MHz, 0 %, 0 %
2026/03/23 13:36:33.267, 5, 180.58 W, 28, 120 MHz, 3996 MHz, 0 %, 0 %
2026/03/23 13:36:33.267, 6, 178.20 W, 26, 120 MHz, 3996 MHz, 0 %, 0 %
2026/03/23 13:36:33.267, 7, 176.58 W, 27, 120 MHz, 3996 MHz, 0 %, 0 %
2026/03/23 13:36:34.267, 0, 628.74 W, 38, 2032 MHz, 3996 MHz, 99 %, 18 %
2026/03/23 13:36:34.267, 1, 633.50 W, 40, 2032 MHz, 3996 MHz, 100 %, 51 %
2026/03/23 13:36:34.267, 2, 607.39 W, 37, 2032 MHz, 3996 MHz, 100 %, 53 %
2026/03/23 13:36:34.267, 3, 648.43 W, 41, 2032 MHz, 3996 MHz, 100 %, 54 %
2026/03/23 13:36:34.267, 4, 179.32 W, 25, 120 MHz, 3996 MHz, 0 %, 0 %
2026/03/23 13:36:34.267, 5, 180.58 W, 28, 120 MHz, 3996 MHz, 0 %, 0 %
2026/03/23 13:36:34.267, 6, 178.44 W, 26, 120 MHz, 3996 MHz, 0 %, 0 %
2026/03/23 13:36:34.267, 7, 176.58 W, 27, 120 MHz, 3996 MHz, 0 %, 0 %
2026/03/23 13:36:35.267, 0, 637.12 W, 38, 2032 MHz, 3996 MHz, 98 %, 15 %
2026/03/23 13:36:35.267, 1, 644.31 W, 40, 2032 MHz, 3996 MHz, 100 %, 29 %
2026/03/23 13:36:35.267, 2, 632.75 W, 37, 2032 MHz, 3996 MHz, 72 %, 38 %
2026/03/23 13:36:35.267, 3, 656.60 W, 41, 2032 MHz, 3996 MHz, 100 %, 45 %
2026/03/23 13:36:35.267, 4, 179.32 W, 25, 120 MHz, 3996 MHz, 0 %, 0 %
2026/03/23 13:36:35.267, 5, 180.58 W, 28, 120 MHz, 3996 MHz, 0 %, 0 %
2026/03/23 13:36:35.267, 6, 178.52 W, 26, 120 MHz, 3996 MHz, 0 %, 0 %
2026/03/23 13:36:35.267, 7, 176.58 W, 27, 120 MHz, 3996 MHz, 0 %, 0 %
2026/03/23 13:36:36.267, 0, 630.88 W, 38, 2032 MHz, 3996 MHz, 100 %, 32 %
2026/03/23 13:36:36.267, 1, 625.80 W, 40, 2032 MHz, 3996 MHz, 100 %, 54 %
2026/03/23 13:36:36.267, 2, 602.54 W, 37, 2032 MHz, 3996 MHz, 100 %, 54 %
2026/03/23 13:36:36.267, 3, 639.61 W, 41, 2032 MHz, 3996 MHz, 100 %, 54 %
2026/03/23 13:36:36.267, 4, 179.22 W, 25, 120 MHz, 3996 MHz, 0 %, 0 %
2026/03/23 13:36:36.267, 5, 180.58 W, 28, 120 MHz, 3996 MHz, 0 %, 0 %
2026/03/23 13:36:36.267, 6, 178.60 W, 26, 120 MHz, 3996 MHz, 0 %, 0 %
2026/03/23 13:36:36.267, 7, 176.58 W, 27, 120 MHz, 3996 MHz, 0 %, 0 %
2026/03/23 13:36:37.267, 0, 658.67 W, 38, 2032 MHz, 3996 MHz, 100 %, 54 %
2026/03/23 13:36:37.267, 1, 665.03 W, 41, 2032 MHz, 3996 MHz, 100 %, 54 %
2026/03/23 13:36:37.267, 2, 668.87 W, 38, 2032 MHz, 3996 MHz, 100 %, 53 %
2026/03/23 13:36:37.267, 3, 679.15 W, 42, 2032 MHz, 3996 MHz, 100 %, 53 %
2026/03/23 13:36:37.267, 4, 179.36 W, 25, 120 MHz, 3996 MHz, 0 %, 0 %
2026/03/23 13:36:37.267, 5, 180.58 W, 28, 120 MHz, 3996 MHz, 0 %, 0 %
2026/03/23 13:36:37.267, 6, 178.63 W, 26, 120 MHz, 3996 MHz, 0 %, 0 %
2026/03/23 13:36:37.267, 7, 176.58 W, 27, 120 MHz, 3996 MHz, 0 %, 0 %
2026/03/23 13:36:38.267, 0, 660.60 W, 38, 2032 MHz, 3996 MHz, 100 %, 54 %
2026/03/23 13:36:38.267, 1, 666.55 W, 41, 2032 MHz, 3996 MHz, 100 %, 54 %
2026/03/23 13:36:38.267, 2, 670.22 W, 38, 2032 MHz, 3996 MHz, 100 %, 54 %
2026/03/23 13:36:38.267, 3, 681.07 W, 42, 2032 MHz, 3996 MHz, 100 %, 54 %
2026/03/23 13:36:38.267, 4, 179.25 W, 25, 120 MHz, 3996 MHz, 0 %, 0 %
2026/03/23 13:36:38.267, 5, 180.58 W, 28, 120 MHz, 3996 MHz, 0 %, 0 %
2026/03/23 13:36:38.267, 6, 178.41 W, 26, 120 MHz, 3996 MHz, 0 %, 0 %
2026/03/23 13:36:38.268, 7, 176.58 W, 27, 120 MHz, 3996 MHz, 0 %, 0 %
2026/03/23 13:36:39.268, 0, 661.09 W, 38, 2032 MHz, 3996 MHz, 100 %, 54 %
2026/03/23 13:36:39.268, 1, 668.55 W, 41, 2032 MHz, 3996 MHz, 100 %, 54 %
2026/03/23 13:36:39.268, 2, 671.22 W, 38, 2032 MHz, 3996 MHz, 100 %, 54 %
2026/03/23 13:36:39.268, 3, 681.79 W, 42, 2032 MHz, 3996 MHz, 100 %, 54 %
2026/03/23 13:36:39.268, 4, 179.34 W, 25, 120 MHz, 3996 MHz, 0 %, 0 %
2026/03/23 13:36:39.268, 5, 180.58 W, 28, 120 MHz, 3996 MHz, 0 %, 0 %
2026/03/23 13:36:39.268, 6, 178.53 W, 26, 120 MHz, 3996 MHz, 0 %, 0 %
2026/03/23 13:36:39.268, 7, 176.58 W, 27, 120 MHz, 3996 MHz, 0 %, 0 %
2026/03/23 13:36:40.268, 0, 662.66 W, 38, 2032 MHz, 3996 MHz, 100 %, 54 %
2026/03/23 13:36:40.268, 1, 670.77 W, 41, 2032 MHz, 3996 MHz, 100 %, 54 %
2026/03/23 13:36:40.268, 2, 672.98 W, 38, 2032 MHz, 3996 MHz, 100 %, 54 %
2026/03/23 13:36:40.268, 3, 683.44 W, 42, 2032 MHz, 3996 MHz, 100 %, 54 %
2026/03/23 13:36:40.268, 4, 179.32 W, 25, 120 MHz, 3996 MHz, 0 %, 0 %
2026/03/23 13:36:40.268, 5, 180.58 W, 28, 120 MHz, 3996 MHz, 0 %, 0 %
2026/03/23 13:36:40.268, 6, 178.48 W, 26, 120 MHz, 3996 MHz, 0 %, 0 %
2026/03/23 13:36:40.268, 7, 176.58 W, 27, 120 MHz, 3996 MHz, 0 %, 0 %
2026/03/23 13:36:41.268, 0, 662.02 W, 38, 2032 MHz, 3996 MHz, 100 %, 54 %
2026/03/23 13:36:41.268, 1, 670.13 W, 41, 2032 MHz, 3996 MHz, 100 %, 54 %
2026/03/23 13:36:41.268, 2, 673.09 W, 38, 2032 MHz, 3996 MHz, 100 %, 54 %
2026/03/23 13:36:41.268, 3, 683.33 W, 42, 2032 MHz, 3996 MHz, 100 %, 54 %
2026/03/23 13:36:41.268, 4, 179.36 W, 25, 120 MHz, 3996 MHz, 0 %, 0 %
2026/03/23 13:36:41.268, 5, 180.58 W, 28, 120 MHz, 3996 MHz, 0 %, 0 %
2026/03/23 13:36:41.268, 6, 178.60 W, 26, 120 MHz, 3996 MHz, 0 %, 0 %
2026/03/23 13:36:41.268, 7, 176.58 W, 27, 120 MHz, 3996 MHz, 0 %, 0 %
2026/03/23 13:36:42.268, 0, 650.81 W, 38, 2032 MHz, 3996 MHz, 98 %, 52 %
2026/03/23 13:36:42.268, 1, 663.63 W, 41, 2032 MHz, 3996 MHz, 96 %, 50 %
2026/03/23 13:36:42.268, 2, 661.71 W, 37, 2032 MHz, 3996 MHz, 79 %, 42 %
2026/03/23 13:36:42.268, 3, 667.70 W, 42, 2032 MHz, 3996 MHz, 96 %, 32 %
2026/03/23 13:36:42.268, 4, 179.21 W, 25, 120 MHz, 3996 MHz, 0 %, 0 %
2026/03/23 13:36:42.268, 5, 180.58 W, 28, 120 MHz, 3996 MHz, 0 %, 0 %
2026/03/23 13:36:42.268, 6, 178.52 W, 26, 120 MHz, 3996 MHz, 0 %, 0 %
2026/03/23 13:36:42.268, 7, 176.58 W, 27, 120 MHz, 3996 MHz, 0 %, 0 %
2026/03/23 13:36:43.268, 0, 615.08 W, 38, 2032 MHz, 3996 MHz, 97 %, 31 %
2026/03/23 13:36:43.268, 1, 625.65 W, 41, 2032 MHz, 3996 MHz, 97 %, 29 %
2026/03/23 13:36:43.268, 2, 589.54 W, 37, 2032 MHz, 3996 MHz, 44 %, 22 %
2026/03/23 13:36:43.268, 3, 637.91 W, 41, 2032 MHz, 3996 MHz, 99 %, 17 %
2026/03/23 13:36:43.268, 4, 178.84 W, 25, 120 MHz, 3996 MHz, 0 %, 0 %
2026/03/23 13:36:43.268, 5, 180.58 W, 28, 120 MHz, 3996 MHz, 0 %, 0 %
2026/03/23 13:36:43.268, 6, 178.57 W, 26, 120 MHz, 3996 MHz, 0 %, 0 %
2026/03/23 13:36:43.268, 7, 176.58 W, 27, 120 MHz, 3996 MHz, 0 %, 0 %
2026/03/23 13:36:44.268, 0, 641.43 W, 38, 2032 MHz, 3996 MHz, 100 %, 41 %
2026/03/23 13:36:44.268, 1, 645.49 W, 41, 2032 MHz, 3996 MHz, 100 %, 42 %
2026/03/23 13:36:44.268, 2, 628.36 W, 38, 2032 MHz, 3996 MHz, 92 %, 50 %
2026/03/23 13:36:44.268, 3, 654.53 W, 42, 2032 MHz, 3996 MHz, 100 %, 54 %
2026/03/23 13:36:44.268, 4, 179.21 W, 25, 120 MHz, 3996 MHz, 0 %, 0 %
2026/03/23 13:36:44.268, 5, 180.58 W, 28, 120 MHz, 3996 MHz, 0 %, 0 %
2026/03/23 13:36:44.268, 6, 178.56 W, 26, 120 MHz, 3996 MHz, 0 %, 0 %
2026/03/23 13:36:44.268, 7, 176.58 W, 27, 120 MHz, 3996 MHz, 0 %, 0 %
2026/03/23 13:36:45.268, 0, 641.68 W, 38, 2032 MHz, 3996 MHz, 100 %, 50 %
2026/03/23 13:36:45.268, 1, 650.40 W, 41, 2032 MHz, 3996 MHz, 100 %, 52 %
2026/03/23 13:36:45.268, 2, 635.36 W, 38, 2032 MHz, 3996 MHz, 100 %, 54 %
2026/03/23 13:36:45.268, 3, 661.99 W, 42, 2032 MHz, 3996 MHz, 100 %, 54 %
2026/03/23 13:36:45.268, 4, 179.02 W, 25, 120 MHz, 3996 MHz, 0 %, 0 %
2026/03/23 13:36:45.268, 5, 180.58 W, 28, 120 MHz, 3996 MHz, 0 %, 0 %
2026/03/23 13:36:45.268, 6, 178.52 W, 26, 120 MHz, 3996 MHz, 0 %, 0 %
2026/03/23 13:36:45.269, 7, 176.58 W, 27, 120 MHz, 3996 MHz, 0 %, 0 %
2026/03/23 13:36:46.269, 0, 604.28 W, 38, 2032 MHz, 3996 MHz, 97 %, 29 %
2026/03/23 13:36:46.269, 1, 613.99 W, 41, 2032 MHz, 3996 MHz, 97 %, 27 %
2026/03/23 13:36:46.269, 2, 575.77 W, 37, 2032 MHz, 3996 MHz, 41 %, 20 %
2026/03/23 13:36:46.269, 3, 605.15 W, 42, 2032 MHz, 3996 MHz, 99 %, 17 %
2026/03/23 13:36:46.269, 4, 179.15 W, 25, 120 MHz, 3996 MHz, 0 %, 0 %
2026/03/23 13:36:46.269, 5, 180.58 W, 28, 120 MHz, 3996 MHz, 0 %, 0 %
2026/03/23 13:36:46.269, 6, 178.49 W, 26, 120 MHz, 3996 MHz, 0 %, 0 %
2026/03/23 13:36:46.269, 7, 176.58 W, 27, 120 MHz, 3996 MHz, 0 %, 0 %
2026/03/23 13:36:47.269, 0, 593.28 W, 38, 2032 MHz, 3996 MHz, 100 %, 52 %
2026/03/23 13:36:47.269, 1, 599.46 W, 41, 2032 MHz, 3996 MHz, 100 %, 52 %
2026/03/23 13:36:47.269, 2, 554.35 W, 38, 2032 MHz, 3996 MHz, 100 %, 52 %
2026/03/23 13:36:47.269, 3, 616.43 W, 42, 2032 MHz, 3996 MHz, 100 %, 52 %
2026/03/23 13:36:47.269, 4, 179.30 W, 25, 120 MHz, 3996 MHz, 0 %, 0 %
2026/03/23 13:36:47.269, 5, 180.58 W, 28, 120 MHz, 3996 MHz, 0 %, 0 %
2026/03/23 13:36:47.269, 6, 178.59 W, 26, 120 MHz, 3996 MHz, 0 %, 0 %
2026/03/23 13:36:47.269, 7, 176.58 W, 27, 120 MHz, 3996 MHz, 0 %, 0 %
2026/03/23 13:36:48.269, 0, 630.41 W, 38, 2032 MHz, 3996 MHz, 100 %, 52 %
2026/03/23 13:36:48.269, 1, 640.76 W, 41, 2032 MHz, 3996 MHz, 100 %, 52 %
2026/03/23 13:36:48.269, 2, 627.05 W, 38, 2032 MHz, 3996 MHz, 100 %, 52 %
2026/03/23 13:36:48.269, 3, 649.08 W, 42, 2032 MHz, 3996 MHz, 100 %, 52 %
2026/03/23 13:36:48.269, 4, 179.36 W, 25, 120 MHz, 3996 MHz, 0 %, 0 %
2026/03/23 13:36:48.269, 5, 180.62 W, 28, 120 MHz, 3996 MHz, 0 %, 0 %
2026/03/23 13:36:48.269, 6, 178.49 W, 26, 120 MHz, 3996 MHz, 0 %, 0 %
2026/03/23 13:36:48.269, 7, 176.58 W, 27, 120 MHz, 3996 MHz, 0 %, 0 %
2026/03/23 13:36:49.269, 0, 627.35 W, 38, 2032 MHz, 3996 MHz, 100 %, 52 %
2026/03/23 13:36:49.269, 1, 637.27 W, 41, 2032 MHz, 3996 MHz, 100 %, 51 %
2026/03/23 13:36:49.269, 2, 621.96 W, 38, 2032 MHz, 3996 MHz, 100 %, 52 %
2026/03/23 13:36:49.269, 3, 650.29 W, 42, 2032 MHz, 3996 MHz, 100 %, 52 %
2026/03/23 13:36:49.269, 4, 179.09 W, 25, 120 MHz, 3996 MHz, 0 %, 0 %
2026/03/23 13:36:49.269, 5, 180.58 W, 28, 120 MHz, 3996 MHz, 0 %, 0 %
2026/03/23 13:36:49.269, 6, 178.49 W, 26, 120 MHz, 3996 MHz, 0 %, 0 %
2026/03/23 13:36:49.269, 7, 176.58 W, 27, 120 MHz, 3996 MHz, 0 %, 0 %
2026/03/23 13:36:50.269, 0, 621.87 W, 38, 2032 MHz, 3996 MHz, 100 %, 52 %
2026/03/23 13:36:50.269, 1, 632.08 W, 41, 2032 MHz, 3996 MHz, 100 %, 52 %
2026/03/23 13:36:50.269, 2, 609.97 W, 37, 2032 MHz, 3996 MHz, 100 %, 52 %
2026/03/23 13:36:50.269, 3, 633.85 W, 42, 2032 MHz, 3996 MHz, 98 %, 42 %
2026/03/23 13:36:50.269, 4, 179.11 W, 25, 120 MHz, 3996 MHz, 0 %, 0 %
2026/03/23 13:36:50.269, 5, 180.58 W, 28, 120 MHz, 3996 MHz, 0 %, 0 %
2026/03/23 13:36:50.269, 6, 178.64 W, 26, 120 MHz, 3996 MHz, 0 %, 0 %
2026/03/23 13:36:50.269, 7, 176.58 W, 27, 120 MHz, 3996 MHz, 0 %, 0 %
2026/03/23 13:36:51.269, 0, 617.70 W, 38, 2032 MHz, 3996 MHz, 100 %, 52 %
2026/03/23 13:36:51.269, 1, 625.83 W, 41, 2032 MHz, 3996 MHz, 100 %, 52 %
2026/03/23 13:36:51.269, 2, 605.88 W, 38, 2032 MHz, 3996 MHz, 100 %, 52 %
2026/03/23 13:36:51.269, 3, 646.01 W, 42, 2032 MHz, 3996 MHz, 100 %, 52 %
2026/03/23 13:36:51.269, 4, 179.21 W, 25, 120 MHz, 3996 MHz, 0 %, 0 %
2026/03/23 13:36:51.269, 5, 180.58 W, 28, 120 MHz, 3996 MHz, 0 %, 0 %
2026/03/23 13:36:51.269, 6, 178.49 W, 26, 120 MHz, 3996 MHz, 0 %, 0 %
2026/03/23 13:36:51.269, 7, 176.58 W, 27, 120 MHz, 3996 MHz, 0 %, 0 %
2026/03/23 13:36:52.269, 0, 652.95 W, 39, 2032 MHz, 3996 MHz, 100 %, 52 %
2026/03/23 13:36:52.269, 1, 658.95 W, 41, 2032 MHz, 3996 MHz, 100 %, 52 %
2026/03/23 13:36:52.269, 2, 661.72 W, 38, 2032 MHz, 3996 MHz, 100 %, 52 %
2026/03/23 13:36:52.269, 3, 672.16 W, 43, 2032 MHz, 3996 MHz, 100 %, 52 %
2026/03/23 13:36:52.269, 4, 179.18 W, 25, 120 MHz, 3996 MHz, 0 %, 0 %
2026/03/23 13:36:52.269, 5, 180.58 W, 28, 120 MHz, 3996 MHz, 0 %, 0 %
2026/03/23 13:36:52.269, 6, 178.60 W, 26, 120 MHz, 3996 MHz, 0 %, 0 %
2026/03/23 13:36:52.269, 7, 176.58 W, 27, 120 MHz, 3996 MHz, 0 %, 0 %
2026/03/23 13:36:53.270, 0, 653.20 W, 39, 2032 MHz, 3996 MHz, 100 %, 52 %
2026/03/23 13:36:53.270, 1, 659.05 W, 41, 2032 MHz, 3996 MHz, 100 %, 52 %
2026/03/23 13:36:53.270, 2, 662.79 W, 38, 2032 MHz, 3996 MHz, 100 %, 52 %
2026/03/23 13:36:53.270, 3, 672.78 W, 43, 2032 MHz, 3996 MHz, 100 %, 52 %
2026/03/23 13:36:53.270, 4, 179.11 W, 25, 120 MHz, 3996 MHz, 0 %, 0 %
2026/03/23 13:36:53.270, 5, 180.58 W, 28, 120 MHz, 3996 MHz, 0 %, 0 %
2026/03/23 13:36:53.270, 6, 178.60 W, 26, 120 MHz, 3996 MHz, 0 %, 0 %
2026/03/23 13:36:53.270, 7, 176.58 W, 27, 120 MHz, 3996 MHz, 0 %, 0 %
2026/03/23 13:36:54.270, 0, 652.00 W, 39, 2032 MHz, 3996 MHz, 100 %, 52 %
2026/03/23 13:36:54.270, 1, 659.77 W, 42, 2032 MHz, 3996 MHz, 100 %, 52 %
2026/03/23 13:36:54.270, 2, 662.76 W, 39, 2032 MHz, 3996 MHz, 100 %, 52 %
2026/03/23 13:36:54.270, 3, 673.43 W, 43, 2032 MHz, 3996 MHz, 100 %, 52 %
2026/03/23 13:36:54.270, 4, 179.31 W, 25, 120 MHz, 3996 MHz, 0 %, 0 %
2026/03/23 13:36:54.270, 5, 180.58 W, 28, 120 MHz, 3996 MHz, 0 %, 0 %
2026/03/23 13:36:54.270, 6, 178.33 W, 26, 120 MHz, 3996 MHz, 0 %, 0 %
2026/03/23 13:36:54.270, 7, 176.58 W, 27, 120 MHz, 3996 MHz, 0 %, 0 %
2026/03/23 13:36:55.270, 0, 654.62 W, 39, 2032 MHz, 3996 MHz, 100 %, 52 %
2026/03/23 13:36:55.270, 1, 662.73 W, 42, 2032 MHz, 3996 MHz, 100 %, 52 %
2026/03/23 13:36:55.270, 2, 664.92 W, 39, 2032 MHz, 3996 MHz, 100 %, 52 %
2026/03/23 13:36:55.270, 3, 675.39 W, 43, 2032 MHz, 3996 MHz, 100 %, 53 %
2026/03/23 13:36:55.270, 4, 178.98 W, 25, 120 MHz, 3996 MHz, 0 %, 0 %
2026/03/23 13:36:55.270, 5, 180.58 W, 28, 120 MHz, 3996 MHz, 0 %, 0 %
2026/03/23 13:36:55.270, 6, 178.60 W, 26, 120 MHz, 3996 MHz, 0 %, 0 %
2026/03/23 13:36:55.270, 7, 176.58 W, 27, 120 MHz, 3996 MHz, 0 %, 0 %
2026/03/23 13:36:56.270, 0, 631.41 W, 38, 2032 MHz, 3996 MHz, 100 %, 53 %
2026/03/23 13:36:56.270, 1, 645.11 W, 42, 2032 MHz, 3996 MHz, 100 %, 53 %
2026/03/23 13:36:56.270, 2, 628.72 W, 39, 2032 MHz, 3996 MHz, 100 %, 53 %
2026/03/23 13:36:56.270, 3, 645.45 W, 42, 2032 MHz, 3996 MHz, 100 %, 53 %
2026/03/23 13:36:56.270, 4, 179.26 W, 25, 120 MHz, 3996 MHz, 0 %, 0 %
2026/03/23 13:36:56.270, 5, 180.58 W, 28, 120 MHz, 3996 MHz, 0 %, 0 %
2026/03/23 13:36:56.270, 6, 178.56 W, 26, 120 MHz, 3996 MHz, 0 %, 0 %
2026/03/23 13:36:56.270, 7, 176.58 W, 27, 120 MHz, 3996 MHz, 0 %, 0 %
2026/03/23 13:36:57.270, 0, 642.09 W, 39, 2032 MHz, 3996 MHz, 100 %, 53 %
2026/03/23 13:36:57.270, 1, 645.28 W, 42, 2032 MHz, 3996 MHz, 100 %, 53 %
2026/03/23 13:36:57.270, 2, 632.19 W, 39, 2032 MHz, 3996 MHz, 100 %, 53 %
2026/03/23 13:36:57.270, 3, 665.97 W, 43, 2032 MHz, 3996 MHz, 100 %, 53 %
2026/03/23 13:36:57.270, 4, 179.18 W, 25, 120 MHz, 3996 MHz, 0 %, 0 %
2026/03/23 13:36:57.270, 5, 180.58 W, 28, 120 MHz, 3996 MHz, 0 %, 0 %
2026/03/23 13:36:57.270, 6, 178.52 W, 26, 120 MHz, 3996 MHz, 0 %, 0 %
2026/03/23 13:36:57.270, 7, 176.58 W, 27, 120 MHz, 3996 MHz, 0 %, 0 %
2026/03/23 13:36:58.270, 0, 624.92 W, 38, 2032 MHz, 3996 MHz, 98 %, 44 %
2026/03/23 13:36:58.270, 1, 639.58 W, 42, 2032 MHz, 3996 MHz, 98 %, 43 %
2026/03/23 13:36:58.270, 2, 617.34 W, 37, 2032 MHz, 3996 MHz, 68 %, 36 %
2026/03/23 13:36:58.270, 3, 640.61 W, 42, 2032 MHz, 3996 MHz, 97 %, 26 %
2026/03/23 13:36:58.270, 4, 178.97 W, 25, 120 MHz, 3996 MHz, 0 %, 0 %
2026/03/23 13:36:58.270, 5, 180.58 W, 28, 120 MHz, 3996 MHz, 0 %, 0 %
2026/03/23 13:36:58.270, 6, 178.45 W, 26, 120 MHz, 3996 MHz, 0 %, 0 %
2026/03/23 13:36:58.270, 7, 176.58 W, 27, 120 MHz, 3996 MHz, 0 %, 0 %
2026/03/23 13:36:59.271, 0, 638.34 W, 39, 2032 MHz, 3996 MHz, 100 %, 53 %
2026/03/23 13:36:59.271, 1, 632.78 W, 42, 2032 MHz, 3996 MHz, 100 %, 53 %
2026/03/23 13:36:59.271, 2, 622.26 W, 38, 2032 MHz, 3996 MHz, 100 %, 53 %
2026/03/23 13:36:59.271, 3, 655.78 W, 43, 2032 MHz, 3996 MHz, 100 %, 53 %
2026/03/23 13:36:59.271, 4, 179.50 W, 25, 120 MHz, 3996 MHz, 0 %, 0 %
2026/03/23 13:36:59.271, 5, 180.58 W, 28, 120 MHz, 3996 MHz, 0 %, 0 %
2026/03/23 13:36:59.271, 6, 178.56 W, 26, 120 MHz, 3996 MHz, 0 %, 0 %
2026/03/23 13:36:59.271, 7, 176.58 W, 27, 120 MHz, 3996 MHz, 0 %, 0 %
2026/03/23 13:37:00.271, 0, 599.82 W, 39, 2032 MHz, 3996 MHz, 100 %, 39 %
2026/03/23 13:37:00.271, 1, 610.30 W, 41, 2032 MHz, 3996 MHz, 100 %, 40 %
2026/03/23 13:37:00.271, 2, 566.83 W, 38, 2032 MHz, 3996 MHz, 88 %, 47 %
2026/03/23 13:37:00.271, 3, 619.13 W, 43, 2032 MHz, 3996 MHz, 100 %, 53 %
2026/03/23 13:37:00.271, 4, 179.23 W, 25, 120 MHz, 3996 MHz, 0 %, 0 %
2026/03/23 13:37:00.271, 5, 180.58 W, 28, 120 MHz, 3996 MHz, 0 %, 0 %
2026/03/23 13:37:00.271, 6, 178.52 W, 26, 120 MHz, 3996 MHz, 0 %, 0 %
2026/03/23 13:37:00.271, 7, 176.58 W, 27, 120 MHz, 3996 MHz, 0 %, 0 %
2026/03/23 13:37:01.271, 0, 621.58 W, 38, 2032 MHz, 3996 MHz, 98 %, 48 %
2026/03/23 13:37:01.271, 1, 638.75 W, 42, 2032 MHz, 3996 MHz, 98 %, 46 %
2026/03/23 13:37:01.271, 2, 617.18 W, 38, 2032 MHz, 3996 MHz, 74 %, 39 %
2026/03/23 13:37:01.271, 3, 631.89 W, 42, 2032 MHz, 3996 MHz, 98 %, 30 %
2026/03/23 13:37:01.271, 4, 178.95 W, 25, 120 MHz, 3996 MHz, 0 %, 0 %
2026/03/23 13:37:01.271, 5, 180.58 W, 28, 120 MHz, 3996 MHz, 0 %, 0 %
2026/03/23 13:37:01.271, 6, 178.52 W, 26, 120 MHz, 3996 MHz, 0 %, 0 %
2026/03/23 13:37:01.271, 7, 176.58 W, 27, 120 MHz, 3996 MHz, 0 %, 0 %
2026/03/23 13:37:02.271, 0, 617.28 W, 39, 2032 MHz, 3996 MHz, 100 %, 54 %
2026/03/23 13:37:02.271, 1, 615.44 W, 42, 2032 MHz, 3996 MHz, 100 %, 54 %
2026/03/23 13:37:02.271, 2, 591.92 W, 39, 2032 MHz, 3996 MHz, 100 %, 54 %
2026/03/23 13:37:02.271, 3, 634.01 W, 43, 2032 MHz, 3996 MHz, 100 %, 54 %
2026/03/23 13:37:02.271, 4, 179.06 W, 25, 120 MHz, 3996 MHz, 0 %, 0 %
2026/03/23 13:37:02.271, 5, 180.58 W, 28, 120 MHz, 3996 MHz, 0 %, 0 %
2026/03/23 13:37:02.271, 6, 178.41 W, 26, 120 MHz, 3996 MHz, 0 %, 0 %
2026/03/23 13:37:02.271, 7, 176.58 W, 27, 120 MHz, 3996 MHz, 0 %, 0 %
2026/03/23 13:37:03.271, 0, 625.37 W, 39, 2032 MHz, 3996 MHz, 100 %, 53 %
2026/03/23 13:37:03.271, 1, 634.83 W, 42, 2032 MHz, 3996 MHz, 100 %, 53 %
2026/03/23 13:37:03.271, 2, 605.41 W, 38, 2032 MHz, 3996 MHz, 100 %, 54 %
2026/03/23 13:37:03.271, 3, 641.19 W, 43, 2032 MHz, 3996 MHz, 100 %, 53 %
2026/03/23 13:37:03.271, 4, 179.22 W, 25, 120 MHz, 3996 MHz, 0 %, 0 %
2026/03/23 13:37:03.271, 5, 180.58 W, 28, 120 MHz, 3996 MHz, 0 %, 0 %
2026/03/23 13:37:03.271, 6, 178.49 W, 26, 120 MHz, 3996 MHz, 0 %, 0 %
2026/03/23 13:37:03.271, 7, 176.58 W, 27, 120 MHz, 3996 MHz, 0 %, 0 %
2026/03/23 13:37:04.271, 0, 645.56 W, 39, 2032 MHz, 3996 MHz, 100 %, 54 %
2026/03/23 13:37:04.271, 1, 645.82 W, 42, 2032 MHz, 3996 MHz, 100 %, 54 %
2026/03/23 13:37:04.271, 2, 635.10 W, 39, 2032 MHz, 3996 MHz, 100 %, 54 %
2026/03/23 13:37:04.271, 3, 660.84 W, 43, 2032 MHz, 3996 MHz, 100 %, 54 %
2026/03/23 13:37:04.271, 4, 179.44 W, 25, 120 MHz, 3996 MHz, 0 %, 0 %
2026/03/23 13:37:04.271, 5, 180.58 W, 28, 120 MHz, 3996 MHz, 0 %, 0 %
2026/03/23 13:37:04.271, 6, 178.52 W, 26, 120 MHz, 3996 MHz, 0 %, 0 %
2026/03/23 13:37:04.271, 7, 176.58 W, 27, 120 MHz, 3996 MHz, 0 %, 0 %
2026/03/23 13:37:05.271, 0, 663.41 W, 39, 2032 MHz, 3996 MHz, 100 %, 54 %
2026/03/23 13:37:05.271, 1, 670.78 W, 42, 2032 MHz, 3996 MHz, 100 %, 54 %
2026/03/23 13:37:05.271, 2, 673.55 W, 39, 2032 MHz, 3996 MHz, 100 %, 54 %
2026/03/23 13:37:05.271, 3, 685.64 W, 43, 2032 MHz, 3996 MHz, 100 %, 54 %
2026/03/23 13:37:05.272, 4, 179.17 W, 25, 120 MHz, 3996 MHz, 0 %, 0 %
2026/03/23 13:37:05.272, 5, 180.58 W, 28, 120 MHz, 3996 MHz, 0 %, 0 %
2026/03/23 13:37:05.272, 6, 178.56 W, 26, 120 MHz, 3996 MHz, 0 %, 0 %
2026/03/23 13:37:05.272, 7, 176.58 W, 27, 120 MHz, 3996 MHz, 0 %, 0 %
2026/03/23 13:37:06.272, 0, 665.36 W, 39, 2032 MHz, 3996 MHz, 100 %, 54 %
2026/03/23 13:37:06.272, 1, 673.13 W, 42, 2032 MHz, 3996 MHz, 100 %, 54 %
2026/03/23 13:37:06.272, 2, 675.99 W, 39, 2032 MHz, 3996 MHz, 100 %, 54 %
2026/03/23 13:37:06.272, 3, 687.38 W, 43, 2032 MHz, 3996 MHz, 100 %, 54 %
2026/03/23 13:37:06.272, 4, 179.41 W, 25, 120 MHz, 3996 MHz, 0 %, 0 %
2026/03/23 13:37:06.272, 5, 180.58 W, 28, 120 MHz, 3996 MHz, 0 %, 0 %
2026/03/23 13:37:06.272, 6, 178.29 W, 26, 120 MHz, 3996 MHz, 0 %, 0 %
2026/03/23 13:37:06.272, 7, 176.58 W, 27, 120 MHz, 3996 MHz, 0 %, 0 %
2026/03/23 13:37:07.272, 0, 665.07 W, 39, 2032 MHz, 3996 MHz, 100 %, 54 %
2026/03/23 13:37:07.272, 1, 673.18 W, 42, 2032 MHz, 3996 MHz, 100 %, 54 %
2026/03/23 13:37:07.272, 2, 676.56 W, 39, 2032 MHz, 3996 MHz, 100 %, 54 %
2026/03/23 13:37:07.272, 3, 687.15 W, 44, 2032 MHz, 3996 MHz, 100 %, 54 %
2026/03/23 13:37:07.272, 4, 179.23 W, 25, 120 MHz, 3996 MHz, 0 %, 0 %
2026/03/23 13:37:07.272, 5, 180.58 W, 28, 120 MHz, 3996 MHz, 0 %, 0 %
2026/03/23 13:37:07.272, 6, 178.44 W, 26, 120 MHz, 3996 MHz, 0 %, 0 %
2026/03/23 13:37:07.272, 7, 176.58 W, 27, 120 MHz, 3996 MHz, 0 %, 0 %
2026/03/23 13:37:08.272, 0, 665.77 W, 39, 2032 MHz, 3996 MHz, 100 %, 54 %
2026/03/23 13:37:08.272, 1, 673.39 W, 42, 2032 MHz, 3996 MHz, 100 %, 54 %
2026/03/23 13:37:08.272, 2, 675.91 W, 39, 2032 MHz, 3996 MHz, 100 %, 54 %
2026/03/23 13:37:08.272, 3, 686.89 W, 44, 2032 MHz, 3996 MHz, 100 %, 54 %
2026/03/23 13:37:08.272, 4, 179.08 W, 25, 120 MHz, 3996 MHz, 0 %, 0 %
2026/03/23 13:37:08.272, 5, 180.58 W, 28, 120 MHz, 3996 MHz, 0 %, 0 %
2026/03/23 13:37:08.272, 6, 178.56 W, 26, 120 MHz, 3996 MHz, 0 %, 0 %
2026/03/23 13:37:08.272, 7, 176.58 W, 27, 120 MHz, 3996 MHz, 0 %, 0 %
2026/03/23 13:37:09.272, 0, 666.82 W, 39, 2032 MHz, 3996 MHz, 100 %, 54 %
2026/03/23 13:37:09.272, 1, 675.37 W, 42, 2032 MHz, 3996 MHz, 100 %, 54 %
2026/03/23 13:37:09.272, 2, 678.26 W, 39, 2032 MHz, 3996 MHz, 100 %, 54 %
2026/03/23 13:37:09.272, 3, 688.96 W, 44, 2032 MHz, 3996 MHz, 100 %, 54 %
2026/03/23 13:37:09.272, 4, 179.37 W, 25, 120 MHz, 3996 MHz, 0 %, 0 %
2026/03/23 13:37:09.272, 5, 180.58 W, 28, 120 MHz, 3996 MHz, 0 %, 0 %
2026/03/23 13:37:09.272, 6, 178.30 W, 26, 120 MHz, 3996 MHz, 0 %, 0 %
2026/03/23 13:37:09.272, 7, 176.58 W, 27, 120 MHz, 3996 MHz, 0 %, 0 %
2026/03/23 13:37:10.272, 0, 667.05 W, 39, 2032 MHz, 3996 MHz, 100 %, 54 %
2026/03/23 13:37:10.272, 1, 675.05 W, 42, 2032 MHz, 3996 MHz, 100 %, 54 %
2026/03/23 13:37:10.272, 2, 679.62 W, 39, 2032 MHz, 3996 MHz, 100 %, 54 %
2026/03/23 13:37:10.272, 3, 688.61 W, 44, 2032 MHz, 3996 MHz, 100 %, 54 %
2026/03/23 13:37:10.272, 4, 179.31 W, 25, 120 MHz, 3996 MHz, 0 %, 0 %
2026/03/23 13:37:10.272, 5, 180.58 W, 28, 120 MHz, 3996 MHz, 0 %, 0 %
2026/03/23 13:37:10.272, 6, 178.57 W, 26, 120 MHz, 3996 MHz, 0 %, 0 %
2026/03/23 13:37:10.272, 7, 176.58 W, 27, 120 MHz, 3996 MHz, 0 %, 0 %
2026/03/23 13:37:11.272, 0, 609.44 W, 39, 2032 MHz, 3996 MHz, 99 %, 17 %
2026/03/23 13:37:11.272, 1, 618.07 W, 42, 2032 MHz, 3996 MHz, 99 %, 17 %
2026/03/23 13:37:11.272, 2, 574.98 W, 38, 2032 MHz, 3996 MHz, 34 %, 17 %
2026/03/23 13:37:11.272, 3, 625.26 W, 43, 2032 MHz, 3996 MHz, 97 %, 30 %
2026/03/23 13:37:11.272, 4, 179.17 W, 25, 120 MHz, 3996 MHz, 0 %, 0 %
2026/03/23 13:37:11.272, 5, 180.58 W, 28, 120 MHz, 3996 MHz, 0 %, 0 %
2026/03/23 13:37:11.272, 6, 178.37 W, 26, 120 MHz, 3996 MHz, 0 %, 0 %
2026/03/23 13:37:11.272, 7, 176.58 W, 27, 120 MHz, 3996 MHz, 0 %, 0 %
2026/03/23 13:37:12.272, 0, 620.21 W, 39, 2032 MHz, 3996 MHz, 100 %, 54 %
2026/03/23 13:37:12.272, 1, 636.10 W, 42, 2032 MHz, 3996 MHz, 100 %, 54 %
2026/03/23 13:37:12.272, 2, 603.75 W, 39, 2032 MHz, 3996 MHz, 100 %, 54 %
2026/03/23 13:37:12.272, 3, 644.59 W, 44, 2032 MHz, 3996 MHz, 100 %, 54 %
2026/03/23 13:37:12.272, 4, 179.28 W, 25, 120 MHz, 3996 MHz, 0 %, 0 %
2026/03/23 13:37:12.272, 5, 180.58 W, 28, 120 MHz, 3996 MHz, 0 %, 0 %
2026/03/23 13:37:12.273, 6, 178.43 W, 26, 120 MHz, 3996 MHz, 0 %, 0 %
2026/03/23 13:37:12.273, 7, 176.58 W, 27, 120 MHz, 3996 MHz, 0 %, 0 %
2026/03/23 13:37:13.273, 0, 628.96 W, 39, 2032 MHz, 3996 MHz, 100 %, 54 %
2026/03/23 13:37:13.273, 1, 635.43 W, 42, 2032 MHz, 3996 MHz, 100 %, 54 %
2026/03/23 13:37:13.273, 2, 612.71 W, 39, 2032 MHz, 3996 MHz, 100 %, 54 %
2026/03/23 13:37:13.273, 3, 649.13 W, 44, 2032 MHz, 3996 MHz, 100 %, 54 %
2026/03/23 13:37:13.273, 4, 179.15 W, 25, 120 MHz, 3996 MHz, 0 %, 0 %
2026/03/23 13:37:13.273, 5, 180.58 W, 28, 120 MHz, 3996 MHz, 0 %, 0 %
2026/03/23 13:37:13.273, 6, 178.60 W, 26, 120 MHz, 3996 MHz, 0 %, 0 %
2026/03/23 13:37:13.273, 7, 176.58 W, 27, 120 MHz, 3996 MHz, 0 %, 0 %
2026/03/23 13:37:14.273, 0, 667.10 W, 39, 2032 MHz, 3996 MHz, 100 %, 55 %
2026/03/23 13:37:14.273, 1, 675.40 W, 42, 2032 MHz, 3996 MHz, 100 %, 55 %
2026/03/23 13:37:14.273, 2, 678.05 W, 39, 2032 MHz, 3996 MHz, 100 %, 55 %
2026/03/23 13:37:14.273, 3, 688.56 W, 44, 2032 MHz, 3996 MHz, 100 %, 54 %
2026/03/23 13:37:14.273, 4, 179.23 W, 25, 120 MHz, 3996 MHz, 0 %, 0 %
2026/03/23 13:37:14.273, 5, 180.58 W, 28, 120 MHz, 3996 MHz, 0 %, 0 %
2026/03/23 13:37:14.273, 6, 178.52 W, 26, 120 MHz, 3996 MHz, 0 %, 0 %
2026/03/23 13:37:14.273, 7, 176.58 W, 27, 120 MHz, 3996 MHz, 0 %, 0 %
2026/03/23 13:37:15.273, 0, 598.80 W, 39, 2032 MHz, 3996 MHz, 92 %, 26 %
2026/03/23 13:37:15.273, 1, 620.29 W, 42, 2032 MHz, 3996 MHz, 94 %, 24 %
2026/03/23 13:37:15.273, 2, 576.32 W, 38, 2032 MHz, 3996 MHz, 34 %, 17 %
2026/03/23 13:37:15.273, 3, 633.51 W, 43, 2032 MHz, 3996 MHz, 93 %, 39 %
2026/03/23 13:37:15.273, 4, 179.56 W, 25, 120 MHz, 3996 MHz, 0 %, 0 %
2026/03/23 13:37:15.273, 5, 180.58 W, 28, 120 MHz, 3996 MHz, 0 %, 0 %
2026/03/23 13:37:15.273, 6, 178.49 W, 26, 120 MHz, 3996 MHz, 0 %, 0 %
2026/03/23 13:37:15.273, 7, 176.58 W, 27, 120 MHz, 3996 MHz, 0 %, 0 %
2026/03/23 13:37:16.273, 0, 587.18 W, 39, 2032 MHz, 3996 MHz, 95 %, 34 %
2026/03/23 13:37:16.273, 1, 598.51 W, 42, 2032 MHz, 3996 MHz, 96 %, 34 %
2026/03/23 13:37:16.273, 2, 540.77 W, 37, 2032 MHz, 3996 MHz, 59 %, 30 %
2026/03/23 13:37:16.273, 3, 602.89 W, 43, 2032 MHz, 3996 MHz, 100 %, 31 %
2026/03/23 13:37:16.273, 4, 179.51 W, 25, 120 MHz, 3996 MHz, 0 %, 0 %
2026/03/23 13:37:16.273, 5, 180.62 W, 28, 120 MHz, 3996 MHz, 0 %, 0 %
2026/03/23 13:37:16.273, 6, 178.41 W, 26, 120 MHz, 3996 MHz, 0 %, 0 %
2026/03/23 13:37:16.273, 7, 176.58 W, 27, 120 MHz, 3996 MHz, 0 %, 0 %
2026/03/23 13:37:17.273, 0, 616.55 W, 39, 2032 MHz, 3996 MHz, 95 %, 48 %
2026/03/23 13:37:17.273, 1, 628.30 W, 42, 2032 MHz, 3996 MHz, 94 %, 46 %
2026/03/23 13:37:17.273, 2, 604.09 W, 38, 2032 MHz, 3996 MHz, 75 %, 39 %
2026/03/23 13:37:17.273, 3, 638.45 W, 44, 2032 MHz, 3996 MHz, 100 %, 53 %
2026/03/23 13:37:17.273, 4, 179.27 W, 25, 120 MHz, 3996 MHz, 0 %, 0 %
2026/03/23 13:37:17.273, 5, 180.58 W, 28, 120 MHz, 3996 MHz, 0 %, 0 %
2026/03/23 13:37:17.273, 6, 178.56 W, 26, 120 MHz, 3996 MHz, 0 %, 0 %
2026/03/23 13:37:17.273, 7, 176.58 W, 27, 120 MHz, 3996 MHz, 0 %, 0 %
2026/03/23 13:37:18.273, 0, 652.96 W, 39, 2032 MHz, 3996 MHz, 100 %, 53 %
2026/03/23 13:37:18.273, 1, 657.34 W, 42, 2032 MHz, 3996 MHz, 100 %, 53 %
2026/03/23 13:37:18.273, 2, 649.27 W, 39, 2032 MHz, 3996 MHz, 100 %, 53 %
2026/03/23 13:37:18.273, 3, 665.79 W, 44, 2032 MHz, 3996 MHz, 100 %, 53 %
2026/03/23 13:37:18.273, 4, 179.14 W, 25, 120 MHz, 3996 MHz, 0 %, 0 %
2026/03/23 13:37:18.273, 5, 180.58 W, 28, 120 MHz, 3996 MHz, 0 %, 0 %
2026/03/23 13:37:18.273, 6, 178.49 W, 26, 120 MHz, 3996 MHz, 0 %, 0 %
2026/03/23 13:37:18.273, 7, 176.58 W, 27, 120 MHz, 3996 MHz, 0 %, 0 %
2026/03/23 13:37:19.273, 0, 661.23 W, 39, 2032 MHz, 3996 MHz, 100 %, 53 %
2026/03/23 13:37:19.273, 1, 670.00 W, 42, 2032 MHz, 3996 MHz, 100 %, 53 %
2026/03/23 13:37:19.273, 2, 670.49 W, 39, 2032 MHz, 3996 MHz, 100 %, 53 %
2026/03/23 13:37:19.274, 3, 681.52 W, 44, 2032 MHz, 3996 MHz, 100 %, 53 %
2026/03/23 13:37:19.274, 4, 179.22 W, 25, 120 MHz, 3996 MHz, 0 %, 0 %
2026/03/23 13:37:19.274, 5, 180.58 W, 28, 120 MHz, 3996 MHz, 0 %, 0 %
2026/03/23 13:37:19.274, 6, 178.57 W, 26, 120 MHz, 3996 MHz, 0 %, 0 %
2026/03/23 13:37:19.274, 7, 176.58 W, 27, 120 MHz, 3996 MHz, 0 %, 0 %
2026/03/23 13:37:20.274, 0, 662.32 W, 39, 2032 MHz, 3996 MHz, 100 %, 53 %
2026/03/23 13:37:20.274, 1, 670.03 W, 43, 2032 MHz, 3996 MHz, 100 %, 53 %
2026/03/23 13:37:20.274, 2, 672.51 W, 39, 2032 MHz, 3996 MHz, 100 %, 53 %
2026/03/23 13:37:20.274, 3, 682.75 W, 44, 2032 MHz, 3996 MHz, 100 %, 53 %
2026/03/23 13:37:20.274, 4, 179.31 W, 25, 120 MHz, 3996 MHz, 0 %, 0 %
2026/03/23 13:37:20.274, 5, 180.58 W, 28, 120 MHz, 3996 MHz, 0 %, 0 %
2026/03/23 13:37:20.274, 6, 178.56 W, 26, 120 MHz, 3996 MHz, 0 %, 0 %
2026/03/23 13:37:20.274, 7, 176.58 W, 27, 120 MHz, 3996 MHz, 0 %, 0 %
2026/03/23 13:37:21.274, 0, 662.08 W, 39, 2032 MHz, 3996 MHz, 100 %, 53 %
2026/03/23 13:37:21.274, 1, 670.68 W, 43, 2032 MHz, 3996 MHz, 100 %, 53 %
2026/03/23 13:37:21.274, 2, 673.55 W, 39, 2032 MHz, 3996 MHz, 100 %, 54 %
2026/03/23 13:37:21.274, 3, 684.17 W, 44, 2032 MHz, 3996 MHz, 100 %, 54 %
2026/03/23 13:37:21.274, 4, 179.29 W, 25, 120 MHz, 3996 MHz, 0 %, 0 %
2026/03/23 13:37:21.274, 5, 180.62 W, 28, 120 MHz, 3996 MHz, 0 %, 0 %
2026/03/23 13:37:21.274, 6, 178.49 W, 26, 120 MHz, 3996 MHz, 0 %, 0 %
2026/03/23 13:37:21.274, 7, 176.58 W, 27, 120 MHz, 3996 MHz, 0 %, 0 %
2026/03/23 13:37:22.274, 0, 660.55 W, 39, 2032 MHz, 3996 MHz, 100 %, 53 %
2026/03/23 13:37:22.274, 1, 669.56 W, 43, 2032 MHz, 3996 MHz, 100 %, 53 %
2026/03/23 13:37:22.274, 2, 673.21 W, 39, 2032 MHz, 3996 MHz, 100 %, 53 %
2026/03/23 13:37:22.274, 3, 683.88 W, 44, 2032 MHz, 3996 MHz, 100 %, 53 %
2026/03/23 13:37:22.274, 4, 178.90 W, 25, 120 MHz, 3996 MHz, 0 %, 0 %
2026/03/23 13:37:22.274, 5, 180.58 W, 28, 120 MHz, 3996 MHz, 0 %, 0 %
2026/03/23 13:37:22.274, 6, 178.64 W, 26, 120 MHz, 3996 MHz, 0 %, 0 %
2026/03/23 13:37:22.274, 7, 176.58 W, 27, 120 MHz, 3996 MHz, 0 %, 0 %
2026/03/23 13:37:23.274, 0, 650.63 W, 39, 2032 MHz, 3996 MHz, 100 %, 53 %
2026/03/23 13:37:23.274, 1, 662.23 W, 42, 2032 MHz, 3996 MHz, 100 %, 53 %
2026/03/23 13:37:23.274, 2, 659.32 W, 39, 2032 MHz, 3996 MHz, 99 %, 53 %
2026/03/23 13:37:23.274, 3, 678.59 W, 44, 2032 MHz, 3996 MHz, 100 %, 53 %
2026/03/23 13:37:23.274, 4, 179.21 W, 25, 120 MHz, 3996 MHz, 0 %, 0 %
2026/03/23 13:37:23.274, 5, 180.58 W, 28, 120 MHz, 3996 MHz, 0 %, 0 %
2026/03/23 13:37:23.274, 6, 178.56 W, 26, 120 MHz, 3996 MHz, 0 %, 0 %
2026/03/23 13:37:23.274, 7, 176.58 W, 27, 120 MHz, 3996 MHz, 0 %, 0 %
2026/03/23 13:37:24.274, 0, 635.02 W, 39, 2032 MHz, 3996 MHz, 100 %, 30 %
2026/03/23 13:37:24.274, 1, 640.68 W, 43, 2032 MHz, 3996 MHz, 100 %, 31 %
2026/03/23 13:37:24.274, 2, 612.97 W, 39, 2032 MHz, 3996 MHz, 72 %, 39 %
2026/03/23 13:37:24.274, 3, 648.41 W, 43, 2032 MHz, 3996 MHz, 99 %, 18 %
2026/03/23 13:37:24.274, 4, 179.24 W, 25, 120 MHz, 3996 MHz, 0 %, 0 %
2026/03/23 13:37:24.274, 5, 180.58 W, 28, 120 MHz, 3996 MHz, 0 %, 0 %
2026/03/23 13:37:24.274, 6, 178.53 W, 26, 120 MHz, 3996 MHz, 0 %, 0 %
2026/03/23 13:37:24.274, 7, 176.58 W, 27, 120 MHz, 3996 MHz, 0 %, 0 %
2026/03/23 13:37:25.274, 0, 637.15 W, 39, 2032 MHz, 3996 MHz, 100 %, 53 %
2026/03/23 13:37:25.274, 1, 653.01 W, 43, 2032 MHz, 3996 MHz, 100 %, 53 %
2026/03/23 13:37:25.274, 2, 642.07 W, 39, 2032 MHz, 3996 MHz, 100 %, 53 %
2026/03/23 13:37:25.274, 3, 662.25 W, 44, 2032 MHz, 3996 MHz, 100 %, 53 %
2026/03/23 13:37:25.274, 4, 179.60 W, 25, 120 MHz, 3996 MHz, 0 %, 0 %
2026/03/23 13:37:25.274, 5, 180.58 W, 28, 120 MHz, 3996 MHz, 0 %, 0 %
2026/03/23 13:37:25.274, 6, 178.48 W, 26, 120 MHz, 3996 MHz, 0 %, 0 %
2026/03/23 13:37:25.274, 7, 176.58 W, 27, 120 MHz, 3996 MHz, 0 %, 0 %
2026/03/23 13:37:26.275, 0, 643.95 W, 40, 2032 MHz, 3996 MHz, 100 %, 53 %
2026/03/23 13:37:26.275, 1, 656.01 W, 43, 2032 MHz, 3996 MHz, 100 %, 53 %
2026/03/23 13:37:26.275, 2, 640.74 W, 39, 2032 MHz, 3996 MHz, 100 %, 54 %
2026/03/23 13:37:26.275, 3, 663.56 W, 44, 2032 MHz, 3996 MHz, 100 %, 53 %
2026/03/23 13:37:26.275, 4, 179.18 W, 25, 120 MHz, 3996 MHz, 0 %, 0 %
2026/03/23 13:37:26.275, 5, 180.58 W, 28, 120 MHz, 3996 MHz, 0 %, 0 %
2026/03/23 13:37:26.275, 6, 178.60 W, 26, 120 MHz, 3996 MHz, 0 %, 0 %
2026/03/23 13:37:26.275, 7, 176.58 W, 27, 120 MHz, 3996 MHz, 0 %, 0 %
2026/03/23 13:37:27.275, 0, 619.59 W, 39, 2032 MHz, 3996 MHz, 100 %, 53 %
2026/03/23 13:37:27.275, 1, 635.57 W, 43, 2032 MHz, 3996 MHz, 100 %, 53 %
2026/03/23 13:37:27.275, 2, 600.93 W, 39, 2032 MHz, 3996 MHz, 100 %, 53 %
2026/03/23 13:37:27.275, 3, 640.80 W, 44, 2032 MHz, 3996 MHz, 100 %, 53 %
2026/03/23 13:37:27.275, 4, 179.11 W, 25, 120 MHz, 3996 MHz, 0 %, 0 %
2026/03/23 13:37:27.275, 5, 180.58 W, 28, 120 MHz, 3996 MHz, 0 %, 0 %
2026/03/23 13:37:27.275, 6, 178.48 W, 26, 120 MHz, 3996 MHz, 0 %, 0 %
2026/03/23 13:37:27.275, 7, 176.58 W, 27, 120 MHz, 3996 MHz, 0 %, 0 %
2026/03/23 13:37:28.275, 0, 599.77 W, 39, 2032 MHz, 3996 MHz, 100 %, 52 %
2026/03/23 13:37:28.275, 1, 605.07 W, 42, 2032 MHz, 3996 MHz, 100 %, 52 %
2026/03/23 13:37:28.275, 2, 566.62 W, 39, 2032 MHz, 3996 MHz, 100 %, 52 %
2026/03/23 13:37:28.275, 3, 606.41 W, 44, 2032 MHz, 3996 MHz, 100 %, 52 %
2026/03/23 13:37:28.275, 4, 179.06 W, 25, 120 MHz, 3996 MHz, 0 %, 0 %
2026/03/23 13:37:28.275, 5, 180.58 W, 28, 120 MHz, 3996 MHz, 0 %, 0 %
2026/03/23 13:37:28.275, 6, 178.48 W, 26, 120 MHz, 3996 MHz, 0 %, 0 %
2026/03/23 13:37:28.275, 7, 176.58 W, 27, 120 MHz, 3996 MHz, 0 %, 0 %
2026/03/23 13:37:29.275, 0, 634.25 W, 39, 2032 MHz, 3996 MHz, 100 %, 44 %
2026/03/23 13:37:29.275, 1, 643.69 W, 42, 2032 MHz, 3996 MHz, 100 %, 45 %
2026/03/23 13:37:29.275, 2, 631.40 W, 39, 2032 MHz, 3996 MHz, 99 %, 52 %
2026/03/23 13:37:29.275, 3, 653.96 W, 44, 2032 MHz, 3996 MHz, 100 %, 26 %
2026/03/23 13:37:29.275, 4, 179.18 W, 25, 120 MHz, 3996 MHz, 0 %, 0 %
2026/03/23 13:37:29.275, 5, 180.58 W, 28, 120 MHz, 3996 MHz, 0 %, 0 %
2026/03/23 13:37:29.275, 6, 178.60 W, 26, 120 MHz, 3996 MHz, 0 %, 0 %
2026/03/23 13:37:29.275, 7, 176.58 W, 27, 120 MHz, 3996 MHz, 0 %, 0 %
2026/03/23 13:37:30.275, 0, 610.54 W, 39, 2032 MHz, 3996 MHz, 100 %, 41 %
2026/03/23 13:37:30.275, 1, 624.41 W, 42, 2032 MHz, 3996 MHz, 100 %, 42 %
2026/03/23 13:37:30.275, 2, 599.08 W, 39, 2032 MHz, 3996 MHz, 99 %, 51 %
2026/03/23 13:37:30.275, 3, 632.59 W, 44, 2032 MHz, 3996 MHz, 100 %, 24 %
2026/03/23 13:37:30.275, 4, 179.39 W, 25, 120 MHz, 3996 MHz, 0 %, 0 %
2026/03/23 13:37:30.275, 5, 180.62 W, 28, 120 MHz, 3996 MHz, 0 %, 0 %
2026/03/23 13:37:30.275, 6, 178.48 W, 26, 120 MHz, 3996 MHz, 0 %, 0 %
2026/03/23 13:37:30.275, 7, 176.58 W, 27, 120 MHz, 3996 MHz, 0 %, 0 %
2026/03/23 13:37:31.276, 0, 582.73 W, 39, 2032 MHz, 3996 MHz, 93 %, 38 %
2026/03/23 13:37:31.276, 1, 602.24 W, 42, 2032 MHz, 3996 MHz, 94 %, 38 %
2026/03/23 13:37:31.276, 2, 541.02 W, 38, 2032 MHz, 3996 MHz, 64 %, 32 %
2026/03/23 13:37:31.276, 3, 605.07 W, 43, 2032 MHz, 3996 MHz, 100 %, 32 %
2026/03/23 13:37:31.276, 4, 179.10 W, 25, 120 MHz, 3996 MHz, 0 %, 0 %
2026/03/23 13:37:31.276, 5, 180.58 W, 28, 120 MHz, 3996 MHz, 0 %, 0 %
2026/03/23 13:37:31.276, 6, 178.41 W, 26, 120 MHz, 3996 MHz, 0 %, 0 %
2026/03/23 13:37:31.276, 7, 176.58 W, 27, 120 MHz, 3996 MHz, 0 %, 0 %
2026/03/23 13:37:32.276, 0, 651.41 W, 39, 2032 MHz, 3996 MHz, 100 %, 53 %
2026/03/23 13:37:32.276, 1, 656.86 W, 43, 2032 MHz, 3996 MHz, 100 %, 53 %
2026/03/23 13:37:32.276, 2, 657.35 W, 39, 2032 MHz, 3996 MHz, 100 %, 53 %
2026/03/23 13:37:32.276, 3, 667.37 W, 44, 2032 MHz, 3996 MHz, 100 %, 53 %
2026/03/23 13:37:32.276, 4, 179.25 W, 25, 120 MHz, 3996 MHz, 0 %, 0 %
2026/03/23 13:37:32.276, 5, 180.58 W, 28, 120 MHz, 3996 MHz, 0 %, 0 %
2026/03/23 13:37:32.276, 6, 178.52 W, 26, 120 MHz, 3996 MHz, 0 %, 0 %
2026/03/23 13:37:32.276, 7, 176.58 W, 27, 120 MHz, 3996 MHz, 0 %, 0 %
2026/03/23 13:37:33.276, 0, 653.32 W, 39, 2032 MHz, 3996 MHz, 100 %, 52 %
2026/03/23 13:37:33.276, 1, 664.90 W, 43, 2032 MHz, 3996 MHz, 100 %, 52 %
2026/03/23 13:37:33.276, 2, 664.74 W, 39, 2032 MHz, 3996 MHz, 100 %, 52 %
2026/03/23 13:37:33.276, 3, 676.53 W, 44, 2032 MHz, 3996 MHz, 100 %, 52 %
2026/03/23 13:37:33.276, 4, 179.43 W, 25, 120 MHz, 3996 MHz, 0 %, 0 %
2026/03/23 13:37:33.276, 5, 180.58 W, 28, 120 MHz, 3996 MHz, 0 %, 0 %
2026/03/23 13:37:33.276, 6, 178.60 W, 26, 120 MHz, 3996 MHz, 0 %, 0 %
2026/03/23 13:37:33.276, 7, 176.58 W, 27, 120 MHz, 3996 MHz, 0 %, 0 %
2026/03/23 13:37:34.276, 0, 654.48 W, 39, 2032 MHz, 3996 MHz, 100 %, 52 %
2026/03/23 13:37:34.276, 1, 661.60 W, 43, 2032 MHz, 3996 MHz, 100 %, 52 %
2026/03/23 13:37:34.276, 2, 663.63 W, 39, 2032 MHz, 3996 MHz, 100 %, 53 %
2026/03/23 13:37:34.276, 3, 675.60 W, 44, 2032 MHz, 3996 MHz, 100 %, 52 %
2026/03/23 13:37:34.276, 4, 179.08 W, 25, 120 MHz, 3996 MHz, 0 %, 0 %
2026/03/23 13:37:34.276, 5, 180.58 W, 28, 120 MHz, 3996 MHz, 0 %, 0 %
2026/03/23 13:37:34.276, 6, 178.45 W, 26, 120 MHz, 3996 MHz, 0 %, 0 %
2026/03/23 13:37:34.276, 7, 176.58 W, 27, 120 MHz, 3996 MHz, 0 %, 0 %
2026/03/23 13:37:35.276, 0, 654.95 W, 39, 2032 MHz, 3996 MHz, 100 %, 52 %
2026/03/23 13:37:35.276, 1, 663.48 W, 43, 2032 MHz, 3996 MHz, 100 %, 52 %
2026/03/23 13:37:35.276, 2, 664.81 W, 39, 2032 MHz, 3996 MHz, 100 %, 52 %
2026/03/23 13:37:35.276, 3, 676.70 W, 44, 2032 MHz, 3996 MHz, 100 %, 52 %
2026/03/23 13:37:35.276, 4, 179.23 W, 25, 120 MHz, 3996 MHz, 0 %, 0 %
2026/03/23 13:37:35.276, 5, 180.58 W, 28, 120 MHz, 3996 MHz, 0 %, 0 %
2026/03/23 13:37:35.276, 6, 178.52 W, 26, 120 MHz, 3996 MHz, 0 %, 0 %
2026/03/23 13:37:35.276, 7, 176.58 W, 27, 120 MHz, 3996 MHz, 0 %, 0 %
2026/03/23 13:37:36.276, 0, 635.53 W, 39, 2032 MHz, 3996 MHz, 100 %, 52 %
2026/03/23 13:37:36.276, 1, 641.68 W, 43, 2032 MHz, 3996 MHz, 100 %, 52 %
2026/03/23 13:37:36.276, 2, 629.45 W, 39, 2032 MHz, 3996 MHz, 100 %, 52 %
2026/03/23 13:37:36.276, 3, 652.57 W, 44, 2032 MHz, 3996 MHz, 100 %, 52 %
2026/03/23 13:37:36.276, 4, 179.35 W, 25, 120 MHz, 3996 MHz, 0 %, 0 %
2026/03/23 13:37:36.276, 5, 180.58 W, 28, 120 MHz, 3996 MHz, 0 %, 0 %
2026/03/23 13:37:36.276, 6, 178.52 W, 26, 120 MHz, 3996 MHz, 0 %, 0 %
2026/03/23 13:37:36.276, 7, 176.58 W, 27, 120 MHz, 3996 MHz, 0 %, 0 %
2026/03/23 13:37:37.276, 0, 634.36 W, 39, 2032 MHz, 3996 MHz, 100 %, 52 %
2026/03/23 13:37:37.276, 1, 646.64 W, 43, 2032 MHz, 3996 MHz, 100 %, 52 %
2026/03/23 13:37:37.276, 2, 634.59 W, 39, 2032 MHz, 3996 MHz, 100 %, 52 %
2026/03/23 13:37:37.276, 3, 654.20 W, 44, 2032 MHz, 3996 MHz, 100 %, 52 %
2026/03/23 13:37:37.276, 4, 179.16 W, 25, 120 MHz, 3996 MHz, 0 %, 0 %
2026/03/23 13:37:37.276, 5, 180.58 W, 28, 120 MHz, 3996 MHz, 0 %, 0 %
2026/03/23 13:37:37.276, 6, 178.53 W, 26, 120 MHz, 3996 MHz, 0 %, 0 %
2026/03/23 13:37:37.276, 7, 176.58 W, 27, 120 MHz, 3996 MHz, 0 %, 0 %
2026/03/23 13:37:38.277, 0, 639.85 W, 39, 2032 MHz, 3996 MHz, 100 %, 52 %
2026/03/23 13:37:38.277, 1, 650.54 W, 42, 2032 MHz, 3996 MHz, 98 %, 50 %
2026/03/23 13:37:38.277, 2, 640.76 W, 39, 2032 MHz, 3996 MHz, 83 %, 43 %
2026/03/23 13:37:38.277, 3, 666.31 W, 43, 2032 MHz, 3996 MHz, 100 %, 52 %
2026/03/23 13:37:38.277, 4, 179.20 W, 25, 120 MHz, 3996 MHz, 0 %, 0 %
2026/03/23 13:37:38.277, 5, 180.58 W, 28, 120 MHz, 3996 MHz, 0 %, 0 %
2026/03/23 13:37:38.277, 6, 178.60 W, 26, 120 MHz, 3996 MHz, 0 %, 0 %
2026/03/23 13:37:38.277, 7, 176.58 W, 27, 120 MHz, 3996 MHz, 0 %, 0 %
2026/03/23 13:37:39.277, 0, 628.47 W, 39, 2032 MHz, 3996 MHz, 100 %, 52 %
2026/03/23 13:37:39.277, 1, 632.92 W, 43, 2032 MHz, 3996 MHz, 100 %, 52 %
2026/03/23 13:37:39.277, 2, 616.08 W, 39, 2032 MHz, 3996 MHz, 100 %, 52 %
2026/03/23 13:37:39.277, 3, 641.51 W, 44, 2032 MHz, 3996 MHz, 100 %, 52 %
2026/03/23 13:37:39.277, 4, 179.02 W, 25, 120 MHz, 3996 MHz, 0 %, 0 %
2026/03/23 13:37:39.277, 5, 180.58 W, 28, 120 MHz, 3996 MHz, 0 %, 0 %
2026/03/23 13:37:39.277, 6, 178.57 W, 26, 120 MHz, 3996 MHz, 0 %, 0 %
2026/03/23 13:37:39.277, 7, 176.58 W, 27, 120 MHz, 3996 MHz, 0 %, 0 %
2026/03/23 13:37:40.277, 0, 620.33 W, 39, 2032 MHz, 3996 MHz, 95 %, 47 %
2026/03/23 13:37:40.277, 1, 633.33 W, 42, 2032 MHz, 3996 MHz, 95 %, 46 %
2026/03/23 13:37:40.277, 2, 611.79 W, 38, 2032 MHz, 3996 MHz, 76 %, 39 %
2026/03/23 13:37:40.277, 3, 643.65 W, 44, 2032 MHz, 3996 MHz, 100 %, 52 %
2026/03/23 13:37:40.277, 4, 179.18 W, 25, 120 MHz, 3996 MHz, 0 %, 0 %
2026/03/23 13:37:40.277, 5, 180.58 W, 28, 120 MHz, 3996 MHz, 0 %, 0 %
2026/03/23 13:37:40.277, 6, 178.38 W, 26, 120 MHz, 3996 MHz, 0 %, 0 %
2026/03/23 13:37:40.277, 7, 176.58 W, 27, 120 MHz, 3996 MHz, 0 %, 0 %
2026/03/23 13:37:41.277, 0, 649.93 W, 39, 2032 MHz, 3996 MHz, 100 %, 52 %
2026/03/23 13:37:41.277, 1, 649.87 W, 43, 2032 MHz, 3996 MHz, 100 %, 52 %
2026/03/23 13:37:41.277, 2, 650.46 W, 39, 2032 MHz, 3996 MHz, 100 %, 52 %
2026/03/23 13:37:41.277, 3, 662.06 W, 44, 2032 MHz, 3996 MHz, 100 %, 52 %
2026/03/23 13:37:41.277, 4, 179.08 W, 25, 120 MHz, 3996 MHz, 0 %, 0 %
2026/03/23 13:37:41.277, 5, 180.58 W, 28, 120 MHz, 3996 MHz, 0 %, 0 %
2026/03/23 13:37:41.277, 6, 178.52 W, 26, 120 MHz, 3996 MHz, 0 %, 0 %
2026/03/23 13:37:41.277, 7, 176.58 W, 27, 120 MHz, 3996 MHz, 0 %, 0 %
2026/03/23 13:37:42.277, 0, 589.38 W, 39, 2032 MHz, 3996 MHz, 100 %, 26 %
2026/03/23 13:37:42.277, 1, 605.71 W, 42, 2032 MHz, 3996 MHz, 100 %, 28 %
2026/03/23 13:37:42.277, 2, 553.56 W, 38, 2032 MHz, 3996 MHz, 66 %, 34 %
2026/03/23 13:37:42.277, 3, 603.09 W, 43, 2032 MHz, 3996 MHz, 100 %, 17 %
2026/03/23 13:37:42.277, 4, 179.38 W, 25, 120 MHz, 3996 MHz, 0 %, 0 %
2026/03/23 13:37:42.277, 5, 180.58 W, 28, 120 MHz, 3996 MHz, 0 %, 0 %
2026/03/23 13:37:42.277, 6, 178.37 W, 26, 120 MHz, 3996 MHz, 0 %, 0 %
2026/03/23 13:37:42.277, 7, 176.58 W, 27, 120 MHz, 3996 MHz, 0 %, 0 %
2026/03/23 13:37:43.277, 0, 617.83 W, 39, 2032 MHz, 3996 MHz, 100 %, 53 %
2026/03/23 13:37:43.277, 1, 612.20 W, 43, 2032 MHz, 3996 MHz, 100 %, 53 %
2026/03/23 13:37:43.277, 2, 585.11 W, 39, 2032 MHz, 3996 MHz, 100 %, 53 %
2026/03/23 13:37:43.277, 3, 623.53 W, 44, 2032 MHz, 3996 MHz, 100 %, 52 %
2026/03/23 13:37:43.277, 4, 178.99 W, 25, 120 MHz, 3996 MHz, 0 %, 0 %
2026/03/23 13:37:43.277, 5, 180.58 W, 28, 120 MHz, 3996 MHz, 0 %, 0 %
2026/03/23 13:37:43.277, 6, 178.60 W, 26, 120 MHz, 3996 MHz, 0 %, 0 %
2026/03/23 13:37:43.277, 7, 176.58 W, 27, 120 MHz, 3996 MHz, 0 %, 0 %
2026/03/23 13:37:44.277, 0, 620.94 W, 39, 2032 MHz, 3996 MHz, 99 %, 22 %
2026/03/23 13:37:44.277, 1, 634.49 W, 42, 2032 MHz, 3996 MHz, 100 %, 24 %
2026/03/23 13:37:44.277, 2, 601.24 W, 38, 2032 MHz, 3996 MHz, 61 %, 32 %
2026/03/23 13:37:44.277, 3, 641.99 W, 44, 2032 MHz, 3996 MHz, 99 %, 18 %
2026/03/23 13:37:44.277, 4, 178.91 W, 25, 120 MHz, 3996 MHz, 0 %, 0 %
2026/03/23 13:37:44.277, 5, 180.58 W, 28, 120 MHz, 3996 MHz, 0 %, 0 %
2026/03/23 13:37:44.277, 6, 178.45 W, 26, 120 MHz, 3996 MHz, 0 %, 0 %
2026/03/23 13:37:44.277, 7, 176.58 W, 27, 120 MHz, 3996 MHz, 0 %, 0 %
2026/03/23 13:37:45.278, 0, 633.30 W, 39, 2032 MHz, 3996 MHz, 100 %, 52 %
2026/03/23 13:37:45.278, 1, 642.06 W, 43, 2032 MHz, 3996 MHz, 100 %, 52 %
2026/03/23 13:37:45.278, 2, 628.70 W, 39, 2032 MHz, 3996 MHz, 100 %, 52 %
2026/03/23 13:37:45.278, 3, 653.47 W, 44, 2032 MHz, 3996 MHz, 100 %, 52 %
2026/03/23 13:37:45.278, 4, 179.01 W, 25, 120 MHz, 3996 MHz, 0 %, 0 %
2026/03/23 13:37:45.278, 5, 180.58 W, 28, 120 MHz, 3996 MHz, 0 %, 0 %
2026/03/23 13:37:45.278, 6, 178.64 W, 26, 120 MHz, 3996 MHz, 0 %, 0 %
2026/03/23 13:37:45.278, 7, 176.58 W, 27, 120 MHz, 3996 MHz, 0 %, 0 %
2026/03/23 13:37:46.278, 0, 640.17 W, 39, 2032 MHz, 3996 MHz, 100 %, 53 %
2026/03/23 13:37:46.278, 1, 646.91 W, 43, 2032 MHz, 3996 MHz, 100 %, 53 %
2026/03/23 13:37:46.278, 2, 636.98 W, 39, 2032 MHz, 3996 MHz, 100 %, 53 %
2026/03/23 13:37:46.278, 3, 661.58 W, 44, 2032 MHz, 3996 MHz, 100 %, 53 %
2026/03/23 13:37:46.278, 4, 179.05 W, 25, 120 MHz, 3996 MHz, 0 %, 0 %
2026/03/23 13:37:46.278, 5, 180.58 W, 28, 120 MHz, 3996 MHz, 0 %, 0 %
2026/03/23 13:37:46.278, 6, 178.56 W, 26, 120 MHz, 3996 MHz, 0 %, 0 %
2026/03/23 13:37:46.278, 7, 176.58 W, 27, 120 MHz, 3996 MHz, 0 %, 0 %
2026/03/23 13:37:47.278, 0, 659.33 W, 39, 2032 MHz, 3996 MHz, 100 %, 53 %
2026/03/23 13:37:47.278, 1, 668.20 W, 43, 2032 MHz, 3996 MHz, 100 %, 53 %
2026/03/23 13:37:47.278, 2, 670.93 W, 39, 2032 MHz, 3996 MHz, 100 %, 53 %
2026/03/23 13:37:47.278, 3, 681.72 W, 44, 2032 MHz, 3996 MHz, 100 %, 53 %
2026/03/23 13:37:47.278, 4, 179.24 W, 25, 120 MHz, 3996 MHz, 0 %, 0 %
2026/03/23 13:37:47.278, 5, 180.58 W, 28, 120 MHz, 3996 MHz, 0 %, 0 %
2026/03/23 13:37:47.278, 6, 178.41 W, 26, 120 MHz, 3996 MHz, 0 %, 0 %
2026/03/23 13:37:47.278, 7, 176.58 W, 27, 120 MHz, 3996 MHz, 0 %, 0 %
2026/03/23 13:37:48.278, 0, 658.93 W, 39, 2032 MHz, 3996 MHz, 100 %, 53 %
2026/03/23 13:37:48.278, 1, 667.74 W, 43, 2032 MHz, 3996 MHz, 100 %, 53 %
2026/03/23 13:37:48.278, 2, 669.80 W, 39, 2032 MHz, 3996 MHz, 100 %, 53 %
2026/03/23 13:37:48.278, 3, 682.44 W, 44, 2032 MHz, 3996 MHz, 100 %, 53 %
2026/03/23 13:37:48.278, 4, 179.09 W, 25, 120 MHz, 3996 MHz, 0 %, 0 %
2026/03/23 13:37:48.278, 5, 180.58 W, 28, 120 MHz, 3996 MHz, 0 %, 0 %
2026/03/23 13:37:48.278, 6, 178.37 W, 26, 120 MHz, 3996 MHz, 0 %, 0 %
2026/03/23 13:37:48.278, 7, 176.58 W, 27, 120 MHz, 3996 MHz, 0 %, 0 %
2026/03/23 13:37:49.278, 0, 661.02 W, 39, 2032 MHz, 3996 MHz, 100 %, 53 %
2026/03/23 13:37:49.278, 1, 669.48 W, 43, 2032 MHz, 3996 MHz, 100 %, 53 %
2026/03/23 13:37:49.278, 2, 670.23 W, 39, 2032 MHz, 3996 MHz, 100 %, 54 %
2026/03/23 13:37:49.278, 3, 680.75 W, 44, 2032 MHz, 3996 MHz, 100 %, 54 %
2026/03/23 13:37:49.278, 4, 179.18 W, 25, 120 MHz, 3996 MHz, 0 %, 0 %
2026/03/23 13:37:49.278, 5, 180.58 W, 28, 120 MHz, 3996 MHz, 0 %, 0 %
2026/03/23 13:37:49.278, 6, 178.44 W, 26, 120 MHz, 3996 MHz, 0 %, 0 %
2026/03/23 13:37:49.278, 7, 176.58 W, 27, 120 MHz, 3996 MHz, 0 %, 0 %
2026/03/23 13:37:50.278, 0, 627.66 W, 39, 2032 MHz, 3996 MHz, 100 %, 53 %
2026/03/23 13:37:50.278, 1, 633.28 W, 43, 2032 MHz, 3996 MHz, 100 %, 53 %
2026/03/23 13:37:50.278, 2, 608.01 W, 39, 2032 MHz, 3996 MHz, 100 %, 54 %
2026/03/23 13:37:50.278, 3, 645.21 W, 44, 2032 MHz, 3996 MHz, 100 %, 54 %
2026/03/23 13:37:50.278, 4, 179.11 W, 25, 120 MHz, 3996 MHz, 0 %, 0 %
2026/03/23 13:37:50.278, 5, 180.58 W, 28, 120 MHz, 3996 MHz, 0 %, 0 %
2026/03/23 13:37:50.278, 6, 178.53 W, 26, 120 MHz, 3996 MHz, 0 %, 0 %
2026/03/23 13:37:50.278, 7, 176.58 W, 27, 120 MHz, 3996 MHz, 0 %, 0 %
2026/03/23 13:37:51.278, 0, 661.82 W, 39, 2032 MHz, 3996 MHz, 100 %, 54 %
2026/03/23 13:37:51.278, 1, 671.76 W, 43, 2032 MHz, 3996 MHz, 100 %, 53 %
2026/03/23 13:37:51.278, 2, 673.46 W, 39, 2032 MHz, 3996 MHz, 100 %, 54 %
2026/03/23 13:37:51.278, 3, 685.98 W, 44, 2032 MHz, 3996 MHz, 100 %, 54 %
2026/03/23 13:37:51.278, 4, 178.99 W, 25, 120 MHz, 3996 MHz, 0 %, 0 %
2026/03/23 13:37:51.278, 5, 180.58 W, 28, 120 MHz, 3996 MHz, 0 %, 0 %
2026/03/23 13:37:51.278, 6, 178.32 W, 26, 120 MHz, 3996 MHz, 0 %, 0 %
2026/03/23 13:37:51.278, 7, 176.58 W, 27, 120 MHz, 3996 MHz, 0 %, 0 %
2026/03/23 13:37:52.279, 0, 643.94 W, 39, 2032 MHz, 3996 MHz, 100 %, 54 %
2026/03/23 13:37:52.279, 1, 653.22 W, 43, 2032 MHz, 3996 MHz, 100 %, 54 %
2026/03/23 13:37:52.279, 2, 641.90 W, 39, 2032 MHz, 3996 MHz, 100 %, 54 %
2026/03/23 13:37:52.279, 3, 663.25 W, 44, 2032 MHz, 3996 MHz, 100 %, 54 %
2026/03/23 13:37:52.279, 4, 179.04 W, 25, 120 MHz, 3996 MHz, 0 %, 0 %
2026/03/23 13:37:52.279, 5, 180.58 W, 28, 120 MHz, 3996 MHz, 0 %, 0 %
2026/03/23 13:37:52.279, 6, 178.36 W, 26, 120 MHz, 3996 MHz, 0 %, 0 %
2026/03/23 13:37:52.279, 7, 176.58 W, 27, 120 MHz, 3996 MHz, 0 %, 0 %
2026/03/23 13:37:53.279, 0, 626.61 W, 39, 2032 MHz, 3996 MHz, 100 %, 53 %
2026/03/23 13:37:53.279, 1, 635.17 W, 42, 2032 MHz, 3996 MHz, 100 %, 53 %
2026/03/23 13:37:53.279, 2, 608.57 W, 39, 2032 MHz, 3996 MHz, 100 %, 53 %
2026/03/23 13:37:53.279, 3, 647.54 W, 44, 2032 MHz, 3996 MHz, 100 %, 53 %
2026/03/23 13:37:53.279, 4, 179.00 W, 25, 120 MHz, 3996 MHz, 0 %, 0 %
2026/03/23 13:37:53.279, 5, 180.58 W, 28, 120 MHz, 3996 MHz, 0 %, 0 %
2026/03/23 13:37:53.279, 6, 178.48 W, 26, 120 MHz, 3996 MHz, 0 %, 0 %
2026/03/23 13:37:53.279, 7, 176.58 W, 27, 120 MHz, 3996 MHz, 0 %, 0 %
2026/03/23 13:37:54.279, 0, 624.34 W, 39, 2032 MHz, 3996 MHz, 92 %, 20 %
2026/03/23 13:37:54.279, 1, 629.86 W, 42, 2032 MHz, 3996 MHz, 63 %, 18 %
2026/03/23 13:37:54.279, 2, 608.41 W, 38, 2032 MHz, 3996 MHz, 35 %, 17 %
2026/03/23 13:37:54.279, 3, 639.40 W, 43, 2032 MHz, 3996 MHz, 99 %, 17 %
2026/03/23 13:37:54.279, 4, 179.30 W, 25, 120 MHz, 3996 MHz, 0 %, 0 %
2026/03/23 13:37:54.279, 5, 180.58 W, 28, 120 MHz, 3996 MHz, 0 %, 0 %
2026/03/23 13:37:54.279, 6, 178.53 W, 26, 120 MHz, 3996 MHz, 0 %, 0 %
2026/03/23 13:37:54.279, 7, 176.58 W, 27, 120 MHz, 3996 MHz, 0 %, 0 %
2026/03/23 13:37:55.279, 0, 646.07 W, 39, 2032 MHz, 3996 MHz, 100 %, 53 %
2026/03/23 13:37:55.279, 1, 657.73 W, 43, 2032 MHz, 3996 MHz, 100 %, 53 %
2026/03/23 13:37:55.279, 2, 643.91 W, 39, 2032 MHz, 3996 MHz, 100 %, 54 %
2026/03/23 13:37:55.279, 3, 663.12 W, 44, 2032 MHz, 3996 MHz, 100 %, 54 %
2026/03/23 13:37:55.279, 4, 179.09 W, 25, 120 MHz, 3996 MHz, 0 %, 0 %
2026/03/23 13:37:55.279, 5, 180.58 W, 28, 120 MHz, 3996 MHz, 0 %, 0 %
2026/03/23 13:37:55.279, 6, 178.40 W, 26, 120 MHz, 3996 MHz, 0 %, 0 %
2026/03/23 13:37:55.279, 7, 176.58 W, 27, 120 MHz, 3996 MHz, 0 %, 0 %
2026/03/23 13:37:56.279, 0, 645.05 W, 39, 2032 MHz, 3996 MHz, 100 %, 17 %
2026/03/23 13:37:56.279, 1, 650.68 W, 42, 2032 MHz, 3996 MHz, 100 %, 17 %
2026/03/23 13:37:56.279, 2, 639.21 W, 38, 2032 MHz, 3996 MHz, 34 %, 18 %
2026/03/23 13:37:56.279, 3, 663.65 W, 44, 2032 MHz, 3996 MHz, 100 %, 28 %
2026/03/23 13:37:56.279, 4, 179.09 W, 25, 120 MHz, 3996 MHz, 0 %, 0 %
2026/03/23 13:37:56.279, 5, 180.58 W, 27, 120 MHz, 3996 MHz, 0 %, 0 %
2026/03/23 13:37:56.279, 6, 178.49 W, 26, 120 MHz, 3996 MHz, 0 %, 0 %
2026/03/23 13:37:56.279, 7, 176.58 W, 27, 120 MHz, 3996 MHz, 0 %, 0 %
2026/03/23 13:37:57.279, 0, 631.11 W, 39, 2032 MHz, 3996 MHz, 99 %, 17 %
2026/03/23 13:37:57.279, 1, 634.69 W, 42, 2032 MHz, 3996 MHz, 89 %, 17 %
2026/03/23 13:37:57.279, 2, 609.84 W, 38, 2032 MHz, 3996 MHz, 34 %, 17 %
2026/03/23 13:37:57.279, 3, 644.76 W, 43, 2032 MHz, 3996 MHz, 99 %, 17 %
2026/03/23 13:37:57.279, 4, 178.94 W, 25, 120 MHz, 3996 MHz, 0 %, 0 %
2026/03/23 13:37:57.279, 5, 180.58 W, 27, 120 MHz, 3996 MHz, 0 %, 0 %
2026/03/23 13:37:57.279, 6, 178.36 W, 26, 120 MHz, 3996 MHz, 0 %, 0 %
2026/03/23 13:37:57.279, 7, 176.58 W, 27, 120 MHz, 3996 MHz, 0 %, 0 %
2026/03/23 13:37:58.279, 0, 606.31 W, 39, 2032 MHz, 3996 MHz, 94 %, 36 %
2026/03/23 13:37:58.279, 1, 620.56 W, 42, 2032 MHz, 3996 MHz, 94 %, 34 %
2026/03/23 13:37:58.279, 2, 578.25 W, 38, 2032 MHz, 3996 MHz, 51 %, 27 %
2026/03/23 13:37:58.279, 3, 618.31 W, 43, 2032 MHz, 3996 MHz, 93 %, 17 %
2026/03/23 13:37:58.279, 4, 178.95 W, 25, 120 MHz, 3996 MHz, 0 %, 0 %
2026/03/23 13:37:58.279, 5, 180.58 W, 27, 120 MHz, 3996 MHz, 0 %, 0 %
2026/03/23 13:37:58.279, 6, 178.48 W, 26, 120 MHz, 3996 MHz, 0 %, 0 %
2026/03/23 13:37:58.280, 7, 176.58 W, 27, 120 MHz, 3996 MHz, 0 %, 0 %
2026/03/23 13:37:59.280, 0, 629.13 W, 39, 2032 MHz, 3996 MHz, 100 %, 54 %
2026/03/23 13:37:59.280, 1, 634.36 W, 42, 2032 MHz, 3996 MHz, 100 %, 54 %
2026/03/23 13:37:59.280, 2, 599.40 W, 39, 2032 MHz, 3996 MHz, 100 %, 54 %
2026/03/23 13:37:59.280, 3, 643.54 W, 44, 2032 MHz, 3996 MHz, 100 %, 54 %
2026/03/23 13:37:59.280, 4, 179.07 W, 25, 120 MHz, 3996 MHz, 0 %, 0 %
2026/03/23 13:37:59.280, 5, 180.58 W, 27, 120 MHz, 3996 MHz, 0 %, 0 %
2026/03/23 13:37:59.280, 6, 178.33 W, 26, 120 MHz, 3996 MHz, 0 %, 0 %
2026/03/23 13:37:59.280, 7, 176.58 W, 27, 120 MHz, 3996 MHz, 0 %, 0 %
2026/03/23 13:38:00.280, 0, 666.17 W, 39, 2032 MHz, 3996 MHz, 100 %, 54 %
2026/03/23 13:38:00.280, 1, 674.75 W, 43, 2032 MHz, 3996 MHz, 100 %, 55 %
2026/03/23 13:38:00.280, 2, 675.90 W, 39, 2032 MHz, 3996 MHz, 100 %, 54 %
2026/03/23 13:38:00.280, 3, 689.31 W, 44, 2032 MHz, 3996 MHz, 100 %, 54 %
2026/03/23 13:38:00.280, 4, 179.03 W, 25, 120 MHz, 3996 MHz, 0 %, 0 %
2026/03/23 13:38:00.280, 5, 180.58 W, 27, 120 MHz, 3996 MHz, 0 %, 0 %
2026/03/23 13:38:00.280, 6, 178.37 W, 26, 120 MHz, 3996 MHz, 0 %, 0 %
2026/03/23 13:38:00.280, 7, 176.58 W, 27, 120 MHz, 3996 MHz, 0 %, 0 %
2026/03/23 13:38:01.280, 0, 666.70 W, 39, 2032 MHz, 3996 MHz, 100 %, 54 %
2026/03/23 13:38:01.280, 1, 674.44 W, 43, 2032 MHz, 3996 MHz, 100 %, 54 %
2026/03/23 13:38:01.280, 2, 676.90 W, 39, 2032 MHz, 3996 MHz, 100 %, 54 %
2026/03/23 13:38:01.280, 3, 689.27 W, 44, 2032 MHz, 3996 MHz, 100 %, 54 %
2026/03/23 13:38:01.280, 4, 178.96 W, 25, 120 MHz, 3996 MHz, 0 %, 0 %
2026/03/23 13:38:01.280, 5, 180.58 W, 27, 120 MHz, 3996 MHz, 0 %, 0 %
2026/03/23 13:38:01.280, 6, 178.41 W, 26, 120 MHz, 3996 MHz, 0 %, 0 %
2026/03/23 13:38:01.280, 7, 176.58 W, 27, 120 MHz, 3996 MHz, 0 %, 0 %
2026/03/23 13:38:02.280, 0, 667.70 W, 39, 2032 MHz, 3996 MHz, 100 %, 54 %
2026/03/23 13:38:02.280, 1, 674.59 W, 43, 2032 MHz, 3996 MHz, 100 %, 54 %
2026/03/23 13:38:02.280, 2, 677.02 W, 39, 2032 MHz, 3996 MHz, 100 %, 54 %
2026/03/23 13:38:02.280, 3, 689.01 W, 44, 2032 MHz, 3996 MHz, 100 %, 54 %
2026/03/23 13:38:02.280, 4, 179.12 W, 25, 120 MHz, 3996 MHz, 0 %, 0 %
2026/03/23 13:38:02.280, 5, 180.58 W, 27, 120 MHz, 3996 MHz, 0 %, 0 %
2026/03/23 13:38:02.280, 6, 178.37 W, 26, 120 MHz, 3996 MHz, 0 %, 0 %
2026/03/23 13:38:02.280, 7, 176.58 W, 27, 120 MHz, 3996 MHz, 0 %, 0 %
2026/03/23 13:38:03.280, 0, 650.97 W, 39, 2032 MHz, 3996 MHz, 100 %, 55 %
2026/03/23 13:38:03.280, 1, 656.55 W, 43, 2032 MHz, 3996 MHz, 100 %, 55 %
2026/03/23 13:38:03.280, 2, 643.23 W, 39, 2032 MHz, 3996 MHz, 100 %, 55 %
2026/03/23 13:38:03.280, 3, 669.15 W, 44, 2032 MHz, 3996 MHz, 100 %, 55 %
2026/03/23 13:38:03.280, 4, 179.19 W, 25, 120 MHz, 3996 MHz, 0 %, 0 %
2026/03/23 13:38:03.280, 5, 180.58 W, 27, 120 MHz, 3996 MHz, 0 %, 0 %
2026/03/23 13:38:03.280, 6, 178.37 W, 26, 120 MHz, 3996 MHz, 0 %, 0 %
2026/03/23 13:38:03.280, 7, 176.58 W, 27, 120 MHz, 3996 MHz, 0 %, 0 %
2026/03/23 13:38:04.280, 0, 668.95 W, 39, 2032 MHz, 3996 MHz, 100 %, 55 %
2026/03/23 13:38:04.280, 1, 677.46 W, 43, 2032 MHz, 3996 MHz, 100 %, 55 %
2026/03/23 13:38:04.280, 2, 680.59 W, 39, 2032 MHz, 3996 MHz, 100 %, 55 %
2026/03/23 13:38:04.280, 3, 692.16 W, 44, 2032 MHz, 3996 MHz, 100 %, 55 %
2026/03/23 13:38:04.280, 4, 179.00 W, 25, 120 MHz, 3996 MHz, 0 %, 0 %
2026/03/23 13:38:04.280, 5, 180.58 W, 27, 120 MHz, 3996 MHz, 0 %, 0 %
2026/03/23 13:38:04.280, 6, 178.48 W, 26, 120 MHz, 3996 MHz, 0 %, 0 %
2026/03/23 13:38:04.280, 7, 176.58 W, 27, 120 MHz, 3996 MHz, 0 %, 0 %
2026/03/23 13:38:05.280, 0, 643.64 W, 39, 2032 MHz, 3996 MHz, 100 %, 54 %
2026/03/23 13:38:05.280, 1, 657.57 W, 43, 2032 MHz, 3996 MHz, 100 %, 54 %
2026/03/23 13:38:05.280, 2, 643.91 W, 39, 2032 MHz, 3996 MHz, 100 %, 54 %
2026/03/23 13:38:05.280, 3, 666.72 W, 44, 2032 MHz, 3996 MHz, 100 %, 54 %
2026/03/23 13:38:05.280, 4, 178.84 W, 25, 120 MHz, 3996 MHz, 0 %, 0 %
2026/03/23 13:38:05.280, 5, 180.58 W, 27, 120 MHz, 3996 MHz, 0 %, 0 %
2026/03/23 13:38:05.280, 6, 178.37 W, 26, 120 MHz, 3996 MHz, 0 %, 0 %
2026/03/23 13:38:05.281, 7, 176.58 W, 27, 120 MHz, 3996 MHz, 0 %, 0 %
2026/03/23 13:38:06.281, 0, 636.86 W, 39, 2032 MHz, 3996 MHz, 100 %, 55 %
2026/03/23 13:38:06.281, 1, 636.27 W, 42, 2032 MHz, 3996 MHz, 100 %, 55 %
2026/03/23 13:38:06.281, 2, 615.59 W, 39, 2032 MHz, 3996 MHz, 100 %, 55 %
2026/03/23 13:38:06.281, 3, 651.56 W, 44, 2032 MHz, 3996 MHz, 100 %, 55 %
2026/03/23 13:38:06.281, 4, 179.00 W, 25, 120 MHz, 3996 MHz, 0 %, 0 %
2026/03/23 13:38:06.281, 5, 180.58 W, 27, 120 MHz, 3996 MHz, 0 %, 0 %
2026/03/23 13:38:06.281, 6, 178.45 W, 26, 120 MHz, 3996 MHz, 0 %, 0 %
2026/03/23 13:38:06.281, 7, 176.58 W, 27, 120 MHz, 3996 MHz, 0 %, 0 %
2026/03/23 13:38:07.281, 0, 627.76 W, 39, 2032 MHz, 3996 MHz, 100 %, 54 %
2026/03/23 13:38:07.281, 1, 639.43 W, 42, 2032 MHz, 3996 MHz, 100 %, 54 %
2026/03/23 13:38:07.281, 2, 612.35 W, 39, 2032 MHz, 3996 MHz, 100 %, 54 %
2026/03/23 13:38:07.281, 3, 646.58 W, 44, 2032 MHz, 3996 MHz, 100 %, 54 %
2026/03/23 13:38:07.281, 4, 179.15 W, 25, 120 MHz, 3996 MHz, 0 %, 0 %
2026/03/23 13:38:07.281, 5, 180.58 W, 27, 120 MHz, 3996 MHz, 0 %, 0 %
2026/03/23 13:38:07.281, 6, 178.45 W, 26, 120 MHz, 3996 MHz, 0 %, 0 %
2026/03/23 13:38:07.281, 7, 176.58 W, 27, 120 MHz, 3996 MHz, 0 %, 0 %
2026/03/23 13:38:08.281, 0, 643.82 W, 39, 2032 MHz, 3996 MHz, 100 %, 54 %
2026/03/23 13:38:08.281, 1, 654.98 W, 43, 2032 MHz, 3996 MHz, 100 %, 54 %
2026/03/23 13:38:08.281, 2, 640.64 W, 39, 2032 MHz, 3996 MHz, 100 %, 55 %
2026/03/23 13:38:08.281, 3, 666.75 W, 44, 2032 MHz, 3996 MHz, 100 %, 55 %
2026/03/23 13:38:08.281, 4, 179.11 W, 25, 120 MHz, 3996 MHz, 0 %, 0 %
2026/03/23 13:38:08.281, 5, 180.58 W, 27, 120 MHz, 3996 MHz, 0 %, 0 %
2026/03/23 13:38:08.281, 6, 178.45 W, 26, 120 MHz, 3996 MHz, 0 %, 0 %
2026/03/23 13:38:08.281, 7, 176.58 W, 27, 120 MHz, 3996 MHz, 0 %, 0 %
2026/03/23 13:38:09.281, 0, 642.69 W, 39, 2032 MHz, 3996 MHz, 59 %, 22 %
2026/03/23 13:38:09.281, 1, 656.67 W, 42, 2032 MHz, 3996 MHz, 97 %, 20 %
2026/03/23 13:38:09.281, 2, 647.46 W, 38, 2032 MHz, 3996 MHz, 49 %, 17 %
2026/03/23 13:38:09.281, 3, 669.13 W, 43, 2032 MHz, 3996 MHz, 99 %, 17 %
2026/03/23 13:38:09.281, 4, 179.17 W, 25, 120 MHz, 3996 MHz, 0 %, 0 %
2026/03/23 13:38:09.281, 5, 180.58 W, 27, 120 MHz, 3996 MHz, 0 %, 0 %
2026/03/23 13:38:09.281, 6, 178.48 W, 26, 120 MHz, 3996 MHz, 0 %, 0 %
2026/03/23 13:38:09.281, 7, 176.58 W, 27, 120 MHz, 3996 MHz, 0 %, 0 %
2026/03/23 13:38:10.281, 0, 652.06 W, 39, 2032 MHz, 3996 MHz, 100 %, 54 %
2026/03/23 13:38:10.281, 1, 664.39 W, 42, 2032 MHz, 3996 MHz, 100 %, 54 %
2026/03/23 13:38:10.281, 2, 656.09 W, 38, 2032 MHz, 3996 MHz, 100 %, 54 %
2026/03/23 13:38:10.281, 3, 682.60 W, 43, 2032 MHz, 3996 MHz, 93 %, 45 %
2026/03/23 13:38:10.281, 4, 178.95 W, 25, 120 MHz, 3996 MHz, 0 %, 0 %
2026/03/23 13:38:10.281, 5, 180.58 W, 27, 120 MHz, 3996 MHz, 0 %, 0 %
2026/03/23 13:38:10.281, 6, 178.47 W, 26, 120 MHz, 3996 MHz, 0 %, 0 %
2026/03/23 13:38:10.281, 7, 176.58 W, 27, 120 MHz, 3996 MHz, 0 %, 0 %
2026/03/23 13:38:11.281, 0, 641.08 W, 39, 2032 MHz, 3996 MHz, 100 %, 44 %
2026/03/23 13:38:11.281, 1, 645.11 W, 42, 2032 MHz, 3996 MHz, 100 %, 45 %
2026/03/23 13:38:11.281, 2, 628.91 W, 39, 2032 MHz, 3996 MHz, 96 %, 52 %
2026/03/23 13:38:11.281, 3, 655.74 W, 44, 2032 MHz, 3996 MHz, 100 %, 54 %
2026/03/23 13:38:11.281, 4, 178.90 W, 25, 120 MHz, 3996 MHz, 0 %, 0 %
2026/03/23 13:38:11.281, 5, 180.58 W, 27, 120 MHz, 3996 MHz, 0 %, 0 %
2026/03/23 13:38:11.281, 6, 178.52 W, 26, 120 MHz, 3996 MHz, 0 %, 0 %
2026/03/23 13:38:11.281, 7, 176.58 W, 27, 120 MHz, 3996 MHz, 0 %, 0 %
2026/03/23 13:38:12.281, 0, 622.24 W, 39, 2032 MHz, 3996 MHz, 100 %, 34 %
2026/03/23 13:38:12.281, 1, 635.21 W, 42, 2032 MHz, 3996 MHz, 100 %, 54 %
2026/03/23 13:38:12.281, 2, 605.27 W, 38, 2032 MHz, 3996 MHz, 79 %, 42 %
2026/03/23 13:38:12.281, 3, 641.44 W, 43, 2032 MHz, 3996 MHz, 100 %, 52 %
2026/03/23 13:38:12.281, 4, 179.44 W, 25, 120 MHz, 3996 MHz, 0 %, 0 %
2026/03/23 13:38:12.281, 5, 180.58 W, 27, 120 MHz, 3996 MHz, 0 %, 0 %
2026/03/23 13:38:12.281, 6, 178.48 W, 26, 120 MHz, 3996 MHz, 0 %, 0 %
2026/03/23 13:38:12.282, 7, 176.58 W, 27, 120 MHz, 3996 MHz, 0 %, 0 %
2026/03/23 13:38:13.282, 0, 629.08 W, 39, 2032 MHz, 3996 MHz, 100 %, 54 %
2026/03/23 13:38:13.282, 1, 632.18 W, 42, 2032 MHz, 3996 MHz, 100 %, 54 %
2026/03/23 13:38:13.282, 2, 603.80 W, 39, 2032 MHz, 3996 MHz, 100 %, 54 %
2026/03/23 13:38:13.282, 3, 644.07 W, 44, 2032 MHz, 3996 MHz, 100 %, 54 %
2026/03/23 13:38:13.282, 4, 179.39 W, 25, 120 MHz, 3996 MHz, 0 %, 0 %
2026/03/23 13:38:13.282, 5, 180.58 W, 27, 120 MHz, 3996 MHz, 0 %, 0 %
2026/03/23 13:38:13.282, 6, 178.45 W, 26, 120 MHz, 3996 MHz, 0 %, 0 %
2026/03/23 13:38:13.282, 7, 176.58 W, 27, 120 MHz, 3996 MHz, 0 %, 0 %
2026/03/23 13:38:14.282, 0, 621.75 W, 39, 2032 MHz, 3996 MHz, 100 %, 35 %
2026/03/23 13:38:14.282, 1, 630.76 W, 42, 2032 MHz, 3996 MHz, 100 %, 54 %
2026/03/23 13:38:14.282, 2, 603.50 W, 38, 2032 MHz, 3996 MHz, 85 %, 46 %
2026/03/23 13:38:14.282, 3, 645.76 W, 43, 2032 MHz, 3996 MHz, 100 %, 53 %
2026/03/23 13:38:14.282, 4, 179.00 W, 25, 120 MHz, 3996 MHz, 0 %, 0 %
2026/03/23 13:38:14.282, 5, 180.58 W, 27, 120 MHz, 3996 MHz, 0 %, 0 %
2026/03/23 13:38:14.282, 6, 178.26 W, 26, 120 MHz, 3996 MHz, 0 %, 0 %
2026/03/23 13:38:14.282, 7, 176.58 W, 27, 120 MHz, 3996 MHz, 0 %, 0 %
2026/03/23 13:38:15.282, 0, 664.85 W, 39, 2032 MHz, 3996 MHz, 100 %, 54 %
2026/03/23 13:38:15.282, 1, 673.55 W, 42, 2032 MHz, 3996 MHz, 100 %, 54 %
2026/03/23 13:38:15.282, 2, 675.04 W, 39, 2032 MHz, 3996 MHz, 100 %, 54 %
2026/03/23 13:38:15.282, 3, 687.32 W, 44, 2032 MHz, 3996 MHz, 100 %, 54 %
2026/03/23 13:38:15.282, 4, 179.12 W, 25, 120 MHz, 3996 MHz, 0 %, 0 %
2026/03/23 13:38:15.282, 5, 180.58 W, 27, 120 MHz, 3996 MHz, 0 %, 0 %
2026/03/23 13:38:15.282, 6, 178.26 W, 26, 120 MHz, 3996 MHz, 0 %, 0 %
2026/03/23 13:38:15.282, 7, 176.58 W, 27, 120 MHz, 3996 MHz, 0 %, 0 %
2026/03/23 13:38:16.282, 0, 665.51 W, 39, 2032 MHz, 3996 MHz, 100 %, 54 %
2026/03/23 13:38:16.282, 1, 674.30 W, 42, 2032 MHz, 3996 MHz, 100 %, 54 %
2026/03/23 13:38:16.282, 2, 675.85 W, 39, 2032 MHz, 3996 MHz, 100 %, 54 %
2026/03/23 13:38:16.282, 3, 687.74 W, 44, 2032 MHz, 3996 MHz, 100 %, 54 %
2026/03/23 13:38:16.282, 4, 179.03 W, 25, 120 MHz, 3996 MHz, 0 %, 0 %
2026/03/23 13:38:16.282, 5, 180.58 W, 27, 120 MHz, 3996 MHz, 0 %, 0 %
2026/03/23 13:38:16.282, 6, 178.33 W, 26, 120 MHz, 3996 MHz, 0 %, 0 %
2026/03/23 13:38:16.282, 7, 176.58 W, 27, 120 MHz, 3996 MHz, 0 %, 0 %
2026/03/23 13:38:17.282, 0, 664.85 W, 39, 2032 MHz, 3996 MHz, 100 %, 53 %
2026/03/23 13:38:17.282, 1, 673.83 W, 42, 2032 MHz, 3996 MHz, 100 %, 54 %
2026/03/23 13:38:17.282, 2, 674.94 W, 39, 2032 MHz, 3996 MHz, 100 %, 54 %
2026/03/23 13:38:17.282, 3, 686.09 W, 44, 2032 MHz, 3996 MHz, 100 %, 54 %
2026/03/23 13:38:17.282, 4, 179.22 W, 25, 120 MHz, 3996 MHz, 0 %, 0 %
2026/03/23 13:38:17.282, 5, 180.58 W, 27, 120 MHz, 3996 MHz, 0 %, 0 %
2026/03/23 13:38:17.282, 6, 178.40 W, 26, 120 MHz, 3996 MHz, 0 %, 0 %
2026/03/23 13:38:17.282, 7, 176.58 W, 27, 120 MHz, 3996 MHz, 0 %, 0 %
2026/03/23 13:38:18.282, 0, 663.82 W, 39, 2032 MHz, 3996 MHz, 100 %, 54 %
2026/03/23 13:38:18.282, 1, 673.47 W, 43, 2032 MHz, 3996 MHz, 100 %, 54 %
2026/03/23 13:38:18.282, 2, 674.58 W, 39, 2032 MHz, 3996 MHz, 100 %, 54 %
2026/03/23 13:38:18.282, 3, 685.59 W, 44, 2032 MHz, 3996 MHz, 100 %, 54 %
2026/03/23 13:38:18.282, 4, 179.00 W, 25, 120 MHz, 3996 MHz, 0 %, 0 %
2026/03/23 13:38:18.282, 5, 180.58 W, 27, 120 MHz, 3996 MHz, 0 %, 0 %
2026/03/23 13:38:18.282, 6, 178.52 W, 26, 120 MHz, 3996 MHz, 0 %, 0 %
2026/03/23 13:38:18.282, 7, 176.58 W, 27, 120 MHz, 3996 MHz, 0 %, 0 %
2026/03/23 13:38:19.282, 0, 665.54 W, 39, 2032 MHz, 3996 MHz, 100 %, 54 %
2026/03/23 13:38:19.282, 1, 674.21 W, 43, 2032 MHz, 3996 MHz, 100 %, 54 %
2026/03/23 13:38:19.282, 2, 676.29 W, 39, 2032 MHz, 3996 MHz, 100 %, 54 %
2026/03/23 13:38:19.282, 3, 686.45 W, 44, 2032 MHz, 3996 MHz, 100 %, 54 %
2026/03/23 13:38:19.282, 4, 179.16 W, 25, 120 MHz, 3996 MHz, 0 %, 0 %
2026/03/23 13:38:19.282, 5, 180.58 W, 27, 120 MHz, 3996 MHz, 0 %, 0 %
2026/03/23 13:38:19.282, 6, 178.41 W, 26, 120 MHz, 3996 MHz, 0 %, 0 %
2026/03/23 13:38:19.282, 7, 176.58 W, 27, 120 MHz, 3996 MHz, 0 %, 0 %
2026/03/23 13:38:20.283, 0, 662.73 W, 39, 2032 MHz, 3996 MHz, 100 %, 53 %
2026/03/23 13:38:20.283, 1, 671.78 W, 42, 2032 MHz, 3996 MHz, 100 %, 53 %
2026/03/23 13:38:20.283, 2, 673.97 W, 39, 2032 MHz, 3996 MHz, 100 %, 53 %
2026/03/23 13:38:20.283, 3, 686.21 W, 44, 2032 MHz, 3996 MHz, 100 %, 53 %
2026/03/23 13:38:20.283, 4, 179.22 W, 25, 120 MHz, 3996 MHz, 0 %, 0 %
2026/03/23 13:38:20.283, 5, 180.58 W, 27, 120 MHz, 3996 MHz, 0 %, 0 %
2026/03/23 13:38:20.283, 6, 178.52 W, 26, 120 MHz, 3996 MHz, 0 %, 0 %
2026/03/23 13:38:20.283, 7, 176.58 W, 27, 120 MHz, 3996 MHz, 0 %, 0 %
2026/03/23 13:38:21.283, 0, 651.96 W, 39, 2032 MHz, 3996 MHz, 100 %, 53 %
2026/03/23 13:38:21.283, 1, 661.56 W, 42, 2032 MHz, 3996 MHz, 99 %, 43 %
2026/03/23 13:38:21.283, 2, 662.64 W, 39, 2032 MHz, 3996 MHz, 98 %, 51 %
2026/03/23 13:38:21.283, 3, 674.46 W, 43, 2032 MHz, 3996 MHz, 99 %, 49 %
2026/03/23 13:38:21.283, 4, 178.82 W, 25, 120 MHz, 3996 MHz, 0 %, 0 %
2026/03/23 13:38:21.283, 5, 180.58 W, 27, 120 MHz, 3996 MHz, 0 %, 0 %
2026/03/23 13:38:21.283, 6, 178.48 W, 26, 120 MHz, 3996 MHz, 0 %, 0 %
2026/03/23 13:38:21.283, 7, 176.58 W, 27, 120 MHz, 3996 MHz, 0 %, 0 %
2026/03/23 13:38:22.283, 0, 586.65 W, 38, 2032 MHz, 3996 MHz, 100 %, 43 %
2026/03/23 13:38:22.283, 1, 595.26 W, 42, 2032 MHz, 3996 MHz, 100 %, 43 %
2026/03/23 13:38:22.283, 2, 597.44 W, 38, 2032 MHz, 3996 MHz, 100 %, 43 %
2026/03/23 13:38:22.283, 3, 591.51 W, 42, 2032 MHz, 3996 MHz, 100 %, 43 %
2026/03/23 13:38:22.283, 4, 179.13 W, 25, 120 MHz, 3996 MHz, 0 %, 0 %
2026/03/23 13:38:22.283, 5, 180.58 W, 27, 120 MHz, 3996 MHz, 0 %, 0 %
2026/03/23 13:38:22.283, 6, 178.43 W, 26, 120 MHz, 3996 MHz, 0 %, 0 %
2026/03/23 13:38:22.283, 7, 176.58 W, 27, 120 MHz, 3996 MHz, 0 %, 0 %
2026/03/23 13:38:23.283, 0, 583.72 W, 38, 2032 MHz, 3996 MHz, 100 %, 43 %
2026/03/23 13:38:23.283, 1, 592.89 W, 41, 2032 MHz, 3996 MHz, 100 %, 43 %
2026/03/23 13:38:23.283, 2, 594.81 W, 38, 2032 MHz, 3996 MHz, 100 %, 43 %
2026/03/23 13:38:23.283, 3, 588.44 W, 42, 2032 MHz, 3996 MHz, 100 %, 43 %
2026/03/23 13:38:23.283, 4, 179.10 W, 25, 120 MHz, 3996 MHz, 0 %, 0 %
2026/03/23 13:38:23.283, 5, 180.58 W, 27, 120 MHz, 3996 MHz, 0 %, 0 %
2026/03/23 13:38:23.283, 6, 178.21 W, 26, 120 MHz, 3996 MHz, 0 %, 0 %
2026/03/23 13:38:23.283, 7, 176.58 W, 27, 120 MHz, 3996 MHz, 0 %, 0 %
2026/03/23 13:38:24.283, 0, 394.45 W, 35, 2032 MHz, 3996 MHz, 24 %, 0 %
2026/03/23 13:38:24.283, 1, 413.45 W, 38, 2032 MHz, 3996 MHz, 100 %, 10 %
2026/03/23 13:38:24.283, 2, 406.86 W, 34, 2032 MHz, 3996 MHz, 0 %, 0 %
2026/03/23 13:38:24.283, 3, 414.11 W, 39, 2032 MHz, 3996 MHz, 72 %, 0 %
2026/03/23 13:38:24.283, 4, 178.99 W, 25, 120 MHz, 3996 MHz, 0 %, 0 %
2026/03/23 13:38:24.283, 5, 180.58 W, 27, 120 MHz, 3996 MHz, 0 %, 0 %
2026/03/23 13:38:24.283, 6, 178.38 W, 26, 120 MHz, 3996 MHz, 0 %, 0 %
2026/03/23 13:38:24.283, 7, 176.58 W, 27, 120 MHz, 3996 MHz, 0 %, 0 %
